400,-1.9104,-5.4672,-144.24,-0.73015,0.69954,-7.6724,-7.4664,-8.3892,-3.3566,-0.1684,-0.31361,-1.0882,NaN,NaN,NaN,NaN,NaN,NaN,NaN,NaN,NaN,46.778,0,2675.3,0.0069644,NaN,NaN,NaN,NaN,13.235,96061,11.125,-0.80968,0.15014,-7.8211,-6.8239,-8.6164,-3.742,NaN,NaN,NaN,NaN,NaN
400,-1.9261,-5.4882,-144.24,-0.6375,0.076318,-8.1118,-7.0147,-8.3918,-3.9881,0,0,0,NaN,NaN,NaN,NaN,NaN,NaN,NaN,NaN,NaN,46.778,0,2675.3,0.0069644,0.75883,2.5894,0.62377,0.11404,NaN,-1,-1,-0.80885,0.16086,-7.8193,-6.8818,-8.59,-3.7536,NaN,NaN,NaN,NaN,NaN
400,-1.9423,-5.5088,-144.25,-0.76959,-0.36328,-7.2854,-7.2108,-8.2097,-4.1339,0,0,0,NaN,NaN,NaN,NaN,NaN,NaN,NaN,NaN,NaN,46.778,0,2675.3,0.0069644,NaN,NaN,NaN,NaN,13.235,96126,11.313,-0.80979,0.14728,-7.7961,-6.9392,-8.5287,-3.7569,NaN,NaN,NaN,NaN,NaN
400.01,-1.9582,-5.5322,-144.26,-1.0659,0.23303,-7.8189,-7.0572,-9.3457,-3.8057,0,0,0,NaN,NaN,NaN,NaN,NaN,NaN,NaN,NaN,NaN,46.778,0,2675.3,0.0069644,NaN,NaN,NaN,NaN,NaN,-1,-1,-0.80892,0.15692,-7.8042,-7.0042,-8.6019,-3.7516,NaN,NaN,NaN,NaN,NaN
400.01,-1.9739,-5.5539,-144.27,-0.91162,0.086036,-8.0293,-6.9314,-8.6878,-3.4538,-0.17084,-0.32089,-1.0907,NaN,NaN,NaN,NaN,NaN,NaN,NaN,NaN,NaN,46.778,0,2675.3,0.0069644,NaN,NaN,NaN,NaN,NaN,-1,-1,-0.81165,0.14957,-7.8013,-7.0452,-8.534,-3.7491,NaN,NaN,NaN,NaN,NaN
400.01,-1.9897,-5.5743,-144.27,-0.7749,-0.57848,-8.4236,-7.0006,-8.1318,-3.8175,0,0,0,NaN,NaN,NaN,NaN,NaN,NaN,NaN,NaN,NaN,46.778,0,2675.3,0.0069644,0.76923,NaN,NaN,NaN,13.207,96113,11.313,-0.81298,0.14426,-7.7954,-7.0738,-8.4731,-3.7523,NaN,NaN,NaN,NaN,NaN
400.01,-2.0204,-5.6191,-144.29,-0.60098,0.81379,-7.9359,-6.494,-9.6741,-3.9277,0,0,0,NaN,NaN,NaN,NaN,NaN,NaN,NaN,NaN,NaN,46.778,0,2675.3,0.0069644,NaN,2.5065,0.7114,0.036626,NaN,-1,-1,-0.8148,0.13991,-7.7965,-7.0948,-8.5528,-3.7534,NaN,NaN,NaN,NaN,NaN
400.02,-2.0366,-5.64,-144.3,-0.69066,-1.0794,-8.0217,-7.2605,-8.3533,-4.3856,-0.16835,-0.32105,-1.0927,NaN,NaN,NaN,NaN,NaN,NaN,NaN,NaN,NaN,46.778,0,2675.3,0.0069644,NaN,NaN,NaN,NaN,NaN,-1,-1,-0.81296,0.13891,-7.8041,-7.1062,-8.5817,-3.7521,NaN,NaN,NaN,NaN,NaN
400.02,-2.0677,-5.68,-144.31,-0.69259,0.91942,-7.7697,-6.9979,-7.7803,-3.5162,0,0,0,NaN,NaN,NaN,NaN,NaN,NaN,NaN,NaN,NaN,46.778,0,2675.3,0.0069644,NaN,NaN,NaN,NaN,13.267,96116,11.313,-0.81531,0.1374,-7.7885,-7.13,-8.4789,-3.7445,NaN,NaN,NaN,NaN,NaN
400.02,-2.0831,-5.7024,-144.32,-0.86016,-0.66746,-7.448,-6.8347,-8.9355,-3.4351,0,0,0,NaN,NaN,NaN,NaN,NaN,NaN,NaN,NaN,NaN,46.778,0,2675.3,0.0069644,NaN,NaN,NaN,NaN,NaN,-1,-1,-0.81787,0.13007,-7.7866,-7.1154,-8.5353,-3.7291,NaN,NaN,NaN,NaN,NaN
400.02,-2.1005,-5.7247,-144.33,-1.0711,0.57469,-8.9453,-7.6473,-8.9064,-3.6382,-0.16343,-0.31391,-1.0922,NaN,NaN,NaN,NaN,NaN,NaN,NaN,NaN,NaN,46.778,0,2675.3,0.0069644,0.76102,2.4826,0.72662,0.049112,13.208,96126,11.375,-0.81972,0.12715,-7.7881,-7.112,-8.5041,-3.7038,NaN,NaN,NaN,NaN,NaN
400.03,-2.1179,-5.7455,-144.33,-0.97522,0.99529,-7.5657,-7.6755,-8.3118,-3.7094,0,0,0,NaN,NaN,NaN,NaN,NaN,NaN,NaN,NaN,NaN,46.778,0,2675.3,0.0069644,NaN,NaN,NaN,NaN,NaN,-1,-1,-0.81449,0.12895,-7.776,-7.1173,-8.4854,-3.6965,NaN,NaN,NaN,NaN,NaN
400.03,-2.1346,-5.7643,-144.34,-0.47621,-0.59833,-7.4875,-7.3064,-7.5013,-3.224,0,0,0,NaN,NaN,NaN,NaN,NaN,NaN,NaN,NaN,NaN,46.778,0,2675.3,0.0069644,NaN,NaN,NaN,NaN,NaN,-1,-1,-0.81948,0.13384,-7.7675,-7.0877,-8.5133,-3.6929,NaN,NaN,NaN,NaN,NaN
400.03,-2.1514,-5.7879,-144.35,-1.0652,-0.36396,-6.6807,-7.4157,-9.4377,-3.6664,0,0,0,NaN,NaN,NaN,NaN,NaN,NaN,NaN,NaN,NaN,46.778,0,2675.3,0.0069644,NaN,NaN,NaN,NaN,12.993,96127,11.375,-0.82007,0.12418,-7.7795,-7.0543,-8.4677,-3.6842,NaN,NaN,NaN,NaN,NaN
400.03,-2.1673,-5.8119,-144.35,-1.0831,0.60514,-8.4191,-7.0871,-9.5868,-3.6456,-0.16067,-0.30446,-1.0942,NaN,NaN,NaN,NaN,NaN,NaN,NaN,NaN,NaN,46.778,0,2675.3,0.0069644,NaN,NaN,NaN,NaN,NaN,-1,-1,-0.81759,0.12627,-7.7765,-7.0152,-8.4961,-3.6679,NaN,NaN,NaN,NaN,NaN
400.04,-2.1832,-5.8308,-144.36,-0.65503,-0.43351,-8.9461,-7.0617,-7.5637,-3.5029,0,0,0,NaN,NaN,NaN,NaN,NaN,NaN,NaN,NaN,NaN,46.778,0,2675.3,0.0069644,NaN,NaN,NaN,NaN,NaN,-1,-1,-0.81781,0.11987,-7.7659,-6.9833,-8.5305,-3.6391,NaN,NaN,NaN,NaN,NaN
400.04,-2.1988,-5.8488,-144.37,-0.83284,-0.24759,-6.5318,-6.9448,-7.1512,-3.6978,0,0,0,NaN,NaN,NaN,NaN,NaN,NaN,NaN,NaN,NaN,46.778,0,2675.3,0.0069644,0.77471,2.6079,0.65116,0.06909,13.536,96124,11.313,-0.81783,0.1122,-7.7674,-6.9415,-8.4883,-3.6154,NaN,NaN,NaN,NaN,NaN
400.04,-2.2141,-5.8721,-144.38,-0.99356,1.6514,-7.9047,-6.7944,-9.2987,-3.6693,0,0,0,NaN,NaN,NaN,NaN,NaN,NaN,NaN,NaN,NaN,46.778,0,2675.3,0.0069644,NaN,NaN,NaN,NaN,NaN,-1,-1,-0.82425,0.11228,-7.7758,-6.8888,-8.4413,-3.6013,NaN,NaN,NaN,NaN,NaN
400.04,-2.2278,-5.8957,-144.38,-0.88017,-0.015475,-7.9795,-6.1749,-9.4195,-3.7376,-0.16122,-0.31874,-1.092,NaN,NaN,NaN,NaN,NaN,NaN,NaN,NaN,NaN,46.778,0,2675.3,0.0069644,NaN,NaN,NaN,NaN,12.994,96142,11.438,-0.82228,0.11313,-7.7702,-6.8209,-8.49,-3.5891,NaN,NaN,NaN,NaN,NaN
400.05,-2.2426,-5.9126,-144.39,-0.59914,-0.69039,-8.2233,-6.6793,-6.7473,-3.9168,0,0,0,NaN,NaN,NaN,NaN,NaN,NaN,NaN,NaN,NaN,46.778,0,2675.3,0.0069644,NaN,NaN,NaN,NaN,NaN,-1,-1,-0.82144,0.10637,-7.7541,-6.764,-8.4808,-3.5793,NaN,NaN,NaN,NaN,NaN
400.05,-2.2579,-5.9344,-144.4,-0.53813,-0.41078,-6.7265,-6.8209,-8.6883,-3.7282,0,0,0,NaN,NaN,NaN,NaN,NaN,NaN,NaN,NaN,NaN,46.778,0,2675.3,0.0069644,0.82125,2.5041,0.70714,0.016648,NaN,-1,-1,-0.82601,0.098874,-7.752,-6.7066,-8.456,-3.5636,NaN,NaN,NaN,NaN,NaN
400.05,-2.2725,-5.9573,-144.4,-0.80119,0.81385,-8.3733,-6.5328,-9.1523,-3.5091,0,0,0,NaN,NaN,NaN,NaN,NaN,NaN,NaN,NaN,NaN,46.778,0,2675.3,0.0069644,NaN,NaN,NaN,NaN,13.509,96131,11.375,-0.82971,0.10111,-7.7672,-6.644,-8.4401,-3.5332,NaN,NaN,NaN,NaN,NaN
400.05,-2.2866,-5.9752,-144.41,-1.0506,-0.41585,-7.7838,-6.3208,-7.1483,-3.2959,-0.15603,-0.30693,-1.0938,NaN,NaN,NaN,NaN,NaN,NaN,NaN,NaN,NaN,46.778,0,2675.3,0.0069644,NaN,NaN,NaN,NaN,NaN,-1,-1,-0.82576,0.084113,-7.7561,-6.5902,-8.4092,-3.5299,NaN,NaN,NaN,NaN,NaN
400.06,-2.3022,-5.9955,-144.42,-0.91508,0.65305,-7.6323,-6.9317,-8.1224,-3.3446,0,0,0,NaN,NaN,NaN,NaN,NaN,NaN,NaN,NaN,NaN,46.778,0,2675.3,0.0069644,NaN,NaN,NaN,NaN,NaN,-1,-1,-0.83007,0.095501,-7.746,-6.5277,-8.3795,-3.5052,NaN,NaN,NaN,NaN,NaN
400.06,-2.3176,-6.0195,-144.42,-0.92649,0.53535,-7.903,-6.823,-9.5569,-3.4882,0,0,0,NaN,NaN,NaN,NaN,NaN,NaN,NaN,NaN,NaN,46.778,0,2675.3,0.0069644,NaN,NaN,NaN,NaN,13.143,96091,11.188,-0.83281,0.099133,-7.7486,-6.4496,-8.3632,-3.4956,NaN,NaN,NaN,NaN,NaN
400.06,-2.3313,-6.0375,-144.43,-0.55211,-0.35428,-8.5841,-6.2046,-7.1963,-3.6174,0,0,0,NaN,NaN,NaN,NaN,NaN,NaN,NaN,NaN,NaN,46.778,0,2675.3,0.0069644,0.77252,2.4761,0.7114,0.054939,13.266,96143,11.375,-0.82765,0.091942,-7.753,-6.3855,-8.3327,-3.4833,NaN,NaN,NaN,NaN,NaN
400.06,-2.3594,-6.0819,-144.44,-1.1107,-0.11873,-7.3709,-6.143,-10.363,-3.1944,0,0,0,NaN,NaN,NaN,NaN,NaN,NaN,NaN,NaN,NaN,46.778,0,2675.3,0.0069644,0.77252,2.4761,0.7114,0.054939,NaN,-1,-1,-0.82634,0.08467,-7.7408,-6.3274,-8.3363,-3.4533,NaN,NaN,NaN,NaN,NaN
400.07,-2.3739,-6.1042,-144.45,-0.85875,0.001901,-9.4914,-6.4439,-8.9174,-3.1673,0,0,0,NaN,NaN,NaN,NaN,NaN,NaN,NaN,NaN,NaN,46.778,0,2675.3,0.0069644,NaN,NaN,NaN,NaN,NaN,-1,-1,-0.82687,0.090824,-7.746,-6.2522,-8.3177,-3.4196,NaN,NaN,NaN,NaN,NaN
400.07,-2.3877,-6.1201,-144.46,-0.80162,-0.16129,-7.777,-6.2313,-6.3253,-3.3413,0,0,0,NaN,NaN,NaN,NaN,NaN,NaN,NaN,NaN,NaN,46.778,0,2675.3,0.0069644,NaN,NaN,NaN,NaN,NaN,-1,-1,-0.82528,0.073581,-7.7443,-6.1941,-8.2698,-3.3944,NaN,NaN,NaN,NaN,NaN
400.07,-2.4007,-6.1405,-144.46,-0.79697,1.2579,-6.5218,-5.8947,-8.1554,-3.4648,-0.16982,-0.29966,-1.0972,NaN,NaN,NaN,NaN,NaN,NaN,NaN,NaN,NaN,46.778,0,2675.3,0.0069644,NaN,NaN,NaN,NaN,13.177,96152,11.438,-0.83049,0.072837,-7.7423,-6.137,-8.2914,-3.378,NaN,NaN,NaN,NaN,NaN
400.07,-2.4129,-6.1663,-144.47,-0.92763,0.039929,-8.1325,-5.5745,-10.298,-3.6629,0,0,0,NaN,NaN,NaN,NaN,NaN,NaN,NaN,NaN,NaN,46.778,0,2675.3,0.0069644,NaN,NaN,NaN,NaN,NaN,-1,-1,-0.83293,0.088082,-7.7436,-6.0855,-8.3134,-3.3774,NaN,NaN,NaN,NaN,NaN
400.08,-2.4256,-6.1854,-144.48,-0.71818,-0.59095,-8.6099,-5.7802,-7.6149,-3.4416,0,0,0,NaN,NaN,NaN,NaN,NaN,NaN,NaN,NaN,NaN,46.778,0,2675.3,0.0069644,NaN,2.6026,0.63655,0.10655,NaN,-1,-1,-0.83416,0.085275,-7.7528,-6.0346,-8.2539,-3.3368,NaN,NaN,NaN,NaN,NaN
400.08,-2.4382,-6.2051,-144.48,-0.6481,-0.19418,-7.1151,-5.7601,-7.8619,-3.7481,0,0,0,NaN,NaN,NaN,NaN,NaN,NaN,NaN,NaN,NaN,46.778,0,2675.3,0.0069644,NaN,NaN,NaN,NaN,13.206,96142,11.375,-0.83243,0.074984,-7.7493,-5.9667,-8.2398,-3.3053,NaN,NaN,NaN,NaN,NaN
400.08,-2.4512,-6.2266,-144.49,-0.6237,0.22531,-7.3385,-5.8631,-8.5754,-3.0852,-0.15798,-0.30234,-1.0984,NaN,NaN,NaN,NaN,NaN,NaN,NaN,NaN,NaN,46.778,0,2675.3,0.0069644,NaN,NaN,NaN,NaN,13.328,96156,11.438,-0.83299,0.070098,-7.7402,-5.93,-8.2615,-3.2752,NaN,NaN,NaN,NaN,NaN
400.08,-2.4647,-6.2476,-144.49,-0.88255,-0.14786,-7.9753,-6.0623,-8.3901,-3.0178,0,0,0,NaN,NaN,NaN,NaN,NaN,NaN,NaN,NaN,NaN,46.778,0,2675.3,0.0069644,NaN,NaN,NaN,NaN,NaN,-1,-1,-0.83428,0.070938,-7.7486,-5.8981,-8.2414,-3.2483,NaN,NaN,NaN,NaN,NaN
400.09,-2.4785,-6.2682,-144.5,-1.3699,0.91562,-8.8442,-6.1964,-8.2134,-3.3192,0,0,0,NaN,NaN,NaN,NaN,NaN,NaN,NaN,NaN,NaN,46.778,0,2675.3,0.0069644,NaN,NaN,NaN,NaN,NaN,-1,-1,-0.83534,0.078319,-7.7437,-5.8744,-8.1703,-3.21,NaN,NaN,NaN,NaN,NaN
400.09,-2.492,-6.2877,-144.51,-0.6152,0.1775,-7.4777,-6.0384,-7.8117,-3.1117,0,0,0,NaN,NaN,NaN,NaN,NaN,NaN,NaN,NaN,NaN,46.778,0,2675.3,0.0069644,NaN,NaN,NaN,NaN,NaN,-1,-1,-0.83319,0.083626,-7.7526,-5.8301,-8.2257,-3.196,NaN,NaN,NaN,NaN,NaN
400.09,-2.5051,-6.3073,-144.51,-0.53676,-0.37872,-7.2437,-5.9442,-7.8307,-3.2157,-0.16269,-0.30227,-1.0988,NaN,NaN,NaN,NaN,NaN,NaN,NaN,NaN,NaN,46.778,0,2675.3,0.0069644,NaN,NaN,NaN,NaN,13.387,96124,11.313,-0.83222,0.077906,-7.744,-5.7812,-8.2429,-3.1665,NaN,NaN,NaN,NaN,NaN
400.09,-2.5177,-6.3293,-144.52,-1.1388,-0.04703,-7.3008,-5.6996,-8.7716,-3.365,0,0,0,NaN,NaN,NaN,NaN,NaN,NaN,NaN,NaN,NaN,46.778,0,2675.3,0.0069644,NaN,NaN,NaN,NaN,NaN,-1,-1,-0.83083,0.065157,-7.7518,-5.7437,-8.2082,-3.1342,NaN,NaN,NaN,NaN,NaN
400.1,-2.5431,-6.3715,-144.53,-0.53433,-0.032513,-8.4769,-5.9007,-7.8122,-3.0583,0,0,0,NaN,NaN,NaN,NaN,NaN,NaN,NaN,NaN,NaN,46.778,0,2675.3,0.0069644,NaN,NaN,NaN,NaN,NaN,-1,-1,-0.82829,0.073885,-7.7384,-5.7169,-8.1622,-3.1084,NaN,NaN,NaN,NaN,NaN
400.1,-2.5553,-6.3911,-144.53,-0.87582,0.25005,-7.6029,-5.5107,-7.8445,-3.0934,-0.15577,-0.30717,-1.0982,NaN,NaN,NaN,NaN,NaN,NaN,NaN,NaN,NaN,46.778,0,2675.3,0.0069644,NaN,NaN,NaN,NaN,13.294,96097,11.188,-0.82642,0.07481,-7.7324,-5.6878,-8.1619,-3.0866,NaN,NaN,NaN,NaN,NaN
400.1,-2.567,-6.4111,-144.54,-1.1723,1.0733,-7.6349,-5.338,-7.978,-3.1033,0,0,0,NaN,NaN,NaN,NaN,NaN,NaN,NaN,NaN,NaN,46.817,0,2666.7,0.0075089,0.78183,2.6008,0.64325,0.085738,13.268,96131,11.375,-0.82968,0.083648,-7.7321,-5.7991,-8.4352,-3.1484,NaN,NaN,NaN,NaN,NaN
400.1,-2.5891,-6.4542,-144.55,-0.7888,-1.3183,-8.403,-5.2091,-8.0761,-3.1905,0,0,0,NaN,NaN,NaN,NaN,NaN,NaN,NaN,NaN,NaN,46.817,0,2666.7,0.0075089,NaN,NaN,NaN,NaN,NaN,-1,-1,-0.83113,0.086296,-7.7444,-5.7327,-8.3333,-3.1173,NaN,NaN,NaN,NaN,NaN
400.11,-2.6011,-6.4742,-144.56,-0.75984,0.17281,-7.5745,-5.5078,-8.01,-3.1477,-0.15562,-0.29745,-1.096,NaN,NaN,NaN,NaN,NaN,NaN,NaN,NaN,NaN,46.817,0,2666.7,0.0075089,NaN,NaN,NaN,NaN,NaN,-1,-1,-0.8272,0.073636,-7.7347,-5.6677,-8.3071,-3.0857,NaN,NaN,NaN,NaN,NaN
400.11,-2.6127,-6.4952,-144.56,-0.62157,0.3848,-7.7144,-5.2249,-8.4075,-2.6604,0,0,0,NaN,NaN,NaN,NaN,NaN,NaN,NaN,NaN,NaN,46.817,0,2666.7,0.0075089,NaN,NaN,NaN,NaN,NaN,-1,-1,-0.83047,0.06887,-7.7272,-5.6064,-8.2356,-3.0429,NaN,NaN,NaN,NaN,NaN
400.11,-2.626,-6.5161,-144.57,-0.91876,-0.2106,-7.3733,-5.952,-8.3332,-2.6271,0,0,0,NaN,NaN,NaN,NaN,NaN,NaN,NaN,NaN,NaN,46.817,0,2666.7,0.0075089,NaN,NaN,NaN,NaN,13.386,96108,11.25,-0.83111,0.075895,-7.7311,-5.5447,-8.1676,-2.9952,NaN,NaN,NaN,NaN,NaN
400.11,-2.6396,-6.5357,-144.57,-1.1144,0.68122,-8.7997,-6.0484,-7.8809,-2.6762,0,0,0,NaN,NaN,NaN,NaN,NaN,NaN,NaN,NaN,NaN,46.817,0,2666.7,0.0075089,0.74569,2.5936,0.62742,0.10821,NaN,-1,-1,-0.83244,0.077034,-7.743,-5.5041,-8.0874,-2.964,NaN,NaN,NaN,NaN,NaN
400.12,-2.6527,-6.5558,-144.58,-0.89717,0.89317,-7.6735,-5.882,-8.0126,-2.8978,-0.15804,-0.29982,-1.0962,-6.7745,-13.832,-1.2018,15.448,40.06,-88.548,3.6796e+05,4.4355e+06,394.26,46.817,0,2666.7,0.0075089,NaN,NaN,NaN,NaN,NaN,-1,-1,-0.82994,0.081363,-7.7288,-5.4933,-8.055,-2.9341,15.236,-2.4688,-0.65618,-2.4661,-9.1958
400.12,-2.665,-6.5763,-144.58,-0.49166,-0.79059,-7.5185,-5.5742,-8.1664,-3.1326,0,0,0,NaN,NaN,NaN,NaN,NaN,NaN,NaN,NaN,NaN,46.817,0,2666.7,0.0075089,NaN,NaN,NaN,NaN,13.328,96137,11.375,-0.83113,0.092471,-7.7359,-5.4355,-7.9962,-2.9131,NaN,NaN,NaN,NaN,NaN
400.12,-2.6783,-6.597,-144.59,-0.94772,-0.53306,-7.285,-5.9722,-8.2989,-2.8582,0,0,0,NaN,NaN,NaN,NaN,NaN,NaN,NaN,NaN,NaN,46.817,0,2666.7,0.0075089,NaN,NaN,NaN,NaN,NaN,-1,-1,-0.83254,0.09315,-7.7247,-5.3852,-8.0208,-2.8778,NaN,NaN,NaN,NaN,NaN
400.12,-2.6906,-6.6187,-144.59,-1.2277,0.70768,-7.6541,-5.5441,-8.6733,-2.9161,0,0,0,NaN,NaN,NaN,NaN,NaN,NaN,NaN,NaN,NaN,46.817,0,2666.7,0.0075089,NaN,NaN,NaN,NaN,13.537,96120,11.313,-0.82143,0.086888,-7.6488,-5.3491,-8.0411,-2.8301,NaN,NaN,NaN,NaN,NaN
400.13,-2.7011,-6.6394,-144.6,-0.86104,-0.11227,-9.0435,-4.8687,-8.2988,-2.7623,-0.15126,-0.30951,-1.0956,NaN,NaN,NaN,NaN,NaN,NaN,NaN,NaN,NaN,46.817,0,2666.7,0.0075089,0.75938,2.5942,0.62681,0.10738,NaN,-1,-1,-0.82243,0.07417,-7.669,-5.3151,-7.8612,-2.799,NaN,NaN,NaN,NaN,NaN
400.13,-2.7129,-6.6569,-144.6,-0.74023,-0.1727,-7.2305,-5.3508,-6.9758,-2.8098,0,0,0,NaN,NaN,NaN,NaN,NaN,NaN,NaN,NaN,NaN,46.817,0,2666.7,0.0075089,NaN,NaN,NaN,NaN,NaN,-1,-1,-0.82138,0.079502,-7.6648,-5.2819,-7.7839,-2.7793,NaN,NaN,NaN,NaN,NaN
400.13,-2.7238,-6.6787,-144.61,-1.018,1.4555,-7.6051,-5.045,-8.6907,-3.2145,0,0,0,NaN,NaN,NaN,NaN,NaN,NaN,NaN,NaN,NaN,46.817,0,2666.7,0.0075089,NaN,NaN,NaN,NaN,13.299,96125,11.375,-0.81891,0.078085,-7.6035,-5.2488,-7.8453,-2.7607,NaN,NaN,NaN,NaN,NaN
400.13,-2.7356,-6.7001,-144.61,-0.82845,-0.13994,-8.2143,-5.338,-8.5768,-2.8477,0,0,0,NaN,NaN,NaN,NaN,NaN,NaN,NaN,NaN,NaN,46.817,0,2666.7,0.0075089,NaN,NaN,NaN,NaN,NaN,-1,-1,-0.81824,0.086713,-7.6112,-5.2127,-7.8162,-2.7469,NaN,NaN,NaN,NaN,NaN
400.14,-2.7471,-6.7191,-144.62,-0.53468,-1.0239,-7.6325,-5.277,-7.5745,-2.9826,-0.14613,-0.29518,-1.0951,NaN,NaN,NaN,NaN,NaN,NaN,NaN,NaN,NaN,46.817,0,2666.7,0.0075089,NaN,NaN,NaN,NaN,NaN,-1,-1,-0.81842,0.080661,-7.6311,-5.1922,-7.7254,-2.7416,NaN,NaN,NaN,NaN,NaN
400.14,-2.7588,-6.7397,-144.62,-0.70873,0.30895,-7.2898,-5.3389,-8.2267,-2.9902,0,0,0,NaN,NaN,NaN,NaN,NaN,NaN,NaN,NaN,NaN,46.817,0,2666.7,0.0075089,0.75774,NaN,NaN,NaN,13.142,96115,11.25,-0.82185,0.073998,-7.6398,-5.1697,-7.7391,-2.7116,NaN,NaN,NaN,NaN,NaN
400.14,-2.7694,-6.7621,-144.63,-0.81973,0.24515,-8.6434,-4.835,-8.9332,-2.8164,0,0,0,NaN,NaN,NaN,NaN,NaN,NaN,NaN,NaN,NaN,46.817,0,2666.7,0.0075089,NaN,2.6032,0.62803,0.082409,NaN,-1,-1,-0.82769,0.082714,-7.6496,-5.1658,-7.7324,-2.682,NaN,NaN,NaN,NaN,NaN
400.14,-2.7821,-6.7797,-144.63,-0.87748,0.023064,-7.5166,-5.7087,-7.068,-2.4421,0,0,0,NaN,NaN,NaN,NaN,NaN,NaN,NaN,NaN,NaN,46.817,0,2666.7,0.0075089,NaN,NaN,NaN,NaN,13.237,96155,11.438,-0.82318,0.087774,-7.6659,-5.1609,-7.6808,-2.6592,NaN,NaN,NaN,NaN,NaN
400.15,-2.7949,-6.8011,-144.64,-1.0201,0.82581,-8.0062,-5.763,-8.5441,-2.8608,-0.14411,-0.30229,-1.0927,NaN,NaN,NaN,NaN,NaN,NaN,NaN,NaN,NaN,46.817,0,2666.7,0.0075089,NaN,NaN,NaN,NaN,NaN,-1,-1,-0.82564,0.093665,-7.6613,-5.1761,-7.6698,-2.637,NaN,NaN,NaN,NaN,NaN
400.15,-2.8073,-6.8216,-144.64,-0.85142,0.40352,-7.9649,-5.6038,-8.188,-2.8079,0,0,0,NaN,NaN,NaN,NaN,NaN,NaN,NaN,NaN,NaN,46.817,0,2666.7,0.0075089,NaN,NaN,NaN,NaN,NaN,-1,-1,-0.82995,0.10737,-7.6691,-5.1475,-7.599,-2.6191,NaN,NaN,NaN,NaN,NaN
400.15,-2.819,-6.8413,-144.65,-0.70804,-0.80279,-7.4289,-5.3217,-7.8773,-2.8178,0,0,0,NaN,NaN,NaN,NaN,NaN,NaN,NaN,NaN,NaN,46.817,0,2666.7,0.0075089,0.76814,2.6014,0.63533,0.092398,13.384,96098,11.188,-0.82764,0.094443,-7.6862,-5.1502,-7.6494,-2.609,NaN,NaN,NaN,NaN,NaN
400.15,-2.8308,-6.8629,-144.65,-0.89954,0.003801,-7.1583,-5.3533,-8.6601,-2.6998,0,0,0,NaN,NaN,NaN,NaN,NaN,NaN,NaN,NaN,NaN,46.817,0,2666.7,0.0075089,NaN,NaN,NaN,NaN,NaN,-1,-1,-0.82709,0.078488,-7.6894,-5.1577,-7.6739,-2.5888,NaN,NaN,NaN,NaN,NaN
400.16,0,0,0,0,0,0,0,0,0,0,0,0,NaN,NaN,NaN,NaN,NaN,NaN,NaN,NaN,NaN,46.817,0,2666.7,0.0075089,NaN,NaN,NaN,NaN,NaN,-1,-1,-0.82804,0.0868,-7.6912,-5.1623,-7.6336,-2.586,NaN,NaN,NaN,NaN,NaN
400.16,-2.8553,-6.9048,-144.66,-0.93837,-0.072081,-8.8785,-5.3033,-7.6123,-2.7525,0,0,0,NaN,NaN,NaN,NaN,NaN,NaN,NaN,NaN,NaN,46.817,0,2666.7,0.0075089,NaN,NaN,NaN,NaN,13.296,96143,11.375,-0.83354,0.082744,-7.6941,-5.1447,-7.6664,-2.576,NaN,NaN,NaN,NaN,NaN
400.16,-2.8677,-6.9225,-144.66,-0.69604,0.26576,-7.669,-5.6063,-7.0649,-2.686,0,0,0,NaN,NaN,NaN,NaN,NaN,NaN,NaN,NaN,NaN,46.817,0,2666.7,0.0075089,NaN,NaN,NaN,NaN,NaN,-1,-1,-0.83543,0.091376,-7.7016,-5.1314,-7.6543,-2.575,NaN,NaN,NaN,NaN,NaN
400.16,-2.8797,-6.9453,-144.67,-0.95599,1.2331,-7.0685,-5.4184,-9.1052,-2.8893,0,0,0,NaN,NaN,NaN,NaN,NaN,NaN,NaN,NaN,NaN,46.817,0,2666.7,0.0075089,NaN,NaN,NaN,NaN,13.208,96150,11.438,-0.83335,0.081237,-7.6925,-5.1352,-7.6203,-2.5753,NaN,NaN,NaN,NaN,NaN
400.17,-2.9015,-6.9834,-144.68,-0.69368,-0.76543,-7.6769,-5.3566,-7.0429,-2.8903,0,0,0,NaN,NaN,NaN,NaN,NaN,NaN,NaN,NaN,NaN,46.817,0,2666.7,0.0075089,0.78018,2.6187,0.65542,0.070755,NaN,-1,-1,-0.84038,0.084966,-7.6908,-5.1254,-7.6164,-2.5365,NaN,NaN,NaN,NaN,NaN
400.17,-2.9139,-7.004,-144.68,-0.62591,0.28237,-7.2655,-5.5459,-8.2209,-2.4536,0,0,0,NaN,NaN,NaN,NaN,NaN,NaN,NaN,NaN,NaN,46.817,0,2666.7,0.0075089,NaN,NaN,NaN,NaN,NaN,-1,-1,-0.84181,0.093414,-7.7067,-5.1387,-7.6197,-2.5139,NaN,NaN,NaN,NaN,NaN
400.17,-2.9243,-7.0252,-144.69,-0.90326,0.20538,-8.6934,-4.7553,-8.4967,-2.5565,0,0,0,NaN,NaN,NaN,NaN,NaN,NaN,NaN,NaN,NaN,46.817,0,2666.7,0.0075089,NaN,NaN,NaN,NaN,13.322,96132,11.25,-0.83545,0.088877,-7.706,-5.1641,-7.6653,-2.4989,NaN,NaN,NaN,NaN,NaN
400.17,-2.962,-7.0466,-144.67,-0.95259,-0.10229,-7.5871,-5.7083,-6.9543,-2.4575,-0.13638,-0.29315,-1.0987,NaN,NaN,NaN,NaN,NaN,NaN,NaN,NaN,NaN,46.817,0,2666.7,0.0075089,NaN,NaN,NaN,NaN,NaN,-1,-1,-0.83502,0.098817,-7.687,-5.2009,-7.67,-2.4927,NaN,NaN,NaN,NaN,NaN
400.18,-2.9876,-7.0884,-144.68,-0.91809,0.407,-8.3284,-5.614,-7.6619,-2.4709,0,0,0,NaN,NaN,NaN,NaN,NaN,NaN,NaN,NaN,NaN,46.817,0,2666.7,0.0075089,0.76157,2.5984,0.64142,0.085738,NaN,-1,-1,-0.83791,0.11015,-7.6902,-5.1985,-7.6551,-2.4908,NaN,NaN,NaN,NaN,NaN
400.18,-3.0003,-7.1048,-144.69,-0.58207,-0.69324,-7.1746,-5.7188,-6.5516,-2.8218,0,0,0,NaN,NaN,NaN,NaN,NaN,NaN,NaN,NaN,NaN,46.817,0,2666.7,0.0075089,NaN,NaN,NaN,NaN,13.295,96113,11.25,-0.84401,0.10913,-7.7666,-5.228,-7.6706,-2.4785,NaN,NaN,NaN,NaN,NaN
400.18,-3.013,-7.1297,-144.69,-1.0388,-0.27334,-7.213,-5.6896,-9.9703,-2.5317,-0.13872,-0.2882,-1.0967,NaN,NaN,NaN,NaN,NaN,NaN,NaN,NaN,NaN,46.817,0,2666.7,0.0075089,NaN,NaN,NaN,NaN,NaN,-1,-1,-0.84022,0.089486,-7.7638,-5.2545,-7.7777,-2.4685,NaN,NaN,NaN,NaN,NaN
400.18,-3.0253,-7.1519,-144.69,-0.96774,0.50902,-8.2864,-5.501,-8.916,-2.3331,0,0,0,NaN,NaN,NaN,NaN,NaN,NaN,NaN,NaN,NaN,46.817,0,2666.7,0.0075089,NaN,NaN,NaN,NaN,13.327,96120,11.313,-0.84161,0.10262,-7.7781,-5.2483,-7.8182,-2.4552,NaN,NaN,NaN,NaN,NaN
400.19,-3.0368,-7.17,-144.7,-0.80558,-0.60651,-8.804,-5.2316,-7.2257,-2.5665,0,0,0,NaN,NaN,NaN,NaN,NaN,NaN,NaN,NaN,NaN,46.817,0,2666.7,0.0075089,NaN,NaN,NaN,NaN,NaN,-1,-1,-0.84444,0.10766,-7.7939,-5.272,-7.7196,-2.4476,NaN,NaN,NaN,NaN,NaN
400.19,-3.0493,-7.1884,-144.7,-0.77584,0.47731,-6.9692,-5.5744,-7.3464,-2.2769,0,0,0,NaN,NaN,NaN,NaN,NaN,NaN,NaN,NaN,NaN,46.817,0,2666.7,0.0075089,NaN,NaN,NaN,NaN,NaN,-1,-1,-0.84244,0.11016,-7.7971,-5.2906,-7.7931,-2.4528,NaN,NaN,NaN,NaN,NaN
400.19,-3.0607,-7.2122,-144.7,-1.0696,1.0873,-8.1,-5.1496,-9.5274,-2.404,-0.1337,-0.29594,-1.1051,NaN,NaN,NaN,NaN,NaN,NaN,NaN,NaN,NaN,46.817,0,2666.7,0.0075089,0.7758,2.4803,0.7114,0.054939,13.325,96109,11.25,-0.84822,0.11171,-7.8052,-5.3173,-7.9023,-2.4489,NaN,NaN,NaN,NaN,NaN
400.19,-3.0726,-7.2304,-144.71,-0.71,-0.065637,-8.0918,-5.3715,-7.2952,-2.5542,0,0,0,NaN,NaN,NaN,NaN,NaN,NaN,NaN,NaN,NaN,46.817,0,2666.7,0.0075089,NaN,NaN,NaN,NaN,NaN,-1,-1,-0.84563,0.11584,-7.8145,-5.3163,-7.8885,-2.4699,NaN,NaN,NaN,NaN,NaN
400.2,-3.0838,-7.2498,-144.71,-0.63029,-0.9117,-7.3843,-5.1023,-7.7675,-2.4915,0,0,0,NaN,NaN,NaN,NaN,NaN,NaN,NaN,NaN,NaN,46.817,0,2666.7,0.0075089,NaN,NaN,NaN,NaN,NaN,-1,-1,-0.84536,0.10856,-7.811,-5.3468,-7.9044,-2.4845,NaN,NaN,NaN,NaN,NaN
400.2,-3.0958,-7.2727,-144.72,-0.75261,0.28237,-7.6765,-5.4067,-9.1581,-2.641,0,0,0,NaN,NaN,NaN,NaN,NaN,NaN,NaN,NaN,NaN,46.817,0,2666.7,0.0075089,NaN,NaN,NaN,NaN,13.415,96111,11.25,-0.84752,0.10971,-7.8136,-5.337,-7.9949,-2.4796,NaN,NaN,NaN,NaN,NaN
400.2,-3.1061,-7.2919,-144.72,-0.99113,-0.04799,-8.5531,-4.7542,-7.6849,-2.4896,-0.13658,-0.29543,-1.0965,NaN,NaN,NaN,NaN,NaN,NaN,NaN,NaN,NaN,46.817,0,2666.7,0.0075089,NaN,NaN,NaN,NaN,NaN,-1,-1,-0.84525,0.11843,-7.8332,-5.358,-7.9755,-2.473,NaN,NaN,NaN,NaN,NaN
400.2,-3.1336,-7.3342,-144.73,-1.1029,0.94335,-8.6467,-6.1394,-9.6443,-2.5144,0,0,0,NaN,NaN,NaN,NaN,NaN,NaN,NaN,NaN,NaN,46.817,0,2666.7,0.0075089,0.83274,NaN,NaN,NaN,13.474,96120,11.25,-0.84342,0.1203,-7.8241,-5.4069,-8.092,-2.4842,NaN,NaN,NaN,NaN,NaN
400.21,-3.1449,-7.3521,-144.73,-0.95408,0.39267,-8.3486,-5.1341,-7.1459,-2.5233,0,0,0,NaN,NaN,NaN,NaN,NaN,NaN,NaN,NaN,NaN,46.817,0,2666.7,0.0075089,NaN,2.5041,0.70714,0.010821,NaN,-1,-1,-0.84516,0.12017,-7.836,-5.4161,-8.2142,-2.4971,NaN,NaN,NaN,NaN,NaN
400.21,-3.1565,-7.3692,-144.74,-0.41803,-0.80075,-6.7697,-5.2702,-6.8499,-2.6047,-0.12904,-0.28857,-1.1002,NaN,NaN,NaN,NaN,NaN,NaN,NaN,NaN,NaN,46.817,0,2666.7,0.0075089,NaN,NaN,NaN,NaN,NaN,-1,-1,-0.84606,0.12036,-7.8422,-5.4097,-8.2338,-2.5096,NaN,NaN,NaN,NaN,NaN
400.21,-3.1801,-7.4152,-144.74,-1.1148,0.56661,-8.7968,-5.022,-8.7899,-2.1474,0,0,0,NaN,NaN,NaN,NaN,NaN,NaN,NaN,NaN,NaN,46.778,0,2646.7,0.0064211,NaN,NaN,NaN,NaN,12.988,96119,11.25,-0.84497,0.12282,-7.8389,-5.4277,-8.3558,-2.5123,NaN,NaN,NaN,NaN,NaN
400.21,-3.1925,-7.432,-144.75,-0.71001,-0.6051,-8.6464,-5.5327,-6.7147,-2.3853,0,0,0,NaN,NaN,NaN,NaN,NaN,NaN,NaN,NaN,NaN,46.778,0,2646.7,0.0064211,NaN,NaN,NaN,NaN,NaN,-1,-1,-0.84599,0.12292,-7.8418,-5.2472,-8.2005,-2.4139,NaN,NaN,NaN,NaN,NaN
400.22,-3.2042,-7.4522,-144.75,-0.73067,0.5569,-7.01,-5.2914,-8.0782,-2.2444,-0.12674,-0.28608,-1.0978,NaN,NaN,NaN,NaN,NaN,NaN,NaN,NaN,NaN,46.778,0,2646.7,0.0064211,0.76267,2.4832,0.71688,0.050777,NaN,-1,-1,-0.84298,0.12489,-7.8352,-5.2207,-8.1619,-2.4054,NaN,NaN,NaN,NaN,NaN
400.22,-3.2154,-7.4742,-144.75,-1.073,1.0107,-7.3779,-5.066,-8.8376,-2.2017,0,0,0,NaN,NaN,NaN,NaN,NaN,NaN,NaN,NaN,NaN,46.778,0,2646.7,0.0064211,NaN,NaN,NaN,NaN,13.265,96130,11.313,-0.83958,0.13027,-7.8424,-5.1983,-8.1113,-2.3885,NaN,NaN,NaN,NaN,NaN
400.22,-3.2267,-7.4958,-144.76,-0.75144,-0.22978,-8.1763,-5.1653,-8.5863,-2.9449,0,0,0,NaN,NaN,NaN,NaN,NaN,NaN,NaN,NaN,NaN,46.778,0,2646.7,0.0064211,NaN,NaN,NaN,NaN,13.449,96133,11.375,-0.84345,0.13095,-7.8549,-5.1832,-8.1846,-2.3797,NaN,NaN,NaN,NaN,NaN
400.22,-3.2383,-7.5172,-144.76,-0.85869,-1.0245,-8.4172,-5.2461,-8.5544,-2.4603,0,0,0,NaN,NaN,NaN,NaN,NaN,NaN,NaN,NaN,NaN,46.778,0,2646.7,0.0064211,NaN,NaN,NaN,NaN,NaN,-1,-1,-0.84191,0.12788,-7.8424,-5.1694,-8.1115,-2.3685,NaN,NaN,NaN,NaN,NaN
400.23,-3.2496,-7.5343,-144.76,-0.62857,0.6326,-6.9417,-5.1238,-6.8402,-2.2383,-0.12421,-0.29367,-1.1043,NaN,NaN,NaN,NaN,NaN,NaN,NaN,NaN,NaN,46.778,0,2646.7,0.0064211,NaN,NaN,NaN,NaN,NaN,-1,-1,-0.83737,0.12995,-7.8451,-5.1543,-8.2057,-2.339,NaN,NaN,NaN,NaN,NaN
400.23,-3.26,-7.5545,-144.77,-0.59925,-0.24238,-7.4659,-4.6952,-8.1189,-2.1592,0,0,0,NaN,NaN,NaN,NaN,NaN,NaN,NaN,NaN,NaN,46.778,0,2646.7,0.0064211,NaN,NaN,NaN,NaN,NaN,-1,-1,-0.84019,0.13472,-7.8493,-5.1001,-8.2219,-2.3313,NaN,NaN,NaN,NaN,NaN
400.23,-3.2727,-7.5772,-144.77,-1.0855,0.12714,-7.7505,-5.6583,-9.0646,-2.2862,0,0,0,NaN,NaN,NaN,NaN,NaN,NaN,NaN,NaN,NaN,46.778,0,2646.7,0.0064211,0.78128,2.6085,0.66028,0.06909,13.326,96087,11.188,-0.83743,0.13608,-7.858,-5.0803,-8.2414,-2.3085,NaN,NaN,NaN,NaN,NaN
400.23,-3.2844,-7.5986,-144.77,-1.172,1.1089,-9.1003,-5.2723,-8.5678,-2.3696,0,0,0,NaN,NaN,NaN,NaN,NaN,NaN,NaN,NaN,NaN,46.778,0,2646.7,0.0064211,NaN,NaN,NaN,NaN,NaN,-1,-1,-0.83421,0.14525,-7.8476,-5.029,-8.2738,-2.2984,NaN,NaN,NaN,NaN,NaN
400.24,-3.2954,-7.6141,-144.78,-0.76209,-0.023741,-7.3773,-5.0406,-6.2223,-2.4012,-0.12185,-0.2937,-1.104,NaN,NaN,NaN,NaN,NaN,NaN,NaN,NaN,NaN,46.778,0,2646.7,0.0064211,NaN,NaN,NaN,NaN,NaN,-1,-1,-0.83437,0.1472,-7.8599,-4.9894,-8.1964,-2.2832,NaN,NaN,NaN,NaN,NaN
400.24,-3.3073,-7.6336,-144.78,-0.5049,-0.89644,-6.2772,-5.3392,-7.7942,-2.3873,0,0,0,NaN,NaN,NaN,NaN,NaN,NaN,NaN,NaN,NaN,46.778,0,2646.7,0.0064211,0.75829,2.602,0.63594,0.09656,13.476,96109,11.25,-0.83371,0.13617,-7.8556,-4.957,-8.3105,-2.2537,NaN,NaN,NaN,NaN,NaN
400.24,-3.318,-7.6609,-144.78,-1.2501,0.35614,-8.2261,-4.8812,-10.911,-2.2812,0,0,0,NaN,NaN,NaN,NaN,NaN,NaN,NaN,NaN,NaN,46.778,0,2646.7,0.0064211,0.75829,2.602,0.63594,0.09656,NaN,-1,-1,-0.82905,0.13265,-7.8596,-4.9275,-8.3777,-2.2234,NaN,NaN,NaN,NaN,NaN
400.24,-3.3281,-7.6803,-144.79,-1.0811,0.45004,-8.9295,-4.6267,-7.7844,-2.3757,0,0,0,NaN,NaN,NaN,NaN,NaN,NaN,NaN,NaN,NaN,46.778,0,2646.7,0.0064211,NaN,NaN,NaN,NaN,13.415,96136,11.313,-0.82874,0.14411,-7.859,-4.8939,-8.3094,-2.2081,NaN,NaN,NaN,NaN,NaN
400.25,-3.3379,-7.6969,-144.79,-0.60218,-1.0583,-7.5501,-4.5387,-6.6073,-2.3745,-0.13839,-0.28604,-1.1011,NaN,NaN,NaN,NaN,NaN,NaN,NaN,NaN,NaN,46.778,0,2646.7,0.0064211,NaN,NaN,NaN,NaN,NaN,-1,-1,-0.83151,0.14101,-7.8772,-4.8811,-8.303,-2.1803,NaN,NaN,NaN,NaN,NaN
400.25,-3.3499,-7.7201,-144.79,-0.71748,0.62633,-6.8612,-5.2729,-9.3498,-1.7725,0,0,0,NaN,NaN,NaN,NaN,NaN,NaN,NaN,NaN,NaN,46.778,0,2646.7,0.0064211,NaN,NaN,NaN,NaN,NaN,-1,-1,-0.82744,0.13442,-7.8668,-4.86,-8.4361,-2.1518,NaN,NaN,NaN,NaN,NaN
400.25,-3.3594,-7.7437,-144.8,-1.3507,1.5997,-9.0259,-4.3428,-9.4497,-1.9565,0,0,0,NaN,NaN,NaN,NaN,NaN,NaN,NaN,NaN,NaN,46.778,0,2646.7,0.0064211,NaN,NaN,NaN,NaN,13.356,96125,11.313,-0.82876,0.13748,-7.8759,-4.8309,-8.4079,-2.133,NaN,NaN,NaN,NaN,NaN
400.25,-3.3804,-7.7799,-144.8,-0.48949,-1.1001,-6.6881,-4.9069,-8.2784,-2.4203,-0.12461,-0.29823,-1.0998,NaN,NaN,NaN,NaN,NaN,NaN,NaN,NaN,NaN,46.778,0,2646.7,0.0064211,0.77197,2.4761,0.71506,0.049945,NaN,-1,-1,-0.83273,0.14203,-7.8827,-4.8074,-8.3529,-2.1151,NaN,NaN,NaN,NaN,NaN
400.26,-3.3911,-7.8048,-144.81,-0.77958,0.94338,-8.0246,-4.8208,-9.9829,-2.1045,0,0,0,NaN,NaN,NaN,NaN,NaN,NaN,NaN,NaN,NaN,46.778,0,2646.7,0.0064211,NaN,NaN,NaN,NaN,NaN,-1,-1,-0.83013,0.13461,-7.8816,-4.792,-8.4274,-2.098,NaN,NaN,NaN,NaN,NaN
400.26,-3.3997,-7.8236,-144.81,-0.94052,-0.18359,-9.1764,-4.0142,-7.5378,-1.9629,0,0,0,NaN,NaN,NaN,NaN,NaN,NaN,NaN,NaN,NaN,46.778,0,2646.7,0.0064211,NaN,NaN,NaN,NaN,13.235,96125,11.313,-0.82651,0.13324,-7.875,-4.7397,-8.4453,-2.0735,NaN,NaN,NaN,NaN,NaN
400.26,-3.411,-7.8409,-144.81,-0.78978,-0.092489,-7.2723,-5.0462,-6.944,-1.8492,0,0,0,NaN,NaN,NaN,NaN,NaN,NaN,NaN,NaN,NaN,46.778,0,2646.7,0.0064211,NaN,NaN,NaN,NaN,13.477,96103,11.25,-0.82908,0.13667,-7.8843,-4.7513,-8.4554,-2.0572,NaN,NaN,NaN,NaN,NaN
400.26,-3.4231,-7.8654,-144.81,-1.0707,0.973,-7.9903,-5.3317,-9.8212,-1.8504,-0.12453,-0.29091,-1.0976,NaN,NaN,NaN,NaN,NaN,NaN,NaN,NaN,NaN,46.778,0,2646.7,0.0064211,NaN,NaN,NaN,NaN,NaN,-1,-1,-0.82761,0.13838,-7.8924,-4.7306,-8.4336,-2.0438,NaN,NaN,NaN,NaN,NaN
400.27,-3.4334,-7.8849,-144.81,-0.63931,0.26957,-9.1425,-4.675,-7.7943,-2.0256,0,0,0,NaN,NaN,NaN,NaN,NaN,NaN,NaN,NaN,NaN,46.778,0,2646.7,0.0064211,0.76869,NaN,NaN,NaN,NaN,-1,-1,-0.83065,0.1406,-7.896,-4.6818,-8.4198,-2.0402,NaN,NaN,NaN,NaN,NaN
400.27,-3.4435,-7.9009,-144.82,-0.83666,-0.51338,-6.7657,-4.6215,-6.4255,-2.059,0,0,0,NaN,NaN,NaN,NaN,NaN,NaN,NaN,NaN,NaN,46.778,0,2646.7,0.0064211,NaN,2.602,0.63533,0.079911,NaN,-1,-1,-0.8325,0.1497,-7.8937,-4.6412,-8.3877,-2.0173,NaN,NaN,NaN,NaN,NaN
400.27,-3.4538,-7.9248,-144.82,-0.86416,-0.28991,-7.0042,-4.6461,-9.583,-1.8092,0,0,0,NaN,NaN,NaN,NaN,NaN,NaN,NaN,NaN,NaN,46.778,0,2646.7,0.0064211,NaN,NaN,NaN,NaN,13.325,96093,11.188,-0.82917,0.13535,-7.8903,-4.6321,-8.3252,-1.9917,NaN,NaN,NaN,NaN,NaN
400.27,-3.4645,-7.9485,-144.82,-0.98297,0.30671,-9.5338,-4.7974,-9.5299,-1.9644,-0.1285,-0.27921,-1.1046,NaN,NaN,NaN,NaN,NaN,NaN,NaN,NaN,NaN,46.778,0,2646.7,0.0064211,NaN,NaN,NaN,NaN,NaN,-1,-1,-0.8284,0.14243,-7.8963,-4.6232,-8.3433,-1.9658,NaN,NaN,NaN,NaN,NaN
400.28,-3.4833,-7.9817,-144.83,-0.42156,0.94859,-6.6458,-4.3475,-7.9714,-1.9406,0,0,0,NaN,NaN,NaN,NaN,NaN,NaN,NaN,NaN,NaN,46.778,0,2646.7,0.0064211,NaN,NaN,NaN,NaN,NaN,-1,-1,-0.82392,0.13679,-7.8808,-4.6003,-8.2907,-1.9413,NaN,NaN,NaN,NaN,NaN
400.28,-3.4922,-8.0079,-144.83,-1.1776,0.97639,-8.1249,-4.106,-10.496,-2.065,0,0,0,NaN,NaN,NaN,NaN,NaN,NaN,NaN,NaN,NaN,46.778,0,2646.7,0.0064211,NaN,NaN,NaN,NaN,13.262,96103,11.188,-0.82511,0.14157,-7.89,-4.6033,-8.2296,-1.9426,NaN,NaN,NaN,NaN,NaN
400.28,-3.5013,-8.0244,-144.83,-0.81029,-0.5739,-9.1996,-4.2095,-6.6101,-2.2186,-0.12878,-0.28881,-1.1047,NaN,NaN,NaN,NaN,NaN,NaN,NaN,NaN,NaN,46.778,0,2646.7,0.0064211,NaN,NaN,NaN,NaN,NaN,-1,-1,-0.83032,0.14887,-7.9016,-4.6075,-8.2502,-1.9189,NaN,NaN,NaN,NaN,NaN
400.28,-3.5214,-8.0656,-144.84,-0.64678,0.50367,-7.748,-4.442,-9.174,-1.6357,0,0,0,NaN,NaN,NaN,NaN,NaN,NaN,NaN,NaN,NaN,46.778,0,2646.7,0.0064211,NaN,NaN,NaN,NaN,13.386,96129,11.313,-0.82232,0.14075,-7.903,-4.618,-8.1053,-1.9009,NaN,NaN,NaN,NaN,NaN
400.29,-3.5306,-8.0841,-144.84,-0.98228,-0.43056,-8.7836,-4.2515,-7.4447,-1.9284,0,0,0,NaN,NaN,NaN,NaN,NaN,NaN,NaN,NaN,NaN,46.778,0,2646.7,0.0064211,NaN,NaN,NaN,NaN,NaN,-1,-1,-0.82029,0.14013,-7.8875,-4.6073,-8.1253,-1.868,NaN,NaN,NaN,NaN,NaN
400.29,-3.5423,-8.1025,-144.84,-0.81541,0.43051,-7.9624,-5.1706,-7.38,-1.4814,-0.12851,-0.28413,-1.1069,NaN,NaN,NaN,NaN,NaN,NaN,NaN,NaN,NaN,46.778,0,2646.7,0.0064211,NaN,NaN,NaN,NaN,NaN,-1,-1,-0.82459,0.1544,-7.8909,-4.6301,-8.168,-1.8426,NaN,NaN,NaN,NaN,NaN
400.29,-3.5537,-8.1257,-144.84,-1.1722,1.0119,-8.2072,-5.0947,-9.3238,-1.9552,0,0,0,NaN,NaN,NaN,NaN,NaN,NaN,NaN,NaN,NaN,46.778,0,2646.7,0.0064211,NaN,NaN,NaN,NaN,13.442,96109,11.188,-0.82356,0.15364,-7.9097,-4.6449,-8.1405,-1.8271,NaN,NaN,NaN,NaN,NaN
400.29,-3.5648,-8.1432,-144.85,-0.69162,-0.014463,-8.4375,-5.0243,-6.9893,-2.1533,0,0,0,NaN,NaN,NaN,NaN,NaN,NaN,NaN,NaN,NaN,46.778,0,2646.7,0.0064211,0.76923,2.494,0.72297,0.045783,NaN,-1,-1,-0.82423,0.15524,-7.9125,-4.6558,-8.0557,-1.8231,NaN,NaN,NaN,NaN,NaN
400.3,-3.5756,-8.1616,-144.85,-0.77804,-0.71483,-7.1737,-4.875,-7.3745,-1.9942,0,0,0,NaN,NaN,NaN,NaN,NaN,NaN,NaN,NaN,NaN,46.778,0,2646.7,0.0064211,NaN,NaN,NaN,NaN,NaN,-1,-1,-0.82337,0.15429,-7.9186,-4.6697,-8.0277,-1.8149,NaN,NaN,NaN,NaN,NaN
400.3,-3.5863,-8.1859,-144.85,-0.90038,0.30361,-7.375,-4.7845,-9.7884,-1.7618,-0.12104,-0.27967,-1.1106,NaN,NaN,NaN,NaN,NaN,NaN,NaN,NaN,NaN,46.778,0,2646.7,0.0064211,NaN,NaN,NaN,NaN,13.567,96158,11.438,-0.82011,0.14739,-7.9035,-4.6671,-8.0793,-1.8038,NaN,NaN,NaN,NaN,NaN
400.3,-3.5963,-8.2058,-144.85,-1.1568,0.37906,-9.3614,-4.5405,-7.9921,-1.8029,0,0,0,NaN,NaN,NaN,NaN,NaN,NaN,NaN,NaN,NaN,46.778,0,2646.7,0.0064211,NaN,NaN,NaN,NaN,NaN,-1,-1,-0.82047,0.15116,-7.9124,-4.6744,-8.09,-1.8021,NaN,NaN,NaN,NaN,NaN
400.3,-3.6058,-8.2201,-144.86,-0.68906,-0.80651,-8.2352,-4.347,-5.735,-1.9138,0,0,0,NaN,NaN,NaN,NaN,NaN,NaN,NaN,NaN,NaN,46.778,0,2646.7,0.0064211,NaN,NaN,NaN,NaN,13.418,96137,11.375,-0.8213,0.15247,-7.9153,-4.6761,-7.9916,-1.802,NaN,NaN,NaN,NaN,NaN
400.31,-3.6165,-8.2403,-144.86,-0.71867,0.94817,-7.2035,-4.8087,-8.0921,-1.7725,0,0,0,NaN,NaN,NaN,NaN,NaN,NaN,NaN,NaN,NaN,46.778,0,2646.7,0.0064211,NaN,NaN,NaN,NaN,NaN,-1,-1,-0.81801,0.15212,-7.9113,-4.7092,-7.931,-1.7836,NaN,NaN,NaN,NaN,NaN
400.31,-3.6262,-8.2635,-144.86,-1.0666,1.0476,-8.311,-4.3774,-9.333,-1.6655,-0.13079,-0.27678,-1.1048,NaN,NaN,NaN,NaN,NaN,NaN,NaN,NaN,NaN,46.778,0,2646.7,0.0064211,NaN,NaN,NaN,NaN,NaN,-1,-1,-0.82065,0.152,-7.9142,-4.7333,-7.9757,-1.7679,NaN,NaN,NaN,NaN,NaN
400.31,-3.6359,-8.2806,-144.86,-0.85503,-0.60485,-8.8169,-4.4082,-6.8808,-1.8003,0,0,0,NaN,NaN,NaN,NaN,NaN,NaN,NaN,NaN,NaN,46.778,0,2646.7,0.0064211,NaN,NaN,NaN,NaN,13.414,96138,11.313,-0.81911,0.15578,-7.9196,-4.7522,-8.018,-1.7764,NaN,NaN,NaN,NaN,NaN
400.31,-3.6466,-8.2977,-144.86,-0.46341,-0.85323,-7.4191,-4.854,-6.8572,-1.9085,0,0,0,NaN,NaN,NaN,NaN,NaN,NaN,NaN,NaN,NaN,46.778,0,2646.7,0.0064211,NaN,NaN,NaN,NaN,NaN,-1,-1,-0.81806,0.1527,-7.9054,-4.7781,-8.009,-1.7613,NaN,NaN,NaN,NaN,NaN
400.32,-3.6564,-8.3205,-144.87,-0.63488,1.0088,-7.9659,-4.4046,-9.1264,-1.7131,0,0,0,NaN,NaN,NaN,NaN,NaN,NaN,NaN,NaN,NaN,46.778,0,2646.7,0.0064211,NaN,NaN,NaN,NaN,NaN,-1,-1,-0.81676,0.14863,-7.8953,-4.7832,-7.9655,-1.745,NaN,NaN,NaN,NaN,NaN
400.32,-3.6663,-8.3396,-144.87,-0.98398,-0.3475,-9.007,-4.4521,-7.6938,-1.6387,-0.11936,-0.28894,-1.1038,NaN,NaN,NaN,NaN,NaN,NaN,NaN,NaN,NaN,46.778,0,2646.7,0.0064211,0.76102,2.5984,0.63229,0.10155,13.413,96125,11.25,-0.81985,0.15551,-7.8896,-4.9466,-8.1506,-1.7696,NaN,NaN,NaN,NaN,NaN
400.32,-3.679,-8.3562,-144.87,-0.91322,0.000488,-7.5838,-5.5543,-6.6831,-1.4206,0,0,0,NaN,NaN,NaN,NaN,NaN,NaN,NaN,NaN,NaN,46.787,0,2633.9,0.0069644,NaN,NaN,NaN,NaN,NaN,-1,-1,-0.81702,0.15498,-7.8936,-4.9613,-8.1668,-1.7295,NaN,NaN,NaN,NaN,NaN
400.32,-3.6909,-8.3786,-144.87,-0.96837,1.072,-8.1854,-5.2646,-9.0296,-1.4842,0,0,0,NaN,NaN,NaN,NaN,NaN,NaN,NaN,NaN,NaN,46.787,0,2633.9,0.0069644,NaN,NaN,NaN,NaN,13.595,96129,11.313,-0.81653,0.13773,-7.8944,-4.9406,-8.0865,-1.7099,NaN,NaN,NaN,NaN,NaN
400.33,-3.7021,-8.3981,-144.87,-0.79592,0.15732,-8.9293,-4.9989,-7.8267,-1.765,0,0,0,NaN,NaN,NaN,NaN,NaN,NaN,NaN,NaN,NaN,46.787,0,2633.9,0.0069644,NaN,NaN,NaN,NaN,NaN,-1,-1,-0.81841,0.15341,-7.8882,-5.0602,-8.1956,-1.7335,NaN,NaN,NaN,NaN,NaN
400.33,-3.7131,-8.4139,-144.87,-0.59652,-0.89272,-7.1486,-4.9191,-6.3697,-1.6325,-0.133,-0.27194,-1.105,NaN,NaN,NaN,NaN,NaN,NaN,NaN,NaN,NaN,46.787,0,2633.9,0.0069644,NaN,NaN,NaN,NaN,NaN,-1,-1,-0.81844,0.15816,-7.8869,-5.006,-8.0988,-1.6949,NaN,NaN,NaN,NaN,NaN
400.33,-3.725,-8.4369,-144.87,-0.99271,0.35589,-6.8756,-5.2526,-9.2306,-1.5049,0,0,0,NaN,NaN,NaN,NaN,NaN,NaN,NaN,NaN,NaN,46.787,0,2633.9,0.0069644,0.7654,NaN,NaN,NaN,13.294,96118,11.25,-0.81734,0.14625,-7.8839,-4.9732,-8.0438,-1.6572,NaN,NaN,NaN,NaN,NaN
400.33,-3.7356,-8.4609,-144.88,-1.0188,0.31894,-9.6128,-4.6801,-9.6372,-1.4994,0,0,0,NaN,NaN,NaN,NaN,NaN,NaN,NaN,NaN,NaN,46.787,0,2633.9,0.0069644,NaN,2.4982,0.7114,0.035794,NaN,-1,-1,-0.81894,0.14908,-7.8837,-4.9173,-7.9527,-1.628,NaN,NaN,NaN,NaN,NaN
400.34,-3.757,-8.4929,-144.88,-0.65213,0.88817,-6.3207,-4.801,-7.3147,-1.8711,-0.1353,-0.27443,-1.1075,NaN,NaN,NaN,NaN,NaN,NaN,NaN,NaN,NaN,46.787,0,2633.9,0.0069644,NaN,NaN,NaN,NaN,NaN,-1,-1,-0.81876,0.14515,-7.883,-4.8561,-7.9161,-1.616,NaN,NaN,NaN,NaN,NaN
400.34,-3.7672,-8.5194,-144.88,-1.083,1.0463,-8.4811,-4.5546,-10.623,-1.5141,0,0,0,NaN,NaN,NaN,NaN,NaN,NaN,NaN,NaN,NaN,46.787,0,2633.9,0.0069644,NaN,NaN,NaN,NaN,13.389,96152,11.438,-0.81801,0.1473,-7.8772,-4.8015,-7.7692,-1.6043,NaN,NaN,NaN,NaN,NaN
400.34,-3.7777,-8.5366,-144.88,-0.88212,-0.53187,-8.9115,-4.7586,-6.9302,-1.8954,0,0,0,NaN,NaN,NaN,NaN,NaN,NaN,NaN,NaN,NaN,46.787,0,2633.9,0.0069644,NaN,NaN,NaN,NaN,13.382,96107,11.188,-0.81854,0.15229,-7.8697,-4.7329,-7.7827,-1.572,NaN,NaN,NaN,NaN,NaN
400.34,-3.7884,-8.5541,-144.89,-0.53112,-0.72149,-7.9077,-4.8111,-7.0072,-1.8559,0,0,0,NaN,NaN,NaN,NaN,NaN,NaN,NaN,NaN,NaN,46.787,0,2633.9,0.0069644,0.76157,2.602,0.63777,0.094062,NaN,-1,-1,-0.82455,0.15318,-7.8701,-4.6836,-7.6504,-1.5434,NaN,NaN,NaN,NaN,NaN
400.35,-3.7992,-8.5757,-144.89,-0.64572,0.71571,-7.5416,-4.8333,-8.6754,-1.7092,-0.12345,-0.27219,-1.1064,-6.7093,-13.94,-1.5097,15.544,40.059,-88.548,3.6796e+05,4.4355e+06,394.08,46.787,0,2633.9,0.0069644,NaN,NaN,NaN,NaN,NaN,-1,-1,-0.82425,0.15925,-7.8766,-4.6756,-7.5823,-1.5013,15.316,-2.4722,-0.94889,-3.5451,-9.1517
400.35,-3.81,-8.5953,-144.89,-0.71551,-0.17822,-8.4808,-4.8221,-7.8963,-1.4406,0,0,0,NaN,NaN,NaN,NaN,NaN,NaN,NaN,NaN,NaN,46.787,0,2633.9,0.0069644,NaN,NaN,NaN,NaN,NaN,-1,-1,-0.8183,0.15701,-7.8016,-4.6421,-7.6022,-1.4768,NaN,NaN,NaN,NaN,NaN
400.35,-3.8218,-8.6136,-144.89,-1.146,0.3724,-8.6372,-5.1903,-7.3823,-1.5855,0,0,0,NaN,NaN,NaN,NaN,NaN,NaN,NaN,NaN,NaN,46.787,0,2633.9,0.0069644,NaN,NaN,NaN,NaN,13.566,96103,11.25,-0.81655,0.15202,-7.8136,-4.6331,-7.5032,-1.477,NaN,NaN,NaN,NaN,NaN
400.35,-3.8464,-8.6548,-144.89,-0.55991,0.5567,-8.6795,-5.4313,-8.2981,-1.6188,-0.1262,-0.27672,-1.1022,NaN,NaN,NaN,NaN,NaN,NaN,NaN,NaN,NaN,46.787,0,2633.9,0.0069644,NaN,NaN,NaN,NaN,NaN,-1,-1,-0.81709,0.14033,-7.8164,-4.5846,-7.4638,-1.4668,NaN,NaN,NaN,NaN,NaN
400.36,-3.8577,-8.6709,-144.89,-0.69832,-0.99283,-7.8192,-4.9779,-6.4965,-1.4803,0,0,0,NaN,NaN,NaN,NaN,NaN,NaN,NaN,NaN,NaN,46.787,0,2633.9,0.0069644,0.77909,2.6169,0.64994,0.055772,NaN,-1,-1,-0.81936,0.16201,-7.8148,-4.5251,-7.4696,-1.448,NaN,NaN,NaN,NaN,NaN
400.36,-3.8692,-8.6913,-144.89,-1.2882,0.060455,-7.2778,-5.0793,-8.2058,-1.477,0,0,0,NaN,NaN,NaN,NaN,NaN,NaN,NaN,NaN,NaN,46.787,0,2633.9,0.0069644,NaN,NaN,NaN,NaN,13.591,96130,11.25,-0.81893,0.15125,-7.8252,-4.4813,-7.4608,-1.43,NaN,NaN,NaN,NaN,NaN
400.36,-3.8805,-8.7161,-144.89,-0.60524,0.57373,-8.2991,-4.9552,-9.9938,-1.4042,0,0,0,NaN,NaN,NaN,NaN,NaN,NaN,NaN,NaN,NaN,46.787,0,2633.9,0.0069644,NaN,NaN,NaN,NaN,NaN,-1,-1,-0.81375,0.14636,-7.7624,-4.4121,-7.2964,-1.4196,NaN,NaN,NaN,NaN,NaN
400.36,-3.8899,-8.7343,-144.9,-0.91316,-0.24068,-9.9695,-4.2688,-7.3374,-1.4455,-0.11431,-0.28192,-1.1056,NaN,NaN,NaN,NaN,NaN,NaN,NaN,NaN,NaN,46.787,0,2633.9,0.0069644,NaN,NaN,NaN,NaN,13.174,96128,11.313,-0.81448,0.15352,-7.7726,-4.387,-7.2896,-1.407,NaN,NaN,NaN,NaN,NaN
400.37,-3.9011,-8.7494,-144.9,-0.91481,0.29897,-6.9756,-4.9207,-6.0954,-1.1714,0,0,0,NaN,NaN,NaN,NaN,NaN,NaN,NaN,NaN,NaN,46.787,0,2633.9,0.0069644,NaN,NaN,NaN,NaN,NaN,-1,-1,-0.81411,0.14249,-7.7739,-4.3526,-7.3806,-1.3807,NaN,NaN,NaN,NaN,NaN
400.37,-3.9115,-8.7731,-144.9,-0.84226,1.1054,-8.4316,-4.6493,-9.5086,-1.5929,0,0,0,NaN,NaN,NaN,NaN,NaN,NaN,NaN,NaN,NaN,46.787,0,2633.9,0.0069644,NaN,NaN,NaN,NaN,NaN,-1,-1,-0.82066,0.14198,-7.7897,-4.2917,-7.3141,-1.3622,NaN,NaN,NaN,NaN,NaN
400.37,-3.9211,-8.7941,-144.9,-0.93535,-0.042632,-8.0193,-4.3245,-8.4547,-1.5096,0,0,0,NaN,NaN,NaN,NaN,NaN,NaN,NaN,NaN,NaN,46.787,0,2633.9,0.0069644,NaN,NaN,NaN,NaN,13.596,96120,11.313,-0.8265,0.15643,-7.8016,-4.264,-7.2495,-1.3514,NaN,NaN,NaN,NaN,NaN
400.37,0,0,0,0,0,0,0,0,0,0,0,0,NaN,NaN,NaN,NaN,NaN,NaN,NaN,NaN,NaN,46.787,0,2633.9,0.0069644,NaN,NaN,NaN,NaN,NaN,-1,-1,-0.83018,0.15764,-7.8031,-4.2154,-7.3249,-1.3288,NaN,NaN,NaN,NaN,NaN
400.38,-3.9305,-8.8117,-144.9,-0.55376,-0.69975,-8.7153,-4.2872,-7.0474,-1.7943,-0.10461,-0.27245,-1.1047,NaN,NaN,NaN,NaN,NaN,NaN,NaN,NaN,NaN,46.787,0,2633.9,0.0069644,NaN,NaN,NaN,NaN,NaN,-1,-1,-0.82911,0.15609,-7.8221,-4.1482,-7.2951,-1.3104,NaN,NaN,NaN,NaN,NaN
400.38,-3.9413,-8.8316,-144.9,-0.61656,0.096435,-7.443,-4.7423,-8.043,-1.3932,0,0,0,NaN,NaN,NaN,NaN,NaN,NaN,NaN,NaN,NaN,46.787,0,2633.9,0.0069644,NaN,NaN,NaN,NaN,13.533,96123,11.25,-0.82763,0.15212,-7.8143,-4.1035,-7.2402,-1.2904,NaN,NaN,NaN,NaN,NaN
400.38,0,0,0,0,0,0,0,0,0,0,0,0,NaN,NaN,NaN,NaN,NaN,NaN,NaN,NaN,NaN,46.787,0,2633.9,0.0069644,NaN,NaN,NaN,NaN,NaN,-1,-1,-0.8324,0.16762,-7.8262,-4.0649,-7.3292,-1.2697,NaN,NaN,NaN,NaN,NaN
400.38,-3.9727,-8.8908,-144.9,-1.1321,1.2133,-8.4263,-4.7542,-8.6114,-1.4807,-0.11141,-0.2726,-1.1098,NaN,NaN,NaN,NaN,NaN,NaN,NaN,NaN,NaN,46.787,0,2633.9,0.0069644,0.76321,2.5978,0.63229,0.10239,13.415,96114,11.25,-0.82892,0.15243,-7.8219,-3.9985,-7.3514,-1.2647,NaN,NaN,NaN,NaN,NaN
400.39,-3.9822,-8.9104,-144.91,-0.75118,-0.090892,-8.3333,-4.3116,-7.8377,-1.6585,0,0,0,NaN,NaN,NaN,NaN,NaN,NaN,NaN,NaN,NaN,46.787,0,2633.9,0.0069644,NaN,NaN,NaN,NaN,NaN,-1,-1,-0.82661,0.13909,-7.8169,-3.938,-7.2427,-1.252,NaN,NaN,NaN,NaN,NaN
400.39,-3.9924,-8.9293,-144.91,-0.52917,-0.79505,-7.6776,-4.5379,-7.6108,-1.4396,0,0,0,NaN,NaN,NaN,NaN,NaN,NaN,NaN,NaN,NaN,46.787,0,2633.9,0.0069644,NaN,NaN,NaN,NaN,NaN,-1,-1,-0.83181,0.14749,-7.8195,-3.9019,-7.339,-1.2397,NaN,NaN,NaN,NaN,NaN
400.39,-4.0023,-8.9516,-144.91,-1.2988,0.44267,-7.3136,-4.3704,-9.0021,-1.063,0,0,0,NaN,NaN,NaN,NaN,NaN,NaN,NaN,NaN,NaN,46.787,0,2633.9,0.0069644,NaN,NaN,NaN,NaN,13.415,96111,11.25,-0.83239,0.15118,-7.8229,-3.8465,-7.4622,-1.2158,NaN,NaN,NaN,NaN,NaN
400.39,-4.0116,-8.9737,-144.91,-0.76908,0.35518,-8.8921,-4.1315,-8.9138,-1.237,-0.11182,-0.28208,-1.1076,NaN,NaN,NaN,NaN,NaN,NaN,NaN,NaN,NaN,46.787,0,2633.9,0.0069644,0.75664,NaN,NaN,NaN,NaN,-1,-1,-0.83278,0.13868,-7.8054,-3.7779,-7.4164,-1.2033,NaN,NaN,NaN,NaN,NaN
400.4,-4.0313,-9.0083,-144.91,-0.7738,0.74222,-6.9595,-4.7088,-6.7772,-1.2857,0,0,0,NaN,NaN,NaN,NaN,NaN,NaN,NaN,NaN,NaN,46.787,0,2633.9,0.0069644,NaN,2.6032,0.63899,0.09323,NaN,-1,-1,-0.83855,0.14717,-7.8119,-3.7156,-7.5417,-1.1928,NaN,NaN,NaN,NaN,NaN
400.4,-4.0398,-9.0324,-144.91,-1.1789,1.4608,-8.2059,-3.843,-9.6863,-1.484,0,0,0,NaN,NaN,NaN,NaN,NaN,NaN,NaN,NaN,NaN,46.787,0,2633.9,0.0069644,NaN,NaN,NaN,NaN,13.354,96139,11.313,-0.83821,0.14686,-7.8056,-3.6675,-7.5836,-1.1908,NaN,NaN,NaN,NaN,NaN
400.4,-4.0613,-9.0521,-144.9,-0.67869,-0.46407,-8.5533,-3.3622,-7.899,-1.4622,-0.10683,-0.27254,-1.1071,NaN,NaN,NaN,NaN,NaN,NaN,NaN,NaN,NaN,46.787,0,2633.9,0.0069644,NaN,NaN,NaN,NaN,NaN,-1,-1,-0.83372,0.13074,-7.7852,-3.6126,-7.6074,-1.1905,NaN,NaN,NaN,NaN,NaN
400.4,-4.0702,-9.0704,-144.91,-0.63293,-1.1347,-8.0272,-4.0123,-7.3515,-1.4279,0,0,0,NaN,NaN,NaN,NaN,NaN,NaN,NaN,NaN,NaN,46.787,0,2633.9,0.0069644,NaN,NaN,NaN,NaN,13.352,96109,11.188,-0.83821,0.13268,-7.7724,-3.563,-7.6713,-1.1829,NaN,NaN,NaN,NaN,NaN
400.41,-4.0861,-9.1122,-144.91,-0.78382,0.3302,-8.3825,-3.144,-8.7798,-0.92888,0,0,0,NaN,NaN,NaN,NaN,NaN,NaN,NaN,NaN,NaN,46.787,0,2633.9,0.0069644,0.74569,2.5888,0.63229,0.10239,NaN,-1,-1,-0.8415,0.14307,-7.7814,-3.5281,-7.7266,-1.1697,NaN,NaN,NaN,NaN,NaN
400.41,-4.0953,-9.1304,-144.91,-1.0262,-0.28618,-8.041,-4.1137,-7.3599,-1.1022,-0.097212,-0.27039,-1.1085,NaN,NaN,NaN,NaN,NaN,NaN,NaN,NaN,NaN,46.787,0,2633.9,0.0069644,NaN,NaN,NaN,NaN,NaN,-1,-1,-0.84908,0.13645,-7.8539,-3.5035,-7.7881,-1.153,NaN,NaN,NaN,NaN,NaN
400.41,-4.1053,-9.152,-144.91,-1.1517,1.1471,-8.7351,-4.4153,-8.7078,-1.1314,0,0,0,NaN,NaN,NaN,NaN,NaN,NaN,NaN,NaN,NaN,46.787,0,2633.9,0.0069644,NaN,NaN,NaN,NaN,13.625,96125,11.313,-0.84853,0.1328,-7.8329,-3.4938,-7.8784,-1.1547,NaN,NaN,NaN,NaN,NaN
400.41,-4.1213,-9.1892,-144.91,-0.68933,-1.0405,-6.5555,-3.6827,-7.7469,-1.1457,0,0,0,NaN,NaN,NaN,NaN,NaN,NaN,NaN,NaN,NaN,46.787,0,2633.9,0.0069644,NaN,NaN,NaN,NaN,NaN,-1,-1,-0.85423,0.14661,-7.8383,-3.4502,-7.8726,-1.1567,NaN,NaN,NaN,NaN,NaN
400.42,-4.1307,-9.2146,-144.91,-1.097,-0.14589,-8.0566,-4.1586,-10.262,-1.0412,-0.099697,-0.27024,-1.1065,NaN,NaN,NaN,NaN,NaN,NaN,NaN,NaN,NaN,46.787,0,2633.9,0.0069644,NaN,NaN,NaN,NaN,NaN,-1,-1,-0.85085,0.12703,-7.8371,-3.4239,-7.9776,-1.1575,NaN,NaN,NaN,NaN,NaN
400.42,-4.1377,-9.2345,-144.91,-1.1497,1.035,-9.0321,-3.1954,-8.0393,-0.96142,0,0,0,NaN,NaN,NaN,NaN,NaN,NaN,NaN,NaN,NaN,46.787,0,2633.9,0.0069644,NaN,NaN,NaN,NaN,13.476,96149,11.375,-0.85229,0.13242,-7.8357,-3.4084,-8.1721,-1.145,NaN,NaN,NaN,NaN,NaN
400.42,-4.1436,-9.2505,-144.91,-0.63061,-0.89787,-8.1253,-2.8004,-6.4683,-1.2633,0,0,0,NaN,NaN,NaN,NaN,NaN,NaN,NaN,NaN,NaN,46.787,NaN,2625.3,0.0058767,0.78128,2.6115,0.64751,0.079911,NaN,-1,-1,-0.85883,0.13445,-7.8472,-3.3733,-8.1912,-1.1354,NaN,NaN,NaN,NaN,NaN
400.42,-4.151,-9.2724,-144.91,-0.81768,0.5268,-7.195,-3.3688,-8.8022,-1.2013,0,0,0,NaN,NaN,NaN,NaN,NaN,NaN,NaN,NaN,NaN,46.787,NaN,2625.3,0.0058767,NaN,NaN,NaN,NaN,13.503,96122,11.25,-0.86064,0.12401,-7.8351,-3.3582,-8.2067,-1.1273,NaN,NaN,NaN,NaN,NaN
400.43,-4.1565,-9.2941,-144.91,-1.2534,1.4938,-8.4453,-2.6182,-8.7641,-1.1292,-0.099637,-0.27276,-1.1087,NaN,NaN,NaN,NaN,NaN,NaN,NaN,NaN,NaN,46.787,NaN,2625.3,0.0058767,NaN,NaN,NaN,NaN,NaN,-1,-1,-0.8631,0.13486,-7.8278,-3.3499,-8.3787,-1.1243,NaN,NaN,NaN,NaN,NaN
400.43,-4.1616,-9.3113,-144.91,-0.80465,-0.33455,-8.0335,-2.5074,-6.924,-1.3568,0,0,0,NaN,NaN,NaN,NaN,NaN,NaN,NaN,NaN,NaN,46.787,NaN,2625.3,0.0058767,NaN,NaN,NaN,NaN,NaN,-1,-1,-0.86468,0.14168,-7.8353,-3.3304,-8.5044,-1.1287,NaN,NaN,NaN,NaN,NaN
400.43,-4.1676,-9.3332,-144.91,-0.59724,-0.97387,-6.8609,-2.8282,-8.8174,-1.2042,0,0,0,NaN,NaN,NaN,NaN,NaN,NaN,NaN,NaN,NaN,46.778,0,2625.3,0.0058767,NaN,NaN,NaN,NaN,13.326,96167,11.438,-0.87022,0.13662,-7.8326,-3.1708,-8.3364,-1.0647,NaN,NaN,NaN,NaN,NaN
400.43,-4.1746,-9.3546,-144.91,-0.88329,0.46708,-9.1207,-3.1925,-8.6512,-1.0168,0,0,0,NaN,NaN,NaN,NaN,NaN,NaN,NaN,NaN,NaN,46.778,0,2625.3,0.0058767,0.75719,2.6067,0.63168,0.10239,NaN,-1,-1,-0.87271,0.14952,-7.8357,-3.1399,-8.3385,-1.066,NaN,NaN,NaN,NaN,NaN
400.44,-4.1804,-9.3711,-144.91,-0.88773,0.49282,-7.8601,-2.7606,-6.6917,-1.0588,-0.10642,-0.26306,-1.1093,NaN,NaN,NaN,NaN,NaN,NaN,NaN,NaN,NaN,46.778,0,2625.3,0.0058767,NaN,NaN,NaN,NaN,NaN,-1,-1,-0.87496,0.14007,-7.8368,-3.117,-8.3863,-1.0568,NaN,NaN,NaN,NaN,NaN
400.44,-4.1878,-9.3896,-144.91,-0.76027,-0.30068,-7.7651,-3.347,-7.4977,-0.84609,0,0,0,NaN,NaN,NaN,NaN,NaN,NaN,NaN,NaN,NaN,46.778,0,2625.3,0.0058767,NaN,NaN,NaN,NaN,13.621,96127,11.25,-0.87793,0.15855,-7.817,-2.9256,-8.134,-1.0006,NaN,NaN,NaN,NaN,NaN
400.44,-4.1948,-9.4145,-144.91,-1.4014,1.1331,-7.6668,-3.1275,-10.037,-0.93392,0,0,0,NaN,NaN,NaN,NaN,NaN,NaN,NaN,NaN,NaN,46.778,0,2625.3,0.0058767,NaN,NaN,NaN,NaN,NaN,-1,-1,-0.88162,0.15663,-7.8162,-2.8955,-8.1509,-0.98511,NaN,NaN,NaN,NaN,NaN
400.44,-4.2007,-9.4316,-144.91,-0.76608,0.85187,-8.8274,-2.7546,-6.923,-0.74954,0,0,0,NaN,NaN,NaN,NaN,NaN,NaN,NaN,NaN,NaN,46.778,0,2625.3,0.0058767,NaN,NaN,NaN,NaN,13.566,96124,11.313,-0.87856,0.1365,-7.8095,-2.8304,-8.1462,-0.97803,NaN,NaN,NaN,NaN,NaN
400.45,-4.2065,-9.4481,-144.91,-0.65148,-1.4578,-7.1181,-2.7304,-6.69,-1.0537,-0.094647,-0.26322,-1.1083,NaN,NaN,NaN,NaN,NaN,NaN,NaN,NaN,NaN,46.778,0,2625.3,0.0058767,0.76704,2.6091,0.64446,0.091565,NaN,-1,-1,-0.88276,0.13781,-7.8117,-2.7767,-8.0766,-0.96836,NaN,NaN,NaN,NaN,NaN
400.45,-4.2136,-9.4722,-144.91,-1.2126,-0.019607,-6.8934,-3.2423,-9.6956,-1.1349,0,0,0,NaN,NaN,NaN,NaN,NaN,NaN,NaN,NaN,NaN,46.778,0,2625.3,0.0058767,NaN,NaN,NaN,NaN,NaN,-1,-1,-0.88582,0.14898,-7.8024,-2.7369,-8.1109,-0.94341,NaN,NaN,NaN,NaN,NaN
400.45,-4.2198,-9.4931,-144.9,-0.92179,1.0302,-8.8692,-2.8159,-8.4624,-0.74674,0,0,0,NaN,NaN,NaN,NaN,NaN,NaN,NaN,NaN,NaN,46.778,0,2625.3,0.0058767,NaN,NaN,NaN,NaN,13.593,96138,11.313,-0.88303,0.14007,-7.7807,-2.6933,-8.1811,-0.91688,NaN,NaN,NaN,NaN,NaN
400.45,-4.2252,-9.5118,-144.9,-0.76313,-0.45304,-7.94,-2.5391,-7.5709,-0.87886,0,0,0,NaN,NaN,NaN,NaN,NaN,NaN,NaN,NaN,NaN,46.778,0,2625.3,0.0058767,NaN,NaN,NaN,NaN,NaN,-1,-1,-0.89331,0.15145,-7.7833,-2.6843,-8.0719,-0.9119,NaN,NaN,NaN,NaN,NaN
400.46,-4.2312,-9.5317,-144.9,-1.0084,0.1892,-8.2412,-2.7818,-8.0447,-0.85669,-0.092321,-0.27802,-1.1147,NaN,NaN,NaN,NaN,NaN,NaN,NaN,NaN,NaN,46.778,0,2625.3,0.0058767,0.75774,NaN,NaN,NaN,NaN,-1,-1,-0.8945,0.15189,-7.7868,-2.6591,-8.0804,-0.91426,NaN,NaN,NaN,NaN,NaN
400.46,-4.2369,-9.5532,-144.9,-1.0261,1.251,-7.5333,-2.6804,-8.6759,-0.99506,0,0,0,NaN,NaN,NaN,NaN,NaN,NaN,NaN,NaN,NaN,46.778,0,2625.3,0.0058767,NaN,2.6085,0.64933,0.0899,13.445,96153,11.375,-0.8896,0.13934,-7.757,-2.617,-8.1282,-0.91294,NaN,NaN,NaN,NaN,NaN
400.46,-4.2415,-9.5741,-144.9,-0.7608,0.04652,-7.5586,-2.2221,-8.4613,-0.93323,0,0,0,NaN,NaN,NaN,NaN,NaN,NaN,NaN,NaN,NaN,46.778,0,2625.3,0.0058767,NaN,NaN,NaN,NaN,NaN,-1,-1,-0.89949,0.1453,-7.7548,-2.5999,-8.0586,-0.90379,NaN,NaN,NaN,NaN,NaN
400.46,-4.2462,-9.5935,-144.9,-0.95077,-0.8708,-8.1602,-2.2974,-7.8263,-1.241,0,0,0,NaN,NaN,NaN,NaN,NaN,NaN,NaN,NaN,NaN,46.778,0,2625.3,0.0058767,NaN,NaN,NaN,NaN,13.385,96112,11.25,-0.90135,0.14819,-7.7512,-2.564,-8.0902,-0.88458,NaN,NaN,NaN,NaN,NaN
400.47,-4.2566,-9.6326,-144.9,-0.69477,0.046795,-7.6765,-2.2051,-7.9304,-0.79143,0,0,0,NaN,NaN,NaN,NaN,NaN,NaN,NaN,NaN,NaN,46.778,0,2625.3,0.0058767,NaN,NaN,NaN,NaN,NaN,-1,-1,-0.90304,0.15242,-7.7325,-2.5551,-8.0446,-0.87383,NaN,NaN,NaN,NaN,NaN
400.47,-4.2631,-9.6551,-144.9,-0.9127,0.29199,-8.1129,-2.9523,-9.083,-0.63461,0,0,0,NaN,NaN,NaN,NaN,NaN,NaN,NaN,NaN,NaN,46.778,0,2625.3,0.0058767,NaN,NaN,NaN,NaN,NaN,-1,-1,-0.90643,0.14696,-7.7365,-2.5677,-8.0833,-0.86807,NaN,NaN,NaN,NaN,NaN
400.47,-4.2692,-9.6735,-144.9,-1.3705,1.1519,-8.7495,-2.7738,-7.4942,-0.63925,0,0,0,NaN,NaN,NaN,NaN,NaN,NaN,NaN,NaN,NaN,46.778,0,2625.3,0.0058767,NaN,NaN,NaN,NaN,13.771,96130,11.313,-0.909,0.14536,-7.7295,-2.5309,-8.0603,-0.86448,NaN,NaN,NaN,NaN,NaN
400.47,-4.2745,-9.6902,-144.9,-0.90953,-0.052369,-6.8634,-2.5363,-6.7494,-0.9691,-0.08707,-0.26872,-1.1187,NaN,NaN,NaN,NaN,NaN,NaN,NaN,NaN,NaN,46.778,0,2625.3,0.0058767,NaN,NaN,NaN,NaN,NaN,-1,-1,-0.91087,0.15428,-7.7183,-2.5329,-8.0629,-0.86922,NaN,NaN,NaN,NaN,NaN
400.48,-4.28,-9.7141,-144.9,-0.43532,-0.54915,-7.5625,-2.5521,-9.6465,-0.96962,0,0,0,NaN,NaN,NaN,NaN,NaN,NaN,NaN,NaN,NaN,46.778,0,2625.3,0.0058767,NaN,NaN,NaN,NaN,NaN,-1,-1,-0.91413,0.16089,-7.7135,-2.5153,-8.1051,-0.85576,NaN,NaN,NaN,NaN,NaN
400.48,-4.2861,-9.7353,-144.9,-1.2769,0.29133,-7.2275,-2.7642,-8.5768,-0.63535,0,0,0,NaN,NaN,NaN,NaN,NaN,NaN,NaN,NaN,NaN,46.778,0,2625.3,0.0058767,NaN,NaN,NaN,NaN,13.389,96151,11.438,-0.91408,0.15161,-7.7018,-2.4812,-8.0937,-0.85483,NaN,NaN,NaN,NaN,NaN
400.48,-4.2914,-9.7534,-144.9,-0.97465,0.26776,-8.3329,-2.5042,-7.3441,-0.90545,0,0,0,NaN,NaN,NaN,NaN,NaN,NaN,NaN,NaN,NaN,46.778,0,2625.3,0.0058767,NaN,NaN,NaN,NaN,13.654,96150,11.375,-0.91937,0.16638,-7.7067,-2.4573,-8.0356,-0.85126,NaN,NaN,NaN,NaN,NaN
400.48,-4.3018,-9.7932,-144.89,-0.84071,0.34738,-7.7956,-2.6719,-7.9017,-0.64733,0,0,0,NaN,NaN,NaN,NaN,NaN,NaN,NaN,NaN,NaN,46.778,0,2625.3,0.0058767,NaN,NaN,NaN,NaN,NaN,-1,-1,-0.92042,0.17244,-7.7049,-2.4424,-8.0234,-0.84981,NaN,NaN,NaN,NaN,NaN
400.49,-4.3062,-9.8116,-144.89,-0.98684,1.1705,-8.0361,-2.1529,-7.408,-1.0765,0,0,0,NaN,NaN,NaN,NaN,NaN,NaN,NaN,NaN,NaN,46.778,0,2625.3,0.0058767,NaN,NaN,NaN,NaN,NaN,-1,-1,-0.9218,0.17056,-7.682,-2.4304,-8.0261,-0.85025,NaN,NaN,NaN,NaN,NaN
400.49,-4.3106,-9.8323,-144.89,-0.91803,-0.11264,-6.9355,-2.1324,-8.3963,-0.86087,0,0,0,NaN,NaN,NaN,NaN,NaN,NaN,NaN,NaN,NaN,46.778,0,2625.3,0.0058767,NaN,NaN,NaN,NaN,NaN,-1,-1,-0.92222,0.17086,-7.6824,-2.4094,-7.9888,-0.84922,NaN,NaN,NaN,NaN,NaN
400.49,-4.3158,-9.852,-144.89,-0.68359,-0.79727,-8.3094,-2.4677,-7.9859,-0.85829,-0.092771,-0.27513,-1.1059,NaN,NaN,NaN,NaN,NaN,NaN,NaN,NaN,NaN,46.778,0,2625.3,0.0058767,NaN,NaN,NaN,NaN,13.564,96135,11.313,-0.92874,0.17551,-7.6864,-2.4326,-8.0447,-0.84486,NaN,NaN,NaN,NaN,NaN
400.49,-4.3211,-9.8719,-144.89,-0.68528,0.45051,-7.4402,-2.4604,-8.0438,-0.74049,0,0,0,NaN,NaN,NaN,NaN,NaN,NaN,NaN,NaN,NaN,46.778,0,2625.3,0.0058767,NaN,NaN,NaN,NaN,NaN,-1,-1,-0.92758,0.17987,-7.6725,-2.4273,-8.0127,-0.83991,NaN,NaN,NaN,NaN,NaN
400.5,-4.3252,-9.891,-144.89,-1.0181,0.29963,-8.7371,-2.0273,-7.7114,-0.88459,0,0,0,NaN,NaN,NaN,NaN,NaN,NaN,NaN,NaN,NaN,46.778,0,2625.3,0.0058767,0.74569,2.593,0.62681,0.11321,NaN,-1,-1,-0.92892,0.18043,-7.6683,-2.4404,-7.9435,-0.84009,NaN,NaN,NaN,NaN,NaN
400.5,-4.3313,-9.9095,-144.89,-0.8326,-0.15847,-6.7341,-2.7992,-7.4942,-0.89874,0,0,0,NaN,NaN,NaN,NaN,NaN,NaN,NaN,NaN,NaN,46.778,0,2625.3,0.0058767,NaN,NaN,NaN,NaN,13.653,96158,11.375,-0.93496,0.19204,-7.6729,-2.4783,-7.9912,-0.84217,NaN,NaN,NaN,NaN,NaN
400.5,-4.3378,-9.9322,-144.89,-1.0457,1.1003,-8.2447,-2.9534,-9.1679,-0.84173,-0.087391,-0.26596,-1.1121,NaN,NaN,NaN,NaN,NaN,NaN,NaN,NaN,NaN,46.778,0,2625.3,0.0058767,NaN,NaN,NaN,NaN,NaN,-1,-1,-0.93502,0.20106,-7.6777,-2.495,-7.9913,-0.84928,NaN,NaN,NaN,NaN,NaN
400.5,-4.3435,-9.9508,-144.89,-1.2498,0.78695,-8.5329,-2.644,-7.5388,-0.95214,0,0,0,NaN,NaN,NaN,NaN,NaN,NaN,NaN,NaN,NaN,46.778,0,2625.3,0.0058767,NaN,NaN,NaN,NaN,13.563,96119,11.25,-0.93584,0.19089,-7.6502,-2.5028,-7.8954,-0.85406,NaN,NaN,NaN,NaN,NaN
400.51,-4.3492,-9.9664,-144.89,-0.66497,-1.0074,-6.8318,-2.7323,-6.3048,-1.2252,0,0,0,NaN,NaN,NaN,NaN,NaN,NaN,NaN,NaN,NaN,46.778,0,2625.3,0.0058767,NaN,NaN,NaN,NaN,NaN,-1,-1,-0.93659,0.20432,-7.6545,-2.5396,-7.9312,-0.86357,NaN,NaN,NaN,NaN,NaN
400.51,-4.3547,-9.9897,-144.89,-0.83871,0.13244,-6.5858,-2.5368,-9.4336,-0.67643,0,0,0,NaN,NaN,NaN,NaN,NaN,NaN,NaN,NaN,NaN,46.778,0,2625.3,0.0058767,0.76321,2.5972,0.63533,0.10239,NaN,-1,-1,-0.94067,0.19235,-7.6655,-2.5908,-7.9967,-0.86754,NaN,NaN,NaN,NaN,NaN
400.51,-4.3598,-10.012,-144.89,-1.3991,0.53562,-8.4802,-2.3602,-9.1178,-0.67403,-0.097021,-0.27303,-1.1129,NaN,NaN,NaN,NaN,NaN,NaN,NaN,NaN,NaN,46.778,0,2625.3,0.0058767,NaN,NaN,NaN,NaN,13.562,96128,11.25,-0.94006,0.20882,-7.6427,-2.6274,-7.9221,-0.87668,NaN,NaN,NaN,NaN,NaN
400.51,-4.3649,-10.028,-144.89,-0.85796,-0.37021,-8.9415,-2.4423,-6.2124,-0.82414,0,0,0,NaN,NaN,NaN,NaN,NaN,NaN,NaN,NaN,NaN,46.778,0,2625.3,0.0058767,NaN,NaN,NaN,NaN,NaN,-1,-1,-0.94178,0.20571,-7.6441,-2.6819,-7.851,-0.88018,NaN,NaN,NaN,NaN,NaN
400.52,-4.376,-10.069,-144.89,-1.1558,1.1097,-8.1326,-2.4456,-8.9691,-1.1374,0,0,0,NaN,NaN,NaN,NaN,NaN,NaN,NaN,NaN,NaN,46.778,0,2625.3,0.0058767,NaN,NaN,NaN,NaN,NaN,-1,-1,-0.946,0.20006,-7.6473,-2.7442,-7.9137,-0.8889,NaN,NaN,NaN,NaN,NaN
400.52,-4.3805,-10.087,-144.89,-1.1175,-0.029168,-7.6202,-2.2012,-7.3849,-1.0173,-0.089686,-0.26845,-1.1145,NaN,NaN,NaN,NaN,NaN,NaN,NaN,NaN,NaN,46.778,0,2625.3,0.0058767,NaN,NaN,NaN,NaN,13.478,96135,11.375,-0.95355,0.20103,-7.638,-2.7824,-7.9454,-0.90265,NaN,NaN,NaN,NaN,NaN
400.52,-4.3857,-10.108,-144.89,-0.52332,-0.64152,-7.217,-2.4508,-8.2117,-0.96033,0,0,0,NaN,NaN,NaN,NaN,NaN,NaN,NaN,NaN,NaN,46.778,0,2625.3,0.0058767,NaN,NaN,NaN,NaN,13.624,96108,11.25,-0.95105,0.2086,-7.632,-2.8438,-7.8904,-0.93068,NaN,NaN,NaN,NaN,NaN
400.52,-4.3967,-10.146,-144.89,-0.92307,0.006775,-7.8343,-2.3644,-6.9169,-0.87044,0,0,0,NaN,NaN,NaN,NaN,NaN,NaN,NaN,NaN,NaN,46.778,0,2625.3,0.0058767,NaN,2.6157,0.65177,0.068258,NaN,-1,-1,-0.95289,0.20883,-7.6295,-2.9144,-7.8809,-0.93003,NaN,NaN,NaN,NaN,NaN
400.53,-4.4044,-10.165,-144.89,-0.73745,-0.16752,-7.0551,-3.4526,-7.6715,-0.84397,-0.08747,-0.27328,-1.1143,NaN,NaN,NaN,NaN,NaN,NaN,NaN,NaN,NaN,46.778,0,2625.3,0.0058767,NaN,NaN,NaN,NaN,NaN,-1,-1,-0.95249,0.21815,-7.6121,-2.9928,-7.945,-0.93419,NaN,NaN,NaN,NaN,NaN
400.53,-4.4116,-10.189,-144.88,-1.2822,1.5423,-8.3924,-3.1752,-9.7831,-0.46324,0,0,0,NaN,NaN,NaN,NaN,NaN,NaN,NaN,NaN,NaN,46.778,0,2625.3,0.0058767,NaN,NaN,NaN,NaN,NaN,-1,-1,-0.95768,0.21846,-7.6214,-3.0664,-7.9192,-0.93925,NaN,NaN,NaN,NaN,NaN
400.53,-4.4185,-10.206,-144.88,-1.2407,0.34174,-8.6372,-3.1234,-6.6706,-0.88906,0,0,0,NaN,NaN,NaN,NaN,NaN,NaN,NaN,NaN,NaN,46.797,0.024486,2622.4,0.0075089,NaN,NaN,NaN,NaN,13.855,96149,11.313,-0.95869,0.22604,-7.6186,-3.1406,-7.8702,-0.95562,NaN,NaN,NaN,NaN,NaN
400.53,-4.4261,-10.221,-144.88,-0.38199,-1.2424,-6.6211,-3.4226,-6.1853,-0.84729,0,0,0,NaN,NaN,NaN,NaN,NaN,NaN,NaN,NaN,NaN,46.797,0.024486,2622.4,0.0075089,NaN,NaN,NaN,NaN,NaN,-1,-1,-0.9616,0.24266,-7.5985,-3.1971,-7.9127,-0.96451,NaN,NaN,NaN,NaN,NaN
400.54,-4.4352,-10.245,-144.88,-1.0387,0.45783,-6.3492,-3.9984,-9.8364,-0.92957,-0.094517,-0.26334,-1.1105,NaN,NaN,NaN,NaN,NaN,NaN,NaN,NaN,NaN,46.797,0.024486,2622.4,0.0075089,NaN,NaN,NaN,NaN,NaN,-1,-1,-0.96171,0.2413,-7.606,-3.274,-7.9616,-0.95944,NaN,NaN,NaN,NaN,NaN
400.54,-4.4424,-10.267,-144.88,-1.3252,1.0995,-9.0198,-3.2468,-8.896,-0.847,0,0,0,NaN,NaN,NaN,NaN,NaN,NaN,NaN,NaN,NaN,46.797,0.024486,2622.4,0.0075089,NaN,NaN,NaN,NaN,13.293,96143,11.313,-0.96109,0.24043,-7.5921,-3.3359,-7.9111,-0.96813,NaN,NaN,NaN,NaN,NaN
400.54,-4.4492,-10.283,-144.88,-0.94241,-0.36073,-8.4025,-3.1181,-6.4984,-1.1119,0,0,0,NaN,NaN,NaN,NaN,NaN,NaN,NaN,NaN,NaN,46.797,0.024486,2622.4,0.0075089,NaN,NaN,NaN,NaN,13.71,96142,11.313,-0.95602,0.25703,-7.5899,-3.4321,-7.8996,-0.97118,NaN,NaN,NaN,NaN,NaN
400.54,-4.467,-10.326,-144.88,-1.3159,1.9577,-8.0444,-3.8589,-9.5544,-1.14,-0.0775,-0.25913,-1.1156,NaN,NaN,NaN,NaN,NaN,NaN,NaN,NaN,NaN,46.797,0.024486,2622.4,0.0075089,NaN,NaN,NaN,NaN,NaN,-1,-1,-0.95754,0.24678,-7.5758,-3.6464,-8.1094,-1.0132,NaN,NaN,NaN,NaN,NaN
400.55,-4.4737,-10.343,-144.88,-1.0823,0.24106,-8.5668,-3.1256,-6.798,-1.1561,0,0,0,NaN,NaN,NaN,NaN,NaN,NaN,NaN,NaN,NaN,46.797,0.024486,2622.4,0.0075089,NaN,NaN,NaN,NaN,NaN,-1,-1,-0.96359,0.25875,-7.5698,-3.6927,-8.072,-1.005,NaN,NaN,NaN,NaN,NaN
400.55,-4.4819,-10.361,-144.88,-0.50196,-1.2311,-6.563,-3.7406,-7.1683,-1.3232,0,0,0,NaN,NaN,NaN,NaN,NaN,NaN,NaN,NaN,NaN,46.797,0.024486,2622.4,0.0075089,0.78128,2.6091,0.66394,0.074085,NaN,-1,-1,-0.96494,0.26778,-7.5837,-3.7496,-8.0117,-1.0002,NaN,NaN,NaN,NaN,NaN
400.55,-4.4912,-10.383,-144.88,-0.74232,-0.01278,-7.4895,-4.0952,-8.8899,-1.0292,0,0,0,NaN,NaN,NaN,NaN,NaN,NaN,NaN,NaN,NaN,46.797,0.024486,2622.4,0.0075089,NaN,NaN,NaN,NaN,13.593,96116,11.25,-0.96158,0.27768,-7.5802,-3.798,-7.9682,-0.99108,NaN,NaN,NaN,NaN,NaN
400.55,-4.4989,-10.403,-144.88,-1.0158,1.0044,-8.5081,-3.4521,-8.2211,-1.0905,-0.089816,-0.26833,-1.1123,NaN,NaN,NaN,NaN,NaN,NaN,NaN,NaN,NaN,46.797,0.024486,2622.4,0.0075089,NaN,NaN,NaN,NaN,NaN,-1,-1,-0.9632,0.27601,-7.55,-3.8214,-7.9089,-0.98241,NaN,NaN,NaN,NaN,NaN
400.56,-4.5078,-10.419,-144.88,-0.82701,-0.37443,-7.2284,-3.9395,-6.4939,-0.74209,0,0,0,NaN,NaN,NaN,NaN,NaN,NaN,NaN,NaN,NaN,46.797,0.024486,2622.4,0.0075089,NaN,NaN,NaN,NaN,NaN,-1,-1,-0.96394,0.29864,-7.5415,-4.0194,-8.0712,-1.0167,NaN,NaN,NaN,NaN,NaN
400.56,-4.518,-10.441,-144.88,-1.362,0.71837,-7.7753,-4.4668,-8.7946,-1.1185,0,0,0,NaN,NaN,NaN,NaN,NaN,NaN,NaN,NaN,NaN,46.797,0.024486,2622.4,0.0075089,0.75336,2.6002,0.64325,0.095727,13.506,96150,11.375,-0.96858,0.2945,-7.5556,-4.0597,-8.0058,-1.0063,NaN,NaN,NaN,NaN,NaN
400.56,-4.5282,-10.461,-144.88,-0.96015,1.1925,-8.368,-4.4997,-7.9844,-1.1484,0,0,0,NaN,NaN,NaN,NaN,NaN,NaN,NaN,NaN,NaN,46.797,0.024486,2622.4,0.0075089,NaN,NaN,NaN,NaN,NaN,-1,-1,-0.96681,0.2888,-7.5535,-4.0608,-7.8855,-1.0037,NaN,NaN,NaN,NaN,NaN
400.56,-4.537,-10.475,-144.88,-0.59534,-0.41088,-7.0057,-3.9704,-5.8708,-0.96417,-0.08701,-0.27124,-1.1209,NaN,NaN,NaN,NaN,NaN,NaN,NaN,NaN,NaN,46.797,0.024486,2622.4,0.0075089,NaN,NaN,NaN,NaN,13.681,96163,11.375,-0.97192,0.30497,-7.5373,-4.0625,-7.7199,-1.0037,NaN,NaN,NaN,NaN,NaN
400.57,-4.547,-10.497,-144.88,-1.1064,-0.41462,-6.1017,-4.352,-9.0808,-0.92504,0,0,0,NaN,NaN,NaN,NaN,NaN,NaN,NaN,NaN,NaN,46.797,0.024486,2622.4,0.0075089,NaN,NaN,NaN,NaN,NaN,-1,-1,-0.9728,0.31187,-7.5389,-4.0756,-7.7077,-1.0012,NaN,NaN,NaN,NaN,NaN
400.57,-4.5569,-10.522,-144.88,-1.3803,0.85713,-8.7669,-4.2975,-9.7336,-1.0791,0,0,0,NaN,NaN,NaN,NaN,NaN,NaN,NaN,NaN,NaN,46.797,0.024486,2622.4,0.0075089,NaN,NaN,NaN,NaN,NaN,-1,-1,-0.97313,0.31951,-7.538,-4.0812,-7.6145,-0.98567,NaN,NaN,NaN,NaN,NaN
400.57,-4.5662,-10.538,-144.88,-0.69368,-0.10244,-8.356,-4.1797,-6.4716,-1.0994,0,0,0,NaN,NaN,NaN,NaN,NaN,NaN,NaN,NaN,NaN,46.797,0.024486,2622.4,0.0075089,0.77197,2.4767,0.7114,0.054939,13.475,96153,11.375,-0.97295,0.32377,-7.5221,-4.0975,-7.4826,-0.98612,NaN,NaN,NaN,NaN,NaN
400.57,-4.5768,-10.555,-144.88,-0.90733,-0.48406,-6.652,-4.6187,-7.0569,-0.91415,-0.07771,-0.26633,-1.1156,-6.6606,-14.11,-1.8262,15.71,40.059,-88.548,3.6795e+05,4.4355e+06,393.77,46.797,0.024486,2622.4,0.0075089,NaN,NaN,NaN,NaN,NaN,-1,-1,-0.96252,0.33415,-7.4481,-4.1122,-7.5062,-0.99988,15.447,-2.5794,-1.2305,-4.5543,-9.4502
400.58,-4.5863,-10.578,-144.88,-1.3115,1.9824,-7.3702,-4.1027,-9.0923,-0.8191,0,0,0,NaN,NaN,NaN,NaN,NaN,NaN,NaN,NaN,NaN,46.797,0.024486,2622.4,0.0075089,NaN,NaN,NaN,NaN,NaN,-1,-1,-0.96142,0.3351,-7.4471,-4.1078,-7.4204,-0.99668,NaN,NaN,NaN,NaN,NaN
400.58,-4.5945,-10.597,-144.88,-0.91566,0.25381,-8.5203,-3.718,-7.9461,-1.2778,0,0,0,NaN,NaN,NaN,NaN,NaN,NaN,NaN,NaN,NaN,46.797,0.024486,2622.4,0.0075089,NaN,NaN,NaN,NaN,13.766,96118,11.188,-0.96321,0.32558,-7.435,-4.1176,-7.4098,-0.99215,NaN,NaN,NaN,NaN,NaN
400.58,-4.6042,-10.614,-144.88,-0.67405,-1.3113,-6.8666,-4.297,-6.9103,-0.97466,0,0,0,NaN,NaN,NaN,NaN,NaN,NaN,NaN,NaN,NaN,46.797,0.024486,2622.4,0.0075089,NaN,NaN,NaN,NaN,NaN,-1,-1,-0.96609,0.3415,-7.4323,-4.1059,-7.3183,-0.98362,NaN,NaN,NaN,NaN,NaN
400.58,-4.6144,-10.634,-144.88,-0.87782,0.59407,-7.2542,-4.4553,-7.9912,-0.88602,-0.08242,-0.26626,-1.1161,NaN,NaN,NaN,NaN,NaN,NaN,NaN,NaN,NaN,46.797,0.024486,2622.4,0.0075089,0.75938,NaN,NaN,NaN,13.767,96132,11.25,-0.95592,0.34751,-7.3737,-4.124,-7.2327,-0.9824,NaN,NaN,NaN,NaN,NaN
400.59,-4.6335,-10.673,-144.88,-0.91832,-0.53634,-7.8274,-4.3337,-7.7548,-0.83039,0,0,0,NaN,NaN,NaN,NaN,NaN,NaN,NaN,NaN,NaN,46.797,0.024486,2622.4,0.0075089,NaN,2.6085,0.64385,0.091565,NaN,-1,-1,-0.95587,0.35313,-7.3653,-4.1402,-7.2736,-0.97143,NaN,NaN,NaN,NaN,NaN
400.59,-4.6451,-10.693,-144.88,-1.4067,1.2385,-8.3199,-5.034,-7.9591,-1.0643,0,0,0,NaN,NaN,NaN,NaN,NaN,NaN,NaN,NaN,NaN,46.797,0.024486,2622.4,0.0075089,NaN,NaN,NaN,NaN,NaN,-1,-1,-0.95968,0.35146,-7.3774,-4.1429,-7.2048,-0.9676,NaN,NaN,NaN,NaN,NaN
400.59,-4.6562,-10.71,-144.88,-0.82547,0.99346,-6.8319,-4.8552,-6.8599,-1.1553,-0.079725,-0.25922,-1.118,NaN,NaN,NaN,NaN,NaN,NaN,NaN,NaN,NaN,46.797,0.024486,2622.4,0.0075089,NaN,NaN,NaN,NaN,13.83,96171,11.438,-0.9588,0.34718,-7.3736,-4.1506,-7.0709,-0.9604,NaN,NaN,NaN,NaN,NaN
400.59,-4.6793,-10.751,-144.88,-1.3041,0.006191,-7.3332,-5.2564,-8.5847,-1.0032,0,0,0,NaN,NaN,NaN,NaN,NaN,NaN,NaN,NaN,NaN,46.797,0.024486,2622.4,0.0075089,NaN,NaN,NaN,NaN,NaN,-1,-1,-0.95667,0.34833,-7.3748,-4.1975,-7.1346,-0.9559,NaN,NaN,NaN,NaN,NaN
400.6,-4.6898,-10.771,-144.87,-1.2653,0.87455,-8.0142,-4.5403,-8.0116,-0.87181,0,0,0,NaN,NaN,NaN,NaN,NaN,NaN,NaN,NaN,NaN,46.797,0.024486,2622.4,0.0075089,NaN,NaN,NaN,NaN,NaN,-1,-1,-0.95902,0.35795,-7.3738,-4.2352,-7.1707,-0.95918,NaN,NaN,NaN,NaN,NaN
400.6,0,0,0,0,0,0,0,0,0,0,0,0,NaN,NaN,NaN,NaN,NaN,NaN,NaN,NaN,NaN,46.797,0.024486,2622.4,0.0075089,0.76157,2.6014,0.65177,0.0899,13.357,96124,11.313,-0.96277,0.35247,-7.3766,-4.2507,-7.0578,-0.9636,NaN,NaN,NaN,NaN,NaN
400.6,-4.6997,-10.79,-144.88,-0.67844,-0.05566,-8.0468,-4.4452,-7.5257,-1.2241,-0.075824,-0.27332,-1.111,NaN,NaN,NaN,NaN,NaN,NaN,NaN,NaN,NaN,46.797,0.024486,2622.4,0.0075089,NaN,NaN,NaN,NaN,13.652,96140,11.313,-0.96626,0.35538,-7.3813,-4.2964,-7.0736,-0.97056,NaN,NaN,NaN,NaN,NaN
400.6,-4.7098,-10.809,-144.88,-1.2423,0.095456,-7.1488,-4.4203,-7.9113,-1.153,0,0,0,NaN,NaN,NaN,NaN,NaN,NaN,NaN,NaN,NaN,46.797,0.024486,2622.4,0.0075089,NaN,NaN,NaN,NaN,NaN,-1,-1,-0.96955,0.35561,-7.373,-4.3375,-7.0834,-0.96442,NaN,NaN,NaN,NaN,NaN
400.61,-4.7204,-10.828,-144.88,-1.0892,1.3111,-7.519,-4.6654,-7.5413,-1.1829,0,0,0,NaN,NaN,NaN,NaN,NaN,NaN,NaN,NaN,NaN,46.797,0.024486,2622.4,0.0075089,NaN,NaN,NaN,NaN,NaN,-1,-1,-0.96827,0.34629,-7.3559,-4.3735,-7.0325,-0.98797,NaN,NaN,NaN,NaN,NaN
400.61,-4.7414,-10.868,-144.88,-0.75243,-0.77243,-8.11,-4.9619,-7.7052,-1.3494,-0.070494,-0.25671,-1.1128,NaN,NaN,NaN,NaN,NaN,NaN,NaN,NaN,NaN,46.797,0.024486,2622.4,0.0075089,NaN,NaN,NaN,NaN,NaN,-1,-1,-0.97477,0.35724,-7.3607,-4.4298,-7.027,-0.98987,NaN,NaN,NaN,NaN,NaN
400.61,0,0,0,0,0,0,0,0,0,0,0,0,NaN,NaN,NaN,NaN,NaN,NaN,NaN,NaN,NaN,46.797,0.024486,2622.4,0.0075089,0.76869,2.4862,0.70958,0.050777,13.566,96147,11.375,-0.97059,0.35873,-7.3716,-4.4729,-7.0739,-1.0005,NaN,NaN,NaN,NaN,NaN
400.61,-4.7617,-10.905,-144.88,-0.84783,0.70478,-6.9768,-4.4102,-7.8536,-1.1807,0,0,0,NaN,NaN,NaN,NaN,NaN,NaN,NaN,NaN,NaN,46.797,0.024486,2622.4,0.0075089,NaN,NaN,NaN,NaN,NaN,-1,-1,-0.97138,0.3569,-7.3676,-4.5361,-6.9945,-1.0044,NaN,NaN,NaN,NaN,NaN
400.62,-4.7742,-10.926,-144.88,-0.94434,-0.34605,-7.5971,-5.3801,-8.1676,-1.0841,0,0,0,NaN,NaN,NaN,NaN,NaN,NaN,NaN,NaN,NaN,46.797,0.024486,2622.4,0.0075089,NaN,NaN,NaN,NaN,NaN,-1,-1,-0.97529,0.36646,-7.3346,-4.6298,-7.0428,-1.0173,NaN,NaN,NaN,NaN,NaN
400.62,-4.7871,-10.946,-144.88,-1.5363,1.1057,-8.2724,-5.6484,-8.3136,-1.3664,-0.07292,-0.25907,-1.113,NaN,NaN,NaN,NaN,NaN,NaN,NaN,NaN,NaN,46.797,0.024486,2622.4,0.0075089,NaN,NaN,NaN,NaN,13.624,96171,11.438,-0.97133,0.35136,-7.3174,-4.7118,-7.1159,-1.0344,NaN,NaN,NaN,NaN,NaN
400.62,-4.7993,-10.963,-144.88,-1.0837,1.1382,-7.8613,-5.2585,-6.9529,-0.93295,0,0,0,NaN,NaN,NaN,NaN,NaN,NaN,NaN,NaN,NaN,46.797,0.024486,2622.4,0.0075089,NaN,NaN,NaN,NaN,13.591,96128,11.25,-0.96892,0.33003,-7.3055,-4.7599,-7.0127,-1.0503,NaN,NaN,NaN,NaN,NaN
400.62,-4.823,-11.004,-144.88,-1.3248,-0.099812,-6.5387,-5.3446,-9.6182,-1.2873,0,0,0,NaN,NaN,NaN,NaN,NaN,NaN,NaN,NaN,NaN,46.797,0.024486,2622.4,0.0075089,0.76869,2.4803,0.7114,0.023308,NaN,-1,-1,-0.96837,0.33614,-7.3031,-4.8576,-7.0608,-1.0687,NaN,NaN,NaN,NaN,NaN
400.63,-4.8469,-11.019,-144.88,-1.1674,0.84607,-8.8834,-5.0897,-8.2171,-0.93822,-0.072459,-0.25704,-1.1196,NaN,NaN,NaN,NaN,NaN,NaN,NaN,NaN,NaN,46.797,0.024486,2622.4,0.0075089,NaN,NaN,NaN,NaN,NaN,-1,-1,-0.97123,0.33232,-7.3578,-4.9479,-7.2408,-1.0823,NaN,NaN,NaN,NaN,NaN
400.63,-4.8587,-11.035,-144.88,-0.78497,-0.20996,-7.6847,-5.0766,-6.268,-0.83216,0,0,0,NaN,NaN,NaN,NaN,NaN,NaN,NaN,NaN,NaN,46.797,0.024486,2622.4,0.0075089,NaN,NaN,NaN,NaN,NaN,-1,-1,-0.97354,0.33689,-7.3334,-5.0462,-7.1667,-1.1143,NaN,NaN,NaN,NaN,NaN
400.63,-4.8837,-11.075,-144.88,-1.3421,1.8461,-8.2178,-5.3121,-8.0196,-1.2556,0,0,0,NaN,NaN,NaN,NaN,NaN,NaN,NaN,NaN,NaN,46.797,0.024486,2622.4,0.0075089,NaN,NaN,NaN,NaN,13.888,96147,11.375,-0.98332,0.33718,-7.3396,-5.1679,-7.2139,-1.1303,NaN,NaN,NaN,NaN,NaN
400.63,-4.8951,-11.092,-144.88,-0.75105,0.36029,-6.9077,-5.0064,-6.6277,-1.3063,-0.056113,-0.26206,-1.1181,NaN,NaN,NaN,NaN,NaN,NaN,NaN,NaN,NaN,46.797,0.024486,2622.4,0.0075089,0.77252,2.4856,0.37426,0.042453,NaN,-1,-1,-0.98841,0.32877,-7.4048,-5.2489,-7.2996,-1.1464,NaN,NaN,NaN,NaN,NaN
400.64,-4.9075,-11.111,-144.88,-0.66221,-1.0599,-7.5258,-5.444,-7.6954,-1.4005,0,0,0,NaN,NaN,NaN,NaN,NaN,NaN,NaN,NaN,NaN,46.797,0.024486,2622.4,0.0075089,0.77252,2.4856,0.37426,0.042453,NaN,-1,-1,-0.98365,0.30624,-7.3904,-5.3352,-7.3707,-1.1697,NaN,NaN,NaN,NaN,NaN
400.64,-4.9207,-11.132,-144.88,-1.1436,0.18372,-7.9208,-5.671,-8.3485,-1.1888,0,0,0,NaN,NaN,NaN,NaN,NaN,NaN,NaN,NaN,NaN,46.797,0.024486,2622.4,0.0075089,NaN,NaN,NaN,NaN,13.623,96136,11.313,-0.99103,0.30317,-7.4006,-5.4319,-7.3999,-1.1866,NaN,NaN,NaN,NaN,NaN
400.64,-4.9336,-11.149,-144.88,-0.79357,0.98116,-7.7546,-5.5654,-6.99,-1.0448,0,0,0,NaN,NaN,NaN,NaN,NaN,NaN,NaN,NaN,NaN,46.778,0.024486,2622.4,0.0058767,NaN,NaN,NaN,NaN,NaN,-1,-1,-0.99419,0.30925,-7.4076,-5.5235,-7.4469,-1.2144,NaN,NaN,NaN,NaN,NaN
400.64,-4.9476,-11.167,-144.88,-0.85279,-0.83459,-6.9782,-6.0088,-7.2503,-1.2035,-0.084235,-0.25687,-1.1207,NaN,NaN,NaN,NaN,NaN,NaN,NaN,NaN,NaN,46.778,0.024486,2622.4,0.0058767,NaN,NaN,NaN,NaN,13.768,96109,11.188,-0.98745,0.29778,-7.4061,-5.6259,-7.5775,-1.2281,NaN,NaN,NaN,NaN,NaN
400.65,-4.9624,-11.188,-144.88,-1.5191,1.1737,-8.6133,-6.3361,-8.5833,-1.2734,0,0,0,NaN,NaN,NaN,NaN,NaN,NaN,NaN,NaN,NaN,46.778,0.024486,2622.4,0.0058767,NaN,NaN,NaN,NaN,NaN,-1,-1,-0.98925,0.29175,-7.3955,-5.7463,-7.4963,-1.2529,NaN,NaN,NaN,NaN,NaN
400.65,-4.9762,-11.204,-144.88,-1.0659,1.1921,-7.9214,-5.9782,-6.4485,-1.2965,0,0,0,NaN,NaN,NaN,NaN,NaN,NaN,NaN,NaN,NaN,46.778,0.024486,2622.4,0.0058767,0.76485,NaN,NaN,NaN,NaN,-1,-1,-0.99044,0.27205,-7.4045,-5.8335,-7.3546,-1.2775,NaN,NaN,NaN,NaN,NaN
400.65,-4.9893,-11.22,-144.88,-0.4346,-0.88017,-6.4543,-5.6252,-6.5495,-0.96589,0,0,0,NaN,NaN,NaN,NaN,NaN,NaN,NaN,NaN,NaN,46.778,0.024486,2622.4,0.0058767,NaN,2.6228,0.29819,0.084073,13.593,96118,11.25,-0.99103,0.24808,-7.4112,-5.9593,-7.5119,-1.3014,NaN,NaN,NaN,NaN,NaN
400.65,-5.0037,-11.242,-144.88,-1.2268,-0.32126,-6.6829,-6.1858,-8.7252,-1.1879,-0.084496,-0.25663,-1.1162,NaN,NaN,NaN,NaN,NaN,NaN,NaN,NaN,NaN,46.778,0.024486,2622.4,0.0058767,NaN,NaN,NaN,NaN,NaN,-1,-1,-0.99204,0.25402,-7.4047,-6.0619,-7.6424,-1.3112,NaN,NaN,NaN,NaN,NaN
400.66,-5.018,-11.263,-144.88,-1.3285,1.3459,-8.8219,-6.1461,-8.3094,-1.1868,0,0,0,NaN,NaN,NaN,NaN,NaN,NaN,NaN,NaN,NaN,46.778,0.024486,2622.4,0.0058767,NaN,NaN,NaN,NaN,NaN,-1,-1,-0.99319,0.2558,-7.4036,-5.9889,-7.374,-1.2877,NaN,NaN,NaN,NaN,NaN
400.66,-5.0306,-11.277,-144.88,-0.84768,-0.48316,-8.0882,-5.5768,-5.8294,-1.7028,0,0,0,NaN,NaN,NaN,NaN,NaN,NaN,NaN,NaN,NaN,46.778,0.024486,2622.4,0.0058767,NaN,NaN,NaN,NaN,13.888,96169,11.438,-0.99823,0.25125,-7.4105,-6.0616,-7.406,-1.2995,NaN,NaN,NaN,NaN,NaN
400.66,-5.0455,-11.296,-144.88,-0.84025,-0.36231,-6.4973,-6.3653,-7.7973,-1.0968,0,0,0,NaN,NaN,NaN,NaN,NaN,NaN,NaN,NaN,NaN,46.778,0.024486,2622.4,0.0058767,NaN,NaN,NaN,NaN,NaN,-1,-1,-1.0019,0.25255,-7.4139,-6.1293,-7.4611,-1.317,NaN,NaN,NaN,NaN,NaN
400.66,-5.0601,-11.317,-144.88,-1.2703,1.9057,-8.1954,-6.2915,-8.463,-1.5322,-0.075354,-0.26636,-1.1154,NaN,NaN,NaN,NaN,NaN,NaN,NaN,NaN,NaN,46.778,0.024486,2622.4,0.0058767,NaN,NaN,NaN,NaN,13.797,96107,11.188,-0.99702,0.22602,-7.3869,-6.192,-7.4368,-1.3361,NaN,NaN,NaN,NaN,NaN
400.67,-5.0872,-11.351,-144.88,-0.54034,-0.57152,-6.8646,-6.1458,-6.5108,-1.422,0,0,0,NaN,NaN,NaN,NaN,NaN,NaN,NaN,NaN,NaN,46.778,0.024486,2622.4,0.0058767,NaN,NaN,NaN,NaN,NaN,-1,-1,-0.99809,0.22432,-7.4027,-6.2402,-7.4856,-1.3506,NaN,NaN,NaN,NaN,NaN
400.67,-5.1013,-11.373,-144.88,-0.74113,0.0433,-7.3608,-6.0615,-8.6003,-1.2984,0,0,0,NaN,NaN,NaN,NaN,NaN,NaN,NaN,NaN,NaN,46.778,0.024486,2622.4,0.0058767,NaN,NaN,NaN,NaN,NaN,-1,-1,-1.0033,0.2201,-7.4176,-6.1254,-7.1993,-1.3151,NaN,NaN,NaN,NaN,NaN
400.67,-5.1145,-11.391,-144.88,-1.19,0.68952,-8.3618,-5.7609,-7.2615,-1.4342,-0.082201,-0.25415,-1.1138,NaN,NaN,NaN,NaN,NaN,NaN,NaN,NaN,NaN,46.778,0.024486,2622.4,0.0058767,NaN,NaN,NaN,NaN,13.65,96133,11.25,-0.99883,0.20753,-7.4026,-6.1358,-7.2365,-1.3158,NaN,NaN,NaN,NaN,NaN
400.67,-5.129,-11.405,-144.88,-0.95876,-0.75186,-7.3573,-6.2972,-5.7471,-1.4211,0,0,0,NaN,NaN,NaN,NaN,NaN,NaN,NaN,NaN,NaN,46.778,0.024486,2622.4,0.0058767,NaN,NaN,NaN,NaN,NaN,-1,-1,-1.0057,0.21993,-7.4199,-6.1509,-7.276,-1.3176,NaN,NaN,NaN,NaN,NaN
400.68,-5.1455,-11.427,-144.88,-1.0927,1.2045,-6.7759,-7.0012,-8.8026,-1.3226,0,0,0,NaN,NaN,NaN,NaN,NaN,NaN,NaN,NaN,NaN,46.778,0.024486,2622.4,0.0058767,NaN,NaN,NaN,NaN,13.741,96158,11.375,-1.0085,0.20517,-7.4207,-6.1902,-7.1942,-1.334,NaN,NaN,NaN,NaN,NaN
400.68,-5.1596,-11.446,-144.88,-0.98013,1.4256,-9.2058,-6.0512,-7.7121,-1.205,0,0,0,NaN,NaN,NaN,NaN,NaN,NaN,NaN,NaN,NaN,46.778,0.024486,2622.4,0.0058767,NaN,NaN,NaN,NaN,NaN,-1,-1,-1.002,0.17001,-7.3925,-6.1944,-7.2419,-1.3278,NaN,NaN,NaN,NaN,NaN
400.68,-5.174,-11.457,-144.88,-1.0579,-1.0024,-7.0599,-6.3046,-4.6203,-1.5326,-0.075215,-0.26156,-1.1154,NaN,NaN,NaN,NaN,NaN,NaN,NaN,NaN,NaN,46.778,0.024486,2622.4,0.0058767,NaN,NaN,NaN,NaN,NaN,-1,-1,-1.005,0.15806,-7.4081,-6.1956,-7.2821,-1.3315,NaN,NaN,NaN,NaN,NaN
400.68,-5.2024,-11.499,-144.88,-1.1977,1.2241,-7.6141,-5.9935,-9.048,-1.029,0,0,0,NaN,NaN,NaN,NaN,NaN,NaN,NaN,NaN,NaN,46.778,0.024486,2622.4,0.0058767,NaN,NaN,NaN,NaN,13.769,96143,11.313,-1.0094,0.16801,-7.4271,-6.1986,-7.2651,-1.3093,NaN,NaN,NaN,NaN,NaN
400.69,-5.2156,-11.514,-144.88,-1.1452,-0.38166,-8.5463,-5.731,-5.9372,-1.303,0,0,0,NaN,NaN,NaN,NaN,NaN,NaN,NaN,NaN,NaN,46.778,0.024486,2622.4,0.0058767,0.75391,2.6055,-7.6137,0.075749,NaN,-1,-1,-1.0058,0.14939,-7.4025,-6.1822,-7.2652,-1.2823,NaN,NaN,NaN,NaN,NaN
400.69,-5.2459,-11.547,-144.89,-1.0777,1.4951,-6.9616,-6.4619,-6.8042,-1.1718,0,0,0,NaN,NaN,NaN,NaN,NaN,NaN,NaN,NaN,NaN,46.778,0.024486,2622.4,0.0058767,NaN,NaN,NaN,NaN,NaN,-1,-1,-1.0083,0.1364,-7.4023,-6.173,-7.2343,-1.2658,NaN,NaN,NaN,NaN,NaN
400.69,-5.2593,-11.562,-144.89,-1.1283,0.44474,-7.1076,-5.8388,-6.2277,-1.428,0,0,0,NaN,NaN,NaN,NaN,NaN,NaN,NaN,NaN,NaN,46.778,0.024486,2622.4,0.0058767,NaN,NaN,NaN,NaN,13.77,96160,11.375,-1.0139,0.13894,-7.4145,-6.149,-7.1408,-1.248,NaN,NaN,NaN,NaN,NaN
400.69,-5.273,-11.578,-144.89,-0.69496,-0.89438,-7.5467,-5.9724,-6.2947,-1.3701,0,0,0,NaN,NaN,NaN,NaN,NaN,NaN,NaN,NaN,NaN,46.778,0.024486,2622.4,0.0058767,NaN,NaN,NaN,NaN,NaN,-1,-1,-1.0091,0.10988,-7.4023,-6.1344,-7.1697,-1.2344,NaN,NaN,NaN,NaN,NaN
400.7,-5.2878,-11.595,-144.89,-1.1016,0.20853,-8.6135,-6.264,-6.7674,-0.89903,-0.067549,-0.25482,-1.1214,NaN,NaN,NaN,NaN,NaN,NaN,NaN,NaN,NaN,46.778,0.024486,2622.4,0.0058767,0.74569,2.6008,-10.836,0.10322,NaN,-1,-1,-1.0091,0.081735,-7.3826,-6.1091,-7.2234,-1.2041,NaN,NaN,NaN,NaN,NaN
400.7,-5.301,-11.604,-144.89,-0.87313,0.3238,-6.688,-5.7577,-3.7835,-1.1748,0,0,0,NaN,NaN,NaN,NaN,NaN,NaN,NaN,NaN,NaN,46.778,0.024486,2622.4,0.0058767,NaN,2.6008,NaN,NaN,13.594,96157,11.375,-1.018,0.086373,-7.4046,-6.1203,-7.1967,-1.162,NaN,NaN,NaN,NaN,NaN
400.7,-5.3149,-11.63,-144.89,-0.2858,-0.77406,-5.3966,-5.8729,-10.511,-1.0165,0,0,0,NaN,NaN,NaN,NaN,NaN,NaN,NaN,NaN,NaN,46.778,0.024486,2622.4,0.0058767,NaN,NaN,NaN,NaN,NaN,-1,-1,-1.0157,0.078413,-7.4137,-6.1176,-7.1199,-1.115,NaN,NaN,NaN,NaN,NaN
400.7,-5.3311,-11.66,-144.89,-1.9441,1.0394,-8.8618,-6.793,-12.231,-1.0729,0,0,0,NaN,NaN,NaN,NaN,NaN,NaN,NaN,NaN,NaN,46.778,0.024486,2622.4,0.0058767,NaN,NaN,NaN,NaN,13.74,96140,11.313,-1.0119,0.052965,-7.4019,-6.1434,-7.1141,-1.0755,NaN,NaN,NaN,NaN,NaN
400.71,-5.3456,-11.674,-144.88,-1.1857,0.99765,-9.3977,-6.1959,-5.5042,-0.88734,-0.057918,-0.24775,-1.1205,NaN,NaN,NaN,NaN,NaN,NaN,NaN,NaN,NaN,46.778,0.024486,2622.4,0.0058767,NaN,NaN,NaN,NaN,NaN,-1,-1,-1.0147,0.049482,-7.4046,-6.1337,-7.162,-1.0572,NaN,NaN,NaN,NaN,NaN
400.71,-5.3601,-11.688,-144.88,-0.37805,-0.91059,-5.6242,-6.2181,-5.6289,-1.089,0,0,0,NaN,NaN,NaN,NaN,NaN,NaN,NaN,NaN,NaN,46.778,0.024486,2622.4,0.0058767,NaN,NaN,NaN,NaN,NaN,-1,-1,-1.0106,0.028475,-7.3874,-6.0992,-7.1204,-0.99571,NaN,NaN,NaN,NaN,NaN
400.71,-5.3752,-11.71,-144.88,-1.3876,-0.29217,-6.7796,-6.3874,-8.8747,-1.0301,0,0,0,NaN,NaN,NaN,NaN,NaN,NaN,NaN,NaN,NaN,46.778,0.024486,2622.4,0.0058767,0.75226,NaN,-19.061,NaN,13.687,96172,11.5,-1.0135,-0.0034026,-7.4,-6.1094,-7.1893,-0.9508,NaN,NaN,NaN,NaN,NaN
400.71,-5.3888,-11.727,-144.88,-1.2555,0.70063,-8.6985,-5.8372,-6.7606,-1.0417,0,0,0,NaN,NaN,NaN,NaN,NaN,NaN,NaN,NaN,NaN,46.778,0.024486,2622.4,0.0058767,NaN,2.6175,NaN,0.10488,NaN,-1,-1,-1.0154,-0.0047895,-7.3981,-6.1145,-7.2396,-0.89079,NaN,NaN,NaN,NaN,NaN
400.72,-5.4023,-11.742,-144.88,-0.845,-0.36521,-7.1037,-5.713,-6.397,-0.73321,-0.058058,-0.25255,-1.1205,NaN,NaN,NaN,NaN,NaN,NaN,NaN,NaN,NaN,46.778,0.024486,2622.4,0.0058767,NaN,NaN,NaN,NaN,NaN,-1,-1,-1.0133,-0.0081939,-7.398,-6.0728,-7.2106,-0.84589,NaN,NaN,NaN,NaN,NaN
400.72,-5.4163,-11.763,-144.88,-1.0185,-0.35171,-7.9129,-5.8777,-8.5529,-0.60676,0,0,0,NaN,NaN,NaN,NaN,NaN,NaN,NaN,NaN,NaN,46.778,0.024486,2622.4,0.0058767,NaN,NaN,NaN,NaN,13.795,96123,11.188,-1.0198,-0.021461,-7.4049,-6.0521,-7.0922,-0.75607,NaN,NaN,NaN,NaN,NaN
400.72,-5.4317,-11.78,-144.88,-1.2988,0.59014,-7.0064,-6.5145,-6.6875,-0.83824,0,0,0,NaN,NaN,NaN,NaN,NaN,NaN,NaN,NaN,NaN,46.778,0.024486,2622.4,0.0058767,NaN,NaN,NaN,NaN,13.739,96124,11.25,-1.024,-0.035183,-7.4022,-6.0518,-7.1416,-0.68306,NaN,NaN,NaN,NaN,NaN
400.72,-5.4454,-11.8,-144.88,-0.92306,0.56198,-7.3012,-5.7783,-8.2864,-0.80432,0,0,0,NaN,NaN,NaN,NaN,NaN,NaN,NaN,NaN,NaN,46.778,0.024486,2622.4,0.0058767,0.755,2.6097,-23.988,0.089068,NaN,-1,-1,-1.0189,-0.062949,-7.372,-6.0603,-7.0586,-0.59952,NaN,NaN,NaN,NaN,NaN
400.73,-5.4585,-11.814,-144.88,-1.1772,-0.62203,-8.3317,-5.5987,-5.5945,-0.68411,-0.053548,-0.25489,-1.1179,NaN,NaN,NaN,NaN,NaN,NaN,NaN,NaN,NaN,46.778,0.024486,2622.4,0.0058767,NaN,NaN,NaN,NaN,NaN,-1,-1,-1.0201,-0.080763,-7.3839,-6.0307,-7.0614,-0.50933,NaN,NaN,NaN,NaN,NaN
400.73,-5.4733,-11.828,-144.88,-0.55504,-0.84866,-6.0494,-6.2011,-5.5815,-0.41803,0,0,0,NaN,NaN,NaN,NaN,NaN,NaN,NaN,NaN,NaN,46.778,0.024486,2622.4,0.0058767,NaN,NaN,NaN,NaN,NaN,-1,-1,-1.0316,-0.081459,-7.3989,-6.0367,-7.0348,-0.40456,NaN,NaN,NaN,NaN,NaN
400.73,-5.4871,-11.851,-144.87,-1.0324,0.83317,-8.2089,-5.6576,-9.6112,-0.086975,0,0,0,NaN,NaN,NaN,NaN,NaN,NaN,NaN,NaN,NaN,46.778,0.024486,2622.4,0.0058767,NaN,NaN,NaN,NaN,13.738,96133,11.25,-1.0277,-0.091274,-7.3936,-6.0232,-6.9343,-0.30286,NaN,NaN,NaN,NaN,NaN
400.73,-5.5168,-11.878,-144.87,-1.0681,0.29136,-7.8078,-6.2152,-4.362,-0.11304,-0.064924,-0.25017,-1.1234,NaN,NaN,NaN,NaN,NaN,NaN,NaN,NaN,NaN,46.778,0.024486,2622.4,0.0058767,NaN,NaN,NaN,NaN,NaN,-1,-1,-1.0323,-0.095815,-7.3994,-6.0515,-6.9274,-0.18246,NaN,NaN,NaN,NaN,NaN
400.74,-5.5322,-11.895,-144.87,-1.2477,0.5161,-6.942,-6.3188,-7.1254,0.060963,0,0,0,NaN,NaN,NaN,NaN,NaN,NaN,NaN,NaN,NaN,46.778,0.024486,2622.4,0.0058767,NaN,NaN,NaN,NaN,NaN,-1,-1,-1.0328,-0.11242,-7.3937,-6.0475,-6.9328,-0.069342,NaN,NaN,NaN,NaN,NaN
400.74,-5.5465,-11.914,-144.86,-0.7494,-0.33994,-7.759,-5.8745,-7.8591,-0.14857,0,0,0,NaN,NaN,NaN,NaN,NaN,NaN,NaN,NaN,NaN,46.778,0.024486,2622.4,0.0058767,0.82508,2.5232,-24.035,0.00083241,13.714,96183,11.5,-1.03,-0.15296,-7.3754,-6.0584,-6.8058,0.038731,NaN,NaN,NaN,NaN,NaN
400.74,-5.5617,-11.927,-144.86,-1.1038,-0.94177,-6.8537,-6.257,-5.2501,0.07374,0,0,0,NaN,NaN,NaN,NaN,NaN,NaN,NaN,NaN,NaN,46.778,0.024486,2622.4,0.0058767,NaN,NaN,NaN,NaN,NaN,-1,-1,-1.0335,-0.16623,-7.4019,-6.0225,-6.8044,0.15795,NaN,NaN,NaN,NaN,NaN
400.74,-5.5767,-11.946,-144.86,-1.0391,0.14511,-6.6906,-6.139,-7.7552,0.21704,-0.076941,-0.23993,-1.1156,NaN,NaN,NaN,NaN,NaN,NaN,NaN,NaN,NaN,46.778,0.024486,2622.4,0.0058767,NaN,NaN,NaN,NaN,13.742,96151,11.375,-1.0323,-0.17631,-7.3885,-5.9732,-6.7445,0.27203,NaN,NaN,NaN,NaN,NaN
400.75,-5.5918,-11.966,-144.85,-1.1961,-0.14961,-8.5472,-6.1051,-8.4545,0.34423,0,0,0,NaN,NaN,NaN,NaN,NaN,NaN,NaN,NaN,NaN,46.778,0.024486,2622.4,0.0058767,NaN,NaN,NaN,NaN,NaN,-1,-1,-1.0383,-0.18599,-7.4015,-5.9649,-6.7174,0.40725,NaN,NaN,NaN,NaN,NaN
400.75,-5.6069,-11.98,-144.85,-1.2519,-0.60415,-8.2665,-6.0855,-5.8269,0.60533,0,0,0,NaN,NaN,NaN,NaN,NaN,NaN,NaN,NaN,NaN,46.778,0.024486,2622.4,0.0058767,0.75336,2.6103,-24.233,0.086571,NaN,-1,-1,-1.0434,-0.19572,-7.4027,-5.9363,-6.62,0.53939,NaN,NaN,NaN,NaN,NaN
400.75,-5.6232,-11.994,-144.84,-0.69343,0.746,-7.5511,-6.5792,-5.589,0.56539,0,0,0,NaN,NaN,NaN,NaN,NaN,NaN,NaN,NaN,NaN,46.817,0,2622.4,0.0069644,NaN,NaN,NaN,NaN,13.943,96146,11.313,-1.043,-0.21579,-7.4009,-5.9167,-6.4756,0.66569,NaN,NaN,NaN,NaN,NaN
400.75,-5.6362,-12.009,-144.84,-1.4431,-0.17632,-6.1586,-5.2378,-6.503,0.62504,-0.050783,-0.24545,-1.1199,NaN,NaN,NaN,NaN,NaN,NaN,NaN,NaN,NaN,46.817,0,2622.4,0.0069644,NaN,NaN,NaN,NaN,NaN,-1,-1,-1.0424,-0.23897,-7.3939,-5.9139,-6.3764,0.82752,NaN,NaN,NaN,NaN,NaN
400.76,-5.651,-12.03,-144.83,-0.58553,-0.3801,-7.0823,-5.922,-8.3197,0.57645,0,0,0,NaN,NaN,NaN,NaN,NaN,NaN,NaN,NaN,NaN,46.817,0,2622.4,0.0069644,NaN,NaN,NaN,NaN,NaN,-1,-1,-1.0475,-0.2502,-7.4091,-5.8916,-6.2118,0.98644,NaN,NaN,NaN,NaN,NaN
400.76,-5.6645,-12.049,-144.83,-1.1856,-1.2039,-9.1321,-5.3195,-7.9102,0.97724,0,0,0,NaN,NaN,NaN,NaN,NaN,NaN,NaN,NaN,NaN,46.817,0,2622.4,0.0069644,NaN,NaN,NaN,NaN,13.855,96108,11.188,-1.0495,-0.25313,-7.4143,-5.8979,-6.1866,1.1593,NaN,NaN,NaN,NaN,NaN
400.76,-5.6798,-12.058,-144.82,-0.84934,0.7178,-6.8005,-5.949,-3.9937,1.9616,0,0,0,NaN,NaN,NaN,NaN,NaN,NaN,NaN,NaN,NaN,46.817,0,2622.4,0.0069644,NaN,NaN,NaN,NaN,NaN,-1,-1,-1.0478,-0.26983,-7.4204,-5.9183,-6.3194,1.3395,NaN,NaN,NaN,NaN,NaN
400.76,-5.6958,-12.072,-144.82,-0.93596,-1.3713,-7.4801,-6.295,-6.1925,1.4218,-0.057909,-0.24283,-1.1183,NaN,NaN,NaN,NaN,NaN,NaN,NaN,NaN,NaN,46.817,0,2622.4,0.0069644,0.75883,2.4797,-24.142,0.043285,13.884,96128,11.25,-1.0479,-0.27212,-7.4317,-5.9015,-6.1743,1.5071,NaN,NaN,NaN,NaN,NaN
400.77,-5.7261,-12.104,-144.8,-1.5286,-0.66796,-8.3927,-5.4405,-4.8476,2.1243,0,0,0,NaN,NaN,NaN,NaN,NaN,NaN,NaN,NaN,NaN,46.817,0,2622.4,0.0069644,NaN,NaN,NaN,NaN,NaN,-1,-1,-1.0479,-0.29258,-7.4066,-5.891,-6.1105,1.6712,NaN,NaN,NaN,NaN,NaN
400.77,-5.7261,-12.104,-144.8,-1.5286,-0.66796,-8.3927,-5.4405,-4.8476,2.1243,0,0,0,NaN,NaN,NaN,NaN,NaN,NaN,NaN,NaN,NaN,46.817,0,2622.4,0.0069644,NaN,NaN,NaN,NaN,NaN,-1,-1,-1.0484,-0.30979,-7.4162,-6.0092,-6.2777,2.0651,NaN,NaN,NaN,NaN,NaN
400.77,-5.7424,-12.113,-144.79,-0.64294,-0.86082,-6.3393,-6.1804,-4.2482,2.4554,0,0,0,NaN,NaN,NaN,NaN,NaN,NaN,NaN,NaN,NaN,46.817,0,2622.4,0.0069644,NaN,NaN,NaN,NaN,13.796,96116,11.188,-1.0479,-0.31021,-7.421,-5.9227,-6.159,2.1864,NaN,NaN,NaN,NaN,NaN
400.77,-5.7591,-12.134,-144.78,-1.1144,-1.6419,-6.6424,-6.3729,-8.7842,2.0813,-0.064844,-0.24285,-1.1211,NaN,NaN,NaN,NaN,NaN,NaN,NaN,NaN,NaN,46.817,0,2622.4,0.0069644,NaN,NaN,NaN,NaN,NaN,-1,-1,-1.0498,-0.3171,-7.4261,-5.8305,-6.055,2.3308,NaN,NaN,NaN,NaN,NaN
400.78,-5.7905,-12.16,-144.76,-1.0121,-0.17909,-7.5524,-5.7551,-4.6769,2.5008,0,0,0,NaN,NaN,NaN,NaN,NaN,NaN,NaN,NaN,NaN,46.817,0,2622.4,0.0069644,NaN,2.6055,NaN,0.10405,NaN,-1,-1,-1.0519,-0.32465,-7.4268,-5.7379,-6.0299,2.4718,NaN,NaN,NaN,NaN,NaN
400.78,-5.8047,-12.175,-144.75,-1.0295,-0.43444,-7.5409,-5.2709,-6.5577,2.6358,0,0,0,NaN,NaN,NaN,NaN,NaN,NaN,NaN,NaN,NaN,46.817,0,2622.4,0.0069644,NaN,NaN,NaN,NaN,13.883,96139,11.25,-1.0551,-0.33637,-7.4284,-5.8251,-6.1088,2.8857,NaN,NaN,NaN,NaN,NaN
400.78,-5.8215,-12.189,-144.74,-1.3548,0.54279,-7.6396,-6.2856,-6.1442,2.9335,-0.057778,-0.24295,-1.1205,NaN,NaN,NaN,NaN,NaN,NaN,NaN,NaN,NaN,46.817,0,2622.4,0.0069644,NaN,NaN,NaN,NaN,NaN,-1,-1,-1.0521,-0.35759,-7.4161,-5.7261,-6.0062,2.9831,NaN,NaN,NaN,NaN,NaN
400.78,-5.8345,-12.203,-144.73,-1.2487,0.063308,-6.9156,-4.7932,-5.7609,2.6992,0,0,0,NaN,NaN,NaN,NaN,NaN,NaN,NaN,NaN,NaN,46.817,0,2622.4,0.0069644,NaN,NaN,NaN,NaN,13.856,96143,11.313,-1.0551,-0.36284,-7.4233,-5.6087,-5.9354,3.0969,NaN,NaN,NaN,NaN,NaN
400.79,-5.8502,-12.217,-144.72,-0.76604,-0.81323,-8.5179,-5.7531,-6.2376,3.1056,0,0,0,NaN,NaN,NaN,NaN,NaN,NaN,NaN,NaN,NaN,46.817,0,2622.4,0.0069644,NaN,NaN,NaN,NaN,NaN,-1,-1,-1.0631,-0.35618,-7.4286,-5.5343,-5.7458,3.2365,NaN,NaN,NaN,NaN,NaN
400.79,-5.8645,-12.232,-144.71,-0.99811,-1.8385,-7.3497,-5.2475,-6.5403,2.9425,0,0,0,NaN,NaN,NaN,NaN,NaN,NaN,NaN,NaN,NaN,46.817,0,2622.4,0.0069644,NaN,NaN,NaN,NaN,NaN,-1,-1,-1.063,-0.3633,-7.4383,-5.4451,-5.7588,3.3855,NaN,NaN,NaN,NaN,NaN
400.79,-5.879,-12.244,-144.7,-0.31176,0.86956,-7.8396,-5.2284,-5.2516,3.6114,-0.057518,-0.24319,-1.1249,NaN,NaN,NaN,NaN,NaN,NaN,NaN,NaN,NaN,46.817,0,2622.4,0.0069644,NaN,NaN,NaN,NaN,14.087,96166,11.375,-1.0614,-0.36401,-7.4348,-5.3632,-5.5957,3.5425,NaN,NaN,NaN,NaN,NaN
400.79,-5.8929,-12.257,-144.69,-1.3745,-1.3121,-6.8023,-4.9012,-5.756,3.7923,0,0,0,NaN,NaN,NaN,NaN,NaN,NaN,NaN,NaN,NaN,46.817,0,2622.4,0.0069644,NaN,NaN,NaN,NaN,NaN,-1,-1,-1.064,-0.37613,-7.4164,-5.2834,-5.4866,3.7219,NaN,NaN,NaN,NaN,NaN
400.8,-5.9097,-12.271,-144.68,-1.4513,0.07761,-7.9308,-5.933,-6.3366,4.3722,0,0,0,NaN,NaN,NaN,NaN,NaN,NaN,NaN,NaN,NaN,46.817,0,2622.4,0.0069644,NaN,NaN,NaN,NaN,NaN,-1,-1,-1.0522,-0.40903,-7.3484,-5.16,-5.4185,3.895,NaN,NaN,NaN,NaN,NaN
400.8,-5.927,-12.282,-144.66,-1.0535,-0.99834,-8.8914,-6.086,-4.9546,4.738,0,0,0,NaN,NaN,NaN,NaN,NaN,NaN,NaN,NaN,NaN,46.817,0,2622.4,0.0069644,NaN,NaN,NaN,NaN,13.911,96142,11.25,-1.054,-0.40845,-7.3523,-5.0608,-5.3125,4.0835,NaN,NaN,NaN,NaN,NaN
400.8,-5.943,-12.291,-144.65,-0.64771,0.073853,-7.1993,-5.6215,-4.3736,4.683,-0.060543,-0.2524,-1.1185,-6.6201,-14.298,-2.2556,15.917,40.059,-88.548,3.6795e+05,4.4355e+06,393.33,46.817,0,2622.4,0.0069644,NaN,NaN,NaN,NaN,14.113,96141,11.25,-1.0582,-0.39726,-7.374,-4.9764,-5.2852,4.2756,15.617,-2.7448,-1.3856,-5.0704,-9.9304
400.8,-5.9592,-12.303,-144.63,-1.4739,-1.0546,-6.2673,-5.6007,-5.544,4.9117,0,0,0,NaN,NaN,NaN,NaN,NaN,NaN,NaN,NaN,NaN,46.817,0,2622.4,0.0069644,0.78073,2.6193,-24.214,0.061598,NaN,-1,-1,-1.0659,-0.38935,-7.3892,-4.9013,-5.2401,4.4749,NaN,NaN,NaN,NaN,NaN
400.81,-5.9753,-12.319,-144.61,-0.95299,0.34052,-7.4875,-5.3834,-6.893,5.5489,0,0,0,NaN,NaN,NaN,NaN,NaN,NaN,NaN,NaN,NaN,46.817,0,2622.4,0.0069644,NaN,NaN,NaN,NaN,NaN,-1,-1,-1.0575,-0.41136,-7.3237,-4.8312,-5.229,4.6875,NaN,NaN,NaN,NaN,NaN
400.81,-5.9906,-12.332,-144.6,-1.4068,-0.73337,-8.943,-5.0847,-5.9984,5.409,0,0,0,NaN,NaN,NaN,NaN,NaN,NaN,NaN,NaN,NaN,46.817,0,2622.4,0.0069644,NaN,NaN,NaN,NaN,14.087,96121,11.25,-1.0583,-0.42113,-7.3257,-4.7429,-5.0983,4.9077,NaN,NaN,NaN,NaN,NaN
400.81,-6.0057,-12.341,-144.58,-1.1091,-0.69988,-8.4518,-5.0204,-4.4066,5.6396,-0.052808,-0.24326,-1.1245,NaN,NaN,NaN,NaN,NaN,NaN,NaN,NaN,NaN,46.817,0,2622.4,0.0069644,0.81796,2.5125,-24.155,0.010821,14,96150,11.313,-1.0576,-0.42882,-7.3331,-4.6621,-5.0976,5.1514,NaN,NaN,NaN,NaN,NaN
400.81,-6.0347,-12.365,-144.55,-1.7063,0.043626,-7.5778,-3.9885,-6.9178,5.7591,0,0,0,NaN,NaN,NaN,NaN,NaN,NaN,NaN,NaN,NaN,46.817,0,2622.4,0.0069644,NaN,NaN,NaN,NaN,NaN,-1,-1,-1.0581,-0.43915,-7.3389,-4.6043,-5.1571,5.397,NaN,NaN,NaN,NaN,NaN
400.82,-6.048,-12.375,-144.53,-0.87079,-1.3212,-8.1506,-4.2325,-4.8954,5.8289,0,0,0,NaN,NaN,NaN,NaN,NaN,NaN,NaN,NaN,NaN,46.817,0,2622.4,0.0069644,NaN,NaN,NaN,NaN,NaN,-1,-1,-1.0645,-0.43569,-7.3563,-4.4951,-5.1025,5.6548,NaN,NaN,NaN,NaN,NaN
400.82,-6.077,-12.403,-144.49,-0.92156,0.65088,-8.4948,-4.6304,-6.9595,6.7956,0,0,0,NaN,NaN,NaN,NaN,NaN,NaN,NaN,NaN,NaN,46.817,0,2622.4,0.0069644,NaN,NaN,NaN,NaN,14.028,96151,11.313,-1.0677,-0.40566,-7.3972,-4.411,-5.0733,5.9482,NaN,NaN,NaN,NaN,NaN
400.82,-6.0912,-12.411,-144.47,-1.214,-0.97931,-8.0883,-4.3051,-4.3461,7.1754,0,0,0,NaN,NaN,NaN,NaN,NaN,NaN,NaN,NaN,NaN,46.817,0,2622.4,0.0069644,0.81741,2.5047,-24.075,0.022475,14.03,96185,11.438,-1.0659,-0.40918,-7.3931,-4.3577,-5.1866,6.2336,NaN,NaN,NaN,NaN,NaN
400.82,0,0,0,0,0,0,0,0,0,0,0,0,NaN,NaN,NaN,NaN,NaN,NaN,NaN,NaN,NaN,46.817,0,2622.4,0.0069644,0.81741,2.5047,-24.075,0.022475,NaN,-1,-1,-1.0691,-0.41522,-7.3906,-4.2575,-5.055,6.5457,NaN,NaN,NaN,NaN,NaN
400.83,-6.1236,-12.435,-144.42,-0.99939,0.21841,-7.9427,-5.0273,-6.136,7.8189,-0.055033,-0.24334,-1.1269,NaN,NaN,NaN,NaN,NaN,NaN,NaN,NaN,NaN,46.817,0,2622.4,0.0069644,NaN,NaN,NaN,NaN,NaN,-1,-1,-1.0728,-0.39402,-7.4197,-4.1665,-4.994,6.8749,NaN,NaN,NaN,NaN,NaN
400.83,-6.1553,-12.459,-144.38,-1.1561,-1.7712,-7.658,-5.0373,-5.3761,7.9596,0,0,0,NaN,NaN,NaN,NaN,NaN,NaN,NaN,NaN,NaN,46.817,0,2622.4,0.0069644,NaN,NaN,NaN,NaN,NaN,-1,-1,-1.0674,-0.3985,-7.4369,-4.1089,-5.0072,7.2134,NaN,NaN,NaN,NaN,NaN
400.83,-6.1727,-12.469,-144.35,-1.0712,-0.20839,-6.9196,-5.2019,-5.3369,8.7777,0,0,0,NaN,NaN,NaN,NaN,NaN,NaN,NaN,NaN,NaN,46.817,0,2622.4,0.0069644,0.76814,NaN,-24.075,NaN,14.201,96145,11.313,-1.0675,-0.40023,-7.4288,-4.0457,-5.0583,7.5363,NaN,NaN,NaN,NaN,NaN
400.83,0,0,0,0,0,0,0,0,0,0,0,0,NaN,NaN,NaN,NaN,NaN,NaN,NaN,NaN,NaN,46.817,0,2622.4,0.0069644,0.76814,NaN,-24.075,NaN,NaN,-1,-1,-1.0715,-0.37254,-7.4491,-3.9708,-5.0267,7.8798,NaN,NaN,NaN,NaN,NaN
400.84,-6.1881,-12.483,-144.33,-1.0781,0.042758,-7.7412,-4.303,-6.8467,9.093,-0.052588,-0.23114,-1.1223,NaN,NaN,NaN,NaN,NaN,NaN,NaN,NaN,NaN,46.817,0,2622.4,0.0069644,NaN,2.4797,NaN,0.034129,NaN,-1,-1,-1.0767,-0.36315,-7.4691,-3.8802,-5.1469,8.2156,NaN,NaN,NaN,NaN,NaN
400.84,-6.2186,-12.502,-144.28,-1.1487,-0.010791,-6.7076,-4.5738,-3.3038,9.2799,0,0,0,NaN,NaN,NaN,NaN,NaN,NaN,NaN,NaN,NaN,46.817,0,2622.4,0.0069644,NaN,NaN,NaN,NaN,14.059,96163,11.375,-1.0765,-0.36016,-7.4619,-3.8426,-5.157,8.5753,NaN,NaN,NaN,NaN,NaN
400.84,-6.2328,-12.515,-144.25,-1.1088,0.080189,-7.0952,-3.7957,-6.626,9.2954,0,0,0,NaN,NaN,NaN,NaN,NaN,NaN,NaN,NaN,NaN,46.817,0,2622.4,0.0069644,NaN,NaN,NaN,NaN,13.915,96159,11.375,-1.0709,-0.35776,-7.4564,-3.7432,-5.259,8.9106,NaN,NaN,NaN,NaN,NaN
400.84,-6.261,-12.54,-144.19,-0.79727,-0.85684,-8.2958,-3.507,-5.0239,9.9122,0,0,0,NaN,NaN,NaN,NaN,NaN,NaN,NaN,NaN,NaN,46.817,0,2622.4,0.0069644,NaN,NaN,NaN,NaN,NaN,-1,-1,-1.076,-0.34842,-7.4793,-3.6895,-5.3191,9.2584,NaN,NaN,NaN,NaN,NaN
400.85,-6.2754,-12.55,-144.16,-0.89803,-0.22538,-7.2441,-3.6727,-5.2017,10.253,0,0,0,NaN,NaN,NaN,NaN,NaN,NaN,NaN,NaN,NaN,46.817,0,2622.4,0.0069644,NaN,NaN,NaN,NaN,NaN,-1,-1,-1.0718,-0.33908,-7.488,-3.6289,-5.3429,9.5955,NaN,NaN,NaN,NaN,NaN
400.85,-6.2899,-12.563,-144.13,-1.1394,-0.37594,-7.3356,-3.6481,-6.3888,10.322,0,0,0,NaN,NaN,NaN,NaN,NaN,NaN,NaN,NaN,NaN,46.817,0,2622.4,0.0069644,NaN,NaN,NaN,NaN,NaN,-1,-1,-1.0658,-0.33961,-7.4827,-3.5656,-5.4454,9.9355,NaN,NaN,NaN,NaN,NaN
400.85,-6.3106,-12.57,-144.11,-1.1919,-0.30783,-8.6505,-4.5238,-6.4708,10.822,-0.046012,-0.24803,-1.1217,NaN,NaN,NaN,NaN,NaN,NaN,NaN,NaN,NaN,46.787,0.024486,2625.3,0.050496,NaN,NaN,NaN,NaN,13.798,96146,11.313,-1.073,-0.31045,-7.5624,-3.4823,-5.5017,10.289,NaN,NaN,NaN,NaN,NaN
400.85,-6.327,-12.58,-144.08,-1.6793,0.023419,-7.6857,-4.2818,-5.243,11.087,0,0,0,NaN,NaN,NaN,NaN,NaN,NaN,NaN,NaN,NaN,46.787,0.024486,2625.3,0.050496,NaN,NaN,NaN,NaN,NaN,-1,-1,-1.0773,-0.29949,-7.5699,-3.4254,-5.5462,10.661,NaN,NaN,NaN,NaN,NaN
400.86,-6.3425,-12.59,-144.05,-0.63235,-0.72691,-6.9653,-3.7877,-5.5348,11.647,0,0,0,NaN,NaN,NaN,NaN,NaN,NaN,NaN,NaN,NaN,46.787,0.024486,2625.3,0.050496,NaN,NaN,NaN,NaN,NaN,-1,-1,-1.0727,-0.29633,-7.5767,-3.4025,-5.6796,11.04,NaN,NaN,NaN,NaN,NaN
400.86,-6.3745,-12.616,-143.98,-1.5946,-0.11928,-8.6271,-3.4531,-7.5325,12.112,-0.071989,-0.25008,-1.124,NaN,NaN,NaN,NaN,NaN,NaN,NaN,NaN,NaN,46.787,0.024486,2625.3,0.050496,NaN,NaN,NaN,NaN,14.116,96160,11.375,-1.0702,-0.28883,-7.5894,-3.3683,-5.7122,11.424,NaN,NaN,NaN,NaN,NaN
400.86,-6.389,-12.623,-143.95,-1.1116,-0.090043,-8.962,-3.2184,-4.3166,12.562,0,0,0,NaN,NaN,NaN,NaN,NaN,NaN,NaN,NaN,NaN,46.787,0.024486,2625.3,0.050496,0.77088,2.6121,-18.079,0.074917,NaN,-1,-1,-1.0678,-0.26255,-7.5999,-3.3478,-5.6647,11.792,NaN,NaN,NaN,NaN,NaN
400.86,-6.4224,-12.65,-143.87,-0.98305,0.18477,-8.6365,-4.3771,-7.8043,12.872,0,0,0,NaN,NaN,NaN,NaN,NaN,NaN,NaN,NaN,NaN,46.787,0.024486,2625.3,0.050496,NaN,NaN,NaN,NaN,14.029,96151,11.313,-1.0775,-0.25161,-7.6796,-3.3126,-5.8364,12.181,NaN,NaN,NaN,NaN,NaN
400.87,-6.436,-12.659,-143.84,-1.6607,0.73863,-7.5296,-2.8096,-5.1324,12.699,-0.041022,-0.2385,-1.1212,NaN,NaN,NaN,NaN,NaN,NaN,NaN,NaN,NaN,46.787,0.024486,2625.3,0.050496,NaN,NaN,NaN,NaN,NaN,-1,-1,-1.0774,-0.23152,-7.7029,-3.2861,-6.0213,12.557,NaN,NaN,NaN,NaN,NaN
400.87,-6.4493,-12.668,-143.8,-0.86398,-1.3424,-6.31,-2.559,-5.5156,12.955,0,0,0,NaN,NaN,NaN,NaN,NaN,NaN,NaN,NaN,NaN,46.787,0.024486,2625.3,0.050496,NaN,NaN,NaN,NaN,NaN,-1,-1,-1.0803,-0.20294,-7.7244,-3.2508,-6.0228,12.918,NaN,NaN,NaN,NaN,NaN
400.87,-6.4649,-12.688,-143.77,-0.94851,-1.2218,-8.3787,-3.3425,-9.5438,13.344,0,0,0,NaN,NaN,NaN,NaN,NaN,NaN,NaN,NaN,NaN,46.787,0.024486,2625.3,0.050496,NaN,NaN,NaN,NaN,14.115,96145,11.313,-1.0765,-0.20895,-7.7206,-3.1989,-6.2604,13.288,NaN,NaN,NaN,NaN,NaN
400.87,-6.4801,-12.697,-143.73,-1.2635,0.67682,-9.2904,-3.1639,-5.3896,13.733,0,0,0,NaN,NaN,NaN,NaN,NaN,NaN,NaN,NaN,NaN,46.787,0.024486,2625.3,0.050496,0.75281,2.6133,-15.826,0.097392,NaN,-1,-1,-1.0767,-0.19382,-7.7358,-3.1449,-6.2552,13.642,NaN,NaN,NaN,NaN,NaN
400.88,-6.4938,-12.7,-143.69,-0.63129,-0.24993,-7.0161,-2.5865,-2.9229,13.898,-0.045752,-0.24827,-1.1261,NaN,NaN,NaN,NaN,NaN,NaN,NaN,NaN,NaN,46.787,0.024486,2625.3,0.050496,NaN,NaN,NaN,NaN,NaN,-1,-1,-1.0724,-0.17516,-7.7668,-3.0832,-6.2639,14.018,NaN,NaN,NaN,NaN,NaN
400.88,-6.5094,-12.718,-143.65,-1.021,-0.057143,-6.7101,-3.0938,-9.0014,14.213,0,0,0,NaN,NaN,NaN,NaN,NaN,NaN,NaN,NaN,NaN,46.787,0.024486,2625.3,0.050496,NaN,NaN,NaN,NaN,14.23,96163,11.375,-1.0657,-0.17006,-7.7747,-3.0326,-6.4392,14.383,NaN,NaN,NaN,NaN,NaN
400.88,-6.5238,-12.732,-143.61,-1.9048,0.31189,-8.8137,-2.7321,-7.2983,14.099,0,0,0,NaN,NaN,NaN,NaN,NaN,NaN,NaN,NaN,NaN,46.787,0.024486,2625.3,0.050496,NaN,NaN,NaN,NaN,NaN,-1,-1,-1.0673,-0.13149,-7.7834,-2.8089,-6.3813,14.472,NaN,NaN,NaN,NaN,NaN
400.88,-6.5375,-12.738,-143.57,-0.74333,-0.68359,-7.1869,-2.4185,-4.2798,14.494,0,0,0,NaN,NaN,NaN,NaN,NaN,NaN,NaN,NaN,NaN,46.787,0.024486,2625.3,0.050496,NaN,NaN,NaN,NaN,14.087,96142,11.313,-1.06,-0.13106,-7.7892,-2.7344,-6.321,14.793,NaN,NaN,NaN,NaN,NaN
400.89,-6.5528,-12.753,-143.53,-0.72797,-0.9588,-6.4531,-2.8748,-7.9901,14.89,-0.043117,-0.23871,-1.1259,NaN,NaN,NaN,NaN,NaN,NaN,NaN,NaN,NaN,46.787,0.024486,2625.3,0.050496,0.75445,2.6014,-13.878,0.10155,NaN,-1,-1,-1.0608,-0.1304,-7.8043,-2.679,-6.3963,15.106,NaN,NaN,NaN,NaN,NaN
400.89,-6.5678,-12.766,-143.49,-1.6738,-0.11455,-9.0808,-2.7328,-7.0164,14.931,0,0,0,NaN,NaN,NaN,NaN,NaN,NaN,NaN,NaN,NaN,46.787,0.024486,2625.3,0.050496,NaN,NaN,NaN,NaN,NaN,-1,-1,-1.064,-0.096431,-7.827,-2.664,-6.5188,15.435,NaN,NaN,NaN,NaN,NaN
400.89,-6.5829,-12.772,-143.45,-0.99859,0.16091,-8.2122,-2.7286,-4.3586,15.544,0,0,0,NaN,NaN,NaN,NaN,NaN,NaN,NaN,NaN,NaN,46.787,0.024486,2625.3,0.050496,NaN,NaN,NaN,NaN,14.2,96130,11.25,-1.0538,-0.072637,-7.8344,-2.4476,-6.264,15.422,NaN,NaN,NaN,NaN,NaN
400.89,-6.5968,-12.786,-143.4,-0.6746,-0.47664,-6.8574,-2.2026,-7.457,15.338,0,0,0,NaN,NaN,NaN,NaN,NaN,NaN,NaN,NaN,NaN,46.787,0.024486,2625.3,0.050496,NaN,NaN,NaN,NaN,NaN,-1,-1,-1.0542,-0.065128,-7.8472,-2.3654,-6.2912,15.666,NaN,NaN,NaN,NaN,NaN
400.9,-6.6268,-12.807,-143.32,-1.0499,0.098069,-7.3927,-2.5602,-4.465,15.975,0,0,0,NaN,NaN,NaN,NaN,NaN,NaN,NaN,NaN,NaN,46.787,0.024486,2625.3,0.050496,NaN,NaN,NaN,NaN,NaN,-1,-1,-1.0543,-0.023712,-7.8713,-2.2854,-6.2843,15.904,NaN,NaN,NaN,NaN,NaN
400.9,-6.6409,-12.818,-143.27,-0.96334,-0.90845,-7.515,-2.1158,-6.2159,16.131,0,0,0,NaN,NaN,NaN,NaN,NaN,NaN,NaN,NaN,NaN,46.787,0.024486,2625.3,0.050496,0.75555,NaN,-10.456,NaN,14.088,96141,11.313,-1.0496,-0.0083128,-7.862,-2.1963,-6.2845,16.129,NaN,NaN,NaN,NaN,NaN
400.9,-6.6544,-12.833,-143.23,-1.3255,-0.53619,-8.5052,-1.7777,-8.1165,16.346,0,0,0,NaN,NaN,NaN,NaN,NaN,NaN,NaN,NaN,NaN,46.787,0.024486,2625.3,0.050496,NaN,2.497,NaN,0.029134,NaN,-1,-1,-1.0492,-0.0066289,-7.8606,-2.0896,-6.2888,16.353,NaN,NaN,NaN,NaN,NaN
400.9,-6.6678,-12.839,-143.18,-0.87986,0.90031,-7.5352,-1.7319,-4.6958,17.013,-0.038667,-0.23853,-1.121,NaN,NaN,NaN,NaN,NaN,NaN,NaN,NaN,NaN,46.787,0.024486,2625.3,0.050496,NaN,NaN,NaN,NaN,14.313,96149,11.313,-1.0474,0.023192,-7.8844,-1.9836,-6.2386,16.56,NaN,NaN,NaN,NaN,NaN
400.91,-6.6819,-12.85,-143.14,-0.7817,-0.22615,-7.6191,-1.9084,-6.5462,16.897,0,0,0,NaN,NaN,NaN,NaN,NaN,NaN,NaN,NaN,NaN,46.787,0.024486,2625.3,0.050496,NaN,NaN,NaN,NaN,NaN,-1,-1,-1.0451,0.04529,-7.9019,-1.8657,-6.2018,16.749,NaN,NaN,NaN,NaN,NaN
400.91,-6.6968,-12.864,-143.09,-1.3193,0.57283,-8.9224,-2.2179,-7.9085,16.972,0,0,0,NaN,NaN,NaN,NaN,NaN,NaN,NaN,NaN,NaN,46.787,0.024486,2625.3,0.050496,NaN,NaN,NaN,NaN,NaN,-1,-1,-1.0364,0.05756,-7.8995,-1.7701,-6.255,16.942,NaN,NaN,NaN,NaN,NaN
400.91,-6.7099,-12.869,-143.04,-1.4539,0.71056,-8.3796,-1.5453,-3.9104,17.209,0,0,0,NaN,NaN,NaN,NaN,NaN,NaN,NaN,NaN,NaN,46.787,0.024486,2625.3,0.050496,0.755,2.6055,-9.1229,0.099889,14.707,96186,11.5,-1.0367,0.10124,-7.8998,-1.695,-6.1946,17.12,NaN,NaN,NaN,NaN,NaN
400.91,-6.7231,-12.878,-143,-0.69381,-0.75019,-5.76,-1.5505,-5.9542,16.975,-0.033506,-0.24148,-1.1294,NaN,NaN,NaN,NaN,NaN,NaN,NaN,NaN,NaN,46.787,0.024486,2625.3,0.050496,NaN,NaN,NaN,NaN,NaN,-1,-1,-1.0373,0.12641,-7.9105,-1.5676,-6.1434,17.311,NaN,NaN,NaN,NaN,NaN
400.92,-6.736,-12.897,-142.95,-0.82367,-0.31319,-8.0161,-1.1997,-9.8293,17.624,0,0,0,NaN,NaN,NaN,NaN,NaN,NaN,NaN,NaN,NaN,46.787,0.024486,2625.3,0.050496,NaN,NaN,NaN,NaN,NaN,-1,-1,-1.0339,0.1274,-7.9024,-1.4216,-6.249,17.499,NaN,NaN,NaN,NaN,NaN
400.92,-6.7494,-12.904,-142.9,-1.6995,0.25031,-9.4632,-1.5107,-5.0972,17.594,0,0,0,NaN,NaN,NaN,NaN,NaN,NaN,NaN,NaN,NaN,46.787,0.024486,2625.3,0.050496,NaN,NaN,NaN,NaN,14.369,96129,11.25,-1.0381,0.16007,-7.9227,-1.2837,-6.1746,17.69,NaN,NaN,NaN,NaN,NaN
400.92,-6.7615,-12.908,-142.85,-0.76723,0.68293,-7.3995,-1,-3.6543,17.792,0,0,0,NaN,NaN,NaN,NaN,NaN,NaN,NaN,NaN,NaN,46.787,0.024486,2625.3,0.050496,NaN,NaN,NaN,NaN,14.343,96163,11.375,-1.0335,0.18847,-7.9311,-1.1966,-6.1176,17.868,NaN,NaN,NaN,NaN,NaN
400.92,-6.7886,-12.938,-142.75,-1.47,1.6056,-10.174,-1.2154,-7.3792,18.312,0,0,0,NaN,NaN,NaN,NaN,NaN,NaN,NaN,NaN,NaN,46.787,0.024486,2625.3,0.050496,NaN,NaN,NaN,NaN,NaN,-1,-1,-1.0303,0.21844,-7.9303,-1.0524,-6.1099,18.031,NaN,NaN,NaN,NaN,NaN
400.93,-6.7997,-12.939,-142.7,-1.226,0.22216,-7.5805,-0.56144,-2.6497,18.024,0,0,0,NaN,NaN,NaN,NaN,NaN,NaN,NaN,NaN,NaN,46.787,0.024486,2625.3,0.050496,NaN,NaN,NaN,NaN,NaN,-1,-1,-1.0339,0.25625,-7.931,-0.90411,-6.1131,18.184,NaN,NaN,NaN,NaN,NaN
400.93,-6.8115,-12.952,-142.65,-0.66366,-0.90795,-5.5048,-0.63633,-7.8271,18.293,0,0,0,NaN,NaN,NaN,NaN,NaN,NaN,NaN,NaN,NaN,46.787,0.024486,2625.3,0.050496,NaN,NaN,NaN,NaN,NaN,-1,-1,-1.0318,0.25849,-7.9313,-0.76631,-6.2046,18.354,NaN,NaN,NaN,NaN,NaN
400.93,-6.825,-12.972,-142.6,-1.2317,-0.24684,-9.8067,-1.2063,-10.247,18.348,-0.042927,-0.24135,-1.1303,NaN,NaN,NaN,NaN,NaN,NaN,NaN,NaN,NaN,46.787,0.024486,2625.3,0.050496,NaN,NaN,NaN,NaN,14.171,96156,11.313,-1.0276,0.27249,-7.9246,-0.64485,-6.2495,18.521,NaN,NaN,NaN,NaN,NaN
400.93,-6.8366,-12.973,-142.55,-1.1675,1.4516,-9.1423,-0.52334,-2.7741,18.941,0,0,0,NaN,NaN,NaN,NaN,NaN,NaN,NaN,NaN,NaN,46.787,0.024486,2625.3,0.050496,NaN,NaN,NaN,NaN,NaN,-1,-1,-1.0299,0.3121,-7.929,-0.50318,-6.0361,18.678,NaN,NaN,NaN,NaN,NaN
400.94,-6.8491,-12.977,-142.5,-0.53324,-0.12582,-6.7339,-0.84483,-4.065,19.042,0,0,0,NaN,NaN,NaN,NaN,NaN,NaN,NaN,NaN,NaN,46.787,0.024486,2625.3,0.050496,0.7561,2.4844,-6.968,0.04828,NaN,-1,-1,-1.0256,0.31985,-7.9227,-0.37136,-6.0226,18.826,NaN,NaN,NaN,NaN,NaN
400.94,-6.8624,-12.995,-142.45,-1.1525,0.5822,-8.0849,-1.0002,-9.8939,18.921,0,0,0,NaN,NaN,NaN,NaN,NaN,NaN,NaN,NaN,NaN,46.787,0.024486,2625.3,0.050496,NaN,2.4844,NaN,NaN,14.339,96122,11.188,-1.0207,0.35027,-7.9205,-0.23005,-6.0688,18.941,NaN,NaN,NaN,NaN,NaN
400.94,-6.8744,-13.003,-142.4,-1.3713,1.5922,-9.4185,-0.58866,-5.4186,19.011,-0.029106,-0.23386,-1.1201,NaN,NaN,NaN,NaN,NaN,NaN,NaN,NaN,NaN,46.787,0.024486,2625.3,0.050496,NaN,NaN,NaN,NaN,NaN,-1,-1,-1.02,0.37368,-7.925,-0.053554,-5.892,19.054,NaN,NaN,NaN,NaN,NaN
400.94,-6.8838,-13.005,-142.35,-0.92289,-0.24343,-6.6908,0.39024,-3.5082,19.093,0,0,0,NaN,NaN,NaN,NaN,NaN,NaN,NaN,NaN,NaN,46.787,0.024486,2625.3,0.050496,NaN,NaN,NaN,NaN,14.259,96159,11.375,-1.0161,0.38689,-7.9107,0.08714,-6.0278,19.165,NaN,NaN,NaN,NaN,NaN
400.95,-6.8945,-13.021,-142.29,-0.80513,-0.36343,-6.9212,0.10021,-8.7583,19.28,0,0,0,NaN,NaN,NaN,NaN,NaN,NaN,NaN,NaN,NaN,46.787,0.024486,2625.3,0.050496,NaN,NaN,NaN,NaN,NaN,-1,-1,-1.0196,0.42282,-7.92,0.19994,-6.0882,19.271,NaN,NaN,NaN,NaN,NaN
400.95,-6.9043,-13.032,-142.24,-1.6324,0.79378,-9.7451,0.42193,-6.9787,19.393,0,0,0,NaN,NaN,NaN,NaN,NaN,NaN,NaN,NaN,NaN,46.787,0.024486,2625.3,0.050496,0.74953,2.6049,-6.0399,0.09656,NaN,-1,-1,-1.0115,0.44603,-7.8982,0.31812,-5.9136,19.37,NaN,NaN,NaN,NaN,NaN
400.95,-6.9142,-13.036,-142.19,-1.0378,0.84881,-8.1424,0.30865,-4.0981,19.353,-0.031271,-0.23647,-1.1248,NaN,NaN,NaN,NaN,NaN,NaN,NaN,NaN,NaN,NaN,0.024486,2625.3,0.050496,0.74953,2.6049,-6.0399,0.09656,14.315,96160,11.375,-1.0104,0.46087,-7.9018,0.43281,-5.9664,19.448,NaN,NaN,NaN,NaN,NaN
400.95,-6.9226,-13.047,-142.14,-0.55797,0.10822,-7.8622,0.97764,-6.7945,19.266,0,0,0,NaN,NaN,NaN,NaN,NaN,NaN,NaN,NaN,NaN,NaN,0.024486,2625.3,0.050496,NaN,NaN,NaN,NaN,NaN,-1,-1,-1.0207,0.50263,-7.9203,0.52897,-6.0091,19.53,NaN,NaN,NaN,NaN,NaN
400.96,-6.9406,-13.063,-142.03,-1.0566,1.0417,-8.5791,1.0541,-4.9424,19.36,0,0,0,NaN,NaN,NaN,NaN,NaN,NaN,NaN,NaN,NaN,NaN,0.024486,2625.3,0.050496,NaN,NaN,NaN,NaN,NaN,-1,-1,-1.0156,0.52013,-7.8948,0.63482,-5.9124,19.616,NaN,NaN,NaN,NaN,NaN
400.96,-6.9486,-13.073,-141.98,-0.52405,-0.21833,-6.7256,1.2157,-6.4179,19.799,-0.035911,-0.234,-1.1252,NaN,NaN,NaN,NaN,NaN,NaN,NaN,NaN,NaN,NaN,0.024486,2625.3,0.050496,NaN,NaN,NaN,NaN,14.507,96144,11.25,-1.0108,0.52028,-7.8597,0.75804,-5.9509,19.703,NaN,NaN,NaN,NaN,NaN
400.96,-6.9571,-13.084,-141.92,-1.2847,-0.32312,-9.1927,1.1452,-7.2785,19.961,0,0,0,NaN,NaN,NaN,NaN,NaN,NaN,NaN,NaN,NaN,46.778,0.024486,2629.6,0.0075089,0.7561,NaN,-4.0469,NaN,NaN,-1,-1,-1.0168,0.55304,-7.8784,0.84825,-5.9086,19.801,NaN,NaN,NaN,NaN,NaN
400.96,-6.9656,-13.09,-141.87,-0.92793,1.8746,-7.6699,1.0236,-4.6792,19.893,0,0,0,NaN,NaN,NaN,NaN,NaN,NaN,NaN,NaN,NaN,46.778,0.024486,2629.6,0.0075089,NaN,2.6044,NaN,0.10239,14.675,96129,11.25,-1.015,0.58068,-7.8715,0.93214,-5.8622,19.877,NaN,NaN,NaN,NaN,NaN
400.97,-6.9721,-13.1,-141.82,-0.64011,0.79641,-8.4655,1.9367,-6.6787,20.144,0,0,0,NaN,NaN,NaN,NaN,NaN,NaN,NaN,NaN,NaN,46.778,0.024486,2629.6,0.0075089,NaN,NaN,NaN,NaN,NaN,-1,-1,-1.0113,0.59409,-7.8511,0.99323,-6.005,19.941,NaN,NaN,NaN,NaN,NaN
400.97,-6.981,-13.11,-141.76,-1.2722,0.61121,-8.8001,0.93369,-6.6276,19.911,-0.036141,-0.25104,-1.1297,NaN,NaN,NaN,NaN,NaN,NaN,NaN,NaN,NaN,46.778,0.024486,2629.6,0.0075089,NaN,NaN,NaN,NaN,NaN,-1,-1,-1.0132,0.62098,-7.8519,1.071,-5.9866,19.995,NaN,NaN,NaN,NaN,NaN
400.97,-6.9904,-13.113,-141.71,-1.2692,0.83711,-8.2666,0.68961,-3.7981,20.037,0,0,0,NaN,NaN,NaN,NaN,NaN,NaN,NaN,NaN,NaN,46.778,0.024486,2629.6,0.0075089,NaN,NaN,NaN,NaN,14.397,96134,11.25,-1.0114,0.66039,-7.8376,1.1738,-5.9276,20.019,NaN,NaN,NaN,NaN,NaN
400.97,-6.9987,-13.12,-141.65,-0.75482,0.27113,-5.9026,1.1851,-5.6015,20.032,0,0,0,NaN,NaN,NaN,NaN,NaN,NaN,NaN,NaN,NaN,46.778,0.024486,2629.6,0.0075089,NaN,NaN,NaN,NaN,NaN,-1,-1,-1.0088,0.67,-7.8292,1.2622,-6.1086,20.058,NaN,NaN,NaN,NaN,NaN
400.98,-7.0066,-13.135,-141.6,-0.98057,0.14002,-8.3847,1.5142,-8.7822,20.423,0,0,0,NaN,NaN,NaN,NaN,NaN,NaN,NaN,NaN,NaN,46.778,0.024486,2629.6,0.0075089,NaN,NaN,NaN,NaN,NaN,-1,-1,-1.0103,0.68631,-7.8243,1.3254,-6.049,20.09,NaN,NaN,NaN,NaN,NaN
400.98,-7.0146,-13.141,-141.54,-1.6096,1.4428,-9.4403,1.3509,-4.8479,20.319,-0.024336,-0.23644,-1.1219,NaN,NaN,NaN,NaN,NaN,NaN,NaN,NaN,NaN,46.778,0.024486,2629.6,0.0075089,NaN,NaN,NaN,NaN,14.313,96153,11.313,-1.0022,0.71073,-7.8014,1.3894,-5.9911,20.111,NaN,NaN,NaN,NaN,NaN
400.98,-7.0219,-13.145,-141.49,-0.80845,1.369,-6.8819,1.6287,-4.3792,20.488,0,0,0,NaN,NaN,NaN,NaN,NaN,NaN,NaN,NaN,NaN,46.778,0.024486,2629.6,0.0075089,NaN,NaN,NaN,NaN,14.201,96184,11.438,-1.006,0.73941,-7.8109,1.4362,-6.1369,20.138,NaN,NaN,NaN,NaN,NaN
400.98,-7.0375,-13.168,-141.38,-1.4635,2.0608,-9.1428,1.1867,-5.8541,19.896,0,0,0,NaN,NaN,NaN,NaN,NaN,NaN,NaN,NaN,NaN,46.778,0.024486,2629.6,0.0075089,NaN,NaN,NaN,NaN,NaN,-1,-1,-1.0103,0.75555,-7.7807,1.494,-5.9788,20.156,NaN,NaN,NaN,NaN,NaN
400.99,-7.044,-13.169,-141.33,-0.90471,0.96181,-7.4253,1.7884,-3.0488,19.886,-0.028995,-0.24382,-1.1268,NaN,NaN,NaN,NaN,NaN,NaN,NaN,NaN,NaN,46.778,0.024486,2629.6,0.0075089,NaN,NaN,NaN,NaN,NaN,-1,-1,-1.0105,0.76562,-7.7674,1.5436,-5.9967,20.169,NaN,NaN,NaN,NaN,NaN
400.99,-7.0509,-13.182,-141.27,-0.66163,-0.80467,-6.1343,1.8008,-7.7531,19.82,0,0,0,NaN,NaN,NaN,NaN,NaN,NaN,NaN,NaN,NaN,46.778,0.024486,2629.6,0.0075089,0.78566,2.6121,-1.7837,0.075749,NaN,-1,-1,-1.0082,0.78479,-7.7625,1.5527,-6.1736,20.178,NaN,NaN,NaN,NaN,NaN
400.99,-7.0584,-13.196,-141.22,-1.2481,0.76705,-9.7797,1.5661,-8.2498,19.91,0,0,0,NaN,NaN,NaN,NaN,NaN,NaN,NaN,NaN,NaN,46.778,0.024486,2629.6,0.0075089,NaN,NaN,NaN,NaN,14.03,96161,11.375,-1.0088,0.80472,-7.7399,1.5913,-6.2974,20.737,NaN,NaN,NaN,NaN,NaN
400.99,-7.0728,-13.203,-141.11,-0.48473,0.29508,-6.8846,1.5307,-5.38,20.261,-0.031341,-0.23887,-1.1248,NaN,NaN,NaN,NaN,NaN,NaN,NaN,NaN,NaN,46.778,0.024486,2629.6,0.0075089,NaN,NaN,NaN,NaN,NaN,-1,-1,-1.0109,0.83566,-7.7534,1.55,-6.1169,20.613,NaN,NaN,NaN,NaN,NaN
401,-7.083,-13.22,-141.06,-1.1883,1.5402,-8.8137,0.60705,-9.2442,20.242,0,0,0,NaN,NaN,NaN,NaN,NaN,NaN,NaN,NaN,NaN,46.778,0.024486,2629.6,0.0075089,NaN,NaN,NaN,NaN,NaN,-1,-1,-1.0128,0.86127,-7.7286,1.4906,-6.2993,20.462,NaN,NaN,NaN,NaN,NaN
401,-7.092,-13.222,-141,-1.4601,1.4899,-8.9975,0.91902,-3.6829,20.233,0,0,0,NaN,NaN,NaN,NaN,NaN,NaN,NaN,NaN,NaN,46.778,0.024486,2629.6,0.0075089,NaN,NaN,NaN,NaN,14.37,96188,11.438,-1.008,0.87643,-7.6844,1.4471,-6.2991,20.323,NaN,NaN,NaN,NaN,NaN
401,-7.0992,-13.228,-140.95,-0.68193,-0.13641,-6.6084,1.635,-4.8825,19.941,0,0,0,NaN,NaN,NaN,NaN,NaN,NaN,NaN,NaN,NaN,46.778,0.024486,2629.6,0.0075089,0.82617,2.5178,0.11076,0.0083241,NaN,-1,-1,-1.0108,0.89324,-7.672,1.4685,-6.4013,20.718,NaN,NaN,NaN,NaN,NaN
401,-7.1079,-13.244,-140.89,-0.8287,0.7284,-7.3826,1.2274,-9.4203,20.246,-0.033706,-0.24376,-1.1272,NaN,NaN,NaN,NaN,NaN,NaN,NaN,NaN,NaN,46.778,0.024486,2629.6,0.0075089,NaN,NaN,NaN,NaN,14.141,96161,11.313,-1.0185,0.90283,-7.6627,1.4165,-6.5021,20.441,NaN,NaN,NaN,NaN,NaN
401.01,-7.1154,-13.253,-140.84,-1.7179,1.8384,-10.226,1.6249,-6.0358,20.272,0,0,0,NaN,NaN,NaN,NaN,NaN,NaN,NaN,NaN,NaN,46.778,0.024486,2629.6,0.0075089,NaN,NaN,NaN,NaN,NaN,-1,-1,-1.0046,0.92192,-7.6288,1.4026,-6.3998,20.167,NaN,NaN,NaN,NaN,NaN
401.01,-7.1227,-13.253,-140.78,-0.82802,0.93759,-7.5486,1.611,-2.9621,20.33,0,0,0,NaN,NaN,NaN,NaN,NaN,NaN,NaN,NaN,NaN,46.778,0.024486,2629.6,0.0075089,NaN,NaN,NaN,NaN,NaN,-1,-1,-1.011,0.94007,-7.6248,1.3365,-6.3692,19.9,NaN,NaN,NaN,NaN,NaN
401.01,-7.1305,-13.268,-140.73,-0.53244,0.45389,-7.1398,1.5135,-8.6543,19.954,0,0,0,NaN,NaN,NaN,NaN,NaN,NaN,NaN,NaN,NaN,46.778,0.024486,2629.6,0.0075089,0.77252,2.4832,0.71506,0.049945,14.228,96154,11.313,-1.0197,0.97205,-7.6086,1.311,-6.2673,19.64,NaN,NaN,NaN,NaN,NaN
401.01,-7.1391,-13.279,-140.67,-1.29,2.4605,-9.5925,1.0711,-7.1472,19.632,-0.028665,-0.24166,-1.1312,NaN,NaN,NaN,NaN,NaN,NaN,NaN,NaN,NaN,46.778,0.024486,2629.6,0.0075089,0.77252,2.4832,0.71506,0.049945,NaN,-1,-1,-1.0238,0.9823,-7.5712,1.2843,-6.1895,19.381,NaN,NaN,NaN,NaN,NaN
401.02,-7.1512,-13.291,-140.57,-0.76439,-0.44065,-6.2556,1.8973,-6.3549,19.493,0,0,0,NaN,NaN,NaN,NaN,NaN,NaN,NaN,NaN,NaN,46.778,0.024486,2629.6,0.0075089,NaN,NaN,NaN,NaN,NaN,-1,-1,-1.0224,1.0039,-7.5398,1.2292,-6.2378,19.143,NaN,NaN,NaN,NaN,NaN
401.02,-7.1583,-13.305,-140.51,-1.1221,1.2982,-9.232,1.727,-8.4973,19.592,0,0,0,NaN,NaN,NaN,NaN,NaN,NaN,NaN,NaN,NaN,46.778,0.024486,2629.6,0.0075089,NaN,NaN,NaN,NaN,14.285,96152,11.313,-1.0224,1.0235,-7.5239,1.2131,-6.222,18.92,NaN,NaN,NaN,NaN,NaN
401.02,-7.1648,-13.31,-140.46,-1.0178,2.063,-8.315,1.8174,-4.5194,19.551,-0.016969,-0.24914,-1.1324,-6.5061,-14.576,-2.6988,16.189,40.059,-88.548,3.6795e+05,4.4355e+06,392.76,46.778,0.024486,2629.6,0.0075089,NaN,NaN,NaN,NaN,NaN,-1,-1,-1.0225,1.0431,-7.491,1.1698,-6.0831,18.699,15.591,-4.1141,-1.4395,-5.275,-14.722
401.02,-7.1717,-13.316,-140.41,-0.63961,0.6877,-7.9117,1.7087,-4.9958,19.605,0,0,0,NaN,NaN,NaN,NaN,NaN,NaN,NaN,NaN,NaN,46.778,0.024486,2629.6,0.0075089,0.76814,NaN,NaN,NaN,14.082,96152,11.25,-1.0228,1.063,-7.4677,1.1584,-6.1825,18.483,NaN,NaN,NaN,NaN,NaN
401.03,-7.1818,-13.329,-140.35,-0.99667,1.1236,-8.0076,0.58092,-8.0733,19.84,0,0,0,NaN,NaN,NaN,NaN,NaN,NaN,NaN,NaN,NaN,46.778,0.024486,2629.6,0.0075089,NaN,2.491,0.71201,0.043285,NaN,-1,-1,-1.014,1.0777,-7.3873,1.1294,-6.2166,18.264,NaN,NaN,NaN,NaN,NaN
401.03,-7.2005,-13.343,-140.25,-0.92383,0.3639,-7.2326,0.91232,-5.2811,19.594,-0.024075,-0.23669,-1.1264,NaN,NaN,NaN,NaN,NaN,NaN,NaN,NaN,NaN,46.778,0.024486,2629.6,0.0075089,NaN,NaN,NaN,NaN,NaN,-1,-1,-1.0177,1.1005,-7.3883,1.1071,-6.0587,18.052,NaN,NaN,NaN,NaN,NaN
401.03,-7.2094,-13.357,-140.2,-0.78128,1.0164,-6.9383,0.92687,-8.1813,19.301,0,0,0,NaN,NaN,NaN,NaN,NaN,NaN,NaN,NaN,NaN,46.778,0.024486,2629.6,0.0075089,NaN,NaN,NaN,NaN,14.397,96172,11.375,-1.0248,1.1345,-7.3666,1.091,-6.0408,17.843,NaN,NaN,NaN,NaN,NaN
401.03,-7.2181,-13.367,-140.14,-1.4597,1.6101,-9.4171,0.99242,-6.5734,19.387,0,0,0,NaN,NaN,NaN,NaN,NaN,NaN,NaN,NaN,NaN,46.778,0.024486,2629.6,0.0075089,NaN,NaN,NaN,NaN,NaN,-1,-1,-1.0272,1.144,-7.3617,1.0939,-6.1946,17.661,NaN,NaN,NaN,NaN,NaN
401.04,-7.2268,-13.37,-140.09,-1.1598,1.1965,-7.2466,0.87972,-3.8444,19.328,0,0,0,NaN,NaN,NaN,NaN,NaN,NaN,NaN,NaN,NaN,46.778,0.024486,2629.6,0.0075089,NaN,NaN,NaN,NaN,14.645,96145,11.25,-1.0173,1.1409,-7.2822,1.1123,-6.1033,17.486,NaN,NaN,NaN,NaN,NaN
401.04,-7.2358,-13.383,-140.04,-0.92033,1.2916,-7.1552,0.80014,-7.8833,18.85,-0.024015,-0.23921,-1.1286,NaN,NaN,NaN,NaN,NaN,NaN,NaN,NaN,NaN,46.778,0.024486,2629.6,0.0075089,NaN,NaN,NaN,NaN,NaN,-1,-1,-1.0175,1.1626,-7.2486,1.1094,-6.0154,17.324,NaN,NaN,NaN,NaN,NaN
401.04,-7.2453,-13.397,-139.99,-1.08,2.7531,-8.3966,0.58344,-7.956,18.737,0,0,0,NaN,NaN,NaN,NaN,NaN,NaN,NaN,NaN,NaN,46.778,0.024486,2629.6,0.0075089,NaN,NaN,NaN,NaN,NaN,-1,-1,-1.0199,1.1954,-7.2457,1.1136,-6.0865,17.155,NaN,NaN,NaN,NaN,NaN
401.04,-7.2605,-13.411,-139.89,-1.197,0.053403,-6.2421,0.74737,-6.459,18.36,0,0,0,NaN,NaN,NaN,NaN,NaN,NaN,NaN,NaN,NaN,46.778,0.024486,2629.6,0.0075089,NaN,NaN,NaN,NaN,14.649,96183,11.438,-1.0372,1.2156,-7.2356,1.1408,-5.9491,16.996,NaN,NaN,NaN,NaN,NaN
401.05,0,0,0,0,0,0,0,0,0,0,0,0,NaN,NaN,NaN,NaN,NaN,NaN,NaN,NaN,NaN,46.778,0.024486,2629.6,0.0075089,NaN,NaN,NaN,NaN,NaN,-1,-1,-1.0371,1.2354,-7.224,1.1675,-5.969,16.842,NaN,NaN,NaN,NaN,NaN
401.05,-7.2671,-13.429,-139.84,-1.209,1.9037,-7.8289,1.6516,-9.4785,18.197,-0.019914,-0.25103,-1.1238,NaN,NaN,NaN,NaN,NaN,NaN,NaN,NaN,NaN,46.778,0.024486,2629.6,0.0075089,0.78073,2.6121,0.66028,0.074917,NaN,-1,-1,-1.0369,1.2578,-7.2128,1.1648,-6.0969,16.712,NaN,NaN,NaN,NaN,NaN
401.05,-7.2735,-13.434,-139.79,-0.8885,1.4766,-7.7989,1.7392,-4.8535,18.634,0,0,0,NaN,NaN,NaN,NaN,NaN,NaN,NaN,NaN,NaN,46.778,0.024486,2629.6,0.0075089,0.78073,2.6121,0.66028,0.074917,14.479,96144,11.25,-1.0443,1.2756,-7.1768,1.1934,-6.0897,16.601,NaN,NaN,NaN,NaN,NaN
401.05,-7.2978,-13.468,-139.64,-1.4844,2.2439,-8.0216,1.3477,-6.0224,18.119,-0.005373,-0.24174,-1.1247,NaN,NaN,NaN,NaN,NaN,NaN,NaN,NaN,NaN,46.778,0.024486,2629.6,0.0075089,NaN,NaN,NaN,NaN,NaN,-1,-1,-1.0501,1.286,-7.1564,1.1777,-6.1748,16.503,NaN,NaN,NaN,NaN,NaN
401.06,0,0,0,0,0,0,0,0,0,0,0,0,NaN,NaN,NaN,NaN,NaN,NaN,NaN,NaN,NaN,46.778,0.024486,2629.6,0.0075089,NaN,NaN,NaN,NaN,NaN,-1,-1,-1.0495,1.3159,-7.1667,1.1693,-6.1688,16.403,NaN,NaN,NaN,NaN,NaN
401.06,-7.3042,-13.473,-139.59,-0.70763,-0.32194,-5.3947,1.6235,-4.4682,18.179,0,0,0,NaN,NaN,NaN,NaN,NaN,NaN,NaN,NaN,NaN,46.778,0.024486,2629.6,0.0075089,NaN,NaN,NaN,NaN,14.422,96147,11.25,-1.0599,1.3367,-7.1343,1.2039,-6.2011,16.303,NaN,NaN,NaN,NaN,NaN
401.06,-7.3135,-13.49,-139.54,-1.1018,0.77799,-6.3858,0.58717,-9.3947,18.209,0,0,0,NaN,NaN,NaN,NaN,NaN,NaN,NaN,NaN,NaN,46.778,0.024486,2629.6,0.0075089,NaN,NaN,NaN,NaN,NaN,-1,-1,-1.0581,1.3484,-7.0945,1.2426,-6.2964,16.238,NaN,NaN,NaN,NaN,NaN
401.06,-7.3262,-13.508,-139.44,-0.87709,0.95748,-6.8566,1.857,-4.4785,17.951,-0.007999,-0.24639,-1.1227,NaN,NaN,NaN,NaN,NaN,NaN,NaN,NaN,NaN,46.778,0.024486,2629.6,0.0075089,0.75883,2.6103,0.64568,0.09323,14.451,96165,11.313,-1.0607,1.3655,-7.062,1.3007,-6.3625,16.185,NaN,NaN,NaN,NaN,NaN
401.07,-7.3335,-13.526,-139.39,-1.1334,0.73957,-6.7932,1.2565,-9.3791,17.609,0,0,0,NaN,NaN,NaN,NaN,NaN,NaN,NaN,NaN,NaN,46.778,0.024486,2629.6,0.0075089,NaN,NaN,NaN,NaN,NaN,-1,-1,-1.059,1.379,-7.0446,1.3282,-6.3327,16.145,NaN,NaN,NaN,NaN,NaN
401.07,-7.3405,-13.538,-139.34,-1.3347,3.5549,-8.4016,1.3367,-7.2646,17.579,0,0,0,NaN,NaN,NaN,NaN,NaN,NaN,NaN,NaN,NaN,46.778,0.024486,2629.6,0.0075089,NaN,NaN,NaN,NaN,NaN,-1,-1,-1.0564,1.4051,-7.0032,1.3786,-6.4346,16.094,NaN,NaN,NaN,NaN,NaN
401.07,-7.3443,-13.544,-139.29,-1.1507,1.3167,-6.3288,2.4691,-4.8674,17.342,0,0,0,NaN,NaN,NaN,NaN,NaN,NaN,NaN,NaN,NaN,46.817,0,2635.3,0.0069644,NaN,NaN,NaN,NaN,14.591,96157,11.313,-1.0587,1.4087,-6.969,1.4274,-6.5462,16.053,NaN,NaN,NaN,NaN,NaN
401.07,-7.3542,-13.548,-139.26,-1.0399,-0.060288,-6.1726,1.3598,-7.8747,17.057,-0.014864,-0.24401,-1.1255,NaN,NaN,NaN,NaN,NaN,NaN,NaN,NaN,NaN,46.817,0,2635.3,0.0069644,0.77471,2.602,0.63959,0.09656,NaN,-1,-1,-1.0602,1.4324,-6.9197,1.5066,-6.5647,16.022,NaN,NaN,NaN,NaN,NaN
401.08,-7.359,-13.566,-139.21,-1.3283,2.3013,-7.9399,2.1158,-9.4976,16.878,0,0,0,NaN,NaN,NaN,NaN,NaN,NaN,NaN,NaN,NaN,46.817,0,2635.3,0.0069644,0.77471,2.602,0.63959,0.09656,NaN,-1,-1,-1.0685,1.4392,-6.9606,1.5922,-6.7002,16.006,NaN,NaN,NaN,NaN,NaN
401.08,-7.363,-13.571,-139.16,-0.78793,2.1355,-7.473,2.3185,-4.4325,17.041,0,0,0,NaN,NaN,NaN,NaN,NaN,NaN,NaN,NaN,NaN,46.817,0,2635.3,0.0069644,NaN,NaN,NaN,NaN,14.62,96189,11.438,-1.0754,1.4453,-6.9393,1.6587,-6.7212,16.008,NaN,NaN,NaN,NaN,NaN
401.08,-7.3677,-13.58,-139.11,-0.99686,0.76152,-6.0113,2.0684,-6.2651,16.938,0,0,0,NaN,NaN,NaN,NaN,NaN,NaN,NaN,NaN,NaN,46.817,0,2635.3,0.0069644,NaN,NaN,NaN,NaN,NaN,-1,-1,-1.0751,1.4692,-6.9098,1.7581,-6.6965,16.023,NaN,NaN,NaN,NaN,NaN
401.08,-7.3738,-13.598,-139.07,-1.1816,2.1823,-7.4612,1.6275,-9.3217,16.924,-0.005783,-0.25122,-1.1225,NaN,NaN,NaN,NaN,NaN,NaN,NaN,NaN,NaN,46.817,0,2635.3,0.0069644,NaN,NaN,NaN,NaN,14.786,96184,11.438,-1.0825,1.4905,-6.9046,1.8146,-6.8225,16.052,NaN,NaN,NaN,NaN,NaN
401.09,-7.3789,-13.609,-139.02,-1.544,2.0612,-7.9437,1.9435,-7.0222,16.963,0,0,0,NaN,NaN,NaN,NaN,NaN,NaN,NaN,NaN,NaN,46.817,0,2635.3,0.0069644,NaN,NaN,NaN,NaN,NaN,-1,-1,-1.0995,1.5167,-6.9579,1.867,-6.8613,16.085,NaN,NaN,NaN,NaN,NaN
401.09,-7.3841,-13.616,-138.97,-1.0407,0.081672,-5.6532,1.8132,-5.2366,16.723,0,0,0,NaN,NaN,NaN,NaN,NaN,NaN,NaN,NaN,NaN,46.817,0,2635.3,0.0069644,NaN,2.6151,0.64264,0.0899,NaN,-1,-1,-1.1031,1.516,-6.9338,1.9409,-6.9649,16.129,NaN,NaN,NaN,NaN,NaN
401.09,-7.391,-13.633,-138.93,-0.98466,1.6463,-6.3657,1.2344,-8.9418,16.579,0,0,0,NaN,NaN,NaN,NaN,NaN,NaN,NaN,NaN,NaN,46.817,0,2635.3,0.0069644,NaN,NaN,NaN,NaN,14.675,96168,11.375,-1.1068,1.5265,-6.9327,2.04,-7.068,16.185,NaN,NaN,NaN,NaN,NaN
401.09,-7.3953,-13.648,-138.88,-1.6111,2.2577,-8.0708,2.2599,-8.5298,16.61,-0.016879,-0.2369,-1.1279,NaN,NaN,NaN,NaN,NaN,NaN,NaN,NaN,NaN,46.817,0,2635.3,0.0069644,NaN,NaN,NaN,NaN,NaN,-1,-1,-1.1097,1.5373,-6.9345,2.1285,-7.0564,16.276,NaN,NaN,NaN,NaN,NaN
401.1,-7.4004,-13.655,-138.84,-1.1766,1.2697,-7.1826,1.7482,-5.0606,16.383,0,0,0,NaN,NaN,NaN,NaN,NaN,NaN,NaN,NaN,NaN,46.817,0,2635.3,0.0069644,NaN,NaN,NaN,NaN,NaN,-1,-1,-1.117,1.5542,-6.9178,2.1994,-7.1378,16.369,NaN,NaN,NaN,NaN,NaN
401.1,-7.4057,-13.67,-138.79,-0.99398,0.98436,-6.4756,1.7613,-8.0933,16.215,0,0,0,NaN,NaN,NaN,NaN,NaN,NaN,NaN,NaN,NaN,46.817,0,2635.3,0.0069644,NaN,NaN,NaN,NaN,14.566,96185,11.438,-1.1223,1.5625,-6.9176,2.2813,-7.234,16.453,NaN,NaN,NaN,NaN,NaN
401.1,-7.4104,-13.684,-138.75,-1.1011,3.3348,-7.1535,1.9843,-8.2236,16.113,0,0,0,NaN,NaN,NaN,NaN,NaN,NaN,NaN,NaN,NaN,46.817,0,2635.3,0.0069644,NaN,NaN,NaN,NaN,NaN,-1,-1,-1.13,1.5889,-6.9139,2.3509,-7.3417,16.551,NaN,NaN,NaN,NaN,NaN
401.1,-7.4121,-13.694,-138.7,-1.4248,1.3248,-7.067,2.9244,-5.9543,15.589,0.008288,-0.2489,-1.119,NaN,NaN,NaN,NaN,NaN,NaN,NaN,NaN,NaN,46.817,0,2635.3,0.0069644,NaN,NaN,NaN,NaN,14.731,96165,11.375,-1.1372,1.5997,-6.8875,2.3963,-7.1473,15.974,NaN,NaN,NaN,NaN,NaN
401.11,-7.4157,-13.706,-138.66,-1.0607,0.43734,-6.1204,2.2356,-7.227,15.442,0,0,0,NaN,NaN,NaN,NaN,NaN,NaN,NaN,NaN,NaN,46.817,0,2635.3,0.0069644,NaN,NaN,NaN,NaN,NaN,-1,-1,-1.1336,1.6005,-6.8779,2.4775,-7.2875,15.939,NaN,NaN,NaN,NaN,NaN
401.11,-7.4179,-13.723,-138.62,-1.1657,2.0659,-7.1346,2.7854,-8.8552,15.227,0,0,0,NaN,NaN,NaN,NaN,NaN,NaN,NaN,NaN,NaN,46.817,0,2635.3,0.0069644,NaN,NaN,NaN,NaN,NaN,-1,-1,-1.1416,1.6184,-6.884,2.5454,-7.3257,15.926,NaN,NaN,NaN,NaN,NaN
401.11,-7.4195,-13.733,-138.57,-0.82858,1.9875,-7.6503,3.0328,-6.2417,15.43,0,0,0,NaN,NaN,NaN,NaN,NaN,NaN,NaN,NaN,NaN,46.817,0,2635.3,0.0069644,NaN,NaN,NaN,NaN,14.312,96177,11.375,-1.142,1.6221,-6.8694,2.6232,-7.3133,15.91,NaN,NaN,NaN,NaN,NaN
401.11,-7.4218,-13.742,-138.53,-1.291,0.93524,-6.5769,2.6966,-5.6636,15.375,-0.012789,-0.25365,-1.1254,NaN,NaN,NaN,NaN,NaN,NaN,NaN,NaN,NaN,46.817,0,2635.3,0.0069644,NaN,NaN,NaN,NaN,NaN,-1,-1,-1.1449,1.6287,-6.8497,2.649,-7.0931,15.232,NaN,NaN,NaN,NaN,NaN
401.12,-7.4249,-13.758,-138.49,-1.0156,2.5813,-6.95,2.3551,-8.5723,14.855,0,0,0,NaN,NaN,NaN,NaN,NaN,NaN,NaN,NaN,NaN,46.817,0,2635.3,0.0069644,0.77307,2.4982,0.71871,0.039956,NaN,-1,-1,-1.1482,1.6415,-6.8415,2.7209,-7.0395,15.079,NaN,NaN,NaN,NaN,NaN
401.12,-7.4278,-13.769,-138.45,-1.4443,2.4793,-7.3969,2.2968,-6.5466,14.724,0,0,0,NaN,NaN,NaN,NaN,NaN,NaN,NaN,NaN,NaN,46.817,0,2635.3,0.0069644,NaN,NaN,NaN,NaN,14.81,96139,11.25,-1.1481,1.6484,-6.8275,2.789,-7.0904,14.949,NaN,NaN,NaN,NaN,NaN
401.12,-7.4278,-13.778,-138.41,-1.382,0.11522,-5.3724,3.4864,-5.7912,14.665,0,0,0,NaN,NaN,NaN,NaN,NaN,NaN,NaN,NaN,NaN,46.817,0,2635.3,0.0069644,NaN,NaN,NaN,NaN,NaN,-1,-1,-1.1511,1.6568,-6.8315,2.8626,-7.0366,14.808,NaN,NaN,NaN,NaN,NaN
401.12,-7.4315,-13.808,-138.32,-1.4485,2.4099,-7.0072,3.0431,-7.3641,14.91,0,0,0,NaN,NaN,NaN,NaN,NaN,NaN,NaN,NaN,NaN,46.817,0,2635.3,0.0069644,NaN,NaN,NaN,NaN,14.727,96144,11.25,-1.1518,1.6755,-6.8228,2.9206,-7.0985,14.658,NaN,NaN,NaN,NaN,NaN
401.13,-7.433,-13.817,-138.28,-1.2719,1.5672,-7.4033,2.8465,-5.8607,14.584,0,0,0,NaN,NaN,NaN,NaN,NaN,NaN,NaN,NaN,NaN,46.817,0,2635.3,0.0069644,0.76157,2.6061,0.64385,0.095727,NaN,-1,-1,-1.1504,1.6739,-6.8088,2.9843,-7.0507,14.505,NaN,NaN,NaN,NaN,NaN
401.13,-7.4342,-13.832,-138.24,-0.88672,0.95732,-7.4148,2.9747,-7.965,14.352,0,0,0,NaN,NaN,NaN,NaN,NaN,NaN,NaN,NaN,NaN,46.817,0,2635.3,0.0069644,NaN,NaN,NaN,NaN,NaN,-1,-1,-1.1568,1.6846,-6.8126,3.0726,-7.0126,14.354,NaN,NaN,NaN,NaN,NaN
401.13,-7.4355,-13.844,-138.2,-1.3859,3.5141,-6.4434,2.8929,-6.9921,14.187,0.012919,-0.25628,-1.1208,NaN,NaN,NaN,NaN,NaN,NaN,NaN,NaN,NaN,46.817,0,2635.3,0.0069644,NaN,NaN,NaN,NaN,14.837,96141,11.25,-1.1604,1.7,-6.8182,3.1293,-7.02,14.191,NaN,NaN,NaN,NaN,NaN
401.13,-7.434,-13.855,-138.17,-1.015,1.6207,-6.7205,3.9146,-6.4537,13.852,0,0,0,NaN,NaN,NaN,NaN,NaN,NaN,NaN,NaN,NaN,46.817,0,2635.3,0.0069644,NaN,NaN,NaN,NaN,NaN,-1,-1,-1.1633,1.7016,-6.7986,3.2148,-7.0453,14.021,NaN,NaN,NaN,NaN,NaN
401.14,-7.4343,-13.87,-138.13,-1.2992,0.10545,-6.4229,3.1984,-8.026,13.711,0,0,0,NaN,NaN,NaN,NaN,NaN,NaN,NaN,NaN,NaN,46.817,0,2635.3,0.0069644,NaN,NaN,NaN,NaN,NaN,-1,-1,-1.1626,1.7085,-6.8121,3.2931,-6.9954,13.863,NaN,NaN,NaN,NaN,NaN
401.14,-7.4337,-13.882,-138.09,-1.4651,2.0344,-7.8979,3.5319,-6.7246,13.834,0,0,0,NaN,NaN,NaN,NaN,NaN,NaN,NaN,NaN,NaN,46.817,0,2635.3,0.0069644,0.77033,2.6014,0.63899,0.097392,14.531,96120,11.125,-1.1656,1.7268,-6.8179,3.3561,-6.9907,13.707,NaN,NaN,NaN,NaN,NaN
401.14,-7.4316,-13.894,-138.05,-0.46077,2.0902,-6.7992,4.1545,-6.5401,13.859,0.010614,-0.26369,-1.1255,NaN,NaN,NaN,NaN,NaN,NaN,NaN,NaN,NaN,46.817,0,2635.3,0.0069644,0.77033,2.6014,0.63899,0.097392,NaN,-1,-1,-1.1662,1.7257,-6.8083,3.4164,-7.0298,13.564,NaN,NaN,NaN,NaN,NaN
401.14,-7.4306,-13.908,-138.01,-1.2043,1.1219,-7.3298,3.7221,-7.6074,13.589,0,0,0,NaN,NaN,NaN,NaN,NaN,NaN,NaN,NaN,NaN,46.817,0,2635.3,0.0069644,NaN,NaN,NaN,NaN,14.758,96185,11.438,-1.1666,1.7321,-6.8166,3.4771,-7.0701,13.411,NaN,NaN,NaN,NaN,NaN
401.15,-7.431,-13.918,-137.97,-1.2192,2.9059,-7.8864,3.097,-6.2318,13.713,0,0,0,NaN,NaN,NaN,NaN,NaN,NaN,NaN,NaN,NaN,46.817,0,2635.3,0.0069644,NaN,NaN,NaN,NaN,NaN,-1,-1,-1.1672,1.7499,-6.8239,3.5368,-6.9459,13.267,NaN,NaN,NaN,NaN,NaN
401.15,-7.4305,-13.93,-137.94,-1.4103,2.1749,-6.0385,3.286,-6.5438,12.93,0,0,0,NaN,NaN,NaN,NaN,NaN,NaN,NaN,NaN,NaN,46.817,0,2635.3,0.0069644,NaN,NaN,NaN,NaN,NaN,-1,-1,-1.1731,1.7628,-6.8256,3.5923,-6.9794,13.115,NaN,NaN,NaN,NaN,NaN
401.15,-7.4289,-13.944,-137.9,-1.504,0.76698,-6.2537,3.7442,-7.711,12.627,0.010754,-0.25889,-1.1255,NaN,NaN,NaN,NaN,NaN,NaN,NaN,NaN,NaN,46.817,0,2635.3,0.0069644,0.75993,NaN,NaN,NaN,14.835,96152,11.25,-1.1759,1.7704,-6.8346,3.6484,-7.0623,12.973,NaN,NaN,NaN,NaN,NaN
401.15,-7.4289,-13.959,-137.86,-0.67508,1.5767,-7.4996,3.1332,-7.8443,13.008,0,0,0,NaN,NaN,NaN,NaN,NaN,NaN,NaN,NaN,NaN,46.817,0,2635.3,0.0069644,NaN,2.6127,0.63533,0.091565,NaN,-1,-1,-1.1737,1.7847,-6.8342,3.6865,-6.9288,12.825,NaN,NaN,NaN,NaN,NaN
401.16,-7.4264,-13.982,-137.79,-1.3577,1.0938,-7.0391,3.543,-6.183,12.473,0,0,0,NaN,NaN,NaN,NaN,NaN,NaN,NaN,NaN,NaN,46.817,0,2635.3,0.0069644,NaN,NaN,NaN,NaN,NaN,-1,-1,-1.1738,1.7831,-6.8447,3.722,-6.9292,12.683,NaN,NaN,NaN,NaN,NaN
401.16,-7.4255,-13.998,-137.76,-0.80346,1.6566,-7.1563,3.3303,-8.0671,12.378,0.013128,-0.24908,-1.1208,NaN,NaN,NaN,NaN,NaN,NaN,NaN,NaN,NaN,46.817,0,2635.3,0.0069644,NaN,NaN,NaN,NaN,14.67,96117,11.125,-1.1768,1.7914,-6.8542,3.7468,-6.9885,12.534,NaN,NaN,NaN,NaN,NaN
401.16,-7.4235,-14.011,-137.72,-1.2774,3.2865,-6.9181,3.8202,-7.2571,12.391,0,0,0,NaN,NaN,NaN,NaN,NaN,NaN,NaN,NaN,NaN,46.817,0,2635.3,0.0069644,NaN,NaN,NaN,NaN,14.587,96141,11.188,-1.1735,1.7924,-6.8592,3.7953,-6.905,12.376,NaN,NaN,NaN,NaN,NaN
401.16,-7.4196,-14.021,-137.69,-1.3019,1.3723,-6.4393,4.5171,-5.6658,12.287,0,0,0,NaN,NaN,NaN,NaN,NaN,NaN,NaN,NaN,NaN,46.817,0,2635.3,0.0069644,NaN,NaN,NaN,NaN,NaN,-1,-1,-1.1745,1.8055,-6.8607,3.8206,-6.9029,12.218,NaN,NaN,NaN,NaN,NaN
401.17,-7.4169,-14.037,-137.65,-1.3195,1.008,-6.0846,4.0006,-8.0333,11.959,0,0,0,NaN,NaN,NaN,NaN,NaN,NaN,NaN,NaN,NaN,46.817,0,2635.3,0.0069644,NaN,NaN,NaN,NaN,NaN,-1,-1,-1.1735,1.8125,-6.8873,3.8617,-6.9723,12.057,NaN,NaN,NaN,NaN,NaN
401.17,-7.4137,-14.051,-137.62,-1.4202,1.9168,-7.871,4.111,-7.554,11.619,0.006053,-0.2539,-1.1237,NaN,NaN,NaN,NaN,NaN,NaN,NaN,NaN,NaN,46.817,0,2635.3,0.0069644,NaN,NaN,NaN,NaN,NaN,-1,-1,-1.1771,1.8257,-6.9029,3.9185,-6.9636,11.909,NaN,NaN,NaN,NaN,NaN
401.17,-7.4103,-14.061,-137.58,-0.5954,2.0065,-7.1919,4.2869,-5.9031,12.087,0,0,0,NaN,NaN,NaN,NaN,NaN,NaN,NaN,NaN,NaN,46.817,0,2635.3,0.0069644,NaN,NaN,NaN,NaN,14.839,96171,11.375,-1.1758,1.8316,-6.9007,3.9474,-6.9155,11.763,NaN,NaN,NaN,NaN,NaN
401.17,-7.4066,-14.089,-137.52,-1.1354,2.9108,-7.3699,3.2334,-7.5987,11.391,0,0,0,NaN,NaN,NaN,NaN,NaN,NaN,NaN,NaN,NaN,46.817,0,2635.3,0.0069644,NaN,NaN,NaN,NaN,NaN,-1,-1,-1.175,1.8258,-6.916,3.961,-6.9517,11.609,NaN,NaN,NaN,NaN,NaN
401.18,-7.403,-14.099,-137.48,-1.6601,2.3642,-6.6548,4.1992,-5.6888,11.417,0.008608,-0.25166,-1.1257,NaN,NaN,NaN,NaN,NaN,NaN,NaN,NaN,NaN,46.817,0,2635.3,0.0069644,NaN,NaN,NaN,NaN,NaN,-1,-1,-1.1774,1.8261,-6.9,3.9826,-6.9527,11.448,NaN,NaN,NaN,NaN,NaN
401.18,-7.3997,-14.113,-137.45,-1.2238,0.42632,-5.9522,4.0647,-6.9315,11.319,0,0,0,NaN,NaN,NaN,NaN,NaN,NaN,NaN,NaN,NaN,46.817,0,2635.3,0.0069644,0.77416,2.4874,0.72601,0.043285,14.591,96157,11.313,-1.1713,1.8209,-6.906,4.0385,-6.8765,11.297,NaN,NaN,NaN,NaN,NaN
401.18,-7.3971,-14.13,-137.42,-0.856,1.9595,-7.7521,3.8562,-8.5354,11.293,0,0,0,NaN,NaN,NaN,NaN,NaN,NaN,NaN,NaN,NaN,46.807,0,2641,0.0075089,NaN,NaN,NaN,NaN,14.783,96158,11.313,-1.1733,1.8406,-6.9465,4.0764,-6.847,11.153,NaN,NaN,NaN,NaN,NaN
401.18,-7.393,-14.14,-137.39,-1.6265,2.3144,-7.0307,4.2684,-5.6376,10.98,0,0,0,NaN,NaN,NaN,NaN,NaN,NaN,NaN,NaN,NaN,46.807,0,2641,0.0075089,NaN,NaN,NaN,NaN,NaN,-1,-1,-1.17,1.85,-6.947,4.1034,-6.8465,11.002,NaN,NaN,NaN,NaN,NaN
401.19,-7.3894,-14.153,-137.36,-1.0974,1.0941,-6.458,4.1274,-6.9573,10.944,0.001603,-0.25408,-1.1285,NaN,NaN,NaN,NaN,NaN,NaN,NaN,NaN,NaN,46.807,0,2641,0.0075089,NaN,NaN,NaN,NaN,NaN,-1,-1,-1.1638,1.8373,-6.9427,4.1454,-6.8239,10.849,NaN,NaN,NaN,NaN,NaN
401.19,-7.3863,-14.17,-137.32,-0.96339,1.9035,-8.0325,3.947,-8.566,10.867,0,0,0,NaN,NaN,NaN,NaN,NaN,NaN,NaN,NaN,NaN,46.807,0,2641,0.0075089,0.75555,2.6127,0.63777,0.098224,NaN,-1,-1,-1.1659,1.8561,-6.9697,4.1691,-6.8323,10.707,NaN,NaN,NaN,NaN,NaN
401.19,-7.3817,-14.181,-137.29,-1.353,3.184,-7.3963,4.4114,-5.76,10.641,0,0,0,NaN,NaN,NaN,NaN,NaN,NaN,NaN,NaN,NaN,46.807,0,2641,0.0075089,NaN,NaN,NaN,NaN,14.758,96190,11.438,-1.1719,1.8688,-6.9859,4.23,-6.9221,10.552,NaN,NaN,NaN,NaN,NaN
401.19,-7.3761,-14.191,-137.26,-1.0766,1.2085,-5.4477,4.719,-5.5529,10.399,0,0,0,NaN,NaN,NaN,NaN,NaN,NaN,NaN,NaN,NaN,46.807,0,2641,0.0075089,NaN,NaN,NaN,NaN,NaN,-1,-1,-1.1634,1.8611,-6.9907,4.2593,-6.913,10.398,NaN,NaN,NaN,NaN,NaN
401.2,-7.3673,-14.224,-137.2,-1.4107,2.2456,-8.4907,4.3548,-7.3359,9.9438,0,0,0,NaN,NaN,NaN,NaN,NaN,NaN,NaN,NaN,NaN,46.807,0,2641,0.0075089,NaN,NaN,NaN,NaN,NaN,-1,-1,-1.1679,1.8735,-7.0092,4.3195,-6.835,10.25,NaN,NaN,NaN,NaN,NaN
401.2,-7.3619,-14.233,-137.17,-0.52674,1.9627,-6.4356,4.6017,-5.0806,10.23,0,0,0,NaN,NaN,NaN,NaN,NaN,NaN,NaN,NaN,NaN,46.807,0,2641,0.0075089,NaN,NaN,NaN,NaN,14.672,96125,11.188,-1.1676,1.8746,-7.0304,4.3877,-6.9431,10.109,NaN,NaN,NaN,NaN,NaN
401.2,-7.3569,-14.249,-137.15,-0.96257,1.1699,-7.3258,4.4471,-7.9234,9.7468,0,0,0,NaN,NaN,NaN,NaN,NaN,NaN,NaN,NaN,NaN,46.807,0,2641,0.0075089,0.77197,2.6055,0.64325,0.090733,NaN,-1,-1,-1.1581,1.871,-7.0388,4.4655,-6.976,9.9515,NaN,NaN,NaN,NaN,NaN
401.2,-7.3536,-14.263,-137.12,-1.5456,2.949,-7.5762,3.738,-7.0395,9.8232,0.015794,-0.25679,-1.1295,NaN,NaN,NaN,NaN,NaN,NaN,NaN,NaN,NaN,46.807,0,2641,0.0075089,0.77197,2.6055,0.64325,0.090733,14.702,96198,11.438,-1.1573,1.8824,-7.048,4.5245,-6.8326,9.8137,NaN,NaN,NaN,NaN,NaN
401.21,-7.348,-14.273,-137.09,-1.6134,2.2827,-6.3237,4.526,-5.3738,9.553,0,0,0,NaN,NaN,NaN,NaN,NaN,NaN,NaN,NaN,NaN,46.807,0,2641,0.0075089,NaN,NaN,NaN,NaN,NaN,-1,-1,-1.1605,1.8947,-7.0462,4.5964,-6.9206,9.6597,NaN,NaN,NaN,NaN,NaN
401.21,-7.3429,-14.29,-137.06,-0.96289,0.45617,-6.0292,4.4431,-8.3265,9.5517,0,0,0,NaN,NaN,NaN,NaN,NaN,NaN,NaN,NaN,NaN,46.807,0,2641,0.0075089,NaN,NaN,NaN,NaN,NaN,-1,-1,-1.1589,1.8814,-7.0526,4.6797,-7.0048,9.4936,NaN,NaN,NaN,NaN,NaN
401.21,-7.3378,-14.305,-137.03,-1.2582,1.9729,-8.118,4.3227,-7.4793,9.2114,0,0,0,NaN,NaN,NaN,NaN,NaN,NaN,NaN,NaN,NaN,46.807,0,2641,0.0075089,NaN,NaN,NaN,NaN,14.673,96164,11.313,-1.1631,1.8914,-7.0906,4.7338,-6.9628,9.3473,NaN,NaN,NaN,NaN,NaN
401.21,-7.3318,-14.317,-137.01,-1.4195,1.9923,-6.4556,4.6793,-6.073,9.3656,0.015585,-0.26399,-1.1295,NaN,NaN,NaN,NaN,NaN,NaN,NaN,NaN,NaN,46.807,0,2641,0.0075089,NaN,NaN,NaN,NaN,NaN,-1,-1,-1.1515,1.9056,-7.0748,4.7932,-6.9272,9.1935,NaN,NaN,NaN,NaN,NaN
401.22,-7.3253,-14.334,-136.98,-1.1212,1.4914,-7.0103,4.8948,-8.1469,9.1222,0,0,0,NaN,NaN,NaN,NaN,NaN,NaN,NaN,NaN,NaN,46.807,0,2641,0.0075089,NaN,2.6014,0.63533,0.092398,NaN,-1,-1,-1.1501,1.8901,-7.0967,4.8378,-7.0506,9.0287,NaN,NaN,NaN,NaN,NaN
401.22,-7.3185,-14.348,-136.95,-1.3087,1.8933,-7.872,4.9103,-7.0488,8.9423,0,0,0,NaN,NaN,NaN,NaN,NaN,NaN,NaN,NaN,NaN,46.807,0,2641,0.0075089,NaN,NaN,NaN,NaN,14.589,96170,11.313,-1.1558,1.8922,-7.1155,4.9253,-7.0282,8.8685,NaN,NaN,NaN,NaN,NaN
401.22,-7.3115,-14.362,-136.93,-1.0494,3.3292,-7.2051,4.9694,-6.7696,8.7883,0,0,0,NaN,NaN,NaN,NaN,NaN,NaN,NaN,NaN,NaN,46.807,0,2641,0.0075089,NaN,NaN,NaN,NaN,NaN,-1,-1,-1.1569,1.9033,-7.1067,5.1707,-7.1973,8.864,NaN,NaN,NaN,NaN,NaN
401.22,-7.2959,-14.39,-136.88,-1.2538,1.1724,-7.0158,4.7832,-6.571,8.5395,0,0,0,NaN,NaN,NaN,NaN,NaN,NaN,NaN,NaN,NaN,46.807,0,2641,0.0075089,NaN,NaN,NaN,NaN,14.559,96143,11.188,-1.1492,1.8987,-7.1051,5.2028,-7.179,8.6538,NaN,NaN,NaN,NaN,NaN
401.23,-7.2878,-14.404,-136.85,-1.3362,1.9285,-7.746,5.3272,-6.9176,8.4536,0,0,0,NaN,NaN,NaN,NaN,NaN,NaN,NaN,NaN,NaN,46.807,0,2641,0.0075089,NaN,NaN,NaN,NaN,NaN,-1,-1,-1.1548,1.9062,-7.138,5.2154,-7.2537,8.4544,NaN,NaN,NaN,NaN,NaN
401.23,-7.2793,-14.419,-136.83,-0.50224,1.6369,-7.0094,5.4618,-7.3936,8.1697,0,0,0,NaN,NaN,NaN,NaN,NaN,NaN,NaN,NaN,NaN,46.807,0,2641,0.0075089,NaN,NaN,NaN,NaN,NaN,-1,-1,-1.1481,1.9082,-7.1438,5.2483,-7.2542,8.2769,NaN,NaN,NaN,NaN,NaN
401.23,-7.2716,-14.432,-136.8,-1.0799,1.784,-8.295,5.0817,-6.5688,8.1625,0.013109,-0.25892,-1.1253,NaN,NaN,NaN,NaN,NaN,NaN,NaN,NaN,NaN,46.807,0,2641,0.0075089,NaN,NaN,NaN,NaN,14.48,96177,11.375,-1.1415,1.8968,-7.1488,5.4108,-7.4086,8.2087,NaN,NaN,NaN,NaN,NaN
401.23,-7.2563,-14.46,-136.75,-1.5799,2.1774,-6.2397,5.2444,-8.0384,7.7865,0,0,0,NaN,NaN,NaN,NaN,NaN,NaN,NaN,NaN,NaN,46.807,0,2641,0.0075089,NaN,NaN,NaN,NaN,NaN,-1,-1,-1.1422,1.8965,-7.157,5.3955,-7.2599,7.9793,NaN,NaN,NaN,NaN,NaN
401.24,-7.2477,-14.478,-136.73,-1.1908,1.0809,-7.7577,5.4315,-8.4047,7.7565,0,0,0,NaN,NaN,NaN,NaN,NaN,NaN,NaN,NaN,NaN,46.807,0,2641,0.0075089,NaN,NaN,NaN,NaN,NaN,-1,-1,-1.1354,1.8726,-7.159,5.3908,-7.0922,7.7488,NaN,NaN,NaN,NaN,NaN
401.24,-7.2384,-14.49,-136.71,-1.1051,2.3743,-7.9461,5.6018,-5.9924,7.7356,0.015524,-0.26147,-1.1273,NaN,NaN,NaN,NaN,NaN,NaN,NaN,NaN,NaN,46.807,0,2641,0.0075089,NaN,NaN,NaN,NaN,14.808,96175,11.313,-1.134,1.8667,-7.1745,5.3624,-7.0986,7.5345,NaN,NaN,NaN,NaN,NaN
401.24,-7.2199,-14.521,-136.66,-0.87455,1.7009,-6.9434,5.2711,-8.83,7.5546,0,0,0,NaN,NaN,NaN,NaN,NaN,NaN,NaN,NaN,NaN,46.807,0,2641,0.0075089,NaN,NaN,NaN,NaN,NaN,-1,-1,-1.1304,1.89,-7.2009,5.3474,-6.9042,7.3253,NaN,NaN,NaN,NaN,NaN
401.24,-7.21,-14.536,-136.64,-1.3574,2.2717,-10.117,5.7238,-7.2604,7.0465,0,0,0,NaN,NaN,NaN,NaN,NaN,NaN,NaN,NaN,NaN,46.807,0,2641,0.0075089,0.78128,2.6121,0.65603,0.069923,14.78,96136,11.188,-1.1275,1.8948,-7.1921,5.305,-6.8245,7.117,NaN,NaN,NaN,NaN,NaN
401.25,-7.1997,-14.543,-136.62,-1.2778,2.8958,-5.9104,5.7463,-3.9069,6.9887,0.015515,-0.26639,-1.1295,-6.6153,-14.714,-3.1662,16.441,40.059,-88.548,3.6795e+05,4.4355e+06,392.05,46.807,0,2641,0.0075089,NaN,NaN,NaN,NaN,NaN,-1,-1,-1.1344,1.9119,-7.2143,5.2666,-6.8453,6.9114,15.545,-5.1611,-1.4197,-5.2183,-18.296
401.25,-7.1886,-14.561,-136.6,-0.68877,1.594,-5.5282,6.1529,-8.2961,6.7563,0,0,0,NaN,NaN,NaN,NaN,NaN,NaN,NaN,NaN,NaN,46.807,0,2641,0.0075089,NaN,NaN,NaN,NaN,NaN,-1,-1,-1.1299,1.899,-7.2005,5.2548,-6.685,6.7071,NaN,NaN,NaN,NaN,NaN
401.25,-7.1789,-14.582,-136.58,-1.5676,1.2699,-8.8402,5.6601,-9.5792,6.6483,0,0,0,NaN,NaN,NaN,NaN,NaN,NaN,NaN,NaN,NaN,46.807,0,2641,0.0075089,NaN,NaN,NaN,NaN,14.731,96185,11.438,-1.1128,1.8782,-7.135,5.246,-6.5541,6.5038,NaN,NaN,NaN,NaN,NaN
401.25,-7.167,-14.589,-136.56,-1.5612,1.8885,-8.7806,6.2323,-3.651,6.4233,0,0,0,NaN,NaN,NaN,NaN,NaN,NaN,NaN,NaN,NaN,46.807,0,2641,0.0075089,0.76485,2.6127,0.63959,0.091565,NaN,-1,-1,-1.1154,1.8828,-7.1717,5.2005,-6.5506,6.3006,NaN,NaN,NaN,NaN,NaN
401.26,-7.1569,-14.603,-136.54,0.068076,2.1202,-4.6257,5.709,-6.5772,6.6955,0.01787,-0.26643,-1.1293,NaN,NaN,NaN,NaN,NaN,NaN,NaN,NaN,NaN,46.807,0,2641,0.0075089,NaN,NaN,NaN,NaN,NaN,-1,-1,-1.1197,1.8869,-7.189,5.1584,-6.382,6.1078,NaN,NaN,NaN,NaN,NaN
401.26,-7.147,-14.628,-136.52,-1.1483,1.8782,-8.5763,5.6437,-10.845,6.3049,0,0,0,NaN,NaN,NaN,NaN,NaN,NaN,NaN,NaN,NaN,46.807,0,2641,0.0075089,NaN,NaN,NaN,NaN,14.673,96203,11.438,-1.1091,1.8711,-7.178,5.1466,-6.2923,5.9086,NaN,NaN,NaN,NaN,NaN
401.26,-7.1373,-14.636,-136.5,-2.0308,2.5564,-9.7132,5.3223,-4.2065,6.0032,0,0,0,NaN,NaN,NaN,NaN,NaN,NaN,NaN,NaN,NaN,46.807,0,2641,0.0075089,NaN,NaN,NaN,NaN,14.723,96148,11.188,-1.11,1.8851,-7.1877,5.0974,-6.2793,5.7172,NaN,NaN,NaN,NaN,NaN
401.26,-7.1275,-14.646,-136.48,-1.2446,2.2708,-5.2191,5.3374,-4.9807,5.9745,0,0,0,NaN,NaN,NaN,NaN,NaN,NaN,NaN,NaN,NaN,46.807,0,2641,0.0075089,NaN,NaN,NaN,NaN,NaN,-1,-1,-1.1028,1.8761,-7.1393,5.0665,-6.1453,5.5266,NaN,NaN,NaN,NaN,NaN
401.27,-7.1175,-14.666,-136.46,-0.68373,1.4272,-6.3264,5.478,-9.0914,5.714,0.029646,-0.26659,-1.1282,NaN,NaN,NaN,NaN,NaN,NaN,NaN,NaN,NaN,46.807,0,2641,0.0075089,0.76431,2.6103,0.64081,0.0899,NaN,-1,-1,-1.1036,1.8568,-7.1303,5.059,-6.0822,5.3321,NaN,NaN,NaN,NaN,NaN
401.27,-7.1069,-14.683,-136.44,-1.4188,1.8183,-9.0452,5.5902,-7.5426,5.3388,0,0,0,NaN,NaN,NaN,NaN,NaN,NaN,NaN,NaN,NaN,46.807,0,2641,0.0075089,NaN,NaN,NaN,NaN,NaN,-1,-1,-1.1057,1.8688,-7.1585,5.032,-6.0766,5.1461,NaN,NaN,NaN,NaN,NaN
401.27,-7.0958,-14.692,-136.43,-1.5307,1.8072,-7.5271,5.7147,-4.4931,5.4852,0,0,0,NaN,NaN,NaN,NaN,NaN,NaN,NaN,NaN,NaN,46.807,0,2641,0.0075089,NaN,NaN,NaN,NaN,15.025,96153,11.25,-1.1022,1.8642,-7.156,5.0254,-5.9497,4.966,NaN,NaN,NaN,NaN,NaN
401.27,-7.0875,-14.71,-136.41,-0.6432,1.5917,-6.4787,4.7227,-8.0582,5.3318,0,0,0,NaN,NaN,NaN,NaN,NaN,NaN,NaN,NaN,NaN,46.807,0,2641,0.0075089,NaN,NaN,NaN,NaN,NaN,-1,-1,-1.1007,1.8483,-7.1581,5.0078,-5.9864,4.8007,NaN,NaN,NaN,NaN,NaN
401.28,0,0,0,0,0,0,0,0,0,0,0,0,NaN,NaN,NaN,NaN,NaN,NaN,NaN,NaN,NaN,46.807,0,2641,0.0075089,NaN,NaN,NaN,NaN,NaN,-1,-1,-1.1084,1.8618,-7.1618,5.0092,-5.9224,4.6358,NaN,NaN,NaN,NaN,NaN
401.28,-7.0777,-14.726,-136.39,-1.1566,2.19,-9.2651,5.2635,-7.2665,5.3054,0.027351,-0.26907,-1.1306,NaN,NaN,NaN,NaN,NaN,NaN,NaN,NaN,NaN,46.807,0,2641,0.0075089,0.76321,NaN,NaN,NaN,14.615,96140,11.188,-1.1133,1.8648,-7.1712,5.0183,-5.8777,4.4757,NaN,NaN,NaN,NaN,NaN
401.28,-7.0654,-14.734,-136.38,-1.56,3.2924,-7.0032,5.9805,-3.9696,4.6401,0,0,0,NaN,NaN,NaN,NaN,NaN,NaN,NaN,NaN,NaN,46.807,0,2641,0.0075089,NaN,2.6145,0.63959,0.086571,14.918,96163,11.313,-1.1127,1.8681,-7.1676,4.999,-5.8867,4.3166,NaN,NaN,NaN,NaN,NaN
401.28,-7.0318,-14.78,-136.33,-1.4527,1.8311,-9.085,5.6246,-3.9261,4.4374,0.02697,-0.26379,-1.1218,NaN,NaN,NaN,NaN,NaN,NaN,NaN,NaN,NaN,46.807,0,2641,0.0075089,NaN,NaN,NaN,NaN,NaN,-1,-1,-1.1144,1.8636,-7.1775,5.0157,-5.8356,4.1533,NaN,NaN,NaN,NaN,NaN
401.29,0,0,0,0,0,0,0,0,0,0,0,0,NaN,NaN,NaN,NaN,NaN,NaN,NaN,NaN,NaN,46.807,0,2641,0.0075089,NaN,NaN,NaN,NaN,NaN,-1,-1,-1.1124,1.8567,-7.1557,5.0684,-5.7988,4.0089,NaN,NaN,NaN,NaN,NaN
401.29,-7.0205,-14.794,-136.32,-0.46725,1.6747,-6.0411,5.5985,-6.4438,4.3898,0,0,0,NaN,NaN,NaN,NaN,NaN,NaN,NaN,NaN,NaN,46.807,0,2641,0.0075089,NaN,NaN,NaN,NaN,NaN,-1,-1,-1.1106,1.8558,-7.1597,5.1124,-5.7925,3.8714,NaN,NaN,NaN,NaN,NaN
401.29,-7.0106,-14.813,-136.3,-0.85528,1.7366,-8.3005,5.112,-8.4059,4.4311,0,0,0,NaN,NaN,NaN,NaN,NaN,NaN,NaN,NaN,NaN,46.768,0,2641,0.0058767,NaN,NaN,NaN,NaN,14.889,96177,11.313,-1.1123,1.8495,-7.1634,5.1747,-5.8421,3.7286,NaN,NaN,NaN,NaN,NaN
401.29,-6.9992,-14.825,-136.29,-1.7402,3.192,-8.2553,5.5166,-5.126,4.0394,0,0,0,NaN,NaN,NaN,NaN,NaN,NaN,NaN,NaN,NaN,46.768,0,2641,0.0058767,NaN,NaN,NaN,NaN,NaN,-1,-1,-1.1139,1.8372,-7.1348,5.2788,-5.8706,3.5862,NaN,NaN,NaN,NaN,NaN
401.3,-6.9761,-14.856,-136.26,-0.93876,1.0703,-7.1777,5.4854,-8.4227,3.6432,0,0,0,NaN,NaN,NaN,NaN,NaN,NaN,NaN,NaN,NaN,46.768,0,2641,0.0058767,NaN,NaN,NaN,NaN,NaN,-1,-1,-1.1114,1.8409,-7.1313,5.4122,-5.8652,3.4467,NaN,NaN,NaN,NaN,NaN
401.3,-6.9628,-14.871,-136.25,-1.039,2.7498,-8.4659,6.2133,-6.4627,3.6331,0,0,0,NaN,NaN,NaN,NaN,NaN,NaN,NaN,NaN,NaN,46.768,0,2641,0.0058767,NaN,NaN,NaN,NaN,14.587,96142,11.188,-1.1203,1.8459,-7.1948,5.5194,-5.983,3.3115,NaN,NaN,NaN,NaN,NaN
401.3,-6.95,-14.882,-136.24,-1.4999,1.2187,-7.0354,5.9617,-5.1916,3.5864,0,0,0,NaN,NaN,NaN,NaN,NaN,NaN,NaN,NaN,NaN,46.768,0,2641,0.0058767,NaN,NaN,NaN,NaN,NaN,-1,-1,-1.1196,1.8346,-7.1871,5.6577,-5.9687,3.1786,NaN,NaN,NaN,NaN,NaN
401.3,-6.9541,-14.89,-136.22,-0.92224,1.4429,-7.1144,5.6247,-7.9812,3.4479,0.032122,-0.27166,-1.1324,NaN,NaN,NaN,NaN,NaN,NaN,NaN,NaN,NaN,46.768,0,2641,0.0058767,NaN,NaN,NaN,NaN,14.698,96177,11.313,-1.1248,1.8392,-7.1818,5.798,-5.9069,3.0481,NaN,NaN,NaN,NaN,NaN
401.31,-6.9413,-14.906,-136.21,-1.0322,2.4367,-9.5785,5.906,-6.9163,3.2843,0,0,0,NaN,NaN,NaN,NaN,NaN,NaN,NaN,NaN,NaN,46.768,0,2641,0.0058767,0.78128,2.6151,0.66759,0.069923,NaN,-1,-1,-1.1176,1.82,-7.1676,5.9724,-6.0176,2.9183,NaN,NaN,NaN,NaN,NaN
401.31,-6.9259,-14.916,-136.2,-1.7617,3.0161,-6.2765,6.8094,-4.7197,2.8689,0,0,0,NaN,NaN,NaN,NaN,NaN,NaN,NaN,NaN,NaN,46.768,0,2641,0.0058767,NaN,NaN,NaN,NaN,NaN,-1,-1,-1.1344,1.8328,-7.2291,6.1511,-6.1441,2.7881,NaN,NaN,NaN,NaN,NaN
401.31,-6.9096,-14.933,-136.19,-0.96571,1.0465,-6.9833,7.2404,-7.2242,2.895,0,0,0,NaN,NaN,NaN,NaN,NaN,NaN,NaN,NaN,NaN,46.768,0,2641,0.0058767,NaN,NaN,NaN,NaN,14.811,96176,11.375,-1.1385,1.841,-7.2583,6.3674,-6.1117,2.6548,NaN,NaN,NaN,NaN,NaN
401.31,-6.8953,-14.951,-136.18,-1.1551,1.5554,-7.4719,6.407,-7.9422,2.6757,0.036651,-0.26416,-1.1254,NaN,NaN,NaN,NaN,NaN,NaN,NaN,NaN,NaN,46.768,0,2641,0.0058767,NaN,NaN,NaN,NaN,NaN,-1,-1,-1.1451,1.8472,-7.2713,6.5535,-6.1814,2.5523,NaN,NaN,NaN,NaN,NaN
401.32,-6.8795,-14.963,-136.17,-1.371,1.9356,-8.4302,6.8841,-4.9661,2.5902,0,0,0,NaN,NaN,NaN,NaN,NaN,NaN,NaN,NaN,NaN,46.768,0,2641,0.0058767,0.75883,2.4761,0.71506,0.054939,NaN,-1,-1,-1.1481,1.8526,-7.2884,6.7602,-6.3569,2.4493,NaN,NaN,NaN,NaN,NaN
401.32,-6.8627,-14.978,-136.16,-0.45231,1.9256,-6.5667,7.2693,-6.7138,2.379,0,0,0,NaN,NaN,NaN,NaN,NaN,NaN,NaN,NaN,NaN,46.768,0,2641,0.0058767,NaN,NaN,NaN,NaN,14.861,96140,11.188,-1.1489,1.855,-7.2789,6.9647,-6.3817,2.3452,NaN,NaN,NaN,NaN,NaN
401.32,-6.8477,-14.996,-136.15,-0.95396,1.5065,-7.8156,6.6591,-7.7909,2.6235,0,0,0,NaN,NaN,NaN,NaN,NaN,NaN,NaN,NaN,NaN,46.768,0,2641,0.0058767,NaN,NaN,NaN,NaN,NaN,-1,-1,-1.1414,1.8304,-7.2407,7.1836,-6.368,2.254,NaN,NaN,NaN,NaN,NaN
401.32,-6.8157,-15.021,-136.13,-1.173,2.0742,-5.9016,7.2408,-5.5814,2.1647,0,0,0,NaN,NaN,NaN,NaN,NaN,NaN,NaN,NaN,NaN,46.768,0,2641,0.0058767,NaN,NaN,NaN,NaN,14.809,96186,11.375,-1.1448,1.8263,-7.2559,7.4396,-6.5786,2.1604,NaN,NaN,NaN,NaN,NaN
401.33,-6.7993,-15.04,-136.12,-0.60287,1.216,-6.919,7.1651,-7.939,2.2915,0,0,0,NaN,NaN,NaN,NaN,NaN,NaN,NaN,NaN,NaN,46.768,0,2641,0.0058767,NaN,NaN,NaN,NaN,NaN,-1,-1,-1.1544,1.8508,-7.2577,7.6937,-6.7274,2.0605,NaN,NaN,NaN,NaN,NaN
401.33,-6.7619,-15.068,-136.11,-1.3701,1.4017,-7.7265,8.0105,-5.2913,1.7718,0.038787,-0.27631,-1.1274,NaN,NaN,NaN,NaN,NaN,NaN,NaN,NaN,NaN,46.768,0,2641,0.0058767,0.7665,2.6055,0.63959,0.091565,NaN,-1,-1,-1.1479,1.8418,-7.2232,7.933,-6.7187,1.9813,NaN,NaN,NaN,NaN,NaN
401.33,-6.7433,-15.086,-136.1,-0.74804,1.2111,-6.59,7.8244,-7.4463,1.7031,0,0,0,NaN,NaN,NaN,NaN,NaN,NaN,NaN,NaN,NaN,46.768,0,2641,0.0058767,0.7665,2.6055,0.63959,0.091565,14.67,96137,11.188,-1.1507,1.8246,-7.2031,8.1486,-6.8846,1.9018,NaN,NaN,NaN,NaN,NaN
401.33,-6.7242,-15.102,-136.09,-1.5251,2.4323,-8.455,8.0022,-6.8502,1.5364,0,0,0,NaN,NaN,NaN,NaN,NaN,NaN,NaN,NaN,NaN,46.768,0,2641,0.0058767,NaN,NaN,NaN,NaN,NaN,-1,-1,-1.1611,1.8301,-7.2122,8.1792,-6.8024,1.6355,NaN,NaN,NaN,NaN,NaN
401.34,-6.702,-15.114,-136.08,-1.4536,3.3816,-7.2977,9.1081,-4.9866,1.3823,0,0,0,NaN,NaN,NaN,NaN,NaN,NaN,NaN,NaN,NaN,46.768,0,2641,0.0058767,NaN,NaN,NaN,NaN,NaN,-1,-1,-1.1573,1.8116,-7.1928,8.3461,-6.8502,1.5342,NaN,NaN,NaN,NaN,NaN
401.34,-6.6801,-15.13,-136.08,-1.0515,0.64627,-6.101,9.1452,-7.1255,1.5863,0.031461,-0.27598,-1.1236,NaN,NaN,NaN,NaN,NaN,NaN,NaN,NaN,NaN,46.768,0,2641,0.0058767,NaN,NaN,NaN,NaN,14.782,96188,11.375,-1.1611,1.809,-7.1886,8.5513,-6.8179,1.4192,NaN,NaN,NaN,NaN,NaN
401.34,-6.6587,-15.148,-136.07,-1.1345,1.7782,-7.3423,8.7735,-7.5441,0.86895,0,0,0,NaN,NaN,NaN,NaN,NaN,NaN,NaN,NaN,NaN,46.768,0,2641,0.0058767,0.755,NaN,NaN,NaN,NaN,-1,-1,-1.1604,1.8142,-7.1769,8.7325,-6.8469,1.2934,NaN,NaN,NaN,NaN,NaN
401.34,-6.636,-15.163,-136.07,-1.0136,1.9928,-7.9126,9.1649,-6.0147,0.73528,0,0,0,NaN,NaN,NaN,NaN,NaN,NaN,NaN,NaN,NaN,46.768,0,2641,0.0058767,NaN,2.6091,0.62986,0.10572,14.698,96116,11.125,-1.1648,1.811,-7.1789,8.6749,-6.651,1.016,NaN,NaN,NaN,NaN,NaN
401.35,-6.613,-15.177,-136.06,-1.1629,1.7272,-7.1088,9.2858,-5.9233,0.59467,0,0,0,NaN,NaN,NaN,NaN,NaN,NaN,NaN,NaN,NaN,46.768,0,2641,0.0058767,NaN,NaN,NaN,NaN,NaN,-1,-1,-1.1574,1.8041,-7.1617,8.79,-6.5946,0.86569,NaN,NaN,NaN,NaN,NaN
401.35,-6.5916,-15.195,-136.06,-0.996,1.4017,-7.7816,8.6752,-7.4016,0.64452,0.045243,-0.28817,-1.1224,NaN,NaN,NaN,NaN,NaN,NaN,NaN,NaN,NaN,46.768,0,2641,0.0058767,NaN,NaN,NaN,NaN,NaN,-1,-1,-1.1564,1.7981,-7.1338,8.8844,-6.6953,0.72952,NaN,NaN,NaN,NaN,NaN
401.35,-6.5711,-15.21,-136.05,-1.5253,3.2938,-7.4157,8.3175,-6.308,0.7119,0,0,0,NaN,NaN,NaN,NaN,NaN,NaN,NaN,NaN,NaN,46.768,0,2641,0.0058767,NaN,NaN,NaN,NaN,14.698,96178,11.313,-1.1604,1.802,-7.1358,8.965,-6.6758,0.57984,NaN,NaN,NaN,NaN,NaN
401.35,-6.5484,-15.223,-136.05,-1.5798,1.8093,-6.1872,9.1234,-5.6217,0.61392,0,0,0,NaN,NaN,NaN,NaN,NaN,NaN,NaN,NaN,NaN,46.768,0,2641,0.0058767,NaN,NaN,NaN,NaN,NaN,-1,-1,-1.1671,1.7891,-7.115,9.0309,-6.7183,0.42891,NaN,NaN,NaN,NaN,NaN
401.36,-6.5259,-15.244,-136.04,-0.99804,1.0428,-6.9129,9.0609,-8.5793,0.18827,0,0,0,NaN,NaN,NaN,NaN,NaN,NaN,NaN,NaN,NaN,46.768,0,2641,0.0058767,NaN,NaN,NaN,NaN,NaN,-1,-1,-1.1632,1.7885,-7.0946,9.1255,-6.7619,0.2753,NaN,NaN,NaN,NaN,NaN
401.36,-6.5021,-15.261,-136.04,-1.1928,2.1085,-7.7508,9.4949,-6.7908,0.16043,0.043037,-0.27842,-1.1203,NaN,NaN,NaN,NaN,NaN,NaN,NaN,NaN,NaN,46.768,0,2641,0.0058767,NaN,NaN,NaN,NaN,14.505,96173,11.313,-1.1647,1.7915,-7.0987,9.2023,-6.7353,0.13088,NaN,NaN,NaN,NaN,NaN
401.36,-6.4784,-15.275,-136.03,-1.3617,1.1712,-7.1602,9.4076,-5.9766,0.030825,0,0,0,NaN,NaN,NaN,NaN,NaN,NaN,NaN,NaN,NaN,46.768,0,2641,0.0058767,NaN,NaN,NaN,NaN,NaN,-1,-1,-1.1718,1.7837,-7.0712,9.2364,-6.7824,-0.0035628,NaN,NaN,NaN,NaN,NaN
401.36,-6.4552,-15.293,-136.03,-1.2236,1.4843,-6.9851,9.2355,-7.4641,0.072766,0,0,0,NaN,NaN,NaN,NaN,NaN,NaN,NaN,NaN,NaN,46.768,0,2641,0.0058767,NaN,NaN,NaN,NaN,14.421,96159,11.25,-1.1706,1.7771,-7.0576,9.2492,-6.7939,-0.14033,NaN,NaN,NaN,NaN,NaN
401.37,-6.4324,-15.309,-136.03,-1.133,2.5255,-8.0073,9.0759,-6.5215,0.11814,0,0,0,NaN,NaN,NaN,NaN,NaN,NaN,NaN,NaN,NaN,46.768,0,2641,0.0058767,NaN,NaN,NaN,NaN,NaN,-1,-1,-1.1738,1.7865,-7.0567,9.2694,-6.7671,-0.29163,NaN,NaN,NaN,NaN,NaN
401.37,-6.4072,-15.324,-136.03,-1.5139,2.6593,-6.2344,9.891,-6.1298,-0.33065,0.036242,-0.27364,-1.1232,NaN,NaN,NaN,NaN,NaN,NaN,NaN,NaN,NaN,46.768,0,2641,0.0058767,0.77252,2.4892,0.71506,0.032464,NaN,-1,-1,-1.1767,1.7758,-7.0286,9.3016,-6.7678,-0.42876,NaN,NaN,NaN,NaN,NaN
401.37,-6.3828,-15.343,-136.02,-1.1066,0.74905,-6.6515,9.602,-7.929,-0.52105,0,0,0,NaN,NaN,NaN,NaN,NaN,NaN,NaN,NaN,NaN,46.768,0,2641,0.0058767,NaN,NaN,NaN,NaN,14.698,96159,11.25,-1.1758,1.7597,-7.0097,9.2669,-6.8919,-0.56476,NaN,NaN,NaN,NaN,NaN
401.37,-6.3342,-15.375,-136.02,-0.89689,1.7594,-7.1719,9.6246,-6.2562,-0.64887,0,0,0,NaN,NaN,NaN,NaN,NaN,NaN,NaN,NaN,NaN,46.768,0,2641,0.0058767,NaN,NaN,NaN,NaN,NaN,-1,-1,-1.1752,1.7696,-7.0348,9.244,-6.8046,-0.70376,NaN,NaN,NaN,NaN,NaN
401.38,-6.31,-15.395,-136.02,-0.98085,1.4645,-7.6233,9.39,-7.988,-0.94011,0.047808,-0.281,-1.1221,NaN,NaN,NaN,NaN,NaN,NaN,NaN,NaN,NaN,46.768,0,2641,0.0058767,NaN,NaN,NaN,NaN,NaN,-1,-1,-1.1728,1.7581,-7.0102,9.2271,-6.7903,-0.84603,NaN,NaN,NaN,NaN,NaN
401.38,-6.288,-15.409,-136.02,-1.1624,1.9181,-7.2723,8.448,-5.653,-1.0075,0,0,0,NaN,NaN,NaN,NaN,NaN,NaN,NaN,NaN,NaN,46.768,0,2641,0.0058767,NaN,NaN,NaN,NaN,14.753,96154,11.25,-1.1712,1.7441,-7.0012,9.1601,-6.8958,-0.98496,NaN,NaN,NaN,NaN,NaN
401.38,-6.2656,-15.425,-136.02,-1.2302,2.7006,-6.9427,8.5516,-6.3333,-1.1015,0,0,0,NaN,NaN,NaN,NaN,NaN,NaN,NaN,NaN,NaN,46.768,0,2641,0.0058767,0.75281,2.5978,0.63959,0.097392,NaN,-1,-1,-1.1783,1.7554,-6.9897,9.1134,-6.8571,-1.1303,NaN,NaN,NaN,NaN,NaN
401.38,-6.2417,-15.445,-136.02,-2.1722,1.6966,-6.1741,9.1214,-8.1506,-1.4877,0,0,0,NaN,NaN,NaN,NaN,NaN,NaN,NaN,NaN,NaN,46.768,0,2641,0.0058767,NaN,NaN,NaN,NaN,14.671,96131,11.188,-1.1747,1.7259,-6.9665,9.0523,-6.8927,-1.272,NaN,NaN,NaN,NaN,NaN
401.39,-6.2187,-15.462,-136.02,-0.70809,1.2354,-8.04,8.7272,-6.7335,-1.5314,0.038438,-0.28831,-1.1274,NaN,NaN,NaN,NaN,NaN,NaN,NaN,NaN,NaN,46.768,0,2641,0.0058767,NaN,NaN,NaN,NaN,NaN,-1,-1,-1.1793,1.7194,-6.9715,8.9831,-6.9271,-1.4241,NaN,NaN,NaN,NaN,NaN
401.39,-6.1954,-15.476,-136.02,-1.0046,2.0719,-6.259,8.7045,-5.534,-1.7522,0,0,0,NaN,NaN,NaN,NaN,NaN,NaN,NaN,NaN,NaN,46.768,0,2641,0.0058767,NaN,NaN,NaN,NaN,NaN,-1,-1,-1.1852,1.7352,-6.9746,8.901,-6.91,-1.5713,NaN,NaN,NaN,NaN,NaN
401.39,-6.1714,-15.497,-136.02,-1.7502,0.7344,-7.0774,9.09,-8.4218,-1.8646,0,0,0,NaN,NaN,NaN,NaN,NaN,NaN,NaN,NaN,NaN,46.768,0,2641,0.0058767,NaN,NaN,NaN,NaN,14.726,96193,11.375,-1.1777,1.724,-6.9517,8.793,-6.9969,-1.7114,NaN,NaN,NaN,NaN,NaN
401.39,-6.1487,-15.516,-136.02,-1.1419,1.7654,-8.2373,8.4467,-7.6821,-2.0575,0,0,0,NaN,NaN,NaN,NaN,NaN,NaN,NaN,NaN,NaN,46.768,0,2641,0.0058767,0.76704,2.6014,0.63899,0.097392,NaN,-1,-1,-1.1908,1.7238,-6.9522,8.7091,-6.9068,-1.8522,NaN,NaN,NaN,NaN,NaN
401.4,-6.1257,-15.529,-136.03,-0.78689,2.3833,-6.6899,8.5514,-5.2132,-1.9118,0.050033,-0.28092,-1.1197,NaN,NaN,NaN,NaN,NaN,NaN,NaN,NaN,NaN,46.768,0,2641,0.0058767,NaN,NaN,NaN,NaN,NaN,-1,-1,-1.1921,1.7299,-6.934,8.6521,-6.8597,-1.9849,NaN,NaN,NaN,NaN,NaN
401.4,-6.101,-15.546,-136.03,-1.7104,2.5124,-6.3522,9.1858,-6.8585,-2.2773,0,0,0,NaN,NaN,NaN,NaN,NaN,NaN,NaN,NaN,NaN,46.768,0,2641,0.0058767,NaN,NaN,NaN,NaN,14.726,96173,11.313,-1.1932,1.7113,-6.9167,8.5638,-6.9887,-2.1379,NaN,NaN,NaN,NaN,NaN
401.4,-6.0778,-15.568,-136.03,-1.3477,0.87029,-7.0626,8.6827,-8.5857,-2.1364,0,0,0,NaN,NaN,NaN,NaN,NaN,NaN,NaN,NaN,NaN,46.729,0.024486,2645.3,0.0058767,NaN,NaN,NaN,NaN,NaN,-1,-1,-1.1952,1.6984,-6.932,8.446,-6.9779,-2.2844,NaN,NaN,NaN,NaN,NaN
401.4,-6.0551,-15.583,-136.03,-1.1947,1.7899,-6.9672,8.3046,-6.1328,-2.4385,0,0,0,NaN,NaN,NaN,NaN,NaN,NaN,NaN,NaN,NaN,46.729,0.024486,2645.3,0.0058767,NaN,NaN,NaN,NaN,14.753,96174,11.313,-1.1925,1.6976,-6.9332,8.3421,-6.8444,-2.429,NaN,NaN,NaN,NaN,NaN
401.41,-6.0319,-15.599,-136.04,-0.99603,1.5381,-7.0898,8.5598,-6.3472,-2.3416,0.045313,-0.28577,-1.1224,NaN,NaN,NaN,NaN,NaN,NaN,NaN,NaN,NaN,46.729,0.024486,2645.3,0.0058767,0.75062,NaN,NaN,NaN,NaN,-1,-1,-1.2019,1.6999,-6.9293,8.2394,-6.933,-2.5788,NaN,NaN,NaN,NaN,NaN
401.41,-6.0089,-15.619,-136.04,-1.1723,1.4585,-6.9321,8.4295,-7.8767,-2.6643,0,0,0,NaN,NaN,NaN,NaN,NaN,NaN,NaN,NaN,NaN,46.729,0.024486,2645.3,0.0058767,NaN,2.6061,0.63716,0.10072,NaN,-1,-1,-1.2063,1.7044,-6.9221,8.1052,-6.9562,-2.7254,NaN,NaN,NaN,NaN,NaN
401.41,-5.9875,-15.635,-136.04,-1.0289,1.4629,-7.7631,7.7217,-6.0973,-2.5661,0,0,0,NaN,NaN,NaN,NaN,NaN,NaN,NaN,NaN,NaN,46.729,0.024486,2645.3,0.0058767,NaN,NaN,NaN,NaN,14.7,96184,11.375,-1.2085,1.6994,-6.9165,7.9841,-6.8248,-2.8681,NaN,NaN,NaN,NaN,NaN
401.41,-5.967,-15.652,-136.05,-1.6902,3.0344,-6.9117,7.3318,-6.6413,-2.8216,0,0,0,NaN,NaN,NaN,NaN,NaN,NaN,NaN,NaN,NaN,46.729,0.024486,2645.3,0.0058767,NaN,NaN,NaN,NaN,NaN,-1,-1,-1.2116,1.68,-6.9122,7.8856,-6.9283,-3.0218,NaN,NaN,NaN,NaN,NaN
401.42,-5.9227,-15.688,-136.06,-0.7292,0.93414,-6.7485,7.5029,-7.2324,-3.2224,0,0,0,NaN,NaN,NaN,NaN,NaN,NaN,NaN,NaN,NaN,46.729,0.024486,2645.3,0.0058767,NaN,NaN,NaN,NaN,NaN,-1,-1,-1.2096,1.6722,-6.9159,7.7922,-6.9715,-3.1629,NaN,NaN,NaN,NaN,NaN
401.42,-5.9011,-15.707,-136.06,-1.3057,1.8924,-7.6077,7.6642,-7.5311,-3.3024,0,0,0,NaN,NaN,NaN,NaN,NaN,NaN,NaN,NaN,NaN,46.729,0.024486,2645.3,0.0058767,NaN,NaN,NaN,NaN,14.779,96161,11.25,-1.2119,1.6797,-6.9243,7.6781,-6.9016,-3.3171,NaN,NaN,NaN,NaN,NaN
401.42,-5.8793,-15.723,-136.07,-1.7212,1.6333,-7.2432,7.731,-6.3004,-3.2744,0,0,0,NaN,NaN,NaN,NaN,NaN,NaN,NaN,NaN,NaN,46.729,0.024486,2645.3,0.0058767,NaN,NaN,NaN,NaN,NaN,-1,-1,-1.2109,1.6724,-6.9058,7.5699,-6.9555,-3.4495,NaN,NaN,NaN,NaN,NaN
401.42,-5.8584,-15.743,-136.08,-0.90187,0.78177,-7.0476,7.2794,-7.871,-3.6871,0.040533,-0.28811,-1.1228,NaN,NaN,NaN,NaN,NaN,NaN,NaN,NaN,NaN,46.729,0.024486,2645.3,0.0058767,NaN,NaN,NaN,NaN,14.672,96167,11.313,-1.2213,1.6613,-6.9173,7.4581,-6.9109,-3.5693,NaN,NaN,NaN,NaN,NaN
401.43,-5.815,-15.776,-136.09,-1.99,2.4671,-6.489,7.8985,-4.9936,-3.9925,0,0,0,NaN,NaN,NaN,NaN,NaN,NaN,NaN,NaN,NaN,46.729,0.024486,2645.3,0.0058767,NaN,NaN,NaN,NaN,NaN,-1,-1,-1.2202,1.6449,-6.9019,7.3835,-6.872,-3.7007,NaN,NaN,NaN,NaN,NaN
401.43,-5.7935,-15.797,-136.1,-0.91838,0.57258,-6.2172,7.4387,-8.2367,-4.0485,0,0,0,NaN,NaN,NaN,NaN,NaN,NaN,NaN,NaN,NaN,46.729,0.024486,2645.3,0.0058767,NaN,NaN,NaN,NaN,NaN,-1,-1,-1.2204,1.6246,-6.9127,7.268,-6.8922,-3.8309,NaN,NaN,NaN,NaN,NaN
401.43,-5.7728,-15.817,-136.1,-1.2019,1.9698,-7.5724,7.0575,-7.864,-4.214,0.042808,-0.29546,-1.1248,NaN,NaN,NaN,NaN,NaN,NaN,NaN,NaN,NaN,46.729,0.024486,2645.3,0.0058767,0.78073,2.6205,0.66759,0.06909,14.862,96174,11.313,-1.2268,1.6419,-6.9371,7.1998,-6.8808,-3.954,NaN,NaN,NaN,NaN,NaN
401.43,-5.7513,-15.831,-136.11,-1.1909,1.4163,-7.5707,7.3205,-5.4103,-4.0536,0,0,0,NaN,NaN,NaN,NaN,NaN,NaN,NaN,NaN,NaN,46.729,0.024486,2645.3,0.0058767,0.78073,2.6205,0.66759,0.06909,NaN,-1,-1,-1.2297,1.6412,-6.9285,7.1134,-6.9239,-4.0824,NaN,NaN,NaN,NaN,NaN
401.44,-5.7316,-15.85,-136.12,-0.82014,0.68933,-6.545,6.6108,-7.3985,-4.2676,0,0,0,NaN,NaN,NaN,NaN,NaN,NaN,NaN,NaN,NaN,46.729,0.024486,2645.3,0.0058767,NaN,NaN,NaN,NaN,NaN,-1,-1,-1.2266,1.6197,-6.9266,6.9847,-6.8973,-4.2162,NaN,NaN,NaN,NaN,NaN
401.44,-5.713,-15.87,-136.13,-1.016,2.5378,-7.4327,6.2277,-7.6825,-4.1903,0,0,0,NaN,NaN,NaN,NaN,NaN,NaN,NaN,NaN,NaN,46.729,0.024486,2645.3,0.0058767,NaN,NaN,NaN,NaN,14.641,96169,11.25,-1.226,1.6262,-6.9428,6.9019,-6.8786,-4.3553,NaN,NaN,NaN,NaN,NaN
401.44,-5.6929,-15.883,-136.14,-2.0781,2.7063,-7.5879,6.6744,-4.9115,-4.318,0.042608,-0.29774,-1.1226,NaN,NaN,NaN,NaN,NaN,NaN,NaN,NaN,NaN,46.729,0.024486,2645.3,0.0058767,NaN,NaN,NaN,NaN,NaN,-1,-1,-1.2314,1.6116,-6.9338,6.8124,-6.9395,-4.4915,NaN,NaN,NaN,NaN,NaN
401.44,-5.6532,-15.924,-136.15,-0.81512,1.6965,-7.8475,6.3336,-8.4772,-4.4938,0,0,0,NaN,NaN,NaN,NaN,NaN,NaN,NaN,NaN,NaN,46.729,0.024486,2645.3,0.0058767,NaN,NaN,NaN,NaN,14.641,96171,11.25,-1.232,1.6027,-6.9321,6.7084,-6.9431,-4.6265,NaN,NaN,NaN,NaN,NaN
401.45,-5.6325,-15.937,-136.16,-1.7912,2.0897,-6.5842,6.7627,-4.8009,-4.86,0,0,0,NaN,NaN,NaN,NaN,NaN,NaN,NaN,NaN,NaN,46.729,0.024486,2645.3,0.0058767,NaN,NaN,NaN,NaN,NaN,-1,-1,-1.2364,1.603,-6.9428,6.765,-7.0789,-4.993,NaN,NaN,NaN,NaN,NaN
401.45,-5.6117,-15.957,-136.17,-1.1863,0.6068,-6.8681,6.8466,-7.9378,-5.0073,0.049744,-0.29543,-1.122,NaN,NaN,NaN,NaN,NaN,NaN,NaN,NaN,NaN,46.729,0.024486,2645.3,0.0058767,NaN,NaN,NaN,NaN,NaN,-1,-1,-1.2355,1.5871,-6.9546,6.6521,-7.0206,-5.0867,NaN,NaN,NaN,NaN,NaN
401.45,-5.5936,-15.98,-136.18,-1.0312,1.1078,-8.4102,5.8164,-8.971,-5.0077,0,0,0,NaN,NaN,NaN,NaN,NaN,NaN,NaN,NaN,NaN,46.729,0.024486,2645.3,0.0058767,NaN,NaN,NaN,NaN,14.694,96161,11.188,-1.2431,1.5744,-6.9747,6.5124,-7.0197,-5.1886,NaN,NaN,NaN,NaN,NaN
401.45,-5.5745,-15.992,-136.19,-1.43,2.8679,-7.0957,6.0202,-4.1517,-5.0834,0,0,0,NaN,NaN,NaN,NaN,NaN,NaN,NaN,NaN,NaN,46.729,0.024486,2645.3,0.0058767,NaN,NaN,NaN,NaN,NaN,-1,-1,-1.2445,1.5771,-6.9683,6.402,-6.9352,-5.2692,NaN,NaN,NaN,NaN,NaN
401.46,-5.5526,-16.009,-136.2,-1.3661,2.3584,-5.5172,7.1087,-6.4546,-5.4605,0,0,0,NaN,NaN,NaN,NaN,NaN,NaN,NaN,NaN,NaN,46.729,0.024486,2645.3,0.0058767,0.75664,2.5894,0.62681,0.11321,NaN,-1,-1,-1.2481,1.5561,-6.9723,6.2956,-6.9125,-5.3696,NaN,NaN,NaN,NaN,NaN
401.46,-5.5316,-16.035,-136.22,-1.3538,0.5032,-7.0198,6.788,-10.158,-5.7503,0.042678,-0.29534,-1.1226,NaN,NaN,NaN,NaN,NaN,NaN,NaN,NaN,NaN,46.729,0.024486,2645.3,0.0058767,0.75664,2.5894,0.62681,0.11321,14.837,96165,11.313,-1.2347,1.5379,-6.922,6.3479,-7.106,-5.6922,NaN,NaN,NaN,NaN,NaN
401.46,-5.5124,-16.049,-136.23,-1.4216,1.655,-8.5979,5.9603,-5.1081,-5.6024,0,0,0,NaN,NaN,NaN,NaN,NaN,NaN,NaN,NaN,NaN,46.729,0.024486,2645.3,0.0058767,NaN,NaN,NaN,NaN,NaN,-1,-1,-1.2446,1.5485,-6.9567,6.186,-6.9955,-5.7314,NaN,NaN,NaN,NaN,NaN
401.46,-5.4925,-16.064,-136.24,-0.43824,1.8808,-5.2852,6.2203,-5.6259,-5.592,0,0,0,NaN,NaN,NaN,NaN,NaN,NaN,NaN,NaN,NaN,46.729,0.024486,2645.3,0.0058767,NaN,NaN,NaN,NaN,14.915,96164,11.25,-1.2437,1.547,-6.9692,6.0773,-6.8252,-5.7585,NaN,NaN,NaN,NaN,NaN
401.47,-5.4723,-16.088,-136.25,-1.124,0.88637,-7.7926,6.4351,-9.5176,-5.7273,0,0,0,NaN,NaN,NaN,NaN,NaN,NaN,NaN,NaN,NaN,46.729,0.024486,2645.3,0.0058767,NaN,NaN,NaN,NaN,NaN,-1,-1,-1.2383,1.5402,-6.9978,5.9663,-6.8187,-5.7988,NaN,NaN,NaN,NaN,NaN
401.47,-5.4541,-16.103,-136.26,-1.5833,1.7492,-8.4255,5.5263,-5.6358,-5.7581,0.054174,-0.3051,-1.1216,NaN,NaN,NaN,NaN,NaN,NaN,NaN,NaN,NaN,46.729,0.024486,2645.3,0.0058767,NaN,NaN,NaN,NaN,NaN,-1,-1,-1.2307,1.5302,-6.9498,5.8469,-6.682,-5.8385,NaN,NaN,NaN,NaN,NaN
401.47,-5.4353,-16.118,-136.28,-1.7722,2.6015,-5.911,5.6261,-5.54,-6.1296,0,0,0,NaN,NaN,NaN,NaN,NaN,NaN,NaN,NaN,NaN,46.729,0.024486,2645.3,0.0058767,0.75664,NaN,0.63168,NaN,14.81,96182,11.375,-1.2387,1.5257,-6.9888,5.7357,-6.5776,-5.8824,NaN,NaN,NaN,NaN,NaN
401.47,-5.4157,-16.139,-136.29,-0.8819,1.1908,-6.1142,6.1158,-7.9788,-5.8005,0,0,0,NaN,NaN,NaN,NaN,NaN,NaN,NaN,NaN,NaN,46.729,0.024486,2645.3,0.0058767,NaN,2.6085,NaN,0.084073,NaN,-1,-1,-1.2476,1.4979,-7.0052,5.6138,-6.5411,-5.938,NaN,NaN,NaN,NaN,NaN
401.48,-5.3775,-16.174,-136.31,-1.7945,1.8924,-7.2973,5.7421,-5.7215,-6.3081,0.033098,-0.30985,-1.1279,-6.8865,-14.71,-3.7017,16.658,40.059,-88.548,3.6795e+05,4.4355e+06,391.19,46.729,0.024486,2645.3,0.0058767,NaN,NaN,NaN,NaN,NaN,-1,-1,-1.2499,1.5041,-7.0317,5.5076,-6.4922,-5.9888,15.815,-5.0884,-1.215,-4.393,-17.786
401.48,-5.3586,-16.194,-136.33,-0.68276,1.072,-6.806,5.6064,-7.717,-6.5532,0,0,0,NaN,NaN,NaN,NaN,NaN,NaN,NaN,NaN,NaN,46.729,0.024486,2645.3,0.0058767,NaN,NaN,NaN,NaN,14.562,96187,11.375,-1.2515,1.4914,-7.0657,5.422,-6.3545,-6.0261,NaN,NaN,NaN,NaN,NaN
401.48,-5.3404,-16.213,-136.34,-1.32,0.84938,-7.9795,5.2846,-7.1519,-6.5734,0,0,0,NaN,NaN,NaN,NaN,NaN,NaN,NaN,NaN,NaN,46.729,0.024486,2645.3,0.0058767,NaN,NaN,NaN,NaN,14.56,96177,11.313,-1.2571,1.4792,-7.0717,5.3278,-6.3472,-6.0903,NaN,NaN,NaN,NaN,NaN
401.48,-5.3008,-16.247,-136.37,-1.3534,2.0432,-5.8298,6.3787,-7.2876,-6.7551,0.054174,-0.3051,-1.1216,NaN,NaN,NaN,NaN,NaN,NaN,NaN,NaN,NaN,46.729,0.024486,2645.3,0.0058767,0.76978,2.4838,0.71506,0.044118,NaN,-1,-1,-1.2614,1.4755,-7.0815,5.2661,-6.2254,-6.1583,NaN,NaN,NaN,NaN,NaN
401.49,-5.2826,-16.264,-136.39,-1.2158,0.27572,-7.4107,5.1363,-6.6108,-7.0753,0,0,0,NaN,NaN,NaN,NaN,NaN,NaN,NaN,NaN,NaN,46.729,0.024486,2645.3,0.0058767,NaN,NaN,NaN,NaN,NaN,-1,-1,-1.2588,1.476,-7.1093,5.1972,-6.1876,-6.2317,NaN,NaN,NaN,NaN,NaN
401.49,-5.2633,-16.282,-136.4,-1.2654,1.0936,-7.2988,5.5175,-6.7128,-7.228,0,0,0,NaN,NaN,NaN,NaN,NaN,NaN,NaN,NaN,NaN,46.729,0.024486,2645.3,0.0058767,NaN,NaN,NaN,NaN,NaN,-1,-1,-1.2608,1.4682,-7.1114,5.1231,-6.1781,-6.3158,NaN,NaN,NaN,NaN,NaN
401.49,-5.2431,-16.3,-136.42,-0.72668,2.4065,-7.0989,5.9047,-6.3768,-7.1341,0,0,0,NaN,NaN,NaN,NaN,NaN,NaN,NaN,NaN,NaN,46.729,0.024486,2645.3,0.0058767,NaN,NaN,NaN,NaN,14.751,96187,11.313,-1.2674,1.4602,-7.1387,5.0591,-6.093,-6.3833,NaN,NaN,NaN,NaN,NaN
401.49,-5.2069,-16.335,-136.45,-1.3461,1.9648,-7.0353,4.5264,-6.5227,-7.0069,0,0,0,NaN,NaN,NaN,NaN,NaN,NaN,NaN,NaN,NaN,46.729,0.024486,2645.3,0.0058767,NaN,NaN,NaN,NaN,NaN,-1,-1,-1.2671,1.4514,-7.1406,4.972,-6.0687,-6.4549,NaN,NaN,NaN,NaN,NaN
401.5,-5.1882,-16.351,-136.47,-1.6543,2.8801,-7.6211,5.2239,-5.8933,-7.4419,0,0,0,NaN,NaN,NaN,NaN,NaN,NaN,NaN,NaN,NaN,46.729,0.024486,2645.3,0.0058767,0.77799,2.6157,0.65177,0.074917,NaN,-1,-1,-1.2694,1.4356,-7.1354,4.8936,-6.0542,-6.5344,NaN,NaN,NaN,NaN,NaN
401.5,-5.1691,-16.368,-136.48,-1.1301,0.97176,-5.7035,5.3364,-6.1328,-7.5325,0,0,0,NaN,NaN,NaN,NaN,NaN,NaN,NaN,NaN,NaN,46.729,0.024486,2645.3,0.0058767,NaN,NaN,NaN,NaN,14.695,96151,11.188,-1.2717,1.4271,-7.167,4.8335,-5.9781,-6.6154,NaN,NaN,NaN,NaN,NaN
401.5,0,0,0,0,0,0,0,0,0,0,0,0,NaN,NaN,NaN,NaN,NaN,NaN,NaN,NaN,NaN,46.729,0.024486,2645.3,0.0058767,NaN,NaN,NaN,NaN,NaN,-1,-1,-1.2766,1.4249,-7.1795,4.7549,-5.9458,-6.6947,NaN,NaN,NaN,NaN,NaN
401.5,-5.1509,-16.39,-136.5,-1.2627,0.92259,-8.2802,5.0247,-8.1603,-7.457,0.058834,-0.29772,-1.1167,NaN,NaN,NaN,NaN,NaN,NaN,NaN,NaN,NaN,46.729,0.024486,2645.3,0.0058767,NaN,NaN,NaN,NaN,14.723,96192,11.313,-1.2698,1.4169,-7.1779,4.7102,-5.8676,-6.7834,NaN,NaN,NaN,NaN,NaN
401.51,-5.1318,-16.406,-136.52,-1.577,1.6103,-7.0837,5.3578,-6.1013,-7.4092,0,0,0,NaN,NaN,NaN,NaN,NaN,NaN,NaN,NaN,NaN,46.729,0.024486,2645.3,0.0058767,NaN,NaN,NaN,NaN,NaN,-1,-1,-1.2702,1.4077,-7.1821,4.6667,-5.7882,-6.8778,NaN,NaN,NaN,NaN,NaN
401.51,-5.114,-16.422,-136.53,-0.92549,0.59119,-7.1738,4.7035,-5.9378,-7.9062,0,0,0,NaN,NaN,NaN,NaN,NaN,NaN,NaN,NaN,NaN,46.729,0.024486,2645.3,0.0058767,0.77361,2.4814,0.7114,0.041621,NaN,-1,-1,-1.2782,1.3955,-7.207,4.5919,-5.8752,-6.9727,NaN,NaN,NaN,NaN,NaN
401.51,-5.0765,-16.457,-136.57,-1.2787,2.9821,-7.021,5.464,-5.3656,-7.6775,0.063865,-0.30055,-1.1229,NaN,NaN,NaN,NaN,NaN,NaN,NaN,NaN,NaN,46.768,0,2652.4,0.0069644,NaN,NaN,NaN,NaN,14.913,96154,11.188,-1.2794,1.3842,-7.1992,4.5346,-5.7274,-7.0597,NaN,NaN,NaN,NaN,NaN
401.51,0,0,0,0,0,0,0,0,0,0,0,0,NaN,NaN,NaN,NaN,NaN,NaN,NaN,NaN,NaN,46.768,0,2652.4,0.0069644,NaN,NaN,NaN,NaN,NaN,-1,-1,-1.2763,1.3742,-7.1866,4.5108,-5.8027,-7.1616,NaN,NaN,NaN,NaN,NaN
401.52,-5.0558,-16.473,-136.59,-1.5484,0.83268,-6.4164,5.82,-6.0616,-7.9239,0,0,0,NaN,NaN,NaN,NaN,NaN,NaN,NaN,NaN,NaN,46.768,0,2652.4,0.0069644,NaN,NaN,NaN,NaN,NaN,-1,-1,-1.2697,1.3626,-7.2097,4.4866,-5.8416,-7.2857,NaN,NaN,NaN,NaN,NaN
401.52,-5.0375,-16.495,-136.6,-1.1872,1.2345,-7.2785,4.8384,-8.1595,-8.2325,0,0,0,NaN,NaN,NaN,NaN,NaN,NaN,NaN,NaN,NaN,46.768,0,2652.4,0.0069644,NaN,NaN,NaN,NaN,14.642,96184,11.313,-1.2722,1.3527,-7.2144,4.4625,-5.7172,-7.4126,NaN,NaN,NaN,NaN,NaN
401.52,-4.9988,-16.525,-136.64,-0.92035,1.0766,-7.2065,5.0979,-4.9467,-8.1962,0.06589,-0.30274,-1.1183,NaN,NaN,NaN,NaN,NaN,NaN,NaN,NaN,NaN,46.768,0,2652.4,0.0069644,0.76212,2.6049,0.63412,0.099057,NaN,-1,-1,-1.2745,1.3457,-7.1991,4.4466,-5.7495,-7.5347,NaN,NaN,NaN,NaN,NaN
401.52,-4.9803,-16.544,-136.66,-1.0197,0.65675,-7.1783,4.9067,-7.0894,-8.1183,0,0,0,NaN,NaN,NaN,NaN,NaN,NaN,NaN,NaN,NaN,46.768,0,2652.4,0.0069644,NaN,NaN,NaN,NaN,14.835,96157,11.25,-1.2666,1.3341,-7.2001,4.4387,-5.8781,-7.6701,NaN,NaN,NaN,NaN,NaN
401.53,-4.9631,-16.562,-136.68,-1.6138,2.5146,-7.2531,4.3686,-6.7503,-8.2077,0,0,0,NaN,NaN,NaN,NaN,NaN,NaN,NaN,NaN,NaN,46.768,0,2652.4,0.0069644,NaN,NaN,NaN,NaN,NaN,-1,-1,-1.2681,1.3213,-7.2076,4.4145,-5.7512,-7.7928,NaN,NaN,NaN,NaN,NaN
401.53,-4.9443,-16.577,-136.7,-1.7128,1.9156,-8.3424,4.9618,-5.3303,-8.2535,0,0,0,NaN,NaN,NaN,NaN,NaN,NaN,NaN,NaN,NaN,46.768,0,2652.4,0.0069644,NaN,NaN,NaN,NaN,NaN,-1,-1,-1.2818,1.3317,-7.2797,4.3944,-5.738,-7.9242,NaN,NaN,NaN,NaN,NaN
401.53,-4.9426,-16.584,-136.71,-1.0549,1.1743,-6.4444,4.8806,-6.056,-8.5143,0.06164,-0.30064,-1.1253,NaN,NaN,NaN,NaN,NaN,NaN,NaN,NaN,NaN,46.768,0,2652.4,0.0069644,NaN,NaN,NaN,NaN,14.701,96204,11.438,-1.2794,1.3255,-7.2624,4.4017,-5.7191,-8.0566,NaN,NaN,NaN,NaN,NaN
401.53,-4.9244,-16.605,-136.73,-1.133,0.87218,-7.7481,4.5643,-7.7027,-8.9521,0,0,0,NaN,NaN,NaN,NaN,NaN,NaN,NaN,NaN,NaN,46.768,0,2652.4,0.0069644,0.7561,NaN,0.63168,NaN,NaN,-1,-1,-1.2743,1.3014,-7.265,4.3953,-5.729,-8.1944,NaN,NaN,NaN,NaN,NaN
401.54,-4.9063,-16.62,-136.75,-1.4253,1.2002,-7.2068,4.5523,-5.5808,-8.6269,0,0,0,NaN,NaN,NaN,NaN,NaN,NaN,NaN,NaN,NaN,46.768,0,2652.4,0.0069644,NaN,NaN,NaN,NaN,14.671,96196,11.375,-1.2692,1.2853,-7.2483,4.3641,-5.7247,-8.3376,NaN,NaN,NaN,NaN,NaN
401.54,-4.8884,-16.637,-136.77,-1.1992,1.4533,-8.2144,4.4147,-6.0141,-8.9121,0,0,0,NaN,NaN,NaN,NaN,NaN,NaN,NaN,NaN,NaN,46.768,0,2652.4,0.0069644,NaN,NaN,NaN,NaN,NaN,-1,-1,-1.2769,1.2938,-7.3143,4.3617,-5.7533,-8.4825,NaN,NaN,NaN,NaN,NaN
401.54,-4.8705,-16.655,-136.79,-1.3323,0.97413,-8.4563,4.4184,-6.8091,-8.9197,0.063376,-0.31735,-1.123,NaN,NaN,NaN,NaN,NaN,NaN,NaN,NaN,NaN,46.768,0,2652.4,0.0069644,NaN,NaN,NaN,NaN,NaN,-1,-1,-1.2854,1.2882,-7.3473,4.3881,-5.8954,-8.6402,NaN,NaN,NaN,NaN,NaN
401.54,-4.8526,-16.672,-136.81,-1.519,1.9311,-6.5439,4.3774,-5.975,-8.8523,0,0,0,NaN,NaN,NaN,NaN,NaN,NaN,NaN,NaN,NaN,46.768,0,2652.4,0.0069644,NaN,NaN,NaN,NaN,14.836,96209,11.438,-1.2883,1.2895,-7.3523,4.384,-5.9356,-8.8127,NaN,NaN,NaN,NaN,NaN
401.55,-4.8152,-16.705,-136.85,-1.2232,0.99538,-7.2541,4.5487,-5.7513,-9.2676,0,0,0,NaN,NaN,NaN,NaN,NaN,NaN,NaN,NaN,NaN,46.768,0,2652.4,0.0069644,NaN,NaN,NaN,NaN,NaN,-1,-1,-1.2811,1.2672,-7.3461,4.412,-5.9915,-9.0024,NaN,NaN,NaN,NaN,NaN
401.55,-4.796,-16.721,-136.87,-1.1797,0.87334,-7.8607,4.7604,-5.8292,-9.4559,0.065881,-0.30766,-1.1205,NaN,NaN,NaN,NaN,NaN,NaN,NaN,NaN,NaN,46.768,0,2652.4,0.0069644,NaN,NaN,NaN,NaN,14.857,96163,11.188,-1.2834,1.2632,-7.3574,4.4499,-6.0811,-9.187,NaN,NaN,NaN,NaN,NaN
401.55,-4.76,-16.756,-136.92,-1.2853,0.94015,-7.8336,4.2047,-6.0165,-9.2031,0,0,0,NaN,NaN,NaN,NaN,NaN,NaN,NaN,NaN,NaN,46.768,0,2652.4,0.0069644,NaN,NaN,NaN,NaN,NaN,-1,-1,-1.2833,1.2458,-7.3609,4.44,-6.1314,-9.3651,NaN,NaN,NaN,NaN,NaN
401.55,-4.7423,-16.77,-136.94,-1.6238,2.3157,-8.4252,4.1568,-4.9251,-9.279,0,0,0,NaN,NaN,NaN,NaN,NaN,NaN,NaN,NaN,NaN,46.768,0,2652.4,0.0069644,NaN,NaN,NaN,NaN,14.941,96170,11.25,-1.2779,1.2432,-7.3655,4.4475,-6.2008,-9.5611,NaN,NaN,NaN,NaN,NaN
401.56,-4.705,-16.805,-136.98,-0.91228,0.65157,-8.0714,4.486,-7.2487,-9.5166,0,0,0,NaN,NaN,NaN,NaN,NaN,NaN,NaN,NaN,NaN,46.768,0,2652.4,0.0069644,NaN,NaN,NaN,NaN,NaN,-1,-1,-1.2825,1.2369,-7.3914,4.4657,-6.2879,-9.7477,NaN,NaN,NaN,NaN,NaN
401.56,-4.6873,-16.819,-137.01,-1.9576,1.8163,-7.9648,4.0344,-5.0185,-9.6713,0,0,0,NaN,NaN,NaN,NaN,NaN,NaN,NaN,NaN,NaN,46.768,0,2652.4,0.0069644,NaN,NaN,NaN,NaN,14.804,96176,11.25,-1.2827,1.2239,-7.3658,4.2838,-6.0695,-9.6681,NaN,NaN,NaN,NaN,NaN
401.56,-4.6504,-16.857,-137.05,-1.2508,0.79922,-9.5635,4.276,-8.3196,-9.7494,0.072806,-0.31256,-1.1199,NaN,NaN,NaN,NaN,NaN,NaN,NaN,NaN,NaN,46.768,0,2652.4,0.0069644,NaN,NaN,NaN,NaN,NaN,-1,-1,-1.2759,1.2113,-7.3892,4.2674,-6.2447,-9.8104,NaN,NaN,NaN,NaN,NaN
401.56,-4.6319,-16.871,-137.07,-1.9208,1.4981,-8.9659,4.3223,-4.9732,-9.8247,0,0,0,NaN,NaN,NaN,NaN,NaN,NaN,NaN,NaN,NaN,46.768,0,2652.4,0.0069644,NaN,NaN,NaN,NaN,14.697,96182,11.313,-1.2768,1.2027,-7.4074,4.2384,-6.2702,-9.9385,NaN,NaN,NaN,NaN,NaN
401.57,-4.575,-16.924,-137.14,-1.322,1.5567,-10.163,4.0492,-7.2446,-10.242,0.063265,-0.30739,-1.1163,NaN,NaN,NaN,NaN,NaN,NaN,NaN,NaN,NaN,46.768,0,2652.4,0.0069644,NaN,NaN,NaN,NaN,NaN,-1,-1,-1.2742,1.1973,-7.4037,4.213,-6.2061,-10.083,NaN,NaN,NaN,NaN,NaN
401.57,-4.5558,-16.932,-137.17,-1.3165,0.91758,-7.4165,4.3419,-2.3776,-10.333,0,0,0,NaN,NaN,NaN,NaN,NaN,NaN,NaN,NaN,NaN,46.768,0,2652.4,0.0069644,NaN,NaN,NaN,NaN,14.994,96176,11.25,-1.2685,1.1849,-7.4027,4.2109,-6.2472,-10.214,NaN,NaN,NaN,NaN,NaN
401.57,-4.5369,-16.952,-137.19,-0.58021,0.88003,-5.9439,4.3945,-7.3797,-10.136,0,0,0,NaN,NaN,NaN,NaN,NaN,NaN,NaN,NaN,NaN,46.768,0,2652.4,0.0069644,NaN,NaN,NaN,NaN,14.835,96198,11.375,-1.2689,1.1819,-7.4105,4.0064,-6.1062,-10.063,NaN,NaN,NaN,NaN,NaN
401.57,-4.5198,-16.973,-137.22,-1.5369,0.92273,-9.71,3.7524,-7.9015,-10.017,0,0,0,NaN,NaN,NaN,NaN,NaN,NaN,NaN,NaN,NaN,46.768,0,2652.4,0.0069644,NaN,NaN,NaN,NaN,NaN,-1,-1,-1.271,1.1767,-7.4105,3.9922,-6.0039,-10.136,NaN,NaN,NaN,NaN,NaN
401.58,-4.5019,-16.983,-137.24,-2.1613,2.5583,-8.2308,3.8542,-3.4754,-10.208,0.063265,-0.30739,-1.1163,NaN,NaN,NaN,NaN,NaN,NaN,NaN,NaN,NaN,46.768,0,2652.4,0.0069644,NaN,NaN,NaN,NaN,NaN,-1,-1,-1.2757,1.1611,-7.4315,3.9688,-6.0469,-10.238,NaN,NaN,NaN,NaN,NaN
401.58,-4.4839,-16.996,-137.26,-0.73653,1.3746,-6.0666,4.0248,-4.3508,-9.969,0,0,0,NaN,NaN,NaN,NaN,NaN,NaN,NaN,NaN,NaN,46.768,0,2652.4,0.0069644,NaN,NaN,NaN,NaN,14.834,96201,11.375,-1.2765,1.1554,-7.4413,3.9278,-5.9825,-10.309,NaN,NaN,NaN,NaN,NaN
401.58,-4.4665,-17.019,-137.29,-1.1061,0.37064,-7.1237,3.7296,-8.5612,-10.4,0,0,0,NaN,NaN,NaN,NaN,NaN,NaN,NaN,NaN,NaN,46.768,0,2652.4,0.0069644,NaN,NaN,NaN,NaN,NaN,-1,-1,-1.2762,1.153,-7.4364,3.8921,-5.9498,-10.379,NaN,NaN,NaN,NaN,NaN
401.58,-4.4488,-17.034,-137.31,-2.1355,1.3693,-8.8361,3.7306,-5.1606,-10.597,0,0,0,NaN,NaN,NaN,NaN,NaN,NaN,NaN,NaN,NaN,46.768,0,2652.4,0.0069644,NaN,NaN,NaN,NaN,14.888,96204,11.375,-1.2831,1.1505,-7.4644,3.8226,-6.0298,-10.448,NaN,NaN,NaN,NaN,NaN
401.59,-4.414,-17.07,-137.36,-0.80637,0.15184,-7.2789,3.4813,-8.0689,-10.274,0,0,0,NaN,NaN,NaN,NaN,NaN,NaN,NaN,NaN,NaN,46.768,0,2652.4,0.0069644,0.75664,NaN,0.63533,NaN,NaN,-1,-1,-1.2777,1.1315,-7.447,3.7588,-6.0153,-10.515,NaN,NaN,NaN,NaN,NaN
401.59,-4.3965,-17.085,-137.39,-2.0016,1.7756,-9.612,3.6232,-5.2813,-10.639,0,0,0,NaN,NaN,NaN,NaN,NaN,NaN,NaN,NaN,NaN,46.768,0,2652.4,0.0069644,NaN,2.5972,NaN,0.082409,NaN,-1,-1,-1.2769,1.1183,-7.4495,3.7086,-6.0539,-10.58,NaN,NaN,NaN,NaN,NaN
401.59,-4.3583,-17.117,-137.44,-1.0507,0.5579,-6.5573,4.3996,-8.0011,-10.84,0.068106,-0.30757,-1.1181,NaN,NaN,NaN,NaN,NaN,NaN,NaN,NaN,NaN,46.768,0,2652.4,0.0069644,NaN,NaN,NaN,NaN,14.834,96205,11.375,-1.2743,1.1281,-7.4788,3.6167,-6.1217,-10.657,NaN,NaN,NaN,NaN,NaN
401.59,-4.3414,-17.136,-137.46,-1.5099,1.0829,-8.6019,3.3152,-7.1059,-10.951,0,0,0,NaN,NaN,NaN,NaN,NaN,NaN,NaN,NaN,NaN,46.768,0,2652.4,0.0069644,NaN,NaN,NaN,NaN,NaN,-1,-1,-1.2761,1.1051,-7.4772,3.5409,-6.0338,-10.718,NaN,NaN,NaN,NaN,NaN
401.6,-4.3234,-17.148,-137.49,-0.86171,1.3511,-8.3849,3.677,-4.0256,-10.872,0,0,0,NaN,NaN,NaN,NaN,NaN,NaN,NaN,NaN,NaN,46.768,0,2652.4,0.0069644,NaN,NaN,NaN,NaN,NaN,-1,-1,-1.2763,1.0982,-7.4683,3.4618,-6.0058,-10.765,NaN,NaN,NaN,NaN,NaN
401.6,-4.306,-17.166,-137.52,-1.0821,0.45619,-6.403,3.4984,-6.457,-10.884,0,0,0,NaN,NaN,NaN,NaN,NaN,NaN,NaN,NaN,NaN,46.768,0,2652.4,0.0069644,NaN,NaN,NaN,NaN,14.668,96169,11.25,-1.2763,1.0931,-7.4846,3.3866,-6.0041,-10.826,NaN,NaN,NaN,NaN,NaN
401.6,-4.2903,-17.183,-137.54,-1.41,1.1068,-8.8763,2.9106,-6.3579,-10.642,0.067966,-0.31237,-1.1181,NaN,NaN,NaN,NaN,NaN,NaN,NaN,NaN,NaN,46.778,0,2663.8,0.0064211,NaN,NaN,NaN,NaN,15.261,96196,11.313,-1.2827,1.0887,-7.4831,3.3167,-6.0294,-10.885,NaN,NaN,NaN,NaN,NaN
401.6,-4.2739,-17.198,-137.57,-1.8251,1.7853,-7.105,3.0577,-5.1068,-10.783,0,0,0,NaN,NaN,NaN,NaN,NaN,NaN,NaN,NaN,NaN,46.778,0,2663.8,0.0064211,NaN,NaN,NaN,NaN,NaN,-1,-1,-1.2748,1.0697,-7.4737,3.2465,-6.017,-10.952,NaN,NaN,NaN,NaN,NaN
401.61,-4.2575,-17.216,-137.59,-1.0316,1.2394,-7.0022,3.0949,-6.5282,-10.901,0,0,0,NaN,NaN,NaN,NaN,NaN,NaN,NaN,NaN,NaN,46.778,0,2663.8,0.0064211,NaN,NaN,NaN,NaN,NaN,-1,-1,-1.276,1.061,-7.494,3.1819,-5.9752,-11.024,NaN,NaN,NaN,NaN,NaN
401.61,-4.2407,-17.231,-137.62,-1.217,0.60547,-8.6253,3.2229,-5.4123,-10.855,0,0,0,NaN,NaN,NaN,NaN,NaN,NaN,NaN,NaN,NaN,46.778,0,2663.8,0.0064211,NaN,NaN,NaN,NaN,NaN,-1,-1,-1.277,1.056,-7.5016,3.0842,-5.9936,-11.076,NaN,NaN,NaN,NaN,NaN
401.61,-4.2239,-17.245,-137.65,-1.9432,0.98956,-6.1417,3.0687,-5.0004,-11.356,0.067966,-0.31237,-1.1181,NaN,NaN,NaN,NaN,NaN,NaN,NaN,NaN,NaN,46.778,0,2663.8,0.0064211,0.77635,2.6157,0.65177,0.074085,14.942,96166,11.25,-1.2768,1.0399,-7.4956,2.9937,-5.8953,-11.119,NaN,NaN,NaN,NaN,NaN
401.61,-4.2072,-17.265,-137.67,-0.67886,1.0661,-8.1167,3.2047,-7.4459,-11.061,0,0,0,NaN,NaN,NaN,NaN,NaN,NaN,NaN,NaN,NaN,46.778,0,2663.8,0.0064211,NaN,NaN,NaN,NaN,NaN,-1,-1,-1.2769,1.0377,-7.5098,2.9002,-5.9827,-11.166,NaN,NaN,NaN,NaN,NaN
401.62,-4.175,-17.293,-137.73,-1.5688,1.7512,-8.5002,2.6716,-3.2767,-11.03,0,0,0,NaN,NaN,NaN,NaN,NaN,NaN,NaN,NaN,NaN,46.778,0,2663.8,0.0064211,NaN,NaN,NaN,NaN,15.046,96188,11.25,-1.2793,1.0353,-7.5087,2.7954,-5.8851,-11.217,NaN,NaN,NaN,NaN,NaN
401.62,-4.1574,-17.309,-137.75,-1.2534,1.3201,-5.8363,3.4088,-5.6301,-11.361,0.068236,-0.30769,-1.1203,NaN,NaN,NaN,NaN,NaN,NaN,NaN,NaN,NaN,46.778,0,2663.8,0.0064211,NaN,NaN,NaN,NaN,NaN,-1,-1,-1.273,1.0244,-7.4967,2.6892,-5.9773,-11.26,NaN,NaN,NaN,NaN,NaN
401.62,-4.1417,-17.331,-137.78,-1.266,0.74486,-7.1108,2.6548,-8.4111,-11.386,0,0,0,NaN,NaN,NaN,NaN,NaN,NaN,NaN,NaN,NaN,46.778,0,2663.8,0.0064211,NaN,NaN,NaN,NaN,14.832,96173,11.25,-1.2727,1.0011,-7.5166,2.6019,-5.9479,-11.311,NaN,NaN,NaN,NaN,NaN
401.62,-4.1256,-17.345,-137.81,-1.2496,1.0834,-9.8135,2.6759,-4.7642,-11.554,0,0,0,NaN,NaN,NaN,NaN,NaN,NaN,NaN,NaN,NaN,46.778,0,2663.8,0.0064211,NaN,NaN,NaN,NaN,NaN,-1,-1,-1.2747,0.9981,-7.5224,2.5175,-5.8907,-11.373,NaN,NaN,NaN,NaN,NaN
401.63,-4.1095,-17.356,-137.84,-1.1305,1.0264,-6.0204,2.7269,-3.7349,-11.429,0,0,0,NaN,NaN,NaN,NaN,NaN,NaN,NaN,NaN,NaN,46.778,0,2663.8,0.0064211,NaN,NaN,NaN,NaN,NaN,-1,-1,-1.2753,0.98906,-7.5251,2.4671,-5.7508,-11.441,NaN,NaN,NaN,NaN,NaN
401.63,-4.0944,-17.378,-137.86,-1.0355,-0.136,-7.9992,2.3115,-7.9286,-11.696,0.059145,-0.3054,-1.1256,NaN,NaN,NaN,NaN,NaN,NaN,NaN,NaN,NaN,46.778,0,2663.8,0.0064211,NaN,NaN,NaN,NaN,NaN,-1,-1,-1.2797,0.98794,-7.5232,2.3991,-5.7974,-11.499,NaN,NaN,NaN,NaN,NaN
401.63,-4.0818,-17.395,-137.89,-1.5698,1.8937,-7.8001,1.4803,-6.1277,-11.047,0,0,0,NaN,NaN,NaN,NaN,NaN,NaN,NaN,NaN,NaN,46.778,0,2663.8,0.0064211,NaN,NaN,NaN,NaN,14.972,96206,11.438,-1.2791,0.98198,-7.5368,2.3163,-5.787,-11.537,NaN,NaN,NaN,NaN,NaN
401.63,-4.0518,-17.422,-137.95,-0.89681,0.13817,-5.3862,2.0691,-6.2753,-11.8,0,0,0,NaN,NaN,NaN,NaN,NaN,NaN,NaN,NaN,NaN,46.778,0,2663.8,0.0064211,0.76814,2.6097,0.63533,0.092398,NaN,-1,-1,-1.2812,0.96411,-7.5226,2.213,-5.7027,-11.585,NaN,NaN,NaN,NaN,NaN
401.64,-4.0385,-17.442,-137.97,-1.3825,0.7535,-8.516,1.5698,-7.6638,-11.663,0.068016,-0.31981,-1.1226,NaN,NaN,NaN,NaN,NaN,NaN,NaN,NaN,NaN,46.778,0,2663.8,0.0064211,NaN,NaN,NaN,NaN,NaN,-1,-1,-1.2735,0.95145,-7.5438,2.1159,-5.551,-11.622,NaN,NaN,NaN,NaN,NaN
401.64,-4.0244,-17.454,-138,-1.8469,1.5321,-8.009,1.8163,-4.1062,-11.648,0,0,0,NaN,NaN,NaN,NaN,NaN,NaN,NaN,NaN,NaN,46.778,0,2663.8,0.0064211,NaN,NaN,NaN,NaN,14.86,96187,11.313,-1.2781,0.94733,-7.5392,2.0227,-5.6214,-11.662,NaN,NaN,NaN,NaN,NaN
401.64,-4.0097,-17.469,-138.03,-0.58296,0.47896,-6.6319,2.1034,-5.2102,-11.579,0,0,0,NaN,NaN,NaN,NaN,NaN,NaN,NaN,NaN,NaN,46.778,0,2663.8,0.0064211,NaN,NaN,NaN,NaN,15.101,96200,11.313,-1.2783,0.93245,-7.5462,1.9158,-5.5006,-11.703,NaN,NaN,NaN,NaN,NaN
401.64,-3.9823,-17.502,-138.09,-1.747,1.7808,-8.0186,1.5323,-3.9638,-11.745,0.065801,-0.31498,-1.1227,NaN,NaN,NaN,NaN,NaN,NaN,NaN,NaN,NaN,46.778,0,2663.8,0.0064211,NaN,NaN,NaN,NaN,NaN,-1,-1,-1.2796,0.93281,-7.5592,1.8361,-5.4493,-11.728,NaN,NaN,NaN,NaN,NaN
401.65,-3.9666,-17.515,-138.12,-1.192,1.5423,-6.4812,2.4049,-4.564,-11.748,0,0,0,NaN,NaN,NaN,NaN,NaN,NaN,NaN,NaN,NaN,46.778,0,2663.8,0.0064211,NaN,2.5029,NaN,0.012486,NaN,-1,-1,-1.2773,0.92479,-7.5456,1.7548,-5.4365,-11.761,NaN,NaN,NaN,NaN,NaN
401.65,-3.9524,-17.535,-138.14,-1.1707,0.75121,-7.0567,1.8763,-7.2587,-11.788,0,0,0,NaN,NaN,NaN,NaN,NaN,NaN,NaN,NaN,NaN,46.778,0,2663.8,0.0064211,NaN,NaN,NaN,NaN,NaN,-1,-1,-1.2787,0.91982,-7.5521,1.7113,-5.5057,-11.81,NaN,NaN,NaN,NaN,NaN
401.65,-3.938,-17.552,-138.17,-1.4763,0.68119,-8.7247,1.7351,-6.0293,-12.417,0,0,0,NaN,NaN,NaN,NaN,NaN,NaN,NaN,NaN,NaN,46.778,0,2663.8,0.0064211,NaN,NaN,NaN,NaN,15.08,96208,11.438,-1.2767,0.90478,-7.5628,1.6229,-5.4599,-11.861,NaN,NaN,NaN,NaN,NaN
401.65,-3.9106,-17.582,-138.23,-1.1029,0.49673,-7.3336,1.491,-6.1846,-11.995,0,0,0,NaN,NaN,NaN,NaN,NaN,NaN,NaN,NaN,NaN,46.778,0,2663.8,0.0064211,NaN,NaN,NaN,NaN,NaN,-1,-1,-1.2763,0.89399,-7.5713,1.5599,-5.5129,-12.279,NaN,NaN,NaN,NaN,NaN
401.66,-3.8981,-17.595,-138.26,-1.5576,1.5538,-7.9777,1.1143,-4.5241,-11.811,0,0,0,NaN,NaN,NaN,NaN,NaN,NaN,NaN,NaN,NaN,46.778,0,2663.8,0.0064211,0.76157,2.4791,0.71445,0.050777,15.103,96186,11.313,-1.2777,0.88874,-7.5872,1.5038,-5.4607,-12.24,NaN,NaN,NaN,NaN,NaN
401.66,-3.8855,-17.609,-138.29,-1.7317,1.2966,-7.1614,1.1276,-5.192,-11.846,0,0,0,NaN,NaN,NaN,NaN,NaN,NaN,NaN,NaN,NaN,46.778,0,2663.8,0.0064211,NaN,NaN,NaN,NaN,NaN,-1,-1,-1.2817,0.8838,-7.593,1.4275,-5.4095,-12.188,NaN,NaN,NaN,NaN,NaN
401.66,-3.8732,-17.626,-138.32,-0.92344,0.78873,-7.3651,1.0725,-6.074,-11.751,0.068626,-0.30805,-1.1269,NaN,NaN,NaN,NaN,NaN,NaN,NaN,NaN,NaN,46.778,0,2663.8,0.0064211,NaN,NaN,NaN,NaN,15.238,96197,11.375,-1.2816,0.87615,-7.5737,1.3558,-5.255,-12.133,NaN,NaN,NaN,NaN,NaN
401.66,-3.8476,-17.653,-138.38,-1.4641,0.96007,-7.1934,1.4382,-4.3206,-11.952,0,0,0,NaN,NaN,NaN,NaN,NaN,NaN,NaN,NaN,NaN,46.778,0,2663.8,0.0064211,NaN,NaN,NaN,NaN,NaN,-1,-1,-1.285,0.87517,-7.5744,1.269,-5.3774,-12.463,NaN,NaN,NaN,NaN,NaN
401.67,-3.8349,-17.671,-138.41,-0.94035,0.30529,-7.46,1.0736,-6.5418,-12.201,0,0,0,NaN,NaN,NaN,NaN,NaN,NaN,NaN,NaN,NaN,46.778,0,2663.8,0.0064211,0.76978,2.4862,0.71506,0.040788,15.099,96187,11.25,-1.2803,0.84714,-7.5768,1.1981,-5.2666,-12.323,NaN,NaN,NaN,NaN,NaN
401.67,-3.808,-17.697,-138.46,-1.41,1.4877,-7.4338,1.4471,-3.1349,-12.193,0,0,0,NaN,NaN,NaN,NaN,NaN,NaN,NaN,NaN,NaN,46.778,0,2663.8,0.0064211,NaN,NaN,NaN,NaN,NaN,-1,-1,-1.2885,0.84455,-7.574,1.1402,-5.2697,-12.211,NaN,NaN,NaN,NaN,NaN
401.67,-3.7947,-17.714,-138.49,-1.1903,0.78576,-6.1794,1.3373,-6.2609,-12.132,0,0,0,NaN,NaN,NaN,NaN,NaN,NaN,NaN,NaN,NaN,46.778,0,2663.8,0.0064211,NaN,NaN,NaN,NaN,NaN,-1,-1,-1.2899,0.83634,-7.5655,1.0574,-5.1552,-12.096,NaN,NaN,NaN,NaN,NaN
401.67,-3.767,-17.745,-138.55,-1.5716,0.43156,-8.7218,1.6501,-3.9275,-12.374,0.063516,-0.31255,-1.123,NaN,NaN,NaN,NaN,NaN,NaN,NaN,NaN,NaN,46.778,0,2663.8,0.0064211,NaN,NaN,NaN,NaN,15.076,96207,11.375,-1.2842,0.83089,-7.5505,0.96745,-5.0448,-11.974,NaN,NaN,NaN,NaN,NaN
401.68,-3.7539,-17.756,-138.58,-0.81575,0.82023,-5.9996,1.2034,-4.0299,-12.15,0,0,0,NaN,NaN,NaN,NaN,NaN,NaN,NaN,NaN,NaN,46.778,0,2663.8,0.0064211,NaN,NaN,NaN,NaN,NaN,-1,-1,-1.2906,0.83292,-7.5657,0.93192,-5.0003,-11.865,NaN,NaN,NaN,NaN,NaN
401.68,-3.7418,-17.776,-138.61,-1.4999,-0.11784,-7.9708,0.82798,-7.206,-12.184,0,0,0,NaN,NaN,NaN,NaN,NaN,NaN,NaN,NaN,NaN,46.778,0,2663.8,0.0064211,0.755,2.6014,0.63351,0.099057,NaN,-1,-1,-1.282,0.81504,-7.5458,0.87692,-4.9236,-11.777,NaN,NaN,NaN,NaN,NaN
401.68,-3.7318,-17.789,-138.64,-1.8154,1.9334,-8.692,-0.0043545,-4.6654,-12.043,0,0,0,NaN,NaN,NaN,NaN,NaN,NaN,NaN,NaN,NaN,46.778,0,2663.8,0.0064211,NaN,NaN,NaN,NaN,15.047,96180,11.25,-1.2849,0.81204,-7.5593,0.81765,-4.8858,-11.714,NaN,NaN,NaN,NaN,NaN
401.68,-3.7205,-17.8,-138.67,-1.0739,1.5716,-6.9089,0.50122,-3.5413,-12.025,0.06084,-0.30975,-1.1165,-7.1651,-14.753,-4.2274,16.937,40.059,-88.548,3.6795e+05,4.4355e+06,390.18,46.778,0,2663.8,0.0064211,NaN,NaN,NaN,NaN,NaN,-1,-1,-1.2728,0.80211,-7.4883,0.77555,-4.7373,-11.64,16.346,-4.3003,-1.0894,-3.8131,-14.708
401.69,-3.7096,-17.816,-138.7,-1.1874,-0.30465,-6.8203,0.23308,-6.0098,-12.449,0,0,0,NaN,NaN,NaN,NaN,NaN,NaN,NaN,NaN,NaN,46.778,0,2663.8,0.0064211,NaN,NaN,NaN,NaN,NaN,-1,-1,-1.2824,0.80947,-7.4834,0.72163,-4.7518,-11.585,NaN,NaN,NaN,NaN,NaN
401.69,-3.6854,-17.845,-138.76,-0.924,1.4149,-8.0928,0.89622,-3.6226,-12.237,0,0,0,NaN,NaN,NaN,NaN,NaN,NaN,NaN,NaN,NaN,46.778,0,2663.8,0.0064211,NaN,NaN,NaN,NaN,15.235,96191,11.313,-1.2843,0.82076,-7.4976,0.64319,-4.7655,-11.509,NaN,NaN,NaN,NaN,NaN
401.69,-3.6729,-17.862,-138.79,-1.4076,-0.12327,-6.9394,0.97242,-5.9506,-12.199,0.073286,-0.30068,-1.1221,NaN,NaN,NaN,NaN,NaN,NaN,NaN,NaN,NaN,46.778,0,2663.8,0.0064211,0.75938,2.5972,0.62742,0.10322,15.257,96157,11.125,-1.2929,0.80991,-7.5001,0.58491,-4.6336,-11.453,NaN,NaN,NaN,NaN,NaN
401.69,-3.6494,-17.888,-138.85,-1.2816,1.87,-7.0577,0.63988,-3.4957,-12.395,0,0,0,NaN,NaN,NaN,NaN,NaN,NaN,NaN,NaN,NaN,46.778,0,2663.8,0.0064211,NaN,NaN,NaN,NaN,NaN,-1,-1,-1.2746,0.79096,-7.4322,0.5053,-4.7025,-11.415,NaN,NaN,NaN,NaN,NaN
401.7,-3.6361,-17.904,-138.89,-1.4431,1.011,-6.199,1.1436,-5.9105,-12.523,0,0,0,NaN,NaN,NaN,NaN,NaN,NaN,NaN,NaN,NaN,46.778,0,2663.8,0.0064211,NaN,NaN,NaN,NaN,NaN,-1,-1,-1.2807,0.77532,-7.4186,0.40854,-4.6766,-11.373,NaN,NaN,NaN,NaN,NaN
401.7,-3.6254,-17.924,-138.92,-1.2185,0.25605,-9.341,0.11671,-7.1933,-12.658,0.072536,-0.31723,-1.1177,NaN,NaN,NaN,NaN,NaN,NaN,NaN,NaN,NaN,46.778,0,2663.8,0.0064211,NaN,NaN,NaN,NaN,NaN,-1,-1,-1.2823,0.76755,-7.4478,0.3524,-4.5265,-11.334,NaN,NaN,NaN,NaN,NaN
401.7,-3.614,-17.934,-138.95,-1.2191,0.28858,-8.3779,0.26482,-3.4608,-12.741,0,0,0,NaN,NaN,NaN,NaN,NaN,NaN,NaN,NaN,NaN,46.817,0,2678.1,0.0069644,0.76048,NaN,0.63716,NaN,15.341,96189,11.313,-1.2797,0.77537,-7.4456,0.26723,-4.4202,-11.302,NaN,NaN,NaN,NaN,NaN
401.7,-3.6035,-17.945,-138.98,-0.91201,1.0852,-6.3205,-0.0046983,-3.5444,-12.416,0,0,0,NaN,NaN,NaN,NaN,NaN,NaN,NaN,NaN,NaN,46.817,0,2678.1,0.0069644,NaN,2.6133,NaN,0.091565,NaN,-1,-1,-1.2893,0.77534,-7.4432,0.23222,-4.4457,-11.295,NaN,NaN,NaN,NaN,NaN
401.71,-3.5923,-17.962,-139.01,-1.7368,0.35003,-7.6317,0.35031,-6.4661,-12.458,0,0,0,NaN,NaN,NaN,NaN,NaN,NaN,NaN,NaN,NaN,46.817,0,2678.1,0.0069644,NaN,NaN,NaN,NaN,NaN,-1,-1,-1.2964,0.75368,-7.4486,0.17066,-4.3851,-11.295,NaN,NaN,NaN,NaN,NaN
401.71,0,0,0,0,0,0,0,0,0,0,0,0,NaN,NaN,NaN,NaN,NaN,NaN,NaN,NaN,NaN,46.817,0,2678.1,0.0069644,NaN,NaN,NaN,NaN,15.102,96215,11.375,-1.2972,0.73578,-7.4464,0.12087,-4.3661,-11.318,NaN,NaN,NaN,NaN,NaN
401.71,-3.5829,-17.976,-139.04,-1.8195,1.1784,-8.2182,-0.35455,-4.9276,-12.291,0.072676,-0.31244,-1.1177,NaN,NaN,NaN,NaN,NaN,NaN,NaN,NaN,NaN,46.817,0,2678.1,0.0069644,NaN,NaN,NaN,NaN,NaN,-1,-1,-1.299,0.74531,-7.4434,0.071661,-4.4088,-11.333,NaN,NaN,NaN,NaN,NaN
401.71,-3.5734,-17.99,-139.07,-0.98333,1.3974,-8.0071,-0.40852,-4.9845,-12.481,0,0,0,NaN,NaN,NaN,NaN,NaN,NaN,NaN,NaN,NaN,46.817,0,2678.1,0.0069644,NaN,NaN,NaN,NaN,15.315,96187,11.313,-1.3026,0.74318,-7.453,-0.001496,-4.3534,-11.35,NaN,NaN,NaN,NaN,NaN
401.72,-3.5443,-18.034,-139.16,-0.63499,0.91184,-8.1776,-0.49303,-7.1078,-12.685,0.077517,-0.31262,-1.1195,NaN,NaN,NaN,NaN,NaN,NaN,NaN,NaN,NaN,46.817,0,2678.1,0.0069644,NaN,NaN,NaN,NaN,NaN,-1,-1,-1.316,0.73222,-7.4396,-0.072887,-4.3138,-11.361,NaN,NaN,NaN,NaN,NaN
401.72,0,0,0,0,0,0,0,0,0,0,0,0,NaN,NaN,NaN,NaN,NaN,NaN,NaN,NaN,NaN,46.817,0,2678.1,0.0069644,NaN,NaN,NaN,NaN,NaN,-1,-1,-1.3179,0.73092,-7.43,-0.16921,-4.3061,-11.38,NaN,NaN,NaN,NaN,NaN
401.72,-3.5343,-18.05,-139.19,-1.8583,0.93886,-9.9141,-0.26883,-5.4998,-12.704,0,0,0,NaN,NaN,NaN,NaN,NaN,NaN,NaN,NaN,NaN,46.817,0,2678.1,0.0069644,NaN,NaN,NaN,NaN,15.315,96211,11.375,-1.3235,0.72944,-7.4131,-0.24216,-4.2636,-11.415,NaN,NaN,NaN,NaN,NaN
401.72,-3.5255,-18.055,-139.23,-1.7834,-0.059017,-7.0624,-0.79068,-1.3206,-12.591,0,0,0,NaN,NaN,NaN,NaN,NaN,NaN,NaN,NaN,NaN,46.817,0,2678.1,0.0069644,NaN,NaN,NaN,NaN,NaN,-1,-1,-1.3212,0.70548,-7.4156,-0.34186,-4.3451,-11.469,NaN,NaN,NaN,NaN,NaN
401.73,-3.5042,-18.09,-139.29,-1.3547,1.4756,-7.9899,0.19526,-7.3814,-12.55,0.077377,-0.31742,-1.1195,NaN,NaN,NaN,NaN,NaN,NaN,NaN,NaN,NaN,46.817,0,2678.1,0.0069644,NaN,NaN,NaN,NaN,NaN,-1,-1,-1.327,0.70372,-7.4152,-0.44625,-4.2772,-11.523,NaN,NaN,NaN,NaN,NaN
401.73,-3.4931,-18.1,-139.32,-1.4202,0.1903,-9.7844,0.068125,-3.2095,-12.908,0,0,0,NaN,NaN,NaN,NaN,NaN,NaN,NaN,NaN,NaN,46.817,0,2678.1,0.0069644,0.78566,2.6079,0.65237,0.074085,15.576,96192,11.313,-1.3287,0.69496,-7.4044,-0.55179,-4.2434,-11.581,NaN,NaN,NaN,NaN,NaN
401.73,-3.4836,-18.109,-139.35,-0.98724,-0.14361,-6.1783,-0.67884,-3.036,-13.077,0,0,0,NaN,NaN,NaN,NaN,NaN,NaN,NaN,NaN,NaN,46.817,0,2678.1,0.0069644,NaN,NaN,NaN,NaN,NaN,-1,-1,-1.3347,0.69507,-7.3938,-0.62734,-4.2607,-11.651,NaN,NaN,NaN,NaN,NaN
401.73,-3.4749,-18.129,-139.38,-1.3828,0.84985,-7.897,-0.76438,-7.261,-12.74,0,0,0,NaN,NaN,NaN,NaN,NaN,NaN,NaN,NaN,NaN,46.817,0,2678.1,0.0069644,NaN,NaN,NaN,NaN,15.34,96195,11.313,-1.3344,0.69475,-7.3709,-0.7064,-4.1833,-11.729,NaN,NaN,NaN,NaN,NaN
401.74,-3.4689,-18.142,-139.44,-1.2014,1.8026,-7.8685,-0.56339,-2.8304,-12.327,0,0,0,NaN,NaN,NaN,NaN,NaN,NaN,NaN,NaN,NaN,46.817,0,2678.1,0.0069644,NaN,NaN,NaN,NaN,NaN,-1,-1,-1.3339,0.6805,-7.3479,-0.80227,-4.2138,-11.815,NaN,NaN,NaN,NaN,NaN
401.74,-3.4605,-18.156,-139.47,-1.3478,-0.18419,-6.6182,-0.95352,-4.6967,-12.682,0,0,0,NaN,NaN,NaN,NaN,NaN,NaN,NaN,NaN,NaN,46.817,0,2678.1,0.0069644,0.75719,2.6055,0.6402,0.089068,NaN,-1,-1,-1.3356,0.68615,-7.3329,-0.93359,-4.2647,-11.904,NaN,NaN,NaN,NaN,NaN
401.74,-3.4448,-18.186,-139.53,-1.8241,1.0222,-9.7212,-0.99655,-4.0989,-12.573,0.074971,-0.30995,-1.1153,NaN,NaN,NaN,NaN,NaN,NaN,NaN,NaN,NaN,46.817,0,2678.1,0.0069644,NaN,NaN,NaN,NaN,15.286,96184,11.25,-1.345,0.69704,-7.3452,-1.0498,-4.1997,-11.985,NaN,NaN,NaN,NaN,NaN
401.74,-3.4369,-18.193,-139.56,-0.86054,0.29265,-6.1239,-1.2103,-2.4478,-12.689,0,0,0,NaN,NaN,NaN,NaN,NaN,NaN,NaN,NaN,NaN,46.817,0,2678.1,0.0069644,NaN,NaN,NaN,NaN,NaN,-1,-1,-1.3506,0.68106,-7.3254,-1.1691,-4.2198,-12.101,NaN,NaN,NaN,NaN,NaN
401.75,-3.4295,-18.213,-139.59,-1.6414,0.065227,-8.7543,-1.3812,-7.2785,-13.015,0,0,0,NaN,NaN,NaN,NaN,NaN,NaN,NaN,NaN,NaN,46.817,0,2678.1,0.0069644,NaN,NaN,NaN,NaN,NaN,-1,-1,-1.3507,0.66098,-7.2983,-1.2683,-4.191,-12.219,NaN,NaN,NaN,NaN,NaN
401.75,-3.4221,-18.223,-139.63,-1.6473,1.5983,-8.8288,-1.3756,-3.2514,-12.61,0,0,0,NaN,NaN,NaN,NaN,NaN,NaN,NaN,NaN,NaN,46.817,0,2678.1,0.0069644,NaN,NaN,NaN,NaN,15.13,96206,11.375,-1.3524,0.64771,-7.2831,-1.3878,-4.2082,-12.331,NaN,NaN,NaN,NaN,NaN
401.75,-3.4127,-18.23,-139.66,-1.3586,1.1479,-6.2479,-0.66927,-2.3666,-12.864,0.070321,-0.3124,-1.1179,NaN,NaN,NaN,NaN,NaN,NaN,NaN,NaN,NaN,46.817,0,2678.1,0.0069644,0.7654,2.6055,0.64507,0.094062,NaN,-1,-1,-1.3588,0.64414,-7.2916,-1.5078,-4.1725,-12.455,NaN,NaN,NaN,NaN,NaN
401.75,-3.4057,-18.25,-139.69,-0.98333,0.13822,-8.0211,-1.5866,-7.2042,-12.947,0,0,0,NaN,NaN,NaN,NaN,NaN,NaN,NaN,NaN,NaN,46.817,0,2678.1,0.0069644,0.7654,2.6055,0.64507,0.094062,15.448,96218,11.438,-1.3767,0.65136,-7.3524,-1.6165,-4.2375,-12.602,NaN,NaN,NaN,NaN,NaN
401.76,-3.3979,-18.264,-139.72,-1.8417,0.55809,-8.9886,-1.3544,-4.9204,-13.121,0,0,0,NaN,NaN,NaN,NaN,NaN,NaN,NaN,NaN,NaN,46.817,0,2678.1,0.0069644,NaN,NaN,NaN,NaN,NaN,-1,-1,-1.382,0.65815,-7.3388,-1.7678,-4.3229,-12.75,NaN,NaN,NaN,NaN,NaN
401.76,-3.3921,-18.268,-139.75,-1.0201,0.47162,-7.101,-2.0289,-1.1041,-12.57,0,0,0,NaN,NaN,NaN,NaN,NaN,NaN,NaN,NaN,NaN,46.817,0,2678.1,0.0069644,NaN,NaN,NaN,NaN,NaN,-1,-1,-1.3771,0.65125,-7.3139,-1.9176,-4.3134,-12.914,NaN,NaN,NaN,NaN,NaN
401.76,-3.386,-18.286,-139.78,-1.423,0.33147,-7.4569,-1.7808,-6.45,-12.513,0.084233,-0.32472,-1.1189,NaN,NaN,NaN,NaN,NaN,NaN,NaN,NaN,NaN,46.817,0,2678.1,0.0069644,NaN,NaN,NaN,NaN,15.706,96189,11.313,-1.3824,0.648,-7.3095,-2.0518,-4.3201,-13.07,NaN,NaN,NaN,NaN,NaN
401.76,-3.381,-18.299,-139.82,-1.9742,1.2186,-8.4623,-2.3641,-4.6236,-12.68,0,0,0,NaN,NaN,NaN,NaN,NaN,NaN,NaN,NaN,NaN,46.817,0,2678.1,0.0069644,0.75664,NaN,0.63107,NaN,NaN,-1,-1,-1.3893,0.62447,-7.2995,-2.1868,-4.3838,-13.249,NaN,NaN,NaN,NaN,NaN
401.77,-3.3771,-18.308,-139.85,-0.91244,0.91154,-7.986,-2.8359,-3.1068,-12.722,0,0,0,NaN,NaN,NaN,NaN,NaN,NaN,NaN,NaN,NaN,46.817,0,2678.1,0.0069644,NaN,2.5972,NaN,0.097392,NaN,-1,-1,-1.4032,0.63689,-7.3643,-2.3164,-4.271,-12.96,NaN,NaN,NaN,NaN,NaN
401.77,-3.3732,-18.321,-139.88,-1.2985,0.26291,-6.9479,-2.7799,-4.3779,-12.664,0,0,0,NaN,NaN,NaN,NaN,NaN,NaN,NaN,NaN,NaN,46.817,0,2678.1,0.0069644,NaN,NaN,NaN,NaN,15.31,96115,11,-1.4091,0.64008,-7.3772,-2.4636,-4.2536,-13.038,NaN,NaN,NaN,NaN,NaN
401.77,-3.3699,-18.334,-139.91,-2.0601,0.93811,-7.6093,-3.137,-4.6412,-13.068,0.079462,-0.32213,-1.1171,NaN,NaN,NaN,NaN,NaN,NaN,NaN,NaN,NaN,46.817,0,2678.1,0.0069644,NaN,NaN,NaN,NaN,NaN,-1,-1,-1.4137,0.63577,-7.3657,-2.607,-4.2896,-13.116,NaN,NaN,NaN,NaN,NaN
401.77,-3.3656,-18.348,-139.94,-1.1986,0.45259,-8.0721,-2.7215,-4.8709,-12.924,0,0,0,NaN,NaN,NaN,NaN,NaN,NaN,NaN,NaN,NaN,46.817,0,2678.1,0.0069644,NaN,NaN,NaN,NaN,15.473,96183,11.313,-1.4212,0.63553,-7.371,-2.7624,-4.4136,-13.206,NaN,NaN,NaN,NaN,NaN
401.78,-3.3628,-18.36,-139.97,-1.3084,0.056556,-7.8154,-3.2704,-4.334,-12.809,0,0,0,NaN,NaN,NaN,NaN,NaN,NaN,NaN,NaN,NaN,46.817,0,2678.1,0.0069644,NaN,NaN,NaN,NaN,NaN,-1,-1,-1.4329,0.63198,-7.3703,-2.8995,-4.2146,-12.828,NaN,NaN,NaN,NaN,NaN
401.78,-3.3594,-18.369,-140.01,-1.9086,0.76855,-7.7734,-3.0425,-2.8603,-12.677,0,0,0,NaN,NaN,NaN,NaN,NaN,NaN,NaN,NaN,NaN,46.817,0,2678.1,0.0069644,NaN,NaN,NaN,NaN,NaN,-1,-1,-1.4337,0.62119,-7.3583,-3.0653,-4.2737,-12.831,NaN,NaN,NaN,NaN,NaN
401.78,-3.3549,-18.38,-140.04,-1.3167,1.1402,-7.1083,-2.621,-3.7674,-12.886,0.079853,-0.32249,-1.1237,NaN,NaN,NaN,NaN,NaN,NaN,NaN,NaN,NaN,46.817,0,2678.1,0.0069644,NaN,NaN,NaN,NaN,15.392,96220,11.375,-1.433,0.61342,-7.3636,-3.2085,-4.1965,-12.824,NaN,NaN,NaN,NaN,NaN
401.78,-3.3506,-18.396,-140.07,-1.4723,0.46184,-7.0597,-2.68,-6.0377,-12.903,0,0,0,NaN,NaN,NaN,NaN,NaN,NaN,NaN,NaN,NaN,46.817,0,2678.1,0.0069644,NaN,NaN,NaN,NaN,NaN,-1,-1,-1.4381,0.61289,-7.3552,-3.3332,-4.179,-12.802,NaN,NaN,NaN,NaN,NaN
401.79,-3.3436,-18.416,-140.13,-1.4341,-0.087737,-7.1454,-3.2532,-2.2686,-13.049,0,0,0,NaN,NaN,NaN,NaN,NaN,NaN,NaN,NaN,NaN,46.817,0,2678.1,0.0069644,NaN,NaN,NaN,NaN,NaN,-1,-1,-1.4424,0.61442,-7.3494,-3.4548,-4.1482,-12.795,NaN,NaN,NaN,NaN,NaN
401.79,-3.3417,-18.429,-140.17,-1.3082,0.54499,-6.4792,-3.6611,-4.9338,-12.838,0.079592,-0.32225,-1.1193,NaN,NaN,NaN,NaN,NaN,NaN,NaN,NaN,NaN,46.817,0,2678.1,0.0069644,NaN,NaN,NaN,NaN,15.808,96173,11.25,-1.4491,0.60498,-7.3485,-3.5814,-4.1404,-12.792,NaN,NaN,NaN,NaN,NaN
401.79,-3.34,-18.444,-140.2,-1.7621,0.56159,-8.3782,-3.6931,-5.3195,-12.791,0,0,0,NaN,NaN,NaN,NaN,NaN,NaN,NaN,NaN,NaN,46.817,0,2678.1,0.0069644,0.79059,2.6193,0.65116,0.069923,NaN,-1,-1,-1.4574,0.60246,-7.3418,-3.6659,-4.1797,-12.791,NaN,NaN,NaN,NaN,NaN
401.79,-3.3382,-18.452,-140.23,-1.5204,1.3931,-7.687,-3.7209,-2.4034,-12.72,0,0,0,NaN,NaN,NaN,NaN,NaN,NaN,NaN,NaN,NaN,46.817,0,2678.1,0.0069644,NaN,NaN,NaN,NaN,15.755,96180,11.25,-1.4574,0.60226,-7.329,-3.7591,-4.0668,-12.786,NaN,NaN,NaN,NaN,NaN
401.8,-3.3367,-18.465,-140.26,-1.3502,0.44653,-6.516,-3.9498,-4.5036,-13.12,0,0,0,NaN,NaN,NaN,NaN,NaN,NaN,NaN,NaN,NaN,46.817,0,2678.1,0.0069644,NaN,NaN,NaN,NaN,NaN,-1,-1,-1.46,0.59717,-7.3274,-3.844,-4.1603,-12.785,NaN,NaN,NaN,NaN,NaN
401.8,-3.3368,-18.478,-140.29,-1.5944,0.30591,-7.2937,-4.4114,-4.5737,-12.689,0.086788,-0.32247,-1.1209,NaN,NaN,NaN,NaN,NaN,NaN,NaN,NaN,NaN,46.817,0,2678.1,0.0069644,NaN,NaN,NaN,NaN,NaN,-1,-1,-1.47,0.59894,-7.3336,-3.9071,-4.1008,-12.762,NaN,NaN,NaN,NaN,NaN
401.8,-3.3375,-18.488,-140.32,-1.4383,0.52024,-7.838,-4.6246,-3.7252,-12.566,0,0,0,NaN,NaN,NaN,NaN,NaN,NaN,NaN,NaN,NaN,46.817,0,2678.1,0.0069644,NaN,NaN,NaN,NaN,15.442,96195,11.25,-1.4738,0.59122,-7.321,-3.9758,-3.9459,-12.742,NaN,NaN,NaN,NaN,NaN
401.8,-3.3364,-18.502,-140.36,-1.3398,0.60301,-6.56,-4.0367,-4.7762,-12.865,0,0,0,NaN,NaN,NaN,NaN,NaN,NaN,NaN,NaN,NaN,46.817,0,2678.1,0.0069644,0.75555,2.4761,0.71201,0.059934,NaN,-1,-1,-1.4757,0.59233,-7.3168,-4.0482,-4.0898,-12.737,NaN,NaN,NaN,NaN,NaN
401.81,-3.3363,-18.513,-140.39,-1.8696,0.34373,-8.9492,-4.4043,-4.0238,-12.868,0,0,0,NaN,NaN,NaN,NaN,NaN,NaN,NaN,NaN,NaN,46.817,0,2678.1,0.0069644,NaN,NaN,NaN,NaN,NaN,-1,-1,-1.4839,0.58034,-7.3037,-4.1082,-4.0181,-12.723,NaN,NaN,NaN,NaN,NaN
401.81,-3.336,-18.523,-140.42,-1.5179,0.62238,-6.0588,-4.2445,-3.3965,-12.503,0.084382,-0.315,-1.1166,NaN,NaN,NaN,NaN,NaN,NaN,NaN,NaN,NaN,46.817,0,2678.1,0.0069644,NaN,NaN,NaN,NaN,15.675,96176,11.188,-1.4917,0.58159,-7.2925,-4.1359,-3.954,-12.725,NaN,NaN,NaN,NaN,NaN
401.81,-3.3348,-18.536,-140.45,-1.5358,1.4391,-8.0652,-3.9591,-4.5231,-12.789,0,0,0,NaN,NaN,NaN,NaN,NaN,NaN,NaN,NaN,NaN,46.787,0.024486,2703.8,0.0069644,NaN,NaN,NaN,NaN,NaN,-1,-1,-1.4878,0.57694,-7.2937,-4.1845,-4.0482,-12.708,NaN,NaN,NaN,NaN,NaN
401.81,-3.3325,-18.561,-140.51,-1.6221,-0.064674,-8.2451,-3.8273,-3.8841,-12.678,0,0,0,NaN,NaN,NaN,NaN,NaN,NaN,NaN,NaN,NaN,46.787,0.024486,2703.8,0.0069644,NaN,NaN,NaN,NaN,15.705,96192,11.313,-1.4908,0.58038,-7.2728,-4.213,-3.9875,-12.703,NaN,NaN,NaN,NaN,NaN
401.82,-3.3328,-18.571,-140.54,-1.425,0.6829,-6.3805,-4.5762,-3.1871,-12.754,0.091848,-0.31054,-1.1204,NaN,NaN,NaN,NaN,NaN,NaN,NaN,NaN,NaN,46.787,0.024486,2703.8,0.0069644,NaN,NaN,NaN,NaN,NaN,-1,-1,-1.492,0.57036,-7.2458,-4.258,-3.8308,-12.676,NaN,NaN,NaN,NaN,NaN
401.82,-3.3326,-18.584,-140.58,-1.3162,0.30007,-7.6894,-4.197,-4.5226,-12.282,0,0,0,NaN,NaN,NaN,NaN,NaN,NaN,NaN,NaN,NaN,46.787,0.024486,2703.8,0.0069644,NaN,NaN,NaN,NaN,NaN,-1,-1,-1.494,0.56593,-7.2191,-4.2544,-3.9207,-12.65,NaN,NaN,NaN,NaN,NaN
401.82,-3.3333,-18.604,-140.64,-0.98091,1.3397,-6.8042,-4.6759,-3.0444,-12.518,0,0,0,NaN,NaN,NaN,NaN,NaN,NaN,NaN,NaN,NaN,46.787,0.024486,2703.8,0.0069644,NaN,NaN,NaN,NaN,15.63,96220,11.438,-1.4968,0.56257,-7.2069,-4.2612,-3.878,-12.629,NaN,NaN,NaN,NaN,NaN
401.82,-3.3338,-18.617,-140.67,-1.5622,0.73576,-7.1817,-4.5365,-4.6642,-12.453,0.093854,-0.32257,-1.1202,NaN,NaN,NaN,NaN,NaN,NaN,NaN,NaN,NaN,46.787,0.024486,2703.8,0.0069644,NaN,NaN,NaN,NaN,NaN,-1,-1,-1.5115,0.56599,-7.1977,-4.2691,-3.7671,-12.606,NaN,NaN,NaN,NaN,NaN
401.83,-3.3346,-18.627,-140.7,-2.0987,0.16504,-7.4831,-4.7509,-3.2416,-12.639,0,0,0,NaN,NaN,NaN,NaN,NaN,NaN,NaN,NaN,NaN,46.787,0.024486,2703.8,0.0069644,NaN,NaN,NaN,NaN,NaN,-1,-1,-1.5114,0.55868,-7.1743,-4.2823,-3.8016,-12.584,NaN,NaN,NaN,NaN,NaN
401.83,-3.3348,-18.636,-140.73,-1.0835,0.28994,-7.2133,-4.4934,-2.916,-12.583,0,0,0,NaN,NaN,NaN,NaN,NaN,NaN,NaN,NaN,NaN,46.787,0.024486,2703.8,0.0069644,0.76431,NaN,0.64568,NaN,15.547,96193,11.25,-1.5063,0.5426,-7.1582,-4.3035,-3.7762,-12.563,NaN,NaN,NaN,NaN,NaN
401.83,-3.335,-18.651,-140.76,-1.692,0.75035,-6.3883,-4.4455,-5.355,-12.48,0,0,0,NaN,NaN,NaN,NaN,NaN,NaN,NaN,NaN,NaN,46.787,0.024486,2703.8,0.0069644,NaN,2.6055,NaN,0.0899,15.649,96202,11.25,-1.5166,0.53326,-7.1555,-4.3106,-3.676,-12.539,NaN,NaN,NaN,NaN,NaN
401.83,-3.3331,-18.659,-140.79,-1.8452,0.47818,-8.8318,-3.581,-2.8095,-12.38,0.094003,-0.31285,-1.118,NaN,NaN,NaN,NaN,NaN,NaN,NaN,NaN,NaN,46.787,0.024486,2703.8,0.0069644,NaN,NaN,NaN,NaN,NaN,-1,-1,-1.519,0.53489,-7.1561,-4.3276,-3.7046,-12.529,NaN,NaN,NaN,NaN,NaN
401.84,-3.3336,-18.666,-140.82,-1.3123,-0.1188,-5.8932,-4.5748,-2.1788,-12.445,0,0,0,NaN,NaN,NaN,NaN,NaN,NaN,NaN,NaN,NaN,46.787,0.024486,2703.8,0.0069644,NaN,NaN,NaN,NaN,NaN,-1,-1,-1.5172,0.52945,-7.1284,-4.3464,-3.6152,-12.506,NaN,NaN,NaN,NaN,NaN
401.84,-3.3322,-18.684,-140.85,-1.7726,1.6167,-6.8577,-3.8836,-6.5539,-12.827,0,0,0,NaN,NaN,NaN,NaN,NaN,NaN,NaN,NaN,NaN,46.787,0.024486,2703.8,0.0069644,NaN,NaN,NaN,NaN,NaN,-1,-1,-1.5199,0.54517,-7.1262,-4.352,-3.5506,-12.48,NaN,NaN,NaN,NaN,NaN
401.84,-3.33,-18.694,-140.89,-1.1708,1.508,-8.5498,-3.6002,-3.2068,-12.713,0,0,0,NaN,NaN,NaN,NaN,NaN,NaN,NaN,NaN,NaN,46.787,0.024486,2703.8,0.0069644,0.8207,2.4964,0.69497,0.015816,15.801,96171,11.125,-1.5163,0.529,-7.0975,-4.3548,-3.5992,-12.461,NaN,NaN,NaN,NaN,NaN
401.84,-3.328,-18.7,-140.92,-1.6958,-1.0115,-6.4765,-3.7407,-1.7626,-12.868,0.070442,-0.31744,-1.1223,NaN,NaN,NaN,NaN,NaN,NaN,NaN,NaN,NaN,46.787,0.024486,2703.8,0.0069644,NaN,NaN,NaN,NaN,NaN,-1,-1,-1.5234,0.52602,-7.098,-4.3761,-3.4522,-12.457,NaN,NaN,NaN,NaN,NaN
401.85,-3.3291,-18.713,-140.95,-1.3827,0.84928,-6.2016,-4.821,-4.6123,-12.459,0,0,0,NaN,NaN,NaN,NaN,NaN,NaN,NaN,NaN,NaN,46.787,0.024486,2703.8,0.0069644,NaN,NaN,NaN,NaN,NaN,-1,-1,-1.5232,0.52401,-7.0622,-4.4149,-3.438,-12.437,NaN,NaN,NaN,NaN,NaN
401.85,-3.3288,-18.727,-140.98,-1.4745,0.81844,-8.1707,-4.0876,-5.1362,-12.076,0,0,0,NaN,NaN,NaN,NaN,NaN,NaN,NaN,NaN,NaN,46.787,0.024486,2703.8,0.0069644,NaN,NaN,NaN,NaN,15.652,96202,11.313,-1.5284,0.5207,-7.0471,-4.4411,-3.475,-12.414,NaN,NaN,NaN,NaN,NaN
401.85,-3.3289,-18.729,-141.01,-2.0067,0.55348,-7.0605,-4.3914,-0.48283,-12.101,0,0,0,NaN,NaN,NaN,NaN,NaN,NaN,NaN,NaN,NaN,46.787,0.024486,2703.8,0.0069644,NaN,NaN,NaN,NaN,15.444,96203,11.313,-1.5323,0.52883,-7.0693,-4.4712,-3.3063,-12.399,NaN,NaN,NaN,NaN,NaN
401.85,-3.33,-18.741,-141.04,-0.99205,0.97213,-5.825,-4.8446,-4.1733,-12.537,0.087147,-0.30555,-1.1186,NaN,NaN,NaN,NaN,NaN,NaN,NaN,NaN,NaN,46.787,0.024486,2703.8,0.0069644,NaN,NaN,NaN,NaN,NaN,-1,-1,-1.5346,0.52616,-7.0195,-4.4725,-3.3828,-12.403,NaN,NaN,NaN,NaN,NaN
401.86,-3.3308,-18.756,-141.07,-2.0621,0.73065,-7.7006,-4.6792,-5.3848,-12.553,0,0,0,NaN,NaN,NaN,NaN,NaN,NaN,NaN,NaN,NaN,46.787,0.024486,2703.8,0.0069644,NaN,NaN,NaN,NaN,NaN,-1,-1,-1.529,0.51391,-7.0103,-4.5059,-3.3292,-12.371,NaN,NaN,NaN,NaN,NaN
401.86,-3.3309,-18.761,-141.1,-1.5055,0.30683,-7.0466,-4.4905,-1.3157,-12.4,0,0,0,NaN,NaN,NaN,NaN,NaN,NaN,NaN,NaN,NaN,46.787,0.024486,2703.8,0.0069644,NaN,NaN,NaN,NaN,NaN,-1,-1,-1.5366,0.50798,-7.0125,-4.5398,-3.2026,-12.343,NaN,NaN,NaN,NaN,NaN
401.86,-3.3316,-18.772,-141.13,-1.5469,0.099458,-6.4207,-4.5884,-3.7063,-12.218,0,0,0,NaN,NaN,NaN,NaN,NaN,NaN,NaN,NaN,NaN,46.787,0.024486,2703.8,0.0069644,NaN,NaN,NaN,NaN,15.677,96207,11.313,-1.5387,0.51033,-6.9926,-4.5737,-3.229,-12.329,NaN,NaN,NaN,NaN,NaN
401.86,-3.3334,-18.792,-141.19,-1.7633,0.6106,-8.0854,-4.4652,-2.1151,-11.85,0,0,0,NaN,NaN,NaN,NaN,NaN,NaN,NaN,NaN,NaN,46.787,0.024486,2703.8,0.0069644,NaN,NaN,NaN,NaN,NaN,-1,-1,-1.5336,0.49977,-6.9905,-4.6158,-3.1522,-12.33,NaN,NaN,NaN,NaN,NaN
401.87,-3.3332,-18.798,-141.22,-1.9089,0.84534,-6.3028,-4.3333,-2.0017,-12.46,0,0,0,NaN,NaN,NaN,NaN,NaN,NaN,NaN,NaN,NaN,46.787,0.024486,2703.8,0.0069644,0.74953,2.5978,0.63168,0.10239,NaN,-1,-1,-1.5383,0.4954,-6.9776,-4.6779,-3.1666,-12.303,NaN,NaN,NaN,NaN,NaN
401.87,-3.3331,-18.811,-141.25,-0.85532,1.0533,-6.1227,-4.3084,-4.7407,-12.322,0,0,0,NaN,NaN,NaN,NaN,NaN,NaN,NaN,NaN,NaN,46.787,0.024486,2703.8,0.0069644,NaN,NaN,NaN,NaN,15.546,96215,11.313,-1.5388,0.4983,-6.9661,-4.7217,-3.0888,-12.289,NaN,NaN,NaN,NaN,NaN
401.87,-3.3324,-18.822,-141.28,-1.8494,-0.03369,-7.7894,-4.0926,-3.7035,-12.386,0.075552,-0.31295,-1.1263,NaN,NaN,NaN,NaN,NaN,NaN,NaN,NaN,NaN,46.787,0.024486,2703.8,0.0069644,NaN,NaN,NaN,NaN,NaN,-1,-1,-1.5384,0.48767,-6.9636,-4.771,-3.0448,-12.274,NaN,NaN,NaN,NaN,NaN
401.87,-3.334,-18.827,-141.32,-1.7317,0.15562,-6.6529,-5,-1.3706,-12.243,0,0,0,NaN,NaN,NaN,NaN,NaN,NaN,NaN,NaN,NaN,46.787,0.024486,2703.8,0.0069644,NaN,NaN,NaN,NaN,15.499,96210,11.375,-1.5403,0.47131,-6.9616,-4.8253,-3.0644,-12.265,NaN,NaN,NaN,NaN,NaN
401.88,-3.3359,-18.838,-141.35,-1.333,0.40653,-6.7936,-5.0912,-3.6163,-12.182,0,0,0,NaN,NaN,NaN,NaN,NaN,NaN,NaN,NaN,NaN,46.787,0.024486,2703.8,0.0069644,NaN,NaN,NaN,NaN,NaN,-1,-1,-1.543,0.47646,-6.9188,-4.8633,-3.012,-12.233,NaN,NaN,NaN,NaN,NaN
401.88,-3.3389,-18.85,-141.38,-1.7752,0.9552,-6.7981,-5.4977,-4.2022,-12.186,0,0,0,NaN,NaN,NaN,NaN,NaN,NaN,NaN,NaN,NaN,46.787,0.024486,2703.8,0.0069644,NaN,NaN,NaN,NaN,NaN,-1,-1,-1.5435,0.47466,-6.9378,-5.095,-3.0102,-12.562,NaN,NaN,NaN,NaN,NaN
401.88,-3.3413,-18.853,-141.41,-1.391,0.93075,-8.2676,-5.2891,-0.85462,-12.037,0.079742,-0.31253,-1.117,NaN,NaN,NaN,NaN,NaN,NaN,NaN,NaN,NaN,46.787,0.024486,2703.8,0.0069644,0.82617,2.5137,0.70106,0.0083241,15.443,96189,11.25,-1.5492,0.47988,-6.9279,-5.0979,-2.9862,-12.451,NaN,NaN,NaN,NaN,NaN
401.88,-3.3438,-18.861,-141.44,-1.7242,0.53368,-4.9338,-5.4166,-2.6632,-12.39,0,0,0,NaN,NaN,NaN,NaN,NaN,NaN,NaN,NaN,NaN,46.787,0.024486,2703.8,0.0069644,NaN,NaN,NaN,NaN,NaN,-1,-1,-1.5464,0.47206,-6.9077,-5.1275,-2.9363,-12.353,NaN,NaN,NaN,NaN,NaN
401.89,-3.3464,-18.876,-141.47,-1.703,0.11842,-7.8362,-5.4112,-5.4712,-12.419,0,0,0,NaN,NaN,NaN,NaN,NaN,NaN,NaN,NaN,NaN,46.787,0.024486,2703.8,0.0069644,NaN,NaN,NaN,NaN,NaN,-1,-1,-1.5507,0.47434,-6.9156,-5.1548,-2.8675,-12.255,NaN,NaN,NaN,NaN,NaN
401.89,-3.3499,-18.881,-141.5,-1.576,0.50069,-7.0486,-5.6739,-1.2313,-11.824,0,0,0,NaN,NaN,NaN,NaN,NaN,NaN,NaN,NaN,NaN,46.787,0.024486,2703.8,0.0069644,NaN,NaN,NaN,NaN,15.47,96226,11.375,-1.5521,0.46683,-6.9016,-5.3609,-2.9206,-12.511,NaN,NaN,NaN,NaN,NaN
401.89,-3.3528,-18.89,-141.53,-1.3318,0.14234,-6.5197,-5.4111,-2.9535,-12.034,0.077847,-0.31046,-1.1239,NaN,NaN,NaN,NaN,NaN,NaN,NaN,NaN,NaN,46.787,0.024486,2703.8,0.0069644,0.77033,NaN,0.72662,NaN,15.444,96224,11.375,-1.5455,0.45788,-6.8751,-5.3103,-2.8052,-12.346,NaN,NaN,NaN,NaN,NaN
401.89,-3.355,-18.898,-141.56,-2.2353,0.35068,-8.0093,-5.2655,-2.9178,-12.302,0,0,0,NaN,NaN,NaN,NaN,NaN,NaN,NaN,NaN,NaN,46.787,0.024486,2703.8,0.0069644,NaN,2.4803,NaN,0.04495,NaN,-1,-1,-1.5536,0.45831,-6.8978,-5.2901,-2.6531,-12.179,NaN,NaN,NaN,NaN,NaN
401.9,-3.3571,-18.905,-141.59,-1.2806,0.39381,-6.4588,-5.1965,-1.8415,-12.144,0,0,0,NaN,NaN,NaN,NaN,NaN,NaN,NaN,NaN,NaN,46.787,0.024486,2703.8,0.0069644,NaN,NaN,NaN,NaN,NaN,-1,-1,-1.5458,0.45527,-6.8834,-5.2636,-2.6427,-12.022,NaN,NaN,NaN,NaN,NaN
401.9,-3.3591,-18.916,-141.62,-1.2217,1.4362,-7.1435,-5.0294,-3.9325,-11.821,0,0,0,NaN,NaN,NaN,NaN,NaN,NaN,NaN,NaN,NaN,46.787,0.024486,2703.8,0.0069644,NaN,NaN,NaN,NaN,NaN,-1,-1,-1.5499,0.43478,-6.8983,-5.2307,-2.5537,-11.871,NaN,NaN,NaN,NaN,NaN
401.9,-3.3602,-18.924,-141.65,-1.774,0.65571,-7.2564,-4.7626,-2.5985,-12.132,0.080212,-0.30557,-1.1215,NaN,NaN,NaN,NaN,NaN,NaN,NaN,NaN,NaN,46.787,0.024486,2703.8,0.0069644,NaN,NaN,NaN,NaN,15.649,96201,11.25,-1.5495,0.43982,-6.9028,-5.2021,-2.5305,-11.748,NaN,NaN,NaN,NaN,NaN
401.9,-3.3619,-18.929,-141.68,-1.6247,-0.60344,-7.7885,-5.0683,-1.5154,-12.18,0,0,0,NaN,NaN,NaN,NaN,NaN,NaN,NaN,NaN,NaN,46.787,0.024486,2703.8,0.0069644,NaN,NaN,NaN,NaN,NaN,-1,-1,-1.5462,0.4419,-6.898,-5.1804,-2.5247,-11.622,NaN,NaN,NaN,NaN,NaN
401.91,-3.3671,-18.95,-141.74,-1.6807,0.79813,-8.6867,-4.8793,-4.8005,-11.825,0,0,0,NaN,NaN,NaN,NaN,NaN,NaN,NaN,NaN,NaN,46.787,0.024486,2703.8,0.0069644,0.75664,2.602,0.63594,0.094062,NaN,-1,-1,-1.5544,0.43908,-6.8919,-5.1568,-2.4329,-11.503,NaN,NaN,NaN,NaN,NaN
401.91,-3.3715,-18.949,-141.77,-1.738,0.59896,-7.9347,-5.9861,0.72027,-11.653,0.075632,-0.30563,-1.1241,-7.3856,-14.909,-4.7235,17.296,40.059,-88.548,3.6794e+05,4.4355e+06,389.02,46.787,0.024486,2703.8,0.0069644,NaN,NaN,NaN,NaN,15.364,96192,11.25,-1.5386,0.42945,-6.801,-5.1386,-2.3818,-11.382,16.933,-3.3711,-1.0196,-3.446,-11.239
401.91,-3.3746,-18.958,-141.8,-1.4518,0.1811,-5.0229,-5.6486,-3.0276,-12.317,0,0,0,NaN,NaN,NaN,NaN,NaN,NaN,NaN,NaN,NaN,46.787,0.024486,2703.8,0.0069644,NaN,NaN,NaN,NaN,NaN,-1,-1,-1.5289,0.41092,-6.8111,-5.1472,-2.431,-11.27,NaN,NaN,NaN,NaN,NaN
401.91,-3.3791,-18.972,-141.83,-1.6456,0.86703,-7.9989,-6.0823,-4.6817,-12.1,0,0,0,NaN,NaN,NaN,NaN,NaN,NaN,NaN,NaN,NaN,46.787,0.024486,2703.8,0.0069644,NaN,NaN,NaN,NaN,15.364,96189,11.25,-1.5366,0.41248,-6.8232,-5.1566,-2.3436,-11.177,NaN,NaN,NaN,NaN,NaN
401.92,-3.3857,-18.981,-141.89,-1.4286,-0.42378,-7.4984,-5.6764,-1.3083,-11.997,0.075321,-0.29795,-1.1152,NaN,NaN,NaN,NaN,NaN,NaN,NaN,NaN,NaN,46.787,0.024486,2703.8,0.0069644,NaN,NaN,NaN,NaN,NaN,-1,-1,-1.5229,0.40718,-6.7532,-5.1469,-2.2638,-11.087,NaN,NaN,NaN,NaN,NaN
401.92,-3.3901,-18.992,-141.92,-1.8474,0.15973,-6.8037,-5.9209,-3.7432,-11.574,0,0,0,NaN,NaN,NaN,NaN,NaN,NaN,NaN,NaN,NaN,46.787,0.024486,2703.8,0.0069644,0.77799,2.6079,0.64933,0.079079,NaN,-1,-1,-1.53,0.40578,-6.7802,-5.1656,-2.2913,-11.006,NaN,NaN,NaN,NaN,NaN
401.92,-3.3953,-18.999,-141.98,-1.6824,0.46135,-7.0896,-5.2455,-0.2348,-11.964,0,0,0,NaN,NaN,NaN,NaN,NaN,NaN,NaN,NaN,NaN,46.729,0.024486,2733.8,0.0058767,NaN,NaN,NaN,NaN,15.307,96175,11.125,-1.5285,0.4026,-6.8117,-5.1705,-2.1687,-10.916,NaN,NaN,NaN,NaN,NaN
401.92,-3.3985,-19.011,-142.01,-1.3461,0.51624,-6.0588,-5.4843,-4.0743,-11.9,0.085332,-0.29616,-1.1232,NaN,NaN,NaN,NaN,NaN,NaN,NaN,NaN,NaN,46.729,0.024486,2733.8,0.0058767,NaN,NaN,NaN,NaN,NaN,-1,-1,-1.5337,0.39352,-6.8324,-5.1941,-2.1172,-10.851,NaN,NaN,NaN,NaN,NaN
401.93,-3.4005,-19.019,-142.03,-1.8155,0.4048,-9.2355,-5.0836,-2.7199,-11.82,0,0,0,NaN,NaN,NaN,NaN,NaN,NaN,NaN,NaN,NaN,46.729,0.024486,2733.8,0.0058767,NaN,NaN,NaN,NaN,NaN,-1,-1,-1.5321,0.39104,-6.8302,-5.2204,-2.1433,-10.787,NaN,NaN,NaN,NaN,NaN
401.93,-3.404,-19.02,-142.06,-1.3176,-0.090718,-4.923,-5.6548,0.1869,-11.691,0,0,0,NaN,NaN,NaN,NaN,NaN,NaN,NaN,NaN,NaN,46.729,0.024486,2733.8,0.0058767,NaN,NaN,NaN,NaN,15.468,96218,11.313,-1.5399,0.38711,-6.8818,-5.2167,-2.0595,-10.733,NaN,NaN,NaN,NaN,NaN
401.93,-3.4079,-19.029,-142.09,-1.4723,-0.51143,-8.0928,-5.8454,-3.1349,-11.907,0,0,0,NaN,NaN,NaN,NaN,NaN,NaN,NaN,NaN,NaN,46.729,0.024486,2733.8,0.0058767,0.75664,2.6014,0.63168,0.084906,NaN,-1,-1,-1.5386,0.38636,-6.9091,-5.2195,-2.071,-10.696,NaN,NaN,NaN,NaN,NaN
401.93,0,0,0,0,0,0,0,0,0,0,0,0,NaN,NaN,NaN,NaN,NaN,NaN,NaN,NaN,NaN,46.729,0.024486,2733.8,0.0058767,NaN,NaN,NaN,NaN,15.469,96211,11.313,-1.5321,0.37338,-6.9068,-5.2549,-1.9479,-10.665,NaN,NaN,NaN,NaN,NaN
401.94,-3.4129,-19.036,-142.12,-2.2377,1.3446,-6.7266,-6.2739,-2.0652,-11.856,0.077936,-0.29822,-1.1194,NaN,NaN,NaN,NaN,NaN,NaN,NaN,NaN,NaN,46.729,0.024486,2733.8,0.0058767,NaN,NaN,NaN,NaN,NaN,-1,-1,-1.536,0.35259,-6.9434,-5.2973,-1.9534,-10.641,NaN,NaN,NaN,NaN,NaN
401.94,-3.4171,-19.041,-142.15,-1.0238,1.0633,-7.8612,-5.9245,-1.3999,-11.764,0,0,0,NaN,NaN,NaN,NaN,NaN,NaN,NaN,NaN,NaN,46.729,0.024486,2733.8,0.0058767,NaN,NaN,NaN,NaN,NaN,-1,-1,-1.5378,0.35074,-6.9708,-5.3419,-1.9672,-10.605,NaN,NaN,NaN,NaN,NaN
401.94,-3.4304,-19.061,-142.24,-1.8668,0.58511,-7.6864,-5.9109,-1.3738,-11.841,0.082237,-0.30777,-1.1168,NaN,NaN,NaN,NaN,NaN,NaN,NaN,NaN,NaN,46.729,0.024486,2733.8,0.0058767,0.82946,2.5095,0.71019,0.0083241,15.573,96193,11.25,-1.5385,0.33742,-6.9854,-5.3795,-1.9039,-10.588,NaN,NaN,NaN,NaN,NaN
401.94,0,0,0,0,0,0,0,0,0,0,0,0,NaN,NaN,NaN,NaN,NaN,NaN,NaN,NaN,NaN,46.729,0.024486,2733.8,0.0058767,0.82946,2.5095,0.71019,0.0083241,NaN,-1,-1,-1.5398,0.3373,-7.0104,-5.4406,-1.8868,-10.589,NaN,NaN,NaN,NaN,NaN
401.95,-3.4358,-19.069,-142.27,-1.249,-0.67567,-5.7287,-6.2501,-2.4746,-11.316,0,0,0,NaN,NaN,NaN,NaN,NaN,NaN,NaN,NaN,NaN,46.729,0.024486,2733.8,0.0058767,NaN,NaN,NaN,NaN,NaN,-1,-1,-1.5394,0.31983,-7.049,-5.523,-1.9172,-10.584,NaN,NaN,NaN,NaN,NaN
401.95,-3.4416,-19.077,-142.3,-1.7593,0.54421,-9.267,-6.4976,-2.8996,-11.567,0,0,0,NaN,NaN,NaN,NaN,NaN,NaN,NaN,NaN,NaN,46.729,0.024486,2733.8,0.0058767,NaN,NaN,NaN,NaN,15.778,96200,11.25,-1.5345,0.314,-7.0866,-5.5937,-1.8352,-10.59,NaN,NaN,NaN,NaN,NaN
401.95,-3.4508,-19.088,-142.36,-0.70737,0.74157,-6.3903,-6.1572,-3.5362,-11.952,0.094423,-0.29845,-1.1179,NaN,NaN,NaN,NaN,NaN,NaN,NaN,NaN,NaN,46.729,0.024486,2733.8,0.0058767,NaN,NaN,NaN,NaN,NaN,-1,-1,-1.5322,0.30897,-7.0785,-5.6581,-1.9097,-10.606,NaN,NaN,NaN,NaN,NaN
401.95,-3.4551,-19.098,-142.39,-1.8026,0.32231,-8.1459,-6.049,-3.1992,-12.046,0,0,0,NaN,NaN,NaN,NaN,NaN,NaN,NaN,NaN,NaN,46.729,0.024486,2733.8,0.0058767,NaN,NaN,NaN,NaN,15.576,96211,11.375,-1.5342,0.29855,-7.0975,-5.7685,-1.838,-10.635,NaN,NaN,NaN,NaN,NaN
401.96,-3.4594,-19.098,-142.42,-2.0021,-0.2232,-8.0472,-5.9896,0.52712,-11.694,0,0,0,NaN,NaN,NaN,NaN,NaN,NaN,NaN,NaN,NaN,46.729,0.024486,2733.8,0.0058767,0.76376,NaN,0.63107,NaN,NaN,-1,-1,-1.5343,0.29152,-7.1223,-5.8677,-1.7981,-10.656,NaN,NaN,NaN,NaN,NaN
401.96,-3.4663,-19.103,-142.45,-1.3108,-0.26105,-5.6413,-7.007,-1.4751,-11.668,0,0,0,NaN,NaN,NaN,NaN,NaN,NaN,NaN,NaN,NaN,46.729,0.024486,2733.8,0.0058767,NaN,2.6097,NaN,0.098224,NaN,-1,-1,-1.528,0.28938,-7.1513,-5.9514,-1.8479,-10.702,NaN,NaN,NaN,NaN,NaN
401.96,-3.4813,-19.111,-142.47,-1.3947,0.80767,-6.9611,-6.5584,-5.2862,-11.227,0.087417,-0.30087,-1.1208,NaN,NaN,NaN,NaN,NaN,NaN,NaN,NaN,NaN,46.729,0.024486,2733.8,0.0058767,NaN,NaN,NaN,NaN,15.703,96225,11.375,-1.5404,0.28958,-7.2495,-6.0423,-1.7468,-10.764,NaN,NaN,NaN,NaN,NaN
401.96,-3.4878,-19.112,-142.5,-1.7051,0.71066,-10.334,-6.8328,0.54494,-11.452,0,0,0,NaN,NaN,NaN,NaN,NaN,NaN,NaN,NaN,NaN,46.729,0.024486,2733.8,0.0058767,NaN,NaN,NaN,NaN,NaN,-1,-1,-1.533,0.28335,-7.2606,-6.1507,-1.8558,-10.815,NaN,NaN,NaN,NaN,NaN
401.97,-3.4937,-19.112,-142.53,-1.7544,0.032022,-4.7161,-6.6955,0.55399,-11.821,0,0,0,NaN,NaN,NaN,NaN,NaN,NaN,NaN,NaN,NaN,46.729,0.024486,2733.8,0.0058767,NaN,NaN,NaN,NaN,NaN,-1,-1,-1.5354,0.26548,-7.2897,-6.3097,-1.6678,-10.869,NaN,NaN,NaN,NaN,NaN
401.97,-3.5002,-19.126,-142.56,-1.1458,0.015624,-7.5282,-6.716,-5.2602,-11.557,0,0,0,NaN,NaN,NaN,NaN,NaN,NaN,NaN,NaN,NaN,46.729,0.024486,2733.8,0.0058767,NaN,NaN,NaN,NaN,15.601,96222,11.375,-1.5426,0.25423,-7.3121,-6.4746,-1.6737,-10.949,NaN,NaN,NaN,NaN,NaN
401.97,-3.508,-19.131,-142.59,-2.0167,0.85129,-7.7098,-7.3172,-1.3883,-11.6,0.091998,-0.30082,-1.1182,NaN,NaN,NaN,NaN,NaN,NaN,NaN,NaN,NaN,46.729,0.024486,2733.8,0.0058767,NaN,NaN,NaN,NaN,NaN,-1,-1,-1.5535,0.25097,-7.4071,-6.6453,-1.7864,-11.025,NaN,NaN,NaN,NaN,NaN
401.97,-3.5144,-19.133,-142.62,-1.4697,-0.63689,-7.4672,-6.7511,-0.26631,-11.357,0,0,0,NaN,NaN,NaN,NaN,NaN,NaN,NaN,NaN,NaN,46.729,0.024486,2733.8,0.0058767,NaN,NaN,NaN,NaN,15.755,96224,11.375,-1.5503,0.23988,-7.423,-6.8309,-1.6887,-11.119,NaN,NaN,NaN,NaN,NaN
401.98,-3.5221,-19.142,-142.64,-1.4556,0.3352,-7.364,-7.188,-3.1564,-11.421,0,0,0,NaN,NaN,NaN,NaN,NaN,NaN,NaN,NaN,NaN,46.729,0.024486,2733.8,0.0058767,NaN,NaN,NaN,NaN,NaN,-1,-1,-1.5468,0.24025,-7.4779,-7.036,-1.7345,-11.196,NaN,NaN,NaN,NaN,NaN
401.98,-3.528,-19.146,-142.67,-1.9643,0.31124,-7.5074,-6.5679,-0.78455,-11.459,0,0,0,NaN,NaN,NaN,NaN,NaN,NaN,NaN,NaN,NaN,46.729,0.024486,2733.8,0.0058767,NaN,NaN,NaN,NaN,NaN,-1,-1,-1.5415,0.23272,-7.5077,-7.2307,-1.6939,-11.289,NaN,NaN,NaN,NaN,NaN
401.98,-3.5335,-19.15,-142.7,-1.351,0.469,-7.1666,-6.409,-1.1527,-11.566,0.087757,-0.29379,-1.123,NaN,NaN,NaN,NaN,NaN,NaN,NaN,NaN,NaN,46.729,0.024486,2733.8,0.0058767,NaN,NaN,NaN,NaN,15.622,96208,11.25,-1.5401,0.22845,-7.5105,-7.4549,-1.7148,-11.388,NaN,NaN,NaN,NaN,NaN
401.98,-3.5407,-19.161,-142.73,-1.2404,0.14216,-7.1559,-7.0397,-3.9065,-11.579,0,0,0,NaN,NaN,NaN,NaN,NaN,NaN,NaN,NaN,NaN,46.729,0.024486,2733.8,0.0058767,0.77142,2.5978,0.64385,0.084073,NaN,-1,-1,-1.5449,0.22625,-7.5621,-7.64,-1.7025,-11.497,NaN,NaN,NaN,NaN,NaN
401.99,-3.5566,-19.163,-142.79,-1.2421,-0.19196,-4.9086,-7.9204,1.4168,-11.178,0,0,0,NaN,NaN,NaN,NaN,NaN,NaN,NaN,NaN,NaN,46.729,0.024486,2733.8,0.0058767,NaN,NaN,NaN,NaN,NaN,-1,-1,-1.5426,0.2209,-7.5971,-7.8345,-1.6311,-11.609,NaN,NaN,NaN,NaN,NaN
401.99,-3.5649,-19.176,-142.81,-1.3243,0.096758,-7.2265,-7.3146,-4.8197,-11.118,0.080631,-0.29118,-1.1214,NaN,NaN,NaN,NaN,NaN,NaN,NaN,NaN,NaN,46.729,0.024486,2733.8,0.0058767,NaN,NaN,NaN,NaN,15.627,96217,11.375,-1.5451,0.206,-7.6388,-8.0429,-1.6601,-11.757,NaN,NaN,NaN,NaN,NaN
401.99,-3.5743,-19.183,-142.84,-2.2445,1.447,-10.408,-7.8114,-2.2481,-11.062,0,0,0,NaN,NaN,NaN,NaN,NaN,NaN,NaN,NaN,NaN,46.729,0.024486,2733.8,0.0058767,NaN,NaN,NaN,NaN,15.931,96219,11.313,-1.5458,0.20946,-7.6714,-8.0351,-1.5425,-11.453,NaN,NaN,NaN,NaN,NaN
401.99,-3.5834,-19.181,-142.87,-1.3073,-0.013264,-7.0785,-7.9042,1.6753,-11.487,0,0,0,NaN,NaN,NaN,NaN,NaN,NaN,NaN,NaN,NaN,46.729,0.024486,2733.8,0.0058767,0.74569,2.5942,0.62681,0.09656,NaN,-1,-1,-1.5408,0.19532,-7.6876,-8.2185,-1.5048,-11.502,NaN,NaN,NaN,NaN,NaN
402,-3.5946,-19.187,-142.9,-1.2812,-0.88388,-6.2274,-8.659,-1.9282,-11.528,0,0,0,NaN,NaN,NaN,NaN,NaN,NaN,NaN,NaN,NaN,46.729,0.024486,2733.8,0.0058767,NaN,NaN,NaN,NaN,NaN,-1,-1,-1.5461,0.19283,-7.7394,-8.3772,-1.4529,-11.555,NaN,NaN,NaN,NaN,NaN
402,-3.6053,-19.198,-142.93,-1.8123,0.88092,-8.2097,-8.4161,-3.9956,-11.368,0.087687,-0.29619,-1.123,NaN,NaN,NaN,NaN,NaN,NaN,NaN,NaN,NaN,46.729,0.024486,2733.8,0.0058767,NaN,NaN,NaN,NaN,NaN,-1,-1,-1.5443,0.19033,-7.7598,-8.5496,-1.3601,-11.613,NaN,NaN,NaN,NaN,NaN
402,-3.6162,-19.196,-142.96,-1.8691,0.14139,-9.0359,-8.4832,1.5521,-11.144,0,0,0,NaN,NaN,NaN,NaN,NaN,NaN,NaN,NaN,NaN,46.729,0.024486,2733.8,0.0058767,NaN,NaN,NaN,NaN,15.729,96246,11.438,-1.5389,0.17385,-7.7863,-8.4846,-1.287,-11.242,NaN,NaN,NaN,NaN,NaN
402,-3.641,-19.21,-143.01,-1.9253,0.20698,-8.6101,-9.0533,-3.311,-11.198,0,0,0,NaN,NaN,NaN,NaN,NaN,NaN,NaN,NaN,NaN,46.729,0.024486,2733.8,0.0058767,NaN,NaN,NaN,NaN,NaN,-1,-1,-1.5361,0.16484,-7.8281,-8.6214,-1.209,-11.2,NaN,NaN,NaN,NaN,NaN
402.01,-3.6545,-19.208,-143.04,-1.7859,1.0152,-8.697,-9.6218,1.4186,-11.403,0.087347,-0.30327,-1.1208,NaN,NaN,NaN,NaN,NaN,NaN,NaN,NaN,NaN,46.729,0.024486,2733.8,0.0058767,0.77197,2.4803,0.71566,0.055772,15.959,96224,11.375,-1.539,0.15699,-7.8512,-8.7675,-1.1737,-11.16,NaN,NaN,NaN,NaN,NaN
402.01,-3.6658,-19.214,-143.07,-1.0254,0.2792,-6.3912,-8.5929,-1.5826,-11.148,0,0,0,NaN,NaN,NaN,NaN,NaN,NaN,NaN,NaN,NaN,46.729,0.024486,2733.8,0.0058767,NaN,NaN,NaN,NaN,NaN,-1,-1,-1.5392,0.15396,-7.887,-8.9102,-1.2196,-11.133,NaN,NaN,NaN,NaN,NaN
402.01,-3.6782,-19.223,-143.1,-1.4172,-0.42755,-8.7129,-9.049,-3.039,-11.28,0,0,0,NaN,NaN,NaN,NaN,NaN,NaN,NaN,NaN,NaN,46.729,0.024486,2733.8,0.0058767,NaN,NaN,NaN,NaN,15.88,96199,11.25,-1.5388,0.15128,-7.9283,-9.0223,-1.1913,-11.122,NaN,NaN,NaN,NaN,NaN
402.01,-3.6918,-19.222,-143.12,-1.9352,-0.22252,-8.075,-9.5495,0.82924,-11.04,0,0,0,NaN,NaN,NaN,NaN,NaN,NaN,NaN,NaN,NaN,46.729,0.024486,2733.8,0.0058767,NaN,NaN,NaN,NaN,NaN,-1,-1,-1.5402,0.15652,-7.9797,-9.1046,-1.0898,-11.101,NaN,NaN,NaN,NaN,NaN
402.02,-3.7201,-19.233,-143.18,-1.3335,0.67535,-8.6801,-10.012,-2.4327,-10.818,0,0,0,NaN,NaN,NaN,NaN,NaN,NaN,NaN,NaN,NaN,46.729,0.024486,2733.8,0.0058767,0.75883,NaN,0.63473,NaN,NaN,-1,-1,-1.5357,0.15211,-8.0195,-9.225,-1.0144,-11.077,NaN,NaN,NaN,NaN,NaN
402.02,-3.734,-19.233,-143.21,-1.9649,0.44041,-9.1071,-9.6405,0.43012,-10.948,0,0,0,NaN,NaN,NaN,NaN,NaN,NaN,NaN,NaN,NaN,46.729,0.024486,2733.8,0.0058767,NaN,2.6049,NaN,0.09323,15.595,96214,11.25,-1.537,0.1399,-8.0429,-9.3162,-1.1236,-11.029,NaN,NaN,NaN,NaN,NaN
402.02,-3.763,-19.243,-143.26,-1.4941,-0.005037,-7.327,-9.595,-2.8884,-10.851,0.085351,-0.28632,-1.1188,NaN,NaN,NaN,NaN,NaN,NaN,NaN,NaN,NaN,NaN,0,2772.4,0.0069644,NaN,NaN,NaN,NaN,15.779,96211,11.313,-1.539,0.1315,-8.0777,-9.4109,-0.96405,-10.988,NaN,NaN,NaN,NaN,NaN
402.02,-3.7767,-19.246,-143.29,-1.4898,0.23134,-9.0628,-9.4616,-0.71912,-10.88,0,0,0,NaN,NaN,NaN,NaN,NaN,NaN,NaN,NaN,NaN,NaN,0,2772.4,0.0069644,NaN,NaN,NaN,NaN,NaN,-1,-1,-1.536,0.12161,-8.116,-9.4792,-0.84909,-10.96,NaN,NaN,NaN,NaN,NaN
402.03,-3.7917,-19.246,-143.32,-2.0253,-0.66963,-8.4553,-10.138,0.72009,-11.073,0,0,0,NaN,NaN,NaN,NaN,NaN,NaN,NaN,NaN,NaN,NaN,0,2772.4,0.0069644,NaN,NaN,NaN,NaN,NaN,-1,-1,-1.5354,0.11188,-8.1415,-9.5505,-0.94239,-10.928,NaN,NaN,NaN,NaN,NaN
402.03,-3.8062,-19.253,-143.34,-1.461,0.40107,-7.2392,-9.6926,-2.3147,-10.66,0,0,0,NaN,NaN,NaN,NaN,NaN,NaN,NaN,NaN,NaN,NaN,0,2772.4,0.0069644,NaN,NaN,NaN,NaN,NaN,-1,-1,-1.5326,0.11327,-8.1743,-9.6259,-0.88081,-10.897,NaN,NaN,NaN,NaN,NaN
402.03,-3.8203,-19.256,-143.37,-1.4291,0.27339,-10.325,-9.6474,-0.63673,-10.908,0.087748,-0.29871,-1.1252,NaN,NaN,NaN,NaN,NaN,NaN,NaN,NaN,NaN,46.768,0,2772.4,0.0069644,0.82946,2.5059,0.70593,0.0091565,15.778,96200,11.25,-1.5252,0.10935,-8.2147,-9.692,-0.80545,-10.854,NaN,NaN,NaN,NaN,NaN
402.03,-3.8338,-19.257,-143.4,-1.3788,0.36578,-7.0061,-9.4666,0.52609,-11.012,0,0,0,NaN,NaN,NaN,NaN,NaN,NaN,NaN,NaN,NaN,46.768,0,2772.4,0.0069644,NaN,NaN,NaN,NaN,NaN,-1,-1,-1.5265,0.092441,-8.2496,-9.7687,-0.82228,-10.813,NaN,NaN,NaN,NaN,NaN
402.04,-3.8457,-19.262,-143.43,-1.3096,0.27065,-8.4445,-8.8289,-1.3666,-11.006,0,0,0,NaN,NaN,NaN,NaN,NaN,NaN,NaN,NaN,NaN,46.768,0,2772.4,0.0069644,NaN,NaN,NaN,NaN,NaN,-1,-1,-1.5237,0.081443,-8.2717,-9.8207,-0.69858,-10.761,NaN,NaN,NaN,NaN,NaN
402.04,-3.8596,-19.267,-143.45,-1.8526,-0.66208,-8.4366,-9.5581,-1.4081,-10.909,0,0,0,NaN,NaN,NaN,NaN,NaN,NaN,NaN,NaN,NaN,46.768,0,2772.4,0.0069644,NaN,NaN,NaN,NaN,16.08,96215,11.25,-1.5234,0.089688,-8.3171,-9.8344,-0.70113,-10.73,NaN,NaN,NaN,NaN,NaN
402.04,-3.8743,-19.268,-143.48,-1.8422,0.29429,-8.8896,-9.9036,-0.070703,-10.85,0.083196,-0.28401,-1.1212,NaN,NaN,NaN,NaN,NaN,NaN,NaN,NaN,NaN,46.768,0,2772.4,0.0069644,NaN,NaN,NaN,NaN,NaN,-1,-1,-1.5227,0.083519,-8.3693,-9.8542,-0.7525,-10.693,NaN,NaN,NaN,NaN,NaN
402.04,-3.8894,-19.27,-143.51,-1.0563,0.062645,-8.6343,-9.8051,-0.096715,-10.173,0,0,0,NaN,NaN,NaN,NaN,NaN,NaN,NaN,NaN,NaN,46.768,0,2772.4,0.0069644,0.82782,2.5214,0.70288,0.0016648,16.133,96238,11.375,-1.5154,0.079117,-8.3912,-9.8954,-0.52845,-10.649,NaN,NaN,NaN,NaN,NaN
402.05,-3.9043,-19.274,-143.53,-1.497,0.54831,-7.883,-9.8679,-1.2168,-10.564,0,0,0,NaN,NaN,NaN,NaN,NaN,NaN,NaN,NaN,NaN,46.768,0,2772.4,0.0069644,NaN,NaN,NaN,NaN,NaN,-1,-1,-1.5156,0.064953,-8.4149,-9.89,-0.68252,-10.608,NaN,NaN,NaN,NaN,NaN
402.05,-3.9191,-19.278,-143.56,-2.0376,0.42592,-9.3417,-9.8499,-0.71631,-10.646,0,0,0,NaN,NaN,NaN,NaN,NaN,NaN,NaN,NaN,NaN,46.768,0,2772.4,0.0069644,NaN,NaN,NaN,NaN,NaN,-1,-1,-1.513,0.056919,-8.4649,-9.8987,-0.73944,-10.554,NaN,NaN,NaN,NaN,NaN
402.05,-3.9352,-19.28,-143.59,-1.323,-0.8,-7.9312,-10.319,-0.36669,-10.553,0.090932,-0.27487,-1.1272,NaN,NaN,NaN,NaN,NaN,NaN,NaN,NaN,NaN,46.768,0,2772.4,0.0069644,NaN,NaN,NaN,NaN,15.855,96195,11.25,-1.5134,0.046786,-8.4946,-9.906,-0.518,-10.515,NaN,NaN,NaN,NaN,NaN
402.05,-3.9502,-19.285,-143.61,-1.1683,0.10259,-8.8075,-9.9007,-1.4677,-10.56,0,0,0,NaN,NaN,NaN,NaN,NaN,NaN,NaN,NaN,NaN,46.768,0,2772.4,0.0069644,NaN,NaN,NaN,NaN,NaN,-1,-1,-1.5092,0.043021,-8.5205,-9.9327,-0.50293,-10.478,NaN,NaN,NaN,NaN,NaN
402.06,-3.9666,-19.284,-143.64,-2.2188,0.13241,-8.5152,-10.398,0.87989,-10.302,0,0,0,NaN,NaN,NaN,NaN,NaN,NaN,NaN,NaN,NaN,46.768,0,2772.4,0.0069644,0.75172,2.5978,0.63351,0.099057,NaN,-1,-1,-1.5125,0.036886,-8.5765,-9.9411,-0.63455,-10.439,NaN,NaN,NaN,NaN,NaN
402.06,-3.9817,-19.29,-143.66,-1.5045,-0.083809,-8.4087,-9.8725,-1.4917,-10.397,0,0,0,NaN,NaN,NaN,NaN,NaN,NaN,NaN,NaN,NaN,46.768,0,2772.4,0.0069644,NaN,NaN,NaN,NaN,16.134,96232,11.375,-1.5045,0.033421,-8.5837,-9.9449,-0.47102,-10.392,NaN,NaN,NaN,NaN,NaN
402.06,-3.9962,-19.293,-143.69,-1.2924,0.47019,-9.7512,-9.6998,-0.91977,-10.492,0.083927,-0.27729,-1.13,NaN,NaN,NaN,NaN,NaN,NaN,NaN,NaN,NaN,46.768,0,2772.4,0.0069644,NaN,NaN,NaN,NaN,NaN,-1,-1,-1.5002,0.030695,-8.6314,-9.9646,-0.5071,-10.344,NaN,NaN,NaN,NaN,NaN
402.06,-4.0095,-19.293,-143.72,-1.3254,0.38423,-9.2256,-9.2018,0.69666,-10.473,0,0,0,NaN,NaN,NaN,NaN,NaN,NaN,NaN,NaN,NaN,46.768,0,2772.4,0.0069644,NaN,NaN,NaN,NaN,15.904,96226,11.313,-1.5003,0.015382,-8.6569,-10.02,-0.45863,-10.307,NaN,NaN,NaN,NaN,NaN
402.07,-4.0384,-19.3,-143.77,-1.85,-0.37495,-8.2112,-9.6651,-1.4934,-10.101,0,0,0,NaN,NaN,NaN,NaN,NaN,NaN,NaN,NaN,NaN,46.768,0,2772.4,0.0069644,NaN,NaN,NaN,NaN,NaN,-1,-1,-1.4939,0.015104,-8.6717,-10.065,-0.41427,-10.256,NaN,NaN,NaN,NaN,NaN
402.07,-4.0546,-19.301,-143.79,-1.4058,0.31965,-9.7269,-10.208,0.10571,-10.026,0.076442,-0.29159,-1.1307,NaN,NaN,NaN,NaN,NaN,NaN,NaN,NaN,NaN,46.768,0,2772.4,0.0069644,0.7758,2.4797,0.7114,0.049945,NaN,-1,-1,-1.4927,0.015836,-8.7246,-10.075,-0.43344,-10.218,NaN,NaN,NaN,NaN,NaN
402.07,-4.0701,-19.304,-143.82,-1.4707,-0.19243,-8.7824,-9.8964,-0.78787,-9.9888,0,0,0,NaN,NaN,NaN,NaN,NaN,NaN,NaN,NaN,NaN,46.768,0,2772.4,0.0069644,NaN,NaN,NaN,NaN,15.879,96206,11.25,-1.4979,0.0095454,-8.7534,-10.082,-0.38936,-10.184,NaN,NaN,NaN,NaN,NaN
402.07,-4.1017,-19.306,-143.87,-1.9951,0.47383,-7.4076,-10.149,0.64956,-10.208,0,0,0,NaN,NaN,NaN,NaN,NaN,NaN,NaN,NaN,NaN,46.768,0,2772.4,0.0069644,NaN,NaN,NaN,NaN,NaN,-1,-1,-1.4975,-0.0084925,-8.7574,-10.122,-0.3838,-10.133,NaN,NaN,NaN,NaN,NaN
402.08,-4.1177,-19.312,-143.89,-1.3402,-0.69137,-9.6467,-10.123,-1.7411,-10.111,0.083736,-0.27465,-1.1256,NaN,NaN,NaN,NaN,NaN,NaN,NaN,NaN,NaN,46.768,0,2772.4,0.0069644,NaN,NaN,NaN,NaN,NaN,-1,-1,-1.4966,-0.013442,-8.8032,-10.141,-0.32899,-10.077,NaN,NaN,NaN,NaN,NaN
402.08,-4.1349,-19.313,-143.92,-1.4979,0.040134,-9.2241,-10.612,-0.0048701,-10.046,0,0,0,NaN,NaN,NaN,NaN,NaN,NaN,NaN,NaN,NaN,46.768,0,2772.4,0.0069644,NaN,NaN,NaN,NaN,15.78,96268,11.5,-1.4934,-0.014538,-8.8302,-10.146,-0.40538,-10.021,NaN,NaN,NaN,NaN,NaN
402.08,-4.1515,-19.313,-143.94,-1.7637,-0.32042,-8.4227,-10.357,0.39259,-9.886,0,0,0,NaN,NaN,NaN,NaN,NaN,NaN,NaN,NaN,NaN,46.768,0,2772.4,0.0069644,0.76212,NaN,0.7114,NaN,NaN,-1,-1,-1.4939,-0.021251,-8.8459,-10.141,-0.37147,-9.968,NaN,NaN,NaN,NaN,NaN
402.08,-4.1691,-19.317,-143.97,-1.2373,-0.21258,-9.7138,-10.687,-0.71305,-9.8396,0,0,0,NaN,NaN,NaN,NaN,NaN,NaN,NaN,NaN,NaN,46.768,0,2772.4,0.0069644,NaN,2.4719,NaN,0.047447,16.007,96219,11.313,-1.4894,-0.028428,-8.8815,-10.166,-0.24445,-9.9262,NaN,NaN,NaN,NaN,NaN
402.09,-4.1854,-19.318,-143.99,-1.8543,-0.010204,-8.4655,-10.205,0.16461,-9.9001,0.07176,-0.27677,-1.1244,NaN,NaN,NaN,NaN,NaN,NaN,NaN,NaN,NaN,46.768,0,2772.4,0.0069644,NaN,NaN,NaN,NaN,NaN,-1,-1,-1.4885,-0.028335,-8.92,-10.176,-0.26651,-9.8859,NaN,NaN,NaN,NaN,NaN
402.09,-4.2012,-19.319,-144.02,-1.033,1.071,-9.6999,-10.012,0.081475,-9.8494,0,0,0,NaN,NaN,NaN,NaN,NaN,NaN,NaN,NaN,NaN,46.768,0,2772.4,0.0069644,NaN,NaN,NaN,NaN,NaN,-1,-1,-1.4851,-0.027922,-8.9447,-10.193,-0.23131,-9.8349,NaN,NaN,NaN,NaN,NaN
402.09,-4.2161,-19.326,-144.04,-1.5479,-0.71325,-9.3765,-9.7087,-2.0178,-10.186,0,0,0,NaN,NaN,NaN,NaN,NaN,NaN,NaN,NaN,NaN,46.768,0,2772.4,0.0069644,NaN,NaN,NaN,NaN,16.256,96228,11.313,-1.4815,-0.046599,-8.9684,-10.228,-0.14103,-9.7955,NaN,NaN,NaN,NaN,NaN
402.09,-4.2324,-19.323,-144.07,-1.8028,-0.59314,-9.5766,-10.175,1.4979,-9.684,0,0,0,NaN,NaN,NaN,NaN,NaN,NaN,NaN,NaN,NaN,46.768,0,2772.4,0.0069644,NaN,NaN,NaN,NaN,NaN,-1,-1,-1.4833,-0.059557,-8.9829,-10.218,-0.15181,-9.7659,NaN,NaN,NaN,NaN,NaN
402.1,-4.2486,-19.324,-144.09,-1.502,-0.034728,-7.6544,-10.172,0.18879,-9.8583,0.074446,-0.27464,-1.1286,NaN,NaN,NaN,NaN,NaN,NaN,NaN,NaN,NaN,46.768,0,2772.4,0.0069644,NaN,NaN,NaN,NaN,NaN,-1,-1,-1.4777,-0.042194,-9.0152,-10.204,-0.14858,-9.7356,NaN,NaN,NaN,NaN,NaN
402.1,-4.265,-19.333,-144.12,-1.4157,0.12852,-9.721,-10.089,-2.9732,-9.6288,0,0,0,NaN,NaN,NaN,NaN,NaN,NaN,NaN,NaN,NaN,46.768,0,2772.4,0.0069644,NaN,NaN,NaN,NaN,16.158,96237,11.375,-1.482,-0.057444,-9.0556,-10.194,-0.12958,-9.7105,NaN,NaN,NaN,NaN,NaN
402.1,-4.2826,-19.33,-144.14,-1.4557,0.49021,-11.94,-10.607,1.9518,-9.3837,0,0,0,NaN,NaN,NaN,NaN,NaN,NaN,NaN,NaN,NaN,46.768,0,2772.4,0.0069644,NaN,NaN,NaN,NaN,NaN,-1,-1,-1.4807,-0.067222,-9.0756,-10.178,-0.14702,-9.6374,NaN,NaN,NaN,NaN,NaN
402.1,-4.2995,-19.327,-144.16,-1.602,-0.018016,-6.7192,-10.405,1.5225,-9.577,0,0,0,NaN,NaN,NaN,NaN,NaN,NaN,NaN,NaN,NaN,46.768,0,2772.4,0.0069644,NaN,NaN,NaN,NaN,16.183,96219,11.313,-1.4716,-0.067377,-9.0888,-10.429,-0.1474,-9.8327,NaN,NaN,NaN,NaN,NaN
402.11,-4.3165,-19.336,-144.19,-1.2206,-0.32942,-9.1666,-10.267,-2.81,-9.468,0.084016,-0.26505,-1.1255,NaN,NaN,NaN,NaN,NaN,NaN,NaN,NaN,NaN,46.768,0,2772.4,0.0069644,NaN,NaN,NaN,NaN,NaN,-1,-1,-1.4835,-0.080432,-9.134,-10.324,-0.12921,-9.7232,NaN,NaN,NaN,NaN,NaN
402.11,-4.3332,-19.338,-144.21,-1.8699,-0.15544,-10.267,-10.217,-0.32349,-9.4964,0,0,0,NaN,NaN,NaN,NaN,NaN,NaN,NaN,NaN,NaN,46.768,0,2772.4,0.0069644,0.78128,2.6085,0.66028,0.074917,NaN,-1,-1,-1.4735,-0.089635,-9.154,-10.251,-0.07655,-9.6162,NaN,NaN,NaN,NaN,NaN
402.11,-4.3502,-19.335,-144.23,-1.4834,0.090576,-9.6369,-10.345,1.782,-9.3597,0,0,0,NaN,NaN,NaN,NaN,NaN,NaN,NaN,NaN,NaN,46.768,0,2772.4,0.0069644,NaN,NaN,NaN,NaN,16.355,96211,11.25,-1.4742,-0.087524,-9.1809,-10.435,-0.10356,-9.7563,NaN,NaN,NaN,NaN,NaN
402.11,-4.3674,-19.34,-144.26,-1.478,-0.98804,-9.0266,-10.35,-1.488,-9.3522,0,0,0,NaN,NaN,NaN,NaN,NaN,NaN,NaN,NaN,NaN,46.768,0,2772.4,0.0069644,NaN,NaN,NaN,NaN,NaN,-1,-1,-1.4729,-0.083986,-9.2095,-10.304,-0.051187,-9.6017,NaN,NaN,NaN,NaN,NaN
402.12,-4.3843,-19.343,-144.28,-1.2593,-0.32057,-9.7598,-10.293,-0.55119,-9.4198,0.081181,-0.2769,-1.1236,NaN,NaN,NaN,NaN,NaN,NaN,NaN,NaN,NaN,46.768,0,2772.4,0.0069644,NaN,NaN,NaN,NaN,NaN,-1,-1,-1.4693,-0.09592,-9.2198,-10.17,-0.1259,-9.4505,NaN,NaN,NaN,NaN,NaN
402.12,-4.3997,-19.34,-144.3,-1.6788,1.2871,-10.49,-9.6811,1.8195,-9.2589,0,0,0,NaN,NaN,NaN,NaN,NaN,NaN,NaN,NaN,NaN,46.768,0,2772.4,0.0069644,0.76157,2.6097,0.63412,0.094895,16.305,96231,11.313,-1.4654,-0.10424,-9.2458,-10.053,-0.097487,-9.2921,NaN,NaN,NaN,NaN,NaN
402.12,-4.4124,-19.343,-144.33,-1.305,-0.44132,-8.7268,-8.6215,-0.72559,-9.4527,0,0,0,NaN,NaN,NaN,NaN,NaN,NaN,NaN,NaN,NaN,46.768,0,2772.4,0.0069644,NaN,NaN,NaN,NaN,NaN,-1,-1,-1.472,-0.10855,-9.2728,-9.8606,-0.11243,-9.1664,NaN,NaN,NaN,NaN,NaN
402.12,-4.428,-19.347,-144.35,-1.5539,-1.7533,-9.8625,-9.695,-0.73774,-9.2322,0,0,0,NaN,NaN,NaN,NaN,NaN,NaN,NaN,NaN,NaN,46.768,0,2772.4,0.0069644,NaN,NaN,NaN,NaN,16.357,96241,11.375,-1.4682,-0.11233,-9.2891,-9.7121,-0.097655,-9.027,NaN,NaN,NaN,NaN,NaN
402.13,-4.4451,-19.345,-144.37,-1.6477,0.84758,-8.2239,-10.158,1.2545,-8.8325,0.07209,-0.27461,-1.1288,NaN,NaN,NaN,NaN,NaN,NaN,NaN,NaN,NaN,46.768,0,2772.4,0.0069644,NaN,NaN,NaN,NaN,NaN,-1,-1,-1.4653,-0.10348,-9.321,-9.5651,-0.085781,-8.8789,NaN,NaN,NaN,NaN,NaN
402.13,-4.4606,-19.348,-144.39,-1.2814,0.15633,-11.107,-9.5922,-0.78873,-9.0135,0,0,0,NaN,NaN,NaN,NaN,NaN,NaN,NaN,NaN,NaN,46.768,0,2772.4,0.0069644,NaN,NaN,NaN,NaN,NaN,-1,-1,-1.4695,-0.10658,-9.3347,-9.4082,-0.13992,-8.7366,NaN,NaN,NaN,NaN,NaN
402.13,-4.4763,-19.348,-144.42,-1.7407,-0.31028,-10.015,-9.7511,0.53268,-9.2447,0,0,0,NaN,NaN,NaN,NaN,NaN,NaN,NaN,NaN,NaN,46.768,0,2819.5,0.0069644,0.76704,2.5972,0.63107,0.10239,16.427,96222,11.25,-1.4644,-0.12133,-9.3419,-9.2693,-0.035022,-8.605,NaN,NaN,NaN,NaN,NaN
402.13,-4.4927,-19.347,-144.44,-1.3709,0.33495,-8.7137,-10.04,1.2318,-9.139,0,0,0,NaN,NaN,NaN,NaN,NaN,NaN,NaN,NaN,NaN,46.768,0,2819.5,0.0069644,0.76704,2.5972,0.63107,0.10239,NaN,-1,-1,-1.4652,-0.13153,-9.3541,-9.1176,-0.088446,-8.4791,NaN,NaN,NaN,NaN,NaN
402.14,-4.5096,-19.348,-144.46,-1.4675,-0.30197,-9.031,-10.15,-0.019481,-9.0836,0.083806,-0.27225,-1.1256,-7.509,-15.123,-5.2552,17.684,40.059,-88.548,3.6794e+05,4.4355e+06,387.72,46.768,0,2819.5,0.0069644,NaN,NaN,NaN,NaN,NaN,-1,-1,-1.46,-0.13672,-9.3949,-8.9884,-0.098092,-8.3631,17.47,-2.6268,-0.77372,-2.5358,-8.5426
402.14,-4.526,-19.353,-144.49,-1.6304,-0.86479,-9.6581,-9.8941,-1.3848,-8.9392,0,0,0,NaN,NaN,NaN,NaN,NaN,NaN,NaN,NaN,NaN,46.768,0,2819.5,0.0069644,NaN,NaN,NaN,NaN,16.157,96204,11.25,-1.4568,-0.13842,-9.4061,-8.8719,-0.013887,-8.2319,NaN,NaN,NaN,NaN,NaN
402.14,-4.5596,-19.352,-144.53,-1.2821,-0.26323,-7.7508,-9.8948,-0.16673,-8.4044,0,0,0,NaN,NaN,NaN,NaN,NaN,NaN,NaN,NaN,NaN,46.768,0,2819.5,0.0069644,NaN,NaN,NaN,NaN,NaN,-1,-1,-1.4422,-0.14164,-9.334,-8.7815,-0.014508,-8.0994,NaN,NaN,NaN,NaN,NaN
402.14,-4.575,-19.354,-144.55,-1.5948,-0.31125,-11.581,-9.4964,-0.46461,-8.9021,0.079505,-0.26271,-1.1282,NaN,NaN,NaN,NaN,NaN,NaN,NaN,NaN,NaN,46.768,0,2819.5,0.0069644,NaN,NaN,NaN,NaN,16.153,96205,11.188,-1.4462,-0.14045,-9.3509,-8.6807,-0.063304,-7.9771,NaN,NaN,NaN,NaN,NaN
402.15,-4.6035,-19.355,-144.59,-1.0225,0.70621,-9.0262,-8.5096,-0.99168,-8.6719,0,0,0,NaN,NaN,NaN,NaN,NaN,NaN,NaN,NaN,NaN,46.768,0,2819.5,0.0069644,NaN,2.5966,NaN,0.099057,NaN,-1,-1,-1.4426,-0.14559,-9.364,-8.5849,0.015827,-7.8665,NaN,NaN,NaN,NaN,NaN
402.15,-4.6173,-19.356,-144.61,-1.776,-1.3067,-10.551,-8.7007,0.082219,-8.3642,0,0,0,NaN,NaN,NaN,NaN,NaN,NaN,NaN,NaN,NaN,46.768,0,2819.5,0.0069644,NaN,NaN,NaN,NaN,NaN,-1,-1,-1.4415,-0.15553,-9.3902,-8.4633,-0.036606,-7.7775,NaN,NaN,NaN,NaN,NaN
402.15,-4.6489,-19.357,-144.66,-1.2705,0.66704,-9.931,-9.1839,-0.61507,-8.2421,0,0,0,NaN,NaN,NaN,NaN,NaN,NaN,NaN,NaN,NaN,46.768,0,2819.5,0.0069644,NaN,NaN,NaN,NaN,15.977,96204,11.188,-1.4458,-0.16141,-9.3889,-8.3577,0.0016481,-7.6837,NaN,NaN,NaN,NaN,NaN
402.15,-4.6643,-19.358,-144.68,-1.2474,0.36314,-10.674,-9.2102,0.15831,-7.948,0,0,0,NaN,NaN,NaN,NaN,NaN,NaN,NaN,NaN,NaN,46.768,0,2819.5,0.0069644,NaN,NaN,NaN,NaN,NaN,-1,-1,-1.4319,-0.167,-9.3191,-8.276,0.071932,-7.6029,NaN,NaN,NaN,NaN,NaN
402.16,-4.6789,-19.355,-144.7,-2.1603,-0.35451,-9.1841,-9.1272,1.5049,-8.6113,0,0,0,NaN,NaN,NaN,NaN,NaN,NaN,NaN,NaN,NaN,46.768,0,2819.5,0.0069644,NaN,NaN,NaN,NaN,NaN,-1,-1,-1.4407,-0.15269,-9.3573,-8.1866,-0.040643,-7.521,NaN,NaN,NaN,NaN,NaN
402.16,0,0,0,0,0,0,0,0,0,0,0,0,NaN,NaN,NaN,NaN,NaN,NaN,NaN,NaN,NaN,46.768,0,2819.5,0.0069644,NaN,NaN,NaN,NaN,16.278,96207,11.188,-1.4431,-0.16356,-9.3592,-8.1285,0.018877,-7.4225,NaN,NaN,NaN,NaN,NaN
402.16,-4.695,-19.357,-144.72,-0.75087,-1.1784,-9.299,-9.5734,-0.19876,-8.3143,0.081991,-0.26286,-1.1302,NaN,NaN,NaN,NaN,NaN,NaN,NaN,NaN,NaN,46.768,0,2819.5,0.0069644,NaN,NaN,NaN,NaN,NaN,-1,-1,-1.4448,-0.16229,-9.3662,-8.0692,0.13899,-7.3492,NaN,NaN,NaN,NaN,NaN
402.16,-4.7101,-19.361,-144.74,-1.813,0.48602,-9.6674,-9.1008,-1.0506,-8.2112,0,0,0,NaN,NaN,NaN,NaN,NaN,NaN,NaN,NaN,NaN,46.768,0,2819.5,0.0069644,NaN,NaN,NaN,NaN,16.577,96225,11.313,-1.4453,-0.16883,-9.3853,-8.0297,0.050949,-7.2791,NaN,NaN,NaN,NaN,NaN
402.17,0,0,0,0,0,0,0,0,0,0,0,0,NaN,NaN,NaN,NaN,NaN,NaN,NaN,NaN,NaN,46.768,0,2819.5,0.0069644,NaN,NaN,NaN,NaN,NaN,-1,-1,-1.4483,-0.16894,-9.3807,-7.9796,0.0034502,-7.2135,NaN,NaN,NaN,NaN,NaN
402.17,-4.7553,-19.363,-144.8,-1.6305,-0.24386,-10.026,-8.9356,-0.0099695,-7.7168,0.07683,-0.25991,-1.1217,NaN,NaN,NaN,NaN,NaN,NaN,NaN,NaN,NaN,46.768,0,2819.5,0.0069644,NaN,NaN,NaN,NaN,NaN,-1,-1,-1.452,-0.16788,-9.3998,-7.9683,0.17891,-7.1592,NaN,NaN,NaN,NaN,NaN
402.17,-4.7691,-19.36,-144.82,-1.186,0.83506,-10.628,-8.5438,1.6087,-7.7569,0,0,0,NaN,NaN,NaN,NaN,NaN,NaN,NaN,NaN,NaN,46.768,0,2819.5,0.0069644,NaN,NaN,NaN,NaN,16.377,96224,11.25,-1.4523,-0.17706,-9.3963,-7.9911,0.13183,-7.1159,NaN,NaN,NaN,NaN,NaN
402.17,-4.7806,-19.364,-144.84,-1.7217,-0.3895,-8.1254,-7.6593,-1.0459,-8.2117,0,0,0,NaN,NaN,NaN,NaN,NaN,NaN,NaN,NaN,NaN,46.768,0,2819.5,0.0069644,0.77635,2.6121,0.64629,0.06576,NaN,-1,-1,-1.4504,-0.18182,-9.3771,-8.0237,0.066687,-7.0731,NaN,NaN,NaN,NaN,NaN
402.18,-4.8101,-19.361,-144.87,-1.4354,-0.06252,-8.0333,-9.2715,2.0039,-7.3535,0.086311,-0.26256,-1.1231,NaN,NaN,NaN,NaN,NaN,NaN,NaN,NaN,NaN,46.768,0,2819.5,0.0069644,NaN,2.6121,NaN,NaN,NaN,-1,-1,-1.4541,-0.18113,-9.3968,-8.0639,0.20273,-7.0245,NaN,NaN,NaN,NaN,NaN
402.18,-4.8239,-19.365,-144.89,-1.7208,0.18655,-11.093,-8.3263,-1.0058,-7.4243,0,0,0,NaN,NaN,NaN,NaN,NaN,NaN,NaN,NaN,NaN,46.768,0,2819.5,0.0069644,NaN,NaN,NaN,NaN,16.258,96259,11.438,-1.4559,-0.18347,-9.3842,-8.0817,0.20378,-7.0001,NaN,NaN,NaN,NaN,NaN
402.18,-4.8386,-19.365,-144.91,-1.4604,-0.46375,-10.587,-8.81,0.51148,-7.6496,0,0,0,NaN,NaN,NaN,NaN,NaN,NaN,NaN,NaN,NaN,46.768,0,2819.5,0.0069644,NaN,NaN,NaN,NaN,NaN,-1,-1,-1.4567,-0.18649,-9.3746,-8.1244,0.2374,-6.9712,NaN,NaN,NaN,NaN,NaN
402.18,-4.8535,-19.361,-144.93,-1.2857,0.30939,-8.239,-8.8775,1.8058,-7.5064,0,0,0,NaN,NaN,NaN,NaN,NaN,NaN,NaN,NaN,NaN,46.768,0,2819.5,0.0069644,0.75172,2.6014,0.63351,0.099889,16.528,96209,11.25,-1.4572,-0.18031,-9.3543,-8.1851,0.28361,-6.9374,NaN,NaN,NaN,NaN,NaN
402.19,-4.8725,-19.358,-144.95,-1.7189,-0.7544,-10.686,-8.6646,-1.4718,-7.4946,0.083876,-0.26985,-1.1256,NaN,NaN,NaN,NaN,NaN,NaN,NaN,NaN,NaN,46.768,0,2819.5,0.0069644,NaN,NaN,NaN,NaN,NaN,-1,-1,-1.4769,-0.1777,-9.4257,-8.2394,0.22544,-6.9184,NaN,NaN,NaN,NaN,NaN
402.19,-4.8884,-19.357,-144.97,-1.6379,-0.68412,-9.62,-9.1627,0.68738,-7.343,0,0,0,NaN,NaN,NaN,NaN,NaN,NaN,NaN,NaN,NaN,46.768,0,2819.5,0.0069644,NaN,NaN,NaN,NaN,NaN,-1,-1,-1.4754,-0.19196,-9.4176,-8.3162,0.32241,-6.9214,NaN,NaN,NaN,NaN,NaN
402.19,-4.9046,-19.356,-144.99,-1.2506,-0.25031,-9.5314,-9.2494,1.1326,-7.054,0,0,0,NaN,NaN,NaN,NaN,NaN,NaN,NaN,NaN,NaN,46.768,0,2819.5,0.0069644,NaN,NaN,NaN,NaN,16.303,96228,11.25,-1.4768,-0.20293,-9.394,-8.4155,0.38904,-6.9323,NaN,NaN,NaN,NaN,NaN
402.19,-4.9199,-19.36,-145,-1.8125,-0.39718,-9.4889,-8.8944,-1.2446,-7.4353,0,0,0,NaN,NaN,NaN,NaN,NaN,NaN,NaN,NaN,NaN,46.768,0,2819.5,0.0069644,NaN,NaN,NaN,NaN,NaN,-1,-1,-1.4799,-0.20779,-9.3976,-8.5277,0.38301,-6.95,NaN,NaN,NaN,NaN,NaN
402.2,-4.9344,-19.361,-145.02,-1.5722,-0.25217,-11.112,-8.6827,0.023835,-7.5767,0.070355,-0.2579,-1.1312,NaN,NaN,NaN,NaN,NaN,NaN,NaN,NaN,NaN,46.768,0,2819.5,0.0069644,0.76485,2.5972,0.63107,0.10239,NaN,-1,-1,-1.4935,-0.2007,-9.4655,-8.6486,0.41373,-6.9751,NaN,NaN,NaN,NaN,NaN
402.2,-4.9489,-19.356,-145.04,-1.2829,0.27585,-10.156,-8.7345,2.5717,-7.5135,0,0,0,NaN,NaN,NaN,NaN,NaN,NaN,NaN,NaN,NaN,46.768,0,2819.5,0.0069644,NaN,NaN,NaN,NaN,16.453,96214,11.25,-1.5004,-0.2016,-9.4661,-8.8263,0.34473,-6.9821,NaN,NaN,NaN,NaN,NaN
402.2,-4.9633,-19.36,-145.06,-1.3286,-0.37047,-8.3936,-8.5374,-1.1657,-7.2843,0,0,0,NaN,NaN,NaN,NaN,NaN,NaN,NaN,NaN,NaN,46.768,0,2819.5,0.0069644,NaN,NaN,NaN,NaN,NaN,-1,-1,-1.5029,-0.20789,-9.4425,-8.9921,0.43345,-7.0213,NaN,NaN,NaN,NaN,NaN
402.2,-4.9793,-19.361,-145.08,-1.8314,-1.0371,-10.492,-9.158,0.35168,-7.1672,0,0,0,NaN,NaN,NaN,NaN,NaN,NaN,NaN,NaN,NaN,46.768,0,2819.5,0.0069644,NaN,NaN,NaN,NaN,16.309,96231,11.375,-1.5157,-0.20987,-9.4552,-9.1164,0.41203,-7.0689,NaN,NaN,NaN,NaN,NaN
402.21,-4.9961,-19.359,-145.09,-1.3176,0.094376,-9.074,-9.4241,1.2506,-6.9761,0.079445,-0.26019,-1.126,NaN,NaN,NaN,NaN,NaN,NaN,NaN,NaN,NaN,46.768,0,2819.5,0.0069644,NaN,NaN,NaN,NaN,NaN,-1,-1,-1.5137,-0.20739,-9.4369,-9.2469,0.33279,-7.107,NaN,NaN,NaN,NaN,NaN
402.21,-5.0121,-19.362,-145.11,-1.4607,-0.073494,-10.801,-9.0244,-0.80552,-6.893,0,0,0,NaN,NaN,NaN,NaN,NaN,NaN,NaN,NaN,NaN,46.768,0,2819.5,0.0069644,0.75938,2.5972,0.63107,NaN,NaN,-1,-1,-1.517,-0.20557,-9.4271,-9.3937,0.33153,-7.1363,NaN,NaN,NaN,NaN,NaN
402.21,-5.0292,-19.36,-145.13,-1.7126,-0.22935,-10.187,-9.4991,1.2104,-6.8302,0,0,0,NaN,NaN,NaN,NaN,NaN,NaN,NaN,NaN,NaN,46.768,0,2819.5,0.0069644,NaN,NaN,NaN,0.095727,16.5,96226,11.25,-1.5215,-0.20414,-9.4327,-9.5507,0.34814,-7.1592,NaN,NaN,NaN,NaN,NaN
402.21,-5.046,-19.358,-145.15,-1.3701,0.28215,-8.5117,-9.5245,1.0802,-7.2265,0,0,0,NaN,NaN,NaN,NaN,NaN,NaN,NaN,NaN,NaN,46.768,0,2819.5,0.0069644,NaN,NaN,NaN,NaN,NaN,-1,-1,-1.5265,-0.2065,-9.4366,-9.73,0.36363,-7.2064,NaN,NaN,NaN,NaN,NaN
402.22,-5.0642,-19.361,-145.16,-1.6128,-0.65533,-10.221,-9.8819,-0.79091,-6.8293,0.0773,-0.25295,-1.1261,NaN,NaN,NaN,NaN,NaN,NaN,NaN,NaN,NaN,46.768,0,2819.5,0.0069644,NaN,NaN,NaN,NaN,NaN,-1,-1,-1.5321,-0.21874,-9.393,-9.5569,0.37322,-6.9462,NaN,NaN,NaN,NaN,NaN
402.22,-5.0818,-19.36,-145.18,-1.7448,-0.40049,-9.764,-9.667,0.93696,-6.7754,0,0,0,NaN,NaN,NaN,NaN,NaN,NaN,NaN,NaN,NaN,46.768,0,2819.5,0.0069644,NaN,NaN,NaN,NaN,16.306,96229,11.313,-1.5312,-0.21708,-9.4042,-9.6823,0.3442,-6.9458,NaN,NaN,NaN,NaN,NaN
402.22,-5.1013,-19.356,-145.2,-1.3817,-0.50986,-8.7862,-10.492,2.1434,-6.8336,0,0,0,NaN,NaN,NaN,NaN,NaN,NaN,NaN,NaN,NaN,46.768,0,2819.5,0.0069644,0.77252,2.4803,0.71566,0.04828,NaN,-1,-1,-1.542,-0.21516,-9.4074,-9.8184,0.30065,-6.9489,NaN,NaN,NaN,NaN,NaN
402.22,-5.1203,-19.363,-145.21,-1.6844,-0.46443,-9.7253,-10.076,-2.3572,-6.5143,0,0,0,NaN,NaN,NaN,NaN,NaN,NaN,NaN,NaN,NaN,46.768,0,2819.5,0.0069644,NaN,NaN,NaN,NaN,16.329,96257,11.375,-1.5414,-0.22282,-9.3984,-9.6184,0.34845,-6.6596,NaN,NaN,NaN,NaN,NaN
402.23,-5.1382,-19.362,-145.23,-1.6606,-0.27666,-11.24,-9.5945,0.83199,-6.2805,0.08187,-0.25782,-1.1257,NaN,NaN,NaN,NaN,NaN,NaN,NaN,NaN,NaN,46.768,0,2819.5,0.0069644,NaN,NaN,NaN,NaN,NaN,-1,-1,-1.5477,-0.21689,-9.3898,-9.678,0.33245,-6.598,NaN,NaN,NaN,NaN,NaN
402.23,-5.1561,-19.357,-145.24,-1.0451,0.46877,-9.4768,-9.7455,2.3663,-6.4665,0,0,0,NaN,NaN,NaN,NaN,NaN,NaN,NaN,NaN,NaN,46.768,0,2819.5,0.0069644,NaN,NaN,NaN,NaN,NaN,-1,-1,-1.5509,-0.21659,-9.3776,-9.7238,0.32158,-6.5279,NaN,NaN,NaN,NaN,NaN
402.23,-5.173,-19.361,-145.26,-1.5204,-0.4005,-8.4062,-9.2964,-1.0855,-6.6759,0,0,0,NaN,NaN,NaN,NaN,NaN,NaN,NaN,NaN,NaN,46.768,0,2819.5,0.0069644,NaN,NaN,NaN,NaN,16.33,96230,11.313,-1.5503,-0.21341,-9.3836,-9.7095,0.28569,-6.4787,NaN,NaN,NaN,NaN,NaN
402.23,-5.1894,-19.361,-145.27,-1.7428,-0.63787,-9.9609,-9.0452,0.37053,-6.3626,0,0,0,NaN,NaN,NaN,NaN,NaN,NaN,NaN,NaN,NaN,46.768,0,2819.5,0.0069644,NaN,NaN,NaN,NaN,NaN,-1,-1,-1.5566,-0.21331,-9.3652,-9.7412,0.41945,-6.4005,NaN,NaN,NaN,NaN,NaN
402.24,-5.2251,-19.362,-145.31,-1.3665,-0.038194,-9.8046,-9.5319,-0.91771,-6.4995,0,0,0,NaN,NaN,NaN,NaN,NaN,NaN,NaN,NaN,NaN,46.768,0,2819.5,0.0069644,0.77361,2.6157,0.64751,0.081576,NaN,-1,-1,-1.5616,-0.21383,-9.3565,-9.7332,0.32469,-6.3227,NaN,NaN,NaN,NaN,NaN
402.24,-5.2436,-19.362,-145.32,-1.6789,0.017173,-10.546,-9.8867,0.64664,-6.4337,0,0,0,NaN,NaN,NaN,NaN,NaN,NaN,NaN,NaN,NaN,46.768,0,2819.5,0.0069644,NaN,NaN,NaN,NaN,16.6,96235,11.313,-1.5666,-0.21121,-9.3809,-9.7238,0.30046,-6.255,NaN,NaN,NaN,NaN,NaN
402.24,-5.2622,-19.358,-145.34,-1.6478,0.059911,-8.1898,-9.9726,1.989,-6.345,0,0,0,NaN,NaN,NaN,NaN,NaN,NaN,NaN,NaN,NaN,46.768,0,2865.2,0.0069644,NaN,NaN,NaN,NaN,16.302,96207,11.188,-1.575,-0.21048,-9.3752,-9.7118,0.40119,-6.1864,NaN,NaN,NaN,NaN,NaN
402.24,-5.2811,-19.362,-145.35,-1.556,-0.65986,-9.4402,-9.8748,-1.3824,-6.129,0.079575,-0.26031,-1.1282,NaN,NaN,NaN,NaN,NaN,NaN,NaN,NaN,NaN,46.768,0,2865.2,0.0069644,NaN,NaN,NaN,NaN,NaN,-1,-1,-1.5711,-0.21428,-9.3375,-9.6858,0.33026,-6.1118,NaN,NaN,NaN,NaN,NaN
402.25,-5.3001,-19.363,-145.37,-1.6873,-0.16267,-9.6662,-9.9552,0.20518,-6.001,0,0,0,NaN,NaN,NaN,NaN,NaN,NaN,NaN,NaN,NaN,46.768,0,2865.2,0.0069644,0.76102,2.4844,0.71627,0.051609,NaN,-1,-1,-1.5761,-0.21598,-9.3513,-9.6808,0.31736,-6.0279,NaN,NaN,NaN,NaN,NaN
402.25,-5.3197,-19.361,-145.38,-1.7232,-0.46712,-8.82,-10.223,1.3589,-5.9527,0,0,0,NaN,NaN,NaN,NaN,NaN,NaN,NaN,NaN,NaN,46.768,0,2865.2,0.0069644,NaN,NaN,NaN,NaN,NaN,-1,-1,-1.5812,-0.19578,-9.3616,-9.6642,0.36167,-5.9402,NaN,NaN,NaN,NaN,NaN
402.25,-5.3399,-19.365,-145.39,-1.3676,-0.43684,-9.6246,-10.27,-1.3429,-5.7819,0,0,0,NaN,NaN,NaN,NaN,NaN,NaN,NaN,NaN,NaN,46.768,0,2865.2,0.0069644,NaN,NaN,NaN,NaN,16.526,96220,11.25,-1.5807,-0.20257,-9.335,-9.6768,0.32707,-5.8657,NaN,NaN,NaN,NaN,NaN
402.25,-5.3751,-19.358,-145.42,-1.3585,0.024077,-8.599,-8.9679,2.7502,-5.9335,0,0,0,NaN,NaN,NaN,NaN,NaN,NaN,NaN,NaN,NaN,46.768,0,2865.2,0.0069644,NaN,NaN,NaN,NaN,NaN,-1,-1,-1.5844,-0.20377,-9.3224,-9.6658,0.23109,-5.7983,NaN,NaN,NaN,NaN,NaN
402.26,-5.3927,-19.365,-145.44,-1.5341,-0.88109,-8.1159,-9.1572,-2.4017,-5.6186,0,0,0,NaN,NaN,NaN,NaN,NaN,NaN,NaN,NaN,NaN,46.768,0,2865.2,0.0069644,NaN,NaN,NaN,NaN,NaN,-1,-1,-1.587,-0.20183,-9.3138,-9.6811,0.36712,-5.7347,NaN,NaN,NaN,NaN,NaN
402.26,-5.4114,-19.367,-145.45,-2.1569,-0.00709,-10.546,-9.5569,-0.18432,-5.2775,0,0,0,NaN,NaN,NaN,NaN,NaN,NaN,NaN,NaN,NaN,46.768,0,2865.2,0.0069644,NaN,NaN,NaN,NaN,16.429,96250,11.375,-1.5812,-0.19781,-9.2926,-9.6682,0.30723,-5.6742,NaN,NaN,NaN,NaN,NaN
402.26,-5.4301,-19.361,-145.46,-1.2834,-0.037341,-9.3715,-9.6685,2.6889,-5.3327,0.072859,-0.24821,-1.1288,NaN,NaN,NaN,NaN,NaN,NaN,NaN,NaN,NaN,46.768,0,2865.2,0.0069644,0.7665,2.6014,0.63959,0.091565,NaN,-1,-1,-1.5871,-0.20306,-9.2951,-9.6438,0.3534,-5.6175,NaN,NaN,NaN,NaN,NaN
402.26,-5.4694,-19.365,-145.49,-1.8463,0.72052,-10.836,-9.8744,-0.25462,-5.5681,0,0,0,NaN,NaN,NaN,NaN,NaN,NaN,NaN,NaN,NaN,46.768,0,2865.2,0.0069644,NaN,NaN,NaN,NaN,16.623,96224,11.25,-1.5996,-0.1963,-9.2861,-9.6291,0.40251,-5.5511,NaN,NaN,NaN,NaN,NaN
402.27,-5.4694,-19.365,-145.49,-1.8463,0.72052,-10.836,-9.8744,-0.25462,-5.5681,0,0,0,NaN,NaN,NaN,NaN,NaN,NaN,NaN,NaN,NaN,46.768,0,2865.2,0.0069644,NaN,NaN,NaN,NaN,NaN,-1,-1,-1.595,-0.19374,-9.2871,-9.6075,0.20577,-5.479,NaN,NaN,NaN,NaN,NaN
402.27,-5.487,-19.363,-145.5,-1.4018,-0.30889,-8.7364,-9.333,1.2965,-5.6875,0,0,0,NaN,NaN,NaN,NaN,NaN,NaN,NaN,NaN,NaN,46.768,0,2865.2,0.0069644,NaN,NaN,NaN,NaN,NaN,-1,-1,-1.5966,-0.1993,-9.252,-9.5755,0.26516,-5.4072,NaN,NaN,NaN,NaN,NaN
402.27,-5.5063,-19.364,-145.51,-1.8209,-0.59221,-8.809,-9.9165,0.17057,-5.5756,0.072999,-0.24341,-1.1288,NaN,NaN,NaN,NaN,NaN,NaN,NaN,NaN,NaN,46.768,0,2865.2,0.0069644,NaN,NaN,NaN,NaN,16.599,96241,11.313,-1.6026,-0.20155,-9.2383,-9.5511,0.40641,-5.3517,NaN,NaN,NaN,NaN,NaN
402.27,-5.5444,-19.365,-145.54,-2.1132,-0.10347,-9.7853,-9.765,1.1166,-5.3411,0,0,0,NaN,NaN,NaN,NaN,NaN,NaN,NaN,NaN,NaN,46.768,0,2865.2,0.0069644,0.75993,2.602,0.63594,NaN,NaN,-1,-1,-1.6051,-0.19468,-9.2457,-9.5205,0.2052,-5.2898,NaN,NaN,NaN,NaN,NaN
402.28,-5.5619,-19.365,-145.55,-1.573,-0.58227,-8.9129,-9.0763,0.61026,-5.2331,0,0,0,NaN,NaN,NaN,NaN,NaN,NaN,NaN,NaN,NaN,46.768,0,2865.2,0.0069644,NaN,NaN,NaN,0.079911,NaN,-1,-1,-1.6036,-0.19153,-9.2262,-9.5166,0.20411,-5.2318,NaN,NaN,NaN,NaN,NaN
402.28,-5.5795,-19.369,-145.56,-1.3992,0.15894,-9.4736,-8.9609,-1.4308,-4.9176,0.079855,-0.25071,-1.1281,NaN,NaN,NaN,NaN,NaN,NaN,NaN,NaN,NaN,46.768,0,2865.2,0.0069644,NaN,NaN,NaN,NaN,16.473,96222,11.188,-1.6009,-0.18475,-9.2148,-9.5249,0.36479,-5.1738,NaN,NaN,NaN,NaN,NaN
402.28,-5.5971,-19.369,-145.58,-1.4893,0.32953,-10.382,-8.9792,0.18048,-4.8567,0,0,0,NaN,NaN,NaN,NaN,NaN,NaN,NaN,NaN,NaN,46.768,0,2865.2,0.0069644,NaN,NaN,NaN,NaN,NaN,-1,-1,-1.6071,-0.1891,-9.2121,-9.5512,0.21707,-5.0988,NaN,NaN,NaN,NaN,NaN
402.28,-5.6138,-19.365,-145.59,-1.8608,-0.64516,-9.1916,-8.7623,1.9094,-5.0728,0,0,0,NaN,NaN,NaN,NaN,NaN,NaN,NaN,NaN,NaN,46.768,0,2865.2,0.0069644,NaN,NaN,NaN,NaN,16.524,96229,11.25,-1.6102,-0.18552,-9.1871,-9.5607,0.09536,-5.0313,NaN,NaN,NaN,NaN,NaN
402.29,-5.6322,-19.366,-145.6,-1.5747,-0.73661,-7.5951,-9.3247,0.14324,-4.9156,0,0,0,NaN,NaN,NaN,NaN,NaN,NaN,NaN,NaN,NaN,46.768,0,2865.2,0.0069644,NaN,NaN,NaN,NaN,NaN,-1,-1,-1.6121,-0.1834,-9.1778,-9.5832,0.271,-4.9661,NaN,NaN,NaN,NaN,NaN
402.29,-5.6509,-19.372,-145.61,-1.807,0.74084,-10.075,-9.3464,-2.1474,-4.9061,0.0779,-0.24612,-1.1328,NaN,NaN,NaN,NaN,NaN,NaN,NaN,NaN,NaN,46.768,0,2865.2,0.0069644,0.76212,2.4797,0.7114,0.049945,NaN,-1,-1,-1.6153,-0.18028,-9.1868,-9.565,0.13333,-4.9205,NaN,NaN,NaN,NaN,NaN
402.29,-5.6696,-19.369,-145.62,-1.6318,-0.16621,-10.188,-9.4574,1.595,-4.8772,0,0,0,NaN,NaN,NaN,NaN,NaN,NaN,NaN,NaN,NaN,46.768,0,2865.2,0.0069644,NaN,NaN,NaN,NaN,16.623,96262,11.375,-1.6211,-0.17302,-9.1658,-9.5259,0.16615,-4.8562,NaN,NaN,NaN,NaN,NaN
402.29,-5.6893,-19.367,-145.63,-1.3524,0.036912,-8.8777,-9.847,1.1066,-4.7576,0,0,0,NaN,NaN,NaN,NaN,NaN,NaN,NaN,NaN,NaN,46.768,0,2865.2,0.0069644,NaN,NaN,NaN,NaN,NaN,-1,-1,-1.6177,-0.17479,-9.1566,-9.497,0.13689,-4.7934,NaN,NaN,NaN,NaN,NaN
402.3,-5.7097,-19.371,-145.64,-1.9401,-0.11816,-8.392,-9.9625,-1.238,-4.6035,0,0,0,NaN,NaN,NaN,NaN,NaN,NaN,NaN,NaN,NaN,46.768,0,2865.2,0.0069644,NaN,NaN,NaN,NaN,NaN,-1,-1,-1.6241,-0.17111,-9.143,-9.4558,0.044464,-4.7538,NaN,NaN,NaN,NaN,NaN
402.3,-5.7303,-19.371,-145.66,-1.4613,-0.38292,-10.02,-10.144,0.43671,-4.7426,0.072877,-0.24561,-1.1263,NaN,NaN,NaN,NaN,NaN,NaN,NaN,NaN,NaN,46.768,0,2865.2,0.0069644,NaN,NaN,NaN,NaN,16.911,96209,11.188,-1.63,-0.17597,-9.1332,-9.4465,0.11057,-4.705,NaN,NaN,NaN,NaN,NaN
402.3,-5.7504,-19.37,-145.67,-2.0382,-0.84791,-8.5868,-10.014,0.77086,-4.8798,0,0,0,NaN,NaN,NaN,NaN,NaN,NaN,NaN,NaN,NaN,46.768,0,2865.2,0.0069644,0.77909,2.6157,0.64994,0.06576,NaN,-1,-1,-1.6253,-0.17633,-9.127,-9.4473,0.082543,-4.6574,NaN,NaN,NaN,NaN,NaN
402.3,-5.7721,-19.371,-145.68,-1.395,-0.018882,-8.7006,-10.549,-0.38778,-4.6851,0,0,0,NaN,NaN,NaN,NaN,NaN,NaN,NaN,NaN,NaN,46.768,0,2865.2,0.0069644,NaN,NaN,NaN,NaN,16.578,96242,11.375,-1.6261,-0.15941,-9.12,-9.4354,0.026981,-4.6038,NaN,NaN,NaN,NaN,NaN
402.31,-5.7908,-19.374,-145.69,-2.0832,-0.19175,-10.719,-9.3013,-0.66371,-4.6654,0,0,0,NaN,NaN,NaN,NaN,NaN,NaN,NaN,NaN,NaN,46.768,0,2865.2,0.0069644,NaN,NaN,NaN,NaN,NaN,-1,-1,-1.6335,-0.16559,-9.1177,-9.4554,0.028328,-4.5545,NaN,NaN,NaN,NaN,NaN
402.31,-5.8099,-19.369,-145.7,-1.4244,-0.19169,-7.9992,-9.6005,2.3585,-4.6683,0.068577,-0.23606,-1.1289,NaN,NaN,NaN,NaN,NaN,NaN,NaN,NaN,NaN,46.768,0,2865.2,0.0069644,NaN,NaN,NaN,NaN,NaN,-1,-1,-1.6314,-0.16195,-9.1061,-9.4968,-0.035572,-4.4941,NaN,NaN,NaN,NaN,NaN
402.31,-5.8269,-19.374,-145.71,-1.4645,0.16401,-9.4443,-8.5681,-1.8269,-4.5929,0,0,0,NaN,NaN,NaN,NaN,NaN,NaN,NaN,NaN,NaN,46.768,0,2865.2,0.0069644,NaN,NaN,NaN,NaN,16.178,96208,11.188,-1.6321,-0.15687,-9.0938,-9.4983,0.049064,-4.449,NaN,NaN,NaN,NaN,NaN
402.31,-5.8445,-19.374,-145.72,-1.9633,-0.30147,-9.0914,-8.8116,0.14267,-4.337,0,0,0,NaN,NaN,NaN,NaN,NaN,NaN,NaN,NaN,NaN,46.768,0,2865.2,0.0069644,0.76485,2.6026,0.64751,0.099057,NaN,-1,-1,-1.6313,-0.15486,-9.0789,-9.491,-0.096,-4.4057,NaN,NaN,NaN,NaN,NaN
402.32,-5.8825,-19.375,-145.74,-1.3404,-0.1984,-8.218,-9.5219,-1.9163,-4.1038,0.069117,-0.22671,-1.1333,NaN,NaN,NaN,NaN,NaN,NaN,NaN,NaN,NaN,46.768,0,2865.2,0.0069644,NaN,NaN,NaN,NaN,NaN,-1,-1,-1.6447,-0.15442,-9.08,-9.4867,-0.14029,-4.3433,NaN,NaN,NaN,NaN,NaN
402.32,-5.9019,-19.379,-145.75,-1.6838,0.66594,-10.536,-9.4075,-1.3959,-4.1802,0,0,0,NaN,NaN,NaN,NaN,NaN,NaN,NaN,NaN,NaN,46.768,0,2865.2,0.0069644,NaN,NaN,NaN,NaN,16.552,96229,11.313,-1.6377,-0.1561,-9.0646,-9.4677,-0.05226,-4.2866,NaN,NaN,NaN,NaN,NaN
402.32,-5.9198,-19.37,-145.76,-2.2864,-0.45743,-9.3964,-9.0542,4.1689,-4.2625,0,0,0,NaN,NaN,NaN,NaN,NaN,NaN,NaN,NaN,NaN,46.768,0,2865.2,0.0069644,NaN,NaN,NaN,NaN,NaN,-1,-1,-1.6384,-0.15541,-9.048,-9.4535,-0.093709,-4.2266,NaN,NaN,NaN,NaN,NaN
402.32,-5.9399,-19.373,-145.77,-1.2998,-0.71379,-5.6834,-9.7248,-1.2136,-4.1927,0,0,0,NaN,NaN,NaN,NaN,NaN,NaN,NaN,NaN,NaN,46.768,0,2865.2,0.0069644,NaN,NaN,NaN,NaN,16.913,96242,11.313,-1.6481,-0.15322,-9.041,-9.4458,-0.18369,-4.1675,NaN,NaN,NaN,NaN,NaN
402.33,-5.9599,-19.385,-145.78,-1.7575,0.1236,-10.439,-9.5119,-4.2375,-4.1597,0.066492,-0.23135,-1.1313,NaN,NaN,NaN,NaN,NaN,NaN,NaN,NaN,NaN,46.768,0,2865.2,0.0069644,0.77526,2.6026,0.63473,0.097392,NaN,-1,-1,-1.6407,-0.15535,-9.0458,-9.4119,-0.12879,-4.1243,NaN,NaN,NaN,NaN,NaN
402.33,-5.9808,-19.375,-145.79,-2.1139,-0.028405,-8.8941,-10.132,4.0812,-4.0179,0,0,0,NaN,NaN,NaN,NaN,NaN,NaN,NaN,NaN,NaN,46.768,0,2865.2,0.0069644,NaN,NaN,NaN,NaN,NaN,-1,-1,-1.6435,-0.14991,-9.0304,-9.4018,-0.10737,-4.083,NaN,NaN,NaN,NaN,NaN
402.33,-5.9997,-19.375,-145.8,-1.5201,-0.58172,-7.3893,-9.171,0.23348,-3.86,0,0,0,NaN,NaN,NaN,NaN,NaN,NaN,NaN,NaN,NaN,46.768,0,2865.2,0.0069644,NaN,NaN,NaN,NaN,16.577,96250,11.375,-1.6432,-0.13555,-9.0312,-9.4055,-0.064866,-4.0428,NaN,NaN,NaN,NaN,NaN
402.33,-6.0202,-19.385,-145.81,-1.5271,-0.21962,-8.5649,-9.7098,-3.4991,-3.9492,0,0,0,NaN,NaN,NaN,NaN,NaN,NaN,NaN,NaN,NaN,46.768,0,2865.2,0.0069644,NaN,NaN,NaN,NaN,NaN,-1,-1,-1.6425,-0.14357,-9.0279,-9.3811,-0.064938,-3.9977,NaN,NaN,NaN,NaN,NaN
402.34,-6.038,-19.383,-145.82,-2.1152,0.31445,-11.618,-8.8497,0.85726,-4.209,0.078326,-0.23403,-1.1325,NaN,NaN,NaN,NaN,NaN,NaN,NaN,NaN,NaN,46.768,0,2865.2,0.0069644,NaN,NaN,NaN,NaN,NaN,-1,-1,-1.6483,-0.13274,-9.0025,-9.5502,-0.11742,-4.0239,NaN,NaN,NaN,NaN,NaN
402.34,-6.0558,-19.375,-145.83,-1.3087,-0.28894,-7.384,-8.7777,3.5211,-3.7629,0,0,0,NaN,NaN,NaN,NaN,NaN,NaN,NaN,NaN,NaN,46.768,0,2865.2,0.0069644,0.75829,2.6032,0.63351,NaN,16.745,96242,11.313,-1.6454,-0.12919,-9.0097,-9.4648,-0.18608,-3.9432,NaN,NaN,NaN,NaN,NaN
402.34,-6.073,-19.385,-145.83,-1.7204,-0.62599,-8.029,-8.3592,-3.5633,-3.8734,0,0,0,NaN,NaN,NaN,NaN,NaN,NaN,NaN,NaN,NaN,46.768,0,2865.2,0.0069644,NaN,NaN,NaN,0.094895,NaN,-1,-1,-1.6478,-0.1402,-8.992,-9.3439,-0.087597,-3.8857,NaN,NaN,NaN,NaN,NaN
402.34,-6.1123,-19.38,-145.85,-1.6665,-0.009659,-8.833,-8.9486,2.3078,-3.5333,0.068977,-0.23151,-1.1333,NaN,NaN,NaN,NaN,NaN,NaN,NaN,NaN,NaN,46.768,0,2865.2,0.0069644,NaN,NaN,NaN,NaN,16.696,96221,11.25,-1.6504,-0.12444,-8.9897,-9.2235,-0.15525,-3.8205,NaN,NaN,NaN,NaN,NaN
402.35,-6.1314,-19.384,-145.86,-1.3605,0.74681,-8.8129,-9.1556,-1.3671,-3.833,0,0,0,NaN,NaN,NaN,NaN,NaN,NaN,NaN,NaN,NaN,46.768,0,2865.2,0.0069644,NaN,NaN,NaN,NaN,NaN,-1,-1,-1.6499,-0.1124,-8.964,-9.0785,-0.16124,-3.7522,NaN,NaN,NaN,NaN,NaN
402.35,-6.1504,-19.387,-145.87,-2.096,-0.97953,-9.4112,-9.2273,-1.1965,-4.0394,0,0,0,NaN,NaN,NaN,NaN,NaN,NaN,NaN,NaN,NaN,46.768,0,2865.2,0.0069644,NaN,NaN,NaN,NaN,NaN,-1,-1,-1.6467,-0.11529,-8.979,-9.163,-0.090141,-3.754,NaN,NaN,NaN,NaN,NaN
402.35,-6.1718,-19.382,-145.88,-1.5774,-0.47261,-9.3716,-10.036,2.2993,-3.3766,0,0,0,NaN,NaN,NaN,NaN,NaN,NaN,NaN,NaN,NaN,46.768,0,2865.2,0.0069644,NaN,NaN,NaN,NaN,16.793,96242,11.313,-1.6505,-0.11805,-8.9715,-9.0093,-0.054063,-3.6546,NaN,NaN,NaN,NaN,NaN
402.35,-6.1914,-19.385,-145.88,-1.2523,0.31873,-7.6519,-9.3096,-0.68302,-3.622,0.073696,-0.22665,-1.1307,NaN,NaN,NaN,NaN,NaN,NaN,NaN,NaN,NaN,46.768,0,2865.2,0.0069644,NaN,NaN,NaN,NaN,NaN,-1,-1,-1.6531,-0.11668,-8.9296,-8.8326,-0.024913,-3.5583,NaN,NaN,NaN,NaN,NaN
402.36,-6.2102,-19.389,-145.89,-2.5019,-0.61781,-9.8457,-8.9383,-1.45,-3.4336,0,0,0,NaN,NaN,NaN,NaN,NaN,NaN,NaN,NaN,NaN,46.768,0,2865.2,0.0069644,NaN,NaN,NaN,NaN,NaN,-1,-1,-1.6485,-0.11778,-8.9459,-8.6665,0.01451,-3.4792,NaN,NaN,NaN,NaN,NaN
402.36,-6.2301,-19.387,-145.9,-1.2309,-0.45702,-9.1548,-9.4435,0.71127,-3.5251,0,0,0,NaN,NaN,NaN,NaN,NaN,NaN,NaN,NaN,NaN,46.768,0,2865.2,0.0069644,NaN,NaN,NaN,NaN,16.864,96226,11.25,-1.651,-0.11196,-8.9394,-8.5088,0.014468,-3.405,NaN,NaN,NaN,NaN,NaN
402.36,-6.2486,-19.387,-145.91,-1.8099,0.34454,-9.4394,-8.8373,0.42422,-3.387,0,0,0,NaN,NaN,NaN,NaN,NaN,NaN,NaN,NaN,NaN,46.807,0,2903.8,0.0075089,NaN,NaN,NaN,NaN,NaN,-1,-1,-1.65,-0.11132,-8.9307,-8.4049,0.083641,-3.3138,NaN,NaN,NaN,NaN,NaN
402.36,-6.2655,-19.388,-145.92,-1.6378,0.30925,-9.1065,-8.2406,-0.35174,-3.5926,0.066562,-0.22895,-1.1313,-7.5478,-15.561,-5.4605,18.137,40.059,-88.548,3.6794e+05,4.4355e+06,386.27,46.807,0,2903.8,0.0075089,NaN,NaN,NaN,NaN,16.961,96262,11.375,-1.6529,-0.11337,-8.9122,-8.2725,0.075287,-3.2354,17.96,-2.3967,-0.7981,-2.5444,-7.5937
402.37,-6.2818,-19.391,-145.92,-1.6046,-0.88533,-8.9552,-7.9011,-0.69431,-3.3515,0,0,0,NaN,NaN,NaN,NaN,NaN,NaN,NaN,NaN,NaN,46.807,0,2903.8,0.0075089,0.77197,2.4922,0.7108,0.036626,NaN,-1,-1,-1.6547,-0.092559,-8.9137,-8.125,0.093962,-3.1728,NaN,NaN,NaN,NaN,NaN
402.37,-6.2985,-19.388,-145.93,-1.73,-0.29874,-8.9942,-7.9844,1.0851,-2.9869,0,0,0,NaN,NaN,NaN,NaN,NaN,NaN,NaN,NaN,NaN,46.807,0,2903.8,0.0075089,NaN,NaN,NaN,NaN,NaN,-1,-1,-1.6595,-0.089427,-8.9016,-7.9283,0.050215,-3.1104,NaN,NaN,NaN,NaN,NaN
402.37,-6.3151,-19.389,-145.94,-1.7879,0.42981,-8.9178,-8.0131,0.096658,-3.1508,0,0,0,NaN,NaN,NaN,NaN,NaN,NaN,NaN,NaN,NaN,46.807,0,2903.8,0.0075089,NaN,NaN,NaN,NaN,16.84,96247,11.313,-1.6482,-0.10271,-8.8809,-7.7617,0.20288,-3.0436,NaN,NaN,NaN,NaN,NaN
402.37,-6.3331,-19.391,-145.94,-1.6394,-0.58914,-9.5807,-8.4047,-0.82844,-2.9533,0.066492,-0.23135,-1.1313,NaN,NaN,NaN,NaN,NaN,NaN,NaN,NaN,NaN,46.807,0,2903.8,0.0075089,NaN,NaN,NaN,NaN,NaN,-1,-1,-1.6511,-0.09449,-8.8721,-7.616,0.034149,-2.9637,NaN,NaN,NaN,NaN,NaN
402.38,-6.3505,-19.391,-145.95,-1.6225,0.93507,-10.394,-8.3937,0.29364,-3.281,0,0,0,NaN,NaN,NaN,NaN,NaN,NaN,NaN,NaN,NaN,46.807,0,2903.8,0.0075089,NaN,NaN,NaN,NaN,NaN,-1,-1,-1.6342,-0.074603,-8.7734,-7.472,-0.023978,-2.8823,NaN,NaN,NaN,NaN,NaN
402.38,-6.3672,-19.387,-145.96,-1.9974,-0.051522,-8.7249,-8.1377,1.9152,-3.3316,0,0,0,NaN,NaN,NaN,NaN,NaN,NaN,NaN,NaN,NaN,46.807,0,2903.8,0.0075089,0.75172,2.6014,0.62925,0.10488,16.96,96266,11.375,-1.637,-0.080506,-8.7942,-7.3074,0.26004,-2.8173,NaN,NaN,NaN,NaN,NaN
402.38,-6.3846,-19.389,-145.97,-1.4274,-0.77161,-8.0373,-8.2539,-0.63845,-3.0675,0,0,0,NaN,NaN,NaN,NaN,NaN,NaN,NaN,NaN,NaN,46.807,0,2903.8,0.0075089,NaN,NaN,NaN,NaN,NaN,-1,-1,-1.6353,-0.076663,-8.7695,-7.1846,0.22348,-2.7465,NaN,NaN,NaN,NaN,NaN
402.38,-6.4015,-19.391,-145.97,-1.6514,-0.30316,-10.235,-8.0073,-0.77745,-2.9793,0.083245,-0.2269,-1.132,NaN,NaN,NaN,NaN,NaN,NaN,NaN,NaN,NaN,46.807,0,2903.8,0.0075089,NaN,NaN,NaN,NaN,16.794,96238,11.313,-1.6342,-0.073811,-8.7708,-7.073,-0.0081372,-2.6782,NaN,NaN,NaN,NaN,NaN
402.39,-6.4325,-19.389,-145.98,-1.3092,-0.13979,-10.189,-7.2796,-0.46392,-2.741,0,0,0,NaN,NaN,NaN,NaN,NaN,NaN,NaN,NaN,NaN,46.807,0,2903.8,0.0075089,NaN,NaN,NaN,NaN,NaN,-1,-1,-1.6195,-0.073692,-8.6923,-7.0029,0.24765,-2.6165,NaN,NaN,NaN,NaN,NaN
402.39,-6.4472,-19.388,-145.99,-1.4741,-0.20305,-10.095,-7.0979,0.50346,-2.779,0,0,0,NaN,NaN,NaN,NaN,NaN,NaN,NaN,NaN,NaN,46.807,0,2903.8,0.0075089,NaN,NaN,NaN,NaN,NaN,-1,-1,-1.6222,-0.065791,-8.7017,-6.9152,0.31865,-2.5528,NaN,NaN,NaN,NaN,NaN
402.39,0,0,0,0,0,0,0,0,0,0,0,0,NaN,NaN,NaN,NaN,NaN,NaN,NaN,NaN,NaN,46.807,0,2903.8,0.0075089,NaN,NaN,NaN,NaN,17.099,96205,11.125,-1.6172,-0.054449,-8.7078,-6.8615,0.11151,-2.4922,NaN,NaN,NaN,NaN,NaN
402.39,-6.4599,-19.383,-146,-1.6249,0.12045,-8.4415,-6.4067,2.1928,-2.8136,0.0807,-0.22423,-1.1278,NaN,NaN,NaN,NaN,NaN,NaN,NaN,NaN,NaN,46.807,0,2903.8,0.0075089,0.77252,2.4803,0.71201,0.047447,NaN,-1,-1,-1.6237,-0.049744,-8.7313,-6.8035,0.17826,-2.451,NaN,NaN,NaN,NaN,NaN
402.4,-6.4744,-19.385,-146,-1.7601,-0.38133,-9.7441,-6.7968,-0.6966,-2.3094,0,0,0,NaN,NaN,NaN,NaN,NaN,NaN,NaN,NaN,NaN,46.807,0,2903.8,0.0075089,NaN,NaN,NaN,NaN,NaN,-1,-1,-1.6197,-0.042732,-8.7185,-6.7266,0.3548,-2.3862,NaN,NaN,NaN,NaN,NaN
402.4,-6.5028,-19.378,-146.01,-1.0707,-0.93941,-9.9026,-7.0221,2.9769,-2.3363,0,0,0,NaN,NaN,NaN,NaN,NaN,NaN,NaN,NaN,NaN,46.807,0,2903.8,0.0075089,NaN,NaN,NaN,NaN,16.962,96259,11.375,-1.6259,-0.045914,-8.7391,-6.6425,0.24832,-2.3384,NaN,NaN,NaN,NaN,NaN
402.4,-6.5194,-19.382,-146.02,-1.5116,0.60046,-7.7429,-7.6331,-1.2085,-2.3904,0.076391,-0.21961,-1.1327,NaN,NaN,NaN,NaN,NaN,NaN,NaN,NaN,NaN,46.807,0,2903.8,0.0075089,NaN,NaN,NaN,NaN,NaN,-1,-1,-1.6256,-0.03159,-8.7351,-6.5675,0.3434,-2.2819,NaN,NaN,NaN,NaN,NaN
402.4,0,0,0,0,0,0,0,0,0,0,0,0,NaN,NaN,NaN,NaN,NaN,NaN,NaN,NaN,NaN,46.807,0,2903.8,0.0075089,0.76267,2.6055,0.63533,NaN,17.006,96255,11.313,-1.6214,-0.0306,-8.7305,-6.5251,0.32967,-2.2415,NaN,NaN,NaN,NaN,NaN
402.41,-6.5329,-19.38,-146.02,-2.2392,0.89986,-11.96,-6.6496,0.93896,-2.6983,0,0,0,NaN,NaN,NaN,NaN,NaN,NaN,NaN,NaN,NaN,46.807,0,2903.8,0.0075089,NaN,NaN,NaN,0.086571,NaN,-1,-1,-1.6261,-0.035839,-8.7195,-6.4954,0.31151,-2.2052,NaN,NaN,NaN,NaN,NaN
402.41,-6.5635,-19.379,-146.03,-1.6888,-0.39537,-9.5971,-7.5181,-1.27,-2.5183,0,0,0,NaN,NaN,NaN,NaN,NaN,NaN,NaN,NaN,NaN,46.807,0,2903.8,0.0075089,NaN,NaN,NaN,NaN,NaN,-1,-1,-1.6151,-0.021609,-8.7275,-6.4983,0.43639,-2.1513,NaN,NaN,NaN,NaN,NaN
402.41,-6.5801,-19.379,-146.04,-1.7306,0.78356,-9.9018,-7.6161,-0.16971,-2.1702,0.069536,-0.21231,-1.1333,NaN,NaN,NaN,NaN,NaN,NaN,NaN,NaN,NaN,46.807,0,2903.8,0.0075089,NaN,NaN,NaN,NaN,17.101,96233,11.25,-1.6271,-0.022476,-8.8297,-6.494,0.37062,-2.1218,NaN,NaN,NaN,NaN,NaN
402.41,-6.6104,-19.372,-146.05,-1.3104,-0.44266,-8.4361,-7.4987,1.6239,-2.2102,0,0,0,NaN,NaN,NaN,NaN,NaN,NaN,NaN,NaN,NaN,46.807,0,2903.8,0.0075089,NaN,NaN,NaN,NaN,NaN,-1,-1,-1.6363,-0.010987,-8.8299,-6.4939,0.34704,-2.0894,NaN,NaN,NaN,NaN,NaN
402.42,-6.6243,-19.376,-146.05,-1.7889,0.99581,-8.9577,-6.6492,-1.5751,-2.6443,0,0,0,NaN,NaN,NaN,NaN,NaN,NaN,NaN,NaN,NaN,46.807,0,2903.8,0.0075089,NaN,NaN,NaN,NaN,NaN,-1,-1,-1.6339,-0.0055987,-8.832,-6.5501,0.42165,-2.067,NaN,NaN,NaN,NaN,NaN
402.42,-6.6369,-19.369,-146.06,-1.6798,-0.13028,-11.474,-6.3044,0.1822,-2.3764,0.076191,-0.22189,-1.1304,NaN,NaN,NaN,NaN,NaN,NaN,NaN,NaN,NaN,46.807,0,2903.8,0.0075089,NaN,NaN,NaN,NaN,17.029,96221,11.188,-1.6506,-0.0077956,-8.9461,-6.6302,0.47798,-2.0284,NaN,NaN,NaN,NaN,NaN
402.42,-6.6519,-19.362,-146.07,-1.7705,-0.78134,-8.7121,-7.0737,2.9091,-1.9918,0,0,0,NaN,NaN,NaN,NaN,NaN,NaN,NaN,NaN,NaN,46.807,0,2903.8,0.0075089,NaN,NaN,NaN,NaN,NaN,-1,-1,-1.6489,-0.00069939,-8.9518,-6.6692,0.46841,-2.0131,NaN,NaN,NaN,NaN,NaN
402.42,-6.6685,-19.359,-146.07,-1.4204,-0.074107,-7.3523,-7.6252,1.0619,-1.9695,0,0,0,NaN,NaN,NaN,NaN,NaN,NaN,NaN,NaN,NaN,46.807,0,2903.8,0.0075089,NaN,NaN,NaN,NaN,16.986,96254,11.375,-1.6536,-0.00515,-8.9727,-6.6738,0.3699,-1.9956,NaN,NaN,NaN,NaN,NaN
402.43,-6.6841,-19.368,-146.08,-1.6849,0.61892,-10.621,-6.9932,-3.3211,-1.8799,0,0,0,NaN,NaN,NaN,NaN,NaN,NaN,NaN,NaN,NaN,46.807,0,2903.8,0.0075089,NaN,NaN,NaN,NaN,NaN,-1,-1,-1.654,-0.0059099,-9.0038,-6.6883,0.39832,-1.9667,NaN,NaN,NaN,NaN,NaN
402.43,-6.6993,-19.358,-146.08,-2.0155,0.25393,-10.837,-7.1804,4.0838,-2.0493,0.080849,-0.21451,-1.1256,NaN,NaN,NaN,NaN,NaN,NaN,NaN,NaN,NaN,46.807,0,2903.8,0.0075089,NaN,NaN,NaN,NaN,NaN,-1,-1,-1.6549,-0.0062281,-9.0214,-6.7148,0.35477,-1.9446,NaN,NaN,NaN,NaN,NaN
402.43,-6.7147,-19.354,-146.09,-1.437,-0.35359,-7.0095,-7.2294,1.4738,-2.2259,0,0,0,NaN,NaN,NaN,NaN,NaN,NaN,NaN,NaN,NaN,46.807,0,2903.8,0.0075089,NaN,NaN,NaN,NaN,16.983,96251,11.313,-1.6574,-0.0025353,-9.0443,-6.7464,0.42597,-1.9152,NaN,NaN,NaN,NaN,NaN
402.43,-6.7321,-19.362,-146.09,-1.5496,0.094023,-8.9823,-7.7379,-3.1606,-1.8897,0,0,0,NaN,NaN,NaN,NaN,NaN,NaN,NaN,NaN,NaN,46.807,0,2903.8,0.0075089,0.78183,2.6079,0.65542,0.074917,NaN,-1,-1,-1.6561,-0.0075757,-9.045,-6.7908,0.43928,-1.9059,NaN,NaN,NaN,NaN,NaN
402.44,-6.7483,-19.36,-146.09,-2.055,0.14182,-10.562,-7.4815,1.0913,-2.0777,0,0,0,NaN,NaN,NaN,NaN,NaN,NaN,NaN,NaN,NaN,46.807,0,2903.8,0.0075089,NaN,NaN,NaN,NaN,NaN,-1,-1,-1.6615,-0.0077859,-9.0789,-6.8111,0.42808,-1.9093,NaN,NaN,NaN,NaN,NaN
402.44,-6.7637,-19.351,-146.1,-2.0281,-0.30107,-8.4462,-7.277,3.7688,-2.0796,0.071821,-0.21474,-1.1331,NaN,NaN,NaN,NaN,NaN,NaN,NaN,NaN,NaN,46.807,0,2903.8,0.0075089,NaN,NaN,NaN,NaN,16.865,96242,11.313,-1.663,0.0058775,-9.0959,-6.8711,0.49567,-1.9024,NaN,NaN,NaN,NaN,NaN
402.44,-6.7793,-19.357,-146.1,-1.1492,-0.15039,-7.9303,-7.019,-2.4713,-1.8272,0,0,0,NaN,NaN,NaN,NaN,NaN,NaN,NaN,NaN,NaN,46.807,0,2903.8,0.0075089,NaN,NaN,NaN,NaN,NaN,-1,-1,-1.6556,0.011064,-9.1035,-6.9388,0.50961,-1.8882,NaN,NaN,NaN,NaN,NaN
402.44,-6.7945,-19.359,-146.1,-2.1543,0.087908,-10.946,-6.8947,-0.75252,-1.7672,0,0,0,NaN,NaN,NaN,NaN,NaN,NaN,NaN,NaN,NaN,46.807,0,2903.8,0.0075089,NaN,NaN,NaN,NaN,16.838,96219,11.188,-1.6607,0.011662,-9.1243,-6.9872,0.42127,-1.8714,NaN,NaN,NaN,NaN,NaN
402.45,-6.8086,-19.35,-146.11,-1.3609,0.83862,-9.976,-6.6638,3.7247,-1.8164,0,0,0,NaN,NaN,NaN,NaN,NaN,NaN,NaN,NaN,NaN,46.807,0,2903.8,0.0075089,0.82125,2.5071,0.70714,0.015816,NaN,-1,-1,-1.662,0.023265,-9.1469,-7.0309,0.40561,-1.8619,NaN,NaN,NaN,NaN,NaN
402.45,-6.8218,-19.35,-146.11,-1.7523,-0.78932,-7.9301,-6.0813,-0.12055,-1.5885,0.076321,-0.22201,-1.1327,NaN,NaN,NaN,NaN,NaN,NaN,NaN,NaN,NaN,46.807,0,2903.8,0.0075089,NaN,NaN,NaN,NaN,NaN,-1,-1,-1.6548,0.024868,-9.1601,-6.8004,0.48294,-1.7633,NaN,NaN,NaN,NaN,NaN
402.45,-6.8362,-19.351,-146.11,-1.792,-0.28514,-8.8791,-6.6469,-0.43287,-1.958,0,0,0,NaN,NaN,NaN,NaN,NaN,NaN,NaN,NaN,NaN,46.807,0,2903.8,0.0075089,NaN,NaN,NaN,NaN,16.865,96264,11.375,-1.6619,0.013714,-9.1625,-6.7385,0.51113,-1.7431,NaN,NaN,NaN,NaN,NaN
402.45,-6.8504,-19.349,-146.12,-1.8301,0.42034,-10.084,-6.5344,0.89473,-1.6608,0,0,0,NaN,NaN,NaN,NaN,NaN,NaN,NaN,NaN,NaN,46.807,0,2903.8,0.0075089,NaN,NaN,NaN,NaN,NaN,-1,-1,-1.6639,0.019722,-9.1844,-6.6934,0.48311,-1.7144,NaN,NaN,NaN,NaN,NaN
402.46,-6.8658,-19.348,-146.12,-1.2728,0.57103,-8.6001,-7.0207,0.6538,-1.6426,0,0,0,NaN,NaN,NaN,NaN,NaN,NaN,NaN,NaN,NaN,46.807,0,2903.8,0.0075089,NaN,NaN,NaN,NaN,NaN,-1,-1,-1.6588,0.037889,-9.2025,-6.6416,0.61416,-1.6795,NaN,NaN,NaN,NaN,NaN
402.46,-6.8802,-19.347,-146.12,-2.0835,-0.055964,-9.5632,-6.5295,0.32911,-1.5237,0.064557,-0.21693,-1.1315,NaN,NaN,NaN,NaN,NaN,NaN,NaN,NaN,NaN,46.807,0,2903.8,0.0075089,0.75829,2.5924,0.62621,0.10905,16.84,96250,11.313,-1.6619,0.032746,-9.2299,-6.62,0.64386,-1.6385,NaN,NaN,NaN,NaN,NaN
402.46,-6.8943,-19.346,-146.13,-1.5572,-0.24696,-8.7984,-6.4937,0.28883,-1.7574,0,0,0,NaN,NaN,NaN,NaN,NaN,NaN,NaN,NaN,NaN,46.807,0,2903.8,0.0075089,NaN,NaN,NaN,NaN,16.965,96281,11.5,-1.66,0.028282,-9.23,-6.3136,0.60027,-1.5236,NaN,NaN,NaN,NaN,NaN
402.46,-6.9091,-19.348,-146.13,-1.6498,0.40775,-9.8602,-6.7488,-0.53256,-1.7728,0,0,0,NaN,NaN,NaN,NaN,NaN,NaN,NaN,NaN,NaN,46.807,0,2903.8,0.0075089,NaN,NaN,NaN,NaN,NaN,-1,-1,-1.6588,0.037,-9.236,-6.209,0.64504,-1.4897,NaN,NaN,NaN,NaN,NaN
402.47,-6.9238,-19.342,-146.13,-2.0482,-0.7191,-8.3497,-6.7298,2.4537,-1.3671,0,0,0,NaN,NaN,NaN,NaN,NaN,NaN,NaN,NaN,NaN,46.807,0,2903.8,0.0075089,NaN,NaN,NaN,NaN,NaN,-1,-1,-1.6666,0.034763,-9.2745,-6.1212,0.64887,-1.4648,NaN,NaN,NaN,NaN,NaN
402.47,-6.9386,-19.341,-146.14,-1.4337,0.04798,-8.5668,-6.6102,0.3569,-1.3247,0.083664,-0.21251,-1.132,NaN,NaN,NaN,NaN,NaN,NaN,NaN,NaN,NaN,46.807,0,2903.8,0.0075089,NaN,NaN,NaN,NaN,NaN,-1,-1,-1.6587,0.036375,-9.2661,-6.057,0.66494,-1.4177,NaN,NaN,NaN,NaN,NaN
402.47,-6.9514,-19.343,-146.14,-2.0638,0.019107,-10.421,-5.7433,-0.69523,-1.1602,0,0,0,NaN,NaN,NaN,NaN,NaN,NaN,NaN,NaN,NaN,46.768,0,2950.9,0.0064211,0.75938,2.6008,0.63473,NaN,17.031,96250,11.313,-1.6575,0.045796,-9.2864,-6.0079,0.68138,-1.3827,NaN,NaN,NaN,NaN,NaN
402.47,-6.9727,-19.338,-146.14,-1.7505,-0.16992,-9.4524,-4.5194,-0.60424,-1.5991,0,0,0,NaN,NaN,NaN,NaN,NaN,NaN,NaN,NaN,NaN,46.768,0,2950.9,0.0064211,NaN,NaN,NaN,0.086571,NaN,-1,-1,-1.6661,0.053153,-9.3118,-5.9447,0.63701,-1.355,NaN,NaN,NaN,NaN,NaN
402.48,-6.9838,-19.337,-146.14,-1.9871,-0.2619,-9.3044,-5.0911,0.43745,-1.235,0.071501,-0.21198,-1.1264,NaN,NaN,NaN,NaN,NaN,NaN,NaN,NaN,NaN,46.768,0,2950.9,0.0064211,NaN,NaN,NaN,NaN,NaN,-1,-1,-1.6564,0.048305,-9.3257,-5.8429,0.66831,-1.3363,NaN,NaN,NaN,NaN,NaN
402.48,-6.9963,-19.33,-146.15,-1.6322,0.02267,-8.7974,-5.7785,2.8517,-1.1539,0,0,0,NaN,NaN,NaN,NaN,NaN,NaN,NaN,NaN,NaN,46.768,0,2950.9,0.0064211,NaN,NaN,NaN,NaN,16.767,96229,11.25,-1.6575,0.048701,-9.3278,-5.7612,0.7039,-1.3053,NaN,NaN,NaN,NaN,NaN
402.48,-7.0205,-19.331,-146.15,-1.7609,0.33151,-10.983,-5.6236,1.1459,-1.1736,0,0,0,NaN,NaN,NaN,NaN,NaN,NaN,NaN,NaN,NaN,46.768,0,2950.9,0.0064211,NaN,NaN,NaN,NaN,NaN,-1,-1,-1.6677,0.04538,-9.3307,-5.7032,0.79916,-1.2819,NaN,NaN,NaN,NaN,NaN
402.48,-7.0319,-19.324,-146.15,-1.922,0.20508,-8.0488,-5.3364,2.6781,-1.1774,0.079295,-0.20536,-1.1346,NaN,NaN,NaN,NaN,NaN,NaN,NaN,NaN,NaN,46.768,0,2950.9,0.0064211,NaN,NaN,NaN,NaN,16.697,96258,11.375,-1.6634,0.046356,-9.3531,-5.6307,0.65832,-1.2399,NaN,NaN,NaN,NaN,NaN
402.49,-7.0447,-19.329,-146.15,-1.6385,-0.19041,-8.8934,-5.698,-1.8723,-1.2671,0,0,0,NaN,NaN,NaN,NaN,NaN,NaN,NaN,NaN,NaN,46.768,0,2950.9,0.0064211,NaN,NaN,NaN,NaN,NaN,-1,-1,-1.6617,0.053688,-9.3654,-5.567,0.76485,-1.1974,NaN,NaN,NaN,NaN,NaN
402.49,-7.0569,-19.328,-146.16,-1.5725,-0.2673,-9.9914,-5.5179,0.57794,-1.0799,0,0,0,NaN,NaN,NaN,NaN,NaN,NaN,NaN,NaN,NaN,46.768,0,2950.9,0.0064211,NaN,NaN,NaN,NaN,NaN,-1,-1,-1.664,0.051508,-9.3631,-5.4999,0.84909,-1.1723,NaN,NaN,NaN,NaN,NaN
402.49,-7.0708,-19.319,-146.16,-1.9817,-0.26894,-8.8576,-6.251,3.4182,-0.85915,0,0,0,NaN,NaN,NaN,NaN,NaN,NaN,NaN,NaN,NaN,46.768,0,2950.9,0.0064211,NaN,NaN,NaN,NaN,16.401,96271,11.375,-1.6669,0.047286,-9.3762,-5.4651,0.72713,-1.1424,NaN,NaN,NaN,NaN,NaN
402.49,-7.0831,-19.322,-146.16,-1.6246,0.6922,-8.6652,-5.4534,-1.3302,-1.0025,0.079165,-0.20524,-1.1324,NaN,NaN,NaN,NaN,NaN,NaN,NaN,NaN,NaN,46.768,0,2950.9,0.0064211,NaN,NaN,NaN,NaN,NaN,-1,-1,-1.6638,0.054181,-9.4066,-5.4286,0.73883,-1.1083,NaN,NaN,NaN,NaN,NaN
402.5,-7.0943,-19.323,-146.16,-1.6565,-0.46587,-11.057,-5.1321,-0.42766,-1.2545,0,0,0,NaN,NaN,NaN,NaN,NaN,NaN,NaN,NaN,NaN,46.768,0,2950.9,0.0064211,NaN,NaN,NaN,NaN,NaN,-1,-1,-1.6636,0.06109,-9.4151,-5.4144,0.909,-1.0853,NaN,NaN,NaN,NaN,NaN
402.5,-7.1048,-19.316,-146.16,-1.5927,0.9435,-9.7935,-5.0077,2.8593,-1.2233,0,0,0,NaN,NaN,NaN,NaN,NaN,NaN,NaN,NaN,NaN,46.768,0,2950.9,0.0064211,0.76923,2.4898,0.7114,0.029134,17.026,96217,11.125,-1.6656,0.053185,-9.4108,-5.4293,0.817,-1.059,NaN,NaN,NaN,NaN,NaN
402.5,-7.1152,-19.311,-146.17,-1.4804,-0.1735,-7.6004,-4.8898,1.9496,-1.1562,0,0,0,NaN,NaN,NaN,NaN,NaN,NaN,NaN,NaN,NaN,46.768,0,2950.9,0.0064211,NaN,NaN,NaN,NaN,16.816,96251,11.313,-1.6629,0.061676,-9.4497,-5.4409,0.81519,-1.0358,NaN,NaN,NaN,NaN,NaN
402.5,-7.1269,-19.315,-146.17,-2.0377,-0.31927,-9.925,-5.133,-1.4812,-0.81194,0.07667,-0.21001,-1.1326,NaN,NaN,NaN,NaN,NaN,NaN,NaN,NaN,NaN,46.768,0,2950.9,0.0064211,NaN,NaN,NaN,NaN,NaN,-1,-1,-1.665,0.052398,-9.4368,-5.4365,0.89063,-1.0232,NaN,NaN,NaN,NaN,NaN
402.51,-7.1392,-19.309,-146.17,-2.0658,0.051332,-10.109,-5.6069,2.264,-1.0495,0,0,0,NaN,NaN,NaN,NaN,NaN,NaN,NaN,NaN,NaN,46.768,0,2950.9,0.0064211,NaN,NaN,NaN,NaN,NaN,-1,-1,-1.6708,0.056933,-9.4722,-5.4253,0.80355,-1.0106,NaN,NaN,NaN,NaN,NaN
402.51,-7.1512,-19.306,-146.17,-1.0543,1.2182,-8.9381,-5.3913,1.3772,-0.83302,0,0,0,NaN,NaN,NaN,NaN,NaN,NaN,NaN,NaN,NaN,46.768,0,2950.9,0.0064211,0.75336,2.5966,0.63107,0.10905,16.743,96231,11.25,-1.6717,0.07649,-9.4955,-5.4596,0.88012,-0.9945,NaN,NaN,NaN,NaN,NaN
402.51,-7.1642,-19.304,-146.17,-1.4594,-0.39983,-9.027,-5.8137,0.49641,-1.0474,0,0,0,NaN,NaN,NaN,NaN,NaN,NaN,NaN,NaN,NaN,46.768,0,2950.9,0.0064211,NaN,NaN,NaN,NaN,NaN,-1,-1,-1.6627,0.070135,-9.5027,-5.4832,0.83607,-0.96959,NaN,NaN,NaN,NaN,NaN
402.51,-7.1766,-19.306,-146.17,-2.5431,0.11477,-10.029,-5.658,-0.73442,-1.3599,0.079095,-0.20764,-1.1324,NaN,NaN,NaN,NaN,NaN,NaN,NaN,NaN,NaN,46.768,0,2950.9,0.0064211,NaN,NaN,NaN,NaN,17.058,96296,11.5,-1.6687,0.063968,-9.5095,-5.5295,0.78517,-0.9519,NaN,NaN,NaN,NaN,NaN
402.52,-7.1897,-19.3,-146.18,-1.2809,-0.21806,-10.601,-5.9134,2.475,-1.0006,0,0,0,NaN,NaN,NaN,NaN,NaN,NaN,NaN,NaN,NaN,46.768,0,2950.9,0.0064211,NaN,NaN,NaN,NaN,NaN,-1,-1,-1.6741,0.062425,-9.5131,-5.5703,0.86438,-0.93136,NaN,NaN,NaN,NaN,NaN
402.52,-7.2024,-19.297,-146.18,-1.3003,-0.22422,-7.2605,-5.7663,0.99465,-1.1007,0,0,0,NaN,NaN,NaN,NaN,NaN,NaN,NaN,NaN,NaN,46.768,0,2950.9,0.0064211,NaN,NaN,NaN,NaN,NaN,-1,-1,-1.667,0.058789,-9.4964,-5.6325,0.82142,-0.92538,NaN,NaN,NaN,NaN,NaN
402.52,-7.2168,-19.298,-146.18,-2.4321,-0.077861,-9.9375,-6.2436,-0.21251,-0.73997,0,0,0,NaN,NaN,NaN,NaN,NaN,NaN,NaN,NaN,NaN,46.768,0,2950.9,0.0064211,0.76431,2.6085,0.63229,0.094062,16.959,96253,11.313,-1.6672,0.052388,-9.5111,-5.711,0.7608,-0.93048,NaN,NaN,NaN,NaN,NaN
402.52,-7.23,-19.297,-146.18,-1.6691,0.4868,-10.499,-5.8778,0.065718,-1.1009,0.07634,-0.21217,-1.1282,NaN,NaN,NaN,NaN,NaN,NaN,NaN,NaN,NaN,46.768,0,2950.9,0.0064211,0.76431,2.6085,0.63229,0.094062,NaN,-1,-1,-1.6753,0.06107,-9.5277,-5.81,0.86706,-0.91804,NaN,NaN,NaN,NaN,NaN
402.53,-7.2421,-19.293,-146.18,-1.1849,0.37261,-9.367,-5.4766,1.9491,-0.80707,0,0,0,NaN,NaN,NaN,NaN,NaN,NaN,NaN,NaN,NaN,46.768,0,2950.9,0.0064211,NaN,NaN,NaN,NaN,NaN,-1,-1,-1.6665,0.061475,-9.5241,-5.9312,0.83448,-0.90423,NaN,NaN,NaN,NaN,NaN
402.53,-7.2531,-19.291,-146.18,-1.5867,-0.18785,-9.6815,-5.0442,0.56299,-1.1206,0,0,0,NaN,NaN,NaN,NaN,NaN,NaN,NaN,NaN,NaN,46.768,0,2950.9,0.0064211,NaN,NaN,NaN,NaN,16.839,96255,11.313,-1.6693,0.058298,-9.5437,-6.0369,0.75252,-0.8902,NaN,NaN,NaN,NaN,NaN
402.53,-7.2663,-19.292,-146.18,-2.0146,-0.39695,-9.2896,-5.7527,-0.38033,-0.7052,0,0,0,NaN,NaN,NaN,NaN,NaN,NaN,NaN,NaN,NaN,46.768,0,2950.9,0.0064211,NaN,NaN,NaN,NaN,NaN,-1,-1,-1.676,0.051305,-9.5367,-6.0868,0.73885,-0.90223,NaN,NaN,NaN,NaN,NaN
402.53,-7.2798,-19.285,-146.18,-1.6636,0.33989,-10.021,-5.9844,2.4931,-0.70136,0.060457,-0.20511,-1.1363,NaN,NaN,NaN,NaN,NaN,NaN,NaN,NaN,NaN,46.768,0,2950.9,0.0064211,NaN,NaN,NaN,NaN,16.743,96254,11.313,-1.673,0.054203,-9.5335,-6.1415,0.65086,-0.91113,NaN,NaN,NaN,NaN,NaN
402.54,-7.2942,-19.287,-146.18,-1.4528,0.34331,-8.3499,-6.0842,-0.80667,-0.40812,0,0,0,NaN,NaN,NaN,NaN,NaN,NaN,NaN,NaN,NaN,46.768,0,2950.9,0.0064211,0.7665,2.4803,0.71201,NaN,NaN,-1,-1,-1.673,0.049477,-9.5377,-6.2178,0.74775,-0.89989,NaN,NaN,NaN,NaN,NaN
402.54,-7.3081,-19.284,-146.18,-1.4647,0.42964,-11.683,-6.1671,1.3941,-0.84551,0,0,0,NaN,NaN,NaN,NaN,NaN,NaN,NaN,NaN,NaN,46.768,0,2950.9,0.0064211,NaN,NaN,NaN,0.034961,NaN,-1,-1,-1.6694,0.058466,-9.555,-6.2724,0.72879,-0.89978,NaN,NaN,NaN,NaN,NaN
402.54,-7.3223,-19.28,-146.19,-2.3211,-0.088128,-8.4821,-6.3643,1.4924,-1.0938,0,0,0,NaN,NaN,NaN,NaN,NaN,NaN,NaN,NaN,NaN,46.768,0,2950.9,0.0064211,NaN,NaN,NaN,NaN,16.792,96270,11.375,-1.6702,0.048012,-9.5653,-6.3554,0.77599,-0.89487,NaN,NaN,NaN,NaN,NaN
402.54,-7.3382,-19.28,-146.19,-1.4024,-0.16905,-10.152,-6.8993,0.032429,-0.8686,0.071951,-0.21486,-1.1353,NaN,NaN,NaN,NaN,NaN,NaN,NaN,NaN,NaN,46.768,0,2950.9,0.0064211,NaN,NaN,NaN,NaN,NaN,-1,-1,-1.6789,0.044704,-9.5448,-6.4383,0.76441,-0.88842,NaN,NaN,NaN,NaN,NaN
402.55,-7.3542,-19.276,-146.19,-1.6316,0.18467,-9.4286,-6.9625,1.2189,-0.74817,0,0,0,NaN,NaN,NaN,NaN,NaN,NaN,NaN,NaN,NaN,46.768,0,2950.9,0.0064211,NaN,NaN,NaN,NaN,NaN,-1,-1,-1.6721,0.043341,-9.5419,-6.5161,0.75208,-0.88621,NaN,NaN,NaN,NaN,NaN
402.55,-7.3709,-19.273,-146.19,-2.0062,-0.22723,-8.9589,-7.3654,1.1891,-1.1638,0,0,0,NaN,NaN,NaN,NaN,NaN,NaN,NaN,NaN,NaN,46.768,0,2950.9,0.0064211,NaN,NaN,NaN,NaN,16.788,96252,11.25,-1.6726,0.04764,-9.5564,-6.6239,0.7852,-0.88396,NaN,NaN,NaN,NaN,NaN
402.55,-7.3871,-19.275,-146.19,-1.445,0.18036,-10.784,-7.0602,-0.58969,-0.99345,0,0,0,NaN,NaN,NaN,NaN,NaN,NaN,NaN,NaN,NaN,46.768,0,2950.9,0.0064211,NaN,NaN,NaN,NaN,NaN,-1,-1,-1.6845,0.0431,-9.5586,-6.7466,0.75281,-0.88264,NaN,NaN,NaN,NaN,NaN
402.55,-7.4174,-19.268,-146.2,-1.3103,0.83462,-9.3099,-6.3347,0.88579,-0.95793,0,0,0,NaN,NaN,NaN,NaN,NaN,NaN,NaN,NaN,NaN,46.768,0,2950.9,0.0064211,NaN,NaN,NaN,NaN,16.984,96309,11.5,-1.6721,0.043467,-9.5468,-6.8439,0.69671,-0.89128,NaN,NaN,NaN,NaN,NaN
402.56,-7.4327,-19.27,-146.2,-1.8079,-0.80593,-10.646,-6.6289,-0.7504,-0.88871,0,0,0,NaN,NaN,NaN,NaN,NaN,NaN,NaN,NaN,NaN,46.768,0,2950.9,0.0064211,NaN,NaN,NaN,NaN,NaN,-1,-1,-1.685,0.035479,-9.5605,-6.9437,0.79071,-0.89855,NaN,NaN,NaN,NaN,NaN
402.56,-7.4495,-19.266,-146.2,-1.897,0.2355,-9.3355,-7.2644,1.5143,-0.67672,0,0,0,NaN,NaN,NaN,NaN,NaN,NaN,NaN,NaN,NaN,46.768,0,2950.9,0.0064211,NaN,NaN,NaN,NaN,NaN,-1,-1,-1.6738,0.038797,-9.5259,-7.0025,0.75617,-0.90502,NaN,NaN,NaN,NaN,NaN
402.56,-7.4663,-19.258,-146.2,-1.5409,0.19172,-9.0061,-7.2398,3.1364,-0.44599,0.062691,-0.2001,-1.1317,NaN,NaN,NaN,NaN,NaN,NaN,NaN,NaN,NaN,46.768,0,2950.9,0.0064211,NaN,NaN,NaN,NaN,16.739,96236,11.188,-1.672,0.040851,-9.5475,-7.0772,0.72203,-0.89632,NaN,NaN,NaN,NaN,NaN
402.56,-7.4819,-19.263,-146.2,-1.1135,0.47278,-10.032,-6.7347,-2.3683,-0.98417,0,0,0,NaN,NaN,NaN,NaN,NaN,NaN,NaN,NaN,NaN,46.768,0,2950.9,0.0064211,0.77142,2.5047,0.71871,0.041621,NaN,-1,-1,-1.6747,0.034601,-9.5438,-7.17,0.72797,-0.88826,NaN,NaN,NaN,NaN,NaN
402.57,-7.4983,-19.258,-146.2,-2.6775,0.31876,-11.407,-7.2821,2.2912,-1.0999,0,0,0,NaN,NaN,NaN,NaN,NaN,NaN,NaN,NaN,NaN,46.768,0,2950.9,0.0064211,NaN,NaN,NaN,NaN,NaN,-1,-1,-1.676,0.038486,-9.5239,-7.2218,0.77295,-0.87455,NaN,NaN,NaN,NaN,NaN
402.57,-7.5154,-19.251,-146.2,-1.0593,-0.70716,-8.6034,-7.5514,2.648,-0.98789,0,0,0,NaN,NaN,NaN,NaN,NaN,NaN,NaN,NaN,NaN,46.768,0,2950.9,0.0064211,NaN,NaN,NaN,NaN,16.72,96289,11.438,-1.6759,0.03714,-9.5403,-7.2862,0.78118,-0.87586,NaN,NaN,NaN,NaN,NaN
402.57,-7.5335,-19.255,-146.2,-1.3963,0.1928,-9.8855,-7.7374,-1.691,-1.0628,0.058312,-0.19788,-1.1365,NaN,NaN,NaN,NaN,NaN,NaN,NaN,NaN,NaN,46.768,0,2950.9,0.0064211,NaN,NaN,NaN,NaN,NaN,-1,-1,-1.6776,0.026797,-9.5253,-7.5981,0.75067,-0.91167,NaN,NaN,NaN,NaN,NaN
402.57,-7.5505,-19.251,-146.21,-2.4618,-0.15254,-9.9935,-7.4914,1.6554,-0.98841,0,0,0,NaN,NaN,NaN,NaN,NaN,NaN,NaN,NaN,NaN,46.768,0,2950.9,0.0064211,NaN,NaN,NaN,NaN,16.694,96276,11.375,-1.68,0.030147,-9.5062,-7.6173,0.75932,-0.91334,NaN,NaN,NaN,NaN,NaN
402.58,-7.5683,-19.247,-146.21,-1.2211,0.058838,-9.7424,-7.706,1.3254,-0.80598,0,0,0,NaN,NaN,NaN,NaN,NaN,NaN,NaN,NaN,NaN,46.768,0,2950.9,0.0064211,0.74569,2.5966,0.63473,0.087403,NaN,-1,-1,-1.6761,0.029143,-9.5415,-7.6353,0.78724,-0.91063,NaN,NaN,NaN,NaN,NaN
402.58,-7.5858,-19.249,-146.21,-1.6515,-0.32928,-9.7061,-7.5374,-0.75012,-1.0274,0,0,0,NaN,NaN,NaN,NaN,NaN,NaN,NaN,NaN,NaN,46.768,0,2950.9,0.0064211,NaN,NaN,NaN,NaN,NaN,-1,-1,-1.6796,0.025649,-9.5242,-7.7065,0.76061,-0.91019,NaN,NaN,NaN,NaN,NaN
402.58,-7.6019,-19.246,-146.21,-1.463,1.3823,-11.102,-7.1339,1.35,-1.1178,0.062961,-0.19542,-1.1339,NaN,NaN,NaN,NaN,NaN,NaN,NaN,NaN,NaN,46.787,0.024486,2996.7,0.0075089,NaN,NaN,NaN,NaN,16.865,96283,11.438,-1.6784,0.021632,-9.5194,-7.9516,0.7582,-0.93138,NaN,NaN,NaN,NaN,NaN
402.58,-7.6175,-19.242,-146.21,-1.7075,-1.4017,-9.8863,-6.9279,1.742,-1.0311,0,0,0,NaN,NaN,NaN,NaN,NaN,NaN,NaN,NaN,NaN,46.787,0.024486,2996.7,0.0075089,NaN,NaN,NaN,NaN,NaN,-1,-1,-1.6753,0.022013,-9.5264,-7.9071,0.76071,-0.93033,NaN,NaN,NaN,NaN,NaN
402.59,-7.6347,-19.243,-146.21,-1.9007,0.6316,-8.677,-7.3451,-0.58006,-0.75459,0,0,0,NaN,NaN,NaN,NaN,NaN,NaN,NaN,NaN,NaN,46.787,0.024486,2996.7,0.0075089,NaN,NaN,NaN,NaN,NaN,-1,-1,-1.6752,0.024791,-9.5332,-7.8435,0.76866,-0.93856,NaN,NaN,NaN,NaN,NaN
402.59,-7.6527,-19.236,-146.21,-1.6314,0.085205,-10.877,-7.7372,2.517,-0.50535,0,0,0,NaN,NaN,NaN,NaN,NaN,NaN,NaN,NaN,NaN,46.787,0.024486,2996.7,0.0075089,0.82179,2.5017,0.70045,0.024972,16.862,96260,11.313,-1.6714,0.017345,-9.5029,-7.7894,0.68192,-0.92014,NaN,NaN,NaN,NaN,NaN
402.59,-7.6711,-19.237,-146.21,-1.3396,-0.33715,-9.4201,-7.9251,-0.36492,-1.0357,0.055687,-0.20252,-1.1345,NaN,NaN,NaN,NaN,NaN,NaN,NaN,NaN,NaN,46.787,0.024486,2996.7,0.0075089,NaN,NaN,NaN,NaN,NaN,-1,-1,-1.6748,0.011118,-9.5148,-7.7259,0.76885,-0.9049,NaN,NaN,NaN,NaN,NaN
402.59,-7.6914,-19.233,-146.22,-1.8629,0.80902,-10.805,-8.7066,1.6215,-0.7551,0,0,0,NaN,NaN,NaN,NaN,NaN,NaN,NaN,NaN,NaN,46.787,0.024486,2996.7,0.0075089,NaN,NaN,NaN,NaN,16.888,96269,11.375,-1.6669,0.014531,-9.5134,-7.6623,0.74301,-0.87257,NaN,NaN,NaN,NaN,NaN
402.6,-7.7092,-19.229,-146.22,-1.8497,0.53344,-8.4542,-7.764,1.6069,-0.92957,0,0,0,NaN,NaN,NaN,NaN,NaN,NaN,NaN,NaN,NaN,46.787,0.024486,2996.7,0.0075089,NaN,NaN,NaN,NaN,NaN,-1,-1,-1.6604,0.012498,-9.5055,-7.6026,0.73998,-0.85302,NaN,NaN,NaN,NaN,NaN
402.6,-7.7284,-19.232,-146.22,-1.2762,-0.55657,-10.746,-8.2529,-1.4209,-1.1487,0,0,0,NaN,NaN,NaN,NaN,NaN,NaN,NaN,NaN,NaN,46.787,0.024486,2996.7,0.0075089,NaN,NaN,NaN,NaN,NaN,-1,-1,-1.6661,0.0066921,-9.5078,-7.5489,0.7509,-0.85132,NaN,NaN,NaN,NaN,NaN
402.6,-7.748,-19.231,-146.22,-1.9425,-0.44463,-10.37,-8.4165,0.45418,-0.90602,0.067601,-0.19788,-1.1334,-7.5072,-16.002,-5.6924,18.57,40.059,-88.548,3.6794e+05,4.4355e+06,384.73,46.787,0.024486,2996.7,0.0075089,0.75938,2.6038,0.63899,NaN,16.787,96237,11.188,-1.67,0.015075,-9.502,-7.5092,0.77073,-0.8304,18.375,-2.5819,-0.73586,-2.2933,-7.992
402.6,-7.7679,-19.225,-146.22,-1.9024,0.40626,-9.0646,-8.5103,2.3447,-0.66039,0,0,0,NaN,NaN,NaN,NaN,NaN,NaN,NaN,NaN,NaN,46.787,0.024486,2996.7,0.0075089,NaN,NaN,NaN,0.097392,NaN,-1,-1,-1.6701,0.013609,-9.4902,-7.4798,0.77983,-0.80225,NaN,NaN,NaN,NaN,NaN
402.61,-7.7851,-19.226,-146.22,-1.2704,-0.32127,-10.007,-7.3785,-0.32813,-0.72273,0,0,0,NaN,NaN,NaN,NaN,NaN,NaN,NaN,NaN,NaN,46.787,0.024486,2996.7,0.0075089,NaN,NaN,NaN,NaN,NaN,-1,-1,-1.6583,0.005577,-9.4165,-7.4736,0.82253,-0.78575,NaN,NaN,NaN,NaN,NaN
402.61,-7.8031,-19.224,-146.22,-1.6369,0.08021,-9.7865,-7.6908,0.79446,-0.67202,0,0,0,NaN,NaN,NaN,NaN,NaN,NaN,NaN,NaN,NaN,46.787,0.024486,2996.7,0.0075089,NaN,NaN,NaN,NaN,16.981,96246,11.25,-1.6593,0.014077,-9.4242,-7.4364,0.73653,-0.76844,NaN,NaN,NaN,NaN,NaN
402.61,-7.8366,-19.223,-146.22,-1.9527,-0.34069,-10.73,-7.2832,-0.44886,-0.70434,0,0,0,NaN,NaN,NaN,NaN,NaN,NaN,NaN,NaN,NaN,46.787,0.024486,2996.7,0.0075089,NaN,NaN,NaN,NaN,NaN,-1,-1,-1.6594,0.014281,-9.4143,-7.368,0.7764,-0.75774,NaN,NaN,NaN,NaN,NaN
402.61,-7.8555,-19.215,-146.23,-2.0637,-0.42459,-9.1025,-8.1847,2.9659,-0.6789,0,0,0,NaN,NaN,NaN,NaN,NaN,NaN,NaN,NaN,NaN,46.787,0.024486,2996.7,0.0075089,NaN,NaN,NaN,NaN,16.937,96265,11.375,-1.6592,0.013491,-9.4262,-7.3049,0.67428,-0.72758,NaN,NaN,NaN,NaN,NaN
402.62,-7.8944,-19.214,-146.23,-2.011,0.93456,-10.602,-7.7858,-0.48432,-0.77218,0.062711,-0.19026,-1.1272,NaN,NaN,NaN,NaN,NaN,NaN,NaN,NaN,NaN,46.787,0.024486,2996.7,0.0075089,0.7561,2.6049,0.63533,0.097392,NaN,-1,-1,-1.6588,0.0071557,-9.4259,-7.2526,0.75492,-0.69565,NaN,NaN,NaN,NaN,NaN
402.62,-7.9116,-19.209,-146.23,-2.1579,-0.32943,-9.8974,-7.5357,1.9718,-0.99901,0,0,0,NaN,NaN,NaN,NaN,NaN,NaN,NaN,NaN,NaN,46.787,0.024486,2996.7,0.0075089,NaN,NaN,NaN,NaN,NaN,-1,-1,-1.6441,0.011289,-9.3427,-7.1752,0.8734,-0.65786,NaN,NaN,NaN,NaN,NaN
402.62,-7.9312,-19.208,-146.23,-0.84629,-0.45476,-9.778,-8.442,0.22506,-0.98629,0,0,0,NaN,NaN,NaN,NaN,NaN,NaN,NaN,NaN,NaN,46.787,0.024486,2996.7,0.0075089,NaN,NaN,NaN,NaN,16.789,96267,11.313,-1.6518,0.015468,-9.3378,-7.0933,0.70333,-0.6237,NaN,NaN,NaN,NaN,NaN
402.62,-7.9511,-19.207,-146.23,-1.966,0.18157,-9.2446,-8.4834,0.38692,-0.75865,0,0,0,NaN,NaN,NaN,NaN,NaN,NaN,NaN,NaN,NaN,46.787,0.024486,2996.7,0.0075089,NaN,NaN,NaN,NaN,NaN,-1,-1,-1.6447,0.016811,-9.3527,-7.0095,0.7626,-0.60141,NaN,NaN,NaN,NaN,NaN
402.63,0,0,0,0,0,0,0,0,0,0,0,0,NaN,NaN,NaN,NaN,NaN,NaN,NaN,NaN,NaN,46.787,0.024486,2996.7,0.0075089,NaN,NaN,NaN,NaN,NaN,-1,-1,-1.6494,0.021034,-9.3443,-6.9658,0.91839,-0.58002,NaN,NaN,NaN,NaN,NaN
402.63,-7.9699,-19.201,-146.23,-2.166,-0.22531,-10.51,-8.0795,2.1336,-0.6102,0.070435,-0.18604,-1.1354,NaN,NaN,NaN,NaN,NaN,NaN,NaN,NaN,NaN,46.787,0.024486,2996.7,0.0075089,0.7758,2.6133,0.64933,0.069923,17.028,96269,11.313,-1.6497,0.011631,-9.3454,-6.9425,0.82782,-0.55308,NaN,NaN,NaN,NaN,NaN
402.63,-7.9883,-19.2,-146.23,-1.346,0.21592,-8.5598,-7.9235,0.41161,-0.86224,0,0,0,NaN,NaN,NaN,NaN,NaN,NaN,NaN,NaN,NaN,46.787,0.024486,2996.7,0.0075089,NaN,NaN,NaN,NaN,16.956,96250,11.25,-1.6467,0.01133,-9.339,-6.88,0.90091,-0.52759,NaN,NaN,NaN,NaN,NaN
402.63,-8.0387,-19.195,-146.23,-1.8833,-0.35451,-10.428,-6.6175,0.71752,-0.40548,0.070016,-0.20044,-1.1354,NaN,NaN,NaN,NaN,NaN,NaN,NaN,NaN,NaN,46.787,0.024486,2996.7,0.0075089,NaN,NaN,NaN,NaN,NaN,-1,-1,-1.6521,0.019211,-9.3545,-6.8374,0.85927,-0.4926,NaN,NaN,NaN,NaN,NaN
402.64,0,0,0,0,0,0,0,0,0,0,0,0,NaN,NaN,NaN,NaN,NaN,NaN,NaN,NaN,NaN,46.787,0.024486,2996.7,0.0075089,NaN,NaN,NaN,NaN,NaN,-1,-1,-1.6505,0.020551,-9.3314,-6.7557,0.78802,-0.46548,NaN,NaN,NaN,NaN,NaN
402.64,-8.0557,-19.19,-146.23,-1.87,0.24383,-9.0312,-7.2186,1.8266,-0.25118,0,0,0,NaN,NaN,NaN,NaN,NaN,NaN,NaN,NaN,NaN,46.787,0.024486,2996.7,0.0075089,NaN,NaN,NaN,NaN,NaN,-1,-1,-1.6507,0.02735,-9.3269,-6.6526,0.85865,-0.43529,NaN,NaN,NaN,NaN,NaN
402.64,-8.0724,-19.188,-146.23,-1.2468,0.012782,-9.3315,-7.0014,0.47745,-0.1979,0,0,0,NaN,NaN,NaN,NaN,NaN,NaN,NaN,NaN,NaN,46.787,0.024486,2996.7,0.0075089,0.76704,2.482,0.72418,0.053274,17.127,96306,11.5,-1.6503,0.027271,-9.2942,-6.5446,0.88464,-0.41087,NaN,NaN,NaN,NaN,NaN
402.64,-8.1062,-19.18,-146.23,-2.1632,-0.16234,-9.2533,-7.0672,2.3621,-0.51566,0.051677,-0.17846,-1.1349,NaN,NaN,NaN,NaN,NaN,NaN,NaN,NaN,NaN,46.787,0.024486,2996.7,0.0075089,NaN,NaN,NaN,NaN,NaN,-1,-1,-1.6672,0.028001,-9.3886,-6.4491,0.85474,-0.3761,NaN,NaN,NaN,NaN,NaN
402.65,-8.1236,-19.179,-146.23,-1.4015,0.009021,-9.2788,-7.3421,0.20976,-0.32343,0,0,0,NaN,NaN,NaN,NaN,NaN,NaN,NaN,NaN,NaN,46.787,0.024486,2996.7,0.0075089,NaN,NaN,NaN,NaN,NaN,-1,-1,-1.6754,0.028014,-9.3925,-6.3451,0.90542,-0.31822,NaN,NaN,NaN,NaN,NaN
402.65,-8.1408,-19.178,-146.23,-1.9174,-0.014118,-10.559,-7.259,0.1669,-0.40588,0,0,0,NaN,NaN,NaN,NaN,NaN,NaN,NaN,NaN,NaN,46.787,0.024486,2996.7,0.0075089,NaN,NaN,NaN,NaN,16.93,96240,11.188,-1.6699,0.040181,-9.3677,-6.2366,0.86612,-0.29721,NaN,NaN,NaN,NaN,NaN
402.65,-8.1572,-19.174,-146.23,-2.0409,-0.18008,-9.6869,-7.0101,1.5998,-0.34567,0,0,0,NaN,NaN,NaN,NaN,NaN,NaN,NaN,NaN,NaN,46.787,0.024486,2996.7,0.0075089,NaN,NaN,NaN,NaN,17.288,96268,11.313,-1.6736,0.047913,-9.364,-6.2022,0.96961,-0.25119,NaN,NaN,NaN,NaN,NaN
402.65,-8.1713,-19.162,-146.24,-1.1446,0.35843,-9.2046,-6.7777,1.6075,0.021429,0.077379,-0.1811,-1.1303,NaN,NaN,NaN,NaN,NaN,NaN,NaN,NaN,NaN,46.787,0.024486,2996.7,0.0075089,NaN,NaN,NaN,NaN,NaN,-1,-1,-1.6882,0.048152,-9.3641,-6.1363,0.95541,-0.21679,NaN,NaN,NaN,NaN,NaN
402.66,-8.1872,-19.162,-146.24,-2.0671,-0.52436,-9.4588,-6.6925,-0.1374,-0.24717,0,0,0,NaN,NaN,NaN,NaN,NaN,NaN,NaN,NaN,NaN,46.787,0.024486,2996.7,0.0075089,NaN,NaN,NaN,NaN,NaN,-1,-1,-1.7002,0.050243,-9.4573,-6.0825,0.90866,-0.18651,NaN,NaN,NaN,NaN,NaN
402.66,-8.2018,-19.159,-146.24,-1.3542,0.90313,-10.222,-6.2522,1.2861,-0.26184,0,0,0,NaN,NaN,NaN,NaN,NaN,NaN,NaN,NaN,NaN,46.787,0.024486,2996.7,0.0075089,NaN,NaN,NaN,NaN,16.857,96226,11.125,-1.6943,0.043802,-9.4284,-6.0201,0.96731,-0.16573,NaN,NaN,NaN,NaN,NaN
402.66,-8.2152,-19.158,-146.24,-1.6064,-0.31251,-10.691,-5.7171,0.35185,-0.29129,0,0,0,NaN,NaN,NaN,NaN,NaN,NaN,NaN,NaN,NaN,46.787,0.024486,2996.7,0.0075089,NaN,NaN,NaN,NaN,NaN,-1,-1,-1.7056,0.047037,-9.4274,-5.9675,0.9514,-0.11796,NaN,NaN,NaN,NaN,NaN
402.66,-8.2295,-19.151,-146.24,-1.9376,-0.25846,-8.4532,-6.1025,2.4505,-0.12765,0.070495,-0.18856,-1.1376,NaN,NaN,NaN,NaN,NaN,NaN,NaN,NaN,NaN,46.787,0.024486,2996.7,0.0075089,NaN,NaN,NaN,NaN,17.056,96283,11.438,-1.7036,0.046255,-9.4102,-5.8653,0.9245,-0.076631,NaN,NaN,NaN,NaN,NaN
402.67,-8.2583,-19.147,-146.23,-1.7682,0.76809,-8.9404,-6.0029,0.11408,0.18988,0,0,0,NaN,NaN,NaN,NaN,NaN,NaN,NaN,NaN,NaN,46.787,0.024486,2996.7,0.0075089,NaN,NaN,NaN,0.029134,NaN,-1,-1,-1.7097,0.051398,-9.4274,-5.7779,1.0087,-0.029392,NaN,NaN,NaN,NaN,NaN
402.67,-8.2716,-19.14,-146.23,-1.9695,-0.44595,-10.714,-5.7493,2.6769,-0.24947,0,0,0,NaN,NaN,NaN,NaN,NaN,NaN,NaN,NaN,NaN,46.787,0.024486,2996.7,0.0075089,NaN,NaN,NaN,NaN,NaN,-1,-1,-1.7111,0.046652,-9.4302,-5.7014,0.92056,0.018485,NaN,NaN,NaN,NaN,NaN
402.67,-8.2854,-19.141,-146.23,-1.542,0.31017,-8.4991,-5.7529,-0.59668,-0.016673,0.06796,-0.18097,-1.1312,NaN,NaN,NaN,NaN,NaN,NaN,NaN,NaN,NaN,46.787,0.024486,2996.7,0.0075089,NaN,NaN,NaN,NaN,17.054,96275,11.375,-1.7203,0.050016,-9.3916,-5.6316,1.0302,0.074926,NaN,NaN,NaN,NaN,NaN
402.67,-8.3008,-19.141,-146.23,-1.7767,0.26533,-10.845,-6.3185,-0.035695,0.20569,0,0,0,NaN,NaN,NaN,NaN,NaN,NaN,NaN,NaN,NaN,46.787,0.024486,2996.7,0.0075089,NaN,NaN,NaN,NaN,NaN,-1,-1,-1.7146,0.061399,-9.382,-5.551,1.0068,0.1243,NaN,NaN,NaN,NaN,NaN
402.68,-8.314,-19.133,-146.23,-1.8628,-0.5143,-9.4852,-5.7315,3.1589,-0.10777,0,0,0,NaN,NaN,NaN,NaN,NaN,NaN,NaN,NaN,NaN,46.787,0.024486,2996.7,0.0075089,NaN,NaN,NaN,NaN,NaN,-1,-1,-1.7192,0.06532,-9.4032,-5.4674,0.97596,0.15171,NaN,NaN,NaN,NaN,NaN
402.68,-8.3287,-19.13,-146.23,-1.6592,-0.18025,-7.588,-6.1182,1.0277,0.16112,0,0,0,NaN,NaN,NaN,NaN,NaN,NaN,NaN,NaN,NaN,46.787,0.024486,2996.7,0.0075089,0.75993,2.6044,0.63473,0.094062,17.145,96257,11.25,-1.7302,0.061559,-9.3751,-5.446,1.0345,0.1825,NaN,NaN,NaN,NaN,NaN
402.68,-8.3411,-19.132,-146.23,-2.146,0.57652,-11.182,-4.9876,-1.376,0.37036,0.067941,-0.19081,-1.1356,NaN,NaN,NaN,NaN,NaN,NaN,NaN,NaN,NaN,46.787,0.024486,2996.7,0.0075089,NaN,NaN,NaN,NaN,17.076,96267,11.313,-1.7221,0.056485,-9.3549,-5.4441,0.91665,0.21286,NaN,NaN,NaN,NaN,NaN
402.68,-8.3622,-19.12,-146.22,-1.5172,-1.0161,-8.4977,-4.2293,1.4004,0.19435,0,0,0,NaN,NaN,NaN,NaN,NaN,NaN,NaN,NaN,NaN,46.787,0.024486,2996.7,0.0075089,NaN,NaN,NaN,NaN,NaN,-1,-1,-1.7287,0.064816,-9.3658,-5.1678,0.95796,0.26138,NaN,NaN,NaN,NaN,NaN
402.69,-8.374,-19.12,-146.22,-2.0515,0.25804,-9.607,-4.8312,-0.41133,0.36394,0,0,0,NaN,NaN,NaN,NaN,NaN,NaN,NaN,NaN,NaN,46.787,0.024486,2996.7,0.0075089,NaN,NaN,NaN,NaN,NaN,-1,-1,-1.7346,0.062906,-9.3562,-5.0947,1.0608,0.29405,NaN,NaN,NaN,NaN,NaN
402.69,-8.3837,-19.112,-146.22,-2.1238,0.76885,-10.278,-4.1372,2.9354,0.34595,0.07265,-0.19087,-1.1352,NaN,NaN,NaN,NaN,NaN,NaN,NaN,NaN,NaN,46.787,0.024486,2996.7,0.0075089,NaN,NaN,NaN,NaN,NaN,-1,-1,-1.7313,0.064083,-9.3246,-5.0274,1.0228,0.31048,NaN,NaN,NaN,NaN,NaN
402.69,-8.3953,-19.107,-146.22,-1.0859,-0.078932,-8.2453,-4.8697,1.9779,0.43551,0,0,0,NaN,NaN,NaN,NaN,NaN,NaN,NaN,NaN,NaN,46.807,0,3045.2,0.0069644,0.77252,2.497,0.71992,0.034961,16.838,96281,11.375,-1.7274,0.074267,-9.3343,-4.9279,0.98057,0.35048,NaN,NaN,NaN,NaN,NaN
402.69,-8.4072,-19.107,-146.22,-2.0055,-0.18081,-9.4779,-4.8835,-0.30636,0.27204,0,0,0,NaN,NaN,NaN,NaN,NaN,NaN,NaN,NaN,NaN,46.807,0,3045.2,0.0069644,NaN,NaN,NaN,NaN,NaN,-1,-1,-1.7364,0.079782,-9.3281,-4.5944,1.0234,0.40585,NaN,NaN,NaN,NaN,NaN
402.7,-8.4182,-19.103,-146.21,-2.2147,0.89332,-9.6204,-4.5176,1.5096,0.54832,0,0,0,NaN,NaN,NaN,NaN,NaN,NaN,NaN,NaN,NaN,46.807,0,3045.2,0.0069644,NaN,NaN,NaN,NaN,NaN,-1,-1,-1.7389,0.085065,-9.3025,-4.4604,1.1419,0.44128,NaN,NaN,NaN,NaN,NaN
402.7,-8.4286,-19.1,-146.21,-1.0771,0.018686,-10.408,-4.2301,0.8658,0.59284,0.061026,-0.18099,-1.134,NaN,NaN,NaN,NaN,NaN,NaN,NaN,NaN,NaN,46.807,0,3045.2,0.0069644,NaN,NaN,NaN,NaN,17.241,96265,11.313,-1.7371,0.081895,-9.2849,-4.3313,1.113,0.48541,NaN,NaN,NaN,NaN,NaN
402.7,-8.4397,-19.095,-146.21,-2.3021,-0.84175,-8.4454,-4.6827,1.6552,0.24058,0,0,0,NaN,NaN,NaN,NaN,NaN,NaN,NaN,NaN,NaN,46.807,0,3045.2,0.0069644,NaN,NaN,NaN,NaN,NaN,-1,-1,-1.7432,0.089897,-9.2858,-4.2198,1.2359,0.52329,NaN,NaN,NaN,NaN,NaN
402.7,-8.4521,-19.09,-146.21,-1.7986,0.3485,-8.5958,-4.9913,1.6791,0.89358,0,0,0,NaN,NaN,NaN,NaN,NaN,NaN,NaN,NaN,NaN,46.807,0,3045.2,0.0069644,0.75829,2.6085,0.64142,0.094895,17.169,96252,11.25,-1.7445,0.098556,-9.2741,-4.1621,1.2077,0.55553,NaN,NaN,NaN,NaN,NaN
402.71,-8.4609,-19.092,-146.2,-1.5482,1.0181,-10.291,-3.5597,-0.76455,0.49194,0,0,0,NaN,NaN,NaN,NaN,NaN,NaN,NaN,NaN,NaN,46.807,0,3045.2,0.0069644,NaN,NaN,NaN,NaN,NaN,-1,-1,-1.7441,0.093411,-9.2635,-4.1346,1.1702,0.59199,NaN,NaN,NaN,NaN,NaN
402.71,-8.469,-19.084,-146.2,-1.9037,-0.33733,-9.9957,-3.4101,2.9492,0.70772,0.070445,-0.18112,-1.1332,NaN,NaN,NaN,NaN,NaN,NaN,NaN,NaN,NaN,46.807,0,3045.2,0.0069644,NaN,NaN,NaN,NaN,NaN,-1,-1,-1.7523,0.095051,-9.261,-4.0719,1.2235,0.61722,NaN,NaN,NaN,NaN,NaN
402.71,-8.4772,-19.081,-146.2,-1.4812,-0.45641,-8.8595,-3.3671,0.94784,0.60745,0,0,0,NaN,NaN,NaN,NaN,NaN,NaN,NaN,NaN,NaN,46.807,0,3045.2,0.0069644,NaN,NaN,NaN,NaN,17.334,96248,11.25,-1.7494,0.097041,-9.238,-4.0217,1.1822,0.65021,NaN,NaN,NaN,NaN,NaN
402.71,-8.4872,-19.082,-146.19,-1.7976,0.8378,-8.9521,-3.7722,-0.83933,1.166,0,0,0,NaN,NaN,NaN,NaN,NaN,NaN,NaN,NaN,NaN,46.807,0,3045.2,0.0069644,NaN,NaN,NaN,NaN,NaN,-1,-1,-1.7527,0.10388,-9.2254,-3.9896,1.1689,0.67196,NaN,NaN,NaN,NaN,NaN
402.72,-8.4959,-19.073,-146.19,-2.4683,0.28771,-10.811,-3.6711,3.4701,0.67976,0,0,0,NaN,NaN,NaN,NaN,NaN,NaN,NaN,NaN,NaN,46.807,0,3045.2,0.0069644,0.77471,2.4856,0.72114,0.04828,NaN,-1,-1,-1.7535,0.10573,-9.2275,-3.9418,1.2329,0.7001,NaN,NaN,NaN,NaN,NaN
402.72,-8.5061,-19.068,-146.19,-1.0092,-0.22964,-7.4435,-4.0828,1.4774,0.85651,0.06815,-0.18361,-1.1356,NaN,NaN,NaN,NaN,NaN,NaN,NaN,NaN,NaN,46.807,0,3045.2,0.0069644,0.77471,2.4856,0.72114,0.04828,17.168,96257,11.25,-1.7511,0.11263,-9.2242,-3.8775,1.167,0.72689,NaN,NaN,NaN,NaN,NaN
402.72,-8.5162,-19.07,-146.19,-1.8282,0.85992,-10.063,-3.9908,-1.0544,0.77086,0,0,0,NaN,NaN,NaN,NaN,NaN,NaN,NaN,NaN,NaN,46.807,0,3045.2,0.0069644,NaN,NaN,NaN,NaN,NaN,-1,-1,-1.7575,0.11953,-9.2171,-3.8277,1.2383,0.75454,NaN,NaN,NaN,NaN,NaN
402.72,-8.524,-19.063,-146.18,-2.5656,0.58843,-9.6897,-3.2276,2.6405,0.73367,0,0,0,NaN,NaN,NaN,NaN,NaN,NaN,NaN,NaN,NaN,46.807,0,3045.2,0.0069644,NaN,NaN,NaN,NaN,17.049,96241,11.188,-1.7574,0.12562,-9.199,-3.7869,1.2604,0.78725,NaN,NaN,NaN,NaN,NaN
402.73,-8.5337,-19.061,-146.18,-0.89749,-0.73435,-9.39,-3.9965,0.30728,0.46942,0,0,0,NaN,NaN,NaN,NaN,NaN,NaN,NaN,NaN,NaN,46.807,0,3045.2,0.0069644,NaN,NaN,NaN,NaN,NaN,-1,-1,-1.7628,0.13038,-9.1918,-3.7349,1.2513,0.80588,NaN,NaN,NaN,NaN,NaN
402.73,-8.5439,-19.059,-146.18,-2.0074,-0.074588,-9.8374,-4.1896,0.80655,0.5093,0.06776,-0.18325,-1.129,NaN,NaN,NaN,NaN,NaN,NaN,NaN,NaN,NaN,46.807,0,3045.2,0.0069644,NaN,NaN,NaN,NaN,NaN,-1,-1,-1.7595,0.13986,-9.178,-3.747,1.2463,0.81562,NaN,NaN,NaN,NaN,NaN
402.73,-8.5543,-19.049,-146.18,-2.3804,0.32306,-8.2607,-4.2935,3.7106,0.85508,0,0,0,NaN,NaN,NaN,NaN,NaN,NaN,NaN,NaN,NaN,46.807,0,3045.2,0.0069644,0.82453,2.5077,0.70714,NaN,17.359,96285,11.375,-1.7581,0.14472,-9.1811,-3.7813,1.2197,0.84914,NaN,NaN,NaN,NaN,NaN
402.73,-8.5634,-19.05,-146.17,-1.254,-0.040004,-9.1419,-3.6519,-0.56442,0.6581,0,0,0,NaN,NaN,NaN,NaN,NaN,NaN,NaN,NaN,NaN,46.807,0,3045.2,0.0069644,NaN,NaN,NaN,0.010821,NaN,-1,-1,-1.7537,0.14659,-9.1466,-3.8018,1.2992,0.86339,NaN,NaN,NaN,NaN,NaN
402.74,-8.5815,-19.037,-146.17,-1.7316,0.37483,-9.6081,-3.4891,4.9753,0.794,0.070486,-0.19348,-1.1398,NaN,NaN,NaN,NaN,NaN,NaN,NaN,NaN,NaN,46.807,0,3045.2,0.0069644,NaN,NaN,NaN,NaN,NaN,-1,-1,-1.7527,0.15638,-9.1452,-3.8704,1.3501,0.86822,NaN,NaN,NaN,NaN,NaN
402.74,-8.5882,-19.037,-146.16,-1.7494,-0.052259,-7.8988,-2.56,-0.06738,1.0416,0,0,0,NaN,NaN,NaN,NaN,NaN,NaN,NaN,NaN,NaN,46.807,0,3045.2,0.0069644,NaN,NaN,NaN,NaN,17.125,96278,11.375,-1.7523,0.15792,-9.1506,-3.8744,1.2143,0.88679,NaN,NaN,NaN,NaN,NaN
402.74,-8.5982,-19.036,-146.16,-2.144,-0.21828,-10.418,-3.9201,-0.035753,0.96102,0,0,0,NaN,NaN,NaN,NaN,NaN,NaN,NaN,NaN,NaN,46.807,0,3045.2,0.0069644,NaN,NaN,NaN,NaN,17.215,96259,11.25,-1.7536,0.16089,-9.1496,-3.8463,1.2058,0.88035,NaN,NaN,NaN,NaN,NaN
402.74,-8.6082,-19.029,-146.16,-1.4784,1.1009,-10.072,-4.0159,2.5391,1.1511,0,0,0,NaN,NaN,NaN,NaN,NaN,NaN,NaN,NaN,NaN,46.807,0,3045.2,0.0069644,0.7561,2.6049,0.63533,0.097392,NaN,-1,-1,-1.756,0.17963,-9.1249,-3.8596,1.2643,0.90212,NaN,NaN,NaN,NaN,NaN
402.75,-8.6179,-19.02,-146.16,-1.6547,0.4645,-8.9566,-3.9775,3.246,0.85222,0.070045,-0.18568,-1.1288,NaN,NaN,NaN,NaN,NaN,NaN,NaN,NaN,NaN,46.807,0,3045.2,0.0069644,NaN,NaN,NaN,NaN,NaN,-1,-1,-1.7508,0.17825,-9.1216,-3.85,1.2609,0.91898,NaN,NaN,NaN,NaN,NaN
402.75,-8.6274,-19.02,-146.15,-2.0261,-0.6873,-7.7213,-3.775,-0.094882,0.79057,0,0,0,NaN,NaN,NaN,NaN,NaN,NaN,NaN,NaN,NaN,46.807,0,3045.2,0.0069644,NaN,NaN,NaN,NaN,NaN,-1,-1,-1.7538,0.19066,-9.1052,-3.8339,1.2577,0.94069,NaN,NaN,NaN,NaN,NaN
402.75,-8.6393,-19.021,-146.15,-1.58,0.73523,-11.584,-4.5634,-0.95535,1.1703,0,0,0,NaN,NaN,NaN,NaN,NaN,NaN,NaN,NaN,NaN,46.807,0,3045.2,0.0069644,NaN,NaN,NaN,NaN,17.192,96257,11.25,-1.7638,0.19339,-9.0937,-3.8532,1.1672,0.94643,NaN,NaN,NaN,NaN,NaN
402.75,-8.6618,-19.006,-146.14,-1.6938,-1.2254,-6.8401,-4.6149,1.9788,0.98509,0.070365,-0.18844,-1.1354,NaN,NaN,NaN,NaN,NaN,NaN,NaN,NaN,NaN,46.807,0,3045.2,0.0069644,NaN,NaN,NaN,NaN,NaN,-1,-1,-1.7567,0.19566,-9.0956,-3.8614,1.2218,0.95474,NaN,NaN,NaN,NaN,NaN
402.76,-8.6734,-19.007,-146.14,-2.0452,0.65905,-10.928,-4.5835,-0.71476,0.79315,0,0,0,NaN,NaN,NaN,NaN,NaN,NaN,NaN,NaN,NaN,46.807,0,3045.2,0.0069644,NaN,NaN,NaN,NaN,NaN,-1,-1,-1.7537,0.20278,-9.0843,-3.8658,1.3214,0.96771,NaN,NaN,NaN,NaN,NaN
402.76,-8.6826,-19.002,-146.13,-1.6803,1.4593,-9.15,-3.6353,1.5516,1.0756,0,0,0,NaN,NaN,NaN,NaN,NaN,NaN,NaN,NaN,NaN,46.807,0,3045.2,0.0069644,0.78894,2.6115,0.65542,0.074917,17.305,96241,11.125,-1.7581,0.21119,-9.089,-3.9028,1.3338,0.96116,NaN,NaN,NaN,NaN,NaN
402.76,-8.6896,-18.997,-146.13,-1.2266,-0.43372,-9.9148,-2.8992,1.7028,0.78656,0,0,0,NaN,NaN,NaN,NaN,NaN,NaN,NaN,NaN,NaN,46.807,0,3045.2,0.0069644,NaN,NaN,NaN,NaN,NaN,-1,-1,-1.7583,0.20514,-9.0689,-3.9492,1.4189,0.97029,NaN,NaN,NaN,NaN,NaN
402.76,-8.6999,-18.995,-146.13,-1.9322,-0.51306,-8.8206,-3.9998,0.35329,1.0891,0.070575,-0.18124,-1.1354,NaN,NaN,NaN,NaN,NaN,NaN,NaN,NaN,NaN,46.807,0,3045.2,0.0069644,NaN,NaN,NaN,NaN,17.123,96289,11.375,-1.7559,0.21469,-9.0671,-3.931,1.3409,0.965,NaN,NaN,NaN,NaN,NaN
402.77,-8.7093,-18.986,-146.12,-2.4779,0.81275,-10.117,-3.767,3.4749,1.2119,0,0,0,NaN,NaN,NaN,NaN,NaN,NaN,NaN,NaN,NaN,46.807,0,3045.2,0.0069644,NaN,NaN,NaN,NaN,NaN,-1,-1,-1.7528,0.21888,-9.0713,-3.873,1.3812,0.97846,NaN,NaN,NaN,NaN,NaN
402.77,-8.7183,-18.982,-146.12,-1.1565,0.80799,-8.1689,-3.4438,1.0572,1.2875,0,0,0,NaN,NaN,NaN,NaN,NaN,NaN,NaN,NaN,NaN,46.807,0,3045.2,0.0069644,0.75829,2.6014,0.64081,0.094895,NaN,-1,-1,-1.7558,0.22642,-9.0607,-3.8441,1.4004,0.99174,NaN,NaN,NaN,NaN,NaN
402.77,-8.7279,-18.982,-146.12,-1.4341,-0.45688,-9.5034,-3.7504,-0.11499,1.0227,0,0,0,NaN,NaN,NaN,NaN,NaN,NaN,NaN,NaN,NaN,46.807,0,3045.2,0.0069644,NaN,NaN,NaN,NaN,17.476,96281,11.375,-1.7608,0.24192,-9.0608,-3.778,1.3582,1.0204,NaN,NaN,NaN,NaN,NaN
402.77,-8.7376,-18.974,-146.11,-2.7228,0.84825,-9.8085,-3.9558,2.8103,0.91599,0.058871,-0.17868,-1.1364,NaN,NaN,NaN,NaN,NaN,NaN,NaN,NaN,NaN,46.807,0,3045.2,0.0069644,NaN,NaN,NaN,NaN,NaN,-1,-1,-1.7522,0.24927,-9.0615,-3.6949,1.4213,1.0394,NaN,NaN,NaN,NaN,NaN
402.78,-8.7482,-18.971,-146.11,-1.2885,0.49851,-8.6784,-4.2067,1.018,0.92917,0,0,0,NaN,NaN,NaN,NaN,NaN,NaN,NaN,NaN,NaN,46.807,0,3045.2,0.0069644,NaN,NaN,NaN,NaN,NaN,-1,-1,-1.7542,0.25433,-9.0376,-3.6372,1.3991,1.0618,NaN,NaN,NaN,NaN,NaN
402.78,-8.759,-18.97,-146.11,-1.9852,-0.40563,-10.385,-4.218,0.036268,1.0251,0,0,0,NaN,NaN,NaN,NaN,NaN,NaN,NaN,NaN,NaN,46.807,0,3045.2,0.0069644,NaN,NaN,NaN,NaN,17.074,96259,11.25,-1.7574,0.25345,-9.0483,-3.5781,1.3895,1.0862,NaN,NaN,NaN,NaN,NaN
402.78,-8.7704,-18.96,-146.1,-2.2489,-0.14017,-8.1519,-4.7173,3.7479,0.91284,0,0,0,NaN,NaN,NaN,NaN,NaN,NaN,NaN,NaN,NaN,46.807,0,3045.2,0.0069644,NaN,NaN,NaN,NaN,NaN,-1,-1,-1.7565,0.25619,-9.0502,-3.4886,1.4277,1.0976,NaN,NaN,NaN,NaN,NaN
402.78,-8.7786,-18.958,-146.1,-1.2733,1.1999,-9.5528,-3.0731,0.53795,1.3148,0.058741,-0.17856,-1.1342,NaN,NaN,NaN,NaN,NaN,NaN,NaN,NaN,NaN,46.807,0,3045.2,0.0069644,0.76267,2.6008,0.63473,0.097392,17.611,96279,11.313,-1.7564,0.27049,-9.045,-3.4346,1.3288,1.116,NaN,NaN,NaN,NaN,NaN
402.79,-8.7863,-18.953,-146.1,-1.9294,-0.5689,-9.3392,-3.1685,1.3435,0.75098,0,0,0,NaN,NaN,NaN,NaN,NaN,NaN,NaN,NaN,NaN,46.807,0,3045.2,0.0069644,NaN,NaN,NaN,NaN,NaN,-1,-1,-1.7522,0.27671,-9.0354,-3.3799,1.3713,1.1229,NaN,NaN,NaN,NaN,NaN
402.79,-8.7943,-18.949,-146.09,-1.246,0.72186,-9.0743,-3.2239,1.4845,0.87198,0,0,0,NaN,NaN,NaN,NaN,NaN,NaN,NaN,NaN,NaN,46.807,0,3045.2,0.0069644,NaN,NaN,NaN,NaN,NaN,-1,-1,-1.7535,0.27556,-9.0547,-3.3183,1.4206,1.1265,NaN,NaN,NaN,NaN,NaN
402.79,-8.8006,-18.947,-146.09,-1.9147,0.17397,-10.928,-2.3188,0.34567,1.3305,0,0,0,NaN,NaN,NaN,NaN,NaN,NaN,NaN,NaN,NaN,46.807,0,3045.2,0.0069644,NaN,NaN,NaN,NaN,17.401,96266,11.25,-1.7568,0.27475,-9.039,-3.2301,1.3357,1.1257,NaN,NaN,NaN,NaN,NaN
402.79,-8.8085,-18.938,-146.09,-2.6673,0.087358,-7.9407,-3.2103,3.3582,1.1052,0.065935,-0.17878,-1.1358,NaN,NaN,NaN,NaN,NaN,NaN,NaN,NaN,NaN,46.807,0,3045.2,0.0069644,NaN,NaN,NaN,NaN,NaN,-1,-1,-1.7489,0.28349,-9.0486,-3.1143,1.5071,1.1483,NaN,NaN,NaN,NaN,NaN
402.8,-8.8176,-18.931,-146.08,-0.68433,0.53074,-8.5035,-3.4375,2.4088,1.6883,0,0,0,NaN,NaN,NaN,NaN,NaN,NaN,NaN,NaN,NaN,46.807,0,3045.2,0.0069644,NaN,NaN,NaN,0.097392,NaN,-1,-1,-1.7538,0.29088,-9.043,-2.9827,1.4651,1.1855,NaN,NaN,NaN,NaN,NaN
402.8,-8.825,-18.935,-146.08,-1.9931,1.0845,-9.8523,-2.7756,-1.811,1.0004,0,0,0,NaN,NaN,NaN,NaN,NaN,NaN,NaN,NaN,NaN,46.807,0,3045.2,0.0069644,NaN,NaN,NaN,NaN,17.447,96253,11.188,-1.7526,0.29722,-9.0446,-2.8487,1.5222,1.2046,NaN,NaN,NaN,NaN,NaN
402.8,-8.8315,-18.926,-146.07,-2.826,-0.10262,-10.371,-2.6576,3.2587,1.0543,0,0,0,NaN,NaN,NaN,NaN,NaN,NaN,NaN,NaN,NaN,46.768,0,3085.2,0.0058767,NaN,NaN,NaN,NaN,NaN,-1,-1,-1.7466,0.30357,-9.0532,-2.7911,1.5983,1.2745,NaN,NaN,NaN,NaN,NaN
402.8,-8.8403,-18.918,-146.07,-0.80847,-0.15657,-7.4719,-3.586,2.9578,0.91593,0.059141,-0.174,-1.1386,NaN,NaN,NaN,NaN,NaN,NaN,NaN,NaN,NaN,46.768,0,3085.2,0.0058767,NaN,NaN,NaN,NaN,17.1,96287,11.375,-1.7519,0.30728,-9.0376,-2.6653,1.6087,1.2892,NaN,NaN,NaN,NaN,NaN
402.81,-8.8563,-18.912,-146.06,-2.8853,-0.32853,-10.265,-2.6384,3.6123,1.1431,0,0,0,NaN,NaN,NaN,NaN,NaN,NaN,NaN,NaN,NaN,46.768,0,3085.2,0.0058767,NaN,NaN,NaN,NaN,NaN,-1,-1,-1.7516,0.30054,-9.0596,-2.5551,1.5355,1.2945,NaN,NaN,NaN,NaN,NaN
402.81,-8.8631,-18.909,-146.06,-1.0231,0.71083,-7.1896,-2.5708,1.137,1.3033,0,0,0,NaN,NaN,NaN,NaN,NaN,NaN,NaN,NaN,NaN,46.768,0,3085.2,0.0058767,0.82946,2.5053,0.7108,0.014151,NaN,-1,-1,-1.7505,0.31473,-9.0488,-2.4629,1.4544,1.324,NaN,NaN,NaN,NaN,NaN
402.81,-8.8693,-18.911,-146.05,-1.3021,0.62826,-10.569,-2.2683,-1.2093,1.2037,0.054362,-0.17634,-1.1391,NaN,NaN,NaN,NaN,NaN,NaN,NaN,NaN,NaN,46.768,0,3085.2,0.0058767,NaN,NaN,NaN,NaN,17.474,96269,11.313,-1.748,0.31788,-9.0479,-2.38,1.4289,1.3253,NaN,NaN,NaN,NaN,NaN
402.81,-8.8785,-18.894,-146.05,-1.7497,0.12862,-9.4178,-1.5414,1.9494,1.4005,0,0,0,NaN,NaN,NaN,NaN,NaN,NaN,NaN,NaN,NaN,46.768,0,3085.2,0.0058767,NaN,NaN,NaN,NaN,NaN,-1,-1,-1.7488,0.32424,-9.0552,-2.3498,1.4124,1.3663,NaN,NaN,NaN,NaN,NaN
402.82,-8.8828,-18.894,-146.04,-2.1435,0.78561,-7.3149,-1.384,-0.23382,1.6198,0,0,0,NaN,NaN,NaN,NaN,NaN,NaN,NaN,NaN,NaN,46.768,0,3085.2,0.0058767,NaN,NaN,NaN,NaN,NaN,-1,-1,-1.7513,0.31885,-9.068,-2.2449,1.4396,1.3618,NaN,NaN,NaN,NaN,NaN
402.82,-8.8874,-18.888,-146.04,-1.348,0.35174,-10.297,-1.6125,1.8982,1.7408,0.065605,-0.18094,-1.1314,NaN,NaN,NaN,NaN,NaN,NaN,NaN,NaN,NaN,46.768,0,3085.2,0.0058767,NaN,NaN,NaN,NaN,17.406,96300,11.438,-1.7395,0.32121,-9.0535,-2.0945,1.4646,1.3411,NaN,NaN,NaN,NaN,NaN
402.82,-8.8935,-18.882,-146.03,-1.8517,0.30863,-9.4603,-2.3294,2.169,1.4361,0,0,0,NaN,NaN,NaN,NaN,NaN,NaN,NaN,NaN,NaN,46.768,0,3085.2,0.0058767,NaN,NaN,NaN,NaN,NaN,-1,-1,-1.7453,0.33133,-9.0606,-2.0004,1.405,1.347,NaN,NaN,NaN,NaN,NaN
402.82,-8.8965,-18.878,-146.03,-2.6308,0.71713,-8.0258,-1.0267,0.98314,1.3416,0,0,0,NaN,NaN,NaN,NaN,NaN,NaN,NaN,NaN,NaN,46.768,0,3085.2,0.0058767,0.78128,2.6228,0.65542,0.074917,17.425,96263,11.25,-1.7463,0.33529,-9.0594,-1.8696,1.5159,1.3575,NaN,NaN,NaN,NaN,NaN
402.83,-8.9025,-18.876,-146.02,-0.99859,-0.066232,-9.9819,-2.1923,0.61874,1.4911,0,0,0,NaN,NaN,NaN,NaN,NaN,NaN,NaN,NaN,NaN,46.768,0,3085.2,0.0058767,NaN,NaN,NaN,NaN,NaN,-1,-1,-1.739,0.33941,-9.0612,-1.7339,1.4684,1.3661,NaN,NaN,NaN,NaN,NaN
402.83,-8.909,-18.871,-146.02,-2.2042,0.46359,-9.0793,-2.4578,1.7237,1.3509,0.06372,-0.17395,-1.136,-7.445,-16.452,-5.8966,18.996,40.059,-88.548,3.6794e+05,4.4355e+06,383.1,46.768,0,3085.2,0.0058767,NaN,NaN,NaN,NaN,NaN,-1,-1,-1.7407,0.34544,-9.063,-1.6303,1.3504,1.3662,18.754,-2.9574,-0.64434,-1.9678,-8.9562
402.83,-8.9142,-18.863,-146.02,-2.1547,0.28652,-9.0244,-1.9989,2.7278,1.4336,0,0,0,NaN,NaN,NaN,NaN,NaN,NaN,NaN,NaN,NaN,46.768,0,3085.2,0.0058767,NaN,NaN,NaN,NaN,17.213,96275,11.25,-1.7427,0.35344,-9.079,-1.5617,1.4012,1.3661,NaN,NaN,NaN,NaN,NaN
402.83,-8.9193,-18.863,-146.01,-1.3784,0.16444,-8.6664,-1.8183,-0.49773,1.2964,0,0,0,NaN,NaN,NaN,NaN,NaN,NaN,NaN,NaN,NaN,46.768,0,3085.2,0.0058767,0.76157,2.6014,0.64081,0.083241,NaN,-1,-1,-1.7459,0.33951,-9.0702,-1.5156,1.3833,1.3605,NaN,NaN,NaN,NaN,NaN
402.84,-8.9242,-18.859,-146.01,-1.6469,0.76003,-9.7445,-1.7308,1.4422,1.6589,0,0,0,NaN,NaN,NaN,NaN,NaN,NaN,NaN,NaN,NaN,46.768,0,3085.2,0.0058767,NaN,NaN,NaN,NaN,NaN,-1,-1,-1.7397,0.35943,-9.0612,-1.4918,1.2812,1.3553,NaN,NaN,NaN,NaN,NaN
402.84,-8.927,-18.849,-146,-1.8688,0.2403,-9.0678,-1.1476,3.4687,1.1396,0.06372,-0.17395,-1.136,NaN,NaN,NaN,NaN,NaN,NaN,NaN,NaN,NaN,46.768,0,3085.2,0.0058767,NaN,NaN,NaN,NaN,17.521,96268,11.313,-1.7371,0.36297,-9.0824,-1.5137,1.3924,1.3418,NaN,NaN,NaN,NaN,NaN
402.84,-8.9305,-18.849,-146,-1.8581,-0.26653,-9.5027,-1.1391,-0.42135,1.4199,0,0,0,NaN,NaN,NaN,NaN,NaN,NaN,NaN,NaN,NaN,46.768,0,3085.2,0.0058767,NaN,NaN,NaN,NaN,17.476,96301,11.438,-1.7371,0.35605,-9.0648,-1.4636,1.279,1.3397,NaN,NaN,NaN,NaN,NaN
402.84,-8.9384,-18.836,-145.99,-0.99469,0.33745,-8.5905,-1.3092,2.3775,1.8747,0,0,0,NaN,NaN,NaN,NaN,NaN,NaN,NaN,NaN,NaN,46.768,0,3085.2,0.0058767,NaN,NaN,NaN,NaN,NaN,-1,-1,-1.7375,0.36403,-9.0813,-1.442,1.2685,1.3229,NaN,NaN,NaN,NaN,NaN
402.85,-8.9384,-18.836,-145.99,-0.99469,0.33745,-8.5905,-1.3092,2.3775,1.8747,0,0,0,NaN,NaN,NaN,NaN,NaN,NaN,NaN,NaN,NaN,46.768,0,3085.2,0.0058767,NaN,NaN,NaN,NaN,NaN,-1,-1,-1.7409,0.36696,-9.0729,-1.4171,1.2894,1.3059,NaN,NaN,NaN,NaN,NaN
402.85,-8.9433,-18.834,-145.98,-1.9483,0.78257,-9.6902,-1.8052,0.428,1.2991,0.06809,-0.18109,-1.1334,NaN,NaN,NaN,NaN,NaN,NaN,NaN,NaN,NaN,46.768,0,3085.2,0.0058767,0.76759,2.6091,0.63838,0.097392,NaN,-1,-1,-1.7332,0.36373,-9.0758,-1.3827,1.2399,1.3032,NaN,NaN,NaN,NaN,NaN
402.85,-8.9459,-18.828,-145.98,-2.5874,0.62038,-9.5559,-1.0493,1.9787,1.0408,0,0,0,NaN,NaN,NaN,NaN,NaN,NaN,NaN,NaN,NaN,46.768,0,3085.2,0.0058767,NaN,NaN,NaN,NaN,17.289,96284,11.375,-1.721,0.36649,-8.9779,-1.3595,1.2574,1.2982,NaN,NaN,NaN,NaN,NaN
402.85,-8.9578,-18.825,-145.97,-1.7459,-0.030664,-8.9905,-2.3041,-1.5225,1.4647,0,0,0,NaN,NaN,NaN,NaN,NaN,NaN,NaN,NaN,NaN,46.768,0,3085.2,0.0058767,NaN,NaN,NaN,NaN,NaN,-1,-1,-1.7183,0.37016,-8.9775,-1.3676,1.3311,1.3144,NaN,NaN,NaN,NaN,NaN
402.86,0,0,0,0,0,0,0,0,0,0,0,0,NaN,NaN,NaN,NaN,NaN,NaN,NaN,NaN,NaN,46.768,0,3085.2,0.0058767,NaN,NaN,NaN,NaN,NaN,-1,-1,-1.7139,0.36551,-8.991,-1.3833,1.1641,1.2965,NaN,NaN,NaN,NaN,NaN
402.86,-8.9625,-18.816,-145.97,-2.6048,0.82753,-10.425,-1.8794,3.0762,1.1757,0.073,-0.17887,-1.1352,NaN,NaN,NaN,NaN,NaN,NaN,NaN,NaN,NaN,46.768,0,3085.2,0.0058767,NaN,NaN,NaN,NaN,17.401,96269,11.25,-1.718,0.36474,-8.9888,-1.4199,1.1879,1.277,NaN,NaN,NaN,NaN,NaN
402.86,-8.9657,-18.808,-145.96,-1.3167,0.036679,-8.0581,-1.2189,2.6467,1.3235,0,0,0,NaN,NaN,NaN,NaN,NaN,NaN,NaN,NaN,NaN,46.768,0,3085.2,0.0058767,0.76048,2.602,0.63594,NaN,NaN,-1,-1,-1.7232,0.36589,-8.9926,-1.4945,1.241,1.2507,NaN,NaN,NaN,NaN,NaN
402.86,-8.9755,-18.806,-145.95,-1.8356,0.72612,-10.865,-1.5305,1.804,0.91146,0,0,0,NaN,NaN,NaN,NaN,NaN,NaN,NaN,NaN,NaN,46.768,0,3085.2,0.0058767,NaN,NaN,NaN,0.090733,17.443,96231,11.063,-1.7146,0.37437,-8.9731,-1.5578,1.2814,1.2302,NaN,NaN,NaN,NaN,NaN
402.87,-8.9797,-18.798,-145.95,-1.6651,0.15252,-9.5203,-1.5234,3.1082,1.5482,0.06392,-0.17167,-1.1382,NaN,NaN,NaN,NaN,NaN,NaN,NaN,NaN,NaN,46.768,0,3085.2,0.0058767,NaN,NaN,NaN,NaN,NaN,-1,-1,-1.7157,0.38288,-9.0042,-1.6339,1.3118,1.2133,NaN,NaN,NaN,NaN,NaN
402.87,0,0,0,0,0,0,0,0,0,0,0,0,NaN,NaN,NaN,NaN,NaN,NaN,NaN,NaN,NaN,46.768,0,3085.2,0.0058767,NaN,NaN,NaN,NaN,NaN,-1,-1,-1.7136,0.38173,-8.989,-1.7034,1.2817,1.1875,NaN,NaN,NaN,NaN,NaN
402.87,-8.9834,-18.796,-145.95,-2.4778,0.49073,-7.8532,-1.2706,0.45974,1.4828,0,0,0,NaN,NaN,NaN,NaN,NaN,NaN,NaN,NaN,NaN,46.768,0,3085.2,0.0058767,NaN,NaN,NaN,NaN,17.612,96315,11.438,-1.7045,0.38985,-8.9745,-1.7327,1.3391,1.186,NaN,NaN,NaN,NaN,NaN
402.87,-8.989,-18.793,-145.94,-0.98964,0.97021,-10.047,-1.9331,0.51767,1.7058,0,0,0,NaN,NaN,NaN,NaN,NaN,NaN,NaN,NaN,NaN,46.768,0,3085.2,0.0058767,NaN,NaN,NaN,NaN,NaN,-1,-1,-1.712,0.39726,-8.9914,-1.7794,1.2635,1.1766,NaN,NaN,NaN,NaN,NaN
402.88,-8.9985,-18.781,-145.93,-2.1189,0.27679,-8.4266,-1.4668,1.528,1.1995,0.06857,-0.16921,-1.1356,NaN,NaN,NaN,NaN,NaN,NaN,NaN,NaN,NaN,46.768,0,3085.2,0.0058767,NaN,NaN,NaN,NaN,NaN,-1,-1,-1.7131,0.40958,-8.994,-1.8135,1.3559,1.1823,NaN,NaN,NaN,NaN,NaN
402.88,-9.0055,-18.781,-145.93,-1.6849,0.34864,-10.622,-2.6358,-0.53657,1.1563,0,0,0,NaN,NaN,NaN,NaN,NaN,NaN,NaN,NaN,NaN,46.768,0,3085.2,0.0058767,NaN,NaN,NaN,NaN,17.26,96252,11.188,-1.726,0.40363,-9.0883,-1.8758,1.412,1.1797,NaN,NaN,NaN,NaN,NaN
402.88,-9.0129,-18.776,-145.92,-1.7476,0.39305,-8.4639,-2.8809,1.8268,1.2968,0,0,0,NaN,NaN,NaN,NaN,NaN,NaN,NaN,NaN,NaN,46.768,0,3085.2,0.0058767,NaN,NaN,NaN,NaN,NaN,-1,-1,-1.722,0.40457,-9.0904,-1.9076,1.3416,1.1687,NaN,NaN,NaN,NaN,NaN
402.88,-9.0196,-18.768,-145.92,-2.1607,0.49638,-10.213,-2.6467,2.7739,1.2823,0,0,0,NaN,NaN,NaN,NaN,NaN,NaN,NaN,NaN,NaN,46.768,0,3085.2,0.0058767,NaN,NaN,NaN,NaN,17.584,96243,11.125,-1.7265,0.41882,-9.1162,-1.9841,1.391,1.1615,NaN,NaN,NaN,NaN,NaN
402.89,-9.0197,-18.757,-145.93,-1.6649,0.17347,-8.5007,-2.2278,0.71998,1.1158,0.075494,-0.17411,-1.1349,NaN,NaN,NaN,NaN,NaN,NaN,NaN,NaN,NaN,46.768,0,3085.2,0.0058767,NaN,NaN,NaN,NaN,NaN,-1,-1,-1.7253,0.43078,-9.1103,-2.081,1.4874,1.1558,NaN,NaN,NaN,NaN,NaN
402.89,-9.0256,-18.754,-145.92,-1.4935,0.89975,-10.839,-2.2451,0.98216,1.2056,0,0,0,NaN,NaN,NaN,NaN,NaN,NaN,NaN,NaN,NaN,46.768,0,3085.2,0.0058767,0.77361,2.494,0.71506,0.034961,NaN,-1,-1,-1.7415,0.4206,-9.2116,-2.1801,1.5195,1.1508,NaN,NaN,NaN,NaN,NaN
402.89,-9.0308,-18.747,-145.92,-1.5584,0.074586,-8.1053,-2.0637,2.4017,1.2284,0,0,0,NaN,NaN,NaN,NaN,NaN,NaN,NaN,NaN,NaN,46.768,0,3085.2,-1.2222,NaN,NaN,NaN,NaN,17.473,96298,11.375,-1.7381,0.42613,-9.2435,-2.259,1.501,1.1368,NaN,NaN,NaN,NaN,NaN
402.89,-9.0356,-18.747,-145.91,-1.8428,0.30656,-11.292,-1.6843,-0.22294,1.3065,0,0,0,NaN,NaN,NaN,NaN,NaN,NaN,NaN,NaN,NaN,46.768,0,3085.2,-1.2222,NaN,NaN,NaN,NaN,NaN,-1,-1,-1.7486,0.4376,-9.2669,-2.3258,1.4864,1.1292,NaN,NaN,NaN,NaN,NaN
402.9,-9.0422,-18.737,-145.91,-2.4775,0.33333,-9.663,-2.6402,3.5189,1.3507,0.06392,-0.17167,-1.1382,NaN,NaN,NaN,NaN,NaN,NaN,NaN,NaN,NaN,46.768,0,3085.2,-1.2222,NaN,NaN,NaN,NaN,NaN,-1,-1,-1.7483,0.44047,-9.284,-2.37,1.5751,1.1191,NaN,NaN,NaN,NaN,NaN
402.9,-9.048,-18.733,-145.91,-1.1872,1.1473,-7.9425,-2.2325,1.3842,1.1781,0,0,0,NaN,NaN,NaN,NaN,NaN,NaN,NaN,NaN,NaN,46.768,0,3085.2,-1.2222,NaN,NaN,NaN,NaN,17.541,96282,11.313,-1.7476,0.44267,-9.2952,-2.4156,1.5286,1.1173,NaN,NaN,NaN,NaN,NaN
402.9,-9.0552,-18.731,-145.9,-1.3961,0.026516,-10.56,-2.7741,0.49005,1.1881,0,0,0,NaN,NaN,NaN,NaN,NaN,NaN,NaN,NaN,NaN,46.768,0,3085.2,0.0058767,0.76431,2.6002,0.63959,0.088236,NaN,-1,-1,-1.7521,0.44424,-9.3131,-2.4541,1.6126,1.1413,NaN,NaN,NaN,NaN,NaN
402.9,-9.0616,-18.727,-145.9,-3.0311,0.70945,-8.9567,-2.4756,1.2375,1.1575,0,0,0,NaN,NaN,NaN,NaN,NaN,NaN,NaN,NaN,NaN,46.768,0,3085.2,0.0058767,NaN,NaN,NaN,NaN,17.376,96261,11.188,-1.7532,0.45855,-9.3318,-2.4856,1.6394,1.1622,NaN,NaN,NaN,NaN,NaN
402.91,-9.0701,-18.72,-145.89,-1.1721,0.34021,-10.606,-3.4286,2.4452,0.94315,0.063251,-0.1809,-1.1316,NaN,NaN,NaN,NaN,NaN,NaN,NaN,NaN,NaN,46.768,0,3085.2,0.0058767,NaN,NaN,NaN,NaN,NaN,-1,-1,-1.7538,0.45104,-9.3451,-2.5392,1.5681,1.1577,NaN,NaN,NaN,NaN,NaN
402.91,-9.0784,-18.719,-145.89,-1.3508,0.35707,-9.1806,-3.3288,0.1343,0.83686,0,0,0,NaN,NaN,NaN,NaN,NaN,NaN,NaN,NaN,NaN,46.768,0,3085.2,0.0058767,NaN,NaN,NaN,NaN,NaN,-1,-1,-1.7583,0.45142,-9.3711,-2.5775,1.6651,1.1664,NaN,NaN,NaN,NaN,NaN
402.91,-9.0858,-18.711,-145.89,-2.7197,0.087924,-10.11,-2.9537,2.9173,1.1327,0,0,0,NaN,NaN,NaN,NaN,NaN,NaN,NaN,NaN,NaN,46.807,0,3129.5,0.0069644,NaN,NaN,NaN,NaN,17.425,96283,11.313,-1.7655,0.45701,-9.3804,-2.6833,1.6005,1.1779,NaN,NaN,NaN,NaN,NaN
402.91,-9.0921,-18.704,-145.89,-1.39,0.8539,-8.8276,-2.5436,2.4061,1.1592,0,0,0,NaN,NaN,NaN,NaN,NaN,NaN,NaN,NaN,NaN,46.807,0,3129.5,0.0069644,0.76704,2.602,0.63959,0.0899,NaN,-1,-1,-1.7607,0.46635,-9.376,-2.7098,1.4848,1.1225,NaN,NaN,NaN,NaN,NaN
402.92,-9.1061,-18.7,-145.88,-1.7835,0.2909,-11.178,-2.744,1.7533,1.1466,0,0,0,NaN,NaN,NaN,NaN,NaN,NaN,NaN,NaN,NaN,46.807,0,3129.5,0.0069644,NaN,NaN,NaN,NaN,NaN,-1,-1,-1.7609,0.45793,-9.4016,-2.768,1.5502,1.1151,NaN,NaN,NaN,NaN,NaN
402.92,-9.1123,-18.691,-145.87,-1.7433,0.70289,-10.311,-2.5391,3.4797,1.1196,0,0,0,NaN,NaN,NaN,NaN,NaN,NaN,NaN,NaN,NaN,46.807,0,3129.5,0.0069644,NaN,NaN,NaN,NaN,17.515,96279,11.25,-1.7651,0.46002,-9.4477,-2.8108,1.5763,1.1049,NaN,NaN,NaN,NaN,NaN
402.92,-9.1183,-18.686,-145.87,-2.5314,0.5179,-8.5746,-2.3471,1.8032,1.1382,0,0,0,NaN,NaN,NaN,NaN,NaN,NaN,NaN,NaN,NaN,46.807,0,3129.5,0.0069644,NaN,NaN,NaN,NaN,NaN,-1,-1,-1.7665,0.46794,-9.4299,-2.824,1.6396,1.0837,NaN,NaN,NaN,NaN,NaN
402.92,-9.1247,-18.682,-145.87,-1.0247,0.67061,-8.9906,-2.4412,0.93931,1.2964,0.065945,-0.17386,-1.1336,NaN,NaN,NaN,NaN,NaN,NaN,NaN,NaN,NaN,46.807,0,3129.5,0.0069644,NaN,NaN,NaN,NaN,17.468,96266,11.188,-1.7618,0.46629,-9.4444,-2.8381,1.6781,1.0816,NaN,NaN,NaN,NaN,NaN
402.93,-9.1323,-18.679,-145.86,-1.7127,0.52171,-10.875,-3.0842,1.1594,0.72559,0,0,0,NaN,NaN,NaN,NaN,NaN,NaN,NaN,NaN,NaN,46.807,0,3129.5,0.0069644,0.8207,2.5059,0.70471,NaN,NaN,-1,-1,-1.7681,0.46424,-9.4635,-2.7981,1.6973,1.0238,NaN,NaN,NaN,NaN,NaN
402.93,-9.1384,-18.67,-145.86,-2.699,0.41319,-8.9168,-2.4689,2.9593,1.175,0,0,0,NaN,NaN,NaN,NaN,NaN,NaN,NaN,NaN,NaN,46.807,0,3129.5,0.0069644,NaN,NaN,NaN,0.012486,NaN,-1,-1,-1.7739,0.47597,-9.4702,-2.8046,1.6464,1.0145,NaN,NaN,NaN,NaN,NaN
402.93,-9.1464,-18.67,-145.86,-1.0207,-0.087186,-10.243,-3.1321,-0.087663,0.90126,0,0,0,NaN,NaN,NaN,NaN,NaN,NaN,NaN,NaN,NaN,46.807,0,3129.5,0.0069644,NaN,NaN,NaN,NaN,17.494,96271,11.25,-1.7708,0.47799,-9.4927,-2.8329,1.6455,1.0141,NaN,NaN,NaN,NaN,NaN
402.93,-9.1544,-18.666,-145.85,-1.9829,0.70241,-9.7988,-3.247,1.1995,0.85623,0.061315,-0.16648,-1.1318,NaN,NaN,NaN,NaN,NaN,NaN,NaN,NaN,NaN,46.807,0,3129.5,0.0069644,NaN,NaN,NaN,NaN,NaN,-1,-1,-1.7669,0.47189,-9.5013,-2.8672,1.642,1.0074,NaN,NaN,NaN,NaN,NaN
402.94,-9.1616,-18.655,-145.85,-2.0165,0.008522,-9.4525,-3.0072,4.0865,0.99202,0,0,0,NaN,NaN,NaN,NaN,NaN,NaN,NaN,NaN,NaN,46.807,0,3129.5,0.0069644,NaN,NaN,NaN,NaN,NaN,-1,-1,-1.7771,0.48584,-9.5365,-2.9297,1.5676,0.98878,NaN,NaN,NaN,NaN,NaN
402.94,-9.1691,-18.654,-145.85,-1.5513,0.3544,-8.6877,-2.9136,0.12651,1.0426,0,0,0,NaN,NaN,NaN,NaN,NaN,NaN,NaN,NaN,NaN,46.807,0,3129.5,0.0069644,NaN,NaN,NaN,NaN,17.422,96282,11.25,-1.7718,0.48483,-9.5257,-3.0072,1.5062,0.9686,NaN,NaN,NaN,NaN,NaN
402.94,-9.1762,-18.655,-145.84,-1.4817,0.87709,-11.115,-2.7759,-0.63266,0.85709,0,0,0,NaN,NaN,NaN,NaN,NaN,NaN,NaN,NaN,NaN,46.807,0,3129.5,0.0069644,NaN,NaN,NaN,NaN,NaN,-1,-1,-1.7637,0.48365,-9.5276,-3.0859,1.5271,0.93614,NaN,NaN,NaN,NaN,NaN
402.94,-9.1888,-18.638,-145.84,-1.9528,0.51569,-8.8103,-2.3686,2.3383,0.90424,0,0,0,NaN,NaN,NaN,NaN,NaN,NaN,NaN,NaN,NaN,46.807,0,3129.5,0.0069644,NaN,NaN,NaN,NaN,17.494,96287,11.313,-1.7736,0.47989,-9.5764,-3.1468,1.5462,0.91649,NaN,NaN,NaN,NaN,NaN
402.95,-9.1961,-18.636,-145.83,-2.3057,0.73144,-9.7441,-2.8457,0.55548,1.0422,0,0,0,NaN,NaN,NaN,NaN,NaN,NaN,NaN,NaN,NaN,46.807,0,3129.5,0.0069644,NaN,NaN,NaN,NaN,NaN,-1,-1,-1.773,0.48356,-9.5747,-3.2269,1.4735,0.9045,NaN,NaN,NaN,NaN,NaN
402.95,-9.2043,-18.63,-145.83,-1.0468,0.6572,-9.83,-3.2279,2.14,1.2872,0,0,0,NaN,NaN,NaN,NaN,NaN,NaN,NaN,NaN,NaN,46.807,0,3129.5,0.0069644,NaN,NaN,NaN,NaN,NaN,-1,-1,-1.7665,0.48074,-9.5767,-3.2792,1.4601,0.88968,NaN,NaN,NaN,NaN,NaN
402.95,-9.2128,-18.625,-145.83,-2.2463,0.21084,-9.7677,-3.3979,1.3631,0.88688,0.065885,-0.17134,-1.1314,NaN,NaN,NaN,NaN,NaN,NaN,NaN,NaN,NaN,46.807,0,3129.5,0.0069644,NaN,NaN,NaN,NaN,17.469,96259,11.188,-1.7726,0.47974,-9.5985,-3.3204,1.4715,0.87863,NaN,NaN,NaN,NaN,NaN
402.95,-9.2211,-18.621,-145.82,-1.8181,0.692,-9.2297,-3.3521,1.5354,0.8976,0,0,0,NaN,NaN,NaN,NaN,NaN,NaN,NaN,NaN,NaN,46.807,0,3129.5,0.0069644,NaN,NaN,NaN,NaN,NaN,-1,-1,-1.7757,0.49537,-9.6122,-3.4158,1.4171,0.86394,NaN,NaN,NaN,NaN,NaN
402.96,-9.2304,-18.62,-145.82,-1.694,-0.11512,-10.615,-3.7805,0.20105,0.61163,0,0,0,NaN,NaN,NaN,NaN,NaN,NaN,NaN,NaN,NaN,46.807,0,3129.5,0.0069644,NaN,NaN,NaN,NaN,NaN,-1,-1,-1.7767,0.49226,-9.6369,-3.5094,1.3907,0.85141,NaN,NaN,NaN,NaN,NaN
402.96,-9.2404,-18.614,-145.82,-2.0425,0.79967,-10.098,-4.1145,2.0555,0.79211,0,0,0,NaN,NaN,NaN,NaN,NaN,NaN,NaN,NaN,NaN,46.807,0,3129.5,0.0069644,NaN,NaN,NaN,NaN,17.586,96289,11.313,-1.7819,0.48585,-9.6506,-3.6152,1.4213,0.82923,NaN,NaN,NaN,NaN,NaN
402.96,-9.2506,-18.605,-145.82,-1.6678,0.24177,-8.8061,-4.1389,3.3146,1.0513,0.059281,-0.1692,-1.1386,NaN,NaN,NaN,NaN,NaN,NaN,NaN,NaN,NaN,46.807,0,3129.5,0.0069644,NaN,NaN,NaN,NaN,NaN,-1,-1,-1.7776,0.48344,-9.648,-3.7198,1.3467,0.80903,NaN,NaN,NaN,NaN,NaN
402.96,-9.2602,-18.605,-145.81,-1.8128,0.52601,-9.0205,-3.9639,-0.20208,0.3381,0,0,0,NaN,NaN,NaN,NaN,NaN,NaN,NaN,NaN,NaN,46.807,0,3129.5,0.0069644,NaN,NaN,NaN,NaN,17.584,96305,11.313,-1.7794,0.48846,-9.6923,-3.872,1.2996,0.77584,NaN,NaN,NaN,NaN,NaN
402.97,-9.2681,-18.603,-145.81,-1.6156,0.66382,-11.742,-3.2552,0.58568,0.59628,0,0,0,NaN,NaN,NaN,NaN,NaN,NaN,NaN,NaN,NaN,46.807,0,3129.5,0.0069644,0.81577,2.5143,0.7181,0.013319,NaN,-1,-1,-1.7828,0.49213,-9.6996,-4.033,1.2659,0.73319,NaN,NaN,NaN,NaN,NaN
402.97,-9.2758,-18.594,-145.81,-1.6666,0.026095,-9.7426,-3.1508,3.2296,1.0059,0,0,0,NaN,NaN,NaN,NaN,NaN,NaN,NaN,NaN,NaN,46.807,0,3129.5,0.0069644,NaN,NaN,NaN,NaN,NaN,-1,-1,-1.7679,0.49146,-9.6818,-4.1783,1.3167,0.70226,NaN,NaN,NaN,NaN,NaN
402.97,-9.2853,-18.591,-145.81,-2.0219,0.7207,-9.3929,-3.9143,1.0314,0.58929,0.070654,-0.17392,-1.1332,NaN,NaN,NaN,NaN,NaN,NaN,NaN,NaN,NaN,46.807,0,3129.5,0.0069644,NaN,NaN,NaN,NaN,17.447,96290,11.313,-1.7734,0.48561,-9.7095,-4.3008,1.3373,0.6829,NaN,NaN,NaN,NaN,NaN
402.97,-9.2943,-18.585,-145.8,-1.9832,0.62284,-10.053,-3.724,2.0898,0.78776,0,0,0,NaN,NaN,NaN,NaN,NaN,NaN,NaN,NaN,NaN,46.807,0,3129.5,0.0069644,NaN,NaN,NaN,NaN,NaN,-1,-1,-1.7793,0.48497,-9.7289,-4.4233,1.3852,0.66439,NaN,NaN,NaN,NaN,NaN
402.98,-9.3176,-18.579,-145.8,-2.3364,0.26038,-10.365,-4.9832,0.22632,0.65535,0,0,0,NaN,NaN,NaN,NaN,NaN,NaN,NaN,NaN,NaN,46.807,0,3129.5,0.0069644,NaN,NaN,NaN,NaN,NaN,-1,-1,-1.7701,0.4704,-9.7133,-4.5068,1.3998,0.64416,NaN,NaN,NaN,NaN,NaN
402.98,-9.3301,-18.572,-145.8,-1.701,0.62342,-9.5145,-5.1713,2.4717,0.68709,0.068509,-0.16669,-1.1333,NaN,NaN,NaN,NaN,NaN,NaN,NaN,NaN,NaN,46.807,0,3129.5,0.0069644,NaN,NaN,NaN,NaN,17.517,96310,11.375,-1.7796,0.48173,-9.7509,-4.6104,1.3716,0.62899,NaN,NaN,NaN,NaN,NaN
402.98,-9.3434,-18.572,-145.79,-1.5429,0.38207,-10.781,-5.3172,-0.089897,0.67918,0,0,0,NaN,NaN,NaN,NaN,NaN,NaN,NaN,NaN,NaN,46.807,0,3129.5,0.0069644,0.7665,2.6014,0.63899,0.097392,NaN,-1,-1,-1.7755,0.49291,-9.7502,-4.7361,1.3657,0.61769,NaN,NaN,NaN,NaN,NaN
402.98,-9.3682,-18.56,-145.79,-1.2978,0.36273,-8.9838,-5.1787,2.1022,0.56339,0,0,0,NaN,NaN,NaN,NaN,NaN,NaN,NaN,NaN,NaN,46.807,0,3129.5,0.0069644,NaN,NaN,NaN,NaN,17.516,96315,11.375,-1.7605,0.48768,-9.7554,-4.8976,1.4034,0.58639,NaN,NaN,NaN,NaN,NaN
402.99,-9.3813,-18.558,-145.79,-1.815,1.1454,-9.498,-5.3418,0.39591,0.55204,0.070715,-0.17644,-1.1354,NaN,NaN,NaN,NaN,NaN,NaN,NaN,NaN,NaN,46.807,0,3129.5,0.0069644,NaN,NaN,NaN,NaN,NaN,-1,-1,-1.7634,0.48104,-9.7716,-5.0164,1.4068,0.57776,NaN,NaN,NaN,NaN,NaN
402.99,-9.3927,-18.554,-145.79,-1.6128,-0.14586,-10.975,-4.7973,1.2459,0.20924,0,0,0,NaN,NaN,NaN,NaN,NaN,NaN,NaN,NaN,NaN,46.807,0,3129.5,0.0069644,NaN,NaN,NaN,NaN,NaN,-1,-1,-1.7647,0.48542,-9.7954,-5.1575,1.3362,0.54915,NaN,NaN,NaN,NaN,NaN
402.99,-9.4054,-18.551,-145.79,-1.6919,-0.20865,-11.521,-5.2614,1.0044,0.42909,0,0,0,NaN,NaN,NaN,NaN,NaN,NaN,NaN,NaN,NaN,46.807,0,3129.5,0.0069644,0.82836,2.5155,0.70775,NaN,17.475,96327,11.5,-1.7667,0.4907,-9.8155,-5.285,1.3344,0.51483,NaN,NaN,NaN,NaN,NaN
402.99,-9.4183,-18.544,-145.78,-2.2776,1.4463,-7.788,-5.3897,2.8936,0.58579,0,0,0,NaN,NaN,NaN,NaN,NaN,NaN,NaN,NaN,NaN,46.807,0,3129.5,0.0069644,NaN,NaN,NaN,0.0099889,NaN,-1,-1,-1.7658,0.50018,-9.825,-5.396,1.399,0.49897,NaN,NaN,NaN,NaN,NaN
403,-9.432,-18.538,-145.78,-1.1046,0.32005,-9.5675,-5.4503,1.7286,0.98961,0.045223,-0.16661,-1.1399,NaN,NaN,NaN,NaN,NaN,NaN,NaN,NaN,NaN,46.807,0,3129.5,0.0069644,NaN,NaN,NaN,NaN,NaN,-1,-1,-1.7686,0.49919,-9.8312,-5.505,1.3603,0.47545,NaN,NaN,NaN,NaN,NaN
403,-9.4464,-18.539,-145.78,-1.9863,0.63675,-10.59,-5.8433,-0.39958,0.4614,0,0,0,NaN,NaN,NaN,NaN,NaN,NaN,NaN,NaN,NaN,46.807,0,3129.5,0.0069644,NaN,NaN,NaN,NaN,17.379,96283,11.313,-1.7617,0.48215,-9.8281,-5.5942,1.3156,0.46435,NaN,NaN,NaN,NaN,NaN
403,-9.4594,-18.532,-145.78,-2.7566,1.0772,-10.007,-5.493,2.3543,0.26041,0,0,0,NaN,NaN,NaN,NaN,NaN,NaN,NaN,NaN,NaN,46.807,0,3129.5,0.0069644,NaN,NaN,NaN,NaN,NaN,-1,-1,-1.7593,0.48694,-9.849,-5.6447,1.3829,0.43747,NaN,NaN,NaN,NaN,NaN
403,-9.4746,-18.526,-145.78,-0.79025,-0.048529,-9.0409,-6.3515,2.2214,0.31112,0,0,0,NaN,NaN,NaN,NaN,NaN,NaN,NaN,NaN,NaN,46.807,0,3129.5,0.0069644,NaN,NaN,NaN,NaN,17.489,96234,11.063,-1.76,0.49095,-9.8449,-5.7082,1.2907,0.43283,NaN,NaN,NaN,NaN,NaN
403.01,-9.4907,-18.529,-145.77,-1.722,0.22038,-9.7374,-6.5246,-1.4884,0.23709,0.049802,-0.16656,-1.1373,NaN,NaN,NaN,NaN,NaN,NaN,NaN,NaN,NaN,46.807,0,3129.5,0.0069644,NaN,NaN,NaN,NaN,NaN,-1,-1,-1.7551,0.49864,-9.8617,-5.8005,1.2831,0.42412,NaN,NaN,NaN,NaN,NaN
403.01,-9.505,-18.518,-145.77,-2.6683,0.69212,-11.775,-6.0704,4.2367,0.38251,0,0,0,NaN,NaN,NaN,NaN,NaN,NaN,NaN,NaN,NaN,46.807,0,3129.5,0.0069644,NaN,NaN,NaN,NaN,NaN,-1,-1,-1.746,0.48725,-9.8433,-5.8921,1.3088,0.42365,NaN,NaN,NaN,NaN,NaN
403.01,-9.5189,-18.513,-145.77,-1.2135,0.39293,-7.8731,-5.8765,1.8226,0.12089,0,0,0,NaN,NaN,NaN,NaN,NaN,NaN,NaN,NaN,NaN,46.807,0,3129.5,0.0069644,NaN,NaN,NaN,NaN,17.375,96284,11.25,-1.7473,0.48136,-9.8668,-5.9871,1.358,0.41726,NaN,NaN,NaN,NaN,NaN
403.01,-9.5342,-18.516,-145.77,-1.1964,0.488,-9.6433,-6.2102,-1.1593,0.38669,0,0,0,NaN,NaN,NaN,NaN,NaN,NaN,NaN,NaN,NaN,46.807,0,3129.5,0.0069644,NaN,NaN,NaN,NaN,NaN,-1,-1,-1.7549,0.48918,-9.869,-6.0602,1.2686,0.38459,NaN,NaN,NaN,NaN,NaN
403.02,-9.5488,-18.509,-145.77,-2.2564,0.39564,-11.318,-6.1204,2.4166,0.28917,0.047377,-0.16892,-1.1375,NaN,NaN,NaN,NaN,NaN,NaN,NaN,NaN,NaN,46.807,0,3129.5,0.0069644,NaN,NaN,NaN,NaN,NaN,-1,-1,-1.747,0.49471,-9.8586,-6.1596,1.2608,0.35713,NaN,NaN,NaN,NaN,NaN
403.02,-9.5627,-18.501,-145.77,-1.7138,0.39342,-10.502,-5.8268,3.1685,0.44244,0,0,0,NaN,NaN,NaN,NaN,NaN,NaN,NaN,NaN,NaN,46.807,0,3129.5,0.0069644,0.7654,2.4874,0.72783,0.051609,17.539,96299,11.313,-1.7342,0.49077,-9.8504,-6.2513,1.324,0.35374,NaN,NaN,NaN,NaN,NaN
403.02,-9.5766,-18.499,-145.76,-1.9149,1.2463,-8.0642,-5.6501,0.48065,0.60241,0,0,0,NaN,NaN,NaN,NaN,NaN,NaN,NaN,NaN,NaN,46.778,0,3163.8,0.0058767,NaN,NaN,NaN,NaN,NaN,-1,-1,-1.7458,0.48782,-9.8687,-6.3281,1.2869,0.31923,NaN,NaN,NaN,NaN,NaN
403.02,-9.5911,-18.497,-145.76,-1.6044,0.54109,-10.528,-5.8632,0.52174,0.56992,0,0,0,NaN,NaN,NaN,NaN,NaN,NaN,NaN,NaN,NaN,46.778,0,3163.8,0.0058767,NaN,NaN,NaN,NaN,17.281,96290,11.25,-1.7463,0.48858,-9.8743,-6.3577,1.2609,0.28965,NaN,NaN,NaN,NaN,NaN
403.03,-9.6217,-18.485,-145.76,-2.0529,0.90573,-8.4345,-6.1913,1.0286,0.27748,0,0,0,NaN,NaN,NaN,NaN,NaN,NaN,NaN,NaN,NaN,46.778,0,3163.8,0.0058767,NaN,NaN,NaN,NaN,NaN,-1,-1,-1.7376,0.48188,-9.8625,-6.3882,1.3629,0.28233,NaN,NaN,NaN,NaN,NaN
403.03,-9.6375,-18.486,-145.76,-1.6712,0.2111,-10.972,-6.4658,-0.55743,0.24001,0,0,0,NaN,NaN,NaN,NaN,NaN,NaN,NaN,NaN,NaN,46.778,0,3163.8,0.0058767,0.75664,2.6014,0.64325,0.09656,NaN,-1,-1,-1.7433,0.48349,-9.8795,-6.4148,1.3051,0.26022,NaN,NaN,NaN,NaN,NaN
403.03,-9.6558,-18.48,-145.76,-1.5886,-0.014681,-10.389,-7.6101,2.3288,0.26774,0,0,0,NaN,NaN,NaN,NaN,NaN,NaN,NaN,NaN,NaN,46.778,0,3163.8,0.0058767,NaN,NaN,NaN,NaN,17.306,96279,11.25,-1.7338,0.48991,-9.8612,-6.454,1.3928,0.2295,NaN,NaN,NaN,NaN,NaN
403.03,-9.6724,-18.473,-145.76,-2.133,0.96405,-9.1477,-6.9716,2.4441,0.13505,0.044972,-0.16145,-1.1332,NaN,NaN,NaN,NaN,NaN,NaN,NaN,NaN,NaN,46.778,0,3163.8,0.0058767,NaN,NaN,NaN,NaN,NaN,-1,-1,-1.7231,0.48916,-9.8745,-6.517,1.3435,0.20799,NaN,NaN,NaN,NaN,NaN
403.04,-9.6877,-18.47,-145.75,-1.3635,0.8776,-9.2571,-6.3649,0.99672,0.19945,0,0,0,NaN,NaN,NaN,NaN,NaN,NaN,NaN,NaN,NaN,46.778,0,3163.8,0.0058767,NaN,NaN,NaN,NaN,NaN,-1,-1,-1.7305,0.47821,-9.8835,-6.5971,1.3785,0.19153,NaN,NaN,NaN,NaN,NaN
403.04,-9.7018,-18.471,-145.75,-1.692,0.12853,-10.575,-5.8078,-0.3907,0.22139,0,0,0,NaN,NaN,NaN,NaN,NaN,NaN,NaN,NaN,NaN,46.778,0,3163.8,0.0058767,NaN,NaN,NaN,NaN,17.491,96285,11.25,-1.7283,0.48944,-9.8855,-6.6655,1.3988,0.16633,NaN,NaN,NaN,NaN,NaN
403.04,-9.7166,-18.464,-145.75,-1.9114,0.25433,-10.235,-6.3077,2.5355,-0.045264,0,0,0,NaN,NaN,NaN,NaN,NaN,NaN,NaN,NaN,NaN,46.778,0,3163.8,0.0058767,NaN,NaN,NaN,NaN,NaN,-1,-1,-1.7242,0.48914,-9.8591,-6.7404,1.4134,0.13557,NaN,NaN,NaN,NaN,NaN
403.04,-9.7313,-18.459,-145.75,-1.6003,0.78303,-9.7634,-6.1541,1.9251,0.27559,0.054191,-0.16386,-1.1302,NaN,NaN,NaN,NaN,NaN,NaN,NaN,NaN,NaN,46.778,0,3163.8,0.0058767,0.7665,2.6008,0.64811,0.095727,17.234,96269,11.188,-1.7232,0.48656,-9.8557,-6.7942,1.3157,0.10163,NaN,NaN,NaN,NaN,NaN
403.05,-9.7474,-18.456,-145.75,-2.0857,0.5594,-9.6896,-6.6122,1.0032,0.42141,0,0,0,NaN,NaN,NaN,NaN,NaN,NaN,NaN,NaN,NaN,46.778,0,3163.8,0.0058767,NaN,NaN,NaN,NaN,NaN,-1,-1,-1.7196,0.48625,-9.8656,-7.0004,1.388,0.065579,NaN,NaN,NaN,NaN,NaN
403.05,-9.7635,-18.45,-145.75,-1.6717,0.8234,-9.6627,-6.8266,2.2471,0.012147,0,0,0,NaN,NaN,NaN,NaN,NaN,NaN,NaN,NaN,NaN,46.778,0,3163.8,0.0058767,NaN,NaN,NaN,NaN,NaN,-1,-1,-1.7228,0.48594,-9.8719,-6.9752,1.4372,0.041621,NaN,NaN,NaN,NaN,NaN
403.05,-9.7797,-18.445,-145.75,-1.5315,0.41884,-9.8272,-6.6956,1.6907,0.31524,0,0,0,NaN,NaN,NaN,NaN,NaN,NaN,NaN,NaN,NaN,46.778,0,3163.8,0.0058767,NaN,NaN,NaN,NaN,17.582,96276,11.188,-1.7209,0.47528,-9.8521,-6.9571,1.4147,0.027233,NaN,NaN,NaN,NaN,NaN
403.05,-9.7963,-18.443,-145.75,-2.2139,0.53073,-8.9634,-7.0033,0.7174,-0.25376,0.047867,-0.15213,-1.1374,NaN,NaN,NaN,NaN,NaN,NaN,NaN,NaN,NaN,46.778,0,3163.8,0.0058767,NaN,NaN,NaN,NaN,NaN,-1,-1,-1.7078,0.48335,-9.8346,-6.9147,1.552,0.029709,NaN,NaN,NaN,NaN,NaN
403.06,-9.8148,-18.442,-145.75,-1.4469,0.10553,-11.573,-7.6046,0.0012605,0.23852,0,0,0,NaN,NaN,NaN,NaN,NaN,NaN,NaN,NaN,NaN,46.778,0,3163.8,0.0058767,0.75883,2.4797,0.71749,NaN,NaN,-1,-1,-1.7142,0.48681,-9.8394,-6.9176,1.4145,0.025418,NaN,NaN,NaN,NaN,NaN
403.06,-9.8325,-18.435,-145.75,-1.8366,0.69675,-9.4969,-7.5688,3.0469,-0.29055,0,0,0,NaN,NaN,NaN,NaN,NaN,NaN,NaN,NaN,NaN,46.778,0,3163.8,0.0058767,NaN,NaN,NaN,0.049112,17.446,96298,11.313,-1.7001,0.4874,-9.8416,-6.8828,1.4907,-0.011475,NaN,NaN,NaN,NaN,NaN
403.06,-9.8489,-18.428,-145.75,-1.8091,0.52841,-9.1739,-6.9422,2.3932,0.11528,0,0,0,NaN,NaN,NaN,NaN,NaN,NaN,NaN,NaN,NaN,46.778,0,3163.8,0.0058767,NaN,NaN,NaN,NaN,NaN,-1,-1,-1.7027,0.49145,-9.8518,-6.886,1.4736,-0.026098,NaN,NaN,NaN,NaN,NaN
403.06,-9.8651,-18.426,-145.75,-1.8277,0.88503,-9.535,-6.9321,0.73665,-0.5238,0.047597,-0.15681,-1.1352,-7.378,-16.841,-6.1398,19.384,40.059,-88.548,3.6793e+05,4.4355e+06,381.42,46.778,0,3163.8,0.0058767,NaN,NaN,NaN,NaN,17.305,96287,11.25,-1.7056,0.48259,-9.8242,-6.9019,1.3103,-0.053511,19.087,-3.3504,-0.46841,-1.4058,-9.953
403.07,-9.8804,-18.426,-145.75,-1.5239,-0.060231,-11.173,-6.5232,-0,-0.41665,0,0,0,NaN,NaN,NaN,NaN,NaN,NaN,NaN,NaN,NaN,46.778,0,3163.8,0.0058767,NaN,NaN,NaN,NaN,NaN,-1,-1,-1.6889,0.47978,-9.7315,-6.8805,1.5232,-0.072599,NaN,NaN,NaN,NaN,NaN
403.07,-9.898,-18.419,-145.75,-1.5558,0.64675,-9.8019,-7.4036,2.6966,0.046524,0,0,0,NaN,NaN,NaN,NaN,NaN,NaN,NaN,NaN,NaN,46.778,0,3163.8,0.0058767,0.77197,2.6175,0.63229,0.10572,NaN,-1,-1,-1.6872,0.47581,-9.7591,-6.8411,1.624,-0.10874,NaN,NaN,NaN,NaN,NaN
403.07,-9.9142,-18.413,-145.74,-1.8664,0.43549,-9.2978,-6.8352,2.2986,0.086001,0,0,0,NaN,NaN,NaN,NaN,NaN,NaN,NaN,NaN,NaN,46.778,0,3163.8,0.0058767,NaN,NaN,NaN,NaN,17.423,96277,11.25,-1.694,0.47853,-9.7657,-6.8192,1.5051,-0.12454,NaN,NaN,NaN,NaN,NaN
403.07,-9.9467,-18.404,-145.74,-1.6261,0.64901,-9.5244,-6.9295,1.8666,-0.34687,0,0,0,NaN,NaN,NaN,NaN,NaN,NaN,NaN,NaN,NaN,46.778,0,3163.8,0.0058767,NaN,NaN,NaN,NaN,NaN,-1,-1,-1.6924,0.47967,-9.7554,-6.7702,1.5958,-0.13305,NaN,NaN,NaN,NaN,NaN
403.08,-9.9633,-18.4,-145.74,-1.8383,0.32451,-9.9593,-7.0191,1.4524,-0.16919,0,0,0,NaN,NaN,NaN,NaN,NaN,NaN,NaN,NaN,NaN,46.778,0,3163.8,0.0058767,NaN,NaN,NaN,NaN,NaN,-1,-1,-1.6688,0.47118,-9.6854,-6.6883,1.7714,-0.13254,NaN,NaN,NaN,NaN,NaN
403.08,-9.981,-18.395,-145.74,-1.5831,0.74196,-9.719,-7.4728,1.6683,-0.1166,0,0,0,NaN,NaN,NaN,NaN,NaN,NaN,NaN,NaN,NaN,46.778,0,3163.8,0.0058767,NaN,NaN,NaN,NaN,17.494,96310,11.375,-1.6783,0.47761,-9.6969,-6.5957,1.7295,-0.14773,NaN,NaN,NaN,NaN,NaN
403.08,-9.9974,-18.394,-145.74,-2.0319,0.56917,-11.274,-6.9491,0.51784,-0.37047,0.061995,-0.15232,-1.1362,NaN,NaN,NaN,NaN,NaN,NaN,NaN,NaN,NaN,46.778,0,3163.8,0.0058767,NaN,NaN,NaN,NaN,NaN,-1,-1,-1.6761,0.47076,-9.708,-6.5476,1.7137,-0.14523,NaN,NaN,NaN,NaN,NaN
403.08,-10.015,-18.385,-145.74,-1.9908,-0.024412,-10.218,-7.4802,3.3868,-0.35936,0,0,0,NaN,NaN,NaN,NaN,NaN,NaN,NaN,NaN,NaN,46.778,0,3163.8,0.0058767,0.78073,2.6234,0.65968,0.069923,17.489,96279,11.188,-1.6771,0.4761,-9.714,-6.484,1.7885,-0.13676,NaN,NaN,NaN,NaN,NaN
403.09,-10.03,-18.384,-145.74,-1.2094,0.8111,-9.0542,-6.5443,0.21446,0.12244,0,0,0,NaN,NaN,NaN,NaN,NaN,NaN,NaN,NaN,NaN,46.778,0,3163.8,0.0058767,NaN,NaN,NaN,NaN,NaN,-1,-1,-1.6779,0.48051,-9.7208,-6.4032,1.7838,-0.14724,NaN,NaN,NaN,NaN,NaN
403.09,-10.046,-18.378,-145.74,-1.7653,1.1024,-11.054,-6.7327,2.3693,-0.23062,0,0,0,NaN,NaN,NaN,NaN,NaN,NaN,NaN,NaN,NaN,46.778,0,3163.8,0.0058767,NaN,NaN,NaN,NaN,NaN,-1,-1,-1.6823,0.47409,-9.7265,-6.3718,1.7846,-0.171,NaN,NaN,NaN,NaN,NaN
403.09,-10.06,-18.372,-145.74,-1.7992,-0.54194,-9.1254,-6.1489,2.2741,-0.34985,0.061655,-0.1594,-1.134,NaN,NaN,NaN,NaN,NaN,NaN,NaN,NaN,NaN,46.778,0,3163.8,0.0058767,NaN,NaN,NaN,NaN,17.4,96314,11.375,-1.686,0.4865,-9.7406,-6.337,1.7918,-0.18788,NaN,NaN,NaN,NaN,NaN
403.09,-10.076,-18.372,-145.74,-1.5192,0.55402,-11.452,-6.3726,0.03644,-0.066234,0,0,0,NaN,NaN,NaN,NaN,NaN,NaN,NaN,NaN,NaN,46.778,0,3163.8,0.0058767,NaN,NaN,NaN,NaN,NaN,-1,-1,-1.685,0.48348,-9.7422,-6.2404,1.8458,-0.18429,NaN,NaN,NaN,NaN,NaN
403.1,-10.089,-18.366,-145.74,-2.3923,1.2572,-10.378,-5.7026,2.2416,0.052769,0,0,0,NaN,NaN,NaN,NaN,NaN,NaN,NaN,NaN,NaN,46.778,0,3163.8,0.0058767,NaN,NaN,NaN,NaN,NaN,-1,-1,-1.6922,0.48426,-9.7446,-6.1084,1.8696,-0.17393,NaN,NaN,NaN,NaN,NaN
403.1,-10.103,-18.355,-145.74,-1.2273,0.47424,-9.2248,-6.1383,4.2462,0.22913,0,0,0,NaN,NaN,NaN,NaN,NaN,NaN,NaN,NaN,NaN,46.778,0,3163.8,0.0058767,NaN,NaN,NaN,NaN,17.444,96309,11.313,-1.702,0.4927,-9.7697,-6.0042,1.8293,-0.1883,NaN,NaN,NaN,NaN,NaN
403.1,0,0,0,0,0,0,0,0,0,0,0,0,NaN,NaN,NaN,NaN,NaN,NaN,NaN,NaN,NaN,46.778,0,3163.8,0.0058767,NaN,NaN,NaN,NaN,NaN,-1,-1,-1.7044,0.48876,-9.7511,-5.8776,1.9032,-0.17771,NaN,NaN,NaN,NaN,NaN
403.1,-10.118,-18.354,-145.74,-1.5663,0.08806,-9.5616,-6.3963,0.036898,-0.14335,0.05972,-0.14497,-1.1341,NaN,NaN,NaN,NaN,NaN,NaN,NaN,NaN,NaN,46.778,0,3163.8,0.0058767,NaN,NaN,NaN,NaN,17.559,96274,11.188,-1.6929,0.48413,-9.7408,-5.7512,1.9514,-0.15365,NaN,NaN,NaN,NaN,NaN
403.11,-10.146,-18.341,-145.74,-1.353,-0.004389,-9.8322,-6.0609,4.3334,-0.25542,0,0,0,NaN,NaN,NaN,NaN,NaN,NaN,NaN,NaN,NaN,46.778,0,3163.8,0.0058767,0.76704,2.6091,0.63959,0.095727,NaN,-1,-1,-1.6946,0.49191,-9.764,-5.6383,1.9179,-0.1582,NaN,NaN,NaN,NaN,NaN
403.11,-10.162,-18.344,-145.74,-1.6048,-0.38831,-9.1123,-6.6377,-1.4389,-0.28321,0,0,0,NaN,NaN,NaN,NaN,NaN,NaN,NaN,NaN,NaN,46.778,0,3163.8,0.0058767,0.76704,2.6091,0.63959,0.095727,NaN,-1,-1,-1.7189,0.49706,-9.8495,-5.5487,1.9245,-0.14328,NaN,NaN,NaN,NaN,NaN
403.11,-10.189,-18.328,-145.74,-2.0923,0.13827,-9.6187,-5.4406,4.487,-0.57416,0,0,0,NaN,NaN,NaN,NaN,NaN,NaN,NaN,NaN,NaN,46.778,0,3163.8,0.0058767,NaN,NaN,NaN,NaN,17.465,96306,11.25,-1.7029,0.49794,-9.8226,-5.4706,2.0017,-0.13968,NaN,NaN,NaN,NaN,NaN
403.11,-10.203,-18.325,-145.74,-0.94571,0.48265,-8.1281,-5.9052,1.0039,0.2183,0,0,0,NaN,NaN,NaN,NaN,NaN,NaN,NaN,NaN,NaN,46.778,0,3163.8,0.0058767,NaN,NaN,NaN,NaN,NaN,-1,-1,-1.7093,0.49998,-9.8405,-5.3945,1.9242,-0.13337,NaN,NaN,NaN,NaN,NaN
403.12,-10.223,-18.311,-145.75,-2.1293,0.3619,-12.13,-5.3582,4.0516,-0.3691,0.052836,-0.15243,-1.1414,NaN,NaN,NaN,NaN,NaN,NaN,NaN,NaN,NaN,46.778,0,3163.8,0.0058767,NaN,NaN,NaN,NaN,NaN,-1,-1,-1.7208,0.5047,-9.8468,-5.338,1.8932,-0.14502,NaN,NaN,NaN,NaN,NaN
403.12,-10.234,-18.298,-145.75,-1.8475,0.75172,-8.9287,-4.8978,5.1176,-0.061478,0,0,0,NaN,NaN,NaN,NaN,NaN,NaN,NaN,NaN,NaN,46.778,0,3163.8,0.0058767,NaN,NaN,NaN,NaN,17.49,96311,11.313,-1.7157,0.50035,-9.8388,-5.2523,1.9829,-0.15111,NaN,NaN,NaN,NaN,NaN
403.12,-10.247,-18.298,-145.75,-1.313,0.57047,-8.3356,-5.2747,-0.30762,-0.12714,0,0,0,NaN,NaN,NaN,NaN,NaN,NaN,NaN,NaN,NaN,46.778,0,3163.8,0.0058767,0.7654,2.4862,0.7114,NaN,NaN,-1,-1,-1.7337,0.5061,-9.9155,-5.1538,1.9933,-0.16128,NaN,NaN,NaN,NaN,NaN
403.12,-10.259,-18.296,-145.75,-1.7505,0.32838,-11.804,-5.3216,0.62504,0.17647,0,0,0,NaN,NaN,NaN,NaN,NaN,NaN,NaN,NaN,NaN,46.778,0,3163.8,0.0058767,NaN,NaN,NaN,0.035794,17.7,96297,11.313,-1.7369,0.50928,-9.9585,-5.0581,1.8822,-0.17449,NaN,NaN,NaN,NaN,NaN
403.13,-10.27,-18.286,-145.75,-2.2167,1.5521,-10.009,-4.8028,4.1042,-0.10709,0.054731,-0.1545,-1.1346,NaN,NaN,NaN,NaN,NaN,NaN,NaN,NaN,NaN,46.778,0,3163.8,0.0058767,NaN,NaN,NaN,NaN,NaN,-1,-1,-1.7446,0.50788,-9.9614,-4.9996,1.9507,-0.16889,NaN,NaN,NaN,NaN,NaN
403.13,-10.282,-18.282,-145.75,-1.4397,-0.55876,-10.047,-5.2247,1.4239,-0.40479,0,0,0,NaN,NaN,NaN,NaN,NaN,NaN,NaN,NaN,NaN,46.778,0,3163.8,0.0058767,NaN,NaN,NaN,NaN,NaN,-1,-1,-1.7403,0.50847,-9.9709,-4.8914,2.0832,-0.16108,NaN,NaN,NaN,NaN,NaN
403.13,-10.295,-18.282,-145.75,-1.718,-0.16426,-10.204,-5.6775,-0.36394,-0.53847,0,0,0,NaN,NaN,NaN,NaN,NaN,NaN,NaN,NaN,NaN,46.778,0,3163.8,0.0058767,NaN,NaN,NaN,NaN,17.537,96290,11.25,-1.7434,0.50528,-9.9842,-4.8139,1.966,-0.16501,NaN,NaN,NaN,NaN,NaN
403.13,-10.308,-18.273,-145.75,-1.8418,1.765,-10.949,-5.5719,3.4923,0.18209,0,0,0,NaN,NaN,NaN,NaN,NaN,NaN,NaN,NaN,NaN,46.778,0,3163.8,0.0058767,NaN,NaN,NaN,NaN,NaN,-1,-1,-1.7459,0.5099,-10.001,-4.7518,1.9212,-0.15816,NaN,NaN,NaN,NaN,NaN
403.14,-10.317,-18.266,-145.75,-1.7771,1.0825,-9.5377,-4.03,2.8316,-0.23486,0.062074,-0.145,-1.1339,NaN,NaN,NaN,NaN,NaN,NaN,NaN,NaN,NaN,46.778,0,3163.8,0.0058767,0.7665,2.6049,0.63473,0.080744,NaN,-1,-1,-1.7403,0.50663,-9.9887,-4.7204,2.048,-0.14517,NaN,NaN,NaN,NaN,NaN
403.14,-10.326,-18.265,-145.75,-1.6674,-1.0151,-10.032,-4.3399,0.40445,-0.68612,0,0,0,NaN,NaN,NaN,NaN,NaN,NaN,NaN,NaN,NaN,46.778,0,3163.8,0.0058767,NaN,NaN,NaN,NaN,17.44,96274,11.125,-1.7507,0.51401,-10.02,-4.6902,2.0155,-0.16426,NaN,NaN,NaN,NaN,NaN
403.14,-10.338,-18.263,-145.75,-1.3082,0.86198,-11.022,-4.8148,0.6102,-0.15642,0,0,0,NaN,NaN,NaN,NaN,NaN,NaN,NaN,NaN,NaN,46.807,0,3209.5,0.0069644,NaN,NaN,NaN,NaN,NaN,-1,-1,-1.7578,0.5155,-10.018,-4.6741,2.0419,-0.1822,NaN,NaN,NaN,NaN,NaN
403.14,-10.348,-18.254,-145.75,-2.1549,1.3865,-10.477,-4.3459,3.1823,0.39053,0,0,0,NaN,NaN,NaN,NaN,NaN,NaN,NaN,NaN,NaN,46.807,0,3209.5,0.0069644,NaN,NaN,NaN,NaN,17.72,96312,11.313,-1.759,0.51365,-10.031,-4.6189,2.0315,-0.17814,NaN,NaN,NaN,NaN,NaN
403.15,-10.356,-18.245,-145.75,-1.9603,0.33937,-9.7079,-3.6273,3.6232,0.20277,0.064289,-0.14983,-1.1337,NaN,NaN,NaN,NaN,NaN,NaN,NaN,NaN,NaN,46.807,0,3209.5,0.0069644,NaN,NaN,NaN,NaN,NaN,-1,-1,-1.7663,0.51225,-10.029,-4.5903,2.0451,-0.17657,NaN,NaN,NaN,NaN,NaN
403.15,-10.366,-18.242,-145.75,-1.1362,0.41742,-8.9705,-4.611,0.87382,-0.27571,0,0,0,NaN,NaN,NaN,NaN,NaN,NaN,NaN,NaN,NaN,46.807,0,3209.5,0.0069644,0.78018,2.6139,0.65359,0.07242,NaN,-1,-1,-1.7681,0.52037,-10.042,-4.5335,1.9544,-0.1837,NaN,NaN,NaN,NaN,NaN
403.15,-10.378,-18.243,-145.75,-2.2065,0.31543,-11.023,-4.877,-0.25623,-0.44542,0,0,0,NaN,NaN,NaN,NaN,NaN,NaN,NaN,NaN,NaN,46.807,0,3209.5,0.0069644,NaN,NaN,NaN,NaN,17.491,96288,11.25,-1.7709,0.52208,-10.054,-4.4795,1.9383,-0.17568,NaN,NaN,NaN,NaN,NaN
403.15,-10.387,-18.231,-145.75,-2.0629,1.5662,-10.425,-4.2867,4.5124,0.052769,0,0,0,NaN,NaN,NaN,NaN,NaN,NaN,NaN,NaN,NaN,46.807,0,3209.5,0.0069644,NaN,NaN,NaN,NaN,NaN,-1,-1,-1.7763,0.518,-10.043,-4.4208,1.8389,-0.17651,NaN,NaN,NaN,NaN,NaN
403.16,-10.397,-18.229,-145.75,-1.0609,-0.19401,-9.3515,-4.5615,0.76943,-0.3271,0.054781,-0.16194,-1.139,NaN,NaN,NaN,NaN,NaN,NaN,NaN,NaN,NaN,46.807,0,3209.5,0.0069644,NaN,NaN,NaN,NaN,NaN,-1,-1,-1.7707,0.51813,-10.085,-4.4033,1.9821,-0.155,NaN,NaN,NaN,NaN,NaN
403.16,-10.409,-18.228,-145.75,-2.3985,-0.3475,-10.953,-4.888,0.26041,-0.5478,0,0,0,NaN,NaN,NaN,NaN,NaN,NaN,NaN,NaN,NaN,46.807,0,3209.5,0.0069644,NaN,NaN,NaN,NaN,17.512,96298,11.25,-1.7826,0.52791,-10.081,-4.1507,1.9225,-0.1443,NaN,NaN,NaN,NaN,NaN
403.16,-10.419,-18.218,-145.75,-2.0375,1.6922,-10.062,-4.6846,3.9959,-0.056952,0,0,0,NaN,NaN,NaN,NaN,NaN,NaN,NaN,NaN,NaN,46.807,0,3209.5,0.0069644,0.75336,2.4737,0.71323,0.053274,NaN,-1,-1,-1.7833,0.52893,-10.058,-4.1041,1.7299,-0.1381,NaN,NaN,NaN,NaN,NaN
403.16,-10.427,-18.211,-145.75,-0.91989,1.0417,-9.1338,-3.7373,2.6101,-0.26946,0,0,0,NaN,NaN,NaN,NaN,NaN,NaN,NaN,NaN,NaN,46.807,0,3209.5,0.0069644,NaN,NaN,NaN,NaN,17.537,96307,11.313,-1.7788,0.5244,-10.07,-4.0582,1.7489,-0.15113,NaN,NaN,NaN,NaN,NaN
403.17,-10.435,-18.213,-145.75,-1.7417,-0.90931,-10.091,-3.5072,-0.81457,-0.50833,0.050371,-0.14244,-1.135,NaN,NaN,NaN,NaN,NaN,NaN,NaN,NaN,NaN,46.807,0,3209.5,0.0069644,NaN,NaN,NaN,NaN,NaN,-1,-1,-1.7916,0.53201,-10.094,-4.0143,1.7139,-0.14647,NaN,NaN,NaN,NaN,NaN
403.17,-10.444,-18.206,-145.75,-2.0421,1.2321,-12.873,-4.0178,2.5685,-0.091444,0,0,0,NaN,NaN,NaN,NaN,NaN,NaN,NaN,NaN,NaN,46.807,0,3209.5,0.0069644,NaN,NaN,NaN,NaN,NaN,-1,-1,-1.7891,0.53071,-10.079,-3.9445,1.7725,-0.15548,NaN,NaN,NaN,NaN,NaN
403.17,-10.451,-18.195,-145.75,-2.0012,0.7334,-7.9002,-3.455,4.5292,-0.026127,0,0,0,NaN,NaN,NaN,NaN,NaN,NaN,NaN,NaN,NaN,46.807,0,3209.5,0.0069644,NaN,NaN,NaN,NaN,17.699,96324,11.375,-1.7966,0.52371,-10.062,-3.8865,1.7737,-0.14155,NaN,NaN,NaN,NaN,NaN
403.17,-10.46,-18.192,-145.75,-0.88294,0.46458,-8.9459,-3.6937,0.6102,0.29908,0,0,0,NaN,NaN,NaN,NaN,NaN,NaN,NaN,NaN,NaN,46.807,0,3209.5,0.0069644,NaN,NaN,NaN,NaN,NaN,-1,-1,-1.7915,0.52815,-10.086,-3.8065,1.8204,-0.15894,NaN,NaN,NaN,NaN,NaN
403.18,-10.469,-18.189,-145.75,-2.2637,0.40522,-11.894,-4.0914,1.0349,-0.17699,0.052646,-0.14979,-1.137,NaN,NaN,NaN,NaN,NaN,NaN,NaN,NaN,NaN,46.807,0,3209.5,0.0069644,NaN,NaN,NaN,NaN,NaN,-1,-1,-1.7985,0.52111,-10.084,-3.7486,1.8175,-0.16348,NaN,NaN,NaN,NaN,NaN
403.18,-10.477,-18.18,-145.75,-2.3792,1.1161,-9.4045,-3.5899,3.7143,-0.038159,0,0,0,NaN,NaN,NaN,NaN,NaN,NaN,NaN,NaN,NaN,46.807,0,3209.5,0.0069644,NaN,NaN,NaN,NaN,17.396,96321,11.313,-1.8013,0.51624,-10.091,-3.7119,1.7067,-0.16461,NaN,NaN,NaN,NaN,NaN
403.18,-10.485,-18.177,-145.75,-1.2405,0.38799,-8.9735,-3.3568,1.014,-0.13063,0,0,0,NaN,NaN,NaN,NaN,NaN,NaN,NaN,NaN,NaN,46.807,0,3209.5,0.0069644,NaN,NaN,NaN,NaN,NaN,-1,-1,-1.7976,0.52105,-10.091,-3.6803,1.7137,-0.15599,NaN,NaN,NaN,NaN,NaN
403.18,-10.495,-18.181,-145.75,-1.6158,0.2669,-11.085,-4.4309,-1.6469,-0.1005,0,0,0,NaN,NaN,NaN,NaN,NaN,NaN,NaN,NaN,NaN,46.807,0,3209.5,0.0069644,NaN,NaN,NaN,NaN,17.631,96317,11.375,-1.8054,0.53613,-10.089,-3.6259,1.711,-0.16099,NaN,NaN,NaN,NaN,NaN
403.19,-10.503,-18.167,-145.75,-2.556,0.78326,-11.492,-3.7914,5.4562,-0.17338,0.054931,-0.15222,-1.1368,NaN,NaN,NaN,NaN,NaN,NaN,NaN,NaN,NaN,46.807,0,3209.5,0.0069644,0.76048,2.599,0.64325,NaN,NaN,-1,-1,-1.809,0.53188,-10.087,-3.6138,1.5858,-0.18525,NaN,NaN,NaN,NaN,NaN
403.19,-10.51,-18.158,-145.75,-1.4694,0.39772,-7.5656,-3.5526,3.3939,-0.36704,0,0,0,NaN,NaN,NaN,NaN,NaN,NaN,NaN,NaN,NaN,46.807,0,3209.5,0.0069644,NaN,NaN,NaN,0.097392,NaN,-1,-1,-1.8077,0.54602,-10.09,-3.5866,1.6038,-0.18867,NaN,NaN,NaN,NaN,NaN
403.19,-10.518,-18.163,-145.75,-1.2279,0.97051,-9.4718,-3.2621,-1.8524,-0.56287,0,0,0,NaN,NaN,NaN,NaN,NaN,NaN,NaN,NaN,NaN,46.807,0,3209.5,0.0069644,NaN,NaN,NaN,NaN,17.719,96297,11.25,-1.8146,0.54602,-10.096,-3.5833,1.5225,-0.18146,NaN,NaN,NaN,NaN,NaN
403.19,-10.524,-18.159,-145.75,-2.0992,-0.13433,-12.618,-2.8294,1.0929,0.11024,0,0,0,NaN,NaN,NaN,NaN,NaN,NaN,NaN,NaN,NaN,46.807,0,3209.5,0.0069644,NaN,NaN,NaN,NaN,NaN,-1,-1,-1.818,0.53455,-10.087,-3.5036,1.5366,-0.17808,NaN,NaN,NaN,NaN,NaN
403.2,-10.538,-18.141,-145.75,-1.8962,0.48141,-8.4544,-3.0793,2.1698,0.098606,0,0,0,NaN,NaN,NaN,NaN,NaN,NaN,NaN,NaN,NaN,46.807,0,3209.5,0.0069644,NaN,NaN,NaN,NaN,NaN,-1,-1,-1.8227,0.53935,-10.092,-3.4277,1.549,-0.1987,NaN,NaN,NaN,NaN,NaN
403.2,-10.547,-18.141,-145.75,-1.5189,0.92253,-8.8214,-3.5353,-0.084683,-0.030711,0,0,0,NaN,NaN,NaN,NaN,NaN,NaN,NaN,NaN,NaN,46.807,0,3209.5,0.0069644,NaN,NaN,NaN,NaN,17.468,96286,11.25,-1.8152,0.54596,-10.079,-3.3825,1.4562,-0.20778,NaN,NaN,NaN,NaN,NaN
403.2,-10.553,-18.138,-145.75,-1.6966,0.30703,-11.901,-3.1007,0.91765,-0.29072,0,0,0,NaN,NaN,NaN,NaN,NaN,NaN,NaN,NaN,NaN,46.807,0,3209.5,0.0069644,0.76431,2.602,0.63594,0.09656,17.695,96306,11.25,-1.8193,0.53039,-10.078,-3.3467,1.3985,-0.20095,NaN,NaN,NaN,NaN,NaN
403.2,-10.561,-18.127,-145.75,-2.6512,1.188,-9.1719,-3.5208,4.226,-0.20288,0.048206,-0.14505,-1.1396,NaN,NaN,NaN,NaN,NaN,NaN,NaN,NaN,NaN,46.807,0,3209.5,0.0069644,NaN,NaN,NaN,NaN,NaN,-1,-1,-1.8183,0.54178,-10.085,-3.2786,1.5523,-0.1875,NaN,NaN,NaN,NaN,NaN
403.21,-10.578,-18.127,-145.75,-2.0503,0.34844,-10.372,-3.8957,-0.37082,-0.42175,0,0,0,NaN,NaN,NaN,NaN,NaN,NaN,NaN,NaN,NaN,46.807,0,3209.5,0.0069644,NaN,NaN,NaN,NaN,NaN,-1,-1,-1.8162,0.53797,-10.056,-3.2286,1.5315,-0.20506,NaN,NaN,NaN,NaN,NaN
403.21,-10.585,-18.116,-145.75,-2.2812,0.74237,-10.995,-3.5815,4.1802,-0.020168,0,0,0,NaN,NaN,NaN,NaN,NaN,NaN,NaN,NaN,NaN,46.807,0,3209.5,0.0069644,NaN,NaN,NaN,NaN,18.04,96319,11.375,-1.8238,0.54676,-10.054,-3.2174,1.3572,-0.23067,NaN,NaN,NaN,NaN,NaN
403.21,-10.599,-18.111,-145.75,-1.6335,-0.1907,-9.0995,-2.8887,-0.78959,-0.46358,0,0,0,NaN,NaN,NaN,NaN,NaN,NaN,NaN,NaN,NaN,46.807,0,3209.5,0.0069644,0.78018,2.4856,0.71992,0.042453,17.698,96330,11.375,-1.8209,0.54628,-10.051,-3.1852,1.4244,-0.2439,NaN,NaN,NaN,NaN,NaN
403.21,-10.606,-18.109,-145.75,-1.8578,0.3523,-13.156,-3.2281,0.69523,-0.36005,0,0,0,NaN,NaN,NaN,NaN,NaN,NaN,NaN,NaN,NaN,46.807,0,3209.5,0.0069644,NaN,NaN,NaN,NaN,NaN,-1,-1,-1.826,0.54967,-10.056,-3.147,1.4166,-0.26542,NaN,NaN,NaN,NaN,NaN
403.22,-10.612,-18.098,-145.75,-2.349,1.5682,-9.4214,-2.9417,4.4911,-0.38772,0,0,0,NaN,NaN,NaN,NaN,NaN,NaN,NaN,NaN,NaN,46.807,0,3209.5,0.0069644,NaN,NaN,NaN,NaN,NaN,-1,-1,-1.8248,0.56172,-10.06,-3.153,1.3752,-0.27787,NaN,NaN,NaN,NaN,NaN
403.22,-10.617,-18.09,-145.75,-1.1109,0.69414,-8.5226,-2.6943,2.9497,0.07775,0.052656,-0.14487,-1.1348,NaN,NaN,NaN,NaN,NaN,NaN,NaN,NaN,NaN,46.807,0,3209.5,0.0069644,NaN,NaN,NaN,NaN,NaN,-1,-1,-1.828,0.54687,-10.037,-3.1467,1.437,-0.26674,NaN,NaN,NaN,NaN,NaN
403.22,-10.625,-18.093,-145.75,-1.7799,-0.45521,-9.9025,-3.4395,-1.554,-0.50621,0,0,0,NaN,NaN,NaN,NaN,NaN,NaN,NaN,NaN,NaN,46.807,0,3209.5,0.0069644,NaN,NaN,NaN,NaN,17.648,96289,11.188,-1.8326,0.55932,-10.04,-3.0963,1.4432,-0.27316,NaN,NaN,NaN,NaN,NaN
403.22,-10.632,-18.091,-145.75,-2.6388,1.1926,-11.684,-3.2654,1.0426,-0.51646,0,0,0,NaN,NaN,NaN,NaN,NaN,NaN,NaN,NaN,NaN,46.807,0,3209.5,0.0069644,0.81413,2.5101,0.70654,0.0091565,NaN,-1,-1,-1.8305,0.55855,-10.021,-3.0665,1.4154,-0.28265,NaN,NaN,NaN,NaN,NaN
403.23,-10.647,-18.078,-145.75,-1.8821,-0.51478,-7.6022,-3.5853,-0.88333,-0.47767,0.052786,-0.14499,-1.137,NaN,NaN,NaN,NaN,NaN,NaN,NaN,NaN,NaN,46.807,0,3209.5,0.0069644,NaN,NaN,NaN,NaN,NaN,-1,-1,-1.8287,0.54372,-10.016,-3.0705,1.4036,-0.29454,NaN,NaN,NaN,NaN,NaN
403.23,-10.656,-18.076,-145.75,-2.2399,0.86362,-13.101,-3.9978,0.56184,-0.12651,0,0,0,NaN,NaN,NaN,NaN,NaN,NaN,NaN,NaN,NaN,46.807,0,3209.5,0.0069644,NaN,NaN,NaN,NaN,17.51,96292,11.188,-1.8281,0.54615,-10.001,-3.0483,1.5289,-0.2945,NaN,NaN,NaN,NaN,NaN
403.23,-10.663,-18.066,-145.75,-1.8815,1.5238,-9.6955,-3.0213,3.8915,-0.20151,0,0,0,NaN,NaN,NaN,NaN,NaN,NaN,NaN,NaN,NaN,46.807,0,3209.5,0.0069644,NaN,NaN,NaN,NaN,17.743,96291,11.25,-1.828,0.54562,-10.005,-3.0405,1.5385,-0.29234,NaN,NaN,NaN,NaN,NaN
403.23,-10.668,-18.061,-145.75,-1.0866,0.19895,-8.6088,-2.7827,2.1693,-0.36646,0,0,0,NaN,NaN,NaN,NaN,NaN,NaN,NaN,NaN,NaN,46.807,0,3209.5,0.0069644,NaN,NaN,NaN,NaN,NaN,-1,-1,-1.8312,0.53828,-9.9879,-3.0558,1.4503,-0.31351,NaN,NaN,NaN,NaN,NaN
403.24,-10.674,-18.063,-145.75,-1.8376,-0.41018,-10.545,-2.7304,-0.9887,-0.33782,0.043567,-0.14258,-1.14,NaN,NaN,NaN,NaN,NaN,NaN,NaN,NaN,NaN,46.807,0,3209.5,0.0069644,0.76157,2.5984,0.63351,0.10322,NaN,-1,-1,-1.838,0.53876,-9.9872,-3.037,1.5202,-0.32959,NaN,NaN,NaN,NaN,NaN
403.24,-10.681,-18.056,-145.75,-2.1186,1.1623,-12.031,-2.9415,2.7769,-0.16954,0,0,0,NaN,NaN,NaN,NaN,NaN,NaN,NaN,NaN,NaN,46.807,0,3209.5,0.0069644,NaN,NaN,NaN,NaN,NaN,-1,-1,-1.8384,0.54104,-9.9845,-3.0382,1.6324,-0.33181,NaN,NaN,NaN,NaN,NaN
403.24,-10.685,-18.044,-145.75,-2.2571,0.89723,-10.005,-2.0803,4.4478,0.14227,0,0,0,NaN,NaN,NaN,NaN,NaN,NaN,NaN,NaN,NaN,46.807,0,3236.6,0.0075089,NaN,NaN,NaN,NaN,17.652,96307,11.313,-1.8373,0.54053,-9.9497,-3.0833,1.5118,-0.3481,NaN,NaN,NaN,NaN,NaN
403.24,-10.698,-18.045,-145.75,-2.4304,1.2008,-11.468,-3.1172,-1.9601,-0.68944,0.045722,-0.1449,-1.1376,NaN,NaN,NaN,NaN,NaN,NaN,NaN,NaN,NaN,46.807,0,3236.6,0.0075089,NaN,NaN,NaN,NaN,NaN,-1,-1,-1.839,0.54117,-9.9512,-3.0972,1.6239,-0.35111,NaN,NaN,NaN,NaN,NaN
403.25,-10.703,-18.033,-145.75,-2.2172,1.5386,-11.071,-2.5423,4.788,-0.35036,0,0,0,NaN,NaN,NaN,NaN,NaN,NaN,NaN,NaN,NaN,46.807,0,3236.6,0.0075089,NaN,NaN,NaN,NaN,NaN,-1,-1,-1.8291,0.53641,-9.9432,-3.1225,1.804,-0.37136,NaN,NaN,NaN,NaN,NaN
403.25,-10.71,-18.028,-145.76,-1.3147,-0.76803,-8.9907,-3.4019,1.9944,-0.67712,0,0,0,NaN,NaN,NaN,NaN,NaN,NaN,NaN,NaN,NaN,46.807,0,3236.6,0.0075089,0.77307,2.6049,0.64568,NaN,17.58,96304,11.25,-1.8369,0.52815,-9.9439,-3.1534,1.6765,-0.39965,NaN,NaN,NaN,NaN,NaN
403.25,-10.718,-18.029,-145.76,-2.1483,0.26003,-10.148,-3.7245,-0.60235,-0.54981,0,0,0,NaN,NaN,NaN,NaN,NaN,NaN,NaN,NaN,NaN,46.807,0,3236.6,0.0075089,NaN,NaN,NaN,0.094895,NaN,-1,-1,-1.8437,0.53857,-9.9214,-3.1968,1.7321,-0.40401,NaN,NaN,NaN,NaN,NaN
403.25,-10.726,-18.023,-145.76,-2.0545,1.6243,-11.488,-3.5106,2.3236,-0.4724,0.050361,-0.14736,-1.1372,NaN,NaN,NaN,NaN,NaN,NaN,NaN,NaN,NaN,46.807,0,3236.6,0.0075089,NaN,NaN,NaN,NaN,17.808,96310,11.25,-1.8283,0.52901,-9.9087,-3.2371,1.8069,-0.40972,NaN,NaN,NaN,NaN,NaN
403.26,-10.732,-18.012,-145.76,-1.5447,0.022633,-9.0068,-2.9174,4.2586,-0.36515,0,0,0,NaN,NaN,NaN,NaN,NaN,NaN,NaN,NaN,NaN,46.807,0,3236.6,0.0075089,NaN,NaN,NaN,NaN,NaN,-1,-1,-1.8379,0.52809,-9.9041,-3.3099,1.7575,-0.43252,NaN,NaN,NaN,NaN,NaN
403.26,-10.738,-18.015,-145.76,-1.3965,-0.31559,-9.1416,-3.1563,-1.2783,-0.69294,0,0,0,NaN,NaN,NaN,NaN,NaN,NaN,NaN,NaN,NaN,46.807,0,3236.6,0.0075089,NaN,NaN,NaN,NaN,NaN,-1,-1,-1.8455,0.53676,-9.9107,-3.3528,1.7579,-0.45111,NaN,NaN,NaN,NaN,NaN
403.26,-10.747,-18.013,-145.76,-2.1461,1.1671,-12.053,-3.7228,0.94051,-0.23915,0,0,0,NaN,NaN,NaN,NaN,NaN,NaN,NaN,NaN,NaN,46.807,0,3236.6,0.0075089,0.7758,2.485,0.71506,0.045783,17.785,96296,11.188,-1.8351,0.53859,-9.8538,-3.6213,1.9108,-0.49574,NaN,NaN,NaN,NaN,NaN
403.26,-10.753,-18.002,-145.76,-2.3624,0.84115,-10.774,-3.0886,4.3462,-0.1763,0.041012,-0.14483,-1.138,NaN,NaN,NaN,NaN,NaN,NaN,NaN,NaN,NaN,46.807,0,3236.6,0.0075089,NaN,NaN,NaN,NaN,NaN,-1,-1,-1.8345,0.54038,-9.8604,-3.6817,1.8829,-0.51462,NaN,NaN,NaN,NaN,NaN
403.27,-10.76,-17.995,-145.76,-1.3767,0.42134,-8.2831,-3.3198,2.3758,0.0046983,0,0,0,NaN,NaN,NaN,NaN,NaN,NaN,NaN,NaN,NaN,46.807,0,3236.6,0.0075089,NaN,NaN,NaN,NaN,NaN,-1,-1,-1.8449,0.54123,-9.8791,-3.7329,1.9365,-0.51061,NaN,NaN,NaN,NaN,NaN
403.27,-10.77,-17.992,-145.76,-1.3751,0.7125,-9.7249,-4.0524,1.1158,-0.047326,0,0,0,NaN,NaN,NaN,NaN,NaN,NaN,NaN,NaN,NaN,46.807,0,3236.6,0.0075089,NaN,NaN,NaN,NaN,17.67,96276,11.125,-1.8376,0.54767,-9.8521,-3.7736,1.8541,-0.53015,NaN,NaN,NaN,NaN,NaN
403.27,-10.777,-17.989,-145.76,-2.7046,0.91812,-10.651,-3.4212,1.2574,-0.59399,0,0,0,NaN,NaN,NaN,NaN,NaN,NaN,NaN,NaN,NaN,46.807,0,3236.6,0.0075089,NaN,NaN,NaN,NaN,NaN,-1,-1,-1.8415,0.54989,-9.8296,-4.0507,1.8724,-0.58153,NaN,NaN,NaN,NaN,NaN
403.27,-10.785,-17.984,-145.76,-1.7673,0.021312,-10.672,-3.9634,2.0033,-0.92917,0.057695,-0.14278,-1.1388,NaN,NaN,NaN,NaN,NaN,NaN,NaN,NaN,NaN,46.807,0,3236.6,0.0075089,NaN,NaN,NaN,NaN,17.65,96301,11.25,-1.8389,0.54175,-9.8171,-4.0764,1.9683,-0.58681,NaN,NaN,NaN,NaN,NaN
403.28,-10.806,-17.974,-145.76,-2.1014,0.46801,-9.1804,-4.7384,2.8257,-0.71454,0,0,0,NaN,NaN,NaN,NaN,NaN,NaN,NaN,NaN,NaN,46.807,0,3236.6,0.0075089,0.77252,2.4976,0.72297,0.040788,NaN,-1,-1,-1.8446,0.54379,-9.7987,-4.1053,2.024,-0.5798,NaN,NaN,NaN,NaN,NaN
403.28,-10.815,-17.973,-145.77,-2.2886,1.0934,-11.186,-4.1822,0.23165,-1.0128,0,0,0,NaN,NaN,NaN,NaN,NaN,NaN,NaN,NaN,NaN,46.807,0,3236.6,0.0075089,NaN,NaN,NaN,NaN,NaN,-1,-1,-1.8397,0.54197,-9.803,-4.1768,1.888,-0.61112,NaN,NaN,NaN,NaN,NaN
403.28,-10.823,-17.966,-145.77,-1.3225,0.71553,-9.1994,-3.9008,2.9516,-0.64292,0.057635,-0.14026,-1.1365,NaN,NaN,NaN,NaN,NaN,NaN,NaN,NaN,NaN,46.807,0,3236.6,0.0075089,NaN,NaN,NaN,NaN,17.646,96304,11.188,-1.8418,0.54988,-9.7674,-4.2271,1.8465,-0.65004,NaN,NaN,NaN,NaN,NaN
403.28,-10.832,-17.962,-145.77,-1.4371,0.10708,-10.355,-4.3571,1.3439,-0.99139,0,0,0,NaN,NaN,NaN,NaN,NaN,NaN,NaN,NaN,NaN,46.807,0,3236.6,0.0075089,NaN,NaN,NaN,NaN,NaN,-1,-1,-1.8397,0.56473,-9.7435,-4.2945,1.8004,-0.67152,NaN,NaN,NaN,NaN,NaN
403.29,-10.842,-17.96,-145.77,-2.3945,0.33332,-11.391,-4.4104,1.0054,-0.74525,0,0,0,NaN,NaN,NaN,NaN,NaN,NaN,NaN,NaN,NaN,46.807,0,3236.6,0.0075089,0.75391,2.5966,0.64081,0.094895,NaN,-1,-1,-1.834,0.55438,-9.7265,-4.4132,1.7331,-0.68295,NaN,NaN,NaN,NaN,NaN
403.29,-10.851,-17.949,-145.77,-2.0337,0.95135,-10.623,-4.4403,4.4236,-0.49188,0,0,0,NaN,NaN,NaN,NaN,NaN,NaN,NaN,NaN,NaN,46.807,0,3236.6,0.0075089,NaN,NaN,NaN,NaN,17.6,96324,11.25,-1.8199,0.54416,-9.6318,-4.4905,1.7355,-0.69107,NaN,NaN,NaN,NaN,NaN
403.29,-10.863,-17.941,-145.77,-1.0828,1.0285,-7.1755,-5.3652,2.9883,-0.47693,0.038877,-0.13268,-1.136,-7.3147,-17.259,-6.2662,19.765,40.059,-88.548,3.6793e+05,4.4355e+06,379.68,46.807,0,3236.6,0.0075089,NaN,NaN,NaN,NaN,17.695,96304,11.25,-1.8235,0.55294,-9.632,-4.5576,1.7934,-0.70652,19.421,-3.65,-0.39658,-1.1698,-10.642
403.29,-10.874,-17.943,-145.78,-2.0073,0.25881,-11.562,-4.8971,-0.95965,-1.0014,0,0,0,NaN,NaN,NaN,NaN,NaN,NaN,NaN,NaN,NaN,46.807,0,3236.6,0.0075089,NaN,NaN,NaN,NaN,NaN,-1,-1,-1.8255,0.5602,-9.6429,-4.6511,1.638,-0.72898,NaN,NaN,NaN,NaN,NaN
403.3,-10.885,-17.936,-145.78,-2.6046,0.34717,-10.193,-5.0684,2.7381,-0.57989,0,0,0,NaN,NaN,NaN,NaN,NaN,NaN,NaN,NaN,NaN,46.807,0,3236.6,0.0075089,NaN,NaN,NaN,NaN,NaN,-1,-1,-1.8354,0.56501,-9.6492,-4.773,1.5878,-0.73637,NaN,NaN,NaN,NaN,NaN
403.3,-10.898,-17.929,-145.78,-1.3445,0.78252,-10.304,-5.9215,3.2216,-1.0871,0,0,0,NaN,NaN,NaN,NaN,NaN,NaN,NaN,NaN,NaN,46.807,0,3236.6,0.0075089,NaN,NaN,NaN,NaN,NaN,-1,-1,-1.8145,0.55903,-9.5511,-4.8733,1.7493,-0.73776,NaN,NaN,NaN,NaN,NaN
403.3,-10.911,-17.929,-145.78,-2.0242,0.28558,-8.8226,-5.8774,-0.30665,-0.85491,0.034367,-0.13034,-1.1386,NaN,NaN,NaN,NaN,NaN,NaN,NaN,NaN,NaN,46.807,0,3236.6,0.0075089,0.76759,2.5978,0.63533,0.091565,17.991,96320,11.313,-1.8135,0.56679,-9.5546,-4.9958,1.6602,-0.76862,NaN,NaN,NaN,NaN,NaN
403.3,-10.937,-17.916,-145.79,-1.7346,1.1478,-9.6596,-5.8644,3.4483,-0.91902,0,0,0,NaN,NaN,NaN,NaN,NaN,NaN,NaN,NaN,NaN,46.807,0,3236.6,0.0075089,NaN,NaN,NaN,NaN,NaN,-1,-1,-1.8142,0.56448,-9.5262,-5.0928,1.5893,-0.79167,NaN,NaN,NaN,NaN,NaN
403.31,-10.949,-17.915,-145.79,-1.8139,0.57324,-9.0739,-5.3379,0.53073,-1.0325,0,0,0,NaN,NaN,NaN,NaN,NaN,NaN,NaN,NaN,NaN,46.807,0,3236.6,0.0075089,NaN,NaN,NaN,NaN,NaN,-1,-1,-1.8091,0.58512,-9.5379,-5.2225,1.5837,-0.83549,NaN,NaN,NaN,NaN,NaN
403.31,-10.962,-17.913,-145.79,-1.676,-0.036842,-11.652,-5.9221,0.79836,-1,0.057225,-0.14974,-1.1344,NaN,NaN,NaN,NaN,NaN,NaN,NaN,NaN,NaN,46.807,0,3236.6,0.0075089,NaN,NaN,NaN,NaN,17.83,96295,11.188,-1.8079,0.58109,-9.4873,-5.3356,1.5943,-0.86934,NaN,NaN,NaN,NaN,NaN
403.31,-10.989,-17.897,-145.79,-1.5966,1.3554,-9.5019,-5.7471,2.0653,-0.56889,0,0,0,NaN,NaN,NaN,NaN,NaN,NaN,NaN,NaN,NaN,46.807,0,3236.6,0.0075089,0.76595,2.4761,0.7114,NaN,NaN,-1,-1,-1.8179,0.59644,-9.5027,-5.4808,1.5595,-0.88885,NaN,NaN,NaN,NaN,NaN
403.31,-11.004,-17.894,-145.79,-1.8061,-0.063649,-8.7176,-6.5944,1.2909,-0.9353,0,0,0,NaN,NaN,NaN,NaN,NaN,NaN,NaN,NaN,NaN,46.807,0,3236.6,0.0075089,NaN,NaN,NaN,0.054939,17.762,96294,11.188,-1.8064,0.60507,-9.4667,-5.5928,1.5551,-0.89364,NaN,NaN,NaN,NaN,NaN
403.32,0,0,0,0,0,0,0,0,0,0,0,0,NaN,NaN,NaN,NaN,NaN,NaN,NaN,NaN,NaN,46.807,0,3236.6,0.0075089,NaN,NaN,NaN,NaN,NaN,-1,-1,-1.8048,0.59945,-9.4622,-5.6924,1.5579,-0.92128,NaN,NaN,NaN,NaN,NaN
403.32,-11.018,-17.893,-145.79,-1.8972,0.50267,-10.094,-6.4124,0.57588,-0.93392,0.057575,-0.13774,-1.1343,NaN,NaN,NaN,NaN,NaN,NaN,NaN,NaN,NaN,46.807,0,3236.6,0.0075089,NaN,NaN,NaN,NaN,NaN,-1,-1,-1.8177,0.62257,-9.4536,-5.8232,1.4606,-0.93722,NaN,NaN,NaN,NaN,NaN
403.32,-11.033,-17.886,-145.8,-2.0526,0.82863,-10.997,-6.9413,2.7586,-1.2788,0,0,0,NaN,NaN,NaN,NaN,NaN,NaN,NaN,NaN,NaN,46.807,0,3236.6,0.0075089,NaN,NaN,NaN,NaN,17.856,96339,11.375,-1.8149,0.62247,-9.4568,-5.9517,1.5018,-0.93692,NaN,NaN,NaN,NaN,NaN
403.32,-11.082,-17.872,-145.81,-1.6284,0.63599,-8.54,-7.0669,2.0468,-1.0913,0.05065,-0.13284,-1.1349,NaN,NaN,NaN,NaN,NaN,NaN,NaN,NaN,NaN,46.807,0,3236.6,0.0075089,NaN,NaN,NaN,NaN,NaN,-1,-1,-1.8126,0.62057,-9.4361,-6.0986,1.5628,-0.92645,NaN,NaN,NaN,NaN,NaN
403.33,0,0,0,0,0,0,0,0,0,0,0,0,NaN,NaN,NaN,NaN,NaN,NaN,NaN,NaN,NaN,46.807,0,3236.6,0.0075089,0.7665,2.6014,0.63716,0.086571,NaN,-1,-1,-1.8174,0.62904,-9.4366,-6.2516,1.5794,-0.92364,NaN,NaN,NaN,NaN,NaN
403.33,-11.097,-17.868,-145.81,-1.8127,0.78825,-10.177,-6.8851,1.4831,-1.395,0,0,0,NaN,NaN,NaN,NaN,NaN,NaN,NaN,NaN,NaN,46.807,0,3236.6,0.0075089,NaN,NaN,NaN,NaN,17.534,96329,11.313,-1.8152,0.65247,-9.4181,-6.4082,1.4757,-0.94783,NaN,NaN,NaN,NaN,NaN
403.33,-11.112,-17.864,-145.81,-1.7563,-0.15836,-9.4726,-6.8769,1.6101,-1.3821,0,0,0,NaN,NaN,NaN,NaN,NaN,NaN,NaN,NaN,NaN,46.807,0,3236.6,0.0075089,NaN,NaN,NaN,NaN,NaN,-1,-1,-1.8146,0.64794,-9.4092,-6.5342,1.5457,-0.97498,NaN,NaN,NaN,NaN,NaN
403.33,-11.144,-17.853,-145.82,-2.1613,0.95216,-8.9628,-6.6756,2.7744,-0.8454,0.053065,-0.1354,-1.137,NaN,NaN,NaN,NaN,NaN,NaN,NaN,NaN,NaN,46.807,0,3236.6,0.0075089,NaN,NaN,NaN,NaN,17.765,96339,11.375,-1.8096,0.65247,-9.3919,-6.6919,1.6444,-0.99534,NaN,NaN,NaN,NaN,NaN
403.34,-11.161,-17.847,-145.82,-1.3783,0.75422,-8.687,-7.5642,2.3279,-0.63197,0,0,0,NaN,NaN,NaN,NaN,NaN,NaN,NaN,NaN,NaN,46.807,0,3236.6,0.0075089,NaN,NaN,NaN,NaN,NaN,-1,-1,-1.8084,0.67377,-9.3729,-6.85,1.5171,-1.0186,NaN,NaN,NaN,NaN,NaN
403.34,-11.179,-17.847,-145.82,-2.0126,0.19097,-9.762,-7.9163,0.078094,-1.1459,0,0,0,NaN,NaN,NaN,NaN,NaN,NaN,NaN,NaN,NaN,46.807,0,3236.6,0.0075089,0.77197,2.4898,0.71871,0.028302,NaN,-1,-1,-1.8104,0.66871,-9.3669,-6.9898,1.5687,-1.0385,NaN,NaN,NaN,NaN,NaN
403.34,-11.196,-17.843,-145.82,-2.2136,1.7661,-10.239,-7.3551,1.5437,-1.1327,0,0,0,NaN,NaN,NaN,NaN,NaN,NaN,NaN,NaN,NaN,46.807,0,3236.6,0.0075089,NaN,NaN,NaN,NaN,17.922,96328,11.313,-1.8066,0.67073,-9.3149,-7.1167,1.6336,-1.0749,NaN,NaN,NaN,NaN,NaN
403.34,-11.209,-17.829,-145.83,-1.7676,-0.43624,-9.5562,-8.0976,3.0297,-1.3231,0.048626,-0.13065,-1.1396,NaN,NaN,NaN,NaN,NaN,NaN,NaN,NaN,NaN,46.807,0,3236.6,0.0075089,NaN,NaN,NaN,NaN,NaN,-1,-1,-1.8078,0.6852,-9.3163,-7.2461,1.5632,-1.1052,NaN,NaN,NaN,NaN,NaN
403.35,-11.229,-17.83,-145.83,-1.7538,0.44745,-8.8262,-8.5967,-0.10978,-1.3227,0,0,0,NaN,NaN,NaN,NaN,NaN,NaN,NaN,NaN,NaN,46.807,0,3236.6,0.0075089,NaN,NaN,NaN,NaN,NaN,-1,-1,-1.8043,0.68328,-9.2754,-7.4045,1.6051,-1.1193,NaN,NaN,NaN,NaN,NaN
403.35,-11.247,-17.823,-145.84,-1.9447,1.3027,-11.407,-8.1068,2.7924,-1.1218,0,0,0,NaN,NaN,NaN,NaN,NaN,NaN,NaN,NaN,NaN,46.807,0,3236.6,0.0075089,NaN,NaN,NaN,NaN,17.49,96314,11.313,-1.7994,0.6886,-9.2416,-7.5906,1.7717,-1.1334,NaN,NaN,NaN,NaN,NaN
403.35,-11.264,-17.815,-145.84,-2.1111,0.48688,-7.9913,-7.6774,3.5451,-1.4215,0,0,0,NaN,NaN,NaN,NaN,NaN,NaN,NaN,NaN,NaN,46.807,0,3273.8,0.0075089,0.76321,2.4779,0.71506,0.047447,NaN,-1,-1,-1.7959,0.69351,-9.2219,-7.7375,1.7394,-1.1653,NaN,NaN,NaN,NaN,NaN
403.35,-11.281,-17.817,-145.84,-1.3316,0.26461,-8.79,-7.4841,-0.77309,-1.2568,0.048226,-0.13521,-1.1352,NaN,NaN,NaN,NaN,NaN,NaN,NaN,NaN,NaN,46.807,0,3273.8,0.0075089,NaN,NaN,NaN,NaN,17.878,96300,11.25,-1.8141,0.70055,-9.2853,-7.9207,1.6481,-1.1923,NaN,NaN,NaN,NaN,NaN
403.36,-11.299,-17.817,-145.84,-1.9526,0.93188,-12.119,-7.8654,-0.26648,-1.1948,0,0,0,NaN,NaN,NaN,NaN,NaN,NaN,NaN,NaN,NaN,46.807,0,3273.8,0.0075089,NaN,NaN,NaN,NaN,NaN,-1,-1,-1.8104,0.70502,-9.2985,-8.1002,1.7361,-1.2385,NaN,NaN,NaN,NaN,NaN
403.36,-11.317,-17.802,-145.85,-2.5839,0.6521,-9.4663,-8.1401,6.1611,-1.1089,0,0,0,NaN,NaN,NaN,NaN,NaN,NaN,NaN,NaN,NaN,46.807,0,3273.8,0.0075089,NaN,NaN,NaN,NaN,NaN,-1,-1,-1.815,0.71908,-9.2735,-8.2687,1.8412,-1.2491,NaN,NaN,NaN,NaN,NaN
403.36,-11.336,-17.796,-145.85,-0.79673,1.0555,-7.2097,-8.1139,2.3545,-0.78002,0,0,0,NaN,NaN,NaN,NaN,NaN,NaN,NaN,NaN,NaN,46.807,0,3273.8,0.0075089,NaN,NaN,NaN,NaN,17.922,96333,11.313,-1.8138,0.73069,-9.2742,-8.4463,1.8538,-1.2713,NaN,NaN,NaN,NaN,NaN
403.36,-11.358,-17.799,-145.85,-1.878,0.40782,-9.5967,-9.2262,-1.2028,-0.91519,0.05125,-0.12601,-1.1416,NaN,NaN,NaN,NaN,NaN,NaN,NaN,NaN,NaN,46.807,0,3273.8,0.0075089,NaN,NaN,NaN,NaN,NaN,-1,-1,-1.8119,0.73315,-9.2713,-8.5908,1.793,-1.295,NaN,NaN,NaN,NaN,NaN
403.37,-11.377,-17.793,-145.85,-3.0205,1.4194,-11.417,-8.3328,2.6735,-1.2565,0,0,0,NaN,NaN,NaN,NaN,NaN,NaN,NaN,NaN,NaN,46.807,0,3273.8,0.0075089,NaN,NaN,NaN,NaN,NaN,-1,-1,-1.821,0.7491,-9.2889,-8.7528,1.8929,-1.3031,NaN,NaN,NaN,NaN,NaN
403.37,-11.396,-17.782,-145.86,-1.1074,-0.12283,-8.8443,-8.8266,4.4657,-1.631,0,0,0,NaN,NaN,NaN,NaN,NaN,NaN,NaN,NaN,NaN,46.807,0,3273.8,0.0075089,NaN,NaN,NaN,NaN,17.808,96315,11.25,-1.817,0.75296,-9.2432,-8.8782,1.9261,-1.3167,NaN,NaN,NaN,NaN,NaN
403.37,-11.418,-17.786,-145.86,-1.7454,0.7108,-7.6969,-9.5699,-1.3757,-1.3396,0,0,0,NaN,NaN,NaN,NaN,NaN,NaN,NaN,NaN,NaN,46.807,0,3273.8,0.0075089,NaN,NaN,NaN,NaN,17.65,96343,11.375,-1.8109,0.76333,-9.2589,-9.0913,1.9839,-1.3223,NaN,NaN,NaN,NaN,NaN
403.37,-11.44,-17.778,-145.86,-2.6016,0.92367,-11.226,-9.4347,3.2411,-1.2343,0.045871,-0.13518,-1.1354,NaN,NaN,NaN,NaN,NaN,NaN,NaN,NaN,NaN,46.807,0,3273.8,0.0075089,NaN,NaN,NaN,NaN,NaN,-1,-1,-1.8168,0.76185,-9.2647,-9.0193,1.9824,-1.3028,NaN,NaN,NaN,NaN,NaN
403.38,-11.46,-17.771,-145.87,-1.6292,0.99604,-9.1891,-8.9675,3.0103,-1.6193,0,0,0,NaN,NaN,NaN,NaN,NaN,NaN,NaN,NaN,NaN,46.807,0,3273.8,0.0075089,NaN,NaN,NaN,0.11071,NaN,-1,-1,-1.8161,0.7675,-9.2481,-9.1092,1.851,-1.3318,NaN,NaN,NaN,NaN,NaN
403.38,-11.479,-17.769,-145.87,-1.396,0.55875,-8.1842,-8.5488,0.8501,-1.7172,0,0,0,NaN,NaN,NaN,NaN,NaN,NaN,NaN,NaN,NaN,46.807,0,3273.8,0.0075089,NaN,NaN,NaN,NaN,NaN,-1,-1,-1.8103,0.75949,-9.2497,-9.2452,1.8708,-1.3668,NaN,NaN,NaN,NaN,NaN
403.38,-11.5,-17.768,-145.87,-1.7277,0.16774,-10.838,-9.062,0.72204,-1.4675,0,0,0,NaN,NaN,NaN,NaN,NaN,NaN,NaN,NaN,NaN,46.807,0,3273.8,0.0075089,NaN,NaN,NaN,NaN,17.465,96325,11.313,-1.8085,0.77616,-9.2417,-9.3404,1.9422,-1.3839,NaN,NaN,NaN,NaN,NaN
403.38,-11.539,-17.75,-145.88,-1.7061,1.0309,-9.133,-8.2103,4.5536,-1.1217,0,0,0,NaN,NaN,NaN,NaN,NaN,NaN,NaN,NaN,NaN,46.807,0,3273.8,0.0075089,NaN,NaN,NaN,NaN,NaN,-1,-1,-1.8117,0.78904,-9.2457,-9.1678,1.8555,-1.3549,NaN,NaN,NaN,NaN,NaN
403.39,-11.561,-17.749,-145.88,-1.218,0.29125,-7.7153,-9.5525,0.22156,-1.3627,0,0,0,NaN,NaN,NaN,NaN,NaN,NaN,NaN,NaN,NaN,46.807,0,3273.8,0.0075089,NaN,NaN,NaN,NaN,NaN,-1,-1,-1.8097,0.78116,-9.2346,-9.1922,1.8526,-1.3691,NaN,NaN,NaN,NaN,NaN
403.39,-11.583,-17.75,-145.89,-2.4767,1.0987,-10.615,-9.5027,-0.023319,-1.3836,0,0,0,NaN,NaN,NaN,NaN,NaN,NaN,NaN,NaN,NaN,46.807,0,3273.8,0.0075089,0.83877,2.5155,0.71445,0.0066593,17.919,96306,11.188,-1.8079,0.78135,-9.2659,-9.1686,1.8585,-1.3815,NaN,NaN,NaN,NaN,NaN
403.39,-11.603,-17.74,-145.89,-1.9671,1.2781,-9.5847,-8.9642,4.197,-1.6634,0.051,-0.12085,-1.1349,NaN,NaN,NaN,NaN,NaN,NaN,NaN,NaN,NaN,46.807,0,3273.8,0.0075089,NaN,NaN,NaN,NaN,NaN,-1,-1,-1.8115,0.78973,-9.271,-9.1163,1.8659,-1.378,NaN,NaN,NaN,NaN,NaN
403.39,-11.624,-17.735,-145.89,-1.3427,0.099599,-8.3007,-9.072,1.8181,-1.4567,0,0,0,NaN,NaN,NaN,NaN,NaN,NaN,NaN,NaN,NaN,46.807,0,3273.8,0.0075089,NaN,NaN,NaN,NaN,17.672,96325,11.313,-1.8107,0.79814,-9.2588,-9.1226,1.8632,-1.3618,NaN,NaN,NaN,NaN,NaN
403.4,-11.647,-17.736,-145.9,-2.268,0.27519,-10.007,-9.8223,-0.31117,-1.3284,0,0,0,NaN,NaN,NaN,NaN,NaN,NaN,NaN,NaN,NaN,46.807,0,3273.8,0.0075089,NaN,NaN,NaN,NaN,NaN,-1,-1,-1.8068,0.78693,-9.2676,-9.0935,1.8789,-1.3562,NaN,NaN,NaN,NaN,NaN
403.4,-11.669,-17.729,-145.9,-2.4263,1.3187,-10.195,-9.7901,3.2279,-1.2642,0,0,0,NaN,NaN,NaN,NaN,NaN,NaN,NaN,NaN,NaN,46.807,0,3273.8,0.0075089,NaN,NaN,NaN,NaN,NaN,-1,-1,-1.8074,0.79221,-9.2882,-9.0174,1.7635,-1.3596,NaN,NaN,NaN,NaN,NaN
403.4,-11.688,-17.719,-145.9,-1.2556,1.589,-8.2812,-8.7888,3.9149,-1.4465,0.048305,-0.12789,-1.1329,NaN,NaN,NaN,NaN,NaN,NaN,NaN,NaN,NaN,46.807,0,3273.8,0.0075089,NaN,NaN,NaN,NaN,17.785,96315,11.25,-1.8134,0.80588,-9.3018,-8.9504,1.814,-1.3664,NaN,NaN,NaN,NaN,NaN
403.4,-11.709,-17.722,-145.91,-1.6236,-0.13295,-8.3289,-8.6517,-0.84924,-1.3612,0,0,0,NaN,NaN,NaN,NaN,NaN,NaN,NaN,NaN,NaN,46.807,0,3273.8,0.0075089,0.77745,2.6079,0.64325,0.085738,NaN,-1,-1,-1.8092,0.81736,-9.2831,-8.8797,1.754,-1.3616,NaN,NaN,NaN,NaN,NaN
403.41,-11.73,-17.72,-145.91,-2.1397,0.94584,-12.5,-9.1862,0.61158,-1.3093,0,0,0,NaN,NaN,NaN,NaN,NaN,NaN,NaN,NaN,NaN,46.807,0,3273.8,0.0075089,NaN,NaN,NaN,NaN,NaN,-1,-1,-1.8106,0.8022,-9.2928,-8.7694,1.7796,-1.3477,NaN,NaN,NaN,NaN,NaN
403.41,-11.747,-17.705,-145.91,-2.2514,1.7024,-9.5549,-7.9507,6.2918,-0.95919,0,0,0,NaN,NaN,NaN,NaN,NaN,NaN,NaN,NaN,NaN,46.807,0,3273.8,0.0075089,NaN,NaN,NaN,NaN,17.939,96299,11.125,-1.8139,0.82022,-9.3027,-8.5953,1.8941,-1.3441,NaN,NaN,NaN,NaN,NaN
403.41,-11.767,-17.699,-145.92,-1.133,0.83643,-5.9415,-8.6139,2.2494,-0.75842,0.039166,-0.11817,-1.1338,NaN,NaN,NaN,NaN,NaN,NaN,NaN,NaN,NaN,46.807,0,3273.8,0.0075089,NaN,NaN,NaN,NaN,NaN,-1,-1,-1.8039,0.83187,-9.3092,-8.4219,1.799,-1.3349,NaN,NaN,NaN,NaN,NaN
403.41,-11.787,-17.705,-145.92,-1.9401,-0.11947,-10.478,-8.7482,-2.2336,-1.5559,0,0,0,NaN,NaN,NaN,NaN,NaN,NaN,NaN,NaN,NaN,46.807,0,3273.8,0.0075089,0.75445,2.5972,0.63716,0.09323,17.533,96336,11.313,-1.813,0.81983,-9.3125,-8.2614,1.7861,-1.3127,NaN,NaN,NaN,NaN,NaN
403.42,-11.806,-17.695,-145.92,-2.5614,1.9689,-10.764,-8.238,4.0859,-1.2706,0,0,0,NaN,NaN,NaN,NaN,NaN,NaN,NaN,NaN,NaN,46.807,0,3273.8,0.0075089,NaN,NaN,NaN,NaN,NaN,-1,-1,-1.8178,0.82994,-9.3227,-8.0397,1.8865,-1.32,NaN,NaN,NaN,NaN,NaN
403.42,-11.824,-17.686,-145.93,-1.3069,0.52775,-9.0219,-8.3493,3.9348,-1.3298,0,0,0,NaN,NaN,NaN,NaN,NaN,NaN,NaN,NaN,NaN,46.807,0,3273.8,0.0075089,NaN,NaN,NaN,NaN,NaN,-1,-1,-1.8236,0.84915,-9.3353,-7.8039,1.9648,-1.2966,NaN,NaN,NaN,NaN,NaN
403.42,-11.842,-17.688,-145.93,-2.3186,0.27704,-8.011,-8.0076,-0.90229,-1.8178,0.048505,-0.12561,-1.1351,NaN,NaN,NaN,NaN,NaN,NaN,NaN,NaN,NaN,46.807,0,3273.8,0.0075089,NaN,NaN,NaN,NaN,17.715,96326,11.25,-1.8179,0.83198,-9.3148,-7.5711,1.9253,-1.2679,NaN,NaN,NaN,NaN,NaN
403.42,-11.862,-17.683,-145.93,-1.8434,1.3407,-10.689,-8.5763,2.0235,-1.2032,0,0,0,NaN,NaN,NaN,NaN,NaN,NaN,NaN,NaN,NaN,46.807,0,3273.8,0.0075089,NaN,NaN,NaN,NaN,NaN,-1,-1,-1.8165,0.84029,-9.3189,-7.3078,2.0049,-1.2364,NaN,NaN,NaN,NaN,NaN
403.43,-11.892,-17.672,-145.94,-1.6245,0.28397,-8.1614,-6.3124,0.38256,-1.7745,0,0,0,NaN,NaN,NaN,NaN,NaN,NaN,NaN,NaN,NaN,46.807,0,3273.8,0.0075089,0.75555,2.5894,0.62681,0.10821,NaN,-1,-1,-1.8264,0.83301,-9.3231,-7.0397,2.1264,-1.2362,NaN,NaN,NaN,NaN,NaN
403.43,-11.907,-17.671,-145.94,-1.779,0.31844,-11.273,-6.9159,0.31891,-1.5173,0.048785,-0.11602,-1.1351,NaN,NaN,NaN,NaN,NaN,NaN,NaN,NaN,NaN,46.807,0,3273.8,0.0075089,NaN,NaN,NaN,NaN,17.672,96350,11.375,-1.817,0.84494,-9.2874,-6.8053,2.0737,-1.2184,NaN,NaN,NaN,NaN,NaN
403.43,-11.923,-17.66,-145.95,-2.139,1.2499,-8.5909,-7.1975,4.6192,-0.80758,0,0,0,NaN,NaN,NaN,NaN,NaN,NaN,NaN,NaN,NaN,46.807,0,3273.8,0.0075089,NaN,NaN,NaN,NaN,17.942,96346,11.313,-1.8139,0.85086,-9.3281,-6.549,2.1355,-1.2024,NaN,NaN,NaN,NaN,NaN
403.43,-11.935,-17.653,-145.95,-1.728,1.9162,-9.7948,-5.6729,2.6546,-0.84454,0,0,0,NaN,NaN,NaN,NaN,NaN,NaN,NaN,NaN,NaN,46.807,0,3273.8,0.0075089,NaN,NaN,NaN,NaN,NaN,-1,-1,-1.8267,0.85606,-9.3236,-6.28,2.1244,-1.2064,NaN,NaN,NaN,NaN,NaN
403.44,-11.964,-17.647,-145.95,-2.2168,0.6746,-9.3289,-6.3255,0.47527,-1.1229,0.038817,-0.13016,-1.1338,NaN,NaN,NaN,NaN,NaN,NaN,NaN,NaN,NaN,46.807,0,3273.8,0.0075089,NaN,NaN,NaN,NaN,NaN,-1,-1,-1.8278,0.86174,-9.3222,-6.047,2.2049,-1.202,NaN,NaN,NaN,NaN,NaN
403.44,-11.976,-17.64,-145.96,-1.7777,1.9968,-9.716,-5.819,2.9685,-1.2413,0,0,0,NaN,NaN,NaN,NaN,NaN,NaN,NaN,NaN,NaN,46.807,0,3273.8,0.0075089,0.75391,2.596,0.62803,NaN,NaN,-1,-1,-1.8176,0.88095,-9.2978,-5.8066,2.2324,-1.202,NaN,NaN,NaN,NaN,NaN
403.44,-11.987,-17.636,-145.96,-2.2027,0.85503,-9.1691,-5.189,1.8266,-1.2109,0,0,0,NaN,NaN,NaN,NaN,NaN,NaN,NaN,NaN,NaN,46.807,0,3273.8,0.0075089,NaN,NaN,NaN,0.094895,17.672,96328,11.313,-1.8257,0.88928,-9.3329,-5.5306,2.3293,-1.2076,NaN,NaN,NaN,NaN,NaN
403.44,-12,-17.632,-145.96,-1.7445,0.10412,-9.9823,-5.7424,1.5893,-1.2719,0,0,0,NaN,NaN,NaN,NaN,NaN,NaN,NaN,NaN,NaN,46.807,0,3273.8,0.0075089,NaN,NaN,NaN,NaN,NaN,-1,-1,-1.836,0.89468,-9.35,-5.286,2.3602,-1.2015,NaN,NaN,NaN,NaN,NaN
403.45,-12.012,-17.625,-145.96,-2.3597,1.4974,-9.3828,-5.5623,2.8655,-1.167,0.05114,-0.11605,-1.1349,NaN,NaN,NaN,NaN,NaN,NaN,NaN,NaN,NaN,46.807,0,3273.8,0.0075089,NaN,NaN,NaN,NaN,17.892,96289,11.063,-1.8379,0.91144,-9.3292,-5.0576,2.2478,-1.2007,NaN,NaN,NaN,NaN,NaN
403.45,-12.019,-17.618,-145.97,-1.4663,2.043,-8.2139,-3.7244,3.1289,-1.1985,0,0,0,NaN,NaN,NaN,NaN,NaN,NaN,NaN,NaN,NaN,46.807,0,3273.8,0.0075089,NaN,NaN,NaN,NaN,NaN,-1,-1,-1.8348,0.91705,-9.3163,-4.83,2.3091,-1.2161,NaN,NaN,NaN,NaN,NaN
403.45,-12.028,-17.618,-145.97,-1.3805,-0.39819,-9.6158,-4.1837,0.12519,-1.2953,0,0,0,NaN,NaN,NaN,NaN,NaN,NaN,NaN,NaN,NaN,46.807,0,3273.8,0.0075089,0.76048,2.5972,0.6329,0.099889,17.762,96317,11.25,-1.8331,0.92039,-9.3262,-4.6035,2.4017,-1.2173,NaN,NaN,NaN,NaN,NaN
403.45,-12.045,-17.602,-145.98,-1.9818,2.0172,-10.507,-4.1288,5.4728,-0.95025,0.039226,-0.12069,-1.136,NaN,NaN,NaN,NaN,NaN,NaN,NaN,NaN,NaN,46.807,0,3273.8,0.0075089,NaN,NaN,NaN,NaN,NaN,-1,-1,-1.8404,0.9258,-9.2998,-4.4301,2.2024,-1.2356,NaN,NaN,NaN,NaN,NaN
403.46,-12.052,-17.596,-145.98,-1.4634,0.93531,-5.9446,-3.7085,2.5264,-0.94916,0,0,0,NaN,NaN,NaN,NaN,NaN,NaN,NaN,NaN,NaN,46.807,0,3273.8,0.0075089,NaN,NaN,NaN,NaN,NaN,-1,-1,-1.8321,0.92972,-9.2957,-4.2827,2.1879,-1.2467,NaN,NaN,NaN,NaN,NaN
403.46,-12.067,-17.591,-145.99,-2.3772,1.4784,-10.193,-3.5357,2.7301,-1.2694,0,0,0,NaN,NaN,NaN,NaN,NaN,NaN,NaN,NaN,NaN,46.807,0,3273.8,0.0075089,NaN,NaN,NaN,NaN,17.854,96333,11.313,-1.8358,0.9444,-9.2996,-4.1506,2.4244,-1.2445,NaN,NaN,NaN,NaN,NaN
403.46,-12.073,-17.584,-145.99,-1.646,1.4376,-9.6531,-3.4752,3.1288,-1.3391,0.048505,-0.12561,-1.1351,NaN,NaN,NaN,NaN,NaN,NaN,NaN,NaN,NaN,46.778,0,3295.2,0.0058767,NaN,NaN,NaN,NaN,18.033,96340,11.313,-1.8331,0.95737,-9.3054,-4.0096,2.2533,-1.2543,NaN,NaN,NaN,NaN,NaN
403.46,-12.089,-17.577,-145.99,-2.1439,1.3426,-9.2424,-4.2169,1.5485,-1.3427,0,0,0,NaN,NaN,NaN,NaN,NaN,NaN,NaN,NaN,NaN,46.778,0,3295.2,0.0058767,0.76978,2.6133,0.6402,0.0899,NaN,-1,-1,-1.8337,0.96417,-9.2958,-3.9234,2.2761,-1.2943,NaN,NaN,NaN,NaN,NaN
403.47,-12.094,-17.568,-146,-1.6215,2.6638,-9.3661,-3.2,3.4795,-1.3773,0,0,0,NaN,NaN,NaN,NaN,NaN,NaN,NaN,NaN,NaN,46.778,0,3295.2,0.0058767,NaN,NaN,NaN,NaN,NaN,-1,-1,-1.8396,0.97162,-9.2726,-3.7962,2.3711,-1.3078,NaN,NaN,NaN,NaN,NaN
403.47,-12.098,-17.566,-146,-1.8741,-0.047538,-9.1933,-2.2371,0.9891,-1.7546,0.038966,-0.12045,-1.1315,NaN,NaN,NaN,NaN,NaN,NaN,NaN,NaN,NaN,46.778,0,3295.2,0.0058767,NaN,NaN,NaN,NaN,NaN,-1,-1,-1.838,0.97643,-9.2822,-3.7286,2.4301,-1.3031,NaN,NaN,NaN,NaN,NaN
403.47,-12.113,-17.553,-146.01,-2.0689,2.2074,-10.252,-3.5518,4.3509,-0.7484,0,0,0,NaN,NaN,NaN,NaN,NaN,NaN,NaN,NaN,NaN,46.778,0,3295.2,0.0058767,NaN,NaN,NaN,NaN,18.056,96335,11.313,-1.8463,0.98719,-9.277,-3.6779,2.2392,-1.328,NaN,NaN,NaN,NaN,NaN
403.47,-12.119,-17.548,-146.01,-1.7344,1.5624,-7.3678,-3.3544,1.9301,-1.1915,0,0,0,NaN,NaN,NaN,NaN,NaN,NaN,NaN,NaN,NaN,46.778,0,3295.2,0.0058767,0.76595,2.6103,0.63838,0.094062,NaN,-1,-1,-1.8497,1.0076,-9.258,-3.6425,2.2006,-1.3519,NaN,NaN,NaN,NaN,NaN
403.48,-12.127,-17.545,-146.01,-1.7365,-0.086664,-9.526,-3.9982,1.4869,-1.3868,0.0414,-0.11316,-1.1291,NaN,NaN,NaN,NaN,NaN,NaN,NaN,NaN,NaN,46.778,0,3295.2,0.0058767,NaN,NaN,NaN,NaN,NaN,-1,-1,-1.8544,1.0142,-9.2484,-3.6416,2.2924,-1.3812,NaN,NaN,NaN,NaN,NaN
403.48,-12.134,-17.542,-146.02,-2.3047,1.309,-8.8689,-3.7576,1.3465,-1.8321,0,0,0,NaN,NaN,NaN,NaN,NaN,NaN,NaN,NaN,NaN,46.778,0,3295.2,0.0058767,NaN,NaN,NaN,NaN,17.991,96365,11.438,-1.8502,1.0271,-9.2532,-3.662,2.1178,-1.4326,NaN,NaN,NaN,NaN,NaN
403.48,-12.143,-17.537,-146.02,-1.7946,1.3654,-10.134,-4.1602,2.1456,-1.3642,0,0,0,NaN,NaN,NaN,NaN,NaN,NaN,NaN,NaN,NaN,46.778,0,3295.2,0.0058767,NaN,NaN,NaN,NaN,NaN,-1,-1,-1.8475,1.0443,-9.2125,-3.7561,2.0685,-1.4598,NaN,NaN,NaN,NaN,NaN
403.48,-12.15,-17.534,-146.03,-1.976,0.34363,-9.2579,-3.8503,1.3298,-1.6827,0,0,0,NaN,NaN,NaN,NaN,NaN,NaN,NaN,NaN,NaN,46.778,0,3295.2,0.0058767,NaN,NaN,NaN,NaN,18.056,96316,11.25,-1.8533,1.0495,-9.2319,-3.9281,2.05,-1.6014,NaN,NaN,NaN,NaN,NaN
403.49,-12.159,-17.529,-146.03,-2.1054,1.0754,-9.2737,-4.4863,2.2038,-1.5875,0.048995,-0.10882,-1.1351,NaN,NaN,NaN,NaN,NaN,NaN,NaN,NaN,NaN,46.778,0,3295.2,0.0058767,0.76321,2.6014,0.70714,0.091565,NaN,-1,-1,-1.86,1.0573,-9.2372,-3.9649,1.9971,-1.6452,NaN,NaN,NaN,NaN,NaN
403.49,-12.168,-17.518,-146.03,-1.9295,2.1399,-9.5532,-4.576,4.6866,-1.4384,0,0,0,NaN,NaN,NaN,NaN,NaN,NaN,NaN,NaN,NaN,46.778,0,3295.2,0.0058767,NaN,NaN,NaN,NaN,NaN,-1,-1,-1.8664,1.0875,-9.2635,-4.0387,1.892,-1.6765,NaN,NaN,NaN,NaN,NaN
403.49,-12.174,-17.519,-146.04,-1.5349,0.56646,-7.5777,-3.0481,-0.21744,-1.9477,0,0,0,NaN,NaN,NaN,NaN,NaN,NaN,NaN,NaN,NaN,46.778,0,3295.2,0.0058767,NaN,NaN,NaN,NaN,17.899,96335,11.313,-1.8709,1.0906,-9.223,-4.065,1.9033,-1.6909,NaN,NaN,NaN,NaN,NaN
403.49,-12.181,-17.518,-146.04,-1.8801,0.42565,-12.354,-3.7122,0.52471,-1.7432,0,0,0,NaN,NaN,NaN,NaN,NaN,NaN,NaN,NaN,NaN,46.778,0,3295.2,0.0058767,NaN,NaN,NaN,NaN,NaN,-1,-1,-1.8675,1.1017,-9.2291,-4.2704,1.8853,-1.8042,NaN,NaN,NaN,NaN,NaN
403.5,-12.196,-17.499,-146.05,-1.2187,1.4779,-7.7188,-3.9754,2.2568,-1.2564,0,0,0,NaN,NaN,NaN,NaN,NaN,NaN,NaN,NaN,NaN,46.778,0,3295.2,0.0058767,0.7561,2.6049,0.82886,NaN,NaN,-1,-1,-1.8687,1.1076,-9.213,-4.3041,1.7347,-1.8101,NaN,NaN,NaN,NaN,NaN
403.5,-12.206,-17.5,-146.05,-1.8978,-0.041659,-10.272,-4.6269,-0.25308,-1.8755,0,0,0,NaN,NaN,NaN,NaN,NaN,NaN,NaN,NaN,NaN,46.778,0,3295.2,0.0058767,NaN,NaN,NaN,0.079079,17.848,96323,11.188,-1.8642,1.0991,-9.1693,-4.3385,1.8176,-1.8245,NaN,NaN,NaN,NaN,NaN
