343,0.84678,-10.516,95.813,-1.3944,1.6261,-12.69,2.492,6.1819,5.9912,0,0,0,NaN,NaN,NaN,NaN,NaN,NaN,NaN,NaN,NaN,47.62,0,2653.9,0.0069644,0.73858,2.4838,0.71566,0.049112,NaN,-1,-1,-0.84148,1.2101,-11.883,2.8365,5.8589,6.1323,NaN,NaN,NaN,NaN,NaN
343,0.85211,-10.497,95.831,-0.63092,1.7399,-11.364,3.0395,7.5585,6.3408,0,0,0,NaN,NaN,NaN,NaN,NaN,NaN,NaN,NaN,NaN,47.62,0,2653.9,0.0069644,NaN,NaN,NaN,NaN,15.551,97578,11.625,-0.85077,1.2226,-11.914,2.8965,5.5799,6.0527,NaN,NaN,NaN,NaN,NaN
343,0.85811,-10.487,95.847,-0.69042,0.44564,-11.3,3.2425,4.159,6.029,0.19969,0.26449,-1.0626,NaN,NaN,NaN,NaN,NaN,NaN,NaN,NaN,NaN,47.62,0,2653.9,0.0069644,NaN,NaN,NaN,NaN,NaN,-1,-1,-0.85211,1.2293,-11.889,2.9441,5.3553,5.9934,NaN,NaN,NaN,NaN,NaN
343.01,0.86255,-10.477,95.864,-1.4069,0.69047,-14.058,2.6021,4.0321,5.989,0,0,0,NaN,NaN,NaN,NaN,NaN,NaN,NaN,NaN,NaN,47.62,0,2653.9,0.0069644,NaN,NaN,NaN,NaN,15.399,97624,11.813,-0.84333,1.2255,-11.889,2.9917,5.2861,5.9107,NaN,NaN,NaN,NaN,NaN
343.01,0.86743,-10.457,95.88,-0.84302,2.1324,-11.881,2.7819,8.0091,5.9342,0,0,0,NaN,NaN,NaN,NaN,NaN,NaN,NaN,NaN,NaN,47.62,0,2653.9,0.0069644,0.73365,2.5638,0.63473,0.097392,NaN,-1,-1,-0.85272,1.2177,-11.917,3.0329,5.0224,5.8501,NaN,NaN,NaN,NaN,NaN
343.01,0.87374,-10.448,95.896,-0.43885,1.1226,-11.476,3.2955,3.5213,5.7175,0,0,0,NaN,NaN,NaN,NaN,NaN,NaN,NaN,NaN,NaN,47.62,0,2653.9,0.0069644,0.73365,2.5638,0.63473,0.097392,15.503,97579,11.688,-0.85397,1.2264,-11.919,3.0833,4.7446,5.7682,NaN,NaN,NaN,NaN,NaN
343.01,0.88003,-10.439,95.912,-1.2373,1.208,-13.36,3.2664,3.5039,5.561,0.19295,0.27167,-1.0654,NaN,NaN,NaN,NaN,NaN,NaN,NaN,NaN,NaN,47.62,0,2653.9,0.0069644,NaN,NaN,NaN,NaN,NaN,-1,-1,-0.85189,1.2316,-11.911,3.1392,4.627,5.6962,NaN,NaN,NaN,NaN,NaN
343.02,0.89315,-10.411,95.943,-0.60642,0.76461,-10.473,3.6559,4.0151,5.5824,0,0,0,NaN,NaN,NaN,NaN,NaN,NaN,NaN,NaN,NaN,47.62,0,2653.9,0.0069644,NaN,NaN,NaN,NaN,NaN,-1,-1,-0.86027,1.2342,-11.927,3.2925,4.3435,5.7335,NaN,NaN,NaN,NaN,NaN
343.02,0.89928,-10.409,95.958,-0.75595,0.90885,-12.936,3.1528,1.1169,5.3846,0,0,0,NaN,NaN,NaN,NaN,NaN,NaN,NaN,NaN,NaN,47.62,0,2653.9,0.0069644,NaN,NaN,NaN,NaN,15.397,97575,11.625,-0.85919,1.2283,-11.909,3.3197,4.1267,5.6356,NaN,NaN,NaN,NaN,NaN
343.02,0.90602,-10.393,95.973,-1.0542,1.4844,-13.742,3.4263,6.2154,5.4198,0.19282,0.27179,-1.0632,NaN,NaN,NaN,NaN,NaN,NaN,NaN,NaN,NaN,47.62,0,2653.9,0.0069644,NaN,NaN,NaN,NaN,NaN,-1,-1,-0.86007,1.2347,-11.893,3.3247,3.8586,5.5365,NaN,NaN,NaN,NaN,NaN
343.02,0.91769,-10.377,96.004,-1.105,1.4262,-12.523,2.9366,1.1716,5.3073,0,0,0,NaN,NaN,NaN,NaN,NaN,NaN,NaN,NaN,NaN,47.62,0,2653.9,0.0069644,0.73693,2.4558,0.72723,0.038291,15.501,97593,11.688,-0.86784,1.2338,-11.884,3.3088,3.7421,5.4396,NaN,NaN,NaN,NaN,NaN
343.03,0.92306,-10.364,96.019,-1.4329,1.9202,-13.632,2.86,5.2009,5.406,0,0,0,NaN,NaN,NaN,NaN,NaN,NaN,NaN,NaN,NaN,47.62,0,2653.9,0.0069644,NaN,NaN,NaN,NaN,NaN,-1,-1,-0.86344,1.2359,-11.886,3.4352,3.6289,5.4536,NaN,NaN,NaN,NaN,NaN
343.03,0.93059,-10.352,96.034,-0.74888,1.1808,-10.331,3.7033,5.2075,5.3093,0.19707,0.26476,-1.0583,NaN,NaN,NaN,NaN,NaN,NaN,NaN,NaN,NaN,47.62,0,2653.9,0.0069644,NaN,NaN,NaN,NaN,NaN,-1,-1,-0.87078,1.2475,-11.88,3.4284,3.2352,5.3318,NaN,NaN,NaN,NaN,NaN
343.03,0.9375,-10.351,96.048,-0.45176,0.34468,-11.183,3.4193,0.39024,5.184,0,0,0,NaN,NaN,NaN,NaN,NaN,NaN,NaN,NaN,NaN,47.62,0,2653.9,0.0069644,NaN,NaN,NaN,NaN,15.45,97585,11.688,-0.8655,1.2411,-11.851,3.4096,3.0426,5.2097,NaN,NaN,NaN,NaN,NaN
343.03,0.94328,-10.346,96.063,-1.7648,1.8212,-13.709,2.9757,1.9451,5.2165,0,0,0,NaN,NaN,NaN,NaN,NaN,NaN,NaN,NaN,NaN,47.62,0,2653.9,0.0069644,NaN,NaN,NaN,NaN,NaN,-1,-1,-0.86754,1.2444,-11.844,3.405,2.9876,5.0983,NaN,NaN,NaN,NaN,NaN
343.04,0.95,-10.331,96.077,-0.44889,1.2821,-12.117,3.3659,5.8871,5.2291,0,0,0,NaN,NaN,NaN,NaN,NaN,NaN,NaN,NaN,NaN,47.62,0,2653.9,0.0069644,NaN,NaN,NaN,NaN,NaN,-1,-1,-0.87413,1.2472,-11.848,3.3861,2.7225,4.9759,NaN,NaN,NaN,NaN,NaN
343.04,0.95757,-10.33,96.09,-0.50103,1.1649,-11.403,3.5829,0.52523,4.6396,0.19498,0.26948,-1.0607,NaN,NaN,NaN,NaN,NaN,NaN,NaN,NaN,NaN,47.62,0,2653.9,0.0069644,NaN,NaN,NaN,NaN,15.705,97554,11.563,-0.86943,1.2383,-11.814,3.3793,2.567,4.8659,NaN,NaN,NaN,NaN,NaN
343.04,0.9643,-10.324,96.104,-1.4685,1.3778,-12.93,3.3032,2.5377,4.91,0,0,0,NaN,NaN,NaN,NaN,NaN,NaN,NaN,NaN,NaN,47.62,0,2653.9,0.0069644,NaN,NaN,NaN,NaN,NaN,-1,-1,-0.86811,1.2364,-11.816,3.3787,2.4491,4.7567,NaN,NaN,NaN,NaN,NaN
343.04,0.9725,-10.315,96.117,-1.1615,1.478,-11.821,3.8664,3.5179,4.7814,0,0,0,NaN,NaN,NaN,NaN,NaN,NaN,NaN,NaN,NaN,47.62,0,2653.9,0.0069644,NaN,NaN,NaN,NaN,15.525,97581,11.625,-0.86875,1.2489,-11.815,3.3699,2.3112,4.6413,NaN,NaN,NaN,NaN,NaN
343.05,0.9813,-10.312,96.131,-0.49068,1.0767,-10.468,4.1076,1.2894,4.8077,0,0,0,NaN,NaN,NaN,NaN,NaN,NaN,NaN,NaN,NaN,47.62,0,2653.9,0.0069644,NaN,NaN,NaN,NaN,NaN,-1,-1,-0.87313,1.2399,-11.764,3.3615,2.021,4.5485,NaN,NaN,NaN,NaN,NaN
343.05,0.98986,-10.309,96.144,-0.90958,1.0836,-13.087,3.9745,1.0157,4.6457,0.18332,0.26952,-1.064,17.919,0.56877,-4.1944,18.412,40.058,-88.551,3.6772e+05,4.4354e+06,271.37,47.62,0,2653.9,0.0069644,0.72982,2.4916,0.75279,NaN,NaN,-1,-1,-0.8752,1.2449,-11.754,3.3643,1.8733,4.4585,18.219,-2.4665,0.99197,3.1165,-7.6984
343.05,0.99756,-10.301,96.156,-0.73989,0.90587,-12.314,3.5935,3.2997,4.3881,0,0,0,NaN,NaN,NaN,NaN,NaN,NaN,NaN,NaN,NaN,47.62,0,2653.9,0.0069644,NaN,NaN,NaN,0.029967,15.553,97609,11.75,-0.88567,1.2434,-11.753,3.3547,1.7701,4.3613,NaN,NaN,NaN,NaN,NaN
343.05,1.0049,-10.297,96.169,-0.45804,1.5929,-11.584,3.4741,1.5464,4.5775,0,0,0,NaN,NaN,NaN,NaN,NaN,NaN,NaN,NaN,NaN,47.62,0,2653.9,0.0069644,NaN,NaN,NaN,NaN,NaN,-1,-1,-0.87493,1.2321,-11.637,3.3207,1.5739,4.2692,NaN,NaN,NaN,NaN,NaN
343.06,1.0117,-10.295,96.182,-1.6491,1.3912,-12.635,3.2974,0.81417,4.683,0,0,0,NaN,NaN,NaN,NaN,NaN,NaN,NaN,NaN,NaN,47.62,0,2653.9,0.0069644,NaN,NaN,NaN,NaN,NaN,-1,-1,-0.87044,1.2279,-11.625,3.3025,1.384,4.1676,NaN,NaN,NaN,NaN,NaN
343.06,1.0184,-10.289,96.194,-1.038,1.6571,-12.301,3.1524,2.5348,4.2205,0.19961,0.26209,-1.0626,NaN,NaN,NaN,NaN,NaN,NaN,NaN,NaN,NaN,47.62,0,2653.9,0.0069644,NaN,NaN,NaN,NaN,15.424,97591,11.688,-0.8861,1.2366,-11.644,3.295,1.2996,4.0867,NaN,NaN,NaN,NaN,NaN
343.06,1.0259,-10.284,96.207,-0.53115,0.89449,-10.321,3.5531,1.7134,4.524,0,0,0,NaN,NaN,NaN,NaN,NaN,NaN,NaN,NaN,NaN,47.62,0,2653.9,0.0069644,NaN,NaN,NaN,NaN,15.581,97616,11.813,-0.89476,1.2399,-11.627,3.3033,1.1104,3.9936,NaN,NaN,NaN,NaN,NaN
343.06,1.042,-10.282,96.23,-1.5826,1.5381,-12.986,3.6984,1.4955,4.0984,0,0,0,NaN,NaN,NaN,NaN,NaN,NaN,NaN,NaN,NaN,47.62,0,2653.9,0.0069644,0.73091,2.6121,0.6755,0.094895,NaN,-1,-1,-0.88157,1.2419,-11.591,3.3048,0.89811,3.9044,NaN,NaN,NaN,NaN,NaN
343.07,1.0503,-10.276,96.242,-0.11198,1.1328,-10.772,3.7942,2.2799,4.2845,0.18083,0.26475,-1.0642,NaN,NaN,NaN,NaN,NaN,NaN,NaN,NaN,NaN,47.62,0,2653.9,0.0069644,NaN,NaN,NaN,NaN,NaN,-1,-1,-0.89716,1.2363,-11.598,3.2885,0.8474,3.8255,NaN,NaN,NaN,NaN,NaN
343.07,1.0584,-10.282,96.254,-1.2556,1.3358,-12.245,3.7386,-2.0289,4.2815,0,0,0,NaN,NaN,NaN,NaN,NaN,NaN,NaN,NaN,NaN,47.62,0,2653.9,0.0069644,NaN,NaN,NaN,NaN,NaN,-1,-1,-0.89194,1.2317,-11.556,3.2834,0.70799,3.7401,NaN,NaN,NaN,NaN,NaN
343.07,0,0,0,0,0,0,0,0,0,0,0,0,NaN,NaN,NaN,NaN,NaN,NaN,NaN,NaN,NaN,47.62,0,2672.4,0.0075089,NaN,NaN,NaN,NaN,15.522,97538,11.438,-0.8968,1.2334,-11.544,3.2923,0.55148,3.6538,NaN,NaN,NaN,NaN,NaN
343.07,1.0665,-10.277,96.266,-1.2572,1.7153,-13.498,3.6986,1.9168,4.1777,0,0,0,NaN,NaN,NaN,NaN,NaN,NaN,NaN,NaN,NaN,47.62,0,2672.4,0.0075089,NaN,NaN,NaN,NaN,NaN,-1,-1,-0.90052,1.2374,-11.534,3.3086,0.4007,3.5698,NaN,NaN,NaN,NaN,NaN
343.08,1.0835,-10.274,96.288,-0.3211,1.0794,-10.056,3.569,-0.86734,3.7337,0.1902,0.26714,-1.0612,NaN,NaN,NaN,NaN,NaN,NaN,NaN,NaN,NaN,47.62,0,2672.4,0.0075089,0.7342,2.4808,0.74731,0.039956,NaN,-1,-1,-0.9049,1.2351,-11.498,3.2887,0.13272,3.5044,NaN,NaN,NaN,NaN,NaN
343.08,1.0924,-10.279,96.298,-1.1088,1.2723,-13.015,3.9489,-1.7247,3.6209,0,0,0,NaN,NaN,NaN,NaN,NaN,NaN,NaN,NaN,NaN,47.62,0,2672.4,0.0075089,NaN,NaN,NaN,NaN,15.523,97570,11.563,-0.91436,1.2427,-11.463,3.2826,0.10923,3.4364,NaN,NaN,NaN,NaN,NaN
343.08,0,0,0,0,0,0,0,0,0,0,0,0,NaN,NaN,NaN,NaN,NaN,NaN,NaN,NaN,NaN,47.62,0,2672.4,0.0075089,NaN,NaN,NaN,NaN,NaN,-1,-1,-0.92183,1.2334,-11.442,3.2618,-0.12785,3.3694,NaN,NaN,NaN,NaN,NaN
343.08,1.1,-10.273,96.308,-1.2944,0.74997,-13.003,3.3575,2.3612,3.4993,0,0,0,NaN,NaN,NaN,NaN,NaN,NaN,NaN,NaN,NaN,47.62,0,2672.4,0.0075089,NaN,NaN,NaN,NaN,15.446,97571,11.563,-0.9313,1.2505,-11.422,3.2402,-0.25703,3.3032,NaN,NaN,NaN,NaN,NaN
343.09,1.1077,-10.274,96.319,-0.2991,1.8651,-10.267,3.5011,-0.56408,3.886,0,0,0,NaN,NaN,NaN,NaN,NaN,NaN,NaN,NaN,NaN,47.62,0,2672.4,0.0075089,NaN,NaN,NaN,NaN,NaN,-1,-1,-0.92479,1.2474,-11.372,3.271,-0.32172,3.2302,NaN,NaN,NaN,NaN,NaN
343.09,1.1149,-10.277,96.33,-1.1685,1.3362,-12.053,3.2641,-1.0694,3.7212,0.18804,0.26945,-1.0636,NaN,NaN,NaN,NaN,NaN,NaN,NaN,NaN,NaN,47.62,0,2672.4,0.0075089,0.73365,2.4844,0.7467,0.035794,NaN,-1,-1,-0.93178,1.2526,-11.36,3.2834,-0.53721,3.1632,NaN,NaN,NaN,NaN,NaN
343.09,1.1312,-10.274,96.35,-0.42728,1.5103,-10.564,3.9662,-0.00017189,3.6248,0,0,0,NaN,NaN,NaN,NaN,NaN,NaN,NaN,NaN,NaN,47.62,0,2672.4,0.0075089,NaN,NaN,NaN,NaN,15.369,97569,11.563,-0.92585,1.2412,-11.319,3.2867,-0.76455,3.1056,NaN,NaN,NaN,NaN,NaN
343.09,1.1394,-10.282,96.359,-1.2033,1.0548,-11.43,3.557,-3.0358,3.1697,0,0,0,NaN,NaN,NaN,NaN,NaN,NaN,NaN,NaN,NaN,47.62,0,2672.4,0.0075089,NaN,NaN,NaN,NaN,NaN,-1,-1,-0.92947,1.2374,-11.254,3.2924,-0.78959,3.0474,NaN,NaN,NaN,NaN,NaN
343.1,1.1723,-10.312,96.33,-0.60121,1.8463,-10.876,3.3054,-0.22907,3.2749,0,0,0,NaN,NaN,NaN,NaN,NaN,NaN,NaN,NaN,NaN,47.62,0,2672.4,0.0075089,NaN,NaN,NaN,NaN,NaN,-1,-1,-0.92679,1.2354,-11.185,3.3076,-0.93252,2.98,NaN,NaN,NaN,NaN,NaN
343.1,1.181,-10.318,96.34,-1.268,1.6995,-11.399,3.8282,-2.5468,3.4532,0,0,0,NaN,NaN,NaN,NaN,NaN,NaN,NaN,NaN,NaN,47.62,0,2672.4,0.0075089,NaN,NaN,NaN,NaN,15.375,97636,11.875,-0.92876,1.2417,-11.16,3.3209,-1.0937,2.9268,NaN,NaN,NaN,NaN,NaN
343.1,1.1896,-10.319,96.348,-1.1614,0.80403,-12.833,3.6397,-0.40606,2.8328,0,0,0,NaN,NaN,NaN,NaN,NaN,NaN,NaN,NaN,NaN,47.62,0,2672.4,0.0075089,NaN,NaN,NaN,NaN,NaN,-1,-1,-0.92626,1.2342,-11.105,3.3521,-1.1787,2.8653,NaN,NaN,NaN,NaN,NaN
343.1,1.1979,-10.321,96.356,-0.97623,1.2962,-10.236,3.5561,-0.76765,2.7179,0.19255,0.26711,-1.061,NaN,NaN,NaN,NaN,NaN,NaN,NaN,NaN,NaN,47.62,0,2672.4,0.0075089,0.79332,2.5131,0.75339,0.017481,15.449,97597,11.688,-0.94151,1.2422,-11.163,3.3857,-1.2438,2.8186,NaN,NaN,NaN,NaN,NaN
343.11,1.2065,-10.325,96.365,-0.45047,1.998,-11.557,3.6504,-1.7261,2.9388,0,0,0,NaN,NaN,NaN,NaN,NaN,NaN,NaN,NaN,NaN,47.62,0,2672.4,0.0075089,NaN,NaN,NaN,NaN,NaN,-1,-1,-0.9428,1.2396,-11.127,3.4117,-1.4843,2.7669,NaN,NaN,NaN,NaN,NaN
343.11,1.2157,-10.331,96.373,-1.0542,-0.014088,-11.425,3.8992,-2.1315,2.7919,0,0,0,NaN,NaN,NaN,NaN,NaN,NaN,NaN,NaN,NaN,47.62,0,2672.4,0.0075089,NaN,NaN,NaN,NaN,NaN,-1,-1,-0.94903,1.2362,-11.109,3.4491,-1.6109,2.7316,NaN,NaN,NaN,NaN,NaN
343.11,1.2241,-10.332,96.381,-1.0014,1.7652,-12.228,3.5625,-0.57622,2.827,0,0,0,NaN,NaN,NaN,NaN,NaN,NaN,NaN,NaN,NaN,47.62,0,2672.4,0.0075089,NaN,NaN,NaN,NaN,15.448,97602,11.688,-0.94746,1.2357,-11.072,3.4654,-1.5998,2.6845,NaN,NaN,NaN,NaN,NaN
343.11,1.233,-10.337,96.389,-1.0519,1.8026,-10.943,3.7414,-1.7873,2.6334,0.18763,0.25997,-1.0614,NaN,NaN,NaN,NaN,NaN,NaN,NaN,NaN,NaN,47.62,0,2672.4,0.0075089,NaN,NaN,NaN,NaN,NaN,-1,-1,-0.95691,1.2492,-11.142,3.483,-1.7582,2.6468,NaN,NaN,NaN,NaN,NaN
343.12,1.2412,-10.341,96.397,-1.1254,0.6397,-11.429,3.4943,-1.763,2.7969,0,0,0,NaN,NaN,NaN,NaN,NaN,NaN,NaN,NaN,NaN,47.62,0,2672.4,0.0075089,NaN,NaN,NaN,0.059934,NaN,-1,-1,-0.96957,1.2554,-11.121,3.5132,-1.9289,2.5961,NaN,NaN,NaN,NaN,NaN
343.12,1.248,-10.344,96.405,-0.90572,1.298,-11.364,2.9417,-1.1652,2.7562,0,0,0,NaN,NaN,NaN,NaN,NaN,NaN,NaN,NaN,NaN,47.62,0,2672.4,0.0075089,NaN,NaN,NaN,NaN,15.575,97569,11.563,-0.96905,1.2562,-11.091,3.5457,-1.9173,2.5589,NaN,NaN,NaN,NaN,NaN
343.12,1.2563,-10.348,96.413,-0.91773,1.781,-10.115,3.4756,-1.47,2.5006,0,0,0,NaN,NaN,NaN,NaN,NaN,NaN,NaN,NaN,NaN,47.62,0,2672.4,0.0075089,NaN,NaN,NaN,NaN,15.502,97626,11.813,-0.97942,1.248,-11.084,3.5989,-1.9706,2.519,NaN,NaN,NaN,NaN,NaN
343.12,1.265,-10.355,96.42,-1.2665,0.32906,-11.181,3.6299,-2.9243,2.5636,0.19018,0.25729,-1.0656,NaN,NaN,NaN,NaN,NaN,NaN,NaN,NaN,NaN,47.62,0,2672.4,0.0075089,NaN,NaN,NaN,NaN,NaN,-1,-1,-0.98289,1.2431,-11.056,3.6576,-2.1283,2.4767,NaN,NaN,NaN,NaN,NaN
343.13,1.2725,-10.361,96.428,-0.77472,1.395,-11.791,3.1685,-2.6083,2.5158,0,0,0,NaN,NaN,NaN,NaN,NaN,NaN,NaN,NaN,NaN,47.62,0,2672.4,0.0075089,NaN,NaN,NaN,NaN,NaN,-1,-1,-0.99526,1.2366,-11.044,3.7057,-2.2442,2.4515,NaN,NaN,NaN,NaN,NaN
343.13,1.2805,-10.367,96.435,-0.88938,2.0555,-12.607,3.3352,-2.2552,2.5636,0,0,0,NaN,NaN,NaN,NaN,NaN,NaN,NaN,NaN,NaN,47.62,0,2672.4,0.0075089,0.73912,2.6103,0.68037,0.094062,NaN,-1,-1,-0.99956,1.2381,-10.991,3.6306,-2.2514,2.2762,NaN,NaN,NaN,NaN,NaN
343.13,1.2903,-10.371,96.441,-1.4203,0.95712,-10.812,3.9905,-1.75,1.837,0,0,0,NaN,NaN,NaN,NaN,NaN,NaN,NaN,NaN,NaN,47.62,0,2672.4,0.0075089,NaN,NaN,NaN,NaN,15.397,97595,11.688,-0.99965,1.2349,-10.981,3.6637,-2.4048,2.2382,NaN,NaN,NaN,NaN,NaN
343.13,1.3088,-10.385,96.453,-0.87033,1.7407,-10.626,3.9682,-3.9623,1.9294,0,0,0,NaN,NaN,NaN,NaN,NaN,NaN,NaN,NaN,NaN,47.62,0,2672.4,0.0075089,NaN,NaN,NaN,NaN,NaN,-1,-1,-1.0036,1.2335,-10.943,3.6893,-2.5014,2.1906,NaN,NaN,NaN,NaN,NaN
343.14,1.3188,-10.391,96.458,-1.0904,0.6596,-12.178,4.0027,-2.6337,1.7805,0,0,0,NaN,NaN,NaN,NaN,NaN,NaN,NaN,NaN,NaN,47.62,0,2672.4,0.0075089,NaN,NaN,NaN,NaN,NaN,-1,-1,-1.015,1.2407,-10.934,3.7253,-2.5405,2.1398,NaN,NaN,NaN,NaN,NaN
343.14,1.3286,-10.396,96.464,-0.85949,0.5782,-11.11,3.963,-1.6479,1.8778,0,0,0,NaN,NaN,NaN,NaN,NaN,NaN,NaN,NaN,NaN,47.62,0,2672.4,0.0075089,NaN,NaN,NaN,NaN,15.449,97613,11.75,-1.0097,1.2398,-10.879,3.6112,-2.7367,1.964,NaN,NaN,NaN,NaN,NaN
343.14,1.3365,-10.403,96.47,-0.58167,2.0776,-10.755,3.2453,-2.9043,2.0768,0.18332,0.26459,-1.0662,NaN,NaN,NaN,NaN,NaN,NaN,NaN,NaN,NaN,47.62,0,2672.4,0.0075089,NaN,NaN,NaN,NaN,NaN,-1,-1,-1.0124,1.224,-10.86,3.5905,-2.6396,1.8961,NaN,NaN,NaN,NaN,NaN
343.14,1.3452,-10.411,96.476,-1.6442,1.5239,-11.291,3.5334,-3.1805,1.8688,0,0,0,NaN,NaN,NaN,NaN,NaN,NaN,NaN,NaN,NaN,47.62,0,2672.4,0.0075089,0.72817,2.602,0.67002,0.097392,15.474,97580,11.625,-1.0307,1.2255,-10.847,3.5792,-2.6812,1.8368,NaN,NaN,NaN,NaN,NaN
343.15,1.3534,-10.414,96.481,-1.1109,0.91074,-11.758,3.3055,-1.3911,1.6967,0,0,0,NaN,NaN,NaN,NaN,NaN,NaN,NaN,NaN,NaN,47.62,0,2672.4,0.0075089,NaN,NaN,NaN,NaN,NaN,-1,-1,-1.0315,1.2227,-10.802,3.5751,-2.9043,1.7821,NaN,NaN,NaN,NaN,NaN
343.15,1.3623,-10.421,96.487,-0.70953,1.3747,-8.7486,3.5698,-2.9392,1.8431,0,0,0,NaN,NaN,NaN,NaN,NaN,NaN,NaN,NaN,NaN,47.62,0,2672.4,0.0075089,NaN,NaN,NaN,NaN,NaN,-1,-1,-1.0272,1.2154,-10.763,3.5849,-2.9575,1.7207,NaN,NaN,NaN,NaN,NaN
343.15,1.3712,-10.433,96.492,-1.0075,0.92109,-11.694,3.5317,-4.6654,1.6028,0.19469,0.25494,-1.063,NaN,NaN,NaN,NaN,NaN,NaN,NaN,NaN,NaN,47.62,0,2672.4,0.0075089,NaN,NaN,NaN,NaN,15.238,97570,11.563,-1.0373,1.2206,-10.765,3.5908,-3.036,1.6499,NaN,NaN,NaN,NaN,NaN
343.15,1.3795,-10.438,96.497,-1.8253,0.79036,-11.339,3.308,-2.2349,1.4722,0,0,0,NaN,NaN,NaN,NaN,NaN,NaN,NaN,NaN,NaN,47.62,0,2672.4,0.0075089,NaN,NaN,NaN,NaN,NaN,-1,-1,-1.0399,1.2181,-10.746,3.566,-3.1569,1.5796,NaN,NaN,NaN,NaN,NaN
343.16,1.3879,-10.446,96.502,-0.29319,1.3813,-10.339,3.3439,-3.1019,1.6801,0,0,0,NaN,NaN,NaN,NaN,NaN,NaN,NaN,NaN,NaN,47.62,0,2672.4,0.0075089,NaN,NaN,NaN,NaN,NaN,-1,-1,-1.0412,1.2163,-10.677,3.5704,-3.3063,1.5274,NaN,NaN,NaN,NaN,NaN
343.16,1.3972,-10.461,96.506,-1.032,1.9991,-12.185,3.6517,-5.9856,1.3527,0,0,0,NaN,NaN,NaN,NaN,NaN,NaN,NaN,NaN,NaN,47.62,0,2672.4,0.0075089,NaN,NaN,NaN,NaN,15.475,97572,11.625,-1.0502,1.2155,-10.663,3.572,-3.3591,1.4605,NaN,NaN,NaN,NaN,NaN
343.16,1.4072,-10.464,96.511,-1.6732,0.94101,-11.239,3.9725,-1.0672,1.423,0.1922,0.2551,-1.061,NaN,NaN,NaN,NaN,NaN,NaN,NaN,NaN,NaN,47.62,0,2672.4,0.0075089,NaN,NaN,NaN,NaN,NaN,-1,-1,-1.0586,1.2154,-10.647,3.566,-3.4644,1.3865,NaN,NaN,NaN,NaN,NaN
343.16,1.4161,-10.467,96.514,-1.047,1.0438,-9.113,3.39,-1.4872,0.66618,0,0,0,NaN,NaN,NaN,NaN,NaN,NaN,NaN,NaN,NaN,47.62,0,2672.4,0.0075089,NaN,NaN,NaN,NaN,15.322,97600,11.75,-1.0546,1.2117,-10.597,3.5366,-3.5213,1.3111,NaN,NaN,NaN,NaN,NaN
343.17,1.4263,-10.485,96.517,-0.59925,1.5409,-10.012,3.9888,-7.2253,1.2027,0,0,0,NaN,NaN,NaN,NaN,NaN,NaN,NaN,NaN,NaN,47.62,0,2672.4,0.0075089,NaN,NaN,NaN,NaN,NaN,-1,-1,-1.0549,1.2007,-10.574,3.5207,-3.5705,1.2375,NaN,NaN,NaN,NaN,NaN
343.17,1.4362,-10.493,96.521,-1.4226,0.57212,-13.462,3.8749,-3.1502,1.1391,0,0,0,NaN,NaN,NaN,NaN,NaN,NaN,NaN,NaN,NaN,47.62,0,2672.4,0.0075089,0.72051,2.6055,1.0479,0.10988,NaN,-1,-1,-1.068,1.2076,-10.567,3.495,-3.5957,1.1721,NaN,NaN,NaN,NaN,NaN
343.17,1.4448,-10.494,96.525,-0.6154,0.55289,-9.1552,3.3474,-0.408,1.1722,0.19026,0.26462,-1.0634,NaN,NaN,NaN,NaN,NaN,NaN,NaN,NaN,NaN,47.62,0,2672.4,0.0075089,NaN,NaN,NaN,NaN,15.421,97589,11.625,-1.0717,1.2065,-10.53,3.4782,-3.6656,1.1002,NaN,NaN,NaN,NaN,NaN
343.17,1.4542,-10.509,96.529,-0.7323,1.9951,-10.24,3.6782,-6.2314,1.1947,0,0,0,NaN,NaN,NaN,NaN,NaN,NaN,NaN,NaN,NaN,47.62,0,2672.4,0.0075089,NaN,NaN,NaN,NaN,NaN,-1,-1,-1.0684,1.1943,-10.503,3.4672,-3.614,1.0365,NaN,NaN,NaN,NaN,NaN
343.18,1.4627,-10.521,96.532,-2.0599,1.501,-11.957,3.2451,-4.5678,0.9726,0,0,0,NaN,NaN,NaN,NaN,NaN,NaN,NaN,NaN,NaN,47.62,0,2672.4,0.0075089,NaN,NaN,NaN,NaN,NaN,-1,-1,-1.0817,1.1961,-10.471,3.414,-3.58,0.97409,NaN,NaN,NaN,NaN,NaN
343.18,1.4708,-10.52,96.537,-0.98733,1.0655,-10.848,3.2021,0.09471,1.3774,0,0,0,NaN,NaN,NaN,NaN,NaN,NaN,NaN,NaN,NaN,47.62,0,2672.4,0.0075089,0.7342,2.4886,1.6364,NaN,15.675,97599,11.625,-1.0791,1.2011,-10.436,3.4008,-3.6707,0.90543,NaN,NaN,NaN,NaN,NaN
343.18,1.4799,-10.533,96.541,-0.47085,1.4218,-8.2665,3.5263,-5.1232,1.0682,0.18763,0.25997,-1.0614,NaN,NaN,NaN,NaN,NaN,NaN,NaN,NaN,NaN,47.669,0,2701,0.0069644,0.7342,2.4886,1.6364,NaN,NaN,-1,-1,-1.0768,1.1834,-10.409,3.3884,-3.8195,0.84617,NaN,NaN,NaN,NaN,NaN
343.18,1.488,-10.551,96.544,-1.7802,0.97842,-11.762,3.1003,-7.0155,0.98474,0,0,0,NaN,NaN,NaN,NaN,NaN,NaN,NaN,NaN,NaN,47.669,0,2701,0.0069644,NaN,NaN,NaN,0.038291,15.372,97591,11.688,-1.0838,1.1847,-10.405,3.3472,-3.8025,0.79743,NaN,NaN,NaN,NaN,NaN
343.19,1.4962,-10.551,96.547,-1.1897,0.94851,-11.49,3.1229,-0.373,0.72347,0,0,0,NaN,NaN,NaN,NaN,NaN,NaN,NaN,NaN,NaN,47.669,0,2701,0.0069644,NaN,NaN,NaN,NaN,NaN,-1,-1,-1.0877,1.1818,-10.372,3.3184,-3.8032,0.74493,NaN,NaN,NaN,NaN,NaN
343.19,1.5046,-10.562,96.549,-0.45707,1.1724,-8.3436,3.1827,-4.2668,0.63587,0,0,0,NaN,NaN,NaN,NaN,NaN,NaN,NaN,NaN,NaN,47.669,0,2701,0.0069644,NaN,NaN,NaN,NaN,NaN,-1,-1,-1.0969,1.1905,-10.348,3.301,-3.8993,0.65488,NaN,NaN,NaN,NaN,NaN
343.19,1.5133,-10.58,96.552,-1.7293,1.6751,-12.065,3.2648,-7.3975,0.64555,0.19491,0.26708,-1.0608,NaN,NaN,NaN,NaN,NaN,NaN,NaN,NaN,NaN,47.669,0,2701,0.0069644,NaN,NaN,NaN,NaN,15.472,97588,11.625,-1.0997,1.1895,-10.335,3.2871,-3.9354,0.57499,NaN,NaN,NaN,NaN,NaN
343.19,1.5225,-10.583,96.554,-1.2318,1.2575,-11.735,3.4488,-1.0353,0.37053,0,0,0,NaN,NaN,NaN,NaN,NaN,NaN,NaN,NaN,NaN,47.669,0,2701,0.0069644,NaN,NaN,NaN,NaN,NaN,-1,-1,-1.107,1.1864,-10.317,3.2689,-3.9686,0.48503,NaN,NaN,NaN,NaN,NaN
343.2,1.5414,-10.605,96.556,-0.77073,1.0185,-8.9209,3.6097,-6.9669,0.19704,0,0,0,NaN,NaN,NaN,NaN,NaN,NaN,NaN,NaN,NaN,47.669,0,2701,0.0069644,NaN,NaN,NaN,NaN,NaN,-1,-1,-1.1176,1.1895,-10.306,3.2335,-4.0827,0.4105,NaN,NaN,NaN,NaN,NaN
343.2,1.5507,-10.62,96.558,-1.3451,1.095,-12.52,3.4522,-5.7853,0.3357,0.19206,0.25029,-1.061,NaN,NaN,NaN,NaN,NaN,NaN,NaN,NaN,NaN,47.669,0,2701,0.0069644,NaN,NaN,NaN,NaN,15.343,97590,11.625,-1.1132,1.1882,-10.264,3.1742,-4.1228,0.33415,NaN,NaN,NaN,NaN,NaN
343.2,1.5586,-10.621,96.559,-1.1364,1.3616,-11.1,2.8848,-0.52454,0.085543,0,0,0,NaN,NaN,NaN,NaN,NaN,NaN,NaN,NaN,NaN,47.669,0,2701,0.0069644,NaN,NaN,NaN,NaN,15.603,97594,11.688,-1.1161,1.1845,-10.249,3.1177,-4.0923,0.25168,NaN,NaN,NaN,NaN,NaN
343.2,1.5669,-10.63,96.561,-0.95846,0.70411,-8.8479,3.0725,-3.9128,0.24093,0,0,0,NaN,NaN,NaN,NaN,NaN,NaN,NaN,NaN,NaN,47.669,0,2701,0.0069644,NaN,NaN,NaN,NaN,NaN,-1,-1,-1.1314,1.1819,-10.238,3.0845,-4.1348,0.17166,NaN,NaN,NaN,NaN,NaN
343.21,1.5745,-10.646,96.562,-1.3687,2.1671,-10.741,2.7041,-6.4107,0.087663,0,0,0,NaN,NaN,NaN,NaN,NaN,NaN,NaN,NaN,NaN,47.669,0,2701,0.0069644,0.7331,2.5978,3.3818,0.097392,NaN,-1,-1,-1.1273,1.186,-10.198,3.0686,-4.2161,0.099931,NaN,NaN,NaN,NaN,NaN
343.21,1.5832,-10.652,96.563,-1.3139,1.5442,-10.67,3.2455,-2.3771,0.18913,0.18526,0.25507,-1.0639,NaN,NaN,NaN,NaN,NaN,NaN,NaN,NaN,NaN,47.669,0,2701,0.0069644,0.7331,2.5978,3.3818,0.097392,NaN,-1,-1,-1.132,1.1806,-10.194,3.0205,-4.2424,0.022485,NaN,NaN,NaN,NaN,NaN
343.21,1.5911,-10.661,96.564,-0.9666,0.44125,-9.1613,2.8147,-3.4831,-0.12645,0,0,0,NaN,NaN,NaN,NaN,NaN,NaN,NaN,NaN,NaN,47.669,0,2701,0.0069644,NaN,NaN,NaN,NaN,15.318,97582,11.625,-1.1383,1.1822,-10.176,2.9854,-4.2518,-0.061119,NaN,NaN,NaN,NaN,NaN
343.21,1.6048,-10.687,96.564,-1.0238,1.3403,-11.533,2.6023,-4.0631,-0.33117,0,0,0,NaN,NaN,NaN,NaN,NaN,NaN,NaN,NaN,NaN,47.669,0,2701,0.0069644,NaN,NaN,NaN,NaN,NaN,-1,-1,-1.1463,1.1815,-10.158,2.9603,-4.3301,-0.13171,NaN,NaN,NaN,NaN,NaN
343.22,1.6122,-10.692,96.564,-1.2583,1.1313,-10.264,2.5991,-2.3339,-0.33277,0.18256,0.2431,-1.0641,NaN,NaN,NaN,NaN,NaN,NaN,NaN,NaN,NaN,47.669,0,2701,0.0069644,NaN,NaN,NaN,NaN,NaN,-1,-1,-1.1523,1.1916,-10.134,2.9421,-4.4323,-0.21024,NaN,NaN,NaN,NaN,NaN
343.22,1.6214,-10.703,96.564,-1.3433,1.8189,-9.1967,3.3328,-4.38,-0.10325,0,0,0,NaN,NaN,NaN,NaN,NaN,NaN,NaN,NaN,NaN,47.669,0,2701,0.0069644,NaN,NaN,NaN,NaN,15.395,97584,11.625,-1.1529,1.1945,-10.112,2.9228,-4.3657,-0.28892,NaN,NaN,NaN,NaN,NaN
343.22,1.6304,-10.715,96.564,-1.1259,0.92042,-10.312,3.2331,-5.0875,-0.28831,0,0,0,NaN,NaN,NaN,NaN,NaN,NaN,NaN,NaN,NaN,47.669,0,2701,0.0069644,0.73365,2.6127,4.1053,0.094895,NaN,-1,-1,-1.1589,1.1954,-10.102,2.8886,-4.3074,-0.39013,NaN,NaN,NaN,NaN,NaN
343.22,1.6395,-10.726,96.564,-1.1147,0.74451,-10.486,3.2303,-4.1384,-0.51211,0,0,0,NaN,NaN,NaN,NaN,NaN,NaN,NaN,NaN,NaN,47.669,0,2701,0.0069644,NaN,NaN,NaN,NaN,15.423,97594,11.688,-1.1667,1.2006,-10.084,2.8703,-4.5031,-0.47362,NaN,NaN,NaN,NaN,NaN
343.23,1.6484,-10.735,96.563,-0.98405,1.6996,-8.9998,3.1574,-3.6718,-0.54145,0.16883,0.2577,-1.0653,NaN,NaN,NaN,NaN,NaN,NaN,NaN,NaN,NaN,47.669,0,2701,0.0069644,NaN,NaN,NaN,NaN,NaN,-1,-1,-1.1614,1.2015,-10.044,2.8522,-4.5514,-0.55584,NaN,NaN,NaN,NaN,NaN
343.23,1.6563,-10.753,96.562,-0.84843,0.83074,-9.3518,2.6956,-7.4114,-0.63255,0,0,0,NaN,NaN,NaN,NaN,NaN,NaN,NaN,NaN,NaN,47.669,0,2701,0.0069644,NaN,NaN,NaN,NaN,NaN,-1,-1,-1.1696,1.2024,-10.041,2.8318,-4.4057,-0.64467,NaN,NaN,NaN,NaN,NaN
343.23,1.6656,-10.769,96.561,-1.3042,1.1788,-11.266,3.2915,-6.6222,-0.69677,0,0,0,NaN,NaN,NaN,NaN,NaN,NaN,NaN,NaN,NaN,47.669,0,2701,0.0069644,NaN,NaN,NaN,NaN,15.501,97593,11.688,-1.1835,1.2053,-10.036,2.8228,-4.5262,-0.72101,NaN,NaN,NaN,NaN,NaN
343.23,1.673,-10.776,96.56,-1.5563,1.6851,-11.16,2.4927,-2.965,-0.76106,0,0,0,NaN,NaN,NaN,NaN,NaN,NaN,NaN,NaN,NaN,47.669,0,2701,0.0069644,NaN,NaN,NaN,NaN,NaN,-1,-1,-1.175,1.2093,-9.9936,2.8161,-4.6536,-0.80603,NaN,NaN,NaN,NaN,NaN
343.24,1.6804,-10.782,96.559,-1.2318,1.336,-8.9044,2.4821,-2.1238,-0.99695,0.17098,0.25046,-1.0651,NaN,NaN,NaN,NaN,NaN,NaN,NaN,NaN,NaN,47.669,0,2701,0.0069644,NaN,NaN,NaN,NaN,NaN,-1,-1,-1.1787,1.2166,-9.9699,2.8132,-4.4879,-0.87584,NaN,NaN,NaN,NaN,NaN
343.24,1.6888,-10.798,96.556,-0.68494,1.2358,-8.2849,2.7422,-6.7494,-1.4123,0,0,0,NaN,NaN,NaN,NaN,NaN,NaN,NaN,NaN,NaN,47.669,0,2701,0.0069644,NaN,NaN,NaN,NaN,15.343,97586,11.625,-1.1847,1.2238,-9.98,2.8327,-4.6377,-0.96699,NaN,NaN,NaN,NaN,NaN
343.24,1.6961,-10.813,96.553,-1.7087,1.0673,-11.443,2.3604,-6.2004,-1.301,0,0,0,NaN,NaN,NaN,NaN,NaN,NaN,NaN,NaN,NaN,47.669,0,2701,0.0069644,NaN,NaN,NaN,NaN,NaN,-1,-1,-1.1874,1.2214,-9.9568,2.8404,-4.7277,-1.0435,NaN,NaN,NaN,NaN,NaN
343.24,1.7037,-10.82,96.552,-1.0847,0.92055,-9.0272,2.5783,-2.5794,-0.94017,0,0,0,NaN,NaN,NaN,NaN,NaN,NaN,NaN,NaN,NaN,47.669,0,2701,0.0069644,NaN,NaN,NaN,NaN,15.448,97600,11.688,-1.1925,1.2324,-9.9282,2.8536,-4.5829,-1.1373,NaN,NaN,NaN,NaN,NaN
343.25,1.7112,-10.836,96.55,-1.0948,1.0634,-10.236,2.4506,-6.5331,-1.2183,0.18053,0.24529,-1.0687,NaN,NaN,NaN,NaN,NaN,NaN,NaN,NaN,NaN,47.669,0,2701,0.0069644,0.73365,2.6085,7.6112,NaN,NaN,-1,-1,-1.2042,1.2452,-9.9358,2.8693,-4.6563,-1.2218,NaN,NaN,NaN,NaN,NaN
343.25,1.7192,-10.85,96.547,-1.3797,1.2914,-11.118,2.6335,-5.657,-1.13,0,0,0,NaN,NaN,NaN,NaN,NaN,NaN,NaN,NaN,NaN,47.669,0,2701,0.0069644,NaN,NaN,NaN,0.062431,NaN,-1,-1,-1.2031,1.2464,-9.8906,2.9966,-4.928,-1.4294,NaN,NaN,NaN,NaN,NaN
343.25,1.7287,-10.854,96.544,-1.3926,1.3158,-10.19,3.2261,-1.813,-1.5734,0,0,0,NaN,NaN,NaN,NaN,NaN,NaN,NaN,NaN,NaN,47.669,0,2701,0.0069644,NaN,NaN,NaN,NaN,15.343,97588,11.625,-1.2008,1.243,-9.8689,3.0043,-4.8321,-1.5067,NaN,NaN,NaN,NaN,NaN
343.25,1.7385,-10.865,96.542,-1.226,1.2172,-7.6123,3.3395,-4.7637,-1.3582,0,0,0,NaN,NaN,NaN,NaN,NaN,NaN,NaN,NaN,NaN,47.669,0,2701,0.0069644,NaN,NaN,NaN,NaN,NaN,-1,-1,-1.2082,1.2501,-9.8562,3.0187,-4.8666,-1.5897,NaN,NaN,NaN,NaN,NaN
343.26,1.7492,-10.884,96.539,-0.8989,1.8888,-10.32,3.6686,-7.4053,-1.3664,0.18525,0.25015,-1.0661,NaN,NaN,NaN,NaN,NaN,NaN,NaN,NaN,NaN,47.669,0,2701,0.0069644,NaN,NaN,NaN,NaN,NaN,-1,-1,-1.2169,1.2581,-9.8521,3.0277,-4.9466,-1.6508,NaN,NaN,NaN,NaN,NaN
343.26,1.7577,-10.892,96.536,-1.237,-0.094323,-10.985,2.8109,-3.3241,-1.6352,0,0,0,NaN,NaN,NaN,NaN,NaN,NaN,NaN,NaN,NaN,47.669,0,2701,0.0069644,NaN,NaN,NaN,NaN,15.396,97583,11.625,-1.2114,1.2636,-9.8028,3.0315,-4.7877,-1.7258,NaN,NaN,NaN,NaN,NaN
343.26,1.7656,-10.899,96.532,-0.95238,1.4608,-9.212,2.507,-3.0736,-1.775,0,0,0,NaN,NaN,NaN,NaN,NaN,NaN,NaN,NaN,NaN,47.669,0,2701,0.0069644,0.71722,2.5948,8.4924,-0.10155,NaN,-1,-1,-1.2176,1.2687,-9.7935,3.0341,-4.7823,-1.7965,NaN,NaN,NaN,NaN,NaN
343.26,1.7761,-10.915,96.528,-1.4033,1.8758,-10.04,3.4885,-6.5236,-1.8862,0,0,0,NaN,NaN,NaN,NaN,NaN,NaN,NaN,NaN,NaN,47.669,0,2701,0.0069644,NaN,NaN,NaN,NaN,15.421,97567,11.563,-1.2256,1.2826,-9.7872,3.0626,-4.9142,-1.8837,NaN,NaN,NaN,NaN,NaN
343.27,1.7852,-10.927,96.524,-1.5811,1.3501,-10.183,2.9577,-4.762,-1.8944,0.18566,0.25964,-1.0683,NaN,NaN,NaN,NaN,NaN,NaN,NaN,NaN,NaN,47.669,0,2701,0.0069644,NaN,NaN,NaN,NaN,NaN,-1,-1,-1.2194,1.2828,-9.7402,3.1001,-4.8361,-1.9704,NaN,NaN,NaN,NaN,NaN
343.27,1.7936,-10.934,96.519,-0.89379,0.86168,-9.4131,2.668,-3.175,-2.1206,0,0,0,NaN,NaN,NaN,NaN,NaN,NaN,NaN,NaN,NaN,47.669,0,2701,0.0069644,NaN,NaN,NaN,NaN,NaN,-1,-1,-1.2257,1.2909,-9.744,3.1215,-4.8195,-2.0608,NaN,NaN,NaN,NaN,NaN
343.27,1.8024,-10.948,96.514,-1.1208,1.6918,-8.4823,2.7621,-5.4314,-2.2745,0,0,0,NaN,NaN,NaN,NaN,NaN,NaN,NaN,NaN,NaN,47.669,0,2701,0.0069644,NaN,NaN,NaN,NaN,15.421,97565,11.563,-1.2317,1.304,-9.7156,3.1537,-4.7687,-2.1548,NaN,NaN,NaN,NaN,NaN
343.27,1.8125,-10.962,96.509,-1.8733,0.97797,-10.301,3.253,-5.7053,-2.273,0,0,0,NaN,NaN,NaN,NaN,NaN,NaN,NaN,NaN,NaN,47.669,0,2701,0.0069644,NaN,NaN,NaN,NaN,NaN,-1,-1,-1.233,1.3072,-9.67,3.1797,-4.66,-2.259,NaN,NaN,NaN,NaN,NaN
343.28,1.8335,-10.986,96.499,-1.1587,1.5176,-10.216,3.2922,-5.4836,-2.4948,0,0,0,NaN,NaN,NaN,NaN,NaN,NaN,NaN,NaN,NaN,47.669,0,2701,0.0069644,NaN,NaN,NaN,NaN,NaN,-1,-1,-1.2338,1.3233,-9.6497,3.2372,-4.5656,-2.3397,NaN,NaN,NaN,NaN,NaN
343.28,1.8447,-10.995,96.493,-1.6104,1.7554,-10.011,3.6358,-3.6705,-2.6605,0,0,0,NaN,NaN,NaN,NaN,NaN,NaN,NaN,NaN,NaN,47.669,0,2701,0.0069644,NaN,NaN,NaN,NaN,15.472,97568,11.563,-1.2373,1.3304,-9.6239,3.265,-4.5745,-2.4318,NaN,NaN,NaN,NaN,NaN
343.28,1.8565,-11.005,96.487,-1.2851,1.1341,-8.2925,3.8545,-4.086,-2.8887,0,0,0,NaN,NaN,NaN,NaN,NaN,NaN,NaN,NaN,NaN,47.669,0,2701,0.0069644,NaN,NaN,NaN,NaN,15.527,97634,11.813,-1.2356,1.3314,-9.6068,3.2918,-4.5927,-2.5425,NaN,NaN,NaN,NaN,NaN
343.28,1.8678,-11.021,96.48,-1.0133,1.6414,-9.4426,3.6682,-6.8126,-2.7595,0.18506,0.25279,-1.0616,18.193,0.17888,-4.0134,18.632,40.058,-88.551,3.6772e+05,4.4354e+06,270.1,47.669,0,2701,0.0069644,NaN,NaN,NaN,NaN,NaN,-1,-1,-1.24,1.3445,-9.5788,3.3192,-4.4696,-2.6372,18.491,-2.214,0.55983,1.7341,-6.8245
343.29,1.88,-11.033,96.473,-1.4335,1.4179,-10.856,3.9115,-4.7117,-3.2016,0,0,0,NaN,NaN,NaN,NaN,NaN,NaN,NaN,NaN,NaN,47.669,0,2701,0.0069644,0.72434,2.4761,12.325,0.054939,NaN,-1,-1,-1.2365,1.3427,-9.5509,3.3505,-4.5964,-2.7389,NaN,NaN,NaN,NaN,NaN
343.29,1.8914,-11.039,96.465,-0.95855,0.60524,-8.8368,3.6466,-2.9103,-3.2932,0,0,0,NaN,NaN,NaN,NaN,NaN,NaN,NaN,NaN,NaN,47.669,0,2701,0.0069644,NaN,NaN,NaN,NaN,NaN,-1,-1,-1.23,1.3448,-9.445,3.4114,-4.6419,-2.8579,NaN,NaN,NaN,NaN,NaN
343.29,1.903,-11.055,96.457,-1.0051,1.3813,-9.1404,3.6409,-6.5913,-3.4355,0,0,0,NaN,NaN,NaN,NaN,NaN,NaN,NaN,NaN,NaN,47.669,NaN,2722.4,0.0075089,NaN,NaN,NaN,NaN,15.321,97608,11.75,-1.2381,1.3548,-9.4303,3.4379,-4.5622,-2.9931,NaN,NaN,NaN,NaN,NaN
343.29,1.9252,-11.071,96.443,-0.96891,1.371,-10.083,3.456,-1.8575,-3.1234,0,0,0,NaN,NaN,NaN,NaN,NaN,NaN,NaN,NaN,NaN,47.669,NaN,2722.4,0.0075089,NaN,NaN,NaN,NaN,NaN,-1,-1,-1.2351,1.3781,-9.4057,3.4561,-4.4775,-3.1443,NaN,NaN,NaN,NaN,NaN
343.3,1.9366,-11.085,96.434,-1.3289,1.2392,-7.4436,3.5113,-5.7302,-3.6893,0,0,0,NaN,NaN,NaN,NaN,NaN,NaN,NaN,NaN,NaN,47.669,NaN,2722.4,0.0075089,NaN,NaN,NaN,NaN,NaN,-1,-1,-1.2342,1.3765,-9.3937,3.4577,-4.528,-3.3106,NaN,NaN,NaN,NaN,NaN
343.3,1.9478,-11.1,96.426,-1.3016,1.6151,-10.286,3.4511,-6.2666,-3.5186,0,0,0,NaN,NaN,NaN,NaN,NaN,NaN,NaN,NaN,NaN,47.669,NaN,2722.4,0.0075089,NaN,NaN,NaN,NaN,15.471,97596,11.625,-1.2412,1.3799,-9.3927,3.4642,-4.4412,-3.4843,NaN,NaN,NaN,NaN,NaN
343.3,1.9594,-11.108,96.417,-1.2786,1.0844,-9.6599,3.5278,-3.171,-3.9954,0.18544,0.24751,-1.0705,NaN,NaN,NaN,NaN,NaN,NaN,NaN,NaN,NaN,47.64,0,2722.4,0.0075089,0.72927,2.6091,13.847,0.097392,NaN,-1,-1,-1.2319,1.3862,-9.2846,3.4664,-4.3298,-3.6496,NaN,NaN,NaN,NaN,NaN
343.3,0,0,0,0,0,0,0,0,0,0,0,0,NaN,NaN,NaN,NaN,NaN,NaN,NaN,NaN,NaN,47.64,0,2722.4,0.0075089,NaN,NaN,NaN,NaN,15.494,97550,11.438,-1.2376,1.3998,-9.2654,3.4403,-4.3565,-3.8284,NaN,NaN,NaN,NaN,NaN
343.31,1.9709,-11.118,96.408,-1.1366,1.1137,-9.2646,3.5327,-4.0377,-3.8537,0,0,0,NaN,NaN,NaN,NaN,NaN,NaN,NaN,NaN,NaN,47.64,0,2722.4,0.0075089,NaN,NaN,NaN,NaN,NaN,-1,-1,-1.2457,1.4153,-9.2679,3.4241,-4.3618,-4.0065,NaN,NaN,NaN,NaN,NaN
343.31,1.983,-11.132,96.398,-1.5225,1.5304,-10.344,3.7289,-6.1085,-4.0052,0,0,0,NaN,NaN,NaN,NaN,NaN,NaN,NaN,NaN,NaN,47.64,0,2722.4,0.0075089,NaN,NaN,NaN,NaN,NaN,-1,-1,-1.2477,1.4336,-9.2522,3.4113,-4.2171,-4.205,NaN,NaN,NaN,NaN,NaN
343.31,2.0082,-11.148,96.377,-1.4431,1.178,-9.1163,4.0168,-4.1405,-4.7244,0.18531,0.24763,-1.0683,NaN,NaN,NaN,NaN,NaN,NaN,NaN,NaN,NaN,47.64,0,2722.4,0.0075089,NaN,NaN,NaN,NaN,15.37,97626,11.75,-1.2492,1.4336,-9.2298,3.3949,-4.2029,-4.3988,NaN,NaN,NaN,NaN,NaN
343.31,2.0209,-11.162,96.366,-0.81412,2.0705,-8.5035,3.8152,-5.864,-4.8178,0,0,0,NaN,NaN,NaN,NaN,NaN,NaN,NaN,NaN,NaN,47.64,0,2722.4,0.0075089,0.7331,2.6109,15.674,0.079911,NaN,-1,-1,-1.2555,1.4468,-9.2249,3.3594,-4.2012,-4.5918,NaN,NaN,NaN,NaN,NaN
343.32,2.0347,-11.173,96.354,-1.4336,0.6958,-11.485,4.2177,-4.2729,-5.0437,0,0,0,NaN,NaN,NaN,NaN,NaN,NaN,NaN,NaN,NaN,47.64,0,2722.4,0.0075089,NaN,NaN,NaN,NaN,NaN,-1,-1,-1.254,1.4499,-9.1937,3.3104,-4.1049,-4.8004,NaN,NaN,NaN,NaN,NaN
343.32,2.0458,-11.178,96.342,-1.0509,0.87816,-8.6106,3.1535,-2.5567,-4.9178,0,0,0,NaN,NaN,NaN,NaN,NaN,NaN,NaN,NaN,NaN,47.64,0,2722.4,0.0075089,NaN,NaN,NaN,NaN,15.423,97619,11.75,-1.2626,1.4653,-9.1926,3.2607,-4.0352,-5.0234,NaN,NaN,NaN,NaN,NaN
343.32,2.0576,-11.189,96.33,-1.3666,1.6051,-9.6263,3.427,-4.5842,-4.9976,0.19461,0.24762,-1.0652,NaN,NaN,NaN,NaN,NaN,NaN,NaN,NaN,NaN,47.64,0,2722.4,0.0075089,NaN,NaN,NaN,NaN,15.655,97629,11.813,-1.2588,1.4864,-9.1514,3.2441,-4.0598,-5.2598,NaN,NaN,NaN,NaN,NaN
343.32,2.0819,-11.208,96.305,-0.836,1.0363,-9.5269,3.5333,-3.3895,-5.3883,0,0,0,NaN,NaN,NaN,NaN,NaN,NaN,NaN,NaN,NaN,47.64,0,2722.4,0.0075089,NaN,NaN,NaN,NaN,NaN,-1,-1,-1.2685,1.4947,-9.2611,3.2109,-3.9904,-5.5023,NaN,NaN,NaN,NaN,NaN
343.33,2.0929,-11.219,96.291,-1.3214,1.2044,-9.6747,2.9174,-4.7279,-5.7686,0,0,0,NaN,NaN,NaN,NaN,NaN,NaN,NaN,NaN,NaN,47.64,0,2722.4,0.0075089,0.74405,2.6121,19.166,0.091565,NaN,-1,-1,-1.2697,1.4919,-9.2291,3.1665,-3.8822,-5.7489,NaN,NaN,NaN,NaN,NaN
343.33,2.1194,-11.262,96.22,-1.9465,2.3161,-9.3227,2.9272,-4.4495,-5.7566,0.19938,0.24011,-1.0693,NaN,NaN,NaN,NaN,NaN,NaN,NaN,NaN,NaN,47.64,0,2722.4,0.0075089,NaN,NaN,NaN,NaN,NaN,-1,-1,-1.2739,1.5002,-9.2271,3.1029,-3.8375,-5.9972,NaN,NaN,NaN,NaN,NaN
343.33,2.1419,-11.283,96.19,-1.3163,1.033,-9.4929,2.5895,-5.9378,-6.5252,0,0,0,NaN,NaN,NaN,NaN,NaN,NaN,NaN,NaN,NaN,47.64,0,2722.4,0.0075089,NaN,NaN,NaN,NaN,15.131,97562,11.5,-1.2749,1.5152,-9.2032,3.0408,-3.8749,-6.2478,NaN,NaN,NaN,NaN,NaN
343.33,2.1545,-11.292,96.173,-1.8948,2.7547,-11.089,3.3697,-3.6338,-6.7014,0,0,0,NaN,NaN,NaN,NaN,NaN,NaN,NaN,NaN,NaN,47.64,0,2722.4,0.0075089,NaN,NaN,NaN,NaN,NaN,-1,-1,-1.2848,1.5378,-9.296,2.9783,-3.8337,-6.5198,NaN,NaN,NaN,NaN,NaN
343.34,2.1673,-11.296,96.157,-1.0964,1.3454,-8.3013,3.4737,-2.0315,-6.7054,0.19003,0.24756,-1.0679,NaN,NaN,NaN,NaN,NaN,NaN,NaN,NaN,NaN,47.64,0,2722.4,0.0075089,NaN,NaN,NaN,NaN,NaN,-1,-1,-1.2809,1.5446,-9.28,2.9302,-3.7101,-6.7893,NaN,NaN,NaN,NaN,NaN
343.34,2.1919,-11.322,96.121,-1.2819,1.9297,-10.973,3.4641,-5.4787,-7.6137,0,0,0,NaN,NaN,NaN,NaN,NaN,NaN,NaN,NaN,NaN,47.64,0,2722.4,0.0075089,0.72325,2.5966,20.832,0.10405,15.525,97579,11.625,-1.2952,1.5485,-9.2936,2.8811,-3.7259,-7.0757,NaN,NaN,NaN,NaN,NaN
343.34,2.2038,-11.325,96.101,-1.451,1.0959,-10.34,2.831,-1.7634,-7.9854,0,0,0,NaN,NaN,NaN,NaN,NaN,NaN,NaN,NaN,NaN,47.64,0,2722.4,0.0075089,NaN,NaN,NaN,NaN,15.32,97632,11.813,-1.2963,1.5549,-9.2854,2.8101,-3.812,-7.3651,NaN,NaN,NaN,NaN,NaN
343.34,2.2145,-11.333,96.082,-1.0266,1.6956,-7.529,2.3867,-3.5831,-8.0093,0.18969,0.24048,-1.0657,NaN,NaN,NaN,NaN,NaN,NaN,NaN,NaN,NaN,47.64,0,2722.4,0.0075089,NaN,NaN,NaN,NaN,NaN,-1,-1,-1.3033,1.5611,-9.308,2.739,-3.6928,-7.6663,NaN,NaN,NaN,NaN,NaN
343.35,2.2145,-11.333,96.082,-1.0266,1.6956,-7.529,2.3867,-3.5831,-8.0093,0.18969,0.24048,-1.0657,NaN,NaN,NaN,NaN,NaN,NaN,NaN,NaN,NaN,47.64,0,2722.4,0.0075089,NaN,NaN,NaN,NaN,NaN,-1,-1,-1.3101,1.5766,-9.3137,2.6723,-3.6178,-7.9634,NaN,NaN,NaN,NaN,NaN
343.35,2.2353,-11.352,96.042,-1.8052,2.6292,-10.899,2.3081,-2.1442,-8.1729,0,0,0,NaN,NaN,NaN,NaN,NaN,NaN,NaN,NaN,NaN,47.64,0,2722.4,0.0075089,NaN,NaN,NaN,NaN,NaN,-1,-1,-1.3111,1.592,-9.3072,2.606,-3.7039,-8.274,NaN,NaN,NaN,NaN,NaN
343.35,2.2474,-11.357,96.021,-0.60919,0.50405,-7.6055,2.8175,-2.2649,-8.6051,0,0,0,NaN,NaN,NaN,NaN,NaN,NaN,NaN,NaN,NaN,47.64,0,2722.4,0.0075089,0.7435,2.4844,22.317,0.044118,15.366,97584,11.563,-1.3136,1.5878,-9.3142,2.5426,-3.537,-8.5751,NaN,NaN,NaN,NaN,NaN
343.35,2.2576,-11.372,96,-1.7097,1.5653,-9.197,1.9986,-6.3014,-8.7712,0.19191,0.24057,-1.0633,NaN,NaN,NaN,NaN,NaN,NaN,NaN,NaN,NaN,47.64,0,2722.4,0.0075089,NaN,NaN,NaN,NaN,NaN,-1,-1,-1.3169,1.594,-9.3085,2.4934,-3.544,-8.9027,NaN,NaN,NaN,NaN,NaN
343.36,2.2678,-11.379,95.977,-1.3436,1.4539,-9.726,1.9451,-3.5816,-9.0839,0,0,0,NaN,NaN,NaN,NaN,NaN,NaN,NaN,NaN,NaN,47.64,0,2722.4,0.0075089,NaN,NaN,NaN,NaN,NaN,-1,-1,-1.3139,1.5992,-9.308,2.4468,-3.6067,-9.2163,NaN,NaN,NaN,NaN,NaN
343.36,2.2791,-11.387,95.954,-1.3764,1.4912,-10.241,2.3072,-3.2702,-9.3641,0,0,0,NaN,NaN,NaN,NaN,NaN,NaN,NaN,NaN,NaN,47.64,0,2722.4,0.0075089,NaN,NaN,NaN,NaN,15.447,97585,11.625,-1.3238,1.5977,-9.296,2.3702,-3.538,-9.5521,NaN,NaN,NaN,NaN,NaN
343.36,2.2893,-11.393,95.93,-1.6038,1.555,-9.4253,1.8369,-3.2272,-9.7072,0,0,0,NaN,NaN,NaN,NaN,NaN,NaN,NaN,NaN,NaN,47.64,0,2722.4,0.0075089,NaN,NaN,NaN,NaN,NaN,-1,-1,-1.3311,1.6271,-9.3232,2.1962,-3.3433,-9.7162,NaN,NaN,NaN,NaN,NaN
343.36,2.3002,-11.401,95.906,-1.1482,2.0606,-9.5411,2.0341,-3.5895,-9.9757,0.20834,0.23794,-1.0618,NaN,NaN,NaN,NaN,NaN,NaN,NaN,NaN,NaN,47.64,0,2722.4,0.0075089,NaN,NaN,NaN,NaN,15.395,97585,11.625,-1.3335,1.6345,-9.3047,2.1158,-3.2486,-9.9921,NaN,NaN,NaN,NaN,NaN
343.37,2.3114,-11.405,95.88,-1.5725,1.9953,-8.5004,2.0806,-2.1381,-10.352,0,0,0,NaN,NaN,NaN,NaN,NaN,NaN,NaN,NaN,NaN,47.64,0,2722.4,0.0075089,0.72708,2.6044,24.712,0.10488,NaN,-1,-1,-1.3326,1.6238,-9.2923,2.0356,-3.2961,-10.283,NaN,NaN,NaN,NaN,NaN
343.37,2.3251,-11.416,95.853,-0.97111,2.4859,-8.7279,2.9671,-4.6636,-10.809,0,0,0,NaN,NaN,NaN,NaN,NaN,NaN,NaN,NaN,NaN,47.64,0,2722.4,0.0075089,NaN,NaN,NaN,NaN,NaN,-1,-1,-1.3389,1.6329,-9.2979,1.9651,-3.2351,-10.587,NaN,NaN,NaN,NaN,NaN
343.37,2.3377,-11.424,95.826,-1.2699,1.0442,-10.25,2.4953,-3.703,-11.059,0,0,0,NaN,NaN,NaN,NaN,NaN,NaN,NaN,NaN,NaN,47.64,0,2722.4,0.0075089,NaN,NaN,NaN,NaN,15.236,97586,11.563,-1.3422,1.6379,-9.2914,1.8966,-3.2513,-10.89,NaN,NaN,NaN,NaN,NaN
343.37,2.349,-11.428,95.798,-1.045,1.4017,-9.6668,1.9599,-2.1995,-11.21,0.18987,0.23291,-1.0723,NaN,NaN,NaN,NaN,NaN,NaN,NaN,NaN,NaN,47.64,0,2722.4,0.0075089,NaN,NaN,NaN,NaN,NaN,-1,-1,-1.3433,1.631,-9.2973,1.8262,-3.1856,-11.194,NaN,NaN,NaN,NaN,NaN
343.38,2.3597,-11.433,95.77,-1.7774,1.0199,-10.264,1.6884,-2.6201,-11.329,0,0,0,NaN,NaN,NaN,NaN,NaN,NaN,NaN,NaN,NaN,47.64,0,2722.4,0.0075089,0.73091,2.6008,NaN,NaN,NaN,-1,-1,-1.3458,1.6508,-9.3087,1.7254,-3.0553,-11.495,NaN,NaN,NaN,NaN,NaN
343.38,2.3698,-11.442,95.742,-1.6463,2.2235,-7.6261,1.3923,-3.8566,-11.515,0,0,0,NaN,NaN,NaN,NaN,NaN,NaN,NaN,NaN,NaN,47.64,0,2722.4,0.0075089,NaN,NaN,25.791,0.084906,15.316,97574,11.563,-1.3499,1.6651,-9.3063,1.6714,-3.0741,-11.792,NaN,NaN,NaN,NaN,NaN
343.38,2.3792,-11.449,95.712,-0.54819,1.6222,-10.393,1.0313,-3.3394,-11.986,0,0,0,NaN,NaN,NaN,NaN,NaN,NaN,NaN,NaN,NaN,47.64,0,2722.4,0.0075089,NaN,NaN,NaN,NaN,15.344,97627,11.75,-1.3495,1.6538,-9.269,1.6142,-3.0133,-12.098,NaN,NaN,NaN,NaN,NaN
343.38,2.3895,-11.456,95.681,-1.7413,2.1055,-9.2976,1.2733,-3.6592,-12.508,0.20638,0.23761,-1.0686,NaN,NaN,NaN,NaN,NaN,NaN,NaN,NaN,NaN,47.64,0,2722.4,0.0075089,NaN,NaN,NaN,NaN,NaN,-1,-1,-1.3507,1.6507,-9.2754,1.5433,-2.9585,-12.413,NaN,NaN,NaN,NaN,NaN
343.39,2.4003,-11.459,95.649,-1.6192,1.7426,-9.7182,1.4164,-1.5453,-12.871,0,0,0,NaN,NaN,NaN,NaN,NaN,NaN,NaN,NaN,NaN,47.64,0,2722.4,0.0075089,NaN,NaN,NaN,NaN,NaN,-1,-1,-1.3563,1.6513,-9.286,1.4756,-2.9615,-12.713,NaN,NaN,NaN,NaN,NaN
343.39,2.4106,-11.467,95.617,-0.38513,2.176,-7.6019,1.2368,-3.7882,-12.847,0,0,0,NaN,NaN,NaN,NaN,NaN,NaN,NaN,NaN,NaN,47.64,0,2722.4,0.0075089,NaN,NaN,NaN,NaN,NaN,-1,-1,-1.355,1.6539,-9.2572,1.3964,-3.0494,-13.022,NaN,NaN,NaN,NaN,NaN
343.39,2.4206,-11.477,95.584,-1.6891,0.96074,-10.354,0.92779,-4.7006,-13.486,0,0,0,NaN,NaN,NaN,NaN,NaN,NaN,NaN,NaN,NaN,47.64,0,2722.4,0.0075089,0.80044,2.5137,25.848,0.013319,15.105,97560,11.5,-1.3612,1.6676,-9.2599,1.3269,-2.9592,-13.339,NaN,NaN,NaN,NaN,NaN
343.39,2.4308,-11.477,95.55,-2.3517,1.7444,-10.536,1.019,-0.71024,-13.636,0.20193,0.24236,-1.0713,NaN,NaN,NaN,NaN,NaN,NaN,NaN,NaN,NaN,47.64,0,2722.4,0.0075089,NaN,NaN,NaN,NaN,NaN,-1,-1,-1.3709,1.6722,-9.2627,1.2607,-2.878,-13.652,NaN,NaN,NaN,NaN,NaN
343.4,2.442,-11.478,95.516,-0.91614,1.9528,-7.8145,1.4138,-1.0734,-13.78,0,0,0,NaN,NaN,NaN,NaN,NaN,NaN,NaN,NaN,NaN,47.64,0,2722.4,0.0075089,NaN,NaN,NaN,NaN,NaN,-1,-1,-1.3702,1.6625,-9.2495,1.2096,-2.9393,-13.994,NaN,NaN,NaN,NaN,NaN
343.4,2.4543,-11.49,95.48,-1.1124,1.5689,-9.3289,1.6916,-5.4928,-14.222,0,0,0,NaN,NaN,NaN,NaN,NaN,NaN,NaN,NaN,NaN,47.64,0,2722.4,0.0075089,NaN,NaN,NaN,NaN,15.34,97567,11.5,-1.3709,1.6582,-9.2398,1.1416,-2.8284,-14.336,NaN,NaN,NaN,NaN,NaN
343.4,2.4659,-11.495,95.443,-1.7083,1.7392,-10.79,1.335,-2.4813,-14.862,0,0,0,NaN,NaN,NaN,NaN,NaN,NaN,NaN,NaN,NaN,47.64,0,2722.4,0.0075089,NaN,NaN,NaN,NaN,NaN,-1,-1,-1.3723,1.6531,-9.2569,1.0375,-2.7802,-14.668,NaN,NaN,NaN,NaN,NaN
343.4,2.4776,-11.496,95.406,-0.97581,1.392,-9.3981,1.3144,-1.193,-15.027,0.20395,0.23524,-1.0689,NaN,NaN,NaN,NaN,NaN,NaN,NaN,NaN,NaN,47.64,0,2722.4,0.0075089,0.71832,2.5876,25.774,0.11154,15.156,97590,11.563,-1.3774,1.6583,-9.2437,0.94265,-2.7532,-14.999,NaN,NaN,NaN,NaN,NaN
343.41,2.4887,-11.504,95.368,-1.2884,2.2717,-7.6604,0.99706,-3.9611,-15.341,0,0,0,NaN,NaN,NaN,NaN,NaN,NaN,NaN,NaN,NaN,47.64,0,2722.4,0.0075089,0.71832,2.5876,25.774,0.11154,NaN,-1,-1,-1.3713,1.6521,-9.2262,0.84196,-2.6298,-15.346,NaN,NaN,NaN,NaN,NaN
343.41,2.4985,-11.509,95.329,-1.5257,1.6241,-9.7569,0.5038,-2.6247,-15.415,0,0,0,NaN,NaN,NaN,NaN,NaN,NaN,NaN,NaN,NaN,47.64,0,2722.4,0.0075089,NaN,NaN,NaN,NaN,NaN,-1,-1,-1.3792,1.6456,-9.228,0.78001,-2.5661,-15.697,NaN,NaN,NaN,NaN,NaN
343.41,2.5079,-11.511,95.29,-1.2796,1.9515,-9.6004,0.18444,-1.7629,-15.955,0,0,0,NaN,NaN,NaN,NaN,NaN,NaN,NaN,NaN,NaN,47.669,0,2745.3,0.0080533,NaN,NaN,NaN,NaN,15.261,97549,11.438,-1.3779,1.6334,-9.2076,0.68126,-2.5893,-16.047,NaN,NaN,NaN,NaN,NaN
343.41,2.5194,-11.516,95.25,-1.2301,2.4586,-8.3912,1.0686,-2.6097,-16.045,0.21594,0.23736,-1.07,NaN,NaN,NaN,NaN,NaN,NaN,NaN,NaN,NaN,47.669,0,2745.3,0.0080533,NaN,NaN,NaN,NaN,NaN,-1,-1,-1.3733,1.6293,-9.1955,0.57846,-2.553,-16.396,NaN,NaN,NaN,NaN,NaN
343.42,2.5397,-11.526,95.165,-1.2835,0.75315,-9.7604,-0.017647,-2.6278,-17.061,0,0,0,NaN,NaN,NaN,NaN,NaN,NaN,NaN,NaN,NaN,47.669,0,2745.3,0.0080533,0.72982,2.4886,25.855,0.037458,NaN,-1,-1,-1.3768,1.6331,-9.2181,0.47714,-2.5205,-16.75,NaN,NaN,NaN,NaN,NaN
343.42,2.5498,-11.532,95.121,-1.7097,2.2111,-9.5827,0.15126,-3.2514,-17.436,0,0,0,NaN,NaN,NaN,NaN,NaN,NaN,NaN,NaN,NaN,47.669,0,2745.3,0.0080533,NaN,NaN,NaN,NaN,15.21,97601,11.625,-1.383,1.6412,-9.2157,0.374,-2.4916,-17.102,NaN,NaN,NaN,NaN,NaN
343.42,2.56,-11.533,95.078,-1.4762,2.1106,-9.2933,0.24929,-1.1691,-17.345,0.21856,0.24201,-1.072,NaN,NaN,NaN,NaN,NaN,NaN,NaN,NaN,NaN,47.669,0,2745.3,0.0080533,NaN,NaN,NaN,NaN,NaN,-1,-1,-1.3764,1.6298,-9.1781,0.26318,-2.4403,-17.463,NaN,NaN,NaN,NaN,NaN
343.42,2.5705,-11.537,95.033,-1.2615,1.2614,-9.5361,0.25308,-2.5108,-17.87,0,0,0,NaN,NaN,NaN,NaN,NaN,NaN,NaN,NaN,NaN,47.669,0,2745.3,0.0080533,NaN,NaN,NaN,NaN,15.211,97597,11.625,-1.3848,1.6285,-9.1812,0.13483,-2.2957,-17.83,NaN,NaN,NaN,NaN,NaN
343.43,2.5806,-11.54,94.988,-1.8427,1.7934,-8.551,0.017991,-2.0893,-18.279,0,0,0,NaN,NaN,NaN,NaN,NaN,NaN,NaN,NaN,NaN,47.669,0,2745.3,0.0080533,NaN,NaN,NaN,NaN,NaN,-1,-1,-1.3842,1.6147,-9.1771,0.04929,-2.3381,-18.206,NaN,NaN,NaN,NaN,NaN
343.43,2.5925,-11.546,94.941,-0.68749,2.7508,-9.3286,0.60602,-3.2382,-18.771,0,0,0,NaN,NaN,NaN,NaN,NaN,NaN,NaN,NaN,NaN,47.669,0,2745.3,0.0080533,NaN,NaN,NaN,NaN,NaN,-1,-1,-1.3806,1.6033,-9.1772,-0.051804,-2.374,-18.589,NaN,NaN,NaN,NaN,NaN
343.43,2.6044,-11.553,94.893,-1.3532,0.44351,-9.6145,0.59891,-3.5515,-18.946,0.21568,0.2376,-1.0656,NaN,NaN,NaN,NaN,NaN,NaN,NaN,NaN,NaN,47.669,0,2745.3,0.0080533,NaN,NaN,NaN,NaN,15.318,97602,11.688,-1.3835,1.6101,-9.1652,-0.18378,-2.2523,-18.964,NaN,NaN,NaN,NaN,NaN
343.43,2.6136,-11.553,94.845,-1.4912,1.6135,-9.3613,-0.5607,-1.0016,-19.277,0,0,0,NaN,NaN,NaN,NaN,NaN,NaN,NaN,NaN,NaN,47.669,0,2745.3,0.0080533,NaN,NaN,NaN,NaN,NaN,-1,-1,-1.3861,1.5975,-9.1689,-0.33662,-2.1506,-19.332,NaN,NaN,NaN,NaN,NaN
343.44,2.6232,-11.555,94.796,-1.4977,1.5977,-9.3714,-0.43132,-2.0183,-19.537,0,0,0,NaN,NaN,NaN,NaN,NaN,NaN,NaN,NaN,NaN,47.669,0,2745.3,0.0080533,NaN,NaN,NaN,NaN,NaN,-1,-1,-1.3838,1.5831,-9.1668,-0.4674,-2.2097,-19.689,NaN,NaN,NaN,NaN,NaN
343.44,2.6322,-11.561,94.747,-1.6025,2.3805,-8.1054,-0.74719,-3.2986,-19.776,0,0,0,NaN,NaN,NaN,NaN,NaN,NaN,NaN,NaN,NaN,47.669,0,2745.3,0.0080533,NaN,NaN,NaN,NaN,15.342,97594,11.625,-1.3831,1.5699,-9.1452,-0.60546,-2.1142,-20.062,NaN,NaN,NaN,NaN,NaN
343.44,2.6408,-11.562,94.696,-1.1669,1.8658,-10.332,-1.0424,-1.4812,-20.299,0.22011,0.22793,-1.0652,NaN,NaN,NaN,NaN,NaN,NaN,NaN,NaN,NaN,47.669,0,2745.3,0.0080533,NaN,NaN,NaN,NaN,NaN,-1,-1,-1.3882,1.5659,-9.1489,-0.75979,-2.1477,-20.443,NaN,NaN,NaN,NaN,NaN
343.44,2.6489,-11.561,94.643,-1.5224,0.9091,-8.3005,-1.3049,-0.47544,-21.003,0,0,0,NaN,NaN,NaN,NaN,NaN,NaN,NaN,NaN,NaN,47.669,0,2745.3,0.0080533,0.72982,2.6091,NaN,NaN,15.08,97617,11.688,-1.3854,1.5595,-9.1468,-0.89952,-2.0722,-20.812,NaN,NaN,NaN,NaN,NaN
343.45,2.6581,-11.568,94.59,-1.6533,1.2525,-9.3789,-0.9895,-3.7469,-21.181,0,0,0,NaN,NaN,NaN,NaN,NaN,NaN,NaN,NaN,NaN,47.669,0,2745.3,0.0080533,NaN,NaN,25.805,0.079911,NaN,-1,-1,-1.3908,1.5584,-9.1339,-1.0227,-1.9986,-21.175,NaN,NaN,NaN,NaN,NaN
343.45,2.6674,-11.57,94.536,-1.0856,1.6903,-9.336,-0.97729,-1.8454,-21.47,0,0,0,NaN,NaN,NaN,NaN,NaN,NaN,NaN,NaN,NaN,47.669,0,2745.3,0.0080533,NaN,NaN,NaN,NaN,15.21,97606,11.625,-1.3874,1.5383,-9.1225,-1.1924,-2.0315,-21.55,NaN,NaN,NaN,NaN,NaN
343.45,2.6756,-11.569,94.482,-1.4088,1.3429,-9.1031,-1.4316,-0.9039,-21.699,0.202,0.24476,-1.0713,NaN,NaN,NaN,NaN,NaN,NaN,NaN,NaN,NaN,47.669,0,2745.3,0.0080533,NaN,NaN,NaN,NaN,NaN,-1,-1,-1.3881,1.5248,-9.1005,-1.3752,-1.955,-21.917,NaN,NaN,NaN,NaN,NaN
343.45,2.6837,-11.572,94.426,-1.999,1.3449,-9.173,-1.651,-2.2524,-22.35,0,0,0,NaN,NaN,NaN,NaN,NaN,NaN,NaN,NaN,NaN,47.669,0,2745.3,0.0080533,NaN,NaN,NaN,NaN,15.395,97589,11.625,-1.3947,1.5049,-9.0873,-1.5142,-1.8368,-22.282,NaN,NaN,NaN,NaN,NaN
343.46,2.7016,-11.577,94.312,-0.95951,2.058,-9.2392,-1.1499,-2.0396,-23.035,0,0,0,NaN,NaN,NaN,NaN,NaN,NaN,NaN,NaN,NaN,47.669,0,2745.3,0.0080533,0.72598,2.6091,25.771,0.0899,NaN,-1,-1,-1.3886,1.5058,-9.0815,-1.655,-1.8061,-22.65,NaN,NaN,NaN,NaN,NaN
343.46,2.7103,-11.578,94.253,-1.2314,0.40393,-8.8333,-1.5645,-1.3566,-23.34,0.21823,0.23985,-1.0676,NaN,NaN,NaN,NaN,NaN,NaN,NaN,NaN,NaN,47.669,0,2745.3,0.0080533,NaN,NaN,NaN,NaN,NaN,-1,-1,-1.3914,1.4786,-9.0906,-1.8086,-1.8468,-23.019,NaN,NaN,NaN,NaN,NaN
343.46,2.7189,-11.581,94.195,-1.4565,1.2365,-10.191,-1.6298,-2.6812,-23.214,0,0,0,NaN,NaN,NaN,NaN,NaN,NaN,NaN,NaN,NaN,47.669,0,2745.3,0.0080533,NaN,NaN,NaN,NaN,15.108,97605,11.688,-1.3904,1.4653,-9.0783,-1.9536,-1.7215,-23.37,NaN,NaN,NaN,NaN,NaN
343.46,2.7256,-11.58,94.135,-1.4247,1.1793,-8.331,-2.4496,-0.68337,-23.677,0,0,0,NaN,NaN,NaN,NaN,NaN,NaN,NaN,NaN,NaN,47.669,0,2745.3,0.0080533,NaN,NaN,NaN,NaN,NaN,-1,-1,-1.3865,1.4628,-9.0541,-2.1019,-1.6725,-23.726,NaN,NaN,NaN,NaN,NaN
343.47,2.7326,-11.583,94.075,-1.526,2.0029,-8.7296,-2.4119,-2.2085,-24.045,0,0,0,NaN,NaN,NaN,NaN,NaN,NaN,NaN,NaN,NaN,47.669,0,2745.3,0.0080533,NaN,NaN,NaN,NaN,NaN,-1,-1,-1.3928,1.4434,-9.0497,-2.261,-1.6632,-24.081,NaN,NaN,NaN,NaN,NaN
343.47,2.7393,-11.584,94.014,-1.6016,2.1385,-10.393,-2.6632,-1.645,-24.538,0.20671,0.23977,-1.0731,NaN,NaN,NaN,NaN,NaN,NaN,NaN,NaN,NaN,47.669,0,2745.3,0.0080533,0.71996,2.5984,25.782,0.09656,15.106,97594,11.625,-1.3945,1.4135,-9.0512,-2.433,-1.6174,-24.435,NaN,NaN,NaN,NaN,NaN
343.47,2.7462,-11.583,93.951,-1.3998,1.1501,-8.7455,-2.6059,-1.1608,-24.8,0,0,0,NaN,NaN,NaN,NaN,NaN,NaN,NaN,NaN,NaN,47.669,0,2745.3,0.0080533,NaN,NaN,NaN,NaN,NaN,-1,-1,-1.3847,1.3938,-9.0293,-2.5632,-1.4743,-24.785,NaN,NaN,NaN,NaN,NaN
343.47,2.7516,-11.582,93.888,-1.4472,0.90245,-8.3086,-3.3187,-0.8513,-25.349,0,0,0,NaN,NaN,NaN,NaN,NaN,NaN,NaN,NaN,NaN,47.669,0,2745.3,0.0080533,NaN,NaN,NaN,NaN,15.213,97603,11.688,-1.3862,1.3899,-9.0268,-2.7389,-1.4734,-25.139,NaN,NaN,NaN,NaN,NaN
343.48,2.7573,-11.584,93.824,-1.1966,1.3697,-8.6042,-3.2387,-1.8555,-25.522,0,0,0,NaN,NaN,NaN,NaN,NaN,NaN,NaN,NaN,NaN,47.669,0,2745.3,0.0080533,NaN,NaN,NaN,NaN,NaN,-1,-1,-1.3775,1.374,-9.0021,-2.8929,-1.5069,-25.48,NaN,NaN,NaN,NaN,NaN
343.48,2.7641,-11.589,93.759,-1.5255,0.88929,-10.209,-2.8885,-3.3346,-25.849,0.22787,0.24693,-1.0667,NaN,NaN,NaN,NaN,NaN,NaN,NaN,NaN,NaN,47.669,0,2745.3,0.0080533,NaN,NaN,NaN,NaN,NaN,-1,-1,-1.3714,1.3492,-8.9931,-3.0368,-1.3143,-25.82,NaN,NaN,NaN,NaN,NaN
343.48,2.7698,-11.587,93.693,-2.0428,1.3551,-10.173,-3.3615,-0.36303,-26.144,0,0,0,NaN,NaN,NaN,NaN,NaN,NaN,NaN,NaN,NaN,47.669,0,2745.3,0.0080533,0.72872,2.6049,25.781,0.090733,15.185,97616,11.688,-1.3793,1.3286,-8.995,-3.1851,-1.2926,-26.152,NaN,NaN,NaN,NaN,NaN
343.48,2.7754,-11.582,93.627,-0.81304,1.5491,-7.8787,-3.3982,0.52678,-26.304,0,0,0,NaN,NaN,NaN,NaN,NaN,NaN,NaN,NaN,NaN,47.669,0,2745.3,0.0080533,NaN,NaN,NaN,NaN,NaN,-1,-1,-1.3859,1.3083,-8.9882,-3.5288,-1.2191,-27.486,NaN,NaN,NaN,NaN,NaN
343.49,2.7822,-11.585,93.56,-1.3415,2.1051,-8.9936,-3.0614,-2.5608,-26.789,0,0,0,NaN,NaN,NaN,NaN,NaN,NaN,NaN,NaN,NaN,47.669,0,2745.3,0.0080533,NaN,NaN,NaN,NaN,NaN,-1,-1,-1.3867,1.283,-8.9631,-3.5858,-1.2235,-27.608,NaN,NaN,NaN,NaN,NaN
343.49,2.7901,-11.588,93.492,-1.5777,0.87749,-10.148,-2.7253,-2.4841,-27.139,0.21131,0.24967,-1.066,NaN,NaN,NaN,NaN,NaN,NaN,NaN,NaN,NaN,47.669,0,2745.3,0.0080533,NaN,NaN,NaN,NaN,15.16,97608,11.688,-1.386,1.2745,-8.9833,-3.6694,-1.1635,-27.719,NaN,NaN,NaN,NaN,NaN
343.49,2.7954,-11.581,93.422,-1.2827,0.67489,-9.4374,-3.7956,1.2196,-27.666,0,0,0,NaN,NaN,NaN,NaN,NaN,NaN,NaN,NaN,NaN,47.669,0,2745.3,0.0080533,NaN,NaN,NaN,NaN,15.366,97609,11.625,-1.3898,1.2589,-8.9824,-3.7978,-1.0669,-27.819,NaN,NaN,NaN,NaN,NaN
343.49,2.8055,-11.584,93.284,-1.5363,1.547,-10.003,-4.2452,-2.9246,-27.66,0,0,0,NaN,NaN,NaN,NaN,NaN,NaN,NaN,NaN,NaN,47.669,0,2745.3,0.0080533,NaN,NaN,NaN,NaN,NaN,-1,-1,-1.3876,1.2279,-8.9744,-3.8935,-1.0237,-27.93,NaN,NaN,NaN,NaN,NaN
343.5,2.811,-11.579,93.214,-1.9124,2.0531,-10.978,-3.7834,0.50913,-27.928,0.21096,0.23766,-1.066,NaN,NaN,NaN,NaN,NaN,NaN,NaN,NaN,NaN,47.669,0,2745.3,0.0080533,NaN,NaN,NaN,NaN,NaN,-1,-1,-1.3864,1.202,-8.9723,-4.211,-0.99427,-29.089,NaN,NaN,NaN,NaN,NaN
343.5,2.8158,-11.576,93.142,-0.9763,0.80499,-7.1026,-4.25,-0.28826,-28.703,0,0,0,NaN,NaN,NaN,NaN,NaN,NaN,NaN,NaN,NaN,47.669,0,2745.3,0.0080533,NaN,NaN,NaN,NaN,NaN,-1,-1,-1.3844,1.1916,-8.9539,-4.2686,-0.92069,-28.991,NaN,NaN,NaN,NaN,NaN
343.5,2.8183,-11.579,93.069,-1.2908,0.57366,-9.5263,-5.2014,-2.4854,-28.836,0,0,0,NaN,NaN,NaN,NaN,NaN,NaN,NaN,NaN,NaN,47.669,0,2745.3,0.0080533,NaN,NaN,NaN,NaN,15.317,97629,11.75,-1.3859,1.171,-8.9532,-4.3446,-0.79207,-28.931,NaN,NaN,NaN,NaN,NaN
343.5,2.8228,-11.577,92.996,-1.5994,1.8558,-9.159,-4.4121,-0.62676,-29.113,0,0,0,NaN,NaN,NaN,NaN,NaN,NaN,NaN,NaN,NaN,47.669,0,2745.3,0.0080533,NaN,NaN,NaN,NaN,NaN,-1,-1,-1.3873,1.1568,-8.9471,-4.417,-0.82037,-28.862,NaN,NaN,NaN,NaN,NaN
343.51,2.8285,-11.572,92.922,-1.7999,0.58767,-9.9326,-4.0632,0.29295,-29.493,0.21586,0.23003,-1.0722,NaN,NaN,NaN,NaN,NaN,NaN,NaN,NaN,NaN,47.669,0,2745.3,0.0080533,0.72051,2.4982,NaN,NaN,NaN,-1,-1,-1.3802,1.1313,-8.9493,-4.4617,-0.72998,-28.794,NaN,NaN,NaN,NaN,NaN
343.51,2.8316,-11.57,92.848,-1.0296,0.35012,-7.8864,-5.0782,-0.73826,-29.607,0,0,0,NaN,NaN,NaN,NaN,NaN,NaN,NaN,NaN,NaN,47.669,0,2745.3,0.0080533,NaN,NaN,25.858,0.051609,15.238,97613,11.688,-1.3848,1.1011,-8.9441,-4.5503,-0.65199,-28.751,NaN,NaN,NaN,NaN,NaN
343.51,2.8357,-11.573,92.772,-1.7482,1.7122,-10.069,-4.7924,-2.8502,-29.801,0,0,0,NaN,NaN,NaN,NaN,NaN,NaN,NaN,NaN,NaN,47.669,0,2745.3,0.0080533,NaN,NaN,NaN,NaN,NaN,-1,-1,-1.3887,1.0808,-8.9338,-4.6298,-0.60328,-28.734,NaN,NaN,NaN,NaN,NaN
343.51,2.84,-11.564,92.697,-1.5328,1.7484,-10.053,-4.7173,2.1243,-30.327,0,0,0,NaN,NaN,NaN,NaN,NaN,NaN,NaN,NaN,NaN,47.669,0,2745.3,0.0080533,NaN,NaN,NaN,NaN,15.081,97607,11.688,-1.3838,1.0596,-8.9206,-4.6806,-0.60365,-28.752,NaN,NaN,NaN,NaN,NaN
343.52,2.8442,-11.563,92.619,-0.76448,0.31485,-7.5684,-4.9414,-1.0884,-31.003,0.20833,0.22809,-1.0662,18.348,-0.27309,-4.1813,18.821,40.058,-88.551,3.6773e+05,4.4354e+06,268.88,47.669,0,2745.3,0.0080533,NaN,NaN,NaN,NaN,NaN,-1,-1,-1.384,1.0271,-8.9132,-4.7622,-0.51709,-28.78,18.808,-0.54395,0.44752,1.3631,-1.6562
343.52,2.848,-11.563,92.54,-1.4441,0.55503,-10.048,-5.1335,-1.7091,-31.11,0,0,0,NaN,NaN,NaN,NaN,NaN,NaN,NaN,NaN,NaN,47.669,0,2745.3,0.0080533,NaN,NaN,NaN,NaN,NaN,-1,-1,-1.3799,1.0157,-8.9243,-4.8507,-0.43553,-28.823,NaN,NaN,NaN,NaN,NaN
343.52,2.8512,-11.558,92.462,-1.5521,1.1158,-9.0647,-5.3514,0.6958,-31.097,0,0,0,NaN,NaN,NaN,NaN,NaN,NaN,NaN,NaN,NaN,47.62,0,2771,0.0064211,0.72872,2.6079,25.783,0.097392,14.97,97553,11.438,-1.3803,0.99479,-8.9063,-4.9459,-0.3863,-28.89,NaN,NaN,NaN,NaN,NaN
343.52,2.8545,-11.551,92.384,-1.3528,0.56907,-8.1308,-5.3914,0.84781,-31.433,0,0,0,NaN,NaN,NaN,NaN,NaN,NaN,NaN,NaN,NaN,47.62,0,2771,0.0064211,NaN,NaN,NaN,NaN,NaN,-1,-1,-1.3797,0.95972,-8.9052,-5.0268,-0.37346,-28.989,NaN,NaN,NaN,NaN,NaN
343.53,2.8568,-11.555,92.304,-1.3748,1.919,-9.7728,-5.7952,-2.9547,-31.423,0.23488,0.24935,-1.0638,NaN,NaN,NaN,NaN,NaN,NaN,NaN,NaN,NaN,47.62,0,2771,0.0064211,NaN,NaN,NaN,NaN,NaN,-1,-1,-1.3635,0.95109,-8.802,-5.1343,-0.2479,-29.115,NaN,NaN,NaN,NaN,NaN
343.53,2.86,-11.548,92.224,-2.0902,1.5769,-10.608,-5.53,1.162,-32.119,0,0,0,NaN,NaN,NaN,NaN,NaN,NaN,NaN,NaN,NaN,47.62,0,2771,0.0064211,NaN,NaN,NaN,NaN,14.921,97612,11.688,-1.3636,0.9241,-8.8082,-5.2239,-0.23073,-29.246,NaN,NaN,NaN,NaN,NaN
343.53,2.8622,-11.539,92.141,-0.90107,0.18321,-8.3062,-6.0976,1.889,-32.858,0,0,0,NaN,NaN,NaN,NaN,NaN,NaN,NaN,NaN,NaN,47.62,0,2771,0.0064211,NaN,NaN,NaN,NaN,NaN,-1,-1,-1.3584,0.89609,-8.8122,-5.3447,-0.077014,-29.407,NaN,NaN,NaN,NaN,NaN
343.53,2.8636,-11.541,92.059,-1.1659,0.46103,-7.6928,-6.3984,-2.7842,-32.67,0,0,0,NaN,NaN,NaN,NaN,NaN,NaN,NaN,NaN,NaN,47.62,0,2771,0.0064211,0.73529,2.4791,25.857,0.036626,14.974,97595,11.625,-1.3591,0.87859,-8.8221,-5.4722,-0.015581,-29.588,NaN,NaN,NaN,NaN,NaN
343.54,2.868,-11.531,91.893,-1.6721,0.21345,-10.312,-6.302,0.96349,-33.336,0,0,0,NaN,NaN,NaN,NaN,NaN,NaN,NaN,NaN,NaN,47.62,0,2771,0.0064211,NaN,NaN,NaN,NaN,NaN,-1,-1,-1.3643,0.83668,-8.839,-5.5916,-0.031872,-29.806,NaN,NaN,NaN,NaN,NaN
343.54,0,0,0,0,0,0,0,0,0,0,0,0,NaN,NaN,NaN,NaN,NaN,NaN,NaN,NaN,NaN,47.62,0,2771,0.0064211,NaN,NaN,NaN,NaN,NaN,-1,-1,-1.3504,0.81952,-8.7361,-5.7444,0.12926,-30.031,NaN,NaN,NaN,NaN,NaN
343.54,2.8672,-11.524,91.81,-1.4729,0.64476,-8.4467,-7.3345,1.2729,-33.135,0,0,0,NaN,NaN,NaN,NaN,NaN,NaN,NaN,NaN,NaN,47.62,0,2771,0.0064211,NaN,NaN,NaN,NaN,14.975,97606,11.688,-1.3515,0.79166,-8.7489,-5.8838,0.19016,-30.281,NaN,NaN,NaN,NaN,NaN
343.54,2.8688,-11.523,91.725,-1.2825,2.363,-9.0141,-6.4956,-1.2092,-33.747,0,0,0,NaN,NaN,NaN,NaN,NaN,NaN,NaN,NaN,NaN,47.62,0,2771,0.0064211,NaN,NaN,NaN,NaN,NaN,-1,-1,-1.3426,0.7607,-8.7575,-6.0308,0.17766,-30.563,NaN,NaN,NaN,NaN,NaN
343.55,2.8755,-11.512,91.552,-1.254,-0.16372,-9.4565,-6.1932,0.098606,-34.582,0,0,0,NaN,NaN,NaN,NaN,NaN,NaN,NaN,NaN,NaN,47.62,0,2771,0.0064211,0.73529,2.6085,25.792,0.066593,NaN,-1,-1,-1.3415,0.74162,-8.7715,-6.1688,0.33299,-30.858,NaN,NaN,NaN,NaN,NaN
343.55,2.8763,-11.505,91.464,-1.4413,-0.16486,-9.3482,-7.0379,0.91713,-34.755,0,0,0,NaN,NaN,NaN,NaN,NaN,NaN,NaN,NaN,NaN,47.62,0,2771,0.0064211,NaN,NaN,NaN,NaN,15.242,97611,11.75,-1.3355,0.7146,-8.7757,-6.33,0.44665,-31.194,NaN,NaN,NaN,NaN,NaN
343.55,0,0,0,0,0,0,0,0,0,0,0,0,NaN,NaN,NaN,NaN,NaN,NaN,NaN,NaN,NaN,47.62,0,2771,0.0064211,NaN,NaN,NaN,NaN,NaN,-1,-1,-1.3339,0.675,-8.7791,-6.4855,0.36958,-31.542,NaN,NaN,NaN,NaN,NaN
343.55,2.8759,-11.5,91.377,-1.3578,0.50946,-8.3629,-7.437,0.42004,-34.59,0,0,0,NaN,NaN,NaN,NaN,NaN,NaN,NaN,NaN,NaN,47.62,0,2771,0.0064211,NaN,NaN,NaN,NaN,15.136,97615,11.75,-1.3235,0.64744,-8.7783,-6.6259,0.58624,-31.906,NaN,NaN,NaN,NaN,NaN
343.56,2.8758,-11.495,91.291,-1.3109,1.4287,-10.191,-7.3478,-0.0021199,-34.543,0.22725,0.23023,-1.0645,NaN,NaN,NaN,NaN,NaN,NaN,NaN,NaN,NaN,47.62,0,2771,0.0064211,NaN,NaN,NaN,NaN,NaN,-1,-1,-1.3392,0.62853,-8.8985,-6.7846,0.71181,-32.311,NaN,NaN,NaN,NaN,NaN
343.56,2.8763,-11.487,91.202,-1.931,1.6839,-9.6498,-7.2567,1.4891,-35.399,0,0,0,NaN,NaN,NaN,NaN,NaN,NaN,NaN,NaN,NaN,47.62,0,2771,0.0064211,NaN,NaN,NaN,NaN,NaN,-1,-1,-1.3467,0.60326,-8.9434,-6.9864,0.60537,-32.71,NaN,NaN,NaN,NaN,NaN
343.56,2.8747,-11.476,91.02,-1.3789,0.048504,-8.9244,-8.1747,-0.31232,-36.2,0,0,0,NaN,NaN,NaN,NaN,NaN,NaN,NaN,NaN,NaN,47.62,0,2771,0.0064211,0.72927,2.602,25.785,0.0899,15.106,97596,11.625,-1.3343,0.56382,-8.937,-7.157,0.73886,-33.127,NaN,NaN,NaN,NaN,NaN
343.56,2.8913,-11.503,90.86,-1.3989,0.66794,-8.9252,-7.4236,1.0958,-36.189,0.25137,0.2442,-1.0646,NaN,NaN,NaN,NaN,NaN,NaN,NaN,NaN,NaN,47.62,0,2771,0.0064211,NaN,NaN,NaN,NaN,NaN,-1,-1,-1.3319,0.52801,-8.961,-7.3068,0.9045,-33.572,NaN,NaN,NaN,NaN,NaN
343.57,2.8895,-11.491,90.677,-1.6873,0.19556,-8.9405,-8.0129,0.77344,-36.586,0,0,0,NaN,NaN,NaN,NaN,NaN,NaN,NaN,NaN,NaN,47.62,0,2771,0.0064211,NaN,NaN,NaN,NaN,NaN,-1,-1,-1.3435,0.48865,-9.0146,-7.4968,0.90119,-34.035,NaN,NaN,NaN,NaN,NaN
343.57,2.8876,-11.479,90.584,-1.3271,1.1364,-10.247,-8.4962,2.6168,-36.858,0,0,0,NaN,NaN,NaN,NaN,NaN,NaN,NaN,NaN,NaN,47.62,0,2771,0.0064211,0.73146,2.6014,NaN,NaN,14.948,97614,11.688,-1.3331,0.46567,-9.0049,-7.6876,0.92597,-34.522,NaN,NaN,NaN,NaN,NaN
343.57,2.8872,-11.472,90.49,-1.0976,2.0857,-7.5741,-8.0397,0.94114,-37.521,0.24188,0.24193,-1.0654,NaN,NaN,NaN,NaN,NaN,NaN,NaN,NaN,NaN,47.62,0,2771,0.0064211,0.73146,2.6014,NaN,NaN,14.947,97597,11.625,-1.3339,0.4358,-9.03,-7.8732,1.1247,-35.039,NaN,NaN,NaN,NaN,NaN
343.57,2.8873,-11.468,90.395,-1.2543,-0.67996,-10.918,-7.864,-0.42783,-37.566,0,0,0,NaN,NaN,NaN,NaN,NaN,NaN,NaN,NaN,NaN,47.62,0,2771,0.0064211,NaN,NaN,25.785,0.062431,NaN,-1,-1,-1.3354,0.41689,-9.064,-8.0924,1.0626,-35.575,NaN,NaN,NaN,NaN,NaN
343.58,2.8858,-11.457,90.3,-1.5732,-0.35107,-8.8063,-8.5418,2.5744,-37.926,0,0,0,NaN,NaN,NaN,NaN,NaN,NaN,NaN,NaN,NaN,47.62,0,2771,0.0064211,NaN,NaN,NaN,NaN,NaN,-1,-1,-1.3372,0.39284,-9.0733,-8.3113,1.1035,-36.12,NaN,NaN,NaN,NaN,NaN
343.58,2.8827,-11.446,90.205,-0.9431,0.12866,-8.6706,-9.1588,2.5216,-37.882,0,0,0,NaN,NaN,NaN,NaN,NaN,NaN,NaN,NaN,NaN,47.62,0,2771,0.0064211,NaN,NaN,NaN,NaN,NaN,-1,-1,-1.3338,0.35683,-9.0909,-8.5309,1.3207,-36.684,NaN,NaN,NaN,NaN,NaN
343.58,2.8806,-11.442,90.109,-1.3575,1.067,-9.369,-8.8365,-0.373,-38.135,0.25824,0.2369,-1.064,NaN,NaN,NaN,NaN,NaN,NaN,NaN,NaN,NaN,47.62,0,2771,0.0064211,NaN,NaN,NaN,NaN,14.891,97593,11.563,-1.3277,0.31575,-9.1066,-8.7322,1.3488,-37.277,NaN,NaN,NaN,NaN,NaN
343.58,2.8745,-11.42,89.916,-1.1339,0.57688,-8.2256,-9.5337,3.4615,-38.816,0,0,0,NaN,NaN,NaN,NaN,NaN,NaN,NaN,NaN,NaN,47.62,0,2771,0.0064211,NaN,NaN,NaN,NaN,NaN,-1,-1,-1.3238,0.29722,-9.1258,-8.9587,1.2741,-37.88,NaN,NaN,NaN,NaN,NaN
343.59,2.8709,-11.415,89.817,-0.88342,-0.55297,-8.8478,-9.6264,-0.12084,-39.158,0,0,0,NaN,NaN,NaN,NaN,NaN,NaN,NaN,NaN,NaN,47.62,0,2771,0.0064211,0.74077,2.6127,25.783,0.090733,NaN,-1,-1,-1.3154,0.26145,-9.1299,-9.1664,1.4818,-38.504,NaN,NaN,NaN,NaN,NaN
343.59,2.8672,-11.406,89.718,-1.8304,0.17974,-9.3512,-9.6849,1.5148,-39.408,0.25602,0.24173,-1.0642,NaN,NaN,NaN,NaN,NaN,NaN,NaN,NaN,NaN,47.62,0,2771,0.0064211,NaN,NaN,NaN,NaN,15.186,97632,11.75,-1.3194,0.23821,-9.1509,-9.3933,1.5352,-39.157,NaN,NaN,NaN,NaN,NaN
343.59,2.8631,-11.395,89.62,-1.2921,-0.075432,-8.7903,-9.8227,2.1885,-39.253,0,0,0,NaN,NaN,NaN,NaN,NaN,NaN,NaN,NaN,NaN,47.62,0,2771,0.0064211,NaN,NaN,NaN,NaN,NaN,-1,-1,-1.3103,0.20126,-9.1389,-9.6129,1.5812,-39.8,NaN,NaN,NaN,NaN,NaN
343.59,2.8602,-11.391,89.519,-1.1471,0.066071,-10.718,-9.4716,-0.40606,-39.932,0,0,0,NaN,NaN,NaN,NaN,NaN,NaN,NaN,NaN,NaN,47.62,0,2771,0.0064211,NaN,NaN,NaN,NaN,14.971,97588,11.563,-1.31,0.17486,-9.1512,-9.8442,1.6574,-40.488,NaN,NaN,NaN,NaN,NaN
343.6,2.8556,-11.377,89.419,-1.9223,0.63351,-9.8956,-10.102,3.8151,-39.927,0,0,0,NaN,NaN,NaN,NaN,NaN,NaN,NaN,NaN,NaN,47.62,0,2771,0.0064211,NaN,NaN,NaN,NaN,NaN,-1,-1,-1.3121,0.14661,-9.1834,-9.8554,1.6907,-39.957,NaN,NaN,NaN,NaN,NaN
343.6,2.8522,-11.363,89.319,-0.69833,1.5699,-7.9906,-9.6598,3.4039,-39.978,0.23939,0.24208,-1.0634,NaN,NaN,NaN,NaN,NaN,NaN,NaN,NaN,NaN,47.62,0,2771,0.0064211,0.72872,2.602,25.788,0.085738,NaN,-1,-1,-1.3052,0.11739,-9.2026,-10.1,1.8257,-40.407,NaN,NaN,NaN,NaN,NaN
343.6,2.8495,-11.363,89.216,-1.4874,-0.5704,-9.9156,-9.5032,-2.0911,-40.493,0,0,0,NaN,NaN,NaN,NaN,NaN,NaN,NaN,NaN,NaN,47.62,0,2771,0.0064211,0.72872,2.602,25.788,0.085738,15.184,97624,11.688,-1.3009,0.074315,-9.208,-10.321,1.8491,-40.846,NaN,NaN,NaN,NaN,NaN
343.6,2.8459,-11.351,89.115,-1.5325,-0.43049,-10.247,-9.825,2.6239,-40.399,0,0,0,NaN,NaN,NaN,NaN,NaN,NaN,NaN,NaN,NaN,47.62,0,2771,0.0064211,NaN,NaN,NaN,NaN,NaN,-1,-1,-1.3018,0.075163,-9.2488,-10.518,1.9376,-41.339,NaN,NaN,NaN,NaN,NaN
343.61,2.8402,-11.335,89.014,-0.65936,-0.12057,-8.2592,-10.626,4.6214,-40.517,0,0,0,NaN,NaN,NaN,NaN,NaN,NaN,NaN,NaN,NaN,47.62,0,2771,0.0064211,NaN,NaN,NaN,NaN,NaN,-1,-1,-1.295,0.045302,-9.2469,-10.736,1.9505,-41.851,NaN,NaN,NaN,NaN,NaN
343.61,2.8342,-11.332,88.911,-1.4455,-0.091615,-8.1861,-10.841,-0.7971,-40.747,0.2509,0.23724,-1.0602,NaN,NaN,NaN,NaN,NaN,NaN,NaN,NaN,NaN,47.62,0,2771,0.0064211,NaN,NaN,NaN,NaN,15.131,97625,11.688,-1.292,0.010171,-9.2635,-10.694,2.0139,-41.067,NaN,NaN,NaN,NaN,NaN
343.61,2.8279,-11.324,88.808,-1.7839,1.2455,-12.446,-10.959,0.93759,-40.764,0,0,0,NaN,NaN,NaN,NaN,NaN,NaN,NaN,NaN,NaN,47.62,0,2771,0.0064211,0.73036,2.6014,25.775,0.094895,NaN,-1,-1,-1.2877,-0.015807,-9.2762,-10.871,2.097,-41.292,NaN,NaN,NaN,NaN,NaN
343.61,2.822,-11.304,88.704,-1.2516,0.76277,-8.634,-10.915,5.8747,-41.632,0,0,0,NaN,NaN,NaN,NaN,NaN,NaN,NaN,NaN,NaN,47.62,0,2771,0.0064211,NaN,NaN,NaN,NaN,15.159,97595,11.625,-1.2793,-0.033978,-9.2867,-11.054,2.0461,-41.499,NaN,NaN,NaN,NaN,NaN
343.62,2.8152,-11.297,88.599,-0.91726,-1.0861,-7.9229,-11.357,0.6247,-41.965,0,0,0,NaN,NaN,NaN,NaN,NaN,NaN,NaN,NaN,NaN,47.62,0,2771,0.0064211,NaN,NaN,NaN,NaN,NaN,-1,-1,-1.2807,-0.058546,-9.2901,-11.229,2.1496,-41.701,NaN,NaN,NaN,NaN,NaN
343.62,2.8073,-11.291,88.492,-1.7871,-0.19932,-10.344,-11.839,0.31839,-42.078,0.24861,0.23475,-1.0626,NaN,NaN,NaN,NaN,NaN,NaN,NaN,NaN,NaN,47.62,0,2771,0.0064211,NaN,NaN,NaN,NaN,NaN,-1,-1,-1.2677,-0.090252,-9.3168,-11.425,2.1154,-41.925,NaN,NaN,NaN,NaN,NaN
343.62,2.7991,-11.275,88.387,-1.2873,-0.015444,-9.101,-11.921,4.4786,-42.227,0,0,0,NaN,NaN,NaN,NaN,NaN,NaN,NaN,NaN,NaN,47.62,0,2771,0.0064211,NaN,NaN,NaN,NaN,15.1,97548,11.375,-1.2663,-0.1243,-9.3404,-11.608,2.2526,-42.142,NaN,NaN,NaN,NaN,NaN
343.62,2.791,-11.266,88.281,-1.0297,-0.79189,-9.0993,-11.901,1.3961,-42.171,0,0,0,NaN,NaN,NaN,NaN,NaN,NaN,NaN,NaN,NaN,47.62,0,2771,0.0064211,NaN,NaN,NaN,NaN,NaN,-1,-1,-1.2683,-0.14622,-9.3415,-11.794,2.3215,-42.364,NaN,NaN,NaN,NaN,NaN
343.63,2.7823,-11.258,88.174,-1.5352,0.60571,-10.804,-12.187,0.92705,-42.22,0,0,0,NaN,NaN,NaN,NaN,NaN,NaN,NaN,NaN,NaN,47.62,0,2771,0.0064211,NaN,NaN,NaN,NaN,NaN,-1,-1,-1.2609,-0.16755,-9.3486,-12.014,2.3492,-42.568,NaN,NaN,NaN,NaN,NaN
343.63,2.7753,-11.238,88.067,-1.2275,1.1983,-10.143,-11.516,5.9637,-42.865,0.24182,0.24445,-1.0632,NaN,NaN,NaN,NaN,NaN,NaN,NaN,NaN,NaN,47.62,0,2771,0.0064211,NaN,NaN,NaN,NaN,15.025,97605,11.625,-1.2533,-0.18472,-9.3599,-12.221,2.4993,-42.785,NaN,NaN,NaN,NaN,NaN
343.63,2.768,-11.227,87.958,-0.81317,-0.75435,-7.304,-11.76,2.4024,-43.284,0,0,0,NaN,NaN,NaN,NaN,NaN,NaN,NaN,NaN,NaN,47.63,0,2796.7,0.0069644,NaN,NaN,NaN,NaN,NaN,-1,-1,-1.2447,-0.19582,-9.3887,-12.414,2.588,-43.002,NaN,NaN,NaN,NaN,NaN
343.63,2.7601,-11.224,87.849,-1.5012,-1.0203,-10.214,-12.037,-0.9353,-43.269,0,0,0,NaN,NaN,NaN,NaN,NaN,NaN,NaN,NaN,NaN,47.63,0,2796.7,0.0069644,NaN,NaN,NaN,NaN,15.051,97565,11.5,-1.2442,-0.23013,-9.3786,-12.579,2.5631,-43.23,NaN,NaN,NaN,NaN,NaN
343.64,2.7502,-11.206,87.741,-1.4809,0.17018,-10.597,-12.777,4.9728,-43.181,0,0,0,NaN,NaN,NaN,NaN,NaN,NaN,NaN,NaN,NaN,47.63,0,2796.7,0.0069644,NaN,NaN,NaN,NaN,NaN,-1,-1,-1.2386,-0.26441,-9.3992,-12.778,2.7589,-43.455,NaN,NaN,NaN,NaN,NaN
343.64,2.7406,-11.189,87.633,-0.94659,-0.68776,-7.9909,-12.626,4.5089,-43.237,0.24625,0.23478,-1.0628,NaN,NaN,NaN,NaN,NaN,NaN,NaN,NaN,NaN,47.63,0,2796.7,0.0069644,NaN,NaN,25.859,NaN,NaN,-1,-1,-1.2255,-0.2883,-9.3973,-12.959,2.8764,-43.675,NaN,NaN,NaN,NaN,NaN
343.64,2.7301,-11.184,87.523,-1.5181,0.38718,-10.39,-13.104,-0.14822,-43.679,0,0,0,NaN,NaN,NaN,NaN,NaN,NaN,NaN,NaN,NaN,47.63,0,2796.7,0.0069644,NaN,NaN,NaN,NaN,15.003,97600,11.688,-1.2319,-0.31146,-9.435,-13.153,2.9096,-43.899,NaN,NaN,NaN,NaN,NaN
343.64,2.7191,-11.165,87.412,-1.5985,1.0809,-10.172,-13.315,5.5092,-44.092,0,0,0,NaN,NaN,NaN,NaN,NaN,NaN,NaN,NaN,NaN,47.63,0,2796.7,0.0069644,NaN,NaN,NaN,NaN,NaN,-1,-1,-1.2154,-0.33276,-9.4328,-13.334,2.9565,-44.107,NaN,NaN,NaN,NaN,NaN
343.65,2.6963,-11.143,87.188,-1.6044,-0.83969,-9.0595,-14.194,1.0384,-44.77,0.23683,0.23983,-1.0614,NaN,NaN,NaN,NaN,NaN,NaN,NaN,NaN,NaN,47.63,0,2796.7,0.0069644,NaN,NaN,NaN,NaN,NaN,-1,-1,-1.2042,-0.35601,-9.4403,-13.501,3.1871,-44.32,NaN,NaN,NaN,NaN,NaN
343.65,2.6835,-11.129,87.076,-1.2873,-0.94212,-10.017,-14.152,3.4965,-44.682,0,0,0,NaN,NaN,NaN,NaN,NaN,NaN,NaN,NaN,NaN,47.63,0,2796.7,0.0069644,NaN,NaN,NaN,NaN,14.949,97649,11.813,-1.1965,-0.38713,-9.4643,-13.678,3.1876,-44.515,NaN,NaN,NaN,NaN,NaN
343.65,2.671,-11.113,86.964,-0.90682,-0.59788,-9.8723,-14.012,4.0531,-44.598,0,0,0,NaN,NaN,NaN,NaN,NaN,NaN,NaN,NaN,NaN,47.63,0,2796.7,0.0069644,0.72215,2.6032,25.772,0.10155,NaN,-1,-1,-1.197,-0.406,-9.4827,-13.854,3.2188,-44.739,NaN,NaN,NaN,NaN,NaN
343.65,2.6588,-11.102,86.852,-1.5838,0.091914,-9.5265,-13.917,2.3924,-44.831,0,0,0,NaN,NaN,NaN,NaN,NaN,NaN,NaN,NaN,NaN,47.63,0,2796.7,0.0069644,NaN,NaN,NaN,NaN,15.212,97614,11.688,-1.1923,-0.42994,-9.4903,-14.048,3.4549,-44.937,NaN,NaN,NaN,NaN,NaN
343.66,2.6344,-11.071,86.624,-1.2546,-1.3234,-8.7754,-13.989,3.1016,-45.938,0,0,0,NaN,NaN,NaN,NaN,NaN,NaN,NaN,NaN,NaN,47.63,0,2796.7,0.0069644,NaN,NaN,NaN,NaN,NaN,-1,-1,-1.1919,-0.4445,-9.5087,-14.206,3.4863,-45.13,NaN,NaN,NaN,NaN,NaN
343.66,2.6211,-11.06,86.51,-1.2329,-0.83845,-9.8274,-14.477,2.1164,-45.404,0,0,0,NaN,NaN,NaN,NaN,NaN,NaN,NaN,NaN,NaN,47.63,0,2796.7,0.0069644,NaN,NaN,NaN,NaN,NaN,-1,-1,-1.1846,-0.47039,-9.5075,-14.365,3.4543,-45.328,NaN,NaN,NaN,NaN,NaN
343.66,2.6068,-11.042,86.396,-0.89054,-0.77305,-9.3993,-14.797,5.3031,-45.263,0,0,0,NaN,NaN,NaN,NaN,NaN,NaN,NaN,NaN,NaN,47.63,0,2796.7,0.0069644,NaN,NaN,NaN,NaN,15.343,97611,11.688,-1.1832,-0.48767,-9.5185,-14.529,3.7051,-45.515,NaN,NaN,NaN,NaN,NaN
343.66,2.5922,-11.029,86.282,-1.1943,-0.9471,-9.4887,-14.938,3.0412,-45.433,0.26049,0.25176,-1.0549,NaN,NaN,NaN,NaN,NaN,NaN,NaN,NaN,NaN,47.63,0,2796.7,0.0069644,NaN,NaN,NaN,NaN,NaN,-1,-1,-1.1723,-0.5212,-9.5113,-14.66,3.7434,-45.697,NaN,NaN,NaN,NaN,NaN
343.67,2.5771,-11.017,86.167,-1.475,0.019464,-11.137,-15.209,2.6546,-45.766,0,0,0,NaN,NaN,NaN,NaN,NaN,NaN,NaN,NaN,NaN,47.63,0,2796.7,0.0069644,NaN,NaN,NaN,NaN,NaN,-1,-1,-1.1736,-0.54843,-9.5347,-14.775,3.7052,-45.891,NaN,NaN,NaN,NaN,NaN
343.67,2.5623,-10.996,86.052,-1.3162,1.2015,-9.2952,-15.062,6.3603,-45.89,0,0,0,NaN,NaN,NaN,NaN,NaN,NaN,NaN,NaN,NaN,47.63,0,2796.7,0.0069644,NaN,NaN,NaN,NaN,15.079,97622,11.688,-1.1753,-0.55321,-9.5449,-14.906,3.8555,-46.071,NaN,NaN,NaN,NaN,NaN
343.67,2.5475,-10.982,85.935,-0.71594,-1.8255,-9.0749,-15.208,3.5251,-46.584,0,0,0,NaN,NaN,NaN,NaN,NaN,NaN,NaN,NaN,NaN,47.63,0,2796.7,0.0069644,NaN,NaN,NaN,NaN,15.075,97585,11.5,-1.165,-0.58561,-9.5496,-15.01,3.9934,-46.243,NaN,NaN,NaN,NaN,NaN
343.67,2.5167,-10.95,85.701,-1.4984,-0.9135,-9.1749,-15.557,6.0192,-46.556,0,0,0,NaN,NaN,NaN,NaN,NaN,NaN,NaN,NaN,NaN,47.63,0,2796.7,0.0069644,NaN,NaN,NaN,NaN,NaN,-1,-1,-1.1603,-0.60529,-9.5595,-15.123,3.9751,-46.422,NaN,NaN,NaN,NaN,NaN
343.68,2.5017,-10.94,85.584,-0.54853,-0.81382,-9.3269,-15.272,2.2526,-46.588,0,0,0,NaN,NaN,NaN,NaN,NaN,NaN,NaN,NaN,NaN,47.63,0,2796.7,0.0069644,0.70627,2.5841,25.76,-0.11238,NaN,-1,-1,-1.158,-0.61119,-9.5663,-15.239,4.1017,-46.596,NaN,NaN,NaN,NaN,NaN
343.68,2.4855,-10.925,85.467,-1.5858,-0.97017,-11.724,-15.702,3.7684,-46.642,0,0,0,NaN,NaN,NaN,NaN,NaN,NaN,NaN,NaN,NaN,47.63,0,2796.7,0.0069644,NaN,NaN,NaN,NaN,NaN,-1,-1,-1.1479,-0.64708,-9.5734,-15.35,4.1694,-46.767,NaN,NaN,NaN,NaN,NaN
343.68,2.471,-10.901,85.349,-1.2972,0.66611,-9.5759,-15.136,7.3476,-47.253,0.26088,0.2514,-1.0615,NaN,NaN,NaN,NaN,NaN,NaN,NaN,NaN,NaN,47.63,0,2796.7,0.0069644,NaN,NaN,NaN,NaN,15.079,97599,11.625,-1.1524,-0.68212,-9.5874,-15.475,4.2544,-46.923,NaN,NaN,NaN,NaN,NaN
343.68,2.4572,-10.89,85.23,-0.66482,-0.93585,-8.4775,-14.923,2.3353,-47.453,0,0,0,NaN,NaN,NaN,NaN,NaN,NaN,NaN,NaN,NaN,47.63,0,2796.7,0.0069644,NaN,NaN,NaN,NaN,NaN,-1,-1,-1.146,-0.69035,-9.6033,-15.597,4.195,-47.079,NaN,NaN,NaN,NaN,NaN
343.69,2.4436,-10.88,85.11,-1.4264,-1.6097,-11.316,-14.842,2.1921,-47.427,0,0,0,NaN,NaN,NaN,NaN,NaN,NaN,NaN,NaN,NaN,47.63,0,2796.7,0.0069644,NaN,NaN,NaN,NaN,NaN,-1,-1,-1.1399,-0.7097,-9.6021,-15.714,4.368,-47.227,NaN,NaN,NaN,NaN,NaN
343.69,2.4264,-10.852,84.992,-1.0787,-1.6309,-9.205,-16.131,8.8583,-47.286,0,0,0,NaN,NaN,NaN,NaN,NaN,NaN,NaN,NaN,NaN,47.63,0,2796.7,0.0069644,0.73639,2.6085,25.792,0.090733,15.263,97623,11.688,-1.1404,-0.71999,-9.6232,-15.82,4.52,-47.383,NaN,NaN,NaN,NaN,NaN
343.69,2.4104,-10.84,84.874,-0.88911,-0.43253,-8.5853,-15.686,2.826,-47.108,0.26541,0.25398,-1.0566,NaN,NaN,NaN,NaN,NaN,NaN,NaN,NaN,NaN,47.63,0,2796.7,0.0069644,0.73639,2.6085,25.792,0.090733,NaN,-1,-1,-1.1337,-0.7484,-9.6339,-15.874,4.3416,-47.538,NaN,NaN,NaN,NaN,NaN
343.69,2.3942,-10.831,84.755,-1.3132,-0.02698,-11.742,-15.764,1.7638,-47.158,0,0,0,NaN,NaN,NaN,NaN,NaN,NaN,NaN,NaN,NaN,47.63,0,2796.7,0.0069644,NaN,NaN,NaN,NaN,15.025,97608,11.625,-1.1252,-0.78007,-9.6282,-15.957,4.5081,-47.688,NaN,NaN,NaN,NaN,NaN
343.7,2.3776,-10.805,84.637,-1.7888,0.32094,-10.664,-15.938,8.2918,-47.459,0,0,0,NaN,NaN,NaN,NaN,NaN,NaN,NaN,NaN,NaN,47.63,0,2796.7,0.0069644,NaN,NaN,NaN,NaN,NaN,-1,-1,-1.125,-0.79544,-9.6531,-16.027,4.6791,-47.821,NaN,NaN,NaN,NaN,NaN
343.7,2.3602,-10.788,84.516,-0.35281,-1.9182,-7.9605,-16.404,4.7985,-48.142,0,0,0,NaN,NaN,NaN,NaN,NaN,NaN,NaN,NaN,NaN,47.63,0,2796.7,0.0069644,NaN,NaN,NaN,NaN,NaN,-1,-1,-1.1171,-0.81024,-9.6573,-16.095,4.5431,-47.943,NaN,NaN,NaN,NaN,NaN
343.7,2.3415,-10.782,84.395,-1.3232,-1.22,-10.401,-16.918,0.30166,-48.162,0.25814,0.25179,-1.0551,NaN,NaN,NaN,NaN,NaN,NaN,NaN,NaN,NaN,47.63,0,2796.7,0.0069644,NaN,NaN,NaN,NaN,15.29,97618,11.688,-1.1117,-0.84438,-9.6793,-16.17,4.6736,-48.06,NaN,NaN,NaN,NaN,NaN
343.7,2.3232,-10.757,84.273,-1.817,-1.6737,-10.225,-16.768,7.7891,-48.437,0,0,0,NaN,NaN,NaN,NaN,NaN,NaN,NaN,NaN,NaN,47.63,0,2796.7,0.0069644,0.74022,2.6061,NaN,0.067425,NaN,-1,-1,-1.1108,-0.85671,-9.6854,-16.277,4.7836,-48.202,NaN,NaN,NaN,NaN,NaN
343.71,2.3057,-10.741,84.153,-0.24217,-0.070156,-8.7068,-16.338,4.4125,-48.051,0,0,0,NaN,NaN,NaN,NaN,NaN,NaN,NaN,NaN,NaN,47.63,0,2796.7,0.0069644,NaN,NaN,NaN,NaN,NaN,-1,-1,-1.096,-0.869,-9.691,-16.367,4.7695,-48.338,NaN,NaN,NaN,NaN,NaN
343.71,2.2891,-10.731,84.03,-1.59,-1.5393,-12.252,-16.153,2.165,-48.696,0,0,0,NaN,NaN,NaN,NaN,NaN,NaN,NaN,NaN,NaN,47.63,0,2796.7,0.0069644,NaN,NaN,NaN,NaN,15.053,97619,11.688,-1.0935,-0.90983,-9.697,-16.448,4.824,-48.469,NaN,NaN,NaN,NaN,NaN
343.71,2.2713,-10.705,83.908,-1.1864,-0.54184,-10.147,-16.556,8.384,-48.74,0.26034,0.24203,-1.0571,NaN,NaN,NaN,NaN,NaN,NaN,NaN,NaN,NaN,47.63,0,2796.7,0.0069644,NaN,NaN,NaN,NaN,NaN,-1,-1,-1.0948,-0.92225,-9.7306,-16.542,4.9122,-48.592,NaN,NaN,NaN,NaN,NaN
343.71,2.2552,-10.688,83.786,-0.48298,-0.40914,-7.1757,-15.957,4.9058,-48.966,0,0,0,NaN,NaN,NaN,NaN,NaN,NaN,NaN,NaN,NaN,47.63,0,2796.7,0.0069644,NaN,NaN,NaN,NaN,15.185,97636,11.75,-1.0849,-0.93787,-9.734,-16.648,4.9247,-48.743,NaN,NaN,NaN,NaN,NaN
343.72,2.2401,-10.682,83.662,-1.5999,-1.304,-11.652,-15.549,0.24442,-49.041,0,0,0,NaN,NaN,NaN,NaN,NaN,NaN,NaN,NaN,NaN,47.63,0,2796.7,0.0069644,0.7342,2.4791,25.858,0.056604,NaN,-1,-1,-1.0753,-0.95359,-9.7312,-16.793,4.8838,-48.869,NaN,NaN,NaN,NaN,NaN
343.72,2.2214,-10.655,83.539,-1.4062,-2.7383,-11.354,-16.949,8.8575,-49.106,0,0,0,NaN,NaN,NaN,NaN,NaN,NaN,NaN,NaN,NaN,47.63,0,2796.7,0.0069644,NaN,2.4791,NaN,NaN,NaN,-1,-1,-1.0801,-0.97424,-9.766,-16.884,4.9684,-48.98,NaN,NaN,NaN,NaN,NaN
343.72,2.2011,-10.635,83.417,-0.23097,-0.98996,-7.7034,-17.524,6.2348,-48.67,0.27901,0.24441,-1.051,NaN,NaN,NaN,NaN,NaN,NaN,NaN,NaN,NaN,47.63,0,2796.7,0.0069644,NaN,NaN,NaN,NaN,15.185,97616,11.688,-1.0652,-1.0092,-9.757,-17.609,5.1973,-50.622,NaN,NaN,NaN,NaN,NaN
343.72,2.1821,-10.626,83.295,-1.1848,-0.036729,-10.764,-17.01,1.5712,-48.695,0,0,0,NaN,NaN,NaN,NaN,NaN,NaN,NaN,NaN,NaN,47.63,0,2796.7,0.0069644,NaN,NaN,NaN,NaN,NaN,-1,-1,-1.0676,-1.0296,-9.7805,-17.601,5.1708,-50.374,NaN,NaN,NaN,NaN,NaN
343.73,2.1431,-10.581,83.048,-0.006827,-1.4749,-8.5834,-17.619,6.9181,-49.522,0,0,0,NaN,NaN,NaN,NaN,NaN,NaN,NaN,NaN,NaN,47.63,0,2796.7,0.0069644,NaN,NaN,NaN,NaN,NaN,-1,-1,-1.0558,-1.0543,-9.7968,-17.588,5.2756,-50.135,NaN,NaN,NaN,NaN,NaN
343.73,2.1431,-10.581,83.048,-0.006827,-1.4749,-8.5834,-17.619,6.9181,-49.522,0,0,0,NaN,NaN,NaN,NaN,NaN,NaN,NaN,NaN,NaN,47.63,0,2796.7,0.0069644,0.72982,2.6038,25.789,0.091565,15.131,97627,11.688,-1.0481,-1.0839,-9.8201,-17.583,5.2549,-49.929,NaN,NaN,NaN,NaN,NaN
343.73,2.122,-10.572,82.923,-1.2927,-1.9291,-9.9083,-17.982,1.6026,-49.624,0.26979,0.25175,-1.0518,NaN,NaN,NaN,NaN,NaN,NaN,NaN,NaN,NaN,47.63,0,2796.7,0.0069644,0.72982,2.6038,25.789,0.091565,NaN,-1,-1,-1.039,-1.0881,-9.8344,-17.58,5.3897,-49.719,NaN,NaN,NaN,NaN,NaN
343.73,2.1003,-10.549,82.799,-1.6613,-1.6057,-11.037,-18.198,7.2962,-49.707,0,0,0,NaN,NaN,NaN,NaN,NaN,NaN,NaN,NaN,NaN,47.63,0,2796.7,0.0069644,NaN,NaN,NaN,NaN,15.211,97618,11.688,-1.0244,-1.1243,-9.8398,-18.239,5.558,-51.079,NaN,NaN,NaN,NaN,NaN
343.74,2.0589,-10.516,82.549,-1.3965,-1.6363,-9.188,-17.729,3.8083,-49.856,0,0,0,NaN,NaN,NaN,NaN,NaN,NaN,NaN,NaN,NaN,47.63,0,2796.7,0.0069644,NaN,NaN,NaN,NaN,NaN,-1,-1,-1.0235,-1.1406,-9.8647,-18.135,5.4285,-50.538,NaN,NaN,NaN,NaN,NaN
343.74,2.0377,-10.493,82.425,-0.97719,-0.038447,-11.912,-17.93,7.3485,-49.635,0.27227,0.24667,-1.056,NaN,NaN,NaN,NaN,NaN,NaN,NaN,NaN,NaN,47.63,0,2796.7,0.0069644,NaN,NaN,NaN,NaN,NaN,-1,-1,-1.0172,-1.169,-9.892,-18.041,5.6306,-50.052,NaN,NaN,NaN,NaN,NaN
343.74,2.0188,-10.474,82.299,-0.86768,-0.72061,-8.9155,-17.125,5.8144,-50.269,0,0,0,NaN,NaN,NaN,NaN,NaN,NaN,NaN,NaN,NaN,47.64,0,2838.1,0.0069644,NaN,NaN,NaN,NaN,15.205,97571,11.438,-1.0041,-1.1929,-9.8877,-17.922,5.4123,-49.599,NaN,NaN,NaN,NaN,NaN
343.74,1.9996,-10.462,82.173,-1.2656,-2.5734,-11.347,-17.224,2.9185,-50.305,0,0,0,NaN,NaN,NaN,NaN,NaN,NaN,NaN,NaN,NaN,47.64,0,2838.1,0.0069644,0.72872,2.4808,25.85,0.04828,NaN,-1,-1,-1.0025,-1.2004,-9.896,-17.867,5.4328,-49.159,NaN,NaN,NaN,NaN,NaN
343.75,1.9764,-10.435,82.047,-0.77848,-2.3341,-9.6798,-18.751,9.075,-50.145,0,0,0,NaN,NaN,NaN,NaN,NaN,NaN,NaN,NaN,NaN,47.64,0,2838.1,0.0069644,NaN,NaN,NaN,NaN,NaN,-1,-1,-0.99046,-1.1978,-9.7901,-17.795,5.4419,-48.753,NaN,NaN,NaN,NaN,NaN
343.75,1.9538,-10.418,81.922,-0.66069,-0.52814,-9.0367,-18.511,4.7006,-49.961,0.28865,0.25149,-1.0501,18.521,-0.60604,-4.3295,19.03,40.058,-88.551,3.6773e+05,4.4354e+06,267.72,47.64,0,2838.1,0.0069644,NaN,NaN,NaN,NaN,15.21,97606,11.625,-0.97628,-1.2419,-9.8111,-17.756,5.4699,-48.39,18.734,3.2335,0.84772,2.5908,9.7828
343.75,1.9308,-10.404,81.796,-1.3275,-1.3173,-12.019,-18.674,4.1782,-50.121,0,0,0,NaN,NaN,NaN,NaN,NaN,NaN,NaN,NaN,NaN,47.64,0,2838.1,0.0069644,NaN,NaN,NaN,NaN,NaN,-1,-1,-0.97865,-1.2679,-9.8598,-17.729,5.5689,-48.043,NaN,NaN,NaN,NaN,NaN
343.75,1.9068,-10.378,81.669,-1.4084,-0.50376,-10.827,-19.111,8.6384,-50.618,0,0,0,NaN,NaN,NaN,NaN,NaN,NaN,NaN,NaN,NaN,47.64,0,2838.1,0.0069644,NaN,NaN,NaN,NaN,14.996,97582,11.5,-0.96699,-1.2922,-9.876,-17.725,5.6356,-47.721,NaN,NaN,NaN,NaN,NaN
343.76,1.8829,-10.357,81.541,-0.34461,-1.742,-9.0081,-19.148,6.5811,-51.013,0,0,0,NaN,NaN,NaN,NaN,NaN,NaN,NaN,NaN,NaN,47.64,0,2838.1,0.0069644,0.73529,2.6049,25.774,0.10239,NaN,-1,-1,-0.95592,-1.3362,-9.9104,-17.729,5.6485,-47.438,NaN,NaN,NaN,NaN,NaN
343.76,1.8589,-10.346,81.413,-1.2352,-1.5331,-10.787,-19.148,2.3895,-50.861,0.27726,0.25622,-1.0556,NaN,NaN,NaN,NaN,NaN,NaN,NaN,NaN,NaN,47.64,0,2838.1,0.0069644,NaN,NaN,NaN,NaN,NaN,-1,-1,-0.94081,-1.3278,-9.8138,-17.769,5.762,-47.191,NaN,NaN,NaN,NaN,NaN
343.76,1.8332,-10.322,81.286,-1.5357,-2.5666,-11.145,-19.789,8.1583,-50.831,0,0,0,NaN,NaN,NaN,NaN,NaN,NaN,NaN,NaN,NaN,47.64,0,2838.1,0.0069644,NaN,NaN,NaN,NaN,15.341,97600,11.625,-0.93701,-1.3389,-9.8679,-17.828,5.8525,-46.989,NaN,NaN,NaN,NaN,NaN
343.76,1.8065,-10.3,81.159,-0.29906,-1.225,-9.1368,-20.167,7.0847,-50.692,0,0,0,NaN,NaN,NaN,NaN,NaN,NaN,NaN,NaN,NaN,47.64,0,2838.1,0.0069644,NaN,NaN,NaN,NaN,NaN,-1,-1,-0.92262,-1.3777,-9.8861,-17.902,5.8328,-46.808,NaN,NaN,NaN,NaN,NaN
343.77,1.7807,-10.285,81.031,-1.254,-1.9486,-10.526,-19.799,4.248,-50.918,0,0,0,NaN,NaN,NaN,NaN,NaN,NaN,NaN,NaN,NaN,47.64,0,2838.1,0.0069644,0.74131,2.6121,NaN,0.07242,NaN,-1,-1,-0.91362,-1.4088,-9.9292,-17.986,5.8689,-46.684,NaN,NaN,NaN,NaN,NaN
343.77,1.7557,-10.264,80.903,-1.0577,-0.079388,-12.942,-19.541,6.9019,-51.099,0.2867,0.26101,-1.0525,NaN,NaN,NaN,NaN,NaN,NaN,NaN,NaN,NaN,47.64,0,2838.1,0.0069644,0.74131,2.6121,NaN,0.07242,15.294,97677,11.938,-0.90697,-1.4371,-9.9672,-18.089,6.0287,-46.577,NaN,NaN,NaN,NaN,NaN
343.77,1.7326,-10.241,80.775,-0.85088,-1.4916,-9.1909,-18.77,7.488,-51.256,0,0,0,NaN,NaN,NaN,NaN,NaN,NaN,NaN,NaN,NaN,47.64,0,2838.1,0.0069644,NaN,NaN,25.797,NaN,NaN,-1,-1,-0.8952,-1.47,-9.9951,-18.211,6.0525,-46.501,NaN,NaN,NaN,NaN,NaN
343.77,1.6791,-10.204,80.517,-0.93874,-2.2038,-9.8907,-20.791,7.1228,-51.387,0,0,0,NaN,NaN,NaN,NaN,NaN,NaN,NaN,NaN,NaN,47.64,0,2838.1,0.0069644,NaN,NaN,NaN,NaN,15.261,97590,11.563,-0.89456,-1.4919,-10.025,-18.3,6.0143,-46.468,NaN,NaN,NaN,NaN,NaN
343.78,0,0,0,0,0,0,0,0,0,0,0,0,NaN,NaN,NaN,NaN,NaN,NaN,NaN,NaN,NaN,47.64,0,2838.1,0.0069644,NaN,NaN,NaN,NaN,NaN,-1,-1,-0.88201,-1.5289,-10.062,-18.4,6.1617,-46.472,NaN,NaN,NaN,NaN,NaN
343.78,1.6521,-10.184,80.388,-1.0253,-1.2994,-11.154,-20.304,6.3358,-51.322,0.30078,0.26334,-1.049,NaN,NaN,NaN,NaN,NaN,NaN,NaN,NaN,NaN,47.64,0,2838.1,0.0069644,NaN,NaN,NaN,NaN,NaN,-1,-1,-0.87845,-1.5698,-10.088,-18.554,6.2753,-46.5,NaN,NaN,NaN,NaN,NaN
343.78,1.624,-10.165,80.259,-0.95927,-1.0649,-10.97,-20.726,6.2412,-51.501,0,0,0,NaN,NaN,NaN,NaN,NaN,NaN,NaN,NaN,NaN,47.64,0,2838.1,0.0069644,NaN,NaN,NaN,NaN,15.156,97573,11.5,-0.85759,-1.6202,-10.1,-18.692,6.226,-46.548,NaN,NaN,NaN,NaN,NaN
343.78,1.5951,-10.142,80.13,-1.3395,-0.42248,-9.9106,-21.032,7.4988,-51.573,0,0,0,NaN,NaN,NaN,NaN,NaN,NaN,NaN,NaN,NaN,47.64,0,2838.1,0.0069644,0.74186,2.4832,25.858,0.049945,NaN,-1,-1,-0.85445,-1.6316,-10.142,-18.85,6.3138,-46.628,NaN,NaN,NaN,NaN,NaN
343.79,1.5353,-10.107,79.868,-1.6184,-2.5039,-11.87,-21.876,5.5418,-52.149,0.28618,0.26149,-1.0436,NaN,NaN,NaN,NaN,NaN,NaN,NaN,NaN,NaN,47.64,0,2838.1,0.0069644,NaN,NaN,NaN,NaN,NaN,-1,-1,-0.84312,-1.6614,-10.161,-18.999,6.4222,-46.735,NaN,NaN,NaN,NaN,NaN
343.79,0,0,0,0,0,0,0,0,0,0,0,0,NaN,NaN,NaN,NaN,NaN,NaN,NaN,NaN,NaN,47.64,0,2838.1,0.0069644,NaN,NaN,NaN,NaN,15.385,97564,11.375,-0.83123,-1.6958,-10.182,-19.188,6.4405,-46.885,NaN,NaN,NaN,NaN,NaN
343.79,1.5053,-10.079,79.738,-1.0861,-1.9195,-9.786,-21.517,9.8868,-51.933,0,0,0,NaN,NaN,NaN,NaN,NaN,NaN,NaN,NaN,NaN,47.64,0,2838.1,0.0069644,NaN,NaN,NaN,NaN,NaN,-1,-1,-0.83551,-1.7088,-10.306,-19.427,6.4802,-47.077,NaN,NaN,NaN,NaN,NaN
343.79,1.4759,-10.065,79.608,0.012521,-1.5506,-9.61,-21.219,3.9903,-51.82,0,0,0,NaN,NaN,NaN,NaN,NaN,NaN,NaN,NaN,NaN,47.64,0,2838.1,0.0069644,0.78511,2.4987,25.854,0.0074917,15.236,97627,11.688,-0.82052,-1.7348,-10.332,-19.656,6.4877,-47.294,NaN,NaN,NaN,NaN,NaN
343.8,1.4142,-10.015,79.348,-0.69474,-0.19231,-11.302,-22.253,12.07,-51.988,0.30072,0.26586,-1.0468,NaN,NaN,NaN,NaN,NaN,NaN,NaN,NaN,NaN,47.64,0,2838.1,0.0069644,0.78511,2.4987,25.854,0.0074917,NaN,-1,-1,-0.81147,-1.7838,-10.364,-19.882,6.6602,-47.531,NaN,NaN,NaN,NaN,NaN
343.8,1.3866,-10,79.216,-0.48025,-1.0616,-7.5136,-20.598,4.7597,-52.589,0,0,0,NaN,NaN,NaN,NaN,NaN,NaN,NaN,NaN,NaN,47.64,0,2838.1,0.0069644,NaN,NaN,NaN,NaN,NaN,-1,-1,-0.80943,-1.7916,-10.389,-20.084,6.658,-47.81,NaN,NaN,NaN,NaN,NaN
343.8,1.323,-9.9565,78.953,-0.93559,-2.0379,-10.096,-22.87,12.463,-52.396,0,0,0,NaN,NaN,NaN,NaN,NaN,NaN,NaN,NaN,NaN,47.64,0,2838.1,0.0069644,NaN,NaN,NaN,NaN,15.103,97595,11.563,-0.79133,-1.8181,-10.413,-20.323,6.5964,-48.106,NaN,NaN,NaN,NaN,NaN
343.8,1.3293,-9.9553,78.79,0.072012,-1.3091,-9.1238,-22.109,6.8353,-51.794,0.29103,0.26623,-1.0432,NaN,NaN,NaN,NaN,NaN,NaN,NaN,NaN,NaN,47.64,0,2838.1,0.0069644,NaN,NaN,NaN,NaN,NaN,-1,-1,-0.79544,-1.8462,-10.525,-20.606,6.8724,-48.437,NaN,NaN,NaN,NaN,NaN
343.81,1.2971,-9.9454,78.659,-1.3593,-1.5808,-11.928,-22.322,2.711,-52.057,0,0,0,NaN,NaN,NaN,NaN,NaN,NaN,NaN,NaN,NaN,47.64,0,2838.1,0.0069644,NaN,NaN,NaN,NaN,NaN,-1,-1,-0.79315,-1.87,-10.584,-20.863,6.8558,-48.798,NaN,NaN,NaN,NaN,NaN
343.81,1.2647,-9.9167,78.528,-1.6133,-1.2691,-12.803,-22.356,10.238,-52.409,0,0,0,NaN,NaN,NaN,NaN,NaN,NaN,NaN,NaN,NaN,47.64,0,2838.1,0.0069644,0.73255,2.6049,25.785,0.087403,15.571,97595,11.563,-0.7803,-1.906,-10.603,-21.152,6.8131,-49.198,NaN,NaN,NaN,NaN,NaN
343.81,1.2306,-9.8901,78.395,0.12589,-2.4467,-8.5265,-23.153,9.4463,-52.868,0,0,0,NaN,NaN,NaN,NaN,NaN,NaN,NaN,NaN,NaN,47.64,0,2838.1,0.0069644,NaN,NaN,NaN,NaN,NaN,-1,-1,-0.76685,-1.9493,-10.629,-21.43,6.982,-49.622,NaN,NaN,NaN,NaN,NaN
343.81,1.1959,-9.8843,78.262,-0.84105,-2.5708,-10.512,-23.35,1.0964,-52.788,0.30524,0.26352,-1.0442,NaN,NaN,NaN,NaN,NaN,NaN,NaN,NaN,NaN,47.64,0,2838.1,0.0069644,NaN,NaN,NaN,NaN,15.394,97660,11.813,-0.76188,-1.9607,-10.689,-21.732,7.0729,-50.092,NaN,NaN,NaN,NaN,NaN
343.82,1.161,-9.8598,78.13,-1.765,-2.1545,-13.231,-23.39,8.6601,-52.701,0,0,0,NaN,NaN,NaN,NaN,NaN,NaN,NaN,NaN,NaN,47.64,0,2838.1,0.0069644,NaN,NaN,NaN,NaN,NaN,-1,-1,-0.75226,-1.9891,-10.712,-22.055,7.0593,-50.588,NaN,NaN,NaN,NaN,NaN
343.82,1.1267,-9.8337,77.999,-0.01605,-1.8509,-9.6833,-23.109,9.3231,-52.585,0,0,0,NaN,NaN,NaN,NaN,NaN,NaN,NaN,NaN,NaN,47.64,0,2838.1,0.0069644,NaN,NaN,NaN,NaN,NaN,-1,-1,-0.74283,-2.014,-10.763,-22.413,7.1158,-51.124,NaN,NaN,NaN,NaN,NaN
343.82,1.0925,-9.8183,77.867,-0.78799,-2.5965,-10.611,-23.028,5.085,-52.362,0,0,0,NaN,NaN,NaN,NaN,NaN,NaN,NaN,NaN,NaN,47.64,0,2838.1,0.0069644,NaN,NaN,NaN,NaN,15.312,97621,11.625,-0.73724,-2.0393,-10.789,-22.834,7.2877,-51.679,NaN,NaN,NaN,NaN,NaN
343.82,1.0578,-9.7969,77.734,-1.1975,-0.7483,-12.734,-23.299,7.5032,-52.805,0.29797,0.26133,-1.0426,NaN,NaN,NaN,NaN,NaN,NaN,NaN,NaN,NaN,47.64,0,2838.1,0.0069644,NaN,NaN,NaN,NaN,NaN,-1,-1,-0.72829,-2.0805,-10.835,-23.242,7.2859,-52.275,NaN,NaN,NaN,NaN,NaN
343.83,1.0254,-9.7726,77.601,-0.69092,-1.8631,-10.157,-22.365,8.6805,-53.071,0,0,0,NaN,NaN,NaN,NaN,NaN,NaN,NaN,NaN,NaN,47.64,0,2838.1,0.0069644,NaN,NaN,NaN,NaN,NaN,-1,-1,-0.72562,-2.0931,-10.849,-23.664,7.2791,-52.894,NaN,NaN,NaN,NaN,NaN
343.83,0.99151,-9.7569,77.469,-0.56708,-3.1702,-11.262,-22.946,5.2878,-52.845,0,0,0,NaN,NaN,NaN,NaN,NaN,NaN,NaN,NaN,NaN,47.64,0,2838.1,0.0069644,NaN,NaN,NaN,NaN,15.468,97614,11.625,-0.7091,-2.1149,-10.883,-24.081,7.3937,-53.538,NaN,NaN,NaN,NaN,NaN
343.83,0.95405,-9.7342,77.337,-0.95692,-2.7616,-10.8,-24.31,8.1014,-52.717,0,0,0,NaN,NaN,NaN,NaN,NaN,NaN,NaN,NaN,NaN,47.64,0,2838.1,0.0069644,NaN,NaN,NaN,NaN,NaN,-1,-1,-0.70739,-2.1405,-10.921,-24.561,7.5917,-54.226,NaN,NaN,NaN,NaN,NaN
343.83,0.91767,-9.7142,77.205,-0.61642,-1.6913,-11.431,-23.809,7.0948,-52.338,0.3118,0.26883,-1.0324,NaN,NaN,NaN,NaN,NaN,NaN,NaN,NaN,NaN,47.64,0,2838.1,0.0069644,0.72763,2.4832,NaN,0.042453,15.369,97671,11.875,-0.70642,-2.1687,-10.963,-24.303,7.4139,-53.045,NaN,NaN,NaN,NaN,NaN
343.84,0.88024,-9.6945,77.074,-0.74836,-1.7796,-11.674,-24.214,6.9645,-52.435,0,0,0,NaN,NaN,NaN,NaN,NaN,NaN,NaN,NaN,NaN,47.64,0,2838.1,0.0069644,NaN,NaN,25.873,NaN,NaN,-1,-1,-0.69656,-2.1996,-10.996,-24.629,7.4444,-53.408,NaN,NaN,NaN,NaN,NaN
343.84,0.84174,-9.6723,76.94,-1.3477,-1.7893,-10.836,-24.733,8.0117,-53.095,0,0,0,NaN,NaN,NaN,NaN,NaN,NaN,NaN,NaN,NaN,47.64,0,2838.1,0.0069644,NaN,NaN,NaN,NaN,NaN,-1,-1,-0.6942,-2.2194,-11.041,-24.964,7.4532,-53.762,NaN,NaN,NaN,NaN,NaN
343.84,0.80105,-9.6506,76.807,-0.11954,-2.74,-9.9773,-25.62,7.8723,-53.238,0,0,0,NaN,NaN,NaN,NaN,NaN,NaN,NaN,NaN,NaN,47.64,0,2838.1,0.0069644,NaN,NaN,NaN,NaN,15.519,97595,11.563,-0.68704,-2.2337,-11.083,-25.333,7.5325,-54.129,NaN,NaN,NaN,NaN,NaN
343.84,0.76051,-9.6366,76.673,-1.2343,-2.5774,-12.196,-25.527,4.7628,-53.007,0.29791,0.26385,-1.0404,NaN,NaN,NaN,NaN,NaN,NaN,NaN,NaN,NaN,47.64,0,2838.1,0.0069644,NaN,NaN,NaN,NaN,NaN,-1,-1,-0.67821,-2.259,-11.11,-25.762,7.5557,-54.533,NaN,NaN,NaN,NaN,NaN
343.85,0.72147,-9.6109,76.541,-1.1244,-2.2905,-11.649,-24.819,9.5285,-52.632,0,0,0,NaN,NaN,NaN,NaN,NaN,NaN,NaN,NaN,NaN,47.64,0,2838.1,0.0069644,NaN,NaN,NaN,NaN,NaN,-1,-1,-0.67781,-2.2838,-11.138,-25.365,7.2997,-53.026,NaN,NaN,NaN,NaN,NaN
343.85,0.68169,-9.5911,76.409,-0.10515,-2.4564,-10.003,-25.137,7.2086,-52.885,0,0,0,NaN,NaN,NaN,NaN,NaN,NaN,NaN,NaN,NaN,47.64,0,2838.1,0.0069644,0.71613,2.5853,25.76,-0.10155,15.545,97614,11.625,-0.66804,-2.3085,-11.17,-25.64,7.4047,-53.053,NaN,NaN,NaN,NaN,NaN
343.85,0.63998,-9.5755,76.276,-1.1572,-3.0498,-11.892,-25.895,5.5559,-52.856,0,0,0,NaN,NaN,NaN,NaN,NaN,NaN,NaN,NaN,NaN,47.64,0,2869.5,0.0064211,NaN,NaN,NaN,NaN,NaN,-1,-1,-0.66055,-2.3406,-11.203,-25.897,7.1156,-53.081,NaN,NaN,NaN,NaN,NaN
343.85,0.5974,-9.5502,76.143,-0.5271,-0.45007,-12.563,-26.259,9.4673,-53.062,0.30729,0.2761,-1.0328,NaN,NaN,NaN,NaN,NaN,NaN,NaN,NaN,NaN,47.64,0,2869.5,0.0064211,NaN,NaN,NaN,NaN,15.364,97639,11.688,-0.65921,-2.3575,-11.23,-26.205,7.2239,-53.104,NaN,NaN,NaN,NaN,NaN
343.86,0.55683,-9.5278,76.008,-0.76449,-2.7172,-9.4562,-25.512,8.3535,-53.562,0,0,0,NaN,NaN,NaN,NaN,NaN,NaN,NaN,NaN,NaN,47.64,0,2869.5,0.0064211,NaN,NaN,NaN,NaN,NaN,-1,-1,-0.64196,-2.3795,-11.236,-26.428,7.0497,-53.127,NaN,NaN,NaN,NaN,NaN
343.86,0.51473,-9.516,75.874,-0.85398,-3.5828,-11.935,-26.076,4.1623,-53.34,0,0,0,NaN,NaN,NaN,NaN,NaN,NaN,NaN,NaN,NaN,47.64,0,2869.5,0.0064211,NaN,NaN,NaN,NaN,NaN,-1,-1,-0.64455,-2.4027,-11.297,-26.718,7.2089,-53.143,NaN,NaN,NaN,NaN,NaN
343.86,0.46979,-9.4934,75.741,-0.76564,-2.7541,-12.268,-27.146,8.5143,-53.057,0,0,0,NaN,NaN,NaN,NaN,NaN,NaN,NaN,NaN,NaN,47.64,0,2869.5,0.0064211,NaN,NaN,NaN,NaN,15.237,97665,11.813,-0.6455,-2.4228,-11.36,-26.982,7.3018,-53.133,NaN,NaN,NaN,NaN,NaN
343.86,0.42512,-9.4705,75.609,-0.57023,-1.9159,-11.386,-26.972,8.6901,-52.764,0.31233,0.27327,-1.0391,NaN,NaN,NaN,NaN,NaN,NaN,NaN,NaN,NaN,47.64,0,2869.5,0.0064211,0.73474,2.4844,25.863,0.049945,NaN,-1,-1,-0.62843,-2.4593,-11.355,-27.268,7.0796,-53.134,NaN,NaN,NaN,NaN,NaN
343.87,0.33002,-9.4332,75.342,-1.2051,-2.0697,-10.754,-28.433,6.9652,-53.363,0,0,0,NaN,NaN,NaN,NaN,NaN,NaN,NaN,NaN,NaN,47.64,0,2869.5,0.0064211,NaN,NaN,NaN,NaN,NaN,-1,-1,-0.62443,-2.4899,-11.388,-27.582,7.1853,-53.128,NaN,NaN,NaN,NaN,NaN
343.87,0.28137,-9.4135,75.208,-0.067135,-2.9089,-12.206,-28.607,7.5283,-53.349,0,0,0,NaN,NaN,NaN,NaN,NaN,NaN,NaN,NaN,NaN,47.64,0,2869.5,0.0064211,NaN,NaN,NaN,NaN,15.157,97609,11.625,-0.62579,-2.495,-11.452,-27.91,7.3002,-53.136,NaN,NaN,NaN,NaN,NaN
343.87,0.23227,-9.3979,75.074,-0.67022,-2.6833,-12.124,-28.786,5.9259,-53.351,0.30985,0.27835,-1.0348,NaN,NaN,NaN,NaN,NaN,NaN,NaN,NaN,NaN,47.64,0,2869.5,0.0064211,NaN,NaN,NaN,NaN,NaN,-1,-1,-0.61408,-2.5234,-11.464,-28.272,7.0237,-53.128,NaN,NaN,NaN,NaN,NaN
343.87,0.18174,-9.3737,74.941,-1.3432,-2.8972,-11.32,-29.265,9.4277,-52.994,0,0,0,NaN,NaN,NaN,NaN,NaN,NaN,NaN,NaN,NaN,47.64,0,2869.5,0.0064211,0.72708,2.596,25.772,0.11071,15.413,97594,11.5,-0.60892,-2.5446,-11.508,-28.629,7.108,-53.101,NaN,NaN,NaN,NaN,NaN
343.88,0.13296,-9.3602,74.808,-0.092277,-2.6138,-11.472,-28.569,5.1534,-53.1,0,0,0,NaN,NaN,NaN,NaN,NaN,NaN,NaN,NaN,NaN,47.64,0,2869.5,0.0064211,NaN,NaN,NaN,NaN,NaN,-1,-1,-0.60919,-2.5546,-11.555,-28.976,7.2158,-53.079,NaN,NaN,NaN,NaN,NaN
343.88,0.082028,-9.3421,74.675,-0.76658,-2.6739,-12.704,-29.372,7.0736,-52.852,0,0,0,NaN,NaN,NaN,NaN,NaN,NaN,NaN,NaN,NaN,47.64,0,2869.5,0.0064211,NaN,NaN,NaN,NaN,15.521,97605,11.625,-0.59405,-2.5869,-11.562,-29.293,7.0753,-53.055,NaN,NaN,NaN,NaN,NaN
343.88,0.031033,-9.317,74.541,-0.59407,-0.7581,-12.027,-29.439,9.9249,-53.138,0.32648,0.278,-1.0356,NaN,NaN,NaN,NaN,NaN,NaN,NaN,NaN,NaN,47.64,0,2869.5,0.0064211,NaN,NaN,NaN,NaN,15.546,97630,11.688,-0.58897,-2.6172,-11.602,-29.605,7.1099,-53.03,NaN,NaN,NaN,NaN,NaN
343.88,-0.019539,-9.2985,74.407,-0.29635,-3.824,-10.54,-29.283,7.2949,-53.414,0,0,0,NaN,NaN,NaN,NaN,NaN,NaN,NaN,NaN,NaN,47.64,0,2869.5,0.0064211,NaN,NaN,NaN,NaN,NaN,-1,-1,-0.59531,-2.6363,-11.652,-29.875,7.1577,-53.002,NaN,NaN,NaN,NaN,NaN
343.89,-0.072018,-9.2878,74.274,-0.90749,-3.5055,-12.848,-29.985,4.2373,-53.123,0,0,0,NaN,NaN,NaN,NaN,NaN,NaN,NaN,NaN,NaN,47.64,0,2869.5,0.0064211,NaN,NaN,NaN,NaN,15.34,97625,11.688,-0.58212,-2.6508,-11.66,-30.122,7.0515,-52.947,NaN,NaN,NaN,NaN,NaN
343.89,-0.17772,-9.2442,74.009,-0.000874,-2.836,-10.92,-29.722,7.3371,-52.66,0.32388,0.28812,-1.0269,NaN,NaN,NaN,NaN,NaN,NaN,NaN,NaN,NaN,47.64,0,2869.5,0.0064211,NaN,NaN,NaN,NaN,NaN,-1,-1,-0.57497,-2.676,-11.692,-30.4,7.1173,-52.89,NaN,NaN,NaN,NaN,NaN
343.89,-0.23265,-9.2281,73.877,-0.77209,-2.307,-13.013,-30.787,6.5601,-52.343,0,0,0,NaN,NaN,NaN,NaN,NaN,NaN,NaN,NaN,NaN,47.64,0,2869.5,0.0064211,NaN,NaN,NaN,NaN,15.646,97622,11.625,-0.57977,-2.6888,-11.748,-30.646,7.1481,-52.796,NaN,NaN,NaN,NaN,NaN
343.89,-0.34499,-9.1908,73.61,0.49113,-3.3975,-11.522,-31.555,6.8464,-53.051,0,0,0,NaN,NaN,NaN,NaN,NaN,NaN,NaN,NaN,NaN,47.64,0,2869.5,0.0064211,0.72653,2.6008,NaN,0.06576,NaN,-1,-1,-0.56748,-2.7208,-11.754,-30.906,7.063,-52.711,NaN,NaN,NaN,NaN,NaN
343.9,-0.40148,-9.177,73.477,-0.77059,-2.9673,-12.982,-31.493,5.7734,-53.063,0.31938,0.29539,-1.0273,NaN,NaN,NaN,NaN,NaN,NaN,NaN,NaN,NaN,47.64,0,2869.5,0.0064211,NaN,NaN,NaN,NaN,NaN,-1,-1,-0.55806,-2.7546,-11.777,-31.193,7.1258,-52.629,NaN,NaN,NaN,NaN,NaN
343.9,-0.515,-9.1407,73.212,0.28832,-3.6914,-12.114,-31.174,4.9981,-52.866,0,0,0,NaN,NaN,NaN,NaN,NaN,NaN,NaN,NaN,NaN,47.64,0,2869.5,0.0064211,NaN,NaN,NaN,NaN,15.75,97633,11.688,-0.55103,-2.7638,-11.841,-31.49,7.1309,-52.559,NaN,NaN,NaN,NaN,NaN
343.9,-0.57387,-9.1253,73.081,-0.69017,-2.8465,-13.036,-32.276,6.5601,-52.359,0,0,0,NaN,NaN,NaN,NaN,NaN,NaN,NaN,NaN,NaN,47.64,0,2869.5,0.0064211,NaN,NaN,NaN,NaN,NaN,-1,-1,-0.54235,-2.7959,-11.865,-31.793,6.9666,-52.478,NaN,NaN,NaN,NaN,NaN
343.9,-0.74472,-9.0764,72.684,-0.78049,-3.2814,-13.636,-31.727,4.8401,-52.43,0,0,0,NaN,NaN,NaN,NaN,NaN,NaN,NaN,NaN,NaN,47.64,0,2869.5,0.0064211,NaN,NaN,NaN,NaN,15.288,97629,11.688,-0.53997,-2.8129,-11.881,-32.05,7.1466,-52.377,NaN,NaN,NaN,NaN,NaN
343.91,-0.8037,-9.0508,72.553,-0.50861,-2.6843,-13.748,-32.216,10.84,-52.009,0,0,0,NaN,NaN,NaN,NaN,NaN,NaN,NaN,NaN,NaN,47.64,0,2869.5,0.0064211,0.73474,2.602,25.785,0.089068,NaN,-1,-1,-0.52616,-2.8385,-11.899,-32.284,7.1317,-52.28,NaN,NaN,NaN,NaN,NaN
343.91,-0.86215,-9.0333,72.422,-0.02529,-3.0165,-9.7642,-31.975,7.6816,-51.919,0.31965,0.30007,-1.0295,NaN,NaN,NaN,NaN,NaN,NaN,NaN,NaN,NaN,47.64,0,2869.5,0.0064211,NaN,NaN,NaN,NaN,NaN,-1,-1,-0.51928,-2.8442,-11.943,-32.524,6.9524,-52.18,NaN,NaN,NaN,NaN,NaN
343.91,-0.98308,-9.0035,72.16,-0.89428,-2.7198,-12.975,-33.004,9.3957,-52.249,0,0,0,NaN,NaN,NaN,NaN,NaN,NaN,NaN,NaN,NaN,47.64,0,2869.5,0.0064211,NaN,NaN,NaN,NaN,15.749,97634,11.688,-0.51978,-2.8603,-11.976,-32.753,7.0663,-52.085,NaN,NaN,NaN,NaN,NaN
343.91,-1.0457,-8.9862,72.029,0.39729,-4.2123,-10.907,-33.608,7.7466,-52.067,0,0,0,NaN,NaN,NaN,NaN,NaN,NaN,NaN,NaN,NaN,47.64,0,2869.5,0.0064211,NaN,NaN,NaN,NaN,NaN,-1,-1,-0.51195,-2.8814,-11.997,-32.931,7.1371,-51.991,NaN,NaN,NaN,NaN,NaN
343.92,-1.1096,-8.9774,71.899,-0.79941,-3.0592,-12.901,-34.091,4.4147,-51.935,0.31219,0.30053,-1.0235,NaN,NaN,NaN,NaN,NaN,NaN,NaN,NaN,NaN,47.64,0,2869.5,0.0064211,NaN,NaN,NaN,NaN,NaN,-1,-1,-0.50595,-2.9003,-12.032,-33.081,6.9312,-51.885,NaN,NaN,NaN,NaN,NaN
343.92,-1.1735,-8.9569,71.769,-0.9476,-2.3346,-12.922,-34.01,9.1183,-51.39,0,0,0,NaN,NaN,NaN,NaN,NaN,NaN,NaN,NaN,NaN,47.64,0,2869.5,0.0064211,0.72653,2.5978,25.783,0.097392,15.649,97650,11.75,-0.50023,-2.9272,-12.06,-33.256,6.9704,-51.763,NaN,NaN,NaN,NaN,NaN
343.92,-1.2359,-8.9423,71.64,-0.10762,-3.884,-12.265,-33.385,6.8536,-51.605,0,0,0,NaN,NaN,NaN,NaN,NaN,NaN,NaN,NaN,NaN,47.64,0,2869.5,0.0064211,NaN,NaN,NaN,NaN,NaN,-1,-1,-0.49026,-2.9669,-12.089,-33.408,6.9636,-51.638,NaN,NaN,NaN,NaN,NaN
343.92,-1.2997,-8.9293,71.511,-0.47538,-2.5823,-12.567,-33.917,6.2541,-51.304,0,0,0,NaN,NaN,NaN,NaN,NaN,NaN,NaN,NaN,NaN,47.64,0,2869.5,0.0064211,NaN,NaN,NaN,NaN,15.593,97615,11.563,-0.48981,-2.9668,-12.129,-33.599,6.9618,-51.53,NaN,NaN,NaN,NaN,NaN
343.93,-1.3617,-8.9087,71.381,-0.53309,-1.8353,-12.544,-33.231,9.344,-51.42,0.31718,0.31007,-1.023,NaN,NaN,NaN,NaN,NaN,NaN,NaN,NaN,NaN,47.64,0,2869.5,0.0064211,NaN,NaN,NaN,NaN,NaN,-1,-1,-0.48022,-2.992,-12.167,-33.804,6.9902,-51.419,NaN,NaN,NaN,NaN,NaN
343.93,-1.4243,-8.8974,71.251,-0.29126,-4.556,-11.515,-33.457,5.6633,-51.694,0,0,0,NaN,NaN,NaN,NaN,NaN,NaN,NaN,NaN,NaN,47.64,0,2869.5,0.0064211,0.7446,2.6145,25.791,0.071587,NaN,-1,-1,-0.48442,-3,-12.19,-34.026,6.9477,-51.307,NaN,NaN,NaN,NaN,NaN
343.93,-1.4869,-8.8863,71.122,-0.70616,-3.5495,-12.958,-33.368,5.6811,-51.118,0,0,0,NaN,NaN,NaN,NaN,NaN,NaN,NaN,NaN,NaN,47.64,0,2869.5,0.0064211,0.7446,2.6145,25.791,0.071587,15.518,97600,11.563,-0.47195,-3.0112,-12.2,-34.22,7.0313,-51.183,NaN,NaN,NaN,NaN,NaN
343.93,-1.5514,-8.8671,70.995,-0.14006,-2.9996,-13.608,-34.011,8.9148,-50.538,0,0,0,NaN,NaN,NaN,NaN,NaN,NaN,NaN,NaN,NaN,47.64,0,2869.5,0.0064211,NaN,NaN,NaN,NaN,NaN,-1,-1,-0.4617,-3.0541,-12.216,-34.389,6.9019,-51.051,NaN,NaN,NaN,NaN,NaN
343.94,-1.6165,-8.8555,70.868,-0.28871,-3.0797,-11.573,-34.275,5.9581,-50.534,0.3165,0.2959,-1.0187,NaN,NaN,NaN,NaN,NaN,NaN,NaN,NaN,NaN,47.64,0,2869.5,0.0064211,NaN,NaN,NaN,NaN,NaN,-1,-1,-0.45648,-3.0659,-12.281,-34.547,6.8379,-50.918,NaN,NaN,NaN,NaN,NaN
343.94,-1.6818,-8.842,70.741,-1.0593,-2.0374,-14.028,-34.317,6.7662,-50.562,0,0,0,NaN,NaN,NaN,NaN,NaN,NaN,NaN,NaN,NaN,47.64,0,2869.5,0.0064211,NaN,NaN,NaN,NaN,15.973,97586,11.5,-0.45038,-3.0803,-12.284,-34.666,6.9275,-50.785,NaN,NaN,NaN,NaN,NaN
343.94,-1.7492,-8.8256,70.613,-0.45311,-3.0495,-11.613,-35.191,7.9968,-50.856,0,0,0,NaN,NaN,NaN,NaN,NaN,NaN,NaN,NaN,NaN,47.64,0,2869.5,0.0064211,NaN,NaN,NaN,NaN,NaN,-1,-1,-0.44158,-3.1014,-12.302,-35.913,7.0618,-52.064,NaN,NaN,NaN,NaN,NaN
343.94,-1.8176,-8.8156,70.486,0.20443,-3.8678,-11.975,-35.516,5.467,-50.454,0,0,0,NaN,NaN,NaN,NaN,NaN,NaN,NaN,NaN,NaN,47.64,0,2869.5,0.0064211,NaN,NaN,NaN,NaN,15.848,97584,11.5,-0.43529,-3.122,-12.349,-35.777,6.8632,-51.585,NaN,NaN,NaN,NaN,NaN
343.95,-1.8867,-8.8064,70.358,-1.0275,-3.1303,-13.234,-35.877,5.2149,-50.828,0.34547,0.30969,-1.0205,NaN,NaN,NaN,NaN,NaN,NaN,NaN,NaN,NaN,47.64,0,2869.5,0.0064211,NaN,NaN,NaN,NaN,NaN,-1,-1,-0.43449,-3.1388,-12.362,-35.602,6.7921,-51.12,NaN,NaN,NaN,NaN,NaN
343.95,-1.9557,-8.7892,70.231,-0.40422,-2.7414,-12.052,-35.701,8.4758,-50.28,0,0,0,NaN,NaN,NaN,NaN,NaN,NaN,NaN,NaN,NaN,47.64,0,2869.5,0.0064211,NaN,NaN,NaN,NaN,NaN,-1,-1,-0.41663,-3.1697,-12.368,-35.497,6.668,-50.657,NaN,NaN,NaN,NaN,NaN
343.95,-2.0232,-8.7806,70.104,-0.08376,-4.4228,-13.981,-35.146,5.1195,-50.516,0,0,0,NaN,NaN,NaN,NaN,NaN,NaN,NaN,NaN,NaN,47.64,0,2869.5,0.0064211,NaN,NaN,NaN,NaN,15.621,97618,11.625,-0.41608,-3.1761,-12.4,-35.426,6.6048,-50.237,NaN,NaN,NaN,NaN,NaN
343.95,-2.0918,-8.7683,69.978,-0.87635,-2.4438,-12.093,-35.488,6.6375,-50.093,0,0,0,NaN,NaN,NaN,NaN,NaN,NaN,NaN,NaN,NaN,47.64,0,2869.5,0.0064211,0.73146,2.6008,NaN,0.079911,NaN,-1,-1,-0.40802,-3.1818,-12.437,-36.487,6.612,-51.209,NaN,NaN,NaN,NaN,NaN
343.96,-2.1589,-8.7513,69.852,-0.030808,-2.3264,-11.998,-34.911,8.5552,-49.889,0.33807,0.30762,-1.0167,NaN,NaN,NaN,NaN,NaN,NaN,NaN,NaN,NaN,47.64,0,2869.5,0.0064211,0.73146,2.6008,NaN,0.079911,NaN,-1,-1,-0.39042,-3.2043,-12.465,-36.157,6.3648,-50.491,NaN,NaN,NaN,NaN,NaN
343.96,-2.2267,-8.749,69.727,-0.30328,-4.6604,-12.009,-35.107,2.7232,-49.775,0,0,0,NaN,NaN,NaN,NaN,NaN,NaN,NaN,NaN,NaN,47.64,0,2869.5,0.0064211,NaN,NaN,25.797,NaN,15.774,97615,11.625,-0.39229,-3.2274,-12.498,-35.887,6.1966,-49.776,NaN,NaN,NaN,NaN,NaN
343.96,-2.2957,-8.7388,69.602,-0.96379,-3.391,-14.621,-35.525,5.9522,-49.548,0,0,0,NaN,NaN,NaN,NaN,NaN,NaN,NaN,NaN,NaN,47.62,0,2885.2,0.0064211,NaN,NaN,NaN,NaN,15.974,97622,11.625,-0.38242,-3.2412,-12.497,-35.59,5.9383,-49.104,NaN,NaN,NaN,NaN,NaN
343.96,-2.3649,-8.7205,69.478,-0.004945,-2.9539,-12.929,-35.608,9.2351,-49.203,0,0,0,NaN,NaN,NaN,NaN,NaN,NaN,NaN,NaN,NaN,47.62,0,2885.2,0.0064211,NaN,NaN,NaN,NaN,NaN,-1,-1,-0.36745,-3.2654,-12.507,-35.337,5.8637,-48.464,NaN,NaN,NaN,NaN,NaN
343.97,-2.4349,-8.7142,69.355,0.040168,-2.9957,-10.231,-35.845,4.4623,-48.889,0.33141,0.32213,-1.0173,NaN,NaN,NaN,NaN,NaN,NaN,NaN,NaN,NaN,47.62,0,2885.2,0.0064211,NaN,NaN,NaN,NaN,NaN,-1,-1,-0.37296,-3.2826,-12.551,-35.049,5.8291,-47.839,NaN,NaN,NaN,NaN,NaN
343.97,-2.5055,-8.7079,69.232,-1.6821,-2.5916,-14.512,-36.101,4.5541,-49.081,0,0,0,NaN,NaN,NaN,NaN,NaN,NaN,NaN,NaN,NaN,47.62,0,2885.2,0.0064211,NaN,NaN,NaN,NaN,NaN,-1,-1,-0.35489,-3.3005,-12.535,-34.79,5.7721,-47.254,NaN,NaN,NaN,NaN,NaN
343.97,-2.5784,-8.692,69.108,0.2976,-3.8682,-11.575,-36.997,8.4204,-49.006,0,0,0,NaN,NaN,NaN,NaN,NaN,NaN,NaN,NaN,NaN,47.62,0,2885.2,0.0064211,0.73748,2.6079,25.779,0.0899,15.724,97610,11.625,-0.34213,-3.3021,-12.547,-34.563,5.7846,-46.695,NaN,NaN,NaN,NaN,NaN
343.97,-2.7259,-8.6799,68.861,-1.4046,-3.2778,-13.412,-36.955,5.3215,-48.97,0.34504,0.32242,-1.0072,18.732,-0.33607,-4.1419,19.188,40.058,-88.551,3.6774e+05,4.4354e+06,266.6,47.62,0,2885.2,0.0064211,NaN,NaN,NaN,NaN,NaN,-1,-1,-0.34695,-3.3101,-12.594,-34.383,5.5577,-46.182,17.777,6.9906,1.8106,5.8156,21.366
343.98,-2.7993,-8.6677,68.739,0.020156,-4.0562,-12.096,-37.127,7.1225,-48.484,0,0,0,NaN,NaN,NaN,NaN,NaN,NaN,NaN,NaN,NaN,47.62,0,2885.2,0.0064211,NaN,NaN,NaN,NaN,NaN,-1,-1,-0.33172,-3.3488,-12.594,-34.251,5.5758,-45.683,NaN,NaN,NaN,NaN,NaN
343.98,-2.873,-8.66,68.618,-0.10983,-4.2236,-13.005,-37.152,5.3476,-48.216,0,0,0,NaN,NaN,NaN,NaN,NaN,NaN,NaN,NaN,NaN,47.62,0,2885.2,0.0064211,NaN,NaN,NaN,NaN,15.601,97652,11.813,-0.33289,-3.361,-12.603,-34.134,5.4236,-45.217,NaN,NaN,NaN,NaN,NaN
343.98,-2.9455,-8.6541,68.497,-0.25769,-1.947,-13.745,-36.674,4.7312,-48.104,0,0,0,NaN,NaN,NaN,NaN,NaN,NaN,NaN,NaN,NaN,47.62,0,2885.2,0.0064211,0.72872,2.6014,25.787,0.092398,NaN,-1,-1,-0.33724,-3.3365,-12.517,-34.07,5.2456,-44.765,NaN,NaN,NaN,NaN,NaN
343.98,-3.0868,-8.6361,68.255,-0.23686,-4.914,-12.961,-35.976,4.8197,-47.875,0,0,0,NaN,NaN,NaN,NaN,NaN,NaN,NaN,NaN,NaN,47.62,0,2885.2,0.0064211,0.72872,2.6014,25.787,0.092398,15.75,97628,11.688,-0.33146,-3.3576,-12.557,-34.004,5.356,-44.341,NaN,NaN,NaN,NaN,NaN
343.99,-3.1601,-8.6316,68.135,-0.47582,-2.5962,-12.717,-36.89,4.3101,-47.6,0,0,0,NaN,NaN,NaN,NaN,NaN,NaN,NaN,NaN,NaN,47.62,0,2885.2,0.0064211,NaN,NaN,NaN,NaN,NaN,-1,-1,-0.31827,-3.3644,-12.57,-33.933,5.1502,-43.973,NaN,NaN,NaN,NaN,NaN
343.99,-3.2326,-8.6224,68.015,-0.40583,-3.1467,-14.057,-36.579,6.2663,-47.707,0,0,0,NaN,NaN,NaN,NaN,NaN,NaN,NaN,NaN,NaN,47.62,0,2885.2,0.0064211,NaN,NaN,NaN,NaN,NaN,-1,-1,-0.30845,-3.3627,-12.619,-33.877,4.9736,-43.606,NaN,NaN,NaN,NaN,NaN
343.99,-3.307,-8.6138,67.896,0.10644,-3.853,-11.877,-37.259,6.0287,-47.221,0.34775,0.33932,-1.0047,NaN,NaN,NaN,NaN,NaN,NaN,NaN,NaN,NaN,47.62,0,2885.2,0.0064211,NaN,NaN,NaN,NaN,15.206,97629,11.625,-0.30267,-3.3956,-12.639,-33.817,5.0464,-43.253,NaN,NaN,NaN,NaN,NaN
343.99,-3.3839,-8.6094,67.777,-0.85976,-2.2689,-12.493,-38.249,4.4227,-47.224,0,0,0,NaN,NaN,NaN,NaN,NaN,NaN,NaN,NaN,NaN,47.62,0,2885.2,0.0064211,NaN,NaN,NaN,NaN,NaN,-1,-1,-0.29723,-3.3816,-12.559,-33.752,4.8973,-42.92,NaN,NaN,NaN,NaN,NaN
344,0,0,0,0,0,0,0,0,0,0,0,0,NaN,NaN,NaN,NaN,NaN,NaN,NaN,NaN,NaN,47.62,0,2885.2,0.0064211,0.73474,2.6049,25.792,0.054939,NaN,-1,-1,-0.28025,-3.3878,-12.606,-33.728,4.7546,-42.623,NaN,NaN,NaN,NaN,NaN
344,-3.4597,-8.6011,67.658,-0.1699,-4.2087,-14.029,-37.823,6.037,-47.358,0,0,0,NaN,NaN,NaN,NaN,NaN,NaN,NaN,NaN,NaN,47.62,0,2885.2,0.0064211,NaN,NaN,NaN,NaN,15.391,97609,11.625,-0.27203,-3.3967,-12.638,-33.744,4.8045,-42.363,NaN,NaN,NaN,NaN,NaN
344,-3.6167,-8.5917,67.421,-1.0638,-3.539,-13.306,-38.842,5.0376,-46.797,0.3375,0.32048,-1.0012,NaN,NaN,NaN,NaN,NaN,NaN,NaN,NaN,NaN,47.62,0,2885.2,0.0064211,NaN,NaN,NaN,NaN,NaN,-1,-1,-0.27048,-3.4242,-12.705,-33.807,4.6911,-42.141,NaN,NaN,NaN,NaN,NaN
344,-3.6931,-8.5844,67.304,0.13663,-3.6564,-12.199,-37.961,5.8018,-46.612,0,0,0,NaN,NaN,NaN,NaN,NaN,NaN,NaN,NaN,NaN,47.62,0,2885.2,0.0064211,NaN,NaN,NaN,NaN,15.234,97638,11.688,-0.25717,-3.4414,-12.718,-33.92,4.4878,-41.956,NaN,NaN,NaN,NaN,NaN
344.01,-3.7696,-8.5815,67.187,-0.21007,-4.5492,-13.933,-37.912,4.0745,-46.33,0,0,0,NaN,NaN,NaN,NaN,NaN,NaN,NaN,NaN,NaN,47.62,0,2885.2,0.0064211,NaN,NaN,NaN,NaN,NaN,-1,-1,-0.24675,-3.4665,-12.737,-34.1,4.561,-41.796,NaN,NaN,NaN,NaN,NaN
344.01,0,0,0,0,0,0,0,0,0,0,0,0,NaN,NaN,NaN,NaN,NaN,NaN,NaN,NaN,NaN,47.62,0,2885.2,0.0064211,NaN,NaN,NaN,NaN,NaN,-1,-1,-0.24472,-3.4866,-12.772,-34.283,4.4229,-41.675,NaN,NaN,NaN,NaN,NaN
344.01,-3.8449,-8.5739,67.072,-0.44488,-2.0692,-13.367,-37.42,5.9886,-45.975,0,0,0,NaN,NaN,NaN,NaN,NaN,NaN,NaN,NaN,NaN,47.62,0,2885.2,0.0064211,NaN,NaN,NaN,NaN,15.926,97631,11.688,-0.24056,-3.4955,-12.789,-34.531,4.3546,-41.576,NaN,NaN,NaN,NaN,NaN
344.01,-3.9193,-8.569,66.955,-0.031257,-3.609,-11.808,-37.07,4.9911,-46.195,0.35901,0.33472,-0.99701,NaN,NaN,NaN,NaN,NaN,NaN,NaN,NaN,NaN,47.62,0,2885.2,0.0064211,NaN,NaN,NaN,NaN,NaN,-1,-1,-0.23132,-3.4937,-12.807,-34.767,4.4207,-41.506,NaN,NaN,NaN,NaN,NaN
344.02,-4.0704,-8.5631,66.725,-0.4332,-2.6086,-14.834,-37.677,5.7236,-45.787,0,0,0,NaN,NaN,NaN,NaN,NaN,NaN,NaN,NaN,NaN,47.62,0,2885.2,0.0064211,NaN,NaN,NaN,NaN,NaN,-1,-1,-0.2214,-3.5057,-12.821,-35.006,4.2103,-41.465,NaN,NaN,NaN,NaN,NaN
344.02,-4.1455,-8.5543,66.611,0.12111,-3.6995,-11.999,-37.192,6.6554,-45.138,0,0,0,NaN,NaN,NaN,NaN,NaN,NaN,NaN,NaN,NaN,47.62,0,2885.2,0.0064211,0.72927,2.6026,NaN,0.085738,14.891,97615,11.625,-0.20988,-3.5031,-12.87,-35.271,4.1195,-41.467,NaN,NaN,NaN,NaN,NaN
344.02,-4.1491,-8.5488,66.498,0.06873,-4.0974,-13.489,-38.324,2.7473,-45.242,0.34486,0.32999,-1.0005,NaN,NaN,NaN,NaN,NaN,NaN,NaN,NaN,NaN,47.62,0,2885.2,0.0064211,0.72927,2.6026,NaN,0.085738,NaN,-1,-1,-0.21537,-3.5258,-12.853,-35.497,4.1431,-41.467,NaN,NaN,NaN,NaN,NaN
344.02,-4.2291,-8.5435,66.384,-1.3093,-2.3408,-12.947,-39.117,5.3066,-45.169,0,0,0,NaN,NaN,NaN,NaN,NaN,NaN,NaN,NaN,NaN,47.62,0,2885.2,0.0064211,NaN,NaN,25.799,NaN,15.696,97587,11.5,-0.19547,-3.5406,-12.843,-35.742,4.0463,-41.489,NaN,NaN,NaN,NaN,NaN
344.03,-4.391,-8.5415,66.158,0.10036,-4.5322,-12.969,-39.646,1.6993,-44.998,0,0,0,NaN,NaN,NaN,NaN,NaN,NaN,NaN,NaN,NaN,47.62,0,2885.2,0.0064211,NaN,NaN,NaN,NaN,NaN,-1,-1,-0.19218,-3.5348,-12.878,-36.033,4.0361,-41.547,NaN,NaN,NaN,NaN,NaN
344.03,-4.4727,-8.537,66.046,-0.91081,-3.6272,-13.522,-39.699,5.111,-44.273,0.3593,0.34925,-0.99476,NaN,NaN,NaN,NaN,NaN,NaN,NaN,NaN,NaN,47.62,0,2885.2,0.0064211,NaN,NaN,NaN,NaN,NaN,-1,-1,-0.20486,-3.5512,-12.993,-36.394,4.0392,-41.649,NaN,NaN,NaN,NaN,NaN
344.03,-4.6332,-8.5345,65.824,0.15215,-4.9766,-13.257,-39.154,2.3111,-43.92,0,0,0,NaN,NaN,NaN,NaN,NaN,NaN,NaN,NaN,NaN,47.62,0,2885.2,0.0064211,NaN,NaN,NaN,NaN,14.73,97613,11.625,-0.18677,-3.5719,-12.984,-36.807,3.9827,-41.79,NaN,NaN,NaN,NaN,NaN
344.03,-4.7128,-8.5299,65.714,-0.58023,-2.1962,-14.531,-38.751,5.2996,-43.801,0,0,0,NaN,NaN,NaN,NaN,NaN,NaN,NaN,NaN,NaN,47.62,0,2885.2,0.0064211,0.78785,2.5053,25.844,0.019978,NaN,-1,-1,-0.17772,-3.59,-12.988,-37.28,4.0824,-41.962,NaN,NaN,NaN,NaN,NaN
344.04,-4.7911,-8.5244,65.603,0.070164,-3.8765,-11.449,-38.239,5.7169,-43.75,0.34946,0.33989,-0.99342,NaN,NaN,NaN,NaN,NaN,NaN,NaN,NaN,NaN,47.62,0,2885.2,0.0064211,NaN,NaN,NaN,NaN,NaN,-1,-1,-0.16948,-3.608,-13.05,-37.789,3.9856,-42.156,NaN,NaN,NaN,NaN,NaN
344.04,-4.8689,-8.5329,65.494,-0.37865,-4.796,-14.346,-37.997,0.15189,-43.743,0,0,0,NaN,NaN,NaN,NaN,NaN,NaN,NaN,NaN,NaN,47.62,0,2885.2,0.0064211,NaN,NaN,NaN,NaN,16.491,97596,11.563,-0.153,-3.6235,-13.027,-38.321,3.9516,-42.376,NaN,NaN,NaN,NaN,NaN
344.04,-4.9487,-8.5271,65.386,-0.39357,-2.8368,-14.96,-38.744,5.9103,-43.118,0,0,0,NaN,NaN,NaN,NaN,NaN,NaN,NaN,NaN,NaN,47.62,0,2885.2,0.0064211,NaN,NaN,NaN,NaN,NaN,-1,-1,-0.15298,-3.6446,-13.127,-38.829,3.9617,-42.622,NaN,NaN,NaN,NaN,NaN
344.04,-5.0281,-8.5233,65.277,0.30963,-3.5913,-12.352,-38.579,5.2149,-43.264,0,0,0,NaN,NaN,NaN,NaN,NaN,NaN,NaN,NaN,NaN,47.62,0,2885.2,0.0064211,NaN,NaN,NaN,NaN,15.875,97614,11.625,-0.14873,-3.6376,-13.169,-39.362,3.8097,-42.902,NaN,NaN,NaN,NaN,NaN
344.05,-5.1108,-8.53,65.169,-0.092941,-4.2934,-13.546,-39.842,0.97426,-42.945,0.3616,0.35666,-0.9901,NaN,NaN,NaN,NaN,NaN,NaN,NaN,NaN,NaN,47.62,0,2885.2,0.0064211,NaN,NaN,NaN,NaN,NaN,-1,-1,-0.14781,-3.6506,-13.194,-39.903,3.8062,-43.21,NaN,NaN,NaN,NaN,NaN
344.05,-5.1965,-8.5278,65.061,-0.83908,-2.3047,-13.473,-41.08,4.6619,-43.069,0,0,0,NaN,NaN,NaN,NaN,NaN,NaN,NaN,NaN,NaN,47.62,0,2885.2,0.0064211,NaN,NaN,NaN,NaN,NaN,-1,-1,-0.13857,-3.6682,-13.206,-40.443,3.7199,-43.537,NaN,NaN,NaN,NaN,NaN
344.05,-5.2817,-8.5233,64.953,0.7181,-4.3811,-13.345,-40.807,5.5838,-42.727,0,0,0,NaN,NaN,NaN,NaN,NaN,NaN,NaN,NaN,NaN,47.62,0,2885.2,0.0064211,NaN,NaN,NaN,NaN,16.468,97635,11.688,-0.14231,-3.6864,-13.247,-41.038,3.68,-43.904,NaN,NaN,NaN,NaN,NaN
344.05,-5.3685,-8.5299,64.846,-0.058821,-4.6237,-12.855,-41.458,1.2309,-42.753,0,0,0,NaN,NaN,NaN,NaN,NaN,NaN,NaN,NaN,NaN,47.62,0,2885.2,0.0064211,NaN,NaN,NaN,NaN,NaN,-1,-1,-0.13236,-3.7038,-13.266,-40.252,3.6125,-42.535,NaN,NaN,NaN,NaN,NaN
344.06,-5.4558,-8.531,64.741,-0.65331,-3.8028,-14.982,-41.532,3.4199,-41.99,0.3659,0.34219,-0.98971,NaN,NaN,NaN,NaN,NaN,NaN,NaN,NaN,NaN,47.62,0,2885.2,0.0064211,NaN,NaN,NaN,NaN,NaN,-1,-1,-0.1346,-3.7249,-13.309,-40.624,3.489,-42.611,NaN,NaN,NaN,NaN,NaN
344.06,-5.543,-8.526,64.634,0.5545,-4.1821,-12.585,-41.548,5.9302,-42.081,0,0,0,NaN,NaN,NaN,NaN,NaN,NaN,NaN,NaN,NaN,47.62,0,2885.2,0.0064211,0.72817,2.6044,25.781,0.092398,15.054,97613,11.688,-0.12863,-3.7368,-13.329,-41.045,3.3702,-42.685,NaN,NaN,NaN,NaN,NaN
344.06,-5.6275,-8.5331,64.531,0.032644,-4.667,-12.888,-40.367,1.0837,-41.597,0,0,0,NaN,NaN,NaN,NaN,NaN,NaN,NaN,NaN,NaN,47.62,0,2885.2,0.0064211,NaN,NaN,NaN,NaN,NaN,-1,-1,-0.11229,-3.7542,-13.321,-41.486,3.4456,-42.783,NaN,NaN,NaN,NaN,NaN
344.06,-5.7123,-8.533,64.426,-0.36331,-2.8509,-15.871,-40.458,4.0348,-41.519,0,0,0,NaN,NaN,NaN,NaN,NaN,NaN,NaN,NaN,NaN,47.62,0,2885.2,0.0064211,NaN,NaN,NaN,NaN,15.876,97631,11.688,-0.11283,-3.7661,-13.359,-41.93,3.2948,-42.888,NaN,NaN,NaN,NaN,NaN
344.07,-5.7945,-8.5342,64.322,0.1153,-4.0244,-12.118,-39.437,3.5461,-41.266,0.37558,0.36896,-0.97993,NaN,NaN,NaN,NaN,NaN,NaN,NaN,NaN,NaN,47.62,0,2885.2,0.0064211,NaN,NaN,NaN,NaN,NaN,-1,-1,-0.10627,-3.7671,-13.392,-40.981,3.0403,-41.286,NaN,NaN,NaN,NaN,NaN
344.07,-5.8775,-8.5401,64.22,-0.20441,-4.1752,-15.034,-39.642,1.6805,-41.017,0,0,0,NaN,NaN,NaN,NaN,NaN,NaN,NaN,NaN,NaN,47.62,0,2885.2,0.0064211,NaN,NaN,NaN,NaN,NaN,-1,-1,-0.092056,-3.7766,-13.385,-41.128,3.0483,-41.066,NaN,NaN,NaN,NaN,NaN
344.07,-5.9617,-8.5403,64.117,-0.29329,-3.2492,-13.864,-40.155,4.0167,-40.815,0,0,0,NaN,NaN,NaN,NaN,NaN,NaN,NaN,NaN,NaN,47.62,0,2885.2,0.0064211,NaN,NaN,NaN,NaN,15.648,97632,11.688,-0.097014,-3.7878,-13.412,-41.23,2.9028,-40.858,NaN,NaN,NaN,NaN,NaN
344.07,-6.0465,-8.5418,64.017,0.33663,-3.7911,-13.355,-40.279,3.489,-40.098,0,0,0,NaN,NaN,NaN,NaN,NaN,NaN,NaN,NaN,NaN,47.62,0,2885.2,0.0064211,0.74186,2.4785,25.872,0.049112,NaN,-1,-1,-0.088527,-3.7913,-13.421,-41.317,2.7971,-40.638,NaN,NaN,NaN,NaN,NaN
344.08,-6.223,-8.5518,63.814,-0.4609,-3.4121,-13.2,-42.262,3.9047,-40.584,0,0,0,NaN,NaN,NaN,NaN,NaN,NaN,NaN,NaN,NaN,47.62,0,2885.2,0.0064211,NaN,NaN,NaN,NaN,NaN,-1,-1,-0.074833,-3.8064,-13.449,-41.36,2.882,-40.399,NaN,NaN,NaN,NaN,NaN
344.08,-6.3143,-8.5547,63.712,0.73016,-4.1943,-13.348,-42.94,3.1199,-40.404,0,0,0,NaN,NaN,NaN,NaN,NaN,NaN,NaN,NaN,NaN,47.62,0,2885.2,0.0064211,NaN,NaN,NaN,NaN,15.515,97602,11.5,-0.078946,-3.8307,-13.46,-41.401,2.6379,-40.153,NaN,NaN,NaN,NaN,NaN
344.08,-6.4057,-8.5654,63.612,-0.16329,-4.2475,-13.535,-42.88,0.090699,-40.403,0,0,0,NaN,NaN,NaN,NaN,NaN,NaN,NaN,NaN,NaN,47.62,0,2885.2,0.0064211,NaN,NaN,NaN,NaN,NaN,-1,-1,-0.068598,-3.8415,-13.444,-41.463,2.5544,-39.924,NaN,NaN,NaN,NaN,NaN
344.08,-6.4967,-8.5674,63.512,-0.67473,-3.5578,-14.736,-42.762,3.5597,-39.879,0.36617,0.37894,-0.97633,NaN,NaN,NaN,NaN,NaN,NaN,NaN,NaN,NaN,47.62,0,2885.2,0.0064211,NaN,NaN,NaN,NaN,16.001,97655,11.75,-0.060597,-3.8359,-13.47,-41.56,2.476,-39.693,NaN,NaN,NaN,NaN,NaN
344.09,-6.5866,-8.5717,63.412,0.51831,-4.2747,-12.564,-42.257,2.6518,-39.615,0,0,0,NaN,NaN,NaN,NaN,NaN,NaN,NaN,NaN,NaN,47.62,0,2885.2,0.0064211,0.73365,2.6055,NaN,0.079911,NaN,-1,-1,-0.066701,-3.8488,-13.499,-41.677,2.2928,-39.444,NaN,NaN,NaN,NaN,NaN
344.09,-6.675,-8.5835,63.316,0.064549,-4.2975,-14.297,-41.49,-0.34773,-39.006,0,0,0,NaN,NaN,NaN,NaN,NaN,NaN,NaN,NaN,NaN,47.62,0,2885.2,0.0064211,NaN,NaN,NaN,NaN,NaN,-1,-1,-0.055172,-3.8619,-13.481,-41.769,2.0194,-39.19,NaN,NaN,NaN,NaN,NaN
344.09,-6.7625,-8.5851,63.218,-0.38038,-3.0144,-14.687,-41.204,3.8117,-38.824,0,0,0,NaN,NaN,NaN,NaN,NaN,NaN,NaN,NaN,NaN,47.62,0,2885.2,0.0064211,NaN,NaN,NaN,NaN,15.699,97632,11.688,-0.039475,-3.8677,-13.49,-41.869,2.0995,-38.94,NaN,NaN,NaN,NaN,NaN
344.09,-6.8486,-8.5929,63.121,0.31362,-4.4513,-12.387,-40.589,1.3274,-38.718,0.38273,0.37619,-0.97706,NaN,NaN,NaN,NaN,NaN,NaN,NaN,NaN,NaN,47.62,0,2885.2,0.0064211,NaN,NaN,NaN,NaN,NaN,-1,-1,-0.04352,-3.8723,-13.553,-41.958,1.9792,-38.689,NaN,NaN,NaN,NaN,NaN
344.1,-6.9359,-8.6051,63.026,-0.42751,-4.3521,-14.339,-40.993,-0.3899,-38.51,0,0,0,NaN,NaN,NaN,NaN,NaN,NaN,NaN,NaN,NaN,47.62,0,2885.2,0.0064211,NaN,NaN,NaN,NaN,NaN,-1,-1,-0.032366,-3.8872,-13.54,-42,1.6404,-38.445,NaN,NaN,NaN,NaN,NaN
344.1,-7.0247,-8.6071,62.931,-0.26597,-3.7782,-14.263,-41.592,3.725,-37.945,0,0,0,NaN,NaN,NaN,NaN,NaN,NaN,NaN,NaN,NaN,47.62,0,2885.2,0.0064211,0.73748,2.4826,25.854,0.049945,16.372,97627,11.688,-0.021286,-3.8902,-13.524,-42.042,1.6264,-38.183,NaN,NaN,NaN,NaN,NaN
344.1,-7.1135,-8.615,62.836,0.75888,-3.4613,-12.401,-41.58,1.3961,-38.014,0,0,0,NaN,NaN,NaN,NaN,NaN,NaN,NaN,NaN,NaN,47.62,0,2885.2,0.0064211,NaN,NaN,NaN,NaN,NaN,-1,-1,-0.027256,-3.8898,-13.561,-42.018,1.488,-37.938,NaN,NaN,NaN,NaN,NaN
344.1,-7.2955,-8.6308,62.648,-0.64154,-3.8749,-13.448,-42.958,4.0494,-37.694,0,0,0,NaN,NaN,NaN,NaN,NaN,NaN,NaN,NaN,NaN,47.62,0,2885.2,0.0064211,NaN,NaN,NaN,NaN,15.465,97632,11.625,-0.017623,-3.8929,-13.575,-42.013,1.3206,-37.682,NaN,NaN,NaN,NaN,NaN
344.11,-7.389,-8.6392,62.555,1.0246,-4.3865,-11.524,-43.327,1.2861,-37.283,0,0,0,NaN,NaN,NaN,NaN,NaN,NaN,NaN,NaN,NaN,47.62,0,2885.2,0.0064211,NaN,NaN,NaN,NaN,NaN,-1,-1,-0.0026482,-3.9154,-13.565,-42.038,1.1813,-37.417,NaN,NaN,NaN,NaN,NaN
344.11,-7.4821,-8.6598,62.463,-0.13431,-4.3191,-15.355,-43.158,-3.5691,-37.472,0,0,0,NaN,NaN,NaN,NaN,NaN,NaN,NaN,NaN,NaN,47.62,0,2885.2,0.0064211,NaN,NaN,NaN,NaN,NaN,-1,-1,-0.0013956,-3.9279,-13.592,-42.044,1.0763,-37.168,NaN,NaN,NaN,NaN,NaN
344.11,-7.574,-8.6633,62.371,-0.76771,-4.0046,-15.481,-42.681,3.3214,-36.863,0.38949,0.38378,-0.96755,NaN,NaN,NaN,NaN,NaN,NaN,NaN,NaN,NaN,47.62,0,2885.2,0.0064211,NaN,NaN,NaN,NaN,14.808,97584,11.5,0.0048255,-3.9355,-13.602,-42.076,0.91496,-36.931,NaN,NaN,NaN,NaN,NaN
344.11,-7.6661,-8.6686,62.279,0.78741,-4.3709,-12.746,-42.767,2.6372,-36.782,0,0,0,NaN,NaN,NaN,NaN,NaN,NaN,NaN,NaN,NaN,47.62,0,2885.2,0.0064211,0.73365,2.6067,25.794,0.095727,NaN,-1,-1,0.019371,-3.9381,-13.599,-42.134,0.74201,-36.668,NaN,NaN,NaN,NaN,NaN
344.12,-7.7559,-8.6868,62.19,-0.059909,-4.1039,-12.965,-41.679,-2.5966,-36.22,0,0,0,NaN,NaN,NaN,NaN,NaN,NaN,NaN,NaN,NaN,47.62,0,2885.2,0.0064211,NaN,NaN,NaN,NaN,NaN,-1,-1,0.020514,-3.9494,-13.623,-42.216,0.65919,-36.415,NaN,NaN,NaN,NaN,NaN
344.12,-7.8455,-8.6934,62.1,-0.29639,-3.1827,-15.559,-41.647,2.1514,-36.044,0,0,0,NaN,NaN,NaN,NaN,NaN,NaN,NaN,NaN,NaN,47.62,0,2885.2,0.0064211,NaN,NaN,NaN,NaN,16.098,97624,11.625,0.028992,-3.9606,-13.644,-42.305,0.43552,-36.153,NaN,NaN,NaN,NaN,NaN
344.12,-7.9339,-8.7037,62.011,0.22176,-4.8694,-12.413,-41.114,0.62137,-35.849,0.37934,0.38211,-0.95733,NaN,NaN,NaN,NaN,NaN,NaN,NaN,NaN,NaN,47.62,0,2885.2,0.0064211,NaN,NaN,NaN,NaN,NaN,-1,-1,0.034096,-3.9555,-13.627,-42.372,0.32825,-35.896,NaN,NaN,NaN,NaN,NaN
344.12,-8.0227,-8.7207,61.924,-0.003354,-3.959,-14.508,-41.135,-2.0282,-35.343,0,0,0,NaN,NaN,NaN,NaN,NaN,NaN,NaN,NaN,NaN,47.62,0,2885.2,0.0064211,NaN,NaN,NaN,NaN,15.021,97613,11.563,0.040258,-3.9592,-13.651,-42.381,0.21751,-35.63,NaN,NaN,NaN,NaN,NaN
344.13,-8.1124,-8.729,61.837,-0.33646,-3.5456,-14.954,-41.549,1.4753,-35.076,0,0,0,NaN,NaN,NaN,NaN,NaN,NaN,NaN,NaN,NaN,47.62,0,2885.2,0.0064211,NaN,NaN,NaN,NaN,NaN,-1,-1,0.055715,-3.9625,-13.656,-42.373,0.008347,-35.362,NaN,NaN,NaN,NaN,NaN
344.13,-8.2035,-8.7377,61.75,0.83983,-4.5276,-12.455,-42.095,1.3211,-34.928,0,0,0,NaN,NaN,NaN,NaN,NaN,NaN,NaN,NaN,NaN,47.62,0,2885.2,0.0064211,NaN,NaN,NaN,NaN,NaN,-1,-1,0.051177,-3.9659,-13.658,-42.325,-0.037247,-35.08,NaN,NaN,NaN,NaN,NaN
344.13,-8.2959,-8.7584,61.665,0.11424,-3.5592,-15.421,-42.482,-3.4593,-34.74,0.39652,0.39605,-0.96024,NaN,NaN,NaN,NaN,NaN,NaN,NaN,NaN,NaN,47.62,0,2885.2,0.0064211,NaN,NaN,NaN,NaN,15.076,97621,11.625,0.062308,-3.9769,-13.659,-42.271,-0.13821,-34.79,NaN,NaN,NaN,NaN,NaN
344.13,-8.3902,-8.765,61.578,-0.70884,-4.2291,-13.763,-43.429,2.316,-34.961,0,0,0,NaN,NaN,NaN,NaN,NaN,NaN,NaN,NaN,NaN,47.62,0,2885.2,0.0064211,NaN,NaN,NaN,NaN,NaN,-1,-1,0.072899,-4.0031,-13.667,-42.288,-0.24112,-34.519,NaN,NaN,NaN,NaN,NaN
344.14,-8.4855,-8.7767,61.493,0.7053,-4.1025,-11.81,-43.645,0.19767,-34.335,0,0,0,NaN,NaN,NaN,NaN,NaN,NaN,NaN,NaN,NaN,47.62,0,2885.2,0.0064211,NaN,NaN,NaN,NaN,NaN,-1,-1,0.073934,-3.9961,-13.682,-42.318,-0.33998,-34.275,NaN,NaN,NaN,NaN,NaN
344.14,-8.5799,-8.7995,61.41,0.094184,-4.0831,-14.84,-43.223,-4.2302,-34.236,0,0,0,NaN,NaN,NaN,NaN,NaN,NaN,NaN,NaN,NaN,47.62,0,2885.2,0.0064211,0.73967,2.4761,25.855,0.054939,15.978,97643,11.75,0.08209,-4.0108,-13.663,-42.373,-0.44135,-34.022,NaN,NaN,NaN,NaN,NaN
344.14,-8.6729,-8.8072,61.325,-0.69797,-3.5767,-14.956,-42.735,1.8555,-33.951,0.38648,0.38442,-0.95669,NaN,NaN,NaN,NaN,NaN,NaN,NaN,NaN,NaN,47.62,0,2885.2,0.0064211,NaN,NaN,NaN,NaN,NaN,-1,-1,0.088023,-4.0154,-13.661,-42.452,-0.56939,-33.77,NaN,NaN,NaN,NaN,NaN
344.14,-8.7663,-8.8144,61.242,0.54675,-4.5194,-11.895,-42.867,2.1008,-33.638,0,0,0,NaN,NaN,NaN,NaN,NaN,NaN,NaN,NaN,NaN,47.62,0,2885.2,0.0064211,NaN,NaN,NaN,NaN,15.179,97591,11.5,0.088351,-4.0191,-13.687,-42.535,-0.72728,-33.513,NaN,NaN,NaN,NaN,NaN
344.15,-8.8579,-8.8415,61.162,0.15452,-3.8917,-13.43,-41.896,-5.9558,-33.215,0,0,0,NaN,NaN,NaN,NaN,NaN,NaN,NaN,NaN,NaN,47.62,0,2885.2,0.0064211,NaN,NaN,NaN,NaN,NaN,-1,-1,0.081659,-4.0243,-13.681,-42.598,-0.8117,-33.236,NaN,NaN,NaN,NaN,NaN
344.15,-8.9471,-8.8533,61.08,-0.17387,-3.0157,-16.916,-41.076,0.23165,-33.018,0,0,0,NaN,NaN,NaN,NaN,NaN,NaN,NaN,NaN,NaN,47.62,0,2885.2,0.0064211,0.78621,2.5077,NaN,0.0016648,NaN,-1,-1,0.092196,-4.0279,-13.664,-42.664,-0.86075,-32.963,NaN,NaN,NaN,NaN,NaN
344.15,-9.0372,-8.8626,60.999,0.28262,-5.6641,-13.704,-41.419,1.2633,-32.699,0.38915,0.40876,-0.94977,NaN,NaN,NaN,NaN,NaN,NaN,NaN,NaN,NaN,47.62,0,2885.2,0.0064211,0.78621,2.5077,NaN,0.0016648,15.155,97600,11.563,0.085098,-4.0181,-13.681,-42.692,-0.99866,-32.693,NaN,NaN,NaN,NaN,NaN
344.15,-9.1276,-8.8823,60.92,0.007736,-3.8347,-12.731,-41.433,-2.9453,-32.473,0,0,0,NaN,NaN,NaN,NaN,NaN,NaN,NaN,NaN,NaN,47.62,0,2885.2,0.0064211,NaN,NaN,25.842,NaN,NaN,-1,-1,0.091953,-4.0344,-13.662,-42.702,-1.1317,-32.434,NaN,NaN,NaN,NaN,NaN
344.16,-9.3129,-8.9081,60.763,0.57474,-3.9977,-12.502,-42.657,0.35191,-31.915,0,0,0,NaN,NaN,NaN,NaN,NaN,NaN,NaN,NaN,NaN,47.62,0,2885.2,0.0064211,NaN,NaN,NaN,NaN,NaN,-1,-1,0.09391,-4.0255,-13.636,-42.703,-1.2332,-32.162,NaN,NaN,NaN,NaN,NaN
344.16,-9.4075,-8.9287,60.685,0.16236,-3.2344,-14.333,-43.037,-3.2838,-31.807,0.39164,0.41354,-0.94954,NaN,NaN,NaN,NaN,NaN,NaN,NaN,NaN,NaN,47.62,0,2885.2,0.0064211,NaN,NaN,NaN,NaN,15.233,97602,11.563,0.095759,-4.0283,-13.635,-42.668,-1.2871,-31.901,NaN,NaN,NaN,NaN,NaN
344.16,-9.5028,-8.9436,60.607,-0.67083,-3.8675,-14.324,-43.366,-0.84465,-32.117,0,0,0,NaN,NaN,NaN,NaN,NaN,NaN,NaN,NaN,NaN,47.62,0,2885.2,0.0064211,NaN,NaN,NaN,NaN,16.1,97632,11.688,0.099668,-4.0374,-13.644,-42.685,-1.3065,-31.636,NaN,NaN,NaN,NaN,NaN
344.16,-9.5996,-8.9574,60.53,0.55437,-4.3963,-12.561,-43.893,-0.47853,-31.317,0,0,0,NaN,NaN,NaN,NaN,NaN,NaN,NaN,NaN,NaN,47.62,0,2885.2,0.0064211,0.73255,2.6085,25.786,0.091565,NaN,-1,-1,0.10951,-4.0349,-13.638,-42.693,-1.3756,-31.372,NaN,NaN,NaN,NaN,NaN
344.17,-9.6971,-8.978,60.455,0.099661,-4.4182,-14.003,-44.024,-3.2771,-30.889,0,0,0,NaN,NaN,NaN,NaN,NaN,NaN,NaN,NaN,NaN,47.62,0,2885.2,0.0064211,NaN,NaN,NaN,NaN,NaN,-1,-1,0.096341,-4.0307,-13.633,-42.724,-1.5052,-31.124,NaN,NaN,NaN,NaN,NaN
344.17,-9.7934,-8.9935,60.38,-0.26413,-4.339,-15.149,-43.605,-1.1328,-30.814,0.3986,0.42341,-0.94224,NaN,NaN,NaN,NaN,NaN,NaN,NaN,NaN,NaN,47.62,0,2885.2,0.0064211,NaN,NaN,NaN,NaN,NaN,-1,-1,0.10391,-4.0343,-13.612,-42.752,-1.5669,-30.868,NaN,NaN,NaN,NaN,NaN
344.17,-9.8886,-9.0083,60.305,0.29999,-4.3981,-13.468,-43.103,-0.87428,-30.485,0,0,0,NaN,NaN,NaN,NaN,NaN,NaN,NaN,NaN,NaN,47.62,0,2885.2,0.0064211,NaN,NaN,NaN,NaN,15.999,97602,11.563,0.10881,-4.0346,-13.628,-42.802,-1.6585,-30.617,NaN,NaN,NaN,NaN,NaN
344.17,-10.074,-9.0462,60.159,-0.10811,-3.0511,-14.465,-41.545,-1.2855,-30.188,0,0,0,NaN,NaN,NaN,NaN,NaN,NaN,NaN,NaN,NaN,47.62,0,2885.2,0.0064211,NaN,NaN,NaN,NaN,NaN,-1,-1,0.099147,-4.0282,-13.631,-42.821,-1.7592,-30.343,NaN,NaN,NaN,NaN,NaN
344.18,-10.166,-9.0635,60.086,0.072533,-4.9413,-14.397,-41.791,-1.8763,-29.826,0.40508,0.41647,-0.93498,NaN,NaN,NaN,NaN,NaN,NaN,NaN,NaN,NaN,47.62,0,2885.2,0.0064211,0.72982,2.602,25.782,0.095727,NaN,-1,-1,0.10303,-4.0311,-13.608,-44.068,-1.9139,-30.808,NaN,NaN,NaN,NaN,NaN
344.18,-10.259,-9.0814,60.014,-0.48439,-3.0039,-12.816,-41.993,-2.0866,-29.739,0,0,0,NaN,NaN,NaN,NaN,NaN,NaN,NaN,NaN,NaN,47.62,0,2885.2,0.0064211,0.72982,2.602,25.782,0.095727,15.364,97643,11.688,0.10835,-4.0341,-13.596,-43.787,-2.0426,-30.379,NaN,NaN,NaN,NaN,NaN
344.18,-10.352,-9.0965,59.942,0.24197,-3.411,-13.867,-42.089,-0.94034,-29.471,0,0,0,NaN,NaN,NaN,NaN,NaN,NaN,NaN,NaN,NaN,47.669,0,2871,0.0075089,NaN,NaN,NaN,NaN,NaN,-1,-1,0.10523,-4.0253,-13.623,-43.465,-2.1637,-29.96,NaN,NaN,NaN,NaN,NaN
344.18,-10.448,-9.1181,59.871,0.26784,-5.1247,-12.516,-43.394,-3.4915,-29.69,0,0,0,NaN,NaN,NaN,NaN,NaN,NaN,NaN,NaN,NaN,47.669,0,2871,0.0075089,NaN,NaN,NaN,NaN,15.747,97608,11.563,0.10948,-4.03,-13.601,-43.172,-2.1333,-29.535,NaN,NaN,NaN,NaN,NaN
344.19,-10.545,-9.1365,59.8,0.40999,-3.3254,-16.63,-43.469,-2.2402,-29.141,0.40999,0.41868,-0.93676,NaN,NaN,NaN,NaN,NaN,NaN,NaN,NaN,NaN,47.669,0,2871,0.0075089,NaN,NaN,NaN,NaN,NaN,-1,-1,0.10741,-4.0125,-13.567,-42.893,-2.1549,-29.115,NaN,NaN,NaN,NaN,NaN
344.19,-10.641,-9.1527,59.73,-0.25576,-4.3072,-12.961,-43.311,-1.3605,-29.019,0,0,0,NaN,NaN,NaN,NaN,NaN,NaN,NaN,NaN,NaN,47.669,0,2871,0.0075089,NaN,NaN,NaN,NaN,NaN,-1,-1,0.10216,-4.0059,-13.579,-43.84,-2.4585,-29.39,NaN,NaN,NaN,NaN,NaN
344.19,-10.739,-9.1698,59.662,0.34875,-5.27,-12.451,-43.935,-1.8001,-28.038,0,0,0,NaN,NaN,NaN,NaN,NaN,NaN,NaN,NaN,NaN,47.669,0,2871,0.0075089,0.73584,2.6049,25.796,0.060766,16.148,97621,11.625,0.11103,-4.0248,-13.547,-43.295,-2.4025,-28.828,NaN,NaN,NaN,NaN,NaN
344.19,-10.836,-9.1951,59.595,0.31231,-4.1294,-14.691,-43.522,-5.0744,-28.294,0,0,0,NaN,NaN,NaN,NaN,NaN,NaN,NaN,NaN,NaN,47.669,0,2871,0.0075089,NaN,NaN,NaN,NaN,NaN,-1,-1,0.12116,-4.0111,-13.546,-42.772,-2.3983,-28.272,NaN,NaN,NaN,NaN,NaN
344.2,-10.932,-9.21,59.527,-0.74949,-3.1727,-14.506,-42.945,-0.93323,-27.771,0.41984,0.43297,-0.93587,NaN,NaN,NaN,NaN,NaN,NaN,NaN,NaN,NaN,47.669,0,2871,0.0075089,NaN,NaN,NaN,NaN,NaN,-1,-1,0.10779,-4.0045,-13.539,-42.247,-2.4964,-27.742,NaN,NaN,NaN,NaN,NaN
344.2,-11.026,-9.2233,59.46,0.50153,-4.1434,-12.875,-42.421,-0.20672,-27.68,0,0,0,NaN,NaN,NaN,NaN,NaN,NaN,NaN,NaN,NaN,47.669,0,2871,0.0075089,NaN,NaN,NaN,NaN,16.299,97647,11.75,0.11065,-4.0202,-13.508,-41.767,-2.4857,-27.227,NaN,NaN,NaN,NaN,NaN
344.2,-11.12,-9.2498,59.395,0.10588,-3.7064,-12.805,-42.042,-5.5755,-27.661,0,0,0,NaN,NaN,NaN,NaN,NaN,NaN,NaN,NaN,NaN,47.669,0,2871,0.0075089,NaN,NaN,NaN,NaN,NaN,-1,-1,0.11109,-4.0065,-13.497,-41.336,-2.3792,-26.738,NaN,NaN,NaN,NaN,NaN
344.2,-11.211,-9.2694,59.329,-0.042884,-2.9366,-15.74,-41.262,-2.7496,-27.358,0,0,0,NaN,NaN,NaN,NaN,NaN,NaN,NaN,NaN,NaN,47.669,0,2871,0.0075089,NaN,NaN,NaN,NaN,16.199,97636,11.688,0.10319,-3.9828,-13.485,-40.946,-2.6422,-26.267,NaN,NaN,NaN,NaN,NaN
344.21,-11.303,-9.2877,59.263,0.42106,-5.2549,-14.923,-41.132,-2.239,-27.2,0.39783,0.42906,-0.92673,18.737,0.65376,-3.611,19.093,40.058,-88.551,3.6774e+05,4.4354e+06,265.51,47.669,0,2871,0.0075089,NaN,NaN,NaN,NaN,NaN,-1,-1,0.10884,-3.9716,-13.454,-40.524,-2.6497,-25.829,16.806,8.661,2.6597,8.9928,26.977
344.21,-11.395,-9.3112,59.2,-0.087071,-3.7922,-13.987,-41.461,-4.3694,-26.716,0,0,0,NaN,NaN,NaN,NaN,NaN,NaN,NaN,NaN,NaN,47.669,0,2871,0.0075089,NaN,NaN,NaN,NaN,NaN,-1,-1,0.10717,-3.9722,-13.451,-40.114,-2.75,-25.404,NaN,NaN,NaN,NaN,NaN
344.21,-11.489,-9.3264,59.136,-0.19983,-4.2289,-14.032,-41.897,-1.0257,-26.511,0,0,0,NaN,NaN,NaN,NaN,NaN,NaN,NaN,NaN,NaN,47.669,0,2871,0.0075089,NaN,NaN,NaN,NaN,15.751,97646,11.75,0.10204,-3.9643,-13.444,-39.713,-2.8377,-24.987,NaN,NaN,NaN,NaN,NaN
344.21,-11.585,-9.3498,59.074,0.71654,-4.3922,-13.308,-42.722,-4.3558,-26.217,0,0,0,NaN,NaN,NaN,NaN,NaN,NaN,NaN,NaN,NaN,47.669,0,2871,0.0075089,NaN,NaN,NaN,NaN,NaN,-1,-1,0.10848,-3.9505,-13.407,-39.358,-2.8145,-24.575,NaN,NaN,NaN,NaN,NaN
344.22,-11.776,-9.3913,58.95,-0.77526,-3.4093,-13.88,-42.494,-2.3708,-26.074,0,0,0,NaN,NaN,NaN,NaN,NaN,NaN,NaN,NaN,NaN,47.669,0,2871,0.0075089,0.72598,2.6002,NaN,0.085738,NaN,-1,-1,0.10504,-3.9148,-13.273,-39.026,-3.1083,-24.17,NaN,NaN,NaN,NaN,NaN
344.22,-11.874,-9.4116,58.889,0.60101,-4.3322,-11.672,-43.407,-3.0988,-25.663,0,0,0,NaN,NaN,NaN,NaN,NaN,NaN,NaN,NaN,NaN,47.669,0,2871,0.0075089,NaN,NaN,25.797,NaN,15.721,97631,11.625,0.096874,-3.9225,-13.292,-38.716,-3.2108,-23.806,NaN,NaN,NaN,NaN,NaN
344.22,-11.97,-9.4411,58.831,0.18976,-4.1794,-14.643,-42.829,-6.9019,-25.339,0,0,0,NaN,NaN,NaN,NaN,NaN,NaN,NaN,NaN,NaN,47.669,0,2871,0.0075089,NaN,NaN,NaN,NaN,NaN,-1,-1,0.11433,-3.9171,-13.273,-38.454,-3.1223,-23.435,NaN,NaN,NaN,NaN,NaN
344.22,-12.066,-9.4597,58.771,-0.53952,-3.1829,-14.834,-42.575,-2.4585,-25.019,0.41225,0.43847,-0.92543,NaN,NaN,NaN,NaN,NaN,NaN,NaN,NaN,NaN,47.669,0,2871,0.0075089,NaN,NaN,NaN,NaN,15.925,97640,11.688,0.099913,-3.9079,-13.27,-38.253,-3.4543,-23.07,NaN,NaN,NaN,NaN,NaN
344.23,-12.16,-9.4754,58.712,0.68502,-5.4876,-12.793,-42.033,-1.3075,-24.763,0,0,0,NaN,NaN,NaN,NaN,NaN,NaN,NaN,NaN,NaN,47.669,0,2871,0.0075089,NaN,NaN,NaN,NaN,NaN,-1,-1,0.10509,-3.9121,-13.237,-38.082,-3.6142,-22.727,NaN,NaN,NaN,NaN,NaN
344.23,-12.254,-9.5038,58.654,0.20458,-4.1406,-11.343,-41.68,-6.3774,-24.944,0,0,0,NaN,NaN,NaN,NaN,NaN,NaN,NaN,NaN,NaN,47.669,0,2871,0.0075089,0.79551,2.522,25.848,-0.0016648,NaN,-1,-1,0.10262,-3.8666,-13.122,-37.954,-3.5325,-22.402,NaN,NaN,NaN,NaN,NaN
344.23,0,0,0,0,0,0,0,0,0,0,0,0,NaN,NaN,NaN,NaN,NaN,NaN,NaN,NaN,NaN,47.669,0,2871,0.0075089,NaN,NaN,NaN,NaN,15.947,97613,11.563,0.10265,-3.8412,-13.115,-37.811,-3.7039,-22.101,NaN,NaN,NaN,NaN,NaN
344.23,-12.436,-9.5467,58.54,-0.17409,-5.2249,-13.921,-40.309,-1.3485,-24.011,0.40743,0.4485,-0.91918,NaN,NaN,NaN,NaN,NaN,NaN,NaN,NaN,NaN,47.669,0,2871,0.0075089,NaN,NaN,NaN,NaN,NaN,-1,-1,0.098315,-3.8561,-13.096,-37.704,-3.9436,-21.815,NaN,NaN,NaN,NaN,NaN
344.24,-12.53,-9.5691,58.486,0.1736,-3.5349,-12.215,-41.302,-4.1794,-23.36,0,0,0,NaN,NaN,NaN,NaN,NaN,NaN,NaN,NaN,NaN,47.669,0,2871,0.0075089,NaN,NaN,NaN,NaN,NaN,-1,-1,0.098251,-3.8332,-13.073,-37.61,-3.9731,-21.557,NaN,NaN,NaN,NaN,NaN
344.24,-12.621,-9.5948,58.432,0.000336,-2.6132,-14.386,-40.69,-5.4942,-23.406,0,0,0,NaN,NaN,NaN,NaN,NaN,NaN,NaN,NaN,NaN,47.669,0,2871,0.0075089,NaN,NaN,NaN,NaN,15.82,97606,11.5,0.099519,-3.829,-13.081,-37.532,-4.0541,-21.317,NaN,NaN,NaN,NaN,NaN
344.24,-12.713,-9.6167,58.378,-0.062181,-4.6576,-14.21,-40.702,-3.925,-23.283,0,0,0,NaN,NaN,NaN,NaN,NaN,NaN,NaN,NaN,NaN,47.669,0,2871,0.0075089,0.72544,2.5972,25.787,0.097392,NaN,-1,-1,0.094559,-3.8352,-13.058,-37.519,-4.2775,-21.11,NaN,NaN,NaN,NaN,NaN
344.24,0,0,0,0,0,0,0,0,0,0,0,0,NaN,NaN,NaN,NaN,NaN,NaN,NaN,NaN,NaN,47.669,0,2871,0.0075089,0.72544,2.5972,25.787,0.097392,15.771,97613,11.563,0.082734,-3.8116,-13.055,-37.514,-4.3722,-20.91,NaN,NaN,NaN,NaN,NaN
344.25,-12.807,-9.6404,58.324,0.8694,-3.8323,-15.288,-41.623,-4.6792,-23.221,0.41196,0.456,-0.91209,NaN,NaN,NaN,NaN,NaN,NaN,NaN,NaN,NaN,47.669,0,2871,0.0075089,NaN,NaN,NaN,NaN,NaN,-1,-1,0.082932,-3.8126,-13.047,-37.52,-4.4636,-20.724,NaN,NaN,NaN,NaN,NaN
344.25,-12.998,-9.6862,58.217,0.48267,-4.1016,-12.456,-42.185,-5.0613,-23.053,0,0,0,NaN,NaN,NaN,NaN,NaN,NaN,NaN,NaN,NaN,47.669,0,2871,0.0075089,NaN,NaN,NaN,NaN,NaN,-1,-1,0.0851,-3.8379,-13.155,-37.589,-4.5857,-20.533,NaN,NaN,NaN,NaN,NaN
344.25,-13.096,-9.7162,58.166,-0.072737,-4.4066,-15.737,-42.941,-7.1963,-22.755,0,0,0,NaN,NaN,NaN,NaN,NaN,NaN,NaN,NaN,NaN,47.669,0,2871,0.0075089,NaN,NaN,NaN,NaN,16.897,97629,11.625,0.075972,-3.8192,-13.144,-37.666,-4.7459,-20.377,NaN,NaN,NaN,NaN,NaN
344.25,-13.288,-9.7606,58.061,0.52367,-4.1504,-13.34,-42.146,-4.8878,-22.691,0,0,0,NaN,NaN,NaN,NaN,NaN,NaN,NaN,NaN,NaN,47.669,0,2871,0.0075089,0.7873,2.5101,25.847,0.0083241,NaN,-1,-1,0.075308,-3.822,-13.132,-37.774,-4.8427,-20.234,NaN,NaN,NaN,NaN,NaN
344.26,-13.383,-9.7907,58.011,0.092716,-4.195,-13.064,-41.609,-7.2704,-22.189,0,0,0,NaN,NaN,NaN,NaN,NaN,NaN,NaN,NaN,NaN,47.669,0,2871,0.0075089,NaN,NaN,NaN,NaN,NaN,-1,-1,0.074225,-3.8084,-13.113,-37.941,-4.9209,-20.11,NaN,NaN,NaN,NaN,NaN
344.26,-13.467,-9.8208,57.894,0.26493,-5.011,-13.208,-39.955,-4.8296,-21.807,0.42834,0.46082,-0.90617,NaN,NaN,NaN,NaN,NaN,NaN,NaN,NaN,NaN,47.669,0,2871,0.0075089,NaN,NaN,NaN,NaN,15.822,97609,11.563,0.065116,-3.7809,-13.115,-38.143,-5.0616,-20.026,NaN,NaN,NaN,NaN,NaN
344.26,-13.559,-9.8497,57.847,-0.41323,-3.7291,-13.148,-40.282,-6.9963,-21.103,0,0,0,NaN,NaN,NaN,NaN,NaN,NaN,NaN,NaN,NaN,47.669,0,2871,0.0075089,NaN,NaN,NaN,NaN,NaN,-1,-1,0.057642,-3.8079,-13.233,-38.347,-5.2082,-19.948,NaN,NaN,NaN,NaN,NaN
344.26,-13.651,-9.8683,57.799,-0.30623,-3.721,-14.008,-40.454,-2.8232,-20.801,0,0,0,NaN,NaN,NaN,NaN,NaN,NaN,NaN,NaN,NaN,47.669,0,2871,0.0075089,NaN,NaN,NaN,NaN,17.131,97631,11.625,0.063048,-3.8174,-13.213,-38.596,-5.3151,-19.88,NaN,NaN,NaN,NaN,NaN
344.27,-13.743,-9.8981,57.753,1.0282,-3.9563,-11.739,-40.472,-7.3909,-20.792,0,0,0,NaN,NaN,NaN,NaN,NaN,NaN,NaN,NaN,NaN,47.669,0,2871,0.0075089,NaN,NaN,NaN,NaN,NaN,-1,-1,0.058752,-3.8094,-13.244,-38.845,-5.4607,-19.846,NaN,NaN,NaN,NaN,NaN
344.27,-13.837,-9.9293,57.708,0.33322,-3.1391,-17.032,-40.8,-8.0271,-20.499,0.44413,0.46372,-0.89139,NaN,NaN,NaN,NaN,NaN,NaN,NaN,NaN,NaN,47.669,0,2871,0.0075089,0.72982,2.6079,25.778,0.090733,NaN,-1,-1,0.058139,-3.8256,-13.235,-39.094,-5.4845,-19.816,NaN,NaN,NaN,NaN,NaN
344.27,-13.93,-9.9465,57.66,-1.4324,-3.9012,-13.215,-41.197,-2.1984,-20.692,0,0,0,NaN,NaN,NaN,NaN,NaN,NaN,NaN,NaN,NaN,47.669,0,2871,0.0075089,NaN,NaN,NaN,NaN,14.939,97605,11.5,0.053481,-3.8277,-13.241,-39.395,-5.5609,-19.808,NaN,NaN,NaN,NaN,NaN
344.27,-14.026,-9.9712,57.614,1.466,-4.4626,-10.168,-41.782,-5.3083,-20.322,0,0,0,NaN,NaN,NaN,NaN,NaN,NaN,NaN,NaN,NaN,47.669,0,2871,0.0075089,NaN,NaN,NaN,NaN,NaN,-1,-1,0.041823,-3.8039,-13.236,-39.693,-5.8074,-19.807,NaN,NaN,NaN,NaN,NaN
344.28,-14.123,-10.01,57.572,-0.35089,-3.0305,-15.751,-42.056,-11.12,-20.36,0,0,0,NaN,NaN,NaN,NaN,NaN,NaN,NaN,NaN,NaN,47.669,0,2871,0.0075089,NaN,NaN,NaN,NaN,NaN,-1,-1,0.04631,-3.8083,-13.251,-40.02,-5.952,-19.827,NaN,NaN,NaN,NaN,NaN
344.28,-14.217,-10.026,57.523,-1.196,-3.0721,-14.237,-41.561,-1.5959,-20.314,0.42817,0.47331,-0.89728,NaN,NaN,NaN,NaN,NaN,NaN,NaN,NaN,NaN,47.669,0,2871,0.0075089,NaN,NaN,NaN,NaN,15.312,97620,11.625,0.042594,-3.8013,-13.243,-40.39,-5.9815,-19.864,NaN,NaN,NaN,NaN,NaN
344.28,-14.312,-10.048,57.477,1.1049,-4.7573,-11.451,-41.372,-4.1276,-20.193,0,0,0,NaN,NaN,NaN,NaN,NaN,NaN,NaN,NaN,NaN,47.669,0,2871,0.0075089,0.73474,2.6055,NaN,0.077414,NaN,-1,-1,0.047011,-3.7854,-13.238,-40.816,-6.2029,-19.912,NaN,NaN,NaN,NaN,NaN
344.28,-14.405,-10.087,57.437,0.26475,-4.3082,-12.685,-40.509,-11.419,-19.951,0,0,0,NaN,NaN,NaN,NaN,NaN,NaN,NaN,NaN,NaN,47.669,0,2871,0.0075089,NaN,NaN,25.803,NaN,15.599,97643,11.75,0.037799,-3.7782,-13.233,-41.267,-6.3487,-19.974,NaN,NaN,NaN,NaN,NaN
344.29,-14.496,-10.11,57.393,-0.26073,-3.5851,-18.276,-39.96,-4.572,-19.536,0,0,0,NaN,NaN,NaN,NaN,NaN,NaN,NaN,NaN,NaN,47.669,0,2871,0.0075089,NaN,NaN,NaN,NaN,NaN,-1,-1,0.038447,-3.776,-13.243,-41.786,-6.3517,-20.069,NaN,NaN,NaN,NaN,NaN
344.29,-14.586,-10.128,57.348,0.23328,-5.4725,-11.57,-39.442,-2.5101,-19.252,0.4348,0.48103,-0.88555,NaN,NaN,NaN,NaN,NaN,NaN,NaN,NaN,NaN,47.669,0,2871,0.0075089,NaN,NaN,NaN,NaN,NaN,-1,-1,0.032503,-3.7725,-13.256,-40.793,-6.335,-19.262,NaN,NaN,NaN,NaN,NaN
344.29,-14.677,-10.161,57.308,0.093656,-3.616,-12.16,-39.625,-8.9568,-18.871,0,0,0,NaN,NaN,NaN,NaN,NaN,NaN,NaN,NaN,NaN,47.63,0,2836.7,0.0053322,NaN,NaN,NaN,NaN,16.703,97605,11.5,0.038713,-3.7678,-13.227,-40.969,-6.5088,-19.177,NaN,NaN,NaN,NaN,NaN
344.29,-14.768,-10.188,57.268,-0.54993,-2.3203,-15.049,-39.704,-6.4981,-18.561,0,0,0,NaN,NaN,NaN,NaN,NaN,NaN,NaN,NaN,NaN,47.63,0,2836.7,0.0053322,NaN,NaN,NaN,NaN,NaN,-1,-1,0.040366,-3.7606,-13.21,-41.168,-6.4571,-19.094,NaN,NaN,NaN,NaN,NaN
344.3,-14.859,-10.21,57.227,0.19188,-4.0004,-13.181,-39.665,-4.65,-18.371,0,0,0,NaN,NaN,NaN,NaN,NaN,NaN,NaN,NaN,NaN,47.63,0,2836.7,0.0053322,0.79935,2.5149,25.854,0.010821,NaN,-1,-1,0.033159,-3.7665,-13.228,-41.343,-6.4879,-19.006,NaN,NaN,NaN,NaN,NaN
344.3,-14.953,-10.239,57.188,0.47951,-2.9782,-13.401,-40.416,-7.3174,-18.204,0.43938,0.47616,-0.88514,NaN,NaN,NaN,NaN,NaN,NaN,NaN,NaN,NaN,47.63,0,2836.7,0.0053322,NaN,NaN,NaN,NaN,16.394,97643,11.688,0.032062,-3.7662,-13.213,-41.486,-6.6435,-18.935,NaN,NaN,NaN,NaN,NaN
344.3,-15.047,-10.266,57.148,-0.68966,-3.6909,-12.58,-40.96,-6.5329,-18.281,0,0,0,NaN,NaN,NaN,NaN,NaN,NaN,NaN,NaN,NaN,47.63,0,2836.7,0.0053322,NaN,NaN,NaN,NaN,NaN,-1,-1,0.034752,-3.7602,-13.201,-40.105,-6.5453,-18.026,NaN,NaN,NaN,NaN,NaN
344.3,-15.141,-10.292,57.109,0.30484,-4.5872,-12.524,-40.914,-5.7838,-18.061,0,0,0,NaN,NaN,NaN,NaN,NaN,NaN,NaN,NaN,NaN,47.63,0,2836.7,0.0053322,NaN,NaN,NaN,NaN,16.023,97649,11.688,0.018601,-3.7441,-13.206,-39.979,-6.5003,-17.81,NaN,NaN,NaN,NaN,NaN
344.31,-15.238,-10.323,57.072,0.081039,-4.3126,-13.975,-41.565,-8.2032,-17.782,0,0,0,NaN,NaN,NaN,NaN,NaN,NaN,NaN,NaN,NaN,47.63,0,2836.7,0.0053322,NaN,NaN,NaN,NaN,NaN,-1,-1,0.017306,-3.7391,-13.192,-39.865,-6.6116,-17.609,NaN,NaN,NaN,NaN,NaN
344.31,-15.333,-10.348,57.034,-0.47484,-3.5456,-14.332,-41.289,-6.1557,-17.454,0.44371,0.48138,-0.87584,NaN,NaN,NaN,NaN,NaN,NaN,NaN,NaN,NaN,47.63,0,2836.7,0.0053322,0.73365,2.6175,25.482,0.092398,NaN,-1,-1,0.025711,-3.7282,-13.182,-39.805,-6.6528,-17.411,NaN,NaN,NaN,NaN,NaN
344.31,-15.426,-10.372,56.996,0.27029,-3.7238,-12.611,-40.02,-5.2702,-17.325,0,0,0,NaN,NaN,NaN,NaN,NaN,NaN,NaN,NaN,NaN,47.63,0,2836.7,0.0053322,0.73365,2.6175,25.482,0.092398,14.863,97660,11.75,0.015088,-3.7221,-13.181,-39.748,-6.6501,-17.229,NaN,NaN,NaN,NaN,NaN
344.31,-15.517,-10.404,56.963,0.2418,-4.3183,-13.042,-39.279,-8.8157,-16.645,0,0,0,NaN,NaN,NaN,NaN,NaN,NaN,NaN,NaN,NaN,47.63,0,2836.7,0.0053322,NaN,NaN,NaN,NaN,NaN,-1,-1,0.014552,-3.7023,-13.175,-39.691,-6.8574,-17.034,NaN,NaN,NaN,NaN,NaN
344.32,-15.607,-10.43,56.927,0.11861,-3.3347,-14.575,-38.877,-6.2079,-16.724,0,0,0,NaN,NaN,NaN,NaN,NaN,NaN,NaN,NaN,NaN,47.63,0,2836.7,0.0053322,NaN,NaN,NaN,NaN,NaN,-1,-1,0.012201,-3.7089,-13.159,-39.612,-6.8301,-16.837,NaN,NaN,NaN,NaN,NaN
344.32,-15.693,-10.456,56.891,-0.056363,-3.8402,-13.128,-37.61,-6.6368,-16.871,0.4514,0.49798,-0.87738,NaN,NaN,NaN,NaN,NaN,NaN,NaN,NaN,NaN,47.63,0,2836.7,0.0053322,NaN,NaN,NaN,NaN,15.466,97629,11.625,0.0065591,-3.6994,-13.149,-39.538,-6.872,-16.621,NaN,NaN,NaN,NaN,NaN
344.32,-15.782,-10.485,56.858,-0.41349,-3.7116,-13.323,-38.103,-7.6565,-15.97,0,0,0,NaN,NaN,NaN,NaN,NaN,NaN,NaN,NaN,NaN,47.63,0,2836.7,0.0053322,NaN,NaN,NaN,NaN,15.621,97640,11.688,0.0087703,-3.687,-13.122,-39.43,-6.8112,-16.413,NaN,NaN,NaN,NaN,NaN
344.32,-15.962,-10.537,56.79,0.29827,-3.6374,-12.049,-38.943,-7.9826,-16.135,0,0,0,NaN,NaN,NaN,NaN,NaN,NaN,NaN,NaN,NaN,47.63,0,2836.7,0.0053322,0.73858,2.6085,25.488,0.06576,NaN,-1,-1,0.0092145,-3.6931,-13.114,-39.304,-6.9001,-16.194,NaN,NaN,NaN,NaN,NaN
344.33,-16.053,-10.571,56.759,0.46773,-2.891,-16.578,-38.915,-9.9568,-15.727,0.44353,0.48895,-0.86918,NaN,NaN,NaN,NaN,NaN,NaN,NaN,NaN,NaN,47.63,0,2836.7,0.0053322,NaN,NaN,NaN,NaN,NaN,-1,-1,0.00075863,-3.6979,-13.103,-39.16,-7.0756,-15.978,NaN,NaN,NaN,NaN,NaN
344.33,-16.144,-10.588,56.723,-0.99863,-4.8934,-12.398,-39.673,-2.6055,-15.979,0,0,0,NaN,NaN,NaN,NaN,NaN,NaN,NaN,NaN,NaN,47.63,0,2836.7,0.0053322,NaN,NaN,NaN,NaN,NaN,-1,-1,0.0039115,-3.69,-13.086,-39.03,-6.9709,-15.769,NaN,NaN,NaN,NaN,NaN
344.33,-16.239,-10.612,56.69,0.66929,-4.9483,-10.167,-40.869,-5.4507,-15.53,0,0,0,NaN,NaN,NaN,NaN,NaN,NaN,NaN,NaN,NaN,47.63,0,2836.7,0.0053322,NaN,NaN,NaN,NaN,16.045,97625,11.563,-0.012928,-3.6755,-13.08,-38.948,-7.0127,-15.563,NaN,NaN,NaN,NaN,NaN
344.33,-16.334,-10.654,56.664,0.078026,-2.9054,-14.161,-40.363,-13.439,-15.19,0,0,0,NaN,NaN,NaN,NaN,NaN,NaN,NaN,NaN,NaN,47.63,0,2836.7,0.0053322,NaN,NaN,NaN,NaN,NaN,-1,-1,-0.017824,-3.6728,-13.072,-38.873,-7.3468,-15.366,NaN,NaN,NaN,NaN,NaN
344.34,-16.426,-10.673,56.63,-1.1745,-3.74,-15.428,-39.581,-3.6911,-15.065,0.46928,0.49616,-0.86019,NaN,NaN,NaN,NaN,NaN,NaN,NaN,NaN,NaN,47.63,0,2836.7,0.0053322,0.72379,2.5996,24.02,0.10905,NaN,-1,-1,-0.0087047,-3.662,-13.045,-38.811,-7.1632,-15.187,NaN,NaN,NaN,NaN,NaN
344.34,-16.517,-10.691,56.598,0.552,-3.7892,-10.56,-39.176,-3.482,-14.905,0,0,0,NaN,NaN,NaN,NaN,NaN,NaN,NaN,NaN,NaN,47.63,0,2836.7,0.0053322,NaN,NaN,NaN,NaN,14.914,97637,11.625,-0.017784,-3.6569,-13.053,-38.778,-7.1405,-15,NaN,NaN,NaN,NaN,NaN
344.34,-16.605,-10.732,56.572,0.42669,-2.8669,-12.395,-37.456,-12.939,-14.64,0,0,0,NaN,NaN,NaN,NaN,NaN,NaN,NaN,NaN,NaN,47.63,0,2836.7,0.0053322,NaN,NaN,NaN,NaN,NaN,-1,-1,-0.021947,-3.6647,-13.017,-38.711,-7.5248,-14.826,NaN,NaN,NaN,NaN,NaN
344.34,-16.691,-10.76,56.544,-0.46406,-3.6156,-17.399,-36.611,-7.5102,-14.484,0,0,0,NaN,NaN,NaN,NaN,NaN,NaN,NaN,NaN,NaN,47.63,0,2836.7,0.0053322,NaN,NaN,NaN,NaN,16.394,97641,11.688,-0.018059,-3.6614,-12.985,-38.643,-7.4451,-14.638,NaN,NaN,NaN,NaN,NaN
344.35,-16.776,-10.774,56.51,0.02738,-4.6462,-11.78,-37.226,-1.6491,-14.515,0.45581,0.51052,-0.86585,NaN,NaN,NaN,NaN,NaN,NaN,NaN,NaN,NaN,47.63,0,2836.7,0.0053322,0.73803,2.6157,21.083,0.067425,NaN,-1,-1,-0.025198,-3.6558,-12.981,-38.558,-7.3055,-14.442,NaN,NaN,NaN,NaN,NaN
344.35,-16.864,-10.809,56.485,0.072473,-3.1195,-10.545,-37.391,-10.481,-14.051,0,0,0,NaN,NaN,NaN,NaN,NaN,NaN,NaN,NaN,NaN,47.63,0,2836.7,0.0053322,0.73803,2.6157,21.083,0.067425,NaN,-1,-1,-0.025182,-3.6498,-12.959,-38.428,-7.5043,-14.256,NaN,NaN,NaN,NaN,NaN
344.35,-16.952,-10.842,56.458,-0.77013,-2.8014,-14.603,-37.513,-9.9128,-14.505,0,0,0,NaN,NaN,NaN,NaN,NaN,NaN,NaN,NaN,NaN,47.63,0,2836.7,0.0053322,NaN,NaN,NaN,NaN,15.439,97633,11.625,-0.022916,-3.6381,-12.925,-38.302,-7.5362,-14.06,NaN,NaN,NaN,NaN,NaN
344.35,-17.042,-10.863,56.428,-0.20347,-3.76,-13.975,-38.538,-4.4612,-14.223,0,0,0,NaN,NaN,NaN,NaN,NaN,NaN,NaN,NaN,NaN,47.63,0,2836.7,0.0053322,NaN,NaN,NaN,NaN,NaN,-1,-1,-0.036977,-3.6307,-12.93,-38.152,-7.5857,-13.87,NaN,NaN,NaN,NaN,NaN
344.36,-17.134,-10.889,56.4,1.0419,-3.1129,-12.215,-39.122,-7.0167,-13.717,0.46176,0.49914,-0.85196,NaN,NaN,NaN,NaN,NaN,NaN,NaN,NaN,NaN,47.63,0,2836.7,0.0053322,NaN,NaN,NaN,NaN,NaN,-1,-1,-0.031547,-3.6256,-12.911,-38.029,-7.7282,-13.676,NaN,NaN,NaN,NaN,NaN
344.36,-17.225,-10.922,56.375,-0.62941,-4.177,-13.009,-38.777,-9.602,-13.822,0,0,0,NaN,NaN,NaN,NaN,NaN,NaN,NaN,NaN,NaN,47.63,0,2836.7,0.0053322,NaN,NaN,NaN,NaN,16.094,97608,11.5,-0.050152,-3.6052,-12.927,-37.937,-7.792,-13.504,NaN,NaN,NaN,NaN,NaN
344.36,-17.317,-10.943,56.347,-0.26381,-4.7155,-13.533,-39.243,-5.1085,-13.372,0,0,0,NaN,NaN,NaN,NaN,NaN,NaN,NaN,NaN,NaN,47.63,0,2836.7,0.0053322,0.74788,2.6151,19.594,0.081576,NaN,-1,-1,-0.05524,-3.5977,-12.911,-37.851,-7.8922,-13.322,NaN,NaN,NaN,NaN,NaN
344.36,-17.408,-10.975,56.324,0.73291,-3.4831,-12.569,-38.786,-9.3825,-13.17,0,0,0,NaN,NaN,NaN,NaN,NaN,NaN,NaN,NaN,NaN,47.63,0,2836.7,0.0053322,NaN,NaN,NaN,NaN,15.494,97634,11.688,-0.045895,-3.5926,-12.882,-37.807,-7.9898,-13.143,NaN,NaN,NaN,NaN,NaN
344.37,-17.498,-11.005,56.3,-0.49059,-3.5324,-14.585,-38.22,-8.8012,-12.765,0.4714,0.51114,-0.84886,NaN,NaN,NaN,NaN,NaN,NaN,NaN,NaN,NaN,47.63,0,2836.7,0.0053322,NaN,NaN,NaN,NaN,NaN,-1,-1,-0.053842,-3.5759,-12.886,-37.806,-7.9608,-12.957,NaN,NaN,NaN,NaN,NaN
344.37,-17.587,-11.026,56.274,-0.43456,-3.5719,-13.814,-37.808,-4.7858,-12.767,0,0,0,NaN,NaN,NaN,NaN,NaN,NaN,NaN,NaN,NaN,47.63,0,2836.7,0.0053322,NaN,NaN,NaN,NaN,NaN,-1,-1,-0.057856,-3.5809,-12.878,-37.768,-8.0994,-12.771,NaN,NaN,NaN,NaN,NaN
344.37,-17.673,-11.057,56.252,0.33961,-2.5679,-10.953,-36.531,-9.2998,-12.574,0,0,0,NaN,NaN,NaN,NaN,NaN,NaN,NaN,NaN,NaN,47.63,0,2836.7,0.0053322,NaN,NaN,NaN,NaN,15.258,97612,11.563,-0.062039,-3.5774,-12.837,-37.696,-8.2978,-12.561,NaN,NaN,NaN,NaN,NaN
344.37,-17.758,-11.089,56.23,-0.091541,-3.2054,-15.35,-36.137,-9.8306,-12.455,0,0,0,NaN,NaN,NaN,NaN,NaN,NaN,NaN,NaN,NaN,47.63,0,2836.7,0.0053322,0.72653,2.6038,19.581,0.10155,NaN,-1,-1,-0.067127,-3.5549,-12.852,-37.644,-8.1761,-12.368,NaN,NaN,NaN,NaN,NaN
344.38,-17.931,-11.144,56.185,0.18862,-3.3436,-12.692,-36.875,-8.8572,-11.881,0,0,0,NaN,NaN,NaN,NaN,NaN,NaN,NaN,NaN,NaN,47.63,0,2836.7,0.0053322,0.72653,2.6038,19.581,0.10155,NaN,-1,-1,-0.070569,-3.5456,-12.846,-37.514,-8.2422,-12.171,NaN,NaN,NaN,NaN,NaN
344.38,-18.019,-11.174,56.164,-0.75431,-3.0347,-12.377,-37.162,-8.9808,-12.12,0,0,0,NaN,NaN,NaN,NaN,NaN,NaN,NaN,NaN,NaN,47.63,0,2836.7,0.0053322,NaN,NaN,NaN,NaN,16.097,97634,11.625,-0.072273,-3.5452,-12.813,-37.345,-8.4547,-11.967,NaN,NaN,NaN,NaN,NaN
344.38,-18.109,-11.201,56.142,0.24482,-3.9031,-13.467,-37.963,-7.4629,-11.755,0,0,0,NaN,NaN,NaN,NaN,NaN,NaN,NaN,NaN,NaN,47.63,0,2836.7,0.0053322,NaN,NaN,NaN,NaN,NaN,-1,-1,-0.082932,-3.5276,-12.797,-37.186,-8.4632,-11.77,NaN,NaN,NaN,NaN,NaN
344.38,-18.199,-11.233,56.123,0.39795,-3.4816,-13.742,-38.057,-9.9645,-11.764,0.46393,0.50667,-0.84508,NaN,NaN,NaN,NaN,NaN,NaN,NaN,NaN,NaN,47.63,0,2836.7,0.0053322,NaN,NaN,NaN,NaN,15.897,97634,11.625,-0.088189,-3.5306,-12.776,-37.041,-8.6078,-11.552,NaN,NaN,NaN,NaN,NaN
344.39,-18.288,-11.261,56.103,-0.29726,-2.8819,-12.87,-37.4,-8.3986,-11.34,0,0,0,NaN,NaN,NaN,NaN,NaN,NaN,NaN,NaN,NaN,47.63,0,2836.7,0.0053322,NaN,NaN,NaN,NaN,NaN,-1,-1,-0.086742,-3.5141,-12.761,-36.888,-8.6006,-11.351,NaN,NaN,NaN,NaN,NaN
344.39,-18.377,-11.283,56.081,-0.17593,-5.0689,-11.467,-37.792,-5.6609,-11.164,0,0,0,NaN,NaN,NaN,NaN,NaN,NaN,NaN,NaN,NaN,47.63,0,2836.7,0.0053322,0.78675,2.5166,18.395,0.0033296,NaN,-1,-1,-0.092919,-3.5046,-12.758,-36.813,-8.4951,-11.151,NaN,NaN,NaN,NaN,NaN
344.39,-18.466,-11.319,56.066,0.54013,-3.481,-11.051,-37.211,-11.782,-10.622,0,0,0,NaN,NaN,NaN,NaN,NaN,NaN,NaN,NaN,NaN,47.63,0,2836.7,0.0053322,NaN,NaN,NaN,NaN,15.283,97636,11.625,-0.098512,-3.5003,-12.74,-36.759,-8.7834,-10.935,NaN,NaN,NaN,NaN,NaN
344.39,-18.552,-11.349,56.048,-0.81969,-2.7618,-16.218,-36.259,-9.2259,-10.832,0.47082,0.51414,-0.83779,NaN,NaN,NaN,NaN,NaN,NaN,NaN,NaN,NaN,47.63,0,2836.7,0.0053322,NaN,NaN,NaN,NaN,NaN,-1,-1,-0.089557,-3.5025,-12.7,-36.691,-8.7644,-10.729,NaN,NaN,NaN,NaN,NaN
344.4,-18.639,-11.366,56.028,-0.31841,-3.9998,-11.549,-36.377,-4.2929,-10.291,0,0,0,NaN,NaN,NaN,NaN,NaN,NaN,NaN,NaN,NaN,47.63,0,2836.7,0.0053322,NaN,NaN,NaN,NaN,NaN,-1,-1,-0.1023,-3.4924,-12.706,-36.618,-8.5375,-10.528,NaN,NaN,NaN,NaN,NaN
344.4,-18.724,-11.402,56.014,0.34167,-3.4696,-11.609,-35.607,-11.599,-10.359,0,0,0,NaN,NaN,NaN,NaN,NaN,NaN,NaN,NaN,NaN,47.63,0,2836.7,0.0053322,NaN,NaN,NaN,NaN,15.543,97647,11.688,-0.10546,-3.4821,-12.703,-36.543,-8.7566,-10.323,NaN,NaN,NaN,NaN,NaN
344.4,-18.808,-11.436,55.999,-0.43437,-2.7835,-14.484,-35.155,-11.353,-10.425,0,0,0,NaN,NaN,NaN,NaN,NaN,NaN,NaN,NaN,NaN,47.62,0,2806.7,0.0064211,NaN,NaN,NaN,NaN,16.339,97615,11.5,-0.10973,-3.4865,-12.643,-36.427,-8.7548,-10.105,NaN,NaN,NaN,NaN,NaN
344.4,-18.978,-11.484,55.964,0.1303,-4.8343,-11.645,-36.301,-7.6979,-9.819,0,0,0,NaN,NaN,NaN,NaN,NaN,NaN,NaN,NaN,NaN,47.62,0,2806.7,0.0064211,NaN,NaN,NaN,NaN,NaN,-1,-1,-0.11346,-3.468,-12.623,-36.324,-8.5367,-9.8895,NaN,NaN,NaN,NaN,NaN
344.41,-19.064,-11.516,55.95,-0.51645,-2.6401,-11.526,-36.074,-10.585,-9.7846,0,0,0,NaN,NaN,NaN,NaN,NaN,NaN,NaN,NaN,NaN,47.62,0,2806.7,0.0064211,NaN,NaN,NaN,NaN,NaN,-1,-1,-0.11264,-3.4712,-12.619,-36.211,-8.7297,-9.6508,NaN,NaN,NaN,NaN,NaN
344.41,-19.152,-11.543,55.936,-0.30541,-3.2437,-14.544,-36.614,-8.1077,-9.3856,0,0,0,NaN,NaN,NaN,NaN,NaN,NaN,NaN,NaN,NaN,47.62,0,2806.7,0.0064211,NaN,NaN,NaN,NaN,NaN,-1,-1,-0.12113,-3.459,-12.604,-36.078,-8.8431,-9.446,NaN,NaN,NaN,NaN,NaN
344.41,-19.239,-11.568,55.921,0.47105,-4.3005,-11.732,-36.611,-7.6191,-9.3022,0.47295,0.52913,-0.82646,NaN,NaN,NaN,NaN,NaN,NaN,NaN,NaN,NaN,47.62,0,2806.7,0.0064211,NaN,NaN,NaN,NaN,16.122,97676,11.75,-0.12777,-3.4579,-12.589,-36.997,-9.0226,-9.3654,NaN,NaN,NaN,NaN,NaN
344.41,-19.327,-11.596,55.908,0.32551,-2.7592,-13.147,-36.389,-9.127,-8.7232,0,0,0,NaN,NaN,NaN,NaN,NaN,NaN,NaN,NaN,NaN,47.62,0,2806.7,0.0064211,0.73529,2.6121,15.535,0.07242,NaN,-1,-1,-0.12361,-3.4506,-12.578,-36.687,-8.9622,-9.115,NaN,NaN,NaN,NaN,NaN
344.42,-19.414,-11.619,55.894,-0.82236,-4.1518,-11.087,-36.481,-6.9596,-8.786,0,0,0,NaN,NaN,NaN,NaN,NaN,NaN,NaN,NaN,NaN,47.62,0,2806.7,0.0064211,NaN,NaN,NaN,NaN,NaN,-1,-1,-0.13299,-3.4436,-12.562,-36.378,-8.9365,-8.8852,NaN,NaN,NaN,NaN,NaN
344.42,-19.502,-11.647,55.883,0.23251,-4.0301,-11.14,-36.213,-9.3273,-8.4113,0,0,0,NaN,NaN,NaN,NaN,NaN,NaN,NaN,NaN,NaN,47.62,0,2806.7,0.0064211,NaN,NaN,NaN,NaN,15.849,97642,11.688,-0.1434,-3.4319,-12.542,-36.103,-8.8304,-8.6321,NaN,NaN,NaN,NaN,NaN
344.42,-19.586,-11.681,55.874,-0.22435,-2.9294,-15.28,-35.002,-11.456,-8.2714,0.45186,0.5293,-0.83059,NaN,NaN,NaN,NaN,NaN,NaN,NaN,NaN,NaN,47.62,0,2806.7,0.0064211,NaN,NaN,NaN,NaN,NaN,-1,-1,-0.14353,-3.4202,-12.518,-35.836,-8.8785,-8.3885,NaN,NaN,NaN,NaN,NaN
344.42,-19.67,-11.699,55.859,-1.0062,-3.7648,-13.594,-34.84,-5.1162,-8.1125,0,0,0,NaN,NaN,NaN,NaN,NaN,NaN,NaN,NaN,NaN,47.62,0,2806.7,0.0064211,NaN,NaN,NaN,NaN,16.147,97674,11.75,-0.14895,-3.404,-12.505,-36.586,-9.0952,-8.2301,NaN,NaN,NaN,NaN,NaN
344.43,-19.754,-11.72,55.846,0.072428,-3.5463,-11.088,-34.976,-6.1377,-8.1287,0,0,0,NaN,NaN,NaN,NaN,NaN,NaN,NaN,NaN,NaN,47.62,0,2806.7,0.0064211,NaN,NaN,NaN,NaN,NaN,-1,-1,-0.15292,-3.4026,-12.472,-36.088,-8.725,-7.9675,NaN,NaN,NaN,NaN,NaN
344.43,-19.836,-11.757,55.841,0.22003,-2.6577,-12.185,-33.648,-13.393,-7.5821,0,0,0,NaN,NaN,NaN,NaN,NaN,NaN,NaN,NaN,NaN,47.62,0,2806.7,0.0064211,NaN,NaN,NaN,NaN,NaN,-1,-1,-0.15458,-3.3875,-12.434,-35.596,-8.7684,-7.6984,NaN,NaN,NaN,NaN,NaN
344.43,-19.918,-11.783,55.83,-0.413,-4.1355,-15.414,-34.146,-8.4671,-7.9003,0.47971,0.53672,-0.81695,NaN,NaN,NaN,NaN,NaN,NaN,NaN,NaN,NaN,47.62,0,2806.7,0.0064211,NaN,NaN,NaN,NaN,15.868,97617,11.5,-0.14963,-3.4019,-12.426,-35.105,-8.6234,-7.4369,NaN,NaN,NaN,NaN,NaN
344.43,-20.003,-11.799,55.818,-0.040457,-4.8862,-11.759,-35.354,-4.5303,-7.1232,0,0,0,NaN,NaN,NaN,NaN,NaN,NaN,NaN,NaN,NaN,47.62,0,2806.7,0.0064211,NaN,NaN,NaN,NaN,NaN,-1,-1,-0.15535,-3.3949,-12.394,-34.685,-8.4784,-7.1632,NaN,NaN,NaN,NaN,NaN
344.44,-20.09,-11.83,55.812,-0.12332,-1.9992,-11.16,-35.805,-10.799,-6.9727,0,0,0,NaN,NaN,NaN,NaN,NaN,NaN,NaN,NaN,NaN,47.62,0,2806.7,0.0064211,NaN,NaN,NaN,NaN,NaN,-1,-1,-0.16096,-3.378,-12.376,-34.263,-8.5269,-6.899,NaN,NaN,NaN,NaN,NaN
344.44,-20.176,-11.857,55.804,-0.59098,-3.133,-14.169,-35.41,-9.3144,-7.1111,0,0,0,NaN,NaN,NaN,NaN,NaN,NaN,NaN,NaN,NaN,47.62,0,2806.7,0.0064211,NaN,NaN,NaN,NaN,15.924,97646,11.688,-0.16137,-3.358,-12.237,-33.907,-8.3322,-6.647,NaN,NaN,NaN,NaN,NaN
344.44,-20.265,-11.877,55.794,0.12453,-4.8573,-11.98,-36.648,-5.9858,-6.8434,0.47056,0.54645,-0.81777,18.381,2.1877,-3.2129,18.787,40.058,-88.551,3.6775e+05,4.4354e+06,264.52,47.62,0,2806.7,0.0064211,0.72544,2.602,14.902,0.097392,NaN,-1,-1,-0.16341,-3.35,-12.228,-33.58,-8.3851,-6.4075,16.741,8.0786,2.7295,9.2605,25.468
344.44,-20.353,-11.907,55.789,0.93137,-2.3246,-13.027,-36.128,-10.89,-6.3209,0,0,0,NaN,NaN,NaN,NaN,NaN,NaN,NaN,NaN,NaN,47.62,0,2806.7,0.0064211,NaN,NaN,NaN,NaN,16.151,97647,11.75,-0.16686,-3.344,-12.212,-33.251,-8.3033,-6.1711,NaN,NaN,NaN,NaN,NaN
344.45,-20.44,-11.93,55.782,-0.85042,-3.9191,-12.708,-35.579,-7.5731,-6.3864,0,0,0,NaN,NaN,NaN,NaN,NaN,NaN,NaN,NaN,NaN,47.62,0,2806.7,0.0064211,NaN,NaN,NaN,NaN,NaN,-1,-1,-0.18212,-3.3362,-12.201,-32.967,-8.0675,-5.9196,NaN,NaN,NaN,NaN,NaN
344.45,-20.526,-11.951,55.775,-0.39234,-5.8377,-11.45,-35.621,-6.8647,-5.8442,0,0,0,NaN,NaN,NaN,NaN,NaN,NaN,NaN,NaN,NaN,47.62,0,2806.7,0.0064211,NaN,NaN,NaN,NaN,NaN,-1,-1,-0.1806,-3.3341,-12.184,-32.679,-8.1771,-5.6531,NaN,NaN,NaN,NaN,NaN
344.45,-20.615,-11.983,55.774,-0.067166,-2.3638,-12.325,-35.77,-12.099,-5.3465,0.48673,0.54407,-0.81186,NaN,NaN,NaN,NaN,NaN,NaN,NaN,NaN,NaN,47.62,0,2806.7,0.0064211,NaN,NaN,NaN,NaN,16.219,97640,11.625,-0.18121,-3.3101,-12.086,-32.357,-8.0971,-5.4114,NaN,NaN,NaN,NaN,NaN
344.45,-20.698,-12.007,55.77,-0.6278,-2.9249,-14.428,-34.068,-8.6097,-5.0554,0,0,0,NaN,NaN,NaN,NaN,NaN,NaN,NaN,NaN,NaN,47.62,0,2806.7,0.0064211,0.7342,2.6079,15.054,0.083241,NaN,-1,-1,-0.18225,-3.3159,-12.079,-32.079,-7.8377,-5.1452,NaN,NaN,NaN,NaN,NaN
344.46,-20.866,-12.051,55.762,0.017656,-2.2286,-10.574,-33.986,-10.447,-5.0515,0,0,0,NaN,NaN,NaN,NaN,NaN,NaN,NaN,NaN,NaN,47.62,0,2806.7,0.0064211,NaN,2.6079,NaN,NaN,NaN,-1,-1,-0.18823,-3.3167,-12.06,-31.788,-7.9971,-4.8989,NaN,NaN,NaN,NaN,NaN
344.46,-20.949,-12.08,55.761,0.11688,-3.1714,-13.477,-33.728,-10.664,-4.9175,0.48648,0.54923,-0.80521,NaN,NaN,NaN,NaN,NaN,NaN,NaN,NaN,NaN,47.62,0,2806.7,0.0064211,NaN,NaN,NaN,NaN,15.969,97611,11.5,-0.1922,-3.3221,-12.028,-31.495,-8.0157,-4.6598,NaN,NaN,NaN,NaN,NaN
344.46,-21.032,-12.1,55.756,-0.48109,-4.7324,-13.01,-33.791,-6.6655,-5.0602,0,0,0,NaN,NaN,NaN,NaN,NaN,NaN,NaN,NaN,NaN,47.62,0,2806.7,0.0064211,NaN,NaN,NaN,NaN,NaN,-1,-1,-0.19497,-3.3237,-12.002,-31.273,-7.8569,-4.4111,NaN,NaN,NaN,NaN,NaN
344.46,-21.116,-12.123,55.754,0.073076,-3.032,-12.711,-34.268,-8.646,-4.4694,0,0,0,NaN,NaN,NaN,NaN,NaN,NaN,NaN,NaN,NaN,47.62,0,2806.7,0.0064211,NaN,NaN,NaN,NaN,15.695,97636,11.625,-0.20203,-3.3083,-11.995,-31.05,-7.9959,-4.1649,NaN,NaN,NaN,NaN,NaN
344.47,0,0,0,0,0,0,0,0,0,0,0,0,NaN,NaN,NaN,NaN,NaN,NaN,NaN,NaN,NaN,47.62,0,2806.7,0.0064211,NaN,NaN,NaN,NaN,NaN,-1,-1,-0.21519,-3.3032,-11.965,-30.859,-7.9886,-3.9275,NaN,NaN,NaN,NaN,NaN
344.47,-21.284,-12.169,55.751,-0.3984,-4.5299,-12.942,-33.958,-8.1682,-4.0941,0.48643,0.55668,-0.80076,NaN,NaN,NaN,NaN,NaN,NaN,NaN,NaN,NaN,47.62,0,2806.7,0.0064211,NaN,NaN,NaN,NaN,NaN,-1,-1,-0.21066,-3.2937,-11.943,-30.708,-7.8753,-3.6891,NaN,NaN,NaN,NaN,NaN
344.47,-21.369,-12.195,55.753,0.61337,-2.7281,-13.239,-34.085,-9.81,-3.5632,0,0,0,NaN,NaN,NaN,NaN,NaN,NaN,NaN,NaN,NaN,47.62,0,2806.7,0.0064211,NaN,NaN,NaN,NaN,15.971,97642,11.625,-0.22009,-3.3008,-11.937,-30.558,-7.9359,-3.4425,NaN,NaN,NaN,NaN,NaN
344.47,-21.453,-12.215,55.752,-0.85454,-3.5955,-12.203,-34.151,-7.5275,-3.817,0,0,0,NaN,NaN,NaN,NaN,NaN,NaN,NaN,NaN,NaN,47.62,0,2806.7,0.0064211,NaN,NaN,NaN,NaN,NaN,-1,-1,-0.22461,-3.2843,-11.897,-30.414,-7.9094,-3.2003,NaN,NaN,NaN,NaN,NaN
344.48,-21.537,-12.233,55.751,-0.55088,-4.6138,-10.941,-34.134,-6.6065,-3.3344,0,0,0,NaN,NaN,NaN,NaN,NaN,NaN,NaN,NaN,NaN,47.62,0,2806.7,0.0064211,NaN,NaN,NaN,NaN,NaN,-1,-1,-0.22289,-3.2953,-11.87,-30.282,-7.8734,-2.9518,NaN,NaN,NaN,NaN,NaN
344.48,0,0,0,0,0,0,0,0,0,0,0,0,NaN,NaN,NaN,NaN,NaN,NaN,NaN,NaN,NaN,47.62,0,2806.7,0.0064211,0.73146,2.4862,12.547,0.045783,16.609,97636,11.625,-0.23559,-3.2797,-11.832,-30.104,-8.0646,-2.7049,NaN,NaN,NaN,NaN,NaN
344.48,-21.622,-12.264,55.758,0.22487,-2.1725,-11.707,-33.886,-12.776,-2.744,0.482,0.57127,-0.79893,NaN,NaN,NaN,NaN,NaN,NaN,NaN,NaN,NaN,47.62,0,2806.7,0.0064211,NaN,NaN,NaN,NaN,NaN,-1,-1,-0.23823,-3.2603,-11.806,-29.958,-7.8807,-2.4708,NaN,NaN,NaN,NaN,NaN
344.48,-21.785,-12.298,55.759,-0.34761,-4.2205,-11.533,-33.026,-4.711,-2.7531,0,0,0,NaN,NaN,NaN,NaN,NaN,NaN,NaN,NaN,NaN,47.62,0,2806.7,0.0064211,NaN,NaN,NaN,NaN,15.747,97648,11.688,-0.24347,-3.3046,-11.909,-29.838,-7.9195,-2.2521,NaN,NaN,NaN,NaN,NaN
344.49,-21.867,-12.325,55.765,0.15995,-3.2641,-10.336,-32.863,-11.046,-2.446,0,0,0,NaN,NaN,NaN,NaN,NaN,NaN,NaN,NaN,NaN,47.62,0,2806.7,0.0064211,NaN,NaN,NaN,NaN,NaN,-1,-1,-0.24503,-3.2812,-11.887,-29.687,-8.0932,-2.0122,NaN,NaN,NaN,NaN,NaN
344.49,-21.947,-12.352,55.771,0.10657,-3.0362,-13.766,-31.691,-10.878,-2.2421,0.47891,0.56458,-0.79031,NaN,NaN,NaN,NaN,NaN,NaN,NaN,NaN,NaN,47.62,0,2806.7,0.0064211,NaN,NaN,NaN,NaN,NaN,-1,-1,-0.25298,-3.2854,-11.886,-29.578,-8.0163,-1.8038,NaN,NaN,NaN,NaN,NaN
344.49,-22.027,-12.366,55.772,-0.50892,-4.7673,-12.103,-32.409,-5.2718,-2.2377,0,0,0,NaN,NaN,NaN,NaN,NaN,NaN,NaN,NaN,NaN,47.62,0,3225.2,0.0064211,NaN,NaN,NaN,NaN,16.802,97668,11.75,-0.25874,-3.2928,-11.849,-29.533,-7.9462,-1.5722,NaN,NaN,NaN,NaN,NaN
344.49,-22.188,-12.415,55.785,-0.77006,-2.3778,-12.457,-31.724,-10.958,-1.5553,0,0,0,NaN,NaN,NaN,NaN,NaN,NaN,NaN,NaN,NaN,47.62,0,3225.2,0.0064211,0.72434,2.6038,10.865,0.10905,NaN,-1,-1,-0.256,-3.2915,-11.816,-29.491,-8.0895,-1.3405,NaN,NaN,NaN,NaN,NaN
344.5,-22.177,-12.417,55.765,-0.51487,-3.3864,-12.668,-31.499,-6.1813,-1.183,0.49516,0.5646,-0.78439,NaN,NaN,NaN,NaN,NaN,NaN,NaN,NaN,NaN,47.62,0,3225.2,0.0064211,NaN,NaN,NaN,NaN,NaN,-1,-1,-0.25856,-3.3322,-11.91,-29.476,-8.0653,-1.1293,NaN,NaN,NaN,NaN,NaN
344.5,-22.257,-12.437,55.772,0.57408,-3.4485,-11.928,-31.484,-8.6396,-0.61129,0,0,0,NaN,NaN,NaN,NaN,NaN,NaN,NaN,NaN,NaN,47.62,0,3225.2,0.0064211,NaN,NaN,NaN,NaN,16.583,97630,11.563,-0.27722,-3.3285,-11.894,-29.521,-8.0449,-0.91721,NaN,NaN,NaN,NaN,NaN
344.5,-22.335,-12.461,55.782,-0.75911,-2.7638,-12.499,-31.011,-10.493,-0.8301,0,0,0,NaN,NaN,NaN,NaN,NaN,NaN,NaN,NaN,NaN,47.62,0,2806.7,0.0064211,NaN,NaN,NaN,NaN,NaN,-1,-1,-0.2854,-3.3346,-11.899,-29.555,-8.1924,-0.69123,NaN,NaN,NaN,NaN,NaN
344.5,-22.413,-12.476,55.787,-0.87357,-4.5266,-11.944,-31.079,-6.3826,-0.71471,0,0,0,NaN,NaN,NaN,NaN,NaN,NaN,NaN,NaN,NaN,47.62,0,2806.7,0.0064211,NaN,NaN,NaN,NaN,16.17,97619,11.563,-0.28909,-3.3264,-11.865,-29.592,-8.1227,-0.48768,NaN,NaN,NaN,NaN,NaN
344.51,-22.494,-12.498,55.797,0.24538,-2.9903,-10.102,-31.603,-9.9481,-0.14788,0.49765,0.56937,-0.78417,NaN,NaN,NaN,NaN,NaN,NaN,NaN,NaN,NaN,47.62,0,2806.7,0.0064211,0.73803,2.6061,8.7024,0.097392,NaN,-1,-1,-0.30188,-3.3311,-11.839,-29.667,-8.1881,-0.27475,NaN,NaN,NaN,NaN,NaN
344.51,-22.572,-12.522,55.808,-0.9435,-2.4254,-14.244,-30.808,-10.451,-0.32922,0,0,0,NaN,NaN,NaN,NaN,NaN,NaN,NaN,NaN,NaN,47.62,0,2806.7,0.0064211,0.73803,2.6061,8.7024,0.097392,NaN,-1,-1,-0.30941,-3.3228,-11.828,-29.78,-8.2399,-0.067009,NaN,NaN,NaN,NaN,NaN
344.51,-22.649,-12.533,55.814,-0.60643,-3.5331,-12.212,-30.717,-4.9805,0.20288,0,0,0,NaN,NaN,NaN,NaN,NaN,NaN,NaN,NaN,NaN,47.62,NaN,2786.7,0.0069644,NaN,NaN,NaN,NaN,15.019,97643,11.625,-0.31819,-3.3078,-11.823,-29.872,-8.3518,0.14547,NaN,NaN,NaN,NaN,NaN
344.51,-22.727,-12.553,55.825,0.35631,-3.4118,-9.7536,-30.465,-9.3991,0.30521,0,0,0,NaN,NaN,NaN,NaN,NaN,NaN,NaN,NaN,NaN,47.62,NaN,2786.7,0.0069644,NaN,NaN,NaN,NaN,NaN,-1,-1,-0.31805,-3.3125,-11.799,-30.003,-8.6139,0.358,NaN,NaN,NaN,NaN,NaN
344.52,-22.803,-12.58,55.839,-0.22034,-2.972,-13.602,-29.635,-11.846,0.57559,0.48581,0.57205,-0.78301,NaN,NaN,NaN,NaN,NaN,NaN,NaN,NaN,NaN,47.62,NaN,2786.7,0.0069644,NaN,NaN,NaN,NaN,NaN,-1,-1,-0.32148,-3.3101,-11.779,-30.204,-8.6926,0.56447,NaN,NaN,NaN,NaN,NaN
344.52,-22.878,-12.593,55.848,-0.21968,-4.5673,-12.584,-29.693,-6.1688,0.64034,0,0,0,NaN,NaN,NaN,NaN,NaN,NaN,NaN,NaN,NaN,47.62,NaN,2786.7,0.0069644,0.74186,2.6157,4.4181,0.077414,15.717,97660,11.625,-0.33686,-3.3104,-11.781,-30.435,-8.7432,0.7642,NaN,NaN,NaN,NaN,NaN
344.52,-22.954,-12.609,55.86,-0.071258,-4.22,-11.344,-29.624,-8.052,1.2809,0,0,0,NaN,NaN,NaN,NaN,NaN,NaN,NaN,NaN,NaN,47.63,0,2786.7,0.0069644,NaN,NaN,NaN,NaN,NaN,-1,-1,-0.33716,-3.3273,-11.722,-30.674,-8.928,0.9659,NaN,NaN,NaN,NaN,NaN
344.52,-23.028,-12.632,55.875,-0.85437,-1.8358,-11.701,-28.768,-10.918,1.3436,0,0,0,NaN,NaN,NaN,NaN,NaN,NaN,NaN,NaN,NaN,47.63,0,2786.7,0.0069644,NaN,NaN,NaN,NaN,15.643,97642,11.625,-0.33618,-3.3306,-11.718,-29.672,-8.6726,1.3222,NaN,NaN,NaN,NaN,NaN
344.53,-23.102,-12.647,55.887,-0.6194,-2.9123,-13.306,-28.845,-7.4343,1.6965,0.49047,0.57944,-0.77813,NaN,NaN,NaN,NaN,NaN,NaN,NaN,NaN,NaN,47.63,0,2786.7,0.0069644,NaN,NaN,NaN,NaN,NaN,-1,-1,-0.35498,-3.3221,-11.729,-29.7,-8.6745,1.5501,NaN,NaN,NaN,NaN,NaN
344.53,-23.177,-12.662,55.9,-0.15694,-3.8514,-10.874,-29.206,-7.6541,1.7871,0,0,0,NaN,NaN,NaN,NaN,NaN,NaN,NaN,NaN,NaN,47.63,0,2786.7,0.0069644,NaN,NaN,NaN,NaN,NaN,-1,-1,-0.35144,-3.3328,-11.683,-29.715,-8.8431,1.7988,NaN,NaN,NaN,NaN,NaN
344.53,-23.253,-12.684,55.916,-0.31911,-1.9935,-11.721,-29.099,-10.439,1.9596,0,0,0,NaN,NaN,NaN,NaN,NaN,NaN,NaN,NaN,NaN,47.63,0,2786.7,0.0069644,NaN,NaN,NaN,NaN,15.843,97635,11.563,-0.34941,-3.3352,-11.658,-29.755,-8.7942,2.0244,NaN,NaN,NaN,NaN,NaN
344.53,-23.329,-12.695,55.929,-0.78082,-4.3464,-11.349,-29.731,-6.2471,2.1245,0,0,0,NaN,NaN,NaN,NaN,NaN,NaN,NaN,NaN,NaN,47.63,0,2786.7,0.0069644,0.73146,2.6044,2.3046,0.10322,NaN,-1,-1,-0.36078,-3.3388,-11.647,-29.838,-8.7866,2.2609,NaN,NaN,NaN,NaN,NaN
344.54,-23.482,-12.735,55.963,-0.51053,-2.0712,-14.558,-28.984,-11.243,2.6478,0,0,0,NaN,NaN,NaN,NaN,NaN,NaN,NaN,NaN,NaN,47.63,0,2786.7,0.0069644,NaN,NaN,NaN,NaN,NaN,-1,-1,-0.36769,-3.3349,-11.643,-28.654,-8.5479,2.6086,NaN,NaN,NaN,NaN,NaN
344.54,-23.555,-12.743,55.976,-0.6137,-3.4468,-11.943,-28.655,-4.9657,3.0889,0,0,0,NaN,NaN,NaN,NaN,NaN,NaN,NaN,NaN,NaN,47.63,0,2786.7,0.0069644,NaN,NaN,NaN,NaN,15.918,97642,11.563,-0.37289,-3.3305,-11.592,-28.486,-8.5682,2.8528,NaN,NaN,NaN,NaN,NaN
344.54,-23.629,-12.757,55.993,0.25946,-4.4087,-10.113,-28.392,-8.1192,2.9905,0,0,0,NaN,NaN,NaN,NaN,NaN,NaN,NaN,NaN,NaN,47.63,0,2786.7,0.0069644,NaN,NaN,NaN,NaN,NaN,-1,-1,-0.38215,-3.3095,-11.575,-28.357,-8.5246,3.0843,NaN,NaN,NaN,NaN,NaN
344.54,-23.702,-12.78,56.014,-0.23368,-2.1976,-12.158,-27.678,-11.658,3.5747,0.49232,0.58481,-0.76684,NaN,NaN,NaN,NaN,NaN,NaN,NaN,NaN,NaN,47.63,0,2786.7,0.0069644,0.73529,2.6032,1.4855,0.081576,15.971,97640,11.625,-0.38842,-3.3041,-11.565,-28.229,-8.6576,3.3329,NaN,NaN,NaN,NaN,NaN
344.55,-23.772,-12.793,56.031,-0.47563,-4.2688,-13.423,-27.108,-7.4032,3.6273,0,0,0,NaN,NaN,NaN,NaN,NaN,NaN,NaN,NaN,NaN,47.63,0,2786.7,0.0069644,0.73529,2.6032,1.4855,0.081576,NaN,-1,-1,-0.38741,-3.3201,-11.527,-28.067,-8.6405,3.5874,NaN,NaN,NaN,NaN,NaN
344.55,-23.845,-12.804,56.048,-0.19483,-4.4802,-11.134,-27.887,-6.8938,3.7618,0,0,0,NaN,NaN,NaN,NaN,NaN,NaN,NaN,NaN,NaN,47.63,0,2786.7,0.0069644,NaN,NaN,NaN,NaN,NaN,-1,-1,-0.39511,-3.3161,-11.502,-27.968,-8.3885,3.8489,NaN,NaN,NaN,NaN,NaN
344.55,-23.917,-12.824,56.07,-0.59599,-1.7644,-11.217,-27.191,-10.959,4.182,0,0,0,NaN,NaN,NaN,NaN,NaN,NaN,NaN,NaN,NaN,47.63,0,2786.7,0.0069644,NaN,NaN,NaN,NaN,16.019,97632,11.563,-0.40826,-3.3223,-11.485,-27.848,-8.4213,4.1145,NaN,NaN,NaN,NaN,NaN
344.55,-23.988,-12.836,56.089,-1.1268,-2.5364,-12.971,-27.25,-7.6011,4.3304,0.49949,0.60189,-0.75951,NaN,NaN,NaN,NaN,NaN,NaN,NaN,NaN,NaN,47.63,0,2786.7,0.0069644,NaN,NaN,NaN,NaN,NaN,-1,-1,-0.40888,-3.3183,-11.461,-27.716,-8.253,4.3764,NaN,NaN,NaN,NaN,NaN
344.56,-24.061,-12.848,56.108,-0.30114,-4.0628,-10.447,-27.913,-7.3303,4.345,0,0,0,NaN,NaN,NaN,NaN,NaN,NaN,NaN,NaN,NaN,47.63,0,2786.7,0.0069644,0.73803,2.491,0.76191,0.044118,NaN,-1,-1,-0.4187,-3.2983,-11.445,-27.583,-8.2538,4.6675,NaN,NaN,NaN,NaN,NaN
344.56,-24.136,-12.867,56.132,0.14784,-2.6688,-12.999,-28.251,-10.91,4.8591,0,0,0,NaN,NaN,NaN,NaN,NaN,NaN,NaN,NaN,NaN,47.63,0,2786.7,0.0069644,0.73803,2.491,0.76191,0.044118,16.39,97642,11.625,-0.42308,-3.2974,-11.428,-27.42,-8.2613,4.9443,NaN,NaN,NaN,NaN,NaN
344.56,-24.21,-12.875,56.151,-0.6652,-3.567,-11.714,-28.089,-5.9562,5.0514,0,0,0,NaN,NaN,NaN,NaN,NaN,NaN,NaN,NaN,NaN,47.63,0,2786.7,0.0069644,NaN,NaN,NaN,NaN,16.049,97645,11.688,-0.42275,-3.3045,-11.39,-27.285,-8.1155,5.223,NaN,NaN,NaN,NaN,NaN
344.56,-24.36,-12.905,56.199,-0.053319,-2.6378,-11.4,-28.192,-12.012,5.7399,0,0,0,NaN,NaN,NaN,NaN,NaN,NaN,NaN,NaN,NaN,47.63,0,2786.7,0.0069644,NaN,NaN,NaN,NaN,NaN,-1,-1,-0.43187,-3.2955,-11.363,-27.168,-8.1503,5.5213,NaN,NaN,NaN,NaN,NaN
344.57,-24.434,-12.915,56.222,-0.65386,-3.6224,-13.425,-28.104,-7.5133,6.0097,0,0,0,NaN,NaN,NaN,NaN,NaN,NaN,NaN,NaN,NaN,47.63,0,2786.7,0.0069644,NaN,NaN,NaN,NaN,NaN,-1,-1,-0.44335,-3.2815,-11.354,-27.032,-8.1348,5.7929,NaN,NaN,NaN,NaN,NaN
344.57,-24.507,-12.919,56.242,-0.5683,-3.0195,-10.456,-27.604,-4.6617,6.0956,0,0,0,NaN,NaN,NaN,NaN,NaN,NaN,NaN,NaN,NaN,47.63,0,2786.7,0.0069644,NaN,NaN,NaN,NaN,NaN,-1,-1,-0.45163,-3.2733,-11.323,-26.917,-7.8853,6.0744,NaN,NaN,NaN,NaN,NaN
344.57,-24.576,-12.936,56.269,-0.032568,-2.8536,-11.347,-25.794,-10.8,6.4476,0.48487,0.59512,-0.75638,NaN,NaN,NaN,NaN,NaN,NaN,NaN,NaN,NaN,47.63,0,2786.7,0.0069644,0.72927,2.6049,0.67672,0.091565,16.072,97674,11.75,-0.4602,-3.2699,-11.291,-26.794,-7.8931,6.3637,NaN,NaN,NaN,NaN,NaN
344.57,-24.644,-12.947,56.294,-0.30967,-3.8997,-12.417,-25.276,-8.0395,6.4723,0,0,0,NaN,NaN,NaN,NaN,NaN,NaN,NaN,NaN,NaN,47.63,0,2786.7,0.0069644,0.72927,2.6049,0.67672,0.091565,NaN,-1,-1,-0.46455,-3.2546,-11.274,-26.658,-8.0035,6.6642,NaN,NaN,NaN,NaN,NaN
344.58,-24.714,-12.951,56.317,-0.63829,-4.3625,-11.629,-26.043,-5.6023,6.9637,0,0,0,NaN,NaN,NaN,NaN,NaN,NaN,NaN,NaN,NaN,47.63,0,2786.7,0.0069644,NaN,NaN,NaN,NaN,NaN,-1,-1,-0.47351,-3.2485,-11.267,-26.535,-7.825,6.9795,NaN,NaN,NaN,NaN,NaN
344.58,-24.783,-12.964,56.345,-0.20049,-2.6132,-10.743,-25.704,-9.0907,7.3207,0,0,0,NaN,NaN,NaN,NaN,NaN,NaN,NaN,NaN,NaN,47.63,0,2786.7,0.0069644,NaN,NaN,NaN,NaN,15.593,97639,11.625,-0.48046,-3.2502,-11.188,-26.391,-7.7663,7.2932,NaN,NaN,NaN,NaN,NaN
344.58,-24.852,-12.975,56.373,-1.1688,-2.5706,-11.923,-25.453,-8.7817,7.5981,0.48724,0.60001,-0.75394,NaN,NaN,NaN,NaN,NaN,NaN,NaN,NaN,NaN,47.63,0,2786.7,0.0069644,NaN,NaN,NaN,NaN,NaN,-1,-1,-0.47778,-3.2193,-11.177,-26.253,-7.8107,7.5891,NaN,NaN,NaN,NaN,NaN
344.58,-24.923,-12.978,56.397,-0.81659,-3.9157,-11.85,-26.432,-5.3148,7.5672,0,0,0,NaN,NaN,NaN,NaN,NaN,NaN,NaN,NaN,NaN,47.63,0,2786.7,0.0069644,0.78292,2.5053,0.71019,0.019145,15.917,97646,11.563,-0.49355,-3.2023,-11.182,-26.112,-7.7122,7.8965,NaN,NaN,NaN,NaN,NaN
344.59,-24.995,-12.991,56.427,0.13366,-2.3383,-11.133,-26.45,-9.4376,8.0322,0,0,0,NaN,NaN,NaN,NaN,NaN,NaN,NaN,NaN,NaN,47.63,0,2786.7,0.0069644,NaN,NaN,NaN,NaN,NaN,-1,-1,-0.49426,-3.2158,-11.138,-25.97,-7.5995,8.2005,NaN,NaN,NaN,NaN,NaN
344.59,-25.065,-12.997,56.455,-0.60454,-3.6137,-12.794,-25.822,-7.0115,8.1964,0,0,0,NaN,NaN,NaN,NaN,NaN,NaN,NaN,NaN,NaN,47.63,0,2786.7,0.0069644,NaN,NaN,NaN,NaN,NaN,-1,-1,-0.48799,-3.1963,-11.083,-25.85,-7.6303,8.5113,NaN,NaN,NaN,NaN,NaN
344.59,-25.136,-13.001,56.482,-0.50523,-5.2243,-9.6968,-26.525,-5.7873,8.5851,0.49877,0.60501,-0.74622,NaN,NaN,NaN,NaN,NaN,NaN,NaN,NaN,NaN,47.63,0,2786.7,0.0069644,NaN,NaN,NaN,NaN,16.095,97627,11.563,-0.50378,-3.1734,-11.105,-25.762,-7.4258,8.8085,NaN,NaN,NaN,NaN,NaN
344.59,-25.21,-13.013,56.516,-0.087357,-2.8015,-10.448,-26.933,-10.309,9.4262,0,0,0,NaN,NaN,NaN,NaN,NaN,NaN,NaN,NaN,NaN,47.63,0,2786.7,0.0069644,NaN,NaN,NaN,NaN,NaN,-1,-1,-0.51268,-3.1733,-11.085,-25.641,-7.5559,9.1267,NaN,NaN,NaN,NaN,NaN
344.6,-25.349,-13.02,56.577,-0.56359,-3.9615,-10.951,-25.354,-3.9723,10.025,0,0,0,NaN,NaN,NaN,NaN,NaN,NaN,NaN,NaN,NaN,47.63,0,2786.7,0.0069644,NaN,NaN,NaN,NaN,NaN,-1,-1,-0.51269,-3.1581,-10.996,-25.516,-7.3834,9.4523,NaN,NaN,NaN,NaN,NaN
344.6,-25.349,-13.02,56.577,-0.56359,-3.9615,-10.951,-25.354,-3.9723,10.025,0,0,0,NaN,NaN,NaN,NaN,NaN,NaN,NaN,NaN,NaN,47.63,0,2786.7,0.0069644,NaN,NaN,NaN,NaN,15.845,97624,11.563,-0.51989,-3.1338,-10.99,-25.39,-7.3593,9.768,NaN,NaN,NaN,NaN,NaN
344.6,-25.419,-13.027,56.611,-0.20337,-2.7792,-9.4091,-25.349,-8.4723,10.207,0.49644,0.61489,-0.74198,NaN,NaN,NaN,NaN,NaN,NaN,NaN,NaN,NaN,47.63,0,2786.7,0.0069644,NaN,NaN,NaN,NaN,NaN,-1,-1,-0.52749,-3.1312,-10.986,-25.244,-7.374,10.108,NaN,NaN,NaN,NaN,NaN
344.6,-25.487,-13.039,56.647,-0.91278,-2.785,-11.7,-24.262,-10.127,10.062,0,0,0,NaN,NaN,NaN,NaN,NaN,NaN,NaN,NaN,NaN,47.63,0,2786.7,0.0069644,NaN,NaN,NaN,NaN,15.922,97658,11.688,-0.52457,-3.1189,-10.934,-25.087,-7.3081,10.409,NaN,NaN,NaN,NaN,NaN
344.61,-25.622,-13.042,56.711,-0.23582,-3.3645,-9.8926,-24.174,-7.4133,10.692,0,0,0,NaN,NaN,NaN,NaN,NaN,NaN,NaN,NaN,NaN,47.63,0,2786.7,0.0069644,NaN,NaN,NaN,NaN,NaN,-1,-1,-0.53027,-3.107,-10.916,-24.936,-7.1643,10.719,NaN,NaN,NaN,NaN,NaN
344.61,-25.69,-13.049,56.748,-1.1529,-2.1682,-11.525,-24.279,-8.7099,11.386,0.48965,0.6246,-0.74259,NaN,NaN,NaN,NaN,NaN,NaN,NaN,NaN,NaN,47.63,0,2786.7,0.0069644,NaN,NaN,NaN,NaN,NaN,-1,-1,-0.54756,-3.092,-10.885,-24.766,-7.2685,11.056,NaN,NaN,NaN,NaN,NaN
344.61,-25.757,-13.049,56.782,-0.87511,-3.4551,-11.856,-24.317,-5.729,11.354,0,0,0,NaN,NaN,NaN,NaN,NaN,NaN,NaN,NaN,NaN,47.63,0,2786.7,0.0069644,0.72763,2.4946,0.72053,0.040788,15.821,97662,11.688,-0.54663,-3.0727,-10.857,-24.585,-7.2539,11.389,NaN,NaN,NaN,NaN,NaN
344.61,-25.827,-13.052,56.818,-0.017843,-3.4448,-10.932,-24.826,-7.344,11.797,0,0,0,NaN,NaN,NaN,NaN,NaN,NaN,NaN,NaN,NaN,47.63,0,2786.7,0.0069644,NaN,NaN,NaN,NaN,NaN,-1,-1,-0.54992,-3.0594,-10.826,-24.425,-7.1668,11.72,NaN,NaN,NaN,NaN,NaN
344.62,-25.895,-13.055,56.856,-0.26868,-2.5481,-11.845,-24.191,-7.7793,12.022,0,0,0,NaN,NaN,NaN,NaN,NaN,NaN,NaN,NaN,NaN,47.63,0,2786.7,0.0069644,NaN,NaN,NaN,NaN,NaN,-1,-1,-0.56459,-3.0471,-10.803,-24.258,-7.242,12.067,NaN,NaN,NaN,NaN,NaN
344.62,-25.963,-13.054,56.891,-0.64202,-4.6782,-10.594,-24.384,-5.6607,12.169,0.48689,0.62007,-0.73838,NaN,NaN,NaN,NaN,NaN,NaN,NaN,NaN,NaN,47.63,0,2786.7,0.0069644,NaN,NaN,NaN,NaN,16.093,97639,11.563,-0.56422,-3.0173,-10.765,-24.093,-7.1585,12.409,NaN,NaN,NaN,NaN,NaN
344.62,-26.032,-13.057,56.931,-0.96693,-2.856,-9.6123,-24.384,-7.8818,12.977,0,0,0,NaN,NaN,NaN,NaN,NaN,NaN,NaN,NaN,NaN,47.63,NaN,2769.5,0.0064211,NaN,NaN,NaN,NaN,15.693,97651,11.625,-0.57157,-3.0028,-10.725,-23.946,-7.3059,12.774,NaN,NaN,NaN,NaN,NaN
344.62,-26.1,-13.063,56.974,-0.59167,-2.4164,-12.482,-23.858,-9.5094,13.449,0,0,0,NaN,NaN,NaN,NaN,NaN,NaN,NaN,NaN,NaN,47.63,NaN,2769.5,0.0064211,0.73584,2.6073,0.6469,0.090733,NaN,-1,-1,-0.58149,-2.9948,-10.722,-23.816,-7.2588,13.144,NaN,NaN,NaN,NaN,NaN
344.63,-26.168,-13.061,57.013,-0.64219,-2.8929,-12.477,-23.981,-5.9931,13.565,0,0,0,NaN,NaN,NaN,NaN,NaN,NaN,NaN,NaN,NaN,47.63,NaN,2769.5,0.0064211,NaN,NaN,NaN,NaN,NaN,-1,-1,-0.58824,-2.9744,-10.666,-23.663,-7.0845,13.502,NaN,NaN,NaN,NaN,NaN
344.63,-26.235,-13.057,57.051,-0.84661,-3.3779,-10.271,-23.584,-5.4653,13.682,0.49385,0.62994,-0.73108,NaN,NaN,NaN,NaN,NaN,NaN,NaN,NaN,NaN,47.63,NaN,2769.5,0.0064211,NaN,NaN,NaN,NaN,15.643,97666,11.688,-0.59386,-2.9648,-10.632,-23.469,-7.2036,13.856,NaN,NaN,NaN,NaN,NaN
344.63,-26.301,-13.061,57.093,-0.62638,-2.4709,-9.3395,-23.208,-8.488,13.376,0,0,0,NaN,NaN,NaN,NaN,NaN,NaN,NaN,NaN,NaN,47.64,0,2769.5,0.0064211,NaN,NaN,NaN,NaN,16.073,97669,11.75,-0.59947,-2.9582,-10.606,-23.245,-7.1331,14.199,NaN,NaN,NaN,NaN,NaN
344.63,-26.436,-13.06,57.175,-0.72597,-3.6906,-11.78,-23.823,-6.5395,14.132,0,0,0,NaN,NaN,NaN,NaN,NaN,NaN,NaN,NaN,NaN,47.64,0,2769.5,0.0064211,0.72106,2.596,0.63412,0.10655,NaN,-1,-1,-0.60855,-2.9309,-10.574,-23.613,-7.1964,15.179,NaN,NaN,NaN,NaN,NaN
344.64,-26.501,-13.057,57.218,-0.90917,-2.216,-10.893,-22.705,-6.383,14.92,0.48416,0.63031,-0.7275,NaN,NaN,NaN,NaN,NaN,NaN,NaN,NaN,NaN,47.64,0,2769.5,0.0064211,NaN,NaN,NaN,NaN,15.949,97667,11.75,-0.61808,-2.9091,-10.548,-23.243,-7.2534,15.385,NaN,NaN,NaN,NaN,NaN
344.64,-26.567,-13.055,57.262,-0.32146,-2.7556,-10.132,-22.664,-7.2811,15.144,0,0,0,NaN,NaN,NaN,NaN,NaN,NaN,NaN,NaN,NaN,47.64,0,2769.5,0.0064211,NaN,NaN,NaN,NaN,NaN,-1,-1,-0.625,-2.8968,-10.504,-22.862,-7.1808,15.593,NaN,NaN,NaN,NaN,NaN
344.64,-26.634,-13.055,57.308,-0.8158,-3.2902,-11.481,-22.985,-7.8395,15.542,0,0,0,NaN,NaN,NaN,NaN,NaN,NaN,NaN,NaN,NaN,47.64,0,2769.5,0.0064211,NaN,NaN,NaN,NaN,15.797,97655,11.688,-0.63004,-2.8597,-10.483,-22.522,-6.9567,15.794,NaN,NaN,NaN,NaN,NaN
344.64,-26.763,-13.043,57.395,-0.075803,-3.4779,-9.299,-22.166,-6.4986,15.666,0.48437,0.63752,-0.72748,NaN,NaN,NaN,NaN,NaN,NaN,NaN,NaN,NaN,47.64,0,2769.5,0.0064211,NaN,NaN,NaN,NaN,NaN,-1,-1,-0.64134,-2.8461,-10.468,-22.201,-7.0174,16.006,NaN,NaN,NaN,NaN,NaN
344.65,-26.828,-13.045,57.444,-1.1788,-3.1295,-10.991,-21.779,-9.5658,16.389,0,0,0,NaN,NaN,NaN,NaN,NaN,NaN,NaN,NaN,NaN,47.64,0,2769.5,0.0064211,NaN,NaN,NaN,NaN,15.746,97653,11.688,-0.63992,-2.8379,-10.415,-22.465,-7.0688,16.867,NaN,NaN,NaN,NaN,NaN
344.65,-26.956,-13.03,57.534,-0.53806,-2.4413,-11.531,-22.056,-4.6595,16.459,0,0,0,NaN,NaN,NaN,NaN,NaN,NaN,NaN,NaN,NaN,47.64,0,2769.5,0.0064211,NaN,NaN,NaN,NaN,NaN,-1,-1,-0.64694,-2.8045,-10.403,-22.027,-6.8988,16.928,NaN,NaN,NaN,NaN,NaN
344.65,-27.021,-13.026,57.582,-1.0149,-3.0134,-9.1053,-21.77,-7.1595,16.878,0.48411,0.63776,-0.72305,NaN,NaN,NaN,NaN,NaN,NaN,NaN,NaN,NaN,47.64,0,2769.5,0.0064211,NaN,NaN,NaN,NaN,NaN,-1,-1,-0.65767,-2.7778,-10.374,-21.685,-6.8602,17.02,NaN,NaN,NaN,NaN,NaN
344.65,-27.148,-13.014,57.678,-0.51877,-3.2424,-10.206,-21.439,-5.3311,17.268,0,0,0,NaN,NaN,NaN,NaN,NaN,NaN,NaN,NaN,NaN,47.64,0,2769.5,0.0064211,NaN,NaN,NaN,NaN,15.867,97647,11.563,-0.66235,-2.7624,-10.331,-21.301,-6.659,17.135,NaN,NaN,NaN,NaN,NaN
344.66,-27.211,-13.011,57.727,-0.25882,-3.897,-10.948,-21.053,-8.0259,17.266,0,0,0,NaN,NaN,NaN,NaN,NaN,NaN,NaN,NaN,NaN,47.64,0,2769.5,0.0064211,NaN,NaN,NaN,NaN,NaN,-1,-1,-0.67608,-2.7216,-10.319,-20.922,-6.3586,17.228,NaN,NaN,NaN,NaN,NaN
344.66,-27.397,-12.983,57.876,-0.63043,-2.4125,-9.3861,-20.441,-6.5851,18.735,0,0,0,NaN,NaN,NaN,NaN,NaN,NaN,NaN,NaN,NaN,47.64,0,2769.5,0.0064211,NaN,NaN,NaN,NaN,NaN,-1,-1,-0.66933,-2.7066,-10.22,-20.596,-6.2084,17.327,NaN,NaN,NaN,NaN,NaN
344.66,-27.459,-12.979,57.93,-0.81026,-2.6986,-11.096,-20.608,-8.3259,18.912,0,0,0,NaN,NaN,NaN,NaN,NaN,NaN,NaN,NaN,NaN,47.64,0,2769.5,0.0064211,NaN,NaN,NaN,NaN,15.695,97676,11.75,-0.67602,-2.6911,-10.169,-20.227,-6.1776,17.406,NaN,NaN,NaN,NaN,NaN
344.66,-27.52,-12.968,57.979,-0.53191,-2.5301,-11.663,-20.181,-5.1314,18.717,0.47192,0.63336,-0.71969,17.773,3.8809,-3.3107,18.49,40.058,-88.551,3.6775e+05,4.4354e+06,263.62,47.64,0,2769.5,0.0064211,NaN,NaN,NaN,NaN,NaN,-1,-1,-0.69161,-2.6547,-10.171,-19.88,-5.9984,17.517,17.432,5.7242,2.2865,7.4725,18.034
344.67,-27.581,-12.957,58.03,-0.77375,-3.0692,-9.4874,-20.207,-5.2548,19.155,0,0,0,NaN,NaN,NaN,NaN,NaN,NaN,NaN,NaN,NaN,47.64,0,2769.5,0.0064211,0.72598,2.4898,0.71506,0.040788,NaN,-1,-1,-0.70159,-2.6411,-10.133,-19.556,-5.9548,17.645,NaN,NaN,NaN,NaN,NaN
344.67,-27.642,-12.949,58.083,-1.3575,-2.6194,-10.343,-19.973,-6.9033,19.341,0,0,0,NaN,NaN,NaN,NaN,NaN,NaN,NaN,NaN,NaN,47.64,0,2769.5,0.0064211,NaN,NaN,NaN,NaN,15.917,97643,11.563,-0.69347,-2.6094,-10.05,-19.252,-5.7306,17.754,NaN,NaN,NaN,NaN,NaN
344.67,-27.704,-12.939,58.135,-0.68443,-2.5199,-11.219,-20.487,-5.8296,19.378,0,0,0,NaN,NaN,NaN,NaN,NaN,NaN,NaN,NaN,NaN,47.64,0,2769.5,0.0064211,NaN,NaN,NaN,NaN,15.64,97659,11.625,-0.70684,-2.5698,-10.054,-19.002,-5.6481,17.893,NaN,NaN,NaN,NaN,NaN
344.67,-27.765,-12.928,58.187,-0.69126,-2.0606,-10.896,-20.36,-5.548,19.752,0.48829,0.63325,-0.716,NaN,NaN,NaN,NaN,NaN,NaN,NaN,NaN,NaN,47.64,0,2769.5,0.0064211,NaN,NaN,NaN,NaN,NaN,-1,-1,-0.71747,-2.5474,-10.03,-18.754,-5.6234,18.031,NaN,NaN,NaN,NaN,NaN
344.68,-27.826,-12.914,58.239,-0.95493,-2.1515,-9.8571,-20.076,-4.6439,19.769,0,0,0,NaN,NaN,NaN,NaN,NaN,NaN,NaN,NaN,NaN,47.64,0,2769.5,0.0064211,NaN,NaN,NaN,NaN,NaN,-1,-1,-0.71747,-2.5145,-10.013,-18.554,-5.4148,18.166,NaN,NaN,NaN,NaN,NaN
344.68,-27.886,-12.904,58.292,-0.54284,-2.4842,-9.3269,-19.619,-6.2,19.885,0,0,0,NaN,NaN,NaN,NaN,NaN,NaN,NaN,NaN,NaN,47.64,0,2769.5,0.0064211,0.73803,2.5023,0.71506,0.034961,NaN,-1,-1,-0.72507,-2.4762,-10.012,-18.37,-5.3435,18.323,NaN,NaN,NaN,NaN,NaN
344.68,-27.947,-12.895,58.347,-0.39587,-3.7513,-10.982,-19.934,-6.8335,20.281,0,0,0,NaN,NaN,NaN,NaN,NaN,NaN,NaN,NaN,NaN,47.64,0,2769.5,0.0064211,NaN,NaN,NaN,NaN,15.791,97648,11.563,-0.73776,-2.4588,-10.013,-18.197,-5.317,18.485,NaN,NaN,NaN,NaN,NaN
344.68,-28.067,-12.863,58.452,-0.8285,-1.7417,-9.342,-19.257,-4.0058,20.693,0,0,0,NaN,NaN,NaN,NaN,NaN,NaN,NaN,NaN,NaN,47.64,0,2769.5,0.0064211,NaN,NaN,NaN,NaN,NaN,-1,-1,-0.74824,-2.4198,-9.9656,-18.065,-5.1866,18.637,NaN,NaN,NaN,NaN,NaN
344.69,-28.127,-12.854,58.509,-0.77993,-2.3208,-9.3982,-19.289,-7.1742,21.001,0,0,0,NaN,NaN,NaN,NaN,NaN,NaN,NaN,NaN,NaN,47.64,0,2769.5,0.0064211,NaN,NaN,NaN,NaN,NaN,-1,-1,-0.7562,-2.3796,-9.9442,-17.923,-5.0286,18.799,NaN,NaN,NaN,NaN,NaN
344.69,0,0,0,0,0,0,0,0,0,0,0,0,NaN,NaN,NaN,NaN,NaN,NaN,NaN,NaN,NaN,47.64,0,2769.5,0.0064211,NaN,NaN,NaN,NaN,15.893,97637,11.563,-0.76993,-2.3569,-9.9602,-17.795,-4.9926,18.944,NaN,NaN,NaN,NaN,NaN
344.69,-28.248,-12.82,58.617,-0.79812,-2.0129,-9.7829,-19.644,-2.595,21.221,0.47848,0.63867,-0.70797,NaN,NaN,NaN,NaN,NaN,NaN,NaN,NaN,NaN,47.64,0,2769.5,0.0064211,0.79332,2.5155,0.7108,0.011654,NaN,-1,-1,-0.76905,-2.3279,-9.9172,-17.702,-4.8583,19.112,NaN,NaN,NaN,NaN,NaN
344.69,-28.309,-12.808,58.674,-0.33095,-3.3291,-8.287,-19.835,-6.1803,21.501,0,0,0,NaN,NaN,NaN,NaN,NaN,NaN,NaN,NaN,NaN,47.64,0,2769.5,0.0064211,NaN,NaN,NaN,NaN,15.821,97659,11.688,-0.77196,-2.2897,-9.8909,-17.612,-4.6815,19.289,NaN,NaN,NaN,NaN,NaN
344.7,-28.371,-12.797,58.733,-1.6362,-2.1154,-11.285,-19.893,-7.3988,21.676,0,0,0,NaN,NaN,NaN,NaN,NaN,NaN,NaN,NaN,NaN,47.64,0,2769.5,0.0064211,NaN,NaN,NaN,NaN,NaN,-1,-1,-0.79546,-2.2579,-9.8793,-17.533,-4.6478,19.478,NaN,NaN,NaN,NaN,NaN
344.7,-28.432,-12.777,58.786,-1.0255,-1.6505,-10.834,-19.847,-2.8659,21.732,0,0,0,NaN,NaN,NaN,NaN,NaN,NaN,NaN,NaN,NaN,47.64,0,2769.5,0.0064211,NaN,NaN,NaN,NaN,NaN,-1,-1,-0.79555,-2.2225,-9.8384,-17.494,-4.5941,19.667,NaN,NaN,NaN,NaN,NaN
344.7,0,0,0,0,0,0,0,0,0,0,0,0,NaN,NaN,NaN,NaN,NaN,NaN,NaN,NaN,NaN,47.64,0,2769.5,0.0064211,NaN,NaN,NaN,NaN,15.919,97654,11.625,-0.79468,-2.1773,-9.8115,-17.463,-4.4751,19.882,NaN,NaN,NaN,NaN,NaN
344.7,-28.494,-12.76,58.842,-0.33411,-2.6219,-9.1497,-20.246,-4.5107,21.87,0.4785,0.64851,-0.70352,NaN,NaN,NaN,NaN,NaN,NaN,NaN,NaN,NaN,47.64,0,2769.5,0.0064211,0.73201,2.6121,0.64872,0.081576,NaN,-1,-1,-0.80363,-2.1434,-9.7973,-17.429,-4.4946,20.09,NaN,NaN,NaN,NaN,NaN
344.71,-28.613,-12.732,58.957,-1.0148,-1.1823,-11.013,-18.614,-5.1877,21.87,0,0,0,NaN,NaN,NaN,NaN,NaN,NaN,NaN,NaN,NaN,47.64,0,2769.5,0.0064211,NaN,NaN,NaN,NaN,NaN,-1,-1,-0.80743,-2.1052,-9.7685,-17.431,-4.398,20.294,NaN,NaN,NaN,NaN,NaN
344.71,-28.671,-12.712,59.011,-0.3142,-4.0527,-9.3238,-18.898,-3.5263,21.863,0,0,0,NaN,NaN,NaN,NaN,NaN,NaN,NaN,NaN,NaN,47.64,0,2769.5,0.0064211,NaN,NaN,NaN,NaN,15.738,97640,11.5,-0.81033,-2.0853,-9.7282,-17.416,-4.334,20.519,NaN,NaN,NaN,NaN,NaN
344.71,-28.731,-12.697,59.07,-0.64906,-2.4184,-9.235,-19.396,-5.6629,22.616,0.47829,0.64131,-0.70354,NaN,NaN,NaN,NaN,NaN,NaN,NaN,NaN,NaN,47.64,0,2769.5,0.0064211,NaN,NaN,NaN,NaN,NaN,-1,-1,-0.82021,-2.0432,-9.6968,-17.381,-4.1797,20.766,NaN,NaN,NaN,NaN,NaN
344.71,-28.789,-12.681,59.129,-1.2909,-0.95484,-11.831,-18.381,-5.5628,22.756,0,0,0,NaN,NaN,NaN,NaN,NaN,NaN,NaN,NaN,NaN,47.64,0,2769.5,0.0064211,NaN,NaN,NaN,NaN,15.821,97705,11.813,-0.81464,-2.0079,-9.6441,-17.363,-4.1885,21.014,NaN,NaN,NaN,NaN,NaN
344.72,-28.907,-12.638,59.242,-1.0657,-2.207,-8.8876,-19.093,-4.0691,23.277,0,0,0,NaN,NaN,NaN,NaN,NaN,NaN,NaN,NaN,NaN,47.64,0,2769.5,0.0064211,0.73091,2.602,0.63351,0.10322,NaN,-1,-1,-0.82981,-1.9647,-9.602,-17.325,-4.069,21.307,NaN,NaN,NaN,NaN,NaN
344.72,-28.855,-12.619,59.268,-0.69491,-0.65778,-10.543,-18.851,-6.2149,22.96,0.46936,0.66317,-0.70211,NaN,NaN,NaN,NaN,NaN,NaN,NaN,NaN,NaN,47.64,0,2769.5,0.0064211,NaN,NaN,NaN,NaN,NaN,-1,-1,-0.84098,-1.9575,-9.7058,-17.294,-4.0516,21.612,NaN,NaN,NaN,NaN,NaN
344.72,-28.913,-12.598,59.326,-0.84196,-3.351,-10.209,-18.796,-3.7099,23.163,0,0,0,NaN,NaN,NaN,NaN,NaN,NaN,NaN,NaN,NaN,47.64,0,2768.1,0.0064211,NaN,NaN,NaN,NaN,15.638,97634,11.5,-0.83926,-1.9208,-9.6747,-17.266,-4.0556,21.912,NaN,NaN,NaN,NaN,NaN
344.72,-29.033,-12.56,59.445,-0.68444,-0.7238,-9.8344,-18.801,-6.2317,23.77,0,0,0,NaN,NaN,NaN,NaN,NaN,NaN,NaN,NaN,NaN,47.64,0,2768.1,0.0064211,NaN,NaN,NaN,NaN,NaN,-1,-1,-0.85443,-1.8829,-9.6247,-17.23,-3.9181,22.232,NaN,NaN,NaN,NaN,NaN
344.73,-29.09,-12.539,59.502,-0.77674,-2.6072,-11.924,-18.329,-3.5515,23.359,0.47314,0.65411,-0.69064,NaN,NaN,NaN,NaN,NaN,NaN,NaN,NaN,NaN,47.64,0,2768.1,0.0064211,0.73255,2.6127,0.6469,0.074917,15.642,97673,11.688,-0.85838,-1.8358,-9.6092,-17.207,-3.8498,22.572,NaN,NaN,NaN,NaN,NaN
344.73,-29.147,-12.514,59.558,-1.125,-2.192,-9.0055,-18.269,-1.9947,23.575,0,0,0,NaN,NaN,NaN,NaN,NaN,NaN,NaN,NaN,NaN,47.64,0,2768.1,0.0064211,NaN,NaN,NaN,NaN,NaN,-1,-1,-0.85887,-1.8055,-9.5952,-17.224,-3.8117,22.924,NaN,NaN,NaN,NaN,NaN
344.73,-29.203,-12.495,59.619,-0.48003,-0.50261,-8.8207,-17.595,-5.1452,23.719,0,0,0,NaN,NaN,NaN,NaN,NaN,NaN,NaN,NaN,NaN,47.62,0,2768.1,0.0064211,NaN,NaN,NaN,NaN,15.641,97631,11.563,-0.86552,-1.806,-9.6922,-17.237,-3.6929,23.279,NaN,NaN,NaN,NaN,NaN
344.73,-29.315,-12.454,59.737,-0.95121,-2.9228,-10.353,-17.688,-3.1962,23.831,0.47173,0.66807,-0.69967,NaN,NaN,NaN,NaN,NaN,NaN,NaN,NaN,NaN,47.62,0,2768.1,0.0064211,NaN,NaN,NaN,NaN,NaN,-1,-1,-0.87475,-1.7705,-9.6841,-17.272,-3.6554,23.633,NaN,NaN,NaN,NaN,NaN
344.74,-29.371,-12.432,59.796,-0.76266,-0.71284,-10.248,-17.415,-3.7322,24.17,0,0,0,NaN,NaN,NaN,NaN,NaN,NaN,NaN,NaN,NaN,47.62,0,2768.1,0.0064211,NaN,NaN,NaN,NaN,NaN,-1,-1,-0.88033,-1.7292,-9.6875,-17.286,-3.6692,23.992,NaN,NaN,NaN,NaN,NaN
344.74,-29.478,-12.385,59.917,-1.1343,-1.9851,-10.858,-16.8,-3.434,24.705,0,0,0,NaN,NaN,NaN,NaN,NaN,NaN,NaN,NaN,NaN,47.62,0,2768.1,0.0064211,0.8092,2.5226,0.71992,-0,15.719,97687,11.75,-0.89368,-1.7017,-9.7059,-17.313,-3.5964,24.378,NaN,NaN,NaN,NaN,NaN
344.74,-29.533,-12.362,59.977,-1.1156,-1.284,-9.4086,-17.214,-3.3864,24.528,0.46185,0.67108,-0.69166,NaN,NaN,NaN,NaN,NaN,NaN,NaN,NaN,NaN,47.62,0,2768.1,0.0064211,NaN,NaN,NaN,NaN,15.641,97654,11.625,-0.90394,-1.6684,-9.6751,-17.318,-3.51,24.789,NaN,NaN,NaN,NaN,NaN
344.74,-29.587,-12.336,60.036,-0.26619,-2.3761,-9.7753,-16.918,-2.6318,24.666,0,0,0,NaN,NaN,NaN,NaN,NaN,NaN,NaN,NaN,NaN,47.62,0,2768.1,0.0064211,NaN,NaN,NaN,NaN,NaN,-1,-1,-0.90249,-1.6272,-9.6561,-17.327,-3.519,25.209,NaN,NaN,NaN,NaN,NaN
344.75,-29.642,-12.313,60.096,-0.74653,-2.0606,-8.4121,-17.041,-3.6962,24.583,0,0,0,NaN,NaN,NaN,NaN,NaN,NaN,NaN,NaN,NaN,47.62,0,2768.1,0.0064211,NaN,NaN,NaN,NaN,NaN,-1,-1,-0.91135,-1.6063,-9.6605,-16.631,-3.2862,24.846,NaN,NaN,NaN,NaN,NaN
344.75,-29.695,-12.292,60.159,-1.6044,-0.81278,-11.026,-16.373,-4.9328,25.059,0,0,0,NaN,NaN,NaN,NaN,NaN,NaN,NaN,NaN,NaN,47.62,0,2768.1,0.0064211,0.72927,2.6103,0.64325,0.09656,15.616,97672,11.688,-0.91659,-1.5661,-9.6564,-16.527,-3.1098,25.115,NaN,NaN,NaN,NaN,NaN
344.75,-29.748,-12.264,60.217,-0.83541,-2.0844,-10.795,-16.39,-1.5461,24.963,0.45006,0.67124,-0.69272,NaN,NaN,NaN,NaN,NaN,NaN,NaN,NaN,NaN,47.62,0,2768.1,0.0064211,0.72927,2.6103,0.64325,0.09656,NaN,-1,-1,-0.9238,-1.5366,-9.6395,-16.464,-3.0751,25.395,NaN,NaN,NaN,NaN,NaN
344.75,-29.852,-12.213,60.339,-0.88683,-0.86694,-10.054,-15.932,-2.6471,25.411,0,0,0,NaN,NaN,NaN,NaN,NaN,NaN,NaN,NaN,NaN,47.62,0,2768.1,0.0064211,NaN,NaN,NaN,NaN,NaN,-1,-1,-0.92538,-1.5075,-9.6264,-16.4,-3.1112,25.684,NaN,NaN,NaN,NaN,NaN
344.76,-29.902,-12.189,60.399,-1.2687,-2.0252,-8.5582,-15.174,-3.373,24.704,0,0,0,NaN,NaN,NaN,NaN,NaN,NaN,NaN,NaN,NaN,47.62,0,2768.1,0.0064211,NaN,NaN,NaN,NaN,NaN,-1,-1,-0.93044,-1.4526,-9.6438,-16.338,-2.9932,25.966,NaN,NaN,NaN,NaN,NaN
344.76,-30.002,-12.137,60.521,-1.139,-0.66907,-9.933,-15.022,-2.6419,25.601,0,0,0,NaN,NaN,NaN,NaN,NaN,NaN,NaN,NaN,NaN,47.62,0,2768.1,0.0064211,NaN,NaN,NaN,NaN,15.639,97649,11.563,-0.93857,-1.4354,-9.6372,-15.567,-2.7692,25.421,NaN,NaN,NaN,NaN,NaN
344.76,-30.049,-12.106,60.581,-1.1079,-0.75577,-10.757,-14.331,-1.1572,25.953,0,0,0,NaN,NaN,NaN,NaN,NaN,NaN,NaN,NaN,NaN,47.62,0,2768.1,0.0064211,0.74843,2.485,0.71506,0.047447,15.691,97683,11.688,-0.93305,-1.421,-9.6013,-15.397,-2.624,25.523,NaN,NaN,NaN,NaN,NaN
344.76,-30.098,-12.078,60.642,-0.84917,-1.6188,-8.5461,-14.686,-2.3825,25.843,0,0,0,NaN,NaN,NaN,NaN,NaN,NaN,NaN,NaN,NaN,47.62,0,2768.1,0.0064211,NaN,NaN,NaN,NaN,NaN,-1,-1,-0.94019,-1.3784,-9.6187,-15.171,-2.6052,25.617,NaN,NaN,NaN,NaN,NaN
344.77,-30.148,-12.053,60.704,-1.1917,-0.80291,-9.867,-15.174,-3.3008,25.689,0.44504,0.67899,-0.68426,NaN,NaN,NaN,NaN,NaN,NaN,NaN,NaN,NaN,47.62,0,2768.1,0.0064211,NaN,NaN,NaN,NaN,NaN,-1,-1,-0.9458,-1.3482,-9.6176,-14.959,-2.4263,25.694,NaN,NaN,NaN,NaN,NaN
344.77,-30.196,-12.022,60.763,-1.119,-1.2804,-9.9674,-14.484,-1.1598,25.661,0,0,0,NaN,NaN,NaN,NaN,NaN,NaN,NaN,NaN,NaN,47.62,0,2768.1,0.0064211,NaN,NaN,NaN,NaN,NaN,-1,-1,-0.95654,-1.3147,-9.6014,-14.771,-2.359,25.783,NaN,NaN,NaN,NaN,NaN
344.77,-30.244,-11.997,60.826,-0.052641,-2.2752,-8.8729,-14.52,-3.8555,25.927,0,0,0,NaN,NaN,NaN,NaN,NaN,NaN,NaN,NaN,NaN,47.62,0,2768.1,0.0064211,NaN,NaN,NaN,NaN,15.561,97652,11.563,-0.96329,-1.2759,-9.6031,-14.546,-2.3983,25.868,NaN,NaN,NaN,NaN,NaN
344.77,-30.293,-11.97,60.889,-1.7504,-1.6102,-11.134,-14.594,-3.1286,26.022,0,0,0,NaN,NaN,NaN,NaN,NaN,NaN,NaN,NaN,NaN,47.62,0,2768.1,0.0064211,NaN,NaN,NaN,NaN,NaN,-1,-1,-0.96875,-1.2353,-9.5874,-14.338,-2.3599,25.968,NaN,NaN,NaN,NaN,NaN
344.78,-30.339,-11.935,60.946,-1.0315,-0.96253,-9.6577,-14.166,0.74622,26.21,0.44235,0.67687,-0.68005,NaN,NaN,NaN,NaN,NaN,NaN,NaN,NaN,NaN,47.62,0,2768.1,0.0064211,NaN,NaN,NaN,NaN,NaN,-1,-1,-0.97068,-1.2139,-9.6007,-14.146,-2.2731,26.036,NaN,NaN,NaN,NaN,NaN
344.78,-30.388,-11.908,61.01,-0.33683,-1.5812,-9.0601,-14.538,-3.3006,26.298,0,0,0,NaN,NaN,NaN,NaN,NaN,NaN,NaN,NaN,NaN,47.62,0,2768.1,0.0064211,NaN,NaN,NaN,NaN,15.641,97635,11.563,-0.97043,-1.1876,-9.584,-13.97,-2.2653,26.107,NaN,NaN,NaN,NaN,NaN
344.78,-30.434,-11.881,61.072,-1.4398,-0.59308,-9.9504,-13.988,-3.2386,26.081,0,0,0,NaN,NaN,NaN,NaN,NaN,NaN,NaN,NaN,NaN,47.62,0,2768.1,0.0064211,NaN,NaN,NaN,NaN,15.38,97638,11.5,-0.97564,-1.1448,-9.5838,-13.769,-2.3392,26.184,NaN,NaN,NaN,NaN,NaN
344.78,-30.524,-11.819,61.191,-0.59214,-2.4682,-8.6067,-13.405,-1.5209,25.892,0.44472,0.68176,-0.67761,NaN,NaN,NaN,NaN,NaN,NaN,NaN,NaN,NaN,47.62,0,2768.1,0.0064211,NaN,NaN,NaN,NaN,NaN,-1,-1,-0.98119,-1.1296,-9.5775,-13.555,-2.2035,26.228,NaN,NaN,NaN,NaN,NaN
344.79,-30.57,-11.793,61.255,-0.82278,-1.425,-10.421,-13.542,-3.869,26.314,0,0,0,NaN,NaN,NaN,NaN,NaN,NaN,NaN,NaN,NaN,47.62,0,2768.1,0.0064211,NaN,NaN,NaN,NaN,15.739,97657,11.563,-0.98153,-1.0993,-9.5851,-13.384,-2.0843,26.272,NaN,NaN,NaN,NaN,NaN
344.79,-30.613,-11.76,61.315,-1.1669,-0.65568,-11.428,-12.65,-0.53234,26.559,0,0,0,NaN,NaN,NaN,NaN,NaN,NaN,NaN,NaN,NaN,47.62,0,2768.1,0.0064211,NaN,NaN,NaN,NaN,NaN,-1,-1,-0.98674,-1.0794,-9.5659,-13.17,-2.1791,26.325,NaN,NaN,NaN,NaN,NaN
344.79,-30.657,-11.725,61.375,-1.1319,-0.80135,-8.6318,-12.831,-0.26585,26.69,0,0,0,NaN,NaN,NaN,NaN,NaN,NaN,NaN,NaN,NaN,47.62,0,2768.1,0.0064211,NaN,NaN,NaN,NaN,NaN,-1,-1,-0.98216,-1.0413,-9.5591,-12.935,-2.0923,26.361,NaN,NaN,NaN,NaN,NaN
344.79,-30.701,-11.699,61.438,-0.93215,-0.70717,-9.7984,-12.814,-3.8625,26.395,0.43577,0.69378,-0.68064,NaN,NaN,NaN,NaN,NaN,NaN,NaN,NaN,NaN,47.62,0,2768.1,0.0064211,NaN,NaN,NaN,NaN,15.592,97663,11.688,-0.99935,-0.99748,-9.5817,-12.722,-1.9882,26.412,NaN,NaN,NaN,NaN,NaN
344.8,-30.788,-11.636,61.559,-0.80906,-1.6108,-9.7318,-12.875,-1.7742,26.206,0,0,0,NaN,NaN,NaN,NaN,NaN,NaN,NaN,NaN,NaN,47.62,0,2768.1,0.0064211,0.7977,2.5083,0.7114,0.0099889,NaN,-1,-1,-1.0025,-0.98045,-9.5696,-12.496,-1.9603,26.472,NaN,NaN,NaN,NaN,NaN
344.8,-30.832,-11.606,61.621,-1.0128,-1.1284,-9.232,-12.87,-2.3139,26.413,0,0,0,NaN,NaN,NaN,NaN,NaN,NaN,NaN,NaN,NaN,47.62,0,2768.1,0.0064211,NaN,NaN,NaN,NaN,NaN,-1,-1,-1.0004,-0.94905,-9.5396,-12.282,-1.8915,26.516,NaN,NaN,NaN,NaN,NaN
344.8,-30.875,-11.576,61.683,-1.2808,-1.1786,-10.488,-12.612,-2.2341,26.627,0.43307,0.68672,-0.67866,NaN,NaN,NaN,NaN,NaN,NaN,NaN,NaN,NaN,47.62,0,2768.1,0.0064211,NaN,NaN,NaN,NaN,15.458,97636,11.5,-1.0126,-0.90987,-9.5501,-12.096,-1.8111,26.567,NaN,NaN,NaN,NaN,NaN
344.8,-30.961,-11.511,61.804,-1.1483,-0.75143,-8.8812,-12.451,-2.5135,26.587,0,0,0,NaN,NaN,NaN,NaN,NaN,NaN,NaN,NaN,NaN,47.62,0,2768.1,0.0064211,NaN,NaN,NaN,NaN,NaN,-1,-1,-1.0161,-0.89256,-9.5501,-11.902,-1.8422,26.603,NaN,NaN,NaN,NaN,NaN
344.81,-31.001,-11.48,61.865,-1.1847,0.094332,-9.5554,-11.401,-1.8826,26.506,0,0,0,NaN,NaN,NaN,NaN,NaN,NaN,NaN,NaN,NaN,47.62,0,2768.1,0.0064211,NaN,NaN,NaN,NaN,NaN,-1,-1,-1.0067,-0.87433,-9.5323,-11.712,-1.8447,26.654,NaN,NaN,NaN,NaN,NaN
344.81,-31.041,-11.448,61.925,-0.79036,-1.7761,-10.853,-11.486,-1.4606,26.341,0.42352,0.6919,-0.67507,NaN,NaN,NaN,NaN,NaN,NaN,NaN,NaN,NaN,47.62,0,2768.1,0.0064211,0.72489,2.4797,0.7114,0.054939,15.513,97658,11.625,-1.0121,-0.83706,-9.5399,-11.514,-1.7605,26.693,NaN,NaN,NaN,NaN,NaN
344.81,-31.08,-11.417,61.986,-0.83517,-2.0499,-9.254,-11.464,-1.6655,26.477,0,0,0,NaN,NaN,NaN,NaN,NaN,NaN,NaN,NaN,NaN,47.62,0,2768.1,0.0064211,NaN,NaN,NaN,NaN,15.566,97669,11.688,-1.0248,-0.81652,-9.528,-11.308,-1.719,26.742,NaN,NaN,NaN,NaN,NaN
344.81,-31.157,-11.348,62.108,-1.1083,-0.56677,-8.6427,-10.678,-1.2783,26.988,0,0,0,NaN,NaN,NaN,NaN,NaN,NaN,NaN,NaN,NaN,47.62,0,2768.1,0.0064211,NaN,NaN,NaN,NaN,NaN,-1,-1,-1.0217,-0.79433,-9.5091,-11.103,-1.6765,26.743,NaN,NaN,NaN,NaN,NaN
344.82,-31.196,-11.319,62.171,-1.3808,-0.64785,-11.031,-10.686,-3.074,26.836,0.42164,0.70382,-0.67746,NaN,NaN,NaN,NaN,NaN,NaN,NaN,NaN,NaN,47.62,0,2768.1,0.0064211,NaN,NaN,NaN,NaN,NaN,-1,-1,-1.0279,-0.77963,-9.5119,-10.87,-1.667,26.778,NaN,NaN,NaN,NaN,NaN
344.82,-31.233,-11.284,62.23,-1.1626,-0.27594,-10.313,-10.622,-0.066864,26.73,0,0,0,NaN,NaN,NaN,NaN,NaN,NaN,NaN,NaN,NaN,47.62,0,2768.1,0.0064211,NaN,NaN,NaN,NaN,NaN,-1,-1,-1.0289,-0.7438,-9.4977,-10.596,-1.5454,26.824,NaN,NaN,NaN,NaN,NaN
344.82,-31.307,-11.218,62.352,-1.3874,-1.2947,-8.949,-10.22,-3.2406,26.836,0,0,0,NaN,NaN,NaN,NaN,NaN,NaN,NaN,NaN,NaN,47.64,0,2779.5,0.0069644,0.73091,2.6091,0.64081,0.094895,15.587,97672,11.625,-1.0273,-0.72292,-9.4964,-10.332,-1.5086,26.862,NaN,NaN,NaN,NaN,NaN
344.82,-31.343,-11.187,62.414,-1.3599,0.10122,-10.775,-9.8565,-2.4081,26.889,0.42321,0.69958,-0.66619,NaN,NaN,NaN,NaN,NaN,NaN,NaN,NaN,NaN,47.64,0,2779.5,0.0069644,NaN,NaN,NaN,NaN,NaN,-1,-1,-1.0376,-0.70325,-9.4879,-10.111,-1.4826,26.888,NaN,NaN,NaN,NaN,NaN
344.83,-31.378,-11.15,62.473,-1.1679,-0.78361,-10.577,-9.7825,0.68176,26.851,0,0,0,NaN,NaN,NaN,NaN,NaN,NaN,NaN,NaN,NaN,47.64,0,2779.5,0.0069644,NaN,NaN,NaN,NaN,15.359,97674,11.688,-1.0434,-0.67211,-9.4721,-9.8582,-1.3713,26.916,NaN,NaN,NaN,NaN,NaN
344.83,-31.413,-11.114,62.531,-0.69949,-0.85262,-7.5656,-9.8976,0.053514,26.664,0,0,0,NaN,NaN,NaN,NaN,NaN,NaN,NaN,NaN,NaN,47.64,0,2779.5,0.0069644,NaN,NaN,NaN,NaN,NaN,-1,-1,-1.0414,-0.64492,-9.4583,-9.6099,-1.3123,26.939,NaN,NaN,NaN,NaN,NaN
344.83,-31.448,-11.087,62.596,-1.1366,0.66286,-10.782,-9.0986,-3.9676,27.047,0,0,0,NaN,NaN,NaN,NaN,NaN,NaN,NaN,NaN,NaN,47.64,0,2779.5,0.0069644,NaN,NaN,NaN,NaN,15.432,97656,11.563,-1.0521,-0.62632,-9.4581,-9.388,-1.3333,26.967,NaN,NaN,NaN,NaN,NaN
344.83,-31.479,-11.05,62.655,-1.4924,-1.0379,-10.034,-8.4329,0.54024,26.855,0.40933,0.69954,-0.67189,NaN,NaN,NaN,NaN,NaN,NaN,NaN,NaN,NaN,47.64,0,2779.5,0.0069644,0.73584,2.6049,0.64203,0.09656,NaN,-1,-1,-1.05,-0.60864,-9.4475,-9.1707,-1.2115,27.004,NaN,NaN,NaN,NaN,NaN
344.84,-31.512,-11.012,62.714,-0.38415,-2.4854,-8.7177,-9.1255,0.55485,27.047,0,0,0,NaN,NaN,NaN,NaN,NaN,NaN,NaN,NaN,NaN,47.64,0,2779.5,0.0069644,NaN,NaN,NaN,NaN,NaN,-1,-1,-1.0488,-0.57951,-9.4366,-8.9724,-1.1407,27.048,NaN,NaN,NaN,NaN,NaN
344.84,-31.546,-10.983,62.779,-0.89423,0.13756,-8.8349,-9.1299,-3.4096,27.419,0,0,0,NaN,NaN,NaN,NaN,NaN,NaN,NaN,NaN,NaN,47.64,0,2779.5,0.0069644,NaN,NaN,NaN,NaN,15.33,97647,11.563,-1.0583,-0.56016,-9.4308,-8.7613,-1.1337,27.071,NaN,NaN,NaN,NaN,NaN
344.84,-31.577,-10.95,62.841,-1.5909,0.53267,-12.372,-7.7368,-1.5089,27.438,0,0,0,NaN,NaN,NaN,NaN,NaN,NaN,NaN,NaN,NaN,47.64,0,2779.5,0.0069644,NaN,NaN,NaN,NaN,NaN,-1,-1,-1.056,-0.54477,-9.3911,-8.5482,-1.0407,27.078,NaN,NaN,NaN,NaN,NaN
344.84,-31.607,-10.909,62.898,-0.92424,-0.93486,-9.611,-8.2382,1.9978,27.081,0.40928,0.70698,-0.66744,NaN,NaN,NaN,NaN,NaN,NaN,NaN,NaN,NaN,47.64,0,2779.5,0.0069644,0.71996,2.4898,0.71201,0.046615,15.355,97675,11.625,-1.0579,-0.5084,-9.3997,-8.3476,-1.0901,27.09,NaN,NaN,NaN,NaN,NaN
344.85,-31.64,-10.875,62.96,-0.82355,-0.053455,-7.3697,-8.9786,-1.3969,27.43,0,0,0,NaN,NaN,NaN,NaN,NaN,NaN,NaN,NaN,NaN,47.64,0,2779.5,0.0069644,NaN,NaN,NaN,NaN,NaN,-1,-1,-1.0641,-0.48111,-9.407,-8.1284,-1.0489,27.114,NaN,NaN,NaN,NaN,NaN
344.85,-31.672,-10.845,63.023,-1.1045,-0.16376,-10.712,-8.1605,-2.7578,27.087,0,0,0,NaN,NaN,NaN,NaN,NaN,NaN,NaN,NaN,NaN,47.64,0,2779.5,0.0069644,NaN,NaN,NaN,NaN,NaN,-1,-1,-1.0654,-0.44746,-9.3964,-7.9039,-0.87461,27.132,NaN,NaN,NaN,NaN,NaN
344.85,-31.702,-10.809,63.084,-1.0868,-1.0691,-9.5378,-7.9075,-0.42307,27.135,0,0,0,NaN,NaN,NaN,NaN,NaN,NaN,NaN,NaN,NaN,47.64,0,2779.5,0.0069644,NaN,NaN,NaN,NaN,15.226,97666,11.625,-1.0677,-0.41767,-9.3862,-7.665,-0.89596,27.147,NaN,NaN,NaN,NaN,NaN
344.85,-31.763,-10.738,63.205,-0.82294,0.34761,-8.2993,-7.9773,-1.7108,27.306,0,0,0,NaN,NaN,NaN,NaN,NaN,NaN,NaN,NaN,NaN,47.64,0,2779.5,0.0069644,NaN,NaN,NaN,NaN,NaN,-1,-1,-1.075,-0.39108,-9.3896,-7.5553,-0.86699,27.951,NaN,NaN,NaN,NaN,NaN
344.86,-31.79,-10.705,63.266,-1.2309,-0.62456,-11.492,-6.8615,-1.4563,27.013,0,0,0,NaN,NaN,NaN,NaN,NaN,NaN,NaN,NaN,NaN,47.64,0,2779.5,0.0069644,NaN,NaN,NaN,NaN,NaN,-1,-1,-1.0733,-0.37728,-9.3759,-7.3154,-0.80781,27.771,NaN,NaN,NaN,NaN,NaN
344.86,-31.818,-10.667,63.325,-1.1788,0.38333,-8.4166,-7.1953,0.89187,27.166,0,0,0,NaN,NaN,NaN,NaN,NaN,NaN,NaN,NaN,NaN,47.64,0,2779.5,0.0069644,NaN,NaN,NaN,NaN,15.565,97694,11.75,-1.0788,-0.35488,-9.3755,-7.0988,-0.70759,27.595,NaN,NaN,NaN,NaN,NaN
344.86,-31.845,-10.633,63.386,-0.84796,-0.20494,-9.319,-6.4254,-1.4021,26.951,0.40462,0.70453,-0.67009,NaN,NaN,NaN,NaN,NaN,NaN,NaN,NaN,NaN,47.64,0,2779.5,0.0069644,NaN,NaN,NaN,NaN,NaN,-1,-1,-1.0769,-0.34325,-9.3702,-6.891,-0.73026,27.438,NaN,NaN,NaN,NaN,NaN
344.86,-31.871,-10.599,63.446,-0.95944,-1.6513,-9.5813,-6.6002,-0.79504,26.978,0,0,0,NaN,NaN,NaN,NaN,NaN,NaN,NaN,NaN,NaN,47.64,0,2779.5,0.0069644,NaN,NaN,NaN,NaN,15.563,97663,11.625,-1.0747,-0.31585,-9.3482,-6.7484,-0.74848,28.065,NaN,NaN,NaN,NaN,NaN
344.87,-31.897,-10.563,63.506,-1.1348,-0.75378,-9.5092,-6.4014,-0.46272,26.923,0,0,0,NaN,NaN,NaN,NaN,NaN,NaN,NaN,NaN,NaN,47.64,0,2779.5,0.0069644,NaN,NaN,NaN,NaN,NaN,-1,-1,-1.0807,-0.28245,-9.3408,-6.4985,-0.68935,27.705,NaN,NaN,NaN,NaN,NaN
344.87,-31.921,-10.529,63.568,-0.69425,1.0775,-9.9348,-5.428,-1.3436,27.462,0,0,0,NaN,NaN,NaN,NaN,NaN,NaN,NaN,NaN,NaN,47.64,0,2779.5,0.0069644,NaN,NaN,NaN,NaN,NaN,-1,-1,-1.0868,-0.26355,-9.3234,-6.2758,-0.6735,27.378,NaN,NaN,NaN,NaN,NaN
344.87,-31.946,-10.492,63.626,-1.5229,-0.56871,-9.2133,-5.8548,0.31553,27.159,0.40214,0.7096,-0.66586,NaN,NaN,NaN,NaN,NaN,NaN,NaN,NaN,NaN,47.64,0,2779.5,0.0069644,0.72982,2.6097,0.6402,0.084906,15.544,97689,11.813,-1.0871,-0.23132,-9.3094,-6.039,-0.66793,27.057,NaN,NaN,NaN,NaN,NaN
344.87,-31.972,-10.458,63.688,-1.0467,-0.26493,-10.245,-6.2582,-1.3934,27.105,0,0,0,NaN,NaN,NaN,NaN,NaN,NaN,NaN,NaN,NaN,47.64,0,2779.5,0.0069644,NaN,NaN,NaN,NaN,NaN,-1,-1,-1.0848,-0.20863,-9.3083,-5.822,-0.72902,26.746,NaN,NaN,NaN,NaN,NaN
344.88,-31.997,-10.421,63.747,-1.1081,0.51413,-8.9497,-6.2248,0.066177,27.141,0,0,0,NaN,NaN,NaN,NaN,NaN,NaN,NaN,NaN,NaN,47.64,0,2779.5,0.0069644,NaN,NaN,NaN,NaN,NaN,-1,-1,-1.0863,-0.18881,-9.292,-5.6047,-0.67352,26.463,NaN,NaN,NaN,NaN,NaN
344.88,-32.02,-10.385,63.807,-0.65759,-0.77735,-8.7839,-5.4554,-0.53915,27.227,0,0,0,NaN,NaN,NaN,NaN,NaN,NaN,NaN,NaN,NaN,47.64,0,2779.5,0.0069644,NaN,NaN,NaN,NaN,15.226,97688,11.688,-1.09,-0.16609,-9.2546,-5.3773,-0.76878,26.193,NaN,NaN,NaN,NaN,NaN
344.88,-32.045,-10.351,63.868,-1.6334,-0.87651,-9.2457,-5.7394,-0.96354,26.993,0.395,0.7073,-0.6665,17.162,5.3555,-3.7756,18.37,40.058,-88.551,3.6776e+05,4.4354e+06,262.75,47.64,0,2779.5,0.0069644,NaN,NaN,NaN,NaN,NaN,-1,-1,-1.0877,-0.13637,-9.2357,-5.1485,-0.73771,25.946,18.156,2.0547,1.9021,5.9807,6.422
344.88,-32.069,-10.319,63.93,-1.0654,0.44232,-9.6509,-5.7273,-2.3805,27.287,0,0,0,NaN,NaN,NaN,NaN,NaN,NaN,NaN,NaN,NaN,47.64,0,2779.5,0.0069644,0.74788,2.6181,0.65298,0.07242,15.224,97637,11.5,-1.0882,-0.12968,-9.2343,-4.9273,-0.69469,25.701,NaN,NaN,NaN,NaN,NaN
344.89,-32.092,-10.281,63.989,-0.88463,0.27065,-10.842,-5.1209,0.36262,27.102,0,0,0,NaN,NaN,NaN,NaN,NaN,NaN,NaN,NaN,NaN,47.64,0,2779.5,0.0069644,NaN,NaN,NaN,NaN,NaN,-1,-1,-1.0929,-0.09722,-9.2101,-4.7368,-0.76427,25.468,NaN,NaN,NaN,NaN,NaN
344.89,-32.113,-10.244,64.047,-1.2753,-0.10395,-8.0655,-4.5972,0.39076,26.885,0,0,0,NaN,NaN,NaN,NaN,NaN,NaN,NaN,NaN,NaN,47.64,0,2779.5,0.0069644,NaN,NaN,NaN,NaN,NaN,-1,-1,-1.0802,-0.098641,-9.1231,-4.5262,-0.806,25.259,NaN,NaN,NaN,NaN,NaN
344.89,-32.134,-10.212,64.108,-0.97217,0.29252,-9.0569,-4.4577,-2.0033,26.619,0.39548,0.71919,-0.66868,NaN,NaN,NaN,NaN,NaN,NaN,NaN,NaN,NaN,47.64,0,2779.5,0.0069644,NaN,NaN,NaN,NaN,15.253,97663,11.625,-1.0821,-0.079677,-9.1123,-4.3072,-0.73363,25.067,NaN,NaN,NaN,NaN,NaN
344.89,-32.154,-10.176,64.167,-0.85942,-0.82665,-8.8378,-4.3957,-0.44633,26.884,0,0,0,NaN,NaN,NaN,NaN,NaN,NaN,NaN,NaN,NaN,47.64,0,2779.5,0.0069644,NaN,NaN,NaN,NaN,NaN,-1,-1,-1.0877,-0.048169,-9.1119,-4.1405,-0.80611,24.895,NaN,NaN,NaN,NaN,NaN
344.9,-32.174,-10.143,64.228,-0.82417,-0.78533,-10.16,-3.8928,-1.48,26.946,0,0,0,NaN,NaN,NaN,NaN,NaN,NaN,NaN,NaN,NaN,47.64,0,2779.5,0.0069644,0.79442,2.5059,0.70897,0.013319,NaN,-1,-1,-1.0941,-0.01034,-9.1082,-3.977,-0.82602,24.752,NaN,NaN,NaN,NaN,NaN
344.9,-32.192,-10.106,64.287,-1.2867,0.66227,-10.118,-3.6323,0.24076,27.094,0,0,0,NaN,NaN,NaN,NaN,NaN,NaN,NaN,NaN,NaN,47.64,0,2779.5,0.0069644,NaN,NaN,NaN,NaN,15.405,97625,11.438,-1.087,0.011257,-9.0726,-3.7752,-0.78698,24.605,NaN,NaN,NaN,NaN,NaN
344.9,-32.209,-10.067,64.344,-1.0166,0.47468,-8.2653,-3.2131,1.0474,26.869,0.38787,0.70992,-0.66491,NaN,NaN,NaN,NaN,NaN,NaN,NaN,NaN,NaN,47.64,0,2779.5,0.0069644,NaN,NaN,NaN,NaN,NaN,-1,-1,-1.0797,0.014623,-8.9835,-3.6147,-0.80453,24.467,NaN,NaN,NaN,NaN,NaN
344.9,-32.228,-10.035,64.406,-1.1319,-0.000167,-9.5199,-3.4611,-2.4005,27.134,0,0,0,NaN,NaN,NaN,NaN,NaN,NaN,NaN,NaN,NaN,47.64,0,2779.5,0.0069644,NaN,NaN,NaN,NaN,15.307,97674,11.688,-1.0831,0.037893,-9.0093,-3.4744,-0.85723,24.367,NaN,NaN,NaN,NaN,NaN
344.91,-32.247,-9.9991,64.465,-1.5789,0.60939,-10.22,-3.9811,-0.40382,26.847,0,0,0,NaN,NaN,NaN,NaN,NaN,NaN,NaN,NaN,NaN,47.64,0,2779.5,0.0069644,0.73803,2.6139,0.65481,0.073252,NaN,-1,-1,-1.0829,0.073737,-9.0079,-3.3141,-0.79713,24.268,NaN,NaN,NaN,NaN,NaN
344.91,0,0,0,0,0,0,0,0,0,0,0,0,NaN,NaN,NaN,NaN,NaN,NaN,NaN,NaN,NaN,47.64,0,2779.5,0.0069644,0.73803,2.6139,0.65481,0.073252,NaN,-1,-1,-1.0903,0.11217,-8.9955,-3.1759,-0.85444,24.19,NaN,NaN,NaN,NaN,NaN
344.91,-32.284,-9.9258,64.582,-1.2044,-0.5725,-7.5183,-3.8113,-1.603,26.647,0.3831,0.7125,-0.66312,NaN,NaN,NaN,NaN,NaN,NaN,NaN,NaN,NaN,47.64,0,2779.5,0.0069644,NaN,NaN,NaN,NaN,15.33,97668,11.625,-1.0967,0.14462,-8.9994,-3.0492,-0.80323,24.118,NaN,NaN,NaN,NaN,NaN
344.91,-32.302,-9.8962,64.645,-1.3879,0.5057,-10.475,-3.1992,-3.3372,26.851,0,0,0,NaN,NaN,NaN,NaN,NaN,NaN,NaN,NaN,NaN,47.64,0,2779.5,0.0069644,NaN,NaN,NaN,NaN,NaN,-1,-1,-1.0984,0.16701,-8.9647,-2.9196,-0.88126,24.06,NaN,NaN,NaN,NaN,NaN
344.92,-32.335,-9.8197,64.757,-0.86478,-0.44949,-7.6677,-3.0843,-0.417,26.362,0,0,0,NaN,NaN,NaN,NaN,NaN,NaN,NaN,NaN,NaN,47.64,0,2779.5,0.0069644,NaN,NaN,NaN,NaN,NaN,-1,-1,-1.1062,0.19517,-8.9521,-2.8005,-0.94818,24.041,NaN,NaN,NaN,NaN,NaN
344.92,0,0,0,0,0,0,0,0,0,0,0,0,NaN,NaN,NaN,NaN,NaN,NaN,NaN,NaN,NaN,47.64,0,2779.5,0.0069644,NaN,NaN,NaN,NaN,15.015,97667,11.625,-1.1094,0.22515,-8.9298,-2.6758,-0.95462,24.018,NaN,NaN,NaN,NaN,NaN
344.92,-32.353,-9.7875,64.818,-1.2116,0.88499,-8.5827,-3.2252,-2.0506,26.682,0.38795,0.71724,-0.66268,NaN,NaN,NaN,NaN,NaN,NaN,NaN,NaN,NaN,47.64,0,2779.5,0.0069644,NaN,NaN,NaN,NaN,NaN,-1,-1,-1.1018,0.24984,-8.9184,-2.6036,-0.95605,24.017,NaN,NaN,NaN,NaN,NaN
344.92,-32.368,-9.7544,64.877,-1.3926,0.1447,-9.997,-2.7122,-1.2342,26.1,0,0,0,NaN,NaN,NaN,NaN,NaN,NaN,NaN,NaN,NaN,47.64,0,2779.5,0.0069644,0.73091,2.6091,0.63716,0.089068,15.122,97639,11.563,-1.1039,0.27792,-8.8826,-2.5334,-1.0008,24.029,NaN,NaN,NaN,NaN,NaN
344.93,-32.399,-9.6831,64.993,-1.134,0.42774,-9.6309,-2.5942,-0.63822,26.808,0,0,0,NaN,NaN,NaN,NaN,NaN,NaN,NaN,NaN,NaN,47.64,0,2779.5,0.0069644,NaN,NaN,NaN,NaN,NaN,-1,-1,-1.1034,0.29402,-8.8461,-2.4249,-1.069,24.061,NaN,NaN,NaN,NaN,NaN
344.93,-32.413,-9.6477,65.052,-0.91767,1.2225,-8.8765,-2.1998,-0.63862,26.814,0.3646,0.7297,-0.66255,NaN,NaN,NaN,NaN,NaN,NaN,NaN,NaN,NaN,47.64,0,2779.5,0.0069644,NaN,NaN,NaN,NaN,NaN,-1,-1,-1.1042,0.32163,-8.8319,-2.3453,-1.0968,24.095,NaN,NaN,NaN,NaN,NaN
344.93,-32.428,-9.6144,65.111,-1.2862,-0.082056,-10.188,-2.3853,-1.266,26.288,0,0,0,NaN,NaN,NaN,NaN,NaN,NaN,NaN,NaN,NaN,NaN,0,2796.7,0.0069644,NaN,NaN,NaN,NaN,15.277,97634,11.5,-1.1055,0.35762,-8.8225,-2.323,-1.1082,24.145,NaN,NaN,NaN,NaN,NaN
344.93,-32.443,-9.5783,65.168,-1.7428,0.72858,-8.6548,-2.5973,-0.032258,26.344,0,0,0,NaN,NaN,NaN,NaN,NaN,NaN,NaN,NaN,NaN,NaN,0,2796.7,0.0069644,NaN,NaN,NaN,NaN,NaN,-1,-1,-1.1058,0.39527,-8.7733,-2.2667,-1.1153,24.216,NaN,NaN,NaN,NaN,NaN
344.94,-32.367,-9.5237,65.259,-1.1653,-0.088947,-7.935,-2.6003,-3.6158,26.051,0.36889,0.71522,-0.66217,NaN,NaN,NaN,NaN,NaN,NaN,NaN,NaN,NaN,NaN,0,2796.7,0.0069644,0.73474,2.4874,0.71506,0.04495,NaN,-1,-1,-1.1105,0.4226,-8.746,-2.204,-1.1912,24.303,NaN,NaN,NaN,NaN,NaN
344.94,-32.382,-9.4902,65.318,-1.9217,0.87092,-11.429,-2.6605,-1.2112,26.286,0,0,0,NaN,NaN,NaN,NaN,NaN,NaN,NaN,NaN,NaN,NaN,0,2796.7,0.0069644,0.73474,2.4874,0.71506,0.04495,15.177,97670,11.688,-1.1159,0.45093,-8.7265,-2.1728,-1.2099,24.396,NaN,NaN,NaN,NaN,NaN
344.94,-32.396,-9.45,65.372,-0.89441,0.54742,-8.3786,-2.2534,2.1194,26.096,0,0,0,NaN,NaN,NaN,NaN,NaN,NaN,NaN,NaN,NaN,47.62,0,2796.7,0.0069644,NaN,NaN,NaN,NaN,15.201,97660,11.625,-1.1198,0.45371,-8.7869,-2.1516,-1.2079,24.519,NaN,NaN,NaN,NaN,NaN
344.94,-32.411,-9.4203,65.432,-0.54461,-0.35398,-8.0827,-2.4205,-2.8521,26.102,0,0,0,NaN,NaN,NaN,NaN,NaN,NaN,NaN,NaN,NaN,47.62,0,2796.7,0.0069644,NaN,NaN,NaN,NaN,NaN,-1,-1,-1.1228,0.47221,-8.7681,-2.1354,-1.254,24.648,NaN,NaN,NaN,NaN,NaN
344.95,-32.425,-9.3898,65.491,-1.8637,1.4415,-10.906,-2.2776,-2.3184,25.749,0.37166,0.72467,-0.66414,NaN,NaN,NaN,NaN,NaN,NaN,NaN,NaN,NaN,47.62,0,2796.7,0.0069644,NaN,NaN,NaN,NaN,NaN,-1,-1,-1.1323,0.5088,-8.7656,-2.0999,-1.2844,24.793,NaN,NaN,NaN,NaN,NaN
344.95,-32.437,-9.3493,65.543,-1.1599,0.29892,-7.6768,-1.6619,2.5837,25.589,0,0,0,NaN,NaN,NaN,NaN,NaN,NaN,NaN,NaN,NaN,47.62,0,2796.7,0.0069644,0.74788,2.6115,0.65237,0.068258,NaN,-1,-1,-1.1231,0.53493,-8.7406,-2.0683,-1.2276,24.945,NaN,NaN,NaN,NaN,NaN
344.95,-32.45,-9.3205,65.603,-0.62868,-0.93034,-7.843,-1.9387,-2.91,25.465,0,0,0,NaN,NaN,NaN,NaN,NaN,NaN,NaN,NaN,NaN,47.62,0,2796.7,0.0069644,NaN,NaN,NaN,NaN,15.172,97638,11.5,-1.1214,0.56148,-8.7012,-2.0759,-1.2642,25.127,NaN,NaN,NaN,NaN,NaN
344.95,-32.464,-9.2925,65.664,-1.3468,1.128,-10.148,-2.0085,-3.6531,26.025,0,0,0,NaN,NaN,NaN,NaN,NaN,NaN,NaN,NaN,NaN,47.62,0,2796.7,0.0069644,NaN,NaN,NaN,NaN,NaN,-1,-1,-1.1296,0.56478,-8.7695,-2.083,-1.4098,25.316,NaN,NaN,NaN,NaN,NaN
344.96,-32.476,-9.2532,65.718,-1.4173,1.1874,-11.185,-1.5054,1.8007,25.868,0.36454,0.73222,-0.66033,NaN,NaN,NaN,NaN,NaN,NaN,NaN,NaN,NaN,47.62,0,2796.7,0.0069644,NaN,NaN,NaN,NaN,NaN,-1,-1,-1.136,0.58643,-8.7638,-2.0613,-1.2933,25.531,NaN,NaN,NaN,NaN,NaN
344.96,-32.489,-9.2178,65.773,-0.68467,-0.001603,-6.222,-2.0888,0.14845,25.511,0,0,0,NaN,NaN,NaN,NaN,NaN,NaN,NaN,NaN,NaN,47.62,0,2796.7,0.0069644,NaN,NaN,NaN,NaN,15.253,97664,11.625,-1.1388,0.59575,-8.7512,-2.0392,-1.2079,25.747,NaN,NaN,NaN,NaN,NaN
344.96,-32.504,-9.1938,65.835,-1.2813,1.5303,-10.071,-2.4783,-5.2045,25.507,0,0,0,NaN,NaN,NaN,NaN,NaN,NaN,NaN,NaN,NaN,47.62,0,2796.7,0.0069644,NaN,NaN,NaN,NaN,NaN,-1,-1,-1.1381,0.64166,-8.7403,-2.0194,-1.2832,25.991,NaN,NaN,NaN,NaN,NaN
344.96,-32.53,-9.1208,65.943,-0.17012,-0.91805,-7.5661,-2.1166,0.14181,25.326,0.36224,0.72973,-0.66276,NaN,NaN,NaN,NaN,NaN,NaN,NaN,NaN,NaN,47.62,0,2796.7,0.0069644,NaN,NaN,NaN,NaN,15.225,97654,11.563,-1.1406,0.66766,-8.7287,-2.0085,-1.2069,26.259,NaN,NaN,NaN,NaN,NaN
344.97,-32.545,-9.0954,66.005,-1.8292,1.4982,-8.5275,-2.4248,-4.7147,25.699,0,0,0,NaN,NaN,NaN,NaN,NaN,NaN,NaN,NaN,NaN,47.62,0,2796.7,0.0069644,NaN,NaN,NaN,NaN,NaN,-1,-1,-1.1496,0.68852,-8.705,-1.8709,-1.3109,25.541,NaN,NaN,NaN,NaN,NaN
344.97,-32.558,-9.0628,66.062,-1.5202,0.9723,-10.868,-1.8904,-1.1596,25.452,0,0,0,NaN,NaN,NaN,NaN,NaN,NaN,NaN,NaN,NaN,47.62,0,2796.7,0.0069644,NaN,NaN,NaN,NaN,NaN,-1,-1,-1.1479,0.71046,-8.6927,-1.86,-1.3595,25.631,NaN,NaN,NaN,NaN,NaN
344.97,-32.571,-9.026,66.114,-0.52357,-0.2855,-8.7632,-2.3635,1.2443,24.772,0,0,0,NaN,NaN,NaN,NaN,NaN,NaN,NaN,NaN,NaN,47.62,0,2796.7,0.0069644,NaN,NaN,NaN,NaN,15.174,97667,11.625,-1.146,0.71708,-8.6633,-1.8225,-1.5062,25.733,NaN,NaN,NaN,NaN,NaN
344.97,-32.585,-8.9971,66.172,-1.2437,1.587,-7.0814,-2.2481,-2.6276,25,0.35761,0.73712,-0.66095,NaN,NaN,NaN,NaN,NaN,NaN,NaN,NaN,NaN,47.62,0,2796.7,0.0069644,NaN,NaN,NaN,NaN,NaN,-1,-1,-1.1499,0.74838,-8.656,-1.7944,-1.5324,25.832,NaN,NaN,NaN,NaN,NaN
344.98,-32.596,-8.9685,66.228,-1.5323,1.8746,-9.8364,-1.1912,-2.5362,24.614,0,0,0,NaN,NaN,NaN,NaN,NaN,NaN,NaN,NaN,NaN,47.62,0,2796.7,0.0069644,NaN,NaN,NaN,NaN,NaN,-1,-1,-1.1587,0.75719,-8.6381,-1.6686,-1.5028,24.961,NaN,NaN,NaN,NaN,NaN
344.98,-32.606,-8.9368,66.283,-0.9388,-1.1124,-8.7899,-1.2042,-0.97294,24.451,0,0,0,NaN,NaN,NaN,NaN,NaN,NaN,NaN,NaN,NaN,47.62,0,2796.7,0.0069644,NaN,NaN,NaN,NaN,15.017,97676,11.688,-1.1577,0.78476,-8.5946,-1.6423,-1.59,24.879,NaN,NaN,NaN,NaN,NaN
344.98,-32.618,-8.9051,66.338,-1.037,0.17156,-8.8472,-1.6122,-1.1114,24.709,0,0,0,NaN,NaN,NaN,NaN,NaN,NaN,NaN,NaN,NaN,47.62,0,2796.7,0.0069644,NaN,NaN,NaN,NaN,NaN,-1,-1,-1.1563,0.81234,-8.6,-1.5879,-1.6157,24.774,NaN,NaN,NaN,NaN,NaN
344.98,-32.629,-8.872,66.392,-1.0291,2.2423,-8.3867,-1.4145,-0.4822,24.743,0.3572,0.72763,-0.65877,NaN,NaN,NaN,NaN,NaN,NaN,NaN,NaN,NaN,47.62,0,2796.7,0.0069644,NaN,NaN,NaN,NaN,15.148,97664,11.625,-1.1644,0.82715,-8.5922,-1.5429,-1.6072,24.681,NaN,NaN,NaN,NaN,NaN
344.99,-32.638,-8.8436,66.449,-1.1817,0.97591,-9.3422,-0.34177,-2.6703,24.648,0,0,0,NaN,NaN,NaN,NaN,NaN,NaN,NaN,NaN,NaN,47.62,0,2796.7,0.0069644,NaN,NaN,NaN,NaN,NaN,-1,-1,-1.1626,0.85035,-8.5556,-1.4645,-1.6992,24.591,NaN,NaN,NaN,NaN,NaN
344.99,-32.649,-8.8129,66.504,-1.5149,0.40019,-9.6463,-1.6848,-1.4524,24.382,0,0,0,NaN,NaN,NaN,NaN,NaN,NaN,NaN,NaN,NaN,47.62,0,2796.7,0.0069644,0.73146,2.6115,0.63655,0.094895,NaN,-1,-1,-1.1655,0.85838,-8.5314,-1.3808,-1.7053,24.497,NaN,NaN,NaN,NaN,NaN
344.99,-32.66,-8.7785,66.556,-1.2108,1.2952,-7.7418,-1.558,0.32223,24.427,0,0,0,NaN,NaN,NaN,NaN,NaN,NaN,NaN,NaN,NaN,47.62,0,2796.7,0.0069644,NaN,NaN,NaN,NaN,15.25,97658,11.563,-1.1657,0.88118,-8.5217,-1.3204,-1.7444,24.4,NaN,NaN,NaN,NaN,NaN
344.99,-32.671,-8.7482,66.611,-0.51959,0.35696,-7.231,-1.2973,-1.6235,24.418,0.35968,0.72748,-0.66077,NaN,NaN,NaN,NaN,NaN,NaN,NaN,NaN,NaN,47.62,0,2796.7,0.0069644,NaN,NaN,NaN,NaN,NaN,-1,-1,-1.1634,0.89888,-8.5083,-1.2592,-1.8379,24.287,NaN,NaN,NaN,NaN,NaN
345,-32.682,-8.7235,66.669,-1.9464,0.48608,-10.065,-1.4456,-4.1691,24.195,0,0,0,NaN,NaN,NaN,NaN,NaN,NaN,NaN,NaN,NaN,47.62,0,2796.7,0.0069644,NaN,NaN,NaN,NaN,NaN,-1,-1,-1.1738,0.93168,-8.4872,-1.1884,-1.8543,24.188,NaN,NaN,NaN,NaN,NaN
345,-32.692,-8.6903,66.722,-1.4279,1.6607,-9.5504,-1.0945,-0.17676,24.303,0,0,0,NaN,NaN,NaN,NaN,NaN,NaN,NaN,NaN,NaN,47.62,0,2796.7,0.0069644,NaN,NaN,NaN,NaN,15.119,97635,11.5,-1.1847,0.95896,-8.4758,-1.1072,-1.8298,24.087,NaN,NaN,NaN,NaN,NaN
345,-32.703,-8.6571,66.774,-0.47696,0.48188,-7.3986,-1.473,-0.02819,24.03,0,0,0,NaN,NaN,NaN,NaN,NaN,NaN,NaN,NaN,NaN,47.62,0,2796.7,0.0069644,NaN,NaN,NaN,NaN,NaN,-1,-1,-1.1722,0.96317,-8.4437,-1.0492,-1.8864,23.986,NaN,NaN,NaN,NaN,NaN
345,-32.715,-8.6351,66.833,-1.1291,1.1743,-8.238,-1.5497,-5.2587,23.878,0.34118,0.73975,-0.66243,NaN,NaN,NaN,NaN,NaN,NaN,NaN,NaN,NaN,47.62,0,2796.7,0.0069644,0.73639,2.6049,0.63899,0.092398,14.987,97614,11.438,-1.1772,0.99186,-8.4228,-0.97412,-1.9304,23.883,NaN,NaN,NaN,NaN,NaN
345.01,-32.723,-8.6053,66.886,-1.727,2.2664,-11.081,-0.55233,-1.3582,23.562,0,0,0,NaN,NaN,NaN,NaN,NaN,NaN,NaN,NaN,NaN,47.62,0,2796.7,0.0069644,NaN,NaN,NaN,NaN,NaN,-1,-1,-1.1752,1.0059,-8.4053,-0.89004,-1.8692,23.77,NaN,NaN,NaN,NaN,NaN
345.01,-32.73,-8.5699,66.935,-0.96517,-0.2845,-6.5116,-0.12107,1.2002,23.752,0,0,0,NaN,NaN,NaN,NaN,NaN,NaN,NaN,NaN,NaN,47.62,0,2796.7,0.0069644,NaN,NaN,NaN,NaN,NaN,-1,-1,-1.1751,1.0329,-8.4048,-0.80852,-1.9456,23.649,NaN,NaN,NaN,NaN,NaN
345.01,-32.739,-8.5476,66.993,-0.65026,-0.052877,-7.2579,-0.74731,-4.9021,23.575,0,0,0,NaN,NaN,NaN,NaN,NaN,NaN,NaN,NaN,NaN,47.62,0,2796.7,0.0069644,NaN,NaN,NaN,NaN,15.25,97657,11.563,-1.1773,1.0487,-8.3738,-0.73086,-1.9858,23.541,NaN,NaN,NaN,NaN,NaN
345.01,-32.747,-8.5216,67.049,-1.7443,1.9313,-11.156,-0.34738,-3.3454,23.792,0.34738,0.72812,-0.65297,NaN,NaN,NaN,NaN,NaN,NaN,NaN,NaN,NaN,47.62,0,2796.7,0.0069644,0.79442,2.5244,0.70471,-0,NaN,-1,-1,-1.1744,1.056,-8.3345,-0.62099,-1.951,23.424,NaN,NaN,NaN,NaN,NaN
345.02,-32.762,-8.4569,67.151,-0.59861,0.78226,-6.5734,-0.5132,-2.1136,23.678,0,0,0,NaN,NaN,NaN,NaN,NaN,NaN,NaN,NaN,NaN,47.62,0,2796.7,0.0069644,NaN,2.5244,NaN,NaN,NaN,-1,-1,-1.1804,1.0697,-8.3443,-0.5317,-1.9281,23.303,NaN,NaN,NaN,NaN,NaN
345.02,-32.772,-8.4355,67.208,-1.6687,1.6598,-8.5997,-0.94034,-5.1188,23.174,0,0,0,NaN,NaN,NaN,NaN,NaN,NaN,NaN,NaN,NaN,47.62,0,2796.7,0.0069644,NaN,NaN,NaN,NaN,15.04,97658,11.563,-1.1763,1.0758,-8.3263,-0.44506,-2.0322,23.192,NaN,NaN,NaN,NaN,NaN
345.02,-32.78,-8.4016,67.257,-1.2691,0.60774,-9.7107,-0.56052,0.82987,23.179,0.34111,0.73735,-0.66244,NaN,NaN,NaN,NaN,NaN,NaN,NaN,NaN,NaN,47.62,0,2796.7,0.0069644,NaN,NaN,NaN,NaN,NaN,-1,-1,-1.1736,1.0958,-8.303,-0.36207,-2.0131,23.071,NaN,NaN,NaN,NaN,NaN
345.02,-32.787,-8.3743,67.309,-0.94661,1.0019,-6.5237,-0.3196,-2.0676,22.842,0,0,0,NaN,NaN,NaN,NaN,NaN,NaN,NaN,NaN,NaN,47.62,0,2796.7,0.0069644,NaN,NaN,NaN,NaN,14.987,97660,11.563,-1.1853,1.1297,-8.2907,-0.29901,-2.1837,22.963,NaN,NaN,NaN,NaN,NaN
345.03,-32.802,-8.3209,67.415,-1.3654,1.3986,-9.8551,-0.62401,-1.0922,22.848,0,0,0,NaN,NaN,NaN,NaN,NaN,NaN,NaN,NaN,NaN,47.62,0,2796.7,0.0069644,0.79497,2.5089,0.71201,-0.0016648,NaN,-1,-1,-1.1882,1.1457,-8.2593,-0.22533,-2.1791,22.851,NaN,NaN,NaN,NaN,NaN
345.03,-32.81,-8.2935,67.466,-0.94988,1.0315,-8.3982,-0.29439,-1.8524,22.526,0.33431,0.74705,-0.66304,NaN,NaN,NaN,NaN,NaN,NaN,NaN,NaN,NaN,47.62,0,2796.7,0.0069644,NaN,NaN,NaN,NaN,NaN,-1,-1,-1.1819,1.1578,-8.236,-0.14925,-2.1178,22.713,NaN,NaN,NaN,NaN,NaN
345.03,-32.816,-8.269,67.519,-1.0587,1.9467,-7.6885,0.22924,-3.0225,22.208,0,0,0,NaN,NaN,NaN,NaN,NaN,NaN,NaN,NaN,NaN,47.62,0,2796.7,0.0069644,NaN,NaN,NaN,NaN,15.069,97663,11.625,-1.1878,1.183,-8.2364,-0.095286,-2.1802,22.59,NaN,NaN,NaN,NaN,NaN
345.03,-32.821,-8.2415,67.569,-1.2404,0.96829,-7.6703,0.38606,-1.6234,22.233,0,0,0,NaN,NaN,NaN,NaN,NaN,NaN,NaN,NaN,NaN,47.62,0,2796.7,0.0069644,NaN,NaN,NaN,NaN,NaN,-1,-1,-1.1821,1.1947,-8.2192,-0.027953,-2.2791,22.469,NaN,NaN,NaN,NaN,NaN
345.04,-32.827,-8.2166,67.621,-1.18,0.21929,-8.6812,0.12651,-2.8054,22.128,0,0,0,NaN,NaN,NaN,NaN,NaN,NaN,NaN,NaN,NaN,47.62,0,2796.7,0.0069644,NaN,NaN,NaN,NaN,NaN,-1,-1,-1.1897,1.2288,-8.2168,0.048476,-2.297,22.34,NaN,NaN,NaN,NaN,NaN
345.04,-32.832,-8.1927,67.673,-1.4965,1.3872,-9.2506,0.6632,-3.4122,22.327,0.3267,0.73778,-0.65928,NaN,NaN,NaN,NaN,NaN,NaN,NaN,NaN,NaN,47.62,0,2796.7,0.0069644,0.72763,2.4862,0.71506,0.040788,15.017,97659,11.625,-1.1961,1.2506,-8.1922,0.12906,-2.2564,22.208,NaN,NaN,NaN,NaN,NaN
345.04,-32.837,-8.1622,67.722,-0.56356,2.1535,-8.1902,0.23652,-0.21927,22.249,0,0,0,NaN,NaN,NaN,NaN,NaN,NaN,NaN,NaN,NaN,47.62,0,2813.8,0.0069644,NaN,NaN,NaN,NaN,15.092,97661,11.563,-1.1938,1.2582,-8.1501,0.2227,-2.2873,22.069,NaN,NaN,NaN,NaN,NaN
345.04,-32.849,-8.1144,67.825,-2.0181,1.8791,-9.4642,-0.0094538,-3.2763,21.807,0,0,0,NaN,NaN,NaN,NaN,NaN,NaN,NaN,NaN,NaN,47.62,0,2813.8,0.0069644,NaN,NaN,NaN,NaN,NaN,-1,-1,-1.1938,1.2677,-8.14,0.33836,-2.4009,21.927,NaN,NaN,NaN,NaN,NaN
345.05,-32.854,-8.0859,67.873,-1.0024,1.302,-7.7303,0.54299,-0.90671,21.797,0.32682,0.73274,-0.66372,NaN,NaN,NaN,NaN,NaN,NaN,NaN,NaN,NaN,47.62,0,2813.8,0.0069644,NaN,NaN,NaN,NaN,NaN,-1,-1,-1.197,1.2802,-8.1261,0.43278,-2.3845,21.789,NaN,NaN,NaN,NaN,NaN
345.05,-32.859,-8.0616,67.924,-0.6254,0.78749,-7.0731,0.59295,-2.9354,21.862,0,0,0,NaN,NaN,NaN,NaN,NaN,NaN,NaN,NaN,NaN,47.62,0,2813.8,0.0069644,NaN,NaN,NaN,NaN,NaN,-1,-1,-1.1987,1.3005,-8.1116,0.51885,-2.3384,21.651,NaN,NaN,NaN,NaN,NaN
345.05,-32.864,-8.0384,67.976,-1.8711,1.2603,-9.1858,0.25691,-3.3009,21.643,0,0,0,NaN,NaN,NaN,NaN,NaN,NaN,NaN,NaN,NaN,47.62,0,2813.8,0.0069644,NaN,NaN,NaN,NaN,15.175,97679,11.688,-1.1989,1.3241,-8.1017,0.60259,-2.3912,21.519,NaN,NaN,NaN,NaN,NaN
345.05,-32.869,-8.0102,68.023,-1.4084,1.7156,-8.1215,0.33971,-0.7645,21.389,0,0,0,NaN,NaN,NaN,NaN,NaN,NaN,NaN,NaN,NaN,47.62,0,2813.8,0.0069644,0.73091,2.6133,0.63594,0.095727,NaN,-1,-1,-1.2087,1.3467,-8.0723,0.68305,-2.4423,21.38,NaN,NaN,NaN,NaN,NaN
345.06,-32.873,-7.9868,68.073,-0.59746,1.2626,-7.9992,0.93283,-3.0112,21.291,0.32943,0.7447,-0.66111,NaN,NaN,NaN,NaN,NaN,NaN,NaN,NaN,NaN,47.62,0,2813.8,0.0069644,NaN,NaN,NaN,NaN,NaN,-1,-1,-1.2062,1.3552,-8.0526,0.76541,-2.4187,21.246,NaN,NaN,NaN,NaN,NaN
345.06,-32.877,-7.9647,68.122,-1.377,1.8463,-8.1904,0.62768,-3.3188,20.868,0,0,0,NaN,NaN,NaN,NaN,NaN,NaN,NaN,NaN,NaN,47.62,0,2813.8,0.0069644,NaN,NaN,NaN,NaN,15.044,97678,11.688,-1.2002,1.3629,-8.0482,0.84355,-2.3977,21.118,NaN,NaN,NaN,NaN,NaN
345.06,-32.88,-7.9382,68.169,-1.7151,1.5206,-8.7116,1.1121,-1.2137,20.808,0,0,0,NaN,NaN,NaN,NaN,NaN,NaN,NaN,NaN,NaN,47.62,0,2813.8,0.0069644,NaN,NaN,NaN,NaN,NaN,-1,-1,-1.2087,1.3834,-8.0242,0.89009,-2.5086,20.987,NaN,NaN,NaN,NaN,NaN
345.06,-32.883,-7.9138,68.217,-0.82074,0.83429,-6.7241,1.1128,-2.1544,20.704,0,0,0,NaN,NaN,NaN,NaN,NaN,NaN,NaN,NaN,NaN,47.62,0,2813.8,0.0069644,NaN,NaN,NaN,NaN,15.043,97685,11.688,-1.2113,1.4099,-8.0068,0.94452,-2.5074,20.84,NaN,NaN,NaN,NaN,NaN
345.07,-32.886,-7.8945,68.268,-1.1754,0.95808,-8.6859,1.3133,-4.6077,20.735,0.32438,0.73769,-0.65934,NaN,NaN,NaN,NaN,NaN,NaN,NaN,NaN,NaN,47.62,0,2813.8,0.0069644,0.73748,2.6008,0.63899,0.09656,NaN,-1,-1,-1.2119,1.4214,-8.0119,1.0284,-2.4332,20.694,NaN,NaN,NaN,NaN,NaN
345.07,-32.889,-7.8684,68.315,-1.2028,2.3378,-9.1434,1.0145,-1.4098,20.83,0,0,0,NaN,NaN,NaN,NaN,NaN,NaN,NaN,NaN,NaN,47.62,0,2813.8,0.0069644,NaN,NaN,NaN,NaN,NaN,-1,-1,-1.2117,1.45,-7.9826,1.0888,-2.5269,20.551,NaN,NaN,NaN,NaN,NaN
345.07,-32.891,-7.8439,68.362,-0.83395,1.4388,-7.6833,1.1531,-1.9794,20.568,0,0,0,NaN,NaN,NaN,NaN,NaN,NaN,NaN,NaN,NaN,47.62,0,2813.8,0.0069644,NaN,NaN,NaN,NaN,15.066,97657,11.563,-1.2078,1.4625,-7.9513,1.1635,-2.6155,20.419,NaN,NaN,NaN,NaN,NaN
345.07,-32.895,-7.8238,68.411,-1.5637,1.5712,-7.6899,0.78604,-3.8359,20.15,0,0,0,NaN,NaN,NaN,NaN,NaN,NaN,NaN,NaN,NaN,47.62,0,2813.8,0.0069644,NaN,NaN,NaN,NaN,NaN,-1,-1,-1.2076,1.4763,-7.944,1.2428,-2.6631,20.289,NaN,NaN,NaN,NaN,NaN
345.08,-32.898,-7.8009,68.458,-1.3545,1.8135,-8.0402,1.1659,-2.5387,20.146,0.31266,0.74025,-0.6604,NaN,NaN,NaN,NaN,NaN,NaN,NaN,NaN,NaN,47.62,0,2813.8,0.0069644,NaN,NaN,NaN,NaN,NaN,-1,-1,-1.1976,1.487,-7.9232,1.2993,-2.7738,20.136,NaN,NaN,NaN,NaN,NaN
345.08,-32.899,-7.7767,68.503,-0.82876,0.82007,-7.54,1.4041,-1.7971,20.072,0,0,0,NaN,NaN,NaN,NaN,NaN,NaN,NaN,NaN,NaN,47.62,0,2813.8,0.0069644,0.72489,2.6187,0.64264,0.080744,15.142,97656,11.5,-1.1991,1.5038,-7.901,1.3726,-2.7466,19.99,NaN,NaN,NaN,NaN,NaN
345.08,-32.901,-7.7569,68.552,-1.7494,1.6126,-8.1051,1.6088,-3.8584,19.953,0,0,0,NaN,NaN,NaN,NaN,NaN,NaN,NaN,NaN,NaN,47.62,0,2813.8,0.0069644,NaN,NaN,NaN,NaN,NaN,-1,-1,-1.2082,1.5336,-7.903,1.4327,-2.7734,19.842,NaN,NaN,NaN,NaN,NaN
345.08,-32.904,-7.7352,68.599,-1.4283,1.7039,-8.2207,0.97695,-2.9749,19.946,0,0,0,NaN,NaN,NaN,NaN,NaN,NaN,NaN,NaN,NaN,47.62,0,2813.8,0.0069644,NaN,NaN,NaN,NaN,15.249,97663,11.563,-1.2062,1.5296,-7.8603,1.5614,-2.8522,20.169,NaN,NaN,NaN,NaN,NaN
345.09,-32.907,-7.6915,68.691,-1.2577,1.6434,-8.2813,1.5908,-3.0096,19.647,0,0,0,NaN,NaN,NaN,NaN,NaN,NaN,NaN,NaN,NaN,47.62,0,2813.8,0.0069644,NaN,NaN,NaN,NaN,NaN,-1,-1,-1.1969,1.5436,-7.8571,1.6147,-2.8149,19.895,NaN,NaN,NaN,NaN,NaN
345.09,-32.907,-7.6691,68.734,-1.4591,2.2814,-8.2152,2.3286,-1.9905,18.984,0,0,0,NaN,NaN,NaN,NaN,NaN,NaN,NaN,NaN,NaN,47.62,0,2813.8,0.0069644,NaN,NaN,NaN,NaN,NaN,-1,-1,-1.2065,1.5824,-7.8577,1.6469,-2.829,19.613,NaN,NaN,NaN,NaN,NaN
345.09,-32.906,-7.6487,68.779,-0.88955,0.63826,-6.3072,2.2815,-2.8065,18.812,0,0,0,NaN,NaN,NaN,NaN,NaN,NaN,NaN,NaN,NaN,47.62,0,2813.8,0.0069644,NaN,NaN,NaN,NaN,15.043,97704,11.75,-1.2064,1.5907,-7.8366,1.6885,-2.8738,19.35,NaN,NaN,NaN,NaN,NaN
345.09,-32.907,-7.6322,68.826,-1.2161,1.0378,-8.3574,1.8535,-4.784,18.925,0.3105,0.73764,-0.66504,NaN,NaN,NaN,NaN,NaN,NaN,NaN,NaN,NaN,47.62,0,2813.8,0.0069644,0.83493,2.5107,0.71019,-0,NaN,-1,-1,-1.203,1.6068,-7.801,1.7006,-2.8346,19.088,NaN,NaN,NaN,NaN,NaN
345.1,-32.907,-7.6096,68.87,-1.2323,2.4237,-8.9849,1.6364,-1.9279,19.074,0,0,0,NaN,NaN,NaN,NaN,NaN,NaN,NaN,NaN,NaN,47.62,0,2813.8,0.0069644,NaN,NaN,NaN,NaN,NaN,-1,-1,-1.1983,1.6283,-7.7692,1.8582,-2.9802,19.287,NaN,NaN,NaN,NaN,NaN
345.1,-32.907,-7.5857,68.913,-1.1412,2.0269,-7.6173,2.1728,-1.3286,19.045,0,0,0,NaN,NaN,NaN,NaN,NaN,NaN,NaN,NaN,NaN,47.62,0,2813.8,0.0069644,NaN,NaN,NaN,NaN,15.198,97634,11.5,-1.2017,1.6308,-7.7744,1.8778,-2.8857,18.926,NaN,NaN,NaN,NaN,NaN
345.1,-32.908,-7.5681,68.959,-1.244,1.5393,-7.6426,1.5171,-4.03,18.575,0,0,0,NaN,NaN,NaN,NaN,NaN,NaN,NaN,NaN,NaN,47.62,0,2813.8,0.0069644,0.77088,2.6049,0.65237,0.059934,NaN,-1,-1,-1.2042,1.641,-7.7707,1.8818,-2.8945,18.576,NaN,NaN,NaN,NaN,NaN
345.1,-32.908,-7.5484,69.003,-1.4169,2.4047,-7.4385,1.731,-3.0034,18.507,0.30143,0.7547,-0.66363,NaN,NaN,NaN,NaN,NaN,NaN,NaN,NaN,NaN,47.62,0,2813.8,0.0069644,0.77088,2.6049,0.65237,0.059934,15.042,97688,11.688,-1.1949,1.6663,-7.7583,1.913,-2.7966,18.233,NaN,NaN,NaN,NaN,NaN
345.11,-32.908,-7.5262,69.045,-1.1631,1.1001,-7.8427,1.9587,-1.5772,18.228,0,0,0,NaN,NaN,NaN,NaN,NaN,NaN,NaN,NaN,NaN,47.62,0,2813.8,0.0069644,NaN,NaN,NaN,NaN,NaN,-1,-1,-1.1927,1.6761,-7.7508,1.9417,-2.8777,17.908,NaN,NaN,NaN,NaN,NaN
345.11,-32.909,-7.51,69.09,-1.2545,1.4002,-7.4444,1.793,-4.4058,18.124,0,0,0,NaN,NaN,NaN,NaN,NaN,NaN,NaN,NaN,NaN,47.62,0,2813.8,0.0069644,NaN,NaN,NaN,NaN,NaN,-1,-1,-1.201,1.6954,-7.7229,1.9676,-2.9214,17.592,NaN,NaN,NaN,NaN,NaN
345.11,-32.908,-7.4908,69.133,-1.4067,1.47,-8.6039,1.9629,-2.857,18.023,0,0,0,NaN,NaN,NaN,NaN,NaN,NaN,NaN,NaN,NaN,47.62,0,2813.8,0.0069644,NaN,NaN,NaN,NaN,15.01,97659,11.5,-1.2016,1.6994,-7.7114,1.9793,-2.879,17.283,NaN,NaN,NaN,NaN,NaN
345.11,-32.909,-7.4706,69.173,-1.1611,1.928,-7.3005,1.5235,-2.0981,17.5,0.3039,0.74962,-0.66786,16.771,6.3805,-4.1244,18.411,40.058,-88.55,3.6776e+05,4.4354e+06,261.91,47.62,0,2813.8,0.0069644,NaN,NaN,NaN,NaN,NaN,-1,-1,-1.1962,1.7112,-7.7096,2.0208,-2.9133,16.987,18.327,-0.95505,1.4741,4.5985,-2.9734
345.12,-32.908,-7.4536,69.215,-1.1548,2.6214,-8.0615,2.1425,-3.4754,17.271,0,0,0,NaN,NaN,NaN,NaN,NaN,NaN,NaN,NaN,NaN,47.62,0,2813.8,0.0069644,NaN,NaN,NaN,NaN,NaN,-1,-1,-1.1967,1.7355,-7.7011,2.0509,-2.8493,16.688,NaN,NaN,NaN,NaN,NaN
345.12,-32.905,-7.4363,69.257,-1.3606,2.0662,-8.0627,2.8724,-3.3005,17.245,0,0,0,NaN,NaN,NaN,NaN,NaN,NaN,NaN,NaN,NaN,47.62,0,2813.8,0.0069644,0.77033,2.4743,0.71688,0.046615,15.118,97665,11.563,-1.1998,1.7497,-7.6838,2.0653,-2.829,16.418,NaN,NaN,NaN,NaN,NaN
345.12,-32.903,-7.4172,69.298,-1.0787,1.2785,-7.2787,2.5647,-2.4543,17.294,0,0,0,NaN,NaN,NaN,NaN,NaN,NaN,NaN,NaN,NaN,47.62,0,2813.8,0.0069644,NaN,NaN,NaN,NaN,NaN,-1,-1,-1.2013,1.7577,-7.6688,2.1135,-2.764,16.151,NaN,NaN,NaN,NaN,NaN
345.12,-32.899,-7.3835,69.381,-1.13,1.9536,-7.5999,2.7098,-3.4498,16.942,0,0,0,NaN,NaN,NaN,NaN,NaN,NaN,NaN,NaN,NaN,47.62,0,2813.8,0.0069644,NaN,NaN,NaN,NaN,15.276,97682,11.625,-1.1939,1.7768,-7.6628,2.1657,-2.7709,15.882,NaN,NaN,NaN,NaN,NaN
345.13,-32.896,-7.3651,69.421,-1.1844,2.1732,-9.0147,2.713,-2.4664,16.778,0,0,0,NaN,NaN,NaN,NaN,NaN,NaN,NaN,NaN,NaN,47.62,0,2813.8,0.0069644,NaN,NaN,NaN,NaN,NaN,-1,-1,-1.1948,1.7965,-7.6341,2.2152,-2.7885,15.623,NaN,NaN,NaN,NaN,NaN
345.13,-32.894,-7.3471,69.46,-1.4664,2.0973,-7.1078,2.4043,-2.4802,16.54,0,0,0,NaN,NaN,NaN,NaN,NaN,NaN,NaN,NaN,NaN,47.62,0,2813.8,0.0069644,NaN,NaN,NaN,NaN,NaN,-1,-1,-1.1938,1.7994,-7.6287,2.2875,-2.7669,15.386,NaN,NaN,NaN,NaN,NaN
345.13,-32.892,-7.332,69.502,-1.0567,2.3944,-6.9653,2.5351,-3.9759,16.677,0.30775,0.73803,-0.65861,NaN,NaN,NaN,NaN,NaN,NaN,NaN,NaN,NaN,47.62,0,2813.8,0.0069644,0.75774,2.6085,0.6329,0.10572,15.171,97621,11.438,-1.1943,1.81,-7.622,2.3494,-2.7559,15.154,NaN,NaN,NaN,NaN,NaN
345.13,-32.891,-7.3135,69.54,-1.1367,0.79659,-7.8362,2.2346,-2.1742,16.42,0,0,0,NaN,NaN,NaN,NaN,NaN,NaN,NaN,NaN,NaN,47.62,0,2813.8,0.0069644,0.75774,2.6085,0.6329,0.10572,NaN,-1,-1,-1.1846,1.837,-7.6143,2.431,-2.7517,14.928,NaN,NaN,NaN,NaN,NaN
345.14,-32.888,-7.2972,69.579,-1.7175,2.2669,-7.9192,2.7539,-3.0114,16.029,0,0,0,NaN,NaN,NaN,NaN,NaN,NaN,NaN,NaN,NaN,47.62,0,2813.8,0.0069644,NaN,NaN,NaN,NaN,NaN,-1,-1,-1.1723,1.8246,-7.5323,2.5174,-2.726,14.716,NaN,NaN,NaN,NaN,NaN
345.14,0,0,0,0,0,0,0,0,0,0,0,0,NaN,NaN,NaN,NaN,NaN,NaN,NaN,NaN,NaN,47.62,0,2813.8,0.0069644,NaN,NaN,NaN,NaN,15.277,97674,11.625,-1.1732,1.8418,-7.5204,2.6166,-2.7493,14.513,NaN,NaN,NaN,NaN,NaN
345.14,-32.883,-7.2651,69.657,-0.87155,1.5516,-6.9268,2.1103,-3.8212,15.887,0.30088,0.74041,-0.66146,NaN,NaN,NaN,NaN,NaN,NaN,NaN,NaN,NaN,47.62,0,2813.8,0.0069644,NaN,NaN,NaN,NaN,NaN,-1,-1,-1.1813,1.861,-7.5195,2.6977,-2.7669,14.322,NaN,NaN,NaN,NaN,NaN
345.14,-32.879,-7.2505,69.697,-1.7789,2.3563,-9.679,3.2132,-3.6465,15.855,0,0,0,NaN,NaN,NaN,NaN,NaN,NaN,NaN,NaN,NaN,47.62,0,2813.8,0.0069644,0.81741,2.5095,0.71506,0.0083241,14.965,97673,11.688,-1.1733,1.8746,-7.5202,2.7933,-2.7671,14.141,NaN,NaN,NaN,NaN,NaN
345.15,-32.874,-7.2314,69.732,-1.128,2.871,-7.3818,3.2113,-1.2037,15.337,0,0,0,NaN,NaN,NaN,NaN,NaN,NaN,NaN,NaN,NaN,47.62,0,2813.8,0.0069644,NaN,NaN,NaN,NaN,NaN,-1,-1,-1.1823,1.8885,-7.5112,2.9089,-2.7474,13.956,NaN,NaN,NaN,NaN,NaN
345.15,-32.868,-7.2203,69.771,-0.73882,1.4387,-5.5927,4.0003,-4.878,15.162,0,0,0,NaN,NaN,NaN,NaN,NaN,NaN,NaN,NaN,NaN,47.62,0,2813.8,0.0069644,NaN,NaN,NaN,NaN,NaN,-1,-1,-1.1819,1.9224,-7.5089,3.0248,-2.7667,13.78,NaN,NaN,NaN,NaN,NaN
345.15,0,0,0,0,0,0,0,0,0,0,0,0,NaN,NaN,NaN,NaN,NaN,NaN,NaN,NaN,NaN,47.62,0,2813.8,0.0069644,NaN,NaN,NaN,NaN,15.068,97712,11.75,-1.1755,1.9315,-7.486,3.1376,-2.8136,13.614,NaN,NaN,NaN,NaN,NaN
345.15,-32.864,-7.2064,69.809,-1.5822,1.3957,-9.6903,3.4573,-3.6106,15.235,0.29872,0.74272,-0.66388,NaN,NaN,NaN,NaN,NaN,NaN,NaN,NaN,NaN,47.62,0,2813.8,0.0069644,NaN,NaN,NaN,NaN,NaN,-1,-1,-1.1802,1.9521,-7.481,3.2437,-2.7831,13.462,NaN,NaN,NaN,NaN,NaN
345.16,-32.852,-7.1742,69.881,-0.7327,2.4621,-8.1571,3.7498,-3.5699,14.741,0,0,0,NaN,NaN,NaN,NaN,NaN,NaN,NaN,NaN,NaN,47.62,0,2813.8,0.0069644,NaN,NaN,NaN,NaN,NaN,-1,-1,-1.178,1.971,-7.4667,3.3839,-2.7984,13.329,NaN,NaN,NaN,NaN,NaN
345.16,-32.847,-7.163,69.919,-1.2198,2.0013,-8.0041,3.5737,-4.5476,14.708,0,0,0,NaN,NaN,NaN,NaN,NaN,NaN,NaN,NaN,NaN,47.62,0,2813.8,0.0069644,NaN,NaN,NaN,NaN,15.168,97637,11.438,-1.1706,1.9696,-7.4438,3.5198,-2.8214,13.192,NaN,NaN,NaN,NaN,NaN
345.16,-32.841,-7.1447,69.952,-1.481,2.8282,-8.4412,3.8235,-1.0419,14.529,0.30573,0.74515,-0.66102,NaN,NaN,NaN,NaN,NaN,NaN,NaN,NaN,NaN,47.659,0,2822.4,0.0075089,NaN,NaN,NaN,NaN,NaN,-1,-1,-1.1758,1.982,-7.5228,3.6468,-2.8269,13.081,NaN,NaN,NaN,NaN,NaN
345.16,-32.835,-7.1294,69.986,-1.1828,1.4877,-6.1415,3.6476,-2.3729,14.319,0,0,0,NaN,NaN,NaN,NaN,NaN,NaN,NaN,NaN,NaN,47.659,0,2822.4,0.0075089,NaN,NaN,NaN,NaN,15.33,97669,11.625,-1.1735,2.0136,-7.5493,3.792,-2.8306,12.977,NaN,NaN,NaN,NaN,NaN
345.17,-32.822,-7.1064,70.059,-1.5911,2.2399,-9.4419,4.2074,-2.15,14.139,0,0,0,NaN,NaN,NaN,NaN,NaN,NaN,NaN,NaN,NaN,47.659,0,2822.4,0.0075089,NaN,NaN,NaN,NaN,NaN,-1,-1,-1.1713,2.03,-7.5272,3.9195,-2.8791,12.878,NaN,NaN,NaN,NaN,NaN
345.17,-32.757,-7.1134,70.08,-1.3835,1.8565,-6.5229,4.042,-1.7338,13.876,0.29644,0.75008,-0.66185,NaN,NaN,NaN,NaN,NaN,NaN,NaN,NaN,NaN,47.659,0,2822.4,0.0075089,NaN,NaN,NaN,NaN,NaN,-1,-1,-1.182,2.0515,-7.5207,4.0543,-2.8481,12.799,NaN,NaN,NaN,NaN,NaN
345.17,-32.75,-7.1051,70.117,-0.83923,1.6422,-8.6833,4.2154,-5.2416,13.768,0,0,0,NaN,NaN,NaN,NaN,NaN,NaN,NaN,NaN,NaN,47.659,0,2822.4,0.0075089,0.7561,2.4803,0.71688,0.044118,15.015,97668,11.625,-1.185,2.0715,-7.6261,4.1838,-2.9311,12.707,NaN,NaN,NaN,NaN,NaN
345.17,-32.732,-7.078,70.182,-1.2437,2.0555,-7.2711,5.4479,-1.8918,12.965,0,0,0,NaN,NaN,NaN,NaN,NaN,NaN,NaN,NaN,NaN,47.659,0,2822.4,0.0075089,NaN,NaN,NaN,NaN,NaN,-1,-1,-1.1916,2.0694,-7.6239,4.32,-2.9153,12.63,NaN,NaN,NaN,NaN,NaN
345.18,-32.723,-7.0681,70.215,-0.95674,1.1832,-7.1396,4.7875,-3.9538,12.858,0.29212,0.74978,-0.66892,NaN,NaN,NaN,NaN,NaN,NaN,NaN,NaN,NaN,47.659,0,2822.4,0.0075089,NaN,NaN,NaN,NaN,NaN,-1,-1,-1.1823,2.0918,-7.6375,4.4851,-2.8953,12.555,NaN,NaN,NaN,NaN,NaN
345.18,-32.713,-7.0595,70.25,-1.3843,2.3205,-8.7694,5.1783,-4.716,13.146,0,0,0,NaN,NaN,NaN,NaN,NaN,NaN,NaN,NaN,NaN,47.659,0,2822.4,0.0075089,NaN,NaN,NaN,NaN,15.037,97658,11.5,-1.187,2.109,-7.657,4.6176,-3.011,12.499,NaN,NaN,NaN,NaN,NaN
345.18,-32.703,-7.0435,70.281,-1.0399,2.971,-9.0478,5.2706,-1.2753,13.251,0,0,0,NaN,NaN,NaN,NaN,NaN,NaN,NaN,NaN,NaN,47.659,0,2822.4,0.0075089,NaN,NaN,NaN,NaN,NaN,-1,-1,-1.191,2.1179,-7.6639,4.7694,-3.0525,12.458,NaN,NaN,NaN,NaN,NaN
345.18,-32.693,-7.031,70.312,-0.70459,1.8057,-6.6769,4.9556,-2.5655,12.628,0,0,0,NaN,NaN,NaN,NaN,NaN,NaN,NaN,NaN,NaN,47.659,0,2822.4,0.0075089,0.76704,2.6049,0.64385,0.097392,15.404,97671,11.563,-1.184,2.1329,-7.6456,4.919,-2.9603,12.416,NaN,NaN,NaN,NaN,NaN
345.19,-32.684,-7.0225,70.344,-1.6074,2.6506,-7.5115,5.039,-4.2405,12.298,0.29186,0.75003,-0.66449,NaN,NaN,NaN,NaN,NaN,NaN,NaN,NaN,NaN,47.659,0,2822.4,0.0075089,NaN,2.6049,NaN,NaN,NaN,-1,-1,-1.1822,2.1381,-7.6746,5.0577,-2.9984,12.372,NaN,NaN,NaN,NaN,NaN
345.19,-32.674,-7.0115,70.375,-1.7035,2.2427,-8.5408,4.9278,-2.9892,12.289,0,0,0,NaN,NaN,NaN,NaN,NaN,NaN,NaN,NaN,NaN,47.659,0,2822.4,0.0075089,NaN,NaN,NaN,NaN,NaN,-1,-1,-1.1804,2.1536,-7.6994,5.2211,-3.1061,12.347,NaN,NaN,NaN,NaN,NaN
345.19,-32.664,-7.0002,70.405,-0.71337,1.9576,-7.1712,5.1606,-2.7341,12.053,0,0,0,NaN,NaN,NaN,NaN,NaN,NaN,NaN,NaN,NaN,47.659,0,2822.4,0.0075089,NaN,NaN,NaN,NaN,15.064,97673,11.563,-1.1639,2.1607,-7.6829,5.3552,-3.1058,12.333,NaN,NaN,NaN,NaN,NaN
345.19,-32.654,-6.9904,70.436,-1.3583,1.7552,-7.8513,5.1655,-3.3585,11.918,0,0,0,NaN,NaN,NaN,NaN,NaN,NaN,NaN,NaN,NaN,47.659,0,2822.4,0.0075089,NaN,NaN,NaN,NaN,NaN,-1,-1,-1.1668,2.1782,-7.7021,5.4971,-3.1363,12.337,NaN,NaN,NaN,NaN,NaN
345.2,-32.644,-6.9795,70.466,-1.5844,2.2925,-8.1146,5.1705,-2.8137,11.867,0.30128,0.74497,-0.66587,NaN,NaN,NaN,NaN,NaN,NaN,NaN,NaN,NaN,47.659,0,2822.4,0.0075089,NaN,NaN,NaN,NaN,NaN,-1,-1,-1.1814,2.2076,-7.7163,5.5383,-3.056,11.741,NaN,NaN,NaN,NaN,NaN
345.2,-32.633,-6.9703,70.496,-0.93201,2.323,-8.8725,5.4335,-3.454,11.566,0,0,0,NaN,NaN,NaN,NaN,NaN,NaN,NaN,NaN,NaN,47.659,0,2822.4,0.0075089,0.7561,2.6049,0.63899,0.092398,14.823,97659,11.5,-1.1687,2.2053,-7.6987,5.6224,-3.1006,11.636,NaN,NaN,NaN,NaN,NaN
345.2,-32.621,-6.9608,70.525,-1.1799,2.9218,-7.1839,5.848,-3.0295,11.245,0,0,0,NaN,NaN,NaN,NaN,NaN,NaN,NaN,NaN,NaN,47.659,0,2822.4,0.0075089,NaN,NaN,NaN,NaN,NaN,-1,-1,-1.1639,2.2121,-7.7312,5.7387,-3.1071,11.549,NaN,NaN,NaN,NaN,NaN
345.2,-32.608,-6.9506,70.552,-1.1736,2.3136,-7.2614,6.1867,-2.5438,10.948,0,0,0,NaN,NaN,NaN,NaN,NaN,NaN,NaN,NaN,NaN,47.659,0,2822.4,0.0075089,NaN,NaN,NaN,NaN,15.25,97682,11.625,-1.1739,2.2381,-7.7541,5.8503,-3.1368,11.458,NaN,NaN,NaN,NaN,NaN
345.21,-32.595,-6.9434,70.582,-1.2264,1.7418,-7.7522,6.1975,-3.9778,10.927,0.2876,0.74721,-0.67378,NaN,NaN,NaN,NaN,NaN,NaN,NaN,NaN,NaN,47.659,0,2822.4,0.0075089,NaN,NaN,NaN,NaN,NaN,-1,-1,-1.1671,2.2442,-7.7347,5.9692,-3.2769,11.389,NaN,NaN,NaN,NaN,NaN
345.21,-32.582,-6.9359,70.611,-1.5293,1.8268,-9.0128,6.4358,-3.7602,10.914,0,0,0,NaN,NaN,NaN,NaN,NaN,NaN,NaN,NaN,NaN,47.659,0,2822.4,0.0075089,NaN,NaN,NaN,NaN,NaN,-1,-1,-1.165,2.2471,-7.7333,5.951,-3.0989,10.753,NaN,NaN,NaN,NaN,NaN
345.21,-32.568,-6.9238,70.636,-0.38515,2.8154,-7.6342,6.1996,-1.4396,10.661,0,0,0,NaN,NaN,NaN,NaN,NaN,NaN,NaN,NaN,NaN,47.659,0,2822.4,0.0075089,0.75829,2.4791,0.71506,0.050777,15.146,97677,11.625,-1.1713,2.2713,-7.7784,6.0456,-3.1065,10.577,NaN,NaN,NaN,NaN,NaN
345.21,-32.556,-6.9166,70.665,-0.94377,2.1777,-7.3595,5.7963,-3.7903,10.631,0,0,0,NaN,NaN,NaN,NaN,NaN,NaN,NaN,NaN,NaN,47.659,0,2822.4,0.0075089,NaN,NaN,NaN,NaN,NaN,-1,-1,-1.1668,2.2785,-7.7549,6.1642,-3.2498,10.38,NaN,NaN,NaN,NaN,NaN
345.22,-32.543,-6.9099,70.692,-2.3627,3.1806,-8.8027,6.3188,-3.5928,10.064,0.28708,0.74769,-0.66492,NaN,NaN,NaN,NaN,NaN,NaN,NaN,NaN,NaN,47.659,0,2822.4,0.0075089,NaN,NaN,NaN,NaN,NaN,-1,-1,-1.1755,2.2963,-7.7718,6.2538,-3.3275,10.197,NaN,NaN,NaN,NaN,NaN
345.22,-32.53,-6.9002,70.716,-1.1154,2.1417,-7.1935,6.0846,-2.0542,9.8089,0,0,0,NaN,NaN,NaN,NaN,NaN,NaN,NaN,NaN,NaN,47.659,0,2822.4,0.0075089,NaN,NaN,NaN,NaN,15.015,97672,11.625,-1.1716,2.2954,-7.8044,6.3481,-3.2318,9.9991,NaN,NaN,NaN,NaN,NaN
345.22,-32.516,-6.8937,70.742,-0.66928,2.0866,-6.89,6.5122,-3.5282,9.8216,0,0,0,NaN,NaN,NaN,NaN,NaN,NaN,NaN,NaN,NaN,47.659,0,2822.4,0.0075089,NaN,NaN,NaN,NaN,NaN,-1,-1,-1.1601,2.3048,-7.7847,6.4399,-3.2695,9.8202,NaN,NaN,NaN,NaN,NaN
345.22,-32.502,-6.8903,70.77,-1.399,1.9835,-9.0357,6.5358,-4.7828,9.4034,0,0,0,NaN,NaN,NaN,NaN,NaN,NaN,NaN,NaN,NaN,47.659,0,2822.4,0.0075089,0.77635,2.5005,0.71506,0.039123,15.013,97664,11.563,-1.1634,2.3303,-7.7937,6.5567,-3.2488,9.6296,NaN,NaN,NaN,NaN,NaN
345.23,-32.488,-6.8777,70.791,-1.8165,2.1396,-7.6253,6.2193,-0.43866,9.4795,0.28236,0.74775,-0.66534,NaN,NaN,NaN,NaN,NaN,NaN,NaN,NaN,NaN,47.659,0,2822.4,0.0075089,NaN,NaN,NaN,NaN,NaN,-1,-1,-1.1639,2.3332,-7.8185,6.6452,-3.1867,9.4491,NaN,NaN,NaN,NaN,NaN
345.23,-32.473,-6.8746,70.818,-0.83839,2.2736,-7.0718,6.5838,-4.6504,9.0248,0,0,0,NaN,NaN,NaN,NaN,NaN,NaN,NaN,NaN,NaN,47.659,0,2822.4,0.0075089,NaN,NaN,NaN,NaN,NaN,-1,-1,-1.1569,2.3248,-7.8143,6.7697,-3.2351,9.2675,NaN,NaN,NaN,NaN,NaN
345.23,-32.459,-6.8724,70.845,-1.1231,2.6201,-9.5593,6.5322,-5.1284,9.1008,0,0,0,NaN,NaN,NaN,NaN,NaN,NaN,NaN,NaN,NaN,47.659,0,2822.4,0.0075089,NaN,NaN,NaN,NaN,15.094,97691,11.688,-1.163,2.3524,-7.8173,6.8982,-3.2091,9.0691,NaN,NaN,NaN,NaN,NaN
345.23,-32.442,-6.86,70.865,-1.4953,3.065,-7.9783,7.3791,-0.12685,8.9117,0,0,0,NaN,NaN,NaN,NaN,NaN,NaN,NaN,NaN,NaN,47.659,0,2822.4,0.0075089,NaN,NaN,NaN,NaN,NaN,-1,-1,-1.167,2.3639,-7.8157,6.9903,-3.2734,8.8733,NaN,NaN,NaN,NaN,NaN
345.24,-32.426,-6.8544,70.887,-0.86504,1.5347,-6.2837,7.1353,-3.0391,8.3359,0.29151,0.73802,-0.66453,NaN,NaN,NaN,NaN,NaN,NaN,NaN,NaN,NaN,47.659,0,2822.4,0.0075089,0.76431,2.6049,0.65116,0.074917,NaN,-1,-1,-1.1709,2.3672,-7.8344,7.1119,-3.3232,8.6835,NaN,NaN,NaN,NaN,NaN
345.24,-32.41,-6.856,70.915,-1.1461,2.0213,-7.4421,7.3563,-6.4581,8.3849,0,0,0,NaN,NaN,NaN,NaN,NaN,NaN,NaN,NaN,NaN,47.659,0,2822.4,0.0075089,NaN,NaN,NaN,NaN,15.378,97672,11.563,-1.1721,2.3837,-7.8152,7.2451,-3.2865,8.506,NaN,NaN,NaN,NaN,NaN
345.24,-32.393,-6.8498,70.937,-1.2217,2.3535,-9.8325,7.4845,-2.8175,8.4875,0,0,0,NaN,NaN,NaN,NaN,NaN,NaN,NaN,NaN,NaN,47.659,0,2822.4,0.0075089,NaN,NaN,NaN,NaN,NaN,-1,-1,-1.1708,2.3902,-7.8097,7.3765,-3.3161,8.3008,NaN,NaN,NaN,NaN,NaN
345.24,-32.378,-6.8423,70.959,-0.94993,2.5208,-8.2059,6.8695,-2.1635,8.4206,0,0,0,NaN,NaN,NaN,NaN,NaN,NaN,NaN,NaN,NaN,47.659,0,2822.4,0.0075089,NaN,NaN,NaN,NaN,15.227,97702,11.75,-1.1695,2.3889,-7.8358,7.4913,-3.3348,8.0924,NaN,NaN,NaN,NaN,NaN
345.25,-32.361,-6.8381,70.982,-1.4286,3.0751,-7.7137,7.3569,-3.5829,8.1657,0.28248,0.74271,-0.66979,NaN,NaN,NaN,NaN,NaN,NaN,NaN,NaN,NaN,47.659,0,2822.4,0.0075089,NaN,NaN,NaN,NaN,NaN,-1,-1,-1.1734,2.4016,-7.851,7.6242,-3.339,7.8938,NaN,NaN,NaN,NaN,NaN
345.25,-32.344,-6.8347,71.004,-1.9534,2.7781,-7.2459,7.6128,-3.524,7.5314,0,0,0,NaN,NaN,NaN,NaN,NaN,NaN,NaN,NaN,NaN,47.659,0,2822.4,0.0075089,0.77197,2.6139,0.64081,0.078247,NaN,-1,-1,-1.1645,2.4173,-7.8421,7.7634,-3.4036,7.6979,NaN,NaN,NaN,NaN,NaN
345.25,-32.327,-6.8309,71.026,-0.32893,1.5266,-7.5537,7.5621,-3.6023,7.9457,0,0,0,NaN,NaN,NaN,NaN,NaN,NaN,NaN,NaN,NaN,47.659,0,2822.4,0.0075089,NaN,NaN,NaN,NaN,15.013,97685,11.625,-1.1702,2.4277,-7.8393,7.8894,-3.3949,7.4981,NaN,NaN,NaN,NaN,NaN
345.25,-32.308,-6.8274,71.048,-1.412,2.8519,-8.7068,7.9851,-3.5308,7.6064,0,0,0,NaN,NaN,NaN,NaN,NaN,NaN,NaN,NaN,NaN,47.659,0,2822.4,0.0075089,NaN,NaN,NaN,NaN,NaN,-1,-1,-1.1844,2.445,-7.8477,8.0004,-3.3325,7.3155,NaN,NaN,NaN,NaN,NaN
345.26,-32.271,-6.8232,71.092,-0.6902,2.5349,-8.5101,8.076,-4.8787,7.2423,0,0,0,NaN,NaN,NaN,NaN,NaN,NaN,NaN,NaN,NaN,47.659,0,2822.4,0.0075089,NaN,NaN,NaN,NaN,NaN,-1,-1,-1.1791,2.4451,-7.8503,8.101,-3.4128,7.112,NaN,NaN,NaN,NaN,NaN
345.26,-32.252,-6.8165,71.109,-1.2433,2.7877,-8.8809,8.2654,-1.6131,6.9718,0,0,0,NaN,NaN,NaN,NaN,NaN,NaN,NaN,NaN,NaN,47.659,0,2822.4,0.0075089,NaN,NaN,NaN,NaN,14.903,97661,11.5,-1.1724,2.4385,-7.8341,8.225,-3.4214,6.914,NaN,NaN,NaN,NaN,NaN
345.26,-32.23,-6.811,71.126,-1.4246,3.0204,-6.9016,9.0327,-1.6354,6.1774,0,0,0,NaN,NaN,NaN,NaN,NaN,NaN,NaN,NaN,NaN,47.659,0,2822.4,0.0075089,0.76923,NaN,NaN,NaN,NaN,-1,-1,-1.1827,2.4546,-7.857,8.3489,-3.3634,6.7051,NaN,NaN,NaN,NaN,NaN
345.26,-32.209,-6.8151,71.148,-0.86045,2.1164,-6.7453,8.9999,-6.3178,6.3072,0.28491,0.74508,-0.66957,NaN,NaN,NaN,NaN,NaN,NaN,NaN,NaN,NaN,47.659,0,2822.4,0.0075089,NaN,2.4797,0.7114,0.049945,15.43,97670,11.563,-1.1861,2.4765,-7.8789,8.4714,-3.4552,6.5039,NaN,NaN,NaN,NaN,NaN
345.27,-32.189,-6.8159,71.168,-1.5666,1.9135,-9.8126,8.7869,-4.5725,6.0872,0,0,0,NaN,NaN,NaN,NaN,NaN,NaN,NaN,NaN,NaN,47.659,0,2822.4,0.0075089,NaN,NaN,NaN,NaN,NaN,-1,-1,-1.1886,2.4865,-7.8524,8.5809,-3.503,6.2968,NaN,NaN,NaN,NaN,NaN
345.27,-32.169,-6.8077,71.183,-0.83198,1.8482,-8.2228,8.3483,-0.39442,6.2337,0,0,0,NaN,NaN,NaN,NaN,NaN,NaN,NaN,NaN,NaN,47.659,0,2822.4,0.0075089,NaN,NaN,NaN,NaN,NaN,-1,-1,-1.1916,2.4953,-7.8646,8.692,-3.39,6.105,NaN,NaN,NaN,NaN,NaN
345.27,-32.147,-6.8061,71.2,-0.88984,2.8951,-7.7581,9.0169,-3.2351,5.752,0,0,0,NaN,NaN,NaN,NaN,NaN,NaN,NaN,NaN,NaN,47.62,0,2819.5,0.0069644,NaN,NaN,NaN,NaN,15.435,97704,11.75,-1.1869,2.4916,-7.8669,8.7805,-3.4152,5.9053,NaN,NaN,NaN,NaN,NaN
345.27,-32.126,-6.8079,71.221,-1.3105,3.4196,-7.7399,9.152,-5.0572,6.086,0.28987,0.73985,-0.6758,NaN,NaN,NaN,NaN,NaN,NaN,NaN,NaN,NaN,47.62,0,2819.5,0.0069644,NaN,NaN,NaN,NaN,NaN,-1,-1,-1.185,2.4989,-7.8595,8.9031,-3.4301,5.6988,NaN,NaN,NaN,NaN,NaN
345.28,-32.104,-6.8046,71.236,-2.1325,2.1029,-7.957,9.0319,-2.1588,5.3313,0,0,0,NaN,NaN,NaN,NaN,NaN,NaN,NaN,NaN,NaN,47.62,0,2819.5,0.0069644,0.76485,2.6044,0.64872,0.073252,NaN,-1,-1,-1.1825,2.5086,-7.8817,9.0018,-3.4919,5.4885,NaN,NaN,NaN,NaN,NaN
345.28,-32.083,-6.8036,71.253,-0.49293,2.2816,-7.3823,8.7742,-3.3681,5.5151,0,0,0,NaN,NaN,NaN,NaN,NaN,NaN,NaN,NaN,NaN,47.62,0,2819.5,0.0069644,NaN,NaN,NaN,NaN,14.96,97662,11.563,-1.1841,2.5261,-7.8661,9.0947,-3.4901,5.2836,NaN,NaN,NaN,NaN,NaN
345.28,-32.061,-6.8047,71.27,-1.0033,3.0704,-9.2939,9.4236,-3.9996,4.96,0,0,0,NaN,NaN,NaN,NaN,NaN,NaN,NaN,NaN,NaN,47.62,0,2819.5,0.0069644,NaN,NaN,NaN,NaN,NaN,-1,-1,-1.2005,2.5389,-7.8629,9.2073,-3.4909,5.0771,NaN,NaN,NaN,NaN,NaN
345.28,-32.019,-6.8049,71.302,-0.81422,2.6686,-8.36,8.4008,-4.4632,4.8694,0,0,0,NaN,NaN,NaN,NaN,NaN,NaN,NaN,NaN,NaN,47.62,0,2819.5,0.0069644,NaN,NaN,NaN,NaN,15.042,97689,11.688,-1.1904,2.5312,-7.859,9.2855,-3.4833,4.8718,NaN,NaN,NaN,NaN,NaN
345.29,-31.996,-6.8057,71.317,-1.3873,3.197,-8.5657,9.5177,-3.5609,4.4886,0,0,0,NaN,NaN,NaN,NaN,NaN,NaN,NaN,NaN,NaN,47.62,0,2819.5,0.0069644,NaN,NaN,NaN,NaN,NaN,-1,-1,-1.1898,2.5395,-7.8806,9.3599,-3.5898,4.6463,NaN,NaN,NaN,NaN,NaN
345.29,-31.971,-6.8055,71.33,-1.4841,2.8506,-7.9801,10.163,-2.8133,4.1212,0,0,0,NaN,NaN,NaN,NaN,NaN,NaN,NaN,NaN,NaN,47.62,0,2819.5,0.0069644,0.77088,2.6133,0.63533,0.09656,NaN,-1,-1,-1.2025,2.5508,-7.8721,9.4268,-3.7253,4.4351,NaN,NaN,NaN,NaN,NaN
345.29,-31.948,-6.8084,71.346,-0.89827,2.0649,-7.1802,9.8509,-4.3064,4.1144,0.28981,0.74237,-0.67358,NaN,NaN,NaN,NaN,NaN,NaN,NaN,NaN,NaN,47.62,0,2819.5,0.0069644,NaN,NaN,NaN,NaN,15.068,97711,11.75,-1.1911,2.5557,-7.8558,9.4841,-3.6667,4.2299,NaN,NaN,NaN,NaN,NaN
345.29,-31.924,-6.81,71.359,-1.1003,2.1034,-7.7486,9.7276,-3.5263,3.8393,0,0,0,NaN,NaN,NaN,NaN,NaN,NaN,NaN,NaN,NaN,47.62,0,2819.5,0.0069644,NaN,NaN,NaN,NaN,NaN,-1,-1,-1.2002,2.5581,-7.8602,9.5453,-3.566,4.0145,NaN,NaN,NaN,NaN,NaN
345.3,-31.901,-6.8091,71.372,-1.2503,2.5016,-8.4307,9.4942,-2.4508,4.0576,0,0,0,NaN,NaN,NaN,NaN,NaN,NaN,NaN,NaN,NaN,47.62,0,2819.5,0.0069644,NaN,NaN,NaN,NaN,NaN,-1,-1,-1.2001,2.569,-7.8644,9.6131,-3.68,3.7912,NaN,NaN,NaN,NaN,NaN
345.3,-31.877,-6.8128,71.387,-0.94173,2.3828,-8.3336,10.068,-4.5035,3.8103,0,0,0,NaN,NaN,NaN,NaN,NaN,NaN,NaN,NaN,NaN,47.62,0,2819.5,0.0069644,0.76212,2.4868,0.71932,0.018313,15.277,97676,11.625,-1.1961,2.571,-7.8454,9.6852,-3.7342,3.5721,NaN,NaN,NaN,NaN,NaN
345.3,-31.854,-6.8158,71.4,-0.92758,3.1865,-8.2873,9.3402,-3.9469,3.4831,0.28004,0.73049,-0.67446,NaN,NaN,NaN,NaN,NaN,NaN,NaN,NaN,NaN,47.62,0,2819.5,0.0069644,0.76212,2.4868,0.71932,0.018313,NaN,-1,-1,-1.2008,2.5716,-7.8426,9.7344,-3.6884,3.3573,NaN,NaN,NaN,NaN,NaN
345.3,-31.831,-6.8144,71.41,-2.3059,3.0589,-7.4322,9.1791,-1.6628,3.1212,0,0,0,NaN,NaN,NaN,NaN,NaN,NaN,NaN,NaN,NaN,47.62,0,2819.5,0.0069644,NaN,NaN,NaN,NaN,15.277,97695,11.688,-1.1966,2.5769,-7.8498,9.7892,-3.7357,3.1653,NaN,NaN,NaN,NaN,NaN
345.31,-31.808,-6.8188,71.423,-0.95194,1.9421,-6.7,9.3667,-4.3384,3.057,0,0,0,NaN,NaN,NaN,NaN,NaN,NaN,NaN,NaN,NaN,47.62,0,2819.5,0.0069644,NaN,NaN,NaN,NaN,NaN,-1,-1,-1.1902,2.5831,-7.8394,9.84,-3.7406,2.9468,NaN,NaN,NaN,NaN,NaN
345.31,-31.785,-6.827,71.437,-0.56173,2.7252,-8.8893,9.6106,-5.7124,2.4414,0,0,0,NaN,NaN,NaN,NaN,NaN,NaN,NaN,NaN,NaN,47.62,0,2819.5,0.0069644,NaN,NaN,NaN,NaN,NaN,-1,-1,-1.2088,2.5982,-7.8247,9.8671,-3.7122,2.7456,NaN,NaN,NaN,NaN,NaN
345.31,-31.76,-6.8271,71.446,-1.725,2.2041,-8.1977,10.035,-2.147,2.7257,0.2735,0.73503,-0.68172,NaN,NaN,NaN,NaN,NaN,NaN,NaN,NaN,NaN,47.62,0,2819.5,0.0069644,NaN,NaN,NaN,NaN,15.094,97674,11.625,-1.2054,2.5949,-7.8273,9.9007,-3.7878,2.5405,NaN,NaN,NaN,NaN,NaN
345.31,-31.736,-6.8314,71.457,-1.1308,2.3761,-7.3015,9.6378,-3.7291,2.1967,0,0,0,NaN,NaN,NaN,NaN,NaN,NaN,NaN,NaN,NaN,47.62,0,2819.5,0.0069644,NaN,NaN,NaN,NaN,NaN,-1,-1,-1.2037,2.5955,-7.8086,9.9224,-3.906,2.3218,NaN,NaN,NaN,NaN,NaN
345.32,-31.712,-6.8392,71.469,-1.1854,2.098,-8.9865,9.8973,-5.3541,2.1347,0,0,0,NaN,NaN,NaN,NaN,NaN,NaN,NaN,NaN,NaN,47.62,0,2819.5,0.0069644,NaN,NaN,NaN,NaN,NaN,-1,-1,-1.2026,2.6038,-7.819,9.9415,-3.7772,2.0978,NaN,NaN,NaN,NaN,NaN
345.32,-31.687,-6.8411,71.477,-1.4098,3.9262,-7.7352,9.8937,-2.357,1.8006,0,0,0,NaN,NaN,NaN,NaN,NaN,NaN,NaN,NaN,NaN,47.62,0,2819.5,0.0069644,NaN,NaN,NaN,NaN,15.035,97625,11.375,-1.2075,2.605,-7.8223,9.9645,-3.7791,1.8505,NaN,NaN,NaN,NaN,NaN
345.32,-31.661,-6.845,71.487,-0.83241,2.6802,-6.8124,10.53,-3.4312,1.9462,0.2834,0.74187,-0.68528,NaN,NaN,NaN,NaN,NaN,NaN,NaN,NaN,NaN,47.62,0,2819.5,0.0069644,NaN,NaN,NaN,NaN,NaN,-1,-1,-1.2086,2.6094,-7.812,9.9801,-3.8957,1.6255,NaN,NaN,NaN,NaN,NaN
345.32,-31.636,-6.8555,71.498,-1.4753,1.7144,-7.9014,10.254,-6.0248,1.2107,0,0,0,NaN,NaN,NaN,NaN,NaN,NaN,NaN,NaN,NaN,47.62,0,2819.5,0.0069644,NaN,NaN,NaN,NaN,15.198,97698,11.688,-1.2074,2.6163,-7.7883,9.9885,-3.9545,1.4039,NaN,NaN,NaN,NaN,NaN
345.33,-31.585,-6.8651,71.515,-0.41171,2.7154,-8.3218,10.411,-4.425,1.3967,0,0,0,NaN,NaN,NaN,NaN,NaN,NaN,NaN,NaN,NaN,47.62,0,2819.5,0.0069644,NaN,2.6032,0.63777,0.10072,NaN,-1,-1,-1.2078,2.6044,-7.7909,9.9637,-3.8495,1.1871,NaN,NaN,NaN,NaN,NaN
345.33,-31.561,-6.8732,71.524,-1.4676,2.5222,-8.1346,9.7066,-4.8114,1.0086,0.27827,0.73245,-0.68352,NaN,NaN,NaN,NaN,NaN,NaN,NaN,NaN,NaN,47.62,0,2819.5,0.0069644,NaN,2.6032,0.63777,0.10072,NaN,-1,-1,-1.2079,2.5977,-7.7993,9.9865,-3.8757,0.94417,NaN,NaN,NaN,NaN,NaN
345.33,-31.536,-6.8749,71.529,-1.8689,3.8897,-7.6079,9.9177,-1.6324,0.77802,0,0,0,NaN,NaN,NaN,NaN,NaN,NaN,NaN,NaN,NaN,47.62,0,2819.5,0.0069644,NaN,NaN,NaN,NaN,15.171,97683,11.625,-1.2051,2.6106,-7.7943,10.258,-4.0688,0.60083,NaN,NaN,NaN,NaN,NaN
345.33,-31.51,-6.8835,71.537,-1.1543,1.8693,-5.7943,10.309,-4.7589,0.55296,0,0,0,NaN,NaN,NaN,NaN,NaN,NaN,NaN,NaN,NaN,47.62,0,2819.5,0.0069644,NaN,NaN,NaN,NaN,NaN,-1,-1,-1.1991,2.6114,-7.7924,10.186,-3.9992,0.39068,NaN,NaN,NaN,NaN,NaN
345.34,-31.487,-6.8965,71.547,-0.7429,2.0528,-9.3292,9.4942,-6.5201,0.064859,0,0,0,NaN,NaN,NaN,NaN,NaN,NaN,NaN,NaN,NaN,47.62,0,2819.5,0.0069644,NaN,NaN,NaN,NaN,NaN,-1,-1,-1.2103,2.6178,-7.779,10.123,-3.9516,0.19842,NaN,NaN,NaN,NaN,NaN
345.34,-31.462,-6.9009,71.551,-1.6434,3.0593,-8.5222,9.8389,-2.3895,-0.011287,0.27395,0.73215,-0.69058,NaN,NaN,NaN,NaN,NaN,NaN,NaN,NaN,NaN,47.62,0,2819.5,0.0069644,NaN,NaN,NaN,NaN,14.962,97691,11.688,-1.207,2.6203,-7.7629,10.077,-3.9491,0.0018799,NaN,NaN,NaN,NaN,NaN
345.34,-31.436,-6.9058,71.555,-1.0914,2.3229,-6.1078,9.9823,-2.703,0.067036,0,0,0,NaN,NaN,NaN,NaN,NaN,NaN,NaN,NaN,NaN,47.62,0,2819.5,0.0069644,0.77142,2.6169,0.64081,0.084073,NaN,-1,-1,-1.2007,2.6069,-7.7531,9.9801,-3.9711,-0.20106,NaN,NaN,NaN,NaN,NaN
345.34,-31.386,-6.9262,71.568,-1.4848,3.7124,-8.1034,9.8127,-2.3536,-0.34509,0,0,0,NaN,NaN,NaN,NaN,NaN,NaN,NaN,NaN,NaN,47.62,0,2819.5,0.0069644,NaN,NaN,NaN,NaN,15.07,97723,11.813,-1.207,2.6114,-7.7655,9.9222,-3.9243,-0.41235,NaN,NaN,NaN,NaN,NaN
345.35,-31.359,-6.9323,71.571,-0.68432,2.9314,-5.8457,10.746,-2.7144,-0.78461,0.28042,0.72521,-0.68333,16.53,7.012,-4.3708,18.48,40.058,-88.55,3.6777e+05,4.4354e+06,261.04,47.62,0,2819.5,0.0069644,NaN,NaN,NaN,NaN,NaN,-1,-1,-1.2038,2.6136,-7.7472,9.8573,-3.9728,-0.62022,18.296,-2.3521,1.1177,3.496,-7.3123
345.35,-31.333,-6.9473,71.578,-1.4191,1.7096,-7.2522,10.273,-6.6765,-1.2134,0,0,0,NaN,NaN,NaN,NaN,NaN,NaN,NaN,NaN,NaN,47.62,0,2819.5,0.0069644,NaN,NaN,NaN,NaN,NaN,-1,-1,-1.2054,2.6052,-7.7362,9.7767,-3.9942,-0.832,NaN,NaN,NaN,NaN,NaN
345.35,-31.308,-6.9572,71.582,-1.65,2.3659,-9.6663,10.071,-4.3161,-1.0891,0,0,0,NaN,NaN,NaN,NaN,NaN,NaN,NaN,NaN,NaN,47.62,0,2819.5,0.0069644,NaN,NaN,NaN,NaN,15.145,97706,11.688,-1.2083,2.6094,-7.7324,9.6779,-3.9792,-1.0416,NaN,NaN,NaN,NaN,NaN
345.35,-31.282,-6.9636,71.584,-0.33994,3.0566,-7.7725,9.8063,-2.6437,-1.1511,0,0,0,NaN,NaN,NaN,NaN,NaN,NaN,NaN,NaN,NaN,47.62,0,2819.5,0.0069644,NaN,NaN,NaN,NaN,NaN,-1,-1,-1.2044,2.614,-7.7129,9.5813,-3.9487,-1.2435,NaN,NaN,NaN,NaN,NaN
345.36,-31.258,-6.9746,71.588,-0.74686,2.8383,-6.915,9.4698,-4.7311,-1.3088,0.27388,0.72975,-0.69059,NaN,NaN,NaN,NaN,NaN,NaN,NaN,NaN,NaN,47.62,0,2819.5,0.0069644,NaN,NaN,NaN,NaN,NaN,-1,-1,-1.2073,2.5967,-7.7049,9.5321,-3.9744,-1.4548,NaN,NaN,NaN,NaN,NaN
345.36,-31.234,-6.9837,71.588,-2.3207,2.9223,-7.9425,9.2867,-3.2503,-2.2782,0,0,0,NaN,NaN,NaN,NaN,NaN,NaN,NaN,NaN,NaN,47.62,0,2819.5,0.0069644,NaN,NaN,NaN,NaN,15.14,97647,11.438,-1.1957,2.5825,-7.6253,9.4394,-3.9765,-1.6705,NaN,NaN,NaN,NaN,NaN
345.36,-31.21,-6.9954,71.59,-1.5746,2.3099,-6.6291,9.1905,-4.4647,-2.2496,0,0,0,NaN,NaN,NaN,NaN,NaN,NaN,NaN,NaN,NaN,47.62,0,2819.5,0.0069644,NaN,NaN,NaN,NaN,15.013,97707,11.688,-1.1965,2.5839,-7.6312,9.3392,-4.0102,-1.8969,NaN,NaN,NaN,NaN,NaN
345.36,-31.186,-7.0102,71.593,-0.58818,2.583,-8.4765,9.3952,-5.8213,-2.4247,0,0,0,NaN,NaN,NaN,NaN,NaN,NaN,NaN,NaN,NaN,47.62,0,2819.5,0.0069644,NaN,NaN,NaN,NaN,NaN,-1,-1,-1.1864,2.5815,-7.6222,9.2378,-3.9686,-2.1117,NaN,NaN,NaN,NaN,NaN
345.37,-31.162,-7.0187,71.592,-1.257,2.3384,-8.1119,9.1945,-2.7147,-2.657,0.28607,0.73907,-0.69172,NaN,NaN,NaN,NaN,NaN,NaN,NaN,NaN,NaN,47.62,0,2819.5,0.0069644,0.76923,2.4892,0.71566,0.038291,NaN,-1,-1,-1.1772,2.5638,-7.5536,9.1461,-3.9842,-2.3427,NaN,NaN,NaN,NaN,NaN
345.37,-31.138,-7.027,71.591,-1.7646,1.9497,-7.1014,9.2412,-2.6569,-2.6228,0,0,0,NaN,NaN,NaN,NaN,NaN,NaN,NaN,NaN,NaN,47.62,0,2819.5,0.0069644,NaN,NaN,NaN,NaN,NaN,-1,-1,-1.1845,2.5564,-7.5389,9.0406,-3.9464,-2.5463,NaN,NaN,NaN,NaN,NaN
345.37,-31.115,-7.0445,71.595,-1.1727,3.1312,-7.8013,9.119,-6.9063,-2.7253,0,0,0,NaN,NaN,NaN,NaN,NaN,NaN,NaN,NaN,NaN,47.62,0,2819.5,0.0069644,NaN,NaN,NaN,NaN,14.909,97692,11.688,-1.1806,2.5522,-7.5523,8.9414,-3.8754,-2.7775,NaN,NaN,NaN,NaN,NaN
345.37,-31.09,-7.0534,71.593,-1.0253,2.7822,-8.1144,9.5063,-2.77,-2.8623,0,0,0,NaN,NaN,NaN,NaN,NaN,NaN,NaN,NaN,NaN,47.62,0,2819.5,0.0069644,NaN,NaN,NaN,NaN,NaN,-1,-1,-1.1863,2.5608,-7.5665,8.8099,-4.001,-2.993,NaN,NaN,NaN,NaN,NaN
345.38,-31.065,-7.0656,71.591,-1.4835,3.1537,-6.7515,9.5565,-3.9531,-3.5032,0.28788,0.72475,-0.68933,NaN,NaN,NaN,NaN,NaN,NaN,NaN,NaN,NaN,47.62,0,2819.5,0.0069644,NaN,NaN,NaN,NaN,NaN,-1,-1,-1.1891,2.5617,-7.5747,8.6691,-4.0445,-3.2089,NaN,NaN,NaN,NaN,NaN
345.38,-31.04,-7.0793,71.589,-1.3689,2.1475,-7.9693,9.3746,-4.3862,-3.9708,0,0,0,NaN,NaN,NaN,NaN,NaN,NaN,NaN,NaN,NaN,47.62,0,2819.5,0.0069644,NaN,NaN,NaN,NaN,15.252,97713,11.75,-1.1924,2.5637,-7.5697,8.5542,-3.9495,-3.4237,NaN,NaN,NaN,NaN,NaN
345.38,-31.015,-7.0946,71.588,-1.0432,1.5751,-7.648,9.6774,-5.0128,-4.0846,0,0,0,NaN,NaN,NaN,NaN,NaN,NaN,NaN,NaN,NaN,47.62,0,2808.1,0.0064211,0.83822,2.519,0.70775,0.010821,NaN,-1,-1,-1.193,2.567,-7.5617,8.4454,-4.0223,-3.6546,NaN,NaN,NaN,NaN,NaN
345.38,-30.992,-7.1064,71.585,-0.90835,3.0835,-8.0083,8.6031,-3.5702,-3.826,0,0,0,NaN,NaN,NaN,NaN,NaN,NaN,NaN,NaN,NaN,47.62,0,2808.1,0.0064211,NaN,NaN,NaN,NaN,15.38,97684,11.625,-1.1962,2.5564,-7.5556,8.3521,-4.1622,-3.8818,NaN,NaN,NaN,NaN,NaN
345.39,0,0,0,0,0,0,0,0,0,0,0,0,NaN,NaN,NaN,NaN,NaN,NaN,NaN,NaN,NaN,47.62,0,2808.1,0.0064211,NaN,NaN,NaN,NaN,NaN,-1,-1,-1.1953,2.5548,-7.5551,8.2311,-4.163,-4.1263,NaN,NaN,NaN,NaN,NaN
345.39,-30.969,-7.1209,71.582,-1.1436,2.8942,-8.4369,8.9803,-4.5775,-4.2743,0.29488,0.72225,-0.6887,NaN,NaN,NaN,NaN,NaN,NaN,NaN,NaN,NaN,47.62,0,2808.1,0.0064211,NaN,NaN,NaN,NaN,NaN,-1,-1,-1.1872,2.5434,-7.5533,8.1356,-4.1034,-4.3727,NaN,NaN,NaN,NaN,NaN
345.39,-30.926,-7.1488,71.576,-2.376,2.7992,-6.9658,8.1443,-5.1153,-4.6522,0,0,0,NaN,NaN,NaN,NaN,NaN,NaN,NaN,NaN,NaN,47.62,0,2808.1,0.0064211,0.76212,NaN,NaN,NaN,15.327,97690,11.625,-1.1983,2.5612,-7.6245,8.0536,-4.2222,-4.6104,NaN,NaN,NaN,NaN,NaN
345.39,-30.905,-7.1645,71.571,-0.40298,2.6288,-8.1131,7.9269,-4.5746,-5.1438,0,0,0,NaN,NaN,NaN,NaN,NaN,NaN,NaN,NaN,NaN,47.62,0,2808.1,0.0064211,NaN,2.6061,0.63473,0.09323,NaN,-1,-1,-1.2129,2.568,-7.6275,7.9279,-4.292,-4.8449,NaN,NaN,NaN,NaN,NaN
345.4,-30.861,-7.1938,71.562,-2.0879,1.4296,-6.877,7.991,-4.5337,-5.1335,0,0,0,NaN,NaN,NaN,NaN,NaN,NaN,NaN,NaN,NaN,47.62,0,2808.1,0.0064211,NaN,NaN,NaN,NaN,NaN,-1,-1,-1.2036,2.5583,-7.6135,7.8301,-4.2195,-5.0841,NaN,NaN,NaN,NaN,NaN
345.4,-30.841,-7.2128,71.559,-1.0607,3.4742,-9.1087,7.4966,-6.0226,-5.3296,0,0,0,NaN,NaN,NaN,NaN,NaN,NaN,NaN,NaN,NaN,47.62,0,2808.1,0.0064211,NaN,NaN,NaN,NaN,15.096,97724,11.813,-1.2011,2.5422,-7.6157,7.7194,-4.2721,-5.311,NaN,NaN,NaN,NaN,NaN
345.4,-30.819,-7.2246,71.55,-0.83913,2.3023,-7.149,8.1275,-2.3123,-5.9388,0,0,0,NaN,NaN,NaN,NaN,NaN,NaN,NaN,NaN,NaN,47.62,0,2808.1,0.0064211,NaN,NaN,NaN,NaN,NaN,-1,-1,-1.2164,2.5352,-7.6167,7.6105,-4.2732,-5.5664,NaN,NaN,NaN,NaN,NaN
345.4,-30.754,-7.2656,71.536,-1.7863,3.4413,-7.2696,8.2015,-4.4044,-5.9837,0.29293,0.73177,-0.6911,NaN,NaN,NaN,NaN,NaN,NaN,NaN,NaN,NaN,47.62,0,2808.1,0.0064211,NaN,NaN,NaN,NaN,14.983,97681,11.563,-1.2226,2.5555,-7.7031,7.5173,-4.1092,-5.8054,NaN,NaN,NaN,NaN,NaN
345.41,-30.731,-7.2835,71.529,-1.201,2.884,-7.5584,8.5462,-4.8678,-6.4698,0,0,0,NaN,NaN,NaN,NaN,NaN,NaN,NaN,NaN,NaN,47.62,0,2808.1,0.0064211,0.81577,2.5077,0.70471,0.010821,NaN,-1,-1,-1.2245,2.563,-7.7016,7.4307,-4.2789,-6.059,NaN,NaN,NaN,NaN,NaN
345.41,-30.709,-7.3001,71.521,-1.1097,1.275,-7.5452,8.1448,-4.1589,-6.5972,0,0,0,NaN,NaN,NaN,NaN,NaN,NaN,NaN,NaN,NaN,47.62,0,2808.1,0.0064211,NaN,NaN,NaN,NaN,NaN,-1,-1,-1.2353,2.5612,-7.6922,7.326,-4.3528,-6.2946,NaN,NaN,NaN,NaN,NaN
345.41,-30.689,-7.3174,71.514,-0.80856,2.0423,-7.7807,7.0874,-4.4905,-6.5967,0,0,0,NaN,NaN,NaN,NaN,NaN,NaN,NaN,NaN,NaN,47.62,0,2808.1,0.0064211,NaN,NaN,NaN,NaN,15.301,97669,11.563,-1.2347,2.5638,-7.6802,7.2312,-4.2612,-6.5357,NaN,NaN,NaN,NaN,NaN
345.41,-30.669,-7.3357,71.506,-1.1083,3.4911,-9.1192,7.3681,-4.838,-6.8067,0.28357,0.72938,-0.69417,NaN,NaN,NaN,NaN,NaN,NaN,NaN,NaN,NaN,47.62,0,2808.1,0.0064211,NaN,NaN,NaN,NaN,NaN,-1,-1,-1.2335,2.5436,-7.6806,7.1449,-4.2632,-6.7663,NaN,NaN,NaN,NaN,NaN
345.42,-30.648,-7.3461,71.493,-1.3227,3.0089,-6.9518,7.0616,-1.1082,-6.8667,0,0,0,NaN,NaN,NaN,NaN,NaN,NaN,NaN,NaN,NaN,47.62,0,2808.1,0.0064211,NaN,NaN,NaN,NaN,NaN,-1,-1,-1.2365,2.5396,-7.7162,7.0677,-4.3055,-7.0246,NaN,NaN,NaN,NaN,NaN
345.42,-30.629,-7.3669,71.486,-2.2649,2.6053,-5.6677,6.8792,-5.6726,-7.3041,0,0,0,NaN,NaN,NaN,NaN,NaN,NaN,NaN,NaN,NaN,47.62,0,2808.1,0.0064211,0.82727,2.5071,0.70897,0.016648,15.013,97683,11.625,-1.2294,2.5333,-7.6935,7.0023,-4.2949,-7.2938,NaN,NaN,NaN,NaN,NaN
345.42,-30.611,-7.3885,71.478,-0.49063,2.8365,-9.2897,6.438,-5.9546,-7.4994,0,0,0,NaN,NaN,NaN,NaN,NaN,NaN,NaN,NaN,NaN,47.62,0,2808.1,0.0064211,NaN,NaN,NaN,NaN,NaN,-1,-1,-1.2271,2.5423,-7.7092,6.9511,-4.3298,-7.5449,NaN,NaN,NaN,NaN,NaN
345.42,-30.572,-7.4195,71.453,-2.0166,1.2935,-5.6445,6.9911,-4.1829,-8.1319,0,0,0,NaN,NaN,NaN,NaN,NaN,NaN,NaN,NaN,NaN,47.62,0,2808.1,0.0064211,NaN,NaN,NaN,NaN,15.173,97691,11.688,-1.2502,2.5473,-7.7043,6.9044,-4.313,-7.7918,NaN,NaN,NaN,NaN,NaN
345.43,-30.554,-7.4434,71.445,-0.50818,3.1622,-8.7111,6.1254,-6.8181,-7.8997,0,0,0,NaN,NaN,NaN,NaN,NaN,NaN,NaN,NaN,NaN,47.62,0,2808.1,0.0064211,NaN,NaN,NaN,NaN,NaN,-1,-1,-1.2397,2.5396,-7.6952,6.8489,-4.2592,-8.0281,NaN,NaN,NaN,NaN,NaN
345.43,-30.534,-7.4595,71.431,-1.7401,2.9596,-9.2625,7.0968,-2.8006,-8.4991,0,0,0,NaN,NaN,NaN,NaN,NaN,NaN,NaN,NaN,NaN,47.62,0,2808.1,0.0064211,NaN,NaN,NaN,NaN,NaN,-1,-1,-1.2409,2.54,-7.712,6.7877,-4.3124,-8.2654,NaN,NaN,NaN,NaN,NaN
345.43,-30.512,-7.474,71.415,-1.4802,2.9797,-7.2527,7.3069,-1.8046,-8.9472,0.29453,0.71025,-0.68874,NaN,NaN,NaN,NaN,NaN,NaN,NaN,NaN,NaN,47.62,0,2808.1,0.0064211,0.75883,2.4832,0.71323,0.026637,15.118,97706,11.688,-1.2543,2.5315,-7.709,6.77,-4.3294,-8.491,NaN,NaN,NaN,NaN,NaN
345.43,-30.492,-7.4992,71.405,-0.63375,2.3713,-5.7722,7.2113,-6.7988,-8.9186,0,0,0,NaN,NaN,NaN,NaN,NaN,NaN,NaN,NaN,NaN,47.62,0,2808.1,0.0064211,NaN,NaN,NaN,NaN,NaN,-1,-1,-1.247,2.5152,-7.6951,6.7371,-4.3337,-8.7307,NaN,NaN,NaN,NaN,NaN
345.44,-30.473,-7.5207,71.392,-1.6728,2.0791,-9.3562,6.8165,-4.8794,-9.2499,0,0,0,NaN,NaN,NaN,NaN,NaN,NaN,NaN,NaN,NaN,47.62,0,2808.1,0.0064211,NaN,NaN,NaN,NaN,NaN,-1,-1,-1.2532,2.5219,-7.7063,6.7114,-4.2325,-8.9724,NaN,NaN,NaN,NaN,NaN
345.44,-30.453,-7.5344,71.374,-1.1516,2.2925,-8.2427,6.5148,-1.2843,-9.2457,0,0,0,NaN,NaN,NaN,NaN,NaN,NaN,NaN,NaN,NaN,47.62,0,2808.1,0.0064211,NaN,NaN,NaN,NaN,15.067,97698,11.688,-1.2609,2.5181,-7.7244,6.7207,-4.2337,-9.2344,NaN,NaN,NaN,NaN,NaN
345.44,-30.434,-7.5577,71.363,-0.33065,2.33,-7.4257,6.5967,-5.8333,-9.0897,0.29796,0.72402,-0.69955,NaN,NaN,NaN,NaN,NaN,NaN,NaN,NaN,NaN,47.62,0,2808.1,0.0064211,NaN,NaN,NaN,NaN,NaN,-1,-1,-1.2505,2.5139,-7.6999,6.7189,-4.2672,-9.4817,NaN,NaN,NaN,NaN,NaN
345.44,-30.417,-7.5783,71.349,-1.3514,3.1841,-8.3594,5.9169,-4.506,-9.1981,0,0,0,NaN,NaN,NaN,NaN,NaN,NaN,NaN,NaN,NaN,47.62,0,2808.1,0.0064211,NaN,NaN,NaN,NaN,15.222,97669,11.563,-1.257,2.5076,-7.7052,6.4037,-4.0681,-9.5862,NaN,NaN,NaN,NaN,NaN
345.45,-30.399,-7.5938,71.332,-2.2855,3.6308,-7.4686,5.7888,-1.88,-9.6278,0,0,0,NaN,NaN,NaN,NaN,NaN,NaN,NaN,NaN,NaN,47.62,0,2808.1,0.0064211,0.81249,2.6121,0.65177,0.079911,NaN,-1,-1,-1.2517,2.4974,-7.7062,6.3641,-3.9915,-9.8005,NaN,NaN,NaN,NaN,NaN
345.45,-30.381,-7.6175,71.317,-0.72733,2.0681,-6.8886,6.1901,-5.3434,-10.257,0,0,0,NaN,NaN,NaN,NaN,NaN,NaN,NaN,NaN,NaN,47.62,0,2808.1,0.0064211,NaN,NaN,NaN,NaN,NaN,-1,-1,-1.2499,2.5077,-7.7062,6.2967,-4.0326,-10.013,NaN,NaN,NaN,NaN,NaN
345.45,-30.364,-7.6424,71.303,-0.85164,1.8731,-9.1324,5.5733,-5.8916,-10.267,0.29748,0.71213,-0.69737,NaN,NaN,NaN,NaN,NaN,NaN,NaN,NaN,NaN,47.62,0,2808.1,0.0064211,NaN,NaN,NaN,NaN,15.195,97697,11.625,-1.2637,2.504,-7.6952,6.225,-3.9688,-10.217,NaN,NaN,NaN,NaN,NaN
345.45,-30.345,-7.6595,71.284,-1.8921,2.5367,-8.2628,6.0485,-2.0842,-10.565,0,0,0,NaN,NaN,NaN,NaN,NaN,NaN,NaN,NaN,NaN,47.62,0,2808.1,0.0064211,NaN,NaN,NaN,NaN,NaN,-1,-1,-1.2588,2.4821,-7.6944,6.1695,-3.8903,-10.423,NaN,NaN,NaN,NaN,NaN
345.46,-30.327,-7.6768,71.266,-0.7889,2.3831,-5.9565,5.8449,-2.5158,-10.038,0,0,0,NaN,NaN,NaN,NaN,NaN,NaN,NaN,NaN,NaN,47.62,0,2808.1,0.0064211,NaN,2.6127,0.6402,0.092398,NaN,-1,-1,-1.2589,2.4768,-7.7195,6.0966,-3.9817,-10.636,NaN,NaN,NaN,NaN,NaN
345.46,-30.308,-7.7064,71.253,-1.3824,2.14,-9.1577,6.4955,-7.6615,-10.922,0,0,0,NaN,NaN,NaN,NaN,NaN,NaN,NaN,NaN,NaN,47.62,0,2808.1,0.0064211,NaN,2.6127,0.6402,0.092398,15.272,97683,11.563,-1.2683,2.469,-7.7198,6.0415,-3.849,-10.852,NaN,NaN,NaN,NaN,NaN
345.46,-30.289,-7.7235,71.232,-1.5617,3.2475,-9.3993,6.1402,-1.882,-10.968,0.302,0.71471,-0.69252,NaN,NaN,NaN,NaN,NaN,NaN,NaN,NaN,NaN,47.62,0,2808.1,0.0064211,NaN,NaN,NaN,NaN,NaN,-1,-1,-1.2527,2.4604,-7.698,5.9743,-3.8793,-11.048,NaN,NaN,NaN,NaN,NaN
345.46,-30.268,-7.742,71.211,-0.97778,3.0833,-5.7825,6.7943,-2.2216,-11.426,0,0,0,NaN,NaN,NaN,NaN,NaN,NaN,NaN,NaN,NaN,47.62,0,2808.1,0.0064211,NaN,NaN,NaN,NaN,14.964,97698,11.75,-1.2638,2.4475,-7.7242,5.932,-3.8241,-11.251,NaN,NaN,NaN,NaN,NaN
345.47,-30.249,-7.7668,71.194,-1.2015,1.6884,-7.4645,6.5739,-5.28,-11.295,0,0,0,NaN,NaN,NaN,NaN,NaN,NaN,NaN,NaN,NaN,47.62,0,2808.1,0.0064211,NaN,NaN,NaN,NaN,NaN,-1,-1,-1.2757,2.4477,-7.7413,5.894,-3.7389,-11.468,NaN,NaN,NaN,NaN,NaN
345.47,-30.23,-7.7909,71.175,-1.4857,1.9489,-10.149,6.2275,-4.6551,-11.698,0,0,0,NaN,NaN,NaN,NaN,NaN,NaN,NaN,NaN,NaN,47.62,0,2808.1,0.0064211,NaN,NaN,NaN,NaN,NaN,-1,-1,-1.2559,2.4386,-7.7085,5.8358,-3.7711,-11.679,NaN,NaN,NaN,NaN,NaN
345.47,-30.211,-7.8087,71.152,-0.3933,2.5682,-7.1546,5.9219,-1.7253,-11.849,0.31418,0.71911,-0.69587,NaN,NaN,NaN,NaN,NaN,NaN,NaN,NaN,NaN,47.62,0,2808.1,0.0064211,0.89406,2.5196,0.70532,0.0066593,15.014,97719,11.75,-1.2597,2.4231,-7.7146,5.8065,-3.7579,-11.886,NaN,NaN,NaN,NaN,NaN
345.47,-30.194,-7.8315,71.133,-0.88319,3.034,-8.2617,5.5457,-4.2093,-11.497,0,0,0,NaN,NaN,NaN,NaN,NaN,NaN,NaN,NaN,NaN,47.62,0,2808.1,0.0064211,NaN,NaN,NaN,NaN,NaN,-1,-1,-1.2538,2.409,-7.7188,5.7605,-3.5904,-12.082,NaN,NaN,NaN,NaN,NaN
345.48,-30.159,-7.8792,71.093,-1.232,2.5056,-8.2474,5.3899,-4.4939,-12.173,0,0,0,NaN,NaN,NaN,NaN,NaN,NaN,NaN,NaN,NaN,47.62,0,2808.1,0.0064211,NaN,NaN,NaN,NaN,NaN,-1,-1,-1.2534,2.4136,-7.7202,5.6971,-3.6299,-12.278,NaN,NaN,NaN,NaN,NaN
345.48,-30.142,-7.9004,71.07,-0.70736,1.6623,-7.8976,5.1091,-2.8897,-12.56,0.30717,0.71176,-0.70095,NaN,NaN,NaN,NaN,NaN,NaN,NaN,NaN,NaN,47.62,0,2808.1,0.0064211,NaN,NaN,NaN,NaN,15.17,97689,11.625,-1.2604,2.4128,-7.7372,5.6294,-3.6309,-12.484,NaN,NaN,NaN,NaN,NaN
345.48,-30.124,-7.9232,71.048,-1.5211,2.4223,-7.7147,5.5068,-3.4234,-12.867,0,0,0,NaN,NaN,NaN,NaN,NaN,NaN,NaN,NaN,NaN,47.62,0,2808.1,0.0064211,NaN,NaN,NaN,NaN,NaN,-1,-1,-1.26,2.4006,-7.7605,5.5922,-3.5752,-12.691,NaN,NaN,NaN,NaN,NaN
345.48,-30.106,-7.9486,71.026,-1.4077,1.7601,-7.2739,5.7422,-4.611,-12.919,0,0,0,NaN,NaN,NaN,NaN,NaN,NaN,NaN,NaN,NaN,47.62,0,2808.1,0.0064211,NaN,NaN,NaN,NaN,15.093,97697,11.688,-1.2674,2.3913,-7.7581,5.5147,-3.7182,-12.881,NaN,NaN,NaN,NaN,NaN
345.49,-30.071,-7.9966,70.979,-1.379,2.9895,-9.0457,5.0338,-1.5175,-13.358,0.31201,0.71158,-0.70274,NaN,NaN,NaN,NaN,NaN,NaN,NaN,NaN,NaN,47.62,0,2808.1,0.0064211,0.86614,2.6091,0.63533,0.10239,NaN,-1,-1,-1.2595,2.3658,-7.7476,5.4838,-3.6447,-13.095,NaN,NaN,NaN,NaN,NaN
345.49,-30.052,-8.0183,70.953,-1.2491,3.3442,-5.9304,5.8344,-2.4838,-13.593,0,0,0,NaN,NaN,NaN,NaN,NaN,NaN,NaN,NaN,NaN,47.62,0,2808.1,0.0064211,NaN,NaN,NaN,NaN,NaN,-1,-1,-1.2574,2.3632,-7.7685,5.4479,-3.5132,-13.319,NaN,NaN,NaN,NaN,NaN
345.49,-30.033,-8.0486,70.931,-1.3524,1.6877,-7.7222,5.8563,-6.1899,-14.12,0,0,0,NaN,NaN,NaN,NaN,NaN,NaN,NaN,NaN,NaN,47.62,0,2798.1,0.0058767,NaN,NaN,NaN,NaN,15.166,97631,11.375,-1.2658,2.3695,-7.79,5.4024,-3.6285,-13.521,NaN,NaN,NaN,NaN,NaN
345.49,-30.015,-8.074,70.907,-1.0662,1.6255,-9.3364,5.5414,-4.1604,-13.731,0,0,0,NaN,NaN,NaN,NaN,NaN,NaN,NaN,NaN,NaN,47.62,0,2798.1,0.0058767,NaN,NaN,NaN,NaN,NaN,-1,-1,-1.2625,2.368,-7.7671,5.3552,-3.6797,-13.737,NaN,NaN,NaN,NaN,NaN
345.5,-29.998,-8.094,70.88,-0.84559,2.1194,-7.6219,5.1016,-1.5673,-13.874,0.31168,0.70942,-0.69832,NaN,NaN,NaN,NaN,NaN,NaN,NaN,NaN,NaN,47.62,0,2798.1,0.0058767,0.86614,2.4844,0.7114,0.035794,NaN,-1,-1,-1.2642,2.3519,-7.7569,5.3127,-3.5578,-13.947,NaN,NaN,NaN,NaN,NaN
345.5,-29.981,-8.1195,70.856,-0.85545,2.4876,-7.882,5.0663,-4.2225,-13.72,0,0,0,NaN,NaN,NaN,NaN,NaN,NaN,NaN,NaN,NaN,47.62,0,2798.1,0.0058767,0.86614,2.4844,0.7114,0.035794,15.303,97700,11.688,-1.2598,2.3283,-7.7743,5.2888,-3.5847,-14.144,NaN,NaN,NaN,NaN,NaN
345.5,-29.964,-8.1468,70.832,-1.9954,3.1755,-8.2622,5.0132,-4.8577,-14.064,0,0,0,NaN,NaN,NaN,NaN,NaN,NaN,NaN,NaN,NaN,47.62,0,2798.1,0.0058767,NaN,NaN,NaN,NaN,NaN,-1,-1,-1.2464,2.3181,-7.7822,5.2572,-3.6545,-14.329,NaN,NaN,NaN,NaN,NaN
345.5,-29.946,-8.1681,70.804,-2.0469,2.8363,-7.3269,5.1519,-1.9041,-14.327,0,0,0,NaN,NaN,NaN,NaN,NaN,NaN,NaN,NaN,NaN,47.62,0,2798.1,0.0058767,NaN,NaN,NaN,NaN,15.325,97682,11.563,-1.2514,2.3172,-7.7908,5.1941,-3.5605,-14.512,NaN,NaN,NaN,NaN,NaN
345.51,-29.928,-8.1958,70.778,-0.55917,1.6464,-7.3933,5.1336,-4.5161,-14.999,0.30979,0.71641,-0.70294,NaN,NaN,NaN,NaN,NaN,NaN,NaN,NaN,NaN,47.62,0,2798.1,0.0058767,NaN,NaN,NaN,NaN,NaN,-1,-1,-1.2547,2.3168,-7.7824,5.1441,-3.5748,-14.713,NaN,NaN,NaN,NaN,NaN
345.51,-29.912,-8.225,70.753,-0.9686,2.0463,-8.4404,4.7507,-5.2336,-14.899,0,0,0,NaN,NaN,NaN,NaN,NaN,NaN,NaN,NaN,NaN,47.62,0,2798.1,0.0058767,NaN,NaN,NaN,NaN,NaN,-1,-1,-1.2636,2.3086,-7.7822,5.0837,-3.6653,-14.894,NaN,NaN,NaN,NaN,NaN
345.51,-29.895,-8.2465,70.724,-2.0848,1.8694,-8.2015,4.7521,-1.8277,-14.731,0,0,0,NaN,NaN,NaN,NaN,NaN,NaN,NaN,NaN,NaN,47.62,0,2798.1,0.0058767,0.87764,2.6115,0.64872,0.068258,15.379,97711,11.688,-1.2576,2.2933,-7.7725,5.0718,-3.6138,-15.098,NaN,NaN,NaN,NaN,NaN
345.51,-29.862,-8.3021,70.671,-1.023,2.5459,-8.7378,4.8915,-4.7228,-15.128,0.3077,0.7162,-0.70758,NaN,NaN,NaN,NaN,NaN,NaN,NaN,NaN,NaN,47.62,0,2798.1,0.0058767,NaN,NaN,NaN,NaN,NaN,-1,-1,-1.253,2.2787,-7.7891,5.0273,-3.5619,-15.255,NaN,NaN,NaN,NaN,NaN
345.52,-29.842,-8.3246,70.639,-2.0599,3.3133,-7.6136,5.5583,-1.6447,-15.744,0,0,0,NaN,NaN,NaN,NaN,NaN,NaN,NaN,NaN,NaN,47.62,0,2798.1,0.0058767,NaN,NaN,NaN,NaN,NaN,-1,-1,-1.2562,2.267,-7.7952,5.0235,-3.7561,-15.434,NaN,NaN,NaN,NaN,NaN
345.52,-29.823,-8.3538,70.611,-0.98779,2.1217,-7.2214,5.5426,-4.6543,-16.029,0,0,0,NaN,NaN,NaN,NaN,NaN,NaN,NaN,NaN,NaN,47.62,0,2798.1,0.0058767,NaN,NaN,NaN,NaN,15.301,97713,11.688,-1.2515,2.2612,-7.7965,5.0055,-3.7184,-15.613,NaN,NaN,NaN,NaN,NaN
345.52,-29.805,-8.384,70.584,-1.203,1.6141,-8.0659,5.4,-5.2056,-15.773,0,0,0,NaN,NaN,NaN,NaN,NaN,NaN,NaN,NaN,NaN,47.62,0,2798.1,0.0058767,NaN,NaN,NaN,NaN,NaN,-1,-1,-1.2547,2.265,-7.7943,5.0226,-3.6405,-15.782,NaN,NaN,NaN,NaN,NaN
345.52,-29.787,-8.4074,70.552,-1.1231,1.6353,-8.3193,5.1517,-2.0592,-15.822,0.30964,0.70669,-0.70518,NaN,NaN,NaN,NaN,NaN,NaN,NaN,NaN,NaN,47.62,0,2798.1,0.0058767,NaN,2.6091,0.63533,0.097392,15.299,97682,11.563,-1.2586,2.2531,-7.797,5.0603,-3.7139,-15.938,NaN,NaN,NaN,NaN,NaN
345.53,-29.77,-8.4346,70.523,-0.65745,2.2048,-8.3674,4.6278,-3.7235,-16.051,0,0,0,NaN,NaN,NaN,NaN,NaN,NaN,NaN,NaN,NaN,47.62,0,2798.1,0.0058767,NaN,2.6091,0.63533,0.097392,NaN,-1,-1,-1.2546,2.2304,-7.8033,5.0905,-3.7616,-16.109,NaN,NaN,NaN,NaN,NaN
345.53,-29.752,-8.4638,70.493,-1.4905,3.5146,-7.6687,4.8649,-4.4603,-16.311,0,0,0,NaN,NaN,NaN,NaN,NaN,NaN,NaN,NaN,NaN,47.62,0,2798.1,0.0058767,NaN,NaN,NaN,NaN,NaN,-1,-1,-1.2447,2.2297,-7.7991,5.1219,-3.7189,-16.287,NaN,NaN,NaN,NaN,NaN
345.53,-29.733,-8.4894,70.461,-2.7788,2.7618,-7.6539,5.2932,-2.6489,-16.609,0,0,0,NaN,NaN,NaN,NaN,NaN,NaN,NaN,NaN,NaN,47.62,0,2798.1,0.0058767,NaN,NaN,NaN,NaN,15.196,97672,11.563,-1.2523,2.2295,-7.8117,5.1557,-3.7345,-16.435,NaN,NaN,NaN,NaN,NaN
345.53,-29.716,-8.5186,70.432,-0.025374,1.4993,-6.7815,5.034,-4.4508,-16.394,0.31903,0.71893,-0.69766,NaN,NaN,NaN,NaN,NaN,NaN,NaN,NaN,NaN,47.62,0,2798.1,0.0058767,NaN,NaN,NaN,NaN,NaN,-1,-1,-1.2475,2.2203,-7.8067,5.183,-3.768,-16.587,NaN,NaN,NaN,NaN,NaN
345.54,-29.698,-8.5493,70.401,-1.1141,2.2095,-9.4865,4.689,-4.83,-16.912,0,0,0,NaN,NaN,NaN,NaN,NaN,NaN,NaN,NaN,NaN,47.62,0,2798.1,0.0058767,0.90009,2.6121,0.64325,0.070755,NaN,-1,-1,-1.2514,2.2009,-7.8105,5.1947,-3.7183,-16.74,NaN,NaN,NaN,NaN,NaN
345.54,-29.68,-8.5736,70.367,-2.5545,1.656,-7.3535,5.0289,-1.7882,-17.128,0,0,0,NaN,NaN,NaN,NaN,NaN,NaN,NaN,NaN,NaN,47.62,0,2798.1,0.0058767,NaN,NaN,NaN,NaN,15.223,97688,11.625,-1.2533,2.1866,-7.813,5.2099,-3.6944,-16.898,NaN,NaN,NaN,NaN,NaN
345.54,-29.663,-8.6032,70.336,-0.32728,2.0077,-7.1355,4.6266,-4.3297,-16.928,0,0,0,NaN,NaN,NaN,NaN,NaN,NaN,NaN,NaN,NaN,47.62,0,2798.1,0.0058767,NaN,NaN,NaN,NaN,NaN,-1,-1,-1.2529,2.1778,-7.7958,5.2643,-3.7884,-17.056,NaN,NaN,NaN,NaN,NaN
345.54,-29.644,-8.6342,70.306,-1.5046,2.5805,-8.3846,5.1736,-4.9412,-16.973,0.31732,0.71835,-0.70894,NaN,NaN,NaN,NaN,NaN,NaN,NaN,NaN,NaN,47.62,0,2798.1,0.0058767,NaN,NaN,NaN,NaN,15.302,97680,11.625,-1.2531,2.184,-7.7901,5.267,-3.6354,-17.206,NaN,NaN,NaN,NaN,NaN
345.55,-29.624,-8.661,70.271,-2.0588,3.4269,-9.9295,5.704,-2.6683,-17.598,0,0,0,NaN,NaN,NaN,NaN,NaN,NaN,NaN,NaN,NaN,47.62,0,2798.1,0.0058767,NaN,NaN,NaN,NaN,NaN,-1,-1,-1.2547,2.1722,-7.805,5.3063,-3.6,-17.361,NaN,NaN,NaN,NaN,NaN
345.55,-29.604,-8.6882,70.237,-0.66662,2.0052,-5.8134,5.7251,-2.9208,-17.45,0,0,0,NaN,NaN,NaN,NaN,NaN,NaN,NaN,NaN,NaN,47.62,0,2798.1,0.0058767,NaN,NaN,NaN,NaN,NaN,-1,-1,-1.2499,2.1574,-7.806,5.3349,-3.7089,-17.532,NaN,NaN,NaN,NaN,NaN
345.55,-29.584,-8.7186,70.205,-1.0977,1.2298,-6.6009,5.5642,-4.3501,-17.549,0,0,0,NaN,NaN,NaN,NaN,NaN,NaN,NaN,NaN,NaN,47.62,0,2798.1,0.0058767,NaN,NaN,NaN,NaN,15.427,97670,11.5,-1.249,2.1478,-7.7774,5.3898,-3.7101,-17.667,NaN,NaN,NaN,NaN,NaN
345.55,-29.565,-8.7494,70.173,-1.3906,2.078,-9.8693,5.3067,-4.567,-17.589,0.31955,0.71844,-0.70651,NaN,NaN,NaN,NaN,NaN,NaN,NaN,NaN,NaN,47.62,0,2798.1,0.0058767,NaN,NaN,NaN,NaN,NaN,-1,-1,-1.2547,2.1453,-7.7798,5.6177,-3.7304,-18.422,NaN,NaN,NaN,NaN,NaN
345.56,-29.526,-8.8023,70.103,-0.71712,2.6735,-7.121,4.9599,-2.2037,-17.865,0,0,0,NaN,NaN,NaN,NaN,NaN,NaN,NaN,NaN,NaN,47.62,0,2798.1,0.0058767,NaN,NaN,NaN,NaN,NaN,-1,-1,-1.2557,2.1393,-7.7982,5.6044,-3.6882,-18.409,NaN,NaN,NaN,NaN,NaN
345.56,-29.505,-8.8332,70.069,-2.6066,3.3182,-6.4244,5.847,-4.2636,-18.123,0,0,0,NaN,NaN,NaN,NaN,NaN,NaN,NaN,NaN,NaN,47.62,0,2798.1,0.0058767,NaN,NaN,NaN,NaN,15.225,97714,11.75,-1.2482,2.1342,-7.779,5.6197,-3.6816,-18.407,NaN,NaN,NaN,NaN,NaN
345.56,-29.484,-8.8648,70.036,-1.0699,2.0095,-8.4664,6.0929,-4.6263,-18.122,0.31933,0.70632,-0.70876,NaN,NaN,NaN,NaN,NaN,NaN,NaN,NaN,NaN,47.62,0,2798.1,0.0058767,NaN,NaN,NaN,NaN,NaN,-1,-1,-1.2503,2.1172,-7.7784,5.8137,-3.6957,-19.021,NaN,NaN,NaN,NaN,NaN
345.56,-29.443,-8.9224,69.963,-1.6356,2.1159,-6.7735,6.0171,-3.386,-18.602,0,0,0,NaN,NaN,NaN,NaN,NaN,NaN,NaN,NaN,NaN,47.62,0,2798.1,0.0058767,1.216,2.6127,0.65237,0.079911,14.933,97686,11.625,-1.26,2.1152,-7.7657,5.7927,-3.6593,-18.9,NaN,NaN,NaN,NaN,NaN
345.57,-29.424,-8.9524,69.929,-0.80497,2.2284,-7.8326,5.1508,-3.8877,-18.117,0,0,0,NaN,NaN,NaN,NaN,NaN,NaN,NaN,NaN,NaN,47.62,0,2798.1,0.0058767,NaN,NaN,NaN,NaN,NaN,-1,-1,-1.2474,2.1062,-7.7726,5.7635,-3.6009,-18.765,NaN,NaN,NaN,NaN,NaN
345.57,-29.402,-8.9835,69.894,-1.76,1.4621,-9.1369,6.0677,-4.0858,-18.76,0.32863,0.70631,-0.7057,NaN,NaN,NaN,NaN,NaN,NaN,NaN,NaN,NaN,47.62,0,2798.1,0.0058767,NaN,NaN,NaN,NaN,NaN,-1,-1,-1.2483,2.1039,-7.766,5.7179,-3.5461,-18.627,NaN,NaN,NaN,NaN,NaN
345.57,-29.381,-9.0103,69.855,-1.4018,3.2513,-8.4421,5.7711,-2.0357,-18.816,0,0,0,NaN,NaN,NaN,NaN,NaN,NaN,NaN,NaN,NaN,47.62,0,2798.1,0.0058767,NaN,NaN,NaN,NaN,15.063,97658,11.5,-1.2548,2.0884,-7.7619,5.6853,-3.4496,-18.51,NaN,NaN,NaN,NaN,NaN
345.57,-29.359,-9.0395,69.819,-0.73321,2.7757,-5.5244,6.1546,-3.2189,-18.686,0,0,0,NaN,NaN,NaN,NaN,NaN,NaN,NaN,NaN,NaN,47.62,0,2798.1,0.0058767,NaN,NaN,NaN,NaN,NaN,-1,-1,-1.2517,2.0907,-7.7485,5.675,-3.3955,-18.42,NaN,NaN,NaN,NaN,NaN
345.58,-29.337,-9.0721,69.783,-1.601,0.86063,-8.2408,6.1515,-4.4521,-19.328,0,0,0,NaN,NaN,NaN,NaN,NaN,NaN,NaN,NaN,NaN,47.62,0,2798.1,0.0058767,1.3786,2.5119,0.70775,0.0033296,15.037,97679,11.563,-1.2499,2.0863,-7.7398,5.6439,-3.4458,-18.35,NaN,NaN,NaN,NaN,NaN
345.58,-29.315,-9.1018,69.744,-1.4157,1.5575,-9.398,5.7122,-3.0201,-19.471,0.34033,0.69882,-0.70688,16.367,7.4823,-4.515,18.554,40.058,-88.55,3.6777e+05,4.4354e+06,260.13,47.62,0,2798.1,0.0058767,NaN,NaN,NaN,NaN,NaN,-1,-1,-1.2598,2.0691,-7.7613,5.6327,-3.4651,-18.281,18.433,-1.9727,0.74949,2.3283,-6.1035
345.58,-29.294,-9.132,69.707,-0.50578,2.626,-7.5745,5.9062,-3.3558,-19.31,0,0,0,NaN,NaN,NaN,NaN,NaN,NaN,NaN,NaN,NaN,47.62,0,2798.1,0.0058767,NaN,NaN,NaN,NaN,NaN,-1,-1,-1.2459,2.0532,-7.6785,5.6183,-3.3262,-18.225,NaN,NaN,NaN,NaN,NaN
345.58,-29.272,-9.161,69.669,-1.0335,2.1271,-8.521,5.8175,-2.9312,-19.05,0,0,0,NaN,NaN,NaN,NaN,NaN,NaN,NaN,NaN,NaN,47.62,0,2798.1,0.0058767,NaN,NaN,NaN,NaN,15.169,97716,11.688,-1.2403,2.0428,-7.683,5.6172,-3.3424,-18.186,NaN,NaN,NaN,NaN,NaN
345.59,-29.252,-9.1913,69.632,-2.6729,2.8813,-7.5179,5.5115,-3.4256,-19.313,0,0,0,NaN,NaN,NaN,NaN,NaN,NaN,NaN,NaN,NaN,47.62,0,2798.1,0.0058767,NaN,NaN,NaN,NaN,NaN,-1,-1,-1.2542,2.0496,-7.7098,5.6228,-3.3918,-18.166,NaN,NaN,NaN,NaN,NaN
345.59,-29.23,-9.2216,69.593,-1.0491,2.5036,-7.3334,5.6085,-3.278,-19.598,0.33115,0.69379,-0.71438,NaN,NaN,NaN,NaN,NaN,NaN,NaN,NaN,NaN,47.62,0,2798.1,0.0058767,1.5155,NaN,NaN,NaN,NaN,-1,-1,-1.2519,2.0449,-7.6845,5.6204,-3.2961,-18.145,NaN,NaN,NaN,NaN,NaN
345.59,-29.209,-9.2542,69.556,-0.8896,1.4636,-8.0144,5.8313,-4.2199,-19.755,0,0,0,NaN,NaN,NaN,NaN,NaN,NaN,NaN,NaN,NaN,47.62,0,2798.1,0.0058767,NaN,2.5089,0.70593,0.0099889,15.113,97676,11.5,-1.2471,2.0289,-7.6876,5.6255,-3.2927,-18.125,NaN,NaN,NaN,NaN,NaN
345.59,-29.186,-9.2863,69.518,-1.6727,1.6532,-8.5148,6.2461,-3.9839,-19.801,0,0,0,NaN,NaN,NaN,NaN,NaN,NaN,NaN,NaN,NaN,47.62,0,2798.1,0.0058767,NaN,NaN,NaN,NaN,NaN,-1,-1,-1.2372,2.0154,-7.6304,5.6142,-3.359,-18.132,NaN,NaN,NaN,NaN,NaN
345.6,-29.165,-9.3129,69.477,-0.95964,1.6312,-7.2534,5.4489,-1.5467,-19.626,0,0,0,NaN,NaN,NaN,NaN,NaN,NaN,NaN,NaN,NaN,47.62,0,2798.1,0.0058767,NaN,NaN,NaN,NaN,NaN,-1,-1,-1.2465,2.0004,-7.6285,5.5944,-3.2821,-18.162,NaN,NaN,NaN,NaN,NaN
345.6,-29.142,-9.3492,69.44,-1.4884,1.8555,-8.8479,6.3905,-5.7315,-20.166,0.33864,0.7081,-0.7137,NaN,NaN,NaN,NaN,NaN,NaN,NaN,NaN,NaN,47.62,0,2798.1,0.0058767,NaN,NaN,NaN,NaN,15.168,97703,11.625,-1.2555,1.9896,-7.6527,5.5821,-3.2062,-18.192,NaN,NaN,NaN,NaN,NaN
345.6,-29.119,-9.3795,69.4,-1.554,2.9375,-8.484,6.2927,-2.975,-20.161,0,0,0,NaN,NaN,NaN,NaN,NaN,NaN,NaN,NaN,NaN,47.62,0,2792.4,0.0069644,1.5242,2.4892,0.71506,0.036626,NaN,-1,-1,-1.26,1.9981,-7.6756,5.5516,-3.2845,-18.23,NaN,NaN,NaN,NaN,NaN
345.6,-29.094,-9.4082,69.359,-0.91434,2.6135,-6.8109,6.983,-2.2938,-20.122,0,0,0,NaN,NaN,NaN,NaN,NaN,NaN,NaN,NaN,NaN,47.62,0,2792.4,0.0069644,NaN,NaN,NaN,NaN,15.038,97693,11.625,-1.2572,1.9848,-7.6603,5.5476,-3.3171,-18.29,NaN,NaN,NaN,NaN,NaN
345.61,-29.071,-9.4408,69.319,-1.8525,1.1542,-7.786,6.1718,-3.7022,-20.721,0,0,0,NaN,NaN,NaN,NaN,NaN,NaN,NaN,NaN,NaN,47.62,0,2792.4,0.0069644,NaN,NaN,NaN,NaN,NaN,-1,-1,-1.2657,1.9725,-7.6769,5.5254,-3.1827,-18.356,NaN,NaN,NaN,NaN,NaN
345.61,0,0,0,0,0,0,0,0,0,0,0,0,NaN,NaN,NaN,NaN,NaN,NaN,NaN,NaN,NaN,47.62,0,2792.4,0.0069644,NaN,NaN,NaN,NaN,NaN,-1,-1,-1.2665,1.9625,-7.6857,5.5179,-3.1686,-18.44,NaN,NaN,NaN,NaN,NaN
345.61,-29.047,-9.4737,69.279,-1.3394,1.7619,-8.3362,6.6394,-4.0457,-20.465,0.34739,0.6938,-0.70847,NaN,NaN,NaN,NaN,NaN,NaN,NaN,NaN,NaN,47.62,0,2792.4,0.0069644,NaN,NaN,NaN,NaN,15.167,97685,11.563,-1.2577,1.9533,-7.6894,5.512,-3.255,-18.538,NaN,NaN,NaN,NaN,NaN
345.61,-29.025,-9.5064,69.24,-0.2831,1.3387,-8.0728,5.8273,-3.9415,-20.442,0,0,0,NaN,NaN,NaN,NaN,NaN,NaN,NaN,NaN,NaN,47.62,0,2792.4,0.0069644,NaN,NaN,NaN,NaN,NaN,-1,-1,-1.262,1.9538,-7.7058,5.4894,-3.232,-18.651,NaN,NaN,NaN,NaN,NaN
345.62,0,0,0,0,0,0,0,0,0,0,0,0,NaN,NaN,NaN,NaN,NaN,NaN,NaN,NaN,NaN,47.62,0,2792.4,0.0069644,1.5877,2.6115,0.63533,0.080744,NaN,-1,-1,-1.2647,1.9541,-7.685,5.4939,-3.175,-18.791,NaN,NaN,NaN,NaN,NaN
345.62,-28.959,-9.5974,69.117,-1.7185,1.7335,-6.0112,5.8247,-3.704,-20.51,0.35013,0.68848,-0.71712,NaN,NaN,NaN,NaN,NaN,NaN,NaN,NaN,NaN,47.62,0,2792.4,0.0069644,NaN,NaN,NaN,NaN,15.118,97685,11.625,-1.2619,1.9378,-7.7008,5.4995,-3.2888,-18.919,NaN,NaN,NaN,NaN,NaN
345.62,-28.937,-9.6346,69.078,-0.75277,1.6108,-9.1894,5.6899,-5.6652,-21.116,0,0,0,NaN,NaN,NaN,NaN,NaN,NaN,NaN,NaN,NaN,47.62,0,2792.4,0.0069644,NaN,NaN,NaN,NaN,NaN,-1,-1,-1.2634,1.9351,-7.7047,5.5242,-3.2983,-19.084,NaN,NaN,NaN,NaN,NaN
345.62,-28.913,-9.6647,69.035,-1.496,2.2246,-8.7996,6.1785,-2.2828,-21.317,0,0,0,NaN,NaN,NaN,NaN,NaN,NaN,NaN,NaN,NaN,47.62,0,2792.4,0.0069644,NaN,NaN,NaN,NaN,15.118,97710,11.688,-1.2584,1.9232,-7.6973,5.509,-3.2448,-19.23,NaN,NaN,NaN,NaN,NaN
345.63,-28.867,-9.7322,68.952,-1.273,2.1114,-8.7209,5.9534,-6.5902,-21.376,0.35499,0.69815,-0.71446,NaN,NaN,NaN,NaN,NaN,NaN,NaN,NaN,NaN,47.62,0,2792.4,0.0069644,NaN,NaN,NaN,NaN,NaN,-1,-1,-1.2633,1.9107,-7.6948,5.513,-3.3044,-19.404,NaN,NaN,NaN,NaN,NaN
345.63,-28.844,-9.7627,68.908,-1.3932,2.5837,-9.1038,6.042,-2.3906,-21.502,0,0,0,NaN,NaN,NaN,NaN,NaN,NaN,NaN,NaN,NaN,47.62,0,2792.4,0.0069644,1.7629,2.6079,0.65968,0.069923,NaN,-1,-1,-1.2626,1.9035,-7.711,5.5387,-3.3001,-19.602,NaN,NaN,NaN,NaN,NaN
345.63,-28.818,-9.7921,68.864,-1.4547,2.8353,-7.0842,6.9099,-1.8922,-21.565,0,0,0,NaN,NaN,NaN,NaN,NaN,NaN,NaN,NaN,NaN,47.62,0,2792.4,0.0069644,NaN,NaN,NaN,NaN,15.17,97709,11.688,-1.2609,1.9069,-7.7063,5.5487,-3.2299,-19.805,NaN,NaN,NaN,NaN,NaN
345.63,-28.794,-9.8252,68.821,-1.3674,1.7922,-7.0933,6.4505,-3.5267,-21.669,0,0,0,NaN,NaN,NaN,NaN,NaN,NaN,NaN,NaN,NaN,47.62,0,2792.4,0.0069644,NaN,NaN,NaN,NaN,NaN,-1,-1,-1.2605,1.9029,-7.6869,5.5445,-3.3279,-20.038,NaN,NaN,NaN,NaN,NaN
345.64,-28.734,-9.8868,68.775,-1.0079,1.0881,-8.651,6.4696,-5.371,-21.627,0.35972,0.703,-0.71181,NaN,NaN,NaN,NaN,NaN,NaN,NaN,NaN,NaN,47.62,0,2792.4,0.0069644,NaN,NaN,NaN,NaN,NaN,-1,-1,-1.2616,1.8837,-7.692,5.5352,-3.3415,-20.281,NaN,NaN,NaN,NaN,NaN
345.64,-28.712,-9.9171,68.731,-0.81592,1.4074,-8.8869,5.5212,-2.3452,-21.588,0,0,0,NaN,NaN,NaN,NaN,NaN,NaN,NaN,NaN,NaN,47.62,0,2792.4,0.0069644,NaN,NaN,NaN,NaN,15.112,97680,11.5,-1.2741,1.9033,-7.776,5.5368,-3.2725,-20.525,NaN,NaN,NaN,NaN,NaN
345.64,-28.69,-9.9465,68.686,-1.0863,2.1887,-8.4911,5.3653,-1.9369,-21.559,0,0,0,NaN,NaN,NaN,NaN,NaN,NaN,NaN,NaN,NaN,47.62,0,2792.4,0.0069644,2.1741,2.4856,0.7108,0.050777,15.251,97718,11.75,-1.2762,1.8938,-7.7705,5.5685,-3.2904,-20.78,NaN,NaN,NaN,NaN,NaN
345.64,-28.643,-10.014,68.599,-2.3132,2.4946,-7.6199,5.9611,-4.4339,-22.18,0.35694,0.68863,-0.71206,NaN,NaN,NaN,NaN,NaN,NaN,NaN,NaN,NaN,47.62,0,2792.4,0.0069644,NaN,NaN,NaN,NaN,NaN,-1,-1,-1.2694,1.8936,-7.7722,5.5683,-3.2865,-21.054,NaN,NaN,NaN,NaN,NaN
345.65,-28.621,-10.048,68.554,-0.72534,1.5701,-8.7489,5.4221,-3.6251,-22.336,0,0,0,NaN,NaN,NaN,NaN,NaN,NaN,NaN,NaN,NaN,47.62,0,2792.4,0.0069644,NaN,NaN,NaN,NaN,NaN,-1,-1,-1.2804,1.8931,-7.7709,5.5634,-3.3308,-21.331,NaN,NaN,NaN,NaN,NaN
345.65,-28.599,-10.079,68.508,-0.77244,1.4796,-8.4555,5.3784,-2.0622,-22.395,0,0,0,NaN,NaN,NaN,NaN,NaN,NaN,NaN,NaN,NaN,47.62,0,2792.4,0.0069644,NaN,NaN,NaN,NaN,NaN,-1,-1,-1.2724,1.8945,-7.7916,5.5784,-3.3371,-21.627,NaN,NaN,NaN,NaN,NaN
345.65,-28.575,-10.112,68.463,-2.3236,0.98459,-6.3576,5.8168,-3.0997,-22.289,0,0,0,NaN,NaN,NaN,NaN,NaN,NaN,NaN,NaN,NaN,47.62,0,2792.4,0.0069644,NaN,NaN,NaN,NaN,15.089,97684,11.563,-1.2736,1.875,-7.7799,5.6183,-3.3432,-21.927,NaN,NaN,NaN,NaN,NaN
345.65,-28.554,-10.151,68.42,-0.52421,2.3004,-9.2591,4.9776,-5.7622,-22.476,0.36865,0.68607,-0.71101,NaN,NaN,NaN,NaN,NaN,NaN,NaN,NaN,NaN,47.62,0,2792.4,0.0069644,NaN,NaN,NaN,NaN,NaN,-1,-1,-1.2787,1.8698,-7.7878,5.5949,-3.3421,-22.227,NaN,NaN,NaN,NaN,NaN
345.66,-28.53,-10.181,68.374,-1.5691,2.2186,-9.3313,5.8757,-2.1529,-22.545,0,0,0,NaN,NaN,NaN,NaN,NaN,NaN,NaN,NaN,NaN,47.62,0,2792.4,0.0069644,2.4057,2.6055,0.63533,0.081576,NaN,-1,-1,-1.2747,1.8617,-7.8001,5.6379,-3.4421,-22.573,NaN,NaN,NaN,NaN,NaN
345.66,-28.507,-10.21,68.324,-1.7262,2.3542,-7.1444,5.5992,-0.92905,-22.911,0,0,0,NaN,NaN,NaN,NaN,NaN,NaN,NaN,NaN,NaN,47.62,0,2792.4,0.0069644,NaN,NaN,NaN,NaN,15.035,97691,11.563,-1.2776,1.8581,-7.8117,5.6657,-3.3265,-22.919,NaN,NaN,NaN,NaN,NaN
345.66,-28.483,-10.25,68.281,-0.97848,2.4882,-6.6169,6.2584,-6.086,-22.99,0,0,0,NaN,NaN,NaN,NaN,NaN,NaN,NaN,NaN,NaN,47.62,0,2792.4,0.0069644,NaN,NaN,NaN,NaN,NaN,-1,-1,-1.2791,1.864,-7.8076,5.7255,-3.4192,-23.277,NaN,NaN,NaN,NaN,NaN
345.66,-28.459,-10.286,68.236,-1.1629,0.89999,-8.3863,5.7437,-4.376,-22.924,0.37073,0.67643,-0.71082,NaN,NaN,NaN,NaN,NaN,NaN,NaN,NaN,NaN,47.62,0,2792.4,0.0069644,NaN,NaN,NaN,NaN,15.036,97723,11.688,-1.2839,1.8583,-7.8204,5.7413,-3.4702,-23.67,NaN,NaN,NaN,NaN,NaN
345.67,-28.436,-10.317,68.188,-1.3483,1.2326,-9.9737,5.3839,-1.7526,-22.856,0,0,0,NaN,NaN,NaN,NaN,NaN,NaN,NaN,NaN,NaN,47.62,0,2792.4,0.0069644,NaN,NaN,NaN,NaN,NaN,-1,-1,-1.2859,1.8442,-7.8172,5.543,-3.2427,-23.294,NaN,NaN,NaN,NaN,NaN
345.67,-28.413,-10.349,68.141,-0.6557,1.6635,-7.099,5.3642,-2.3778,-22.987,0,0,0,NaN,NaN,NaN,NaN,NaN,NaN,NaN,NaN,NaN,47.62,0,2792.4,0.0069644,2.7961,2.6026,0.64751,0.074917,NaN,-1,-1,-1.2898,1.8414,-7.8155,5.5747,-3.3177,-23.531,NaN,NaN,NaN,NaN,NaN
345.67,-28.391,-10.387,68.098,-0.9587,3.0152,-8.2858,5.3289,-5.5608,-22.728,0,0,0,NaN,NaN,NaN,NaN,NaN,NaN,NaN,NaN,NaN,47.62,0,2792.4,0.0069644,NaN,NaN,NaN,NaN,15.219,97690,11.563,-1.2814,1.837,-7.8321,5.5674,-3.2354,-23.777,NaN,NaN,NaN,NaN,NaN
345.67,-28.367,-10.416,68.047,-3.2508,2.4563,-8.2431,5.5752,-1.0471,-23.408,0.38083,0.68554,-0.71659,NaN,NaN,NaN,NaN,NaN,NaN,NaN,NaN,NaN,47.62,0,2792.4,0.0069644,NaN,NaN,NaN,NaN,NaN,-1,-1,-1.2876,1.8203,-7.8305,5.334,-3.2045,-23.253,NaN,NaN,NaN,NaN,NaN
345.68,-28.346,-10.449,68,-0.094551,1.4928,-6.3001,4.9496,-2.7686,-23.17,0,0,0,NaN,NaN,NaN,NaN,NaN,NaN,NaN,NaN,NaN,47.62,0,2792.4,0.0069644,NaN,NaN,NaN,NaN,NaN,-1,-1,-1.283,1.8272,-7.8546,5.3002,-3.0896,-23.329,NaN,NaN,NaN,NaN,NaN
345.68,-28.324,-10.488,67.954,-0.9426,1.3671,-8.7974,5.1502,-5.4085,-23.571,0,0,0,NaN,NaN,NaN,NaN,NaN,NaN,NaN,NaN,NaN,47.62,0,2792.4,0.0069644,NaN,NaN,NaN,NaN,15.008,97695,11.563,-1.2873,1.8096,-7.8432,5.2398,-3.2022,-23.419,NaN,NaN,NaN,NaN,NaN
345.68,-28.3,-10.521,67.905,-2.7698,1.4507,-8.4131,5.4285,-2.5182,-23.786,0,0,0,NaN,NaN,NaN,NaN,NaN,NaN,NaN,NaN,NaN,47.62,0,2792.4,0.0069644,3.1618,2.6085,0.63107,0.10239,NaN,-1,-1,-1.285,1.7933,-7.8422,5.2012,-3.237,-23.52,NaN,NaN,NaN,NaN,NaN
345.68,-28.279,-10.553,67.856,-0.23674,1.2688,-7.6663,4.4162,-2.112,-23.514,0.37121,0.68831,-0.713,NaN,NaN,NaN,NaN,NaN,NaN,NaN,NaN,NaN,47.62,0,2792.4,0.0069644,NaN,NaN,NaN,NaN,14.955,97689,11.563,-1.2858,1.7895,-7.8524,5.1676,-3.2145,-23.619,NaN,NaN,NaN,NaN,NaN
345.69,-28.257,-10.592,67.81,-1.2343,2.6329,-7.9734,5.1948,-5.1948,-23.553,0,0,0,NaN,NaN,NaN,NaN,NaN,NaN,NaN,NaN,NaN,47.62,0,2792.4,0.0069644,NaN,NaN,NaN,NaN,NaN,-1,-1,-1.294,1.7919,-7.8714,5.1239,-3.2439,-23.723,NaN,NaN,NaN,NaN,NaN
345.69,-28.232,-10.622,67.76,-2.3707,2.4663,-9.5399,5.7417,-1.5277,-23.622,0,0,0,NaN,NaN,NaN,NaN,NaN,NaN,NaN,NaN,NaN,47.62,0,2792.4,0.0069644,NaN,NaN,NaN,NaN,NaN,-1,-1,-1.2858,1.7889,-7.8585,5.0882,-3.2736,-23.829,NaN,NaN,NaN,NaN,NaN
345.69,-28.208,-10.655,67.71,-0.60899,2.1249,-5.9748,5.5735,-2.4352,-23.931,0,0,0,NaN,NaN,NaN,NaN,NaN,NaN,NaN,NaN,NaN,47.62,0,2792.4,0.0069644,3.4815,2.6085,0.64933,0.074917,15.035,97708,11.625,-1.2874,1.7718,-7.8665,5.0562,-3.1806,-23.926,NaN,NaN,NaN,NaN,NaN
345.69,-28.185,-10.695,67.663,-1.4081,1.6084,-7.6391,5.517,-5.3684,-24.159,0.38084,0.69047,-0.71436,NaN,NaN,NaN,NaN,NaN,NaN,NaN,NaN,NaN,47.62,0,2792.4,0.0069644,3.4815,2.6085,0.64933,0.074917,NaN,-1,-1,-1.2963,1.7671,-7.8704,5.0559,-3.222,-24.016,NaN,NaN,NaN,NaN,NaN
345.7,-28.139,-10.76,67.563,-0.73364,0.87003,-7.7651,4.4955,-2.4468,-23.923,0,0,0,NaN,NaN,NaN,NaN,NaN,NaN,NaN,NaN,NaN,47.62,0,2792.4,0.0069644,NaN,NaN,NaN,NaN,NaN,-1,-1,-1.2952,1.7497,-7.8754,5.0363,-3.2292,-24.108,NaN,NaN,NaN,NaN,NaN
345.7,-28.117,-10.795,67.514,-1.3563,3.6235,-7.9055,5.0251,-3.5002,-23.872,0,0,0,NaN,NaN,NaN,NaN,NaN,NaN,NaN,NaN,NaN,47.62,0,2792.4,0.0069644,NaN,NaN,NaN,NaN,15.223,97707,11.688,-1.2898,1.7424,-7.8758,5.0164,-3.1844,-24.197,NaN,NaN,NaN,NaN,NaN
345.7,-28.093,-10.827,67.462,-2.4696,2.3351,-7.5311,5.2034,-1.7856,-24.399,0.37576,0.6736,-0.71705,NaN,NaN,NaN,NaN,NaN,NaN,NaN,NaN,NaN,47.62,0,2792.4,0.0069644,NaN,NaN,NaN,NaN,NaN,-1,-1,-1.2955,1.739,-7.8963,5.0243,-3.2023,-24.305,NaN,NaN,NaN,NaN,NaN
345.7,-28.071,-10.864,67.413,-0.74002,1.0048,-6.8566,4.7882,-3.8773,-24.409,0,0,0,NaN,NaN,NaN,NaN,NaN,NaN,NaN,NaN,NaN,47.62,0,2792.4,0.0069644,NaN,NaN,NaN,NaN,15.218,97694,11.563,-1.3003,1.7339,-7.8804,5.0248,-3.2135,-24.406,NaN,NaN,NaN,NaN,NaN
345.71,-28.05,-10.901,67.363,-1.23,2.1841,-9.6567,4.4091,-3.9881,-24.717,0,0,0,NaN,NaN,NaN,NaN,NaN,NaN,NaN,NaN,NaN,47.62,0,2792.4,0.0069644,NaN,NaN,NaN,NaN,NaN,-1,-1,-1.2953,1.7263,-7.8868,5.0364,-3.1388,-24.503,NaN,NaN,NaN,NaN,NaN
345.71,-28.025,-10.933,67.31,-2.351,1.3106,-7.5231,5.5031,-1.5521,-24.958,0,0,0,NaN,NaN,NaN,NaN,NaN,NaN,NaN,NaN,NaN,47.62,0,2792.4,0.0069644,NaN,NaN,NaN,NaN,NaN,-1,-1,-1.2984,1.7151,-7.9058,5.0516,-3.1132,-24.593,NaN,NaN,NaN,NaN,NaN
345.71,-28.003,-10.967,67.258,0.013944,1.1511,-6.3325,4.4919,-2.5419,-24.531,0.39017,0.67809,-0.71797,NaN,NaN,NaN,NaN,NaN,NaN,NaN,NaN,NaN,47.62,0,2792.4,0.0069644,NaN,NaN,NaN,NaN,15.089,97723,11.688,-1.3009,1.7039,-7.8964,5.0429,-3.2128,-24.688,NaN,NaN,NaN,NaN,NaN
345.71,-27.981,-11.01,67.212,-1.6101,1.6277,-10.196,4.9227,-6.8129,-24.847,0,0,0,NaN,NaN,NaN,NaN,NaN,NaN,NaN,NaN,NaN,47.62,0,2792.4,0.0069644,NaN,NaN,NaN,NaN,NaN,-1,-1,-1.3011,1.6939,-7.8939,5.0668,-3.1109,-24.77,NaN,NaN,NaN,NaN,NaN
345.72,-27.957,-11.038,67.156,-2.2628,2.4612,-9.1188,4.8542,0.21727,-24.867,0,0,0,NaN,NaN,NaN,NaN,NaN,NaN,NaN,NaN,NaN,47.62,0,2792.4,0.0069644,NaN,NaN,NaN,NaN,NaN,-1,-1,-1.3057,1.6852,-7.9129,5.0815,-3.053,-24.875,NaN,NaN,NaN,NaN,NaN
345.72,-27.932,-11.071,67.104,-0.34879,2.6175,-5.1092,5.6389,-1.8622,-24.744,0,0,0,NaN,NaN,NaN,NaN,NaN,NaN,NaN,NaN,NaN,47.62,0,2792.4,0.0069644,4.3942,2.6067,0.63533,0.092398,15.222,97760,11.813,-1.3019,1.686,-7.9152,5.1007,-3.0687,-24.973,NaN,NaN,NaN,NaN,NaN
345.72,-27.908,-11.113,67.056,-1.663,0.93047,-7.4433,5.4353,-6.3948,-25.127,0.38783,0.68304,-0.71596,NaN,NaN,NaN,NaN,NaN,NaN,NaN,NaN,NaN,47.63,0,2795.3,0.0069644,4.3942,2.6067,0.63533,0.092398,15.009,97687,11.563,-1.3022,1.6725,-7.9062,5.1217,-3.1248,-25.066,NaN,NaN,NaN,NaN,NaN
345.72,-27.86,-11.178,66.948,-0.085637,0.87162,-6.6867,4.6798,-1.241,-25.184,0,0,0,NaN,NaN,NaN,NaN,NaN,NaN,NaN,NaN,NaN,47.63,0,2795.3,0.0069644,NaN,NaN,NaN,NaN,NaN,-1,-1,-1.312,1.6599,-7.913,5.1436,-3.059,-25.163,NaN,NaN,NaN,NaN,NaN
345.73,-27.837,-11.22,66.899,-1.3099,2.7292,-8.5038,5.1316,-6.0873,-25.003,0,0,0,NaN,NaN,NaN,NaN,NaN,NaN,NaN,NaN,NaN,47.63,0,2795.3,0.0069644,NaN,NaN,NaN,NaN,NaN,-1,-1,-1.314,1.6471,-7.9164,5.1653,-3.0448,-25.263,NaN,NaN,NaN,NaN,NaN
345.73,-27.811,-11.25,66.843,-2.6888,2.3755,-8.9232,5.5202,-0.3,-25.361,0.38309,0.67326,-0.72084,NaN,NaN,NaN,NaN,NaN,NaN,NaN,NaN,NaN,47.63,0,2795.3,0.0069644,NaN,NaN,NaN,NaN,NaN,-1,-1,-1.3227,1.64,-7.9103,5.2062,-3.0556,-25.346,NaN,NaN,NaN,NaN,NaN
345.73,-27.765,-11.326,66.74,-1.0139,1.2636,-9.1121,4.7588,-6.175,-25.587,0,0,0,NaN,NaN,NaN,NaN,NaN,NaN,NaN,NaN,NaN,47.63,0,2795.3,0.0069644,NaN,NaN,NaN,NaN,15.22,97707,11.625,-1.3267,1.6439,-7.9146,5.2813,-3.0388,-25.427,NaN,NaN,NaN,NaN,NaN
345.73,-27.739,-11.359,66.684,-2.1402,1.8979,-9.0414,5.4138,-1.7789,-25.751,0,0,0,NaN,NaN,NaN,NaN,NaN,NaN,NaN,NaN,NaN,47.63,0,2795.3,0.0069644,4.6066,2.4922,0.71201,0.032464,NaN,-1,-1,-1.3302,1.6308,-7.9123,5.3166,-3.0528,-25.51,NaN,NaN,NaN,NaN,NaN
345.74,-27.714,-11.389,66.628,-0.93185,0.57664,-6.6878,5.3604,-0.39127,-25.633,0.40194,0.66808,-0.72137,NaN,NaN,NaN,NaN,NaN,NaN,NaN,NaN,NaN,47.63,0,2795.3,0.0069644,NaN,NaN,NaN,NaN,NaN,-1,-1,-1.3276,1.6209,-7.9278,5.3819,-3.2019,-25.597,NaN,NaN,NaN,NaN,NaN
345.74,-27.69,-11.433,66.579,-0.8617,1.3983,-8.1635,5.095,-6.7575,-25.759,0,0,0,NaN,NaN,NaN,NaN,NaN,NaN,NaN,NaN,NaN,47.63,0,2795.3,0.0069644,NaN,NaN,NaN,NaN,15.218,97716,11.625,-1.3321,1.6016,-7.9082,5.4492,-3.0188,-25.69,NaN,NaN,NaN,NaN,NaN
345.74,-27.664,-11.466,66.523,-2.2763,2.7791,-9.3211,5.6175,-1.4806,-25.74,0,0,0,NaN,NaN,NaN,NaN,NaN,NaN,NaN,NaN,NaN,47.63,0,2795.3,0.0069644,NaN,NaN,NaN,NaN,NaN,-1,-1,-1.3387,1.5863,-7.941,5.4823,-2.8974,-25.76,NaN,NaN,NaN,NaN,NaN
345.74,-27.636,-11.495,66.466,-1.1653,2.3553,-7.0759,6.6594,-0.21532,-25.707,0,0,0,NaN,NaN,NaN,NaN,NaN,NaN,NaN,NaN,NaN,47.63,0,2795.3,0.0069644,NaN,NaN,NaN,NaN,15.302,97745,11.813,-1.3404,1.5943,-7.9375,5.5857,-3.0762,-25.841,NaN,NaN,NaN,NaN,NaN
345.75,-27.608,-11.537,66.414,-1.3972,0.93213,-6.7919,6.6711,-5.3211,-26.046,0.39985,0.6728,-0.72378,NaN,NaN,NaN,NaN,NaN,NaN,NaN,NaN,NaN,47.63,0,2795.3,0.0069644,NaN,NaN,NaN,NaN,NaN,-1,-1,-1.3404,1.5917,-7.9356,5.7467,-3.0073,-25.919,NaN,NaN,NaN,NaN,NaN
345.75,-27.58,-11.574,66.36,-1.2329,0.58471,-9.2724,6.2195,-3.7146,-26.202,0,0,0,NaN,NaN,NaN,NaN,NaN,NaN,NaN,NaN,NaN,47.63,0,2795.3,0.0069644,NaN,NaN,NaN,NaN,NaN,-1,-1,-1.3498,1.5752,-7.9418,5.9016,-2.8212,-26.009,NaN,NaN,NaN,NaN,NaN
345.75,-27.553,-11.608,66.304,-0.80554,1.711,-7.7945,6.1758,-1.7672,-26.055,0,0,0,NaN,NaN,NaN,NaN,NaN,NaN,NaN,NaN,NaN,47.63,0,2795.3,0.0069644,NaN,NaN,NaN,NaN,15.194,97685,11.563,-1.355,1.5607,-7.9336,6.0741,-2.9318,-26.093,NaN,NaN,NaN,NaN,NaN
345.75,-27.525,-11.643,66.249,-1.111,1.3859,-8.0951,6.2208,-2.4496,-25.975,0,0,0,NaN,NaN,NaN,NaN,NaN,NaN,NaN,NaN,NaN,47.63,0,2795.3,0.0069644,NaN,NaN,NaN,NaN,NaN,-1,-1,-1.3525,1.5439,-7.9441,6.2435,-2.9129,-26.16,NaN,NaN,NaN,NaN,NaN
345.76,-27.498,-11.678,66.195,-2.0084,2.7841,-7.3971,6.2281,-2.9769,-25.907,0.40915,0.67279,-0.72072,NaN,NaN,NaN,NaN,NaN,NaN,NaN,NaN,NaN,47.63,0,2795.3,0.0069644,NaN,NaN,NaN,NaN,15.169,97715,11.688,-1.3499,1.5342,-7.9539,6.4511,-2.8372,-26.207,NaN,NaN,NaN,NaN,NaN
345.76,-27.47,-11.713,66.139,-1.9539,1.7269,-8.1432,6.1494,-2.47,-26.212,0,0,0,NaN,NaN,NaN,NaN,NaN,NaN,NaN,NaN,NaN,47.63,0,2795.3,0.0069644,5.3332,2.5166,0.71201,-0.0016648,NaN,-1,-1,-1.3603,1.5336,-7.9614,6.6596,-2.7907,-26.273,NaN,NaN,NaN,NaN,NaN
345.76,-27.443,-11.751,66.085,-0.88881,1.2005,-7.5761,5.9015,-3.3676,-26.394,0,0,0,NaN,NaN,NaN,NaN,NaN,NaN,NaN,NaN,NaN,47.63,0,2795.3,0.0069644,NaN,NaN,NaN,NaN,15.141,97687,11.563,-1.3664,1.5283,-7.9473,6.8692,-2.7623,-26.342,NaN,NaN,NaN,NaN,NaN
345.76,-27.415,-11.786,66.029,-1.2006,1.5182,-8.4247,6.4361,-2.8037,-26.446,0,0,0,NaN,NaN,NaN,NaN,NaN,NaN,NaN,NaN,NaN,47.63,0,2795.3,0.0069644,NaN,NaN,NaN,NaN,NaN,-1,-1,-1.3631,1.5169,-7.9526,7.0621,-2.7322,-26.422,NaN,NaN,NaN,NaN,NaN
345.77,-27.386,-11.82,65.972,-1.4569,0.87475,-6.9516,6.5234,-1.8324,-26.432,0.39728,0.66562,-0.72401,NaN,NaN,NaN,NaN,NaN,NaN,NaN,NaN,NaN,47.63,0,2795.3,0.0069644,NaN,NaN,NaN,NaN,15.006,97684,11.5,-1.3655,1.5016,-7.9394,7.2878,-2.7551,-26.505,NaN,NaN,NaN,NaN,NaN
345.77,-27.357,-11.86,65.917,-1.3341,1.1315,-9.5846,6.6878,-4.4598,-26.885,0,0,0,NaN,NaN,NaN,NaN,NaN,NaN,NaN,NaN,NaN,47.63,0,2795.3,0.0069644,5.5478,2.4832,0.73209,0.039956,NaN,-1,-1,-1.3643,1.4816,-7.9504,7.4843,-2.7109,-26.577,NaN,NaN,NaN,NaN,NaN
345.77,-27.327,-11.894,65.859,-1.458,2,-7.8864,7.0433,-1.5547,-26.563,0,0,0,NaN,NaN,NaN,NaN,NaN,NaN,NaN,NaN,NaN,47.63,0,2795.3,0.0069644,NaN,NaN,NaN,NaN,15.135,97682,11.438,-1.3711,1.4796,-7.9671,7.6749,-2.6998,-26.641,NaN,NaN,NaN,NaN,NaN
345.77,-27.261,-11.968,65.748,-1.5581,1.3491,-7.942,8.1063,-4.5928,-26.824,0.40664,0.66309,-0.72317,NaN,NaN,NaN,NaN,NaN,NaN,NaN,NaN,NaN,47.63,0,2795.3,0.0069644,NaN,NaN,NaN,NaN,NaN,-1,-1,-1.3741,1.4692,-7.9805,7.9033,-2.6238,-26.703,NaN,NaN,NaN,NaN,NaN
345.78,-27.228,-12.003,65.69,-1.108,0.71107,-8.2966,8.2072,-2.2259,-26.941,0,0,0,NaN,NaN,NaN,NaN,NaN,NaN,NaN,NaN,NaN,47.63,0,2795.3,0.0069644,NaN,NaN,NaN,NaN,15.193,97752,11.75,-1.3807,1.4586,-7.9744,8.5778,-2.6461,-27.591,NaN,NaN,NaN,NaN,NaN
345.78,-27.161,-12.075,65.577,-1.3603,1.7275,-7.3735,8.4018,-3.1748,-26.688,0,0,0,NaN,NaN,NaN,NaN,NaN,NaN,NaN,NaN,NaN,47.63,0,2795.3,0.0069644,5.7088,2.6014,0.6402,0.10655,NaN,-1,-1,-1.3852,1.4493,-7.9648,8.7593,-2.6549,-27.467,NaN,NaN,NaN,NaN,NaN
345.78,-27.126,-12.109,65.52,-1.6408,1.9519,-8.564,8.9772,-1.9184,-26.6,0.4135,0.65579,-0.72256,NaN,NaN,NaN,NaN,NaN,NaN,NaN,NaN,NaN,47.63,0,2795.3,0.0069644,NaN,NaN,NaN,NaN,15.059,97685,11.5,-1.3852,1.4351,-7.9667,8.9105,-2.6017,-27.343,NaN,NaN,NaN,NaN,NaN
345.78,-27.056,-12.185,65.408,-0.72018,1.8305,-8.7394,8.9881,-4.6056,-26.696,0,0,0,NaN,NaN,NaN,NaN,NaN,NaN,NaN,NaN,NaN,47.63,0,2795.3,0.0069644,NaN,NaN,NaN,NaN,NaN,-1,-1,-1.38,1.4244,-7.9812,9.0968,-2.7222,-27.212,NaN,NaN,NaN,NaN,NaN
345.79,-27.02,-12.218,65.348,-1.3873,0.29685,-8.9938,8.7965,-0.91576,-27.322,0,0,0,NaN,NaN,NaN,NaN,NaN,NaN,NaN,NaN,NaN,47.63,0,2795.3,0.0069644,NaN,NaN,NaN,NaN,NaN,-1,-1,-1.3883,1.4136,-7.9797,9.323,-2.5825,-27.082,NaN,NaN,NaN,NaN,NaN
345.79,-26.91,-12.329,65.177,-1.7628,1.332,-9.3076,9.9753,-1.0058,-26.986,0,0,0,NaN,NaN,NaN,NaN,NaN,NaN,NaN,NaN,NaN,47.63,0,2795.3,0.0069644,5.9584,2.5996,0.66941,0.084906,15.215,97695,11.5,-1.3924,1.3982,-7.962,9.9193,-2.7773,-27.822,NaN,NaN,NaN,NaN,NaN
345.79,-26.871,-12.357,65.115,-1.6946,1.6367,-6.6629,9.931,0.78037,-27.21,0,0,0,NaN,NaN,NaN,NaN,NaN,NaN,NaN,NaN,NaN,47.63,0,2795.3,0.0069644,NaN,NaN,NaN,NaN,NaN,-1,-1,-1.3829,1.3935,-7.9753,10.023,-2.7352,-27.531,NaN,NaN,NaN,NaN,NaN
345.79,-26.832,-12.401,65.061,-1.1853,2.5318,-6.8842,10.908,-6.4926,-27.196,0.42333,0.66022,-0.72612,NaN,NaN,NaN,NaN,NaN,NaN,NaN,NaN,NaN,47.63,0,2795.3,0.0069644,NaN,NaN,NaN,NaN,15.274,97716,11.688,-1.3935,1.3824,-7.979,10.122,-2.6033,-27.265,NaN,NaN,NaN,NaN,NaN
345.8,-26.789,-12.442,65.004,-1.491,0.57784,-9.641,11.737,-4.692,-27.601,0,0,0,NaN,NaN,NaN,NaN,NaN,NaN,NaN,NaN,NaN,47.63,0,2795.3,0.0069644,NaN,NaN,NaN,NaN,NaN,-1,-1,-1.3952,1.3649,-7.9739,10.213,-2.7548,-27.02,NaN,NaN,NaN,NaN,NaN
345.8,-26.747,-12.469,64.942,-0.92766,0.47574,-9.0588,11.171,1.338,-27.218,0,0,0,NaN,NaN,NaN,NaN,NaN,NaN,NaN,NaN,NaN,47.63,0,2795.3,0.0069644,NaN,NaN,NaN,NaN,NaN,-1,-1,-1.3908,1.3512,-7.953,10.304,-2.6825,-26.77,NaN,NaN,NaN,NaN,NaN
345.8,-26.706,-12.503,64.882,-0.96249,0.78854,-5.7849,10.729,-1.9376,-27.258,0,0,0,NaN,NaN,NaN,NaN,NaN,NaN,NaN,NaN,NaN,47.63,0,2795.3,0.0069644,NaN,NaN,NaN,NaN,15.06,97722,11.625,-1.3919,1.3461,-7.9684,10.45,-2.5994,-26.536,NaN,NaN,NaN,NaN,NaN
345.8,-26.665,-12.547,64.829,-1.5937,2.3958,-9.0588,11.502,-6.4392,-27.038,0.42574,0.65275,-0.73036,16.228,8.0003,-4.6825,18.689,40.058,-88.55,3.6777e+05,4.4354e+06,259.15,47.63,0,2795.3,0.0069644,5.7903,2.4844,0.72723,0.052442,NaN,-1,-1,-1.3949,1.3326,-7.981,10.613,-2.6358,-26.347,18.675,-0.58977,0.42069,1.2905,-1.8084
345.81,-26.622,-12.579,64.768,-2.6335,2.088,-10.153,11.706,-0.88104,-27.321,0,0,0,NaN,NaN,NaN,NaN,NaN,NaN,NaN,NaN,NaN,47.63,0,2795.3,0.0069644,NaN,NaN,NaN,NaN,NaN,-1,-1,-1.3976,1.3138,-7.9633,10.771,-2.6618,-26.17,NaN,NaN,NaN,NaN,NaN
345.81,-26.579,-12.613,64.708,-0.4388,1.075,-5.235,11.363,-1.7154,-27.471,0,0,0,NaN,NaN,NaN,NaN,NaN,NaN,NaN,NaN,NaN,47.63,0,2795.3,0.0069644,NaN,NaN,NaN,NaN,15.14,97716,11.625,-1.4033,1.2989,-7.9662,10.94,-2.683,-26.008,NaN,NaN,NaN,NaN,NaN
345.81,-26.538,-12.654,64.65,-0.92802,0.45021,-9.3207,11.158,-4.5599,-27.937,0,0,0,NaN,NaN,NaN,NaN,NaN,NaN,NaN,NaN,NaN,47.63,0,2795.3,0.0069644,NaN,NaN,NaN,NaN,NaN,-1,-1,-1.3932,1.2826,-7.9794,11.108,-2.6282,-25.852,NaN,NaN,NaN,NaN,NaN
345.81,-26.494,-12.689,64.589,-2.9611,1.4565,-7.4931,11.782,-2.0181,-27.817,0.42816,0.65512,-0.73014,NaN,NaN,NaN,NaN,NaN,NaN,NaN,NaN,NaN,47.63,0,2795.3,0.0069644,NaN,NaN,NaN,NaN,15.009,97729,11.688,-1.3976,1.2745,-7.973,11.278,-2.6027,-25.696,NaN,NaN,NaN,NaN,NaN
345.82,-26.451,-12.727,64.531,-0.027182,0.79857,-8.7083,11.781,-3.5465,-27.699,0,0,0,NaN,NaN,NaN,NaN,NaN,NaN,NaN,NaN,NaN,47.63,0,2795.3,0.0069644,5.7925,2.4862,0.71871,0.034129,NaN,-1,-1,-1.3939,1.2555,-7.9799,11.441,-2.6249,-25.572,NaN,NaN,NaN,NaN,NaN
345.82,-26.406,-12.766,64.473,-1.4245,1.1367,-9.1382,12.244,-4.1639,-27.629,0,0,0,NaN,NaN,NaN,NaN,NaN,NaN,NaN,NaN,NaN,47.63,0,2795.3,0.0069644,NaN,NaN,NaN,NaN,NaN,-1,-1,-1.3857,1.2392,-7.9091,11.572,-2.6588,-25.472,NaN,NaN,NaN,NaN,NaN
345.82,-26.36,-12.796,64.41,-2.3283,1.607,-8.3424,12.817,0.054889,-27.726,0,0,0,NaN,NaN,NaN,NaN,NaN,NaN,NaN,NaN,NaN,47.63,0,2803.8,0.0064211,NaN,NaN,NaN,NaN,15.062,97708,11.625,-1.3847,1.2285,-7.9065,11.699,-2.5898,-25.392,NaN,NaN,NaN,NaN,NaN
345.82,-26.312,-12.831,64.351,-0.72511,2.4592,-6.2556,13.176,-2.3994,-27.502,0.43265,0.638,-0.73419,NaN,NaN,NaN,NaN,NaN,NaN,NaN,NaN,NaN,47.63,0,2803.8,0.0064211,NaN,NaN,NaN,NaN,NaN,-1,-1,-1.383,1.2009,-7.9031,11.819,-2.5814,-25.32,NaN,NaN,NaN,NaN,NaN
345.83,-26.263,-12.876,64.295,-1.4476,0.76158,-7.6511,14.299,-6.4476,-27.964,0,0,0,NaN,NaN,NaN,NaN,NaN,NaN,NaN,NaN,NaN,47.63,0,2803.8,0.0064211,NaN,NaN,NaN,NaN,NaN,-1,-1,-1.3874,1.1848,-7.919,11.912,-2.7094,-25.276,NaN,NaN,NaN,NaN,NaN
345.83,-26.215,-12.91,64.233,-1.6263,0.20954,-11.584,13.61,-1.7439,-28.001,0,0,0,NaN,NaN,NaN,NaN,NaN,NaN,NaN,NaN,NaN,47.63,0,2803.8,0.0064211,5.2976,2.6044,0.65907,0.097392,15.273,97721,11.688,-1.3734,1.1795,-7.8542,12.003,-2.6524,-25.237,NaN,NaN,NaN,NaN,NaN
345.83,0,0,0,0,0,0,0,0,0,0,0,0,NaN,NaN,NaN,NaN,NaN,NaN,NaN,NaN,NaN,47.63,0,2803.8,0.0064211,NaN,NaN,NaN,NaN,NaN,-1,-1,-1.3705,1.1732,-7.8442,12.143,-2.6769,-25.21,NaN,NaN,NaN,NaN,NaN
345.83,-26.119,-12.983,64.113,-1.2624,2.007,-8.3527,13.543,-5.1695,-27.674,0.43952,0.63562,-0.73135,NaN,NaN,NaN,NaN,NaN,NaN,NaN,NaN,NaN,47.63,0,2803.8,0.0064211,NaN,NaN,NaN,NaN,15.166,97716,11.625,-1.3852,1.1448,-7.886,12.292,-2.7032,-25.228,NaN,NaN,NaN,NaN,NaN
345.84,-26.07,-13.018,64.052,-2.761,1.97,-8.9136,14.098,-2.3066,-27.842,0,0,0,NaN,NaN,NaN,NaN,NaN,NaN,NaN,NaN,NaN,47.63,0,2803.8,0.0064211,NaN,NaN,NaN,NaN,NaN,-1,-1,-1.3867,1.125,-7.8799,12.437,-2.7988,-25.265,NaN,NaN,NaN,NaN,NaN
345.84,-26.02,-13.052,63.991,-0.61192,0.86552,-6.8679,13.815,-2.0101,-28.047,0,0,0,NaN,NaN,NaN,NaN,NaN,NaN,NaN,NaN,NaN,47.63,0,2803.8,0.0064211,NaN,NaN,NaN,NaN,NaN,-1,-1,-1.3815,1.1109,-7.8989,12.6,-2.79,-25.304,NaN,NaN,NaN,NaN,NaN
345.84,-25.973,-13.092,63.93,-1.1783,0.57584,-9.3266,13.234,-4.1734,-28.622,0,0,0,NaN,NaN,NaN,NaN,NaN,NaN,NaN,NaN,NaN,47.63,0,2803.8,0.0064211,NaN,NaN,NaN,NaN,15.245,97731,11.688,-1.3874,1.0917,-7.9311,12.751,-2.8375,-25.367,NaN,NaN,NaN,NaN,NaN
345.84,0,0,0,0,0,0,0,0,0,0,0,0,NaN,NaN,NaN,NaN,NaN,NaN,NaN,NaN,NaN,47.63,0,2803.8,0.0064211,4.8673,2.6055,0.6329,0.094062,NaN,-1,-1,-1.3903,1.0723,-7.9202,12.88,-2.8268,-25.454,NaN,NaN,NaN,NaN,NaN
345.85,-25.923,-13.129,63.869,-2.444,1.2127,-7.3061,14.062,-2.6653,-28.368,0.44907,0.63537,-0.73271,NaN,NaN,NaN,NaN,NaN,NaN,NaN,NaN,NaN,47.63,0,2803.8,0.0064211,NaN,NaN,NaN,NaN,NaN,-1,-1,-1.387,1.0572,-7.9145,13.036,-2.7753,-25.544,NaN,NaN,NaN,NaN,NaN
345.85,-25.823,-13.203,63.748,-1.6922,0.98789,-7.781,14.418,-3.7111,-28.019,0,0,0,NaN,NaN,NaN,NaN,NaN,NaN,NaN,NaN,NaN,47.63,0,2803.8,0.0064211,NaN,NaN,NaN,NaN,15.216,97687,11.5,-1.3931,1.0397,-7.9359,13.187,-2.6663,-25.658,NaN,NaN,NaN,NaN,NaN
345.85,-25.771,-13.237,63.686,-1.9761,1.8359,-9.0242,14.644,-1.7952,-27.939,0,0,0,NaN,NaN,NaN,NaN,NaN,NaN,NaN,NaN,NaN,47.63,0,2803.8,0.0064211,NaN,NaN,NaN,NaN,NaN,-1,-1,-1.3936,1.0233,-7.9313,13.359,-2.777,-25.794,NaN,NaN,NaN,NaN,NaN
345.85,-25.664,-13.312,63.565,-1.532,0.071079,-7.5812,15.402,-3.522,-28.555,0,0,0,NaN,NaN,NaN,NaN,NaN,NaN,NaN,NaN,NaN,47.63,0,2803.8,0.0064211,NaN,NaN,NaN,NaN,15.27,97700,11.563,-1.3906,1.0022,-7.9163,13.542,-2.8893,-25.955,NaN,NaN,NaN,NaN,NaN
345.86,-25.611,-13.347,63.502,-1.4055,0.80502,-9.3881,15.228,-2.2073,-28.593,0,0,0,NaN,NaN,NaN,NaN,NaN,NaN,NaN,NaN,NaN,47.63,0,2803.8,0.0064211,4.2322,2.6067,0.64629,0.077414,NaN,-1,-1,-1.3906,0.98231,-7.9386,13.71,-2.8128,-26.105,NaN,NaN,NaN,NaN,NaN
345.86,-25.558,-13.386,63.442,-0.83912,0.84666,-7.8295,15.107,-3.8036,-28.04,0,0,0,NaN,NaN,NaN,NaN,NaN,NaN,NaN,NaN,NaN,47.63,0,2803.8,0.0064211,NaN,NaN,NaN,NaN,NaN,-1,-1,-1.3873,0.96217,-7.9361,13.863,-2.7575,-26.291,NaN,NaN,NaN,NaN,NaN
345.86,-25.471,-13.441,63.374,-1.3966,1.0636,-8.35,15.098,-3.0715,-28.314,0.44919,0.63033,-0.73716,NaN,NaN,NaN,NaN,NaN,NaN,NaN,NaN,NaN,47.63,0,2803.8,0.0064211,NaN,NaN,NaN,NaN,15.217,97702,11.563,-1.3987,0.95671,-8.0058,14.055,-2.9499,-26.492,NaN,NaN,NaN,NaN,NaN
345.86,-25.419,-13.473,63.311,-2.2129,1.5458,-8.4791,14.781,-1.1469,-28.205,0,0,0,NaN,NaN,NaN,NaN,NaN,NaN,NaN,NaN,NaN,47.63,0,2803.8,0.0064211,NaN,NaN,NaN,NaN,NaN,-1,-1,-1.3997,0.94772,-8.0039,14.236,-2.9254,-26.719,NaN,NaN,NaN,NaN,NaN
345.87,-25.366,-13.512,63.25,-1.0562,1.8816,-6.3005,14.824,-3.9362,-28.365,0,0,0,NaN,NaN,NaN,NaN,NaN,NaN,NaN,NaN,NaN,47.63,0,2803.8,0.0064211,NaN,NaN,NaN,NaN,NaN,-1,-1,-1.4066,0.94559,-8.0188,14.385,-2.8342,-26.957,NaN,NaN,NaN,NaN,NaN
345.87,-25.314,-13.551,63.189,-1.0518,-0.17927,-10.038,14.678,-3.851,-28.749,0,0,0,NaN,NaN,NaN,NaN,NaN,NaN,NaN,NaN,NaN,47.63,0,2803.8,0.0064211,2.9904,2.6002,0.63229,0.10322,15.088,97709,11.625,-1.4259,0.95061,-8.095,14.534,-2.899,-27.225,NaN,NaN,NaN,NaN,NaN
345.87,-25.262,-13.585,63.125,-2.0896,0.74162,-7.9497,14.536,-1.9523,-28.596,0.44932,0.63021,-0.73937,NaN,NaN,NaN,NaN,NaN,NaN,NaN,NaN,NaN,47.63,0,2803.8,0.0064211,NaN,NaN,NaN,NaN,NaN,-1,-1,-1.4204,0.93079,-8.1222,14.697,-2.9049,-27.5,NaN,NaN,NaN,NaN,NaN
345.87,-25.209,-13.62,63.062,-0.83513,0.90643,-7.425,14.901,-2.4246,-28.522,0,0,0,NaN,NaN,NaN,NaN,NaN,NaN,NaN,NaN,NaN,47.63,0,2803.8,0.0064211,NaN,NaN,NaN,NaN,14.982,97711,11.625,-1.4283,0.92302,-8.1251,14.83,-2.9316,-27.796,NaN,NaN,NaN,NaN,NaN
345.88,-25.156,-13.661,63.003,-1.7042,0.52812,-8.347,15.223,-5.2681,-28.457,0,0,0,NaN,NaN,NaN,NaN,NaN,NaN,NaN,NaN,NaN,47.63,0,2803.8,0.0064211,NaN,NaN,NaN,NaN,NaN,-1,-1,-1.4287,0.90309,-8.1288,14.98,-2.9724,-28.105,NaN,NaN,NaN,NaN,NaN
345.88,-25.102,-13.697,62.94,-1.6148,1.5533,-9.1339,15.232,-2.6579,-28.713,0,0,0,NaN,NaN,NaN,NaN,NaN,NaN,NaN,NaN,NaN,47.63,0,2803.8,0.0064211,2.0301,2.6008,0.65298,0.080744,NaN,-1,-1,-1.4294,0.89334,-8.1422,15.13,-2.936,-28.444,NaN,NaN,NaN,NaN,NaN
345.88,-25.046,-13.73,62.875,-1.4355,1.8045,-8.1975,15.93,-1.0975,-28.825,0.46298,0.61813,-0.73592,NaN,NaN,NaN,NaN,NaN,NaN,NaN,NaN,NaN,47.63,0,2803.8,0.0064211,2.0301,2.6008,0.65298,0.080744,15.298,97730,11.688,-1.4335,0.86753,-8.1306,15.251,-2.9339,-28.777,NaN,NaN,NaN,NaN,NaN
345.88,-24.99,-13.768,62.812,-1.2357,0.37491,-6.2854,16.086,-3.7167,-28.965,0,0,0,NaN,NaN,NaN,NaN,NaN,NaN,NaN,NaN,NaN,47.63,0,2803.8,0.0064211,NaN,NaN,NaN,NaN,NaN,-1,-1,-1.4301,0.85332,-8.1508,15.404,-3.0237,-29.141,NaN,NaN,NaN,NaN,NaN
345.89,-24.935,-13.809,62.749,-1.2012,0.12945,-9.3142,15.528,-4.7155,-29.442,0,0,0,NaN,NaN,NaN,NaN,NaN,NaN,NaN,NaN,NaN,47.63,0,2803.8,0.0064211,NaN,NaN,NaN,NaN,NaN,-1,-1,-1.4296,0.84554,-8.1557,15.551,-3.0293,-29.529,NaN,NaN,NaN,NaN,NaN
345.89,-24.882,-13.845,62.686,-1.3863,1.0114,-9.4842,15.086,-2.6472,-28.844,0,0,0,NaN,NaN,NaN,NaN,NaN,NaN,NaN,NaN,NaN,47.63,0,2803.8,0.0064211,NaN,NaN,NaN,NaN,15.136,97674,11.438,-1.4341,0.83263,-8.1776,15.182,-2.9786,-28.897,NaN,NaN,NaN,NaN,NaN
345.89,-24.828,-13.877,62.621,-1.308,0.6397,-7.95,15.072,-1.345,-28.515,0.46095,0.6154,-0.74278,NaN,NaN,NaN,NaN,NaN,NaN,NaN,NaN,NaN,47.63,0,2803.8,0.0064211,NaN,NaN,NaN,NaN,NaN,-1,-1,-1.4389,0.81525,-8.1521,15.223,-3.0542,-29.102,NaN,NaN,NaN,NaN,NaN
345.89,-24.775,-13.913,62.559,-1.6736,1.592,-7.1844,14.754,-3.0486,-28.731,0,0,0,NaN,NaN,NaN,NaN,NaN,NaN,NaN,NaN,NaN,47.63,0,2803.8,0.0064211,NaN,NaN,NaN,NaN,15.01,97722,11.688,-1.442,0.81087,-8.1628,15.258,-3.0852,-29.315,NaN,NaN,NaN,NaN,NaN
345.9,-24.722,-13.953,62.498,-1.6495,1.5032,-7.9172,14.731,-4.3828,-28.54,0,0,0,NaN,NaN,NaN,NaN,NaN,NaN,NaN,NaN,NaN,47.63,0,2803.8,0.0064211,1.6184,2.6121,0.63533,0.10239,NaN,-1,-1,-1.4386,0.79883,-8.1836,15.281,-3.1065,-29.526,NaN,NaN,NaN,NaN,NaN
345.9,-24.669,-13.988,62.434,-1.3103,0.43516,-9.0781,14.715,-2.6025,-28.879,0,0,0,NaN,NaN,NaN,NaN,NaN,NaN,NaN,NaN,NaN,47.63,0,2803.8,0.0064211,NaN,NaN,NaN,NaN,NaN,-1,-1,-1.4414,0.78561,-8.1627,15.259,-3.1251,-29.762,NaN,NaN,NaN,NaN,NaN
345.9,-24.616,-14.026,62.37,-1.2872,0.14535,-7.9326,14.678,-3.5742,-28.988,0.46801,0.61038,-0.74437,NaN,NaN,NaN,NaN,NaN,NaN,NaN,NaN,NaN,47.63,0,2803.8,0.0064211,NaN,NaN,NaN,NaN,15.035,97713,11.625,-1.4474,0.77081,-8.1501,14.722,-3.0279,-28.95,NaN,NaN,NaN,NaN,NaN
345.9,-24.564,-14.062,62.307,-1.4395,0.46159,-8.1141,14.437,-3.0024,-29.041,0,0,0,NaN,NaN,NaN,NaN,NaN,NaN,NaN,NaN,NaN,47.63,0,2803.8,0.0064211,NaN,NaN,NaN,NaN,NaN,-1,-1,-1.4421,0.77563,-8.1734,14.561,-3.0537,-28.991,NaN,NaN,NaN,NaN,NaN
345.91,-24.459,-14.136,62.181,-1.4152,1.342,-8.6895,14.428,-3.8086,-28.851,0,0,0,NaN,NaN,NaN,NaN,NaN,NaN,NaN,NaN,NaN,47.63,0,2803.8,0.0064211,NaN,NaN,NaN,NaN,NaN,-1,-1,-1.4482,0.75451,-8.1332,14.416,-3.0835,-29.027,NaN,NaN,NaN,NaN,NaN
345.91,-24.405,-14.171,62.116,-1.6242,1.4437,-8.9503,14.765,-2.6447,-29.053,0.47258,0.60551,-0.74396,NaN,NaN,NaN,NaN,NaN,NaN,NaN,NaN,NaN,47.63,0,2803.8,0.0064211,NaN,2.5972,0.63168,0.10239,15.322,97697,11.563,-1.4481,0.74969,-8.144,14.23,-3.0338,-29.051,NaN,NaN,NaN,NaN,NaN
345.91,-24.352,-14.205,62.049,-1.3775,0.81121,-7.2132,14.559,-1.8779,-29.616,0,0,0,NaN,NaN,NaN,NaN,NaN,NaN,NaN,NaN,NaN,47.63,0,2803.8,0.0064211,NaN,2.5972,0.63168,0.10239,NaN,-1,-1,-1.4449,0.73652,-8.1536,14.052,-3.0761,-29.087,NaN,NaN,NaN,NaN,NaN
345.91,-24.247,-14.283,61.923,-1.385,0.16743,-9.2578,14.186,-3.9522,-29.137,0,0,0,NaN,NaN,NaN,NaN,NaN,NaN,NaN,NaN,NaN,47.63,0,2803.8,0.0064211,NaN,NaN,NaN,NaN,15.217,97723,11.625,-1.4472,0.71437,-8.1618,13.835,-3.0371,-29.118,NaN,NaN,NaN,NaN,NaN
345.92,-24.197,-14.315,61.857,-1.3209,0.69849,-9.1053,13.383,-1.2657,-28.902,0.46551,0.60561,-0.7446,NaN,NaN,NaN,NaN,NaN,NaN,NaN,NaN,NaN,47.63,0,2803.8,0.0064211,NaN,NaN,NaN,NaN,NaN,-1,-1,-1.4449,0.70414,-8.1556,13.628,-3.0506,-29.139,NaN,NaN,NaN,NaN,NaN
345.92,-24.146,-14.349,61.793,-1.7551,1.5612,-7.1376,13.417,-2.1212,-28.824,0,0,0,NaN,NaN,NaN,NaN,NaN,NaN,NaN,NaN,NaN,47.63,0,2803.8,0.0064211,NaN,NaN,NaN,NaN,NaN,-1,-1,-1.4497,0.69995,-8.1498,13.423,-3.0861,-29.155,NaN,NaN,NaN,NaN,NaN
345.92,-24.096,-14.389,61.73,-1.4788,1.1056,-7.474,13.594,-4.7333,-29.07,0,0,0,NaN,NaN,NaN,NaN,NaN,NaN,NaN,NaN,NaN,47.63,0,2803.8,0.0064211,NaN,NaN,NaN,NaN,15.347,97681,11.5,-1.4579,0.68852,-8.1564,13.188,-2.9927,-29.177,NaN,NaN,NaN,NaN,NaN
345.92,-24.047,-14.425,61.666,-1.2738,0.004825,-9.1098,12.752,-3.2066,-29.189,0,0,0,NaN,NaN,NaN,NaN,NaN,NaN,NaN,NaN,NaN,47.63,0,2803.8,0.0064211,0.90501,2.6085,0.64507,0.079079,NaN,-1,-1,-1.4582,0.67533,-8.1439,12.942,-3.0189,-29.206,NaN,NaN,NaN,NaN,NaN
345.93,-23.999,-14.46,61.6,-1.6449,0.88589,-8.2404,12.187,-2.5057,-29.455,0.47506,0.60044,-0.74819,NaN,NaN,NaN,NaN,NaN,NaN,NaN,NaN,NaN,47.63,0,2803.8,0.0064211,NaN,NaN,NaN,NaN,NaN,-1,-1,-1.4423,0.65843,-8.136,12.678,-3.095,-29.242,NaN,NaN,NaN,NaN,NaN
345.93,-23.951,-14.497,61.535,-1.0839,0.044444,-7.3322,12.377,-3.4026,-29.269,0,0,0,NaN,NaN,NaN,NaN,NaN,NaN,NaN,NaN,NaN,47.63,0,2803.8,0.0064211,NaN,NaN,NaN,NaN,15.165,97723,11.625,-1.4557,0.64593,-8.1621,12.391,-3.0153,-29.251,NaN,NaN,NaN,NaN,NaN
345.93,-23.905,-14.535,61.471,-1.579,-0.037786,-9.1607,11.604,-3.993,-29.368,0,0,0,NaN,NaN,NaN,NaN,NaN,NaN,NaN,NaN,NaN,47.63,0,2816.7,0.0069644,NaN,NaN,NaN,NaN,NaN,-1,-1,-1.458,0.63683,-8.1442,12.114,-3.0322,-29.268,NaN,NaN,NaN,NaN,NaN
345.93,-23.859,-14.568,61.405,-1.7292,1.3952,-8.4866,11.428,-1.9079,-29.056,0,0,0,NaN,NaN,NaN,NaN,NaN,NaN,NaN,NaN,NaN,47.63,0,2816.7,0.0069644,NaN,NaN,NaN,NaN,15.035,97709,11.625,-1.4493,0.6296,-8.1467,11.822,-3.0616,-29.275,NaN,NaN,NaN,NaN,NaN
345.94,-23.811,-14.604,61.339,-1.6936,1.5791,-7.7468,12.11,-2.825,-29.462,0.49149,0.59781,-0.74671,NaN,NaN,NaN,NaN,NaN,NaN,NaN,NaN,NaN,47.63,0,2816.7,0.0069644,NaN,NaN,NaN,NaN,NaN,-1,-1,-1.4585,0.62937,-8.1437,11.506,-3.075,-29.299,NaN,NaN,NaN,NaN,NaN
345.94,-23.764,-14.643,61.275,-0.93299,0.74371,-7.8036,11.937,-4.6349,-29.567,0,0,0,NaN,NaN,NaN,NaN,NaN,NaN,NaN,NaN,NaN,47.63,0,2816.7,0.0069644,NaN,NaN,NaN,NaN,NaN,-1,-1,-1.4551,0.61433,-8.1322,11.172,-2.9728,-29.325,NaN,NaN,NaN,NaN,NaN
345.94,-23.719,-14.679,61.21,-1.4626,-0.68093,-9.0729,11.077,-2.9013,-29.435,0,0,0,NaN,NaN,NaN,NaN,NaN,NaN,NaN,NaN,NaN,47.63,0,2816.7,0.0069644,NaN,NaN,NaN,NaN,15.322,97722,11.625,-1.4496,0.59018,-8.1272,10.842,-2.9541,-29.338,NaN,NaN,NaN,NaN,NaN
345.94,-23.674,-14.713,61.144,-1.3437,0.55813,-7.843,10.793,-2.3143,-29.305,0,0,0,NaN,NaN,NaN,NaN,NaN,NaN,NaN,NaN,NaN,47.63,0,2816.7,0.0069644,NaN,NaN,NaN,NaN,NaN,-1,-1,-1.4537,0.57663,-8.1259,10.498,-3.0314,-29.374,NaN,NaN,NaN,NaN,NaN
345.95,-23.632,-14.75,61.079,-1.2103,0.042143,-8.917,9.8349,-3.6256,-29.099,0.48696,0.59523,-0.75157,NaN,NaN,NaN,NaN,NaN,NaN,NaN,NaN,NaN,47.63,0,2816.7,0.0069644,NaN,NaN,NaN,NaN,NaN,-1,-1,-1.4493,0.57008,-8.1192,10.161,-3.0477,-29.399,NaN,NaN,NaN,NaN,NaN
345.95,-23.591,-14.784,61.014,-1.7767,1.7586,-7.5233,9.6903,-2.2715,-29.121,0,0,0,NaN,NaN,NaN,NaN,NaN,NaN,NaN,NaN,NaN,47.63,0,2816.7,0.0069644,0.79825,2.488,0.7114,0.038291,15.349,97716,11.625,-1.4579,0.57505,-8.1381,9.7972,-2.8953,-29.418,NaN,NaN,NaN,NaN,NaN
345.95,-23.55,-14.817,60.946,-1.4696,0.75325,-8.9963,8.9395,-1.9005,-29.59,0,0,0,NaN,NaN,NaN,NaN,NaN,NaN,NaN,NaN,NaN,47.63,0,2816.7,0.0069644,NaN,NaN,NaN,NaN,NaN,-1,-1,-1.4586,0.54545,-8.1212,9.4353,-2.9308,-29.435,NaN,NaN,NaN,NaN,NaN
345.95,-23.511,-14.856,60.881,-1.4221,0.31582,-7.348,8.7134,-4.2076,-29.772,0,0,0,NaN,NaN,NaN,NaN,NaN,NaN,NaN,NaN,NaN,47.63,0,2816.7,0.0069644,NaN,NaN,NaN,NaN,15.138,97723,11.625,-1.446,0.52524,-8.1153,9.0776,-2.9855,-29.436,NaN,NaN,NaN,NaN,NaN
345.96,-23.472,-14.893,60.815,-1.4406,0.67599,-8.9462,8.2544,-3.5019,-29.663,0.49181,0.59505,-0.75336,NaN,NaN,NaN,NaN,NaN,NaN,NaN,NaN,NaN,47.63,0,2816.7,0.0069644,NaN,NaN,NaN,NaN,NaN,-1,-1,-1.4499,0.51913,-8.1241,8.7032,-2.9407,-29.437,NaN,NaN,NaN,NaN,NaN
345.96,-23.433,-14.926,60.748,-1.1964,0.103,-7.9123,8.496,-2.0747,-29.473,0,0,0,NaN,NaN,NaN,NaN,NaN,NaN,NaN,NaN,NaN,47.63,0,2816.7,0.0069644,NaN,NaN,NaN,NaN,NaN,-1,-1,-1.4566,0.50036,-8.1117,8.3338,-2.9705,-29.441,NaN,NaN,NaN,NaN,NaN
345.96,-23.397,-14.961,60.683,-1.6991,-0.23904,-7.968,7.3731,-2.9303,-29.171,0,0,0,NaN,NaN,NaN,NaN,NaN,NaN,NaN,NaN,NaN,47.63,0,2816.7,0.0069644,0.7988,2.6049,0.63107,0.081576,15.14,97756,11.75,-1.4427,0.4915,-8.1052,7.9652,-2.9515,-29.456,NaN,NaN,NaN,NaN,NaN
345.96,-23.359,-14.997,60.618,-1.7023,1.0211,-9.1912,7.8379,-3.3721,-29.307,0,0,0,NaN,NaN,NaN,NaN,NaN,NaN,NaN,NaN,NaN,47.63,0,2816.7,0.0069644,NaN,2.6049,NaN,NaN,NaN,-1,-1,-1.4578,0.4932,-8.1128,7.5733,-2.9329,-29.464,NaN,NaN,NaN,NaN,NaN
345.97,-23.322,-15.031,60.551,-1.6218,1.1973,-7.8716,7.5778,-2.2198,-29.479,0.4868,0.58058,-0.75604,NaN,NaN,NaN,NaN,NaN,NaN,NaN,NaN,NaN,47.63,0,2816.7,0.0069644,NaN,NaN,NaN,NaN,NaN,-1,-1,-1.4505,0.49415,-8.0965,7.1892,-2.9391,-29.473,NaN,NaN,NaN,NaN,NaN
345.97,-23.284,-15.067,60.484,-0.90413,0.8962,-7.4954,7.9528,-3.2514,-29.672,0,0,0,NaN,NaN,NaN,NaN,NaN,NaN,NaN,NaN,NaN,47.63,0,2816.7,0.0069644,NaN,NaN,NaN,NaN,15.216,97689,11.5,-1.4407,0.46566,-8.0799,6.811,-2.8138,-29.485,NaN,NaN,NaN,NaN,NaN
345.97,-23.249,-15.103,60.419,-1.5975,-0.50016,-9.0953,6.8715,-3.3362,-29.387,0,0,0,NaN,NaN,NaN,NaN,NaN,NaN,NaN,NaN,NaN,47.63,0,2816.7,0.0069644,NaN,NaN,NaN,NaN,NaN,-1,-1,-1.4528,0.44383,-8.0872,6.4456,-2.8874,-29.498,NaN,NaN,NaN,NaN,NaN
345.97,-23.215,-15.136,60.351,-1.5099,0.11333,-7.9328,6.0295,-1.9667,-29.753,0,0,0,NaN,NaN,NaN,NaN,NaN,NaN,NaN,NaN,NaN,47.63,0,2816.7,0.0069644,NaN,NaN,NaN,NaN,15.321,97684,11.5,-1.4481,0.44629,-8.0892,6.0578,-2.7965,-29.502,NaN,NaN,NaN,NaN,NaN
345.98,-23.183,-15.173,60.286,-1.0434,0.60563,-8.6696,5.7154,-3.6598,-29.342,0.50101,0.58279,-0.75476,NaN,NaN,NaN,NaN,NaN,NaN,NaN,NaN,NaN,47.63,0,2816.7,0.0069644,NaN,2.5077,0.70714,0.0033296,NaN,-1,-1,-1.4623,0.44705,-8.1085,5.6761,-2.6562,-29.491,NaN,NaN,NaN,NaN,NaN
345.98,-23.152,-15.207,60.22,-2.0944,0.77697,-7.6611,5.1425,-2.812,-29.137,0,0,0,NaN,NaN,NaN,NaN,NaN,NaN,NaN,NaN,NaN,47.63,0,2816.7,0.0069644,NaN,NaN,NaN,NaN,NaN,-1,-1,-1.4628,0.42397,-8.0859,5.2915,-2.7164,-29.483,NaN,NaN,NaN,NaN,NaN
345.98,-23.122,-15.238,60.153,-1.0357,1.1612,-8.4347,4.6061,-1.215,-29.204,0,0,0,NaN,NaN,NaN,NaN,NaN,NaN,NaN,NaN,NaN,47.63,0,2816.7,0.0069644,NaN,NaN,NaN,NaN,15.221,97742,11.75,-1.4518,0.40738,-8.0774,4.8991,-2.7372,-29.457,NaN,NaN,NaN,NaN,NaN
345.98,-23.093,-15.276,60.087,-1.7607,0.0789,-7.4994,4.1775,-3.8622,-29.835,0,0,0,NaN,NaN,NaN,NaN,NaN,NaN,NaN,NaN,NaN,47.63,0,2816.7,0.0069644,NaN,NaN,NaN,NaN,NaN,-1,-1,-1.4555,0.39609,-8.0771,4.4972,-2.5769,-29.446,NaN,NaN,NaN,NaN,NaN
345.99,-23.037,-15.345,59.953,-1.0128,-0.35946,-8.9119,3.1727,-1.165,-29.484,0,0,0,NaN,NaN,NaN,NaN,NaN,NaN,NaN,NaN,NaN,47.63,0,2816.7,0.0069644,NaN,NaN,NaN,NaN,NaN,-1,-1,-1.4468,0.38122,-8.0446,4.1052,-2.5892,-29.436,NaN,NaN,NaN,NaN,NaN
345.99,-23.011,-15.382,59.887,-1.7333,-0.21762,-6.9232,3.0154,-3.7123,-29.631,0,0,0,NaN,NaN,NaN,NaN,NaN,NaN,NaN,NaN,NaN,47.63,0,2816.7,0.0069644,0.78675,2.5996,0.63533,0.10239,15.112,97703,11.563,-1.4526,0.38031,-8.0672,3.6723,-2.6173,-29.436,NaN,NaN,NaN,NaN,NaN
345.99,-22.986,-15.414,59.82,-1.8779,0.66445,-9.3602,2.8546,-1.7668,-29.289,0,0,0,NaN,NaN,NaN,NaN,NaN,NaN,NaN,NaN,NaN,47.63,0,2816.7,0.0069644,NaN,NaN,NaN,NaN,NaN,-1,-1,-1.4557,0.38228,-8.0605,3.2619,-2.5402,-29.419,NaN,NaN,NaN,NaN,NaN
345.99,-22.958,-15.45,59.754,-1.4962,1.6458,-7.1115,3.5531,-3.3454,-29.27,0.51011,0.57567,-0.75189,NaN,NaN,NaN,NaN,NaN,NaN,NaN,NaN,NaN,47.63,0,2816.7,0.0069644,NaN,NaN,NaN,NaN,15.245,97735,11.688,-1.4433,0.36371,-8.036,2.883,-2.4909,-29.41,NaN,NaN,NaN,NaN,NaN
346,-22.932,-15.486,59.687,-0.96543,0.45531,-8.9687,3.2491,-3.4505,-29.756,0,0,0,NaN,NaN,NaN,NaN,NaN,NaN,NaN,NaN,NaN,47.63,0,2816.7,0.0069644,NaN,NaN,NaN,NaN,NaN,-1,-1,-1.4456,0.33785,-8.0452,2.5013,-2.5126,-29.402,NaN,NaN,NaN,NaN,NaN
346,-22.905,-15.519,59.619,-1.6951,-0.67396,-8.2621,2.7706,-1.7834,-29.615,0,0,0,NaN,NaN,NaN,NaN,NaN,NaN,NaN,NaN,NaN,47.63,0,2816.7,0.0069644,NaN,NaN,NaN,NaN,NaN,-1,-1,-1.4479,0.3292,-8.043,2.11,-2.4792,-29.398,NaN,NaN,NaN,NaN,NaN
346,-22.882,-15.55,59.552,-1.1806,-0.18956,-6.8733,1.6486,-1.4278,-29.405,0,0,0,NaN,NaN,NaN,NaN,NaN,NaN,NaN,NaN,NaN,47.63,0,2816.7,0.0069644,0.80044,2.6091,0.63533,0.097392,15.27,97718,11.625,-1.4445,0.33357,-8.0309,1.7548,-2.4606,-29.381,NaN,NaN,NaN,NaN,NaN
346,-22.86,-15.589,59.488,-1.4877,0.28174,-9.2821,1.9033,-5.05,-29.072,0.51064,0.58011,-0.75851,NaN,NaN,NaN,NaN,NaN,NaN,NaN,NaN,NaN,47.63,0,2816.7,0.0069644,NaN,NaN,NaN,NaN,NaN,-1,-1,-1.4479,0.32683,-8.0362,1.3854,-2.4287,-29.355,NaN,NaN,NaN,NaN,NaN
346.01,-22.838,-15.619,59.42,-1.6463,0.84317,-8.3401,1.0678,-0.99855,-29.213,0,0,0,NaN,NaN,NaN,NaN,NaN,NaN,NaN,NaN,NaN,47.63,0,2816.7,0.0069644,NaN,NaN,NaN,NaN,15.196,97732,11.75,-1.4564,0.32572,-8.0244,1.0307,-2.401,-29.345,NaN,NaN,NaN,NaN,NaN
346.01,-22.818,-15.65,59.352,-1.5776,0.70454,-8.1025,0.37174,-1.5802,-29.298,0,0,0,NaN,NaN,NaN,NaN,NaN,NaN,NaN,NaN,NaN,47.63,0,2816.7,0.0069644,NaN,NaN,NaN,NaN,NaN,-1,-1,-1.4438,0.29914,-8.02,0.67291,-2.3597,-29.334,NaN,NaN,NaN,NaN,NaN
346.01,-22.798,-15.685,59.285,-1.452,0.58876,-6.738,0.36612,-2.7687,-29.542,0,0,0,NaN,NaN,NaN,NaN,NaN,NaN,NaN,NaN,NaN,47.63,0,2816.7,0.0069644,0.79497,2.4976,0.71201,0.037458,15.293,97673,11.438,-1.4422,0.28745,-8.016,0.31947,-2.3454,-29.317,NaN,NaN,NaN,NaN,NaN
346.01,-22.759,-15.755,59.151,-1.5919,-0.29628,-8.5716,-0.24523,-1.4004,-29.495,0,0,0,NaN,NaN,NaN,NaN,NaN,NaN,NaN,NaN,NaN,47.63,0,2816.7,0.0069644,NaN,NaN,NaN,NaN,NaN,-1,-1,-1.4486,0.27285,-8.0251,-0.21261,-2.3972,-30.159,NaN,NaN,NaN,NaN,NaN
346.02,-22.743,-15.788,59.085,-1.1663,-0.11788,-7.1945,-0.96297,-2.171,-29.18,0,0,0,NaN,NaN,NaN,NaN,NaN,NaN,NaN,NaN,NaN,47.63,0,2816.7,0.0069644,NaN,NaN,NaN,NaN,NaN,-1,-1,-1.4434,0.26393,-8.0015,-0.4965,-2.3145,-29.935,NaN,NaN,NaN,NaN,NaN
346.02,-22.726,-15.822,59.019,-1.8595,0.21285,-8.6865,-0.64945,-3.0689,-29.007,0,0,0,NaN,NaN,NaN,NaN,NaN,NaN,NaN,NaN,NaN,47.63,0,2816.7,0.0069644,NaN,NaN,NaN,NaN,15.215,97714,11.563,-1.4476,0.26156,-8.0248,-0.80786,-2.3004,-29.713,NaN,NaN,NaN,NaN,NaN
346.02,-22.708,-15.852,58.951,-1.7299,1.0859,-8.96,-0.70462,-1.122,-29.037,0.51974,0.57782,-0.75324,NaN,NaN,NaN,NaN,NaN,NaN,NaN,NaN,NaN,47.63,0,2816.7,0.0069644,NaN,NaN,NaN,NaN,NaN,-1,-1,-1.4457,0.26131,-8.0102,-1.083,-2.3682,-29.507,NaN,NaN,NaN,NaN,NaN
346.02,-22.673,-15.923,58.818,-1.5167,-0.34651,-9.5883,-1.137,-4.1596,-29.493,0,0,0,NaN,NaN,NaN,NaN,NaN,NaN,NaN,NaN,NaN,47.63,0,2816.7,0.0069644,NaN,NaN,NaN,NaN,15.25,97747,11.813,-1.4383,0.24737,-7.9841,-1.5556,-2.3445,-30.157,NaN,NaN,NaN,NaN,NaN
346.03,-22.659,-15.951,58.75,-1.8467,-0.5297,-7.8813,-1.9897,-0.19423,-28.955,0,0,0,NaN,NaN,NaN,NaN,NaN,NaN,NaN,NaN,NaN,47.63,0,2816.7,0.0069644,0.80044,2.6097,0.63473,0.097392,NaN,-1,-1,-1.4397,0.23332,-8.0078,-1.7771,-2.2226,-29.766,NaN,NaN,NaN,NaN,NaN
346.03,-22.645,-15.983,58.684,-1.0925,0.094232,-7.5731,-2.3264,-2.0494,-28.823,0.5103,0.57302,-0.75632,NaN,NaN,NaN,NaN,NaN,NaN,NaN,NaN,NaN,47.63,0,2816.7,0.0069644,NaN,NaN,NaN,NaN,NaN,-1,-1,-1.4448,0.22883,-7.9922,-1.9944,-2.1389,-29.391,NaN,NaN,NaN,NaN,NaN
346.03,-22.633,-16.02,58.619,-1.3666,1.0157,-8.1055,-2.6856,-4.2528,-28.995,0,0,0,NaN,NaN,NaN,NaN,NaN,NaN,NaN,NaN,NaN,47.63,0,2816.7,0.0069644,NaN,NaN,NaN,NaN,15.27,97721,11.625,-1.4379,0.21966,-7.9837,-2.2022,-2.0681,-29.062,NaN,NaN,NaN,NaN,NaN
346.03,-22.62,-16.049,58.552,-2.2694,0.87787,-9.5122,-2.4666,-0.99958,-28.956,0,0,0,NaN,NaN,NaN,NaN,NaN,NaN,NaN,NaN,NaN,47.63,0,2816.7,0.0069644,NaN,NaN,NaN,NaN,NaN,-1,-1,-1.4369,0.21529,-7.9852,-2.3935,-2.0033,-28.728,NaN,NaN,NaN,NaN,NaN
346.04,-22.607,-16.078,58.482,-0.99162,-0.38145,-6.8578,-3.0797,-0.51148,-29.562,0,0,0,NaN,NaN,NaN,NaN,NaN,NaN,NaN,NaN,NaN,47.63,0,2816.7,0.0069644,0.78949,NaN,NaN,NaN,NaN,-1,-1,-1.4402,0.19514,-7.9646,-2.6006,-2.1011,-28.4,NaN,NaN,NaN,NaN,NaN
346.04,-22.597,-16.118,58.418,-1.5068,-0.28053,-7.7719,-3.4726,-5.3387,-29.378,0.51273,0.57539,-0.7561,16.081,8.6268,-4.9272,18.902,40.058,-88.55,3.6778e+05,4.4354e+06,258.08,47.63,0,2816.7,0.0069644,NaN,2.4773,0.70775,0.054939,15.528,97720,11.625,-1.4396,0.19706,-7.9433,-2.7862,-2.0572,-28.066,18.869,1.1148,0.11312,0.3435,3.381
346.04,-22.587,-16.149,58.35,-1.5635,0.2571,-9.0882,-3.6428,-1.2816,-29.148,0,0,0,NaN,NaN,NaN,NaN,NaN,NaN,NaN,NaN,NaN,47.63,0,2843.8,0.0069644,NaN,NaN,NaN,NaN,NaN,-1,-1,-1.4414,0.18589,-7.9404,-2.987,-1.9877,-27.789,NaN,NaN,NaN,NaN,NaN
346.04,-22.575,-16.179,58.283,-1.5196,-0.12941,-7.8313,-3.1276,-1.3475,-28.871,0,0,0,NaN,NaN,NaN,NaN,NaN,NaN,NaN,NaN,NaN,47.63,0,2843.8,0.0069644,NaN,NaN,NaN,NaN,15.426,97719,11.625,-1.4359,0.17492,-7.945,-3.2071,-1.9375,-27.53,NaN,NaN,NaN,NaN,NaN
346.05,-22.565,-16.211,58.217,-1.7096,-0.26286,-8.1202,-3.8945,-2.3252,-28.939,0,0,0,NaN,NaN,NaN,NaN,NaN,NaN,NaN,NaN,NaN,47.63,0,2843.8,0.0069644,NaN,NaN,NaN,NaN,NaN,-1,-1,-1.4388,0.15345,-7.9441,-3.4379,-1.9768,-27.284,NaN,NaN,NaN,NaN,NaN
346.05,-22.556,-16.244,58.15,-1.7142,1.1511,-8.1788,-3.9613,-2.3053,-29.044,0.52889,0.56808,-0.75242,NaN,NaN,NaN,NaN,NaN,NaN,NaN,NaN,NaN,47.63,0,2843.8,0.0069644,NaN,NaN,NaN,NaN,NaN,-1,-1,-1.4325,0.16198,-7.9214,-3.6777,-1.8881,-27.052,NaN,NaN,NaN,NaN,NaN
346.05,-22.545,-16.276,58.083,-0.8922,0.87317,-7.9781,-3.609,-2.1779,-29.064,0,0,0,NaN,NaN,NaN,NaN,NaN,NaN,NaN,NaN,NaN,47.63,0,2843.8,0.0069644,0.81687,2.6157,0.65359,0.07242,15.425,97722,11.625,-1.4239,0.16525,-7.8264,-3.8849,-1.8855,-26.839,NaN,NaN,NaN,NaN,NaN
346.05,-22.535,-16.308,58.017,-1.4339,-0.88775,-8.263,-3.6715,-2.3066,-28.759,0,0,0,NaN,NaN,NaN,NaN,NaN,NaN,NaN,NaN,NaN,47.63,0,2843.8,0.0069644,NaN,NaN,NaN,NaN,NaN,-1,-1,-1.4299,0.15348,-7.8661,-4.0941,-1.9668,-26.651,NaN,NaN,NaN,NaN,NaN
346.06,-22.526,-16.338,57.95,-1.7087,-0.80708,-8.3826,-4.6135,-1.1286,-28.942,0,0,0,NaN,NaN,NaN,NaN,NaN,NaN,NaN,NaN,NaN,47.63,0,2843.8,0.0069644,NaN,NaN,NaN,NaN,NaN,-1,-1,-1.4342,0.13117,-7.8544,-4.2647,-1.9489,-26.475,NaN,NaN,NaN,NaN,NaN
346.06,-22.519,-16.372,57.883,-1.3189,0.19973,-7.9736,-4.8476,-2.8387,-28.927,0.52862,0.5634,-0.75022,NaN,NaN,NaN,NaN,NaN,NaN,NaN,NaN,NaN,47.63,0,2843.8,0.0069644,NaN,NaN,NaN,NaN,15.422,97701,11.5,-1.4234,0.12009,-7.8706,-4.4714,-1.8251,-26.33,NaN,NaN,NaN,NaN,NaN
346.06,-22.513,-16.401,57.818,-1.5691,0.89382,-8.2564,-5.1676,-1.3896,-28.26,0,0,0,NaN,NaN,NaN,NaN,NaN,NaN,NaN,NaN,NaN,47.63,0,2843.8,0.0069644,NaN,NaN,NaN,NaN,NaN,-1,-1,-1.4201,0.11652,-7.8137,-4.6435,-1.9439,-26.197,NaN,NaN,NaN,NaN,NaN
346.06,-22.507,-16.431,57.751,-1.6944,0.64394,-8.175,-5.5969,-1.0826,-28.57,0,0,0,NaN,NaN,NaN,NaN,NaN,NaN,NaN,NaN,NaN,47.63,0,2843.8,0.0069644,NaN,NaN,NaN,NaN,15.453,97729,11.688,-1.4326,0.11032,-7.7838,-4.8291,-1.9174,-26.064,NaN,NaN,NaN,NaN,NaN
346.07,-22.501,-16.464,57.685,-1.4078,-0.39577,-7.8965,-5.7576,-2.5908,-28.957,0,0,0,NaN,NaN,NaN,NaN,NaN,NaN,NaN,NaN,NaN,47.63,0,2843.8,0.0069644,0.80373,2.6038,0.6329,0.10072,NaN,-1,-1,-1.4132,0.095887,-7.7873,-5.0162,-1.847,-25.949,NaN,NaN,NaN,NaN,NaN
346.07,0,0,0,0,0,0,0,0,0,0,0,0,NaN,NaN,NaN,NaN,NaN,NaN,NaN,NaN,NaN,47.63,0,2843.8,0.0069644,NaN,NaN,NaN,NaN,NaN,-1,-1,-1.4303,0.084473,-7.7816,-5.189,-1.7813,-25.855,NaN,NaN,NaN,NaN,NaN
346.07,-22.498,-16.496,57.619,-1.6427,-0.22081,-8.2197,-6.2855,-2.4548,-28.743,0.5361,0.57279,-0.75177,NaN,NaN,NaN,NaN,NaN,NaN,NaN,NaN,NaN,47.63,0,2843.8,0.0069644,NaN,NaN,NaN,NaN,15.349,97735,11.688,-1.4315,0.078346,-7.7812,-5.3989,-1.7333,-25.786,NaN,NaN,NaN,NaN,NaN
346.07,-22.494,-16.526,57.552,-1.2671,-0.21195,-7.6409,-6.3628,-1.1959,-28.571,0,0,0,NaN,NaN,NaN,NaN,NaN,NaN,NaN,NaN,NaN,47.63,0,2843.8,0.0069644,NaN,NaN,NaN,NaN,NaN,-1,-1,-1.4265,0.070443,-7.7824,-5.5994,-1.7043,-25.732,NaN,NaN,NaN,NaN,NaN
346.08,-22.482,-16.612,57.352,-1.2073,0.71921,-6.6307,-6.7426,1.108,-28.341,0.54088,0.57513,-0.75134,NaN,NaN,NaN,NaN,NaN,NaN,NaN,NaN,NaN,47.63,0,2843.8,0.0069644,0.8103,2.6085,0.65785,0.07242,NaN,-1,-1,-1.4311,0.054045,-7.8191,-5.8019,-1.7227,-25.684,NaN,NaN,NaN,NaN,NaN
346.08,0,0,0,0,0,0,0,0,0,0,0,0,NaN,NaN,NaN,NaN,NaN,NaN,NaN,NaN,NaN,47.63,0,2843.8,0.0069644,0.8103,2.6085,0.65785,0.07242,15.32,97731,11.625,-1.4323,0.040636,-7.8191,-5.987,-1.6354,-25.655,NaN,NaN,NaN,NaN,NaN
346.08,-22.477,-16.648,57.288,-0.91895,0.52616,-6.6543,-5.8235,-4.0811,-28.639,0,0,0,NaN,NaN,NaN,NaN,NaN,NaN,NaN,NaN,NaN,47.63,0,2843.8,0.0069644,NaN,NaN,NaN,NaN,NaN,-1,-1,-1.4378,0.037811,-7.7807,-6.2118,-1.588,-25.663,NaN,NaN,NaN,NaN,NaN
346.08,-22.474,-16.683,57.224,-1.8743,-0.78491,-10.723,-6.3833,-3.6641,-28.365,0,0,0,NaN,NaN,NaN,NaN,NaN,NaN,NaN,NaN,NaN,47.63,0,2843.8,0.0069644,NaN,NaN,NaN,NaN,15.533,97757,11.813,-1.4519,0.039871,-7.8688,-6.4263,-1.5209,-25.675,NaN,NaN,NaN,NaN,NaN
346.09,-22.469,-16.734,57.09,-0.94066,-0.36834,-6.8099,-7.0832,-2.1909,-27.847,0.54241,0.5512,-0.74899,NaN,NaN,NaN,NaN,NaN,NaN,NaN,NaN,NaN,47.63,0,2843.8,0.0069644,NaN,NaN,NaN,NaN,NaN,-1,-1,-1.4531,0.031104,-7.8761,-6.6149,-1.5284,-25.694,NaN,NaN,NaN,NaN,NaN
346.09,-22.47,-16.77,57.028,-1.971,1.1269,-8.6501,-7.5973,-4.0618,-27.994,0,0,0,NaN,NaN,NaN,NaN,NaN,NaN,NaN,NaN,NaN,47.63,0,2843.8,0.0069644,NaN,NaN,NaN,NaN,NaN,-1,-1,-1.4487,0.016921,-7.8806,-6.8046,-1.4185,-25.741,NaN,NaN,NaN,NaN,NaN
346.09,-22.467,-16.792,56.96,-1.6987,0.41984,-10.146,-7.4076,1.608,-28.006,0,0,0,NaN,NaN,NaN,NaN,NaN,NaN,NaN,NaN,NaN,47.63,0,2843.8,0.0069644,0.81358,2.6163,0.64507,0.083241,15.371,97718,11.563,-1.4554,0.00079453,-7.8808,-6.9961,-1.3702,-25.801,NaN,NaN,NaN,NaN,NaN
346.09,-22.468,-16.82,56.892,-1.2124,-0.62434,-6.3625,-8.3882,-0.42015,-28.701,0,0,0,NaN,NaN,NaN,NaN,NaN,NaN,NaN,NaN,NaN,47.63,0,2843.8,0.0069644,NaN,NaN,NaN,NaN,NaN,-1,-1,-1.4652,-0.0044044,-7.8893,-7.1746,-1.3611,-25.888,NaN,NaN,NaN,NaN,NaN
346.1,-22.427,-16.864,56.815,-1.3283,-0.078916,-7.477,-8.2272,-3.9713,-28.212,0.55151,0.54891,-0.74372,NaN,NaN,NaN,NaN,NaN,NaN,NaN,NaN,NaN,47.63,0,2843.8,0.0069644,NaN,NaN,NaN,NaN,NaN,-1,-1,-1.4775,-0.0077118,-7.9597,-7.3456,-1.335,-26.003,NaN,NaN,NaN,NaN,NaN
346.1,-22.429,-16.892,56.75,-1.6831,-0.40316,-9.319,-8.5834,-0.88505,-27.836,0,0,0,NaN,NaN,NaN,NaN,NaN,NaN,NaN,NaN,NaN,47.63,0,2843.8,0.0069644,NaN,NaN,NaN,NaN,15.424,97710,11.563,-1.4716,-0.011866,-7.985,-7.5271,-1.1716,-26.121,NaN,NaN,NaN,NaN,NaN
346.1,-22.429,-16.92,56.684,-1.6571,-0.12401,-8.4101,-8.3781,-0.54981,-28.075,0,0,0,NaN,NaN,NaN,NaN,NaN,NaN,NaN,NaN,NaN,47.63,0,2843.8,0.0069644,NaN,NaN,NaN,NaN,NaN,-1,-1,-1.4717,-0.0091017,-8.0117,-7.6805,-1.1444,-26.255,NaN,NaN,NaN,NaN,NaN
346.1,-22.43,-16.976,56.552,-1.4194,0.57891,-7.1658,-8.0947,-2.4978,-27.81,0.54942,0.55362,-0.74613,NaN,NaN,NaN,NaN,NaN,NaN,NaN,NaN,NaN,47.63,0,2843.8,0.0069644,NaN,2.6014,0.63533,0.097392,15.575,97726,11.563,-1.4649,-0.031854,-8.0109,-7.8609,-1.0228,-26.413,NaN,NaN,NaN,NaN,NaN
346.11,-22.431,-17.005,56.488,-1.1108,0.60033,-9.6712,-7.9815,-1.6435,-27.654,0,0,0,NaN,NaN,NaN,NaN,NaN,NaN,NaN,NaN,NaN,47.63,0,2843.8,0.0069644,NaN,2.6014,0.63533,0.097392,NaN,-1,-1,-1.4673,-0.032986,-8.0278,-8.0463,-1.0645,-26.584,NaN,NaN,NaN,NaN,NaN
346.11,-22.429,-17.029,56.421,-1.7295,-0.88924,-8.1742,-7.6311,0.76943,-27.869,0,0,0,NaN,NaN,NaN,NaN,NaN,NaN,NaN,NaN,NaN,47.63,0,2843.8,0.0069644,NaN,NaN,NaN,NaN,NaN,-1,-1,-1.4701,-0.038373,-8.0338,-8.2131,-1.07,-26.771,NaN,NaN,NaN,NaN,NaN
346.11,-22.431,-17.056,56.355,-1.4588,-0.75036,-7.6796,-8.7273,-0.21744,-27.947,0,0,0,NaN,NaN,NaN,NaN,NaN,NaN,NaN,NaN,NaN,47.63,0,2843.8,0.0069644,NaN,NaN,NaN,NaN,15.502,97726,11.625,-1.4776,-0.041228,-8.0494,-8.3397,-0.97299,-26.972,NaN,NaN,NaN,NaN,NaN
346.11,-22.432,-17.088,56.292,-1.6405,0.48529,-7.8959,-8.3879,-2.9142,-27.327,0.5522,0.568,-0.74588,NaN,NaN,NaN,NaN,NaN,NaN,NaN,NaN,NaN,47.63,0,2843.8,0.0069644,NaN,NaN,NaN,NaN,NaN,-1,-1,-1.4754,-0.040712,-8.0617,-8.4733,-0.917,-27.203,NaN,NaN,NaN,NaN,NaN
346.12,-22.434,-17.112,56.228,-1.1766,0.84938,-9.6612,-8.7845,0.54597,-26.95,0,0,0,NaN,NaN,NaN,NaN,NaN,NaN,NaN,NaN,NaN,47.63,0,2843.8,0.0069644,0.80811,2.6091,0.65359,0.066593,NaN,-1,-1,-1.4718,-0.053323,-8.0588,-8.6216,-0.9951,-27.451,NaN,NaN,NaN,NaN,NaN
346.12,-22.436,-17.136,56.162,-2.1047,0.17306,-7.7793,-8.8442,0.47384,-27.461,0,0,0,NaN,NaN,NaN,NaN,NaN,NaN,NaN,NaN,NaN,47.63,0,2843.8,0.0069644,NaN,NaN,NaN,NaN,15.471,97692,11.438,-1.4744,-0.076657,-8.0981,-8.7484,-0.90304,-27.688,NaN,NaN,NaN,NaN,NaN
346.12,-22.439,-17.164,56.097,-1.1321,-0.96547,-7.8606,-9.2477,-1.0062,-27.465,0,0,0,NaN,NaN,NaN,NaN,NaN,NaN,NaN,NaN,NaN,47.63,0,2843.8,0.0069644,NaN,NaN,NaN,NaN,NaN,-1,-1,-1.4805,-0.070674,-8.0965,-8.8919,-0.80394,-27.938,NaN,NaN,NaN,NaN,NaN
346.12,-22.443,-17.195,56.033,-1.5977,0.097091,-8.4139,-9.4844,-2.1385,-27.623,0.55434,0.55584,-0.74791,NaN,NaN,NaN,NaN,NaN,NaN,NaN,NaN,NaN,47.63,0,2843.8,0.0069644,NaN,NaN,NaN,NaN,15.525,97719,11.563,-1.4753,-0.078748,-8.0902,-9.0319,-0.8127,-28.231,NaN,NaN,NaN,NaN,NaN
346.13,-22.445,-17.221,55.968,-1.534,-0.63821,-8.3206,-8.706,-0.22105,-27.405,0,0,0,NaN,NaN,NaN,NaN,NaN,NaN,NaN,NaN,NaN,47.63,0,2843.8,0.0069644,NaN,NaN,NaN,NaN,NaN,-1,-1,-1.4793,-0.087956,-8.1222,-8.9505,-0.7322,-27.471,NaN,NaN,NaN,NaN,NaN
346.13,-22.449,-17.246,55.904,-1.3609,0.3479,-9.5243,-9.4842,-0.12548,-27.116,0,0,0,NaN,NaN,NaN,NaN,NaN,NaN,NaN,NaN,NaN,47.63,0,2843.8,0.0069644,NaN,NaN,NaN,NaN,NaN,-1,-1,-1.483,-0.084247,-8.1401,-9.0485,-0.70892,-27.586,NaN,NaN,NaN,NaN,NaN
346.13,-22.45,-17.27,55.838,-1.8885,-0.87952,-7.4465,-8.8727,0.56769,-27.192,0,0,0,NaN,NaN,NaN,NaN,NaN,NaN,NaN,NaN,NaN,47.63,0,2843.8,0.0069644,NaN,NaN,NaN,NaN,15.551,97699,11.5,-1.4737,-0.089631,-8.1312,-9.1537,-0.6761,-27.705,NaN,NaN,NaN,NaN,NaN
346.13,-22.453,-17.297,55.774,-1.1793,0.71871,-8.8934,-9.0489,-0.41144,-27.097,0.56607,0.56312,-0.7424,NaN,NaN,NaN,NaN,NaN,NaN,NaN,NaN,NaN,47.63,0,2843.8,0.0069644,NaN,NaN,NaN,NaN,NaN,-1,-1,-1.4731,-0.11488,-8.1353,-9.2578,-0.52104,-27.82,NaN,NaN,NaN,NaN,NaN
346.14,-22.453,-17.327,55.712,-1.3972,0.51237,-7.1588,-7.7431,-2.4957,-26.909,0,0,0,NaN,NaN,NaN,NaN,NaN,NaN,NaN,NaN,NaN,47.63,0,2843.8,0.0069644,NaN,NaN,NaN,NaN,NaN,-1,-1,-1.4821,-0.11638,-8.1865,-9.0982,-0.40975,-26.881,NaN,NaN,NaN,NaN,NaN
346.14,-22.454,-17.35,55.648,-1.5819,-0.82271,-10.644,-8.3535,0.86975,-26.72,0,0,0,NaN,NaN,NaN,NaN,NaN,NaN,NaN,NaN,NaN,47.63,0,2843.8,0.0069644,NaN,NaN,NaN,NaN,15.425,97724,11.625,-1.4828,-0.11486,-8.1745,-9.0833,-0.45311,-26.815,NaN,NaN,NaN,NaN,NaN
346.14,-22.456,-17.371,55.582,-1.3694,-1.2122,-5.9565,-9.1337,1.9489,-26.76,0,0,0,NaN,NaN,NaN,NaN,NaN,NaN,NaN,NaN,NaN,47.63,0,2843.8,0.0069644,NaN,NaN,NaN,NaN,NaN,-1,-1,-1.4783,-0.11827,-8.1615,-9.0608,-0.37651,-26.749,NaN,NaN,NaN,NaN,NaN
346.14,-22.461,-17.405,55.523,-1.4076,0.93479,-9.5147,-9.2433,-4.0969,-26.438,0.5633,0.54874,-0.74266,NaN,NaN,NaN,NaN,NaN,NaN,NaN,NaN,NaN,47.63,0,2843.8,0.0069644,0.80318,2.6085,0.6615,0.071587,15.628,97736,11.625,-1.4847,-0.11772,-8.1979,-9.0641,-0.31973,-26.65,NaN,NaN,NaN,NaN,NaN
346.15,-22.462,-17.428,55.459,-2.0345,0.59104,-9.9852,-8.6467,0.633,-26.431,0,0,0,NaN,NaN,NaN,NaN,NaN,NaN,NaN,NaN,NaN,47.63,0,2843.8,0.0069644,NaN,NaN,NaN,NaN,NaN,-1,-1,-1.4857,-0.13418,-8.213,-9.0705,-0.44067,-26.549,NaN,NaN,NaN,NaN,NaN
346.15,-22.465,-17.446,55.392,-1.1571,-0.42509,-6.7202,-9.3198,3.1221,-26.691,0,0,0,NaN,NaN,NaN,NaN,NaN,NaN,NaN,NaN,NaN,47.63,0,2843.8,0.0069644,NaN,NaN,NaN,NaN,NaN,-1,-1,-1.4782,-0.14997,-8.2127,-9.0611,-0.23581,-26.45,NaN,NaN,NaN,NaN,NaN
346.15,-22.47,-17.475,55.332,-1.4558,-0.81946,-7.2549,-9.7767,-2.209,-26.217,0,0,0,NaN,NaN,NaN,NaN,NaN,NaN,NaN,NaN,NaN,47.63,0,3226.6,0.0069644,NaN,NaN,NaN,NaN,15.475,97711,11.563,-1.4831,-0.15616,-8.2294,-9.0854,-0.079118,-26.383,NaN,NaN,NaN,NaN,NaN
346.15,-22.475,-17.507,55.271,-1.8653,0.68961,-8.9662,-9.501,-3.0488,-26.424,0.55427,0.55344,-0.74792,NaN,NaN,NaN,NaN,NaN,NaN,NaN,NaN,NaN,47.63,0,3226.6,0.0069644,NaN,NaN,NaN,NaN,NaN,-1,-1,-1.4872,-0.15996,-8.2419,-9.0906,-0.18367,-26.301,NaN,NaN,NaN,NaN,NaN
346.16,-22.481,-17.547,55.142,-1.3144,-0.81747,-4.8788,-9.5718,0.96337,-26.1,0,0,0,NaN,NaN,NaN,NaN,NaN,NaN,NaN,NaN,NaN,47.63,0,3226.6,0.0069644,0.79716,2.5984,0.63899,0.095727,NaN,-1,-1,-1.4875,-0.15882,-8.2611,-9.1198,-0.11448,-26.212,NaN,NaN,NaN,NaN,NaN
346.16,-22.485,-17.578,55.084,-1.6724,0.90489,-10.596,-9.2069,-2.9472,-25.874,0,0,0,NaN,NaN,NaN,NaN,NaN,NaN,NaN,NaN,NaN,47.63,0,3226.6,0.0069644,NaN,NaN,NaN,NaN,15.609,97785,11.875,-1.485,-0.16995,-8.2627,-9.1318,-0.001039,-26.129,NaN,NaN,NaN,NaN,NaN
346.16,-22.487,-17.598,55.019,-1.5682,0.28496,-8.5416,-8.7561,1.827,-26.002,0.56108,0.55358,-0.74286,NaN,NaN,NaN,NaN,NaN,NaN,NaN,NaN,NaN,47.62,0,2872.4,0.0064211,NaN,NaN,NaN,NaN,15.683,97774,11.813,-1.483,-0.18686,-8.272,-9.1711,0.0041265,-26.028,NaN,NaN,NaN,NaN,NaN
346.16,-22.488,-17.62,54.956,-1.4175,-0.48099,-7.7485,-8.4186,1.1924,-26.071,0,0,0,NaN,NaN,NaN,NaN,NaN,NaN,NaN,NaN,NaN,47.62,0,2872.4,0.0064211,NaN,NaN,NaN,NaN,NaN,-1,-1,-1.4871,-0.19382,-8.2831,-9.1698,0.018954,-25.927,NaN,NaN,NaN,NaN,NaN
346.17,-22.492,-17.649,54.897,-1.0408,-0.90831,-7.8929,-9.0999,-2.1548,-25.809,0,0,0,NaN,NaN,NaN,NaN,NaN,NaN,NaN,NaN,NaN,47.62,0,2872.4,0.0064211,NaN,NaN,NaN,NaN,NaN,-1,-1,-1.4849,-0.19213,-8.2833,-9.1428,0.069713,-25.837,NaN,NaN,NaN,NaN,NaN
346.17,-22.496,-17.673,54.835,-1.9931,-0.10539,-9.7989,-9.4244,0.079297,-25.562,0,0,0,NaN,NaN,NaN,NaN,NaN,NaN,NaN,NaN,NaN,47.62,0,2872.4,0.0064211,0.79497,NaN,NaN,NaN,NaN,-1,-1,-1.4888,-0.19808,-8.2827,-9.1219,0.14824,-25.761,NaN,NaN,NaN,NaN,NaN
346.17,-22.498,-17.69,54.772,-1.6652,-0.54907,-8.5105,-8.8623,2.6684,-25.469,0.57036,0.54372,-0.74425,NaN,NaN,NaN,NaN,NaN,NaN,NaN,NaN,NaN,47.62,0,2872.4,0.0064211,NaN,2.6073,0.63594,0.083241,15.552,97735,11.625,-1.4841,-0.21199,-8.3114,-9.1062,0.076348,-25.673,NaN,NaN,NaN,NaN,NaN
346.17,-22.502,-17.716,54.711,-1.037,0.69313,-7.6128,-9.5035,-0.85222,-25.577,0,0,0,NaN,NaN,NaN,NaN,NaN,NaN,NaN,NaN,NaN,47.62,0,2872.4,0.0064211,NaN,NaN,NaN,NaN,NaN,-1,-1,-1.4836,-0.22402,-8.3213,-9.0884,0.18093,-25.558,NaN,NaN,NaN,NaN,NaN
346.18,-22.506,-17.742,54.651,-1.6807,-0.090428,-8.0812,-9.1861,-0.84557,-25.91,0,0,0,NaN,NaN,NaN,NaN,NaN,NaN,NaN,NaN,NaN,47.62,0,2872.4,0.0064211,NaN,NaN,NaN,NaN,NaN,-1,-1,-1.4856,-0.23702,-8.3267,-9.0729,0.39264,-25.459,NaN,NaN,NaN,NaN,NaN
346.18,-22.509,-17.764,54.589,-1.7462,-0.602,-9.8234,-9.2023,0.82609,-25.604,0,0,0,NaN,NaN,NaN,NaN,NaN,NaN,NaN,NaN,NaN,47.62,0,2872.4,0.0064211,NaN,NaN,NaN,NaN,15.732,97721,11.625,-1.4841,-0.24064,-8.3403,-9.0806,0.39296,-25.364,NaN,NaN,NaN,NaN,NaN
346.18,-22.512,-17.785,54.526,-1.2946,-0.48504,-7.6244,-9.1417,1.0039,-25.433,0.57011,0.54889,-0.73759,NaN,NaN,NaN,NaN,NaN,NaN,NaN,NaN,NaN,47.62,0,2872.4,0.0064211,NaN,NaN,NaN,NaN,NaN,-1,-1,-1.4865,-0.23526,-8.372,-9.0906,0.37514,-25.283,NaN,NaN,NaN,NaN,NaN
346.18,-22.519,-17.834,54.406,-2.0388,-0.30327,-9.5841,-9.1238,0.47527,-25.103,0,0,0,NaN,NaN,NaN,NaN,NaN,NaN,NaN,NaN,NaN,47.62,0,2872.4,0.0064211,0.85464,2.5125,0.71506,-0,15.68,97731,11.625,-1.4806,-0.23898,-8.3646,-9.0853,0.52636,-25.196,NaN,NaN,NaN,NaN,NaN
346.19,-22.521,-17.853,54.345,-1.4984,0.20061,-8.3824,-8.6593,1.568,-25.016,0,0,0,NaN,NaN,NaN,NaN,NaN,NaN,NaN,NaN,NaN,47.62,0,2872.4,0.0064211,NaN,NaN,NaN,NaN,NaN,-1,-1,-1.4792,-0.25759,-8.3719,-9.1135,0.53699,-25.109,NaN,NaN,NaN,NaN,NaN
346.19,-22.523,-17.875,54.284,-1.0206,0.018004,-7.7464,-8.7308,0.73866,-25.092,0.58216,0.55341,-0.73873,NaN,NaN,NaN,NaN,NaN,NaN,NaN,NaN,NaN,47.62,0,2872.4,0.0064211,NaN,NaN,NaN,NaN,NaN,-1,-1,-1.4807,-0.26966,-8.3983,-9.1504,0.63787,-25.023,NaN,NaN,NaN,NaN,NaN
346.19,-22.528,-17.923,54.164,-1.9987,-1.0855,-10.222,-8.8101,1.5915,-25.28,0,0,0,NaN,NaN,NaN,NaN,NaN,NaN,NaN,NaN,NaN,47.62,0,2872.4,0.0064211,NaN,NaN,NaN,NaN,15.578,97733,11.625,-1.4822,-0.28335,-8.4036,-9.1655,0.7354,-24.942,NaN,NaN,NaN,NaN,NaN
346.19,-22.531,-17.94,54.102,-1.3162,-0.30189,-7.1106,-9.1191,2.3719,-24.693,0,0,0,NaN,NaN,NaN,NaN,NaN,NaN,NaN,NaN,NaN,47.62,0,2872.4,0.0064211,NaN,NaN,NaN,NaN,NaN,-1,-1,-1.4875,-0.26967,-8.4194,-9.1227,0.69538,-24.857,NaN,NaN,NaN,NaN,NaN
346.2,-22.536,-17.966,54.045,-1.1166,-0.060831,-7.9197,-9.4547,-1.3418,-24.331,0.58641,0.54638,-0.7339,NaN,NaN,NaN,NaN,NaN,NaN,NaN,NaN,NaN,47.62,0,2872.4,0.0064211,0.80537,2.602,0.63473,0.085738,NaN,-1,-1,-1.4932,-0.26809,-8.4445,-9.0806,0.81362,-24.785,NaN,NaN,NaN,NaN,NaN
346.2,-22.539,-17.989,53.986,-1.7947,0.40244,-10.929,-9.0374,0.10886,-24.599,0,0,0,NaN,NaN,NaN,NaN,NaN,NaN,NaN,NaN,NaN,47.62,0,2872.4,0.0064211,NaN,NaN,NaN,NaN,15.678,97718,11.563,-1.4924,-0.2718,-8.4403,-9.0531,0.97917,-24.709,NaN,NaN,NaN,NaN,NaN
346.2,-22.542,-18.004,53.924,-1.5562,-0.47065,-7.315,-9.1978,3.387,-24.725,0,0,0,NaN,NaN,NaN,NaN,NaN,NaN,NaN,NaN,NaN,47.62,0,2872.4,0.0064211,NaN,NaN,NaN,NaN,15.806,97736,11.625,-1.484,-0.29345,-8.4542,-9.042,0.81415,-24.613,NaN,NaN,NaN,NaN,NaN
346.2,-22.546,-18.028,53.866,-1.3103,-0.63675,-7.9857,-9.2628,-0.55164,-24.555,0,0,0,NaN,NaN,NaN,NaN,NaN,NaN,NaN,NaN,NaN,47.62,0,2872.4,0.0064211,NaN,NaN,NaN,NaN,NaN,-1,-1,-1.483,-0.30541,-8.452,-9.0075,0.93538,-24.512,NaN,NaN,NaN,NaN,NaN
346.21,-22.55,-18.053,53.808,-1.3569,-0.51614,-8.7786,-9.0738,-1.0961,-24.314,0.57259,0.54874,-0.7396,NaN,NaN,NaN,NaN,NaN,NaN,NaN,NaN,NaN,47.62,0,2872.4,0.0064211,0.79989,2.6067,0.64872,0.07242,NaN,-1,-1,-1.4816,-0.30805,-8.4733,-8.9806,1.1753,-24.431,NaN,NaN,NaN,NaN,NaN
346.21,-22.554,-18.069,53.747,-2.1366,-0.77008,-9.4453,-9.425,2.9767,-24.284,0,0,0,NaN,NaN,NaN,NaN,NaN,NaN,NaN,NaN,NaN,47.62,0,2872.4,0.0064211,NaN,NaN,NaN,NaN,15.603,97715,11.563,-1.4802,-0.32017,-8.4848,-8.9807,1.0733,-24.34,NaN,NaN,NaN,NaN,NaN
346.21,-22.558,-18.09,53.689,-1.1446,-0.64132,-8.0749,-9.0103,0.79034,-24.037,0,0,0,NaN,NaN,NaN,NaN,NaN,NaN,NaN,NaN,NaN,47.62,0,2872.4,0.0064211,NaN,NaN,NaN,NaN,15.679,97718,11.563,-1.4795,-0.32503,-8.4809,-8.9665,1.0334,-24.261,NaN,NaN,NaN,NaN,NaN
346.21,-22.562,-18.113,53.632,-1.853,0.27375,-8.2087,-9.2543,-0.27937,-24.045,0,0,0,NaN,NaN,NaN,NaN,NaN,NaN,NaN,NaN,NaN,47.62,0,2872.4,0.0064211,NaN,NaN,NaN,NaN,NaN,-1,-1,-1.4783,-0.32681,-8.5001,-8.9858,1.1655,-24.17,NaN,NaN,NaN,NaN,NaN
346.22,-22.563,-18.134,53.573,-0.98626,0.72659,-9.6127,-7.9063,0.73333,-24.319,0.58627,0.54158,-0.73391,NaN,NaN,NaN,NaN,NaN,NaN,NaN,NaN,NaN,47.62,0,2872.4,0.0064211,NaN,NaN,NaN,NaN,NaN,-1,-1,-1.4807,-0.34288,-8.5053,-8.9867,0.96265,-24.074,NaN,NaN,NaN,NaN,NaN
346.22,-22.565,-18.154,53.514,-1.4124,-1.5791,-8.8429,-8.6526,1.0183,-24.162,0,0,0,NaN,NaN,NaN,NaN,NaN,NaN,NaN,NaN,NaN,47.62,0,2872.4,0.0064211,NaN,NaN,NaN,NaN,NaN,-1,-1,-1.4749,-0.3548,-8.5057,-9.0118,1.1025,-23.979,NaN,NaN,NaN,NaN,NaN
346.22,-22.567,-18.17,53.454,-1.858,-0.7121,-7.202,-8.7455,2.6229,-24.037,0,0,0,NaN,NaN,NaN,NaN,NaN,NaN,NaN,NaN,NaN,47.62,0,2872.4,0.0064211,0.86121,2.519,0.70288,0.021643,15.679,97715,11.563,-1.4748,-0.35887,-8.5212,-8.9905,1.2519,-23.893,NaN,NaN,NaN,NaN,NaN
346.22,-22.575,-18.214,53.34,-1.3377,0.22765,-8.6534,-9.5023,1.2351,-23.727,0.59118,0.54379,-0.7357,NaN,NaN,NaN,NaN,NaN,NaN,NaN,NaN,NaN,47.62,0,2872.4,0.0064211,NaN,NaN,NaN,NaN,NaN,-1,-1,-1.4809,-0.3611,-8.5271,-8.9618,1.0499,-23.806,NaN,NaN,NaN,NaN,NaN
346.23,-22.578,-18.229,53.281,-1.7327,-0.066914,-9.7011,-8.9541,3.0854,-23.423,0,0,0,NaN,NaN,NaN,NaN,NaN,NaN,NaN,NaN,NaN,47.62,0,2872.4,0.0064211,NaN,NaN,NaN,NaN,NaN,-1,-1,-1.4777,-0.37066,-8.5348,-8.9669,1.0894,-23.717,NaN,NaN,NaN,NaN,NaN
346.23,-22.582,-18.248,53.223,-1.3875,-0.76549,-6.9328,-9.3368,1.3753,-23.719,0,0,0,NaN,NaN,NaN,NaN,NaN,NaN,NaN,NaN,NaN,47.62,0,2872.4,0.0064211,NaN,NaN,NaN,NaN,15.653,97738,11.625,-1.4797,-0.37593,-8.5272,-8.9551,1.2629,-23.622,NaN,NaN,NaN,NaN,NaN
346.23,-22.587,-18.274,53.169,-1.6165,-0.32921,-8.8526,-9.3441,-1.9921,-23.701,0,0,0,NaN,NaN,NaN,NaN,NaN,NaN,NaN,NaN,NaN,47.62,0,2872.4,0.0064211,NaN,NaN,NaN,NaN,NaN,-1,-1,-1.4777,-0.3956,-8.5464,-8.9371,1.2137,-23.525,NaN,NaN,NaN,NaN,NaN
346.23,-22.59,-18.29,53.109,-1.5953,-0.88246,-10.184,-9.0863,2.7445,-23.625,0.58619,0.53425,-0.73615,NaN,NaN,NaN,NaN,NaN,NaN,NaN,NaN,NaN,47.62,0,2872.4,0.0064211,0.85738,NaN,NaN,NaN,15.804,97725,11.563,-1.4831,-0.41093,-8.5551,-8.94,1.2687,-23.457,NaN,NaN,NaN,NaN,NaN
346.24,-22.595,-18.307,53.051,-1.423,-0.69294,-6.8018,-9.3604,2.1983,-23.421,0,0,0,NaN,NaN,NaN,NaN,NaN,NaN,NaN,NaN,NaN,47.62,0,2872.4,0.0064211,NaN,2.5059,0.7181,0.013319,NaN,-1,-1,-1.4779,-0.40963,-8.5611,-8.9433,1.234,-23.387,NaN,NaN,NaN,NaN,NaN
346.24,-22.599,-18.332,52.996,-1.8063,-0.60446,-10.339,-9.091,-1.2885,-23.463,0,0,0,NaN,NaN,NaN,NaN,NaN,NaN,NaN,NaN,NaN,47.62,0,2872.4,0.0064211,NaN,NaN,NaN,NaN,NaN,-1,-1,-1.4787,-0.41,-8.5645,-8.9574,1.2456,-23.313,NaN,NaN,NaN,NaN,NaN
346.24,-22.602,-18.347,52.938,-1.3938,0.48508,-8.7081,-8.8549,2.9645,-23.194,0,0,0,NaN,NaN,NaN,NaN,NaN,NaN,NaN,NaN,NaN,47.62,0,2872.4,0.0064211,NaN,NaN,NaN,NaN,15.65,97714,11.5,-1.4785,-0.41782,-8.586,-8.9693,1.2176,-23.237,NaN,NaN,NaN,NaN,NaN
346.24,-22.603,-18.365,52.88,-1.1381,-0.19595,-8.0346,-7.8659,1.2631,-23.239,0.59313,0.53428,-0.7333,NaN,NaN,NaN,NaN,NaN,NaN,NaN,NaN,NaN,47.62,0,2872.4,0.0064211,NaN,NaN,NaN,NaN,NaN,-1,-1,-1.4768,-0.42425,-8.5796,-8.9852,1.2568,-23.147,NaN,NaN,NaN,NaN,NaN
346.25,-22.606,-18.386,52.825,-1.6344,-1.3123,-9.4311,-8.4894,0.35655,-23.091,0,0,0,NaN,NaN,NaN,NaN,NaN,NaN,NaN,NaN,NaN,47.62,0,2872.4,0.0064211,0.86724,2.5274,0.70775,-0.0058269,NaN,-1,-1,-1.4755,-0.44532,-8.5881,-9.284,1.3298,-23.694,NaN,NaN,NaN,NaN,NaN
346.25,-22.609,-18.403,52.768,-1.9003,-0.97536,-7.7731,-8.6822,2.0965,-22.996,0,0,0,NaN,NaN,NaN,NaN,NaN,NaN,NaN,NaN,NaN,47.62,0,2872.4,0.0064211,NaN,NaN,NaN,NaN,15.679,97717,11.563,-1.4776,-0.44981,-8.587,-9.2334,1.4122,-23.461,NaN,NaN,NaN,NaN,NaN
346.25,-22.613,-18.422,52.714,-1.1088,-0.043058,-9.1551,-9.0145,0.57645,-22.427,0,0,0,NaN,NaN,NaN,NaN,NaN,NaN,NaN,NaN,NaN,47.62,0,2872.4,0.0064211,NaN,NaN,NaN,NaN,NaN,-1,-1,-1.4759,-0.44849,-8.6069,-9.1947,1.4163,-23.228,NaN,NaN,NaN,NaN,NaN
346.25,-22.618,-18.442,52.659,-1.3302,-0.11281,-9.7131,-9.3177,0.38806,-22.476,0.59098,0.54151,-0.73349,NaN,NaN,NaN,NaN,NaN,NaN,NaN,NaN,NaN,47.62,0,2872.4,0.0064211,NaN,NaN,NaN,NaN,15.884,97741,11.688,-1.4846,-0.45267,-8.6056,-9.169,1.3188,-23.008,NaN,NaN,NaN,NaN,NaN
346.26,-22.621,-18.454,52.6,-2.1491,0.23428,-8.2114,-8.9921,4.2252,-22.708,0,0,0,NaN,NaN,NaN,NaN,NaN,NaN,NaN,NaN,NaN,47.62,0,2872.4,0.0064211,NaN,NaN,NaN,NaN,NaN,-1,-1,-1.4881,-0.46352,-8.6043,-9.4268,1.3724,-23.41,NaN,NaN,NaN,NaN,NaN
346.26,-22.626,-18.475,52.546,-0.80542,-1.0132,-8.187,-9.0702,0.17229,-22.861,0,0,0,NaN,NaN,NaN,NaN,NaN,NaN,NaN,NaN,NaN,47.62,0,2872.4,0.0064211,NaN,NaN,NaN,NaN,NaN,-1,-1,-1.4875,-0.47622,-8.6048,-9.3191,1.3626,-23.053,NaN,NaN,NaN,NaN,NaN
346.26,-22.632,-18.498,52.493,-2.0068,-0.40502,-8.9133,-9.556,-0.87938,-22.553,0,0,0,NaN,NaN,NaN,NaN,NaN,NaN,NaN,NaN,NaN,47.62,0,2872.4,0.0064211,0.87107,2.5095,0.71262,0.014151,15.805,97721,11.563,-1.4846,-0.48388,-8.6143,-9.2184,1.4722,-22.712,NaN,NaN,NaN,NaN,NaN
346.26,-22.636,-18.509,52.434,-1.8532,-1.2945,-9.8059,-9.414,4.1633,-22.434,0.59564,0.54397,-0.73085,NaN,NaN,NaN,NaN,NaN,NaN,NaN,NaN,NaN,47.62,0,2872.4,0.0064211,NaN,NaN,NaN,NaN,NaN,-1,-1,-1.4816,-0.49557,-8.6496,-9.1324,1.2689,-22.389,NaN,NaN,NaN,NaN,NaN
346.27,-22.642,-18.527,52.38,-0.85337,-0.43052,-7.0943,-9.8185,1.1116,-22.257,0,0,0,NaN,NaN,NaN,NaN,NaN,NaN,NaN,NaN,NaN,47.62,0,2872.4,0.0064211,NaN,NaN,NaN,NaN,NaN,-1,-1,-1.4836,-0.49642,-8.6434,-9.0782,1.4389,-22.076,NaN,NaN,NaN,NaN,NaN
346.27,-22.647,-18.549,52.327,-2.1185,-0.3917,-10.607,-9.0815,-0.58184,-22.31,0,0,0,NaN,NaN,NaN,NaN,NaN,NaN,NaN,NaN,NaN,47.62,0,2872.4,0.0064211,NaN,NaN,NaN,NaN,15.906,97737,11.625,-1.4882,-0.50365,-8.6558,-9.0156,1.4918,-21.777,NaN,NaN,NaN,NaN,NaN
346.27,-22.651,-18.558,52.269,-1.3587,0.079329,-9.3628,-9.3837,5.4393,-22.201,0,0,0,NaN,NaN,NaN,NaN,NaN,NaN,NaN,NaN,NaN,47.63,0,2901,0.0069644,1.2122,2.6079,0.64811,0.073252,NaN,-1,-1,-1.4803,-0.51035,-8.6462,-8.9981,1.4168,-21.477,NaN,NaN,NaN,NaN,NaN
346.27,-22.654,-18.578,52.215,-0.84451,-0.46078,-6.4011,-8.1316,-0.0083652,-22.308,0.59509,0.52968,-0.72867,15.865,9.359,-5.2787,19.161,40.058,-88.55,3.6778e+05,4.4354e+06,256.89,47.63,0,2901,0.0069644,1.2122,2.6079,0.64811,0.073252,15.653,97738,11.625,-1.4748,-0.51278,-8.6598,-8.9273,1.411,-21.212,19.002,2.4599,0.14012,0.42247,7.3758
346.28,-22.659,-18.602,52.163,-1.8912,-1.1274,-11.802,-8.9691,-1.1727,-22.178,0,0,0,NaN,NaN,NaN,NaN,NaN,NaN,NaN,NaN,NaN,47.63,0,2901,0.0069644,NaN,NaN,NaN,NaN,NaN,-1,-1,-1.4824,-0.51968,-8.646,-8.8719,1.4609,-20.957,NaN,NaN,NaN,NaN,NaN
346.28,-22.664,-18.609,52.105,-1.8817,-0.85913,-8.1068,-9.8958,5.9677,-21.986,0,0,0,NaN,NaN,NaN,NaN,NaN,NaN,NaN,NaN,NaN,47.63,0,2901,0.0069644,NaN,NaN,NaN,NaN,NaN,-1,-1,-1.4707,-0.52772,-8.634,-8.8183,1.5149,-20.725,NaN,NaN,NaN,NaN,NaN
346.28,-22.669,-18.627,52.052,-0.80128,-0.382,-7.7826,-9.3778,1.0314,-21.78,0,0,0,NaN,NaN,NaN,NaN,NaN,NaN,NaN,NaN,NaN,47.63,0,2901,0.0069644,NaN,NaN,NaN,NaN,15.828,97732,11.563,-1.475,-0.52187,-8.6489,-8.7987,1.5815,-20.494,NaN,NaN,NaN,NaN,NaN
346.28,-22.675,-18.648,52,-1.6931,0.50448,-10.037,-9.4131,-0.53772,-21.821,0.60021,0.5391,-0.73044,NaN,NaN,NaN,NaN,NaN,NaN,NaN,NaN,NaN,47.63,0,2901,0.0069644,NaN,NaN,NaN,NaN,NaN,-1,-1,-1.4619,-0.52995,-8.5637,-8.7798,1.6165,-20.265,NaN,NaN,NaN,NaN,NaN
346.29,-22.689,-18.674,51.888,-1.2026,-1.2096,-7.947,-10.452,2.5286,-21.985,0,0,0,NaN,NaN,NaN,NaN,NaN,NaN,NaN,NaN,NaN,47.63,0,2901,0.0069644,1.2691,2.4976,0.69923,0.031632,NaN,-1,-1,-1.4596,-0.54808,-8.5632,-8.7763,1.6636,-20.049,NaN,NaN,NaN,NaN,NaN
346.29,-22.696,-18.697,51.838,-1.3712,-0.45729,-8.1206,-9.7901,-1.1253,-21.551,0,0,0,NaN,NaN,NaN,NaN,NaN,NaN,NaN,NaN,NaN,47.63,0,2901,0.0069644,NaN,NaN,NaN,NaN,15.878,97735,11.563,-1.4589,-0.55828,-8.5908,-8.7853,1.5654,-19.861,NaN,NaN,NaN,NaN,NaN
346.29,-22.703,-18.71,51.784,-2.0585,-0.91672,-10.638,-9.9845,2.9044,-21.351,0.60013,0.53178,-0.73267,NaN,NaN,NaN,NaN,NaN,NaN,NaN,NaN,NaN,47.63,0,2901,0.0069644,NaN,NaN,NaN,NaN,NaN,-1,-1,-1.4457,-0.5537,-8.5176,-8.791,1.6339,-19.697,NaN,NaN,NaN,NaN,NaN
346.29,-22.709,-18.726,51.731,-1.2834,-0.59735,-8.9304,-9.7768,1.8998,-21.319,0,0,0,NaN,NaN,NaN,NaN,NaN,NaN,NaN,NaN,NaN,47.63,0,2901,0.0069644,NaN,NaN,NaN,NaN,15.829,97748,11.625,-1.447,-0.56896,-8.531,-8.8311,1.7727,-19.533,NaN,NaN,NaN,NaN,NaN
346.3,-22.716,-18.739,51.678,-1.6765,-0.729,-8.348,-9.9865,2.6806,-21.01,0,0,0,NaN,NaN,NaN,NaN,NaN,NaN,NaN,NaN,NaN,47.63,0,2901,0.0069644,NaN,NaN,NaN,NaN,NaN,-1,-1,-1.4517,-0.56617,-8.5565,-8.8894,1.7403,-19.377,NaN,NaN,NaN,NaN,NaN
346.3,-22.722,-18.755,51.625,-0.97156,0.64755,-8.7427,-9.4677,1.9369,-21.298,0,0,0,NaN,NaN,NaN,NaN,NaN,NaN,NaN,NaN,NaN,47.63,0,2901,0.0069644,NaN,2.602,0.63594,0.09656,NaN,-1,-1,-1.4484,-0.57061,-8.5601,-8.9564,1.8368,-19.228,NaN,NaN,NaN,NaN,NaN
346.3,0,0,0,0,0,0,0,0,0,0,0,0,NaN,NaN,NaN,NaN,NaN,NaN,NaN,NaN,NaN,47.63,0,2901,0.0069644,NaN,2.602,0.63594,0.09656,15.854,97749,11.625,-1.4515,-0.57693,-8.5865,-8.9672,1.9249,-19.108,NaN,NaN,NaN,NaN,NaN
346.3,-22.728,-18.774,51.573,-1.4332,-1.4154,-10.629,-9.525,0.30418,-21.429,0.61643,0.52927,-0.72898,NaN,NaN,NaN,NaN,NaN,NaN,NaN,NaN,NaN,47.63,0,2901,0.0069644,NaN,NaN,NaN,NaN,NaN,-1,-1,-1.453,-0.5991,-8.5886,-8.9791,1.9371,-19.003,NaN,NaN,NaN,NaN,NaN
346.31,-22.734,-18.785,51.519,-1.9077,-0.98285,-8.4555,-9.5973,3.7585,-21.146,0,0,0,NaN,NaN,NaN,NaN,NaN,NaN,NaN,NaN,NaN,47.63,0,2901,0.0069644,NaN,NaN,NaN,NaN,NaN,-1,-1,-1.458,-0.59204,-8.6069,-9.0056,1.9948,-18.914,NaN,NaN,NaN,NaN,NaN
346.31,-22.757,-18.831,51.364,-1.4566,0.069217,-13.067,-9.7496,3.4278,-20.517,0.60479,0.53916,-0.7278,NaN,NaN,NaN,NaN,NaN,NaN,NaN,NaN,NaN,47.63,0,2901,0.0069644,NaN,NaN,NaN,NaN,15.725,97742,11.563,-1.4513,-0.58821,-8.6097,-9.0435,2.0147,-18.825,NaN,NaN,NaN,NaN,NaN
346.31,0,0,0,0,0,0,0,0,0,0,0,0,NaN,NaN,NaN,NaN,NaN,NaN,NaN,NaN,NaN,47.63,0,2901,0.0069644,NaN,NaN,NaN,NaN,15.877,97717,11.5,-1.4534,-0.59008,-8.6314,-9.1008,2.0074,-18.736,NaN,NaN,NaN,NaN,NaN
346.31,-22.764,-18.838,51.309,-2.0314,-0.95477,-6.1458,-10.327,5.5647,-20.915,0,0,0,NaN,NaN,NaN,NaN,NaN,NaN,NaN,NaN,NaN,47.63,0,2901,0.0069644,1.5571,2.4958,0.70897,0.044118,NaN,-1,-1,-1.4455,-0.60105,-8.6175,-9.14,2.2066,-18.664,NaN,NaN,NaN,NaN,NaN
346.32,-22.775,-18.862,51.261,-0.71824,-0.91416,-7.7919,-10.632,-1.8411,-20.723,0,0,0,NaN,NaN,NaN,NaN,NaN,NaN,NaN,NaN,NaN,47.63,0,2901,0.0069644,NaN,NaN,NaN,NaN,NaN,-1,-1,-1.4338,-0.60169,-8.6157,-9.1826,2.1594,-18.621,NaN,NaN,NaN,NaN,NaN
346.32,-22.791,-18.883,51.156,-1.7071,-1.3292,-7.9947,-10.438,6.6889,-20.331,0.61408,0.5293,-0.72919,NaN,NaN,NaN,NaN,NaN,NaN,NaN,NaN,NaN,47.63,0,2901,0.0069644,NaN,NaN,NaN,NaN,NaN,-1,-1,-1.4383,-0.59799,-8.6283,-9.2642,2.0905,-18.588,NaN,NaN,NaN,NaN,NaN
346.32,-22.8,-18.902,51.108,-1.3148,-0.49346,-9.2064,-10.234,-0.1378,-20.379,0,0,0,NaN,NaN,NaN,NaN,NaN,NaN,NaN,NaN,NaN,47.63,0,2901,0.0069644,NaN,NaN,NaN,NaN,15.828,97754,11.625,-1.4491,-0.59999,-8.708,-9.336,2.3181,-18.555,NaN,NaN,NaN,NaN,NaN
346.32,-22.809,-18.919,51.059,-1.6525,-0.1412,-8.8279,-10.449,1.0196,-20.022,0,0,0,NaN,NaN,NaN,NaN,NaN,NaN,NaN,NaN,NaN,47.63,0,2901,0.0069644,NaN,NaN,NaN,NaN,NaN,-1,-1,-1.4497,-0.60093,-8.7181,-9.4518,2.2639,-18.533,NaN,NaN,NaN,NaN,NaN
346.33,-22.815,-18.929,51.006,-1.0871,0.003306,-10.678,-9.6241,3.6787,-20.419,0,0,0,NaN,NaN,NaN,NaN,NaN,NaN,NaN,NaN,NaN,47.63,0,2901,0.0069644,NaN,NaN,NaN,NaN,NaN,-1,-1,-1.4567,-0.6123,-8.743,-9.5623,2.1439,-18.533,NaN,NaN,NaN,NaN,NaN
346.33,-22.771,-18.953,50.943,-1.3958,-1.3056,-8.1707,-9.9668,2.6755,-20.085,0.61381,0.52954,-0.72476,NaN,NaN,NaN,NaN,NaN,NaN,NaN,NaN,NaN,47.63,0,2901,0.0069644,NaN,NaN,NaN,NaN,16.057,97770,11.75,-1.4546,-0.62022,-8.7686,-9.6851,2.4889,-18.547,NaN,NaN,NaN,NaN,NaN
346.33,-22.78,-18.969,50.894,-2.1217,-0.86853,-8.2259,-10.348,1.1974,-20.073,0,0,0,NaN,NaN,NaN,NaN,NaN,NaN,NaN,NaN,NaN,47.63,0,2901,0.0069644,NaN,NaN,NaN,NaN,16.03,97740,11.625,-1.4709,-0.6176,-8.8708,-9.7398,2.4232,-18.581,NaN,NaN,NaN,NaN,NaN
346.33,-22.789,-18.981,50.845,-1.371,-0.71267,-10.016,-10.63,2.7997,-19.621,0,0,0,NaN,NaN,NaN,NaN,NaN,NaN,NaN,NaN,NaN,47.63,0,2901,0.0069644,NaN,NaN,NaN,NaN,NaN,-1,-1,-1.4757,-0.63293,-8.897,-9.807,2.2147,-18.636,NaN,NaN,NaN,NaN,NaN
346.34,-22.799,-18.997,50.796,-1.1324,0.17094,-9.3469,-10.732,1.176,-19.667,0,0,0,NaN,NaN,NaN,NaN,NaN,NaN,NaN,NaN,NaN,47.63,0,2901,0.0069644,NaN,NaN,NaN,NaN,NaN,-1,-1,-1.4811,-0.62203,-8.8922,-9.9243,2.5356,-18.697,NaN,NaN,NaN,NaN,NaN
346.34,-22.808,-19.005,50.744,-2.1431,-0.23767,-9.8575,-10.521,4.3305,-19.605,0.61194,0.54146,-0.72716,NaN,NaN,NaN,NaN,NaN,NaN,NaN,NaN,NaN,47.63,0,2901,0.0069644,1.4087,2.4982,0.71688,0.032464,NaN,-1,-1,-1.4838,-0.62943,-8.9259,-10.018,2.5721,-18.762,NaN,NaN,NaN,NaN,NaN
346.34,-22.818,-19.017,50.694,-1.2653,-1.5337,-7.3323,-10.777,2.8049,-19.87,0,0,0,NaN,NaN,NaN,NaN,NaN,NaN,NaN,NaN,NaN,47.63,0,2901,0.0069644,NaN,NaN,NaN,NaN,15.831,97797,11.813,-1.4883,-0.63698,-8.9579,-10.106,2.4074,-18.838,NaN,NaN,NaN,NaN,NaN
346.34,-22.839,-19.048,50.599,-2.1211,-0.76427,-10.765,-10.801,3.6684,-19.462,0,0,0,NaN,NaN,NaN,NaN,NaN,NaN,NaN,NaN,NaN,47.63,0,2901,0.0069644,NaN,NaN,NaN,NaN,NaN,-1,-1,-1.4847,-0.65253,-8.9611,-10.229,2.5155,-18.948,NaN,NaN,NaN,NaN,NaN
346.35,-22.849,-19.057,50.549,-1.1316,-1.2911,-7.6858,-11.016,3.5004,-19.053,0.62802,0.52683,-0.72571,NaN,NaN,NaN,NaN,NaN,NaN,NaN,NaN,NaN,47.63,0,2901,0.0069644,NaN,NaN,NaN,NaN,NaN,-1,-1,-1.4879,-0.65162,-8.9771,-10.343,2.5124,-19.066,NaN,NaN,NaN,NaN,NaN
346.35,-22.86,-19.073,50.502,-1.5636,-0.24245,-9.4924,-10.599,1.0922,-19.182,0,0,0,NaN,NaN,NaN,NaN,NaN,NaN,NaN,NaN,NaN,47.63,0,2901,0.0069644,NaN,NaN,NaN,NaN,15.882,97752,11.688,-1.4991,-0.65553,-9.0193,-10.457,2.483,-19.201,NaN,NaN,NaN,NaN,NaN
346.35,-22.868,-19.086,50.453,-1.5669,0.38465,-10.165,-9.9981,2.3995,-19.433,0,0,0,NaN,NaN,NaN,NaN,NaN,NaN,NaN,NaN,NaN,47.63,0,2901,0.0069644,NaN,NaN,NaN,NaN,NaN,-1,-1,-1.4951,-0.65277,-9.0287,-10.591,2.5347,-19.341,NaN,NaN,NaN,NaN,NaN
346.35,-22.875,-19.098,50.404,-1.1564,-1.4298,-8.54,-9.5302,2.7175,-19.395,0,0,0,NaN,NaN,NaN,NaN,NaN,NaN,NaN,NaN,NaN,47.63,0,2901,0.0069644,1.4071,2.6032,0.62438,0.11154,16.055,97781,11.75,-1.4936,-0.65701,-9.0482,-10.753,2.5457,-19.483,NaN,NaN,NaN,NaN,NaN
346.36,-22.884,-19.112,50.357,-1.7385,-0.95811,-8.9823,-10.117,1.3417,-18.976,0.61835,0.53704,-0.71768,NaN,NaN,NaN,NaN,NaN,NaN,NaN,NaN,NaN,47.63,0,2901,0.0069644,NaN,NaN,NaN,NaN,NaN,-1,-1,-1.4961,-0.6708,-9.0801,-10.886,2.575,-19.655,NaN,NaN,NaN,NaN,NaN
346.36,-22.894,-19.124,50.309,-1.7158,-0.78467,-9.7141,-10.671,2.4642,-18.785,0,0,0,NaN,NaN,NaN,NaN,NaN,NaN,NaN,NaN,NaN,47.63,0,2901,0.0069644,NaN,NaN,NaN,NaN,NaN,-1,-1,-1.5046,-0.67565,-9.0913,-10.644,2.5319,-19.056,NaN,NaN,NaN,NaN,NaN
346.36,-22.904,-19.135,50.262,-1.6338,-0.48966,-9.3013,-10.501,2.842,-18.541,0,0,0,NaN,NaN,NaN,NaN,NaN,NaN,NaN,NaN,NaN,47.63,0,2901,0.0069644,NaN,NaN,NaN,NaN,15.878,97712,11.5,-1.4989,-0.66987,-9.1055,-10.687,2.4736,-19.11,NaN,NaN,NaN,NaN,NaN
346.36,-22.914,-19.146,50.216,-1.0967,0.15322,-9.5027,-10.603,2.4649,-18.276,0,0,0,NaN,NaN,NaN,NaN,NaN,NaN,NaN,NaN,NaN,47.63,0,2901,0.0069644,1.2379,NaN,NaN,NaN,NaN,-1,-1,-1.5082,-0.66238,-9.1372,-10.722,2.5254,-19.162,NaN,NaN,NaN,NaN,NaN
346.37,-22.924,-19.157,50.168,-1.8037,-0.67068,-8.0028,-10.482,2.906,-18.541,0.6184,0.5296,-0.72213,NaN,NaN,NaN,NaN,NaN,NaN,NaN,NaN,NaN,47.63,0,2901,0.0069644,NaN,2.6002,0.63412,0.099057,NaN,-1,-1,-1.5033,-0.67378,-9.1448,-10.749,2.5785,-19.2,NaN,NaN,NaN,NaN,NaN
346.37,-22.936,-19.173,50.123,-1.3765,-1.4304,-10.226,-10.873,0.56287,-18.62,0,0,0,NaN,NaN,NaN,NaN,NaN,NaN,NaN,NaN,NaN,47.63,0,2901,0.0069644,NaN,NaN,NaN,NaN,16.006,97779,11.75,-1.5135,-0.69195,-9.151,-10.414,2.4891,-18.483,NaN,NaN,NaN,NaN,NaN
346.37,-22.947,-19.181,50.076,-1.701,-0.38955,-9.7005,-11.042,3.9792,-18.317,0,0,0,NaN,NaN,NaN,NaN,NaN,NaN,NaN,NaN,NaN,47.63,0,2901,0.0069644,NaN,NaN,NaN,NaN,NaN,-1,-1,-1.506,-0.69528,-9.1586,-10.369,2.6113,-18.398,NaN,NaN,NaN,NaN,NaN
346.37,-22.957,-19.191,50.029,-1.5691,-1.0689,-7.1081,-10.563,3.3998,-18.095,0,0,0,NaN,NaN,NaN,NaN,NaN,NaN,NaN,NaN,NaN,47.63,0,2901,0.0069644,NaN,NaN,NaN,NaN,16.056,97755,11.688,-1.5085,-0.68858,-9.1767,-10.324,2.5336,-18.305,NaN,NaN,NaN,NaN,NaN
346.38,-22.969,-19.209,49.985,-1.2892,-1.0917,-10.583,-10.931,-0.69993,-18.374,0.62082,0.52704,-0.72413,NaN,NaN,NaN,NaN,NaN,NaN,NaN,NaN,NaN,47.63,0,2901,0.0069644,NaN,NaN,NaN,NaN,NaN,-1,-1,-1.5114,-0.69432,-9.1743,-10.307,2.6396,-18.202,NaN,NaN,NaN,NaN,NaN
346.38,-22.977,-19.216,49.937,-2.1465,-0.097142,-10.107,-10.212,4.7892,-18.267,0,0,0,NaN,NaN,NaN,NaN,NaN,NaN,NaN,NaN,NaN,47.63,0,2901,0.0069644,0.97619,2.6151,0.65177,0.06909,NaN,-1,-1,-1.5034,-0.68333,-9.1883,-10.269,2.5173,-18.105,NaN,NaN,NaN,NaN,NaN
346.38,-22.985,-19.22,49.888,-0.68957,0.066885,-8.0849,-9.6417,5.2916,-18.06,0,0,0,NaN,NaN,NaN,NaN,NaN,NaN,NaN,NaN,NaN,47.659,0,2939.5,0.0075089,NaN,NaN,NaN,NaN,15.854,97726,11.563,-1.511,-0.68367,-9.2046,-10.232,2.5573,-17.999,NaN,NaN,NaN,NaN,NaN
346.38,-22.994,-19.244,49.848,-1.3962,-1.7177,-8.4754,-9.4454,-2.7497,-17.962,0,0,0,NaN,NaN,NaN,NaN,NaN,NaN,NaN,NaN,NaN,47.659,0,2939.5,0.0075089,NaN,NaN,NaN,NaN,NaN,-1,-1,-1.511,-0.67802,-9.2158,-10.169,2.5981,-17.918,NaN,NaN,NaN,NaN,NaN
346.39,-23.003,-19.252,49.801,-2.2631,-0.63215,-11.596,-10.031,3.8695,-17.891,0.62769,0.52467,-0.72129,NaN,NaN,NaN,NaN,NaN,NaN,NaN,NaN,NaN,47.659,0,2939.5,0.0075089,NaN,NaN,NaN,NaN,NaN,-1,-1,-1.5186,-0.68646,-9.2277,-10.094,2.5526,-17.835,NaN,NaN,NaN,NaN,NaN
346.39,-23.012,-19.252,49.752,-1.3511,-0.6213,-7.8442,-10.337,7.0897,-17.537,0,0,0,NaN,NaN,NaN,NaN,NaN,NaN,NaN,NaN,NaN,47.659,0,2939.5,0.0075089,NaN,NaN,NaN,NaN,15.952,97697,11.438,-1.523,-0.69556,-9.2549,-10.024,2.5161,-17.739,NaN,NaN,NaN,NaN,NaN
346.39,-23.022,-19.272,49.712,-0.91971,-0.26934,-7.8822,-9.7608,-1.4574,-17.561,0,0,0,NaN,NaN,NaN,NaN,NaN,NaN,NaN,NaN,NaN,47.659,0,2939.5,0.0075089,0.8426,2.6121,0.64385,0.091565,NaN,-1,-1,-1.5197,-0.68878,-9.243,-9.9632,2.5321,-17.629,NaN,NaN,NaN,NaN,NaN
346.39,-23.031,-19.284,49.668,-1.9799,-0.1511,-11.811,-9.9362,1.9593,-17.658,0,0,0,NaN,NaN,NaN,NaN,NaN,NaN,NaN,NaN,NaN,47.659,0,2939.5,0.0075089,NaN,NaN,NaN,NaN,15.953,97733,11.563,-1.5187,-0.67643,-9.2755,-9.9153,2.4725,-17.525,NaN,NaN,NaN,NaN,NaN
346.4,-23.039,-19.286,49.618,-1.8311,-0.96228,-8.7995,-10.121,6.3998,-17.814,0.62291,0.52725,-0.71949,NaN,NaN,NaN,NaN,NaN,NaN,NaN,NaN,NaN,47.659,0,2939.5,0.0075089,NaN,NaN,NaN,NaN,NaN,-1,-1,-1.524,-0.68283,-9.2837,-9.8529,2.5887,-17.439,NaN,NaN,NaN,NaN,NaN
346.4,-23.05,-19.299,49.575,-0.91743,-0.90842,-7.6444,-10.251,1.3603,-17.488,0,0,0,NaN,NaN,NaN,NaN,NaN,NaN,NaN,NaN,NaN,47.659,0,2939.5,0.0075089,NaN,NaN,NaN,NaN,NaN,-1,-1,-1.5215,-0.69291,-9.2628,-9.7853,2.5784,-17.365,NaN,NaN,NaN,NaN,NaN
346.4,-23.06,-19.315,49.534,-1.8927,-0.94842,-10.649,-10.005,0.33358,-17.264,0,0,0,NaN,NaN,NaN,NaN,NaN,NaN,NaN,NaN,NaN,47.659,0,2939.5,0.0075089,NaN,NaN,NaN,NaN,16.129,97742,11.625,-1.5175,-0.68285,-9.2788,-9.755,2.7334,-17.271,NaN,NaN,NaN,NaN,NaN
346.4,-23.07,-19.319,49.488,-1.8172,-1.0853,-9.1693,-10.305,4.8744,-16.898,0,0,0,NaN,NaN,NaN,NaN,NaN,NaN,NaN,NaN,NaN,47.659,0,2939.5,0.0075089,0.83603,2.6085,0.64751,0.079079,NaN,-1,-1,-1.5186,-0.67436,-9.3122,-9.7254,2.7428,-17.16,NaN,NaN,NaN,NaN,NaN
346.41,-23.088,-19.342,49.402,-1.5767,-0.29865,-10.08,-9.5361,1.638,-17.086,0,0,0,NaN,NaN,NaN,NaN,NaN,NaN,NaN,NaN,NaN,47.659,0,2939.5,0.0075089,NaN,NaN,NaN,NaN,NaN,-1,-1,-1.5084,-0.68245,-9.309,-9.6864,2.6893,-17.059,NaN,NaN,NaN,NaN,NaN
346.41,-23.094,-19.35,49.358,-1.2331,-0.67969,-8.8119,-8.7871,3.6599,-17.093,0,0,0,NaN,NaN,NaN,NaN,NaN,NaN,NaN,NaN,NaN,47.659,0,2939.5,0.0075089,NaN,NaN,NaN,NaN,16.05,97709,11.438,-1.512,-0.67739,-9.3598,-9.6343,2.8083,-16.977,NaN,NaN,NaN,NaN,NaN
346.41,-23.101,-19.36,49.315,-1.4865,-1.1297,-9.978,-8.9628,2.4923,-16.901,0,0,0,NaN,NaN,NaN,NaN,NaN,NaN,NaN,NaN,NaN,47.659,0,2939.5,0.0075089,NaN,NaN,NaN,NaN,NaN,-1,-1,-1.5185,-0.69193,-9.3524,-9.5406,2.7931,-16.895,NaN,NaN,NaN,NaN,NaN
346.41,-23.11,-19.37,49.272,-1.9217,-0.65443,-8.3908,-9.4338,2.3899,-16.685,0.63228,0.52965,-0.71642,NaN,NaN,NaN,NaN,NaN,NaN,NaN,NaN,NaN,47.659,0,2939.5,0.0075089,NaN,NaN,NaN,NaN,16.151,97736,11.563,-1.5169,-0.70149,-9.3602,-9.4605,2.7358,-16.818,NaN,NaN,NaN,NaN,NaN
346.42,-23.127,-19.388,49.188,-1.2579,-0.36429,-9.1963,-9.1443,2.637,-16.484,0,0,0,NaN,NaN,NaN,NaN,NaN,NaN,NaN,NaN,NaN,47.659,0,2939.5,0.0075089,NaN,NaN,NaN,NaN,NaN,-1,-1,-1.5175,-0.69766,-9.3826,-9.4056,2.8191,-16.731,NaN,NaN,NaN,NaN,NaN
346.42,-23.135,-19.397,49.146,-1.8399,-0.65558,-9.0567,-9.2338,2.721,-16.532,0,0,0,NaN,NaN,NaN,NaN,NaN,NaN,NaN,NaN,NaN,47.659,0,2939.5,0.0075089,0.85629,2.5101,0.69923,0.024972,NaN,-1,-1,-1.5224,-0.6866,-9.3986,-9.356,2.8401,-16.618,NaN,NaN,NaN,NaN,NaN
346.42,-23.144,-19.406,49.103,-1.375,-0.56304,-10.276,-9.4162,2.6243,-16.513,0.63005,0.52956,-0.71885,NaN,NaN,NaN,NaN,NaN,NaN,NaN,NaN,NaN,47.659,0,2939.5,0.0075089,NaN,NaN,NaN,NaN,16.029,97767,11.688,-1.5214,-0.68895,-9.388,-9.3056,2.8244,-16.502,NaN,NaN,NaN,NaN,NaN
346.42,-23.152,-19.414,49.061,-1.5624,-0.70504,-8.4705,-9.2087,3.3873,-16.404,0,0,0,NaN,NaN,NaN,NaN,NaN,NaN,NaN,NaN,NaN,47.659,0,2939.5,0.0075089,NaN,NaN,NaN,NaN,NaN,-1,-1,-1.5153,-0.68386,-9.3946,-9.2594,2.9124,-16.394,NaN,NaN,NaN,NaN,NaN
346.43,-23.161,-19.423,49.02,-1.624,-1.9999,-9.5811,-9.6158,2.7963,-16.164,0,0,0,NaN,NaN,NaN,NaN,NaN,NaN,NaN,NaN,NaN,47.659,0,2939.5,0.0075089,NaN,NaN,NaN,NaN,NaN,-1,-1,-1.5194,-0.68457,-9.4192,-9.2402,2.8714,-16.3,NaN,NaN,NaN,NaN,NaN
346.43,-23.172,-19.436,48.98,-1.6262,-0.17796,-9.702,-9.9065,1.0884,-16.283,0,0,0,NaN,NaN,NaN,NaN,NaN,NaN,NaN,NaN,NaN,47.659,0,2939.5,0.0075089,0.79113,NaN,NaN,NaN,16.127,97757,11.625,-1.5231,-0.68741,-9.4323,-9.2339,2.8937,-16.205,NaN,NaN,NaN,NaN,NaN
346.43,-23.179,-19.442,48.936,-1.481,0.02211,-10.797,-8.8381,4.1001,-16.233,0.63685,0.51985,-0.71824,NaN,NaN,NaN,NaN,NaN,NaN,NaN,NaN,NaN,47.659,0,2939.5,0.0075089,NaN,2.5966,0.62803,0.10655,16.127,97755,11.625,-1.5158,-0.68901,-9.4224,-9.2428,2.9643,-16.092,NaN,NaN,NaN,NaN,NaN
346.43,-23.186,-19.446,48.893,-1.0276,-1.0883,-8.4591,-9.0393,4.6706,-16.107,0,0,0,NaN,NaN,NaN,NaN,NaN,NaN,NaN,NaN,NaN,47.659,0,2939.5,0.0075089,NaN,NaN,NaN,NaN,NaN,-1,-1,-1.523,-0.69259,-9.4448,-9.2748,2.8941,-15.988,NaN,NaN,NaN,NaN,NaN
346.44,-23.195,-19.46,48.854,-1.6644,-1.3039,-9.3837,-9.1185,0.4877,-16.033,0,0,0,NaN,NaN,NaN,NaN,NaN,NaN,NaN,NaN,NaN,47.659,0,2939.5,0.0075089,NaN,NaN,NaN,NaN,NaN,-1,-1,-1.5133,-0.69003,-9.4379,-9.2815,2.9714,-15.89,NaN,NaN,NaN,NaN,NaN
346.44,-23.203,-19.468,48.814,-2.0299,-0.29565,-10.76,-8.797,2.8544,-15.708,0,0,0,NaN,NaN,NaN,NaN,NaN,NaN,NaN,NaN,NaN,47.659,0,2939.5,0.0075089,NaN,NaN,NaN,NaN,NaN,-1,-1,-1.5126,-0.69364,-9.4539,-9.2748,3.0648,-15.791,NaN,NaN,NaN,NaN,NaN
346.44,-23.211,-19.472,48.772,-1.2565,-1.2129,-8.5272,-9.274,4.83,-15.405,0.6322,0.52232,-0.71866,NaN,NaN,NaN,NaN,NaN,NaN,NaN,NaN,NaN,47.659,0,2939.5,0.0075089,NaN,NaN,NaN,NaN,15.974,97714,11.438,-1.5141,-0.68542,-9.4744,-9.2585,2.9085,-15.701,NaN,NaN,NaN,NaN,NaN
346.44,-23.231,-19.49,48.693,-2.1821,0.2688,-10.995,-9.3852,3.2329,-15.8,0,0,0,NaN,NaN,NaN,NaN,NaN,NaN,NaN,NaN,NaN,47.659,0,2939.5,0.0075089,0.81084,2.6079,0.65055,0.081576,NaN,-1,-1,-1.5078,-0.68608,-9.4649,-9.2566,3.0106,-15.606,NaN,NaN,NaN,NaN,NaN
346.45,-23.231,-19.49,48.693,-2.1821,0.2688,-10.995,-9.3852,3.2329,-15.8,0,0,0,NaN,NaN,NaN,NaN,NaN,NaN,NaN,NaN,NaN,47.659,0,2939.5,0.0075089,NaN,NaN,NaN,NaN,NaN,-1,-1,-1.5139,-0.68171,-9.489,-9.2604,3.1329,-15.5,NaN,NaN,NaN,NaN,NaN
346.45,-23.239,-19.496,48.652,-1.3518,-0.78778,-9.0227,-9.1165,3.9038,-15.677,0,0,0,NaN,NaN,NaN,NaN,NaN,NaN,NaN,NaN,NaN,47.659,0,2939.5,0.0075089,NaN,NaN,NaN,NaN,16.082,97747,11.688,-1.516,-0.68166,-9.5086,-9.2535,3.0039,-15.391,NaN,NaN,NaN,NaN,NaN
346.45,-23.249,-19.506,48.613,-1.0534,-0.97008,-9.5336,-9.3571,1.8277,-15.099,0.63248,0.53193,-0.71863,NaN,NaN,NaN,NaN,NaN,NaN,NaN,NaN,NaN,47.659,0,2939.5,0.0075089,NaN,NaN,NaN,NaN,NaN,-1,-1,-1.5075,-0.68215,-9.4896,-9.2362,2.9903,-15.297,NaN,NaN,NaN,NaN,NaN
346.45,-23.269,-19.516,48.533,-1.5238,-0.86189,-9.2651,-9.8842,4.3563,-14.939,0,0,0,NaN,NaN,NaN,NaN,NaN,NaN,NaN,NaN,NaN,47.659,0,2939.5,0.0075089,NaN,NaN,NaN,NaN,16.151,97779,11.688,-1.5116,-0.6817,-9.5125,-9.2456,3.108,-15.223,NaN,NaN,NaN,NaN,NaN
346.46,-23.278,-19.53,48.496,-1.4188,-0.27045,-10.156,-8.9034,0.30378,-15.14,0,0,0,NaN,NaN,NaN,NaN,NaN,NaN,NaN,NaN,NaN,47.659,0,2939.5,0.0075089,NaN,NaN,NaN,NaN,NaN,-1,-1,-1.5119,-0.67889,-9.5265,-9.2769,3.1276,-15.137,NaN,NaN,NaN,NaN,NaN
346.46,-23.286,-19.533,48.455,-1.4018,-0.9065,-10.821,-9.1702,4.6452,-15.235,0.63444,0.52733,-0.71401,NaN,NaN,NaN,NaN,NaN,NaN,NaN,NaN,NaN,47.659,0,2939.5,0.0075089,0.79989,2.6049,0.63473,0.083241,NaN,-1,-1,-1.5126,-0.67298,-9.5377,-9.33,3.0713,-15.041,NaN,NaN,NaN,NaN,NaN
346.46,-23.295,-19.537,48.414,-1.1903,-0.72677,-8.1505,-9.1271,4.436,-15.063,0,0,0,NaN,NaN,NaN,NaN,NaN,NaN,NaN,NaN,NaN,47.659,0,2939.5,0.0075089,NaN,NaN,NaN,NaN,16.057,97794,11.813,-1.5012,-0.66821,-9.5308,-9.4076,3.1527,-14.944,NaN,NaN,NaN,NaN,NaN
346.46,-23.304,-19.551,48.379,-1.5996,-0.82225,-10.62,-8.8843,0.27433,-14.725,0,0,0,NaN,NaN,NaN,NaN,NaN,NaN,NaN,NaN,NaN,47.659,0,2939.5,0.0075089,NaN,NaN,NaN,NaN,NaN,-1,-1,-1.507,-0.66335,-9.5523,-9.4564,3.1304,-14.849,NaN,NaN,NaN,NaN,NaN
346.47,-23.314,-19.554,48.339,-2.0738,-1.1422,-10.527,-9.5599,4.4926,-14.784,0,0,0,NaN,NaN,NaN,NaN,NaN,NaN,NaN,NaN,NaN,47.659,0,2939.5,0.0075089,0.80537,2.6115,0.65177,0.074917,NaN,-1,-1,-1.5005,-0.67253,-9.5699,-9.4568,3.2124,-14.765,NaN,NaN,NaN,NaN,NaN
346.47,-23.325,-19.557,48.3,-1.1441,-0.43653,-8.7459,-9.7564,4.6055,-14.182,0.63665,0.51757,-0.71604,NaN,NaN,NaN,NaN,NaN,NaN,NaN,NaN,NaN,47.659,0,2939.5,0.0075089,0.80537,2.6115,0.65177,0.074917,16.247,97731,11.5,-1.509,-0.67706,-9.5636,-9.4668,3.2561,-14.674,NaN,NaN,NaN,NaN,NaN
346.47,-23.336,-19.567,48.265,-0.93818,0.28077,-9.8758,-9.7157,1.3619,-14.165,0,0,0,NaN,NaN,NaN,NaN,NaN,NaN,NaN,NaN,NaN,47.659,0,2939.5,0.0075089,NaN,NaN,NaN,NaN,NaN,-1,-1,-1.5085,-0.67061,-9.5784,-9.511,3.1788,-14.576,NaN,NaN,NaN,NaN,NaN
346.47,-23.346,-19.573,48.227,-2.2832,-0.8918,-10.544,-9.5867,3.4801,-14.697,0,0,0,NaN,NaN,NaN,NaN,NaN,NaN,NaN,NaN,NaN,47.659,0,2939.5,0.0075089,NaN,NaN,NaN,NaN,16.175,97744,11.563,-1.5025,-0.66055,-9.5856,-9.5127,3.231,-14.48,NaN,NaN,NaN,NaN,NaN
346.48,-23.357,-19.577,48.188,-1.236,-1.1976,-9.6923,-9.9308,4.4114,-14.45,0,0,0,NaN,NaN,NaN,NaN,NaN,NaN,NaN,NaN,NaN,47.659,0,2939.5,0.0075089,NaN,NaN,NaN,NaN,NaN,-1,-1,-1.5052,-0.6625,-9.6083,-9.5191,3.2945,-14.378,NaN,NaN,NaN,NaN,NaN
346.48,-23.369,-19.586,48.151,-1.2625,-0.25653,-8.745,-9.9469,1.7661,-14.461,0.63214,0.52484,-0.71644,NaN,NaN,NaN,NaN,NaN,NaN,NaN,NaN,NaN,47.659,0,2939.5,0.0075089,NaN,NaN,NaN,NaN,NaN,-1,-1,-1.5029,-0.67043,-9.5984,-9.8392,3.3897,-14.654,NaN,NaN,NaN,NaN,NaN
346.48,-23.38,-19.593,48.115,-1.9096,-1.6198,-10.611,-9.8199,2.919,-14.146,0,0,0,NaN,NaN,NaN,NaN,NaN,NaN,NaN,NaN,NaN,47.659,0,2939.5,0.0075089,NaN,NaN,NaN,NaN,16.103,97771,11.688,-1.5015,-0.66371,-9.6158,-9.7957,3.3272,-14.464,NaN,NaN,NaN,NaN,NaN
346.48,-23.392,-19.596,48.077,-1.6779,-0.75115,-10.375,-9.9645,4.4915,-13.88,0,0,0,NaN,NaN,NaN,NaN,NaN,NaN,NaN,NaN,NaN,47.659,0,2939.5,0.0075089,0.79825,2.6049,0.63533,0.089068,NaN,-1,-1,-1.5026,-0.66675,-9.6328,-9.7689,3.3453,-14.279,NaN,NaN,NaN,NaN,NaN
346.49,-23.402,-19.603,48.041,-1.2575,0.039944,-9.127,-9.3146,2.8093,-14.102,0,0,0,NaN,NaN,NaN,NaN,NaN,NaN,NaN,NaN,NaN,47.659,0,2939.5,0.0075089,NaN,NaN,NaN,NaN,NaN,-1,-1,-1.5013,-0.66665,-9.6161,-10.044,3.3672,-14.475,NaN,NaN,NaN,NaN,NaN
346.49,-23.412,-19.61,48.004,-1.0871,-0.58348,-10.268,-9.1888,2.5216,-14.197,0.64387,0.5272,-0.71316,NaN,NaN,NaN,NaN,NaN,NaN,NaN,NaN,NaN,47.659,0,2939.5,0.0075089,NaN,NaN,NaN,NaN,16.026,97744,11.563,-1.5003,-0.65934,-9.6496,-9.9559,3.4047,-14.233,NaN,NaN,NaN,NaN,NaN
346.49,-23.422,-19.616,47.967,-1.663,-1.3679,-10.265,-9.4066,3.408,-13.946,0,0,0,NaN,NaN,NaN,NaN,NaN,NaN,NaN,NaN,NaN,47.63,0.024486,2970.9,0.0069644,NaN,NaN,NaN,NaN,NaN,-1,-1,-1.4814,-0.65356,-9.5593,-9.8623,3.3902,-14.003,NaN,NaN,NaN,NaN,NaN
346.49,-23.432,-19.62,47.93,-1.7144,-0.3799,-9.7627,-9.3008,4.0748,-13.854,0,0,0,NaN,NaN,NaN,NaN,NaN,NaN,NaN,NaN,NaN,47.63,0.024486,2970.9,0.0069644,NaN,NaN,NaN,NaN,16.205,97795,11.813,-1.4793,-0.65752,-9.5749,-9.7658,3.2435,-13.785,NaN,NaN,NaN,NaN,NaN
346.5,-23.443,-19.625,47.895,-1.418,-0.83982,-9.0732,-9.3657,3.3022,-13.493,0,0,0,NaN,NaN,NaN,NaN,NaN,NaN,NaN,NaN,NaN,47.63,0.024486,2970.9,0.0069644,NaN,2.5972,0.64081,0.10655,NaN,-1,-1,-1.4816,-0.67108,-9.6011,-9.6682,3.1469,-13.555,NaN,NaN,NaN,NaN,NaN
346.5,-23.454,-19.634,47.861,-1.1874,-0.11702,-9.8655,-9.5717,1.5187,-13.573,0.63867,0.51538,-0.7114,NaN,NaN,NaN,NaN,NaN,NaN,NaN,NaN,NaN,47.63,0.024486,2970.9,0.0069644,NaN,2.5972,0.64081,0.10655,NaN,-1,-1,-1.4839,-0.65917,-9.6093,-9.581,3.1441,-13.319,NaN,NaN,NaN,NaN,NaN
346.5,-23.466,-19.636,47.824,-1.4634,-0.63323,-11.621,-9.9231,4.7174,-13.55,0,0,0,NaN,NaN,NaN,NaN,NaN,NaN,NaN,NaN,NaN,47.63,0.024486,2970.9,0.0069644,NaN,NaN,NaN,NaN,16.224,97763,11.625,-1.4717,-0.65116,-9.6249,-9.5003,3.1216,-13.116,NaN,NaN,NaN,NaN,NaN
346.5,-23.477,-19.64,47.787,-2.1011,-0.84893,-7.8839,-9.8875,3.9605,-13.677,0,0,0,NaN,NaN,NaN,NaN,NaN,NaN,NaN,NaN,NaN,47.63,0.024486,2970.9,0.0069644,NaN,NaN,NaN,NaN,NaN,-1,-1,-1.4808,-0.65407,-9.6456,-9.411,3.0935,-12.934,NaN,NaN,NaN,NaN,NaN
346.51,-23.504,-19.654,47.718,-1.884,-1.1746,-10.187,-10.631,3.4556,-13.377,0.63444,0.52733,-0.71401,15.532,10.263,-5.6007,19.441,40.058,-88.55,3.6779e+05,4.4354e+06,255.58,47.63,0.024486,2970.9,0.0069644,NaN,NaN,NaN,NaN,NaN,-1,-1,-1.4786,-0.65288,-9.6404,-9.3159,3.0641,-12.76,19.208,2.9833,0.30197,0.90067,8.8274
346.51,-23.517,-19.656,47.683,-1.6529,-0.81753,-9.5662,-10.361,4.4044,-12.967,0,0,0,NaN,NaN,NaN,NaN,NaN,NaN,NaN,NaN,NaN,47.63,0.024486,2970.9,0.0069644,0.81522,2.6115,0.65481,0.074085,16.183,97780,11.813,-1.4761,-0.66442,-9.6584,-9.2637,3.0674,-12.569,NaN,NaN,NaN,NaN,NaN
346.51,-23.531,-19.663,47.649,-1.3516,-0.32802,-10.355,-10.158,2.5811,-13.058,0,0,0,NaN,NaN,NaN,NaN,NaN,NaN,NaN,NaN,NaN,47.63,0.024486,2970.9,0.0069644,NaN,NaN,NaN,NaN,16.323,97761,11.625,-1.4847,-0.66499,-9.6874,-9.2005,3.1407,-12.411,NaN,NaN,NaN,NaN,NaN
346.51,-23.553,-19.672,47.58,-1.1844,-0.80204,-11.843,-9.4724,3.2987,-13.155,0.64629,0.52957,-0.71294,NaN,NaN,NaN,NaN,NaN,NaN,NaN,NaN,NaN,47.63,0.024486,2970.9,0.0069644,NaN,NaN,NaN,NaN,NaN,-1,-1,-1.4799,-0.66304,-9.6788,-9.1261,3.1847,-12.248,NaN,NaN,NaN,NaN,NaN
346.52,-23.563,-19.676,47.546,-1.8754,-0.53373,-9.2767,-9.1535,3.6928,-12.822,0,0,0,NaN,NaN,NaN,NaN,NaN,NaN,NaN,NaN,NaN,47.63,0.024486,2970.9,0.0069644,NaN,NaN,NaN,NaN,NaN,-1,-1,-1.4714,-0.65038,-9.6746,-9.0086,3.2519,-12.095,NaN,NaN,NaN,NaN,NaN
346.52,-23.574,-19.68,47.511,-1.7449,-1.121,-9.8203,-9.2992,3.7171,-12.931,0,0,0,NaN,NaN,NaN,NaN,NaN,NaN,NaN,NaN,NaN,47.63,0.024486,2970.9,0.0069644,NaN,NaN,NaN,NaN,NaN,-1,-1,-1.4791,-0.6571,-9.7058,-8.9309,3.363,-11.953,NaN,NaN,NaN,NaN,NaN
346.52,-23.587,-19.686,47.479,-1.0791,-0.79539,-8.8743,-9.9673,2.503,-12.61,0,0,0,NaN,NaN,NaN,NaN,NaN,NaN,NaN,NaN,NaN,47.63,0.024486,2970.9,0.0069644,NaN,NaN,NaN,NaN,16.369,97733,11.5,-1.4739,-0.65108,-9.6991,-8.8303,3.2441,-11.802,NaN,NaN,NaN,NaN,NaN
346.52,-23.6,-19.693,47.446,-1.2053,0.68021,-11.818,-9.8177,2.3062,-12.664,0.65067,0.52242,-0.71032,NaN,NaN,NaN,NaN,NaN,NaN,NaN,NaN,NaN,47.63,0.024486,2970.9,0.0069644,0.79332,2.6038,0.62681,0.10322,NaN,-1,-1,-1.4759,-0.65858,-9.6835,-8.759,3.3111,-11.663,NaN,NaN,NaN,NaN,NaN
346.53,-23.61,-19.691,47.41,-2.4748,-1.1503,-9.8063,-9.2023,5.8785,-12.693,0,0,0,NaN,NaN,NaN,NaN,NaN,NaN,NaN,NaN,NaN,47.63,0.024486,2970.9,0.0069644,NaN,NaN,NaN,NaN,NaN,-1,-1,-1.4767,-0.65774,-9.7027,-8.7306,3.3811,-11.523,NaN,NaN,NaN,NaN,NaN
346.53,-23.623,-19.698,47.378,-0.76655,-1.6494,-8.2957,-10.183,2.3055,-12.393,0,0,0,NaN,NaN,NaN,NaN,NaN,NaN,NaN,NaN,NaN,47.63,0.024486,2970.9,0.0069644,NaN,NaN,NaN,NaN,16.222,97713,11.438,-1.476,-0.64412,-9.6955,-8.7069,3.2728,-11.367,NaN,NaN,NaN,NaN,NaN
346.53,-23.637,-19.706,47.347,-1.7011,0.40833,-10.811,-10.21,1.6701,-12.638,0,0,0,NaN,NaN,NaN,NaN,NaN,NaN,NaN,NaN,NaN,47.63,0.024486,2970.9,0.0069644,NaN,NaN,NaN,NaN,16.347,97738,11.563,-1.4725,-0.64732,-9.6859,-8.6733,3.2667,-11.253,NaN,NaN,NaN,NaN,NaN
346.53,0,0,0,0,0,0,0,0,0,0,0,0,NaN,NaN,NaN,NaN,NaN,NaN,NaN,NaN,NaN,47.63,0.024486,2970.9,0.0069644,0.80646,2.6121,0.66211,0.07242,NaN,-1,-1,-1.4733,-0.64526,-9.6904,-8.632,3.2782,-11.16,NaN,NaN,NaN,NaN,NaN
346.54,-23.649,-19.706,47.31,-2.0362,-1.0981,-9.9838,-9.6441,5.3487,-12.646,0.64065,0.52063,-0.70232,NaN,NaN,NaN,NaN,NaN,NaN,NaN,NaN,NaN,47.63,0.024486,2970.9,0.0069644,NaN,NaN,NaN,NaN,16.253,97761,11.688,-1.4748,-0.65306,-9.6815,-8.5869,3.2873,-11.054,NaN,NaN,NaN,NaN,NaN
346.54,-23.661,-19.712,47.278,-0.9757,-1.5963,-10.518,-9.6376,2.5088,-12.416,0,0,0,NaN,NaN,NaN,NaN,NaN,NaN,NaN,NaN,NaN,47.63,0.024486,2970.9,0.0069644,NaN,NaN,NaN,NaN,NaN,-1,-1,-1.4785,-0.65526,-9.6812,-8.54,3.2217,-10.953,NaN,NaN,NaN,NaN,NaN
346.54,0,0,0,0,0,0,0,0,0,0,0,0,NaN,NaN,NaN,NaN,NaN,NaN,NaN,NaN,NaN,47.63,0.024486,2970.9,0.0069644,NaN,NaN,NaN,NaN,16.274,97756,11.625,-1.474,-0.65131,-9.6799,-8.4999,3.3109,-10.844,NaN,NaN,NaN,NaN,NaN
346.54,-23.695,-19.726,47.183,-1.5365,-1.6383,-10.121,-8.8042,1.9521,-11.941,0.64354,0.52504,-0.70874,NaN,NaN,NaN,NaN,NaN,NaN,NaN,NaN,NaN,47.63,0.024486,2970.9,0.0069644,NaN,NaN,NaN,NaN,NaN,-1,-1,-1.4668,-0.65365,-9.6556,-8.4626,3.4023,-10.749,NaN,NaN,NaN,NaN,NaN
346.55,-23.706,-19.727,47.151,-1.9323,-0.13548,-10.446,-9.0853,4.3834,-11.747,0,0,0,NaN,NaN,NaN,NaN,NaN,NaN,NaN,NaN,NaN,47.63,0.024486,2970.9,0.0069644,NaN,NaN,NaN,NaN,16.424,97778,11.75,-1.4659,-0.65128,-9.6449,-8.4224,3.3684,-10.678,NaN,NaN,NaN,NaN,NaN
346.55,-23.717,-19.729,47.119,-1.3244,-1.0891,-8.4783,-9.2521,4.3218,-11.52,0,0,0,NaN,NaN,NaN,NaN,NaN,NaN,NaN,NaN,NaN,47.63,0.024486,2970.9,0.0069644,NaN,NaN,NaN,NaN,NaN,-1,-1,-1.4671,-0.63936,-9.6429,-8.404,3.3496,-10.612,NaN,NaN,NaN,NaN,NaN
346.55,-23.739,-19.737,47.057,-2.1115,0.18893,-11.148,-8.9191,5.2202,-11.805,0.65546,0.52968,-0.70766,NaN,NaN,NaN,NaN,NaN,NaN,NaN,NaN,NaN,47.63,0.024486,2970.9,0.0069644,NaN,NaN,NaN,NaN,16.171,97745,11.5,-1.4656,-0.64965,-9.6278,-8.3951,3.4893,-10.545,NaN,NaN,NaN,NaN,NaN
346.55,-23.75,-19.737,47.024,-1.1315,-1.6773,-8.5157,-9.0353,4.9552,-11.917,0,0,0,NaN,NaN,NaN,NaN,NaN,NaN,NaN,NaN,NaN,47.63,0.024486,2970.9,0.0069644,0.80044,NaN,NaN,NaN,NaN,-1,-1,-1.4761,-0.65801,-9.6971,-8.373,3.4596,-10.479,NaN,NaN,NaN,NaN,NaN
346.56,-23.775,-19.751,46.965,-2.0512,-0.37282,-10.674,-8.9726,4.4573,-11.605,0,0,0,NaN,NaN,NaN,NaN,NaN,NaN,NaN,NaN,NaN,47.63,0.024486,2970.9,0.0069644,NaN,NaN,NaN,NaN,16.373,97772,11.688,-1.483,-0.64546,-9.6779,-8.352,3.4849,-10.426,NaN,NaN,NaN,NaN,NaN
346.56,-23.707,-19.76,46.917,-1.1154,-0.76097,-9.3451,-9.2971,4.9451,-11.28,0.65263,0.52275,-0.70347,NaN,NaN,NaN,NaN,NaN,NaN,NaN,NaN,NaN,47.63,0.024486,2970.9,0.0069644,NaN,NaN,NaN,NaN,NaN,-1,-1,-1.4748,-0.63845,-9.6877,-8.3409,3.5362,-10.381,NaN,NaN,NaN,NaN,NaN
346.56,-23.731,-19.768,46.857,-1.6748,-0.42037,-11.213,-9.2744,6.2304,-11.178,0,0,0,NaN,NaN,NaN,NaN,NaN,NaN,NaN,NaN,NaN,47.63,0.024486,2970.9,0.0069644,NaN,NaN,NaN,NaN,16.494,97772,11.688,-1.4742,-0.65067,-9.6299,-8.3343,3.5905,-10.352,NaN,NaN,NaN,NaN,NaN
346.56,-23.74,-19.771,46.827,-0.84919,-0.62971,-7.7907,-8.1758,3.4092,-11.361,0,0,0,NaN,NaN,NaN,NaN,NaN,NaN,NaN,NaN,NaN,47.63,0.024486,2970.9,0.0069644,NaN,NaN,NaN,NaN,NaN,-1,-1,-1.4892,-0.66006,-9.7038,-8.3511,3.6611,-10.329,NaN,NaN,NaN,NaN,NaN
346.57,-23.773,-19.777,46.74,-0.5143,0.38926,-8.992,-9.048,3.8449,-10.309,0,0,0,NaN,NaN,NaN,NaN,NaN,NaN,NaN,NaN,NaN,47.63,0.024486,2970.9,0.0069644,NaN,NaN,NaN,NaN,16.374,97767,11.688,-1.4872,-0.64641,-9.7388,-8.4017,3.6843,-10.309,NaN,NaN,NaN,NaN,NaN
346.57,-23.785,-19.787,46.715,-1.9594,-0.076517,-10.42,-8.3969,0.1374,-10.733,0,0,0,NaN,NaN,NaN,NaN,NaN,NaN,NaN,NaN,NaN,47.63,0.024486,2970.9,0.0069644,NaN,NaN,NaN,NaN,NaN,-1,-1,-1.4896,-0.64395,-9.7518,-8.4461,3.6725,-10.291,NaN,NaN,NaN,NaN,NaN
346.57,-23.811,-19.787,46.654,-1.1739,-0.27953,-9.2966,-9.9755,3.2232,-10.783,0,0,0,NaN,NaN,NaN,NaN,NaN,NaN,NaN,NaN,NaN,47.63,0.024486,2970.9,0.0069644,NaN,NaN,NaN,NaN,16.418,97776,11.625,-1.4861,-0.64642,-9.7617,-8.4848,3.5957,-10.304,NaN,NaN,NaN,NaN,NaN
346.57,-23.823,-19.793,46.627,-1.6455,-0.38718,-9.5705,-8.8355,1.7934,-10.484,0,0,0,NaN,NaN,NaN,NaN,NaN,NaN,NaN,NaN,NaN,47.63,0.024486,2970.9,0.0069644,NaN,NaN,NaN,NaN,NaN,-1,-1,-1.4935,-0.63792,-9.7655,-8.4972,3.6896,-10.312,NaN,NaN,NaN,NaN,NaN
346.58,-23.835,-19.794,46.598,-2.0221,-1.6047,-10.712,-9.2615,4.2485,-10.586,0,0,0,NaN,NaN,NaN,NaN,NaN,NaN,NaN,NaN,NaN,47.63,0.024486,2970.9,0.0069644,NaN,NaN,NaN,NaN,NaN,-1,-1,-1.4989,-0.63897,-9.776,-8.5229,3.6452,-10.324,NaN,NaN,NaN,NaN,NaN
346.58,-23.848,-19.797,46.569,-0.97226,-0.33996,-9.8185,-9.1205,2.7311,-10.51,0.65727,0.51536,-0.70528,NaN,NaN,NaN,NaN,NaN,NaN,NaN,NaN,NaN,47.63,0.024486,2970.9,0.0069644,NaN,NaN,NaN,NaN,16.364,97743,11.438,-1.4966,-0.64675,-9.7407,-8.5823,3.526,-10.331,NaN,NaN,NaN,NaN,NaN
346.58,-23.858,-19.8,46.543,-1.6043,0.1729,-10.867,-8.0622,2.9248,-10.064,0,0,0,NaN,NaN,NaN,NaN,NaN,NaN,NaN,NaN,NaN,47.63,0.024486,2970.9,0.0069644,NaN,NaN,NaN,NaN,16.324,97777,11.688,-1.499,-0.63145,-9.7702,-8.6268,3.5435,-10.357,NaN,NaN,NaN,NaN,NaN
346.58,-23.866,-19.798,46.513,-1.1535,-1.1918,-8.7498,-7.7955,5.1066,-10.659,0,0,0,NaN,NaN,NaN,NaN,NaN,NaN,NaN,NaN,NaN,47.63,0.024486,2970.9,0.0069644,NaN,NaN,NaN,NaN,NaN,-1,-1,-1.505,-0.63142,-9.7741,-8.6419,3.5249,-10.403,NaN,NaN,NaN,NaN,NaN
346.59,-23.886,-19.805,46.459,-2.1866,0.29136,-9.4917,-7.853,4.2579,-10.104,0.65512,0.5226,-0.70547,NaN,NaN,NaN,NaN,NaN,NaN,NaN,NaN,NaN,47.63,0.024486,2970.9,0.0069644,NaN,NaN,NaN,NaN,NaN,-1,-1,-1.501,-0.63271,-9.7659,-8.7341,3.5482,-10.44,NaN,NaN,NaN,NaN,NaN
346.59,-23.897,-19.803,46.431,-0.97219,-1.3433,-9.8103,-8.4283,5.0827,-9.4219,0,0,0,NaN,NaN,NaN,NaN,NaN,NaN,NaN,NaN,NaN,47.63,0.024486,2970.9,0.0069644,NaN,NaN,NaN,NaN,NaN,-1,-1,-1.5057,-0.63604,-9.7561,-8.8511,3.4706,-10.496,NaN,NaN,NaN,NaN,NaN
346.59,-23.922,-19.812,46.381,-2.2176,0.16917,-11.536,-8.7113,2.5326,-9.9455,0,0,0,NaN,NaN,NaN,NaN,NaN,NaN,NaN,NaN,NaN,47.64,0,3006.7,0.0075089,NaN,NaN,NaN,NaN,16.325,97809,11.813,-1.5081,-0.64105,-9.7584,-8.5898,3.3446,-10.097,NaN,NaN,NaN,NaN,NaN
346.59,-23.933,-19.808,46.351,-1.1464,-1.3001,-10.303,-8.8355,5.8604,-9.6982,0.65277,0.52263,-0.70568,NaN,NaN,NaN,NaN,NaN,NaN,NaN,NaN,NaN,47.64,0,3006.7,0.0075089,NaN,NaN,NaN,NaN,NaN,-1,-1,-1.508,-0.63232,-9.7757,-8.6116,3.3564,-10.083,NaN,NaN,NaN,NaN,NaN
346.6,-23.946,-19.81,46.325,-1.3654,-0.65938,-7.8178,-9.0183,3.0838,-9.8385,0,0,0,NaN,NaN,NaN,NaN,NaN,NaN,NaN,NaN,NaN,47.64,0,3006.7,0.0075089,0.81413,2.4832,0.7114,0.049945,16.274,97778,11.688,-1.5025,-0.62503,-9.7598,-8.635,3.3687,-10.082,NaN,NaN,NaN,NaN,NaN
346.6,-23.958,-19.817,46.301,-2.3646,-0.70149,-11.566,-8.4366,1.0833,-9.8408,0,0,0,NaN,NaN,NaN,NaN,NaN,NaN,NaN,NaN,NaN,47.64,0,3006.7,0.0075089,NaN,NaN,NaN,NaN,NaN,-1,-1,-1.5075,-0.62287,-9.7823,-8.3059,3.2159,-9.6155,NaN,NaN,NaN,NaN,NaN
346.6,-23.969,-19.816,46.274,-1.1174,-0.34694,-10.073,-8.4032,4.2061,-9.4764,0,0,0,NaN,NaN,NaN,NaN,NaN,NaN,NaN,NaN,NaN,47.64,0,3006.7,0.0075089,NaN,NaN,NaN,NaN,16.247,97753,11.563,-1.5145,-0.62215,-9.7798,-8.2258,3.1447,-9.506,NaN,NaN,NaN,NaN,NaN
346.6,-23.979,-19.814,46.247,-1.364,-0.8686,-10.406,-7.9424,4.772,-9.3196,0.65741,0.52016,-0.70527,NaN,NaN,NaN,NaN,NaN,NaN,NaN,NaN,NaN,47.64,0,3006.7,0.0075089,NaN,NaN,NaN,NaN,NaN,-1,-1,-1.5111,-0.62508,-9.7561,-8.1474,3.1601,-9.3919,NaN,NaN,NaN,NaN,NaN
346.61,-23.999,-19.822,46.197,-1.5505,-1.2333,-10.534,-7.4411,0.5945,-9.484,0,0,0,NaN,NaN,NaN,NaN,NaN,NaN,NaN,NaN,NaN,47.64,0,3006.7,0.0075089,0.78675,NaN,NaN,NaN,16.439,97733,11.438,-1.5132,-0.61778,-9.7588,-8.0947,3.0669,-9.2756,NaN,NaN,NaN,NaN,NaN
346.61,-24.009,-19.82,46.171,-1.8902,-0.19114,-10.971,-7.7849,4.7878,-9.2926,0,0,0,NaN,NaN,NaN,NaN,NaN,NaN,NaN,NaN,NaN,47.64,0,3006.7,0.0075089,NaN,2.6044,0.64872,0.097392,NaN,-1,-1,-1.5214,-0.61101,-9.7653,-8.0357,3.1016,-9.1779,NaN,NaN,NaN,NaN,NaN
346.61,-24.029,-19.821,46.121,-0.96773,-0.53166,-9.9725,-7.9461,1.0271,-9.2034,0,0,0,NaN,NaN,NaN,NaN,NaN,NaN,NaN,NaN,NaN,47.64,0,3006.7,0.0075089,NaN,NaN,NaN,NaN,16.492,97764,11.625,-1.5167,-0.61056,-9.7619,-7.9972,3.0734,-9.0875,NaN,NaN,NaN,NaN,NaN
346.61,-24.04,-19.823,46.097,-2.343,-0.30617,-11.438,-8.1017,3.084,-9.1896,0,0,0,NaN,NaN,NaN,NaN,NaN,NaN,NaN,NaN,NaN,47.64,0,3006.7,0.0075089,NaN,NaN,NaN,NaN,NaN,-1,-1,-1.5217,-0.61142,-9.7749,-7.9668,3.1248,-9.0045,NaN,NaN,NaN,NaN,NaN
346.62,-24.06,-19.821,46.046,-1.0383,-1.1396,-9.0404,-8.1027,2.2972,-9.1134,0.64988,0.51822,-0.69927,NaN,NaN,NaN,NaN,NaN,NaN,NaN,NaN,NaN,47.64,0,3006.7,0.0075089,0.81522,2.6157,0.65481,0.080744,16.561,97745,11.5,-1.5262,-0.61583,-9.7627,-7.9378,3.1471,-8.9138,NaN,NaN,NaN,NaN,NaN
346.62,-24.073,-19.827,46.024,-2.1931,-1.5117,-10.715,-8.453,1.0164,-8.8961,0,0,0,NaN,NaN,NaN,NaN,NaN,NaN,NaN,NaN,NaN,47.64,0,3006.7,0.0075089,NaN,NaN,NaN,NaN,NaN,-1,-1,-1.5205,-0.6163,-9.7597,-7.8877,3.2307,-8.8314,NaN,NaN,NaN,NaN,NaN
346.62,-24.094,-19.823,45.975,-1.2721,-0.58228,-9.0424,-7.4862,3.2696,-8.5944,0,0,0,NaN,NaN,NaN,NaN,NaN,NaN,NaN,NaN,NaN,47.64,0,3006.7,0.0075089,NaN,NaN,NaN,NaN,16.249,97765,11.625,-1.5247,-0.60409,-9.7558,-7.8097,3.2784,-8.7444,NaN,NaN,NaN,NaN,NaN
346.62,-24.104,-19.826,45.951,-1.3627,-0.69671,-10.143,-7.6716,2.455,-8.8127,0.66206,0.52262,-0.70262,NaN,NaN,NaN,NaN,NaN,NaN,NaN,NaN,NaN,47.64,0,3006.7,0.0075089,NaN,NaN,NaN,NaN,NaN,-1,-1,-1.5274,-0.60988,-9.7565,-7.7642,3.2933,-8.6167,NaN,NaN,NaN,NaN,NaN
346.63,-24.131,-19.822,45.881,-1.8671,-1.0554,-8.3973,-7.2517,5.1676,-8.2062,0,0,0,NaN,NaN,NaN,NaN,NaN,NaN,NaN,NaN,NaN,47.64,0,3006.7,0.0075089,0.81139,2.491,0.7114,0.049945,16.54,97748,11.563,-1.5318,-0.60139,-9.7619,-7.6681,3.2325,-8.517,NaN,NaN,NaN,NaN,NaN
346.63,-24.143,-19.829,45.861,-0.60862,-0.016217,-9.9651,-7.7384,0.39402,-8.1465,0.65256,0.52035,-0.70347,NaN,NaN,NaN,NaN,NaN,NaN,NaN,NaN,NaN,47.64,0,3006.7,0.0075089,NaN,NaN,NaN,NaN,NaN,-1,-1,-1.5293,-0.58967,-9.7377,-7.6425,3.1834,-8.4186,NaN,NaN,NaN,NaN,NaN
346.63,-24.153,-19.826,45.837,-2.0764,-0.18897,-11.639,-7.5334,4.4793,-8.3537,0,0,0,NaN,NaN,NaN,NaN,NaN,NaN,NaN,NaN,NaN,47.64,0,3006.7,0.0075089,NaN,NaN,NaN,NaN,16.465,97716,11.438,-1.5265,-0.5965,-9.7427,-7.5919,3.1522,-8.3106,NaN,NaN,NaN,NaN,NaN
346.63,-24.161,-19.821,45.811,-1.8752,-0.79125,-9.1149,-7.2963,5.8988,-8.4129,0,0,0,NaN,NaN,NaN,NaN,NaN,NaN,NaN,NaN,NaN,47.64,0,3006.7,0.0075089,0.80318,2.4987,0.71506,0.038291,NaN,-1,-1,-1.5424,-0.60288,-9.7403,-7.5573,3.2271,-8.2183,NaN,NaN,NaN,NaN,NaN
346.64,-24.185,-19.83,45.77,-2.0328,-0.73103,-10.607,-7.8106,1.5058,-8.119,0.65278,0.53248,-0.70123,NaN,NaN,NaN,NaN,NaN,NaN,NaN,NaN,NaN,47.64,0,3006.7,0.0075089,NaN,NaN,NaN,NaN,16.25,97780,11.688,-1.54,-0.58582,-9.7373,-7.546,3.1343,-8.1342,NaN,NaN,NaN,NaN,NaN
346.64,-24.197,-19.822,45.745,-1.9597,-0.94446,-10.559,-8.339,6.4873,-7.751,0,0,0,NaN,NaN,NaN,NaN,NaN,NaN,NaN,NaN,NaN,47.64,0,3006.7,0.0075089,NaN,NaN,NaN,NaN,NaN,-1,-1,-1.538,-0.58879,-9.7153,-7.5077,3.136,-8.0374,NaN,NaN,NaN,NaN,NaN
346.64,-24.217,-19.826,45.703,-1.3167,-0.60888,-9.995,-7.2769,2.047,-7.912,0,0,0,NaN,NaN,NaN,NaN,NaN,NaN,NaN,NaN,NaN,47.64,0,3006.7,0.0075089,NaN,NaN,NaN,NaN,NaN,-1,-1,-1.5476,-0.58984,-9.737,-7.4295,3.2307,-7.9627,NaN,NaN,NaN,NaN,NaN
346.64,-24.225,-19.824,45.679,-1.3022,-0.5255,-10.066,-6.7905,4.0767,-7.8816,0.64792,0.52282,-0.70389,NaN,NaN,NaN,NaN,NaN,NaN,NaN,NaN,NaN,47.64,0,3006.7,0.0075089,NaN,NaN,NaN,NaN,16.348,97796,11.75,-1.549,-0.58816,-9.7266,-7.3623,3.2052,-7.8852,NaN,NaN,NaN,NaN,NaN
346.65,-24.235,-19.824,45.658,-2.026,-0.37535,-11.02,-6.9704,3.3725,-7.7241,0,0,0,NaN,NaN,NaN,NaN,NaN,NaN,NaN,NaN,NaN,47.64,0,3006.7,0.0075089,NaN,NaN,NaN,NaN,NaN,-1,-1,-1.5468,-0.5911,-9.7024,-7.2994,3.3195,-7.7791,NaN,NaN,NaN,NaN,NaN
346.65,-24.244,-19.821,45.635,-1.8972,-1.005,-8.5397,-7.1753,4.5588,-7.6815,0,0,0,NaN,NaN,NaN,NaN,NaN,NaN,NaN,NaN,NaN,47.64,0,3006.7,0.0075089,0.80099,2.6091,0.63533,0.097392,NaN,-1,-1,-1.5488,-0.58478,-9.7178,-7.2535,3.2976,-7.6836,NaN,NaN,NaN,NaN,NaN
346.65,-24.255,-19.823,45.617,-0.83428,0.19478,-9.0819,-7.2519,1.7568,-7.2528,0,0,0,NaN,NaN,NaN,NaN,NaN,NaN,NaN,NaN,NaN,47.64,0,3006.7,0.0075089,NaN,NaN,NaN,NaN,16.438,97738,11.438,-1.5547,-0.58367,-9.7258,-7.2018,3.3821,-7.5883,NaN,NaN,NaN,NaN,NaN
346.65,-24.265,-19.822,45.595,-1.6068,-0.3676,-11.326,-7.2328,3.5364,-7.5343,0.6455,0.52537,-0.70188,NaN,NaN,NaN,NaN,NaN,NaN,NaN,NaN,NaN,47.64,0,3006.7,0.0075089,NaN,NaN,NaN,NaN,NaN,-1,-1,-1.5579,-0.57525,-9.7012,-7.1601,3.4619,-7.4956,NaN,NaN,NaN,NaN,NaN
346.66,-24.284,-19.821,45.552,-0.78033,-0.61339,-9.1253,-7.5695,2.38,-7.5518,0,0,0,NaN,NaN,NaN,NaN,NaN,NaN,NaN,NaN,NaN,47.64,0,3006.7,0.0075089,NaN,NaN,NaN,NaN,16.441,97760,11.563,-1.5554,-0.56508,-9.7053,-7.107,3.4048,-7.4259,NaN,NaN,NaN,NaN,NaN
346.66,-24.296,-19.824,45.532,-1.6727,-0.71377,-10.61,-7.851,1.8535,-7.5698,0,0,0,NaN,NaN,NaN,NaN,NaN,NaN,NaN,NaN,NaN,47.64,0,3006.7,0.0075089,NaN,2.602,NaN,0.09656,NaN,-1,-1,-1.5569,-0.56412,-9.6976,-7.0834,3.4732,-7.342,NaN,NaN,NaN,NaN,NaN
346.66,-24.306,-19.819,45.509,-2.4148,-1.1098,-10.028,-7.3426,5.2644,-7.4632,0.6525,0.51795,-0.70348,NaN,NaN,NaN,NaN,NaN,NaN,NaN,NaN,NaN,47.64,0,3006.7,0.0075089,NaN,2.602,NaN,0.09656,NaN,-1,-1,-1.5662,-0.56277,-9.6803,-7.0653,3.5826,-7.2653,NaN,NaN,NaN,NaN,NaN
346.66,-24.327,-19.82,45.47,-1.5114,-1.1607,-9.7357,-7.2141,2.7596,-7.2618,0,0,0,NaN,NaN,NaN,NaN,NaN,NaN,NaN,NaN,NaN,47.64,0,3006.7,0.0075089,NaN,NaN,NaN,NaN,16.463,97734,11.438,-1.5664,-0.55265,-9.6803,-7.0203,3.5038,-7.1987,NaN,NaN,NaN,NaN,NaN
346.67,-24.335,-19.816,45.448,-1.5891,-0.5009,-10.492,-6.6583,4.8343,-7.294,0,0,0,NaN,NaN,NaN,NaN,NaN,NaN,NaN,NaN,NaN,47.64,0,3006.7,0.0075089,NaN,NaN,NaN,NaN,NaN,-1,-1,-1.566,-0.55016,-9.6936,-6.9695,3.4769,-7.1372,NaN,NaN,NaN,NaN,NaN
346.67,-24.344,-19.817,45.429,-1.6373,-0.18027,-9.8926,-6.2058,2.2862,-6.8822,0.65938,0.52049,-0.69841,NaN,NaN,NaN,NaN,NaN,NaN,NaN,NaN,NaN,47.64,0,3006.7,0.0075089,NaN,NaN,NaN,NaN,NaN,-1,-1,-1.5771,-0.55841,-9.6816,-6.9181,3.4421,-7.0647,NaN,NaN,NaN,NaN,NaN
346.67,-24.352,-19.815,45.409,-2.0008,-0.84134,-8.9094,-6.3661,3.8875,-6.8332,0,0,0,NaN,NaN,NaN,NaN,NaN,NaN,NaN,NaN,NaN,47.64,0,3006.7,0.0075089,0.85629,2.5107,0.70288,0.012486,16.613,97762,11.625,-1.57,-0.54686,-9.6722,-6.8875,3.4771,-6.9938,NaN,NaN,NaN,NaN,NaN
346.67,-24.362,-19.812,45.39,-1.1699,-0.51219,-9.4428,-7.0026,3.9778,-6.4799,0,0,0,NaN,NaN,NaN,NaN,NaN,NaN,NaN,NaN,NaN,47.64,0,3006.7,0.0075089,NaN,NaN,NaN,NaN,NaN,-1,-1,-1.5742,-0.54197,-9.674,-6.8436,3.3633,-6.9337,NaN,NaN,NaN,NaN,NaN
346.68,-24.372,-19.812,45.371,-1.5757,0.21216,-10.439,-6.7001,2.5706,-6.8542,0,0,0,NaN,NaN,NaN,NaN,NaN,NaN,NaN,NaN,NaN,47.64,0,3006.7,0.0075089,NaN,NaN,NaN,NaN,NaN,-1,-1,-1.5746,-0.54186,-9.6702,-6.828,3.297,-6.8568,NaN,NaN,NaN,NaN,NaN
346.68,-24.38,-19.81,45.35,-2.1983,-0.67324,-9.5866,-6.5003,4.0804,-7.0853,0.64779,0.52294,-0.70168,NaN,NaN,NaN,NaN,NaN,NaN,NaN,NaN,NaN,47.64,0,3006.7,0.0075089,NaN,NaN,NaN,NaN,16.417,97760,11.563,-1.5838,-0.51586,-9.6637,-6.7924,3.2972,-6.7818,NaN,NaN,NaN,NaN,NaN
346.68,-24.391,-19.81,45.332,-1.1297,-1.105,-8.8338,-7.3815,2.3432,-6.6909,0,0,0,NaN,NaN,NaN,NaN,NaN,NaN,NaN,NaN,NaN,47.63,0,3039.5,0.0064211,NaN,NaN,NaN,NaN,16.438,97755,11.5,-1.5817,-0.51551,-9.6684,-6.7694,3.1961,-6.7259,NaN,NaN,NaN,NaN,NaN
346.68,-24.413,-19.807,45.293,-2.2367,-1.3222,-10.063,-7.0517,4.7744,-6.7704,0,0,0,NaN,NaN,NaN,NaN,NaN,NaN,NaN,NaN,NaN,47.63,0,3039.5,0.0064211,NaN,NaN,NaN,NaN,NaN,-1,-1,-1.5811,-0.51533,-9.6437,-6.7515,3.2684,-6.6516,NaN,NaN,NaN,NaN,NaN
346.69,-24.422,-19.808,45.274,-1.2168,-0.54211,-8.8559,-6.8731,2.7112,-6.8634,0.65716,0.52533,-0.69861,NaN,NaN,NaN,NaN,NaN,NaN,NaN,NaN,NaN,47.63,0,3039.5,0.0064211,NaN,NaN,NaN,NaN,NaN,-1,-1,-1.5972,-0.50582,-9.6491,-6.9431,3.2271,-6.7379,NaN,NaN,NaN,NaN,NaN
346.69,-24.433,-19.81,45.257,-1.6402,-0.66297,-10.122,-6.9742,1.6628,-6.5878,0,0,0,NaN,NaN,NaN,NaN,NaN,NaN,NaN,NaN,NaN,47.63,0,3039.5,0.0064211,NaN,NaN,NaN,NaN,NaN,-1,-1,-1.5959,-0.49901,-9.6521,-6.8891,3.1601,-6.6285,NaN,NaN,NaN,NaN,NaN
346.69,-24.441,-19.804,45.237,-1.361,0.56038,-9.95,-6.2715,5.2221,-6.3528,0,0,0,NaN,NaN,NaN,NaN,NaN,NaN,NaN,NaN,NaN,47.63,0,3039.5,0.0064211,NaN,NaN,NaN,NaN,16.347,97783,11.688,-1.5928,-0.50217,-9.6272,-6.8513,3.2094,-6.5313,NaN,NaN,NaN,NaN,NaN
346.69,-24.449,-19.804,45.22,-1.4877,-1.5073,-9.2575,-5.9392,2.5955,-6.3208,0,0,0,NaN,NaN,NaN,NaN,NaN,NaN,NaN,NaN,NaN,47.63,0,3039.5,0.0064211,NaN,NaN,NaN,NaN,NaN,-1,-1,-1.6014,-0.48372,-9.6325,-6.8175,3.1209,-6.4409,NaN,NaN,NaN,NaN,NaN
346.7,-24.459,-19.805,45.202,-2.1835,-0.27744,-9.7235,-6.7015,1.9029,-6.3407,0.65757,0.53482,-0.70079,NaN,NaN,NaN,NaN,NaN,NaN,NaN,NaN,NaN,47.63,0,3039.5,0.0064211,0.80318,2.6127,0.65663,0.061598,NaN,-1,-1,-1.5997,-0.48899,-9.6164,-6.7945,3.2091,-6.3507,NaN,NaN,NaN,NaN,NaN
346.7,-24.468,-19.8,45.183,-1.5526,-0.44552,-9.9293,-6.2952,4.9878,-5.9655,0,0,0,NaN,NaN,NaN,NaN,NaN,NaN,NaN,NaN,NaN,47.63,0,3039.5,0.0064211,NaN,NaN,NaN,NaN,16.462,97758,11.5,-1.5912,-0.49373,-9.5974,-6.7522,3.1884,-6.2618,NaN,NaN,NaN,NaN,NaN
346.7,-24.478,-19.801,45.167,-1.0348,0.08725,-8.8858,-6.6929,1.9867,-6.1091,0,0,0,NaN,NaN,NaN,NaN,NaN,NaN,NaN,NaN,NaN,47.63,0,3039.5,0.0064211,NaN,NaN,NaN,NaN,NaN,-1,-1,-1.5899,-0.48045,-9.584,-6.697,3.2024,-6.1704,NaN,NaN,NaN,NaN,NaN
346.7,-24.488,-19.799,45.149,-2.1885,-0.5951,-9.7962,-6.5587,3.5211,-6.3475,0,0,0,NaN,NaN,NaN,NaN,NaN,NaN,NaN,NaN,NaN,47.63,0,3039.5,0.0064211,NaN,NaN,NaN,NaN,16.732,97787,11.688,-1.6037,-0.47134,-9.583,-6.6517,3.2264,-6.0794,NaN,NaN,NaN,NaN,NaN
346.71,-24.498,-19.795,45.13,-1.5458,-0.53285,-9.3911,-7.0564,3.9945,-6.1992,0.65682,0.51824,-0.69642,15.11,11.249,-5.85,19.725,40.059,-88.55,3.6779e+05,4.4354e+06,254.15,47.63,0,3039.5,0.0064211,NaN,NaN,NaN,NaN,NaN,-1,-1,-1.6003,-0.45839,-9.5623,-6.6153,3.1345,-5.9977,19.524,2.7822,0.3778,1.1085,8.1086
346.71,-24.51,-19.798,45.114,-1.6184,-0.074336,-9.8533,-7.2695,1.5386,-6.3973,0,0,0,NaN,NaN,NaN,NaN,NaN,NaN,NaN,NaN,NaN,47.63,0,3039.5,0.0064211,NaN,NaN,NaN,NaN,NaN,-1,-1,-1.5988,-0.46196,-9.552,-6.5838,3.0109,-5.9071,NaN,NaN,NaN,NaN,NaN
346.71,-24.532,-19.792,45.079,-1.0876,-0.45061,-8.605,-7.3615,3.2009,-5.859,0,0,0,NaN,NaN,NaN,NaN,NaN,NaN,NaN,NaN,NaN,47.63,0,3225.2,0.0064211,0.80099,2.602,0.63594,0.09656,16.541,97803,11.75,-1.5881,-0.45744,-9.4502,-6.5734,3.0217,-5.8361,NaN,NaN,NaN,NaN,NaN
346.71,-24.542,-19.792,45.062,-1.9625,-0.34259,-10.288,-6.6594,2.3515,-6.0232,0.64793,0.52774,-0.70166,NaN,NaN,NaN,NaN,NaN,NaN,NaN,NaN,NaN,47.63,0,3225.2,0.0064211,NaN,NaN,NaN,NaN,NaN,-1,-1,-1.6058,-0.45253,-9.4679,-6.586,2.9808,-5.7567,NaN,NaN,NaN,NaN,NaN
346.72,-24.562,-19.789,45.028,-1.3527,-0.92276,-10.038,-6.0624,1.7308,-5.7156,0,0,0,NaN,NaN,NaN,NaN,NaN,NaN,NaN,NaN,NaN,47.63,0,3225.2,0.0064211,NaN,NaN,NaN,NaN,NaN,-1,-1,-1.6046,-0.44774,-9.4489,-6.5965,2.8469,-5.7029,NaN,NaN,NaN,NaN,NaN
346.72,-24.571,-19.788,45.012,-2.1015,0.17294,-8.9154,-6.2611,2.8957,-5.6354,0,0,0,NaN,NaN,NaN,NaN,NaN,NaN,NaN,NaN,NaN,47.63,0,3225.2,0.0064211,NaN,NaN,NaN,NaN,16.564,97789,11.688,-1.6094,-0.44462,-9.4459,-6.5919,2.8123,-5.6442,NaN,NaN,NaN,NaN,NaN
346.72,-24.581,-19.78,44.993,-1.5422,-0.93932,-10.533,-6.741,5.6825,-5.3439,0.66888,0.52769,-0.69533,NaN,NaN,NaN,NaN,NaN,NaN,NaN,NaN,NaN,47.63,0,3039.5,0.0064211,0.79989,NaN,0.7114,NaN,NaN,-1,-1,-1.6174,-0.43464,-9.4619,-6.5748,2.8344,-5.5856,NaN,NaN,NaN,NaN,NaN
346.72,-24.592,-19.78,44.978,-1.4071,0.2332,-7.9588,-7.0406,2.2715,-5.6411,0,0,0,NaN,NaN,NaN,NaN,NaN,NaN,NaN,NaN,NaN,47.63,0,3039.5,0.0064211,NaN,2.4797,NaN,0.049945,16.537,97762,11.563,-1.6112,-0.43996,-9.3747,-6.5397,2.8454,-5.5249,NaN,NaN,NaN,NaN,NaN
346.73,-24.603,-19.781,44.964,-1.8283,-0.009157,-10.986,-6.74,1.7162,-5.7028,0,0,0,NaN,NaN,NaN,NaN,NaN,NaN,NaN,NaN,NaN,47.63,0,3039.5,0.0064211,NaN,NaN,NaN,NaN,NaN,-1,-1,-1.6034,-0.42894,-9.36,-6.4863,2.7308,-5.4502,NaN,NaN,NaN,NaN,NaN
346.73,-24.614,-19.774,44.945,-1.7125,-0.87275,-8.6649,-7.3628,5.3379,-5.4298,0,0,0,NaN,NaN,NaN,NaN,NaN,NaN,NaN,NaN,NaN,47.63,0,3039.5,0.0064211,NaN,NaN,NaN,NaN,NaN,-1,-1,-1.6104,-0.4253,-9.3687,-6.415,2.8048,-5.3759,NaN,NaN,NaN,NaN,NaN
346.73,-24.626,-19.774,44.929,-1.4757,0.00534,-8.6784,-7.1967,2.4247,-5.8602,0.66873,0.51796,-0.69757,NaN,NaN,NaN,NaN,NaN,NaN,NaN,NaN,NaN,47.63,0,3039.5,0.0064211,NaN,NaN,NaN,NaN,16.47,97814,11.813,-1.6203,-0.41968,-9.3788,-6.3673,2.8331,-5.2984,NaN,NaN,NaN,NaN,NaN
346.73,-24.638,-19.774,44.913,-1.9875,-0.59652,-10.482,-7.0619,2.2311,-5.6447,0,0,0,NaN,NaN,NaN,NaN,NaN,NaN,NaN,NaN,NaN,47.63,0,3039.5,0.0064211,NaN,NaN,NaN,NaN,NaN,-1,-1,-1.6164,-0.40396,-9.3578,-6.3187,2.7265,-5.2367,NaN,NaN,NaN,NaN,NaN
346.74,-24.649,-19.769,44.897,-1.7542,-0.87586,-8.3266,-7.0045,4.3574,-5.3998,0,0,0,NaN,NaN,NaN,NaN,NaN,NaN,NaN,NaN,NaN,47.63,0,3039.5,0.0064211,NaN,NaN,NaN,NaN,NaN,-1,-1,-1.6235,-0.39039,-9.3508,-6.26,2.7977,-5.1813,NaN,NaN,NaN,NaN,NaN
346.74,-24.659,-19.77,44.882,-1.6204,0.042426,-10.308,-6.4831,1.9753,-5.419,0,0,0,NaN,NaN,NaN,NaN,NaN,NaN,NaN,NaN,NaN,47.63,0,3039.5,0.0064211,NaN,NaN,NaN,NaN,16.563,97797,11.688,-1.626,-0.39486,-9.3487,-6.2675,2.718,-5.1112,NaN,NaN,NaN,NaN,NaN
346.74,0,0,0,0,0,0,0,0,0,0,0,0,NaN,NaN,NaN,NaN,NaN,NaN,NaN,NaN,NaN,47.63,0,3039.5,0.0064211,NaN,NaN,NaN,NaN,NaN,-1,-1,-1.6383,-0.39123,-9.3524,-6.2359,2.8284,-5.0643,NaN,NaN,NaN,NaN,NaN
346.74,-24.668,-19.765,44.864,-1.2679,0.16501,-9.245,-6.5293,4.4541,-5.5941,0.65729,0.52521,-0.70082,NaN,NaN,NaN,NaN,NaN,NaN,NaN,NaN,NaN,47.63,0,3039.5,0.0064211,NaN,NaN,NaN,NaN,16.633,97785,11.625,-1.6442,-0.37834,-9.3534,-6.2016,2.8117,-5.0238,NaN,NaN,NaN,NaN,NaN
346.75,-24.677,-19.763,44.848,-1.4307,-1.4956,-9.7767,-5.8133,2.9443,-5.5007,0,0,0,NaN,NaN,NaN,NaN,NaN,NaN,NaN,NaN,NaN,47.63,0,3039.5,0.0064211,NaN,NaN,NaN,NaN,NaN,-1,-1,-1.644,-0.37251,-9.3313,-6.1578,2.7077,-4.9799,NaN,NaN,NaN,NaN,NaN
346.75,-24.686,-19.762,44.834,-1.9336,0.034718,-9.3682,-6.2269,2.7125,-5.1768,0,0,0,NaN,NaN,NaN,NaN,NaN,NaN,NaN,NaN,NaN,47.63,0,3039.5,0.0064211,0.86231,2.5095,0.70714,0.018313,NaN,-1,-1,-1.6454,-0.36084,-9.331,-6.0767,2.8155,-4.9144,NaN,NaN,NaN,NaN,NaN
346.75,-24.706,-19.754,44.803,-0.65964,-0.088856,-8.5258,-6.6787,2.4682,-4.8546,0.66645,0.5204,-0.69777,NaN,NaN,NaN,NaN,NaN,NaN,NaN,NaN,NaN,47.63,0,3039.5,0.0064211,NaN,NaN,NaN,NaN,16.631,97758,11.5,-1.6534,-0.36299,-9.3391,-5.9796,2.8336,-4.8603,NaN,NaN,NaN,NaN,NaN
346.75,-24.717,-19.756,44.79,-2.1318,-0.31021,-10.536,-6.4109,1.2681,-5.0232,0,0,0,NaN,NaN,NaN,NaN,NaN,NaN,NaN,NaN,NaN,47.63,0,3039.5,0.0064211,NaN,NaN,NaN,NaN,NaN,-1,-1,-1.6592,-0.35379,-9.3145,-5.908,2.8021,-4.8075,NaN,NaN,NaN,NaN,NaN
346.76,-24.737,-19.746,44.759,-1.1206,0.15341,-8.5468,-6.3315,1.9296,-5.1846,0,0,0,NaN,NaN,NaN,NaN,NaN,NaN,NaN,NaN,NaN,47.63,0,3039.5,0.0064211,NaN,NaN,NaN,NaN,NaN,-1,-1,-1.6603,-0.34645,-9.3086,-5.8031,2.8554,-4.7464,NaN,NaN,NaN,NaN,NaN
346.76,-24.687,-19.761,44.742,-1.9449,-0.7803,-9.6162,-6.1846,0.70273,-5.1612,0.65669,0.51836,-0.6942,NaN,NaN,NaN,NaN,NaN,NaN,NaN,NaN,NaN,47.63,0,3039.5,0.0064211,0.79059,2.4874,0.72479,0.044118,16.561,97763,11.563,-1.6533,-0.32983,-9.2865,-5.7,2.8115,-4.6922,NaN,NaN,NaN,NaN,NaN
346.76,-24.696,-19.753,44.725,-1.8437,-0.90313,-10.94,-6.114,5.6092,-4.963,0,0,0,NaN,NaN,NaN,NaN,NaN,NaN,NaN,NaN,NaN,47.63,0,3039.5,0.0064211,0.79059,2.4874,0.72479,0.044118,NaN,-1,-1,-1.6589,-0.31969,-9.2861,-5.6186,2.9231,-4.6478,NaN,NaN,NaN,NaN,NaN
346.76,-24.705,-19.748,44.71,-1.6307,-0.065586,-7.6956,-6.0645,4.216,-4.8627,0,0,0,NaN,NaN,NaN,NaN,NaN,NaN,NaN,NaN,NaN,47.63,0,3039.5,0.0064211,NaN,NaN,NaN,NaN,16.68,97772,11.563,-1.6595,-0.32239,-9.2746,-5.5546,2.8966,-4.6152,NaN,NaN,NaN,NaN,NaN
346.77,-24.713,-19.748,44.698,-1.1335,0.20357,-9.1116,-5.3706,1.8953,-4.5852,0,0,0,NaN,NaN,NaN,NaN,NaN,NaN,NaN,NaN,NaN,47.63,0,3039.5,0.0064211,NaN,NaN,NaN,NaN,NaN,-1,-1,-1.6675,-0.3094,-9.2361,-5.5064,2.8835,-4.595,NaN,NaN,NaN,NaN,NaN
346.77,-24.72,-19.747,44.683,-1.8414,-1.0717,-10.323,-4.9023,2.0416,-4.9576,0.65015,0.5229,-0.70147,NaN,NaN,NaN,NaN,NaN,NaN,NaN,NaN,NaN,47.63,0,3039.5,0.0064211,NaN,NaN,NaN,NaN,NaN,-1,-1,-1.6639,-0.30266,-9.2057,-5.4496,2.9394,-4.5631,NaN,NaN,NaN,NaN,NaN
346.77,-24.727,-19.742,44.669,-1.7686,0.34013,-9.9926,-5.2066,4.1097,-4.3117,0,0,0,NaN,NaN,NaN,NaN,NaN,NaN,NaN,NaN,NaN,47.63,0,3039.5,0.0064211,NaN,NaN,NaN,NaN,16.514,97799,11.688,-1.6636,-0.28692,-9.194,-5.4006,2.919,-4.5374,NaN,NaN,NaN,NaN,NaN
346.77,-24.734,-19.735,44.654,-1.8514,-0.55733,-8.044,-5.1301,5.0016,-4.4114,0,0,0,NaN,NaN,NaN,NaN,NaN,NaN,NaN,NaN,NaN,47.63,0,3039.5,0.0064211,NaN,NaN,NaN,NaN,NaN,-1,-1,-1.6647,-0.28115,-9.1777,-5.2824,2.8589,-4.5125,NaN,NaN,NaN,NaN,NaN
346.78,-24.743,-19.736,44.644,-1.1684,-0.16139,-8.6512,-5.3243,1.0081,-4.2598,0,0,0,NaN,NaN,NaN,NaN,NaN,NaN,NaN,NaN,NaN,47.63,0,3039.5,0.0064211,0.80373,2.6121,0.64325,0.097392,NaN,-1,-1,-1.6677,-0.2833,-9.121,-5.1865,2.9063,-4.482,NaN,NaN,NaN,NaN,NaN
346.78,-24.751,-19.732,44.629,-2.0438,0.57744,-11.496,-5.2051,3.408,-4.418,0.65931,0.52302,-0.69619,NaN,NaN,NaN,NaN,NaN,NaN,NaN,NaN,NaN,47.63,0,3039.5,0.0064211,NaN,NaN,NaN,NaN,16.345,97775,11.625,-1.6628,-0.27171,-9.099,-5.1115,2.952,-4.4321,NaN,NaN,NaN,NaN,NaN
346.78,-24.757,-19.725,44.614,-1.8543,-1.0124,-7.8868,-5.0723,5.016,-4.5039,0,0,0,NaN,NaN,NaN,NaN,NaN,NaN,NaN,NaN,NaN,47.63,0,3039.5,0.0064211,NaN,NaN,NaN,NaN,16.562,97760,11.563,-1.6649,-0.25181,-9.072,-5.0255,2.9631,-4.3998,NaN,NaN,NaN,NaN,NaN
346.78,-24.766,-19.727,44.603,-1.2106,-0.019777,-8.9424,-5.5569,0.98617,-4.4988,0,0,0,NaN,NaN,NaN,NaN,NaN,NaN,NaN,NaN,NaN,47.63,0,3039.5,0.0064211,NaN,NaN,NaN,NaN,NaN,-1,-1,-1.6636,-0.25168,-9.0297,-4.9384,2.9794,-4.3632,NaN,NaN,NaN,NaN,NaN
346.79,-24.775,-19.725,44.591,-2.1718,-0.075128,-9.9176,-5.4159,2.3684,-4.25,0,0,0,NaN,NaN,NaN,NaN,NaN,NaN,NaN,NaN,NaN,47.63,0,3039.5,0.0064211,0.79332,NaN,0.63594,NaN,NaN,-1,-1,-1.6798,-0.24641,-9.089,-4.8827,3.0408,-4.3335,NaN,NaN,NaN,NaN,NaN
346.79,-24.782,-19.717,44.575,-1.9847,-1.2125,-8.9206,-5.0648,5.2559,-4.1497,0.66181,0.52779,-0.69596,NaN,NaN,NaN,NaN,NaN,NaN,NaN,NaN,NaN,47.63,0,3039.5,0.0064211,NaN,2.6055,NaN,0.091565,16.687,97816,11.813,-1.6724,-0.24336,-9.0715,-4.8433,3.0159,-4.3205,NaN,NaN,NaN,NaN,NaN
346.79,-24.789,-19.717,44.564,-1.2508,0.12563,-8.9451,-5.0051,1.6294,-4.282,0,0,0,NaN,NaN,NaN,NaN,NaN,NaN,NaN,NaN,NaN,47.63,0,3072.4,0.0064211,NaN,NaN,NaN,NaN,NaN,-1,-1,-1.6804,-0.2273,-9.0384,-4.8373,3.0339,-4.3062,NaN,NaN,NaN,NaN,NaN
346.79,-24.798,-19.709,44.537,-1.6703,-1.0515,-9.1842,-3.6882,4.4811,-4.4621,0,0,0,NaN,NaN,NaN,NaN,NaN,NaN,NaN,NaN,NaN,47.63,0,3072.4,0.0064211,NaN,NaN,NaN,NaN,16.752,97768,11.563,-1.6946,-0.21967,-9.1096,-4.8183,3.125,-4.3037,NaN,NaN,NaN,NaN,NaN
346.8,-24.805,-19.71,44.526,-1.6109,-0.30879,-9.1865,-4.324,1.3485,-3.933,0.66402,0.51803,-0.69799,NaN,NaN,NaN,NaN,NaN,NaN,NaN,NaN,NaN,47.63,0,3072.4,0.0064211,NaN,NaN,NaN,NaN,NaN,-1,-1,-1.6909,-0.2043,-9.0953,-4.7788,3.0641,-4.2837,NaN,NaN,NaN,NaN,NaN
346.8,-24.81,-19.706,44.514,-2.2888,0.62977,-9.6647,-4.0318,3.1082,-3.9057,0,0,0,NaN,NaN,NaN,NaN,NaN,NaN,NaN,NaN,NaN,47.63,0,3072.4,0.0064211,NaN,NaN,NaN,NaN,NaN,-1,-1,-1.6882,-0.20027,-9.0729,-4.5075,2.9098,-4.0758,NaN,NaN,NaN,NaN,NaN
346.8,-24.815,-19.699,44.501,-1.2927,-0.23704,-8.745,-4.2351,4.7238,-3.7937,0,0,0,NaN,NaN,NaN,NaN,NaN,NaN,NaN,NaN,NaN,47.63,0,3072.4,0.0064211,0.8207,2.6109,0.65237,0.078247,16.775,97793,11.625,-1.6911,-0.19012,-9.0835,-4.4443,3.0548,-4.0301,NaN,NaN,NaN,NaN,NaN
346.8,-24.821,-19.698,44.489,-1.4465,-0.56976,-8.4555,-4.4683,2.1594,-4.2798,0,0,0,NaN,NaN,NaN,NaN,NaN,NaN,NaN,NaN,NaN,47.63,0,3072.4,0.0064211,NaN,NaN,NaN,NaN,NaN,-1,-1,-1.6899,-0.18196,-9.0562,-4.3549,3.1029,-3.9866,NaN,NaN,NaN,NaN,NaN
346.81,-24.828,-19.696,44.477,-2.4179,0.25571,-9.1394,-4.3568,2.2726,-3.9982,0.6546,0.52308,-0.69661,NaN,NaN,NaN,NaN,NaN,NaN,NaN,NaN,NaN,47.63,0,3072.4,0.0064211,NaN,NaN,NaN,NaN,NaN,-1,-1,-1.6889,-0.16645,-9.0529,-4.2582,2.9829,-3.9398,NaN,NaN,NaN,NaN,NaN
346.81,-24.833,-19.693,44.465,-1.3352,0.067493,-10.326,-4.1292,2.8328,-4.0611,0,0,0,NaN,NaN,NaN,NaN,NaN,NaN,NaN,NaN,NaN,47.63,0,3072.4,0.0064211,NaN,NaN,NaN,NaN,16.563,97776,11.625,-1.6846,-0.15848,-9.0301,-4.2077,3.0176,-3.8841,NaN,NaN,NaN,NaN,NaN
346.81,-24.839,-19.689,44.452,-1.7102,-0.95115,-8.0432,-4.5696,3.5551,-4.0068,0,0,0,NaN,NaN,NaN,NaN,NaN,NaN,NaN,NaN,NaN,47.63,0,3072.4,0.0064211,NaN,NaN,NaN,NaN,NaN,-1,-1,-1.693,-0.14634,-9.0234,-4.1518,2.9066,-3.833,NaN,NaN,NaN,NaN,NaN
346.81,-24.846,-19.684,44.439,-1.8243,-0.70881,-8.7317,-4.8683,3.7505,-4.001,0,0,0,NaN,NaN,NaN,NaN,NaN,NaN,NaN,NaN,NaN,47.63,0,3072.4,0.0064211,0.80099,2.6127,0.63838,0.091565,16.608,97772,11.563,-1.6874,-0.13806,-8.9974,-4.1098,2.8674,-3.7937,NaN,NaN,NaN,NaN,NaN
346.82,-24.852,-19.686,44.429,-1.9913,0.87414,-9.987,-4.0283,0.41047,-4.076,0.65918,0.51821,-0.6962,NaN,NaN,NaN,NaN,NaN,NaN,NaN,NaN,NaN,47.63,0,3072.4,0.0064211,NaN,NaN,NaN,NaN,NaN,-1,-1,-1.6938,-0.13588,-9.0076,-4.1005,2.8525,-3.7582,NaN,NaN,NaN,NaN,NaN
346.82,-24.856,-19.678,44.416,-1.1143,-0.25157,-9.0828,-3.9041,5.1831,-3.6989,0,0,0,NaN,NaN,NaN,NaN,NaN,NaN,NaN,NaN,NaN,47.63,0,3072.4,0.0064211,NaN,NaN,NaN,NaN,NaN,-1,-1,-1.7083,-0.13634,-9.0132,-4.0939,2.8774,-3.7279,NaN,NaN,NaN,NaN,NaN
346.82,-24.861,-19.675,44.405,-1.3596,-1.3465,-8.7925,-3.6106,2.5078,-3.639,0,0,0,NaN,NaN,NaN,NaN,NaN,NaN,NaN,NaN,NaN,47.63,0,3072.4,0.0064211,NaN,NaN,NaN,NaN,16.634,97783,11.625,-1.702,-0.13198,-8.9906,-4.0896,2.8772,-3.7052,NaN,NaN,NaN,NaN,NaN
346.82,-24.867,-19.674,44.395,-2.1334,0.60206,-9.2946,-4,1.8192,-3.5267,0,0,0,NaN,NaN,NaN,NaN,NaN,NaN,NaN,NaN,NaN,47.63,0,3072.4,0.0064211,0.80756,2.6121,0.64994,0.07242,NaN,-1,-1,-1.7026,-0.12624,-8.989,-4.0471,2.881,-3.6793,NaN,NaN,NaN,NaN,NaN
346.83,-24.869,-19.67,44.383,-2.3183,0.046448,-9.7054,-3.012,3.1298,-3.5566,0.6614,0.5183,-0.69378,NaN,NaN,NaN,NaN,NaN,NaN,NaN,NaN,NaN,47.63,0,3072.4,0.0064211,0.80756,2.6121,0.64994,0.07242,NaN,-1,-1,-1.7024,-0.12783,-8.9847,-4.0097,2.863,-3.6509,NaN,NaN,NaN,NaN,NaN
346.83,-24.876,-19.665,44.372,-0.89506,-0.45441,-6.625,-4.3503,3.6,-3.2586,0,0,0,NaN,NaN,NaN,NaN,NaN,NaN,NaN,NaN,NaN,47.63,0,3072.4,0.0064211,NaN,NaN,NaN,NaN,16.635,97775,11.625,-1.6996,-0.11294,-8.9828,-3.9636,2.8183,-3.6048,NaN,NaN,NaN,NaN,NaN
346.83,-24.881,-19.664,44.364,-1.5863,0.75546,-11.105,-3.8215,1.3088,-3.3285,0,0,0,NaN,NaN,NaN,NaN,NaN,NaN,NaN,NaN,NaN,47.63,0,3072.4,0.0064211,NaN,NaN,NaN,NaN,NaN,-1,-1,-1.7077,-0.10705,-8.97,-3.9266,2.9388,-3.5654,NaN,NaN,NaN,NaN,NaN
346.83,-24.885,-19.657,44.351,-2.8008,-0.46417,-8.408,-3.6355,4.4367,-3.6252,0,0,0,NaN,NaN,NaN,NaN,NaN,NaN,NaN,NaN,NaN,47.63,0,3072.4,0.0064211,NaN,NaN,NaN,NaN,16.752,97810,11.688,-1.7064,-0.10669,-8.9626,-3.8826,2.956,-3.5194,NaN,NaN,NaN,NaN,NaN
346.84,-24.892,-19.655,44.34,-1.029,-0.51995,-8.8672,-4.3947,2.4224,-3.4343,0.66827,0.51592,-0.69093,NaN,NaN,NaN,NaN,NaN,NaN,NaN,NaN,NaN,47.63,0,3072.4,0.0064211,NaN,NaN,NaN,NaN,NaN,-1,-1,-1.7155,-0.095967,-8.9597,-3.8589,2.8804,-3.4771,NaN,NaN,NaN,NaN,NaN
346.84,-24.899,-19.655,44.331,-1.6255,0.19328,-8.0332,-4.3765,1.2809,-3.7376,0,0,0,NaN,NaN,NaN,NaN,NaN,NaN,NaN,NaN,NaN,47.63,0,3072.4,0.0064211,NaN,NaN,NaN,NaN,NaN,-1,-1,-1.7082,-0.099783,-8.9584,-3.8298,2.905,-3.45,NaN,NaN,NaN,NaN,NaN
346.84,-24.905,-19.65,44.32,-2.4312,-0.29483,-9.9325,-4.358,3.6052,-3.3529,0,0,0,NaN,NaN,NaN,NaN,NaN,NaN,NaN,NaN,NaN,47.63,0,3072.4,0.0064211,0.79935,2.6085,0.63838,0.088236,16.61,97803,11.688,-1.7172,-0.084684,-8.966,-3.8464,2.9546,-3.4251,NaN,NaN,NaN,NaN,NaN
346.84,-24.91,-19.644,44.308,-1.3354,-0.15981,-9.0278,-4.0487,3.6698,-3.3838,0,0,0,NaN,NaN,NaN,NaN,NaN,NaN,NaN,NaN,NaN,47.63,0,3072.4,0.0064211,NaN,NaN,NaN,NaN,NaN,-1,-1,-1.7113,-0.090047,-8.9441,-3.879,2.8653,-3.3915,NaN,NaN,NaN,NaN,NaN
346.85,-24.92,-19.64,44.288,-1.5849,0.42252,-8.8908,-3.1231,2.0801,-3.353,0,0,0,NaN,NaN,NaN,NaN,NaN,NaN,NaN,NaN,NaN,47.63,0,3072.4,0.0064211,NaN,NaN,NaN,NaN,NaN,-1,-1,-1.7103,-0.075231,-8.9151,-3.9216,2.9038,-3.3621,NaN,NaN,NaN,NaN,NaN
346.85,-24.926,-19.637,44.28,-1.7223,-0.71182,-10.025,-3.6269,1.9253,-2.8112,0,0,0,NaN,NaN,NaN,NaN,NaN,NaN,NaN,NaN,NaN,47.63,0,3072.4,0.0064211,NaN,NaN,NaN,NaN,16.704,97793,11.625,-1.7117,-0.069282,-8.9465,-3.9526,2.8894,-3.3312,NaN,NaN,NaN,NaN,NaN
346.85,-24.93,-19.631,44.268,-2.3813,0.13737,-9.1537,-3.9519,4.213,-3.4096,0,0,0,NaN,NaN,NaN,NaN,NaN,NaN,NaN,NaN,NaN,47.63,0,3072.4,0.0064211,NaN,2.5996,NaN,0.094062,16.752,97793,11.625,-1.7047,-0.06789,-8.9489,-3.9367,2.9588,-3.322,NaN,NaN,NaN,NaN,NaN
346.85,-24.935,-19.622,44.255,-1.2869,0.53312,-7.5826,-3.9081,4.9988,-3.1176,0.64748,0.53062,-0.6928,NaN,NaN,NaN,NaN,NaN,NaN,NaN,NaN,NaN,47.63,0,3072.4,0.0064211,NaN,2.5996,NaN,0.094062,NaN,-1,-1,-1.7097,-0.065897,-8.9279,-3.9314,2.8466,-3.2811,NaN,NaN,NaN,NaN,NaN
346.86,-24.941,-19.624,44.248,-1.3862,-0.12629,-8.6946,-3.6728,0.278,-3.3672,0,0,0,NaN,NaN,NaN,NaN,NaN,NaN,NaN,NaN,NaN,47.63,0,3072.4,0.0064211,NaN,NaN,NaN,NaN,NaN,-1,-1,-1.7068,-0.051583,-8.9048,-3.9179,2.867,-3.2308,NaN,NaN,NaN,NaN,NaN
346.86,-24.947,-19.624,44.239,-2.6327,0.23005,-9.5341,-3.8623,1.3887,-3.3681,0,0,0,NaN,NaN,NaN,NaN,NaN,NaN,NaN,NaN,NaN,47.63,0,3072.4,0.0064211,NaN,NaN,NaN,NaN,NaN,-1,-1,-1.7074,-0.039151,-8.9135,-3.9201,2.9979,-3.1892,NaN,NaN,NaN,NaN,NaN
346.86,-24.953,-19.612,44.225,-1.2862,-0.30648,-9.2949,-4.7096,6.4052,-3.2636,0,0,0,NaN,NaN,NaN,NaN,NaN,NaN,NaN,NaN,NaN,47.63,0,3072.4,0.0064211,NaN,NaN,NaN,NaN,16.917,97776,11.563,-1.7128,-0.040959,-8.9056,-3.9247,2.9313,-3.1566,NaN,NaN,NaN,NaN,NaN
346.86,-24.966,-19.612,44.207,-2.2588,-0.17914,-10.848,-4.1423,1.7139,-3.2672,0,0,0,NaN,NaN,NaN,NaN,NaN,NaN,NaN,NaN,NaN,47.63,0,3072.4,0.0064211,NaN,NaN,NaN,NaN,NaN,-1,-1,-1.7082,-0.040724,-8.8842,-3.9204,2.8435,-3.1263,NaN,NaN,NaN,NaN,NaN
346.87,-24.972,-19.604,44.195,-1.6607,0.15409,-8.4728,-4.4109,4.7019,-3.3652,0,0,0,NaN,NaN,NaN,NaN,NaN,NaN,NaN,NaN,NaN,47.63,0,3072.4,0.0064211,0.86067,2.5155,0.7114,-0.0041621,NaN,-1,-1,-1.7049,-0.035027,-8.8787,-3.9028,2.8982,-3.1109,NaN,NaN,NaN,NaN,NaN
346.87,-24.978,-19.6,44.184,-1.2121,-0.18734,-7.7814,-4.2872,3.1117,-3.2974,0,0,0,NaN,NaN,NaN,NaN,NaN,NaN,NaN,NaN,NaN,47.63,0,3072.4,0.0064211,NaN,NaN,NaN,NaN,16.749,97765,11.5,-1.7147,-0.031781,-8.891,-3.9538,2.9473,-3.1015,NaN,NaN,NaN,NaN,NaN
346.87,-24.983,-19.602,44.176,-1.8207,0.37624,-9.8788,-3.4199,0.51996,-3.3153,0.6546,0.52308,-0.69661,NaN,NaN,NaN,NaN,NaN,NaN,NaN,NaN,NaN,47.63,0,3072.4,0.0064211,NaN,NaN,NaN,NaN,NaN,-1,-1,-1.7047,-0.011546,-8.8683,-4.0157,2.9673,-3.097,NaN,NaN,NaN,NaN,NaN
346.87,-24.987,-19.595,44.165,-2.005,-0.55622,-10.1,-3.4337,4.1142,-3.0829,0,0,0,NaN,NaN,NaN,NaN,NaN,NaN,NaN,NaN,NaN,47.63,0,3072.4,0.0064211,NaN,NaN,NaN,NaN,16.823,97771,11.563,-1.7027,-0.0014116,-8.87,-4.0634,2.928,-3.0881,NaN,NaN,NaN,NaN,NaN
346.88,-24.992,-19.588,44.154,-2.1021,0.26575,-7.896,-3.5015,4.1588,-2.8076,0,0,0,NaN,NaN,NaN,NaN,NaN,NaN,NaN,NaN,NaN,47.63,0,3072.4,0.0064211,NaN,NaN,NaN,NaN,NaN,-1,-1,-1.7042,-0.0057681,-8.8869,-4.0915,2.9004,-3.0816,NaN,NaN,NaN,NaN,NaN
346.88,-24.999,-19.586,44.147,-1.0319,0.58616,-7.9928,-4.1597,1.7264,-2.6,0,0,0,NaN,NaN,NaN,NaN,NaN,NaN,NaN,NaN,NaN,47.63,0,3072.4,0.0064211,NaN,NaN,NaN,NaN,NaN,-1,-1,-1.7028,0.0066564,-8.8987,-4.104,2.8784,-3.0592,NaN,NaN,NaN,NaN,NaN
346.88,-25.004,-19.584,44.137,-1.8364,-0.39066,-10.873,-3.6436,2.0643,-3.0871,0.66164,0.52783,-0.69359,NaN,NaN,NaN,NaN,NaN,NaN,NaN,NaN,NaN,47.63,0,3072.4,0.0064211,NaN,NaN,NaN,NaN,16.915,97765,11.5,-1.7133,0.016868,-8.8959,-4.1382,2.8784,-3.0276,NaN,NaN,NaN,NaN,NaN
346.88,-25.01,-19.575,44.125,-2.4033,-0.12832,-8.1157,-4.3335,5.0839,-3.044,0,0,0,NaN,NaN,NaN,NaN,NaN,NaN,NaN,NaN,NaN,47.63,0,3072.4,0.0064211,NaN,NaN,NaN,NaN,NaN,-1,-1,-1.7056,0.015092,-8.8677,-4.1371,2.8401,-2.998,NaN,NaN,NaN,NaN,NaN
346.89,-25.017,-19.574,44.118,-1.0885,0.60534,-8.1857,-4.2021,1.4508,-2.9561,0,0,0,NaN,NaN,NaN,NaN,NaN,NaN,NaN,NaN,NaN,47.63,0,3072.4,0.0064211,NaN,NaN,NaN,NaN,NaN,-1,-1,-1.7047,0.019474,-8.8903,-4.1539,2.8491,-2.9647,NaN,NaN,NaN,NaN,NaN
346.89,-25.026,-19.576,44.111,-1.9921,-0.52781,-9.3463,-4.9102,0.082792,-3.0186,0,0,0,NaN,NaN,NaN,NaN,NaN,NaN,NaN,NaN,NaN,47.63,0,3072.4,0.0064211,NaN,NaN,NaN,NaN,16.704,97791,11.625,-1.7034,0.033546,-8.8783,-4.1687,2.8022,-2.9465,NaN,NaN,NaN,NaN,NaN
346.89,-25.032,-19.568,44.098,-2.4119,-0.37841,-10.461,-4.5403,5.0277,-3.1178,0.66366,0.52071,-0.69119,NaN,NaN,NaN,NaN,NaN,NaN,NaN,NaN,NaN,47.63,0,3072.4,0.0064211,0.7977,2.4862,0.70897,0.040788,NaN,-1,-1,-1.6947,0.034771,-8.8748,-4.2058,2.8448,-2.9312,NaN,NaN,NaN,NaN,NaN
346.89,-25.04,-19.56,44.088,-1.0359,0.28409,-6.8222,-4.8958,4.3153,-2.8121,0,0,0,NaN,NaN,NaN,NaN,NaN,NaN,NaN,NaN,NaN,47.63,0,3072.4,0.0064211,NaN,NaN,NaN,NaN,16.656,97749,11.5,-1.7004,0.035224,-8.8763,-4.2576,2.8175,-2.9136,NaN,NaN,NaN,NaN,NaN
346.9,-25.048,-19.564,44.083,-1.637,-0.014851,-9.2115,-4.3729,-0.68927,-2.7991,0,0,0,NaN,NaN,NaN,NaN,NaN,NaN,NaN,NaN,NaN,47.63,0,3072.4,0.0064211,NaN,NaN,NaN,NaN,NaN,-1,-1,-1.7007,0.049159,-8.8825,-4.3344,2.725,-2.9063,NaN,NaN,NaN,NaN,NaN
346.9,-25.054,-19.556,44.072,-1.9841,0.19032,-10.729,-4.0633,4.341,-2.8623,0,0,0,NaN,NaN,NaN,NaN,NaN,NaN,NaN,NaN,NaN,47.63,0,3072.4,0.0064211,NaN,NaN,NaN,NaN,NaN,-1,-1,-1.6939,0.057534,-8.8612,-4.3976,2.714,-2.8943,NaN,NaN,NaN,NaN,NaN
346.9,-25.059,-19.55,44.061,-1.4592,-0.36955,-8.7129,-3.5965,3.8733,-2.6426,0.65227,0.52543,-0.69666,NaN,NaN,NaN,NaN,NaN,NaN,NaN,NaN,NaN,47.62,0,3102.3,0.0064211,NaN,NaN,NaN,NaN,16.989,97806,11.688,-1.6871,0.059721,-8.8771,-4.4451,2.6891,-2.8903,NaN,NaN,NaN,NaN,NaN
346.9,-25.065,-19.548,44.053,-2.1156,0.32847,-8.1198,-4.0313,1.9522,-2.8433,0,0,0,NaN,NaN,NaN,NaN,NaN,NaN,NaN,NaN,NaN,47.62,0,3102.3,0.0064211,NaN,NaN,NaN,NaN,NaN,-1,-1,-1.6917,0.053976,-8.9046,-4.4645,2.7176,-2.8781,NaN,NaN,NaN,NaN,NaN
346.91,-25.072,-19.545,44.046,-1.4826,0.36877,-9.7864,-4.1902,2.1491,-2.4284,0,0,0,NaN,NaN,NaN,NaN,NaN,NaN,NaN,NaN,NaN,47.62,0,3102.3,0.0064211,0.79387,2.6002,0.62681,0.10821,NaN,-1,-1,-1.6908,0.060539,-8.8838,-4.6412,2.7703,-2.9253,NaN,NaN,NaN,NaN,NaN
346.91,-25.079,-19.537,44.035,-1.6609,0.18921,-9.5572,-4.555,4.5673,-2.876,0,0,0,NaN,NaN,NaN,NaN,NaN,NaN,NaN,NaN,NaN,47.62,0,3102.3,0.0064211,NaN,NaN,NaN,NaN,16.844,97790,11.563,-1.696,0.060257,-8.8924,-4.6453,2.7959,-2.8929,NaN,NaN,NaN,NaN,NaN
346.91,-25.086,-19.534,44.024,-2.1523,-0.13737,-7.1799,-4.6455,2.3309,-3.1998,0.65907,0.52065,-0.69383,NaN,NaN,NaN,NaN,NaN,NaN,NaN,NaN,NaN,47.62,0,3102.3,0.0064211,NaN,NaN,NaN,NaN,NaN,-1,-1,-1.7015,0.073442,-8.8984,-4.6342,2.8844,-2.8488,NaN,NaN,NaN,NaN,NaN
346.91,-25.094,-19.535,44.018,-1.4136,0.31595,-10.161,-4.4886,0.5529,-2.8894,0,0,0,NaN,NaN,NaN,NaN,NaN,NaN,NaN,NaN,NaN,47.62,0,3102.3,0.0064211,NaN,NaN,NaN,NaN,16.917,97797,11.625,-1.6924,0.074974,-8.8887,-4.6275,2.8141,-2.823,NaN,NaN,NaN,NaN,NaN
346.92,-25.102,-19.529,44.007,-1.7736,-0.058512,-10.123,-4.8319,3.8922,-3.2189,0,0,0,NaN,NaN,NaN,NaN,NaN,NaN,NaN,NaN,NaN,47.62,0,3102.3,0.0064211,NaN,NaN,NaN,NaN,NaN,-1,-1,-1.6982,0.089075,-8.9046,-4.633,2.6835,-2.7987,NaN,NaN,NaN,NaN,NaN
346.92,-25.11,-19.521,43.995,-2.3923,-0.98737,-8.1378,-5.2625,4.8337,-3.0332,0,0,0,NaN,NaN,NaN,NaN,NaN,NaN,NaN,NaN,NaN,47.62,0,3102.3,0.0064211,0.80099,NaN,0.63168,NaN,NaN,-1,-1,-1.6952,0.10468,-8.9046,-4.814,2.8709,-2.8528,NaN,NaN,NaN,NaN,NaN
346.92,-25.121,-19.521,43.987,-1.0081,0.84043,-8.0995,-5.7575,1.0748,-2.7481,0.66372,0.51819,-0.69341,NaN,NaN,NaN,NaN,NaN,NaN,NaN,NaN,NaN,47.62,0,3102.3,0.0064211,NaN,2.602,NaN,0.097392,16.704,97791,11.625,-1.6901,0.1057,-8.8864,-4.8142,2.7628,-2.8041,NaN,NaN,NaN,NaN,NaN
346.92,-25.129,-19.519,43.98,-1.7058,0.29107,-10.589,-4.3944,1.711,-2.5755,0,0,0,NaN,NaN,NaN,NaN,NaN,NaN,NaN,NaN,NaN,47.62,0,3102.3,0.0064211,NaN,NaN,NaN,NaN,NaN,-1,-1,-1.6856,0.11142,-8.8946,-4.831,2.8824,-2.7647,NaN,NaN,NaN,NaN,NaN
346.93,-25.143,-19.504,43.959,-1.4635,-0.38212,-8.2281,-4.5613,2.8379,-2.4531,0,0,0,NaN,NaN,NaN,NaN,NaN,NaN,NaN,NaN,NaN,47.62,0,3102.3,0.0064211,NaN,NaN,NaN,NaN,NaN,-1,-1,-1.689,0.11589,-8.9255,-4.8342,2.7678,-2.7526,NaN,NaN,NaN,NaN,NaN
346.93,-25.15,-19.504,43.951,-2.5053,1.027,-8.8989,-4.2688,0.89674,-2.7387,0.65254,0.53012,-0.69886,NaN,NaN,NaN,NaN,NaN,NaN,NaN,NaN,NaN,47.62,0,3102.3,0.0064211,NaN,NaN,NaN,NaN,16.846,97798,11.625,-1.6935,0.12292,-8.9152,-4.7931,2.7261,-2.7387,NaN,NaN,NaN,NaN,NaN
346.93,-25.158,-19.494,43.94,-1.3264,0.092842,-10.329,-4.7604,5.3924,-2.3286,0,0,0,NaN,NaN,NaN,NaN,NaN,NaN,NaN,NaN,NaN,47.62,0,3102.3,0.0064211,0.80263,2.4868,0.71506,0.035794,16.94,97798,11.625,-1.6804,0.12539,-8.8995,-4.7602,2.6401,-2.712,NaN,NaN,NaN,NaN,NaN
346.93,-25.166,-19.489,43.931,-1.2813,0.35724,-8.4004,-4.9969,3.0943,-2.752,0,0,0,NaN,NaN,NaN,NaN,NaN,NaN,NaN,NaN,NaN,47.62,0,3102.3,0.0064211,NaN,NaN,NaN,NaN,NaN,-1,-1,-1.6862,0.13986,-8.9079,-4.7158,2.7429,-2.6715,NaN,NaN,NaN,NaN,NaN
346.94,-25.175,-19.488,43.924,-2.6136,0.28182,-9.2795,-4.7981,1.4774,-2.9834,0,0,0,NaN,NaN,NaN,NaN,NaN,NaN,NaN,NaN,NaN,47.62,0,3102.3,0.0064211,NaN,NaN,NaN,NaN,NaN,-1,-1,-1.6838,0.16186,-8.927,-4.6782,2.8149,-2.6144,NaN,NaN,NaN,NaN,NaN
346.94,-25.182,-19.482,43.912,-1.3955,-0.33106,-9.92,-4.8354,3.8127,-3.0517,0.66163,0.5229,-0.69582,14.647,12.151,-6.1833,20.01,40.059,-88.55,3.678e+05,4.4354e+06,252.61,47.62,0,3102.3,0.0064211,NaN,NaN,NaN,NaN,NaN,-1,-1,-1.6842,0.16123,-8.9386,-4.6044,2.7005,-2.5903,19.892,2.126,0.47133,1.3574,6.099
346.94,-25.192,-19.477,43.902,-1.5665,-0.49946,-8.3944,-5.7351,3.1281,-2.9345,0,0,0,NaN,NaN,NaN,NaN,NaN,NaN,NaN,NaN,NaN,47.62,0,3102.3,0.0064211,NaN,NaN,NaN,NaN,17.058,97815,11.688,-1.6808,0.16807,-8.9198,-4.5881,2.7508,-2.5562,NaN,NaN,NaN,NaN,NaN
346.94,-25.202,-19.474,43.895,-2.0741,0.8831,-9.3729,-5.5085,2.4099,-2.547,0,0,0,NaN,NaN,NaN,NaN,NaN,NaN,NaN,NaN,NaN,47.62,0,3102.3,0.0064211,NaN,NaN,NaN,NaN,NaN,-1,-1,-1.6861,0.17123,-8.9318,-4.5814,2.8136,-2.5203,NaN,NaN,NaN,NaN,NaN
346.95,-25.21,-19.47,43.886,-1.9582,-0.13015,-9.6318,-4.6931,2.8177,-2.7749,0,0,0,NaN,NaN,NaN,NaN,NaN,NaN,NaN,NaN,NaN,47.62,0,3102.3,0.0064211,0.80646,2.4868,0.71506,0.037458,NaN,-1,-1,-1.6874,0.18845,-8.942,-4.5887,2.7266,-2.5042,NaN,NaN,NaN,NaN,NaN
346.95,-25.219,-19.465,43.876,-1.315,0.021645,-9.589,-5.0501,3.0519,-2.7142,0.65928,0.52786,-0.69381,NaN,NaN,NaN,NaN,NaN,NaN,NaN,NaN,NaN,47.62,0,3102.3,0.0064211,NaN,NaN,NaN,NaN,16.754,97798,11.688,-1.6648,0.18657,-8.8624,-4.5767,2.7234,-2.5076,NaN,NaN,NaN,NaN,NaN
346.95,-25.226,-19.459,43.866,-1.2317,0.9989,-8.2613,-4.3591,3.767,-2.7928,0,0,0,NaN,NaN,NaN,NaN,NaN,NaN,NaN,NaN,NaN,47.62,0,3102.3,0.0064211,NaN,NaN,NaN,NaN,NaN,-1,-1,-1.6599,0.19793,-8.8656,-4.593,2.7904,-2.4964,NaN,NaN,NaN,NaN,NaN
346.95,-25.241,-19.451,43.849,-2.5334,0.4098,-10.071,-4.7884,3.753,-2.6209,0,0,0,NaN,NaN,NaN,NaN,NaN,NaN,NaN,NaN,NaN,47.62,0,3102.3,0.0064211,NaN,NaN,NaN,NaN,16.892,97806,11.625,-1.6662,0.20044,-8.8824,-4.5694,2.7521,-2.4854,NaN,NaN,NaN,NaN,NaN
346.96,-25.249,-19.442,43.838,-1.1521,0.9574,-7.6387,-5.0254,4.6945,-2.406,0.66359,0.51831,-0.6912,NaN,NaN,NaN,NaN,NaN,NaN,NaN,NaN,NaN,47.62,0,3102.3,0.0064211,NaN,NaN,NaN,NaN,NaN,-1,-1,-1.6512,0.21448,-8.8663,-4.5325,2.7674,-2.4759,NaN,NaN,NaN,NaN,NaN
346.96,-25.258,-19.44,43.831,-1.1716,-0.19251,-9.5936,-4.8751,1.5466,-2.6311,0,0,0,NaN,NaN,NaN,NaN,NaN,NaN,NaN,NaN,NaN,47.62,0,3102.3,0.0064211,0.79825,2.6008,0.64751,0.080744,NaN,-1,-1,-1.639,0.21465,-8.8041,-4.4813,2.9112,-2.4443,NaN,NaN,NaN,NaN,NaN
346.96,0,0,0,0,0,0,0,0,0,0,0,0,NaN,NaN,NaN,NaN,NaN,NaN,NaN,NaN,NaN,47.62,0,3102.3,0.0064211,NaN,NaN,NaN,NaN,16.989,97785,11.625,-1.6509,0.21198,-8.841,-4.4105,2.8767,-2.427,NaN,NaN,NaN,NaN,NaN
346.96,-25.267,-19.436,43.822,-2.7837,0.17688,-9.5809,-4.9328,2.8213,-2.7026,0,0,0,NaN,NaN,NaN,NaN,NaN,NaN,NaN,NaN,NaN,47.62,0,3102.3,0.0064211,NaN,NaN,NaN,NaN,NaN,-1,-1,-1.6652,0.22869,-8.8814,-4.3758,2.8991,-2.3939,NaN,NaN,NaN,NaN,NaN
346.97,-25.285,-19.426,43.802,-1.198,0.031818,-8.1267,-5.4132,2.039,-2.8389,0.66172,0.53515,-0.69136,NaN,NaN,NaN,NaN,NaN,NaN,NaN,NaN,NaN,47.62,0,3102.3,0.0064211,NaN,NaN,NaN,NaN,NaN,-1,-1,-1.6631,0.2253,-8.8725,-4.3586,2.9865,-2.374,NaN,NaN,NaN,NaN,NaN
346.97,-25.294,-19.424,43.795,-2.3858,-0.58641,-9.958,-5.0903,1.8464,-2.6148,0,0,0,NaN,NaN,NaN,NaN,NaN,NaN,NaN,NaN,NaN,47.62,0,3102.3,0.0064211,NaN,NaN,NaN,NaN,16.776,97788,11.625,-1.6761,0.24647,-8.9229,-4.3428,2.8891,-2.3759,NaN,NaN,NaN,NaN,NaN
346.97,-25.302,-19.416,43.784,-1.8812,0.81828,-10.435,-4.8854,4.3962,-2.6574,0,0,0,NaN,NaN,NaN,NaN,NaN,NaN,NaN,NaN,NaN,47.62,0,3102.3,0.0064211,0.81084,2.6115,0.64994,0.076582,NaN,-1,-1,-1.6726,0.25949,-8.9323,-4.301,2.8224,-2.3771,NaN,NaN,NaN,NaN,NaN
346.97,0,0,0,0,0,0,0,0,0,0,0,0,NaN,NaN,NaN,NaN,NaN,NaN,NaN,NaN,NaN,47.62,0,3102.3,0.0064211,NaN,NaN,NaN,NaN,17.08,97824,11.688,-1.6693,0.26202,-8.9219,-4.2706,2.8216,-2.393,NaN,NaN,NaN,NaN,NaN
346.98,-25.308,-19.409,43.773,-1.0348,0.63944,-7.925,-4.3568,4.3007,-2.9156,0,0,0,NaN,NaN,NaN,NaN,NaN,NaN,NaN,NaN,NaN,47.62,0,3102.3,0.0064211,NaN,NaN,NaN,NaN,NaN,-1,-1,-1.6763,0.25872,-8.976,-4.2492,2.8759,-2.402,NaN,NaN,NaN,NaN,NaN
346.98,-25.315,-19.41,43.766,-1.5792,-0.53476,-9.7367,-4.0744,0.5014,-2.9143,0.65672,0.52069,-0.69404,NaN,NaN,NaN,NaN,NaN,NaN,NaN,NaN,NaN,47.62,0,3102.3,0.0064211,NaN,NaN,NaN,NaN,NaN,-1,-1,-1.6807,0.27417,-8.9836,-4.2411,2.8381,-2.3965,NaN,NaN,NaN,NaN,NaN
346.98,-25.329,-19.393,43.746,-1.9196,0.57889,-9.0561,-4.3105,6.3401,-2.1327,0,0,0,NaN,NaN,NaN,NaN,NaN,NaN,NaN,NaN,NaN,47.62,0,3102.3,0.0064211,NaN,NaN,NaN,NaN,17.06,97828,11.75,-1.6778,0.28474,-8.9814,-4.2078,2.7736,-2.3867,NaN,NaN,NaN,NaN,NaN
346.98,-25.337,-19.391,43.74,-1.0948,0.28567,-7.6164,-4.6828,1.6312,-2.2314,0,0,0,NaN,NaN,NaN,NaN,NaN,NaN,NaN,NaN,NaN,47.62,0,3102.3,0.0064211,0.85793,NaN,0.71445,NaN,NaN,-1,-1,-1.6795,0.28692,-8.9964,-4.1602,2.769,-2.3716,NaN,NaN,NaN,NaN,NaN
346.99,-25.304,-19.397,43.731,-2.1049,0.89201,-9.0325,-4.2529,6.7603,-2.4324,0,0,0,NaN,NaN,NaN,NaN,NaN,NaN,NaN,NaN,NaN,47.62,0,3102.3,0.0064211,NaN,2.5029,NaN,0.012486,NaN,-1,-1,-1.6822,0.30431,-9.0118,-4.0859,2.6976,-2.3655,NaN,NaN,NaN,NaN,NaN
346.99,-25.312,-19.395,43.723,-1.2035,-0.20238,-8.4084,-4.4378,1.7737,-2.6118,0,0,0,NaN,NaN,NaN,NaN,NaN,NaN,NaN,NaN,NaN,47.62,0,3102.3,0.0064211,NaN,NaN,NaN,NaN,16.916,97782,11.563,-1.6792,0.31829,-9.0248,-4.0346,2.7472,-2.3547,NaN,NaN,NaN,NaN,NaN
346.99,-25.321,-19.398,43.718,-2.0594,0.04545,-10.344,-4.8025,-0.1429,-2.9474,0,0,0,NaN,NaN,NaN,NaN,NaN,NaN,NaN,NaN,NaN,47.62,0,3102.3,0.0064211,NaN,NaN,NaN,NaN,NaN,-1,-1,-1.6792,0.30632,-9.0105,-4.0164,2.7613,-2.359,NaN,NaN,NaN,NaN,NaN
346.99,-25.329,-19.387,43.705,-2.0108,0.187,-10.451,-5.3874,5.5628,-2.5113,0.66184,0.53011,-0.6958,NaN,NaN,NaN,NaN,NaN,NaN,NaN,NaN,NaN,47.62,0,3102.3,0.0064211,NaN,NaN,NaN,NaN,17.248,97817,11.75,-1.6963,0.31542,-9.1275,-4.002,2.6871,-2.3764,NaN,NaN,NaN,NaN,NaN
347,-25.336,-19.38,43.694,-1.4584,0.38854,-7.6444,-4.332,4.2987,-2.8809,0,0,0,NaN,NaN,NaN,NaN,NaN,NaN,NaN,NaN,NaN,47.62,0,3102.3,0.0064211,NaN,NaN,NaN,NaN,NaN,-1,-1,-1.7063,0.32798,-9.1547,-3.9878,2.7425,-2.3977,NaN,NaN,NaN,NaN,NaN
347,-25.342,-19.382,43.688,-1.3259,0.5881,-9.2977,-3.7714,0.28086,-2.9971,0,0,0,NaN,NaN,NaN,NaN,NaN,NaN,NaN,NaN,NaN,47.62,0,3102.3,0.0064211,NaN,NaN,NaN,NaN,NaN,-1,-1,-1.7022,0.33478,-9.1378,-3.9959,2.7363,-2.4282,NaN,NaN,NaN,NaN,NaN
347,-25.348,-19.378,43.68,-1.7763,-0.15809,-11.239,-3.9364,2.6469,-2.587,0,0,0,NaN,NaN,NaN,NaN,NaN,NaN,NaN,NaN,NaN,47.62,0,3102.3,0.0064211,NaN,NaN,NaN,NaN,17.124,97759,11.438,-1.7024,0.33914,-9.1506,-4.0156,2.671,-2.4467,NaN,NaN,NaN,NaN,NaN
347,-25.354,-19.367,43.668,-1.8437,0.56968,-9.9631,-4.109,5.2756,-2.1484,0.6545,0.52552,-0.69424,NaN,NaN,NaN,NaN,NaN,NaN,NaN,NaN,NaN,47.62,0,3102.3,0.0064211,NaN,NaN,NaN,NaN,NaN,-1,-1,-1.7173,0.34911,-9.2043,-3.9818,2.7103,-2.4651,NaN,NaN,NaN,NaN,NaN
347.01,-25.359,-19.362,43.66,-2.0872,0.15397,-8.3496,-3.542,3.1823,-2.2755,0,0,0,NaN,NaN,NaN,NaN,NaN,NaN,NaN,NaN,NaN,47.62,0,3102.3,0.0064211,NaN,NaN,NaN,NaN,16.918,97791,11.625,-1.718,0.35245,-9.205,-3.9877,2.721,-2.4857,NaN,NaN,NaN,NaN,NaN
347.01,-25.367,-19.361,43.655,-1.0742,0.79736,-8.8676,-4.129,0.92899,-2.2342,0,0,0,NaN,NaN,NaN,NaN,NaN,NaN,NaN,NaN,NaN,47.62,0,3102.3,0.0064211,0.80208,2.4803,0.71201,0.049112,NaN,-1,-1,-1.718,0.34842,-9.1907,-3.9698,2.7329,-2.508,NaN,NaN,NaN,NaN,NaN
347.01,-25.373,-19.354,43.646,-2.2565,0.45119,-10.799,-4.1076,4.0503,-2.2353,0,0,0,NaN,NaN,NaN,NaN,NaN,NaN,NaN,NaN,NaN,47.63,0,3135.2,0.0069644,NaN,NaN,NaN,NaN,17.012,97787,11.625,-1.721,0.37113,-9.2086,-3.9428,2.8334,-2.5221,NaN,NaN,NaN,NaN,NaN
347.01,-25.385,-19.349,43.629,-1.4725,-0.47403,-10.762,-3.8444,-0.17659,-2.6952,0,0,0,NaN,NaN,NaN,NaN,NaN,NaN,NaN,NaN,NaN,47.63,0,3135.2,0.0069644,NaN,NaN,NaN,NaN,NaN,-1,-1,-1.7189,0.36987,-9.1966,-3.9313,2.9057,-2.5298,NaN,NaN,NaN,NaN,NaN
347.02,-25.393,-19.344,43.621,-2.1203,0.71512,-9.7975,-4.6946,2.9598,-2.5259,0,0,0,NaN,NaN,NaN,NaN,NaN,NaN,NaN,NaN,NaN,47.63,0,3135.2,0.0069644,NaN,NaN,NaN,NaN,NaN,-1,-1,-1.7193,0.37766,-9.204,-3.9335,2.8774,-2.5601,NaN,NaN,NaN,NaN,NaN
347.02,-25.405,-19.331,43.602,-1.6184,0.33785,-8.3076,-3.6468,1.1308,-2.6011,0.6523,0.5402,-0.68998,NaN,NaN,NaN,NaN,NaN,NaN,NaN,NaN,NaN,47.63,0,3135.2,0.0069644,0.80646,2.6079,0.65542,0.066593,17.102,97811,11.625,-1.7326,0.38571,-9.2413,-3.7805,2.8062,-2.4882,NaN,NaN,NaN,NaN,NaN
347.02,-25.41,-19.33,43.595,-1.9225,0.7157,-10.995,-3.2659,1.4136,-2.7002,0,0,0,NaN,NaN,NaN,NaN,NaN,NaN,NaN,NaN,NaN,47.63,0,3135.2,0.0069644,0.80646,2.6079,0.65542,0.066593,17.152,97813,11.688,-1.739,0.39748,-9.2421,-3.7751,2.8177,-2.4899,NaN,NaN,NaN,NaN,NaN
347.02,-25.413,-19.321,43.584,-1.4211,-0.079715,-9.7623,-3.0912,4.9775,-2.4913,0,0,0,NaN,NaN,NaN,NaN,NaN,NaN,NaN,NaN,NaN,47.63,0,3135.2,0.0069644,NaN,NaN,NaN,NaN,NaN,-1,-1,-1.7395,0.39417,-9.2497,-3.7979,2.7932,-2.5285,NaN,NaN,NaN,NaN,NaN
347.03,-25.418,-19.318,43.577,-1.7233,0.61615,-8.5518,-3.5279,2.1791,-2.2802,0,0,0,NaN,NaN,NaN,NaN,NaN,NaN,NaN,NaN,NaN,47.63,0,3135.2,0.0069644,NaN,NaN,NaN,NaN,NaN,-1,-1,-1.7438,0.40325,-9.2933,-3.8128,2.7153,-2.5431,NaN,NaN,NaN,NaN,NaN
347.03,-25.423,-19.312,43.568,-2.2557,0.33419,-10.557,-3.4057,3.4295,-2.2297,0.66197,0.52999,-0.69802,NaN,NaN,NaN,NaN,NaN,NaN,NaN,NaN,NaN,47.63,0,3135.2,0.0069644,NaN,NaN,NaN,NaN,NaN,-1,-1,-1.7544,0.41352,-9.2931,-3.8178,2.7787,-2.5616,NaN,NaN,NaN,NaN,NaN
347.03,-25.428,-19.307,43.56,-1.3643,0.63659,-8.5689,-3.5523,3.2004,-2.3412,0,0,0,NaN,NaN,NaN,NaN,NaN,NaN,NaN,NaN,NaN,47.63,0,3135.2,0.0069644,NaN,NaN,NaN,NaN,17.247,97864,11.875,-1.7444,0.41241,-9.2429,-3.6484,2.6456,-2.4806,NaN,NaN,NaN,NaN,NaN
347.03,-25.434,-19.304,43.552,-1.9052,0.61205,-9.4764,-3.7907,2.2373,-2.5738,0,0,0,NaN,NaN,NaN,NaN,NaN,NaN,NaN,NaN,NaN,47.63,0,3135.2,0.0069644,0.7977,2.5966,0.63473,0.10322,NaN,-1,-1,-1.7499,0.42163,-9.2891,-3.6103,2.7086,-2.4903,NaN,NaN,NaN,NaN,NaN
347.04,-25.438,-19.298,43.543,-2.0606,0.9234,-9.0346,-3.2124,3.3759,-2.5914,0,0,0,NaN,NaN,NaN,NaN,NaN,NaN,NaN,NaN,NaN,47.63,0,3135.2,0.0069644,NaN,NaN,NaN,NaN,NaN,-1,-1,-1.7643,0.43678,-9.3005,-3.544,2.6187,-2.4898,NaN,NaN,NaN,NaN,NaN
347.04,-25.444,-19.294,43.534,-1.5447,-0.4157,-10.225,-3.7019,2.6461,-2.6677,0.65445,0.53297,-0.68979,NaN,NaN,NaN,NaN,NaN,NaN,NaN,NaN,NaN,47.63,0,3135.2,0.0069644,NaN,NaN,NaN,NaN,17.13,97827,11.75,-1.7519,0.43385,-9.2809,-3.5213,2.6512,-2.4769,NaN,NaN,NaN,NaN,NaN
347.04,-25.451,-19.291,43.525,-2.1578,0.32319,-9.241,-4.2128,2.4401,-2.7609,0,0,0,NaN,NaN,NaN,NaN,NaN,NaN,NaN,NaN,NaN,47.63,0,3135.2,0.0069644,NaN,NaN,NaN,NaN,NaN,-1,-1,-1.755,0.44173,-9.282,-3.4967,2.655,-2.4688,NaN,NaN,NaN,NaN,NaN
347.04,-25.457,-19.285,43.516,-1.7591,1.0318,-9.2875,-4.0844,3.4138,-2.5372,0,0,0,NaN,NaN,NaN,NaN,NaN,NaN,NaN,NaN,NaN,47.63,0,3135.2,0.0069644,NaN,NaN,NaN,NaN,17.175,97814,11.688,-1.7653,0.46116,-9.3144,-3.4822,2.9064,-2.4589,NaN,NaN,NaN,NaN,NaN
347.05,-25.462,-19.282,43.508,-1.2541,0.22628,-9.5824,-3.4022,2.5399,-2.532,0,0,0,NaN,NaN,NaN,NaN,NaN,NaN,NaN,NaN,NaN,47.63,0,3135.2,0.0069644,NaN,2.6002,NaN,0.097392,NaN,-1,-1,-1.7644,0.47906,-9.3029,-3.4563,2.8457,-2.4614,NaN,NaN,NaN,NaN,NaN
347.05,-25.466,-19.276,43.498,-1.7648,0.46494,-9.0737,-3.0599,3.5108,-2.4562,0.66615,0.52548,-0.69096,NaN,NaN,NaN,NaN,NaN,NaN,NaN,NaN,NaN,47.63,0,3135.2,0.0069644,NaN,2.6002,NaN,0.097392,NaN,-1,-1,-1.7644,0.48136,-9.2926,-3.4375,2.6208,-2.4792,NaN,NaN,NaN,NaN,NaN
347.05,-25.47,-19.273,43.491,-1.7925,0.15104,-10.615,-3.0225,1.9159,-2.5349,0,0,0,NaN,NaN,NaN,NaN,NaN,NaN,NaN,NaN,NaN,47.63,0,3135.2,0.0069644,NaN,NaN,NaN,NaN,17.079,97786,11.563,-1.7606,0.47887,-9.3074,-3.4421,2.7914,-2.495,NaN,NaN,NaN,NaN,NaN
347.05,-25.475,-19.268,43.483,-2.2209,1.2779,-9.2693,-3.3387,3.1726,-2.2468,0,0,0,NaN,NaN,NaN,NaN,NaN,NaN,NaN,NaN,NaN,47.63,0,3135.2,0.0069644,NaN,NaN,NaN,NaN,NaN,-1,-1,-1.7693,0.48996,-9.3088,-3.4361,2.9504,-2.5012,NaN,NaN,NaN,NaN,NaN
347.06,-25.478,-19.26,43.474,-1.2962,0.22304,-9.1451,-2.9386,4.448,-2.2327,0,0,0,NaN,NaN,NaN,NaN,NaN,NaN,NaN,NaN,NaN,47.63,0,3135.2,0.0069644,NaN,NaN,NaN,NaN,NaN,-1,-1,-1.7738,0.5003,-9.3135,-3.4059,2.7504,-2.5251,NaN,NaN,NaN,NaN,NaN
347.06,-25.484,-19.258,43.465,-1.8535,0.65617,-9.0901,-3.8555,1.7444,-2.4999,0.66615,0.52548,-0.69096,NaN,NaN,NaN,NaN,NaN,NaN,NaN,NaN,NaN,47.63,0,3135.2,0.0069644,NaN,NaN,NaN,NaN,17.125,97793,11.563,-1.7652,0.50115,-9.3038,-3.3778,2.7719,-2.5422,NaN,NaN,NaN,NaN,NaN
347.06,-25.489,-19.253,43.457,-2.3564,0.75041,-9.4535,-3.1481,2.7445,-2.4499,0,0,0,NaN,NaN,NaN,NaN,NaN,NaN,NaN,NaN,NaN,47.63,0,3135.2,0.0069644,0.8196,2.6121,0.65177,0.069923,NaN,-1,-1,-1.7758,0.50866,-9.2968,-3.3468,2.9725,-2.5468,NaN,NaN,NaN,NaN,NaN
347.06,-25.493,-19.247,43.448,-1.4314,0.70964,-9.2528,-3.196,3.6514,-2.5675,0,0,0,NaN,NaN,NaN,NaN,NaN,NaN,NaN,NaN,NaN,47.63,0,3135.2,0.0069644,NaN,NaN,NaN,NaN,17.384,97809,11.688,-1.7758,0.52366,-9.305,-3.3147,2.8987,-2.5492,NaN,NaN,NaN,NaN,NaN
347.07,-25.499,-19.247,43.441,-1.8471,-0.17495,-9.6272,-4.0026,1.1154,-2.7539,0,0,0,NaN,NaN,NaN,NaN,NaN,NaN,NaN,NaN,NaN,47.63,0,3135.2,0.0069644,NaN,NaN,NaN,NaN,NaN,-1,-1,-1.7787,0.52929,-9.3058,-3.3252,2.8507,-2.5515,NaN,NaN,NaN,NaN,NaN
347.07,-25.505,-19.242,43.431,-2.3147,0.5901,-10.151,-4.0569,3.0925,-2.8323,0.64744,0.53054,-0.69265,NaN,NaN,NaN,NaN,NaN,NaN,NaN,NaN,NaN,47.63,0,3135.2,0.0069644,NaN,NaN,NaN,NaN,NaN,-1,-1,-1.7812,0.53306,-9.2977,-3.3569,2.9685,-2.5478,NaN,NaN,NaN,NaN,NaN
347.07,-25.511,-19.237,43.422,-1.5082,0.77877,-8.4443,-3.7748,3.1377,-2.4478,0,0,0,NaN,NaN,NaN,NaN,NaN,NaN,NaN,NaN,NaN,47.63,0,3135.2,0.0069644,NaN,NaN,NaN,NaN,17.38,97769,11.5,-1.7821,0.54712,-9.2856,-3.3798,2.8949,-2.5715,NaN,NaN,NaN,NaN,NaN
347.07,-25.515,-19.234,43.414,-1.4289,0.83467,-9.4425,-3.1643,2.4508,-2.6424,0,0,0,NaN,NaN,NaN,NaN,NaN,NaN,NaN,NaN,NaN,47.63,0,3135.2,0.0069644,NaN,NaN,NaN,NaN,NaN,-1,-1,-1.7869,0.55703,-9.2953,-3.425,2.8398,-2.6031,NaN,NaN,NaN,NaN,NaN
347.08,-25.52,-19.231,43.405,-1.7846,-0.023767,-9.2979,-3.2369,2.422,-2.9699,0,0,0,NaN,NaN,NaN,NaN,NaN,NaN,NaN,NaN,NaN,47.63,0,3135.2,0.0069644,NaN,NaN,NaN,NaN,NaN,-1,-1,-1.7887,0.55281,-9.2979,-3.4633,2.7546,-2.6372,NaN,NaN,NaN,NaN,NaN
347.08,-25.524,-19.226,43.397,-1.9333,0.44046,-10.732,-3.0218,2.5781,-2.0669,0.65444,0.52804,-0.69202,NaN,NaN,NaN,NaN,NaN,NaN,NaN,NaN,NaN,47.63,0,3135.2,0.0069644,NaN,NaN,NaN,NaN,17.238,97771,11.438,-1.7871,0.5685,-9.2931,-3.4787,2.7237,-2.6678,NaN,NaN,NaN,NaN,NaN
347.08,-25.528,-19.22,43.388,-2.0805,0.70958,-8.7029,-3.1098,3.8954,-2.5818,0,0,0,NaN,NaN,NaN,NaN,NaN,NaN,NaN,NaN,NaN,47.63,0,3135.2,0.0069644,NaN,NaN,NaN,NaN,17.217,97798,11.563,-1.7907,0.57844,-9.2923,-3.4523,2.8172,-2.6846,NaN,NaN,NaN,NaN,NaN
347.08,-25.537,-19.214,43.373,-1.6911,0.74213,-10.33,-3.3736,2.3514,-2.5612,0,0,0,NaN,NaN,NaN,NaN,NaN,NaN,NaN,NaN,NaN,47.63,0,3135.2,0.0069644,NaN,NaN,NaN,NaN,NaN,-1,-1,-1.7987,0.57851,-9.282,-3.4672,2.7123,-2.707,NaN,NaN,NaN,NaN,NaN
347.09,-25.542,-19.208,43.362,-2.36,0.5275,-8.6189,-3.3469,3.7506,-2.6504,0.65672,0.52069,-0.69404,NaN,NaN,NaN,NaN,NaN,NaN,NaN,NaN,NaN,47.63,0,3135.2,0.0069644,0.79278,2.4862,0.70897,0.041621,NaN,-1,-1,-1.7926,0.59094,-9.2861,-3.4573,2.7368,-2.7163,NaN,NaN,NaN,NaN,NaN
347.09,-25.547,-19.205,43.354,-1.6897,0.48419,-9.29,-3.3389,2.0466,-2.6436,0,0,0,NaN,NaN,NaN,NaN,NaN,NaN,NaN,NaN,NaN,47.63,0,3135.2,0.0069644,NaN,NaN,NaN,NaN,NaN,-1,-1,-1.7992,0.59724,-9.2787,-3.463,2.8187,-2.7253,NaN,NaN,NaN,NaN,NaN
347.09,-25.561,-19.201,43.338,-2.2399,0.92499,-10.497,-3.9877,2.6083,-3.1114,0,0,0,NaN,NaN,NaN,NaN,NaN,NaN,NaN,NaN,NaN,47.63,0,3135.2,0.0069644,NaN,NaN,NaN,NaN,17.267,97822,11.688,-1.8013,0.59533,-9.2775,-3.4639,2.7023,-2.7532,NaN,NaN,NaN,NaN,NaN
347.09,-25.563,-19.192,43.325,-1.932,0.26861,-9.157,-2.9668,5.1376,-2.788,0.65902,0.5281,-0.68938,NaN,NaN,NaN,NaN,NaN,NaN,NaN,NaN,NaN,47.63,0,3135.2,0.0069644,NaN,NaN,NaN,NaN,NaN,-1,-1,-1.7985,0.60382,-9.2598,-3.4876,2.697,-2.7735,NaN,NaN,NaN,NaN,NaN
347.1,-25.569,-19.19,43.318,-1.3824,0.99299,-7.0359,-3.4573,1.6669,-2.7073,0,0,0,NaN,NaN,NaN,NaN,NaN,NaN,NaN,NaN,NaN,47.63,0,3135.2,0.0069644,NaN,NaN,NaN,NaN,NaN,-1,-1,-1.8055,0.61149,-9.2508,-3.5277,2.7347,-2.793,NaN,NaN,NaN,NaN,NaN
347.1,-25.573,-19.195,43.312,-1.7846,0.68266,-10.768,-2.7782,-0.83394,-2.977,0,0,0,NaN,NaN,NaN,NaN,NaN,NaN,NaN,NaN,NaN,47.63,0,3135.2,0.0069644,NaN,NaN,NaN,NaN,17.265,97830,11.688,-1.8017,0.62068,-9.2361,-3.5709,2.7225,-2.8323,NaN,NaN,NaN,NaN,NaN
347.1,-25.577,-19.189,43.302,-1.9246,0.13054,-11.547,-3.3232,3.559,-2.8485,0,0,0,NaN,NaN,NaN,NaN,NaN,NaN,NaN,NaN,NaN,47.63,0,3135.2,0.0069644,0.80592,2.4952,0.71506,0.04495,NaN,-1,-1,-1.8052,0.62776,-9.2417,-3.6398,2.6943,-2.8704,NaN,NaN,NaN,NaN,NaN
347.1,-25.581,-19.176,43.288,-2.0151,0.54061,-7.6052,-3.6723,6.6551,-2.8299,0.65633,0.52105,-0.6874,NaN,NaN,NaN,NaN,NaN,NaN,NaN,NaN,NaN,47.63,0,3135.2,0.0069644,NaN,NaN,NaN,NaN,17.242,97830,11.688,-1.799,0.6359,-9.2286,-3.6547,2.7286,-2.893,NaN,NaN,NaN,NaN,NaN
347.11,-25.588,-19.177,43.282,-1.3508,1.4071,-7.428,-3.9316,0.7029,-2.5119,0,0,0,NaN,NaN,NaN,NaN,NaN,NaN,NaN,NaN,NaN,47.63,0,3135.2,0.0069644,NaN,NaN,NaN,NaN,NaN,-1,-1,-1.8026,0.63936,-9.2248,-3.6455,2.7414,-2.9191,NaN,NaN,NaN,NaN,NaN
347.11,-25.593,-19.18,43.276,-1.8628,0.86309,-10.945,-3.5154,-0.30052,-3.2633,0,0,0,NaN,NaN,NaN,NaN,NaN,NaN,NaN,NaN,NaN,47.63,0,3135.2,0.0069644,NaN,NaN,NaN,NaN,NaN,-1,-1,-1.8115,0.64938,-9.2442,-3.6382,2.7351,-2.9405,NaN,NaN,NaN,NaN,NaN
347.11,-25.598,-19.168,43.262,-2.81,0.37215,-9.7969,-3.8151,6.4066,-3.0606,0,0,0,NaN,NaN,NaN,NaN,NaN,NaN,NaN,NaN,NaN,47.63,0,3135.2,0.0069644,NaN,NaN,NaN,NaN,17.382,97800,11.625,-1.8055,0.65514,-9.2389,-3.6118,2.7058,-2.9497,NaN,NaN,NaN,NaN,NaN
347.11,-25.604,-19.166,43.252,-0.79132,0.2504,-7.2606,-4.0763,2.205,-2.9981,0.64979,0.52559,-0.69466,NaN,NaN,NaN,NaN,NaN,NaN,NaN,NaN,NaN,47.63,0,3135.2,0.0069644,0.79223,NaN,0.62986,NaN,NaN,-1,-1,-1.8107,0.65958,-9.2316,-3.6037,2.6582,-2.9581,NaN,NaN,NaN,NaN,NaN
347.12,-25.613,-19.17,43.247,-2.2771,1.1062,-10.404,-4.6117,-0.70101,-2.9692,0,0,0,NaN,NaN,NaN,NaN,NaN,NaN,NaN,NaN,NaN,47.63,0,3135.2,0.0069644,NaN,NaN,NaN,NaN,NaN,-1,-1,-1.8103,0.66567,-9.218,-3.6294,2.5712,-2.9779,NaN,NaN,NaN,NaN,NaN
347.12,-25.618,-19.16,43.234,-2.4555,-0.005628,-10.041,-4.3388,5.7193,-3.1765,0,0,0,NaN,NaN,NaN,NaN,NaN,NaN,NaN,NaN,NaN,47.63,0,3135.2,0.0069644,NaN,NaN,NaN,NaN,17.288,97792,11.563,-1.8126,0.68026,-9.2225,-3.6373,2.5965,-2.9831,NaN,NaN,NaN,NaN,NaN
347.12,-25.624,-19.156,43.224,-1.5197,1.3567,-7.8618,-3.8193,2.9095,-3.1745,0,0,0,NaN,NaN,NaN,NaN,NaN,NaN,NaN,NaN,NaN,47.62,0,3168.1,0.0058767,NaN,NaN,NaN,NaN,NaN,-1,-1,-1.8154,0.69838,-9.2246,-3.6128,2.6303,-3.0051,NaN,NaN,NaN,NaN,NaN
347.12,-25.628,-19.157,43.215,-1.415,1.235,-8.5995,-3.2824,0.82867,-3.4052,0.65195,0.5282,-0.69002,NaN,NaN,NaN,NaN,NaN,NaN,NaN,NaN,NaN,47.62,0,3168.1,0.0058767,NaN,NaN,NaN,NaN,17.2,97865,11.875,-1.8163,0.69099,-9.2089,-3.63,2.4366,-3.0303,NaN,NaN,NaN,NaN,NaN
347.13,-25.633,-19.156,43.206,-1.8156,-0.47643,-11.33,-3.3175,1.855,-3.1288,0,0,0,NaN,NaN,NaN,NaN,NaN,NaN,NaN,NaN,NaN,47.62,0,3168.1,0.0058767,0.80701,2.6091,0.65724,0.07242,NaN,-1,-1,-1.8154,0.69677,-9.2108,-3.6334,2.3531,-3.0704,NaN,NaN,NaN,NaN,NaN
347.13,-25.638,-19.149,43.196,-2.0263,0.8606,-9.0257,-3.6507,4.2187,-2.7663,0,0,0,NaN,NaN,NaN,NaN,NaN,NaN,NaN,NaN,NaN,47.62,0,3168.1,0.0058767,NaN,NaN,NaN,NaN,NaN,-1,-1,-1.8146,0.71073,-9.2157,-3.6168,2.4624,-3.0722,NaN,NaN,NaN,NaN,NaN
347.13,-25.641,-19.143,43.186,-2.0211,1.7606,-8.8127,-2.8976,3.3607,-2.7519,0,0,0,NaN,NaN,NaN,NaN,NaN,NaN,NaN,NaN,NaN,47.62,0,3168.1,0.0058767,NaN,NaN,NaN,NaN,17.149,97811,11.625,-1.8176,0.71222,-9.1987,-3.6071,2.445,-3.086,NaN,NaN,NaN,NaN,NaN
347.13,-25.645,-19.142,43.177,-1.483,0.42846,-7.7022,-3.0762,1.619,-2.9849,0.65934,0.52534,-0.69603,NaN,NaN,NaN,NaN,NaN,NaN,NaN,NaN,NaN,47.62,0,3168.1,0.0058767,NaN,NaN,NaN,NaN,NaN,-1,-1,-1.8188,0.71732,-9.1848,-3.5608,2.3017,-3.1171,NaN,NaN,NaN,NaN,NaN
347.14,-25.651,-19.142,43.169,-2.0471,0.46783,-10.618,-4.0969,1.2523,-3.2545,0,0,0,NaN,NaN,NaN,NaN,NaN,NaN,NaN,NaN,NaN,47.62,0,3168.1,0.0058767,NaN,NaN,NaN,NaN,NaN,-1,-1,-1.8189,0.73581,-9.1854,-3.4952,2.3115,-3.1001,NaN,NaN,NaN,NaN,NaN
347.14,-25.655,-19.134,43.158,-2.2451,1.5894,-8.3968,-3.2927,4.6156,-2.8816,0,0,0,NaN,NaN,NaN,NaN,NaN,NaN,NaN,NaN,NaN,47.62,0,3168.1,0.0058767,NaN,NaN,NaN,NaN,17.31,97818,11.625,-1.8213,0.73107,-9.1918,-3.4362,2.3817,-3.1105,NaN,NaN,NaN,NaN,NaN
347.14,-25.661,-19.132,43.149,-1.4378,-0.027043,-9.2581,-3.9169,2.1444,-3.1826,0,0,0,NaN,NaN,NaN,NaN,NaN,NaN,NaN,NaN,NaN,47.62,0,3168.1,0.0058767,0.80646,2.4826,0.72357,0.036626,NaN,-1,-1,-1.8209,0.73415,-9.1694,-3.4071,2.2898,-3.1138,NaN,NaN,NaN,NaN,NaN
347.14,-25.667,-19.135,43.141,-2.3534,0.10384,-9.2633,-3.6449,-0.050019,-3.3098,0.65228,0.53036,-0.69444,NaN,NaN,NaN,NaN,NaN,NaN,NaN,NaN,NaN,47.62,0,3168.1,0.0058767,NaN,NaN,NaN,NaN,17.173,97827,11.688,-1.8181,0.75395,-9.1612,-3.4054,2.3915,-3.2242,NaN,NaN,NaN,NaN,NaN
347.15,-25.672,-19.127,43.129,-1.7493,1.6565,-9.881,-4.1373,4.8589,-2.9875,0,0,0,NaN,NaN,NaN,NaN,NaN,NaN,NaN,NaN,NaN,47.62,0,3168.1,0.0058767,NaN,NaN,NaN,NaN,NaN,-1,-1,-1.8211,0.75353,-9.1529,-3.3306,2.346,-3.2017,NaN,NaN,NaN,NaN,NaN
347.15,-25.675,-19.123,43.119,-1.6985,1.3328,-7.9042,-2.8614,2.9589,-3.2675,0,0,0,NaN,NaN,NaN,NaN,NaN,NaN,NaN,NaN,NaN,47.62,0,3168.1,0.0058767,NaN,NaN,NaN,NaN,NaN,-1,-1,-1.8206,0.76072,-9.161,-3.2903,2.3315,-3.1893,NaN,NaN,NaN,NaN,NaN
347.15,-25.678,-19.124,43.111,-1.598,0.010031,-9.2982,-2.6785,0.82741,-3.4505,0,0,0,NaN,NaN,NaN,NaN,NaN,NaN,NaN,NaN,NaN,47.62,0,3168.1,0.0058767,NaN,NaN,NaN,NaN,17.315,97832,11.75,-1.8236,0.76548,-9.1445,-3.2013,2.3708,-3.1855,NaN,NaN,NaN,NaN,NaN
347.15,-25.682,-19.123,43.102,-1.6841,0.29902,-11.045,-3.0531,1.7737,-3.025,0.6572,0.53257,-0.69622,NaN,NaN,NaN,NaN,NaN,NaN,NaN,NaN,NaN,47.62,0,3168.1,0.0058767,0.79551,2.6002,0.64142,0.078247,NaN,-1,-1,-1.8255,0.78056,-9.1332,-3.1622,2.4129,-3.2786,NaN,NaN,NaN,NaN,NaN
347.16,-25.686,-19.109,43.08,-1.8151,1.1198,-8.2083,-2.1046,3.246,-2.8185,0,0,0,NaN,NaN,NaN,NaN,NaN,NaN,NaN,NaN,NaN,47.62,0,3168.1,0.0058767,NaN,NaN,NaN,NaN,NaN,-1,-1,-1.8156,0.78668,-9.1202,-3.0211,2.348,-3.2384,NaN,NaN,NaN,NaN,NaN
347.16,-25.69,-19.111,43.073,-1.561,0.13892,-9.1132,-2.8965,0.39162,-3.2581,0,0,0,NaN,NaN,NaN,NaN,NaN,NaN,NaN,NaN,NaN,47.62,0,3168.1,0.0058767,NaN,NaN,NaN,NaN,17.38,97814,11.625,-1.8233,0.792,-9.1044,-2.9166,2.2977,-3.2075,NaN,NaN,NaN,NaN,NaN
347.16,-25.694,-19.11,43.064,-2.4441,1.4797,-10.378,-3.138,1.7511,-3.0715,0.65457,0.52792,-0.69423,NaN,NaN,NaN,NaN,NaN,NaN,NaN,NaN,NaN,47.62,0,3168.1,0.0058767,NaN,NaN,NaN,NaN,NaN,-1,-1,-1.821,0.79354,-9.0958,-2.8066,2.4627,-3.1771,NaN,NaN,NaN,NaN,NaN
347.16,-25.7,-19.103,43.044,-1.7067,-0.22989,-8.1824,-2.8638,0.42903,-3.2805,0,0,0,NaN,NaN,NaN,NaN,NaN,NaN,NaN,NaN,NaN,47.62,0,3168.1,0.0058767,NaN,NaN,NaN,NaN,17.332,97822,11.625,-1.8176,0.79911,-9.102,-2.7046,2.3955,-3.1389,NaN,NaN,NaN,NaN,NaN
347.17,-25.705,-19.101,43.034,-2.4841,0.92878,-10.665,-3.6576,2.0885,-3.3474,0,0,0,NaN,NaN,NaN,NaN,NaN,NaN,NaN,NaN,NaN,47.62,0,3168.1,0.0058767,0.80537,2.6103,0.63959,0.09656,NaN,-1,-1,-1.8159,0.79825,-9.0744,-2.6208,2.0974,-3.1199,NaN,NaN,NaN,NaN,NaN
347.17,-25.706,-19.094,43.021,-1.6389,1.79,-9.9068,-2.5809,4.3539,-3.3029,0.65234,0.52784,-0.69666,14.219,12.954,-6.5054,20.306,40.059,-88.55,3.678e+05,4.4354e+06,250.98,47.62,0,3168.1,0.0058767,NaN,NaN,NaN,NaN,NaN,-1,-1,-1.8206,0.81277,-9.0654,-2.553,2.2805,-3.1002,20.246,1.4572,0.56366,1.5948,4.1154
347.17,-25.708,-19.09,43.011,-1.4024,0.63014,-7.3268,-2.2583,3.2349,-3.1783,0,0,0,NaN,NaN,NaN,NaN,NaN,NaN,NaN,NaN,NaN,47.62,0,3168.1,0.0058767,NaN,NaN,NaN,NaN,17.356,97798,11.563,-1.8108,0.8404,-9.0518,-2.4654,2.3457,-3.0963,NaN,NaN,NaN,NaN,NaN
347.17,-25.709,-19.091,43.003,-1.8317,0.43424,-8.9698,-1.8072,0.68686,-3.5556,0,0,0,NaN,NaN,NaN,NaN,NaN,NaN,NaN,NaN,NaN,47.62,0,3168.1,0.0058767,NaN,NaN,NaN,NaN,NaN,-1,-1,-1.814,0.82985,-9.0472,-2.4144,2.0667,-3.0947,NaN,NaN,NaN,NaN,NaN
347.18,-25.711,-19.091,42.995,-1.8454,0.56588,-12.045,-2.5158,1.1384,-3.1558,0,0,0,NaN,NaN,NaN,NaN,NaN,NaN,NaN,NaN,NaN,47.62,0,3168.1,0.0058767,NaN,NaN,NaN,NaN,NaN,-1,-1,-1.818,0.84437,-9.0481,-2.3637,2.1047,-3.1089,NaN,NaN,NaN,NaN,NaN
347.18,-25.711,-19.081,42.981,-2.3661,1.6571,-8.8215,-1.8833,5.5845,-3.2284,0.6545,0.52552,-0.69424,NaN,NaN,NaN,NaN,NaN,NaN,NaN,NaN,NaN,47.62,0,3168.1,0.0058767,0.79004,NaN,0.63107,NaN,17.359,97823,11.688,-1.8183,0.85088,-9.0188,-2.2653,2.2411,-3.1033,NaN,NaN,NaN,NaN,NaN
347.18,-25.712,-19.073,42.97,-1.113,0.34861,-7.2561,-2.2355,4.7525,-2.8258,0,0,0,NaN,NaN,NaN,NaN,NaN,NaN,NaN,NaN,NaN,47.62,0,3168.1,0.0058767,NaN,NaN,NaN,NaN,NaN,-1,-1,-1.7912,0.83841,-8.9299,-2.1675,2.1838,-3.1142,NaN,NaN,NaN,NaN,NaN
347.18,-25.715,-19.079,42.963,-2.0507,1.1382,-8.8716,-2.4998,-0.99311,-3.5526,0,0,0,NaN,NaN,NaN,NaN,NaN,NaN,NaN,NaN,NaN,47.62,0,3168.1,0.0058767,NaN,NaN,NaN,NaN,17.081,97865,11.813,-1.7857,0.84575,-8.8988,-2.077,2.0438,-3.1139,NaN,NaN,NaN,NaN,NaN
347.19,-25.715,-19.078,42.954,-2.3277,1.7055,-11.344,-1.4622,1.6926,-3.3877,0,0,0,NaN,NaN,NaN,NaN,NaN,NaN,NaN,NaN,NaN,47.62,0,3168.1,0.0058767,NaN,NaN,NaN,NaN,NaN,-1,-1,-1.7979,0.8575,-8.9175,-1.977,2.1601,-3.1201,NaN,NaN,NaN,NaN,NaN
347.19,-25.715,-19.068,42.94,-1.6518,-0.011332,-9.481,-2.3439,5.6792,-3.2101,0.65485,0.53753,-0.6942,NaN,NaN,NaN,NaN,NaN,NaN,NaN,NaN,NaN,47.62,0,3168.1,0.0058767,NaN,NaN,NaN,NaN,NaN,-1,-1,-1.7898,0.85578,-8.9108,-1.8416,2.262,-3.1038,NaN,NaN,NaN,NaN,NaN
347.19,-25.718,-19.068,42.93,-1.5998,0.56059,-7.351,-2.5333,1.4867,-3.725,0,0,0,NaN,NaN,NaN,NaN,NaN,NaN,NaN,NaN,NaN,47.62,0,3168.1,0.0058767,0.80537,2.4922,0.71201,0.030799,17.262,97805,11.563,-1.7911,0.87212,-8.8906,-1.7545,2.157,-3.1128,NaN,NaN,NaN,NaN,NaN
347.19,-25.72,-19.069,42.922,-2.2535,1.4629,-10.501,-2.2337,0.85858,-3.3634,0,0,0,NaN,NaN,NaN,NaN,NaN,NaN,NaN,NaN,NaN,47.62,0,3168.1,0.0058767,NaN,NaN,NaN,NaN,NaN,-1,-1,-1.7739,0.87376,-8.8114,-1.6939,2.0432,-3.1296,NaN,NaN,NaN,NaN,NaN
347.2,-25.718,-19.062,42.91,-1.9573,0.94118,-9.7431,-1.3259,4.3318,-3.5151,0,0,0,NaN,NaN,NaN,NaN,NaN,NaN,NaN,NaN,NaN,47.62,0,3168.1,0.0058767,NaN,NaN,NaN,NaN,NaN,-1,-1,-1.7772,0.87889,-8.8249,-1.6056,2.2631,-3.1318,NaN,NaN,NaN,NaN,NaN
347.2,0,0,0,0,0,0,0,0,0,0,0,0,NaN,NaN,NaN,NaN,NaN,NaN,NaN,NaN,NaN,47.62,0,3168.1,0.0058767,NaN,NaN,NaN,NaN,17.355,97827,11.625,-1.7677,0.88747,-8.7998,-1.5596,2.2997,-3.1622,NaN,NaN,NaN,NaN,NaN
347.2,-25.718,-19.06,42.898,-1.1188,1.2196,-8.4799,-1.7736,2.5443,-3.5924,0.64764,0.53282,-0.69485,NaN,NaN,NaN,NaN,NaN,NaN,NaN,NaN,NaN,47.62,0,3168.1,0.0058767,NaN,NaN,NaN,NaN,NaN,-1,-1,-1.7764,0.89574,-8.8,-1.5122,2.0841,-3.2,NaN,NaN,NaN,NaN,NaN
347.2,-25.717,-19.058,42.888,-1.7237,0.85689,-8.869,-1.2137,2.1407,-3.8592,0,0,0,NaN,NaN,NaN,NaN,NaN,NaN,NaN,NaN,NaN,47.62,0,3168.1,0.0058767,NaN,NaN,NaN,NaN,17.45,97849,11.75,-1.7845,0.89575,-8.8053,-1.4681,2.1809,-3.236,NaN,NaN,NaN,NaN,NaN
347.21,-25.713,-19.045,42.854,-0.50132,1.4708,-6.0821,-1.4135,3.4679,-3.3684,0.65693,0.52789,-0.69402,NaN,NaN,NaN,NaN,NaN,NaN,NaN,NaN,NaN,47.62,0,3168.1,0.0058767,0.81249,2.4868,0.72357,0.050777,NaN,-1,-1,-1.7631,0.89642,-8.7679,-1.3862,2.3666,-3.2732,NaN,NaN,NaN,NaN,NaN
347.21,0,0,0,0,0,0,0,0,0,0,0,0,NaN,NaN,NaN,NaN,NaN,NaN,NaN,NaN,NaN,47.62,0,3168.1,0.0058767,NaN,NaN,NaN,NaN,NaN,-1,-1,-1.7754,0.89497,-8.7797,-1.3156,2.2274,-3.2993,NaN,NaN,NaN,NaN,NaN
347.21,-25.714,-19.049,42.846,-2.603,0.049694,-10.723,-2.0389,-0.28591,-3.974,0,0,0,NaN,NaN,NaN,NaN,NaN,NaN,NaN,NaN,NaN,47.62,0,3168.1,0.0058767,NaN,NaN,NaN,NaN,17.331,97811,11.563,-1.7775,0.90195,-8.7678,-1.2212,2.3425,-3.3212,NaN,NaN,NaN,NaN,NaN
347.21,-25.713,-19.045,42.834,-2.4141,1.7754,-10.137,-1.2976,3.2585,-3.7059,0,0,0,NaN,NaN,NaN,NaN,NaN,NaN,NaN,NaN,NaN,47.62,0,3168.1,0.0058767,NaN,NaN,NaN,NaN,NaN,-1,-1,-1.7906,0.90354,-8.8544,-1.1159,2.3953,-3.3436,NaN,NaN,NaN,NaN,NaN
347.22,-25.711,-19.04,42.812,-1.577,-0.28631,-6.5791,-1.6986,0.42909,-3.7652,0.6687,0.52281,-0.69519,NaN,NaN,NaN,NaN,NaN,NaN,NaN,NaN,NaN,47.62,0,3168.1,0.0058767,0.85683,2.5101,0.70045,0.0074917,NaN,-1,-1,-1.7834,0.89958,-8.8397,-1.0644,2.2526,-3.3785,NaN,NaN,NaN,NaN,NaN
347.22,-25.711,-19.04,42.802,-2.6389,1.7111,-13.029,-1.7441,1.4503,-3.7256,0,0,0,NaN,NaN,NaN,NaN,NaN,NaN,NaN,NaN,NaN,47.62,0,3168.1,0.0058767,0.85683,2.5101,0.70045,0.0074917,17.122,97811,11.563,-1.7885,0.91313,-8.8568,-1.0509,2.3677,-3.4063,NaN,NaN,NaN,NaN,NaN
347.22,-25.707,-19.027,42.785,-1.7148,2.0727,-7.8397,-0.70256,7.3737,-4.0156,0,0,0,NaN,NaN,NaN,NaN,NaN,NaN,NaN,NaN,NaN,47.62,0,3168.1,0.0058767,NaN,NaN,NaN,NaN,NaN,-1,-1,-1.78,0.92932,-8.8383,-1.0044,2.2428,-3.4629,NaN,NaN,NaN,NaN,NaN
347.22,-25.704,-19.03,42.776,-1.165,-0.15926,-7.3101,-0.29645,0.16656,-4.031,0,0,0,NaN,NaN,NaN,NaN,NaN,NaN,NaN,NaN,NaN,47.62,0,3168.1,0.0058767,NaN,NaN,NaN,NaN,17.401,97842,11.688,-1.7754,0.92141,-8.8209,-1.0222,2.0494,-3.5301,NaN,NaN,NaN,NaN,NaN
347.23,-25.662,-19.054,42.784,-2.1094,0.27099,-11.834,-1.0588,-0.61009,-3.6127,0.65673,0.52561,-0.69181,NaN,NaN,NaN,NaN,NaN,NaN,NaN,NaN,NaN,47.62,0,3168.1,0.0058767,NaN,NaN,NaN,NaN,NaN,-1,-1,-1.7894,0.91945,-8.9144,-0.98371,2.2041,-3.5871,NaN,NaN,NaN,NaN,NaN
347.23,-25.657,-19.042,42.769,-2.3143,2.1518,-10.296,-0.55703,6.6165,-3.5604,0,0,0,NaN,NaN,NaN,NaN,NaN,NaN,NaN,NaN,NaN,47.62,0,3168.1,0.0058767,NaN,NaN,NaN,NaN,NaN,-1,-1,-1.8007,0.93196,-8.9395,-0.92625,2.3742,-3.6318,NaN,NaN,NaN,NaN,NaN
347.23,-25.653,-19.035,42.757,-1.4765,0.83582,-7.052,-0.31633,4.2919,-3.3222,0,0,0,NaN,NaN,NaN,NaN,NaN,NaN,NaN,NaN,NaN,47.62,0,3168.1,0.0058767,0.79716,2.6002,0.63838,0.10072,17.14,97778,11.375,-1.7994,0.93839,-8.926,-0.8697,2.1763,-3.6841,NaN,NaN,NaN,NaN,NaN
347.23,-25.653,-19.041,42.75,-1.7185,0.78848,-8.8006,-1.3014,-1.1877,-4.0112,0,0,0,NaN,NaN,NaN,NaN,NaN,NaN,NaN,NaN,NaN,47.62,0,3168.1,0.0058767,NaN,NaN,NaN,NaN,NaN,-1,-1,-1.7965,0.93866,-8.9248,-0.8469,2.13,-3.7306,NaN,NaN,NaN,NaN,NaN
347.24,-25.651,-19.04,42.738,-2.3974,1.8813,-10.905,-0.77762,2.0341,-3.9352,0.65928,0.52786,-0.69381,NaN,NaN,NaN,NaN,NaN,NaN,NaN,NaN,NaN,47.62,0,3168.1,0.0058767,NaN,NaN,NaN,NaN,NaN,-1,-1,-1.809,0.95259,-8.9619,-0.76507,2.402,-3.7798,NaN,NaN,NaN,NaN,NaN
347.24,-25.646,-19.031,42.722,-1.6232,1.2655,-8.7391,-0.51412,5.6751,-4.1874,0,0,0,NaN,NaN,NaN,NaN,NaN,NaN,NaN,NaN,NaN,47.62,0,3168.1,0.0058767,NaN,NaN,NaN,NaN,17.29,97861,11.813,-1.8043,0.93828,-8.9694,-0.71897,2.426,-3.8238,NaN,NaN,NaN,NaN,NaN
347.24,-25.645,-19.033,42.714,-1.8327,-0.70694,-7.7977,-1.1613,0.73023,-3.7163,0,0,0,NaN,NaN,NaN,NaN,NaN,NaN,NaN,NaN,NaN,47.659,0,3202.3,0.0064211,NaN,NaN,NaN,NaN,NaN,-1,-1,-1.8112,0.93859,-8.9775,-0.72799,2.2145,-3.891,NaN,NaN,NaN,NaN,NaN
347.24,-25.645,-19.037,42.704,-1.9672,1.4799,-11.158,-1.5893,0.24563,-4.4396,0,0,0,NaN,NaN,NaN,NaN,NaN,NaN,NaN,NaN,NaN,47.659,0,3202.3,0.0064211,NaN,2.5978,NaN,0.097392,17.474,97842,11.75,-1.8094,0.95262,-8.9755,-0.70319,2.3344,-3.9432,NaN,NaN,NaN,NaN,NaN
347.25,-25.64,-19.029,42.689,-2.379,2.1989,-10.442,-0.30413,4.8149,-4.021,0.65733,0.53245,-0.69843,NaN,NaN,NaN,NaN,NaN,NaN,NaN,NaN,NaN,47.659,0,3202.3,0.0064211,NaN,2.5978,NaN,0.097392,NaN,-1,-1,-1.805,0.95366,-8.957,-0.69545,2.4852,-3.9947,NaN,NaN,NaN,NaN,NaN
347.25,-25.636,-19.022,42.674,-0.97471,-0.11692,-6.2154,-0.56356,5.1225,-4.183,0,0,0,NaN,NaN,NaN,NaN,NaN,NaN,NaN,NaN,NaN,47.659,0,3202.3,0.0064211,NaN,NaN,NaN,NaN,NaN,-1,-1,-1.8065,0.96134,-8.9899,-0.69614,2.4147,-4.0886,NaN,NaN,NaN,NaN,NaN
347.25,-25.634,-19.029,42.666,-1.8901,1.0211,-8.8883,-0.71408,-1.4632,-4.391,0,0,0,NaN,NaN,NaN,NaN,NaN,NaN,NaN,NaN,NaN,47.659,0,3202.3,0.0064211,NaN,NaN,NaN,NaN,17.264,97836,11.688,-1.8171,0.95833,-8.9977,-0.69477,2.3803,-4.1696,NaN,NaN,NaN,NaN,NaN
347.25,-25.63,-19.03,42.656,-2.181,1.5828,-12.669,-0.16954,1.2793,-3.9429,0,0,0,NaN,NaN,NaN,NaN,NaN,NaN,NaN,NaN,NaN,47.659,0,3202.3,0.0064211,NaN,NaN,NaN,NaN,NaN,-1,-1,-1.8114,0.96863,-8.966,-0.64531,2.5051,-4.2406,NaN,NaN,NaN,NaN,NaN
347.26,-25.624,-19.018,42.639,-2.141,0.68734,-9.3456,-0.028877,6.7588,-3.9309,0.65699,0.52537,-0.69624,NaN,NaN,NaN,NaN,NaN,NaN,NaN,NaN,NaN,47.659,0,3202.3,0.0064211,0.80592,2.6073,0.6542,0.074917,NaN,-1,-1,-1.8162,0.97439,-8.968,-0.54963,2.4619,-4.1835,NaN,NaN,NaN,NaN,NaN
347.26,-25.621,-19.015,42.628,-1.0076,0.32666,-5.608,-0.62957,2.9039,-3.6918,0,0,0,NaN,NaN,NaN,NaN,NaN,NaN,NaN,NaN,NaN,47.659,0,3202.3,0.0064211,NaN,NaN,NaN,NaN,17.425,97861,11.75,-1.8158,0.97383,-8.9908,-0.51382,2.4738,-4.2415,NaN,NaN,NaN,NaN,NaN
347.26,-25.62,-19.022,42.621,-2.0918,2.3052,-9.9765,-0.70709,-1.6744,-3.9555,0,0,0,NaN,NaN,NaN,NaN,NaN,NaN,NaN,NaN,NaN,47.659,0,3202.3,0.0064211,NaN,NaN,NaN,NaN,NaN,-1,-1,-1.8247,0.96859,-9.0036,-0.44872,2.4475,-4.302,NaN,NaN,NaN,NaN,NaN
347.26,-25.608,-19.009,42.59,-1.486,-0.47257,-8.3162,-0.22729,5.7912,-4.6356,0.65908,0.52558,-0.6916,NaN,NaN,NaN,NaN,NaN,NaN,NaN,NaN,NaN,47.659,0,3202.3,0.0064211,NaN,NaN,NaN,NaN,17.308,97808,11.563,-1.8219,0.97449,-8.9901,-0.39756,2.5501,-4.346,NaN,NaN,NaN,NaN,NaN
347.27,-25.608,-19.015,42.581,-1.4962,1.2206,-7.0277,-1.4863,-1.0712,-4.5283,0,0,0,NaN,NaN,NaN,NaN,NaN,NaN,NaN,NaN,NaN,47.659,0,3202.3,0.0064211,NaN,NaN,NaN,NaN,NaN,-1,-1,-1.8291,0.9913,-8.985,-0.30815,2.4892,-4.2607,NaN,NaN,NaN,NaN,NaN
347.27,-25.606,-19.015,42.569,-2.3583,1.626,-11.647,-1.0829,1.9105,-4.386,0,0,0,NaN,NaN,NaN,NaN,NaN,NaN,NaN,NaN,NaN,47.659,0,3202.3,0.0064211,NaN,NaN,NaN,NaN,NaN,-1,-1,-1.8237,0.99121,-8.9806,-0.30002,2.4392,-4.3005,NaN,NaN,NaN,NaN,NaN
347.27,-25.6,-19.008,42.554,-2.3853,0.7534,-9.2644,-0.35271,5.0853,-4.5473,0,0,0,NaN,NaN,NaN,NaN,NaN,NaN,NaN,NaN,NaN,47.659,0,3202.3,0.0064211,NaN,NaN,NaN,NaN,17.467,97797,11.5,-1.8256,0.99512,-8.997,-0.25442,2.4962,-4.3371,NaN,NaN,NaN,NaN,NaN
347.27,-25.591,-19.013,42.531,-1.7133,0.4811,-9.9205,0.48289,-1.6683,-4.7166,0,0,0,NaN,NaN,NaN,NaN,NaN,NaN,NaN,NaN,NaN,47.659,0,3202.3,0.0064211,NaN,NaN,NaN,NaN,NaN,-1,-1,-1.8273,0.99604,-8.987,-0.23826,2.375,-4.3953,NaN,NaN,NaN,NaN,NaN
347.28,-25.586,-19.009,42.518,-2.2374,0.89051,-12.129,-0.30602,3.6315,-4.1548,0,0,0,NaN,NaN,NaN,NaN,NaN,NaN,NaN,NaN,NaN,47.659,0,3202.3,0.0064211,NaN,NaN,NaN,NaN,NaN,-1,-1,-1.8342,0.99805,-8.9927,-0.20379,2.3081,-4.4408,NaN,NaN,NaN,NaN,NaN
347.28,-25.578,-18.994,42.501,-2.2677,1.4224,-8.1069,0.68199,7.8598,-3.9238,0,0,0,NaN,NaN,NaN,NaN,NaN,NaN,NaN,NaN,NaN,47.659,0,3202.3,0.0064211,NaN,NaN,NaN,NaN,17.419,97788,11.438,-1.8327,1.0087,-8.9868,-0.13454,2.5547,-4.4853,NaN,NaN,NaN,NaN,NaN
347.28,-25.574,-18.998,42.49,-0.87001,1.0396,-5.426,-0.048243,0.25714,-4.2118,0.65942,0.53266,-0.69379,NaN,NaN,NaN,NaN,NaN,NaN,NaN,NaN,NaN,47.659,0,3202.3,0.0064211,NaN,NaN,NaN,NaN,NaN,-1,-1,-1.8326,1.0157,-8.9751,-0.069911,2.4603,-4.5297,NaN,NaN,NaN,NaN,NaN
347.28,-25.572,-19.006,42.482,-2.3482,0.53392,-12.246,-0.40434,-1.6836,-4.514,0,0,0,NaN,NaN,NaN,NaN,NaN,NaN,NaN,NaN,NaN,47.659,0,3202.3,0.0064211,0.79442,2.4844,0.71749,0.038291,17.377,97832,11.625,-1.8382,1.017,-8.98,-0.0093909,2.3153,-4.5491,NaN,NaN,NaN,NaN,NaN
347.29,-25.565,-18.995,42.464,-2.7244,2.1745,-9.7889,0.037471,6.7496,-4.8112,0,0,0,NaN,NaN,NaN,NaN,NaN,NaN,NaN,NaN,NaN,47.659,0,3202.3,0.0064211,NaN,NaN,NaN,NaN,NaN,-1,-1,-1.8362,1.0125,-8.9958,0.063453,2.5453,-4.5842,NaN,NaN,NaN,NaN,NaN
347.29,-25.559,-18.993,42.45,-0.7906,0.23415,-7.437,0.33495,2.8848,-4.735,0,0,0,NaN,NaN,NaN,NaN,NaN,NaN,NaN,NaN,NaN,47.659,0,3202.3,0.0064211,NaN,NaN,NaN,NaN,NaN,-1,-1,-1.8394,1.0096,-8.9942,0.12862,2.514,-4.5989,NaN,NaN,NaN,NaN,NaN
347.29,-25.557,-19.003,42.442,-2.2733,0.079756,-8.6041,-0.94068,-2.4525,-4.83,0.66674,0.5274,-0.69981,NaN,NaN,NaN,NaN,NaN,NaN,NaN,NaN,NaN,47.659,0,3202.3,0.0064211,NaN,NaN,NaN,NaN,17.376,97817,11.563,-1.8441,1.0217,-8.9806,0.15829,2.3176,-4.637,NaN,NaN,NaN,NaN,NaN
347.29,-25.553,-18.997,42.426,-2.3667,2.661,-12.178,-0.43642,4.4948,-4.6247,0,0,0,NaN,NaN,NaN,NaN,NaN,NaN,NaN,NaN,NaN,47.659,0,3202.3,0.0064211,NaN,NaN,NaN,NaN,NaN,-1,-1,-1.8388,1.0335,-8.9806,0.20219,2.3562,-4.6702,NaN,NaN,NaN,NaN,NaN
347.3,-25.544,-18.987,42.409,-1.5596,1.4208,-7.872,0.84729,6.4087,-4.7016,0,0,0,NaN,NaN,NaN,NaN,NaN,NaN,NaN,NaN,NaN,47.659,0,3202.3,0.0064211,0.80646,2.4767,0.71566,0.049112,NaN,-1,-1,-1.845,1.0336,-8.9884,0.23041,2.6087,-4.7146,NaN,NaN,NaN,NaN,NaN
347.3,-25.537,-18.994,42.399,-1.5333,0.39934,-7.8752,0.98766,-1.2093,-5.1333,0,0,0,NaN,NaN,NaN,NaN,NaN,NaN,NaN,NaN,NaN,47.659,0,3202.3,0.0064211,NaN,NaN,NaN,NaN,17.308,97849,11.688,-1.8464,1.0318,-8.9857,0.25747,2.4702,-4.7569,NaN,NaN,NaN,NaN,NaN
347.3,-25.53,-18.995,42.385,-1.8094,0.80585,-11.175,0.70548,1.6825,-5.1185,0.66399,0.52287,-0.69561,NaN,NaN,NaN,NaN,NaN,NaN,NaN,NaN,NaN,47.659,0,3202.3,0.0064211,NaN,NaN,NaN,NaN,NaN,-1,-1,-1.8486,1.0347,-8.9822,0.27463,2.5094,-4.8082,NaN,NaN,NaN,NaN,NaN
347.3,-25.523,-18.989,42.37,-2.1923,1.4564,-9.0139,0.67437,4.589,-4.4511,0,0,0,NaN,NaN,NaN,NaN,NaN,NaN,NaN,NaN,NaN,47.659,0,3202.3,0.0064211,NaN,NaN,NaN,NaN,17.374,97825,11.563,-1.86,1.0465,-8.9776,0.3162,2.6068,-4.8539,NaN,NaN,NaN,NaN,NaN
347.31,-25.515,-18.987,42.357,-1.8571,1.0378,-9.0255,0.81154,2.9453,-4.4997,0,0,0,NaN,NaN,NaN,NaN,NaN,NaN,NaN,NaN,NaN,47.659,0,3202.3,0.0064211,0.79606,NaN,0.71932,NaN,NaN,-1,-1,-1.847,1.0425,-8.9639,0.34334,2.6433,-4.8921,NaN,NaN,NaN,NaN,NaN
347.31,-25.51,-18.988,42.344,-1.4231,0.82857,-8.0843,0.23847,1.7091,-5.0032,0,0,0,NaN,NaN,NaN,NaN,NaN,NaN,NaN,NaN,NaN,47.659,0,3202.3,0.0064211,0.79606,NaN,0.71932,NaN,NaN,-1,-1,-1.8593,1.0482,-8.9562,0.38537,2.5834,-4.9549,NaN,NaN,NaN,NaN,NaN
347.31,-25.503,-18.987,42.329,-2.4322,1.4078,-9.6435,0.31604,2.2907,-5.0364,0.65707,0.53269,-0.694,NaN,NaN,NaN,NaN,NaN,NaN,NaN,NaN,NaN,47.659,0,3202.3,0.0064211,NaN,2.4767,NaN,0.054939,17.583,97849,11.688,-1.8633,1.0504,-8.9701,0.44844,2.5825,-4.9941,NaN,NaN,NaN,NaN,NaN
347.31,-25.497,-18.985,42.315,-1.6653,1.1822,-9.0814,0.43023,3.0129,-4.8637,0,0,0,NaN,NaN,NaN,NaN,NaN,NaN,NaN,NaN,NaN,47.659,0,3202.3,0.0064211,NaN,NaN,NaN,NaN,NaN,-1,-1,-1.858,1.0476,-8.9615,0.50554,2.6774,-5.0365,NaN,NaN,NaN,NaN,NaN
347.32,-25.486,-18.983,42.287,-2.1094,0.27537,-8.8858,0.027502,3.994,-5.1479,0,0,0,NaN,NaN,NaN,NaN,NaN,NaN,NaN,NaN,NaN,47.659,0,3202.3,0.0064211,NaN,NaN,NaN,NaN,NaN,-1,-1,-1.8633,1.0425,-8.9477,0.50822,2.7098,-5.0544,NaN,NaN,NaN,NaN,NaN
347.32,-25.48,-18.984,42.273,-2.2912,1.673,-9.2606,0.1535,1.6494,-5.2504,0.66385,0.51807,-0.69562,NaN,NaN,NaN,NaN,NaN,NaN,NaN,NaN,NaN,47.659,0,3202.3,0.0064211,NaN,NaN,NaN,NaN,17.311,97830,11.688,-1.8723,1.0613,-8.9661,0.49619,2.6079,-5.077,NaN,NaN,NaN,NaN,NaN
347.32,-25.473,-18.982,42.257,-1.2083,1.8021,-7.955,0.50609,2.8999,-5.4303,0,0,0,NaN,NaN,NaN,NaN,NaN,NaN,NaN,NaN,NaN,47.659,0,3202.3,0.0064211,NaN,NaN,NaN,NaN,NaN,-1,-1,-1.8629,1.0677,-8.9336,0.5126,2.7751,-5.1324,NaN,NaN,NaN,NaN,NaN
347.32,-25.465,-18.984,42.243,-1.7391,0.14978,-9.9995,0.99345,1.6847,-5.3822,0,0,0,NaN,NaN,NaN,NaN,NaN,NaN,NaN,NaN,NaN,47.659,0,3202.3,0.0064211,0.81687,2.6199,0.65663,0.055772,17.263,97823,11.625,-1.8652,1.0575,-8.9433,0.47649,2.5641,-5.1998,NaN,NaN,NaN,NaN,NaN
347.33,-25.458,-18.985,42.23,-2.2,0.43426,-9.894,0.54712,1.6313,-5.3056,0,0,0,NaN,NaN,NaN,NaN,NaN,NaN,NaN,NaN,NaN,47.659,0,3202.3,0.0064211,NaN,NaN,NaN,NaN,NaN,-1,-1,-1.8736,1.0664,-8.9577,0.4377,2.5007,-5.2604,NaN,NaN,NaN,NaN,NaN
347.33,-25.45,-18.98,42.214,-2.1403,2.0961,-9.6974,0.97357,4.0779,-4.7064,0.66412,0.52275,-0.69782,NaN,NaN,NaN,NaN,NaN,NaN,NaN,NaN,NaN,47.659,0,3202.3,0.0064211,NaN,NaN,NaN,NaN,NaN,-1,-1,-1.8718,1.0687,-8.9227,0.44378,2.6576,-5.3242,NaN,NaN,NaN,NaN,NaN
347.33,-25.443,-18.977,42.199,-1.2235,1.0287,-6.8342,0.21686,3.3965,-4.9847,0,0,0,NaN,NaN,NaN,NaN,NaN,NaN,NaN,NaN,NaN,47.659,0,3202.3,0.0064211,NaN,NaN,NaN,NaN,17.466,97806,11.5,-1.8752,1.0708,-8.9073,0.43446,2.5409,-5.3819,NaN,NaN,NaN,NaN,NaN
347.33,-25.439,-18.982,42.187,-2.3018,1.2173,-10.228,0.044576,0.19853,-5.3289,0,0,0,NaN,NaN,NaN,NaN,NaN,NaN,NaN,NaN,NaN,47.659,0,3202.3,0.0064211,NaN,NaN,NaN,NaN,NaN,-1,-1,-1.8802,1.0784,-8.9131,0.41135,2.4782,-5.4237,NaN,NaN,NaN,NaN,NaN
347.34,-25.431,-18.979,42.171,-2.1165,1.3816,-9.2825,0.60877,3.3269,-5.4445,0,0,0,NaN,NaN,NaN,NaN,NaN,NaN,NaN,NaN,NaN,47.659,0,3202.3,0.0064211,NaN,NaN,NaN,NaN,NaN,-1,-1,-1.8796,1.0728,-8.8889,0.44126,2.74,-5.4445,NaN,NaN,NaN,NaN,NaN
347.34,-25.425,-18.977,42.153,-1.7384,0.59405,-8.4466,-0.07162,3.6937,-5.8721,0.66386,0.52299,-0.6934,NaN,NaN,NaN,NaN,NaN,NaN,NaN,NaN,NaN,47.659,0,3202.3,0.0064211,NaN,NaN,NaN,NaN,17.54,97855,11.75,-1.8788,1.068,-8.8892,0.43471,2.686,-5.4805,NaN,NaN,NaN,NaN,NaN
347.34,-25.42,-18.983,42.142,-1.7725,0.32529,-8.1198,-0.095168,-0.38669,-5.3667,0,0,0,NaN,NaN,NaN,NaN,NaN,NaN,NaN,NaN,NaN,47.659,0,3202.3,0.0064211,NaN,NaN,NaN,NaN,NaN,-1,-1,-1.8855,1.0802,-8.8818,0.38363,2.5261,-5.5069,NaN,NaN,NaN,NaN,NaN
347.34,-25.407,-18.975,42.108,-2.1097,0.88762,-8.1304,0.34057,5.8268,-5.6787,0,0,0,NaN,NaN,NaN,NaN,NaN,NaN,NaN,NaN,NaN,47.659,0,3202.3,0.0064211,NaN,NaN,NaN,NaN,17.535,97844,11.625,-1.8828,1.0721,-8.8544,0.33534,2.7166,-5.5445,NaN,NaN,NaN,NaN,NaN
347.35,-25.407,-18.975,42.108,-2.1097,0.88762,-8.1304,0.34057,5.8268,-5.6787,0,0,0,NaN,NaN,NaN,NaN,NaN,NaN,NaN,NaN,NaN,47.659,0,3202.3,0.0064211,NaN,NaN,NaN,NaN,NaN,-1,-1,-1.8844,1.0771,-8.8608,0.31182,2.6525,-5.5976,NaN,NaN,NaN,NaN,NaN
347.35,-25.401,-18.976,42.092,-1.1307,1.6899,-7.2205,0.29227,1.8134,-5.816,0.65699,0.52537,-0.69624,NaN,NaN,NaN,NaN,NaN,NaN,NaN,NaN,NaN,47.659,0,3202.3,0.0064211,0.80208,2.6049,0.65177,0.074917,NaN,-1,-1,-1.8918,1.0774,-8.8711,0.21884,2.4043,-5.6489,NaN,NaN,NaN,NaN,NaN
347.35,-25.393,-18.984,42.08,-1.9928,0.30731,-10.625,1.0297,-1.1561,-5.8272,0,0,0,NaN,NaN,NaN,NaN,NaN,NaN,NaN,NaN,NaN,47.63,0,3230.9,0.0058767,NaN,NaN,NaN,NaN,17.606,97848,11.688,-1.8924,1.0784,-8.8296,0.16374,2.4495,-5.6944,NaN,NaN,NaN,NaN,NaN
347.35,-25.379,-18.972,42.044,-1.6544,1.1907,-7.9088,0.37403,5.6951,-5.4235,0,0,0,NaN,NaN,NaN,NaN,NaN,NaN,NaN,NaN,NaN,47.63,0,3230.9,0.0058767,NaN,NaN,NaN,NaN,NaN,-1,-1,-1.8906,1.086,-8.8024,0.13658,2.5995,-5.7316,NaN,NaN,NaN,NaN,NaN
347.36,-25.374,-18.979,42.031,-1.5876,1.1535,-7.0841,-0.055863,-0.55285,-5.9012,0.65706,0.52777,-0.69623,NaN,NaN,NaN,NaN,NaN,NaN,NaN,NaN,NaN,47.63,0,3230.9,0.0058767,NaN,NaN,NaN,NaN,NaN,-1,-1,-1.8947,1.0943,-8.8051,0.10081,2.4295,-5.7842,NaN,NaN,NaN,NaN,NaN
347.36,-25.368,-18.98,42.016,-2.2186,1.252,-10.578,0.27158,1.8535,-5.7294,0,0,0,NaN,NaN,NaN,NaN,NaN,NaN,NaN,NaN,NaN,47.63,0,3230.9,0.0058767,NaN,NaN,NaN,NaN,17.422,97834,11.625,-1.8991,1.0821,-8.8166,0.064063,2.3587,-5.8407,NaN,NaN,NaN,NaN,NaN
347.36,-25.36,-18.976,41.997,-1.9335,1.1859,-8.9302,0.3691,4.7123,-6.1799,0,0,0,NaN,NaN,NaN,NaN,NaN,NaN,NaN,NaN,NaN,47.63,0,3230.9,0.0058767,NaN,NaN,NaN,NaN,NaN,-1,-1,-1.901,1.0738,-8.7859,0.027383,2.4038,-5.8785,NaN,NaN,NaN,NaN,NaN
347.36,-25.355,-18.979,41.983,-1.8157,0.47738,-8.5475,-0.43224,0.93736,-5.7398,0,0,0,NaN,NaN,NaN,NaN,NaN,NaN,NaN,NaN,NaN,47.63,0,3230.9,0.0058767,0.86614,2.5113,0.7114,0.014983,17.328,97824,11.563,-1.8959,1.0871,-8.7736,0.0082816,2.3888,-5.902,NaN,NaN,NaN,NaN,NaN
347.37,-25.352,-18.982,41.967,-2.2366,0.68639,-9.6189,-0.81234,0.99603,-6.0237,0.65665,0.51829,-0.69405,NaN,NaN,NaN,NaN,NaN,NaN,NaN,NaN,NaN,47.63,0,3230.9,0.0058767,NaN,NaN,NaN,NaN,NaN,-1,-1,-1.9039,1.095,-8.7785,-0.073044,2.2997,-5.9373,NaN,NaN,NaN,NaN,NaN
347.37,-25.347,-18.979,41.95,-1.9901,1.9731,-9.3984,-0.74187,3.9353,-5.8914,0,0,0,NaN,NaN,NaN,NaN,NaN,NaN,NaN,NaN,NaN,47.63,0,3230.9,0.0058767,NaN,NaN,NaN,NaN,NaN,-1,-1,-1.8999,1.0858,-8.7428,-0.14033,2.3129,-5.9751,NaN,NaN,NaN,NaN,NaN
347.37,-25.34,-18.979,41.933,-1.5386,2.1469,-8.3571,0.089152,2.6605,-6.3494,0,0,0,NaN,NaN,NaN,NaN,NaN,NaN,NaN,NaN,NaN,47.63,0,3230.9,0.0058767,NaN,NaN,NaN,NaN,17.605,97851,11.688,-1.8954,1.0916,-8.7448,-0.21267,2.2599,-6.0204,NaN,NaN,NaN,NaN,NaN
347.37,-25.333,-18.982,41.916,-1.9051,-0.01302,-8.4963,0.29043,1.6139,-6.4737,0,0,0,NaN,NaN,NaN,NaN,NaN,NaN,NaN,NaN,NaN,47.63,0,3230.9,0.0058767,NaN,NaN,NaN,NaN,NaN,-1,-1,-1.9006,1.0907,-8.741,-0.29492,2.1812,-6.0842,NaN,NaN,NaN,NaN,NaN
347.38,-25.328,-18.986,41.901,-1.9196,0.32537,-10.876,-0.24087,0.63163,-6.2474,0.65919,0.51561,-0.69827,NaN,NaN,NaN,NaN,NaN,NaN,NaN,NaN,NaN,47.63,0,3230.9,0.0058767,NaN,2.5972,NaN,0.097392,NaN,-1,-1,-1.9072,1.0841,-8.7347,-0.42478,2.2232,-6.3452,NaN,NaN,NaN,NaN,NaN
347.38,-25.322,-18.98,41.882,-2.1144,2.0203,-9.1856,-0.23932,5.1594,-5.8358,0,0,0,NaN,NaN,NaN,NaN,NaN,NaN,NaN,NaN,NaN,47.63,0,3230.9,0.0058767,NaN,NaN,NaN,NaN,17.671,97822,11.563,-1.9058,1.0953,-8.6957,-0.47681,2.3082,-6.346,NaN,NaN,NaN,NaN,NaN
347.38,-25.315,-18.978,41.865,-1.4135,1.1347,-6.6704,-0.16117,3.675,-5.8581,0,0,0,NaN,NaN,NaN,NaN,NaN,NaN,NaN,NaN,NaN,47.63,0,3230.9,0.0058767,NaN,NaN,NaN,NaN,NaN,-1,-1,-1.9048,1.0974,-8.6852,-0.53972,2.2968,-6.3432,NaN,NaN,NaN,NaN,NaN
347.38,-25.313,-18.982,41.851,-1.9615,0.52386,-9.8912,-1.1617,0.34893,-5.8846,0,0,0,NaN,NaN,NaN,NaN,NaN,NaN,NaN,NaN,NaN,47.63,0,3230.9,0.0058767,NaN,NaN,NaN,NaN,17.605,97829,11.625,-1.9072,1.0892,-8.6802,-0.5967,2.1371,-6.3402,NaN,NaN,NaN,NaN,NaN
347.39,-25.307,-18.986,41.835,-2.5268,2.2259,-8.8584,-0.065317,1.2169,-6.2657,0.65905,0.51081,-0.69828,NaN,NaN,NaN,NaN,NaN,NaN,NaN,NaN,NaN,47.63,0,3230.9,0.0058767,NaN,NaN,NaN,NaN,NaN,-1,-1,-1.9114,1.0815,-8.6794,-0.61394,2.1994,-6.3331,NaN,NaN,NaN,NaN,NaN
347.39,-25.302,-18.981,41.816,-1.4831,0.54065,-9.495,-0.56459,4.6441,-6.1763,0,0,0,NaN,NaN,NaN,NaN,NaN,NaN,NaN,NaN,NaN,47.63,0,3230.9,0.0058767,0.81577,2.6044,0.65116,0.074917,NaN,-1,-1,-1.906,1.0842,-8.6568,-0.73235,2.2674,-6.5465,NaN,NaN,NaN,NaN,NaN
347.39,-25.299,-18.988,41.801,-2.0418,0.1476,-7.5126,-1.4058,-0.18741,-6.4937,0,0,0,NaN,NaN,NaN,NaN,NaN,NaN,NaN,NaN,NaN,47.63,0,3230.9,0.0058767,NaN,NaN,NaN,NaN,17.653,97856,11.75,-1.9104,1.0811,-8.6586,-0.8085,2.0821,-6.497,NaN,NaN,NaN,NaN,NaN
347.39,-25.297,-18.99,41.785,-2.3389,2.024,-10.305,-1.3293,1.6391,-6.2357,0,0,0,NaN,NaN,NaN,NaN,NaN,NaN,NaN,NaN,NaN,47.63,0,3230.9,0.0058767,NaN,NaN,NaN,NaN,NaN,-1,-1,-1.9075,1.0905,-8.6338,-0.88232,2.0626,-6.4427,NaN,NaN,NaN,NaN,NaN
347.4,-25.286,-18.989,41.748,-1.5876,0.5355,-6.5769,-0.66354,2.0387,-6.807,0,0,0,NaN,NaN,NaN,NaN,NaN,NaN,NaN,NaN,NaN,47.63,0,3230.9,0.0058767,NaN,NaN,NaN,NaN,NaN,-1,-1,-1.9033,1.0941,-8.6325,-0.93652,2.0538,-6.4256,NaN,NaN,NaN,NaN,NaN
347.4,-25.281,-18.996,41.733,-1.7526,1.0225,-10.586,-0.50919,-0.35346,-6.8752,0,0,0,NaN,NaN,NaN,NaN,NaN,NaN,NaN,NaN,NaN,47.63,0,3230.9,0.0058767,NaN,NaN,NaN,NaN,17.534,97804,11.5,-1.9067,1.0826,-8.6171,-1.0161,1.8928,-6.4052,NaN,NaN,NaN,NaN,NaN
347.4,-25.277,-18.994,41.714,-2.5166,0.96172,-9.8011,-1.1187,3.7959,-6.3936,0,0,0,NaN,NaN,NaN,NaN,NaN,NaN,NaN,NaN,NaN,47.63,0,3230.9,0.0058767,NaN,NaN,NaN,NaN,NaN,-1,-1,-1.9039,1.0728,-8.5961,-1.0425,1.9941,-6.3866,NaN,NaN,NaN,NaN,NaN
347.4,-25.271,-18.991,41.694,-1.9342,1.5111,-8.501,-0.59141,3.7927,-6.5518,0.66411,0.51783,-0.70005,13.855,13.672,-6.7538,20.604,40.059,-88.55,3.678e+05,4.4354e+06,249.27,47.63,0,3230.9,0.0058767,0.79442,2.5966,0.62438,0.11238,17.606,97827,11.625,-1.9057,1.0793,-8.5912,-1.0818,2.164,-6.3604,20.566,1.1042,0.59286,1.6513,3.072
347.41,-25.269,-18.994,41.677,-1.2918,1.2787,-7.5723,-1.6346,1.7106,-6.514,0,0,0,NaN,NaN,NaN,NaN,NaN,NaN,NaN,NaN,NaN,47.63,0,3230.9,0.0058767,NaN,NaN,NaN,NaN,NaN,-1,-1,-1.9067,1.0863,-8.5602,-1.1415,2.1694,-6.3482,NaN,NaN,NaN,NaN,NaN
347.41,-25.267,-18.998,41.661,-2.5814,1.2985,-8.8653,-1.4919,0.91037,-6.8322,0,0,0,NaN,NaN,NaN,NaN,NaN,NaN,NaN,NaN,NaN,47.63,0,3230.9,0.0058767,NaN,NaN,NaN,NaN,NaN,-1,-1,-1.91,1.0724,-8.5533,-1.1501,2.0398,-6.3444,NaN,NaN,NaN,NaN,NaN
347.41,-25.262,-18.999,41.642,-1.7002,0.73145,-9.5819,-1.1685,2.8057,-6.8692,0,0,0,NaN,NaN,NaN,NaN,NaN,NaN,NaN,NaN,NaN,47.63,0,3230.9,0.0058767,NaN,NaN,NaN,NaN,17.535,97824,11.563,-1.8958,1.0704,-8.462,-1.16,2.1577,-6.3344,NaN,NaN,NaN,NaN,NaN
347.41,-25.259,-19,41.623,-2.1173,0.78474,-8.7855,-1.4899,2.2862,-6.8344,0.66396,0.5081,-0.70229,NaN,NaN,NaN,NaN,NaN,NaN,NaN,NaN,NaN,47.63,0,3230.9,0.0058767,0.80865,2.6085,0.65481,0.066593,NaN,-1,-1,-1.8923,1.0737,-8.4559,-1.1661,2.0816,-6.3401,NaN,NaN,NaN,NaN,NaN
347.42,-25.257,-19.002,41.606,-1.5637,0.4904,-8.079,-1.6589,1.8054,-6.711,0,0,0,NaN,NaN,NaN,NaN,NaN,NaN,NaN,NaN,NaN,47.63,0,3230.9,0.0058767,NaN,NaN,NaN,NaN,NaN,-1,-1,-1.8962,1.0826,-8.4694,-1.2225,2.0143,-6.3358,NaN,NaN,NaN,NaN,NaN
347.42,-25.256,-19.004,41.588,-2.626,1.7818,-10.25,-2.2296,2.1876,-7.113,0,0,0,NaN,NaN,NaN,NaN,NaN,NaN,NaN,NaN,NaN,47.63,0,3230.9,0.0058767,NaN,NaN,NaN,NaN,17.783,97828,11.563,-1.8935,1.0837,-8.4654,-1.2575,2.1306,-6.3516,NaN,NaN,NaN,NaN,NaN
347.42,-25.251,-19.004,41.568,-1.8013,2.3037,-7.8726,-1.0827,3.2443,-7.2907,0,0,0,NaN,NaN,NaN,NaN,NaN,NaN,NaN,NaN,NaN,47.63,0,3230.9,0.0058767,NaN,NaN,NaN,NaN,NaN,-1,-1,-1.8784,1.0668,-8.3689,-1.3007,2.1701,-6.3676,NaN,NaN,NaN,NaN,NaN
347.42,-25.241,-19.014,41.532,-1.7986,0.017873,-8.615,-1.5255,0.58447,-7.3353,0,0,0,NaN,NaN,NaN,NaN,NaN,NaN,NaN,NaN,NaN,47.63,0,3230.9,0.0058767,NaN,NaN,NaN,NaN,17.63,97879,11.813,-1.8784,1.0704,-8.3852,-1.3445,2.0542,-6.4109,NaN,NaN,NaN,NaN,NaN
347.43,-25.237,-19.013,41.513,-2.5807,2.2151,-11.971,-1.3526,3.2584,-6.95,0,0,0,NaN,NaN,NaN,NaN,NaN,NaN,NaN,NaN,NaN,47.63,0,3230.9,0.0058767,NaN,NaN,NaN,NaN,NaN,-1,-1,-1.8801,1.07,-8.3959,-1.3933,2.0099,-6.4446,NaN,NaN,NaN,NaN,NaN
347.43,-25.233,-19.007,41.491,-1.9764,0.70551,-6.5146,-1.5709,5.7442,-6.6061,0,0,0,NaN,NaN,NaN,NaN,NaN,NaN,NaN,NaN,NaN,47.63,0,3230.9,0.0058767,0.80865,2.6091,0.64994,0.0899,NaN,-1,-1,-1.8841,1.0758,-8.3649,-1.3811,2.1683,-6.4766,NaN,NaN,NaN,NaN,NaN
347.43,0,0,0,0,0,0,0,0,0,0,0,0,NaN,NaN,NaN,NaN,NaN,NaN,NaN,NaN,NaN,47.63,0,3230.9,0.0058767,NaN,NaN,NaN,NaN,17.693,97827,11.563,-1.8829,1.0679,-8.3602,-1.3911,2.1632,-6.5191,NaN,NaN,NaN,NaN,NaN
347.43,-25.232,-19.015,41.475,-0.98183,1.1798,-7.0614,-1.933,-0.6424,-7.2888,0.67112,0.52025,-0.6972,NaN,NaN,NaN,NaN,NaN,NaN,NaN,NaN,NaN,47.63,0,3230.9,0.0058767,NaN,NaN,NaN,NaN,NaN,-1,-1,-1.8919,1.0801,-8.3904,-1.4136,2.028,-6.5577,NaN,NaN,NaN,NaN,NaN
347.44,-25.228,-19.021,41.457,-2.7955,2.0034,-10.631,-1.0864,0.51022,-7.5165,0,0,0,NaN,NaN,NaN,NaN,NaN,NaN,NaN,NaN,NaN,47.63,0,3230.9,0.0058767,NaN,NaN,NaN,NaN,NaN,-1,-1,-1.8873,1.0747,-8.4013,-1.3995,2.1741,-6.5914,NaN,NaN,NaN,NaN,NaN
347.44,-25.224,-19.018,41.434,-2.076,0.53491,-8.9931,-1.6146,4.8531,-7.616,0,0,0,NaN,NaN,NaN,NaN,NaN,NaN,NaN,NaN,NaN,47.63,0,3230.9,0.0058767,NaN,NaN,NaN,NaN,17.672,97860,11.688,-1.8894,1.0703,-8.373,-1.3822,2.277,-6.6377,NaN,NaN,NaN,NaN,NaN
347.44,-25.221,-19.028,41.399,-1.9472,1.8486,-8.3629,-2.4067,0.9165,-7.1745,0.66647,0.52272,-0.69761,NaN,NaN,NaN,NaN,NaN,NaN,NaN,NaN,NaN,47.63,0,3230.9,0.0058767,NaN,NaN,NaN,0.024972,NaN,-1,-1,-1.8918,1.0859,-8.3655,-1.4417,2.2405,-6.66,NaN,NaN,NaN,NaN,NaN
347.44,0,0,0,0,0,0,0,0,0,0,0,0,NaN,NaN,NaN,NaN,NaN,NaN,NaN,NaN,NaN,47.63,0,3230.9,0.0058767,NaN,NaN,NaN,0.024972,17.649,97818,11.563,-1.8872,1.0828,-8.3518,-1.4622,2.2591,-6.7162,NaN,NaN,NaN,NaN,NaN
347.45,-25.217,-19.025,41.377,-2.6544,1.7264,-10.564,-1.2649,4.2762,-7.4757,0,0,0,NaN,NaN,NaN,NaN,NaN,NaN,NaN,NaN,NaN,47.63,0,3230.9,0.0058767,NaN,NaN,NaN,NaN,NaN,-1,-1,-1.8834,1.0785,-8.3475,-1.4833,2.3108,-6.777,NaN,NaN,NaN,NaN,NaN
347.45,-25.21,-19.027,41.356,-1.255,1.1592,-6.892,-0.61261,2.6077,-7.9271,0,0,0,NaN,NaN,NaN,NaN,NaN,NaN,NaN,NaN,NaN,47.63,0,3230.9,0.0058767,NaN,NaN,NaN,NaN,NaN,-1,-1,-1.8799,1.0763,-8.3095,-1.5157,2.2242,-6.8482,NaN,NaN,NaN,NaN,NaN
347.45,-25.203,-19.035,41.318,-2.5895,1.2583,-9.7452,-1.779,3.0647,-7.4656,0.66639,0.51539,-0.69985,NaN,NaN,NaN,NaN,NaN,NaN,NaN,NaN,NaN,47.63,0,3230.9,0.0058767,NaN,NaN,NaN,NaN,17.607,97841,11.688,-1.8989,1.0849,-8.3904,-1.5674,2.2784,-6.9101,NaN,NaN,NaN,NaN,NaN
347.45,-25.198,-19.034,41.297,-2.4906,1.4256,-9.2157,-1.0565,3.651,-7.1772,0,0,0,NaN,NaN,NaN,NaN,NaN,NaN,NaN,NaN,NaN,47.63,0,3230.9,0.0058767,NaN,NaN,NaN,NaN,NaN,-1,-1,-1.9106,1.0885,-8.3962,-1.5894,2.2534,-6.9867,NaN,NaN,NaN,NaN,NaN
347.46,-25.196,-19.036,41.278,-0.63416,0.99227,-6.4921,-2.2085,2.2681,-7.5202,0,0,0,NaN,NaN,NaN,NaN,NaN,NaN,NaN,NaN,NaN,47.63,0,3230.9,0.0058767,NaN,NaN,NaN,NaN,NaN,-1,-1,-1.9059,1.0933,-8.3772,-1.5941,2.1396,-7.0764,NaN,NaN,NaN,NaN,NaN
347.46,-25.194,-19.042,41.259,-2.8901,1.3961,-9.3584,-1.8428,0.86242,-7.9333,0,0,0,NaN,NaN,NaN,NaN,NaN,NaN,NaN,NaN,NaN,47.63,0,3230.9,0.0058767,NaN,NaN,NaN,NaN,17.65,97854,11.688,-1.9193,1.0811,-8.4169,-1.5985,2.1912,-7.1638,NaN,NaN,NaN,NaN,NaN
347.46,-25.164,-19.061,41.254,-1.8401,1.205,-8.938,-1.1678,1.9789,-7.8659,0.6757,0.52031,-0.69456,NaN,NaN,NaN,NaN,NaN,NaN,NaN,NaN,NaN,47.63,0,3259.5,0.0069644,NaN,NaN,NaN,NaN,NaN,-1,-1,-1.9449,1.0925,-8.5073,-1.5992,2.2692,-7.256,NaN,NaN,NaN,NaN,NaN
347.46,-25.161,-19.063,41.234,-1.6814,0.76438,-9.5065,-1.7386,2.686,-7.8302,0,0,0,NaN,NaN,NaN,NaN,NaN,NaN,NaN,NaN,NaN,47.63,0,3259.5,0.0069644,NaN,NaN,NaN,NaN,17.827,97811,11.5,-1.9421,1.1028,-8.5055,-1.6429,2.2282,-7.3501,NaN,NaN,NaN,NaN,NaN
347.47,-25.159,-19.065,41.214,-2.2662,0.24877,-7.7255,-2.2189,2.2069,-7.7315,0,0,0,NaN,NaN,NaN,NaN,NaN,NaN,NaN,NaN,NaN,47.63,0,3259.5,0.0069644,NaN,NaN,NaN,NaN,NaN,-1,-1,-1.934,1.0956,-8.4835,-1.6865,2.1928,-7.447,NaN,NaN,NaN,NaN,NaN
347.47,-25.158,-19.069,41.194,-2.0827,1.9702,-9.735,-2.8415,1.8201,-7.8506,0,0,0,NaN,NaN,NaN,NaN,NaN,NaN,NaN,NaN,NaN,47.63,0,3259.5,0.0069644,NaN,NaN,NaN,NaN,NaN,-1,-1,-1.9429,1.1101,-8.5237,-1.73,2.2347,-7.5625,NaN,NaN,NaN,NaN,NaN
347.47,-25.152,-19.068,41.17,-1.8519,1.665,-7.8225,-0.93232,3.7501,-8.1498,0.67063,0.50344,-0.69724,NaN,NaN,NaN,NaN,NaN,NaN,NaN,NaN,NaN,47.63,0,3259.5,0.0069644,NaN,NaN,NaN,NaN,17.76,97828,11.563,-1.9384,1.103,-8.5094,-1.757,2.186,-7.6819,NaN,NaN,NaN,NaN,NaN
347.47,-25.148,-19.073,41.149,-1.8323,0.45974,-8.5979,-1.1537,1.4413,-8.221,0,0,0,NaN,NaN,NaN,NaN,NaN,NaN,NaN,NaN,NaN,47.63,0,3259.5,0.0069644,NaN,NaN,NaN,NaN,NaN,-1,-1,-1.9444,1.0886,-8.5356,-1.76,2.1262,-7.8048,NaN,NaN,NaN,NaN,NaN
347.48,-25.145,-19.081,41.132,-1.83,0.19196,-9.6294,-1.5077,-0.23921,-7.9511,0,0,0,NaN,NaN,NaN,NaN,NaN,NaN,NaN,NaN,NaN,47.63,0,3259.5,0.0069644,NaN,NaN,NaN,NaN,NaN,-1,-1,-1.9528,1.1029,-8.5587,-1.7931,2.1638,-7.9219,NaN,NaN,NaN,NaN,NaN
347.48,-25.141,-19.079,41.11,-2.4496,2.4223,-9.6717,-1.8775,4.1602,-7.4809,0,0,0,NaN,NaN,NaN,NaN,NaN,NaN,NaN,NaN,NaN,47.63,0,3259.5,0.0069644,0.80099,2.4868,0.7114,0.034961,17.373,97812,11.5,-1.9483,1.1158,-8.5392,-1.8194,2.2183,-8.0529,NaN,NaN,NaN,NaN,NaN
347.48,-25.137,-19.074,41.086,-1.6011,0.62637,-7.2666,-1.7027,5.6099,-7.6605,0.66902,0.52004,-0.70183,NaN,NaN,NaN,NaN,NaN,NaN,NaN,NaN,NaN,47.63,0,3259.5,0.0069644,0.80099,2.4868,0.7114,0.034961,NaN,-1,-1,-1.943,1.1004,-8.5385,-1.833,2.1871,-8.1878,NaN,NaN,NaN,NaN,NaN
347.48,-25.137,-19.085,41.069,-1.7296,1.0013,-7.7999,-2.7257,-1.5238,-8.3074,0,0,0,NaN,NaN,NaN,NaN,NaN,NaN,NaN,NaN,NaN,47.63,0,3259.5,0.0069644,NaN,NaN,NaN,NaN,17.65,97896,11.813,-1.9515,1.102,-8.5657,-1.8322,2.2175,-8.3109,NaN,NaN,NaN,NaN,NaN
347.49,-25.134,-19.089,41.048,-2.5547,2.265,-10.398,-1.7616,1.8664,-8.379,0,0,0,NaN,NaN,NaN,NaN,NaN,NaN,NaN,NaN,NaN,47.63,0,3259.5,0.0069644,NaN,NaN,NaN,NaN,NaN,-1,-1,-1.9549,1.1057,-8.5862,-1.8283,2.3233,-8.4314,NaN,NaN,NaN,NaN,NaN
347.49,-25.129,-19.087,41.023,-1.7311,-0.12217,-8.6397,-1.7212,4.8012,-8.5287,0,0,0,NaN,NaN,NaN,NaN,NaN,NaN,NaN,NaN,NaN,47.63,0,3259.5,0.0069644,NaN,NaN,NaN,NaN,NaN,-1,-1,-1.9465,1.0927,-8.5648,-1.8037,2.2932,-8.3056,NaN,NaN,NaN,NaN,NaN
347.49,-25.128,-19.092,41.001,-2.0614,0.21263,-7.9397,-2.7693,1.2445,-8.4338,0.6686,0.50563,-0.70188,NaN,NaN,NaN,NaN,NaN,NaN,NaN,NaN,NaN,47.63,0,3259.5,0.0069644,NaN,NaN,NaN,NaN,17.673,97855,11.688,-1.9532,1.0934,-8.5751,-1.8457,2.2241,-8.3836,NaN,NaN,NaN,NaN,NaN
347.49,-25.128,-19.097,40.981,-1.9598,1.875,-8.759,-2.8337,1.3584,-8.1375,0,0,0,NaN,NaN,NaN,NaN,NaN,NaN,NaN,NaN,NaN,47.63,0,3259.5,0.0069644,NaN,NaN,NaN,NaN,NaN,-1,-1,-1.9516,1.1115,-8.5966,-1.8634,2.1398,-8.4841,NaN,NaN,NaN,NaN,NaN
347.5,-25.119,-19.101,40.935,-1.6537,0.61874,-7.1371,-1.529,2.0888,-8.9823,0,0,0,NaN,NaN,NaN,NaN,NaN,NaN,NaN,NaN,NaN,47.63,0,3259.5,0.0069644,NaN,NaN,NaN,NaN,NaN,-1,-1,-1.9509,1.101,-8.5929,-1.8737,2.265,-8.5975,NaN,NaN,NaN,NaN,NaN
347.5,-25.115,-19.107,40.915,-1.7,1.526,-9.7957,-1.4129,0.85445,-8.5105,0.66861,0.51056,-0.69965,NaN,NaN,NaN,NaN,NaN,NaN,NaN,NaN,NaN,47.63,0,3259.5,0.0069644,NaN,NaN,NaN,NaN,17.761,97824,11.563,-1.9478,1.0817,-8.5944,-1.9147,2.1829,-8.6969,NaN,NaN,NaN,NaN,NaN
347.5,-25.111,-19.108,40.892,-2.5135,0.59861,-8.7159,-1.6375,3.4773,-8.3832,0,0,0,NaN,NaN,NaN,NaN,NaN,NaN,NaN,NaN,NaN,47.63,0,3259.5,0.0069644,NaN,NaN,NaN,NaN,17.672,97860,11.688,-1.9561,1.1037,-8.6237,-1.8491,2.0545,-8.5118,NaN,NaN,NaN,NaN,NaN
347.5,-25.103,-19.109,40.847,-1.1697,1.24,-6.3973,-2.1069,3.0499,-8.4957,0,0,0,NaN,NaN,NaN,NaN,NaN,NaN,NaN,NaN,NaN,47.63,0,3259.5,0.0069644,NaN,NaN,NaN,NaN,NaN,-1,-1,-1.9537,1.1025,-8.637,-1.8401,2.2205,-8.5476,NaN,NaN,NaN,NaN,NaN
347.51,-25.099,-19.117,40.826,-2.3364,1.5015,-8.7696,-1.4748,0.23079,-8.6305,0.66631,0.50807,-0.70208,NaN,NaN,NaN,NaN,NaN,NaN,NaN,NaN,NaN,47.63,0,3259.5,0.0069644,0.79004,2.5966,0.63047,NaN,NaN,-1,-1,-1.9498,1.0901,-8.6118,-1.7904,2.212,-8.597,NaN,NaN,NaN,NaN,NaN
347.51,-25.094,-19.12,40.803,-2.0851,0.38812,-9.4463,-1.5723,2.7809,-8.9447,0,0,0,NaN,NaN,NaN,NaN,NaN,NaN,NaN,NaN,NaN,47.63,0,3259.5,0.0069644,NaN,NaN,NaN,0.09323,NaN,-1,-1,-1.9465,1.0958,-8.6298,-1.7902,2.2186,-8.6292,NaN,NaN,NaN,NaN,NaN
347.51,-25.09,-19.122,40.779,-2.0569,0.45737,-8.8668,-1.7473,2.8882,-8.8742,0,0,0,NaN,NaN,NaN,NaN,NaN,NaN,NaN,NaN,NaN,47.63,0,3259.5,0.0069644,NaN,NaN,NaN,NaN,17.513,97860,11.688,-1.9604,1.1046,-8.6764,-1.725,2.3469,-8.6627,NaN,NaN,NaN,NaN,NaN
347.51,-25.088,-19.126,40.757,-1.9695,1.3194,-8.0201,-2.2897,2.0349,-8.6172,0,0,0,NaN,NaN,NaN,NaN,NaN,NaN,NaN,NaN,NaN,47.63,0,3259.5,0.0069644,NaN,NaN,NaN,NaN,NaN,-1,-1,-1.9518,1.0894,-8.6679,-1.7144,2.378,-8.69,NaN,NaN,NaN,NaN,NaN
347.52,-25.084,-19.131,40.735,-2.2991,1.5654,-9.0789,-1.8034,1.4952,-8.7073,0.67332,0.50557,-0.70145,NaN,NaN,NaN,NaN,NaN,NaN,NaN,NaN,NaN,47.63,0,3259.5,0.0069644,NaN,NaN,NaN,NaN,NaN,-1,-1,-1.9559,1.0951,-8.6837,-1.7269,2.2967,-8.7227,NaN,NaN,NaN,NaN,NaN
347.52,-25.079,-19.132,40.711,-1.5869,0.93141,-8.3527,-1.4464,3.1369,-8.6946,0,0,0,NaN,NaN,NaN,NaN,NaN,NaN,NaN,NaN,NaN,47.63,0,3259.5,0.0069644,NaN,NaN,NaN,NaN,17.785,97856,11.688,-1.9612,1.1057,-8.7272,-1.7284,2.3605,-8.7586,NaN,NaN,NaN,NaN,NaN
347.52,-25.074,-19.136,40.688,-1.8387,0.98361,-9.0745,-1.2293,2.0648,-9.0531,0,0,0,NaN,NaN,NaN,NaN,NaN,NaN,NaN,NaN,NaN,47.63,0,3259.5,0.0069644,0.82617,2.6079,0.65177,0.069923,NaN,-1,-1,-1.9563,1.0918,-8.722,-1.7294,2.3417,-8.8058,NaN,NaN,NaN,NaN,NaN
347.52,-25.067,-19.142,40.667,-2.1234,1.0524,-9.045,-0.69379,1.477,-8.6747,0,0,0,NaN,NaN,NaN,NaN,NaN,NaN,NaN,NaN,NaN,47.63,0,3259.5,0.0069644,NaN,NaN,NaN,NaN,17.783,97847,11.625,-1.9528,1.0846,-8.7234,-1.7257,2.3548,-8.841,NaN,NaN,NaN,NaN,NaN
347.53,-25.062,-19.141,40.642,-2.1833,0.30933,-9.7609,-1.3127,3.8487,-8.5996,0.6688,0.50792,-0.70408,NaN,NaN,NaN,NaN,NaN,NaN,NaN,NaN,NaN,47.63,0,3259.5,0.0069644,NaN,NaN,NaN,NaN,NaN,-1,-1,-1.9527,1.0965,-8.742,-1.7284,2.487,-8.878,NaN,NaN,NaN,NaN,NaN
347.53,-25.059,-19.14,40.618,-1.5348,1.9214,-7.2705,-2.2223,4.045,-8.3758,0,0,0,NaN,NaN,NaN,NaN,NaN,NaN,NaN,NaN,NaN,47.63,0,3259.5,0.0069644,NaN,NaN,NaN,NaN,NaN,-1,-1,-1.9521,1.1046,-8.7234,-1.7068,2.5118,-8.9093,NaN,NaN,NaN,NaN,NaN
347.53,-25.056,-19.146,40.596,-2.2377,1.3253,-8.5988,-2.0838,1.5798,-9.0172,0,0,0,NaN,NaN,NaN,NaN,NaN,NaN,NaN,NaN,NaN,47.63,0,3259.5,0.0069644,NaN,NaN,NaN,NaN,17.65,97856,11.688,-1.9426,1.0903,-8.7244,-1.6926,2.5335,-8.9412,NaN,NaN,NaN,NaN,NaN
347.53,-25.05,-19.15,40.573,-1.9627,1.0499,-8.4261,-1.1506,2.1486,-8.9552,0,0,0,NaN,NaN,NaN,NaN,NaN,NaN,NaN,NaN,NaN,47.63,0,3259.5,0.0069644,0.80154,2.6049,0.63899,0.084906,NaN,-1,-1,-1.9468,1.088,-8.7857,-1.6573,2.53,-8.9768,NaN,NaN,NaN,NaN,NaN
347.54,-25.046,-19.154,40.548,-1.6542,0.37381,-10.579,-1.8748,1.9371,-9.0759,0.67547,0.50326,-0.69903,NaN,NaN,NaN,NaN,NaN,NaN,NaN,NaN,NaN,47.63,0,3259.5,0.0069644,NaN,NaN,NaN,NaN,NaN,-1,-1,-1.9414,1.0926,-8.7545,-1.6251,2.5978,-8.9833,NaN,NaN,NaN,NaN,NaN
347.54,-25.043,-19.157,40.524,-2.385,0.84244,-8.3901,-2.1796,2.7079,-9.2078,0,0,0,NaN,NaN,NaN,NaN,NaN,NaN,NaN,NaN,NaN,47.63,0,3259.5,0.0069644,NaN,NaN,NaN,NaN,17.578,97837,11.563,-1.9317,1.0813,-8.7461,-1.6547,2.8216,-8.9736,NaN,NaN,NaN,NaN,NaN
347.54,-25.04,-19.158,40.5,-2.0659,1.0811,-8.2961,-2.6162,3.6503,-8.989,0,0,0,NaN,NaN,NaN,NaN,NaN,NaN,NaN,NaN,NaN,47.63,0,3259.5,0.0069644,NaN,NaN,NaN,NaN,NaN,-1,-1,-1.9334,1.0819,-8.7633,-1.6922,2.7454,-9.0147,NaN,NaN,NaN,NaN,NaN
347.54,-25.036,-19.161,40.477,-1.5946,1.7586,-8.8113,-1.5615,2.2824,-8.9684,0,0,0,NaN,NaN,NaN,NaN,NaN,NaN,NaN,NaN,NaN,47.63,0,3259.5,0.0069644,NaN,NaN,NaN,NaN,17.716,97844,11.625,-1.9362,1.0988,-8.7966,-1.705,2.6684,-9.0536,NaN,NaN,NaN,NaN,NaN
347.55,-25.03,-19.165,40.451,-2.4591,1.3144,-9.7857,-1.2795,2.236,-9.4427,0.66861,0.51056,-0.69965,NaN,NaN,NaN,NaN,NaN,NaN,NaN,NaN,NaN,47.63,0,3259.5,0.0069644,0.80318,2.6175,0.64872,0.078247,NaN,-1,-1,-1.9311,1.0754,-8.7632,-1.7009,2.7683,-9.1006,NaN,NaN,NaN,NaN,NaN
347.55,-25.023,-19.167,40.427,-1.3814,0.29282,-9.0695,-0.995,3.429,-9.0905,0,0,0,NaN,NaN,NaN,NaN,NaN,NaN,NaN,NaN,NaN,47.63,0,3259.5,0.0069644,NaN,NaN,NaN,NaN,NaN,-1,-1,-1.9353,1.0725,-8.7932,-1.7238,2.8447,-9.1236,NaN,NaN,NaN,NaN,NaN
347.55,-25.019,-19.172,40.404,-1.8841,0.94922,-8.4887,-1.5781,1.6168,-8.859,0,0,0,NaN,NaN,NaN,NaN,NaN,NaN,NaN,NaN,NaN,47.63,0,3259.5,0.0069644,NaN,NaN,NaN,NaN,17.779,97828,11.5,-1.94,1.0829,-8.8412,-1.778,2.8079,-9.1269,NaN,NaN,NaN,NaN,NaN
347.55,-25.014,-19.171,40.38,-2.9459,1.608,-10.07,-1.4965,4.1216,-8.7972,0,0,0,NaN,NaN,NaN,NaN,NaN,NaN,NaN,NaN,NaN,47.63,0,3259.5,0.0069644,NaN,NaN,NaN,NaN,NaN,-1,-1,-1.9341,1.0838,-8.82,-1.7991,2.8181,-9.158,NaN,NaN,NaN,NaN,NaN
347.56,-25.01,-19.17,40.352,-0.7721,1.1,-7.8604,-2.2092,4.5966,-9.2743,0.6709,0.50813,-0.69944,NaN,NaN,NaN,NaN,NaN,NaN,NaN,NaN,NaN,47.63,0,3259.5,0.0069644,NaN,NaN,NaN,NaN,NaN,-1,-1,-1.9267,1.0773,-8.8441,-1.7894,2.8251,-9.1747,NaN,NaN,NaN,NaN,NaN
347.56,-25.006,-19.179,40.331,-2.5074,1.1312,-8.2877,-1.5811,-0.030997,-9.3044,0,0,0,NaN,NaN,NaN,NaN,NaN,NaN,NaN,NaN,NaN,47.63,0,3259.5,0.0069644,NaN,NaN,NaN,NaN,17.828,97892,11.75,-1.9341,1.0717,-8.8546,-1.7858,2.8659,-9.203,NaN,NaN,NaN,NaN,NaN
347.56,-25.001,-19.18,40.305,-2.1798,1.193,-10.614,-1.9882,3.6065,-9.3746,0,0,0,NaN,NaN,NaN,NaN,NaN,NaN,NaN,NaN,NaN,47.63,0,3259.5,0.0069644,0.81139,2.494,0.7114,0.034129,NaN,-1,-1,-1.939,1.0788,-8.9,-1.8122,2.8325,-9.2186,NaN,NaN,NaN,NaN,NaN
347.56,-24.996,-19.18,40.279,-1.7171,0.76967,-8.6902,-1.5549,4.0224,-9.4472,0,0,0,NaN,NaN,NaN,NaN,NaN,NaN,NaN,NaN,NaN,47.63,0,3259.5,0.0069644,NaN,NaN,NaN,NaN,17.623,97839,11.563,-1.9245,1.0693,-8.8781,-1.8384,2.8631,-9.2202,NaN,NaN,NaN,NaN,NaN
347.57,-24.994,-19.186,40.256,-1.9145,0.44677,-7.8674,-2.7952,1.2218,-9.0021,0.67607,0.5101,-0.70565,NaN,NaN,NaN,NaN,NaN,NaN,NaN,NaN,NaN,47.63,0,3259.5,0.0069644,NaN,NaN,NaN,NaN,NaN,-1,-1,-1.9275,1.0654,-8.8861,-1.8542,2.8967,-9.2447,NaN,NaN,NaN,NaN,NaN
347.57,-24.991,-19.189,40.231,-2.7522,2.1209,-11.855,-2.4668,2.79,-9.3895,0,0,0,NaN,NaN,NaN,NaN,NaN,NaN,NaN,NaN,NaN,47.63,0,3259.5,0.0069644,NaN,NaN,NaN,NaN,NaN,-1,-1,-1.9271,1.0659,-8.9281,-1.8593,2.8594,-9.2807,NaN,NaN,NaN,NaN,NaN
347.57,-24.985,-19.187,40.204,-1.2763,1.6297,-7.1024,-1.5106,4.8767,-9.6435,0,0,0,NaN,NaN,NaN,NaN,NaN,NaN,NaN,NaN,NaN,47.63,0,3282.3,0.0064211,0.79059,2.5978,0.63107,NaN,17.985,97862,11.688,-1.9234,1.0616,-8.9334,-1.8977,2.8497,-9.3156,NaN,NaN,NaN,NaN,NaN
347.57,-24.979,-19.193,40.18,-1.6765,0.016086,-9.8543,-0.97827,1.5997,-9.5103,0,0,0,NaN,NaN,NaN,NaN,NaN,NaN,NaN,NaN,NaN,47.63,0,3282.3,0.0064211,NaN,NaN,NaN,0.083241,NaN,-1,-1,-1.9286,1.0491,-8.9668,-1.8739,2.8506,-9.3326,NaN,NaN,NaN,NaN,NaN
347.58,-24.969,-19.195,40.129,-2.1863,2.1519,-11.574,-1.3572,4.9148,-9.0791,0,0,0,NaN,NaN,NaN,NaN,NaN,NaN,NaN,NaN,NaN,47.63,0,3282.3,0.0064211,NaN,NaN,NaN,NaN,NaN,-1,-1,-1.9292,1.0525,-8.9791,-1.8538,2.8948,-9.3501,NaN,NaN,NaN,NaN,NaN
347.58,-24.965,-19.195,40.104,-1.3883,0.6137,-6.119,-2.0042,3.8844,-9.2204,0,0,0,NaN,NaN,NaN,NaN,NaN,NaN,NaN,NaN,NaN,47.63,0,3282.3,0.0064211,NaN,NaN,NaN,NaN,17.847,97848,11.563,-1.9281,1.0632,-8.9816,-1.8436,2.8586,-9.369,NaN,NaN,NaN,NaN,NaN
347.58,-24.964,-19.205,40.083,-2.0598,0.95881,-9.6192,-2.7354,-0.35191,-9.1684,0,0,0,NaN,NaN,NaN,NaN,NaN,NaN,NaN,NaN,NaN,47.63,0,3282.3,0.0064211,NaN,NaN,NaN,NaN,17.852,97859,11.688,-1.9169,1.0558,-8.9771,-1.7843,2.8341,-9.3723,NaN,NaN,NaN,NaN,NaN
347.58,-24.958,-19.204,40.055,-2.4478,1.8605,-10.042,-1.6772,4.7833,-9.5944,0.67319,0.50569,-0.69924,NaN,NaN,NaN,NaN,NaN,NaN,NaN,NaN,NaN,47.63,0,3282.3,0.0064211,NaN,NaN,NaN,NaN,NaN,-1,-1,-1.9283,1.0596,-9.032,-1.7063,2.8957,-9.3914,NaN,NaN,NaN,NaN,NaN
347.59,-24.952,-19.207,40.029,-1.4631,0.51572,-8.5441,-1.4664,2.8676,-9.6856,0,0,0,NaN,NaN,NaN,NaN,NaN,NaN,NaN,NaN,NaN,47.63,0,3282.3,0.0064211,0.81249,2.6163,0.64751,0.074917,NaN,-1,-1,-1.9202,1.0545,-9.0067,-1.6763,2.9276,-9.3876,NaN,NaN,NaN,NaN,NaN
347.59,-24.95,-19.212,40.006,-2.1108,0.28976,-9.4998,-2.3797,1.411,-9.2738,0,0,0,NaN,NaN,NaN,NaN,NaN,NaN,NaN,NaN,NaN,47.63,0,3282.3,0.0064211,NaN,NaN,NaN,NaN,NaN,-1,-1,-1.9084,1.0411,-8.9907,-1.6727,2.8721,-9.4088,NaN,NaN,NaN,NaN,NaN
347.59,-24.947,-19.214,39.98,-2.3093,2.0642,-9.3654,-2.8063,3.5119,-9.5265,0,0,0,NaN,NaN,NaN,NaN,NaN,NaN,NaN,NaN,NaN,47.63,0,3282.3,0.0064211,NaN,NaN,NaN,NaN,17.937,97821,11.5,-1.9138,1.0422,-9.0321,-1.6559,2.9292,-9.4273,NaN,NaN,NaN,NaN,NaN
347.59,-24.935,-19.221,39.928,-1.8914,0.37757,-8.5192,-0.76461,0.70967,-10.083,0,0,0,NaN,NaN,NaN,NaN,NaN,NaN,NaN,NaN,NaN,47.63,0,3282.3,0.0064211,NaN,NaN,NaN,NaN,NaN,-1,-1,-1.9136,1.0457,-9.0359,-1.6367,2.892,-9.4598,NaN,NaN,NaN,NaN,NaN
347.6,-24.93,-19.225,39.904,-2.0873,1.0587,-10.987,-1.4934,2.2123,-9.1268,0,0,0,NaN,NaN,NaN,NaN,NaN,NaN,NaN,NaN,NaN,47.63,0,3282.3,0.0064211,NaN,NaN,NaN,NaN,NaN,-1,-1,-1.9058,1.0395,-9.0509,-1.6112,2.8375,-9.4988,NaN,NaN,NaN,NaN,NaN
347.6,-24.923,-19.222,39.877,-2.1563,1.2976,-9.2674,-1.2829,5.3687,-9.1503,0,0,0,NaN,NaN,NaN,NaN,NaN,NaN,NaN,NaN,NaN,47.63,0,3282.3,0.0064211,NaN,NaN,NaN,NaN,17.713,97843,11.563,-1.9051,1.0382,-9.0532,-1.6119,2.9709,-9.5112,NaN,NaN,NaN,NaN,NaN
347.6,-24.918,-19.222,39.852,-1.7991,1.1092,-7.2943,-1.6734,3.5894,-8.9369,0.67096,0.5056,-0.70166,NaN,NaN,NaN,NaN,NaN,NaN,NaN,NaN,NaN,47.63,0,3282.3,0.0064211,0.80592,2.4862,0.7114,0.04495,NaN,-1,-1,-1.9086,1.0366,-9.0895,-1.5907,2.8872,-9.5259,NaN,NaN,NaN,NaN,NaN
347.6,-24.915,-19.23,39.829,-1.6589,1.249,-9.7953,-2.0417,0.72095,-9.4784,0,0,0,NaN,NaN,NaN,NaN,NaN,NaN,NaN,NaN,NaN,47.63,0,3282.3,0.0064211,NaN,NaN,NaN,NaN,17.58,97866,11.688,-1.9042,1.0339,-9.0736,-1.5367,2.8908,-9.5633,NaN,NaN,NaN,NaN,NaN
347.61,-24.909,-19.231,39.802,-2.4062,1.7526,-9.19,-1.3957,3.8651,-9.7185,0,0,0,NaN,NaN,NaN,NaN,NaN,NaN,NaN,NaN,NaN,47.63,0,3282.3,0.0064211,NaN,NaN,NaN,NaN,NaN,-1,-1,-1.9076,1.0346,-9.1003,-1.5241,3.0038,-9.9019,NaN,NaN,NaN,NaN,NaN
347.61,-24.902,-19.233,39.776,-1.7747,0.46142,-9.7741,-1.0737,3.1746,-9.7633,0,0,0,NaN,NaN,NaN,NaN,NaN,NaN,NaN,NaN,NaN,47.63,0,3282.3,0.0064211,0.80154,2.6049,0.64568,0.071587,NaN,-1,-1,-1.9075,1.031,-9.1258,-1.4729,2.8325,-9.8559,NaN,NaN,NaN,NaN,NaN
347.61,-24.897,-19.239,39.751,-1.9704,0.30173,-8.7753,-1.7589,1.7216,-9.792,0.68085,0.51244,-0.70522,NaN,NaN,NaN,NaN,NaN,NaN,NaN,NaN,NaN,47.63,0,3282.3,0.0064211,0.80154,2.6049,0.64568,0.071587,17.808,97897,11.813,-1.9045,1.0271,-9.099,-1.4404,2.9509,-9.7969,NaN,NaN,NaN,NaN,NaN
347.61,-24.893,-19.241,39.726,-2.2597,2.1458,-9.7953,-1.7676,3.1605,-9.2482,0,0,0,NaN,NaN,NaN,NaN,NaN,NaN,NaN,NaN,NaN,47.63,0,3282.3,0.0064211,NaN,NaN,NaN,NaN,NaN,-1,-1,-1.904,1.023,-9.1135,-1.4064,2.9358,-9.773,NaN,NaN,NaN,NaN,NaN
347.62,-24.886,-19.238,39.698,-1.6452,1.4909,-9.0338,-1.3384,5.4296,-9.651,0,0,0,NaN,NaN,NaN,NaN,NaN,NaN,NaN,NaN,NaN,47.63,0,3282.3,0.0064211,NaN,NaN,NaN,NaN,NaN,-1,-1,-1.901,1.0231,-9.1226,-1.4023,2.9448,-10.053,NaN,NaN,NaN,NaN,NaN
347.62,-24.878,-19.247,39.674,-1.7751,0.49678,-7.6803,-0.56339,0.50953,-10.238,0,0,0,NaN,NaN,NaN,NaN,NaN,NaN,NaN,NaN,NaN,47.63,0,3282.3,0.0064211,NaN,NaN,NaN,NaN,18.05,97848,11.625,-1.8976,1.0187,-9.123,-1.3329,2.9859,-9.9625,NaN,NaN,NaN,NaN,NaN
347.62,-24.87,-19.251,39.647,-1.966,0.9291,-11.554,-0.70273,2.4079,-9.9679,0.67109,0.50548,-0.70388,NaN,NaN,NaN,NaN,NaN,NaN,NaN,NaN,NaN,47.63,0,3282.3,0.0064211,NaN,NaN,NaN,NaN,NaN,-1,-1,-1.8961,1.0129,-9.1206,-1.2826,2.9846,-9.8696,NaN,NaN,NaN,NaN,NaN
347.62,-24.863,-19.25,39.619,-2.1106,1.5887,-8.8759,-1.0191,4.8497,-9.6068,0,0,0,NaN,NaN,NaN,NaN,NaN,NaN,NaN,NaN,NaN,47.63,0,3282.3,0.0064211,NaN,NaN,NaN,NaN,17.674,97911,11.875,-1.904,0.9981,-9.1292,-1.2539,2.8905,-9.7612,NaN,NaN,NaN,NaN,NaN
347.63,-24.855,-19.251,39.594,-2.134,0.95995,-9.1796,-0.44679,3.3982,-9.3117,0,0,0,NaN,NaN,NaN,NaN,NaN,NaN,NaN,NaN,NaN,47.63,0,3282.3,0.0064211,0.79442,2.6008,0.63412,0.10738,NaN,-1,-1,-1.8973,1.0155,-9.1323,-1.2383,2.9278,-9.6814,NaN,NaN,NaN,NaN,NaN
347.63,-24.85,-19.255,39.569,-1.6472,1.1051,-8.4617,-1.8044,2.3193,-9.8783,0,0,0,NaN,NaN,NaN,NaN,NaN,NaN,NaN,NaN,NaN,47.63,0,3282.3,0.0064211,NaN,NaN,NaN,NaN,NaN,-1,-1,-1.8968,1.0181,-9.1181,-1.1824,2.947,-9.6141,NaN,NaN,NaN,NaN,NaN
347.63,-24.844,-19.26,39.542,-1.8784,1.4084,-9.3023,-1.3356,2.4563,-9.8422,0.67304,0.49596,-0.70148,NaN,NaN,NaN,NaN,NaN,NaN,NaN,NaN,NaN,47.63,0,3282.3,0.0064211,NaN,NaN,NaN,NaN,17.651,97868,11.75,-1.8937,0.9989,-9.1298,-1.1599,2.9718,-9.5516,NaN,NaN,NaN,NaN,NaN
347.63,-24.835,-19.261,39.514,-2.3008,1.3324,-9.6961,-0.62258,3.8088,-10.22,0,0,0,NaN,NaN,NaN,NaN,NaN,NaN,NaN,NaN,NaN,47.63,0,3282.3,0.0064211,NaN,NaN,NaN,NaN,NaN,-1,-1,-1.9021,0.99968,-9.1457,-1.1185,3.0415,-9.4948,NaN,NaN,NaN,NaN,NaN
347.64,-24.829,-19.265,39.487,-1.981,0.038583,-8.9278,-1.2737,2.7193,-10.413,0,0,0,NaN,NaN,NaN,NaN,NaN,NaN,NaN,NaN,NaN,47.63,0,3282.3,0.0064211,NaN,NaN,NaN,0.11404,NaN,-1,-1,-1.9065,0.9984,-9.1437,-1.1193,2.9818,-9.4606,NaN,NaN,NaN,NaN,NaN
347.64,-24.825,-19.269,39.462,-1.4707,1.0841,-9.5033,-2.3596,2.4015,-9.8706,0,0,0,NaN,NaN,NaN,NaN,NaN,NaN,NaN,NaN,NaN,47.63,0,3282.3,0.0064211,NaN,NaN,NaN,0.11404,17.896,97886,11.75,-1.8953,0.98533,-9.1426,-1.1162,2.8626,-9.4081,NaN,NaN,NaN,NaN,NaN
347.64,-24.82,-19.271,39.434,-2.8003,1.6582,-10.001,-1.9926,3.7813,-10.27,0.67519,0.49365,-0.69906,13.518,14.3,-7.0337,20.898,40.059,-88.55,3.6781e+05,4.4354e+06,247.47,47.63,0,3282.3,0.0064211,NaN,NaN,NaN,NaN,17.937,97862,11.625,-1.8956,0.98655,-9.129,-1.1117,2.897,-9.3712,20.853,1.1648,0.71553,1.9652,3.1952
347.64,-24.813,-19.271,39.406,-1.236,1.4677,-7.9438,-1.1718,4.1661,-10.165,0,0,0,NaN,NaN,NaN,NaN,NaN,NaN,NaN,NaN,NaN,47.63,0,3282.3,0.0064211,NaN,NaN,NaN,NaN,NaN,-1,-1,-1.9005,0.99242,-9.1333,-1.0996,2.8971,-9.3444,NaN,NaN,NaN,NaN,NaN
347.65,-24.805,-19.279,39.381,-1.9701,0.87978,-10.458,-0.4649,1.085,-10.235,0,0,0,NaN,NaN,NaN,NaN,NaN,NaN,NaN,NaN,NaN,47.63,0,3282.3,0.0064211,NaN,NaN,NaN,NaN,17.848,97861,11.625,-1.8771,0.97578,-9.0282,-1.1195,2.9089,-9.323,NaN,NaN,NaN,NaN,NaN
347.65,-24.798,-19.281,39.354,-2.2615,0.78398,-9.7427,-1.0599,3.3574,-9.9602,0,0,0,NaN,NaN,NaN,NaN,NaN,NaN,NaN,NaN,NaN,47.63,0,3282.3,0.0064211,0.81522,2.6115,0.65116,0.069923,NaN,-1,-1,-1.881,0.98258,-9.0548,-1.1572,2.9667,-9.3108,NaN,NaN,NaN,NaN,NaN
347.65,-24.782,-19.278,39.298,-1.5311,0.70569,-7.0013,-1.6009,4.7672,-9.9008,0,0,0,NaN,NaN,NaN,NaN,NaN,NaN,NaN,NaN,NaN,47.63,0,3282.3,0.0064211,NaN,NaN,NaN,NaN,17.739,97883,11.75,-1.8802,0.98737,-9.0337,-1.1696,2.8322,-9.3189,NaN,NaN,NaN,NaN,NaN
347.65,-24.777,-19.289,39.274,-1.8726,1.0984,-9.9406,-1.4328,0.025955,-10.525,0,0,0,NaN,NaN,NaN,NaN,NaN,NaN,NaN,NaN,NaN,47.63,0,3282.3,0.0064211,NaN,NaN,NaN,NaN,NaN,-1,-1,-1.8779,0.98992,-9.0216,-1.2284,2.9118,-9.3084,NaN,NaN,NaN,NaN,NaN
347.66,-24.761,-19.291,39.215,-1.8498,1.3717,-9.0779,-1.0969,5.0913,-10.511,0.67768,0.4935,-0.70106,NaN,NaN,NaN,NaN,NaN,NaN,NaN,NaN,NaN,47.63,0,3282.3,0.0064211,NaN,NaN,NaN,NaN,18.112,97858,11.563,-1.8608,0.97855,-8.9386,-1.2544,2.9971,-9.3133,NaN,NaN,NaN,NaN,NaN
347.66,-24.756,-19.296,39.189,-2.2461,-0.12054,-8.8513,-1.7499,2.4752,-10.405,0,0,0,NaN,NaN,NaN,NaN,NaN,NaN,NaN,NaN,NaN,47.63,0,3282.3,0.0064211,NaN,NaN,NaN,NaN,NaN,-1,-1,-1.87,0.98232,-8.9548,-1.3362,2.9461,-9.3255,NaN,NaN,NaN,NaN,NaN
347.66,0,0,0,0,0,0,0,0,0,0,0,0,NaN,NaN,NaN,NaN,NaN,NaN,NaN,NaN,NaN,47.63,0,3282.3,0.0064211,NaN,NaN,NaN,NaN,18,97821,11.438,-1.868,0.9721,-8.9722,-1.3726,2.9253,-9.3581,NaN,NaN,NaN,NaN,NaN
347.66,-24.745,-19.298,39.133,-1.9337,1.9015,-9.9556,-1.5158,6.7051,-10.185,0,0,0,NaN,NaN,NaN,NaN,NaN,NaN,NaN,NaN,NaN,47.63,0,3282.3,0.0064211,NaN,NaN,NaN,NaN,NaN,-1,-1,-1.8699,0.97918,-8.9738,-1.4192,3.0519,-9.3829,NaN,NaN,NaN,NaN,NaN
347.67,-24.729,-19.312,39.08,-2.056,0.81212,-10.049,-0.80833,0.69746,-10.576,0,0,0,NaN,NaN,NaN,NaN,NaN,NaN,NaN,NaN,NaN,47.63,0,3282.3,0.0064211,0.81303,2.6085,0.65359,0.067425,17.938,97858,11.625,-1.8764,0.97679,-8.9807,-1.4657,3.002,-9.4298,NaN,NaN,NaN,NaN,NaN
347.67,-24.722,-19.309,39.051,-2.2288,1.0625,-10.957,-1.5824,5.5246,-10.086,0,0,0,NaN,NaN,NaN,NaN,NaN,NaN,NaN,NaN,NaN,47.63,0,3282.3,0.0064211,NaN,NaN,NaN,NaN,NaN,-1,-1,-1.8845,0.98539,-8.9809,-1.5352,2.976,-9.4801,NaN,NaN,NaN,NaN,NaN
347.67,0,0,0,0,0,0,0,0,0,0,0,0,NaN,NaN,NaN,NaN,NaN,NaN,NaN,NaN,NaN,47.63,0,3282.3,0.0064211,NaN,NaN,NaN,NaN,NaN,-1,-1,-1.8755,0.98781,-8.9591,-1.5945,3.0172,-9.5123,NaN,NaN,NaN,NaN,NaN
347.67,-24.712,-19.314,38.996,-1.1889,1.0208,-8.8831,-2.3762,2.0031,-10.206,0.67337,0.50305,-0.70367,NaN,NaN,NaN,NaN,NaN,NaN,NaN,NaN,NaN,47.63,0,3282.3,0.0064211,NaN,NaN,NaN,NaN,17.894,97898,11.75,-1.8815,0.97405,-8.974,-1.691,3.1087,-9.5577,NaN,NaN,NaN,NaN,NaN
347.68,-24.699,-19.322,38.939,-1.7615,0.32811,-9.9462,-1.5558,3.9017,-10.607,0,0,0,NaN,NaN,NaN,NaN,NaN,NaN,NaN,NaN,NaN,47.63,0,3282.3,0.0064211,NaN,NaN,NaN,NaN,NaN,-1,-1,-1.8828,0.97947,-8.9709,-1.7845,3.0556,-9.6243,NaN,NaN,NaN,NaN,NaN
347.68,-24.694,-19.323,38.909,-2.0505,1.029,-8.9019,-2.4362,4.0549,-10.903,0,0,0,NaN,NaN,NaN,NaN,NaN,NaN,NaN,NaN,NaN,47.63,0,3282.3,0.0064211,NaN,NaN,NaN,NaN,NaN,-1,-1,-1.8778,0.97075,-8.9246,-1.8638,3.0721,-9.7009,NaN,NaN,NaN,NaN,NaN
347.68,-24.69,-19.33,38.882,-2.1334,0.688,-8.7455,-2.167,1.4467,-10.705,0.68259,0.49572,-0.70285,NaN,NaN,NaN,NaN,NaN,NaN,NaN,NaN,NaN,47.62,0,3308,0.0069644,NaN,NaN,NaN,NaN,17.935,97872,11.625,-1.8826,0.97824,-8.9266,-1.9598,3.1033,-9.7903,NaN,NaN,NaN,NaN,NaN
347.68,-24.686,-19.331,38.852,-2.0233,1.5743,-11.009,-2.7649,4.2637,-10.912,0,0,0,NaN,NaN,NaN,NaN,NaN,NaN,NaN,NaN,NaN,47.62,0,3308,0.0069644,0.79716,2.4779,0.70836,0.06909,NaN,-1,-1,-1.8988,0.98666,-9.0044,-2.0077,3.1288,-9.868,NaN,NaN,NaN,NaN,NaN
347.69,-24.672,-19.34,38.794,-1.4832,0.4845,-10.74,-1.3162,0.80844,-10.992,0,0,0,NaN,NaN,NaN,NaN,NaN,NaN,NaN,NaN,NaN,47.62,0,3308,0.0069644,NaN,NaN,NaN,NaN,NaN,-1,-1,-1.9076,0.9861,-9.0087,-2.0743,3.1333,-9.9514,NaN,NaN,NaN,NaN,NaN
347.69,-24.645,-19.361,38.786,-2.5989,1.2289,-9.3812,-2.2614,2.604,-10.644,0.68017,0.49335,-0.70306,NaN,NaN,NaN,NaN,NaN,NaN,NaN,NaN,NaN,47.62,0,3308,0.0069644,NaN,NaN,NaN,NaN,17.914,97846,11.563,-1.9059,0.97424,-8.9947,-2.1913,3.1741,-10.032,NaN,NaN,NaN,NaN,NaN
347.69,-24.639,-19.357,38.755,-2.0663,1.7403,-10.113,-1.8075,6.1187,-10.229,0,0,0,NaN,NaN,NaN,NaN,NaN,NaN,NaN,NaN,NaN,47.62,0,3308,0.0069644,NaN,NaN,NaN,NaN,NaN,-1,-1,-1.91,0.97989,-8.9829,-2.2626,3.2459,-10.135,NaN,NaN,NaN,NaN,NaN
347.69,-24.636,-19.359,38.726,-1.251,0.22159,-7.2531,-3.0629,3.8805,-10.867,0,0,0,NaN,NaN,NaN,NaN,NaN,NaN,NaN,NaN,NaN,47.62,0,3308,0.0069644,NaN,NaN,NaN,NaN,17.712,97847,11.563,-1.9099,0.97438,-8.9703,-2.3496,3.2368,-10.26,NaN,NaN,NaN,NaN,NaN
347.7,-24.628,-19.372,38.67,-2.0066,0.97711,-11.517,-2.4905,4.5318,-11.092,0.67801,0.49566,-0.70548,NaN,NaN,NaN,NaN,NaN,NaN,NaN,NaN,NaN,47.62,0,3308,0.0069644,0.79606,2.5936,0.62742,NaN,NaN,-1,-1,-1.9329,0.98654,-9.0473,-2.4641,3.2062,-10.375,NaN,NaN,NaN,NaN,NaN
347.7,-24.624,-19.374,38.639,-1.8268,0.70959,-7.4358,-2.7617,4.1283,-11.231,0,0,0,NaN,NaN,NaN,NaN,NaN,NaN,NaN,NaN,NaN,47.62,0,3308,0.0069644,NaN,NaN,NaN,0.10239,NaN,-1,-1,-1.9234,0.98111,-9.0334,-2.599,3.2526,-10.504,NaN,NaN,NaN,NaN,NaN
347.7,-24.621,-19.38,38.612,-2.2195,0.86045,-9.8621,-3.1166,2.159,-10.935,0,0,0,NaN,NaN,NaN,NaN,NaN,NaN,NaN,NaN,NaN,47.62,0,3308,0.0069644,NaN,NaN,NaN,NaN,17.555,97905,11.75,-1.9408,0.9806,-9.0511,-2.7043,3.3065,-10.621,NaN,NaN,NaN,NaN,NaN
347.7,-24.62,-19.385,38.583,-2.4723,1.5495,-9.7765,-3.6446,2.6293,-11.152,0,0,0,NaN,NaN,NaN,NaN,NaN,NaN,NaN,NaN,NaN,47.62,0,3308,0.0069644,NaN,NaN,NaN,NaN,NaN,-1,-1,-1.9444,0.9852,-9.0383,-2.8012,3.3279,-10.767,NaN,NaN,NaN,NaN,NaN
347.71,-24.615,-19.383,38.55,-1.2909,1.3972,-7.399,-2.7646,5.616,-11.469,0.67985,0.49611,-0.69642,NaN,NaN,NaN,NaN,NaN,NaN,NaN,NaN,NaN,47.62,0,3308,0.0069644,NaN,NaN,NaN,NaN,NaN,-1,-1,-1.9332,0.97164,-9.0191,-2.9189,3.3016,-10.918,NaN,NaN,NaN,NaN,NaN
347.71,-24.611,-19.394,38.523,-1.8741,0.21394,-10.695,-2.1897,0.33169,-11.411,0,0,0,NaN,NaN,NaN,NaN,NaN,NaN,NaN,NaN,NaN,47.62,0,3308,0.0069644,0.8207,2.6085,0.64994,0.077414,17.939,97891,11.75,-1.9536,0.97719,-9.0434,-3.0343,3.2931,-11.071,NaN,NaN,NaN,NaN,NaN
347.71,-24.608,-19.397,38.494,-2.5306,1.2239,-9.3233,-3.1298,3.1895,-11.15,0,0,0,NaN,NaN,NaN,NaN,NaN,NaN,NaN,NaN,NaN,47.62,0,3308,0.0069644,NaN,NaN,NaN,NaN,NaN,-1,-1,-1.9498,0.97144,-9.048,-3.114,3.3117,-11.236,NaN,NaN,NaN,NaN,NaN
347.71,-24.601,-19.394,38.462,-2.0597,1.0667,-9.6464,-2.0083,6.1691,-10.792,0,0,0,NaN,NaN,NaN,NaN,NaN,NaN,NaN,NaN,NaN,47.62,0,3308,0.0069644,NaN,NaN,NaN,NaN,18.155,97864,11.563,-1.9532,0.96136,-9.024,-3.216,3.4011,-11.405,NaN,NaN,NaN,NaN,NaN
347.72,-24.601,-19.399,38.433,-1.3743,0.90741,-6.8939,-4.069,2.4724,-10.768,0.68946,0.49334,-0.7,NaN,NaN,NaN,NaN,NaN,NaN,NaN,NaN,NaN,47.62,0,3308,0.0069644,NaN,NaN,NaN,NaN,NaN,-1,-1,-1.9617,0.96531,-9.0172,-3.3457,3.3565,-11.558,NaN,NaN,NaN,NaN,NaN
347.72,-24.6,-19.408,38.406,-2.381,1.1601,-9.7468,-3.5797,0.69104,-11.431,0,0,0,NaN,NaN,NaN,NaN,NaN,NaN,NaN,NaN,NaN,47.62,0,3308,0.0069644,NaN,NaN,NaN,NaN,NaN,-1,-1,-1.9669,0.98806,-9.041,-3.3893,3.2957,-11.345,NaN,NaN,NaN,NaN,NaN
347.72,-24.598,-19.407,38.374,-2.0957,0.80978,-10.549,-3.5327,5.3743,-11.053,0,0,0,NaN,NaN,NaN,NaN,NaN,NaN,NaN,NaN,NaN,47.62,0,3308,0.0069644,NaN,NaN,NaN,NaN,18.025,97865,11.625,-1.9644,0.96828,-9.0097,-3.4468,3.4306,-11.442,NaN,NaN,NaN,NaN,NaN
347.72,-24.594,-19.417,38.315,-2.3966,0.47584,-9.9883,-3.8526,3.3453,-11.186,0.68461,0.4886,-0.70044,NaN,NaN,NaN,NaN,NaN,NaN,NaN,NaN,NaN,47.62,0,3308,0.0069644,0.80154,2.6091,0.6402,0.084906,NaN,-1,-1,-1.966,0.9578,-9.0206,-3.4956,3.2817,-11.545,NaN,NaN,NaN,NaN,NaN
347.73,-24.595,-19.422,38.286,-2.1042,1.3197,-8.9097,-4.6676,2.5878,-11.346,0,0,0,NaN,NaN,NaN,NaN,NaN,NaN,NaN,NaN,NaN,47.62,0,3308,0.0069644,NaN,NaN,NaN,NaN,NaN,-1,-1,-1.9766,0.96911,-9.0133,-3.5895,3.3923,-11.628,NaN,NaN,NaN,NaN,NaN
347.73,-24.593,-19.425,38.255,-1.6147,1.5428,-8.8217,-3.5172,3.6127,-11.525,0,0,0,NaN,NaN,NaN,NaN,NaN,NaN,NaN,NaN,NaN,47.62,0,3308,0.0069644,NaN,NaN,NaN,NaN,17.802,97871,11.625,-1.9826,0.98157,-8.9971,-3.6153,3.4403,-11.332,NaN,NaN,NaN,NaN,NaN
347.73,-24.589,-19.43,38.225,-1.7662,0.43493,-9.5251,-2.8637,3.0425,-11.782,0,0,0,NaN,NaN,NaN,NaN,NaN,NaN,NaN,NaN,NaN,47.62,0,3308,0.0069644,NaN,NaN,NaN,NaN,NaN,-1,-1,-1.9764,0.95581,-8.9799,-3.7037,3.2538,-11.37,NaN,NaN,NaN,NaN,NaN
347.73,-24.586,-19.436,38.195,-2.4413,0.97041,-9.2006,-3.3514,2.3977,-11.546,0.68494,0.49076,-0.70486,NaN,NaN,NaN,NaN,NaN,NaN,NaN,NaN,NaN,47.62,0,3308,0.0069644,NaN,NaN,NaN,NaN,17.98,97891,11.688,-1.9835,0.95788,-8.9986,-3.7607,3.1585,-11.413,NaN,NaN,NaN,NaN,NaN
347.74,-24.583,-19.436,38.165,-2.1596,1.1577,-10.082,-3.1488,4.5925,-10.954,0,0,0,NaN,NaN,NaN,NaN,NaN,NaN,NaN,NaN,NaN,47.62,0,3308,0.0069644,0.79223,2.4856,0.70897,0.030799,NaN,-1,-1,-1.9906,0.95636,-8.9745,-3.8121,3.3124,-11.445,NaN,NaN,NaN,NaN,NaN
347.74,-24.582,-19.438,38.135,-1.5932,0.49081,-7.7048,-4.0164,3.7657,-11.016,0,0,0,NaN,NaN,NaN,NaN,NaN,NaN,NaN,NaN,NaN,47.62,0,3308,0.0069644,NaN,NaN,NaN,NaN,NaN,-1,-1,-1.9885,0.93918,-8.957,-3.8684,3.3472,-11.448,NaN,NaN,NaN,NaN,NaN
347.74,-24.584,-19.442,38.104,-2.4789,1.4354,-8.8706,-5.084,3.3432,-11.492,0,0,0,NaN,NaN,NaN,NaN,NaN,NaN,NaN,NaN,NaN,47.62,0,3308,0.0069644,NaN,NaN,NaN,NaN,18.002,97833,11.5,-1.997,0.95992,-8.9669,-3.9457,3.3567,-11.455,NaN,NaN,NaN,NaN,NaN
347.74,-24.582,-19.449,38.075,-1.8075,1.2948,-8.9462,-3.3763,2.1367,-11.752,0.69175,0.4909,-0.6998,NaN,NaN,NaN,NaN,NaN,NaN,NaN,NaN,NaN,47.62,0,3308,0.0069644,NaN,NaN,NaN,NaN,NaN,-1,-1,-1.9975,0.96382,-8.9594,-3.9686,3.31,-11.484,NaN,NaN,NaN,NaN,NaN
347.75,-24.581,-19.455,38.045,-2.0485,0.32805,-9.6266,-4.0249,2.3553,-11.684,0,0,0,NaN,NaN,NaN,NaN,NaN,NaN,NaN,NaN,NaN,47.62,0,3308,0.0069644,NaN,NaN,NaN,NaN,NaN,-1,-1,-1.9951,0.95341,-8.944,-4.0051,3.2306,-11.486,NaN,NaN,NaN,NaN,NaN
347.75,-24.58,-19.458,38.014,-2.2707,0.11598,-9.7282,-4.2607,3.6942,-11.515,0,0,0,NaN,NaN,NaN,NaN,NaN,NaN,NaN,NaN,NaN,47.62,0,3308,0.0069644,NaN,NaN,NaN,NaN,17.916,97876,11.688,-2.0077,0.95818,-8.9557,-4.0625,3.2582,-11.473,NaN,NaN,NaN,NaN,NaN
347.75,-24.581,-19.46,37.983,-2.1084,2.2731,-8.3392,-4.8307,4.0506,-11.432,0,0,0,NaN,NaN,NaN,NaN,NaN,NaN,NaN,NaN,NaN,47.62,0,3308,0.0069644,0.81249,2.6199,0.64081,0.0899,NaN,-1,-1,-2.0152,0.96175,-8.9486,-4.1554,3.3058,-11.467,NaN,NaN,NaN,NaN,NaN
347.75,-24.58,-19.464,37.953,-1.8053,0.95454,-8.9605,-4.2142,3.2138,-11.609,0.68278,0.49307,-0.70728,NaN,NaN,NaN,NaN,NaN,NaN,NaN,NaN,NaN,47.62,0,3308,0.0069644,NaN,NaN,NaN,NaN,17.672,97902,11.813,-2.0099,0.95714,-8.9308,-4.2265,3.3746,-11.484,NaN,NaN,NaN,NaN,NaN
347.76,-24.58,-19.468,37.92,-1.9562,0.31902,-8.7725,-4.4349,3.6101,-12.134,0,0,0,NaN,NaN,NaN,NaN,NaN,NaN,NaN,NaN,NaN,47.62,0,3308,0.0069644,NaN,NaN,NaN,NaN,NaN,-1,-1,-2.0188,0.94801,-8.9342,-4.2966,3.3581,-11.527,NaN,NaN,NaN,NaN,NaN
347.76,-24.579,-19.476,37.892,-2.0238,1.3799,-10.392,-3.9009,1.218,-11.565,0,0,0,NaN,NaN,NaN,NaN,NaN,NaN,NaN,NaN,NaN,47.62,0,3308,0.0069644,NaN,NaN,NaN,NaN,NaN,-1,-1,-2.0223,0.94983,-8.9561,-4.3419,3.2406,-11.556,NaN,NaN,NaN,NaN,NaN
347.76,-24.577,-19.477,37.861,-2.7462,1.3386,-9.5739,-3.6689,4.6596,-11.237,0,0,0,NaN,NaN,NaN,NaN,NaN,NaN,NaN,NaN,NaN,47.62,0,3308,0.0069644,NaN,NaN,NaN,NaN,17.799,97846,11.5,-2.0242,0.95199,-8.93,-4.4103,3.3561,-11.566,NaN,NaN,NaN,NaN,NaN
347.76,-24.576,-19.473,37.828,-1.3953,0.81001,-7.7439,-4.2011,6.2328,-11.116,0.68272,0.4956,-0.70506,NaN,NaN,NaN,NaN,NaN,NaN,NaN,NaN,NaN,47.62,0,3308,0.0069644,0.79551,2.4755,0.71201,NaN,NaN,-1,-1,-2.0265,0.95538,-8.9236,-4.4678,3.4582,-11.579,NaN,NaN,NaN,NaN,NaN
347.77,-24.579,-19.483,37.801,-2.1037,0.19462,-8.5328,-5.2149,0.54162,-11.467,0,0,0,NaN,NaN,NaN,NaN,NaN,NaN,NaN,NaN,NaN,47.62,0,3308,0.0069644,NaN,NaN,NaN,NaN,NaN,-1,-1,-2.0315,0.95732,-8.9335,-4.5116,3.3113,-11.601,NaN,NaN,NaN,NaN,NaN
347.77,-24.578,-19.488,37.771,-2.1984,2.385,-9.9782,-4.2351,3.0217,-11.517,0,0,0,NaN,NaN,NaN,NaN,NaN,NaN,NaN,NaN,NaN,47.62,0,3308,0.0069644,NaN,NaN,NaN,NaN,18.001,97879,11.625,-2.0262,0.9506,-8.9289,-4.5327,3.393,-11.615,NaN,NaN,NaN,NaN,NaN
347.77,-24.576,-19.489,37.737,-1.9868,0.26716,-9.4554,-3.9472,4.6894,-12.125,0,0,0,NaN,NaN,NaN,NaN,NaN,NaN,NaN,NaN,NaN,47.62,0,3308,0.0069644,NaN,NaN,NaN,NaN,NaN,-1,-1,-2.0346,0.95106,-8.9247,-4.5156,3.5642,-11.616,NaN,NaN,NaN,NaN,NaN
347.77,-24.576,-19.495,37.706,-2.2493,0.028759,-7.8754,-4.5457,2.3149,-11.722,0.68487,0.48836,-0.70487,NaN,NaN,NaN,NaN,NaN,NaN,NaN,NaN,NaN,47.62,0,3308,0.0069644,NaN,NaN,NaN,NaN,18.199,97881,11.625,-2.0443,0.95846,-8.9286,-4.5817,3.4422,-11.614,NaN,NaN,NaN,NaN,NaN
347.78,-24.579,-19.5,37.676,-1.9706,1.7417,-10.4,-5.5306,3.0626,-11.536,0,0,0,NaN,NaN,NaN,NaN,NaN,NaN,NaN,NaN,NaN,47.62,0,3308,0.0069644,0.81741,2.6157,0.65359,0.055772,NaN,-1,-1,-2.0393,0.95178,-8.9231,-4.6787,3.2991,-11.639,NaN,NaN,NaN,NaN,NaN
347.78,-24.58,-19.498,37.642,-2.4892,1.8195,-8.9555,-5.0735,5.9211,-11.766,0,0,0,NaN,NaN,NaN,NaN,NaN,NaN,NaN,NaN,NaN,47.62,0,3308,0.0069644,NaN,NaN,NaN,NaN,NaN,-1,-1,-2.0384,0.95663,-8.899,-4.7389,3.3152,-11.667,NaN,NaN,NaN,NaN,NaN
347.78,-24.579,-19.502,37.611,-1.6282,-0.051118,-7.0108,-4.3247,3.2396,-11.925,0,0,0,NaN,NaN,NaN,NaN,NaN,NaN,NaN,NaN,NaN,47.62,0,3308,0.0069644,NaN,NaN,NaN,NaN,18.149,97811,11.313,-2.0455,0.94372,-8.9306,-4.7837,3.1905,-11.702,NaN,NaN,NaN,NaN,NaN
347.78,-24.58,-19.516,37.584,-1.5985,0.80355,-10.412,-4.4084,-1.0069,-12.047,0.68729,0.4858,-0.70688,NaN,NaN,NaN,NaN,NaN,NaN,NaN,NaN,NaN,47.62,0,3308,0.0069644,NaN,NaN,NaN,NaN,NaN,-1,-1,-2.0472,0.9407,-8.9275,-4.8668,3.3323,-11.717,NaN,NaN,NaN,NaN,NaN
347.79,-24.579,-19.508,37.517,-1.9747,0.99662,-7.2345,-4.6281,7.5004,-10.939,0,0,0,NaN,NaN,NaN,NaN,NaN,NaN,NaN,NaN,NaN,47.62,0,3308,0.0069644,NaN,NaN,NaN,NaN,NaN,-1,-1,-2.0472,0.94453,-8.9321,-4.9278,3.3934,-11.732,NaN,NaN,NaN,NaN,NaN
347.79,-24.579,-19.508,37.517,-1.9747,0.99662,-7.2345,-4.6281,7.5004,-10.939,0,0,0,NaN,NaN,NaN,NaN,NaN,NaN,NaN,NaN,NaN,47.62,0,3308,0.0069644,NaN,NaN,NaN,NaN,18.158,97863,11.625,-2.0522,0.9528,-8.9269,-4.9673,3.3125,-11.755,NaN,NaN,NaN,NaN,NaN
347.79,-24.584,-19.518,37.49,-1.1975,0.30893,-7.3342,-5.6515,0.44868,-11.401,0,0,0,NaN,NaN,NaN,NaN,NaN,NaN,NaN,NaN,NaN,47.63,0,3339.5,0.0069644,NaN,NaN,NaN,NaN,NaN,-1,-1,-2.0529,0.95356,-8.9405,-4.9942,3.2792,-11.783,NaN,NaN,NaN,NaN,NaN
347.79,-24.586,-19.529,37.462,-2.7482,1.793,-10.052,-5.3256,0.63249,-12.072,0.6994,0.4878,-0.71024,NaN,NaN,NaN,NaN,NaN,NaN,NaN,NaN,NaN,47.63,0,3339.5,0.0069644,NaN,NaN,NaN,NaN,17.976,97875,11.563,-2.0526,0.95574,-8.9465,-5.0088,3.4,-11.8,NaN,NaN,NaN,NaN,NaN
347.8,-24.587,-19.53,37.394,-2.1156,0.1096,-6.5878,-5.3593,3.851,-12.189,0,0,0,NaN,NaN,NaN,NaN,NaN,NaN,NaN,NaN,NaN,47.63,0,3339.5,0.0069644,NaN,NaN,NaN,NaN,NaN,-1,-1,-2.0605,0.95124,-8.9416,-5.0397,3.327,-11.808,NaN,NaN,NaN,NaN,NaN
347.8,-24.591,-19.537,37.365,-2.3599,1.1749,-9.0953,-5.4951,1.7783,-11.66,0,0,0,NaN,NaN,NaN,NaN,NaN,NaN,NaN,NaN,NaN,47.63,0,3339.5,0.0069644,NaN,NaN,NaN,NaN,NaN,-1,-1,-2.0526,0.94188,-8.9557,-5.1539,3.4115,-11.817,NaN,NaN,NaN,NaN,NaN
347.8,-24.594,-19.54,37.332,-2.3821,1.6175,-11.047,-5.9621,4.0914,-12.098,0.68513,0.48812,-0.70929,NaN,NaN,NaN,NaN,NaN,NaN,NaN,NaN,NaN,47.63,0,3339.5,0.0069644,0.81303,2.6091,0.65055,0.071587,18.089,97883,11.625,-2.0615,0.9458,-8.9557,-5.1985,3.425,-11.845,NaN,NaN,NaN,NaN,NaN
347.8,-24.593,-19.541,37.299,-1.4825,1.0066,-7.0368,-4.7521,4.8652,-12.059,0,0,0,NaN,NaN,NaN,NaN,NaN,NaN,NaN,NaN,NaN,47.63,0,3339.5,0.0069644,0.81303,2.6091,0.65055,0.071587,NaN,-1,-1,-2.0644,0.94383,-8.9577,-5.2545,3.3255,-11.888,NaN,NaN,NaN,NaN,NaN
347.81,-24.594,-19.547,37.267,-1.6438,0.87802,-9.8437,-4.738,2.4567,-12.467,0,0,0,NaN,NaN,NaN,NaN,NaN,NaN,NaN,NaN,NaN,47.63,0,3339.5,0.0069644,NaN,NaN,NaN,NaN,NaN,-1,-1,-2.0568,0.94365,-8.9632,-5.2883,3.3164,-11.925,NaN,NaN,NaN,NaN,NaN
347.81,-24.594,-19.554,37.236,-2.9722,0.55249,-8.4713,-4.6568,2.4759,-12.048,0,0,0,NaN,NaN,NaN,NaN,NaN,NaN,NaN,NaN,NaN,47.63,0,3339.5,0.0069644,NaN,NaN,NaN,NaN,17.984,97893,11.75,-2.0682,0.94707,-8.9953,-5.3377,3.4328,-11.944,NaN,NaN,NaN,NaN,NaN
347.81,-24.594,-19.553,37.204,-2.3016,1.727,-11.382,-4.7424,4.9429,-11.373,0.68427,0.48152,-0.69825,NaN,NaN,NaN,NaN,NaN,NaN,NaN,NaN,NaN,47.63,0,3339.5,0.0069644,NaN,NaN,NaN,NaN,NaN,-1,-1,-2.063,0.93918,-8.9887,-5.3889,3.4572,-11.961,NaN,NaN,NaN,NaN,NaN
347.81,-24.597,-19.55,37.171,-1.2098,0.55654,-5.6747,-5.795,6.4834,-11.364,0,0,0,NaN,NaN,NaN,NaN,NaN,NaN,NaN,NaN,NaN,47.63,0,3339.5,0.0069644,NaN,NaN,NaN,NaN,18.024,97876,11.625,-2.0567,0.93793,-9.0136,-5.4418,3.4725,-11.999,NaN,NaN,NaN,NaN,NaN
347.82,-24.601,-19.562,37.143,-2.2949,0.9306,-8.1408,-5.7841,-0.29181,-12.114,0,0,0,NaN,NaN,NaN,NaN,NaN,NaN,NaN,NaN,NaN,47.63,0,3339.5,0.0069644,0.80427,2.4904,0.71445,0.058269,NaN,-1,-1,-2.067,0.93941,-9.0169,-5.4615,3.4148,-12.022,NaN,NaN,NaN,NaN,NaN
347.82,-24.602,-19.568,37.111,-2.4074,0.43229,-11.79,-5.258,2.8088,-12.417,0,0,0,NaN,NaN,NaN,NaN,NaN,NaN,NaN,NaN,NaN,47.63,0,3339.5,0.0069644,NaN,NaN,NaN,NaN,NaN,-1,-1,-2.0603,0.94493,-9.0272,-5.4697,3.4598,-12.037,NaN,NaN,NaN,NaN,NaN
347.82,-24.602,-19.569,37.077,-2.3321,1.2869,-8.4429,-4.8237,5.0338,-12.22,0.68716,0.48593,-0.70466,NaN,NaN,NaN,NaN,NaN,NaN,NaN,NaN,NaN,47.63,0,3339.5,0.0069644,NaN,NaN,NaN,NaN,18.155,97859,11.563,-2.0556,0.92746,-9.0106,-5.4792,3.5448,-12.048,NaN,NaN,NaN,NaN,NaN
347.82,-24.609,-19.581,37.015,-2.2106,0.6515,-10.199,-6.3123,0.58161,-12.321,0,0,0,NaN,NaN,NaN,NaN,NaN,NaN,NaN,NaN,NaN,47.63,0,3339.5,0.0069644,NaN,NaN,NaN,NaN,NaN,-1,-1,-2.0594,0.92769,-9.0465,-5.5648,3.5505,-12.059,NaN,NaN,NaN,NaN,NaN
347.83,-24.609,-19.581,37.015,-2.2106,0.6515,-10.199,-6.3123,0.58161,-12.321,0,0,0,NaN,NaN,NaN,NaN,NaN,NaN,NaN,NaN,NaN,47.63,0,3339.5,0.0069644,NaN,NaN,NaN,NaN,NaN,-1,-1,-2.0604,0.93409,-9.0648,-5.5922,3.5739,-12.07,NaN,NaN,NaN,NaN,NaN
347.83,-24.611,-19.58,36.98,-2.5297,1.6577,-9.336,-5.8806,5.8952,-12.37,0,0,0,NaN,NaN,NaN,NaN,NaN,NaN,NaN,NaN,NaN,47.63,0,3339.5,0.0069644,NaN,NaN,NaN,0.10155,18.132,97890,11.625,-2.0583,0.91097,-9.0105,-5.5797,3.5359,-12.117,NaN,NaN,NaN,NaN,NaN
347.83,-24.609,-19.581,36.946,-1.4088,1.4833,-8.5311,-4.4109,4.8315,-12.216,0.69409,0.48102,-0.70404,NaN,NaN,NaN,NaN,NaN,NaN,NaN,NaN,NaN,47.63,0,3339.5,0.0069644,NaN,NaN,NaN,0.10155,NaN,-1,-1,-2.0656,0.92394,-9.0707,-5.5435,3.6528,-12.143,NaN,NaN,NaN,NaN,NaN
347.83,-24.613,-19.593,36.885,-2.8948,1.7923,-12.194,-5.2674,5.0373,-11.736,0,0,0,NaN,NaN,NaN,NaN,NaN,NaN,NaN,NaN,NaN,47.63,0,3339.5,0.0069644,NaN,NaN,NaN,NaN,18.154,97870,11.563,-2.0689,0.92746,-9.0848,-5.5736,3.6089,-12.161,NaN,NaN,NaN,NaN,NaN
347.84,-24.615,-19.586,36.849,-1.9004,1.0952,-7.0549,-6.0446,8.1473,-11.488,0,0,0,NaN,NaN,NaN,NaN,NaN,NaN,NaN,NaN,NaN,47.63,0,3339.5,0.0069644,NaN,NaN,NaN,NaN,NaN,-1,-1,-2.0592,0.91386,-9.0791,-5.5598,3.6629,-12.171,NaN,NaN,NaN,NaN,NaN
347.84,-24.619,-19.6,36.821,-1.2828,0.371,-6.9856,-5.8894,-0.60774,-12.156,0.68717,0.49085,-0.70244,NaN,NaN,NaN,NaN,NaN,NaN,NaN,NaN,NaN,47.63,0,3339.5,0.0069644,NaN,NaN,NaN,NaN,NaN,-1,-1,-2.0588,0.91282,-9.0908,-5.5506,3.7424,-12.182,NaN,NaN,NaN,NaN,NaN
347.84,-24.621,-19.607,36.79,-2.7389,1.0963,-12.455,-5.4552,2.1853,-12.405,0,0,0,NaN,NaN,NaN,NaN,NaN,NaN,NaN,NaN,NaN,47.63,0,3339.5,0.0069644,NaN,NaN,NaN,NaN,18.091,97915,11.75,-2.0677,0.92582,-9.1024,-5.6265,3.7166,-12.578,NaN,NaN,NaN,NaN,NaN
347.84,-24.621,-19.606,36.754,-2.217,1.0156,-8.2553,-5.2045,6.0059,-12.536,0,0,0,NaN,NaN,NaN,NaN,NaN,NaN,NaN,NaN,NaN,47.63,0,3339.5,0.0069644,NaN,NaN,NaN,NaN,NaN,-1,-1,-2.0589,0.91578,-9.1075,-5.545,3.7832,-12.494,NaN,NaN,NaN,NaN,NaN
347.85,-24.624,-19.608,36.721,-1.7073,0.4375,-9.3732,-5.8348,4.1514,-12.276,0,0,0,NaN,NaN,NaN,NaN,NaN,NaN,NaN,NaN,NaN,47.63,0,3339.5,0.0069644,NaN,NaN,NaN,NaN,NaN,-1,-1,-2.0544,0.92296,-9.1264,-5.4514,3.9296,-12.397,NaN,NaN,NaN,NaN,NaN
347.85,-24.628,-19.616,36.69,-2.5019,0.8899,-7.8905,-5.8365,1.6204,-11.97,0.69887,0.48336,-0.70361,NaN,NaN,NaN,NaN,NaN,NaN,NaN,NaN,NaN,47.63,0,3339.5,0.0069644,NaN,NaN,NaN,NaN,18.109,97897,11.625,-2.0547,0.9172,-9.1313,-5.4205,3.8546,-12.316,NaN,NaN,NaN,NaN,NaN
347.85,-24.63,-19.612,36.654,-1.9551,1.7442,-10.521,-6.141,6.948,-12.129,0,0,0,NaN,NaN,NaN,NaN,NaN,NaN,NaN,NaN,NaN,47.63,0,3339.5,0.0069644,NaN,NaN,NaN,NaN,NaN,-1,-1,-2.052,0.90177,-9.1098,-5.4656,3.8884,-12.613,NaN,NaN,NaN,NaN,NaN
347.85,-24.63,-19.62,36.622,-1.8779,0.21524,-8.4351,-4.7124,2.0703,-12.596,0,0,0,NaN,NaN,NaN,NaN,NaN,NaN,NaN,NaN,NaN,47.63,0,3339.5,0.0069644,NaN,NaN,NaN,NaN,18.199,97860,11.563,-2.0533,0.91357,-9.1465,-5.3688,3.8379,-12.478,NaN,NaN,NaN,NaN,NaN
347.86,-24.631,-19.627,36.59,-2.3807,1.4088,-10.436,-4.8598,2.5829,-12.379,0,0,0,NaN,NaN,NaN,NaN,NaN,NaN,NaN,NaN,NaN,47.63,0,3339.5,0.0069644,NaN,NaN,NaN,NaN,NaN,-1,-1,-2.0555,0.90888,-9.1527,-5.2421,3.7741,-12.323,NaN,NaN,NaN,NaN,NaN
347.86,-24.63,-19.624,36.556,-1.8751,0.92747,-9.4461,-4.8336,6.1037,-11.868,0.68943,0.47857,-0.70668,NaN,NaN,NaN,NaN,NaN,NaN,NaN,NaN,NaN,47.63,0,3339.5,0.0069644,NaN,NaN,NaN,NaN,NaN,-1,-1,-2.0487,0.88869,-9.1626,-5.1847,3.7927,-12.183,NaN,NaN,NaN,NaN,NaN
347.86,-24.632,-19.625,36.523,-2.1948,1.0126,-7.255,-5.5638,5.085,-11.797,0,0,0,NaN,NaN,NaN,NaN,NaN,NaN,NaN,NaN,NaN,47.63,0,3339.5,0.0069644,NaN,NaN,NaN,NaN,18.241,97914,11.688,-2.0471,0.89634,-9.1564,-5.09,3.8196,-12.045,NaN,NaN,NaN,NaN,NaN
347.86,-24.635,-19.633,36.493,-2.1945,0.94845,-10.144,-5.6648,1.726,-12.186,0,0,0,NaN,NaN,NaN,NaN,NaN,NaN,NaN,NaN,NaN,47.63,0,3339.5,0.0069644,NaN,NaN,NaN,NaN,NaN,-1,-1,-2.0524,0.90274,-9.1579,-4.9558,3.7033,-11.949,NaN,NaN,NaN,NaN,NaN
347.87,-24.635,-19.637,36.46,-1.785,0.61531,-9.3049,-4.9081,3.4564,-12.407,0,0,0,NaN,NaN,NaN,NaN,NaN,NaN,NaN,NaN,NaN,47.63,0,3339.5,0.0069644,0.8092,2.6044,0.65298,0.071587,NaN,-1,-1,-2.0387,0.88059,-9.16,-4.8101,3.7012,-11.846,NaN,NaN,NaN,NaN,NaN
347.87,-24.635,-19.64,36.426,-2.1488,0.18713,-9.5597,-4.8505,4.1623,-12.434,0.68957,0.48337,-0.70667,13.149,14.942,-7.2644,21.188,40.059,-88.55,3.6781e+05,4.4354e+06,245.62,47.63,0,3339.5,0.0069644,0.8092,2.6044,0.65298,0.071587,18.025,97914,11.75,-2.0437,0.88081,-9.1676,-4.6763,3.7555,-11.717,21.118,1.4784,0.87237,2.3655,4.0011
347.87,-24.636,-19.643,36.393,-2.1303,1.3341,-9.235,-5.0586,3.8047,-12.381,0,0,0,NaN,NaN,NaN,NaN,NaN,NaN,NaN,NaN,NaN,47.63,0,3339.5,0.0069644,NaN,NaN,NaN,NaN,NaN,-1,-1,-2.0418,0.88084,-9.2013,-4.6082,3.8119,-11.583,NaN,NaN,NaN,NaN,NaN
347.87,-24.636,-19.646,36.36,-2.7189,0.68063,-9.4576,-4.8204,4.1141,-12.24,0,0,0,NaN,NaN,NaN,NaN,NaN,NaN,NaN,NaN,NaN,47.63,0,3339.5,0.0069644,NaN,NaN,NaN,NaN,18.134,97879,11.625,-2.0396,0.86937,-9.1741,-4.5274,3.6771,-11.491,NaN,NaN,NaN,NaN,NaN
347.88,-24.636,-19.646,36.326,-1.4734,2.0313,-9.0095,-4.9753,5.139,-12.135,0,0,0,NaN,NaN,NaN,NaN,NaN,NaN,NaN,NaN,NaN,47.63,0,3339.5,0.0069644,NaN,NaN,NaN,NaN,NaN,-1,-1,-2.0166,0.85674,-9.0955,-4.4163,3.6386,-11.419,NaN,NaN,NaN,NaN,NaN
347.88,-24.633,-19.655,36.295,-2.0993,0.70185,-9.7635,-3.3859,1.7554,-12.377,0.6848,0.48596,-0.70487,NaN,NaN,NaN,NaN,NaN,NaN,NaN,NaN,NaN,47.63,0,3339.5,0.0069644,NaN,NaN,NaN,NaN,NaN,-1,-1,-2.0194,0.85987,-9.1003,-4.2476,3.651,-11.345,NaN,NaN,NaN,NaN,NaN
347.88,-24.631,-19.66,36.263,-2.0183,-0.026141,-11.251,-3.6937,3.0466,-12.374,0,0,0,NaN,NaN,NaN,NaN,NaN,NaN,NaN,NaN,NaN,47.63,0,3339.5,0.0069644,NaN,NaN,NaN,NaN,18.196,97839,11.438,-2.0188,0.868,-9.1437,-4.1658,3.5652,-11.269,NaN,NaN,NaN,NaN,NaN
347.88,-24.628,-19.656,36.228,-2.5471,1.253,-9.2912,-4.0848,6.9151,-11.889,0,0,0,NaN,NaN,NaN,NaN,NaN,NaN,NaN,NaN,NaN,47.63,0,3339.5,0.0069644,0.80646,2.4826,0.71566,0.043285,NaN,-1,-1,-2.0189,0.85071,-9.1625,-4.1015,3.4622,-11.2,NaN,NaN,NaN,NaN,NaN
347.89,-24.627,-19.667,36.165,-2.6935,0.36506,-10.666,-5.0641,-0.1669,-12.108,0.69833,0.474,-0.69921,NaN,NaN,NaN,NaN,NaN,NaN,NaN,NaN,NaN,47.63,0,3339.5,0.0069644,NaN,NaN,NaN,NaN,NaN,-1,-1,-2.0183,0.84547,-9.1639,-4.0242,3.4817,-11.145,NaN,NaN,NaN,NaN,NaN
347.89,-24.625,-19.668,36.132,-1.6293,0.79447,-10.021,-3.8973,4.9179,-12.033,0,0,0,NaN,NaN,NaN,NaN,NaN,NaN,NaN,NaN,NaN,47.63,0,3339.5,0.0069644,NaN,NaN,NaN,NaN,18.133,97907,11.688,-1.9966,0.84539,-9.0931,-3.8811,3.5108,-11.106,NaN,NaN,NaN,NaN,NaN
347.89,-24.623,-19.668,36.096,-1.7556,0.65497,-9.4946,-4.5951,5.3859,-12.499,0,0,0,NaN,NaN,NaN,NaN,NaN,NaN,NaN,NaN,NaN,47.63,0,3339.5,0.0069644,NaN,NaN,NaN,NaN,NaN,-1,-1,-1.9985,0.85318,-9.1101,-3.7747,3.5347,-11.052,NaN,NaN,NaN,NaN,NaN
347.89,-24.62,-19.676,36.064,-2.8099,0.61973,-9.4813,-3.3699,2.2,-12.689,0,0,0,NaN,NaN,NaN,NaN,NaN,NaN,NaN,NaN,NaN,47.63,0,3339.5,0.0069644,NaN,NaN,NaN,NaN,18.194,97871,11.5,-1.9955,0.82571,-9.1322,-3.7203,3.7296,-10.986,NaN,NaN,NaN,NaN,NaN
347.9,0,0,0,0,0,0,0,0,0,0,0,0,NaN,NaN,NaN,NaN,NaN,NaN,NaN,NaN,NaN,47.63,0,3339.5,0.0069644,NaN,NaN,NaN,0.037458,NaN,-1,-1,-1.9998,0.82391,-9.1849,-3.6687,3.6076,-10.964,NaN,NaN,NaN,NaN,NaN
347.9,-24.618,-19.675,36.031,-2.036,0.99861,-9.853,-4.1691,5.4779,-11.868,0.6986,0.47868,-0.70141,NaN,NaN,NaN,NaN,NaN,NaN,NaN,NaN,NaN,47.63,0,3339.5,0.0069644,NaN,NaN,NaN,NaN,NaN,-1,-1,-2.002,0.81045,-9.1633,-3.6024,3.4823,-10.964,NaN,NaN,NaN,NaN,NaN
347.9,-24.617,-19.677,35.998,-1.6304,1.2614,-8.8444,-4.2878,4.2589,-12.109,0,0,0,NaN,NaN,NaN,NaN,NaN,NaN,NaN,NaN,NaN,47.63,0,3368,0.0064211,NaN,NaN,NaN,NaN,18.109,97877,11.563,-1.9963,0.81894,-9.191,-3.4851,3.6157,-10.975,NaN,NaN,NaN,NaN,NaN
347.9,-24.605,-19.686,35.899,-2.2432,0.97878,-9.3199,-3.2054,4.0736,-11.957,0.69866,0.47616,-0.70363,NaN,NaN,NaN,NaN,NaN,NaN,NaN,NaN,NaN,47.63,0,3368,0.0064211,NaN,NaN,NaN,NaN,NaN,-1,-1,-1.9981,0.81116,-9.2325,-3.3957,3.749,-10.965,NaN,NaN,NaN,NaN,NaN
347.91,0,0,0,0,0,0,0,0,0,0,0,0,NaN,NaN,NaN,NaN,NaN,NaN,NaN,NaN,NaN,47.63,0,3368,0.0064211,NaN,NaN,NaN,NaN,NaN,-1,-1,-1.9986,0.80121,-9.2219,-3.3503,3.6263,-10.959,NaN,NaN,NaN,NaN,NaN
347.91,-24.603,-19.686,35.865,-1.9873,1.4107,-9.1165,-3.7451,5.2363,-11.867,0,0,0,NaN,NaN,NaN,NaN,NaN,NaN,NaN,NaN,NaN,47.63,0,3368,0.0064211,0.80811,2.4952,0.71506,0.033296,18.043,97896,11.625,-1.9981,0.80129,-9.241,-3.3173,3.7573,-10.945,NaN,NaN,NaN,NaN,NaN
347.91,-24.603,-19.689,35.833,-2.1041,-0.066172,-10.761,-4.8106,3.5712,-12.122,0,0,0,NaN,NaN,NaN,NaN,NaN,NaN,NaN,NaN,NaN,47.63,0,3368,0.0064211,NaN,NaN,NaN,NaN,NaN,-1,-1,-1.9876,0.80673,-9.2543,-3.2407,3.8267,-10.982,NaN,NaN,NaN,NaN,NaN
347.91,-24.597,-19.697,35.768,-1.6617,1.1731,-10.199,-3.2704,3.2202,-12.278,0.6916,0.48118,-0.70204,NaN,NaN,NaN,NaN,NaN,NaN,NaN,NaN,NaN,47.63,0,3368,0.0064211,NaN,NaN,NaN,NaN,17.981,97890,11.688,-2.0133,0.8062,-9.3618,-3.1569,3.7651,-11.029,NaN,NaN,NaN,NaN,NaN
347.92,-24.593,-19.7,35.734,-2.5962,0.14198,-10.358,-2.9781,3.9308,-12.465,0,0,0,NaN,NaN,NaN,NaN,NaN,NaN,NaN,NaN,NaN,47.63,0,3368,0.0064211,NaN,NaN,NaN,NaN,NaN,-1,-1,-2.0048,0.7949,-9.3664,-3.1107,3.8293,-11.051,NaN,NaN,NaN,NaN,NaN
347.92,-24.59,-19.698,35.7,-2.2748,0.92067,-9.1281,-3.8916,6.1344,-11.89,0,0,0,NaN,NaN,NaN,NaN,NaN,NaN,NaN,NaN,NaN,47.63,0,3368,0.0064211,NaN,NaN,NaN,NaN,NaN,-1,-1,-2,0.79522,-9.3777,-3.0995,4.0155,-11.082,NaN,NaN,NaN,NaN,NaN
347.92,-24.589,-19.703,35.669,-1.5332,1.6145,-9.1591,-4.0223,2.6398,-11.875,0,0,0,NaN,NaN,NaN,NaN,NaN,NaN,NaN,NaN,NaN,47.63,0,3368,0.0064211,NaN,NaN,NaN,NaN,17.956,97924,11.75,-2.0053,0.78384,-9.3809,-3.1057,3.9236,-11.139,NaN,NaN,NaN,NaN,NaN
347.92,-24.569,-19.721,35.654,-2.3435,0.57103,-11.052,-3.5894,3.2718,-12.074,0.69899,0.47832,-0.70805,NaN,NaN,NaN,NaN,NaN,NaN,NaN,NaN,NaN,47.63,0,3368,0.0064211,0.80044,2.6079,0.63533,0.092398,NaN,-1,-1,-2.0206,0.79438,-9.4751,-3.1152,3.9283,-11.216,NaN,NaN,NaN,NaN,NaN
347.93,-24.563,-19.721,35.619,-1.8579,0.2986,-10.145,-2.4893,5.3623,-12.298,0,0,0,NaN,NaN,NaN,NaN,NaN,NaN,NaN,NaN,NaN,47.63,0,3368,0.0064211,NaN,NaN,NaN,NaN,NaN,-1,-1,-2.0255,0.79716,-9.513,-3.0498,4.0422,-11.305,NaN,NaN,NaN,NaN,NaN
347.93,-24.558,-19.723,35.587,-2.0035,0.96219,-9.3171,-2.714,4.4722,-11.918,0,0,0,NaN,NaN,NaN,NaN,NaN,NaN,NaN,NaN,NaN,47.63,0,3368,0.0064211,NaN,NaN,NaN,NaN,18.263,97918,11.688,-2.0318,0.79588,-9.5443,-3.0419,4.0146,-11.377,NaN,NaN,NaN,NaN,NaN
347.93,-24.553,-19.725,35.554,-2.5403,1.2905,-9.2799,-2.9753,4.3006,-11.817,0,0,0,NaN,NaN,NaN,NaN,NaN,NaN,NaN,NaN,NaN,47.63,0,3368,0.0064211,0.84972,2.5149,0.70897,0.0074917,NaN,-1,-1,-2.0344,0.79796,-9.5493,-3.0715,4.118,-11.453,NaN,NaN,NaN,NaN,NaN
347.93,-24.552,-19.724,35.521,-1.7022,0.60248,-10.364,-4.2259,5.2764,-11.857,0.70782,0.47135,-0.70058,NaN,NaN,NaN,NaN,NaN,NaN,NaN,NaN,NaN,47.63,0,3368,0.0064211,NaN,NaN,NaN,NaN,18.016,97879,11.5,-2.0315,0.80026,-9.5801,-3.0756,4.2435,-11.559,NaN,NaN,NaN,NaN,NaN
347.94,-24.548,-19.728,35.488,-1.636,0.72722,-8.9716,-3.2383,3.7094,-12.276,0,0,0,NaN,NaN,NaN,NaN,NaN,NaN,NaN,NaN,NaN,47.63,0,3368,0.0064211,NaN,NaN,NaN,NaN,NaN,-1,-1,-2.0314,0.78438,-9.5748,-3.0187,4.2598,-11.672,NaN,NaN,NaN,NaN,NaN
347.94,-24.543,-19.732,35.455,-2.3224,0.37338,-10.775,-2.8811,3.4496,-12.416,0,0,0,NaN,NaN,NaN,NaN,NaN,NaN,NaN,NaN,NaN,47.63,0,3368,0.0064211,NaN,NaN,NaN,NaN,NaN,-1,-1,-2.0417,0.79191,-9.6031,-3.0085,4.1878,-11.792,NaN,NaN,NaN,NaN,NaN
347.94,-24.538,-19.733,35.421,-2.344,0.77657,-9.7333,-2.953,5.0439,-12.351,0,0,0,NaN,NaN,NaN,NaN,NaN,NaN,NaN,NaN,NaN,47.63,0,3368,0.0064211,NaN,NaN,NaN,NaN,18.372,97917,11.688,-2.0326,0.78205,-9.5915,-3.0388,4.4013,-11.897,NaN,NaN,NaN,NaN,NaN
347.94,-24.534,-19.735,35.388,-1.7898,0.92014,-9.1169,-3.4493,4.191,-11.965,0.6963,0.47619,-0.70384,NaN,NaN,NaN,NaN,NaN,NaN,NaN,NaN,NaN,47.63,0,3368,0.0064211,NaN,NaN,NaN,NaN,NaN,-1,-1,-2.0332,0.77263,-9.6108,-3.1027,4.3572,-12.024,NaN,NaN,NaN,NaN,NaN
347.95,-24.528,-19.739,35.322,-2.1733,0.96509,-9.8053,-3.1729,4.9516,-12.133,0,0,0,NaN,NaN,NaN,NaN,NaN,NaN,NaN,NaN,NaN,47.63,0,3368,0.0064211,NaN,NaN,NaN,NaN,NaN,-1,-1,-2.0459,0.77623,-9.6449,-3.1395,4.3749,-12.162,NaN,NaN,NaN,NaN,NaN
347.95,-24.522,-19.743,35.289,-1.222,0.78636,-10.289,-2.459,3.6629,-12.387,0,0,0,NaN,NaN,NaN,NaN,NaN,NaN,NaN,NaN,NaN,47.63,0,3368,0.0064211,0.80482,2.6067,0.6402,0.09656,18.089,97945,11.813,-2.0422,0.78028,-9.6266,-3.1588,4.4509,-12.332,NaN,NaN,NaN,NaN,NaN
347.95,-24.516,-19.745,35.257,-2.6882,0.79585,-10.141,-2.2787,4.4414,-11.886,0.70572,0.47114,-0.70522,NaN,NaN,NaN,NaN,NaN,NaN,NaN,NaN,NaN,47.63,0,3368,0.0064211,NaN,NaN,NaN,NaN,NaN,-1,-1,-2.0487,0.77483,-9.6708,-3.1474,4.5377,-12.515,NaN,NaN,NaN,NaN,NaN
347.95,-24.509,-19.74,35.222,-2.6373,1.5121,-9.7574,-2.3008,7.0674,-11.683,0,0,0,NaN,NaN,NaN,NaN,NaN,NaN,NaN,NaN,NaN,47.63,0,3368,0.0064211,NaN,NaN,NaN,NaN,18.238,97893,11.563,-2.0486,0.77788,-9.6849,-3.0574,4.4014,-12.238,NaN,NaN,NaN,NaN,NaN
347.96,-24.506,-19.743,35.191,-0.99781,-0.25189,-8.6361,-3.6974,3.4826,-11.665,0,0,0,NaN,NaN,NaN,NaN,NaN,NaN,NaN,NaN,NaN,47.63,0,3368,0.0064211,NaN,NaN,NaN,NaN,NaN,-1,-1,-2.0445,0.77193,-9.6805,-3.1439,4.4512,-12.293,NaN,NaN,NaN,NaN,NaN
347.96,-24.505,-19.752,35.16,-2.4369,1.3505,-10.479,-3.8543,1.5791,-12.289,0,0,0,NaN,NaN,NaN,NaN,NaN,NaN,NaN,NaN,NaN,47.63,0,3368,0.0064211,NaN,NaN,NaN,NaN,NaN,-1,-1,-2.0536,0.76877,-9.7036,-3.199,4.5063,-12.381,NaN,NaN,NaN,NaN,NaN
347.96,-24.499,-19.749,35.125,-2.098,0.58945,-11.339,-2.8976,6.5209,-12.119,0.7173,0.46869,-0.70196,NaN,NaN,NaN,NaN,NaN,NaN,NaN,NaN,NaN,47.63,0,3368,0.0064211,NaN,NaN,NaN,0.10905,18.348,97866,11.5,-2.0552,0.76215,-9.6993,-3.2385,4.4905,-12.461,NaN,NaN,NaN,NaN,NaN
347.96,-24.494,-19.751,35.09,-1.8871,-0.10222,-7.9247,-3.1785,4.7078,-12.789,0,0,0,NaN,NaN,NaN,NaN,NaN,NaN,NaN,NaN,NaN,47.63,0,3368,0.0064211,NaN,NaN,NaN,0.10905,NaN,-1,-1,-2.0512,0.76291,-9.7127,-3.1927,4.3523,-12.095,NaN,NaN,NaN,NaN,NaN
347.97,-24.492,-19.759,35.06,-2.246,0.90617,-10.348,-3.3524,1.634,-12.115,0,0,0,NaN,NaN,NaN,NaN,NaN,NaN,NaN,NaN,NaN,47.63,0,3368,0.0064211,NaN,NaN,NaN,NaN,NaN,-1,-1,-2.0528,0.755,-9.6991,-3.2581,4.4599,-12.096,NaN,NaN,NaN,NaN,NaN
347.97,-24.489,-19.758,35.026,-2.5293,2.4591,-12.081,-3.974,5.6452,-11.846,0,0,0,NaN,NaN,NaN,NaN,NaN,NaN,NaN,NaN,NaN,47.63,0,3368,0.0064211,NaN,NaN,NaN,NaN,18.436,97904,11.625,-2.0555,0.75113,-9.7291,-3.3683,4.4338,-12.11,NaN,NaN,NaN,NaN,NaN
347.97,-24.484,-19.757,34.991,-1.5543,-0.3341,-8.2614,-3.0765,5.8905,-12.314,0.70094,0.4688,-0.70565,NaN,NaN,NaN,NaN,NaN,NaN,NaN,NaN,NaN,47.63,0,3368,0.0064211,NaN,NaN,NaN,NaN,18.37,97930,11.688,-2.0594,0.76146,-9.7546,-3.375,4.3738,-12.128,NaN,NaN,NaN,NaN,NaN
347.97,-24.48,-19.765,34.96,-1.7085,0.35945,-10.863,-3.0001,1.5337,-12.176,0,0,0,NaN,NaN,NaN,NaN,NaN,NaN,NaN,NaN,NaN,47.63,0,3368,0.0064211,0.8645,2.5166,0.71445,-0.0016648,NaN,-1,-1,-2.0517,0.75639,-9.7316,-3.3851,4.3941,-12.141,NaN,NaN,NaN,NaN,NaN
347.98,-24.475,-19.762,34.925,-2.6554,1.5198,-9.6941,-2.9197,6.3813,-11.983,0,0,0,NaN,NaN,NaN,NaN,NaN,NaN,NaN,NaN,NaN,47.63,0,3368,0.0064211,NaN,NaN,NaN,NaN,NaN,-1,-1,-2.0589,0.76687,-9.7485,-3.4444,4.5064,-12.129,NaN,NaN,NaN,NaN,NaN
347.98,-24.468,-19.762,34.892,-2.2138,1.368,-9.8392,-2.2818,5.3267,-11.833,0,0,0,NaN,NaN,NaN,NaN,NaN,NaN,NaN,NaN,NaN,47.63,0,3368,0.0064211,NaN,NaN,NaN,NaN,NaN,-1,-1,-2.0596,0.76346,-9.7492,-3.5413,4.4634,-12.115,NaN,NaN,NaN,NaN,NaN
347.98,-24.469,-19.767,34.862,-1.5226,-0.51232,-9.9274,-4.8171,2.7178,-11.707,0.70558,0.46634,-0.70523,NaN,NaN,NaN,NaN,NaN,NaN,NaN,NaN,NaN,47.63,0,3368,0.0064211,NaN,NaN,NaN,NaN,18.434,97914,11.625,-2.0607,0.73742,-9.7311,-3.6079,4.3785,-12.128,NaN,NaN,NaN,NaN,NaN
347.98,-24.465,-19.768,34.793,-2.0691,0.64591,-11.459,-3.8609,6.7414,-12.46,0,0,0,NaN,NaN,NaN,NaN,NaN,NaN,NaN,NaN,NaN,47.63,0,3368,0.0064211,NaN,NaN,NaN,NaN,NaN,-1,-1,-2.0645,0.74411,-9.7427,-3.6397,4.4726,-12.135,NaN,NaN,NaN,NaN,NaN
347.99,-24.46,-19.773,34.76,-2.1864,0.5905,-7.165,-2.8438,3.3277,-12.545,0,0,0,NaN,NaN,NaN,NaN,NaN,NaN,NaN,NaN,NaN,47.63,0,3368,0.0064211,NaN,NaN,NaN,NaN,NaN,-1,-1,-2.0657,0.73952,-9.7751,-3.6709,4.4281,-12.141,NaN,NaN,NaN,NaN,NaN
347.99,-24.459,-19.776,34.729,-2.0623,0.2172,-10.368,-4.1435,3.704,-11.836,0.70532,0.46658,-0.70081,NaN,NaN,NaN,NaN,NaN,NaN,NaN,NaN,NaN,47.63,0,3368,0.0064211,NaN,NaN,NaN,NaN,18.484,97936,11.813,-2.0654,0.72203,-9.7272,-3.757,4.3962,-12.142,NaN,NaN,NaN,NaN,NaN
347.99,-24.459,-19.78,34.697,-2.4292,1.9549,-11.834,-4.8245,3.3393,-12.106,0,0,0,NaN,NaN,NaN,NaN,NaN,NaN,NaN,NaN,NaN,47.63,0,3368,0.0064211,NaN,NaN,NaN,NaN,NaN,-1,-1,-2.0706,0.72911,-9.7334,-3.8865,4.418,-12.143,NaN,NaN,NaN,NaN,NaN
347.99,-24.456,-19.776,34.66,-1.9145,0.41004,-9.3049,-4.0233,7.1615,-12.192,0,0,0,NaN,NaN,NaN,NaN,NaN,NaN,NaN,NaN,NaN,47.63,0,3368,0.0064211,NaN,NaN,NaN,NaN,18.477,97892,11.563,-2.0692,0.73536,-9.7662,-3.9244,4.4289,-12.145,NaN,NaN,NaN,NaN,NaN
348,-24.453,-19.781,34.628,-1.468,0.49659,-9.1065,-3.4025,2.89,-12.437,0,0,0,NaN,NaN,NaN,NaN,NaN,NaN,NaN,NaN,NaN,47.63,0,3368,0.0064211,NaN,NaN,NaN,NaN,NaN,-1,-1,-2.0779,0.71653,-9.7718,-3.9755,4.3949,-12.146,NaN,NaN,NaN,NaN,NaN
348,-24.45,-19.786,34.596,-2.7567,0.88926,-10.25,-3.7017,3.1079,-12.272,0.70309,0.46649,-0.70323,NaN,NaN,NaN,NaN,NaN,NaN,NaN,NaN,NaN,47.63,0,3368,0.0064211,0.80592,2.6115,0.65968,0.075749,NaN,-1,-1,-2.0741,0.72219,-9.7433,-4.0693,4.4602,-12.147,NaN,NaN,NaN,NaN,NaN
