481,-15.544,-14.075,46.91,-1.1585,2.1253,-7.9965,5.1515,-5.3479,6.7496,0,0,0,NaN,NaN,NaN,NaN,NaN,NaN,NaN,NaN,NaN,46.572,0,2693.8,0.0069644,NaN,NaN,NaN,NaN,NaN,-1,-1,-1.5802,1.7004,-8.6762,5.7156,-4.0067,6.6656,NaN,NaN,NaN,NaN,NaN
481,-15.533,-14.079,46.929,-1.8889,2.606,-9.7489,5.7548,-3.5554,6.5143,0.59403,0.40645,-0.84508,NaN,NaN,NaN,NaN,NaN,NaN,NaN,NaN,NaN,46.533,0.024486,2729.6,0.0058767,NaN,NaN,NaN,NaN,16.661,98663,21.938,-1.582,1.7255,-8.6803,5.7343,-3.9656,6.5397,NaN,NaN,NaN,NaN,NaN
481,-15.512,-14.091,46.969,-1.0373,2.426,-10.181,5.4675,-6.1806,6.322,0,0,0,NaN,NaN,NaN,NaN,NaN,NaN,NaN,NaN,NaN,46.533,0.024486,2729.6,0.0058767,NaN,NaN,NaN,NaN,NaN,-1,-1,-1.588,1.7288,-8.6837,5.813,-3.8954,6.389,NaN,NaN,NaN,NaN,NaN
481.01,-15.499,-14.092,46.987,-2.0998,2.0663,-9.6807,6.5986,-2.1362,6.1451,0,0,0,NaN,NaN,NaN,NaN,NaN,NaN,NaN,NaN,NaN,46.533,0.024486,2729.6,0.0058767,NaN,NaN,NaN,NaN,17.316,98665,22,-1.5889,1.7343,-8.6925,5.8328,-4.006,6.24,NaN,NaN,NaN,NaN,NaN
481.01,-15.487,-14.094,47.004,-0.94939,0.60462,-7.968,6.1905,-2.7311,5.8109,0.6065,0.41113,-0.84626,NaN,NaN,NaN,NaN,NaN,NaN,NaN,NaN,NaN,46.533,0.024486,2729.6,0.0058767,0.64988,2.1384,0.29758,-0.0041621,NaN,-1,-1,-1.5895,1.7472,-8.6862,5.8701,-3.8673,6.0923,NaN,NaN,NaN,NaN,NaN
481.01,-15.477,-14.104,47.025,-1.6974,1.0271,-8.4475,5.739,-6.2035,6.2307,0,0,0,NaN,NaN,NaN,NaN,NaN,NaN,NaN,NaN,NaN,46.533,0.024486,2729.6,0.0058767,NaN,NaN,NaN,NaN,17.338,98651,21.938,-1.5926,1.7515,-8.7072,5.8763,-3.9134,5.9277,NaN,NaN,NaN,NaN,NaN
481.01,-15.465,-14.107,47.043,-1.7028,3.4367,-10.048,5.8166,-3.0864,6.0452,0,0,0,NaN,NaN,NaN,NaN,NaN,NaN,NaN,NaN,NaN,46.533,0.024486,2729.6,0.0058767,NaN,NaN,NaN,NaN,NaN,-1,-1,-1.5909,1.7625,-8.7142,5.8982,-3.9058,5.7583,NaN,NaN,NaN,NaN,NaN
481.02,-15.441,-14.116,47.079,-1.6335,1.9559,-8.4699,6.1036,-5.4864,5.9729,0.60176,0.41107,-0.84898,NaN,NaN,NaN,NaN,NaN,NaN,NaN,NaN,NaN,46.533,0.024486,2729.6,0.0058767,NaN,NaN,NaN,NaN,16.977,98628,21.813,-1.5912,1.7761,-8.7076,5.8979,-3.9025,5.6068,NaN,NaN,NaN,NaN,NaN
481.02,-15.429,-14.122,47.097,-1.836,2.2056,-10.274,5.964,-3.9429,5.4043,0,0,0,NaN,NaN,NaN,NaN,NaN,NaN,NaN,NaN,NaN,46.533,0.024486,2729.6,0.0058767,0.60937,2.2398,0.23308,0.080744,16.79,98730,22.25,-1.5969,1.7784,-8.7052,5.8878,-3.8873,5.4406,NaN,NaN,NaN,NaN,NaN
481.02,-15.409,-14.131,47.13,-0.99068,1.7399,-8.9086,5.3898,-6.0154,5.3011,0,0,0,NaN,NaN,NaN,NaN,NaN,NaN,NaN,NaN,NaN,46.533,0.024486,2729.6,0.0058767,NaN,NaN,NaN,NaN,NaN,-1,-1,-1.5944,1.7911,-8.7058,5.8051,-3.8571,5.2898,NaN,NaN,NaN,NaN,NaN
481.02,-15.397,-14.14,47.148,-1.8753,3.0964,-10.607,5.8077,-5.2043,5.3508,0.59927,0.41881,-0.8446,NaN,NaN,NaN,NaN,NaN,NaN,NaN,NaN,NaN,46.533,0.024486,2729.6,0.0058767,NaN,NaN,NaN,NaN,16.934,98677,22.063,-1.5954,1.8005,-8.7281,5.7223,-4.0287,5.1321,NaN,NaN,NaN,NaN,NaN
481.03,-15.385,-14.136,47.162,-1.836,1.0414,-9.3895,6.0301,-0.20139,5.03,0,0,0,NaN,NaN,NaN,NaN,NaN,NaN,NaN,NaN,NaN,46.533,0.024486,2729.6,0.0058767,0.58199,NaN,0.2136,NaN,NaN,-1,-1,-1.5982,1.8034,-8.7204,5.6614,-3.9444,4.9629,NaN,NaN,NaN,NaN,NaN
481.03,-15.374,-14.142,47.177,-1.4272,1.9602,-7.6547,5.24,-3.9327,4.7432,0,0,0,NaN,NaN,NaN,NaN,NaN,NaN,NaN,NaN,NaN,46.533,0.024486,2729.6,0.0058767,NaN,2.2255,NaN,0.09656,17.101,98648,21.938,-1.5988,1.8175,-8.705,5.5819,-3.9891,4.7754,NaN,NaN,NaN,NaN,NaN
481.03,-15.347,-14.158,47.207,-1.9836,1.0109,-10.159,6.6643,-3.8668,4.1733,0.59674,0.40617,-0.84944,NaN,NaN,NaN,NaN,NaN,NaN,NaN,NaN,NaN,46.533,0.024486,2729.6,0.0058767,NaN,NaN,NaN,NaN,16.735,98643,21.875,-1.6019,1.8273,-8.7085,5.4656,-4.1369,4.5751,NaN,NaN,NaN,NaN,NaN
481.03,-15.336,-14.161,47.222,-1.2816,1.1394,-8.8366,5.3538,-2.7198,4.6003,0,0,0,NaN,NaN,NaN,NaN,NaN,NaN,NaN,NaN,NaN,46.533,0.024486,2729.6,0.0058767,NaN,NaN,NaN,NaN,NaN,-1,-1,-1.6059,1.8335,-8.7074,5.3168,-3.9878,4.3649,NaN,NaN,NaN,NaN,NaN
481.04,-15.312,-14.173,47.251,-1.7891,1.2974,-10.114,6.1227,-2.8317,4.0082,0,0,0,NaN,NaN,NaN,NaN,NaN,NaN,NaN,NaN,NaN,46.533,0.024486,2729.6,0.0058767,0.61758,2.2428,0.23308,0.06909,NaN,-1,-1,-1.6069,1.8313,-8.7034,5.1798,-3.9665,4.1601,NaN,NaN,NaN,NaN,NaN
481.04,-15.301,-14.176,47.264,-1.6695,1.7579,-8.5407,5.1361,-2.6718,4.2056,0.59131,0.40164,-0.84302,NaN,NaN,NaN,NaN,NaN,NaN,NaN,NaN,NaN,46.533,0.024486,2729.6,0.0058767,NaN,NaN,NaN,NaN,NaN,-1,-1,-1.6024,1.8371,-8.6889,5.0287,-4.1418,3.9581,NaN,NaN,NaN,NaN,NaN
481.04,-15.28,-14.196,47.292,-1.7184,1.6495,-9.7974,5.2951,-7.3905,3.3799,0,0,0,NaN,NaN,NaN,NaN,NaN,NaN,NaN,NaN,NaN,46.533,0.024486,2729.6,0.0058767,NaN,NaN,NaN,NaN,16.979,98657,21.938,-1.6057,1.8579,-8.721,4.8306,-4.0933,3.7673,NaN,NaN,NaN,NaN,NaN
481.04,-15.272,-14.2,47.304,-1.632,1.2125,-10.688,4.0954,-2.7628,3.5624,0,0,0,NaN,NaN,NaN,NaN,NaN,NaN,NaN,NaN,NaN,46.533,0.024486,2729.6,0.0058767,NaN,NaN,NaN,NaN,NaN,-1,-1,-1.6087,1.8746,-8.7149,4.6081,-4.0152,3.5623,NaN,NaN,NaN,NaN,NaN
481.05,-15.253,-14.21,47.327,-1.735,1.6024,-7.6522,4.4952,-5.2908,3.2168,0,0,0,NaN,NaN,NaN,NaN,NaN,NaN,NaN,NaN,NaN,46.533,0.024486,2729.6,0.0058767,NaN,NaN,NaN,NaN,NaN,-1,-1,-1.6054,1.8778,-8.6849,4.3834,-4.065,3.3685,NaN,NaN,NaN,NaN,NaN
481.05,-15.246,-14.22,47.34,-1.5954,1.6213,-10.371,3.7564,-5.2498,3.282,0,0,0,NaN,NaN,NaN,NaN,NaN,NaN,NaN,NaN,NaN,46.533,0.024486,2729.6,0.0058767,NaN,NaN,NaN,NaN,16.685,98629,21.813,-1.6079,1.8775,-8.6912,4.1014,-4.0631,3.1652,NaN,NaN,NaN,NaN,NaN
481.05,-15.237,-14.224,47.35,-1.9279,2.5788,-9.5071,4.1482,-2.6278,2.8715,0,0,0,NaN,NaN,NaN,NaN,NaN,NaN,NaN,NaN,NaN,46.533,0.024486,2729.6,0.0058767,0.58473,2.2285,0.20569,0.11238,16.979,98680,22,-1.6112,1.8907,-8.7087,3.856,-4.1026,2.9464,NaN,NaN,NaN,NaN,NaN
481.05,-15.228,-14.23,47.36,-0.92771,2.1643,-8.5649,3.9123,-3.8139,2.6589,0.59625,0.39897,-0.84488,NaN,NaN,NaN,NaN,NaN,NaN,NaN,NaN,NaN,46.533,0.024486,2729.6,0.0058767,NaN,NaN,NaN,NaN,NaN,-1,-1,-1.6056,1.8913,-8.6803,3.569,-3.9838,2.747,NaN,NaN,NaN,NaN,NaN
481.06,-15.221,-14.241,47.37,-2.0228,0.65663,-8.0313,3.6012,-5.3289,1.9844,0,0,0,NaN,NaN,NaN,NaN,NaN,NaN,NaN,NaN,NaN,46.533,0.024486,2729.6,0.0058767,NaN,NaN,NaN,NaN,NaN,-1,-1,-1.6104,1.8898,-8.6819,3.2649,-4.0949,2.5554,NaN,NaN,NaN,NaN,NaN
481.06,-15.216,-14.247,47.38,-1.7044,2.2863,-10.435,2.6015,-3.423,2.6433,0,0,0,NaN,NaN,NaN,NaN,NaN,NaN,NaN,NaN,NaN,46.533,0.024486,2729.6,0.0058767,NaN,NaN,NaN,NaN,16.884,98664,22,-1.6155,1.9178,-8.7084,2.9443,-4.043,2.3587,NaN,NaN,NaN,NaN,NaN
481.06,-15.209,-14.252,47.389,-1.3743,2.2175,-7.7667,3.249,-2.675,2.4316,0,0,0,NaN,NaN,NaN,NaN,NaN,NaN,NaN,NaN,NaN,46.533,0.024486,2729.6,0.0058767,0.59075,2.1103,0.29637,0.034961,NaN,-1,-1,-1.6137,1.9227,-8.6849,2.6072,-4.1192,2.1673,NaN,NaN,NaN,NaN,NaN
481.06,-15.2,-14.271,47.408,-2.2067,2.4459,-9.5945,2.1546,-5.4881,1.8806,0,0,0,NaN,NaN,NaN,NaN,NaN,NaN,NaN,NaN,NaN,46.533,0.024486,2729.6,0.0058767,NaN,NaN,NaN,NaN,NaN,-1,-1,-1.6169,1.9092,-8.6588,2.3235,-4.0413,1.9614,NaN,NaN,NaN,NaN,NaN
481.07,-15.195,-14.276,47.416,-2.0242,2.1908,-8.949,2.4932,-2.803,2.1654,0,0,0,NaN,NaN,NaN,NaN,NaN,NaN,NaN,NaN,NaN,46.533,0.024486,2729.6,0.0058767,NaN,NaN,NaN,NaN,NaN,-1,-1,-1.6217,1.918,-8.6583,1.9734,-3.8929,1.7622,NaN,NaN,NaN,NaN,NaN
481.07,-15.19,-14.295,47.433,-1.4418,2.4335,-8.5536,1.1497,-6.2686,1.8999,0.59228,0.41096,-0.85444,NaN,NaN,NaN,NaN,NaN,NaN,NaN,NaN,NaN,46.533,0.024486,2729.6,0.0058767,NaN,NaN,NaN,NaN,16.664,98668,22,-1.6152,1.9268,-8.6601,1.5992,-3.9801,1.5853,NaN,NaN,NaN,NaN,NaN
481.07,-15.189,-14.3,47.44,-2.3987,2.4203,-10.276,0.94257,-2.9478,1.4308,0,0,0,NaN,NaN,NaN,NaN,NaN,NaN,NaN,NaN,NaN,46.533,0.024486,2729.6,0.0058767,NaN,NaN,NaN,NaN,16.979,98659,21.938,-1.6187,1.9368,-8.6361,1.2816,-4.0354,1.4043,NaN,NaN,NaN,NaN,NaN
481.07,-15.189,-14.318,47.455,-1.1923,2.9839,-8.1654,0.5513,-5.8749,1.3057,0,0,0,NaN,NaN,NaN,NaN,NaN,NaN,NaN,NaN,NaN,46.533,0.024486,2729.6,0.0058767,0.60061,2.1097,0.2988,0.044118,NaN,-1,-1,-1.6284,1.9521,-8.6374,0.99924,-4.0439,1.2072,NaN,NaN,NaN,NaN,NaN
481.08,-15.185,-14.329,47.461,-2.0439,2.776,-10.463,1.5685,-5.0357,0.46054,0.5845,0.41404,-0.84593,NaN,NaN,NaN,NaN,NaN,NaN,NaN,NaN,NaN,46.533,0.024486,2729.6,0.0058767,NaN,NaN,NaN,NaN,NaN,-1,-1,-1.6274,1.9549,-8.6038,0.65844,-4.0115,1.0095,NaN,NaN,NaN,NaN,NaN
481.08,-15.182,-14.331,47.463,-1.8679,0.44921,-8.6382,1.0534,-1.0063,0.31805,0,0,0,NaN,NaN,NaN,NaN,NaN,NaN,NaN,NaN,NaN,46.533,0.024486,2729.6,0.0058767,NaN,NaN,NaN,NaN,NaN,-1,-1,-1.6265,1.9535,-8.5947,0.35413,-4.1756,0.81402,NaN,NaN,NaN,NaN,NaN
481.08,-15.185,-14.358,47.477,-1.4651,2.9927,-9.4662,-0.38205,-7.0721,0.51091,0,0,0,NaN,NaN,NaN,NaN,NaN,NaN,NaN,NaN,NaN,46.533,0.024486,2729.6,0.0058767,NaN,NaN,NaN,NaN,16.955,98635,21.875,-1.6307,1.9598,-8.5985,0.09521,-4.3595,0.53609,NaN,NaN,NaN,NaN,NaN
481.08,-15.186,-14.36,47.48,-2.0485,1.1983,-10.676,-0.3306,-1.1276,0.42886,0.59682,0.41375,-0.84713,NaN,NaN,NaN,NaN,NaN,NaN,NaN,NaN,NaN,46.533,0.024486,2729.6,0.0058767,0.59513,NaN,0.30245,NaN,NaN,-1,-1,-1.6353,1.9594,-8.5504,-0.13546,-4.2168,0.36837,NaN,NaN,NaN,NaN,NaN
481.09,-15.187,-14.363,47.483,-1.4675,2.5974,-6.0185,-0.7806,-1.6167,0.44473,0,0,0,NaN,NaN,NaN,NaN,NaN,NaN,NaN,NaN,NaN,46.533,0.024486,2729.6,0.0058767,NaN,NaN,NaN,NaN,NaN,-1,-1,-1.6348,1.969,-8.5342,-0.40456,-4.2202,0.21399,NaN,NaN,NaN,NaN,NaN
481.09,-15.188,-14.384,47.491,-1.69,2.6993,-8.4988,0.095283,-9.0609,0.24546,0,0,0,NaN,NaN,NaN,NaN,NaN,NaN,NaN,NaN,NaN,46.533,0.024486,2729.6,0.0058767,NaN,NaN,NaN,NaN,17.317,98700,22.125,-1.6377,1.9915,-8.5449,-0.58487,-4.2614,0.023356,NaN,NaN,NaN,NaN,NaN
481.09,-15.191,-14.392,47.494,-2.1683,0.50338,-10.954,-1.1954,-3.5954,-0.21893,0,0,0,NaN,NaN,NaN,NaN,NaN,NaN,NaN,NaN,NaN,46.572,0,2779.5,0.0069644,NaN,NaN,NaN,NaN,NaN,-1,-1,-1.6387,2.0009,-8.5301,-0.73168,-4.2827,-0.24435,NaN,NaN,NaN,NaN,NaN
481.09,-15.195,-14.392,47.494,-1.1966,2.1972,-7.427,-2.2432,0.0010313,-0.30097,0.59172,0.40127,-0.84989,NaN,NaN,NaN,NaN,NaN,NaN,NaN,NaN,NaN,46.572,0,2779.5,0.0069644,NaN,NaN,NaN,NaN,17.071,98644,21.813,-1.638,1.9856,-8.4691,-0.90653,-4.1475,-0.39107,NaN,NaN,NaN,NaN,NaN
481.1,-15.198,-14.409,47.498,-1.557,3.0952,-7.0406,-1.0235,-7.186,-0.6224,0,0,0,NaN,NaN,NaN,NaN,NaN,NaN,NaN,NaN,NaN,46.572,0,2779.5,0.0069644,0.60663,2.2392,0.22943,0.068258,NaN,-1,-1,-1.6439,2.0023,-8.4653,-1.0848,-3.9317,-0.51487,NaN,NaN,NaN,NaN,NaN
481.1,-15.2,-14.42,47.501,-2.1073,0.70964,-9.8977,-1.2096,-4.7553,-0.78358,0,0,0,NaN,NaN,NaN,NaN,NaN,NaN,NaN,NaN,NaN,46.572,0,2779.5,0.0069644,NaN,NaN,NaN,NaN,17.24,98673,21.938,-1.6439,1.9991,-8.4498,-1.1957,-3.9702,-0.65508,NaN,NaN,NaN,NaN,NaN
481.1,-15.205,-14.424,47.501,-1.5348,2.1876,-8.5967,-2.0508,-1.6223,-0.69735,0,0,0,NaN,NaN,NaN,NaN,NaN,NaN,NaN,NaN,NaN,46.572,0,2779.5,0.0069644,NaN,NaN,NaN,NaN,16.909,98682,22.063,-1.6434,2.0102,-8.4156,-1.2961,-3.8423,-0.80624,NaN,NaN,NaN,NaN,NaN
481.1,-15.206,-14.438,47.504,-1.1779,3.6683,-8.5028,-0.65483,-5.914,-0.88218,0.58441,0.40137,-0.85055,NaN,NaN,NaN,NaN,NaN,NaN,NaN,NaN,NaN,46.572,0,2779.5,0.0069644,NaN,NaN,NaN,NaN,NaN,-1,-1,-1.6453,2.0244,-8.4179,-1.3613,-3.845,-0.96138,NaN,NaN,NaN,NaN,NaN
481.11,-15.212,-14.454,47.505,-1.7421,0.83378,-7.1512,-2.5471,-1.55,-0.60149,0,0,0,NaN,NaN,NaN,NaN,NaN,NaN,NaN,NaN,NaN,46.572,0,2779.5,0.0069644,0.6559,2.13,0.28359,0.013319,16.76,98701,22.063,-1.6479,2.0265,-8.387,-1.4062,-3.7751,-1.0818,NaN,NaN,NaN,NaN,NaN
481.11,-15.216,-14.468,47.508,-1.2422,3.3868,-7.5184,-2.0103,-5.8995,-1.1362,0,0,0,NaN,NaN,NaN,NaN,NaN,NaN,NaN,NaN,NaN,46.572,0,2779.5,0.0069644,NaN,NaN,NaN,NaN,NaN,-1,-1,-1.6477,2.0332,-8.3594,-1.3844,-3.7203,-1.211,NaN,NaN,NaN,NaN,NaN
481.11,-15.221,-14.485,47.507,-1.8496,1.8368,-8.3658,-2.0832,-1.7083,-1.594,0,0,0,NaN,NaN,NaN,NaN,NaN,NaN,NaN,NaN,NaN,46.572,0,2779.5,0.0069644,NaN,NaN,NaN,NaN,16.762,98686,22.063,-1.6331,2.022,-8.2347,-1.3411,-3.6469,-1.3589,NaN,NaN,NaN,NaN,NaN
481.11,-15.223,-14.497,47.507,-1.8588,2.2496,-6.7709,-1.3664,-4.7054,-1.7196,0,0,0,NaN,NaN,NaN,NaN,NaN,NaN,NaN,NaN,NaN,46.572,0,2779.5,0.0069644,0.58911,2.1079,0.29332,0.039123,NaN,-1,-1,-1.6375,2.021,-8.2258,-1.253,-3.6624,-1.5253,NaN,NaN,NaN,NaN,NaN
481.12,-15.228,-14.519,47.505,-1.7208,1.1798,-8.8651,-1.3462,-3.7388,-2.1374,0.59432,0.41639,-0.84505,NaN,NaN,NaN,NaN,NaN,NaN,NaN,NaN,NaN,46.572,0,2779.5,0.0069644,NaN,NaN,NaN,NaN,17.222,98702,22.125,-1.6417,2.049,-8.2265,-1.1587,-3.7224,-1.6603,NaN,NaN,NaN,NaN,NaN
481.12,-15.231,-14.531,47.504,-1.5488,2.8003,-8.4481,-1.8976,-4.3545,-1.9303,0,0,0,NaN,NaN,NaN,NaN,NaN,NaN,NaN,NaN,NaN,46.572,0,2779.5,0.0069644,NaN,NaN,NaN,NaN,NaN,-1,-1,-1.6421,2.0566,-8.2073,-0.9986,-3.6091,-1.7927,NaN,NaN,NaN,NaN,NaN
481.12,-15.233,-14.565,47.498,-1.9554,3.3488,-8.3717,-0.11064,-7.0822,-2.5336,0.58889,0.40677,-0.84094,NaN,NaN,NaN,NaN,NaN,NaN,NaN,NaN,NaN,46.572,0,2779.5,0.0069644,NaN,NaN,NaN,NaN,17.026,98645,21.875,-1.6447,2.0447,-8.1819,-0.81396,-3.7462,-1.9421,NaN,NaN,NaN,NaN,NaN
481.12,-15.229,-14.575,47.495,-1.6469,2.1996,-10.005,0.61576,-3.9005,-2.8634,0,0,0,NaN,NaN,NaN,NaN,NaN,NaN,NaN,NaN,NaN,46.572,0,2779.5,0.0069644,NaN,NaN,NaN,NaN,NaN,-1,-1,-1.6408,2.0394,-8.0756,-0.61108,-3.6136,-2.0822,NaN,NaN,NaN,NaN,NaN
481.13,-15.228,-14.581,47.49,-1.5333,0.20463,-7.3117,-0.5768,-1.5752,-2.9344,0,0,0,NaN,NaN,NaN,NaN,NaN,NaN,NaN,NaN,NaN,46.572,0,2779.5,0.0069644,NaN,NaN,NaN,NaN,16.781,98640,21.813,-1.6403,2.0469,-8.065,-0.40458,-3.7481,-2.2182,NaN,NaN,NaN,NaN,NaN
481.13,-15.229,-14.594,47.489,-1.2219,3.1743,-6.2102,-1.0057,-5.2945,-2.4304,0,0,0,NaN,NaN,NaN,NaN,NaN,NaN,NaN,NaN,NaN,46.572,0,2779.5,0.0069644,NaN,NaN,NaN,NaN,NaN,-1,-1,-1.6433,2.0498,-8.0559,-0.18239,-3.6546,-2.3627,NaN,NaN,NaN,NaN,NaN
481.13,-15.225,-14.609,47.486,-2.2158,2.4106,-10.305,1.2265,-5.4212,-2.8617,0.59905,0.41136,-0.84462,NaN,NaN,NaN,NaN,NaN,NaN,NaN,NaN,NaN,46.572,0,2779.5,0.0069644,NaN,NaN,NaN,NaN,16.906,98682,22,-1.6574,2.0673,-8.0605,0.052076,-3.6521,-2.4965,NaN,NaN,NaN,NaN,NaN
481.13,-15.221,-14.614,47.481,-1.7192,1.694,-7.6542,0.30166,-1.724,-2.9698,0,0,0,NaN,NaN,NaN,NaN,NaN,NaN,NaN,NaN,NaN,46.572,0,2779.5,0.0069644,NaN,NaN,NaN,NaN,NaN,-1,-1,-1.654,2.0616,-8.0364,0.37594,-3.8107,-2.6605,NaN,NaN,NaN,NaN,NaN
481.14,0,0,0,0,0,0,0,0,0,0,0,0,NaN,NaN,NaN,NaN,NaN,NaN,NaN,NaN,NaN,46.572,0,2779.5,0.0069644,NaN,NaN,NaN,0.017481,16.831,98675,21.938,-1.6642,2.0683,-8.0472,0.66734,-3.6933,-2.8436,NaN,NaN,NaN,NaN,NaN
481.14,-15.219,-14.626,47.477,-1.4529,2.6012,-6.6862,0.12244,-4.0936,-3.1514,0,0,0,NaN,NaN,NaN,NaN,NaN,NaN,NaN,NaN,NaN,46.572,0,2779.5,0.0069644,NaN,NaN,NaN,NaN,NaN,-1,-1,-1.668,2.0815,-8.0274,0.93423,-3.7555,-2.9975,NaN,NaN,NaN,NaN,NaN
481.14,-15.208,-14.651,47.468,-2.0209,1.0548,-9.8256,1.3705,-2.9612,-3.783,0.60364,0.40645,-0.84191,NaN,NaN,NaN,NaN,NaN,NaN,NaN,NaN,NaN,46.572,0,2779.5,0.0069644,NaN,NaN,NaN,NaN,17,98657,21.875,-1.6656,2.0832,-8.0099,1.2227,-3.6577,-3.1556,NaN,NaN,NaN,NaN,NaN
481.14,-15.203,-14.656,47.462,-1.1343,2.0977,-6.1658,1.2704,-1.3767,-3.2371,0,0,0,NaN,NaN,NaN,NaN,NaN,NaN,NaN,NaN,NaN,46.572,0,2779.5,0.0069644,NaN,NaN,NaN,NaN,NaN,-1,-1,-1.6813,2.0853,-8.0247,1.5002,-3.613,-3.304,NaN,NaN,NaN,NaN,NaN
481.15,0,0,0,0,0,0,0,0,0,0,0,0,NaN,NaN,NaN,NaN,NaN,NaN,NaN,NaN,NaN,46.572,0,2779.5,0.0069644,NaN,NaN,NaN,NaN,17.264,98647,21.875,-1.6737,2.0862,-7.9705,1.8189,-3.7511,-3.4468,NaN,NaN,NaN,NaN,NaN
481.15,-15.185,-14.685,47.452,-2.1029,1.7197,-9.6712,2.8095,-4.1762,-3.7207,0,0,0,NaN,NaN,NaN,NaN,NaN,NaN,NaN,NaN,NaN,46.572,0,2779.5,0.0069644,NaN,NaN,NaN,NaN,NaN,-1,-1,-1.6696,2.0897,-7.9568,2.1505,-3.7445,-3.6166,NaN,NaN,NaN,NaN,NaN
481.15,-15.165,-14.708,47.439,-1.1457,2.8126,-7.406,3.5262,-6.5212,-4.1523,0,0,0,NaN,NaN,NaN,NaN,NaN,NaN,NaN,NaN,NaN,46.572,0,2779.5,0.0069644,NaN,NaN,NaN,NaN,NaN,-1,-1,-1.677,2.0967,-7.9593,2.4208,-3.6217,-3.7992,NaN,NaN,NaN,NaN,NaN
481.15,-15.154,-14.72,47.432,-2.0452,1.5079,-9.6658,3.2508,-4.2213,-4.5072,0,0,0,NaN,NaN,NaN,NaN,NaN,NaN,NaN,NaN,NaN,46.572,0,2779.5,0.0069644,NaN,NaN,NaN,NaN,17.097,98673,21.938,-1.6799,2.0997,-7.9477,2.7126,-3.7775,-3.9781,NaN,NaN,NaN,NaN,NaN
481.16,-15.152,-14.746,47.398,-1.1789,2.0584,-8.0154,3.1823,-5.0067,-3.9929,0.60343,0.39899,-0.84193,14.268,15.03,-6.0132,21.579,40.058,-88.55,3.6776e+05,4.4354e+06,337.65,46.572,0,2779.5,0.0069644,NaN,NaN,NaN,NaN,NaN,-1,-1,-1.6789,2.1091,-7.8962,3.0216,-3.7767,-4.1558,21.526,-1.5006,0.16585,0.44143,-3.9875
481.16,-15.139,-14.757,47.391,-2.1776,2.2397,-8.3553,3.9701,-3.7761,-4.115,0,0,0,NaN,NaN,NaN,NaN,NaN,NaN,NaN,NaN,NaN,46.572,0,2779.5,0.0069644,NaN,NaN,NaN,NaN,NaN,-1,-1,-1.669,2.1059,-7.9078,3.2764,-3.6497,-4.3318,NaN,NaN,NaN,NaN,NaN
481.16,-15.114,-14.782,47.376,-2.0655,2.4064,-7.5096,4.1426,-6.4992,-5.0592,0,0,0,NaN,NaN,NaN,NaN,NaN,NaN,NaN,NaN,NaN,46.572,0,2779.5,0.0069644,NaN,NaN,NaN,NaN,17.244,98670,22,-1.682,2.1037,-7.8994,3.5845,-3.7526,-4.4857,NaN,NaN,NaN,NaN,NaN
481.16,-15.1,-14.793,47.366,-1.434,1.9763,-9.6866,4.0239,-3.7087,-5.2622,0.60105,0.39642,-0.84445,NaN,NaN,NaN,NaN,NaN,NaN,NaN,NaN,NaN,46.572,0,2779.5,0.0069644,NaN,NaN,NaN,NaN,NaN,-1,-1,-1.6749,2.0999,-7.8494,3.8216,-3.6912,-4.6368,NaN,NaN,NaN,NaN,NaN
481.17,-15.072,-14.814,47.348,-1.8454,1.9053,-6.6177,4.7089,-5.4454,-4.9502,0,0,0,NaN,NaN,NaN,NaN,NaN,NaN,NaN,NaN,NaN,46.572,0,2779.5,0.0069644,NaN,NaN,NaN,NaN,NaN,-1,-1,-1.6673,2.1078,-7.8344,4.0595,-3.772,-4.8152,NaN,NaN,NaN,NaN,NaN
481.17,-15.058,-14.828,47.339,-1.7353,2.2266,-10.176,4.6153,-4.6945,-5.1085,0,0,0,NaN,NaN,NaN,NaN,NaN,NaN,NaN,NaN,NaN,46.572,0,2779.5,0.0069644,0.58747,2.1175,0.29272,0.041621,17.378,98657,21.813,-1.677,2.1044,-7.836,4.2418,-3.7181,-4.9877,NaN,NaN,NaN,NaN,NaN
481.17,-15.042,-14.834,47.328,-1.6557,2.1203,-7.2954,4.8523,-1.3607,-5.4092,0.60357,0.40396,-0.84192,NaN,NaN,NaN,NaN,NaN,NaN,NaN,NaN,NaN,46.572,0,2779.5,0.0069644,NaN,NaN,NaN,NaN,NaN,-1,-1,-1.6696,2.1201,-7.8051,4.4568,-3.729,-5.1618,NaN,NaN,NaN,NaN,NaN
481.17,-15.026,-14.851,47.318,-1.2864,2.3809,-8.4218,4.927,-5.4955,-5.6522,0,0,0,NaN,NaN,NaN,NaN,NaN,NaN,NaN,NaN,NaN,46.572,0,2779.5,0.0069644,NaN,NaN,NaN,NaN,17.52,98669,21.875,-1.6673,2.1064,-7.7695,4.6436,-3.7327,-5.3419,NaN,NaN,NaN,NaN,NaN
481.18,-14.993,-14.87,47.295,-1.4991,2.3072,-7.5399,4.3736,-0.67357,-5.6849,0,0,0,NaN,NaN,NaN,NaN,NaN,NaN,NaN,NaN,NaN,46.572,0,2779.5,0.0069644,NaN,NaN,NaN,NaN,NaN,-1,-1,-1.6673,2.1072,-7.7602,4.7741,-3.7929,-5.4907,NaN,NaN,NaN,NaN,NaN
481.18,-14.976,-14.887,47.286,-1.3782,1.9591,-6.7546,5.3864,-5.9943,-5.616,0.60879,0.40613,-0.84605,NaN,NaN,NaN,NaN,NaN,NaN,NaN,NaN,NaN,46.572,0,2779.5,0.0069644,NaN,NaN,NaN,NaN,NaN,-1,-1,-1.6643,2.1024,-7.7409,4.991,-3.9284,-5.6802,NaN,NaN,NaN,NaN,NaN
481.18,-14.943,-14.907,47.264,-2.5446,2.4239,-7.5749,5.0936,-1.6002,-5.8837,0,0,0,NaN,NaN,NaN,NaN,NaN,NaN,NaN,NaN,NaN,46.572,0,3226.6,0.0069644,NaN,NaN,NaN,NaN,17.335,98694,22,-1.657,2.0993,-7.6958,5.2239,-3.9397,-5.8897,NaN,NaN,NaN,NaN,NaN
481.18,-14.926,-14.923,47.253,-0.89332,2.2431,-6.7296,5.3633,-5.1688,-6.0377,0,0,0,NaN,NaN,NaN,NaN,NaN,NaN,NaN,NaN,NaN,46.572,0,3226.6,0.0069644,0.60061,2.2374,0.21421,0.10655,NaN,-1,-1,-1.6774,2.1149,-7.7692,5.3659,-3.9723,-6.0908,NaN,NaN,NaN,NaN,NaN
481.19,-14.908,-14.941,47.242,-2.0434,1.1473,-9.8161,5.4848,-5.8697,-6.469,0.59625,0.39897,-0.84488,NaN,NaN,NaN,NaN,NaN,NaN,NaN,NaN,NaN,46.572,0,3226.6,0.0069644,NaN,NaN,NaN,NaN,NaN,-1,-1,-1.6762,2.1223,-7.7743,5.5043,-4.0453,-6.2615,NaN,NaN,NaN,NaN,NaN
481.19,-14.892,-14.945,47.227,-1.7216,2.246,-7.6997,4.6542,-0.41528,-6.485,0,0,0,NaN,NaN,NaN,NaN,NaN,NaN,NaN,NaN,NaN,46.572,0,3226.6,0.0069644,NaN,NaN,NaN,NaN,17.454,98664,21.938,-1.6739,2.114,-7.7699,5.7107,-4.0861,-6.4526,NaN,NaN,NaN,NaN,NaN
481.19,-14.873,-14.959,47.216,-1.7448,3.1282,-6.8772,6.0135,-4.1372,-6.1354,0,0,0,NaN,NaN,NaN,NaN,NaN,NaN,NaN,NaN,NaN,46.582,0,2823.8,0.0069644,NaN,NaN,NaN,NaN,NaN,-1,-1,-1.6718,2.1138,-7.7461,5.8466,-4.0922,-6.6206,NaN,NaN,NaN,NaN,NaN
481.19,-14.853,-14.975,47.203,-1.6838,1.3339,-7.5416,6.1109,-5.0587,-6.8603,0,0,0,NaN,NaN,NaN,NaN,NaN,NaN,NaN,NaN,NaN,46.582,0,2823.8,0.0069644,NaN,NaN,NaN,NaN,17.24,98650,21.875,-1.691,2.1294,-7.8329,5.976,-4.0292,-6.6763,NaN,NaN,NaN,NaN,NaN
481.2,-14.834,-14.988,47.19,-1.9185,2.4106,-10.029,6.1125,-4.1468,-6.8619,0.59613,0.40419,-0.84029,NaN,NaN,NaN,NaN,NaN,NaN,NaN,NaN,NaN,46.582,0,2823.8,0.0069644,0.58199,2.2255,0.21421,NaN,NaN,-1,-1,-1.6872,2.1233,-7.8346,6.0849,-4.0327,-6.839,NaN,NaN,NaN,NaN,NaN
481.2,-14.812,-14.998,47.174,-1.5518,3.5022,-7.1503,6.5241,-2.3698,-7.1455,0,0,0,NaN,NaN,NaN,NaN,NaN,NaN,NaN,NaN,NaN,46.582,0,2823.8,0.0069644,NaN,NaN,NaN,0.094895,NaN,-1,-1,-1.6861,2.1314,-7.838,6.2013,-4.0361,-7.0047,NaN,NaN,NaN,NaN,NaN
481.2,-14.791,-15.013,47.16,-1.5392,0.59663,-7.8659,6.7503,-4.5993,-7.5433,0,0,0,NaN,NaN,NaN,NaN,NaN,NaN,NaN,NaN,NaN,46.582,0,2823.8,0.0069644,NaN,NaN,NaN,NaN,17.385,98673,22,-1.6844,2.1379,-7.853,6.2792,-3.9694,-7.1334,NaN,NaN,NaN,NaN,NaN
481.2,-14.772,-15.028,47.146,-2.0484,1.2103,-7.4817,5.4204,-4.1593,-7.2392,0,0,0,NaN,NaN,NaN,NaN,NaN,NaN,NaN,NaN,NaN,46.582,0,2823.8,0.0069644,NaN,NaN,NaN,NaN,NaN,-1,-1,-1.6906,2.1272,-7.8748,6.291,-3.8479,-7.1314,NaN,NaN,NaN,NaN,NaN
481.21,-14.752,-15.04,47.131,-1.3077,3.6657,-9.3756,6.1541,-3.6164,-6.9023,0.59854,0.39397,-0.84467,NaN,NaN,NaN,NaN,NaN,NaN,NaN,NaN,NaN,46.582,0,2823.8,0.0069644,NaN,NaN,NaN,NaN,NaN,-1,-1,-1.6976,2.1329,-7.8925,6.4028,-3.8089,-7.241,NaN,NaN,NaN,NaN,NaN
481.21,-14.73,-15.049,47.116,-2.0619,1.8811,-7.1196,6.7777,-2.2212,-7.2748,0,0,0,NaN,NaN,NaN,NaN,NaN,NaN,NaN,NaN,NaN,46.582,0,2823.8,0.0069644,NaN,NaN,NaN,NaN,17.478,98684,22,-1.6827,2.1388,-7.8881,6.5429,-3.849,-7.3747,NaN,NaN,NaN,NaN,NaN
481.21,-14.71,-15.066,47.102,-1.5808,2.0858,-7.2825,6.1572,-4.9201,-7.4654,0,0,0,NaN,NaN,NaN,NaN,NaN,NaN,NaN,NaN,NaN,46.582,0,2823.8,0.0069644,0.59075,2.1145,0.29637,0.029134,NaN,-1,-1,-1.6879,2.126,-7.9245,6.6585,-3.914,-7.5053,NaN,NaN,NaN,NaN,NaN
481.21,-14.688,-15.084,47.088,-2.212,2.7769,-8.3643,6.8322,-5.7805,-7.377,0,0,0,NaN,NaN,NaN,NaN,NaN,NaN,NaN,NaN,NaN,46.582,0,2823.8,0.0069644,NaN,NaN,NaN,NaN,17.312,98687,22,-1.6778,2.1238,-7.9403,6.7661,-3.9119,-7.5968,NaN,NaN,NaN,NaN,NaN
481.22,-14.666,-15.096,47.07,-1.5175,1.5984,-9.0731,6.5551,-3.3579,-8.194,0.60572,0.39399,-0.84173,NaN,NaN,NaN,NaN,NaN,NaN,NaN,NaN,NaN,46.582,0,2823.8,0.0069644,NaN,NaN,NaN,NaN,NaN,-1,-1,-1.6751,2.1151,-7.9585,6.8971,-3.8361,-7.6958,NaN,NaN,NaN,NaN,NaN
481.22,-14.645,-15.11,47.054,-1.382,1.2993,-7.9049,6.5427,-3.842,-7.9536,0,0,0,NaN,NaN,NaN,NaN,NaN,NaN,NaN,NaN,NaN,46.582,0,2823.8,0.0069644,NaN,NaN,NaN,NaN,NaN,-1,-1,-1.6884,2.1147,-7.9821,7.0186,-3.977,-7.8146,NaN,NaN,NaN,NaN,NaN
481.22,-14.623,-15.124,47.039,-2.194,2.9631,-7.3252,6.5791,-3.9352,-7.5065,0,0,0,NaN,NaN,NaN,NaN,NaN,NaN,NaN,NaN,NaN,46.582,0,2823.8,0.0069644,NaN,NaN,NaN,NaN,17.244,98669,22,-1.6876,2.109,-8.003,7.1443,-4.0151,-7.9404,NaN,NaN,NaN,NaN,NaN
481.22,-14.599,-15.137,47.023,-1.8107,1.6722,-8.0851,7.7928,-3.7807,-8.0295,0,0,0,NaN,NaN,NaN,NaN,NaN,NaN,NaN,NaN,NaN,46.582,0,2823.8,0.0069644,NaN,NaN,NaN,NaN,NaN,-1,-1,-1.6892,2.1297,-8.0388,7.2889,-4.0539,-8.0661,NaN,NaN,NaN,NaN,NaN
481.23,-14.575,-15.154,47.006,-1.407,2.1861,-7.7707,7.2032,-4.8033,-8.0578,0.61351,0.396,-0.84793,NaN,NaN,NaN,NaN,NaN,NaN,NaN,NaN,NaN,46.582,0,2823.8,0.0069644,NaN,NaN,NaN,NaN,NaN,-1,-1,-1.6818,2.118,-8.0561,7.3937,-4.0875,-8.1747,NaN,NaN,NaN,NaN,NaN
481.23,-14.551,-15.169,46.989,-1.7422,3.7368,-8.7958,7.7271,-4.2916,-8.2764,0,0,0,NaN,NaN,NaN,NaN,NaN,NaN,NaN,NaN,NaN,46.582,0,2823.8,0.0069644,NaN,NaN,NaN,NaN,17.314,98677,22,-1.6806,2.0984,-8.0672,7.5116,-4.047,-8.2868,NaN,NaN,NaN,NaN,NaN
481.23,-14.523,-15.182,46.97,-2.1462,0.91151,-8.9009,8.5181,-3.2438,-9.0512,0,0,0,NaN,NaN,NaN,NaN,NaN,NaN,NaN,NaN,NaN,46.582,0,2823.8,0.0069644,NaN,NaN,NaN,NaN,NaN,-1,-1,-1.6792,2.1046,-8.1082,7.5998,-4.0752,-8.4002,NaN,NaN,NaN,NaN,NaN
481.23,-14.499,-15.196,46.953,-1.514,1.0818,-6.2349,7.3756,-4.1098,-8.4891,0,0,0,NaN,NaN,NaN,NaN,NaN,NaN,NaN,NaN,NaN,46.582,0,2823.8,0.0069644,NaN,NaN,NaN,NaN,17.001,98689,22,-1.677,2.1071,-8.1375,7.6996,-3.9811,-8.5281,NaN,NaN,NaN,NaN,NaN
481.24,-14.475,-15.213,46.936,-1.3191,3.1172,-9.6593,7.358,-5.2174,-8.2201,0.61775,0.38376,-0.84295,NaN,NaN,NaN,NaN,NaN,NaN,NaN,NaN,NaN,46.582,0,2823.8,0.0069644,0.59842,2.2356,0.24342,0.054107,NaN,-1,-1,-1.6727,2.0953,-8.1577,7.8149,-4.0418,-8.6671,NaN,NaN,NaN,NaN,NaN
481.24,-14.448,-15.223,46.917,-1.8256,2.2341,-7.3948,8.6262,-1.9826,-8.5378,0,0,0,NaN,NaN,NaN,NaN,NaN,NaN,NaN,NaN,NaN,46.582,0,2823.8,0.0069644,NaN,NaN,NaN,NaN,NaN,-1,-1,-1.678,2.1068,-8.1951,7.908,-3.9348,-8.8014,NaN,NaN,NaN,NaN,NaN
481.24,-14.422,-15.238,46.899,-2.2218,1.4023,-7.937,7.8412,-4.2593,-8.9122,0,0,0,NaN,NaN,NaN,NaN,NaN,NaN,NaN,NaN,NaN,46.582,0,2823.8,0.0069644,NaN,NaN,NaN,NaN,17.145,98672,21.938,-1.674,2.1031,-8.2399,7.9972,-3.9453,-8.9403,NaN,NaN,NaN,NaN,NaN
481.24,-14.398,-15.258,46.882,-1.5877,3.1906,-7.7607,7.5738,-5.9985,-8.6463,0,0,0,NaN,NaN,NaN,NaN,NaN,NaN,NaN,NaN,NaN,46.582,0,2823.8,0.0069644,NaN,NaN,NaN,NaN,NaN,-1,-1,-1.6714,2.0837,-8.2731,8.0862,-3.9848,-9.0753,NaN,NaN,NaN,NaN,NaN
481.25,-14.37,-15.271,46.861,-1.6933,2.0892,-10.123,8.4288,-3.5027,-9.4154,0.60842,0.38861,-0.84839,NaN,NaN,NaN,NaN,NaN,NaN,NaN,NaN,NaN,46.582,0,2823.8,0.0069644,NaN,NaN,NaN,NaN,NaN,-1,-1,-1.6666,2.0878,-8.3104,8.1272,-3.8566,-9.2103,NaN,NaN,NaN,NaN,NaN
481.25,-14.344,-15.284,46.841,-1.7709,0.64214,-7.0457,7.8102,-3.0594,-9.476,0,0,0,NaN,NaN,NaN,NaN,NaN,NaN,NaN,NaN,NaN,46.582,0,2823.8,0.0069644,NaN,NaN,NaN,NaN,17.166,98689,21.938,-1.6647,2.0957,-8.3564,8.1917,-3.8618,-9.3378,NaN,NaN,NaN,NaN,NaN
481.25,-14.319,-15.301,46.822,-1.7824,2.9034,-8.4176,7.8753,-4.7629,-8.9941,0,0,0,NaN,NaN,NaN,NaN,NaN,NaN,NaN,NaN,NaN,46.582,0,2823.8,0.0069644,0.65919,2.1479,0.28724,0.0033296,NaN,-1,-1,-1.6655,2.081,-8.4116,8.2419,-3.8501,-9.4735,NaN,NaN,NaN,NaN,NaN
481.25,-14.291,-15.315,46.802,-1.7645,2.2777,-8.4191,8.365,-3.6054,-9.454,0,0,0,NaN,NaN,NaN,NaN,NaN,NaN,NaN,NaN,NaN,46.582,0,2823.8,0.0069644,NaN,NaN,NaN,NaN,17.403,98671,21.875,-1.6539,2.0804,-8.4396,8.27,-3.8613,-9.6096,NaN,NaN,NaN,NaN,NaN
481.26,-14.233,-15.346,46.76,-1.8067,2.7229,-8.8964,9.0716,-3.6573,-10.001,0,0,0,NaN,NaN,NaN,NaN,NaN,NaN,NaN,NaN,NaN,46.582,0,2823.8,0.0069644,NaN,NaN,NaN,NaN,NaN,-1,-1,-1.662,2.0621,-8.4771,8.311,-3.8656,-9.7572,NaN,NaN,NaN,NaN,NaN
481.26,-14.203,-15.36,46.737,-1.7872,1.7702,-8.3637,9.3084,-3.0514,-10.253,0,0,0,NaN,NaN,NaN,NaN,NaN,NaN,NaN,NaN,NaN,46.582,0,2823.8,0.0069644,NaN,NaN,NaN,NaN,NaN,-1,-1,-1.6569,2.0429,-8.5096,8.3602,-3.8362,-9.9249,NaN,NaN,NaN,NaN,NaN
481.26,-14.174,-15.375,46.715,-1.6945,1.3361,-8.6927,8.7037,-4.2428,-10.202,0,0,0,NaN,NaN,NaN,NaN,NaN,NaN,NaN,NaN,NaN,46.582,0,2823.8,0.0069644,0.59458,2.1032,0.29272,NaN,17.661,98664,21.875,-1.66,2.0485,-8.5635,8.3742,-3.8093,-10.089,NaN,NaN,NaN,NaN,NaN
481.26,-14.147,-15.392,46.694,-1.2348,2.9149,-9.0208,8.375,-4.5941,-9.8286,0.60833,0.38104,-0.8507,NaN,NaN,NaN,NaN,NaN,NaN,NaN,NaN,NaN,46.582,0,2823.8,0.0069644,NaN,NaN,NaN,0.050777,NaN,-1,-1,-1.6533,2.0637,-8.6107,8.3682,-3.8252,-10.254,NaN,NaN,NaN,NaN,NaN
481.27,-14.118,-15.402,46.671,-1.8532,1.8865,-8.3435,8.625,-1.6622,-10.221,0,0,0,NaN,NaN,NaN,NaN,NaN,NaN,NaN,NaN,NaN,46.582,0,2823.8,0.0069644,NaN,NaN,NaN,NaN,NaN,-1,-1,-1.6568,2.0418,-8.6617,8.3895,-3.7361,-10.416,NaN,NaN,NaN,NaN,NaN
481.27,-14.089,-15.418,46.647,-2.2599,2.1485,-8.2567,8.5127,-4.3903,-10.861,0,0,0,NaN,NaN,NaN,NaN,NaN,NaN,NaN,NaN,NaN,46.582,0,2823.8,0.0069644,NaN,NaN,NaN,NaN,17.593,98698,22,-1.6554,2.0323,-8.7092,8.3553,-3.7241,-10.573,NaN,NaN,NaN,NaN,NaN
481.27,-14.062,-15.438,46.625,-1.4493,2.8806,-8.9672,8.3089,-5.7111,-10.684,0,0,0,NaN,NaN,NaN,NaN,NaN,NaN,NaN,NaN,NaN,46.582,0,2823.8,0.0069644,NaN,NaN,NaN,NaN,17.43,98669,21.938,-1.6471,2.016,-8.7451,8.3516,-3.7546,-10.714,NaN,NaN,NaN,NaN,NaN
481.27,-14.033,-15.45,46.6,-1.773,1.8823,-10.653,8.5453,-2.2184,-11.034,0.61803,0.3886,-0.84523,NaN,NaN,NaN,NaN,NaN,NaN,NaN,NaN,NaN,46.582,0,2823.8,0.0069644,NaN,NaN,NaN,NaN,NaN,-1,-1,-1.6534,2.0045,-8.7941,8.3363,-3.6668,-10.882,NaN,NaN,NaN,NaN,NaN
481.28,-14.005,-15.462,46.574,-1.7161,1.2003,-7.2477,8.0046,-2.4197,-11.15,0,0,0,NaN,NaN,NaN,NaN,NaN,NaN,NaN,NaN,NaN,46.582,0,2823.8,0.0069644,0.6028,2.1258,0.29272,0.039123,NaN,-1,-1,-1.6543,1.9797,-8.8276,8.3323,-3.668,-11.054,NaN,NaN,NaN,NaN,NaN
481.28,-13.978,-15.478,46.551,-1.83,2.3127,-8.5103,7.7697,-4.1733,-10.869,0,0,0,NaN,NaN,NaN,NaN,NaN,NaN,NaN,NaN,NaN,46.582,0,2823.8,0.0069644,NaN,NaN,NaN,NaN,NaN,-1,-1,-1.6462,1.9796,-8.8816,8.2765,-3.7161,-11.194,NaN,NaN,NaN,NaN,NaN
481.28,-13.949,-15.494,46.525,-1.6103,2.2664,-8.7487,8.6079,-3.9009,-11.534,0,0,0,NaN,NaN,NaN,NaN,NaN,NaN,NaN,NaN,NaN,46.582,0,2823.8,0.0069644,NaN,NaN,NaN,NaN,17.499,98678,21.938,-1.6455,1.978,-8.9429,8.2703,-3.6146,-11.36,NaN,NaN,NaN,NaN,NaN
481.28,-13.891,-15.522,46.473,-1.5452,2.1241,-8.6721,8.2286,-2.467,-11.82,0,0,0,NaN,NaN,NaN,NaN,NaN,NaN,NaN,NaN,NaN,46.582,0,2823.8,0.0069644,NaN,NaN,NaN,NaN,NaN,-1,-1,-1.642,1.9768,-8.9821,8.2292,-3.5539,-11.515,NaN,NaN,NaN,NaN,NaN
481.29,-13.86,-15.54,46.446,-2.2041,1.7774,-9.3243,9.0079,-4.3704,-12.185,0,0,0,NaN,NaN,NaN,NaN,NaN,NaN,NaN,NaN,NaN,46.582,0,2823.8,0.0069644,NaN,NaN,NaN,NaN,NaN,-1,-1,-1.6444,1.9594,-9.0361,8.1968,-3.6519,-11.659,NaN,NaN,NaN,NaN,NaN
481.29,-13.832,-15.553,46.419,-1.2231,1.9026,-8.1978,7.7823,-3.0133,-11.923,0,0,0,NaN,NaN,NaN,NaN,NaN,NaN,NaN,NaN,NaN,46.582,0,2823.8,0.0069644,NaN,NaN,NaN,NaN,17.452,98679,21.938,-1.6448,1.9619,-9.0722,8.2092,-3.624,-11.845,NaN,NaN,NaN,NaN,NaN
481.29,-13.805,-15.568,46.393,-1.6025,2.152,-10.324,7.9048,-3.4575,-11.52,0.61787,0.37854,-0.84754,NaN,NaN,NaN,NaN,NaN,NaN,NaN,NaN,NaN,46.582,0,2823.8,0.0069644,0.60389,2.1258,0.29272,0.050777,17.214,98668,21.875,-1.6384,1.9577,-9.1316,8.1868,-3.6296,-12.008,NaN,NaN,NaN,NaN,NaN
481.29,-13.749,-15.596,46.339,-1.8336,2.6487,-8.5183,7.9148,-4.0584,-11.887,0,0,0,NaN,NaN,NaN,NaN,NaN,NaN,NaN,NaN,NaN,46.582,0,2823.8,0.0069644,NaN,NaN,NaN,NaN,NaN,-1,-1,-1.6364,1.9463,-9.176,8.1984,-3.7713,-12.163,NaN,NaN,NaN,NaN,NaN
481.3,-13.749,-15.596,46.339,-1.8336,2.6487,-8.5183,7.9148,-4.0584,-11.887,0,0,0,NaN,NaN,NaN,NaN,NaN,NaN,NaN,NaN,NaN,46.582,0,2823.8,0.0069644,NaN,NaN,NaN,NaN,NaN,-1,-1,-1.6457,1.9578,-9.2106,8.2338,-3.4928,-12.303,NaN,NaN,NaN,NaN,NaN
481.3,-13.722,-15.613,46.311,-1.3331,1.4796,-9.9486,7.6379,-4.3504,-12.498,0,0,0,NaN,NaN,NaN,NaN,NaN,NaN,NaN,NaN,NaN,46.582,0,2823.8,0.0069644,0.6017,2.2482,0.24221,0.07242,NaN,-1,-1,-1.633,1.9508,-9.2543,8.2467,-3.4424,-12.44,NaN,NaN,NaN,NaN,NaN
481.3,-13.694,-15.629,46.283,-1.6198,1.908,-10.76,7.7189,-3.8198,-12.648,0.61538,0.38119,-0.84547,NaN,NaN,NaN,NaN,NaN,NaN,NaN,NaN,NaN,46.572,0,2856.7,0.0069644,0.6017,2.2482,0.24221,0.07242,17.96,98686,21.938,-1.6337,1.929,-9.3012,8.2594,-3.5826,-12.565,NaN,NaN,NaN,NaN,NaN
481.3,-13.636,-15.655,46.223,-1.3877,1.8595,-8.0384,7.9102,-3.1134,-12.569,0,0,0,NaN,NaN,NaN,NaN,NaN,NaN,NaN,NaN,NaN,46.572,0,2856.7,0.0069644,NaN,NaN,NaN,NaN,NaN,-1,-1,-1.623,1.9184,-9.3346,8.2943,-3.4622,-12.715,NaN,NaN,NaN,NaN,NaN
481.31,-13.607,-15.674,46.194,-1.8081,1.9514,-10.267,8.1659,-4.7212,-13.126,0,0,0,NaN,NaN,NaN,NaN,NaN,NaN,NaN,NaN,NaN,46.572,0,2856.7,0.0069644,NaN,NaN,NaN,NaN,NaN,-1,-1,-1.6284,1.9001,-9.3785,8.5723,-3.4785,-13.309,NaN,NaN,NaN,NaN,NaN
481.31,-13.576,-15.689,46.164,-1.8753,2.7762,-11.65,8.623,-3.3312,-13.291,0.61493,0.36119,-0.84781,NaN,NaN,NaN,NaN,NaN,NaN,NaN,NaN,NaN,46.572,0,2856.7,0.0069644,NaN,NaN,NaN,NaN,17.527,98732,22.188,-1.6274,1.9179,-9.4536,8.5249,-3.4911,-13.32,NaN,NaN,NaN,NaN,NaN
481.31,-13.545,-15.699,46.132,-1.2042,1.872,-8.6062,8.5082,-1.3011,-13.405,0,0,0,NaN,NaN,NaN,NaN,NaN,NaN,NaN,NaN,NaN,46.572,0,2856.7,0.0069644,NaN,NaN,NaN,NaN,NaN,-1,-1,-1.627,1.906,-9.4914,8.4874,-3.3918,-13.339,NaN,NaN,NaN,NaN,NaN
481.31,-13.515,-15.717,46.102,-1.8711,0.2847,-9.4055,8.3673,-4.2362,-13.407,0,0,0,NaN,NaN,NaN,NaN,NaN,NaN,NaN,NaN,NaN,46.572,0,2856.7,0.0069644,NaN,NaN,NaN,NaN,17.66,98674,21.875,-1.6334,1.8953,-9.5468,8.4524,-3.2817,-13.348,NaN,NaN,NaN,NaN,NaN
481.32,-13.487,-15.734,46.071,-1.7303,2.1605,-10.151,7.7448,-3.9166,-13.37,0,0,0,NaN,NaN,NaN,NaN,NaN,NaN,NaN,NaN,NaN,46.572,0,2856.7,0.0069644,0.6017,2.1181,0.30976,0.049945,NaN,-1,-1,-1.6196,1.8919,-9.5884,8.4994,-3.2202,-13.389,NaN,NaN,NaN,NaN,NaN
481.32,-13.456,-15.745,46.041,-1.1234,2.0568,-11.139,8.6804,-1.9215,-12.938,0.61746,0.37383,-0.84298,NaN,NaN,NaN,NaN,NaN,NaN,NaN,NaN,NaN,46.572,0,2856.7,0.0069644,NaN,NaN,NaN,NaN,NaN,-1,-1,-1.6248,1.8841,-9.6352,8.7691,-3.2649,-13.897,NaN,NaN,NaN,NaN,NaN
481.32,-13.425,-15.76,46.01,-1.7044,1.6359,-8.5283,8.2727,-3.2152,-13.356,0,0,0,NaN,NaN,NaN,NaN,NaN,NaN,NaN,NaN,NaN,46.572,0,2856.7,0.0069644,NaN,NaN,NaN,NaN,17.73,98712,22,-1.6257,1.8679,-9.6862,8.7305,-3.2066,-13.817,NaN,NaN,NaN,NaN,NaN
481.32,-13.393,-15.776,45.979,-2.4842,3.1453,-10.732,9.1323,-3.4724,-13.657,0,0,0,NaN,NaN,NaN,NaN,NaN,NaN,NaN,NaN,NaN,46.572,0,2856.7,0.0069644,NaN,NaN,NaN,NaN,NaN,-1,-1,-1.6129,1.8434,-9.7123,8.7332,-3.1303,-13.747,NaN,NaN,NaN,NaN,NaN
481.33,-13.361,-15.792,45.946,-1.1202,1.6374,-8.983,8.7498,-3.3444,-14.071,0,0,0,NaN,NaN,NaN,NaN,NaN,NaN,NaN,NaN,NaN,46.572,0,2856.7,0.0069644,NaN,NaN,NaN,0.056604,NaN,-1,-1,-1.6235,1.8132,-9.7491,8.7261,-3.0295,-13.697,NaN,NaN,NaN,NaN,NaN
481.33,-13.33,-15.811,45.914,-1.6456,0.75953,-11.217,8.6396,-4.7271,-14.177,0.62063,0.37056,-0.8565,NaN,NaN,NaN,NaN,NaN,NaN,NaN,NaN,NaN,46.572,0,2856.7,0.0069644,NaN,NaN,NaN,0.056604,17.803,98705,22.063,-1.616,1.7915,-9.7784,8.7121,-3.0419,-13.641,NaN,NaN,NaN,NaN,NaN
481.33,-13.3,-15.825,45.881,-1.8998,2.0646,-10.824,7.9753,-2.5061,-13.909,0,0,0,NaN,NaN,NaN,NaN,NaN,NaN,NaN,NaN,NaN,46.572,0,2856.7,0.0069644,NaN,NaN,NaN,NaN,NaN,-1,-1,-1.6153,1.7938,-9.8158,8.7361,-2.9332,-13.596,NaN,NaN,NaN,NaN,NaN
481.33,-13.266,-15.834,45.847,-1.6452,1.7083,-8.2672,9.3055,-0.79315,-14.38,0,0,0,NaN,NaN,NaN,NaN,NaN,NaN,NaN,NaN,NaN,46.572,0,2856.7,0.0069644,NaN,NaN,NaN,NaN,17.735,98718,22.125,-1.6124,1.7775,-9.845,8.6998,-2.8433,-13.561,NaN,NaN,NaN,NaN,NaN
481.34,-13.234,-15.854,45.815,-1.6295,1.1919,-10,9.0099,-4.9965,-14.065,0,0,0,NaN,NaN,NaN,NaN,NaN,NaN,NaN,NaN,NaN,46.572,0,2856.7,0.0069644,NaN,NaN,NaN,NaN,NaN,-1,-1,-1.6048,1.7728,-9.8467,8.6594,-2.8228,-13.513,NaN,NaN,NaN,NaN,NaN
481.34,-13.201,-15.874,45.783,-1.7154,3.1556,-11.992,9.5149,-5.2735,-14.333,0.61805,0.36562,-0.85673,NaN,NaN,NaN,NaN,NaN,NaN,NaN,NaN,NaN,46.572,0,2856.7,0.0069644,NaN,NaN,NaN,NaN,NaN,-1,-1,-1.6095,1.7457,-9.9135,8.638,-2.7898,-13.469,NaN,NaN,NaN,NaN,NaN
481.34,-13.165,-15.882,45.747,-1.4978,1.8274,-11.342,9.9008,0.0032659,-14.859,0,0,0,NaN,NaN,NaN,NaN,NaN,NaN,NaN,NaN,NaN,46.572,0,2856.7,0.0069644,0.6236,2.2392,0.24342,0.07242,17.542,98660,21.813,-1.6145,1.7229,-9.9446,8.6061,-2.7317,-13.47,NaN,NaN,NaN,NaN,NaN
481.34,-13.13,-15.895,45.713,-1.4272,0.17009,-7.4426,9.6087,-2.2071,-14.42,0,0,0,NaN,NaN,NaN,NaN,NaN,NaN,NaN,NaN,NaN,46.572,0,2856.7,0.0069644,NaN,NaN,NaN,NaN,NaN,-1,-1,-1.5962,1.7234,-9.9418,8.6122,-2.6444,-13.512,NaN,NaN,NaN,NaN,NaN
481.35,-13.063,-15.931,45.646,-1.7607,2.4371,-12.231,9.6906,-1.7579,-14.487,0.61995,0.36609,-0.84736,NaN,NaN,NaN,NaN,NaN,NaN,NaN,NaN,NaN,46.572,0,2856.7,0.0069644,NaN,NaN,NaN,NaN,NaN,-1,-1,-1.5829,1.7054,-9.8941,8.5401,-2.5205,-13.52,NaN,NaN,NaN,NaN,NaN
481.35,-13.031,-15.934,45.61,-1.4367,1.0771,-9.9613,8.577,1.6995,-14.244,0,0,0,NaN,NaN,NaN,NaN,NaN,NaN,NaN,NaN,NaN,46.572,0,2856.7,0.0069644,NaN,NaN,NaN,NaN,17.613,98692,21.938,-1.5831,1.6902,-9.94,8.4929,-2.577,-13.533,NaN,NaN,NaN,NaN,NaN
481.35,-12.998,-15.961,45.578,-1.8418,2.6646,-9.0417,9.1108,-7.5814,-14.794,0,0,0,NaN,NaN,NaN,NaN,NaN,NaN,NaN,NaN,NaN,46.572,0,2856.7,0.0069644,NaN,NaN,NaN,NaN,NaN,-1,-1,-1.5686,1.6771,-9.9393,8.4103,-2.5002,-13.547,NaN,NaN,NaN,NaN,NaN
481.35,-12.965,-15.977,45.543,-1.4548,2.3567,-13.57,9.086,-3.4305,-15.138,0,0,0,NaN,NaN,NaN,NaN,NaN,NaN,NaN,NaN,NaN,46.572,0,2856.7,0.0069644,NaN,NaN,NaN,NaN,17.757,98688,22,-1.5749,1.6647,-9.9683,8.308,-2.3281,-13.567,NaN,NaN,NaN,NaN,NaN
481.36,-12.931,-15.983,45.505,-1.8065,0.85748,-10.141,8.7371,0.59227,-15.13,0.6299,0.36322,-0.85107,NaN,NaN,NaN,NaN,NaN,NaN,NaN,NaN,NaN,46.572,0,2856.7,0.0069644,0.6028,2.235,0.2203,0.097392,NaN,-1,-1,-1.5657,1.6333,-9.9105,8.2025,-2.4523,-13.612,NaN,NaN,NaN,NaN,NaN
481.36,-12.899,-16.003,45.471,-1.065,1.9636,-9.4707,8.8769,-4.7444,-14.964,0,0,0,NaN,NaN,NaN,NaN,NaN,NaN,NaN,NaN,NaN,46.572,0,2856.7,0.0069644,NaN,NaN,NaN,NaN,NaN,-1,-1,-1.5688,1.6347,-9.9691,8.066,-2.5169,-13.679,NaN,NaN,NaN,NaN,NaN
481.36,0,0,0,0,0,0,0,0,0,0,0,0,NaN,NaN,NaN,NaN,NaN,NaN,NaN,NaN,NaN,46.572,0,2856.7,0.0069644,NaN,NaN,NaN,NaN,17.592,98704,22,-1.5766,1.6108,-10.002,7.9002,-2.3032,-13.739,NaN,NaN,NaN,NaN,NaN
481.36,-12.832,-16.032,45.4,-1.753,0.97608,-11.254,8.7829,-1.3993,-15.169,0,0,0,NaN,NaN,NaN,NaN,NaN,NaN,NaN,NaN,NaN,46.572,0,2856.7,0.0069644,NaN,NaN,NaN,NaN,NaN,-1,-1,-1.5739,1.6082,-10.032,7.7336,-2.3315,-13.826,NaN,NaN,NaN,NaN,NaN
481.37,-12.799,-16.049,45.364,-1.2866,3.1628,-10.786,9.0339,-3.6587,-15.316,0.63685,0.3507,-0.85044,NaN,NaN,NaN,NaN,NaN,NaN,NaN,NaN,NaN,46.572,0,2856.7,0.0069644,0.60499,2.2356,0.23125,0.07242,NaN,-1,-1,-1.5778,1.5882,-10.074,7.5605,-2.4936,-13.924,NaN,NaN,NaN,NaN,NaN
481.37,-12.762,-16.068,45.326,-1.6868,1.7326,-10.549,9.9852,-4.3145,-16.236,0,0,0,NaN,NaN,NaN,NaN,NaN,NaN,NaN,NaN,NaN,46.572,0,2856.7,0.0069644,NaN,NaN,NaN,NaN,17.611,98685,21.875,-1.5804,1.5825,-10.087,7.3425,-2.3056,-14.016,NaN,NaN,NaN,NaN,NaN
481.37,-12.731,-16.082,45.289,-1.4931,0.028958,-10.721,8.079,-2.3232,-15.709,0,0,0,NaN,NaN,NaN,NaN,NaN,NaN,NaN,NaN,NaN,46.572,0,2856.7,0.0069644,NaN,NaN,NaN,NaN,NaN,-1,-1,-1.5842,1.5653,-10.107,7.1552,-2.2567,-14.146,NaN,NaN,NaN,NaN,NaN
481.37,0,0,0,0,0,0,0,0,0,0,0,0,NaN,NaN,NaN,NaN,NaN,NaN,NaN,NaN,NaN,46.572,0,2856.7,0.0069644,NaN,NaN,NaN,NaN,17.822,98688,21.938,-1.5957,1.5413,-10.12,6.9219,-2.4683,-14.285,NaN,NaN,NaN,NaN,NaN
481.38,-12.7,-16.098,45.252,-1.6131,2.2991,-10.572,8.0181,-3.4205,-15.566,0,0,0,NaN,NaN,NaN,NaN,NaN,NaN,NaN,NaN,NaN,46.572,0,2856.7,0.0069644,NaN,NaN,NaN,NaN,NaN,-1,-1,-1.5935,1.5154,-10.102,6.6901,-2.4023,-14.42,NaN,NaN,NaN,NaN,NaN
481.38,-12.639,-16.123,45.177,-1.7516,1.2643,-10.459,6.952,-0.8344,-15.679,0,0,0,NaN,NaN,NaN,NaN,NaN,NaN,NaN,NaN,NaN,46.572,0,2856.7,0.0069644,NaN,NaN,NaN,NaN,NaN,-1,-1,-1.5978,1.5102,-10.122,6.4703,-2.3224,-14.565,NaN,NaN,NaN,NaN,NaN
481.38,-12.61,-16.141,45.14,-1.9816,2.4211,-10.014,6.9542,-4.1759,-15.874,0,0,0,NaN,NaN,NaN,NaN,NaN,NaN,NaN,NaN,NaN,46.572,0,2856.7,0.0069644,0.60444,2.2332,0.2203,0.097392,17.545,98706,22,-1.6114,1.4745,-10.14,6.2415,-2.3692,-14.714,NaN,NaN,NaN,NaN,NaN
481.38,-12.573,-16.174,45.031,-1.304,0.40598,-10.165,6.7429,-2.6473,-16.071,0.63419,0.34328,-0.85069,14.325,15.246,-6.3095,21.85,40.058,-88.55,3.6777e+05,4.4354e+06,335.94,46.572,0,2856.7,0.0069644,NaN,NaN,NaN,NaN,NaN,-1,-1,-1.6037,1.4608,-10.128,6.0018,-2.4808,-14.874,21.839,-0.69789,0.085435,0.22414,-1.8303
481.39,-12.547,-16.19,44.992,-1.9087,1.2812,-11.348,5.482,-2.9577,-16.279,0,0,0,NaN,NaN,NaN,NaN,NaN,NaN,NaN,NaN,NaN,46.572,0,2856.7,0.0069644,NaN,NaN,NaN,NaN,NaN,-1,-1,-1.6054,1.4503,-10.12,5.7575,-2.489,-15.058,NaN,NaN,NaN,NaN,NaN
481.39,-12.52,-16.204,44.953,-1.7782,1.8708,-9.8337,6.3347,-2.383,-16.315,0,0,0,NaN,NaN,NaN,NaN,NaN,NaN,NaN,NaN,NaN,46.572,0,2856.7,0.0069644,NaN,NaN,NaN,NaN,17.934,98664,21.813,-1.6217,1.4617,-10.19,5.4633,-2.4881,-15.245,NaN,NaN,NaN,NaN,NaN
481.39,-12.493,-16.217,44.914,-1.4435,1.8875,-11.269,5.7724,-1.9538,-16.581,0,0,0,NaN,NaN,NaN,NaN,NaN,NaN,NaN,NaN,NaN,46.572,0,2856.7,0.0069644,NaN,NaN,NaN,NaN,NaN,-1,-1,-1.6287,1.431,-10.201,5.2065,-2.4682,-15.462,NaN,NaN,NaN,NaN,NaN
481.39,-12.44,-16.25,44.832,-2.5524,0.66631,-12.331,5.6029,-2.0993,-17.464,0,0,0,NaN,NaN,NaN,NaN,NaN,NaN,NaN,NaN,NaN,46.572,0,2856.7,0.0069644,0.58911,2.2374,0.21421,NaN,18.121,98718,22.063,-1.6281,1.4198,-10.185,4.9464,-2.6297,-15.665,NaN,NaN,NaN,NaN,NaN
481.4,-12.415,-16.262,44.792,-1.3217,0.88054,-8.1839,5.1022,-1.2058,-16.743,0,0,0,NaN,NaN,NaN,NaN,NaN,NaN,NaN,NaN,NaN,46.572,0,2856.7,0.0069644,NaN,NaN,NaN,NaN,NaN,-1,-1,-1.6427,1.403,-10.198,4.6767,-2.6994,-15.868,NaN,NaN,NaN,NaN,NaN
481.4,-12.393,-16.28,44.754,-1.0183,1.9997,-10.629,4.235,-4.0515,-16.138,0,0,0,NaN,NaN,NaN,NaN,NaN,NaN,NaN,NaN,NaN,46.572,0,2856.7,0.0069644,NaN,NaN,NaN,NaN,NaN,-1,-1,-1.6569,1.4128,-10.255,4.4298,-2.6208,-16.106,NaN,NaN,NaN,NaN,NaN
481.4,-12.368,-16.299,44.714,-2.1323,1.3246,-11.775,4.7952,-4.2607,-17.116,0.6415,0.34318,-0.85003,NaN,NaN,NaN,NaN,NaN,NaN,NaN,NaN,NaN,46.572,0,2856.7,0.0069644,NaN,NaN,NaN,NaN,18.122,98716,22.063,-1.6605,1.4082,-10.235,4.2239,-2.7692,-16.343,NaN,NaN,NaN,NaN,NaN
481.4,-12.347,-16.305,44.672,-1.7829,1.598,-11.598,3.4472,0.86207,-16.81,0,0,0,NaN,NaN,NaN,NaN,NaN,NaN,NaN,NaN,NaN,46.572,0,2856.7,0.0069644,NaN,NaN,NaN,NaN,NaN,-1,-1,-1.6669,1.3813,-10.236,4.0191,-2.7037,-16.587,NaN,NaN,NaN,NaN,NaN
481.41,-12.325,-16.322,44.631,-1.7092,2.3421,-7.5056,3.7271,-3.6201,-17.296,0,0,0,NaN,NaN,NaN,NaN,NaN,NaN,NaN,NaN,NaN,46.572,0,2856.7,0.0069644,0.60937,2.2356,0.23916,0.052442,NaN,-1,-1,-1.6714,1.3654,-10.205,3.8136,-2.5411,-16.818,NaN,NaN,NaN,NaN,NaN
481.41,-12.304,-16.349,44.592,-1.1884,0.64241,-12.718,3.5841,-7.3466,-17.314,0,0,0,NaN,NaN,NaN,NaN,NaN,NaN,NaN,NaN,NaN,46.572,0,2856.7,0.0069644,NaN,NaN,NaN,NaN,17.637,98693,21.938,-1.6845,1.3562,-10.195,3.6118,-2.7252,-17.065,NaN,NaN,NaN,NaN,NaN
481.41,-12.284,-16.356,44.548,-2.2916,0.9694,-11.637,2.5518,0.81102,-17.43,0.63926,0.34048,-0.85483,NaN,NaN,NaN,NaN,NaN,NaN,NaN,NaN,NaN,46.621,0,2893.8,0.0080533,NaN,NaN,NaN,NaN,NaN,-1,-1,-1.6855,1.3533,-10.182,3.4233,-2.7131,-17.325,NaN,NaN,NaN,NaN,NaN
481.41,-12.265,-16.365,44.506,-1.5479,1.3403,-7.9813,2.6377,-0.043373,-17.173,0,0,0,NaN,NaN,NaN,NaN,NaN,NaN,NaN,NaN,NaN,46.621,0,2893.8,0.0080533,NaN,NaN,NaN,NaN,17.915,98705,22,-1.6884,1.3324,-10.154,3.2409,-2.7445,-17.61,NaN,NaN,NaN,NaN,NaN
481.42,-12.245,-16.393,44.467,-1.1541,1.5646,-10.566,2.8927,-8.1479,-17.539,0,0,0,NaN,NaN,NaN,NaN,NaN,NaN,NaN,NaN,NaN,46.621,0,2893.8,0.0080533,NaN,NaN,NaN,NaN,NaN,-1,-1,-1.692,1.3178,-10.114,3.07,-2.749,-17.875,NaN,NaN,NaN,NaN,NaN
481.42,-12.226,-16.411,44.425,-2.4196,1.4055,-12.849,2.4427,-3.4561,-17.584,0,0,0,NaN,NaN,NaN,NaN,NaN,NaN,NaN,NaN,NaN,46.621,0,2893.8,0.0080533,NaN,NaN,NaN,NaN,NaN,-1,-1,-1.7031,1.3135,-10.133,2.5898,-2.8152,-17.603,NaN,NaN,NaN,NaN,NaN
481.42,-12.206,-16.414,44.379,-1.3623,2.8669,-9.8628,2.4509,2.0926,-17.769,0.63941,0.34545,-0.85482,NaN,NaN,NaN,NaN,NaN,NaN,NaN,NaN,NaN,46.621,0,2893.8,0.0080533,0.60827,2.1139,0.29698,0.046615,17.937,98689,21.938,-1.7027,1.3014,-10.083,2.3473,-2.7962,-17.76,NaN,NaN,NaN,NaN,NaN
481.42,-12.185,-16.438,44.337,-1.3109,-0.12752,-8.5584,3.2204,-6.128,-18.469,0,0,0,NaN,NaN,NaN,NaN,NaN,NaN,NaN,NaN,NaN,46.621,0,2893.8,0.0080533,NaN,NaN,NaN,NaN,NaN,-1,-1,-1.7022,1.2996,-10.036,2.2072,-2.8529,-17.943,NaN,NaN,NaN,NaN,NaN
481.43,-12.169,-16.461,44.296,-2.1876,0.99642,-12.002,1.6343,-5.6204,-17.765,0,0,0,NaN,NaN,NaN,NaN,NaN,NaN,NaN,NaN,NaN,46.621,0,2893.8,0.0080533,NaN,NaN,NaN,NaN,NaN,-1,-1,-1.7182,1.2881,-10.016,2.1177,-3.0506,-18.165,NaN,NaN,NaN,NaN,NaN
481.43,-12.151,-16.464,44.25,-1.7986,1.7232,-10.79,1.6712,2.4407,-17.701,0,0,0,NaN,NaN,NaN,NaN,NaN,NaN,NaN,NaN,NaN,46.621,0,2893.8,0.0080533,NaN,NaN,NaN,NaN,17.684,98688,21.938,-1.7239,1.2678,-9.9997,1.9484,-3.1269,-18.374,NaN,NaN,NaN,NaN,NaN
481.43,-12.133,-16.481,44.209,-0.9561,1.1485,-7.7482,1.9801,-3.4501,-17.512,0.64213,0.35535,-0.85457,NaN,NaN,NaN,NaN,NaN,NaN,NaN,NaN,NaN,46.621,0,2893.8,0.0080533,NaN,NaN,NaN,NaN,NaN,-1,-1,-1.7319,1.257,-9.9668,1.5358,-3.0117,-17.983,NaN,NaN,NaN,NaN,NaN
481.43,-12.118,-16.503,44.168,-2.5844,1.6908,-11.188,0.64263,-5.5557,-17.751,0,0,0,NaN,NaN,NaN,NaN,NaN,NaN,NaN,NaN,NaN,46.621,0,2893.8,0.0080533,0.65152,2.1479,0.29637,-0.0066593,17.866,98703,21.938,-1.7266,1.2358,-9.9329,1.3901,-3.0946,-18.054,NaN,NaN,NaN,NaN,NaN
481.44,-12.102,-16.518,44.124,-1.6809,2.3152,-12.261,1.24,-2.4639,-18.132,0,0,0,NaN,NaN,NaN,NaN,NaN,NaN,NaN,NaN,NaN,46.621,0,2893.8,0.0080533,NaN,NaN,NaN,NaN,NaN,-1,-1,-1.745,1.2272,-9.9362,1.195,-3.0673,-18.1,NaN,NaN,NaN,NaN,NaN
481.44,-12.086,-16.528,44.078,-1.4485,0.12447,-8.832,0.80478,-0.27771,-18.529,0,0,0,NaN,NaN,NaN,NaN,NaN,NaN,NaN,NaN,NaN,46.621,0,2893.8,0.0080533,NaN,NaN,NaN,NaN,NaN,-1,-1,-1.7413,1.2356,-9.8879,1.0239,-3.155,-18.157,NaN,NaN,NaN,NaN,NaN
481.44,-12.071,-16.55,44.035,-1.5226,0.99451,-8.7226,0.3813,-5.0755,-18.288,0.64407,0.34302,-0.8521,NaN,NaN,NaN,NaN,NaN,NaN,NaN,NaN,NaN,46.621,0,2893.8,0.0080533,NaN,NaN,NaN,NaN,17.753,98730,22.063,-1.7442,1.2251,-9.8318,0.87292,-3.1811,-18.231,NaN,NaN,NaN,NaN,NaN
481.44,-12.056,-16.568,43.992,-2.3142,1.4473,-10.863,0.74101,-3.7487,-18.181,0,0,0,NaN,NaN,NaN,NaN,NaN,NaN,NaN,NaN,NaN,46.621,0,2893.8,0.0080533,NaN,NaN,NaN,NaN,NaN,-1,-1,-1.7519,1.1985,-9.8189,0.67,-3.174,-18.302,NaN,NaN,NaN,NaN,NaN
481.45,-12.041,-16.583,43.948,-1.7505,1.2178,-11.599,0.67002,-2.4869,-17.988,0,0,0,NaN,NaN,NaN,NaN,NaN,NaN,NaN,NaN,NaN,46.621,0,2893.8,0.0080533,0.59185,2.2386,0.22091,0.10239,NaN,-1,-1,-1.7613,1.1951,-9.7984,0.51734,-3.2393,-18.365,NaN,NaN,NaN,NaN,NaN
481.45,-12.027,-16.594,43.904,-1.3801,2.2887,-9.3815,0.34286,-1.1292,-18.265,0,0,0,NaN,NaN,NaN,NaN,NaN,NaN,NaN,NaN,NaN,46.621,0,2893.8,0.0080533,NaN,NaN,NaN,NaN,17.731,98702,22,-1.7591,1.1794,-9.7329,0.37549,-3.2417,-18.424,NaN,NaN,NaN,NaN,NaN
481.45,-12.01,-16.615,43.859,-1.4089,1.3323,-9.0873,1.1657,-4.7929,-18.759,0.64427,0.34029,-0.85668,NaN,NaN,NaN,NaN,NaN,NaN,NaN,NaN,NaN,46.621,0,2893.8,0.0080533,NaN,NaN,NaN,NaN,18.028,98688,21.938,-1.7578,1.1578,-9.6907,0.20114,-3.1809,-18.501,NaN,NaN,NaN,NaN,NaN
481.45,-11.993,-16.635,43.815,-2.5759,-0.037049,-11.6,1.1765,-4.3989,-18.562,0,0,0,NaN,NaN,NaN,NaN,NaN,NaN,NaN,NaN,NaN,46.621,0,2893.8,0.0080533,NaN,NaN,NaN,NaN,NaN,-1,-1,-1.7752,1.1734,-9.6698,0.10606,-3.1558,-18.569,NaN,NaN,NaN,NaN,NaN
481.46,-11.979,-16.643,43.769,-1.7888,1.4082,-8.9928,-0.073109,0.70044,-18.383,0,0,0,NaN,NaN,NaN,NaN,NaN,NaN,NaN,NaN,NaN,46.621,0,2893.8,0.0080533,NaN,NaN,NaN,NaN,NaN,-1,-1,-1.7692,1.1717,-9.6277,0.0078297,-3.2521,-18.614,NaN,NaN,NaN,NaN,NaN
481.46,-11.965,-16.664,43.726,-0.76018,1.4045,-8.8724,0.20455,-4.988,-18.4,0,0,0,NaN,NaN,NaN,NaN,NaN,NaN,NaN,NaN,NaN,46.621,0,2893.8,0.0080533,0.58254,2.2326,0.21117,NaN,NaN,-1,-1,-1.7838,1.1423,-9.5719,-0.060262,-3.2279,-18.683,NaN,NaN,NaN,NaN,NaN
481.46,-11.953,-16.683,43.681,-2.3336,0.55124,-11.313,-0.75327,-4.2752,-18.685,0.6513,0.33535,-0.85375,NaN,NaN,NaN,NaN,NaN,NaN,NaN,NaN,NaN,46.621,0,2893.8,0.0080533,NaN,NaN,NaN,0.09656,17.777,98704,22,-1.7854,1.134,-9.5604,-0.15984,-3.0951,-18.714,NaN,NaN,NaN,NaN,NaN
481.46,-11.928,-16.712,43.59,-1.0198,1.2441,-8.78,-0.21641,-3.462,-18.882,0,0,0,NaN,NaN,NaN,NaN,NaN,NaN,NaN,NaN,NaN,46.621,0,2893.8,0.0080533,NaN,NaN,NaN,NaN,NaN,-1,-1,-1.7866,1.1277,-9.5082,-0.21695,-3.1446,-18.755,NaN,NaN,NaN,NaN,NaN
481.47,-11.915,-16.737,43.546,-1.8112,0.31252,-10.458,-0.32802,-6.2556,-19.147,0,0,0,NaN,NaN,NaN,NaN,NaN,NaN,NaN,NaN,NaN,46.621,0,2893.8,0.0080533,NaN,NaN,NaN,NaN,NaN,-1,-1,-1.7901,1.0954,-9.4732,-0.25664,-3.2485,-18.794,NaN,NaN,NaN,NaN,NaN
481.47,-11.902,-16.748,43.499,-2.8917,1.2563,-10.191,-0.53199,-0.79051,-18.636,0.6515,0.33261,-0.85833,NaN,NaN,NaN,NaN,NaN,NaN,NaN,NaN,NaN,46.621,0,2893.8,0.0080533,NaN,NaN,NaN,NaN,17.684,98690,21.938,-1.7993,1.0843,-9.4172,-0.30975,-3.1241,-18.836,NaN,NaN,NaN,NaN,NaN
481.47,-11.878,-16.786,43.41,-2.3321,0.90168,-10.157,-0.34652,-7.0046,-19.23,0,0,0,NaN,NaN,NaN,NaN,NaN,NaN,NaN,NaN,NaN,46.621,0,2893.8,0.0080533,NaN,NaN,NaN,NaN,NaN,-1,-1,-1.7985,1.0855,-9.3774,-0.34139,-3.0087,-18.877,NaN,NaN,NaN,NaN,NaN
481.47,-11.865,-16.797,43.363,-2.1288,3.1577,-10.706,-0.46387,-0.50065,-18.843,0,0,0,NaN,NaN,NaN,NaN,NaN,NaN,NaN,NaN,NaN,46.621,0,2893.8,0.0080533,0.65536,2.1461,0.28359,0.0058269,17.729,98695,21.938,-1.7948,1.0727,-9.3452,-0.3447,-3.1451,-18.913,NaN,NaN,NaN,NaN,NaN
481.48,-11.848,-16.816,43.316,-1.1198,0.009203,-8.5737,0.87273,-3.7993,-19.566,0.65609,0.3277,-0.85562,NaN,NaN,NaN,NaN,NaN,NaN,NaN,NaN,NaN,46.621,0,2893.8,0.0080533,NaN,NaN,NaN,NaN,NaN,-1,-1,-1.8107,1.0671,-9.3013,-0.34512,-3.162,-18.946,NaN,NaN,NaN,NaN,NaN
481.48,-11.837,-16.834,43.271,-2.0436,-0.28915,-8.8967,-1.2931,-3.909,-18.992,0,0,0,NaN,NaN,NaN,NaN,NaN,NaN,NaN,NaN,NaN,46.621,0,2893.8,0.0080533,NaN,NaN,NaN,NaN,NaN,-1,-1,-1.8035,1.0509,-9.244,-0.35535,-2.9505,-18.958,NaN,NaN,NaN,NaN,NaN
481.48,-11.826,-16.845,43.224,-2.0283,1.703,-10.421,-1.2131,-0.4135,-18.812,0,0,0,NaN,NaN,NaN,NaN,NaN,NaN,NaN,NaN,NaN,46.621,0,2893.8,0.0080533,NaN,NaN,NaN,NaN,17.54,98694,21.875,-1.8068,1.0278,-9.2062,-0.27055,-3.0245,-19.024,NaN,NaN,NaN,NaN,NaN
481.48,-11.811,-16.858,43.179,-1.5696,1.0909,-7.8668,0.063541,-1.7587,-18.67,0,0,0,NaN,NaN,NaN,NaN,NaN,NaN,NaN,NaN,NaN,46.621,0,2893.8,0.0080533,NaN,NaN,NaN,NaN,NaN,-1,-1,-1.821,1.0119,-9.1796,-0.2386,-3.1463,-19.056,NaN,NaN,NaN,NaN,NaN
481.49,-11.799,-16.879,43.133,-1.6119,0.52201,-9.0434,-0.95604,-4.8816,-19.121,0.6513,0.33535,-0.85375,NaN,NaN,NaN,NaN,NaN,NaN,NaN,NaN,NaN,46.621,0,2893.8,0.0080533,0.60061,2.1181,0.3055,0.050777,NaN,-1,-1,-1.8103,1.0128,-9.1417,-0.17618,-2.9075,-19.084,NaN,NaN,NaN,NaN,NaN
481.49,-11.788,-16.894,43.087,-2.74,2.7955,-10.19,-1.2481,-2.2536,-18.983,0,0,0,NaN,NaN,NaN,NaN,NaN,NaN,NaN,NaN,NaN,46.621,0,2893.8,0.0080533,NaN,NaN,NaN,NaN,17.892,98727,22.063,-1.8129,1.0091,-9.0944,-0.069457,-2.872,-19.086,NaN,NaN,NaN,NaN,NaN
481.49,-11.774,-16.91,43.039,-1.2613,0.6014,-9.1261,-0.24385,-2.6725,-19.666,0,0,0,NaN,NaN,NaN,NaN,NaN,NaN,NaN,NaN,NaN,46.621,0,2893.8,0.0080533,NaN,NaN,NaN,NaN,17.639,98719,22.063,-1.8213,0.99836,-9.0695,0.0035436,-2.9571,-19.086,NaN,NaN,NaN,NaN,NaN
481.49,-11.76,-16.925,42.992,-2.1722,-0.30661,-8.6507,-0.30619,-2.3845,-19.371,0,0,0,NaN,NaN,NaN,NaN,NaN,NaN,NaN,NaN,NaN,46.621,0,2893.8,0.0080533,NaN,NaN,NaN,NaN,NaN,-1,-1,-1.8179,0.97418,-9.0289,0.10112,-2.9024,-19.097,NaN,NaN,NaN,NaN,NaN
481.5,-11.746,-16.941,42.946,-1.784,1.2455,-8.7988,-0.43614,-2.7177,-18.901,0.65609,0.3277,-0.85562,NaN,NaN,NaN,NaN,NaN,NaN,NaN,NaN,NaN,46.621,0,2893.8,0.0080533,0.59294,2.1199,0.29332,0.033296,NaN,-1,-1,-1.8197,0.96444,-8.9928,0.22292,-2.6894,-19.113,NaN,NaN,NaN,NaN,NaN
481.5,-11.731,-16.96,42.901,-2.1234,1.6531,-9.52,0.53411,-4.097,-18.919,0,0,0,NaN,NaN,NaN,NaN,NaN,NaN,NaN,NaN,NaN,46.621,0,2893.8,0.0080533,0.59294,2.1199,0.29332,0.033296,NaN,-1,-1,-1.8251,0.96095,-8.9695,0.33082,-2.7834,-19.131,NaN,NaN,NaN,NaN,NaN
481.5,-11.714,-16.972,42.854,-1.8199,0.12996,-9.4848,0.69677,-1.2351,-18.989,0,0,0,NaN,NaN,NaN,NaN,NaN,NaN,NaN,NaN,NaN,46.621,0,2893.8,0.0080533,NaN,NaN,NaN,NaN,18.008,98759,22.188,-1.8237,0.9601,-8.9342,0.47938,-2.7087,-19.131,NaN,NaN,NaN,NaN,NaN
481.5,-11.698,-16.987,42.807,-1.1663,2.252,-8.074,0.73127,-2.2534,-19.178,0,0,0,NaN,NaN,NaN,NaN,NaN,NaN,NaN,NaN,NaN,46.621,0,2893.8,0.0080533,NaN,NaN,NaN,NaN,NaN,-1,-1,-1.8259,0.95072,-8.8889,0.62792,-2.6461,-19.114,NaN,NaN,NaN,NaN,NaN
481.51,-11.677,-17.006,42.761,-2.3848,0.32983,-9.4418,2.6353,-4.1395,-19.49,0.6559,0.33044,-0.85104,NaN,NaN,NaN,NaN,NaN,NaN,NaN,NaN,NaN,46.621,0,2893.8,0.0080533,NaN,NaN,NaN,NaN,NaN,-1,-1,-1.8296,0.9353,-8.8748,0.76094,-2.5993,-19.098,NaN,NaN,NaN,NaN,NaN
481.51,-11.66,-17.02,42.714,-2.0818,-0.16642,-8.3431,0.83795,-1.8961,-18.962,0,0,0,NaN,NaN,NaN,NaN,NaN,NaN,NaN,NaN,NaN,46.621,0,2893.8,0.0080533,NaN,NaN,NaN,NaN,17.891,98691,21.938,-1.8281,0.91324,-8.8392,0.98971,-2.6304,-19.114,NaN,NaN,NaN,NaN,NaN
481.51,-11.643,-17.031,42.668,-1.8055,0.90005,-8.6704,0.82426,-0.65415,-18.743,0,0,0,NaN,NaN,NaN,NaN,NaN,NaN,NaN,NaN,NaN,46.621,0,2893.8,0.0080533,0.59951,2.1193,0.29819,0.04828,NaN,-1,-1,-1.8334,0.89695,-8.8125,1.2202,-2.6475,-19.115,NaN,NaN,NaN,NaN,NaN
481.51,-11.626,-17.051,42.624,-1.4157,2.3266,-8.0919,1.2947,-4.6755,-18.658,0,0,0,NaN,NaN,NaN,NaN,NaN,NaN,NaN,NaN,NaN,46.621,0,2893.8,0.0080533,NaN,NaN,NaN,NaN,17.332,98709,22,-1.8307,0.90498,-8.7885,1.4077,-2.4581,-19.098,NaN,NaN,NaN,NaN,NaN
481.52,-11.607,-17.067,42.576,-2.5394,0.94054,-10.009,1.7458,-2.6896,-19.28,0.65533,0.31566,-0.84879,NaN,NaN,NaN,NaN,NaN,NaN,NaN,NaN,NaN,46.621,0,2893.8,0.0080533,NaN,NaN,NaN,NaN,NaN,-1,-1,-1.8358,0.89296,-8.7532,1.6045,-2.5361,-19.087,NaN,NaN,NaN,NaN,NaN
481.52,-11.588,-17.079,42.529,-1.9876,0.90666,-7.983,1.5429,-1.1282,-19.337,0,0,0,NaN,NaN,NaN,NaN,NaN,NaN,NaN,NaN,NaN,46.621,0,2893.8,0.0080533,NaN,NaN,NaN,NaN,NaN,-1,-1,-1.8381,0.86979,-8.7278,1.7767,-2.5422,-19.068,NaN,NaN,NaN,NaN,NaN
481.52,-11.569,-17.097,42.482,-1.4523,0.45451,-8.3579,1.696,-3.6642,-19.31,0,0,0,NaN,NaN,NaN,NaN,NaN,NaN,NaN,NaN,NaN,46.621,0,2942.4,0.0069644,NaN,NaN,NaN,NaN,17.282,98684,21.875,-1.8366,0.86487,-8.722,1.9333,-2.4904,-19.058,NaN,NaN,NaN,NaN,NaN
481.52,-11.55,-17.112,42.435,-2.1026,0.47821,-8.3213,1.7972,-2.4498,-19.223,0,0,0,NaN,NaN,NaN,NaN,NaN,NaN,NaN,NaN,NaN,46.621,0,2942.4,0.0069644,0.59404,2.1062,0.29272,NaN,NaN,-1,-1,-1.8383,0.84801,-8.718,2.1081,-2.6469,-19.088,NaN,NaN,NaN,NaN,NaN
481.53,-11.53,-17.126,42.389,-2.4305,0.46803,-8.2946,1.9001,-2.1593,-18.779,0.65151,0.33771,-0.85603,NaN,NaN,NaN,NaN,NaN,NaN,NaN,NaN,NaN,46.621,0,2942.4,0.0069644,NaN,NaN,NaN,0.046615,NaN,-1,-1,-1.8344,0.8491,-8.6795,2.2281,-2.5333,-19.078,NaN,NaN,NaN,NaN,NaN
481.53,-11.511,-17.142,42.343,-1.4535,1.0957,-9.3484,2.0389,-2.888,-19.052,0,0,0,NaN,NaN,NaN,NaN,NaN,NaN,NaN,NaN,NaN,46.621,0,2942.4,0.0069644,NaN,NaN,NaN,NaN,17.731,98685,21.938,-1.8404,0.85094,-8.6675,2.3497,-2.6728,-19.082,NaN,NaN,NaN,NaN,NaN
481.53,-11.49,-17.157,42.297,-1.7927,1.9294,-8.2784,2.2593,-2.3534,-18.991,0,0,0,NaN,NaN,NaN,NaN,NaN,NaN,NaN,NaN,NaN,46.621,0,2942.4,0.0069644,NaN,NaN,NaN,NaN,NaN,-1,-1,-1.8381,0.83539,-8.653,2.4218,-2.5954,-19.081,NaN,NaN,NaN,NaN,NaN
481.53,-11.467,-17.174,42.249,-2.0438,1.0864,-8.2932,3.4226,-3.1201,-19.73,0,0,0,NaN,NaN,NaN,NaN,NaN,NaN,NaN,NaN,NaN,46.621,0,2942.4,0.0069644,NaN,NaN,NaN,NaN,17.567,98694,21.938,-1.8349,0.81919,-8.6611,2.5244,-2.5971,-19.118,NaN,NaN,NaN,NaN,NaN
481.54,-11.446,-17.189,42.203,-1.9763,-0.71461,-8.532,2.2989,-2.5809,-18.785,0.65066,0.31808,-0.85151,NaN,NaN,NaN,NaN,NaN,NaN,NaN,NaN,NaN,46.621,0,2942.4,0.0069644,NaN,NaN,NaN,NaN,NaN,-1,-1,-1.8429,0.79846,-8.6631,2.526,-2.6739,-19.128,NaN,NaN,NaN,NaN,NaN
481.54,-11.424,-17.2,42.156,-2.2812,1.4276,-7.8876,3.1189,-1.0729,-18.938,0,0,0,NaN,NaN,NaN,NaN,NaN,NaN,NaN,NaN,NaN,46.621,0,2942.4,0.0069644,0.6466,2.1467,0.2842,0.0024972,NaN,-1,-1,-1.8323,0.79485,-8.6473,2.5541,-2.6096,-19.166,NaN,NaN,NaN,NaN,NaN
481.54,-11.402,-17.217,42.111,-1.4197,1.2093,-8.7971,2.9618,-3.3896,-18.813,0,0,0,NaN,NaN,NaN,NaN,NaN,NaN,NaN,NaN,NaN,46.621,0,2942.4,0.0069644,NaN,NaN,NaN,NaN,17.425,98699,21.938,-1.8362,0.79445,-8.6573,2.4976,-2.5762,-19.748,NaN,NaN,NaN,NaN,NaN
481.54,-11.38,-17.233,42.064,-1.9114,0.29318,-8.4749,2.6358,-2.7067,-19.116,0,0,0,NaN,NaN,NaN,NaN,NaN,NaN,NaN,NaN,NaN,46.621,0,2942.4,0.0069644,NaN,NaN,NaN,NaN,NaN,-1,-1,-1.8374,0.76932,-8.6487,2.4699,-2.5456,-19.625,NaN,NaN,NaN,NaN,NaN
481.55,-11.358,-17.245,42.017,-3.1023,2.3136,-8.5036,2.8612,-1.3783,-19.243,0.65582,0.32286,-0.85335,NaN,NaN,NaN,NaN,NaN,NaN,NaN,NaN,NaN,46.621,0,2942.4,0.0069644,NaN,NaN,NaN,NaN,NaN,-1,-1,-1.8408,0.75359,-8.6469,2.387,-2.5572,-19.48,NaN,NaN,NaN,NaN,NaN
481.55,-11.335,-17.26,41.97,-0.83867,0.75272,-6.3406,3.2448,-2.5384,-19.125,0,0,0,NaN,NaN,NaN,NaN,NaN,NaN,NaN,NaN,NaN,46.621,0,2942.4,0.0069644,NaN,NaN,NaN,NaN,17.959,98736,22.063,-1.8318,0.74017,-8.6617,2.2724,-2.4207,-19.385,NaN,NaN,NaN,NaN,NaN
481.55,-11.314,-17.282,41.924,-2.0733,-1.0016,-9.3712,2.5724,-4.9699,-19.331,0,0,0,NaN,NaN,NaN,NaN,NaN,NaN,NaN,NaN,NaN,46.621,0,2942.4,0.0069644,0.60115,2.1175,0.29637,0.04495,NaN,-1,-1,-1.8293,0.73926,-8.6599,2.0775,-2.4105,-19.887,NaN,NaN,NaN,NaN,NaN
481.55,-11.271,-17.303,41.83,-1.1346,1.0838,-7.2423,2.899,-0.51056,-18.925,0.66793,0.32021,-0.85226,NaN,NaN,NaN,NaN,NaN,NaN,NaN,NaN,NaN,46.621,0,2942.4,0.0069644,NaN,NaN,NaN,NaN,17.495,98702,21.938,-1.8241,0.72346,-8.6348,1.9314,-2.3521,-19.657,NaN,NaN,NaN,NaN,NaN
481.56,-11.251,-17.323,41.784,-1.7552,-0.14508,-7.3527,2.3207,-4.5108,-19.239,0,0,0,NaN,NaN,NaN,NaN,NaN,NaN,NaN,NaN,NaN,46.621,0,2942.4,0.0069644,NaN,NaN,NaN,NaN,NaN,-1,-1,-1.8218,0.71457,-8.6584,1.8129,-2.3765,-19.448,NaN,NaN,NaN,NaN,NaN
481.56,-11.23,-17.34,41.737,-2.1339,2.1905,-10.221,2.4972,-3.1755,-19.438,0,0,0,NaN,NaN,NaN,NaN,NaN,NaN,NaN,NaN,NaN,46.621,0,2942.4,0.0069644,NaN,NaN,NaN,NaN,NaN,-1,-1,-1.831,0.69664,-8.6723,1.6403,-2.2969,-19.243,NaN,NaN,NaN,NaN,NaN
481.56,-11.207,-17.351,41.688,-1.9211,0.65076,-8.9378,2.8809,-0.94555,-19.586,0,0,0,NaN,NaN,NaN,NaN,NaN,NaN,NaN,NaN,NaN,46.621,0,2942.4,0.0069644,NaN,NaN,NaN,NaN,17.377,98682,21.875,-1.8219,0.6786,-8.6596,1.4694,-2.2294,-19.069,NaN,NaN,NaN,NaN,NaN
481.56,-11.172,-17.379,41.595,-2.3208,0.73567,-8.3161,0.95128,-2.0054,-19.096,0,0,0,NaN,NaN,NaN,NaN,NaN,NaN,NaN,NaN,NaN,46.621,0,2942.4,0.0069644,0.60499,2.2464,0.24525,0.069923,NaN,-1,-1,-1.8173,0.67109,-8.6722,1.3581,-2.2574,-18.923,NaN,NaN,NaN,NaN,NaN
481.57,-11.154,-17.394,41.547,-0.94931,1.8603,-8.7586,0.89221,-2.2965,-19.297,0,0,0,NaN,NaN,NaN,NaN,NaN,NaN,NaN,NaN,NaN,46.621,0,2942.4,0.0069644,NaN,NaN,NaN,NaN,NaN,-1,-1,-1.8178,0.67701,-8.6853,1.1766,-2.1554,-18.765,NaN,NaN,NaN,NaN,NaN
481.57,-11.137,-17.41,41.5,-2.8592,1.2902,-8.9279,0.74593,-3.1648,-19.583,0,0,0,NaN,NaN,NaN,NaN,NaN,NaN,NaN,NaN,NaN,46.621,0,2942.4,0.0069644,NaN,NaN,NaN,NaN,17.726,98692,21.875,-1.8162,0.65566,-8.7072,0.95526,-2.0056,-18.596,NaN,NaN,NaN,NaN,NaN
481.57,-11.121,-17.42,41.451,-1.8779,0.70721,-9.1799,0.39958,-0.50609,-19.368,0.66276,0.30524,-0.85503,NaN,NaN,NaN,NaN,NaN,NaN,NaN,NaN,NaN,46.621,0,2942.4,0.0069644,NaN,NaN,NaN,NaN,NaN,-1,-1,-1.822,0.64203,-8.7062,0.72947,-2.0271,-18.432,NaN,NaN,NaN,NaN,NaN
481.57,-11.106,-17.434,41.402,-1.3573,-0.20185,-8.5228,-0.37179,-2.0426,-19.874,0,0,0,NaN,NaN,NaN,NaN,NaN,NaN,NaN,NaN,NaN,46.621,0,2942.4,0.0069644,NaN,NaN,NaN,NaN,17.774,98721,22,-1.8177,0.63957,-8.7379,0.52213,-1.9071,-18.303,NaN,NaN,NaN,NaN,NaN
481.58,-11.09,-17.451,41.354,-2.6829,-0.29758,-7.7241,-0.012949,-3.2178,-19.88,0,0,0,NaN,NaN,NaN,NaN,NaN,NaN,NaN,NaN,NaN,46.621,0,2942.4,0.0069644,NaN,NaN,NaN,NaN,NaN,-1,-1,-1.7904,0.617,-8.6642,0.29511,-1.7722,-18.196,NaN,NaN,NaN,NaN,NaN
481.58,-11.078,-17.46,41.306,-1.6211,0.46244,-9.4974,-1.3802,-0.052941,-19.005,0,0,0,NaN,NaN,NaN,NaN,NaN,NaN,NaN,NaN,NaN,46.621,0,2942.4,0.0069644,0.66028,2.139,0.30124,0.010821,NaN,-1,-1,-1.7899,0.61548,-8.7203,0.095983,-1.7694,-18.112,NaN,NaN,NaN,NaN,NaN
481.58,-11.065,-17.475,41.258,-2.2052,0.64242,-8.942,-0.76748,-2.6088,-19.646,0.66541,0.31266,-0.85479,NaN,NaN,NaN,NaN,NaN,NaN,NaN,NaN,NaN,46.621,0,2942.4,0.0069644,NaN,NaN,NaN,NaN,17.795,98676,21.813,-1.7849,0.60672,-8.7365,-0.16512,-1.6932,-18.024,NaN,NaN,NaN,NaN,NaN
481.58,-11.053,-17.488,41.209,-1.5569,1.2054,-9.2099,-1.4556,-1.4406,-19.889,0,0,0,NaN,NaN,NaN,NaN,NaN,NaN,NaN,NaN,NaN,46.621,0,2942.4,0.0069644,NaN,NaN,NaN,NaN,NaN,-1,-1,-1.7813,0.59075,-8.7752,-0.43361,-1.6145,-17.916,NaN,NaN,NaN,NaN,NaN
481.59,-11.039,-17.501,41.16,-1.5855,0.71312,-7.8845,-0.92321,-1.4883,-19.77,0,0,0,NaN,NaN,NaN,NaN,NaN,NaN,NaN,NaN,NaN,46.621,0,2942.4,0.0069644,0.58363,2.2547,0.22151,NaN,NaN,-1,-1,-1.7648,0.58003,-8.7366,-0.70027,-1.4972,-17.824,NaN,NaN,NaN,NaN,NaN
481.59,-11.027,-17.515,41.112,-2.3536,-0.35678,-10.469,-1.1492,-2.2231,-19.465,0,0,0,NaN,NaN,NaN,NaN,NaN,NaN,NaN,NaN,NaN,46.621,0,2942.4,0.0069644,NaN,NaN,NaN,0.088236,17.378,98700,21.938,-1.7641,0.57414,-8.7779,-0.92959,-1.4238,-17.777,NaN,NaN,NaN,NaN,NaN
481.59,-11.013,-17.524,41.062,-2.6788,0.19969,-9.3477,-1.0389,-0.12702,-19.781,0.6696,0.30813,-0.84521,NaN,NaN,NaN,NaN,NaN,NaN,NaN,NaN,NaN,46.621,0,2942.4,0.0069644,NaN,NaN,NaN,0.088236,NaN,-1,-1,-1.7569,0.55716,-8.8128,-1.1298,-1.4713,-17.76,NaN,NaN,NaN,NaN,NaN
481.59,-11.005,-17.533,41.015,-0.6477,0.41981,-8.599,-2.9134,-0.33845,-18.69,0,0,0,NaN,NaN,NaN,NaN,NaN,NaN,NaN,NaN,NaN,46.621,0,2942.4,0.0069644,NaN,NaN,NaN,NaN,17.775,98695,21.938,-1.7665,0.53629,-8.8616,-1.3489,-1.4088,-17.73,NaN,NaN,NaN,NaN,NaN
481.6,0,0,0,0,0,0,0,0,0,0,0,0,NaN,NaN,NaN,NaN,NaN,NaN,NaN,NaN,NaN,46.621,0,2942.4,0.0069644,NaN,NaN,NaN,NaN,NaN,-1,-1,-1.7682,0.53812,-8.9229,-1.546,-1.2037,-17.682,NaN,NaN,NaN,NaN,NaN
481.6,-10.997,-17.55,40.968,-1.6172,1.2941,-9.1875,-2.7097,-3.0967,-19.549,0,0,0,NaN,NaN,NaN,NaN,NaN,NaN,NaN,NaN,NaN,46.621,0,2942.4,0.0069644,NaN,NaN,NaN,NaN,NaN,-1,-1,-1.7679,0.51781,-8.9764,-1.7539,-1.1764,-17.647,NaN,NaN,NaN,NaN,NaN
481.6,-10.975,-17.567,40.866,-0.52981,-0.91622,-7.3061,-2.6027,0.74055,-20.332,0.67231,0.30784,-0.84957,NaN,NaN,NaN,NaN,NaN,NaN,NaN,NaN,NaN,46.621,0,2942.4,0.0069644,NaN,NaN,NaN,NaN,18.072,98702,21.938,-1.7701,0.51164,-9.0316,-1.9742,-1.0833,-17.639,NaN,NaN,NaN,NaN,NaN
481.6,-10.964,-17.586,40.818,-2.1523,0.45786,-9.5777,-1.6944,-4.0374,-19.921,0,0,0,NaN,NaN,NaN,NaN,NaN,NaN,NaN,NaN,NaN,46.621,0,2942.4,0.0069644,0.60006,2.2392,0.23734,0.059934,NaN,-1,-1,-1.7745,0.48729,-9.0653,-2.1523,-1.0459,-17.674,NaN,NaN,NaN,NaN,NaN
481.61,0,0,0,0,0,0,0,0,0,0,0,0,NaN,NaN,NaN,NaN,NaN,NaN,NaN,NaN,NaN,46.621,0,2942.4,0.0069644,NaN,NaN,NaN,NaN,NaN,-1,-1,-1.78,0.45988,-9.1055,-2.3552,-0.99749,-17.684,NaN,NaN,NaN,NaN,NaN
481.61,-10.945,-17.605,40.721,-1.7349,0.70366,-10.965,-2.3161,-1.5455,-19.612,0,0,0,NaN,NaN,NaN,NaN,NaN,NaN,NaN,NaN,NaN,46.621,0,2942.4,0.0069644,NaN,NaN,NaN,NaN,18.32,98703,21.938,-1.782,0.44865,-9.1423,-2.5502,-1.1025,-17.703,NaN,NaN,NaN,NaN,NaN
481.61,-10.937,-17.615,40.672,-1.743,0.60528,-8.9949,-3.1361,-0.47819,-19.302,0.66971,0.29782,-0.8521,NaN,NaN,NaN,NaN,NaN,NaN,NaN,NaN,NaN,46.621,0,2942.4,0.0069644,NaN,NaN,NaN,NaN,NaN,-1,-1,-1.7797,0.44328,-9.1822,-2.7161,-0.87517,-17.731,NaN,NaN,NaN,NaN,NaN
481.61,-10.926,-17.625,40.623,-1.1709,1.5095,-9.8673,-2.1466,-0.50793,-19.635,0,0,0,NaN,NaN,NaN,NaN,NaN,NaN,NaN,NaN,NaN,46.621,0,2942.4,0.0069644,NaN,NaN,NaN,NaN,17.91,98713,21.938,-1.8001,0.4345,-9.3359,-2.893,-0.88932,-17.79,NaN,NaN,NaN,NaN,NaN
481.62,-10.906,-17.648,40.526,-1.9103,0.1184,-10.07,-2.8659,-0.78478,-19.232,0,0,0,NaN,NaN,NaN,NaN,NaN,NaN,NaN,NaN,NaN,46.621,0,2942.4,0.0069644,NaN,NaN,NaN,NaN,NaN,-1,-1,-1.8052,0.41598,-9.3639,-3.0294,-1.0314,-17.865,NaN,NaN,NaN,NaN,NaN
481.62,-10.915,-17.66,40.453,-1.6721,0.54213,-9.4679,-3.3304,0.31547,-19.037,0.67201,0.29281,-0.8519,14.373,15.635,-6.2918,22.15,40.058,-88.55,3.6777e+05,4.4354e+06,334.27,46.621,0,2942.4,0.0069644,0.60499,2.1169,0.29698,0.049945,NaN,-1,-1,-1.8034,0.38036,-9.3934,-3.1298,-0.90733,-17.947,22.131,0.86202,-0.28485,-0.73741,2.2304
481.62,-10.909,-17.671,40.405,-1.6281,0.95983,-10.319,-3.632,-1.2457,-19.215,0,0,0,NaN,NaN,NaN,NaN,NaN,NaN,NaN,NaN,NaN,46.621,0,2942.4,0.0069644,NaN,NaN,NaN,NaN,18.185,98723,22,-1.7987,0.37247,-9.4404,-3.3269,-0.75619,-18.006,NaN,NaN,NaN,NaN,NaN
481.62,-10.901,-17.683,40.356,-2.9666,1.0256,-9.9828,-3.2009,-1.1287,-19.601,0,0,0,NaN,NaN,NaN,NaN,NaN,NaN,NaN,NaN,NaN,46.621,0,2942.4,0.0069644,NaN,NaN,NaN,NaN,NaN,-1,-1,-1.8117,0.37492,-9.4813,-3.4842,-0.79266,-18.087,NaN,NaN,NaN,NaN,NaN
481.63,-10.893,-17.692,40.307,-1.279,-0.22362,-8.9421,-3.2036,0.10468,-19.66,0,0,0,NaN,NaN,NaN,NaN,NaN,NaN,NaN,NaN,NaN,46.621,0,2942.4,0.0069644,NaN,NaN,NaN,NaN,NaN,-1,-1,-1.8233,0.36161,-9.5943,-3.6376,-0.83424,-18.192,NaN,NaN,NaN,NaN,NaN
481.63,-10.887,-17.706,40.258,-1.843,-0.19248,-10.766,-3.8332,-2.4001,-19.601,0.68846,0.29059,-0.84122,NaN,NaN,NaN,NaN,NaN,NaN,NaN,NaN,NaN,46.621,0,2942.4,0.0069644,0.60006,2.2392,0.23673,0.062431,17.999,98690,21.813,-1.8208,0.35118,-9.6466,-3.7598,-0.69604,-18.318,NaN,NaN,NaN,NaN,NaN
481.63,-10.881,-17.718,40.21,-2.5775,-0.63067,-9.8549,-3.9818,-1.3206,-19.393,0,0,0,NaN,NaN,NaN,NaN,NaN,NaN,NaN,NaN,NaN,46.582,0,2993.8,0.0069644,NaN,NaN,NaN,NaN,NaN,-1,-1,-1.8366,0.33643,-9.6996,-3.9267,-0.62883,-18.453,NaN,NaN,NaN,NaN,NaN
481.63,-10.879,-17.726,40.162,-1.3216,1.0593,-11.194,-5.3097,0.23709,-19.037,0,0,0,NaN,NaN,NaN,NaN,NaN,NaN,NaN,NaN,NaN,46.582,0,2993.8,0.0069644,NaN,NaN,NaN,NaN,18.025,98713,21.938,-1.8254,0.31035,-9.7475,-4.0804,-0.72035,-18.601,NaN,NaN,NaN,NaN,NaN
481.64,-10.873,-17.736,40.114,-1.8751,0.78027,-9.6925,-3.9002,-0.7064,-19.344,0,0,0,NaN,NaN,NaN,NaN,NaN,NaN,NaN,NaN,NaN,46.582,0,2993.8,0.0069644,NaN,NaN,NaN,NaN,NaN,-1,-1,-1.8253,0.31722,-9.8017,-4.2875,-0.61697,-18.712,NaN,NaN,NaN,NaN,NaN
481.64,-10.866,-17.746,40.064,-1.6264,1.3711,-10.232,-3.8821,-0.37701,-19.892,0.67417,0.29303,-0.8471,NaN,NaN,NaN,NaN,NaN,NaN,NaN,NaN,NaN,46.582,0,2993.8,0.0069644,NaN,NaN,NaN,NaN,NaN,-1,-1,-1.8291,0.3106,-9.8383,-4.4594,-0.5097,-18.858,NaN,NaN,NaN,NaN,NaN
481.64,-10.86,-17.761,40.014,-1.9589,-0.63599,-10.258,-4.0339,-2.3947,-20.082,0,0,0,NaN,NaN,NaN,NaN,NaN,NaN,NaN,NaN,NaN,46.582,0,2993.8,0.0069644,NaN,NaN,NaN,NaN,17.888,98710,21.938,-1.8295,0.28093,-9.8766,-4.64,-0.53167,-19.048,NaN,NaN,NaN,NaN,NaN
481.64,-10.858,-17.771,39.967,-1.7468,-0.23529,-11.023,-5.2121,-0.75762,-18.991,0,0,0,NaN,NaN,NaN,NaN,NaN,NaN,NaN,NaN,NaN,46.582,0,2993.8,0.0069644,0.5913,2.2356,0.22517,0.099057,NaN,-1,-1,-1.8372,0.26929,-9.9034,-4.7907,-0.55815,-19.249,NaN,NaN,NaN,NaN,NaN
481.65,-10.854,-17.774,39.918,-2.525,0.08159,-10.983,-5.0934,2.3619,-19.142,0,0,0,NaN,NaN,NaN,NaN,NaN,NaN,NaN,NaN,NaN,46.582,0,2993.8,0.0069644,NaN,NaN,NaN,NaN,NaN,-1,-1,-1.8301,0.2627,-9.9233,-4.9344,-0.46731,-19.44,NaN,NaN,NaN,NaN,NaN
481.65,-10.853,-17.782,39.87,-1.2168,0.71058,-8.9752,-5.8022,-0.11161,-18.803,0.68427,0.29513,-0.85079,NaN,NaN,NaN,NaN,NaN,NaN,NaN,NaN,NaN,46.582,0,2993.8,0.0069644,NaN,NaN,NaN,NaN,17.912,98721,22,-1.8345,0.26659,-9.9648,-5.0922,-0.34807,-19.641,NaN,NaN,NaN,NaN,NaN
481.65,-10.852,-17.799,39.822,-2.0752,0.75255,-10.318,-5.8282,-2.9771,-19.748,0,0,0,NaN,NaN,NaN,NaN,NaN,NaN,NaN,NaN,NaN,46.582,0,2993.8,0.0069644,NaN,NaN,NaN,NaN,18.411,98709,22,-1.8396,0.25835,-10.011,-5.3049,-0.21579,-19.826,NaN,NaN,NaN,NaN,NaN
481.65,-10.848,-17.815,39.723,-1.3943,-0.5719,-10.573,-5.6737,-0.18529,-19.549,0,0,0,NaN,NaN,NaN,NaN,NaN,NaN,NaN,NaN,NaN,46.582,0,2993.8,0.0069644,NaN,NaN,NaN,NaN,NaN,-1,-1,-1.8356,0.23984,-10.041,-5.4097,-0.12782,-19.321,NaN,NaN,NaN,NaN,NaN
481.66,-10.846,-17.828,39.675,-2.0641,-0.83638,-9.7995,-5.579,-1.7404,-19.337,0.67919,0.29793,-0.84665,NaN,NaN,NaN,NaN,NaN,NaN,NaN,NaN,NaN,46.582,0,2993.8,0.0069644,NaN,NaN,NaN,0.10322,NaN,-1,-1,-1.8456,0.2199,-10.08,-5.6116,-0.15861,-19.404,NaN,NaN,NaN,NaN,NaN
481.66,-10.847,-17.833,39.628,-2.1533,0.30951,-10.788,-6.5995,1.3664,-18.361,0,0,0,NaN,NaN,NaN,NaN,NaN,NaN,NaN,NaN,NaN,46.582,0,2993.8,0.0069644,NaN,NaN,NaN,NaN,NaN,-1,-1,-1.8363,0.20621,-10.125,-5.8219,-0.065271,-19.499,NaN,NaN,NaN,NaN,NaN
481.66,-10.844,-17.853,39.532,-1.8699,1.2206,-11.094,-5.2661,0.19389,-19.137,0,0,0,NaN,NaN,NaN,NaN,NaN,NaN,NaN,NaN,NaN,46.582,0,2993.8,0.0069644,NaN,NaN,NaN,NaN,18.363,98715,21.938,-1.8341,0.21822,-10.157,-5.993,-0.075951,-19.61,NaN,NaN,NaN,NaN,NaN
481.66,-10.842,-17.856,39.482,-2.0527,-0.50616,-8.8121,-5.8245,2.3444,-19.404,0.67927,0.30042,-0.84664,NaN,NaN,NaN,NaN,NaN,NaN,NaN,NaN,NaN,46.582,0,2993.8,0.0069644,NaN,NaN,NaN,NaN,NaN,-1,-1,-1.8285,0.20535,-10.166,-6.0575,-0.11028,-18.999,NaN,NaN,NaN,NaN,NaN
481.67,-10.842,-17.872,39.436,-1.4926,-0.34761,-9.9968,-6.0653,-3.3556,-19.015,0,0,0,NaN,NaN,NaN,NaN,NaN,NaN,NaN,NaN,NaN,46.582,0,2993.8,0.0069644,NaN,NaN,NaN,NaN,NaN,-1,-1,-1.8312,0.20325,-10.213,-6.1586,-0.15575,-18.974,NaN,NaN,NaN,NaN,NaN
481.67,-10.841,-17.882,39.389,-2.7385,0.62818,-13.587,-5.9633,-0.6377,-18.541,0,0,0,NaN,NaN,NaN,NaN,NaN,NaN,NaN,NaN,NaN,46.582,0,2993.8,0.0069644,0.60991,2.2428,0.23369,0.074917,17.887,98713,21.938,-1.8421,0.19572,-10.274,-6.2886,-0.091801,-18.907,NaN,NaN,NaN,NaN,NaN
481.67,-10.842,-17.879,39.341,-1.44,0.12832,-10.271,-6.6781,4.5703,-18.426,0,0,0,NaN,NaN,NaN,NaN,NaN,NaN,NaN,NaN,NaN,46.582,0,2993.8,0.0069644,NaN,NaN,NaN,NaN,NaN,-1,-1,-1.8312,0.18437,-10.289,-6.4073,-0.12432,-18.852,NaN,NaN,NaN,NaN,NaN
481.67,-10.844,-17.889,39.294,-1.2928,1.1818,-7.8855,-7.0165,-0.7865,-18.552,0.68678,0.30268,-0.84827,NaN,NaN,NaN,NaN,NaN,NaN,NaN,NaN,NaN,46.582,0,2993.8,0.0069644,NaN,NaN,NaN,NaN,18.227,98698,21.875,-1.8481,0.16852,-10.281,-6.5322,-0.10604,-18.79,NaN,NaN,NaN,NaN,NaN
481.68,-10.843,-17.905,39.248,-2.6778,0.48707,-11.968,-5.6647,-3.0107,-19.019,0,0,0,NaN,NaN,NaN,NaN,NaN,NaN,NaN,NaN,NaN,46.582,0,2993.8,0.0069644,NaN,NaN,NaN,NaN,NaN,-1,-1,-1.8437,0.16753,-10.331,-6.6808,0.079813,-18.705,NaN,NaN,NaN,NaN,NaN
481.68,-10.844,-17.908,39.199,-1.7982,-0.54183,-11.837,-6.6361,2.127,-18.81,0,0,0,NaN,NaN,NaN,NaN,NaN,NaN,NaN,NaN,NaN,46.582,0,2993.8,0.0069644,NaN,NaN,NaN,NaN,NaN,-1,-1,-1.8453,0.15983,-10.365,-6.8455,-0.0021766,-18.627,NaN,NaN,NaN,NaN,NaN
481.68,-10.845,-17.912,39.152,-1.8874,0.054604,-9.3606,-6.6779,1.5751,-18.634,0,0,0,NaN,NaN,NaN,NaN,NaN,NaN,NaN,NaN,NaN,46.582,0,2993.8,0.0069644,NaN,NaN,NaN,NaN,18.092,98695,21.875,-1.8581,0.14084,-10.373,-6.9457,-0.028531,-18.596,NaN,NaN,NaN,NaN,NaN
481.68,-10.85,-17.923,39.107,-1.6508,-0.66886,-10.013,-7.8508,-1.1846,-17.966,0.68169,0.29529,-0.84872,NaN,NaN,NaN,NaN,NaN,NaN,NaN,NaN,NaN,46.582,0,2993.8,0.0069644,0.65426,2.1455,0.28663,0.02414,NaN,-1,-1,-1.854,0.14429,-10.402,-7.0981,0.11166,-18.554,NaN,NaN,NaN,NaN,NaN
481.69,-10.853,-17.933,39.061,-2.5737,0.48836,-13.333,-7.2987,-0.78341,-18.418,0,0,0,NaN,NaN,NaN,NaN,NaN,NaN,NaN,NaN,NaN,46.582,0,2993.8,0.0069644,NaN,NaN,NaN,NaN,NaN,-1,-1,-1.8506,0.14242,-10.434,-7.3053,0.01746,-18.485,NaN,NaN,NaN,NaN,NaN
481.69,-10.855,-17.935,39.013,-1.331,1.2451,-11.283,-7.2551,2.7177,-18.362,0,0,0,NaN,NaN,NaN,NaN,NaN,NaN,NaN,NaN,NaN,46.582,0,2993.8,0.0069644,NaN,NaN,NaN,NaN,18.655,98734,22.063,-1.8618,0.12015,-10.438,-7.482,-0.00019075,-18.427,NaN,NaN,NaN,NaN,NaN
481.69,-10.857,-17.942,38.965,-1.6932,0.32569,-8.4397,-6.9511,0.28275,-18.903,0,0,0,NaN,NaN,NaN,NaN,NaN,NaN,NaN,NaN,NaN,46.582,0,2993.8,0.0069644,NaN,NaN,NaN,NaN,17.911,98707,21.938,-1.8655,0.11509,-10.434,-7.6626,0.12979,-18.377,NaN,NaN,NaN,NaN,NaN
481.69,-10.86,-17.957,38.919,-2.2427,-0.48663,-12.206,-7.3499,-2.7085,-18.77,0.68913,0.28997,-0.85266,NaN,NaN,NaN,NaN,NaN,NaN,NaN,NaN,NaN,46.582,0,2993.8,0.0069644,0.59404,2.1121,0.29576,0.036626,NaN,-1,-1,-1.8714,0.1069,-10.484,-7.8176,0.10434,-18.335,NaN,NaN,NaN,NaN,NaN
481.7,-10.864,-17.96,38.873,-2.426,0.15046,-12.251,-7.7729,2.0407,-18.058,0,0,0,NaN,NaN,NaN,NaN,NaN,NaN,NaN,NaN,NaN,46.582,0,2993.8,0.0069644,NaN,NaN,NaN,NaN,NaN,-1,-1,-1.8687,0.1068,-10.48,-7.9315,0.040831,-18.286,NaN,NaN,NaN,NaN,NaN
481.7,-10.869,-17.962,38.827,-1.4493,-0.15115,-10.157,-8.1753,2.5198,-17.84,0,0,0,NaN,NaN,NaN,NaN,NaN,NaN,NaN,NaN,NaN,46.582,0,2993.8,0.0069644,NaN,NaN,NaN,NaN,NaN,-1,-1,-1.8679,0.089273,-10.454,-8.0409,0.11097,-18.246,NaN,NaN,NaN,NaN,NaN
481.7,-10.876,-17.975,38.782,-1.09,0.41316,-9.8051,-8.6463,-1.8862,-18.087,0,0,0,NaN,NaN,NaN,NaN,NaN,NaN,NaN,NaN,NaN,46.582,0,2993.8,0.0069644,NaN,NaN,NaN,NaN,18.049,98720,22,-1.8765,0.077109,-10.504,-8.1759,0.11765,-18.169,NaN,NaN,NaN,NaN,NaN
481.7,-10.881,-17.985,38.736,-3.0942,1.5998,-12.875,-8.0761,-1.0555,-18.395,0.68837,0.28302,-0.84353,NaN,NaN,NaN,NaN,NaN,NaN,NaN,NaN,NaN,46.582,0,2993.8,0.0069644,NaN,NaN,NaN,NaN,NaN,-1,-1,-1.8895,0.064653,-10.529,-8.319,0.2046,-18.104,NaN,NaN,NaN,NaN,NaN
481.71,-10.892,-17.997,38.642,-1.1532,0.27764,-10.319,-8.3674,-1.8524,-18.023,0,0,0,NaN,NaN,NaN,NaN,NaN,NaN,NaN,NaN,NaN,46.582,0,2993.8,0.0069644,0.66795,2.139,0.29698,-0.00083241,NaN,-1,-1,-1.8805,0.059,-10.512,-8.4309,0.22088,-18.048,NaN,NaN,NaN,NaN,NaN
481.71,-10.899,-18.005,38.597,-2.6005,-0.23359,-10.779,-8.6269,-0.27141,-17.917,0,0,0,NaN,NaN,NaN,NaN,NaN,NaN,NaN,NaN,NaN,46.582,0,2993.8,0.0069644,NaN,NaN,NaN,NaN,18.207,98727,22,-1.8787,0.053688,-10.545,-8.5445,0.25224,-18.022,NaN,NaN,NaN,NaN,NaN
481.71,-10.904,-18.013,38.552,-2.0218,0.29953,-13.493,-8.2667,-0.00074485,-17.789,0.69332,0.28543,-0.84308,NaN,NaN,NaN,NaN,NaN,NaN,NaN,NaN,NaN,46.582,0,2993.8,0.0069644,NaN,NaN,NaN,NaN,18.25,98676,21.813,-1.8948,0.059139,-10.58,-8.6979,0.26417,-17.97,NaN,NaN,NaN,NaN,NaN
481.71,-10.915,-18.021,38.459,-1.4921,0.73245,-9.2327,-7.8924,0.038904,-18.425,0,0,0,NaN,NaN,NaN,NaN,NaN,NaN,NaN,NaN,NaN,46.582,0,2993.8,0.0069644,NaN,NaN,NaN,NaN,NaN,-1,-1,-1.8915,0.045917,-10.582,-8.8049,0.25159,-17.927,NaN,NaN,NaN,NaN,NaN
481.72,-10.921,-18.034,38.416,-2.4099,-1.4052,-12.073,-7.9371,-2.0502,-17.793,0,0,0,NaN,NaN,NaN,NaN,NaN,NaN,NaN,NaN,NaN,46.582,0,2993.8,0.0069644,NaN,NaN,NaN,NaN,NaN,-1,-1,-1.9125,0.04603,-10.613,-8.9175,0.36535,-17.862,NaN,NaN,NaN,NaN,NaN
481.72,-10.928,-18.035,38.37,-2.4169,-0.45705,-10.643,-8.9776,2.4415,-17.374,0.6959,0.29037,-0.84285,NaN,NaN,NaN,NaN,NaN,NaN,NaN,NaN,NaN,46.582,0,2993.8,0.0069644,NaN,NaN,NaN,0.0899,NaN,-1,-1,-1.9015,0.05203,-10.61,-8.9329,0.34218,-17.826,NaN,NaN,NaN,NaN,NaN
481.72,-10.938,-18.039,38.326,-1.1596,0.45288,-11.235,-9.9557,1.6372,-17.129,0,0,0,NaN,NaN,NaN,NaN,NaN,NaN,NaN,NaN,NaN,46.582,0,2993.8,0.0069644,NaN,NaN,NaN,0.0899,18.544,98738,22.063,-1.9057,0.047671,-10.567,-8.9736,0.42139,-17.791,NaN,NaN,NaN,NaN,NaN
481.72,-10.949,-18.048,38.282,-1.6002,0.65959,-11.394,-10.063,-0.57118,-17.931,0,0,0,NaN,NaN,NaN,NaN,NaN,NaN,NaN,NaN,NaN,46.582,0,2993.8,0.0069644,NaN,NaN,NaN,NaN,NaN,-1,-1,-1.8978,0.03536,-10.574,-8.9834,0.36163,-17.726,NaN,NaN,NaN,NaN,NaN
481.73,-10.957,-18.05,38.235,-3.4435,0.2075,-10.803,-9.4113,2.4784,-17.854,0,0,0,NaN,NaN,NaN,NaN,NaN,NaN,NaN,NaN,NaN,46.582,0,2993.8,0.0069644,NaN,NaN,NaN,NaN,NaN,-1,-1,-1.8992,0.015235,-10.578,-8.9657,0.41994,-17.631,NaN,NaN,NaN,NaN,NaN
481.73,-10.966,-18.055,38.19,-0.57421,-0.4958,-8.7688,-9.8203,0.99523,-17.604,0.6936,0.29028,-0.84535,NaN,NaN,NaN,NaN,NaN,NaN,NaN,NaN,NaN,46.582,0,2993.8,0.0069644,NaN,NaN,NaN,NaN,18.251,98692,21.875,-1.9162,0.005793,-10.56,-8.9288,0.64712,-17.557,NaN,NaN,NaN,NaN,NaN
481.73,-10.975,-18.071,38.147,-1.924,0.40829,-11.72,-9.5234,-3.1467,-18.005,0,0,0,NaN,NaN,NaN,NaN,NaN,NaN,NaN,NaN,NaN,46.582,0,2993.8,0.0069644,NaN,NaN,NaN,NaN,NaN,-1,-1,-1.9042,0.01292,-10.565,-8.8809,0.59819,-17.483,NaN,NaN,NaN,NaN,NaN
481.73,-10.983,-18.071,38.1,-3.6484,-1.7136,-13.224,-9.2544,3.285,-17.945,0,0,0,NaN,NaN,NaN,NaN,NaN,NaN,NaN,NaN,NaN,46.582,0,2993.8,0.0069644,0.60115,2.1175,0.29332,0.019978,18.022,98708,21.875,-1.9083,0.0054182,-10.559,-8.7554,0.52196,-17.444,NaN,NaN,NaN,NaN,NaN
481.74,-10.995,-18.074,38.057,-0.38814,-0.045851,-9.1886,-10.722,2.1167,-16.79,0,0,0,NaN,NaN,NaN,NaN,NaN,NaN,NaN,NaN,NaN,46.582,0,2993.8,0.0069644,NaN,NaN,NaN,NaN,NaN,-1,-1,-1.9152,0.010895,-10.56,-8.6566,0.66682,-17.361,NaN,NaN,NaN,NaN,NaN
481.74,-11.004,-18.085,38.014,-1.4502,1.599,-11.34,-8.9868,-1.6784,-17.045,0.69345,0.28022,-0.84767,NaN,NaN,NaN,NaN,NaN,NaN,NaN,NaN,NaN,46.582,0,2993.8,0.0069644,NaN,NaN,NaN,NaN,NaN,-1,-1,-1.9172,-0.0073087,-10.542,-8.5568,0.76969,-17.289,NaN,NaN,NaN,NaN,NaN
481.74,-11.007,-18.087,37.968,-2.5766,0.14755,-11.438,-7.4531,2.6987,-17.821,0,0,0,NaN,NaN,NaN,NaN,NaN,NaN,NaN,NaN,NaN,46.582,0,3060.9,0.0064211,NaN,NaN,NaN,NaN,18.275,98723,22,-1.9189,-0.026236,-10.532,-8.4671,0.77644,-17.185,NaN,NaN,NaN,NaN,NaN
481.74,-11.012,-18.091,37.924,-1.8001,-2.3309,-10.029,-7.9161,1.5242,-17.288,0,0,0,NaN,NaN,NaN,NaN,NaN,NaN,NaN,NaN,NaN,46.582,0,3060.9,0.0064211,NaN,NaN,NaN,NaN,NaN,-1,-1,-1.9196,-0.023653,-10.54,-8.3399,0.75959,-17.115,NaN,NaN,NaN,NaN,NaN
481.75,-11.02,-18.102,37.883,-1.7355,0.92934,-9.9721,-8.8094,-1.4944,-16.52,0,0,0,NaN,NaN,NaN,NaN,NaN,NaN,NaN,NaN,NaN,46.582,0,3060.9,0.0064211,NaN,NaN,NaN,NaN,NaN,-1,-1,-1.9236,-0.023185,-10.536,-8.1867,0.90276,-17.02,NaN,NaN,NaN,NaN,NaN
481.75,-11.026,-18.104,37.841,-2.2309,0.68565,-13.764,-7.7809,2.192,-16.36,0.69339,0.28792,-0.84307,NaN,NaN,NaN,NaN,NaN,NaN,NaN,NaN,NaN,46.582,0,3060.9,0.0064211,NaN,NaN,NaN,NaN,18.494,98687,21.813,-1.9232,-0.023368,-10.526,-8.0118,0.91291,-16.934,NaN,NaN,NaN,NaN,NaN
481.75,-11.032,-18.101,37.796,-1.599,-0.57709,-9.3159,-8.367,4.1792,-17.028,0,0,0,NaN,NaN,NaN,NaN,NaN,NaN,NaN,NaN,NaN,46.582,0,3060.9,0.0064211,NaN,NaN,NaN,NaN,NaN,-1,-1,-1.9266,-0.034167,-10.517,-7.8823,0.94844,-16.853,NaN,NaN,NaN,NaN,NaN
481.75,-11.038,-18.114,37.754,-2.0035,0.7294,-9.1164,-8.0285,-2.0026,-17.086,0,0,0,NaN,NaN,NaN,NaN,NaN,NaN,NaN,NaN,NaN,46.582,0,3060.9,0.0064211,NaN,NaN,NaN,NaN,18.405,98729,21.938,-1.9247,-0.034555,-10.498,-7.7378,1.0196,-16.757,NaN,NaN,NaN,NaN,NaN
481.76,-11.043,-18.119,37.71,-2.1877,-0.46085,-12.221,-7.8653,0.95019,-17.179,0,0,0,NaN,NaN,NaN,NaN,NaN,NaN,NaN,NaN,NaN,46.582,0,3060.9,0.0064211,NaN,NaN,NaN,NaN,NaN,-1,-1,-1.9288,-0.036576,-10.498,-7.5893,1.101,-16.649,NaN,NaN,NaN,NaN,NaN
481.76,-11.045,-18.121,37.666,-1.7048,-0.75429,-10.256,-6.8981,2.0549,-16.93,0.68852,0.28799,-0.84351,NaN,NaN,NaN,NaN,NaN,NaN,NaN,NaN,NaN,46.582,0,3060.9,0.0064211,NaN,NaN,NaN,NaN,NaN,-1,-1,-1.9309,-0.046409,-10.478,-7.4686,1.0731,-16.54,NaN,NaN,NaN,NaN,NaN
481.76,-11.051,-18.123,37.625,-2.4593,-1.1902,-10.423,-7.9947,2.2956,-16.169,0,0,0,NaN,NaN,NaN,NaN,NaN,NaN,NaN,NaN,NaN,46.582,0,3060.9,0.0064211,NaN,NaN,NaN,NaN,18.646,98684,21.75,-1.9298,-0.055081,-10.475,-7.3837,1.1231,-16.432,NaN,NaN,NaN,NaN,NaN
481.76,-11.057,-18.134,37.585,-1.545,0.90167,-10.783,-7.5528,-1.4148,-16.085,0,0,0,NaN,NaN,NaN,NaN,NaN,NaN,NaN,NaN,NaN,46.582,0,3060.9,0.0064211,NaN,NaN,NaN,NaN,NaN,-1,-1,-1.9322,-0.052765,-10.463,-7.3013,1.0544,-16.334,NaN,NaN,NaN,NaN,NaN
481.77,-11.06,-18.137,37.499,-1.8641,0.44339,-9.6216,-5.4888,1.4448,-16.667,0.69353,0.28779,-0.84536,NaN,NaN,NaN,NaN,NaN,NaN,NaN,NaN,NaN,46.582,0,3060.9,0.0064211,NaN,NaN,NaN,NaN,NaN,-1,-1,-1.9317,-0.071061,-10.477,-7.2055,1.0225,-16.241,NaN,NaN,NaN,NaN,NaN
481.77,-11.06,-18.144,37.458,-2.1875,-1.8166,-9.6384,-5.8414,0.43447,-16.245,0,0,0,NaN,NaN,NaN,NaN,NaN,NaN,NaN,NaN,NaN,46.582,0,3060.9,0.0064211,NaN,NaN,NaN,NaN,18.737,98706,21.875,-1.9374,-0.079444,-10.435,-7.0871,1.0327,-16.141,NaN,NaN,NaN,NaN,NaN
481.77,-11.062,-18.152,37.419,-2.2948,0.31116,-11.332,-5.9022,-0.47979,-15.728,0,0,0,NaN,NaN,NaN,NaN,NaN,NaN,NaN,NaN,NaN,46.582,0,3060.9,0.0064211,0.60499,2.1175,0.29332,0.050777,NaN,-1,-1,-1.9258,-0.085866,-10.428,-7.2262,1.0453,-16.473,NaN,NaN,NaN,NaN,NaN
481.77,-11.065,-18.152,37.379,-1.8927,-0.13529,-12.127,-6.7536,2.6658,-15.371,0,0,0,NaN,NaN,NaN,NaN,NaN,NaN,NaN,NaN,NaN,46.582,0,3060.9,0.0064211,NaN,NaN,NaN,NaN,18.43,98730,22,-1.9344,-0.086038,-10.439,-7.0702,0.94309,-16.267,NaN,NaN,NaN,NaN,NaN
481.78,-11.066,-18.153,37.339,-1.5858,0.91713,-10.064,-5.7139,2.3921,-15.475,0.69849,0.3004,-0.84031,NaN,NaN,NaN,NaN,NaN,NaN,NaN,NaN,NaN,46.582,0,3060.9,0.0064211,NaN,NaN,NaN,NaN,NaN,-1,-1,-1.9402,-0.1013,-10.436,-6.9453,1.0208,-16.045,NaN,NaN,NaN,NaN,NaN
481.78,-11.067,-18.158,37.298,-2.633,0.35691,-9.1205,-6.0481,0.88195,-15.934,0,0,0,NaN,NaN,NaN,NaN,NaN,NaN,NaN,NaN,NaN,46.582,0,3060.9,0.0064211,NaN,NaN,NaN,NaN,NaN,-1,-1,-1.9248,-0.10782,-10.43,-6.8711,1.0966,-15.823,NaN,NaN,NaN,NaN,NaN
481.78,-11.069,-18.167,37.258,-1.932,-0.42003,-9.5478,-5.9842,-0.58579,-16.288,0,0,0,NaN,NaN,NaN,NaN,NaN,NaN,NaN,NaN,NaN,46.582,0,3060.9,0.0064211,NaN,NaN,NaN,NaN,18.562,98722,21.938,-1.9244,-0.10896,-10.404,-7.0812,1.0444,-16.051,NaN,NaN,NaN,NaN,NaN
481.78,-11.072,-18.175,37.219,-1.6129,-0.54529,-11.945,-6.6195,-0.33741,-15.437,0,0,0,NaN,NaN,NaN,NaN,NaN,NaN,NaN,NaN,NaN,46.582,0,3060.9,0.0064211,0.59787,2.1115,0.29393,NaN,NaN,-1,-1,-1.9267,-0.11898,-10.419,-6.9579,1.0319,-15.775,NaN,NaN,NaN,NaN,NaN
481.79,-11.076,-18.174,37.179,-2.7786,-1.2461,-11.047,-6.8502,3.0665,-15.373,0.68852,0.28799,-0.84351,NaN,NaN,NaN,NaN,NaN,NaN,NaN,NaN,NaN,46.582,0,3060.9,0.0064211,NaN,NaN,NaN,NaN,NaN,-1,-1,-1.9242,-0.12165,-10.411,-6.87,1.0621,-15.501,NaN,NaN,NaN,NaN,NaN
481.79,-11.082,-18.177,37.142,-1.5232,0.19537,-9.4837,-7.3423,1.5009,-14.576,0,0,0,NaN,NaN,NaN,NaN,NaN,NaN,NaN,NaN,NaN,46.582,0,3060.9,0.0064211,NaN,NaN,NaN,NaN,18.274,98749,22.063,-1.9192,-0.12054,-10.411,-6.8498,0.88912,-15.239,NaN,NaN,NaN,NaN,NaN
481.79,-11.086,-18.184,37.103,-2.0909,0.7393,-10.748,-7.0057,-0.20117,-15.575,0,0,0,NaN,NaN,NaN,NaN,NaN,NaN,NaN,NaN,NaN,46.582,0,3060.9,0.0064211,NaN,NaN,NaN,NaN,18.89,98708,21.875,-1.9126,-0.13334,-10.411,-6.8114,0.98725,-15.025,NaN,NaN,NaN,NaN,NaN
481.79,-11.091,-18.192,37.025,-2.1815,-1.6905,-10.668,-6.592,0.70308,-15.038,0.69813,0.28798,-0.84035,NaN,NaN,NaN,NaN,NaN,NaN,NaN,NaN,NaN,46.582,0,3060.9,0.0064211,NaN,NaN,NaN,NaN,NaN,-1,-1,-1.9204,-0.14436,-10.399,-6.827,0.9891,-14.78,NaN,NaN,NaN,NaN,NaN
481.8,-11.096,-18.197,36.987,-2.7355,-0.22052,-9.2992,-7.1262,0.76415,-15.104,0,0,0,NaN,NaN,NaN,NaN,NaN,NaN,NaN,NaN,NaN,46.582,0,3060.9,0.0064211,0.60389,2.2434,0.2349,0.074917,NaN,-1,-1,-1.9196,-0.15441,-10.405,-6.823,0.71634,-14.547,NaN,NaN,NaN,NaN,NaN
481.8,-11.102,-18.2,36.95,-1.4615,0.16504,-10.633,-7.5378,1.6451,-14.316,0,0,0,NaN,NaN,NaN,NaN,NaN,NaN,NaN,NaN,NaN,46.582,0,3060.9,0.0064211,NaN,NaN,NaN,NaN,NaN,-1,-1,-1.8889,-0.17044,-10.283,-6.8184,0.67048,-14.354,NaN,NaN,NaN,NaN,NaN
481.8,-11.11,-18.205,36.913,-1.597,0.44165,-10.008,-8.161,0.52712,-14.819,0,0,0,NaN,NaN,NaN,NaN,NaN,NaN,NaN,NaN,NaN,46.582,0,3060.9,0.0064211,NaN,NaN,NaN,NaN,18.52,98707,21.938,-1.8934,-0.17106,-10.336,-6.8267,0.70908,-14.164,NaN,NaN,NaN,NaN,NaN
481.8,-11.123,-18.211,36.834,-1.5267,-0.7329,-8.0213,-8.449,2.4488,-15.03,0,0,0,NaN,NaN,NaN,NaN,NaN,NaN,NaN,NaN,NaN,46.582,0,3060.9,0.0064211,NaN,NaN,NaN,NaN,NaN,-1,-1,-1.8829,-0.16192,-10.33,-6.8682,0.40108,-13.977,NaN,NaN,NaN,NaN,NaN
481.81,-11.129,-18.222,36.798,-1.5385,-0.055451,-10.105,-7.3383,-1.793,-14.831,0,0,0,NaN,NaN,NaN,NaN,NaN,NaN,NaN,NaN,NaN,46.582,0,3060.9,0.0064211,NaN,NaN,NaN,NaN,NaN,-1,-1,-1.8957,-0.17666,-10.363,-6.9183,0.46594,-13.778,NaN,NaN,NaN,NaN,NaN
481.81,-11.137,-18.225,36.761,-3.2594,-0.95368,-11.046,-8.1121,1.4768,-14.505,0,0,0,NaN,NaN,NaN,NaN,NaN,NaN,NaN,NaN,NaN,46.582,0,3060.9,0.0064211,NaN,NaN,NaN,NaN,17.928,98701,21.813,-1.8797,-0.17047,-10.276,-7.074,0.56693,-13.585,NaN,NaN,NaN,NaN,NaN
481.81,-11.146,-18.226,36.724,-1.4658,-0.094839,-9.5577,-8.785,2.2693,-14.444,0.7126,0.27771,-0.84135,NaN,NaN,NaN,NaN,NaN,NaN,NaN,NaN,NaN,46.582,0,3060.9,0.0064211,0.59732,2.2476,0.2203,0.097392,NaN,-1,-1,-1.875,-0.18707,-10.296,-7.2075,0.4693,-13.443,NaN,NaN,NaN,NaN,NaN
481.81,-11.155,-18.229,36.686,-1.1852,0.25982,-8.9421,-8.7355,1.2955,-14.658,0,0,0,NaN,NaN,NaN,NaN,NaN,NaN,NaN,NaN,NaN,46.582,0,3060.9,0.0064211,NaN,NaN,NaN,NaN,18.495,98722,21.938,-1.8663,-0.20549,-10.327,-7.3533,0.49826,-13.33,NaN,NaN,NaN,NaN,NaN
481.82,-11.161,-18.238,36.649,-2.3628,0.079926,-9.3696,-7.2231,-0.80254,-14.92,0,0,0,NaN,NaN,NaN,NaN,NaN,NaN,NaN,NaN,NaN,46.582,0,3060.9,0.0064211,NaN,NaN,NaN,NaN,NaN,-1,-1,-1.856,-0.21349,-10.357,-7.4667,0.64035,-13.232,NaN,NaN,NaN,NaN,NaN
481.82,-11.167,-18.241,36.613,-2.0719,-1.0735,-10.852,-7.393,1.3517,-14.29,0,0,0,NaN,NaN,NaN,NaN,NaN,NaN,NaN,NaN,NaN,46.582,0,3060.9,0.0064211,NaN,NaN,NaN,NaN,NaN,-1,-1,-1.8642,-0.23389,-10.39,-7.6256,0.67455,-13.095,NaN,NaN,NaN,NaN,NaN
481.82,-11.175,-18.243,36.577,-2.2718,-0.36228,-9.3246,-8.1832,1.5575,-13.925,0.71525,0.28513,-0.84111,NaN,NaN,NaN,NaN,NaN,NaN,NaN,NaN,NaN,46.582,0,3060.9,0.0064211,0.59239,2.1187,0.29637,0.02747,18.695,98714,21.938,-1.8651,-0.26207,-10.419,-7.7682,0.59576,-12.976,NaN,NaN,NaN,NaN,NaN
481.82,-11.185,-18.249,36.542,-1.7556,0.47939,-9.9941,-8.7754,0.37145,-13.876,0,0,0,NaN,NaN,NaN,NaN,NaN,NaN,NaN,NaN,NaN,46.582,0,3060.9,0.0064211,NaN,NaN,NaN,NaN,NaN,-1,-1,-1.8524,-0.2742,-10.452,-7.8091,0.80397,-12.892,NaN,NaN,NaN,NaN,NaN
481.83,0,0,0,0,0,0,0,0,0,0,0,0,NaN,NaN,NaN,NaN,NaN,NaN,NaN,NaN,NaN,46.582,0,3060.9,0.0064211,NaN,NaN,NaN,NaN,NaN,-1,-1,-1.8523,-0.26604,-10.476,-7.897,0.87861,-12.796,NaN,NaN,NaN,NaN,NaN
481.83,-11.193,-18.253,36.507,-1.3799,0.95139,-11.454,-8.1051,0.8238,-14.055,0,0,0,NaN,NaN,NaN,NaN,NaN,NaN,NaN,NaN,NaN,46.582,0,3060.9,0.0064211,NaN,NaN,NaN,NaN,18.406,98720,21.938,-1.8433,-0.26985,-10.513,-7.911,0.7521,-12.73,NaN,NaN,NaN,NaN,NaN
481.83,-11.208,-18.258,36.433,-1.3329,-0.71681,-9.4088,-8.5307,-0.37632,-14.24,0.70732,0.27815,-0.83492,NaN,NaN,NaN,NaN,NaN,NaN,NaN,NaN,NaN,46.582,0,3060.9,0.0064211,NaN,NaN,NaN,NaN,NaN,-1,-1,-1.8429,-0.27068,-10.54,-7.9943,0.96318,-12.633,NaN,NaN,NaN,NaN,NaN
481.83,-11.218,-18.268,36.398,-1.734,-0.25557,-11.559,-8.5944,-1.2364,-14.044,0,0,0,NaN,NaN,NaN,NaN,NaN,NaN,NaN,NaN,NaN,46.582,0,3060.9,0.0064211,NaN,NaN,NaN,NaN,18.736,98713,21.875,-1.8296,-0.28681,-10.574,-8.0356,1.0497,-12.538,NaN,NaN,NaN,NaN,NaN
481.84,0,0,0,0,0,0,0,0,0,0,0,0,NaN,NaN,NaN,NaN,NaN,NaN,NaN,NaN,NaN,46.582,0,3060.9,0.0064211,NaN,NaN,NaN,NaN,NaN,-1,-1,-1.833,-0.30635,-10.61,-8.06,1.1437,-12.48,NaN,NaN,NaN,NaN,NaN
481.84,-11.239,-18.265,36.326,-1.5678,0.006278,-9.4299,-9.1914,1.9275,-13.779,0,0,0,NaN,NaN,NaN,NaN,NaN,NaN,NaN,NaN,NaN,46.582,0,3060.9,0.0064211,NaN,NaN,NaN,NaN,NaN,-1,-1,-1.8306,-0.30994,-10.634,-8.0431,1.2387,-12.468,NaN,NaN,NaN,NaN,NaN
481.84,-11.25,-18.273,36.292,-0.91846,0.9536,-10.886,-9.4584,-0.66492,-13.828,0.71008,0.27017,-0.84388,NaN,NaN,NaN,NaN,NaN,NaN,NaN,NaN,NaN,46.582,0,3060.9,0.0064211,NaN,NaN,NaN,NaN,18.495,98725,21.938,-1.8163,-0.31335,-10.65,-8.0121,1.2122,-12.432,NaN,NaN,NaN,NaN,NaN
481.84,-11.258,-18.278,36.255,-2.5206,-0.61538,-12.197,-7.9295,0.68239,-14.314,0,0,0,NaN,NaN,NaN,NaN,NaN,NaN,NaN,NaN,NaN,46.582,0,3060.9,0.0064211,NaN,NaN,NaN,NaN,NaN,-1,-1,-1.8068,-0.32859,-10.688,-7.9987,1.3781,-12.402,NaN,NaN,NaN,NaN,NaN
481.85,-11.279,-18.28,36.187,-1.6482,0.068377,-9.6748,-8.8833,-1.4253,-13.294,0,0,0,NaN,NaN,NaN,NaN,NaN,NaN,NaN,NaN,NaN,46.582,0,3060.9,0.0064211,0.58966,2.2291,0.22882,NaN,NaN,-1,-1,-1.8088,-0.33718,-10.719,-8.0188,1.5438,-12.344,NaN,NaN,NaN,NaN,NaN
481.85,-11.304,-18.289,36.137,-1.7959,-0.049468,-13.852,-9.7565,0.43774,-13.362,0.71443,0.2757,-0.83198,14.246,16.16,-6.268,22.436,40.058,-88.55,3.6777e+05,4.4354e+06,332.63,46.582,0,3060.9,0.0064211,NaN,NaN,NaN,0.09656,18.887,98705,21.813,-1.8152,-0.33772,-10.84,-8.0149,1.6278,-12.334,22.335,2.0901,-0.37815,-0.96996,5.3452
481.85,-11.316,-18.282,36.101,-1.7551,0.16268,-12.335,-9.6978,5.1971,-13.466,0,0,0,NaN,NaN,NaN,NaN,NaN,NaN,NaN,NaN,NaN,46.611,0,3135.2,0.0075089,NaN,NaN,NaN,NaN,NaN,-1,-1,-1.8127,-0.35168,-10.886,-7.9089,1.6516,-12.33,NaN,NaN,NaN,NaN,NaN
481.85,-11.326,-18.28,36.065,-2.4837,-0.12993,-9.136,-8.7902,3.4929,-13.455,0,0,0,NaN,NaN,NaN,NaN,NaN,NaN,NaN,NaN,NaN,46.611,0,3135.2,0.0075089,NaN,NaN,NaN,NaN,18.431,98746,22.063,-1.8251,-0.34606,-10.944,-7.7793,1.6877,-12.347,NaN,NaN,NaN,NaN,NaN
481.86,-11.35,-18.296,35.999,-2.328,-0.65964,-14.78,-9.3092,0.29313,-13.267,0.70781,0.28536,-0.83948,NaN,NaN,NaN,NaN,NaN,NaN,NaN,NaN,NaN,46.611,0,3135.2,0.0075089,NaN,NaN,NaN,NaN,NaN,-1,-1,-1.8148,-0.35255,-10.984,-7.6966,1.9047,-12.334,NaN,NaN,NaN,NaN,NaN
481.86,-11.362,-18.282,35.963,-2.4103,-0.45925,-11.671,-9.9049,8.1842,-12.667,0,0,0,NaN,NaN,NaN,NaN,NaN,NaN,NaN,NaN,NaN,46.611,0,3135.2,0.0075089,0.60061,2.235,0.23916,0.078247,NaN,-1,-1,-1.8212,-0.35318,-11.141,-7.6391,1.9149,-12.355,NaN,NaN,NaN,NaN,NaN
481.86,-11.385,-18.291,35.896,-1.1951,1.3529,-11.499,-9.2923,1.4052,-13.015,0,0,0,NaN,NaN,NaN,NaN,NaN,NaN,NaN,NaN,NaN,46.611,0,3135.2,0.0075089,NaN,NaN,NaN,NaN,18.979,98734,22,-1.8102,-0.36345,-11.174,-7.5293,2.1459,-12.388,NaN,NaN,NaN,NaN,NaN
481.86,-11.39,-18.29,35.86,-2.4381,-0.9992,-13.803,-7.0091,3.0462,-13.881,0.71456,0.27557,-0.83427,NaN,NaN,NaN,NaN,NaN,NaN,NaN,NaN,NaN,46.611,0,3135.2,0.0075089,NaN,NaN,NaN,NaN,NaN,-1,-1,-1.8114,-0.3681,-11.237,-7.3909,2.1637,-12.431,NaN,NaN,NaN,NaN,NaN
481.87,-11.397,-18.288,35.826,-2.5415,-1.3505,-11.227,-7.4572,3.2798,-12.907,0,0,0,NaN,NaN,NaN,NaN,NaN,NaN,NaN,NaN,NaN,46.611,0,3135.2,0.0075089,NaN,NaN,NaN,NaN,NaN,-1,-1,-1.8233,-0.38516,-11.31,-7.2405,2.0609,-12.443,NaN,NaN,NaN,NaN,NaN
481.87,-11.403,-18.288,35.794,-1.345,-1.0564,-11.085,-6.9998,2.4659,-12.505,0,0,0,NaN,NaN,NaN,NaN,NaN,NaN,NaN,NaN,NaN,46.611,0,3135.2,0.0075089,NaN,NaN,NaN,NaN,18.56,98730,21.938,-1.817,-0.39231,-11.361,-7.1186,2.1686,-12.462,NaN,NaN,NaN,NaN,NaN
481.87,-11.41,-18.292,35.763,-1.3617,0.6272,-12.979,-6.8889,0.31152,-12.133,0,0,0,NaN,NaN,NaN,NaN,NaN,NaN,NaN,NaN,NaN,46.611,0,3135.2,0.0075089,NaN,NaN,NaN,NaN,NaN,-1,-1,-1.8102,-0.38788,-11.41,-6.9992,2.395,-12.501,NaN,NaN,NaN,NaN,NaN
481.87,-11.414,-18.288,35.729,-3.1128,0.031329,-12.858,-6.4748,4.2555,-12.825,0.70745,0.27294,-0.83951,NaN,NaN,NaN,NaN,NaN,NaN,NaN,NaN,NaN,46.611,0,3135.2,0.0075089,0.59513,2.2392,0.22456,0.097392,18.892,98733,22,-1.8143,-0.3982,-11.486,-6.8066,2.3953,-12.564,NaN,NaN,NaN,NaN,NaN
481.88,-11.418,-18.282,35.695,-1.4076,-1.9969,-9.202,-6.4044,4.456,-12.526,0,0,0,NaN,NaN,NaN,NaN,NaN,NaN,NaN,NaN,NaN,46.611,0,3135.2,0.0075089,NaN,NaN,NaN,NaN,NaN,-1,-1,-1.8082,-0.40941,-11.54,-6.6036,2.2909,-12.626,NaN,NaN,NaN,NaN,NaN
481.88,-11.426,-18.292,35.665,-1.3127,0.48979,-12.56,-7.0537,-1.504,-12.344,0,0,0,NaN,NaN,NaN,NaN,NaN,NaN,NaN,NaN,NaN,46.611,0,3135.2,0.0075089,NaN,NaN,NaN,NaN,NaN,-1,-1,-1.8064,-0.4185,-11.6,-6.4308,2.4788,-12.682,NaN,NaN,NaN,NaN,NaN
481.88,-11.428,-18.295,35.633,-3.492,-0.96427,-12.741,-5.3658,1.0807,-12.692,0,0,0,NaN,NaN,NaN,NaN,NaN,NaN,NaN,NaN,NaN,46.611,0,3135.2,0.0075089,NaN,NaN,NaN,NaN,18.956,98723,21.938,-1.7972,-0.41635,-11.652,-6.3248,2.5495,-12.734,NaN,NaN,NaN,NaN,NaN
481.88,-11.434,-18.284,35.601,-0.89638,-1.0737,-11.886,-7.039,6.4395,-11.496,0.7149,0.27781,-0.83884,NaN,NaN,NaN,NaN,NaN,NaN,NaN,NaN,NaN,46.611,0,3135.2,0.0075089,0.59677,2.232,0.23064,0.078247,NaN,-1,-1,-1.7987,-0.4057,-11.742,-5.9382,2.4192,-12.259,NaN,NaN,NaN,NaN,NaN
481.89,-11.437,-18.29,35.571,-1.28,0.43354,-12.818,-5.3129,-0.18575,-12.21,0,0,0,NaN,NaN,NaN,NaN,NaN,NaN,NaN,NaN,NaN,46.611,0,3135.2,0.0075089,NaN,NaN,NaN,NaN,NaN,-1,-1,-1.797,-0.42181,-11.773,-5.7839,2.4799,-12.247,NaN,NaN,NaN,NaN,NaN
481.89,-11.438,-18.287,35.538,-2.2972,-0.16258,-12.355,-4.765,3.596,-12.464,0,0,0,NaN,NaN,NaN,NaN,NaN,NaN,NaN,NaN,NaN,46.611,0,3135.2,0.0075089,NaN,NaN,NaN,NaN,18.957,98758,22.063,-1.7877,-0.42156,-11.825,-5.6399,2.601,-12.257,NaN,NaN,NaN,NaN,NaN
481.89,-11.439,-18.287,35.507,-1.8378,-2.147,-11.099,-4.6976,2.2644,-12.165,0,0,0,NaN,NaN,NaN,NaN,NaN,NaN,NaN,NaN,NaN,46.611,0,3135.2,0.0075089,NaN,NaN,NaN,NaN,NaN,-1,-1,-1.7966,-0.4444,-11.911,-5.48,2.4251,-12.237,NaN,NaN,NaN,NaN,NaN
481.89,-11.441,-18.291,35.477,-2.3157,-0.25581,-11.322,-5.0381,0.47882,-11.483,0.70251,0.27561,-0.83765,NaN,NaN,NaN,NaN,NaN,NaN,NaN,NaN,NaN,46.611,0,3135.2,0.0075089,NaN,NaN,NaN,NaN,19.084,98709,21.875,-1.7894,-0.445,-11.976,-5.0257,2.4096,-11.716,NaN,NaN,NaN,NaN,NaN
481.9,-11.444,-18.285,35.417,-1.9022,-0.98957,-11.897,-5.4174,4.1264,-11.606,0,0,0,NaN,NaN,NaN,NaN,NaN,NaN,NaN,NaN,NaN,46.611,0,3135.2,0.0075089,NaN,NaN,NaN,NaN,NaN,-1,-1,-1.7805,-0.43559,-12.022,-4.8745,2.5411,-11.596,NaN,NaN,NaN,NaN,NaN
481.9,-11.445,-18.286,35.387,-1.9346,0.25973,-10.013,-4.4934,2.0952,-11.605,0,0,0,NaN,NaN,NaN,NaN,NaN,NaN,NaN,NaN,NaN,46.611,0,3135.2,0.0075089,0.60334,2.232,0.22151,0.10655,NaN,-1,-1,-1.7737,-0.44477,-12.068,-4.7716,2.3977,-11.485,NaN,NaN,NaN,NaN,NaN
481.9,-11.442,-18.289,35.357,-1.6293,0.16,-12.869,-3.2114,0.68107,-11.805,0.70481,0.2757,-0.83515,NaN,NaN,NaN,NaN,NaN,NaN,NaN,NaN,NaN,46.611,0,3135.2,0.0075089,NaN,NaN,NaN,NaN,18.931,98718,21.875,-1.7764,-0.45143,-12.153,-4.5799,2.2466,-11.44,NaN,NaN,NaN,NaN,NaN
481.9,-11.439,-18.292,35.328,-1.7171,-1.6319,-12.59,-2.6832,1.0988,-11.601,0,0,0,NaN,NaN,NaN,NaN,NaN,NaN,NaN,NaN,NaN,46.611,0,3135.2,0.0075089,NaN,NaN,NaN,NaN,NaN,-1,-1,-1.7631,-0.46393,-12.204,-4.4899,2.2707,-11.313,NaN,NaN,NaN,NaN,NaN
481.91,-11.44,-18.288,35.298,-2.9516,-1.6766,-13.908,-4.5026,3.71,-11.163,0,0,0,NaN,NaN,NaN,NaN,NaN,NaN,NaN,NaN,NaN,46.611,0,3135.2,0.0075089,NaN,NaN,NaN,NaN,NaN,-1,-1,-1.7658,-0.46617,-12.268,-4.505,2.0739,-11.209,NaN,NaN,NaN,NaN,NaN
481.91,-11.443,-18.283,35.27,-0.82338,-0.24935,-10.368,-5.2507,3.6833,-10.736,0,0,0,NaN,NaN,NaN,NaN,NaN,NaN,NaN,NaN,NaN,46.611,0,3135.2,0.0075089,NaN,NaN,NaN,0.012486,18.8,98699,21.813,-1.7682,-0.45693,-12.348,-4.541,2.3028,-11.125,NaN,NaN,NaN,NaN,NaN
481.91,-11.443,-18.291,35.243,-0.87161,0.9387,-14.422,-3.8137,-1.0054,-10.926,0.71218,0.2679,-0.83909,NaN,NaN,NaN,NaN,NaN,NaN,NaN,NaN,NaN,46.611,0,3135.2,0.0075089,NaN,NaN,NaN,0.012486,19.085,98726,21.938,-1.7599,-0.4553,-12.398,-4.5949,2.2604,-11.044,NaN,NaN,NaN,NaN,NaN
481.91,-11.438,-18.28,35.184,-1.5248,-1.4503,-11.339,-3.161,3.9028,-10.462,0,0,0,NaN,NaN,NaN,NaN,NaN,NaN,NaN,NaN,NaN,46.611,0,3135.2,0.0075089,NaN,NaN,NaN,NaN,NaN,-1,-1,-1.7532,-0.47437,-12.432,-4.672,1.9783,-10.974,NaN,NaN,NaN,NaN,NaN
481.92,-11.441,-18.286,35.158,-1.6665,0.009185,-11.651,-4.7378,-0.83898,-10.415,0,0,0,NaN,NaN,NaN,NaN,NaN,NaN,NaN,NaN,NaN,46.611,0,3135.2,0.0075089,NaN,NaN,NaN,NaN,NaN,-1,-1,-1.7522,-0.47227,-12.536,-4.8581,2.2574,-10.836,NaN,NaN,NaN,NaN,NaN
481.92,-11.442,-18.289,35.133,-2.1119,-0.29207,-16.002,-4.2736,0.62647,-10.07,0.7023,0.27325,-0.83537,NaN,NaN,NaN,NaN,NaN,NaN,NaN,NaN,NaN,46.611,0,3135.2,0.0075089,NaN,NaN,NaN,NaN,NaN,-1,-1,-1.7566,-0.46756,-12.611,-5.0511,2.3358,-10.749,NaN,NaN,NaN,NaN,NaN
481.92,-11.445,-18.275,35.102,-1.011,-0.85615,-14.015,-5.2532,7.6475,-10.81,0,0,0,NaN,NaN,NaN,NaN,NaN,NaN,NaN,NaN,NaN,46.611,0,3135.2,0.0075089,NaN,NaN,NaN,NaN,19.037,98711,21.813,-1.7359,-0.47005,-12.608,-5.188,2.2805,-10.681,NaN,NaN,NaN,NaN,NaN
481.92,-11.448,-18.273,35.074,-2.9777,0.26085,-8.6439,-5.2127,2.9499,-10.764,0,0,0,NaN,NaN,NaN,NaN,NaN,NaN,NaN,NaN,NaN,46.611,0,3135.2,0.0075089,0.61484,2.1157,0.29332,0.038291,NaN,-1,-1,-1.7335,-0.47243,-12.678,-5.3856,2.2712,-10.602,NaN,NaN,NaN,NaN,NaN
481.93,-11.452,-18.282,35.049,-0.57565,-1.1232,-13.457,-5.3397,-1.8504,-10.625,0,0,0,NaN,NaN,NaN,NaN,NaN,NaN,NaN,NaN,NaN,46.611,0,3135.2,0.0075089,NaN,NaN,NaN,NaN,NaN,-1,-1,-1.7499,-0.48618,-12.791,-5.5458,2.3938,-10.533,NaN,NaN,NaN,NaN,NaN
481.93,-11.458,-18.282,35.021,-2.0311,-0.91108,-15.66,-6.2366,2.1212,-10.502,0.71964,0.27786,-0.83611,NaN,NaN,NaN,NaN,NaN,NaN,NaN,NaN,NaN,46.611,0,3135.2,0.0075089,NaN,NaN,NaN,NaN,18.846,98748,22,-1.7344,-0.49136,-12.806,-5.7628,2.2956,-10.431,NaN,NaN,NaN,NaN,NaN
481.93,-11.466,-18.267,34.992,-2.9727,-1.4806,-12.075,-6.9874,7.7541,-10.167,0,0,0,NaN,NaN,NaN,NaN,NaN,NaN,NaN,NaN,NaN,46.611,0,3135.2,0.0075089,NaN,NaN,NaN,NaN,NaN,-1,-1,-1.7201,-0.49414,-12.83,-6.0334,2.2699,-10.35,NaN,NaN,NaN,NaN,NaN
481.93,-11.475,-18.273,34.968,-0.22714,0.37038,-11.183,-7.381,-0.49607,-10.125,0,0,0,NaN,NaN,NaN,NaN,NaN,NaN,NaN,NaN,NaN,46.611,0,3135.2,0.0075089,NaN,NaN,NaN,NaN,18.648,98736,21.938,-1.7301,-0.49256,-12.932,-6.3147,2.4542,-10.278,NaN,NaN,NaN,NaN,NaN
481.94,-11.482,-18.274,34.941,-1.831,0.49725,-15.037,-6.6054,1.2748,-10.387,0,0,0,NaN,NaN,NaN,NaN,NaN,NaN,NaN,NaN,NaN,46.611,0,3135.2,0.0075089,0.59623,2.2434,0.2203,0.097392,NaN,-1,-1,-1.7316,-0.48763,-12.985,-6.5999,2.4204,-10.206,NaN,NaN,NaN,NaN,NaN
481.94,-11.486,-18.262,34.91,-2.5897,-0.91582,-13.832,-5.7689,7.0125,-11.029,0.71727,0.27529,-0.83863,NaN,NaN,NaN,NaN,NaN,NaN,NaN,NaN,NaN,46.611,0,3135.2,0.0075089,NaN,NaN,NaN,NaN,NaN,-1,-1,-1.7122,-0.49106,-12.976,-6.8353,2.2452,-10.164,NaN,NaN,NaN,NaN,NaN
481.94,-11.493,-18.261,34.885,-1.5733,-1.3458,-9.4688,-6.3357,2.3447,-9.8635,0,0,0,NaN,NaN,NaN,NaN,NaN,NaN,NaN,NaN,NaN,46.611,0,3135.2,0.0075089,NaN,NaN,NaN,NaN,19.08,98713,21.813,-1.719,-0.5151,-13.041,-7.1568,2.4514,-10.064,NaN,NaN,NaN,NaN,NaN
481.94,-11.502,-18.269,34.862,-1.8278,-0.98689,-15.148,-6.9502,-1.4381,-9.4594,0,0,0,NaN,NaN,NaN,NaN,NaN,NaN,NaN,NaN,NaN,46.611,0,3135.2,0.0075089,NaN,NaN,NaN,NaN,NaN,-1,-1,-1.7188,-0.5178,-13.131,-7.4222,2.4154,-9.9732,NaN,NaN,NaN,NaN,NaN
481.95,-11.525,-18.25,34.807,-1.6992,0.36943,-11.717,-8.2655,5.9667,-10.325,0.71008,0.27017,-0.84388,NaN,NaN,NaN,NaN,NaN,NaN,NaN,NaN,NaN,46.611,0,3135.2,0.0075089,0.59787,2.2392,0.23977,0.071587,NaN,-1,-1,-1.7103,-0.52184,-13.148,-7.7195,2.5252,-9.9152,NaN,NaN,NaN,NaN,NaN
481.95,-11.537,-18.249,34.781,-1.3511,-1.7239,-10.139,-8.4597,2.1855,-9.8757,0,0,0,NaN,NaN,NaN,NaN,NaN,NaN,NaN,NaN,NaN,46.611,0,3135.2,0.0075089,NaN,NaN,NaN,NaN,19.084,98749,22,-1.7093,-0.51865,-13.194,-7.9377,2.5523,-9.8604,NaN,NaN,NaN,NaN,NaN
481.95,-11.55,-18.256,34.757,-1.9245,-0.03818,-16.334,-8.6297,-0.93776,-10.254,0,0,0,NaN,NaN,NaN,NaN,NaN,NaN,NaN,NaN,NaN,46.611,0,3135.2,0.0075089,NaN,NaN,NaN,NaN,19.299,98743,22,-1.7083,-0.51597,-13.231,-8.2102,2.5598,-9.7758,NaN,NaN,NaN,NaN,NaN
481.95,-11.561,-18.251,34.729,-2.4298,-0.91372,-13.768,-8.5446,4.1911,-10.148,0,0,0,NaN,NaN,NaN,NaN,NaN,NaN,NaN,NaN,NaN,46.611,0,3135.2,0.0075089,NaN,NaN,NaN,NaN,NaN,-1,-1,-1.7203,-0.52721,-13.283,-8.5474,2.6067,-9.6997,NaN,NaN,NaN,NaN,NaN
481.96,-11.58,-18.24,34.705,-1.2708,-1.7155,-11.889,-10.869,5.8494,-8.7523,0.70495,0.27558,-0.83744,NaN,NaN,NaN,NaN,NaN,NaN,NaN,NaN,NaN,46.611,0,3135.2,0.0075089,NaN,NaN,NaN,NaN,NaN,-1,-1,-1.7029,-0.53979,-13.302,-8.8285,2.6448,-9.6427,NaN,NaN,NaN,NaN,NaN
481.96,-11.596,-18.25,34.681,-1.23,-0.34744,-15.038,-10.071,-2.2599,-10.219,0,0,0,NaN,NaN,NaN,NaN,NaN,NaN,NaN,NaN,NaN,46.611,0,3135.2,0.0075089,NaN,NaN,NaN,NaN,NaN,-1,-1,-1.7056,-0.5522,-13.344,-9.0368,2.6294,-9.6172,NaN,NaN,NaN,NaN,NaN
481.96,-11.61,-18.241,34.654,-2.0214,0.97588,-15.42,-9.0818,5.351,-9.6635,0,0,0,NaN,NaN,NaN,NaN,NaN,NaN,NaN,NaN,NaN,46.533,0.024486,3195.2,0.0058767,0.61046,2.1163,0.29698,0.049112,18.954,98732,21.938,-1.6976,-0.5678,-13.359,-9.2174,2.5184,-9.5817,NaN,NaN,NaN,NaN,NaN
481.96,-11.637,-18.244,34.605,-1.4818,-1.8721,-14.75,-9.7328,-2.8147,-9.2517,0.71706,0.27293,-0.83635,NaN,NaN,NaN,NaN,NaN,NaN,NaN,NaN,NaN,46.533,0.024486,3195.2,0.0058767,NaN,NaN,NaN,NaN,NaN,-1,-1,-1.6923,-0.56884,-13.382,-9.4628,2.5829,-9.504,NaN,NaN,NaN,NaN,NaN
481.97,-11.653,-18.24,34.581,-2.8047,0.19158,-15.889,-9.5729,3.5773,-9.1625,0,0,0,NaN,NaN,NaN,NaN,NaN,NaN,NaN,NaN,NaN,46.533,0.024486,3195.2,0.0058767,NaN,NaN,NaN,NaN,NaN,-1,-1,-1.6902,-0.59097,-13.414,-9.7429,2.6797,-9.4472,NaN,NaN,NaN,NaN,NaN
481.97,-11.67,-18.224,34.555,-0.054222,-0.059354,-14.204,-10.739,8.2136,-8.6315,0,0,0,NaN,NaN,NaN,NaN,NaN,NaN,NaN,NaN,NaN,46.533,0.024486,3195.2,0.0058767,NaN,NaN,NaN,NaN,18.78,98713,21.875,-1.6802,-0.57823,-13.416,-9.9565,2.6148,-9.3709,NaN,NaN,NaN,NaN,NaN
481.97,-11.685,-18.228,34.53,-2.7858,-0.20755,-9.6357,-9.5295,0.08411,-10.13,0,0,0,NaN,NaN,NaN,NaN,NaN,NaN,NaN,NaN,NaN,46.533,0.024486,3195.2,0.0058767,0.59239,2.2356,0.21665,NaN,NaN,-1,-1,-1.6783,-0.58,-13.456,-10.149,2.6488,-9.2915,NaN,NaN,NaN,NaN,NaN
481.97,-11.703,-18.234,34.508,-1.0564,-1.4522,-15.083,-10.088,-0.76312,-9.0329,0.70753,0.28052,-0.8372,NaN,NaN,NaN,NaN,NaN,NaN,NaN,NaN,NaN,46.533,0.024486,3195.2,0.0058767,NaN,NaN,NaN,0.097392,18.866,98721,21.875,-1.6734,-0.59339,-13.476,-10.301,2.4757,-9.2227,NaN,NaN,NaN,NaN,NaN
481.98,-11.72,-18.226,34.482,-1.8904,0.08858,-15.893,-10.65,4.784,-9.5097,0,0,0,NaN,NaN,NaN,NaN,NaN,NaN,NaN,NaN,NaN,46.533,0.024486,3195.2,0.0058767,NaN,NaN,NaN,NaN,NaN,-1,-1,-1.6745,-0.60443,-13.47,-10.472,2.4499,-9.1385,NaN,NaN,NaN,NaN,NaN
481.98,-11.737,-18.22,34.458,-2.586,-1.8753,-11.526,-10.233,4.3123,-9.1242,0,0,0,NaN,NaN,NaN,NaN,NaN,NaN,NaN,NaN,NaN,46.533,0.024486,3195.2,0.0058767,NaN,NaN,NaN,NaN,NaN,-1,-1,-1.6618,-0.60786,-13.494,-10.71,2.6174,-9.0555,NaN,NaN,NaN,NaN,NaN
481.98,-11.759,-18.225,34.437,-0.33728,-0.64654,-14.201,-11.957,-0.42261,-8.4362,0,0,0,NaN,NaN,NaN,NaN,NaN,NaN,NaN,NaN,NaN,46.533,0.024486,3195.2,0.0058767,NaN,NaN,NaN,NaN,18.756,98724,21.875,-1.669,-0.60862,-13.536,-10.912,2.6086,-9.0116,NaN,NaN,NaN,NaN,NaN
481.98,-11.779,-18.22,34.413,-1.9965,-0.24078,-14.974,-11.216,3.6546,-8.9726,0.70711,0.2707,-0.83494,NaN,NaN,NaN,NaN,NaN,NaN,NaN,NaN,NaN,46.533,0.024486,3195.2,0.0058767,NaN,NaN,NaN,NaN,NaN,-1,-1,-1.6645,-0.62039,-13.52,-11.096,2.4688,-8.9631,NaN,NaN,NaN,NaN,NaN
481.99,-11.795,-18.21,34.388,-1.8755,0.70812,-13.216,-9.9358,5.9471,-9.1206,0,0,0,NaN,NaN,NaN,NaN,NaN,NaN,NaN,NaN,NaN,46.533,0.024486,3195.2,0.0058767,0.60991,2.2482,0.23551,0.070755,NaN,-1,-1,-1.6476,-0.61601,-13.525,-11.274,2.411,-8.8945,NaN,NaN,NaN,NaN,NaN
481.99,-11.812,-18.212,34.366,-1.3579,-2.4654,-12.242,-10.071,0.48432,-8.7024,0,0,0,NaN,NaN,NaN,NaN,NaN,NaN,NaN,NaN,NaN,46.533,0.024486,3195.2,0.0058767,NaN,NaN,NaN,NaN,18.997,98732,21.938,-1.6564,-0.61354,-13.546,-11.483,2.539,-8.8259,NaN,NaN,NaN,NaN,NaN
481.99,-11.833,-18.215,34.345,-2.5232,-0.27874,-14.404,-11.307,0.4331,-8.5708,0,0,0,NaN,NaN,NaN,NaN,NaN,NaN,NaN,NaN,NaN,46.533,0.024486,3195.2,0.0058767,NaN,NaN,NaN,NaN,NaN,-1,-1,-1.6574,-0.63299,-13.538,-11.72,2.4916,-8.7309,NaN,NaN,NaN,NaN,NaN
481.99,-11.854,-18.202,34.321,-0.97958,0.008793,-15.566,-11.848,6.9526,-8.0507,0.7099,0.278,-0.83699,NaN,NaN,NaN,NaN,NaN,NaN,NaN,NaN,NaN,46.533,0.024486,3195.2,0.0058767,NaN,NaN,NaN,NaN,18.928,98715,21.813,-1.6481,-0.64021,-13.535,-12.33,2.4797,-8.8907,NaN,NaN,NaN,NaN,NaN
482,-11.894,-18.203,34.277,-2.2181,-1.2322,-14.027,-11.668,1.5982,-8.5892,0,0,0,NaN,NaN,NaN,NaN,NaN,NaN,NaN,NaN,NaN,46.533,0.024486,3195.2,0.0058767,NaN,NaN,NaN,NaN,NaN,-1,-1,-1.6349,-0.62218,-13.52,-12.35,2.6343,-8.7954,NaN,NaN,NaN,NaN,NaN
482,-11.917,-18.201,34.253,-1.3905,0.19852,-13.591,-12.337,2.2609,-9.1359,0,0,0,NaN,NaN,NaN,NaN,NaN,NaN,NaN,NaN,NaN,46.533,0.024486,3195.2,0.0058767,NaN,NaN,NaN,NaN,NaN,-1,-1,-1.6244,-0.6338,-13.508,-12.373,2.5586,-8.6815,NaN,NaN,NaN,NaN,NaN
482,-11.937,-18.202,34.231,-2.1784,-0.38864,-14.386,-11.181,1.3833,-8.6284,0.70954,0.27067,-0.83472,NaN,NaN,NaN,NaN,NaN,NaN,NaN,NaN,NaN,46.533,0.024486,3195.2,0.0058767,0.60115,2.1223,0.29941,0.050777,18.819,98720,21.813,-1.6237,-0.65219,-13.493,-12.412,2.4642,-8.5552,NaN,NaN,NaN,NaN,NaN
482,-11.988,-18.192,34.186,-1.3481,-0.799,-13.604,-13.857,2.5389,-8.4192,0,0,0,NaN,NaN,NaN,NaN,NaN,NaN,NaN,NaN,NaN,46.533,0.024486,3195.2,0.0058767,NaN,NaN,NaN,NaN,NaN,-1,-1,-1.6418,-0.65034,-13.504,-12.923,2.5886,-8.676,NaN,NaN,NaN,NaN,NaN
482.01,-12.013,-18.193,34.165,-1.2253,1.304,-14.122,-13.112,0.96486,-8.7532,0,0,0,NaN,NaN,NaN,NaN,NaN,NaN,NaN,NaN,NaN,46.533,0.024486,3195.2,0.0058767,NaN,NaN,NaN,NaN,18.887,98723,21.875,-1.6421,-0.66373,-13.493,-12.893,2.4956,-8.5586,NaN,NaN,NaN,NaN,NaN
482.01,-12.034,-18.189,34.141,-2.2439,-1.323,-13.463,-11.879,3.3497,-8.7509,0.70726,0.28076,-0.83262,NaN,NaN,NaN,NaN,NaN,NaN,NaN,NaN,NaN,46.533,0.024486,3195.2,0.0058767,0.60772,2.2434,0.23673,0.074917,NaN,-1,-1,-1.6437,-0.66864,-13.499,-12.805,2.2476,-8.4349,NaN,NaN,NaN,NaN,NaN
482.01,-12.059,-18.189,34.12,-1.6936,-1.9563,-14.211,-12.786,1.773,-8.301,0,0,0,NaN,NaN,NaN,NaN,NaN,NaN,NaN,NaN,NaN,46.533,0.024486,3195.2,0.0058767,NaN,NaN,NaN,NaN,19.336,98697,21.75,-1.6425,-0.66129,-13.486,-12.748,2.1886,-8.3155,NaN,NaN,NaN,NaN,NaN
482.01,-12.086,-18.188,34.1,-1.8301,0.17168,-13.564,-13.711,1.5737,-7.6099,0,0,0,NaN,NaN,NaN,NaN,NaN,NaN,NaN,NaN,NaN,46.533,0.024486,3195.2,0.0058767,NaN,NaN,NaN,NaN,NaN,-1,-1,-1.6377,-0.65883,-13.45,-12.81,2.3444,-8.1277,NaN,NaN,NaN,NaN,NaN
482.02,-12.113,-18.18,34.079,-1.0826,-0.44608,-15.759,-13.858,4.6598,-7.7316,0,0,0,NaN,NaN,NaN,NaN,NaN,NaN,NaN,NaN,NaN,46.533,0.024486,3195.2,0.0058767,NaN,NaN,NaN,NaN,NaN,-1,-1,-1.6422,-0.66637,-13.437,-12.808,2.1633,-8.0155,NaN,NaN,NaN,NaN,NaN
482.02,-12.139,-18.179,34.057,-2.9352,-0.65465,-11.747,-13.614,2.2256,-8.6638,0.6998,0.2759,-0.8333,NaN,NaN,NaN,NaN,NaN,NaN,NaN,NaN,NaN,46.533,0.024486,3195.2,0.0058767,NaN,NaN,NaN,NaN,18.976,98751,22,-1.6496,-0.66089,-13.442,-12.737,2.1914,-7.8977,NaN,NaN,NaN,NaN,NaN
482.02,-12.165,-18.179,34.037,-0.60367,-0.45853,-13.325,-13.333,1.3559,-7.6398,0,0,0,NaN,NaN,NaN,NaN,NaN,NaN,NaN,NaN,NaN,46.533,0.024486,3195.2,0.0058767,NaN,NaN,NaN,NaN,19.253,98742,21.938,-1.6424,-0.65248,-13.414,-12.767,1.9509,-7.7596,NaN,NaN,NaN,NaN,NaN
482.02,-12.192,-18.181,34.016,-2.1927,-0.22466,-15.62,-13.747,0.98182,-8.4178,0,0,0,NaN,NaN,NaN,NaN,NaN,NaN,NaN,NaN,NaN,46.533,0.024486,3195.2,0.0058767,0.59623,2.244,0.21847,0.091565,NaN,-1,-1,-1.6221,-0.6535,-13.295,-12.822,1.9676,-7.6315,NaN,NaN,NaN,NaN,NaN
482.03,-12.217,-18.178,33.995,-2.6556,-1.9338,-14.103,-13.263,2.5644,-8.0976,0,0,0,NaN,NaN,NaN,NaN,NaN,NaN,NaN,NaN,NaN,46.533,0.024486,3195.2,0.0058767,NaN,NaN,NaN,NaN,NaN,-1,-1,-1.6327,-0.65137,-13.276,-12.903,2.1071,-7.5115,NaN,NaN,NaN,NaN,NaN
482.03,-12.249,-18.172,33.974,-0.77169,-1.1848,-13.747,-15.778,3.9973,-7.6655,0.70731,0.27306,-0.83722,NaN,NaN,NaN,NaN,NaN,NaN,NaN,NaN,NaN,46.533,0.024486,3195.2,0.0058767,NaN,NaN,NaN,NaN,NaN,-1,-1,-1.6371,-0.65816,-13.264,-12.934,2.0289,-7.4294,NaN,NaN,NaN,NaN,NaN
482.03,-12.279,-18.174,33.955,-1.3591,0.024705,-12.512,-14.706,0.40881,-7.6523,0,0,0,NaN,NaN,NaN,NaN,NaN,NaN,NaN,NaN,NaN,46.533,0.024486,3195.2,0.0058767,NaN,NaN,NaN,NaN,18.514,98720,21.875,-1.6321,-0.67573,-13.227,-12.954,1.8414,-7.3078,NaN,NaN,NaN,NaN,NaN
482.03,-12.305,-18.174,33.934,-1.9567,0.10495,-15.875,-13.295,1.6856,-8.3703,0,0,0,NaN,NaN,NaN,NaN,NaN,NaN,NaN,NaN,NaN,46.533,0.024486,3195.2,0.0058767,0.59239,2.105,0.29211,NaN,NaN,-1,-1,-1.6374,-0.6685,-13.236,-13.065,1.8448,-7.1931,NaN,NaN,NaN,NaN,NaN
482.04,-12.358,-18.166,33.895,-1.7574,0.26651,-13.407,-13.851,2.8722,-7.2209,0.717,0.27554,-0.83405,NaN,NaN,NaN,NaN,NaN,NaN,NaN,NaN,NaN,46.533,0.024486,3195.2,0.0058767,NaN,NaN,NaN,0.047447,NaN,-1,-1,-1.6242,-0.6641,-13.11,-13.147,1.9865,-7.0766,NaN,NaN,NaN,NaN,NaN
482.04,-12.386,-18.166,33.877,-1.4373,-1.1901,-14.335,-14.077,1.5273,-7.1734,0,0,0,NaN,NaN,NaN,NaN,NaN,NaN,NaN,NaN,NaN,46.533,0.024486,3195.2,0.0058767,NaN,NaN,NaN,NaN,19.209,98714,21.813,-1.6139,-0.66198,-13.063,-13.283,1.9282,-6.9584,NaN,NaN,NaN,NaN,NaN
482.04,-12.416,-18.164,33.857,-1.6175,-0.63845,-13.719,-14.863,2.4267,-7.6471,0,0,0,NaN,NaN,NaN,NaN,NaN,NaN,NaN,NaN,NaN,46.533,0.024486,3195.2,0.0058767,NaN,NaN,NaN,NaN,NaN,-1,-1,-1.6207,-0.66995,-13.049,-13.358,1.7873,-6.87,NaN,NaN,NaN,NaN,NaN
482.04,-12.445,-18.159,33.837,-2.3721,-0.58812,-13.05,-14.524,3.1249,-7.3089,0,0,0,NaN,NaN,NaN,NaN,NaN,NaN,NaN,NaN,NaN,46.533,0.024486,3195.2,0.0058767,NaN,NaN,NaN,NaN,19.213,98770,22.063,-1.6157,-0.68495,-13.019,-13.438,1.9626,-6.7882,NaN,NaN,NaN,NaN,NaN
482.05,-12.501,-18.162,33.798,-1.9971,-1.451,-14.528,-13.822,0.23675,-8.0833,0,0,0,NaN,NaN,NaN,NaN,NaN,NaN,NaN,NaN,NaN,46.533,0.024486,3195.2,0.0058767,0.60718,2.2309,0.23369,0.079079,NaN,-1,-1,-1.6124,-0.67901,-12.977,-13.521,1.9432,-6.6915,NaN,NaN,NaN,NaN,NaN
482.05,0,0,0,0,0,0,0,0,0,0,0,0,NaN,NaN,NaN,NaN,NaN,NaN,NaN,NaN,NaN,46.533,0.024486,3195.2,0.0058767,NaN,NaN,NaN,NaN,NaN,-1,-1,-1.6216,-0.66677,-12.99,-13.653,1.8699,-6.6005,NaN,NaN,NaN,NaN,NaN
482.05,-12.564,-18.156,33.761,-1.425,0.32328,-15.346,-14.825,0.72221,-7.6782,0,0,0,NaN,NaN,NaN,NaN,NaN,NaN,NaN,NaN,NaN,46.533,0.024486,3195.2,0.0058767,NaN,NaN,NaN,NaN,19.213,98750,22,-1.6269,-0.6719,-12.962,-13.791,2.0463,-6.5128,NaN,NaN,NaN,NaN,NaN
482.05,-12.594,-18.151,33.741,-0.97966,-0.41641,-11.992,-14.9,3.442,-7.2707,0.72431,0.27544,-0.83339,NaN,NaN,NaN,NaN,NaN,NaN,NaN,NaN,NaN,46.533,0.024486,3195.2,0.0058767,NaN,NaN,NaN,NaN,NaN,-1,-1,-1.6271,-0.68203,-12.906,-13.863,1.9787,-6.4388,NaN,NaN,NaN,NaN,NaN
482.06,-12.654,-18.151,33.705,-2.5381,-0.99528,-13.838,-14.669,-0.33449,-7.239,0,0,0,NaN,NaN,NaN,NaN,NaN,NaN,NaN,NaN,NaN,46.533,0.024486,3195.2,0.0058767,NaN,NaN,NaN,NaN,NaN,-1,-1,-1.6392,-0.66846,-12.92,-14.006,1.9758,-6.3639,NaN,NaN,NaN,NaN,NaN
482.06,0,0,0,0,0,0,0,0,0,0,0,0,NaN,NaN,NaN,NaN,NaN,NaN,NaN,NaN,NaN,46.533,0.024486,3195.2,0.0058767,0.58856,2.2356,0.22395,0.094062,18.951,98728,21.875,-1.6462,-0.66567,-12.917,-14.079,2.0151,-6.2779,NaN,NaN,NaN,NaN,NaN
482.06,-12.685,-18.147,33.689,-1.5084,0.02277,-13.286,-14.669,2.994,-5.94,0,0,0,NaN,NaN,NaN,NaN,NaN,NaN,NaN,NaN,NaN,46.533,NaN,3266.6,0.0058767,NaN,NaN,NaN,NaN,NaN,-1,-1,-1.6317,-0.66357,-12.847,-14.225,2.0006,-6.1952,NaN,NaN,NaN,NaN,NaN
482.06,-12.72,-18.139,33.671,-0.88293,-1.638,-13.373,-16.793,4.5159,-6.5346,0.70023,0.28571,-0.83556,NaN,NaN,NaN,NaN,NaN,NaN,NaN,NaN,NaN,46.533,NaN,3266.6,0.0058767,NaN,NaN,NaN,NaN,19.164,98725,21.813,-1.6487,-0.65204,-12.849,-14.313,1.9002,-6.1395,NaN,NaN,NaN,NaN,NaN
482.07,-12.786,-18.135,33.635,-1.0956,-0.49202,-12.506,-16.031,4.3341,-6.4514,0,0,0,NaN,NaN,NaN,NaN,NaN,NaN,NaN,NaN,NaN,46.533,NaN,3266.6,0.0058767,NaN,NaN,NaN,NaN,NaN,-1,-1,-1.6504,-0.65502,-12.807,-14.38,1.9453,-6.0932,NaN,NaN,NaN,NaN,NaN
482.07,-12.817,-18.138,33.618,-1.698,-0.58741,-13.26,-15.091,0.18237,-7.1993,0,0,0,NaN,NaN,NaN,NaN,NaN,NaN,NaN,NaN,NaN,46.533,NaN,3266.6,0.0058767,0.60006,2.235,0.23369,0.068258,NaN,-1,-1,-1.662,-0.64896,-12.797,-14.488,1.9699,-6.0188,NaN,NaN,NaN,NaN,NaN
482.07,-12.862,-18.142,33.592,-2.9778,-1.9355,-12.879,-16.638,1.7925,-6.5375,0.7051,0.28564,-0.83512,13.953,16.942,-5.9041,22.728,40.058,-88.55,3.6778e+05,4.4354e+06,331,46.533,0,3266.6,0.0058767,0.60006,2.235,0.23369,0.068258,18.972,98736,21.875,-1.6555,-0.64073,-12.754,-14.63,1.886,-5.9403,22.586,2.4573,-0.65694,-1.6661,6.2067
482.07,-12.901,-18.137,33.575,-0.68504,-0.82715,-13.565,-18.261,3.0414,-6.3189,0,0,0,NaN,NaN,NaN,NaN,NaN,NaN,NaN,NaN,NaN,46.533,0,3266.6,0.0058767,NaN,NaN,NaN,NaN,NaN,-1,-1,-1.6505,-0.63759,-12.688,-14.716,1.8684,-5.8921,NaN,NaN,NaN,NaN,NaN
482.08,-12.935,-18.134,33.558,-1.4504,0.47738,-11.983,-16.276,2.8608,-6.6148,0,0,0,NaN,NaN,NaN,NaN,NaN,NaN,NaN,NaN,NaN,46.533,0,3266.6,0.0058767,NaN,NaN,NaN,NaN,NaN,-1,-1,-1.6505,-0.63184,-12.661,-14.785,2.0729,-5.8479,NaN,NaN,NaN,NaN,NaN
482.08,-12.998,-18.133,33.523,-1.9065,-0.94562,-12.276,-15.441,1.0624,-6.3034,0.70998,0.28558,-0.83468,NaN,NaN,NaN,NaN,NaN,NaN,NaN,NaN,NaN,46.533,0,3266.6,0.0058767,NaN,NaN,NaN,NaN,19.32,98769,22.063,-1.6694,-0.63752,-12.736,-14.825,2.016,-5.7828,NaN,NaN,NaN,NaN,NaN
482.08,-13.032,-18.129,33.509,-1.9026,0.1019,-12.803,-15.855,2.7643,-5.4318,0,0,0,NaN,NaN,NaN,NaN,NaN,NaN,NaN,NaN,NaN,46.533,0,3266.6,0.0058767,NaN,NaN,NaN,NaN,NaN,-1,-1,-1.6736,-0.64943,-12.675,-14.876,1.8283,-5.7381,NaN,NaN,NaN,NaN,NaN
482.08,-13.067,-18.128,33.494,-1.1406,-1.3512,-12.958,-16.252,1.5819,-5.7771,0,0,0,NaN,NaN,NaN,NaN,NaN,NaN,NaN,NaN,NaN,46.533,0,3266.6,0.0058767,NaN,NaN,NaN,NaN,18.909,98741,21.938,-1.6773,-0.63911,-12.64,-14.92,1.9855,-5.6872,NaN,NaN,NaN,NaN,NaN
482.09,-13.104,-18.122,33.478,-2.3598,-1.1791,-13.598,-17.25,3.5268,-5.9929,0,0,0,NaN,NaN,NaN,NaN,NaN,NaN,NaN,NaN,NaN,46.533,0,3266.6,0.0058767,NaN,NaN,NaN,NaN,NaN,-1,-1,-1.6865,-0.62568,-12.607,-15.018,2.1607,-5.636,NaN,NaN,NaN,NaN,NaN
482.09,-13.136,-18.116,33.46,-1.8466,0.12476,-10.67,-15.143,3.6035,-6.4296,0.71493,0.29308,-0.83193,NaN,NaN,NaN,NaN,NaN,NaN,NaN,NaN,NaN,46.533,0,3266.6,0.0058767,NaN,NaN,NaN,NaN,NaN,-1,-1,-1.7064,-0.63802,-12.671,-15.025,1.9914,-5.6016,NaN,NaN,NaN,NaN,NaN
482.09,-13.169,-18.121,33.446,-1.4096,-0.92821,-12.164,-15.408,-0.65604,-6.3396,0,0,0,NaN,NaN,NaN,NaN,NaN,NaN,NaN,NaN,NaN,46.533,0,3266.6,0.0058767,NaN,NaN,NaN,NaN,18.846,98772,22.063,-1.7077,-0.63944,-12.634,-15.008,1.9601,-5.5824,NaN,NaN,NaN,NaN,NaN
482.09,-13.202,-18.124,33.432,-2.43,-1.8119,-13.507,-15.456,-0.0083079,-5.7843,0,0,0,NaN,NaN,NaN,NaN,NaN,NaN,NaN,NaN,NaN,46.533,0,3266.6,0.0058767,NaN,NaN,NaN,NaN,NaN,-1,-1,-1.7313,-0.64059,-12.622,-15.026,2.0836,-5.508,NaN,NaN,NaN,NaN,NaN
482.1,-13.237,-18.11,33.415,-1.7221,-0.99939,-11.999,-16.682,6.6829,-5.4163,0,0,0,NaN,NaN,NaN,NaN,NaN,NaN,NaN,NaN,NaN,46.533,0,3266.6,0.0058767,0.59568,2.1091,0.29332,NaN,NaN,-1,-1,-1.7309,-0.64308,-12.593,-15.044,2.1077,-5.4719,NaN,NaN,NaN,NaN,NaN
482.1,-13.27,-18.112,33.402,-1.3576,-0.60447,-12.238,-15.08,0.40783,-5.4272,0.70714,0.28598,-0.82803,NaN,NaN,NaN,NaN,NaN,NaN,NaN,NaN,NaN,46.533,0,3266.6,0.0058767,NaN,NaN,NaN,0.047447,18.947,98715,21.75,-1.7386,-0.64721,-12.554,-15.049,2.1042,-5.4601,NaN,NaN,NaN,NaN,NaN
482.1,-13.301,-18.113,33.389,-1.906,-0.71156,-12.711,-14.558,0.66091,-5.5336,0,0,0,NaN,NaN,NaN,NaN,NaN,NaN,NaN,NaN,NaN,46.533,0,3266.6,0.0058767,NaN,NaN,NaN,NaN,NaN,-1,-1,-1.7473,-0.64493,-12.499,-15.011,2.2415,-5.4413,NaN,NaN,NaN,NaN,NaN
482.1,-13.36,-18.103,33.36,-2.4224,-0.86882,-11.66,-13.686,1.6507,-5.2591,0,0,0,NaN,NaN,NaN,NaN,NaN,NaN,NaN,NaN,NaN,46.533,0,3266.6,0.0058767,NaN,NaN,NaN,NaN,19.081,98746,21.938,-1.7598,-0.65695,-12.469,-14.97,2.176,-5.4475,NaN,NaN,NaN,NaN,NaN
482.11,-13.389,-18.103,33.349,-1.6017,-0.91134,-11.839,-13.505,0.87496,-4.5204,0.71737,0.29305,-0.83171,NaN,NaN,NaN,NaN,NaN,NaN,NaN,NaN,NaN,46.533,0,3266.6,0.0058767,NaN,NaN,NaN,NaN,NaN,-1,-1,-1.7538,-0.65316,-12.42,-14.415,2.0389,-5.1622,NaN,NaN,NaN,NaN,NaN
482.11,-13.421,-18.097,33.337,-1.1043,-0.79189,-13.946,-14.877,3.3429,-4.4777,0,0,0,NaN,NaN,NaN,NaN,NaN,NaN,NaN,NaN,NaN,46.533,0,3266.6,0.0058767,NaN,NaN,NaN,NaN,NaN,-1,-1,-1.7606,-0.64483,-12.362,-14.286,2.0936,-5.1202,NaN,NaN,NaN,NaN,NaN
482.11,-13.475,-18.089,33.309,-0.74105,-1.1709,-10.996,-12.983,2.2219,-5.1029,0,0,0,NaN,NaN,NaN,NaN,NaN,NaN,NaN,NaN,NaN,46.533,0,3266.6,0.0058767,0.59842,2.235,0.23186,0.07242,18.995,98728,21.875,-1.7611,-0.6432,-12.344,-14.123,2.2217,-5.0781,NaN,NaN,NaN,NaN,NaN
482.11,-13.503,-18.092,33.297,-2.0225,-0.66168,-12.079,-13.21,-0.18409,-5.0974,0.71418,0.28613,-0.8228,NaN,NaN,NaN,NaN,NaN,NaN,NaN,NaN,NaN,46.533,0,3266.6,0.0058767,NaN,NaN,NaN,NaN,NaN,-1,-1,-1.7661,-0.66412,-12.293,-13.955,1.9753,-5.0314,NaN,NaN,NaN,NaN,NaN
482.12,-13.531,-18.089,33.284,-2.6375,-1.0076,-13.888,-13.2,2.3802,-4.8846,0,0,0,NaN,NaN,NaN,NaN,NaN,NaN,NaN,NaN,NaN,46.533,0,3266.6,0.0058767,NaN,NaN,NaN,NaN,NaN,-1,-1,-1.7744,-0.65743,-12.222,-13.261,1.8752,-4.7213,NaN,NaN,NaN,NaN,NaN
482.12,-13.561,-18.082,33.272,-1.4425,-1.3325,-11.675,-13.947,3.5324,-4.4904,0,0,0,NaN,NaN,NaN,NaN,NaN,NaN,NaN,NaN,NaN,46.533,0,3266.6,0.0058767,NaN,NaN,NaN,NaN,18.555,98721,21.813,-1.7686,-0.65381,-12.193,-13.02,2.1249,-4.5737,NaN,NaN,NaN,NaN,NaN
482.12,-13.589,-18.08,33.261,-1.0834,0.36962,-10.621,-12.877,1.7305,-4.3017,0,0,0,NaN,NaN,NaN,NaN,NaN,NaN,NaN,NaN,NaN,46.533,0,3266.6,0.0058767,NaN,NaN,NaN,NaN,19.039,98721,21.875,-1.7828,-0.64868,-12.155,-12.849,2.0924,-4.4522,NaN,NaN,NaN,NaN,NaN
482.12,-13.614,-18.08,33.249,-2.171,-0.65046,-14.211,-11.785,0.71792,-4.8138,0.71194,0.28343,-0.8276,NaN,NaN,NaN,NaN,NaN,NaN,NaN,NaN,NaN,46.533,0,3266.6,0.0058767,0.59623,2.2344,0.22456,0.09656,NaN,-1,-1,-1.7904,-0.65242,-12.088,-12.629,1.9572,-4.3547,NaN,NaN,NaN,NaN,NaN
482.13,-13.636,-18.073,33.237,-2.5732,-0.56557,-11.643,-10.934,3.744,-4.2708,0,0,0,NaN,NaN,NaN,NaN,NaN,NaN,NaN,NaN,NaN,46.533,0,3266.6,0.0058767,NaN,NaN,NaN,NaN,NaN,-1,-1,-1.7827,-0.65882,-12.05,-12.401,2.1548,-4.2656,NaN,NaN,NaN,NaN,NaN
482.13,-13.662,-18.061,33.226,-1.4207,-1.6194,-10.861,-12.178,5.689,-3.3227,0,0,0,NaN,NaN,NaN,NaN,NaN,NaN,NaN,NaN,NaN,46.533,0,3266.6,0.0058767,NaN,NaN,NaN,NaN,NaN,-1,-1,-1.7943,-0.64794,-12.041,-12.239,2.2346,-4.1718,NaN,NaN,NaN,NaN,NaN
482.13,-13.689,-18.071,33.219,-1.0979,-0.4919,-11.537,-11.98,-3.2502,-4.106,0,0,0,NaN,NaN,NaN,NaN,NaN,NaN,NaN,NaN,NaN,46.533,0,3266.6,0.0058767,NaN,NaN,NaN,NaN,18.95,98738,21.875,-1.7991,-0.64931,-11.967,-12.137,2.0126,-4.0603,NaN,NaN,NaN,NaN,NaN
482.13,-13.715,-18.064,33.208,-3.0703,-0.05135,-14.858,-12.049,3.2223,-3.763,0.70938,0.28868,-0.82323,NaN,NaN,NaN,NaN,NaN,NaN,NaN,NaN,NaN,46.533,0,3266.6,0.0058767,NaN,NaN,NaN,NaN,NaN,-1,-1,-1.7905,-0.63864,-11.911,-12.029,2.1716,-3.9502,NaN,NaN,NaN,NaN,NaN
482.14,-13.738,-18.049,33.194,-1.5679,-1.23,-9.8233,-11.591,7.3036,-3.9874,0,0,0,NaN,NaN,NaN,NaN,NaN,NaN,NaN,NaN,NaN,46.533,0,3266.6,0.0058767,NaN,NaN,NaN,NaN,NaN,-1,-1,-1.8005,-0.63481,-11.891,-11.881,2.3349,-3.8516,NaN,NaN,NaN,NaN,NaN
482.14,-13.761,-18.053,33.186,-1.2131,0.3733,-10.354,-10.681,-1.2847,-4.0312,0,0,0,NaN,NaN,NaN,NaN,NaN,NaN,NaN,NaN,NaN,46.533,0,3266.6,0.0058767,NaN,NaN,NaN,NaN,19.104,98762,22,-1.8088,-0.64647,-11.826,-11.71,2.2251,-3.7446,NaN,NaN,NaN,NaN,NaN
482.14,-13.786,-18.057,33.178,-2.9507,-1.3636,-14.447,-11.076,-0.79051,-3.7157,0,0,0,NaN,NaN,NaN,NaN,NaN,NaN,NaN,NaN,NaN,46.533,0,3266.6,0.0058767,NaN,NaN,NaN,NaN,19.526,98718,21.813,-1.8126,-0.64745,-11.77,-11.62,2.3085,-3.6449,NaN,NaN,NaN,NaN,NaN
482.14,-13.813,-18.043,33.167,-1.6111,-1.0328,-12.438,-12.689,6.1353,-3.2033,0.70695,0.29381,-0.82115,NaN,NaN,NaN,NaN,NaN,NaN,NaN,NaN,NaN,46.533,0,3266.6,0.0058767,NaN,NaN,NaN,NaN,NaN,-1,-1,-1.8186,-0.63457,-11.734,-11.621,2.3715,-3.5537,NaN,NaN,NaN,NaN,NaN
482.15,-13.838,-18.036,33.156,-1.1626,0.40618,-11.081,-11.78,3.709,-3.5747,0,0,0,NaN,NaN,NaN,NaN,NaN,NaN,NaN,NaN,NaN,46.533,0,3266.6,0.0058767,NaN,NaN,NaN,NaN,NaN,-1,-1,-1.8178,-0.62794,-11.712,-11.569,2.3664,-3.4916,NaN,NaN,NaN,NaN,NaN
482.15,-13.861,-18.037,33.146,-2.1798,-1.2757,-10.886,-10.758,0.29244,-4.3058,0,0,0,NaN,NaN,NaN,NaN,NaN,NaN,NaN,NaN,NaN,46.533,0,3266.6,0.0058767,0.59568,2.2326,0.21482,0.085738,NaN,-1,-1,-1.8196,-0.62642,-11.671,-11.486,2.3407,-3.4282,NaN,NaN,NaN,NaN,NaN
482.15,-13.883,-18.035,33.138,-1.928,-0.37363,-13.144,-10.441,1.7279,-3.2023,0,0,0,NaN,NaN,NaN,NaN,NaN,NaN,NaN,NaN,NaN,46.533,0,3266.6,0.0058767,NaN,NaN,NaN,NaN,19.271,98722,21.813,-1.8212,-0.62583,-11.646,-11.453,2.2645,-3.3456,NaN,NaN,NaN,NaN,NaN
482.15,-13.93,-18.018,33.12,-0.98651,-0.87455,-10.599,-11.263,3.5746,-2.9732,0,0,0,NaN,NaN,NaN,NaN,NaN,NaN,NaN,NaN,NaN,46.533,0,3266.6,0.0058767,NaN,NaN,NaN,NaN,NaN,-1,-1,-1.8231,-0.62707,-11.586,-11.514,2.4379,-3.2512,NaN,NaN,NaN,NaN,NaN
482.16,-13.958,-18.019,33.114,-1.9415,-1.1578,-12.221,-12.153,0.18461,-2.8996,0,0,0,NaN,NaN,NaN,NaN,NaN,NaN,NaN,NaN,NaN,46.533,0,3266.6,0.0058767,NaN,NaN,NaN,NaN,NaN,-1,-1,-1.8273,-0.61161,-11.53,-11.507,2.3881,-3.1667,NaN,NaN,NaN,NaN,NaN
482.16,-13.982,-18.012,33.105,-2.631,-0.32541,-13.261,-11.385,3.2138,-3.0814,0,0,0,NaN,NaN,NaN,NaN,NaN,NaN,NaN,NaN,NaN,46.533,0,3266.6,0.0058767,NaN,NaN,NaN,NaN,19.231,98752,21.938,-1.8109,-0.59928,-11.467,-11.504,2.3727,-3.1051,NaN,NaN,NaN,NaN,NaN
482.16,-14.006,-18.001,33.095,-1.6413,0.00844,-11.048,-11.049,5.1517,-3.1195,0.71244,0.30082,-0.82755,NaN,NaN,NaN,NaN,NaN,NaN,NaN,NaN,NaN,46.533,0,3266.6,0.0058767,0.59568,2.1109,0.29332,NaN,NaN,-1,-1,-1.8259,-0.59468,-11.454,-11.5,2.2705,-3.0225,NaN,NaN,NaN,NaN,NaN
482.16,-14.031,-18.002,33.089,-1.509,-1.215,-9.5579,-11.295,-0.18782,-2.8526,0,0,0,NaN,NaN,NaN,NaN,NaN,NaN,NaN,NaN,NaN,46.533,0,3266.6,0.0058767,NaN,NaN,NaN,0.054939,19.012,98715,21.75,-1.8354,-0.59926,-11.374,-11.492,2.3721,-2.9313,NaN,NaN,NaN,NaN,NaN
482.17,-14.059,-18.004,33.084,-2.3206,-0.6929,-14.748,-12.357,-0.19498,-2.56,0,0,0,NaN,NaN,NaN,NaN,NaN,NaN,NaN,NaN,NaN,46.533,0,3266.6,0.0058767,NaN,NaN,NaN,NaN,NaN,-1,-1,-1.8452,-0.5925,-11.363,-11.545,2.474,-2.8662,NaN,NaN,NaN,NaN,NaN
482.17,-14.086,-17.987,33.073,-2.3871,-0.31932,-12.83,-12.358,7.4318,-2.7638,0,0,0,NaN,NaN,NaN,NaN,NaN,NaN,NaN,NaN,NaN,46.533,0,3266.6,0.0058767,NaN,NaN,NaN,NaN,NaN,-1,-1,-1.8578,-0.59476,-11.358,-11.492,2.3977,-2.8051,NaN,NaN,NaN,NaN,NaN
482.17,-14.112,-17.979,33.065,-0.93016,-0.063911,-8.2019,-11.796,3.584,-2.7454,0.70988,0.30607,-0.82318,NaN,NaN,NaN,NaN,NaN,NaN,NaN,NaN,NaN,46.533,NaN,3312.3,0.0053322,NaN,NaN,NaN,NaN,19.208,98719,21.813,-1.8534,-0.58001,-11.273,-11.439,2.4001,-2.7514,NaN,NaN,NaN,NaN,NaN
482.17,-14.137,-17.992,33.061,-1.5495,-0.47864,-12.815,-11.082,-4.6844,-3.0517,0,0,0,NaN,NaN,NaN,NaN,NaN,NaN,NaN,NaN,NaN,46.533,NaN,3312.3,0.0053322,0.61156,2.2386,0.23429,0.073252,NaN,-1,-1,-1.8669,-0.58292,-11.22,-11.417,2.4636,-2.6926,NaN,NaN,NaN,NaN,NaN
482.18,-14.161,-17.981,33.052,-3.4082,-0.56799,-15.09,-11.113,5.1911,-2.8473,0,0,0,NaN,NaN,NaN,NaN,NaN,NaN,NaN,NaN,NaN,46.533,NaN,3312.3,0.0053322,NaN,NaN,NaN,NaN,NaN,-1,-1,-1.866,-0.58313,-11.242,-11.443,2.4689,-2.6174,NaN,NaN,NaN,NaN,NaN
482.18,-14.187,-17.958,33.041,-1.4654,-0.2201,-8.6706,-12.067,9.7472,-2.0076,0,0,0,NaN,NaN,NaN,NaN,NaN,NaN,NaN,NaN,NaN,46.533,NaN,3312.3,0.0053322,NaN,NaN,NaN,NaN,19.036,98758,21.938,-1.8797,-0.56929,-11.198,-11.437,2.5137,-2.5446,NaN,NaN,NaN,NaN,NaN
482.18,-14.214,-17.969,33.038,-0.63646,-1.02,-9.375,-11.54,-4.2475,-2.5478,0.70988,0.30607,-0.82318,NaN,NaN,NaN,NaN,NaN,NaN,NaN,NaN,NaN,46.533,0.024486,3312.3,0.0053322,NaN,NaN,NaN,NaN,NaN,-1,-1,-1.8816,-0.56355,-11.122,-11.359,2.5522,-2.5046,NaN,NaN,NaN,NaN,NaN
482.18,-14.24,-17.971,33.034,-3.3316,0.001731,-15.376,-11.342,-0.38938,-2.1391,0,0,0,NaN,NaN,NaN,NaN,NaN,NaN,NaN,NaN,NaN,46.533,0.024486,3312.3,0.0053322,NaN,NaN,NaN,NaN,19.211,98764,22,-1.8802,-0.55025,-11.111,-11.238,2.5113,-2.4615,NaN,NaN,NaN,NaN,NaN
482.19,-14.265,-17.946,33.022,-2.2789,-0.37618,-11.023,-11.796,10.583,-2.5023,0,0,0,NaN,NaN,NaN,NaN,NaN,NaN,NaN,NaN,NaN,46.533,0.024486,3312.3,0.0053322,NaN,NaN,NaN,NaN,NaN,-1,-1,-1.9064,-0.55428,-11.098,-11.213,2.669,-2.362,NaN,NaN,NaN,NaN,NaN
482.19,-14.288,-17.948,33.016,-0.9451,-0.10956,-7.4955,-10.531,-0.19383,-2.947,0,0,0,NaN,NaN,NaN,NaN,NaN,NaN,NaN,NaN,NaN,46.533,0.024486,3312.3,0.0053322,0.6685,2.136,0.29272,0.0049945,NaN,-1,-1,-1.9061,-0.55719,-11.031,-11.152,2.5895,-2.307,NaN,NaN,NaN,NaN,NaN
482.19,-14.314,-17.956,33.012,-2.4708,-1.4998,-13.62,-11.161,-3.0406,-2.5156,0.71929,0.3037,-0.81773,NaN,NaN,NaN,NaN,NaN,NaN,NaN,NaN,NaN,46.533,0.024486,3312.3,0.0053322,NaN,NaN,NaN,NaN,19.104,98762,22,-1.9028,-0.55654,-10.994,-11.074,2.5843,-2.2541,NaN,NaN,NaN,NaN,NaN
482.19,-14.342,-17.94,33.004,-2.0732,-0.072187,-13.738,-12.719,6.687,-1.9148,0,0,0,NaN,NaN,NaN,NaN,NaN,NaN,NaN,NaN,NaN,46.533,0.024486,3312.3,0.0053322,NaN,NaN,NaN,NaN,NaN,-1,-1,-1.911,-0.54427,-11.019,-10.97,2.7401,-2.2061,NaN,NaN,NaN,NaN,NaN
482.2,-14.393,-17.934,32.993,-1.7265,-1.0545,-9.8122,-11.355,-0.036555,-1.9753,0,0,0,NaN,NaN,NaN,NaN,NaN,NaN,NaN,NaN,NaN,46.533,0.024486,3312.3,0.0053322,NaN,NaN,NaN,NaN,NaN,-1,-1,-1.9094,-0.54819,-10.945,-10.795,2.7305,-2.1559,NaN,NaN,NaN,NaN,NaN
482.2,-14.415,-17.928,32.987,-2.8114,0.3453,-13.248,-10.148,2.3596,-1.9745,0.70307,0.31847,-0.82609,NaN,NaN,NaN,NaN,NaN,NaN,NaN,NaN,NaN,46.533,0.024486,3312.3,0.0053322,0.59513,2.1169,0.30184,0.034961,19.015,98714,21.813,-1.9097,-0.56372,-10.907,-10.643,2.5391,-2.0816,NaN,NaN,NaN,NaN,NaN
482.2,-14.437,-17.917,32.981,-1.8825,0.075985,-10.398,-9.9338,5.1206,-1.6636,0,0,0,NaN,NaN,NaN,NaN,NaN,NaN,NaN,NaN,NaN,46.533,0.024486,3312.3,0.0053322,NaN,NaN,NaN,NaN,19.184,98732,21.813,-1.923,-0.53616,-10.936,-10.568,2.7457,-1.9956,NaN,NaN,NaN,NaN,NaN
482.2,-14.489,-17.911,32.973,-2.8589,-0.83469,-11.701,-11.479,1.5626,-1.7912,0,0,0,NaN,NaN,NaN,NaN,NaN,NaN,NaN,NaN,NaN,46.533,0.024486,3312.3,0.0053322,NaN,NaN,NaN,NaN,NaN,-1,-1,-1.9305,-0.53,-10.901,-10.435,2.8084,-1.9322,NaN,NaN,NaN,NaN,NaN
482.21,-14.512,-17.904,32.966,-1.769,0.37215,-11.37,-10.484,3.1624,-2.0047,0.70287,0.3212,-0.82151,NaN,NaN,NaN,NaN,NaN,NaN,NaN,NaN,NaN,46.533,0.024486,3312.3,0.0053322,NaN,NaN,NaN,NaN,NaN,-1,-1,-1.93,-0.51784,-10.864,-10.24,2.5979,-1.8984,NaN,NaN,NaN,NaN,NaN
482.21,-14.532,-17.898,32.96,-1.9697,-0.77001,-11.669,-9.2893,2.7649,-2.155,0,0,0,NaN,NaN,NaN,NaN,NaN,NaN,NaN,NaN,NaN,46.533,0.024486,3312.3,0.0053322,NaN,NaN,NaN,NaN,NaN,-1,-1,-1.9428,-0.49925,-10.882,-10.068,2.5731,-1.8237,NaN,NaN,NaN,NaN,NaN
482.21,-14.555,-17.89,32.954,-2.2703,-1.7284,-9.101,-10.121,3.6517,-2.0364,0,0,0,NaN,NaN,NaN,NaN,NaN,NaN,NaN,NaN,NaN,46.533,0.024486,3312.3,0.0053322,0.60718,2.2493,0.22882,0.07242,18.992,98722,21.813,-1.9501,-0.50235,-10.828,-9.8864,2.6982,-1.7486,NaN,NaN,NaN,NaN,NaN
482.21,-14.603,-17.886,32.947,-2.033,0.34243,-13.086,-9.7553,2.6687,-1.6118,0.70257,0.30617,-0.82384,NaN,NaN,NaN,NaN,NaN,NaN,NaN,NaN,NaN,46.533,0.024486,3312.3,0.0053322,NaN,NaN,NaN,NaN,NaN,-1,-1,-1.9452,-0.51403,-10.769,-9.7693,2.5314,-1.6811,NaN,NaN,NaN,NaN,NaN
482.22,-14.621,-17.871,32.938,-1.7883,-1.4163,-10.159,-8.9215,6.469,-2.1453,0,0,0,NaN,NaN,NaN,NaN,NaN,NaN,NaN,NaN,NaN,46.533,0.024486,3312.3,0.0053322,NaN,NaN,NaN,NaN,NaN,-1,-1,-1.9576,-0.49325,-10.749,-9.6045,2.4232,-1.6277,NaN,NaN,NaN,NaN,NaN
482.22,-14.641,-17.873,32.935,-1.8238,0.11919,-9.6961,-8.6679,-0.54717,-1.7845,0,0,0,NaN,NaN,NaN,NaN,NaN,NaN,NaN,NaN,NaN,46.533,0.024486,3312.3,0.0053322,NaN,NaN,NaN,NaN,18.883,98730,21.813,-1.9501,-0.49245,-10.702,-9.5988,2.577,-1.5751,NaN,NaN,NaN,NaN,NaN
482.22,-14.66,-17.87,32.933,-2.8003,-0.58264,-12.519,-8.1813,1.3877,-0.88253,0,0,0,NaN,NaN,NaN,NaN,NaN,NaN,NaN,NaN,NaN,46.533,0.024486,3312.3,0.0053322,NaN,NaN,NaN,NaN,NaN,-1,-1,-1.9617,-0.49899,-10.638,-9.3383,2.5017,-1.5109,NaN,NaN,NaN,NaN,NaN
482.22,-14.68,-17.856,32.927,-1.1774,-0.96053,-11.477,-9.4607,5.9529,-1.3639,0.70948,0.30645,-0.81631,NaN,NaN,NaN,NaN,NaN,NaN,NaN,NaN,NaN,46.533,0.024486,3312.3,0.0053322,NaN,NaN,NaN,0.11404,19.014,98763,21.938,-1.959,-0.50184,-10.659,-9.144,2.2769,-1.4226,NaN,NaN,NaN,NaN,NaN
482.23,-14.703,-17.853,32.924,-2.1021,-0.45474,-8.9407,-9.7126,1.1084,-1.2567,0,0,0,NaN,NaN,NaN,NaN,NaN,NaN,NaN,NaN,NaN,46.533,0.024486,3312.3,0.0053322,NaN,NaN,NaN,0.11404,NaN,-1,-1,-1.9621,-0.49532,-10.597,-8.9574,2.4679,-1.3426,NaN,NaN,NaN,NaN,NaN
482.23,-14.723,-17.85,32.921,-2.5928,0.01081,-11.706,-8.8554,1.2413,-1.3291,0,0,0,NaN,NaN,NaN,NaN,NaN,NaN,NaN,NaN,NaN,46.533,0.024486,3312.3,0.0053322,NaN,NaN,NaN,NaN,NaN,-1,-1,-1.9704,-0.48986,-10.551,-8.7377,2.4316,-1.2823,NaN,NaN,NaN,NaN,NaN
482.23,-14.74,-17.84,32.915,-1.869,-0.38112,-11.749,-8.1068,4.2979,-1.5541,0,0,0,NaN,NaN,NaN,NaN,NaN,NaN,NaN,NaN,NaN,46.533,0.024486,3312.3,0.0053322,NaN,NaN,NaN,NaN,19.099,98708,21.75,-1.9667,-0.48984,-10.549,-8.6998,2.2466,-1.2312,NaN,NaN,NaN,NaN,NaN
482.23,-14.758,-17.837,32.911,-1.8297,-0.66617,-8.5881,-7.9189,1.4267,-1.3986,0.71218,0.30107,-0.82297,NaN,NaN,NaN,NaN,NaN,NaN,NaN,NaN,NaN,46.533,0.024486,3312.3,0.0053322,NaN,NaN,NaN,NaN,NaN,-1,-1,-1.9806,-0.48579,-10.507,-8.4452,2.199,-1.1681,NaN,NaN,NaN,NaN,NaN
482.24,-14.778,-17.838,32.91,-2.3394,-1.2093,-12.664,-8.7515,-0.081303,-1.0432,0,0,0,NaN,NaN,NaN,NaN,NaN,NaN,NaN,NaN,NaN,46.533,0.024486,3312.3,0.0053322,0.61101,2.2356,0.22943,0.074917,NaN,-1,-1,-1.9805,-0.47124,-10.471,-8.2107,2.6041,-1.0889,NaN,NaN,NaN,NaN,NaN
482.24,-14.798,-17.825,32.906,-1.8263,0.12225,-10.863,-8.8858,5.2867,-0.65586,0,0,0,NaN,NaN,NaN,NaN,NaN,NaN,NaN,NaN,NaN,46.533,0.024486,3312.3,0.0053322,NaN,NaN,NaN,NaN,19.06,98745,21.938,-1.9873,-0.49065,-10.465,-8.0072,2.1899,-1.0374,NaN,NaN,NaN,NaN,NaN
482.24,-14.813,-17.82,32.902,-1.8696,-0.42916,-10.02,-6.8197,2.0496,-1.3589,0,0,0,NaN,NaN,NaN,NaN,NaN,NaN,NaN,NaN,NaN,46.533,0.024486,3312.3,0.0053322,NaN,NaN,NaN,NaN,NaN,-1,-1,-1.9875,-0.47175,-10.427,-7.7768,2.2032,-0.96526,NaN,NaN,NaN,NaN,NaN
482.24,-14.83,-17.821,32.901,-1.8701,-0.43969,-10.848,-7.2146,-0.43797,-0.80163,0.70224,0.30903,-0.81696,NaN,NaN,NaN,NaN,NaN,NaN,NaN,NaN,NaN,46.533,0.024486,3312.3,0.0053322,NaN,NaN,NaN,NaN,18.908,98728,21.875,-1.9813,-0.46347,-10.401,-7.5955,2.5295,-0.89813,NaN,NaN,NaN,NaN,NaN
482.25,-14.862,-17.802,32.895,-0.56457,-0.34848,-8.284,-7.4211,2.9947,-0.35122,0,0,0,NaN,NaN,NaN,NaN,NaN,NaN,NaN,NaN,NaN,46.533,0.024486,3312.3,0.0053322,NaN,NaN,NaN,NaN,NaN,-1,-1,-2.0019,-0.46649,-10.368,-7.3821,2.2653,-0.84992,NaN,NaN,NaN,NaN,NaN
482.25,-14.862,-17.802,32.895,-0.56457,-0.34848,-8.284,-7.4211,2.9947,-0.35122,0,0,0,NaN,NaN,NaN,NaN,NaN,NaN,NaN,NaN,NaN,46.533,0.024486,3312.3,0.0053322,NaN,NaN,NaN,NaN,NaN,-1,-1,-1.9891,-0.46157,-10.329,-7.1919,2.1148,-0.79855,NaN,NaN,NaN,NaN,NaN
482.25,-14.882,-17.804,32.895,-2.0077,-1.2523,-12.19,-8.265,-0.80375,-0.46994,0,0,0,NaN,NaN,NaN,NaN,NaN,NaN,NaN,NaN,NaN,46.533,0.024486,3312.3,0.0053322,0.59513,2.2249,0.20995,0.10655,19.421,98719,21.813,-1.997,-0.46844,-10.283,-7.0673,2.3778,-0.73342,NaN,NaN,NaN,NaN,NaN
482.25,-14.899,-17.794,32.891,-3.4882,-0.3795,-11.03,-7.6093,4.2001,-0.94401,0.70503,0.31632,-0.81901,NaN,NaN,NaN,NaN,NaN,NaN,NaN,NaN,NaN,46.533,0.024486,3312.3,0.0053322,NaN,NaN,NaN,NaN,NaN,-1,-1,-1.9759,-0.47144,-10.165,-6.9252,2.1316,-0.66765,NaN,NaN,NaN,NaN,NaN
482.26,-14.93,-17.787,32.887,-2.0583,-0.69732,-8.4746,-6.6073,-0.91627,-0.83612,0,0,0,NaN,NaN,NaN,NaN,NaN,NaN,NaN,NaN,NaN,46.533,0.024486,3312.3,0.0053322,NaN,NaN,NaN,NaN,NaN,-1,-1,-1.9874,-0.47366,-10.149,-6.7635,1.9466,-0.59297,NaN,NaN,NaN,NaN,NaN
482.26,-14.947,-17.784,32.886,-2.4136,-0.99964,-13.765,-7.256,1.0128,-0.5466,0,0,0,NaN,NaN,NaN,NaN,NaN,NaN,NaN,NaN,NaN,46.533,0.024486,3312.3,0.0053322,NaN,NaN,NaN,NaN,19.101,98757,21.938,-1.9903,-0.4917,-10.099,-6.6301,2.0357,-0.53605,NaN,NaN,NaN,NaN,NaN
482.26,-14.964,-17.77,32.882,-1.6355,-0.060285,-10.181,-7.851,5.9488,-0.52592,0.70754,0.31877,-0.81878,NaN,NaN,NaN,NaN,NaN,NaN,NaN,NaN,NaN,46.533,0.024486,3312.3,0.0053322,0.59075,2.2303,0.22943,0.087403,18.861,98728,21.813,-1.9937,-0.48595,-10.099,-6.539,1.7892,-0.49183,NaN,NaN,NaN,NaN,NaN
482.26,-14.978,-17.765,32.88,-1.9662,-1.1662,-8.0555,-6.3909,1.8556,-0.80248,0,0,0,NaN,NaN,NaN,NaN,NaN,NaN,NaN,NaN,NaN,46.533,0.024486,3312.3,0.0053322,0.59075,2.2303,0.22943,0.087403,NaN,-1,-1,-1.9783,-0.4742,-9.9923,-6.4216,1.961,-0.44685,NaN,NaN,NaN,NaN,NaN
482.27,-14.995,-17.768,32.88,-2.0528,-0.18752,-10.886,-7.0563,-1.1826,-0.62802,0,0,0,NaN,NaN,NaN,NaN,NaN,NaN,NaN,NaN,NaN,46.533,0.024486,3312.3,0.0053322,NaN,NaN,NaN,NaN,NaN,-1,-1,-1.9782,-0.47794,-9.9687,-6.2607,1.7983,-0.41334,NaN,NaN,NaN,NaN,NaN
482.27,-15.008,-17.758,32.878,-2.6786,0.97004,-12.069,-5.7506,3.8183,-0.3043,0,0,0,NaN,NaN,NaN,NaN,NaN,NaN,NaN,NaN,NaN,46.533,0.024486,3312.3,0.0053322,NaN,NaN,NaN,NaN,NaN,-1,-1,-1.9873,-0.48234,-9.9332,-6.1422,1.9455,-0.36441,NaN,NaN,NaN,NaN,NaN
482.27,-15.021,-17.744,32.875,-1.452,-1.0049,-8.5771,-6.1011,5.4387,-0.013808,0.70996,0.31365,-0.82087,NaN,NaN,NaN,NaN,NaN,NaN,NaN,NaN,NaN,46.533,0.024486,3312.3,0.0053322,NaN,NaN,NaN,NaN,19.013,98746,21.875,-1.9812,-0.48329,-9.9265,-6.0427,2.0942,-0.31496,NaN,NaN,NaN,NaN,NaN
482.27,0,0,0,0,0,0,0,0,0,0,0,0,NaN,NaN,NaN,NaN,NaN,NaN,NaN,NaN,NaN,46.533,0.024486,3312.3,0.0053322,NaN,NaN,NaN,NaN,NaN,-1,-1,-1.9889,-0.48915,-9.9031,-5.9101,2.213,-0.28855,NaN,NaN,NaN,NaN,NaN
482.28,-15.056,-17.742,32.876,-2.8602,-0.038208,-11.401,-7.0433,1.1391,-0.05466,0,0,0,NaN,NaN,NaN,NaN,NaN,NaN,NaN,NaN,NaN,46.533,0.024486,3312.3,0.0053322,0.60006,2.2362,0.22638,0.09656,NaN,-1,-1,-1.9983,-0.4829,-9.9005,-5.7828,2.1255,-0.25366,NaN,NaN,NaN,NaN,NaN
482.28,-15.069,-17.73,32.873,-1.8976,0.18221,-10.404,-6.192,5.2113,-0.48008,0,0,0,NaN,NaN,NaN,NaN,NaN,NaN,NaN,NaN,NaN,46.533,0.024486,3312.3,0.0053322,NaN,NaN,NaN,NaN,19.081,98751,21.938,-1.9928,-0.46792,-9.8911,-5.6338,2.2114,-0.20875,NaN,NaN,NaN,NaN,NaN
482.28,-15.083,-17.727,32.872,-1.9605,-1.4705,-6.8678,-6.0976,0.79068,-0.49383,0.71184,0.30393,-0.8161,NaN,NaN,NaN,NaN,NaN,NaN,NaN,NaN,NaN,46.572,0,3359.5,0.0058767,NaN,NaN,NaN,NaN,18.921,98698,21.625,-2.004,-0.46873,-9.8397,-5.5635,2.3982,-0.15752,NaN,NaN,NaN,NaN,NaN
482.28,-15.117,-17.719,32.873,-2.438,0.40061,-12.252,-6.7162,4.4975,0.074599,0,0,0,NaN,NaN,NaN,NaN,NaN,NaN,NaN,NaN,NaN,46.572,0,3359.5,0.0058767,NaN,NaN,NaN,NaN,NaN,-1,-1,-2.0058,-0.46015,-9.8487,-5.5038,2.282,-0.12515,NaN,NaN,NaN,NaN,NaN
482.29,0,0,0,0,0,0,0,0,0,0,0,0,NaN,NaN,NaN,NaN,NaN,NaN,NaN,NaN,NaN,46.572,0,3359.5,0.0058767,0.58637,2.2326,0.213,NaN,NaN,-1,-1,-2.0019,-0.46993,-9.7869,-5.3776,2.3408,-0.089016,NaN,NaN,NaN,NaN,NaN
482.29,-15.129,-17.706,32.869,-1.3449,-1.0845,-7.1461,-5.8701,5.3317,-0.27903,0,0,0,NaN,NaN,NaN,NaN,NaN,NaN,NaN,NaN,NaN,46.572,0,3359.5,0.0058767,NaN,NaN,NaN,0.10155,NaN,-1,-1,-2.0018,-0.47491,-9.7607,-5.2594,2.5844,-0.061818,NaN,NaN,NaN,NaN,NaN
482.29,-15.145,-17.712,32.872,-1.9221,-0.8738,-9.0985,-6.4659,-2.7827,0.053858,0.71701,0.3138,-0.81563,NaN,NaN,NaN,NaN,NaN,NaN,NaN,NaN,NaN,46.572,0,3359.5,0.0058767,NaN,NaN,NaN,NaN,18.907,98757,21.938,-2.0162,-0.46096,-9.7488,-5.1291,2.4665,-0.023943,NaN,NaN,NaN,NaN,NaN
482.29,-15.168,-17.689,32.869,-1.1661,-1.0897,-8.9746,-5.2929,7.8888,0.4033,0,0,0,NaN,NaN,NaN,NaN,NaN,NaN,NaN,NaN,NaN,46.572,0,3359.5,0.0058767,NaN,NaN,NaN,NaN,NaN,-1,-1,-2.0121,-0.458,-9.7068,-5.0669,2.4161,0.024649,NaN,NaN,NaN,NaN,NaN
482.3,-15.183,-17.693,32.872,-1.3962,-1.4437,-7.7538,-6.1229,-1.9626,0.23147,0,0,0,NaN,NaN,NaN,NaN,NaN,NaN,NaN,NaN,NaN,46.572,0,3359.5,0.0058767,NaN,NaN,NaN,NaN,NaN,-1,-1,-2.0072,-0.46643,-9.6674,-5.0012,2.6177,0.073989,NaN,NaN,NaN,NaN,NaN
482.3,-15.205,-17.706,32.886,-3.4547,0.57918,-12.59,-5.433,-0.5513,-0.00911,0.71442,0.30377,-0.81817,13.499,17.818,-5.5354,23.029,40.058,-88.55,3.6778e+05,4.4354e+06,329.34,46.572,0,3359.5,0.0058767,NaN,NaN,NaN,NaN,18.8,98763,22,-2.0073,-0.45483,-9.6345,-4.8818,2.5006,0.09313,22.92,1.998,-1.0183,-2.5439,4.9771
482.3,-15.216,-17.688,32.882,-1.9174,-0.85054,-10.036,-5.3323,7.2224,-0.062338,0,0,0,NaN,NaN,NaN,NaN,NaN,NaN,NaN,NaN,NaN,46.572,0,3359.5,0.0058767,0.60553,2.1175,0.29758,0.039123,NaN,-1,-1,-2.0233,-0.46514,-9.7434,-4.7925,2.4509,0.12565,NaN,NaN,NaN,NaN,NaN
482.3,-15.229,-17.687,32.883,-1.4309,-1.1328,-6.4559,-5.4588,0.43883,0.081475,0,0,0,NaN,NaN,NaN,NaN,NaN,NaN,NaN,NaN,NaN,46.572,0,3359.5,0.0058767,NaN,NaN,NaN,NaN,18.93,98768,22,-2.0257,-0.46807,-9.7079,-4.7576,2.6829,0.18798,NaN,NaN,NaN,NaN,NaN
482.31,-15.243,-17.693,32.887,-2.6233,0.22565,-12.084,-5.5709,-3.1462,0.19544,0,0,0,NaN,NaN,NaN,NaN,NaN,NaN,NaN,NaN,NaN,46.572,0,3359.5,0.0058767,NaN,NaN,NaN,NaN,NaN,-1,-1,-2.0327,-0.46414,-9.7032,-4.7359,2.6842,0.23232,NaN,NaN,NaN,NaN,NaN
482.31,-15.254,-17.68,32.884,-2.0945,-0.23103,-12.835,-5.318,5.3364,0.078553,0.70969,0.30881,-0.81859,NaN,NaN,NaN,NaN,NaN,NaN,NaN,NaN,NaN,46.572,0,3359.5,0.0058767,NaN,NaN,NaN,NaN,NaN,-1,-1,-2.0269,-0.47031,-9.6681,-4.7217,2.503,0.28352,NaN,NaN,NaN,NaN,NaN
482.31,-15.265,-17.664,32.88,-1.5924,-1.3069,-6.921,-4.9993,6.4436,-0.30625,0,0,0,NaN,NaN,NaN,NaN,NaN,NaN,NaN,NaN,NaN,46.572,0,3359.5,0.0058767,NaN,NaN,NaN,NaN,18.886,98769,22,-2.0418,-0.47658,-9.7535,-4.7221,2.7067,0.32664,NaN,NaN,NaN,NaN,NaN
482.31,-15.287,-17.667,32.886,-3.3262,0.50573,-13.379,-3.9888,1.6872,0.47767,0,0,0,NaN,NaN,NaN,NaN,NaN,NaN,NaN,NaN,NaN,46.572,0,3359.5,0.0058767,NaN,NaN,NaN,NaN,NaN,-1,-1,-2.0471,-0.47661,-9.7473,-4.7034,2.6667,0.37369,NaN,NaN,NaN,NaN,NaN
482.32,-15.296,-17.644,32.882,-1.394,-0.61793,-8.3094,-4.466,9.0416,0.79263,0.71185,0.30902,-0.8138,NaN,NaN,NaN,NaN,NaN,NaN,NaN,NaN,NaN,46.572,0,3359.5,0.0058767,NaN,NaN,NaN,NaN,NaN,-1,-1,-2.0506,-0.47483,-9.7263,-4.7102,2.55,0.42129,NaN,NaN,NaN,NaN,NaN
482.32,-15.321,-17.65,32.89,-3.7146,0.23923,-12.369,-4.6545,-1.6069,0.56671,0,0,0,NaN,NaN,NaN,NaN,NaN,NaN,NaN,NaN,NaN,46.572,0,3359.5,0.0058767,NaN,NaN,NaN,NaN,18.756,98764,22,-2.0683,-0.4805,-9.7162,-4.7618,2.6947,0.4661,NaN,NaN,NaN,NaN,NaN
482.32,-15.331,-17.629,32.887,-1.6319,-0.71086,-10.588,-5.0324,8.3239,0.69208,0,0,0,NaN,NaN,NaN,NaN,NaN,NaN,NaN,NaN,NaN,46.572,0,3359.5,0.0058767,NaN,NaN,NaN,NaN,NaN,-1,-1,-2.0637,-0.48311,-9.6968,-4.8009,2.8181,0.50182,NaN,NaN,NaN,NaN,NaN
482.32,-15.343,-17.627,32.888,-2.0233,-0.67178,-6.7041,-4.9038,0.53984,0.2136,0.71757,0.32349,-0.82018,NaN,NaN,NaN,NaN,NaN,NaN,NaN,NaN,NaN,46.572,0,3359.5,0.0058767,NaN,NaN,NaN,NaN,19.097,98722,21.75,-2.0571,-0.4788,-9.6854,-4.8557,2.5679,0.53126,NaN,NaN,NaN,NaN,NaN
482.33,-15.354,-17.628,32.891,-2.0767,0.51552,-11.465,-4.2999,-0.91387,0.50225,0,0,0,NaN,NaN,NaN,NaN,NaN,NaN,NaN,NaN,NaN,46.572,0,3359.5,0.0058767,0.59404,2.2404,0.23064,0.066593,NaN,-1,-1,-2.0628,-0.47019,-9.6685,-4.9073,2.5374,0.5505,NaN,NaN,NaN,NaN,NaN
482.33,-15.364,-17.618,32.89,-2.2538,-1.1269,-12.094,-4.6755,4.0936,0.5395,0,0,0,NaN,NaN,NaN,NaN,NaN,NaN,NaN,NaN,NaN,46.572,0,3359.5,0.0058767,NaN,NaN,NaN,NaN,NaN,-1,-1,-2.0685,-0.48213,-9.6614,-5.0334,2.8186,0.59207,NaN,NaN,NaN,NaN,NaN
482.33,-15.374,-17.608,32.89,-1.9019,-0.83376,-8.3608,-4.4211,3.7372,0.48255,0,0,0,NaN,NaN,NaN,NaN,NaN,NaN,NaN,NaN,NaN,46.572,0,3359.5,0.0058767,NaN,NaN,NaN,NaN,19.439,98714,21.75,-2.0687,-0.47679,-9.6304,-4.9228,2.6683,0.62085,NaN,NaN,NaN,NaN,NaN
482.33,-15.386,-17.607,32.894,-1.7032,-0.083069,-9.1945,-4.7034,-0.074083,1.1003,0.70998,0.32383,-0.81626,NaN,NaN,NaN,NaN,NaN,NaN,NaN,NaN,NaN,46.572,0,3359.5,0.0058767,NaN,NaN,NaN,NaN,NaN,-1,-1,-2.0673,-0.47888,-9.6251,-5.0137,2.5578,0.67417,NaN,NaN,NaN,NaN,NaN
482.34,-15.395,-17.602,32.895,-2.6659,0.77597,-11.57,-3.8059,1.3887,0.47109,0,0,0,NaN,NaN,NaN,NaN,NaN,NaN,NaN,NaN,NaN,46.572,0,3359.5,0.0058767,NaN,NaN,NaN,NaN,NaN,-1,-1,-2.0749,-0.48485,-9.5892,-5.1011,2.7241,0.70054,NaN,NaN,NaN,NaN,NaN
482.34,-15.404,-17.586,32.895,-1.9802,-1.7314,-9.9047,-4.0703,6.2018,1.1253,0,0,0,NaN,NaN,NaN,NaN,NaN,NaN,NaN,NaN,NaN,46.572,0,3359.5,0.0058767,0.58254,2.2309,0.20995,0.10155,19.292,98745,21.875,-2.0762,-0.47462,-9.5631,-5.1882,2.6375,0.73128,NaN,NaN,NaN,NaN,NaN
482.34,-15.418,-17.582,32.898,-1.3306,-0.63238,-7.5743,-5.731,1.1241,0.95913,0,0,0,NaN,NaN,NaN,NaN,NaN,NaN,NaN,NaN,NaN,46.572,0,3359.5,0.0058767,NaN,NaN,NaN,NaN,NaN,-1,-1,-2.0786,-0.48746,-9.5641,-5.3377,2.7289,0.77242,NaN,NaN,NaN,NaN,NaN
482.34,-15.431,-17.585,32.902,-2.992,0.49611,-11.608,-5.2606,-1.858,0.94366,0.71708,0.31628,-0.81563,NaN,NaN,NaN,NaN,NaN,NaN,NaN,NaN,NaN,46.572,0,3359.5,0.0058767,NaN,NaN,NaN,NaN,18.707,98737,21.813,-2.0808,-0.49322,-9.5501,-5.2593,2.6502,0.81239,NaN,NaN,NaN,NaN,NaN
482.35,-15.445,-17.569,32.901,-2.0376,-1.1392,-11.342,-5.8879,6.1761,0.65758,0,0,0,NaN,NaN,NaN,NaN,NaN,NaN,NaN,NaN,NaN,46.572,0,3359.5,0.0058767,NaN,NaN,NaN,NaN,NaN,-1,-1,-2.0806,-0.4803,-9.5187,-5.3489,2.6443,0.83074,NaN,NaN,NaN,NaN,NaN
482.35,-15.457,-17.562,32.901,-2.0425,-0.69379,-7.5733,-5.2369,2.7531,0.56459,0,0,0,NaN,NaN,NaN,NaN,NaN,NaN,NaN,NaN,NaN,46.572,0,3359.5,0.0058767,NaN,NaN,NaN,NaN,NaN,-1,-1,-2.0775,-0.46706,-9.5274,-5.5225,2.569,0.85526,NaN,NaN,NaN,NaN,NaN
482.35,-15.472,-17.559,32.904,-2.2765,-0.069356,-10.032,-6.1968,0.45625,0.89381,0,0,0,NaN,NaN,NaN,NaN,NaN,NaN,NaN,NaN,NaN,46.572,0,3359.5,0.0058767,0.59513,2.1085,0.29089,NaN,18.667,98734,21.875,-2.0859,-0.47393,-9.5157,-5.6522,2.6243,0.89292,NaN,NaN,NaN,NaN,NaN
482.35,-15.501,-17.541,32.906,-2.6552,-1.369,-11.528,-6.3988,7.3924,1.0612,0,0,0,NaN,NaN,NaN,NaN,NaN,NaN,NaN,NaN,NaN,46.572,0,3359.5,0.0058767,NaN,NaN,NaN,0.052442,NaN,-1,-1,-2.0805,-0.47039,-9.4884,-5.8079,2.5474,0.91283,NaN,NaN,NaN,NaN,NaN
482.36,-15.517,-17.532,32.908,-1.4076,0.061571,-6.1221,-6.3971,3.1638,1.1797,0,0,0,NaN,NaN,NaN,NaN,NaN,NaN,NaN,NaN,NaN,46.572,0,3359.5,0.0058767,NaN,NaN,NaN,NaN,NaN,-1,-1,-2.0763,-0.46067,-9.493,-5.9691,2.3161,0.9279,NaN,NaN,NaN,NaN,NaN
482.36,-15.531,-17.537,32.913,-2.6838,0.09313,-10.586,-5.4554,-2.5729,0.75951,0,0,0,NaN,NaN,NaN,NaN,NaN,NaN,NaN,NaN,NaN,46.572,0,3359.5,0.0058767,NaN,NaN,NaN,NaN,19.336,98759,21.938,-2.0789,-0.45233,-9.4974,-6.1124,2.4851,0.93489,NaN,NaN,NaN,NaN,NaN
482.36,-15.544,-17.525,32.914,-2.1949,-0.40637,-12.309,-5.4768,4.0898,1.3767,0.6973,0.31171,-0.81511,NaN,NaN,NaN,NaN,NaN,NaN,NaN,NaN,NaN,46.572,0,3359.5,0.0058767,NaN,NaN,NaN,NaN,NaN,-1,-1,-2.0824,-0.46434,-9.4514,-6.2861,2.5399,0.95775,NaN,NaN,NaN,NaN,NaN
482.36,-15.56,-17.509,32.914,-1.4117,-0.92019,-8.7186,-6.771,6.0356,1.146,0,0,0,NaN,NaN,NaN,NaN,NaN,NaN,NaN,NaN,NaN,46.572,0,3359.5,0.0058767,0.60006,2.2392,0.23308,0.074085,19.12,98731,21.813,-2.0965,-0.44939,-9.4472,-6.4408,2.2225,0.97647,NaN,NaN,NaN,NaN,NaN
482.37,-15.576,-17.51,32.917,-2.9971,-0.24058,-8.7947,-6.4998,-0.60814,0.8682,0,0,0,NaN,NaN,NaN,NaN,NaN,NaN,NaN,NaN,NaN,46.572,0,3359.5,0.0058767,NaN,NaN,NaN,NaN,NaN,-1,-1,-2.0954,-0.44388,-9.4698,-6.6267,2.203,0.96822,NaN,NaN,NaN,NaN,NaN
482.37,-15.592,-17.507,32.92,-1.7027,-1.044,-10.915,-6.7127,0.85354,0.70623,0,0,0,NaN,NaN,NaN,NaN,NaN,NaN,NaN,NaN,NaN,46.572,0,3359.5,0.0058767,NaN,NaN,NaN,NaN,NaN,-1,-1,-2.0902,-0.44625,-9.4358,-6.8182,2.4422,0.96661,NaN,NaN,NaN,NaN,NaN
482.37,-15.61,-17.494,32.919,-2.681,-0.75267,-9.7226,-7.2905,4.5819,0.85445,0.70727,0.31902,-0.81421,NaN,NaN,NaN,NaN,NaN,NaN,NaN,NaN,NaN,46.572,0,3359.5,0.0058767,NaN,NaN,NaN,NaN,19.438,98760,21.875,-2.0922,-0.42759,-9.4139,-6.9531,2.4178,0.99098,NaN,NaN,NaN,NaN,NaN
482.37,-15.628,-17.488,32.921,-1.9281,0.029868,-8.5422,-7.4623,2.0816,0.87239,0,0,0,NaN,NaN,NaN,NaN,NaN,NaN,NaN,NaN,NaN,46.572,0,3359.5,0.0058767,NaN,NaN,NaN,NaN,NaN,-1,-1,-2.0995,-0.42006,-9.4454,-7.0773,2.5186,0.99218,NaN,NaN,NaN,NaN,NaN
482.38,-15.646,-17.491,32.925,-2.0798,-0.72152,-11.658,-7.1778,-1.5514,0.72462,0,0,0,NaN,NaN,NaN,NaN,NaN,NaN,NaN,NaN,NaN,46.572,0,3359.5,0.0058767,NaN,NaN,NaN,NaN,NaN,-1,-1,-2.0944,-0.41778,-9.4111,-7.2029,2.4808,1.0214,NaN,NaN,NaN,NaN,NaN
482.38,-15.665,-17.475,32.925,-2.5198,-1.0195,-11.144,-8.1659,6.0684,0.92344,0,0,0,NaN,NaN,NaN,NaN,NaN,NaN,NaN,NaN,NaN,46.572,0,3359.5,0.0058767,0.65864,2.1336,0.28724,0.013319,19.146,98767,22,-2.0897,-0.40795,-9.4108,-7.3116,2.7772,1.0373,NaN,NaN,NaN,NaN,NaN
482.38,-15.684,-17.462,32.926,-1.6264,0.12217,-7.3386,-7.7212,4.8769,1.5162,0.7074,0.3189,-0.8165,NaN,NaN,NaN,NaN,NaN,NaN,NaN,NaN,NaN,46.572,0,3359.5,0.0058767,NaN,NaN,NaN,NaN,NaN,-1,-1,-2.0914,-0.38221,-9.4426,-7.4008,2.6587,1.0577,NaN,NaN,NaN,NaN,NaN
482.38,-15.7,-17.467,32.932,-2.4194,0.073248,-9.3538,-6.2809,-2.6893,1.1833,0,0,0,NaN,NaN,NaN,NaN,NaN,NaN,NaN,NaN,NaN,46.572,0,3359.5,0.0058767,NaN,NaN,NaN,NaN,19.226,98738,21.813,-2.1045,-0.3872,-9.4574,-7.4666,2.5365,1.079,NaN,NaN,NaN,NaN,NaN
482.39,-15.717,-17.454,32.934,-1.8861,-0.83155,-12.421,-6.9559,4.4837,1.66,0,0,0,NaN,NaN,NaN,NaN,NaN,NaN,NaN,NaN,NaN,46.572,0,3359.5,0.0058767,NaN,NaN,NaN,NaN,NaN,-1,-1,-2.088,-0.38672,-9.4132,-7.5266,2.7489,1.1142,NaN,NaN,NaN,NaN,NaN
482.39,-15.736,-17.442,32.934,-1.9564,-1.028,-8.6884,-7.9072,4.4356,0.90195,0,0,0,NaN,NaN,NaN,NaN,NaN,NaN,NaN,NaN,NaN,46.572,0,3359.5,0.0058767,0.59404,2.1121,0.29698,0.038291,NaN,-1,-1,-2.0918,-0.37568,-9.4677,-7.5547,2.7789,1.1283,NaN,NaN,NaN,NaN,NaN
482.39,-15.756,-17.44,32.938,-2.4901,-0.42062,-9.0589,-7.8661,0.32974,1.1966,0.71262,0.32107,-0.82063,NaN,NaN,NaN,NaN,NaN,NaN,NaN,NaN,NaN,46.543,0,3399.4,0.0058767,NaN,NaN,NaN,NaN,19.097,98740,21.813,-2.1007,-0.38356,-9.5017,-7.5871,2.7566,1.1641,NaN,NaN,NaN,NaN,NaN
482.39,-15.776,-17.43,32.939,-2.3511,-1.042,-9.8424,-8.4195,3.4416,0.90212,0,0,0,NaN,NaN,NaN,NaN,NaN,NaN,NaN,NaN,NaN,46.543,0,3399.4,0.0058767,NaN,NaN,NaN,NaN,NaN,-1,-1,-2.0901,-0.36327,-9.5031,-7.564,2.7597,1.1835,NaN,NaN,NaN,NaN,NaN
482.4,-15.815,-17.417,32.943,-2.1501,0.08499,-11.407,-7.85,1.8857,1.0404,0,0,0,NaN,NaN,NaN,NaN,NaN,NaN,NaN,NaN,NaN,46.543,0,3399.4,0.0058767,NaN,NaN,NaN,NaN,NaN,-1,-1,-2.0835,-0.34747,-9.4942,-7.5243,2.9995,1.2308,NaN,NaN,NaN,NaN,NaN
482.4,-15.834,-17.41,32.945,-2.0548,-1.226,-9.9154,-7.8567,2.3351,0.92957,0.70532,0.32626,-0.81898,NaN,NaN,NaN,NaN,NaN,NaN,NaN,NaN,NaN,46.543,0,3399.4,0.0058767,NaN,NaN,NaN,NaN,19.354,98780,21.938,-2.0904,-0.35291,-9.5316,-7.5339,2.8028,1.2629,NaN,NaN,NaN,NaN,NaN
482.4,-15.855,-17.395,32.945,-2.0837,-0.08138,-9.5517,-8.5444,5.8692,1.1935,0,0,0,NaN,NaN,NaN,NaN,NaN,NaN,NaN,NaN,NaN,46.543,0,3399.4,0.0058767,NaN,NaN,NaN,NaN,NaN,-1,-1,-2.0899,-0.33358,-9.566,-7.4716,2.804,1.3094,NaN,NaN,NaN,NaN,NaN
482.4,-15.873,-17.394,32.949,-1.7834,-0.2256,-8.2586,-7.0633,-0.41247,1.2681,0,0,0,NaN,NaN,NaN,NaN,NaN,NaN,NaN,NaN,NaN,46.543,0,3399.4,0.0058767,0.59513,2.2476,0.21665,0.092398,19.27,98752,21.875,-2.0846,-0.32558,-9.5557,-7.4358,2.8889,1.3605,NaN,NaN,NaN,NaN,NaN
482.41,-15.909,-17.37,32.952,-2.0705,-0.22058,-8.166,-7.4401,6.4462,1.2182,0.70511,0.3239,-0.8167,NaN,NaN,NaN,NaN,NaN,NaN,NaN,NaN,NaN,46.543,0,3399.4,0.0058767,NaN,NaN,NaN,NaN,NaN,-1,-1,-2.0961,-0.32215,-9.5903,-7.3768,2.7075,1.4002,NaN,NaN,NaN,NaN,NaN
482.41,-15.929,-17.366,32.956,-1.118,-0.76196,-8.5299,-7.7505,0.86826,1.6194,0,0,0,NaN,NaN,NaN,NaN,NaN,NaN,NaN,NaN,NaN,46.543,0,3399.4,0.0058767,NaN,NaN,NaN,NaN,NaN,-1,-1,-2.0989,-0.30232,-9.6168,-7.3049,2.6702,1.4486,NaN,NaN,NaN,NaN,NaN
482.41,-15.965,-17.348,32.961,-2.3327,-0.23403,-10.102,-7.116,6.2357,1.5434,0,0,0,NaN,NaN,NaN,NaN,NaN,NaN,NaN,NaN,NaN,46.543,0,3399.4,0.0058767,NaN,NaN,NaN,NaN,19.164,98748,21.875,-2.0862,-0.29309,-9.606,-7.2701,2.936,1.519,NaN,NaN,NaN,NaN,NaN
482.41,-15.984,-17.34,32.964,-1.6703,0.144,-6.8001,-7.6562,2.5362,1.7134,0.70748,0.32138,-0.81649,NaN,NaN,NaN,NaN,NaN,NaN,NaN,NaN,NaN,46.543,0,3399.4,0.0058767,NaN,NaN,NaN,NaN,NaN,-1,-1,-2.0904,-0.28295,-9.6394,-7.1991,2.8229,1.5843,NaN,NaN,NaN,NaN,NaN
482.42,-16.002,-17.341,32.969,-2.2481,-0.9886,-10.873,-6.941,-1.0007,1.336,0,0,0,NaN,NaN,NaN,NaN,NaN,NaN,NaN,NaN,NaN,46.543,0,3399.4,0.0058767,NaN,NaN,NaN,0.10239,NaN,-1,-1,-2.0961,-0.26162,-9.6849,-7.1119,2.6521,1.6247,NaN,NaN,NaN,NaN,NaN
482.42,-16.021,-17.325,32.97,-2.7321,-0.56629,-11.842,-7.7027,5.5588,1.5202,0,0,0,NaN,NaN,NaN,NaN,NaN,NaN,NaN,NaN,NaN,46.543,0,3399.4,0.0058767,NaN,NaN,NaN,NaN,19.29,98737,21.813,-2.0895,-0.23809,-9.6602,-6.9929,2.5751,1.6926,NaN,NaN,NaN,NaN,NaN
482.42,-16.037,-17.311,32.973,-1.3786,1.1108,-7.6751,-6.5166,5.3409,2.242,0,0,0,NaN,NaN,NaN,NaN,NaN,NaN,NaN,NaN,NaN,46.543,0,3399.4,0.0058767,NaN,NaN,NaN,NaN,NaN,-1,-1,-2.0812,-0.24082,-9.6447,-6.8814,2.6934,1.7624,NaN,NaN,NaN,NaN,NaN
482.42,-16.052,-17.31,32.979,-2.1077,-1.3029,-9.1937,-5.7409,-0.7123,1.6284,0.69517,0.32677,-0.81299,NaN,NaN,NaN,NaN,NaN,NaN,NaN,NaN,NaN,46.543,0,3399.4,0.0058767,NaN,NaN,NaN,NaN,19.418,98753,21.875,-2.0983,-0.22726,-9.695,-6.7823,2.7941,1.8266,NaN,NaN,NaN,NaN,NaN
482.43,-16.066,-17.303,32.982,-2.6225,0.1161,-11.545,-5.9029,2.2869,1.5544,0,0,0,NaN,NaN,NaN,NaN,NaN,NaN,NaN,NaN,NaN,46.543,0,3399.4,0.0058767,NaN,NaN,NaN,NaN,NaN,-1,-1,-2.0958,-0.21543,-9.6634,-6.6547,2.6857,1.886,NaN,NaN,NaN,NaN,NaN
482.43,-16.081,-17.284,32.985,-1.8028,0.346,-9.1587,-6.1502,6.9236,2.7102,0,0,0,NaN,NaN,NaN,NaN,NaN,NaN,NaN,NaN,NaN,46.543,0,3399.4,0.0058767,0.66028,2.1527,0.29272,-0.0016648,NaN,-1,-1,-2.0843,-0.21496,-9.6447,-6.5253,2.7651,1.9559,NaN,NaN,NaN,NaN,NaN
482.43,-16.096,-17.28,32.99,-1.9032,-0.3177,-7.8997,-5.7949,0.93478,1.8155,0,0,0,NaN,NaN,NaN,NaN,NaN,NaN,NaN,NaN,NaN,46.543,0,3399.4,0.0058767,NaN,NaN,NaN,NaN,19.207,98767,21.938,-2.0954,-0.19768,-9.6896,-6.4274,2.8687,2.0072,NaN,NaN,NaN,NaN,NaN
482.43,-16.113,-17.276,32.996,-2.6222,-0.15003,-11.242,-6.2334,0.60986,2.4588,0.70079,0.33366,-0.82169,NaN,NaN,NaN,NaN,NaN,NaN,NaN,NaN,NaN,46.543,0,3399.4,0.0058767,NaN,NaN,NaN,NaN,NaN,-1,-1,-2.1045,-0.18659,-9.7102,-6.3077,2.6972,2.0684,NaN,NaN,NaN,NaN,NaN
482.44,-16.128,-17.26,32.998,-2.9198,-0.13129,-10.021,-6.3189,5.7798,1.915,0,0,0,NaN,NaN,NaN,NaN,NaN,NaN,NaN,NaN,NaN,46.543,0,3399.4,0.0058767,NaN,NaN,NaN,NaN,NaN,-1,-1,-2.0925,-0.18466,-9.6567,-6.1817,2.7587,2.126,NaN,NaN,NaN,NaN,NaN
482.44,-16.143,-17.248,33.002,-1.5988,0.3132,-7.9069,-5.9163,4.3454,2.1829,0,0,0,NaN,NaN,NaN,NaN,NaN,NaN,NaN,NaN,NaN,46.543,0,3399.4,0.0058767,NaN,NaN,NaN,NaN,19.416,98728,21.75,-2.0927,-0.16764,-9.6773,-6.0845,2.9994,2.194,NaN,NaN,NaN,NaN,NaN
482.44,-16.159,-17.249,33.008,-2.067,-0.64462,-9.8199,-5.874,-1.1538,1.8158,0,0,0,NaN,NaN,NaN,NaN,NaN,NaN,NaN,NaN,NaN,46.543,0,3399.4,0.0058767,0.657,2.1443,0.28602,0.0033296,18.796,98768,21.938,-2.0993,-0.15321,-9.7053,-5.9394,2.8166,2.2726,NaN,NaN,NaN,NaN,NaN
482.44,-16.174,-17.237,33.012,-2.3579,0.10186,-12.102,-5.9956,3.9402,2.4106,0.70011,0.32919,-0.81255,NaN,NaN,NaN,NaN,NaN,NaN,NaN,NaN,NaN,46.543,0,3399.4,0.0058767,NaN,NaN,NaN,NaN,NaN,-1,-1,-2.0938,-0.14261,-9.6776,-5.7887,2.7783,2.3356,NaN,NaN,NaN,NaN,NaN
482.45,-16.201,-17.212,33.02,-1.5441,-1.4061,-6.8528,-5.5178,1.5282,2.5296,0,0,0,NaN,NaN,NaN,NaN,NaN,NaN,NaN,NaN,NaN,46.543,0,3399.4,0.0058767,NaN,NaN,NaN,NaN,NaN,-1,-1,-2.0935,-0.12995,-9.6465,-5.6271,2.938,2.3954,NaN,NaN,NaN,NaN,NaN
482.45,-16.201,-17.212,33.02,-1.5441,-1.4061,-6.8528,-5.5178,1.5282,2.5296,0,0,0,NaN,NaN,NaN,NaN,NaN,NaN,NaN,NaN,NaN,46.543,0,3399.4,0.0058767,NaN,NaN,NaN,NaN,NaN,-1,-1,-2.0928,-0.12086,-9.6378,-5.5891,2.9813,2.5413,NaN,NaN,NaN,NaN,NaN
482.45,-16.216,-17.212,33.028,-2.5848,1.1362,-11.939,-5.4182,-1.0227,2.4681,0,0,0,NaN,NaN,NaN,NaN,NaN,NaN,NaN,NaN,NaN,46.543,0,3399.4,0.0058767,0.60882,2.232,0.23369,0.079911,19.013,98770,21.938,-2.0943,-0.10695,-9.607,-5.4251,2.8822,2.5747,NaN,NaN,NaN,NaN,NaN
482.45,-16.228,-17.192,33.031,-2.5823,0.65314,-11.542,-4.8801,7.3239,2.9659,0.69342,0.33637,-0.82005,NaN,NaN,NaN,NaN,NaN,NaN,NaN,NaN,NaN,46.543,0,3399.4,0.0058767,0.60882,2.232,0.23369,0.079911,NaN,-1,-1,-2.0935,-0.099945,-9.6029,-5.2786,2.916,2.6108,NaN,NaN,NaN,NaN,NaN
482.46,-16.258,-17.18,33.043,-2.3696,0.55364,-8.938,-6.037,-2.2698,2.716,0,0,0,NaN,NaN,NaN,NaN,NaN,NaN,NaN,NaN,NaN,46.543,0,3399.4,0.0058767,NaN,NaN,NaN,NaN,NaN,-1,-1,-2.0815,-0.092787,-9.5776,-5.1268,2.8317,2.636,NaN,NaN,NaN,NaN,NaN
482.46,-16.272,-17.171,33.048,-2.7173,0.43093,-12.911,-5.4228,2.6046,2.3703,0,0,0,NaN,NaN,NaN,NaN,NaN,NaN,NaN,NaN,NaN,46.543,0,3399.4,0.0058767,NaN,NaN,NaN,NaN,19.481,98734,21.813,-2.0901,-0.090483,-9.5448,-5.118,3.0704,2.7346,NaN,NaN,NaN,NaN,NaN
482.46,-16.284,-17.149,33.05,-2.0706,-0.58061,-8.3524,-4.8878,8.1737,2.6268,0.70472,0.32937,-0.80753,NaN,NaN,NaN,NaN,NaN,NaN,NaN,NaN,NaN,46.543,0,3399.4,0.0058767,NaN,NaN,NaN,NaN,19.054,98763,21.875,-2.0873,-0.061627,-9.5292,-4.9354,2.9157,2.7369,NaN,NaN,NaN,NaN,NaN
482.46,-16.299,-17.142,33.056,-1.4933,-0.080647,-8.1422,-5.7314,1.8423,2.7523,0,0,0,NaN,NaN,NaN,NaN,NaN,NaN,NaN,NaN,NaN,46.543,0,3399.4,0.0058767,NaN,NaN,NaN,NaN,NaN,-1,-1,-2.0874,-0.038757,-9.5294,-4.7883,3.2212,2.7254,NaN,NaN,NaN,NaN,NaN
482.47,-16.311,-17.141,33.064,-2.8345,0.626,-11.808,-4.4013,-0.45098,2.3268,0,0,0,NaN,NaN,NaN,NaN,NaN,NaN,NaN,NaN,NaN,46.543,0,3399.4,0.0058767,0.59458,2.238,0.21239,0.097392,NaN,-1,-1,-2.0859,-0.019476,-9.4777,-4.6603,2.9791,2.7363,NaN,NaN,NaN,NaN,NaN
482.47,-16.323,-17.12,33.066,-2.1295,0.61314,-10.499,-5.019,7.4419,2.6678,0,0,0,NaN,NaN,NaN,NaN,NaN,NaN,NaN,NaN,NaN,46.543,0,3399.4,0.0058767,NaN,NaN,NaN,NaN,NaN,-1,-1,-2.0849,0.006871,-9.4551,-4.4657,3.2578,2.7333,NaN,NaN,NaN,NaN,NaN
482.47,-16.334,-17.109,33.072,-1.3554,-0.30087,-6.9173,-3.9626,3.5345,3.1009,0.69092,0.33901,-0.81797,NaN,NaN,NaN,NaN,NaN,NaN,NaN,NaN,NaN,46.543,0,3399.4,0.0058767,NaN,NaN,NaN,NaN,19.249,98768,21.938,-2.0835,0.002124,-9.4372,-4.3201,3.3824,2.723,NaN,NaN,NaN,NaN,NaN
482.47,-16.355,-17.089,33.083,-2.4997,0.00098,-11.155,-4.1472,7.5627,3.0477,0,0,0,NaN,NaN,NaN,NaN,NaN,NaN,NaN,NaN,NaN,46.543,0,3399.4,0.0058767,NaN,NaN,NaN,NaN,NaN,-1,-1,-2.0787,0.02593,-9.3845,-4.1708,3.0963,2.7151,NaN,NaN,NaN,NaN,NaN
482.48,-16.367,-17.075,33.088,-1.399,-0.27941,-7.3584,-4.671,4.9133,2.9143,0,0,0,NaN,NaN,NaN,NaN,NaN,NaN,NaN,NaN,NaN,46.543,0,3399.4,0.0058767,NaN,NaN,NaN,NaN,19.139,98748,21.813,-2.0827,0.041855,-9.3456,-4.09,3.2244,2.7037,NaN,NaN,NaN,NaN,NaN
482.48,-16.377,-17.076,33.097,-2.7673,1.2089,-9.9638,-3.5493,-1.4804,2.8635,0.69288,0.33686,-0.8109,NaN,NaN,NaN,NaN,NaN,NaN,NaN,NaN,NaN,46.543,0,3399.4,0.0058767,NaN,NaN,NaN,0.02747,NaN,-1,-1,-2.0599,0.050103,-9.2623,-3.9566,3.4841,2.7024,NaN,NaN,NaN,NaN,NaN
482.48,-16.388,-17.06,33.101,-2.3327,-1.3872,-10.424,-4.0921,5.4421,2.8289,0,0,0,NaN,NaN,NaN,NaN,NaN,NaN,NaN,NaN,NaN,46.543,0,3399.4,0.0058767,NaN,NaN,NaN,0.02747,NaN,-1,-1,-2.0628,0.072004,-9.2408,-3.8016,3.2556,2.6777,NaN,NaN,NaN,NaN,NaN
482.48,-16.399,-17.048,33.106,-1.9428,0.091314,-8.509,-4.4149,3.9104,2.5977,0,0,0,NaN,NaN,NaN,NaN,NaN,NaN,NaN,NaN,NaN,46.543,0,3399.4,0.0058767,NaN,NaN,NaN,NaN,19.184,98755,21.875,-2.0585,0.095223,-9.2018,-3.679,3.3802,2.6354,NaN,NaN,NaN,NaN,NaN
482.49,-16.409,-17.044,33.115,-2.0218,1.7723,-10.03,-3.3635,0.64154,3.1336,0,0,0,NaN,NaN,NaN,NaN,NaN,NaN,NaN,NaN,NaN,46.543,0,3399.4,0.0058767,NaN,NaN,NaN,NaN,NaN,-1,-1,-2.0539,0.09731,-9.1895,-3.6024,3.511,2.6352,NaN,NaN,NaN,NaN,NaN
482.49,-16.418,-17.03,33.119,-2.718,-0.73743,-11.77,-3.3587,4.5859,2.6264,0.69532,0.33683,-0.81068,NaN,NaN,NaN,NaN,NaN,NaN,NaN,NaN,NaN,46.543,0,3399.4,0.0058767,NaN,NaN,NaN,NaN,NaN,-1,-1,-2.0302,0.11261,-9.0731,-3.5053,3.3369,2.5959,NaN,NaN,NaN,NaN,NaN
482.49,-16.429,-17.014,33.123,-1.4844,0.10702,-7.0355,-4.3995,5.5393,2.8159,0,0,0,NaN,NaN,NaN,NaN,NaN,NaN,NaN,NaN,NaN,46.543,0,3399.4,0.0058767,0.60827,2.232,0.2349,0.066593,19.374,98764,21.875,-2.0361,0.12878,-9.0643,-3.4006,3.334,2.5895,NaN,NaN,NaN,NaN,NaN
482.49,-16.438,-17.013,33.132,-1.9671,1.1222,-10.337,-3.0097,-0.56597,3.107,0,0,0,NaN,NaN,NaN,NaN,NaN,NaN,NaN,NaN,NaN,46.543,0,3399.4,0.0058767,NaN,NaN,NaN,NaN,NaN,-1,-1,-2.0444,0.15601,-9.0619,-3.3553,3.512,2.5663,NaN,NaN,NaN,NaN,NaN
482.5,-16.445,-17.001,33.136,-3.3772,0.34526,-11.09,-2.5538,3.8417,2.4346,0,0,0,NaN,NaN,NaN,NaN,NaN,NaN,NaN,NaN,NaN,46.543,0,3399.4,0.0058767,NaN,NaN,NaN,NaN,NaN,-1,-1,-2.0437,0.16254,-9.0335,-3.3145,3.4872,2.5357,NaN,NaN,NaN,NaN,NaN
482.5,-16.452,-16.982,33.141,-1.0624,-0.046029,-8.9588,-2.8844,6.7331,3.3895,0.69286,0.32668,-0.8155,NaN,NaN,NaN,NaN,NaN,NaN,NaN,NaN,NaN,46.543,0,3399.4,0.0058767,NaN,NaN,NaN,NaN,19.183,98761,21.875,-2.0665,0.18563,-9.0427,-3.2606,3.3954,2.4882,NaN,NaN,NaN,NaN,NaN
482.5,-16.463,-16.977,33.148,-2.4243,0.11594,-7.7333,-4.0388,1.2902,2.7232,0,0,0,NaN,NaN,NaN,NaN,NaN,NaN,NaN,NaN,NaN,46.572,0.024486,3442.3,0.0069644,NaN,NaN,NaN,NaN,NaN,-1,-1,-2.0827,0.19306,-9.0186,-3.2715,3.4574,2.4665,NaN,NaN,NaN,NaN,NaN
482.5,0,0,0,0,0,0,0,0,0,0,0,0,NaN,NaN,NaN,NaN,NaN,NaN,NaN,NaN,NaN,46.572,0.024486,3442.3,0.0069644,NaN,NaN,NaN,NaN,19.229,98760,21.938,-2.0877,0.22354,-8.9816,-3.275,3.2996,2.4468,NaN,NaN,NaN,NaN,NaN
482.51,-16.482,-16.953,33.158,-2.5917,-0.37073,-9.5956,-4.1574,7.2574,2.6154,0,0,0,NaN,NaN,NaN,NaN,NaN,NaN,NaN,NaN,NaN,46.572,0.024486,3442.3,0.0069644,NaN,NaN,NaN,NaN,NaN,-1,-1,-2.0757,0.22277,-8.9391,-3.3075,3.2759,2.408,NaN,NaN,NaN,NaN,NaN
482.51,-16.49,-16.946,33.164,-1.5135,0.12473,-6.4135,-3.3115,1.9858,2.4649,0.69844,0.34127,-0.8196,NaN,NaN,NaN,NaN,NaN,NaN,NaN,NaN,NaN,46.572,0.024486,3442.3,0.0069644,NaN,NaN,NaN,NaN,NaN,-1,-1,-2.0713,0.24905,-8.92,-3.3575,3.1261,2.3718,NaN,NaN,NaN,NaN,NaN
482.51,-16.51,-16.927,33.174,-2.6124,0.13763,-11.063,-3.6561,5.9385,2.439,0,0,0,NaN,NaN,NaN,NaN,NaN,NaN,NaN,NaN,NaN,46.572,0.024486,3442.3,0.0069644,NaN,NaN,NaN,NaN,19.288,98750,21.813,-2.0703,0.27154,-8.8701,-3.4105,3.1718,2.3473,NaN,NaN,NaN,NaN,NaN
482.51,0,0,0,0,0,0,0,0,0,0,0,0,NaN,NaN,NaN,NaN,NaN,NaN,NaN,NaN,NaN,46.572,0.024486,3442.3,0.0069644,NaN,NaN,NaN,NaN,NaN,-1,-1,-2.0795,0.27588,-8.812,-3.4646,2.9933,2.3185,NaN,NaN,NaN,NaN,NaN
482.52,-16.519,-16.912,33.177,-1.6551,0.44051,-7.6415,-3.6249,5.3078,2.4932,0,0,0,NaN,NaN,NaN,NaN,NaN,NaN,NaN,NaN,NaN,46.572,0.024486,3442.3,0.0069644,0.58692,2.2243,0.22638,0.089068,NaN,-1,-1,-2.0715,0.30536,-8.7945,-3.5333,2.8934,2.2788,NaN,NaN,NaN,NaN,NaN
482.52,-16.529,-16.914,33.186,-1.85,-0.18557,-8.7101,-3.1214,-1.9225,2.6898,0.70026,0.33415,-0.81253,NaN,NaN,NaN,NaN,NaN,NaN,NaN,NaN,NaN,46.572,0.024486,3442.3,0.0069644,NaN,NaN,NaN,NaN,19.396,98758,21.875,-2.0732,0.30889,-8.7755,-3.6081,2.9944,2.2631,NaN,NaN,NaN,NaN,NaN
482.52,-16.544,-16.879,33.191,-2.1613,-0.049548,-7.8287,-3.0995,9.1362,2.2518,0,0,0,NaN,NaN,NaN,NaN,NaN,NaN,NaN,NaN,NaN,46.572,0.024486,3442.3,0.0069644,NaN,NaN,NaN,NaN,NaN,-1,-1,-2.0653,0.30858,-8.6826,-3.6835,2.9618,2.2413,NaN,NaN,NaN,NaN,NaN
482.52,-16.557,-16.878,33.199,-1.3073,-0.42156,-7.4225,-4.8963,-0.72204,2.4243,0,0,0,NaN,NaN,NaN,NaN,NaN,NaN,NaN,NaN,NaN,46.572,0.024486,3442.3,0.0069644,NaN,NaN,NaN,NaN,19.185,98792,22,-2.0598,0.33154,-8.6524,-3.7333,2.7586,2.209,NaN,NaN,NaN,NaN,NaN
482.53,-16.58,-16.891,33.225,-3.1093,1.1841,-12.331,-4.5956,-0.289,2.6907,0.69343,0.34146,-0.81775,12.983,18.464,-5.6018,23.257,40.058,-88.55,3.6779e+05,4.4354e+06,327.81,46.572,0.024486,3442.3,0.0069644,NaN,NaN,NaN,NaN,NaN,-1,-1,-2.0816,0.34234,-8.7032,-3.853,2.8837,2.1855,23.214,1.0539,-0.93277,-2.301,2.5973
482.53,-16.59,-16.87,33.225,-2.2081,0.43759,-10.772,-4.5889,8.1726,2.0518,0,0,0,NaN,NaN,NaN,NaN,NaN,NaN,NaN,NaN,NaN,46.572,0.024486,3442.3,0.0069644,NaN,NaN,NaN,NaN,NaN,-1,-1,-2.0728,0.34319,-8.6663,-3.9573,2.8648,2.1605,NaN,NaN,NaN,NaN,NaN
482.53,-16.6,-16.861,33.229,-2.174,-0.68226,-6.0399,-3.8492,2.6864,2.047,0,0,0,NaN,NaN,NaN,NaN,NaN,NaN,NaN,NaN,NaN,46.572,0.024486,3442.3,0.0069644,0.66028,2.1396,0.28846,0.0066593,19.271,98788,22,-2.0682,0.35911,-8.6079,-4.0245,2.903,2.1529,NaN,NaN,NaN,NaN,NaN
482.53,-16.613,-16.863,33.237,-1.6983,1.5651,-11.34,-4.7885,-1.4842,2.297,0,0,0,NaN,NaN,NaN,NaN,NaN,NaN,NaN,NaN,NaN,46.572,0.024486,3442.3,0.0069644,NaN,NaN,NaN,NaN,NaN,-1,-1,-2.0706,0.39036,-8.6041,-4.1222,3.0626,2.1481,NaN,NaN,NaN,NaN,NaN
482.54,-16.637,-16.828,33.241,-1.6579,-0.16367,-7.4308,-5.1582,6.8457,2.2471,0,0,0,NaN,NaN,NaN,NaN,NaN,NaN,NaN,NaN,NaN,46.572,0.024486,3442.3,0.0069644,NaN,NaN,NaN,NaN,NaN,-1,-1,-2.0681,0.38145,-8.5309,-4.2017,2.8641,2.1506,NaN,NaN,NaN,NaN,NaN
482.54,-16.65,-16.829,33.249,-1.8996,0.62342,-9.0043,-4.7941,-1.2751,2.5042,0,0,0,NaN,NaN,NaN,NaN,NaN,NaN,NaN,NaN,NaN,46.572,0.024486,3442.3,0.0069644,NaN,NaN,NaN,NaN,19.179,98784,21.875,-2.0842,0.38533,-8.578,-4.3311,2.8964,2.1714,NaN,NaN,NaN,NaN,NaN
482.54,-16.66,-16.82,33.254,-3.241,1.319,-11.925,-4.0416,3.0598,2.3231,0,0,0,NaN,NaN,NaN,NaN,NaN,NaN,NaN,NaN,NaN,46.572,0.024486,3442.3,0.0069644,0.58582,2.232,0.2203,NaN,19.12,98754,21.875,-2.093,0.39824,-8.5812,-4.4486,2.9503,2.1681,NaN,NaN,NaN,NaN,NaN
482.54,-16.672,-16.801,33.256,-1.4856,0.75668,-8.5101,-4.6612,6.8424,2.5599,0.70291,0.34157,-0.81229,NaN,NaN,NaN,NaN,NaN,NaN,NaN,NaN,NaN,46.572,0.024486,3442.3,0.0069644,NaN,NaN,NaN,0.10239,NaN,-1,-1,-2.0963,0.41151,-8.565,-4.5477,2.8753,2.1887,NaN,NaN,NaN,NaN,NaN
482.55,-16.687,-16.796,33.261,-2.2166,-0.43428,-8.2346,-5.9239,1.0997,2.1278,0,0,0,NaN,NaN,NaN,NaN,NaN,NaN,NaN,NaN,NaN,46.572,0.024486,3442.3,0.0069644,NaN,NaN,NaN,NaN,NaN,-1,-1,-2.1084,0.42396,-8.5472,-4.6279,2.7877,2.199,NaN,NaN,NaN,NaN,NaN
482.55,-16.7,-16.793,33.267,-2.5365,0.77029,-10.734,-4.9234,0.3844,1.9324,0,0,0,NaN,NaN,NaN,NaN,NaN,NaN,NaN,NaN,NaN,46.572,0.024486,3442.3,0.0069644,NaN,NaN,NaN,NaN,NaN,-1,-1,-2.1135,0.45196,-8.5391,-4.7574,2.8584,2.2037,NaN,NaN,NaN,NaN,NaN
482.55,-16.712,-16.778,33.27,-2.2238,-0.1471,-11.001,-4.9373,5.4618,2.2595,0,0,0,NaN,NaN,NaN,NaN,NaN,NaN,NaN,NaN,NaN,46.572,0.024486,3442.3,0.0069644,NaN,NaN,NaN,NaN,18.811,98750,21.75,-2.1049,0.46629,-8.4968,-4.8638,2.8203,2.2214,NaN,NaN,NaN,NaN,NaN
482.55,-16.74,-16.761,33.279,-2.1064,1.0938,-10.439,-5.9121,1.8068,2.2502,0,0,0,NaN,NaN,NaN,NaN,NaN,NaN,NaN,NaN,NaN,46.572,0.024486,3442.3,0.0069644,NaN,NaN,NaN,NaN,NaN,-1,-1,-2.1098,0.47102,-8.4699,-4.9478,2.6896,2.2158,NaN,NaN,NaN,NaN,NaN
482.56,-16.752,-16.755,33.284,-2.1158,1.2877,-10.764,-4.7073,1.6503,1.9185,0,0,0,NaN,NaN,NaN,NaN,NaN,NaN,NaN,NaN,NaN,46.572,0.024486,3442.3,0.0069644,NaN,NaN,NaN,NaN,19.458,98769,21.875,-2.122,0.49052,-8.4767,-4.9814,2.7111,2.2623,NaN,NaN,NaN,NaN,NaN
482.56,-16.764,-16.739,33.285,-2.3647,-0.37235,-9.5538,-4.92,5.918,1.8578,0,0,0,NaN,NaN,NaN,NaN,NaN,NaN,NaN,NaN,NaN,46.572,0.024486,3442.3,0.0069644,NaN,NaN,NaN,NaN,NaN,-1,-1,-2.1176,0.50952,-8.4353,-5.0412,2.7874,2.2906,NaN,NaN,NaN,NaN,NaN
482.56,-16.775,-16.733,33.29,-2.0255,0.59439,-7.762,-4.4529,1.7351,2.3818,0.70033,0.33664,-0.81253,NaN,NaN,NaN,NaN,NaN,NaN,NaN,NaN,NaN,46.572,0.024486,3442.3,0.0069644,NaN,NaN,NaN,NaN,18.946,98780,21.938,-2.1192,0.5065,-8.3781,-4.9644,2.6547,2.2335,NaN,NaN,NaN,NaN,NaN
482.56,-16.786,-16.726,33.295,-2.4116,1.4683,-10.361,-4.1353,2.0515,2.2291,0,0,0,NaN,NaN,NaN,NaN,NaN,NaN,NaN,NaN,NaN,46.572,0.024486,3442.3,0.0069644,NaN,NaN,NaN,NaN,NaN,-1,-1,-2.136,0.5199,-8.3843,-5.0047,2.6304,2.2509,NaN,NaN,NaN,NaN,NaN
482.57,-16.795,-16.712,33.299,-1.5114,0.026537,-8.9786,-3.6716,4.5958,2.4222,0,0,0,NaN,NaN,NaN,NaN,NaN,NaN,NaN,NaN,NaN,46.572,0.024486,3442.3,0.0069644,0.6028,2.2338,0.21847,0.097392,NaN,-1,-1,-2.1284,0.51721,-8.3192,-4.977,2.5646,2.2506,NaN,NaN,NaN,NaN,NaN
482.57,-16.809,-16.706,33.305,-3.1964,0.27661,-9.2675,-5.1539,1.5653,2.3924,0,0,0,NaN,NaN,NaN,NaN,NaN,NaN,NaN,NaN,NaN,46.572,0.024486,3442.3,0.0069644,NaN,NaN,NaN,NaN,18.99,98757,21.875,-2.1402,0.53067,-8.3128,-4.9745,2.7682,2.265,NaN,NaN,NaN,NaN,NaN
482.57,-16.821,-16.696,33.309,-1.3887,0.51879,-9.0106,-4.636,3.2496,2.4052,0.68835,0.33916,-0.8159,NaN,NaN,NaN,NaN,NaN,NaN,NaN,NaN,NaN,46.572,0.024486,3442.3,0.0069644,NaN,NaN,NaN,NaN,NaN,-1,-1,-2.1229,0.54742,-8.2685,-4.8289,2.5417,2.1809,NaN,NaN,NaN,NaN,NaN
482.57,-16.831,-16.686,33.313,-2.5392,-0.21349,-9.5286,-4.2309,3.3261,1.9093,0,0,0,NaN,NaN,NaN,NaN,NaN,NaN,NaN,NaN,NaN,46.572,0.024486,3442.3,0.0069644,NaN,NaN,NaN,NaN,18.921,98759,21.813,-2.1281,0.55374,-8.226,-4.7863,2.6798,2.1891,NaN,NaN,NaN,NaN,NaN
482.58,-16.858,-16.673,33.323,-1.574,1.2561,-9.7332,-5.4998,1.229,2.2081,0,0,0,NaN,NaN,NaN,NaN,NaN,NaN,NaN,NaN,NaN,46.572,0.024486,3442.3,0.0069644,NaN,NaN,NaN,NaN,NaN,-1,-1,-2.1331,0.56365,-8.226,-4.7231,2.4671,2.1911,NaN,NaN,NaN,NaN,NaN
482.58,-16.871,-16.663,33.327,-2.2219,0.47419,-9.2475,-5.4703,3.3195,2.0841,0.69587,0.34142,-0.81753,NaN,NaN,NaN,NaN,NaN,NaN,NaN,NaN,NaN,46.572,0.024486,3442.3,0.0069644,0.59787,2.235,0.23369,0.073252,NaN,-1,-1,-2.1398,0.56997,-8.1914,-4.5812,2.4737,2.1817,NaN,NaN,NaN,NaN,NaN
482.58,-16.895,-16.647,33.336,-2.1019,0.98883,-6.7114,-4.309,1.2968,2.1284,0,0,0,NaN,NaN,NaN,NaN,NaN,NaN,NaN,NaN,NaN,46.572,0.024486,3442.3,0.0069644,NaN,NaN,NaN,NaN,19.011,98801,22,-2.1352,0.59116,-8.1262,-4.5002,2.3716,2.1765,NaN,NaN,NaN,NaN,NaN
482.58,-16.906,-16.64,33.343,-1.9396,1.3608,-9.8479,-3.7993,1.922,2.7435,0,0,0,NaN,NaN,NaN,NaN,NaN,NaN,NaN,NaN,NaN,46.572,0.024486,3442.3,0.0069644,NaN,NaN,NaN,NaN,NaN,-1,-1,-2.1394,0.59921,-8.1109,-4.4021,2.2499,2.193,NaN,NaN,NaN,NaN,NaN
482.59,-16.919,-16.626,33.346,-2.1068,-0.52497,-6.6243,-5.1793,4.9033,2.3743,0.69544,0.33161,-0.81527,NaN,NaN,NaN,NaN,NaN,NaN,NaN,NaN,NaN,46.572,0.024486,3442.3,0.0069644,NaN,NaN,NaN,NaN,NaN,-1,-1,-2.1426,0.60647,-8.1005,-4.3279,2.3234,2.1903,NaN,NaN,NaN,NaN,NaN
482.59,-16.932,-16.626,33.353,-2.7028,1.2708,-8.1769,-5.0862,-0.8332,2.2991,0,0,0,NaN,NaN,NaN,NaN,NaN,NaN,NaN,NaN,NaN,46.572,0.024486,3442.3,0.0069644,NaN,NaN,NaN,NaN,19.226,98782,21.938,-2.1447,0.59538,-8.0474,-4.2063,2.1591,2.1691,NaN,NaN,NaN,NaN,NaN
482.59,-16.944,-16.617,33.357,-2.4123,0.13304,-7.9532,-4.6803,2.8172,2.1323,0,0,0,NaN,NaN,NaN,NaN,NaN,NaN,NaN,NaN,NaN,46.572,0.024486,3442.3,0.0069644,NaN,NaN,NaN,NaN,NaN,-1,-1,-2.153,0.6181,-8.0224,-4.1176,1.9497,2.1603,NaN,NaN,NaN,NaN,NaN
482.59,-16.953,-16.609,33.36,-1.9556,-0.21206,-7.5243,-3.6721,2.6095,1.5701,0,0,0,NaN,NaN,NaN,NaN,NaN,NaN,NaN,NaN,NaN,46.572,0.024486,3442.3,0.0069644,0.58856,2.2344,0.2136,0.10239,19.225,98786,21.938,-2.1575,0.63209,-8.0056,-4.0499,2.0622,2.1452,NaN,NaN,NaN,NaN,NaN
482.6,-16.965,-16.605,33.366,-2.7617,0.76196,-6.7904,-4.3546,0.56121,2.0537,0.68863,0.34401,-0.81818,NaN,NaN,NaN,NaN,NaN,NaN,NaN,NaN,NaN,46.572,0.024486,3442.3,0.0069644,NaN,NaN,NaN,NaN,NaN,-1,-1,-2.1537,0.62599,-7.9794,-3.9844,1.8157,2.1395,NaN,NaN,NaN,NaN,NaN
482.6,-16.975,-16.602,33.371,-1.8258,1.5775,-9.5284,-3.7856,0.54024,1.9463,0,0,0,NaN,NaN,NaN,NaN,NaN,NaN,NaN,NaN,NaN,46.572,0.024486,3442.3,0.0069644,NaN,NaN,NaN,NaN,NaN,-1,-1,-2.1621,0.64949,-7.9327,-3.8796,1.6915,2.1106,NaN,NaN,NaN,NaN,NaN
482.6,-16.985,-16.589,33.373,-2.6782,-0.20523,-7.503,-4.1393,4.813,1.8089,0,0,0,NaN,NaN,NaN,NaN,NaN,NaN,NaN,NaN,NaN,46.572,0.024486,3442.3,0.0069644,NaN,NaN,NaN,NaN,19.394,98773,21.875,-2.1693,0.65057,-7.9287,-3.7643,1.802,2.1225,NaN,NaN,NaN,NaN,NaN
482.6,-16.994,-16.582,33.379,-1.7305,0.74207,-6.0322,-3.5808,1.6554,2.2298,0,0,0,NaN,NaN,NaN,NaN,NaN,NaN,NaN,NaN,NaN,46.572,0.024486,3442.3,0.0069644,NaN,NaN,NaN,NaN,NaN,-1,-1,-2.1665,0.64877,-7.8912,-3.6575,1.6412,2.1192,NaN,NaN,NaN,NaN,NaN
482.61,-17.002,-16.584,33.387,-2.4309,1.2667,-8.1669,-2.5513,-1.8627,2.3177,0.68363,0.34929,-0.81403,NaN,NaN,NaN,NaN,NaN,NaN,NaN,NaN,NaN,46.572,0.024486,3442.3,0.0069644,NaN,NaN,NaN,0.047447,17.948,98804,22.063,-2.1684,0.66577,-7.8624,-3.5449,1.4158,2.1036,NaN,NaN,NaN,NaN,NaN
482.61,-17.007,-16.57,33.39,-2.4154,1.1005,-8.1833,-2.0637,4.8271,2.5154,0,0,0,NaN,NaN,NaN,NaN,NaN,NaN,NaN,NaN,NaN,46.572,0.024486,3442.3,0.0069644,NaN,NaN,NaN,NaN,NaN,-1,-1,-2.1815,0.65963,-7.8666,-3.4019,1.3949,2.0975,NaN,NaN,NaN,NaN,NaN
482.61,-17.015,-16.558,33.394,-1.9521,-1.0986,-4.6759,-3.2703,4.1574,2.101,0,0,0,NaN,NaN,NaN,NaN,NaN,NaN,NaN,NaN,NaN,46.543,0.024486,3476.6,0.0058767,NaN,NaN,NaN,NaN,NaN,-1,-1,-2.176,0.65797,-7.8491,-3.2858,1.2763,2.0903,NaN,NaN,NaN,NaN,NaN
482.61,-17.025,-16.563,33.403,-2.6269,1.2674,-5.8048,-3.3138,-3.0689,2.1672,0,0,0,NaN,NaN,NaN,NaN,NaN,NaN,NaN,NaN,NaN,46.543,0.024486,3476.6,0.0058767,NaN,NaN,NaN,NaN,18.148,98750,21.813,-2.1815,0.6614,-7.804,-3.1642,1.1117,2.0719,NaN,NaN,NaN,NaN,NaN
482.62,-17.032,-16.56,33.407,-2.2504,0.75663,-9.5955,-2.6398,0.6369,1.7791,0.68634,0.34901,-0.81838,NaN,NaN,NaN,NaN,NaN,NaN,NaN,NaN,NaN,46.543,0.024486,3476.6,0.0058767,NaN,NaN,NaN,NaN,NaN,-1,-1,-2.1916,0.66207,-7.7866,-3.0217,1.2598,2.0652,NaN,NaN,NaN,NaN,NaN
482.62,-17.037,-16.546,33.409,-2.5092,-0.5618,-5.3469,-2.4858,4.9625,1.8965,0,0,0,NaN,NaN,NaN,NaN,NaN,NaN,NaN,NaN,NaN,46.543,0.024486,3476.6,0.0058767,0.60334,2.1169,0.29393,0.031632,NaN,-1,-1,-2.1881,0.66474,-7.7845,-2.8758,1.0878,2.054,NaN,NaN,NaN,NaN,NaN
482.62,-17.046,-16.54,33.415,-2.1487,1.2246,-4.053,-3.3096,1.5751,2.343,0,0,0,NaN,NaN,NaN,NaN,NaN,NaN,NaN,NaN,NaN,46.543,0.024486,3476.6,0.0058767,NaN,NaN,NaN,NaN,18.635,98753,21.75,-2.194,0.67848,-7.7558,-2.7054,1.0744,2.0385,NaN,NaN,NaN,NaN,NaN
482.62,-17.054,-16.545,33.423,-2.2692,1.8489,-8.3643,-2.4881,-2.8715,1.9336,0,0,0,NaN,NaN,NaN,NaN,NaN,NaN,NaN,NaN,NaN,46.543,0.024486,3476.6,0.0058767,NaN,NaN,NaN,NaN,NaN,-1,-1,-2.1915,0.6758,-7.7242,-2.4676,1.2916,2.0192,NaN,NaN,NaN,NaN,NaN
482.63,-17.065,-16.523,33.429,-1.9719,0.36565,-4.7803,-2.2121,3.778,2.2004,0,0,0,NaN,NaN,NaN,NaN,NaN,NaN,NaN,NaN,NaN,46.543,0.024486,3476.6,0.0058767,NaN,NaN,NaN,NaN,NaN,-1,-1,-2.1954,0.68122,-7.7242,-2.292,1.2669,2.0144,NaN,NaN,NaN,NaN,NaN
482.63,-17.071,-16.526,33.436,-2.5014,1.2505,-5.6474,-1.7675,-2.0647,1.6685,0,0,0,NaN,NaN,NaN,NaN,NaN,NaN,NaN,NaN,NaN,46.543,0.024486,3476.6,0.0058767,NaN,NaN,NaN,NaN,18.855,98745,21.75,-2.2009,0.6866,-7.7238,-2.1003,1.2675,2.0108,NaN,NaN,NaN,NaN,NaN
482.63,-17.074,-16.523,33.442,-2.0619,1.9263,-8.1218,-1.1268,0.39299,2.0616,0,0,0,NaN,NaN,NaN,NaN,NaN,NaN,NaN,NaN,NaN,46.543,0.024486,3476.6,0.0058767,0.59294,2.232,0.2136,0.090733,NaN,-1,-1,-2.1933,0.70797,-7.6787,-1.8782,1.4365,1.9913,NaN,NaN,NaN,NaN,NaN
482.63,-17.08,-16.508,33.444,-2.9196,-0.3274,-6.8631,-2.7725,5.3455,1.9972,0.70047,0.34161,-0.81251,NaN,NaN,NaN,NaN,NaN,NaN,NaN,NaN,NaN,46.543,0.024486,3476.6,0.0058767,NaN,NaN,NaN,NaN,19.051,98757,21.813,-2.2028,0.71623,-7.7103,-1.6912,1.4584,1.9893,NaN,NaN,NaN,NaN,NaN
482.64,-17.087,-16.508,33.45,-1.746,0.62903,-3.7635,-2.4167,-0.79137,2.0481,0,0,0,NaN,NaN,NaN,NaN,NaN,NaN,NaN,NaN,NaN,46.543,0.024486,3476.6,0.0058767,NaN,NaN,NaN,NaN,NaN,-1,-1,-2.1986,0.71906,-7.6841,-1.519,1.4864,1.9647,NaN,NaN,NaN,NaN,NaN
482.64,-17.094,-16.508,33.457,-2.4802,0.52393,-9.2783,-2.4415,-1.047,1.6894,0,0,0,NaN,NaN,NaN,NaN,NaN,NaN,NaN,NaN,NaN,46.543,0.024486,3476.6,0.0058767,NaN,NaN,NaN,NaN,NaN,-1,-1,-2.2083,0.72954,-7.6585,-1.3047,1.5883,1.9501,NaN,NaN,NaN,NaN,NaN
482.64,-17.098,-16.503,33.46,-2.6355,0.028409,-7.5311,-1.4177,1.5693,1.5566,0,0,0,NaN,NaN,NaN,NaN,NaN,NaN,NaN,NaN,NaN,46.543,0.024486,3476.6,0.0058767,0.59623,2.1175,0.29393,0.038291,19.349,98748,21.75,-2.2161,0.72961,-7.6444,-1.1083,1.5884,1.9374,NaN,NaN,NaN,NaN,NaN
482.64,-17.102,-16.491,33.463,-2.3388,1.2863,-8.3041,-1.6434,4.1326,2.0087,0.68869,0.3414,-0.82047,NaN,NaN,NaN,NaN,NaN,NaN,NaN,NaN,NaN,46.543,0.024486,3476.6,0.0058767,0.59623,2.1175,0.29393,0.038291,NaN,-1,-1,-2.2108,0.72817,-7.6319,-0.91379,1.7985,1.937,NaN,NaN,NaN,NaN,NaN
482.65,-17.105,-16.486,33.468,-1.435,1.0831,-5.377,-1.1687,1.1246,1.8549,0,0,0,NaN,NaN,NaN,NaN,NaN,NaN,NaN,NaN,NaN,46.543,0.024486,3476.6,0.0058767,NaN,NaN,NaN,NaN,NaN,-1,-1,-2.213,0.73613,-7.6462,-0.70996,1.8458,1.9236,NaN,NaN,NaN,NaN,NaN
482.65,-17.107,-16.485,33.474,-2.3188,0.23932,-9.0088,-0.54127,-0.40846,1.9831,0,0,0,NaN,NaN,NaN,NaN,NaN,NaN,NaN,NaN,NaN,46.543,0.024486,3476.6,0.0058767,NaN,NaN,NaN,NaN,18.92,98809,21.938,-2.216,0.73322,-7.6115,-0.51691,1.9119,1.9063,NaN,NaN,NaN,NaN,NaN
482.65,-17.106,-16.478,33.479,-2.5263,1.1958,-8.6379,0.38617,2.1437,1.9843,0,0,0,NaN,NaN,NaN,NaN,NaN,NaN,NaN,NaN,NaN,46.543,0.024486,3476.6,0.0058767,NaN,NaN,NaN,NaN,18.96,98765,21.75,-2.2153,0.74958,-7.6059,-0.30965,2.0481,1.8886,NaN,NaN,NaN,NaN,NaN
482.65,-17.101,-16.459,33.487,-1.7799,0.85621,-6.1966,0.67088,2.6718,2.6127,0,0,0,NaN,NaN,NaN,NaN,NaN,NaN,NaN,NaN,NaN,46.543,0.024486,3476.6,0.0058767,NaN,NaN,NaN,NaN,NaN,-1,-1,-2.2182,0.75197,-7.5949,-0.10924,2.0818,1.8608,NaN,NaN,NaN,NaN,NaN
482.66,-17.101,-16.457,33.492,-2.5447,-0.23656,-8.5422,0.41402,-0.044576,1.7129,0,0,0,NaN,NaN,NaN,NaN,NaN,NaN,NaN,NaN,NaN,46.543,0.024486,3476.6,0.0058767,0.59677,2.2332,0.2063,0.11238,NaN,-1,-1,-2.2235,0.75747,-7.5889,0.089159,2.136,1.8387,NaN,NaN,NaN,NaN,NaN
482.66,-17.102,-16.448,33.496,-2.5474,1.0981,-9.5412,-0.28505,2.6629,1.7088,0,0,0,NaN,NaN,NaN,NaN,NaN,NaN,NaN,NaN,NaN,46.543,0.024486,3476.6,0.0058767,NaN,NaN,NaN,NaN,NaN,-1,-1,-2.2251,0.76089,-7.6115,0.2788,2.2904,1.8042,NaN,NaN,NaN,NaN,NaN
482.66,-17.099,-16.437,33.498,-1.6026,0.75896,-6.9103,0.81887,3.939,1.7926,0.68355,0.34172,-0.81634,NaN,NaN,NaN,NaN,NaN,NaN,NaN,NaN,NaN,46.543,0.024486,3476.6,0.0058767,NaN,NaN,NaN,NaN,19.158,98780,21.875,-2.2394,0.76772,-7.6143,0.44484,2.3848,1.7836,NaN,NaN,NaN,NaN,NaN
482.66,-17.096,-16.428,33.507,-2.4089,1.247,-9.6977,0.28149,3.5227,1.7769,0,0,0,NaN,NaN,NaN,NaN,NaN,NaN,NaN,NaN,NaN,46.543,0.024486,3476.6,0.0058767,NaN,NaN,NaN,NaN,NaN,-1,-1,-2.2408,0.77072,-7.6046,0.598,2.289,1.7408,NaN,NaN,NaN,NaN,NaN
482.67,-17.096,-16.428,33.507,-2.4089,1.247,-9.6977,0.28149,3.5227,1.7769,0,0,0,NaN,NaN,NaN,NaN,NaN,NaN,NaN,NaN,NaN,46.543,0.024486,3476.6,0.0058767,NaN,NaN,NaN,NaN,NaN,-1,-1,-2.2465,0.76565,-7.6415,0.83129,2.4758,1.7433,NaN,NaN,NaN,NaN,NaN
482.67,-17.091,-16.413,33.508,-1.8809,2.0294,-7.6618,1.5943,5.2279,1.7183,0,0,0,NaN,NaN,NaN,NaN,NaN,NaN,NaN,NaN,NaN,46.543,0.024486,3476.6,0.0058767,NaN,NaN,NaN,0.11154,19.685,98751,21.75,-2.2495,0.77156,-7.6329,1.0127,2.6603,1.7004,NaN,NaN,NaN,NaN,NaN
482.67,-17.088,-16.41,33.511,-1.7529,-0.44917,-7.0988,1.1872,0.76123,1.1315,0.68885,0.35146,-0.81816,NaN,NaN,NaN,NaN,NaN,NaN,NaN,NaN,NaN,46.543,0.024486,3476.6,0.0058767,NaN,NaN,NaN,0.11154,18.989,98786,21.938,-2.25,0.78363,-7.6189,1.1472,2.5275,1.6853,NaN,NaN,NaN,NaN,NaN
482.67,-17.08,-16.391,33.517,-3.0136,1.5255,-9.5855,1.989,6.9954,1.6662,0,0,0,NaN,NaN,NaN,NaN,NaN,NaN,NaN,NaN,NaN,46.543,0.024486,3476.6,0.0058767,NaN,NaN,NaN,NaN,NaN,-1,-1,-2.2596,0.76904,-7.6467,1.2785,2.5894,1.6535,NaN,NaN,NaN,NaN,NaN
482.68,-17.074,-16.381,33.52,-1.4116,0.98851,-5.3392,2.1403,3.2282,1.6235,0,0,0,NaN,NaN,NaN,NaN,NaN,NaN,NaN,NaN,NaN,46.543,0.024486,3476.6,0.0058767,NaN,NaN,NaN,NaN,NaN,-1,-1,-2.2625,0.78859,-7.637,1.3928,2.7074,1.6004,NaN,NaN,NaN,NaN,NaN
482.68,-17.072,-16.381,33.526,-2.3237,-0.42425,-9.4137,1.0854,-1.045,1.9507,0.68634,0.34901,-0.81838,NaN,NaN,NaN,NaN,NaN,NaN,NaN,NaN,NaN,46.543,0.024486,3476.6,0.0058767,0.59951,2.1157,0.3055,0.04828,NaN,-1,-1,-2.2633,0.79244,-7.6484,1.428,2.7043,1.571,NaN,NaN,NaN,NaN,NaN
482.68,-17.067,-16.372,33.529,-2.9238,1.6887,-10.293,1.7457,3.2115,1.5197,0,0,0,NaN,NaN,NaN,NaN,NaN,NaN,NaN,NaN,NaN,46.543,0.024486,3476.6,0.0058767,0.59951,2.1157,0.3055,0.04828,19.5,98770,21.875,-2.2701,0.79719,-7.6607,1.4627,2.6507,1.5257,NaN,NaN,NaN,NaN,NaN
482.68,-17.062,-16.359,33.53,-1.7673,0.19996,-8.3931,1.9977,4.6753,1.4878,0,0,0,NaN,NaN,NaN,NaN,NaN,NaN,NaN,NaN,NaN,46.543,0.024486,3476.6,0.0058767,NaN,NaN,NaN,NaN,NaN,-1,-1,-2.2737,0.79333,-7.6763,1.5277,2.7861,1.492,NaN,NaN,NaN,NaN,NaN
482.69,-17.057,-16.357,33.534,-2.1542,0.12451,-6.6492,1.7457,0.097689,1.3929,0,0,0,NaN,NaN,NaN,NaN,NaN,NaN,NaN,NaN,NaN,46.543,0.024486,3476.6,0.0058767,NaN,NaN,NaN,NaN,NaN,-1,-1,-2.2756,0.79959,-7.6906,1.5676,2.677,1.4202,NaN,NaN,NaN,NaN,NaN
482.69,-17.053,-16.35,33.536,-2.5461,1.3776,-10.747,1.5741,2.3066,1.033,0.68424,0.35128,-0.82317,NaN,NaN,NaN,NaN,NaN,NaN,NaN,NaN,NaN,46.543,0.024486,3476.6,0.0058767,NaN,NaN,NaN,NaN,18.962,98753,21.75,-2.2665,0.80164,-7.6887,1.5628,2.4915,1.3663,NaN,NaN,NaN,NaN,NaN
482.69,-17.048,-16.338,33.537,-1.8297,1.4677,-8.0639,1.9036,4.622,1.4897,0,0,0,NaN,NaN,NaN,NaN,NaN,NaN,NaN,NaN,NaN,46.543,0.024486,3476.6,0.0058767,NaN,NaN,NaN,NaN,NaN,-1,-1,-2.2684,0.80377,-7.7069,1.5405,2.6797,1.3039,NaN,NaN,NaN,NaN,NaN
482.69,-17.043,-16.335,33.541,-1.978,-0.43896,-8.2733,1.7491,0.60459,1.1507,0,0,0,NaN,NaN,NaN,NaN,NaN,NaN,NaN,NaN,NaN,46.543,0.024486,3476.6,0.0058767,NaN,NaN,NaN,NaN,19.243,98784,21.875,-2.2698,0.8143,-7.7418,1.4573,2.5908,1.254,NaN,NaN,NaN,NaN,NaN
482.7,-17.03,-16.317,33.545,-2.1469,1.0815,-8.5427,2.9759,4.2945,1.7284,0.66928,0.34924,-0.81992,NaN,NaN,NaN,NaN,NaN,NaN,NaN,NaN,NaN,46.543,0.024486,3476.6,0.0058767,NaN,NaN,NaN,NaN,NaN,-1,-1,-2.2487,0.81468,-7.6465,1.3309,2.4953,1.1958,NaN,NaN,NaN,NaN,NaN
482.7,-17.026,-16.312,33.548,-1.7178,-0.37553,-7.2318,1.6601,1.5161,1.0441,0,0,0,NaN,NaN,NaN,NaN,NaN,NaN,NaN,NaN,NaN,46.543,0.024486,3476.6,0.0058767,NaN,NaN,NaN,NaN,NaN,-1,-1,-2.2585,0.83265,-7.6898,1.2457,2.407,1.112,NaN,NaN,NaN,NaN,NaN
482.7,-17.023,-16.31,33.552,-3.1007,1.5122,-8.467,1.0643,0.44433,1.3253,0,0,0,NaN,NaN,NaN,NaN,NaN,NaN,NaN,NaN,NaN,46.543,0.024486,3476.6,0.0058767,NaN,NaN,NaN,NaN,19.162,98801,22,-2.27,0.85608,-7.7733,1.1224,2.3377,1.0481,NaN,NaN,NaN,NaN,NaN
482.7,-17.019,-16.3,33.554,-2.0155,0.62695,-8.8149,1.3395,3.2926,1.2472,0,0,0,NaN,NaN,NaN,NaN,NaN,NaN,NaN,NaN,NaN,46.543,0.024486,3476.6,0.0058767,NaN,NaN,NaN,NaN,NaN,-1,-1,-2.2665,0.85501,-7.7719,1.0124,2.3005,0.97286,NaN,NaN,NaN,NaN,NaN
482.71,-17.014,-16.296,33.555,-1.8157,-0.35119,-8.0498,1.6308,1.2178,0.51039,0.67896,0.35172,-0.81675,NaN,NaN,NaN,NaN,NaN,NaN,NaN,NaN,NaN,46.543,0.024486,3476.6,0.0058767,0.59677,2.2362,0.23795,0.073252,NaN,-1,-1,-2.2654,0.8469,-7.7755,0.90213,2.1445,0.91081,NaN,NaN,NaN,NaN,NaN
482.71,-17.012,-16.29,33.557,-3.0213,0.25401,-7.0647,0.78266,2.0777,1.0875,0,0,0,NaN,NaN,NaN,NaN,NaN,NaN,NaN,NaN,NaN,46.543,0.024486,3476.6,0.0058767,NaN,NaN,NaN,NaN,18.9,98777,21.875,-2.2626,0.84051,-7.814,0.88707,2.0518,0.85883,NaN,NaN,NaN,NaN,NaN
482.71,-17.009,-16.286,33.559,-2.0237,2.0524,-9.4727,0.89656,1.0314,0.6742,0,0,0,NaN,NaN,NaN,NaN,NaN,NaN,NaN,NaN,NaN,46.543,0.024486,3476.6,0.0058767,NaN,NaN,NaN,NaN,NaN,-1,-1,-2.2591,0.83812,-7.7973,0.86945,2.0721,0.81698,NaN,NaN,NaN,NaN,NaN
482.71,-17.005,-16.273,33.561,-2.6814,0.40773,-8.8349,0.20311,2.4039,0.72044,0.69336,0.33897,-0.81776,NaN,NaN,NaN,NaN,NaN,NaN,NaN,NaN,NaN,46.543,0.024486,3476.6,0.0058767,NaN,NaN,NaN,NaN,18.767,98788,21.875,-2.2561,0.85435,-7.8466,0.84128,1.7918,0.7679,NaN,NaN,NaN,NaN,NaN
482.72,-17.002,-16.269,33.563,-2.3345,2.1254,-7.4376,0.83858,1.3042,0.56052,0,0,0,NaN,NaN,NaN,NaN,NaN,NaN,NaN,NaN,NaN,46.543,0.024486,3476.6,0.0058767,NaN,NaN,NaN,NaN,NaN,-1,-1,-2.2623,0.86315,-7.8933,0.80803,1.6002,0.71419,NaN,NaN,NaN,NaN,NaN
482.72,-16.997,-16.26,33.565,-2.1464,1.2286,-7.8216,1.9503,3.0659,1.2875,0,0,0,NaN,NaN,NaN,NaN,NaN,NaN,NaN,NaN,NaN,46.543,0.024486,3476.6,0.0058767,NaN,NaN,NaN,NaN,NaN,-1,-1,-2.2558,0.86213,-7.906,0.84112,1.5753,0.67629,NaN,NaN,NaN,NaN,NaN
482.72,-16.997,-16.256,33.565,-2.0982,-0.67508,-7.8671,-0.25273,1.2176,0.098606,0,0,0,NaN,NaN,NaN,NaN,NaN,NaN,NaN,NaN,NaN,46.543,0,3492.3,0.0053322,0.60499,2.1199,0.29332,0.04495,19.413,98808,21.938,-2.2509,0.86678,-7.9363,0.8433,1.5429,0.6399,NaN,NaN,NaN,NaN,NaN
482.72,-16.998,-16.253,33.568,-2.795,1.6688,-7.0796,-0.58757,0.98297,0.96973,0.68904,0.34873,-0.82274,NaN,NaN,NaN,NaN,NaN,NaN,NaN,NaN,NaN,46.543,0,3492.3,0.0053322,NaN,NaN,NaN,NaN,NaN,-1,-1,-2.2574,0.8707,-7.9889,0.87666,1.435,0.60094,NaN,NaN,NaN,NaN,NaN
482.73,-16.997,-16.245,33.567,-2.1626,0.43522,-7.7685,-0.051394,2.9495,0.10525,0,0,0,NaN,NaN,NaN,NaN,NaN,NaN,NaN,NaN,NaN,46.543,0,3492.3,0.0053322,NaN,NaN,NaN,NaN,NaN,-1,-1,-2.2525,0.87449,-8.0263,0.96832,1.4905,0.55802,NaN,NaN,NaN,NaN,NaN
482.73,0,0,0,0,0,0,0,0,0,0,0,0,NaN,NaN,NaN,NaN,NaN,NaN,NaN,NaN,NaN,46.543,0,3492.3,0.0053322,NaN,NaN,NaN,NaN,19.54,98782,21.875,-2.258,0.88054,-8.0673,1.0367,1.3641,0.48914,NaN,NaN,NaN,NaN,NaN
482.73,-16.993,-16.239,33.569,-3.2362,1.9884,-9.0631,0.015298,2.6742,0.56941,0,0,0,NaN,NaN,NaN,NaN,NaN,NaN,NaN,NaN,NaN,46.543,0,3492.3,0.0053322,0.59458,2.1241,0.29393,NaN,19.52,98759,21.813,-2.249,0.86931,-8.1061,1.1852,1.4103,0.46406,NaN,NaN,NaN,NaN,NaN
482.73,-16.99,-16.23,33.568,-1.8319,1.9353,-7.6328,0.91501,3.4354,0.22947,0.68884,0.34637,-0.82046,NaN,NaN,NaN,NaN,NaN,NaN,NaN,NaN,NaN,46.543,0,3492.3,0.0053322,NaN,NaN,NaN,0.049112,NaN,-1,-1,-2.2415,0.88984,-8.1298,1.3916,1.494,0.42586,NaN,NaN,NaN,NaN,NaN
482.74,-16.986,-16.229,33.569,-1.6996,-0.64936,-7.4325,1.1964,-0.17573,0.19927,0,0,0,NaN,NaN,NaN,NaN,NaN,NaN,NaN,NaN,NaN,46.543,0,3492.3,0.0053322,NaN,NaN,NaN,NaN,NaN,-1,-1,-2.2425,0.89194,-8.1779,1.5631,1.3708,0.41999,NaN,NaN,NaN,NaN,NaN
482.74,0,0,0,0,0,0,0,0,0,0,0,0,NaN,NaN,NaN,NaN,NaN,NaN,NaN,NaN,NaN,46.543,0,3492.3,0.0053322,NaN,NaN,NaN,NaN,19.498,98762,21.813,-2.2374,0.88363,-8.2172,1.7597,1.3972,0.40149,NaN,NaN,NaN,NaN,NaN
482.74,-16.984,-16.226,33.571,-2.5849,1.402,-9.7157,0.61965,0.86362,0.50947,0,0,0,NaN,NaN,NaN,NaN,NaN,NaN,NaN,NaN,NaN,46.543,0,3492.3,0.0053322,NaN,NaN,NaN,NaN,NaN,-1,-1,-2.2288,0.88404,-8.2232,1.9899,1.4641,0.37247,NaN,NaN,NaN,NaN,NaN
482.74,-16.977,-16.213,33.569,-2.982,2.2215,-10.083,2.3782,5.18,0.30665,0,0,0,NaN,NaN,NaN,NaN,NaN,NaN,NaN,NaN,NaN,46.543,0,3492.3,0.0053322,0.60061,2.235,0.22091,0.085738,19.352,98791,21.938,-2.2268,0.88437,-8.2787,2.2475,1.3804,0.34436,NaN,NaN,NaN,NaN,NaN
482.75,-16.965,-16.207,33.572,-2.0657,0.041074,-8.5554,0.92934,-0.86511,0.48392,0,0,0,NaN,NaN,NaN,NaN,NaN,NaN,NaN,NaN,NaN,46.543,0,3492.3,0.0053322,NaN,NaN,NaN,NaN,NaN,-1,-1,-2.2261,0.87512,-8.3219,2.4622,1.4086,0.30414,NaN,NaN,NaN,NaN,NaN
482.75,-16.957,-16.204,33.573,-3.2632,1.9415,-10.339,2.6259,0.88889,0.1429,0,0,0,NaN,NaN,NaN,NaN,NaN,NaN,NaN,NaN,NaN,46.543,0,3492.3,0.0053322,NaN,NaN,NaN,NaN,NaN,-1,-1,-2.2068,0.86979,-8.3328,2.715,1.4769,0.28088,NaN,NaN,NaN,NaN,NaN
482.75,-16.948,-16.199,33.571,-2.4514,0.32313,-6.7605,3.7088,-0.2089,-0.061822,0.68402,0.34383,-0.8232,12.564,18.921,-5.7913,23.44,40.059,-88.55,3.6779e+05,4.4354e+06,326.37,46.543,0,3492.3,0.0053322,NaN,NaN,NaN,NaN,19.352,98790,21.938,-2.2111,0.87049,-8.3705,2.983,1.4859,0.24914,23.427,0.23135,-0.73945,-1.8079,0.56553
482.75,-16.939,-16.194,33.573,-2.6519,1.8806,-9.4951,3.4583,1.4751,0.4775,0,0,0,NaN,NaN,NaN,NaN,NaN,NaN,NaN,NaN,NaN,46.543,0,3492.3,0.0053322,NaN,NaN,NaN,NaN,NaN,-1,-1,-2.2012,0.87479,-8.422,3.3171,1.536,0.22948,NaN,NaN,NaN,NaN,NaN
482.76,-16.915,-16.176,33.571,-2.4542,-0.67655,-8.2299,4.4551,3.7644,0.33094,0,0,0,NaN,NaN,NaN,NaN,NaN,NaN,NaN,NaN,NaN,46.543,0,3492.3,0.0053322,0.59623,2.2374,0.2136,0.10155,NaN,-1,-1,-2.2155,0.87816,-8.542,3.6025,1.5822,0.21427,NaN,NaN,NaN,NaN,NaN
482.76,-16.903,-16.175,33.574,-1.9471,1.8593,-8.3401,4.7232,-0.12559,0.57296,0.68625,0.34143,-0.82069,NaN,NaN,NaN,NaN,NaN,NaN,NaN,NaN,NaN,46.543,0,3492.3,0.0053322,NaN,NaN,NaN,NaN,19.245,98795,21.938,-2.2065,0.88985,-8.5908,3.8939,1.5868,0.20167,NaN,NaN,NaN,NaN,NaN
482.76,-16.888,-16.171,33.575,-2.7207,1.1918,-10.863,5.7569,1.1828,0.37832,0,0,0,NaN,NaN,NaN,NaN,NaN,NaN,NaN,NaN,NaN,46.543,0,3492.3,0.0053322,NaN,NaN,NaN,NaN,NaN,-1,-1,-2.209,0.8829,-8.6507,4.1586,1.6859,0.20951,NaN,NaN,NaN,NaN,NaN
482.76,-16.86,-16.149,33.572,-3.1494,0.14924,-6.9519,4.3035,1.4088,0.13132,0,0,0,NaN,NaN,NaN,NaN,NaN,NaN,NaN,NaN,NaN,46.543,0,3492.3,0.0053322,NaN,NaN,NaN,NaN,19.474,98777,21.813,-2.1964,0.87422,-8.6722,4.4636,1.7298,0.16266,NaN,NaN,NaN,NaN,NaN
482.77,-16.847,-16.153,33.576,-1.6227,1.7261,-9.2077,5.1559,-1.8613,0.6255,0.67435,0.34644,-0.82406,NaN,NaN,NaN,NaN,NaN,NaN,NaN,NaN,NaN,46.543,0,3492.3,0.0053322,NaN,NaN,NaN,NaN,NaN,-1,-1,-2.2151,0.86916,-8.8273,4.7284,1.7229,0.14461,NaN,NaN,NaN,NaN,NaN
482.77,-16.831,-16.142,33.574,-2.7502,-0.11327,-12.331,5.8336,4.0679,0.094996,0,0,0,NaN,NaN,NaN,NaN,NaN,NaN,NaN,NaN,NaN,46.543,0,3492.3,0.0053322,0.59294,2.1241,0.2915,0.038291,NaN,-1,-1,-2.2163,0.86299,-8.8907,4.9513,1.7174,0.12271,NaN,NaN,NaN,NaN,NaN
482.77,-16.815,-16.131,33.573,-2.4551,0.67378,-6.0936,5.8203,4.4605,0.25743,0,0,0,NaN,NaN,NaN,NaN,NaN,NaN,NaN,NaN,NaN,46.543,0,3492.3,0.0053322,NaN,NaN,NaN,NaN,19.332,98802,22,-2.2138,0.87449,-8.9522,5.146,1.8475,0.087866,NaN,NaN,NaN,NaN,NaN
482.77,-16.8,-16.127,33.573,-1.4511,1.2829,-9.4632,5.4159,1.1916,-0.10067,0,0,0,NaN,NaN,NaN,NaN,NaN,NaN,NaN,NaN,NaN,46.543,0,3492.3,0.0053322,NaN,NaN,NaN,NaN,NaN,-1,-1,-2.2107,0.87814,-9.0202,5.3413,1.839,0.044545,NaN,NaN,NaN,NaN,NaN
482.78,-16.783,-16.124,33.572,-2.7308,1.0333,-9.0569,6.3502,1.1962,-0.15063,0.68402,0.33873,-0.8255,NaN,NaN,NaN,NaN,NaN,NaN,NaN,NaN,NaN,46.543,0,3492.3,0.0053322,NaN,NaN,NaN,NaN,NaN,-1,-1,-2.2172,0.88793,-9.105,5.5403,1.8923,0.022226,NaN,NaN,NaN,NaN,NaN
482.78,-16.767,-16.114,33.57,-2.2582,-0.046371,-10.786,5.9026,3.9289,-0.039018,0,0,0,NaN,NaN,NaN,NaN,NaN,NaN,NaN,NaN,NaN,46.543,0,3492.3,0.0053322,NaN,NaN,NaN,NaN,19.198,98781,21.813,-2.2091,0.87959,-9.1498,5.7118,1.97,-0.024251,NaN,NaN,NaN,NaN,NaN
482.78,-16.751,-16.11,33.571,-1.7515,1.8942,-7.8227,6.0107,1.4404,0.094022,0,0,0,NaN,NaN,NaN,NaN,NaN,NaN,NaN,NaN,NaN,46.543,0,3492.3,0.0053322,NaN,NaN,NaN,NaN,NaN,-1,-1,-2.2074,0.87576,-9.1781,5.8163,1.9784,-0.044256,NaN,NaN,NaN,NaN,NaN
482.78,-16.732,-16.103,33.571,-2.5463,2.0316,-10.119,7.013,2.6891,0.34234,0,0,0,NaN,NaN,NaN,NaN,NaN,NaN,NaN,NaN,NaN,46.543,0,3492.3,0.0053322,0.59513,2.2416,0.21665,0.092398,19.517,98797,21.875,-2.1994,0.8747,-9.2677,5.8478,2.1459,-0.078621,NaN,NaN,NaN,NaN,NaN
482.79,-16.715,-16.091,33.567,-2.5554,-0.40309,-8.1666,6.1398,4.5782,-0.42576,0.6889,0.34376,-0.82276,NaN,NaN,NaN,NaN,NaN,NaN,NaN,NaN,NaN,46.543,0,3492.3,0.0053322,NaN,NaN,NaN,NaN,NaN,-1,-1,-2.2055,0.85793,-9.3432,5.887,2.0705,-0.14331,NaN,NaN,NaN,NaN,NaN
482.79,-16.701,-16.089,33.567,-2.0113,0.57289,-8.2938,5.1373,0.55434,-0.039362,0,0,0,NaN,NaN,NaN,NaN,NaN,NaN,NaN,NaN,NaN,46.543,0,3492.3,0.0053322,NaN,NaN,NaN,NaN,NaN,-1,-1,-2.2115,0.85334,-9.4078,5.8493,2.2508,-0.18706,NaN,NaN,NaN,NaN,NaN
482.79,-16.686,-16.084,33.565,-2.3549,0.42293,-9.9558,5.4944,2.1996,-0.61295,0,0,0,NaN,NaN,NaN,NaN,NaN,NaN,NaN,NaN,NaN,46.543,0,3492.3,0.0053322,NaN,NaN,NaN,NaN,19.136,98786,21.875,-2.2097,0.85721,-9.4586,5.8165,2.408,-0.23932,NaN,NaN,NaN,NaN,NaN
482.79,-16.67,-16.079,33.563,-2.2751,0.58057,-9.7166,5.7614,1.8388,-0.65672,0,0,0,NaN,NaN,NaN,NaN,NaN,NaN,NaN,NaN,NaN,46.543,0,3492.3,0.0053322,0.59349,2.1026,0.29211,NaN,NaN,-1,-1,-2.1954,0.84801,-9.5086,5.7027,2.3791,-0.3062,NaN,NaN,NaN,NaN,NaN
482.8,-16.654,-16.073,33.561,-2.3746,0.16837,-9.3915,5.4167,2.6358,-0.36721,0.69114,0.34646,-0.81795,NaN,NaN,NaN,NaN,NaN,NaN,NaN,NaN,NaN,46.543,0,3492.3,0.0053322,NaN,NaN,NaN,0.039123,NaN,-1,-1,-2.2075,0.82817,-9.5948,5.5168,2.3959,-0.39394,NaN,NaN,NaN,NaN,NaN
482.8,-16.641,-16.065,33.559,-1.7045,1.3832,-9.0155,4.5886,2.8902,-0.45573,0,0,0,NaN,NaN,NaN,NaN,NaN,NaN,NaN,NaN,NaN,46.543,0,3492.3,0.0053322,NaN,NaN,NaN,NaN,19.304,98783,21.813,-2.2023,0.84471,-9.6314,5.3217,2.456,-0.45498,NaN,NaN,NaN,NaN,NaN
482.8,-16.625,-16.061,33.558,-2.2775,2.0908,-10.283,5.9232,1.6981,-0.46301,0,0,0,NaN,NaN,NaN,NaN,NaN,NaN,NaN,NaN,NaN,46.543,0,3492.3,0.0053322,NaN,NaN,NaN,NaN,NaN,-1,-1,-2.1953,0.83583,-9.6773,5.1978,2.6003,-0.52978,NaN,NaN,NaN,NaN,NaN
482.8,-16.61,-16.053,33.555,-2.2607,-0.29546,-9.6845,5.4071,3.3143,-0.50105,0,0,0,NaN,NaN,NaN,NaN,NaN,NaN,NaN,NaN,NaN,46.543,0,3492.3,0.0053322,NaN,NaN,NaN,NaN,19.392,98782,21.875,-2.1971,0.82593,-9.7128,4.9238,2.5892,-0.57721,NaN,NaN,NaN,NaN,NaN
482.81,-16.596,-16.049,33.554,-2.4852,0.8732,-9.5162,4.9639,1.3466,-0.55285,0.69134,0.34373,-0.82254,NaN,NaN,NaN,NaN,NaN,NaN,NaN,NaN,NaN,46.543,0,3492.3,0.0053322,NaN,NaN,NaN,NaN,NaN,-1,-1,-2.1958,0.81424,-9.7403,4.6952,2.6645,-0.65212,NaN,NaN,NaN,NaN,NaN
482.81,-16.583,-16.039,33.551,-1.8753,2.3019,-9.9218,4.3602,4.1363,-0.22832,0,0,0,NaN,NaN,NaN,NaN,NaN,NaN,NaN,NaN,NaN,46.543,0,3492.3,0.0053322,NaN,NaN,NaN,NaN,NaN,-1,-1,-2.1876,0.79183,-9.759,4.4534,2.6735,-0.72106,NaN,NaN,NaN,NaN,NaN
482.81,-16.57,-16.034,33.548,-1.9551,-0.42023,-9.3631,4.5675,1.9764,-0.97712,0,0,0,NaN,NaN,NaN,NaN,NaN,NaN,NaN,NaN,NaN,46.543,0,3492.3,0.0053322,NaN,NaN,NaN,NaN,19.283,98801,21.875,-2.1864,0.78713,-9.8184,4.1818,2.6426,-0.77304,NaN,NaN,NaN,NaN,NaN
482.81,-16.56,-16.03,33.546,-3.0775,0.10154,-10.267,3.5366,1.9753,-0.7936,0,0,0,NaN,NaN,NaN,NaN,NaN,NaN,NaN,NaN,NaN,46.543,0,3492.3,0.0053322,NaN,NaN,NaN,NaN,NaN,-1,-1,-2.1804,0.79465,-9.8478,3.9301,2.8081,-0.84467,NaN,NaN,NaN,NaN,NaN
482.82,-16.536,-16.018,33.538,-2.2784,0.1259,-9.1402,4.2499,2.0194,-1.5175,0,0,0,NaN,NaN,NaN,NaN,NaN,NaN,NaN,NaN,NaN,46.543,0,3492.3,0.0053322,NaN,NaN,NaN,NaN,NaN,-1,-1,-2.1789,0.76948,-9.8828,3.6351,2.6717,-0.92625,NaN,NaN,NaN,NaN,NaN
482.82,-16.528,-16.013,33.537,-2.4719,0.76731,-10.509,2.959,1.6742,-0.71161,0,0,0,NaN,NaN,NaN,NaN,NaN,NaN,NaN,NaN,NaN,46.543,0,3492.3,0.0053322,NaN,NaN,NaN,NaN,19.116,98819,22,-2.1881,0.76507,-9.9288,3.3998,2.6637,-0.97816,NaN,NaN,NaN,NaN,NaN
482.82,-16.519,-16.003,33.532,-1.6891,2.1345,-10.701,2.6743,4.2409,-1.0361,0,0,0,NaN,NaN,NaN,NaN,NaN,NaN,NaN,NaN,NaN,46.631,0,3526.6,0.0080533,0.60225,2.1056,0.29941,0.052442,NaN,-1,-1,-2.1763,0.75579,-9.9449,3.1097,2.8081,-1.0515,NaN,NaN,NaN,NaN,NaN
482.82,-16.508,-15.995,33.527,-2.0307,0.17569,-9.3766,3.347,3.4981,-1.4158,0.68421,0.336,-0.83008,NaN,NaN,NaN,NaN,NaN,NaN,NaN,NaN,NaN,46.631,0,3526.6,0.0080533,NaN,NaN,NaN,NaN,18.958,98780,21.75,-2.185,0.7493,-9.9709,2.8277,2.6549,-1.0989,NaN,NaN,NaN,NaN,NaN
482.83,-16.499,-15.994,33.524,-2.3597,0.5351,-9.8417,2.7236,0.80432,-1.0905,0,0,0,NaN,NaN,NaN,NaN,NaN,NaN,NaN,NaN,NaN,46.631,0,3526.6,0.0080533,NaN,NaN,NaN,NaN,NaN,-1,-1,-2.1754,0.73868,-9.9967,2.5696,2.77,-1.1681,NaN,NaN,NaN,NaN,NaN
482.83,-16.491,-15.984,33.52,-2.6112,1.4482,-10.832,2.4347,3.9123,-1.0598,0,0,0,NaN,NaN,NaN,NaN,NaN,NaN,NaN,NaN,NaN,46.631,0,3526.6,0.0080533,NaN,NaN,NaN,NaN,NaN,-1,-1,-2.1792,0.72097,-10.01,2.2706,2.9154,-1.2246,NaN,NaN,NaN,NaN,NaN
482.83,-16.482,-15.974,33.516,-1.5527,1.5485,-8.3932,2.7086,4.3409,-0.92521,0,0,0,NaN,NaN,NaN,NaN,NaN,NaN,NaN,NaN,NaN,46.631,0,3526.6,0.0080533,0.60115,2.2362,0.22943,0.074917,19.308,98844,22.063,-2.1803,0.71054,-10.014,1.9618,2.864,-1.3147,NaN,NaN,NaN,NaN,NaN
482.83,-16.476,-15.968,33.509,-2.0753,0.41114,-9.9457,0.22088,2.0469,-1.4286,0,0,0,NaN,NaN,NaN,NaN,NaN,NaN,NaN,NaN,NaN,46.631,0,3526.6,0.0080533,0.60115,2.2362,0.22943,0.074917,NaN,-1,-1,-2.1771,0.69992,-10.048,1.6629,2.8905,-1.383,NaN,NaN,NaN,NaN,NaN
482.84,-16.473,-15.959,33.503,-1.6856,1.0936,-11.226,0.22225,3.8738,-1.4632,0,0,0,NaN,NaN,NaN,NaN,NaN,NaN,NaN,NaN,NaN,46.631,0,3526.6,0.0080533,NaN,NaN,NaN,NaN,NaN,-1,-1,-2.1797,0.68744,-10.06,1.3788,2.8481,-1.4566,NaN,NaN,NaN,NaN,NaN
482.84,-16.467,-15.957,33.499,-2.5028,0.09955,-9.0962,1.421,1.1437,-2.0597,0,0,0,NaN,NaN,NaN,NaN,NaN,NaN,NaN,NaN,NaN,46.631,0,3526.6,0.0080533,NaN,NaN,NaN,NaN,19.453,98777,21.813,-2.1791,0.68445,-10.082,1.1011,2.9016,-1.5213,NaN,NaN,NaN,NaN,NaN
482.84,-16.465,-15.944,33.491,-2.5595,1.2251,-10.517,-0.28023,5.6006,-1.5119,0.67448,0.34632,-0.82635,NaN,NaN,NaN,NaN,NaN,NaN,NaN,NaN,NaN,46.631,0,3526.6,0.0080533,NaN,NaN,NaN,NaN,NaN,-1,-1,-2.1733,0.66603,-10.083,0.86549,2.8886,-1.5662,NaN,NaN,NaN,NaN,NaN
482.84,-16.462,-15.943,33.488,-1.3946,1.3871,-8.8151,0.40691,0.6573,-1.7152,0,0,0,NaN,NaN,NaN,NaN,NaN,NaN,NaN,NaN,NaN,46.631,0,3526.6,0.0080533,NaN,NaN,NaN,NaN,19.116,98816,22,-2.1736,0.6603,-10.119,0.58812,2.8901,-1.6342,NaN,NaN,NaN,NaN,NaN
482.85,-16.46,-15.939,33.482,-2.1041,0.45777,-11.816,-0.37787,2.1397,-1.9495,0,0,0,NaN,NaN,NaN,NaN,NaN,NaN,NaN,NaN,NaN,46.631,0,3526.6,0.0080533,0.60499,2.1181,0.29515,0.033296,NaN,-1,-1,-2.1733,0.6695,-10.129,0.3092,2.7883,-1.6902,NaN,NaN,NaN,NaN,NaN
482.85,-16.455,-15.929,33.476,-2.5347,2.1072,-9.6222,0.99122,4.2109,-1.7103,0,0,0,NaN,NaN,NaN,NaN,NaN,NaN,NaN,NaN,NaN,46.631,0,3526.6,0.0080533,NaN,NaN,NaN,NaN,NaN,-1,-1,-2.1699,0.64993,-10.119,0.022274,2.7921,-1.7571,NaN,NaN,NaN,NaN,NaN
482.85,-16.451,-15.923,33.471,-2.4374,0.15161,-10.309,0.62951,2.7889,-1.4003,0.6843,0.34867,-0.82547,NaN,NaN,NaN,NaN,NaN,NaN,NaN,NaN,NaN,46.631,0,3526.6,0.0080533,NaN,NaN,NaN,NaN,19.004,98803,21.875,-2.1624,0.61603,-10.114,-0.22433,2.7339,-1.8447,NaN,NaN,NaN,NaN,NaN
482.85,-16.449,-15.919,33.467,-1.5697,0.42641,-8.9171,0.033575,1.9746,-1.7578,0,0,0,NaN,NaN,NaN,NaN,NaN,NaN,NaN,NaN,NaN,46.631,0,3526.6,0.0080533,NaN,NaN,NaN,NaN,NaN,-1,-1,-2.1628,0.6183,-10.153,-0.4622,2.7047,-1.9333,NaN,NaN,NaN,NaN,NaN
482.86,-16.451,-15.909,33.461,-2.4799,1.1217,-11.421,-1.8345,4.0969,-1.5838,0,0,0,NaN,NaN,NaN,NaN,NaN,NaN,NaN,NaN,NaN,46.631,0,3526.6,0.0080533,NaN,NaN,NaN,NaN,NaN,-1,-1,-2.1687,0.60539,-10.14,-0.71343,2.6679,-1.9917,NaN,NaN,NaN,NaN,NaN
482.86,-16.448,-15.903,33.454,-2.463,0.034105,-9.3821,-0.25382,2.9342,-2.3028,0,0,0,NaN,NaN,NaN,NaN,NaN,NaN,NaN,NaN,NaN,46.631,0,3526.6,0.0080533,NaN,NaN,NaN,0.10155,19.134,98801,21.875,-2.1598,0.58922,-10.124,-0.89038,2.6388,-2.0511,NaN,NaN,NaN,NaN,NaN
482.86,-16.449,-15.9,33.449,-1.7276,0.57432,-11.261,-1.2623,1.557,-1.9312,0.67461,0.3411,-0.83095,NaN,NaN,NaN,NaN,NaN,NaN,NaN,NaN,NaN,46.631,0,3526.6,0.0080533,NaN,NaN,NaN,NaN,19.133,98787,21.813,-2.159,0.57516,-10.132,-1.0532,2.6782,-2.1035,NaN,NaN,NaN,NaN,NaN
482.86,-16.448,-15.897,33.442,-2.4426,0.66609,-10.248,-0.8572,1.838,-2.4819,0,0,0,NaN,NaN,NaN,NaN,NaN,NaN,NaN,NaN,NaN,46.631,0,3526.6,0.0080533,NaN,NaN,NaN,NaN,NaN,-1,-1,-2.1642,0.59051,-10.169,-1.2107,2.5968,-2.1558,NaN,NaN,NaN,NaN,NaN
482.87,-16.449,-15.879,33.426,-2.1262,-0.22306,-9.601,-1.1406,4.4733,-2.6337,0,0,0,NaN,NaN,NaN,NaN,NaN,NaN,NaN,NaN,NaN,46.631,0,3526.6,0.0080533,NaN,NaN,NaN,NaN,19.35,98764,21.813,-2.1599,0.58288,-10.197,-1.344,2.6283,-2.2176,NaN,NaN,NaN,NaN,NaN
482.87,-16.45,-15.877,33.42,-2.2734,0.60219,-11.106,-1.6129,0.97987,-2.282,0.68393,0.33116,-0.82781,NaN,NaN,NaN,NaN,NaN,NaN,NaN,NaN,NaN,46.631,0,3526.6,0.0080533,0.61046,2.2356,0.23308,0.063263,NaN,-1,-1,-2.166,0.57256,-10.166,-1.4633,2.5326,-2.2757,NaN,NaN,NaN,NaN,NaN
482.87,-16.448,-15.859,33.406,-2.0253,0.99225,-10.363,-0.67901,6.2225,-1.691,0,0,0,NaN,NaN,NaN,NaN,NaN,NaN,NaN,NaN,NaN,46.631,0,3526.6,0.0080533,NaN,NaN,NaN,NaN,19.434,98811,21.938,-2.1516,0.56565,-10.144,-1.5913,2.4772,-2.3408,NaN,NaN,NaN,NaN,NaN
482.87,-16.45,-15.852,33.398,-2.0943,-0.58933,-8.7286,-1.8837,3.7841,-2.7422,0,0,0,NaN,NaN,NaN,NaN,NaN,NaN,NaN,NaN,NaN,46.631,0,3526.6,0.0080533,NaN,NaN,NaN,NaN,NaN,-1,-1,-2.1507,0.54198,-10.183,-1.6943,2.5629,-2.4281,NaN,NaN,NaN,NaN,NaN
482.88,-16.453,-15.855,33.393,-2.0444,1.0258,-10.667,-2.3123,-1.1245,-2.4203,0.6696,0.34129,-0.82909,NaN,NaN,NaN,NaN,NaN,NaN,NaN,NaN,NaN,46.631,0,3526.6,0.0080533,NaN,NaN,NaN,NaN,19.219,98781,21.813,-2.1548,0.52342,-10.178,-1.8036,2.3969,-2.5007,NaN,NaN,NaN,NaN,NaN
482.88,-16.456,-15.848,33.385,-2.3701,0.30286,-13.976,-2.3683,3.5675,-2.7149,0,0,0,NaN,NaN,NaN,NaN,NaN,NaN,NaN,NaN,NaN,46.631,0,3526.6,0.0080533,0.59349,2.2315,0.21847,0.095727,NaN,-1,-1,-2.155,0.51471,-10.167,-1.8542,2.5553,-2.5553,NaN,NaN,NaN,NaN,NaN
482.88,-16.461,-15.834,33.368,-1.3979,1.7214,-8.9377,-2.8858,1.0479,-2.6,0,0,0,NaN,NaN,NaN,NaN,NaN,NaN,NaN,NaN,NaN,46.631,0,3526.6,0.0080533,NaN,NaN,NaN,NaN,19.771,98820,22,-2.1445,0.50499,-10.173,-1.8678,2.516,-2.6132,NaN,NaN,NaN,NaN,NaN
482.88,-16.463,-15.835,33.362,-2.2927,1.6024,-13.269,-1.9608,0.48615,-2.8516,0.66931,0.33136,-0.82912,NaN,NaN,NaN,NaN,NaN,NaN,NaN,NaN,NaN,46.631,0,3526.6,0.0080533,NaN,NaN,NaN,NaN,NaN,-1,-1,-2.1547,0.48323,-10.18,-1.9015,2.3597,-2.6625,NaN,NaN,NaN,NaN,NaN
482.89,-16.465,-15.816,33.343,-1.6065,1.1483,-8.8678,-2.2538,2.9728,-2.1858,0,0,0,NaN,NaN,NaN,NaN,NaN,NaN,NaN,NaN,NaN,46.631,0,3526.6,0.0080533,NaN,NaN,NaN,NaN,NaN,-1,-1,-2.1463,0.48984,-10.169,-1.8963,2.4607,-2.723,NaN,NaN,NaN,NaN,NaN
482.89,-16.467,-15.817,33.337,-2.5557,1.1371,-12.034,-1.6246,0.11688,-2.8985,0,0,0,NaN,NaN,NaN,NaN,NaN,NaN,NaN,NaN,NaN,46.631,0,3526.6,0.0080533,0.64605,2.1396,0.28785,0.0066593,19.37,98812,21.938,-2.1481,0.47647,-10.184,-1.8445,2.4774,-2.7439,NaN,NaN,NaN,NaN,NaN
482.89,-16.469,-15.795,33.318,-2.4729,-0.28128,-9.5797,-2.4049,4.8983,-2.6563,0,0,0,NaN,NaN,NaN,NaN,NaN,NaN,NaN,NaN,NaN,46.631,0,3526.6,0.0080533,NaN,NaN,NaN,NaN,NaN,-1,-1,-2.1456,0.48081,-10.165,-1.9008,2.4919,-2.8797,NaN,NaN,NaN,NaN,NaN
482.89,-16.472,-15.798,33.313,-1.6057,0.008644,-9.7656,-2.4275,-0.51715,-2.7485,0,0,0,NaN,NaN,NaN,NaN,NaN,NaN,NaN,NaN,NaN,46.631,0,3526.6,0.0080533,NaN,NaN,NaN,NaN,19.391,98830,22,-2.1271,0.46614,-10.142,-1.908,2.3599,-2.9073,NaN,NaN,NaN,NaN,NaN
482.9,-16.475,-15.794,33.305,-2.3028,0.27764,-13.412,-2.4116,2.2403,-3.0186,0,0,0,NaN,NaN,NaN,NaN,NaN,NaN,NaN,NaN,NaN,46.631,0,3526.6,0.0080533,NaN,NaN,NaN,NaN,NaN,-1,-1,-2.1287,0.45449,-10.145,-1.9034,2.3371,-2.9572,NaN,NaN,NaN,NaN,NaN
482.9,-16.475,-15.786,33.295,-2.2426,0.17055,-9.8811,-1.5704,4.0828,-3.09,0.67446,0.33613,-0.83096,NaN,NaN,NaN,NaN,NaN,NaN,NaN,NaN,NaN,46.631,0,3526.6,0.0080533,NaN,NaN,NaN,NaN,NaN,-1,-1,-2.1394,0.44037,-10.149,-1.9163,2.2845,-2.9711,NaN,NaN,NaN,NaN,NaN
482.9,-16.477,-15.779,33.286,-1.752,0.88341,-11.531,-2.1609,3.4327,-3.0735,0,0,0,NaN,NaN,NaN,NaN,NaN,NaN,NaN,NaN,NaN,46.631,0,3526.6,0.0080533,NaN,NaN,NaN,NaN,19.372,98802,21.938,-2.1379,0.44491,-10.129,-1.8485,2.2571,-2.9835,NaN,NaN,NaN,NaN,NaN
482.9,-16.477,-15.777,33.277,-2.1524,0.49738,-10.541,-1.1528,1.6479,-3.356,0,0,0,NaN,NaN,NaN,NaN,NaN,NaN,NaN,NaN,NaN,46.631,0,3526.6,0.0080533,0.61539,2.1223,0.29393,0.04495,NaN,-1,-1,-2.1328,0.43621,-10.106,-1.7985,2.3219,-3.0026,NaN,NaN,NaN,NaN,NaN
482.91,-16.48,-15.765,33.261,-2.1082,0.71051,-9.4549,-1.4657,2.9579,-2.8267,0.67705,0.34107,-0.83073,NaN,NaN,NaN,NaN,NaN,NaN,NaN,NaN,NaN,46.631,0,3526.6,0.0080533,NaN,NaN,NaN,NaN,NaN,-1,-1,-2.1391,0.42702,-10.113,-1.6833,2.3233,-3.0234,NaN,NaN,NaN,NaN,NaN
482.91,-16.48,-15.759,33.254,-1.9749,0.5061,-12.125,-1.4138,2.8886,-2.4029,0,0,0,NaN,NaN,NaN,NaN,NaN,NaN,NaN,NaN,NaN,46.631,0,3526.6,0.0080533,NaN,NaN,NaN,NaN,19.346,98807,21.875,-2.1343,0.43381,-10.092,-1.5469,2.3513,-3.0162,NaN,NaN,NaN,NaN,NaN
482.91,-16.48,-15.753,33.244,-2.3219,0.27532,-10.096,-1.2214,3.5389,-3.2967,0,0,0,NaN,NaN,NaN,NaN,NaN,NaN,NaN,NaN,NaN,46.631,0,3526.6,0.0080533,NaN,NaN,NaN,NaN,19.327,98793,21.875,-2.1326,0.42928,-10.077,-1.4428,2.297,-3.0109,NaN,NaN,NaN,NaN,NaN
482.91,-16.48,-15.749,33.235,-2.1455,0.32287,-10.056,-1.3636,2.094,-3.2554,0,0,0,NaN,NaN,NaN,NaN,NaN,NaN,NaN,NaN,NaN,46.631,0,3526.6,0.0080533,0.58199,2.2249,0.213,NaN,NaN,-1,-1,-2.1408,0.4126,-10.039,-1.3915,2.384,-2.9943,NaN,NaN,NaN,NaN,NaN
482.92,-16.48,-15.748,33.226,-1.9173,-0.20097,-11.44,-1.422,1.4531,-3.4772,0.67954,0.33843,-0.8328,NaN,NaN,NaN,NaN,NaN,NaN,NaN,NaN,NaN,46.631,0,3526.6,0.0080533,NaN,NaN,NaN,NaN,NaN,-1,-1,-2.1199,0.39279,-9.9115,-1.285,2.3589,-3.0252,NaN,NaN,NaN,NaN,NaN
482.92,-16.479,-15.743,33.217,-2.1811,-0.28666,-10.4,-1.1556,2.9527,-3.52,0,0,0,NaN,NaN,NaN,NaN,NaN,NaN,NaN,NaN,NaN,46.631,0,3526.6,0.0080533,NaN,NaN,NaN,NaN,NaN,-1,-1,-2.1083,0.38672,-9.8843,-1.1672,2.2428,-3.006,NaN,NaN,NaN,NaN,NaN
482.92,-16.48,-15.738,33.209,-2.507,0.67919,-10.862,-1.7068,2.4193,-2.763,0,0,0,NaN,NaN,NaN,NaN,NaN,NaN,NaN,NaN,NaN,46.631,0,3555.1,0.0075089,NaN,NaN,NaN,NaN,19.492,98798,21.813,-2.1167,0.36793,-9.8856,-1.0286,2.2082,-3.0105,NaN,NaN,NaN,NaN,NaN
482.92,-16.478,-15.728,33.19,-2.1515,-0.4826,-11.075,-1.1206,4.3361,-3.4876,0.67689,0.33101,-0.83304,NaN,NaN,NaN,NaN,NaN,NaN,NaN,NaN,NaN,46.631,0,3555.1,0.0075089,NaN,NaN,NaN,NaN,NaN,-1,-1,-2.1175,0.38334,-9.8564,-0.97054,2.2838,-2.9933,NaN,NaN,NaN,NaN,NaN
482.93,-16.478,-15.722,33.181,-2.1257,0.73598,-8.1045,-1.0565,3.2491,-3.0342,0,0,0,NaN,NaN,NaN,NaN,NaN,NaN,NaN,NaN,NaN,46.631,0,3555.1,0.0075089,0.60334,2.2356,0.22577,0.084906,NaN,-1,-1,-2.0952,0.3633,-9.7437,-0.86666,2.1914,-2.966,NaN,NaN,NaN,NaN,NaN
482.93,-16.475,-15.727,33.176,-2.4928,0.43942,-12.633,-0.1355,-1.457,-3.0133,0,0,0,NaN,NaN,NaN,NaN,NaN,NaN,NaN,NaN,NaN,46.631,0,3555.1,0.0075089,NaN,NaN,NaN,NaN,19.26,98770,21.75,-2.1122,0.36388,-9.7857,-0.77052,2.3592,-2.929,NaN,NaN,NaN,NaN,NaN
482.93,-16.473,-15.715,33.167,-2.3796,0.85488,-10.414,-0.21308,5.4156,-2.4806,0,0,0,NaN,NaN,NaN,NaN,NaN,NaN,NaN,NaN,NaN,46.631,0,3555.1,0.0075089,NaN,NaN,NaN,NaN,19.24,98764,21.75,-2.1108,0.37182,-9.7609,-0.73078,2.4803,-2.9181,NaN,NaN,NaN,NaN,NaN
482.93,-16.473,-15.714,33.151,-2.1296,-0.75345,-9.0873,-1.5211,-1.8297,-3.1208,0,0,0,NaN,NaN,NaN,NaN,NaN,NaN,NaN,NaN,NaN,46.631,0,3555.1,0.0075089,NaN,NaN,NaN,NaN,NaN,-1,-1,-2.1135,0.365,-9.7514,-0.7285,2.3422,-2.9008,NaN,NaN,NaN,NaN,NaN
482.94,-16.473,-15.708,33.142,-2.7297,0.4131,-12.132,-1.2568,3.2243,-3.3317,0,0,0,NaN,NaN,NaN,NaN,NaN,NaN,NaN,NaN,NaN,46.631,0,3555.1,0.0075089,NaN,NaN,NaN,NaN,NaN,-1,-1,-2.1184,0.37273,-9.7242,-0.71102,2.3804,-2.8855,NaN,NaN,NaN,NaN,NaN
482.94,-16.47,-15.699,33.132,-1.9849,-0.039602,-9.1715,-0.40537,4.2021,-3.184,0,0,0,NaN,NaN,NaN,NaN,NaN,NaN,NaN,NaN,NaN,46.631,0,3555.1,0.0075089,0.66138,2.1276,0.29332,0.015816,19.324,98751,21.688,-2.1187,0.36598,-9.7269,-0.77399,2.4858,-2.8597,NaN,NaN,NaN,NaN,NaN
482.94,-16.47,-15.702,33.127,-1.844,0.42845,-8.7609,-1.0311,-0.5996,-2.6027,0.68421,0.336,-0.83008,NaN,NaN,NaN,NaN,NaN,NaN,NaN,NaN,NaN,46.631,0,3555.1,0.0075089,NaN,NaN,NaN,NaN,19.264,98790,21.875,-2.1231,0.37656,-9.7375,-0.82822,2.4363,-2.841,NaN,NaN,NaN,NaN,NaN
482.94,-16.47,-15.698,33.117,-2.2247,0.37963,-12.231,-1.3946,2.3485,-3.4244,0,0,0,NaN,NaN,NaN,NaN,NaN,NaN,NaN,NaN,NaN,46.631,0,3555.1,0.0075089,NaN,NaN,NaN,NaN,NaN,-1,-1,-2.1324,0.36893,-9.7266,-0.94894,2.4187,-2.799,NaN,NaN,NaN,NaN,NaN
482.95,0,0,0,0,0,0,0,0,0,0,0,0,NaN,NaN,NaN,NaN,NaN,NaN,NaN,NaN,NaN,46.631,0,3555.1,0.0075089,NaN,NaN,NaN,NaN,NaN,-1,-1,-2.1313,0.39053,-9.7289,-1.0486,2.3601,-2.7778,NaN,NaN,NaN,NaN,NaN
482.95,-16.469,-15.684,33.107,-2.3577,0.27804,-8.6671,-1.0357,6.5099,-2.7706,0,0,0,NaN,NaN,NaN,NaN,NaN,NaN,NaN,NaN,NaN,46.631,0,3555.1,0.0075089,0.59404,2.2315,0.23064,0.073252,NaN,-1,-1,-2.1425,0.40096,-9.7312,-1.1879,2.5037,-2.7426,NaN,NaN,NaN,NaN,NaN
482.95,-16.461,-15.687,33.095,-2.5391,0.69971,-12.559,0.42743,0.79446,-2.5431,0.68437,0.34606,-0.82776,NaN,NaN,NaN,NaN,NaN,NaN,NaN,NaN,NaN,46.631,0,3555.1,0.0075089,NaN,NaN,NaN,NaN,19.345,98792,21.813,-2.1548,0.41743,-9.7086,-1.3978,2.4272,-2.7171,NaN,NaN,NaN,NaN,NaN
482.95,-16.457,-15.673,33.084,-2.0004,0.64594,-8.4423,-0.071906,6.618,-2.9321,0,0,0,NaN,NaN,NaN,NaN,NaN,NaN,NaN,NaN,NaN,46.631,0,3555.1,0.0075089,NaN,NaN,NaN,NaN,NaN,-1,-1,-2.142,0.42414,-9.6953,-1.6391,2.3926,-2.7273,NaN,NaN,NaN,NaN,NaN
482.96,-16.458,-15.671,33.077,-2.3498,-0.49973,-8.5783,-1.4368,1.4073,-3.0441,0,0,0,NaN,NaN,NaN,NaN,NaN,NaN,NaN,NaN,NaN,46.631,0,3555.1,0.0075089,NaN,NaN,NaN,NaN,NaN,-1,-1,-2.1561,0.44199,-9.6804,-1.8611,2.3805,-2.719,NaN,NaN,NaN,NaN,NaN
482.96,-16.459,-15.674,33.071,-2.0489,-0.42938,-9.5849,-1.4788,-0.56751,-2.9856,0,0,0,NaN,NaN,NaN,NaN,NaN,NaN,NaN,NaN,NaN,46.631,0,3555.1,0.0075089,NaN,NaN,NaN,NaN,19.262,98777,21.813,-2.1617,0.45577,-9.672,-2.0806,2.4688,-2.7218,NaN,NaN,NaN,NaN,NaN
482.96,-16.46,-15.661,33.053,-2.4247,-0.11747,-7.5595,-1.8113,3.326,-2.5332,0,0,0,NaN,NaN,NaN,NaN,NaN,NaN,NaN,NaN,NaN,46.631,0,3555.1,0.0075089,0.65481,2.1503,0.28115,0.016648,NaN,-1,-1,-2.1476,0.46208,-9.6588,-2.2923,2.4962,-2.7318,NaN,NaN,NaN,NaN,NaN
482.96,-16.464,-15.659,33.047,-1.9034,0.88512,-10.038,-2.5419,1.3291,-2.808,0,0,0,NaN,NaN,NaN,NaN,NaN,NaN,NaN,NaN,NaN,46.631,0,3555.1,0.0075089,NaN,NaN,NaN,NaN,19.704,98807,21.875,-2.1543,0.46875,-9.6301,-2.555,2.4898,-2.735,NaN,NaN,NaN,NaN,NaN
482.97,-16.474,-15.65,33.024,-2.2916,0.6205,-9.2891,-2.0054,2.9153,-2.8936,0.68665,0.33597,-0.82986,12.201,19.319,-5.8651,23.59,40.059,-88.55,3.6779e+05,4.4354e+06,324.96,46.631,0,3555.1,0.0075089,NaN,NaN,NaN,NaN,NaN,-1,-1,-2.1435,0.48184,-9.6013,-2.8281,2.5715,-2.7158,23.582,-0.14033,-0.57926,-1.4071,-0.34085
482.97,-16.477,-15.65,33.017,-2.3351,0.34967,-9.2628,-2.3589,0.83915,-2.8513,0,0,0,NaN,NaN,NaN,NaN,NaN,NaN,NaN,NaN,NaN,46.631,0,3555.1,0.0075089,NaN,NaN,NaN,NaN,18.876,98772,21.813,-2.1467,0.4856,-9.6059,-3.1583,2.5663,-2.7312,NaN,NaN,NaN,NaN,NaN
482.97,-16.481,-15.643,33.011,-1.8893,1.099,-10.025,-2.5815,3.2171,-1.8833,0,0,0,NaN,NaN,NaN,NaN,NaN,NaN,NaN,NaN,NaN,46.631,0,3555.1,0.0075089,0.58144,2.2213,0.21786,NaN,19.132,98812,21.875,-2.1522,0.49535,-9.6102,-3.5199,2.6305,-2.7589,NaN,NaN,NaN,NaN,NaN
482.97,-16.488,-15.632,33.002,-2.3027,0.18476,-8.6514,-4.1999,4.921,-2.7713,0,0,0,NaN,NaN,NaN,NaN,NaN,NaN,NaN,NaN,NaN,46.631,0,3555.1,0.0075089,NaN,NaN,NaN,0.10155,NaN,-1,-1,-2.1483,0.51894,-9.5841,-3.8939,2.5578,-2.7959,NaN,NaN,NaN,NaN,NaN
482.98,-16.505,-15.629,32.988,-2.2541,0.46054,-11.212,-4.9892,2.9464,-2.4554,0,0,0,NaN,NaN,NaN,NaN,NaN,NaN,NaN,NaN,NaN,46.631,0,3555.1,0.0075089,NaN,NaN,NaN,NaN,NaN,-1,-1,-2.1459,0.53596,-9.592,-4.1881,2.511,-2.8293,NaN,NaN,NaN,NaN,NaN
482.98,-16.51,-15.624,32.98,-2.294,0.42609,-7.7369,-3.2928,2.5139,-3.2251,0,0,0,NaN,NaN,NaN,NaN,NaN,NaN,NaN,NaN,NaN,46.631,0,3555.1,0.0075089,NaN,NaN,NaN,NaN,NaN,-1,-1,-2.1515,0.55201,-9.5785,-4.5202,2.6773,-2.8302,NaN,NaN,NaN,NaN,NaN
482.98,-16.542,-15.609,32.954,-2.1465,0.12596,-9.8611,-5.6943,4.3347,-3.1951,0,0,0,NaN,NaN,NaN,NaN,NaN,NaN,NaN,NaN,NaN,46.631,0,3555.1,0.0075089,NaN,NaN,NaN,NaN,19.556,98795,21.813,-2.1603,0.55426,-9.6348,-4.7993,2.7658,-2.8611,NaN,NaN,NaN,NaN,NaN
482.98,-16.552,-15.605,32.947,-1.9487,0.95347,-8.7837,-5.2136,2.2463,-2.7527,0,0,0,NaN,NaN,NaN,NaN,NaN,NaN,NaN,NaN,NaN,46.631,0,3555.1,0.0075089,NaN,NaN,NaN,NaN,NaN,-1,-1,-2.156,0.56413,-9.6522,-5.1025,2.7165,-2.8661,NaN,NaN,NaN,NaN,NaN
482.99,-16.562,-15.603,32.94,-2.5145,0.4147,-9.4331,-5.3672,1.6889,-2.8866,0,0,0,NaN,NaN,NaN,NaN,NaN,NaN,NaN,NaN,NaN,46.631,0,3555.1,0.0075089,NaN,NaN,NaN,NaN,NaN,-1,-1,-2.164,0.56731,-9.6556,-5.3055,2.6652,-2.8991,NaN,NaN,NaN,NaN,NaN
482.99,-16.572,-15.593,32.93,-1.9672,1.1667,-10.05,-5.4878,4.459,-2.6907,0.67949,0.34613,-0.8282,NaN,NaN,NaN,NaN,NaN,NaN,NaN,NaN,NaN,46.631,0,3555.1,0.0075089,NaN,NaN,NaN,NaN,19.344,98800,21.813,-2.1671,0.5991,-9.6441,-5.4786,2.8891,-2.8933,NaN,NaN,NaN,NaN,NaN
482.99,-16.586,-15.585,32.921,-2.3609,-0.33056,-8.4385,-7.012,4.0076,-2.8504,0,0,0,NaN,NaN,NaN,NaN,NaN,NaN,NaN,NaN,NaN,46.631,0,3555.1,0.0075089,NaN,NaN,NaN,NaN,19.324,98810,21.875,-2.1851,0.62304,-9.7528,-5.6292,2.6249,-2.9152,NaN,NaN,NaN,NaN,NaN
482.99,-16.599,-15.588,32.916,-1.868,0.41476,-8.9491,-6.2443,-0.73803,-3.0337,0,0,0,NaN,NaN,NaN,NaN,NaN,NaN,NaN,NaN,NaN,46.631,0,3555.1,0.0075089,NaN,NaN,NaN,NaN,NaN,-1,-1,-2.1899,0.64068,-9.7598,-5.7526,2.6221,-2.9505,NaN,NaN,NaN,NaN,NaN
483,-16.612,-15.584,32.907,-2.4572,0.49877,-10.962,-6.569,2.625,-3.0945,0,0,0,NaN,NaN,NaN,NaN,NaN,NaN,NaN,NaN,NaN,46.631,0,3555.1,0.0075089,0.60006,2.1026,0.29637,0.051609,NaN,-1,-1,-2.1837,0.64427,-9.7658,-5.8076,2.8077,-2.9752,NaN,NaN,NaN,NaN,NaN
483,-16.623,-15.575,32.897,-2.0072,0.24524,-8.5702,-5.6891,4.201,-3.1035,0.66241,0.33618,-0.83434,NaN,NaN,NaN,NaN,NaN,NaN,NaN,NaN,NaN,46.631,0,3555.1,0.0075089,NaN,2.1026,NaN,NaN,NaN,-1,-1,-2.1942,0.67453,-9.7839,-5.7905,2.6329,-2.9726,NaN,NaN,NaN,NaN,NaN
483,-16.636,-15.571,32.888,-2.272,0.52229,-9.4403,-6.4107,2.5527,-3.177,0,0,0,NaN,NaN,NaN,NaN,NaN,NaN,NaN,NaN,NaN,46.631,0,3555.1,0.0075089,NaN,NaN,NaN,NaN,19.237,98803,21.813,-2.1819,0.66917,-9.7474,-5.6832,2.5532,-3.0002,NaN,NaN,NaN,NaN,NaN
483,-16.649,-15.57,32.88,-2.0906,1.1341,-9.6767,-6.8302,1.1241,-3.4253,0,0,0,NaN,NaN,NaN,NaN,NaN,NaN,NaN,NaN,NaN,46.631,0,3555.1,0.0075089,NaN,NaN,NaN,NaN,NaN,-1,-1,-2.1879,0.69308,-9.8112,-5.5009,2.5958,-2.8984,NaN,NaN,NaN,NaN,NaN
483.01,-16.672,-15.557,32.861,-2.1686,1.0143,-8.5933,-5.5095,2.0166,-3.288,0.66945,0.33632,-0.82911,NaN,NaN,NaN,NaN,NaN,NaN,NaN,NaN,NaN,46.631,0,3555.1,0.0075089,0.59404,2.1121,0.29758,0.038291,20.016,98816,21.938,-2.1779,0.70098,-9.7915,-5.3176,2.7451,-2.8728,NaN,NaN,NaN,NaN,NaN
483.01,-16.682,-15.55,32.854,-2.1656,1.6188,-9.9663,-5.0983,3.1688,-2.4783,0,0,0,NaN,NaN,NaN,NaN,NaN,NaN,NaN,NaN,NaN,46.631,0,3555.1,0.0075089,NaN,NaN,NaN,NaN,NaN,-1,-1,-2.169,0.72823,-9.7931,-5.0211,2.6155,-2.8382,NaN,NaN,NaN,NaN,NaN
483.01,-16.691,-15.54,32.844,-2.3588,0.14029,-7.7941,-5.2237,4.7898,-3.1151,0,0,0,NaN,NaN,NaN,NaN,NaN,NaN,NaN,NaN,NaN,46.631,0,3555.1,0.0075089,NaN,NaN,NaN,NaN,19.993,98789,21.813,-2.1782,0.73639,-9.8392,-4.6814,2.8712,-2.801,NaN,NaN,NaN,NaN,NaN
483.01,-16.704,-15.538,32.837,-1.8325,-0.099186,-8.1317,-6.3535,1.538,-2.8211,0,0,0,NaN,NaN,NaN,NaN,NaN,NaN,NaN,NaN,NaN,46.631,0,3555.1,0.0075089,NaN,NaN,NaN,NaN,NaN,-1,-1,-2.1701,0.75135,-9.8462,-4.2898,2.8135,-2.7658,NaN,NaN,NaN,NaN,NaN
483.02,-16.716,-15.536,32.829,-2.4815,0.072975,-10.948,-6.0504,1.3333,-2.9614,0.66966,0.33869,-0.83139,NaN,NaN,NaN,NaN,NaN,NaN,NaN,NaN,NaN,46.631,0,3555.1,0.0075089,NaN,NaN,NaN,NaN,NaN,-1,-1,-2.1579,0.76837,-9.8597,-3.8598,2.6999,-2.7437,NaN,NaN,NaN,NaN,NaN
483.02,-16.734,-15.521,32.811,-2.1165,0.36853,-8.0677,-5.041,3.5958,-2.6661,0,0,0,NaN,NaN,NaN,NaN,NaN,NaN,NaN,NaN,NaN,46.631,0,3555.1,0.0075089,0.60061,2.2392,0.22212,0.084906,19.719,98754,21.625,-2.1645,0.78154,-9.8933,-3.3287,2.694,-2.7006,NaN,NaN,NaN,NaN,NaN
483.02,-16.743,-15.52,32.804,-1.8407,1.7066,-8.6949,-4.7227,0.91994,-2.8204,0,0,0,NaN,NaN,NaN,NaN,NaN,NaN,NaN,NaN,NaN,46.621,0,3570.8,0.0080533,NaN,NaN,NaN,NaN,19.304,98804,21.875,-2.1581,0.80254,-9.8596,-2.7641,2.6578,-2.6462,NaN,NaN,NaN,NaN,NaN
483.02,-16.751,-15.504,32.787,-2.0312,1.0761,-8.2776,-2.5317,4.3562,-2.6379,0,0,0,NaN,NaN,NaN,NaN,NaN,NaN,NaN,NaN,NaN,46.621,0,3570.8,0.0080533,NaN,NaN,NaN,NaN,NaN,-1,-1,-2.1433,0.80341,-9.89,-2.1179,2.5947,-2.5977,NaN,NaN,NaN,NaN,NaN
483.03,-16.751,-15.503,32.782,-2.1503,1.3862,-9.4426,-1.0179,0.94378,-2.2185,0,0,0,NaN,NaN,NaN,NaN,NaN,NaN,NaN,NaN,NaN,46.621,0,3570.8,0.0080533,NaN,NaN,NaN,NaN,NaN,-1,-1,-2.1508,0.81405,-9.9318,-1.4664,2.5318,-2.5303,NaN,NaN,NaN,NaN,NaN
483.03,-16.748,-15.494,32.775,-2.4106,1.1544,-10.27,0.30069,4.2564,-2.1245,0,0,0,NaN,NaN,NaN,NaN,NaN,NaN,NaN,NaN,NaN,46.621,0,3570.8,0.0080533,NaN,NaN,NaN,NaN,NaN,-1,-1,-2.1488,0.82355,-9.9571,-0.72612,2.5727,-2.4327,NaN,NaN,NaN,NaN,NaN
483.03,-16.746,-15.482,32.766,-2.2891,1.0253,-7.27,-0.77051,5.4163,-2.2894,0.67196,0.33878,-0.82888,NaN,NaN,NaN,NaN,NaN,NaN,NaN,NaN,NaN,46.621,0,3570.8,0.0080533,0.58582,2.2255,0.22212,NaN,19.53,98806,21.75,-2.141,0.85529,-9.9245,-0.026584,2.5807,-2.3624,NaN,NaN,NaN,NaN,NaN
483.03,-16.742,-15.487,32.762,-1.5602,0.13093,-8.9119,0.88407,-1.6117,-2.49,0,0,0,NaN,NaN,NaN,NaN,NaN,NaN,NaN,NaN,NaN,46.621,0,3570.8,0.0080533,NaN,NaN,NaN,0.0899,NaN,-1,-1,-2.1348,0.86663,-9.9619,0.6492,2.5175,-2.2787,NaN,NaN,NaN,NaN,NaN
483.04,-16.736,-15.482,32.756,-2.5631,0.67347,-12.965,1.1462,2.3429,-2.306,0,0,0,NaN,NaN,NaN,NaN,NaN,NaN,NaN,NaN,NaN,46.621,0,3570.8,0.0080533,NaN,NaN,NaN,NaN,NaN,-1,-1,-2.1374,0.86965,-9.9862,1.3968,2.5994,-2.239,NaN,NaN,NaN,NaN,NaN
483.04,-16.724,-15.469,32.746,-2.483,0.27507,-8.178,3.5385,6.0487,-2.6781,0,0,0,NaN,NaN,NaN,NaN,NaN,NaN,NaN,NaN,NaN,46.621,0,3570.8,0.0080533,NaN,NaN,NaN,NaN,19.705,98858,22.063,-2.1298,0.90136,-10.011,2.0916,2.6948,-2.202,NaN,NaN,NaN,NaN,NaN
483.04,-16.713,-15.467,32.741,-1.8413,2.0179,-8.077,3.3845,1.2952,-1.7609,0.67885,0.32886,-0.82596,NaN,NaN,NaN,NaN,NaN,NaN,NaN,NaN,NaN,46.621,0,3570.8,0.0080533,NaN,NaN,NaN,NaN,NaN,-1,-1,-2.1231,0.91794,-10.03,2.7934,2.5491,-2.1462,NaN,NaN,NaN,NaN,NaN
483.04,-16.7,-15.469,32.737,-1.8518,1.5444,-11.266,4.4998,-0.68875,-2.2297,0,0,0,NaN,NaN,NaN,NaN,NaN,NaN,NaN,NaN,NaN,46.621,0,3570.8,0.0080533,0.60882,2.2386,0.23551,0.069923,19.704,98846,22,-2.1247,0.93821,-10.046,3.536,2.482,-2.072,NaN,NaN,NaN,NaN,NaN
483.05,-16.685,-15.454,32.729,-2.9771,-0.062946,-12.359,4.5293,6.6048,-1.9138,0,0,0,NaN,NaN,NaN,NaN,NaN,NaN,NaN,NaN,NaN,46.621,0,3570.8,0.0080533,NaN,NaN,NaN,NaN,NaN,-1,-1,-2.1209,0.94969,-10.046,4.2612,2.7826,-1.9969,NaN,NaN,NaN,NaN,NaN
483.05,-16.667,-15.445,32.723,-1.8517,2.6929,-6.8135,5.979,4.0125,-1.643,0,0,0,NaN,NaN,NaN,NaN,NaN,NaN,NaN,NaN,NaN,46.621,0,3570.8,0.0080533,NaN,NaN,NaN,NaN,NaN,-1,-1,-2.107,0.96015,-10.069,4.9132,2.7857,-1.9331,NaN,NaN,NaN,NaN,NaN
483.05,-16.648,-15.447,32.719,-1.9607,1.3052,-10.416,7.1274,-0.60894,-1.7293,0.6648,0.34384,-0.82952,NaN,NaN,NaN,NaN,NaN,NaN,NaN,NaN,NaN,46.621,0,3570.8,0.0080533,NaN,NaN,NaN,NaN,20.235,98807,21.813,-2.1143,0.97526,-10.109,5.5313,2.5675,-1.8738,NaN,NaN,NaN,NaN,NaN
483.05,-16.628,-15.436,32.712,-2.6374,0.25092,-10.099,6.7251,5.1177,-1.8335,0,0,0,NaN,NaN,NaN,NaN,NaN,NaN,NaN,NaN,NaN,46.621,0,3570.8,0.0080533,NaN,NaN,NaN,NaN,NaN,-1,-1,-2.1082,0.97438,-10.101,6.1428,2.6947,-1.8194,NaN,NaN,NaN,NaN,NaN
483.06,-16.611,-15.423,32.705,-2.2257,1.2897,-9.1219,5.6935,5.3967,-1.6567,0,0,0,NaN,NaN,NaN,NaN,NaN,NaN,NaN,NaN,NaN,46.621,0,3570.8,0.0080533,NaN,NaN,NaN,NaN,NaN,-1,-1,-2.1013,1.0123,-10.111,6.7231,2.8314,-1.7817,NaN,NaN,NaN,NaN,NaN
483.06,-16.592,-15.426,32.703,-1.4311,0.43773,-8.8754,6.9467,-1.0796,-1.7047,0,0,0,NaN,NaN,NaN,NaN,NaN,NaN,NaN,NaN,NaN,46.621,0,3570.8,0.0080533,NaN,NaN,NaN,NaN,19.449,98825,21.875,-2.0962,1.0315,-10.148,7.2056,2.7102,-1.7552,NaN,NaN,NaN,NaN,NaN
483.06,-16.569,-15.423,32.698,-2.3945,0.63,-12.593,8.2328,1.8455,-1.7347,0.67453,0.33353,-0.83325,NaN,NaN,NaN,NaN,NaN,NaN,NaN,NaN,NaN,46.621,0,3570.8,0.0080533,NaN,NaN,NaN,NaN,19.701,98821,21.875,-2.095,1.0319,-10.165,7.5955,2.8028,-1.7721,NaN,NaN,NaN,NaN,NaN
483.06,-16.521,-15.398,32.685,-1.5315,2.9827,-7.8804,8.8277,4.8476,-1.5901,0,0,0,NaN,NaN,NaN,NaN,NaN,NaN,NaN,NaN,NaN,46.621,0,3570.8,0.0080533,NaN,NaN,NaN,NaN,NaN,-1,-1,-2.0961,1.0517,-10.173,7.9761,2.6158,-1.772,NaN,NaN,NaN,NaN,NaN
483.07,-16.495,-15.4,32.682,-2.359,0.54272,-11.354,9.7442,-0.75602,-1.915,0,0,0,NaN,NaN,NaN,NaN,NaN,NaN,NaN,NaN,NaN,46.621,0,3570.8,0.0080533,NaN,NaN,NaN,NaN,NaN,-1,-1,-2.0891,1.0657,-10.169,8.3238,2.7054,-1.7533,NaN,NaN,NaN,NaN,NaN
483.07,-16.469,-15.393,32.676,-2.6331,1.3573,-11.794,9.2846,3.4463,-1.9317,0.6746,0.33601,-0.83325,NaN,NaN,NaN,NaN,NaN,NaN,NaN,NaN,NaN,46.621,0,3570.8,0.0080533,0.58966,2.1068,0.29272,0.051609,NaN,-1,-1,-2.0695,1.074,-10.181,8.6034,2.9407,-1.7597,NaN,NaN,NaN,NaN,NaN
483.07,-16.411,-15.374,32.665,-2.1088,1.065,-9.3068,10.355,2.7776,-1.4025,0,0,0,NaN,NaN,NaN,NaN,NaN,NaN,NaN,NaN,NaN,46.621,0,3570.8,0.0080533,NaN,NaN,NaN,NaN,19.219,98866,22.063,-2.0691,1.1047,-10.229,8.7127,2.8467,-1.7681,NaN,NaN,NaN,NaN,NaN
483.07,-16.386,-15.367,32.66,-2.5389,1.6321,-10.45,9.082,3.2485,-1.4028,0,0,0,NaN,NaN,NaN,NaN,NaN,NaN,NaN,NaN,NaN,46.621,0,3570.8,0.0080533,NaN,NaN,NaN,NaN,NaN,-1,-1,-2.0739,1.1092,-10.237,8.7798,2.7503,-1.8166,NaN,NaN,NaN,NaN,NaN
483.08,-16.361,-15.362,32.654,-1.6725,0.39461,-11.469,9.0605,2.0845,-1.8801,0.66986,0.33595,-0.83598,NaN,NaN,NaN,NaN,NaN,NaN,NaN,NaN,NaN,46.621,0,3570.8,0.0080533,NaN,NaN,NaN,NaN,NaN,-1,-1,-2.0641,1.1393,-10.264,8.8044,2.945,-1.8452,NaN,NaN,NaN,NaN,NaN
483.08,-16.337,-15.352,32.648,-2.0927,1.0488,-10.975,8.6937,4.4844,-1.7471,0,0,0,NaN,NaN,NaN,NaN,NaN,NaN,NaN,NaN,NaN,46.621,0,3570.8,0.0080533,NaN,NaN,NaN,NaN,19.721,98806,21.813,-2.0634,1.1634,-10.305,8.7567,2.8682,-1.8822,NaN,NaN,NaN,NaN,NaN
483.08,-16.31,-15.347,32.642,-2.4112,1.0854,-9.9332,9.6995,2.3766,-2.2832,0,0,0,NaN,NaN,NaN,NaN,NaN,NaN,NaN,NaN,NaN,46.621,0,3570.8,0.0080533,NaN,NaN,NaN,NaN,NaN,-1,-1,-2.0522,1.1803,-10.319,8.677,2.8342,-1.9444,NaN,NaN,NaN,NaN,NaN
483.08,-16.287,-15.345,32.636,-1.8094,1.6366,-10.877,8.0922,1.292,-2.1743,0,0,0,NaN,NaN,NaN,NaN,NaN,NaN,NaN,NaN,NaN,46.621,0,3570.8,0.0080533,0.59568,2.2398,0.22517,0.097392,19.93,98795,21.813,-2.059,1.1938,-10.348,8.5717,2.8851,-2.0001,NaN,NaN,NaN,NaN,NaN
483.09,-16.263,-15.336,32.629,-2.2085,1.9851,-12.244,8.5194,4.3051,-2.1814,0.66757,0.34095,-0.83618,NaN,NaN,NaN,NaN,NaN,NaN,NaN,NaN,NaN,46.621,0,3570.8,0.0080533,NaN,NaN,NaN,NaN,NaN,-1,-1,-2.0507,1.2001,-10.351,8.4671,2.9144,-2.0582,NaN,NaN,NaN,NaN,NaN
483.09,-16.237,-15.324,32.62,-2.0004,1.1487,-10.395,8.9725,5.1829,-2.2822,0,0,0,NaN,NaN,NaN,NaN,NaN,NaN,NaN,NaN,NaN,46.621,0,3570.8,0.0080533,NaN,NaN,NaN,NaN,NaN,-1,-1,-2.0469,1.2029,-10.354,8.33,3.1496,-2.1176,NaN,NaN,NaN,NaN,NaN
483.09,-16.212,-15.324,32.617,-2.0372,1.2568,-10.013,9.0845,0.43396,-1.7561,0,0,0,NaN,NaN,NaN,NaN,NaN,NaN,NaN,NaN,NaN,46.621,0,3570.8,0.0080533,NaN,NaN,NaN,NaN,19.844,98819,21.813,-2.0426,1.2412,-10.399,8.2013,3.0101,-2.1977,NaN,NaN,NaN,NaN,NaN
483.09,-16.189,-15.32,32.613,-2.455,1.5106,-13.963,8.5744,1.6453,-1.6954,0,0,0,NaN,NaN,NaN,NaN,NaN,NaN,NaN,NaN,NaN,46.621,0,3570.8,0.0080533,NaN,NaN,NaN,NaN,NaN,-1,-1,-2.0352,1.2374,-10.399,7.9925,2.9155,-2.2611,NaN,NaN,NaN,NaN,NaN
483.1,-16.163,-15.303,32.603,-1.9192,2.7902,-11.211,8.7721,7.3099,-1.8401,0.67223,0.33853,-0.83346,NaN,NaN,NaN,NaN,NaN,NaN,NaN,NaN,NaN,46.621,0,3570.8,0.0080533,NaN,NaN,NaN,0.095727,NaN,-1,-1,-2.0321,1.2478,-10.405,7.8433,3.0387,-2.3431,NaN,NaN,NaN,NaN,NaN
483.1,-16.142,-15.293,32.594,-2.4174,0.67994,-8.436,7.059,4.9861,-2.6231,0,0,0,NaN,NaN,NaN,NaN,NaN,NaN,NaN,NaN,NaN,46.621,0,3570.8,0.0080533,NaN,NaN,NaN,NaN,19.512,98808,21.813,-2.0347,1.2757,-10.418,7.6754,2.9675,-2.4178,NaN,NaN,NaN,NaN,NaN
483.1,-16.124,-15.303,32.592,-0.98592,-0.12313,-11.924,6.7376,-3.6411,-2.6377,0,0,0,NaN,NaN,NaN,NaN,NaN,NaN,NaN,NaN,NaN,46.621,0,3570.8,0.0080533,NaN,NaN,NaN,NaN,NaN,-1,-1,-2.0274,1.2722,-10.442,7.4994,2.8273,-2.5122,NaN,NaN,NaN,NaN,NaN
483.1,-16.105,-15.293,32.583,-2.6433,1.9105,-15.453,6.2911,4.6718,-2.6431,0,0,0,NaN,NaN,NaN,NaN,NaN,NaN,NaN,NaN,NaN,46.621,0,3570.8,0.0080533,NaN,NaN,NaN,NaN,19.617,98806,21.813,-2.0224,1.2882,-10.445,7.2894,2.9827,-2.6041,NaN,NaN,NaN,NaN,NaN
483.11,-16.084,-15.277,32.571,-2.3268,1.1982,-8.597,6.7474,7.012,-2.9506,0.66317,0.34313,-0.84348,NaN,NaN,NaN,NaN,NaN,NaN,NaN,NaN,NaN,46.621,0,3570.8,0.0080533,NaN,NaN,NaN,NaN,NaN,-1,-1,-2.0217,1.3148,-10.466,7.0963,2.9638,-2.6988,NaN,NaN,NaN,NaN,NaN
483.11,-16.068,-15.279,32.564,-1.3761,1.4047,-10.444,5.0878,-0.22746,-3.2141,0,0,0,NaN,NaN,NaN,NaN,NaN,NaN,NaN,NaN,NaN,46.621,0,3570.8,0.0080533,0.60225,2.1091,0.29028,0.047447,NaN,-1,-1,-2.0188,1.3183,-10.458,6.977,2.7187,-2.7827,NaN,NaN,NaN,NaN,NaN
483.11,-16.052,-15.279,32.557,-2.2102,1.5427,-13.482,5.1303,0.64229,-3.0955,0,0,0,NaN,NaN,NaN,NaN,NaN,NaN,NaN,NaN,NaN,46.621,0,3570.8,0.0080533,NaN,NaN,NaN,NaN,18.91,98808,21.75,-2.0046,1.3174,-10.48,6.9096,2.8714,-3.02,NaN,NaN,NaN,NaN,NaN
483.11,-16.034,-15.264,32.545,-2.4089,2.4755,-13.437,5.5224,7.109,-3.2192,0,0,0,NaN,NaN,NaN,NaN,NaN,NaN,NaN,NaN,NaN,46.621,0,3570.8,0.0080533,NaN,NaN,NaN,NaN,NaN,-1,-1,-2.0051,1.3381,-10.497,6.6868,3.0962,-3.082,NaN,NaN,NaN,NaN,NaN
483.12,-15.997,-15.263,32.532,-2.0873,2.416,-13.832,5.9034,-0.83182,-2.5215,0,0,0,NaN,NaN,NaN,NaN,NaN,NaN,NaN,NaN,NaN,46.621,0,3570.8,0.0080533,NaN,NaN,NaN,NaN,NaN,-1,-1,-2.0035,1.3408,-10.497,6.4619,2.7971,-3.1412,NaN,NaN,NaN,NaN,NaN
483.12,-15.979,-15.245,32.519,-2.8971,1.7181,-11.634,5.5046,8.3744,-3.2746,0,0,0,NaN,NaN,NaN,NaN,NaN,NaN,NaN,NaN,NaN,46.621,0,3570.8,0.0080533,NaN,NaN,NaN,NaN,19.863,98784,21.688,-2,1.3613,-10.515,6.2878,2.7914,-3.227,NaN,NaN,NaN,NaN,NaN
483.12,-15.963,-15.242,32.511,-0.96114,0.60858,-8.4297,4.8779,1.6801,-3.3906,0,0,0,NaN,NaN,NaN,NaN,NaN,NaN,NaN,NaN,NaN,46.621,0,3570.8,0.0080533,NaN,NaN,NaN,NaN,NaN,-1,-1,-1.9922,1.3824,-10.514,6.1724,2.9031,-3.4331,NaN,NaN,NaN,NaN,NaN
483.12,-15.949,-15.248,32.503,-1.9647,0.37698,-13.386,4.5962,-1.3979,-3.6677,0.66504,0.32832,-0.84101,NaN,NaN,NaN,NaN,NaN,NaN,NaN,NaN,NaN,46.621,0,3570.8,0.0080533,0.60225,2.1079,0.29819,0.054107,19.741,98815,21.813,-1.9919,1.3833,-10.538,6.0082,2.6397,-3.4544,NaN,NaN,NaN,NaN,NaN
483.13,-15.929,-15.237,32.492,-2.6405,1.5637,-13.146,6.2742,5.0891,-3.7758,0,0,0,NaN,NaN,NaN,NaN,NaN,NaN,NaN,NaN,NaN,46.621,0,3570.8,0.0080533,NaN,NaN,NaN,NaN,NaN,-1,-1,-1.9873,1.4184,-10.564,5.8572,2.5814,-3.5069,NaN,NaN,NaN,NaN,NaN
483.13,-15.912,-15.226,32.481,-1.9419,1.1501,-8.9035,5.4477,5.1715,-3.09,0,0,0,NaN,NaN,NaN,NaN,NaN,NaN,NaN,NaN,NaN,46.621,0,3570.8,0.0080533,NaN,NaN,NaN,NaN,NaN,-1,-1,-1.9871,1.422,-10.565,5.7349,2.7086,-3.53,NaN,NaN,NaN,NaN,NaN
483.13,-15.896,-15.232,32.474,-1.2517,1.9196,-11.167,5.2519,-1.589,-3.7386,0,0,0,NaN,NaN,NaN,NaN,NaN,NaN,NaN,NaN,NaN,46.552,0,3573.7,0.0058767,NaN,NaN,NaN,NaN,19.448,98813,21.813,-1.9809,1.4204,-10.535,5.6322,2.5903,-3.5315,NaN,NaN,NaN,NaN,NaN
483.13,-15.878,-15.226,32.462,-3.0489,1.4268,-13.914,5.278,3.3095,-4.0754,0.66525,0.33577,-0.84099,NaN,NaN,NaN,NaN,NaN,NaN,NaN,NaN,NaN,46.552,0,3573.7,0.0058767,0.60499,2.232,0.23125,0.077414,NaN,-1,-1,-1.9899,1.4271,-10.565,5.5393,2.6858,-3.5579,NaN,NaN,NaN,NaN,NaN
483.14,-15.859,-15.214,32.451,-2.0048,2.2444,-10.866,6.2733,5.8143,-3.5369,0,0,0,NaN,NaN,NaN,NaN,NaN,NaN,NaN,NaN,NaN,46.552,0,3573.7,0.0058767,NaN,NaN,NaN,NaN,NaN,-1,-1,-1.9824,1.4138,-10.541,5.4256,2.6662,-3.5854,NaN,NaN,NaN,NaN,NaN
483.14,-15.838,-15.216,32.443,-1.9305,0.96218,-10.186,6.8984,-0.18203,-3.5729,0,0,0,NaN,NaN,NaN,NaN,NaN,NaN,NaN,NaN,NaN,46.552,0,3573.7,0.0058767,NaN,NaN,NaN,NaN,19.845,98789,21.75,-1.9869,1.4202,-10.552,5.2745,2.4796,-3.6348,NaN,NaN,NaN,NaN,NaN
483.14,-15.817,-15.21,32.433,-2.1826,2.7427,-11.97,6.8422,3.4625,-3.6096,0,0,0,NaN,NaN,NaN,NaN,NaN,NaN,NaN,NaN,NaN,46.552,0,3573.7,0.0058767,NaN,NaN,NaN,NaN,NaN,-1,-1,-1.9863,1.425,-10.543,5.1311,2.4899,-3.6802,NaN,NaN,NaN,NaN,NaN
483.14,-15.785,-15.202,32.411,-0.56738,0.088108,-9.7528,5.1597,-1.4739,-3.9766,0,0,0,NaN,NaN,NaN,NaN,NaN,NaN,NaN,NaN,NaN,46.552,0,3573.7,0.0058767,NaN,NaN,NaN,NaN,19.451,98835,21.938,-1.9618,1.4283,-10.462,4.9561,2.3976,-3.7428,NaN,NaN,NaN,NaN,NaN
483.15,-15.769,-15.2,32.401,-2.3894,1.5127,-13.509,4.7591,1.9876,-3.8476,0,0,0,NaN,NaN,NaN,NaN,NaN,NaN,NaN,NaN,NaN,46.552,0,3573.7,0.0058767,NaN,NaN,NaN,NaN,NaN,-1,-1,-1.9711,1.4382,-10.484,4.752,2.3528,-3.7895,NaN,NaN,NaN,NaN,NaN
483.15,-15.75,-15.192,32.388,-2.4656,1.0307,-10.681,5.8552,4.1499,-4.4968,0,0,0,NaN,NaN,NaN,NaN,NaN,NaN,NaN,NaN,NaN,46.552,0,3573.7,0.0058767,0.60006,2.2285,0.21665,0.092398,NaN,-1,-1,-1.9696,1.454,-10.463,4.5836,2.353,-3.8616,NaN,NaN,NaN,NaN,NaN
483.15,-15.733,-15.191,32.376,-2.0345,2.1405,-11.52,5.2085,1.7049,-4.7507,0.66246,0.32847,-0.83894,NaN,NaN,NaN,NaN,NaN,NaN,NaN,NaN,NaN,46.552,0,3573.7,0.0058767,NaN,NaN,NaN,NaN,19.213,98818,21.813,-1.9746,1.4578,-10.464,4.4109,2.2256,-3.9067,NaN,NaN,NaN,NaN,NaN
483.15,-15.718,-15.186,32.364,-1.8664,1.6807,-11.072,4.4326,2.8938,-4.3921,0,0,0,NaN,NaN,NaN,NaN,NaN,NaN,NaN,NaN,NaN,46.552,0,3573.7,0.0058767,NaN,NaN,NaN,NaN,NaN,-1,-1,-1.9715,1.4386,-10.462,4.2617,2.2302,-3.9429,NaN,NaN,NaN,NaN,NaN
483.16,-15.702,-15.183,32.352,-2.3393,1.2698,-11.82,4.6337,2.4229,-4.5158,0,0,0,NaN,NaN,NaN,NaN,NaN,NaN,NaN,NaN,NaN,46.552,0,3573.7,0.0058767,NaN,NaN,NaN,NaN,NaN,-1,-1,-1.9542,1.4354,-10.375,4.0267,2.3733,-4.0034,NaN,NaN,NaN,NaN,NaN
483.16,-15.687,-15.184,32.342,-1.9185,1.7754,-11.101,4.6825,0.6569,-4.5226,0,0,0,NaN,NaN,NaN,NaN,NaN,NaN,NaN,NaN,NaN,46.552,0,3573.7,0.0058767,0.59623,2.1056,0.29332,NaN,19.338,98813,21.75,-1.9592,1.4375,-10.425,3.7217,2.0647,-4.0757,NaN,NaN,NaN,NaN,NaN
483.16,-15.67,-15.177,32.329,-2.3123,1.831,-13.014,4.8122,3.7582,-4.3046,0.67469,0.31551,-0.84475,NaN,NaN,NaN,NaN,NaN,NaN,NaN,NaN,NaN,46.552,0,3573.7,0.0058767,NaN,NaN,NaN,0.052442,NaN,-1,-1,-1.9587,1.4397,-10.409,3.4204,2.0746,-4.1435,NaN,NaN,NaN,NaN,NaN
483.16,-15.658,-15.165,32.314,-2.4464,0.073847,-7.8482,3.0599,6.2012,-4.8386,0,0,0,NaN,NaN,NaN,NaN,NaN,NaN,NaN,NaN,NaN,46.552,0,3573.7,0.0058767,NaN,NaN,NaN,NaN,19.782,98815,21.813,-1.962,1.4515,-10.427,3.0934,2.2633,-4.2131,NaN,NaN,NaN,NaN,NaN
483.17,0,0,0,0,0,0,0,0,0,0,0,0,NaN,NaN,NaN,NaN,NaN,NaN,NaN,NaN,NaN,46.552,0,3573.7,0.0058767,NaN,NaN,NaN,NaN,NaN,-1,-1,-1.9667,1.4476,-10.408,2.6911,2.0455,-4.2972,NaN,NaN,NaN,NaN,NaN
483.17,-15.648,-15.172,32.305,-0.80586,1.379,-10.263,2.3286,-2.1325,-4.6881,0,0,0,NaN,NaN,NaN,NaN,NaN,NaN,NaN,NaN,NaN,46.552,0,3573.7,0.0058767,NaN,NaN,NaN,NaN,NaN,-1,-1,-1.9733,1.4634,-10.406,2.2212,1.9385,-4.3791,NaN,NaN,NaN,NaN,NaN
483.17,-15.626,-15.16,32.277,-2.3545,0.8255,-11.419,2.7229,6.9269,-4.9575,0.67505,0.32793,-0.84471,NaN,NaN,NaN,NaN,NaN,NaN,NaN,NaN,NaN,46.552,0,3573.7,0.0058767,NaN,NaN,NaN,NaN,19.681,98815,21.875,-1.9867,1.4746,-10.405,1.7766,2.0527,-4.4882,NaN,NaN,NaN,NaN,NaN
483.17,-15.618,-15.16,32.267,-1.3532,1.9649,-7.338,1.8393,0.84712,-4.2556,0,0,0,NaN,NaN,NaN,NaN,NaN,NaN,NaN,NaN,NaN,46.552,0,3573.7,0.0058767,0.65919,2.1503,0.28724,-0,NaN,-1,-1,-1.983,1.4566,-10.362,1.3793,1.7551,-4.5512,NaN,NaN,NaN,NaN,NaN
483.18,0,0,0,0,0,0,0,0,0,0,0,0,NaN,NaN,NaN,NaN,NaN,NaN,NaN,NaN,NaN,46.552,0,3573.7,0.0058767,NaN,NaN,NaN,NaN,NaN,-1,-1,-1.9883,1.4606,-10.359,0.97989,2.0472,-4.6283,NaN,NaN,NaN,NaN,NaN
483.18,-15.6,-15.155,32.239,-2.5317,1.6128,-11.681,1.9556,5.5219,-5.4895,0,0,0,NaN,NaN,NaN,NaN,NaN,NaN,NaN,NaN,NaN,46.552,0,3573.7,0.0058767,NaN,NaN,NaN,NaN,19.217,98855,22,-2.003,1.4693,-10.388,0.56354,2.012,-4.7215,NaN,NaN,NaN,NaN,NaN
483.18,-15.593,-15.148,32.225,-1.4495,0.85281,-8.5217,0.91731,3.7282,-4.7589,0.66009,0.3259,-0.84146,NaN,NaN,NaN,NaN,NaN,NaN,NaN,NaN,NaN,46.552,0,3573.7,0.0058767,NaN,NaN,NaN,NaN,19.175,98813,21.875,-2.0008,1.465,-10.322,0.064664,1.7271,-4.7989,NaN,NaN,NaN,NaN,NaN
483.18,-15.587,-15.158,32.215,-2.5656,1.2726,-11.292,0.98371,-2.8959,-5.1645,0,0,0,NaN,NaN,NaN,NaN,NaN,NaN,NaN,NaN,NaN,46.552,0,3573.7,0.0058767,NaN,NaN,NaN,NaN,NaN,-1,-1,-1.9978,1.4618,-10.298,-0.32962,1.8082,-4.9004,NaN,NaN,NaN,NaN,NaN
483.19,-15.581,-15.138,32.183,-1.7112,1.307,-7.6304,-1.1791,4.6194,-5.8996,0,0,0,NaN,NaN,NaN,NaN,NaN,NaN,NaN,NaN,NaN,46.552,0,3573.7,0.0058767,0.58911,2.2309,0.20934,0.10155,NaN,-1,-1,-2.0151,1.4763,-10.316,-0.70879,1.9788,-4.9803,NaN,NaN,NaN,NaN,NaN
483.19,-15.591,-15.153,32.165,-1.5559,-0.59479,-8.8084,-2.1952,-3.3535,-5.8052,0.67227,0.32573,-0.84036,11.805,19.784,-5.7335,23.741,40.059,-88.55,3.6779e+05,4.4354e+06,323.53,46.552,0,3573.7,0.0058767,NaN,NaN,NaN,NaN,NaN,-1,-1,-2.0103,1.4788,-10.264,-1.0834,1.6647,-5.0704,23.73,-0.3882,-0.61319,-1.4802,-0.93691
483.19,-15.593,-15.151,32.15,-2.4283,2.4037,-14.085,-2.7487,1.9517,-5.7998,0,0,0,NaN,NaN,NaN,NaN,NaN,NaN,NaN,NaN,NaN,46.552,0,3573.7,0.0058767,NaN,NaN,NaN,NaN,19.105,98803,21.75,-2.012,1.4746,-10.222,-1.5286,1.8303,-5.1866,NaN,NaN,NaN,NaN,NaN
483.19,-15.591,-15.142,32.133,-2.3099,0.60945,-9.5748,-1.1311,5.3154,-5.8476,0,0,0,NaN,NaN,NaN,NaN,NaN,NaN,NaN,NaN,NaN,46.552,0,3573.7,0.0058767,NaN,NaN,NaN,NaN,NaN,-1,-1,-2.0242,1.4651,-10.203,-1.8666,1.7096,-5.2805,NaN,NaN,NaN,NaN,NaN
483.2,-15.599,-15.149,32.106,-1.294,1.73,-11.302,-3.5215,-1.9773,-6.0668,0.66968,0.3157,-0.8429,NaN,NaN,NaN,NaN,NaN,NaN,NaN,NaN,NaN,46.552,0,3573.7,0.0058767,0.59294,2.1157,0.29819,0.030799,NaN,-1,-1,-2.013,1.4506,-10.12,-2.1288,1.5687,-5.3624,NaN,NaN,NaN,NaN,NaN
483.2,-15.601,-15.143,32.09,-2.7887,2.0148,-11.858,-2.9178,3.8505,-5.706,0,0,0,NaN,NaN,NaN,NaN,NaN,NaN,NaN,NaN,NaN,46.552,0,3573.7,0.0058767,NaN,NaN,NaN,NaN,19.467,98801,21.75,-2.0443,1.4643,-10.217,-2.3936,1.5453,-5.4432,NaN,NaN,NaN,NaN,NaN
483.2,-15.6,-15.137,32.073,-2.5557,1.1214,-7.8425,-1.9783,4.1808,-6.4471,0,0,0,NaN,NaN,NaN,NaN,NaN,NaN,NaN,NaN,NaN,46.552,0,3573.7,0.0058767,NaN,NaN,NaN,NaN,19.473,98871,22.063,-2.0582,1.4659,-10.214,-2.6694,1.2826,-5.5304,NaN,NaN,NaN,NaN,NaN
483.2,-15.604,-15.145,32.062,-1.2759,1.8983,-9.9137,-3.1766,-2.1234,-5.1775,0,0,0,NaN,NaN,NaN,NaN,NaN,NaN,NaN,NaN,NaN,46.552,0,3573.7,0.0058767,NaN,NaN,NaN,NaN,NaN,-1,-1,-2.0521,1.4553,-10.145,-2.9139,1.4455,-5.6016,NaN,NaN,NaN,NaN,NaN
483.21,-15.609,-15.143,32.047,-3.1657,2.2881,-10.189,-3.9428,2.0902,-5.7685,0.66989,0.31806,-0.84518,NaN,NaN,NaN,NaN,NaN,NaN,NaN,NaN,NaN,46.552,0,3573.7,0.0058767,NaN,NaN,NaN,NaN,NaN,-1,-1,-2.0602,1.4596,-10.135,-3.0644,1.5639,-5.7046,NaN,NaN,NaN,NaN,NaN
483.21,-15.616,-15.135,32.03,-2.12,0.74016,-10.226,-4.9359,4.4929,-6.0901,0,0,0,NaN,NaN,NaN,NaN,NaN,NaN,NaN,NaN,NaN,46.552,0,3573.7,0.0058767,NaN,NaN,NaN,NaN,NaN,-1,-1,-2.0709,1.464,-10.146,-3.2064,1.4415,-5.8251,NaN,NaN,NaN,NaN,NaN
483.21,-15.623,-15.142,32.017,-1.2047,0.23965,-8.5992,-4.6946,-1.2551,-6.1688,0,0,0,NaN,NaN,NaN,NaN,NaN,NaN,NaN,NaN,NaN,46.552,0,3573.7,0.0058767,0.59568,2.1085,0.29332,0.058269,19.47,98824,21.875,-2.0775,1.4738,-10.12,-3.373,1.5505,-5.935,NaN,NaN,NaN,NaN,NaN
483.21,-15.63,-15.14,31.985,-2.4739,2.0299,-9.2294,-3.4817,2.9938,-5.8785,0.67239,0.31542,-0.84726,NaN,NaN,NaN,NaN,NaN,NaN,NaN,NaN,NaN,46.552,0,3573.7,0.0058767,NaN,NaN,NaN,NaN,NaN,-1,-1,-2.0807,1.4853,-10.11,-3.4648,1.6425,-6.0582,NaN,NaN,NaN,NaN,NaN
483.22,-15.637,-15.14,31.97,-1.2656,1.1014,-8.6303,-4.5607,1.38,-6.0224,0,0,0,NaN,NaN,NaN,NaN,NaN,NaN,NaN,NaN,NaN,46.552,0,3573.7,0.0058767,NaN,NaN,NaN,NaN,NaN,-1,-1,-2.089,1.4848,-10.083,-3.4517,1.4592,-6.1701,NaN,NaN,NaN,NaN,NaN
483.22,-15.642,-15.147,31.956,-2.4785,1.8419,-10.804,-3.7899,-1.2985,-6.3308,0,0,0,NaN,NaN,NaN,NaN,NaN,NaN,NaN,NaN,NaN,46.552,0,3573.7,0.0058767,NaN,NaN,NaN,NaN,19.426,98835,21.875,-2.0889,1.4586,-10.064,-3.3644,1.6708,-6.2538,NaN,NaN,NaN,NaN,NaN
483.22,-15.645,-15.142,31.939,-2.6152,1.7106,-11.274,-3.573,3.7181,-6.2734,0,0,0,NaN,NaN,NaN,NaN,NaN,NaN,NaN,NaN,NaN,46.552,0,3573.7,0.0058767,NaN,NaN,NaN,NaN,NaN,-1,-1,-2.0949,1.4563,-10.065,-3.2973,1.9572,-6.3714,NaN,NaN,NaN,NaN,NaN
483.22,-15.644,-15.143,31.924,-1.5925,1.1739,-8.0025,-1.7533,0.89422,-6.3142,0.67457,0.32073,-0.84016,NaN,NaN,NaN,NaN,NaN,NaN,NaN,NaN,NaN,46.552,0,3573.7,0.0058767,NaN,NaN,NaN,0.041621,19.339,98806,21.75,-2.103,1.457,-10.04,-3.3407,1.7908,-6.3096,NaN,NaN,NaN,NaN,NaN
483.23,-15.645,-15.144,31.91,-2.4983,2.7972,-10.691,-2.0723,0.86614,-5.6225,0,0,0,NaN,NaN,NaN,NaN,NaN,NaN,NaN,NaN,NaN,46.552,0,3573.7,0.0058767,NaN,NaN,NaN,NaN,NaN,-1,-1,-2.1025,1.4577,-10.03,-3.2572,1.7064,-6.3951,NaN,NaN,NaN,NaN,NaN
483.23,-15.647,-15.134,31.892,-2.8692,1.5417,-8.9906,-3.0417,5.7679,-6.192,0,0,0,NaN,NaN,NaN,NaN,NaN,NaN,NaN,NaN,NaN,46.552,0,3573.7,0.0058767,NaN,NaN,NaN,NaN,NaN,-1,-1,-2.113,1.4576,-10.012,-3.0756,2.0382,-6.4771,NaN,NaN,NaN,NaN,NaN
483.23,-15.651,-15.143,31.878,-0.88226,-0.64614,-7.8836,-3.3746,-2.3609,-6.4814,0,0,0,NaN,NaN,NaN,NaN,NaN,NaN,NaN,NaN,NaN,46.552,0,3573.7,0.0058767,NaN,NaN,NaN,NaN,19.362,98821,21.813,-2.1138,1.4592,-10.003,-2.9197,2.0041,-6.5311,NaN,NaN,NaN,NaN,NaN
483.23,-15.654,-15.145,31.863,-2.6107,2.0332,-12.264,-3.5796,0.81624,-6.1332,0.66523,0.32558,-0.8456,NaN,NaN,NaN,NaN,NaN,NaN,NaN,NaN,NaN,46.552,0,3573.7,0.0058767,NaN,NaN,NaN,NaN,NaN,-1,-1,-2.1171,1.4529,-9.9863,-2.7951,1.9227,-6.4309,NaN,NaN,NaN,NaN,NaN
483.24,-15.651,-15.137,31.843,-2.6512,1.4219,-9.4255,-1.2646,5.0365,-6.9677,0,0,0,NaN,NaN,NaN,NaN,NaN,NaN,NaN,NaN,NaN,46.552,0,3573.7,0.0058767,0.60115,2.1139,0.29758,0.049945,NaN,-1,-1,-2.1298,1.4584,-9.9622,-2.5789,2.2171,-6.4966,NaN,NaN,NaN,NaN,NaN
483.24,-15.652,-15.139,31.828,-1.9739,1.8705,-7.2535,-2.2118,0.75499,-6.4932,0,0,0,NaN,NaN,NaN,NaN,NaN,NaN,NaN,NaN,NaN,46.552,0,3573.7,0.0058767,NaN,NaN,NaN,NaN,19.702,98839,21.938,-2.126,1.4418,-9.9333,-2.3033,2.2372,-6.5205,NaN,NaN,NaN,NaN,NaN
483.24,-15.655,-15.147,31.814,-1.6398,1.5095,-11.947,-3.0077,-1.6487,-6.4379,0,0,0,NaN,NaN,NaN,NaN,NaN,NaN,NaN,NaN,NaN,46.552,0,3585.1,0.0058767,NaN,NaN,NaN,NaN,NaN,-1,-1,-2.1276,1.4083,-9.9243,-1.972,2.1054,-6.5402,NaN,NaN,NaN,NaN,NaN
483.24,-15.656,-15.136,31.794,-2.685,2.2304,-10.342,-2.9719,6.1686,-6.7587,0.67735,0.32293,-0.84451,NaN,NaN,NaN,NaN,NaN,NaN,NaN,NaN,NaN,46.552,0,3585.1,0.0058767,NaN,NaN,NaN,NaN,19.552,98837,21.875,-2.1352,1.4286,-9.943,-1.673,2.4068,-6.5937,NaN,NaN,NaN,NaN,NaN
483.25,-15.65,-15.145,31.764,-2.0123,1.7055,-10.785,-0.085142,-3.6437,-6.3717,0,0,0,NaN,NaN,NaN,NaN,NaN,NaN,NaN,NaN,NaN,46.552,0,3585.1,0.0058767,NaN,NaN,NaN,NaN,NaN,-1,-1,-2.1384,1.4217,-9.909,-1.4258,2.2525,-6.6507,NaN,NaN,NaN,NaN,NaN
483.25,-15.646,-15.129,31.743,-2.9783,2.4686,-10.677,-1.17,8.1208,-6.4721,0,0,0,NaN,NaN,NaN,NaN,NaN,NaN,NaN,NaN,NaN,46.552,0,3585.1,0.0058767,NaN,NaN,NaN,NaN,NaN,-1,-1,-2.1326,1.4101,-9.8674,-1.1528,2.1517,-6.7279,NaN,NaN,NaN,NaN,NaN
483.25,-15.644,-15.124,31.724,-1.8127,0.53663,-6.4522,-1.6039,3.8613,-6.8028,0.67449,0.31825,-0.84016,NaN,NaN,NaN,NaN,NaN,NaN,NaN,NaN,NaN,46.552,0,3585.1,0.0058767,NaN,NaN,NaN,NaN,19.319,98820,21.813,-2.1451,1.4142,-9.8816,-0.82168,2.4027,-6.7754,NaN,NaN,NaN,NaN,NaN
483.25,-15.639,-15.135,31.693,-3.1042,2.0317,-13.519,-0.11746,4.4243,-6.8244,0,0,0,NaN,NaN,NaN,NaN,NaN,NaN,NaN,NaN,NaN,46.552,0,3585.1,0.0058767,NaN,NaN,NaN,NaN,NaN,-1,-1,-2.1487,1.3939,-9.8426,-0.58172,2.3369,-6.8288,NaN,NaN,NaN,NaN,NaN
483.26,-15.632,-15.122,31.672,-1.6602,1.9479,-7.2123,0.059015,7.282,-6.9884,0,0,0,NaN,NaN,NaN,NaN,NaN,NaN,NaN,NaN,NaN,46.552,0,3585.1,0.0058767,NaN,NaN,NaN,NaN,NaN,-1,-1,-2.1467,1.3962,-9.8315,-0.31194,2.3405,-6.8907,NaN,NaN,NaN,NaN,NaN
483.26,-15.626,-15.132,31.656,-1.5614,1.4259,-7.8333,0.092189,-2.3057,-7.3811,0.67929,0.3106,-0.84203,NaN,NaN,NaN,NaN,NaN,NaN,NaN,NaN,NaN,46.552,0,3585.1,0.0058767,NaN,NaN,NaN,NaN,19.489,98857,21.938,-2.1622,1.3842,-9.8507,-0.015363,2.5235,-6.9747,NaN,NaN,NaN,NaN,NaN
483.26,-15.621,-15.134,31.638,-3.0025,1.8682,-12.599,-0.14805,0.78438,-7.1686,0,0,0,NaN,NaN,NaN,NaN,NaN,NaN,NaN,NaN,NaN,46.552,0,3585.1,0.0058767,0.65317,2.1384,0.3274,0.0066593,NaN,-1,-1,-2.1612,1.369,-9.8475,0.29584,2.2818,-6.9983,NaN,NaN,NaN,NaN,NaN
483.26,-15.613,-15.123,31.618,-2.0024,2.0573,-11.239,0.58476,6.0622,-7.0218,0,0,0,NaN,NaN,NaN,NaN,NaN,NaN,NaN,NaN,NaN,46.552,0,3585.1,0.0058767,NaN,NaN,NaN,NaN,19.448,98850,21.938,-2.1726,1.3708,-9.8631,0.59281,2.4567,-7.0439,NaN,NaN,NaN,NaN,NaN
483.27,-15.602,-15.126,31.601,-2.0677,1.1984,-7.9024,2.3408,0.67741,-7.055,0,0,0,NaN,NaN,NaN,NaN,NaN,NaN,NaN,NaN,NaN,46.552,0,3585.1,0.0058767,NaN,NaN,NaN,NaN,NaN,-1,-1,-2.1714,1.3607,-9.867,0.83854,2.6433,-7.1089,NaN,NaN,NaN,NaN,NaN
483.27,-15.591,-15.129,31.584,-2.612,2.3868,-12.122,2.248,0.53864,-6.7782,0.67721,0.32306,-0.84222,NaN,NaN,NaN,NaN,NaN,NaN,NaN,NaN,NaN,46.552,0,3585.1,0.0058767,NaN,NaN,NaN,NaN,NaN,-1,-1,-2.1649,1.3607,-9.826,0.97617,2.4255,-7.1777,NaN,NaN,NaN,NaN,NaN
483.27,-15.582,-15.115,31.562,-2.4028,1.4055,-8.2307,1.0069,7.3266,-7.115,0,0,0,NaN,NaN,NaN,NaN,NaN,NaN,NaN,NaN,NaN,46.552,0,3585.1,0.0058767,NaN,NaN,NaN,NaN,19.553,98813,21.813,-2.1708,1.3615,-9.8537,1.2408,2.6255,-7.2283,NaN,NaN,NaN,NaN,NaN
483.27,-15.575,-15.122,31.545,-1.205,-0.19586,-8.6229,0.63759,-1.1308,-7.7997,0,0,0,NaN,NaN,NaN,NaN,NaN,NaN,NaN,NaN,NaN,46.552,0,3585.1,0.0058767,NaN,NaN,NaN,NaN,NaN,-1,-1,-2.1789,1.3389,-9.8619,1.4438,2.5073,-7.2841,NaN,NaN,NaN,NaN,NaN
483.28,-15.566,-15.129,31.528,-2.5196,1.3275,-13.091,1.0816,-0.94418,-7.4134,0,0,0,NaN,NaN,NaN,NaN,NaN,NaN,NaN,NaN,NaN,46.552,0,3585.1,0.0058767,NaN,NaN,NaN,NaN,NaN,-1,-1,-2.1772,1.3357,-9.8623,1.6237,2.5193,-7.3684,NaN,NaN,NaN,NaN,NaN
483.28,-15.553,-15.117,31.505,-2.8545,0.93601,-11.158,2.6142,6.891,-7.4859,0.66773,0.32294,-0.84767,NaN,NaN,NaN,NaN,NaN,NaN,NaN,NaN,NaN,46.552,0,3585.1,0.0058767,NaN,NaN,NaN,NaN,19.49,98873,22,-2.1829,1.3336,-9.8529,1.8325,2.4365,-7.4235,NaN,NaN,NaN,NaN,NaN
483.28,-15.541,-15.116,31.487,-1.8121,2.1902,-6.556,2.4947,2.1861,-7.2193,0,0,0,NaN,NaN,NaN,NaN,NaN,NaN,NaN,NaN,NaN,46.552,0,3585.1,0.0058767,NaN,NaN,NaN,NaN,NaN,-1,-1,-2.181,1.2967,-9.8312,2.1195,2.3512,-7.4701,NaN,NaN,NaN,NaN,NaN
483.28,-15.532,-15.124,31.47,-1.3847,2.0301,-10.88,1.482,-1.5119,-7.5723,0,0,0,NaN,NaN,NaN,NaN,NaN,NaN,NaN,NaN,NaN,46.552,0,3585.1,0.0058767,NaN,NaN,NaN,NaN,19.638,98848,21.938,-2.1775,1.2781,-9.8596,2.3899,2.4583,-7.4934,NaN,NaN,NaN,NaN,NaN
483.29,-15.518,-15.12,31.45,-3.114,1.4599,-11.869,2.888,3.5683,-7.6578,0,0,0,NaN,NaN,NaN,NaN,NaN,NaN,NaN,NaN,NaN,46.552,0,3585.1,0.0058767,0.57706,2.2243,0.21604,NaN,NaN,-1,-1,-2.1908,1.2863,-9.8875,2.5646,2.5654,-7.5297,NaN,NaN,NaN,NaN,NaN
483.29,-15.503,-15.114,31.429,-2.1546,2.1342,-10.074,3.4017,4.2077,-7.3512,0.67748,0.32281,-0.8468,NaN,NaN,NaN,NaN,NaN,NaN,NaN,NaN,NaN,46.552,0,3585.1,0.0058767,NaN,NaN,NaN,0.11487,NaN,-1,-1,-2.1864,1.2733,-9.8284,2.7164,2.2837,-7.5764,NaN,NaN,NaN,NaN,NaN
483.29,-15.488,-15.122,31.413,-1.687,1.4171,-9.2557,4.1639,-1.502,-7.2503,0,0,0,NaN,NaN,NaN,NaN,NaN,NaN,NaN,NaN,NaN,46.552,0,3585.1,0.0058767,NaN,NaN,NaN,NaN,19.572,98821,21.813,-2.1816,1.2674,-9.8523,2.899,2.2225,-7.613,NaN,NaN,NaN,NaN,NaN
483.29,-15.474,-15.113,31.392,-2.9367,1.6092,-10.469,2.9207,5.5132,-7.682,0,0,0,NaN,NaN,NaN,NaN,NaN,NaN,NaN,NaN,NaN,46.552,0,3585.1,0.0058767,NaN,NaN,NaN,NaN,NaN,-1,-1,-2.1904,1.2601,-9.8803,3.1063,2.348,-7.6659,NaN,NaN,NaN,NaN,NaN
483.3,-15.46,-15.109,31.37,-2.3577,0.72474,-8.4041,2.5922,3.6587,-8.1575,0,0,0,NaN,NaN,NaN,NaN,NaN,NaN,NaN,NaN,NaN,46.552,0,3585.1,0.0058767,NaN,NaN,NaN,NaN,NaN,-1,-1,-2.1929,1.2481,-9.8701,3.2248,2.2526,-7.7125,NaN,NaN,NaN,NaN,NaN
483.3,-15.449,-15.12,31.352,-1.348,-0.023026,-10.458,2.347,-2.3574,-7.9583,0.67721,0.32306,-0.84222,NaN,NaN,NaN,NaN,NaN,NaN,NaN,NaN,NaN,46.552,0,3585.1,0.0058767,0.60334,2.1187,0.29272,0.040788,19.845,98853,21.938,-2.1873,1.2406,-9.8192,3.2984,2.0493,-7.7595,NaN,NaN,NaN,NaN,NaN
483.3,-15.434,-15.118,31.332,-2.9266,1.5887,-11.918,3.5525,2.571,-7.8472,0,0,0,NaN,NaN,NaN,NaN,NaN,NaN,NaN,NaN,NaN,46.552,0,3585.1,0.0058767,NaN,NaN,NaN,NaN,NaN,-1,-1,-2.1982,1.2318,-9.8688,3.3431,2.1271,-7.825,NaN,NaN,NaN,NaN,NaN
483.3,-15.42,-15.107,31.311,-2.0814,0.67196,-7.9766,2.714,6.1686,-7.2191,0,0,0,NaN,NaN,NaN,NaN,NaN,NaN,NaN,NaN,NaN,46.552,0,3585.1,0.0058767,NaN,NaN,NaN,NaN,19.826,98822,21.875,-2.1937,1.2,-9.8501,3.5121,1.8593,-7.85,NaN,NaN,NaN,NaN,NaN
483.31,-15.407,-15.113,31.292,-1.9504,2.4882,-9.2185,3.0941,-0.50157,-8.1563,0,0,0,NaN,NaN,NaN,NaN,NaN,NaN,NaN,NaN,NaN,46.552,0,3585.1,0.0058767,NaN,NaN,NaN,NaN,NaN,-1,-1,-2.1963,1.2053,-9.8734,3.6169,2.0692,-7.8816,NaN,NaN,NaN,NaN,NaN
483.31,-15.39,-15.115,31.271,-2.4,1.6704,-11.915,3.931,1.1981,-8.3282,0.66724,0.31064,-0.84542,NaN,NaN,NaN,NaN,NaN,NaN,NaN,NaN,NaN,46.552,0,3585.1,0.0058767,NaN,NaN,NaN,NaN,NaN,-1,-1,-2.1966,1.1904,-9.8769,3.6937,2.0527,-7.929,NaN,NaN,NaN,NaN,NaN
483.31,-15.374,-15.108,31.25,-2.2252,1.213,-10.253,3.9764,4.8984,-7.7679,0,0,0,NaN,NaN,NaN,NaN,NaN,NaN,NaN,NaN,NaN,46.552,0,3585.1,0.0058767,NaN,NaN,NaN,NaN,19.866,98849,21.938,-2.1977,1.1838,-9.8854,3.6982,2.1192,-7.9541,NaN,NaN,NaN,NaN,NaN
483.31,-15.356,-15.112,31.231,-2.5284,0.52444,-8.7117,4.6288,0.39769,-7.8689,0,0,0,NaN,NaN,NaN,NaN,NaN,NaN,NaN,NaN,NaN,46.552,0,3585.1,0.0058767,0.60389,2.2476,0.22395,0.092398,NaN,-1,-1,-2.2004,1.182,-9.8813,3.7667,2.268,-8.0084,NaN,NaN,NaN,NaN,NaN
483.32,-15.322,-15.099,31.187,-2.8908,0.16143,-8.009,3.342,6.8948,-8.4254,0.6648,0.31068,-0.84564,NaN,NaN,NaN,NaN,NaN,NaN,NaN,NaN,NaN,46.552,0,3585.1,0.0058767,NaN,NaN,NaN,NaN,NaN,-1,-1,-2.2089,1.1585,-9.9079,3.8022,2.1655,-8.072,NaN,NaN,NaN,NaN,NaN
483.32,-15.309,-15.108,31.169,-0.76722,-0.72793,-8.2532,2.8732,-1.7651,-8.3262,0,0,0,NaN,NaN,NaN,NaN,NaN,NaN,NaN,NaN,NaN,46.552,0,3585.1,0.0058767,NaN,NaN,NaN,NaN,19.592,98832,21.813,-2.2121,1.1524,-9.896,3.8214,2.0905,-8.1349,NaN,NaN,NaN,NaN,NaN
483.32,-15.296,-15.113,31.15,-2.9933,2.2051,-13.59,2.9795,-0.15968,-8.0709,0,0,0,NaN,NaN,NaN,NaN,NaN,NaN,NaN,NaN,NaN,46.552,0,3585.1,0.0058767,NaN,NaN,NaN,NaN,NaN,-1,-1,-2.2075,1.1505,-9.8971,3.792,2.2255,-8.1963,NaN,NaN,NaN,NaN,NaN
483.32,-15.273,-15.103,31.127,-2.8474,0.91557,-9.8873,6.2279,6.2847,-8.0309,0,0,0,NaN,NaN,NaN,NaN,NaN,NaN,NaN,NaN,NaN,46.552,0,3585.1,0.0058767,NaN,NaN,NaN,NaN,19.781,98820,21.813,-2.21,1.1326,-9.9162,3.7907,2.1435,-8.2261,NaN,NaN,NaN,NaN,NaN
483.33,-15.243,-15.112,31.088,-1.5903,1.7937,-10.65,3.5472,-2.2971,-8.257,0,0,0,NaN,NaN,NaN,NaN,NaN,NaN,NaN,NaN,NaN,46.552,0,3585.1,0.0058767,0.64933,2.1348,0.28602,0.0058269,NaN,-1,-1,-2.2029,1.1041,-9.8961,3.8338,2.0961,-8.244,NaN,NaN,NaN,NaN,NaN
483.33,-15.226,-15.104,31.065,-2.8845,1.5252,-12.786,3.8907,5.4867,-8.1986,0,0,0,NaN,NaN,NaN,NaN,NaN,NaN,NaN,NaN,NaN,46.552,0,3585.1,0.0058767,NaN,NaN,NaN,NaN,NaN,-1,-1,-2.2083,1.1059,-9.914,3.782,2.306,-8.2803,NaN,NaN,NaN,NaN,NaN
483.33,-15.187,-15.109,31.025,-2.0975,1.7735,-11.097,4.9742,-1.6234,-7.5574,0.66988,0.31297,-0.84748,NaN,NaN,NaN,NaN,NaN,NaN,NaN,NaN,NaN,46.552,0,3585.1,0.0058767,NaN,NaN,NaN,NaN,19.822,98845,21.875,-2.2121,1.0978,-9.9257,3.7095,2.1816,-8.3509,NaN,NaN,NaN,NaN,NaN
483.33,-15.17,-15.1,31.001,-2.9858,1.7083,-10.41,3.9904,5.998,-8.3059,0,0,0,NaN,NaN,NaN,NaN,NaN,NaN,NaN,NaN,NaN,46.552,0,3585.1,0.0058767,NaN,NaN,NaN,NaN,NaN,-1,-1,-2.2087,1.0878,-9.9266,3.6501,2.0687,-8.4087,NaN,NaN,NaN,NaN,NaN
483.34,-15.155,-15.095,30.978,-1.8577,-0.2128,-8.8148,3.0708,3.849,-8.6265,0,0,0,NaN,NaN,NaN,NaN,NaN,NaN,NaN,NaN,NaN,46.552,0,3585.1,0.0058767,NaN,NaN,NaN,NaN,NaN,-1,-1,-2.2085,1.0824,-9.9264,3.5876,2.271,-8.4473,NaN,NaN,NaN,NaN,NaN
483.34,-15.142,-15.107,30.959,-1.8422,-0.045064,-10.184,2.8389,-2.6196,-8.5942,0,0,0,NaN,NaN,NaN,NaN,NaN,NaN,NaN,NaN,NaN,46.552,0,3585.1,0.0058767,0.60991,2.247,0.23308,0.069923,19.383,98843,21.875,-2.2122,1.0728,-9.9309,3.5532,2.3605,-8.7747,NaN,NaN,NaN,NaN,NaN
483.34,-15.125,-15.107,30.937,-2.5905,2.8015,-12.722,4.254,1.9501,-8.7087,0.66749,0.3053,-0.8523,NaN,NaN,NaN,NaN,NaN,NaN,NaN,NaN,NaN,46.552,0,3585.1,0.0058767,NaN,NaN,NaN,NaN,NaN,-1,-1,-2.2152,1.0675,-9.9313,3.4087,2.1935,-8.7673,NaN,NaN,NaN,NaN,NaN
483.34,-15.107,-15.099,30.913,-2.3862,-0.55969,-9.313,4.0564,5.6933,-8.6992,0,0,0,NaN,NaN,NaN,NaN,NaN,NaN,NaN,NaN,NaN,46.552,0,3585.1,0.0058767,NaN,NaN,NaN,NaN,19.641,98867,22.063,-2.2149,1.0651,-9.9446,3.2927,2.2057,-8.7749,NaN,NaN,NaN,NaN,NaN
483.35,-15.095,-15.099,30.891,-1.6102,1.1321,-7.9765,1.9947,1.9249,-8.6277,0,0,0,NaN,NaN,NaN,NaN,NaN,NaN,NaN,NaN,NaN,46.552,0,3585.1,0.0058767,NaN,NaN,NaN,NaN,NaN,-1,-1,-2.211,1.0411,-9.9069,3.2579,2.26,-8.754,NaN,NaN,NaN,NaN,NaN
483.35,-15.082,-15.103,30.869,-2.86,2.2297,-11.75,2.6638,0.43149,-9.0165,0,0,0,NaN,NaN,NaN,NaN,NaN,NaN,NaN,NaN,NaN,46.552,0,3585.1,0.0058767,NaN,NaN,NaN,NaN,NaN,-1,-1,-2.2067,1.0099,-9.9044,3.2298,2.2422,-8.7275,NaN,NaN,NaN,NaN,NaN
483.35,-15.065,-15.102,30.846,-2.2947,0.69663,-11.019,3.7677,2.7371,-8.8113,0.66485,0.30298,-0.85024,NaN,NaN,NaN,NaN,NaN,NaN,NaN,NaN,NaN,46.533,0.024486,3602.3,0.0064211,0.59075,2.1002,0.29393,NaN,20.028,98808,21.75,-2.2126,1.0166,-9.9393,3.1335,2.4063,-9.0038,NaN,NaN,NaN,NaN,NaN
483.35,-15.05,-15.099,30.823,-2.478,0.9,-9.3202,3.5578,3.078,-8.7092,0,0,0,NaN,NaN,NaN,NaN,NaN,NaN,NaN,NaN,NaN,46.533,0.024486,3602.3,0.0064211,NaN,NaN,NaN,0.043285,NaN,-1,-1,-2.2203,1.0207,-9.9319,3.0497,2.4338,-8.9485,NaN,NaN,NaN,NaN,NaN
483.36,-15.034,-15.098,30.802,-2.0452,2.3826,-9.7369,3.5278,2.5596,-8.4033,0,0,0,NaN,NaN,NaN,NaN,NaN,NaN,NaN,NaN,NaN,46.533,0.024486,3602.3,0.0064211,NaN,NaN,NaN,NaN,NaN,-1,-1,-2.2215,1.0138,-9.8957,2.9276,2.319,-8.8918,NaN,NaN,NaN,NaN,NaN
483.36,-15.022,-15.096,30.778,-2.7063,0.73168,-9.1072,1.8432,2.9203,-9.1804,0,0,0,NaN,NaN,NaN,NaN,NaN,NaN,NaN,NaN,NaN,46.533,0.024486,3602.3,0.0064211,NaN,NaN,NaN,NaN,20.215,98829,21.875,-2.22,1.012,-9.9243,2.8238,2.3866,-8.8288,NaN,NaN,NaN,NaN,NaN
483.36,-15.011,-15.101,30.756,-1.4786,-0.9417,-10.082,1.8043,0.16461,-9.0513,0.66541,0.31266,-0.85479,NaN,NaN,NaN,NaN,NaN,NaN,NaN,NaN,NaN,46.533,0.024486,3602.3,0.0064211,NaN,NaN,NaN,NaN,19.845,98833,21.875,-2.2274,1.003,-9.9083,2.6286,2.4963,-8.754,NaN,NaN,NaN,NaN,NaN
483.36,-15.001,-15.098,30.733,-2.2442,1.8354,-11.656,1.0539,3.3613,-8.8633,0,0,0,NaN,NaN,NaN,NaN,NaN,NaN,NaN,NaN,NaN,46.533,0.024486,3602.3,0.0064211,0.61758,2.2458,0.23612,0.075749,NaN,-1,-1,-2.2257,0.99773,-9.8791,2.4474,2.4733,-8.7494,NaN,NaN,NaN,NaN,NaN
483.37,-14.984,-15.099,30.708,-2.7427,0.034113,-8.9553,3.8629,1.9403,-9.5864,0,0,0,NaN,NaN,NaN,NaN,NaN,NaN,NaN,NaN,NaN,46.533,0.024486,3602.3,0.0064211,NaN,NaN,NaN,NaN,NaN,-1,-1,-2.2307,0.97369,-9.8397,2.3284,2.1889,-8.7103,NaN,NaN,NaN,NaN,NaN
483.37,-14.973,-15.096,30.685,-2.2645,1.0016,-10.044,1.4848,3.2169,-8.9071,0,0,0,NaN,NaN,NaN,NaN,NaN,NaN,NaN,NaN,NaN,46.533,0.024486,3602.3,0.0064211,NaN,NaN,NaN,NaN,NaN,-1,-1,-2.222,0.93632,-9.7975,2.2245,2.1918,-8.6656,NaN,NaN,NaN,NaN,NaN
483.37,-14.962,-15.099,30.662,-1.926,1.9416,-9.5886,1.6227,1.228,-9.0367,0.66993,0.30527,-0.85208,NaN,NaN,NaN,NaN,NaN,NaN,NaN,NaN,NaN,46.533,0.024486,3602.3,0.0064211,NaN,NaN,NaN,NaN,19.362,98820,21.813,-2.1939,0.92266,-9.6846,2.1366,2.2802,-8.6077,NaN,NaN,NaN,NaN,NaN
483.37,-14.953,-15.097,30.64,-2.4486,0.28265,-11.609,0.88035,2.7847,-8.8568,0,0,0,NaN,NaN,NaN,NaN,NaN,NaN,NaN,NaN,NaN,46.533,0.024486,3602.3,0.0064211,NaN,NaN,NaN,NaN,NaN,-1,-1,-2.2138,0.91847,-9.6949,1.9309,2.3291,-8.5751,NaN,NaN,NaN,NaN,NaN
483.38,-14.929,-15.097,30.595,-2.0344,2.403,-10.233,2.1822,2.0923,-8.668,0,0,0,NaN,NaN,NaN,NaN,NaN,NaN,NaN,NaN,NaN,46.533,0.024486,3602.3,0.0064211,0.66247,2.1372,0.29089,0.0083241,NaN,-1,-1,-2.2153,0.91911,-9.6746,1.7265,2.0113,-8.5753,NaN,NaN,NaN,NaN,NaN
483.38,-14.915,-15.094,30.569,-2.4248,0.72126,-9.3928,2.6799,3.5975,-9.6114,0.6725,0.30511,-0.85415,NaN,NaN,NaN,NaN,NaN,NaN,NaN,NaN,NaN,46.533,0.024486,3602.3,0.0064211,NaN,NaN,NaN,NaN,19.993,98873,22.063,-2.2061,0.91619,-9.6372,1.5633,2.0593,-8.5549,NaN,NaN,NaN,NaN,NaN
483.38,-14.905,-15.095,30.545,-2.1077,-0.62302,-9.6537,0.876,2.207,-9.7274,0,0,0,NaN,NaN,NaN,NaN,NaN,NaN,NaN,NaN,NaN,46.533,0.024486,3602.3,0.0064211,NaN,NaN,NaN,NaN,20.151,98821,21.813,-2.2107,0.91982,-9.6784,1.4761,2.1471,-8.518,NaN,NaN,NaN,NaN,NaN
483.38,-14.886,-15.1,30.498,-2.7306,1.7443,-11.267,1.8566,1.5979,-9.5126,0,0,0,NaN,NaN,NaN,NaN,NaN,NaN,NaN,NaN,NaN,46.533,0.024486,3602.3,0.0064211,NaN,NaN,NaN,NaN,NaN,-1,-1,-2.2004,0.90613,-9.5691,1.2865,1.8126,-8.5174,NaN,NaN,NaN,NaN,NaN
483.39,-14.875,-15.097,30.474,-1.8035,-0.33067,-9.9926,1.3617,3.4101,-9.2061,0.6819,0.29765,-0.85101,NaN,NaN,NaN,NaN,NaN,NaN,NaN,NaN,NaN,46.533,0.024486,3602.3,0.0064211,0.59458,2.1091,0.29576,0.047447,NaN,-1,-1,-2.2027,0.89234,-9.5346,1.0634,2.0025,-8.5234,NaN,NaN,NaN,NaN,NaN
483.39,-14.866,-15.096,30.45,-2.3214,1.4698,-9.6053,0.52168,2.701,-9.2186,0,0,0,NaN,NaN,NaN,NaN,NaN,NaN,NaN,NaN,NaN,46.533,0.024486,3602.3,0.0064211,0.59458,2.1091,0.29576,0.047447,NaN,-1,-1,-2.2053,0.87545,-9.5373,0.96897,1.6463,-8.4958,NaN,NaN,NaN,NaN,NaN
483.39,-14.855,-15.099,30.426,-2.7249,1.5248,-10.583,1.5,1.1792,-9.9117,0,0,0,NaN,NaN,NaN,NaN,NaN,NaN,NaN,NaN,NaN,46.533,0.024486,3602.3,0.0064211,NaN,NaN,NaN,NaN,20.494,98809,21.75,-2.2107,0.8541,-9.546,0.81676,1.9,-8.4902,NaN,NaN,NaN,NaN,NaN
483.39,0,0,0,0,0,0,0,0,0,0,0,0,NaN,NaN,NaN,NaN,NaN,NaN,NaN,NaN,NaN,46.533,0.024486,3602.3,0.0064211,NaN,NaN,NaN,NaN,NaN,-1,-1,-2.2075,0.84631,-9.5203,0.64154,2.0781,-8.5035,NaN,NaN,NaN,NaN,NaN
483.4,-14.833,-15.098,30.378,-2.5926,0.9102,-10.52,1.647,3.4637,-9.3437,0.66958,0.29794,-0.84981,NaN,NaN,NaN,NaN,NaN,NaN,NaN,NaN,NaN,46.533,0.024486,3602.3,0.0064211,NaN,NaN,NaN,NaN,NaN,-1,-1,-2.2273,0.83843,-9.5256,0.37709,1.7603,-8.5158,NaN,NaN,NaN,NaN,NaN
483.4,-14.822,-15.096,30.354,-2.1123,1.9256,-9.9331,1.8227,3.1462,-9.0053,0,0,0,NaN,NaN,NaN,NaN,NaN,NaN,NaN,NaN,NaN,46.533,0.024486,3602.3,0.0064211,NaN,NaN,NaN,NaN,20.473,98832,21.813,-2.218,0.83577,-9.4813,0.24196,1.6217,-8.5361,NaN,NaN,NaN,NaN,NaN
483.4,-14.815,-15.094,30.329,-2.7918,0.60499,-8.9362,-0.48203,3.079,-9.5609,0,0,0,NaN,NaN,NaN,NaN,NaN,NaN,NaN,NaN,NaN,46.533,0.024486,3602.3,0.0064211,NaN,NaN,NaN,NaN,NaN,-1,-1,-2.215,0.84643,-9.4676,0.089797,1.9269,-8.5404,NaN,NaN,NaN,NaN,NaN
483.4,-14.81,-15.102,30.307,-1.3596,-1.2292,-10.547,-0.38113,-0.92762,-9.6431,0,0,0,NaN,NaN,NaN,NaN,NaN,NaN,NaN,NaN,NaN,46.533,0.024486,3602.3,0.0064211,0.60115,2.2416,0.22943,0.089068,19.946,98824,21.813,-2.2144,0.83241,-9.4319,-0.12747,1.8345,-8.5624,NaN,NaN,NaN,NaN,NaN
483.41,0,0,0,0,0,0,0,0,0,0,0,0,NaN,NaN,NaN,NaN,NaN,NaN,NaN,NaN,NaN,46.533,0.024486,3602.3,0.0064211,NaN,NaN,NaN,NaN,NaN,-1,-1,-2.2134,0.83213,-9.393,-0.39587,1.6987,-8.6088,NaN,NaN,NaN,NaN,NaN
483.41,-14.805,-15.101,30.282,-2.1752,0.83331,-13.37,-1.372,2.5839,-9.5064,0.67676,0.29796,-0.84687,NaN,NaN,NaN,NaN,NaN,NaN,NaN,NaN,NaN,46.533,0.024486,3602.3,0.0064211,NaN,NaN,NaN,NaN,NaN,-1,-1,-2.2068,0.81589,-9.3679,-0.60138,1.7563,-8.6705,NaN,NaN,NaN,NaN,NaN
483.41,-14.794,-15.098,30.233,-1.3862,0.73901,-9.5519,-1.3127,0.35747,-9.5522,0,0,0,NaN,NaN,NaN,NaN,NaN,NaN,NaN,NaN,NaN,46.533,0.024486,3602.3,0.0064211,NaN,NaN,NaN,NaN,20.274,98841,21.875,-2.2089,0.81211,-9.3311,-0.77378,1.7382,-8.7072,NaN,NaN,NaN,NaN,NaN
483.41,-14.79,-15.106,30.211,-2.0895,1.6722,-11.428,-1.3448,-1.1879,-9.8209,0,0,0,NaN,NaN,NaN,NaN,NaN,NaN,NaN,NaN,NaN,46.533,0.024486,3602.3,0.0064211,NaN,NaN,NaN,0.10072,NaN,-1,-1,-2.204,0.79456,-9.2598,-0.93393,1.7992,-8.7344,NaN,NaN,NaN,NaN,NaN
483.42,-14.777,-15.096,30.159,-2.0503,0.10595,-7.6221,0.094595,1.2036,-9.6398,0,0,0,NaN,NaN,NaN,NaN,NaN,NaN,NaN,NaN,NaN,46.533,0.024486,3602.3,0.0064211,NaN,NaN,NaN,0.10072,NaN,-1,-1,-2.1953,0.79567,-9.2548,-1.1231,1.8457,-8.7937,NaN,NaN,NaN,NaN,NaN
483.42,-14.772,-15.106,30.14,-1.9993,1.7511,-11.078,-0.3035,-1.8174,-8.4414,0,0,0,NaN,NaN,NaN,NaN,NaN,NaN,NaN,NaN,NaN,46.533,0.024486,3602.3,0.0064211,NaN,NaN,NaN,NaN,19.716,98835,21.813,-2.2194,0.80676,-9.3338,-1.3968,1.7961,-8.838,NaN,NaN,NaN,NaN,NaN
483.42,-14.768,-15.093,30.112,-3.0209,1.2408,-10.558,-1.7105,7.5362,-9.7255,0,0,0,NaN,NaN,NaN,NaN,NaN,NaN,NaN,NaN,NaN,46.533,0.024486,3602.3,0.0064211,NaN,NaN,NaN,NaN,NaN,-1,-1,-2.2358,0.80286,-9.3047,-1.6123,1.9003,-8.886,NaN,NaN,NaN,NaN,NaN
483.42,-14.778,-15.094,30.083,-1.5623,-0.97395,-6.6642,-2.6106,3.6559,-9.4753,0.67682,0.29536,-0.84916,NaN,NaN,NaN,NaN,NaN,NaN,NaN,NaN,NaN,46.533,0.024486,3602.3,0.0064211,NaN,NaN,NaN,NaN,20.335,98857,21.938,-2.2358,0.80736,-9.2533,-1.726,1.8326,-8.9741,NaN,NaN,NaN,NaN,NaN
483.43,-14.779,-15.109,30.061,-2.1506,0.072537,-11.305,-2.9177,-3.7282,-10.085,0,0,0,NaN,NaN,NaN,NaN,NaN,NaN,NaN,NaN,NaN,46.533,0.024486,3602.3,0.0064211,NaN,NaN,NaN,NaN,NaN,-1,-1,-2.2431,0.80034,-9.2436,-1.9479,1.8505,-9.0474,NaN,NaN,NaN,NaN,NaN
483.43,-14.773,-15.106,30.035,-3.2144,1.8578,-12.251,-0.98824,3.9066,-10.126,0,0,0,NaN,NaN,NaN,NaN,NaN,NaN,NaN,NaN,NaN,46.533,0.024486,3602.3,0.0064211,0.60827,2.2434,0.2349,0.064928,NaN,-1,-1,-2.2768,0.79812,-9.323,-2.139,1.825,-9.1262,NaN,NaN,NaN,NaN,NaN
483.43,-14.77,-15.094,30.008,-1.8294,0.31312,-6.8585,-1.8286,7.1477,-9.2203,0,0,0,NaN,NaN,NaN,NaN,NaN,NaN,NaN,NaN,NaN,46.533,0.024486,3602.3,0.0064211,NaN,NaN,NaN,NaN,20.233,98843,21.875,-2.2666,0.77506,-9.2765,-2.3186,1.7631,-9.1983,NaN,NaN,NaN,NaN,NaN
483.43,-14.772,-15.106,29.986,-1.6143,0.92154,-9.2253,-3.5615,-2.8278,-9.6614,0.68676,0.29249,-0.85287,NaN,NaN,NaN,NaN,NaN,NaN,NaN,NaN,NaN,46.533,0.024486,3602.3,0.0064211,NaN,NaN,NaN,NaN,NaN,-1,-1,-2.2747,0.79089,-9.2767,-2.4055,1.7503,-9.2442,NaN,NaN,NaN,NaN,NaN
483.44,-14.771,-15.107,29.96,-3.6221,1.2669,-12.761,-2.873,2.1312,-10.253,0,0,0,NaN,NaN,NaN,NaN,NaN,NaN,NaN,NaN,NaN,46.533,0.024486,3602.3,0.0064211,NaN,NaN,NaN,NaN,NaN,-1,-1,-2.285,0.77414,-9.2285,-2.4129,1.9581,-9.3276,NaN,NaN,NaN,NaN,NaN
483.44,-14.77,-15.096,29.933,-1.9748,1.2048,-8.7882,-2.519,6.7139,-9.5231,0,0,0,NaN,NaN,NaN,NaN,NaN,NaN,NaN,NaN,NaN,46.533,0.024486,3602.3,0.0064211,NaN,NaN,NaN,NaN,20.372,98815,21.75,-2.2814,0.77413,-9.23,-2.5239,1.9514,-9.4344,NaN,NaN,NaN,NaN,NaN
483.44,-14.766,-15.104,29.912,-1.9312,0.025339,-6.9445,-1.2117,-1.1314,-9.2949,0,0,0,NaN,NaN,NaN,NaN,NaN,NaN,NaN,NaN,NaN,46.533,0.024486,3602.3,0.0064211,NaN,NaN,NaN,NaN,19.721,98850,21.938,-2.2978,0.80018,-9.2289,-2.59,1.772,-9.5476,NaN,NaN,NaN,NaN,NaN
483.44,-14.765,-15.092,29.861,-2.921,-0.15569,-8.8127,-3.9579,8.4143,-9.599,0,0,0,NaN,NaN,NaN,NaN,NaN,NaN,NaN,NaN,NaN,46.533,0.024486,3602.3,0.0064211,NaN,NaN,NaN,NaN,NaN,-1,-1,-2.3032,0.78059,-9.1452,-2.6038,1.9626,-9.6305,NaN,NaN,NaN,NaN,NaN
483.45,-14.767,-15.103,29.839,-0.72967,-0.85275,-5.4517,-3.3418,-1.9547,-9.676,0,0,0,NaN,NaN,NaN,NaN,NaN,NaN,NaN,NaN,NaN,46.533,0.024486,3602.3,0.0064211,NaN,NaN,NaN,NaN,NaN,-1,-1,-2.3047,0.80063,-9.1322,-2.6077,2.0658,-9.72,NaN,NaN,NaN,NaN,NaN
483.45,-14.77,-15.113,29.817,-2.8662,1.7813,-11.974,-3.8233,-2.1092,-9.5042,0,0,0,NaN,NaN,NaN,NaN,NaN,NaN,NaN,NaN,NaN,46.533,0.024486,3602.3,0.0064211,NaN,NaN,NaN,NaN,NaN,-1,-1,-2.3286,0.79893,-9.0936,-2.6332,1.9975,-9.8441,NaN,NaN,NaN,NaN,NaN
483.45,-14.765,-15.105,29.79,-3.3411,0.86662,-9.5703,-1.4956,5.941,-9.5891,0.67939,0.2952,-0.85123,NaN,NaN,NaN,NaN,NaN,NaN,NaN,NaN,NaN,46.533,0.024486,3602.3,0.0064211,NaN,NaN,NaN,NaN,19.799,98796,21.688,-2.3146,0.7622,-9.0248,-2.6479,2.0408,-9.6406,NaN,NaN,NaN,NaN,NaN
483.45,-14.767,-15.097,29.764,-1.4375,-0.001629,-6.4937,-3.8774,5.4142,-9.5615,0,0,0,NaN,NaN,NaN,NaN,NaN,NaN,NaN,NaN,NaN,46.533,0.024486,3602.3,0.0064211,0.6017,2.2368,0.23125,0.076582,NaN,-1,-1,-2.3178,0.77575,-9.0222,-2.5669,2.0264,-9.674,NaN,NaN,NaN,NaN,NaN
483.46,-14.769,-15.113,29.742,-2.3967,1.655,-8.5585,-3.5111,-4.0563,-10.189,0,0,0,NaN,NaN,NaN,NaN,NaN,NaN,NaN,NaN,NaN,46.533,0.024486,3602.3,0.0064211,NaN,NaN,NaN,NaN,NaN,-1,-1,-2.3364,0.7701,-8.9976,-2.3914,2.2033,-9.7162,NaN,NaN,NaN,NaN,NaN
483.46,-14.771,-15.109,29.716,-3.0742,0.56381,-11.106,-3.734,4.0176,-9.7547,0,0,0,NaN,NaN,NaN,NaN,NaN,NaN,NaN,NaN,NaN,46.533,0.024486,3602.3,0.0064211,NaN,NaN,NaN,NaN,19.988,98822,21.813,-2.3276,0.75574,-8.9518,-2.3986,2.284,-9.7572,NaN,NaN,NaN,NaN,NaN
483.46,-14.767,-15.104,29.691,-2.4158,1.1623,-8.1273,-1.5201,4.0912,-9.5243,0.67696,0.30033,-0.84915,NaN,NaN,NaN,NaN,NaN,NaN,NaN,NaN,NaN,46.533,0,3623.7,0.0058767,NaN,NaN,NaN,NaN,NaN,-1,-1,-2.3277,0.76836,-8.9091,-2.3211,2.0081,-9.8249,NaN,NaN,NaN,NaN,NaN
483.46,-14.765,-15.108,29.669,-2.4538,1.6731,-7.5973,-1.8266,0.56545,-8.8977,0,0,0,NaN,NaN,NaN,NaN,NaN,NaN,NaN,NaN,NaN,46.533,0,3623.7,0.0058767,NaN,NaN,NaN,NaN,19.486,98875,21.938,-2.348,0.78634,-8.9176,-2.1958,2.0204,-9.5247,NaN,NaN,NaN,NaN,NaN
483.47,-14.763,-15.105,29.644,-2.5007,1.5353,-8.0146,-2.5135,3.3415,-9.5377,0,0,0,NaN,NaN,NaN,NaN,NaN,NaN,NaN,NaN,NaN,46.533,0,3623.7,0.0058767,0.66028,2.1384,0.2988,0.011654,NaN,-1,-1,-2.3559,0.78272,-8.8789,-2.1462,2.1242,-9.5236,NaN,NaN,NaN,NaN,NaN
483.47,-14.762,-15.109,29.621,-1.9667,-1.5238,-8.0492,-2.4321,0.6196,-9.5347,0,0,0,NaN,NaN,NaN,NaN,NaN,NaN,NaN,NaN,NaN,46.533,0,3623.7,0.0058767,NaN,NaN,NaN,NaN,NaN,-1,-1,-2.3608,0.78692,-8.857,-2.0919,1.9832,-9.517,NaN,NaN,NaN,NaN,NaN
483.47,-14.763,-15.111,29.597,-2.6889,0.63052,-10.3,-2.9544,1.35,-9.3921,0.67193,0.29033,-0.85191,NaN,NaN,NaN,NaN,NaN,NaN,NaN,NaN,NaN,46.533,0,3623.7,0.0058767,NaN,NaN,NaN,NaN,19.97,98886,22.063,-2.3715,0.78693,-8.8262,-2.0547,1.8808,-9.536,NaN,NaN,NaN,NaN,NaN
483.47,-14.755,-15.114,29.573,-2.4998,1.8436,-8.2717,-0.051165,1.2218,-9.855,0,0,0,NaN,NaN,NaN,NaN,NaN,NaN,NaN,NaN,NaN,46.533,0,3623.7,0.0058767,NaN,NaN,NaN,NaN,NaN,-1,-1,-2.3728,0.77391,-8.7893,-1.9616,1.7851,-9.5258,NaN,NaN,NaN,NaN,NaN
483.48,-14.749,-15.117,29.526,-1.968,1.0702,-8.5543,-2.0942,-0.59484,-9.6955,0,0,0,NaN,NaN,NaN,NaN,NaN,NaN,NaN,NaN,NaN,46.533,0,3623.7,0.0058767,NaN,NaN,NaN,NaN,NaN,-1,-1,-2.3733,0.76609,-8.7669,-1.806,1.6229,-9.4626,NaN,NaN,NaN,NaN,NaN
483.48,-14.746,-15.115,29.501,-3.1477,1.3238,-10.362,-1.8194,3.1448,-9.3562,0.68454,0.29997,-0.85307,NaN,NaN,NaN,NaN,NaN,NaN,NaN,NaN,NaN,46.533,0,3623.7,0.0058767,0.59075,2.1139,0.29758,NaN,20.108,98835,21.813,-2.377,0.76529,-8.7424,-1.6631,1.8872,-9.465,NaN,NaN,NaN,NaN,NaN
483.48,-14.74,-15.115,29.477,-2.2134,1.5765,-7.9537,-0.13957,2.1703,-9.2019,0,0,0,NaN,NaN,NaN,NaN,NaN,NaN,NaN,NaN,NaN,46.533,0,3623.7,0.0058767,NaN,NaN,NaN,0.044118,NaN,-1,-1,-2.3803,0.75919,-8.7437,-1.6362,1.9064,-9.4495,NaN,NaN,NaN,NaN,NaN
483.48,-14.733,-15.116,29.455,-2.3291,0.44395,-9.0986,-0.14192,1.5376,-9.1667,0,0,0,NaN,NaN,NaN,NaN,NaN,NaN,NaN,NaN,NaN,46.533,0,3623.7,0.0058767,NaN,NaN,NaN,NaN,20.251,98832,21.813,-2.3851,0.78053,-8.7166,-1.6086,1.5815,-9.4749,NaN,NaN,NaN,NaN,NaN
483.49,-14.727,-15.111,29.43,-3.1726,2.6484,-7.1412,-0.54162,4.4405,-9.1782,0,0,0,NaN,NaN,NaN,NaN,NaN,NaN,NaN,NaN,NaN,46.533,0,3623.7,0.0058767,NaN,NaN,NaN,NaN,NaN,-1,-1,-2.3928,0.78447,-8.6829,-1.4694,1.785,-9.4972,NaN,NaN,NaN,NaN,NaN
483.49,-14.723,-15.11,29.404,-2.0105,-0.17947,-7.0059,-1.3811,2.756,-9.7844,0.68656,0.29013,-0.85059,NaN,NaN,NaN,NaN,NaN,NaN,NaN,NaN,NaN,46.533,0,3623.7,0.0058767,NaN,NaN,NaN,NaN,NaN,-1,-1,-2.3881,0.78338,-8.6609,-1.3911,1.9707,-9.5023,NaN,NaN,NaN,NaN,NaN
483.49,-14.722,-15.121,29.383,-2.0007,-1.4106,-9.7497,-2.6295,-2.5371,-9.7628,0,0,0,NaN,NaN,NaN,NaN,NaN,NaN,NaN,NaN,NaN,46.533,0,3623.7,0.0058767,0.66412,2.142,0.29637,0.0058269,20.192,98841,21.875,-2.3974,0.7889,-8.6613,-1.3812,1.6666,-9.5374,NaN,NaN,NaN,NaN,NaN
483.49,-14.717,-15.121,29.359,-3.0678,2.832,-11.335,-0.72938,2.2774,-9.4074,0,0,0,NaN,NaN,NaN,NaN,NaN,NaN,NaN,NaN,NaN,46.533,0,3623.7,0.0058767,NaN,NaN,NaN,NaN,NaN,-1,-1,-2.4096,0.77596,-8.6458,-1.3988,1.7938,-9.5768,NaN,NaN,NaN,NaN,NaN
483.5,-14.71,-15.108,29.332,-2.1249,0.72823,-6.0705,-0.30172,7.5234,-9.1522,0,0,0,NaN,NaN,NaN,NaN,NaN,NaN,NaN,NaN,NaN,46.533,0,3623.7,0.0058767,NaN,NaN,NaN,NaN,NaN,-1,-1,-2.401,0.77619,-8.6428,-1.383,2.004,-9.6215,NaN,NaN,NaN,NaN,NaN
483.5,-14.707,-15.117,29.309,-1.673,0.24758,-7.0471,-1.5873,-1.3354,-9.9044,0.6819,0.29765,-0.85101,NaN,NaN,NaN,NaN,NaN,NaN,NaN,NaN,NaN,46.533,0,3623.7,0.0058767,NaN,NaN,NaN,NaN,20.312,98854,21.875,-2.4142,0.76233,-8.6169,-1.2678,2.0218,-9.6353,NaN,NaN,NaN,NaN,NaN
483.5,-14.705,-15.122,29.285,-3.2151,1.6569,-10.685,-2.2902,0.30235,-9.9135,0,0,0,NaN,NaN,NaN,NaN,NaN,NaN,NaN,NaN,NaN,46.533,0,3623.7,0.0058767,NaN,NaN,NaN,NaN,NaN,-1,-1,-2.4091,0.75523,-8.6067,-1.3071,2.3765,-9.6631,NaN,NaN,NaN,NaN,NaN
483.5,-14.693,-15.111,29.234,-2.6014,-0.76689,-5.727,-0.021543,4.0113,-9.834,0,0,0,NaN,NaN,NaN,NaN,NaN,NaN,NaN,NaN,NaN,46.533,0,3623.7,0.0058767,NaN,NaN,NaN,NaN,19.61,98825,21.75,-2.4198,0.76601,-8.6406,-1.3522,2.0785,-9.7067,NaN,NaN,NaN,NaN,NaN
483.51,-14.689,-15.118,29.213,-1.7949,2.2724,-8.7622,-1.1075,-0.8462,-8.8229,0.6743,0.28781,-0.85169,NaN,NaN,NaN,NaN,NaN,NaN,NaN,NaN,NaN,46.533,0,3623.7,0.0058767,0.59568,2.2362,0.22334,0.095727,NaN,-1,-1,-2.4172,0.75126,-8.5963,-1.4344,2.036,-9.7317,NaN,NaN,NaN,NaN,NaN
483.51,-14.685,-15.113,29.186,-3.7924,0.75946,-11.044,-1.7413,4.2909,-10.094,0,0,0,NaN,NaN,NaN,NaN,NaN,NaN,NaN,NaN,NaN,46.533,0,3623.7,0.0058767,NaN,NaN,NaN,NaN,NaN,-1,-1,-2.418,0.759,-8.5965,-1.4437,2.2524,-9.7592,NaN,NaN,NaN,NaN,NaN
483.51,-14.687,-15.115,29.137,-2.1081,1.1312,-10.241,-3.8896,-1.5261,-9.56,0,0,0,NaN,NaN,NaN,NaN,NaN,NaN,NaN,NaN,NaN,46.533,0,3623.7,0.0058767,NaN,NaN,NaN,NaN,19.527,98844,21.813,-2.4279,0.75032,-8.6413,-1.5799,2.2933,-9.8069,NaN,NaN,NaN,NaN,NaN
483.51,-14.68,-15.118,29.111,-3.698,1.5533,-10.167,-0.25468,1.1476,-10.259,0.67938,0.29011,-0.85354,NaN,NaN,NaN,NaN,NaN,NaN,NaN,NaN,NaN,46.533,0,3623.7,0.0058767,NaN,NaN,NaN,NaN,NaN,-1,-1,-2.4201,0.7175,-8.6127,-1.7542,2.1612,-9.87,NaN,NaN,NaN,NaN,NaN
483.52,-14.677,-15.103,29.083,-1.8597,-0.077596,-9.1211,-2.2653,8.3129,-9.7364,0,0,0,NaN,NaN,NaN,NaN,NaN,NaN,NaN,NaN,NaN,46.533,0,3623.7,0.0058767,0.59294,2.1199,0.29393,0.042453,NaN,-1,-1,-2.4126,0.71737,-8.6042,-1.9762,2.3555,-9.956,NaN,NaN,NaN,NaN,NaN
483.52,-14.677,-15.108,29.058,-1.8604,1.0037,-6.9542,-3.1385,0.67712,-10.197,0,0,0,NaN,NaN,NaN,NaN,NaN,NaN,NaN,NaN,NaN,46.533,0,3623.7,0.0058767,NaN,NaN,NaN,NaN,20.212,98825,21.813,-2.4155,0.71123,-8.6369,-2.0687,2.3321,-10.014,NaN,NaN,NaN,NaN,NaN
483.52,-14.675,-15.113,29.034,-2.8418,1.3342,-11.449,-2.1464,0.037987,-9.7864,0,0,0,NaN,NaN,NaN,NaN,NaN,NaN,NaN,NaN,NaN,46.533,0,3623.7,0.0058767,NaN,NaN,NaN,NaN,19.572,98847,21.875,-2.4154,0.68705,-8.6351,-2.1725,2.3726,-10.048,NaN,NaN,NaN,NaN,NaN
483.52,-14.672,-15.106,29.006,-2.8152,0.16267,-10.018,-2.1498,5.1886,-10.051,0.67689,0.29784,-0.84916,NaN,NaN,NaN,NaN,NaN,NaN,NaN,NaN,NaN,46.533,0,3623.7,0.0058767,NaN,NaN,NaN,NaN,NaN,-1,-1,-2.4044,0.68528,-8.6634,-2.3071,2.6046,-10.107,NaN,NaN,NaN,NaN,NaN
483.53,-14.669,-15.106,28.982,-1.926,1.668,-8.5884,-1.5136,2.3574,-9.6189,0,0,0,NaN,NaN,NaN,NaN,NaN,NaN,NaN,NaN,NaN,46.533,0,3623.7,0.0058767,NaN,NaN,NaN,NaN,NaN,-1,-1,-2.4172,0.70144,-8.7097,-2.5526,2.5807,-10.144,NaN,NaN,NaN,NaN,NaN
483.53,-14.664,-15.102,28.954,-2.8023,2.2944,-8.4712,-1.3389,4.3799,-10.429,0,0,0,NaN,NaN,NaN,NaN,NaN,NaN,NaN,NaN,NaN,46.533,0,3623.7,0.0058767,NaN,NaN,NaN,NaN,NaN,-1,-1,-2.4238,0.69082,-8.6987,-2.7399,2.5223,-10.196,NaN,NaN,NaN,NaN,NaN
483.53,-14.663,-15.1,28.926,-2.2802,-1.7036,-7.822,-3.2596,3.1647,-10.912,0,0,0,NaN,NaN,NaN,NaN,NaN,NaN,NaN,NaN,NaN,46.533,0,3623.7,0.0058767,0.60006,2.247,0.2276,0.089068,19.55,98848,21.875,-2.4053,0.69699,-8.7025,-2.8689,2.707,-10.236,NaN,NaN,NaN,NaN,NaN
483.53,-14.667,-15.107,28.901,-1.9809,-0.10621,-9.9745,-4.4605,-0.25279,-10.308,0.68427,0.29513,-0.85079,NaN,NaN,NaN,NaN,NaN,NaN,NaN,NaN,NaN,46.533,0,3623.7,0.0058767,NaN,NaN,NaN,NaN,NaN,-1,-1,-2.4126,0.6788,-8.762,-3.0498,2.6181,-10.297,NaN,NaN,NaN,NaN,NaN
483.54,-14.664,-15.103,28.872,-3.0185,1.8265,-11.493,-2.1864,3.9094,-10.755,0,0,0,NaN,NaN,NaN,NaN,NaN,NaN,NaN,NaN,NaN,46.533,0,3623.7,0.0058767,NaN,NaN,NaN,NaN,NaN,-1,-1,-2.413,0.66305,-8.7755,-3.2924,2.6636,-10.333,NaN,NaN,NaN,NaN,NaN
483.54,-14.662,-15.092,28.843,-2.1371,0.022841,-6.274,-2.7413,7.0857,-10.339,0,0,0,NaN,NaN,NaN,NaN,NaN,NaN,NaN,NaN,NaN,46.533,0,3623.7,0.0058767,NaN,NaN,NaN,NaN,19.696,98835,21.813,-2.4019,0.65264,-8.7941,-3.4639,2.7594,-10.391,NaN,NaN,NaN,NaN,NaN
483.54,-14.666,-15.102,28.818,-2.0074,0.19601,-10.295,-4.4527,-1.4389,-10.736,0,0,0,NaN,NaN,NaN,NaN,NaN,NaN,NaN,NaN,NaN,46.533,0,3623.7,0.0058767,0.58637,2.2261,0.22212,NaN,19.524,98822,21.688,-2.4054,0.63515,-8.8358,-3.5542,2.7313,-10.42,NaN,NaN,NaN,NaN,NaN
483.54,-14.667,-15.101,28.791,-2.8373,1.8317,-10.507,-3.7324,2.7295,-10.52,0.67692,0.27995,-0.85836,NaN,NaN,NaN,NaN,NaN,NaN,NaN,NaN,NaN,46.533,0,3623.7,0.0058767,NaN,NaN,NaN,0.094062,NaN,-1,-1,-2.3977,0.61793,-8.8867,-3.649,2.9544,-10.439,NaN,NaN,NaN,NaN,NaN
483.55,-14.668,-15.088,28.761,-2.1364,1.0261,-9.6039,-3.8914,8.1227,-10.112,0,0,0,NaN,NaN,NaN,NaN,NaN,NaN,NaN,NaN,NaN,46.533,0,3623.7,0.0058767,NaN,NaN,NaN,NaN,NaN,-1,-1,-2.3918,0.61069,-8.9231,-3.8336,3.0896,-10.475,NaN,NaN,NaN,NaN,NaN
483.55,-14.667,-15.094,28.736,-2.4111,-0.20263,-6.3473,-2.8584,-0.012376,-10.762,0,0,0,NaN,NaN,NaN,NaN,NaN,NaN,NaN,NaN,NaN,46.533,0,3623.7,0.0058767,NaN,NaN,NaN,NaN,NaN,-1,-1,-2.395,0.59974,-8.9918,-4.0353,2.8795,-10.523,NaN,NaN,NaN,NaN,NaN
483.55,-14.669,-15.094,28.71,-3.1376,2.4717,-11.399,-3.8625,2.3068,-10.024,0,0,0,NaN,NaN,NaN,NaN,NaN,NaN,NaN,NaN,NaN,46.533,0,3623.7,0.0058767,NaN,NaN,NaN,NaN,19.401,98861,21.875,-2.3954,0.60238,-9.0323,-4.1367,2.9593,-10.554,NaN,NaN,NaN,NaN,NaN
483.55,-14.68,-15.087,28.653,-1.5649,-1.2832,-7.4553,-6.0415,0.11706,-10.759,0,0,0,NaN,NaN,NaN,NaN,NaN,NaN,NaN,NaN,NaN,46.533,0,3623.7,0.0058767,NaN,NaN,NaN,NaN,NaN,-1,-1,-2.3855,0.56873,-9.0686,-4.2582,3.1903,-10.582,NaN,NaN,NaN,NaN,NaN
483.56,-14.685,-15.095,28.628,-3.0096,1.4886,-11.629,-4.9212,-0.631,-10.766,0,0,0,NaN,NaN,NaN,NaN,NaN,NaN,NaN,NaN,NaN,46.533,0,3623.7,0.0058767,NaN,NaN,NaN,NaN,NaN,-1,-1,-2.3769,0.55806,-9.1275,-4.4216,3.1212,-10.632,NaN,NaN,NaN,NaN,NaN
483.56,-14.688,-15.079,28.596,-2.4393,0.3191,-8.4971,-4.9844,9.256,-10.486,0,0,0,NaN,NaN,NaN,NaN,NaN,NaN,NaN,NaN,NaN,46.533,0,3623.7,0.0058767,NaN,NaN,NaN,NaN,20.328,98814,21.688,-2.37,0.54806,-9.2094,-4.5883,3.142,-10.694,NaN,NaN,NaN,NaN,NaN
483.56,-14.693,-15.082,28.569,-1.628,0.23662,-8.4283,-5.2182,1.1705,-10.997,0.67457,0.28756,-0.85627,NaN,NaN,NaN,NaN,NaN,NaN,NaN,NaN,NaN,46.533,0,3623.7,0.0058767,NaN,NaN,NaN,NaN,NaN,-1,-1,-2.3719,0.51787,-9.2466,-4.5993,3.2446,-10.725,NaN,NaN,NaN,NaN,NaN
483.56,-14.699,-15.086,28.541,-2.7182,0.81617,-10.83,-5.7947,1.1306,-11.186,0,0,0,NaN,NaN,NaN,NaN,NaN,NaN,NaN,NaN,NaN,46.533,0,3623.7,0.0058767,NaN,NaN,NaN,NaN,20.108,98840,21.813,-2.355,0.49912,-9.2982,-4.6487,3.2281,-10.73,NaN,NaN,NaN,NaN,NaN
483.57,-14.703,-15.075,28.511,-2.4817,0.93422,-9.4461,-5.0625,7.0045,-10.69,0,0,0,NaN,NaN,NaN,NaN,NaN,NaN,NaN,NaN,NaN,46.533,0,3623.7,0.0058767,NaN,NaN,NaN,NaN,NaN,-1,-1,-2.3532,0.507,-9.383,-5.0048,3.4623,-11.106,NaN,NaN,NaN,NaN,NaN
483.57,-14.705,-15.075,28.482,-2.7408,0.42797,-8.5675,-4.2788,2.9468,-11.03,0,0,0,NaN,NaN,NaN,NaN,NaN,NaN,NaN,NaN,NaN,46.533,0,3623.7,0.0058767,0.5902,2.2332,0.213,0.10738,NaN,-1,-1,-2.3464,0.50687,-9.4752,-5.1867,3.32,-11.042,NaN,NaN,NaN,NaN,NaN
483.57,-14.707,-15.079,28.458,-2.2519,1.6817,-10.514,-3.611,0.58064,-10.025,0.68635,0.28777,-0.84831,NaN,NaN,NaN,NaN,NaN,NaN,NaN,NaN,NaN,46.543,0,3649.4,0.0069644,NaN,NaN,NaN,NaN,19.757,98842,21.813,-2.352,0.50479,-9.5597,-5.1615,3.2389,-11.004,NaN,NaN,NaN,NaN,NaN
483.57,-14.712,-15.066,28.427,-2.5182,-0.34684,-10.039,-5.7396,7.9539,-10.633,0,0,0,NaN,NaN,NaN,NaN,NaN,NaN,NaN,NaN,NaN,46.543,0,3649.4,0.0069644,NaN,NaN,NaN,NaN,NaN,-1,-1,-2.3406,0.49707,-9.5943,-5.2207,3.5189,-10.951,NaN,NaN,NaN,NaN,NaN
483.58,-14.719,-15.064,28.399,-1.9268,-1.1144,-6.695,-6.2241,3.1889,-10.674,0,0,0,NaN,NaN,NaN,NaN,NaN,NaN,NaN,NaN,NaN,46.543,0,3649.4,0.0069644,NaN,NaN,NaN,NaN,NaN,-1,-1,-2.3313,0.47907,-9.6754,-5.3304,3.4896,-10.923,NaN,NaN,NaN,NaN,NaN
483.58,-14.728,-15.071,28.374,-2.3799,0.73606,-11.759,-6.6723,-0.083595,-10.472,0,0,0,NaN,NaN,NaN,NaN,NaN,NaN,NaN,NaN,NaN,46.543,0,3649.4,0.0069644,0.65317,2.1414,0.30245,-0.0083241,19.635,98865,21.938,-2.3206,0.43889,-9.7392,-5.6742,3.5368,-11.213,NaN,NaN,NaN,NaN,NaN
483.58,-14.729,-15.066,28.344,-2.6207,0.23151,-10.904,-3.7127,4.7098,-11.203,0.67478,0.28992,-0.85855,NaN,NaN,NaN,NaN,NaN,NaN,NaN,NaN,NaN,46.543,0,3649.4,0.0069644,0.65317,2.1414,0.30245,-0.0083241,NaN,-1,-1,-2.306,0.43897,-9.8053,-5.739,3.5115,-11.094,NaN,NaN,NaN,NaN,NaN
483.58,-14.736,-15.055,28.314,-2.2039,-0.05969,-8.6718,-6.4115,6.8533,-10.615,0,0,0,NaN,NaN,NaN,NaN,NaN,NaN,NaN,NaN,NaN,46.543,0,3649.4,0.0069644,NaN,NaN,NaN,NaN,19.675,98854,21.875,-2.3024,0.41139,-9.8652,-5.7373,3.5541,-10.974,NaN,NaN,NaN,NaN,NaN
483.59,-14.742,-15.064,28.287,-1.8951,0.96718,-9.3397,-5.6001,-0.74015,-11.524,0,0,0,NaN,NaN,NaN,NaN,NaN,NaN,NaN,NaN,NaN,46.543,0,3649.4,0.0069644,NaN,NaN,NaN,NaN,NaN,-1,-1,-2.2902,0.39787,-9.9574,-5.701,3.5957,-10.877,NaN,NaN,NaN,NaN,NaN
483.59,-14.749,-15.058,28.257,-2.7086,0.97591,-11.423,-6.2779,5.0056,-10.884,0,0,0,NaN,NaN,NaN,NaN,NaN,NaN,NaN,NaN,NaN,46.543,0,3649.4,0.0069644,NaN,NaN,NaN,NaN,NaN,-1,-1,-2.2872,0.40959,-10.053,-5.7942,3.6832,-10.812,NaN,NaN,NaN,NaN,NaN
483.59,-14.751,-15.053,28.226,-2.4638,0.65699,-9.279,-4.3663,4.906,-11.352,0.67688,0.29275,-0.85146,NaN,NaN,NaN,NaN,NaN,NaN,NaN,NaN,NaN,46.543,0,3649.4,0.0069644,NaN,NaN,NaN,NaN,19.335,98835,21.75,-2.2825,0.39663,-10.112,-5.8894,3.5766,-10.722,NaN,NaN,NaN,NaN,NaN
483.59,-14.754,-15.053,28.2,-2.1319,1.0828,-10.199,-4.5779,2.6332,-10.46,0,0,0,NaN,NaN,NaN,NaN,NaN,NaN,NaN,NaN,NaN,46.543,0,3649.4,0.0069644,0.58801,2.2398,0.21239,0.10821,NaN,-1,-1,-2.2657,0.37971,-10.158,-5.844,3.576,-10.659,NaN,NaN,NaN,NaN,NaN
483.6,-14.768,-15.04,28.14,-2.1722,-1.0515,-8.7935,-6.8246,5.8151,-11.123,0,0,0,NaN,NaN,NaN,NaN,NaN,NaN,NaN,NaN,NaN,46.543,0,3649.4,0.0069644,NaN,NaN,NaN,NaN,NaN,-1,-1,-2.2593,0.37452,-10.261,-5.8633,3.7602,-10.589,NaN,NaN,NaN,NaN,NaN
483.6,-14.777,-15.043,28.111,-1.547,-0.64348,-10.024,-7.1703,1.4161,-11.43,0.67952,0.28998,-0.85582,NaN,NaN,NaN,NaN,NaN,NaN,NaN,NaN,NaN,46.543,0,3649.4,0.0069644,NaN,NaN,NaN,NaN,19.462,98853,21.813,-2.2487,0.34106,-10.345,-5.9949,3.5843,-10.566,NaN,NaN,NaN,NaN,NaN
483.6,-14.782,-15.044,28.081,-3.1728,1.3574,-11.25,-5.3173,2.3291,-11.552,0,0,0,NaN,NaN,NaN,NaN,NaN,NaN,NaN,NaN,NaN,46.543,0,3649.4,0.0069644,NaN,NaN,NaN,NaN,NaN,-1,-1,-2.2259,0.33096,-10.403,-6.0699,3.5943,-10.511,NaN,NaN,NaN,NaN,NaN
483.6,-14.788,-15.034,28.05,-1.9128,0.1445,-10.24,-6.116,7.1875,-11.258,0,0,0,NaN,NaN,NaN,NaN,NaN,NaN,NaN,NaN,NaN,46.543,0,3649.4,0.0069644,NaN,NaN,NaN,NaN,21.141,98854,21.813,-2.2134,0.31449,-10.473,-6.1338,3.809,-10.446,NaN,NaN,NaN,NaN,NaN
483.61,-14.806,-15.031,27.991,-2.8639,0.93202,-11.212,-7.3983,3.1284,-11.42,0.6789,0.2829,-0.84898,NaN,NaN,NaN,NaN,NaN,NaN,NaN,NaN,NaN,46.543,0,3649.4,0.0069644,NaN,NaN,NaN,0.0899,NaN,-1,-1,-2.1826,0.303,-10.444,-6.2182,3.7371,-10.405,NaN,NaN,NaN,NaN,NaN
483.61,-14.813,-15.027,27.961,-2.3546,0.84742,-11.692,-6.2494,4.447,-11.13,0,0,0,NaN,NaN,NaN,NaN,NaN,NaN,NaN,NaN,NaN,46.543,0,3649.4,0.0069644,NaN,NaN,NaN,NaN,NaN,-1,-1,-2.1748,0.28633,-10.542,-6.2957,3.7319,-10.336,NaN,NaN,NaN,NaN,NaN
483.61,-14.82,-15.022,27.931,-2.3417,0.25942,-8.6118,-6.0493,4.9691,-11.166,0,0,0,NaN,NaN,NaN,NaN,NaN,NaN,NaN,NaN,NaN,46.543,0,3649.4,0.0069644,NaN,NaN,NaN,NaN,21.161,98872,21.875,-2.1633,0.28822,-10.65,-6.3955,3.6902,-10.29,NaN,NaN,NaN,NaN,NaN
483.61,-14.828,-15.02,27.903,-2.1644,0.80128,-10.337,-6.6382,3.358,-10.738,0,0,0,NaN,NaN,NaN,NaN,NaN,NaN,NaN,NaN,NaN,46.543,0,3649.4,0.0069644,NaN,NaN,NaN,NaN,NaN,-1,-1,-2.1666,0.2824,-10.753,-6.5066,3.5464,-10.249,NaN,NaN,NaN,NaN,NaN
483.62,-14.842,-15.016,27.872,-3.1667,-0.22414,-9.5992,-9.1262,4.5821,-11.568,0.69616,0.28503,-0.84973,NaN,NaN,NaN,NaN,NaN,NaN,NaN,NaN,NaN,46.543,0,3649.4,0.0069644,NaN,NaN,NaN,NaN,NaN,-1,-1,-2.1551,0.27096,-10.836,-6.6655,3.7043,-10.209,NaN,NaN,NaN,NaN,NaN
483.62,-14.856,-15.015,27.843,-1.408,-1.7686,-10.109,-9.2412,3.0684,-11.183,0,0,0,NaN,NaN,NaN,NaN,NaN,NaN,NaN,NaN,NaN,46.543,0,3649.4,0.0069644,0.6121,2.2392,0.23551,0.069923,20.07,98859,21.938,-2.1413,0.23564,-10.937,-6.8518,3.6844,-10.201,NaN,NaN,NaN,NaN,NaN
483.62,0,0,0,0,0,0,0,0,0,0,0,0,NaN,NaN,NaN,NaN,NaN,NaN,NaN,NaN,NaN,46.543,0,3649.4,0.0069644,NaN,NaN,NaN,NaN,19.442,98867,21.875,-2.1235,0.22766,-11.018,-7.0345,3.649,-10.192,NaN,NaN,NaN,NaN,NaN
483.62,-14.878,-15.008,27.782,-3.1029,-0.17581,-9.2672,-6.6597,4.8648,-11.422,0,0,0,NaN,NaN,NaN,NaN,NaN,NaN,NaN,NaN,NaN,46.543,0,3649.4,0.0069644,NaN,NaN,NaN,NaN,NaN,-1,-1,-2.1133,0.22129,-11.114,-7.1339,3.7685,-10.146,NaN,NaN,NaN,NaN,NaN
483.63,-14.892,-15.001,27.751,-2.1126,-0.069989,-11.127,-9.3712,5.3323,-11.408,0.68892,0.28761,-0.85038,NaN,NaN,NaN,NaN,NaN,NaN,NaN,NaN,NaN,46.543,0,3649.4,0.0069644,NaN,NaN,NaN,NaN,NaN,-1,-1,-2.1047,0.19728,-11.188,-7.1981,3.8115,-10.141,NaN,NaN,NaN,NaN,NaN
483.63,-14.906,-15.003,27.722,-1.6513,0.68042,-9.6018,-9.015,2.0816,-11.421,0,0,0,NaN,NaN,NaN,NaN,NaN,NaN,NaN,NaN,NaN,46.543,0,3649.4,0.0069644,NaN,NaN,NaN,NaN,NaN,-1,-1,-2.0897,0.17085,-11.257,-7.282,3.7838,-10.099,NaN,NaN,NaN,NaN,NaN
483.63,-14.919,-15,27.693,-2.468,1.0396,-14.228,-8.7121,3.8867,-11.163,0,0,0,NaN,NaN,NaN,NaN,NaN,NaN,NaN,NaN,NaN,46.543,0,3649.4,0.0069644,NaN,NaN,NaN,NaN,20.191,98871,21.938,-2.0804,0.18215,-11.344,-7.4343,3.9548,-10.066,NaN,NaN,NaN,NaN,NaN
483.63,0,0,0,0,0,0,0,0,0,0,0,0,NaN,NaN,NaN,NaN,NaN,NaN,NaN,NaN,NaN,46.543,0,3649.4,0.0069644,NaN,NaN,NaN,NaN,NaN,-1,-1,-2.0764,0.18394,-11.427,-7.5452,4.0239,-10.047,NaN,NaN,NaN,NaN,NaN
483.64,-14.928,-14.99,27.661,-3.0912,-0.54388,-10.531,-7.3575,7.2139,-11.361,0,0,0,NaN,NaN,NaN,NaN,NaN,NaN,NaN,NaN,NaN,46.543,0,3649.4,0.0069644,NaN,NaN,NaN,NaN,NaN,-1,-1,-2.0549,0.15216,-11.48,-7.7197,4.0194,-10.029,NaN,NaN,NaN,NaN,NaN
483.64,-14.952,-14.987,27.606,-2.2454,-0.072313,-12.089,-8.5645,2.8057,-11.007,0,0,0,NaN,NaN,NaN,NaN,NaN,NaN,NaN,NaN,NaN,46.543,0,3649.4,0.0069644,NaN,NaN,NaN,NaN,19.982,98896,21.938,-2.0476,0.1674,-11.536,-7.8438,4.1107,-10.051,NaN,NaN,NaN,NaN,NaN
483.64,-14.966,-14.981,27.576,-2.5145,-1.9696,-12.53,-9.3377,4.9617,-11.195,0,0,0,NaN,NaN,NaN,NaN,NaN,NaN,NaN,NaN,NaN,46.543,0,3649.4,0.0069644,NaN,NaN,NaN,NaN,NaN,-1,-1,-2.0367,0.1361,-11.621,-8.0025,4.336,-10.073,NaN,NaN,NaN,NaN,NaN
483.64,-14.999,-14.981,27.519,-1.8849,1.2678,-11.098,-7.2787,2.5365,-10.91,0.68628,0.28529,-0.84832,11.209,20.434,-5.5269,23.953,40.059,-88.55,3.678e+05,4.4354e+06,320.72,46.543,0,3649.4,0.0069644,0.59842,2.2362,0.23308,0.076582,19.92,98839,21.75,-2.0162,0.10323,-11.656,-8.1331,4.1634,-10.096,23.938,0.65919,-0.53161,-1.2722,1.577
483.65,-15.012,-14.976,27.489,-2.6775,-1.4104,-12.644,-8.5233,4.5157,-11.232,0,0,0,NaN,NaN,NaN,NaN,NaN,NaN,NaN,NaN,NaN,46.543,0,3649.4,0.0069644,NaN,NaN,NaN,NaN,NaN,-1,-1,-2.0314,0.10093,-11.828,-8.244,4.2473,-10.104,NaN,NaN,NaN,NaN,NaN
483.65,-15.03,-14.97,27.459,-1.3031,0.41615,-11.671,-10.782,5.4795,-11.023,0,0,0,NaN,NaN,NaN,NaN,NaN,NaN,NaN,NaN,NaN,46.543,0,3649.4,0.0069644,NaN,NaN,NaN,NaN,NaN,-1,-1,-2.0096,0.080156,-11.883,-8.2758,4.4557,-10.146,NaN,NaN,NaN,NaN,NaN
483.65,-15.045,-14.967,27.43,-2.058,1.4706,-12.767,-9.5773,3.8212,-10.973,0,0,0,NaN,NaN,NaN,NaN,NaN,NaN,NaN,NaN,NaN,46.543,0,3649.4,0.0069644,NaN,NaN,NaN,NaN,20.064,98876,21.875,-2.0005,0.072523,-11.948,-8.4083,4.4898,-10.141,NaN,NaN,NaN,NaN,NaN
483.65,-15.067,-14.953,27.372,-1.924,0.057499,-11.759,-7.983,6.2578,-9.9676,0,0,0,NaN,NaN,NaN,NaN,NaN,NaN,NaN,NaN,NaN,46.543,0,3649.4,0.0069644,NaN,NaN,NaN,NaN,NaN,-1,-1,-1.9935,0.070569,-12.025,-8.4967,4.5309,-10.18,NaN,NaN,NaN,NaN,NaN
483.66,-15.081,-14.948,27.343,-1.6827,1.2216,-11.398,-9.0166,4.6182,-10.702,0,0,0,NaN,NaN,NaN,NaN,NaN,NaN,NaN,NaN,NaN,46.543,0,3649.4,0.0069644,0.66028,2.139,0.29272,0.0049945,NaN,-1,-1,-1.9894,0.074536,-12.091,-8.6254,4.675,-10.215,NaN,NaN,NaN,NaN,NaN
483.66,-15.11,-14.939,27.284,-1.5197,-0.87429,-14.25,-9.6328,4.487,-10.623,0.68153,0.28014,-0.85335,NaN,NaN,NaN,NaN,NaN,NaN,NaN,NaN,NaN,46.543,0,3649.4,0.0069644,NaN,NaN,NaN,NaN,19.674,98863,21.875,-1.9978,0.084574,-12.223,-8.6858,4.7273,-10.279,NaN,NaN,NaN,NaN,NaN
483.66,-15.121,-14.932,27.255,-2.0317,0.98519,-13.001,-7.8385,5.2999,-10.552,0,0,0,NaN,NaN,NaN,NaN,NaN,NaN,NaN,NaN,NaN,46.543,0,3649.4,0.0069644,NaN,NaN,NaN,NaN,20.065,98847,21.813,-1.9995,0.074474,-12.268,-8.8033,4.805,-10.322,NaN,NaN,NaN,NaN,NaN
483.66,-15.135,-14.925,27.225,-1.6999,-0.33581,-11.831,-8.7401,5.4268,-10.682,0,0,0,NaN,NaN,NaN,NaN,NaN,NaN,NaN,NaN,NaN,46.543,0,3649.4,0.0069644,NaN,NaN,NaN,NaN,NaN,-1,-1,-1.9942,0.081331,-12.333,-8.93,4.938,-10.416,NaN,NaN,NaN,NaN,NaN
483.67,-15.153,-14.922,27.197,-1.4271,-0.19407,-14.261,-10.553,3.9621,-10.76,0,0,0,NaN,NaN,NaN,NaN,NaN,NaN,NaN,NaN,NaN,46.543,0,3649.4,0.0069644,NaN,NaN,NaN,NaN,NaN,-1,-1,-1.9979,0.062958,-12.374,-8.9678,5.1325,-10.466,NaN,NaN,NaN,NaN,NaN
483.67,-15.168,-14.915,27.167,-2.4197,0.63819,-15.171,-9.5576,5.5489,-10.708,0.67898,0.29048,-0.84667,NaN,NaN,NaN,NaN,NaN,NaN,NaN,NaN,NaN,46.543,0,3649.4,0.0069644,0.58856,2.2392,0.2203,NaN,NaN,-1,-1,-1.9861,0.056216,-12.456,-8.9623,5.1564,-10.527,NaN,NaN,NaN,NaN,NaN
483.67,-15.18,-14.905,27.138,-2.2309,0.36742,-13.673,-8.241,7.0031,-10.462,0,0,0,NaN,NaN,NaN,NaN,NaN,NaN,NaN,NaN,NaN,46.543,0,3649.4,0.0069644,NaN,NaN,NaN,0.097392,19.668,98877,21.813,-1.9864,0.042386,-12.516,-8.9208,5.2783,-10.585,NaN,NaN,NaN,NaN,NaN
483.67,-15.19,-14.899,27.11,-1.9828,0.72898,-12.825,-7.4681,4.9575,-10.045,0,0,0,NaN,NaN,NaN,NaN,NaN,NaN,NaN,NaN,NaN,46.543,0,3649.4,0.0069644,NaN,NaN,NaN,NaN,NaN,-1,-1,-1.9785,0.045979,-12.558,-9.0759,5.5549,-10.659,NaN,NaN,NaN,NaN,NaN
483.68,-15.202,-14.893,27.082,-1.73,0.70968,-13.386,-8.0088,4.9458,-10.334,0,0,0,NaN,NaN,NaN,NaN,NaN,NaN,NaN,NaN,NaN,46.543,0,3649.4,0.0069644,NaN,NaN,NaN,NaN,NaN,-1,-1,-1.9806,0.041325,-12.64,-9.1789,5.4763,-10.755,NaN,NaN,NaN,NaN,NaN
483.68,-15.218,-14.884,27.051,-3.0824,-0.83298,-15.057,-9.8463,6.5428,-11.082,0.68622,0.28789,-0.84602,NaN,NaN,NaN,NaN,NaN,NaN,NaN,NaN,NaN,46.543,0,3649.4,0.0069644,NaN,NaN,NaN,NaN,19.627,98854,21.75,-1.9761,0.053368,-12.67,-8.9353,5.4304,-10.43,NaN,NaN,NaN,NaN,NaN
483.68,-15.235,-14.877,27.023,-0.79976,-1.7379,-12.925,-10.218,5.3717,-10.362,0,0,0,NaN,NaN,NaN,NaN,NaN,NaN,NaN,NaN,NaN,46.572,0,3676.5,0.0069644,0.6121,2.247,0.24403,0.071587,19.508,98892,22,-1.973,0.034131,-12.703,-8.9189,5.4558,-10.459,NaN,NaN,NaN,NaN,NaN
483.68,-15.248,-14.872,26.994,-1.5469,1.618,-14.993,-8.7327,4.7903,-10.49,0,0,0,NaN,NaN,NaN,NaN,NaN,NaN,NaN,NaN,NaN,46.572,0,3676.5,0.0069644,NaN,NaN,NaN,NaN,NaN,-1,-1,-1.9611,0.0053206,-12.761,-9.0015,5.5542,-10.497,NaN,NaN,NaN,NaN,NaN
483.69,-15.261,-14.862,26.964,-2.9242,-1.5118,-12.741,-8.506,6.5467,-10.834,0,0,0,NaN,NaN,NaN,NaN,NaN,NaN,NaN,NaN,NaN,46.572,0,3676.5,0.0069644,NaN,NaN,NaN,NaN,NaN,-1,-1,-1.9717,0.0041768,-12.815,-9.0732,5.6427,-10.538,NaN,NaN,NaN,NaN,NaN
483.69,-15.278,-14.856,26.934,-0.56526,0.19043,-14.418,-10.36,5.5245,-10.577,0.68892,0.28761,-0.85038,NaN,NaN,NaN,NaN,NaN,NaN,NaN,NaN,NaN,46.572,0,3676.5,0.0069644,NaN,NaN,NaN,NaN,NaN,-1,-1,-1.9485,-0.017029,-12.821,-9.0562,5.6282,-10.56,NaN,NaN,NaN,NaN,NaN
483.69,-15.293,-14.852,26.907,-2.4378,0.99775,-15.332,-9.1776,3.9491,-10.373,0,0,0,NaN,NaN,NaN,NaN,NaN,NaN,NaN,NaN,NaN,46.572,0,3676.5,0.0069644,NaN,NaN,NaN,NaN,19.397,98865,21.813,-1.955,-0.0070691,-12.891,-8.7934,5.6128,-10.169,NaN,NaN,NaN,NaN,NaN
483.69,-15.315,-14.83,26.849,-2.1629,-0.98973,-12.015,-7.352,5.5083,-9.8934,0,0,0,NaN,NaN,NaN,NaN,NaN,NaN,NaN,NaN,NaN,46.572,0,3676.5,0.0069644,NaN,NaN,NaN,NaN,NaN,-1,-1,-1.9552,-0.011825,-12.948,-8.7309,5.6738,-10.112,NaN,NaN,NaN,NaN,NaN
483.7,-15.329,-14.826,26.824,-1.6572,1.4811,-15.397,-8.5144,4.0522,-9.2691,0.69129,0.28509,-0.85016,NaN,NaN,NaN,NaN,NaN,NaN,NaN,NaN,NaN,46.572,0,3676.5,0.0069644,0.66576,2.1431,0.28967,0.014151,NaN,-1,-1,-1.9503,-0.0045274,-12.997,-8.6708,5.7468,-10.042,NaN,NaN,NaN,NaN,NaN
483.7,-15.341,-14.811,26.794,-3.0568,0.33343,-14.652,-8.3353,8.4864,-10.104,0,0,0,NaN,NaN,NaN,NaN,NaN,NaN,NaN,NaN,NaN,46.572,0,3676.5,0.0069644,NaN,NaN,NaN,NaN,19.567,98873,21.875,-1.958,-0.0083156,-13.06,-8.6738,5.7351,-10.005,NaN,NaN,NaN,NaN,NaN
483.7,-15.356,-14.801,26.766,-0.4668,-3.3074,-12.19,-9.4508,6.7276,-10.06,0,0,0,NaN,NaN,NaN,NaN,NaN,NaN,NaN,NaN,NaN,46.572,0,3676.5,0.0069644,NaN,NaN,NaN,NaN,NaN,-1,-1,-1.9487,-0.0058888,-13.088,-8.6016,5.5473,-9.9585,NaN,NaN,NaN,NaN,NaN
483.7,-15.373,-14.8,26.741,-2.0663,1.036,-15.256,-9.7427,3.074,-9.5912,0,0,0,NaN,NaN,NaN,NaN,NaN,NaN,NaN,NaN,NaN,46.572,0,3676.5,0.0069644,NaN,NaN,NaN,NaN,20.227,98855,21.813,-1.9423,-0.010244,-13.113,-8.5629,5.6011,-9.9326,NaN,NaN,NaN,NaN,NaN
483.71,-15.38,-14.792,26.713,-2.4614,-0.18121,-15.004,-6.1878,5.821,-10.088,0.68446,0.2924,-0.85538,NaN,NaN,NaN,NaN,NaN,NaN,NaN,NaN,NaN,46.572,0,3676.5,0.0069644,0.59075,2.2243,0.22151,0.0899,NaN,-1,-1,-1.9418,-0.00064371,-13.17,-8.5722,5.5823,-9.87,NaN,NaN,NaN,NaN,NaN
483.71,-15.395,-14.775,26.684,-1.4341,-0.69764,-13.022,-9.1853,9.3753,-9.4531,0,0,0,NaN,NaN,NaN,NaN,NaN,NaN,NaN,NaN,NaN,46.572,0,3676.5,0.0069644,NaN,NaN,NaN,NaN,NaN,-1,-1,-1.9405,0.0098059,-13.222,-8.4941,5.4715,-9.8119,NaN,NaN,NaN,NaN,NaN
483.71,-15.408,-14.776,26.659,-1.366,0.65418,-13.279,-8.2519,1.8814,-9.9981,0,0,0,NaN,NaN,NaN,NaN,NaN,NaN,NaN,NaN,NaN,46.572,0,3676.5,0.0069644,NaN,NaN,NaN,NaN,19.895,98841,21.688,-1.9425,0.01438,-13.243,-8.3726,5.4977,-9.7162,NaN,NaN,NaN,NaN,NaN
483.71,-15.421,-14.771,26.633,-2.57,0.68771,-17.206,-8.0599,4.5931,-9.4048,0,0,0,NaN,NaN,NaN,NaN,NaN,NaN,NaN,NaN,NaN,46.572,0,3676.5,0.0069644,NaN,NaN,NaN,NaN,NaN,-1,-1,-1.9334,0.016201,-13.277,-8.3397,5.5366,-9.6415,NaN,NaN,NaN,NaN,NaN
483.72,-15.428,-14.755,26.603,-2.575,0.16894,-12.699,-6.4361,9.1739,-9.9073,0.68202,0.28734,-0.8579,NaN,NaN,NaN,NaN,NaN,NaN,NaN,NaN,NaN,46.572,0,3676.5,0.0069644,NaN,NaN,NaN,NaN,NaN,-1,-1,-1.9347,0.012101,-13.303,-8.2597,5.3547,-9.5637,NaN,NaN,NaN,NaN,NaN
483.72,-15.438,-14.75,26.58,-0.99924,0.1035,-13.554,-6.8084,3.9426,-8.5975,0,0,0,NaN,NaN,NaN,NaN,NaN,NaN,NaN,NaN,NaN,46.572,0,3676.5,0.0069644,NaN,NaN,NaN,NaN,19.71,98855,21.75,-1.9345,-0.003635,-13.356,-8.0973,5.3443,-9.476,NaN,NaN,NaN,NaN,NaN
483.72,-15.45,-14.749,26.555,-2.7952,0.42205,-14.641,-7.8623,2.8996,-9.6739,0,0,0,NaN,NaN,NaN,NaN,NaN,NaN,NaN,NaN,NaN,46.572,0,3676.5,0.0069644,0.60553,2.127,0.29758,0.039956,NaN,-1,-1,-1.9344,0.012251,-13.396,-7.9661,5.3734,-9.3898,NaN,NaN,NaN,NaN,NaN
483.72,-15.463,-14.734,26.526,-2.0621,-1.117,-14.573,-8.5231,8.7354,-9.5172,0,0,0,NaN,NaN,NaN,NaN,NaN,NaN,NaN,NaN,NaN,46.572,0,3676.5,0.0069644,NaN,NaN,NaN,NaN,19.711,98892,21.875,-1.9299,0.025298,-13.419,-7.9457,5.1396,-9.2998,NaN,NaN,NaN,NaN,NaN
483.73,-15.481,-14.729,26.501,-0.89329,-1.2635,-12.616,-10.016,4.4329,-9.2626,0.6887,0.27507,-0.8527,NaN,NaN,NaN,NaN,NaN,NaN,NaN,NaN,NaN,46.572,0,3676.5,0.0069644,NaN,NaN,NaN,NaN,NaN,-1,-1,-1.9256,0.016997,-13.46,-7.8538,5.1155,-9.2413,NaN,NaN,NaN,NaN,NaN
483.73,-15.49,-14.734,26.478,-2.0815,1.1879,-14.818,-6.5501,0.28344,-9.7749,0,0,0,NaN,NaN,NaN,NaN,NaN,NaN,NaN,NaN,NaN,46.572,0,3676.5,0.0069644,NaN,NaN,NaN,NaN,NaN,-1,-1,-1.9319,0.03206,-13.491,-7.7006,5.1935,-9.1309,NaN,NaN,NaN,NaN,NaN
483.73,-15.503,-14.717,26.45,-2.5609,-0.47348,-15.894,-8.2584,9.1516,-8.9208,0,0,0,NaN,NaN,NaN,NaN,NaN,NaN,NaN,NaN,NaN,46.572,0,3676.5,0.0069644,0.65043,2.142,0.2848,NaN,19.587,98841,21.75,-1.9279,0.041022,-13.497,-7.448,5.0623,-9.0162,NaN,NaN,NaN,NaN,NaN
483.73,-15.517,-14.711,26.425,-0.66548,0.12485,-11.274,-8.6275,4.8178,-9.1337,0,0,0,NaN,NaN,NaN,NaN,NaN,NaN,NaN,NaN,NaN,46.572,0,3676.5,0.0069644,NaN,NaN,NaN,0.013319,NaN,-1,-1,-1.9281,0.026815,-13.534,-7.2825,5.0953,-8.8998,NaN,NaN,NaN,NaN,NaN
483.74,-15.542,-14.702,26.377,-2.6274,0.90923,-14.628,-7.2935,7.2061,-8.7793,0,0,0,NaN,NaN,NaN,NaN,NaN,NaN,NaN,NaN,NaN,46.572,0,3676.5,0.0069644,NaN,NaN,NaN,NaN,NaN,-1,-1,-1.9364,0.039835,-13.536,-7.1151,5.0205,-8.8265,NaN,NaN,NaN,NaN,NaN
483.74,-15.552,-14.693,26.352,-1.4423,-0.1501,-12.948,-6.6456,5.8176,-8.5172,0,0,0,NaN,NaN,NaN,NaN,NaN,NaN,NaN,NaN,NaN,46.572,0,3676.5,0.0069644,NaN,NaN,NaN,NaN,19.851,98815,21.563,-1.9277,0.016716,-13.574,-6.9168,4.9516,-8.7204,NaN,NaN,NaN,NaN,NaN
483.74,-15.561,-14.692,26.331,-2.2852,1.0994,-12.556,-6.4056,2.339,-8.3925,0,0,0,NaN,NaN,NaN,NaN,NaN,NaN,NaN,NaN,NaN,46.572,0,3676.5,0.0069644,NaN,NaN,NaN,NaN,NaN,-1,-1,-1.9294,0.0075294,-13.609,-6.707,4.9133,-8.6375,NaN,NaN,NaN,NaN,NaN
483.74,-15.575,-14.681,26.305,-2.2935,-1.216,-15.275,-8.7212,6.6187,-8.7223,0.68885,0.28513,-0.85038,NaN,NaN,NaN,NaN,NaN,NaN,NaN,NaN,NaN,46.572,0,3676.5,0.0069644,NaN,NaN,NaN,NaN,19.88,98869,21.875,-1.9333,0.03673,-13.614,-6.5114,4.8138,-8.5622,NaN,NaN,NaN,NaN,NaN
483.75,-15.599,-14.676,26.26,-1.0955,0.96198,-15.116,-6.311,1.8492,-8.6688,0,0,0,NaN,NaN,NaN,NaN,NaN,NaN,NaN,NaN,NaN,46.572,0,3676.5,0.0069644,0.60772,2.1258,0.30184,0.038291,NaN,-1,-1,-1.9253,0.015116,-13.603,-6.3617,4.7696,-8.5107,NaN,NaN,NaN,NaN,NaN
483.75,-15.607,-14.666,26.235,-2.8104,-0.99411,-12.953,-6.1527,6.1722,-8.8181,0,0,0,NaN,NaN,NaN,NaN,NaN,NaN,NaN,NaN,NaN,46.572,0,3676.5,0.0069644,NaN,NaN,NaN,NaN,NaN,-1,-1,-1.9333,0.025677,-13.65,-6.1001,4.6499,-8.421,NaN,NaN,NaN,NaN,NaN
483.75,-15.629,-14.659,26.189,-1.9413,0.56853,-14.346,-6.7634,1.026,-8.8805,0,0,0,NaN,NaN,NaN,NaN,NaN,NaN,NaN,NaN,NaN,46.572,0,3676.5,0.0069644,NaN,NaN,NaN,NaN,19.796,98858,21.813,-1.9435,0.054095,-13.686,-5.7809,4.5764,-8.3258,NaN,NaN,NaN,NaN,NaN
483.75,-15.635,-14.651,26.167,-2.5648,0.66458,-14.475,-5.269,4.9626,-7.9989,0,0,0,NaN,NaN,NaN,NaN,NaN,NaN,NaN,NaN,NaN,46.572,0,3676.5,0.0069644,NaN,NaN,NaN,NaN,NaN,-1,-1,-1.9405,0.042628,-13.676,-5.5684,4.545,-8.2043,NaN,NaN,NaN,NaN,NaN
483.76,-15.64,-14.637,26.143,-2.5772,-0.57581,-12.856,-4.744,7.7636,-7.8147,0,0,0,NaN,NaN,NaN,NaN,NaN,NaN,NaN,NaN,NaN,46.572,0,3676.5,0.0069644,NaN,NaN,NaN,NaN,NaN,-1,-1,-1.9432,0.057089,-13.701,-5.3172,4.5158,-8.1099,NaN,NaN,NaN,NaN,NaN
483.76,-15.644,-14.637,26.124,-1.5588,1.9387,-10.835,-4.0813,2.0853,-7.3131,0.68188,0.28746,-0.85561,NaN,NaN,NaN,NaN,NaN,NaN,NaN,NaN,NaN,46.572,0,3676.5,0.0069644,0.59294,2.2368,0.2203,0.091565,19.816,98864,21.813,-1.9506,0.052918,-13.726,-5.0457,4.5009,-8.0248,NaN,NaN,NaN,NaN,NaN
483.76,-15.649,-14.63,26.102,-2.3896,-0.17177,-15.512,-4.3911,4.7844,-8.0615,0,0,0,NaN,NaN,NaN,NaN,NaN,NaN,NaN,NaN,NaN,46.572,0,3676.5,0.0069644,NaN,NaN,NaN,NaN,NaN,-1,-1,-1.9429,0.039485,-13.717,-4.8432,4.4553,-7.9381,NaN,NaN,NaN,NaN,NaN
483.76,-15.656,-14.621,26.08,-1.9909,-2.449,-12.171,-5.6307,5.7818,-7.7977,0,0,0,NaN,NaN,NaN,NaN,NaN,NaN,NaN,NaN,NaN,46.572,0,3676.5,0.0069644,NaN,NaN,NaN,NaN,20.289,98911,22,-1.944,0.037627,-13.706,-4.5736,4.3481,-7.8605,NaN,NaN,NaN,NaN,NaN
483.77,-15.662,-14.616,26.059,-1.0301,1.2664,-12.769,-4.9636,4.0238,-7.7095,0,0,0,NaN,NaN,NaN,NaN,NaN,NaN,NaN,NaN,NaN,46.572,0,3676.5,0.0069644,NaN,NaN,NaN,NaN,NaN,-1,-1,-1.9438,0.042136,-13.714,-4.3627,4.4465,-7.7798,NaN,NaN,NaN,NaN,NaN
483.77,-15.663,-14.617,26.04,-2.1502,-0.092446,-13.417,-2.6115,1.5375,-7.5793,0.67422,0.28024,-0.854,NaN,NaN,NaN,NaN,NaN,NaN,NaN,NaN,NaN,46.572,0,3676.5,0.0069644,0.60444,2.1115,0.29637,0.044118,NaN,-1,-1,-1.9445,0.049819,-13.702,-4.1017,4.296,-7.7168,NaN,NaN,NaN,NaN,NaN
483.77,-15.666,-14.602,26.017,-2.4859,-0.81,-13.648,-4.0408,7.7787,-7.4238,0,0,0,NaN,NaN,NaN,NaN,NaN,NaN,NaN,NaN,NaN,46.572,0,3676.5,0.0069644,0.60444,2.1115,0.29637,0.044118,20.104,98864,21.813,-1.9462,0.064073,-13.708,-3.8351,4.1659,-7.6176,NaN,NaN,NaN,NaN,NaN
483.77,-15.671,-14.598,25.997,-1.1428,0.71439,-12.643,-4.2153,3.5199,-7.4896,0,0,0,NaN,NaN,NaN,NaN,NaN,NaN,NaN,NaN,NaN,46.572,0,3676.5,0.0069644,NaN,NaN,NaN,NaN,NaN,-1,-1,-1.9583,0.06199,-13.7,-3.4719,4.326,-7.5549,NaN,NaN,NaN,NaN,NaN
483.78,-15.674,-14.598,25.978,-2.4494,1.0897,-14.445,-3.575,1.9921,-7.4511,0,0,0,NaN,NaN,NaN,NaN,NaN,NaN,NaN,NaN,NaN,46.572,0,3676.5,0.0069644,NaN,NaN,NaN,NaN,NaN,-1,-1,-1.9569,0.071901,-13.668,-3.1758,4.2912,-7.4511,NaN,NaN,NaN,NaN,NaN
483.78,-15.671,-14.582,25.954,-3.2023,-0.2866,-12.583,-1.5282,8.3207,-7.5876,0.66977,0.29011,-0.8567,NaN,NaN,NaN,NaN,NaN,NaN,NaN,NaN,NaN,46.572,0,3676.5,0.0069644,NaN,NaN,NaN,NaN,19.544,98864,21.813,-1.9582,0.06198,-13.632,-2.9447,4.0789,-7.3826,NaN,NaN,NaN,NaN,NaN
483.78,-15.67,-14.577,25.937,-0.94326,1.1708,-12.089,-2.1357,3.7557,-6.4636,0,0,0,NaN,NaN,NaN,NaN,NaN,NaN,NaN,NaN,NaN,46.572,0,3676.5,0.0069644,NaN,NaN,NaN,NaN,NaN,-1,-1,-1.9586,0.029489,-13.639,-2.7053,4.2408,-7.3137,NaN,NaN,NaN,NaN,NaN
483.78,-15.67,-14.577,25.918,-2.6826,-0.062293,-12.855,-1.9799,1.9159,-7.6517,0,0,0,NaN,NaN,NaN,NaN,NaN,NaN,NaN,NaN,NaN,46.572,0,3676.5,0.0069644,0.65645,2.1455,0.29941,0.012486,19.586,98869,21.813,-1.9656,0.057542,-13.644,-2.5631,4.1196,-7.2506,NaN,NaN,NaN,NaN,NaN
483.79,-15.674,-14.557,25.875,-1.4683,0.17138,-11.638,-3.4918,6.1195,-7.2966,0.6768,0.28517,-0.85377,NaN,NaN,NaN,NaN,NaN,NaN,NaN,NaN,NaN,46.572,0,3676.5,0.0069644,NaN,NaN,NaN,NaN,NaN,-1,-1,-1.9636,0.07374,-13.617,-2.3601,3.8765,-7.214,NaN,NaN,NaN,NaN,NaN
483.79,-15.669,-14.56,25.857,-1.9569,0.28655,-12.909,-0.60573,0.84901,-7.5686,0,0,0,NaN,NaN,NaN,NaN,NaN,NaN,NaN,NaN,NaN,46.572,0,3676.5,0.0069644,NaN,NaN,NaN,NaN,NaN,-1,-1,-1.9703,0.06076,-13.585,-2.1902,4.102,-7.1677,NaN,NaN,NaN,NaN,NaN
483.79,-15.668,-14.551,25.837,-2.6913,0.33483,-13.446,-1.8242,5.4474,-7.0817,0,0,0,NaN,NaN,NaN,NaN,NaN,NaN,NaN,NaN,NaN,46.543,0,3686.5,0.0064211,NaN,NaN,NaN,NaN,19.671,98879,21.875,-1.9702,0.066,-13.593,-2.0534,3.9995,-7.1082,NaN,NaN,NaN,NaN,NaN
483.79,-15.669,-14.545,25.816,-0.98714,-0.25478,-13.308,-3.0417,4.3316,-7.4241,0,0,0,NaN,NaN,NaN,NaN,NaN,NaN,NaN,NaN,NaN,46.543,0,3686.5,0.0064211,NaN,NaN,NaN,NaN,NaN,-1,-1,-1.9877,0.080231,-13.584,-1.8793,4.0352,-7.0495,NaN,NaN,NaN,NaN,NaN
483.8,-15.668,-14.543,25.798,-2.4144,1.1263,-12.629,-1.7618,2.56,-6.8779,0.67443,0.28259,-0.85628,NaN,NaN,NaN,NaN,NaN,NaN,NaN,NaN,NaN,46.543,0,3686.5,0.0064211,NaN,NaN,NaN,0.094062,NaN,-1,-1,-1.9856,0.071925,-13.554,-1.7238,4.159,-6.9998,NaN,NaN,NaN,NaN,NaN
483.8,-15.663,-14.532,25.777,-3.0125,-0.072975,-13.676,-0.57571,6.2309,-7.0617,0,0,0,NaN,NaN,NaN,NaN,NaN,NaN,NaN,NaN,NaN,46.543,0,3686.5,0.0064211,NaN,NaN,NaN,NaN,19.939,98823,21.688,-1.9892,0.073838,-13.501,-1.606,3.99,-6.9383,NaN,NaN,NaN,NaN,NaN
483.8,-15.66,-14.526,25.761,-1.7054,0.55996,-12.319,-0.66509,3.8765,-6.1279,0,0,0,NaN,NaN,NaN,NaN,NaN,NaN,NaN,NaN,NaN,46.543,0,3686.5,0.0064211,NaN,NaN,NaN,NaN,NaN,-1,-1,-1.9937,0.073729,-13.517,-1.6836,4.198,-7.0669,NaN,NaN,NaN,NaN,NaN
483.8,-15.657,-14.515,25.722,-2.1946,-1.8579,-13.173,-2.8446,4.3989,-7.0923,0.67914,0.27247,-0.85816,NaN,NaN,NaN,NaN,NaN,NaN,NaN,NaN,NaN,46.543,0,3686.5,0.0064211,NaN,NaN,NaN,NaN,19.734,98876,21.875,-1.9897,0.04936,-13.479,-1.6163,4.1207,-6.9737,NaN,NaN,NaN,NaN,NaN
483.81,-15.658,-14.508,25.703,-1.5144,-0.46873,-11.28,-2.7228,4.4841,-6.838,0,0,0,NaN,NaN,NaN,NaN,NaN,NaN,NaN,NaN,NaN,46.543,0,3686.5,0.0064211,NaN,NaN,NaN,NaN,NaN,-1,-1,-1.9939,0.070341,-13.471,-1.6079,4.206,-6.9127,NaN,NaN,NaN,NaN,NaN
483.81,-15.654,-14.509,25.686,-1.5016,1.5668,-14.492,-0.3801,1.3584,-6.9552,0,0,0,NaN,NaN,NaN,NaN,NaN,NaN,NaN,NaN,NaN,46.543,0,3686.5,0.0064211,0.60225,2.1258,0.30184,0.026637,NaN,-1,-1,-1.9967,0.073172,-13.429,-1.6573,3.9775,-6.8631,NaN,NaN,NaN,NaN,NaN
483.81,-15.65,-14.499,25.666,-2.9319,-1.2462,-12.281,-1.0431,5.8215,-7.004,0,0,0,NaN,NaN,NaN,NaN,NaN,NaN,NaN,NaN,NaN,46.543,0,3686.5,0.0064211,NaN,NaN,NaN,NaN,19.941,98837,21.75,-1.9957,0.068956,-13.414,-1.6444,3.9909,-6.7834,NaN,NaN,NaN,NaN,NaN
483.81,-15.652,-14.492,25.646,-0.75387,-0.53675,-11.945,-2.9004,4.39,-6.7988,0.67458,0.29266,-0.85397,NaN,NaN,NaN,NaN,NaN,NaN,NaN,NaN,NaN,46.543,0,3686.5,0.0064211,NaN,NaN,NaN,NaN,NaN,-1,-1,-2.003,0.079889,-13.379,-1.595,4.0656,-6.6927,NaN,NaN,NaN,NaN,NaN
483.82,-15.651,-14.493,25.631,-2.6776,1.6981,-13.636,-1.5462,1.3285,-6.4119,0,0,0,NaN,NaN,NaN,NaN,NaN,NaN,NaN,NaN,NaN,46.543,0,3686.5,0.0064211,NaN,NaN,NaN,NaN,NaN,-1,-1,-2.0101,0.093172,-13.359,-1.4977,3.9445,-6.5974,NaN,NaN,NaN,NaN,NaN
483.82,-15.644,-14.483,25.611,-2.6885,0.53824,-13.333,0.21268,5.6475,-6.69,0,0,0,NaN,NaN,NaN,NaN,NaN,NaN,NaN,NaN,NaN,46.543,0,3686.5,0.0064211,NaN,NaN,NaN,NaN,20.27,98885,21.938,-2.0146,0.089792,-13.338,-1.5356,4.0251,-6.5158,NaN,NaN,NaN,NaN,NaN
483.82,-15.641,-14.478,25.594,-1.9023,-0.77015,-12.239,-0.72869,3.7703,-6.1952,0,0,0,NaN,NaN,NaN,NaN,NaN,NaN,NaN,NaN,NaN,46.543,0,3686.5,0.0064211,NaN,NaN,NaN,NaN,NaN,-1,-1,-2.0092,0.088064,-13.279,-1.5841,4.006,-6.4309,NaN,NaN,NaN,NaN,NaN
483.82,-15.639,-14.472,25.577,-2.2815,1.5571,-11.999,-1.4934,3.8299,-6.2299,0.66739,0.28754,-0.85922,NaN,NaN,NaN,NaN,NaN,NaN,NaN,NaN,NaN,46.543,0,3686.5,0.0064211,NaN,NaN,NaN,NaN,19.65,98879,21.875,-2.0126,0.072273,-13.237,-1.5933,3.9913,-6.3669,NaN,NaN,NaN,NaN,NaN
483.83,-15.638,-14.462,25.557,-2.5285,-0.71937,-13.282,-1.7198,5.7183,-6.8376,0,0,0,NaN,NaN,NaN,NaN,NaN,NaN,NaN,NaN,NaN,46.543,0,3686.5,0.0064211,NaN,NaN,NaN,NaN,NaN,-1,-1,-1.9927,0.074521,-13.122,-1.5917,3.9322,-6.3037,NaN,NaN,NaN,NaN,NaN
483.83,-15.641,-14.461,25.541,-1.1015,-2.4011,-11.997,-3.2955,2.0242,-6.406,0,0,0,NaN,NaN,NaN,NaN,NaN,NaN,NaN,NaN,NaN,46.543,0,3686.5,0.0064211,NaN,NaN,NaN,NaN,NaN,-1,-1,-2.0044,0.080593,-13.142,-1.7299,4.0016,-6.226,NaN,NaN,NaN,NaN,NaN
483.83,-15.64,-14.458,25.524,-1.9396,1.6842,-14.498,-1.8862,2.6512,-6.375,0,0,0,NaN,NaN,NaN,NaN,NaN,NaN,NaN,NaN,NaN,46.543,0,3686.5,0.0064211,0.6028,2.235,0.23795,0.067425,19.836,98886,21.875,-2.0087,0.07739,-13.122,-1.8255,3.9445,-6.1781,NaN,NaN,NaN,NaN,NaN
483.83,-15.637,-14.446,25.504,-2.3971,-0.88312,-12.336,-1.2002,6.8012,-6.4464,0.67652,0.28033,-0.8515,NaN,NaN,NaN,NaN,NaN,NaN,NaN,NaN,NaN,46.543,0,3686.5,0.0064211,0.6028,2.235,0.23795,0.067425,NaN,-1,-1,-2.0108,0.081479,-13.072,-1.9002,3.9367,-6.1143,NaN,NaN,NaN,NaN,NaN
483.84,-15.641,-14.442,25.471,-2.4924,0.65147,-15.199,-2.648,1.7468,-6.5005,0,0,0,NaN,NaN,NaN,NaN,NaN,NaN,NaN,NaN,NaN,46.543,0,3686.5,0.0064211,NaN,NaN,NaN,NaN,NaN,-1,-1,-1.9955,0.085764,-12.968,-1.941,4.0234,-6.0494,NaN,NaN,NaN,NaN,NaN
483.84,-15.641,-14.431,25.452,-2.4625,1.5605,-14.026,-2.1802,6.372,-6.2312,0,0,0,NaN,NaN,NaN,NaN,NaN,NaN,NaN,NaN,NaN,46.543,0,3686.5,0.0064211,NaN,NaN,NaN,NaN,19.564,98876,21.813,-2.0071,0.1056,-12.951,-1.9567,3.9832,-5.9391,NaN,NaN,NaN,NaN,NaN
483.84,-15.638,-14.42,25.434,-2.2697,-1.0428,-11.215,-1.1685,5.8334,-6.1255,0.68627,0.28019,-0.85062,NaN,NaN,NaN,NaN,NaN,NaN,NaN,NaN,NaN,46.543,0,3686.5,0.0064211,NaN,NaN,NaN,NaN,19.356,98876,21.875,-2.01,0.10237,-12.895,-2.0141,3.9265,-5.8893,NaN,NaN,NaN,NaN,NaN
483.84,-15.64,-14.422,25.42,-1.7258,1.4528,-12.407,-2.4115,0.50013,-5.6746,0,0,0,NaN,NaN,NaN,NaN,NaN,NaN,NaN,NaN,NaN,46.543,0,3686.5,0.0064211,NaN,NaN,NaN,NaN,NaN,-1,-1,-2.0156,0.096505,-12.871,-2.0902,3.9188,-5.8311,NaN,NaN,NaN,NaN,NaN
483.85,-15.641,-14.41,25.401,-2.7125,-0.58156,-15.177,-2.7799,6.3974,-6.3821,0,0,0,NaN,NaN,NaN,NaN,NaN,NaN,NaN,NaN,NaN,46.543,0,3686.5,0.0064211,0.60115,2.232,0.21786,0.099057,NaN,-1,-1,-2.0195,0.097826,-12.856,-2.0916,3.923,-5.791,NaN,NaN,NaN,NaN,NaN
483.85,-15.644,-14.401,25.383,-1.4791,-2.2198,-11.671,-3.6333,5.4104,-6.1721,0,0,0,NaN,NaN,NaN,NaN,NaN,NaN,NaN,NaN,NaN,46.543,0,3686.5,0.0064211,NaN,NaN,NaN,NaN,NaN,-1,-1,-2.0234,0.10376,-12.821,-2.2044,4.0371,-5.7358,NaN,NaN,NaN,NaN,NaN
483.85,-15.648,-14.4,25.369,-1.335,1.4216,-12.469,-3.3897,1.7603,-5.6882,0.68431,0.28234,-0.8577,NaN,NaN,NaN,NaN,NaN,NaN,NaN,NaN,NaN,46.543,0,3686.5,0.0064211,NaN,NaN,NaN,NaN,19.565,98885,21.875,-2.036,0.11622,-12.793,-2.3221,3.9714,-5.7135,NaN,NaN,NaN,NaN,NaN
483.85,-15.647,-14.383,25.334,-1.8857,-0.67041,-13.088,-2.8264,7.0752,-5.9198,0,0,0,NaN,NaN,NaN,NaN,NaN,NaN,NaN,NaN,NaN,46.543,0,3686.5,0.0064211,NaN,NaN,NaN,NaN,NaN,-1,-1,-2.0313,0.10674,-12.762,-2.3642,3.982,-5.6701,NaN,NaN,NaN,NaN,NaN
483.86,0,0,0,0,0,0,0,0,0,0,0,0,NaN,NaN,NaN,NaN,NaN,NaN,NaN,NaN,NaN,46.543,0,3686.5,0.0064211,NaN,NaN,NaN,NaN,NaN,-1,-1,-2.0444,0.094956,-12.726,-2.3381,4.1262,-5.6206,NaN,NaN,NaN,NaN,NaN
483.86,-15.649,-14.379,25.317,-1.9186,1.1036,-13.148,-2.668,3.2303,-6.1242,0,0,0,NaN,NaN,NaN,NaN,NaN,NaN,NaN,NaN,NaN,46.543,0,3686.5,0.0064211,0.59239,2.2356,0.22091,NaN,19.732,98848,21.75,-2.0404,0.1,-12.656,-2.3168,4.1491,-5.5432,NaN,NaN,NaN,NaN,NaN
483.86,-15.648,-14.376,25.303,-2.2478,1.7243,-13.703,-1.4061,2.3825,-5.5246,0.69141,0.27988,-0.85476,NaN,NaN,NaN,NaN,NaN,NaN,NaN,NaN,NaN,46.543,0,3686.5,0.0064211,NaN,NaN,NaN,0.09656,NaN,-1,-1,-2.0424,0.096125,-12.604,-2.4091,4.2415,-5.5018,NaN,NaN,NaN,NaN,NaN
483.86,-15.645,-14.363,25.286,-2.6721,-0.87011,-14.314,-0.8462,6.6137,-5.4343,0,0,0,NaN,NaN,NaN,NaN,NaN,NaN,NaN,NaN,NaN,46.543,0,3686.5,0.0064211,NaN,NaN,NaN,NaN,19.267,98881,21.813,-2.0454,0.076594,-12.573,-2.4359,4.2559,-5.4479,NaN,NaN,NaN,NaN,NaN
483.87,-15.644,-14.351,25.256,-1.8612,1.2474,-14.052,-1.761,3.2373,-5.5885,0,0,0,NaN,NaN,NaN,NaN,NaN,NaN,NaN,NaN,NaN,46.543,0,3686.5,0.0064211,NaN,NaN,NaN,NaN,NaN,-1,-1,-2.0449,0.072431,-12.53,-2.3964,4.1958,-5.4122,NaN,NaN,NaN,NaN,NaN
483.87,-15.647,-14.348,25.24,-2.1817,-3.2681,-13.652,-2.9224,4.6676,-5.8186,0.68676,0.2874,-0.85517,10.664,20.97,-5.0747,24.067,40.059,-88.55,3.678e+05,4.4354e+06,319.38,46.543,0,3686.5,0.0064211,NaN,NaN,NaN,NaN,NaN,-1,-1,-2.0332,0.082134,-12.471,-2.4097,4.2166,-5.3779,24.039,0.92368,-0.68732,-1.6377,2.1996
483.87,-15.653,-14.339,25.224,-1.2854,0.36399,-12.791,-4.4652,5.2298,-5.4759,0,0,0,NaN,NaN,NaN,NaN,NaN,NaN,NaN,NaN,NaN,46.543,0,3686.5,0.0064211,0.61046,2.2464,0.23734,0.074917,19.544,98889,21.875,-2.0495,0.10114,-12.435,-2.4847,4.2493,-5.3399,NaN,NaN,NaN,NaN,NaN
483.87,-15.652,-14.338,25.209,-1.7055,1.69,-14.01,-1.2936,1.5953,-5.8837,0,0,0,NaN,NaN,NaN,NaN,NaN,NaN,NaN,NaN,NaN,46.543,0,3686.5,0.0064211,NaN,NaN,NaN,NaN,NaN,-1,-1,-2.0668,0.098608,-12.485,-2.4719,4.2141,-5.3061,NaN,NaN,NaN,NaN,NaN
483.88,-15.653,-14.328,25.191,-2.4192,-1.8487,-14.092,-2.7908,5.7577,-5.9109,0,0,0,NaN,NaN,NaN,NaN,NaN,NaN,NaN,NaN,NaN,46.543,0,3686.5,0.0064211,NaN,NaN,NaN,NaN,NaN,-1,-1,-2.0581,0.12184,-12.454,-2.3427,4.1763,-5.2576,NaN,NaN,NaN,NaN,NaN
483.88,-15.659,-14.321,25.176,-1.3317,-0.059843,-12.53,-4.2943,4.2716,-5.3089,0.69156,0.28485,-0.85474,NaN,NaN,NaN,NaN,NaN,NaN,NaN,NaN,NaN,46.543,0,3686.5,0.0064211,NaN,NaN,NaN,NaN,19.583,98863,21.75,-2.0739,0.13263,-12.423,-2.2168,4.2126,-5.1995,NaN,NaN,NaN,NaN,NaN
483.88,-15.662,-14.317,25.162,-2.3289,2.5701,-13.776,-2.9452,2.7013,-5.1865,0,0,0,NaN,NaN,NaN,NaN,NaN,NaN,NaN,NaN,NaN,46.543,0,3686.5,0.0064211,NaN,NaN,NaN,NaN,NaN,-1,-1,-2.076,0.12225,-12.379,-2.1788,4.1434,-5.1424,NaN,NaN,NaN,NaN,NaN
483.88,-15.658,-14.308,25.146,-2.6739,0.27903,-13.848,-0.34687,5.2094,-5.5046,0,0,0,NaN,NaN,NaN,NaN,NaN,NaN,NaN,NaN,NaN,46.543,0,3686.5,0.0064211,NaN,NaN,NaN,NaN,19.629,98902,21.938,-2.0783,0.10617,-12.319,-2.0709,4.1748,-5.1053,NaN,NaN,NaN,NaN,NaN
483.89,-15.659,-14.297,25.132,-1.4919,-1.0692,-12.516,-2.0506,5.3616,-4.6736,0,0,0,NaN,NaN,NaN,NaN,NaN,NaN,NaN,NaN,NaN,46.543,0,3686.5,0.0064211,0.59568,2.2398,0.22456,0.09656,NaN,-1,-1,-2.1011,0.10454,-12.388,-2.0424,4.1035,-5.0757,NaN,NaN,NaN,NaN,NaN
483.89,-15.661,-14.295,25.118,-2.0732,1.9099,-11.865,-2.4974,1.987,-5.0919,0.68689,0.28727,-0.85746,NaN,NaN,NaN,NaN,NaN,NaN,NaN,NaN,NaN,46.543,0,3686.5,0.0064211,NaN,NaN,NaN,NaN,NaN,-1,-1,-2.0869,0.11605,-12.335,-2.0007,3.9661,-5.0332,NaN,NaN,NaN,NaN,NaN
483.89,-15.659,-14.285,25.102,-2.223,-1.3018,-14.815,-1.5937,5.6834,-5.3487,0,0,0,NaN,NaN,NaN,NaN,NaN,NaN,NaN,NaN,NaN,46.543,NaN,3705.1,0.0075089,NaN,NaN,NaN,NaN,19.314,98896,21.938,-2.0917,0.12765,-12.298,-1.8576,4.0198,-5.0027,NaN,NaN,NaN,NaN,NaN
483.89,-15.662,-14.274,25.085,-1.6478,-1.5445,-10.682,-2.9675,5.7369,-5.6432,0,0,0,NaN,NaN,NaN,NaN,NaN,NaN,NaN,NaN,NaN,46.543,NaN,3705.1,0.0075089,NaN,NaN,NaN,NaN,NaN,-1,-1,-2.0939,0.14927,-12.273,-1.7553,3.9708,-4.975,NaN,NaN,NaN,NaN,NaN
483.9,-15.66,-14.269,25.059,-2.6625,0.082213,-14.239,-1.6304,4.3374,-5.0723,0.68911,0.27979,-0.85727,NaN,NaN,NaN,NaN,NaN,NaN,NaN,NaN,NaN,46.543,NaN,3705.1,0.0075089,0.60006,2.2362,0.24099,0.074917,NaN,-1,-1,-2.0902,0.1543,-12.215,-1.6964,4.0498,-4.9393,NaN,NaN,NaN,NaN,NaN
483.9,-15.662,-14.254,25.042,-1.1577,-1.1218,-11.816,-2.7866,7.4529,-5.0683,0,0,0,NaN,NaN,NaN,NaN,NaN,NaN,NaN,NaN,NaN,46.543,NaN,3705.1,0.0075089,NaN,NaN,NaN,NaN,18.93,98904,22,-2.0913,0.18533,-12.158,-1.5725,4.0777,-4.9138,NaN,NaN,NaN,NaN,NaN
483.9,-15.664,-14.252,25.03,-1.9956,1.3949,-12.5,-2.2501,1.7932,-4.8956,0,0,0,NaN,NaN,NaN,NaN,NaN,NaN,NaN,NaN,NaN,46.572,0,3705.1,0.0075089,NaN,NaN,NaN,NaN,19.754,98881,21.875,-2.1037,0.18666,-12.132,-1.4567,3.9545,-4.871,NaN,NaN,NaN,NaN,NaN
483.9,-15.659,-14.249,25.017,-3.0087,0.89466,-12.992,0.27101,2.4375,-4.942,0,0,0,NaN,NaN,NaN,NaN,NaN,NaN,NaN,NaN,NaN,46.572,0,3705.1,0.0075089,NaN,NaN,NaN,NaN,NaN,-1,-1,-2.1063,0.18658,-12.057,-1.3947,4.1115,-4.8769,NaN,NaN,NaN,NaN,NaN
483.91,-15.655,-14.234,25.002,-1.9348,-0.44895,-13.62,-0.47418,7.0022,-4.3227,0.68422,0.27476,-0.86001,NaN,NaN,NaN,NaN,NaN,NaN,NaN,NaN,NaN,46.572,0,3705.1,0.0075089,NaN,NaN,NaN,NaN,NaN,-1,-1,-2.1049,0.17916,-12.004,-1.4021,4.055,-4.8606,NaN,NaN,NaN,NaN,NaN
483.91,-15.655,-14.229,24.99,-1.6616,1.2583,-9.55,-1.3224,2.9879,-4.3793,0,0,0,NaN,NaN,NaN,NaN,NaN,NaN,NaN,NaN,NaN,46.572,0,3705.1,0.0075089,NaN,NaN,NaN,NaN,NaN,-1,-1,-2.1138,0.16455,-11.984,-1.4026,3.9845,-4.8556,NaN,NaN,NaN,NaN,NaN
483.91,-15.655,-14.226,24.978,-2.9775,-0.080009,-13.182,-1.9389,2.3966,-4.7456,0,0,0,NaN,NaN,NaN,NaN,NaN,NaN,NaN,NaN,NaN,46.572,0,3705.1,0.0075089,0.60389,2.2464,0.22577,0.0899,19.287,98849,21.688,-2.1188,0.18811,-11.916,-1.3534,4.0711,-4.8455,NaN,NaN,NaN,NaN,NaN
483.91,-15.657,-14.213,24.952,-1.3771,1.7051,-11.999,-1.5398,3.6487,-4.6133,0.67691,0.27486,-0.86066,NaN,NaN,NaN,NaN,NaN,NaN,NaN,NaN,NaN,46.572,0,3705.1,0.0075089,NaN,NaN,NaN,NaN,NaN,-1,-1,-2.1153,0.18437,-11.853,-1.204,3.9368,-4.5978,NaN,NaN,NaN,NaN,NaN
483.92,-15.653,-14.211,24.941,-2.9608,0.060553,-11.429,-0.0073339,1.8174,-4.4526,0,0,0,NaN,NaN,NaN,NaN,NaN,NaN,NaN,NaN,NaN,46.572,0,3705.1,0.0075089,NaN,NaN,NaN,NaN,NaN,-1,-1,-2.1198,0.21159,-11.823,-1.129,3.8687,-4.5561,NaN,NaN,NaN,NaN,NaN
483.92,-15.653,-14.204,24.927,-1.2169,-0.31901,-12.103,-1.8112,4.0921,-4.634,0,0,0,NaN,NaN,NaN,NaN,NaN,NaN,NaN,NaN,NaN,46.572,0,3705.1,0.0075089,NaN,NaN,NaN,NaN,19.752,98849,21.75,-2.1332,0.2271,-11.759,-1.0813,3.7504,-4.4891,NaN,NaN,NaN,NaN,NaN
483.92,-15.653,-14.199,24.916,-2.3422,0.54778,-13.427,-1.2963,2.8288,-4.25,0,0,0,NaN,NaN,NaN,NaN,NaN,NaN,NaN,NaN,NaN,46.572,0,3705.1,0.0075089,0.59075,2.2291,0.21421,NaN,19.65,98856,21.813,-2.132,0.21594,-11.686,-0.94444,3.7852,-4.4252,NaN,NaN,NaN,NaN,NaN
483.92,-15.648,-14.19,24.903,-2.5529,2.1342,-11.347,0.1857,4.7227,-4.3079,0.6843,0.27724,-0.86,NaN,NaN,NaN,NaN,NaN,NaN,NaN,NaN,NaN,46.572,0,3705.1,0.0075089,NaN,NaN,NaN,0.099057,NaN,-1,-1,-2.133,0.22026,-11.611,-0.88541,3.7331,-4.3775,NaN,NaN,NaN,NaN,NaN
483.93,-15.642,-14.185,24.891,-2.1681,-1.0414,-11.638,0.66836,3.1643,-4.2806,0,0,0,NaN,NaN,NaN,NaN,NaN,NaN,NaN,NaN,NaN,46.572,0,3705.1,0.0075089,NaN,NaN,NaN,NaN,NaN,-1,-1,-2.1376,0.20178,-11.56,-0.89496,3.6362,-4.3293,NaN,NaN,NaN,NaN,NaN
483.93,-15.64,-14.183,24.882,-1.9614,1.5884,-10.772,-0.24609,1.5192,-3.7257,0,0,0,NaN,NaN,NaN,NaN,NaN,NaN,NaN,NaN,NaN,46.572,0,3705.1,0.0075089,NaN,NaN,NaN,NaN,NaN,-1,-1,-2.1374,0.20849,-11.505,-0.99287,3.6707,-4.2894,NaN,NaN,NaN,NaN,NaN
483.93,-15.639,-14.172,24.868,-3.2519,0.084332,-12.592,-1.5107,5.7228,-4.4389,0,0,0,NaN,NaN,NaN,NaN,NaN,NaN,NaN,NaN,NaN,46.572,0,3705.1,0.0075089,0.60937,2.2428,0.23308,0.069923,19.44,98902,21.938,-2.1273,0.21974,-11.438,-0.95731,3.4715,-4.2516,NaN,NaN,NaN,NaN,NaN
483.93,-15.64,-14.17,24.857,-0.92417,-2.7013,-9.9186,-1.9958,1.7338,-4.276,0.67678,0.27498,-0.85838,NaN,NaN,NaN,NaN,NaN,NaN,NaN,NaN,NaN,46.572,0,3705.1,0.0075089,NaN,NaN,NaN,NaN,NaN,-1,-1,-2.1436,0.23498,-11.392,-0.96393,3.4586,-4.2169,NaN,NaN,NaN,NaN,NaN
483.94,-15.637,-14.161,24.834,-2.9906,0.64096,-11.629,0.2427,4.7598,-4.2882,0,0,0,NaN,NaN,NaN,NaN,NaN,NaN,NaN,NaN,NaN,46.572,0,3705.1,0.0075089,NaN,NaN,NaN,NaN,NaN,-1,-1,-2.1473,0.23154,-11.303,-1.0189,3.4707,-4.1785,NaN,NaN,NaN,NaN,NaN
483.94,-15.637,-14.154,24.822,-1.3782,-1.2185,-10.469,-1.7955,3.9054,-4.4022,0,0,0,NaN,NaN,NaN,NaN,NaN,NaN,NaN,NaN,NaN,46.572,0,3705.1,0.0075089,NaN,NaN,NaN,NaN,19.46,98864,21.813,-2.1439,0.26455,-11.251,-1.0877,3.3506,-4.1404,NaN,NaN,NaN,NaN,NaN
483.94,-15.638,-14.151,24.801,-2.9565,2.1308,-13.896,-1.0705,3.1812,-3.8496,0,0,0,NaN,NaN,NaN,NaN,NaN,NaN,NaN,NaN,NaN,46.572,0,3705.1,0.0075089,NaN,NaN,NaN,NaN,NaN,-1,-1,-2.1681,0.25813,-11.216,-1.0363,3.3233,-4.1005,NaN,NaN,NaN,NaN,NaN
483.94,-15.634,-14.14,24.788,-2.2101,-0.60012,-10.745,0.033747,5.509,-4.2601,0,0,0,NaN,NaN,NaN,NaN,NaN,NaN,NaN,NaN,NaN,46.572,0,3705.1,0.0075089,NaN,NaN,NaN,NaN,19.542,98880,21.813,-2.1665,0.25474,-11.12,-1.0686,3.3028,-4.0465,NaN,NaN,NaN,NaN,NaN
483.95,-15.634,-14.131,24.768,-2.6747,0.30929,-11.661,-2.116,4.3143,-4.0885,0.67962,0.27458,-0.86502,NaN,NaN,NaN,NaN,NaN,NaN,NaN,NaN,NaN,46.572,0,3705.1,0.0075089,NaN,NaN,NaN,NaN,NaN,-1,-1,-2.17,0.25164,-11.102,-1.1851,3.1879,-4.017,NaN,NaN,NaN,NaN,NaN
483.95,-15.637,-14.128,24.758,-1.7293,-1.9347,-9.6631,-2.5161,2.2477,-4.1979,0,0,0,NaN,NaN,NaN,NaN,NaN,NaN,NaN,NaN,NaN,46.572,0,3705.1,0.0075089,NaN,NaN,NaN,NaN,NaN,-1,-1,-2.1747,0.24628,-11.02,-1.3019,3.1273,-3.9935,NaN,NaN,NaN,NaN,NaN
483.95,-15.64,-14.122,24.737,-1.8819,1.2025,-12.505,-0.89221,2.7415,-4.3359,0,0,0,NaN,NaN,NaN,NaN,NaN,NaN,NaN,NaN,NaN,46.572,0,3705.1,0.0075089,NaN,NaN,NaN,NaN,19.226,98915,21.938,-2.157,0.25216,-10.922,-1.4184,3.0821,-4.0007,NaN,NaN,NaN,NaN,NaN
483.95,-15.64,-14.114,24.725,-2.7363,-0.37181,-10.13,-1.7287,4.1221,-4.0544,0.67969,0.27706,-0.86501,NaN,NaN,NaN,NaN,NaN,NaN,NaN,NaN,NaN,46.572,0,3705.1,0.0075089,0.59623,2.1145,0.29698,0.039956,NaN,-1,-1,-2.1792,0.28767,-10.889,-1.4873,3.1138,-3.9806,NaN,NaN,NaN,NaN,NaN
483.96,-15.644,-14.109,24.713,-1.433,0.12364,-10.431,-2.8724,3.0903,-4.1911,0,0,0,NaN,NaN,NaN,NaN,NaN,NaN,NaN,NaN,NaN,46.572,0,3705.1,0.0075089,NaN,NaN,NaN,NaN,NaN,-1,-1,-2.1823,0.2838,-10.822,-1.645,3.1921,-3.9631,NaN,NaN,NaN,NaN,NaN
483.96,-15.646,-14.111,24.706,-2.1517,1.9522,-11.987,-1.982,0.0010886,-3.5017,0,0,0,NaN,NaN,NaN,NaN,NaN,NaN,NaN,NaN,NaN,46.572,0,3705.1,0.0075089,NaN,NaN,NaN,NaN,19.31,98875,21.813,-2.1778,0.30486,-10.723,-1.7878,2.9911,-3.9502,NaN,NaN,NaN,NaN,NaN
483.96,-15.644,-14.099,24.693,-3.261,0.36252,-11.512,-1.0491,5.6494,-4.0736,0,0,0,NaN,NaN,NaN,NaN,NaN,NaN,NaN,NaN,NaN,46.572,0,3705.1,0.0075089,NaN,NaN,NaN,NaN,NaN,-1,-1,-2.1917,0.31585,-10.676,-1.8931,2.9055,-3.9492,NaN,NaN,NaN,NaN,NaN
483.96,-15.644,-14.095,24.683,-1.4581,0.66977,-10.16,-1.3212,2.4387,-3.3016,0.67928,0.27234,-0.86045,NaN,NaN,NaN,NaN,NaN,NaN,NaN,NaN,NaN,46.572,0,3705.1,0.0075089,NaN,NaN,NaN,NaN,19.582,98849,21.688,-2.1989,0.32277,-10.621,-2.0336,2.9205,-3.9293,NaN,NaN,NaN,NaN,NaN
483.97,-15.647,-14.089,24.673,-2.5483,0.64668,-8.6592,-2.6572,2.9652,-3.6792,0,0,0,NaN,NaN,NaN,NaN,NaN,NaN,NaN,NaN,NaN,46.572,0,3705.1,0.0075089,NaN,NaN,NaN,NaN,NaN,-1,-1,-2.1953,0.3236,-10.504,-2.2259,3.0021,-3.9262,NaN,NaN,NaN,NaN,NaN
483.97,-15.651,-14.087,24.662,-2.4655,-0.70221,-11.844,-3.0528,2.202,-4.3635,0,0,0,NaN,NaN,NaN,NaN,NaN,NaN,NaN,NaN,NaN,46.572,0,3705.1,0.0075089,0.60115,2.1073,0.29637,0.049112,NaN,-1,-1,-2.1899,0.3105,-10.454,-2.5272,2.9369,-3.9215,NaN,NaN,NaN,NaN,NaN
483.97,-15.657,-14.082,24.652,-1.8778,-0.64471,-10.588,-3.8177,2.6975,-3.8407,0,0,0,NaN,NaN,NaN,NaN,NaN,NaN,NaN,NaN,NaN,46.572,0,3705.1,0.0075089,NaN,NaN,NaN,NaN,20.201,98871,21.75,-2.2049,0.31567,-10.408,-2.8085,2.7945,-3.946,NaN,NaN,NaN,NaN,NaN
483.97,-15.659,-14.077,24.64,-2.0411,0.98353,-11.184,-2.0949,2.9436,-4.1063,0.67922,0.27495,-0.85816,NaN,NaN,NaN,NaN,NaN,NaN,NaN,NaN,NaN,46.572,0,3705.1,0.0075089,NaN,NaN,NaN,NaN,NaN,-1,-1,-2.1954,0.32769,-10.319,-3.0259,2.7875,-3.9458,NaN,NaN,NaN,NaN,NaN
483.98,-15.67,-14.067,24.619,-1.8332,-0.039801,-11.476,-4.4047,2.5481,-3.9873,0,0,0,NaN,NaN,NaN,NaN,NaN,NaN,NaN,NaN,NaN,46.572,0,3705.1,0.0075089,NaN,NaN,NaN,NaN,NaN,-1,-1,-2.1948,0.33673,-10.251,-3.3349,2.9104,-3.9551,NaN,NaN,NaN,NaN,NaN
483.98,-15.675,-14.065,24.61,-2.3707,1.8325,-10.778,-3.35,1.7102,-3.699,0,0,0,NaN,NaN,NaN,NaN,NaN,NaN,NaN,NaN,NaN,46.572,0,3705.1,0.0075089,NaN,NaN,NaN,0.10155,20,98893,21.875,-2.2067,0.37506,-10.202,-3.6513,2.737,-3.971,NaN,NaN,NaN,NaN,NaN
483.98,-15.678,-14.056,24.597,-2.4683,1.652,-10.208,-2.8601,4.4302,-4.0541,0.67692,0.27995,-0.85836,NaN,NaN,NaN,NaN,NaN,NaN,NaN,NaN,NaN,46.572,0,3705.1,0.0075089,NaN,NaN,NaN,0.10155,19.896,98898,21.875,-2.216,0.3691,-10.128,-4.0347,2.8117,-3.9847,NaN,NaN,NaN,NaN,NaN
483.98,-15.681,-14.055,24.589,-1.9767,-0.48695,-11.294,-2.3515,1.1885,-3.5606,0,0,0,NaN,NaN,NaN,NaN,NaN,NaN,NaN,NaN,NaN,46.572,0,3705.1,0.0075089,NaN,NaN,NaN,NaN,NaN,-1,-1,-2.2137,0.37695,-10.054,-4.3612,2.8416,-4.0002,NaN,NaN,NaN,NaN,NaN
483.99,-15.686,-14.047,24.577,-2.9582,1.3066,-8.7347,-3.6818,4.3341,-4.029,0,0,0,NaN,NaN,NaN,NaN,NaN,NaN,NaN,NaN,NaN,46.572,0,3705.1,0.0075089,NaN,NaN,NaN,NaN,NaN,-1,-1,-2.2258,0.38549,-9.9915,-4.6638,2.6277,-4.0112,NaN,NaN,NaN,NaN,NaN
483.99,-15.693,-14.042,24.565,-2.0276,-0.25953,-10.526,-4.4617,2.9709,-4.2269,0,0,0,NaN,NaN,NaN,NaN,NaN,NaN,NaN,NaN,NaN,46.572,0,3705.1,0.0075089,NaN,NaN,NaN,NaN,NaN,-1,-1,-2.2266,0.37952,-9.9365,-5.1233,2.7482,-4.0407,NaN,NaN,NaN,NaN,NaN
483.99,-15.704,-14.042,24.556,-1.9422,-1.7381,-10.09,-5.5932,0.69471,-3.9395,0.67456,0.28247,-0.85857,NaN,NaN,NaN,NaN,NaN,NaN,NaN,NaN,NaN,46.572,0,3705.1,0.0075089,NaN,NaN,NaN,NaN,19.497,98878,21.75,-2.2389,0.37068,-9.8924,-5.5689,2.5754,-4.0983,NaN,NaN,NaN,NaN,NaN
483.99,-15.72,-14.032,24.534,-2.0441,0.79609,-9.5422,-4.9587,2.6927,-3.9092,0,0,0,NaN,NaN,NaN,NaN,NaN,NaN,NaN,NaN,NaN,46.572,0,3705.1,0.0075089,0.60115,2.1247,0.29941,0.038291,NaN,-1,-1,-2.2457,0.36638,-9.8523,-5.8922,2.6099,-4.1354,NaN,NaN,NaN,NaN,NaN
484,-15.733,-14.029,24.523,-1.7866,-0.45825,-9.7633,-6.7496,2.339,-4.4828,0,0,0,NaN,NaN,NaN,NaN,NaN,NaN,NaN,NaN,NaN,46.572,0,3705.1,0.0075089,NaN,NaN,NaN,NaN,NaN,-1,-1,-2.2381,0.38215,-9.7912,-6.3331,2.7696,-4.1666,NaN,NaN,NaN,NaN,NaN
484,-15.747,-14.025,24.511,-2.5463,1.0028,-10.851,-6.7949,2.4957,-4.2601,0.67484,0.28731,-0.86085,NaN,NaN,NaN,NaN,NaN,NaN,NaN,NaN,NaN,46.572,0,3705.1,0.0075089,NaN,NaN,NaN,NaN,19.542,98879,21.813,-2.2561,0.39562,-9.7428,-6.6723,2.6752,-4.1937,NaN,NaN,NaN,NaN,NaN
484,-15.757,-14.023,24.501,-2.2497,2.5824,-10.482,-5.6393,1.7553,-4.047,0,0,0,NaN,NaN,NaN,NaN,NaN,NaN,NaN,NaN,NaN,46.582,0,3715.1,0.0069644,NaN,NaN,NaN,NaN,NaN,-1,-1,-2.2539,0.40572,-9.7085,-7.0282,2.8086,-4.2232,NaN,NaN,NaN,NaN,NaN
484,-15.767,-14.017,24.489,-2.3671,-0.16022,-9.2932,-5.3993,3.8317,-4.3148,0,0,0,NaN,NaN,NaN,NaN,NaN,NaN,NaN,NaN,NaN,46.582,0,3715.1,0.0069644,NaN,NaN,NaN,NaN,19.604,98883,21.813,-2.2513,0.4118,-9.6055,-7.4286,2.9519,-4.2624,NaN,NaN,NaN,NaN,NaN
484.01,-15.782,-14.009,24.477,-2.421,0.069835,-8.0628,-7.6992,4.1224,-3.9479,0,0,0,NaN,NaN,NaN,NaN,NaN,NaN,NaN,NaN,NaN,46.582,0,3715.1,0.0069644,NaN,NaN,NaN,NaN,NaN,-1,-1,-2.2495,0.40351,-9.5612,-7.8146,2.8211,-4.307,NaN,NaN,NaN,NaN,NaN
484.01,-15.801,-14.01,24.467,-2.0711,1.1202,-10.876,-9.0626,0.63587,-4.4407,0.67435,0.28011,-0.85629,NaN,NaN,NaN,NaN,NaN,NaN,NaN,NaN,NaN,46.582,0,3715.1,0.0069644,NaN,NaN,NaN,NaN,NaN,-1,-1,-2.2494,0.40549,-9.5396,-8.1553,2.8738,-4.3677,NaN,NaN,NaN,NaN,NaN
484.01,-15.819,-14.006,24.454,-2.4672,-1.3659,-9.7805,-8.8882,2.6341,-4.6257,0,0,0,NaN,NaN,NaN,NaN,NaN,NaN,NaN,NaN,NaN,46.582,0,3715.1,0.0069644,NaN,NaN,NaN,NaN,19.418,98888,21.875,-2.2461,0.39222,-9.5111,-8.5485,3.0364,-4.4096,NaN,NaN,NaN,NaN,NaN
484.01,-15.84,-13.994,24.44,-1.7722,0.12747,-9.0718,-10.254,5.9377,-4.5908,0,0,0,NaN,NaN,NaN,NaN,NaN,NaN,NaN,NaN,NaN,46.582,0,3715.1,0.0069644,NaN,NaN,NaN,NaN,NaN,-1,-1,-2.2401,0.40212,-9.4302,-8.962,2.9533,-4.4774,NaN,NaN,NaN,NaN,NaN
484.02,-15.88,-13.993,24.418,-3.3132,1.3652,-11.528,-10.022,3.2284,-4.5271,0.67504,0.28458,-0.86543,NaN,NaN,NaN,NaN,NaN,NaN,NaN,NaN,NaN,46.582,0,3715.1,0.0069644,0.6017,2.1169,0.29698,0.031632,NaN,-1,-1,-2.2415,0.42903,-9.4273,-9.2532,2.7763,-4.5129,NaN,NaN,NaN,NaN,NaN
484.02,-15.903,-13.983,24.403,-1.6243,0.12428,-8.5371,-10.623,5.3935,-4.6716,0,0,0,NaN,NaN,NaN,NaN,NaN,NaN,NaN,NaN,NaN,46.582,0,3715.1,0.0069644,NaN,NaN,NaN,NaN,19.854,98904,21.875,-2.2532,0.42259,-9.399,-9.4872,3.0218,-4.5508,NaN,NaN,NaN,NaN,NaN
484.02,-15.927,-13.986,24.394,-1.5577,1.9591,-8.0953,-11.023,-0.3216,-4.3367,0,0,0,NaN,NaN,NaN,NaN,NaN,NaN,NaN,NaN,NaN,46.582,0,3715.1,0.0069644,NaN,NaN,NaN,NaN,NaN,-1,-1,-2.2535,0.44367,-9.3388,-9.8575,3.1112,-4.6898,NaN,NaN,NaN,NaN,NaN
484.02,-15.946,-13.982,24.381,-3.6832,0.72495,-11.312,-9.4171,3.0154,-4.9387,0,0,0,NaN,NaN,NaN,NaN,NaN,NaN,NaN,NaN,NaN,46.582,0,3715.1,0.0069644,NaN,NaN,NaN,NaN,20.204,98872,21.813,-2.2508,0.4567,-9.3321,-9.9908,3.1193,-4.6651,NaN,NaN,NaN,NaN,NaN
484.03,-15.968,-13.967,24.366,-2.354,0.89015,-7.684,-10.54,6.995,-4.1262,0.66984,0.2926,-0.85669,NaN,NaN,NaN,NaN,NaN,NaN,NaN,NaN,NaN,46.582,0,3715.1,0.0069644,NaN,NaN,NaN,NaN,NaN,-1,-1,-2.2654,0.45604,-9.289,-10.147,3.101,-4.6531,NaN,NaN,NaN,NaN,NaN
484.03,-15.994,-13.967,24.354,-1.6982,0.31701,-5.6266,-11.805,1.2521,-4.8502,0,0,0,NaN,NaN,NaN,NaN,NaN,NaN,NaN,NaN,NaN,46.582,0,3715.1,0.0069644,NaN,NaN,NaN,NaN,NaN,-1,-1,-2.2583,0.44443,-9.2364,-10.287,3.0056,-4.6481,NaN,NaN,NaN,NaN,NaN
484.03,-16.02,-13.972,24.344,-2.4249,-1.4308,-9.9919,-11.822,-1.0579,-4.9958,0,0,0,NaN,NaN,NaN,NaN,NaN,NaN,NaN,NaN,NaN,46.582,0,3715.1,0.0069644,0.59568,2.2374,0.22091,0.091565,20.364,98883,21.813,-2.248,0.43795,-9.2231,-10.442,3.1021,-4.7784,NaN,NaN,NaN,NaN,NaN
484.03,-16.045,-13.959,24.329,-2.6576,0.92273,-9.2182,-12.107,6.5694,-4.6104,0,0,0,NaN,NaN,NaN,NaN,NaN,NaN,NaN,NaN,NaN,46.582,0,3715.1,0.0069644,NaN,NaN,NaN,NaN,NaN,-1,-1,-2.2557,0.43584,-9.1961,-10.516,3.1118,-4.7574,NaN,NaN,NaN,NaN,NaN
484.04,-16.064,-13.958,24.316,-1.3099,1.1185,-7.9034,-9.0114,1.4084,-4.8687,0.66738,0.28245,-0.86152,NaN,NaN,NaN,NaN,NaN,NaN,NaN,NaN,NaN,46.582,0,3715.1,0.0069644,NaN,NaN,NaN,NaN,NaN,-1,-1,-2.245,0.43694,-9.1768,-10.5,2.963,-4.709,NaN,NaN,NaN,NaN,NaN
484.04,-16.085,-13.959,24.305,-3.2838,-0.033909,-9.2137,-10.075,0.98784,-4.9701,0,0,0,NaN,NaN,NaN,NaN,NaN,NaN,NaN,NaN,NaN,46.582,0,3715.1,0.0069644,NaN,NaN,NaN,NaN,20.346,98896,21.875,-2.2542,0.43225,-9.1905,-10.379,3.001,-4.6692,NaN,NaN,NaN,NaN,NaN
484.04,-16.11,-13.945,24.29,-1.7236,0.09942,-8.4276,-11.804,6.6768,-4.6261,0,0,0,NaN,NaN,NaN,NaN,NaN,NaN,NaN,NaN,NaN,46.582,0,3715.1,0.0069644,NaN,NaN,NaN,NaN,20.101,98882,21.813,-2.2373,0.4279,-9.0789,-10.207,2.8557,-4.6088,NaN,NaN,NaN,NaN,NaN
484.04,-16.149,-13.947,24.268,-3.4665,1.194,-10.636,-8.4348,1.2063,-4.8619,0.66746,0.28493,-0.86151,NaN,NaN,NaN,NaN,NaN,NaN,NaN,NaN,NaN,46.582,0,3715.1,0.0069644,0.59513,2.1139,0.29698,NaN,NaN,-1,-1,-2.2345,0.44539,-9.076,-10.05,2.8901,-4.5673,NaN,NaN,NaN,NaN,NaN
484.05,-16.168,-13.934,24.255,-2.2619,0.52743,-9.0022,-9.2248,6.3102,-3.9144,0,0,0,NaN,NaN,NaN,NaN,NaN,NaN,NaN,NaN,NaN,46.582,0,3715.1,0.0069644,NaN,NaN,NaN,NaN,NaN,-1,-1,-2.248,0.4502,-9.0665,-9.8183,2.9294,-4.5186,NaN,NaN,NaN,NaN,NaN
484.05,-16.19,-13.928,24.242,-2.1706,0.97596,-5.6984,-10.484,3.5991,-4.5466,0,0,0,NaN,NaN,NaN,NaN,NaN,NaN,NaN,NaN,NaN,46.582,0,3715.1,0.0069644,NaN,NaN,NaN,NaN,NaN,-1,-1,-2.2462,0.43964,-9.073,-9.5807,2.8342,-4.4609,NaN,NaN,NaN,NaN,NaN
484.05,-16.208,-13.934,24.231,-2.5073,-0.52099,-9.6239,-8.6722,-1.1114,-4.9702,0,0,0,NaN,NaN,NaN,NaN,NaN,NaN,NaN,NaN,NaN,46.582,0,3715.1,0.0069644,NaN,NaN,NaN,NaN,20.001,98907,21.938,-2.2387,0.41548,-9.0759,-9.3602,2.7903,-4.4116,NaN,NaN,NaN,NaN,NaN
484.05,-16.231,-13.922,24.216,-2.3972,-0.49148,-9.0689,-10.748,5.7408,-4.626,0.67971,0.28725,-0.86041,NaN,NaN,NaN,NaN,NaN,NaN,NaN,NaN,NaN,46.582,0,3715.1,0.0069644,NaN,NaN,NaN,NaN,NaN,-1,-1,-2.2247,0.40571,-8.9893,-9.0985,2.7581,-4.4019,NaN,NaN,NaN,NaN,NaN
484.06,-16.248,-13.921,24.204,-1.6562,0.57894,-8.4665,-8.6109,1.731,-5.0415,0,0,0,NaN,NaN,NaN,NaN,NaN,NaN,NaN,NaN,NaN,46.582,0,3715.1,0.0069644,0.60663,2.2428,0.23247,0.080744,NaN,-1,-1,-2.2235,0.42883,-9.0189,-8.7669,2.7797,-4.3649,NaN,NaN,NaN,NaN,NaN
484.06,-16.266,-13.923,24.193,-2.934,1.4367,-9.1721,-8.6965,0.25015,-4.6755,0,0,0,NaN,NaN,NaN,NaN,NaN,NaN,NaN,NaN,NaN,46.582,0,3715.1,0.0069644,NaN,NaN,NaN,NaN,19.752,98896,21.875,-2.2311,0.44108,-9.0556,-8.3623,2.8042,-4.2907,NaN,NaN,NaN,NaN,NaN
484.06,-16.284,-13.91,24.178,-2.0246,-0.41504,-9.2675,-9.0615,6.6014,-4.6687,0,0,0,NaN,NaN,NaN,NaN,NaN,NaN,NaN,NaN,NaN,46.582,0,3715.1,0.0069644,NaN,NaN,NaN,NaN,NaN,-1,-1,-2.238,0.42406,-9.075,-7.8402,2.7434,-4.2546,NaN,NaN,NaN,NaN,NaN
484.06,-16.301,-13.908,24.167,-2.018,1.0898,-6.9251,-8.0501,1.8053,-4.3591,0.67942,0.27731,-0.86044,NaN,NaN,NaN,NaN,NaN,NaN,NaN,NaN,NaN,46.582,0,3715.1,0.0069644,NaN,NaN,NaN,NaN,20.038,98872,21.75,-2.2356,0.45613,-9.1182,-7.4179,2.8554,-4.1824,NaN,NaN,NaN,NaN,NaN
484.07,-16.312,-13.912,24.157,-3.0854,2.0917,-11.104,-6.0969,-0.47332,-4.6495,0,0,0,NaN,NaN,NaN,NaN,NaN,NaN,NaN,NaN,NaN,46.582,0,3715.1,0.0069644,NaN,NaN,NaN,NaN,NaN,-1,-1,-2.2446,0.45227,-9.1394,-6.9907,2.8174,-4.1398,NaN,NaN,NaN,NaN,NaN
484.07,-16.321,-13.9,24.144,-2.6936,0.60515,-10.111,-5.2793,5.9954,-3.9587,0,0,0,NaN,NaN,NaN,NaN,NaN,NaN,NaN,NaN,NaN,46.582,0,3715.1,0.0069644,0.6028,2.1085,0.30063,0.049945,NaN,-1,-1,-2.2465,0.44053,-9.1516,-6.464,2.7196,-4.1024,NaN,NaN,NaN,NaN,NaN
484.07,-16.334,-13.887,24.13,-1.9164,0.30689,-5.1077,-6.7631,6.1265,-4.0559,0,0,0,NaN,NaN,NaN,NaN,NaN,NaN,NaN,NaN,NaN,46.582,0,3715.1,0.0069644,NaN,NaN,NaN,NaN,19.914,98872,21.75,-2.2423,0.41806,-9.1912,-5.9936,2.9433,-4.0852,NaN,NaN,NaN,NaN,NaN
484.07,-16.346,-13.892,24.121,-2.3614,0.1081,-8.6537,-6.1039,-0.97443,-4.4123,0.67986,0.29222,-0.8604,NaN,NaN,NaN,NaN,NaN,NaN,NaN,NaN,NaN,46.582,0,3715.1,0.0069644,NaN,NaN,NaN,NaN,NaN,-1,-1,-2.2445,0.41201,-9.2119,-5.5516,2.9495,-4.0482,NaN,NaN,NaN,NaN,NaN
484.08,0,0,0,0,0,0,0,0,0,0,0,0,NaN,NaN,NaN,NaN,NaN,NaN,NaN,NaN,NaN,46.582,0,3715.1,0.0069644,NaN,NaN,NaN,NaN,NaN,-1,-1,-2.2409,0.40682,-9.2381,-5.0612,2.9777,-4.0401,NaN,NaN,NaN,NaN,NaN
484.08,-16.358,-13.888,24.108,-2.6596,-0.61246,-10.775,-6.3178,2.5989,-4.6601,0,0,0,NaN,NaN,NaN,NaN,NaN,NaN,NaN,NaN,NaN,46.582,0,3715.1,0.0069644,NaN,NaN,NaN,NaN,19.709,98901,21.875,-2.242,0.41135,-9.2719,-4.5341,3.0232,-3.9978,NaN,NaN,NaN,NaN,NaN
484.08,-16.381,-13.873,24.069,-2.326,0.07083,-11.895,-4.6154,2.5224,-5.024,0.67976,0.27954,-0.86501,NaN,NaN,NaN,NaN,NaN,NaN,NaN,NaN,NaN,46.582,0,3715.1,0.0069644,0.66138,2.1545,0.29272,-0.011654,20.183,98857,21.75,-2.2491,0.42043,-9.3173,-3.9058,2.9484,-3.978,NaN,NaN,NaN,NaN,NaN
484.08,-16.387,-13.862,24.056,-2.3934,0.33772,-8.4512,-4.3094,5.5133,-4.3277,0,0,0,NaN,NaN,NaN,NaN,NaN,NaN,NaN,NaN,NaN,46.582,0,3715.1,0.0069644,NaN,NaN,NaN,NaN,NaN,-1,-1,-2.2575,0.40863,-9.3409,-3.3674,3.1763,-3.9264,NaN,NaN,NaN,NaN,NaN
484.09,0,0,0,0,0,0,0,0,0,0,0,0,NaN,NaN,NaN,NaN,NaN,NaN,NaN,NaN,NaN,46.582,0,3715.1,0.0069644,NaN,NaN,NaN,NaN,NaN,-1,-1,-2.2567,0.40625,-9.3786,-2.8518,3.3067,-3.9007,NaN,NaN,NaN,NaN,NaN
484.09,-16.39,-13.86,24.046,-2.4086,2.8506,-9.4153,-2.4578,1.7533,-3.8431,0,0,0,NaN,NaN,NaN,NaN,NaN,NaN,NaN,NaN,NaN,46.582,0,3715.1,0.0069644,NaN,NaN,NaN,NaN,20.263,98865,21.75,-2.2482,0.40757,-9.3439,-2.3192,3.1852,-3.877,NaN,NaN,NaN,NaN,NaN
484.09,-16.39,-13.844,24.021,-2.3397,0.65742,-7.614,-2.178,5.718,-4.2477,0.68215,0.28721,-0.86019,10.066,21.481,-4.6825,24.18,40.059,-88.55,3.6781e+05,4.4354e+06,318.05,46.582,0,3715.1,0.0069644,NaN,NaN,NaN,NaN,NaN,-1,-1,-2.2431,0.38587,-9.3595,-1.8257,3.276,-3.8681,24.149,0.75023,-0.95578,-2.2665,1.778
484.09,-16.393,-13.838,24.009,-2.4666,0.11661,-9.1024,-2.8608,3.2648,-4.272,0,0,0,NaN,NaN,NaN,NaN,NaN,NaN,NaN,NaN,NaN,46.582,0,3715.1,0.0069644,0.59458,2.2434,0.2203,0.092398,20.32,98845,21.625,-2.2423,0.3746,-9.4094,-1.3054,3.4001,-3.8575,NaN,NaN,NaN,NaN,NaN
484.1,-16.395,-13.829,23.984,-1.9949,1.4391,-11.424,-1.729,5.8707,-4.3015,0,0,0,NaN,NaN,NaN,NaN,NaN,NaN,NaN,NaN,NaN,46.582,0,3715.1,0.0069644,NaN,NaN,NaN,NaN,NaN,-1,-1,-2.2379,0.36071,-9.4264,-0.81437,3.3891,-3.8633,NaN,NaN,NaN,NaN,NaN
484.1,-16.397,-13.833,23.982,-2.0099,-0.21519,-8.0772,-0.2529,4.0531,-4.0936,0.67422,0.28024,-0.854,NaN,NaN,NaN,NaN,NaN,NaN,NaN,NaN,NaN,46.582,0,3715.1,0.0069644,NaN,NaN,NaN,NaN,NaN,-1,-1,-2.2253,0.37411,-9.4019,-0.35919,3.4903,-3.842,NaN,NaN,NaN,NaN,NaN
484.1,-16.396,-13.828,23.97,-2.2875,0.70363,-10.101,-1.1216,2.8148,-4.4792,0,0,0,NaN,NaN,NaN,NaN,NaN,NaN,NaN,NaN,NaN,NaN,0,3712.2,0.0058767,NaN,NaN,NaN,NaN,20.001,98907,21.938,-2.2265,0.38783,-9.4624,0.16285,3.6043,-3.846,NaN,NaN,NaN,NaN,NaN
484.1,-16.393,-13.82,23.956,-2.0832,0.3709,-11.622,-0.56975,4.4613,-4.4618,0,0,0,NaN,NaN,NaN,NaN,NaN,NaN,NaN,NaN,NaN,NaN,0,3712.2,0.0058767,NaN,NaN,NaN,NaN,NaN,-1,-1,-2.2327,0.37364,-9.4882,0.67332,3.8291,-3.8152,NaN,NaN,NaN,NaN,NaN
484.11,-16.375,-13.805,23.933,-2.8487,-1.1368,-10.559,2.7686,5.0132,-4.1076,0.67958,0.28737,-0.85812,NaN,NaN,NaN,NaN,NaN,NaN,NaN,NaN,NaN,NaN,0,3712.2,0.0058767,NaN,NaN,NaN,0.097392,NaN,-1,-1,-2.2293,0.39779,-9.4978,1.0342,3.8612,-3.8048,NaN,NaN,NaN,NaN,NaN
484.11,-16.366,-13.795,23.922,-2.0424,1.4606,-8.0544,2.0155,4.5683,-3.3554,0,0,0,NaN,NaN,NaN,NaN,NaN,NaN,NaN,NaN,NaN,NaN,0,3712.2,0.0058767,NaN,NaN,NaN,NaN,20.035,98865,21.688,-2.248,0.38759,-9.6554,1.4341,3.8369,-3.8108,NaN,NaN,NaN,NaN,NaN
484.11,-16.358,-13.79,23.911,-2.262,0.60017,-10.978,1.7551,3.1231,-3.822,0,0,0,NaN,NaN,NaN,NaN,NaN,NaN,NaN,NaN,NaN,46.543,0,3712.2,0.0058767,NaN,NaN,NaN,NaN,NaN,-1,-1,-2.2482,0.37487,-9.6819,1.7768,3.9643,-3.8239,NaN,NaN,NaN,NaN,NaN
484.11,-16.348,-13.788,23.9,-2.4173,-1.7476,-10.314,2.7186,1.9381,-4.7026,0,0,0,NaN,NaN,NaN,NaN,NaN,NaN,NaN,NaN,NaN,46.543,0,3712.2,0.0058767,NaN,NaN,NaN,NaN,20.122,98918,21.938,-2.248,0.35328,-9.7154,2.0593,4.0215,-3.8465,NaN,NaN,NaN,NaN,NaN
484.12,-16.34,-13.774,23.886,-1.9031,0.35032,-11.113,1.4778,6.7513,-3.8137,0.67233,0.28486,-0.86107,NaN,NaN,NaN,NaN,NaN,NaN,NaN,NaN,NaN,46.543,0,3712.2,0.0058767,NaN,NaN,NaN,NaN,NaN,-1,-1,-2.2384,0.35726,-9.7444,2.3457,3.9821,-3.8778,NaN,NaN,NaN,NaN,NaN
484.12,-16.326,-13.771,23.874,-1.748,0.87587,-8.6735,4.036,2.3526,-4.473,0,0,0,NaN,NaN,NaN,NaN,NaN,NaN,NaN,NaN,NaN,46.543,0,3712.2,0.0058767,0.60006,2.2428,0.22943,0.080744,NaN,-1,-1,-2.2361,0.34587,-9.7666,2.6205,4.1109,-3.8891,NaN,NaN,NaN,NaN,NaN
484.12,-16.312,-13.766,23.863,-3.0834,0.19995,-11.84,4.1837,3.0658,-4.067,0,0,0,NaN,NaN,NaN,NaN,NaN,NaN,NaN,NaN,NaN,46.543,0,3712.2,0.0058767,NaN,NaN,NaN,NaN,19.892,98860,21.688,-2.2273,0.37201,-9.8008,2.9035,4.1661,-3.8894,NaN,NaN,NaN,NaN,NaN
484.12,-16.301,-13.752,23.849,-1.6365,-0.55658,-10.383,2.6268,6.8899,-4.1234,0,0,0,NaN,NaN,NaN,NaN,NaN,NaN,NaN,NaN,NaN,46.543,0,3712.2,0.0058767,NaN,NaN,NaN,NaN,NaN,-1,-1,-2.2339,0.38558,-9.8288,3.2065,4.099,-3.9216,NaN,NaN,NaN,NaN,NaN
484.13,-16.288,-13.751,23.84,-1.8397,2.0469,-10.282,3.9031,0.94418,-3.4655,0.67727,0.28219,-0.86293,NaN,NaN,NaN,NaN,NaN,NaN,NaN,NaN,NaN,46.543,0,3712.2,0.0058767,NaN,NaN,NaN,NaN,NaN,-1,-1,-2.235,0.36091,-9.8855,3.4658,4.3193,-3.9246,NaN,NaN,NaN,NaN,NaN
484.13,-16.269,-13.741,23.828,-3.6308,0.93213,-12.349,6.0583,4.9791,-3.9547,0,0,0,NaN,NaN,NaN,NaN,NaN,NaN,NaN,NaN,NaN,46.543,0,3712.2,0.0058767,NaN,NaN,NaN,NaN,19.854,98903,21.875,-2.2296,0.37364,-9.8773,3.6596,4.4059,-3.9232,NaN,NaN,NaN,NaN,NaN
484.13,-16.252,-13.725,23.816,-1.7677,-0.60303,-9.4937,5.0143,7.374,-3.1847,0,0,0,NaN,NaN,NaN,NaN,NaN,NaN,NaN,NaN,NaN,46.543,0,3712.2,0.0058767,NaN,NaN,NaN,NaN,NaN,-1,-1,-2.2355,0.37436,-9.9208,3.8373,4.2649,-3.9544,NaN,NaN,NaN,NaN,NaN
484.13,-16.227,-13.72,23.796,-2.618,-0.91055,-12.614,4.0276,1.2,-3.7901,0.68207,0.27964,-0.8625,NaN,NaN,NaN,NaN,NaN,NaN,NaN,NaN,NaN,46.543,0,3712.2,0.0058767,0.58801,2.2279,0.22091,0.10738,19.392,98873,21.75,-2.2259,0.32462,-9.9551,4.1257,4.3739,-3.8224,NaN,NaN,NaN,NaN,NaN
484.14,-16.216,-13.703,23.782,-2.282,-0.48419,-12.002,2.8743,7.9689,-3.7359,0,0,0,NaN,NaN,NaN,NaN,NaN,NaN,NaN,NaN,NaN,46.543,0,3712.2,0.0058767,NaN,NaN,NaN,NaN,NaN,-1,-1,-2.2151,0.31869,-9.9969,4.1726,4.3044,-3.8389,NaN,NaN,NaN,NaN,NaN
484.14,-16.2,-13.696,23.771,-1.2755,0.27826,-8.5939,4.7016,3.8045,-3.8905,0,0,0,NaN,NaN,NaN,NaN,NaN,NaN,NaN,NaN,NaN,46.543,0,3712.2,0.0058767,NaN,NaN,NaN,NaN,NaN,-1,-1,-2.2162,0.33223,-10.022,4.2881,4.3828,-3.872,NaN,NaN,NaN,NaN,NaN
484.14,-16.187,-13.696,23.761,-2.525,0.73513,-11.688,4.1032,0.92149,-3.8654,0,0,0,NaN,NaN,NaN,NaN,NaN,NaN,NaN,NaN,NaN,46.543,0,3712.2,0.0058767,NaN,NaN,NaN,NaN,19.643,98880,21.75,-2.2143,0.30589,-10.07,4.3474,4.5552,-3.8792,NaN,NaN,NaN,NaN,NaN
484.14,-16.175,-13.685,23.748,-2.634,-0.25396,-13.813,3.0904,5.3637,-4.1025,0.68681,0.27969,-0.85977,NaN,NaN,NaN,NaN,NaN,NaN,NaN,NaN,NaN,46.543,0,3712.2,0.0058767,0.60499,2.241,0.23977,0.064096,NaN,-1,-1,-2.2084,0.30887,-10.1,4.547,4.1869,-3.7451,NaN,NaN,NaN,NaN,NaN
484.15,-16.163,-13.67,23.736,-1.3888,1.1597,-8.8813,3.2031,7.0956,-3.3533,0,0,0,NaN,NaN,NaN,NaN,NaN,NaN,NaN,NaN,NaN,46.543,0,3712.2,0.0058767,NaN,NaN,NaN,NaN,NaN,-1,-1,-2.207,0.34415,-10.15,4.5449,4.1636,-3.7178,NaN,NaN,NaN,NaN,NaN
484.15,-16.147,-13.669,23.727,-2.7211,1.3662,-10.283,5.1152,1.1891,-3.6975,0,0,0,NaN,NaN,NaN,NaN,NaN,NaN,NaN,NaN,NaN,46.543,0,3712.2,0.0058767,NaN,NaN,NaN,NaN,19.893,98897,21.813,-2.2068,0.3375,-10.183,4.5218,4.3067,-3.689,NaN,NaN,NaN,NaN,NaN
484.15,-16.132,-13.661,23.717,-2.6393,-0.041141,-12.824,4.8023,4.0996,-3.3927,0,0,0,NaN,NaN,NaN,NaN,NaN,NaN,NaN,NaN,NaN,46.543,0,3712.2,0.0058767,NaN,NaN,NaN,NaN,NaN,-1,-1,-2.2126,0.34651,-10.222,4.4549,4.0583,-3.6731,NaN,NaN,NaN,NaN,NaN
484.15,-16.119,-13.647,23.703,-2.3586,0.98681,-8.5757,3.3747,6.9284,-3.9665,0.67746,0.27945,-0.86752,NaN,NaN,NaN,NaN,NaN,NaN,NaN,NaN,NaN,46.543,0,3712.2,0.0058767,NaN,NaN,NaN,NaN,19.749,98891,21.813,-2.2076,0.3344,-10.247,4.3308,4.1372,-3.6746,NaN,NaN,NaN,NaN,NaN
484.16,-16.106,-13.645,23.694,-1.7899,-1.1865,-9.6261,3.9118,1.2735,-3.5681,0,0,0,NaN,NaN,NaN,NaN,NaN,NaN,NaN,NaN,NaN,46.543,0,3712.2,0.0058767,NaN,NaN,NaN,NaN,NaN,-1,-1,-2.1959,0.31254,-10.288,4.1855,4.2389,-3.6562,NaN,NaN,NaN,NaN,NaN
484.16,-16.096,-13.641,23.684,-2.6346,-0.90221,-12.752,2.7227,2.7619,-3.6802,0,0,0,NaN,NaN,NaN,NaN,NaN,NaN,NaN,NaN,NaN,46.543,0,3712.2,0.0058767,NaN,NaN,NaN,NaN,NaN,-1,-1,-2.1967,0.31529,-10.325,4.0193,4.039,-3.6833,NaN,NaN,NaN,NaN,NaN
484.16,-16.08,-13.627,23.672,-2.0221,1.0853,-10.512,4.9551,6.3606,-3.7078,0,0,0,NaN,NaN,NaN,NaN,NaN,NaN,NaN,NaN,NaN,46.543,0,3712.2,0.0058767,NaN,NaN,NaN,NaN,19.584,98919,21.938,-2.1912,0.30841,-10.374,3.842,4.0196,-3.6848,NaN,NaN,NaN,NaN,NaN
484.16,-16.064,-13.622,23.661,-1.5561,0.063679,-9.8378,4.766,3.0807,-3.7848,0.67726,0.27709,-0.86523,NaN,NaN,NaN,NaN,NaN,NaN,NaN,NaN,NaN,46.543,0,3712.2,0.0058767,NaN,NaN,NaN,NaN,NaN,-1,-1,-2.1825,0.30712,-10.411,3.7545,4.2008,-3.6736,NaN,NaN,NaN,NaN,NaN
484.17,-16.041,-13.606,23.639,-2.0178,2.2203,-12.071,3.204,5.2148,-3.3489,0,0,0,NaN,NaN,NaN,NaN,NaN,NaN,NaN,NaN,NaN,46.543,0,3712.2,0.0058767,NaN,NaN,NaN,NaN,NaN,-1,-1,-2.1898,0.28287,-10.455,3.6696,4.0479,-3.6512,NaN,NaN,NaN,NaN,NaN
484.17,-16.023,-13.6,23.628,-2.6596,1.2599,-10.908,5.9408,3.4767,-3.6068,0,0,0,NaN,NaN,NaN,NaN,NaN,NaN,NaN,NaN,NaN,46.543,0,3712.2,0.0058767,NaN,NaN,NaN,0.049112,19.709,98905,21.875,-2.1713,0.29702,-10.491,3.4367,4.0255,-3.627,NaN,NaN,NaN,NaN,NaN
484.17,-16.007,-13.591,23.619,-2.1199,-0.75684,-11.109,4.8113,4.3363,-3.0946,0.67704,0.26964,-0.86526,NaN,NaN,NaN,NaN,NaN,NaN,NaN,NaN,NaN,46.543,0,3712.2,0.0058767,NaN,NaN,NaN,0.049112,NaN,-1,-1,-2.1833,0.30941,-10.543,3.3091,3.8891,-3.6424,NaN,NaN,NaN,NaN,NaN
484.17,-15.995,-13.579,23.606,-2.223,0.64163,-9.4095,3.3928,5.8838,-3.7983,0,0,0,NaN,NaN,NaN,NaN,NaN,NaN,NaN,NaN,NaN,46.543,0,3712.2,0.0058767,NaN,NaN,NaN,NaN,19.389,98872,21.688,-2.183,0.29353,-10.576,3.0837,3.9717,-3.6372,NaN,NaN,NaN,NaN,NaN
484.18,-15.975,-13.566,23.585,-2.3942,-1.4651,-10.982,2.4521,3.6046,-3.9968,0,0,0,NaN,NaN,NaN,NaN,NaN,NaN,NaN,NaN,NaN,46.543,0,3712.2,0.0058767,NaN,NaN,NaN,NaN,NaN,-1,-1,-2.1684,0.27483,-10.581,2.8563,3.9518,-3.6441,NaN,NaN,NaN,NaN,NaN
484.18,-15.966,-13.557,23.574,-1.5997,1.2676,-11.046,2.1871,4.3189,-3.4879,0.6721,0.27232,-0.8634,NaN,NaN,NaN,NaN,NaN,NaN,NaN,NaN,NaN,46.543,0,3712.2,0.0058767,NaN,NaN,NaN,NaN,NaN,-1,-1,-2.1674,0.27751,-10.625,2.6735,3.8566,-3.6744,NaN,NaN,NaN,NaN,NaN
484.18,-15.956,-13.555,23.564,-1.9041,0.28114,-11.669,2.9772,1.765,-3.7587,0,0,0,NaN,NaN,NaN,NaN,NaN,NaN,NaN,NaN,NaN,46.543,0,3712.2,0.0058767,NaN,NaN,NaN,NaN,19.459,98875,21.813,-2.17,0.23887,-10.687,2.4723,3.9193,-3.6742,NaN,NaN,NaN,NaN,NaN
484.18,-15.947,-13.542,23.551,-2.4505,-0.41972,-11.791,1.9289,6.453,-4.0796,0,0,0,NaN,NaN,NaN,NaN,NaN,NaN,NaN,NaN,NaN,46.543,0,3712.2,0.0058767,0.66357,2.1479,0.29272,-0.019978,NaN,-1,-1,-2.1481,0.24574,-10.704,2.2727,3.9388,-3.6502,NaN,NaN,NaN,NaN,NaN
484.19,-15.94,-13.528,23.538,-1.745,0.92244,-9.3623,1.1753,6.4578,-3.59,0,0,0,NaN,NaN,NaN,NaN,NaN,NaN,NaN,NaN,NaN,46.543,0,3712.2,0.0058767,NaN,NaN,NaN,NaN,NaN,-1,-1,-2.1603,0.28013,-10.753,2.2022,3.8314,-3.6575,NaN,NaN,NaN,NaN,NaN
484.19,-15.93,-13.533,23.531,-2.4029,1.8601,-10.931,2.8618,-1.3368,-3.6899,0.67231,0.27468,-0.86568,NaN,NaN,NaN,NaN,NaN,NaN,NaN,NaN,NaN,46.543,0,3712.2,0.0058767,NaN,NaN,NaN,NaN,19.606,98915,21.938,-2.1471,0.26461,-10.804,2.0378,4.0341,-3.6234,NaN,NaN,NaN,NaN,NaN
484.19,-15.919,-13.522,23.52,-3.0529,-0.72532,-14.623,2.7623,5.5996,-3.5399,0,0,0,NaN,NaN,NaN,NaN,NaN,NaN,NaN,NaN,NaN,46.543,0,3712.2,0.0058767,NaN,NaN,NaN,NaN,19.562,98886,21.813,-2.1489,0.27982,-10.832,1.8857,3.7934,-3.6218,NaN,NaN,NaN,NaN,NaN
484.19,-15.909,-13.501,23.498,-2.1548,0.42053,-9.2327,0.57175,0.58178,-3.5942,0,0,0,NaN,NaN,NaN,NaN,NaN,NaN,NaN,NaN,NaN,46.543,0,3712.2,0.0058767,NaN,NaN,NaN,NaN,NaN,-1,-1,-2.141,0.28621,-10.844,1.6034,4.0626,-3.6229,NaN,NaN,NaN,NaN,NaN
484.2,-15.904,-13.503,23.49,-2.4984,-1.6603,-14.29,0.64876,-0.045436,-3.8651,0.66742,0.26965,-0.86842,NaN,NaN,NaN,NaN,NaN,NaN,NaN,NaN,NaN,46.543,0,3712.2,0.0058767,0.58199,2.2237,0.20934,0.1182,NaN,-1,-1,-2.1424,0.28359,-10.903,1.4205,3.9264,-3.6409,NaN,NaN,NaN,NaN,NaN
484.2,-15.901,-13.479,23.475,-2.135,0.49083,-10.994,-0.83279,10.661,-3.3756,0,0,0,NaN,NaN,NaN,NaN,NaN,NaN,NaN,NaN,NaN,46.543,0,3712.2,0.0058767,NaN,NaN,NaN,NaN,NaN,-1,-1,-2.1284,0.27922,-10.894,1.2693,3.7828,-3.6352,NaN,NaN,NaN,NaN,NaN
484.2,-15.895,-13.476,23.466,-1.1152,0.73582,-8.4579,1.4335,1.8888,-3.5268,0,0,0,NaN,NaN,NaN,NaN,NaN,NaN,NaN,NaN,NaN,46.543,0,3712.2,0.0058767,NaN,NaN,NaN,NaN,19.267,98920,21.938,-2.1289,0.30129,-10.933,1.1186,4.0006,-3.6414,NaN,NaN,NaN,NaN,NaN
484.2,-15.889,-13.478,23.457,-2.7573,0.092422,-12.856,0.95821,0.12473,-4.0142,0,0,0,NaN,NaN,NaN,NaN,NaN,NaN,NaN,NaN,NaN,46.543,0,3712.2,0.0058767,NaN,NaN,NaN,NaN,NaN,-1,-1,-2.1311,0.28195,-10.966,0.97666,4.0931,-3.6148,NaN,NaN,NaN,NaN,NaN
484.21,-15.885,-13.457,23.442,-2.2546,0.029932,-12.323,-0.034148,9.6836,-3.773,0.67717,0.26952,-0.86754,NaN,NaN,NaN,NaN,NaN,NaN,NaN,NaN,NaN,46.543,0,3712.2,0.0058767,0.60115,2.232,0.23916,0.07242,NaN,-1,-1,-2.1228,0.29721,-10.977,0.90061,3.8388,-3.6019,NaN,NaN,NaN,NaN,NaN
484.21,-15.878,-13.451,23.432,-1.8757,1.6185,-8.7482,1.2351,3.1293,-3.3333,0,0,0,NaN,NaN,NaN,NaN,NaN,NaN,NaN,NaN,NaN,46.543,0,3712.2,0.0058767,NaN,NaN,NaN,NaN,19.77,98910,21.875,-2.1264,0.30851,-11.031,0.83612,4.0356,-3.574,NaN,NaN,NaN,NaN,NaN
484.21,-15.87,-13.452,23.424,-2.8404,0.031331,-12.08,2.2984,0.31581,-3.7616,0,0,0,NaN,NaN,NaN,NaN,NaN,NaN,NaN,NaN,NaN,46.582,0,3715.1,0.0069644,NaN,NaN,NaN,NaN,NaN,-1,-1,-2.1232,0.28949,-11.044,0.77931,4.0955,-3.5591,NaN,NaN,NaN,NaN,NaN
484.21,-15.863,-13.434,23.412,-2.0157,0.96363,-11.494,1.023,8.011,-2.7913,0,0,0,NaN,NaN,NaN,NaN,NaN,NaN,NaN,NaN,NaN,46.582,0,3715.1,0.0069644,NaN,NaN,NaN,NaN,19.541,98928,21.938,-2.1107,0.30734,-11.063,0.74513,3.8689,-3.5351,NaN,NaN,NaN,NaN,NaN
484.22,-15.858,-13.425,23.401,-2.0373,0.49135,-8.8058,0.63552,4.6685,-3.5806,0.67475,0.27464,-0.86546,NaN,NaN,NaN,NaN,NaN,NaN,NaN,NaN,NaN,46.582,0,3715.1,0.0069644,NaN,NaN,NaN,NaN,NaN,-1,-1,-2.1181,0.30555,-11.096,0.67204,3.9071,-3.514,NaN,NaN,NaN,NaN,NaN
484.22,-15.854,-13.43,23.394,-1.9147,-1.58,-11.274,0.36841,-1.1382,-3.7146,0,0,0,NaN,NaN,NaN,NaN,NaN,NaN,NaN,NaN,NaN,46.582,0,3715.1,0.0069644,NaN,NaN,NaN,NaN,NaN,-1,-1,-2.1079,0.29953,-11.116,0.65873,4.0411,-3.5082,NaN,NaN,NaN,NaN,NaN
484.22,-15.854,-13.411,23.381,-2.5076,0.20188,-12.694,-1.2882,8.5223,-3.2533,0,0,0,NaN,NaN,NaN,NaN,NaN,NaN,NaN,NaN,NaN,46.582,0,3715.1,0.0069644,0.60937,2.1032,0.2988,0.044118,19.432,98910,21.813,-2.1052,0.30975,-11.121,0.7274,3.8675,-3.4818,NaN,NaN,NaN,NaN,NaN
484.22,-15.845,-13.404,23.37,-1.6595,1.3701,-8.9748,2.1601,3.5868,-3.6976,0,0,0,NaN,NaN,NaN,NaN,NaN,NaN,NaN,NaN,NaN,46.582,0,3715.1,0.0069644,NaN,NaN,NaN,NaN,NaN,-1,-1,-2.1075,0.3228,-11.14,0.80891,3.9069,-3.4465,NaN,NaN,NaN,NaN,NaN
484.23,-15.837,-13.39,23.35,-1.8991,-0.50981,-11.06,-0.57187,5.5877,-3.4962,0,0,0,NaN,NaN,NaN,NaN,NaN,NaN,NaN,NaN,NaN,46.582,0,3715.1,0.0069644,NaN,NaN,NaN,NaN,19.156,98883,21.75,-2.1002,0.3256,-11.135,1.0261,4.0301,-3.392,NaN,NaN,NaN,NaN,NaN
484.23,-15.832,-13.382,23.34,-1.9737,2.4063,-11.033,0.35157,4.0642,-3.2911,0,0,0,NaN,NaN,NaN,NaN,NaN,NaN,NaN,NaN,NaN,46.582,0,3715.1,0.0069644,NaN,NaN,NaN,NaN,NaN,-1,-1,-2.1036,0.33622,-11.157,1.2049,3.9921,-3.3427,NaN,NaN,NaN,NaN,NaN
484.23,-15.822,-13.377,23.33,-2.8723,0.23642,-10.356,2.7405,2.6802,-3.6499,0,0,0,NaN,NaN,NaN,NaN,NaN,NaN,NaN,NaN,NaN,46.582,0,3715.1,0.0069644,0.65152,2.1318,0.29272,NaN,NaN,-1,-1,-2.1034,0.32222,-11.163,1.3971,4.0773,-3.2862,NaN,NaN,NaN,NaN,NaN
484.23,-15.815,-13.366,23.321,-2.2039,0.070645,-11.64,1.799,5.3205,-2.5686,0.66234,0.26736,-0.86658,NaN,NaN,NaN,NaN,NaN,NaN,NaN,NaN,NaN,46.582,0,3715.1,0.0069644,NaN,NaN,NaN,0.010821,19.412,98900,21.813,-2.091,0.31899,-11.154,1.6001,4.0345,-3.2501,NaN,NaN,NaN,NaN,NaN
484.24,-15.809,-13.356,23.31,-1.7819,0.71911,-7.9178,0.6726,4.8326,-3.514,0,0,0,NaN,NaN,NaN,NaN,NaN,NaN,NaN,NaN,NaN,46.582,0,3715.1,0.0069644,NaN,NaN,NaN,NaN,NaN,-1,-1,-2.0972,0.3304,-11.174,1.9901,4.1465,-3.2678,NaN,NaN,NaN,NaN,NaN
484.24,-15.802,-13.358,23.302,-2.4866,0.016312,-11.718,1.7692,-0.2556,-3.6005,0,0,0,NaN,NaN,NaN,NaN,NaN,NaN,NaN,NaN,NaN,46.582,0,3715.1,0.0069644,NaN,NaN,NaN,NaN,NaN,-1,-1,-2.091,0.32456,-11.2,2.1666,4.0313,-3.2148,NaN,NaN,NaN,NaN,NaN
484.24,-15.798,-13.342,23.291,-2.5916,-1.4434,-11.195,0.29628,7.1931,-3.1265,0,0,0,NaN,NaN,NaN,NaN,NaN,NaN,NaN,NaN,NaN,46.582,0,3715.1,0.0069644,NaN,NaN,NaN,NaN,19.457,98885,21.813,-2.0869,0.33093,-11.164,2.3277,4.0548,-3.1908,NaN,NaN,NaN,NaN,NaN
484.24,-15.778,-13.337,23.273,-2.8996,0.23667,-10.997,2.5496,0.76576,-3.5336,0,0,0,NaN,NaN,NaN,NaN,NaN,NaN,NaN,NaN,NaN,46.582,0,3715.1,0.0069644,NaN,NaN,NaN,NaN,NaN,-1,-1,-2.0827,0.34548,-11.181,2.525,4.1004,-3.1325,NaN,NaN,NaN,NaN,NaN
484.25,-15.77,-13.319,23.261,-1.4103,0.052789,-11.424,1.6332,7.9932,-3.0819,0,0,0,NaN,NaN,NaN,NaN,NaN,NaN,NaN,NaN,NaN,46.582,0,3715.1,0.0069644,NaN,NaN,NaN,NaN,NaN,-1,-1,-2.0928,0.33999,-11.219,2.7976,3.9736,-3.0608,NaN,NaN,NaN,NaN,NaN
484.25,-15.746,-13.317,23.247,-2.9085,2.0787,-12.87,4.846,-0.42502,-2.8579,0.66283,0.27456,-0.87113,NaN,NaN,NaN,NaN,NaN,NaN,NaN,NaN,NaN,46.582,0,3715.1,0.0069644,NaN,NaN,NaN,NaN,19.664,98903,21.813,-2.0866,0.35808,-11.203,3.2816,4.0945,-3.0528,NaN,NaN,NaN,NaN,NaN
484.25,-15.732,-13.299,23.236,-2.5232,-0.14746,-12.388,4.5689,7.9114,-2.3504,0,0,0,NaN,NaN,NaN,NaN,NaN,NaN,NaN,NaN,NaN,46.582,0,3715.1,0.0069644,NaN,NaN,NaN,NaN,19.478,98904,21.875,-2.0805,0.36611,-11.188,3.4932,3.8591,-2.9772,NaN,NaN,NaN,NaN,NaN
484.25,-15.718,-13.288,23.226,-1.6531,0.96595,-6.0445,3.9202,5.4759,-2.9192,0,0,0,NaN,NaN,NaN,NaN,NaN,NaN,NaN,NaN,NaN,46.582,0,3715.1,0.0069644,NaN,NaN,NaN,NaN,NaN,-1,-1,-2.0896,0.34381,-11.205,3.6344,3.6524,-2.8914,NaN,NaN,NaN,NaN,NaN
484.26,-15.708,-13.293,23.222,-2.3629,-0.3981,-12.211,3.4926,-1.5594,-2.7593,0,0,0,NaN,NaN,NaN,NaN,NaN,NaN,NaN,NaN,NaN,46.582,0,3715.1,0.0069644,NaN,NaN,NaN,NaN,NaN,-1,-1,-2.0819,0.35357,-11.193,3.8084,3.8229,-2.8041,NaN,NaN,NaN,NaN,NaN
484.26,-15.695,-13.285,23.213,-2.6882,-0.644,-13.154,3.8294,3.7822,-2.9055,0.66505,0.26708,-0.87094,NaN,NaN,NaN,NaN,NaN,NaN,NaN,NaN,NaN,46.582,0,3715.1,0.0069644,0.65645,2.1312,0.29211,-0.010821,NaN,-1,-1,-2.0774,0.37708,-11.201,4.003,3.7204,-2.7367,NaN,NaN,NaN,NaN,NaN
484.26,-15.68,-13.265,23.201,-1.3295,0.27298,-10.121,4.6019,8.8213,-2.7084,0,0,0,NaN,NaN,NaN,NaN,NaN,NaN,NaN,NaN,NaN,46.582,0,3715.1,0.0069644,NaN,NaN,NaN,NaN,19.642,98843,21.625,-2.0842,0.37124,-11.215,4.191,3.4875,-2.6883,NaN,NaN,NaN,NaN,NaN
484.26,-15.665,-13.271,23.197,-1.7783,0.81953,-8.7847,5.0941,-2.2111,-2.7181,0,0,0,NaN,NaN,NaN,NaN,NaN,NaN,NaN,NaN,NaN,46.582,0,3715.1,0.0069644,NaN,NaN,NaN,NaN,NaN,-1,-1,-2.0841,0.38555,-11.179,4.3749,3.6595,-2.608,NaN,NaN,NaN,NaN,NaN
484.27,-15.651,-13.262,23.188,-2.188,0.22477,-13.754,4.3647,4.4374,-2.812,0,0,0,NaN,NaN,NaN,NaN,NaN,NaN,NaN,NaN,NaN,46.582,0,3715.1,0.0069644,NaN,NaN,NaN,NaN,NaN,-1,-1,-2.0947,0.38759,-11.198,4.5961,3.5606,-2.5288,NaN,NaN,NaN,NaN,NaN
484.27,-15.635,-13.244,23.177,-2.2739,0.28002,-11.584,5.0392,7.8997,-2.6158,0.66052,0.26938,-0.87594,NaN,NaN,NaN,NaN,NaN,NaN,NaN,NaN,NaN,46.582,0,3715.1,0.0069644,0.5809,2.2267,0.21056,0.11321,19.915,98907,21.875,-2.0812,0.37991,-11.173,4.8957,3.2409,-2.4585,NaN,NaN,NaN,NaN,NaN
484.27,-15.617,-13.242,23.171,-2.1357,2.0748,-8.4616,5.9136,1.1595,-2.5168,0,0,0,NaN,NaN,NaN,NaN,NaN,NaN,NaN,NaN,NaN,46.582,0,3715.1,0.0069644,0.5809,2.2267,0.21056,0.11321,19.707,98912,21.875,-2.0836,0.39718,-11.151,5.0686,3.4196,-2.3652,NaN,NaN,NaN,NaN,NaN
484.27,-15.596,-13.24,23.166,-2.191,0.56676,-14.351,7.6342,1.437,-1.9128,0,0,0,NaN,NaN,NaN,NaN,NaN,NaN,NaN,NaN,NaN,46.582,0,3715.1,0.0069644,NaN,NaN,NaN,NaN,NaN,-1,-1,-2.0695,0.3843,-11.094,5.2402,3.4218,-2.2915,NaN,NaN,NaN,NaN,NaN
484.28,-15.577,-13.222,23.156,-2.7261,0.64407,-9.3571,6.5404,7.6841,-2.451,0,0,0,NaN,NaN,NaN,NaN,NaN,NaN,NaN,NaN,NaN,46.582,0,3715.1,0.0069644,NaN,NaN,NaN,NaN,NaN,-1,-1,-2.0593,0.38395,-11.079,5.4422,3.0926,-2.222,NaN,NaN,NaN,NaN,NaN
484.28,-15.56,-13.214,23.149,-1.6844,-0.041522,-9.8027,5.7134,3.9061,-2.123,0.66546,0.2718,-0.8755,NaN,NaN,NaN,NaN,NaN,NaN,NaN,NaN,NaN,46.582,0,3715.1,0.0069644,NaN,NaN,NaN,NaN,19.998,98929,21.938,-2.0616,0.39941,-11.072,5.4791,3.2771,-2.1509,NaN,NaN,NaN,NaN,NaN
484.28,-15.544,-13.217,23.143,-2.19,-0.92628,-12.014,5.5097,-0.76335,-2.8294,0,0,0,NaN,NaN,NaN,NaN,NaN,NaN,NaN,NaN,NaN,46.582,0,3715.1,0.0069644,NaN,NaN,NaN,NaN,19.539,98900,21.813,-2.0666,0.40479,-11.107,5.6764,3.1561,-2.1238,NaN,NaN,NaN,NaN,NaN
484.28,-15.506,-13.194,23.127,-1.8589,1.0257,-9.7326,6.9566,4.4809,-2.0099,0,0,0,NaN,NaN,NaN,NaN,NaN,NaN,NaN,NaN,NaN,46.582,0,3715.1,0.0069644,0.59623,2.232,0.21665,0.097392,NaN,-1,-1,-2.0706,0.42109,-11.069,5.7999,3.1101,-2.0804,NaN,NaN,NaN,NaN,NaN
484.29,-15.487,-13.189,23.119,-1.5422,0.26726,-10.942,6.3541,2.5621,-2.798,0.6702,0.27185,-0.87277,NaN,NaN,NaN,NaN,NaN,NaN,NaN,NaN,NaN,46.582,0,3715.1,0.0069644,NaN,NaN,NaN,NaN,NaN,-1,-1,-2.0476,0.41851,-11.004,5.9108,3.2436,-2.0155,NaN,NaN,NaN,NaN,NaN
484.29,-15.47,-13.179,23.111,-2.4564,-0.1396,-13.09,5.9081,4.2363,-2.4184,0,0,0,NaN,NaN,NaN,NaN,NaN,NaN,NaN,NaN,NaN,46.582,0,3715.1,0.0069644,NaN,NaN,NaN,NaN,NaN,-1,-1,-2.059,0.42189,-11.021,6.0479,3.1776,-1.9816,NaN,NaN,NaN,NaN,NaN
484.29,0,0,0,0,0,0,0,0,0,0,0,0,NaN,NaN,NaN,NaN,NaN,NaN,NaN,NaN,NaN,46.582,0,3715.1,0.0069644,NaN,NaN,NaN,NaN,19.62,98892,21.75,-2.0554,0.42019,-11.008,6.1199,3.0926,-1.9165,NaN,NaN,NaN,NaN,NaN
484.29,-15.449,-13.171,23.105,-2.1707,2.5785,-11.308,7.3457,3.678,-2.0452,0,0,0,NaN,NaN,NaN,NaN,NaN,NaN,NaN,NaN,NaN,46.582,0,3715.1,0.0069644,NaN,NaN,NaN,NaN,NaN,-1,-1,-2.0608,0.43566,-10.998,6.119,3.2833,-1.9047,NaN,NaN,NaN,NaN,NaN
484.3,-15.404,-13.152,23.093,-2.2203,0.83074,-10.329,7.7188,4.3744,-1.4079,0.67486,0.26433,-0.87235,NaN,NaN,NaN,NaN,NaN,NaN,NaN,NaN,NaN,46.582,0,3715.1,0.0069644,NaN,NaN,NaN,0.089068,NaN,-1,-1,-2.0544,0.44223,-10.994,6.1439,3.1695,-1.8872,NaN,NaN,NaN,NaN,NaN
484.3,-15.385,-13.142,23.086,-1.9834,0.68361,-11.187,6.5004,4.4992,-1.8261,0,0,0,NaN,NaN,NaN,NaN,NaN,NaN,NaN,NaN,NaN,46.582,0,3715.1,0.0069644,NaN,NaN,NaN,NaN,19.519,98915,21.875,-2.0595,0.43714,-10.977,6.0907,3.1022,-1.8815,NaN,NaN,NaN,NaN,NaN
484.3,-15.367,-13.14,23.081,-2.0741,-2.0365,-11.799,6.4629,1.4669,-2.2874,0,0,0,NaN,NaN,NaN,NaN,NaN,NaN,NaN,NaN,NaN,46.582,0,3715.1,0.0069644,NaN,NaN,NaN,NaN,NaN,-1,-1,-2.0583,0.44894,-10.979,5.9988,3.09,-1.8883,NaN,NaN,NaN,NaN,NaN
484.3,0,0,0,0,0,0,0,0,0,0,0,0,NaN,NaN,NaN,NaN,NaN,NaN,NaN,NaN,NaN,46.582,0,3715.1,0.0069644,NaN,NaN,NaN,NaN,20.204,98935,22,-2.0605,0.47129,-10.984,5.84,3.2711,-1.895,NaN,NaN,NaN,NaN,NaN
484.31,-15.35,-13.127,23.074,-1.7155,1.0624,-12.534,5.5606,5.3099,-1.806,0,0,0,NaN,NaN,NaN,NaN,NaN,NaN,NaN,NaN,NaN,46.582,0,3715.1,0.0069644,NaN,NaN,NaN,NaN,NaN,-1,-1,-2.0657,0.48305,-10.96,5.8297,3.0588,-1.8922,NaN,NaN,NaN,NaN,NaN
484.31,-15.328,-13.121,23.066,-1.966,1.2467,-11.34,7.9551,3.1941,-2.443,0.67527,0.26905,-0.87692,NaN,NaN,NaN,NaN,NaN,NaN,NaN,NaN,NaN,46.582,0,3715.1,0.0069644,0.60882,2.2386,0.2349,0.077414,NaN,-1,-1,-2.0728,0.48641,-10.932,5.7926,3.2195,-1.8755,NaN,NaN,NaN,NaN,NaN
484.31,-15.292,-13.104,23.052,-1.829,0.27982,-12.749,5.475,2.8168,-2.0773,0,0,0,NaN,NaN,NaN,NaN,NaN,NaN,NaN,NaN,NaN,46.582,0,3715.1,0.0069644,NaN,NaN,NaN,NaN,20.098,98917,21.875,-2.0619,0.47567,-10.913,5.714,3.2694,-1.8824,NaN,NaN,NaN,NaN,NaN
484.31,-15.272,-13.098,23.048,-2.3208,2.921,-13.317,7.0279,2.5976,-1.5973,0,0,0,NaN,NaN,NaN,NaN,NaN,NaN,NaN,NaN,NaN,46.582,0,3715.1,0.0069644,NaN,NaN,NaN,NaN,NaN,-1,-1,-2.0626,0.49238,-10.861,5.5844,3.2083,-1.9015,NaN,NaN,NaN,NaN,NaN
484.32,-15.232,-13.083,23.044,-1.3335,-0.21996,-10.515,6.9594,4.0968,-1.5053,0,0,0,NaN,NaN,NaN,NaN,NaN,NaN,NaN,NaN,NaN,46.582,0,3715.1,0.0069644,NaN,NaN,NaN,NaN,NaN,-1,-1,-2.0608,0.50134,-10.859,5.4679,3.1567,-1.9106,NaN,NaN,NaN,NaN,NaN
484.32,-15.215,-13.08,23.038,-2.4868,1.2531,-11.079,5.9611,1.6635,-2.3365,0,0,0,NaN,NaN,NaN,NaN,NaN,NaN,NaN,NaN,NaN,46.582,0,3715.1,0.0069644,NaN,NaN,NaN,NaN,19.574,98857,21.563,-2.0651,0.48383,-10.849,5.3147,3.4736,-1.9323,NaN,NaN,NaN,NaN,NaN
484.32,-15.198,-13.072,23.032,-1.9861,-0.9448,-13.865,5.8363,3.6472,-1.9769,0,0,0,NaN,NaN,NaN,NaN,NaN,NaN,NaN,NaN,NaN,46.621,0,3716.5,0.0080533,0.65152,2.142,0.2848,0.021643,19.581,98898,21.813,-2.0579,0.49406,-10.801,5.1647,3.2101,-1.9724,NaN,NaN,NaN,NaN,NaN
484.32,-15.184,-13.055,23.022,-1.9514,-0.67747,-10.784,4.3034,7.4793,-2.2565,0.67276,0.2666,-0.87714,NaN,NaN,NaN,NaN,NaN,NaN,NaN,NaN,NaN,46.621,0,3716.5,0.0080533,NaN,NaN,NaN,NaN,NaN,-1,-1,-2.0677,0.50014,-10.826,5.0022,3.1744,-2.0112,NaN,NaN,NaN,NaN,NaN
484.33,-15.165,-13.054,23.017,-1.7265,1.8246,-10.852,6.5976,0.47309,-2.0518,0,0,0,NaN,NaN,NaN,NaN,NaN,NaN,NaN,NaN,NaN,46.621,0,3716.5,0.0080533,NaN,NaN,NaN,NaN,NaN,-1,-1,-2.0664,0.49636,-10.803,4.8872,3.3839,-2.0493,NaN,NaN,NaN,NaN,NaN
484.33,-15.148,-13.049,23.011,-2.5885,0.77548,-12.893,5.9861,2.584,-2.3283,0,0,0,NaN,NaN,NaN,NaN,NaN,NaN,NaN,NaN,NaN,46.621,0,3716.5,0.0080533,NaN,NaN,NaN,NaN,NaN,-1,-1,-2.0829,0.50558,-10.84,4.792,3.4018,-2.0833,NaN,NaN,NaN,NaN,NaN
484.33,-15.134,-13.035,23.001,-1.8454,-0.69105,-12.938,4.1482,6.5398,-2.5878,0,0,0,NaN,NaN,NaN,NaN,NaN,NaN,NaN,NaN,NaN,46.621,0,3716.5,0.0080533,0.59732,2.1247,0.2988,0.026637,19.416,98880,21.813,-2.0855,0.50741,-10.825,4.7631,3.2504,-2.0944,NaN,NaN,NaN,NaN,NaN
484.33,-15.103,-13.025,22.989,-2.8147,1.0637,-13.285,6.5746,0.89576,-2.4034,0,0,0,NaN,NaN,NaN,NaN,NaN,NaN,NaN,NaN,NaN,46.621,0,3716.5,0.0080533,0.59732,2.1247,0.2988,0.026637,NaN,-1,-1,-2.0844,0.51312,-10.77,4.6656,3.4484,-2.1294,NaN,NaN,NaN,NaN,NaN
484.34,-15.089,-13.011,22.983,-2.4332,-0.46352,-12.821,4.5532,5.6062,-1.6714,0,0,0,NaN,NaN,NaN,NaN,NaN,NaN,NaN,NaN,NaN,46.621,0,3716.5,0.0080533,NaN,NaN,NaN,NaN,NaN,-1,-1,-2.0856,0.5304,-10.743,4.556,3.4916,-2.1441,NaN,NaN,NaN,NaN,NaN
484.34,-15.078,-12.997,22.974,-1.7884,1.453,-7.7905,3.0048,6.1296,-2.1066,0,0,0,NaN,NaN,NaN,NaN,NaN,NaN,NaN,NaN,NaN,46.621,0,3716.5,0.0080533,NaN,NaN,NaN,NaN,19.581,98917,21.875,-2.1076,0.54123,-10.805,4.4893,3.3237,-2.1968,NaN,NaN,NaN,NaN,NaN
484.34,-15.069,-13,22.969,-2.2141,0.089205,-11.965,2.8623,-0.63719,-2.7868,0.67011,0.25918,-0.87738,NaN,NaN,NaN,NaN,NaN,NaN,NaN,NaN,NaN,46.621,0,3716.5,0.0080533,NaN,NaN,NaN,NaN,NaN,-1,-1,-2.1097,0.52122,-10.782,4.4119,3.3899,-2.245,NaN,NaN,NaN,NaN,NaN
484.34,-15.058,-12.993,22.961,-2.6188,-1.5209,-12.856,3.4134,3.4867,-2.5308,0,0,0,NaN,NaN,NaN,NaN,NaN,NaN,NaN,NaN,NaN,46.621,0,3716.5,0.0080533,NaN,NaN,NaN,NaN,19.517,98884,21.75,-2.1161,0.54475,-10.778,4.2781,3.3305,-2.3082,NaN,NaN,NaN,NaN,NaN
484.35,-15.045,-12.976,22.951,-1.739,0.6059,-10.321,3.5946,7.2441,-2.5999,0,0,0,NaN,NaN,NaN,NaN,NaN,NaN,NaN,NaN,NaN,46.621,0,3716.5,0.0080533,NaN,NaN,NaN,NaN,NaN,-1,-1,-2.1165,0.54009,-10.767,4.1781,3.3031,-2.3853,NaN,NaN,NaN,NaN,NaN
484.35,-15.035,-12.98,22.948,-1.8649,1.6636,-8.4371,3.5969,-1.2218,-2.119,0,0,0,NaN,NaN,NaN,NaN,NaN,NaN,NaN,NaN,NaN,46.621,0,3716.5,0.0080533,NaN,NaN,NaN,NaN,NaN,-1,-1,-2.1218,0.53239,-10.707,3.9283,3.15,-2.3564,NaN,NaN,NaN,NaN,NaN
484.35,-15.025,-12.977,22.941,-2.157,-0.086355,-14.043,2.7517,1.8774,-2.6703,0.67484,0.25415,-0.87696,NaN,NaN,NaN,NaN,NaN,NaN,NaN,NaN,NaN,46.621,0,3716.5,0.0080533,NaN,NaN,NaN,NaN,19.224,98905,21.875,-2.1305,0.53812,-10.688,3.8796,3.2649,-2.3777,NaN,NaN,NaN,NaN,NaN
484.35,-15.016,-12.957,22.931,-2.534,0.46498,-11.147,2.2315,8.3361,-2.1054,0,0,0,NaN,NaN,NaN,NaN,NaN,NaN,NaN,NaN,NaN,46.621,0,3716.5,0.0080533,NaN,NaN,NaN,NaN,NaN,-1,-1,-2.1312,0.52833,-10.667,3.8936,3.1571,-2.3904,NaN,NaN,NaN,NaN,NaN
484.36,-15.003,-12.957,22.926,-2.0655,2.6775,-9.847,4.5337,0.62401,-2.3714,0,0,0,NaN,NaN,NaN,NaN,NaN,NaN,NaN,NaN,NaN,46.621,0,3716.5,0.0080533,NaN,NaN,NaN,NaN,NaN,-1,-1,-2.1406,0.52303,-10.62,3.8027,3.211,-2.3942,NaN,NaN,NaN,NaN,NaN
484.36,-14.988,-12.953,22.921,-2.4316,-0.29871,-11.59,4.9292,1.8085,-2.1638,0,0,0,NaN,NaN,NaN,NaN,NaN,NaN,NaN,NaN,NaN,46.621,0,3716.5,0.0080533,NaN,NaN,NaN,0.042453,19.476,98920,21.875,-2.1364,0.55608,-10.568,3.7709,3.1974,-2.4143,NaN,NaN,NaN,NaN,NaN
484.36,-14.977,-12.941,22.912,-2.2849,0.54177,-9.6245,3.088,5.3089,-2.4091,0.6655,0.25391,-0.8847,NaN,NaN,NaN,NaN,NaN,NaN,NaN,NaN,NaN,46.621,0,3716.5,0.0080533,NaN,NaN,NaN,0.042453,NaN,-1,-1,-2.142,0.55031,-10.563,3.5542,2.948,-2.3682,NaN,NaN,NaN,NaN,NaN
484.36,-14.967,-12.936,22.905,-2.627,0.39413,-10.741,3.1329,2.7215,-2.4527,0,0,0,NaN,NaN,NaN,NaN,NaN,NaN,NaN,NaN,NaN,46.621,0,3716.5,0.0080533,NaN,NaN,NaN,NaN,19.75,98908,21.875,-2.148,0.54175,-10.515,3.5017,2.9888,-2.3758,NaN,NaN,NaN,NaN,NaN
484.37,-14.947,-12.925,22.891,-2.1421,0.59285,-10.876,3.1658,4.4107,-2.4652,0,0,0,NaN,NaN,NaN,NaN,NaN,NaN,NaN,NaN,NaN,46.621,0,3716.5,0.0080533,NaN,NaN,NaN,NaN,NaN,-1,-1,-2.1507,0.5694,-10.483,3.4694,3.0793,-2.3986,NaN,NaN,NaN,NaN,NaN
484.37,-14.936,-12.926,22.887,-2.1794,1.1328,-9.8767,3.6501,0.18415,-2.1035,0.67228,0.2594,-0.87259,NaN,NaN,NaN,NaN,NaN,NaN,NaN,NaN,NaN,46.621,0,3716.5,0.0080533,NaN,NaN,NaN,NaN,NaN,-1,-1,-2.1587,0.57171,-10.427,3.4124,2.8855,-2.4153,NaN,NaN,NaN,NaN,NaN
484.37,-14.926,-12.916,22.878,-1.7728,0.53129,-10.728,2.9464,4.55,-2.7437,0,0,0,NaN,NaN,NaN,NaN,NaN,NaN,NaN,NaN,NaN,46.621,0,3716.5,0.0080533,NaN,NaN,NaN,NaN,19.77,98911,21.875,-2.169,0.5688,-10.384,3.4926,2.7682,-2.3959,NaN,NaN,NaN,NaN,NaN
484.37,-14.904,-12.911,22.866,-2.5082,2.7402,-9.0252,4.3797,-1.1056,-2.394,0,0,0,NaN,NaN,NaN,NaN,NaN,NaN,NaN,NaN,NaN,46.621,0,3716.5,0.0080533,0.6121,2.247,0.23855,0.055772,NaN,-1,-1,-2.1609,0.56492,-10.349,3.5527,2.945,-2.3701,NaN,NaN,NaN,NaN,NaN
484.38,-14.89,-12.9,22.859,-2.3036,0.20483,-13.396,4.6746,4.9783,-1.9785,0.66516,0.25677,-0.87783,NaN,NaN,NaN,NaN,NaN,NaN,NaN,NaN,NaN,46.621,0,3716.5,0.0080533,NaN,NaN,NaN,NaN,NaN,-1,-1,-2.1732,0.57141,-10.312,3.6618,2.7484,-2.3567,NaN,NaN,NaN,NaN,NaN
484.38,-14.877,-12.889,22.851,-2.3468,0.60296,-6.5293,4.1684,4.6987,-2.2321,0,0,0,NaN,NaN,NaN,NaN,NaN,NaN,NaN,NaN,NaN,46.621,0,3716.5,0.0080533,NaN,NaN,NaN,NaN,19.114,98881,21.75,-2.1798,0.56971,-10.24,3.746,2.697,-2.335,NaN,NaN,NaN,NaN,NaN
484.38,-14.867,-12.887,22.846,-2.4812,0.96062,-10.217,3.104,1.4444,-2.2017,0,0,0,NaN,NaN,NaN,NaN,NaN,NaN,NaN,NaN,NaN,46.621,0,3716.5,0.0080533,NaN,NaN,NaN,NaN,NaN,-1,-1,-2.1664,0.56957,-10.188,3.756,2.9211,-2.3275,NaN,NaN,NaN,NaN,NaN
484.38,-14.857,-12.887,22.841,-1.7779,-1.8216,-10.474,3.1328,0.22735,-2.3496,0,0,0,NaN,NaN,NaN,NaN,NaN,NaN,NaN,NaN,NaN,46.621,0,3716.5,0.0080533,NaN,NaN,NaN,NaN,19.264,98919,21.875,-2.1829,0.57584,-10.169,3.8864,2.7367,-2.2962,NaN,NaN,NaN,NaN,NaN
484.39,-14.846,-12.876,22.832,-2.0232,0.59054,-11.546,2.9227,5.0591,-2.5158,0.67281,0.25381,-0.88405,NaN,NaN,NaN,NaN,NaN,NaN,NaN,NaN,NaN,46.621,0,3716.5,0.0080533,NaN,NaN,NaN,NaN,NaN,-1,-1,-2.1762,0.60473,-10.073,4.0246,2.599,-2.3072,NaN,NaN,NaN,NaN,NaN
484.39,-14.834,-12.874,22.826,-2.1016,1.3065,-8.3782,4.1517,1.1637,-2.4163,0,0,0,NaN,NaN,NaN,NaN,NaN,NaN,NaN,NaN,NaN,46.621,0,3716.5,0.0080533,NaN,NaN,NaN,NaN,NaN,-1,-1,-2.1761,0.6159,-10.008,4.0364,2.8289,-2.3133,NaN,NaN,NaN,NaN,NaN
484.39,-14.821,-12.87,22.819,-2.3394,0.061196,-10.036,3.8718,2.3371,-2.8346,0,0,0,NaN,NaN,NaN,NaN,NaN,NaN,NaN,NaN,NaN,46.621,0,3716.5,0.0080533,NaN,NaN,NaN,NaN,19.516,98888,21.75,-2.1978,0.61819,-9.9859,4.1208,2.692,-2.3175,NaN,NaN,NaN,NaN,NaN
484.39,-14.813,-12.862,22.811,-2.0656,-0.068266,-11.09,2.2765,3.6489,-2.6008,0,0,0,NaN,NaN,NaN,NaN,NaN,NaN,NaN,NaN,NaN,46.621,0,3716.5,0.0080533,NaN,NaN,NaN,NaN,NaN,-1,-1,-2.1915,0.60649,-9.8958,4.2177,2.5988,-2.297,NaN,NaN,NaN,NaN,NaN
484.4,-14.8,-12.859,22.806,-1.918,3.0491,-9.2304,4.1252,1.5124,-2.0063,0.66301,0.26164,-0.88032,NaN,NaN,NaN,NaN,NaN,NaN,NaN,NaN,NaN,46.621,0,3716.5,0.0080533,NaN,NaN,NaN,NaN,NaN,-1,-1,-2.1983,0.61376,-9.8464,4.2542,2.8827,-2.2751,NaN,NaN,NaN,NaN,NaN
484.4,-14.783,-12.852,22.799,-3.1241,0.17646,-10.961,5.8043,3.3178,-2.4147,0,0,0,NaN,NaN,NaN,NaN,NaN,NaN,NaN,NaN,NaN,46.621,0,3716.5,0.0080533,0.58911,2.1091,0.29941,0.039123,19.475,98947,21.938,-2.2114,0.61247,-9.7865,4.2558,2.7709,-2.28,NaN,NaN,NaN,NaN,NaN
484.4,-14.768,-12.842,22.793,-2.3033,0.48472,-9.2165,4.9208,4.2775,-1.7019,0,0,0,NaN,NaN,NaN,NaN,NaN,NaN,NaN,NaN,NaN,46.621,0,3716.5,0.0080533,NaN,NaN,NaN,NaN,NaN,-1,-1,-2.2131,0.60128,-9.7374,4.2519,2.8303,-2.288,NaN,NaN,NaN,NaN,NaN
484.4,-14.758,-12.834,22.786,-1.8844,0.69579,-8.2393,3.0583,3.8063,-2.2053,0,0,0,NaN,NaN,NaN,NaN,NaN,NaN,NaN,NaN,NaN,46.621,0,3716.5,0.0080533,NaN,NaN,NaN,NaN,19.178,98884,21.75,-2.2124,0.6151,-9.665,4.2479,2.9617,-2.2909,NaN,NaN,NaN,NaN,NaN
484.41,-14.746,-12.838,22.781,-2.2143,-0.83833,-10.397,4.006,-1.2074,-2.5379,0.67503,0.24632,-0.88385,NaN,NaN,NaN,NaN,NaN,NaN,NaN,NaN,NaN,46.621,0,3716.5,0.0080533,NaN,NaN,NaN,NaN,NaN,-1,-1,-2.2125,0.61735,-9.6035,4.1931,2.7036,-2.2809,NaN,NaN,NaN,NaN,NaN
484.41,-14.736,-12.823,22.773,-2.5322,0.31914,-10.972,2.9908,6.2416,-2.0816,0,0,0,NaN,NaN,NaN,NaN,NaN,NaN,NaN,NaN,NaN,46.621,0,3716.5,0.0080533,NaN,NaN,NaN,NaN,NaN,-1,-1,-2.217,0.63363,-9.553,4.05,2.6894,-2.3103,NaN,NaN,NaN,NaN,NaN
484.41,-14.719,-12.819,22.766,-1.5214,1.0145,-8.0268,5.5033,2.0881,-2.6698,0,0,0,NaN,NaN,NaN,NaN,NaN,NaN,NaN,NaN,NaN,46.621,0,3716.5,0.0080533,NaN,NaN,NaN,NaN,18.524,98913,21.813,-2.2167,0.63952,-9.4567,3.8023,2.8089,-2.3208,NaN,NaN,NaN,NaN,NaN
484.41,-14.706,-12.819,22.76,-2.478,0.32112,-10.211,4.3242,0.70319,-2.7154,0,0,0,NaN,NaN,NaN,NaN,NaN,NaN,NaN,NaN,NaN,46.621,0,3716.5,0.0080533,0.60115,2.1139,0.29698,0.049945,NaN,-1,-1,-2.2161,0.62718,-9.3793,3.6378,2.6191,-2.3475,NaN,NaN,NaN,NaN,NaN
484.42,-14.696,-12.805,22.752,-2.6422,-0.36905,-10.109,3.0258,5.8334,-2.21,0.66516,0.25677,-0.87783,NaN,NaN,NaN,NaN,NaN,NaN,NaN,NaN,NaN,46.621,0,3716.5,0.0080533,NaN,NaN,NaN,NaN,NaN,-1,-1,-2.2301,0.62999,-9.3339,3.4865,2.6049,-2.3655,NaN,NaN,NaN,NaN,NaN
484.42,-14.686,-12.8,22.746,-1.428,2.2335,-8.4445,3.065,2.6215,-2.0771,0,0,0,NaN,NaN,NaN,NaN,NaN,NaN,NaN,NaN,NaN,46.621,0,3716.5,0.0080533,NaN,NaN,NaN,NaN,19.349,98917,21.875,-2.2314,0.61427,-9.2509,3.2416,2.5791,-2.3821,NaN,NaN,NaN,NaN,NaN
484.42,-14.67,-12.804,22.742,-2.9353,1.8019,-11.045,5.4004,-1.2476,-2.1884,0,0,0,NaN,NaN,NaN,NaN,NaN,NaN,NaN,NaN,NaN,46.621,0,3716.5,0.0080533,NaN,NaN,NaN,NaN,NaN,-1,-1,-2.2327,0.60879,-9.1776,2.9043,2.6444,-2.4226,NaN,NaN,NaN,NaN,NaN
484.42,-14.657,-12.788,22.734,-2.7816,-0.3826,-10.665,4.3663,6.836,-1.9558,0,0,0,NaN,NaN,NaN,NaN,NaN,NaN,NaN,NaN,NaN,46.621,0,3716.5,0.0080533,0.58418,2.2249,0.21969,NaN,18.938,98903,21.75,-2.2351,0.61806,-9.103,2.5314,2.7165,-2.4506,NaN,NaN,NaN,NaN,NaN
484.43,-14.649,-12.777,22.726,-1.4542,0.9993,-5.5538,2.0653,4.8703,-2.4336,0.66996,0.24912,-0.8797,NaN,NaN,NaN,NaN,NaN,NaN,NaN,NaN,NaN,46.621,0,3716.5,0.0080533,NaN,NaN,NaN,0.097392,NaN,-1,-1,-2.2339,0.61592,-9.0462,2.135,2.4779,-2.4776,NaN,NaN,NaN,NaN,NaN
484.43,-14.64,-12.785,22.723,-2.5229,0.1432,-9.7971,2.8952,-2.814,-2.3922,0,0,0,NaN,NaN,NaN,NaN,NaN,NaN,NaN,NaN,NaN,46.621,0,3716.5,0.0080533,NaN,NaN,NaN,NaN,NaN,-1,-1,-2.2383,0.6404,-8.9674,1.6591,2.6362,-2.5461,NaN,NaN,NaN,NaN,NaN
484.43,-14.635,-12.772,22.713,-2.737,-1.8561,-11.073,0.47538,5.5231,-2.8294,0,0,0,NaN,NaN,NaN,NaN,NaN,NaN,NaN,NaN,NaN,46.592,0,3716.5,0.0069644,NaN,NaN,NaN,NaN,19.201,98932,21.938,-2.2489,0.63414,-8.9149,1.1442,2.5447,-2.6086,NaN,NaN,NaN,NaN,NaN
484.43,-14.63,-12.765,22.705,-1.4277,1.4966,-8.1351,0.83428,3.4065,-2.786,0,0,0,NaN,NaN,NaN,NaN,NaN,NaN,NaN,NaN,NaN,46.592,0,3716.5,0.0069644,NaN,NaN,NaN,NaN,NaN,-1,-1,-2.2539,0.63602,-8.8066,0.61996,2.4387,-2.6575,NaN,NaN,NaN,NaN,NaN
484.44,-14.625,-12.768,22.7,-2.7059,1.5776,-8.9495,1.2077,-0.81217,-2.6761,0.6678,0.254,-0.8822,NaN,NaN,NaN,NaN,NaN,NaN,NaN,NaN,NaN,46.592,0,3716.5,0.0069644,NaN,NaN,NaN,NaN,NaN,-1,-1,-2.2508,0.6286,-8.7151,0.088062,2.4467,-2.7195,NaN,NaN,NaN,NaN,NaN
484.44,-14.623,-12.759,22.69,-2.0282,-0.6388,-10.869,-0.42972,4.387,-3.2718,0,0,0,NaN,NaN,NaN,NaN,NaN,NaN,NaN,NaN,NaN,46.592,0,3716.5,0.0069644,0.65974,2.1509,0.28906,-0.013319,19.304,98895,21.75,-2.2655,0.6129,-8.6729,-0.54853,2.6174,-2.775,NaN,NaN,NaN,NaN,NaN
484.44,-14.624,-12.748,22.682,-1.9893,0.61622,-7.3627,-1.6745,5.2041,-2.339,0,0,0,NaN,NaN,NaN,NaN,NaN,NaN,NaN,NaN,NaN,46.592,0,3716.5,0.0069644,NaN,NaN,NaN,NaN,NaN,-1,-1,-2.2671,0.6051,-8.6007,-1.2003,2.3723,-2.8377,NaN,NaN,NaN,NaN,NaN
484.44,-14.623,-12.753,22.677,-2.5111,3.209,-9.1949,-0.32,-1.7467,-2.7971,0,0,0,NaN,NaN,NaN,NaN,NaN,NaN,NaN,NaN,NaN,46.592,0,3716.5,0.0069644,NaN,NaN,NaN,NaN,19.368,98890,21.75,-2.2564,0.61067,-8.4649,-1.9466,2.3257,-2.9128,NaN,NaN,NaN,NaN,NaN
484.45,-14.621,-12.746,22.669,-2.8707,-0.32861,-11.491,-0.39649,3.3075,-2.784,0.66089,0.25372,-0.88972,NaN,NaN,NaN,NaN,NaN,NaN,NaN,NaN,NaN,46.592,0,3716.5,0.0069644,NaN,NaN,NaN,NaN,NaN,-1,-1,-2.2624,0.60827,-8.4166,-2.6629,2.3978,-2.9908,NaN,NaN,NaN,NaN,NaN
484.45,-14.626,-12.73,22.658,-1.7078,0.21579,-5.2169,-3.3428,7.3472,-2.7988,0,0,0,NaN,NaN,NaN,NaN,NaN,NaN,NaN,NaN,NaN,46.592,0,3716.5,0.0069644,NaN,NaN,NaN,NaN,NaN,-1,-1,-2.2596,0.63644,-8.2786,-3.4131,2.2864,-3.0734,NaN,NaN,NaN,NaN,NaN
484.45,-14.635,-12.738,22.653,-2.2858,0.59502,-8.0002,-4.4039,-2.8846,-3.2916,0,0,0,NaN,NaN,NaN,NaN,NaN,NaN,NaN,NaN,NaN,46.592,0,3716.5,0.0069644,NaN,NaN,NaN,NaN,19.729,98929,21.938,-2.2659,0.62702,-8.2075,-4.2082,2.1774,-3.179,NaN,NaN,NaN,NaN,NaN
484.45,-14.645,-12.736,22.645,-2.5788,-0.93856,-10.501,-5.1335,1.4108,-3.369,0,0,0,NaN,NaN,NaN,NaN,NaN,NaN,NaN,NaN,NaN,46.592,0,3716.5,0.0069644,0.66576,2.1521,0.29758,-0.0016648,NaN,-1,-1,-2.2808,0.62792,-8.1629,-5.01,2.2065,-3.2626,NaN,NaN,NaN,NaN,NaN
484.46,-14.669,-12.725,22.626,-2.3305,1.1095,-5.8089,-6.1132,-0.36073,-3.2519,0,0,0,NaN,NaN,NaN,NaN,NaN,NaN,NaN,NaN,NaN,46.592,0,3716.5,0.0069644,NaN,NaN,NaN,NaN,NaN,-1,-1,-2.2773,0.62255,-8.0556,-5.7801,2.1939,-3.3649,NaN,NaN,NaN,NaN,NaN
484.46,-14.685,-12.723,22.617,-2.2886,1.1625,-10.641,-7.7347,1.3619,-3.7135,0,0,0,NaN,NaN,NaN,NaN,NaN,NaN,NaN,NaN,NaN,46.592,0,3716.5,0.0069644,NaN,NaN,NaN,NaN,19.664,98923,21.875,-2.2776,0.60839,-7.9461,-6.4893,1.9785,-3.4377,NaN,NaN,NaN,NaN,NaN
484.46,-14.702,-12.713,22.605,-2.1896,-0.2061,-8.232,-8.1135,4.7453,-3.8731,0,0,0,NaN,NaN,NaN,NaN,NaN,NaN,NaN,NaN,NaN,46.592,0,3716.5,0.0069644,NaN,NaN,NaN,NaN,19.409,98901,21.75,-2.2864,0.59942,-7.9166,-7.2654,2.0979,-3.4993,NaN,NaN,NaN,NaN,NaN
484.46,-14.72,-12.715,22.597,-2.3699,2.3053,-8.588,-8.2542,-0.019309,-3.4667,0.66097,0.2613,-0.88741,NaN,NaN,NaN,NaN,NaN,NaN,NaN,NaN,NaN,46.592,0,3716.5,0.0069644,0.59568,2.2332,0.23247,0.078247,NaN,-1,-1,-2.2798,0.60406,-7.8226,-8.0223,1.8253,-3.6043,NaN,NaN,NaN,NaN,NaN
484.47,-14.736,-12.71,22.588,-2.7445,0.62529,-9.0002,-7.5666,2.712,-3.6473,0,0,0,NaN,NaN,NaN,NaN,NaN,NaN,NaN,NaN,NaN,46.592,0,3716.5,0.0069644,NaN,NaN,NaN,NaN,NaN,-1,-1,-2.2853,0.59452,-7.7366,-8.7877,1.9396,-3.6822,NaN,NaN,NaN,NaN,NaN
484.47,-14.756,-12.7,22.577,-1.906,0.13425,-5.9322,-9.5085,4.9691,-3.5782,0,0,0,NaN,NaN,NaN,NaN,NaN,NaN,NaN,NaN,NaN,46.592,0,3716.5,0.0069644,NaN,NaN,NaN,NaN,NaN,-1,-1,-2.2901,0.58019,-7.6758,-9.8455,1.9776,-3.9249,NaN,NaN,NaN,NaN,NaN
484.47,-14.781,-12.7,22.568,-2.6612,0.40048,-7.2752,-11.236,0.65632,-3.7862,0,0,0,NaN,NaN,NaN,NaN,NaN,NaN,NaN,NaN,NaN,46.592,0,3716.5,0.0069644,NaN,NaN,NaN,NaN,19.455,98918,21.875,-2.294,0.61308,-7.6093,-10.39,1.8217,-3.9977,NaN,NaN,NaN,NaN,NaN
484.47,-14.834,-12.693,22.546,-2.6302,0.57294,-7.8533,-12.325,4.7507,-4.298,0,0,0,NaN,NaN,NaN,NaN,NaN,NaN,NaN,NaN,NaN,46.592,0,3716.5,0.0069644,NaN,NaN,NaN,NaN,NaN,-1,-1,-2.3008,0.61067,-7.5277,-10.993,1.9367,-4.0567,NaN,NaN,NaN,NaN,NaN
484.48,-14.86,-12.695,22.538,-1.696,1.074,-5.7993,-11.658,-0.30865,-3.8778,0,0,0,NaN,NaN,NaN,NaN,NaN,NaN,NaN,NaN,NaN,46.592,0,3716.5,0.0069644,NaN,NaN,NaN,NaN,NaN,-1,-1,-2.3039,0.59754,-7.4541,-11.554,1.9606,-4.1097,NaN,NaN,NaN,NaN,NaN
484.48,-14.888,-12.695,22.527,-2.5515,0.92186,-9.2488,-12.572,0.933,-4.5288,0,0,0,NaN,NaN,NaN,NaN,NaN,NaN,NaN,NaN,NaN,46.592,0,3716.5,0.0069644,0.59842,2.2255,0.21482,0.10405,19.458,98919,21.938,-2.3083,0.60057,-7.3743,-11.936,1.7609,-4.1468,NaN,NaN,NaN,NaN,NaN
484.48,-14.918,-12.683,22.513,-2.7133,0.18726,-7.217,-13.37,6.2107,-4.4717,0.65548,0.25429,-0.881,NaN,NaN,NaN,NaN,NaN,NaN,NaN,NaN,NaN,46.592,0,3716.5,0.0069644,NaN,NaN,NaN,NaN,NaN,-1,-1,-2.3131,0.56032,-7.3114,-12.662,1.9699,-4.3149,NaN,NaN,NaN,NaN,NaN
484.48,-14.949,-12.688,22.504,-1.4884,1.3473,-5.0206,-13.67,-1.3321,-4.1034,0,0,0,NaN,NaN,NaN,NaN,NaN,NaN,NaN,NaN,NaN,46.592,0,3716.5,0.0069644,NaN,NaN,NaN,NaN,19.581,98917,21.875,-2.3038,0.55849,-7.2271,-12.923,2.0646,-4.3212,NaN,NaN,NaN,NaN,NaN
484.49,-14.978,-12.691,22.496,-2.9506,0.85038,-9.3459,-12.716,-0.41637,-4.1529,0,0,0,NaN,NaN,NaN,NaN,NaN,NaN,NaN,NaN,NaN,46.592,0,3716.5,0.0069644,NaN,NaN,NaN,NaN,NaN,-1,-1,-2.3081,0.55531,-7.1681,-13.132,1.945,-4.3133,NaN,NaN,NaN,NaN,NaN
484.49,-15.007,-12.679,22.482,-2.6879,0.80611,-7.7522,-13.403,6.0809,-4.2766,0,0,0,NaN,NaN,NaN,NaN,NaN,NaN,NaN,NaN,NaN,46.592,0,3716.5,0.0069644,0.64714,2.1354,0.28967,NaN,NaN,-1,-1,-2.3193,0.54344,-7.1454,-13.376,2.0958,-4.3285,NaN,NaN,NaN,NaN,NaN
484.49,-15.041,-12.672,22.47,-2.0104,0.55312,-2.6794,-15.042,3.4318,-4.2398,0.66558,0.26148,-0.88239,NaN,NaN,NaN,NaN,NaN,NaN,NaN,NaN,NaN,46.592,0,3716.5,0.0069644,NaN,NaN,NaN,0.0049945,19.75,98927,21.938,-2.3106,0.55227,-7.0658,-13.546,2.0956,-4.3363,NaN,NaN,NaN,NaN,NaN
484.49,-15.075,-12.688,22.463,-1.798,-0.33782,-7.9839,-14.442,-5.2746,-4.542,0,0,0,NaN,NaN,NaN,NaN,NaN,NaN,NaN,NaN,NaN,46.592,0,3716.5,0.0069644,NaN,NaN,NaN,NaN,NaN,-1,-1,-2.3133,0.56765,-7.0068,-13.625,1.8677,-4.328,NaN,NaN,NaN,NaN,NaN
484.5,-15.109,-12.678,22.45,-3.4348,-0.22448,-10.049,-15.405,5.073,-4.6481,0,0,0,NaN,NaN,NaN,NaN,NaN,NaN,NaN,NaN,NaN,46.592,0,3716.5,0.0069644,NaN,NaN,NaN,NaN,NaN,-1,-1,-2.3112,0.56515,-6.9646,-13.699,1.9921,-4.3602,NaN,NaN,NaN,NaN,NaN
484.5,-15.14,-12.669,22.436,-1.3647,0.95353,-4.5966,-14.027,4.5722,-4.6413,0,0,0,NaN,NaN,NaN,NaN,NaN,NaN,NaN,NaN,NaN,46.592,0,3716.5,0.0069644,NaN,NaN,NaN,NaN,19.157,98920,21.875,-2.3163,0.56679,-6.8764,-13.803,2.1736,-4.351,NaN,NaN,NaN,NaN,NaN
484.5,-15.174,-12.679,22.428,-2.0086,1.365,-5.7719,-14.557,-3.0581,-4.6342,0.65624,0.26634,-0.88783,NaN,NaN,NaN,NaN,NaN,NaN,NaN,NaN,NaN,46.592,0,3716.5,0.0069644,NaN,NaN,NaN,NaN,NaN,-1,-1,-2.3049,0.53827,-6.8007,-13.765,1.9053,-4.3496,NaN,NaN,NaN,NaN,NaN
484.5,-15.206,-12.675,22.414,-3.404,-0.13937,-9.3077,-14.442,2.9559,-5.1703,0,0,0,NaN,NaN,NaN,NaN,NaN,NaN,NaN,NaN,NaN,46.592,0,3716.5,0.0069644,0.60663,2.2386,0.23369,0.079911,19.369,98928,21.875,-2.3063,0.52391,-6.751,-13.609,1.9166,-4.3393,NaN,NaN,NaN,NaN,NaN
484.51,-15.24,-12.666,22.401,-1.7296,0.59574,-5.268,-15.438,4.6885,-4.4807,0,0,0,NaN,NaN,NaN,NaN,NaN,NaN,NaN,NaN,NaN,46.592,0,3716.5,0.0069644,NaN,NaN,NaN,NaN,NaN,-1,-1,-2.2902,0.51126,-6.6534,-13.509,2.3075,-4.3185,NaN,NaN,NaN,NaN,NaN
484.51,-15.272,-12.672,22.392,-2.0744,2.3383,-5.9944,-13.868,-1.6925,-4.6035,0,0,0,NaN,NaN,NaN,NaN,NaN,NaN,NaN,NaN,NaN,46.592,0,3716.5,0.0069644,NaN,NaN,NaN,NaN,NaN,-1,-1,-2.2876,0.51612,-6.5928,-13.389,2.0476,-4.3241,NaN,NaN,NaN,NaN,NaN
484.51,-15.3,-12.673,22.381,-2.9495,0.34812,-9.7572,-12.747,0.79658,-4.4659,0.66531,0.26173,-0.87782,NaN,NaN,NaN,NaN,NaN,NaN,NaN,NaN,NaN,46.592,0,3716.5,0.0069644,NaN,NaN,NaN,NaN,19.328,98919,21.875,-2.2815,0.524,-6.5457,-13.258,2.1614,-4.3112,NaN,NaN,NaN,NaN,NaN
484.51,-15.333,-12.654,22.365,-2.6333,-0.1489,-3.6734,-14.905,8.7352,-4.5912,0,0,0,NaN,NaN,NaN,NaN,NaN,NaN,NaN,NaN,NaN,46.592,0,3716.5,0.0069644,NaN,NaN,NaN,NaN,NaN,-1,-1,-2.2892,0.52662,-6.5215,-13.118,2.0436,-4.2901,NaN,NaN,NaN,NaN,NaN
484.52,-15.399,-12.667,22.344,-3.1315,-0.25389,-9.0162,-14.529,-0.98961,-5.4426,0,0,0,NaN,NaN,NaN,NaN,NaN,NaN,NaN,NaN,NaN,46.592,0,3716.5,0.0069644,0.58856,2.2207,0.21482,0.10821,NaN,-1,-1,-2.2735,0.51622,-6.4184,-12.972,1.8294,-4.3044,NaN,NaN,NaN,NaN,NaN
484.52,-15.429,-12.656,22.33,-2.1432,-0.14447,-7.2169,-13.714,5.5196,-4.5497,0.65327,0.26687,-0.8789,NaN,NaN,NaN,NaN,NaN,NaN,NaN,NaN,NaN,46.592,0,3716.5,0.0069644,NaN,NaN,NaN,NaN,19.58,98924,21.875,-2.2791,0.51728,-6.386,-12.882,1.9901,-4.3147,NaN,NaN,NaN,NaN,NaN
484.52,-15.46,-12.655,22.318,-2.1288,1.3136,-4.7028,-13.782,1.7462,-4.8768,0,0,0,NaN,NaN,NaN,NaN,NaN,NaN,NaN,NaN,NaN,46.592,0,3716.5,0.0069644,NaN,NaN,NaN,NaN,19.198,98929,21.875,-2.2746,0.5152,-6.3429,-12.657,1.7352,-4.3106,NaN,NaN,NaN,NaN,NaN
484.52,0,0,0,0,0,0,0,0,0,0,0,0,NaN,NaN,NaN,NaN,NaN,NaN,NaN,NaN,NaN,46.592,0,3716.5,0.0069644,NaN,NaN,NaN,NaN,NaN,-1,-1,-2.2809,0.49674,-6.3351,-12.401,1.8687,-4.2975,NaN,NaN,NaN,NaN,NaN
484.53,-15.521,-12.651,22.294,-2.4326,0.15979,-7.7205,-13.766,4.2066,-4.6467,0,0,0,NaN,NaN,NaN,NaN,NaN,NaN,NaN,NaN,NaN,46.592,0,3716.5,0.0069644,0.60608,2.2356,0.23308,0.069923,NaN,-1,-1,-2.2756,0.49556,-6.287,-12.154,2.0324,-4.2799,NaN,NaN,NaN,NaN,NaN
484.53,-15.547,-12.649,22.282,-2.5499,2.152,-5.1434,-11.983,1.6157,-4.511,0.66817,0.27151,-0.87986,NaN,NaN,NaN,NaN,NaN,NaN,NaN,NaN,NaN,46.592,0,3716.5,0.0069644,NaN,NaN,NaN,NaN,NaN,-1,-1,-2.2723,0.48549,-6.2813,-11.928,1.9261,-4.2697,NaN,NaN,NaN,NaN,NaN
484.53,-15.572,-12.648,22.272,-2.1579,0.63188,-7.4499,-11.613,1.4333,-4.3905,0,0,0,NaN,NaN,NaN,NaN,NaN,NaN,NaN,NaN,NaN,46.592,0,3716.5,0.0069644,NaN,NaN,NaN,NaN,19.154,98917,21.813,-2.2708,0.47795,-6.2682,-11.733,2.0874,-4.2672,NaN,NaN,NaN,NaN,NaN
484.53,-15.6,-12.641,22.258,-2.7552,-0.13604,-4.0725,-12.767,4.0517,-4.8225,0,0,0,NaN,NaN,NaN,NaN,NaN,NaN,NaN,NaN,NaN,46.592,0,3716.5,0.0069644,NaN,NaN,NaN,NaN,NaN,-1,-1,-2.2684,0.49491,-6.2617,-11.485,2.0995,-4.2533,NaN,NaN,NaN,NaN,NaN
484.54,0,0,0,0,0,0,0,0,0,0,0,0,NaN,NaN,NaN,NaN,NaN,NaN,NaN,NaN,NaN,46.592,0,3716.5,0.0069644,NaN,NaN,NaN,NaN,NaN,-1,-1,-2.273,0.49511,-6.2631,-11.238,2.041,-4.285,NaN,NaN,NaN,NaN,NaN
484.54,-15.629,-12.639,22.246,-2.1222,0.89292,-7.1921,-13.064,2.0306,-4.6517,0,0,0,NaN,NaN,NaN,NaN,NaN,NaN,NaN,NaN,NaN,46.592,0,3716.5,0.0069644,NaN,NaN,NaN,NaN,19.41,98871,21.688,-2.2739,0.49759,-6.2533,-11.086,2.2531,-4.3039,NaN,NaN,NaN,NaN,NaN
484.54,-15.656,-12.641,22.234,-2.5035,-0.86673,-5.6762,-11.988,0.32693,-4.9584,0.66525,0.26434,-0.87552,NaN,NaN,NaN,NaN,NaN,NaN,NaN,NaN,NaN,46.543,0.024486,3706.5,0.0058767,NaN,NaN,NaN,NaN,NaN,-1,-1,-2.272,0.49195,-6.2283,-10.95,2.2218,-4.3293,NaN,NaN,NaN,NaN,NaN
484.54,-15.708,-12.635,22.21,-1.9352,0.9824,-5.2393,-11.396,-0.012147,-4.6492,0,0,0,NaN,NaN,NaN,NaN,NaN,NaN,NaN,NaN,NaN,46.543,0.024486,3706.5,0.0058767,0.59896,2.2398,0.2203,0.09656,19.452,98916,21.813,-2.2899,0.49395,-6.3376,-10.686,2.0767,-4.3416,NaN,NaN,NaN,NaN,NaN
484.55,-15.732,-12.631,22.197,-2.447,1.2318,-8.4831,-11.343,2.79,-4.7678,0,0,0,NaN,NaN,NaN,NaN,NaN,NaN,NaN,NaN,NaN,46.543,0.024486,3706.5,0.0058767,NaN,NaN,NaN,NaN,NaN,-1,-1,-2.2857,0.47619,-6.3519,-10.468,2.3528,-4.353,NaN,NaN,NaN,NaN,NaN
484.55,-15.763,-12.632,22.192,-2.5904,-0.65911,-6.009,-11.569,5.7243,-5.1,0.66301,0.26164,-0.88032,9.0242,22.055,-4.5499,24.26,40.059,-88.55,3.6781e+05,4.4354e+06,315.66,46.543,0.024486,3706.5,0.0058767,NaN,NaN,NaN,NaN,NaN,-1,-1,-2.2805,0.45334,-6.3617,-10.273,2.5323,-4.3587,24.248,0.2337,-0.73592,-1.7384,0.55194
484.55,-15.788,-12.633,22.182,-1.8306,1.6433,-4.5382,-11.294,0.55445,-4.4396,0,0,0,NaN,NaN,NaN,NaN,NaN,NaN,NaN,NaN,NaN,46.543,0.024486,3706.5,0.0058767,NaN,NaN,NaN,NaN,19.392,98917,21.875,-2.2803,0.43693,-6.3682,-10.084,2.283,-4.3705,NaN,NaN,NaN,NaN,NaN
484.55,-15.808,-12.636,22.172,-2.5338,1.3887,-8.9978,-9.5306,-0.12765,-4.5894,0,0,0,NaN,NaN,NaN,NaN,NaN,NaN,NaN,NaN,NaN,46.543,0.024486,3706.5,0.0058767,NaN,NaN,NaN,NaN,NaN,-1,-1,-2.2739,0.47102,-6.3802,-9.9418,2.4636,-4.4119,NaN,NaN,NaN,NaN,NaN
484.56,-15.829,-12.623,22.157,-2.8415,0.18254,-5.7273,-10.099,6.5997,-4.6046,0,0,0,NaN,NaN,NaN,NaN,NaN,NaN,NaN,NaN,NaN,46.543,0.024486,3706.5,0.0058767,NaN,NaN,NaN,0.099889,NaN,-1,-1,-2.2964,0.46268,-6.5214,-9.7756,2.6472,-4.4317,NaN,NaN,NaN,NaN,NaN
484.56,-15.854,-12.617,22.144,-2.3157,0.24747,-4.8186,-11.329,3.6812,-4.6886,0.66787,0.25648,-0.88219,NaN,NaN,NaN,NaN,NaN,NaN,NaN,NaN,NaN,46.543,0.024486,3706.5,0.0058767,NaN,NaN,NaN,NaN,19.43,98899,21.75,-2.298,0.44924,-6.527,-9.6166,2.4572,-4.4669,NaN,NaN,NaN,NaN,NaN
484.56,-15.877,-12.627,22.135,-1.6435,-0.4149,-6.6078,-10.544,-3.325,-4.8628,0,0,0,NaN,NaN,NaN,NaN,NaN,NaN,NaN,NaN,NaN,46.543,0.024486,3706.5,0.0058767,NaN,NaN,NaN,NaN,19.41,98896,21.75,-2.2959,0.44154,-6.5441,-9.5367,2.5762,-4.5302,NaN,NaN,NaN,NaN,NaN
484.56,-15.921,-12.606,22.106,-1.9462,0.63142,-3.2834,-10.38,5.806,-4.4134,0,0,0,NaN,NaN,NaN,NaN,NaN,NaN,NaN,NaN,NaN,46.543,0.024486,3706.5,0.0058767,NaN,NaN,NaN,NaN,NaN,-1,-1,-2.2968,0.41633,-6.5728,-9.4273,2.6135,-4.5584,NaN,NaN,NaN,NaN,NaN
484.57,-15.942,-12.613,22.096,-1.5852,1.3641,-6.2525,-9.6513,-1.6804,-4.9572,0.66593,0.26881,-0.88466,NaN,NaN,NaN,NaN,NaN,NaN,NaN,NaN,NaN,46.543,0.024486,3706.5,0.0058767,NaN,NaN,NaN,NaN,NaN,-1,-1,-2.2906,0.39546,-6.569,-9.2369,2.6253,-4.5967,NaN,NaN,NaN,NaN,NaN
484.57,-15.961,-12.609,22.082,-3.3975,-0.30179,-10.017,-9.129,2.8156,-5.0444,0,0,0,NaN,NaN,NaN,NaN,NaN,NaN,NaN,NaN,NaN,46.543,0.024486,3706.5,0.0058767,0.60991,2.2386,0.23673,0.07242,NaN,-1,-1,-2.2957,0.39333,-6.6154,-9.0113,2.7219,-4.6287,NaN,NaN,NaN,NaN,NaN
484.57,-15.98,-12.593,22.067,-1.9242,1.3275,-5.5946,-9.3815,7.7854,-4.3651,0,0,0,NaN,NaN,NaN,NaN,NaN,NaN,NaN,NaN,NaN,46.543,0.024486,3706.5,0.0058767,NaN,NaN,NaN,NaN,19.259,98889,21.688,-2.294,0.36223,-6.6743,-8.8703,2.9006,-4.6591,NaN,NaN,NaN,NaN,NaN
484.57,-16.008,-12.596,22.046,-3.0301,0.67487,-8.6269,-6.4746,0.59559,-4.568,0.6605,0.25919,-0.88055,NaN,NaN,NaN,NaN,NaN,NaN,NaN,NaN,NaN,46.543,0.024486,3706.5,0.0058767,NaN,NaN,NaN,NaN,NaN,-1,-1,-2.2932,0.38075,-6.6772,-8.7227,2.879,-4.7431,NaN,NaN,NaN,NaN,NaN
484.58,-16.026,-12.577,22.03,-2.3515,-0.66209,-7.0789,-9.0412,8.8728,-4.4997,0,0,0,NaN,NaN,NaN,NaN,NaN,NaN,NaN,NaN,NaN,46.543,0.024486,3706.5,0.0058767,NaN,NaN,NaN,NaN,NaN,-1,-1,-2.2957,0.39105,-6.7088,-8.5648,3.2103,-4.7829,NaN,NaN,NaN,NaN,NaN
484.58,-16.042,-12.579,22.019,-1.7176,0.51101,-4.3411,-7.7689,0.29026,-4.8523,0,0,0,NaN,NaN,NaN,NaN,NaN,NaN,NaN,NaN,NaN,46.543,0.024486,3706.5,0.0058767,NaN,NaN,NaN,NaN,19.265,98915,21.875,-2.298,0.36073,-6.7689,-8.3999,3.1794,-4.8472,NaN,NaN,NaN,NaN,NaN
484.58,-16.058,-12.578,22.007,-2.7688,-1.0819,-9.2223,-7.9609,1.7161,-4.8564,0,0,0,NaN,NaN,NaN,NaN,NaN,NaN,NaN,NaN,NaN,46.543,0.024486,3706.5,0.0058767,NaN,NaN,NaN,NaN,NaN,-1,-1,-2.2951,0.35683,-6.7825,-7.7398,3.1114,-4.7364,NaN,NaN,NaN,NaN,NaN
484.58,-16.074,-12.566,21.992,-2.0927,-0.21287,-6.7525,-7.98,5.9651,-4.7839,0.66275,0.26698,-0.87344,NaN,NaN,NaN,NaN,NaN,NaN,NaN,NaN,NaN,46.543,0.024486,3706.5,0.0058767,0.59239,2.2744,0.213,0.097392,18.832,98907,21.813,-2.2955,0.3418,-6.8088,-7.5412,3.4304,-4.7623,NaN,NaN,NaN,NaN,NaN
484.59,-16.088,-12.563,21.978,-2.4361,1.296,-6.5904,-7.3765,2.5907,-5.1008,0,0,0,NaN,NaN,NaN,NaN,NaN,NaN,NaN,NaN,NaN,46.543,0.024486,3706.5,0.0058767,NaN,NaN,NaN,NaN,NaN,-1,-1,-2.2896,0.33834,-6.8404,-7.2712,3.4384,-4.7792,NaN,NaN,NaN,NaN,NaN
484.59,-16.103,-12.561,21.965,-2.1251,0.29927,-7.1275,-7.5516,1.9786,-5.0923,0,0,0,NaN,NaN,NaN,NaN,NaN,NaN,NaN,NaN,NaN,46.543,0.024486,3706.5,0.0058767,NaN,NaN,NaN,NaN,NaN,-1,-1,-2.2785,0.34911,-6.8438,-6.9357,3.6398,-4.7771,NaN,NaN,NaN,NaN,NaN
484.59,-16.119,-12.551,21.952,-2.2372,-0.039059,-6.9391,-7.8123,5.1641,-4.3872,0,0,0,NaN,NaN,NaN,NaN,NaN,NaN,NaN,NaN,NaN,46.543,0.024486,3706.5,0.0058767,NaN,NaN,NaN,NaN,19.152,98888,21.688,-2.2837,0.3166,-6.9282,-6.6443,3.789,-4.7888,NaN,NaN,NaN,NaN,NaN
484.59,-16.128,-12.547,21.939,-2.6691,2.7781,-7.235,-5.1591,2.988,-4.7473,0.66295,0.26934,-0.87573,NaN,NaN,NaN,NaN,NaN,NaN,NaN,NaN,NaN,46.543,0.024486,3706.5,0.0058767,NaN,NaN,NaN,NaN,NaN,-1,-1,-2.2791,0.32221,-6.9594,-5.9143,3.5532,-4.6396,NaN,NaN,NaN,NaN,NaN
484.6,-16.135,-12.542,21.928,-2.1877,-0.67298,-7.9617,-4.1487,2.8624,-4.1413,0,0,0,NaN,NaN,NaN,NaN,NaN,NaN,NaN,NaN,NaN,46.543,0.024486,3706.5,0.0058767,NaN,NaN,NaN,NaN,NaN,-1,-1,-2.278,0.35712,-6.9799,-5.5861,3.6601,-4.6,NaN,NaN,NaN,NaN,NaN
484.6,-16.146,-12.528,21.913,-2.2143,0.31897,-5.2333,-6.2844,6.9987,-4.4755,0,0,0,NaN,NaN,NaN,NaN,NaN,NaN,NaN,NaN,NaN,46.543,0.024486,3706.5,0.0058767,NaN,NaN,NaN,NaN,18.981,98882,21.688,-2.2822,0.34544,-7.0349,-5.2203,3.5222,-4.5848,NaN,NaN,NaN,NaN,NaN
484.6,-16.155,-12.527,21.902,-2.5839,0.14081,-6.2171,-5.0656,1.3187,-4.5825,0,0,0,NaN,NaN,NaN,NaN,NaN,NaN,NaN,NaN,NaN,46.543,0.024486,3706.5,0.0058767,NaN,NaN,NaN,NaN,NaN,-1,-1,-2.2805,0.32673,-7.085,-4.9085,3.4636,-4.5643,NaN,NaN,NaN,NaN,NaN
484.6,-16.166,-12.525,21.89,-1.9643,-0.68136,-8.1959,-5.6896,1.8521,-4.7044,0.66322,0.26909,-0.8803,NaN,NaN,NaN,NaN,NaN,NaN,NaN,NaN,NaN,46.543,0.024486,3706.5,0.0058767,NaN,NaN,NaN,NaN,19.433,98926,21.875,-2.2831,0.33746,-7.0961,-4.6014,3.5153,-4.5585,NaN,NaN,NaN,NaN,NaN
484.61,-16.174,-12.515,21.875,-2.6944,-0.61585,-7.1766,-4.8273,5.4693,-4.8697,0,0,0,NaN,NaN,NaN,NaN,NaN,NaN,NaN,NaN,NaN,46.543,0.024486,3706.5,0.0058767,NaN,NaN,NaN,NaN,NaN,-1,-1,-2.2778,0.33416,-7.1447,-4.2608,3.5671,-4.5403,NaN,NaN,NaN,NaN,NaN
484.61,-16.181,-12.511,21.864,-2.0343,1.9618,-5.7735,-4.2704,2.6633,-4.1136,0,0,0,NaN,NaN,NaN,NaN,NaN,NaN,NaN,NaN,NaN,46.543,0.024486,3706.5,0.0058767,0.58473,2.2165,0.20874,0.11321,NaN,-1,-1,-2.2724,0.30973,-7.191,-3.9314,3.5888,-4.5028,NaN,NaN,NaN,NaN,NaN
484.61,-16.186,-12.507,21.851,-2.2967,0.52448,-8.3664,-3.3699,2.5516,-4.7812,0,0,0,NaN,NaN,NaN,NaN,NaN,NaN,NaN,NaN,NaN,46.543,0.024486,3706.5,0.0058767,NaN,NaN,NaN,NaN,19.429,98887,21.688,-2.2705,0.31411,-7.2377,-3.5436,3.5424,-4.4591,NaN,NaN,NaN,NaN,NaN
484.61,-16.19,-12.495,21.837,-2.5454,-0.5639,-6.8799,-3.3723,6.0412,-4.3663,0.65355,0.27171,-0.88117,NaN,NaN,NaN,NaN,NaN,NaN,NaN,NaN,NaN,46.543,0.024486,3706.5,0.0058767,NaN,NaN,NaN,NaN,NaN,-1,-1,-2.2679,0.30455,-7.2982,-3.2416,3.6294,-4.4105,NaN,NaN,NaN,NaN,NaN
484.62,-16.191,-12.49,21.815,-2.3924,0.8411,-8.1583,-0.40279,2.5318,-4.1036,0,0,0,NaN,NaN,NaN,NaN,NaN,NaN,NaN,NaN,NaN,46.543,0.024486,3706.5,0.0058767,NaN,NaN,NaN,NaN,NaN,-1,-1,-2.2579,0.32051,-7.3371,-3.0038,3.7486,-4.3741,NaN,NaN,NaN,NaN,NaN
484.62,-16.191,-12.475,21.8,-2.4434,0.11975,-6.5045,-1.8613,7.4137,-4.5091,0,0,0,NaN,NaN,NaN,NaN,NaN,NaN,NaN,NaN,NaN,46.543,0.024486,3706.5,0.0058767,NaN,NaN,NaN,NaN,19.284,98927,21.875,-2.2618,0.31545,-7.4001,-2.7465,3.5172,-4.344,NaN,NaN,NaN,NaN,NaN
484.62,-16.194,-12.473,21.789,-2.4864,0.11474,-5.4666,-2.6003,1.8931,-4.3447,0.65842,0.27165,-0.88073,NaN,NaN,NaN,NaN,NaN,NaN,NaN,NaN,NaN,46.543,0.024486,3706.5,0.0058767,0.58418,2.2249,0.21908,NaN,NaN,-1,-1,-2.2583,0.30744,-7.4494,-2.5255,3.5746,-4.3027,NaN,NaN,NaN,NaN,NaN
484.62,-16.197,-12.473,21.779,-1.8623,-0.69817,-9.6142,-2.2839,0.74805,-4.3958,0,0,0,NaN,NaN,NaN,NaN,NaN,NaN,NaN,NaN,NaN,46.543,0.024486,3706.5,0.0058767,NaN,NaN,NaN,0.10655,19.39,98884,21.75,-2.2574,0.28575,-7.5019,-2.3476,3.4861,-4.2763,NaN,NaN,NaN,NaN,NaN
484.63,-16.197,-12.459,21.763,-2.6018,-0.51575,-8.4149,-1.7946,6.8298,-4.5991,0,0,0,NaN,NaN,NaN,NaN,NaN,NaN,NaN,NaN,NaN,46.543,0.024486,3706.5,0.0058767,NaN,NaN,NaN,NaN,NaN,-1,-1,-2.2537,0.26433,-7.589,-2.1894,3.4652,-4.2729,NaN,NaN,NaN,NaN,NaN
484.63,-16.198,-12.452,21.752,-2.1336,1.3122,-4.5888,-1.7695,3.8486,-3.9315,0,0,0,NaN,NaN,NaN,NaN,NaN,NaN,NaN,NaN,NaN,46.543,0.024486,3706.5,0.0058767,NaN,NaN,NaN,NaN,NaN,-1,-1,-2.2434,0.27508,-7.5929,-2.0392,3.4872,-4.2385,NaN,NaN,NaN,NaN,NaN
484.63,-16.198,-12.456,21.743,-1.8017,0.6545,-8.9338,-1.3536,-0.64406,-4.4409,0.65578,0.26932,-0.87867,NaN,NaN,NaN,NaN,NaN,NaN,NaN,NaN,NaN,46.543,0.024486,3706.5,0.0058767,NaN,NaN,NaN,NaN,19.22,98910,21.813,-2.2434,0.26288,-7.7008,-1.803,3.5301,-4.1814,NaN,NaN,NaN,NaN,NaN
484.63,-16.199,-12.443,21.729,-3.2253,-0.19029,-10.115,-1.7655,6.5892,-4.0639,0,0,0,NaN,NaN,NaN,NaN,NaN,NaN,NaN,NaN,NaN,46.543,0.024486,3706.5,0.0058767,0.6028,2.2434,0.22517,0.080744,NaN,-1,-1,-2.2325,0.27804,-7.7517,-1.6378,3.818,-4.1427,NaN,NaN,NaN,NaN,NaN
484.64,-16.199,-12.43,21.716,-1.6183,1.8824,-5.2193,-1.519,6.2518,-3.8892,0,0,0,NaN,NaN,NaN,NaN,NaN,NaN,NaN,NaN,NaN,46.543,0.024486,3706.5,0.0058767,NaN,NaN,NaN,NaN,NaN,-1,-1,-2.2427,0.29801,-7.8179,-1.5193,3.5796,-4.1085,NaN,NaN,NaN,NaN,NaN
484.64,-16.196,-12.435,21.709,-1.9395,0.40211,-8.2282,-0.053514,-1.4707,-3.8399,0,0,0,NaN,NaN,NaN,NaN,NaN,NaN,NaN,NaN,NaN,46.543,0.024486,3706.5,0.0058767,NaN,NaN,NaN,NaN,19.388,98917,21.813,-2.237,0.28435,-7.8751,-1.4476,3.6752,-4.0971,NaN,NaN,NaN,NaN,NaN
484.64,-16.193,-12.426,21.696,-3.2654,0.16153,-9.6367,-0.26883,4.9281,-3.8635,0.66789,0.26667,-0.87758,NaN,NaN,NaN,NaN,NaN,NaN,NaN,NaN,NaN,46.543,0.024486,3706.5,0.0058767,NaN,NaN,NaN,NaN,19.219,98893,21.75,-2.2337,0.2854,-7.9278,-1.3636,3.6203,-4.0771,NaN,NaN,NaN,NaN,NaN
484.64,-16.197,-12.412,21.673,-1.4738,-0.93909,-5.5061,-1.7939,-1.6796,-4.2193,0,0,0,NaN,NaN,NaN,NaN,NaN,NaN,NaN,NaN,NaN,46.543,0.024486,3706.5,0.0058767,NaN,NaN,NaN,NaN,NaN,-1,-1,-2.2305,0.28455,-7.9967,-1.3306,3.6394,-4.0773,NaN,NaN,NaN,NaN,NaN
484.65,-16.198,-12.41,21.663,-3.0377,0.005874,-12.597,-1.9357,1.7951,-4.2254,0,0,0,NaN,NaN,NaN,NaN,NaN,NaN,NaN,NaN,NaN,46.543,0.024486,3706.5,0.0058767,NaN,NaN,NaN,NaN,NaN,-1,-1,-2.228,0.27052,-8.0581,-1.3488,3.8164,-4.0792,NaN,NaN,NaN,NaN,NaN
484.65,-16.197,-12.389,21.648,-2.4914,0.53925,-7.0419,-1.3412,9.6558,-3.6505,0.66791,0.27686,-0.87298,NaN,NaN,NaN,NaN,NaN,NaN,NaN,NaN,NaN,46.543,0.024486,3706.5,0.0058767,0.58856,2.2255,0.2136,0.10239,NaN,-1,-1,-2.2239,0.25597,-8.1261,-1.3606,3.8267,-4.0647,NaN,NaN,NaN,NaN,NaN
484.65,-16.197,-12.386,21.626,-2.6273,-0.17375,-9.6137,-1.4537,1.5225,-4.4427,0,0,0,NaN,NaN,NaN,NaN,NaN,NaN,NaN,NaN,NaN,46.543,0.024486,3695.1,0.0075089,NaN,NaN,NaN,NaN,19.452,98935,21.875,-2.2176,0.2657,-8.1814,-1.288,3.7631,-4.0499,NaN,NaN,NaN,NaN,NaN
484.65,-16.198,-12.371,21.612,-2.3596,1.2112,-10.154,-2.0633,6.9374,-4.0238,0,0,0,NaN,NaN,NaN,NaN,NaN,NaN,NaN,NaN,NaN,46.543,0.024486,3695.1,0.0075089,NaN,NaN,NaN,NaN,NaN,-1,-1,-2.2056,0.25271,-8.2405,-1.1991,3.9415,-4.0104,NaN,NaN,NaN,NaN,NaN
484.66,-16.195,-12.364,21.601,-2.2166,1.1746,-7.2512,-0.20013,4.0296,-3.8192,0.66066,0.27435,-0.87593,NaN,NaN,NaN,NaN,NaN,NaN,NaN,NaN,NaN,46.543,0.024486,3695.1,0.0075089,0.65536,2.1443,0.2988,-0.0074917,NaN,-1,-1,-2.2149,0.26849,-8.3313,-1.2016,4.1406,-3.9962,NaN,NaN,NaN,NaN,NaN
484.66,-16.193,-12.358,21.591,-2.0747,0.54987,-9.3618,-0.17773,3.1439,-3.3557,0,0,0,NaN,NaN,NaN,NaN,NaN,NaN,NaN,NaN,NaN,46.543,0.024486,3695.1,0.0075089,0.65536,2.1443,0.2988,-0.0074917,19.111,98939,21.875,-2.2114,0.27004,-8.3816,-1.2318,4.0276,-3.9922,NaN,NaN,NaN,NaN,NaN
484.66,-16.193,-12.344,21.578,-2.406,-0.49012,-7.7638,-1.8867,6.5994,-3.9982,0,0,0,NaN,NaN,NaN,NaN,NaN,NaN,NaN,NaN,NaN,46.582,0,3695.1,0.0075089,NaN,NaN,NaN,NaN,NaN,-1,-1,-2.2138,0.27693,-8.4533,-1.293,4.026,-3.9795,NaN,NaN,NaN,NaN,NaN
484.66,-16.195,-12.34,21.568,-1.7404,-0.58927,-7.6771,-2.0626,2.5337,-3.8904,0,0,0,NaN,NaN,NaN,NaN,NaN,NaN,NaN,NaN,NaN,46.582,0,3695.1,0.0075089,NaN,NaN,NaN,NaN,19.371,98916,21.875,-2.2126,0.25348,-8.5278,-1.3084,4.1682,-3.9764,NaN,NaN,NaN,NaN,NaN
484.67,-16.199,-12.335,21.556,-2.7914,-0.015164,-10.521,-2.7912,3.0159,-4.1665,0.6578,0.26457,-0.87389,NaN,NaN,NaN,NaN,NaN,NaN,NaN,NaN,NaN,46.582,0,3695.1,0.0075089,NaN,NaN,NaN,NaN,NaN,-1,-1,-2.1967,0.27344,-8.5833,-1.3523,4.2305,-3.9834,NaN,NaN,NaN,NaN,NaN
484.67,-16.198,-12.323,21.542,-1.8368,0.27684,-8.9864,-1.4121,5.9149,-4.3466,0,0,0,NaN,NaN,NaN,NaN,NaN,NaN,NaN,NaN,NaN,46.582,0,3695.1,0.0075089,NaN,NaN,NaN,NaN,NaN,-1,-1,-2.1976,0.28852,-8.6393,-1.4297,4.1678,-3.9843,NaN,NaN,NaN,NaN,NaN
484.67,-16.199,-12.319,21.531,-2.4785,0.67202,-9.0882,-1.4711,2.5626,-4.0822,0,0,0,NaN,NaN,NaN,NaN,NaN,NaN,NaN,NaN,NaN,46.582,0,3695.1,0.0075089,NaN,NaN,NaN,NaN,19.283,98933,21.875,-2.2,0.2701,-8.7061,-1.4737,4.2419,-4.0006,NaN,NaN,NaN,NaN,NaN
484.67,-16.201,-12.309,21.519,-2.08,0.29312,-9.3178,-2.2616,5.4035,-4.0957,0,0,0,NaN,NaN,NaN,NaN,NaN,NaN,NaN,NaN,NaN,46.582,0,3695.1,0.0075089,0.60115,2.1109,0.29758,0.049112,NaN,-1,-1,-2.1832,0.26987,-8.7376,-1.3651,4.281,-3.9855,NaN,NaN,NaN,NaN,NaN
484.68,-16.202,-12.297,21.505,-1.7523,0.46519,-9.5892,-2.0416,5.806,-3.9744,0.66073,0.27683,-0.87592,NaN,NaN,NaN,NaN,NaN,NaN,NaN,NaN,NaN,46.582,0,3695.1,0.0075089,NaN,NaN,NaN,NaN,NaN,-1,-1,-2.1838,0.29938,-8.8064,-1.3267,4.5492,-3.9799,NaN,NaN,NaN,NaN,NaN
484.68,-16.201,-12.293,21.495,-2.5254,1.2178,-8.8107,-0.89003,2.4205,-4.0752,0,0,0,NaN,NaN,NaN,NaN,NaN,NaN,NaN,NaN,NaN,46.582,0,3695.1,0.0075089,NaN,NaN,NaN,NaN,19.387,98903,21.75,-2.1941,0.28338,-8.8933,-1.3197,4.5436,-3.9615,NaN,NaN,NaN,NaN,NaN
484.68,-16.198,-12.285,21.484,-2.4082,0.71217,-11.936,-0.40479,4.0775,-3.5086,0,0,0,NaN,NaN,NaN,NaN,NaN,NaN,NaN,NaN,NaN,46.582,0,3695.1,0.0075089,NaN,NaN,NaN,NaN,NaN,-1,-1,-2.1795,0.30168,-8.9086,-1.2976,4.5484,-3.9559,NaN,NaN,NaN,NaN,NaN
484.68,-16.197,-12.267,21.47,-2.0487,0.7418,-6.7109,-1.1307,8.675,-3.6908,0,0,0,NaN,NaN,NaN,NaN,NaN,NaN,NaN,NaN,NaN,46.582,0,3695.1,0.0075089,NaN,NaN,NaN,NaN,19.515,98917,21.813,-2.182,0.33054,-8.9556,-1.2072,4.5756,-3.9515,NaN,NaN,NaN,NaN,NaN
484.69,-16.197,-12.266,21.459,-1.6698,-1.0553,-8.5856,-1.3971,1.1969,-4.5842,0.65848,0.26904,-0.88303,NaN,NaN,NaN,NaN,NaN,NaN,NaN,NaN,NaN,46.582,0,3695.1,0.0075089,0.57816,2.2249,0.213,NaN,NaN,-1,-1,-2.1796,0.33307,-8.9989,-1.1441,4.5657,-3.954,NaN,NaN,NaN,NaN,NaN
484.69,-16.201,-12.264,21.449,-2.8545,-0.75376,-11.536,-2.6325,1.8571,-4.0308,0,0,0,NaN,NaN,NaN,NaN,NaN,NaN,NaN,NaN,NaN,46.582,0,3695.1,0.0075089,NaN,NaN,NaN,0.097392,NaN,-1,-1,-2.1748,0.33119,-9.0456,-1.1147,4.5125,-3.958,NaN,NaN,NaN,NaN,NaN
484.69,-16.198,-12.243,21.432,-2.1378,1.2019,-9.9995,-0.90012,9.6539,-4.317,0,0,0,NaN,NaN,NaN,NaN,NaN,NaN,NaN,NaN,NaN,46.582,0,3695.1,0.0075089,NaN,NaN,NaN,NaN,19.366,98925,21.813,-2.1764,0.34171,-9.0914,-1.0807,4.5693,-3.9605,NaN,NaN,NaN,NaN,NaN
484.69,-16.196,-12.243,21.424,-1.4986,0.17371,-7.0283,-0.32762,0.76713,-3.7219,0,0,0,NaN,NaN,NaN,NaN,NaN,NaN,NaN,NaN,NaN,46.582,0,3695.1,0.0075089,NaN,NaN,NaN,NaN,NaN,-1,-1,-2.1753,0.34703,-9.1525,-0.9879,4.5659,-3.9402,NaN,NaN,NaN,NaN,NaN
484.7,-16.196,-12.221,21.397,-2.4115,0.43424,-11.122,-1.5079,9.829,-3.9493,0,0,0,NaN,NaN,NaN,NaN,NaN,NaN,NaN,NaN,NaN,46.582,0,3695.1,0.0075089,NaN,NaN,NaN,NaN,NaN,-1,-1,-2.1714,0.33893,-9.194,-0.85202,4.5492,-3.9152,NaN,NaN,NaN,NaN,NaN
484.7,-16.193,-12.211,21.386,-1.8271,1.6245,-6.5984,-0.16049,5.1042,-3.7459,0,0,0,NaN,NaN,NaN,NaN,NaN,NaN,NaN,NaN,NaN,46.582,0,3695.1,0.0075089,0.60115,2.1175,0.29515,0.035794,19.217,98927,21.813,-2.172,0.34082,-9.209,-0.66683,4.5398,-3.8904,NaN,NaN,NaN,NaN,NaN
484.7,-16.189,-12.215,21.378,-2.4718,-0.31541,-10.624,0.63002,-1.0328,-3.7957,0,0,0,NaN,NaN,NaN,NaN,NaN,NaN,NaN,NaN,NaN,46.582,0,3695.1,0.0075089,NaN,NaN,NaN,NaN,NaN,-1,-1,-2.1718,0.35852,-9.28,-0.55667,4.4296,-3.9786,NaN,NaN,NaN,NaN,NaN
484.7,-16.187,-12.201,21.365,-2.3343,1.0975,-10.927,-0.55691,6.8205,-3.6132,0.66072,0.27174,-0.87823,NaN,NaN,NaN,NaN,NaN,NaN,NaN,NaN,NaN,46.582,0,3695.1,0.0075089,NaN,NaN,NaN,NaN,19.848,98919,21.813,-2.1745,0.36735,-9.3212,-0.46736,4.3377,-3.936,NaN,NaN,NaN,NaN,NaN
484.71,-16.185,-12.185,21.351,-1.9777,-0.17246,-8.5753,-1.1625,7.5972,-4.0036,0,0,0,NaN,NaN,NaN,NaN,NaN,NaN,NaN,NaN,NaN,46.582,0,3695.1,0.0075089,NaN,NaN,NaN,NaN,NaN,-1,-1,-2.1682,0.35688,-9.3406,-0.34047,4.4456,-3.8677,NaN,NaN,NaN,NaN,NaN
484.71,-16.185,-12.187,21.342,-1.8985,-1.3505,-7.8247,-1.0724,-0.073396,-4.2072,0,0,0,NaN,NaN,NaN,NaN,NaN,NaN,NaN,NaN,NaN,46.582,0,3695.1,0.0075089,NaN,NaN,NaN,NaN,NaN,-1,-1,-2.1631,0.36115,-9.3957,-0.22885,4.1865,-3.8497,NaN,NaN,NaN,NaN,NaN
484.71,-16.184,-12.182,21.331,-2.4149,0.8024,-12.847,-1.0527,3.1002,-3.8012,0,0,0,NaN,NaN,NaN,NaN,NaN,NaN,NaN,NaN,NaN,46.582,0,3695.1,0.0075089,NaN,NaN,NaN,NaN,19.663,98946,21.938,-2.1597,0.37482,-9.4259,-0.15149,4.32,-3.9122,NaN,NaN,NaN,NaN,NaN
484.71,-16.18,-12.167,21.318,-1.768,0.83692,-9.3531,0.43149,7.0527,-3.6059,0.65111,0.27175,-0.88139,NaN,NaN,NaN,NaN,NaN,NaN,NaN,NaN,NaN,46.582,0,3695.1,0.0075089,0.66028,2.1473,0.30063,0.011654,NaN,-1,-1,-2.1507,0.38116,-9.4473,-0.045311,4.2308,-3.8598,NaN,NaN,NaN,NaN,NaN
484.72,-16.175,-12.159,21.306,-2.2686,0.33401,-9.6501,0.33707,4.0496,-4.0573,0,0,0,NaN,NaN,NaN,NaN,NaN,NaN,NaN,NaN,NaN,46.582,0,3695.1,0.0075089,NaN,NaN,NaN,NaN,NaN,-1,-1,-2.1535,0.39161,-9.4864,0.10046,4.0296,-3.7679,NaN,NaN,NaN,NaN,NaN
484.72,-16.174,-12.154,21.295,-2.2215,-0.6364,-9.4603,-0.72342,3.173,-4.0994,0,0,0,NaN,NaN,NaN,NaN,NaN,NaN,NaN,NaN,NaN,46.582,0,3695.1,0.0075089,NaN,NaN,NaN,NaN,19.175,98924,21.813,-2.1599,0.39239,-9.525,0.21282,4.0805,-3.6937,NaN,NaN,NaN,NaN,NaN
484.72,-16.17,-12.149,21.287,-1.9841,2.3272,-11.195,0.23325,2.4916,-3.0288,0,0,0,NaN,NaN,NaN,NaN,NaN,NaN,NaN,NaN,NaN,46.582,0,3695.1,0.0075089,NaN,NaN,NaN,NaN,NaN,-1,-1,-2.1558,0.39035,-9.5485,0.2814,3.931,-3.6219,NaN,NaN,NaN,NaN,NaN
484.72,-16.161,-12.137,21.274,-2.9522,0.33294,-11.229,2.1146,5.825,-3.8401,0.65062,0.26454,-0.87684,NaN,NaN,NaN,NaN,NaN,NaN,NaN,NaN,NaN,46.582,0,3695.1,0.0075089,0.65864,2.142,0.2848,-0.00083241,19.701,98928,21.813,-2.1503,0.41,-9.5672,0.32453,3.8027,-3.5573,NaN,NaN,NaN,NaN,NaN
484.73,-16.155,-12.125,21.264,-1.736,0.42652,-8.2337,1.2576,5.631,-2.9563,0,0,0,NaN,NaN,NaN,NaN,NaN,NaN,NaN,NaN,NaN,46.582,0,3695.1,0.0075089,0.65864,2.142,0.2848,-0.00083241,NaN,-1,-1,-2.1542,0.39954,-9.6206,0.41595,3.8169,-3.5035,NaN,NaN,NaN,NaN,NaN
484.73,-16.152,-12.119,21.254,-2.039,0.30087,-9.2482,-0.16066,3.2882,-3.5253,0,0,0,NaN,NaN,NaN,NaN,NaN,NaN,NaN,NaN,NaN,46.582,0,3695.1,0.0075089,NaN,NaN,NaN,NaN,NaN,-1,-1,-2.1546,0.38669,-9.6547,0.50289,3.6789,-3.4513,NaN,NaN,NaN,NaN,NaN
484.73,-16.147,-12.118,21.246,-2.1292,-1.453,-10.948,0.75797,1.0949,-3.6403,0,0,0,NaN,NaN,NaN,NaN,NaN,NaN,NaN,NaN,NaN,46.582,0,3695.1,0.0075089,NaN,NaN,NaN,NaN,19.867,98931,21.813,-2.1441,0.40124,-9.6463,0.47244,3.6478,-3.4067,NaN,NaN,NaN,NaN,NaN
484.73,-16.14,-12.096,21.222,-1.5174,0.54325,-7.7216,1.1096,3.5311,-3.9295,0,0,0,NaN,NaN,NaN,NaN,NaN,NaN,NaN,NaN,NaN,46.582,0,3695.1,0.0075089,NaN,NaN,NaN,NaN,NaN,-1,-1,-2.1434,0.40042,-9.6903,0.46288,3.6756,-3.3734,NaN,NaN,NaN,NaN,NaN
484.74,-16.134,-12.096,21.213,-2.3494,0.24244,-11.547,1.0774,1.1062,-3.6636,0,0,0,NaN,NaN,NaN,NaN,NaN,NaN,NaN,NaN,NaN,46.582,0,3695.1,0.0075089,NaN,NaN,NaN,NaN,NaN,-1,-1,-2.135,0.39271,-9.6104,0.51795,3.477,-3.3236,NaN,NaN,NaN,NaN,NaN
484.74,-16.132,-12.082,21.2,-2.7189,-0.040013,-11.608,-0.48587,6.4119,-3.9343,0,0,0,NaN,NaN,NaN,NaN,NaN,NaN,NaN,NaN,NaN,46.582,0,3695.1,0.0075089,0.59239,2.2344,0.2136,0.09656,19.824,98900,21.688,-2.1278,0.39333,-9.6413,0.6223,3.4523,-3.2626,NaN,NaN,NaN,NaN,NaN
484.74,-16.128,-12.071,21.19,-1.2962,1.5629,-9.0147,0.29038,5.232,-3.0479,0.64375,0.27955,-0.87745,NaN,NaN,NaN,NaN,NaN,NaN,NaN,NaN,NaN,46.582,0,3695.1,0.0075089,NaN,NaN,NaN,NaN,NaN,-1,-1,-2.1332,0.39961,-9.6794,0.59367,3.5799,-3.2007,NaN,NaN,NaN,NaN,NaN
484.74,-16.12,-12.07,21.181,-2.6808,0.78986,-10.532,1.955,1.3228,-3.4422,0,0,0,NaN,NaN,NaN,NaN,NaN,NaN,NaN,NaN,NaN,46.582,0,3695.1,0.0075089,NaN,NaN,NaN,NaN,19.6,98953,21.938,-2.1399,0.39534,-9.7721,0.59109,3.3888,-3.1837,NaN,NaN,NaN,NaN,NaN
484.75,-16.113,-12.06,21.171,-2.6469,0.46413,-12.148,1.7753,4.8037,-3.0552,0,0,0,NaN,NaN,NaN,NaN,NaN,NaN,NaN,NaN,NaN,46.582,0,3695.1,0.0075089,NaN,NaN,NaN,NaN,NaN,-1,-1,-2.1288,0.40356,-9.6716,0.56177,3.2606,-3.1474,NaN,NaN,NaN,NaN,NaN
484.75,-16.108,-12.044,21.159,-1.9798,0.7265,-7.4183,0.41614,7.2245,-3.4676,0,0,0,NaN,NaN,NaN,NaN,NaN,NaN,NaN,NaN,NaN,46.582,0,3695.1,0.0075089,NaN,NaN,NaN,0.10405,NaN,-1,-1,-2.125,0.40697,-9.6889,0.53352,3.4533,-3.149,NaN,NaN,NaN,NaN,NaN
484.75,-16.103,-12.048,21.151,-1.7075,-0.4102,-9.9679,0.80632,-0.64521,-3.4866,0.661,0.27658,-0.8805,NaN,NaN,NaN,NaN,NaN,NaN,NaN,NaN,NaN,46.582,0,3695.1,0.0075089,NaN,NaN,NaN,0.10405,19.512,98913,21.75,-2.1308,0.39148,-9.7549,0.46981,3.2734,-3.1243,NaN,NaN,NaN,NaN,NaN
484.75,-16.102,-12.038,21.141,-2.8164,-1.1877,-12.457,-0.65884,4.5429,-3.4312,0,0,0,NaN,NaN,NaN,NaN,NaN,NaN,NaN,NaN,NaN,46.582,0,3695.1,0.0075089,NaN,NaN,NaN,NaN,NaN,-1,-1,-2.1297,0.41548,-9.83,0.3924,3.373,-3.1304,NaN,NaN,NaN,NaN,NaN
484.76,0,0,0,0,0,0,0,0,0,0,0,0,NaN,NaN,NaN,NaN,NaN,NaN,NaN,NaN,NaN,46.582,0,3695.1,0.0075089,NaN,NaN,NaN,NaN,NaN,-1,-1,-2.1227,0.42089,-9.8286,0.37645,3.4073,-3.1083,NaN,NaN,NaN,NaN,NaN
484.76,-16.093,-12.023,21.12,-2.0322,0.50567,-8.8995,0.3318,1.2615,-3.5979,0,0,0,NaN,NaN,NaN,NaN,NaN,NaN,NaN,NaN,NaN,46.582,0,3695.1,0.0075089,NaN,NaN,NaN,NaN,19.257,98918,21.75,-2.1233,0.42048,-9.8853,0.35792,3.3095,-3.088,NaN,NaN,NaN,NaN,NaN
484.76,-16.09,-12.018,21.109,-2.0644,0.49377,-11.356,-0.35569,3.0896,-3.8428,0.65868,0.2663,-0.88762,NaN,NaN,NaN,NaN,NaN,NaN,NaN,NaN,NaN,46.582,0,3682.3,0.0075089,NaN,NaN,NaN,NaN,NaN,-1,-1,-2.1273,0.42019,-9.9399,0.28678,3.3792,-3.07,NaN,NaN,NaN,NaN,NaN
484.76,-16.087,-12.004,21.098,-2.2242,0.81801,-10.837,-0.18644,6.4561,-3.1653,0,0,0,NaN,NaN,NaN,NaN,NaN,NaN,NaN,NaN,NaN,46.582,0,3682.3,0.0075089,0.60608,2.2338,0.22395,0.081576,19.765,98923,21.813,-2.126,0.44317,-9.9433,0.18424,3.5872,-3.0773,NaN,NaN,NaN,NaN,NaN
484.77,0,0,0,0,0,0,0,0,0,0,0,0,NaN,NaN,NaN,NaN,NaN,NaN,NaN,NaN,NaN,46.582,0,3682.3,0.0075089,NaN,NaN,NaN,NaN,NaN,-1,-1,-2.1167,0.46914,-9.9953,0.1112,3.3694,-3.0834,NaN,NaN,NaN,NaN,NaN
484.77,-16.076,-11.995,21.08,-2.6093,0.65036,-11.863,1.0287,3.6298,-2.8159,0,0,0,NaN,NaN,NaN,NaN,NaN,NaN,NaN,NaN,NaN,46.582,0,3682.3,0.0075089,NaN,NaN,NaN,NaN,NaN,-1,-1,-2.1152,0.47598,-10.015,-0.0020433,3.2239,-3.1097,NaN,NaN,NaN,NaN,NaN
484.77,-16.072,-11.982,21.068,-1.6882,0.37273,-8.6593,0.10365,6.2415,-3.436,0.66098,0.26639,-0.88511,NaN,NaN,NaN,NaN,NaN,NaN,NaN,NaN,NaN,46.572,0,3682.3,0.0075089,NaN,NaN,NaN,NaN,19.787,98978,22,-2.1083,0.46179,-10.01,-0.12189,3.3593,-3.1225,NaN,NaN,NaN,NaN,NaN
484.77,-16.071,-11.978,21.059,-2.8058,0.53398,-8.8718,-0.76129,2.4591,-3.5602,0,0,0,NaN,NaN,NaN,NaN,NaN,NaN,NaN,NaN,NaN,46.572,0,3682.3,0.0075089,NaN,NaN,NaN,NaN,NaN,-1,-1,-2.103,0.47131,-10.056,-0.22472,3.4043,-3.1578,NaN,NaN,NaN,NaN,NaN
484.78,-16.069,-11.965,21.039,-1.6897,1.0722,-10.292,-0.017074,4.431,-3.4533,0,0,0,NaN,NaN,NaN,NaN,NaN,NaN,NaN,NaN,NaN,46.572,0,3682.3,0.0075089,NaN,NaN,NaN,NaN,NaN,-1,-1,-2.1238,0.46601,-10.149,-0.30204,3.2295,-3.1887,NaN,NaN,NaN,NaN,NaN
484.78,-16.068,-11.965,21.032,-2.5506,0.27396,-9.8208,-0.45951,4.1043,-3.6139,0.65338,0.25656,-0.88579,8.5739,22.127,-4.9465,24.24,40.059,-88.55,3.6781e+05,4.4355e+06,314.53,46.572,0,3682.3,0.0075089,NaN,NaN,NaN,NaN,19.679,98937,21.813,-2.1171,0.4824,-10.146,-0.37674,3.2915,-3.1842,24.24,0.081568,-0.060296,-0.14252,0.1928
484.78,-16.067,-11.961,21.022,-1.7789,-0.19724,-9.0422,-1.0626,2.753,-3.6527,0,0,0,NaN,NaN,NaN,NaN,NaN,NaN,NaN,NaN,NaN,46.572,0,3682.3,0.0075089,NaN,NaN,NaN,NaN,19.429,98905,21.75,-2.1232,0.45541,-10.193,-0.39929,3.285,-3.2192,NaN,NaN,NaN,NaN,NaN
484.78,-16.068,-11.953,21.012,-2.2083,1.4579,-11.849,-1.5005,3.8985,-3.5084,0,0,0,NaN,NaN,NaN,NaN,NaN,NaN,NaN,NaN,NaN,46.572,0,3682.3,0.0075089,NaN,NaN,NaN,NaN,NaN,-1,-1,-2.1202,0.47146,-10.215,-0.4641,3.3522,-3.2346,NaN,NaN,NaN,NaN,NaN
484.79,-16.063,-11.946,21.002,-2.7223,1.721,-10.388,0.81469,3.5276,-3.4102,0,0,0,NaN,NaN,NaN,NaN,NaN,NaN,NaN,NaN,NaN,46.572,0,3682.3,0.0075089,0.60389,2.2356,0.2349,0.052442,NaN,-1,-1,-2.117,0.48828,-10.251,-0.55948,3.41,-3.2395,NaN,NaN,NaN,NaN,NaN
484.79,-16.055,-11.933,20.983,-2.0366,1.3833,-10.163,0.09534,2.352,-3.0067,0,0,0,NaN,NaN,NaN,NaN,NaN,NaN,NaN,NaN,NaN,46.572,0,3682.3,0.0075089,NaN,NaN,NaN,NaN,NaN,-1,-1,-2.1359,0.46929,-10.346,-0.59236,3.2523,-3.2828,NaN,NaN,NaN,NaN,NaN
484.79,-16.054,-11.921,20.971,-2.7251,0.076976,-10.694,-1.0764,5.8702,-3.6963,0,0,0,NaN,NaN,NaN,NaN,NaN,NaN,NaN,NaN,NaN,46.572,0,3682.3,0.0075089,NaN,NaN,NaN,NaN,19.432,98952,21.938,-2.1345,0.47012,-10.387,-0.70277,3.286,-3.3289,NaN,NaN,NaN,NaN,NaN
484.79,-16.057,-11.913,20.952,-2.3761,0.95346,-11.313,-2.5682,2.2445,-3.5741,0.6612,0.26612,-0.88948,NaN,NaN,NaN,NaN,NaN,NaN,NaN,NaN,NaN,46.572,0,3682.3,0.0075089,NaN,NaN,NaN,NaN,NaN,-1,-1,-2.1329,0.49876,-10.437,-0.82015,3.2019,-3.3778,NaN,NaN,NaN,NaN,NaN
484.8,-16.053,-11.909,20.942,-2.0869,1.6253,-11.649,0.31879,2.5434,-3.8684,0,0,0,NaN,NaN,NaN,NaN,NaN,NaN,NaN,NaN,NaN,46.572,0,3682.3,0.0075089,NaN,NaN,NaN,NaN,NaN,-1,-1,-2.1354,0.48711,-10.483,-0.92635,3.2113,-3.4353,NaN,NaN,NaN,NaN,NaN
484.8,-16.053,-11.899,20.931,-2.0689,-0.49912,-10.009,-1.0365,4.8605,-3.6336,0,0,0,NaN,NaN,NaN,NaN,NaN,NaN,NaN,NaN,NaN,46.572,0,3682.3,0.0075089,NaN,NaN,NaN,NaN,19.638,98911,21.75,-2.1316,0.48075,-10.503,-0.97863,3.3025,-3.4675,NaN,NaN,NaN,NaN,NaN
484.8,-16.055,-11.893,20.92,-2.4189,-0.025137,-10.196,-2.2383,3.2071,-3.9141,0,0,0,NaN,NaN,NaN,NaN,NaN,NaN,NaN,NaN,NaN,46.572,0,3682.3,0.0075089,0.65317,2.1241,0.28602,0.021643,NaN,-1,-1,-2.1274,0.51627,-10.548,-0.98117,3.1869,-3.5095,NaN,NaN,NaN,NaN,NaN
484.8,-16.055,-11.891,20.912,-1.8679,2.6083,-11.291,-1.2775,1.5425,-3.2648,0.656,0.26904,-0.88305,NaN,NaN,NaN,NaN,NaN,NaN,NaN,NaN,NaN,46.572,0,3682.3,0.0075089,NaN,NaN,NaN,NaN,19.617,98915,21.75,-2.1406,0.50579,-10.612,-1.016,3.2892,-3.5321,NaN,NaN,NaN,NaN,NaN
484.81,-16.052,-11.884,20.901,-2.7877,-0.026015,-12.576,0.13539,3.9402,-3.586,0,0,0,NaN,NaN,NaN,NaN,NaN,NaN,NaN,NaN,NaN,46.572,0,3682.3,0.0075089,NaN,NaN,NaN,NaN,NaN,-1,-1,-2.1364,0.49201,-10.622,-1.076,3.5042,-3.5681,NaN,NaN,NaN,NaN,NaN
484.81,-16.051,-11.873,20.891,-2.1569,0.42127,-9.7129,-0.88218,5.2096,-2.954,0,0,0,NaN,NaN,NaN,NaN,NaN,NaN,NaN,NaN,NaN,46.572,0,3682.3,0.0075089,NaN,NaN,NaN,NaN,NaN,-1,-1,-2.1281,0.50945,-10.657,-1.1038,3.3265,-3.5995,NaN,NaN,NaN,NaN,NaN
484.81,-16.052,-11.866,20.881,-1.9637,1.3358,-9.4591,-1.8197,3.4646,-3.67,0,0,0,NaN,NaN,NaN,NaN,NaN,NaN,NaN,NaN,NaN,46.572,0,3682.3,0.0075089,0.5902,2.1026,0.29211,NaN,19.699,98919,21.75,-2.1316,0.49799,-10.71,-1.2159,3.4755,-3.6605,NaN,NaN,NaN,NaN,NaN
484.81,-16.052,-11.867,20.872,-2.1292,-1.586,-11.988,-1.1824,0.59633,-3.8282,0.6537,0.26895,-0.88556,NaN,NaN,NaN,NaN,NaN,NaN,NaN,NaN,NaN,46.572,0,3682.3,0.0075089,NaN,NaN,NaN,0.056604,NaN,-1,-1,-2.1287,0.4902,-10.747,-1.344,3.4183,-3.5762,NaN,NaN,NaN,NaN,NaN
484.82,-16.055,-11.849,20.85,-1.8226,1.5861,-9.0696,-0.96016,2.8915,-3.7292,0,0,0,NaN,NaN,NaN,NaN,NaN,NaN,NaN,NaN,NaN,46.572,0,3682.3,0.0075089,NaN,NaN,NaN,NaN,NaN,-1,-1,-2.1311,0.50705,-10.835,-1.4343,3.2435,-3.6191,NaN,NaN,NaN,NaN,NaN
484.82,-16.055,-11.851,20.843,-1.9948,0.64331,-11.463,-0.95948,-0.1029,-3.5033,0,0,0,NaN,NaN,NaN,NaN,NaN,NaN,NaN,NaN,NaN,46.572,0,3682.3,0.0075089,NaN,NaN,NaN,NaN,19.679,98935,21.813,-2.1364,0.4906,-10.883,-1.518,3.3485,-3.6475,NaN,NaN,NaN,NaN,NaN
484.82,-16.057,-11.841,20.83,-2.3926,-1.0952,-13.332,-2.2874,4.8161,-3.981,0.65842,0.25883,-0.88743,NaN,NaN,NaN,NaN,NaN,NaN,NaN,NaN,NaN,46.572,0,3682.3,0.0075089,NaN,NaN,NaN,NaN,19.43,98940,21.875,-2.1241,0.4942,-10.881,-1.5612,3.3599,-3.6684,NaN,NaN,NaN,NaN,NaN
484.82,-16.058,-11.829,20.819,-2.0198,1.9553,-10.222,-1.6582,5.8277,-3.1489,0,0,0,NaN,NaN,NaN,NaN,NaN,NaN,NaN,NaN,NaN,46.572,0,3682.3,0.0075089,NaN,NaN,NaN,NaN,NaN,-1,-1,-2.1276,0.4973,-10.953,-1.6978,3.3093,-3.5599,NaN,NaN,NaN,NaN,NaN
484.83,-16.056,-11.826,20.811,-2.324,1.2962,-10.074,-0.15905,1.8148,-3.4078,0,0,0,NaN,NaN,NaN,NaN,NaN,NaN,NaN,NaN,NaN,46.572,0,3682.3,0.0075089,NaN,NaN,NaN,NaN,NaN,-1,-1,-2.1208,0.50508,-10.984,-1.7572,3.3908,-3.5255,NaN,NaN,NaN,NaN,NaN
484.83,-16.055,-11.824,20.803,-2.0436,-0.59622,-13.059,-0.675,1.6272,-3.2891,0,0,0,NaN,NaN,NaN,NaN,NaN,NaN,NaN,NaN,NaN,46.572,0,3682.3,0.0075089,NaN,NaN,NaN,NaN,NaN,-1,-1,-2.118,0.4982,-11.02,-1.8409,3.5134,-3.5392,NaN,NaN,NaN,NaN,NaN
484.83,-16.058,-11.807,20.789,-2.3565,1.2466,-10.126,-2.8236,7.668,-3.6515,0.64667,0.2739,-0.88849,NaN,NaN,NaN,NaN,NaN,NaN,NaN,NaN,NaN,46.572,0,3682.3,0.0075089,NaN,NaN,NaN,NaN,19.47,98934,21.813,-2.1218,0.513,-11.085,-2.0193,3.526,-3.5226,NaN,NaN,NaN,NaN,NaN
484.83,-16.063,-11.803,20.771,-1.9853,-1.5927,-11.595,-2.4606,-0.13952,-3.7706,0,0,0,NaN,NaN,NaN,NaN,NaN,NaN,NaN,NaN,NaN,46.572,0,3682.3,0.0075089,NaN,NaN,NaN,NaN,NaN,-1,-1,-2.1185,0.52035,-11.116,-2.0882,3.4418,-3.5379,NaN,NaN,NaN,NaN,NaN
484.84,-16.065,-11.793,20.759,-2.2986,1.2409,-12.812,-2.2462,5.2355,-3.4804,0,0,0,NaN,NaN,NaN,NaN,NaN,NaN,NaN,NaN,NaN,46.572,0,3682.3,0.0075089,0.59951,2.235,0.22091,0.091565,NaN,-1,-1,-2.1176,0.53667,-11.164,-2.1464,3.4417,-3.5426,NaN,NaN,NaN,NaN,NaN
484.84,-16.067,-11.785,20.75,-1.3881,1.2917,-9.4784,-1.7133,3.604,-3.189,0.64359,0.25667,-0.88647,NaN,NaN,NaN,NaN,NaN,NaN,NaN,NaN,NaN,46.572,0,3682.3,0.0075089,NaN,NaN,NaN,NaN,19.738,98893,21.625,-2.1112,0.52653,-11.219,-2.2401,3.4561,-3.5304,NaN,NaN,NaN,NaN,NaN
484.84,-16.069,-11.784,20.74,-2.4565,-1.5463,-12.931,-2.321,1.6451,-4.116,0,0,0,NaN,NaN,NaN,NaN,NaN,NaN,NaN,NaN,NaN,46.572,0,3682.3,0.0075089,NaN,NaN,NaN,NaN,19.555,98928,21.813,-2.1073,0.51769,-11.26,-2.2947,3.4313,-3.5183,NaN,NaN,NaN,NaN,NaN
484.84,-16.075,-11.772,20.729,-1.8146,1.0875,-11.251,-3.615,5.7386,-3.1962,0,0,0,NaN,NaN,NaN,NaN,NaN,NaN,NaN,NaN,NaN,46.572,0,3682.3,0.0075089,NaN,NaN,NaN,NaN,NaN,-1,-1,-2.1029,0.52218,-11.306,-2.3139,3.4241,-3.5099,NaN,NaN,NaN,NaN,NaN
484.85,-16.075,-11.768,20.72,-2.6444,2.6042,-11.074,-0.96171,2.3746,-3.4937,0,0,0,NaN,NaN,NaN,NaN,NaN,NaN,NaN,NaN,NaN,46.572,0,3682.3,0.0075089,0.6455,2.136,0.28055,-0.00083241,NaN,-1,-1,-2.0957,0.50944,-11.364,-2.3402,3.4166,-3.4834,NaN,NaN,NaN,NaN,NaN
484.85,-16.073,-11.762,20.71,-2.3968,-0.3559,-12.287,-0.38497,3.1067,-3.2509,0.65138,0.26377,-0.89037,NaN,NaN,NaN,NaN,NaN,NaN,NaN,NaN,NaN,46.572,0,3682.3,0.0075089,NaN,2.136,NaN,NaN,NaN,-1,-1,-2.1,0.5004,-11.406,-2.3106,3.3856,-3.4697,NaN,NaN,NaN,NaN,NaN
484.85,-16.075,-11.749,20.699,-1.8289,-0.11618,-9.5287,-2.1783,5.9535,-3.3622,0,0,0,NaN,NaN,NaN,NaN,NaN,NaN,NaN,NaN,NaN,46.572,0,3682.3,0.0075089,NaN,NaN,NaN,NaN,19.721,98913,21.75,-2.0889,0.5021,-11.475,-2.4293,3.3305,-3.4649,NaN,NaN,NaN,NaN,NaN
484.85,-16.08,-11.743,20.69,-2.5763,1.2955,-10.753,-3.3014,3.1293,-3.2661,0,0,0,NaN,NaN,NaN,NaN,NaN,NaN,NaN,NaN,NaN,46.572,0,3682.3,0.0075089,NaN,NaN,NaN,NaN,NaN,-1,-1,-2.0875,0.5029,-11.517,-2.4157,3.1903,-3.4696,NaN,NaN,NaN,NaN,NaN
484.86,-16.087,-11.734,20.67,-2.1456,0.29308,-12.07,-3.2214,5.6113,-3.3436,0.64401,0.26648,-0.88873,NaN,NaN,NaN,NaN,NaN,NaN,NaN,NaN,NaN,46.572,0,3682.3,0.0075089,NaN,NaN,NaN,NaN,NaN,-1,-1,-2.0793,0.48962,-11.569,-2.3784,3.2823,-3.4636,NaN,NaN,NaN,NaN,NaN
484.86,-16.09,-11.729,20.66,-1.6491,0.31466,-10.42,-2.199,2.6596,-3.5446,0,0,0,NaN,NaN,NaN,NaN,NaN,NaN,NaN,NaN,NaN,46.572,0,3682.3,0.0075089,NaN,NaN,NaN,NaN,19.386,98930,21.813,-2.0695,0.49807,-11.628,-2.3173,3.2289,-3.4576,NaN,NaN,NaN,NaN,NaN
484.86,-16.093,-11.726,20.651,-2.389,0.46712,-12.135,-2.6347,2.0747,-3.5901,0,0,0,NaN,NaN,NaN,NaN,NaN,NaN,NaN,NaN,NaN,46.572,0,3682.3,0.0075089,0.6028,2.2392,0.23003,0.074085,20.153,98939,21.813,-2.0681,0.48571,-11.706,-2.2059,3.2479,-3.4235,NaN,NaN,NaN,NaN,NaN
484.86,-16.098,-11.713,20.638,-2.2013,-0.33878,-11.661,-3.2254,6.1144,-3.8628,0,0,0,NaN,NaN,NaN,NaN,NaN,NaN,NaN,NaN,NaN,46.572,0,3682.3,0.0075089,NaN,NaN,NaN,NaN,NaN,-1,-1,-2.0605,0.47972,-11.749,-2.0433,3.346,-3.4055,NaN,NaN,NaN,NaN,NaN
484.87,-16.101,-11.712,20.631,-1.7675,2.2672,-10.3,-2.2283,1.2837,-2.9655,0.65334,0.25653,-0.88559,NaN,NaN,NaN,NaN,NaN,NaN,NaN,NaN,NaN,46.572,0,3682.3,0.0075089,NaN,NaN,NaN,NaN,NaN,-1,-1,-2.0506,0.48427,-11.807,-1.7943,3.258,-3.3527,NaN,NaN,NaN,NaN,NaN
484.87,-16.1,-11.708,20.622,-2.8187,0.27174,-13.05,-0.97042,2.3184,-3.4852,0,0,0,NaN,NaN,NaN,NaN,NaN,NaN,NaN,NaN,NaN,46.572,0,3682.3,0.0075089,NaN,NaN,NaN,NaN,NaN,-1,-1,-2.046,0.48805,-11.868,-1.5706,3.4334,-3.3224,NaN,NaN,NaN,NaN,NaN
484.87,-16.101,-11.693,20.611,-2.1047,0.47993,-10.578,-1.4357,6.7282,-2.8767,0,0,0,NaN,NaN,NaN,NaN,NaN,NaN,NaN,NaN,NaN,46.582,0,3689.4,0.0069644,0.65043,2.1414,0.28846,NaN,19.74,98904,21.688,-2.043,0.48363,-11.937,-1.3434,3.4373,-3.2931,NaN,NaN,NaN,NaN,NaN
484.87,-16.106,-11.692,20.594,-1.9315,-1.7423,-11.675,-2.1421,-0.14926,-3.5876,0.65648,0.27115,-0.88991,NaN,NaN,NaN,NaN,NaN,NaN,NaN,NaN,NaN,46.582,0,3689.4,0.0069644,NaN,NaN,NaN,-0.0033296,NaN,-1,-1,-2.0383,0.48757,-12.005,-1.075,3.2547,-3.2516,NaN,NaN,NaN,NaN,NaN
484.88,-16.111,-11.679,20.583,-2.355,0.46671,-13.748,-3.2483,6.2148,-3.1567,0,0,0,NaN,NaN,NaN,NaN,NaN,NaN,NaN,NaN,NaN,46.582,0,3689.4,0.0069644,NaN,NaN,NaN,NaN,NaN,-1,-1,-2.0311,0.47582,-12.039,-0.71038,3.1526,-3.2196,NaN,NaN,NaN,NaN,NaN
484.88,-16.109,-11.676,20.575,-1.4316,1.5645,-9.3005,-0.030252,1.6749,-3.427,0,0,0,NaN,NaN,NaN,NaN,NaN,NaN,NaN,NaN,NaN,46.582,0,3689.4,0.0069644,NaN,NaN,NaN,NaN,19.99,98934,21.813,-2.0206,0.47719,-12.101,-0.37759,3.3669,-3.1717,NaN,NaN,NaN,NaN,NaN
484.88,-16.107,-11.677,20.567,-2.5713,-0.52615,-13.495,-0.64349,0.45252,-3.5845,0,0,0,NaN,NaN,NaN,NaN,NaN,NaN,NaN,NaN,NaN,46.582,0,3689.4,0.0069644,NaN,NaN,NaN,NaN,20.009,98902,21.688,-2.0174,0.47495,-12.212,0.090618,3.3735,-3.112,NaN,NaN,NaN,NaN,NaN
484.88,-16.107,-11.66,20.548,-1.5666,2.8734,-10.888,-0.16564,1.6561,-2.6017,0,0,0,NaN,NaN,NaN,NaN,NaN,NaN,NaN,NaN,NaN,46.582,0,3689.4,0.0069644,NaN,NaN,NaN,NaN,NaN,-1,-1,-2.0151,0.46206,-12.247,0.54696,3.4426,-3.0425,NaN,NaN,NaN,NaN,NaN
484.89,-16.098,-11.66,20.54,-3.1408,0.6185,-12.83,2.6428,0.94418,-3.5507,0,0,0,NaN,NaN,NaN,NaN,NaN,NaN,NaN,NaN,NaN,46.582,0,3689.4,0.0069644,NaN,NaN,NaN,NaN,NaN,-1,-1,-1.9943,0.4664,-12.282,1.0945,3.3457,-2.9637,NaN,NaN,NaN,NaN,NaN
484.89,-16.092,-11.647,20.531,-1.676,-0.85779,-13.241,1.0488,5.8739,-2.3875,0,0,0,NaN,NaN,NaN,NaN,NaN,NaN,NaN,NaN,NaN,46.582,0,3689.4,0.0069644,NaN,NaN,NaN,NaN,NaN,-1,-1,-1.9978,0.45813,-12.392,1.6026,3.4611,-2.883,NaN,NaN,NaN,NaN,NaN
484.89,-16.087,-11.639,20.522,-1.9375,1.4227,-9.5417,1.0696,3.5632,-2.6863,0.64658,0.26632,-0.8908,NaN,NaN,NaN,NaN,NaN,NaN,NaN,NaN,NaN,46.582,0,3689.4,0.0069644,NaN,NaN,NaN,NaN,19.991,98925,21.813,-2.0011,0.45983,-12.462,2.1144,3.3975,-2.8173,NaN,NaN,NaN,NaN,NaN
484.89,-16.078,-11.637,20.514,-2.1642,-0.013198,-12.743,2.3177,1.6568,-3.1639,0,0,0,NaN,NaN,NaN,NaN,NaN,NaN,NaN,NaN,NaN,46.582,0,3689.4,0.0069644,NaN,NaN,NaN,NaN,NaN,-1,-1,-1.9827,0.453,-12.497,2.6225,3.4111,-2.7261,NaN,NaN,NaN,NaN,NaN
484.9,-16.072,-11.629,20.505,-1.9602,-1.8646,-13.274,1.3891,3.8717,-2.9764,0,0,0,NaN,NaN,NaN,NaN,NaN,NaN,NaN,NaN,NaN,46.582,0,3689.4,0.0069644,NaN,NaN,NaN,NaN,NaN,-1,-1,-1.9838,0.47207,-12.569,3.2113,3.4228,-2.6585,NaN,NaN,NaN,NaN,NaN
484.9,-16.06,-11.623,20.498,-1.544,1.1894,-12.318,3.6557,3.1286,-2.6539,0,0,0,NaN,NaN,NaN,NaN,NaN,NaN,NaN,NaN,NaN,46.582,0,3689.4,0.0069644,0.58856,2.2255,0.21117,0.10488,20.093,98950,21.875,-1.9768,0.46099,-12.612,3.7647,3.3961,-2.5889,NaN,NaN,NaN,NaN,NaN
484.9,-16.046,-11.62,20.491,-2.5434,1.1443,-12.852,4.6626,1.7015,-2.5814,0.64388,0.2666,-0.88644,NaN,NaN,NaN,NaN,NaN,NaN,NaN,NaN,NaN,46.582,0,3689.4,0.0069644,NaN,NaN,NaN,NaN,19.822,98932,21.75,-1.96,0.44393,-12.672,4.3324,3.44,-2.489,NaN,NaN,NaN,NaN,NaN
484.9,-16.036,-11.606,20.481,-1.1368,-1.0896,-11.65,3.0162,6.2746,-2.7231,0,0,0,NaN,NaN,NaN,NaN,NaN,NaN,NaN,NaN,NaN,46.582,0,3689.4,0.0069644,NaN,NaN,NaN,NaN,NaN,-1,-1,-1.947,0.45483,-12.723,5.009,3.4447,-2.4151,NaN,NaN,NaN,NaN,NaN
484.91,-16.002,-11.596,20.47,-2.9699,2.207,-14.09,7.074,3.9651,-2.1992,0,0,0,NaN,NaN,NaN,NaN,NaN,NaN,NaN,NaN,NaN,46.582,0,3689.4,0.0069644,0.65317,2.1527,0.28906,-0.0066593,NaN,-1,-1,-1.9365,0.44345,-12.768,5.6161,3.5063,-2.3041,NaN,NaN,NaN,NaN,NaN
484.91,-15.979,-11.58,20.46,-1.9578,-0.9338,-12.059,7.7163,7.0975,-2.0322,0.64611,0.26421,-0.88394,NaN,NaN,NaN,NaN,NaN,NaN,NaN,NaN,NaN,46.582,0,3689.4,0.0069644,0.65317,2.1527,0.28906,-0.0066593,NaN,-1,-1,-1.9293,0.43936,-12.837,6.2781,3.5764,-2.2015,NaN,NaN,NaN,NaN,NaN
484.91,-15.938,-11.572,20.45,-2.9759,0.56867,-15.358,7.5041,2.9077,-1.932,0,0,0,NaN,NaN,NaN,NaN,NaN,NaN,NaN,NaN,NaN,46.582,0,3689.4,0.0069644,NaN,NaN,NaN,NaN,19.574,98981,21.938,-1.925,0.44571,-12.886,6.7958,3.7048,-2.107,NaN,NaN,NaN,NaN,NaN
484.91,-15.918,-11.558,20.442,-1.5494,-2.1651,-13.043,6.9897,5.9896,-2.055,0,0,0,NaN,NaN,NaN,NaN,NaN,NaN,NaN,NaN,NaN,46.582,0,3689.4,0.0069644,NaN,NaN,NaN,NaN,NaN,-1,-1,-1.9226,0.44349,-12.955,7.2521,3.6764,-2.0108,NaN,NaN,NaN,NaN,NaN
484.92,-15.896,-11.554,20.436,-0.77167,1.7018,-13.327,7.7615,2.0747,-2.078,0.64401,0.26648,-0.88873,NaN,NaN,NaN,NaN,NaN,NaN,NaN,NaN,NaN,46.582,0,3689.4,0.0069644,NaN,NaN,NaN,NaN,NaN,-1,-1,-1.9163,0.46151,-13.012,7.7626,3.596,-1.9508,NaN,NaN,NaN,NaN,NaN
484.92,-15.871,-11.551,20.432,-2.7231,0.48323,-13.615,9.3978,1.6042,-1.6852,0,0,0,NaN,NaN,NaN,NaN,NaN,NaN,NaN,NaN,NaN,46.582,0,3689.4,0.0069644,NaN,NaN,NaN,NaN,19.322,98977,21.938,-1.9067,0.45978,-13.037,8.2326,3.6827,-1.8743,NaN,NaN,NaN,NaN,NaN
484.92,-15.849,-11.529,20.422,-1.6474,-0.53389,-13.311,7.4721,9.1413,-1.8167,0,0,0,NaN,NaN,NaN,NaN,NaN,NaN,NaN,NaN,NaN,46.582,0,3689.4,0.0069644,NaN,NaN,NaN,NaN,19.572,98914,21.688,-1.8965,0.43923,-13.09,8.6045,3.7903,-1.8023,NaN,NaN,NaN,NaN,NaN
484.92,-15.826,-11.53,20.42,-0.98692,1.1621,-12.328,8.5748,-0.029278,-1.5967,0,0,0,NaN,NaN,NaN,NaN,NaN,NaN,NaN,NaN,NaN,46.582,0,3689.4,0.0069644,0.6017,2.1038,0.30367,0.044118,NaN,-1,-1,-1.8886,0.44714,-13.15,8.9786,3.5981,-1.7271,NaN,NaN,NaN,NaN,NaN
484.93,-15.798,-11.527,20.415,-2.7516,2.3636,-16.546,10.602,1.3127,-1.5466,0.64866,0.25387,-0.89061,NaN,NaN,NaN,NaN,NaN,NaN,NaN,NaN,NaN,46.582,0,3689.4,0.0069644,NaN,NaN,NaN,NaN,NaN,-1,-1,-1.8813,0.45342,-13.183,9.2573,3.6585,-1.6724,NaN,NaN,NaN,NaN,NaN
484.93,-15.766,-11.506,20.406,-2.5219,-1.1553,-13.663,11.375,9.2241,-1.6716,0,0,0,NaN,NaN,NaN,NaN,NaN,NaN,NaN,NaN,NaN,46.582,0,3689.4,0.0069644,NaN,NaN,NaN,NaN,NaN,-1,-1,-1.8769,0.44806,-13.222,9.4882,3.8825,-1.5955,NaN,NaN,NaN,NaN,NaN
484.93,-15.739,-11.496,20.402,-0.83246,1.6245,-10.009,10.141,4.0407,-0.9361,0,0,0,NaN,NaN,NaN,NaN,NaN,NaN,NaN,NaN,NaN,46.582,0,3689.4,0.0069644,NaN,NaN,NaN,NaN,19.256,98929,21.75,-1.8706,0.44069,-13.277,9.6613,3.8482,-1.6169,NaN,NaN,NaN,NaN,NaN
484.93,-15.71,-11.499,20.4,-2.8984,0.63734,-14.953,11.113,-1.2687,-1.7245,0,0,0,NaN,NaN,NaN,NaN,NaN,NaN,NaN,NaN,NaN,46.582,0,3689.4,0.0069644,0.65426,2.1384,0.29758,NaN,NaN,-1,-1,-1.8658,0.43097,-13.281,9.7019,3.7829,-1.5505,NaN,NaN,NaN,NaN,NaN
484.94,-15.659,-11.472,20.387,-1.0398,1.0931,-11.915,8.6779,6.1101,-1.0765,0,0,0,NaN,NaN,NaN,NaN,NaN,NaN,NaN,NaN,NaN,46.582,0,3689.4,0.0069644,NaN,NaN,NaN,NaN,NaN,-1,-1,-1.862,0.43614,-13.348,9.6837,3.8561,-1.5108,NaN,NaN,NaN,NaN,NaN
484.94,-15.628,-11.471,20.384,-1.9514,0.88006,-13.152,11.71,0.22746,-1.3819,0,0,0,NaN,NaN,NaN,NaN,NaN,NaN,NaN,NaN,NaN,46.582,0,3689.4,0.0069644,NaN,NaN,NaN,NaN,19.49,98942,21.813,-1.8604,0.45624,-13.381,9.6206,3.642,-1.4998,NaN,NaN,NaN,NaN,NaN
484.94,-15.602,-11.461,20.379,-1.9707,-0.055299,-15.447,9.7628,4.3494,-1.3594,0,0,0,NaN,NaN,NaN,NaN,NaN,NaN,NaN,NaN,NaN,46.582,0,3689.4,0.0069644,NaN,NaN,NaN,NaN,NaN,-1,-1,-1.8446,0.45358,-13.386,9.4956,3.6276,-1.5183,NaN,NaN,NaN,NaN,NaN
484.94,-15.576,-11.451,20.373,-1.5626,0.49892,-14.04,9.4337,4.5008,-1.6742,0.63452,0.25618,-0.89879,NaN,NaN,NaN,NaN,NaN,NaN,NaN,NaN,NaN,46.582,0,3689.4,0.0069644,NaN,NaN,NaN,NaN,19.362,98909,21.688,-1.8385,0.44547,-13.419,9.413,3.4439,-1.4982,NaN,NaN,NaN,NaN,NaN
484.95,-15.549,-11.446,20.369,-1.7375,1.9172,-13.989,10.036,2.0643,-1.312,0,0,0,NaN,NaN,NaN,NaN,NaN,NaN,NaN,NaN,NaN,46.582,0,3689.4,0.0069644,NaN,NaN,NaN,NaN,NaN,-1,-1,-1.8385,0.46283,-13.479,9.2161,3.5097,-1.4416,NaN,NaN,NaN,NaN,NaN
484.95,-15.52,-11.435,20.362,-2.6685,-0.40977,-13.963,10.809,4.9182,-1.7656,0,0,0,NaN,NaN,NaN,NaN,NaN,NaN,NaN,NaN,NaN,46.582,0,3689.4,0.0069644,NaN,NaN,NaN,NaN,NaN,-1,-1,-1.8307,0.46536,-13.485,8.927,3.392,-1.4204,NaN,NaN,NaN,NaN,NaN
484.95,-15.495,-11.426,20.36,-1.4324,1.7483,-13.95,9.2428,3.7352,-0.62515,0,0,0,NaN,NaN,NaN,NaN,NaN,NaN,NaN,NaN,NaN,46.582,0,3689.4,0.0069644,NaN,NaN,NaN,NaN,19.466,98940,21.75,-1.8239,0.4518,-13.533,8.5715,3.2067,-1.4118,NaN,NaN,NaN,NaN,NaN
484.95,-15.468,-11.42,20.355,-2.256,1.2704,-13.509,9.7755,2.6573,-1.5385,0.64163,0.25881,-0.89355,NaN,NaN,NaN,NaN,NaN,NaN,NaN,NaN,NaN,46.582,0,3689.4,0.0069644,NaN,NaN,NaN,NaN,NaN,-1,-1,-1.8186,0.47827,-13.563,8.1651,3.1884,-1.4065,NaN,NaN,NaN,NaN,NaN
484.96,-15.447,-11.409,20.349,-1.6038,-2.6238,-14.012,7.629,4.7185,-1.5829,0,0,0,NaN,NaN,NaN,NaN,NaN,NaN,NaN,NaN,NaN,46.582,0,3689.4,0.0069644,NaN,NaN,NaN,NaN,NaN,-1,-1,-1.8169,0.48631,-13.57,7.7633,3.0721,-1.41,NaN,NaN,NaN,NaN,NaN
484.96,-15.43,-11.402,20.345,-1.4453,0.7134,-13.346,6.2501,2.6905,-1.0566,0,0,0,NaN,NaN,NaN,NaN,NaN,NaN,NaN,NaN,NaN,46.582,0,3689.4,0.0069644,NaN,NaN,NaN,NaN,19.361,98934,21.75,-1.8117,0.47698,-13.587,7.2642,2.888,-1.4175,NaN,NaN,NaN,NaN,NaN
484.96,-15.407,-11.4,20.341,-1.5247,1.951,-15.844,8.5101,1.2093,-1.9457,0,0,0,NaN,NaN,NaN,NaN,NaN,NaN,NaN,NaN,NaN,46.582,0,3689.4,0.0069644,NaN,NaN,NaN,NaN,NaN,-1,-1,-1.811,0.51288,-13.621,6.7046,2.9781,-1.4726,NaN,NaN,NaN,NaN,NaN
484.96,-15.374,-11.379,20.327,-0.71557,-0.18095,-12.983,4.2398,3.8299,-1.924,0,0,0,NaN,NaN,NaN,NaN,NaN,NaN,NaN,NaN,NaN,46.582,0,3689.4,0.0069644,NaN,NaN,NaN,NaN,19.491,98954,21.875,-1.8074,0.5117,-13.611,6.2539,2.819,-1.4855,NaN,NaN,NaN,NaN,NaN
484.97,-15.357,-11.382,20.325,-2.0938,2.9369,-15.551,5.9112,-0.92321,-1.6925,0,0,0,NaN,NaN,NaN,NaN,NaN,NaN,NaN,NaN,NaN,46.582,0,3689.4,0.0069644,NaN,NaN,NaN,NaN,NaN,-1,-1,-1.7881,0.50202,-13.531,5.8013,2.8519,-1.512,NaN,NaN,NaN,NaN,NaN
484.97,-15.339,-11.367,20.317,-2.9992,0.49183,-16.553,6.3353,6.3336,-1.9404,0,0,0,NaN,NaN,NaN,NaN,NaN,NaN,NaN,NaN,NaN,46.582,0,3689.4,0.0069644,NaN,NaN,NaN,NaN,NaN,-1,-1,-1.7799,0.48251,-13.545,5.3326,2.8879,-1.5429,NaN,NaN,NaN,NaN,NaN
484.97,-15.326,-11.353,20.311,-1.0594,-0.41747,-12.063,4.0806,5.7019,-1.1683,0.64196,0.25595,-0.90042,NaN,NaN,NaN,NaN,NaN,NaN,NaN,NaN,NaN,46.582,0,3689.4,0.0069644,NaN,NaN,NaN,NaN,19.357,98917,21.625,-1.7697,0.49039,-13.546,4.8096,2.8093,-1.5808,NaN,NaN,NaN,NaN,NaN
484.97,-15.318,-11.355,20.308,-1.5844,2.161,-12.709,2.8048,-0.2576,-1.8582,0,0,0,NaN,NaN,NaN,NaN,NaN,NaN,NaN,NaN,NaN,46.582,0,3689.4,0.0069644,0.60334,2.2356,0.23369,0.074085,NaN,-1,-1,-1.7533,0.47312,-13.458,4.2879,2.7766,-1.6187,NaN,NaN,NaN,NaN,NaN
484.98,-15.308,-11.349,20.301,-2.6641,-0.91399,-17.321,2.7814,2.8656,-2.3231,0,0,0,NaN,NaN,NaN,NaN,NaN,NaN,NaN,NaN,NaN,46.582,0,3689.4,0.0069644,NaN,NaN,NaN,NaN,NaN,-1,-1,-1.7475,0.48674,-13.471,3.7262,2.6346,-1.6484,NaN,NaN,NaN,NaN,NaN
484.98,-15.303,-11.331,20.293,-1.3605,-0.84544,-13.467,1.1556,7.4962,-1.7889,0,0,0,NaN,NaN,NaN,NaN,NaN,NaN,NaN,NaN,NaN,46.582,0,3689.4,0.0069644,NaN,NaN,NaN,NaN,19.716,98922,21.688,-1.7611,0.51648,-13.522,3.1371,2.8208,-1.7214,NaN,NaN,NaN,NaN,NaN
484.98,-15.294,-11.33,20.288,-0.94019,1.9985,-12.372,2.9375,0.78667,-1.8858,0.6483,0.24145,-0.89065,NaN,NaN,NaN,NaN,NaN,NaN,NaN,NaN,NaN,46.572,0,3690.8,0.0064211,NaN,NaN,NaN,NaN,NaN,-1,-1,-1.7652,0.5344,-13.516,2.5781,2.7038,-1.7517,NaN,NaN,NaN,NaN,NaN
484.98,-15.287,-11.331,20.284,-2.1675,-0.34838,-16.281,1.6813,-0.11098,-2.1778,0,0,0,NaN,NaN,NaN,NaN,NaN,NaN,NaN,NaN,NaN,46.572,0,3690.8,0.0064211,NaN,NaN,NaN,NaN,19.403,98918,21.688,-1.7688,0.56009,-13.536,2.1048,2.6385,-1.7856,NaN,NaN,NaN,NaN,NaN
484.99,0,0,0,0,0,0,0,0,0,0,0,0,NaN,NaN,NaN,NaN,NaN,NaN,NaN,NaN,NaN,46.572,0,3690.8,0.0064211,0.60115,2.1151,0.29332,0.042453,NaN,-1,-1,-1.7714,0.54401,-13.566,1.7139,2.8888,-1.8468,NaN,NaN,NaN,NaN,NaN
484.99,-15.285,-11.314,20.274,-1.4362,0.43287,-15.508,-0.29106,7.3382,-2.3208,0,0,0,NaN,NaN,NaN,NaN,NaN,NaN,NaN,NaN,NaN,46.572,0,3690.8,0.0064211,NaN,NaN,NaN,NaN,NaN,-1,-1,-1.769,0.56328,-13.571,1.2155,2.931,-1.8677,NaN,NaN,NaN,NaN,NaN
484.99,-15.275,-11.307,20.264,-2.6635,1.0722,-15.299,1.9585,-1.2363,-2.1543,0.64654,0.24595,-0.90001,NaN,NaN,NaN,NaN,NaN,NaN,NaN,NaN,NaN,46.572,0,3690.8,0.0064211,NaN,NaN,NaN,NaN,19.947,98947,21.813,-1.7661,0.57842,-13.552,0.79412,2.774,-1.9232,NaN,NaN,NaN,NaN,NaN
484.99,-15.272,-11.294,20.257,-2.2528,-0.30391,-16.257,0.29845,5.3977,-1.8172,0,0,0,NaN,NaN,NaN,NaN,NaN,NaN,NaN,NaN,NaN,46.572,0,3690.8,0.0064211,NaN,NaN,NaN,NaN,NaN,-1,-1,-1.7737,0.57134,-13.546,0.36475,2.8656,-1.9479,NaN,NaN,NaN,NaN,NaN
485,0,0,0,0,0,0,0,0,0,0,0,0,NaN,NaN,NaN,NaN,NaN,NaN,NaN,NaN,NaN,46.572,0,3690.8,0.0064211,NaN,NaN,NaN,NaN,NaN,-1,-1,-1.7701,0.57812,-13.556,-0.0040428,2.7716,-1.9973,NaN,NaN,NaN,NaN,NaN
485,-15.269,-11.275,20.243,-2.4107,-0.61991,-14.23,-0.85187,3.5759,-2.2226,0,0,0,NaN,NaN,NaN,NaN,NaN,NaN,NaN,NaN,NaN,46.572,0,3690.8,0.0064211,0.657,2.1378,0.29393,NaN,19.257,98943,21.813,-1.7688,0.60264,-13.527,-0.42832,2.7842,-2.0419,NaN,NaN,NaN,NaN,NaN
485,-15.27,-11.274,20.237,-1.4288,-1.7077,-14.357,-1.4135,0.81973,-2.5332,0.64886,0.25114,-0.8952,7.9625,22.411,-4.6544,24.234,40.059,-88.55,3.6782e+05,4.4355e+06,313.42,46.572,0,3690.8,0.0064211,NaN,NaN,NaN,-0.0024972,NaN,-1,-1,-1.7727,0.5979,-13.53,-0.78339,2.8246,-2.1078,24.233,-0.24879,-0.1558,-0.36837,-0.5882
485,-15.271,-11.265,20.23,-1.2082,3.07,-16.725,-1.2109,4.1572,-2.0457,0,0,0,NaN,NaN,NaN,NaN,NaN,NaN,NaN,NaN,NaN,46.572,0,3690.8,0.0064211,NaN,NaN,NaN,NaN,19.486,98921,21.688,-1.778,0.6197,-13.519,-1.0885,2.763,-2.1565,NaN,NaN,NaN,NaN,NaN
485.01,-15.269,-11.255,20.222,-2.0406,-0.26712,-12.449,-0.25972,4.353,-2.507,0,0,0,NaN,NaN,NaN,NaN,NaN,NaN,NaN,NaN,NaN,46.572,0,3690.8,0.0064211,NaN,NaN,NaN,NaN,NaN,-1,-1,-1.7781,0.64152,-13.471,-1.2987,2.7791,-2.1995,NaN,NaN,NaN,NaN,NaN
485.01,-15.272,-11.253,20.216,-1.232,-0.28436,-14.877,-1.9719,1.3714,-2.6898,0,0,0,NaN,NaN,NaN,NaN,NaN,NaN,NaN,NaN,NaN,46.572,0,3690.8,0.0064211,NaN,NaN,NaN,NaN,NaN,-1,-1,-1.7893,0.63765,-13.533,-1.4967,2.9003,-2.2,NaN,NaN,NaN,NaN,NaN
485.01,-15.266,-11.245,20.199,-1.8894,1.653,-15.595,-2.1749,3.4223,-2.5212,0.64905,0.2484,-0.89978,NaN,NaN,NaN,NaN,NaN,NaN,NaN,NaN,NaN,46.572,0,3690.8,0.0064211,0.61046,2.2422,0.23308,0.074917,19.945,98955,21.813,-1.7934,0.65128,-13.53,-1.662,2.9052,-2.224,NaN,NaN,NaN,NaN,NaN
485.01,-15.263,-11.237,20.19,-2.3074,2.5184,-14.34,0.045436,3.9308,-2.7055,0,0,0,NaN,NaN,NaN,NaN,NaN,NaN,NaN,NaN,NaN,46.572,0,3690.8,0.0064211,NaN,NaN,NaN,NaN,NaN,-1,-1,-1.801,0.65947,-13.513,-1.8673,2.8829,-2.2562,NaN,NaN,NaN,NaN,NaN
485.02,-15.264,-11.227,20.179,-1.2416,2.5846,-13.653,-1.4288,0.19738,-1.7201,0,0,0,NaN,NaN,NaN,NaN,NaN,NaN,NaN,NaN,NaN,46.572,0,3690.8,0.0064211,NaN,NaN,NaN,NaN,NaN,-1,-1,-1.7998,0.668,-13.468,-2.051,2.8938,-2.2615,NaN,NaN,NaN,NaN,NaN
485.02,-15.267,-11.215,20.17,-2.723,0.47226,-15.814,-2.1899,5.7179,-2.7219,0.64169,0.2562,-0.89584,NaN,NaN,NaN,NaN,NaN,NaN,NaN,NaN,NaN,46.572,0,3690.8,0.0064211,NaN,NaN,NaN,NaN,19.509,98930,21.75,-1.8228,0.67797,-13.539,-2.15,2.8873,-2.3016,NaN,NaN,NaN,NaN,NaN
485.02,-15.271,-11.206,20.162,-1.2821,-1.9467,-11.557,-2.5748,3.9991,-2.4064,0,0,0,NaN,NaN,NaN,NaN,NaN,NaN,NaN,NaN,NaN,46.572,0,3690.8,0.0064211,NaN,NaN,NaN,NaN,NaN,-1,-1,-1.8265,0.69779,-13.516,-2.4075,2.8734,-2.3442,NaN,NaN,NaN,NaN,NaN
485.02,-15.277,-11.207,20.157,-1.3965,1.9978,-14.639,-3.3753,-0.13115,-2.3557,0,0,0,NaN,NaN,NaN,NaN,NaN,NaN,NaN,NaN,NaN,46.572,0,3690.8,0.0064211,NaN,NaN,NaN,NaN,19.7,98939,21.813,-1.8412,0.71434,-13.516,-2.5672,2.6468,-2.3828,NaN,NaN,NaN,NaN,NaN
485.03,-15.281,-11.19,20.141,-1.9158,-0.8693,-14.49,-3.3979,6.7277,-2.4598,0.64642,0.25117,-0.89542,NaN,NaN,NaN,NaN,NaN,NaN,NaN,NaN,NaN,46.572,0,3690.8,0.0064211,NaN,NaN,NaN,NaN,NaN,-1,-1,-1.8413,0.73088,-13.502,-2.6519,2.8003,-2.4344,NaN,NaN,NaN,NaN,NaN
485.03,-15.288,-11.187,20.134,-1.269,1.5371,-11.528,-3.7017,1.9307,-2.7254,0,0,0,NaN,NaN,NaN,NaN,NaN,NaN,NaN,NaN,NaN,46.572,0,3690.8,0.0064211,NaN,NaN,NaN,NaN,NaN,-1,-1,-1.8527,0.71694,-13.473,-2.7685,2.8179,-2.4301,NaN,NaN,NaN,NaN,NaN
485.03,-15.292,-11.178,20.121,-2.8412,-1.0546,-14.291,-1.2959,4.4781,-2.8085,0,0,0,NaN,NaN,NaN,NaN,NaN,NaN,NaN,NaN,NaN,46.572,0,3690.8,0.0064211,NaN,NaN,NaN,NaN,19.552,98927,21.75,-1.8504,0.72273,-13.457,-2.8829,2.7583,-2.4608,NaN,NaN,NaN,NaN,NaN
485.03,-15.296,-11.172,20.115,-1.5863,2.1873,-13.945,-2.6398,2.8244,-1.7315,0.64872,0.25126,-0.89291,NaN,NaN,NaN,NaN,NaN,NaN,NaN,NaN,NaN,46.572,0,3690.8,0.0064211,NaN,NaN,NaN,NaN,NaN,-1,-1,-1.8619,0.73838,-13.445,-3.0262,2.7017,-2.5083,NaN,NaN,NaN,NaN,NaN
485.04,-15.301,-11.166,20.108,-2.2261,1.68,-12.037,-2.825,3.0308,-2.8655,0,0,0,NaN,NaN,NaN,NaN,NaN,NaN,NaN,NaN,NaN,46.572,0,3690.8,0.0064211,0.64824,2.1378,0.29576,0.0099889,NaN,-1,-1,-1.86,0.73753,-13.399,-3.1687,2.8156,-2.5217,NaN,NaN,NaN,NaN,NaN
485.04,-15.307,-11.162,20.1,-1.7665,-2.1943,-13.422,-3.3791,2.1919,-2.8711,0,0,0,NaN,NaN,NaN,NaN,NaN,NaN,NaN,NaN,NaN,46.572,0,3690.8,0.0064211,NaN,NaN,NaN,NaN,20.072,98956,21.875,-1.8662,0.74137,-13.374,-3.2264,2.7546,-2.5466,NaN,NaN,NaN,NaN,NaN
485.04,-15.317,-11.161,20.095,-1.5334,0.65497,-14.533,-4.8551,0.81434,-2.2762,0,0,0,NaN,NaN,NaN,NaN,NaN,NaN,NaN,NaN,NaN,46.572,0,3690.8,0.0064211,NaN,NaN,NaN,NaN,NaN,-1,-1,-1.8787,0.7524,-13.348,-3.3499,2.6811,-2.5929,NaN,NaN,NaN,NaN,NaN
485.04,-15.32,-11.157,20.087,-1.9087,1.937,-14.075,-2.4654,2.3808,-2.7478,0.63916,0.24357,-0.90067,NaN,NaN,NaN,NaN,NaN,NaN,NaN,NaN,NaN,46.572,0,3690.8,0.0064211,NaN,NaN,NaN,NaN,19.468,98923,21.75,-1.8746,0.75671,-13.302,-3.5111,2.4603,-2.5457,NaN,NaN,NaN,NaN,NaN
485.05,-15.326,-11.151,20.081,-1.7938,-0.55297,-12.936,-3.088,2.6069,-2.526,0,0,0,NaN,NaN,NaN,NaN,NaN,NaN,NaN,NaN,NaN,46.572,0,3690.8,0.0064211,NaN,NaN,NaN,NaN,NaN,-1,-1,-1.8825,0.7662,-13.248,-3.6614,2.5762,-2.5988,NaN,NaN,NaN,NaN,NaN
485.05,-15.335,-11.147,20.073,-1.6051,0.27415,-13.407,-4.865,2.3398,-2.84,0,0,0,NaN,NaN,NaN,NaN,NaN,NaN,NaN,NaN,NaN,46.572,0,3690.8,0.0064211,NaN,NaN,NaN,NaN,NaN,-1,-1,-1.8915,0.75392,-13.197,-3.6633,2.3594,-2.6166,NaN,NaN,NaN,NaN,NaN
485.05,-15.341,-11.143,20.067,-1.7393,3.0193,-13.741,-3.015,1.9005,-2.3739,0,0,0,NaN,NaN,NaN,NaN,NaN,NaN,NaN,NaN,NaN,46.572,0,3690.8,0.0064211,0.59185,2.2285,0.213,0.10239,19.764,98947,21.875,-1.8878,0.7524,-13.149,-3.7237,2.4499,-2.6217,NaN,NaN,NaN,NaN,NaN
485.05,-15.344,-11.138,20.06,-2.9261,0.58069,-14.066,-2.1093,2.5529,-2.4411,0.65101,0.24626,-0.8927,NaN,NaN,NaN,NaN,NaN,NaN,NaN,NaN,NaN,46.572,0,3690.8,0.0064211,NaN,NaN,NaN,NaN,NaN,-1,-1,-1.8931,0.77043,-13.118,-3.7547,2.3084,-2.5577,NaN,NaN,NaN,NaN,NaN
485.06,-15.35,-11.134,20.055,-1.8337,0.10169,-12.613,-3.4967,2.1007,-2.0498,0,0,0,NaN,NaN,NaN,NaN,NaN,NaN,NaN,NaN,NaN,46.572,0,3690.8,0.0064211,NaN,NaN,NaN,NaN,NaN,-1,-1,-1.9024,0.75744,-13.072,-3.8662,2.261,-2.5536,NaN,NaN,NaN,NaN,NaN
485.06,-15.357,-11.128,20.049,-1.7549,2.3999,-12.067,-3.3587,2.7264,-2.0855,0,0,0,NaN,NaN,NaN,NaN,NaN,NaN,NaN,NaN,NaN,46.572,0,3690.8,0.0064211,NaN,NaN,NaN,NaN,19.506,98929,21.688,-1.8999,0.76789,-12.992,-3.9226,2.1233,-2.5616,NaN,NaN,NaN,NaN,NaN
485.06,-15.364,-11.121,20.041,-2.6016,-0.60298,-12.512,-4.1844,3.4703,-2.661,0,0,0,NaN,NaN,NaN,NaN,NaN,NaN,NaN,NaN,NaN,46.572,0,3690.8,0.0064211,0.65207,2.1348,0.30245,NaN,NaN,-1,-1,-1.9031,0.7743,-12.958,-3.9555,2.0932,-2.5545,NaN,NaN,NaN,NaN,NaN
485.06,-15.375,-11.124,20.036,-1.2203,-1.1284,-12.39,-4.9995,-0.84173,-2.728,0.64161,0.24863,-0.89815,NaN,NaN,NaN,NaN,NaN,NaN,NaN,NaN,NaN,46.572,0,3690.8,0.0064211,NaN,NaN,NaN,0.0066593,19.698,98931,21.75,-1.9112,0.78455,-12.919,-3.9787,2.0954,-2.5764,NaN,NaN,NaN,NaN,NaN
485.07,-15.383,-11.123,20.029,-2.0027,2.551,-14.236,-4.3219,1.0969,-2.858,0,0,0,NaN,NaN,NaN,NaN,NaN,NaN,NaN,NaN,NaN,46.572,0,3690.8,0.0064211,NaN,NaN,NaN,NaN,NaN,-1,-1,-1.9226,0.80257,-12.87,-4.0768,1.9511,-2.5917,NaN,NaN,NaN,NaN,NaN
485.07,-15.391,-11.114,20.021,-1.8964,-0.096637,-12.493,-4.0874,4.1981,-2.6529,0,0,0,NaN,NaN,NaN,NaN,NaN,NaN,NaN,NaN,NaN,46.572,0,3690.8,0.0064211,NaN,NaN,NaN,NaN,NaN,-1,-1,-1.9339,0.80447,-12.826,-4.1192,1.8571,-2.6015,NaN,NaN,NaN,NaN,NaN
485.07,-15.402,-11.112,20.014,-1.8509,0.3571,-10.873,-5.3136,1.4485,-2.8718,0,0,0,NaN,NaN,NaN,NaN,NaN,NaN,NaN,NaN,NaN,46.572,0,3690.8,0.0064211,NaN,NaN,NaN,NaN,19.591,98942,21.75,-1.9368,0.80331,-12.761,-4.0418,1.8318,-2.6409,NaN,NaN,NaN,NaN,NaN
485.07,-15.411,-11.113,20.008,-2.1485,2.0547,-14.206,-4.6288,-0.085657,-2.6807,0.64404,0.24859,-0.89793,NaN,NaN,NaN,NaN,NaN,NaN,NaN,NaN,NaN,46.572,0,3690.8,0.0064211,NaN,NaN,NaN,NaN,NaN,-1,-1,-1.9419,0.82672,-12.7,-3.9649,1.7892,-2.6346,NaN,NaN,NaN,NaN,NaN
485.08,-15.416,-11.108,20.001,-2.2295,2.2169,-13.038,-3.0593,2.4205,-2.6095,0,0,0,NaN,NaN,NaN,NaN,NaN,NaN,NaN,NaN,NaN,46.572,0,3690.8,0.0064211,0.60444,2.1205,0.29758,0.035794,NaN,-1,-1,-1.9445,0.81765,-12.637,-3.959,1.8124,-2.6486,NaN,NaN,NaN,NaN,NaN
485.08,-15.422,-11.1,19.993,-2.0888,-0.7133,-11.891,-3.2674,3.911,-2.4639,0,0,0,NaN,NaN,NaN,NaN,NaN,NaN,NaN,NaN,NaN,46.572,0,3690.8,0.0064211,NaN,NaN,NaN,NaN,19.901,98952,21.75,-1.9481,0.80935,-12.589,-3.909,1.7035,-2.6707,NaN,NaN,NaN,NaN,NaN
485.08,-15.43,-11.102,19.989,-2.1632,2.785,-11.958,-3.7965,-0.36967,-2.2372,0,0,0,NaN,NaN,NaN,NaN,NaN,NaN,NaN,NaN,NaN,46.572,0,3690.8,0.0064211,NaN,NaN,NaN,NaN,NaN,-1,-1,-1.9565,0.82068,-12.524,-3.8427,1.6471,-2.6824,NaN,NaN,NaN,NaN,NaN
485.08,-15.437,-11.094,19.98,-2.4986,0.43835,-12.927,-4.0004,3.6342,-3.0552,0.63917,0.24866,-0.89837,NaN,NaN,NaN,NaN,NaN,NaN,NaN,NaN,NaN,46.572,0,3690.8,0.0064211,NaN,NaN,NaN,NaN,19.574,98964,21.875,-1.9588,0.82598,-12.472,-3.7761,1.774,-2.6888,NaN,NaN,NaN,NaN,NaN
485.09,-15.456,-11.094,19.968,-2.1744,2.208,-12.381,-4.6485,-0.12267,-2.64,0,0,0,NaN,NaN,NaN,NaN,NaN,NaN,NaN,NaN,NaN,46.572,0,3690.8,0.0064211,NaN,NaN,NaN,NaN,NaN,-1,-1,-1.9672,0.84779,-12.402,-3.7751,1.62,-2.7171,NaN,NaN,NaN,NaN,NaN
485.09,-15.462,-11.089,19.961,-1.9347,1.0219,-12.764,-3.0862,2.349,-2.6142,0,0,0,NaN,NaN,NaN,NaN,NaN,NaN,NaN,NaN,NaN,46.572,0,3690.8,0.0064211,NaN,NaN,NaN,NaN,NaN,-1,-1,-1.9704,0.84465,-12.343,-3.6461,1.6556,-2.7605,NaN,NaN,NaN,NaN,NaN
485.09,-15.469,-11.085,19.952,-1.9007,0.19688,-11.587,-4.0752,2.4842,-3.151,0.64155,0.25123,-0.89585,NaN,NaN,NaN,NaN,NaN,NaN,NaN,NaN,NaN,46.582,0,3688,0.0075089,0.59951,2.1115,0.29819,0.042453,19.553,98900,21.688,-1.9899,0.84353,-12.287,-3.5526,1.7563,-2.7441,NaN,NaN,NaN,NaN,NaN
485.09,-15.477,-11.083,19.945,-1.9258,1.246,-11.788,-4.2153,1.288,-2.935,0,0,0,NaN,NaN,NaN,NaN,NaN,NaN,NaN,NaN,NaN,46.582,0,3688,0.0075089,NaN,NaN,NaN,NaN,NaN,-1,-1,-1.9824,0.85118,-12.182,-3.371,1.6847,-2.7629,NaN,NaN,NaN,NaN,NaN
485.1,-15.482,-11.084,19.94,-2.1052,2.5067,-13.179,-2.613,-0.073912,-2.5906,0,0,0,NaN,NaN,NaN,NaN,NaN,NaN,NaN,NaN,NaN,46.582,0,3688,0.0075089,NaN,NaN,NaN,NaN,NaN,-1,-1,-1.9899,0.84547,-12.138,-3.22,1.6841,-2.7783,NaN,NaN,NaN,NaN,NaN
485.1,-15.485,-11.077,19.931,-2.9475,-0.41562,-12.21,-2.3441,3.7891,-2.9938,0,0,0,NaN,NaN,NaN,NaN,NaN,NaN,NaN,NaN,NaN,46.582,0,3688,0.0075089,0.65262,2.1354,0.29515,-0.0066593,19.637,98962,21.875,-1.9961,0.83393,-12.099,-3.1197,1.6793,-2.7977,NaN,NaN,NaN,NaN,NaN
485.1,-15.489,-11.074,19.926,-1.3354,1.6264,-12.165,-2.302,1.3725,-2.0429,0.63674,0.24869,-0.89859,NaN,NaN,NaN,NaN,NaN,NaN,NaN,NaN,NaN,46.582,0,3688,0.0075089,0.65262,2.1354,0.29515,-0.0066593,19.699,98942,21.813,-1.9978,0.84846,-12.014,-2.9154,1.6025,-2.8098,NaN,NaN,NaN,NaN,NaN
485.1,-15.495,-11.069,19.918,-2.7828,1.4341,-9.7016,-3.7432,2.853,-2.8788,0,0,0,NaN,NaN,NaN,NaN,NaN,NaN,NaN,NaN,NaN,46.582,0,3688,0.0075089,NaN,NaN,NaN,NaN,NaN,-1,-1,-1.9992,0.85605,-11.96,-2.6996,1.5946,-2.817,NaN,NaN,NaN,NaN,NaN
485.11,-15.5,-11.07,19.912,-1.4389,-1.0776,-12.525,-2.8532,0.023549,-2.8966,0,0,0,NaN,NaN,NaN,NaN,NaN,NaN,NaN,NaN,NaN,46.582,0,3688,0.0075089,NaN,NaN,NaN,NaN,NaN,-1,-1,-2.0038,0.85833,-11.917,-2.5747,1.6657,-2.8506,NaN,NaN,NaN,NaN,NaN
485.11,-15.506,-11.068,19.905,-1.9623,1.0579,-12.223,-3.3686,1.2835,-2.8772,0,0,0,NaN,NaN,NaN,NaN,NaN,NaN,NaN,NaN,NaN,46.582,0,3688,0.0075089,NaN,NaN,NaN,NaN,NaN,-1,-1,-2.0077,0.86464,-11.859,-2.3704,1.6176,-2.8778,NaN,NaN,NaN,NaN,NaN
485.11,-15.506,-11.065,19.897,-2.2226,1.5087,-12.702,-1.0591,1.7546,-3.0731,0.64426,0.25605,-0.89791,NaN,NaN,NaN,NaN,NaN,NaN,NaN,NaN,NaN,46.582,0,3688,0.0075089,NaN,NaN,NaN,NaN,19.364,98958,21.875,-2.0208,0.87007,-11.808,-2.1037,1.6015,-2.9051,NaN,NaN,NaN,NaN,NaN
485.11,-15.514,-11.059,19.882,-1.8096,0.92837,-11.272,-2.5665,1.5419,-3.0887,0,0,0,NaN,NaN,NaN,NaN,NaN,NaN,NaN,NaN,NaN,46.582,0,3688,0.0075089,NaN,NaN,NaN,NaN,NaN,-1,-1,-2.0194,0.86515,-11.767,-1.8256,1.5886,-2.8884,NaN,NaN,NaN,NaN,NaN
485.12,-15.514,-11.059,19.882,-1.8096,0.92837,-11.272,-2.5665,1.5419,-3.0887,0,0,0,NaN,NaN,NaN,NaN,NaN,NaN,NaN,NaN,NaN,46.582,0,3688,0.0075089,0.66412,2.139,0.2988,0.011654,NaN,-1,-1,-2.0252,0.87832,-11.724,-1.529,1.7224,-2.8776,NaN,NaN,NaN,NaN,NaN
485.12,-15.514,-11.058,19.876,-2.2552,2.3219,-12.746,-1.0983,1.0134,-2.6645,0,0,0,NaN,NaN,NaN,NaN,NaN,NaN,NaN,NaN,NaN,46.582,0,3688,0.0075089,NaN,NaN,NaN,NaN,19.716,98947,21.75,-2.0277,0.86383,-11.684,-1.2451,1.7329,-2.8808,NaN,NaN,NaN,NaN,NaN
485.12,-15.51,-11.053,19.867,-2.5402,0.82927,-11.883,0.49389,2.4688,-3.0925,0.64384,0.24624,-0.89565,NaN,NaN,NaN,NaN,NaN,NaN,NaN,NaN,NaN,46.582,0,3688,0.0075089,NaN,NaN,NaN,NaN,NaN,-1,-1,-2.0264,0.87473,-11.639,-1.0751,1.6537,-2.8852,NaN,NaN,NaN,NaN,NaN
485.12,-15.508,-11.045,19.853,-2.5136,1.7305,-10.29,-0.4716,3.211,-3.1918,0,0,0,NaN,NaN,NaN,NaN,NaN,NaN,NaN,NaN,NaN,46.582,0,3688,0.0075089,NaN,NaN,NaN,NaN,19.57,98947,21.75,-2.0313,0.87908,-11.614,-0.83923,1.6642,-2.884,NaN,NaN,NaN,NaN,NaN
485.13,-15.508,-11.041,19.846,-1.6016,-0.93725,-10.482,-0.86975,2.1067,-2.5301,0,0,0,NaN,NaN,NaN,NaN,NaN,NaN,NaN,NaN,NaN,46.582,0,3688,0.0075089,NaN,NaN,NaN,NaN,NaN,-1,-1,-2.0326,0.90465,-11.572,-0.57796,1.7585,-2.8802,NaN,NaN,NaN,NaN,NaN
485.13,-15.509,-11.046,19.841,-1.9325,0.33692,-12.277,-1.3852,-1.5363,-2.8191,0.63437,0.25121,-0.8988,NaN,NaN,NaN,NaN,NaN,NaN,NaN,NaN,NaN,46.582,0,3688,0.0075089,NaN,NaN,NaN,0.015816,NaN,-1,-1,-2.0376,0.91283,-11.533,-0.44592,1.7825,-2.8857,NaN,NaN,NaN,NaN,NaN
485.13,-15.504,-11.043,19.833,-2.283,1.7936,-13.607,0.86878,1.7718,-3.1863,0,0,0,NaN,NaN,NaN,NaN,NaN,NaN,NaN,NaN,NaN,46.582,0,3688,0.0075089,NaN,NaN,NaN,0.015816,19.193,98964,21.875,-2.0504,0.91293,-11.52,-0.23895,1.7177,-2.9013,NaN,NaN,NaN,NaN,NaN
485.13,-15.502,-11.032,19.825,-2.0135,0.076167,-9.6395,0.0589,4.9246,-2.658,0,0,0,NaN,NaN,NaN,NaN,NaN,NaN,NaN,NaN,NaN,46.582,0,3688,0.0075089,NaN,NaN,NaN,NaN,NaN,-1,-1,-2.0481,0.91532,-11.441,0.020618,1.6929,-2.8986,NaN,NaN,NaN,NaN,NaN
485.14,-15.501,-11.036,19.819,-1.4418,1.0012,-10.602,-0.65884,-0.78742,-2.8635,0,0,0,NaN,NaN,NaN,NaN,NaN,NaN,NaN,NaN,NaN,46.582,0,3688,0.0075089,NaN,NaN,NaN,NaN,NaN,-1,-1,-2.0477,0.87638,-11.431,0.29911,1.7562,-2.8933,NaN,NaN,NaN,NaN,NaN
485.14,-15.499,-11.036,19.812,-2.4357,1.8544,-13.851,-0.27823,0.39368,-3.127,0.63688,0.25366,-0.89857,NaN,NaN,NaN,NaN,NaN,NaN,NaN,NaN,NaN,46.582,0,3688,0.0075089,NaN,NaN,NaN,NaN,19.511,98944,21.813,-2.0454,0.88566,-11.432,0.56418,1.7215,-2.8828,NaN,NaN,NaN,NaN,NaN
485.14,-15.492,-11.026,19.803,-2.7579,1.6629,-12.452,2.0209,4.6725,-2.7652,0,0,0,NaN,NaN,NaN,NaN,NaN,NaN,NaN,NaN,NaN,46.582,0,3688,0.0075089,0.61977,2.244,0.22943,0.079911,NaN,-1,-1,-2.0507,0.90003,-11.365,0.74709,1.8019,-2.8874,NaN,NaN,NaN,NaN,NaN
485.14,-15.485,-11.022,19.797,-1.8186,0.51307,-10.07,1.6359,2.1665,-2.3743,0,0,0,NaN,NaN,NaN,NaN,NaN,NaN,NaN,NaN,NaN,46.582,0,3688,0.0075089,NaN,NaN,NaN,NaN,19.654,98939,21.75,-2.048,0.89489,-11.35,0.92993,1.6732,-2.8762,NaN,NaN,NaN,NaN,NaN
485.15,-15.477,-11.027,19.792,-2.1127,2.1272,-9.629,2.5276,-1.3659,-2.9812,0,0,0,NaN,NaN,NaN,NaN,NaN,NaN,NaN,NaN,NaN,46.582,0,3688,0.0075089,NaN,NaN,NaN,NaN,NaN,-1,-1,-2.0518,0.89853,-11.346,1.1918,1.7208,-2.8665,NaN,NaN,NaN,NaN,NaN
485.15,-15.473,-11.018,19.782,-2.8584,-0.29531,-13.646,0.54609,4.1464,-3.028,0.63681,0.25118,-0.89858,NaN,NaN,NaN,NaN,NaN,NaN,NaN,NaN,NaN,46.582,0,3688,0.0075089,NaN,NaN,NaN,NaN,NaN,-1,-1,-2.0535,0.94081,-11.324,1.3716,1.7573,-2.8858,NaN,NaN,NaN,NaN,NaN
485.15,-15.466,-11.016,19.774,-1.3446,-0.62681,-10.093,1.5161,1.595,-3.2517,0,0,0,NaN,NaN,NaN,NaN,NaN,NaN,NaN,NaN,NaN,46.582,0,3688,0.0075089,NaN,NaN,NaN,NaN,19.508,98939,21.75,-2.0604,0.93082,-11.279,1.4797,1.6699,-2.8856,NaN,NaN,NaN,NaN,NaN
485.15,-15.459,-11.017,19.769,-1.8489,1.5548,-11.656,2.0554,0.06377,-2.5325,0,0,0,NaN,NaN,NaN,NaN,NaN,NaN,NaN,NaN,NaN,46.582,0,3688,0.0075089,NaN,NaN,NaN,NaN,NaN,-1,-1,-2.0585,0.92726,-11.253,1.6532,1.6169,-2.8849,NaN,NaN,NaN,NaN,NaN
485.16,-15.443,-11.009,19.753,-1.8536,0.58304,-11.817,1.9184,3.7637,-3.1929,0.63939,0.25611,-0.89835,NaN,NaN,NaN,NaN,NaN,NaN,NaN,NaN,NaN,46.582,0,3688,0.0075089,NaN,NaN,NaN,NaN,NaN,-1,-1,-2.0721,0.9561,-11.249,1.8747,1.739,-2.897,NaN,NaN,NaN,NaN,NaN
485.16,-15.437,-11.005,19.745,-2.0699,1.4453,-11.475,1.6415,2.3569,-3.1852,0,0,0,NaN,NaN,NaN,NaN,NaN,NaN,NaN,NaN,NaN,46.582,0,3688,0.0075089,NaN,NaN,NaN,NaN,19.381,98943,21.75,-2.0581,0.92823,-11.202,2.0759,1.6413,-2.854,NaN,NaN,NaN,NaN,NaN
485.16,-15.427,-11.007,19.739,-2.228,2.1212,-11.576,3.0779,-0.29347,-2.7311,0,0,0,NaN,NaN,NaN,NaN,NaN,NaN,NaN,NaN,NaN,46.582,0,3688,0.0075089,NaN,NaN,NaN,NaN,NaN,-1,-1,-2.0569,0.93468,-11.192,2.378,1.7438,-2.9262,NaN,NaN,NaN,NaN,NaN
485.16,-15.417,-11.001,19.733,-2.8249,0.13406,-12.148,3.1619,2.7947,-2.3665,0,0,0,NaN,NaN,NaN,NaN,NaN,NaN,NaN,NaN,NaN,46.582,0,3688,0.0075089,NaN,NaN,NaN,NaN,19.513,98994,22,-2.0515,0.94386,-11.155,2.5206,1.6702,-2.8805,NaN,NaN,NaN,NaN,NaN
485.17,-15.407,-10.995,19.726,-1.7537,2.0846,-10.67,3.045,2.8229,-2.2501,0.63423,0.24624,-0.89881,NaN,NaN,NaN,NaN,NaN,NaN,NaN,NaN,NaN,46.582,0,3688,0.0075089,NaN,NaN,NaN,NaN,NaN,-1,-1,-2.0581,0.98455,-11.122,2.6046,1.5237,-2.843,NaN,NaN,NaN,NaN,NaN
485.17,-15.399,-10.99,19.718,-2.4488,0.47374,-10.069,1.9167,2.6029,-3.0241,0,0,0,NaN,NaN,NaN,NaN,NaN,NaN,NaN,NaN,NaN,46.582,0,3688,0.0075089,NaN,NaN,NaN,NaN,NaN,-1,-1,-2.0557,0.97182,-11.084,2.921,1.6027,-2.9106,NaN,NaN,NaN,NaN,NaN
485.17,-15.393,-10.995,19.713,-1.4136,-1.5095,-11.547,1.7683,-1.2625,-2.7487,0,0,0,NaN,NaN,NaN,NaN,NaN,NaN,NaN,NaN,NaN,46.582,0,3688,0.0075089,NaN,NaN,NaN,NaN,19.611,98950,21.75,-2.0563,0.98699,-11.082,2.9903,1.7183,-2.8706,NaN,NaN,NaN,NaN,NaN
485.17,-15.387,-10.988,19.705,-2.2544,1.8267,-12.757,1.408,3.3217,-2.7984,0,0,0,NaN,NaN,NaN,NaN,NaN,NaN,NaN,NaN,NaN,46.582,0,3688,0.0075089,NaN,NaN,NaN,NaN,NaN,-1,-1,-2.0646,1.0177,-11.056,2.987,1.7322,-2.8396,NaN,NaN,NaN,NaN,NaN
485.18,-15.374,-10.985,19.698,-1.9303,1.3657,-10.103,4.0956,1.7974,-2.807,0.6391,0.24618,-0.89838,NaN,NaN,NaN,NaN,NaN,NaN,NaN,NaN,NaN,46.582,0,3688,0.0075089,NaN,NaN,NaN,NaN,NaN,-1,-1,-2.0664,1.011,-11.021,3.0585,1.7107,-2.8123,NaN,NaN,NaN,NaN,NaN
485.18,-15.364,-10.985,19.691,-1.8451,0.25861,-11.217,2.9802,0.56671,-3.1338,0,0,0,NaN,NaN,NaN,NaN,NaN,NaN,NaN,NaN,NaN,46.582,0,3688,0.0075089,NaN,NaN,NaN,NaN,19.61,98933,21.688,-2.0654,1.0017,-10.963,3.1938,1.7065,-2.7865,NaN,NaN,NaN,NaN,NaN
485.18,-15.356,-10.983,19.683,-2.3983,0.79065,-12.314,2.4815,1.1708,-3.0539,0,0,0,NaN,NaN,NaN,NaN,NaN,NaN,NaN,NaN,NaN,46.582,0,3688,0.0075089,0.59732,2.2362,0.21482,0.10572,NaN,-1,-1,-2.0594,1.0197,-10.937,3.3067,1.7646,-2.7663,NaN,NaN,NaN,NaN,NaN
485.18,-15.33,-10.976,19.668,-2.5241,0.038559,-10.168,5.2098,0.59696,-3.0319,0.6297,0.25364,-0.90152,NaN,NaN,NaN,NaN,NaN,NaN,NaN,NaN,NaN,46.582,0,3688,0.0075089,NaN,NaN,NaN,NaN,19.341,98971,21.875,-2.064,0.99921,-10.938,3.3923,1.739,-2.7274,NaN,NaN,NaN,NaN,NaN
485.19,-15.318,-10.973,19.662,-2.3141,1.7035,-11.935,3.7289,1.3478,-2.5123,0,0,0,NaN,NaN,NaN,NaN,NaN,NaN,NaN,NaN,NaN,46.582,0,3688,0.0075089,NaN,NaN,NaN,NaN,NaN,-1,-1,-2.0611,1.0148,-10.904,3.4045,1.6065,-2.6917,NaN,NaN,NaN,NaN,NaN
485.19,-15.306,-10.968,19.654,-2.1391,1.5252,-10.092,3.8122,2.605,-2.923,0,0,0,NaN,NaN,NaN,NaN,NaN,NaN,NaN,NaN,NaN,46.582,0,3688,0.0075089,NaN,NaN,NaN,NaN,NaN,-1,-1,-2.0584,1.0092,-10.883,3.5416,1.5571,-2.6705,NaN,NaN,NaN,NaN,NaN
485.19,-15.296,-10.965,19.647,-1.7655,-0.88801,-10.01,3.1408,1.9176,-2.8002,0,0,0,NaN,NaN,NaN,NaN,NaN,NaN,NaN,NaN,NaN,46.582,0,3688,0.0075089,NaN,NaN,NaN,NaN,19.313,98925,21.625,-2.058,1.0158,-10.867,3.6493,1.6913,-2.6346,NaN,NaN,NaN,NaN,NaN
485.19,-15.287,-10.965,19.641,-2.108,0.28224,-11.889,2.8648,0.49068,-2.5823,0.63931,0.24854,-0.90066,NaN,NaN,NaN,NaN,NaN,NaN,NaN,NaN,NaN,46.582,0,3688,0.0075089,0.59404,2.1062,0.30002,NaN,NaN,-1,-1,-2.0635,1.0452,-10.835,3.6833,1.5494,-2.6202,NaN,NaN,NaN,NaN,NaN
485.2,-15.272,-10.964,19.634,-2.054,2.0537,-12.054,5.0277,0.8234,-2.8837,0,0,0,NaN,NaN,NaN,NaN,NaN,NaN,NaN,NaN,NaN,46.582,0,3688,0.0075089,NaN,NaN,NaN,NaN,NaN,-1,-1,-2.0613,1.0412,-10.803,3.6783,1.4405,-2.614,NaN,NaN,NaN,NaN,NaN
485.2,-15.258,-10.957,19.626,-2.0754,0.77565,-10.401,4.2684,3.4592,-2.9565,0,0,0,NaN,NaN,NaN,NaN,NaN,NaN,NaN,NaN,NaN,46.582,0,3688,0.0075089,NaN,NaN,NaN,NaN,19.587,98903,21.563,-2.066,1.033,-10.751,3.7999,1.5886,-2.6094,NaN,NaN,NaN,NaN,NaN
485.2,-15.248,-10.957,19.62,-1.554,0.2675,-10.412,3.1659,0.62069,-2.8455,0,0,0,NaN,NaN,NaN,NaN,NaN,NaN,NaN,NaN,NaN,46.552,0.024486,3686.5,0.0058767,NaN,NaN,NaN,NaN,NaN,-1,-1,-2.0585,1.0479,-10.732,3.956,1.512,-2.566,NaN,NaN,NaN,NaN,NaN
485.2,-15.235,-10.956,19.613,-2.3049,2.7318,-12.627,4.3292,1.0786,-2.4825,0.64146,0.24366,-0.89816,NaN,NaN,NaN,NaN,NaN,NaN,NaN,NaN,NaN,46.552,0.024486,3686.5,0.0058767,NaN,NaN,NaN,NaN,19.444,98942,21.75,-2.0395,1.0307,-10.633,4.1538,1.4102,-2.5431,NaN,NaN,NaN,NaN,NaN
485.21,-15.217,-10.948,19.605,-2.6258,2.3881,-10.993,6.1521,3.8284,-2.8571,0,0,0,NaN,NaN,NaN,NaN,NaN,NaN,NaN,NaN,NaN,46.552,0.024486,3686.5,0.0058767,0.64988,2.1384,0.28663,0.0016648,NaN,-1,-1,-2.0328,1.0067,-10.607,4.2919,1.56,-2.5416,NaN,NaN,NaN,NaN,NaN
485.21,-15.2,-10.945,19.599,-1.9067,-0.76614,-9.823,5.8618,1.4091,-2.467,0,0,0,NaN,NaN,NaN,NaN,NaN,NaN,NaN,NaN,NaN,46.552,0.024486,3686.5,0.0058767,NaN,NaN,NaN,NaN,NaN,-1,-1,-2.0348,1.0427,-10.601,4.3745,1.544,-2.5288,NaN,NaN,NaN,NaN,NaN
485.21,-15.187,-10.947,19.594,-2.2591,2.7318,-10.663,4.7129,-0.15865,-2.393,0,0,0,NaN,NaN,NaN,NaN,NaN,NaN,NaN,NaN,NaN,46.552,0.024486,3686.5,0.0058767,NaN,NaN,NaN,NaN,19.926,98971,21.875,-2.0441,1.0604,-10.581,4.5273,1.4303,-2.5196,NaN,NaN,NaN,NaN,NaN
485.21,-15.171,-10.938,19.585,-2.4864,0.91411,-11.474,5.2847,4.2964,-2.9851,0.64647,0.24347,-0.90001,NaN,NaN,NaN,NaN,NaN,NaN,NaN,NaN,NaN,46.552,0.024486,3686.5,0.0058767,NaN,NaN,NaN,NaN,NaN,-1,-1,-2.0511,1.0479,-10.544,4.692,1.5354,-2.5209,NaN,NaN,NaN,NaN,NaN
485.22,0,0,0,0,0,0,0,0,0,0,0,0,NaN,NaN,NaN,NaN,NaN,NaN,NaN,NaN,NaN,46.552,0.024486,3686.5,0.0058767,NaN,NaN,NaN,NaN,NaN,-1,-1,-2.0637,1.079,-10.538,4.8033,1.6346,-2.543,NaN,NaN,NaN,NaN,NaN
485.22,-15.156,-10.934,19.576,-1.4829,-1.8043,-9.9463,4.6499,2.2817,-3.3125,0,0,0,NaN,NaN,NaN,NaN,NaN,NaN,NaN,NaN,NaN,46.552,0.024486,3686.5,0.0058767,NaN,NaN,NaN,NaN,19.652,98935,21.688,-2.0609,1.0553,-10.487,4.9383,1.4875,-2.5501,NaN,NaN,NaN,NaN,NaN
485.22,-15.107,-10.923,19.553,-1.1131,-0.19219,-8.3367,5.4562,6.0419,-3.169,0.65094,0.24377,-0.89271,NaN,NaN,NaN,NaN,NaN,NaN,NaN,NaN,NaN,46.552,0.024486,3686.5,0.0058767,0.5902,2.2422,0.22091,0.091565,NaN,-1,-1,-2.0544,1.058,-10.425,5.136,1.5244,-2.5425,NaN,NaN,NaN,NaN,NaN
485.22,0,0,0,0,0,0,0,0,0,0,0,0,NaN,NaN,NaN,NaN,NaN,NaN,NaN,NaN,NaN,46.552,0.024486,3686.5,0.0058767,NaN,NaN,NaN,NaN,19.82,98962,21.813,-2.0531,1.0512,-10.403,5.3053,1.5973,-2.5164,NaN,NaN,NaN,NaN,NaN
485.23,-15.092,-10.929,19.548,-2.0133,1.4283,-10.685,5.0714,-1.923,-3.0382,0,0,0,NaN,NaN,NaN,NaN,NaN,NaN,NaN,NaN,NaN,46.552,0.024486,3686.5,0.0058767,NaN,NaN,NaN,NaN,NaN,-1,-1,-2.0566,1.0399,-10.395,5.4501,1.675,-2.5188,NaN,NaN,NaN,NaN,NaN
485.23,-15.072,-10.929,19.542,-2.979,3.47,-12.261,6.9783,0.56809,-2.9021,0,0,0,NaN,NaN,NaN,NaN,NaN,NaN,NaN,NaN,NaN,46.552,0.024486,3686.5,0.0058767,NaN,NaN,NaN,NaN,NaN,-1,-1,-2.0492,1.0606,-10.326,5.5173,1.6281,-2.5232,NaN,NaN,NaN,NaN,NaN
485.23,-15.034,-10.914,19.527,-2.3149,2.3459,-7.3023,6.1328,0.8069,-2.3857,0.64172,0.23832,-0.90504,7.358,22.767,-3.9826,24.255,40.059,-88.55,3.6782e+05,4.4355e+06,312.3,46.552,0.024486,3686.5,0.0058767,NaN,NaN,NaN,NaN,19.463,98936,21.688,-2.0495,1.0725,-10.292,5.6208,1.7189,-2.5201,24.238,-0.49142,-0.77178,-1.8238,-1.1609
485.23,-15.017,-10.912,19.52,-2.3941,1.4023,-12.057,5.8888,1.6835,-2.7765,0,0,0,NaN,NaN,NaN,NaN,NaN,NaN,NaN,NaN,NaN,46.552,0.024486,3686.5,0.0058767,0.59458,2.1127,0.28967,0.029134,NaN,-1,-1,-2.057,1.0741,-10.284,5.7666,1.7517,-2.5449,NaN,NaN,NaN,NaN,NaN
485.24,-15.001,-10.911,19.513,-1.625,-1.3472,-10.366,5.6257,0.74399,-2.8225,0,0,0,NaN,NaN,NaN,NaN,NaN,NaN,NaN,NaN,NaN,46.552,0.024486,3686.5,0.0058767,NaN,NaN,NaN,NaN,NaN,-1,-1,-2.0607,1.0849,-10.218,5.8179,1.6784,-2.5758,NaN,NaN,NaN,NaN,NaN
485.24,-14.983,-10.907,19.506,-1.8499,2.0361,-11.821,5.8522,2.3836,-2.7769,0,0,0,NaN,NaN,NaN,NaN,NaN,NaN,NaN,NaN,NaN,46.552,0.024486,3686.5,0.0058767,NaN,NaN,NaN,NaN,19.695,98928,21.688,-2.0788,1.0985,-10.305,5.8394,1.6861,-2.6403,NaN,NaN,NaN,NaN,NaN
485.24,-14.964,-10.912,19.504,-2.2118,1.3514,-10.084,7.3715,1.7593,-3.0045,0.6466,0.23825,-0.9046,NaN,NaN,NaN,NaN,NaN,NaN,NaN,NaN,NaN,46.552,0.024486,3686.5,0.0058767,NaN,NaN,NaN,NaN,NaN,-1,-1,-2.0874,1.1133,-10.26,5.9835,1.6541,-2.6934,NaN,NaN,NaN,NaN,NaN
485.24,-14.947,-10.908,19.496,-1.9028,0.60222,-9.1901,5.8417,2.3378,-3.0769,0,0,0,NaN,NaN,NaN,NaN,NaN,NaN,NaN,NaN,NaN,46.552,0.024486,3686.5,0.0058767,NaN,NaN,NaN,NaN,19.608,98908,21.563,-2.0799,1.0939,-10.22,6.0868,1.5771,-2.7212,NaN,NaN,NaN,NaN,NaN
485.25,-14.93,-10.909,19.489,-2.0668,1.4089,-12.806,5.7888,0.3157,-3.1203,0,0,0,NaN,NaN,NaN,NaN,NaN,NaN,NaN,NaN,NaN,46.552,0.024486,3686.5,0.0058767,0.59568,2.2386,0.21726,0.09656,NaN,-1,-1,-2.0752,1.0965,-10.168,6.1859,1.6666,-2.7737,NaN,NaN,NaN,NaN,NaN
485.25,-14.91,-10.903,19.482,-2.377,3.1814,-10.941,7.0653,2.9774,-2.743,0,0,0,NaN,NaN,NaN,NaN,NaN,NaN,NaN,NaN,NaN,46.552,0.024486,3686.5,0.0058767,NaN,NaN,NaN,NaN,NaN,-1,-1,-2.0959,1.1167,-10.264,6.1708,1.745,-2.8286,NaN,NaN,NaN,NaN,NaN
485.25,-14.886,-10.896,19.473,-2.3295,0.42481,-10.072,8.5948,3.0786,-2.8364,0.64619,0.23863,-0.89774,NaN,NaN,NaN,NaN,NaN,NaN,NaN,NaN,NaN,46.552,0.024486,3686.5,0.0058767,NaN,NaN,NaN,NaN,19.898,98930,21.625,-2.0955,1.1398,-10.248,6.1364,1.6486,-2.8916,NaN,NaN,NaN,NaN,NaN
485.25,-14.865,-10.898,19.469,-2.2026,2.1093,-11.354,7.3482,-0.1861,-2.4692,0,0,0,NaN,NaN,NaN,NaN,NaN,NaN,NaN,NaN,NaN,46.552,0.024486,3686.5,0.0058767,NaN,NaN,NaN,NaN,NaN,-1,-1,-2.0956,1.1591,-10.23,6.1467,1.6081,-2.9529,NaN,NaN,NaN,NaN,NaN
485.26,-14.847,-10.888,19.459,-2.8413,1.2228,-10.38,6.0339,4.5538,-3.2412,0,0,0,NaN,NaN,NaN,NaN,NaN,NaN,NaN,NaN,NaN,46.552,0.024486,3686.5,0.0058767,NaN,NaN,NaN,NaN,NaN,-1,-1,-2.1069,1.1521,-10.182,6.1261,1.6777,-3.0237,NaN,NaN,NaN,NaN,NaN
485.26,-14.831,-10.885,19.45,-1.0863,-0.62121,-9.5366,5.6091,1.8446,-3.3528,0,0,0,NaN,NaN,NaN,NaN,NaN,NaN,NaN,NaN,NaN,46.552,0.024486,3686.5,0.0058767,0.57433,2.2273,0.20448,NaN,19.757,98930,21.688,-2.1138,1.1808,-10.164,5.984,1.6565,-3.1038,NaN,NaN,NaN,NaN,NaN
485.26,-14.816,-10.888,19.444,-2.1328,1.6241,-10.876,5.0793,-0.45046,-2.9138,0.64918,0.24319,-0.90437,NaN,NaN,NaN,NaN,NaN,NaN,NaN,NaN,NaN,46.552,0.024486,3686.5,0.0058767,NaN,NaN,NaN,0.11404,NaN,-1,-1,-2.1219,1.1879,-10.144,5.8435,1.608,-3.1883,NaN,NaN,NaN,NaN,NaN
485.26,-14.795,-10.884,19.435,-2.564,1.0464,-12.384,7.4158,2.0494,-3.6921,0,0,0,NaN,NaN,NaN,NaN,NaN,NaN,NaN,NaN,NaN,46.552,0.024486,3686.5,0.0058767,NaN,NaN,NaN,NaN,20.108,98981,21.875,-2.1309,1.194,-10.083,5.7619,1.6733,-3.2982,NaN,NaN,NaN,NaN,NaN
485.27,-14.777,-10.877,19.426,-1.777,1.4289,-9.3258,5.756,3.515,-3.0384,0,0,0,NaN,NaN,NaN,NaN,NaN,NaN,NaN,NaN,NaN,46.552,0.024486,3686.5,0.0058767,NaN,NaN,NaN,NaN,NaN,-1,-1,-2.1292,1.1695,-10.051,5.7258,1.6016,-3.3916,NaN,NaN,NaN,NaN,NaN
485.27,-14.763,-10.877,19.418,-1.9616,0.73258,-10.313,4.8909,0.83875,-3.5268,0,0,0,NaN,NaN,NaN,NaN,NaN,NaN,NaN,NaN,NaN,46.552,0.024486,3686.5,0.0058767,NaN,NaN,NaN,NaN,NaN,-1,-1,-2.1363,1.1428,-10.022,5.623,1.5244,-3.4804,NaN,NaN,NaN,NaN,NaN
485.27,-14.746,-10.879,19.411,-2.3719,2.4608,-11.948,5.7539,-0.38703,-3.1239,0.6464,0.24099,-0.90002,NaN,NaN,NaN,NaN,NaN,NaN,NaN,NaN,NaN,46.552,0.024486,3686.5,0.0058767,0.61156,2.2464,0.23916,0.061598,20.412,98940,21.75,-2.1327,1.147,-9.9914,5.4519,1.5854,-3.5802,NaN,NaN,NaN,NaN,NaN
485.27,-14.727,-10.871,19.402,-2.6765,1.9598,-11.555,6.2747,4.2795,-3.2565,0,0,0,NaN,NaN,NaN,NaN,NaN,NaN,NaN,NaN,NaN,46.552,0.024486,3686.5,0.0058767,NaN,NaN,NaN,NaN,NaN,-1,-1,-2.1456,1.1863,-9.9651,5.1083,1.619,-3.5765,NaN,NaN,NaN,NaN,NaN
485.28,-14.696,-10.867,19.387,-2.2579,2.2144,-10.365,4.2483,2.1191,-3.4084,0,0,0,NaN,NaN,NaN,NaN,NaN,NaN,NaN,NaN,NaN,46.552,0.024486,3686.5,0.0058767,NaN,NaN,NaN,NaN,NaN,-1,-1,-2.1474,1.169,-9.9217,4.8828,1.6846,-3.6839,NaN,NaN,NaN,NaN,NaN
485.28,-14.682,-10.866,19.377,-2.3862,-0.5475,-10.136,4.5308,1.3455,-3.935,0.6365,0.23106,-0.90321,NaN,NaN,NaN,NaN,NaN,NaN,NaN,NaN,NaN,46.552,0.024486,3686.5,0.0058767,NaN,NaN,NaN,NaN,19.801,98956,21.813,-2.1558,1.1905,-9.8886,4.6483,1.7542,-3.8233,NaN,NaN,NaN,NaN,NaN
485.28,-14.671,-10.865,19.367,-1.7242,0.61207,-11.301,3.4438,1.1407,-4.0754,0,0,0,NaN,NaN,NaN,NaN,NaN,NaN,NaN,NaN,NaN,46.552,0.024486,3686.5,0.0058767,NaN,NaN,NaN,NaN,NaN,-1,-1,-2.1689,1.1992,-9.882,4.1094,1.8115,-3.8215,NaN,NaN,NaN,NaN,NaN
485.28,-14.656,-10.865,19.358,-2.4213,1.0692,-10.982,4.7981,0.63214,-4.0153,0,0,0,NaN,NaN,NaN,NaN,NaN,NaN,NaN,NaN,NaN,46.552,0.024486,3686.5,0.0058767,NaN,NaN,NaN,NaN,18.976,98956,21.813,-2.1669,1.2124,-9.843,3.7192,1.7692,-3.9517,NaN,NaN,NaN,NaN,NaN
485.29,-14.636,-10.862,19.337,-1.3267,0.93298,-10.312,2.3294,0.7637,-4.5793,0.63956,0.2381,-0.90984,NaN,NaN,NaN,NaN,NaN,NaN,NaN,NaN,NaN,46.552,0.024486,3686.5,0.0058767,0.65864,2.1426,0.29332,0.015816,NaN,-1,-1,-2.181,1.208,-9.7883,3.4262,1.5741,-4.0463,NaN,NaN,NaN,NaN,NaN
485.29,-14.627,-10.861,19.328,-2.7184,1.8677,-11.393,2.7509,1.041,-4.037,0,0,0,NaN,NaN,NaN,NaN,NaN,NaN,NaN,NaN,NaN,46.552,0.024486,3686.5,0.0058767,NaN,NaN,NaN,NaN,NaN,-1,-1,-2.18,1.1961,-9.7668,3.0824,1.5657,-4.1217,NaN,NaN,NaN,NaN,NaN
485.29,-14.614,-10.856,19.316,-2.8094,2.5847,-11.336,3.8052,2.9954,-4.4752,0,0,0,NaN,NaN,NaN,NaN,NaN,NaN,NaN,NaN,NaN,46.552,0.024486,3686.5,0.0058767,NaN,NaN,NaN,NaN,19.32,98948,21.813,-2.185,1.2071,-9.7456,2.7159,1.7123,-4.2165,NaN,NaN,NaN,NaN,NaN
485.29,-14.603,-10.855,19.307,-1.7458,0.63857,-9.7664,3.4315,1.113,-3.6661,0,0,0,NaN,NaN,NaN,NaN,NaN,NaN,NaN,NaN,NaN,46.552,0.024486,3686.5,0.0058767,NaN,NaN,NaN,NaN,NaN,-1,-1,-2.1915,1.2219,-9.6838,2.2545,1.6275,-4.3086,NaN,NaN,NaN,NaN,NaN
485.3,-14.595,-10.854,19.297,-2.7416,2.0865,-9.6484,1.7434,1.4931,-4.2031,0.65147,0.23819,-0.90417,NaN,NaN,NaN,NaN,NaN,NaN,NaN,NaN,NaN,46.552,0.024486,3686.5,0.0058767,0.59404,2.1193,0.29332,0.038291,NaN,-1,-1,-2.1974,1.22,-9.6575,1.814,1.5094,-4.4071,NaN,NaN,NaN,NaN,NaN
485.3,-14.59,-10.847,19.284,-2.6422,0.54343,-10.41,0.58631,3.6503,-4.7034,0,0,0,NaN,NaN,NaN,NaN,NaN,NaN,NaN,NaN,NaN,46.552,0.024486,3686.5,0.0058767,0.59404,2.1193,0.29332,0.038291,19.674,98966,21.813,-2.2079,1.228,-9.6311,1.4335,1.6115,-4.5012,NaN,NaN,NaN,NaN,NaN
485.3,-14.588,-10.849,19.273,-1.1961,-0.58742,-9.1696,-0.47561,0.036898,-4.6608,0,0,0,NaN,NaN,NaN,NaN,NaN,NaN,NaN,NaN,NaN,46.552,0.024486,3686.5,0.0058767,NaN,NaN,NaN,NaN,NaN,-1,-1,-2.2231,1.2415,-9.5965,0.93688,1.5484,-4.6063,NaN,NaN,NaN,NaN,NaN
485.3,-14.583,-10.853,19.263,-2.4747,1.7971,-11.164,1.0211,-0.60224,-4.7687,0,0,0,NaN,NaN,NaN,NaN,NaN,NaN,NaN,NaN,NaN,46.552,0.024486,3686.5,0.0058767,NaN,NaN,NaN,NaN,19.801,98977,21.875,-2.2341,1.2268,-9.5641,0.41859,1.5219,-4.7373,NaN,NaN,NaN,NaN,NaN
485.31,-14.579,-10.848,19.251,-2.3731,1.2696,-10.792,0.057124,3.0297,-4.5407,0.64186,0.23819,-0.90733,NaN,NaN,NaN,NaN,NaN,NaN,NaN,NaN,NaN,46.552,0.024486,3686.5,0.0058767,NaN,NaN,NaN,NaN,NaN,-1,-1,-2.2317,1.2278,-9.4894,-0.00059758,1.512,-4.8295,NaN,NaN,NaN,NaN,NaN
485.31,-14.577,-10.847,19.238,-2.0511,1.2798,-8.6742,-0.29439,1.632,-5.1641,0,0,0,NaN,NaN,NaN,NaN,NaN,NaN,NaN,NaN,NaN,46.552,0.024486,3686.5,0.0058767,NaN,NaN,NaN,NaN,NaN,-1,-1,-2.2324,1.223,-9.4515,-0.28832,1.6024,-4.9214,NaN,NaN,NaN,NaN,NaN
485.31,-14.576,-10.847,19.225,-2.0522,1.2733,-10.714,-1.2417,1.0255,-5.3252,0,0,0,NaN,NaN,NaN,NaN,NaN,NaN,NaN,NaN,NaN,46.543,0.024486,3682.3,0.0064211,0.59294,2.2326,0.22151,0.084906,19.699,98962,21.875,-2.2425,1.21,-9.4475,-0.64752,1.4873,-4.9914,NaN,NaN,NaN,NaN,NaN
485.31,-14.573,-10.848,19.213,-2.3603,2.7788,-9.8343,0.0589,0.84901,-5.2981,0,0,0,NaN,NaN,NaN,NaN,NaN,NaN,NaN,NaN,NaN,46.543,0.024486,3682.3,0.0064211,NaN,NaN,NaN,NaN,NaN,-1,-1,-2.2439,1.2334,-9.4003,-1.0118,1.5972,-5.0855,NaN,NaN,NaN,NaN,NaN
485.32,-14.569,-10.846,19.2,-2.9404,0.67854,-11.379,0.13969,1.9094,-5.0561,0.64394,0.23084,-0.90485,NaN,NaN,NaN,NaN,NaN,NaN,NaN,NaN,NaN,46.543,0.024486,3682.3,0.0064211,NaN,NaN,NaN,NaN,NaN,-1,-1,-2.254,1.2648,-9.3654,-1.361,1.6495,-5.1749,NaN,NaN,NaN,NaN,NaN
485.32,-14.567,-10.845,19.188,-2.6595,2.0774,-8.8446,-0.52466,1.4621,-4.8543,0,0,0,NaN,NaN,NaN,NaN,NaN,NaN,NaN,NaN,NaN,46.543,0.024486,3682.3,0.0064211,NaN,NaN,NaN,NaN,19.509,98950,21.813,-2.2584,1.2414,-9.3123,-1.7214,1.4759,-5.2385,NaN,NaN,NaN,NaN,NaN
485.32,-14.571,-10.839,19.174,-1.9094,0.93181,-8.8586,-3.0143,3.5796,-5.1219,0,0,0,NaN,NaN,NaN,NaN,NaN,NaN,NaN,NaN,NaN,46.543,0.024486,3682.3,0.0064211,NaN,NaN,NaN,NaN,20.207,98938,21.688,-2.2648,1.264,-9.2889,-1.9724,1.534,-5.3343,NaN,NaN,NaN,NaN,NaN
485.32,-14.579,-10.843,19.148,-2.5348,1.7388,-11.363,-3.4008,2.2489,-5.3302,0.64415,0.23319,-0.90713,NaN,NaN,NaN,NaN,NaN,NaN,NaN,NaN,NaN,46.543,0.024486,3682.3,0.0064211,0.57761,2.2285,0.21239,NaN,NaN,-1,-1,-2.2803,1.2843,-9.2661,-2.2765,1.6261,-5.4142,NaN,NaN,NaN,NaN,NaN
485.33,-14.58,-10.839,19.133,-1.8918,1.3377,-8.1457,-1.884,2.864,-5.8433,0,0,0,NaN,NaN,NaN,NaN,NaN,NaN,NaN,NaN,NaN,46.543,0.024486,3682.3,0.0064211,NaN,NaN,NaN,NaN,NaN,-1,-1,-2.2841,1.2715,-9.1996,-2.5728,1.4507,-5.4974,NaN,NaN,NaN,NaN,NaN
485.33,-14.585,-10.844,19.12,-2.2928,0.90303,-9.2441,-3.5775,-0.61461,-5.9762,0,0,0,NaN,NaN,NaN,NaN,NaN,NaN,NaN,NaN,NaN,46.543,0.024486,3682.3,0.0064211,NaN,NaN,NaN,NaN,NaN,-1,-1,-2.2887,1.257,-9.1438,-2.7478,1.3483,-5.5357,NaN,NaN,NaN,NaN,NaN
485.33,-14.592,-10.846,19.106,-2.5476,1.0638,-10.43,-4.323,0.205,-5.9924,0,0,0,NaN,NaN,NaN,NaN,NaN,NaN,NaN,NaN,NaN,46.543,0.024486,3682.3,0.0064211,NaN,NaN,NaN,NaN,19.923,98942,21.75,-2.2945,1.264,-9.1125,-2.842,1.6171,-5.5856,NaN,NaN,NaN,NaN,NaN
485.33,-14.6,-10.838,19.091,-2.2308,2.3031,-8.9471,-4.5245,4.6023,-5.1538,0.6489,0.23834,-0.9021,NaN,NaN,NaN,NaN,NaN,NaN,NaN,NaN,NaN,46.543,0.024486,3682.3,0.0064211,NaN,NaN,NaN,NaN,NaN,-1,-1,-2.2973,1.2454,-9.0803,-2.9694,1.5148,-5.621,NaN,NaN,NaN,NaN,NaN
485.34,-14.602,-10.843,19.078,-2.5289,1.2102,-8.2796,-2.3738,-0.64538,-6.0778,0,0,0,NaN,NaN,NaN,NaN,NaN,NaN,NaN,NaN,NaN,46.543,0.024486,3682.3,0.0064211,0.60061,2.1157,0.29332,0.031632,NaN,-1,-1,-2.2955,1.2496,-9.0302,-3.1299,1.389,-5.6832,NaN,NaN,NaN,NaN,NaN
485.34,-14.607,-10.847,19.067,-2.3122,1.2688,-10.682,-3.0817,-0.62567,-4.9573,0,0,0,NaN,NaN,NaN,NaN,NaN,NaN,NaN,NaN,NaN,46.543,0.024486,3682.3,0.0064211,NaN,NaN,NaN,NaN,20.047,98919,21.688,-2.3072,1.2451,-8.9923,-3.2339,1.4676,-5.7356,NaN,NaN,NaN,NaN,NaN
485.34,-14.614,-10.835,19.05,-3.1778,1.6665,-7.5713,-4.8355,6.2038,-5.9558,0,0,0,NaN,NaN,NaN,NaN,NaN,NaN,NaN,NaN,NaN,46.543,0.024486,3682.3,0.0064211,NaN,NaN,NaN,NaN,NaN,-1,-1,-2.3045,1.2381,-8.9341,-3.2462,1.4598,-5.7794,NaN,NaN,NaN,NaN,NaN
485.34,-14.623,-10.836,19.035,-1.3003,-0.40795,-5.2846,-4.8878,1.0856,-6.1113,0.64381,0.23096,-0.90256,NaN,NaN,NaN,NaN,NaN,NaN,NaN,NaN,NaN,46.543,0.024486,3682.3,0.0064211,NaN,NaN,NaN,NaN,20.067,98964,21.813,-2.3109,1.2473,-8.903,-3.3372,1.2839,-5.864,NaN,NaN,NaN,NaN,NaN
485.35,-14.633,-10.847,19.023,-2.1967,0.52554,-9.9617,-5.2375,-3.3913,-5.9715,0,0,0,NaN,NaN,NaN,NaN,NaN,NaN,NaN,NaN,NaN,46.543,0.024486,3682.3,0.0064211,NaN,NaN,NaN,NaN,NaN,-1,-1,-2.3172,1.2421,-8.8691,-3.4412,1.1935,-5.9055,NaN,NaN,NaN,NaN,NaN
485.35,-14.637,-10.845,19.008,-2.9368,1.5849,-10.228,-3.2087,1.9946,-6.1691,0,0,0,NaN,NaN,NaN,NaN,NaN,NaN,NaN,NaN,NaN,46.543,0.024486,3682.3,0.0064211,NaN,NaN,NaN,NaN,NaN,-1,-1,-2.3221,1.2236,-8.7882,-3.4303,1.3102,-5.9879,NaN,NaN,NaN,NaN,NaN
485.35,-14.642,-10.836,18.991,-2.3105,1.5662,-6.509,-3.9208,5.045,-5.9747,0,0,0,NaN,NaN,NaN,NaN,NaN,NaN,NaN,NaN,NaN,46.543,0.024486,3682.3,0.0064211,NaN,NaN,NaN,NaN,19.942,98952,21.75,-2.325,1.2275,-8.7586,-3.3432,1.2071,-6.0061,NaN,NaN,NaN,NaN,NaN
485.35,-14.65,-10.845,18.978,-1.6731,0.97406,-6.4641,-4.3401,-2.1029,-6.3846,0.64402,0.23841,-0.90254,NaN,NaN,NaN,NaN,NaN,NaN,NaN,NaN,NaN,46.543,0.024486,3682.3,0.0064211,NaN,NaN,NaN,NaN,NaN,-1,-1,-2.3332,1.2107,-8.7154,-3.3214,1.1565,-6.032,NaN,NaN,NaN,NaN,NaN
485.36,-14.657,-10.844,18.947,-2.7613,1.8642,-8.4181,-2.2533,3.2944,-6.2043,0,0,0,NaN,NaN,NaN,NaN,NaN,NaN,NaN,NaN,NaN,46.543,0.024486,3682.3,0.0064211,NaN,NaN,NaN,NaN,NaN,-1,-1,-2.3295,1.2099,-8.7015,-3.2636,1.2563,-6.064,NaN,NaN,NaN,NaN,NaN
485.36,-14.657,-10.846,18.935,-2.3431,1.397,-7.823,-1.2649,0.1461,-5.4304,0,0,0,NaN,NaN,NaN,NaN,NaN,NaN,NaN,NaN,NaN,46.543,0.024486,3682.3,0.0064211,NaN,NaN,NaN,NaN,19.609,98940,21.688,-2.3465,1.2292,-8.6571,-3.3111,1.2303,-6.0983,NaN,NaN,NaN,NaN,NaN
485.36,-14.659,-10.844,18.919,-2.8371,1.3219,-6.611,-2.3585,2.2376,-6.0891,0.63657,0.23354,-0.90321,NaN,NaN,NaN,NaN,NaN,NaN,NaN,NaN,NaN,46.543,0.024486,3682.3,0.0064211,NaN,NaN,NaN,NaN,NaN,-1,-1,-2.3445,1.2224,-8.6168,-3.2739,1.0101,-6.1352,NaN,NaN,NaN,NaN,NaN
485.36,-14.669,-10.851,18.89,-2.0431,0.30004,-9.0306,-4.0728,-0.49022,-6.0837,0,0,0,NaN,NaN,NaN,NaN,NaN,NaN,NaN,NaN,NaN,46.543,0.024486,3682.3,0.0064211,0.59568,2.1199,0.29393,0.037458,19.714,98917,21.625,-2.3521,1.221,-8.5639,-3.2323,1.1438,-6.154,NaN,NaN,NaN,NaN,NaN
485.37,-14.671,-10.849,18.875,-2.6642,1.3222,-8.3661,-2.3473,2.2316,-6.2101,0,0,0,NaN,NaN,NaN,NaN,NaN,NaN,NaN,NaN,NaN,46.543,0.024486,3682.3,0.0064211,NaN,NaN,NaN,NaN,NaN,-1,-1,-2.3617,1.2316,-8.5358,-3.1708,1.1766,-6.2043,NaN,NaN,NaN,NaN,NaN
485.37,-14.674,-10.851,18.86,-1.8567,1.0328,-6.8055,-2.7072,0.33552,-6.1152,0.63412,0.22848,-0.90573,NaN,NaN,NaN,NaN,NaN,NaN,NaN,NaN,NaN,46.543,0.024486,3682.3,0.0064211,NaN,NaN,NaN,NaN,NaN,-1,-1,-2.3726,1.2216,-8.5154,-3.2208,0.98214,-6.2466,NaN,NaN,NaN,NaN,NaN
485.37,-14.678,-10.856,18.846,-2.5175,1.9164,-8.8967,-2.9582,-0.62452,-6.299,0,0,0,NaN,NaN,NaN,NaN,NaN,NaN,NaN,NaN,NaN,46.543,0.024486,3682.3,0.0064211,NaN,NaN,NaN,NaN,19.675,98963,21.813,-2.3809,1.2168,-8.4379,-3.1963,1.0026,-6.311,NaN,NaN,NaN,NaN,NaN
485.37,-14.68,-10.851,18.829,-2.5622,1.4879,-8.4776,-2.5271,3.7026,-6.542,0,0,0,NaN,NaN,NaN,NaN,NaN,NaN,NaN,NaN,NaN,46.543,0.024486,3682.3,0.0064211,NaN,NaN,NaN,NaN,NaN,-1,-1,-2.3829,1.1925,-8.4064,-3.0747,1.0595,-6.3428,NaN,NaN,NaN,NaN,NaN
485.38,-14.682,-10.856,18.815,-2.0081,1.4231,-7.3174,-2.5051,-0.89227,-6.2709,0,0,0,NaN,NaN,NaN,NaN,NaN,NaN,NaN,NaN,NaN,46.543,0.024486,3682.3,0.0064211,0.61594,2.1181,0.29332,0.04495,NaN,-1,-1,-2.3836,1.1867,-8.3846,-2.9752,0.97172,-6.358,NaN,NaN,NaN,NaN,NaN
485.38,-14.682,-10.861,18.801,-2.8567,1.6539,-9.7251,-1.3224,-0.62378,-5.9219,0.63963,0.24059,-0.90983,NaN,NaN,NaN,NaN,NaN,NaN,NaN,NaN,NaN,46.543,0.024486,3682.3,0.0064211,NaN,NaN,NaN,NaN,19.945,98977,21.875,-2.384,1.2053,-8.3451,-2.9371,1.0436,-6.3732,NaN,NaN,NaN,NaN,NaN
485.38,-14.681,-10.852,18.784,-2.8399,2.0389,-7.8721,-1.2309,5.0678,-6.0779,0,0,0,NaN,NaN,NaN,NaN,NaN,NaN,NaN,NaN,NaN,46.543,0.024486,3682.3,0.0064211,NaN,NaN,NaN,NaN,NaN,-1,-1,-2.3921,1.1944,-8.3255,-2.9643,1.0311,-6.4143,NaN,NaN,NaN,NaN,NaN
485.38,-14.684,-10.851,18.767,-2.3831,0.17536,-4.5111,-2.9192,1.8468,-6.869,0,0,0,NaN,NaN,NaN,NaN,NaN,NaN,NaN,NaN,NaN,46.543,0.024486,3682.3,0.0064211,NaN,NaN,NaN,NaN,19.613,98955,21.813,-2.3965,1.1831,-8.2616,-2.9205,1.073,-6.4553,NaN,NaN,NaN,NaN,NaN
485.39,-14.69,-10.867,18.756,-1.5543,-0.98237,-8.8698,-3.7843,-5.1634,-6.4829,0,0,0,NaN,NaN,NaN,NaN,NaN,NaN,NaN,NaN,NaN,46.543,0.024486,3682.3,0.0064211,NaN,NaN,NaN,NaN,NaN,-1,-1,-2.3923,1.21,-8.2397,-2.9482,1.1482,-6.5048,NaN,NaN,NaN,NaN,NaN
485.39,-14.695,-10.862,18.737,-2.9723,2.0284,-12.186,-3.9754,3.7451,-6.9057,0.64895,0.23064,-0.9067,NaN,NaN,NaN,NaN,NaN,NaN,NaN,NaN,NaN,46.543,0.024486,3682.3,0.0064211,0.58473,2.2332,0.213,NaN,NaN,-1,-1,-2.4107,1.1919,-8.2289,-3.0422,1.0963,-6.5617,NaN,NaN,NaN,NaN,NaN
485.39,-14.695,-10.855,18.719,-2.4324,1.0833,-5.3379,-1.7516,4.3775,-6.509,0,0,0,NaN,NaN,NaN,NaN,NaN,NaN,NaN,NaN,NaN,46.543,0.024486,3682.3,0.0064211,NaN,NaN,NaN,0.10239,19.988,99009,22,-2.4164,1.1831,-8.1779,-3.1915,1.2051,-6.6047,NaN,NaN,NaN,NaN,NaN
485.39,-14.701,-10.864,18.705,-1.7893,1.259,-6.5975,-3.5495,-1.9975,-6.8638,0,0,0,NaN,NaN,NaN,NaN,NaN,NaN,NaN,NaN,NaN,46.543,0.024486,3682.3,0.0064211,NaN,NaN,NaN,NaN,NaN,-1,-1,-2.4041,1.1694,-8.0999,-3.2001,1.2103,-6.65,NaN,NaN,NaN,NaN,NaN
485.4,-14.707,-10.869,18.689,-2.723,0.78915,-10.666,-4.1189,-0.59588,-7.0214,0,0,0,NaN,NaN,NaN,NaN,NaN,NaN,NaN,NaN,NaN,46.543,0.024486,3682.3,0.0064211,NaN,NaN,NaN,NaN,NaN,-1,-1,-2.4061,1.1443,-8.0932,-3.2052,1.1758,-6.6642,NaN,NaN,NaN,NaN,NaN
485.4,-14.711,-10.861,18.671,-2.3511,2.9879,-9.4248,-3.4526,4.5827,-6.2923,0.64366,0.22599,-0.90257,NaN,NaN,NaN,NaN,NaN,NaN,NaN,NaN,NaN,46.543,0.024486,3682.3,0.0064211,NaN,NaN,NaN,NaN,19.754,98922,21.625,-2.4148,1.1288,-8.1107,-3.3679,1.4575,-6.922,NaN,NaN,NaN,NaN,NaN
485.4,-14.711,-10.858,18.654,-2.4694,0.39655,-5.8899,-1.7688,2.716,-6.9338,0,0,0,NaN,NaN,NaN,NaN,NaN,NaN,NaN,NaN,NaN,46.543,0.024486,3682.3,0.0064211,0.66412,2.1551,0.29272,-0.0016648,NaN,-1,-1,-2.4019,1.1341,-8.039,-3.4295,1.5165,-6.9025,NaN,NaN,NaN,NaN,NaN
485.4,-14.715,-10.865,18.641,-2.5762,1.0699,-8.0901,-3.0057,-1.5596,-5.9769,0,0,0,NaN,NaN,NaN,NaN,NaN,NaN,NaN,NaN,NaN,46.543,0.024486,3682.3,0.0064211,NaN,NaN,NaN,NaN,19.899,98946,21.688,-2.4068,1.1396,-8.0088,-3.5375,1.4602,-6.8881,NaN,NaN,NaN,NaN,NaN
485.41,-14.723,-10.862,18.623,-2.8669,2.3144,-9.1166,-4.7056,3.1816,-6.8406,0,0,0,NaN,NaN,NaN,NaN,NaN,NaN,NaN,NaN,NaN,46.543,0.024486,3682.3,0.0064211,NaN,NaN,NaN,NaN,NaN,-1,-1,-2.4095,1.1447,-7.9853,-3.5949,1.4769,-6.8999,NaN,NaN,NaN,NaN,NaN
485.41,-14.727,-10.86,18.605,-1.7668,-0.49781,-6.905,-3.7183,2.2937,-6.9554,0.64207,0.24055,-0.90961,NaN,NaN,NaN,NaN,NaN,NaN,NaN,NaN,NaN,46.543,0.024486,3682.3,0.0064211,NaN,NaN,NaN,NaN,NaN,-1,-1,-2.4123,1.1563,-7.9596,-3.6557,1.7138,-6.8881,NaN,NaN,NaN,NaN,NaN
485.41,-14.737,-10.863,18.588,-2.1516,-0.14266,-8.5659,-5.5848,0.20288,-7.2036,0,0,0,NaN,NaN,NaN,NaN,NaN,NaN,NaN,NaN,NaN,46.543,0.024486,3682.3,0.0064211,NaN,NaN,NaN,NaN,19.838,98957,21.75,-2.4176,1.1412,-7.9208,-3.7684,1.6095,-6.9098,NaN,NaN,NaN,NaN,NaN
485.41,-14.741,-10.867,18.572,-2.8324,1.4996,-9.1035,-3.2737,0.23268,-7.0651,0,0,0,NaN,NaN,NaN,NaN,NaN,NaN,NaN,NaN,NaN,46.543,0.024486,3682.3,0.0064211,NaN,NaN,NaN,NaN,NaN,-1,-1,-2.4152,1.1179,-7.8992,-3.8521,1.6758,-6.9133,NaN,NaN,NaN,NaN,NaN
485.42,-14.746,-10.857,18.552,-2.8145,2.049,-7.3234,-3.8048,5.3813,-7.0319,0,0,0,NaN,NaN,NaN,NaN,NaN,NaN,NaN,NaN,NaN,46.543,0.024486,3682.3,0.0064211,0.65974,2.1467,0.2915,0.014983,NaN,-1,-1,-2.4021,1.0954,-7.8628,-3.8431,1.7197,-6.9013,NaN,NaN,NaN,NaN,NaN
485.42,-14.753,-10.865,18.536,-0.91617,0.067989,-6.7901,-4.4127,-1.4841,-7.266,0.63685,0.23839,-0.90548,NaN,NaN,NaN,NaN,NaN,NaN,NaN,NaN,NaN,46.543,0.024486,3682.3,0.0064211,NaN,NaN,NaN,NaN,19.844,98967,21.875,-2.4045,1.0734,-7.8429,-3.8002,1.8444,-6.8861,NaN,NaN,NaN,NaN,NaN
485.42,-14.762,-10.869,18.52,-3.134,1.8894,-11.049,-5.1257,-0.11362,-6.8709,0,0,0,NaN,NaN,NaN,NaN,NaN,NaN,NaN,NaN,NaN,46.562,0,3693.7,0.0064211,NaN,NaN,NaN,NaN,NaN,-1,-1,-2.4011,1.0728,-7.8476,-3.7814,1.8299,-6.8736,NaN,NaN,NaN,NaN,NaN
485.42,-14.763,-10.858,18.499,-3.0419,2.6066,-8.2421,-2.3806,6.4974,-7.261,0,0,0,NaN,NaN,NaN,NaN,NaN,NaN,NaN,NaN,NaN,46.562,0,3693.7,0.0064211,NaN,NaN,NaN,NaN,19.61,98955,21.75,-2.4111,1.0922,-7.8242,-3.7162,1.8226,-6.8696,NaN,NaN,NaN,NaN,NaN
485.43,-14.765,-10.861,18.484,-1.6039,0.29281,-6.1488,-2.6133,0.23463,-6.5226,0,0,0,NaN,NaN,NaN,NaN,NaN,NaN,NaN,NaN,NaN,46.562,0,3693.7,0.0064211,NaN,NaN,NaN,NaN,NaN,-1,-1,-2.399,1.0738,-7.779,-3.6727,1.9078,-6.8507,NaN,NaN,NaN,NaN,NaN
485.43,-14.773,-10.865,18.467,-3.0857,1.3244,-7.7672,-4.8259,-0.085714,-7.1491,0.63697,0.23317,-0.91007,NaN,NaN,NaN,NaN,NaN,NaN,NaN,NaN,NaN,46.562,0,3693.7,0.0064211,0.60334,2.1193,0.29332,0.033296,NaN,-1,-1,-2.3819,1.0537,-7.6727,-3.6136,1.8572,-6.8691,NaN,NaN,NaN,NaN,NaN
485.43,-14.78,-10.859,18.448,-2.4804,0.71792,-8.5749,-4.4518,3.9961,-7.3596,0,0,0,NaN,NaN,NaN,NaN,NaN,NaN,NaN,NaN,NaN,46.562,0,3693.7,0.0064211,NaN,NaN,NaN,NaN,19.691,98930,21.625,-2.3876,1.0593,-7.6737,-3.6207,1.8716,-6.8764,NaN,NaN,NaN,NaN,NaN
485.43,-14.788,-10.859,18.429,-1.8907,-0.84027,-7.523,-5.0653,1.9411,-7.5712,0,0,0,NaN,NaN,NaN,NaN,NaN,NaN,NaN,NaN,NaN,46.562,0,3693.7,0.0064211,NaN,NaN,NaN,NaN,NaN,-1,-1,-2.3938,1.0661,-7.6605,-3.5576,1.8729,-6.8985,NaN,NaN,NaN,NaN,NaN
485.44,-14.796,-10.86,18.393,-3.186,2.0635,-8.6052,-3.6678,3.8086,-6.938,0.64638,0.2308,-0.90463,NaN,NaN,NaN,NaN,NaN,NaN,NaN,NaN,NaN,46.562,0,3693.7,0.0064211,NaN,NaN,NaN,NaN,NaN,-1,-1,-2.3869,1.0633,-7.6697,-3.3847,1.8344,-6.8972,NaN,NaN,NaN,NaN,NaN
485.44,-14.802,-10.855,18.374,-1.3669,0.30504,-6.7476,-4.2142,3.5589,-7.4301,0,0,0,NaN,NaN,NaN,NaN,NaN,NaN,NaN,NaN,NaN,46.562,0,3693.7,0.0064211,NaN,NaN,NaN,NaN,19.506,98929,21.688,-2.3654,1.042,-7.5574,-3.1937,1.9803,-6.8869,NaN,NaN,NaN,NaN,NaN
485.44,-14.807,-10.862,18.358,-2.4228,1.4461,-8.3597,-3.7237,-1.0081,-7.3891,0,0,0,NaN,NaN,NaN,NaN,NaN,NaN,NaN,NaN,NaN,46.562,0,3693.7,0.0064211,0.60553,2.1175,0.29393,0.04495,NaN,-1,-1,-2.3667,1.0202,-7.5857,-3.0073,2.0021,-6.9108,NaN,NaN,NaN,NaN,NaN
485.44,-14.808,-10.858,18.339,-3.1504,3.1098,-9.0748,-2.5184,3.1779,-7.2546,0,0,0,NaN,NaN,NaN,NaN,NaN,NaN,NaN,NaN,NaN,46.562,0,3693.7,0.0064211,NaN,NaN,NaN,NaN,19.675,98961,21.813,-2.3687,1.0459,-7.594,-2.9254,1.8125,-6.916,NaN,NaN,NaN,NaN,NaN
485.45,-14.806,-10.854,18.32,-1.9563,0.12255,-7.876,-0.90894,3.3809,-6.7156,0.64436,0.23555,-0.90941,NaN,NaN,NaN,NaN,NaN,NaN,NaN,NaN,NaN,46.562,0,3693.7,0.0064211,NaN,NaN,NaN,NaN,NaN,-1,-1,-2.3679,1.0494,-7.5914,-2.8282,1.9128,-6.9434,NaN,NaN,NaN,NaN,NaN
485.45,-14.808,-10.854,18.302,-2.8408,1.1097,-5.5963,-2.6269,1.5744,-7.4774,0,0,0,NaN,NaN,NaN,NaN,NaN,NaN,NaN,NaN,NaN,46.562,0,3693.7,0.0064211,NaN,NaN,NaN,NaN,NaN,-1,-1,-2.3654,1.0303,-7.5873,-2.6008,2.0153,-6.9579,NaN,NaN,NaN,NaN,NaN
485.45,-14.812,-10.852,18.284,-2.581,1.3208,-8.9758,-3.2054,2.4183,-7.2122,0,0,0,NaN,NaN,NaN,NaN,NaN,NaN,NaN,NaN,NaN,46.562,0,3693.7,0.0064211,NaN,NaN,NaN,NaN,19.654,98941,21.75,-2.3662,1.0397,-7.6072,-2.4349,1.8355,-6.9837,NaN,NaN,NaN,NaN,NaN
485.45,0,0,0,0,0,0,0,0,0,0,0,0,NaN,NaN,NaN,NaN,NaN,NaN,NaN,NaN,NaN,46.562,0,3693.7,0.0064211,0.65864,2.1378,0.28906,NaN,NaN,-1,-1,-2.373,1.0527,-7.6004,-2.3619,1.8223,-7.0153,NaN,NaN,NaN,NaN,NaN
485.46,-14.815,-10.852,18.265,-1.9846,-1.2849,-6.7397,-3.0422,1.9193,-7.7438,0,0,0,NaN,NaN,NaN,NaN,NaN,NaN,NaN,NaN,NaN,46.562,0,3693.7,0.0064211,NaN,NaN,NaN,0.0016648,NaN,-1,-1,-2.3679,1.0294,-7.5958,-2.2484,1.9481,-7.0569,NaN,NaN,NaN,NaN,NaN
485.46,-14.816,-10.856,18.247,-2.2607,0.94785,-9.5669,-2.2942,0.2266,-7.5811,0.6466,0.23825,-0.9046,NaN,NaN,NaN,NaN,NaN,NaN,NaN,NaN,NaN,46.562,0,3693.7,0.0064211,NaN,NaN,NaN,NaN,19.677,98973,21.875,-2.3638,1.0246,-7.587,-2.015,1.896,-7.0885,NaN,NaN,NaN,NaN,NaN
485.46,-14.816,-10.853,18.229,-2.9142,2.2003,-7.5211,-1.7726,2.9546,-7.0423,0,0,0,NaN,NaN,NaN,NaN,NaN,NaN,NaN,NaN,NaN,46.562,0,3693.7,0.0064211,NaN,NaN,NaN,NaN,NaN,-1,-1,-2.3638,1.0282,-7.5987,-1.8232,1.8439,-7.0754,NaN,NaN,NaN,NaN,NaN
485.46,-14.818,-10.853,18.192,-2.7819,0.36089,-8.3234,-2.2376,-0.16513,-7.5914,0,0,0,NaN,NaN,NaN,NaN,NaN,NaN,NaN,NaN,NaN,46.562,0,3693.7,0.0064211,NaN,NaN,NaN,NaN,19.693,98936,21.688,-2.3537,1.0118,-7.6035,-1.6595,1.9366,-7.1004,NaN,NaN,NaN,NaN,NaN
485.47,-14.828,-10.868,18.194,-2.5322,3.0519,-9.1914,-1.0205,2.8669,-7.0502,0.65362,0.22822,-0.90398,6.9721,22.845,-3.9181,24.204,40.059,-88.55,3.6782e+05,4.4355e+06,311.21,46.562,0,3693.7,0.0064211,NaN,NaN,NaN,NaN,NaN,-1,-1,-2.3454,1.0075,-7.5998,-1.5328,1.985,-7.1114,24.19,-0.32486,-0.76337,-1.8075,-0.76903
485.47,-14.821,-10.865,18.174,-2.2215,0.54313,-7.1286,0.77504,3.2997,-7.4606,0,0,0,NaN,NaN,NaN,NaN,NaN,NaN,NaN,NaN,NaN,46.562,0,3693.7,0.0064211,0.6028,2.1199,0.29819,0.036626,NaN,-1,-1,-2.3578,1.003,-7.704,-1.4692,1.8704,-7.1682,NaN,NaN,NaN,NaN,NaN
485.47,-14.817,-10.866,18.157,-2.859,1.0724,-7.2391,-0.011173,0.99849,-7.0916,0,0,0,NaN,NaN,NaN,NaN,NaN,NaN,NaN,NaN,NaN,46.562,0,3693.7,0.0064211,NaN,NaN,NaN,NaN,19.611,98973,21.813,-2.3581,1.0453,-7.7347,-1.3047,1.8356,-7.1943,NaN,NaN,NaN,NaN,NaN
485.47,-14.817,-10.865,18.119,-1.4964,-1.0358,-7.0154,-1.3849,0.40434,-7.7898,0.64157,0.22826,-0.90736,NaN,NaN,NaN,NaN,NaN,NaN,NaN,NaN,NaN,46.562,0,3693.7,0.0064211,NaN,NaN,NaN,NaN,NaN,-1,-1,-2.3718,1.0439,-7.7764,-1.161,1.9986,-7.2259,NaN,NaN,NaN,NaN,NaN
485.48,-14.818,-10.866,18.1,-2.432,0.99646,-9.2406,-2.2099,1.5706,-7.7821,0,0,0,NaN,NaN,NaN,NaN,NaN,NaN,NaN,NaN,NaN,46.562,0,3693.7,0.0064211,NaN,NaN,NaN,NaN,NaN,-1,-1,-2.3886,1.0674,-7.8965,-1.0983,1.8848,-7.28,NaN,NaN,NaN,NaN,NaN
485.48,-14.812,-10.86,18.061,-2.4177,1.4218,-7.6526,-1.7627,4.2226,-7.7203,0,0,0,NaN,NaN,NaN,NaN,NaN,NaN,NaN,NaN,NaN,46.562,0,3693.7,0.0064211,NaN,NaN,NaN,NaN,19.735,98953,21.75,-2.3858,1.0626,-7.9191,-1.0965,1.7846,-7.3222,NaN,NaN,NaN,NaN,NaN
485.48,-14.81,-10.866,18.042,-1.9483,0.36518,-7.9707,-1.0969,-0.45052,-8.1703,0.64862,0.2335,-0.89982,NaN,NaN,NaN,NaN,NaN,NaN,NaN,NaN,NaN,46.562,0,3693.7,0.0064211,0.58801,2.235,0.22273,0.092398,NaN,-1,-1,-2.3759,1.0217,-7.9438,-0.95223,1.8971,-7.381,NaN,NaN,NaN,NaN,NaN
485.48,-14.809,-10.865,18.024,-2.1959,2.176,-9.7035,-1.4885,2.0912,-7.2787,0,0,0,NaN,NaN,NaN,NaN,NaN,NaN,NaN,NaN,NaN,46.562,0,3693.7,0.0064211,NaN,NaN,NaN,NaN,19.508,98978,21.875,-2.3691,1.0151,-8.0261,-0.79536,1.907,-7.3948,NaN,NaN,NaN,NaN,NaN
485.49,-14.8,-10.857,18.003,-3.0312,0.9603,-7.8501,1.5373,4.8562,-7.8999,0,0,0,NaN,NaN,NaN,NaN,NaN,NaN,NaN,NaN,NaN,46.562,0,3693.7,0.0064211,NaN,NaN,NaN,NaN,NaN,-1,-1,-2.3595,1.0108,-8.0504,-0.6928,1.9007,-7.4299,NaN,NaN,NaN,NaN,NaN
485.49,-14.795,-10.859,17.985,-2.3561,1.5514,-7.1356,0.29679,0.8525,-7.2092,0,0,0,NaN,NaN,NaN,NaN,NaN,NaN,NaN,NaN,NaN,46.562,0,3693.7,0.0064211,NaN,NaN,NaN,NaN,NaN,-1,-1,-2.3644,1.0334,-8.0874,-0.64438,2.0355,-7.4828,NaN,NaN,NaN,NaN,NaN
485.49,-14.794,-10.859,17.967,-2.6352,2.1996,-7.7653,-1.1641,1.6568,-7.4557,0.64171,0.23323,-0.90734,NaN,NaN,NaN,NaN,NaN,NaN,NaN,NaN,NaN,46.562,0,3693.7,0.0064211,0.60499,2.2392,0.23855,0.066593,19.63,98920,21.625,-2.3591,1.0286,-8.123,-0.61662,2.067,-7.5243,NaN,NaN,NaN,NaN,NaN
485.49,-14.791,-10.859,17.947,-2.1777,-0.84151,-8.3506,-0.97792,1.954,-7.8027,0,0,0,NaN,NaN,NaN,NaN,NaN,NaN,NaN,NaN,NaN,46.562,0,3693.7,0.0064211,0.60499,2.2392,0.23855,0.066593,NaN,-1,-1,-2.354,1.0414,-8.1777,-0.55416,2.0543,-7.5468,NaN,NaN,NaN,NaN,NaN
485.5,-14.792,-10.856,17.928,-2.1279,-0.057655,-8.5254,-2.1874,3.0018,-7.602,0,0,0,NaN,NaN,NaN,NaN,NaN,NaN,NaN,NaN,NaN,46.562,0,3693.7,0.0064211,NaN,NaN,NaN,NaN,NaN,-1,-1,-2.3635,1.0484,-8.2464,-0.5941,2.2393,-7.6115,NaN,NaN,NaN,NaN,NaN
485.5,-14.787,-10.856,17.909,-2.5032,2.0319,-7.3862,0.25491,1.6906,-7.8432,0,0,0,NaN,NaN,NaN,NaN,NaN,NaN,NaN,NaN,NaN,46.562,0,3693.7,0.0064211,NaN,NaN,NaN,NaN,19.592,98982,21.875,-2.3581,1.0531,-8.2624,-0.57002,2.0313,-7.6866,NaN,NaN,NaN,NaN,NaN
485.5,-14.782,-10.858,17.889,-2.579,1.7412,-8.7309,-0.13293,1.2847,-7.6748,0.64373,0.22338,-0.90487,NaN,NaN,NaN,NaN,NaN,NaN,NaN,NaN,NaN,46.562,0,3693.7,0.0064211,NaN,NaN,NaN,NaN,NaN,-1,-1,-2.3496,1.0357,-8.2951,-0.47484,2.0956,-7.7276,NaN,NaN,NaN,NaN,NaN
485.5,-14.782,-10.856,17.87,-1.629,-0.021135,-8.914,-1.5493,2.3483,-7.7149,0,0,0,NaN,NaN,NaN,NaN,NaN,NaN,NaN,NaN,NaN,46.562,0,3693.7,0.0064211,NaN,NaN,NaN,NaN,19.653,98945,21.75,-2.3457,1.0192,-8.3498,-0.31611,2.3088,-7.754,NaN,NaN,NaN,NaN,NaN
485.51,-14.78,-10.849,17.849,-2.4804,1.9333,-8.36,-1.3537,4.6525,-7.7782,0,0,0,NaN,NaN,NaN,NaN,NaN,NaN,NaN,NaN,NaN,46.562,0,3693.7,0.0064211,NaN,NaN,NaN,NaN,NaN,-1,-1,-2.3369,1.0096,-8.3939,-0.22944,2.3298,-7.8048,NaN,NaN,NaN,NaN,NaN
485.51,-14.773,-10.853,17.83,-2.8567,2.7078,-7.4248,1.0048,0.51177,-7.8718,0,0,0,NaN,NaN,NaN,NaN,NaN,NaN,NaN,NaN,NaN,46.562,0,3693.7,0.0064211,0.66028,2.139,0.28906,0.0058269,NaN,-1,-1,-2.3227,1.0172,-8.4539,-0.21697,2.3393,-7.8626,NaN,NaN,NaN,NaN,NaN
485.51,-14.767,-10.853,17.814,-2.1559,0.30241,-9.8435,0.81836,1.324,-6.7726,0.6463,0.22323,-0.90694,NaN,NaN,NaN,NaN,NaN,NaN,NaN,NaN,NaN,46.562,0,3693.7,0.0064211,NaN,NaN,NaN,NaN,19.568,98938,21.688,-2.3318,1.0349,-8.5017,-0.077043,2.336,-7.6459,NaN,NaN,NaN,NaN,NaN
485.51,-14.763,-10.844,17.792,-2.866,2.1482,-6.3805,-0.68984,5.5014,-7.5958,0,0,0,NaN,NaN,NaN,NaN,NaN,NaN,NaN,NaN,NaN,46.562,0,3693.7,0.0064211,NaN,NaN,NaN,NaN,NaN,-1,-1,-2.3187,1.0329,-8.5468,-0.021746,2.4215,-7.6485,NaN,NaN,NaN,NaN,NaN
485.52,-14.76,-10.846,17.773,-2.1905,-0.075753,-8.3298,-0.39408,1.2409,-7.941,0,0,0,NaN,NaN,NaN,NaN,NaN,NaN,NaN,NaN,NaN,46.562,0,3693.7,0.0064211,NaN,NaN,NaN,NaN,NaN,-1,-1,-2.3143,1.0475,-8.5886,0.044378,2.3808,-7.6652,NaN,NaN,NaN,NaN,NaN
485.52,-14.759,-10.847,17.755,-2.0111,-0.12532,-8.1165,-1.3919,1.2285,-7.6146,0,0,0,NaN,NaN,NaN,NaN,NaN,NaN,NaN,NaN,NaN,46.562,0,3693.7,0.0064211,NaN,NaN,NaN,0.098224,19.675,98984,21.875,-2.323,1.0544,-8.657,0.03689,2.4279,-7.6567,NaN,NaN,NaN,NaN,NaN
485.52,-14.752,-10.847,17.734,-2.3123,1.1464,-10.593,0.55921,1.729,-8.2196,0.65166,0.23036,-0.91105,NaN,NaN,NaN,NaN,NaN,NaN,NaN,NaN,NaN,46.562,0,3693.7,0.0064211,NaN,NaN,NaN,0.098224,NaN,-1,-1,-2.3129,1.0557,-8.7056,0.046144,2.3855,-7.689,NaN,NaN,NaN,NaN,NaN
485.52,-14.746,-10.84,17.715,-2.6774,2.4072,-6.915,0.50099,4.6211,-7.1518,0,0,0,NaN,NaN,NaN,NaN,NaN,NaN,NaN,NaN,NaN,46.562,0,3693.7,0.0064211,NaN,NaN,NaN,NaN,19.589,98977,21.813,-2.3093,1.0557,-8.7259,0.1702,2.4785,-7.6748,NaN,NaN,NaN,NaN,NaN
485.53,-14.743,-10.839,17.695,-1.4711,0.25923,-8.0838,-0.39007,2.1661,-7.9665,0,0,0,NaN,NaN,NaN,NaN,NaN,NaN,NaN,NaN,NaN,46.562,0,3693.7,0.0064211,NaN,NaN,NaN,NaN,NaN,-1,-1,-2.3026,1.0364,-8.7734,0.34723,2.5944,-7.6762,NaN,NaN,NaN,NaN,NaN
485.53,-14.739,-10.84,17.676,-2.6143,1.5047,-9.3402,-0.4217,1.5171,-7.8526,0,0,0,NaN,NaN,NaN,NaN,NaN,NaN,NaN,NaN,NaN,46.562,0,3693.7,0.0064211,NaN,NaN,NaN,NaN,NaN,-1,-1,-2.2915,1.0132,-8.8187,0.51884,2.5495,-7.667,NaN,NaN,NaN,NaN,NaN
485.53,-14.731,-10.837,17.656,-2.4424,2.6448,-9.3857,1.2971,2.9539,-7.4611,0.64345,0.21854,-0.90259,NaN,NaN,NaN,NaN,NaN,NaN,NaN,NaN,NaN,46.543,0,3696.5,0.0058767,NaN,NaN,NaN,NaN,19.694,98955,21.75,-2.2824,1.0461,-8.8797,0.57702,2.5926,-7.6697,NaN,NaN,NaN,NaN,NaN
485.53,-14.72,-10.833,17.637,-2.4094,0.55248,-8.787,2.4131,3.529,-7.3928,0,0,0,NaN,NaN,NaN,NaN,NaN,NaN,NaN,NaN,NaN,46.543,0,3696.5,0.0058767,0.6121,2.2428,0.25012,0.067425,NaN,-1,-1,-2.2857,1.0568,-8.9184,0.63596,2.6083,-7.6788,NaN,NaN,NaN,NaN,NaN
485.54,-14.713,-10.826,17.617,-2.9618,1.8892,-6.8697,1.0494,4.4114,-7.2308,0,0,0,NaN,NaN,NaN,NaN,NaN,NaN,NaN,NaN,NaN,46.543,0,3696.5,0.0058767,NaN,NaN,NaN,NaN,NaN,-1,-1,-2.2696,1.0525,-8.9549,0.72352,2.6331,-7.6834,NaN,NaN,NaN,NaN,NaN
485.54,-14.707,-10.826,17.598,-1.9945,0.79216,-8.4567,0.62567,1.6916,-7.7836,0,0,0,NaN,NaN,NaN,NaN,NaN,NaN,NaN,NaN,NaN,46.543,0,3696.5,0.0058767,NaN,NaN,NaN,NaN,19.4,98978,21.813,-2.2754,1.0693,-9.0114,0.8269,2.6581,-7.7128,NaN,NaN,NaN,NaN,NaN
485.54,-14.703,-10.828,17.579,-2.1274,-0.92175,-9.994,-0.22259,1.2344,-7.7494,0.64672,0.23304,-0.90919,NaN,NaN,NaN,NaN,NaN,NaN,NaN,NaN,NaN,46.543,0,3696.5,0.0058767,NaN,NaN,NaN,NaN,19.696,98979,21.875,-2.2726,1.081,-9.0495,0.8291,2.6077,-7.7337,NaN,NaN,NaN,NaN,NaN
485.54,-14.688,-10.822,17.539,-1.9739,2.05,-6.9309,1.3411,0.78621,-7.4616,0,0,0,NaN,NaN,NaN,NaN,NaN,NaN,NaN,NaN,NaN,46.543,0,3696.5,0.0058767,NaN,NaN,NaN,NaN,NaN,-1,-1,-2.2619,1.0628,-9.0863,1.0045,2.7526,-7.7478,NaN,NaN,NaN,NaN,NaN
485.55,-14.681,-10.822,17.519,-2.2061,1.7332,-10.547,0.96538,1.8259,-8.133,0,0,0,NaN,NaN,NaN,NaN,NaN,NaN,NaN,NaN,NaN,46.543,0,3696.5,0.0058767,NaN,NaN,NaN,NaN,NaN,-1,-1,-2.2623,1.0848,-9.1196,1.1636,2.7856,-7.727,NaN,NaN,NaN,NaN,NaN
485.55,-14.673,-10.813,17.496,-2.5701,0.2691,-9.7697,0.9302,5.5219,-8.2194,0.63912,0.2232,-0.90988,NaN,NaN,NaN,NaN,NaN,NaN,NaN,NaN,NaN,46.543,0,3696.5,0.0058767,NaN,NaN,NaN,NaN,NaN,-1,-1,-2.2538,1.0648,-9.1712,1.2797,2.7898,-7.7131,NaN,NaN,NaN,NaN,NaN
485.55,-14.654,-10.816,17.46,-2.8955,1.5305,-9.5931,3.3577,-0.17876,-7.5008,0,0,0,NaN,NaN,NaN,NaN,NaN,NaN,NaN,NaN,NaN,46.543,0,3696.5,0.0058767,NaN,NaN,NaN,NaN,19.469,99001,22,-2.239,1.057,-9.2194,1.3239,2.8496,-7.7104,NaN,NaN,NaN,NaN,NaN
485.55,-14.645,-10.803,17.439,-2.5741,1.4258,-10.509,1.8789,7.1184,-7.1298,0,0,0,NaN,NaN,NaN,NaN,NaN,NaN,NaN,NaN,NaN,46.543,0,3696.5,0.0058767,NaN,NaN,NaN,NaN,NaN,-1,-1,-2.24,1.0787,-9.2666,1.3277,2.9446,-7.7216,NaN,NaN,NaN,NaN,NaN
485.56,-14.638,-10.799,17.417,-2.3937,0.81244,-6.4761,0.74645,3.6044,-8.0396,0.64158,0.23335,-0.90506,NaN,NaN,NaN,NaN,NaN,NaN,NaN,NaN,NaN,46.543,0,3696.5,0.0058767,NaN,NaN,NaN,NaN,NaN,-1,-1,-2.2323,1.0744,-9.2914,1.4513,2.8559,-7.7265,NaN,NaN,NaN,NaN,NaN
485.56,-14.632,-10.805,17.399,-1.6151,-0.46769,-8.9578,0.35437,-0.57943,-7.9696,0,0,0,NaN,NaN,NaN,NaN,NaN,NaN,NaN,NaN,NaN,46.543,0,3696.5,0.0058767,0.60444,2.2434,0.2349,0.066593,19.84,98992,21.875,-2.2308,1.088,-9.3492,1.5374,2.8646,-7.7313,NaN,NaN,NaN,NaN,NaN
485.56,-14.626,-10.801,17.378,-2.4842,0.89048,-12.313,0.64819,3.2298,-8.0521,0,0,0,NaN,NaN,NaN,NaN,NaN,NaN,NaN,NaN,NaN,46.543,0,3696.5,0.0058767,NaN,NaN,NaN,NaN,NaN,-1,-1,-2.229,1.1131,-9.4052,1.5162,2.9744,-7.7441,NaN,NaN,NaN,NaN,NaN
485.56,-14.616,-10.794,17.358,-2.4361,1.8612,-8.3129,2.0459,4.7639,-7.6363,0,0,0,NaN,NaN,NaN,NaN,NaN,NaN,NaN,NaN,NaN,46.543,0,3696.5,0.0058767,NaN,NaN,NaN,NaN,19.569,98974,21.813,-2.2267,1.1055,-9.4305,1.4982,3.0284,-7.7845,NaN,NaN,NaN,NaN,NaN
485.57,-14.607,-10.792,17.337,-1.941,2.0908,-9.5334,1.5462,2.8314,-7.8229,0.64156,0.22317,-0.90966,NaN,NaN,NaN,NaN,NaN,NaN,NaN,NaN,NaN,46.543,0,3696.5,0.0058767,NaN,NaN,NaN,NaN,NaN,-1,-1,-2.2258,1.1065,-9.4701,1.5717,2.9273,-7.7997,NaN,NaN,NaN,NaN,NaN
485.57,-14.6,-10.792,17.317,-2.0153,-0.1383,-9.6594,1.0196,1.7909,-8.2739,0,0,0,NaN,NaN,NaN,NaN,NaN,NaN,NaN,NaN,NaN,46.543,0,3696.5,0.0058767,NaN,NaN,NaN,NaN,NaN,-1,-1,-2.2187,1.1216,-9.4874,1.6896,2.956,-7.7821,NaN,NaN,NaN,NaN,NaN
485.57,-14.592,-10.787,17.296,-2.0762,2.1785,-11.452,1.0886,3.6823,-7.7767,0,0,0,NaN,NaN,NaN,NaN,NaN,NaN,NaN,NaN,NaN,46.543,0,3696.5,0.0058767,NaN,NaN,NaN,NaN,19.545,98967,21.75,-2.2013,1.0886,-9.5149,1.719,2.9957,-7.7934,NaN,NaN,NaN,NaN,NaN
485.57,-14.577,-10.782,17.275,-3.0005,2.4483,-10.046,3.8755,3.9172,-7.9578,0,0,0,NaN,NaN,NaN,NaN,NaN,NaN,NaN,NaN,NaN,46.543,0,3696.5,0.0058767,0.59513,2.2291,0.2203,0.097392,NaN,-1,-1,-2.1995,1.1053,-9.5702,1.702,3.1324,-7.8079,NaN,NaN,NaN,NaN,NaN
485.58,-14.565,-10.778,17.256,-2.0748,0.70699,-8.7513,3.1588,3.5284,-7.1896,0.6536,0.21803,-0.90858,NaN,NaN,NaN,NaN,NaN,NaN,NaN,NaN,NaN,46.543,0,3696.5,0.0058767,NaN,NaN,NaN,NaN,NaN,-1,-1,-2.1915,1.0977,-9.5797,1.6818,3.1205,-7.8104,NaN,NaN,NaN,NaN,NaN
485.58,-14.558,-10.776,17.236,-2.2386,0.79258,-8.8692,0.89691,2.3562,-7.9325,0,0,0,NaN,NaN,NaN,NaN,NaN,NaN,NaN,NaN,NaN,46.543,0,3696.5,0.0058767,NaN,NaN,NaN,NaN,19.463,98977,21.813,-2.1903,1.0976,-9.6235,1.7225,2.9504,-7.8315,NaN,NaN,NaN,NaN,NaN
485.58,-14.55,-10.775,17.217,-2.2368,0.074129,-10.45,1.1518,2.1899,-7.8238,0,0,0,NaN,NaN,NaN,NaN,NaN,NaN,NaN,NaN,NaN,46.543,0,3696.5,0.0058767,NaN,NaN,NaN,NaN,NaN,-1,-1,-2.1903,1.1064,-9.6649,1.6897,3.1725,-7.8529,NaN,NaN,NaN,NaN,NaN
485.58,-14.544,-10.768,17.196,-1.9688,0.75298,-10.539,0.64836,4.8485,-7.6916,0,0,0,NaN,NaN,NaN,NaN,NaN,NaN,NaN,NaN,NaN,46.543,0,3696.5,0.0058767,NaN,NaN,NaN,NaN,19.483,98984,21.813,-2.1894,1.1155,-9.6692,1.5816,3.2581,-7.8803,NaN,NaN,NaN,NaN,NaN
485.59,-14.532,-10.769,17.176,-1.8111,0.92479,-9.7443,2.709,1.3347,-8.0056,0.65373,0.21791,-0.91087,NaN,NaN,NaN,NaN,NaN,NaN,NaN,NaN,NaN,46.543,0,3696.5,0.0058767,NaN,NaN,NaN,0.099889,NaN,-1,-1,-2.1835,1.0919,-9.6998,1.5138,3.0787,-7.9277,NaN,NaN,NaN,NaN,NaN
485.59,-14.523,-10.766,17.156,-2.9906,1.8745,-10.66,1.7467,2.8614,-7.8743,0,0,0,NaN,NaN,NaN,NaN,NaN,NaN,NaN,NaN,NaN,46.543,0,3696.5,0.0058767,NaN,NaN,NaN,NaN,NaN,-1,-1,-2.1778,1.0934,-9.7488,1.5137,3.094,-7.9394,NaN,NaN,NaN,NaN,NaN
485.59,-14.515,-10.757,17.133,-1.1851,0.57021,-8.987,0.95008,5.6764,-8.001,0,0,0,NaN,NaN,NaN,NaN,NaN,NaN,NaN,NaN,NaN,46.543,0,3696.5,0.0058767,NaN,NaN,NaN,NaN,19.398,98947,21.688,-2.1722,1.096,-9.7501,1.5461,3.3603,-7.9374,NaN,NaN,NaN,NaN,NaN
485.59,-14.509,-10.759,17.115,-2.0321,1.4343,-10.76,0.73826,0.98148,-7.8036,0,0,0,NaN,NaN,NaN,NaN,NaN,NaN,NaN,NaN,NaN,46.543,0,3696.5,0.0058767,NaN,NaN,NaN,NaN,NaN,-1,-1,-2.1583,1.095,-9.8012,1.5342,3.3562,-7.9355,NaN,NaN,NaN,NaN,NaN
485.6,-14.483,-10.748,17.073,-2.0136,0.95764,-10.759,3.2267,5.4909,-7.1069,0,0,0,NaN,NaN,NaN,NaN,NaN,NaN,NaN,NaN,NaN,46.543,0,3696.5,0.0058767,NaN,NaN,NaN,NaN,NaN,-1,-1,-2.1649,1.1124,-9.8663,1.4291,3.2264,-7.9732,NaN,NaN,NaN,NaN,NaN
485.6,-14.475,-10.745,17.053,-2.0032,0.9178,-7.0548,1.2436,2.9072,-7.854,0,0,0,NaN,NaN,NaN,NaN,NaN,NaN,NaN,NaN,NaN,46.543,0,3696.5,0.0058767,0.60991,2.1223,0.29576,0.034129,19.355,98950,21.688,-2.1641,1.1437,-9.8841,1.3175,3.3347,-7.9894,NaN,NaN,NaN,NaN,NaN
485.6,-14.469,-10.744,17.032,-2.7407,0.38389,-11.634,0.55376,2.2521,-8.247,0,0,0,NaN,NaN,NaN,NaN,NaN,NaN,NaN,NaN,NaN,46.543,0,3696.5,0.0058767,NaN,NaN,NaN,NaN,NaN,-1,-1,-2.1566,1.1352,-9.8794,1.263,3.157,-8.0208,NaN,NaN,NaN,NaN,NaN
485.6,-14.464,-10.74,17.01,-1.7249,0.076434,-10.322,0.0042972,3.6362,-8.3199,0.63689,0.22559,-0.91238,NaN,NaN,NaN,NaN,NaN,NaN,NaN,NaN,NaN,46.543,0,3696.5,0.0058767,NaN,NaN,NaN,NaN,19.616,98984,21.938,-2.1472,1.1263,-9.9214,1.1821,3.0256,-8.0712,NaN,NaN,NaN,NaN,NaN
485.61,-14.454,-10.74,16.989,-1.8542,1.7001,-10.967,1.9648,2.0759,-8.446,0,0,0,NaN,NaN,NaN,NaN,NaN,NaN,NaN,NaN,NaN,46.543,0,3696.5,0.0058767,NaN,NaN,NaN,NaN,NaN,-1,-1,-2.153,1.1497,-9.9891,1.0114,3.15,-8.0943,NaN,NaN,NaN,NaN,NaN
485.61,-14.445,-10.74,16.97,-2.773,1.3192,-10.498,1.63,1.8221,-7.9065,0,0,0,NaN,NaN,NaN,NaN,NaN,NaN,NaN,NaN,NaN,46.543,0,3696.5,0.0058767,NaN,NaN,NaN,NaN,NaN,-1,-1,-2.1475,1.1559,-10.022,0.97473,3.1674,-8.1244,NaN,NaN,NaN,NaN,NaN
485.61,-14.439,-10.729,16.946,-1.1951,0.53211,-10.767,0.049962,6.1799,-8.4087,0,0,0,NaN,NaN,NaN,NaN,NaN,NaN,NaN,NaN,NaN,46.543,0,3696.5,0.0058767,NaN,NaN,NaN,NaN,19.503,98946,21.688,-2.1347,1.1501,-10.033,0.94118,3.2974,-8.1103,NaN,NaN,NaN,NaN,NaN
485.61,-14.433,-10.727,16.924,-2.4588,1.6426,-10.009,0.43596,2.9408,-8.3734,0.64691,0.22521,-0.91608,NaN,NaN,NaN,NaN,NaN,NaN,NaN,NaN,NaN,46.543,0,3696.5,0.0058767,0.59349,2.2392,0.2203,0.095727,NaN,-1,-1,-2.1303,1.1643,-10.079,0.87955,3.3986,-8.1344,NaN,NaN,NaN,NaN,NaN
485.62,-14.424,-10.73,16.905,-2.2961,2.5512,-11.303,1.8686,0.48988,-8.2657,0,0,0,NaN,NaN,NaN,NaN,NaN,NaN,NaN,NaN,NaN,46.543,0,3696.5,0.0058767,NaN,NaN,NaN,NaN,NaN,-1,-1,-2.1375,1.1937,-10.128,0.71318,3.3339,-8.1658,NaN,NaN,NaN,NaN,NaN
485.62,-14.415,-10.723,16.885,-2.4425,0.4156,-12.249,1.5713,4.5281,-7.505,0,0,0,NaN,NaN,NaN,NaN,NaN,NaN,NaN,NaN,NaN,46.543,0,3696.5,0.0058767,NaN,NaN,NaN,NaN,19.465,98988,21.875,-2.1296,1.1877,-10.15,0.57234,3.2827,-8.2061,NaN,NaN,NaN,NaN,NaN
485.62,-14.407,-10.715,16.862,-2.6804,2.5317,-7.5641,0.95856,5.4303,-8.3861,0,0,0,NaN,NaN,NaN,NaN,NaN,NaN,NaN,NaN,NaN,46.543,0,3696.5,0.0058767,NaN,NaN,NaN,NaN,19.647,98964,21.688,-2.1318,1.1997,-10.175,0.50005,3.3319,-8.2247,NaN,NaN,NaN,NaN,NaN
485.62,-14.4,-10.717,16.82,-2.3984,-0.97555,-11.574,-0.81738,2.0965,-8.2677,0,0,0,NaN,NaN,NaN,NaN,NaN,NaN,NaN,NaN,NaN,46.543,0,3696.5,0.0058767,0.59842,2.2392,0.23977,0.077414,NaN,-1,-1,-2.1317,1.1921,-10.206,0.35275,3.4278,-8.4968,NaN,NaN,NaN,NaN,NaN
485.63,-14.395,-10.706,16.797,-2.3301,1.8843,-11.027,-0.25709,6.3182,-8.1601,0,0,0,NaN,NaN,NaN,NaN,NaN,NaN,NaN,NaN,NaN,46.543,0,3696.5,0.0058767,NaN,NaN,NaN,NaN,NaN,-1,-1,-2.1249,1.1714,-10.234,0.2444,3.3953,-8.4681,NaN,NaN,NaN,NaN,NaN
485.63,-14.388,-10.713,16.777,-1.3598,1.9111,-9.0601,0.9039,-0.8069,-8.4925,0,0,0,NaN,NaN,NaN,NaN,NaN,NaN,NaN,NaN,NaN,46.543,0,3696.5,0.0058767,NaN,NaN,NaN,NaN,NaN,-1,-1,-2.1201,1.1781,-10.273,0.05362,3.4077,-8.4236,NaN,NaN,NaN,NaN,NaN
485.63,-14.385,-10.711,16.755,-2.4641,-0.17235,-12.984,-0.65025,2.8072,-8.6574,0.63925,0.21799,-0.91447,NaN,NaN,NaN,NaN,NaN,NaN,NaN,NaN,NaN,46.543,0,3696.5,0.0058767,NaN,NaN,NaN,NaN,19.611,98969,21.813,-2.1137,1.1787,-10.277,-0.010269,3.3636,-8.4159,NaN,NaN,NaN,NaN,NaN
485.63,-14.382,-10.695,16.729,-2.4796,1.2051,-9.815,-1.3218,8.2638,-8.9031,0,0,0,NaN,NaN,NaN,NaN,NaN,NaN,NaN,NaN,NaN,46.543,0,3696.5,0.0058767,NaN,NaN,NaN,NaN,NaN,-1,-1,-2.1051,1.1615,-10.319,-0.067174,3.4563,-8.6129,NaN,NaN,NaN,NaN,NaN
485.64,-14.377,-10.701,16.711,-1.2935,3.7803,-10.245,0.35294,-0.35936,-7.8835,0,0,0,NaN,NaN,NaN,NaN,NaN,NaN,NaN,NaN,NaN,46.543,0,3696.5,0.0058767,NaN,NaN,NaN,NaN,NaN,-1,-1,-2.1002,1.1733,-10.383,-0.12452,3.4281,-8.5115,NaN,NaN,NaN,NaN,NaN
485.64,-14.368,-10.704,16.691,-3.1118,-0.05858,-12.213,1.4488,0.7166,-8.4934,0,0,0,NaN,NaN,NaN,NaN,NaN,NaN,NaN,NaN,NaN,46.543,0,3696.5,0.0058767,0.60115,2.1073,0.29698,0.049945,19.525,98963,21.75,-2.1067,1.2071,-10.401,-0.23352,3.3748,-8.4126,NaN,NaN,NaN,NaN,NaN
485.64,-14.363,-10.688,16.667,-2.8554,1.8341,-11.358,-0.22855,8.0344,-7.824,0.63443,0.21035,-0.91951,NaN,NaN,NaN,NaN,NaN,NaN,NaN,NaN,NaN,46.543,0,3696.5,0.0058767,NaN,NaN,NaN,NaN,NaN,-1,-1,-2.1008,1.1904,-10.402,-0.32574,3.4267,-8.3306,NaN,NaN,NaN,NaN,NaN
485.64,-14.361,-10.683,16.645,-1.3313,1.3025,-7.0201,-1.0701,4.1129,-8.4805,0,0,0,NaN,NaN,NaN,NaN,NaN,NaN,NaN,NaN,NaN,46.543,0,3696.5,0.0058767,NaN,NaN,NaN,NaN,19.46,98957,21.688,-2.0999,1.1937,-10.452,-0.32367,3.2977,-8.2444,NaN,NaN,NaN,NaN,NaN
485.65,-14.359,-10.696,16.626,-1.9042,-1.1723,-12.04,-1.2371,-3.4049,-8.8576,0,0,0,NaN,NaN,NaN,NaN,NaN,NaN,NaN,NaN,NaN,46.543,0,3696.5,0.0058767,NaN,NaN,NaN,NaN,NaN,-1,-1,-2.0905,1.1668,-10.493,-0.33462,3.1676,-8.1752,NaN,NaN,NaN,NaN,NaN
485.65,-14.358,-10.688,16.602,-2.9724,1.392,-14.238,-1.6439,5.3141,-8.7122,0,0,0,NaN,NaN,NaN,NaN,NaN,NaN,NaN,NaN,NaN,46.543,0,3696.5,0.0058767,NaN,NaN,NaN,NaN,NaN,-1,-1,-2.0912,1.1689,-10.513,-0.47019,3.2475,-8.1054,NaN,NaN,NaN,NaN,NaN
485.65,-14.352,-10.676,16.579,-1.4848,1.2552,-8.7588,0.34979,7.053,-8.0485,0.63131,0.21101,-0.90829,NaN,NaN,NaN,NaN,NaN,NaN,NaN,NaN,NaN,46.543,0,3696.5,0.0058767,0.64276,2.1312,0.2848,NaN,19.696,98984,21.875,-2.0868,1.1556,-10.522,-0.57812,3.1457,-8.0509,NaN,NaN,NaN,NaN,NaN
485.65,-14.349,-10.683,16.559,-1.8392,0.76109,-9.3961,-0.70268,-0.89628,-8.6643,0,0,0,NaN,NaN,NaN,NaN,NaN,NaN,NaN,NaN,NaN,46.543,0,3696.5,0.0058767,NaN,NaN,NaN,0.0016648,NaN,-1,-1,-2.0838,1.1529,-10.544,-0.56762,3.1305,-7.9651,NaN,NaN,NaN,NaN,NaN
485.66,-14.348,-10.672,16.515,-2.0544,2.9384,-11.493,-1.3438,6.6903,-7.872,0,0,0,NaN,NaN,NaN,NaN,NaN,NaN,NaN,NaN,NaN,46.543,0,3696.5,0.0058767,NaN,NaN,NaN,NaN,NaN,-1,-1,-2.0603,1.1437,-10.481,-0.59879,3.078,-7.8888,NaN,NaN,NaN,NaN,NaN
485.66,-14.348,-10.672,16.515,-2.0544,2.9384,-11.493,-1.3438,6.6903,-7.872,0,0,0,NaN,NaN,NaN,NaN,NaN,NaN,NaN,NaN,NaN,46.543,0,3696.5,0.0058767,NaN,NaN,NaN,NaN,19.631,98979,21.813,-2.0506,1.1245,-10.51,-0.65343,3.0424,-7.8324,NaN,NaN,NaN,NaN,NaN
485.66,-14.34,-10.669,16.492,-2.5675,1.0473,-9.6621,1.1393,3.181,-8.8679,0.63667,0.21305,-0.9147,NaN,NaN,NaN,NaN,NaN,NaN,NaN,NaN,NaN,46.543,0,3696.5,0.0058767,NaN,NaN,NaN,NaN,NaN,-1,-1,-2.061,1.1503,-10.574,-0.76132,3.0358,-7.8027,NaN,NaN,NaN,NaN,NaN
485.66,-14.336,-10.673,16.473,-1.9534,0.94473,-11.537,-0.20787,0.19028,-7.971,0,0,0,NaN,NaN,NaN,NaN,NaN,NaN,NaN,NaN,NaN,46.543,0,3696.5,0.0058767,0.60115,2.1247,0.29941,0.040788,19.567,98982,21.813,-2.0577,1.1603,-10.591,-0.7605,2.8975,-7.7524,NaN,NaN,NaN,NaN,NaN
485.67,-14.334,-10.659,16.427,-1.4372,-1.1144,-10.553,-1.73,3.8855,-8.815,0,0,0,NaN,NaN,NaN,NaN,NaN,NaN,NaN,NaN,NaN,46.543,0,3696.5,0.0058767,NaN,NaN,NaN,NaN,NaN,-1,-1,-2.0352,1.1447,-10.522,-0.80283,2.8582,-7.7192,NaN,NaN,NaN,NaN,NaN
485.67,-14.335,-10.66,16.406,-2.0349,0.74905,-10.77,-2.48,1.6063,-8.5965,0.64405,0.21543,-0.91404,NaN,NaN,NaN,NaN,NaN,NaN,NaN,NaN,NaN,46.543,0,3696.5,0.0058767,NaN,NaN,NaN,NaN,NaN,-1,-1,-2.0407,1.1375,-10.555,-0.91998,2.8577,-7.7036,NaN,NaN,NaN,NaN,NaN
485.67,-14.331,-10.661,16.385,-2.151,1.4818,-12.711,-0.16518,1.6686,-8.3514,0,0,0,NaN,NaN,NaN,NaN,NaN,NaN,NaN,NaN,NaN,46.543,0,3696.5,0.0058767,NaN,NaN,NaN,NaN,19.837,98964,21.75,-2.0556,1.1153,-10.614,-0.98912,2.7848,-7.7117,NaN,NaN,NaN,NaN,NaN
485.67,-14.328,-10.654,16.363,-2.5996,1.5083,-11.18,-0.88201,4.6399,-8.1685,0,0,0,NaN,NaN,NaN,NaN,NaN,NaN,NaN,NaN,NaN,46.543,0,3696.5,0.0058767,NaN,NaN,NaN,NaN,NaN,-1,-1,-2.0485,1.0927,-10.622,-0.97107,2.662,-7.6912,NaN,NaN,NaN,NaN,NaN
485.68,-14.327,-10.65,16.342,-1.0306,0.67009,-10.046,-1.7524,3.5264,-8.3569,0,0,0,NaN,NaN,NaN,NaN,NaN,NaN,NaN,NaN,NaN,46.543,0,3696.5,0.0058767,NaN,NaN,NaN,NaN,NaN,-1,-1,-2.0433,1.0857,-10.647,-0.93533,2.7353,-7.646,NaN,NaN,NaN,NaN,NaN
485.68,0,0,0,0,0,0,0,0,0,0,0,0,NaN,NaN,NaN,NaN,NaN,NaN,NaN,NaN,NaN,46.543,0,3696.5,0.0058767,0.65371,2.13,0.28663,0.02414,19.462,98960,21.75,-2.0577,1.076,-10.688,-0.89105,2.7305,-7.6481,NaN,NaN,NaN,NaN,NaN
485.68,-14.327,-10.65,16.32,-2.2355,1.5851,-11.808,-1.7779,2.1444,-8.6279,0.64139,0.20802,-0.91428,NaN,NaN,NaN,NaN,NaN,NaN,NaN,NaN,NaN,46.543,0,3696.5,0.0058767,NaN,NaN,NaN,NaN,NaN,-1,-1,-2.0599,1.0713,-10.726,-1.0039,2.675,-7.6338,NaN,NaN,NaN,NaN,NaN
485.68,-14.32,-10.649,16.298,-2.9649,2.3061,-11.578,0.71981,2.4013,-8.7636,0,0,0,NaN,NaN,NaN,NaN,NaN,NaN,NaN,NaN,NaN,46.543,0,3696.5,0.0058767,NaN,NaN,NaN,NaN,19.898,98972,21.75,-2.0534,1.052,-10.738,-1.0287,2.7286,-7.6242,NaN,NaN,NaN,NaN,NaN
485.69,-14.314,-10.642,16.277,-1.838,0.46659,-11.94,0.2293,4.5411,-7.8826,0,0,0,NaN,NaN,NaN,NaN,NaN,NaN,NaN,NaN,NaN,46.543,0,3696.5,0.0058767,NaN,NaN,NaN,NaN,NaN,-1,-1,-2.0624,1.0756,-10.759,-0.97376,2.6261,-7.6203,NaN,NaN,NaN,NaN,NaN
485.69,0,0,0,0,0,0,0,0,0,0,0,0,NaN,NaN,NaN,NaN,NaN,NaN,NaN,NaN,NaN,46.543,0,3696.5,0.0058767,0.59513,2.235,0.23064,0.083241,NaN,-1,-1,-2.0564,1.0461,-10.782,-1.0239,2.6005,-7.6515,NaN,NaN,NaN,NaN,NaN
485.69,-14.313,-10.639,16.232,-2.2211,-0.30946,-12.598,-2.1108,1.9389,-8.8244,0.6462,0.21056,-0.91155,NaN,NaN,NaN,NaN,NaN,NaN,NaN,NaN,NaN,46.543,0,3696.5,0.0058767,0.59513,2.235,0.23064,0.083241,19.773,98976,21.75,-2.0626,1.0235,-10.808,-1.1432,2.6728,-7.6784,NaN,NaN,NaN,NaN,NaN
485.69,-14.311,-10.634,16.188,-1.9648,2.2401,-10.35,-0.41482,2.1185,-8.8543,0,0,0,NaN,NaN,NaN,NaN,NaN,NaN,NaN,NaN,NaN,46.543,0,3696.5,0.0058767,NaN,NaN,NaN,NaN,NaN,-1,-1,-2.0595,1.0274,-10.833,-1.1791,2.5797,-7.7202,NaN,NaN,NaN,NaN,NaN
485.7,-14.31,-10.635,16.168,-2.0468,0.92705,-11.057,-1.46,1.4512,-8.3379,0,0,0,NaN,NaN,NaN,NaN,NaN,NaN,NaN,NaN,NaN,46.543,0,3696.5,0.0058767,NaN,NaN,NaN,NaN,NaN,-1,-1,-2.0537,1.0002,-10.824,-1.1238,2.4687,-7.763,NaN,NaN,NaN,NaN,NaN
485.7,-14.31,-10.632,16.144,-1.8697,0.20188,-11.26,-2.2668,3.2139,-8.9262,0.64174,0.21025,-0.91885,6.6383,22.822,-4.075,24.115,40.059,-88.55,3.6782e+05,4.4355e+06,310.24,46.543,0,3696.5,0.0058767,NaN,NaN,NaN,NaN,20.063,98945,21.688,-2.0518,0.98568,-10.839,-1.0959,2.6174,-7.7785,24.112,0.1236,-0.36087,-0.85744,0.29367
485.7,-14.312,-10.625,16.122,-2.2883,2.0305,-12.381,-2.8796,4.7847,-8.455,0,0,0,NaN,NaN,NaN,NaN,NaN,NaN,NaN,NaN,NaN,46.543,0,3696.5,0.0058767,NaN,NaN,NaN,NaN,20.043,98966,21.75,-2.0504,0.98759,-10.872,-1.0907,2.6658,-7.8304,NaN,NaN,NaN,NaN,NaN
485.7,-14.307,-10.626,16.1,-2.498,1.9424,-9.4893,0.11935,1.6216,-8.7402,0,0,0,NaN,NaN,NaN,NaN,NaN,NaN,NaN,NaN,NaN,46.543,0,3696.5,0.0058767,0.59568,2.2398,0.21665,0.085738,NaN,-1,-1,-2.0523,0.9828,-10.879,-1.1652,2.4605,-7.8982,NaN,NaN,NaN,NaN,NaN
485.71,-14.304,-10.625,16.08,-2.0211,0.5881,-12.03,-0.70399,2.1871,-8.1836,0,0,0,NaN,NaN,NaN,NaN,NaN,NaN,NaN,NaN,NaN,46.543,0,3696.5,0.0058767,NaN,NaN,NaN,NaN,NaN,-1,-1,-2.0731,0.96651,-10.955,-1.2385,2.4894,-7.9789,NaN,NaN,NaN,NaN,NaN
485.71,-14.307,-10.627,16.062,-2.6045,2.4935,-10.132,-1.4449,4.2062,-8.376,0.6439,0.21047,-0.91405,NaN,NaN,NaN,NaN,NaN,NaN,NaN,NaN,NaN,46.543,0,3696.5,0.0058767,NaN,NaN,NaN,NaN,NaN,-1,-1,-2.0812,0.99136,-10.964,-1.1842,2.6071,-8.0338,NaN,NaN,NaN,NaN,NaN
485.71,-14.306,-10.625,16.039,-2.4582,0.23805,-11.098,-1.909,3.1567,-8.8614,0,0,0,NaN,NaN,NaN,NaN,NaN,NaN,NaN,NaN,NaN,46.543,0,3696.5,0.0058767,NaN,NaN,NaN,NaN,19.605,98947,21.625,-2.0893,0.9853,-10.975,-1.2176,2.5399,-8.1301,NaN,NaN,NaN,NaN,NaN
485.71,-14.309,-10.623,15.996,-1.7963,1.5334,-11.176,-1.9441,1.7971,-8.8493,0,0,0,NaN,NaN,NaN,NaN,NaN,NaN,NaN,NaN,NaN,46.543,0,3696.5,0.0058767,NaN,NaN,NaN,NaN,NaN,-1,-1,-2.0804,0.93517,-10.977,-1.3137,2.6119,-8.1967,NaN,NaN,NaN,NaN,NaN
485.72,-14.306,-10.623,15.975,-2.3152,1.1447,-11.182,-0.95615,2.0747,-8.303,0.65351,0.21046,-0.91089,NaN,NaN,NaN,NaN,NaN,NaN,NaN,NaN,NaN,46.543,0,3696.5,0.0058767,NaN,NaN,NaN,0.010821,NaN,-1,-1,-2.0747,0.9415,-10.983,-1.3775,2.7513,-8.298,NaN,NaN,NaN,NaN,NaN
485.72,-14.306,-10.617,15.95,-1.9917,0.056387,-10.585,-2.1512,4.503,-9.2884,0,0,0,NaN,NaN,NaN,NaN,NaN,NaN,NaN,NaN,NaN,46.543,0,3696.5,0.0058767,NaN,NaN,NaN,0.010821,19.569,98972,21.813,-2.0729,0.92378,-10.974,-1.3181,2.8498,-8.4068,NaN,NaN,NaN,NaN,NaN
485.72,-14.305,-10.619,15.907,-2.026,3.0262,-11.868,-0.87846,1.0089,-8.4424,0,0,0,NaN,NaN,NaN,NaN,NaN,NaN,NaN,NaN,NaN,46.543,0,3696.5,0.0058767,NaN,NaN,NaN,NaN,NaN,-1,-1,-2.08,0.90955,-10.997,-1.2804,2.7353,-8.478,NaN,NaN,NaN,NaN,NaN
485.72,-14.299,-10.613,15.884,-3.0761,-0.31995,-11.257,0.16358,4.3701,-8.5366,0.64382,0.20289,-0.91636,NaN,NaN,NaN,NaN,NaN,NaN,NaN,NaN,NaN,46.543,0,3696.5,0.0058767,NaN,NaN,NaN,NaN,19.797,98979,21.813,-2.0748,0.89602,-11,-1.2771,2.8138,-8.5934,NaN,NaN,NaN,NaN,NaN
485.73,-14.295,-10.607,15.863,-2.189,2.2997,-10.306,-0.59731,3.9228,-7.8979,0,0,0,NaN,NaN,NaN,NaN,NaN,NaN,NaN,NaN,NaN,46.543,0,3696.5,0.0058767,NaN,NaN,NaN,NaN,NaN,-1,-1,-2.0928,0.90127,-11.03,-1.3701,2.8483,-8.7096,NaN,NaN,NaN,NaN,NaN
485.73,-14.294,-10.605,15.841,-1.9576,0.64686,-9.5183,-1.4483,2.7671,-8.7594,0,0,0,NaN,NaN,NaN,NaN,NaN,NaN,NaN,NaN,NaN,46.543,0,3696.5,0.0058767,0.60061,2.1205,0.29698,0.040788,NaN,-1,-1,-2.0959,0.89276,-11.006,-1.3756,2.8329,-8.8348,NaN,NaN,NaN,NaN,NaN
485.73,-14.294,-10.609,15.82,-2.2174,-1.2312,-11.239,-1.9456,0.5419,-8.8597,0,0,0,NaN,NaN,NaN,NaN,NaN,NaN,NaN,NaN,NaN,46.543,0,3696.5,0.0058767,NaN,NaN,NaN,NaN,19.941,98979,21.813,-2.0884,0.88901,-10.992,-1.3552,2.8422,-8.9411,NaN,NaN,NaN,NaN,NaN
485.73,-14.295,-10.604,15.798,-1.9763,1.3958,-12.301,-2.6884,4.0934,-8.4171,0.6462,0.21056,-0.91155,NaN,NaN,NaN,NaN,NaN,NaN,NaN,NaN,NaN,46.543,0,3696.5,0.0058767,NaN,NaN,NaN,NaN,NaN,-1,-1,-2.0958,0.86608,-11.009,-1.3725,2.9484,-9.0624,NaN,NaN,NaN,NaN,NaN
485.74,-14.289,-10.603,15.775,-1.7728,0.79362,-10.642,0.38033,2.5658,-8.9658,0,0,0,NaN,NaN,NaN,NaN,NaN,NaN,NaN,NaN,NaN,46.543,0,3696.5,0.0058767,NaN,NaN,NaN,NaN,NaN,-1,-1,-2.1002,0.84118,-11,-1.3742,2.8596,-8.8844,NaN,NaN,NaN,NaN,NaN
485.74,-14.288,-10.598,15.752,-2.5709,0.70453,-10.18,-1.5549,3.8928,-8.9284,0,0,0,NaN,NaN,NaN,NaN,NaN,NaN,NaN,NaN,NaN,46.543,0,3696.5,0.0058767,NaN,NaN,NaN,NaN,19.609,99005,21.875,-2.0887,0.84601,-10.984,-1.4321,2.8379,-8.9844,NaN,NaN,NaN,NaN,NaN
485.74,-14.29,-10.6,15.729,-1.659,0.99796,-11.39,-2.791,1.3564,-9.3534,0,0,0,NaN,NaN,NaN,NaN,NaN,NaN,NaN,NaN,NaN,46.543,0,3696.5,0.0058767,NaN,NaN,NaN,NaN,NaN,-1,-1,-2.0946,0.83459,-11.005,-1.3485,2.8208,-9.0913,NaN,NaN,NaN,NaN,NaN
485.74,-14.287,-10.6,15.707,-2.0014,2.3312,-11.704,-1.1889,1.981,-8.7653,0.64863,0.20543,-0.91363,NaN,NaN,NaN,NaN,NaN,NaN,NaN,NaN,NaN,46.543,0,3696.5,0.0058767,NaN,NaN,NaN,NaN,19.46,98973,21.75,-2.091,0.80308,-11.007,-1.2422,2.8656,-9.1352,NaN,NaN,NaN,NaN,NaN
485.75,-14.281,-10.592,15.681,-3.3332,0.99411,-12.191,0.32555,5.2701,-9.4975,0,0,0,NaN,NaN,NaN,NaN,NaN,NaN,NaN,NaN,NaN,46.543,0,3696.5,0.0058767,NaN,NaN,NaN,NaN,NaN,-1,-1,-2.0896,0.8263,-10.996,-1.0825,2.8868,-8.898,NaN,NaN,NaN,NaN,NaN
485.75,-14.276,-10.592,15.661,-1.9645,1.5181,-10.114,-0.15711,2.0201,-8.2355,0,0,0,NaN,NaN,NaN,NaN,NaN,NaN,NaN,NaN,NaN,46.543,0,3696.5,0.0058767,NaN,NaN,NaN,NaN,NaN,-1,-1,-2.0986,0.83717,-11.005,-1.0579,2.8087,-8.9165,NaN,NaN,NaN,NaN,NaN
485.75,-14.275,-10.59,15.638,-1.925,1.0929,-9.9659,-1.3216,2.9527,-8.9045,0,0,0,NaN,NaN,NaN,NaN,NaN,NaN,NaN,NaN,NaN,46.543,0,3696.5,0.0058767,NaN,NaN,NaN,NaN,19.834,98941,21.625,-2.0982,0.81275,-11.011,-0.9105,2.798,-8.9369,NaN,NaN,NaN,NaN,NaN
485.75,-14.274,-10.588,15.614,-2.4153,-1.7,-11.301,-1.9585,2.8377,-9.2462,0.65134,0.20515,-0.91799,NaN,NaN,NaN,NaN,NaN,NaN,NaN,NaN,NaN,46.543,0,3696.5,0.0058767,NaN,NaN,NaN,NaN,NaN,-1,-1,-2.0986,0.80263,-10.98,-0.79265,2.7737,-8.9386,NaN,NaN,NaN,NaN,NaN
485.76,-14.274,-10.587,15.591,-1.7794,0.51462,-11.439,-2.2628,2.6169,-8.999,0,0,0,NaN,NaN,NaN,NaN,NaN,NaN,NaN,NaN,NaN,46.543,0,3696.5,0.0058767,0.60499,2.2404,0.23551,0.066593,NaN,-1,-1,-2.101,0.79008,-10.981,-0.74025,2.7089,-8.9734,NaN,NaN,NaN,NaN,NaN
485.76,-14.269,-10.587,15.569,-1.8429,1.5331,-12.236,-0.086345,2.0442,-9.1941,0,0,0,NaN,NaN,NaN,NaN,NaN,NaN,NaN,NaN,NaN,46.543,0,3696.5,0.0058767,NaN,NaN,NaN,NaN,19.544,98955,21.688,-2.1061,0.76236,-10.992,-0.73273,2.7505,-8.9841,NaN,NaN,NaN,NaN,NaN
485.76,-14.265,-10.584,15.546,-2.5843,0.65553,-9.9347,-0.43671,3.2957,-8.9711,0,0,0,NaN,NaN,NaN,NaN,NaN,NaN,NaN,NaN,NaN,46.572,0,3703.7,0.0064211,NaN,NaN,NaN,NaN,NaN,-1,-1,-2.0964,0.73965,-10.984,-0.60136,2.7344,-9.0076,NaN,NaN,NaN,NaN,NaN
485.76,-14.265,-10.581,15.521,-1.1483,0.62754,-10.776,-2.2303,3.2112,-9.3106,0.64139,0.20802,-0.91428,NaN,NaN,NaN,NaN,NaN,NaN,NaN,NaN,NaN,46.572,0,3703.7,0.0064211,NaN,NaN,NaN,NaN,19.44,98987,21.813,-2.1011,0.72646,-10.981,-0.41509,2.6124,-8.9815,NaN,NaN,NaN,NaN,NaN
485.77,-14.262,-10.584,15.5,-2.4962,1.8727,-12.068,-0.52655,0.67764,-8.8943,0,0,0,NaN,NaN,NaN,NaN,NaN,NaN,NaN,NaN,NaN,46.572,0,3703.7,0.0064211,NaN,NaN,NaN,NaN,NaN,-1,-1,-2.0914,0.71193,-10.987,-0.27272,2.7042,-8.9577,NaN,NaN,NaN,NaN,NaN
485.77,-14.254,-10.58,15.476,-3.2039,1.5283,-12.008,1.0105,4.0311,-9.1515,0,0,0,NaN,NaN,NaN,NaN,NaN,NaN,NaN,NaN,NaN,46.572,0,3703.7,0.0064211,0.60115,2.1252,0.29698,0.02414,NaN,-1,-1,-2.0951,0.70762,-11.01,-0.10443,2.7415,-8.9647,NaN,NaN,NaN,NaN,NaN
485.77,-14.248,-10.577,15.455,-1.3611,0.16874,-10.77,0.36114,3.0807,-8.091,0,0,0,NaN,NaN,NaN,NaN,NaN,NaN,NaN,NaN,NaN,46.572,0,3703.7,0.0064211,NaN,NaN,NaN,NaN,19.628,98996,21.813,-2.102,0.7141,-10.982,-0.01876,2.6251,-8.9558,NaN,NaN,NaN,NaN,NaN
485.77,-14.244,-10.579,15.433,-2.4183,1.7943,-9.2767,-0.42473,1.1828,-8.9219,0.64362,0.20562,-0.91178,NaN,NaN,NaN,NaN,NaN,NaN,NaN,NaN,NaN,46.572,0,3703.7,0.0064211,NaN,NaN,NaN,NaN,NaN,-1,-1,-2.1008,0.70886,-10.952,0.13224,2.6635,-8.9196,NaN,NaN,NaN,NaN,NaN
485.78,-14.24,-10.573,15.409,-2.4774,-0.70263,-11.904,-0.68211,4.3848,-9.3576,0,0,0,NaN,NaN,NaN,NaN,NaN,NaN,NaN,NaN,NaN,46.572,0,3703.7,0.0064211,NaN,NaN,NaN,NaN,NaN,-1,-1,-2.0976,0.66987,-10.975,0.12491,2.6702,-8.9289,NaN,NaN,NaN,NaN,NaN
485.78,-14.238,-10.573,15.386,-1.6158,-0.98741,-10.577,-1.132,2.3128,-9.0893,0,0,0,NaN,NaN,NaN,NaN,NaN,NaN,NaN,NaN,NaN,46.572,0,3703.7,0.0064211,NaN,NaN,NaN,NaN,19.543,98961,21.688,-2.1096,0.67269,-10.984,0.19843,2.5903,-8.9274,NaN,NaN,NaN,NaN,NaN
485.78,-14.23,-10.575,15.364,-1.9132,2.1611,-12.039,0.96223,1.1602,-9.0903,0,0,0,NaN,NaN,NaN,NaN,NaN,NaN,NaN,NaN,NaN,46.572,0,3703.7,0.0064211,0.64824,2.1336,0.2988,NaN,NaN,-1,-1,-2.1045,0.67482,-10.959,0.34958,2.699,-8.8956,NaN,NaN,NaN,NaN,NaN
485.78,-14.222,-10.574,15.342,-2.5861,0.87075,-10.95,1.0129,2.2772,-8.7243,0.64409,0.20264,-0.92094,NaN,NaN,NaN,NaN,NaN,NaN,NaN,NaN,NaN,46.572,0,3703.7,0.0064211,NaN,NaN,NaN,0.013319,19.758,99004,21.938,-2.1008,0.64282,-10.949,0.50404,2.6938,-8.8487,NaN,NaN,NaN,NaN,NaN
485.79,-14.217,-10.567,15.317,-1.1302,-0.4383,-10.473,-0.079125,4.8145,-9.2202,0,0,0,NaN,NaN,NaN,NaN,NaN,NaN,NaN,NaN,NaN,46.572,0,3703.7,0.0064211,NaN,NaN,NaN,NaN,NaN,-1,-1,-2.1082,0.63599,-10.961,0.55948,2.7624,-8.8183,NaN,NaN,NaN,NaN,NaN
485.79,-14.211,-10.57,15.295,-2.2776,1.6171,-12.059,0.30991,1.1918,-9.101,0,0,0,NaN,NaN,NaN,NaN,NaN,NaN,NaN,NaN,NaN,46.572,0,3703.7,0.0064211,NaN,NaN,NaN,NaN,NaN,-1,-1,-2.1013,0.63945,-10.965,0.62743,2.7342,-8.7909,NaN,NaN,NaN,NaN,NaN
485.79,-14.201,-10.567,15.272,-2.7757,2.157,-11.382,2.0512,3.2016,-8.8754,0,0,0,NaN,NaN,NaN,NaN,NaN,NaN,NaN,NaN,NaN,46.572,0,3703.7,0.0064211,NaN,NaN,NaN,NaN,19.857,98970,21.75,-2.1039,0.61915,-10.958,0.59705,2.8517,-8.7716,NaN,NaN,NaN,NaN,NaN
485.79,-14.189,-10.564,15.251,-2.1241,-0.18645,-11.45,2.6304,3.0854,-8.2406,0.64403,0.20525,-0.91865,NaN,NaN,NaN,NaN,NaN,NaN,NaN,NaN,NaN,46.572,0,3703.7,0.0064211,NaN,NaN,NaN,NaN,NaN,-1,-1,-2.1111,0.63012,-10.942,0.67804,2.7467,-8.7641,NaN,NaN,NaN,NaN,NaN
485.8,-14.181,-10.56,15.23,-2.2509,2.2567,-9.5429,1.5717,3.2023,-8.1028,0,0,0,NaN,NaN,NaN,NaN,NaN,NaN,NaN,NaN,NaN,46.572,0,3703.7,0.0064211,NaN,NaN,NaN,NaN,NaN,-1,-1,-2.1183,0.62246,-10.957,0.6641,2.7121,-8.7182,NaN,NaN,NaN,NaN,NaN
485.8,-14.172,-10.556,15.206,-2.3164,-0.79807,-11.316,1.1188,3.828,-9.0424,0,0,0,NaN,NaN,NaN,NaN,NaN,NaN,NaN,NaN,NaN,46.572,0,3703.7,0.0064211,NaN,NaN,NaN,NaN,19.458,98966,21.688,-2.1124,0.58372,-10.928,0.6179,2.7984,-8.718,NaN,NaN,NaN,NaN,NaN
485.8,-14.168,-10.561,15.187,-1.5574,-1.2812,-11.871,-0.28659,-0.31828,-8.5648,0,0,0,NaN,NaN,NaN,NaN,NaN,NaN,NaN,NaN,NaN,46.572,0,3703.7,0.0064211,NaN,NaN,NaN,NaN,NaN,-1,-1,-2.1121,0.57552,-10.916,0.56348,2.7553,-8.6954,NaN,NaN,NaN,NaN,NaN
485.8,-14.151,-10.553,15.141,-1.6857,0.40976,-10.593,1.8838,4.0102,-8.7545,0,0,0,NaN,NaN,NaN,NaN,NaN,NaN,NaN,NaN,NaN,46.572,0,3703.7,0.0064211,NaN,NaN,NaN,NaN,19.545,98990,21.813,-2.1073,0.57476,-10.9,0.5167,2.7648,-8.6911,NaN,NaN,NaN,NaN,NaN
485.81,-14.146,-10.552,15.12,-1.9246,-0.16959,-10.212,0.12112,2.0796,-8.7251,0,0,0,NaN,NaN,NaN,NaN,NaN,NaN,NaN,NaN,NaN,46.572,0,3703.7,0.0064211,NaN,NaN,NaN,NaN,NaN,-1,-1,-2.1064,0.5663,-10.893,0.53125,2.656,-8.6527,NaN,NaN,NaN,NaN,NaN
485.81,-14.141,-10.554,15.098,-2.5106,1.2521,-13.768,0.026012,1.375,-8.7075,0,0,0,NaN,NaN,NaN,NaN,NaN,NaN,NaN,NaN,NaN,46.572,0,3703.7,0.0064211,0.59951,2.1157,0.29698,0.049945,NaN,-1,-1,-2.1025,0.54556,-10.896,0.44889,2.7609,-8.6231,NaN,NaN,NaN,NaN,NaN
485.81,-14.133,-10.548,15.076,-2.179,2.6656,-11.764,1.1334,4.271,-8.1947,0.63379,0.19818,-0.91497,NaN,NaN,NaN,NaN,NaN,NaN,NaN,NaN,NaN,46.572,0,3703.7,0.0064211,NaN,NaN,NaN,NaN,19.983,98998,21.875,-2.1041,0.56898,-10.889,0.28985,2.7515,-8.6121,NaN,NaN,NaN,NaN,NaN
485.81,-14.123,-10.545,15.055,-2.0721,-0.8196,-10.635,1.8303,3.1415,-8.3035,0,0,0,NaN,NaN,NaN,NaN,NaN,NaN,NaN,NaN,NaN,46.572,0,3703.7,0.0064211,NaN,NaN,NaN,NaN,NaN,-1,-1,-2.1126,0.56585,-10.866,0.08301,2.6317,-8.6074,NaN,NaN,NaN,NaN,NaN
485.82,-14.115,-10.545,15.035,-2.5346,1.6844,-11.45,1.3432,1.7345,-8.0322,0,0,0,NaN,NaN,NaN,NaN,NaN,NaN,NaN,NaN,NaN,46.572,0,3703.7,0.0064211,NaN,NaN,NaN,NaN,19.673,98997,21.875,-2.112,0.55067,-10.864,-0.0040822,2.5837,-8.609,NaN,NaN,NaN,NaN,NaN
485.82,-14.113,-10.536,15.011,-2.5527,1.2789,-10.872,-0.99208,5.4698,-8.8146,0,0,0,NaN,NaN,NaN,NaN,NaN,NaN,NaN,NaN,NaN,46.572,0,3703.7,0.0064211,0.60499,2.2434,0.2349,0.071587,NaN,-1,-1,-2.1124,0.53448,-10.826,-0.084252,2.6298,-8.5838,NaN,NaN,NaN,NaN,NaN
485.82,-14.109,-10.538,14.989,-1.1791,-2.6539,-9.514,-0.69087,1.3171,-8.8397,0.64379,0.18762,-0.92327,NaN,NaN,NaN,NaN,NaN,NaN,NaN,NaN,NaN,46.572,0,3703.7,0.0064211,NaN,NaN,NaN,NaN,19.546,98987,21.813,-2.1114,0.52064,-10.816,-0.24421,2.6258,-8.5795,NaN,NaN,NaN,NaN,NaN
485.82,-14.111,-10.538,14.969,-2.0198,1.4107,-12.529,-2.506,1.8418,-8.3204,0,0,0,NaN,NaN,NaN,NaN,NaN,NaN,NaN,NaN,NaN,46.572,0,3703.7,0.0064211,NaN,NaN,NaN,NaN,NaN,-1,-1,-2.1179,0.4961,-10.802,-0.37029,2.515,-8.5621,NaN,NaN,NaN,NaN,NaN
485.83,-14.1,-10.529,14.923,-1.946,-0.36308,-10.421,-0.7025,5.1917,-8.7491,0,0,0,NaN,NaN,NaN,NaN,NaN,NaN,NaN,NaN,NaN,46.572,0,3703.7,0.0064211,NaN,NaN,NaN,NaN,19.774,98974,21.75,-2.1058,0.48212,-10.78,-0.51344,2.6111,-8.5571,NaN,NaN,NaN,NaN,NaN
485.83,-14.1,-10.532,14.901,-1.986,-0.008031,-11.02,-2.1613,0.69145,-8.995,0.63462,0.20762,-0.92409,NaN,NaN,NaN,NaN,NaN,NaN,NaN,NaN,NaN,46.572,0,3703.7,0.0064211,0.59677,2.1062,0.30063,0.044118,NaN,-1,-1,-2.1093,0.48043,-10.759,-0.61365,2.5836,-8.5121,NaN,NaN,NaN,NaN,NaN
485.83,-14.091,-10.523,14.857,-2.5034,0.47064,-11.989,1.0581,4.0984,-8.6298,0,0,0,NaN,NaN,NaN,NaN,NaN,NaN,NaN,NaN,NaN,46.572,0,3703.7,0.0064211,NaN,NaN,NaN,NaN,19.691,98993,21.813,-2.1079,0.46178,-10.758,-0.7486,2.4598,-8.503,NaN,NaN,NaN,NaN,NaN
485.83,-14.087,-10.519,14.836,-2.7136,0.65636,-9.3676,-0.20117,3.4072,-8.027,0,0,0,NaN,NaN,NaN,NaN,NaN,NaN,NaN,NaN,NaN,46.572,0,3703.7,0.0064211,NaN,NaN,NaN,NaN,NaN,-1,-1,-2.1105,0.47296,-10.736,-0.95387,2.531,-8.5223,NaN,NaN,NaN,NaN,NaN
485.84,-14.084,-10.519,14.793,-1.901,-1.6566,-10.792,-1.6447,0.97781,-8.9008,0,0,0,NaN,NaN,NaN,NaN,NaN,NaN,NaN,NaN,NaN,46.572,0,3703.7,0.0064211,NaN,NaN,NaN,NaN,19.399,98982,21.813,-2.1115,0.45877,-10.718,-1.2266,2.5203,-8.531,NaN,NaN,NaN,NaN,NaN
485.84,-14.086,-10.514,14.77,-2.1871,-0.14154,-12.269,-2.9247,4.2112,-8.5796,0,0,0,NaN,NaN,NaN,NaN,NaN,NaN,NaN,NaN,NaN,46.572,0,3703.7,0.0064211,0.58911,2.2404,0.21665,NaN,NaN,-1,-1,-2.1186,0.45854,-10.676,-1.3918,2.3852,-8.552,NaN,NaN,NaN,NaN,NaN
485.84,-14.08,-10.513,14.726,-1.9839,0.005051,-9.7771,-1.3654,0.94865,-8.8297,0.62976,0.21278,-0.92223,NaN,NaN,NaN,NaN,NaN,NaN,NaN,NaN,NaN,46.572,0,3703.7,0.0064211,NaN,NaN,NaN,0.097392,NaN,-1,-1,-2.107,0.438,-10.654,-1.5216,2.4821,-8.5416,NaN,NaN,NaN,NaN,NaN
485.84,-14.083,-10.515,14.705,-1.989,0.038054,-12.176,-2.9322,1.0003,-8.8582,0,0,0,NaN,NaN,NaN,NaN,NaN,NaN,NaN,NaN,NaN,46.572,0,3703.7,0.0064211,NaN,NaN,NaN,NaN,19.544,98973,21.75,-2.119,0.42588,-10.656,-1.6587,2.5079,-8.5618,NaN,NaN,NaN,NaN,NaN
485.85,-14.078,-10.511,14.641,-2.2846,-0.17006,-11.308,-1.5885,-0.42153,-8.0655,0.63149,0.19809,-0.91748,NaN,NaN,NaN,NaN,NaN,NaN,NaN,NaN,NaN,46.572,0,3703.7,0.0064211,NaN,NaN,NaN,NaN,NaN,-1,-1,-2.1185,0.42246,-10.626,-1.8577,2.3519,-8.569,NaN,NaN,NaN,NaN,NaN
485.85,-14.079,-10.504,14.619,-2.3174,2.2321,-10.883,-2.386,4.7518,-8.0875,0,0,0,NaN,NaN,NaN,NaN,NaN,NaN,NaN,NaN,NaN,46.572,0,3703.7,0.0064211,NaN,NaN,NaN,NaN,NaN,-1,-1,-2.1227,0.42901,-10.593,-1.9549,2.3563,-8.5655,NaN,NaN,NaN,NaN,NaN
485.85,-14.078,-10.498,14.595,-2.3777,-0.92992,-8.9125,-1.9116,4.5479,-9.2132,0,0,0,NaN,NaN,NaN,NaN,NaN,NaN,NaN,NaN,NaN,46.572,0,3703.7,0.0064211,0.61703,2.2464,0.23855,0.060766,19.524,98989,21.813,-2.1209,0.42316,-10.603,-2.0868,2.4124,-8.812,NaN,NaN,NaN,NaN,NaN
485.85,-14.081,-10.507,14.577,-1.5586,-1.1043,-10.101,-3.0281,-1.912,-8.3583,0,0,0,NaN,NaN,NaN,NaN,NaN,NaN,NaN,NaN,NaN,46.572,0,3703.7,0.0064211,NaN,NaN,NaN,NaN,NaN,-1,-1,-2.1198,0.42481,-10.566,-2.1148,2.4444,-8.7377,NaN,NaN,NaN,NaN,NaN
485.86,-14.081,-10.507,14.555,-2.4693,1.8191,-12.715,-1.9898,1.7758,-8.4322,0.63894,0.19787,-0.9191,NaN,NaN,NaN,NaN,NaN,NaN,NaN,NaN,NaN,46.572,0,3703.7,0.0064211,NaN,NaN,NaN,NaN,NaN,-1,-1,-2.1277,0.44646,-10.54,-2.1819,2.4681,-8.7016,NaN,NaN,NaN,NaN,NaN
485.86,-14.078,-10.503,14.533,-2.3477,1.0969,-11.084,-0.92642,3.7627,-8.6601,0,0,0,NaN,NaN,NaN,NaN,NaN,NaN,NaN,NaN,NaN,46.572,0,3703.7,0.0064211,NaN,NaN,NaN,NaN,19.669,98977,21.75,-2.1319,0.42925,-10.528,-2.3115,2.3195,-8.6837,NaN,NaN,NaN,NaN,NaN
485.86,-14.082,-10.496,14.51,-1.0997,-0.57355,-7.9444,-3.5042,4.6467,-8.4086,0,0,0,NaN,NaN,NaN,NaN,NaN,NaN,NaN,NaN,NaN,46.621,0,3700.8,0.0075089,NaN,NaN,NaN,NaN,NaN,-1,-1,-2.13,0.4247,-10.47,-2.4,2.3762,-8.8829,NaN,NaN,NaN,NaN,NaN
485.86,-14.083,-10.503,14.491,-2.4696,1.5896,-10.196,-2.3472,-1.0053,-8.7506,0,0,0,NaN,NaN,NaN,NaN,NaN,NaN,NaN,NaN,NaN,46.621,0,3700.8,0.0075089,NaN,NaN,NaN,NaN,19.543,98963,21.688,-2.1409,0.43005,-10.434,-2.4483,2.3236,-8.7694,NaN,NaN,NaN,NaN,NaN
485.87,-14.081,-10.503,14.469,-3.0105,2.4069,-13.08,-1.2002,1.907,-8.6058,0.63922,0.20271,-0.92138,NaN,NaN,NaN,NaN,NaN,NaN,NaN,NaN,NaN,46.621,0,3700.8,0.0075089,0.59787,2.2392,0.22699,0.09656,NaN,-1,-1,-2.1392,0.40451,-10.412,-2.4775,2.1806,-8.655,NaN,NaN,NaN,NaN,NaN
485.87,-14.077,-10.495,14.446,-2.0449,-0.29471,-9.7301,-0.48885,5.2683,-8.1923,0,0,0,NaN,NaN,NaN,NaN,NaN,NaN,NaN,NaN,NaN,46.621,0,3700.8,0.0075089,NaN,NaN,NaN,NaN,NaN,-1,-1,-2.1391,0.39208,-10.385,-2.4132,2.1461,-8.5556,NaN,NaN,NaN,NaN,NaN
485.87,-14.078,-10.493,14.426,-2.2945,1.4109,-8.212,-2.2217,2.8274,-8.1809,0,0,0,NaN,NaN,NaN,NaN,NaN,NaN,NaN,NaN,NaN,46.621,0,3700.8,0.0075089,NaN,NaN,NaN,NaN,19.502,98997,21.813,-2.1398,0.40489,-10.323,-2.4096,2.1136,-8.438,NaN,NaN,NaN,NaN,NaN
485.87,-14.081,-10.495,14.404,-2.7066,0.31494,-10.835,-3.189,1.1512,-8.8099,0,0,0,NaN,NaN,NaN,NaN,NaN,NaN,NaN,NaN,NaN,46.621,0,3700.8,0.0075089,NaN,NaN,NaN,NaN,NaN,-1,-1,-2.1304,0.38533,-10.317,-2.4007,2.0752,-8.3252,NaN,NaN,NaN,NaN,NaN
485.88,-14.084,-10.493,14.382,-2.0849,-1.536,-10.271,-3.3462,2.572,-8.6479,0.64158,0.20019,-0.92117,NaN,NaN,NaN,NaN,NaN,NaN,NaN,NaN,NaN,46.621,0,3700.8,0.0075089,0.61265,2.2392,0.24403,0.07242,NaN,-1,-1,-2.1284,0.42304,-10.274,-2.4535,2.0659,-8.252,NaN,NaN,NaN,NaN,NaN
485.88,-14.088,-10.49,14.36,-1.6681,1.344,-10.326,-3.4237,3.1727,-8.7335,0,0,0,NaN,NaN,NaN,NaN,NaN,NaN,NaN,NaN,NaN,46.621,0,3700.8,0.0075089,NaN,NaN,NaN,NaN,19.377,98969,21.75,-2.131,0.40514,-10.234,-2.4666,1.9916,-8.2059,NaN,NaN,NaN,NaN,NaN
485.88,-14.087,-10.495,14.339,-2.311,1.148,-8.8624,-1.5624,0.089725,-8.7245,0,0,0,NaN,NaN,NaN,NaN,NaN,NaN,NaN,NaN,NaN,46.621,0,3700.8,0.0075089,NaN,NaN,NaN,NaN,NaN,-1,-1,-2.1402,0.39676,-10.2,-2.4753,1.937,-8.128,NaN,NaN,NaN,NaN,NaN
485.88,-14.091,-10.493,14.317,-2.1252,-0.22903,-11.302,-3.5714,2.8326,-8.8919,0,0,0,NaN,NaN,NaN,NaN,NaN,NaN,NaN,NaN,NaN,46.621,0,3700.8,0.0075089,NaN,NaN,NaN,NaN,19.545,98967,21.75,-2.1389,0.40807,-10.138,-2.4205,1.9436,-8.0413,NaN,NaN,NaN,NaN,NaN
485.89,-14.095,-10.488,14.294,-2.0732,1.0738,-10.14,-3.7619,3.9282,-8.6432,0.63393,0.19806,-0.91726,NaN,NaN,NaN,NaN,NaN,NaN,NaN,NaN,NaN,46.621,0,3700.8,0.0075089,NaN,NaN,NaN,NaN,NaN,-1,-1,-2.1367,0.39308,-10.1,-2.3706,1.914,-7.9852,NaN,NaN,NaN,NaN,NaN
485.89,-14.096,-10.489,14.273,-2.4049,2.2702,-9.3772,-2.3041,1.382,-8.3027,0,0,0,NaN,NaN,NaN,NaN,NaN,NaN,NaN,NaN,NaN,46.621,0,3700.8,0.0075089,NaN,NaN,NaN,NaN,NaN,-1,-1,-2.1251,0.36327,-9.985,-2.2399,1.939,-7.9246,NaN,NaN,NaN,NaN,NaN
485.89,-14.093,-10.489,14.253,-2.5092,-0.088377,-11.313,-0.86436,1.7439,-8.4286,0,0,0,NaN,NaN,NaN,NaN,NaN,NaN,NaN,NaN,NaN,46.621,0,3700.8,0.0075089,NaN,NaN,NaN,NaN,19.67,98992,21.813,-2.1178,0.37033,-9.9438,-2.1848,1.987,-7.846,NaN,NaN,NaN,NaN,NaN
485.89,-14.093,-10.483,14.231,-2.5759,1.2084,-9.9067,-1.8826,4.2609,-8.0913,0,0,0,NaN,NaN,NaN,NaN,NaN,NaN,NaN,NaN,NaN,46.621,0,3700.8,0.0075089,0.61046,2.2458,0.23429,0.06909,NaN,-1,-1,-2.1104,0.3677,-9.8908,-2.0789,1.8979,-7.7932,NaN,NaN,NaN,NaN,NaN
485.9,-14.097,-10.488,14.189,-0.92027,-1.9179,-9.9388,-2.7252,-2.0491,-8.6883,0,0,0,NaN,NaN,NaN,NaN,NaN,NaN,NaN,NaN,NaN,46.621,0,3700.8,0.0075089,NaN,NaN,NaN,NaN,NaN,-1,-1,-2.1223,0.365,-9.8906,-2.0459,2.0222,-7.7366,NaN,NaN,NaN,NaN,NaN
485.9,-14.102,-10.487,14.168,-2.8552,0.59306,-11.926,-3.7246,2.3426,-8.3455,0,0,0,NaN,NaN,NaN,NaN,NaN,NaN,NaN,NaN,NaN,46.621,0,3700.8,0.0075089,NaN,NaN,NaN,NaN,19.878,98991,21.813,-2.1246,0.40044,-9.841,-2.0264,1.957,-7.7027,NaN,NaN,NaN,NaN,NaN
485.9,-14.1,-10.481,14.145,-1.9867,1.376,-10.16,-1.5163,4.5171,-8.739,0,0,0,NaN,NaN,NaN,NaN,NaN,NaN,NaN,NaN,NaN,46.621,0,3700.8,0.0075089,NaN,NaN,NaN,NaN,NaN,-1,-1,-2.0986,0.39358,-9.6859,-2.0584,1.8877,-7.6933,NaN,NaN,NaN,NaN,NaN
485.9,-14.101,-10.481,14.122,-2.2381,0.081996,-7.7046,-2.4477,1.8364,-8.9937,0.64867,0.19264,-0.92053,NaN,NaN,NaN,NaN,NaN,NaN,NaN,NaN,NaN,46.621,0,3700.8,0.0075089,NaN,NaN,NaN,0.099889,19.625,98974,21.688,-2.1149,0.40133,-9.681,-2.0065,1.8459,-7.6472,NaN,NaN,NaN,NaN,NaN
485.91,0,0,0,0,0,0,0,0,0,0,0,0,NaN,NaN,NaN,NaN,NaN,NaN,NaN,NaN,NaN,46.621,0,3700.8,0.0075089,NaN,NaN,NaN,0.099889,NaN,-1,-1,-2.1237,0.39657,-9.6438,-1.9944,1.9293,-7.5857,NaN,NaN,NaN,NaN,NaN
485.91,-14.105,-10.485,14.102,-1.6448,0.26727,-10.429,-3.466,0.54139,-8.4716,0,0,0,NaN,NaN,NaN,NaN,NaN,NaN,NaN,NaN,NaN,46.621,0,3700.8,0.0075089,NaN,NaN,NaN,NaN,NaN,-1,-1,-2.129,0.36847,-9.6118,-1.9381,2.0384,-7.5767,NaN,NaN,NaN,NaN,NaN
485.91,-14.107,-10.486,14.082,-2.6792,2.4285,-12.245,-2.4458,1.3888,-8.3176,0,0,0,NaN,NaN,NaN,NaN,NaN,NaN,NaN,NaN,NaN,46.621,0,3700.8,0.0075089,NaN,NaN,NaN,NaN,19.032,98971,21.688,-2.1328,0.3478,-9.5734,-1.9531,1.9487,-7.5397,NaN,NaN,NaN,NaN,NaN
485.91,-14.102,-10.477,14.04,-1.5432,1.111,-9.1476,-1.6486,2.1715,-7.2636,0.644,0.18998,-0.92555,NaN,NaN,NaN,NaN,NaN,NaN,NaN,NaN,NaN,46.621,0,3700.8,0.0075089,NaN,NaN,NaN,NaN,NaN,-1,-1,-2.1297,0.34886,-9.529,-2.0051,2.0069,-7.5293,NaN,NaN,NaN,NaN,NaN
485.92,0,0,0,0,0,0,0,0,0,0,0,0,NaN,NaN,NaN,NaN,NaN,NaN,NaN,NaN,NaN,46.621,0,3700.8,0.0075089,NaN,NaN,NaN,NaN,NaN,-1,-1,-2.1316,0.34859,-9.4912,-1.999,2.0104,-7.5084,NaN,NaN,NaN,NaN,NaN
485.92,-14.103,-10.479,14.019,-2.9534,1.614,-8.5733,-2.262,1.1489,-8.5839,0,0,0,NaN,NaN,NaN,NaN,NaN,NaN,NaN,NaN,NaN,46.621,0,3700.8,0.0075089,0.60225,2.1157,0.29941,0.038291,19.396,99000,21.813,-2.1396,0.37849,-9.4473,-2.077,2.1189,-7.4998,NaN,NaN,NaN,NaN,NaN
485.92,-14.104,-10.476,13.997,-2.0648,-2.0507,-10.908,-2.7062,3.0139,-8.8475,0,0,0,NaN,NaN,NaN,NaN,NaN,NaN,NaN,NaN,NaN,46.621,0,3700.8,0.0075089,NaN,NaN,NaN,NaN,NaN,-1,-1,-2.1454,0.38561,-9.3988,-2.2272,2.0572,-7.5137,NaN,NaN,NaN,NaN,NaN
485.92,-14.11,-10.474,13.976,-1.8507,-0.48091,-10.148,-4.2567,2.9703,-8.0148,0,0,0,NaN,NaN,NaN,NaN,NaN,NaN,NaN,NaN,NaN,46.621,0,3700.8,0.0075089,NaN,NaN,NaN,NaN,19.588,99007,21.875,-2.1445,0.37739,-9.3163,-2.2906,2.0075,-7.548,NaN,NaN,NaN,NaN,NaN
485.93,-14.108,-10.473,13.954,-2.056,2.167,-9.6599,-1.187,2.1982,-8.7456,0.65586,0.19776,-0.91528,6.1949,22.925,-3.7653,24.044,40.059,-88.55,3.6782e+05,4.4355e+06,309.32,46.621,0,3700.8,0.0075089,NaN,NaN,NaN,NaN,NaN,-1,-1,-2.14,0.38742,-9.2466,-2.3017,2.1915,-7.561,24.031,0.61885,-0.47656,-1.1361,1.4749
485.93,-14.105,-10.475,13.934,-2.7661,-0.25932,-9.3399,-0.84574,0.88024,-8.432,0,0,0,NaN,NaN,NaN,NaN,NaN,NaN,NaN,NaN,NaN,46.621,0,3700.8,0.0075089,NaN,NaN,NaN,NaN,NaN,-1,-1,-2.1529,0.38042,-9.2006,-2.4075,2.3869,-7.5656,NaN,NaN,NaN,NaN,NaN
485.93,-14.106,-10.471,13.868,-3.0416,1.3111,-10.736,-0.57049,4.1426,-8.1154,0.64163,0.19249,-0.92576,NaN,NaN,NaN,NaN,NaN,NaN,NaN,NaN,NaN,46.621,0,3700.8,0.0075089,NaN,NaN,NaN,NaN,19.334,98950,21.688,-2.174,0.37968,-9.2521,-2.5111,2.2745,-7.5947,NaN,NaN,NaN,NaN,NaN
485.93,-14.104,-10.469,13.85,-1.596,-0.84664,-9.0505,-0.93008,2.4689,-7.3972,0,0,0,NaN,NaN,NaN,NaN,NaN,NaN,NaN,NaN,NaN,46.621,0,3700.8,0.0075089,NaN,NaN,NaN,NaN,NaN,-1,-1,-2.1723,0.38596,-9.1806,-2.7188,2.3746,-7.6371,NaN,NaN,NaN,NaN,NaN
485.94,-14.106,-10.467,13.83,-2.6468,2.104,-9.1141,-2.7543,2.3308,-7.8189,0,0,0,NaN,NaN,NaN,NaN,NaN,NaN,NaN,NaN,NaN,46.621,0,3700.8,0.0075089,NaN,NaN,NaN,NaN,NaN,-1,-1,-2.1687,0.3831,-9.1277,-2.946,2.5306,-7.6691,NaN,NaN,NaN,NaN,NaN
485.94,-14.108,-10.461,13.807,-2.4111,-0.68757,-10.677,-2.9472,4.4164,-8.6315,0,0,0,NaN,NaN,NaN,NaN,NaN,NaN,NaN,NaN,NaN,46.621,0,3700.8,0.0075089,NaN,NaN,NaN,NaN,19.295,99009,21.938,-2.1695,0.38421,-9.074,-3.0758,2.4131,-7.7222,NaN,NaN,NaN,NaN,NaN
485.94,-14.115,-10.462,13.787,-1.897,-1.8988,-9.3476,-4.4966,1.3291,-8.208,0.65084,0.19286,-0.91574,NaN,NaN,NaN,NaN,NaN,NaN,NaN,NaN,NaN,46.621,0,3700.8,0.0075089,0.59513,2.1199,0.29758,0.038291,NaN,-1,-1,-2.1957,0.39932,-9.1126,-3.3077,2.4995,-7.7976,NaN,NaN,NaN,NaN,NaN
485.94,-14.119,-10.459,13.766,-1.8578,2.047,-11.119,-3.8001,3.1785,-8.1622,0,0,0,NaN,NaN,NaN,NaN,NaN,NaN,NaN,NaN,NaN,46.621,0,3700.8,0.0075089,0.59513,2.1199,0.29758,0.038291,19.647,98982,21.75,-2.2006,0.43227,-9.0464,-3.6477,2.6665,-7.8686,NaN,NaN,NaN,NaN,NaN
485.95,-14.121,-10.458,13.745,-2.3553,0.72528,-8.5164,-2.42,2.2843,-8.1744,0,0,0,NaN,NaN,NaN,NaN,NaN,NaN,NaN,NaN,NaN,46.621,0,3700.8,0.0075089,NaN,NaN,NaN,NaN,NaN,-1,-1,-2.2091,0.43362,-8.9818,-3.9213,2.5743,-7.9486,NaN,NaN,NaN,NaN,NaN
485.95,-14.129,-10.452,13.723,-1.5767,-0.86118,-10.068,-5.4558,4.2131,-8.4126,0,0,0,NaN,NaN,NaN,NaN,NaN,NaN,NaN,NaN,NaN,46.621,0,3700.8,0.0075089,NaN,NaN,NaN,NaN,NaN,-1,-1,-2.2127,0.4332,-8.93,-4.0759,2.5878,-8.0228,NaN,NaN,NaN,NaN,NaN
485.95,-14.137,-10.454,13.702,-2.5225,1.8819,-9.876,-5.2116,1.2869,-8.4377,0.65402,0.19468,-0.92695,NaN,NaN,NaN,NaN,NaN,NaN,NaN,NaN,NaN,46.621,0,3700.8,0.0075089,NaN,NaN,NaN,NaN,19.733,98991,21.813,-2.2238,0.42888,-8.8911,-4.2832,2.8324,-8.0949,NaN,NaN,NaN,NaN,NaN
485.95,-14.142,-10.449,13.681,-2.7435,1.6199,-10.527,-3.6436,3.8803,-8.2092,0,0,0,NaN,NaN,NaN,NaN,NaN,NaN,NaN,NaN,NaN,46.621,0,3700.8,0.0075089,NaN,NaN,NaN,NaN,NaN,-1,-1,-2.224,0.43189,-8.8369,-4.5096,2.6354,-8.1904,NaN,NaN,NaN,NaN,NaN
485.96,-14.147,-10.443,13.66,-2.0771,-0.97398,-8.7451,-3.9057,4.1953,-7.658,0,0,0,NaN,NaN,NaN,NaN,NaN,NaN,NaN,NaN,NaN,46.621,0,3700.8,0.0075089,NaN,NaN,NaN,NaN,NaN,-1,-1,-2.2228,0.4353,-8.7791,-4.83,2.6396,-8.2891,NaN,NaN,NaN,NaN,NaN
485.96,-14.156,-10.443,13.641,-2.518,1.9444,-7.5463,-5.518,1.66,-8.018,0,0,0,NaN,NaN,NaN,NaN,NaN,NaN,NaN,NaN,NaN,46.621,0,3700.8,0.0075089,0.59568,2.2332,0.23064,0.09656,19.585,98960,21.688,-2.2302,0.43061,-8.7339,-5.0354,2.6695,-8.3923,NaN,NaN,NaN,NaN,NaN
485.96,-14.165,-10.44,13.618,-2.8198,0.83376,-10.707,-5.6811,3.0754,-8.574,0.64838,0.18271,-0.92056,NaN,NaN,NaN,NaN,NaN,NaN,NaN,NaN,NaN,46.621,0,3700.8,0.0075089,NaN,NaN,NaN,NaN,NaN,-1,-1,-2.2295,0.42345,-8.697,-5.2908,2.6496,-8.5365,NaN,NaN,NaN,NaN,NaN
485.96,-14.178,-10.438,13.597,-1.6797,-2.7516,-7.9524,-7.27,2.7733,-8.3661,0,0,0,NaN,NaN,NaN,NaN,NaN,NaN,NaN,NaN,NaN,46.621,0,3700.8,0.0075089,NaN,NaN,NaN,NaN,19.608,98987,21.813,-2.23,0.45248,-8.6395,-5.5135,2.6276,-8.3641,NaN,NaN,NaN,NaN,NaN
485.97,-14.191,-10.438,13.576,-1.901,1.3479,-9,-7.1953,2.0885,-8.6293,0,0,0,NaN,NaN,NaN,NaN,NaN,NaN,NaN,NaN,NaN,46.621,0,3700.8,0.0075089,NaN,NaN,NaN,NaN,NaN,-1,-1,-2.2388,0.44076,-8.6013,-5.7824,2.4862,-8.4367,NaN,NaN,NaN,NaN,NaN
485.97,-14.201,-10.441,13.556,-2.0714,1.7254,-8.5352,-5.7881,0.61496,-8.064,0,0,0,NaN,NaN,NaN,NaN,NaN,NaN,NaN,NaN,NaN,46.621,0,3700.8,0.0075089,NaN,NaN,NaN,NaN,NaN,-1,-1,-2.2431,0.44562,-8.5417,-6.0383,2.5625,-8.4924,NaN,NaN,NaN,NaN,NaN
485.97,-14.213,-10.435,13.533,-2.7522,-0.24609,-9.9907,-6.8925,4.3847,-8.8221,0.64353,0.19296,-0.91639,NaN,NaN,NaN,NaN,NaN,NaN,NaN,NaN,NaN,46.572,0,3705.1,0.0080533,0.58254,2.2285,0.22151,NaN,19.625,98994,21.75,-2.2518,0.46273,-8.4889,-6.2531,2.6684,-8.5125,NaN,NaN,NaN,NaN,NaN
485.97,-14.227,-10.433,13.511,-2.1247,0.2856,-7.906,-7.7175,2.842,-8.4582,0,0,0,NaN,NaN,NaN,NaN,NaN,NaN,NaN,NaN,NaN,46.572,0,3705.1,0.0080533,NaN,NaN,NaN,0.09323,NaN,-1,-1,-2.2532,0.44532,-8.4428,-6.4318,2.5199,-8.2617,NaN,NaN,NaN,NaN,NaN
485.98,-14.25,-10.434,13.472,-3.2847,0.022377,-10.434,-5.0772,2.2301,-8.3411,0,0,0,NaN,NaN,NaN,NaN,NaN,NaN,NaN,NaN,NaN,46.572,0,3705.1,0.0080533,NaN,NaN,NaN,NaN,NaN,-1,-1,-2.2499,0.46148,-8.3919,-6.7012,2.5063,-8.2885,NaN,NaN,NaN,NaN,NaN
485.98,-14.262,-10.427,13.45,-2.6703,0.40803,-7.0469,-6.8077,4.5992,-7.7402,0.65091,0.19534,-0.91573,NaN,NaN,NaN,NaN,NaN,NaN,NaN,NaN,NaN,46.572,0,3705.1,0.0080533,NaN,NaN,NaN,NaN,19.483,98985,21.813,-2.2516,0.44269,-8.3359,-6.9302,2.5418,-8.3103,NaN,NaN,NaN,NaN,NaN
485.98,-14.277,-10.428,13.431,-1.4945,1.4346,-6.2136,-8.0133,1.3782,-8.0372,0,0,0,NaN,NaN,NaN,NaN,NaN,NaN,NaN,NaN,NaN,46.572,0,3705.1,0.0080533,NaN,NaN,NaN,NaN,NaN,-1,-1,-2.2501,0.44035,-8.314,-7.2328,2.5415,-8.3033,NaN,NaN,NaN,NaN,NaN
485.98,-14.291,-10.437,13.412,-2.5667,-1.7829,-9.8063,-7.372,-1.5543,-8.3695,0,0,0,NaN,NaN,NaN,NaN,NaN,NaN,NaN,NaN,NaN,46.572,0,3705.1,0.0080533,0.60827,2.2392,0.23855,0.061598,19.501,98958,21.688,-2.256,0.47506,-8.279,-7.4767,2.5031,-8.3405,NaN,NaN,NaN,NaN,NaN
485.99,-14.309,-10.427,13.389,-2.4694,-0.35395,-9.0385,-9.2412,5.8968,-8.4773,0,0,0,NaN,NaN,NaN,NaN,NaN,NaN,NaN,NaN,NaN,46.572,0,3705.1,0.0080533,NaN,NaN,NaN,NaN,NaN,-1,-1,-2.2647,0.46971,-8.2192,-7.7432,2.4578,-8.3691,NaN,NaN,NaN,NaN,NaN
485.99,-14.322,-10.429,13.369,-1.6116,1.7362,-6.4745,-7.1763,1.1314,-8.1596,0.64651,0.19243,-0.92533,NaN,NaN,NaN,NaN,NaN,NaN,NaN,NaN,NaN,46.572,0,3705.1,0.0080533,NaN,NaN,NaN,NaN,NaN,-1,-1,-2.2655,0.47347,-8.1705,-7.9088,2.4917,-8.3905,NaN,NaN,NaN,NaN,NaN
485.99,-14.336,-10.434,13.348,-2.8274,0.73621,-9.4929,-7.3265,-0.2089,-8.8321,0,0,0,NaN,NaN,NaN,NaN,NaN,NaN,NaN,NaN,NaN,46.572,0,3705.1,0.0080533,NaN,NaN,NaN,NaN,19.273,98998,21.875,-2.27,0.47661,-8.1367,-8.0683,2.4679,-8.3729,NaN,NaN,NaN,NaN,NaN
485.99,-14.353,-10.427,13.325,-2.1389,-0.70004,-8.1032,-9.0005,4.7502,-8.516,0,0,0,NaN,NaN,NaN,NaN,NaN,NaN,NaN,NaN,NaN,46.572,0,3705.1,0.0080533,NaN,NaN,NaN,NaN,NaN,-1,-1,-2.2758,0.45681,-8.0933,-8.2779,2.4745,-8.3689,NaN,NaN,NaN,NaN,NaN
486,-14.37,-10.429,13.305,-1.8867,2.1211,-7.2288,-8.6737,1.3793,-8.3065,0,0,0,NaN,NaN,NaN,NaN,NaN,NaN,NaN,NaN,NaN,46.572,0,3705.1,0.0080533,NaN,NaN,NaN,NaN,NaN,-1,-1,-2.2734,0.44042,-8.0484,-8.4809,2.5223,-8.3877,NaN,NaN,NaN,NaN,NaN
486,-14.381,-10.433,13.285,-2.953,1.5662,-9.6079,-6.2436,-0.045264,-8.4664,0.64883,0.2027,-0.91822,NaN,NaN,NaN,NaN,NaN,NaN,NaN,NaN,NaN,46.572,0,3705.1,0.0080533,0.65536,2.1342,0.28846,0.022475,19.485,99012,21.938,-2.2668,0.44433,-8.0079,-8.7897,2.5512,-8.4095,NaN,NaN,NaN,NaN,NaN
486,-14.394,-10.425,13.263,-2.3522,-0.11273,-8.1167,-7.0281,5.3441,-8.0379,0,0,0,NaN,NaN,NaN,NaN,NaN,NaN,NaN,NaN,NaN,46.572,0,3705.1,0.0080533,NaN,NaN,NaN,NaN,NaN,-1,-1,-2.2734,0.42766,-7.9679,-9.0454,2.5159,-8.4076,NaN,NaN,NaN,NaN,NaN
486,-14.412,-10.423,13.241,-2.5638,1.2457,-5.268,-9.3752,2.7816,-8.5054,0,0,0,NaN,NaN,NaN,NaN,NaN,NaN,NaN,NaN,NaN,46.572,0,3705.1,0.0080533,NaN,NaN,NaN,NaN,19.203,98968,21.688,-2.267,0.42571,-7.9386,-9.2183,2.4352,-8.3983,NaN,NaN,NaN,NaN,NaN
486.01,-14.431,-10.432,13.223,-1.7758,-0.85338,-8.8851,-9.1613,-1.8569,-8.4158,0,0,0,NaN,NaN,NaN,NaN,NaN,NaN,NaN,NaN,NaN,46.572,0,3705.1,0.0080533,NaN,NaN,NaN,NaN,NaN,-1,-1,-2.2719,0.4599,-7.921,-9.4899,2.5834,-8.4436,NaN,NaN,NaN,NaN,NaN
486.01,-14.45,-10.426,13.2,-2.8703,-0.72218,-9.5507,-9.9819,4.6022,-8.5238,0.65326,0.18264,-0.92012,NaN,NaN,NaN,NaN,NaN,NaN,NaN,NaN,NaN,46.572,0,3705.1,0.0080533,0.61046,2.2392,0.24281,0.07242,NaN,-1,-1,-2.2813,0.46498,-7.8982,-9.8296,2.5195,-8.4619,NaN,NaN,NaN,NaN,NaN
486.01,-14.468,-10.423,13.179,-1.7052,0.69983,-6.5535,-8.8109,2.8098,-8.3218,0,0,0,NaN,NaN,NaN,NaN,NaN,NaN,NaN,NaN,NaN,46.572,0,3705.1,0.0080533,NaN,NaN,NaN,NaN,19.162,98957,21.688,-2.28,0.45092,-7.8346,-10.081,2.4853,-8.4884,NaN,NaN,NaN,NaN,NaN
486.01,-14.507,-10.424,13.135,-2.5446,-0.67723,-9.4909,-10.551,4.7806,-8.8504,0,0,0,NaN,NaN,NaN,NaN,NaN,NaN,NaN,NaN,NaN,46.572,0,3705.1,0.0080533,NaN,NaN,NaN,NaN,NaN,-1,-1,-2.2795,0.4632,-7.8078,-10.227,2.5167,-8.4917,NaN,NaN,NaN,NaN,NaN
486.02,-14.528,-10.419,13.113,-1.7171,1.0191,-6.9394,-10.462,4.259,-8.2147,0.63864,0.18284,-0.92144,NaN,NaN,NaN,NaN,NaN,NaN,NaN,NaN,NaN,46.572,0,3705.1,0.0080533,NaN,NaN,NaN,NaN,NaN,-1,-1,-2.2938,0.44536,-7.8046,-10.447,2.6529,-8.4872,NaN,NaN,NaN,NaN,NaN
486.02,-14.564,-10.425,13.073,-2.4697,-0.10055,-10.778,-9.0437,2.3585,-7.9423,0,0,0,NaN,NaN,NaN,NaN,NaN,NaN,NaN,NaN,NaN,46.572,0,3705.1,0.0080533,NaN,NaN,NaN,NaN,19.376,98970,21.75,-2.285,0.41427,-7.7561,-10.606,2.6056,-8.5003,NaN,NaN,NaN,NaN,NaN
486.02,-14.587,-10.414,13.05,-2.6467,0.83632,-4.9538,-11.308,6.4102,-8.2382,0,0,0,NaN,NaN,NaN,NaN,NaN,NaN,NaN,NaN,NaN,46.572,0,3705.1,0.0080533,NaN,NaN,NaN,NaN,NaN,-1,-1,-2.2735,0.42358,-7.7415,-10.885,2.6098,-8.5106,NaN,NaN,NaN,NaN,NaN
486.02,-14.61,-10.417,13.029,-2.0596,0.82347,-7.0274,-11.289,0.61026,-8.7389,0.63886,0.19538,-0.91911,NaN,NaN,NaN,NaN,NaN,NaN,NaN,NaN,NaN,46.572,0,3705.1,0.0080533,0.59568,2.2398,0.22273,0.0899,19.207,98986,21.813,-2.2896,0.42456,-7.7156,-11.119,2.6221,-8.5184,NaN,NaN,NaN,NaN,NaN
486.03,-14.636,-10.423,13.008,-2.222,-1.551,-9.0662,-12.135,-0.18243,-8.8265,0,0,0,NaN,NaN,NaN,NaN,NaN,NaN,NaN,NaN,NaN,46.572,0,3705.1,0.0080533,NaN,NaN,NaN,NaN,NaN,-1,-1,-2.2888,0.42336,-7.7172,-11.245,2.5811,-8.5157,NaN,NaN,NaN,NaN,NaN
486.03,-14.66,-10.416,12.985,-2.6206,0.70016,-8.6973,-11.654,4.8889,-8.7958,0,0,0,NaN,NaN,NaN,NaN,NaN,NaN,NaN,NaN,NaN,46.572,0,3705.1,0.0080533,NaN,NaN,NaN,NaN,NaN,-1,-1,-2.2894,0.44603,-7.7185,-11.472,2.6263,-8.5503,NaN,NaN,NaN,NaN,NaN
486.03,-14.683,-10.416,12.965,-1.8853,1.973,-6.3362,-11.132,1.7101,-8.231,0,0,0,NaN,NaN,NaN,NaN,NaN,NaN,NaN,NaN,NaN,46.572,0,3705.1,0.0080533,NaN,NaN,NaN,NaN,19.545,98989,21.813,-2.291,0.4416,-7.6905,-11.655,2.6642,-8.5821,NaN,NaN,NaN,NaN,NaN
486.03,-14.71,-10.417,12.942,-1.831,-0.35616,-7.8674,-13.082,1.7941,-8.7655,0.63886,0.19538,-0.91911,NaN,NaN,NaN,NaN,NaN,NaN,NaN,NaN,NaN,46.572,0,3705.1,0.0080533,0.5902,2.2285,0.2349,NaN,NaN,-1,-1,-2.2935,0.43965,-7.6545,-11.63,2.5923,-8.5926,NaN,NaN,NaN,NaN,NaN
486.04,-14.738,-10.415,12.92,-3.0177,0.25769,-9.8134,-13.064,2.8423,-8.925,0,0,0,NaN,NaN,NaN,NaN,NaN,NaN,NaN,NaN,NaN,46.572,0,3705.1,0.0080533,NaN,NaN,NaN,0.094895,NaN,-1,-1,-2.2917,0.43002,-7.663,-11.672,2.7469,-8.569,NaN,NaN,NaN,NaN,NaN
486.04,-14.763,-10.412,12.898,-2.143,2.8767,-6.9994,-12.006,3.3113,-8.4163,0,0,0,NaN,NaN,NaN,NaN,NaN,NaN,NaN,NaN,NaN,46.572,0,3705.1,0.0080533,NaN,NaN,NaN,NaN,19.27,98972,21.75,-2.2959,0.41185,-7.6594,-11.686,2.7575,-8.5392,NaN,NaN,NaN,NaN,NaN
486.04,-14.784,-10.412,12.877,-2.1986,-0.64002,-7.2314,-10.472,1.9615,-8.4283,0,0,0,NaN,NaN,NaN,NaN,NaN,NaN,NaN,NaN,NaN,46.572,0,3705.1,0.0080533,NaN,NaN,NaN,NaN,NaN,-1,-1,-2.2927,0.40858,-7.6429,-11.689,2.59,-8.533,NaN,NaN,NaN,NaN,NaN
486.04,-14.811,-10.41,12.856,-2.8271,0.77657,-7.6738,-12.599,2.7675,-8.3164,0.64625,0.19777,-0.91845,NaN,NaN,NaN,NaN,NaN,NaN,NaN,NaN,NaN,46.572,0,3705.1,0.0080533,NaN,NaN,NaN,NaN,19.438,99002,21.813,-2.2858,0.40249,-7.6402,-11.701,2.7717,-8.5184,NaN,NaN,NaN,NaN,NaN
486.05,-14.837,-10.408,12.834,-2.7138,1.7783,-7.7957,-12.66,3.0313,-8.6611,0,0,0,NaN,NaN,NaN,NaN,NaN,NaN,NaN,NaN,NaN,46.572,0,3705.1,0.0080533,NaN,NaN,NaN,NaN,NaN,-1,-1,-2.2861,0.39337,-7.6393,-11.597,2.7145,-8.4851,NaN,NaN,NaN,NaN,NaN
486.05,-14.864,-10.408,12.812,-1.4702,-1.8418,-6.5697,-12.64,1.8964,-8.5573,0,0,0,NaN,NaN,NaN,NaN,NaN,NaN,NaN,NaN,NaN,46.572,0,3705.1,0.0080533,0.61156,2.1247,0.30489,0.02414,NaN,-1,-1,-2.2842,0.37488,-7.6548,-11.466,2.5604,-8.4736,NaN,NaN,NaN,NaN,NaN
486.05,-14.891,-10.406,12.79,-2.3947,-0.26338,-7.7704,-12.826,2.8664,-8.7043,0,0,0,NaN,NaN,NaN,NaN,NaN,NaN,NaN,NaN,NaN,46.572,0,3705.1,0.0080533,NaN,NaN,NaN,NaN,19.353,98987,21.75,-2.2783,0.40801,-7.6619,-11.415,2.7385,-8.4577,NaN,NaN,NaN,NaN,NaN
486.05,-14.914,-10.41,12.771,-2.3184,1.8077,-7.0911,-10.917,0.17017,-8.2077,0.63706,0.20758,-0.92387,NaN,NaN,NaN,NaN,NaN,NaN,NaN,NaN,NaN,46.572,0,3705.1,0.0080533,NaN,NaN,NaN,NaN,NaN,-1,-1,-2.2827,0.41773,-7.6461,-11.282,2.6695,-8.4578,NaN,NaN,NaN,NaN,NaN
486.06,-14.937,-10.406,12.747,-2.4974,1.0561,-9.2723,-11.38,3.7344,-8.8556,0,0,0,NaN,NaN,NaN,NaN,NaN,NaN,NaN,NaN,NaN,46.572,0,3705.1,0.0080533,NaN,NaN,NaN,NaN,NaN,-1,-1,-2.2852,0.41768,-7.6494,-10.989,2.4607,-8.4251,NaN,NaN,NaN,NaN,NaN
486.06,-14.961,-10.401,12.723,-2.0256,-0.93548,-6.1354,-11.841,4.584,-9.1647,0,0,0,NaN,NaN,NaN,NaN,NaN,NaN,NaN,NaN,NaN,46.572,0,3705.1,0.0080533,NaN,NaN,NaN,NaN,19.418,98976,21.75,-2.2873,0.40794,-7.6828,-10.656,2.6054,-8.391,NaN,NaN,NaN,NaN,NaN
486.06,-14.985,-10.406,12.705,-1.7559,2.4113,-7.2815,-11.39,-0.28883,-7.7485,0,0,0,NaN,NaN,NaN,NaN,NaN,NaN,NaN,NaN,NaN,46.572,0,3705.1,0.0080533,NaN,NaN,NaN,NaN,NaN,-1,-1,-2.2795,0.40239,-7.6589,-10.362,2.6836,-8.3464,NaN,NaN,NaN,NaN,NaN
486.06,-15.002,-10.404,12.683,-3.3783,0.94024,-9.1518,-8.453,2.8948,-8.5147,0.6365,0.1979,-0.91932,NaN,NaN,NaN,NaN,NaN,NaN,NaN,NaN,NaN,46.572,0,3705.1,0.0080533,0.59349,2.2476,0.2203,0.094895,19.101,99023,21.938,-2.2837,0.37907,-7.6717,-10.021,2.4654,-8.3114,NaN,NaN,NaN,NaN,NaN
486.07,-15.017,-10.396,12.662,-2.4752,0.66971,-7.6109,-8.2918,4.9089,-7.9815,0,0,0,NaN,NaN,NaN,NaN,NaN,NaN,NaN,NaN,NaN,46.572,0,3705.1,0.0080533,NaN,NaN,NaN,NaN,NaN,-1,-1,-2.2838,0.38701,-7.691,-9.7193,2.5648,-8.2861,NaN,NaN,NaN,NaN,NaN
486.07,-15.039,-10.391,12.641,-2.0754,0.92202,-4.7463,-10.467,3.9991,-7.9154,0,0,0,NaN,NaN,NaN,NaN,NaN,NaN,NaN,NaN,NaN,46.572,0,3705.1,0.0080533,NaN,NaN,NaN,NaN,NaN,-1,-1,-2.2766,0.38515,-7.7023,-9.3032,2.5354,-8.2465,NaN,NaN,NaN,NaN,NaN
486.07,-15.057,-10.401,12.623,-1.9345,-1.1883,-7.7177,-8.9046,-1.9265,-8.3077,0,0,0,NaN,NaN,NaN,NaN,NaN,NaN,NaN,NaN,NaN,46.572,0,3705.1,0.0080533,0.60499,2.2374,0.24221,0.063263,19.293,99004,21.875,-2.2791,0.37242,-7.7143,-8.9555,2.6458,-8.2209,NaN,NaN,NaN,NaN,NaN
486.07,-15.076,-10.394,12.6,-2.7764,-0.22084,-9.3986,-9.9848,4.6907,-8.28,0.63419,0.19272,-0.92413,NaN,NaN,NaN,NaN,NaN,NaN,NaN,NaN,NaN,46.572,0,3705.1,0.0080533,0.60499,2.2374,0.24221,0.063263,NaN,-1,-1,-2.2856,0.40196,-7.7527,-8.6282,2.6744,-8.1717,NaN,NaN,NaN,NaN,NaN
486.08,-15.089,-10.391,12.579,-1.7489,1.3421,-7.3767,-7.0503,3.2564,-8.115,0,0,0,NaN,NaN,NaN,NaN,NaN,NaN,NaN,NaN,NaN,46.572,0,3705.1,0.0080533,NaN,NaN,NaN,NaN,NaN,-1,-1,-2.2889,0.3905,-7.7409,-8.1669,2.6525,-8.1106,NaN,NaN,NaN,NaN,NaN
486.08,-15.102,-10.39,12.558,-2.5293,1.0701,-6.151,-7.2438,2.3639,-8.4424,0,0,0,NaN,NaN,NaN,NaN,NaN,NaN,NaN,NaN,NaN,46.572,0,3705.1,0.0080533,NaN,NaN,NaN,NaN,18.905,98976,21.75,-2.2855,0.3775,-7.7614,-7.7359,2.802,-8.0464,NaN,NaN,NaN,NaN,NaN
486.08,-15.118,-10.39,12.537,-2.172,-0.77431,-8.1862,-7.9474,2.1477,-8.1508,0,0,0,NaN,NaN,NaN,NaN,NaN,NaN,NaN,NaN,NaN,46.572,0,3699.4,0.0064211,NaN,NaN,NaN,NaN,19.419,98970,21.75,-2.2895,0.38076,-7.7861,-7.3398,2.8217,-7.9958,NaN,NaN,NaN,NaN,NaN
486.08,-15.14,-10.383,12.498,-2.6173,1.5783,-7.7423,-4.5133,3.3689,-7.6902,0,0,0,NaN,NaN,NaN,NaN,NaN,NaN,NaN,NaN,NaN,46.572,0,3699.4,0.0064211,NaN,NaN,NaN,NaN,NaN,-1,-1,-2.2841,0.39262,-7.7991,-7.0122,2.8357,-8.1731,NaN,NaN,NaN,NaN,NaN
486.09,-15.148,-10.381,12.48,-2.1809,-0.57938,-8.3512,-5.0916,2.3389,-7.2661,0,0,0,NaN,NaN,NaN,NaN,NaN,NaN,NaN,NaN,NaN,46.572,0,3699.4,0.0064211,NaN,NaN,NaN,NaN,NaN,-1,-1,-2.2804,0.38557,-7.8325,-6.5728,2.8563,-8.0747,NaN,NaN,NaN,NaN,NaN
486.09,-15.162,-10.373,12.459,-2.6626,0.98215,-5.0202,-7.2247,5.2804,-7.5848,0,0,0,NaN,NaN,NaN,NaN,NaN,NaN,NaN,NaN,NaN,46.572,0,3699.4,0.0064211,0.6559,2.1354,0.2848,0.0091565,NaN,-1,-1,-2.2761,0.40864,-7.8529,-6.1739,2.9153,-7.9579,NaN,NaN,NaN,NaN,NaN
486.09,-15.17,-10.375,12.439,-1.8681,-0.24771,-8.0048,-5.3821,1.202,-7.7891,0.64118,0.20057,-0.9143,NaN,NaN,NaN,NaN,NaN,NaN,NaN,NaN,NaN,46.572,0,3699.4,0.0064211,NaN,NaN,NaN,NaN,19.851,98945,21.563,-2.2752,0.43332,-7.8744,-5.8164,2.8227,-7.8737,NaN,NaN,NaN,NaN,NaN
486.09,-15.181,-10.374,12.419,-2.5627,-0.79476,-9.0074,-6.1292,2.1906,-8.0752,0,0,0,NaN,NaN,NaN,NaN,NaN,NaN,NaN,NaN,NaN,46.572,0,3699.4,0.0064211,NaN,NaN,NaN,NaN,NaN,-1,-1,-2.2821,0.44359,-7.9063,-5.4537,2.9038,-7.8034,NaN,NaN,NaN,NaN,NaN
486.1,-15.188,-10.368,12.399,-1.9856,0.90818,-7.6636,-4.4782,4.1225,-7.5573,0,0,0,NaN,NaN,NaN,NaN,NaN,NaN,NaN,NaN,NaN,46.572,0,3699.4,0.0064211,NaN,NaN,NaN,NaN,NaN,-1,-1,-2.2802,0.44981,-7.9203,-5.1387,3.0085,-7.9333,NaN,NaN,NaN,NaN,NaN
486.1,-15.195,-10.37,12.38,-2.445,1.5999,-7.4417,-4.744,1.0053,-7.787,0,0,0,NaN,NaN,NaN,NaN,NaN,NaN,NaN,NaN,NaN,46.572,0,3699.4,0.0064211,NaN,NaN,NaN,0.10239,19.629,98990,21.813,-2.2787,0.4687,-7.9195,-4.773,2.9134,-7.7977,NaN,NaN,NaN,NaN,NaN
486.1,-15.202,-10.367,12.359,-1.7362,0.24253,-8.2233,-4.8473,3.5075,-7.9299,0.63922,0.20271,-0.92138,NaN,NaN,NaN,NaN,NaN,NaN,NaN,NaN,NaN,46.572,0,3699.4,0.0064211,NaN,NaN,NaN,0.10239,NaN,-1,-1,-2.2743,0.44432,-7.9541,-4.4525,2.8311,-7.6776,NaN,NaN,NaN,NaN,NaN
486.1,-15.208,-10.359,12.338,-2.5563,0.39511,-7.8373,-4.338,4.929,-7.9093,0,0,0,NaN,NaN,NaN,NaN,NaN,NaN,NaN,NaN,NaN,46.572,0,3699.4,0.0064211,NaN,NaN,NaN,NaN,19.336,99002,21.875,-2.2727,0.45179,-7.989,-4.1171,2.9347,-7.5437,NaN,NaN,NaN,NaN,NaN
486.11,-15.209,-10.364,12.32,-2.5527,2.1834,-7.8016,-2.0452,-0.21755,-7.7001,0,0,0,NaN,NaN,NaN,NaN,NaN,NaN,NaN,NaN,NaN,46.572,0,3699.4,0.0064211,NaN,NaN,NaN,NaN,NaN,-1,-1,-2.2704,0.49311,-8.0309,-3.7896,2.8338,-7.4375,NaN,NaN,NaN,NaN,NaN
486.11,-15.211,-10.359,12.302,-2.2565,-0.37671,-10.371,-2.6032,3.6836,-6.8175,0,0,0,NaN,NaN,NaN,NaN,NaN,NaN,NaN,NaN,NaN,46.572,0,3699.4,0.0064211,NaN,NaN,NaN,NaN,NaN,-1,-1,-2.2679,0.48512,-8.0364,-3.5554,2.8702,-7.3411,NaN,NaN,NaN,NaN,NaN
486.11,-15.214,-10.348,12.279,-2.547,0.55207,-5.0704,-3.2676,6.5185,-7.7867,0.6461,0.1928,-0.91846,NaN,NaN,NaN,NaN,NaN,NaN,NaN,NaN,NaN,46.572,0,3699.4,0.0064211,NaN,NaN,NaN,NaN,19.481,99017,21.875,-2.2597,0.4822,-8.0554,-3.2393,2.7604,-7.2274,NaN,NaN,NaN,NaN,NaN
486.11,-15.219,-10.348,12.262,-2.3302,0.77823,-7.7282,-3.5622,1.5838,-7.2482,0,0,0,NaN,NaN,NaN,NaN,NaN,NaN,NaN,NaN,NaN,46.572,0,3699.4,0.0064211,0.60937,2.2422,0.23977,0.077414,NaN,-1,-1,-2.2707,0.51307,-8.1142,-3.0134,2.7409,-7.1651,NaN,NaN,NaN,NaN,NaN
486.12,-15.223,-10.351,12.243,-2.1961,-1.5925,-8.6024,-3.4369,0.97483,-7.9073,0,0,0,NaN,NaN,NaN,NaN,NaN,NaN,NaN,NaN,NaN,46.572,0,3699.4,0.0064211,NaN,NaN,NaN,NaN,NaN,-1,-1,-2.2716,0.50291,-8.1656,-2.8758,2.8153,-7.1179,NaN,NaN,NaN,NaN,NaN
486.12,-15.228,-10.344,12.222,-2.2186,0.69431,-9.5681,-3.5831,4.7138,-7.4776,0,0,0,NaN,NaN,NaN,NaN,NaN,NaN,NaN,NaN,NaN,46.572,0,3699.4,0.0064211,NaN,NaN,NaN,NaN,19.44,99009,21.875,-2.2583,0.50581,-8.1315,-2.7244,2.6634,-7.0439,NaN,NaN,NaN,NaN,NaN
486.12,-15.229,-10.344,12.204,-2.4838,1.3623,-7.2622,-2.2299,1.41,-7.1784,0.63656,0.19529,-0.92162,NaN,NaN,NaN,NaN,NaN,NaN,NaN,NaN,NaN,46.572,0,3699.4,0.0064211,NaN,NaN,NaN,NaN,NaN,-1,-1,-2.2366,0.51202,-8.0776,-2.4696,2.6575,-6.9766,NaN,NaN,NaN,NaN,NaN
486.12,-15.233,-10.34,12.185,-1.6646,0.064062,-8.6053,-3.4662,3.6066,-7.2576,0,0,0,NaN,NaN,NaN,NaN,NaN,NaN,NaN,NaN,NaN,46.572,0,3699.4,0.0064211,NaN,NaN,NaN,NaN,19.478,98994,21.75,-2.2346,0.50229,-8.1387,-2.2764,2.785,-6.8931,NaN,NaN,NaN,NaN,NaN
486.13,-15.238,-10.334,12.147,-2.1865,2.7419,-8.6804,-2.29,1.58,-7.2895,0,0,0,NaN,NaN,NaN,NaN,NaN,NaN,NaN,NaN,NaN,46.572,0,3699.4,0.0064211,NaN,NaN,NaN,NaN,NaN,-1,-1,-2.2272,0.49649,-8.2035,-2.1355,2.7714,-6.8249,NaN,NaN,NaN,NaN,NaN
486.13,-15.235,-10.329,12.127,-2.6736,-0.39556,-8.715,-0.66721,3.8967,-7.2781,0.64869,0.20283,-0.91593,NaN,NaN,NaN,NaN,NaN,NaN,NaN,NaN,NaN,46.572,0,3699.4,0.0064211,NaN,NaN,NaN,NaN,NaN,-1,-1,-2.2242,0.53961,-8.2467,-2.0182,2.6386,-6.7715,NaN,NaN,NaN,NaN,NaN
486.13,-15.236,-10.324,12.108,-2.4133,0.6703,-7.5171,-2.2465,3.8937,-7.184,0,0,0,NaN,NaN,NaN,NaN,NaN,NaN,NaN,NaN,NaN,46.572,0,3699.4,0.0064211,NaN,NaN,NaN,NaN,19.686,98962,21.625,-2.2244,0.53491,-8.3031,-1.9888,2.807,-6.7155,NaN,NaN,NaN,NaN,NaN
486.13,-15.239,-10.32,12.089,-2.3897,0.64724,-8.6164,-3.0326,3.3862,-7.4134,0,0,0,NaN,NaN,NaN,NaN,NaN,NaN,NaN,NaN,NaN,46.572,0,3699.4,0.0064211,NaN,NaN,NaN,NaN,NaN,-1,-1,-2.2018,0.53172,-8.2667,-1.8476,2.7333,-6.6702,NaN,NaN,NaN,NaN,NaN
486.14,-15.239,-10.32,12.071,-2.3654,-1.0118,-8.2589,-1.662,1.5987,-7.4859,0,0,0,NaN,NaN,NaN,NaN,NaN,NaN,NaN,NaN,NaN,46.572,0,3699.4,0.0064211,NaN,NaN,NaN,NaN,NaN,-1,-1,-2.2068,0.55976,-8.3251,-1.7508,2.6624,-6.6544,NaN,NaN,NaN,NaN,NaN
486.14,0,0,0,0,0,0,0,0,0,0,0,0,NaN,NaN,NaN,NaN,NaN,NaN,NaN,NaN,NaN,46.572,0,3699.4,0.0064211,0.60389,2.232,0.2349,0.07242,19.311,99002,21.813,-2.2017,0.57631,-8.3654,-1.7635,2.7842,-6.6323,NaN,NaN,NaN,NaN,NaN
486.14,-15.241,-10.313,12.05,-2.1302,0.13989,-9.624,-2.6687,4.7136,-7.5271,0.64596,0.18783,-0.91848,NaN,NaN,NaN,NaN,NaN,NaN,NaN,NaN,NaN,46.572,0,3699.4,0.0064211,0.60389,2.232,0.2349,0.07242,NaN,-1,-1,-2.203,0.57616,-8.4299,-1.6532,2.6814,-6.6139,NaN,NaN,NaN,NaN,NaN
486.14,-15.238,-10.317,12.032,-1.9878,0.95861,-7.9157,-0.81887,0.49698,-7.6363,0,0,0,NaN,NaN,NaN,NaN,NaN,NaN,NaN,NaN,NaN,46.572,0,3699.4,0.0064211,NaN,NaN,NaN,NaN,19.267,98972,21.688,-2.1961,0.58871,-8.4509,-1.5561,2.7748,-6.5704,NaN,NaN,NaN,NaN,NaN
486.15,-15.238,-10.309,12.012,-2.5532,0.50411,-9.2643,-1.5443,4.9023,-7.2927,0,0,0,NaN,NaN,NaN,NaN,NaN,NaN,NaN,NaN,NaN,46.572,0,3699.4,0.0064211,NaN,NaN,NaN,NaN,NaN,-1,-1,-2.1903,0.59297,-8.5255,-1.5329,2.9418,-6.5353,NaN,NaN,NaN,NaN,NaN
486.15,-15.24,-10.306,11.974,-2.0546,2.0633,-9.1117,-2.1745,0.67449,-7.1743,0.64346,0.19047,-0.9164,NaN,NaN,NaN,NaN,NaN,NaN,NaN,NaN,NaN,46.572,0,3699.4,0.0064211,NaN,NaN,NaN,NaN,NaN,-1,-1,-2.1978,0.6246,-8.5572,-1.5005,2.7979,-6.5178,NaN,NaN,NaN,NaN,NaN
486.15,0,0,0,0,0,0,0,0,0,0,0,0,NaN,NaN,NaN,NaN,NaN,NaN,NaN,NaN,NaN,46.572,0,3699.4,0.0064211,NaN,NaN,NaN,NaN,19.1,98990,21.813,-2.1889,0.61934,-8.5749,-1.5483,2.8756,-6.5353,NaN,NaN,NaN,NaN,NaN
486.15,-15.235,-10.299,11.954,-2.9987,1.4562,-10.503,0.13447,4.5338,-7.2852,0,0,0,NaN,NaN,NaN,NaN,NaN,NaN,NaN,NaN,NaN,46.572,0,3699.4,0.0064211,0.60553,2.1115,0.30184,0.052442,NaN,-1,-1,-2.1832,0.61542,-8.6267,-1.5075,2.961,-6.5133,NaN,NaN,NaN,NaN,NaN
486.16,-15.233,-10.29,11.935,-2.5861,-0.42453,-7.772,-0.78444,5.3878,-6.8146,0,0,0,NaN,NaN,NaN,NaN,NaN,NaN,NaN,NaN,NaN,46.572,0,3699.4,0.0064211,NaN,2.1115,NaN,NaN,NaN,-1,-1,-2.1811,0.64941,-8.7037,-1.4655,2.8512,-6.5149,NaN,NaN,NaN,NaN,NaN
486.16,-15.234,-10.291,11.899,-2.4943,-0.82953,-10.712,-2.0305,0.14158,-7.7694,0.64582,0.18796,-0.91619,5.7338,22.915,-3.8207,23.928,40.059,-88.55,3.6782e+05,4.4355e+06,308.42,46.572,0,3699.4,0.0064211,NaN,NaN,NaN,NaN,18.752,98999,21.813,-2.2023,0.6488,-8.8317,-1.5135,2.9415,-6.5374,23.908,0.97506,-0.2088,-0.50039,2.3354
486.16,-15.237,-10.283,11.879,-2.3775,0.092589,-10.616,-2.8525,5.0439,-7.1065,0,0,0,NaN,NaN,NaN,NaN,NaN,NaN,NaN,NaN,NaN,46.572,0,3699.4,0.0064211,NaN,NaN,NaN,NaN,19.752,98979,21.75,-2.2035,0.65852,-8.8821,-1.591,3.0568,-6.5802,NaN,NaN,NaN,NaN,NaN
486.16,-15.234,-10.275,11.842,-2.2091,0.6423,-8.4449,-1.3714,2.0024,-7.178,0,0,0,NaN,NaN,NaN,NaN,NaN,NaN,NaN,NaN,NaN,46.572,0,3699.4,0.0064211,NaN,NaN,NaN,NaN,NaN,-1,-1,-2.2014,0.65134,-8.905,-1.5373,2.9449,-6.6208,NaN,NaN,NaN,NaN,NaN
486.17,-15.233,-10.279,11.823,-2.1778,0.39642,-11.359,-2.9643,3.392,-7.4328,0.64867,0.19264,-0.92053,NaN,NaN,NaN,NaN,NaN,NaN,NaN,NaN,NaN,46.572,0,3699.4,0.0064211,NaN,NaN,NaN,0.018313,NaN,-1,-1,-2.2023,0.62867,-8.9586,-1.4727,2.9865,-6.6217,NaN,NaN,NaN,NaN,NaN
486.17,-15.233,-10.272,11.805,-2.2973,1.4703,-10.22,-1.7479,4.3065,-6.7531,0,0,0,NaN,NaN,NaN,NaN,NaN,NaN,NaN,NaN,NaN,46.572,0,3699.4,0.0064211,NaN,NaN,NaN,NaN,NaN,-1,-1,-2.2156,0.62696,-9.1002,-1.42,3.1435,-6.6515,NaN,NaN,NaN,NaN,NaN
486.17,-15.231,-10.269,11.787,-2.6579,0.79453,-10.284,-0.51194,2.81,-6.8868,0,0,0,NaN,NaN,NaN,NaN,NaN,NaN,NaN,NaN,NaN,46.572,0,3699.4,0.0064211,NaN,NaN,NaN,NaN,19.395,99004,21.813,-2.214,0.62031,-9.1806,-1.4845,3.1856,-6.6639,NaN,NaN,NaN,NaN,NaN
486.17,-15.23,-10.261,11.769,-2.1084,-0.15046,-8.9813,-1.4999,4.7835,-6.4065,0,0,0,NaN,NaN,NaN,NaN,NaN,NaN,NaN,NaN,NaN,46.572,0,3699.4,0.0064211,NaN,NaN,NaN,NaN,NaN,-1,-1,-2.217,0.6561,-9.2143,-1.499,3.17,-6.6926,NaN,NaN,NaN,NaN,NaN
486.18,-15.232,-10.257,11.75,-2.2194,1.9321,-9.1555,-2.6299,3.5329,-7.0716,0.6438,0.19271,-0.92097,NaN,NaN,NaN,NaN,NaN,NaN,NaN,NaN,NaN,46.572,0,3699.4,0.0064211,NaN,NaN,NaN,NaN,NaN,-1,-1,-2.2105,0.65824,-9.2704,-1.51,3.333,-6.7199,NaN,NaN,NaN,NaN,NaN
486.18,-15.231,-10.257,11.733,-2.5246,-0.72859,-10.84,-1.3019,1.7263,-7.2587,0,0,0,NaN,NaN,NaN,NaN,NaN,NaN,NaN,NaN,NaN,46.572,0,3699.4,0.0064211,0.6121,2.2428,0.23855,0.060766,19.418,98975,21.75,-2.2207,0.65773,-9.336,-1.536,3.3893,-6.7535,NaN,NaN,NaN,NaN,NaN
486.18,-15.234,-10.247,11.713,-2.1818,-1.0308,-10.808,-2.9156,5.5679,-6.8845,0,0,0,NaN,NaN,NaN,NaN,NaN,NaN,NaN,NaN,NaN,46.572,0,3699.4,0.0064211,NaN,NaN,NaN,NaN,18.989,99012,21.813,-2.22,0.67597,-9.3998,-1.6624,3.3726,-6.7878,NaN,NaN,NaN,NaN,NaN
486.18,-15.234,-10.244,11.695,-1.814,1.206,-8.9327,-1.8455,3.1201,-7.0086,0,0,0,NaN,NaN,NaN,NaN,NaN,NaN,NaN,NaN,NaN,46.572,0,3699.4,0.0064211,NaN,NaN,NaN,NaN,NaN,-1,-1,-2.207,0.66944,-9.4282,-1.7499,3.4387,-6.8482,NaN,NaN,NaN,NaN,NaN
486.19,-15.233,-10.248,11.678,-2.3972,1.1612,-10.98,-1.3455,0.088178,-7.333,0.64394,0.19767,-0.92095,NaN,NaN,NaN,NaN,NaN,NaN,NaN,NaN,NaN,46.572,0,3699.4,0.0064211,NaN,NaN,NaN,NaN,NaN,-1,-1,-2.2163,0.68856,-9.4777,-1.7542,3.5615,-6.8712,NaN,NaN,NaN,NaN,NaN
486.19,-15.236,-10.237,11.657,-1.7793,-0.21047,-11.717,-2.7718,6.1781,-7.1224,0,0,0,NaN,NaN,NaN,NaN,NaN,NaN,NaN,NaN,NaN,46.572,0,3699.4,0.0064211,NaN,NaN,NaN,NaN,NaN,-1,-1,-2.2117,0.66496,-9.5336,-1.7894,3.6315,-6.9071,NaN,NaN,NaN,NaN,NaN
486.19,-15.238,-10.227,11.638,-2.489,0.67008,-9.1722,-2.5357,5.8541,-6.8158,0,0,0,NaN,NaN,NaN,NaN,NaN,NaN,NaN,NaN,NaN,46.572,NaN,3696.5,0.0069644,NaN,NaN,NaN,NaN,19.056,98993,21.813,-2.2032,0.66631,-9.5777,-1.8478,3.7598,-6.9569,NaN,NaN,NaN,NaN,NaN
486.19,-15.236,-10.232,11.622,-2.3248,2.2278,-9.8986,-0.79246,-0.34389,-6.9586,0,0,0,NaN,NaN,NaN,NaN,NaN,NaN,NaN,NaN,NaN,46.572,NaN,3696.5,0.0069644,0.58801,2.2303,0.213,0.11321,NaN,-1,-1,-2.2067,0.70203,-9.6442,-1.9846,3.8077,-6.9969,NaN,NaN,NaN,NaN,NaN
486.2,-15.233,-10.209,11.585,-2.4655,1.5504,-7.796,-1.5019,7.6917,-6.5299,0,0,0,NaN,NaN,NaN,NaN,NaN,NaN,NaN,NaN,NaN,46.572,NaN,3696.5,0.0069644,NaN,NaN,NaN,NaN,NaN,-1,-1,-2.2113,0.69364,-9.6495,-2.036,3.7045,-6.7751,NaN,NaN,NaN,NaN,NaN
486.2,-15.234,-10.211,11.568,-1.9984,0.14535,-9.7132,-2.0106,1.0492,-6.9092,0,0,0,NaN,NaN,NaN,NaN,NaN,NaN,NaN,NaN,NaN,46.572,NaN,3696.5,0.0069644,NaN,NaN,NaN,NaN,18.97,98995,21.813,-2.2014,0.69166,-9.6913,-2.1034,3.8356,-6.7997,NaN,NaN,NaN,NaN,NaN
486.2,-15.237,-10.211,11.551,-2.6215,-1.2324,-11.432,-2.7246,1.5861,-7.0828,0,0,0,NaN,NaN,NaN,NaN,NaN,NaN,NaN,NaN,NaN,46.611,0,3696.5,0.0069644,NaN,NaN,NaN,NaN,NaN,-1,-1,-2.2145,0.71581,-9.7548,-2.2024,3.8688,-6.8338,NaN,NaN,NaN,NaN,NaN
486.2,-15.237,-10.198,11.53,-1.8541,1.314,-11.229,-2.0272,7.1677,-6.9321,0.64596,0.18783,-0.91848,NaN,NaN,NaN,NaN,NaN,NaN,NaN,NaN,NaN,46.611,0,3696.5,0.0069644,0.60006,2.232,0.22943,0.074085,19.25,99006,21.875,-2.2165,0.72617,-9.8051,-2.3476,3.8596,-6.8618,NaN,NaN,NaN,NaN,NaN
486.21,-15.236,-10.197,11.514,-1.9047,1.5165,-7.8963,-0.96068,1.5124,-6.3203,0,0,0,NaN,NaN,NaN,NaN,NaN,NaN,NaN,NaN,NaN,46.611,0,3696.5,0.0069644,NaN,NaN,NaN,NaN,NaN,-1,-1,-2.2087,0.70673,-9.8038,-2.5148,3.8107,-6.9059,NaN,NaN,NaN,NaN,NaN
486.21,-15.238,-10.194,11.496,-2.3518,-0.69509,-11.71,-2.5482,3.0618,-7.1486,0,0,0,NaN,NaN,NaN,NaN,NaN,NaN,NaN,NaN,NaN,46.611,0,3696.5,0.0069644,NaN,NaN,NaN,NaN,NaN,-1,-1,-2.209,0.73107,-9.8391,-2.6164,3.7827,-6.667,NaN,NaN,NaN,NaN,NaN
486.21,-15.242,-10.184,11.476,-2.0954,0.96213,-10.87,-3.597,5.9891,-6.8702,0,0,0,NaN,NaN,NaN,NaN,NaN,NaN,NaN,NaN,NaN,46.611,0,3696.5,0.0069644,NaN,NaN,NaN,NaN,19.375,99019,21.875,-2.2141,0.7132,-9.9081,-2.6731,3.7948,-6.6407,NaN,NaN,NaN,NaN,NaN
486.21,-15.243,-10.181,11.459,-2.1243,2.8257,-9.5634,-1.7271,2.5724,-6.5721,0.63866,0.19302,-0.91683,NaN,NaN,NaN,NaN,NaN,NaN,NaN,NaN,NaN,46.611,0,3696.5,0.0069644,NaN,NaN,NaN,NaN,NaN,-1,-1,-2.1986,0.69573,-9.9111,-2.6965,3.8494,-6.6077,NaN,NaN,NaN,NaN,NaN
486.22,-15.24,-10.176,11.443,-2.363,-0.15596,-11.749,-0.71259,3.4579,-6.0689,0,0,0,NaN,NaN,NaN,NaN,NaN,NaN,NaN,NaN,NaN,46.611,0,3696.5,0.0069644,NaN,NaN,NaN,NaN,NaN,-1,-1,-2.1984,0.72843,-9.9569,-2.8418,3.8219,-6.5981,NaN,NaN,NaN,NaN,NaN
486.22,-15.243,-10.167,11.426,-2.4131,1.2787,-9.5031,-2.5266,5.1988,-5.9704,0,0,0,NaN,NaN,NaN,NaN,NaN,NaN,NaN,NaN,NaN,46.611,0,3696.5,0.0069644,0.60225,2.2344,0.22882,0.06909,19.225,98965,21.688,-2.2068,0.73,-10.001,-3.0617,3.8622,-6.5764,NaN,NaN,NaN,NaN,NaN
486.22,-15.248,-10.16,11.409,-2.6067,1.564,-9.4473,-3.7425,4.5563,-6.2377,0,0,0,NaN,NaN,NaN,NaN,NaN,NaN,NaN,NaN,NaN,46.611,0,3696.5,0.0069644,NaN,NaN,NaN,NaN,NaN,-1,-1,-2.2076,0.72186,-10.023,-3.2026,3.9597,-6.5582,NaN,NaN,NaN,NaN,NaN
486.22,-15.262,-10.154,11.375,-1.8434,1.0058,-11.436,-4.7475,4.6583,-6.3675,0,0,0,NaN,NaN,NaN,NaN,NaN,NaN,NaN,NaN,NaN,46.611,0,3696.5,0.0069644,NaN,NaN,NaN,NaN,19.206,98997,21.813,-2.2,0.7307,-10.026,-3.4197,3.8478,-6.5558,NaN,NaN,NaN,NaN,NaN
486.23,-15.263,-10.149,11.358,-2.4443,1.3917,-10.404,-2.163,3.5416,-6.4537,0,0,0,NaN,NaN,NaN,NaN,NaN,NaN,NaN,NaN,NaN,46.611,0,3696.5,0.0069644,NaN,NaN,NaN,NaN,NaN,-1,-1,-2.211,0.72996,-10.071,-3.6236,3.7433,-6.5449,NaN,NaN,NaN,NaN,NaN
486.23,-15.269,-10.142,11.339,-2.1886,0.30114,-8.6883,-4.107,4.3799,-6.8052,0,0,0,NaN,NaN,NaN,NaN,NaN,NaN,NaN,NaN,NaN,46.611,0,3696.5,0.0069644,NaN,NaN,NaN,NaN,NaN,-1,-1,-2.1965,0.74377,-10.059,-3.7028,3.7404,-6.5409,NaN,NaN,NaN,NaN,NaN
486.23,-15.278,-10.139,11.322,-1.5647,0.45321,-11.273,-5.2763,2.7318,-6.6519,0.6415,0.19262,-0.92348,NaN,NaN,NaN,NaN,NaN,NaN,NaN,NaN,NaN,46.611,0,3696.5,0.0069644,0.58035,2.2183,0.20691,NaN,19.272,99041,22,-2.1923,0.75211,-10.095,-3.8447,3.7971,-6.4858,NaN,NaN,NaN,NaN,NaN
486.23,-15.285,-10.137,11.306,-2.6042,2.4928,-11.531,-4.2601,2.4096,-6.2697,0,0,0,NaN,NaN,NaN,NaN,NaN,NaN,NaN,NaN,NaN,46.611,0,3696.5,0.0069644,NaN,NaN,NaN,0.11154,NaN,-1,-1,-2.197,0.72683,-10.15,-3.9554,3.6879,-6.4729,NaN,NaN,NaN,NaN,NaN
486.24,-15.288,-10.124,11.287,-2.7291,0.84015,-9.9658,-2.9997,6.9153,-6.387,0,0,0,NaN,NaN,NaN,NaN,NaN,NaN,NaN,NaN,NaN,46.611,0,3696.5,0.0069644,NaN,NaN,NaN,NaN,NaN,-1,-1,-2.191,0.75661,-10.162,-4.0304,3.662,-6.4443,NaN,NaN,NaN,NaN,NaN
486.24,-15.293,-10.121,11.272,-1.6583,1.2771,-9.3338,-3.4033,2.5415,-5.6487,0,0,0,NaN,NaN,NaN,NaN,NaN,NaN,NaN,NaN,NaN,46.611,0,3696.5,0.0069644,NaN,NaN,NaN,NaN,19.544,98997,21.813,-2.1844,0.78236,-10.174,-4.2024,3.7128,-6.4375,NaN,NaN,NaN,NaN,NaN
486.24,-15.3,-10.118,11.254,-2.86,1.1603,-10.165,-4.5269,2.8706,-6.833,0.64387,0.19519,-0.92096,NaN,NaN,NaN,NaN,NaN,NaN,NaN,NaN,NaN,46.611,0,3696.5,0.0069644,NaN,NaN,NaN,NaN,NaN,-1,-1,-2.1952,0.77051,-10.219,-4.3073,3.6035,-6.403,NaN,NaN,NaN,NaN,NaN
486.24,-15.31,-10.11,11.236,-2.1296,-1.1185,-10.142,-5.6538,4.642,-6.5224,0,0,0,NaN,NaN,NaN,NaN,NaN,NaN,NaN,NaN,NaN,46.611,0,3696.5,0.0069644,0.60718,2.2398,0.22943,0.074917,19.241,98955,21.563,-2.1903,0.79246,-10.239,-4.3512,3.47,-6.4061,NaN,NaN,NaN,NaN,NaN
486.25,-15.323,-10.108,11.22,-1.5082,0.54905,-10.182,-6.6892,2.4924,-6.4905,0,0,0,NaN,NaN,NaN,NaN,NaN,NaN,NaN,NaN,NaN,46.611,0,3696.5,0.0069644,NaN,NaN,NaN,NaN,NaN,-1,-1,-2.1983,0.80975,-10.258,-4.4895,3.5618,-6.4172,NaN,NaN,NaN,NaN,NaN
486.25,-15.328,-10.106,11.202,-2.4379,1.5531,-11.167,-3.584,2.745,-7.1132,0,0,0,NaN,NaN,NaN,NaN,NaN,NaN,NaN,NaN,NaN,46.611,0,3696.5,0.0069644,NaN,NaN,NaN,NaN,NaN,-1,-1,-2.1961,0.79149,-10.282,-4.6294,3.557,-6.4293,NaN,NaN,NaN,NaN,NaN
486.25,-15.334,-10.097,11.182,-2.6172,-0.056832,-8.9652,-4.4813,5.213,-6.9343,0.65369,0.19754,-0.92008,NaN,NaN,NaN,NaN,NaN,NaN,NaN,NaN,NaN,46.611,0,3696.5,0.0069644,NaN,NaN,NaN,NaN,19.377,99047,22,-2.1914,0.7946,-10.276,-4.6278,3.4064,-6.4246,NaN,NaN,NaN,NaN,NaN
486.25,-15.348,-10.094,11.165,-1.1151,1.1529,-9.4937,-7.1454,2.7837,-6.461,0,0,0,NaN,NaN,NaN,NaN,NaN,NaN,NaN,NaN,NaN,46.611,0,3696.5,0.0069644,NaN,NaN,NaN,NaN,NaN,-1,-1,-2.1875,0.79098,-10.297,-4.6696,3.6036,-6.3961,NaN,NaN,NaN,NaN,NaN
486.26,-15.357,-10.095,11.15,-2.8146,2.22,-11.899,-4.9178,0.9459,-6.4445,0,0,0,NaN,NaN,NaN,NaN,NaN,NaN,NaN,NaN,NaN,46.611,0,3696.5,0.0069644,NaN,NaN,NaN,NaN,NaN,-1,-1,-2.176,0.77425,-10.332,-4.7712,3.4991,-6.3897,NaN,NaN,NaN,NaN,NaN
486.26,-15.363,-10.083,11.131,-2.7455,1.2562,-11.531,-4.3573,6.4971,-6.4253,0,0,0,NaN,NaN,NaN,NaN,NaN,NaN,NaN,NaN,NaN,46.611,0,3696.5,0.0069644,NaN,NaN,NaN,NaN,19.116,98982,21.688,-2.1805,0.7931,-10.346,-4.8453,3.4013,-6.3925,NaN,NaN,NaN,NaN,NaN
486.26,-15.371,-10.078,11.115,-1.6231,0.24425,-7.7822,-4.5013,3.6399,-5.8522,0.64143,0.19523,-0.92118,NaN,NaN,NaN,NaN,NaN,NaN,NaN,NaN,NaN,46.611,0,3696.5,0.0069644,NaN,NaN,NaN,NaN,NaN,-1,-1,-2.1762,0.81949,-10.345,-4.8878,3.4165,-6.3994,NaN,NaN,NaN,NaN,NaN
486.26,-15.378,-10.078,11.1,-2.446,2.2956,-8.9608,-4.2447,1.3912,-6.3583,0,0,0,NaN,NaN,NaN,NaN,NaN,NaN,NaN,NaN,NaN,46.611,0,3696.5,0.0069644,NaN,NaN,NaN,NaN,19.482,99012,21.875,-2.1724,0.80918,-10.365,-4.8953,3.2864,-6.4075,NaN,NaN,NaN,NaN,NaN
486.27,-15.386,-10.072,11.082,-2.6284,-1.0035,-12.082,-5.1956,4.2526,-6.5537,0,0,0,NaN,NaN,NaN,NaN,NaN,NaN,NaN,NaN,NaN,46.611,0,3696.5,0.0069644,NaN,NaN,NaN,NaN,NaN,-1,-1,-2.1708,0.83433,-10.36,-4.9977,3.2103,-6.432,NaN,NaN,NaN,NaN,NaN
486.27,-15.4,-10.065,11.065,-1.4282,-1.3811,-8.3512,-7.2094,4.2915,-6.2929,0,0,0,NaN,NaN,NaN,NaN,NaN,NaN,NaN,NaN,NaN,46.611,0,3696.5,0.0069644,0.59075,2.1187,0.29332,0.045783,NaN,-1,-1,-2.1815,0.84615,-10.385,-5.0902,3.2253,-6.4726,NaN,NaN,NaN,NaN,NaN
486.27,-15.409,-10.066,11.048,-1.8953,2.7382,-11.842,-5.0886,1.1194,-6.6274,0.64882,0.19761,-0.92052,NaN,NaN,NaN,NaN,NaN,NaN,NaN,NaN,NaN,46.611,0,3696.5,0.0069644,0.59075,2.1187,0.29332,0.045783,19.247,99005,21.813,-2.1725,0.85271,-10.365,-5.0822,3.1122,-6.4727,NaN,NaN,NaN,NaN,NaN
486.27,-15.415,-10.061,11.031,-3.0726,0.64738,-9.2896,-3.772,3.4871,-6.4645,0,0,0,NaN,NaN,NaN,NaN,NaN,NaN,NaN,NaN,NaN,46.611,0,3696.5,0.0069644,NaN,NaN,NaN,NaN,NaN,-1,-1,-2.1715,0.85189,-10.378,-4.9835,3.0537,-6.4545,NaN,NaN,NaN,NaN,NaN
486.28,-15.433,-10.057,10.998,-2.3846,2.177,-10.329,-4.5983,-1.8806,-6.5004,0,0,0,NaN,NaN,NaN,NaN,NaN,NaN,NaN,NaN,NaN,46.611,0,3696.5,0.0069644,NaN,NaN,NaN,NaN,NaN,-1,-1,-2.1737,0.85129,-10.395,-4.9163,3.0839,-6.4483,NaN,NaN,NaN,NaN,NaN
486.28,-15.438,-10.048,10.979,-2.6818,2.4327,-12.823,-3.8594,5.1821,-6.3865,0.64131,0.20044,-0.91659,NaN,NaN,NaN,NaN,NaN,NaN,NaN,NaN,NaN,46.611,0,3696.5,0.0069644,NaN,NaN,NaN,NaN,19.248,99021,21.875,-2.166,0.85997,-10.387,-4.9558,3.0748,-6.4427,NaN,NaN,NaN,NaN,NaN
486.28,-15.441,-10.036,10.961,-1.9534,-0.9843,-8.1963,-2.8106,6.457,-5.9661,0,0,0,NaN,NaN,NaN,NaN,NaN,NaN,NaN,NaN,NaN,46.611,0,3696.5,0.0069644,NaN,NaN,NaN,NaN,NaN,-1,-1,-2.161,0.8695,-10.384,-4.9947,3.1057,-6.433,NaN,NaN,NaN,NaN,NaN
486.28,-15.45,-10.034,10.947,-2.2858,2.3947,-8.343,-4.9104,2.0841,-5.7772,0,0,0,NaN,NaN,NaN,NaN,NaN,NaN,NaN,NaN,NaN,46.611,0,3696.5,0.0069644,0.66028,2.139,0.30124,-0.0066593,19.409,98944,21.5,-2.1663,0.85943,-10.399,-4.8858,3.0638,-6.43,NaN,NaN,NaN,NaN,NaN
486.29,-15.455,-10.033,10.93,-2.5551,0.48018,-11.856,-3.6608,1.9989,-6.77,0,0,0,NaN,NaN,NaN,NaN,NaN,NaN,NaN,NaN,NaN,46.611,0,3696.5,0.0069644,NaN,2.139,NaN,NaN,NaN,-1,-1,-2.1625,0.87223,-10.386,-4.8898,3.1073,-6.4401,NaN,NaN,NaN,NaN,NaN
486.29,-15.465,-10.023,10.912,-1.7068,-2.0271,-9.9049,-5.6503,5.9551,-6.1844,0.63413,0.19533,-0.92184,NaN,NaN,NaN,NaN,NaN,NaN,NaN,NaN,NaN,46.611,0,3696.5,0.0069644,NaN,NaN,NaN,NaN,NaN,-1,-1,-2.1589,0.88139,-10.384,-4.96,3.0557,-6.443,NaN,NaN,NaN,NaN,NaN
486.29,-15.475,-10.023,10.895,-1.9438,1.4716,-9.8895,-5.4677,1.5029,-6.9744,0,0,0,NaN,NaN,NaN,NaN,NaN,NaN,NaN,NaN,NaN,46.611,0,3696.5,0.0069644,NaN,NaN,NaN,NaN,19.583,98994,21.75,-2.1635,0.87691,-10.387,-4.9715,3.0027,-6.4528,NaN,NaN,NaN,NaN,NaN
486.29,-15.481,-10.02,10.879,-2.0951,2.0271,-10.564,-4.0782,2.7674,-6.0542,0,0,0,NaN,NaN,NaN,NaN,NaN,NaN,NaN,NaN,NaN,46.611,0,3696.5,0.0069644,NaN,NaN,NaN,NaN,NaN,-1,-1,-2.1626,0.88106,-10.38,-4.8779,3.0742,-6.4347,NaN,NaN,NaN,NaN,NaN
486.3,-15.489,-10.011,10.859,-2.2611,-0.58764,-10.741,-4.8936,5.4327,-7.1015,0,0,0,NaN,NaN,NaN,NaN,NaN,NaN,NaN,NaN,NaN,46.611,0,3696.5,0.0069644,NaN,NaN,NaN,0.054939,NaN,-1,-1,-2.1585,0.89184,-10.361,-4.7979,3.0866,-6.3903,NaN,NaN,NaN,NaN,NaN
486.3,-15.5,-10.008,10.842,-2.1768,0.83507,-10.348,-6.1129,2.8292,-6.4957,0.63705,0.20249,-0.92617,NaN,NaN,NaN,NaN,NaN,NaN,NaN,NaN,NaN,46.611,0,3696.5,0.0069644,NaN,NaN,NaN,0.054939,18.748,98959,21.625,-2.1543,0.87517,-10.375,-4.6922,3.0554,-6.3856,NaN,NaN,NaN,NaN,NaN
486.3,-15.508,-10.007,10.827,-1.8146,3.5432,-10.986,-4.6502,1.8127,-6.1589,0,0,0,NaN,NaN,NaN,NaN,NaN,NaN,NaN,NaN,NaN,46.611,0,3696.5,0.0069644,NaN,NaN,NaN,NaN,NaN,-1,-1,-2.1555,0.87528,-10.37,-4.6901,3.1083,-6.379,NaN,NaN,NaN,NaN,NaN
486.3,-15.518,-9.9896,10.793,-2.1295,0.49911,-8.9164,-4.1989,4.905,-5.8112,0,0,0,NaN,NaN,NaN,NaN,NaN,NaN,NaN,NaN,NaN,46.611,0,3696.5,0.0069644,NaN,NaN,NaN,NaN,19.878,99007,21.875,-2.1507,0.89412,-10.363,-4.7405,3.1536,-6.357,NaN,NaN,NaN,NaN,NaN
486.31,-15.53,-9.9861,10.776,-1.9676,0.98278,-9.3746,-6.4784,3.0079,-6.4654,0.63691,0.20262,-0.92389,NaN,NaN,NaN,NaN,NaN,NaN,NaN,NaN,NaN,46.611,0,3696.5,0.0069644,NaN,NaN,NaN,NaN,NaN,-1,-1,-2.1495,0.88184,-10.365,-4.6093,3.0378,-6.3747,NaN,NaN,NaN,NaN,NaN
486.31,-15.541,-9.9895,10.76,-2.1198,-0.80771,-11.982,-5.6836,0.26665,-6.8526,0,0,0,NaN,NaN,NaN,NaN,NaN,NaN,NaN,NaN,NaN,46.611,0,3696.5,0.0069644,NaN,NaN,NaN,NaN,NaN,-1,-1,-2.1436,0.87596,-10.338,-4.5813,3.2428,-6.3787,NaN,NaN,NaN,NaN,NaN
486.31,-15.557,-9.9749,10.724,-1.6179,0.94975,-9.4208,-4.0176,2.397,-6.6869,0,0,0,NaN,NaN,NaN,NaN,NaN,NaN,NaN,NaN,NaN,46.543,0,3696.5,0.0053322,0.6017,2.1115,0.29758,0.039956,19.291,98998,21.813,-2.1454,0.91253,-10.354,-4.6354,3.1489,-6.3912,NaN,NaN,NaN,NaN,NaN
486.31,-15.566,-9.9739,10.706,-2.6019,0.65499,-11.443,-5.2332,2.004,-6.7583,0.64882,0.19761,-0.92052,NaN,NaN,NaN,NaN,NaN,NaN,NaN,NaN,NaN,46.543,0,3696.5,0.0053322,NaN,NaN,NaN,NaN,NaN,-1,-1,-2.1576,0.89176,-10.362,-4.5727,2.945,-6.3892,NaN,NaN,NaN,NaN,NaN
486.32,-15.575,-9.9672,10.688,-2.1021,0.55414,-11,-5.2752,4.3769,-6.659,0,0,0,NaN,NaN,NaN,NaN,NaN,NaN,NaN,NaN,NaN,46.543,0,3696.5,0.0053322,NaN,NaN,NaN,NaN,NaN,-1,-1,-2.1459,0.89012,-10.325,-4.6359,3.1748,-6.5589,NaN,NaN,NaN,NaN,NaN
486.32,-15.583,-9.9625,10.672,-1.7843,2.0725,-10.89,-4.7685,3.3916,-6.0175,0,0,0,NaN,NaN,NaN,NaN,NaN,NaN,NaN,NaN,NaN,46.543,0,3696.5,0.0053322,NaN,NaN,NaN,NaN,19.354,99018,21.875,-2.1394,0.88917,-10.305,-4.5239,3.3713,-6.4695,NaN,NaN,NaN,NaN,NaN
486.32,-15.587,-9.9588,10.656,-2.9394,0.72744,-10.298,-2.7867,3.0411,-6.3612,0,0,0,NaN,NaN,NaN,NaN,NaN,NaN,NaN,NaN,NaN,46.543,0,3696.5,0.0053322,NaN,NaN,NaN,NaN,NaN,-1,-1,-2.1406,0.86375,-10.33,-4.3773,3.3218,-6.4116,NaN,NaN,NaN,NaN,NaN
486.32,-15.592,-9.9537,10.64,-2.0145,1.1829,-11.578,-3.5424,3.47,-5.6341,0.63669,0.19007,-0.92621,NaN,NaN,NaN,NaN,NaN,NaN,NaN,NaN,NaN,46.543,0,3696.5,0.0053322,NaN,NaN,NaN,NaN,19.01,99013,21.813,-2.1391,0.87653,-10.318,-4.293,3.1911,-6.3645,NaN,NaN,NaN,NaN,NaN
486.33,-15.598,-9.9474,10.623,-2.4599,0.71158,-9.0808,-4.1484,4.1971,-6.5391,0,0,0,NaN,NaN,NaN,NaN,NaN,NaN,NaN,NaN,NaN,46.543,0,3696.5,0.0053322,NaN,NaN,NaN,NaN,NaN,-1,-1,-2.134,0.89126,-10.286,-4.252,3.3041,-6.2976,NaN,NaN,NaN,NaN,NaN
486.33,-15.607,-9.9429,10.605,-1.6455,-1.388,-10.27,-5.154,3.4716,-6.6009,0,0,0,NaN,NaN,NaN,NaN,NaN,NaN,NaN,NaN,NaN,46.543,0,3696.5,0.0053322,NaN,NaN,NaN,NaN,NaN,-1,-1,-2.1347,0.88042,-10.295,-4.383,3.3146,-6.4389,NaN,NaN,NaN,NaN,NaN
486.33,-15.617,-9.9398,10.59,-2.439,0.43989,-11.208,-5.5348,2.712,-6.0312,0,0,0,NaN,NaN,NaN,NaN,NaN,NaN,NaN,NaN,NaN,46.543,0,3696.5,0.0053322,NaN,NaN,NaN,NaN,19.227,99014,21.875,-2.1314,0.88945,-10.299,-4.2332,3.1964,-6.3429,NaN,NaN,NaN,NaN,NaN
486.33,-15.621,-9.9347,10.573,-1.9815,1.8539,-10.985,-3.1611,3.5439,-6.1356,0.63398,0.19036,-0.92185,NaN,NaN,NaN,NaN,NaN,NaN,NaN,NaN,NaN,46.543,0,3696.5,0.0053322,NaN,NaN,NaN,NaN,NaN,-1,-1,-2.1386,0.89989,-10.284,-4.1606,3.0077,-6.263,NaN,NaN,NaN,NaN,NaN
486.34,-15.627,-9.9318,10.557,-2.453,0.045252,-10.437,-3.8406,2.7035,-6.3179,0,0,0,NaN,NaN,NaN,NaN,NaN,NaN,NaN,NaN,NaN,46.543,0,3696.5,0.0053322,0.59623,2.2326,0.22943,0.067425,NaN,-1,-1,-2.1297,0.88724,-10.277,-4.0607,2.9565,-6.2017,NaN,NaN,NaN,NaN,NaN
486.34,-15.636,-9.9258,10.54,-1.5912,0.76687,-10.244,-5.4092,3.9613,-6.1635,0,0,0,NaN,NaN,NaN,NaN,NaN,NaN,NaN,NaN,NaN,46.543,0,3696.5,0.0053322,NaN,NaN,NaN,NaN,19.032,98992,21.75,-2.1315,0.90448,-10.254,-3.9178,3.0326,-6.1127,NaN,NaN,NaN,NaN,NaN
486.34,-15.642,-9.9236,10.525,-2.2126,2.3557,-11.905,-3.5937,2.3877,-6.1133,0,0,0,NaN,NaN,NaN,NaN,NaN,NaN,NaN,NaN,NaN,46.543,0,3696.5,0.0053322,NaN,NaN,NaN,NaN,NaN,-1,-1,-2.1261,0.88257,-10.262,-3.8179,2.9656,-6.0109,NaN,NaN,NaN,NaN,NaN
486.34,-15.644,-9.9185,10.508,-2.9033,0.9768,-10.573,-2.4149,3.6013,-6.1938,0.63865,0.18793,-0.91913,NaN,NaN,NaN,NaN,NaN,NaN,NaN,NaN,NaN,46.543,0,3696.5,0.0053322,NaN,NaN,NaN,NaN,19.032,99033,21.875,-2.1218,0.88152,-10.248,-3.7804,2.8626,-5.9459,NaN,NaN,NaN,NaN,NaN
486.35,-15.647,-9.9139,10.493,-1.9879,0.47087,-11.028,-2.7335,3.21,-5.5014,0,0,0,NaN,NaN,NaN,NaN,NaN,NaN,NaN,NaN,NaN,46.543,0,3696.5,0.0053322,NaN,NaN,NaN,NaN,NaN,-1,-1,-2.1166,0.90322,-10.247,-3.7633,3.0492,-5.8573,NaN,NaN,NaN,NaN,NaN
486.35,-15.653,-9.9069,10.476,-2.3395,1.5385,-8.5324,-4.142,4.4337,-6.3441,0,0,0,NaN,NaN,NaN,NaN,NaN,NaN,NaN,NaN,NaN,46.543,0,3696.5,0.0053322,0.6028,2.2356,0.22943,0.073252,NaN,-1,-1,-2.1192,0.90344,-10.228,-3.703,3.0747,-5.8134,NaN,NaN,NaN,NaN,NaN
486.35,-15.659,-9.9053,10.46,-2.0927,-0.70744,-11.833,-3.6688,2.1874,-6.3025,0,0,0,NaN,NaN,NaN,NaN,NaN,NaN,NaN,NaN,NaN,46.543,0,3696.5,0.0053322,NaN,NaN,NaN,NaN,19.175,98967,21.563,-2.1106,0.88446,-10.218,-3.6775,2.9905,-5.7599,NaN,NaN,NaN,NaN,NaN
486.35,-15.668,-9.9001,10.443,-2.5184,-0.66136,-9.7762,-5.3974,3.6447,-6.2485,0.63928,0.2001,-0.92368,NaN,NaN,NaN,NaN,NaN,NaN,NaN,NaN,NaN,46.543,0,3696.5,0.0053322,NaN,NaN,NaN,NaN,NaN,-1,-1,-2.1154,0.89664,-10.214,-3.7772,3.0442,-5.7284,NaN,NaN,NaN,NaN,NaN
486.36,-15.673,-9.8962,10.427,-1.5908,2.5821,-11.512,-3.4868,3.0599,-6.0094,0,0,0,NaN,NaN,NaN,NaN,NaN,NaN,NaN,NaN,NaN,46.543,0,3696.5,0.0053322,NaN,NaN,NaN,NaN,NaN,-1,-1,-2.1175,0.91298,-10.211,-3.8706,3.1379,-5.7134,NaN,NaN,NaN,NaN,NaN
486.36,-15.677,-9.8976,10.412,-2.4506,0.25857,-10.335,-3.0077,0.96543,-6.4363,0,0,0,NaN,NaN,NaN,NaN,NaN,NaN,NaN,NaN,NaN,46.543,0,3696.5,0.0053322,NaN,NaN,NaN,NaN,19.309,98974,21.688,-2.0949,0.88675,-10.108,-3.9092,3.0501,-5.6671,NaN,NaN,NaN,NaN,NaN
486.36,-15.686,-9.8866,10.394,-1.7691,0.10202,-10.265,-5.3969,5.9825,-5.9376,0,0,0,NaN,NaN,NaN,NaN,NaN,NaN,NaN,NaN,NaN,46.543,0,3696.5,0.0053322,0.58911,2.2291,0.21239,NaN,19.098,99021,21.875,-2.0944,0.87861,-10.081,-3.964,3.1201,-5.5874,NaN,NaN,NaN,NaN,NaN
486.36,-15.699,-9.889,10.365,-2.5147,2.0358,-11.235,-3.0246,-1.1294,-6.2722,0,0,0,NaN,NaN,NaN,NaN,NaN,NaN,NaN,NaN,NaN,46.543,0,3696.5,0.0053322,NaN,NaN,NaN,0.10738,NaN,-1,-1,-2.0897,0.88844,-10.101,-4.0951,3.1771,-5.5616,NaN,NaN,NaN,NaN,NaN
486.37,-15.703,-9.8793,10.349,-2.8303,-0.20198,-12.655,-3.2129,5.3556,-5.5352,0,0,0,NaN,NaN,NaN,NaN,NaN,NaN,NaN,NaN,NaN,46.543,0,3696.5,0.0053322,NaN,NaN,NaN,NaN,NaN,-1,-1,-2.0866,0.88757,-10.111,-4.291,3.0869,-5.5345,NaN,NaN,NaN,NaN,NaN
486.37,-15.711,-9.8653,10.331,-1.9777,2.2355,-6.3621,-4.7275,7.219,-5.8543,0,0,0,NaN,NaN,NaN,NaN,NaN,NaN,NaN,NaN,NaN,46.543,0,3696.5,0.0053322,NaN,NaN,NaN,NaN,NaN,-1,-1,-2.0691,0.8986,-10.016,-4.4324,3.054,-5.5193,NaN,NaN,NaN,NaN,NaN
486.37,0,0,0,0,0,0,0,0,0,0,0,0,NaN,NaN,NaN,NaN,NaN,NaN,NaN,NaN,NaN,46.543,0,3696.5,0.0053322,NaN,NaN,NaN,NaN,19.368,98978,21.625,-2.0721,0.90238,-10.017,-4.5801,3.0096,-5.5187,NaN,NaN,NaN,NaN,NaN
486.37,-15.72,-9.8747,10.317,-2.2471,-0.12038,-9.9,-4.9882,-2.3924,-6.5232,0.6342,0.19781,-0.92183,NaN,NaN,NaN,NaN,NaN,NaN,NaN,NaN,NaN,46.543,0,3696.5,0.0053322,NaN,NaN,NaN,NaN,NaN,-1,-1,-2.0688,0.89126,-10.034,-4.7836,3.0609,-5.5293,NaN,NaN,NaN,NaN,NaN
486.38,-15.731,-9.8737,10.302,-2.1613,-0.92161,-13.005,-6.0328,1.8782,-6.1126,0,0,0,NaN,NaN,NaN,NaN,NaN,NaN,NaN,NaN,NaN,46.543,0,3696.5,0.0053322,NaN,NaN,NaN,NaN,NaN,-1,-1,-2.0768,0.91627,-10.047,-4.989,2.964,-5.5227,NaN,NaN,NaN,NaN,NaN
486.38,-15.741,-9.8592,10.283,-2.0655,2.3088,-10.401,-5.5092,7.4937,-6.0417,0,0,0,NaN,NaN,NaN,NaN,NaN,NaN,NaN,NaN,NaN,46.543,0,3696.5,0.0053322,NaN,NaN,NaN,NaN,19.371,99005,21.75,-2.0808,0.87654,-10.05,-5.1538,3.0215,-5.5464,NaN,NaN,NaN,NaN,NaN
486.38,-15.761,-9.8643,10.254,-1.9667,0.034678,-12.028,-7.0517,0.75745,-6.4564,0.64367,0.19283,-0.91868,NaN,NaN,NaN,NaN,NaN,NaN,NaN,NaN,NaN,46.543,0,3696.5,0.0053322,NaN,NaN,NaN,NaN,NaN,-1,-1,-2.0773,0.89493,-10.048,-5.2662,2.9551,-5.5354,NaN,NaN,NaN,NaN,NaN
486.38,0,0,0,0,0,0,0,0,0,0,0,0,NaN,NaN,NaN,NaN,NaN,NaN,NaN,NaN,NaN,46.543,0,3696.5,0.0053322,NaN,NaN,NaN,NaN,19.371,99024,21.813,-2.0785,0.89638,-10.067,-5.3917,2.9852,-5.5314,NaN,NaN,NaN,NaN,NaN
486.39,-15.774,-9.8534,10.235,-2.708,2.004,-12.077,-6.9214,6.0759,-6.43,0,0,0,NaN,NaN,NaN,NaN,NaN,NaN,NaN,NaN,NaN,46.543,0,3696.5,0.0053322,NaN,NaN,NaN,NaN,NaN,-1,-1,-2.0755,0.89699,-10.076,-5.5118,3.089,-5.5511,NaN,NaN,NaN,NaN,NaN
486.39,-15.785,-9.8507,10.219,-1.6152,2.2534,-9.2228,-5.8662,2.6115,-6.1588,0,0,0,NaN,NaN,NaN,NaN,NaN,NaN,NaN,NaN,NaN,46.543,0,3696.5,0.0053322,NaN,NaN,NaN,NaN,NaN,-1,-1,-2.0698,0.91514,-10.094,-5.7375,3.0348,-5.5474,NaN,NaN,NaN,NaN,NaN
486.39,-15.805,-9.8425,10.189,-2.6779,2.0093,-11.109,-6.2878,5.4416,-5.5618,0.63892,0.18768,-0.92371,5.2341,22.893,-3.8258,23.793,40.059,-88.55,3.6783e+05,4.4355e+06,307.57,46.543,0,3696.5,0.0053322,0.5902,2.2404,0.21726,0.097392,19.871,98993,21.688,-2.0927,0.90886,-10.17,-5.8728,2.9759,-5.5618,23.767,1.1258,0.068773,0.16579,2.7121
486.39,-15.818,-9.8368,10.173,-2.0096,1.2074,-8.4779,-6.7476,3.8449,-5.9724,0,0,0,NaN,NaN,NaN,NaN,NaN,NaN,NaN,NaN,NaN,46.543,0,3696.5,0.0053322,NaN,NaN,NaN,NaN,NaN,-1,-1,-2.09,0.90111,-10.173,-5.9704,3.0348,-5.5755,NaN,NaN,NaN,NaN,NaN
486.4,-15.849,-9.8361,10.143,-2.2966,1.7137,-13.111,-8.0647,4.219,-6.1646,0,0,0,NaN,NaN,NaN,NaN,NaN,NaN,NaN,NaN,NaN,46.543,0,3696.5,0.0053322,NaN,NaN,NaN,NaN,NaN,-1,-1,-2.0912,0.91853,-10.204,-6.1297,3.1438,-5.5817,NaN,NaN,NaN,NaN,NaN
486.4,-15.851,-9.8259,10.114,-2.0437,1.5049,-8.7644,-5.3587,5.3357,-6.1691,0.63878,0.18781,-0.92142,NaN,NaN,NaN,NaN,NaN,NaN,NaN,NaN,NaN,46.543,0,3696.5,0.0053322,NaN,NaN,NaN,NaN,19.009,99022,21.813,-2.1001,0.91357,-10.214,-6.2679,3.0236,-5.5968,NaN,NaN,NaN,NaN,NaN
486.4,-15.866,-9.8278,10.099,-2.217,-0.13166,-9.3757,-7.1051,0.78805,-6.4809,0,0,0,NaN,NaN,NaN,NaN,NaN,NaN,NaN,NaN,NaN,46.543,0,3696.5,0.0053322,0.60772,2.2332,0.2349,0.071587,NaN,-1,-1,-2.0984,0.89476,-10.213,-6.3502,2.9806,-5.6101,NaN,NaN,NaN,NaN,NaN
486.4,-15.885,-9.8295,10.085,-1.742,0.78084,-11.616,-9.1904,0.78008,-6.1478,0,0,0,NaN,NaN,NaN,NaN,NaN,NaN,NaN,NaN,NaN,46.543,0,3696.5,0.0053322,NaN,NaN,NaN,NaN,19.269,99023,21.875,-2.1182,0.89714,-10.3,-6.3645,3.0853,-5.6182,NaN,NaN,NaN,NaN,NaN
486.41,-15.9,-9.8205,10.069,-2.4017,3.7711,-12.137,-7.5785,5.0802,-5.6236,0,0,0,NaN,NaN,NaN,NaN,NaN,NaN,NaN,NaN,NaN,46.543,0,3696.5,0.0053322,NaN,NaN,NaN,NaN,NaN,-1,-1,-2.1177,0.87194,-10.307,-6.3899,3.0682,-5.6351,NaN,NaN,NaN,NaN,NaN
486.41,-15.908,-9.8141,10.051,-2.5966,0.049017,-9.2602,-4.9046,4.182,-6.1437,0.63872,0.19042,-0.91913,NaN,NaN,NaN,NaN,NaN,NaN,NaN,NaN,NaN,46.543,0,3696.5,0.0053322,NaN,NaN,NaN,NaN,NaN,-1,-1,-2.1111,0.87385,-10.342,-6.3722,3.0071,-5.6691,NaN,NaN,NaN,NaN,NaN
486.41,-15.922,-9.8159,10.039,-1.946,1.3271,-10.826,-6.6821,0.44353,-5.1818,0,0,0,NaN,NaN,NaN,NaN,NaN,NaN,NaN,NaN,NaN,46.543,0,3696.5,0.0053322,NaN,NaN,NaN,NaN,19.265,99003,21.75,-2.1104,0.8892,-10.351,-6.4131,3.1574,-5.6791,NaN,NaN,NaN,NaN,NaN
486.41,-15.937,-9.8083,10.023,-2.6704,1.88,-10.036,-7.4827,4.5657,-5.7846,0,0,0,NaN,NaN,NaN,NaN,NaN,NaN,NaN,NaN,NaN,46.543,0,3696.5,0.0053322,NaN,NaN,NaN,NaN,NaN,-1,-1,-2.1024,0.88497,-10.349,-6.3856,3.1426,-5.7107,NaN,NaN,NaN,NaN,NaN
486.42,-15.95,-9.8046,10.006,-1.8644,-0.99013,-10.485,-6.9633,3.1765,-6.5173,0,0,0,NaN,NaN,NaN,NaN,NaN,NaN,NaN,NaN,NaN,46.543,0,3696.5,0.0053322,0.59513,2.232,0.21847,0.10572,NaN,-1,-1,-2.1098,0.89613,-10.383,-6.3088,2.8991,-5.7519,NaN,NaN,NaN,NaN,NaN
486.42,-15.966,-9.8037,9.9919,-1.4031,-0.034049,-10.18,-7.5627,1.735,-5.6584,0.64658,0.19491,-0.92532,NaN,NaN,NaN,NaN,NaN,NaN,NaN,NaN,NaN,46.543,0,3696.5,0.0053322,NaN,NaN,NaN,NaN,19.561,99001,21.75,-2.1074,0.87944,-10.367,-6.2912,3.1072,-5.7671,NaN,NaN,NaN,NaN,NaN
486.42,-15.976,-9.8004,9.9756,-2.6411,1.0575,-11.615,-5.4198,2.9189,-6.2739,0,0,0,NaN,NaN,NaN,NaN,NaN,NaN,NaN,NaN,NaN,46.572,0,3703.7,0.0069644,NaN,NaN,NaN,NaN,NaN,-1,-1,-2.1112,0.88772,-10.368,-6.2215,2.7995,-5.8044,NaN,NaN,NaN,NaN,NaN
486.42,-15.986,-9.7969,9.96,-2.325,1.9416,-9.0216,-5.4601,2.9106,-6.0159,0,0,0,NaN,NaN,NaN,NaN,NaN,NaN,NaN,NaN,NaN,46.572,0,3703.7,0.0069644,NaN,NaN,NaN,NaN,19.56,99005,21.75,-2.1002,0.87205,-10.352,-6.1172,2.9267,-5.8435,NaN,NaN,NaN,NaN,NaN
486.43,-15.999,-9.7942,9.945,-1.0094,-0.34636,-10.83,-6.6378,2.5828,-5.8619,0,0,0,NaN,NaN,NaN,NaN,NaN,NaN,NaN,NaN,NaN,46.572,0,3703.7,0.0069644,NaN,NaN,NaN,NaN,NaN,-1,-1,-2.1028,0.8782,-10.374,-5.979,3.1624,-5.8718,NaN,NaN,NaN,NaN,NaN
486.43,-16.008,-9.7927,9.9307,-2.9357,2.0628,-11.602,-5.2702,1.9219,-5.597,0.63427,0.20029,-0.92183,NaN,NaN,NaN,NaN,NaN,NaN,NaN,NaN,NaN,46.572,0,3703.7,0.0069644,0.58199,2.2213,0.213,NaN,NaN,-1,-1,-2.0973,0.86691,-10.391,-5.6533,3.1038,-5.6653,NaN,NaN,NaN,NaN,NaN
486.43,-16.016,-9.7822,9.9143,-2.6005,1.8609,-11.346,-4.6937,5.7124,-5.5356,0,0,0,NaN,NaN,NaN,NaN,NaN,NaN,NaN,NaN,NaN,46.572,0,3703.7,0.0069644,NaN,NaN,NaN,NaN,19.375,99002,21.813,-2.1018,0.87697,-10.39,-5.4155,2.8843,-5.6755,NaN,NaN,NaN,NaN,NaN
486.43,-16.022,-9.7831,9.9028,-1.6388,0.84675,-9.0983,-3.4364,0.80833,-4.9365,0,0,0,NaN,NaN,NaN,NaN,NaN,NaN,NaN,NaN,NaN,46.572,0,3703.7,0.0069644,NaN,NaN,NaN,NaN,NaN,-1,-1,-2.1088,0.90332,-10.382,-5.2949,2.8928,-5.6686,NaN,NaN,NaN,NaN,NaN
486.44,-16.031,-9.7741,9.8879,-2.5989,1.4326,-9.7055,-5.1791,4.9342,-5.1341,0,0,0,NaN,NaN,NaN,NaN,NaN,NaN,NaN,NaN,NaN,46.572,0,3703.7,0.0069644,NaN,NaN,NaN,NaN,NaN,-1,-1,-2.1105,0.89834,-10.397,-5.0853,2.9756,-5.6566,NaN,NaN,NaN,NaN,NaN
486.44,-16.04,-9.77,9.8723,-2.1783,-0.21428,-10.489,-5.1381,3.1564,-5.8428,0.6369,0.19753,-0.92619,NaN,NaN,NaN,NaN,NaN,NaN,NaN,NaN,NaN,46.572,0,3703.7,0.0069644,NaN,NaN,NaN,NaN,19.287,98998,21.75,-2.111,0.88134,-10.395,-4.9291,2.9493,-5.673,NaN,NaN,NaN,NaN,NaN
486.44,-16.053,-9.7729,9.8603,-1.5267,-0.46672,-11.04,-6.3464,0.075057,-5.3494,0,0,0,NaN,NaN,NaN,NaN,NaN,NaN,NaN,NaN,NaN,46.572,0,3703.7,0.0069644,0.60937,2.247,0.2349,0.07242,NaN,-1,-1,-2.1138,0.89358,-10.392,-4.5789,2.7394,-5.4502,NaN,NaN,NaN,NaN,NaN
486.44,-16.058,-9.7669,9.8452,-2.255,1.7287,-12.534,-3.5923,3.8214,-5.5545,0,0,0,NaN,NaN,NaN,NaN,NaN,NaN,NaN,NaN,NaN,46.572,0,3703.7,0.0069644,NaN,NaN,NaN,NaN,19.5,98989,21.75,-2.1116,0.90199,-10.394,-4.3744,2.8314,-5.4416,NaN,NaN,NaN,NaN,NaN
486.45,-16.063,-9.7575,9.8302,-2.2988,0.95322,-7.9844,-3.4026,5.1406,-5.1221,0,0,0,NaN,NaN,NaN,NaN,NaN,NaN,NaN,NaN,NaN,46.572,0,3703.7,0.0069644,NaN,NaN,NaN,NaN,NaN,-1,-1,-2.1134,0.90096,-10.415,-4.0793,2.8108,-5.4101,NaN,NaN,NaN,NaN,NaN
486.45,-16.072,-9.7586,9.8172,-1.1756,0.41791,-9.2925,-4.6175,0.77659,-5.3475,0.64367,0.19283,-0.91868,NaN,NaN,NaN,NaN,NaN,NaN,NaN,NaN,NaN,46.572,0,3703.7,0.0069644,NaN,NaN,NaN,NaN,NaN,-1,-1,-2.1099,0.91107,-10.446,-3.8374,2.8497,-5.3386,NaN,NaN,NaN,NaN,NaN
486.45,-16.079,-9.7617,9.8049,-2.802,1.5733,-13.466,-4.0657,0.029794,-5.4951,0,0,0,NaN,NaN,NaN,NaN,NaN,NaN,NaN,NaN,NaN,46.572,0,3703.7,0.0069644,NaN,NaN,NaN,NaN,19.223,99020,21.813,-2.119,0.92001,-10.462,-3.551,2.8767,-5.2847,NaN,NaN,NaN,NaN,NaN
486.45,-16.081,-9.752,9.7896,-2.5985,3.0383,-12.489,-2.3425,5.2937,-5.2254,0,0,0,NaN,NaN,NaN,NaN,NaN,NaN,NaN,NaN,NaN,46.572,0,3703.7,0.0069644,NaN,NaN,NaN,NaN,NaN,-1,-1,-2.1151,0.94826,-10.457,-3.3761,2.9919,-5.2422,NaN,NaN,NaN,NaN,NaN
486.46,-16.081,-9.744,9.7742,-1.8429,-0.16914,-7.8921,-1.7094,4.6433,-5.4071,0,0,0,NaN,NaN,NaN,NaN,NaN,NaN,NaN,NaN,NaN,46.572,0,3703.7,0.0069644,0.66357,2.1378,0.28846,0.016648,NaN,-1,-1,-2.1221,0.95805,-10.437,-3.1108,3.0539,-5.1993,NaN,NaN,NaN,NaN,NaN
486.46,-16.086,-9.7474,9.7633,-2.023,1.9042,-10.086,-2.9091,-0.25451,-4.8178,0.64671,0.19478,-0.92761,NaN,NaN,NaN,NaN,NaN,NaN,NaN,NaN,NaN,46.572,0,3703.7,0.0069644,NaN,NaN,NaN,NaN,19.094,99003,21.75,-2.1235,0.93566,-10.467,-2.8669,2.9482,-5.1689,NaN,NaN,NaN,NaN,NaN
486.46,-16.09,-9.7393,9.7481,-3.0286,0.33229,-12.688,-3.1945,4.6387,-5.3568,0,0,0,NaN,NaN,NaN,NaN,NaN,NaN,NaN,NaN,NaN,46.572,0,3703.7,0.0069644,NaN,NaN,NaN,NaN,NaN,-1,-1,-2.1196,0.95723,-10.46,-2.7357,2.9175,-5.1464,NaN,NaN,NaN,NaN,NaN
486.46,-16.095,-9.7323,9.7344,-1.1779,-0.7536,-9.0367,-3.3786,4.0997,-4.8747,0,0,0,NaN,NaN,NaN,NaN,NaN,NaN,NaN,NaN,NaN,46.572,0,3703.7,0.0069644,NaN,NaN,NaN,NaN,19.392,99001,21.75,-2.1223,0.9723,-10.46,-2.6298,2.9964,-5.1058,NaN,NaN,NaN,NaN,NaN
486.47,-16.099,-9.7382,9.7225,-1.5632,0.72744,-11.061,-2.8334,-1.0933,-5.636,0,0,0,NaN,NaN,NaN,NaN,NaN,NaN,NaN,NaN,NaN,46.572,0,3703.7,0.0069644,0.59458,2.2279,0.2276,0.07242,NaN,-1,-1,-2.1222,0.96203,-10.467,-2.4293,3.0075,-5.1071,NaN,NaN,NaN,NaN,NaN
486.47,-16.102,-9.7338,9.7094,-2.6428,1.3572,-12.213,-2.3227,2.9154,-4.8194,0.639,0.19526,-0.9214,NaN,NaN,NaN,NaN,NaN,NaN,NaN,NaN,NaN,46.572,0,3703.7,0.0069644,0.59458,2.2279,0.2276,0.07242,NaN,-1,-1,-2.1226,0.98744,-10.457,-2.2516,2.9284,-5.0517,NaN,NaN,NaN,NaN,NaN
486.47,-16.104,-9.7174,9.6926,-1.9749,0.88338,-9.5719,-2.3755,8.0357,-4.9913,0,0,0,NaN,NaN,NaN,NaN,NaN,NaN,NaN,NaN,NaN,46.572,0,3703.7,0.0069644,NaN,NaN,NaN,NaN,19.519,99002,21.75,-2.1219,0.98611,-10.477,-2.1003,2.9811,-5.0156,NaN,NaN,NaN,NaN,NaN
486.47,-16.107,-9.7208,9.6808,-1.7389,0.77376,-9.1235,-2.2679,-0.128,-5.3672,0,0,0,NaN,NaN,NaN,NaN,NaN,NaN,NaN,NaN,NaN,46.572,0,3703.7,0.0069644,NaN,NaN,NaN,NaN,NaN,-1,-1,-2.1235,0.99652,-10.465,-1.9657,3.0289,-5.0012,NaN,NaN,NaN,NaN,NaN
486.48,-16.106,-9.71,9.6533,-3.1675,0.17465,-11.779,-0.54832,8.3192,-5.1403,0.63886,0.19538,-0.91911,NaN,NaN,NaN,NaN,NaN,NaN,NaN,NaN,NaN,46.572,0,3703.7,0.0069644,NaN,NaN,NaN,NaN,NaN,-1,-1,-2.1213,0.98558,-10.449,-1.9318,3.0309,-4.9784,NaN,NaN,NaN,NaN,NaN
486.48,-16.104,-9.7074,9.6425,-1.687,1.43,-8.4437,-0.45103,2.0608,-4.299,0,0,0,NaN,NaN,NaN,NaN,NaN,NaN,NaN,NaN,NaN,46.572,0,3703.7,0.0069644,NaN,NaN,NaN,NaN,19.479,98985,21.75,-2.1155,0.9695,-10.451,-1.8125,3.0115,-4.9747,NaN,NaN,NaN,NaN,NaN
486.48,-16.106,-9.7075,9.6311,-2.2561,1.2718,-10.131,-2.0368,1.0814,-4.8173,0,0,0,NaN,NaN,NaN,NaN,NaN,NaN,NaN,NaN,NaN,46.572,0,3703.7,0.0069644,0.60499,2.244,0.2276,0.074917,19.136,98968,21.625,-2.1196,0.99009,-10.486,-1.7013,2.9979,-4.9688,NaN,NaN,NaN,NaN,NaN
486.48,-16.107,-9.7045,9.6173,-2.0068,-1.3547,-11.46,-1.7911,2.5696,-5.3703,0,0,0,NaN,NaN,NaN,NaN,NaN,NaN,NaN,NaN,NaN,46.572,0,3703.7,0.0069644,NaN,NaN,NaN,NaN,NaN,-1,-1,-2.1183,0.99785,-10.464,-1.6568,3.0364,-4.9577,NaN,NaN,NaN,NaN,NaN
486.49,-16.112,-9.6972,9.6032,-1.8729,1.1239,-10.464,-3.1694,4.1494,-4.8401,0.64152,0.2028,-0.91887,NaN,NaN,NaN,NaN,NaN,NaN,NaN,NaN,NaN,46.572,0,3703.7,0.0069644,NaN,NaN,NaN,NaN,NaN,-1,-1,-2.1132,0.98503,-10.439,-1.6409,2.9697,-4.9616,NaN,NaN,NaN,NaN,NaN
486.49,-16.109,-9.6983,9.5915,-1.6971,2.0181,-10.095,-0.25055,0.72273,-5.0132,0,0,0,NaN,NaN,NaN,NaN,NaN,NaN,NaN,NaN,NaN,46.572,0,3703.7,0.0069644,NaN,NaN,NaN,NaN,NaN,-1,-1,-2.1098,0.99675,-10.456,-1.6018,2.9882,-4.9608,NaN,NaN,NaN,NaN,NaN
486.49,-16.111,-9.6908,9.577,-2.6854,0.14726,-11.196,-1.8883,4.3588,-5.1608,0,0,0,NaN,NaN,NaN,NaN,NaN,NaN,NaN,NaN,NaN,46.572,0,3703.7,0.0069644,NaN,NaN,NaN,NaN,19.393,99019,21.813,-2.117,0.9851,-10.456,-1.5419,3.0145,-4.9523,NaN,NaN,NaN,NaN,NaN
486.49,-16.116,-9.6868,9.5521,-2.2546,2.981,-11.775,-1.646,1.0608,-4.82,0.63154,0.19039,-0.92207,NaN,NaN,NaN,NaN,NaN,NaN,NaN,NaN,NaN,46.572,0,3703.7,0.0069644,0.58582,2.2291,0.22091,NaN,NaN,-1,-1,-2.1115,0.99724,-10.459,-1.492,3.0487,-4.9438,NaN,NaN,NaN,NaN,NaN
486.5,-16.111,-9.677,9.5376,-3.0506,1.1529,-10.644,0.64469,5.2318,-4.9124,0,0,0,NaN,NaN,NaN,NaN,NaN,NaN,NaN,NaN,NaN,46.572,0,3703.7,0.0069644,NaN,NaN,NaN,0.09656,NaN,-1,-1,-2.1019,0.99453,-10.448,-1.454,3.0295,-4.9456,NaN,NaN,NaN,NaN,NaN
486.5,-16.11,-9.6735,9.5266,-1.687,0.16777,-10.375,-0.7983,2.4313,-4.2434,0,0,0,NaN,NaN,NaN,NaN,NaN,NaN,NaN,NaN,NaN,46.572,0,3703.7,0.0069644,NaN,NaN,NaN,NaN,19.751,99029,21.875,-2.1086,1.0075,-10.465,-1.4946,2.9514,-4.9469,NaN,NaN,NaN,NaN,NaN
486.5,-16.112,-9.6702,9.5147,-2.4961,2.1403,-9.6437,-2.3566,2.4863,-4.6231,0,0,0,NaN,NaN,NaN,NaN,NaN,NaN,NaN,NaN,NaN,46.572,0,3703.7,0.0069644,NaN,NaN,NaN,NaN,NaN,-1,-1,-2.1049,1.0083,-10.449,-1.5068,2.8754,-4.9554,NaN,NaN,NaN,NaN,NaN
486.5,-16.112,-9.664,9.4999,-2.0479,-0.19666,-11.326,-1.1035,3.7736,-5.2143,0.63663,0.19778,-0.92161,NaN,NaN,NaN,NaN,NaN,NaN,NaN,NaN,NaN,46.572,0,3703.7,0.0069644,NaN,NaN,NaN,NaN,19.246,99012,21.813,-2.0938,1.0206,-10.469,-1.4807,2.9945,-4.9443,NaN,NaN,NaN,NaN,NaN
486.51,-16.116,-9.6598,9.4864,-1.4097,-0.3722,-10.009,-3.0201,2.9788,-5.131,0,0,0,NaN,NaN,NaN,NaN,NaN,NaN,NaN,NaN,NaN,46.572,0,3703.7,0.0069644,NaN,NaN,NaN,NaN,NaN,-1,-1,-2.1081,1.0264,-10.465,-1.5617,3.0223,-4.9708,NaN,NaN,NaN,NaN,NaN
486.51,-16.116,-9.6611,9.4746,-2.2776,1.2712,-11.339,-1.4103,0.69712,-5.0756,0,0,0,NaN,NaN,NaN,NaN,NaN,NaN,NaN,NaN,NaN,46.572,0,3703.7,0.0069644,0.60882,2.232,0.23612,0.07242,NaN,-1,-1,-2.098,1.0225,-10.461,-1.6821,2.7998,-4.9961,NaN,NaN,NaN,NaN,NaN
486.51,-16.117,-9.6553,9.4604,-2.4655,2.173,-10.916,-1.5523,3.6513,-5.2249,0,0,0,NaN,NaN,NaN,NaN,NaN,NaN,NaN,NaN,NaN,46.572,0,3703.7,0.0069644,NaN,NaN,NaN,NaN,19.052,98999,21.75,-2.0883,1.0058,-10.429,-1.7272,2.8456,-5.0334,NaN,NaN,NaN,NaN,NaN
486.51,-16.121,-9.6479,9.445,-1.319,-0.39285,-10.141,-2.9042,4.4074,-5.3777,0.63418,0.18762,-0.92644,NaN,NaN,NaN,NaN,NaN,NaN,NaN,NaN,NaN,46.572,0,3703.7,0.0069644,NaN,NaN,NaN,NaN,NaN,-1,-1,-2.0874,1.0093,-10.45,-1.711,2.9329,-5.0519,NaN,NaN,NaN,NaN,NaN
486.52,-16.123,-9.6466,9.4327,-2.3402,1.9632,-10.689,-2.4325,1.7028,-5.004,0,0,0,NaN,NaN,NaN,NaN,NaN,NaN,NaN,NaN,NaN,46.572,0,3703.7,0.0069644,NaN,NaN,NaN,NaN,NaN,-1,-1,-2.0914,1.0032,-10.487,-1.7494,2.8783,-5.0448,NaN,NaN,NaN,NaN,NaN
486.52,-16.122,-9.6435,9.4196,-2.8655,2.3691,-11.519,-0.75791,2.5325,-5.1045,0,0,0,NaN,NaN,NaN,NaN,NaN,NaN,NaN,NaN,NaN,46.572,0,3703.7,0.0069644,NaN,NaN,NaN,NaN,19.436,98994,21.75,-2.0842,1.0188,-10.452,-1.8521,2.9148,-5.0585,NaN,NaN,NaN,NaN,NaN
486.52,-16.122,-9.636,9.4071,-1.48,0.77519,-11.006,-1.0332,4.1269,-4.3944,0,0,0,NaN,NaN,NaN,NaN,NaN,NaN,NaN,NaN,NaN,46.572,0,3703.7,0.0069644,NaN,NaN,NaN,NaN,NaN,-1,-1,-2.0802,1.042,-10.448,-1.9288,2.9837,-5.0651,NaN,NaN,NaN,NaN,NaN
486.52,-16.124,-9.6314,9.3931,-2.5317,0.89337,-8.6284,-2.3741,3.1051,-5.1145,0.63203,0.19759,-0.92663,NaN,NaN,NaN,NaN,NaN,NaN,NaN,NaN,NaN,46.572,0,3703.7,0.0069644,NaN,NaN,NaN,NaN,19.351,99017,21.813,-2.0911,1.0306,-10.464,-2.0023,2.832,-5.1014,NaN,NaN,NaN,NaN,NaN
486.53,-16.129,-9.6266,9.3793,-2.3447,0.95294,-11.002,-3.2037,3.2338,-5.1773,0,0,0,NaN,NaN,NaN,NaN,NaN,NaN,NaN,NaN,NaN,46.572,0,3703.7,0.0069644,NaN,NaN,NaN,NaN,NaN,-1,-1,-2.078,1.0305,-10.46,-2.1045,2.7505,-5.129,NaN,NaN,NaN,NaN,NaN
486.53,-16.133,-9.6247,9.3655,-1.3786,-0.64904,-10.533,-3.1574,2.1339,-5.4958,0,0,0,NaN,NaN,NaN,NaN,NaN,NaN,NaN,NaN,NaN,46.572,0,3703.7,0.0069644,NaN,NaN,NaN,NaN,NaN,-1,-1,-2.0816,1.0244,-10.455,-2.282,2.8968,-5.1387,NaN,NaN,NaN,NaN,NaN
486.53,-16.134,-9.6235,9.3529,-2.0164,1.4985,-10.965,-1.5913,1.7413,-5.1091,0,0,0,NaN,NaN,NaN,NaN,NaN,NaN,NaN,NaN,NaN,46.621,0,3702.3,0.0080533,NaN,NaN,NaN,NaN,19.304,98982,21.625,-2.0655,0.99536,-10.418,-2.4275,2.8375,-5.2066,NaN,NaN,NaN,NaN,NaN
486.53,-16.137,-9.6185,9.3384,-2.4011,0.82603,-10.652,-2.6751,3.3473,-5.3365,0.63203,0.19759,-0.92663,NaN,NaN,NaN,NaN,NaN,NaN,NaN,NaN,NaN,46.621,0,3702.3,0.0080533,0.59842,2.232,0.23186,0.07242,NaN,-1,-1,-2.0645,1.0166,-10.446,-2.5009,2.9245,-5.2379,NaN,NaN,NaN,NaN,NaN
486.54,-16.142,-9.6139,9.324,-1.2646,0.9978,-9.2032,-3.11,3.2416,-5.4069,0,0,0,NaN,NaN,NaN,NaN,NaN,NaN,NaN,NaN,NaN,46.621,0,3702.3,0.0080533,NaN,NaN,NaN,NaN,NaN,-1,-1,-2.0554,1.0071,-10.45,-2.5609,2.8652,-5.237,NaN,NaN,NaN,NaN,NaN
486.54,-16.146,-9.6145,9.3105,-2.4537,1.1738,-12.564,-3.1474,1.1528,-5.6719,0,0,0,NaN,NaN,NaN,NaN,NaN,NaN,NaN,NaN,NaN,46.621,0,3702.3,0.0080533,NaN,NaN,NaN,NaN,19.351,99020,21.813,-2.046,1.005,-10.438,-2.6518,2.91,-5.2592,NaN,NaN,NaN,NaN,NaN
486.54,-16.147,-9.6094,9.2967,-2.5546,2.6216,-10.687,-1.6235,3.343,-5.1481,0,0,0,NaN,NaN,NaN,NaN,NaN,NaN,NaN,NaN,NaN,46.621,0,3702.3,0.0080533,NaN,NaN,NaN,NaN,NaN,-1,-1,-2.0444,1.0402,-10.448,-2.806,2.8921,-5.2935,NaN,NaN,NaN,NaN,NaN
486.54,-16.149,-9.6003,9.2807,-2.0258,0.18935,-9.8446,-2.1452,5.0623,-5.3465,0.63231,0.20244,-0.9289,NaN,NaN,NaN,NaN,NaN,NaN,NaN,NaN,NaN,46.621,0,3702.3,0.0080533,NaN,NaN,NaN,NaN,19.011,99027,21.875,-2.053,1.0263,-10.452,-3.0065,2.8754,-5.3197,NaN,NaN,NaN,NaN,NaN
486.55,-16.15,-9.6034,9.2696,-2.346,2.3058,-8.887,-1.7508,-0.099809,-5.0113,0,0,0,NaN,NaN,NaN,NaN,NaN,NaN,NaN,NaN,NaN,46.621,0,3702.3,0.0080533,0.59404,2.1032,0.29758,0.042453,NaN,-1,-1,-2.0425,0.99716,-10.425,-3.0726,2.8119,-5.3537,NaN,NaN,NaN,NaN,NaN
486.55,-16.156,-9.5979,9.2556,-2.3184,0.5487,-12.782,-3.6776,3.5223,-5.1822,0,0,0,NaN,NaN,NaN,NaN,NaN,NaN,NaN,NaN,NaN,46.621,0,3702.3,0.0080533,NaN,2.1032,NaN,NaN,NaN,-1,-1,-2.034,1.0133,-10.432,-3.2103,2.8297,-5.4064,NaN,NaN,NaN,NaN,NaN
486.55,-16.163,-9.5923,9.2401,-1.6158,-1.5353,-9.4945,-4.2448,3.7679,-5.7316,0,0,0,NaN,NaN,NaN,NaN,NaN,NaN,NaN,NaN,NaN,46.621,0,3702.3,0.0080533,NaN,NaN,NaN,NaN,18.812,98992,21.688,-2.0377,1.0058,-10.462,-3.4319,2.7428,-5.4425,NaN,NaN,NaN,NaN,NaN
486.55,-16.17,-9.5902,9.2261,-1.774,1.7281,-10.506,-4.2713,2.1807,-5.4609,0.63189,0.19263,-0.92664,NaN,NaN,NaN,NaN,NaN,NaN,NaN,NaN,NaN,46.621,0,3702.3,0.0080533,NaN,NaN,NaN,NaN,NaN,-1,-1,-2.0371,0.97537,-10.436,-3.7403,2.886,-5.674,NaN,NaN,NaN,NaN,NaN
486.56,-16.178,-9.5807,9.196,-2.0766,0.53961,-10.857,-3.2761,5.8946,-5.6085,0,0,0,NaN,NaN,NaN,NaN,NaN,NaN,NaN,NaN,NaN,46.621,0,3702.3,0.0080533,NaN,NaN,NaN,NaN,NaN,-1,-1,-2.0154,0.96531,-10.376,-3.8137,2.8291,-5.6635,NaN,NaN,NaN,NaN,NaN
486.56,-16.186,-9.5796,9.1812,-1.7422,0.56623,-9.9957,-4.8813,1.9249,-5.9543,0,0,0,NaN,NaN,NaN,NaN,NaN,NaN,NaN,NaN,NaN,46.621,0,3702.3,0.0080533,0.58747,2.1008,0.29454,NaN,19.049,98995,21.688,-2.0241,0.95875,-10.427,-3.9362,2.8214,-5.6535,NaN,NaN,NaN,NaN,NaN
486.56,-16.192,-9.5829,9.1694,-2.0673,3.2081,-11.735,-3.6965,-0.14742,-5.1606,0.62709,0.19518,-0.92707,NaN,NaN,NaN,NaN,NaN,NaN,NaN,NaN,NaN,46.621,0,3702.3,0.0080533,NaN,NaN,NaN,0.042453,19.307,99047,21.875,-2.0146,0.97306,-10.413,-3.9694,2.8481,-5.6377,NaN,NaN,NaN,NaN,NaN
486.56,-16.195,-9.5716,9.153,-2.9163,0.58489,-12.07,-2.5985,6.0382,-5.44,0,0,0,NaN,NaN,NaN,NaN,NaN,NaN,NaN,NaN,NaN,46.621,0,3702.3,0.0080533,NaN,NaN,NaN,NaN,NaN,-1,-1,-2.0255,0.97327,-10.418,-4.3963,2.8992,-5.8342,NaN,NaN,NaN,NaN,NaN
486.57,-16.201,-9.5657,9.1397,-2.0605,1.3401,-9.1559,-3.4863,3.6147,-4.8615,0,0,0,NaN,NaN,NaN,NaN,NaN,NaN,NaN,NaN,NaN,46.621,0,3702.3,0.0080533,NaN,NaN,NaN,NaN,NaN,-1,-1,-2.0003,0.96193,-10.343,-4.4689,2.7963,-5.7758,NaN,NaN,NaN,NaN,NaN
486.57,-16.21,-9.5639,9.1255,-1.7782,1.25,-9.5311,-5.0549,2.1451,-5.673,0,0,0,NaN,NaN,NaN,NaN,NaN,NaN,NaN,NaN,NaN,46.621,0,3702.3,0.0080533,NaN,NaN,NaN,NaN,NaN,-1,-1,-1.9907,0.95257,-10.334,-4.5146,2.7144,-5.7314,NaN,NaN,NaN,NaN,NaN
486.57,-16.219,-9.565,9.1109,-2.2027,-1.1864,-11.297,-5.2084,1.0192,-5.9894,0.62967,0.20011,-0.92684,NaN,NaN,NaN,NaN,NaN,NaN,NaN,NaN,NaN,46.621,0,3702.3,0.0080533,NaN,NaN,NaN,NaN,19.01,99015,21.813,-2.0004,0.93642,-10.359,-4.6534,2.7475,-5.7276,NaN,NaN,NaN,NaN,NaN
486.57,-16.237,-9.5562,9.0797,-1.7114,0.56004,-10.201,-4.2124,2.7906,-6.081,0,0,0,NaN,NaN,NaN,NaN,NaN,NaN,NaN,NaN,NaN,46.621,0,3702.3,0.0080533,0.66028,2.1557,0.28906,-0.0058269,NaN,-1,-1,-1.9875,0.93476,-10.378,-4.7971,2.6002,-5.7049,NaN,NaN,NaN,NaN,NaN
486.58,-16.248,-9.5563,9.0652,-2.1591,1.6133,-9.8578,-5.9302,1.4291,-5.9855,0,0,0,NaN,NaN,NaN,NaN,NaN,NaN,NaN,NaN,NaN,46.621,0,3702.3,0.0080533,NaN,NaN,NaN,NaN,NaN,-1,-1,-1.9857,0.93239,-10.381,-4.8552,2.62,-5.6949,NaN,NaN,NaN,NaN,NaN
486.58,-16.261,-9.5544,9.0495,-1.7376,0.47762,-12.407,-6.4183,2.3006,-6.0445,0.62716,0.19766,-0.92707,NaN,NaN,NaN,NaN,NaN,NaN,NaN,NaN,NaN,46.621,0,3702.3,0.0080533,NaN,NaN,NaN,NaN,18.965,99006,21.75,-1.9847,0.92229,-10.403,-4.9212,2.5764,-5.6405,NaN,NaN,NaN,NaN,NaN
486.58,-16.272,-9.5486,9.0342,-2.052,2.53,-10.611,-5.825,3.7945,-5.629,0,0,0,NaN,NaN,NaN,NaN,NaN,NaN,NaN,NaN,NaN,46.621,0,3702.3,0.0080533,NaN,NaN,NaN,NaN,NaN,-1,-1,-1.9809,0.9407,-10.401,-5.0104,2.6214,-5.6235,NaN,NaN,NaN,NaN,NaN
486.58,-16.278,-9.5459,9.0177,-2.8824,0.91215,-10.531,-4.0548,2.7424,-6.4344,0,0,0,NaN,NaN,NaN,NaN,NaN,NaN,NaN,NaN,NaN,46.621,0,3702.3,0.0080533,NaN,NaN,NaN,NaN,19.005,99005,21.688,-1.9803,0.94062,-10.417,-5.2282,2.5824,-5.6093,NaN,NaN,NaN,NaN,NaN
486.59,-16.288,-9.5472,9.0057,-1.6461,0.77412,-11.121,-5.2423,0.72187,-5.1702,0,0,0,NaN,NaN,NaN,NaN,NaN,NaN,NaN,NaN,NaN,46.621,0,3702.3,0.0080533,0.65481,2.1276,0.2848,0.021643,NaN,-1,-1,-1.9847,0.93144,-10.43,-5.4389,2.4866,-5.5952,NaN,NaN,NaN,NaN,NaN
486.59,-16.299,-9.5387,8.9878,-2.3699,1.8829,-10.007,-5.9983,5.0884,-6.1187,0.6342,0.19781,-0.92183,NaN,NaN,NaN,NaN,NaN,NaN,NaN,NaN,NaN,46.621,0,3702.3,0.0080533,NaN,NaN,NaN,NaN,NaN,-1,-1,-1.9759,0.92821,-10.41,-5.5425,2.511,-5.5879,NaN,NaN,NaN,NaN,NaN
486.59,-16.311,-9.5326,8.9706,-2.1333,-0.84286,-9.8271,-6.5065,4.137,-6.3163,0,0,0,NaN,NaN,NaN,NaN,NaN,NaN,NaN,NaN,NaN,46.621,0,3702.3,0.0080533,NaN,NaN,NaN,NaN,18.811,98995,21.688,-1.9737,0.9105,-10.399,-5.7286,2.4969,-5.6055,NaN,NaN,NaN,NaN,NaN
486.59,-16.327,-9.5374,8.957,-1.4129,-0.034646,-10.116,-7.6728,-0.4461,-6.1771,0,0,0,NaN,NaN,NaN,NaN,NaN,NaN,NaN,NaN,NaN,46.621,0,3702.3,0.0080533,NaN,NaN,NaN,NaN,NaN,-1,-1,-1.9693,0.8881,-10.389,-6.002,2.3811,-5.6184,NaN,NaN,NaN,NaN,NaN
486.6,-16.339,-9.5359,8.9406,-1.9544,1.7151,-12.685,-6.0773,2.2837,-6.5283,0,0,0,NaN,NaN,NaN,NaN,NaN,NaN,NaN,NaN,NaN,46.621,0,3702.3,0.0080533,NaN,NaN,NaN,NaN,NaN,-1,-1,-1.9569,0.88091,-10.371,-6.2667,2.3431,-5.6775,NaN,NaN,NaN,NaN,NaN
486.6,-16.351,-9.5301,8.9228,-2.227,1.1273,-9.5547,-6.5827,4.0395,-6.4162,0.6296,0.20272,-0.92454,NaN,NaN,NaN,NaN,NaN,NaN,NaN,NaN,NaN,46.621,0,3702.3,0.0080533,0.59568,2.1217,0.29758,0.043285,18.681,99009,21.75,-1.9505,0.87651,-10.376,-6.4088,2.3199,-5.6987,NaN,NaN,NaN,NaN,NaN
486.6,-16.368,-9.5293,8.9067,-1.463,-0.19157,-10.158,-8.2124,1.9844,-6.4758,0,0,0,NaN,NaN,NaN,NaN,NaN,NaN,NaN,NaN,NaN,46.621,0,3702.3,0.0080533,NaN,NaN,NaN,NaN,NaN,-1,-1,-1.9446,0.86584,-10.397,-6.5772,2.3786,-5.7145,NaN,NaN,NaN,NaN,NaN
486.6,-16.385,-9.5256,8.8906,-2.133,1.847,-11.535,-8.2141,3.0685,-6.1734,0,0,0,NaN,NaN,NaN,NaN,NaN,NaN,NaN,NaN,NaN,46.621,0,3702.3,0.0080533,NaN,NaN,NaN,NaN,18.682,98986,21.688,-1.941,0.88116,-10.368,-6.7244,2.2587,-5.7361,NaN,NaN,NaN,NaN,NaN
486.61,-16.395,-9.5225,8.874,-2.7056,2.6079,-11.386,-5.787,2.9295,-6.3976,0,0,0,NaN,NaN,NaN,NaN,NaN,NaN,NaN,NaN,NaN,46.621,0,3702.3,0.0080533,NaN,NaN,NaN,NaN,NaN,-1,-1,-1.9322,0.89244,-10.381,-7.0146,2.2831,-5.7587,NaN,NaN,NaN,NaN,NaN
486.61,0,0,0,0,0,0,0,0,0,0,0,0,NaN,NaN,NaN,NaN,NaN,NaN,NaN,NaN,NaN,46.621,0,3702.3,0.0080533,NaN,NaN,NaN,NaN,NaN,-1,-1,-1.9402,0.86889,-10.355,-7.2558,2.3418,-5.7906,NaN,NaN,NaN,NaN,NaN
486.61,-16.411,-9.5184,8.8583,-1.9668,-0.73473,-10.011,-7.6544,3.1754,-5.8234,0.63689,0.19243,-0.92849,NaN,NaN,NaN,NaN,NaN,NaN,NaN,NaN,NaN,46.621,0,3702.3,0.0080533,NaN,NaN,NaN,NaN,18.922,99001,21.75,-1.924,0.86227,-10.327,-7.5148,2.2995,-5.8498,NaN,NaN,NaN,NaN,NaN
486.61,-16.428,-9.5182,8.8435,-1.8337,2.0402,-9.6586,-8.1103,1.627,-6.0736,0,0,0,NaN,NaN,NaN,NaN,NaN,NaN,NaN,NaN,NaN,46.621,0,3702.3,0.0080533,0.59677,2.2285,0.21056,0.10239,NaN,-1,-1,-1.9191,0.85906,-10.318,-7.7921,2.3761,-5.9223,NaN,NaN,NaN,NaN,NaN
486.62,-16.488,-9.5125,8.791,-1.7979,1.2561,-10.927,-10.133,1.7615,-6.9469,0.64169,0.18988,-0.92806,NaN,NaN,NaN,NaN,NaN,NaN,NaN,NaN,NaN,46.621,0,3702.3,0.0080533,NaN,NaN,NaN,NaN,NaN,-1,-1,-1.9162,0.84427,-10.305,-8.0775,2.3835,-5.9893,NaN,NaN,NaN,NaN,NaN
486.62,0,0,0,0,0,0,0,0,0,0,0,0,NaN,NaN,NaN,NaN,NaN,NaN,NaN,NaN,NaN,46.621,0,3702.3,0.0080533,NaN,NaN,NaN,NaN,18.661,99045,21.875,-1.8935,0.84562,-10.256,-8.2996,2.2439,-6.0255,NaN,NaN,NaN,NaN,NaN
486.62,-16.506,-9.5127,8.7736,-2.1128,1.3447,-10.737,-8.5533,1.7707,-7.0775,0,0,0,NaN,NaN,NaN,NaN,NaN,NaN,NaN,NaN,NaN,46.621,0,3702.3,0.0080533,NaN,NaN,NaN,NaN,NaN,-1,-1,-1.8868,0.83272,-10.271,-8.4727,2.4105,-6.0769,NaN,NaN,NaN,NaN,NaN
486.62,-16.527,-9.5074,8.7545,-1.7491,0.48888,-10.239,-9.9565,4.0635,-7.1101,0,0,0,NaN,NaN,NaN,NaN,NaN,NaN,NaN,NaN,NaN,46.621,0,3702.3,0.0080533,0.58966,2.2285,0.21665,NaN,18.746,98995,21.688,-1.9032,0.83609,-10.357,-8.625,2.301,-6.0923,NaN,NaN,NaN,NaN,NaN
486.63,-16.568,-9.5094,8.722,-2.1439,3.2212,-11.152,-9.1332,1.7624,-6.2781,0.64177,0.19237,-0.92805,4.7164,22.9,-3.5909,23.655,40.059,-88.55,3.6783e+05,4.4355e+06,306.72,46.621,0,3702.3,0.0080533,NaN,NaN,NaN,0.097392,NaN,-1,-1,-1.8924,0.8397,-10.338,-8.8076,2.2594,-6.1382,23.623,1.2301,0.036123,0.087615,2.9809
486.63,-16.586,-9.5023,8.7037,-2.2445,-0.88174,-10.391,-9.0594,4.696,-6.61,0,0,0,NaN,NaN,NaN,NaN,NaN,NaN,NaN,NaN,NaN,46.621,0,3702.3,0.0080533,NaN,NaN,NaN,NaN,NaN,-1,-1,-1.8918,0.85566,-10.312,-9.0399,2.1746,-6.2066,NaN,NaN,NaN,NaN,NaN
486.63,-16.609,-9.5053,8.6888,-2.0123,2.2747,-9.9794,-10.307,0.40399,-6.4398,0,0,0,NaN,NaN,NaN,NaN,NaN,NaN,NaN,NaN,NaN,46.621,0,3702.3,0.0080533,NaN,NaN,NaN,NaN,18.918,99008,21.688,-1.8922,0.8523,-10.306,-9.1305,2.0764,-6.2869,NaN,NaN,NaN,NaN,NaN
486.63,-16.631,-9.5003,8.6697,-2.3604,1.6167,-11.045,-10.642,3.9637,-7.1455,0,0,0,NaN,NaN,NaN,NaN,NaN,NaN,NaN,NaN,NaN,46.621,0,3702.3,0.0080533,NaN,NaN,NaN,NaN,NaN,-1,-1,-1.8862,0.84992,-10.241,-9.2709,2.0744,-6.3476,NaN,NaN,NaN,NaN,NaN
486.64,-16.674,-9.5029,8.6244,-1.9573,1.6161,-11.133,-11.84,0.44404,-6.8627,0,0,0,NaN,NaN,NaN,NaN,NaN,NaN,NaN,NaN,NaN,46.621,0,3702.3,0.0080533,NaN,NaN,NaN,NaN,NaN,-1,-1,-1.8964,0.83932,-10.319,-9.4826,2.0323,-6.4187,NaN,NaN,NaN,NaN,NaN
486.64,-16.693,-9.5,8.6063,-1.6755,1.8373,-12.004,-9.3879,3.0483,-7.0033,0,0,0,NaN,NaN,NaN,NaN,NaN,NaN,NaN,NaN,NaN,46.621,0,3702.3,0.0080533,0.59787,2.1068,0.29393,0.045783,19.115,98985,21.688,-1.8914,0.8323,-10.318,-9.551,2.0292,-6.4789,NaN,NaN,NaN,NaN,NaN
486.64,-16.714,-9.4955,8.5861,-2.2475,0.069859,-9.3631,-9.9257,3.8903,-7.5879,0,0,0,NaN,NaN,NaN,NaN,NaN,NaN,NaN,NaN,NaN,46.582,0.024486,3689.4,0.0075089,NaN,NaN,NaN,NaN,NaN,-1,-1,-1.8904,0.82042,-10.312,-9.5421,2.0147,-6.5579,NaN,NaN,NaN,NaN,NaN
486.64,-16.74,-9.501,8.5692,-1.4925,-0.17157,-10.65,-11.971,-0.40777,-7.2703,0.63204,0.20269,-0.92432,NaN,NaN,NaN,NaN,NaN,NaN,NaN,NaN,NaN,46.582,0.024486,3689.4,0.0075089,NaN,NaN,NaN,NaN,18.819,99054,22,-1.8803,0.80441,-10.276,-9.5894,1.9087,-6.6205,NaN,NaN,NaN,NaN,NaN
486.65,-16.763,-9.5007,8.5521,-1.7003,3.4196,-11.986,-10.96,1.9691,-6.9096,0,0,0,NaN,NaN,NaN,NaN,NaN,NaN,NaN,NaN,NaN,46.582,0.024486,3689.4,0.0075089,NaN,NaN,NaN,NaN,NaN,-1,-1,-1.8791,0.80817,-10.285,-9.6685,1.9673,-6.6966,NaN,NaN,NaN,NaN,NaN
486.65,-16.781,-9.4925,8.5315,-3.177,0.72264,-11.221,-8.9103,5.3381,-7.297,0,0,0,NaN,NaN,NaN,NaN,NaN,NaN,NaN,NaN,NaN,46.582,0.024486,3689.4,0.0075089,NaN,NaN,NaN,NaN,NaN,-1,-1,-1.8771,0.7981,-10.234,-9.6961,1.9775,-6.81,NaN,NaN,NaN,NaN,NaN
486.65,-16.8,-9.4941,8.5166,-1.6218,0.85081,-9.858,-9.117,0.99672,-6.3105,0,0,0,NaN,NaN,NaN,NaN,NaN,NaN,NaN,NaN,NaN,46.582,0.024486,3689.4,0.0075089,0.65043,2.1318,0.28906,0.015816,18.485,99020,21.813,-1.8738,0.78537,-10.252,-9.7147,1.8985,-6.8952,NaN,NaN,NaN,NaN,NaN
486.65,-16.824,-9.4924,8.4984,-1.6748,1.1063,-9.4143,-11.192,2.5125,-6.9787,0.64172,0.20516,-0.92115,NaN,NaN,NaN,NaN,NaN,NaN,NaN,NaN,NaN,46.582,0.024486,3689.4,0.0075089,NaN,NaN,NaN,NaN,NaN,-1,-1,-1.8767,0.79412,-10.243,-9.6413,1.8668,-6.9934,NaN,NaN,NaN,NaN,NaN
486.66,-16.847,-9.4921,8.4798,-2.4041,-0.47278,-10.837,-10.854,2.1186,-7.4725,0,0,0,NaN,NaN,NaN,NaN,NaN,NaN,NaN,NaN,NaN,46.582,0.024486,3689.4,0.0075089,NaN,NaN,NaN,NaN,18.484,99045,21.875,-1.8742,0.78102,-10.2,-9.5507,1.9451,-7.0913,NaN,NaN,NaN,NaN,NaN
486.66,-16.871,-9.4913,8.462,-1.4106,0.39824,-10.997,-10.917,2.241,-7.0719,0,0,0,NaN,NaN,NaN,NaN,NaN,NaN,NaN,NaN,NaN,46.582,0.024486,3689.4,0.0075089,0.63838,2.1252,0.27689,0.0083241,NaN,-1,-1,-1.8647,0.7375,-10.174,-9.5612,1.9769,-7.1956,NaN,NaN,NaN,NaN,NaN
486.66,-16.887,-9.493,8.4446,-1.952,1.2376,-11.136,-8.1836,1.2121,-7.2548,0,0,0,NaN,NaN,NaN,NaN,NaN,NaN,NaN,NaN,NaN,46.582,0.024486,3689.4,0.0075089,0.63838,2.1252,0.27689,0.0083241,18.572,99029,21.813,-1.8594,0.74214,-10.185,-9.5096,1.9836,-7.273,NaN,NaN,NaN,NaN,NaN
486.66,-16.927,-9.4913,8.4073,-1.024,-0.14233,-10.091,-9.9471,0.32871,-7.7035,0,0,0,NaN,NaN,NaN,NaN,NaN,NaN,NaN,NaN,NaN,46.582,0.024486,3689.4,0.0075089,NaN,NaN,NaN,NaN,18.981,98974,21.563,-1.8591,0.72937,-10.155,-9.3647,2.033,-7.3804,NaN,NaN,NaN,NaN,NaN
486.67,-16.947,-9.4919,8.3909,-2.5052,2.0058,-11.711,-9.3092,1.5798,-6.7471,0,0,0,NaN,NaN,NaN,NaN,NaN,NaN,NaN,NaN,NaN,46.582,0.024486,3689.4,0.0075089,NaN,NaN,NaN,NaN,NaN,-1,-1,-1.8422,0.71895,-10.116,-8.991,1.9533,-7.2581,NaN,NaN,NaN,NaN,NaN
486.67,-16.973,-9.485,8.3542,-1.4357,-1.3389,-9.3338,-7.1679,1.9899,-6.4633,0.64226,0.20466,-0.93031,NaN,NaN,NaN,NaN,NaN,NaN,NaN,NaN,NaN,46.582,0.024486,3689.4,0.0075089,0.60663,2.2386,0.23369,0.06909,18.616,99004,21.75,-1.8485,0.731,-10.117,-8.8297,1.9609,-7.2953,NaN,NaN,NaN,NaN,NaN
486.67,-16.989,-9.489,8.3382,-2.2094,2.3839,-10.124,-7.794,0.19251,-7.0154,0,0,0,NaN,NaN,NaN,NaN,NaN,NaN,NaN,NaN,NaN,46.582,0.024486,3689.4,0.0075089,NaN,NaN,NaN,NaN,19.136,99006,21.75,-1.855,0.74155,-10.095,-8.6165,1.9634,-7.3262,NaN,NaN,NaN,NaN,NaN
486.67,-17.021,-9.4802,8.2999,-0.98115,-0.8151,-8.1049,-7.8601,1.9571,-7.2041,0,0,0,NaN,NaN,NaN,NaN,NaN,NaN,NaN,NaN,NaN,46.582,0.024486,3689.4,0.0075089,NaN,NaN,NaN,NaN,NaN,-1,-1,-1.8512,0.74416,-10.053,-8.4381,2.0937,-7.3849,NaN,NaN,NaN,NaN,NaN
486.68,-17.035,-9.4878,8.2846,-1.8613,0.37168,-10.815,-7.2216,-1.2802,-7.0183,0.63928,0.2001,-0.92368,NaN,NaN,NaN,NaN,NaN,NaN,NaN,NaN,NaN,46.582,0.024486,3689.4,0.0075089,NaN,NaN,NaN,NaN,NaN,-1,-1,-1.8489,0.71848,-10.045,-7.9216,1.9984,-7.1875,NaN,NaN,NaN,NaN,NaN
486.68,-17.064,-9.4801,8.2466,-1.0438,0.55943,-10.36,-7.6399,5.0967,-7.4823,0,0,0,NaN,NaN,NaN,NaN,NaN,NaN,NaN,NaN,NaN,46.582,0.024486,3689.4,0.0075089,NaN,NaN,NaN,0.10572,18.771,99039,21.875,-1.8492,0.71257,-10.005,-7.6212,1.9469,-7.2092,NaN,NaN,NaN,NaN,NaN
486.68,-17.079,-9.4799,8.2282,-2.4489,0.10412,-10.081,-7.4726,2.0841,-7.3946,0,0,0,NaN,NaN,NaN,NaN,NaN,NaN,NaN,NaN,NaN,46.582,0.024486,3689.4,0.0075089,NaN,NaN,NaN,0.10572,18.988,99014,21.813,-1.8416,0.69699,-9.9647,-7.3257,2.0618,-7.2207,NaN,NaN,NaN,NaN,NaN
486.68,-17.109,-9.4789,8.1752,-2.4766,1.3079,-9.3835,-5.2033,2.1122,-7.1207,0,0,0,NaN,NaN,NaN,NaN,NaN,NaN,NaN,NaN,NaN,46.582,0.024486,3689.4,0.0075089,NaN,NaN,NaN,NaN,NaN,-1,-1,-1.8317,0.68494,-9.9224,-7.0004,2.1197,-7.1984,NaN,NaN,NaN,NaN,NaN
486.69,-17.123,-9.4727,8.1562,-1.5367,0.070724,-9.808,-7.4007,4.4739,-6.9145,0,0,0,NaN,NaN,NaN,NaN,NaN,NaN,NaN,NaN,NaN,46.582,0.024486,3689.4,0.0075089,NaN,NaN,NaN,NaN,NaN,-1,-1,-1.8383,0.68293,-9.9162,-6.7177,2.1651,-7.2032,NaN,NaN,NaN,NaN,NaN
486.69,-17.136,-9.477,8.1386,-1.9736,-1.4087,-10.1,-6.8228,0.25915,-7.4954,0.63719,0.20746,-0.92616,NaN,NaN,NaN,NaN,NaN,NaN,NaN,NaN,NaN,46.582,0.024486,3689.4,0.0075089,NaN,NaN,NaN,NaN,18.657,99024,21.75,-1.8317,0.68424,-9.9037,-6.4361,2.2254,-7.1932,NaN,NaN,NaN,NaN,NaN
486.69,-17.155,-9.4744,8.1024,-1.5818,0.12134,-10.858,-4.2575,2.0282,-7.3709,0,0,0,NaN,NaN,NaN,NaN,NaN,NaN,NaN,NaN,NaN,46.582,0.024486,3689.4,0.0075089,0.60663,2.1038,0.29758,0.049945,NaN,-1,-1,-1.8317,0.68251,-9.8716,-6.1288,2.39,-7.173,NaN,NaN,NaN,NaN,NaN
486.69,-17.169,-9.473,8.0838,-1.7281,0.45892,-8.9922,-7.0562,2.58,-7.3332,0,0,0,NaN,NaN,NaN,NaN,NaN,NaN,NaN,NaN,NaN,46.582,0.024486,3689.4,0.0075089,NaN,NaN,NaN,NaN,18.726,99005,21.75,-1.8401,0.69571,-9.8542,-5.8537,2.3777,-7.1645,NaN,NaN,NaN,NaN,NaN
486.7,-17.181,-9.4728,8.0642,-2.0204,1.1153,-11.628,-6.7074,2.1669,-7.6926,0.64143,0.19013,-0.92348,NaN,NaN,NaN,NaN,NaN,NaN,NaN,NaN,NaN,46.582,0.024486,3689.4,0.0075089,NaN,NaN,NaN,NaN,NaN,-1,-1,-1.8398,0.68769,-9.7921,-5.53,2.4465,-7.1535,NaN,NaN,NaN,NaN,NaN
486.7,-17.19,-9.4705,8.0463,-1.6288,1.9052,-10.599,-5.0073,2.8765,-6.9277,0,0,0,NaN,NaN,NaN,NaN,NaN,NaN,NaN,NaN,NaN,46.582,0.024486,3689.4,0.0075089,NaN,NaN,NaN,NaN,NaN,-1,-1,-1.8342,0.67673,-9.7689,-5.2065,2.5747,-7.163,NaN,NaN,NaN,NaN,NaN
486.7,-17.194,-9.4691,8.0276,-2.5559,0.45907,-10.71,-3.465,2.6147,-7.393,0,0,0,NaN,NaN,NaN,NaN,NaN,NaN,NaN,NaN,NaN,46.582,0.024486,3689.4,0.0075089,NaN,NaN,NaN,NaN,18.985,99013,21.75,-1.8432,0.6714,-9.7728,-5.0419,2.4958,-7.1617,NaN,NaN,NaN,NaN,NaN
486.7,-17.201,-9.4639,8.0101,-1.8519,0.97,-10.414,-4.2405,3.9111,-6.4638,0,0,0,NaN,NaN,NaN,NaN,NaN,NaN,NaN,NaN,NaN,46.582,0.024486,3689.4,0.0075089,NaN,NaN,NaN,NaN,NaN,-1,-1,-1.8425,0.66458,-9.7248,-4.8133,2.5517,-7.1734,NaN,NaN,NaN,NaN,NaN
486.71,-17.209,-9.4634,7.992,-2.302,1.4989,-8.5247,-4.7612,2.1292,-7.1261,0.64422,0.20252,-0.92323,NaN,NaN,NaN,NaN,NaN,NaN,NaN,NaN,NaN,46.582,0.024486,3689.4,0.0075089,NaN,NaN,NaN,NaN,NaN,-1,-1,-1.8299,0.64674,-9.6554,-4.4274,2.629,-7.1598,NaN,NaN,NaN,NaN,NaN
486.71,-17.217,-9.4602,7.9733,-1.727,-1.7832,-10.461,-5.0668,3.2865,-7.1393,0,0,0,NaN,NaN,NaN,NaN,NaN,NaN,NaN,NaN,NaN,46.582,0.024486,3689.4,0.0075089,NaN,NaN,NaN,NaN,18.663,99027,21.875,-1.8361,0.65352,-9.6576,-4.0485,2.7103,-7.1181,NaN,NaN,NaN,NaN,NaN
486.71,-17.226,-9.4599,7.9556,-1.5789,0.47775,-10.333,-5.1763,2.0773,-7.1031,0,0,0,NaN,NaN,NaN,NaN,NaN,NaN,NaN,NaN,NaN,46.582,0.024486,3689.4,0.0075089,NaN,NaN,NaN,NaN,18.573,98997,21.75,-1.8413,0.64054,-9.635,-3.8335,2.668,-7.0665,NaN,NaN,NaN,NaN,NaN
486.71,-17.23,-9.4608,7.9386,-2.0238,1.38,-10.418,-2.8872,1.5235,-7.0123,0,0,0,NaN,NaN,NaN,NaN,NaN,NaN,NaN,NaN,NaN,46.582,0.024486,3689.4,0.0075089,NaN,NaN,NaN,NaN,NaN,-1,-1,-1.8323,0.65033,-9.5763,-3.5633,2.5381,-7.0571,NaN,NaN,NaN,NaN,NaN
486.72,-17.24,-9.4557,7.9003,-1.7483,0.73444,-9.7575,-3.9409,3.5209,-7.5751,0,0,0,NaN,NaN,NaN,NaN,NaN,NaN,NaN,NaN,NaN,46.582,0.024486,3689.4,0.0075089,NaN,NaN,NaN,NaN,NaN,-1,-1,-1.8431,0.65755,-9.5581,-3.2676,2.5899,-7.0289,NaN,NaN,NaN,NaN,NaN
486.72,-17.245,-9.4542,7.8827,-2.0495,1.7305,-10.325,-3.3134,2.485,-6.9351,0,0,0,NaN,NaN,NaN,NaN,NaN,NaN,NaN,NaN,NaN,46.582,0.024486,3689.4,0.0075089,NaN,NaN,NaN,NaN,NaN,-1,-1,-1.8537,0.66882,-9.537,-2.9408,2.5678,-6.9967,NaN,NaN,NaN,NaN,NaN
486.72,-17.246,-9.4532,7.8487,-2.0453,0.31379,-11.405,-2.3055,3.4373,-6.6274,0.64124,0.19796,-0.9166,NaN,NaN,NaN,NaN,NaN,NaN,NaN,NaN,NaN,46.582,0.024486,3689.4,0.0075089,NaN,NaN,NaN,NaN,18.877,99052,21.875,-1.8562,0.6618,-9.4586,-2.7436,2.4412,-6.9919,NaN,NaN,NaN,NaN,NaN
486.72,-17.246,-9.4475,7.8302,-2.597,2.0103,-7.7882,-1.5593,4.2217,-6.781,0,0,0,NaN,NaN,NaN,NaN,NaN,NaN,NaN,NaN,NaN,46.582,0.024486,3689.4,0.0075089,NaN,NaN,NaN,NaN,NaN,-1,-1,-1.8477,0.64295,-9.4215,-2.5306,2.4375,-6.9494,NaN,NaN,NaN,NaN,NaN
486.73,-17.248,-9.4445,7.8119,-1.4449,-0.77469,-9.0918,-2.4811,3.1833,-7.0148,0,0,0,NaN,NaN,NaN,NaN,NaN,NaN,NaN,NaN,NaN,46.582,0.024486,3689.4,0.0075089,0.60499,2.2368,0.23977,0.07242,18.324,98991,21.625,-1.858,0.64575,-9.4314,-2.1922,2.3991,-6.8957,NaN,NaN,NaN,NaN,NaN
486.73,-17.252,-9.4511,7.7967,-1.6165,-1.0981,-10.095,-2.8585,-0.87714,-6.9923,0,0,0,NaN,NaN,NaN,NaN,NaN,NaN,NaN,NaN,NaN,46.582,0.024486,3689.4,0.0075089,NaN,NaN,NaN,NaN,NaN,-1,-1,-1.8534,0.65634,-9.3815,-1.9198,2.3461,-6.8423,NaN,NaN,NaN,NaN,NaN
486.73,-17.25,-9.4469,7.7779,-2.4739,1.7176,-12.037,-1.2465,3.6085,-6.9471,0.62982,0.21017,-0.92452,NaN,NaN,NaN,NaN,NaN,NaN,NaN,NaN,NaN,46.582,0.024486,3689.4,0.0075089,NaN,NaN,NaN,NaN,18.037,99018,21.813,-1.8563,0.65376,-9.3518,-1.6528,2.1711,-6.7996,NaN,NaN,NaN,NaN,NaN
486.73,-17.25,-9.4414,7.7598,-1.216,0.51535,-8.4688,-1.43,4.1027,-6.6422,0,0,0,NaN,NaN,NaN,NaN,NaN,NaN,NaN,NaN,NaN,46.582,0.024486,3689.4,0.0075089,NaN,NaN,NaN,NaN,NaN,-1,-1,-1.8549,0.6484,-9.3327,-1.3894,2.0511,-6.7452,NaN,NaN,NaN,NaN,NaN
486.74,-17.251,-9.4419,7.7429,-1.7986,0.4334,-8.3078,-2.0298,1.672,-6.932,0,0,0,NaN,NaN,NaN,NaN,NaN,NaN,NaN,NaN,NaN,46.582,0.024486,3689.4,0.0075089,0.59623,2.1056,0.30367,NaN,19.007,98992,21.688,-1.8655,0.68499,-9.3121,-1.2141,2.1436,-6.7429,NaN,NaN,NaN,NaN,NaN
486.74,-17.251,-9.4441,7.7262,-2.1876,1.6047,-11.362,-1.5971,0.99047,-7.0156,0,0,0,NaN,NaN,NaN,NaN,NaN,NaN,NaN,NaN,NaN,46.582,0.024486,3689.4,0.0075089,NaN,NaN,NaN,0.040788,NaN,-1,-1,-1.8717,0.68497,-9.262,-0.98684,1.8678,-6.7048,NaN,NaN,NaN,NaN,NaN
486.74,-17.242,-9.4352,7.6919,-2.3197,-0.41153,-8.8852,0.55468,4.6253,-6.3127,0,0,0,NaN,NaN,NaN,NaN,NaN,NaN,NaN,NaN,NaN,46.552,0.024486,3663.7,0.0064211,NaN,NaN,NaN,NaN,18.813,99027,21.813,-1.8761,0.67843,-9.2407,-0.67714,1.6976,-6.6634,NaN,NaN,NaN,NaN,NaN
486.74,-17.238,-9.4393,7.6777,-2.2169,2.1343,-9.9225,0.11304,-0.051853,-6.3035,0,0,0,NaN,NaN,NaN,NaN,NaN,NaN,NaN,NaN,NaN,46.552,0.024486,3663.7,0.0064211,NaN,NaN,NaN,NaN,NaN,-1,-1,-1.8694,0.67891,-9.1902,-0.46469,1.8482,-6.6084,NaN,NaN,NaN,NaN,NaN
486.75,-17.236,-9.436,7.6422,-1.0773,-1.891,-8.3838,-0.62137,-0.15,-7.1833,0.62709,0.19518,-0.92707,NaN,NaN,NaN,NaN,NaN,NaN,NaN,NaN,NaN,46.552,0.024486,3663.7,0.0064211,0.59787,2.2309,0.22699,0.082409,19.071,99011,21.75,-1.868,0.65551,-9.15,-0.32048,1.6006,-6.5606,NaN,NaN,NaN,NaN,NaN
486.75,-17.235,-9.4372,7.6266,-2.1083,1.1955,-11.266,-0.87496,1.2532,-6.4956,0,0,0,NaN,NaN,NaN,NaN,NaN,NaN,NaN,NaN,NaN,46.552,0.024486,3663.7,0.0064211,NaN,NaN,NaN,NaN,NaN,-1,-1,-1.8696,0.65751,-9.1376,-0.04843,1.3334,-6.5322,NaN,NaN,NaN,NaN,NaN
486.75,-17.223,-9.4338,7.5935,-1.9235,1.0079,-9.0331,0.24202,1.1141,-6.5723,0,0,0,NaN,NaN,NaN,NaN,NaN,NaN,NaN,NaN,NaN,46.552,0.024486,3663.7,0.0064211,NaN,NaN,NaN,NaN,18.502,99006,21.688,-1.8729,0.67422,-9.0989,0.11872,1.291,-6.7054,NaN,NaN,NaN,NaN,NaN
486.75,-17.22,-9.4377,7.5783,-1.3198,0.67797,-10.478,0.04492,0.13356,-6.4917,0.62466,0.2003,-0.92499,NaN,NaN,NaN,NaN,NaN,NaN,NaN,NaN,NaN,46.552,0.024486,3663.7,0.0064211,NaN,NaN,NaN,NaN,NaN,-1,-1,-1.8691,0.66016,-9.0661,0.22246,1.2438,-6.6425,NaN,NaN,NaN,NaN,NaN
486.76,-17.202,-9.431,7.5451,-2.5204,1.2054,-8.3557,2.9941,1.6881,-6.4723,0,0,0,NaN,NaN,NaN,NaN,NaN,NaN,NaN,NaN,NaN,46.552,0.024486,3663.7,0.0064211,NaN,NaN,NaN,NaN,18.53,99014,21.813,-1.8792,0.68269,-9.0411,0.33241,1.1856,-6.5877,NaN,NaN,NaN,NaN,NaN
486.76,-17.193,-9.4359,7.5333,-1.5993,1.4767,-10.874,2.3408,-0.60705,-5.5231,0,0,0,NaN,NaN,NaN,NaN,NaN,NaN,NaN,NaN,NaN,46.552,0.024486,3663.7,0.0064211,0.6466,2.1312,0.28724,0.016648,NaN,-1,-1,-1.8899,0.70331,-9.0212,0.49085,1.123,-6.5314,NaN,NaN,NaN,NaN,NaN
486.76,-17.184,-9.4261,7.4982,-1.6222,-0.74184,-7.5435,-0.20838,2.1979,-6.4835,0,0,0,NaN,NaN,NaN,NaN,NaN,NaN,NaN,NaN,NaN,46.552,0.024486,3663.7,0.0064211,NaN,NaN,NaN,NaN,18.57,98977,21.625,-1.8904,0.69942,-8.9792,0.67521,1.1129,-6.6509,NaN,NaN,NaN,NaN,NaN
486.76,-17.182,-9.4359,7.4862,-1.4,0.30409,-9.2786,-0.27611,-2.4761,-6.1684,0,0,0,NaN,NaN,NaN,NaN,NaN,NaN,NaN,NaN,NaN,46.552,0.024486,3663.7,0.0064211,NaN,NaN,NaN,NaN,NaN,-1,-1,-1.8937,0.70066,-8.9616,0.81548,1.0278,-6.5582,NaN,NaN,NaN,NaN,NaN
486.77,-17.172,-9.4351,7.4687,-2.7741,1.469,-12.051,2.4197,2.2442,-6.984,0,0,0,NaN,NaN,NaN,NaN,NaN,NaN,NaN,NaN,NaN,46.552,0.024486,3663.7,0.0064211,0.59623,2.232,0.22943,0.074917,18.211,98995,21.625,-1.904,0.7113,-8.9237,0.88,1.0256,-6.4474,NaN,NaN,NaN,NaN,NaN
486.77,-17.166,-9.4273,7.4506,-1.8695,0.54655,-7.528,0.78146,4.9279,-6.2063,0.62701,0.19269,-0.92708,NaN,NaN,NaN,NaN,NaN,NaN,NaN,NaN,NaN,46.552,0.024486,3663.7,0.0064211,NaN,NaN,NaN,NaN,NaN,-1,-1,-1.8982,0.68922,-8.882,0.91706,0.90765,-6.3772,NaN,NaN,NaN,NaN,NaN
486.77,-17.165,-9.4319,7.4366,-0.94208,0.72398,-6.8757,-0.81944,-0.24505,-6.3004,0,0,0,NaN,NaN,NaN,NaN,NaN,NaN,NaN,NaN,NaN,46.552,0.024486,3663.7,0.0064211,NaN,NaN,NaN,NaN,18.64,99038,21.875,-1.9009,0.68551,-8.8665,1.0369,0.74415,-6.2886,NaN,NaN,NaN,NaN,NaN
486.77,-17.16,-9.4349,7.4215,-2.947,1.179,-12.398,0.36389,0.49297,-6.5547,0,0,0,NaN,NaN,NaN,NaN,NaN,NaN,NaN,NaN,NaN,46.552,0.024486,3663.7,0.0064211,NaN,NaN,NaN,NaN,NaN,-1,-1,-1.9047,0.69339,-8.8428,1.0605,0.6782,-6.2118,NaN,NaN,NaN,NaN,NaN
486.78,-17.142,-9.4276,7.3868,-1.665,0.4513,-7.8617,2.2059,2.3764,-6.2117,0.63948,0.19737,-0.92826,NaN,NaN,NaN,NaN,NaN,NaN,NaN,NaN,NaN,46.552,0.024486,3663.7,0.0064211,0.59458,2.2249,0.22334,0.10239,18.898,99019,21.75,-1.901,0.70269,-8.8342,1.0973,0.6619,-6.161,NaN,NaN,NaN,NaN,NaN
486.78,-17.134,-9.4328,7.3729,-2.8955,1.4975,-8.6064,2.049,-0.4834,-6.3342,0,0,0,NaN,NaN,NaN,NaN,NaN,NaN,NaN,NaN,NaN,46.552,0.024486,3663.7,0.0064211,NaN,NaN,NaN,NaN,NaN,-1,-1,-1.902,0.7072,-8.8094,1.1287,0.68144,-6.1039,NaN,NaN,NaN,NaN,NaN
486.78,-17.127,-9.4292,7.3409,-1.168,-0.50145,-7.6991,0.08623,0.52099,-6.2086,0,0,0,NaN,NaN,NaN,NaN,NaN,NaN,NaN,NaN,NaN,46.552,0.024486,3663.7,0.0064211,NaN,NaN,NaN,NaN,18.985,98993,21.688,-1.9173,0.72735,-8.7887,1.1625,0.66623,-6.0489,NaN,NaN,NaN,NaN,NaN
486.78,-17.121,-9.4371,7.3268,-2.0526,1.4676,-10.022,1.053,-1.5401,-6.6415,0.62757,0.20238,-0.93163,NaN,NaN,NaN,NaN,NaN,NaN,NaN,NaN,NaN,46.552,0.024486,3663.7,0.0064211,NaN,NaN,NaN,NaN,NaN,-1,-1,-1.9198,0.72726,-8.778,1.2191,0.57707,-6.0111,NaN,NaN,NaN,NaN,NaN
486.79,-17.107,-9.4274,7.2925,-1.4976,1.695,-7.261,0.67638,3.5146,-6.5173,0,0,0,NaN,NaN,NaN,NaN,NaN,NaN,NaN,NaN,NaN,46.552,0.024486,3663.7,0.0064211,0.58747,2.2285,0.21726,NaN,18.461,99032,21.813,-1.9236,0.73433,-8.7267,1.2415,0.61221,-5.9688,NaN,NaN,NaN,NaN,NaN
486.79,-17.101,-9.4364,7.2788,-1.7509,0.76993,-8.8021,0.91003,-1.939,-6.7047,0,0,0,NaN,NaN,NaN,NaN,NaN,NaN,NaN,NaN,NaN,46.552,0.024486,3663.7,0.0064211,NaN,NaN,NaN,0.10239,NaN,-1,-1,-1.9318,0.72928,-8.7122,1.2383,0.53779,-5.945,NaN,NaN,NaN,NaN,NaN
486.79,-17.074,-9.4375,7.2335,-1.7287,2.161,-9.3979,2.7908,-2.8305,-5.5676,0,0,0,NaN,NaN,NaN,NaN,NaN,NaN,NaN,NaN,NaN,46.552,0.024486,3663.7,0.0064211,NaN,NaN,NaN,NaN,18.283,99051,21.875,-1.9314,0.7281,-8.6855,1.2346,0.67484,-5.9263,NaN,NaN,NaN,NaN,NaN
486.79,-17.068,-9.4285,7.2147,-3.1038,0.3326,-8.5309,0.95111,5.5006,-6.5387,0,0,0,NaN,NaN,NaN,NaN,NaN,NaN,NaN,NaN,NaN,46.552,0.024486,3663.7,0.0064211,NaN,NaN,NaN,NaN,NaN,-1,-1,-1.9281,0.71111,-8.6425,1.2271,0.767,-5.921,NaN,NaN,NaN,NaN,NaN
486.8,-17.063,-9.4254,7.1976,-1.2326,-0.73437,-5.7453,0.20134,3.0103,-6.4236,0.63948,0.20246,-0.92596,NaN,NaN,NaN,NaN,NaN,NaN,NaN,NaN,NaN,46.552,0.024486,3663.7,0.0064211,NaN,NaN,NaN,NaN,NaN,-1,-1,-1.9276,0.72704,-8.6285,1.1759,0.67567,-5.9229,NaN,NaN,NaN,NaN,NaN
486.8,-17.06,-9.4402,7.1859,-1.5612,1.4544,-9.4321,0.22363,-4.4149,-6.6423,0,0,0,NaN,NaN,NaN,NaN,NaN,NaN,NaN,NaN,NaN,46.552,0.024486,3663.7,0.0064211,0.60006,2.232,0.23308,0.074917,18.505,99012,21.75,-1.9124,0.7136,-8.5473,1.1289,0.83664,-5.9111,NaN,NaN,NaN,NaN,NaN
486.8,-17.051,-9.4379,7.1674,-2.8353,0.29076,-11.746,2.1127,2.9207,-7.1583,0,0,0,NaN,NaN,NaN,NaN,NaN,NaN,NaN,NaN,NaN,46.552,0.024486,3663.7,0.0064211,NaN,NaN,NaN,NaN,NaN,-1,-1,-1.9229,0.72362,-8.5459,1.0725,0.93146,-5.9152,NaN,NaN,NaN,NaN,NaN
486.8,-17.045,-9.4283,7.1481,-2.0783,0.7154,-6.5431,0.41751,5.7693,-6.6583,0,0,0,NaN,NaN,NaN,NaN,NaN,NaN,NaN,NaN,NaN,46.552,0.024486,3663.7,0.0064211,NaN,NaN,NaN,NaN,18.809,99012,21.688,-1.9311,0.75581,-8.5358,1.0046,0.82554,-5.9409,NaN,NaN,NaN,NaN,NaN
486.81,0,0,0,0,0,0,0,0,0,0,0,0,NaN,NaN,NaN,NaN,NaN,NaN,NaN,NaN,NaN,46.552,0.024486,3663.7,0.0064211,NaN,NaN,NaN,NaN,NaN,-1,-1,-1.9455,0.76647,-8.5467,0.95764,0.82144,-5.9679,NaN,NaN,NaN,NaN,NaN
486.81,-17.035,-9.4422,7.1185,-3.0324,0.83983,-11.836,1.242,-0.53354,-6.9495,0,0,0,NaN,NaN,NaN,NaN,NaN,NaN,NaN,NaN,NaN,46.552,0.024486,3663.7,0.0064211,NaN,NaN,NaN,NaN,NaN,-1,-1,-1.9518,0.77134,-8.5235,0.89614,1.0113,-5.9864,NaN,NaN,NaN,NaN,NaN
486.81,-17.017,-9.4361,7.0849,-1.2684,1.2599,-7.7052,2.1431,0.3306,-6.1234,0,0,0,NaN,NaN,NaN,NaN,NaN,NaN,NaN,NaN,NaN,46.552,0.024486,3663.7,0.0064211,0.59842,2.1139,0.29332,0.049945,18.7,99028,21.75,-1.9485,0.76352,-8.4992,0.77713,0.97025,-6.0076,NaN,NaN,NaN,NaN,NaN
486.81,-17.008,-9.44,7.0691,-2.9472,1.5169,-7.156,1.9965,0.18484,-6.7664,0.64436,0.20239,-0.92552,NaN,NaN,NaN,NaN,NaN,NaN,NaN,NaN,NaN,46.552,0.024486,3663.7,0.0064211,NaN,NaN,NaN,NaN,NaN,-1,-1,-1.9599,0.75264,-8.5106,0.78445,1.0219,-6.053,NaN,NaN,NaN,NaN,NaN
486.82,0,0,0,0,0,0,0,0,0,0,0,0,NaN,NaN,NaN,NaN,NaN,NaN,NaN,NaN,NaN,46.552,0.024486,3663.7,0.0064211,NaN,NaN,NaN,NaN,NaN,-1,-1,-1.9564,0.7593,-8.4944,0.79528,1.057,-6.0603,NaN,NaN,NaN,NaN,NaN
486.82,-17.001,-9.4364,7.0355,-1.024,-0.003243,-6.0968,-0.066349,0.57244,-6.4018,0,0,0,NaN,NaN,NaN,NaN,NaN,NaN,NaN,NaN,NaN,46.552,0.024486,3663.7,0.0064211,NaN,NaN,NaN,NaN,18.282,99038,21.813,-1.9581,0.75444,-8.4681,0.68241,1.0485,-6.0995,NaN,NaN,NaN,NaN,NaN
486.82,-16.995,-9.443,7.0196,-2.7571,0.83179,-9.782,1.0015,-0.77361,-7.2469,0,0,0,NaN,NaN,NaN,NaN,NaN,NaN,NaN,NaN,NaN,46.552,0.024486,3663.7,0.0064211,NaN,NaN,NaN,NaN,NaN,-1,-1,-1.9614,0.76065,-8.4789,0.54764,1.016,-6.1397,NaN,NaN,NaN,NaN,NaN
486.82,-16.989,-9.443,7.0038,-1.5789,1.1833,-8.8992,0.81538,1.5918,-6.2687,0.63411,0.18514,-0.92644,4.1787,22.901,-3.4532,23.534,40.059,-88.55,3.6783e+05,4.4355e+06,305.88,46.552,0.024486,3663.7,0.0064211,0.59404,2.2362,0.23064,0.07242,18.438,99036,21.813,-1.9676,0.78721,-8.4826,0.48103,1.1782,-6.2158,23.491,1.4146,0.0072572,0.0177,3.4462
486.83,-16.986,-9.441,6.986,-1.8746,1.7017,-8.6995,-0.21652,2.7164,-6.9605,0,0,0,NaN,NaN,NaN,NaN,NaN,NaN,NaN,NaN,NaN,46.552,0.024486,3663.7,0.0064211,NaN,NaN,NaN,NaN,NaN,-1,-1,-1.9718,0.79425,-8.4585,0.36811,1.2536,-6.2862,NaN,NaN,NaN,NaN,NaN
486.83,-16.979,-9.4403,6.967,-2.4866,0.48762,-8.3867,0.87261,2.3508,-7.6053,0,0,0,NaN,NaN,NaN,NaN,NaN,NaN,NaN,NaN,NaN,46.552,0.024486,3663.7,0.0064211,NaN,NaN,NaN,NaN,NaN,-1,-1,-1.9712,0.79468,-8.4639,0.22627,1.2353,-6.3382,NaN,NaN,NaN,NaN,NaN
486.83,-16.975,-9.4439,6.9519,-1.3749,1.317,-6.9912,0.34143,0.22368,-6.5725,0,0,0,NaN,NaN,NaN,NaN,NaN,NaN,NaN,NaN,NaN,46.533,0,3636.5,0.0053322,NaN,NaN,NaN,NaN,18.261,99009,21.75,-1.9828,0.80861,-8.4336,0.14247,1.4311,-6.3992,NaN,NaN,NaN,NaN,NaN
486.83,-16.96,-9.4477,6.9266,-2.5144,1.0429,-9.9963,0.89376,0.28081,-6.6267,0.63425,0.19011,-0.92643,NaN,NaN,NaN,NaN,NaN,NaN,NaN,NaN,NaN,46.533,0,3636.5,0.0053322,NaN,NaN,NaN,NaN,NaN,-1,-1,-1.9774,0.78455,-8.4126,0.10467,1.5391,-6.4516,NaN,NaN,NaN,NaN,NaN
486.84,-16.953,-9.4455,6.9089,-2.7197,1.6001,-10.02,1.206,2.7847,-6.9117,0,0,0,NaN,NaN,NaN,NaN,NaN,NaN,NaN,NaN,NaN,46.533,0,3636.5,0.0053322,NaN,NaN,NaN,NaN,NaN,-1,-1,-1.9684,0.78096,-8.3979,0.0073451,1.4512,-6.513,NaN,NaN,NaN,NaN,NaN
486.84,-16.951,-9.4375,6.8894,-1.8399,0.47543,-6.1114,-1.0097,5.1626,-6.8967,0,0,0,NaN,NaN,NaN,NaN,NaN,NaN,NaN,NaN,NaN,46.533,0,3636.5,0.0053322,0.59294,2.2315,0.22577,0.10155,18.572,99025,21.813,-1.9771,0.79159,-8.4125,-0.13729,1.5986,-6.57,NaN,NaN,NaN,NaN,NaN
486.84,-16.952,-9.4484,6.8746,-1.6607,-0.5318,-6.7445,-1.4307,-2.5781,-7.3435,0,0,0,NaN,NaN,NaN,NaN,NaN,NaN,NaN,NaN,NaN,46.533,0,3636.5,0.0053322,NaN,NaN,NaN,NaN,NaN,-1,-1,-1.9687,0.78359,-8.3961,-0.23019,1.5023,-6.6531,NaN,NaN,NaN,NaN,NaN
486.84,-16.945,-9.445,6.8376,-2.014,0.54862,-8.6639,0.12233,5.2858,-7.0972,0,0,0,NaN,NaN,NaN,NaN,NaN,NaN,NaN,NaN,NaN,46.533,0,3636.5,0.0053322,NaN,NaN,NaN,NaN,18.613,99023,21.75,-1.9653,0.80559,-8.3889,-0.38547,1.6865,-6.7283,NaN,NaN,NaN,NaN,NaN
486.85,-16.943,-9.4484,6.8216,-1.9137,0.91833,-6.7336,-0.62733,0.44547,-6.8986,0,0,0,NaN,NaN,NaN,NaN,NaN,NaN,NaN,NaN,NaN,46.533,0,3636.5,0.0053322,NaN,NaN,NaN,NaN,NaN,-1,-1,-1.9664,0.81954,-8.39,-0.49843,1.7175,-6.844,NaN,NaN,NaN,NaN,NaN
486.85,-16.944,-9.454,6.806,-1.6764,0.71034,-9.8916,-2.0337,-0.48547,-7.0357,0,0,0,NaN,NaN,NaN,NaN,NaN,NaN,NaN,NaN,NaN,46.533,0,3636.5,0.0053322,NaN,NaN,NaN,NaN,NaN,-1,-1,-1.9706,0.81836,-8.3683,-0.52642,1.5001,-6.8851,NaN,NaN,NaN,NaN,NaN
486.85,-16.943,-9.4477,6.7858,-2.0989,1.158,-9.3929,-1.3066,4.6086,-7.231,0.62716,0.19766,-0.92707,NaN,NaN,NaN,NaN,NaN,NaN,NaN,NaN,NaN,46.533,0,3636.5,0.0053322,NaN,NaN,NaN,NaN,18.724,98993,21.688,-1.9701,0.8271,-8.3796,-0.60166,1.6442,-6.9786,NaN,NaN,NaN,NaN,NaN
486.85,-16.938,-9.4487,6.7682,-2.1442,1.7344,-7.5386,0.2427,1.5236,-7.2104,0,0,0,NaN,NaN,NaN,NaN,NaN,NaN,NaN,NaN,NaN,46.533,0,3636.5,0.0053322,NaN,NaN,NaN,NaN,NaN,-1,-1,-1.9699,0.83274,-8.3575,-0.69094,1.899,-7.0555,NaN,NaN,NaN,NaN,NaN
486.86,-16.935,-9.4556,6.7535,-2.0805,1.222,-10.371,-0.066692,-1.0826,-6.8718,0,0,0,NaN,NaN,NaN,NaN,NaN,NaN,NaN,NaN,NaN,46.533,0,3636.5,0.0053322,NaN,NaN,NaN,NaN,NaN,-1,-1,-1.9616,0.81568,-8.3447,-0.84746,1.743,-7.133,NaN,NaN,NaN,NaN,NaN
486.86,-16.933,-9.449,6.7332,-3.036,0.75816,-8.2263,-0.85205,4.7465,-7.3601,0,0,0,NaN,NaN,NaN,NaN,NaN,NaN,NaN,NaN,NaN,46.533,0,3636.5,0.0053322,NaN,NaN,NaN,NaN,18.371,99038,21.813,-1.9592,0.80407,-8.3539,-0.90262,1.7207,-7.2665,NaN,NaN,NaN,NaN,NaN
486.86,-16.935,-9.4446,6.7143,-1.3311,0.27328,-6.9542,-2.5048,3.6673,-6.9132,0.62939,0.19527,-0.92457,NaN,NaN,NaN,NaN,NaN,NaN,NaN,NaN,NaN,46.533,0,3636.5,0.0053322,NaN,NaN,NaN,NaN,NaN,-1,-1,-1.9687,0.81418,-8.4495,-1.0122,1.9859,-7.379,NaN,NaN,NaN,NaN,NaN
486.86,-16.936,-9.4551,6.699,-1.8187,0.30279,-9.1799,-1.7109,-2.3793,-7.4616,0,0,0,NaN,NaN,NaN,NaN,NaN,NaN,NaN,NaN,NaN,46.533,0,3636.5,0.0053322,0.60718,2.133,0.30184,0.039956,18.282,98993,21.688,-1.9692,0.83135,-8.4637,-1.1493,2.0523,-7.2456,NaN,NaN,NaN,NaN,NaN
486.87,-16.933,-9.4521,6.6793,-2.8327,0.99061,-10.152,-0.61788,3.2885,-7.5815,0,0,0,NaN,NaN,NaN,NaN,NaN,NaN,NaN,NaN,NaN,46.533,0,3636.5,0.0053322,NaN,NaN,NaN,NaN,NaN,-1,-1,-1.9699,0.82763,-8.4949,-1.2756,1.9948,-7.3257,NaN,NaN,NaN,NaN,NaN
486.87,-16.933,-9.4509,6.6615,-1.1155,0.46606,-8.1993,-1.5359,2.386,-7.0552,0,0,0,NaN,NaN,NaN,NaN,NaN,NaN,NaN,NaN,NaN,46.533,0,3636.5,0.0053322,NaN,NaN,NaN,NaN,NaN,-1,-1,-1.9646,0.82492,-8.4916,-1.3663,2.0224,-7.3908,NaN,NaN,NaN,NaN,NaN
486.87,-16.935,-9.4544,6.6442,-1.9666,1.4027,-8.9558,-2.2743,0.50374,-7.3176,0.63202,0.1925,-0.92893,NaN,NaN,NaN,NaN,NaN,NaN,NaN,NaN,NaN,46.533,0,3636.5,0.0053322,NaN,NaN,NaN,NaN,18.501,99013,21.688,-1.9861,0.83963,-8.6027,-1.3917,1.9655,-7.4704,NaN,NaN,NaN,NaN,NaN
486.87,-16.934,-9.4476,6.6237,-2.3583,0.98582,-9.4387,-1.4068,4.8419,-7.4207,0,0,0,NaN,NaN,NaN,NaN,NaN,NaN,NaN,NaN,NaN,46.533,0,3636.5,0.0053322,NaN,NaN,NaN,NaN,NaN,-1,-1,-1.9825,0.84339,-8.6093,-1.4902,2.0106,-7.3003,NaN,NaN,NaN,NaN,NaN
486.88,-16.933,-9.45,6.6066,-1.5509,0.7509,-7.5955,-1.2619,0.92922,-7.2268,0,0,0,NaN,NaN,NaN,NaN,NaN,NaN,NaN,NaN,NaN,46.533,0,3636.5,0.0053322,NaN,NaN,NaN,NaN,NaN,-1,-1,-1.9846,0.83638,-8.6183,-1.6431,1.9581,-7.3107,NaN,NaN,NaN,NaN,NaN
486.88,-16.931,-9.4564,6.5909,-2.5739,1.0608,-10.111,-0.65884,-0.76381,-7.1333,0,0,0,NaN,NaN,NaN,NaN,NaN,NaN,NaN,NaN,NaN,46.533,0,3636.5,0.0053322,NaN,NaN,NaN,NaN,18.591,99005,21.688,-1.9808,0.80988,-8.6579,-1.7116,1.9113,-7.3487,NaN,NaN,NaN,NaN,NaN
486.88,-16.929,-9.448,6.5715,-2.6709,2.2749,-10.339,-0.77051,5.2381,-6.6239,0.63446,0.19247,-0.92871,NaN,NaN,NaN,NaN,NaN,NaN,NaN,NaN,NaN,46.533,0,3636.5,0.0053322,NaN,NaN,NaN,NaN,NaN,-1,-1,-1.9826,0.82901,-8.7088,-1.7785,1.9738,-7.3431,NaN,NaN,NaN,NaN,NaN
486.88,-16.929,-9.4436,6.5521,-1.9133,0.15593,-5.7749,-1.838,3.8113,-7.3018,0,0,0,NaN,NaN,NaN,NaN,NaN,NaN,NaN,NaN,NaN,46.533,0,3636.5,0.0053322,NaN,NaN,NaN,NaN,18.389,99002,21.625,-1.9753,0.80785,-8.7239,-1.9068,1.978,-7.3714,NaN,NaN,NaN,NaN,NaN
486.89,-16.933,-9.4538,6.5368,-1.4789,-1.1057,-8.3496,-3.001,-2.2474,-7.4487,0,0,0,NaN,NaN,NaN,NaN,NaN,NaN,NaN,NaN,NaN,46.533,0,3636.5,0.0053322,NaN,NaN,NaN,NaN,NaN,-1,-1,-1.9736,0.80437,-8.7388,-2.0184,2.0369,-7.4164,NaN,NaN,NaN,NaN,NaN
486.89,-16.936,-9.4539,6.5182,-2.4182,1.1455,-11.744,-2.8941,1.9631,-7.5254,0,0,0,NaN,NaN,NaN,NaN,NaN,NaN,NaN,NaN,NaN,46.533,0,3636.5,0.0053322,NaN,NaN,NaN,NaN,NaN,-1,-1,-1.9758,0.79707,-8.7847,-2.1223,2.0578,-7.4486,NaN,NaN,NaN,NaN,NaN
486.89,-16.935,-9.4459,6.4967,-1.7557,1.0502,-8.6819,-1.1998,5.3993,-7.5107,0.63704,0.1974,-0.92848,NaN,NaN,NaN,NaN,NaN,NaN,NaN,NaN,NaN,46.533,0,3636.5,0.0053322,0.59623,2.1205,0.30306,0.030799,18.392,99005,21.688,-1.976,0.78299,-8.79,-2.1665,1.8702,-7.4746,NaN,NaN,NaN,NaN,NaN
486.89,-16.935,-9.4526,6.4798,-1.7965,0.49977,-7.2195,-1.7523,-0.73803,-7.6538,0,0,0,NaN,NaN,NaN,NaN,NaN,NaN,NaN,NaN,NaN,46.533,0,3636.5,0.0053322,NaN,NaN,NaN,NaN,NaN,-1,-1,-1.9731,0.78247,-8.8061,-2.1882,1.9898,-7.4853,NaN,NaN,NaN,NaN,NaN
486.9,-16.941,-9.4482,6.44,-2.0895,1.949,-9.4932,-2.5767,4.1151,-7.4558,0,0,0,NaN,NaN,NaN,NaN,NaN,NaN,NaN,NaN,NaN,46.533,0,3636.5,0.0053322,NaN,NaN,NaN,NaN,NaN,-1,-1,-1.9799,0.79786,-8.8554,-2.2801,2.2877,-7.5045,NaN,NaN,NaN,NaN,NaN
486.9,-16.94,-9.4509,6.4211,-2.3026,1.1283,-7.71,-1.1728,0.89255,-7.7536,0.63911,0.18495,-0.92829,NaN,NaN,NaN,NaN,NaN,NaN,NaN,NaN,NaN,46.533,0,3636.5,0.0053322,NaN,NaN,NaN,NaN,18.144,99012,21.688,-1.9826,0.76595,-8.8574,-2.4296,2.057,-7.5227,NaN,NaN,NaN,NaN,NaN
486.9,-16.942,-9.4563,6.4059,-1.9161,0.7231,-11.028,-2.2447,-0.4123,-6.8463,0,0,0,NaN,NaN,NaN,NaN,NaN,NaN,NaN,NaN,NaN,46.533,0,3636.5,0.0053322,NaN,NaN,NaN,NaN,NaN,-1,-1,-1.9626,0.73953,-8.8568,-2.5223,2.2073,-7.5636,NaN,NaN,NaN,NaN,NaN
486.9,-16.945,-9.4484,6.3836,-2.7746,1.3683,-8.7613,-2.8649,5.4759,-7.9649,0,0,0,NaN,NaN,NaN,NaN,NaN,NaN,NaN,NaN,NaN,46.533,0,3636.5,0.0053322,0.60225,2.1073,0.28967,0.054107,18.215,99013,21.75,-1.967,0.73197,-8.8882,-2.6081,2.2509,-7.5834,NaN,NaN,NaN,NaN,NaN
486.91,-16.949,-9.4446,6.364,-1.7166,-0.20172,-7.3542,-3.3171,3.5623,-7.4254,0,0,0,NaN,NaN,NaN,NaN,NaN,NaN,NaN,NaN,NaN,46.533,0,3636.5,0.0053322,NaN,NaN,NaN,NaN,NaN,-1,-1,-1.9673,0.71941,-8.9288,-2.7548,2.1426,-7.6012,NaN,NaN,NaN,NaN,NaN
486.91,-16.955,-9.4542,6.3469,-1.5408,-0.46063,-9.9202,-4.0464,-1.8259,-7.9421,0.63674,0.18238,-0.93081,NaN,NaN,NaN,NaN,NaN,NaN,NaN,NaN,NaN,46.533,0,3636.5,0.0053322,NaN,NaN,NaN,NaN,NaN,-1,-1,-1.96,0.72179,-8.9322,-2.91,2.2624,-7.6459,NaN,NaN,NaN,NaN,NaN
486.91,-16.956,-9.4544,6.326,-2.2004,1.0406,-11.457,-2.3472,2.216,-8.3812,0,0,0,NaN,NaN,NaN,NaN,NaN,NaN,NaN,NaN,NaN,46.533,0,3636.5,0.0053322,NaN,NaN,NaN,NaN,18.189,99016,21.688,-1.9576,0.72081,-8.9595,-3.033,2.3485,-7.6797,NaN,NaN,NaN,NaN,NaN
486.91,-16.961,-9.4461,6.3049,-2.1003,0.40984,-8.7449,-3.5182,5.4993,-7.4766,0,0,0,NaN,NaN,NaN,NaN,NaN,NaN,NaN,NaN,NaN,46.533,0,3636.5,0.0053322,NaN,NaN,NaN,NaN,NaN,-1,-1,-1.9611,0.7068,-8.9661,-3.1408,2.2099,-7.7066,NaN,NaN,NaN,NaN,NaN
486.92,-16.966,-9.4496,6.2866,-0.99153,1.3176,-6.9068,-3.6949,0.63787,-7.7888,0,0,0,NaN,NaN,NaN,NaN,NaN,NaN,NaN,NaN,NaN,46.533,0,3636.5,0.0053322,0.58144,2.2249,0.213,0.10155,NaN,-1,-1,-1.9687,0.71221,-8.9812,-3.2141,2.2111,-7.7411,NaN,NaN,NaN,NaN,NaN
486.92,-16.97,-9.4525,6.2672,-2.6604,0.82816,-11.688,-3.6026,0.88453,-7.8963,0.62915,0.17763,-0.92919,NaN,NaN,NaN,NaN,NaN,NaN,NaN,NaN,NaN,46.533,0,3636.5,0.0053322,NaN,NaN,NaN,NaN,18.611,99018,21.688,-1.9608,0.69384,-8.9954,-3.3617,2.4918,-7.7592,NaN,NaN,NaN,NaN,NaN
486.92,-16.973,-9.4485,6.2465,-2.1854,1.4598,-9.2158,-2.7615,3.7769,-7.864,0,0,0,NaN,NaN,NaN,NaN,NaN,NaN,NaN,NaN,NaN,46.533,0,3636.5,0.0053322,NaN,NaN,NaN,NaN,NaN,-1,-1,-1.9672,0.71313,-9.0191,-3.4807,2.3956,-7.7851,NaN,NaN,NaN,NaN,NaN
486.92,-16.978,-9.4479,6.2099,-2.3245,1.7323,-8.5853,-2.6178,1.939,-7.4994,0,0,0,NaN,NaN,NaN,NaN,NaN,NaN,NaN,NaN,NaN,46.533,0,3636.5,0.0053322,NaN,NaN,NaN,NaN,18.327,99014,21.75,-1.9607,0.67418,-9.0165,-3.6023,2.3448,-7.8205,NaN,NaN,NaN,NaN,NaN
486.93,-16.984,-9.4427,6.189,-2.2203,-0.37699,-9.6978,-4.464,4.2684,-7.6689,0.63911,0.18495,-0.92829,NaN,NaN,NaN,NaN,NaN,NaN,NaN,NaN,NaN,46.533,0,3636.5,0.0053322,NaN,NaN,NaN,NaN,NaN,-1,-1,-1.9715,0.68578,-9.0756,-3.711,2.4004,-7.8313,NaN,NaN,NaN,NaN,NaN
486.93,-16.991,-9.4457,6.1709,-1.0545,-0.77215,-7.9853,-4.3999,0.7904,-7.6445,0,0,0,NaN,NaN,NaN,NaN,NaN,NaN,NaN,NaN,NaN,46.533,0,3636.5,0.0053322,NaN,NaN,NaN,NaN,NaN,-1,-1,-1.9669,0.66973,-9.0714,-3.8458,2.4953,-7.86,NaN,NaN,NaN,NaN,NaN
486.93,-17.001,-9.4429,6.1309,-2.028,0.44592,-8.8232,-2.9911,4.0367,-7.8504,0,0,0,NaN,NaN,NaN,NaN,NaN,NaN,NaN,NaN,NaN,46.533,0,3636.5,0.0053322,0.6028,2.1199,0.30184,0.034129,18.168,99027,21.75,-1.9734,0.66294,-9.0737,-3.9611,2.533,-7.9008,NaN,NaN,NaN,NaN,NaN
486.93,-17.007,-9.4423,6.1106,-1.4816,0.73473,-8.467,-4.4521,2.3294,-7.8803,0.6293,0.18769,-0.92688,NaN,NaN,NaN,NaN,NaN,NaN,NaN,NaN,NaN,46.533,0,3636.5,0.0053322,NaN,NaN,NaN,NaN,NaN,-1,-1,-1.9681,0.66866,-9.1056,-4.1209,2.4546,-7.9264,NaN,NaN,NaN,NaN,NaN
486.94,-17.015,-9.4453,6.091,-2.2494,0.85921,-10.141,-4.7397,0.99116,-8.232,0,0,0,NaN,NaN,NaN,NaN,NaN,NaN,NaN,NaN,NaN,46.533,0,3636.5,0.0053322,NaN,NaN,NaN,NaN,NaN,-1,-1,-1.9646,0.65727,-9.1244,-4.2292,2.5418,-7.9579,NaN,NaN,NaN,NaN,NaN
486.94,-17.02,-9.441,6.07,-1.7917,1.9155,-10.095,-4.0219,3.9869,-7.8917,0,0,0,NaN,NaN,NaN,NaN,NaN,NaN,NaN,NaN,NaN,46.533,0,3636.5,0.0053322,NaN,NaN,NaN,NaN,18.325,99028,21.75,-1.9656,0.64472,-9.1249,-4.2494,2.5911,-7.949,NaN,NaN,NaN,NaN,NaN
486.94,-17.024,-9.4407,6.0496,-2.0922,-0.08652,-8.8123,-3.3202,2.3404,-8.1443,0,0,0,NaN,NaN,NaN,NaN,NaN,NaN,NaN,NaN,NaN,46.582,0.024486,3618,0.0069644,NaN,NaN,NaN,NaN,18.481,99001,21.688,-1.9661,0.67077,-9.1563,-4.3217,2.8041,-7.9594,NaN,NaN,NaN,NaN,NaN
486.94,-17.03,-9.4429,6.0313,-2.3024,1.0319,-11.106,-3.8384,1.1076,-7.5102,0.63667,0.17989,-0.93082,NaN,NaN,NaN,NaN,NaN,NaN,NaN,NaN,NaN,46.582,0.024486,3618,0.0069644,0.59842,2.1145,0.29819,0.049112,NaN,-1,-1,-1.9627,0.65667,-9.1328,-4.46,2.6417,-7.9609,NaN,NaN,NaN,NaN,NaN
486.95,-17.037,-9.43,6.0084,-2.0953,0.92483,-8.0665,-4.9748,7.4753,-7.588,0,0,0,NaN,NaN,NaN,NaN,NaN,NaN,NaN,NaN,NaN,46.582,0.024486,3618,0.0069644,NaN,NaN,NaN,NaN,NaN,-1,-1,-1.9649,0.64872,-9.1704,-4.5757,2.5427,-7.9873,NaN,NaN,NaN,NaN,NaN
486.95,-17.046,-9.4328,5.9886,-1.5351,-0.17929,-7.4761,-5.2316,1.1112,-8.2831,0,0,0,NaN,NaN,NaN,NaN,NaN,NaN,NaN,NaN,NaN,46.582,0.024486,3618,0.0069644,NaN,NaN,NaN,NaN,NaN,-1,-1,-1.9657,0.64109,-9.1788,-4.5902,2.694,-7.9815,NaN,NaN,NaN,NaN,NaN
486.95,-17.056,-9.4429,5.9717,-1.8634,-0.29634,-11.502,-5.4555,-2.0231,-8.0309,0,0,0,NaN,NaN,NaN,NaN,NaN,NaN,NaN,NaN,NaN,46.582,0.024486,3618,0.0069644,NaN,NaN,NaN,NaN,18.505,99053,21.875,-1.9647,0.62527,-9.1656,-4.628,2.6311,-7.9845,NaN,NaN,NaN,NaN,NaN
486.95,-17.062,-9.4346,5.9472,-2.447,0.61747,-10.468,-4.4193,5.8194,-8.5974,0.62721,0.18996,-0.93166,NaN,NaN,NaN,NaN,NaN,NaN,NaN,NaN,NaN,46.582,0.024486,3618,0.0069644,NaN,NaN,NaN,NaN,NaN,-1,-1,-1.9559,0.62352,-9.1594,-4.7172,2.6263,-7.9852,NaN,NaN,NaN,NaN,NaN
486.96,-17.069,-9.4336,5.9276,-0.98549,1.1084,-7.5279,-4.5698,2.5527,-7.7408,0,0,0,NaN,NaN,NaN,NaN,NaN,NaN,NaN,NaN,NaN,46.582,0.024486,3618,0.0069644,0.56995,2.2261,0.20022,0.11987,NaN,-1,-1,-1.9591,0.61586,-9.1718,-4.7587,2.6541,-8.003,NaN,NaN,NaN,NaN,NaN
486.96,-17.079,-9.4366,5.9083,-2.1881,0.63069,-10.547,-5.5187,0.96314,-8.1295,0,0,0,NaN,NaN,NaN,NaN,NaN,NaN,NaN,NaN,NaN,46.582,0.024486,3618,0.0069644,NaN,NaN,NaN,NaN,18.547,99024,21.75,-1.9535,0.60568,-9.1871,-4.787,2.5218,-7.9947,NaN,NaN,NaN,NaN,NaN
486.96,-17.088,-9.4321,5.8861,-2.2612,0.56268,-10.018,-5.3847,4.1713,-8.3312,0,0,0,NaN,NaN,NaN,NaN,NaN,NaN,NaN,NaN,NaN,46.582,0.024486,3618,0.0069644,NaN,NaN,NaN,NaN,NaN,-1,-1,-1.9549,0.61405,-9.1813,-4.7944,2.5105,-7.9956,NaN,NaN,NaN,NaN,NaN
486.96,-17.095,-9.4308,5.8661,-1.7893,1.5029,-8.8749,-4.6223,2.661,-7.7076,0.63207,0.1848,-0.93353,NaN,NaN,NaN,NaN,NaN,NaN,NaN,NaN,NaN,46.582,0.024486,3618,0.0069644,NaN,NaN,NaN,NaN,18.189,99034,21.75,-1.9586,0.62296,-9.1897,-4.7926,2.6776,-7.9902,NaN,NaN,NaN,NaN,NaN
486.97,-17.1,-9.4345,5.8474,-2.0347,-0.01861,-9.6062,-3.7901,0.63707,-7.9727,0,0,0,NaN,NaN,NaN,NaN,NaN,NaN,NaN,NaN,NaN,46.582,0.024486,3618,0.0069644,NaN,NaN,NaN,NaN,NaN,-1,-1,-1.9556,0.60735,-9.1723,-4.8365,2.5645,-7.9839,NaN,NaN,NaN,NaN,NaN
486.97,-17.106,-9.4292,5.8265,-2.3081,1.7756,-11.411,-4.0731,4.3618,-7.7527,0,0,0,NaN,NaN,NaN,NaN,NaN,NaN,NaN,NaN,NaN,46.582,0.024486,3618,0.0069644,0.65755,2.1443,0.28602,0.0074917,NaN,-1,-1,-1.9496,0.58248,-9.1676,-4.8529,2.45,-7.989,NaN,NaN,NaN,NaN,NaN
486.97,-17.115,-9.4186,5.8034,-2.566,0.50194,-6.5037,-5.7011,6.6052,-7.934,0,0,0,NaN,NaN,NaN,NaN,NaN,NaN,NaN,NaN,NaN,46.582,0.024486,3618,0.0069644,NaN,NaN,NaN,NaN,18.393,99017,21.75,-1.9538,0.57515,-9.1847,-4.8574,2.5764,-7.9798,NaN,NaN,NaN,NaN,NaN
486.97,-17.125,-9.4296,5.7866,-0.67234,-1.3885,-8.0563,-5.3096,-2.4818,-7.9109,0.62693,0.18512,-0.92939,NaN,NaN,NaN,NaN,NaN,NaN,NaN,NaN,NaN,46.582,0.024486,3618,0.0069644,NaN,NaN,NaN,NaN,NaN,-1,-1,-1.9496,0.57047,-9.1669,-4.8701,2.4899,-7.9676,NaN,NaN,NaN,NaN,NaN
486.98,-17.134,-9.4307,5.7665,-2.3415,0.65117,-12.598,-5.5928,1.7963,-8.1962,0,0,0,NaN,NaN,NaN,NaN,NaN,NaN,NaN,NaN,NaN,46.582,0.024486,3618,0.0069644,NaN,NaN,NaN,NaN,NaN,-1,-1,-1.9385,0.54914,-9.1621,-4.9375,2.4319,-7.961,NaN,NaN,NaN,NaN,NaN
486.98,-17.14,-9.4216,5.7434,-2.2374,0.82225,-9.0231,-4.2936,6.048,-8.0828,0,0,0,NaN,NaN,NaN,NaN,NaN,NaN,NaN,NaN,NaN,46.582,0.024486,3618,0.0069644,NaN,NaN,NaN,NaN,18.502,99008,21.688,-1.9413,0.56192,-9.1901,-4.9282,2.4695,-7.9656,NaN,NaN,NaN,NaN,NaN
486.98,-17.149,-9.4212,5.7226,-1.5867,0.64471,-7.6204,-5.3836,2.4841,-8.3032,0,0,0,NaN,NaN,NaN,NaN,NaN,NaN,NaN,NaN,NaN,46.582,0.024486,3618,0.0069644,0.64933,2.1384,0.28785,-0,18.458,99047,21.813,-1.947,0.5771,-9.1896,-4.8682,2.3274,-7.9343,NaN,NaN,NaN,NaN,NaN
486.98,-17.159,-9.4292,5.7049,-1.6175,0.19929,-10.164,-5.4015,-1.1695,-7.9959,0.63187,0.18244,-0.93125,NaN,NaN,NaN,NaN,NaN,NaN,NaN,NaN,NaN,46.582,0.024486,3618,0.0069644,NaN,NaN,NaN,NaN,NaN,-1,-1,-1.9372,0.56179,-9.1417,-4.8314,2.4253,-7.9048,NaN,NaN,NaN,NaN,NaN
486.99,-17.167,-9.4227,5.6838,-2.6613,1.9781,-11.521,-5.0965,4.834,-7.6643,0,0,0,NaN,NaN,NaN,NaN,NaN,NaN,NaN,NaN,NaN,46.582,0.024486,3618,0.0069644,NaN,NaN,NaN,NaN,NaN,-1,-1,-1.9425,0.56092,-9.1738,-4.8232,2.4739,-7.8756,NaN,NaN,NaN,NaN,NaN
486.99,-17.171,-9.4157,5.6621,-2.0839,0.43506,-7.3829,-3.2138,5.0782,-7.8162,0,0,0,NaN,NaN,NaN,NaN,NaN,NaN,NaN,NaN,NaN,46.582,0.024486,3618,0.0069644,NaN,NaN,NaN,NaN,NaN,-1,-1,-1.9475,0.56809,-9.1843,-4.7614,2.5192,-7.85,NaN,NaN,NaN,NaN,NaN
486.99,-17.176,-9.4261,5.6471,-1.6282,0.67539,-9.9171,-3.4507,-2.3208,-7.3693,0,0,0,NaN,NaN,NaN,NaN,NaN,NaN,NaN,NaN,NaN,46.582,0.024486,3618,0.0069644,NaN,NaN,NaN,NaN,18.28,99006,21.688,-1.938,0.54251,-9.14,-4.7041,2.5486,-7.8307,NaN,NaN,NaN,NaN,NaN
486.99,-17.193,-9.4122,5.6031,-1.361,-0.5303,-7.7693,-5.694,4.4782,-7.8204,0,0,0,NaN,NaN,NaN,NaN,NaN,NaN,NaN,NaN,NaN,46.582,0.024486,3618,0.0069644,NaN,NaN,NaN,NaN,NaN,-1,-1,-1.9278,0.54203,-9.1403,-4.7641,2.5235,-8.0315,NaN,NaN,NaN,NaN,NaN
487,-17.201,-9.421,5.5866,-1.47,-0.33517,-9.424,-4.9504,-1.5739,-7.7238,0,0,0,NaN,NaN,NaN,NaN,NaN,NaN,NaN,NaN,NaN,46.582,0.024486,3618,0.0069644,NaN,NaN,NaN,NaN,NaN,-1,-1,-1.9304,0.52572,-9.1696,-4.6983,2.4768,-7.9427,NaN,NaN,NaN,NaN,NaN
487,-17.207,-9.4194,5.5661,-2.6698,0.64142,-11.464,-3.9073,2.884,-8.0479,0,0,0,NaN,NaN,NaN,NaN,NaN,NaN,NaN,NaN,NaN,46.582,0.024486,3618,0.0069644,NaN,NaN,NaN,NaN,18.435,99013,21.688,-1.9304,0.54533,-9.1547,-4.6002,2.3543,-7.8829,NaN,NaN,NaN,NaN,NaN
487,-17.213,-9.4123,5.5454,-1.5482,1.2349,-8.3956,-4.2752,4.9808,-7.263,0.62679,0.18015,-0.9294,NaN,NaN,NaN,NaN,NaN,NaN,NaN,NaN,NaN,46.582,0.024486,3618,0.0069644,NaN,NaN,NaN,NaN,NaN,-1,-1,-1.9255,0.54292,-9.1241,-4.5226,2.2777,-7.8029,NaN,NaN,NaN,NaN,NaN
487,-17.222,-9.4144,5.5258,-1.5393,-0.071194,-8.0027,-5.3419,1.3768,-8.1051,0,0,0,NaN,NaN,NaN,NaN,NaN,NaN,NaN,NaN,NaN,46.582,0.024486,3618,0.0069644,NaN,NaN,NaN,NaN,18.567,99015,21.688,-1.9262,0.53912,-9.1411,-4.4327,2.2737,-7.7214,NaN,NaN,NaN,NaN,NaN
487.01,-17.23,-9.4163,5.5065,-2.6172,1.5275,-10.435,-4.8432,1.4063,-7.9728,0,0,0,NaN,NaN,NaN,NaN,NaN,NaN,NaN,NaN,NaN,46.582,0.024486,3618,0.0069644,NaN,NaN,NaN,NaN,NaN,-1,-1,-1.9318,0.53622,-9.1106,-4.3431,2.3643,-7.6477,NaN,NaN,NaN,NaN,NaN
487.01,-17.235,-9.4107,5.4854,-2.0597,1.0601,-9.7107,-3.7125,4.4814,-7.777,0,0,0,NaN,NaN,NaN,NaN,NaN,NaN,NaN,NaN,NaN,46.582,0.024486,3618,0.0069644,0.58801,2.2243,0.21665,0.10322,NaN,-1,-1,-1.9281,0.53924,-9.137,-4.2848,2.311,-7.5736,NaN,NaN,NaN,NaN,NaN
487.01,-17.238,-9.4148,5.4676,-1.7755,-0.027585,-8.5906,-3.0366,0.29404,-7.456,0.63418,0.18762,-0.92644,NaN,NaN,NaN,NaN,NaN,NaN,NaN,NaN,NaN,46.582,0.024486,3618,0.0069644,NaN,NaN,NaN,NaN,18.234,99017,21.688,-1.9267,0.52359,-9.0905,-4.2125,2.2317,-7.5242,NaN,NaN,NaN,NaN,NaN
487.01,-17.244,-9.412,5.4492,-2.3332,1.5331,-10.85,-3.7603,3.1355,-7.0738,0,0,0,NaN,NaN,NaN,NaN,NaN,NaN,NaN,NaN,NaN,46.582,0.024486,3618,0.0069644,NaN,NaN,NaN,NaN,NaN,-1,-1,-1.9216,0.52971,-9.0806,-4.1252,2.2358,-7.4476,NaN,NaN,NaN,NaN,NaN
487.02,-17.251,-9.4031,5.4272,-1.9118,-0.031813,-7.8158,-4.607,5.8642,-7.7113,0,0,0,NaN,NaN,NaN,NaN,NaN,NaN,NaN,NaN,NaN,46.582,0.024486,3618,0.0069644,0.60553,2.2446,0.2349,0.061598,NaN,-1,-1,-1.9307,0.53127,-9.1025,-4.0264,2.3058,-7.3949,NaN,NaN,NaN,NaN,NaN
487.02,-17.26,-9.41,5.4115,-1.1273,-1.4025,-7.6506,-5.1945,-0.9365,-7.2428,0,0,0,NaN,NaN,NaN,NaN,NaN,NaN,NaN,NaN,NaN,46.582,0.024486,3618,0.0069644,0.60553,2.2446,0.2349,0.061598,18.368,99013,21.688,-1.9209,0.5193,-9.0637,-3.9325,2.269,-7.3501,NaN,NaN,NaN,NaN,NaN
487.02,-17.267,-9.4122,5.3928,-2.6164,1.028,-11.319,-4.5278,1.199,-7.66,0.62679,0.18524,-0.9271,NaN,NaN,NaN,NaN,NaN,NaN,NaN,NaN,NaN,46.582,0.024486,3618,0.0069644,NaN,NaN,NaN,NaN,NaN,-1,-1,-1.9158,0.52804,-9.0476,-3.8307,2.2293,-7.2925,NaN,NaN,NaN,NaN,NaN
487.02,-17.271,-9.4057,5.3713,-1.3755,0.816,-10.161,-3.2929,4.9119,-7.806,0,0,0,NaN,NaN,NaN,NaN,NaN,NaN,NaN,NaN,NaN,46.582,0.024486,3618,0.0069644,NaN,NaN,NaN,NaN,18.702,99059,21.875,-1.9221,0.52858,-9.0761,-3.6698,2.2854,-7.2583,NaN,NaN,NaN,NaN,NaN
487.03,-17.284,-9.4069,5.3335,-1.5441,1.1277,-9.2744,-4.3762,1.4398,-7.2851,0,0,0,NaN,NaN,NaN,NaN,NaN,NaN,NaN,NaN,NaN,46.582,0.024486,3618,0.0069644,NaN,NaN,NaN,NaN,NaN,-1,-1,-1.9142,0.52292,-9.0391,-3.5125,2.2304,-7.2022,NaN,NaN,NaN,NaN,NaN
487.03,-17.289,-9.4045,5.3136,-1.8963,0.71881,-9.748,-4.1003,3.0291,-7.5542,0.63459,0.19234,-0.931,NaN,NaN,NaN,NaN,NaN,NaN,NaN,NaN,NaN,46.582,0.024486,3618,0.0069644,NaN,NaN,NaN,NaN,NaN,-1,-1,-1.9183,0.523,-9.0415,-3.3501,2.3167,-7.1542,NaN,NaN,NaN,NaN,NaN
487.03,-17.29,-9.4045,5.2951,-2.4785,0.69606,-9.718,-1.8928,2.0559,-7.426,0,0,0,NaN,NaN,NaN,NaN,NaN,NaN,NaN,NaN,NaN,46.582,0.024486,3618,0.0069644,NaN,NaN,NaN,NaN,18.608,99012,21.625,-1.9091,0.52427,-9.0379,-3.1931,2.3558,-7.095,NaN,NaN,NaN,NaN,NaN
487.03,-17.293,-9.4044,5.278,-1.7228,0.60332,-11.32,-2.6088,1.9381,-6.9355,0,0,0,NaN,NaN,NaN,NaN,NaN,NaN,NaN,NaN,NaN,46.582,0.024486,3618,0.0069644,0.58856,2.2285,0.213,0.10738,NaN,-1,-1,-1.8967,0.53127,-8.9454,-3.0812,2.2735,-7.0555,NaN,NaN,NaN,NaN,NaN
487.04,-17.297,-9.3953,5.2565,-2.2739,0.72968,-6.5422,-3.2955,5.8641,-7.4884,0,0,0,NaN,NaN,NaN,NaN,NaN,NaN,NaN,NaN,NaN,46.582,0.024486,3618,0.0069644,NaN,NaN,NaN,NaN,NaN,-1,-1,-1.8913,0.52368,-8.9185,-2.9585,2.3171,-7.0053,NaN,NaN,NaN,NaN,NaN
487.04,-17.303,-9.397,5.2381,-1.5885,-0.47205,-8.6106,-4.1114,1.3854,-7.4919,0.63898,0.18507,-0.92601,NaN,NaN,NaN,NaN,NaN,NaN,NaN,NaN,NaN,46.582,0.024486,3618,0.0069644,NaN,NaN,NaN,NaN,17.965,99044,21.813,-1.891,0.50032,-8.9341,-2.8192,2.3722,-6.9806,NaN,NaN,NaN,NaN,NaN
487.04,-17.307,-9.4045,5.2222,-1.7983,0.023855,-10.679,-3.0319,-1.1402,-7.3492,0,0,0,NaN,NaN,NaN,NaN,NaN,NaN,NaN,NaN,NaN,46.582,0.024486,3618,0.0069644,NaN,NaN,NaN,NaN,NaN,-1,-1,-1.8976,0.50414,-8.958,-2.7182,2.2041,-6.9581,NaN,NaN,NaN,NaN,NaN
487.04,-17.311,-9.3963,5.1831,-1.6304,-0.17246,-7.0589,-2.7568,1.7148,-7.3431,0,0,0,NaN,NaN,NaN,NaN,NaN,NaN,NaN,NaN,NaN,46.582,0.024486,3618,0.0069644,NaN,NaN,NaN,NaN,18.415,99040,21.813,-1.8948,0.49001,-8.9379,-2.6703,2.3414,-6.9179,NaN,NaN,NaN,NaN,NaN
487.05,-17.316,-9.4,5.1661,-1.3873,0.97906,-9.0316,-3.7033,0.35329,-7.0862,0.62686,0.18263,-0.9294,NaN,NaN,NaN,NaN,NaN,NaN,NaN,NaN,NaN,46.582,0.024486,3618,0.0069644,NaN,NaN,NaN,NaN,NaN,-1,-1,-1.885,0.49391,-8.9351,-2.5378,2.387,-6.9024,NaN,NaN,NaN,NaN,NaN
487.05,0,0,0,0,0,0,0,0,0,0,0,0,NaN,NaN,NaN,NaN,NaN,NaN,NaN,NaN,NaN,46.582,0.024486,3618,0.0069644,NaN,NaN,NaN,NaN,NaN,-1,-1,-1.8904,0.5093,-8.9751,-2.3674,2.168,-6.8532,NaN,NaN,NaN,NaN,NaN
487.05,-17.318,-9.3965,5.1461,-2.7172,0.82531,-11.982,-2.4114,3.5523,-7.5776,0,0,0,NaN,NaN,NaN,NaN,NaN,NaN,NaN,NaN,NaN,46.582,0,3602.3,0.0064211,NaN,NaN,NaN,NaN,18.527,99074,21.938,-1.89,0.51166,-8.9671,-2.2626,2.3725,-6.8397,NaN,NaN,NaN,NaN,NaN
487.05,-17.319,-9.3898,5.1266,-1.8412,0.98581,-7.9291,-2.138,4.7587,-7.0066,0,0,0,NaN,NaN,NaN,NaN,NaN,NaN,NaN,NaN,NaN,46.582,0,3602.3,0.0064211,NaN,NaN,NaN,NaN,NaN,-1,-1,-1.8839,0.51979,-8.9548,-2.1667,2.206,-6.7983,NaN,NaN,NaN,NaN,NaN
487.06,-17.318,-9.3947,5.0929,-2.697,1.9575,-11.131,-1.3855,2.2594,-6.912,0.64384,0.17992,-0.92787,3.685,22.834,-3.5803,23.404,40.059,-88.55,3.6783e+05,4.4355e+06,305.08,46.582,0,3602.3,0.0064211,NaN,NaN,NaN,NaN,NaN,-1,-1,-1.8799,0.52172,-8.9566,-2.0874,2.0924,-6.7914,23.346,1.6385,0.26619,0.65326,4.0145
487.06,-17.319,-9.3815,5.0716,-2.2092,0.24975,-7.8508,-2.4797,7.4193,-6.902,0,0,0,NaN,NaN,NaN,NaN,NaN,NaN,NaN,NaN,NaN,46.582,0,3602.3,0.0064211,0.60389,2.2344,0.22638,0.079079,18.57,99041,21.813,-1.8939,0.52104,-9.0302,-2.0132,2.2432,-6.7462,NaN,NaN,NaN,NaN,NaN
487.06,-17.322,-9.3893,5.0558,-0.78647,-1.2879,-6.555,-2.6311,-1.1971,-7.3806,0,0,0,NaN,NaN,NaN,NaN,NaN,NaN,NaN,NaN,NaN,46.582,0,3602.3,0.0064211,NaN,NaN,NaN,NaN,NaN,-1,-1,-1.885,0.51418,-9.0218,-1.977,2.1328,-6.7444,NaN,NaN,NaN,NaN,NaN
487.06,-17.323,-9.3976,5.0404,-2.6721,1.0757,-12.161,-1.8343,-1.4774,-7.2508,0,0,0,NaN,NaN,NaN,NaN,NaN,NaN,NaN,NaN,NaN,46.582,0,3602.3,0.0064211,NaN,NaN,NaN,NaN,18.57,99039,21.813,-1.8871,0.50581,-9.0284,-1.9544,1.948,-6.7536,NaN,NaN,NaN,NaN,NaN
487.07,-17.309,-9.3835,5.0047,-2.0732,0.51673,-9.9709,-0.8792,7.1428,-7.2111,0.62971,0.18732,-0.93374,NaN,NaN,NaN,NaN,NaN,NaN,NaN,NaN,NaN,46.582,0,3602.3,0.0064211,NaN,NaN,NaN,NaN,NaN,-1,-1,-1.8771,0.50554,-9.0546,-1.9733,2.1594,-6.744,NaN,NaN,NaN,NaN,NaN
487.07,-17.307,-9.3828,4.9864,-1.8719,0.024526,-5.7806,-0.9848,2.2973,-7.2908,0,0,0,NaN,NaN,NaN,NaN,NaN,NaN,NaN,NaN,NaN,46.582,0,3602.3,0.0064211,NaN,NaN,NaN,NaN,NaN,-1,-1,-1.891,0.5132,-9.1371,-1.938,1.8651,-6.7585,NaN,NaN,NaN,NaN,NaN
487.07,-17.309,-9.3919,4.9719,-1.7678,1.2048,-9.767,-2.0734,-1.8852,-7.0125,0,0,0,NaN,NaN,NaN,NaN,NaN,NaN,NaN,NaN,NaN,46.582,0,3602.3,0.0064211,NaN,NaN,NaN,NaN,18.916,98998,21.625,-1.9051,0.5184,-9.1935,-1.9096,1.8685,-6.7488,NaN,NaN,NaN,NaN,NaN
487.07,-17.309,-9.3862,4.9526,-2.5539,0.91544,-10.903,-1.8042,4.3205,-7.0862,0,0,0,NaN,NaN,NaN,NaN,NaN,NaN,NaN,NaN,NaN,46.582,0,3602.3,0.0064211,0.58747,2.2237,0.21178,0.10405,NaN,-1,-1,-1.9037,0.53058,-9.2181,-1.9614,2.1652,-6.7693,NaN,NaN,NaN,NaN,NaN
487.08,-17.308,-9.3823,4.9337,-1.9201,0.42488,-6.798,-1.1196,3.4862,-6.9003,0.64363,0.17756,-0.92559,NaN,NaN,NaN,NaN,NaN,NaN,NaN,NaN,NaN,46.582,0,3602.3,0.0064211,NaN,NaN,NaN,NaN,NaN,-1,-1,-1.9019,0.52285,-9.2079,-2.0852,1.9173,-6.7713,NaN,NaN,NaN,NaN,NaN
487.08,-17.309,-9.391,4.9207,-1.8536,0.80827,-9.3844,-1.7435,-1.8999,-6.4159,0,0,0,NaN,NaN,NaN,NaN,NaN,NaN,NaN,NaN,NaN,46.582,0,3602.3,0.0064211,NaN,NaN,NaN,NaN,18.527,99011,21.75,-1.9014,0.50253,-9.2207,-2.2282,1.793,-6.8016,NaN,NaN,NaN,NaN,NaN
487.08,-17.309,-9.3834,4.9015,-2.8185,1.2041,-8.1374,-1.6265,5.0282,-6.8151,0,0,0,NaN,NaN,NaN,NaN,NaN,NaN,NaN,NaN,NaN,46.582,0,3602.3,0.0064211,NaN,NaN,NaN,NaN,NaN,-1,-1,-1.9044,0.51354,-9.2753,-2.3191,1.9414,-6.8421,NaN,NaN,NaN,NaN,NaN
487.08,-17.314,-9.3776,4.883,-1.3437,-0.77212,-7.2874,-3.5518,4.2769,-6.758,0,0,0,NaN,NaN,NaN,NaN,NaN,NaN,NaN,NaN,NaN,46.582,0,3602.3,0.0064211,NaN,NaN,NaN,NaN,18.433,99006,21.625,-1.9076,0.50595,-9.3022,-2.4952,1.8873,-6.8661,NaN,NaN,NaN,NaN,NaN
487.09,-17.319,-9.3915,4.8692,-1.8221,-0.2098,-7.6845,-3.5101,-3.9052,-7.1402,0.63702,0.18722,-0.93308,NaN,NaN,NaN,NaN,NaN,NaN,NaN,NaN,NaN,46.582,0,3602.3,0.0064211,0.59623,2.1127,0.29332,0.042453,NaN,-1,-1,-1.9019,0.49905,-9.298,-2.6929,1.8153,-6.9202,NaN,NaN,NaN,NaN,NaN
487.09,-17.322,-9.3893,4.8513,-2.5955,1.1825,-11.563,-2.8905,2.8192,-6.9685,0,0,0,NaN,NaN,NaN,NaN,NaN,NaN,NaN,NaN,NaN,46.582,0,3602.3,0.0064211,NaN,NaN,NaN,NaN,NaN,-1,-1,-1.8967,0.50544,-9.3238,-2.856,1.8425,-6.9689,NaN,NaN,NaN,NaN,NaN
487.09,-17.324,-9.3848,4.8316,-1.5352,0.41446,-7.2138,-2.1187,3.9332,-7.3601,0,0,0,NaN,NaN,NaN,NaN,NaN,NaN,NaN,NaN,NaN,46.582,0,3602.3,0.0064211,NaN,NaN,NaN,NaN,18.392,99005,21.688,-1.8993,0.50237,-9.3707,-3.057,1.9346,-7.015,NaN,NaN,NaN,NaN,NaN
487.09,-17.33,-9.3883,4.8153,-1.8815,0.88975,-7.7488,-4.0297,0.48392,-7.0308,0,0,0,NaN,NaN,NaN,NaN,NaN,NaN,NaN,NaN,NaN,46.582,0,3602.3,0.0064211,NaN,NaN,NaN,NaN,NaN,-1,-1,-1.9007,0.51709,-9.3982,-3.2612,1.8882,-7.079,NaN,NaN,NaN,NaN,NaN
487.1,-17.339,-9.3874,4.7797,-1.6127,0.70023,-8.7852,-3.5251,3.0788,-6.8091,0,0,0,NaN,NaN,NaN,NaN,NaN,NaN,NaN,NaN,NaN,46.582,0,3602.3,0.0064211,NaN,NaN,NaN,NaN,NaN,-1,-1,-1.9061,0.51985,-9.4445,-3.5029,1.9601,-7.1416,NaN,NaN,NaN,NaN,NaN
487.1,-17.341,-9.3929,4.7638,-2.4905,0.86239,-9.069,-2.0158,-0.31845,-7.1101,0,0,0,NaN,NaN,NaN,NaN,NaN,NaN,NaN,NaN,NaN,46.582,0,3602.3,0.0064211,0.65371,2.133,0.28663,0.014983,18.259,99059,21.875,-1.9086,0.52892,-9.4873,-3.716,1.9428,-7.2129,NaN,NaN,NaN,NaN,NaN
487.1,-17.344,-9.3897,4.7466,-2.3842,1.5091,-9.6568,-2.7457,3.1259,-6.5899,0,0,0,NaN,NaN,NaN,NaN,NaN,NaN,NaN,NaN,NaN,46.582,0,3602.3,0.0064211,NaN,NaN,NaN,NaN,NaN,-1,-1,-1.9064,0.52189,-9.488,-3.9913,1.893,-7.269,NaN,NaN,NaN,NaN,NaN
487.1,-17.35,-9.3853,4.7269,-1.6786,-0.17837,-6.5273,-4.2705,3.771,-7.2025,0.63424,0.18502,-0.92873,NaN,NaN,NaN,NaN,NaN,NaN,NaN,NaN,NaN,46.582,0,3602.3,0.0064211,NaN,NaN,NaN,NaN,18.345,99018,21.688,-1.906,0.51095,-9.5044,-4.2842,1.8487,-7.336,NaN,NaN,NaN,NaN,NaN
487.11,-17.36,-9.3961,4.714,-1.4207,-0.71205,-8.8323,-5.2584,-2.7059,-6.6525,0,0,0,NaN,NaN,NaN,NaN,NaN,NaN,NaN,NaN,NaN,46.582,0,3602.3,0.0064211,NaN,NaN,NaN,NaN,NaN,-1,-1,-1.9077,0.50641,-9.5678,-4.4207,1.792,-7.1455,NaN,NaN,NaN,NaN,NaN
487.11,-17.369,-9.3973,4.6956,-2.7546,0.76709,-11.41,-5.2263,1.6003,-7.5351,0,0,0,NaN,NaN,NaN,NaN,NaN,NaN,NaN,NaN,NaN,46.582,0,3602.3,0.0064211,NaN,NaN,NaN,NaN,NaN,-1,-1,-1.9028,0.49775,-9.5705,-4.6368,1.7633,-7.1747,NaN,NaN,NaN,NaN,NaN
487.11,-17.376,-9.3916,4.6763,-1.2797,0.59018,-8.8335,-4.3649,4.3372,-7.0575,0,0,0,NaN,NaN,NaN,NaN,NaN,NaN,NaN,NaN,NaN,46.582,0,3602.3,0.0064211,NaN,NaN,NaN,NaN,18.255,99023,21.688,-1.893,0.50113,-9.5937,-4.8776,1.8909,-7.2031,NaN,NaN,NaN,NaN,NaN
487.11,-17.385,-9.3995,4.6596,-2.1356,0.4581,-9.4001,-5.1784,-1.2015,-7.6006,0.63659,0.17741,-0.93082,NaN,NaN,NaN,NaN,NaN,NaN,NaN,NaN,NaN,46.582,0,3602.3,0.0064211,NaN,NaN,NaN,NaN,NaN,-1,-1,-1.9038,0.51145,-9.6507,-5.0846,1.9824,-7.2208,NaN,NaN,NaN,NaN,NaN
487.12,-17.396,-9.3973,4.6406,-2.0685,1.0068,-10.943,-6.0365,2.992,-7.3735,0,0,0,NaN,NaN,NaN,NaN,NaN,NaN,NaN,NaN,NaN,46.582,0,3602.3,0.0064211,NaN,NaN,NaN,NaN,NaN,-1,-1,-1.9023,0.51693,-9.673,-5.3269,2.1075,-7.2386,NaN,NaN,NaN,NaN,NaN
487.12,-17.407,-9.3887,4.6201,-1.362,0.48425,-8.5792,-6.2375,5.582,-7.1804,0,0,0,NaN,NaN,NaN,NaN,NaN,NaN,NaN,NaN,NaN,46.582,0,3602.3,0.0064211,NaN,NaN,NaN,NaN,18.235,99050,21.813,-1.8947,0.51632,-9.6956,-5.5018,1.9749,-7.2629,NaN,NaN,NaN,NaN,NaN
487.12,-17.415,-9.4016,4.6047,-2.287,1.1145,-9.1689,-4.6161,-3.211,-7.8337,0,0,0,NaN,NaN,NaN,NaN,NaN,NaN,NaN,NaN,NaN,46.582,0,3602.3,0.0064211,NaN,NaN,NaN,NaN,NaN,-1,-1,-1.9071,0.52294,-9.7432,-5.672,1.8685,-7.283,NaN,NaN,NaN,NaN,NaN
487.12,-17.436,-9.3863,4.5641,-1.6085,1.3672,-7.8792,-6.0853,7.8599,-7.0052,0,0,0,NaN,NaN,NaN,NaN,NaN,NaN,NaN,NaN,NaN,46.582,0,3602.3,0.0064211,NaN,NaN,NaN,NaN,18.237,99040,21.813,-1.9022,0.5214,-9.754,-5.804,2.0423,-7.29,NaN,NaN,NaN,NaN,NaN
487.13,-17.45,-9.3856,4.5454,-1.8311,-0.65011,-7.3704,-7.4112,2.3714,-7.4377,0,0,0,NaN,NaN,NaN,NaN,NaN,NaN,NaN,NaN,NaN,46.582,0,3602.3,0.0064211,0.60882,2.2476,0.23125,0.07242,NaN,-1,-1,-1.8969,0.51129,-9.7638,-5.8652,2.2307,-7.3018,NaN,NaN,NaN,NaN,NaN
487.13,-17.464,-9.3994,4.5316,-1.5743,0.031767,-11.612,-6.9062,-3.7606,-7.3281,0,0,0,NaN,NaN,NaN,NaN,NaN,NaN,NaN,NaN,NaN,46.582,0,3602.3,0.0064211,NaN,NaN,NaN,NaN,NaN,-1,-1,-1.9027,0.50689,-9.8355,-5.9607,2.1944,-7.3148,NaN,NaN,NaN,NaN,NaN
487.13,-17.475,-9.3912,4.5097,-2.3229,0.87634,-12.45,-6.4064,5.5889,-7.6082,0.64391,0.1824,-0.92786,NaN,NaN,NaN,NaN,NaN,NaN,NaN,NaN,NaN,46.582,0,3602.3,0.0064211,NaN,NaN,NaN,NaN,18.3,99062,21.813,-1.8976,0.50266,-9.8585,-6.0626,2.2473,-7.3413,NaN,NaN,NaN,NaN,NaN
487.13,-17.486,-9.386,4.4897,-1.1334,-0.31334,-8.2705,-6.1207,4.2338,-7.373,0,0,0,NaN,NaN,NaN,NaN,NaN,NaN,NaN,NaN,NaN,46.582,0,3602.3,0.0064211,NaN,NaN,NaN,NaN,NaN,-1,-1,-1.8924,0.48823,-9.8726,-6.1201,2.4198,-7.3524,NaN,NaN,NaN,NaN,NaN
487.14,-17.501,-9.3909,4.4728,-2.0906,1.0877,-9.2089,-7.27,0.0027502,-7.4515,0,0,0,NaN,NaN,NaN,NaN,NaN,NaN,NaN,NaN,NaN,46.582,0,3602.3,0.0064211,NaN,NaN,NaN,NaN,NaN,-1,-1,-1.8915,0.49353,-9.9407,-6.1733,2.4757,-7.3503,NaN,NaN,NaN,NaN,NaN
487.14,-17.513,-9.3897,4.4533,-2.1797,0.88785,-12.903,-6.634,2.6783,-7.6565,0,0,0,NaN,NaN,NaN,NaN,NaN,NaN,NaN,NaN,NaN,46.582,0,3602.3,0.0064211,NaN,NaN,NaN,NaN,18.298,99015,21.625,-1.8945,0.51574,-9.9771,-6.1522,2.6611,-7.3479,NaN,NaN,NaN,NaN,NaN
487.14,-17.525,-9.3819,4.4325,-1.694,0.57596,-9.8214,-6.5274,5.2662,-7.1988,0.64413,0.18985,-0.92784,NaN,NaN,NaN,NaN,NaN,NaN,NaN,NaN,NaN,46.582,0,3602.3,0.0064211,NaN,NaN,NaN,NaN,NaN,-1,-1,-1.8914,0.50879,-9.9847,-6.1641,2.9095,-7.3383,NaN,NaN,NaN,NaN,NaN
487.14,-17.535,-9.3827,4.4144,-1.9332,0.3133,-8.2995,-5.7672,1.733,-7.3965,0,0,0,NaN,NaN,NaN,NaN,NaN,NaN,NaN,NaN,NaN,46.582,0,3602.3,0.0064211,NaN,NaN,NaN,NaN,18.433,99044,21.75,-1.8913,0.51104,-10.016,-6.2165,2.7001,-7.3202,NaN,NaN,NaN,NaN,NaN
487.15,-17.546,-9.389,4.3989,-2.2671,1.7682,-13.24,-5.4473,-0.6942,-7.0633,0,0,0,NaN,NaN,NaN,NaN,NaN,NaN,NaN,NaN,NaN,46.582,0,3602.3,0.0064211,NaN,NaN,NaN,NaN,NaN,-1,-1,-1.8886,0.5096,-10.04,-6.1884,2.6586,-7.3182,NaN,NaN,NaN,NaN,NaN
487.15,-17.557,-9.3743,4.3765,-2.0259,0.52512,-9.8836,-6.3193,8.1496,-7.1381,0,0,0,NaN,NaN,NaN,NaN,NaN,NaN,NaN,NaN,NaN,46.582,0,3602.3,0.0064211,NaN,NaN,NaN,NaN,NaN,-1,-1,-1.8829,0.48948,-10.069,-6.1257,2.8485,-7.3103,NaN,NaN,NaN,NaN,NaN
487.15,-17.569,-9.3768,4.3587,-1.1145,-1.5031,-8.9755,-6.557,1.0337,-7.3398,0.63905,0.18756,-0.926,NaN,NaN,NaN,NaN,NaN,NaN,NaN,NaN,NaN,46.582,0,3602.3,0.0064211,0.59787,2.1133,0.2915,0.045783,18.74,99032,21.688,-1.8814,0.47758,-10.128,-6.1082,2.8011,-7.2912,NaN,NaN,NaN,NaN,NaN
487.15,-17.583,-9.3804,4.3424,-2.221,0.56451,-11.109,-6.8819,0.43654,-7.063,0,0,0,NaN,NaN,NaN,NaN,NaN,NaN,NaN,NaN,NaN,46.582,0,3602.3,0.0064211,NaN,NaN,NaN,NaN,NaN,-1,-1,-1.8772,0.47371,-10.136,-6.1028,2.8091,-7.2714,NaN,NaN,NaN,NaN,NaN
487.16,-17.591,-9.3764,4.3219,-1.8403,0.3651,-11.795,-4.9304,3.8615,-7.6661,0,0,0,NaN,NaN,NaN,NaN,NaN,NaN,NaN,NaN,NaN,46.582,0,3602.3,0.0064211,NaN,NaN,NaN,NaN,NaN,-1,-1,-1.8687,0.4723,-10.16,-6.0259,2.7924,-7.2715,NaN,NaN,NaN,NaN,NaN
487.16,-17.6,-9.3758,4.3038,-1.7828,0.36251,-9.3043,-5.4287,2.2855,-7.2222,0,0,0,NaN,NaN,NaN,NaN,NaN,NaN,NaN,NaN,NaN,46.582,0,3602.3,0.0064211,NaN,NaN,NaN,NaN,18.544,99020,21.688,-1.8664,0.4817,-10.221,-5.934,2.8421,-7.2448,NaN,NaN,NaN,NaN,NaN
487.16,-17.612,-9.3761,4.2859,-1.283,0.82666,-12.224,-6.2959,1.8177,-7.0802,0.63903,0.17737,-0.9306,NaN,NaN,NaN,NaN,NaN,NaN,NaN,NaN,NaN,46.582,0,3602.3,0.0064211,NaN,NaN,NaN,NaN,NaN,-1,-1,-1.8687,0.48584,-10.241,-5.8297,2.7978,-7.2262,NaN,NaN,NaN,NaN,NaN
487.16,-17.623,-9.3699,4.2656,-2.4437,0.33867,-10.46,-6.1061,4.643,-7.3587,0,0,0,NaN,NaN,NaN,NaN,NaN,NaN,NaN,NaN,NaN,46.582,0,3602.3,0.0064211,NaN,NaN,NaN,NaN,18.526,99060,21.875,-1.8649,0.48559,-10.242,-5.7742,2.7934,-7.1675,NaN,NaN,NaN,NaN,NaN
487.17,-17.631,-9.3701,4.2488,-1.9533,1.0891,-10.437,-4.9168,1.812,-6.8201,0,0,0,NaN,NaN,NaN,NaN,NaN,NaN,NaN,NaN,NaN,46.582,0,3602.3,0.0064211,0.59568,2.2356,0.23003,0.092398,NaN,-1,-1,-1.861,0.49409,-10.274,-5.713,2.7628,-7.1512,NaN,NaN,NaN,NaN,NaN
487.17,-17.639,-9.3737,4.2328,-1.7706,0.82385,-12.257,-4.6934,0.43516,-6.9323,0,0,0,NaN,NaN,NaN,NaN,NaN,NaN,NaN,NaN,NaN,46.582,0,3602.3,0.0064211,NaN,NaN,NaN,NaN,NaN,-1,-1,-1.8643,0.47672,-10.302,-5.6518,2.7112,-7.111,NaN,NaN,NaN,NaN,NaN
487.17,-17.646,-9.3655,4.2131,-2.2725,1.5954,-11.167,-4.1851,5.345,-6.7948,0.63925,0.18482,-0.93058,NaN,NaN,NaN,NaN,NaN,NaN,NaN,NaN,NaN,46.562,0,3580.8,0.0064211,NaN,NaN,NaN,NaN,18.298,98992,21.563,-1.8519,0.47098,-10.314,-5.5632,2.6533,-7.0846,NaN,NaN,NaN,NaN,NaN
487.17,-17.656,-9.3574,4.1931,-1.6756,-0.94114,-9.086,-6.0685,5.3548,-7.0146,0,0,0,NaN,NaN,NaN,NaN,NaN,NaN,NaN,NaN,NaN,46.562,0,3580.8,0.0064211,NaN,NaN,NaN,NaN,NaN,-1,-1,-1.8523,0.46392,-10.372,-5.5003,2.7078,-7.0676,NaN,NaN,NaN,NaN,NaN
487.18,-17.676,-9.3652,4.1598,-2.2812,1.2734,-13.7,-5.1314,4.0304,-7.016,0,0,0,NaN,NaN,NaN,NaN,NaN,NaN,NaN,NaN,NaN,46.562,0,3580.8,0.0064211,0.58911,2.1091,0.29698,0.047447,NaN,-1,-1,-1.844,0.4435,-10.395,-5.4631,2.6537,-7.0241,NaN,NaN,NaN,NaN,NaN
487.18,-17.683,-9.3586,4.1388,-1.4503,-0.62406,-9.7366,-4.6565,4.8382,-7.3938,0.63876,0.17762,-0.92603,NaN,NaN,NaN,NaN,NaN,NaN,NaN,NaN,NaN,46.562,0,3580.8,0.0064211,NaN,NaN,NaN,NaN,18.699,99058,21.813,-1.835,0.45747,-10.403,-5.4059,2.4684,-7.0064,NaN,NaN,NaN,NaN,NaN
487.18,-17.695,-9.3633,4.1219,-1.7258,0.47421,-9.9812,-6.1971,0.10955,-7.4057,0,0,0,NaN,NaN,NaN,NaN,NaN,NaN,NaN,NaN,NaN,46.562,0,3580.8,0.0064211,NaN,NaN,NaN,NaN,18.632,99022,21.688,-1.8428,0.47705,-10.47,-5.3711,2.7711,-6.9814,NaN,NaN,NaN,NaN,NaN
487.18,-17.706,-9.3636,4.1044,-1.83,1.3955,-13.041,-5.7982,1.89,-7.1082,0,0,0,NaN,NaN,NaN,NaN,NaN,NaN,NaN,NaN,NaN,46.562,0,3580.8,0.0064211,NaN,NaN,NaN,NaN,NaN,-1,-1,-1.8395,0.47327,-10.504,-5.3694,2.5618,-6.9612,NaN,NaN,NaN,NaN,NaN
487.19,-17.713,-9.355,4.0851,-2.1571,0.87899,-11.141,-4.7596,5.4618,-6.6997,0,0,0,NaN,NaN,NaN,NaN,NaN,NaN,NaN,NaN,NaN,46.562,0,3580.8,0.0064211,NaN,NaN,NaN,NaN,NaN,-1,-1,-1.8373,0.46942,-10.523,-5.3268,2.2502,-6.931,NaN,NaN,NaN,NaN,NaN
487.19,-17.721,-9.3557,4.068,-1.714,-0.50589,-9.4999,-4.56,1.6466,-6.8533,0.63194,0.18493,-0.93124,NaN,NaN,NaN,NaN,NaN,NaN,NaN,NaN,NaN,46.562,0,3580.8,0.0064211,NaN,NaN,NaN,NaN,NaN,-1,-1,-1.836,0.4796,-10.567,-5.2798,2.5544,-6.9069,NaN,NaN,NaN,NaN,NaN
487.19,-17.729,-9.3626,4.0541,-2.0983,2.0111,-13.218,-4.3797,-1.0668,-6.5559,0,0,0,NaN,NaN,NaN,NaN,NaN,NaN,NaN,NaN,NaN,46.562,0,3580.8,0.0064211,0.60006,2.1193,0.29758,0.037458,18.74,99013,21.625,-1.8368,0.45832,-10.583,-5.2504,2.5,-6.8622,NaN,NaN,NaN,NaN,NaN
487.19,-17.749,-9.3494,4.0157,-1.2376,-0.93825,-8.167,-5.7163,1.3171,-6.7288,0,0,0,NaN,NaN,NaN,NaN,NaN,NaN,NaN,NaN,NaN,46.562,0,3580.8,0.0064211,NaN,NaN,NaN,NaN,NaN,-1,-1,-1.8236,0.45341,-10.592,-5.2438,2.2218,-6.8413,NaN,NaN,NaN,NaN,NaN
487.2,-17.761,-9.3569,4.0011,-1.9187,-0.14142,-12.838,-6.2515,-1.2984,-6.7094,0.63208,0.18989,-0.93122,NaN,NaN,NaN,NaN,NaN,NaN,NaN,NaN,NaN,46.562,0,3580.8,0.0064211,NaN,NaN,NaN,NaN,NaN,-1,-1,-1.8207,0.44887,-10.624,-5.2221,2.3143,-6.8093,NaN,NaN,NaN,NaN,NaN
487.2,-17.768,-9.3535,3.9819,-2.0818,0.52292,-12.68,-4.6626,3.5064,-7.2625,0,0,0,NaN,NaN,NaN,NaN,NaN,NaN,NaN,NaN,NaN,46.562,0,3580.8,0.0064211,NaN,NaN,NaN,NaN,18.282,99056,21.875,-1.8217,0.43848,-10.672,-5.193,2.3201,-6.7692,NaN,NaN,NaN,NaN,NaN
487.2,-17.779,-9.3459,3.9634,-1.475,0.5628,-9.5719,-5.9978,5.0095,-6.5341,0,0,0,NaN,NaN,NaN,NaN,NaN,NaN,NaN,NaN,NaN,46.562,0,3580.8,0.0064211,NaN,NaN,NaN,NaN,NaN,-1,-1,-1.8162,0.44268,-10.695,-5.1947,2.3448,-6.7488,NaN,NaN,NaN,NaN,NaN
487.2,-17.79,-9.3521,3.948,-1.5499,0.72384,-10.453,-5.7437,-0.6106,-7.0215,0,0,0,NaN,NaN,NaN,NaN,NaN,NaN,NaN,NaN,NaN,46.562,0,3580.8,0.0064211,NaN,NaN,NaN,NaN,18.342,98993,21.563,-1.8205,0.44845,-10.718,-5.1552,2.1458,-6.7206,NaN,NaN,NaN,NaN,NaN
487.21,-17.801,-9.3503,3.9297,-2.1914,0.64125,-12.354,-5.8696,2.7415,-7.0143,0.62714,0.18748,-0.93167,NaN,NaN,NaN,NaN,NaN,NaN,NaN,NaN,NaN,46.562,0,3580.8,0.0064211,NaN,NaN,NaN,NaN,NaN,-1,-1,-1.8069,0.44589,-10.712,-5.0797,2.0783,-6.6844,NaN,NaN,NaN,NaN,NaN
487.21,-17.808,-9.3458,3.9117,-1.7334,1.034,-10.865,-4.5718,3.7587,-6.7012,0,0,0,NaN,NaN,NaN,NaN,NaN,NaN,NaN,NaN,NaN,46.562,0,3580.8,0.0064211,NaN,NaN,NaN,NaN,NaN,-1,-1,-1.8122,0.44212,-10.76,-5.0151,2.1432,-6.6513,NaN,NaN,NaN,NaN,NaN
487.21,-17.816,-9.3478,3.897,-1.9316,-0.39365,-10.481,-4.3648,0.8792,-6.2227,0,0,0,NaN,NaN,NaN,NaN,NaN,NaN,NaN,NaN,NaN,46.562,0,3580.8,0.0064211,NaN,NaN,NaN,NaN,18.387,99017,21.625,-1.8163,0.44986,-10.792,-4.9955,2.0678,-6.6245,NaN,NaN,NaN,NaN,NaN
487.21,-17.824,-9.3474,3.8816,-2.0199,1.7639,-12.049,-4.6107,1.9085,-6.2455,0,0,0,NaN,NaN,NaN,NaN,NaN,NaN,NaN,NaN,NaN,46.562,0,3580.8,0.0064211,0.65098,2.1408,0.28846,0.0033296,NaN,-1,-1,-1.8038,0.44046,-10.778,-4.9211,1.8804,-6.5983,NaN,NaN,NaN,NaN,NaN
487.22,-17.834,-9.3374,3.862,-1.7475,0.12633,-9.4577,-5.9775,5.9509,-6.3982,0.63201,0.18741,-0.93123,NaN,NaN,NaN,NaN,NaN,NaN,NaN,NaN,NaN,46.562,0,3580.8,0.0064211,0.65098,2.1408,0.28846,0.0033296,NaN,-1,-1,-1.7961,0.41835,-10.791,-4.8477,1.877,-6.5762,NaN,NaN,NaN,NaN,NaN
487.22,-17.844,-9.3475,3.8482,-1.0932,-1.6394,-10.088,-5.3234,-2.2516,-6.909,0,0,0,NaN,NaN,NaN,NaN,NaN,NaN,NaN,NaN,NaN,46.562,0,3580.8,0.0064211,NaN,NaN,NaN,NaN,18.345,99042,21.75,-1.8058,0.42848,-10.845,-4.7785,1.8712,-6.5395,NaN,NaN,NaN,NaN,NaN
487.22,-17.854,-9.348,3.8325,-2.4808,1.2205,-13.18,-5.3074,1.5739,-6.4352,0,0,0,NaN,NaN,NaN,NaN,NaN,NaN,NaN,NaN,NaN,46.562,0,3580.8,0.0064211,NaN,NaN,NaN,NaN,NaN,-1,-1,-1.7941,0.41068,-10.83,-4.706,1.7231,-6.5221,NaN,NaN,NaN,NaN,NaN
487.22,-17.86,-9.3398,3.8136,-1.6337,0.1727,-10.873,-4.0522,5.2865,-6.5947,0,0,0,NaN,NaN,NaN,NaN,NaN,NaN,NaN,NaN,NaN,46.562,0,3580.8,0.0064211,NaN,NaN,NaN,NaN,18.277,99026,21.688,-1.7789,0.40862,-10.857,-4.6484,1.7742,-6.4914,NaN,NaN,NaN,NaN,NaN
487.23,-17.87,-9.3449,3.7983,-1.4804,0.1149,-8.5235,-5.286,-0.23251,-6.6934,0.62742,0.19232,-0.93395,NaN,NaN,NaN,NaN,NaN,NaN,NaN,NaN,NaN,46.562,0,3580.8,0.0064211,NaN,NaN,NaN,NaN,NaN,-1,-1,-1.7932,0.43076,-10.914,-4.5462,1.4863,-6.4652,NaN,NaN,NaN,NaN,NaN
487.23,-17.88,-9.3498,3.7848,-1.8145,0.99877,-13.204,-5.2975,-0.34406,-6.1489,0,0,0,NaN,NaN,NaN,NaN,NaN,NaN,NaN,NaN,NaN,46.562,0,3580.8,0.0064211,NaN,NaN,NaN,NaN,NaN,-1,-1,-1.7867,0.42812,-10.891,-4.5929,1.5701,-6.6094,NaN,NaN,NaN,NaN,NaN
487.23,-17.887,-9.34,3.7651,-2.2819,0.76669,-11.382,-4.7166,6.009,-6.6709,0,0,0,NaN,NaN,NaN,NaN,NaN,NaN,NaN,NaN,NaN,46.562,0,3580.8,0.0064211,0.60499,2.1163,0.30428,0.054939,18.346,99036,21.75,-1.7762,0.42081,-10.884,-4.4702,1.5772,-6.5287,NaN,NaN,NaN,NaN,NaN
487.23,-17.892,-9.3417,3.7494,-1.5257,0.25967,-8.3394,-3.3151,1.134,-6.5805,0,0,0,NaN,NaN,NaN,NaN,NaN,NaN,NaN,NaN,NaN,46.562,0,3580.8,0.0064211,NaN,NaN,NaN,NaN,NaN,-1,-1,-1.7823,0.42336,-10.951,-4.3529,1.7632,-6.4583,NaN,NaN,NaN,NaN,NaN
487.24,-17.898,-9.353,3.7383,-1.8595,0.65451,-13.503,-3.6108,-3.1784,-5.9081,0.6293,0.18769,-0.92688,NaN,NaN,NaN,NaN,NaN,NaN,NaN,NaN,NaN,46.562,0,3580.8,0.0064211,NaN,NaN,NaN,NaN,NaN,-1,-1,-1.7866,0.43513,-10.942,-4.2125,1.7592,-6.4042,NaN,NaN,NaN,NaN,NaN
487.24,-17.904,-9.3399,3.7191,-2.4102,1.4769,-11.093,-3.835,7.2078,-6.0413,0,0,0,NaN,NaN,NaN,NaN,NaN,NaN,NaN,NaN,NaN,46.562,0,3580.8,0.0064211,NaN,NaN,NaN,NaN,17.985,99063,21.813,-1.7671,0.4101,-10.906,-4.1842,1.5958,-6.3521,NaN,NaN,NaN,NaN,NaN
487.24,-17.912,-9.334,3.7021,-1.2598,-0.85044,-8.1902,-4.6833,4.2008,-6.1511,0,0,0,NaN,NaN,NaN,NaN,NaN,NaN,NaN,NaN,NaN,46.562,0,3580.8,0.0064211,NaN,NaN,NaN,NaN,NaN,-1,-1,-1.7658,0.39911,-10.935,-4.1167,1.6405,-6.2936,NaN,NaN,NaN,NaN,NaN
487.24,-17.92,-9.3523,3.6928,-1.2992,-0.34605,-10.408,-4.424,-5.9403,-6.2216,0,0,0,NaN,NaN,NaN,NaN,NaN,NaN,NaN,NaN,NaN,46.562,0,3580.8,0.0064211,NaN,NaN,NaN,NaN,18.027,99043,21.688,-1.7721,0.40091,-10.964,-3.9946,1.7209,-6.231,NaN,NaN,NaN,NaN,NaN
487.25,-17.925,-9.3492,3.6749,-2.6499,0.46705,-14.849,-3.5251,3.1871,-6.6429,0.62713,0.18238,-0.93397,NaN,NaN,NaN,NaN,NaN,NaN,NaN,NaN,NaN,46.562,0,3580.8,0.0064211,NaN,NaN,NaN,NaN,NaN,-1,-1,-1.7773,0.40822,-10.965,-3.9182,1.6531,-6.1923,NaN,NaN,NaN,NaN,NaN
487.25,-17.931,-9.3385,3.6567,-1.2228,0.18888,-8.6949,-3.9804,6.1481,-6.0233,0,0,0,NaN,NaN,NaN,NaN,NaN,NaN,NaN,NaN,NaN,46.562,0,3580.8,0.0064211,NaN,NaN,NaN,NaN,NaN,-1,-1,-1.7807,0.42921,-10.996,-3.8622,1.5702,-6.1443,NaN,NaN,NaN,NaN,NaN
487.25,-17.937,-9.3492,3.6439,-1.6305,0.76044,-9.784,-3.9081,-2.6062,-6.6135,0,0,0,NaN,NaN,NaN,NaN,NaN,NaN,NaN,NaN,NaN,46.562,0,3580.8,0.0064211,NaN,NaN,NaN,NaN,17.64,99046,21.75,-1.7679,0.42225,-10.959,-3.8318,1.4188,-6.1095,NaN,NaN,NaN,NaN,NaN
487.25,-17.944,-9.3478,3.6274,-2.0824,0.48859,-12.875,-4.0984,2.4291,-6.4849,0,0,0,NaN,NaN,NaN,NaN,NaN,NaN,NaN,NaN,NaN,46.562,0,3580.8,0.0064211,NaN,NaN,NaN,NaN,NaN,-1,-1,-1.7662,0.41488,-10.958,-3.8396,1.3152,-6.0684,NaN,NaN,NaN,NaN,NaN
487.26,-17.951,-9.3486,3.5973,-2.0035,0.24848,-9.3923,-2.2355,-1.7976,-6.1045,0,0,0,NaN,NaN,NaN,NaN,NaN,NaN,NaN,NaN,NaN,46.562,0,3580.8,0.0064211,0.65481,2.139,0.28785,-0.014983,NaN,-1,-1,-1.7506,0.41258,-10.901,-3.8271,1.4415,-6.042,NaN,NaN,NaN,NaN,NaN
487.26,-17.954,-9.3488,3.5827,-2.2645,1.4856,-13.516,-2.7222,1.6061,-5.9529,0,0,0,NaN,NaN,NaN,NaN,NaN,NaN,NaN,NaN,NaN,46.562,0,3580.8,0.0064211,NaN,NaN,NaN,NaN,18.185,99037,21.688,-1.7511,0.40918,-10.916,-3.8793,1.5419,-6.0021,NaN,NaN,NaN,NaN,NaN
487.26,-17.961,-9.3354,3.5631,-1.6188,-0.1394,-8.3423,-4.6003,7.3851,-6.2082,0,0,0,NaN,NaN,NaN,NaN,NaN,NaN,NaN,NaN,NaN,46.562,0,3580.8,0.0064211,NaN,NaN,NaN,NaN,18.302,99053,21.813,-1.7492,0.40213,-10.893,-3.922,1.4456,-5.9777,NaN,NaN,NaN,NaN,NaN
487.26,-17.97,-9.3471,3.551,-1.1533,-0.17024,-8.6749,-4.8121,-3.1513,-6.3398,0.6371,0.19479,-0.93077,NaN,NaN,NaN,NaN,NaN,NaN,NaN,NaN,NaN,46.562,0,3580.8,0.0064211,NaN,NaN,NaN,NaN,NaN,-1,-1,-1.7531,0.39994,-10.907,-4.0564,1.4678,-5.9625,NaN,NaN,NaN,NaN,NaN
487.27,-17.977,-9.3527,3.5385,-2.3939,0.18111,-13.834,-4.1209,-0.74106,-5.8656,0,0,0,NaN,NaN,NaN,NaN,NaN,NaN,NaN,NaN,NaN,46.562,0,3580.8,0.0064211,NaN,NaN,NaN,NaN,NaN,-1,-1,-1.7307,0.3818,-10.82,-4.1817,1.5772,-5.9504,NaN,NaN,NaN,NaN,NaN
487.27,-17.983,-9.3424,3.519,-1.8066,-0.15738,-10.566,-3.8747,6.2078,-6.5042,0,0,0,NaN,NaN,NaN,NaN,NaN,NaN,NaN,NaN,NaN,46.562,0,3580.8,0.0064211,NaN,NaN,NaN,NaN,NaN,-1,-1,-1.7314,0.38694,-10.821,-4.3114,1.3722,-5.9268,NaN,NaN,NaN,NaN,NaN
487.27,-17.991,-9.3475,3.5059,-1.4434,1.1766,-8.4603,-4.2801,-0.46862,-6.0395,0,0,0,NaN,NaN,NaN,NaN,NaN,NaN,NaN,NaN,NaN,46.562,0,3580.8,0.0064211,NaN,NaN,NaN,NaN,18.098,99041,21.75,-1.7373,0.41543,-10.842,-4.4378,1.247,-5.9023,NaN,NaN,NaN,NaN,NaN
487.27,-18,-9.3553,3.4922,-1.6336,0.50437,-12.336,-5.2791,-1.5274,-6.3709,0.64176,0.18728,-0.93036,NaN,NaN,NaN,NaN,NaN,NaN,NaN,NaN,NaN,46.562,0,3580.8,0.0064211,NaN,NaN,NaN,NaN,NaN,-1,-1,-1.7302,0.41167,-10.81,-4.643,1.55,-5.8805,NaN,NaN,NaN,NaN,NaN
487.28,-18.011,-9.3454,3.4739,-2.1271,0.30399,-11.131,-5.6805,5.8775,-6.1389,0,0,0,NaN,NaN,NaN,NaN,NaN,NaN,NaN,NaN,NaN,46.562,0,3580.8,0.0064211,NaN,NaN,NaN,NaN,NaN,-1,-1,-1.7348,0.40929,-10.785,-4.8599,1.3802,-5.8853,NaN,NaN,NaN,NaN,NaN
487.28,-18.025,-9.3581,3.4482,-2.2424,0.15845,-11.064,-4.2857,-2.7142,-6.0067,0,0,0,NaN,NaN,NaN,NaN,NaN,NaN,NaN,NaN,NaN,46.562,0,3580.8,0.0064211,NaN,NaN,NaN,NaN,18.119,99051,21.75,-1.7416,0.4084,-10.782,-5.1606,1.2396,-5.8738,NaN,NaN,NaN,NaN,NaN
487.28,-18.035,-9.3483,3.43,-2.1528,1.4001,-11.192,-5.4508,5.7916,-5.9356,0.64154,0.17983,-0.93038,NaN,NaN,NaN,NaN,NaN,NaN,NaN,NaN,NaN,46.582,0,3566.6,0.0080533,0.60115,2.2356,0.23125,0.06576,NaN,-1,-1,-1.7509,0.40563,-10.779,-5.3869,1.432,-5.8752,NaN,NaN,NaN,NaN,NaN
487.28,0,0,0,0,0,0,0,0,0,0,0,0,NaN,NaN,NaN,NaN,NaN,NaN,NaN,NaN,NaN,46.582,0,3566.6,0.0080533,NaN,NaN,NaN,NaN,18.279,99055,21.813,-1.7448,0.39885,-10.737,-5.6651,1.3994,-5.9012,NaN,NaN,NaN,NaN,NaN
487.29,-18.048,-9.3455,3.4134,-1.4657,0.31073,-8.5539,-6.7752,2.9829,-6.3467,0,0,0,NaN,NaN,NaN,NaN,NaN,NaN,NaN,NaN,NaN,46.582,0,3566.6,0.0080533,NaN,NaN,NaN,NaN,NaN,-1,-1,-1.7539,0.39303,-10.721,-5.9887,1.1996,-5.899,NaN,NaN,NaN,NaN,NaN
487.29,-18.061,-9.358,3.4024,-1.389,-1.1687,-10.276,-6.3149,-3.5099,-6.1645,0,0,0,NaN,NaN,NaN,NaN,NaN,NaN,NaN,NaN,NaN,46.582,0,3566.6,0.0080533,NaN,NaN,NaN,NaN,NaN,-1,-1,-1.7551,0.37954,-10.715,-6.3378,1.3877,-5.9174,NaN,NaN,NaN,NaN,NaN
487.29,-18.075,-9.3546,3.386,-2.36,0.79689,-12.849,-7.0233,3.1805,-6.2197,0,0,0,NaN,NaN,NaN,NaN,NaN,NaN,NaN,NaN,NaN,46.582,0,3566.6,0.0080533,NaN,NaN,NaN,NaN,18.005,99054,21.75,-1.7571,0.39449,-10.682,-6.6213,1.4634,-5.9466,NaN,NaN,NaN,NaN,NaN
487.29,-18.085,-9.3498,3.368,-1.3256,0.38984,-8.9253,-5.7438,3.8166,-6.4187,0.63437,0.18489,-0.93102,3.0859,22.79,-3.5871,23.276,40.06,-88.55,3.6783e+05,4.4355e+06,304.27,46.582,0,3566.6,0.0080533,NaN,NaN,NaN,NaN,NaN,-1,-1,-1.7599,0.40261,-10.641,-6.8996,1.1664,-5.9573,23.21,1.7134,0.36378,0.89795,4.2216
487.3,-18.1,-9.3562,3.3538,-2.0181,0.57468,-9.8791,-7.1893,-0.81687,-6.5725,0,0,0,NaN,NaN,NaN,NaN,NaN,NaN,NaN,NaN,NaN,46.582,0,3566.6,0.0080533,0.59568,2.247,0.22517,0.097392,NaN,-1,-1,-1.7635,0.4075,-10.635,-7.1417,1.275,-5.9714,NaN,NaN,NaN,NaN,NaN
487.3,-18.118,-9.3561,3.3378,-1.8381,0.63377,-11.602,-8.603,1.8941,-6.4822,0,0,0,NaN,NaN,NaN,NaN,NaN,NaN,NaN,NaN,NaN,46.582,0,3566.6,0.0080533,NaN,NaN,NaN,NaN,18.323,99056,21.813,-1.7708,0.40053,-10.604,-7.4291,1.5947,-5.9725,NaN,NaN,NaN,NaN,NaN
487.3,-18.134,-9.3526,3.3219,-1.4622,1.4507,-10.113,-7.7428,3.1576,-6.0347,0,0,0,NaN,NaN,NaN,NaN,NaN,NaN,NaN,NaN,NaN,46.582,0,3566.6,0.0080533,NaN,NaN,NaN,NaN,NaN,-1,-1,-1.7966,0.40736,-10.662,-7.7023,1.3004,-5.9851,NaN,NaN,NaN,NaN,NaN
487.3,-18.144,-9.3539,3.2712,-2.1814,1.0217,-12.434,-7.4595,0.67626,-6.0723,0,0,0,NaN,NaN,NaN,NaN,NaN,NaN,NaN,NaN,NaN,46.582,0,3566.6,0.0080533,NaN,NaN,NaN,NaN,18.475,99018,21.625,-1.7921,0.4126,-10.613,-7.9569,1.2927,-6.0105,NaN,NaN,NaN,NaN,NaN
487.31,-18.162,-9.3459,3.2541,-1.7611,0.79585,-8.9275,-8.7472,5.0432,-5.8819,0,0,0,NaN,NaN,NaN,NaN,NaN,NaN,NaN,NaN,NaN,46.582,0,3566.6,0.0080533,NaN,NaN,NaN,NaN,NaN,-1,-1,-1.7985,0.40147,-10.576,-8.1903,1.4987,-6.0269,NaN,NaN,NaN,NaN,NaN
487.31,-18.182,-9.3479,3.2397,-1.4759,-0.30173,-9.2116,-9.2293,0.89656,-6.1124,0,0,0,NaN,NaN,NaN,NaN,NaN,NaN,NaN,NaN,NaN,46.582,0,3566.6,0.0080533,0.58637,2.2285,0.21543,0.099889,NaN,-1,-1,-1.7926,0.37902,-10.528,-8.4106,1.3808,-6.0525,NaN,NaN,NaN,NaN,NaN
487.31,-18.202,-9.3564,3.2261,-1.9882,-0.29462,-11.951,-9.2444,-1.7993,-6.4096,0.64371,0.18004,-0.92558,NaN,NaN,NaN,NaN,NaN,NaN,NaN,NaN,NaN,46.582,0,3566.6,0.0080533,NaN,NaN,NaN,NaN,18.298,99034,21.688,-1.7996,0.3841,-10.512,-8.6228,1.4013,-6.0899,NaN,NaN,NaN,NaN,NaN
487.31,-18.241,-9.3537,3.1937,-1.4462,-0.098524,-9.673,-9.6158,0.54924,-6.2776,0,0,0,NaN,NaN,NaN,NaN,NaN,NaN,NaN,NaN,NaN,46.582,0,3566.6,0.0080533,NaN,NaN,NaN,NaN,NaN,-1,-1,-1.8107,0.39932,-10.497,-8.7848,1.3651,-6.1262,NaN,NaN,NaN,NaN,NaN
487.32,-18.264,-9.3564,3.1785,-1.8326,1.1133,-11.099,-10.878,0.74387,-6.4807,0,0,0,NaN,NaN,NaN,NaN,NaN,NaN,NaN,NaN,NaN,46.582,0,3566.6,0.0080533,NaN,NaN,NaN,NaN,NaN,-1,-1,-1.809,0.39581,-10.443,-8.9063,1.3372,-6.1561,NaN,NaN,NaN,NaN,NaN
487.32,-18.305,-9.3547,3.1454,-1.3612,0.48581,-9.2582,-9.4093,0.20117,-6.449,0,0,0,NaN,NaN,NaN,NaN,NaN,NaN,NaN,NaN,NaN,46.582,0,3566.6,0.0080533,NaN,NaN,NaN,NaN,18.189,99060,21.813,-1.8131,0.40573,-10.394,-9.0405,1.4222,-6.1972,NaN,NaN,NaN,NaN,NaN
487.32,-18.325,-9.3625,3.1327,-2.2048,0.077802,-11.789,-9.1738,-1.4847,-6.2396,0,0,0,NaN,NaN,NaN,NaN,NaN,NaN,NaN,NaN,NaN,46.582,0,3566.6,0.0080533,NaN,NaN,NaN,NaN,NaN,-1,-1,-1.8123,0.40645,-10.374,-9.1451,1.3654,-6.2299,NaN,NaN,NaN,NaN,NaN
487.32,-18.344,-9.354,3.1146,-2.3409,1.6528,-12.129,-9.4157,5.3416,-6.1925,0,0,0,NaN,NaN,NaN,NaN,NaN,NaN,NaN,NaN,NaN,46.582,0,3566.6,0.0080533,0.61265,2.241,0.23308,0.069923,18.204,99018,21.563,-1.8186,0.40317,-10.321,-9.2302,1.398,-6.2491,NaN,NaN,NaN,NaN,NaN
487.33,-18.366,-9.347,3.0962,-1.1301,-0.068939,-7.4747,-10.434,4.7437,-6.2798,0.63201,0.18741,-0.93123,NaN,NaN,NaN,NaN,NaN,NaN,NaN,NaN,NaN,46.582,0,3566.6,0.0080533,NaN,NaN,NaN,NaN,NaN,-1,-1,-1.823,0.41544,-10.295,-9.2724,1.4291,-6.2882,NaN,NaN,NaN,NaN,NaN
487.33,-18.389,-9.3602,3.0848,-1.4664,-0.95452,-9.4691,-10.347,-3.7041,-6.4379,0,0,0,NaN,NaN,NaN,NaN,NaN,NaN,NaN,NaN,NaN,46.582,0,3566.6,0.0080533,NaN,NaN,NaN,NaN,NaN,-1,-1,-1.8264,0.41549,-10.242,-9.2888,1.4199,-6.311,NaN,NaN,NaN,NaN,NaN
487.33,-18.411,-9.3602,3.0692,-2.508,1.1795,-13.749,-10.259,1.8042,-6.3159,0,0,0,NaN,NaN,NaN,NaN,NaN,NaN,NaN,NaN,NaN,46.582,0,3566.6,0.0080533,NaN,NaN,NaN,NaN,18.21,99025,21.688,-1.8227,0.40567,-10.175,-9.3264,1.2595,-6.351,NaN,NaN,NaN,NaN,NaN
487.33,-18.428,-9.3534,3.0508,-1.4401,0.053886,-9.377,-8.3068,4.7731,-6.5106,0,0,0,NaN,NaN,NaN,NaN,NaN,NaN,NaN,NaN,NaN,46.582,0,3566.6,0.0080533,NaN,NaN,NaN,NaN,NaN,-1,-1,-1.8267,0.39891,-10.165,-9.3723,1.4054,-6.3743,NaN,NaN,NaN,NaN,NaN
487.34,-18.449,-9.3601,3.0368,-1.5701,-0.16125,-8.8054,-9.5938,-0.94538,-6.4446,0.63898,0.18507,-0.92601,NaN,NaN,NaN,NaN,NaN,NaN,NaN,NaN,NaN,46.582,0,3566.6,0.0080533,0.59239,2.2392,0.21665,0.091565,NaN,-1,-1,-1.835,0.41735,-10.146,-9.373,1.298,-6.3991,NaN,NaN,NaN,NaN,NaN
487.34,-18.47,-9.3639,3.0235,-1.9161,1.9615,-12.208,-9.6986,0.10823,-5.9342,0,0,0,NaN,NaN,NaN,NaN,NaN,NaN,NaN,NaN,NaN,46.582,0,3566.6,0.0080533,NaN,NaN,NaN,NaN,18.301,99056,21.813,-1.8341,0.41787,-10.083,-9.3636,1.3443,-6.4371,NaN,NaN,NaN,NaN,NaN
487.34,-18.488,-9.3567,3.0055,-1.9439,-0.068153,-10.577,-8.7752,4.864,-6.2995,0,0,0,NaN,NaN,NaN,NaN,NaN,NaN,NaN,NaN,NaN,46.582,0,3566.6,0.0080533,NaN,NaN,NaN,NaN,NaN,-1,-1,-1.8351,0.41913,-10.021,-9.0754,1.2679,-6.2348,NaN,NaN,NaN,NaN,NaN
487.34,-18.503,-9.3607,2.9913,-1.5888,0.69921,-8.6787,-7.52,0.15378,-6.3124,0,0,0,NaN,NaN,NaN,NaN,NaN,NaN,NaN,NaN,NaN,46.582,0,3566.6,0.0080533,NaN,NaN,NaN,NaN,18.389,99042,21.75,-1.842,0.43119,-10.014,-8.9928,1.4529,-6.2106,NaN,NaN,NaN,NaN,NaN
487.35,-18.519,-9.3678,2.9784,-2.3897,0.39681,-12.431,-7.8053,-1.3122,-6.0267,0.64128,0.18517,-0.9235,NaN,NaN,NaN,NaN,NaN,NaN,NaN,NaN,NaN,46.582,0,3566.6,0.0080533,NaN,NaN,NaN,NaN,NaN,-1,-1,-1.8449,0.43478,-9.9781,-8.8509,1.2524,-6.1827,NaN,NaN,NaN,NaN,NaN
487.35,-18.535,-9.3598,2.9611,-2.0331,1.4943,-10.066,-7.8572,5.1131,-5.9078,0,0,0,NaN,NaN,NaN,NaN,NaN,NaN,NaN,NaN,NaN,46.582,0,3566.6,0.0080533,0.60061,2.2392,0.24099,0.07242,NaN,-1,-1,-1.8548,0.44476,-9.9538,-8.7381,1.2465,-6.152,NaN,NaN,NaN,NaN,NaN
487.35,-18.554,-9.3538,2.9447,-1.243,-0.43656,-8.4186,-8.9018,4.2053,-5.8655,0,0,0,NaN,NaN,NaN,NaN,NaN,NaN,NaN,NaN,NaN,46.582,0,3566.6,0.0080533,NaN,NaN,NaN,NaN,18.431,99018,21.625,-1.8536,0.44244,-9.8871,-8.5358,1.3627,-6.1271,NaN,NaN,NaN,NaN,NaN
487.35,-18.572,-9.3689,2.9341,-1.7969,-0.52705,-9.4908,-8.2425,-4.5081,-6.3697,0,0,0,NaN,NaN,NaN,NaN,NaN,NaN,NaN,NaN,NaN,46.582,0,3566.6,0.0080533,NaN,NaN,NaN,NaN,NaN,-1,-1,-1.8568,0.43353,-9.8474,-8.3574,1.28,-6.1015,NaN,NaN,NaN,NaN,NaN
487.36,-18.589,-9.3667,2.9178,-2.1159,0.7813,-12.684,-8.2112,2.7376,-6.1475,0.64168,0.18479,-0.93036,NaN,NaN,NaN,NaN,NaN,NaN,NaN,NaN,NaN,46.582,0,3566.6,0.0080533,NaN,NaN,NaN,NaN,NaN,-1,-1,-1.8651,0.44397,-9.8417,-8.207,1.2055,-6.0815,NaN,NaN,NaN,NaN,NaN
487.36,-18.603,-9.3639,2.9013,-1.3454,-0.084901,-9.0661,-7.4137,3.0079,-6.2898,0,0,0,NaN,NaN,NaN,NaN,NaN,NaN,NaN,NaN,NaN,46.582,0,3566.6,0.0080533,NaN,NaN,NaN,NaN,18.409,99014,21.625,-1.8654,0.45224,-9.7728,-8.0523,1.3125,-6.0428,NaN,NaN,NaN,NaN,NaN
487.36,-18.62,-9.3672,2.8877,-1.8314,0.7647,-8.9716,-7.9294,0.36446,-6.0057,0,0,0,NaN,NaN,NaN,NaN,NaN,NaN,NaN,NaN,NaN,46.582,0,3566.6,0.0080533,NaN,NaN,NaN,NaN,NaN,-1,-1,-1.8595,0.4618,-9.7113,-7.8555,1.1512,-6.0214,NaN,NaN,NaN,NaN,NaN
487.36,-18.636,-9.3686,2.8724,-2.408,1.0596,-11.064,-7.7104,1.2763,-6.3955,0,0,0,NaN,NaN,NaN,NaN,NaN,NaN,NaN,NaN,NaN,46.582,0,3566.6,0.0080533,0.59404,2.2362,0.21543,0.098224,18.322,99026,21.688,-1.8682,0.46404,-9.6703,-7.6438,1.2626,-5.9749,NaN,NaN,NaN,NaN,NaN
487.37,-18.651,-9.3682,2.8567,-1.5364,0.55414,-9.4295,-7.5378,1.8948,-6.0488,0.64379,0.18762,-0.92327,NaN,NaN,NaN,NaN,NaN,NaN,NaN,NaN,NaN,46.582,0,3566.6,0.0080533,NaN,NaN,NaN,NaN,NaN,-1,-1,-1.8662,0.46788,-9.6182,-7.438,1.4781,-5.9264,NaN,NaN,NaN,NaN,NaN
487.37,-18.663,-9.3747,2.845,-1.9452,0.58664,-10.455,-6.1795,-1.0884,-5.7032,0,0,0,NaN,NaN,NaN,NaN,NaN,NaN,NaN,NaN,NaN,46.582,0,3566.6,0.0080533,NaN,NaN,NaN,NaN,NaN,-1,-1,-1.8707,0.4707,-9.5524,-7.2699,1.3431,-5.8843,NaN,NaN,NaN,NaN,NaN
487.37,-18.677,-9.3751,2.8313,-2.4219,0.86338,-11.282,-6.5875,1.4754,-5.6482,0,0,0,NaN,NaN,NaN,NaN,NaN,NaN,NaN,NaN,NaN,46.582,0,3566.6,0.0080533,NaN,NaN,NaN,NaN,18.255,99041,21.75,-1.8762,0.48269,-9.5267,-7.0741,1.1867,-5.8367,NaN,NaN,NaN,NaN,NaN
487.37,-18.691,-9.367,2.8152,-1.3738,1.0099,-7.9336,-7.1236,4.9736,-5.464,0,0,0,NaN,NaN,NaN,NaN,NaN,NaN,NaN,NaN,NaN,46.582,0,3566.6,0.0080533,0.64879,2.1378,0.29698,0.012486,NaN,-1,-1,-1.8763,0.47141,-9.4589,-6.897,1.26,-5.793,NaN,NaN,NaN,NaN,NaN
487.38,-18.707,-9.3734,2.8027,-1.6985,-0.28363,-8.0197,-7.5735,-1.0106,-5.8055,0.6346,0.19744,-0.9287,NaN,NaN,NaN,NaN,NaN,NaN,NaN,NaN,NaN,46.582,0,3566.6,0.0080533,NaN,NaN,NaN,NaN,NaN,-1,-1,-1.8771,0.45904,-9.4157,-6.6953,1.2529,-5.7453,NaN,NaN,NaN,NaN,NaN
487.38,-18.721,-9.3838,2.7924,-2.0892,0.026461,-12.767,-6.6903,-2.7246,-5.6841,0,0,0,NaN,NaN,NaN,NaN,NaN,NaN,NaN,NaN,NaN,46.582,0,3566.6,0.0080533,NaN,NaN,NaN,NaN,18.544,99045,21.75,-1.8863,0.47267,-9.4075,-6.479,0.98158,-5.6963,NaN,NaN,NaN,NaN,NaN
487.38,-18.734,-9.3771,2.7761,-1.9767,0.34044,-10.216,-6.728,4.4703,-5.691,0,0,0,NaN,NaN,NaN,NaN,NaN,NaN,NaN,NaN,NaN,46.582,0,3566.6,0.0080533,NaN,NaN,NaN,NaN,NaN,-1,-1,-1.8915,0.47874,-9.3424,-6.2727,1.1262,-5.6458,NaN,NaN,NaN,NaN,NaN
487.38,-18.761,-9.3837,2.7502,-2.1933,0.5992,-9.6281,-6.923,-0.50077,-5.7001,0.63878,0.18781,-0.92142,NaN,NaN,NaN,NaN,NaN,NaN,NaN,NaN,NaN,46.582,0,3566.6,0.0080533,NaN,NaN,NaN,NaN,18.544,99046,21.75,-1.8873,0.48332,-9.2661,-6.0923,1.3262,-5.5954,NaN,NaN,NaN,NaN,NaN
487.39,-18.774,-9.3818,2.7362,-1.9839,0.69795,-10.72,-6.4032,2.3627,-5.4727,0,0,0,NaN,NaN,NaN,NaN,NaN,NaN,NaN,NaN,NaN,46.582,0,3566.6,0.0080533,NaN,NaN,NaN,NaN,NaN,-1,-1,-1.8977,0.50103,-9.2412,-5.8883,0.98665,-5.5375,NaN,NaN,NaN,NaN,NaN
487.39,-18.785,-9.3838,2.7229,-1.9355,1.1533,-9.6082,-5.6714,0.84637,-5.7127,0,0,0,NaN,NaN,NaN,NaN,NaN,NaN,NaN,NaN,NaN,46.582,0,3566.6,0.0080533,0.59732,2.1139,0.3061,0.046615,NaN,-1,-1,-1.9017,0.49723,-9.2009,-5.6321,0.9792,-5.4803,NaN,NaN,NaN,NaN,NaN
487.39,-18.793,-9.3883,2.7111,-2.256,0.20633,-10.004,-4.4126,-0.33896,-5.4728,0,0,0,NaN,NaN,NaN,NaN,NaN,NaN,NaN,NaN,NaN,46.572,0,3550.8,0.0069644,NaN,NaN,NaN,NaN,18.504,99082,21.938,-1.8988,0.5059,-9.1084,-5.3527,1.2538,-5.428,NaN,NaN,NaN,NaN,NaN
487.39,-18.801,-9.3828,2.6972,-1.9526,1.1748,-9.6485,-4.5147,3.7013,-4.8293,0.63433,0.19768,-0.92412,NaN,NaN,NaN,NaN,NaN,NaN,NaN,NaN,NaN,46.572,0,3550.8,0.0069644,NaN,NaN,NaN,NaN,NaN,-1,-1,-1.9056,0.513,-9.0848,-5.1488,0.98067,-5.3584,NaN,NaN,NaN,NaN,NaN
487.4,-18.812,-9.3809,2.6838,-1.698,0.26645,-6.9135,-5.693,2.3142,-5.2074,0,0,0,NaN,NaN,NaN,NaN,NaN,NaN,NaN,NaN,NaN,46.572,0,3550.8,0.0069644,NaN,NaN,NaN,NaN,NaN,-1,-1,-1.9149,0.52009,-9.0547,-4.918,0.9049,-5.2947,NaN,NaN,NaN,NaN,NaN
487.4,-18.821,-9.3913,2.6742,-1.6186,-0.28548,-9.4193,-4.7582,-2.8236,-5.4383,0,0,0,NaN,NaN,NaN,NaN,NaN,NaN,NaN,NaN,NaN,46.572,0,3550.8,0.0069644,NaN,NaN,NaN,NaN,18.211,99061,21.813,-1.9074,0.51108,-8.9448,-4.6704,0.89167,-5.2352,NaN,NaN,NaN,NaN,NaN
487.4,-18.831,-9.3914,2.6614,-2.3352,-0.20392,-10.827,-5.153,1.4507,-5.2678,0,0,0,NaN,NaN,NaN,NaN,NaN,NaN,NaN,NaN,NaN,46.572,0,3550.8,0.0069644,0.59239,2.244,0.22091,0.090733,NaN,-1,-1,-1.9067,0.50748,-8.9068,-4.3795,0.83645,-5.1811,NaN,NaN,NaN,NaN,NaN
487.4,-18.838,-9.39,2.6475,-1.6938,0.23442,-8.719,-4.0374,2.1057,-5.2796,0.63912,0.19004,-0.92599,NaN,NaN,NaN,NaN,NaN,NaN,NaN,NaN,NaN,46.572,0,3550.8,0.0069644,NaN,NaN,NaN,NaN,18.232,99047,21.75,-1.9228,0.53049,-8.9032,-4.0941,0.87032,-5.1302,NaN,NaN,NaN,NaN,NaN
487.41,-18.846,-9.3948,2.6365,-2.144,1.2467,-8.1046,-4.3545,-0.52437,-5.2166,0,0,0,NaN,NaN,NaN,NaN,NaN,NaN,NaN,NaN,NaN,46.572,0,3550.8,0.0069644,NaN,NaN,NaN,NaN,NaN,-1,-1,-1.923,0.53052,-8.822,-3.8344,0.87747,-5.0764,NaN,NaN,NaN,NaN,NaN
487.41,-18.853,-9.397,2.6242,-1.8194,0.91831,-10.449,-4.0398,0.59169,-5.3577,0,0,0,NaN,NaN,NaN,NaN,NaN,NaN,NaN,NaN,NaN,46.572,0,3550.8,0.0069644,NaN,NaN,NaN,NaN,NaN,-1,-1,-1.9233,0.54952,-8.7543,-3.5632,0.83045,-5.011,NaN,NaN,NaN,NaN,NaN
487.41,-18.859,-9.3933,2.6106,-2.0935,-0.04205,-8.5129,-3.866,3.0401,-5.0678,0,0,0,NaN,NaN,NaN,NaN,NaN,NaN,NaN,NaN,NaN,46.572,0,3550.8,0.0069644,0.58309,2.2332,0.21482,0.11487,18.807,99064,21.813,-1.9275,0.55758,-8.757,-3.2922,0.86378,-4.9633,NaN,NaN,NaN,NaN,NaN
487.41,-18.862,-9.3988,2.5997,-2.117,0.93288,-8.1528,-2.3003,-0.87313,-5.0766,0.62959,0.19763,-0.92685,NaN,NaN,NaN,NaN,NaN,NaN,NaN,NaN,NaN,46.572,0,3550.8,0.0069644,0.58309,2.2332,0.21482,0.11487,NaN,-1,-1,-1.938,0.55769,-8.6892,-3.0481,0.8709,-4.9042,NaN,NaN,NaN,NaN,NaN
487.42,-18.867,-9.3971,2.5777,-2.0562,1.3369,-8.6899,-2.1733,5.0284,-4.3761,0,0,0,NaN,NaN,NaN,NaN,NaN,NaN,NaN,NaN,NaN,46.572,0,3550.8,0.0069644,NaN,NaN,NaN,NaN,NaN,-1,-1,-1.9407,0.57087,-8.6759,-2.8141,0.76029,-4.8621,NaN,NaN,NaN,NaN,NaN
487.42,-18.871,-9.3952,2.5658,-1.6553,-0.51265,-5.8767,-3.0591,2.1221,-4.6689,0,0,0,NaN,NaN,NaN,NaN,NaN,NaN,NaN,NaN,NaN,46.572,0,3550.8,0.0069644,NaN,NaN,NaN,NaN,18.143,99043,21.75,-1.9461,0.57254,-8.6293,-2.5595,0.85523,-4.8124,NaN,NaN,NaN,NaN,NaN
487.42,-18.876,-9.411,2.5594,-1.5773,0.2161,-8.8075,-2.8403,-5.359,-4.7568,0.63447,0.19756,-0.92641,NaN,NaN,NaN,NaN,NaN,NaN,NaN,NaN,NaN,46.572,0,3550.8,0.0069644,NaN,NaN,NaN,NaN,NaN,-1,-1,-1.9437,0.57005,-8.5416,-2.3185,0.85644,-4.7837,NaN,NaN,NaN,NaN,NaN
487.42,-18.876,-9.4108,2.548,-2.5551,0.78379,-11.711,-1.1091,1.4033,-4.7345,0,0,0,NaN,NaN,NaN,NaN,NaN,NaN,NaN,NaN,NaN,46.572,0,3550.8,0.0069644,NaN,NaN,NaN,NaN,18.256,99059,21.813,-1.9419,0.55829,-8.4899,-2.1084,0.70949,-4.7526,NaN,NaN,NaN,NaN,NaN
487.43,-18.877,-9.4035,2.5342,-1.8525,-0.26173,-7.2994,-1.681,4.3942,-4.6624,0,0,0,NaN,NaN,NaN,NaN,NaN,NaN,NaN,NaN,NaN,46.572,0,3550.8,0.0069644,NaN,NaN,NaN,NaN,NaN,-1,-1,-1.9518,0.58529,-8.4889,-1.9098,0.70021,-4.7199,NaN,NaN,NaN,NaN,NaN
487.43,-18.88,-9.4124,2.5261,-1.6947,1.3444,-6.4943,-2.131,-2.4419,-4.6624,0,0,0,NaN,NaN,NaN,NaN,NaN,NaN,NaN,NaN,NaN,46.572,0,3550.8,0.0069644,NaN,NaN,NaN,NaN,NaN,-1,-1,-1.9484,0.57726,-8.3969,-1.7178,0.75786,-4.6897,NaN,NaN,NaN,NaN,NaN
487.43,-18.88,-9.4189,2.5165,-2.2977,1.5234,-11.052,-1.146,-1.4125,-4.7091,0.63921,0.19762,-0.92368,NaN,NaN,NaN,NaN,NaN,NaN,NaN,NaN,NaN,46.572,0,3550.8,0.0069644,NaN,NaN,NaN,NaN,18.053,99063,21.813,-1.9482,0.59571,-8.3554,-1.5623,0.64757,-4.6613,NaN,NaN,NaN,NaN,NaN
487.43,-18.879,-9.4112,2.5032,-2.0652,0.17242,-8.3928,-0.84506,4.5014,-4.4579,0,0,0,NaN,NaN,NaN,NaN,NaN,NaN,NaN,NaN,NaN,46.572,0,3550.8,0.0069644,NaN,NaN,NaN,NaN,NaN,-1,-1,-1.9459,0.60595,-8.308,-1.425,0.56161,-4.6442,NaN,NaN,NaN,NaN,NaN
487.44,-18.878,-9.416,2.4945,-1.575,0.41347,-6.2858,-0.27301,-0.80117,-4.3251,0,0,0,NaN,NaN,NaN,NaN,NaN,NaN,NaN,NaN,NaN,46.572,0,3550.8,0.0069644,NaN,NaN,NaN,NaN,NaN,-1,-1,-1.9507,0.59735,-8.2401,-1.2898,0.63373,-4.6154,NaN,NaN,NaN,NaN,NaN
487.44,-18.876,-9.4255,2.4876,-2.4414,2.1677,-10.508,-0.16049,-2.8196,-4.2858,0,0,0,NaN,NaN,NaN,NaN,NaN,NaN,NaN,NaN,NaN,46.572,0,3550.8,0.0069644,NaN,NaN,NaN,NaN,18.188,99060,21.813,-1.9587,0.60854,-8.2187,-1.2,0.56586,-4.5851,NaN,NaN,NaN,NaN,NaN
487.44,-18.874,-9.4172,2.4732,-2.2743,0.032362,-7.7295,-0.66068,4.7533,-4.618,0.62201,0.19798,-0.92293,NaN,NaN,NaN,NaN,NaN,NaN,NaN,NaN,NaN,46.572,0,3550.8,0.0069644,NaN,NaN,NaN,NaN,NaN,-1,-1,-1.9589,0.62416,-8.1614,-1.1081,0.57458,-4.5755,NaN,NaN,NaN,NaN,NaN
487.44,-18.877,-9.4197,2.4633,-1.0121,-0.26582,-5.4066,-2.337,0.18965,-4.4698,0,0,0,NaN,NaN,NaN,NaN,NaN,NaN,NaN,NaN,NaN,46.572,0,3550.8,0.0069644,NaN,NaN,NaN,NaN,18.389,99045,21.75,-1.9549,0.60185,-8.0875,-1.0696,0.54808,-4.5569,NaN,NaN,NaN,NaN,NaN
487.45,-18.878,-9.436,2.4581,-2.3267,0.84136,-10.253,-1.1922,-5.6152,-4.5325,0,0,0,NaN,NaN,NaN,NaN,NaN,NaN,NaN,NaN,NaN,46.572,0,3550.8,0.0069644,NaN,NaN,NaN,NaN,NaN,-1,-1,-1.9695,0.62031,-8.0972,-1.0431,0.40641,-4.5643,NaN,NaN,NaN,NaN,NaN
487.45,-18.875,-9.4276,2.4429,-2.6475,0.15657,-9.2447,-0.08835,4.9983,-5.0948,0,0,0,NaN,NaN,NaN,NaN,NaN,NaN,NaN,NaN,NaN,46.572,0,3550.8,0.0069644,NaN,NaN,NaN,NaN,NaN,-1,-1,-1.9725,0.63671,-8.0469,-1.0266,0.38267,-4.5632,NaN,NaN,NaN,NaN,NaN
487.45,-18.875,-9.4301,2.4327,-1.3722,0.56491,-5.753,-1.0931,0.20672,-4.4687,0.6323,0.19734,-0.9312,NaN,NaN,NaN,NaN,NaN,NaN,NaN,NaN,NaN,46.572,0,3550.8,0.0069644,NaN,NaN,NaN,NaN,18.098,99083,21.875,-1.9678,0.63493,-7.9649,-1.0801,0.42407,-4.6871,NaN,NaN,NaN,NaN,NaN
487.45,-18.876,-9.435,2.412,-2.72,0.50065,-9.6567,-0.84591,3.6347,-4.7213,0,0,0,NaN,NaN,NaN,NaN,NaN,NaN,NaN,NaN,NaN,46.572,0,3550.8,0.0069644,0.60772,2.1235,0.2915,0.019978,NaN,-1,-1,-1.9748,0.64748,-7.9586,-1.1187,0.46624,-4.6476,NaN,NaN,NaN,NaN,NaN
487.46,-18.876,-9.4362,2.4013,-1.4242,0.44794,-5.8776,-0.87531,0.80008,-4.6654,0,0,0,NaN,NaN,NaN,NaN,NaN,NaN,NaN,NaN,NaN,46.572,0,3550.8,0.0069644,NaN,NaN,NaN,NaN,NaN,-1,-1,-1.9815,0.65224,-7.9378,-1.1336,0.15181,-4.6329,NaN,NaN,NaN,NaN,NaN
487.46,-18.876,-9.449,2.3949,-1.9062,0.8582,-8.4778,-0.95386,-4.2698,-4.3178,0.62924,0.1903,-0.92458,NaN,NaN,NaN,NaN,NaN,NaN,NaN,NaN,NaN,46.572,0,3550.8,0.0069644,NaN,NaN,NaN,NaN,18.12,99044,21.75,-1.9777,0.6531,-7.8733,-1.191,0.09587,-4.5968,NaN,NaN,NaN,NaN,NaN
487.46,-18.873,-9.4452,2.3835,-2.9847,1.7524,-10.049,-0.23451,2.8105,-4.2475,0,0,0,NaN,NaN,NaN,NaN,NaN,NaN,NaN,NaN,NaN,46.572,0,3550.8,0.0069644,NaN,NaN,NaN,NaN,NaN,-1,-1,-1.9814,0.65113,-7.8435,-1.3072,0.12974,-4.7241,NaN,NaN,NaN,NaN,NaN
487.46,-18.875,-9.4363,2.3696,-1.3386,-0.12196,-4.8175,-1.9159,5.0425,-4.5328,0,0,0,NaN,NaN,NaN,NaN,NaN,NaN,NaN,NaN,NaN,46.572,0,3550.8,0.0069644,NaN,NaN,NaN,NaN,18.364,99016,21.625,-1.9885,0.67812,-7.8459,-1.3419,0.062904,-4.6824,NaN,NaN,NaN,NaN,NaN
487.47,-18.878,-9.4551,2.3651,-1.2956,-0.61313,-6.2792,-1.8357,-6.6714,-4.5973,0,0,0,NaN,NaN,NaN,NaN,NaN,NaN,NaN,NaN,NaN,46.572,0,3550.8,0.0069644,NaN,NaN,NaN,NaN,NaN,-1,-1,-1.9828,0.66781,-7.7836,-1.3922,0.086567,-4.6452,NaN,NaN,NaN,NaN,NaN
487.47,-18.879,-9.4582,2.354,-3.4427,1.3167,-11.602,-1.5331,0.062051,-4.8871,0.63689,0.19243,-0.92849,NaN,NaN,NaN,NaN,NaN,NaN,NaN,NaN,NaN,46.572,0,3550.8,0.0069644,NaN,NaN,NaN,NaN,NaN,-1,-1,-1.9937,0.67184,-7.7976,-1.4723,0.14022,-4.61,NaN,NaN,NaN,NaN,NaN
487.47,-18.877,-9.4504,2.3399,-1.5061,0.19226,-6.4885,-0.82202,4.6666,-4.7111,0,0,0,NaN,NaN,NaN,NaN,NaN,NaN,NaN,NaN,NaN,46.572,0,3550.8,0.0069644,NaN,NaN,NaN,NaN,18.212,99031,21.75,-2.0003,0.69019,-7.7546,-1.5181,0.067603,-4.5821,NaN,NaN,NaN,NaN,NaN
487.47,-18.881,-9.4631,2.3327,-1.3861,0.67251,-5.866,-2.4841,-4.0245,-4.8382,0,0,0,NaN,NaN,NaN,NaN,NaN,NaN,NaN,NaN,NaN,46.572,0,3550.8,0.0069644,NaN,NaN,NaN,NaN,NaN,-1,-1,-1.9921,0.7036,-7.7303,-1.598,0.2974,-4.5318,NaN,NaN,NaN,NaN,NaN
487.48,-18.885,-9.4688,2.323,-2.6112,1.2982,-10.543,-2.6821,-1.0032,-4.8206,0,0,0,NaN,NaN,NaN,NaN,NaN,NaN,NaN,NaN,NaN,46.572,0,3550.8,0.0069644,0.5798,2.2309,0.20874,0.10738,NaN,-1,-1,-1.9914,0.70935,-7.673,-1.7233,0.27158,-4.5056,NaN,NaN,NaN,NaN,NaN
487.48,-18.888,-9.4612,2.3082,-2.0241,0.59925,-6.9641,-2.4059,4.4842,-4.7795,0.62897,0.19055,-0.92,NaN,NaN,NaN,NaN,NaN,NaN,NaN,NaN,NaN,46.572,0,3550.8,0.0069644,0.5798,2.2309,0.20874,0.10738,18.144,99076,21.875,-1.9974,0.72225,-7.6923,-1.7948,0.19089,-4.4696,NaN,NaN,NaN,NaN,NaN
487.48,-18.889,-9.4705,2.3004,-1.497,0.2638,-5.1899,-1.2452,-2.6306,-4.6306,0,0,0,NaN,NaN,NaN,NaN,NaN,NaN,NaN,NaN,NaN,46.572,0,3550.8,0.0069644,NaN,NaN,NaN,NaN,NaN,-1,-1,-2.0055,0.72759,-7.6624,-1.8474,0.20941,-4.4442,NaN,NaN,NaN,NaN,NaN
487.48,-18.891,-9.4806,2.2928,-2.6196,1.1798,-11.854,-1.8851,-2.94,-4.5931,0,0,0,NaN,NaN,NaN,NaN,NaN,NaN,NaN,NaN,NaN,46.572,0,3550.8,0.0069644,NaN,NaN,NaN,NaN,18.458,99052,21.813,-1.9947,0.71464,-7.6114,-1.9312,0.21729,-4.3979,NaN,NaN,NaN,NaN,NaN
487.49,-18.893,-9.4683,2.278,-2.4893,1.8191,-6.4814,-1.9939,6.4131,-4.4089,0,0,0,NaN,NaN,NaN,NaN,NaN,NaN,NaN,NaN,NaN,46.572,0,3550.8,0.0069644,NaN,NaN,NaN,NaN,NaN,-1,-1,-1.9965,0.71513,-7.5942,-2.0204,0.1005,-4.3897,NaN,NaN,NaN,NaN,NaN
487.49,-18.897,-9.4697,2.2674,-0.95532,-0.25748,-5.0234,-2.821,0.65214,-4.4801,0.63697,0.19492,-0.92849,NaN,NaN,NaN,NaN,NaN,NaN,NaN,NaN,NaN,46.572,0,3550.8,0.0069644,NaN,NaN,NaN,NaN,NaN,-1,-1,-2.0011,0.7165,-7.5988,-2.0796,0.033896,-4.3676,NaN,NaN,NaN,NaN,NaN
487.49,-18.902,-9.4901,2.2627,-2.3305,-0.33688,-7.98,-2.9032,-7.2091,-4.8659,0,0,0,NaN,NaN,NaN,NaN,NaN,NaN,NaN,NaN,NaN,46.572,0,3550.8,0.0069644,NaN,NaN,NaN,NaN,18.141,99031,21.688,-1.9963,0.69628,-7.5674,-2.1588,0.10538,-4.3548,NaN,NaN,NaN,NaN,NaN
487.49,-18.905,-9.4847,2.2484,-2.7496,1.2556,-10.81,-2.5169,3.7288,-5.1406,0,0,0,NaN,NaN,NaN,NaN,NaN,NaN,NaN,NaN,NaN,46.572,0,3550.8,0.0069644,0.60115,2.244,0.21969,0.097392,NaN,-1,-1,-1.9945,0.72255,-7.5551,-2.2223,0.034027,-4.343,NaN,NaN,NaN,NaN,NaN
487.5,-18.915,-9.4936,2.2274,-2.3686,0.61976,-5.8873,-3.887,-3.2758,-4.753,0.63656,0.19529,-0.92162,NaN,NaN,NaN,NaN,NaN,NaN,NaN,NaN,NaN,46.572,0,3550.8,0.0069644,NaN,2.244,NaN,NaN,NaN,-1,-1,-2.0019,0.74273,-7.5768,-2.2894,-0.074653,-4.3276,NaN,NaN,NaN,NaN,NaN
487.5,-18.919,-9.4962,2.2163,-2.2291,2.2476,-10.841,-2.9193,0.30711,-4.9801,0,0,0,NaN,NaN,NaN,NaN,NaN,NaN,NaN,NaN,NaN,46.572,0,3550.8,0.0069644,NaN,NaN,NaN,NaN,18.119,99053,21.75,-1.997,0.7394,-7.528,-2.3563,-0.015371,-4.3409,NaN,NaN,NaN,NaN,NaN
487.5,-18.923,-9.4929,2.204,-1.6854,0.23988,-6.1458,-2.7507,2.7315,-4.6215,0,0,0,NaN,NaN,NaN,NaN,NaN,NaN,NaN,NaN,NaN,46.543,0,3532.3,0.0058767,NaN,NaN,NaN,NaN,18.495,99031,21.625,-1.9964,0.74645,-7.521,-2.4324,-0.043953,-4.327,NaN,NaN,NaN,NaN,NaN
487.5,-18.925,-9.501,2.1952,-1.7226,0.80836,-7.0176,-1.7932,-2.0503,-4.8074,0,0,0,NaN,NaN,NaN,NaN,NaN,NaN,NaN,NaN,NaN,46.543,0,3532.3,0.0058767,NaN,NaN,NaN,NaN,NaN,-1,-1,-1.9811,0.73781,-7.4573,-2.488,-0.18712,-4.3374,NaN,NaN,NaN,NaN,NaN
487.51,0,0,0,0,0,0,0,0,0,0,0,0,NaN,NaN,NaN,NaN,NaN,NaN,NaN,NaN,NaN,46.543,0,3532.3,0.0058767,NaN,NaN,NaN,NaN,NaN,-1,-1,-1.9846,0.7455,-7.4614,-2.5038,-0.10254,-4.3547,NaN,NaN,NaN,NaN,NaN
487.51,-18.928,-9.5066,2.185,-2.7247,1.5058,-10.123,-2.0318,-1.0104,-4.8445,0.64136,0.19274,-0.92119,NaN,NaN,NaN,NaN,NaN,NaN,NaN,NaN,NaN,46.543,0,3532.3,0.0058767,NaN,NaN,NaN,NaN,NaN,-1,-1,-1.9868,0.75028,-7.4932,-2.58,-0.10855,-4.3512,NaN,NaN,NaN,NaN,NaN
487.51,-18.931,-9.4984,2.1714,-2.0023,0.80898,-5.7441,-2.5607,4.7315,-4.4916,0,0,0,NaN,NaN,NaN,NaN,NaN,NaN,NaN,NaN,NaN,46.543,0,3532.3,0.0058767,NaN,NaN,NaN,NaN,18.676,99066,21.813,-1.9798,0.73371,-7.4506,-2.5958,0.057825,-4.3704,NaN,NaN,NaN,NaN,NaN
487.51,-18.946,-9.5146,2.1398,-2.3651,0.20515,-8.8073,-2.4484,1.6475,-5.1709,0.63857,0.18036,-0.92144,NaN,NaN,NaN,NaN,NaN,NaN,NaN,NaN,NaN,46.543,0,3532.3,0.0058767,NaN,NaN,NaN,NaN,NaN,-1,-1,-1.9811,0.73954,-7.4712,-2.6233,0.0044412,-4.3948,NaN,NaN,NaN,NaN,NaN
487.52,0,0,0,0,0,0,0,0,0,0,0,0,NaN,NaN,NaN,NaN,NaN,NaN,NaN,NaN,NaN,46.543,0,3532.3,0.0058767,NaN,NaN,NaN,NaN,NaN,-1,-1,-1.986,0.75648,-7.5004,-2.6442,-0.16231,-4.408,NaN,NaN,NaN,NaN,NaN
487.52,-18.951,-9.5167,2.1293,-1.9519,0.92755,-6.1626,-3.2157,0.42067,-4.6664,0,0,0,NaN,NaN,NaN,NaN,NaN,NaN,NaN,NaN,NaN,46.543,0,3532.3,0.0058767,0.6017,2.1217,0.30124,0.035794,17.8,99014,21.625,-1.9804,0.76081,-7.4921,-2.6577,0.064735,-4.417,NaN,NaN,NaN,NaN,NaN
487.52,-18.956,-9.5235,2.1198,-1.6426,1.9851,-8.1744,-3.2662,-1.4591,-4.9222,0,0,0,NaN,NaN,NaN,NaN,NaN,NaN,NaN,NaN,NaN,46.543,0,3532.3,0.0058767,NaN,NaN,NaN,NaN,18.585,99061,21.75,-1.9771,0.76911,-7.5223,-2.6935,0.20713,-4.4542,NaN,NaN,NaN,NaN,NaN
487.52,-18.964,-9.5251,2.0954,-1.6818,0.94619,-6.5089,-2.9685,0.18913,-4.8215,0.64169,0.18988,-0.92806,2.4198,22.757,-3.5304,23.156,40.06,-88.55,3.6783e+05,4.4355e+06,303.45,46.543,0,3532.3,0.0058767,NaN,NaN,NaN,NaN,NaN,-1,-1,-1.9829,0.76564,-7.5677,-2.7244,-0.17133,-4.4783,23.1,1.5963,0.23529,0.5836,3.9529
487.53,-18.964,-9.5251,2.0954,-1.6818,0.94619,-6.5089,-2.9685,0.18913,-4.8215,0.64169,0.18988,-0.92806,2.4198,22.757,-3.5304,23.156,40.06,-88.55,3.6783e+05,4.4355e+06,303.45,46.543,0,3532.3,0.0058767,NaN,NaN,NaN,NaN,NaN,-1,-1,-1.9833,0.77397,-7.5664,-2.6763,-0.024742,-4.5216,23.1,1.5963,0.23529,0.5836,3.9529
487.53,-18.967,-9.5354,2.087,-2.0116,1.5277,-8.2127,-2.074,-2.9294,-4.942,0,0,0,NaN,NaN,NaN,NaN,NaN,NaN,NaN,NaN,NaN,46.543,0,3532.3,0.0058767,NaN,NaN,NaN,NaN,NaN,-1,-1,-1.9784,0.77701,-7.5752,-2.6098,0.29961,-4.5546,NaN,NaN,NaN,NaN,NaN
487.53,-18.968,-9.5327,2.0751,-2.6474,1.0271,-9.3541,-1.8144,2.4654,-4.59,0,0,0,NaN,NaN,NaN,NaN,NaN,NaN,NaN,NaN,NaN,46.543,0,3532.3,0.0058767,NaN,NaN,NaN,NaN,18.298,99053,21.75,-1.9711,0.7758,-7.5939,-2.6029,-0.016579,-4.5916,NaN,NaN,NaN,NaN,NaN
487.53,-18.964,-9.5335,2.0321,-1.6502,0.58696,-5.532,-3.6738,-3.9774,-5.1016,0.64643,0.18994,-0.92533,NaN,NaN,NaN,NaN,NaN,NaN,NaN,NaN,NaN,46.543,0,3532.3,0.0058767,0.59896,2.1062,0.31462,0.060766,NaN,-1,-1,-1.9657,0.7629,-7.6025,-2.6032,-0.0020717,-4.6336,NaN,NaN,NaN,NaN,NaN
487.54,-18.969,-9.5399,2.0224,-2.5532,0.57188,-10.372,-2.8679,-1.2859,-4.9391,0,0,0,NaN,NaN,NaN,NaN,NaN,NaN,NaN,NaN,NaN,46.543,0,3532.3,0.0058767,NaN,NaN,NaN,NaN,NaN,-1,-1,-1.9806,0.77356,-7.7273,-2.5347,0.29487,-4.6761,NaN,NaN,NaN,NaN,NaN
487.54,-18.972,-9.5374,2.0075,-2.3485,-0.19728,-7.2646,-2.6114,2.7685,-5.7285,0,0,0,NaN,NaN,NaN,NaN,NaN,NaN,NaN,NaN,NaN,46.543,0,3532.3,0.0058767,NaN,NaN,NaN,NaN,18.254,99030,21.688,-1.9823,0.78541,-7.7951,-2.4331,0.14828,-4.7239,NaN,NaN,NaN,NaN,NaN
487.54,-18.977,-9.5402,1.9969,-1.755,1.5707,-6.3636,-3.1345,0.14828,-4.7841,0,0,0,NaN,NaN,NaN,NaN,NaN,NaN,NaN,NaN,NaN,46.543,0,3532.3,0.0058767,NaN,NaN,NaN,NaN,NaN,-1,-1,-1.9836,0.7988,-7.8322,-2.3866,0.20474,-4.7698,NaN,NaN,NaN,NaN,NaN
487.54,-18.982,-9.546,1.9849,-1.9976,1.3041,-7.8448,-3.284,-0.90126,-5.4162,0.63898,0.18507,-0.92601,NaN,NaN,NaN,NaN,NaN,NaN,NaN,NaN,NaN,46.543,0,3532.3,0.0058767,NaN,NaN,NaN,NaN,18.522,99023,21.688,-1.9742,0.80046,-7.8241,-2.2926,0.39547,-4.8219,NaN,NaN,NaN,NaN,NaN
487.55,-18.985,-9.5467,1.9729,-1.8847,0.68359,-8.4763,-2.3796,1.1891,-5.0549,0,0,0,NaN,NaN,NaN,NaN,NaN,NaN,NaN,NaN,NaN,46.543,0,3532.3,0.0058767,0.65262,2.1449,0.29272,-0.0024972,NaN,-1,-1,-1.9785,0.80831,-7.8855,-2.1939,0.31267,-4.8608,NaN,NaN,NaN,NaN,NaN
487.55,-18.987,-9.5483,1.9614,-1.9723,0.49095,-7.9118,-2.0174,0.72989,-4.9627,0,0,0,NaN,NaN,NaN,NaN,NaN,NaN,NaN,NaN,NaN,46.543,0,3532.3,0.0058767,NaN,NaN,NaN,NaN,NaN,-1,-1,-1.9795,0.81518,-7.9654,-2.0551,0.21753,-4.9014,NaN,NaN,NaN,NaN,NaN
487.55,-18.988,-9.5533,1.9508,-2.4098,0.94795,-8.0034,-1.3267,-0.6212,-5.0735,0,0,0,NaN,NaN,NaN,NaN,NaN,NaN,NaN,NaN,NaN,46.543,0,3532.3,0.0058767,NaN,NaN,NaN,NaN,18.117,99040,21.688,-1.9777,0.8149,-7.9585,-1.932,0.26911,-4.9618,NaN,NaN,NaN,NaN,NaN
487.55,-18.988,-9.5509,1.9385,-1.8002,1.6282,-8.5119,-1.3169,2.253,-4.5802,0.64887,0.18991,-0.92512,NaN,NaN,NaN,NaN,NaN,NaN,NaN,NaN,NaN,46.543,0,3532.3,0.0058767,NaN,NaN,NaN,NaN,NaN,-1,-1,-1.9707,0.80739,-7.986,-1.8047,0.16802,-5.0215,NaN,NaN,NaN,NaN,NaN
487.56,-18.991,-9.5518,1.9258,-2.1119,0.062309,-5.9908,-2.5771,1.1859,-5.3192,0,0,0,NaN,NaN,NaN,NaN,NaN,NaN,NaN,NaN,NaN,46.543,0,3532.3,0.0058767,NaN,NaN,NaN,NaN,NaN,-1,-1,-1.974,0.7978,-8.0295,-1.6193,0.30366,-5.0766,NaN,NaN,NaN,NaN,NaN
487.56,-18.994,-9.5596,1.9171,-1.6758,-0.18932,-8.3091,-2.0402,-1.9486,-4.7309,0,0,0,NaN,NaN,NaN,NaN,NaN,NaN,NaN,NaN,NaN,46.543,0,3532.3,0.0058767,0.59458,2.1139,0.29272,0.045783,18.386,99039,21.688,-1.9728,0.7904,-8.0972,-1.4371,0.37907,-5.1272,NaN,NaN,NaN,NaN,NaN
487.56,-18.995,-9.5592,1.9043,-2.6457,1.0717,-8.7786,-1.7702,1.6652,-5.2178,0,0,0,NaN,NaN,NaN,NaN,NaN,NaN,NaN,NaN,NaN,46.543,0,3532.3,0.0058767,NaN,NaN,NaN,NaN,NaN,-1,-1,-1.9683,0.79895,-8.1174,-1.2237,0.3362,-5.1931,NaN,NaN,NaN,NaN,NaN
487.56,-18.993,-9.5623,1.8917,-1.616,0.45668,-7.5235,-0.41167,0.30481,-5.4116,0.64901,0.19487,-0.9251,NaN,NaN,NaN,NaN,NaN,NaN,NaN,NaN,NaN,46.543,0,3532.3,0.0058767,NaN,NaN,NaN,NaN,18.501,99060,21.813,-1.9655,0.81779,-8.1615,-0.93184,0.43074,-5.074,NaN,NaN,NaN,NaN,NaN
487.57,-18.994,-9.5685,1.8814,-2.0666,0.67548,-9.4027,-1.4651,-1.1503,-5.1204,0,0,0,NaN,NaN,NaN,NaN,NaN,NaN,NaN,NaN,NaN,46.543,0,3532.3,0.0058767,NaN,NaN,NaN,NaN,NaN,-1,-1,-1.9687,0.81773,-8.215,-0.67678,0.40968,-5.1227,NaN,NaN,NaN,NaN,NaN
487.57,-18.992,-9.5642,1.8677,-2.1565,1.6217,-8.2611,-0.63352,3.2806,-5.0246,0,0,0,NaN,NaN,NaN,NaN,NaN,NaN,NaN,NaN,NaN,46.543,0,3532.3,0.0058767,NaN,NaN,NaN,NaN,NaN,-1,-1,-1.963,0.81441,-8.2331,-0.37521,0.48689,-5.1499,NaN,NaN,NaN,NaN,NaN
487.57,-18.99,-9.5636,1.8552,-1.396,0.093564,-7.2763,-0.28654,1.718,-5.0671,0,0,0,NaN,NaN,NaN,NaN,NaN,NaN,NaN,NaN,NaN,46.543,0,3532.3,0.0058767,0.57706,2.2237,0.20813,0.10905,18.695,99038,21.688,-1.9678,0.8213,-8.2917,-0.055168,0.71117,-5.1923,NaN,NaN,NaN,NaN,NaN
487.57,-18.984,-9.5751,1.8462,-1.975,0.78636,-7.6169,1.0962,-3.412,-5.1386,0.63626,0.18027,-0.92395,NaN,NaN,NaN,NaN,NaN,NaN,NaN,NaN,NaN,46.543,0,3532.3,0.0058767,NaN,NaN,NaN,NaN,NaN,-1,-1,-1.9675,0.83281,-8.3502,0.35461,0.84176,-5.0349,NaN,NaN,NaN,NaN,NaN
487.58,-18.979,-9.5733,1.8346,-2.6295,2.3214,-12.272,0.98234,2.0186,-4.5585,0,0,0,NaN,NaN,NaN,NaN,NaN,NaN,NaN,NaN,NaN,46.543,0,3532.3,0.0058767,NaN,NaN,NaN,NaN,NaN,-1,-1,-1.956,0.82137,-8.3496,0.65259,0.85663,-5.0154,NaN,NaN,NaN,NaN,NaN
487.58,-18.971,-9.5611,1.8182,-1.9719,0.61039,-5.5497,1.6749,6.615,-5.013,0,0,0,NaN,NaN,NaN,NaN,NaN,NaN,NaN,NaN,NaN,46.543,0,3532.3,0.0058767,NaN,NaN,NaN,NaN,18.341,99067,21.75,-1.965,0.82193,-8.4563,0.98698,0.92652,-5.0129,NaN,NaN,NaN,NaN,NaN
487.58,-18.968,-9.5709,1.8101,-1.061,-0.15305,-6.265,0.31507,-2.7776,-4.7903,0,0,0,NaN,NaN,NaN,NaN,NaN,NaN,NaN,NaN,NaN,46.543,0,3532.3,0.0058767,NaN,NaN,NaN,NaN,NaN,-1,-1,-1.9689,0.82281,-8.4986,1.3458,0.99526,-5.0082,NaN,NaN,NaN,NaN,NaN
487.58,-18.962,-9.5833,1.8017,-2.9067,0.53585,-11.331,1.2132,-3.8017,-4.9958,0.64163,0.19249,-0.92576,NaN,NaN,NaN,NaN,NaN,NaN,NaN,NaN,NaN,46.543,0,3532.3,0.0058767,NaN,NaN,NaN,NaN,18.365,99052,21.75,-1.9541,0.82455,-8.4753,1.6828,0.97069,-4.9872,NaN,NaN,NaN,NaN,NaN
487.59,-18.953,-9.5702,1.7848,-1.9705,1.2138,-9.9145,2.145,7.0227,-5.0998,0,0,0,NaN,NaN,NaN,NaN,NaN,NaN,NaN,NaN,NaN,46.543,0,3532.3,0.0058767,0.66685,2.1551,0.29272,-0.013319,NaN,-1,-1,-1.9516,0.83926,-8.5458,2.0262,0.99873,-4.9817,NaN,NaN,NaN,NaN,NaN
487.59,-18.943,-9.573,1.7735,-1.3646,-0.35477,-5.2973,2.9131,0.28172,-5.047,0,0,0,NaN,NaN,NaN,NaN,NaN,NaN,NaN,NaN,NaN,46.543,0,3532.3,0.0058767,NaN,NaN,NaN,NaN,NaN,-1,-1,-1.9629,0.8356,-8.6164,2.3695,1.2497,-4.9761,NaN,NaN,NaN,NaN,NaN
487.59,-18.936,-9.5828,1.7645,-2.3557,1.0291,-9.2198,1.8054,-2.6994,-5.0941,0,0,0,NaN,NaN,NaN,NaN,NaN,NaN,NaN,NaN,NaN,46.543,0,3532.3,0.0058767,NaN,NaN,NaN,NaN,18.523,99080,21.875,-1.9521,0.8263,-8.6048,2.6703,0.94896,-4.9803,NaN,NaN,NaN,NaN,NaN
487.59,-18.925,-9.5773,1.7505,-1.9877,1.5052,-11.299,2.7413,3.6523,-4.848,0.63398,0.19036,-0.92185,NaN,NaN,NaN,NaN,NaN,NaN,NaN,NaN,NaN,46.543,0,3532.3,0.0058767,NaN,NaN,NaN,NaN,NaN,-1,-1,-1.9454,0.8365,-8.6405,3.058,0.91444,-4.9613,NaN,NaN,NaN,NaN,NaN
487.6,-18.899,-9.5821,1.7287,-1.855,1.1435,-8.7485,4.8707,-3.4603,-4.8749,0,0,0,NaN,NaN,NaN,NaN,NaN,NaN,NaN,NaN,NaN,46.543,0,3532.3,0.0058767,NaN,NaN,NaN,NaN,NaN,-1,-1,-1.9587,0.83578,-8.7285,3.4088,1.2925,-4.9633,NaN,NaN,NaN,NaN,NaN
487.6,-18.884,-9.5804,1.7175,-2.331,1.744,-11.162,4.5173,1.9615,-4.4475,0,0,0,NaN,NaN,NaN,NaN,NaN,NaN,NaN,NaN,NaN,46.543,0,3532.3,0.0058767,0.58692,2.2362,0.22212,0.094062,18.544,99044,21.75,-1.9478,0.82928,-8.7183,3.7307,1.1798,-4.9497,NaN,NaN,NaN,NaN,NaN
487.6,-18.869,-9.5696,1.7017,-2.0616,0.65604,-6.9511,4.5124,5.9255,-4.8326,0.64155,0.18492,-0.92807,NaN,NaN,NaN,NaN,NaN,NaN,NaN,NaN,NaN,46.543,0,3532.3,0.0058767,NaN,NaN,NaN,NaN,NaN,-1,-1,-1.9331,0.81313,-8.7182,4.0016,1.0572,-4.9386,NaN,NaN,NaN,NaN,NaN
487.6,-18.845,-9.5839,1.6825,-2.5424,0.64751,-10.484,3.9613,-2.0095,-5.2212,0,0,0,NaN,NaN,NaN,NaN,NaN,NaN,NaN,NaN,NaN,46.543,0,3532.3,0.0058767,NaN,NaN,NaN,NaN,18.453,99057,21.75,-1.9463,0.82087,-8.8128,4.3306,1.2929,-4.934,NaN,NaN,NaN,NaN,NaN
487.61,-18.828,-9.5774,1.668,-2.4626,1.0445,-11.139,5.6377,4.2059,-5.0569,0,0,0,NaN,NaN,NaN,NaN,NaN,NaN,NaN,NaN,NaN,46.543,0,3532.3,0.0058767,NaN,NaN,NaN,NaN,NaN,-1,-1,-1.9482,0.82427,-8.8581,4.653,1.3621,-4.9198,NaN,NaN,NaN,NaN,NaN
487.61,-18.812,-9.575,1.6552,-1.2807,0.092065,-6.4284,4.8737,2.3278,-4.7751,0.64365,0.18265,-0.92329,NaN,NaN,NaN,NaN,NaN,NaN,NaN,NaN,NaN,46.543,0,3532.3,0.0058767,0.60608,2.2392,0.23673,0.074917,NaN,-1,-1,-1.937,0.82814,-8.8347,5.0037,1.1124,-4.9134,NaN,NaN,NaN,NaN,NaN
487.61,-18.798,-9.5826,1.6451,-1.9192,1.6268,-9.7962,4.5925,-1.6734,-5.2294,0,0,0,NaN,NaN,NaN,NaN,NaN,NaN,NaN,NaN,NaN,46.543,0,3532.3,0.0058767,0.60608,2.2392,0.23673,0.074917,18.34,99050,21.688,-1.9382,0.84084,-8.8932,5.3138,1.3614,-4.9014,NaN,NaN,NaN,NaN,NaN
487.61,-18.781,-9.5795,1.6316,-2.0311,0.71412,-9.6098,5.4585,2.766,-5.1158,0,0,0,NaN,NaN,NaN,NaN,NaN,NaN,NaN,NaN,NaN,46.543,0,3532.3,0.0058767,NaN,NaN,NaN,NaN,NaN,-1,-1,-1.943,0.83315,-8.9502,5.5815,1.2266,-4.9039,NaN,NaN,NaN,NaN,NaN
487.62,-18.762,-9.5783,1.6194,-1.6825,0.71688,-8.9644,6.3217,1.8618,-4.8956,0,0,0,NaN,NaN,NaN,NaN,NaN,NaN,NaN,NaN,NaN,46.543,0,3532.3,0.0058767,NaN,NaN,NaN,NaN,NaN,-1,-1,-1.9328,0.83292,-8.9505,5.9033,1.1732,-4.8759,NaN,NaN,NaN,NaN,NaN
487.62,-18.742,-9.5832,1.6081,-2.3584,1.1836,-9.1073,7.0063,-0.55119,-5.1461,0.64426,0.18463,-0.93243,NaN,NaN,NaN,NaN,NaN,NaN,NaN,NaN,NaN,46.543,0,3532.3,0.0058767,NaN,NaN,NaN,NaN,18.432,99051,21.75,-1.9351,0.83461,-8.9954,6.1771,1.4527,-4.8649,NaN,NaN,NaN,NaN,NaN
487.62,-18.721,-9.5822,1.5972,-1.7363,1.7448,-11.181,7.3224,1.6212,-4.4235,0,0,0,NaN,NaN,NaN,NaN,NaN,NaN,NaN,NaN,NaN,46.582,0,3522.3,0.0069644,NaN,NaN,NaN,NaN,NaN,-1,-1,-1.9394,0.83318,-9.0297,6.4459,1.3891,-4.8495,NaN,NaN,NaN,NaN,NaN
487.62,-18.702,-9.5727,1.5829,-2.0635,-0.10129,-7.1269,6.1875,5.3098,-4.5954,0,0,0,NaN,NaN,NaN,NaN,NaN,NaN,NaN,NaN,NaN,46.582,0,3522.3,0.0069644,NaN,NaN,NaN,NaN,18.207,99085,21.813,-1.9285,0.82533,-9.0263,6.6697,1.2551,-4.8382,NaN,NaN,NaN,NaN,NaN
487.63,-18.683,-9.579,1.5736,-1.4363,0.000232,-8.043,6.2836,-1.3224,-4.773,0,0,0,NaN,NaN,NaN,NaN,NaN,NaN,NaN,NaN,NaN,46.582,0,3522.3,0.0069644,NaN,NaN,NaN,NaN,NaN,-1,-1,-1.9384,0.81858,-9.0962,6.9421,1.5058,-4.8113,NaN,NaN,NaN,NaN,NaN
487.63,-18.663,-9.5834,1.5623,-2.5446,0.67524,-10.979,6.8608,-0.46507,-5.0856,0.64141,0.17995,-0.92809,NaN,NaN,NaN,NaN,NaN,NaN,NaN,NaN,NaN,46.582,0,3522.3,0.0069644,NaN,NaN,NaN,NaN,NaN,-1,-1,-1.9374,0.8222,-9.1334,7.1836,1.472,-4.7905,NaN,NaN,NaN,NaN,NaN
487.63,-18.64,-9.5784,1.5483,-1.8731,0.38695,-9.1042,7.8058,3.5233,-5.0757,0,0,0,NaN,NaN,NaN,NaN,NaN,NaN,NaN,NaN,NaN,46.582,0,3522.3,0.0069644,NaN,NaN,NaN,NaN,18.144,99079,21.875,-1.9333,0.8255,-9.141,7.4297,1.4705,-4.7772,NaN,NaN,NaN,NaN,NaN
487.63,-18.62,-9.5817,1.5379,-1.5732,1.0427,-8.9415,7.0417,-0.02945,-4.7747,0,0,0,NaN,NaN,NaN,NaN,NaN,NaN,NaN,NaN,NaN,46.582,0,3522.3,0.0069644,NaN,NaN,NaN,NaN,NaN,-1,-1,-1.9292,0.82625,-9.1459,7.7106,1.4798,-4.7539,NaN,NaN,NaN,NaN,NaN
487.64,-18.6,-9.5816,1.5267,-1.9109,1.2656,-10.299,6.7968,1.3408,-4.6642,0,0,0,NaN,NaN,NaN,NaN,NaN,NaN,NaN,NaN,NaN,46.582,0,3522.3,0.0069644,0.57816,2.2285,0.21604,0.10322,NaN,-1,-1,-1.9266,0.83207,-9.1626,8.0331,1.5493,-4.7436,NaN,NaN,NaN,NaN,NaN
487.64,-18.577,-9.5744,1.5114,-2.1531,0.33141,-9.39,7.6388,4.486,-5.0982,0.63932,0.18731,-0.93058,NaN,NaN,NaN,NaN,NaN,NaN,NaN,NaN,NaN,46.582,0,3522.3,0.0069644,NaN,NaN,NaN,NaN,18.848,99039,21.688,-1.9272,0.83203,-9.183,8.3133,1.5797,-4.7139,NaN,NaN,NaN,NaN,NaN
487.64,-18.553,-9.5785,1.5014,-1.5152,1.5423,-7.4184,8.7444,-0.42748,-4.7223,0,0,0,NaN,NaN,NaN,NaN,NaN,NaN,NaN,NaN,NaN,46.582,0,3522.3,0.0069644,NaN,NaN,NaN,NaN,NaN,-1,-1,-1.9272,0.82646,-9.1779,8.5781,1.5383,-4.6922,NaN,NaN,NaN,NaN,NaN
487.64,-18.527,-9.587,1.4943,-2.0604,1.1584,-11.838,9.6498,-2.4525,-4.221,0,0,0,NaN,NaN,NaN,NaN,NaN,NaN,NaN,NaN,NaN,46.582,0,3522.3,0.0069644,NaN,NaN,NaN,NaN,18.098,99065,21.813,-1.9189,0.8268,-9.1717,8.8202,1.5635,-4.6705,NaN,NaN,NaN,NaN,NaN
487.65,-18.499,-9.5716,1.479,-2.6165,0.90827,-9.5535,9.5002,7.6327,-4.2539,0,0,0,NaN,NaN,NaN,NaN,NaN,NaN,NaN,NaN,NaN,46.582,0,3522.3,0.0069644,NaN,NaN,NaN,NaN,NaN,-1,-1,-1.9174,0.81576,-9.1883,9.0732,1.6076,-4.6529,NaN,NaN,NaN,NaN,NaN
487.65,-18.477,-9.5688,1.4663,-1.1667,0.70135,-5.6712,7.6832,2.451,-4.6976,0.64127,0.18007,-0.9258,NaN,NaN,NaN,NaN,NaN,NaN,NaN,NaN,NaN,46.582,0,3522.3,0.0069644,NaN,NaN,NaN,NaN,NaN,-1,-1,-1.9202,0.82039,-9.2194,9.2999,1.5899,-4.645,NaN,NaN,NaN,NaN,NaN
487.65,-18.452,-9.5877,1.4608,-1.6335,0.067348,-9.8648,8.9738,-6.6039,-4.9223,0,0,0,NaN,NaN,NaN,NaN,NaN,NaN,NaN,NaN,NaN,46.582,0,3522.3,0.0069644,0.60225,2.1282,0.29819,0.038291,18.319,99045,21.688,-1.9215,0.82211,-9.2084,9.488,1.5474,-4.6206,NaN,NaN,NaN,NaN,NaN
487.65,-18.426,-9.5783,1.447,-2.5028,0.69484,-12.696,9.274,5.1852,-4.4696,0,0,0,NaN,NaN,NaN,NaN,NaN,NaN,NaN,NaN,NaN,46.582,0,3522.3,0.0069644,NaN,NaN,NaN,NaN,NaN,-1,-1,-1.9169,0.83759,-9.1997,9.7031,1.3774,-4.6088,NaN,NaN,NaN,NaN,NaN
487.66,-18.396,-9.5697,1.4319,-1.9176,0.10509,-6.3625,10.59,5.0246,-5.0341,0,0,0,NaN,NaN,NaN,NaN,NaN,NaN,NaN,NaN,NaN,46.582,0,3522.3,0.0069644,NaN,NaN,NaN,NaN,NaN,-1,-1,-1.9194,0.84554,-9.2222,9.8892,1.5021,-4.5838,NaN,NaN,NaN,NaN,NaN
487.66,-18.369,-9.582,1.4248,-1.5468,1.9593,-8.2287,9.6986,-3.9424,-4.5271,0.63402,0.17757,-0.92875,NaN,NaN,NaN,NaN,NaN,NaN,NaN,NaN,NaN,46.582,0,3522.3,0.0069644,NaN,NaN,NaN,NaN,17.798,99068,21.75,-1.9144,0.83964,-9.2022,10.025,1.5909,-4.5767,NaN,NaN,NaN,NaN,NaN
487.66,-18.341,-9.5854,1.4147,-1.8844,0.84087,-13.372,10.174,-0.13327,-4.687,0,0,0,NaN,NaN,NaN,NaN,NaN,NaN,NaN,NaN,NaN,46.582,0,3522.3,0.0069644,NaN,NaN,NaN,NaN,NaN,-1,-1,-1.9151,0.83742,-9.1795,10.176,1.6374,-4.5881,NaN,NaN,NaN,NaN,NaN
487.66,-18.313,-9.5681,1.3981,-2.0094,0.43415,-8.8725,9.9579,8.5214,-4.5321,0,0,0,NaN,NaN,NaN,NaN,NaN,NaN,NaN,NaN,NaN,46.582,0,3522.3,0.0069644,NaN,NaN,NaN,NaN,17.617,99066,21.813,-1.9196,0.85633,-9.2042,10.327,1.7056,-4.5774,NaN,NaN,NaN,NaN,NaN
487.67,-18.249,-9.5868,1.3825,-2.3899,1.3654,-13.143,11.2,-3.2719,-4.0697,0.62922,0.18012,-0.92919,NaN,NaN,NaN,NaN,NaN,NaN,NaN,NaN,NaN,46.582,0,3522.3,0.0069644,NaN,NaN,NaN,NaN,NaN,-1,-1,-1.9196,0.85549,-9.1899,10.452,1.7293,-4.5605,NaN,NaN,NaN,NaN,NaN
487.67,-18.218,-9.5717,1.3674,-2.2926,0.95437,-9.6549,11.086,7.4743,-4.2365,0,0,0,NaN,NaN,NaN,NaN,NaN,NaN,NaN,NaN,NaN,46.582,0,3522.3,0.0069644,NaN,NaN,NaN,NaN,NaN,-1,-1,-1.9092,0.84123,-9.1552,10.52,1.6763,-4.5732,NaN,NaN,NaN,NaN,NaN
487.67,-18.191,-9.5689,1.3558,-1.2558,0.27653,-6.8344,9.4888,2.3614,-4.5013,0,0,0,NaN,NaN,NaN,NaN,NaN,NaN,NaN,NaN,NaN,46.582,0,3522.3,0.0069644,NaN,NaN,NaN,NaN,18.025,99052,21.688,-1.9157,0.84689,-9.1821,10.546,1.5849,-4.5796,NaN,NaN,NaN,NaN,NaN
487.67,-18.163,-9.5833,1.35,-1.7992,0.072933,-9.412,10.588,-4.8644,-4.4283,0,0,0,NaN,NaN,NaN,NaN,NaN,NaN,NaN,NaN,NaN,46.582,0,3522.3,0.0069644,NaN,NaN,NaN,NaN,NaN,-1,-1,-1.925,0.85757,-9.1847,10.573,1.6848,-4.594,NaN,NaN,NaN,NaN,NaN
487.68,-18.13,-9.578,1.3362,-2.5097,1.6858,-12.756,11.813,3.5623,-4.8244,0.63184,0.17226,-0.93585,NaN,NaN,NaN,NaN,NaN,NaN,NaN,NaN,NaN,46.582,0,3522.3,0.0069644,0.57652,2.2326,0.21056,0.10488,NaN,-1,-1,-1.9126,0.85417,-9.1287,10.568,1.3983,-4.6126,NaN,NaN,NaN,NaN,NaN
487.68,-18.097,-9.5703,1.323,-1.749,0.12372,-7.6437,11.874,4.4392,-4.4831,0,0,0,NaN,NaN,NaN,NaN,NaN,NaN,NaN,NaN,NaN,46.582,0,3522.3,0.0069644,NaN,NaN,NaN,NaN,18.319,99045,21.688,-1.9193,0.86885,-9.1261,10.642,1.0936,-4.6224,NaN,NaN,NaN,NaN,NaN
487.68,-18.068,-9.5801,1.3145,-1.2147,1.017,-8.9047,10.752,-2.8168,-4.895,0,0,0,NaN,NaN,NaN,NaN,NaN,NaN,NaN,NaN,NaN,46.582,0,3522.3,0.0069644,NaN,NaN,NaN,NaN,NaN,-1,-1,-1.9209,0.87007,-9.135,10.599,1.3985,-4.6167,NaN,NaN,NaN,NaN,NaN
487.68,-18.005,-9.5703,1.2881,-1.1388,1.2048,-8.1053,11.494,4.2721,-4.8282,0.63149,0.16493,-0.93359,NaN,NaN,NaN,NaN,NaN,NaN,NaN,NaN,NaN,46.582,0,3522.3,0.0069644,NaN,NaN,NaN,NaN,18.451,99033,21.625,-1.913,0.86389,-9.083,10.507,1.1999,-4.629,NaN,NaN,NaN,NaN,NaN
487.69,-17.971,-9.579,1.2795,-1.966,0.15768,-8.7594,12.482,-2.3822,-4.7509,0,0,0,NaN,NaN,NaN,NaN,NaN,NaN,NaN,NaN,NaN,46.582,0,3522.3,0.0069644,NaN,NaN,NaN,NaN,NaN,-1,-1,-1.916,0.87346,-9.0604,10.354,0.83835,-4.6431,NaN,NaN,NaN,NaN,NaN
487.69,-17.941,-9.5772,1.2684,-2.743,1.8944,-12.009,11.05,1.9274,-4.4518,0,0,0,NaN,NaN,NaN,NaN,NaN,NaN,NaN,NaN,NaN,46.582,0,3522.3,0.0069644,NaN,NaN,NaN,NaN,NaN,-1,-1,-1.9262,0.88376,-9.0859,10.249,0.89654,-4.694,NaN,NaN,NaN,NaN,NaN
487.69,-17.913,-9.5658,1.254,-1.5162,1.0447,-6.2369,9.9009,5.9689,-4.4522,0,0,0,NaN,NaN,NaN,NaN,NaN,NaN,NaN,NaN,NaN,46.582,0,3522.3,0.0069644,0.6017,2.1151,0.29819,0.049112,18.251,99047,21.688,-1.918,0.87126,-9.017,10.066,0.85659,-4.7088,NaN,NaN,NaN,NaN,NaN
487.69,-17.888,-9.5736,1.2446,-1.4195,-0.53066,-7.7709,8.7986,-1.9761,-4.8138,0.63616,0.16251,-0.93087,NaN,NaN,NaN,NaN,NaN,NaN,NaN,NaN,NaN,46.582,0,3522.3,0.0069644,NaN,NaN,NaN,NaN,NaN,-1,-1,-1.9191,0.8757,-9.0103,9.8286,0.53629,-4.7231,NaN,NaN,NaN,NaN,NaN
487.7,-17.863,-9.5831,1.2361,-2.5702,0.82067,-11.529,8.9033,-2.6977,-4.823,0,0,0,NaN,NaN,NaN,NaN,NaN,NaN,NaN,NaN,NaN,46.582,0,3522.3,0.0069644,NaN,NaN,NaN,NaN,NaN,-1,-1,-1.9267,0.88327,-9.0086,9.5301,0.61105,-4.7577,NaN,NaN,NaN,NaN,NaN
487.7,-17.836,-9.5713,1.2201,-2.0314,1.3073,-9.74,9.4682,6.2933,-5.0356,0,0,0,NaN,NaN,NaN,NaN,NaN,NaN,NaN,NaN,NaN,46.582,0,3522.3,0.0069644,NaN,NaN,NaN,NaN,18.095,99058,21.75,-1.9204,0.88421,-8.959,9.3287,0.44624,-4.9815,NaN,NaN,NaN,NaN,NaN
487.7,-17.811,-9.5748,1.2093,-1.3909,-0.028992,-6.0854,8.9843,-0.11826,-4.9879,0,0,0,NaN,NaN,NaN,NaN,NaN,NaN,NaN,NaN,NaN,46.582,0,3522.3,0.0069644,0.59404,2.1079,0.29758,0.054107,NaN,-1,-1,-1.9178,0.90426,-8.9336,9.045,0.33849,-4.9801,NaN,NaN,NaN,NaN,NaN
487.7,-17.79,-9.5835,1.1998,-2.0195,1.5629,-10.855,7.4149,-2.3919,-4.8551,0.61696,0.17271,-0.93259,NaN,NaN,NaN,NaN,NaN,NaN,NaN,NaN,NaN,46.582,0,3522.3,0.0069644,NaN,NaN,NaN,NaN,18.184,99069,21.75,-1.924,0.89831,-8.9201,8.7492,0.25956,-4.9702,NaN,NaN,NaN,NaN,NaN
487.71,-17.766,-9.5763,1.1849,-2.0477,0.99017,-10.066,8.0799,4.4377,-5.2191,0,0,0,NaN,NaN,NaN,NaN,NaN,NaN,NaN,NaN,NaN,46.582,0,3522.3,0.0069644,NaN,NaN,NaN,NaN,18.163,99080,21.813,-1.9105,0.90816,-8.8706,8.4332,0.15901,-4.9882,NaN,NaN,NaN,NaN,NaN
487.71,-17.742,-9.5767,1.173,-1.5751,0.52555,-7.0792,8.3718,1.1679,-4.969,0,0,0,NaN,NaN,NaN,NaN,NaN,NaN,NaN,NaN,NaN,46.582,0,3522.3,0.0069644,NaN,NaN,NaN,NaN,NaN,-1,-1,-1.9184,0.91965,-8.8701,8.0626,-0.28047,-5.0018,NaN,NaN,NaN,NaN,NaN
487.71,-17.719,-9.5875,1.1646,-1.9437,0.65305,-9.0928,8.0093,-3.2528,-4.9643,0,0,0,NaN,NaN,NaN,NaN,NaN,NaN,NaN,NaN,NaN,46.582,0,3522.3,0.0069644,0.65809,2.1467,0.29393,-0.011654,NaN,-1,-1,-1.9235,0.92324,-8.8487,7.7092,-0.17757,-5.0196,NaN,NaN,NaN,NaN,NaN
487.71,-17.695,-9.5861,1.1522,-2.5758,2.4262,-12.154,8.5819,1.9088,-4.8126,0.62691,0.17493,-0.934,NaN,NaN,NaN,NaN,NaN,NaN,NaN,NaN,NaN,46.582,0,3522.3,0.0069644,NaN,NaN,NaN,NaN,17.936,99060,21.75,-1.9102,0.91121,-8.7682,7.3818,-0.040223,-5.0425,NaN,NaN,NaN,NaN,NaN
487.72,-17.655,-9.5891,1.1298,-1.3382,0.73804,-6.6983,6.3704,-5.2596,-4.7062,0,0,0,NaN,NaN,NaN,NaN,NaN,NaN,NaN,NaN,NaN,46.582,0,3522.3,0.0069644,NaN,NaN,NaN,NaN,NaN,-1,-1,-1.9112,0.91702,-8.7665,7.0016,-0.3607,-5.0711,NaN,NaN,NaN,NaN,NaN
487.72,-17.635,-9.594,1.1185,-2.908,0.7047,-12.127,6.7315,-0.62418,-5.3474,0,0,0,NaN,NaN,NaN,NaN,NaN,NaN,NaN,NaN,NaN,46.582,0,3522.3,0.0069644,NaN,NaN,NaN,NaN,NaN,-1,-1,-1.9251,0.92995,-8.7665,6.5739,-0.45399,-5.1079,NaN,NaN,NaN,NaN,NaN
487.72,-17.596,-9.5916,1.0908,-1.8039,0.27351,-6.317,5.4017,-1.1231,-5.4261,0,0,0,NaN,NaN,NaN,NaN,NaN,NaN,NaN,NaN,NaN,46.533,0,3506.6,0.0064211,NaN,NaN,NaN,NaN,17.936,99018,21.625,-1.9076,0.92604,-8.6849,6.1669,-0.35201,-5.1462,NaN,NaN,NaN,NaN,NaN
487.72,-17.581,-9.6038,1.0823,-1.5911,2.603,-11.282,5.2157,-3.7486,-5.1611,0,0,0,NaN,NaN,NaN,NaN,NaN,NaN,NaN,NaN,NaN,46.533,0,3506.6,0.0064211,NaN,NaN,NaN,NaN,NaN,-1,-1,-1.9079,0.93746,-8.663,5.7954,-0.52849,-5.163,NaN,NaN,NaN,NaN,NaN
487.73,-17.545,-9.5954,1.0515,-1.5544,0.89921,-5.304,5.7988,1.2613,-5.4428,0.63398,0.1572,-0.93796,NaN,NaN,NaN,NaN,NaN,NaN,NaN,NaN,NaN,46.533,0,3506.6,0.0064211,NaN,NaN,NaN,NaN,NaN,-1,-1,-1.9185,0.94897,-8.6657,5.3829,-0.29948,-5.1727,NaN,NaN,NaN,NaN,NaN
487.73,-17.53,-9.6123,1.0445,-2.0923,1.6209,-10.678,5.3536,-5.7492,-5.1477,0,0,0,NaN,NaN,NaN,NaN,NaN,NaN,NaN,NaN,NaN,46.533,0,3506.6,0.0064211,NaN,NaN,NaN,NaN,17.638,99059,21.75,-1.9103,0.94254,-8.5942,4.9114,-0.31397,-5.1817,NaN,NaN,NaN,NaN,NaN
487.73,-17.512,-9.6089,1.0303,-2.7116,1.8255,-10.085,5.842,2.8635,-5.4374,0,0,0,NaN,NaN,NaN,NaN,NaN,NaN,NaN,NaN,NaN,46.533,0,3506.6,0.0064211,NaN,NaN,NaN,NaN,18.501,99099,21.938,-1.9047,0.95179,-8.5502,4.4797,-0.48439,-5.2168,NaN,NaN,NaN,NaN,NaN
487.73,-17.502,-9.597,1.0142,-1.2025,-0.3257,-5.8846,2.4642,6.3541,-5.077,0,0,0,NaN,NaN,NaN,NaN,NaN,NaN,NaN,NaN,NaN,46.533,0,3506.6,0.0064211,NaN,NaN,NaN,NaN,NaN,-1,-1,-1.8931,0.95371,-8.4599,4.1016,-0.4095,-5.2607,NaN,NaN,NaN,NaN,NaN
487.74,-17.491,-9.6196,1.0067,-1.7664,0.51263,-5.7114,3.1916,-7.9873,-5.7881,0.63859,0.15738,-0.93295,NaN,NaN,NaN,NaN,NaN,NaN,NaN,NaN,NaN,46.533,0,3506.6,0.0064211,0.59294,2.1229,0.30124,0.037458,NaN,-1,-1,-1.895,0.95765,-8.421,3.7491,-0.43315,-5.2925,NaN,NaN,NaN,NaN,NaN
487.74,-17.481,-9.624,0.99451,-2.4329,0.9958,-13.136,3.0305,-0.35374,-5.5835,0,0,0,NaN,NaN,NaN,NaN,NaN,NaN,NaN,NaN,NaN,46.533,0,3506.6,0.0064211,NaN,NaN,NaN,NaN,NaN,-1,-1,-1.8932,0.95376,-8.4137,3.3664,-0.52209,-5.3409,NaN,NaN,NaN,NaN,NaN
487.74,-17.467,-9.615,0.97675,-2.0792,-0.48153,-7.0704,3.9633,5.441,-6.0736,0,0,0,NaN,NaN,NaN,NaN,NaN,NaN,NaN,NaN,NaN,46.533,0,3506.6,0.0064211,NaN,NaN,NaN,NaN,17.956,99034,21.625,-1.9031,0.96579,-8.4104,3.0041,-0.2653,-5.3886,NaN,NaN,NaN,NaN,NaN
487.74,-17.459,-9.625,0.96745,-1.2545,2.1704,-5.5355,2.071,-2.8239,-5.1821,0,0,0,NaN,NaN,NaN,NaN,NaN,NaN,NaN,NaN,NaN,46.533,0,3506.6,0.0064211,NaN,NaN,NaN,NaN,NaN,-1,-1,-1.9056,0.97808,-8.4089,2.6884,-0.43604,-5.4442,NaN,NaN,NaN,NaN,NaN
487.75,-17.451,-9.6388,0.95632,-2.1816,2.0608,-10.948,2.0852,-4.1179,-6.1417,0.64117,0.16231,-0.93271,NaN,NaN,NaN,NaN,NaN,NaN,NaN,NaN,NaN,46.533,0,3506.6,0.0064211,NaN,NaN,NaN,NaN,NaN,-1,-1,-1.8965,0.97524,-8.335,2.3968,-0.59478,-5.4952,NaN,NaN,NaN,NaN,NaN
487.75,-17.442,-9.6293,0.93784,-2.3146,0.34869,-8.0234,1.8505,5.6924,-6.2986,0,0,0,NaN,NaN,NaN,NaN,NaN,NaN,NaN,NaN,NaN,46.533,0,3506.6,0.0064211,0.60225,2.2392,0.22334,0.0899,18.07,99035,21.625,-1.886,0.98547,-8.3094,2.1113,-0.24758,-5.5438,NaN,NaN,NaN,NaN,NaN
487.75,-17.431,-9.6388,0.92506,-1.3599,1.1465,-6.1024,3.1293,-2.2169,-6.4246,0,0,0,NaN,NaN,NaN,NaN,NaN,NaN,NaN,NaN,NaN,46.533,0,3506.6,0.0064211,NaN,NaN,NaN,NaN,NaN,-1,-1,-1.8841,0.98304,-8.2765,1.7452,-0.17821,-5.5749,NaN,NaN,NaN,NaN,NaN
487.75,0,0,0,0,0,0,0,0,0,0,0,0,NaN,NaN,NaN,NaN,NaN,NaN,NaN,NaN,NaN,46.533,0,3506.6,0.0064211,NaN,NaN,NaN,NaN,18.028,99073,21.813,-1.8858,0.9842,-8.2541,1.416,-0.44855,-5.6125,NaN,NaN,NaN,NaN,NaN
487.76,-17.423,-9.6539,0.91602,-2.3981,1.4878,-9.8099,2.24,-4.8101,-5.6837,0,0,0,NaN,NaN,NaN,NaN,NaN,NaN,NaN,NaN,NaN,46.533,0,3506.6,0.0064211,NaN,NaN,NaN,NaN,NaN,-1,-1,-1.8888,0.98962,-8.2518,1.1585,-0.20574,-5.6728,NaN,NaN,NaN,NaN,NaN
487.76,-17.415,-9.6463,0.89824,-2.306,0.98113,-9.4201,1.6654,4.7783,-6.0407,0.65118,0.16193,-0.93642,1.8995,22.627,-3.7907,23.021,40.06,-88.55,3.6783e+05,4.4355e+06,302.63,46.533,0,3506.6,0.0064211,NaN,NaN,NaN,NaN,NaN,-1,-1,-1.9088,1.0002,-8.3055,0.91034,-0.025654,-5.7274,22.969,1.4915,0.406,1.0127,3.7146
487.76,-17.413,-9.6454,0.88392,-1.6539,-0.063566,-5.4289,-0.80776,1.9231,-5.7573,0,0,0,NaN,NaN,NaN,NaN,NaN,NaN,NaN,NaN,NaN,46.533,0,3506.6,0.0064211,NaN,NaN,NaN,NaN,18.498,99077,21.813,-1.8953,0.99403,-8.2319,0.62143,-0.19989,-5.7759,NaN,NaN,NaN,NaN,NaN
487.76,-17.385,-9.6542,0.81784,-1.9421,0.67734,-6.6581,0.77395,2.8856,-6.3227,0.63879,0.15974,-0.93523,NaN,NaN,NaN,NaN,NaN,NaN,NaN,NaN,NaN,46.533,0,3506.6,0.0064211,0.64988,2.1414,0.29272,0.0074917,NaN,-1,-1,-1.889,0.99429,-8.2206,0.35477,-0.058304,-5.8337,NaN,NaN,NaN,NaN,NaN
487.77,-17.384,-9.6624,0.80597,-1.8327,1.8193,-7.3341,-0.47831,-1.8227,-5.9259,0,0,0,NaN,NaN,NaN,NaN,NaN,NaN,NaN,NaN,NaN,46.533,0,3506.6,0.0064211,NaN,NaN,NaN,NaN,NaN,-1,-1,-1.8841,0.995,-8.1845,0.090072,0.24185,-5.8923,NaN,NaN,NaN,NaN,NaN
487.77,-17.383,-9.6728,0.79313,-1.9716,0.82796,-8.4234,-0.89049,-2.5642,-6.5478,0,0,0,NaN,NaN,NaN,NaN,NaN,NaN,NaN,NaN,NaN,46.533,0,3506.6,0.0064211,NaN,NaN,NaN,NaN,17.867,99063,21.75,-1.8956,1.0122,-8.2357,-0.15136,0.12463,-5.9737,NaN,NaN,NaN,NaN,NaN
487.77,-17.382,-9.6717,0.77789,-1.6875,0.85094,-9.531,-1.0595,2.0789,-6.0874,0,0,0,NaN,NaN,NaN,NaN,NaN,NaN,NaN,NaN,NaN,46.533,0,3506.6,0.0064211,NaN,NaN,NaN,NaN,NaN,-1,-1,-1.8966,1.0229,-8.2541,-0.25922,0.39441,-6.0261,NaN,NaN,NaN,NaN,NaN
487.77,-17.373,-9.6856,0.75048,-2.3241,0.93689,-8.9739,0.15223,-1.4587,-6.1154,0,0,0,NaN,NaN,NaN,NaN,NaN,NaN,NaN,NaN,NaN,46.533,0,3506.6,0.0064211,NaN,NaN,NaN,NaN,18.14,99062,21.75,-1.9001,1.0116,-8.2524,-0.45358,0.30358,-6.0608,NaN,NaN,NaN,NaN,NaN
487.78,-17.373,-9.6842,0.73533,-1.953,1.6452,-7.7612,-1.2553,2.2095,-6.0124,0,0,0,NaN,NaN,NaN,NaN,NaN,NaN,NaN,NaN,NaN,46.533,0,3506.6,0.0064211,0.60772,2.1235,0.29332,0.043285,NaN,-1,-1,-1.9066,1.0203,-8.2756,-0.64053,0.098041,-6.1209,NaN,NaN,NaN,NaN,NaN
487.78,-17.374,-9.6897,0.72183,-1.9064,0.92939,-7.6509,-1.6191,-0.62034,-6.2133,0,0,0,NaN,NaN,NaN,NaN,NaN,NaN,NaN,NaN,NaN,46.533,0,3506.6,0.0064211,NaN,NaN,NaN,NaN,NaN,-1,-1,-1.9139,1.0255,-8.2965,-0.79124,0.086079,-6.2048,NaN,NaN,NaN,NaN,NaN
487.78,-17.372,-9.6986,0.70786,-1.8534,0.26102,-8.6728,-0.7484,-1.9289,-6.6244,0.6459,0.15728,-0.93229,NaN,NaN,NaN,NaN,NaN,NaN,NaN,NaN,NaN,46.533,0,3506.6,0.0064211,NaN,NaN,NaN,NaN,17.864,99043,21.625,-1.9076,1.0148,-8.2649,-0.96216,0.12828,-6.2729,NaN,NaN,NaN,NaN,NaN
487.78,-17.37,-9.7004,0.6909,-2.0531,0.21095,-7.7496,-0.80965,1.1952,-7.0682,0,0,0,NaN,NaN,NaN,NaN,NaN,NaN,NaN,NaN,NaN,46.533,0,3506.6,0.0064211,NaN,NaN,NaN,NaN,NaN,-1,-1,-1.8992,1.0061,-8.254,-1.1039,-0.040162,-6.3314,NaN,NaN,NaN,NaN,NaN
487.79,-17.37,-9.7087,0.67797,-2.0195,1.3697,-8.2493,-1.11,-1.7431,-6.3327,0,0,0,NaN,NaN,NaN,NaN,NaN,NaN,NaN,NaN,NaN,46.533,0,3506.6,0.0064211,NaN,NaN,NaN,NaN,NaN,-1,-1,-1.9066,1.0117,-8.2965,-1.263,-0.34031,-6.3919,NaN,NaN,NaN,NaN,NaN
487.79,-17.37,-9.7157,0.66409,-1.9505,1.8796,-9.8654,-1.3978,-1.1654,-6.5427,0,0,0,NaN,NaN,NaN,NaN,NaN,NaN,NaN,NaN,NaN,46.533,0,3506.6,0.0064211,0.5913,2.1175,0.29698,0.040788,17.661,99080,21.813,-1.9007,1.0116,-8.2754,-1.3981,-0.06581,-6.47,NaN,NaN,NaN,NaN,NaN
487.79,-17.37,-9.7109,0.64564,-1.7905,0.48594,-8.1337,-1.8112,3.8202,-6.6641,0.64819,0.15228,-0.93209,NaN,NaN,NaN,NaN,NaN,NaN,NaN,NaN,NaN,46.533,0,3506.6,0.0064211,NaN,NaN,NaN,NaN,NaN,-1,-1,-1.8955,1.0275,-8.2778,-1.6309,0.064688,-6.524,NaN,NaN,NaN,NaN,NaN
487.79,-17.371,-9.7176,0.6313,-1.5989,1.0884,-5.7337,-1.7719,-1.0016,-6.6857,0,0,0,NaN,NaN,NaN,NaN,NaN,NaN,NaN,NaN,NaN,46.533,0,3506.6,0.0064211,NaN,NaN,NaN,NaN,17.547,99069,21.813,-1.8979,1.0193,-8.3015,-1.7422,-0.46335,-6.6075,NaN,NaN,NaN,NaN,NaN
487.8,-17.371,-9.7334,0.61955,-2.0515,1.409,-9.1175,-1.2313,-4.7331,-6.7786,0,0,0,NaN,NaN,NaN,NaN,NaN,NaN,NaN,NaN,NaN,46.533,0,3506.6,0.0064211,NaN,NaN,NaN,NaN,NaN,-1,-1,-1.8947,1.0198,-8.3032,-1.886,-0.29617,-6.6755,NaN,NaN,NaN,NaN,NaN
487.8,-17.37,-9.7346,0.6038,-2.4242,1.5671,-12.153,-0.80432,1.2646,-6.5542,0,0,0,NaN,NaN,NaN,NaN,NaN,NaN,NaN,NaN,NaN,46.533,0,3506.6,0.0064211,0.6121,2.2476,0.23855,0.066593,NaN,-1,-1,-1.8991,1.0228,-8.3332,-2.0105,-0.024679,-6.7489,NaN,NaN,NaN,NaN,NaN
487.8,-17.371,-9.7244,0.58443,-2.0114,0.91936,-4.5462,-2.1403,5.9973,-6.3784,0.63872,0.15726,-0.93524,NaN,NaN,NaN,NaN,NaN,NaN,NaN,NaN,NaN,46.533,0,3506.6,0.0064211,0.6121,2.2476,0.23855,0.066593,17.474,99044,21.688,-1.8983,1.0316,-8.3354,-2.2052,-0.32862,-6.7905,NaN,NaN,NaN,NaN,NaN
487.8,-17.375,-9.738,0.57313,-1.008,1.0468,-6.3512,-3.0695,-3.978,-6.3596,0,0,0,NaN,NaN,NaN,NaN,NaN,NaN,NaN,NaN,NaN,46.533,0,3506.6,0.0064211,NaN,NaN,NaN,NaN,NaN,-1,-1,-1.8856,1.0257,-8.3309,-2.3375,-0.48632,-6.8816,NaN,NaN,NaN,NaN,NaN
487.81,-17.375,-9.7523,0.5596,-2.8426,0.48305,-10.468,-1.3961,-3.9834,-7.2759,0,0,0,NaN,NaN,NaN,NaN,NaN,NaN,NaN,NaN,NaN,46.533,0,3506.6,0.0064211,NaN,NaN,NaN,NaN,NaN,-1,-1,-1.8895,1.0108,-8.3408,-2.4902,-0.14347,-6.9954,NaN,NaN,NaN,NaN,NaN
487.81,-17.376,-9.7448,0.53925,-2.043,0.50414,-9.8256,-1.9115,5.1533,-7.2386,0,0,0,NaN,NaN,NaN,NaN,NaN,NaN,NaN,NaN,NaN,46.533,0,3506.6,0.0064211,NaN,NaN,NaN,NaN,17.451,99043,21.688,-1.8886,1.0176,-8.4032,-2.5802,-0.39964,-7.1048,NaN,NaN,NaN,NaN,NaN
487.81,-17.379,-9.7497,0.52331,-1.3601,1.08,-4.6526,-2.9971,-0.19933,-6.8718,0.64116,0.15722,-0.93502,NaN,NaN,NaN,NaN,NaN,NaN,NaN,NaN,NaN,46.533,0,3506.6,0.0064211,NaN,NaN,NaN,NaN,NaN,-1,-1,-1.89,1.0199,-8.3924,-2.8014,-0.45075,-6.9759,NaN,NaN,NaN,NaN,NaN
487.81,-17.385,-9.7651,0.51063,-2.0143,2.192,-9.8012,-3.2941,-4.4805,-7.0822,0,0,0,NaN,NaN,NaN,NaN,NaN,NaN,NaN,NaN,NaN,46.533,0,3506.6,0.0064211,NaN,NaN,NaN,NaN,17.569,99077,21.813,-1.8834,1.031,-8.4002,-2.9272,-0.46292,-7.0256,NaN,NaN,NaN,NaN,NaN
487.82,-17.389,-9.7613,0.49152,-2.1337,0.31427,-8.7083,-3.3237,3.5801,-7.2126,0,0,0,NaN,NaN,NaN,NaN,NaN,NaN,NaN,NaN,NaN,46.533,0,3506.6,0.0064211,0.60827,2.1163,0.2988,0.052442,NaN,-1,-1,-1.8831,1.0299,-8.438,-3.0236,-0.46697,-7.0903,NaN,NaN,NaN,NaN,NaN
487.82,-17.392,-9.7617,0.47319,-1.529,1.1516,-6.2231,-2.9561,1.8908,-7.4214,0,0,0,NaN,NaN,NaN,NaN,NaN,NaN,NaN,NaN,NaN,46.533,0,3506.6,0.0064211,NaN,NaN,NaN,NaN,NaN,-1,-1,-1.8837,1.0319,-8.4407,-3.1828,-0.26173,-7.1266,NaN,NaN,NaN,NaN,NaN
487.82,-17.394,-9.7804,0.46065,-2.1433,1.7352,-8.5821,-1.9944,-5.8268,-7.2662,0.64087,0.14729,-0.93505,NaN,NaN,NaN,NaN,NaN,NaN,NaN,NaN,NaN,46.533,0,3506.6,0.0064211,NaN,NaN,NaN,NaN,17.733,99083,21.875,-1.8804,1.0274,-8.4457,-3.288,-0.17904,-7.1749,NaN,NaN,NaN,NaN,NaN
487.82,-17.395,-9.7807,0.44457,-2.4903,1.9141,-11.375,-2.1382,1.6938,-6.552,0,0,0,NaN,NaN,NaN,NaN,NaN,NaN,NaN,NaN,NaN,46.533,0,3506.6,0.0064211,NaN,NaN,NaN,NaN,NaN,-1,-1,-1.8859,1.0305,-8.4798,-3.4415,-0.30688,-7.2064,NaN,NaN,NaN,NaN,NaN
487.83,-17.41,-9.7876,0.41148,-1.4955,1.1574,-5.6513,-4.8307,-5.103,-7.1976,0,0,0,NaN,NaN,NaN,NaN,NaN,NaN,NaN,NaN,NaN,46.533,0,3506.6,0.0064211,NaN,NaN,NaN,NaN,NaN,-1,-1,-1.8867,1.0299,-8.5113,-3.583,-0.39597,-7.2676,NaN,NaN,NaN,NaN,NaN
487.83,-17.416,-9.7986,0.39544,-2.4887,0.7622,-12.573,-3.9923,-2.5326,-7.6149,0.64811,0.1447,-0.9344,NaN,NaN,NaN,NaN,NaN,NaN,NaN,NaN,NaN,46.533,0,3506.6,0.0064211,NaN,NaN,NaN,NaN,17.751,99074,21.75,-1.8822,1.0158,-8.4765,-3.7194,-0.37114,-7.3176,NaN,NaN,NaN,NaN,NaN
487.83,-17.42,-9.7909,0.37412,-2.255,-0.33639,-7.6758,-3.3206,5.3509,-7.5698,0,0,0,NaN,NaN,NaN,NaN,NaN,NaN,NaN,NaN,NaN,46.572,0,3495.1,0.0069644,NaN,NaN,NaN,NaN,NaN,-1,-1,-1.8775,1.0063,-8.5143,-3.8581,-0.34916,-7.3519,NaN,NaN,NaN,NaN,NaN
487.83,-17.43,-9.7966,0.35863,-1.2854,1.8031,-4.8576,-5.3605,-0.47538,-6.9931,0,0,0,NaN,NaN,NaN,NaN,NaN,NaN,NaN,NaN,NaN,46.572,0,3495.1,0.0069644,NaN,NaN,NaN,NaN,17.984,99070,21.813,-1.8904,1.0132,-8.5683,-4.0204,-0.2225,-7.3875,NaN,NaN,NaN,NaN,NaN
487.84,-17.439,-9.8154,0.34679,-1.483,2.2245,-10.7,-4.7967,-5.861,-7.1798,0,0,0,NaN,NaN,NaN,NaN,NaN,NaN,NaN,NaN,NaN,46.572,0,3495.1,0.0069644,NaN,NaN,NaN,NaN,NaN,-1,-1,-1.8821,1.017,-8.5576,-4.1494,-0.32341,-7.438,NaN,NaN,NaN,NaN,NaN
487.84,-17.446,-9.8082,0.32458,-3.0788,-0.030245,-10.335,-4.7253,5.2082,-7.7955,0.65111,0.15945,-0.93642,NaN,NaN,NaN,NaN,NaN,NaN,NaN,NaN,NaN,46.572,0,3495.1,0.0069644,NaN,NaN,NaN,NaN,NaN,-1,-1,-1.8797,1.0155,-8.5682,-4.2,-0.30649,-7.4848,NaN,NaN,NaN,NaN,NaN
487.84,-17.452,-9.807,0.30553,-1.0684,1.5006,-4.9359,-4.0973,2.5748,-7.5021,0,0,0,NaN,NaN,NaN,NaN,NaN,NaN,NaN,NaN,NaN,46.572,0,3495.1,0.0069644,NaN,NaN,NaN,NaN,17.936,99080,21.813,-1.888,1.0216,-8.612,-4.2555,-0.13844,-7.5399,NaN,NaN,NaN,NaN,NaN
487.84,-17.457,-9.8279,0.2942,-1.4373,1.7033,-8.379,-3.5378,-6.7509,-7.24,0,0,0,NaN,NaN,NaN,NaN,NaN,NaN,NaN,NaN,NaN,46.572,0,3495.1,0.0069644,0.61156,2.1288,0.30184,0.037458,NaN,-1,-1,-1.8825,1.0236,-8.629,-4.3224,-0.28159,-7.567,NaN,NaN,NaN,NaN,NaN
487.85,-17.462,-9.8292,0.27579,-3.276,1.3383,-12.389,-3.3632,1.5798,-7.555,0,0,0,NaN,NaN,NaN,NaN,NaN,NaN,NaN,NaN,NaN,46.572,0,3495.1,0.0069644,NaN,NaN,NaN,NaN,NaN,-1,-1,-1.89,1.0157,-8.6417,-4.3797,-0.27424,-7.6059,NaN,NaN,NaN,NaN,NaN
487.85,-17.472,-9.8152,0.25259,-1.5557,0.39609,-5.8694,-6.1478,7.9073,-7.3693,0.64833,0.15725,-0.93207,NaN,NaN,NaN,NaN,NaN,NaN,NaN,NaN,NaN,46.572,0,3495.1,0.0069644,NaN,NaN,NaN,NaN,17.778,99092,21.875,-1.8824,1.0089,-8.6403,-4.4065,-0.0091581,-7.637,NaN,NaN,NaN,NaN,NaN
487.85,-17.482,-9.8345,0.23964,-0.72844,0.43538,-4.3983,-5.283,-5.9351,-7.6657,0,0,0,NaN,NaN,NaN,NaN,NaN,NaN,NaN,NaN,NaN,46.572,0,3495.1,0.0069644,NaN,NaN,NaN,NaN,NaN,-1,-1,-1.8821,0.99076,-8.6316,-4.4343,-0.085355,-7.6657,NaN,NaN,NaN,NaN,NaN
487.85,-17.49,-9.8488,0.22389,-2.8776,1.0318,-12.959,-4.5229,-3.722,-8.1243,0,0,0,NaN,NaN,NaN,NaN,NaN,NaN,NaN,NaN,NaN,46.572,0,3495.1,0.0069644,NaN,NaN,NaN,NaN,17.844,99085,21.813,-1.8802,0.98548,-8.6759,-4.427,-0.28258,-7.6967,NaN,NaN,NaN,NaN,NaN
487.86,-17.494,-9.8405,0.20036,-2.2597,0.29108,-9.0726,-3.7747,5.8449,-8.3216,0,0,0,NaN,NaN,NaN,NaN,NaN,NaN,NaN,NaN,NaN,46.572,0,3495.1,0.0069644,NaN,NaN,NaN,NaN,NaN,-1,-1,-1.8717,0.97705,-8.6646,-4.4108,-0.068804,-7.7168,NaN,NaN,NaN,NaN,NaN
487.86,-17.503,-9.8455,0.18187,-1.1377,1.5855,-4.9992,-5.3127,0.12038,-7.8942,0.64344,0.14713,-0.93712,NaN,NaN,NaN,NaN,NaN,NaN,NaN,NaN,NaN,46.572,0,3495.1,0.0069644,NaN,NaN,NaN,NaN,NaN,-1,-1,-1.8704,0.97946,-8.6944,-4.3986,0.20173,-7.7326,NaN,NaN,NaN,NaN,NaN
487.86,-17.511,-9.8635,0.16899,-1.5974,1.726,-10.31,-4.6819,-5.4233,-7.4799,0,0,0,NaN,NaN,NaN,NaN,NaN,NaN,NaN,NaN,NaN,46.572,0,3495.1,0.0069644,NaN,NaN,NaN,NaN,18.114,99059,21.688,-1.8778,0.98531,-8.7339,-4.3999,-0.045275,-7.7449,NaN,NaN,NaN,NaN,NaN
487.86,-17.519,-9.8568,0.14722,-2.428,0.36048,-10.349,-4.7774,4.9987,-7.8547,0,0,0,NaN,NaN,NaN,NaN,NaN,NaN,NaN,NaN,NaN,46.572,0,3495.1,0.0069644,NaN,NaN,NaN,NaN,NaN,-1,-1,-1.872,0.96887,-8.7393,-4.2726,-0.08174,-7.7779,NaN,NaN,NaN,NaN,NaN
487.87,-17.523,-9.8583,0.12768,-1.4185,1.4885,-6.5172,-3.4897,1.6218,-8.01,0,0,0,NaN,NaN,NaN,NaN,NaN,NaN,NaN,NaN,NaN,46.572,0,3495.1,0.0069644,NaN,NaN,NaN,NaN,NaN,-1,-1,-1.876,0.96526,-8.7503,-4.1549,0.30319,-7.7947,NaN,NaN,NaN,NaN,NaN
487.87,-17.528,-9.876,0.11358,-1.8608,1.2749,-9.8312,-3.5198,-5.2627,-7.6447,0.65535,0.14721,-0.93144,NaN,NaN,NaN,NaN,NaN,NaN,NaN,NaN,NaN,46.572,0,3495.1,0.0069644,0.59239,2.2428,0.22821,0.085738,18.737,99053,21.688,-1.8794,0.96778,-8.8132,-4.0895,0.24416,-7.7928,NaN,NaN,NaN,NaN,NaN
487.87,-17.534,-9.8715,0.093681,-2.4795,0.98874,-10.107,-4.2395,3.9641,-7.4167,0,0,0,NaN,NaN,NaN,NaN,NaN,NaN,NaN,NaN,NaN,46.572,0,3495.1,0.0069644,NaN,NaN,NaN,NaN,NaN,-1,-1,-1.8719,0.95621,-8.8153,-4.0279,0.14473,-7.806,NaN,NaN,NaN,NaN,NaN
487.87,-17.552,-9.8846,0.059166,-1.375,0.56674,-7.2392,-4.4903,-4.409,-7.872,0,0,0,NaN,NaN,NaN,NaN,NaN,NaN,NaN,NaN,NaN,46.572,0,3495.1,0.0069644,NaN,NaN,NaN,NaN,18.161,99073,21.75,-1.871,0.94176,-8.8017,-3.9246,0.42209,-7.8121,NaN,NaN,NaN,NaN,NaN
487.88,-17.558,-9.8891,0.040031,-2.5401,0.84528,-12.051,-4.2324,0.39889,-8.0418,0.64813,0.15489,-0.92979,NaN,NaN,NaN,NaN,NaN,NaN,NaN,NaN,NaN,46.572,0,3495.1,0.0069644,NaN,NaN,NaN,NaN,NaN,-1,-1,-1.8727,0.93889,-8.8666,-3.8018,0.49478,-7.8308,NaN,NaN,NaN,NaN,NaN
487.88,-17.562,-9.8886,0.019447,-1.6749,0.60159,-8.8076,-3.5702,2.5427,-8.1432,0,0,0,NaN,NaN,NaN,NaN,NaN,NaN,NaN,NaN,NaN,46.572,0,3495.1,0.0069644,NaN,NaN,NaN,NaN,NaN,-1,-1,-1.8766,0.94139,-8.9081,-3.633,0.31296,-7.8474,NaN,NaN,NaN,NaN,NaN
487.88,-17.574,-9.9008,-0.016266,-1.6695,0.74015,-10.823,-3.9973,0.5851,-7.8598,0,0,0,NaN,NaN,NaN,NaN,NaN,NaN,NaN,NaN,NaN,46.572,0,3495.1,0.0069644,NaN,NaN,NaN,NaN,18.451,99092,21.813,-1.8678,0.93406,-8.9099,-3.5145,0.53836,-7.8245,NaN,NaN,NaN,NaN,NaN
487.88,-17.579,-9.9008,-0.035988,-1.5357,0.69141,-8.5524,-4.0559,2.1233,-7.6643,0.6413,0.16219,-0.935,NaN,NaN,NaN,NaN,NaN,NaN,NaN,NaN,NaN,46.572,0,3495.1,0.0069644,0.59951,2.2368,0.2203,0.09656,NaN,-1,-1,-1.868,0.94303,-8.9429,-3.4472,0.37617,-7.8334,NaN,NaN,NaN,NaN,NaN
487.89,-17.581,-9.9089,-0.053558,-1.8897,1.4953,-9.5158,-2.1752,-1.0982,-8.0528,0,0,0,NaN,NaN,NaN,NaN,NaN,NaN,NaN,NaN,NaN,46.572,0,3495.1,0.0069644,NaN,NaN,NaN,NaN,NaN,-1,-1,-1.8751,0.93489,-8.9863,-3.312,0.19453,-7.8515,NaN,NaN,NaN,NaN,NaN
487.89,-17.582,-9.9156,-0.070847,-2.0657,1.0133,-11.531,-2.0452,-0.6161,-7.7863,0,0,0,NaN,NaN,NaN,NaN,NaN,NaN,NaN,NaN,NaN,46.572,0,3495.1,0.0069644,NaN,NaN,NaN,NaN,18.206,99094,21.813,-1.8679,0.92366,-8.9879,-3.1516,0.4487,-7.8551,NaN,NaN,NaN,NaN,NaN
487.89,-17.584,-9.911,-0.090569,-1.9585,0.92283,-8.1157,-2.8364,3.9682,-7.3343,0,0,0,NaN,NaN,NaN,NaN,NaN,NaN,NaN,NaN,NaN,46.572,0,3495.1,0.0069644,NaN,NaN,NaN,NaN,NaN,-1,-1,-1.8641,0.92891,-9.0198,-3.0937,0.42795,-7.8249,NaN,NaN,NaN,NaN,NaN
487.89,-17.59,-9.918,-0.10789,-1.3764,0.59561,-8.5752,-3.8763,-0.75676,-7.6913,0.62869,0.14746,-0.93614,NaN,NaN,NaN,NaN,NaN,NaN,NaN,NaN,NaN,46.572,0,3495.1,0.0069644,0.65864,2.1366,0.30002,0.014151,18.004,99044,21.688,-1.8722,0.92216,-9.1032,-3.0171,0.33037,-7.81,NaN,NaN,NaN,NaN,NaN
487.9,-17.595,-9.9295,-0.12388,-1.7701,0.29203,-11.078,-3.2856,-2.5785,-7.8666,0,0,0,NaN,NaN,NaN,NaN,NaN,NaN,NaN,NaN,NaN,46.572,0,3495.1,0.0069644,NaN,NaN,NaN,NaN,NaN,-1,-1,-1.866,0.90924,-9.0816,-2.9676,0.52194,-7.8099,NaN,NaN,NaN,NaN,NaN
487.9,-17.596,-9.9255,-0.145,-1.9707,1.0507,-10.194,-2.6201,3.9146,-7.9311,0,0,0,NaN,NaN,NaN,NaN,NaN,NaN,NaN,NaN,NaN,46.572,0,3495.1,0.0069644,NaN,NaN,NaN,NaN,NaN,-1,-1,-1.8506,0.90153,-9.1039,-2.9226,0.57906,-7.7884,NaN,NaN,NaN,NaN,NaN
487.9,-17.599,-9.9304,-0.16255,-1.6647,0.058574,-8.2665,-2.5341,0.12227,-7.6588,0,0,0,NaN,NaN,NaN,NaN,NaN,NaN,NaN,NaN,NaN,46.572,0,3495.1,0.0069644,NaN,NaN,NaN,NaN,18.03,99125,22,-1.8643,0.89557,-9.1928,-2.8686,0.46574,-7.7743,NaN,NaN,NaN,NaN,NaN
487.9,-17.603,-9.9417,-0.17924,-1.7369,1.4798,-10.297,-3.3453,-2.5791,-7.9061,0.6335,0.15,-0.93341,NaN,NaN,NaN,NaN,NaN,NaN,NaN,NaN,NaN,46.572,0,3495.1,0.0069644,NaN,NaN,NaN,NaN,NaN,-1,-1,-1.8648,0.89092,-9.2252,-2.849,0.55482,-7.7652,NaN,NaN,NaN,NaN,NaN
487.91,-17.606,-9.9394,-0.19981,-1.8412,1.0759,-12.116,-2.8185,3.2185,-7.9201,0,0,0,NaN,NaN,NaN,NaN,NaN,NaN,NaN,NaN,NaN,46.572,0,3495.1,0.0069644,NaN,NaN,NaN,NaN,NaN,-1,-1,-1.8523,0.88371,-9.2058,-2.9477,0.77303,-7.7492,NaN,NaN,NaN,NaN,NaN
487.91,-17.608,-9.9371,-0.22021,-1.4557,0.60792,-7.1258,-2.7314,3.1803,-7.8689,0,0,0,NaN,NaN,NaN,NaN,NaN,NaN,NaN,NaN,NaN,46.572,0,3495.1,0.0069644,0.6121,2.2398,0.23855,0.061598,18.138,99074,21.75,-1.8538,0.90095,-9.2981,-2.9901,0.57975,-7.7591,NaN,NaN,NaN,NaN,NaN
487.91,-17.609,-9.951,-0.23539,-1.7106,0.70281,-9.2918,-1.729,-3.5924,-7.8556,0,0,0,NaN,NaN,NaN,NaN,NaN,NaN,NaN,NaN,NaN,46.572,0,3495.1,0.0069644,NaN,NaN,NaN,NaN,NaN,-1,-1,-1.8594,0.88511,-9.3555,-3.0353,0.57556,-7.7684,NaN,NaN,NaN,NaN,NaN
487.91,-17.61,-9.9566,-0.25304,-2.4198,2.0468,-12.985,-2.129,-0.19217,-7.6112,0.63824,0.15005,-0.93068,NaN,NaN,NaN,NaN,NaN,NaN,NaN,NaN,NaN,46.572,0,3495.1,0.0069644,NaN,NaN,NaN,NaN,18.156,99017,21.5,-1.8495,0.87265,-9.3246,-3.0773,0.74081,-7.7776,NaN,NaN,NaN,NaN,NaN
487.92,-17.61,-9.9468,-0.27469,-2.0182,0.9591,-8.7888,-2.137,6.21,-7.4204,0,0,0,NaN,NaN,NaN,NaN,NaN,NaN,NaN,NaN,NaN,46.572,0,3495.1,0.0069644,NaN,NaN,NaN,NaN,NaN,-1,-1,-1.848,0.87526,-9.3763,-3.2393,0.73881,-7.7788,NaN,NaN,NaN,NaN,NaN
487.92,-17.616,-9.9527,-0.2915,-0.80412,-0.071094,-7.0862,-3.9074,-0.37924,-7.5145,0,0,0,NaN,NaN,NaN,NaN,NaN,NaN,NaN,NaN,NaN,46.572,0,3495.1,0.0069644,NaN,NaN,NaN,NaN,NaN,-1,-1,-1.8467,0.87623,-9.4093,-3.3693,0.64015,-7.7753,NaN,NaN,NaN,NaN,NaN
487.92,-17.622,-9.9684,-0.30626,-2.1496,0.060313,-10.811,-3.7691,-4.3102,-7.9119,0,0,0,NaN,NaN,NaN,NaN,NaN,NaN,NaN,NaN,NaN,46.572,0,3495.1,0.0069644,0.60991,2.1151,0.29758,0.047447,18.185,99079,21.813,-1.8347,0.85828,-9.404,-3.5383,0.80225,-7.7772,NaN,NaN,NaN,NaN,NaN
487.92,-17.625,-9.9639,-0.32842,-2.3757,1.1853,-11.369,-2.9802,4.1121,-8.0584,0.64324,0.14986,-0.93253,NaN,NaN,NaN,NaN,NaN,NaN,NaN,NaN,NaN,46.572,0,3495.1,0.0069644,NaN,NaN,NaN,NaN,NaN,-1,-1,-1.8305,0.84995,-9.4369,-3.6669,0.73851,-7.7949,NaN,NaN,NaN,NaN,NaN
487.93,-17.628,-9.9667,-0.34684,-1.0229,0.19912,-8.4494,-2.9116,1.0418,-7.724,0,0,0,NaN,NaN,NaN,NaN,NaN,NaN,NaN,NaN,NaN,46.572,0,3495.1,0.0069644,NaN,NaN,NaN,NaN,NaN,-1,-1,-1.8317,0.84629,-9.4717,-3.8353,0.64404,-7.8083,NaN,NaN,NaN,NaN,NaN
487.93,-17.634,-9.9781,-0.3632,-2.3826,0.99986,-10.05,-4.0989,-2.5097,-8.0023,0,0,0,NaN,NaN,NaN,NaN,NaN,NaN,NaN,NaN,NaN,46.572,0,3495.1,0.0069644,NaN,NaN,NaN,NaN,18.181,99066,21.688,-1.8164,0.83663,-9.4527,-4.1742,0.77728,-8.0426,NaN,NaN,NaN,NaN,NaN
487.93,-17.64,-9.9775,-0.3829,-1.6785,1.1797,-10.534,-4.3344,2.4703,-7.8056,0,0,0,NaN,NaN,NaN,NaN,NaN,NaN,NaN,NaN,NaN,46.572,0,3495.1,0.0069644,NaN,NaN,NaN,NaN,17.885,99053,21.625,-1.8191,0.84813,-9.5242,-4.3734,0.69965,-7.9995,NaN,NaN,NaN,NaN,NaN
487.93,-17.648,-9.9769,-0.40263,-1.2003,0.68574,-8.7852,-4.6736,2.4076,-7.6476,0.63371,0.15745,-0.93339,NaN,NaN,NaN,NaN,NaN,NaN,NaN,NaN,NaN,46.572,0,3495.1,0.0069644,0.57871,2.235,0.21604,0.10738,NaN,-1,-1,-1.8262,0.84273,-9.5668,-4.5643,0.52257,-7.9775,NaN,NaN,NaN,NaN,NaN
487.94,-17.651,-9.9891,-0.41863,-2.1522,1.054,-9.586,-2.9732,-2.8659,-7.9642,0,0,0,NaN,NaN,NaN,NaN,NaN,NaN,NaN,NaN,NaN,46.572,0,3495.1,0.0069644,NaN,NaN,NaN,NaN,NaN,-1,-1,-1.8251,0.83398,-9.5895,-4.7056,0.74194,-7.9472,NaN,NaN,NaN,NaN,NaN
487.94,-17.657,-9.9911,-0.4366,-2.4767,1.3756,-12.876,-4.0322,1.2694,-7.4693,0,0,0,NaN,NaN,NaN,NaN,NaN,NaN,NaN,NaN,NaN,46.572,0,3495.1,0.0069644,NaN,NaN,NaN,NaN,NaN,-1,-1,-1.8271,0.83776,-9.6457,-4.8821,0.66202,-7.9195,NaN,NaN,NaN,NaN,NaN
487.94,-17.667,-9.9866,-0.45672,-1.3859,0.81007,-7.2092,-5.6177,4.0133,-7.486,0,0,0,NaN,NaN,NaN,NaN,NaN,NaN,NaN,NaN,NaN,46.572,0,3495.1,0.0069644,NaN,NaN,NaN,NaN,17.754,99075,21.813,-1.8219,0.83726,-9.6765,-5.0647,0.60711,-7.8758,NaN,NaN,NaN,NaN,NaN
487.94,-17.69,-10.003,-0.49038,-2.2755,0.53152,-11.319,-6.1532,-0.63822,-7.83,0,0,0,NaN,NaN,NaN,NaN,NaN,NaN,NaN,NaN,NaN,46.572,0,3495.1,0.0069644,NaN,NaN,NaN,NaN,NaN,-1,-1,-1.816,0.81842,-9.7036,-5.148,0.67204,-7.8597,NaN,NaN,NaN,NaN,NaN
487.95,-17.699,-10.003,-0.51099,-1.6711,0.41439,-9.5441,-5.717,2.3164,-8.2264,0,0,0,NaN,NaN,NaN,NaN,NaN,NaN,NaN,NaN,NaN,46.572,0,3495.1,0.0069644,0.60389,2.1217,0.29454,0.038291,NaN,-1,-1,-1.8154,0.82406,-9.7341,-5.1965,0.61387,-7.8313,NaN,NaN,NaN,NaN,NaN
487.95,-17.712,-10.013,-0.52774,-1.4179,0.72637,-9.3104,-6.4964,-1.5748,-7.8746,0,0,0,NaN,NaN,NaN,NaN,NaN,NaN,NaN,NaN,NaN,46.572,0,3495.1,0.0069644,NaN,NaN,NaN,NaN,18.028,99075,21.813,-1.8179,0.82876,-9.7848,-5.2771,0.52993,-7.7757,NaN,NaN,NaN,NaN,NaN
487.95,-17.723,-10.017,-0.54681,-2.2066,2.1507,-11.323,-6.3852,0.44284,-8.019,0.6459,0.15728,-0.93229,NaN,NaN,NaN,NaN,NaN,NaN,NaN,NaN,NaN,46.572,0,3475.1,0.0069644,NaN,NaN,NaN,NaN,NaN,-1,-1,-1.8136,0.81796,-9.8005,-5.4081,0.61415,-7.746,NaN,NaN,NaN,NaN,NaN
487.95,-17.734,-10.016,-0.56837,-1.9132,-0.25599,-9.2441,-6.2789,2.8788,-8.4365,0,0,0,NaN,NaN,NaN,NaN,NaN,NaN,NaN,NaN,NaN,46.572,0,3475.1,0.0069644,NaN,NaN,NaN,NaN,17.773,99061,21.688,-1.8108,0.82412,-9.8427,-5.5018,0.314,-7.7355,NaN,NaN,NaN,NaN,NaN
487.96,-17.746,-10.026,-0.58505,-1.1105,1.307,-9.286,-6.4978,-1.8901,-7.9462,0,0,0,NaN,NaN,NaN,NaN,NaN,NaN,NaN,NaN,NaN,46.572,0,3475.1,0.0069644,NaN,NaN,NaN,NaN,NaN,-1,-1,-1.8142,0.82651,-9.8682,-5.5258,0.37315,-7.7178,NaN,NaN,NaN,NaN,NaN
487.96,-17.756,-10.033,-0.60293,-2.0952,1.475,-10.875,-5.6261,-0.68543,-8.0584,0,0,0,NaN,NaN,NaN,NaN,NaN,NaN,NaN,NaN,NaN,46.572,0,3475.1,0.0069644,0.57925,2.2326,0.2136,0.10155,NaN,-1,-1,-1.8051,0.81548,-9.8899,-5.5386,0.55799,-7.6924,NaN,NaN,NaN,NaN,NaN
487.96,-17.765,-10.031,-0.62418,-2.2891,1.0881,-11.419,-5.3524,2.8781,-8.048,0.65266,0.15259,-0.92478,NaN,NaN,NaN,NaN,NaN,NaN,NaN,NaN,NaN,46.572,0,3475.1,0.0069644,NaN,NaN,NaN,NaN,17.956,99060,21.688,-1.8038,0.81823,-9.9255,-5.6033,0.34625,-7.6604,NaN,NaN,NaN,NaN,NaN
487.96,-17.778,-10.032,-0.64268,-1.4657,0.37447,-6.8349,-7.0089,1.915,-7.4815,0,0,0,NaN,NaN,NaN,NaN,NaN,NaN,NaN,NaN,NaN,46.572,0,3475.1,0.0069644,NaN,NaN,NaN,NaN,NaN,-1,-1,-1.7859,0.81517,-9.8666,-5.5831,0.46109,-7.6627,NaN,NaN,NaN,NaN,NaN
487.97,-17.792,-10.044,-0.65855,-1.3369,0.36524,-9.8784,-6.994,-2.93,-7.9433,0,0,0,NaN,NaN,NaN,NaN,NaN,NaN,NaN,NaN,NaN,46.572,0,3475.1,0.0069644,NaN,NaN,NaN,NaN,NaN,-1,-1,-1.7788,0.80409,-9.8722,-5.5576,0.55434,-7.6503,NaN,NaN,NaN,NaN,NaN
487.97,-17.805,-10.047,-0.67862,-2.5925,0.42712,-11.396,-6.9745,1.4058,-8.2937,0,0,0,NaN,NaN,NaN,NaN,NaN,NaN,NaN,NaN,NaN,46.572,0,3475.1,0.0069644,NaN,NaN,NaN,NaN,18.114,99041,21.625,-1.7826,0.79514,-9.9137,-5.4996,0.35561,-7.6312,NaN,NaN,NaN,NaN,NaN
487.97,-17.814,-10.049,-0.69907,-1.4783,0.4481,-8.1893,-5.4447,1.457,-8.2634,0.64804,0.14731,-0.9321,NaN,NaN,NaN,NaN,NaN,NaN,NaN,NaN,NaN,46.572,0,3475.1,0.0069644,NaN,NaN,NaN,NaN,NaN,-1,-1,-1.7724,0.79819,-9.9261,-5.4616,0.36297,-7.6079,NaN,NaN,NaN,NaN,NaN
487.97,-17.826,-10.059,-0.71578,-1.4587,0.95606,-9.5935,-6.3161,-2.0644,-8.0183,0,0,0,NaN,NaN,NaN,NaN,NaN,NaN,NaN,NaN,NaN,46.572,0,3475.1,0.0069644,0.60827,2.2464,0.2349,0.077414,18.108,99016,21.438,-1.7806,0.7995,-9.9917,-5.377,0.4227,-7.5894,NaN,NaN,NaN,NaN,NaN
487.98,-17.836,-10.065,-0.73472,-2.4033,1.4575,-11.54,-5.7482,0.062853,-8.2588,0,0,0,NaN,NaN,NaN,NaN,NaN,NaN,NaN,NaN,NaN,46.572,0,3475.1,0.0069644,NaN,NaN,NaN,NaN,NaN,-1,-1,-1.7774,0.77566,-9.9779,-5.2925,0.33826,-7.5624,NaN,NaN,NaN,NaN,NaN
487.98,-17.846,-10.06,-0.75648,-1.6438,0.19703,-8.4136,-5.9903,4.471,-8.0145,0,0,0,NaN,NaN,NaN,NaN,NaN,NaN,NaN,NaN,NaN,46.572,0,3475.1,0.0069644,NaN,NaN,NaN,NaN,NaN,-1,-1,-1.7827,0.77503,-10.049,-5.1829,0.30866,-7.5465,NaN,NaN,NaN,NaN,NaN
487.98,-17.854,-10.069,-0.77343,-1.357,1.191,-7.7225,-4.9002,-1.8278,-7.779,0.65313,0.1547,-0.93164,NaN,NaN,NaN,NaN,NaN,NaN,NaN,NaN,NaN,46.572,0,3475.1,0.0069644,NaN,NaN,NaN,NaN,18.049,99084,21.813,-1.7803,0.77316,-10.074,-5.0686,0.34681,-7.5371,NaN,NaN,NaN,NaN,NaN
487.98,0,0,0,0,0,0,0,0,0,0,0,0,NaN,NaN,NaN,NaN,NaN,NaN,NaN,NaN,NaN,46.572,0,3475.1,0.0069644,NaN,NaN,NaN,NaN,NaN,-1,-1,-1.7688,0.75926,-10.07,-4.9634,0.31166,-7.522,NaN,NaN,NaN,NaN,NaN
487.99,-17.86,-10.081,-0.78939,-2.5184,1.0968,-11.858,-3.9388,-2.6346,-7.8922,0,0,0,NaN,NaN,NaN,NaN,NaN,NaN,NaN,NaN,NaN,46.572,0,3475.1,0.0069644,0.59513,2.2332,0.22273,0.097392,NaN,-1,-1,-1.7812,0.77158,-10.152,-4.8361,0.22858,-7.5184,NaN,NaN,NaN,NaN,NaN
487.99,-17.865,-10.075,-0.81007,-2.1723,1.0447,-10.359,-3.8727,4.6922,-7.4857,0,0,0,NaN,NaN,NaN,NaN,NaN,NaN,NaN,NaN,NaN,46.572,0,3475.1,0.0069644,NaN,NaN,NaN,NaN,17.844,99085,21.813,-1.777,0.7586,-10.177,-4.7082,0.18462,-7.5025,NaN,NaN,NaN,NaN,NaN
487.99,-17.883,-10.093,-0.84389,-1.9042,0.69572,-9.1523,-4.6192,-4.9801,-7.9288,0.65312,0.1496,-0.93394,1.4378,22.523,-3.9351,22.909,40.06,-88.55,3.6783e+05,4.4355e+06,301.77,46.572,0,3475.1,0.0069644,NaN,NaN,NaN,NaN,NaN,-1,-1,-1.7734,0.74962,-10.152,-4.6655,0.29175,-7.4883,22.84,1.7049,0.47806,1.199,4.268
487.99,-17.888,-10.094,-0.86272,-2.5097,0.47318,-12.332,-3.8872,1.7879,-7.6615,0,0,0,NaN,NaN,NaN,NaN,NaN,NaN,NaN,NaN,NaN,46.572,0,3475.1,0.0069644,NaN,NaN,NaN,NaN,17.955,99044,21.625,-1.7729,0.76492,-10.206,-4.533,0.22387,-7.4942,NaN,NaN,NaN,NaN,NaN
488,-17.892,-10.092,-0.88349,-1.8318,0.35157,-7.7519,-3.5955,3.2216,-7.9943,0,0,0,NaN,NaN,NaN,NaN,NaN,NaN,NaN,NaN,NaN,46.572,0,3475.1,0.0069644,0.61375,2.2446,0.23612,0.075749,NaN,-1,-1,-1.7759,0.74524,-10.226,-4.4145,0.086405,-7.4887,NaN,NaN,NaN,NaN,NaN
488,-17.9,-10.106,-0.89793,-1.3676,1.1379,-7.9076,-4.3669,-3.7463,-7.6261,0,0,0,NaN,NaN,NaN,NaN,NaN,NaN,NaN,NaN,NaN,46.572,0,3475.1,0.0069644,0.61375,2.2446,0.23612,0.075749,NaN,-1,-1,-1.7713,0.73059,-10.222,-4.2993,0.17307,-7.4815,NaN,NaN,NaN,NaN,NaN
488,-17.891,-10.095,-0.94916,-2.204,1.5873,-12.278,-4.858,-0.44095,-7.7856,0.64561,0.14735,-0.93232,NaN,NaN,NaN,NaN,NaN,NaN,NaN,NaN,NaN,46.572,0,3475.1,0.0069644,NaN,NaN,NaN,NaN,17.775,99109,21.875,-1.7673,0.74106,-10.244,-4.2613,0.33995,-7.4621,NaN,NaN,NaN,NaN,NaN
488,-17.897,-10.088,-0.97229,-2.1233,0.041686,-9.0233,-4.3163,5.6627,-8.1841,0,0,0,NaN,NaN,NaN,NaN,NaN,NaN,NaN,NaN,NaN,46.572,0,3475.1,0.0069644,NaN,NaN,NaN,NaN,NaN,-1,-1,-1.7652,0.7305,-10.268,-4.2136,0.291,-7.4769,NaN,NaN,NaN,NaN,NaN
488.01,-17.908,-10.115,-1.002,-2.3277,1.0063,-12.068,-3.5115,-3.7289,-7.797,0,0,0,NaN,NaN,NaN,NaN,NaN,NaN,NaN,NaN,NaN,46.572,0,3475.1,0.0069644,NaN,NaN,NaN,NaN,17.515,99037,21.563,-1.7791,0.73419,-10.356,-4.2239,0.20224,-7.4717,NaN,NaN,NaN,NaN,NaN
488.01,-17.912,-10.106,-1.0238,-2.3689,0.71681,-10.727,-3.6843,5.5715,-7.3912,0.6509,0.15709,-0.93414,NaN,NaN,NaN,NaN,NaN,NaN,NaN,NaN,NaN,46.572,0,3475.1,0.0069644,NaN,NaN,NaN,NaN,NaN,-1,-1,-1.7807,0.73013,-10.381,-4.2294,0.27145,-7.4869,NaN,NaN,NaN,NaN,NaN
488.01,-17.92,-10.107,-1.0429,-1.4251,0.4051,-6.6748,-4.7358,2.0653,-7.6838,0,0,0,NaN,NaN,NaN,NaN,NaN,NaN,NaN,NaN,NaN,46.572,0,3475.1,0.0069644,0.65919,2.1587,0.29698,0.0058269,17.93,99035,21.563,-1.7772,0.72977,-10.377,-4.2335,0.36564,-7.5162,NaN,NaN,NaN,NaN,NaN
488.01,-17.928,-10.126,-1.0559,-1.471,0.40745,-8.7118,-4.6206,-5.682,-7.6622,0,0,0,NaN,NaN,NaN,NaN,NaN,NaN,NaN,NaN,NaN,46.572,0,3475.1,0.0069644,NaN,NaN,NaN,NaN,NaN,-1,-1,-1.7729,0.72596,-10.4,-4.2567,0.2429,-7.5419,NaN,NaN,NaN,NaN,NaN
488.02,-17.939,-10.129,-1.0954,-2.0156,-0.26775,-8.9136,-3.4406,2.6564,-8.1841,0.65237,0.14265,-0.92481,NaN,NaN,NaN,NaN,NaN,NaN,NaN,NaN,NaN,46.572,0,3475.1,0.0069644,NaN,NaN,NaN,NaN,NaN,-1,-1,-1.7738,0.72359,-10.435,-4.3216,0.27053,-7.5659,NaN,NaN,NaN,NaN,NaN
488.02,-17.948,-10.137,-1.1108,-1.2898,1.1676,-8.8622,-5.0825,-1.3201,-7.226,0,0,0,NaN,NaN,NaN,NaN,NaN,NaN,NaN,NaN,NaN,46.572,0,3475.1,0.0069644,NaN,NaN,NaN,NaN,17.753,99102,21.875,-1.7782,0.71514,-10.482,-4.3488,0.45119,-7.6082,NaN,NaN,NaN,NaN,NaN
488.02,-17.956,-10.143,-1.1278,-1.9375,1.4452,-10.823,-4.8563,-0.39351,-7.6049,0,0,0,NaN,NaN,NaN,NaN,NaN,NaN,NaN,NaN,NaN,46.572,0,3475.1,0.0069644,NaN,NaN,NaN,NaN,17.682,99074,21.75,-1.7768,0.70728,-10.484,-4.4072,0.42014,-7.6305,NaN,NaN,NaN,NaN,NaN
488.02,-17.962,-10.145,-1.1468,-1.8796,0.25532,-10.664,-4.2951,1.4588,-7.8484,0,0,0,NaN,NaN,NaN,NaN,NaN,NaN,NaN,NaN,NaN,46.572,0,3475.1,0.0069644,NaN,NaN,NaN,NaN,NaN,-1,-1,-1.779,0.70932,-10.489,-4.4739,0.33802,-7.6559,NaN,NaN,NaN,NaN,NaN
488.03,-17.972,-10.16,-1.1814,-2.2233,1.4881,-11.697,-3.3114,-1.9845,-7.777,0,0,0,NaN,NaN,NaN,NaN,NaN,NaN,NaN,NaN,NaN,46.572,0,3475.1,0.0069644,NaN,NaN,NaN,NaN,NaN,-1,-1,-1.7734,0.71217,-10.495,-4.5703,0.52075,-7.6944,NaN,NaN,NaN,NaN,NaN
488.03,-17.977,-10.157,-1.2009,-2.3181,1.2332,-11.392,-3.9132,3.4925,-7.3869,0,0,0,NaN,NaN,NaN,NaN,NaN,NaN,NaN,NaN,NaN,46.572,0,3475.1,0.0069644,NaN,NaN,NaN,NaN,NaN,-1,-1,-1.7689,0.69539,-10.505,-4.6363,0.58437,-7.73,NaN,NaN,NaN,NaN,NaN
488.03,-17.986,-10.157,-1.2202,-1.153,0.17383,-7.2199,-5.2785,2.3288,-7.6564,0,0,0,NaN,NaN,NaN,NaN,NaN,NaN,NaN,NaN,NaN,46.572,0,3475.1,0.0069644,NaN,NaN,NaN,NaN,17.935,99088,21.813,-1.7708,0.69252,-10.525,-4.7381,0.53583,-7.762,NaN,NaN,NaN,NaN,NaN
488.03,-17.997,-10.172,-1.2351,-1.5266,-0.12841,-10.427,-5.875,-4.1568,-7.735,0.65529,0.14982,-0.92915,NaN,NaN,NaN,NaN,NaN,NaN,NaN,NaN,NaN,46.572,0,3475.1,0.0069644,NaN,NaN,NaN,NaN,NaN,-1,-1,-1.7779,0.69596,-10.54,-4.8038,0.55958,-7.7976,NaN,NaN,NaN,NaN,NaN
488.04,-18.005,-10.173,-1.2542,-2.2505,0.95561,-12.373,-5.0639,1.758,-7.7789,0,0,0,NaN,NaN,NaN,NaN,NaN,NaN,NaN,NaN,NaN,46.572,0,3475.1,0.0069644,0.61648,2.2428,0.2349,0.083241,NaN,-1,-1,-1.7704,0.70594,-10.542,-4.8794,0.72621,-7.8297,NaN,NaN,NaN,NaN,NaN
488.04,-18.012,-10.175,-1.273,-1.7642,0.3115,-10.47,-4.2651,1.6502,-7.6755,0,0,0,NaN,NaN,NaN,NaN,NaN,NaN,NaN,NaN,NaN,46.572,0,3475.1,0.0069644,NaN,NaN,NaN,NaN,17.954,99028,21.563,-1.7688,0.69098,-10.536,-4.9275,0.72379,-7.8626,NaN,NaN,NaN,NaN,NaN
488.04,-18.022,-10.182,-1.2899,-1.6823,1.1877,-9.9073,-5.8534,-0.70863,-7.6598,0,0,0,NaN,NaN,NaN,NaN,NaN,NaN,NaN,NaN,NaN,46.572,0,3475.1,0.0069644,NaN,NaN,NaN,NaN,NaN,-1,-1,-1.7732,0.68164,-10.534,-4.8268,0.72229,-7.6026,NaN,NaN,NaN,NaN,NaN
488.04,-18.044,-10.184,-1.3284,-1.9069,0.40099,-11.055,-6.2007,3.1748,-7.9128,0,0,0,NaN,NaN,NaN,NaN,NaN,NaN,NaN,NaN,NaN,46.572,0,3475.1,0.0069644,NaN,NaN,NaN,NaN,18.886,99051,21.625,-1.7746,0.67677,-10.537,-4.7828,0.54474,-7.5876,NaN,NaN,NaN,NaN,NaN
488.05,-18.05,-10.192,-1.3454,-1.5142,1.1748,-9.9715,-3.9257,-0.79956,-7.7589,0,0,0,NaN,NaN,NaN,NaN,NaN,NaN,NaN,NaN,NaN,46.572,0,3475.1,0.0069644,NaN,NaN,NaN,NaN,NaN,-1,-1,-1.7747,0.67114,-10.554,-4.739,0.89852,-7.5325,NaN,NaN,NaN,NaN,NaN
488.05,-18.057,-10.2,-1.3614,-2.2163,0.92485,-13.75,-4.5044,-1.3058,-7.5002,0,0,0,NaN,NaN,NaN,NaN,NaN,NaN,NaN,NaN,NaN,46.572,0,3475.1,0.0069644,NaN,NaN,NaN,NaN,NaN,-1,-1,-1.7781,0.66853,-10.568,-4.7441,0.68765,-7.5061,NaN,NaN,NaN,NaN,NaN
488.05,-18.064,-10.193,-1.3825,-1.752,1.408,-10.316,-4.745,4.9445,-7.3059,0.65042,0.14989,-0.92959,NaN,NaN,NaN,NaN,NaN,NaN,NaN,NaN,NaN,46.572,0,3475.1,0.0069644,NaN,NaN,NaN,NaN,18.452,99089,21.813,-1.7712,0.65654,-10.524,-4.6579,0.83327,-7.4617,NaN,NaN,NaN,NaN,NaN
488.05,-18.076,-10.193,-1.4007,-0.86945,0.30205,-9.4779,-6.3165,2.1435,-7.2547,0,0,0,NaN,NaN,NaN,NaN,NaN,NaN,NaN,NaN,NaN,46.572,0,3475.1,0.0069644,NaN,NaN,NaN,NaN,NaN,-1,-1,-1.775,0.6586,-10.562,-4.5734,1.0548,-7.445,NaN,NaN,NaN,NaN,NaN
488.06,-18.084,-10.21,-1.4148,-2.0066,0.046297,-11.398,-4.8813,-5.0578,-7.9616,0,0,0,NaN,NaN,NaN,NaN,NaN,NaN,NaN,NaN,NaN,46.572,0,3475.1,0.0069644,NaN,NaN,NaN,NaN,NaN,-1,-1,-1.7858,0.6526,-10.596,-4.5056,0.81583,-7.4037,NaN,NaN,NaN,NaN,NaN
488.06,-18.092,-10.205,-1.4351,-1.8178,0.78238,-14.587,-4.9332,4.2763,-7.4291,0,0,0,NaN,NaN,NaN,NaN,NaN,NaN,NaN,NaN,NaN,46.572,0,3475.1,0.0069644,NaN,NaN,NaN,NaN,18.512,99041,21.563,-1.7731,0.65208,-10.548,-4.4722,0.84607,-7.3791,NaN,NaN,NaN,NaN,NaN
488.06,-18.098,-10.206,-1.455,-1.6107,-0.08864,-8.9311,-4.1503,2.1902,-7.766,0.64811,0.1447,-0.9344,NaN,NaN,NaN,NaN,NaN,NaN,NaN,NaN,NaN,46.572,0,3465.1,0.0069644,0.61156,2.2392,0.25012,0.071587,NaN,-1,-1,-1.7739,0.64134,-10.543,-4.4026,1.1778,-7.3613,NaN,NaN,NaN,NaN,NaN
488.06,-18.105,-10.212,-1.4712,-1.7243,2.123,-11.19,-4.3821,-0.68577,-7.3591,0,0,0,NaN,NaN,NaN,NaN,NaN,NaN,NaN,NaN,NaN,46.572,0,3465.1,0.0069644,NaN,NaN,NaN,NaN,18.951,99068,21.688,-1.7806,0.63868,-10.557,-4.3023,1.039,-7.3425,NaN,NaN,NaN,NaN,NaN
488.07,-18.112,-10.215,-1.489,-1.3605,0.27412,-13.173,-4.5575,1.224,-7.444,0,0,0,NaN,NaN,NaN,NaN,NaN,NaN,NaN,NaN,NaN,46.572,0,3465.1,0.0069644,NaN,NaN,NaN,NaN,NaN,-1,-1,-1.7764,0.6265,-10.53,-4.1458,1.0793,-7.2958,NaN,NaN,NaN,NaN,NaN
488.07,-18.119,-10.211,-1.5078,-1.8792,0.78741,-11.371,-4.4947,3.3562,-7.1305,0,0,0,NaN,NaN,NaN,NaN,NaN,NaN,NaN,NaN,NaN,46.572,0,3465.1,0.0069644,NaN,NaN,NaN,NaN,NaN,-1,-1,-1.7779,0.63168,-10.542,-4.0237,1.2739,-7.2689,NaN,NaN,NaN,NaN,NaN
488.07,-18.121,-10.217,-1.5249,-1.5493,1.1404,-10.383,-2.3642,-0.095283,-7.3113,0.65043,0.15498,-0.92728,NaN,NaN,NaN,NaN,NaN,NaN,NaN,NaN,NaN,46.572,0,3465.1,0.0069644,NaN,NaN,NaN,NaN,18.405,99084,21.75,-1.7857,0.62526,-10.546,-3.9094,1.213,-7.2221,NaN,NaN,NaN,NaN,NaN
488.07,-18.125,-10.224,-1.5392,-1.6982,0.45346,-12.328,-2.9393,-1.2563,-6.7512,0,0,0,NaN,NaN,NaN,NaN,NaN,NaN,NaN,NaN,NaN,46.572,0,3465.1,0.0069644,NaN,NaN,NaN,NaN,NaN,-1,-1,-1.7767,0.62379,-10.508,-3.7538,1.2005,-7.1882,NaN,NaN,NaN,NaN,NaN
488.08,-18.129,-10.217,-1.558,-1.7287,0.69047,-12.285,-3.7144,4.818,-6.653,0,0,0,NaN,NaN,NaN,NaN,NaN,NaN,NaN,NaN,NaN,46.572,0,3465.1,0.0069644,0.59404,2.2398,0.22151,0.094062,NaN,-1,-1,-1.7753,0.60468,-10.481,-3.6097,1.1361,-7.1448,NaN,NaN,NaN,NaN,NaN
488.08,-18.135,-10.218,-1.5751,-1.8528,0.9097,-9.8817,-3.806,1.8913,-6.9065,0,0,0,NaN,NaN,NaN,NaN,NaN,NaN,NaN,NaN,NaN,46.572,0,3465.1,0.0069644,NaN,NaN,NaN,NaN,18.253,99142,22,-1.7875,0.60439,-10.534,-3.458,1.1969,-7.1065,NaN,NaN,NaN,NaN,NaN
488.08,-18.139,-10.227,-1.5893,-1.2091,-0.25474,-10.734,-3.2364,-2.163,-6.8792,0.65027,0.14492,-0.9296,NaN,NaN,NaN,NaN,NaN,NaN,NaN,NaN,NaN,46.572,0,3465.1,0.0069644,NaN,NaN,NaN,NaN,NaN,-1,-1,-1.7747,0.60554,-10.447,-3.299,1.0945,-7.0776,NaN,NaN,NaN,NaN,NaN
488.08,-18.142,-10.229,-1.6063,-2.0978,0.62609,-12.753,-2.6877,1.431,-7.0031,0,0,0,NaN,NaN,NaN,NaN,NaN,NaN,NaN,NaN,NaN,46.572,0,3465.1,0.0069644,NaN,NaN,NaN,NaN,18.204,99081,21.75,-1.7691,0.60729,-10.426,-3.0983,0.99612,-7.0569,NaN,NaN,NaN,NaN,NaN
488.09,-18.144,-10.231,-1.623,-1.7043,0.91211,-10.826,-2.4312,1.2368,-6.9223,0,0,0,NaN,NaN,NaN,NaN,NaN,NaN,NaN,NaN,NaN,46.572,0,3465.1,0.0069644,NaN,NaN,NaN,NaN,NaN,-1,-1,-1.7847,0.59371,-10.478,-2.9359,1.1975,-7.0304,NaN,NaN,NaN,NaN,NaN
488.09,-18.148,-10.233,-1.6399,-1.4518,1.0954,-11.832,-2.9848,0.94412,-7.1386,0,0,0,NaN,NaN,NaN,NaN,NaN,NaN,NaN,NaN,NaN,46.572,0,3465.1,0.0069644,0.59075,2.2326,0.22091,0.080744,NaN,-1,-1,-1.7869,0.58326,-10.447,-2.8095,1.1685,-7.0146,NaN,NaN,NaN,NaN,NaN
488.09,-18.151,-10.234,-1.6579,-1.9404,0.30037,-10.462,-3.0307,1.5786,-7.1158,0.6603,0.14963,-0.931,NaN,NaN,NaN,NaN,NaN,NaN,NaN,NaN,NaN,46.572,0,3465.1,0.0069644,NaN,NaN,NaN,NaN,18.274,99068,21.75,-1.7714,0.57983,-10.392,-2.6581,0.8479,-6.9928,NaN,NaN,NaN,NaN,NaN
488.09,-18.154,-10.238,-1.674,-1.4358,1.1976,-11.082,-2.7776,0.59851,-6.8967,0,0,0,NaN,NaN,NaN,NaN,NaN,NaN,NaN,NaN,NaN,46.572,0,3465.1,0.0069644,NaN,NaN,NaN,NaN,NaN,-1,-1,-1.7829,0.57698,-10.432,-2.4773,0.99383,-6.9879,NaN,NaN,NaN,NaN,NaN
488.1,-18.153,-10.246,-1.7057,-2.5232,0.71947,-12.852,-1.5248,2.2232,-7.0148,0,0,0,NaN,NaN,NaN,NaN,NaN,NaN,NaN,NaN,NaN,46.572,0,3465.1,0.0069644,NaN,NaN,NaN,NaN,NaN,-1,-1,-1.791,0.56742,-10.44,-2.3328,1.0482,-6.9564,NaN,NaN,NaN,NaN,NaN
488.1,-18.156,-10.238,-1.7252,-0.76405,0.55166,-8.7359,-2.8609,5.0506,-6.6652,0.64331,0.14725,-0.93483,NaN,NaN,NaN,NaN,NaN,NaN,NaN,NaN,NaN,46.572,0,3465.1,0.0069644,NaN,NaN,NaN,NaN,18.34,99072,21.75,-1.7714,0.55846,-10.365,-2.2391,0.80427,-6.9399,NaN,NaN,NaN,NaN,NaN
488.1,-18.158,-10.251,-1.7393,-1.9875,-0.024241,-10.14,-2.4228,-3.4635,-7.4101,0,0,0,NaN,NaN,NaN,NaN,NaN,NaN,NaN,NaN,NaN,46.572,0,3465.1,0.0069644,0.61594,2.2422,0.23855,0.07242,NaN,-1,-1,-1.775,0.55812,-10.384,-2.1312,0.89518,-6.9509,NaN,NaN,NaN,NaN,NaN
488.1,-18.16,-10.254,-1.7729,-1.6008,0.26517,-11.444,-1.2528,3.3752,-6.9951,0,0,0,NaN,NaN,NaN,NaN,NaN,NaN,NaN,NaN,NaN,46.572,0,3465.1,0.0069644,NaN,NaN,NaN,NaN,18.603,99070,21.688,-1.7928,0.56954,-10.453,-1.9829,0.91918,-6.9465,NaN,NaN,NaN,NaN,NaN
488.11,-18.163,-10.261,-1.7893,-1.3936,-0.16461,-8.7176,-2.8702,-0.97111,-7.2754,0.65515,0.14485,-0.92916,NaN,NaN,NaN,NaN,NaN,NaN,NaN,NaN,NaN,46.572,0,3465.1,0.0069644,NaN,NaN,NaN,NaN,NaN,-1,-1,-1.7827,0.5626,-10.388,-1.8757,0.56982,-6.9387,NaN,NaN,NaN,NaN,NaN
488.11,-18.165,-10.271,-1.803,-2.1913,1.4188,-13.935,-2.1555,-1.927,-6.7831,0,0,0,NaN,NaN,NaN,NaN,NaN,NaN,NaN,NaN,NaN,46.572,0,3465.1,0.0069644,NaN,NaN,NaN,NaN,NaN,-1,-1,-1.7698,0.55523,-10.343,-1.8061,0.67176,-6.9332,NaN,NaN,NaN,NaN,NaN
488.11,-18.166,-10.264,-1.823,-1.9851,0.89239,-10.254,-2.0237,4.8043,-7.1361,0,0,0,NaN,NaN,NaN,NaN,NaN,NaN,NaN,NaN,NaN,46.572,0,3465.1,0.0069644,NaN,NaN,NaN,NaN,18.182,99079,21.75,-1.7841,0.55005,-10.4,-1.7786,0.86131,-6.9385,NaN,NaN,NaN,NaN,NaN
488.11,-18.165,-10.269,-1.8381,-1.1588,0.037192,-9.5421,-1.1335,-0.28081,-6.7722,0,0,0,NaN,NaN,NaN,NaN,NaN,NaN,NaN,NaN,NaN,46.572,0,3465.1,0.0069644,NaN,NaN,NaN,NaN,NaN,-1,-1,-1.7921,0.53587,-10.401,-1.7592,0.50963,-6.9794,NaN,NaN,NaN,NaN,NaN
488.12,-18.165,-10.282,-1.8516,-2.3268,0.51969,-9.7399,-1.268,-3.4006,-6.9923,0.63843,0.14732,-0.93527,NaN,NaN,NaN,NaN,NaN,NaN,NaN,NaN,NaN,46.572,0,3465.1,0.0069644,0.58747,2.238,0.21482,0.10405,NaN,-1,-1,-1.7792,0.53282,-10.352,-1.7111,0.36507,-7.0088,NaN,NaN,NaN,NaN,NaN
488.12,-18.163,-10.285,-1.8673,-1.9748,1.2183,-14.741,-0.82288,0.88665,-6.666,0,0,0,NaN,NaN,NaN,NaN,NaN,NaN,NaN,NaN,NaN,46.572,0,3465.1,0.0069644,NaN,NaN,NaN,NaN,18.068,99086,21.75,-1.7836,0.53113,-10.377,-1.6556,0.59226,-7.0481,NaN,NaN,NaN,NaN,NaN
488.12,-18.164,-10.277,-1.8876,-1.4989,0.22628,-8.3053,-2.1678,5.3909,-7.051,0,0,0,NaN,NaN,NaN,NaN,NaN,NaN,NaN,NaN,NaN,46.572,0,3465.1,0.0069644,NaN,NaN,NaN,NaN,NaN,-1,-1,-1.7873,0.52236,-10.384,-1.6719,0.32603,-7.0712,NaN,NaN,NaN,NaN,NaN
488.12,-18.165,-10.286,-1.9012,-1.5919,0.55829,-8.3727,-1.9673,-1.8286,-6.7061,0,0,0,NaN,NaN,NaN,NaN,NaN,NaN,NaN,NaN,NaN,46.572,0,3465.1,0.0069644,NaN,NaN,NaN,NaN,18.137,99079,21.75,-1.7799,0.51717,-10.359,-1.6768,0.34936,-7.121,NaN,NaN,NaN,NaN,NaN
488.13,-18.165,-10.298,-1.9159,-2.219,-0.073927,-12.559,-1.4441,-3.2173,-7.3029,0.64546,0.14238,-0.93233,NaN,NaN,NaN,NaN,NaN,NaN,NaN,NaN,NaN,46.572,0,3465.1,0.0069644,NaN,NaN,NaN,NaN,NaN,-1,-1,-1.7838,0.51773,-10.373,-1.7105,0.51747,-7.1541,NaN,NaN,NaN,NaN,NaN
488.13,-18.163,-10.297,-1.9356,-1.8496,0.44766,-10.763,-1.1164,2.9808,-7.617,0,0,0,NaN,NaN,NaN,NaN,NaN,NaN,NaN,NaN,NaN,46.572,0,3465.1,0.0069644,0.57487,2.2285,0.20508,0.10821,NaN,-1,-1,-1.7815,0.52194,-10.365,-1.7012,0.27254,-7.1807,NaN,NaN,NaN,NaN,NaN
488.13,-18.165,-10.3,-1.9522,-1.6074,-0.033222,-9.2498,-2.1893,0.78318,-7.0571,0,0,0,NaN,NaN,NaN,NaN,NaN,NaN,NaN,NaN,NaN,46.572,0,3465.1,0.0069644,NaN,NaN,NaN,NaN,17.89,99105,21.875,-1.7803,0.50969,-10.35,-1.7654,0.17639,-7.2059,NaN,NaN,NaN,NaN,NaN
488.13,-18.167,-10.311,-1.9665,-1.9527,1.4151,-10.627,-2.2825,-2.7999,-7.2958,0,0,0,NaN,NaN,NaN,NaN,NaN,NaN,NaN,NaN,NaN,46.572,0,3465.1,0.0069644,NaN,NaN,NaN,NaN,NaN,-1,-1,-1.7864,0.50379,-10.35,-1.8647,0.4368,-7.2273,NaN,NaN,NaN,NaN,NaN
488.14,-18.167,-10.307,-1.9868,-2.429,0.27168,-11.487,-1.9361,3.8226,-7.3791,0.65328,0.15966,-0.93163,NaN,NaN,NaN,NaN,NaN,NaN,NaN,NaN,NaN,46.572,0,3465.1,0.0069644,NaN,NaN,NaN,NaN,NaN,-1,-1,-1.7876,0.50177,-10.352,-2.0111,0.31939,-7.2615,NaN,NaN,NaN,NaN,NaN
488.14,-18.168,-10.312,-2.0034,-1.2199,0.17082,-8.2114,-2.0226,0.30201,-7.1958,0,0,0,NaN,NaN,NaN,NaN,NaN,NaN,NaN,NaN,NaN,46.572,0,3465.1,0.0069644,NaN,NaN,NaN,NaN,17.978,99062,21.688,-1.7873,0.49475,-10.343,-2.1144,0.013295,-7.3013,NaN,NaN,NaN,NaN,NaN
488.14,-18.168,-10.325,-2.0163,-1.8186,1.0166,-10.361,-1.1884,-3.7653,-7.0289,0,0,0,NaN,NaN,NaN,NaN,NaN,NaN,NaN,NaN,NaN,46.572,0,3465.1,0.0069644,0.60499,2.1199,0.29698,0.04495,NaN,-1,-1,-1.7855,0.49185,-10.32,-2.2349,0.26598,-7.3177,NaN,NaN,NaN,NaN,NaN
488.14,-18.167,-10.325,-2.0338,-2.5015,1.0312,-13.92,-1.3648,2.097,-6.997,0,0,0,NaN,NaN,NaN,NaN,NaN,NaN,NaN,NaN,NaN,46.572,0,3465.1,0.0069644,NaN,NaN,NaN,NaN,18.229,99090,21.813,-1.782,0.48181,-10.323,-2.3845,0.26075,-7.3277,NaN,NaN,NaN,NaN,NaN
488.15,-18.17,-10.319,-2.0547,-1.5405,0.067891,-7.0389,-3.0508,4.5471,-7.3541,0.64541,0.15008,-0.92774,NaN,NaN,NaN,NaN,NaN,NaN,NaN,NaN,NaN,46.572,0,3465.1,0.0069644,NaN,NaN,NaN,NaN,NaN,-1,-1,-1.7845,0.48545,-10.322,-2.6084,0.094783,-7.3439,NaN,NaN,NaN,NaN,NaN
488.15,-18.176,-10.334,-2.0673,-1.0958,0.3725,-9.2451,-3.7308,-4.0703,-7.0095,0,0,0,NaN,NaN,NaN,NaN,NaN,NaN,NaN,NaN,NaN,46.572,0,3465.1,0.0069644,NaN,NaN,NaN,NaN,NaN,-1,-1,-1.7891,0.4867,-10.319,-2.8088,0.18702,-7.3671,NaN,NaN,NaN,NaN,NaN
488.15,-18.177,-10.344,-2.0837,-2.8029,0.33692,-12.247,-2.1991,-2.0845,-7.8791,0,0,0,NaN,NaN,NaN,NaN,NaN,NaN,NaN,NaN,NaN,46.572,0,3465.1,0.0069644,NaN,NaN,NaN,NaN,18.113,99065,21.688,-1.7862,0.48036,-10.304,-3.0214,0.21609,-7.3786,NaN,NaN,NaN,NaN,NaN
488.15,-18.179,-10.339,-2.1047,-1.8611,-0.2755,-10.214,-2.6025,4.5436,-7.6449,0,0,0,NaN,NaN,NaN,NaN,NaN,NaN,NaN,NaN,NaN,46.572,0,3465.1,0.0069644,0.58528,2.2416,0.21665,0.098224,NaN,-1,-1,-1.7848,0.48339,-10.3,-3.206,0.15594,-7.3932,NaN,NaN,NaN,NaN,NaN
488.16,-18.186,-10.347,-2.1206,-1.3283,-0.069011,-7.4776,-4.1746,-1.2849,-7.2683,0.64048,0.15275,-0.92588,NaN,NaN,NaN,NaN,NaN,NaN,NaN,NaN,NaN,46.572,0,3465.1,0.0069644,NaN,NaN,NaN,NaN,NaN,-1,-1,-1.7882,0.47146,-10.296,-3.4956,0.40375,-7.3965,NaN,NaN,NaN,NaN,NaN
488.16,-18.191,-10.362,-2.1353,-2.2841,1.9716,-13.083,-3.8498,-3.8753,-7.7958,0,0,0,NaN,NaN,NaN,NaN,NaN,NaN,NaN,NaN,NaN,46.572,0,3465.1,0.0069644,NaN,NaN,NaN,NaN,18.071,99088,21.813,-1.7881,0.45807,-10.272,-4.0346,0.30829,-7.6506,NaN,NaN,NaN,NaN,NaN
488.16,-18.196,-10.352,-2.1585,-2.4127,0.40449,-11.128,-3.7097,6.5525,-7.888,0,0,0,NaN,NaN,NaN,NaN,NaN,NaN,NaN,NaN,NaN,46.572,0,3465.1,0.0069644,NaN,NaN,NaN,NaN,NaN,-1,-1,-1.7918,0.45334,-10.278,-4.2459,0.33475,-7.6248,NaN,NaN,NaN,NaN,NaN
488.16,-18.2,-10.357,-2.1764,-1.0497,-0.33499,-6.7678,-3.3753,0.12072,-7.8222,0,0,0,NaN,NaN,NaN,NaN,NaN,NaN,NaN,NaN,NaN,46.572,0,3465.1,0.0069644,NaN,NaN,NaN,NaN,18.273,99091,21.813,-1.7941,0.45769,-10.285,-4.4486,0.27897,-7.6028,NaN,NaN,NaN,NaN,NaN
488.17,-18.208,-10.375,-2.1899,-2.0524,0.81733,-11.157,-4.5493,-5.3997,-7.5741,0.64798,0.14992,-0.9298,NaN,NaN,NaN,NaN,NaN,NaN,NaN,NaN,NaN,46.572,0,3465.1,0.0069644,NaN,NaN,NaN,NaN,NaN,-1,-1,-1.7882,0.44641,-10.268,-4.6868,0.36722,-7.5472,NaN,NaN,NaN,NaN,NaN
488.17,-18.213,-10.374,-2.2087,-2.558,1.6901,-13.976,-3.8137,2.7037,-7.3689,0,0,0,NaN,NaN,NaN,NaN,NaN,NaN,NaN,NaN,NaN,46.572,0,3465.1,0.0069644,0.60937,2.2404,0.23916,0.07242,NaN,-1,-1,-1.7846,0.4369,-10.257,-4.9266,0.39368,-7.5198,NaN,NaN,NaN,NaN,NaN
488.17,-18.222,-10.363,-2.2305,-1.3963,-0.7031,-6.6895,-5.6405,6.4788,-7.3268,0,0,0,NaN,NaN,NaN,NaN,NaN,NaN,NaN,NaN,NaN,46.572,0,3462.3,0.0064211,NaN,NaN,NaN,NaN,18.112,99051,21.625,-1.7917,0.44054,-10.269,-5.1782,0.42076,-7.4699,NaN,NaN,NaN,NaN,NaN
488.17,-18.234,-10.383,-2.2426,-1.0971,-0.53105,-7.3998,-6.168,-6.297,-7.5058,0,0,0,NaN,NaN,NaN,NaN,NaN,NaN,NaN,NaN,NaN,46.572,0,3462.3,0.0064211,NaN,NaN,NaN,NaN,NaN,-1,-1,-1.7959,0.44116,-10.279,-5.3865,0.43234,-7.4415,NaN,NaN,NaN,NaN,NaN
488.18,-18.254,-10.385,-2.2814,-2.1484,-0.4543,-9.8376,-5.2174,5.3766,-7.7672,0,0,0,NaN,NaN,NaN,NaN,NaN,NaN,NaN,NaN,NaN,46.572,0,3462.3,0.0064211,NaN,NaN,NaN,NaN,NaN,-1,-1,-1.7888,0.44442,-10.267,-5.5937,0.39269,-7.4004,NaN,NaN,NaN,NaN,NaN
488.18,-18.267,-10.393,-2.2967,-1.1129,0.46435,-7.5233,-6.8059,-1.1326,-7.1644,0,0,0,NaN,NaN,NaN,NaN,NaN,NaN,NaN,NaN,NaN,46.572,0,3462.3,0.0064211,NaN,NaN,NaN,NaN,18.049,99110,21.875,-1.7931,0.44298,-10.25,-5.8948,0.73087,-7.3643,NaN,NaN,NaN,NaN,NaN
488.18,-18.282,-10.407,-2.3106,-2.2869,1.2402,-12.293,-7.1611,-3.6235,-7.3866,0,0,0,NaN,NaN,NaN,NaN,NaN,NaN,NaN,NaN,NaN,46.572,0,3462.3,0.0064211,0.60115,2.1139,0.29698,0.049945,NaN,-1,-1,-1.7876,0.42627,-10.242,-6.1768,0.7086,-7.331,NaN,NaN,NaN,NaN,NaN
488.18,-18.295,-10.399,-2.3335,-2.2508,0.33235,-10.589,-7.382,5.6257,-7.8683,0.64819,0.15228,-0.93209,NaN,NaN,NaN,NaN,NaN,NaN,NaN,NaN,NaN,46.572,0,3462.3,0.0064211,NaN,NaN,NaN,NaN,18.337,99049,21.625,-1.7932,0.42307,-10.258,-6.4067,0.57895,-7.3112,NaN,NaN,NaN,NaN,NaN
488.19,-18.307,-10.404,-2.3505,-1.1628,0.16931,-7.4876,-6.5472,0.25611,-7.4044,0,0,0,NaN,NaN,NaN,NaN,NaN,NaN,NaN,NaN,NaN,46.572,0,3462.3,0.0064211,NaN,NaN,NaN,NaN,NaN,-1,-1,-1.7992,0.42777,-10.263,-6.6081,0.79711,-7.3054,NaN,NaN,NaN,NaN,NaN
488.19,-18.322,-10.42,-2.3634,-2.2656,0.42108,-11.63,-7.1397,-4.6949,-7.3384,0,0,0,NaN,NaN,NaN,NaN,NaN,NaN,NaN,NaN,NaN,46.572,0,3462.3,0.0064211,NaN,NaN,NaN,NaN,NaN,-1,-1,-1.7806,0.418,-10.175,-6.8612,0.69675,-7.2756,NaN,NaN,NaN,NaN,NaN
488.19,-18.334,-10.415,-2.3829,-2.3932,1.8159,-12.716,-6.7836,4.1495,-7.1083,0,0,0,NaN,NaN,NaN,NaN,NaN,NaN,NaN,NaN,NaN,46.572,0,3462.3,0.0064211,0.59732,2.1127,0.29637,0.046615,18.694,99088,21.813,-1.7763,0.4092,-10.164,-7.1305,0.50975,-7.2413,NaN,NaN,NaN,NaN,NaN
488.19,-18.351,-10.404,-2.404,-1.1154,-0.91536,-6.5874,-8.5277,6.6861,-6.7687,0.65509,0.15255,-0.92456,NaN,NaN,NaN,NaN,NaN,NaN,NaN,NaN,NaN,46.572,0,3462.3,0.0064211,0.59732,2.1127,0.29637,0.046615,NaN,-1,-1,-1.7802,0.40708,-10.185,-7.351,0.68153,-7.2243,NaN,NaN,NaN,NaN,NaN
488.2,-18.369,-10.425,-2.4156,-1.4339,-0.081182,-7.8908,-8.511,-6.7934,-7.5032,0,0,0,NaN,NaN,NaN,NaN,NaN,NaN,NaN,NaN,NaN,46.572,0,3462.3,0.0064211,NaN,NaN,NaN,NaN,NaN,-1,-1,-1.7768,0.40897,-10.171,-7.5509,0.62771,-7.21,NaN,NaN,NaN,NaN,NaN
488.2,-18.385,-10.43,-2.4329,-2.993,1.0744,-14.136,-8.2504,0.040279,-7.621,0,0,0,NaN,NaN,NaN,NaN,NaN,NaN,NaN,NaN,NaN,46.572,0,3462.3,0.0064211,NaN,NaN,NaN,NaN,18.582,99080,21.75,-1.7641,0.40595,-10.094,-7.728,0.44491,-7.1763,NaN,NaN,NaN,NaN,NaN
488.2,-18.398,-10.424,-2.4545,-1.8539,-0.067539,-9.1581,-7.296,5.1566,-7.6851,0,0,0,NaN,NaN,NaN,NaN,NaN,NaN,NaN,NaN,NaN,46.572,0,3462.3,0.0064211,NaN,NaN,NaN,NaN,NaN,-1,-1,-1.7689,0.40851,-10.095,-7.8964,0.55256,-7.152,NaN,NaN,NaN,NaN,NaN
488.2,-18.417,-10.432,-2.471,-1.2988,0.33439,-8.102,-8.8371,-1.4783,-7.4919,0.65537,0.1574,-0.92684,NaN,NaN,NaN,NaN,NaN,NaN,NaN,NaN,NaN,46.572,0,3462.3,0.0064211,NaN,NaN,NaN,NaN,18.269,99094,21.75,-1.7726,0.38654,-10.103,-8.0852,0.70726,-7.138,NaN,NaN,NaN,NaN,NaN
488.21,-18.435,-10.44,-2.4877,-2.5824,1.5709,-11.068,-9.1399,-0.80248,-7.6193,0,0,0,NaN,NaN,NaN,NaN,NaN,NaN,NaN,NaN,NaN,46.572,0,3462.3,0.0064211,0.59677,2.2291,0.22091,0.095727,NaN,-1,-1,-1.7769,0.39084,-10.142,-8.2889,0.42536,-7.1041,NaN,NaN,NaN,NaN,NaN
488.21,-18.454,-10.436,-2.5082,-1.2898,-0.3708,-10.31,-9.486,3.9414,-7.6421,0,0,0,NaN,NaN,NaN,NaN,NaN,NaN,NaN,NaN,NaN,46.572,0,3462.3,0.0064211,0.59677,2.2291,0.22091,0.095727,NaN,-1,-1,-1.7862,0.38848,-10.142,-8.3499,0.33165,-7.1028,NaN,NaN,NaN,NaN,NaN
488.21,-18.471,-10.445,-2.5242,-1.5755,0.56778,-8.8392,-8.2887,-1.5781,-7.5937,0,0,0,NaN,NaN,NaN,NaN,NaN,NaN,NaN,NaN,NaN,46.572,0,3462.3,0.0064211,NaN,NaN,NaN,NaN,18.474,99087,21.813,-1.7902,0.38795,-10.15,-8.4244,0.61359,-7.0818,NaN,NaN,NaN,NaN,NaN
488.21,0,0,0,0,0,0,0,0,0,0,0,0,NaN,NaN,NaN,NaN,NaN,NaN,NaN,NaN,NaN,46.572,0,3462.3,0.0064211,NaN,NaN,NaN,NaN,NaN,-1,-1,-1.7894,0.38787,-10.141,-8.5412,0.5055,-7.0511,NaN,NaN,NaN,NaN,NaN
488.22,-18.504,-10.447,-2.5608,-1.7012,1.0053,-9.6959,-8.0197,3.3726,-7.1525,0,0,0,NaN,NaN,NaN,NaN,NaN,NaN,NaN,NaN,NaN,46.572,0,3462.3,0.0064211,NaN,NaN,NaN,NaN,NaN,-1,-1,-1.7977,0.38766,-10.199,-8.6267,0.32372,-7.0428,NaN,NaN,NaN,NaN,NaN
488.22,-18.525,-10.447,-2.5792,-1.6294,-0.37845,-8.2742,-10.448,2.1721,-7.3252,0,0,0,NaN,NaN,NaN,NaN,NaN,NaN,NaN,NaN,NaN,46.572,0,3462.3,0.0064211,NaN,NaN,NaN,NaN,18.315,99066,21.688,-1.8031,0.39361,-10.193,-8.6614,0.55254,-7.0576,NaN,NaN,NaN,NaN,NaN
488.22,-18.545,-10.462,-2.5941,-1.7175,0.81773,-10.876,-9.4015,-3.8068,-7.9003,0,0,0,NaN,NaN,NaN,NaN,NaN,NaN,NaN,NaN,NaN,46.572,0,3462.3,0.0064211,NaN,NaN,NaN,NaN,NaN,-1,-1,-1.7967,0.3979,-10.171,-8.6491,0.5468,-7.065,NaN,NaN,NaN,NaN,NaN
488.22,-18.564,-10.455,-2.6158,-2.7098,0.14498,-11.223,-9.7039,5.0194,-7.4628,0.65251,0.14762,-0.9248,0.84768,22.478,-3.8256,22.817,40.06,-88.55,3.6783e+05,4.4355e+06,300.9,46.572,0,3462.3,0.0064211,NaN,NaN,NaN,NaN,18.773,99074,21.625,-1.8038,0.39236,-10.208,-8.6936,0.32488,-7.066,22.738,1.8725,0.30641,0.77206,4.7074
488.23,-18.582,-10.459,-2.6342,-1.2904,-0.21238,-7.8839,-8.6738,0.86379,-7.8159,0,0,0,NaN,NaN,NaN,NaN,NaN,NaN,NaN,NaN,NaN,46.572,0,3462.3,0.0064211,NaN,NaN,NaN,NaN,NaN,-1,-1,-1.8112,0.38772,-10.236,-8.6994,0.47346,-7.0633,NaN,NaN,NaN,NaN,NaN
488.23,-18.604,-10.47,-2.6489,-2.0964,0.66372,-11.18,-10.21,-2.6106,-7.3959,0,0,0,NaN,NaN,NaN,NaN,NaN,NaN,NaN,NaN,NaN,46.572,0,3462.3,0.0064211,NaN,NaN,NaN,NaN,NaN,-1,-1,-1.8062,0.38226,-10.2,-8.7389,0.67593,-7.0697,NaN,NaN,NaN,NaN,NaN
488.23,-18.624,-10.469,-2.6679,-1.8323,1.3913,-11.929,-9.9251,2.7156,-7.3948,0,0,0,NaN,NaN,NaN,NaN,NaN,NaN,NaN,NaN,NaN,46.572,0,3462.3,0.0064211,0.60115,2.1252,0.30489,0.040788,18.887,99086,21.75,-1.8074,0.39349,-10.227,-8.764,0.36347,-7.0883,NaN,NaN,NaN,NaN,NaN
488.23,-18.635,-10.454,-2.7495,-1.5266,0.49826,-8.824,-8.4064,-3.7167,-7.594,0,0,0,NaN,NaN,NaN,NaN,NaN,NaN,NaN,NaN,NaN,46.572,0,3462.3,0.0064211,0.60115,2.1252,0.30489,0.040788,NaN,-1,-1,-1.8163,0.38513,-10.268,-8.717,0.62661,-7.1025,NaN,NaN,NaN,NaN,NaN
488.24,-18.653,-10.46,-2.7653,-2.6335,1.1954,-14.224,-8.631,-0.38812,-7.1002,0,0,0,NaN,NaN,NaN,NaN,NaN,NaN,NaN,NaN,NaN,46.572,0,3462.3,0.0064211,NaN,NaN,NaN,NaN,NaN,-1,-1,-1.8318,0.39517,-10.36,-8.7327,0.69026,-7.1003,NaN,NaN,NaN,NaN,NaN
488.24,-18.688,-10.451,-2.8041,-1.3911,-0.82442,-7.8112,-9.4964,0.74273,-7.2037,0.65773,0.14979,-0.92893,NaN,NaN,NaN,NaN,NaN,NaN,NaN,NaN,NaN,46.572,0,3462.3,0.0064211,NaN,NaN,NaN,NaN,18.203,99068,21.688,-1.8279,0.39812,-10.356,-8.7556,0.49601,-7.0989,NaN,NaN,NaN,NaN,NaN
488.24,-18.71,-10.465,-2.8169,-2.1442,-0.058059,-10.203,-9.8131,-4.0388,-7.1181,0,0,0,NaN,NaN,NaN,NaN,NaN,NaN,NaN,NaN,NaN,46.572,0,3462.3,0.0064211,NaN,NaN,NaN,NaN,NaN,-1,-1,-1.8353,0.39774,-10.4,-8.7808,0.7484,-7.1334,NaN,NaN,NaN,NaN,NaN
488.24,-18.728,-10.462,-2.8362,-2.2134,0.97754,-13.332,-9.0836,3.4923,-7.2754,0,0,0,NaN,NaN,NaN,NaN,NaN,NaN,NaN,NaN,NaN,46.572,0,3462.3,0.0064211,NaN,NaN,NaN,NaN,18.382,99085,21.75,-1.8319,0.39449,-10.403,-8.7679,0.79889,-7.1496,NaN,NaN,NaN,NaN,NaN
488.25,-18.744,-10.461,-2.8559,-1.7693,-0.1363,-8.1289,-8.3333,2.8076,-7.6716,0,0,0,NaN,NaN,NaN,NaN,NaN,NaN,NaN,NaN,NaN,46.572,0,3462.3,0.0064211,NaN,NaN,NaN,NaN,NaN,-1,-1,-1.8236,0.39333,-10.376,-8.7855,0.5493,-7.1637,NaN,NaN,NaN,NaN,NaN
488.25,-18.762,-10.469,-2.872,-1.8461,0.41918,-11.08,-8.9836,-1.2082,-7.3032,0.65996,0.14739,-0.92643,NaN,NaN,NaN,NaN,NaN,NaN,NaN,NaN,NaN,46.572,0,3462.3,0.0064211,NaN,NaN,NaN,NaN,NaN,-1,-1,-1.8302,0.39679,-10.431,-8.8259,0.80496,-7.1661,NaN,NaN,NaN,NaN,NaN
488.25,-18.781,-10.468,-2.8898,-2.1183,1.5166,-11.404,-9.229,2.4297,-7.0143,0,0,0,NaN,NaN,NaN,NaN,NaN,NaN,NaN,NaN,NaN,46.572,0,3462.3,0.0064211,NaN,NaN,NaN,NaN,18.735,99104,21.813,-1.8375,0.38844,-10.481,-8.9139,0.99225,-7.1773,NaN,NaN,NaN,NaN,NaN
488.25,-18.798,-10.469,-2.9082,-1.3466,0.087698,-9.907,-8.3979,2.1465,-7.3749,0,0,0,NaN,NaN,NaN,NaN,NaN,NaN,NaN,NaN,NaN,46.572,0,3462.3,0.0064211,NaN,NaN,NaN,NaN,NaN,-1,-1,-1.8303,0.38248,-10.454,-8.9684,0.72101,-7.2014,NaN,NaN,NaN,NaN,NaN
488.26,-18.814,-10.476,-2.9232,-1.4612,0.38834,-10.036,-7.8618,-0.96314,-6.9815,0,0,0,NaN,NaN,NaN,NaN,NaN,NaN,NaN,NaN,NaN,46.572,0,3462.3,0.0064211,NaN,NaN,NaN,NaN,NaN,-1,-1,-1.8292,0.39878,-10.493,-9.0049,0.76442,-7.2252,NaN,NaN,NaN,NaN,NaN
488.26,-18.83,-10.48,-2.9399,-2.464,1.0532,-12.954,-8.0741,0.55554,-6.9388,0.64296,0.14502,-0.93026,NaN,NaN,NaN,NaN,NaN,NaN,NaN,NaN,NaN,46.572,0,3462.3,0.0064211,NaN,NaN,NaN,NaN,18.292,99053,21.625,-1.8298,0.38934,-10.497,-9.0294,0.89163,-7.2525,NaN,NaN,NaN,NaN,NaN
488.26,-18.844,-10.472,-2.9605,-1.9255,1.0631,-9.9913,-7.6275,5.5196,-7.1174,0,0,0,NaN,NaN,NaN,NaN,NaN,NaN,NaN,NaN,NaN,46.572,0,3462.3,0.0064211,0.64714,2.13,0.27811,0.016648,NaN,-1,-1,-1.817,0.393,-10.484,-9.1242,1.0422,-7.2946,NaN,NaN,NaN,NaN,NaN
488.26,-18.864,-10.472,-2.9777,-1.1423,-0.44781,-8.6801,-9.7292,1.7366,-7.0056,0,0,0,NaN,NaN,NaN,NaN,NaN,NaN,NaN,NaN,NaN,46.572,0,3462.3,0.0064211,NaN,NaN,NaN,NaN,18.046,99081,21.75,-1.819,0.40039,-10.532,-9.2079,1.0874,-7.333,NaN,NaN,NaN,NaN,NaN
488.27,-18.883,-10.485,-2.9922,-1.9171,0.27101,-11.071,-9.0613,-3.0305,-7.4668,0,0,0,NaN,NaN,NaN,NaN,NaN,NaN,NaN,NaN,NaN,46.572,0,3462.3,0.0064211,NaN,NaN,NaN,NaN,NaN,-1,-1,-1.8284,0.40712,-10.592,-9.3254,1.124,-7.3837,NaN,NaN,NaN,NaN,NaN
488.27,-18.901,-10.484,-3.012,-2.2133,0.8026,-13.17,-8.7472,2.8943,-7.4785,0.66261,0.15481,-0.92619,NaN,NaN,NaN,NaN,NaN,NaN,NaN,NaN,NaN,46.572,0,3462.3,0.0064211,NaN,NaN,NaN,NaN,NaN,-1,-1,-1.8229,0.41307,-10.601,-9.4228,1.1854,-7.4508,NaN,NaN,NaN,NaN,NaN
488.27,-18.918,-10.484,-3.0307,-1.7313,-0.096071,-9.6285,-8.8013,2.2224,-7.4431,0,0,0,NaN,NaN,NaN,NaN,NaN,NaN,NaN,NaN,NaN,46.572,0,3462.3,0.0064211,NaN,NaN,NaN,NaN,18.336,99098,21.75,-1.8208,0.40764,-10.613,-9.2566,1.4209,-7.2185,NaN,NaN,NaN,NaN,NaN
488.27,-18.938,-10.487,-3.0469,-1.8127,0.95992,-11.306,-9.6154,0.67277,-6.9723,0,0,0,NaN,NaN,NaN,NaN,NaN,NaN,NaN,NaN,NaN,46.572,0,3462.3,0.0064211,0.59951,2.1091,0.29454,0.040788,NaN,-1,-1,-1.8255,0.39895,-10.649,-9.2963,1.4818,-7.209,NaN,NaN,NaN,NaN,NaN
488.28,-18.959,-10.488,-3.0649,-1.5989,1.1977,-11.15,-10.161,1.9997,-7.242,0,0,0,NaN,NaN,NaN,NaN,NaN,NaN,NaN,NaN,NaN,46.572,0,3462.3,0.0064211,NaN,NaN,NaN,NaN,NaN,-1,-1,-1.8254,0.40572,-10.677,-9.3965,1.4555,-7.2063,NaN,NaN,NaN,NaN,NaN
488.28,-18.977,-10.487,-3.0842,-1.3064,-0.15511,-10.56,-9.083,2.5549,-7.3059,0.66036,0.14702,-0.93329,NaN,NaN,NaN,NaN,NaN,NaN,NaN,NaN,NaN,46.572,0,3462.3,0.0064211,NaN,NaN,NaN,NaN,18.27,99093,21.75,-1.8143,0.39677,-10.66,-9.4667,1.6008,-7.2144,NaN,NaN,NaN,NaN,NaN
488.28,-18.996,-10.494,-3.1,-1.9275,0.62095,-11.582,-8.8038,-0.89204,-7.2921,0,0,0,NaN,NaN,NaN,NaN,NaN,NaN,NaN,NaN,NaN,46.572,0,3466.6,0.0075089,NaN,NaN,NaN,NaN,NaN,-1,-1,-1.8099,0.40395,-10.681,-9.5543,1.8608,-7.2053,NaN,NaN,NaN,NaN,NaN
488.28,-19.014,-10.494,-3.1175,-2.4625,0.58632,-12.461,-8.985,2.0828,-6.9936,0,0,0,NaN,NaN,NaN,NaN,NaN,NaN,NaN,NaN,NaN,46.572,0,3466.6,0.0075089,NaN,NaN,NaN,NaN,18.066,99076,21.688,-1.819,0.40774,-10.737,-9.6509,1.8013,-7.2017,NaN,NaN,NaN,NaN,NaN
488.29,-19.033,-10.487,-3.1371,-1.0979,1.1759,-10.222,-9.6196,5.2097,-6.7929,0,0,0,NaN,NaN,NaN,NaN,NaN,NaN,NaN,NaN,NaN,46.572,0,3466.6,0.0075089,0.58363,2.2285,0.21665,0.10239,NaN,-1,-1,-1.8116,0.41986,-10.731,-9.7715,1.8339,-7.1945,NaN,NaN,NaN,NaN,NaN
488.29,-19.056,-10.493,-3.1537,-1.6442,-0.39684,-9.9037,-10.595,-0.26425,-7.2526,0.6578,0.15227,-0.92892,NaN,NaN,NaN,NaN,NaN,NaN,NaN,NaN,NaN,46.572,0,3466.6,0.0075089,NaN,NaN,NaN,NaN,NaN,-1,-1,-1.8055,0.41739,-10.743,-9.8798,2.117,-7.1896,NaN,NaN,NaN,NaN,NaN
488.29,-19.077,-10.5,-3.1694,-2.2425,0.74593,-12.176,-10.168,-0.8238,-7.2198,0,0,0,NaN,NaN,NaN,NaN,NaN,NaN,NaN,NaN,NaN,46.572,0,3466.6,0.0075089,NaN,NaN,NaN,NaN,18.135,99074,21.688,-1.812,0.43074,-10.79,-9.9202,1.84,-7.186,NaN,NaN,NaN,NaN,NaN
488.29,-19.098,-10.496,-3.1895,-1.7724,-0.18062,-11.231,-10.314,3.8331,-7.4809,0,0,0,NaN,NaN,NaN,NaN,NaN,NaN,NaN,NaN,NaN,46.572,0,3466.6,0.0075089,NaN,NaN,NaN,NaN,NaN,-1,-1,-1.8057,0.42381,-10.782,-10.011,1.8163,-7.175,NaN,NaN,NaN,NaN,NaN
488.3,-19.121,-10.501,-3.2052,-1.3815,0.23828,-10.314,-10.543,-0.040623,-7.0076,0,0,0,NaN,NaN,NaN,NaN,NaN,NaN,NaN,NaN,NaN,46.572,0,3466.6,0.0075089,NaN,NaN,NaN,NaN,NaN,-1,-1,-1.806,0.42476,-10.829,-10.103,2.0181,-7.1587,NaN,NaN,NaN,NaN,NaN
488.3,-19.144,-10.504,-3.2229,-2.1569,0.92434,-13.413,-10.893,0.99941,-7.1874,0.6553,0.15491,-0.92685,NaN,NaN,NaN,NaN,NaN,NaN,NaN,NaN,NaN,46.572,0,3466.6,0.0075089,NaN,NaN,NaN,NaN,18.424,99058,21.625,-1.7994,0.42496,-10.827,-10.218,1.8216,-7.156,NaN,NaN,NaN,NaN,NaN
488.3,-19.165,-10.498,-3.2432,-1.4683,0.1458,-10.846,-10.545,4.7708,-7.2466,0,0,0,NaN,NaN,NaN,NaN,NaN,NaN,NaN,NaN,NaN,46.572,0,3466.6,0.0075089,0.6028,2.1187,0.30124,0.032464,NaN,-1,-1,-1.7946,0.43001,-10.826,-10.255,1.6363,-7.1428,NaN,NaN,NaN,NaN,NaN
488.3,-19.207,-10.512,-3.2755,-2.2487,1.0501,-12.215,-9.3043,-1.6594,-7.4258,0,0,0,NaN,NaN,NaN,NaN,NaN,NaN,NaN,NaN,NaN,46.572,0,3466.6,0.0075089,NaN,NaN,NaN,NaN,18.384,99094,21.813,-1.7836,0.42768,-10.817,-10.246,1.872,-7.1338,NaN,NaN,NaN,NaN,NaN
488.31,-19.226,-10.507,-3.2945,-1.9697,0.33421,-13.517,-9.4212,3.9541,-6.762,0.65258,0.1501,-0.92479,NaN,NaN,NaN,NaN,NaN,NaN,NaN,NaN,NaN,46.572,0,3466.6,0.0075089,NaN,NaN,NaN,NaN,NaN,-1,-1,-1.7933,0.42889,-10.841,-10.246,1.9086,-7.1135,NaN,NaN,NaN,NaN,NaN
488.31,-19.248,-10.501,-3.3143,-1.2677,0.29481,-8.8049,-10.521,4.7193,-7.0541,0,0,0,NaN,NaN,NaN,NaN,NaN,NaN,NaN,NaN,NaN,46.572,0,3466.6,0.0075089,NaN,NaN,NaN,NaN,NaN,-1,-1,-1.7842,0.43274,-10.824,-10.264,1.7945,-7.0695,NaN,NaN,NaN,NaN,NaN
488.31,-19.295,-10.514,-3.3456,-1.9425,-0.97206,-13.146,-11.037,1.6077,-7.2805,0,0,0,NaN,NaN,NaN,NaN,NaN,NaN,NaN,NaN,NaN,46.572,0,3466.6,0.0075089,NaN,NaN,NaN,NaN,18.29,99063,21.625,-1.791,0.43036,-10.826,-10.192,1.7601,-7.0486,NaN,NaN,NaN,NaN,NaN
488.31,-19.316,-10.507,-3.3671,-1.8841,0.32532,-9.9134,-10.521,5.0101,-7.4002,0.65287,0.16004,-0.92476,NaN,NaN,NaN,NaN,NaN,NaN,NaN,NaN,NaN,46.572,0,3466.6,0.0075089,0.59842,2.1139,0.29332,0.049945,NaN,-1,-1,-1.7886,0.44009,-10.842,-10.086,1.8114,-7.0085,NaN,NaN,NaN,NaN,NaN
488.32,-19.337,-10.517,-3.3808,-1.3084,0.49512,-10.465,-9.9585,-2.1138,-6.8654,0,0,0,NaN,NaN,NaN,NaN,NaN,NaN,NaN,NaN,NaN,46.572,0,3466.6,0.0075089,NaN,NaN,NaN,NaN,NaN,-1,-1,-1.7864,0.4361,-10.842,-9.9613,1.6937,-6.9515,NaN,NaN,NaN,NaN,NaN
488.32,-19.36,-10.521,-3.3977,-2.0402,0.51994,-13.761,-10.81,0.79888,-7.1833,0,0,0,NaN,NaN,NaN,NaN,NaN,NaN,NaN,NaN,NaN,46.572,0,3466.6,0.0075089,NaN,NaN,NaN,NaN,18.205,99096,21.813,-1.7889,0.43741,-10.83,-9.8035,1.7311,-6.9141,NaN,NaN,NaN,NaN,NaN
488.32,-19.382,-10.511,-3.4187,-2.1425,0.052167,-10.573,-10.479,6.4129,-6.9432,0,0,0,NaN,NaN,NaN,NaN,NaN,NaN,NaN,NaN,NaN,46.572,0,3466.6,0.0075089,NaN,NaN,NaN,NaN,NaN,-1,-1,-1.7842,0.44846,-10.805,-9.7013,1.8598,-6.8691,NaN,NaN,NaN,NaN,NaN
488.32,-19.403,-10.514,-3.4341,-0.89452,1.2543,-7.8563,-10.023,0.64824,-6.4356,0.66227,0.15258,-0.92162,NaN,NaN,NaN,NaN,NaN,NaN,NaN,NaN,NaN,46.572,0,3466.6,0.0075089,0.58637,2.232,0.21056,0.11071,18.67,99103,21.813,-1.7861,0.44449,-10.817,-9.552,1.6718,-6.8429,NaN,NaN,NaN,NaN,NaN
488.33,-19.421,-10.529,-3.4463,-2.0755,-0.33982,-12.046,-8.4507,-4.1063,-6.9772,0,0,0,NaN,NaN,NaN,NaN,NaN,NaN,NaN,NaN,NaN,46.572,0,3466.6,0.0075089,0.58637,2.232,0.21056,0.11071,NaN,-1,-1,-1.7882,0.45114,-10.805,-9.3079,1.5252,-6.8119,NaN,NaN,NaN,NaN,NaN
488.33,-19.439,-10.523,-3.4647,-2.6355,0.98464,-15.156,-8.9401,4.3443,-6.5725,0,0,0,NaN,NaN,NaN,NaN,NaN,NaN,NaN,NaN,NaN,46.572,0,3466.6,0.0075089,NaN,NaN,NaN,NaN,NaN,-1,-1,-1.7851,0.45,-10.765,-9.0468,1.5996,-6.7681,NaN,NaN,NaN,NaN,NaN
488.33,-19.458,-10.511,-3.4849,-0.9472,0.80764,-7.1852,-9.4332,7.0798,-6.3871,0,0,0,NaN,NaN,NaN,NaN,NaN,NaN,NaN,NaN,NaN,46.572,0,3466.6,0.0075089,NaN,NaN,NaN,NaN,18.404,99088,21.75,-1.7788,0.44795,-10.761,-8.819,1.4761,-6.6983,NaN,NaN,NaN,NaN,NaN
488.33,-19.478,-10.527,-3.4965,-1.4916,-0.36367,-9.1048,-9.3663,-4.5074,-6.5807,0.6597,0.15274,-0.91955,NaN,NaN,NaN,NaN,NaN,NaN,NaN,NaN,NaN,46.572,0,3466.6,0.0075089,NaN,NaN,NaN,NaN,NaN,-1,-1,-1.7903,0.44982,-10.768,-8.5802,1.5387,-6.6423,NaN,NaN,NaN,NaN,NaN
488.34,-19.497,-10.532,-3.5113,-2.8235,0.010928,-13.972,-9.1116,-0.061478,-6.6557,0,0,0,NaN,NaN,NaN,NaN,NaN,NaN,NaN,NaN,NaN,46.572,0,3466.6,0.0075089,NaN,NaN,NaN,NaN,NaN,-1,-1,-1.7845,0.45156,-10.728,-8.291,1.5618,-6.6012,NaN,NaN,NaN,NaN,NaN
488.34,-19.511,-10.522,-3.5319,-1.5689,0.91947,-10.882,-7.4992,6.1025,-6.8692,0,0,0,NaN,NaN,NaN,NaN,NaN,NaN,NaN,NaN,NaN,46.572,0,3466.6,0.0075089,NaN,NaN,NaN,NaN,18.469,99077,21.688,-1.7826,0.45933,-10.709,-7.9509,1.4007,-6.5445,NaN,NaN,NaN,NaN,NaN
488.34,-19.527,-10.528,-3.5464,-1.2725,-0.5966,-8.0483,-7.9377,-0.25107,-6.5788,0,0,0,NaN,NaN,NaN,NaN,NaN,NaN,NaN,NaN,NaN,46.572,0,3466.6,0.0075089,0.59896,2.247,0.23064,0.0899,NaN,-1,-1,-1.7872,0.46367,-10.705,-7.6551,1.4893,-6.4805,NaN,NaN,NaN,NaN,NaN
488.34,-19.543,-10.541,-3.5586,-2.1819,0.93598,-12.522,-7.8398,-3.4087,-6.4467,0.65782,0.16245,-0.92432,NaN,NaN,NaN,NaN,NaN,NaN,NaN,NaN,NaN,46.572,0,3466.6,0.0075089,NaN,NaN,NaN,NaN,17.794,99073,21.688,-1.7839,0.45821,-10.676,-7.3716,1.6068,-6.4027,NaN,NaN,NaN,NaN,NaN
488.35,-19.559,-10.53,-3.5789,-2.137,0.55959,-12.468,-7.9943,6.5684,-6.5692,0,0,0,NaN,NaN,NaN,NaN,NaN,NaN,NaN,NaN,NaN,46.572,0,3466.6,0.0075089,NaN,NaN,NaN,NaN,NaN,-1,-1,-1.7807,0.46794,-10.644,-7.1028,1.4442,-6.3501,NaN,NaN,NaN,NaN,NaN
488.35,-19.57,-10.529,-3.5946,-1.0573,0.35172,-7.5626,-6.0351,2.2006,-6.2196,0,0,0,NaN,NaN,NaN,NaN,NaN,NaN,NaN,NaN,NaN,46.572,0,3466.6,0.0075089,NaN,NaN,NaN,NaN,NaN,-1,-1,-1.7798,0.46635,-10.633,-6.7612,1.3436,-6.2923,NaN,NaN,NaN,NaN,NaN
488.35,-19.582,-10.544,-3.6051,-1.8593,0.31982,-10.961,-6.0743,-4.2676,-6.3347,0,0,0,NaN,NaN,NaN,NaN,NaN,NaN,NaN,NaN,NaN,46.572,0,3466.6,0.0075089,0.64988,2.1461,0.29332,0.012486,18.36,99109,21.813,-1.7912,0.46959,-10.635,-6.4539,1.5116,-6.2278,NaN,NaN,NaN,NaN,NaN
488.35,-19.591,-10.544,-3.6195,-2.5033,1.6286,-14.55,-5.0086,1.5458,-5.6527,0.65037,0.15759,-0.92499,NaN,NaN,NaN,NaN,NaN,NaN,NaN,NaN,NaN,46.572,0,3466.6,0.0075089,NaN,NaN,NaN,NaN,NaN,-1,-1,-1.7852,0.46871,-10.597,-6.151,1.3454,-6.1596,NaN,NaN,NaN,NaN,NaN
488.36,-19.601,-10.527,-3.6405,-1.7063,0.30337,-8.6907,-5.8914,9.1926,-5.9005,0,0,0,NaN,NaN,NaN,NaN,NaN,NaN,NaN,NaN,NaN,46.572,0,3466.6,0.0075089,NaN,NaN,NaN,NaN,NaN,-1,-1,-1.7838,0.4716,-10.564,-5.8868,1.3237,-6.0823,NaN,NaN,NaN,NaN,NaN
488.36,-19.612,-10.54,-3.651,-0.80522,-0.60692,-6.7999,-5.7374,-3.4694,-6.0726,0,0,0,NaN,NaN,NaN,NaN,NaN,NaN,NaN,NaN,NaN,46.572,0,3466.6,0.0075089,NaN,NaN,NaN,NaN,18.228,99138,21.938,-1.7962,0.48118,-10.593,-5.5972,1.4768,-6.0393,NaN,NaN,NaN,NaN,NaN
488.36,-19.622,-10.55,-3.6619,-2.5612,0.88115,-13.229,-5.2961,-2.7276,-5.9704,0,0,0,NaN,NaN,NaN,NaN,NaN,NaN,NaN,NaN,NaN,46.572,0,3466.6,0.0075089,NaN,NaN,NaN,NaN,NaN,-1,-1,-1.792,0.47047,-10.524,-5.2755,1.2818,-5.9918,NaN,NaN,NaN,NaN,NaN
488.36,-19.628,-10.543,-3.6808,-2.3835,0.1738,-12.547,-4.1088,5.1512,-6.2799,0.64604,0.16225,-0.93228,NaN,NaN,NaN,NaN,NaN,NaN,NaN,NaN,NaN,46.572,0,3466.6,0.0075089,NaN,NaN,NaN,NaN,18.404,99091,21.75,-1.7937,0.47164,-10.522,-4.9824,1.2375,-5.9218,NaN,NaN,NaN,NaN,NaN
488.37,-19.637,-10.539,-3.6965,-0.97792,-0.026727,-7.1666,-5.0486,3.2374,-5.8434,0,0,0,NaN,NaN,NaN,NaN,NaN,NaN,NaN,NaN,NaN,46.572,0,3466.6,0.0075089,0.61101,2.1187,0.30428,0.038291,NaN,-1,-1,-1.7963,0.47664,-10.499,-4.763,1.4174,-5.8618,NaN,NaN,NaN,NaN,NaN
488.37,-19.645,-10.551,-3.707,-1.7724,1.2815,-10.987,-4.5656,-2.9718,-5.8811,0,0,0,NaN,NaN,NaN,NaN,NaN,NaN,NaN,NaN,NaN,46.572,0,3466.6,0.0075089,NaN,NaN,NaN,NaN,NaN,-1,-1,-1.7884,0.48431,-10.47,-4.5707,1.4867,-5.821,NaN,NaN,NaN,NaN,NaN
488.37,-19.652,-10.548,-3.7233,-2.1397,0.43834,-12.124,-4.2283,2.8559,-6.2069,0,0,0,NaN,NaN,NaN,NaN,NaN,NaN,NaN,NaN,NaN,46.572,0,3466.6,0.0075089,NaN,NaN,NaN,NaN,18.339,99100,21.813,-1.792,0.4836,-10.434,-4.388,1.4505,-5.8013,NaN,NaN,NaN,NaN,NaN
488.37,-19.657,-10.543,-3.7397,-1.6172,0.58285,-9.0932,-3.6072,3.9092,-5.658,0.64564,0.16262,-0.92541,NaN,NaN,NaN,NaN,NaN,NaN,NaN,NaN,NaN,46.572,0,3466.6,0.0075089,NaN,NaN,NaN,NaN,NaN,-1,-1,-1.7898,0.48536,-10.394,-4.1834,1.2999,-5.7608,NaN,NaN,NaN,NaN,NaN
488.38,-19.661,-10.553,-3.7501,-1.726,0.79838,-10.066,-2.9597,-2.3056,-5.5881,0,0,0,NaN,NaN,NaN,NaN,NaN,NaN,NaN,NaN,NaN,46.572,0,3466.6,0.0075089,NaN,NaN,NaN,NaN,NaN,-1,-1,-1.7908,0.48842,-10.395,-4.0516,1.4543,-5.7223,NaN,NaN,NaN,NaN,NaN
488.38,-19.665,-10.553,-3.7631,-2.2678,1.5431,-12.633,-2.7372,1.5032,-5.3141,0,0,0,NaN,NaN,NaN,NaN,NaN,NaN,NaN,NaN,NaN,46.572,0,3466.6,0.0075089,0.58254,2.2404,0.2136,0.084906,18.56,99079,21.75,-1.7973,0.49209,-10.378,-3.9405,1.5457,-5.6856,NaN,NaN,NaN,NaN,NaN
488.38,-19.671,-10.542,-3.7803,-1.5894,-0.48283,-8.7364,-4.4027,6.3579,-5.3449,0,0,0,NaN,NaN,NaN,NaN,NaN,NaN,NaN,NaN,NaN,46.572,0,3466.6,0.0075089,NaN,NaN,NaN,NaN,17.84,99088,21.75,-1.7946,0.48885,-10.323,-3.8594,1.59,-5.6411,NaN,NaN,NaN,NaN,NaN
488.38,-19.687,-10.558,-3.8033,-2.3737,0.2213,-12.31,-4.3064,-0.41075,-5.6161,0,0,0,NaN,NaN,NaN,NaN,NaN,NaN,NaN,NaN,NaN,46.572,0,3466.6,0.0075089,NaN,NaN,NaN,NaN,NaN,-1,-1,-1.8004,0.50134,-10.334,-4.003,1.4058,-5.7923,NaN,NaN,NaN,NaN,NaN
488.39,-19.691,-10.553,-3.8197,-1.7046,0.55059,-10.357,-3.5028,3.9606,-5.867,0,0,0,NaN,NaN,NaN,NaN,NaN,NaN,NaN,NaN,NaN,46.572,0,3466.6,0.0075089,NaN,NaN,NaN,NaN,NaN,-1,-1,-1.7968,0.48613,-10.287,-3.9175,1.4778,-5.7157,NaN,NaN,NaN,NaN,NaN
488.39,-19.698,-10.558,-3.832,-1.881,0.88043,-9.9302,-3.9313,-0.2996,-5.667,0,0,0,NaN,NaN,NaN,NaN,NaN,NaN,NaN,NaN,NaN,46.572,0,3466.6,0.0075089,0.5902,2.232,0.20691,0.11071,NaN,-1,-1,-1.784,0.50176,-10.232,-3.8749,1.5537,-5.6489,NaN,NaN,NaN,NaN,NaN
488.39,-19.704,-10.558,-3.8452,-1.9385,0.9513,-10.468,-3.956,1.3489,-5.2011,0.6503,0.1602,-0.92269,NaN,NaN,NaN,NaN,NaN,NaN,NaN,NaN,NaN,46.601,0,3472.3,0.0075089,0.5902,2.232,0.20691,0.11071,17.769,99065,21.625,-1.7998,0.51816,-10.253,-3.8974,1.215,-5.5988,NaN,NaN,NaN,NaN,NaN
488.39,-19.712,-10.554,-3.8605,-1.6636,0.11342,-9.7729,-4.795,3.4118,-5.5949,0,0,0,NaN,NaN,NaN,NaN,NaN,NaN,NaN,NaN,NaN,46.601,0,3472.3,0.0075089,NaN,NaN,NaN,NaN,NaN,-1,-1,-1.7989,0.5116,-10.23,-4.1865,1.2027,-5.7244,NaN,NaN,NaN,NaN,NaN
488.4,-19.717,-10.562,-3.8712,-1.6884,1.2619,-9.5229,-3.196,-1.457,-5.4576,0,0,0,NaN,NaN,NaN,NaN,NaN,NaN,NaN,NaN,NaN,46.601,0,3472.3,0.0075089,NaN,NaN,NaN,NaN,NaN,-1,-1,-1.7889,0.50498,-10.119,-4.1595,1.3801,-5.653,NaN,NaN,NaN,NaN,NaN
488.4,-19.721,-10.564,-3.8842,-2.299,0.70322,-11.821,-2.95,0.84225,-5.5773,0,0,0,NaN,NaN,NaN,NaN,NaN,NaN,NaN,NaN,NaN,46.601,0,3472.3,0.0075089,NaN,NaN,NaN,NaN,18.487,99059,21.563,-1.7888,0.5193,-10.139,-4.2079,1.4957,-5.5718,NaN,NaN,NaN,NaN,NaN
488.4,-19.726,-10.558,-3.8997,-1.7273,0.63362,-9.8461,-3.217,4.1718,-5.199,0.64834,0.16234,-0.92977,NaN,NaN,NaN,NaN,NaN,NaN,NaN,NaN,NaN,46.601,0,3472.3,0.0075089,NaN,NaN,NaN,NaN,NaN,-1,-1,-1.8047,0.50933,-10.147,-4.27,1.2028,-5.506,NaN,NaN,NaN,NaN,NaN
488.4,-19.735,-10.558,-3.9127,-1.5505,0.6047,-8.7807,-5.0624,1.5718,-5.2751,0,0,0,NaN,NaN,NaN,NaN,NaN,NaN,NaN,NaN,NaN,46.601,0,3472.3,0.0075089,NaN,NaN,NaN,NaN,18.244,99092,21.688,-1.7915,0.50743,-10.078,-4.4093,1.3373,-5.4441,NaN,NaN,NaN,NaN,NaN
488.41,-19.743,-10.567,-3.9236,-2.1307,0.39235,-10.611,-4.4365,-2.2643,-5.7988,0,0,0,NaN,NaN,NaN,NaN,NaN,NaN,NaN,NaN,NaN,46.601,0,3472.3,0.0075089,0.59732,2.1139,0.29332,0.050777,NaN,-1,-1,-1.7897,0.53387,-10.043,-4.4996,1.4726,-5.3942,NaN,NaN,NaN,NaN,NaN
488.41,-19.751,-10.563,-3.939,-1.8702,-0.1799,-10.592,-4.8676,3.7566,-5.5191,0,0,0,NaN,NaN,NaN,NaN,NaN,NaN,NaN,NaN,NaN,46.601,0,3472.3,0.0075089,NaN,NaN,NaN,NaN,NaN,-1,-1,-1.7951,0.54609,-10.056,-4.6591,1.3635,-5.3502,NaN,NaN,NaN,NaN,NaN
488.41,-19.759,-10.566,-3.9533,-1.8696,0.20023,-8.6338,-4.5208,0.33696,-6.0617,0.6459,0.15728,-0.93229,NaN,NaN,NaN,NaN,NaN,NaN,NaN,NaN,NaN,46.601,0,3472.3,0.0075089,NaN,NaN,NaN,NaN,17.931,99113,21.813,-1.7922,0.52248,-9.9949,-4.7848,1.3017,-5.3072,NaN,NaN,NaN,NaN,NaN
488.41,-19.77,-10.573,-3.9636,-1.9589,1.2626,-10.615,-5.5301,-1.2777,-5.1941,0,0,0,NaN,NaN,NaN,NaN,NaN,NaN,NaN,NaN,NaN,46.601,0,3472.3,0.0075089,NaN,NaN,NaN,NaN,NaN,-1,-1,-1.7802,0.53928,-9.939,-4.9426,1.3573,-5.2748,NaN,NaN,NaN,NaN,NaN
488.42,-19.781,-10.571,-3.9781,-1.8232,1.0856,-12.022,-5.8663,2.5263,-5.5977,0,0,0,NaN,NaN,NaN,NaN,NaN,NaN,NaN,NaN,NaN,46.601,0,3472.3,0.0075089,NaN,NaN,NaN,NaN,NaN,-1,-1,-1.7906,0.53955,-9.9251,-5.081,1.214,-5.2503,NaN,NaN,NaN,NaN,NaN
488.42,-19.791,-10.566,-3.9941,-1.7042,0.29336,-8.5392,-5.6745,3.9305,-5.7184,0,0,0,NaN,NaN,NaN,NaN,NaN,NaN,NaN,NaN,NaN,46.601,0,3472.3,0.0075089,NaN,NaN,NaN,NaN,18.357,99084,21.688,-1.7836,0.54033,-9.8784,-5.2496,1.173,-5.2133,NaN,NaN,NaN,NaN,NaN
488.42,-19.801,-10.574,-4.0063,-1.5519,0.59619,-8.8596,-5.218,-1.4417,-5.8192,0.65302,0.16501,-0.92475,NaN,NaN,NaN,NaN,NaN,NaN,NaN,NaN,NaN,46.601,0,3472.3,0.0075089,NaN,NaN,NaN,NaN,NaN,-1,-1,-1.7592,0.5225,-9.7506,-5.3783,1.0721,-5.2059,NaN,NaN,NaN,NaN,NaN
488.42,-19.812,-10.581,-4.0175,-2.5694,0.26062,-12.366,-5.816,-1.4988,-5.6358,0,0,0,NaN,NaN,NaN,NaN,NaN,NaN,NaN,NaN,NaN,46.601,0,3472.3,0.0075089,NaN,NaN,NaN,NaN,18.361,99081,21.75,-1.7673,0.53391,-9.764,-5.5443,1.074,-5.1954,NaN,NaN,NaN,NaN,NaN
488.43,-19.823,-10.572,-4.034,-1.6934,1.6823,-10.838,-6.0494,5.6596,-5.293,0,0,0,NaN,NaN,NaN,NaN,NaN,NaN,NaN,NaN,NaN,46.601,0,3472.3,0.0075089,NaN,NaN,NaN,NaN,NaN,-1,-1,-1.7789,0.53917,-9.7964,-5.6954,0.98765,-5.1888,NaN,NaN,NaN,NaN,NaN
488.43,-19.838,-10.57,-4.0483,-1.4996,0.20875,-7.3022,-7.2592,2.5859,-5.4998,0,0,0,NaN,NaN,NaN,NaN,NaN,NaN,NaN,NaN,NaN,46.601,0,3472.3,0.0075089,NaN,NaN,NaN,NaN,NaN,-1,-1,-1.7777,0.54873,-9.7526,-5.8317,0.89117,-5.1946,NaN,NaN,NaN,NaN,NaN
488.43,-19.853,-10.585,-4.0582,-1.7594,-0.7984,-9.4185,-7.2484,-4.6176,-5.9452,0.65077,0.15721,-0.93185,NaN,NaN,NaN,NaN,NaN,NaN,NaN,NaN,NaN,46.601,0,3472.3,0.0075089,0.61429,2.2398,0.23795,0.06909,18.224,99097,21.75,-1.7865,0.57152,-9.7639,-5.9549,0.84248,-5.1946,NaN,NaN,NaN,NaN,NaN
488.43,-19.868,-10.582,-4.0738,-2.2942,0.77196,-12.789,-7.7588,2.8911,-5.8981,0,0,0,NaN,NaN,NaN,NaN,NaN,NaN,NaN,NaN,NaN,46.601,0,3472.3,0.0075089,NaN,NaN,NaN,NaN,NaN,-1,-1,-1.7854,0.56961,-9.7359,-6.1051,0.81485,-5.1967,NaN,NaN,NaN,NaN,NaN
488.44,-19.897,-10.588,-4.1014,-1.8438,1.1849,-9.8651,-7.8742,-1.031,-5.7842,0,0,0,NaN,NaN,NaN,NaN,NaN,NaN,NaN,NaN,NaN,46.601,0,3472.3,0.0075089,NaN,NaN,NaN,NaN,NaN,-1,-1,-1.7871,0.58099,-9.7381,-6.2262,0.74624,-5.1971,NaN,NaN,NaN,NaN,NaN
488.44,0,0,0,0,0,0,0,0,0,0,0,0,NaN,NaN,NaN,NaN,NaN,NaN,NaN,NaN,NaN,46.601,0,3472.3,0.0075089,NaN,NaN,NaN,NaN,17.887,99103,21.813,-1.7973,0.58245,-9.7235,-6.3603,0.67371,-5.2085,NaN,NaN,NaN,NaN,NaN
488.44,-19.913,-10.592,-4.1155,-1.8141,0.41822,-11.107,-7.6756,0.2796,-6.0197,0.6503,0.1602,-0.92269,NaN,NaN,NaN,NaN,NaN,NaN,NaN,NaN,NaN,46.601,0,3472.3,0.0075089,NaN,NaN,NaN,NaN,NaN,-1,-1,-1.7889,0.58991,-9.6703,-6.4411,0.68042,-5.217,NaN,NaN,NaN,NaN,NaN
488.44,-19.929,-10.587,-4.1318,-1.593,0.59154,-8.9596,-8.268,4.1147,-5.7463,0,0,0,NaN,NaN,NaN,NaN,NaN,NaN,NaN,NaN,NaN,46.601,0,3472.3,0.0075089,NaN,NaN,NaN,NaN,18.383,99102,21.813,-1.7883,0.57364,-9.6207,-6.5335,0.89885,-5.2366,NaN,NaN,NaN,NaN,NaN
488.45,-19.971,-10.593,-4.1736,-1.707,0.72761,-9.0635,-7.7071,5.7731,-5.6036,0.65518,0.16013,-0.92226,NaN,NaN,NaN,NaN,NaN,NaN,NaN,NaN,NaN,46.601,0,3472.3,0.0075089,NaN,NaN,NaN,NaN,NaN,-1,-1,-1.7935,0.59313,-9.6173,-6.6341,0.66206,-5.2489,NaN,NaN,NaN,NaN,NaN
488.45,0,0,0,0,0,0,0,0,0,0,0,0,NaN,NaN,NaN,NaN,NaN,NaN,NaN,NaN,NaN,46.601,0,3472.3,0.0075089,NaN,NaN,NaN,NaN,NaN,-1,-1,-1.798,0.60525,-9.6193,-6.7414,0.65218,-5.2586,NaN,NaN,NaN,NaN,NaN
488.45,-19.988,-10.596,-4.1869,-1.4488,0.84501,-7.4025,-8.2849,0.62567,-5.7774,0,0,0,NaN,NaN,NaN,NaN,NaN,NaN,NaN,NaN,NaN,46.601,0,3472.3,0.0075089,NaN,NaN,NaN,NaN,18.18,99092,21.75,-1.7896,0.60315,-9.5618,-6.8724,0.7887,-5.2787,NaN,NaN,NaN,NaN,NaN
488.45,-20.004,-10.61,-4.1969,-2.1446,-0.3227,-10.148,-7.6363,-4.186,-6.1474,0,0,0,NaN,NaN,NaN,NaN,NaN,NaN,NaN,NaN,NaN,46.601,0,3472.3,0.0075089,NaN,NaN,NaN,NaN,NaN,-1,-1,-1.7889,0.61552,-9.5422,-6.9405,0.6231,-5.305,NaN,NaN,NaN,NaN,NaN
488.46,-20.021,-10.605,-4.2133,-2.0101,0.003521,-11.651,-8.3413,3.8954,-5.8913,0,0,0,NaN,NaN,NaN,NaN,NaN,NaN,NaN,NaN,NaN,46.601,0,3472.3,0.0075089,0.60553,2.2356,0.23855,0.07242,NaN,-1,-1,-1.7909,0.62021,-9.5306,-6.9737,0.54376,-5.3494,NaN,NaN,NaN,NaN,NaN
488.46,-20.036,-10.607,-4.229,-1.7361,0.79107,-7.6629,-7.3745,1.4649,-6.2488,0.66262,0.1599,-0.92389,0.15373,22.413,-3.725,22.721,40.06,-88.55,3.6783e+05,4.4355e+06,299.98,46.601,0,3472.3,0.0075089,NaN,NaN,NaN,NaN,18.292,99070,21.688,-1.7893,0.61631,-9.5233,-7.0436,0.74996,-5.3729,22.644,1.8512,0.19535,0.49427,4.6735
488.46,-20.052,-10.617,-4.2397,-2.1574,1.3041,-10.016,-7.8102,-2.6215,-5.8691,0,0,0,NaN,NaN,NaN,NaN,NaN,NaN,NaN,NaN,NaN,46.601,0,3472.3,0.0075089,NaN,NaN,NaN,NaN,NaN,-1,-1,-1.7958,0.62558,-9.4787,-7.1409,0.75103,-5.3943,NaN,NaN,NaN,NaN,NaN
488.46,-20.071,-10.605,-4.3214,-1.9336,1.1228,-9.1334,-6.3778,-3.1549,-6.0966,0.66271,0.17257,-0.91927,NaN,NaN,NaN,NaN,NaN,NaN,NaN,NaN,NaN,46.601,0,3472.3,0.0075089,NaN,NaN,NaN,NaN,18.115,99121,21.875,-1.7992,0.61718,-9.4684,-7.1695,0.45687,-5.4553,NaN,NaN,NaN,NaN,NaN
488.47,-20.084,-10.609,-4.3338,-2.1544,0.41254,-11.868,-6.6661,0.099122,-5.5813,0,0,0,NaN,NaN,NaN,NaN,NaN,NaN,NaN,NaN,NaN,46.601,0,3472.3,0.0075089,NaN,NaN,NaN,NaN,NaN,-1,-1,-1.8217,0.6256,-9.5516,-7.1826,0.62596,-5.4996,NaN,NaN,NaN,NaN,NaN
488.47,-20.097,-10.6,-4.351,-1.6775,1.0211,-7.8959,-6.9675,5.5712,-5.6063,0,0,0,NaN,NaN,NaN,NaN,NaN,NaN,NaN,NaN,NaN,46.601,0,3472.3,0.0075089,NaN,NaN,NaN,NaN,NaN,-1,-1,-1.8241,0.62678,-9.539,-7.2073,0.73279,-5.5569,NaN,NaN,NaN,NaN,NaN
488.47,-20.114,-10.605,-4.3632,-1.697,0.89341,-7.6499,-7.9855,-0.39821,-5.6986,0,0,0,NaN,NaN,NaN,NaN,NaN,NaN,NaN,NaN,NaN,46.601,0,3472.3,0.0075089,0.65809,2.1312,0.28846,0.011654,18.267,99086,21.688,-1.8297,0.64098,-9.5426,-7.2568,0.47344,-5.5804,NaN,NaN,NaN,NaN,NaN
488.47,-20.129,-10.62,-4.3738,-2.0739,-0.23443,-10.858,-7.1719,-4.4161,-6.2059,0.6553,0.15491,-0.92685,NaN,NaN,NaN,NaN,NaN,NaN,NaN,NaN,NaN,46.601,0,3472.3,0.0075089,NaN,NaN,NaN,NaN,NaN,-1,-1,-1.8326,0.63946,-9.5184,-7.3155,0.52594,-5.6361,NaN,NaN,NaN,NaN,NaN
488.48,-20.143,-10.613,-4.3913,-2.103,0.26911,-11.476,-7.4434,5.1329,-5.9099,0,0,0,NaN,NaN,NaN,NaN,NaN,NaN,NaN,NaN,NaN,46.601,0,3472.3,0.0075089,NaN,NaN,NaN,NaN,NaN,-1,-1,-1.8235,0.64948,-9.4852,-7.3389,0.71736,-5.6825,NaN,NaN,NaN,NaN,NaN
488.48,-20.159,-10.614,-4.4053,-1.7458,0.72399,-6.7387,-7.5155,1.3237,-5.7866,0,0,0,NaN,NaN,NaN,NaN,NaN,NaN,NaN,NaN,NaN,46.601,0,3472.3,0.0075089,NaN,NaN,NaN,NaN,18.134,99096,21.75,-1.8322,0.65833,-9.5051,-7.3658,0.49715,-5.7255,NaN,NaN,NaN,NaN,NaN
488.48,-20.175,-10.625,-4.4158,-1.6873,1.3124,-10.339,-7.786,-2.8339,-5.8814,0,0,0,NaN,NaN,NaN,NaN,NaN,NaN,NaN,NaN,NaN,46.601,0,3472.3,0.0075089,NaN,NaN,NaN,NaN,NaN,-1,-1,-1.8362,0.66084,-9.5017,-7.4193,0.38353,-5.7877,NaN,NaN,NaN,NaN,NaN
488.48,-20.191,-10.623,-4.4323,-2.2187,0.21152,-11.058,-8.1506,2.832,-6.0895,0.65782,0.16245,-0.92432,NaN,NaN,NaN,NaN,NaN,NaN,NaN,NaN,NaN,46.601,0,3472.3,0.0075089,0.58418,2.2297,0.21908,0.099057,18.316,99124,21.875,-1.8374,0.65787,-9.4426,-7.4707,0.6988,-5.8338,NaN,NaN,NaN,NaN,NaN
488.49,-20.208,-10.619,-4.4485,-1.4071,0.95791,-8.0833,-8.0671,3.4549,-5.942,0,0,0,NaN,NaN,NaN,NaN,NaN,NaN,NaN,NaN,NaN,46.601,0,3472.3,0.0075089,NaN,NaN,NaN,NaN,NaN,-1,-1,-1.8475,0.65121,-9.4461,-7.556,0.69199,-5.8899,NaN,NaN,NaN,NaN,NaN
488.49,-20.221,-10.632,-4.4585,-1.7487,1.3268,-8.9544,-6.375,-3.6811,-5.958,0,0,0,NaN,NaN,NaN,NaN,NaN,NaN,NaN,NaN,NaN,46.601,0,3472.3,0.0075089,NaN,NaN,NaN,NaN,NaN,-1,-1,-1.84,0.65177,-9.4018,-7.6225,0.66868,-5.9592,NaN,NaN,NaN,NaN,NaN
488.49,-20.233,-10.635,-4.4717,-2.7327,1.0249,-12.931,-6.4779,0.47527,-5.8242,0,0,0,NaN,NaN,NaN,NaN,NaN,NaN,NaN,NaN,NaN,46.601,0,3472.3,0.0075089,NaN,NaN,NaN,NaN,18.47,99089,21.75,-1.8456,0.66863,-9.4168,-7.7063,0.75379,-6.0358,NaN,NaN,NaN,NaN,NaN
488.49,-20.247,-10.624,-4.4904,-1.3741,0.38066,-7.508,-7.4573,6.6906,-5.5428,0.66033,0.1649,-0.92409,NaN,NaN,NaN,NaN,NaN,NaN,NaN,NaN,NaN,46.601,0,3472.3,0.0075089,NaN,NaN,NaN,NaN,NaN,-1,-1,-1.8463,0.67586,-9.3949,-7.8203,0.66529,-6.1154,NaN,NaN,NaN,NaN,NaN
488.5,-20.267,-10.632,-4.5021,-1.4635,0.30432,-7.2557,-9.0857,-1.6516,-5.9569,0,0,0,NaN,NaN,NaN,NaN,NaN,NaN,NaN,NaN,NaN,46.601,0,3472.3,0.0075089,0.61813,2.2326,0.23551,0.076582,NaN,-1,-1,-1.8383,0.67918,-9.3294,-7.6297,0.66337,-5.9767,NaN,NaN,NaN,NaN,NaN
488.5,-20.284,-10.647,-4.5117,-2.4445,0.59304,-11.427,-7.9794,-4.2767,-6.0475,0,0,0,NaN,NaN,NaN,NaN,NaN,NaN,NaN,NaN,NaN,46.601,0,3472.3,0.0075089,NaN,NaN,NaN,NaN,17.974,99070,21.625,-1.8422,0.6865,-9.3557,-7.7125,0.52225,-6.0229,NaN,NaN,NaN,NaN,NaN
488.5,-20.3,-10.639,-4.5303,-2.1046,0.057213,-11.09,-8.0004,5.2327,-6.2746,0,0,0,NaN,NaN,NaN,NaN,NaN,NaN,NaN,NaN,NaN,46.601,0,3228,0.0075089,NaN,NaN,NaN,NaN,NaN,-1,-1,-1.8529,0.69818,-9.3446,-7.8312,0.69271,-6.0531,NaN,NaN,NaN,NaN,NaN
488.5,-20.315,-10.643,-4.5447,-1.367,0.81288,-7.1038,-7.6346,0.46914,-6.0104,0.65254,0.1629,-0.91789,NaN,NaN,NaN,NaN,NaN,NaN,NaN,NaN,NaN,46.601,0,3228,0.0075089,NaN,NaN,NaN,NaN,18.271,99105,21.813,-1.8465,0.68592,-9.2876,-7.9019,0.91596,-6.0783,NaN,NaN,NaN,NaN,NaN
488.51,-20.331,-10.652,-4.5568,-1.9833,1.745,-10.827,-7.5924,-1.8399,-6.1929,0,0,0,NaN,NaN,NaN,NaN,NaN,NaN,NaN,NaN,NaN,46.601,0,3228,0.0075089,NaN,NaN,NaN,NaN,NaN,-1,-1,-1.8473,0.68526,-9.2555,-7.6767,0.80925,-5.8844,NaN,NaN,NaN,NaN,NaN
488.51,-20.346,-10.651,-4.572,-2.4812,-0.061536,-10.562,-7.5782,2.2465,-5.994,0,0,0,NaN,NaN,NaN,NaN,NaN,NaN,NaN,NaN,NaN,46.601,0,3228,0.0075089,0.59349,NaN,NaN,NaN,NaN,-1,-1,-1.861,0.68962,-9.2753,-7.7092,0.74362,-5.8818,NaN,NaN,NaN,NaN,NaN
488.51,-20.362,-10.65,-4.5862,-1.1739,1.0392,-7.3654,-7.8608,2.0122,-5.6229,0,0,0,NaN,NaN,NaN,NaN,NaN,NaN,NaN,NaN,NaN,46.621,0,3468,0.0080533,NaN,2.232,0.21665,0.091565,18.354,99063,21.563,-1.8586,0.68265,-9.2239,-7.7064,0.50918,-5.8885,NaN,NaN,NaN,NaN,NaN
488.51,-20.375,-10.662,-4.5969,-1.7966,1.1539,-9.6213,-6.3372,-3.1234,-5.8747,0.65762,0.16519,-0.91973,NaN,NaN,NaN,NaN,NaN,NaN,NaN,NaN,NaN,46.621,0,3468,0.0080533,NaN,NaN,NaN,NaN,NaN,-1,-1,-1.8505,0.67507,-9.1975,-7.7042,0.35971,-5.8834,NaN,NaN,NaN,NaN,NaN
488.52,-20.388,-10.666,-4.6106,-2.6453,1.0897,-12.735,-6.7528,0.43728,-6.0262,0,0,0,NaN,NaN,NaN,NaN,NaN,NaN,NaN,NaN,NaN,46.621,0,3468,0.0080533,NaN,NaN,NaN,NaN,NaN,-1,-1,-1.8658,0.69726,-9.2159,-7.7346,0.362,-5.884,NaN,NaN,NaN,NaN,NaN
488.52,-20.403,-10.656,-4.6275,-1.6417,0.21976,-7.3698,-7.8457,5.7303,-5.3876,0,0,0,NaN,NaN,NaN,NaN,NaN,NaN,NaN,NaN,NaN,46.621,0,3468,0.0080533,NaN,NaN,NaN,NaN,18.088,99102,21.75,-1.8678,0.69761,-9.1905,-7.7481,0.18546,-5.8832,NaN,NaN,NaN,NaN,NaN
488.52,-20.422,-10.665,-4.6382,-1.2138,0.31965,-7.1276,-8.5573,-1.852,-5.6071,0,0,0,NaN,NaN,NaN,NaN,NaN,NaN,NaN,NaN,NaN,46.621,0,3468,0.0080533,0.58801,2.2326,0.21117,0.10821,NaN,-1,-1,-1.8559,0.69795,-9.1187,-7.7068,-0.11564,-5.8911,NaN,NaN,NaN,NaN,NaN
488.52,-20.438,-10.678,-4.6483,-2.5829,0.26024,-11.672,-7.6298,-3.9123,-5.8447,0.65058,0.16504,-0.92497,NaN,NaN,NaN,NaN,NaN,NaN,NaN,NaN,NaN,46.621,0,3468,0.0080533,0.58801,2.2326,0.21117,0.10821,18.177,99070,21.625,-1.8648,0.7049,-9.1268,-7.5594,-0.3384,-5.8923,NaN,NaN,NaN,NaN,NaN
488.53,-20.453,-10.671,-4.6664,-2.0942,0.70755,-10.772,-7.5989,5.1671,-6.0841,0,0,0,NaN,NaN,NaN,NaN,NaN,NaN,NaN,NaN,NaN,46.621,0,3468,0.0080533,NaN,NaN,NaN,NaN,NaN,-1,-1,-1.8663,0.69553,-9.0663,-7.4676,-0.11201,-5.8727,NaN,NaN,NaN,NaN,NaN
488.53,-20.468,-10.675,-4.6785,-1.2722,0.24198,-7.119,-7.4735,0.04131,-5.534,0,0,0,NaN,NaN,NaN,NaN,NaN,NaN,NaN,NaN,NaN,46.621,0,3468,0.0080533,NaN,NaN,NaN,NaN,NaN,-1,-1,-1.8625,0.6849,-9.0301,-7.3776,-0.26276,-5.8411,NaN,NaN,NaN,NaN,NaN
488.53,-20.486,-10.686,-4.6895,-2.156,1.85,-10.965,-8.2187,-2.5788,-5.9829,0,0,0,NaN,NaN,NaN,NaN,NaN,NaN,NaN,NaN,NaN,46.621,0,3468,0.0080533,NaN,NaN,NaN,NaN,18.13,99041,21.5,-1.8799,0.6959,-9.0483,-7.2881,-0.55417,-5.8314,NaN,NaN,NaN,NaN,NaN
488.53,-20.5,-10.68,-4.7082,-2.5013,0.4895,-10.521,-7.4405,4.5889,-6.3532,0.65039,0.16777,-0.92038,NaN,NaN,NaN,NaN,NaN,NaN,NaN,NaN,NaN,46.621,0,3468,0.0080533,NaN,NaN,NaN,NaN,NaN,-1,-1,-1.8827,0.69518,-9.0193,-7.1579,-0.41526,-5.8285,NaN,NaN,NaN,NaN,NaN
488.54,-20.513,-10.681,-4.722,-1.0463,0.98132,-6.7294,-6.8662,1.3784,-5.7198,0,0,0,NaN,NaN,NaN,NaN,NaN,NaN,NaN,NaN,NaN,46.621,0,3468,0.0080533,0.61977,2.2356,0.24038,0.07242,18.136,99085,21.75,-1.8728,0.69188,-8.9676,-7.0278,-0.43668,-5.8122,NaN,NaN,NaN,NaN,NaN
488.54,-20.527,-10.696,-4.7309,-1.862,0.45107,-10.654,-6.8027,-4.4847,-5.8626,0,0,0,NaN,NaN,NaN,NaN,NaN,NaN,NaN,NaN,NaN,46.621,0,3468,0.0080533,NaN,NaN,NaN,NaN,NaN,-1,-1,-1.8845,0.69427,-8.9663,-6.8819,-0.71173,-5.797,NaN,NaN,NaN,NaN,NaN
488.54,-20.541,-10.694,-4.7459,-2.8548,1.5204,-12.872,-6.777,2.5175,-5.7675,0,0,0,NaN,NaN,NaN,NaN,NaN,NaN,NaN,NaN,NaN,46.621,0,3468,0.0080533,NaN,NaN,NaN,NaN,18.13,99064,21.563,-1.8916,0.70723,-8.9685,-6.7899,-0.61572,-5.8072,NaN,NaN,NaN,NaN,NaN
488.54,-20.572,-10.698,-4.7741,-1.4201,0.23807,-6.418,-7.2989,-4.919,-5.8827,0,0,0,NaN,NaN,NaN,NaN,NaN,NaN,NaN,NaN,NaN,46.621,0,3468,0.0080533,NaN,NaN,NaN,NaN,NaN,-1,-1,-1.8898,0.70712,-8.9469,-6.7043,-0.47082,-5.8001,NaN,NaN,NaN,NaN,NaN
488.55,-20.587,-10.706,-4.7851,-2.3769,0.23154,-13.521,-7.3847,-1.8157,-5.7219,0,0,0,NaN,NaN,NaN,NaN,NaN,NaN,NaN,NaN,NaN,46.621,0,3468,0.0080533,NaN,NaN,NaN,NaN,18.599,99114,21.75,-1.8991,0.72038,-8.9404,-6.5288,-0.79554,-5.7946,NaN,NaN,NaN,NaN,NaN
488.55,-20.612,-10.703,-4.817,-1.2263,0.90988,-7.2408,-6.7045,-0.82655,-5.5748,0.65999,0.16267,-0.91952,NaN,NaN,NaN,NaN,NaN,NaN,NaN,NaN,NaN,46.621,0,3468,0.0080533,NaN,NaN,NaN,NaN,NaN,-1,-1,-1.9026,0.7204,-8.9028,-6.2714,-0.91178,-5.7864,NaN,NaN,NaN,NaN,NaN
488.55,-20.627,-10.715,-4.8267,-2.1155,1.2748,-11.272,-7.147,-3.1184,-5.7081,0,0,0,NaN,NaN,NaN,NaN,NaN,NaN,NaN,NaN,NaN,46.621,0,3468,0.0080533,NaN,NaN,NaN,NaN,18.227,99122,21.875,-1.9054,0.71849,-8.871,-6.0675,-0.48871,-5.7543,NaN,NaN,NaN,NaN,NaN
488.55,-20.649,-10.71,-4.8581,-0.98843,1.0919,-7.242,-5.6802,0.95151,-5.5816,0,0,0,NaN,NaN,NaN,NaN,NaN,NaN,NaN,NaN,NaN,46.621,0,3468,0.0080533,NaN,NaN,NaN,NaN,NaN,-1,-1,-1.9134,0.71743,-8.8514,-5.9307,-0.59823,-5.7301,NaN,NaN,NaN,NaN,NaN
488.56,-20.659,-10.725,-4.8674,-2.2209,0.38641,-9.5627,-4.9125,-4.5944,-5.8091,0.65992,0.16019,-0.91953,NaN,NaN,NaN,NaN,NaN,NaN,NaN,NaN,NaN,46.621,0,3468,0.0080533,0.65919,2.1479,0.29211,0.0099889,NaN,-1,-1,-1.9056,0.71206,-8.7954,-5.7817,-0.84806,-5.7118,NaN,NaN,NaN,NaN,NaN
488.56,-20.691,-10.726,-4.9078,-1.2961,0.28436,-7.0233,-5.5069,-4.5012,-5.8235,0,0,0,NaN,NaN,NaN,NaN,NaN,NaN,NaN,NaN,NaN,46.621,0,3468,0.0080533,NaN,NaN,NaN,NaN,18.109,99092,21.688,-1.9061,0.72327,-8.741,-5.6096,-0.63077,-5.7189,NaN,NaN,NaN,NaN,NaN
488.56,-20.701,-10.732,-4.9218,-2.8751,0.24941,-12.6,-5.5386,-0.29146,-6.1627,0.65025,0.16789,-0.91809,NaN,NaN,NaN,NaN,NaN,NaN,NaN,NaN,NaN,46.621,0,3468,0.0080533,NaN,NaN,NaN,NaN,18.111,99080,21.688,-1.9141,0.72738,-8.7286,-5.405,-0.7247,-5.7175,NaN,NaN,NaN,NaN,NaN
488.56,-20.717,-10.735,-4.9484,-1.7305,0.58496,-8.7237,-4.9796,-0.9314,-5.5623,0,0,0,NaN,NaN,NaN,NaN,NaN,NaN,NaN,NaN,NaN,46.621,0,3468,0.0080533,NaN,NaN,NaN,NaN,NaN,-1,-1,-1.9124,0.74048,-8.6737,-5.2445,-0.65051,-5.7236,NaN,NaN,NaN,NaN,NaN
488.57,-20.726,-10.742,-4.9596,-1.8499,1.4105,-9.2851,-5.0662,-1.3033,-5.6163,0,0,0,NaN,NaN,NaN,NaN,NaN,NaN,NaN,NaN,NaN,46.621,0,3468,0.0080533,0.64879,NaN,NaN,NaN,NaN,-1,-1,-1.9144,0.74587,-8.6561,-5.086,-0.43437,-5.7226,NaN,NaN,NaN,NaN,NaN
488.57,-20.736,-10.736,-4.977,-1.9598,0.21518,-10.188,-5.5211,4.5868,-5.6985,0.66061,0.16975,-0.92636,NaN,NaN,NaN,NaN,NaN,NaN,NaN,NaN,NaN,46.621,0,3468,0.0080533,NaN,2.1384,0.29089,0.013319,18.425,99095,21.75,-1.9253,0.75691,-8.642,-4.8737,-0.36327,-5.7135,NaN,NaN,NaN,NaN,NaN
488.57,-20.74,-10.744,-4.9888,-1.6794,1.795,-7.1617,-3.1357,-1.4225,-5.9273,0,0,0,NaN,NaN,NaN,NaN,NaN,NaN,NaN,NaN,NaN,46.621,0,3468,0.0080533,NaN,NaN,NaN,NaN,18.019,99087,21.688,-1.9247,0.74852,-8.5639,-4.6248,-0.22203,-5.7103,NaN,NaN,NaN,NaN,NaN
488.57,-20.745,-10.749,-5.0007,-2.048,0.64788,-10.222,-3.3756,-0.47275,-5.6162,0,0,0,NaN,NaN,NaN,NaN,NaN,NaN,NaN,NaN,NaN,46.621,0,3468,0.0080533,NaN,NaN,NaN,NaN,NaN,-1,-1,-1.9187,0.75465,-8.5196,-4.4317,-0.30503,-5.7019,NaN,NaN,NaN,NaN,NaN
488.58,-20.749,-10.748,-5.015,-2.2369,1.1403,-9.7401,-2.7721,2.2877,-5.5591,0,0,0,NaN,NaN,NaN,NaN,NaN,NaN,NaN,NaN,NaN,46.621,0,3468,0.0080533,0.62251,2.2404,0.21421,0.11404,NaN,-1,-1,-1.9354,0.7487,-8.5344,-4.2545,-0.17752,-5.6855,NaN,NaN,NaN,NaN,NaN
488.58,-20.759,-10.744,-5.0299,-1.6984,0.54779,-6.876,-5.5756,3.4622,-5.1394,0.66028,0.17261,-0.91949,NaN,NaN,NaN,NaN,NaN,NaN,NaN,NaN,NaN,46.621,0,3468,0.0080533,0.62251,2.2404,0.21421,0.11404,NaN,-1,-1,-1.938,0.7559,-8.4914,-4.1204,-0.18233,-5.6654,NaN,NaN,NaN,NaN,NaN
488.58,-20.765,-10.757,-5.0387,-1.4499,0.67381,-8.1614,-3.7446,-3.9748,-5.6392,0,0,0,NaN,NaN,NaN,NaN,NaN,NaN,NaN,NaN,NaN,46.621,0,3468,0.0080533,NaN,NaN,NaN,NaN,17.884,99061,21.625,-1.9293,0.75644,-8.4159,-3.9556,-0.39591,-5.6618,NaN,NaN,NaN,NaN,NaN
488.58,-20.772,-10.758,-5.0535,-2.7023,-0.17927,-10.327,-4.2738,1.652,-6.0567,0,0,0,NaN,NaN,NaN,NaN,NaN,NaN,NaN,NaN,NaN,46.621,0,3468,0.0080533,NaN,NaN,NaN,NaN,NaN,-1,-1,-1.9372,0.76009,-8.4154,-3.8032,-0.01983,-5.6673,NaN,NaN,NaN,NaN,NaN
488.59,-20.776,-10.759,-5.0682,-1.7583,0.5536,-7.4828,-2.9816,1.669,-5.9789,0,0,0,NaN,NaN,NaN,NaN,NaN,NaN,NaN,NaN,NaN,46.621,0,3468,0.0080533,NaN,NaN,NaN,NaN,NaN,-1,-1,-1.9397,0.77143,-8.3951,-3.7177,0.16136,-5.654,NaN,NaN,NaN,NaN,NaN
488.59,-20.783,-10.767,-5.0795,-1.769,1.5532,-7.804,-3.9487,-1.5994,-5.5156,0.66027,0.16751,-0.9218,NaN,NaN,NaN,NaN,NaN,NaN,NaN,NaN,NaN,46.621,0,3468,0.0080533,NaN,NaN,NaN,NaN,17.772,99108,21.813,-1.934,0.78299,-8.3452,-3.6346,-0.066946,-5.6696,NaN,NaN,NaN,NaN,NaN
488.59,-20.788,-10.771,-5.0921,-2.2041,1.5365,-10.663,-3.6502,-0.086001,-5.7583,0,0,0,NaN,NaN,NaN,NaN,NaN,NaN,NaN,NaN,NaN,46.621,0,3468,0.0080533,NaN,NaN,NaN,NaN,NaN,-1,-1,-1.9424,0.78507,-8.3288,-3.4655,0.20425,-5.6905,NaN,NaN,NaN,NaN,NaN
488.59,-20.795,-10.767,-5.1082,-1.8385,-0.31215,-6.6984,-4.1165,3.5679,-5.8152,0,0,0,NaN,NaN,NaN,NaN,NaN,NaN,NaN,NaN,NaN,46.621,0,3468,0.0080533,0.6351,2.1181,0.29332,0.04495,17.884,99124,21.813,-1.9498,0.79463,-8.2957,-3.3545,0.60267,-5.6928,NaN,NaN,NaN,NaN,NaN
488.6,-20.798,-10.775,-5.1181,-1.2732,2.2679,-6.8297,-2.5805,-1.6747,-5.2454,0,0,0,NaN,NaN,NaN,NaN,NaN,NaN,NaN,NaN,NaN,46.621,0,3468,0.0080533,NaN,NaN,NaN,NaN,NaN,-1,-1,-1.9422,0.79235,-8.2443,-3.2592,0.43909,-5.6956,NaN,NaN,NaN,NaN,NaN
488.6,-20.8,-10.785,-5.1289,-2.6382,0.73464,-11.093,-1.8588,-2.2461,-5.5732,0.6554,0.17267,-0.91993,NaN,NaN,NaN,NaN,NaN,NaN,NaN,NaN,NaN,46.621,0,3468,0.0080533,NaN,NaN,NaN,NaN,NaN,-1,-1,-1.9504,0.79273,-8.219,-3.1453,0.53957,-5.7,NaN,NaN,NaN,NaN,NaN
488.6,-20.801,-10.777,-5.1455,-2.2542,1.1146,-8.733,-2.2195,4.9734,-5.5274,0,0,0,NaN,NaN,NaN,NaN,NaN,NaN,NaN,NaN,NaN,46.621,0,3468,0.0080533,NaN,NaN,NaN,NaN,17.834,99067,21.563,-1.9608,0.79228,-8.2142,-3.054,0.63695,-5.7036,NaN,NaN,NaN,NaN,NaN
488.6,-20.808,-10.773,-5.1605,-1.5303,0.027872,-5.5014,-4.2713,3.4589,-5.4305,0,0,0,NaN,NaN,NaN,NaN,NaN,NaN,NaN,NaN,NaN,46.621,0,3468,0.0080533,NaN,NaN,NaN,NaN,NaN,-1,-1,-1.9653,0.80288,-8.1901,-3.0038,0.60619,-5.7001,NaN,NaN,NaN,NaN,NaN
488.61,-20.814,-10.792,-5.1679,-1.5765,0.59654,-7.1749,-3.4367,-5.964,-5.8121,0,0,0,NaN,NaN,NaN,NaN,NaN,NaN,NaN,NaN,NaN,46.621,0,3468,0.0080533,NaN,NaN,NaN,NaN,NaN,-1,-1,-1.9619,0.79418,-8.1193,-2.9467,0.53767,-5.6928,NaN,NaN,NaN,NaN,NaN
488.61,-20.818,-10.792,-5.1835,-2.8449,0.80204,-11.253,-3.0342,1.7537,-6.017,0.64573,0.17529,-0.9208,NaN,NaN,NaN,NaN,NaN,NaN,NaN,NaN,NaN,46.621,0,3468,0.0080533,NaN,NaN,NaN,NaN,17.858,99100,21.688,-1.9583,0.80532,-8.0924,-2.9377,0.61748,-5.6934,NaN,NaN,NaN,NaN,NaN
488.61,-20.82,-10.789,-5.1997,-1.9157,0.18264,-6.1724,-2.248,3.2502,-6.0348,0,0,0,NaN,NaN,NaN,NaN,NaN,NaN,NaN,NaN,NaN,46.572,0,3463.7,0.0075089,NaN,NaN,NaN,NaN,17.886,99092,21.75,-1.9736,0.82248,-8.1269,-2.8912,0.52932,-5.6937,NaN,NaN,NaN,NaN,NaN
488.61,-20.828,-10.806,-5.2211,-2.3884,0.99148,-9.89,-2.832,-0.85147,-5.6022,0,0,0,NaN,NaN,NaN,NaN,NaN,NaN,NaN,NaN,NaN,46.572,0,3463.7,0.0075089,NaN,NaN,NaN,NaN,NaN,-1,-1,-1.972,0.82417,-8.0744,-2.7607,0.46931,-5.7026,NaN,NaN,NaN,NaN,NaN
488.62,-20.833,-10.799,-5.2383,-1.6264,0.54095,-6.9044,-3.4566,4.7619,-5.6416,0.64342,0.17011,-0.92561,NaN,NaN,NaN,NaN,NaN,NaN,NaN,NaN,NaN,46.572,0,3463.7,0.0075089,0.64057,2.232,0.22943,0.079911,NaN,-1,-1,-1.9629,0.83058,-7.9944,-2.711,0.32493,-5.8702,NaN,NaN,NaN,NaN,NaN
488.62,-20.835,-10.81,-5.2485,-1.603,1.3006,-6.2051,-2.0193,-2.4867,-5.6562,0,0,0,NaN,NaN,NaN,NaN,NaN,NaN,NaN,NaN,NaN,46.572,0,3463.7,0.0075089,NaN,NaN,NaN,NaN,17.727,99119,21.875,-1.9728,0.83869,-8.0006,-2.6513,0.4154,-5.8353,NaN,NaN,NaN,NaN,NaN
488.62,-20.836,-10.821,-5.2581,-2.5309,1.2177,-10.84,-1.7301,-3.2415,-5.735,0,0,0,NaN,NaN,NaN,NaN,NaN,NaN,NaN,NaN,NaN,46.572,0,3463.7,0.0075089,NaN,NaN,NaN,NaN,17.888,99116,21.875,-1.979,0.83313,-7.9998,-2.5837,0.23442,-5.7874,NaN,NaN,NaN,NaN,NaN
488.62,-20.843,-10.813,-5.2891,-1.4165,0.53542,-4.0124,-3.6676,1.1314,-5.6086,0.64077,0.16778,-0.92355,NaN,NaN,NaN,NaN,NaN,NaN,NaN,NaN,NaN,46.572,0,3463.7,0.0075089,NaN,NaN,NaN,NaN,NaN,-1,-1,-1.9782,0.83489,-7.9363,-2.5349,0.13894,-5.7505,NaN,NaN,NaN,NaN,NaN
488.63,-20.85,-10.833,-5.2953,-1.7624,0.99123,-8.0599,-3.374,-6.8007,-5.6658,0,0,0,NaN,NaN,NaN,NaN,NaN,NaN,NaN,NaN,NaN,46.572,0,3463.7,0.0075089,0.61703,NaN,NaN,NaN,NaN,-1,-1,-1.9799,0.85103,-7.9247,-2.4689,0.31663,-5.7272,NaN,NaN,NaN,NaN,NaN
488.63,-20.851,-10.831,-5.3112,-3.0441,0.37465,-10.582,-1.985,2.7973,-6.0492,0,0,0,NaN,NaN,NaN,NaN,NaN,NaN,NaN,NaN,NaN,46.572,0,3463.7,0.0075089,NaN,NaN,NaN,NaN,17.769,99102,21.75,-1.9828,0.85379,-7.9151,-2.3615,0.22526,-5.6926,NaN,NaN,NaN,NaN,NaN
488.63,-20.853,-10.828,-5.3266,-1.7604,0.035571,-5.0185,-2.5834,3.2171,-5.6742,0,0,0,NaN,NaN,NaN,NaN,NaN,NaN,NaN,NaN,NaN,46.572,0,3463.7,0.0075089,NaN,NaN,NaN,NaN,17.979,99117,21.875,-1.9796,0.85323,-7.8527,-2.2821,0.19602,-5.667,NaN,NaN,NaN,NaN,NaN
488.63,-20.86,-10.846,-5.3488,-2.4186,1.1774,-10.433,-2.2801,0.51348,-5.9691,0,0,0,NaN,NaN,NaN,NaN,NaN,NaN,NaN,NaN,NaN,46.572,0,3463.7,0.0075089,NaN,NaN,NaN,NaN,NaN,-1,-1,-1.9801,0.86653,-7.8458,-2.1513,0.079425,-5.6341,NaN,NaN,NaN,NaN,NaN
488.64,-20.862,-10.839,-5.3657,-1.7631,-0.36102,-5.7095,-2.5743,4.6859,-5.7335,0,0,0,NaN,NaN,NaN,NaN,NaN,NaN,NaN,NaN,NaN,46.572,0,3463.7,0.0075089,NaN,NaN,NaN,NaN,NaN,-1,-1,-1.9593,0.86701,-7.7347,-2.0679,0.18394,-5.5962,NaN,NaN,NaN,NaN,NaN
488.64,-20.865,-10.852,-5.3751,-1.2237,1.8534,-5.6271,-2.4375,-3.6,-5.7509,0,0,0,NaN,NaN,NaN,NaN,NaN,NaN,NaN,NaN,NaN,46.572,0,3463.7,0.0075089,NaN,NaN,NaN,NaN,NaN,-1,-1,-1.9674,0.87472,-7.7342,-1.9698,0.1574,-5.5484,NaN,NaN,NaN,NaN,NaN
488.64,-20.863,-10.864,-5.3858,-3.0984,1.9594,-10.468,-0.37162,-2.9974,-5.7837,0.65025,0.16789,-0.91809,NaN,NaN,NaN,NaN,NaN,NaN,NaN,NaN,NaN,46.572,0,3463.7,0.0075089,0.64605,2.2356,0.23551,0.07242,17.814,99087,21.688,-1.9678,0.87524,-7.6995,-1.8871,0.10542,-5.5324,NaN,NaN,NaN,NaN,NaN
488.64,-20.861,-10.852,-5.4037,-1.9322,0.41504,-8.0921,-1.09,6.8464,-5.3359,0,0,0,NaN,NaN,NaN,NaN,NaN,NaN,NaN,NaN,NaN,46.572,0,3463.7,0.0075089,NaN,NaN,NaN,NaN,NaN,-1,-1,-1.9687,0.8694,-7.6915,-1.7594,0.2077,-5.5195,NaN,NaN,NaN,NaN,NaN
488.65,-20.866,-10.856,-5.416,-1.6464,0.45266,-2.2361,-3.32,0.09597,-5.5848,0,0,0,NaN,NaN,NaN,NaN,NaN,NaN,NaN,NaN,NaN,46.572,0,3463.7,0.0075089,NaN,NaN,NaN,NaN,NaN,-1,-1,-1.9558,0.87302,-7.6124,-1.6596,0.078243,-5.4878,NaN,NaN,NaN,NaN,NaN
488.65,-20.868,-10.876,-5.4218,-1.7257,1.7959,-9.2112,-1.3702,-6.9663,-5.5482,0,0,0,NaN,NaN,NaN,NaN,NaN,NaN,NaN,NaN,NaN,46.572,0,3463.7,0.0075089,NaN,NaN,NaN,NaN,18.002,99098,21.813,-1.9603,0.87276,-7.6116,-1.572,-0.0078457,-5.4644,NaN,NaN,NaN,NaN,NaN
488.65,-20.866,-10.873,-5.4379,-2.9628,-0.55776,-10.193,-0.91438,3.3277,-5.6734,0.665,0.16248,-0.92137,NaN,NaN,NaN,NaN,NaN,NaN,NaN,NaN,NaN,46.572,0,3463.7,0.0075089,NaN,NaN,NaN,NaN,NaN,-1,-1,-1.963,0.87838,-7.5964,-1.5295,0.19185,-5.4423,NaN,NaN,NaN,NaN,NaN
488.65,-20.866,-10.87,-5.4528,-1.5926,0.12273,-5.125,-1.5943,2.9793,-5.5364,0,0,0,NaN,NaN,NaN,NaN,NaN,NaN,NaN,NaN,NaN,46.572,0,3463.7,0.0075089,0.62086,2.232,0.21421,0.10405,18.064,99110,21.75,-1.9643,0.89026,-7.6008,-1.4135,0.11339,-5.4181,NaN,NaN,NaN,NaN,NaN
488.66,-20.868,-10.886,-5.4609,-1.9024,2.5734,-6.6379,-1.7965,-4.7843,-5.682,0,0,0,NaN,NaN,NaN,NaN,NaN,NaN,NaN,NaN,NaN,46.572,0,3463.7,0.0075089,NaN,NaN,NaN,NaN,NaN,-1,-1,-1.9728,0.8945,-7.6181,-1.2223,-0.13831,-5.3968,NaN,NaN,NaN,NaN,NaN
488.66,-20.867,-10.888,-5.4745,-2.1105,1.3252,-9.1325,-1.0713,1.0269,-5.767,0,0,0,NaN,NaN,NaN,NaN,NaN,NaN,NaN,NaN,NaN,46.572,0,3463.7,0.0075089,NaN,NaN,NaN,NaN,NaN,-1,-1,-1.9755,0.90583,-7.6257,-1.0536,0.094277,-5.3691,NaN,NaN,NaN,NaN,NaN
488.66,-20.865,-10.884,-5.491,-2.1805,-0.4613,-6.8269,-0.91564,3.3528,-5.7328,0.66033,0.1649,-0.92409,NaN,NaN,NaN,NaN,NaN,NaN,NaN,NaN,NaN,46.572,0,3463.7,0.0075089,NaN,NaN,NaN,NaN,18.135,99114,21.813,-1.9748,0.92763,-7.6049,-0.97498,0.1924,-5.3302,NaN,NaN,NaN,NaN,NaN
488.66,-20.863,-10.898,-5.4998,-1.3695,2.4309,-5.6494,-0.16599,-3.887,-5.616,0,0,0,NaN,NaN,NaN,NaN,NaN,NaN,NaN,NaN,NaN,46.572,0,3463.7,0.0075089,NaN,NaN,NaN,NaN,NaN,-1,-1,-1.9796,0.9275,-7.6047,-0.83816,-0.012368,-5.3205,NaN,NaN,NaN,NaN,NaN
488.67,-20.853,-10.896,-5.5274,-2.3815,-0.085596,-5.4495,0.088694,5.072,-5.4519,0,0,0,NaN,NaN,NaN,NaN,NaN,NaN,NaN,NaN,NaN,46.572,0,3463.7,0.0075089,0.634,2.1157,0.29393,0.054107,NaN,-1,-1,-1.9747,0.92358,-7.5979,-0.7033,0.050476,-5.319,NaN,NaN,NaN,NaN,NaN
488.67,-20.855,-10.903,-5.5385,-1.4504,1.0446,-6.0327,-1.7216,-1.3643,-5.3615,0.65031,0.16529,-0.92039,NaN,NaN,NaN,NaN,NaN,NaN,NaN,NaN,NaN,46.572,0,3463.7,0.0075089,NaN,NaN,NaN,NaN,18.199,99095,21.688,-1.9788,0.92486,-7.5932,-0.52915,0.084127,-5.3285,NaN,NaN,NaN,NaN,NaN
488.67,0,0,0,0,0,0,0,0,0,0,0,0,NaN,NaN,NaN,NaN,NaN,NaN,NaN,NaN,NaN,46.572,0,3463.7,0.0075089,NaN,NaN,NaN,NaN,NaN,-1,-1,-1.9838,0.92255,-7.5911,-0.40597,0.13173,-5.3324,NaN,NaN,NaN,NaN,NaN
488.67,-20.853,-10.917,-5.548,-2.2177,0.69369,-7.5454,-0.40164,-3.8971,-5.9094,0,0,0,NaN,NaN,NaN,NaN,NaN,NaN,NaN,NaN,NaN,46.572,0,3463.7,0.0075089,NaN,NaN,NaN,NaN,18.264,99084,21.625,-1.9824,0.93286,-7.5906,-0.32905,0.37635,-5.3375,NaN,NaN,NaN,NaN,NaN
488.68,-20.849,-10.913,-5.5638,-2.2675,0.006771,-10.224,-0.15968,3.2632,-5.8367,0,0,0,NaN,NaN,NaN,NaN,NaN,NaN,NaN,NaN,NaN,46.572,0,3463.7,0.0075089,NaN,NaN,NaN,NaN,NaN,-1,-1,-1.9762,0.9481,-7.5643,-0.19228,0.23938,-5.344,NaN,NaN,NaN,NaN,NaN
488.68,-20.845,-10.917,-5.5764,-1.9466,0.33125,-4.4166,0.31828,0.35271,-5.6088,0,0,0,NaN,NaN,NaN,NaN,NaN,NaN,NaN,NaN,NaN,46.572,0,3463.7,0.0075089,0.63784,2.1241,0.29332,0.032464,NaN,-1,-1,-1.9727,0.94382,-7.5341,0.0034986,0.077194,-5.3615,NaN,NaN,NaN,NaN,NaN
488.68,-20.844,-10.925,-5.5871,-1.9476,2.7085,-7.7674,-0.83297,-1.8714,-5.2862,0.66029,0.1777,-0.91719,-0.48051,22.294,-3.8511,22.629,40.06,-88.55,3.6783e+05,4.4355e+06,299.03,46.572,0,3463.7,0.0075089,NaN,NaN,NaN,NaN,18.332,99079,21.625,-1.9737,0.9475,-7.5417,0.12035,0.18457,-5.3693,22.562,1.7355,0.19764,0.5019,4.3986
488.68,-20.84,-10.929,-5.6003,-2.0589,1.0377,-8.5214,0.29513,0.22787,-5.9272,0,0,0,NaN,NaN,NaN,NaN,NaN,NaN,NaN,NaN,NaN,46.572,0,3463.7,0.0075089,NaN,NaN,NaN,NaN,NaN,-1,-1,-1.981,0.97355,-7.5562,0.23034,-0.073415,-5.3754,NaN,NaN,NaN,NaN,NaN
488.69,-20.803,-10.93,-5.6692,-2.4254,1.6711,-10.662,1.3159,-1.0902,-5.4271,0.6577,0.16767,-0.91973,NaN,NaN,NaN,NaN,NaN,NaN,NaN,NaN,NaN,46.572,0,3463.7,0.0075089,NaN,NaN,NaN,NaN,NaN,-1,-1,-1.9741,0.97495,-7.4968,0.41239,0.01747,-5.3962,NaN,NaN,NaN,NaN,NaN
488.69,-20.797,-10.924,-5.6858,-2.274,0.44422,-5.8439,0.86316,4.7864,-5.589,0,0,0,NaN,NaN,NaN,NaN,NaN,NaN,NaN,NaN,NaN,46.572,0,3463.7,0.0075089,NaN,NaN,NaN,NaN,18.135,99112,21.813,-1.9651,0.96653,-7.452,0.56499,0.057537,-5.4035,NaN,NaN,NaN,NaN,NaN
488.69,-20.795,-10.926,-5.6977,-1.3594,1.3182,-5.6442,-0.52918,0.45115,-5.2528,0,0,0,NaN,NaN,NaN,NaN,NaN,NaN,NaN,NaN,NaN,46.572,0,3463.7,0.0075089,0.62305,NaN,NaN,NaN,NaN,-1,-1,-1.986,0.97371,-7.5446,0.68273,0.16008,-5.4351,NaN,NaN,NaN,NaN,NaN
488.69,-20.79,-10.939,-5.7078,-2.3757,0.25214,-7.3982,0.68113,-3.573,-6.0349,0,0,0,NaN,NaN,NaN,NaN,NaN,NaN,NaN,NaN,NaN,46.572,0,3463.7,0.0075089,NaN,2.2452,0.22091,0.092398,17.767,99116,21.75,-1.9834,0.9676,-7.502,0.76784,0.48602,-5.467,NaN,NaN,NaN,NaN,NaN
488.7,-20.778,-10.941,-5.7365,-1.7291,1.3478,-6.1994,0.66159,2.3158,-5.6356,0,0,0,NaN,NaN,NaN,NaN,NaN,NaN,NaN,NaN,NaN,46.572,0,3463.7,0.0075089,NaN,NaN,NaN,NaN,NaN,-1,-1,-1.9886,0.982,-7.5006,0.83969,0.27011,-5.5133,NaN,NaN,NaN,NaN,NaN
488.7,-20.773,-10.95,-5.747,-1.8658,1.3246,-7.7413,0.69901,-1.9739,-5.5822,0,0,0,NaN,NaN,NaN,NaN,NaN,NaN,NaN,NaN,NaN,46.572,0,3463.7,0.0075089,NaN,NaN,NaN,NaN,NaN,-1,-1,-1.9873,0.99197,-7.5175,1.0397,0.065067,-5.5731,NaN,NaN,NaN,NaN,NaN
488.7,-20.768,-10.951,-5.7611,-2.1134,0.9977,-7.9071,0.65306,1.5672,-5.7586,0,0,0,NaN,NaN,NaN,NaN,NaN,NaN,NaN,NaN,NaN,46.572,0,3463.7,0.0075089,NaN,NaN,NaN,NaN,18.27,99110,21.813,-2.0035,0.99791,-7.5897,1.2069,0.51566,-5.5989,NaN,NaN,NaN,NaN,NaN
488.7,-20.761,-10.951,-5.7763,-1.8846,1.4556,-7.3371,1.3581,1.8782,-5.8313,0.66262,0.1599,-0.92389,NaN,NaN,NaN,NaN,NaN,NaN,NaN,NaN,NaN,46.572,0,3463.7,0.0075089,0.63838,2.2195,0.19413,0.1232,NaN,-1,-1,-2.0156,1.0034,-7.6474,1.2685,0.60851,-5.6302,NaN,NaN,NaN,NaN,NaN
488.71,-20.752,-10.962,-5.7869,-1.5642,1.031,-7.0173,2.4025,-2.8424,-5.9879,0,0,0,NaN,NaN,NaN,NaN,NaN,NaN,NaN,NaN,NaN,46.572,0,3463.7,0.0075089,NaN,NaN,NaN,NaN,NaN,-1,-1,-2.0203,1.0195,-7.6763,1.3467,0.28094,-5.6629,NaN,NaN,NaN,NaN,NaN
488.71,-20.743,-10.966,-5.7991,-2.4972,1.4567,-10.659,2.0437,0.061536,-5.5233,0,0,0,NaN,NaN,NaN,NaN,NaN,NaN,NaN,NaN,NaN,46.572,0,3463.7,0.0075089,NaN,NaN,NaN,NaN,18.335,99124,21.813,-2.022,1.0285,-7.645,1.4814,0.4725,-5.7249,NaN,NaN,NaN,NaN,NaN
488.71,-20.737,-10.959,-5.816,-2.1473,0.98447,-6.2063,0.84872,4.6765,-5.7565,0,0,0,NaN,NaN,NaN,NaN,NaN,NaN,NaN,NaN,NaN,46.611,0,3460.9,0.0075089,NaN,NaN,NaN,NaN,18.222,99111,21.75,-2.0142,1.0298,-7.6356,1.5468,0.6884,-5.7797,NaN,NaN,NaN,NaN,NaN
488.71,-20.723,-10.976,-5.8396,-2.0639,-0.09121,-8.4022,1.4373,-2.1201,-5.9675,0,0,0,NaN,NaN,NaN,NaN,NaN,NaN,NaN,NaN,NaN,46.611,0,3460.9,0.0075089,NaN,NaN,NaN,NaN,NaN,-1,-1,-2.0162,1.03,-7.6587,1.6116,0.33135,-5.8319,NaN,NaN,NaN,NaN,NaN
488.72,-20.714,-10.978,-5.8547,-2.436,1.0563,-9.0134,2.1949,1.1299,-6.3126,0,0,0,NaN,NaN,NaN,NaN,NaN,NaN,NaN,NaN,NaN,46.611,0,3460.9,0.0075089,0.6685,2.2249,0.213,0.10239,NaN,-1,-1,-2.0137,1.0171,-7.6433,1.6351,0.49562,-5.8961,NaN,NaN,NaN,NaN,NaN
488.72,-20.707,-10.981,-5.8684,-1.8682,1.327,-7.8247,1.1879,0.61301,-5.9513,0,0,0,NaN,NaN,NaN,NaN,NaN,NaN,NaN,NaN,NaN,46.611,0,3460.9,0.0075089,NaN,NaN,NaN,NaN,NaN,-1,-1,-2.0104,1.0329,-7.6208,1.6582,0.76372,-5.962,NaN,NaN,NaN,NaN,NaN
488.72,-20.7,-10.986,-5.8822,-2.1038,1.3749,-8.0167,1.5666,-0.19418,-6.0821,0.66507,0.16496,-0.92136,NaN,NaN,NaN,NaN,NaN,NaN,NaN,NaN,NaN,46.611,0,3460.9,0.0075089,NaN,NaN,NaN,NaN,18.041,99093,21.688,-2.0123,1.0338,-7.651,1.7276,0.47792,-6.0235,NaN,NaN,NaN,NaN,NaN
488.72,-20.693,-10.984,-5.898,-1.8727,0.87353,-7.5464,1.183,2.9349,-5.9624,0,0,0,NaN,NaN,NaN,NaN,NaN,NaN,NaN,NaN,NaN,46.611,0,3460.9,0.0075089,NaN,NaN,NaN,NaN,NaN,-1,-1,-2.0109,1.0277,-7.6628,1.8023,0.83777,-6.0934,NaN,NaN,NaN,NaN,NaN
488.73,-20.684,-10.991,-5.9098,-1.5737,1.4647,-6.9615,2.1808,-1.2216,-5.8198,0,0,0,NaN,NaN,NaN,NaN,NaN,NaN,NaN,NaN,NaN,46.611,0,3460.9,0.0075089,0.65809,2.1044,0.29332,0.054107,NaN,-1,-1,-2.0083,1.0423,-7.6571,1.7646,0.86456,-6.1478,NaN,NaN,NaN,NaN,NaN
488.73,-20.673,-10.999,-5.9215,-2.0678,0.93981,-9.257,3.0168,-1.4414,-5.8851,0,0,0,NaN,NaN,NaN,NaN,NaN,NaN,NaN,NaN,NaN,46.611,0,3460.9,0.0075089,NaN,NaN,NaN,NaN,18.449,99128,21.875,-2.0111,1.0496,-7.6612,1.7335,0.71692,-6.0041,NaN,NaN,NaN,NaN,NaN
488.73,-20.662,-10.996,-5.9381,-2.3786,1.1007,-10.21,2.8475,3.1089,-5.94,0.66464,0.15515,-0.9191,NaN,NaN,NaN,NaN,NaN,NaN,NaN,NaN,NaN,46.611,0,3460.9,0.0075089,NaN,NaN,NaN,NaN,18.174,99085,21.625,-2.0111,1.0552,-7.6746,1.717,0.63284,-6.0565,NaN,NaN,NaN,NaN,NaN
488.73,-20.654,-10.994,-5.9536,-1.8435,1.3447,-5.0987,1.5342,3.0731,-5.7665,0,0,0,NaN,NaN,NaN,NaN,NaN,NaN,NaN,NaN,NaN,46.611,0,3460.9,0.0075089,NaN,NaN,NaN,NaN,NaN,-1,-1,-2.0101,1.0451,-7.6598,1.6993,0.8308,-6.1037,NaN,NaN,NaN,NaN,NaN
488.74,-20.64,-11.009,-5.977,-2.481,0.082097,-8.5429,1.7789,-0.72061,-6.0088,0,0,0,NaN,NaN,NaN,NaN,NaN,NaN,NaN,NaN,NaN,46.611,0,3460.9,0.0075089,NaN,NaN,NaN,NaN,NaN,-1,-1,-2.0068,1.0506,-7.6657,1.6623,0.70328,-6.1398,NaN,NaN,NaN,NaN,NaN
488.74,-20.631,-11.01,-5.9928,-1.7556,1.5878,-9.1047,1.909,1.5947,-6.2328,0.66757,0.16232,-0.92344,NaN,NaN,NaN,NaN,NaN,NaN,NaN,NaN,NaN,46.611,0,3460.9,0.0075089,NaN,NaN,NaN,NaN,NaN,-1,-1,-2.0143,1.0464,-7.7032,1.5356,0.77968,-6.1767,NaN,NaN,NaN,NaN,NaN
488.74,-20.619,-11.02,-6.0207,-1.9133,1.3446,-9.2938,0.80495,0.33799,-6.3793,0,0,0,NaN,NaN,NaN,NaN,NaN,NaN,NaN,NaN,NaN,46.611,0,3460.9,0.0075089,0.67452,2.2428,0.23369,0.063263,18.104,99059,21.5,-2.0109,1.0363,-7.7032,1.447,0.68353,-6.2446,NaN,NaN,NaN,NaN,NaN
488.74,-20.613,-11.018,-6.0383,-2.1295,0.97217,-7.5762,0.66681,3.1399,-6.6559,0,0,0,NaN,NaN,NaN,NaN,NaN,NaN,NaN,NaN,NaN,46.611,0,3460.9,0.0075089,NaN,NaN,NaN,NaN,NaN,-1,-1,-2.0065,1.0436,-7.6872,1.4126,0.47889,-6.2861,NaN,NaN,NaN,NaN,NaN
488.75,-20.605,-11.025,-6.0525,-1.2711,1.6208,-6.032,1.6163,-0.9597,-6.465,0.65768,0.15749,-0.92433,NaN,NaN,NaN,NaN,NaN,NaN,NaN,NaN,NaN,46.611,0,3460.9,0.0075089,NaN,NaN,NaN,NaN,NaN,-1,-1,-2.0092,1.0511,-7.7265,1.3456,0.71247,-6.3233,NaN,NaN,NaN,NaN,NaN
488.75,-20.597,-11.039,-6.0636,-2.0868,0.95939,-10.739,2.0143,-3.5514,-6.432,0,0,0,NaN,NaN,NaN,NaN,NaN,NaN,NaN,NaN,NaN,46.611,0,3460.9,0.0075089,NaN,NaN,NaN,NaN,18.356,99110,21.75,-2.0039,1.05,-7.7444,1.17,0.67853,-6.3307,NaN,NaN,NaN,NaN,NaN
488.75,-20.587,-11.033,-6.0814,-2.9684,1.9886,-9.8446,2.275,4.4699,-6.1724,0,0,0,NaN,NaN,NaN,NaN,NaN,NaN,NaN,NaN,NaN,46.611,0,3460.9,0.0075089,NaN,NaN,NaN,NaN,NaN,-1,-1,-2.0018,1.0528,-7.7617,1.076,0.56548,-6.3962,NaN,NaN,NaN,NaN,NaN
488.75,-20.582,-11.026,-6.0987,-1.4651,0.61652,-5.2505,0.24299,4.8841,-5.8948,0,0,0,NaN,NaN,NaN,NaN,NaN,NaN,NaN,NaN,NaN,46.611,0,3460.9,0.0075089,0.60937,NaN,NaN,NaN,18.516,99122,21.875,-2.005,1.069,-7.7728,0.95414,0.6823,-6.4451,NaN,NaN,NaN,NaN,NaN
488.76,-20.578,-11.042,-6.1098,-1.3713,0.39651,-6.0649,0.14301,-4.6382,-6.5526,0.65984,0.1577,-0.91953,NaN,NaN,NaN,NaN,NaN,NaN,NaN,NaN,NaN,46.611,0,3460.9,0.0075089,NaN,NaN,NaN,NaN,NaN,-1,-1,-2.0065,1.0631,-7.7999,0.79533,0.58205,-6.4907,NaN,NaN,NaN,NaN,NaN
488.76,-20.573,-11.049,-6.1243,-2.8222,1.1647,-11.769,0.37746,-0.66114,-6.7863,0,0,0,NaN,NaN,NaN,NaN,NaN,NaN,NaN,NaN,NaN,46.611,0,3460.9,0.0075089,NaN,NaN,NaN,NaN,NaN,-1,-1,-2.008,1.0554,-7.831,0.60958,0.63782,-6.5353,NaN,NaN,NaN,NaN,NaN
488.76,-20.566,-11.044,-6.1437,-2.1902,0.62984,-7.3496,1.1932,4.3478,-6.9154,0,0,0,NaN,NaN,NaN,NaN,NaN,NaN,NaN,NaN,NaN,46.611,0,3460.9,0.0075089,NaN,NaN,NaN,NaN,18.332,99077,21.625,-1.9985,1.0607,-7.8293,0.43385,0.77624,-6.5905,NaN,NaN,NaN,NaN,NaN
488.76,-20.564,-11.052,-6.1567,-1.0486,0.60263,-7.0265,-0.53514,-1.1417,-6.3157,0,0,0,NaN,NaN,NaN,NaN,NaN,NaN,NaN,NaN,NaN,46.611,0,3460.9,0.0075089,0.63893,2.1247,0.30732,0.037458,NaN,-1,-1,-1.9992,1.0502,-7.858,0.30597,0.59508,-6.6706,NaN,NaN,NaN,NaN,NaN
488.77,-20.559,-11.061,-6.17,-2.7211,2.3254,-10.383,0.21898,-2.0672,-6.4852,0.65928,0.14802,-0.91499,NaN,NaN,NaN,NaN,NaN,NaN,NaN,NaN,NaN,46.611,0,3460.9,0.0075089,0.63893,2.1247,0.30732,0.037458,NaN,-1,-1,-2.0035,1.0536,-7.8923,0.18597,0.5217,-6.718,NaN,NaN,NaN,NaN,NaN
488.77,-20.556,-11.049,-6.192,-2.0894,0.69171,-8.0762,-0.74049,7.5337,-6.8565,0,0,0,NaN,NaN,NaN,NaN,NaN,NaN,NaN,NaN,NaN,46.611,0,3460.9,0.0075089,NaN,NaN,NaN,NaN,18.175,99083,21.625,-1.9885,1.0431,-7.8523,0.038579,0.76459,-6.7648,NaN,NaN,NaN,NaN,NaN
488.77,-20.551,-11.06,-6.2051,-0.85676,1.2173,-5.1278,0.52769,-2.322,-6.7713,0,0,0,NaN,NaN,NaN,NaN,NaN,NaN,NaN,NaN,NaN,46.611,0,3460.9,0.0075089,NaN,NaN,NaN,NaN,NaN,-1,-1,-1.989,1.0503,-7.9023,-0.12217,0.7108,-6.8249,NaN,NaN,NaN,NaN,NaN
488.77,-20.547,-11.073,-6.2173,-2.5907,1.0203,-10.154,0.18793,-3.4866,-6.877,0,0,0,NaN,NaN,NaN,NaN,NaN,NaN,NaN,NaN,NaN,46.611,0,3460.9,0.0075089,NaN,NaN,NaN,NaN,18.313,99103,21.75,-1.9906,1.0479,-7.9188,-0.29046,0.69606,-6.8831,NaN,NaN,NaN,NaN,NaN
488.78,-20.538,-11.062,-6.2562,-1.916,0.26514,-4.2676,-1.0319,5.8454,-7.0869,0,0,0,NaN,NaN,NaN,NaN,NaN,NaN,NaN,NaN,NaN,46.611,0,3460.9,0.0075089,NaN,NaN,NaN,NaN,NaN,-1,-1,-1.9777,1.0508,-7.9005,-0.46149,0.68703,-6.9587,NaN,NaN,NaN,NaN,NaN
488.78,-20.538,-11.077,-6.2675,-1.0564,0.35757,-6.3812,-1.6081,-4.4443,-6.8166,0,0,0,NaN,NaN,NaN,NaN,NaN,NaN,NaN,NaN,NaN,46.611,0,3460.9,0.0075089,0.63455,2.2428,0.22882,0.084906,NaN,-1,-1,-1.9772,1.0476,-7.9241,-0.61052,0.70052,-7.026,NaN,NaN,NaN,NaN,NaN
488.78,-20.537,-11.086,-6.2827,-2.9961,1.3126,-11.741,-0.86562,-1.3353,-7.3165,0,0,0,NaN,NaN,NaN,NaN,NaN,NaN,NaN,NaN,NaN,46.611,0,3460.9,0.0075089,NaN,NaN,NaN,NaN,18.288,99094,21.688,-1.9778,1.0492,-7.9521,-0.82261,0.8034,-7.0811,NaN,NaN,NaN,NaN,NaN
488.78,-20.531,-11.079,-6.3049,-2.1105,0.81633,-7.9515,0.011115,5.3636,-7.4423,0.66486,0.1626,-0.91908,NaN,NaN,NaN,NaN,NaN,NaN,NaN,NaN,NaN,46.611,0,3460.9,0.0075089,NaN,NaN,NaN,NaN,NaN,-1,-1,-1.974,1.0484,-7.9688,-1.0001,0.82397,-7.1469,NaN,NaN,NaN,NaN,NaN
488.79,-20.531,-11.086,-6.3201,-1.3025,0.48087,-6.4105,-1.3817,-0.55015,-7.024,0,0,0,NaN,NaN,NaN,NaN,NaN,NaN,NaN,NaN,NaN,46.611,0,3460.9,0.0075089,NaN,NaN,NaN,NaN,NaN,-1,-1,-1.9699,1.0452,-7.997,-1.1196,0.63653,-7.211,NaN,NaN,NaN,NaN,NaN
488.79,-20.532,-11.098,-6.3342,-2.2126,1.7674,-9.6005,-1.88,-2.4673,-7.2508,0,0,0,NaN,NaN,NaN,NaN,NaN,NaN,NaN,NaN,NaN,46.611,0,3460.9,0.0075089,NaN,NaN,NaN,NaN,18.486,99068,21.563,-1.9713,1.0389,-8.0189,-1.186,0.64128,-7.2541,NaN,NaN,NaN,NaN,NaN
488.79,-20.53,-11.092,-6.3554,-2.2511,1.4079,-9.7483,-1.5153,4.8002,-7.5056,0,0,0,NaN,NaN,NaN,NaN,NaN,NaN,NaN,NaN,NaN,46.611,0,3460.9,0.0075089,NaN,NaN,NaN,NaN,18.647,99148,21.938,-1.9714,1.0451,-8.0421,-1.313,0.88098,-7.3029,NaN,NaN,NaN,NaN,NaN
488.79,-20.524,-11.112,-6.3864,-1.9228,1.1547,-9.6569,-0.59502,-3.8108,-7.2245,0,0,0,NaN,NaN,NaN,NaN,NaN,NaN,NaN,NaN,NaN,46.611,0,3460.9,0.0075089,NaN,NaN,NaN,NaN,NaN,-1,-1,-1.9661,1.0381,-8.0593,-1.431,0.85581,-7.3404,NaN,NaN,NaN,NaN,NaN
488.8,-20.523,-11.11,-6.4046,-2.7203,1.6961,-10.689,-1.1787,2.9391,-6.962,0,0,0,NaN,NaN,NaN,NaN,NaN,NaN,NaN,NaN,NaN,46.611,0,3460.9,0.0075089,NaN,NaN,NaN,NaN,NaN,-1,-1,-1.9631,1.0388,-8.093,-1.5461,0.81017,-7.3876,NaN,NaN,NaN,NaN,NaN
488.8,-20.523,-11.103,-6.4258,-1.7145,0.65726,-6.4072,-2.2844,5.4442,-7.2841,0,0,0,NaN,NaN,NaN,NaN,NaN,NaN,NaN,NaN,NaN,46.611,0,3460.9,0.0075089,NaN,NaN,NaN,NaN,NaN,-1,-1,-1.9606,1.0359,-8.0897,-1.6798,0.82042,-7.4565,NaN,NaN,NaN,NaN,NaN
488.8,-20.528,-11.124,-6.457,-2.4042,1.1351,-10.233,-2.2974,-1.1936,-7.6252,0,0,0,NaN,NaN,NaN,NaN,NaN,NaN,NaN,NaN,NaN,46.611,0,3460.9,0.0075089,NaN,NaN,NaN,NaN,18.106,99090,21.625,-1.967,1.0285,-8.1314,-1.8131,0.82214,-7.5105,NaN,NaN,NaN,NaN,NaN
488.8,-20.526,-11.124,-6.4785,-2.3304,0.42746,-9.3133,-1.0124,2.9818,-8.3075,0,0,0,NaN,NaN,NaN,NaN,NaN,NaN,NaN,NaN,NaN,46.611,0,3460.9,0.0075089,0.64495,2.2344,0.22334,0.083241,NaN,-1,-1,-1.9563,1.0248,-8.0996,-1.958,0.93799,-7.5726,NaN,NaN,NaN,NaN,NaN
488.81,-20.529,-11.127,-6.4963,-1.396,0.83956,-6.7986,-2.8877,1.1523,-7.4831,0,0,0,NaN,NaN,NaN,NaN,NaN,NaN,NaN,NaN,NaN,46.611,0,3460.9,0.0075089,NaN,NaN,NaN,NaN,NaN,-1,-1,-1.9575,1.0216,-8.1079,-2.0621,0.85888,-7.6401,NaN,NaN,NaN,NaN,NaN
488.81,-20.531,-11.134,-6.514,-2.0176,1.9946,-8.4178,-2.7472,-0.17802,-7.6675,0.66006,0.16515,-0.91951,NaN,NaN,NaN,NaN,NaN,NaN,NaN,NaN,NaN,46.611,0,3460.9,0.0075089,NaN,NaN,NaN,NaN,18.401,99088,21.688,-1.9575,1.0249,-8.1392,-2.1388,0.79758,-7.706,NaN,NaN,NaN,NaN,NaN
488.81,-20.532,-11.135,-6.5332,-2.1005,1.2635,-8.2322,-2.1625,1.9454,-7.7631,0,0,0,NaN,NaN,NaN,NaN,NaN,NaN,NaN,NaN,NaN,46.611,0,3460.9,0.0075089,NaN,NaN,NaN,NaN,NaN,-1,-1,-1.9651,1.0193,-8.1808,-2.2204,0.99979,-7.7396,NaN,NaN,NaN,NaN,NaN
488.81,-20.532,-11.14,-6.5521,-1.6894,0.85181,-7.9865,-1.8319,0.74192,-8.0475,0,0,0,NaN,NaN,NaN,NaN,NaN,NaN,NaN,NaN,NaN,46.611,0,3460.9,0.0075089,NaN,NaN,NaN,NaN,18.224,99116,21.813,-1.9499,1.0263,-8.1478,-2.3195,1.0553,-7.7811,NaN,NaN,NaN,NaN,NaN
488.82,-20.532,-11.149,-6.5686,-2.0352,1.2074,-8.8425,-1.7052,-1.4414,-7.9087,0,0,0,NaN,NaN,NaN,NaN,NaN,NaN,NaN,NaN,NaN,46.611,0,3460.9,0.0075089,NaN,2.1056,0.29272,0.054107,NaN,-1,-1,-1.9567,1.0228,-8.1954,-2.4252,0.90862,-7.831,NaN,NaN,NaN,NaN,NaN
488.82,-20.532,-11.148,-6.5886,-2.4113,2.0484,-9.7893,-2.1842,3.1635,-7.3539,0.65711,0.14271,-0.92209,NaN,NaN,NaN,NaN,NaN,NaN,NaN,NaN,NaN,46.611,0,3460.9,0.0075089,NaN,NaN,NaN,NaN,NaN,-1,-1,-1.9525,1.0112,-8.1703,-2.517,1.0217,-7.8699,NaN,NaN,NaN,NaN,NaN
488.82,-20.534,-11.147,-6.6088,-1.9131,-0.01794,-6.3528,-2.8816,2.8502,-7.8419,0,0,0,NaN,NaN,NaN,NaN,NaN,NaN,NaN,NaN,NaN,46.621,0,3453.7,0.0075089,NaN,NaN,NaN,NaN,17.949,99078,21.625,-1.9467,1.0178,-8.1644,-2.6342,1.0688,-7.9211,NaN,NaN,NaN,NaN,NaN
488.82,-20.539,-11.158,-6.6256,-1.4219,0.95616,-6.7084,-3.6487,-1.7103,-8.1032,0,0,0,NaN,NaN,NaN,NaN,NaN,NaN,NaN,NaN,NaN,46.621,0,3453.7,0.0075089,NaN,NaN,NaN,NaN,NaN,-1,-1,-1.9557,0.99516,-8.2181,-2.7218,0.9347,-7.9628,NaN,NaN,NaN,NaN,NaN
488.83,-20.542,-11.164,-6.6437,-2.5831,0.86611,-10.111,-3.0978,0.13591,-7.9713,0,0,0,NaN,NaN,NaN,NaN,NaN,NaN,NaN,NaN,NaN,46.621,0,3453.7,0.0075089,NaN,NaN,NaN,NaN,NaN,-1,-1,-1.9508,0.99091,-8.2157,-2.8497,1.1157,-8.0092,NaN,NaN,NaN,NaN,NaN
488.83,-20.543,-11.166,-6.6654,-2.2638,0.63535,-8.0675,-2.197,2.0031,-8.5081,0.65518,0.16013,-0.92226,NaN,NaN,NaN,NaN,NaN,NaN,NaN,NaN,NaN,46.621,0,3453.7,0.0075089,0.61101,2.2309,0.20752,0.10322,18.128,99095,21.625,-1.9443,0.98196,-8.2146,-2.9605,1.1801,-8.0462,NaN,NaN,NaN,NaN,NaN
488.83,-20.546,-11.168,-6.6842,-1.6761,1.2063,-8.0378,-3.1997,1.549,-7.7156,0,0,0,NaN,NaN,NaN,NaN,NaN,NaN,NaN,NaN,NaN,46.621,0,3453.7,0.0075089,NaN,NaN,NaN,NaN,NaN,-1,-1,-1.9427,0.97807,-8.2218,-3.1714,1.0678,-8.3567,NaN,NaN,NaN,NaN,NaN
488.83,-20.551,-11.175,-6.7024,-1.733,1.4616,-8.1201,-3.754,-0.08411,-8.0915,0,0,0,NaN,NaN,NaN,NaN,NaN,NaN,NaN,NaN,NaN,46.621,0,3453.7,0.0075089,NaN,NaN,NaN,NaN,18.154,99133,21.813,-1.95,0.98251,-8.2472,-3.2645,1.2605,-8.3517,NaN,NaN,NaN,NaN,NaN
488.84,-20.554,-11.181,-6.7432,-1.5609,1.1102,-7.4753,-2.3902,0.34526,-8.3866,0.65719,0.15029,-0.91978,NaN,NaN,NaN,NaN,NaN,NaN,NaN,NaN,NaN,46.621,0,3453.7,0.0075089,NaN,NaN,NaN,NaN,NaN,-1,-1,-1.9352,0.99051,-8.2272,-3.3364,1.0613,-8.3284,NaN,NaN,NaN,NaN,NaN
488.84,-20.556,-11.191,-6.7596,-2.0413,1.4423,-9.2688,-2.2934,-1.6461,-7.9085,0,0,0,NaN,NaN,NaN,NaN,NaN,NaN,NaN,NaN,NaN,46.621,0,3453.7,0.0075089,NaN,NaN,NaN,NaN,NaN,-1,-1,-1.9417,0.98843,-8.2521,-3.3985,1.0884,-8.3105,NaN,NaN,NaN,NaN,NaN
488.84,-20.558,-11.188,-6.781,-2.3884,1.3739,-10.187,-2.8663,3.9722,-7.9204,0,0,0,NaN,NaN,NaN,NaN,NaN,NaN,NaN,NaN,NaN,46.621,0,3453.7,0.0075089,NaN,NaN,NaN,NaN,18.291,99138,21.875,-1.9477,0.97947,-8.2874,-3.5712,1.2117,-8.5794,NaN,NaN,NaN,NaN,NaN
488.84,-20.563,-11.187,-6.8035,-1.9615,0.59147,-5.2774,-4.3984,3.3999,-8.5695,0,0,0,NaN,NaN,NaN,NaN,NaN,NaN,NaN,NaN,NaN,46.621,0,3453.7,0.0075089,0.63565,2.2362,0.21726,0.094062,NaN,-1,-1,-1.939,0.9692,-8.241,-3.6353,1.1026,-8.4992,NaN,NaN,NaN,NaN,NaN
488.85,-20.569,-11.201,-6.8196,-1.2052,0.74639,-7.4589,-3.8805,-3.3497,-8.1838,0.65251,0.14762,-0.9248,NaN,NaN,NaN,NaN,NaN,NaN,NaN,NaN,NaN,46.621,0,3453.7,0.0075089,NaN,NaN,NaN,NaN,NaN,-1,-1,-1.9381,0.9684,-8.2608,-3.6639,0.96187,-8.427,NaN,NaN,NaN,NaN,NaN
488.85,-20.574,-11.207,-6.8397,-2.9062,0.63119,-10.534,-3.8999,0.36744,-8.7162,0,0,0,NaN,NaN,NaN,NaN,NaN,NaN,NaN,NaN,NaN,46.621,0,3453.7,0.0075089,NaN,NaN,NaN,NaN,17.952,99107,21.75,-1.9432,0.94397,-8.2803,-3.6695,0.99295,-8.3819,NaN,NaN,NaN,NaN,NaN
488.85,-20.578,-11.206,-6.8625,-2.1148,0.23925,-7.8507,-3.7341,3.4791,-8.6886,0,0,0,NaN,NaN,NaN,NaN,NaN,NaN,NaN,NaN,NaN,46.621,0,3453.7,0.0075089,NaN,NaN,NaN,NaN,18.153,99102,21.688,-1.9402,0.93107,-8.2667,-3.6939,0.85648,-8.3191,NaN,NaN,NaN,NaN,NaN
488.85,-20.59,-11.22,-6.9005,-2.2725,1.33,-8.9858,-4.2497,0.89697,-8.1832,0.66497,0.1523,-0.92598,NaN,NaN,NaN,NaN,NaN,NaN,NaN,NaN,NaN,46.621,0,3453.7,0.0075089,0.68875,2.1282,0.28967,0.02081,NaN,-1,-1,-1.9374,0.9235,-8.2656,-3.7088,0.7878,-8.2524,NaN,NaN,NaN,NaN,NaN
488.86,-20.596,-11.216,-6.9249,-2.1322,0.62762,-7.8617,-4.5487,4.5845,-8.9561,0,0,0,NaN,NaN,NaN,NaN,NaN,NaN,NaN,NaN,NaN,46.621,0,3453.7,0.0075089,NaN,NaN,NaN,NaN,NaN,-1,-1,-1.9415,0.93145,-8.296,-3.7514,0.78333,-8.2129,NaN,NaN,NaN,NaN,NaN
488.86,-20.599,-11.23,-6.9418,-1.3328,1.5001,-6.6972,-3.1377,-2.8661,-8.6106,0,0,0,NaN,NaN,NaN,NaN,NaN,NaN,NaN,NaN,NaN,46.621,0,3453.7,0.0075089,NaN,NaN,NaN,NaN,NaN,-1,-1,-1.9444,0.92553,-8.3138,-3.7479,0.69236,-8.1657,NaN,NaN,NaN,NaN,NaN
488.86,-20.604,-11.239,-6.96,-2.3617,1.1884,-11.051,-3.5292,-0.91329,-8.3977,0,0,0,NaN,NaN,NaN,NaN,NaN,NaN,NaN,NaN,NaN,46.621,0,3453.7,0.0075089,NaN,NaN,NaN,NaN,17.767,99078,21.625,-1.9345,0.92158,-8.2667,-3.7062,0.83713,-8.1367,NaN,NaN,NaN,NaN,NaN
488.86,-20.607,-11.229,-6.985,-2.3306,0.968,-8.2375,-3.5828,6.966,-8.0513,0.6599,0.15509,-0.92183,NaN,NaN,NaN,NaN,NaN,NaN,NaN,NaN,NaN,46.621,0,3453.7,0.0075089,NaN,NaN,NaN,NaN,NaN,-1,-1,-1.9181,0.91607,-8.1954,-3.75,0.76855,-8.0983,NaN,NaN,NaN,NaN,NaN
488.87,-20.615,-11.233,-7.0053,-1.4376,0.74054,-4.6549,-5.3009,1.0278,-8.5443,0,0,0,NaN,NaN,NaN,NaN,NaN,NaN,NaN,NaN,NaN,46.621,0,3453.7,0.0075089,0.64003,2.2291,0.22821,0.075749,NaN,-1,-1,-1.9135,0.90746,-8.1944,-3.8115,0.6579,-8.0555,NaN,NaN,NaN,NaN,NaN
488.87,-20.624,-11.252,-7.021,-2.0157,0.60588,-8.1496,-5.0486,-4.8836,-8.8761,0,0,0,NaN,NaN,NaN,NaN,NaN,NaN,NaN,NaN,NaN,46.621,0,3453.7,0.0075089,NaN,NaN,NaN,NaN,18.086,99094,21.688,-1.9228,0.91391,-8.2317,-3.8078,0.69816,-8.047,NaN,NaN,NaN,NaN,NaN
488.87,-20.629,-11.25,-7.0449,-2.3739,0.38933,-11.21,-4.6587,4.085,-8.8834,0,0,0,NaN,NaN,NaN,NaN,NaN,NaN,NaN,NaN,NaN,46.621,0,3453.7,0.0075089,NaN,NaN,NaN,NaN,NaN,-1,-1,-1.9244,0.89773,-8.2454,-3.8195,0.69347,-8.04,NaN,NaN,NaN,NaN,NaN
488.87,-20.634,-11.252,-7.0689,-2.0551,0.28581,-5.7763,-4.0125,2.0094,-9.4495,0.67181,0.15009,-0.91846,NaN,NaN,NaN,NaN,NaN,NaN,NaN,NaN,NaN,46.621,0,3453.7,0.0075089,NaN,NaN,NaN,NaN,18.485,99096,21.625,-1.9152,0.8831,-8.2044,-3.8295,0.52966,-8.0287,NaN,NaN,NaN,NaN,NaN
488.88,-20.641,-11.263,-7.0867,-1.7937,1.9933,-8.1399,-4.8051,-1.4872,-8.468,0,0,0,NaN,NaN,NaN,NaN,NaN,NaN,NaN,NaN,NaN,46.621,0,3453.7,0.0075089,NaN,NaN,NaN,NaN,NaN,-1,-1,-1.9051,0.87556,-8.1619,-3.9008,0.68586,-7.9927,NaN,NaN,NaN,NaN,NaN
488.88,-20.648,-11.264,-7.1087,-2.0051,0.86118,-9.2449,-4.9242,2.3482,-8.763,0,0,0,NaN,NaN,NaN,NaN,NaN,NaN,NaN,NaN,NaN,46.621,0,3453.7,0.0075089,0.62305,NaN,NaN,NaN,NaN,-1,-1,-1.91,0.86757,-8.1855,-4.0056,0.7693,-7.9952,NaN,NaN,NaN,NaN,NaN
488.88,-20.654,-11.264,-7.132,-1.9258,1.3579,-6.2056,-4.6213,3.3483,-8.9212,0,0,0,NaN,NaN,NaN,NaN,NaN,NaN,NaN,NaN,NaN,46.621,0,3453.7,0.0075089,NaN,2.2326,0.23003,0.090733,18.266,99117,21.75,-1.9025,0.86519,-8.169,-4.116,0.49183,-8.0272,NaN,NaN,NaN,NaN,NaN
488.88,-20.658,-11.277,-7.1508,-1.619,0.83734,-8.1387,-3.5833,-2.7763,-9.0916,0.67201,0.14735,-0.92305,NaN,NaN,NaN,NaN,NaN,NaN,NaN,NaN,NaN,46.621,0,3453.7,0.0075089,NaN,NaN,NaN,NaN,NaN,-1,-1,-1.9047,0.88228,-8.2186,-4.1772,0.55899,-8.0417,NaN,NaN,NaN,NaN,NaN
488.89,0,0,0,0,0,0,0,0,0,0,0,0,NaN,NaN,NaN,NaN,NaN,NaN,NaN,NaN,NaN,46.621,0,3453.7,0.0075089,NaN,NaN,NaN,NaN,NaN,-1,-1,-1.9048,0.87116,-8.219,-4.2113,0.7545,-8.0735,NaN,NaN,NaN,NaN,NaN
488.89,-20.664,-11.284,-7.1704,-2.376,1.0221,-9.6231,-4.0223,0.074943,-8.6462,0,0,0,NaN,NaN,NaN,NaN,NaN,NaN,NaN,NaN,NaN,46.621,0,3453.7,0.0075089,NaN,NaN,NaN,NaN,17.838,99124,21.813,-1.9012,0.8819,-8.2307,-4.334,0.74862,-8.0827,NaN,NaN,NaN,NaN,NaN
488.89,-20.676,-11.282,-7.2163,-1.7442,0.58987,-5.4718,-5.2689,1.4455,-8.9082,0,0,0,NaN,NaN,NaN,NaN,NaN,NaN,NaN,NaN,NaN,46.621,0,3453.7,0.0075089,NaN,NaN,NaN,NaN,NaN,-1,-1,-1.9077,0.86748,-8.2746,-4.4494,0.84723,-8.1166,NaN,NaN,NaN,NaN,NaN
488.89,-20.684,-11.298,-7.235,-1.8843,-0.055254,-8.7679,-4.8985,-3.4853,-9.3134,0.66702,0.15773,-0.91659,NaN,NaN,NaN,NaN,NaN,NaN,NaN,NaN,NaN,46.621,0,3453.7,0.0075089,0.64605,2.2356,0.23734,0.061598,18.018,99118,21.75,-1.9054,0.85636,-8.2886,-4.5273,0.7438,-8.1639,NaN,NaN,NaN,NaN,NaN
488.9,0,0,0,0,0,0,0,0,0,0,0,0,NaN,NaN,NaN,NaN,NaN,NaN,NaN,NaN,NaN,46.621,0,3453.7,0.0075089,NaN,NaN,NaN,NaN,NaN,-1,-1,-1.8986,0.85488,-8.2653,-4.625,0.55215,-8.1787,NaN,NaN,NaN,NaN,NaN
488.9,-20.695,-11.302,-7.2805,-1.7622,0.69166,-7.5484,-3.8523,1.3589,-9.1545,0,0,0,NaN,NaN,NaN,NaN,NaN,NaN,NaN,NaN,NaN,46.621,0,3453.7,0.0075089,NaN,NaN,NaN,NaN,NaN,-1,-1,-1.8962,0.85386,-8.3211,-4.7665,0.73157,-8.2281,NaN,NaN,NaN,NaN,NaN
488.9,-20.703,-11.31,-7.3014,-2.2473,0.8266,-8.4589,-5.4107,-0.17991,-9.2782,0,0,0,NaN,NaN,NaN,NaN,NaN,NaN,NaN,NaN,NaN,46.621,0,3453.7,0.0075089,NaN,NaN,NaN,NaN,17.695,99091,21.625,-1.907,0.83581,-8.3462,-4.9643,0.90271,-8.3024,NaN,NaN,NaN,NaN,NaN
488.9,-20.713,-11.312,-7.3238,-1.5828,1.5054,-8.8801,-5.9521,2.0333,-8.8623,0.65948,0.14528,-0.91957,-0.94677,22.116,-4.2198,22.535,40.06,-88.55,3.6783e+05,4.4356e+06,298.09,46.621,0,3453.7,0.0075089,NaN,NaN,NaN,NaN,NaN,-1,-1,-1.8924,0.84606,-8.321,-5.1492,0.5895,-8.3607,22.456,1.8255,0.48842,1.246,4.6465
488.91,-20.728,-11.326,-7.3667,-2.1831,0.72074,-9.3176,-4.3842,-1.8017,-9.2203,0,0,0,NaN,NaN,NaN,NaN,NaN,NaN,NaN,NaN,NaN,46.621,0,3453.7,0.0075089,0.61867,2.2207,0.20448,0.11321,NaN,-1,-1,-1.8971,0.85539,-8.379,-5.2817,0.62527,-8.4513,NaN,NaN,NaN,NaN,NaN
488.91,-20.734,-11.327,-7.3898,-2.2073,1.2985,-10.378,-4.9875,2.5278,-9.1389,0,0,0,NaN,NaN,NaN,NaN,NaN,NaN,NaN,NaN,NaN,46.621,0,3453.7,0.0075089,NaN,NaN,NaN,NaN,17.423,99135,21.875,-1.8968,0.8308,-8.3913,-5.4811,0.69368,-8.5255,NaN,NaN,NaN,NaN,NaN
488.91,-20.726,-11.306,-7.448,-1.6537,1.9028,-7.591,-5.2489,4.4401,-8.6359,0.67451,0.14471,-0.92512,NaN,NaN,NaN,NaN,NaN,NaN,NaN,NaN,NaN,46.621,0,3453.7,0.0075089,NaN,NaN,NaN,NaN,NaN,-1,-1,-1.8813,0.83196,-8.357,-5.7095,0.72839,-8.5869,NaN,NaN,NaN,NaN,NaN
488.91,-20.738,-11.311,-7.4701,-2.2878,-0.13376,-7.8042,-6.9233,1.1029,-9.2668,0,0,0,NaN,NaN,NaN,NaN,NaN,NaN,NaN,NaN,NaN,46.621,0,3453.7,0.0075089,NaN,NaN,NaN,NaN,18.401,99126,21.813,-1.8815,0.83565,-8.395,-5.9238,1.0465,-8.6944,NaN,NaN,NaN,NaN,NaN
488.92,-20.751,-11.324,-7.4903,-1.3687,0.45784,-9.1395,-7.0867,-2.0559,-9.6752,0,0,0,NaN,NaN,NaN,NaN,NaN,NaN,NaN,NaN,NaN,46.621,0,3453.7,0.0075089,NaN,NaN,NaN,NaN,NaN,-1,-1,-1.8907,0.82252,-8.4435,-6.0949,0.99751,-8.7989,NaN,NaN,NaN,NaN,NaN
488.92,-20.762,-11.325,-7.514,-2.228,0.91458,-11.309,-6.6987,2.6702,-9.3867,0,0,0,NaN,NaN,NaN,NaN,NaN,NaN,NaN,NaN,NaN,46.621,0,3453.7,0.0075089,0.61867,2.2404,0.21969,0.09323,NaN,-1,-1,-1.8741,0.82486,-8.4275,-6.2752,0.93455,-8.8997,NaN,NaN,NaN,NaN,NaN
488.92,-20.772,-11.326,-7.5402,-2.2707,-0.29875,-8.4525,-6.3936,2.9739,-9.8934,0.66511,0.15217,-0.92826,NaN,NaN,NaN,NaN,NaN,NaN,NaN,NaN,NaN,46.621,0,3453.7,0.0075089,NaN,NaN,NaN,NaN,17.904,99122,21.75,-1.8723,0.8201,-8.444,-6.5135,1.3498,-8.9729,NaN,NaN,NaN,NaN,NaN
488.92,-20.787,-11.332,-7.5617,-1.4401,1.3165,-8.8989,-8.1642,0.82345,-9.1391,0,0,0,NaN,NaN,NaN,NaN,NaN,NaN,NaN,NaN,NaN,46.621,0,3453.7,0.0075089,NaN,NaN,NaN,NaN,NaN,-1,-1,-1.8981,0.81774,-8.5736,-6.7832,1.4483,-9.0901,NaN,NaN,NaN,NaN,NaN
488.93,-20.801,-11.337,-7.5844,-1.9764,1.5978,-9.9569,-7.7811,1.0978,-9.5371,0,0,0,NaN,NaN,NaN,NaN,NaN,NaN,NaN,NaN,NaN,46.621,0,3453.7,0.0075089,NaN,NaN,NaN,NaN,NaN,-1,-1,-1.8927,0.81656,-8.571,-7.0275,1.2141,-9.217,NaN,NaN,NaN,NaN,NaN
488.93,-20.815,-11.336,-7.61,-1.4432,1.0723,-8.434,-7.9772,3.7451,-9.7564,0,0,0,NaN,NaN,NaN,NaN,NaN,NaN,NaN,NaN,NaN,46.621,0,3453.7,0.0075089,NaN,NaN,NaN,NaN,18.401,99105,21.75,-1.8822,0.82841,-8.5556,-7.2076,1.4841,-9.3569,NaN,NaN,NaN,NaN,NaN
488.93,-20.826,-11.347,-7.6328,-1.6939,0.51784,-8.9515,-6.7682,-1.1543,-10.144,0.66192,0.14525,-0.91935,NaN,NaN,NaN,NaN,NaN,NaN,NaN,NaN,NaN,46.572,0,3452.3,0.0069644,NaN,NaN,NaN,NaN,17.695,99093,21.625,-1.887,0.83738,-8.6319,-7.3989,1.7473,-9.4981,NaN,NaN,NaN,NaN,NaN
488.93,-20.837,-11.353,-7.6556,-2.675,1.8545,-11.942,-6.5305,0.96291,-9.639,0,0,0,NaN,NaN,NaN,NaN,NaN,NaN,NaN,NaN,NaN,46.572,0,3452.3,0.0069644,0.64605,2.2529,0.23125,0.071587,NaN,-1,-1,-1.8844,0.816,-8.6395,-7.6422,1.6551,-9.6167,NaN,NaN,NaN,NaN,NaN
488.94,-20.849,-11.342,-7.6835,-1.8062,0.7778,-7.8319,-7.3869,7.9183,-9.1253,0,0,0,NaN,NaN,NaN,NaN,NaN,NaN,NaN,NaN,NaN,46.572,0,3452.3,0.0069644,NaN,NaN,NaN,NaN,NaN,-1,-1,-1.8734,0.8186,-8.6314,-7.8654,1.7736,-9.7538,NaN,NaN,NaN,NaN,NaN
488.94,-20.866,-11.35,-7.7051,-1.1391,0.15283,-6.5733,-8.8026,-0.31879,-9.6266,0,0,0,NaN,NaN,NaN,NaN,NaN,NaN,NaN,NaN,NaN,46.572,0,3452.3,0.0069644,NaN,NaN,NaN,NaN,NaN,-1,-1,-1.8728,0.81212,-8.654,-8.0819,2.035,-9.8932,NaN,NaN,NaN,NaN,NaN
488.94,-20.884,-11.365,-7.7256,-2.3879,0.59105,-10.842,-9.1935,-2.8564,-9.8701,0.66463,0.15006,-0.92141,NaN,NaN,NaN,NaN,NaN,NaN,NaN,NaN,NaN,46.572,0,3452.3,0.0069644,NaN,NaN,NaN,NaN,17.973,99133,21.813,-1.8744,0.81367,-8.7003,-8.2354,1.9261,-10.056,NaN,NaN,NaN,NaN,NaN
488.94,-20.911,-11.36,-7.7793,-1.5973,-0.56088,-6.9562,-7.8726,2.6626,-9.9681,0,0,0,NaN,NaN,NaN,NaN,NaN,NaN,NaN,NaN,NaN,46.572,0,3452.3,0.0069644,0.63619,NaN,NaN,NaN,NaN,-1,-1,-1.8761,0.80473,-8.7439,-8.2562,1.982,-9.8784,NaN,NaN,NaN,NaN,NaN
488.95,-20.929,-11.374,-7.7994,-2.2296,1.789,-9.2121,-9.0783,-2.3095,-9.7408,0,0,0,NaN,NaN,NaN,NaN,NaN,NaN,NaN,NaN,NaN,46.572,0,3452.3,0.0069644,NaN,2.1229,0.29454,0.044118,NaN,-1,-1,-1.8773,0.80447,-8.7938,-8.4041,2.1161,-9.9611,NaN,NaN,NaN,NaN,NaN
488.95,-20.946,-11.372,-7.8261,-1.6525,1.5987,-11.433,-9.2827,3.9637,-9.8136,0.66456,0.14758,-0.92141,NaN,NaN,NaN,NaN,NaN,NaN,NaN,NaN,NaN,46.572,0,3452.3,0.0069644,NaN,NaN,NaN,NaN,17.837,99108,21.75,-1.8719,0.79646,-8.7987,-8.5832,2.1126,-10.044,NaN,NaN,NaN,NaN,NaN
488.95,-20.961,-11.369,-7.8547,-1.6665,0.45,-7.6941,-8.7794,5.022,-10.537,0,0,0,NaN,NaN,NaN,NaN,NaN,NaN,NaN,NaN,NaN,46.572,0,3452.3,0.0069644,NaN,NaN,NaN,NaN,NaN,-1,-1,-1.8649,0.7953,-8.809,-8.6492,2.1404,-10.134,NaN,NaN,NaN,NaN,NaN
488.95,-20.99,-11.391,-7.8976,-2.5623,1.2335,-12.877,-8.0872,-0.13934,-9.6451,0,0,0,NaN,NaN,NaN,NaN,NaN,NaN,NaN,NaN,NaN,46.572,0,3452.3,0.0069644,NaN,NaN,NaN,NaN,17.835,99101,21.688,-1.8659,0.80028,-8.8499,-8.5555,2.1413,-9.8877,NaN,NaN,NaN,NaN,NaN
488.96,-20.99,-11.391,-7.8976,-2.5623,1.2335,-12.877,-8.0872,-0.13934,-9.6451,0,0,0,NaN,NaN,NaN,NaN,NaN,NaN,NaN,NaN,NaN,46.572,0,3452.3,0.0069644,0.64769,2.2398,0.23308,0.074917,NaN,-1,-1,-1.8649,0.79315,-8.8668,-8.5798,1.9787,-9.904,NaN,NaN,NaN,NaN,NaN
488.96,-21.003,-11.38,-7.928,-2.2107,0.7013,-8.2298,-8.1856,8.0237,-9.873,0.66944,0.1526,-0.91867,NaN,NaN,NaN,NaN,NaN,NaN,NaN,NaN,NaN,46.572,0,3452.3,0.0069644,0.64769,2.2398,0.23308,0.074917,NaN,-1,-1,-1.856,0.78728,-8.8769,-8.628,2.0159,-9.9338,NaN,NaN,NaN,NaN,NaN
488.96,-21.023,-11.385,-7.9511,-0.87248,0.62225,-6.2572,-10.136,1.5111,-9.5637,0,0,0,NaN,NaN,NaN,NaN,NaN,NaN,NaN,NaN,NaN,46.572,0,3452.3,0.0069644,NaN,NaN,NaN,NaN,17.741,99095,21.625,-1.8535,0.78281,-8.888,-8.6415,2.0291,-9.9317,NaN,NaN,NaN,NaN,NaN
488.96,-21.055,-11.4,-7.9987,-2.3245,1.0762,-11.922,-8.2653,4.1534,-10.242,0,0,0,NaN,NaN,NaN,NaN,NaN,NaN,NaN,NaN,NaN,46.572,0,3452.3,0.0069644,NaN,NaN,NaN,NaN,NaN,-1,-1,-1.8515,0.78519,-8.9377,-8.5875,1.853,-9.9533,NaN,NaN,NaN,NaN,NaN
488.97,-21.068,-11.401,-8.026,-1.6573,-0.49607,-6.8573,-7.9627,3.336,-10.345,0.66959,0.15757,-0.91866,NaN,NaN,NaN,NaN,NaN,NaN,NaN,NaN,NaN,46.572,0,3452.3,0.0069644,NaN,NaN,NaN,NaN,NaN,-1,-1,-1.8424,0.78783,-8.921,-8.5849,1.9972,-9.9598,NaN,NaN,NaN,NaN,NaN
488.97,-21.085,-11.412,-8.0475,-1.8137,1.8895,-8.7035,-8.8515,-1.1673,-9.9406,0,0,0,NaN,NaN,NaN,NaN,NaN,NaN,NaN,NaN,NaN,46.572,0,3452.3,0.0069644,NaN,NaN,NaN,NaN,18.063,99117,21.75,-1.8346,0.78162,-8.9269,-8.5391,1.8527,-9.9542,NaN,NaN,NaN,NaN,NaN
488.97,-21.101,-11.415,-8.0719,-1.8991,1.0152,-10.406,-8.8262,2.1109,-9.8718,0,0,0,NaN,NaN,NaN,NaN,NaN,NaN,NaN,NaN,NaN,46.572,0,3452.3,0.0069644,NaN,NaN,NaN,NaN,NaN,-1,-1,-1.8335,0.77696,-8.966,-8.4692,1.9126,-9.9695,NaN,NaN,NaN,NaN,NaN
488.97,-21.117,-11.413,-8.0983,-1.5228,0.17275,-7.861,-8.872,4.1889,-9.8756,0,0,0,NaN,NaN,NaN,NaN,NaN,NaN,NaN,NaN,NaN,46.572,0,3452.3,0.0069644,0.69478,2.139,0.29819,0.015816,17.698,99119,21.75,-1.8293,0.7671,-8.9872,-8.4681,1.5773,-9.9791,NaN,NaN,NaN,NaN,NaN
488.98,-21.129,-11.427,-8.1208,-1.7578,1.2068,-8.9678,-6.9076,-1.9066,-10.444,0.65712,0.1478,-0.91978,NaN,NaN,NaN,NaN,NaN,NaN,NaN,NaN,NaN,46.572,0,3452.3,0.0069644,NaN,NaN,NaN,NaN,NaN,-1,-1,-1.8251,0.76667,-9.0041,-8.4098,1.5946,-9.9753,NaN,NaN,NaN,NaN,NaN
488.98,-21.142,-11.43,-8.1447,-2.4396,0.8851,-10.896,-7.4074,1.9682,-9.6879,0,0,0,NaN,NaN,NaN,NaN,NaN,NaN,NaN,NaN,NaN,46.572,0,3452.3,0.0069644,NaN,NaN,NaN,NaN,NaN,-1,-1,-1.8218,0.76733,-9.0428,-8.3133,1.703,-9.9807,NaN,NaN,NaN,NaN,NaN
488.98,-21.155,-11.424,-8.1724,-1.8214,1.1769,-6.9812,-7.8739,5.889,-9.8023,0,0,0,NaN,NaN,NaN,NaN,NaN,NaN,NaN,NaN,NaN,46.572,0,3452.3,0.0069644,NaN,NaN,NaN,NaN,17.672,99111,21.688,-1.8185,0.76799,-9.0547,-8.2586,1.5043,-9.9562,NaN,NaN,NaN,NaN,NaN
488.98,-21.173,-11.433,-8.1937,-1.6292,0.11247,-7.0487,-9.5002,-0.3141,-9.5006,0,0,0,NaN,NaN,NaN,NaN,NaN,NaN,NaN,NaN,NaN,46.572,0,3452.3,0.0069644,NaN,NaN,NaN,NaN,NaN,-1,-1,-1.8083,0.7644,-9.0562,-8.1819,1.4297,-9.9556,NaN,NaN,NaN,NaN,NaN
488.99,-21.189,-11.447,-8.2153,-1.9156,0.65741,-10.001,-8.524,-2.4242,-10.211,0.66937,0.15012,-0.91868,NaN,NaN,NaN,NaN,NaN,NaN,NaN,NaN,NaN,46.572,0,3452.3,0.0069644,NaN,NaN,NaN,NaN,NaN,-1,-1,-1.8059,0.76264,-9.1126,-8.149,1.6191,-9.949,NaN,NaN,NaN,NaN,NaN
488.99,-21.202,-11.445,-8.2424,-2.3018,0.31825,-10.499,-7.5259,4.4047,-10.102,0,0,0,NaN,NaN,NaN,NaN,NaN,NaN,NaN,NaN,NaN,46.572,0,3452.3,0.0069644,NaN,NaN,NaN,NaN,17.765,99132,21.75,-1.7997,0.77198,-9.1463,-8.0419,1.4134,-9.9585,NaN,NaN,NaN,NaN,NaN
488.99,-21.216,-11.449,-8.2669,-1.4369,0.05736,-7.0983,-8.0201,2.1499,-9.9157,0,0,0,NaN,NaN,NaN,NaN,NaN,NaN,NaN,NaN,NaN,46.572,0,3452.3,0.0069644,NaN,NaN,NaN,NaN,NaN,-1,-1,-1.7933,0.75697,-9.1411,-7.8248,1.4357,-9.9633,NaN,NaN,NaN,NaN,NaN
488.99,-21.23,-11.459,-8.2891,-2.3703,1.7283,-9.3686,-7.6619,-0.97374,-10.116,0,0,0,NaN,NaN,NaN,NaN,NaN,NaN,NaN,NaN,NaN,46.572,0,3452.3,0.0069644,NaN,NaN,NaN,NaN,18.219,99109,21.688,-1.7886,0.75622,-9.1478,-7.6705,1.6849,-9.9186,NaN,NaN,NaN,NaN,NaN
489,-21.244,-11.459,-8.3152,-1.8279,1.236,-9.9944,-8.0727,3.7529,-9.7135,0.67397,0.14521,-0.91597,NaN,NaN,NaN,NaN,NaN,NaN,NaN,NaN,NaN,46.572,0,3452.3,0.0069644,NaN,NaN,NaN,NaN,NaN,-1,-1,-1.7816,0.75105,-9.1746,-7.5414,1.442,-9.8839,NaN,NaN,NaN,NaN,NaN
489,-21.256,-11.464,-8.3387,-0.94109,0.19335,-6.9971,-7.4427,1.2065,-9.8539,0,0,0,NaN,NaN,NaN,NaN,NaN,NaN,NaN,NaN,NaN,46.572,0,3452.3,0.0069644,0.64276,2.2356,0.23186,0.071587,NaN,-1,-1,-1.7838,0.73999,-9.2107,-7.4197,1.2639,-9.8797,NaN,NaN,NaN,NaN,NaN
