540,-2.4553,-11.166,13.288,-1.6897,-0.28801,-10.678,21.193,0.36761,-7.8923,0,0,0,NaN,NaN,NaN,NaN,NaN,NaN,NaN,NaN,NaN,47.63,0,2933.8,0.0069644,NaN,NaN,NaN,NaN,NaN,-1,-1,-1.2916,-0.60526,-9.3725,20.811,1.1233,-7.4663,NaN,NaN,NaN,NaN,NaN
540,-2.3978,-11.162,13.269,-1.0716,-0.30746,-8.6495,21.1,1.6335,-7.4475,0,0,0,NaN,NaN,NaN,NaN,NaN,NaN,NaN,NaN,NaN,47.63,0,2933.8,0.0069644,NaN,NaN,NaN,NaN,15.588,97035,10.25,-1.2925,-0.60793,-9.3997,20.832,1.1122,-7.569,NaN,NaN,NaN,NaN,NaN
540.01,-2.3396,-11.162,13.25,-1.2201,-0.71186,-10.437,21.308,0.079584,-7.5452,0.64164,0.13064,-0.9426,NaN,NaN,NaN,NaN,NaN,NaN,NaN,NaN,NaN,47.63,0,2933.8,0.0069644,NaN,NaN,NaN,NaN,NaN,-1,-1,-1.3014,-0.60788,-9.4104,20.806,1.0944,-7.6723,NaN,NaN,NaN,NaN,NaN
540.01,-2.2821,-11.157,13.229,-1.343,-0.40833,-9.6469,20.947,2.1776,-8.0894,0,0,0,NaN,NaN,NaN,NaN,NaN,NaN,NaN,NaN,NaN,47.63,0,2933.8,0.0069644,NaN,NaN,NaN,NaN,15.634,97006,10.063,-1.2956,-0.61297,-9.4231,20.81,1.1586,-7.7857,NaN,NaN,NaN,NaN,NaN
540.01,-2.222,-11.157,13.209,-0.83111,-1.3055,-8.6489,22.009,0.19595,-8.0212,0,0,0,NaN,NaN,NaN,NaN,NaN,NaN,NaN,NaN,NaN,47.63,0,2933.8,0.0069644,4.2289,2.9427,0.65177,0.085738,NaN,-1,-1,-1.2979,-0.61458,-9.4223,20.82,1.1784,-7.8995,NaN,NaN,NaN,NaN,NaN
540.01,-2.1649,-11.157,13.191,-1.4157,-0.45393,-10.869,20.939,0.50449,-7.4306,0,0,0,NaN,NaN,NaN,NaN,NaN,NaN,NaN,NaN,NaN,47.63,0,2933.8,0.0069644,NaN,NaN,NaN,NaN,15.378,96993,10.063,-1.3014,-0.62193,-9.4361,20.844,1.1441,-8.0366,NaN,NaN,NaN,NaN,NaN
540.02,-2.108,-11.153,13.171,-2.0949,-0.73262,-9.9712,20.725,1.7781,-7.8454,0.65055,0.12113,-0.93734,NaN,NaN,NaN,NaN,NaN,NaN,NaN,NaN,NaN,47.63,0,2933.8,0.0069644,NaN,NaN,NaN,NaN,NaN,-1,-1,-1.2971,-0.62672,-9.4265,20.9,1.1928,-8.1628,NaN,NaN,NaN,NaN,NaN
540.02,-1.9989,-11.15,13.132,-0.66418,-0.13406,-8.8971,19.925,-0.14582,-7.6581,0,0,0,NaN,NaN,NaN,NaN,NaN,NaN,NaN,NaN,NaN,47.63,0,2933.8,0.0069644,NaN,NaN,NaN,NaN,NaN,-1,-1,-1.2991,-0.63185,-9.4193,20.08,1.1509,-8.0085,NaN,NaN,NaN,NaN,NaN
540.02,-1.9444,-11.148,13.111,-2.1861,-0.77048,-10.566,19.751,1.1444,-8.2264,0,0,0,NaN,NaN,NaN,NaN,NaN,NaN,NaN,NaN,NaN,47.63,0,2933.8,0.0069644,NaN,NaN,NaN,NaN,15.461,97047,10.313,-1.3034,-0.62186,-9.4437,19.965,1.206,-8.08,NaN,NaN,NaN,NaN,NaN
540.02,-1.8915,-11.143,13.091,-1.046,-1.1991,-9.2865,19.111,2.1254,-7.8645,0.65093,0.11583,-0.94622,NaN,NaN,NaN,NaN,NaN,NaN,NaN,NaN,NaN,47.63,0,2933.8,0.0069644,3.671,2.9403,0.63655,0.087403,15.463,97060,10.375,-1.3025,-0.63684,-9.4431,19.871,1.2259,-8.1506,NaN,NaN,NaN,NaN,NaN
540.03,-1.7879,-11.144,13.051,-1.7623,-0.84106,-10.164,18.408,0.81526,-8.0519,0,0,0,NaN,NaN,NaN,NaN,NaN,NaN,NaN,NaN,NaN,47.63,0,2933.8,0.0069644,NaN,NaN,NaN,NaN,NaN,-1,-1,-1.2943,-0.63895,-9.439,19.751,1.2405,-8.2253,NaN,NaN,NaN,NaN,NaN
540.03,-1.7365,-11.139,13.031,-1.1711,-0.6127,-10.043,18.576,2.0181,-7.8833,0,0,0,NaN,NaN,NaN,NaN,NaN,NaN,NaN,NaN,NaN,47.63,0,2933.8,0.0069644,NaN,NaN,NaN,NaN,NaN,-1,-1,-1.3005,-0.64858,-9.4385,18.745,1.2484,-8.0264,NaN,NaN,NaN,NaN,NaN
540.03,-1.6853,-11.137,13.01,-1.3843,-0.076382,-8.7546,18.375,0.92762,-8.2014,0.64175,0.12065,-0.94928,NaN,NaN,NaN,NaN,NaN,NaN,NaN,NaN,NaN,47.63,0,2933.8,0.0069644,NaN,NaN,NaN,NaN,NaN,-1,-1,-1.3008,-0.65083,-9.4379,18.406,1.1729,-8.0552,NaN,NaN,NaN,NaN,NaN
540.03,-1.6335,-11.136,12.99,-1.0174,-0.43493,-9.6218,18.677,0.70852,-8.2115,0,0,0,NaN,NaN,NaN,NaN,NaN,NaN,NaN,NaN,NaN,47.63,0,2933.8,0.0069644,NaN,NaN,NaN,NaN,15.462,97042,10.313,-1.2939,-0.64643,-9.4287,18.046,1.196,-8.0652,NaN,NaN,NaN,NaN,NaN
540.04,-1.5341,-11.129,12.949,-1.5403,0.13341,-9.2579,17.123,2.7118,-8.1001,0,0,0,NaN,NaN,NaN,NaN,NaN,NaN,NaN,NaN,NaN,47.63,0,2933.8,0.0069644,3.2335,2.9367,0.63533,0.09656,NaN,-1,-1,-1.2962,-0.65391,-9.4585,17.697,1.2262,-8.1,NaN,NaN,NaN,NaN,NaN
540.04,-1.5341,-11.129,12.949,-1.5403,0.13341,-9.2579,17.123,2.7118,-8.1001,0,0,0,NaN,NaN,NaN,NaN,NaN,NaN,NaN,NaN,NaN,47.63,0,2933.8,0.0069644,NaN,NaN,NaN,NaN,NaN,-1,-1,-1.3023,-0.65522,-9.4535,17.352,1.1797,-8.1304,NaN,NaN,NaN,NaN,NaN
540.04,-1.4848,-11.125,12.929,-1.3519,-0.83497,-9.3897,17.72,1.6606,-7.9851,0.64385,0.11593,-0.94686,NaN,NaN,NaN,NaN,NaN,NaN,NaN,NaN,NaN,47.63,0,2933.8,0.0069644,NaN,NaN,NaN,NaN,15.487,97025,10.25,-1.2965,-0.65901,-9.4455,17.042,1.2646,-8.1674,NaN,NaN,NaN,NaN,NaN
540.04,-1.4382,-11.125,12.909,-1.1588,-0.71159,-8.8676,16.565,0.19183,-8.1536,0,0,0,NaN,NaN,NaN,NaN,NaN,NaN,NaN,NaN,NaN,47.63,0,2933.8,0.0069644,NaN,NaN,NaN,NaN,15.562,97037,10.25,-1.2956,-0.67539,-9.464,16.687,1.282,-8.1803,NaN,NaN,NaN,NaN,NaN
540.05,-1.3471,-11.119,12.867,-1.4804,-1.1097,-9.6309,15.988,2.5101,-8.4472,0,0,0,NaN,NaN,NaN,NaN,NaN,NaN,NaN,NaN,NaN,47.63,0,2933.8,0.0069644,NaN,NaN,NaN,NaN,NaN,-1,-1,-1.2967,-0.66775,-9.4707,16.34,1.2933,-8.172,NaN,NaN,NaN,NaN,NaN
540.05,-1.3031,-11.118,12.846,-1.2113,-1.304,-9.0872,15.538,0.3742,-8.1234,0.63878,0.10889,-0.94509,NaN,NaN,NaN,NaN,NaN,NaN,NaN,NaN,NaN,47.63,0,2933.8,0.0069644,2.4495,2.8317,0.71506,0.049945,NaN,-1,-1,-1.297,-0.66975,-9.4635,15.978,1.3181,-8.18,NaN,NaN,NaN,NaN,NaN
540.05,-1.26,-11.117,12.825,-1.3781,-0.34967,-9.87,15.157,0.52311,-8.3065,0,0,0,NaN,NaN,NaN,NaN,NaN,NaN,NaN,NaN,NaN,47.63,0,2933.8,0.0069644,NaN,2.8317,NaN,NaN,NaN,-1,-1,-1.2968,-0.67556,-9.4581,15.6,1.2743,-8.1997,NaN,NaN,NaN,NaN,NaN
540.05,-1.2184,-11.113,12.805,-1.5076,-0.84842,-9.2446,14.589,1.5258,-8.1475,0,0,0,NaN,NaN,NaN,NaN,NaN,NaN,NaN,NaN,NaN,47.63,0,2933.8,0.0069644,NaN,NaN,NaN,NaN,15.637,97008,10.125,-1.2941,-0.67506,-9.4752,15.197,1.3397,-8.2103,NaN,NaN,NaN,NaN,NaN
540.06,-1.1768,-11.113,12.784,-1.3948,-0.71138,-10.126,14.582,0.18587,-8.3639,0,0,0,NaN,NaN,NaN,NaN,NaN,NaN,NaN,NaN,NaN,47.63,0,2933.8,0.0069644,NaN,NaN,NaN,NaN,NaN,-1,-1,-1.2979,-0.68255,-9.4889,14.787,1.3206,-8.2126,NaN,NaN,NaN,NaN,NaN
540.06,-1.1355,-11.107,12.763,-1.09,-0.32023,-9.4967,14.436,2.302,-8.2494,0.64146,0.10609,-0.95154,NaN,NaN,NaN,NaN,NaN,NaN,NaN,NaN,NaN,47.63,0,2933.8,0.0069644,NaN,NaN,NaN,NaN,NaN,-1,-1,-1.2961,-0.6899,-9.4787,14.357,1.2827,-8.2308,NaN,NaN,NaN,NaN,NaN
540.06,-1.0937,-11.104,12.742,-0.82173,-1.1742,-8.8847,14.637,1.1605,-8.3319,0,0,0,NaN,NaN,NaN,NaN,NaN,NaN,NaN,NaN,NaN,47.63,0,2933.8,0.0069644,1.6841,2.9421,0.62803,0.10655,15.513,97090,10.438,-1.2946,-0.69735,-9.488,13.926,1.3615,-8.2319,NaN,NaN,NaN,NaN,NaN
540.06,-1.0536,-11.106,12.721,-1.4924,-1.1042,-11.029,13.97,-0.66996,-8.3399,0,0,0,NaN,NaN,NaN,NaN,NaN,NaN,NaN,NaN,NaN,47.63,0,2933.8,0.0069644,NaN,NaN,NaN,NaN,NaN,-1,-1,-1.297,-0.70689,-9.501,13.512,1.3248,-8.2244,NaN,NaN,NaN,NaN,NaN
540.07,-1.0144,-11.1,12.701,-1.8769,-0.28148,-9.5609,13.581,2.5119,-8.2352,0,0,0,NaN,NaN,NaN,NaN,NaN,NaN,NaN,NaN,NaN,47.63,0,2933.8,0.0069644,NaN,NaN,NaN,NaN,15.509,97007,10.125,-1.2943,-0.70313,-9.5118,13.109,1.293,-8.2453,NaN,NaN,NaN,NaN,NaN
540.07,-0.97686,-11.094,12.681,-0.72211,-0.54922,-8.3429,13.006,2.2329,-7.8492,0.64842,0.10611,-0.94868,NaN,NaN,NaN,NaN,NaN,NaN,NaN,NaN,NaN,47.63,0,2933.8,0.0069644,NaN,NaN,NaN,NaN,NaN,-1,-1,-1.2942,-0.71362,-9.4966,12.73,1.3395,-8.2491,NaN,NaN,NaN,NaN,NaN
540.07,-0.94097,-11.097,12.66,-1.1986,-0.53967,-10.285,12.331,-0.81349,-8.0717,0,0,0,NaN,NaN,NaN,NaN,NaN,NaN,NaN,NaN,NaN,47.63,0,2933.8,0.0069644,NaN,NaN,NaN,NaN,NaN,-1,-1,-1.2883,-0.71667,-9.5098,12.34,1.3138,-8.2239,NaN,NaN,NaN,NaN,NaN
540.07,-0.90528,-11.093,12.639,-1.9481,-0.62551,-10.081,12.15,1.6315,-8.5584,0,0,0,NaN,NaN,NaN,NaN,NaN,NaN,NaN,NaN,NaN,47.63,0,2933.8,0.0069644,1.4131,2.8651,0.71445,0.00083241,15.486,97051,10.313,-1.2929,-0.7316,-9.5338,11.95,1.2715,-8.2126,NaN,NaN,NaN,NaN,NaN
540.08,-0.87159,-11.086,12.618,-0.9398,-1.043,-9.2699,11.401,2.495,-8.2744,0,0,0,NaN,NaN,NaN,NaN,NaN,NaN,NaN,NaN,NaN,47.63,0,2933.8,0.0069644,NaN,NaN,NaN,NaN,NaN,-1,-1,-1.294,-0.72762,-9.544,11.543,1.285,-8.1891,NaN,NaN,NaN,NaN,NaN
540.08,-0.8076,-11.087,12.576,-1.8095,-1.2361,-12.029,10.533,0.094252,-8.388,0,0,0,NaN,NaN,NaN,NaN,NaN,NaN,NaN,NaN,NaN,47.63,0,2933.8,0.0069644,NaN,NaN,NaN,NaN,NaN,-1,-1,-1.2973,-0.72857,-9.5302,11.135,1.3134,-8.186,NaN,NaN,NaN,NaN,NaN
540.08,-0.77785,-11.08,12.556,-1.3451,-0.4909,-9.163,9.8579,2.9735,-8.133,0,0,0,NaN,NaN,NaN,NaN,NaN,NaN,NaN,NaN,NaN,47.63,0,2933.8,0.0069644,NaN,NaN,NaN,NaN,15.588,97038,10.25,-1.291,-0.7323,-9.5239,10.699,1.232,-8.1792,NaN,NaN,NaN,NaN,NaN
540.08,-0.74632,-11.078,12.535,-0.90077,-0.48128,-8.9808,10.535,0.93088,-8.3122,0,0,0,NaN,NaN,NaN,NaN,NaN,NaN,NaN,NaN,NaN,47.826,0,2952.4,0.0069644,NaN,NaN,NaN,NaN,NaN,-1,-1,-1.2895,-0.73622,-9.5393,10.226,1.2786,-8.1672,NaN,NaN,NaN,NaN,NaN
540.09,-0.71652,-11.074,12.514,-1.081,-1.0886,-9.6706,9.8772,1.4408,-8.0159,0.64815,0.10142,-0.94648,NaN,NaN,NaN,NaN,NaN,NaN,NaN,NaN,NaN,47.826,0,2952.4,0.0069644,NaN,NaN,NaN,NaN,15.458,97027,10.188,-1.2945,-0.74418,-9.5437,9.7857,1.262,-8.1542,NaN,NaN,NaN,NaN,NaN
540.09,-0.68628,-11.073,12.494,-1.1327,-1.3915,-9.882,10.041,0.3047,-8.2316,0,0,0,NaN,NaN,NaN,NaN,NaN,NaN,NaN,NaN,NaN,47.826,0,2952.4,0.0069644,1.1793,2.9403,0.64081,0.094895,NaN,-1,-1,-1.2922,-0.75083,-9.5559,9.3392,1.2637,-8.1525,NaN,NaN,NaN,NaN,NaN
540.09,-0.6583,-11.069,12.474,-1.6624,-0.061043,-10.545,9.204,1.7428,-7.8694,0,0,0,NaN,NaN,NaN,NaN,NaN,NaN,NaN,NaN,NaN,47.826,0,2952.4,0.0069644,NaN,NaN,NaN,NaN,NaN,-1,-1,-1.2911,-0.75335,-9.5693,8.9148,1.2138,-8.1457,NaN,NaN,NaN,NaN,NaN
540.09,-0.63115,-11.063,12.455,-1.5067,-1.0483,-9.0818,8.8782,2.4199,-7.8438,0,0,0,NaN,NaN,NaN,NaN,NaN,NaN,NaN,NaN,NaN,47.826,0,2952.4,0.0069644,NaN,NaN,NaN,NaN,15.432,97022,10.188,-1.2886,-0.75297,-9.5612,8.4553,1.3004,-8.1435,NaN,NaN,NaN,NaN,NaN
540.1,-0.60742,-11.062,12.435,-0.77863,-0.66563,-9.0945,7.5297,0.22013,-7.7254,0.64827,0.096365,-0.95093,NaN,NaN,NaN,NaN,NaN,NaN,NaN,NaN,NaN,47.826,0,2952.4,0.0069644,NaN,NaN,NaN,NaN,NaN,-1,-1,-1.2861,-0.75567,-9.5669,8.0092,1.3535,-8.1236,NaN,NaN,NaN,NaN,NaN
540.1,-0.58317,-11.06,12.414,-1.2442,-0.001957,-10.547,7.6417,1.0604,-8.2612,0,0,0,NaN,NaN,NaN,NaN,NaN,NaN,NaN,NaN,NaN,47.826,0,2952.4,0.0069644,1.0402,2.9409,0.64325,0.09656,NaN,-1,-1,-1.2823,-0.77108,-9.5724,7.5998,1.3257,-8.0998,NaN,NaN,NaN,NaN,NaN
540.1,-0.56016,-11.054,12.393,-1.9222,-1.1385,-9.5982,7.1184,2.0647,-8.3678,0,0,0,NaN,NaN,NaN,NaN,NaN,NaN,NaN,NaN,NaN,47.826,0,2952.4,0.0069644,NaN,NaN,NaN,NaN,15.535,97028,10.188,-1.284,-0.76986,-9.5818,7.1616,1.3507,-8.0774,NaN,NaN,NaN,NaN,NaN
540.1,-0.54013,-11.052,12.373,-0.68183,-1.3095,-8.973,5.9689,1.0277,-8.1754,0,0,0,NaN,NaN,NaN,NaN,NaN,NaN,NaN,NaN,NaN,47.826,0,2952.4,0.0069644,NaN,NaN,NaN,NaN,NaN,-1,-1,-1.2921,-0.76652,-9.5972,6.7035,1.4432,-8.0685,NaN,NaN,NaN,NaN,NaN
540.11,-0.50131,-11.046,12.333,-1.4387,-0.20589,-9.7172,5.8774,2.1894,-7.7219,0,0,0,NaN,NaN,NaN,NaN,NaN,NaN,NaN,NaN,NaN,47.826,0,2952.4,0.0069644,NaN,NaN,NaN,NaN,15.489,97076,10.438,-1.2846,-0.76706,-9.5969,6.2534,1.3646,-8.0489,NaN,NaN,NaN,NaN,NaN
540.11,-0.4812,-11.045,12.312,-1.178,-0.94361,-10.193,6.0252,0.26144,-8.0865,0,0,0,NaN,NaN,NaN,NaN,NaN,NaN,NaN,NaN,NaN,47.826,0,2952.4,0.0069644,NaN,NaN,NaN,NaN,NaN,-1,-1,-1.2941,-0.76948,-9.6174,5.7819,1.393,-8.0338,NaN,NaN,NaN,NaN,NaN
540.11,-0.46279,-11.04,12.291,-1.197,-1.2938,-9.2748,5.2737,1.9087,-8.4221,0,0,0,NaN,NaN,NaN,NaN,NaN,NaN,NaN,NaN,NaN,47.826,0,2952.4,0.0069644,NaN,NaN,NaN,NaN,NaN,-1,-1,-1.2905,-0.77868,-9.6046,5.2882,1.4265,-8.0083,NaN,NaN,NaN,NaN,NaN
540.11,-0.44447,-11.035,12.271,-0.70197,-0.80661,-9.3951,5.3258,2.1111,-7.8994,0.6486,0.09853,-0.95536,NaN,NaN,NaN,NaN,NaN,NaN,NaN,NaN,NaN,47.826,0,2952.4,0.0069644,NaN,NaN,NaN,NaN,15.612,97025,10.188,-1.2836,-0.7815,-9.6094,4.8186,1.2924,-7.9944,NaN,NaN,NaN,NaN,NaN
540.12,-0.42737,-11.035,12.252,-1.5148,-0.94403,-10.025,4.8721,-0.2529,-7.8279,0,0,0,NaN,NaN,NaN,NaN,NaN,NaN,NaN,NaN,NaN,47.826,0,2952.4,0.0069644,1.0419,2.9546,0.64385,0.0899,NaN,-1,-1,-1.2802,-0.78182,-9.6022,4.3526,1.3739,-7.9858,NaN,NaN,NaN,NaN,NaN
540.12,-0.41177,-11.032,12.232,-2.0416,-0.70949,-11.245,4.2303,1.4079,-8.0121,0,0,0,NaN,NaN,NaN,NaN,NaN,NaN,NaN,NaN,NaN,47.826,0,2952.4,0.0069644,NaN,NaN,NaN,NaN,NaN,-1,-1,-1.2715,-0.78272,-9.5945,3.905,1.4463,-7.9767,NaN,NaN,NaN,NaN,NaN
540.12,-0.39905,-11.023,12.213,-0.90715,-0.69705,-8.2071,3.1643,3.6026,-7.5785,0,0,0,NaN,NaN,NaN,NaN,NaN,NaN,NaN,NaN,NaN,47.826,0,2952.4,0.0069644,NaN,NaN,NaN,NaN,15.484,97024,10.188,-1.2699,-0.78761,-9.6062,3.4992,1.3733,-7.9665,NaN,NaN,NaN,NaN,NaN
540.12,-0.38579,-11.024,12.193,-0.35935,-0.019831,-8.8694,3.2986,-0.71614,-7.9434,0.63895,0.096373,-0.954,NaN,NaN,NaN,NaN,NaN,NaN,NaN,NaN,NaN,47.826,0,2952.4,0.0069644,NaN,NaN,NaN,NaN,NaN,-1,-1,-1.2694,-0.79055,-9.6028,3.0895,1.4498,-7.9453,NaN,NaN,NaN,NaN,NaN
540.13,-0.37461,-11.021,12.172,-2.5017,-1.0362,-11.542,2.4434,1.3213,-8.1272,0,0,0,NaN,NaN,NaN,NaN,NaN,NaN,NaN,NaN,NaN,47.826,0,2952.4,0.0069644,NaN,NaN,NaN,NaN,15.69,97040,10.25,-1.2729,-0.7956,-9.6064,2.6707,1.4507,-7.9089,NaN,NaN,NaN,NaN,NaN
540.13,-0.36456,-11.012,12.152,-1.0262,-0.95007,-9.1634,2.0083,3.2746,-8.0184,0,0,0,NaN,NaN,NaN,NaN,NaN,NaN,NaN,NaN,NaN,47.826,0,2952.4,0.0069644,NaN,NaN,NaN,NaN,NaN,-1,-1,-1.2699,-0.78917,-9.6013,2.2736,1.3243,-7.8881,NaN,NaN,NaN,NaN,NaN
540.13,-0.35586,-11.013,12.132,-0.82166,-1.2146,-8.8175,1.4621,-0.406,-8.1096,0,0,0,NaN,NaN,NaN,NaN,NaN,NaN,NaN,NaN,NaN,47.826,0,2952.4,0.0069644,NaN,NaN,NaN,NaN,NaN,-1,-1,-1.2704,-0.79725,-9.6105,1.7022,1.3598,-8.0818,NaN,NaN,NaN,NaN,NaN
540.13,-0.3483,-11.013,12.112,-1.9035,-1.1254,-10.686,1.015,-0.10101,-8.0175,0.63915,0.09866,-0.95621,NaN,NaN,NaN,NaN,NaN,NaN,NaN,NaN,NaN,47.826,0,2952.4,0.0069644,NaN,NaN,NaN,NaN,15.715,97042,10.25,-1.2687,-0.79463,-9.6053,1.3351,1.3792,-8.0162,NaN,NaN,NaN,NaN,NaN
540.14,-0.34103,-11.002,12.093,-1.3007,-0.25282,-10.121,0.95862,4.4218,-7.6971,0,0,0,NaN,NaN,NaN,NaN,NaN,NaN,NaN,NaN,NaN,47.826,0,2952.4,0.0069644,NaN,NaN,NaN,NaN,NaN,-1,-1,-1.2645,-0.80153,-9.6164,0.93433,1.291,-7.9469,NaN,NaN,NaN,NaN,NaN
540.14,-0.32472,-11.001,12.052,-1.1393,-1.4247,-10.894,1.1595,-0.55462,-7.9422,0,0,0,NaN,NaN,NaN,NaN,NaN,NaN,NaN,NaN,NaN,47.826,0,2952.4,0.0069644,NaN,NaN,NaN,NaN,NaN,-1,-1,-1.2693,-0.82542,-9.6141,0.54263,1.3237,-7.869,NaN,NaN,NaN,NaN,NaN
540.14,-0.31938,-10.994,12.033,-1.0565,-1.1318,-9.4252,0.16736,2.4738,-7.7121,0.63666,0.098813,-0.9542,NaN,NaN,NaN,NaN,NaN,NaN,NaN,NaN,NaN,47.826,0,2952.4,0.0069644,1.0534,2.9438,0.65359,0.080744,15.353,97031,10.188,-1.2638,-0.81396,-9.6116,0.17094,1.3496,-7.8056,NaN,NaN,NaN,NaN,NaN
540.14,-0.31456,-10.992,12.014,-1.471,-0.42337,-10.172,0.010313,0.94802,-7.5825,0,0,0,NaN,NaN,NaN,NaN,NaN,NaN,NaN,NaN,NaN,47.826,0,2952.4,0.0069644,NaN,NaN,NaN,NaN,NaN,-1,-1,-1.2609,-0.81045,-9.6171,-0.37743,1.3819,-7.9307,NaN,NaN,NaN,NaN,NaN
540.15,-0.31059,-10.986,11.995,-1.9456,-1.0732,-9.7505,-0.3475,2.2116,-7.6678,0,0,0,NaN,NaN,NaN,NaN,NaN,NaN,NaN,NaN,NaN,47.826,0,2952.4,0.0069644,NaN,NaN,NaN,NaN,15.637,97048,10.25,-1.2617,-0.82367,-9.6146,-0.66512,1.3089,-7.8214,NaN,NaN,NaN,NaN,NaN
540.15,-0.3082,-10.986,11.977,-0.75099,-0.17397,-8.8882,-0.90579,0.17475,-7.3074,0,0,0,NaN,NaN,NaN,NaN,NaN,NaN,NaN,NaN,NaN,47.826,0,2952.4,0.0069644,NaN,NaN,NaN,NaN,NaN,-1,-1,-1.2563,-0.81631,-9.6269,-0.94582,1.3108,-7.6955,NaN,NaN,NaN,NaN,NaN
540.15,-0.30702,-10.982,11.957,-0.86199,-0.67144,-11.024,-1.4784,1.3627,-7.7247,0.64853,0.096123,-0.95537,NaN,NaN,NaN,NaN,NaN,NaN,NaN,NaN,NaN,47.826,0,2952.4,0.0069644,NaN,NaN,NaN,NaN,NaN,-1,-1,-1.2587,-0.81691,-9.6165,-1.2165,1.3516,-7.5742,NaN,NaN,NaN,NaN,NaN
540.15,-0.30726,-10.974,11.938,-2.2792,-1.6235,-8.5977,-2.0247,3.1452,-7.6433,0,0,0,NaN,NaN,NaN,NaN,NaN,NaN,NaN,NaN,NaN,47.826,0,2952.4,0.0069644,1.0315,2.9403,0.64933,0.094062,15.483,97048,10.25,-1.2558,-0.82744,-9.6274,-1.5107,1.2759,-7.4467,NaN,NaN,NaN,NaN,NaN
540.16,-0.30824,-10.974,11.919,-0.71102,-0.32575,-9.9921,-2.3296,0.076776,-7.696,0,0,0,NaN,NaN,NaN,NaN,NaN,NaN,NaN,NaN,NaN,47.826,0,2952.4,0.0069644,NaN,NaN,NaN,NaN,NaN,-1,-1,-1.2627,-0.827,-9.6217,-1.7737,1.2391,-7.3432,NaN,NaN,NaN,NaN,NaN
540.16,-0.30939,-10.973,11.9,-1.3439,-1.2396,-10.257,-2.3677,0.12124,-7.5579,0,0,0,NaN,NaN,NaN,NaN,NaN,NaN,NaN,NaN,NaN,47.826,0,2952.4,0.0069644,NaN,NaN,NaN,NaN,NaN,-1,-1,-1.2583,-0.81733,-9.6148,-2.0399,1.2543,-7.2451,NaN,NaN,NaN,NaN,NaN
540.16,-0.31239,-10.965,11.881,-1.7618,-1.6762,-9.1254,-3.1271,3.2204,-7.5076,0.6411,0.08912,-0.95381,8.6756,14.554,-3.6238,17.327,40.058,-88.55,3.6784e+05,4.4353e+06,318.72,47.826,0,2952.4,0.0069644,NaN,NaN,NaN,NaN,15.535,97025,10.188,-1.2502,-0.83382,-9.6204,-2.3322,1.2465,-7.1429,16.425,5.4905,0.53881,1.8788,18.474
540.16,-0.31493,-10.965,11.862,-0.93982,0.56892,-10.025,-2.9145,0.05552,-7.4946,0,0,0,NaN,NaN,NaN,NaN,NaN,NaN,NaN,NaN,NaN,47.826,0,2952.4,0.0069644,NaN,NaN,NaN,NaN,15.66,97042,10.188,-1.25,-0.84008,-9.6111,-2.6245,1.2347,-7.0352,NaN,NaN,NaN,NaN,NaN
540.17,-0.31701,-10.963,11.843,-1.262,-1.2021,-9.897,-2.7485,0.62349,-7.61,0,0,0,NaN,NaN,NaN,NaN,NaN,NaN,NaN,NaN,NaN,47.826,0,2952.4,0.0069644,1.0118,2.8191,0.71506,0.04495,NaN,-1,-1,-1.2497,-0.83237,-9.6204,-2.8954,1.1604,-6.941,NaN,NaN,NaN,NaN,NaN
540.17,-0.32064,-10.952,11.825,-1.0926,-1.9279,-10.558,-3.3426,4.4682,-7.4416,0,0,0,NaN,NaN,NaN,NaN,NaN,NaN,NaN,NaN,NaN,47.826,0,2952.4,0.0069644,NaN,NaN,NaN,NaN,NaN,-1,-1,-1.2436,-0.84168,-9.6014,-3.1881,1.2056,-6.8559,NaN,NaN,NaN,NaN,NaN
540.17,-0.32451,-10.951,11.807,-1.2164,-0.70582,-8.4449,-3.376,0.34051,-7.1,0.64318,0.074525,-0.95586,NaN,NaN,NaN,NaN,NaN,NaN,NaN,NaN,NaN,47.826,0,2952.4,0.0069644,NaN,NaN,NaN,NaN,NaN,-1,-1,-1.2291,-0.83347,-9.5154,-3.4395,1.2065,-6.7666,NaN,NaN,NaN,NaN,NaN
540.17,-0.32826,-10.952,11.789,-1.841,0.086505,-11.111,-3.3174,-0.79091,-7.0989,0,0,0,NaN,NaN,NaN,NaN,NaN,NaN,NaN,NaN,NaN,47.826,0,2952.4,0.0069644,NaN,NaN,NaN,NaN,15.767,97032,10.25,-1.2251,-0.84914,-9.516,-3.6827,1.1252,-6.6802,NaN,NaN,NaN,NaN,NaN
540.18,-0.34073,-10.937,11.754,-0.70058,-0.60183,-8.4593,-4.8669,1.2469,-7.0589,0,0,0,NaN,NaN,NaN,NaN,NaN,NaN,NaN,NaN,NaN,47.826,0,2952.4,0.0069644,NaN,NaN,NaN,NaN,NaN,-1,-1,-1.2227,-0.83769,-9.5314,-3.9141,1.1295,-6.6159,NaN,NaN,NaN,NaN,NaN
540.18,-0.34827,-10.938,11.736,-1.8726,-0.28015,-10.418,-4.8797,-0.32332,-7.2125,0.6575,0.084079,-0.95233,NaN,NaN,NaN,NaN,NaN,NaN,NaN,NaN,NaN,47.826,0,2952.4,0.0069644,1.0025,NaN,NaN,NaN,NaN,-1,-1,-1.218,-0.844,-9.5257,-4.155,1.2111,-6.5227,NaN,NaN,NaN,NaN,NaN
540.18,-0.3558,-10.933,11.718,-1.3678,-1.2346,-10.679,-4.8453,1.771,-7.1805,0,0,0,NaN,NaN,NaN,NaN,NaN,NaN,NaN,NaN,NaN,47.826,0,2952.4,0.0069644,NaN,2.9534,0.63838,0.082409,15.587,97043,10.25,-1.2121,-0.84493,-9.5248,-4.3776,1.1193,-6.4423,NaN,NaN,NaN,NaN,NaN
540.18,-0.36616,-10.926,11.701,-0.92071,-1.5048,-9.3388,-5.9018,2.6082,-6.7804,0,0,0,NaN,NaN,NaN,NaN,NaN,NaN,NaN,NaN,NaN,47.826,0,2952.4,0.0069644,NaN,NaN,NaN,NaN,NaN,-1,-1,-1.2203,-0.84941,-9.541,-4.5949,1.1598,-6.3789,NaN,NaN,NaN,NaN,NaN
540.19,0,0,0,0,0,0,0,0,0,0,0,0,NaN,NaN,NaN,NaN,NaN,NaN,NaN,NaN,NaN,47.826,0,2952.4,0.0069644,NaN,NaN,NaN,NaN,15.483,97049,10.25,-1.2229,-0.84238,-9.544,-4.8206,1.2007,-6.3114,NaN,NaN,NaN,NaN,NaN
540.19,-0.38622,-10.921,11.667,-1.2665,-0.042616,-10.135,-5.9479,1.3725,-6.6947,0.64832,0.088902,-0.95539,NaN,NaN,NaN,NaN,NaN,NaN,NaN,NaN,NaN,47.826,0,2952.4,0.0069644,NaN,NaN,NaN,NaN,NaN,-1,-1,-1.2203,-0.84908,-9.5357,-5.0581,1.1482,-6.2426,NaN,NaN,NaN,NaN,NaN
540.19,-0.39562,-10.915,11.65,-1.3218,-1.011,-10.411,-5.5407,2.3107,-6.9147,0,0,0,NaN,NaN,NaN,NaN,NaN,NaN,NaN,NaN,NaN,47.826,0,2952.4,0.0069644,NaN,NaN,NaN,NaN,NaN,-1,-1,-1.2154,-0.85085,-9.5329,-5.2975,1.1323,-6.1867,NaN,NaN,NaN,NaN,NaN
540.19,-0.4068,-10.911,11.632,-0.91414,-1.3103,-8.9763,-6.2597,1.7812,-6.939,0,0,0,NaN,NaN,NaN,NaN,NaN,NaN,NaN,NaN,NaN,47.865,0,2976.7,0.0080533,1.0085,2.8215,0.71566,0.046615,15.639,97035,10.25,-1.2147,-0.84614,-9.5408,-5.5284,1.203,-6.1181,NaN,NaN,NaN,NaN,NaN
540.2,-0.41704,-10.911,11.616,-1.0447,-1.0451,-10.478,-5.8269,-0.0099122,-6.6896,0,0,0,NaN,NaN,NaN,NaN,NaN,NaN,NaN,NaN,NaN,47.865,0,2976.7,0.0080533,NaN,NaN,NaN,NaN,NaN,-1,-1,-1.2134,-0.86087,-9.5269,-5.7363,1.1648,-6.0689,NaN,NaN,NaN,NaN,NaN
540.2,0,0,0,0,0,0,0,0,0,0,0,0,NaN,NaN,NaN,NaN,NaN,NaN,NaN,NaN,NaN,47.865,0,2976.7,0.0080533,NaN,NaN,NaN,NaN,NaN,-1,-1,-1.2098,-0.85932,-9.5292,-5.9695,1.2629,-6.0271,NaN,NaN,NaN,NaN,NaN
540.2,-0.42883,-10.906,11.599,-1.5686,-0.62697,-10.144,-6.4323,1.8512,-6.4984,0.64799,0.086737,-0.95096,NaN,NaN,NaN,NaN,NaN,NaN,NaN,NaN,NaN,47.865,0,2976.7,0.0080533,NaN,NaN,NaN,NaN,15.637,97031,10.188,-1.2179,-0.84842,-9.5369,-6.1769,1.2099,-5.9826,NaN,NaN,NaN,NaN,NaN
540.2,-0.45335,-10.896,11.567,-0.92743,-0.48218,-8.9982,-6.9782,1.0247,-6.6584,0,0,0,NaN,NaN,NaN,NaN,NaN,NaN,NaN,NaN,NaN,47.865,0,2976.7,0.0080533,NaN,NaN,NaN,NaN,NaN,-1,-1,-1.2085,-0.84834,-9.5072,-6.372,1.3314,-5.9523,NaN,NaN,NaN,NaN,NaN
540.21,-0.46699,-10.895,11.551,-1.041,-0.76318,-9.7166,-7.1515,0.62258,-6.4842,0,0,0,NaN,NaN,NaN,NaN,NaN,NaN,NaN,NaN,NaN,47.865,0,2976.7,0.0080533,1.0167,2.8293,0.71201,0.04495,15.74,97039,10.25,-1.2112,-0.85002,-9.5021,-6.5629,1.2355,-5.9049,NaN,NaN,NaN,NaN,NaN
540.21,-0.48128,-10.89,11.534,-1.6965,-1.5544,-10.41,-7.4262,1.9263,-6.5217,0.65765,0.093828,-0.95009,NaN,NaN,NaN,NaN,NaN,NaN,NaN,NaN,NaN,47.865,0,2976.7,0.0080533,NaN,NaN,NaN,NaN,NaN,-1,-1,-1.2113,-0.85166,-9.4787,-6.7584,1.2511,-5.8813,NaN,NaN,NaN,NaN,NaN
540.21,-0.49696,-10.886,11.518,-1.2908,-0.43391,-9.4331,-7.9465,1.5732,-6.3622,0,0,0,NaN,NaN,NaN,NaN,NaN,NaN,NaN,NaN,NaN,47.865,0,2976.7,0.0080533,NaN,NaN,NaN,NaN,NaN,-1,-1,-1.2086,-0.84829,-9.4534,-6.9705,1.3954,-5.8507,NaN,NaN,NaN,NaN,NaN
540.21,-0.51288,-10.883,11.502,-1.1993,-1.2301,-10.451,-8.0422,1.0969,-6.4016,0,0,0,NaN,NaN,NaN,NaN,NaN,NaN,NaN,NaN,NaN,47.865,0,2976.7,0.0080533,NaN,NaN,NaN,NaN,15.608,97025,10.125,-1.221,-0.8548,-9.5477,-7.1567,1.3338,-5.8368,NaN,NaN,NaN,NaN,NaN
540.22,-0.52899,-10.881,11.486,-1.4013,-0.84845,-9.3381,-8.1295,0.73425,-6.4445,0,0,0,NaN,NaN,NaN,NaN,NaN,NaN,NaN,NaN,NaN,47.865,0,2976.7,0.0080533,NaN,NaN,NaN,NaN,NaN,-1,-1,-1.216,-0.85064,-9.5402,-7.3594,1.3514,-5.8306,NaN,NaN,NaN,NaN,NaN
540.22,-0.54968,-10.938,11.521,-1.5146,-0.8525,-10.481,-7.9323,2.13,-6.1896,0.65312,0.096179,-0.95272,NaN,NaN,NaN,NaN,NaN,NaN,NaN,NaN,NaN,47.865,0,2976.7,0.0080533,0.99645,2.9403,0.6402,0.091565,NaN,-1,-1,-1.2131,-0.84376,-9.5338,-7.582,1.4193,-5.8152,NaN,NaN,NaN,NaN,NaN
540.22,-0.5655,-10.932,11.506,-0.68607,-0.59277,-9.2287,-7.9671,2.2737,-6.1614,0,0,0,NaN,NaN,NaN,NaN,NaN,NaN,NaN,NaN,NaN,47.865,0,2976.7,0.0080533,NaN,NaN,NaN,NaN,15.767,97050,10.313,-1.2145,-0.84007,-9.5448,-7.8046,1.3541,-5.809,NaN,NaN,NaN,NaN,NaN
540.22,-0.58007,-10.932,11.49,-1.2104,-1.767,-10.667,-7.4963,0.3043,-6.3459,0,0,0,NaN,NaN,NaN,NaN,NaN,NaN,NaN,NaN,NaN,47.865,0,2976.7,0.0080533,NaN,NaN,NaN,NaN,NaN,-1,-1,-1.2247,-0.85127,-9.6439,-7.993,1.3463,-5.8187,NaN,NaN,NaN,NaN,NaN
540.23,-0.59619,-10.927,11.475,-1.5222,-1.0062,-10.704,-8.0671,1.9655,-6.0625,0,0,0,NaN,NaN,NaN,NaN,NaN,NaN,NaN,NaN,NaN,47.865,0,2976.7,0.0080533,NaN,NaN,NaN,NaN,15.583,97023,10.125,-1.2263,-0.8486,-9.6534,-8.186,1.4944,-5.829,NaN,NaN,NaN,NaN,NaN
540.23,-0.61253,-10.921,11.46,-1.5224,-0.62655,-9.112,-8.1401,2.1611,-5.9241,0.6434,0.086681,-0.9536,NaN,NaN,NaN,NaN,NaN,NaN,NaN,NaN,NaN,47.865,0,2976.7,0.0080533,NaN,NaN,NaN,NaN,NaN,-1,-1,-1.2229,-0.84924,-9.6459,-8.362,1.4651,-5.8379,NaN,NaN,NaN,NaN,NaN
540.23,-0.63019,-10.918,11.447,-0.97397,-0.66777,-9.3431,-8.5577,1.1832,-5.4241,0,0,0,NaN,NaN,NaN,NaN,NaN,NaN,NaN,NaN,NaN,47.865,0,2976.7,0.0080533,NaN,NaN,NaN,NaN,NaN,-1,-1,-1.2226,-0.84499,-9.6566,-8.5163,1.4067,-5.8407,NaN,NaN,NaN,NaN,NaN
540.23,-0.64854,-10.915,11.432,-1.1747,-0.57491,-10.855,-8.9101,1.3235,-5.8163,0,0,0,NaN,NaN,NaN,NaN,NaN,NaN,NaN,NaN,NaN,47.865,0,2976.7,0.0080533,1.0058,2.9409,0.63838,0.086571,15.74,97045,10.25,-1.2293,-0.85396,-9.6551,-8.7015,1.4105,-5.8366,NaN,NaN,NaN,NaN,NaN
540.24,-0.66691,-10.909,11.418,-1.7969,-0.93114,-9.6944,-8.9177,2.3488,-5.8179,0,0,0,NaN,NaN,NaN,NaN,NaN,NaN,NaN,NaN,NaN,47.865,0,2976.7,0.0080533,NaN,NaN,NaN,NaN,NaN,-1,-1,-1.2294,-0.8433,-9.659,-8.8892,1.4032,-5.8514,NaN,NaN,NaN,NaN,NaN
540.24,-0.68694,-10.908,11.404,-0.87467,-1.0615,-9.7763,-9.5534,0.19996,-5.5645,0.65299,0.091365,-0.95274,NaN,NaN,NaN,NaN,NaN,NaN,NaN,NaN,NaN,47.865,0,2976.7,0.0080533,NaN,NaN,NaN,NaN,NaN,-1,-1,-1.2285,-0.85212,-9.6813,-9.0413,1.4174,-5.863,NaN,NaN,NaN,NaN,NaN
540.24,-0.70672,-10.902,11.389,-1.365,-1.0699,-10.21,-9.4524,2.355,-5.6649,0,0,0,NaN,NaN,NaN,NaN,NaN,NaN,NaN,NaN,NaN,47.865,0,2976.7,0.0080533,NaN,NaN,NaN,NaN,15.739,97069,10.313,-1.233,-0.84799,-9.6752,-9.229,1.4384,-5.8794,NaN,NaN,NaN,NaN,NaN
540.24,-0.72605,-10.898,11.375,-1.4771,-1.1847,-9.9206,-9.3239,1.6596,-5.9456,0,0,0,NaN,NaN,NaN,NaN,NaN,NaN,NaN,NaN,NaN,47.865,0,2976.7,0.0080533,1.0096,NaN,NaN,NaN,NaN,-1,-1,-1.2324,-0.84645,-9.6829,-9.235,1.4179,-5.6498,NaN,NaN,NaN,NaN,NaN
540.25,-0.74569,-10.897,11.361,-1.327,-0.52256,-9.8387,-9.3909,0.46094,-5.6391,0,0,0,NaN,NaN,NaN,NaN,NaN,NaN,NaN,NaN,NaN,47.865,0,2976.7,0.0080533,NaN,2.8317,0.71506,0.043285,15.686,97040,10.188,-1.2307,-0.85457,-9.6813,-9.3891,1.4399,-5.6226,NaN,NaN,NaN,NaN,NaN
540.25,-0.76507,-10.89,11.346,-1.0183,-1.0195,-9.5764,-9.3306,2.6295,-5.8308,0.65359,0.098224,-0.95937,NaN,NaN,NaN,NaN,NaN,NaN,NaN,NaN,NaN,47.865,0,2976.7,0.0080533,NaN,NaN,NaN,NaN,NaN,-1,-1,-1.2303,-0.8553,-9.6903,-9.5281,1.4337,-5.6051,NaN,NaN,NaN,NaN,NaN
540.25,-0.78455,-10.887,11.332,-1.0435,-1.1415,-9.9017,-9.3266,1.1772,-5.6433,0,0,0,NaN,NaN,NaN,NaN,NaN,NaN,NaN,NaN,NaN,47.865,0,2976.7,0.0080533,NaN,NaN,NaN,NaN,NaN,-1,-1,-1.234,-0.84124,-9.7037,-9.6693,1.4272,-5.5843,NaN,NaN,NaN,NaN,NaN
540.25,-0.80344,-10.887,11.319,-1.25,-0.97118,-10.632,-9.0172,-0.12697,-5.3016,0,0,0,NaN,NaN,NaN,NaN,NaN,NaN,NaN,NaN,NaN,47.865,0,2976.7,0.0080533,NaN,NaN,NaN,NaN,15.913,97042,10.188,-1.2338,-0.84059,-9.701,-9.7823,1.4304,-5.5532,NaN,NaN,NaN,NaN,NaN
540.26,-0.82338,-10.88,11.306,-1.8726,-1.0439,-10.506,-9.4518,2.9856,-5.3118,0,0,0,NaN,NaN,NaN,NaN,NaN,NaN,NaN,NaN,NaN,47.865,0,2976.7,0.0080533,NaN,NaN,NaN,NaN,NaN,-1,-1,-1.2362,-0.84172,-9.7125,-9.659,1.3653,-5.2852,NaN,NaN,NaN,NaN,NaN
540.26,-0.865,-10.876,11.281,-0.85086,-0.31304,-11.009,-9.7304,-0.9746,-5.0148,0,0,0,NaN,NaN,NaN,NaN,NaN,NaN,NaN,NaN,NaN,47.865,0,2976.7,0.0080533,1.0096,2.8239,0.7181,0.037458,NaN,-1,-1,-1.236,-0.84021,-9.7046,-9.7168,1.3332,-5.2056,NaN,NaN,NaN,NaN,NaN
540.26,-0.88646,-10.867,11.268,-1.741,-1.0974,-10.114,-10.034,3.4617,-5.1901,0,0,0,NaN,NaN,NaN,NaN,NaN,NaN,NaN,NaN,NaN,47.865,0,2976.7,0.0080533,NaN,NaN,NaN,NaN,15.661,97038,10.188,-1.2394,-0.84307,-9.7126,-9.798,1.3213,-5.1284,NaN,NaN,NaN,NaN,NaN
540.26,-0.90841,-10.864,11.256,-1.1197,-1.1039,-8.6119,-10.18,1.45,-4.9446,0,0,0,NaN,NaN,NaN,NaN,NaN,NaN,NaN,NaN,NaN,47.865,0,2976.7,0.0080533,NaN,NaN,NaN,NaN,NaN,-1,-1,-1.2465,-0.83068,-9.7214,-9.8769,1.2293,-5.0308,NaN,NaN,NaN,NaN,NaN
540.27,-0.92973,-10.865,11.243,-1.1305,-0.49165,-9.9085,-9.9681,-0.60762,-5.1793,0.64591,0.096397,-0.95114,NaN,NaN,NaN,NaN,NaN,NaN,NaN,NaN,NaN,47.865,0,2976.7,0.0080533,NaN,NaN,NaN,NaN,15.837,97024,10.125,-1.2469,-0.83378,-9.7217,-9.956,1.2701,-4.9439,NaN,NaN,NaN,NaN,NaN
540.27,-0.97606,-10.853,11.218,-1.4727,-0.61009,-8.735,-10.881,2.4861,-4.8493,0,0,0,NaN,NaN,NaN,NaN,NaN,NaN,NaN,NaN,NaN,47.865,0,2976.7,0.0080533,NaN,NaN,NaN,NaN,NaN,-1,-1,-1.2422,-0.83418,-9.7266,-10.061,1.3349,-4.8622,NaN,NaN,NaN,NaN,NaN
540.27,-0.99838,-10.853,11.207,-0.96328,-0.59248,-9.6239,-10.245,-0.12771,-4.5546,0,0,0,NaN,NaN,NaN,NaN,NaN,NaN,NaN,NaN,NaN,47.865,0,2976.7,0.0080533,1.0244,2.954,0.65481,0.071587,NaN,-1,-1,-1.2509,-0.83137,-9.7322,-10.159,1.2318,-4.7817,NaN,NaN,NaN,NaN,NaN
540.27,-1.0203,-10.85,11.195,-1.2818,-1.1924,-10.586,-10.159,1.4078,-4.8523,0.6434,0.086681,-0.9536,NaN,NaN,NaN,NaN,NaN,NaN,NaN,NaN,NaN,47.865,0,2976.7,0.0080533,1.0244,2.954,0.65481,0.071587,15.665,97075,10.375,-1.2395,-0.82827,-9.7251,-10.261,1.1718,-4.699,NaN,NaN,NaN,NaN,NaN
540.28,-1.041,-10.844,11.183,-0.92724,-1.0249,-10.192,-9.616,2.4525,-4.6769,0,0,0,NaN,NaN,NaN,NaN,NaN,NaN,NaN,NaN,NaN,47.865,0,2976.7,0.0080533,NaN,NaN,NaN,NaN,NaN,-1,-1,-1.2447,-0.82984,-9.7325,-10.323,1.2725,-4.6057,NaN,NaN,NaN,NaN,NaN
540.28,-1.0628,-10.841,11.172,-1.2491,-0.94983,-9.5268,-10.018,1.2067,-4.4163,0,0,0,NaN,NaN,NaN,NaN,NaN,NaN,NaN,NaN,NaN,47.865,0,2976.7,0.0080533,NaN,NaN,NaN,NaN,NaN,-1,-1,-1.2425,-0.82229,-9.7488,-10.366,1.308,-4.5181,NaN,NaN,NaN,NaN,NaN
540.28,-1.0847,-10.839,11.161,-2.0524,-1.0164,-10.588,-10.047,0.57347,-4.3187,0,0,0,NaN,NaN,NaN,NaN,NaN,NaN,NaN,NaN,NaN,47.865,0,2976.7,0.0080533,NaN,NaN,NaN,NaN,15.76,97031,10.125,-1.2463,-0.81528,-9.7433,-10.385,1.1601,-4.4295,NaN,NaN,NaN,NaN,NaN
540.28,-1.107,-10.834,11.151,-0.69745,0.15484,-9.1471,-10.178,2.0165,-4.0353,0.65536,0.096268,-0.95029,NaN,NaN,NaN,NaN,NaN,NaN,NaN,NaN,NaN,47.865,0,2976.7,0.0080533,0.99316,2.9331,0.62803,0.11154,15.784,97020,10.063,-1.2433,-0.81571,-9.7457,-10.416,1.2274,-4.3309,NaN,NaN,NaN,NaN,NaN
540.29,-1.1297,-10.83,11.141,-0.90122,-1.4907,-10.537,-10.317,1.5359,-4.2162,0,0,0,NaN,NaN,NaN,NaN,NaN,NaN,NaN,NaN,NaN,47.865,0,2976.7,0.0080533,NaN,NaN,NaN,NaN,NaN,-1,-1,-1.2475,-0.81476,-9.7537,-10.44,1.2491,-4.2372,NaN,NaN,NaN,NaN,NaN
540.29,-1.1531,-10.826,11.13,-2.1618,-0.95917,-8.9214,-10.647,1.5171,-4.4526,0,0,0,NaN,NaN,NaN,NaN,NaN,NaN,NaN,NaN,NaN,47.865,0,2976.7,0.0080533,NaN,NaN,NaN,NaN,NaN,-1,-1,-1.2465,-0.81832,-9.7674,-10.475,1.2189,-4.1306,NaN,NaN,NaN,NaN,NaN
540.29,-1.176,-10.826,11.12,-1.0005,-0.30608,-10.723,-10.411,-0.043373,-4.143,0,0,0,NaN,NaN,NaN,NaN,NaN,NaN,NaN,NaN,NaN,47.865,0,2976.7,0.0080533,NaN,NaN,NaN,NaN,15.711,97020,10.125,-1.2443,-0.82826,-9.7652,-10.515,1.2234,-4.027,NaN,NaN,NaN,NaN,NaN
540.29,-1.2009,-10.824,11.109,-1.007,-1.4802,-9.9544,-11.28,1.0915,-4.3349,0.64834,0.098772,-0.95092,NaN,NaN,NaN,NaN,NaN,NaN,NaN,NaN,NaN,47.865,NaN,2998.1,0.0069644,0.99864,2.9331,0.63412,0.097392,15.763,97035,10.188,-1.2477,-0.82377,-9.7787,-10.566,1.3169,-3.9316,NaN,NaN,NaN,NaN,NaN
540.3,-1.2506,-10.815,11.088,-0.96351,-0.086877,-9.6952,-11.254,1.9695,-3.8726,0,0,0,NaN,NaN,NaN,NaN,NaN,NaN,NaN,NaN,NaN,47.865,NaN,2998.1,0.0069644,NaN,NaN,NaN,NaN,NaN,-1,-1,-1.2481,-0.82225,-9.7926,-10.626,1.2956,-3.8303,NaN,NaN,NaN,NaN,NaN
540.3,-1.2728,-10.813,11.079,-1.3749,-0.86669,-9.068,-10.034,0.59244,-3.6778,0,0,0,NaN,NaN,NaN,NaN,NaN,NaN,NaN,NaN,NaN,47.865,NaN,2998.1,0.0069644,NaN,NaN,NaN,NaN,NaN,-1,-1,-1.2453,-0.82483,-9.7989,-10.677,1.2869,-3.738,NaN,NaN,NaN,NaN,NaN
540.3,-1.3205,-10.808,11.061,-1.256,-0.81398,-10.051,-10.655,0.37225,-3.4831,0,0,0,NaN,NaN,NaN,NaN,NaN,NaN,NaN,NaN,NaN,47.865,NaN,2998.1,0.0069644,NaN,NaN,NaN,NaN,15.788,97059,10.25,-1.2461,-0.81997,-9.8171,-10.702,1.379,-3.6529,NaN,NaN,NaN,NaN,NaN
540.3,-1.3438,-10.802,11.052,-1.3075,-0.26128,-9.7256,-10.406,2.2764,-3.3211,0,0,0,NaN,NaN,NaN,NaN,NaN,NaN,NaN,NaN,NaN,47.63,0,2998.1,0.0069644,NaN,NaN,NaN,NaN,15.864,97059,10.25,-1.2528,-0.81757,-9.8358,-10.718,1.3008,-3.56,NaN,NaN,NaN,NaN,NaN
540.31,-1.3918,-10.793,11.036,-1.0446,-0.83499,-9.8637,-10.76,2.1249,-3.4098,0.64832,0.10129,-0.94891,NaN,NaN,NaN,NaN,NaN,NaN,NaN,NaN,NaN,47.63,0,2998.1,0.0069644,1.0151,2.9474,0.63959,0.097392,NaN,-1,-1,-1.2499,-0.81251,-9.8363,-10.725,1.3867,-3.4849,NaN,NaN,NaN,NaN,NaN
540.31,-1.4164,-10.793,11.027,-1.1207,-0.59362,-9.5976,-10.912,-0.11276,-3.4558,0,0,0,NaN,NaN,NaN,NaN,NaN,NaN,NaN,NaN,NaN,47.63,0,2998.1,0.0069644,NaN,NaN,NaN,NaN,NaN,-1,-1,-1.2537,-0.81754,-9.8408,-10.728,1.472,-3.4001,NaN,NaN,NaN,NaN,NaN
540.31,-1.4417,-10.789,11.02,-1.5614,-0.95611,-10.934,-11.192,1.5101,-3.0535,0,0,0,NaN,NaN,NaN,NaN,NaN,NaN,NaN,NaN,NaN,47.63,0,2998.1,0.0069644,NaN,NaN,NaN,NaN,NaN,-1,-1,-1.2572,-0.81435,-9.8529,-10.7,1.3903,-3.3136,NaN,NaN,NaN,NaN,NaN
540.31,-1.4673,-10.783,11.012,-1.2397,-1.324,-8.5852,-11.264,2.4292,-3.0442,0,0,0,NaN,NaN,NaN,NaN,NaN,NaN,NaN,NaN,NaN,47.63,0,2998.1,0.0069644,NaN,NaN,NaN,NaN,15.581,97016,10.063,-1.2606,-0.81217,-9.8659,-10.707,1.502,-3.2244,NaN,NaN,NaN,NaN,NaN
540.32,-1.5171,-10.78,10.996,-1.0072,-0.26607,-10.335,-10.845,1.1128,-3.0123,0,0,0,NaN,NaN,NaN,NaN,NaN,NaN,NaN,NaN,NaN,47.63,0,2998.1,0.0069644,NaN,NaN,NaN,NaN,NaN,-1,-1,-1.2606,-0.8139,-9.8754,-10.715,1.4089,-3.1369,NaN,NaN,NaN,NaN,NaN
540.32,-1.5414,-10.773,10.988,-1.7847,-1.4042,-9.5524,-10.811,3.1601,-3.4068,0,0,0,NaN,NaN,NaN,NaN,NaN,NaN,NaN,NaN,NaN,47.63,0,2998.1,0.0069644,NaN,NaN,NaN,NaN,NaN,-1,-1,-1.256,-0.81061,-9.8831,-10.723,1.5155,-3.0633,NaN,NaN,NaN,NaN,NaN
540.32,-1.5658,-10.771,10.98,-0.65538,-0.56481,-8.9047,-10.813,0.57439,-3.1092,0,0,0,NaN,NaN,NaN,NaN,NaN,NaN,NaN,NaN,NaN,47.63,0,2998.1,0.0069644,NaN,NaN,NaN,NaN,15.963,97068,10.25,-1.26,-0.81882,-9.9028,-10.747,1.5073,-2.981,NaN,NaN,NaN,NaN,NaN
540.32,-1.589,-10.773,10.973,-1.0993,-1.4208,-11.176,-10.278,-0.73803,-2.7207,0.64145,0.10861,-0.94953,NaN,NaN,NaN,NaN,NaN,NaN,NaN,NaN,NaN,47.63,0,2998.1,0.0069644,NaN,NaN,NaN,NaN,NaN,-1,-1,-1.2596,-0.82285,-9.9142,-10.741,1.4611,-2.9078,NaN,NaN,NaN,NaN,NaN
540.33,-1.6124,-10.763,10.967,-1.8146,-0.34547,-10.874,-10.324,3.852,-2.6217,0,0,0,NaN,NaN,NaN,NaN,NaN,NaN,NaN,NaN,NaN,47.63,0,2998.1,0.0069644,NaN,NaN,NaN,NaN,15.764,97028,10.188,-1.2572,-0.81561,-9.9266,-10.748,1.5225,-2.8206,NaN,NaN,NaN,NaN,NaN
540.33,-1.635,-10.757,10.96,-1.5687,-1.0578,-9.157,-9.9728,2.4991,-2.667,0,0,0,NaN,NaN,NaN,NaN,NaN,NaN,NaN,NaN,NaN,47.63,0,2998.1,0.0069644,1.0173,2.9403,0.65177,0.079911,NaN,-1,-1,-1.2625,-0.81315,-9.9393,-10.747,1.4893,-2.7282,NaN,NaN,NaN,NaN,NaN
540.33,-1.6593,-10.759,10.954,-0.66586,-0.60983,-8.6419,-10.674,-1.0604,-2.6836,0,0,0,NaN,NaN,NaN,NaN,NaN,NaN,NaN,NaN,NaN,47.63,0,2998.1,0.0069644,NaN,NaN,NaN,NaN,NaN,-1,-1,-1.254,-0.80793,-9.9206,-10.734,1.4954,-2.6464,NaN,NaN,NaN,NaN,NaN
540.33,-1.6846,-10.757,10.948,-1.08,-0.47079,-11.763,-11.027,0.90046,-2.4222,0.64164,0.10596,-0.95397,NaN,NaN,NaN,NaN,NaN,NaN,NaN,NaN,NaN,47.63,0,2998.1,0.0069644,NaN,NaN,NaN,NaN,15.865,97071,10.313,-1.2549,-0.8035,-9.933,-10.693,1.5457,-2.546,NaN,NaN,NaN,NaN,NaN
540.34,-1.7096,-10.745,10.941,-1.9294,-1.2743,-9.7498,-10.984,4.7284,-2.6111,0,0,0,NaN,NaN,NaN,NaN,NaN,NaN,NaN,NaN,NaN,47.63,0,2998.1,0.0069644,NaN,NaN,NaN,NaN,NaN,-1,-1,-1.2605,-0.80849,-9.9568,-10.653,1.528,-2.4634,NaN,NaN,NaN,NaN,NaN
540.34,-1.7588,-10.746,10.929,-1.1691,-1.201,-10.601,-10.906,0.12559,-2.6625,0,0,0,NaN,NaN,NaN,NaN,NaN,NaN,NaN,NaN,NaN,47.63,0,2998.1,0.0069644,NaN,NaN,NaN,NaN,NaN,-1,-1,-1.2638,-0.8069,-9.9547,-10.643,1.542,-2.3718,NaN,NaN,NaN,NaN,NaN
540.34,-1.7837,-10.741,10.923,-1.3979,-0.82559,-10.031,-10.879,1.7338,-2.3671,0.63909,0.11358,-0.94751,NaN,NaN,NaN,NaN,NaN,NaN,NaN,NaN,NaN,47.63,0,2998.1,0.0069644,0.9844,2.9349,0.62316,0.10239,15.786,97025,10.125,-1.264,-0.80034,-9.9681,-10.62,1.5603,-2.2868,NaN,NaN,NaN,NaN,NaN
540.34,-1.8083,-10.735,10.918,-1.4878,-0.50863,-10.412,-10.709,2.5449,-2.1512,0,0,0,NaN,NaN,NaN,NaN,NaN,NaN,NaN,NaN,NaN,47.63,0,2998.1,0.0069644,NaN,NaN,NaN,NaN,15.815,97071,10.313,-1.2609,-0.803,-9.9681,-10.59,1.5728,-2.2094,NaN,NaN,NaN,NaN,NaN
540.35,-1.8327,-10.73,10.912,-0.8914,-1.0596,-8.6649,-10.671,1.7834,-2.3721,0,0,0,NaN,NaN,NaN,NaN,NaN,NaN,NaN,NaN,NaN,47.63,0,2998.1,0.0069644,NaN,NaN,NaN,NaN,NaN,-1,-1,-1.2532,-0.79927,-9.9723,-10.588,1.5792,-2.1383,NaN,NaN,NaN,NaN,NaN
540.35,-1.8557,-10.73,10.907,-0.90353,-1.4553,-10.704,-10.073,0.14404,-2.1261,0,0,0,NaN,NaN,NaN,NaN,NaN,NaN,NaN,NaN,NaN,47.63,0,2998.1,0.0069644,NaN,NaN,NaN,NaN,NaN,-1,-1,-1.2584,-0.80539,-9.9918,-10.551,1.5552,-2.0523,NaN,NaN,NaN,NaN,NaN
540.35,-1.879,-10.727,10.902,-1.5453,-0.53638,-10.785,-10.159,1.2607,-2.0139,0.63457,0.11593,-0.95014,NaN,NaN,NaN,NaN,NaN,NaN,NaN,NaN,NaN,47.63,0,2998.1,0.0069644,1.0047,2.9289,0.63351,0.094895,NaN,-1,-1,-1.2616,-0.80706,-10.005,-10.543,1.5287,-1.9877,NaN,NaN,NaN,NaN,NaN
540.35,-1.9022,-10.718,10.897,-1.8524,-0.71426,-10.572,-10.078,3.1992,-1.7871,0,0,0,NaN,NaN,NaN,NaN,NaN,NaN,NaN,NaN,NaN,47.63,0,2998.1,0.0069644,NaN,NaN,NaN,NaN,15.758,97021,10.063,-1.2538,-0.79843,-10.01,-10.547,1.5375,-1.9071,NaN,NaN,NaN,NaN,NaN
540.36,-1.9518,-10.715,10.889,-0.89903,-0.50794,-10.708,-10.533,-0.36532,-1.8613,0,0,0,NaN,NaN,NaN,NaN,NaN,NaN,NaN,NaN,NaN,47.63,0,2998.1,0.0069644,NaN,NaN,NaN,NaN,NaN,-1,-1,-1.2592,-0.79338,-10.028,-10.504,1.4992,-1.8068,NaN,NaN,NaN,NaN,NaN
540.36,-1.9763,-10.706,10.884,-2.0674,-0.78328,-10.653,-10.663,3.4961,-1.8376,0.64388,0.11098,-0.94931,NaN,NaN,NaN,NaN,NaN,NaN,NaN,NaN,NaN,47.63,0,2998.1,0.0069644,NaN,NaN,NaN,NaN,15.558,97043,10.188,-1.2633,-0.80101,-10.03,-10.466,1.4525,-1.7244,NaN,NaN,NaN,NaN,NaN
540.36,-2.0013,-10.704,10.88,-0.9832,-0.53037,-8.5497,-10.72,0.96922,-1.5366,0,0,0,NaN,NaN,NaN,NaN,NaN,NaN,NaN,NaN,NaN,47.63,0,2998.1,0.0069644,NaN,NaN,NaN,NaN,NaN,-1,-1,-1.2627,-0.79373,-10.026,-10.448,1.4618,-1.6391,NaN,NaN,NaN,NaN,NaN
540.36,-2.026,-10.705,10.876,-1.1243,-1.205,-11.104,-10.671,-0.61645,-1.7066,0,0,0,NaN,NaN,NaN,NaN,NaN,NaN,NaN,NaN,NaN,47.63,0,2998.1,0.0069644,1.003,NaN,NaN,NaN,15.891,97066,10.313,-1.264,-0.79077,-10.046,-10.46,1.3851,-1.5534,NaN,NaN,NaN,NaN,NaN
540.37,-2.0772,-10.692,10.868,-1.0748,-0.212,-9.1032,-11.108,2.8235,-1.4518,0.63706,0.11578,-0.95215,NaN,NaN,NaN,NaN,NaN,NaN,NaN,NaN,NaN,47.63,0,2998.1,0.0069644,NaN,2.9367,0.63047,0.098224,NaN,-1,-1,-1.2723,-0.78998,-10.058,-10.76,1.3589,-1.477,NaN,NaN,NaN,NaN,NaN
540.37,-2.1009,-10.692,10.864,-0.96712,-0.75448,-9.423,-10.223,0.18782,-1.5683,0,0,0,NaN,NaN,NaN,NaN,NaN,NaN,NaN,NaN,NaN,47.63,0,2998.1,0.0069644,NaN,NaN,NaN,NaN,NaN,-1,-1,-1.2703,-0.77968,-10.054,-10.707,1.3821,-1.3837,NaN,NaN,NaN,NaN,NaN
540.37,-2.1478,-10.683,10.857,-0.93708,-0.97585,-10.54,-10.22,2.2331,-1.2258,0,0,0,NaN,NaN,NaN,NaN,NaN,NaN,NaN,NaN,NaN,47.63,0,2998.1,0.0069644,NaN,NaN,NaN,NaN,15.659,97050,10.188,-1.2641,-0.78427,-10.056,-10.631,1.4266,-1.3099,NaN,NaN,NaN,NaN,NaN
540.37,-2.1719,-10.682,10.855,-1.4793,-0.169,-9.4402,-10.304,0.67174,-0.94572,0.64591,0.10879,-0.94466,NaN,NaN,NaN,NaN,NaN,NaN,NaN,NaN,NaN,47.63,0,2998.1,0.0069644,NaN,NaN,NaN,NaN,15.763,97075,10.313,-1.2674,-0.7787,-10.073,-10.567,1.3348,-1.2377,NaN,NaN,NaN,NaN,NaN
540.38,-2.1948,-10.675,10.853,-1.5829,-0.91094,-10.319,-9.795,2.3625,-0.91627,0,0,0,NaN,NaN,NaN,NaN,NaN,NaN,NaN,NaN,NaN,47.63,0,2998.1,0.0069644,NaN,NaN,NaN,NaN,NaN,-1,-1,-1.2784,-0.78279,-10.084,-10.497,1.4431,-1.1772,NaN,NaN,NaN,NaN,NaN
540.38,-2.2189,-10.672,10.851,-0.82702,-0.82386,-9.9891,-10.24,1.3296,-0.86746,0,0,0,NaN,NaN,NaN,NaN,NaN,NaN,NaN,NaN,NaN,47.63,0,2998.1,0.0069644,NaN,NaN,NaN,NaN,NaN,-1,-1,-1.2664,-0.77595,-10.069,-10.432,1.3567,-1.1033,NaN,NaN,NaN,NaN,NaN
540.38,-2.2441,-10.669,10.849,-1.4017,-0.63185,-9.869,-10.74,1.0516,-0.98549,0,0,0,NaN,NaN,NaN,NaN,NaN,NaN,NaN,NaN,NaN,47.63,0,2998.1,0.0069644,NaN,NaN,NaN,NaN,NaN,-1,-1,-1.2578,-0.77058,-9.9887,-10.354,1.1947,-1.0117,NaN,NaN,NaN,NaN,NaN
540.38,-2.2685,-10.666,10.847,-1.6665,-0.36036,-10.187,-10.365,1.1499,-0.83829,0.63921,0.10852,-0.95196,8.4883,14.828,-3.6854,17.478,40.058,-88.55,3.6784e+05,4.4353e+06,317.72,47.63,0,2998.1,0.0069644,NaN,NaN,NaN,NaN,15.861,97035,10.125,-1.2647,-0.77058,-10.002,-10.279,1.2477,-0.92608,16.563,5.5171,0.84979,2.9371,18.4
540.39,-2.2933,-10.663,10.845,-1.0582,-0.9344,-10.137,-10.534,1.2924,-0.83354,0,0,0,NaN,NaN,NaN,NaN,NaN,NaN,NaN,NaN,NaN,47.63,0,2998.1,0.0069644,NaN,NaN,NaN,NaN,NaN,-1,-1,-1.2622,-0.75908,-10.012,-10.207,1.2259,-0.85259,NaN,NaN,NaN,NaN,NaN
540.39,-2.3183,-10.66,10.842,-1.3067,-1.9943,-10.463,-10.698,1.0807,-1.3349,0,0,0,NaN,NaN,NaN,NaN,NaN,NaN,NaN,NaN,NaN,47.63,0,2998.1,0.0069644,1.0173,2.948,0.65177,0.068258,NaN,-1,-1,-1.2622,-0.76956,-10.019,-10.173,1.1223,-0.77686,NaN,NaN,NaN,NaN,NaN
540.39,-2.3443,-10.655,10.84,-1.377,0.069444,-9.5869,-10.973,1.9929,-0.62813,0,0,0,NaN,NaN,NaN,NaN,NaN,NaN,NaN,NaN,NaN,47.63,0,2998.1,0.0069644,NaN,NaN,NaN,NaN,15.914,97056,10.25,-1.2534,-0.75803,-9.9327,-10.162,1.0772,-0.70053,NaN,NaN,NaN,NaN,NaN
540.39,-2.3676,-10.654,10.838,-1.3676,-0.57766,-10.216,-9.9715,0.23291,-0.82185,0.65098,0.11582,-0.94644,NaN,NaN,NaN,NaN,NaN,NaN,NaN,NaN,NaN,47.63,0,2998.1,0.0069644,NaN,NaN,NaN,NaN,15.71,97026,10.125,-1.2589,-0.74721,-9.9575,-10.142,1.1792,-0.64461,NaN,NaN,NaN,NaN,NaN
540.4,-2.4155,-10.645,10.836,-1.0326,-1.2149,-10.087,-10.251,1.397,-0.32819,0,0,0,NaN,NaN,NaN,NaN,NaN,NaN,NaN,NaN,NaN,47.63,0,2998.1,0.0069644,NaN,NaN,NaN,NaN,NaN,-1,-1,-1.2579,-0.74189,-9.9796,-10.118,1.0986,-0.58135,NaN,NaN,NaN,NaN,NaN
540.4,-2.4405,-10.642,10.835,-1.3535,-0.18161,-10.188,-10.494,1.148,-0.21967,0,0,0,NaN,NaN,NaN,NaN,NaN,NaN,NaN,NaN,NaN,47.63,0,2998.1,0.0069644,0.98988,2.9367,0.6402,0.10155,NaN,-1,-1,-1.2524,-0.7501,-9.9931,-10.104,1.0386,-0.52691,NaN,NaN,NaN,NaN,NaN
540.4,-2.4638,-10.639,10.835,-1.8712,-0.54061,-11.097,-9.863,1.3143,-0.29393,0.63917,0.12092,-0.94527,NaN,NaN,NaN,NaN,NaN,NaN,NaN,NaN,NaN,47.63,0,2998.1,0.0069644,NaN,2.9367,NaN,NaN,NaN,-1,-1,-1.2596,-0.74669,-10.02,-10.07,1.0666,-0.45487,NaN,NaN,NaN,NaN,NaN
540.4,-2.5129,-10.632,10.833,-0.8362,-1.1852,-9.7011,-10.617,0.40497,-0.51899,0,0,0,NaN,NaN,NaN,NaN,NaN,NaN,NaN,NaN,NaN,47.875,0,3016.6,0.0075089,NaN,NaN,NaN,NaN,15.838,97059,10.25,-1.2693,-0.74104,-10.031,-10.034,1.0471,-0.40178,NaN,NaN,NaN,NaN,NaN
540.41,-2.5384,-10.629,10.833,-1.8813,-0.44248,-10.216,-10.678,1.3107,-0.17246,0,0,0,NaN,NaN,NaN,NaN,NaN,NaN,NaN,NaN,NaN,47.875,0,3016.6,0.0075089,NaN,NaN,NaN,NaN,NaN,-1,-1,-1.2586,-0.72993,-10.048,-9.9829,1.0935,-0.32972,NaN,NaN,NaN,NaN,NaN
540.41,-2.5631,-10.626,10.832,-1.3792,-0.31616,-10.478,-10.423,1.1243,-0.26751,0.64882,0.11814,-0.94886,NaN,NaN,NaN,NaN,NaN,NaN,NaN,NaN,NaN,47.875,0,3016.6,0.0075089,NaN,NaN,NaN,NaN,NaN,-1,-1,-1.2718,-0.73323,-10.049,-9.9361,1.0613,-0.26214,NaN,NaN,NaN,NaN,NaN
540.41,-2.5882,-10.623,10.831,-1.0315,-1.5879,-10.383,-10.643,1.0796,-0.7724,0,0,0,NaN,NaN,NaN,NaN,NaN,NaN,NaN,NaN,NaN,47.875,0,3016.6,0.0075089,NaN,NaN,NaN,NaN,15.816,97062,10.313,-1.2679,-0.72835,-10.055,-9.9036,1.192,-0.19401,NaN,NaN,NaN,NaN,NaN
540.41,-2.6149,-10.621,10.831,-1.2396,-1.225,-9.4088,-11.161,0.81039,-0.12702,0,0,0,NaN,NaN,NaN,NaN,NaN,NaN,NaN,NaN,NaN,47.875,0,3016.6,0.0075089,1.0003,2.9331,0.6329,0.10572,NaN,-1,-1,-1.2636,-0.71096,-10.071,-9.885,1.1884,-0.12928,NaN,NaN,NaN,NaN,NaN
540.42,-2.6396,-10.618,10.831,-1.4655,0.49954,-11.189,-10.326,0.91352,-0.042513,0,0,0,NaN,NaN,NaN,NaN,NaN,NaN,NaN,NaN,NaN,47.875,0,3016.6,0.0075089,NaN,NaN,NaN,NaN,15.962,97029,10.125,-1.2664,-0.7244,-10.077,-9.8844,1.2347,-0.065819,NaN,NaN,NaN,NaN,NaN
540.42,-2.6625,-10.608,10.83,-1.075,-1.0527,-9.7213,-9.6879,3.7314,-0.16547,0.65138,0.1204,-0.95086,NaN,NaN,NaN,NaN,NaN,NaN,NaN,NaN,NaN,47.875,0,3016.6,0.0075089,NaN,NaN,NaN,NaN,NaN,-1,-1,-1.2649,-0.71367,-10.087,-9.8765,1.1703,-0.005036,NaN,NaN,NaN,NaN,NaN
540.42,0,0,0,0,0,0,0,0,0,0,0,0,NaN,NaN,NaN,NaN,NaN,NaN,NaN,NaN,NaN,47.875,0,3016.6,0.0075089,NaN,NaN,NaN,NaN,NaN,-1,-1,-1.267,-0.69289,-10.073,-9.8855,1.0958,0.053982,NaN,NaN,NaN,NaN,NaN
540.42,-2.6859,-10.609,10.83,-0.8527,-2.203,-9.2637,-9.8403,-0.35071,-0.16198,0,0,0,NaN,NaN,NaN,NaN,NaN,NaN,NaN,NaN,NaN,47.875,0,3016.6,0.0075089,NaN,NaN,NaN,NaN,15.859,97025,10.063,-1.2617,-0.6928,-10.084,-9.8873,1.1216,0.10942,NaN,NaN,NaN,NaN,NaN
540.43,-2.712,-10.61,10.832,-1.4143,0.20258,-11.656,-10.799,-0.30986,0.44015,0,0,0,NaN,NaN,NaN,NaN,NaN,NaN,NaN,NaN,NaN,47.875,0,3016.6,0.0075089,0.99699,NaN,NaN,NaN,NaN,-1,-1,-1.2592,-0.68505,-10.078,-9.8712,1.0856,0.17278,NaN,NaN,NaN,NaN,NaN
540.43,-2.7601,-10.592,10.834,-0.6207,-1.0171,-8.4492,-10.263,2.5066,0.57622,0.64849,0.12091,-0.9422,NaN,NaN,NaN,NaN,NaN,NaN,NaN,NaN,NaN,47.875,0,3016.6,0.0075089,NaN,NaN,NaN,NaN,NaN,-1,-1,-1.2665,-0.67295,-10.095,-9.8336,1.0802,0.24316,NaN,NaN,NaN,NaN,NaN
540.43,-2.7856,-10.596,10.835,-0.88349,-0.33845,-10.172,-10.538,-1.4093,0.52769,0,0,0,NaN,NaN,NaN,NaN,NaN,NaN,NaN,NaN,NaN,47.875,0,3016.6,0.0075089,NaN,NaN,NaN,NaN,15.938,97066,10.25,-1.2534,-0.67682,-10.071,-9.8137,1.09,0.31837,NaN,NaN,NaN,NaN,NaN
540.43,-2.8112,-10.591,10.836,-2.0078,-0.80617,-11.255,-10.643,1.7192,0.34068,0,0,0,NaN,NaN,NaN,NaN,NaN,NaN,NaN,NaN,NaN,47.875,0,3016.6,0.0075089,NaN,NaN,NaN,NaN,15.811,97050,10.188,-1.2495,-0.6677,-10.058,-9.7606,1.1135,0.39109,NaN,NaN,NaN,NaN,NaN
540.44,-2.8366,-10.584,10.837,-1.1643,-0.97011,-9.8949,-10.62,2.5645,0.11723,0,0,0,NaN,NaN,NaN,NaN,NaN,NaN,NaN,NaN,NaN,47.875,0,3016.6,0.0075089,NaN,NaN,NaN,NaN,NaN,-1,-1,-1.2552,-0.65564,-10.063,-9.7371,1.0757,0.4662,NaN,NaN,NaN,NaN,NaN
540.44,-2.8951,-10.63,10.88,-1.7411,-1.0458,-10.798,-10.691,0.88058,0.33169,0,0,0,NaN,NaN,NaN,NaN,NaN,NaN,NaN,NaN,NaN,47.875,0,3016.6,0.0075089,NaN,NaN,NaN,NaN,NaN,-1,-1,-1.261,-0.66524,-10.145,-9.7458,1.0836,0.53939,NaN,NaN,NaN,NaN,NaN
540.44,-2.9199,-10.624,10.882,-1.2728,-0.3125,-10.382,-10.28,2.2528,0.62223,0,0,0,NaN,NaN,NaN,NaN,NaN,NaN,NaN,NaN,NaN,47.875,0,3016.6,0.0075089,NaN,NaN,NaN,NaN,NaN,-1,-1,-1.2587,-0.6694,-10.132,-9.7486,1.0787,0.61137,NaN,NaN,NaN,NaN,NaN
540.44,-2.9435,-10.621,10.883,-0.89571,-0.30984,-9.5016,-9.8145,1.1117,0.48954,0,0,0,NaN,NaN,NaN,NaN,NaN,NaN,NaN,NaN,NaN,47.875,0,3016.6,0.0075089,NaN,NaN,NaN,NaN,15.81,97038,10.125,-1.2599,-0.66189,-10.143,-9.7739,1.0623,0.68455,NaN,NaN,NaN,NaN,NaN
540.45,-2.9663,-10.618,10.885,-1.1465,-1.4581,-10.416,-9.4738,0.96188,0.68635,0.6439,0.12086,-0.94484,NaN,NaN,NaN,NaN,NaN,NaN,NaN,NaN,NaN,47.875,0,3016.6,0.0075089,NaN,NaN,NaN,NaN,NaN,-1,-1,-1.2599,-0.65497,-10.141,-9.7932,1.0667,0.7306,NaN,NaN,NaN,NaN,NaN
540.45,-2.99,-10.616,10.888,-1.1795,-1.0303,-11.228,-9.7298,0.61977,1.106,0,0,0,NaN,NaN,NaN,NaN,NaN,NaN,NaN,NaN,NaN,47.875,0,3016.6,0.0075089,NaN,NaN,NaN,NaN,NaN,-1,-1,-1.2572,-0.64875,-10.123,-9.8297,1.0836,0.79383,NaN,NaN,NaN,NaN,NaN
540.45,-3.0139,-10.612,10.89,-1.6652,0.079237,-10.531,-9.8736,1.7302,0.7822,0,0,0,NaN,NaN,NaN,NaN,NaN,NaN,NaN,NaN,NaN,47.875,0,3016.6,0.0075089,1.0173,2.9486,0.65116,0.06909,15.758,97023,10.063,-1.2696,-0.66107,-10.228,-9.8177,1.0037,0.8512,NaN,NaN,NaN,NaN,NaN
540.45,-3.0374,-10.604,10.893,-1.1501,-0.66513,-9.4625,-9.6337,2.8915,1.3027,0,0,0,NaN,NaN,NaN,NaN,NaN,NaN,NaN,NaN,NaN,47.875,0,3016.6,0.0075089,NaN,NaN,NaN,NaN,NaN,-1,-1,-1.2695,-0.64982,-10.242,-9.8057,1.0531,0.9342,NaN,NaN,NaN,NaN,NaN
540.46,-3.0861,-10.601,10.899,-1.6623,-0.44849,-11.006,-10.143,1.4671,0.99924,0,0,0,NaN,NaN,NaN,NaN,NaN,NaN,NaN,NaN,NaN,47.875,0,3016.6,0.0075089,NaN,NaN,NaN,NaN,15.887,97051,10.188,-1.2716,-0.65343,-10.25,-9.7943,1.0448,1.0043,NaN,NaN,NaN,NaN,NaN
540.46,-3.1113,-10.594,10.902,-1.3416,-1.1177,-9.383,-10.309,2.4886,1.3204,0,0,0,NaN,NaN,NaN,NaN,NaN,NaN,NaN,NaN,NaN,47.875,0,3016.6,0.0075089,NaN,NaN,NaN,NaN,NaN,-1,-1,-1.2716,-0.64788,-10.251,-9.7782,1.0422,1.0738,NaN,NaN,NaN,NaN,NaN
540.46,-3.1363,-10.597,10.905,-1.179,-0.48963,-10.291,-10.273,-1.3356,0.93627,0,0,0,NaN,NaN,NaN,NaN,NaN,NaN,NaN,NaN,NaN,47.875,0,3016.6,0.0075089,NaN,NaN,NaN,NaN,NaN,-1,-1,-1.2707,-0.63478,-10.261,-9.7848,1.028,1.1364,NaN,NaN,NaN,NaN,NaN
540.46,-3.1612,-10.592,10.908,-1.4877,-0.85017,-12.033,-10.263,1.7852,1.1033,0.63999,0.135,-0.95188,NaN,NaN,NaN,NaN,NaN,NaN,NaN,NaN,NaN,47.875,0,3016.6,0.0075089,0.99535,2.9331,0.63838,0.098224,15.89,97092,10.375,-1.2671,-0.63455,-10.259,-9.8106,1.0303,1.2186,NaN,NaN,NaN,NaN,NaN
540.47,-3.2098,-10.586,10.914,-1.0846,-0.08883,-9.8384,-9.7269,-1.1199,1.2805,0,0,0,NaN,NaN,NaN,NaN,NaN,NaN,NaN,NaN,NaN,47.875,0,3016.6,0.0075089,NaN,NaN,NaN,NaN,NaN,-1,-1,-1.2677,-0.62651,-10.27,-9.8306,1.0189,1.2841,NaN,NaN,NaN,NaN,NaN
540.47,-3.2098,-10.586,10.914,-1.0846,-0.08883,-9.8384,-9.7269,-1.1199,1.2805,0,0,0,NaN,NaN,NaN,NaN,NaN,NaN,NaN,NaN,NaN,47.875,0,3016.6,0.0075089,NaN,NaN,NaN,NaN,NaN,-1,-1,-1.2689,-0.62888,-10.283,-9.8827,0.98955,1.3303,NaN,NaN,NaN,NaN,NaN
540.47,-3.2325,-10.583,10.918,-1.3094,-0.88599,-10.862,-9.306,1.0995,1.278,0,0,0,NaN,NaN,NaN,NaN,NaN,NaN,NaN,NaN,NaN,47.875,0,3016.6,0.0075089,NaN,NaN,NaN,NaN,15.937,97029,10.125,-1.2685,-0.6304,-10.285,-9.9539,0.99187,1.4028,NaN,NaN,NaN,NaN,NaN
540.47,-3.2561,-10.576,10.922,-1.0326,-1.3551,-11.421,-9.5865,2.2662,1.6401,0.64222,0.13509,-0.94945,NaN,NaN,NaN,NaN,NaN,NaN,NaN,NaN,NaN,47.875,0,3016.6,0.0075089,NaN,NaN,NaN,NaN,NaN,-1,-1,-1.273,-0.62356,-10.287,-9.9932,1.0026,1.4642,NaN,NaN,NaN,NaN,NaN
540.48,-3.3021,-10.569,10.931,-1.5897,-0.35867,-10.616,-9.0149,0.8788,1.5131,0,0,0,NaN,NaN,NaN,NaN,NaN,NaN,NaN,NaN,NaN,47.875,0,3016.6,0.0075089,1.0036,2.9343,0.64385,0.0899,15.763,97056,10.25,-1.2689,-0.61156,-10.275,-10.004,1.0373,1.5148,NaN,NaN,NaN,NaN,NaN
540.48,-3.3262,-10.565,10.936,-0.88849,-0.73203,-10.365,-9.7245,1.307,1.8681,0,0,0,NaN,NaN,NaN,NaN,NaN,NaN,NaN,NaN,NaN,47.875,0,3016.6,0.0075089,1.0036,2.9343,0.64385,0.0899,NaN,-1,-1,-1.2667,-0.61463,-10.28,-9.6626,0.97263,1.558,NaN,NaN,NaN,NaN,NaN
540.48,-3.3493,-10.563,10.939,-1.176,-0.62151,-10.221,-9.4484,0.57153,1.4883,0.64425,0.13289,-0.94481,NaN,NaN,NaN,NaN,NaN,NaN,NaN,NaN,NaN,47.875,0,3016.6,0.0075089,NaN,NaN,NaN,NaN,NaN,-1,-1,-1.2648,-0.60038,-10.294,-9.6012,0.95217,1.6037,NaN,NaN,NaN,NaN,NaN
540.48,-3.3741,-10.559,10.944,-1.8776,-0.92689,-10.081,-10.107,1.7311,1.5544,0,0,0,NaN,NaN,NaN,NaN,NaN,NaN,NaN,NaN,NaN,47.875,0,3016.6,0.0075089,NaN,NaN,NaN,NaN,16.017,97062,10.313,-1.264,-0.59495,-10.298,-9.5552,0.88714,1.6693,NaN,NaN,NaN,NaN,NaN
540.49,-3.3981,-10.559,10.948,-1.0486,-0.35612,-10.051,-9.726,-0.29089,1.6876,0,0,0,NaN,NaN,NaN,NaN,NaN,NaN,NaN,NaN,NaN,47.875,0,3016.6,0.0075089,NaN,NaN,NaN,NaN,NaN,-1,-1,-1.2641,-0.59178,-10.296,-9.5117,0.89778,1.7392,NaN,NaN,NaN,NaN,NaN
540.49,-3.4234,-10.556,10.953,-1.2961,-0.87911,-11.425,-10.248,0.91713,1.827,0,0,0,NaN,NaN,NaN,NaN,NaN,NaN,NaN,NaN,NaN,47.875,0,3016.6,0.0075089,0.99754,NaN,NaN,NaN,NaN,-1,-1,-1.2616,-0.58944,-10.285,-9.4752,0.80636,1.8026,NaN,NaN,NaN,NaN,NaN
540.49,-3.4477,-10.55,10.958,-1.6352,-0.45883,-9.889,-9.8477,1.9784,1.8382,0.64411,0.12808,-0.94482,NaN,NaN,NaN,NaN,NaN,NaN,NaN,NaN,NaN,47.875,0,3016.6,0.0075089,NaN,2.9474,0.63838,0.081576,16.134,97041,10.125,-1.2636,-0.58658,-10.281,-9.4576,0.79009,1.8514,NaN,NaN,NaN,NaN,NaN
540.49,-3.471,-10.549,10.962,-1.0286,-0.34231,-9.8198,-9.4415,0.39477,1.771,0,0,0,NaN,NaN,NaN,NaN,NaN,NaN,NaN,NaN,NaN,47.875,0,3016.6,0.0075089,NaN,NaN,NaN,NaN,NaN,-1,-1,-1.2634,-0.5765,-10.289,-9.4514,0.83216,1.901,NaN,NaN,NaN,NaN,NaN
540.5,-3.4939,-10.546,10.968,-1.0342,-0.75691,-9.9322,-9.2663,0.7822,1.9345,0,0,0,NaN,NaN,NaN,NaN,NaN,NaN,NaN,NaN,NaN,47.875,0,3016.6,0.0075089,NaN,NaN,NaN,NaN,15.937,97074,10.25,-1.2602,-0.5702,-10.282,-9.446,0.85632,1.9422,NaN,NaN,NaN,NaN,NaN
540.5,-3.5154,-10.543,10.973,-1.2918,-1.1991,-11.356,-8.6913,1.3112,1.8858,0,0,0,NaN,NaN,NaN,NaN,NaN,NaN,NaN,NaN,NaN,47.875,0,3016.6,0.0075089,NaN,NaN,NaN,NaN,NaN,-1,-1,-1.2596,-0.56543,-10.272,-9.4312,0.85003,2.0014,NaN,NaN,NaN,NaN,NaN
540.5,-3.5376,-10.541,10.978,-1.286,-0.090649,-10.171,-8.9808,0.47991,2.1151,0.64424,0.12796,-0.94704,NaN,NaN,NaN,NaN,NaN,NaN,NaN,NaN,NaN,47.875,0,3016.6,0.0075089,NaN,NaN,NaN,NaN,NaN,-1,-1,-1.2587,-0.56963,-10.277,-9.4112,0.84191,2.04,NaN,NaN,NaN,NaN,NaN
540.5,-3.5594,-10.537,10.984,-1.5143,-0.34987,-10.589,-8.7671,1.0756,2.2595,0,0,0,NaN,NaN,NaN,NaN,NaN,NaN,NaN,NaN,NaN,47.875,0,3016.6,0.0075089,NaN,NaN,NaN,NaN,15.935,97062,10.188,-1.2592,-0.55918,-10.264,-9.3509,0.81316,2.0874,NaN,NaN,NaN,NaN,NaN
540.51,-3.5823,-10.531,10.989,-1.1975,-0.49575,-10.063,-9.2023,2.3888,2.2333,0,0,0,NaN,NaN,NaN,NaN,NaN,NaN,NaN,NaN,NaN,47.875,0,3016.6,0.0075089,NaN,NaN,NaN,NaN,NaN,-1,-1,-1.2634,-0.54341,-10.27,-9.3027,0.81395,2.1402,NaN,NaN,NaN,NaN,NaN
540.51,-3.6057,-10.531,10.995,-1.0077,-0.59903,-9.6948,-9.4758,-0.36898,1.9198,0,0,0,NaN,NaN,NaN,NaN,NaN,NaN,NaN,NaN,NaN,47.875,0,3016.6,0.0075089,NaN,NaN,NaN,NaN,NaN,-1,-1,-1.2562,-0.53277,-10.248,-9.2631,0.87763,2.1843,NaN,NaN,NaN,NaN,NaN
540.51,-3.6303,-10.528,11.001,-1.5071,-0.77051,-10.627,-9.8309,1.0046,2.439,0.63757,0.1425,-0.94764,NaN,NaN,NaN,NaN,NaN,NaN,NaN,NaN,NaN,47.875,0,3016.6,0.0075089,NaN,NaN,NaN,NaN,15.913,97042,10.188,-1.2533,-0.53443,-10.231,-9.2021,0.95458,2.2527,NaN,NaN,NaN,NaN,NaN
540.51,-3.6538,-10.525,11.007,-1.3679,-0.041977,-9.6189,-9.4303,1.0557,2.441,0,0,0,NaN,NaN,NaN,NaN,NaN,NaN,NaN,NaN,NaN,47.63,0,3029.5,0.0064211,NaN,NaN,NaN,NaN,NaN,-1,-1,-1.2494,-0.51812,-10.219,-9.1914,0.98857,2.3045,NaN,NaN,NaN,NaN,NaN
540.52,-3.6778,-10.523,11.014,-1.1978,-0.87409,-10.915,-9.584,0.39591,2.4248,0,0,0,NaN,NaN,NaN,NaN,NaN,NaN,NaN,NaN,NaN,47.63,0,3029.5,0.0064211,NaN,NaN,NaN,NaN,15.812,97068,10.25,-1.2489,-0.51736,-10.228,-9.1931,1.0585,2.359,NaN,NaN,NaN,NaN,NaN
540.52,-3.7007,-10.521,11.02,-1.3925,-0.90738,-10.684,-9.2285,0.67437,2.131,0,0,0,NaN,NaN,NaN,NaN,NaN,NaN,NaN,NaN,NaN,47.63,0,3029.5,0.0064211,1.0173,2.9558,0.65724,0.079079,NaN,-1,-1,-1.2495,-0.51611,-10.213,-9.1767,1.0182,2.3893,NaN,NaN,NaN,NaN,NaN
540.52,-3.7238,-10.518,11.026,-1.412,0.082692,-9.6222,-9.2643,0.89742,2.4996,0.64413,0.13795,-0.94036,NaN,NaN,NaN,NaN,NaN,NaN,NaN,NaN,NaN,47.63,0,3029.5,0.0064211,NaN,NaN,NaN,NaN,NaN,-1,-1,-1.2484,-0.50477,-10.23,-9.1678,1.0358,2.4331,NaN,NaN,NaN,NaN,NaN
540.52,-3.7452,-10.513,11.032,-0.77137,-0.44749,-9.8524,-8.5728,1.4604,2.4781,0,0,0,NaN,NaN,NaN,NaN,NaN,NaN,NaN,NaN,NaN,47.63,0,3029.5,0.0064211,NaN,NaN,NaN,NaN,15.939,97059,10.25,-1.2503,-0.49809,-10.217,-9.1444,0.94539,2.4805,NaN,NaN,NaN,NaN,NaN
540.53,-3.7666,-10.512,11.038,-1.4051,-1.4836,-10.128,-8.6014,0.19567,2.1943,0,0,0,NaN,NaN,NaN,NaN,NaN,NaN,NaN,NaN,NaN,47.63,0,3029.5,0.0064211,NaN,NaN,NaN,NaN,NaN,-1,-1,-1.2459,-0.49587,-10.198,-9.1054,0.89169,2.5312,NaN,NaN,NaN,NaN,NaN
540.53,-3.7887,-10.512,11.045,-1.3673,-0.24599,-12.081,-8.812,-0.19664,2.53,0,0,0,NaN,NaN,NaN,NaN,NaN,NaN,NaN,NaN,NaN,47.63,0,3029.5,0.0064211,1.0534,2.8418,0.7114,0.018313,NaN,-1,-1,-1.2489,-0.48419,-10.189,-9.0423,0.89447,2.5795,NaN,NaN,NaN,NaN,NaN
540.53,-3.8113,-10.506,11.052,-1.4489,-0.035181,-9.7597,-9.0319,2.2214,2.6738,0.64444,0.13025,-0.94925,NaN,NaN,NaN,NaN,NaN,NaN,NaN,NaN,NaN,47.63,0,3029.5,0.0064211,NaN,NaN,NaN,NaN,15.96,97041,10.125,-1.2492,-0.47337,-10.185,-8.991,0.89675,2.6291,NaN,NaN,NaN,NaN,NaN
540.53,-3.8332,-10.5,11.059,-0.91645,-0.20089,-9.1697,-8.6717,1.9186,3.0401,0,0,0,NaN,NaN,NaN,NaN,NaN,NaN,NaN,NaN,NaN,47.63,0,3029.5,0.0064211,NaN,NaN,NaN,NaN,16.037,97071,10.25,-1.24,-0.46631,-10.166,-8.9103,0.88872,2.6697,NaN,NaN,NaN,NaN,NaN
540.54,-3.8557,-10.5,11.067,-1.2809,-0.32454,-10.504,-8.9322,-0.0074485,2.7593,0,0,0,NaN,NaN,NaN,NaN,NaN,NaN,NaN,NaN,NaN,47.63,0,3029.5,0.0064211,NaN,NaN,NaN,NaN,NaN,-1,-1,-1.2408,-0.46698,-10.158,-8.8435,0.91777,2.7335,NaN,NaN,NaN,NaN,NaN
540.54,-3.9023,-10.494,11.081,-1.2391,-0.12935,-10.763,-9.4858,0.96555,2.7095,0.64474,0.14975,-0.94476,NaN,NaN,NaN,NaN,NaN,NaN,NaN,NaN,NaN,47.63,0,3029.5,0.0064211,NaN,NaN,NaN,NaN,15.887,97067,10.25,-1.2492,-0.45081,-10.143,-8.7781,0.89624,2.7777,NaN,NaN,NaN,NaN,NaN
540.54,-3.9249,-10.49,11.088,-1.1314,-0.68828,-8.9441,-8.9959,1.607,2.7095,0,0,0,NaN,NaN,NaN,NaN,NaN,NaN,NaN,NaN,NaN,47.63,0,3029.5,0.0064211,1.0025,2.9367,0.63533,0.097392,NaN,-1,-1,-1.2435,-0.44334,-10.149,-8.7565,0.90312,2.8197,NaN,NaN,NaN,NaN,NaN
540.54,-3.9712,-10.487,11.102,-1.5628,-0.040001,-10.636,-9.1362,0.67729,2.8565,0,0,0,NaN,NaN,NaN,NaN,NaN,NaN,NaN,NaN,NaN,47.63,0,3029.5,0.0064211,NaN,NaN,NaN,NaN,15.914,97080,10.313,-1.2427,-0.44456,-10.133,-8.7278,0.92198,2.8588,NaN,NaN,NaN,NaN,NaN
540.55,-3.9934,-10.483,11.11,-1.0524,-0.1918,-10.086,-8.7748,1.3677,3.0976,0.63096,0.14958,-0.95269,NaN,NaN,NaN,NaN,NaN,NaN,NaN,NaN,NaN,47.63,0,3029.5,0.0064211,NaN,NaN,NaN,NaN,NaN,-1,-1,-1.2465,-0.43205,-10.124,-8.7052,0.84178,2.8955,NaN,NaN,NaN,NaN,NaN
540.55,-4.0147,-10.48,11.117,-1.0059,-1.0781,-9.9426,-8.4612,0.72531,2.7624,0,0,0,NaN,NaN,NaN,NaN,NaN,NaN,NaN,NaN,NaN,47.63,0,3029.5,0.0064211,NaN,NaN,NaN,NaN,16.062,97110,10.375,-1.2517,-0.42973,-10.117,-8.694,0.92161,2.9376,NaN,NaN,NaN,NaN,NaN
540.55,-4.0364,-10.481,11.125,-1.097,-0.59406,-10.615,-8.5686,-0.44582,3.1103,0,0,0,NaN,NaN,NaN,NaN,NaN,NaN,NaN,NaN,NaN,47.63,0,3029.5,0.0064211,1.0063,NaN,NaN,NaN,NaN,-1,-1,-1.2529,-0.4209,-10.117,-8.6444,0.86622,2.9772,NaN,NaN,NaN,NaN,NaN
540.55,-4.0577,-10.475,11.132,-1.9374,0.11155,-11.517,-8.4782,1.9254,2.78,0,0,0,NaN,NaN,NaN,NaN,NaN,NaN,NaN,NaN,NaN,47.63,0,3029.5,0.0064211,NaN,2.8293,0.71201,0.039956,NaN,-1,-1,-1.2509,-0.42077,-10.102,-8.5844,0.77527,3.0124,NaN,NaN,NaN,NaN,NaN
540.56,-4.0782,-10.471,11.14,-1.0785,-0.019511,-8.9016,-8.0799,1.1325,3.1843,0.63509,0.14759,-0.9434,NaN,NaN,NaN,NaN,NaN,NaN,NaN,NaN,NaN,47.63,0,3029.5,0.0064211,NaN,NaN,NaN,NaN,15.986,97054,10.188,-1.2528,-0.42171,-10.108,-8.5024,0.80502,3.0438,NaN,NaN,NaN,NaN,NaN
540.56,-4.1219,-10.466,11.156,-1.7369,-0.98149,-10.098,-8.8116,1.727,3.0466,0,0,0,NaN,NaN,NaN,NaN,NaN,NaN,NaN,NaN,NaN,47.63,0,3029.5,0.0064211,NaN,NaN,NaN,NaN,NaN,-1,-1,-1.2564,-0.40803,-10.099,-8.4275,0.79098,3.0896,NaN,NaN,NaN,NaN,NaN
540.56,-4.1439,-10.464,11.165,-1.4341,0.33154,-10.277,-8.6377,0.49887,3.2923,0,0,0,NaN,NaN,NaN,NaN,NaN,NaN,NaN,NaN,NaN,47.63,0,3029.5,0.0064211,NaN,NaN,NaN,NaN,NaN,-1,-1,-1.2543,-0.40295,-10.085,-8.3323,0.70484,3.1491,NaN,NaN,NaN,NaN,NaN
540.56,-4.1654,-10.464,11.173,-1.103,-0.5946,-9.6417,-8.4768,-0.42387,3.2225,0.6278,0.1454,-0.94182,NaN,NaN,NaN,NaN,NaN,NaN,NaN,NaN,NaN,47.63,0,3029.5,0.0064211,NaN,NaN,NaN,NaN,15.759,97019,10.063,-1.254,-0.39533,-10.066,-8.2644,0.7304,3.1971,NaN,NaN,NaN,NaN,NaN
540.57,-4.1878,-10.462,11.181,-1.3819,-1.0598,-11.487,-8.8516,0.45327,2.979,0,0,0,NaN,NaN,NaN,NaN,NaN,NaN,NaN,NaN,NaN,47.63,0,3029.5,0.0064211,NaN,NaN,NaN,NaN,NaN,-1,-1,-1.2557,-0.38419,-10.076,-8.2421,0.69373,3.2217,NaN,NaN,NaN,NaN,NaN
540.57,-4.2298,-10.455,11.198,-1.3379,0.30811,-9.9614,-7.8,0.52294,3.1258,0,0,0,NaN,NaN,NaN,NaN,NaN,NaN,NaN,NaN,NaN,47.63,0,3029.5,0.0064211,NaN,NaN,NaN,NaN,NaN,-1,-1,-1.2595,-0.38635,-10.062,-8.212,0.6436,3.2522,NaN,NaN,NaN,NaN,NaN
540.57,-4.2488,-10.453,11.206,-1.1003,-1.1497,-9.8767,-7.4778,0.67294,3.3397,0.64184,0.14039,-0.94056,NaN,NaN,NaN,NaN,NaN,NaN,NaN,NaN,NaN,47.63,0,3029.5,0.0064211,NaN,NaN,NaN,NaN,15.94,97075,10.313,-1.2569,-0.37341,-10.069,-8.1739,0.60299,3.288,NaN,NaN,NaN,NaN,NaN
540.57,-4.2692,-10.452,11.216,-1.0185,-0.73823,-10.878,-7.9254,-0.012204,3.6939,0,0,0,NaN,NaN,NaN,NaN,NaN,NaN,NaN,NaN,NaN,47.63,0,3029.5,0.0064211,NaN,NaN,NaN,NaN,NaN,-1,-1,-1.2646,-0.37035,-10.075,-8.1318,0.58774,3.322,NaN,NaN,NaN,NaN,NaN
540.58,-4.2888,-10.448,11.225,-1.6077,0.44567,-10.933,-7.6712,1.196,3.4284,0,0,0,NaN,NaN,NaN,NaN,NaN,NaN,NaN,NaN,NaN,47.63,0,3029.5,0.0064211,1.0123,2.8215,0.71445,0.034961,15.96,97064,10.188,-1.2649,-0.35572,-10.046,-8.2657,0.56379,3.4772,NaN,NaN,NaN,NaN,NaN
540.58,-4.3079,-10.443,11.234,-1.4718,-0.43792,-10.183,-7.4597,1.5302,3.4593,0,0,0,NaN,NaN,NaN,NaN,NaN,NaN,NaN,NaN,NaN,47.63,0,3029.5,0.0064211,NaN,NaN,NaN,NaN,NaN,-1,-1,-1.2569,-0.35526,-10.01,-8.1536,0.5047,3.4938,NaN,NaN,NaN,NaN,NaN
540.58,-4.3277,-10.442,11.242,-0.86775,-0.39379,-9.6451,-7.8009,-0.0322,3.3038,0.63077,0.15716,-0.94601,NaN,NaN,NaN,NaN,NaN,NaN,NaN,NaN,NaN,47.63,0,3029.5,0.0064211,NaN,NaN,NaN,NaN,NaN,-1,-1,-1.255,-0.35321,-10.02,-8.0168,0.58173,3.4998,NaN,NaN,NaN,NaN,NaN
540.58,-4.3481,-10.441,11.251,-1.4396,0.29462,-10.209,-7.9979,0.1115,3.2778,0,0,0,NaN,NaN,NaN,NaN,NaN,NaN,NaN,NaN,NaN,47.63,0,3029.5,0.0064211,NaN,NaN,NaN,NaN,16.014,97060,10.25,-1.2641,-0.34364,-10.031,-7.894,0.49938,3.5033,NaN,NaN,NaN,NaN,NaN
540.59,-4.3682,-10.436,11.26,-1.508,-0.64401,-11.223,-7.8341,1.4528,3.5554,0,0,0,NaN,NaN,NaN,NaN,NaN,NaN,NaN,NaN,NaN,47.63,0,3029.5,0.0064211,NaN,NaN,NaN,NaN,NaN,-1,-1,-1.2656,-0.33879,-9.9899,-7.9666,0.43285,3.6384,NaN,NaN,NaN,NaN,NaN
540.59,-4.3888,-10.434,11.269,-1.4147,-0.58691,-9.0764,-8.0329,0.56688,3.7026,0,0,0,NaN,NaN,NaN,NaN,NaN,NaN,NaN,NaN,NaN,47.63,0,3029.5,0.0064211,NaN,NaN,NaN,NaN,NaN,-1,-1,-1.2565,-0.33108,-9.9781,-7.8122,0.49464,3.6162,NaN,NaN,NaN,NaN,NaN
540.59,-4.4099,-10.434,11.278,-1.1201,-0.44836,-10.923,-8.2962,-0.20472,3.3516,0.62815,0.15744,-0.94179,NaN,NaN,NaN,NaN,NaN,NaN,NaN,NaN,NaN,47.63,0,3029.5,0.0064211,1.0572,2.8526,0.7114,0.010821,16.134,97062,10.188,-1.2598,-0.31746,-9.9631,-7.6628,0.44129,3.618,NaN,NaN,NaN,NaN,NaN
540.59,-4.4304,-10.431,11.287,-1.2891,-0.093973,-10.286,-8.0065,0.44364,3.5054,0,0,0,NaN,NaN,NaN,NaN,NaN,NaN,NaN,NaN,NaN,47.63,0,3029.5,0.0064211,NaN,NaN,NaN,NaN,NaN,-1,-1,-1.2632,-0.31258,-9.9494,-7.538,0.35555,3.6134,NaN,NaN,NaN,NaN,NaN
540.6,-4.469,-10.422,11.306,-0.65586,-0.35158,-9.2315,-7.3356,0.78776,3.5552,0,0,0,NaN,NaN,NaN,NaN,NaN,NaN,NaN,NaN,NaN,47.63,0,3029.5,0.0064211,NaN,NaN,NaN,NaN,15.913,97086,10.313,-1.2577,-0.31503,-9.9158,-7.4127,0.3777,3.6019,NaN,NaN,NaN,NaN,NaN
540.6,-4.4874,-10.426,11.316,-1.2386,-1.0924,-10.781,-7.1032,-1.9065,3.7203,0.64948,0.15462,-0.9421,NaN,NaN,NaN,NaN,NaN,NaN,NaN,NaN,NaN,47.63,0,3029.5,0.0064211,NaN,NaN,NaN,NaN,NaN,-1,-1,-1.2654,-0.30296,-9.9164,-7.2956,0.36087,3.5925,NaN,NaN,NaN,NaN,NaN
540.6,-4.5066,-10.42,11.326,-1.4727,0.087782,-11.748,-7.4306,2.005,3.921,0,0,0,NaN,NaN,NaN,NaN,NaN,NaN,NaN,NaN,NaN,47.63,0,3029.5,0.0064211,NaN,NaN,NaN,NaN,NaN,-1,-1,-1.2731,-0.28711,-9.8988,-7.181,0.3053,3.578,NaN,NaN,NaN,NaN,NaN
540.6,-4.542,-10.416,11.346,-1.0153,0.14864,-9.9907,-6.6753,-1.7009,3.7649,0,0,0,NaN,NaN,NaN,NaN,NaN,NaN,NaN,NaN,NaN,47.63,0,3029.5,0.0064211,1.0025,2.9325,0.63473,0.09656,15.861,97035,10.125,-1.2669,-0.28442,-9.8688,-7.0609,0.287,3.5953,NaN,NaN,NaN,NaN,NaN
540.61,-4.5608,-10.413,11.355,-1.1689,-0.44281,-10.768,-7.3243,0.58235,3.7243,0.63077,0.15716,-0.94601,8.2401,15.097,-3.689,17.59,40.058,-88.55,3.6784e+05,4.4353e+06,316.7,47.63,0,3029.5,0.0064211,NaN,NaN,NaN,NaN,NaN,-1,-1,-1.2607,-0.2816,-9.8467,-6.9219,0.29692,3.5917,16.82,5.0377,1.0637,3.6184,16.642
540.61,-4.58,-10.407,11.365,-1.7946,-0.73376,-9.7449,-7.4135,2.1545,3.9792,0,0,0,NaN,NaN,NaN,NaN,NaN,NaN,NaN,NaN,NaN,47.63,0,3029.5,0.0064211,NaN,NaN,NaN,NaN,NaN,-1,-1,-1.2647,-0.27157,-9.8346,-6.7844,0.27542,3.5954,NaN,NaN,NaN,NaN,NaN
540.61,-4.5992,-10.408,11.376,-1.056,0.16026,-9.5744,-7.3857,-0.86929,4.0327,0,0,0,NaN,NaN,NaN,NaN,NaN,NaN,NaN,NaN,NaN,47.63,0,3029.5,0.0064211,NaN,NaN,NaN,NaN,15.938,97063,10.25,-1.2575,-0.27012,-9.8008,-6.6629,0.26421,3.5969,NaN,NaN,NaN,NaN,NaN
540.61,-4.6181,-10.408,11.386,-1.2621,-0.69409,-11.317,-7.327,-0.66721,3.8007,0,0,0,NaN,NaN,NaN,NaN,NaN,NaN,NaN,NaN,NaN,47.826,0,3046.6,0.0069644,NaN,NaN,NaN,NaN,NaN,-1,-1,-1.2566,-0.2645,-9.8049,-6.5261,0.29854,3.6049,NaN,NaN,NaN,NaN,NaN
540.62,-4.6376,-10.402,11.395,-1.4869,-0.51963,-10.522,-7.6378,2.123,3.4674,0.63564,0.16191,-0.94557,NaN,NaN,NaN,NaN,NaN,NaN,NaN,NaN,NaN,47.826,0,3046.6,0.0069644,1.0063,NaN,NaN,NaN,15.985,97039,10.125,-1.2624,-0.25039,-9.7762,-6.424,0.29392,3.6148,NaN,NaN,NaN,NaN,NaN
540.62,-4.6562,-10.4,11.405,-1.1728,0.3797,-9.5558,-7.1974,0.47172,3.7059,0,0,0,NaN,NaN,NaN,NaN,NaN,NaN,NaN,NaN,NaN,47.826,0,3046.6,0.0069644,NaN,2.9409,0.63533,0.090733,NaN,-1,-1,-1.2514,-0.25321,-9.6963,-6.348,0.29641,3.6322,NaN,NaN,NaN,NaN,NaN
540.62,-4.6889,-10.397,11.425,-1.32,-0.99182,-11.44,-5.9572,-0.48885,4.0208,0,0,0,NaN,NaN,NaN,NaN,NaN,NaN,NaN,NaN,NaN,47.826,0,3046.6,0.0069644,NaN,NaN,NaN,NaN,NaN,-1,-1,-1.2567,-0.2556,-9.7047,-6.2687,0.20688,3.6509,NaN,NaN,NaN,NaN,NaN
540.62,-4.7057,-10.393,11.436,-1.2389,0.097725,-10.217,-6.4154,1.1487,4.3709,0.64205,0.14761,-0.94054,NaN,NaN,NaN,NaN,NaN,NaN,NaN,NaN,NaN,47.826,0,3046.6,0.0069644,NaN,NaN,NaN,NaN,15.836,97056,10.188,-1.2605,-0.24747,-9.6879,-6.2068,0.15496,3.6618,NaN,NaN,NaN,NaN,NaN
540.63,-4.722,-10.389,11.447,-1.4314,-0.16573,-10.035,-6.1697,1.1111,4.2892,0,0,0,NaN,NaN,NaN,NaN,NaN,NaN,NaN,NaN,NaN,47.826,0,3046.6,0.0069644,NaN,NaN,NaN,NaN,NaN,-1,-1,-1.2609,-0.24755,-9.6997,-6.1067,0.12698,3.6714,NaN,NaN,NaN,NaN,NaN
540.63,-4.7388,-10.389,11.459,-1.1413,0.057913,-9.9864,-6.3673,-0.3428,4.3853,0,0,0,NaN,NaN,NaN,NaN,NaN,NaN,NaN,NaN,NaN,47.826,0,3046.6,0.0069644,NaN,NaN,NaN,NaN,NaN,-1,-1,-1.2605,-0.24011,-9.6904,-5.9938,0.22474,3.6994,NaN,NaN,NaN,NaN,NaN
540.63,0,0,0,0,0,0,0,0,0,0,0,0,NaN,NaN,NaN,NaN,NaN,NaN,NaN,NaN,NaN,47.826,0,3046.6,0.0069644,NaN,NaN,NaN,NaN,15.813,97060,10.25,-1.2542,-0.23678,-9.6147,-5.889,0.18939,3.7353,NaN,NaN,NaN,NaN,NaN
540.63,-4.7727,-10.38,11.479,-1.3449,-0.90931,-8.8511,-6.7183,1.323,4.0207,0.63761,0.16224,-0.9387,NaN,NaN,NaN,NaN,NaN,NaN,NaN,NaN,NaN,47.826,0,3046.6,0.0069644,NaN,NaN,NaN,NaN,NaN,-1,-1,-1.2565,-0.22551,-9.6196,-5.7837,0.17488,3.757,NaN,NaN,NaN,NaN,NaN
540.64,-4.7907,-10.385,11.491,-1.4542,0.35522,-10.415,-6.8146,-2.2976,4.3412,0,0,0,NaN,NaN,NaN,NaN,NaN,NaN,NaN,NaN,NaN,47.826,0,3046.6,0.0069644,NaN,NaN,NaN,NaN,15.887,97049,10.188,-1.2559,-0.23271,-9.6211,-5.6611,0.29007,3.7859,NaN,NaN,NaN,NaN,NaN
540.64,-4.824,-10.377,11.512,-1.187,-1.1357,-9.6827,-6.375,0.99855,4.1074,0,0,0,NaN,NaN,NaN,NaN,NaN,NaN,NaN,NaN,NaN,47.826,0,3046.6,0.0069644,NaN,NaN,NaN,NaN,NaN,-1,-1,-1.2688,-0.22411,-9.6275,-5.5743,0.3074,3.81,NaN,NaN,NaN,NaN,NaN
540.64,0,0,0,0,0,0,0,0,0,0,0,0,NaN,NaN,NaN,NaN,NaN,NaN,NaN,NaN,NaN,47.826,0,3046.6,0.0069644,NaN,NaN,NaN,NaN,NaN,-1,-1,-1.2659,-0.21068,-9.6131,-5.5156,0.27618,3.8304,NaN,NaN,NaN,NaN,NaN
540.64,-4.8409,-10.38,11.524,-1.3649,0.1934,-9.9264,-6.3767,-1.6136,4.437,0.63781,0.16453,-0.94092,NaN,NaN,NaN,NaN,NaN,NaN,NaN,NaN,NaN,47.826,0,3046.6,0.0069644,1.0249,2.9444,0.65907,0.06909,15.862,97066,10.25,-1.2652,-0.21003,-9.624,-5.4636,0.33852,3.8677,NaN,NaN,NaN,NaN,NaN
540.65,-4.8564,-10.374,11.535,-1.0922,0.38099,-10.615,-5.916,1.7906,4.1919,0,0,0,NaN,NaN,NaN,NaN,NaN,NaN,NaN,NaN,NaN,47.826,0,3046.6,0.0069644,NaN,NaN,NaN,NaN,NaN,-1,-1,-1.2674,-0.21382,-9.6165,-5.4245,0.40781,3.9159,NaN,NaN,NaN,NaN,NaN
540.65,-4.8706,-10.37,11.545,-1.1644,-1.7855,-9.4711,-5.3948,1.1628,4.1695,0,0,0,NaN,NaN,NaN,NaN,NaN,NaN,NaN,NaN,NaN,47.826,0,3046.6,0.0069644,NaN,NaN,NaN,NaN,NaN,-1,-1,-1.2694,-0.20192,-9.6161,-5.4075,0.35081,3.9487,NaN,NaN,NaN,NaN,NaN
540.65,-4.8867,-10.372,11.557,-1.3485,0.31079,-10.203,-6.0581,-1.2023,4.3684,0,0,0,NaN,NaN,NaN,NaN,NaN,NaN,NaN,NaN,NaN,47.826,0,3046.6,0.0069644,NaN,NaN,NaN,NaN,15.786,97072,10.25,-1.2758,-0.19941,-9.6302,-5.3955,0.28215,3.9717,NaN,NaN,NaN,NaN,NaN
540.65,-4.9012,-10.369,11.568,-1.7352,0.17011,-10.845,-5.4663,0.62693,4.343,0.64279,0.15929,-0.94716,NaN,NaN,NaN,NaN,NaN,NaN,NaN,NaN,NaN,47.826,0,3046.6,0.0069644,NaN,NaN,NaN,NaN,NaN,-1,-1,-1.2779,-0.19606,-9.6179,-5.3536,0.35538,4.0063,NaN,NaN,NaN,NaN,NaN
540.66,-4.9162,-10.365,11.58,-1.0457,-0.22051,-9.2124,-5.6254,1.111,4.7213,0,0,0,NaN,NaN,NaN,NaN,NaN,NaN,NaN,NaN,NaN,47.826,0,3046.6,0.0069644,1.0058,2.8138,0.71506,0.049112,16.11,97080,10.25,-1.2794,-0.18252,-9.612,-5.3121,0.28245,4.0446,NaN,NaN,NaN,NaN,NaN
540.66,-4.9461,-10.36,11.602,-2.1451,-0.51785,-8.9928,-5.5388,0.95185,4.0822,0,0,0,NaN,NaN,NaN,NaN,NaN,NaN,NaN,NaN,NaN,47.826,0,3046.6,0.0069644,NaN,NaN,NaN,NaN,NaN,-1,-1,-1.277,-0.18294,-9.6206,-5.2844,0.35267,4.1032,NaN,NaN,NaN,NaN,NaN
540.66,-4.9698,-10.405,11.653,-0.96069,-0.6028,-9.8985,-5.8846,-0.43132,4.3882,0.63775,0.16706,-0.93869,NaN,NaN,NaN,NaN,NaN,NaN,NaN,NaN,NaN,47.826,0,3046.6,0.0069644,NaN,NaN,NaN,NaN,NaN,-1,-1,-1.278,-0.17956,-9.6162,-5.2504,0.31461,4.1553,NaN,NaN,NaN,NaN,NaN
540.66,-4.986,-10.406,11.665,-1.3898,0.20672,-9.9268,-6.1093,-0.9652,4.5723,0,0,0,NaN,NaN,NaN,NaN,NaN,NaN,NaN,NaN,NaN,47.826,0,3046.6,0.0069644,NaN,NaN,NaN,NaN,15.987,97070,10.25,-1.281,-0.16784,-9.6012,-5.2454,0.24447,4.2098,NaN,NaN,NaN,NaN,NaN
540.67,-5.0011,-10.402,11.676,-1.3708,-0.83804,-10.072,-5.7086,1.1068,4.3466,0,0,0,NaN,NaN,NaN,NaN,NaN,NaN,NaN,NaN,NaN,47.826,0,3046.6,0.0069644,NaN,NaN,NaN,NaN,NaN,-1,-1,-1.2802,-0.15144,-9.6117,-5.2562,0.24381,4.2726,NaN,NaN,NaN,NaN,NaN
540.67,-5.0168,-10.403,11.688,-1.2421,0.018675,-10.508,-5.8813,-0.84053,4.5907,0,0,0,NaN,NaN,NaN,NaN,NaN,NaN,NaN,NaN,NaN,47.826,0,3046.6,0.0069644,1.0194,2.815,0.71871,0.049945,NaN,-1,-1,-1.2839,-0.15946,-9.6009,-5.2865,0.17509,4.326,NaN,NaN,NaN,NaN,NaN
540.67,-5.032,-10.399,11.699,-1.4735,0.31199,-8.8888,-5.7577,1.1202,4.4536,0.64739,0.16428,-0.94229,NaN,NaN,NaN,NaN,NaN,NaN,NaN,NaN,NaN,47.826,0,3046.6,0.0069644,NaN,NaN,NaN,NaN,15.933,97011,10,-1.2866,-0.1508,-9.5856,-5.3422,0.14252,4.3806,NaN,NaN,NaN,NaN,NaN
540.67,-5.0454,-10.398,11.711,-0.78698,-0.76765,-9.4411,-4.9784,-0.098549,4.5296,0,0,0,NaN,NaN,NaN,NaN,NaN,NaN,NaN,NaN,NaN,47.826,0,3046.6,0.0069644,NaN,NaN,NaN,NaN,NaN,-1,-1,-1.2984,-0.1535,-9.692,-5.418,0.23755,4.4234,NaN,NaN,NaN,NaN,NaN
540.68,-5.0733,-10.396,11.735,-1.7718,0.94298,-10.608,-5.004,1.7892,4.4833,0,0,0,NaN,NaN,NaN,NaN,NaN,NaN,NaN,NaN,NaN,47.826,0,3046.6,0.0069644,NaN,NaN,NaN,NaN,15.886,97076,10.25,-1.3034,-0.13513,-9.7176,-5.4717,0.1509,4.4537,NaN,NaN,NaN,NaN,NaN
540.68,-5.0733,-10.396,11.735,-1.7718,0.94298,-10.608,-5.004,1.7892,4.4833,0,0,0,NaN,NaN,NaN,NaN,NaN,NaN,NaN,NaN,NaN,47.826,0,3046.6,0.0069644,NaN,NaN,NaN,NaN,NaN,-1,-1,-1.3067,-0.14487,-9.7163,-5.4992,0.16919,4.5059,NaN,NaN,NaN,NaN,NaN
540.68,-5.0872,-10.391,11.747,-0.78029,-0.341,-8.2734,-5.2313,1.4433,4.6732,0.63767,0.15972,-0.94093,NaN,NaN,NaN,NaN,NaN,NaN,NaN,NaN,NaN,47.826,0,3046.6,0.0069644,1.0047,NaN,NaN,NaN,NaN,-1,-1,-1.3167,-0.13465,-9.7424,-5.5387,0.16693,4.5885,NaN,NaN,NaN,NaN,NaN
540.68,-5.1015,-10.395,11.759,-1.301,0.098074,-9.9689,-5.3385,-2.2991,4.3553,0,0,0,NaN,NaN,NaN,NaN,NaN,NaN,NaN,NaN,NaN,47.826,0,3046.6,0.0069644,NaN,2.9582,0.64081,0.073252,16.013,97068,10.25,-1.3213,-0.13753,-9.7493,-5.5802,0.1252,4.6646,NaN,NaN,NaN,NaN,NaN
540.69,-5.1166,-10.392,11.77,-1.9344,0.085786,-10.798,-5.6719,0.74347,4.5278,0,0,0,NaN,NaN,NaN,NaN,NaN,NaN,NaN,NaN,NaN,47.826,0,3046.6,0.0069644,NaN,NaN,NaN,NaN,NaN,-1,-1,-1.3142,-0.13,-9.7552,-5.6283,0.16598,4.7431,NaN,NaN,NaN,NaN,NaN
540.69,-5.1317,-10.387,11.783,-0.96533,-0.76414,-9.1365,-5.6392,1.5618,4.787,0,0,0,NaN,NaN,NaN,NaN,NaN,NaN,NaN,NaN,NaN,47.826,0,3046.6,0.0069644,NaN,NaN,NaN,NaN,NaN,-1,-1,-1.3216,-0.12215,-9.7697,-5.4507,0.15828,4.6616,NaN,NaN,NaN,NaN,NaN
540.69,-5.1482,-10.39,11.795,-1.2478,-0.16756,-8.5299,-6.1793,-1.8657,4.6816,0.6451,0.16672,-0.94249,NaN,NaN,NaN,NaN,NaN,NaN,NaN,NaN,NaN,47.826,0,3046.6,0.0069644,NaN,NaN,NaN,NaN,15.987,97051,10.188,-1.3187,-0.11463,-9.7596,-5.4895,0.10304,4.7028,NaN,NaN,NaN,NaN,NaN
540.69,-5.1636,-10.391,11.807,-1.7376,0.17114,-11.597,-5.717,-0.75579,4.7191,0,0,0,NaN,NaN,NaN,NaN,NaN,NaN,NaN,NaN,NaN,47.826,0,3046.6,0.0069644,NaN,NaN,NaN,NaN,NaN,-1,-1,-1.3167,-0.11126,-9.7738,-5.5344,0.05223,4.7492,NaN,NaN,NaN,NaN,NaN
540.7,-5.1929,-10.384,11.832,-1.2026,-0.22975,-8.8383,-5.3286,0.72519,4.8322,0,0,0,NaN,NaN,NaN,NaN,NaN,NaN,NaN,NaN,NaN,47.826,0,3046.6,0.0069644,NaN,NaN,NaN,NaN,16.062,97068,10.25,-1.3268,-0.1065,-9.7915,-5.6126,0.010947,4.8043,NaN,NaN,NaN,NaN,NaN
540.7,-5.2068,-10.384,11.844,-0.99164,-0.10246,-8.7399,-5.1886,-0.67082,4.636,0.6447,0.16215,-0.93807,NaN,NaN,NaN,NaN,NaN,NaN,NaN,NaN,NaN,47.826,0,3046.6,0.0069644,NaN,NaN,NaN,NaN,NaN,-1,-1,-1.3316,-0.091293,-9.8011,-5.4377,0.017398,4.6781,NaN,NaN,NaN,NaN,NaN
540.7,-5.221,-10.388,11.856,-1.4697,-1.0718,-10.819,-5.2481,-1.9308,4.4915,0,0,0,NaN,NaN,NaN,NaN,NaN,NaN,NaN,NaN,NaN,47.826,0,3046.6,0.0069644,NaN,NaN,NaN,NaN,NaN,-1,-1,-1.336,-0.079692,-9.8008,-5.4746,-0.048931,4.7012,NaN,NaN,NaN,NaN,NaN
540.7,-5.2348,-10.384,11.868,-1.6615,0.90239,-10.883,-5.173,0.91696,4.5978,0,0,0,NaN,NaN,NaN,NaN,NaN,NaN,NaN,NaN,NaN,47.826,0,3046.6,0.0069644,NaN,NaN,NaN,NaN,15.91,97083,10.25,-1.3371,-0.082213,-9.8183,-5.4768,-0.05293,4.7152,NaN,NaN,NaN,NaN,NaN
540.71,-5.2486,-10.377,11.881,-1.2717,-0.45865,-9.0486,-5.0657,2.196,5.0709,0,0,0,NaN,NaN,NaN,NaN,NaN,NaN,NaN,NaN,NaN,47.826,0,3046.6,0.0069644,NaN,NaN,NaN,NaN,NaN,-1,-1,-1.3391,-0.080277,-9.8329,-5.4537,-0.0486,4.7261,NaN,NaN,NaN,NaN,NaN
540.71,-5.2637,-10.38,11.893,-1.1021,0.27454,-8.8874,-5.5829,-1.5995,4.8309,0.63788,0.16694,-0.94091,NaN,NaN,NaN,NaN,NaN,NaN,NaN,NaN,NaN,47.826,0,3046.6,0.0069644,1.0134,2.9432,0.64751,0.084906,NaN,-1,-1,-1.3365,-0.076117,-9.8244,-5.4693,-0.07152,4.745,NaN,NaN,NaN,NaN,NaN
540.71,-5.2789,-10.379,11.906,-1.6945,0.30307,-10.598,-5.6167,-0.3538,4.9453,0,0,0,NaN,NaN,NaN,NaN,NaN,NaN,NaN,NaN,NaN,47.826,0,3046.6,0.0069644,NaN,NaN,NaN,NaN,16.034,97068,10.188,-1.3288,-0.054582,-9.8287,-5.4476,-0.09594,4.7527,NaN,NaN,NaN,NaN,NaN
540.71,-5.3095,-10.375,11.93,-1.0267,0.057516,-8.4998,-5.8651,-0.94664,4.6006,0,0,0,NaN,NaN,NaN,NaN,NaN,NaN,NaN,NaN,NaN,47.826,0,3046.6,0.0069644,NaN,NaN,NaN,NaN,NaN,-1,-1,-1.3328,-0.060511,-9.8488,-5.4183,-0.083482,4.7785,NaN,NaN,NaN,NaN,NaN
540.72,-5.3245,-10.378,11.943,-1.3695,0.11893,-10.783,-5.5975,-1.7549,4.6654,0.63074,0.1745,-0.93709,NaN,NaN,NaN,NaN,NaN,NaN,NaN,NaN,NaN,47.826,0,3046.6,0.0069644,NaN,NaN,NaN,NaN,15.808,97070,10.188,-1.3338,-0.061578,-9.8311,-5.4074,-0.0597,4.7757,NaN,NaN,NaN,NaN,NaN
540.72,-5.3395,-10.374,11.954,-1.6768,-0.67377,-10.21,-5.651,1.2363,4.5442,0,0,0,NaN,NaN,NaN,NaN,NaN,NaN,NaN,NaN,NaN,47.826,0,3046.6,0.0069644,NaN,NaN,NaN,NaN,NaN,-1,-1,-1.3287,-0.053013,-9.8365,-5.4257,-0.11744,4.7904,NaN,NaN,NaN,NaN,NaN
540.72,-5.3395,-10.374,11.954,-1.6768,-0.67377,-10.21,-5.651,1.2363,4.5442,0,0,0,NaN,NaN,NaN,NaN,NaN,NaN,NaN,NaN,NaN,47.826,0,3046.6,0.0069644,1.0025,2.9355,0.63959,0.09656,NaN,-1,-1,-1.3372,-0.059863,-9.8524,-5.4557,-0.18175,4.8056,NaN,NaN,NaN,NaN,NaN
540.72,-5.3542,-10.371,11.967,-1.3879,0.49879,-9.003,-5.4124,0.5148,4.9457,0,0,0,NaN,NaN,NaN,NaN,NaN,NaN,NaN,NaN,NaN,47.826,0,3046.6,0.0069644,NaN,NaN,NaN,NaN,16.014,97081,10.313,-1.3335,-0.042022,-9.8373,-5.4605,-0.13516,4.7989,NaN,NaN,NaN,NaN,NaN
540.73,-5.3675,-10.371,11.979,-0.91546,-0.1358,-8.8584,-4.8999,-0.62401,4.7314,0,0,0,NaN,NaN,NaN,NaN,NaN,NaN,NaN,NaN,NaN,47.826,0,3046.6,0.0069644,NaN,NaN,NaN,NaN,NaN,-1,-1,-1.3336,-0.031533,-9.8168,-5.4706,-0.16094,4.8014,NaN,NaN,NaN,NaN,NaN
540.73,-5.3808,-10.374,11.992,-1.4159,-1.1484,-10.808,-4.9076,-1.8338,4.7144,0.64267,0.16434,-0.94271,NaN,NaN,NaN,NaN,NaN,NaN,NaN,NaN,NaN,47.826,0,3046.6,0.0069644,NaN,NaN,NaN,NaN,NaN,-1,-1,-1.3355,-0.045299,-9.8331,-5.4837,-0.2069,4.8055,NaN,NaN,NaN,NaN,NaN
540.73,-5.3958,-10.367,12.005,-1.4931,1.094,-10.445,-5.5077,2.2286,5.3294,0,0,0,NaN,NaN,NaN,NaN,NaN,NaN,NaN,NaN,NaN,47.826,0,3046.6,0.0069644,NaN,NaN,NaN,NaN,16.062,97093,10.313,-1.3358,-0.034703,-9.8121,-5.4496,-0.22594,4.8121,NaN,NaN,NaN,NaN,NaN
540.73,-5.4237,-10.368,12.032,-1.0617,0.23234,-9.6872,-5.298,-1.887,5.0795,0,0,0,NaN,NaN,NaN,NaN,NaN,NaN,NaN,NaN,NaN,47.62,0,3060.9,0.0064211,1.003,2.9331,0.63533,0.097392,NaN,-1,-1,-1.3406,-0.02118,-9.8078,-5.4184,-0.18447,4.8144,NaN,NaN,NaN,NaN,NaN
540.74,-5.4386,-10.366,12.043,-1.2973,0.14162,-10.534,-5.5777,0.20621,4.594,0.63553,0.17191,-0.93889,NaN,NaN,NaN,NaN,NaN,NaN,NaN,NaN,NaN,47.62,0,3060.9,0.0064211,NaN,NaN,NaN,NaN,16.181,97038,10.063,-1.3339,-0.010358,-9.804,-5.3852,-0.10195,4.821,NaN,NaN,NaN,NaN,NaN
540.74,-5.4533,-10.36,12.055,-1.6912,-0.29922,-8.5444,-5.5094,1.7826,4.7692,0,0,0,NaN,NaN,NaN,NaN,NaN,NaN,NaN,NaN,NaN,47.62,0,3060.9,0.0064211,NaN,NaN,NaN,NaN,NaN,-1,-1,-1.3382,-0.0078822,-9.7986,-5.3405,-0.045489,4.8349,NaN,NaN,NaN,NaN,NaN
540.74,-5.4689,-10.364,12.069,-1.2895,-0.44428,-9.2257,-5.7624,-2.1297,4.8889,0,0,0,NaN,NaN,NaN,NaN,NaN,NaN,NaN,NaN,NaN,47.62,0,3060.9,0.0064211,NaN,NaN,NaN,NaN,NaN,-1,-1,-1.3333,-0.0082067,-9.779,-5.3061,-0.1136,4.8415,NaN,NaN,NaN,NaN,NaN
540.74,-5.4844,-10.364,12.082,-1.5277,0.28244,-11.104,-5.7404,-0.71734,4.912,0,0,0,NaN,NaN,NaN,NaN,NaN,NaN,NaN,NaN,NaN,47.62,0,3060.9,0.0064211,NaN,NaN,NaN,NaN,15.981,97042,10.063,-1.3289,0.0028166,-9.769,-5.2967,-0.08571,4.8469,NaN,NaN,NaN,NaN,NaN
540.75,-5.4992,-10.357,12.093,-1.3384,-0.27582,-9.4004,-5.5595,2.3334,4.7966,0.63094,0.17679,-0.9393,NaN,NaN,NaN,NaN,NaN,NaN,NaN,NaN,NaN,47.62,0,3060.9,0.0064211,1.0052,NaN,NaN,NaN,NaN,-1,-1,-1.3391,0.0016638,-9.7706,-5.2851,-0.021699,4.8595,NaN,NaN,NaN,NaN,NaN
540.75,-5.515,-10.359,12.107,-1.4992,0.21484,-8.8412,-5.8143,-1.4575,4.977,0,0,0,NaN,NaN,NaN,NaN,NaN,NaN,NaN,NaN,NaN,47.62,0,3060.9,0.0064211,NaN,2.8221,0.71201,0.049112,NaN,-1,-1,-1.3394,0.018965,-9.7481,-5.3092,-0.060154,4.8698,NaN,NaN,NaN,NaN,NaN
540.75,-5.5403,-10.354,12.13,-1.1461,-1.3064,-10.263,-4.5819,1.3646,4.457,0,0,0,NaN,NaN,NaN,NaN,NaN,NaN,NaN,NaN,NaN,47.62,0,3060.9,0.0064211,NaN,NaN,NaN,NaN,16.111,97077,10.25,-1.3382,0.039505,-9.7103,-5.3201,-0.036717,4.8702,NaN,NaN,NaN,NaN,NaN
540.75,-5.5544,-10.355,12.144,-1.2565,0.021892,-8.6135,-5.1564,-0.94028,5.2908,0.63776,0.172,-0.93646,NaN,NaN,NaN,NaN,NaN,NaN,NaN,NaN,NaN,47.62,0,3060.9,0.0064211,NaN,NaN,NaN,NaN,NaN,-1,-1,-1.3355,0.033033,-9.6912,-5.3051,-0.050751,4.8734,NaN,NaN,NaN,NaN,NaN
540.76,-5.5669,-10.356,12.157,-1.8673,0.79338,-11.545,-4.5448,-0.78037,4.826,0,0,0,NaN,NaN,NaN,NaN,NaN,NaN,NaN,NaN,NaN,47.62,0,3060.9,0.0064211,NaN,NaN,NaN,NaN,16.031,97064,10.125,-1.3396,0.027861,-9.6872,-5.2789,-0.13303,4.8699,NaN,NaN,NaN,NaN,NaN
540.76,-5.5808,-10.352,12.169,-1.3449,0.21573,-8.5365,-5.1311,0.74032,4.8089,0,0,0,NaN,NaN,NaN,NaN,NaN,NaN,NaN,NaN,NaN,47.62,0,3060.9,0.0064211,NaN,NaN,NaN,NaN,NaN,-1,-1,-1.3384,0.042687,-9.665,-5.2411,-0.17177,4.8676,NaN,NaN,NaN,NaN,NaN
540.76,-5.5952,-10.35,12.182,-0.74086,-0.36388,-9.6546,-5.3587,0.27611,4.8012,0,0,0,NaN,NaN,NaN,NaN,NaN,NaN,NaN,NaN,NaN,47.62,0,3060.9,0.0064211,1.0014,2.8233,0.70958,0.049945,NaN,-1,-1,-1.3449,0.050647,-9.6618,-5.1982,-0.10461,4.8719,NaN,NaN,NaN,NaN,NaN
540.76,-5.6232,-10.351,12.207,-1.4981,0.82302,-9.52,-4.8509,-1.4261,4.6854,0,0,0,NaN,NaN,NaN,NaN,NaN,NaN,NaN,NaN,NaN,47.62,0,3060.9,0.0064211,NaN,NaN,NaN,NaN,15.913,97066,10.25,-1.3428,0.055472,-9.6303,-5.1389,-0.099385,4.8803,NaN,NaN,NaN,NaN,NaN
540.77,-5.6377,-10.349,12.22,-1.2691,-0.89651,-10.139,-5.3777,0.23554,4.9434,0,0,0,NaN,NaN,NaN,NaN,NaN,NaN,NaN,NaN,NaN,47.62,0,3060.9,0.0064211,NaN,NaN,NaN,NaN,NaN,-1,-1,-1.3449,0.049694,-9.6002,-5.1045,-0.073918,4.8978,NaN,NaN,NaN,NaN,NaN
540.77,-5.6534,-10.348,12.232,-1.3814,-0.31547,-8.8985,-5.8243,-0.19733,4.7791,0,0,0,NaN,NaN,NaN,NaN,NaN,NaN,NaN,NaN,NaN,47.62,0,3060.9,0.0064211,NaN,NaN,NaN,NaN,NaN,-1,-1,-1.3483,0.046584,-9.5849,-5.0735,-0.13682,4.917,NaN,NaN,NaN,NaN,NaN
540.77,-5.6676,-10.348,12.245,-1.5489,0.71309,-11.121,-5.2496,-0.54855,4.9648,0.62616,0.17938,-0.9375,NaN,NaN,NaN,NaN,NaN,NaN,NaN,NaN,NaN,47.62,0,3060.9,0.0064211,NaN,NaN,NaN,NaN,16.112,97088,10.313,-1.3431,0.061617,-9.552,-5.0546,-0.23415,4.9232,NaN,NaN,NaN,NaN,NaN
540.77,-5.6803,-10.345,12.257,-1.371,0.33429,-8.7799,-4.6816,0.5776,4.6595,0,0,0,NaN,NaN,NaN,NaN,NaN,NaN,NaN,NaN,NaN,47.62,0,3060.9,0.0064211,1.0063,2.8275,0.71323,0.037458,NaN,-1,-1,-1.3469,0.064346,-9.5197,-5.0444,-0.28611,4.9364,NaN,NaN,NaN,NaN,NaN
540.78,-5.6926,-10.343,12.269,-0.96805,-0.78777,-9.0421,-4.514,0.17321,4.7654,0,0,0,NaN,NaN,NaN,NaN,NaN,NaN,NaN,NaN,NaN,47.62,0,3060.9,0.0064211,NaN,NaN,NaN,NaN,15.984,97045,10.125,-1.3515,0.062958,-9.5055,-5.0373,-0.20901,4.9207,NaN,NaN,NaN,NaN,NaN
540.78,-5.706,-10.344,12.283,-1.3587,0.3194,-9.7132,-4.8354,-1.1657,5.188,0,0,0,NaN,NaN,NaN,NaN,NaN,NaN,NaN,NaN,NaN,47.62,0,3060.9,0.0064211,NaN,NaN,NaN,NaN,NaN,-1,-1,-1.3515,0.078442,-9.4819,-5.0051,-0.24391,4.9133,NaN,NaN,NaN,NaN,NaN
540.78,-5.706,-10.344,12.283,-1.3587,0.3194,-9.7132,-4.8354,-1.1657,5.188,0,0,0,NaN,NaN,NaN,NaN,NaN,NaN,NaN,NaN,NaN,47.62,0,3060.9,0.0064211,NaN,NaN,NaN,NaN,NaN,-1,-1,-1.3591,0.068428,-9.4269,-4.9688,-0.28002,4.9119,NaN,NaN,NaN,NaN,NaN
540.78,-5.7311,-10.338,12.309,-1.181,-0.16947,-9.1336,-4.5988,1.4832,5.0278,0,0,0,NaN,NaN,NaN,NaN,NaN,NaN,NaN,NaN,NaN,47.62,0,3060.9,0.0064211,NaN,NaN,NaN,NaN,15.935,97082,10.25,-1.3584,0.078653,-9.3826,-4.9067,-0.25118,4.9157,NaN,NaN,NaN,NaN,NaN
540.79,-5.7452,-10.337,12.322,-0.86789,0.22611,-8.7669,-5.1524,-0.2768,5.0167,0,0,0,NaN,NaN,NaN,NaN,NaN,NaN,NaN,NaN,NaN,47.62,0,3060.9,0.0064211,1.0036,2.818,0.71262,0.046615,NaN,-1,-1,-1.3666,0.089484,-9.3773,-4.8301,-0.31855,4.9142,NaN,NaN,NaN,NaN,NaN
540.79,-5.7588,-10.336,12.335,-1.819,0.4471,-9.4574,-4.9721,-0.023892,5.0942,0,0,0,NaN,NaN,NaN,NaN,NaN,NaN,NaN,NaN,NaN,47.62,0,3060.9,0.0064211,NaN,NaN,NaN,NaN,NaN,-1,-1,-1.3721,0.10023,-9.3543,-4.7937,-0.30061,4.929,NaN,NaN,NaN,NaN,NaN
540.79,-5.7721,-10.336,12.348,-1.6718,0.012556,-10.046,-4.8828,-0.92269,4.9389,0.63103,0.18907,-0.93483,NaN,NaN,NaN,NaN,NaN,NaN,NaN,NaN,NaN,47.62,0,3060.9,0.0064211,NaN,NaN,NaN,NaN,15.86,97063,10.188,-1.3735,0.10081,-9.3032,-4.7335,-0.36683,4.9398,NaN,NaN,NaN,NaN,NaN
540.79,-5.7866,-10.335,12.36,-1.0718,-0.2672,-9.6255,-5.3814,-0.19406,4.8837,0,0,0,NaN,NaN,NaN,NaN,NaN,NaN,NaN,NaN,NaN,47.62,0,3060.9,0.0064211,NaN,NaN,NaN,NaN,NaN,-1,-1,-1.3809,0.09956,-9.2604,-4.6991,-0.45753,4.9371,NaN,NaN,NaN,NaN,NaN
540.8,-5.8006,-10.334,12.373,-1.5205,-0.008876,-9.5497,-5.1692,-0.28762,4.7087,0,0,0,NaN,NaN,NaN,NaN,NaN,NaN,NaN,NaN,NaN,47.62,0,3060.9,0.0064211,NaN,NaN,NaN,NaN,15.983,97076,10.188,-1.3785,0.10484,-9.2276,-4.6637,-0.46268,4.9378,NaN,NaN,NaN,NaN,NaN
540.8,-5.8135,-10.334,12.385,-1.6217,0.30917,-9.6898,-4.7258,-0.289,4.8183,0,0,0,NaN,NaN,NaN,NaN,NaN,NaN,NaN,NaN,NaN,47.62,0,3060.9,0.0064211,1.0715,2.8854,0.70775,0.0041621,NaN,-1,-1,-1.3913,0.11009,-9.1825,-4.6639,-0.51813,4.9437,NaN,NaN,NaN,NaN,NaN
540.8,-5.8135,-10.334,12.385,-1.6217,0.30917,-9.6898,-4.7258,-0.289,4.8183,0,0,0,NaN,NaN,NaN,NaN,NaN,NaN,NaN,NaN,NaN,47.62,0,3060.9,0.0064211,1.0715,2.8854,0.70775,0.0041621,NaN,-1,-1,-1.4027,0.11693,-9.1329,-4.642,-0.4868,4.9459,NaN,NaN,NaN,NaN,NaN
540.8,-5.8374,-10.331,12.41,-1.1643,-0.60229,-9.0294,-4.162,-0.71591,4.7517,0,0,0,NaN,NaN,NaN,NaN,NaN,NaN,NaN,NaN,NaN,47.62,0,3060.9,0.0064211,NaN,NaN,NaN,NaN,16.012,97092,10.313,-1.4016,0.12956,-9.0795,-4.6272,-0.43271,4.9321,NaN,NaN,NaN,NaN,NaN
540.81,-5.8487,-10.334,12.424,-1.634,-0.18613,-10.972,-4.0132,-1.9657,5.0671,0,0,0,NaN,NaN,NaN,NaN,NaN,NaN,NaN,NaN,NaN,47.62,0,3060.9,0.0064211,NaN,NaN,NaN,NaN,NaN,-1,-1,-1.4021,0.11723,-9.0421,-4.6188,-0.47973,4.93,NaN,NaN,NaN,NaN,NaN
540.81,-5.8605,-10.331,12.437,-1.5668,0.89129,-9.618,-4.2399,0.5623,5.1405,0,0,0,NaN,NaN,NaN,NaN,NaN,NaN,NaN,NaN,NaN,47.62,0,3060.9,0.0064211,NaN,NaN,NaN,NaN,NaN,-1,-1,-1.4176,0.10665,-9.0073,-4.5643,-0.38101,4.9151,NaN,NaN,NaN,NaN,NaN
540.81,-5.8723,-10.325,12.45,-0.98277,0.30339,-8.7849,-4.2639,1.5304,5.1883,0.61974,0.18874,-0.94477,NaN,NaN,NaN,NaN,NaN,NaN,NaN,NaN,NaN,47.62,0,3060.9,0.0064211,1.0047,NaN,NaN,NaN,15.887,97072,10.25,-1.4105,0.12846,-8.9475,-4.5373,-0.35245,4.9269,NaN,NaN,NaN,NaN,NaN
540.81,-5.8848,-10.327,12.463,-1.608,0.25159,-9.4869,-4.5283,-1.2154,4.9923,0,0,0,NaN,NaN,NaN,NaN,NaN,NaN,NaN,NaN,NaN,47.62,0,3060.9,0.0064211,NaN,3.7213,0.7114,0.049945,NaN,-1,-1,-1.4134,0.1247,-8.9046,-4.5859,-0.26336,5.071,NaN,NaN,NaN,NaN,NaN
540.82,-5.8972,-10.33,12.476,-1.5468,0.23846,-10.425,-4.4963,-1.9295,4.8365,0,0,0,NaN,NaN,NaN,NaN,NaN,NaN,NaN,NaN,NaN,47.62,0,3060.9,0.0064211,NaN,NaN,NaN,NaN,16.11,97039,10.125,-1.4177,0.13066,-8.8648,-4.5155,-0.23608,5.0268,NaN,NaN,NaN,NaN,NaN
540.82,-5.9103,-10.325,12.489,-1.5275,-0.12912,-9.4798,-4.7802,1.5943,5.2101,0,0,0,NaN,NaN,NaN,NaN,NaN,NaN,NaN,NaN,NaN,47.62,0,3060.9,0.0064211,NaN,NaN,NaN,NaN,NaN,-1,-1,-1.4208,0.13386,-8.8033,-4.4379,-0.15646,4.986,NaN,NaN,NaN,NaN,NaN
540.82,-5.9363,-10.328,12.516,-1.6533,0.35157,-11.075,-4.51,-2.7762,4.7306,0,0,0,NaN,NaN,NaN,NaN,NaN,NaN,NaN,NaN,NaN,47.62,0,3060.9,0.0064211,NaN,NaN,NaN,NaN,NaN,-1,-1,-1.4247,0.12541,-8.7543,-4.3642,-0.14322,4.9517,NaN,NaN,NaN,NaN,NaN
540.82,-5.9483,-10.325,12.528,-1.6465,0.12856,-10.351,-4.4265,0.77521,4.7707,0,0,0,NaN,NaN,NaN,NaN,NaN,NaN,NaN,NaN,NaN,47.62,0,3060.9,0.0064211,NaN,NaN,NaN,NaN,16.133,97028,10.063,-1.4282,0.13219,-8.7298,-4.3199,-0.13417,4.9274,NaN,NaN,NaN,NaN,NaN
540.83,-5.9601,-10.32,12.54,-1.2438,0.51482,-8.9795,-4.3248,1.4021,4.7626,0,0,0,NaN,NaN,NaN,NaN,NaN,NaN,NaN,NaN,NaN,47.62,0,3060.9,0.0064211,0.9855,7.9574,0.62742,0.10905,NaN,-1,-1,-1.4419,0.15825,-8.6632,-4.3939,0.046201,5.038,NaN,NaN,NaN,NaN,NaN
540.83,-5.9704,-10.321,12.551,-1.0483,0.085289,-7.7542,-3.7423,-0.93702,4.5143,0.62645,0.19395,-0.93524,NaN,NaN,NaN,NaN,NaN,NaN,NaN,NaN,NaN,47.62,0,3060.9,0.0064211,NaN,NaN,NaN,NaN,NaN,-1,-1,-1.447,0.15568,-8.6133,-4.3445,0.048038,4.9874,NaN,NaN,NaN,NaN,NaN
540.83,-5.9806,-10.324,12.565,-1.4869,-0.48726,-11.037,-3.5588,-2.1322,5.1878,0,0,0,NaN,NaN,NaN,NaN,NaN,NaN,NaN,NaN,NaN,47.62,0,3060.9,0.0064211,NaN,NaN,NaN,NaN,16.065,97094,10.375,-1.4464,0.16358,-8.5667,-4.2755,0.10723,4.9159,NaN,NaN,NaN,NaN,NaN
540.83,-5.9922,-10.319,12.578,-1.768,0.76346,-10.627,-4.2465,1.513,4.8959,0,0,0,NaN,NaN,NaN,NaN,NaN,NaN,NaN,NaN,NaN,47.62,0,3060.9,0.0064211,NaN,NaN,NaN,NaN,NaN,-1,-1,-1.4597,0.16434,-8.532,-4.1827,0.0688,4.8562,NaN,NaN,NaN,NaN,NaN
540.84,-6.0036,-10.314,12.591,-1.3122,0.50376,-8.1253,-4.1203,1.4429,5.1085,0,0,0,NaN,NaN,NaN,NaN,NaN,NaN,NaN,NaN,NaN,47.62,0,3060.9,0.0064211,NaN,NaN,NaN,NaN,16.208,97087,10.25,-1.4589,0.16886,-8.4808,-4.0897,0.10615,4.8088,NaN,NaN,NaN,NaN,NaN
540.84,-6.0155,-10.316,12.603,-1.0287,0.013218,-9.2458,-4.299,-1.577,4.7266,0.62899,0.18633,-0.94171,8.0061,15.335,-3.7079,17.692,40.058,-88.55,3.6784e+05,4.4353e+06,315.68,47.62,0,3060.9,0.0064211,NaN,NaN,NaN,NaN,NaN,-1,-1,-1.4578,0.17931,-8.4389,-3.9931,0.19048,4.7639,17.106,4.3738,1.1197,3.7449,14.313
540.84,-6.0282,-10.315,12.616,-1.6147,0.68436,-9.7635,-4.6741,-0.30097,4.7998,0,0,0,NaN,NaN,NaN,NaN,NaN,NaN,NaN,NaN,NaN,47.62,0,3060.9,0.0064211,NaN,NaN,NaN,NaN,16.009,97069,10.188,-1.4609,0.18891,-8.3924,-3.9068,0.2697,4.7226,NaN,NaN,NaN,NaN,NaN
540.84,-6.0394,-10.31,12.628,-1.896,0.12113,-9.3749,-4.049,1.4666,4.9457,0,0,0,NaN,NaN,NaN,NaN,NaN,NaN,NaN,NaN,NaN,47.62,0,3072.4,0.0069644,NaN,NaN,NaN,NaN,NaN,-1,-1,-1.4654,0.19045,-8.3473,-3.8367,0.45868,4.6806,NaN,NaN,NaN,NaN,NaN
540.85,-6.0519,-10.308,12.641,-1.0561,-0.37574,-7.4921,-4.576,0.16902,4.8871,0,0,0,NaN,NaN,NaN,NaN,NaN,NaN,NaN,NaN,NaN,47.62,0,3072.4,0.0069644,NaN,NaN,NaN,NaN,NaN,-1,-1,-1.4653,0.19212,-8.3001,-3.7676,0.51841,4.6491,NaN,NaN,NaN,NaN,NaN
540.85,-6.075,-10.302,12.665,-1.8762,0.62146,-9.1996,-4.1292,3.2521,4.7821,0,0,0,NaN,NaN,NaN,NaN,NaN,NaN,NaN,NaN,NaN,47.62,0,3072.4,0.0069644,NaN,NaN,NaN,NaN,NaN,-1,-1,-1.472,0.18612,-8.2808,-3.7149,0.59056,4.6135,NaN,NaN,NaN,NaN,NaN
540.85,-6.075,-10.302,12.665,-1.8762,0.62146,-9.1996,-4.1292,3.2521,4.7821,0,0,0,NaN,NaN,NaN,NaN,NaN,NaN,NaN,NaN,NaN,47.62,0,3072.4,0.0069644,1.0047,13.82,0.71201,0.054107,16.159,97059,10.188,-1.4864,0.19528,-8.0536,-3.6887,0.79229,4.5811,NaN,NaN,NaN,NaN,NaN
540.85,-6.0842,-10.297,12.677,-1.0164,0.11698,-7.9395,-3.2944,1.3322,4.6971,0,0,0,NaN,NaN,NaN,NaN,NaN,NaN,NaN,NaN,NaN,47.62,0,3072.4,0.0069644,NaN,NaN,NaN,NaN,NaN,-1,-1,-1.489,0.20182,-8.0213,-3.6539,0.98718,4.5385,NaN,NaN,NaN,NaN,NaN
540.86,-6.0951,-10.296,12.69,-1.3454,-0.055166,-8.5118,-3.9386,-0.029221,4.7997,0,0,0,NaN,NaN,NaN,NaN,NaN,NaN,NaN,NaN,NaN,47.62,0,3072.4,0.0069644,NaN,NaN,NaN,NaN,NaN,-1,-1,-1.4862,0.19014,-8.0192,-3.5999,1.1574,4.4978,NaN,NaN,NaN,NaN,NaN
540.86,-6.1141,-10.285,12.715,-1.4926,0.97509,-9.7849,-3.5755,2.8102,5.1779,0,0,0,NaN,NaN,NaN,NaN,NaN,NaN,NaN,NaN,NaN,47.62,0,3072.4,0.0069644,NaN,NaN,NaN,NaN,NaN,-1,-1,-1.4966,0.19781,-7.9971,-3.5411,1.361,4.4505,NaN,NaN,NaN,NaN,NaN
540.86,-6.1243,-10.277,12.727,-1.4912,-0.18249,-7.4225,-3.6685,2.7242,5.054,0,0,0,NaN,NaN,NaN,NaN,NaN,NaN,NaN,NaN,NaN,47.62,0,3072.4,0.0069644,NaN,NaN,NaN,NaN,15.958,97052,10.125,-1.5048,0.20573,-7.7947,-3.4881,1.6271,4.4143,NaN,NaN,NaN,NaN,NaN
540.86,-6.1348,-10.271,12.739,-1.0927,0.52209,-9.206,-3.7808,1.5995,4.8907,0,0,0,NaN,NaN,NaN,NaN,NaN,NaN,NaN,NaN,NaN,47.62,0,3072.4,0.0069644,1.003,18.486,0.63533,0.10155,NaN,-1,-1,-1.5028,0.21106,-7.7914,-3.4162,1.7858,4.3877,NaN,NaN,NaN,NaN,NaN
540.87,-6.1442,-10.265,12.751,-1.9441,0.79701,-8.1458,-3.4026,1.7385,4.9229,0.62617,0.18432,-0.93527,NaN,NaN,NaN,NaN,NaN,NaN,NaN,NaN,NaN,47.62,0,3072.4,0.0069644,1.003,18.486,0.63533,0.10155,NaN,-1,-1,-1.4972,0.23155,-7.8016,-3.3573,2.1347,4.3682,NaN,NaN,NaN,NaN,NaN
540.87,0,0,0,0,0,0,0,0,0,0,0,0,NaN,NaN,NaN,NaN,NaN,NaN,NaN,NaN,NaN,47.62,0,3072.4,0.0069644,NaN,NaN,NaN,NaN,NaN,-1,-1,-1.5011,0.2451,-7.797,-3.2908,2.6141,4.3579,NaN,NaN,NaN,NaN,NaN
540.87,-6.1544,-10.254,12.764,-1.5032,-0.53244,-9.0968,-3.677,3.666,5.113,0,0,0,NaN,NaN,NaN,NaN,NaN,NaN,NaN,NaN,NaN,47.62,0,3072.4,0.0069644,NaN,NaN,NaN,NaN,16.083,97072,10.188,-1.4965,0.24023,-7.7902,-3.2371,3.0644,4.3457,NaN,NaN,NaN,NaN,NaN
540.87,-6.166,-10.247,12.776,-1.2742,0.30835,-7.4655,-4.2291,2.2808,5.0731,0,0,0,NaN,NaN,NaN,NaN,NaN,NaN,NaN,NaN,NaN,47.62,0,3072.4,0.0069644,NaN,NaN,NaN,NaN,NaN,-1,-1,-1.4935,0.24798,-7.8067,-3.1986,3.4223,4.3344,NaN,NaN,NaN,NaN,NaN
540.88,-6.1761,-10.238,12.788,-1.4258,0.26958,-9.4155,-3.6975,2.8514,4.7716,0,0,0,NaN,NaN,NaN,NaN,NaN,NaN,NaN,NaN,NaN,47.62,0,3072.4,0.0069644,NaN,NaN,NaN,NaN,15.886,97097,10.313,-1.496,0.26545,-7.8058,-3.1748,3.9616,4.336,NaN,NaN,NaN,NaN,NaN
540.88,-6.1949,-10.212,12.809,-1.4803,0.37525,-8.0326,-3.3542,5.2073,4.7202,0,0,0,NaN,NaN,NaN,NaN,NaN,NaN,NaN,NaN,NaN,47.62,0,3072.4,0.0069644,1.0145,NaN,NaN,NaN,NaN,-1,-1,-1.4952,0.26903,-7.7864,-3.1711,4.3738,4.3272,NaN,NaN,NaN,NaN,NaN
540.88,0,0,0,0,0,0,0,0,0,0,0,0,NaN,NaN,NaN,NaN,NaN,NaN,NaN,NaN,NaN,47.62,0,3072.4,0.0069644,NaN,20.324,0.65177,0.053274,NaN,-1,-1,-1.494,0.27809,-7.7852,-3.1424,4.9421,4.3133,NaN,NaN,NaN,NaN,NaN
540.88,-6.2026,-10.197,12.819,-1.3727,1.0879,-7.9147,-2.8177,5.2328,4.4947,0,0,0,NaN,NaN,NaN,NaN,NaN,NaN,NaN,NaN,NaN,47.62,0,3072.4,0.0069644,NaN,NaN,NaN,NaN,16.158,97068,10.188,-1.4956,0.27414,-7.9008,-3.1211,5.5467,4.3128,NaN,NaN,NaN,NaN,NaN
540.89,-6.2102,-10.182,12.83,-1.3748,-0.58511,-7.8668,-2.7488,5.5442,4.8354,0,0,0,NaN,NaN,NaN,NaN,NaN,NaN,NaN,NaN,NaN,47.62,0,3072.4,0.0069644,NaN,NaN,NaN,NaN,NaN,-1,-1,-1.5,0.28535,-7.9293,-3.0754,6.1052,4.3003,NaN,NaN,NaN,NaN,NaN
540.89,-6.2275,-10.142,12.851,-2.2994,0.51138,-8.3726,-3.1807,9.4493,4.6006,0,0,0,NaN,NaN,NaN,NaN,NaN,NaN,NaN,NaN,NaN,47.62,0,3072.4,0.0069644,NaN,NaN,NaN,NaN,NaN,-1,-1,-1.4902,0.29573,-7.9529,-3.0267,6.7639,4.3009,NaN,NaN,NaN,NaN,NaN
540.89,-6.237,-10.123,12.861,-0.86619,-0.13987,-6.4555,-3.5165,7.1356,4.7138,0,0,0,NaN,NaN,NaN,NaN,NaN,NaN,NaN,NaN,NaN,47.62,0,3072.4,0.0069644,NaN,NaN,NaN,NaN,16.06,97061,10.188,-1.4928,0.3149,-7.9747,-2.9773,7.4885,4.3082,NaN,NaN,NaN,NaN,NaN
540.89,-6.247,-10.105,12.872,-1.1288,0.51341,-8.2102,-3.7416,6.4591,4.7636,0,0,0,NaN,NaN,NaN,NaN,NaN,NaN,NaN,NaN,NaN,47.62,0,3072.4,0.0069644,NaN,NaN,NaN,NaN,15.986,97059,10.188,-1.5011,0.31471,-8.0877,-2.935,8.1943,4.3366,NaN,NaN,NaN,NaN,NaN
540.9,-6.2788,-10.103,12.939,-1.4417,-0.58295,-6.8274,-3.2703,10.587,4.5987,0,0,0,NaN,NaN,NaN,NaN,NaN,NaN,NaN,NaN,NaN,47.62,0,3072.4,0.0069644,NaN,NaN,NaN,NaN,NaN,-1,-1,-1.4949,0.31862,-8.1038,-2.9039,8.8845,4.3557,NaN,NaN,NaN,NaN,NaN
540.9,-6.2879,-10.084,12.949,-1.0591,0.39389,-7.3881,-3.4244,6.9395,4.6863,0,0,0,NaN,NaN,NaN,NaN,NaN,NaN,NaN,NaN,NaN,47.62,0,3072.4,0.0069644,NaN,NaN,NaN,NaN,NaN,-1,-1,-1.4956,0.3089,-8.155,-2.9202,9.7433,4.3788,NaN,NaN,NaN,NaN,NaN
540.9,-6.2966,-10.052,12.957,-1.8698,0.45371,-9.1489,-3.3752,12.403,4.5331,0,0,0,NaN,NaN,NaN,NaN,NaN,NaN,NaN,NaN,NaN,47.62,0,3072.4,0.0069644,NaN,NaN,NaN,NaN,15.935,97059,10.188,-1.4958,0.32115,-8.2141,-2.9193,10.602,4.4115,NaN,NaN,NaN,NaN,NaN
540.9,-6.304,-10.018,12.965,-2.0559,0.25232,-7.4055,-2.8775,12.958,4.5609,0.62617,0.18432,-0.93527,NaN,NaN,NaN,NaN,NaN,NaN,NaN,NaN,NaN,47.62,0,3072.4,0.0069644,NaN,NaN,NaN,NaN,NaN,-1,-1,-1.4957,0.33018,-8.2425,-2.9237,11.482,4.436,NaN,NaN,NaN,NaN,NaN
540.91,-6.3109,-9.9882,12.974,-0.98944,0.7159,-6.6774,-2.6518,11.374,4.4452,0,0,0,NaN,NaN,NaN,NaN,NaN,NaN,NaN,NaN,NaN,47.62,0,3072.4,0.0069644,1.0194,20.324,0.64629,0.067425,15.983,97051,10.125,-1.4874,0.33313,-8.2608,-2.9394,12.488,4.4684,NaN,NaN,NaN,NaN,NaN
540.91,-6.3182,-9.9544,12.982,-1.6379,-0.036562,-8.7738,-2.8153,13,4.5912,0,0,0,NaN,NaN,NaN,NaN,NaN,NaN,NaN,NaN,NaN,47.62,0,3072.4,0.0069644,NaN,NaN,NaN,NaN,NaN,-1,-1,-1.4827,0.33163,-8.3199,-2.966,13.598,4.507,NaN,NaN,NaN,NaN,NaN
540.91,-6.326,-9.9141,12.99,-1.5717,0.5442,-7.7899,-3.0624,15.576,4.6823,0,0,0,NaN,NaN,NaN,NaN,NaN,NaN,NaN,NaN,NaN,47.62,0,3072.4,0.0069644,NaN,NaN,NaN,NaN,NaN,-1,-1,-1.472,0.34172,-8.3626,-2.9465,14.603,4.5524,NaN,NaN,NaN,NaN,NaN
540.91,-6.3406,-9.8305,13.005,-1.4687,0.14779,-6.6015,-3.3446,16.672,4.9721,0,0,0,NaN,NaN,NaN,NaN,NaN,NaN,NaN,NaN,NaN,47.62,0,3072.4,0.0069644,NaN,NaN,NaN,NaN,16.009,97090,10.25,-1.4692,0.3468,-8.409,-2.939,15.591,4.5851,NaN,NaN,NaN,NaN,NaN
540.92,-6.3473,-9.7883,13.013,-1.2476,0.95333,-8.3481,-2.6533,16.338,4.6527,0,0,0,NaN,NaN,NaN,NaN,NaN,NaN,NaN,NaN,NaN,47.62,0,3072.4,0.0069644,NaN,NaN,NaN,NaN,NaN,-1,-1,-1.4583,0.35951,-8.4681,-2.9046,16.702,4.6381,NaN,NaN,NaN,NaN,NaN
540.92,-6.3548,-9.7362,13.02,-2.011,0.14236,-7.9994,-3.0163,20.305,4.7708,0,0,0,NaN,NaN,NaN,NaN,NaN,NaN,NaN,NaN,NaN,47.62,0,3072.4,0.0069644,NaN,NaN,NaN,NaN,NaN,-1,-1,-1.4546,0.37698,-8.5138,-2.8729,17.766,4.6973,NaN,NaN,NaN,NaN,NaN
540.92,-6.3619,-9.6863,13.026,-1.577,0.43589,-6.084,-2.8423,19.429,4.7773,0.62192,0.1963,-0.93788,NaN,NaN,NaN,NaN,NaN,NaN,NaN,NaN,NaN,47.62,0,3072.4,0.0069644,NaN,NaN,NaN,NaN,15.987,97073,10.25,-1.4479,0.37693,-8.5587,-2.879,18.982,4.7636,NaN,NaN,NaN,NaN,NaN
540.92,-6.3697,-9.638,13.033,-1.392,0.30901,-8.6924,-3.13,18.81,4.704,0,0,0,NaN,NaN,NaN,NaN,NaN,NaN,NaN,NaN,NaN,47.62,0,3072.4,0.0069644,NaN,NaN,NaN,NaN,NaN,-1,-1,-1.436,0.38078,-8.6188,-2.8704,20.103,4.845,NaN,NaN,NaN,NaN,NaN
540.93,-6.3697,-9.638,13.033,-1.392,0.30901,-8.6924,-3.13,18.81,4.704,0,0,0,NaN,NaN,NaN,NaN,NaN,NaN,NaN,NaN,NaN,47.62,0,3072.4,0.0069644,NaN,NaN,NaN,NaN,16.062,97093,10.313,-1.4339,0.39227,-8.6915,-2.7238,21.1,4.7245,NaN,NaN,NaN,NaN,NaN
540.93,-6.3763,-9.5803,13.039,-1.7734,-0.3886,-8.354,-2.7541,22.565,4.6097,0,0,0,NaN,NaN,NaN,NaN,NaN,NaN,NaN,NaN,NaN,47.62,0,3072.4,0.0069644,NaN,NaN,NaN,NaN,NaN,-1,-1,-1.4224,0.3876,-8.7407,-2.7072,22.315,4.7627,NaN,NaN,NaN,NaN,NaN
540.93,-6.3828,-9.5218,13.045,-1.6891,0.54034,-8.1451,-2.7132,22.908,4.7162,0,0,0,NaN,NaN,NaN,NaN,NaN,NaN,NaN,NaN,NaN,47.62,0,3072.4,0.0069644,1.0074,20.31,0.63229,0.091565,NaN,-1,-1,-1.4075,0.3965,-8.7963,-2.7017,23.45,4.8049,NaN,NaN,NaN,NaN,NaN
540.93,-6.3933,-9.3975,13.055,-1.3125,-0.19815,-7.7291,-1.8796,24.473,4.6645,0,0,0,NaN,NaN,NaN,NaN,NaN,NaN,NaN,NaN,NaN,47.62,0,3072.4,0.0069644,NaN,NaN,NaN,NaN,16.032,97059,10.125,-1.4029,0.38733,-8.893,-2.6984,24.605,4.8413,NaN,NaN,NaN,NaN,NaN
540.94,-6.3994,-9.3327,13.061,-1.1683,0.44414,-8.8569,-2.5459,25.427,4.9488,0,0,0,NaN,NaN,NaN,NaN,NaN,NaN,NaN,NaN,NaN,47.62,0,3072.4,0.0069644,NaN,NaN,NaN,NaN,NaN,-1,-1,-1.3942,0.38744,-8.9665,-2.6656,25.747,4.8801,NaN,NaN,NaN,NaN,NaN
540.94,-6.4046,-9.2625,13.065,-1.9309,0.30042,-8.6112,-2.2691,27.595,4.6355,0,0,0,NaN,NaN,NaN,NaN,NaN,NaN,NaN,NaN,NaN,47.62,0,3072.4,0.0069644,NaN,NaN,NaN,NaN,NaN,-1,-1,-1.3786,0.38735,-9.0342,-2.5037,26.786,4.744,NaN,NaN,NaN,NaN,NaN
540.94,-6.41,-9.1882,13.069,-1.449,0.13281,-6.9171,-2.3875,29.237,4.793,0.61287,0.201,-0.94315,NaN,NaN,NaN,NaN,NaN,NaN,NaN,NaN,NaN,47.62,0,3072.4,0.0069644,NaN,NaN,NaN,NaN,15.834,97089,10.25,-1.3677,0.39094,-9.1145,-2.4218,27.962,4.7467,NaN,NaN,NaN,NaN,NaN
540.94,-6.4152,-9.1197,13.075,-1.0875,0.41729,-9.2061,-2.1862,26.885,5.2371,0,0,0,NaN,NaN,NaN,NaN,NaN,NaN,NaN,NaN,NaN,47.62,0,3072.4,0.0069644,1.0047,NaN,NaN,NaN,NaN,-1,-1,-1.3523,0.39879,-9.2265,-2.3095,29.033,4.7614,NaN,NaN,NaN,NaN,NaN
540.95,-6.4219,-9.0421,13.079,-1.9831,0.65139,-8.8475,-2.9139,30.528,4.9631,0,0,0,NaN,NaN,NaN,NaN,NaN,NaN,NaN,NaN,NaN,47.62,0,3072.4,0.0069644,NaN,20.31,0.63229,0.079911,15.881,97088,10.188,-1.3332,0.40079,-9.2991,-2.2149,30.264,4.7705,NaN,NaN,NaN,NaN,NaN
540.95,-6.428,-8.9564,13.082,-1.6857,0.63976,-9.0204,-2.7323,33.867,4.6988,0,0,0,NaN,NaN,NaN,NaN,NaN,NaN,NaN,NaN,NaN,47.62,0,3072.4,0.0069644,NaN,NaN,NaN,NaN,NaN,-1,-1,-1.3206,0.40101,-9.3882,-2.1589,31.577,4.804,NaN,NaN,NaN,NaN,NaN
540.95,-6.428,-8.9564,13.082,-1.6857,0.63976,-9.0204,-2.7323,33.867,4.6988,0,0,0,NaN,NaN,NaN,NaN,NaN,NaN,NaN,NaN,NaN,47.62,0,3072.4,0.0069644,NaN,NaN,NaN,NaN,NaN,-1,-1,-1.3127,0.40224,-9.519,-2.1221,32.743,4.8273,NaN,NaN,NaN,NaN,NaN
540.95,-6.4373,-8.7954,13.088,-1.8617,0.27181,-10.604,-1.8209,31.906,4.7323,0,0,0,NaN,NaN,NaN,NaN,NaN,NaN,NaN,NaN,NaN,47.63,0,3082.4,0.0064211,NaN,NaN,NaN,NaN,15.935,97128,10.375,-1.2937,0.41843,-9.6021,-2.0878,34.045,4.833,NaN,NaN,NaN,NaN,NaN
540.96,-6.4408,-8.705,13.09,-1.4862,0.024894,-9.4892,-1.7319,35.704,4.688,0,0,0,NaN,NaN,NaN,NaN,NaN,NaN,NaN,NaN,NaN,47.63,0,3082.4,0.0064211,NaN,NaN,NaN,NaN,NaN,-1,-1,-1.2754,0.40685,-9.6893,-2.0605,35.119,4.8399,NaN,NaN,NaN,NaN,NaN
540.96,-6.4455,-8.6141,13.093,-1.5177,0.47928,-8.7034,-2.1715,35.933,5.0239,0,0,0,NaN,NaN,NaN,NaN,NaN,NaN,NaN,NaN,NaN,47.63,0,3082.4,0.0064211,NaN,NaN,NaN,NaN,NaN,-1,-1,-1.2584,0.42003,-9.8054,-2.0225,36.153,4.8506,NaN,NaN,NaN,NaN,NaN
540.96,-6.4481,-8.5192,13.095,-0.61927,1.7568,-8.5388,-1.4598,37.499,4.8211,0.59923,0.20565,-0.95107,NaN,NaN,NaN,NaN,NaN,NaN,NaN,NaN,NaN,47.63,0,3082.4,0.0064211,NaN,NaN,NaN,NaN,15.958,97075,10.188,-1.2392,0.41826,-9.9382,-1.9626,37.403,4.8625,NaN,NaN,NaN,NaN,NaN
540.96,-6.4498,-8.4264,13.097,-1.6656,-0.55449,-11.328,-1.0612,36.692,4.7337,0,0,0,NaN,NaN,NaN,NaN,NaN,NaN,NaN,NaN,NaN,47.63,0,3082.4,0.0064211,NaN,NaN,NaN,NaN,NaN,-1,-1,-1.2149,0.41131,-10.037,-1.8906,38.517,4.8637,NaN,NaN,NaN,NaN,NaN
540.97,-6.4524,-8.3256,13.097,-1.6835,-0.53031,-9.4593,-1.472,39.963,4.4948,0,0,0,NaN,NaN,NaN,NaN,NaN,NaN,NaN,NaN,NaN,47.63,0,3082.4,0.0064211,NaN,NaN,NaN,NaN,15.908,97073,10.188,-1.1996,0.41902,-10.197,-1.8197,39.535,4.865,NaN,NaN,NaN,NaN,NaN
540.97,-6.4556,-8.2224,13.098,-0.57771,1.2861,-10.031,-1.6891,40.87,5.0708,0,0,0,NaN,NaN,NaN,NaN,NaN,NaN,NaN,NaN,NaN,47.63,0,3082.4,0.0064211,NaN,NaN,NaN,NaN,NaN,-1,-1,-1.1798,0.42777,-10.304,-1.7615,40.657,4.8726,NaN,NaN,NaN,NaN,NaN
540.97,-6.4626,-8.0139,13.101,-1.9868,-0.27119,-11.444,-2.1937,41.766,5.0464,0,0,0,NaN,NaN,NaN,NaN,NaN,NaN,NaN,NaN,NaN,47.63,0,3082.4,0.0064211,0.98331,20.319,0.64811,0.06909,NaN,-1,-1,-1.1513,0.42908,-10.409,-1.7094,41.809,4.9129,NaN,NaN,NaN,NaN,NaN
540.97,-6.4673,-7.8999,13.101,-0.88606,1.6414,-9.4287,-2.3272,45.196,4.9556,0,0,0,NaN,NaN,NaN,NaN,NaN,NaN,NaN,NaN,NaN,47.63,0,3082.4,0.0064211,NaN,NaN,NaN,NaN,15.956,97064,10.125,-1.1217,0.43237,-10.521,-1.647,42.88,4.9397,NaN,NaN,NaN,NaN,NaN
540.98,-6.4696,-7.7964,13.101,-0.92451,0.40068,-9.6647,-1.3789,41.031,4.7382,0,0,0,NaN,NaN,NaN,NaN,NaN,NaN,NaN,NaN,NaN,47.63,0,3082.4,0.0064211,NaN,NaN,NaN,NaN,NaN,-1,-1,-1.1062,0.43155,-10.688,-1.5926,43.903,4.9559,NaN,NaN,NaN,NaN,NaN
540.98,-6.4716,-7.6831,13.1,-1.6537,-1.3614,-13.32,-1.3946,44.979,4.4032,0.57119,0.19833,-0.96252,NaN,NaN,NaN,NaN,NaN,NaN,NaN,NaN,NaN,47.63,0,3082.4,0.0064211,NaN,NaN,NaN,NaN,NaN,-1,-1,-1.0824,0.43231,-10.814,-1.5369,45.034,4.9709,NaN,NaN,NaN,NaN,NaN
540.98,-6.4746,-7.5618,13.099,-0.75147,0.79134,-9.4688,-1.7095,48.102,5.0906,0,0,0,NaN,NaN,NaN,NaN,NaN,NaN,NaN,NaN,NaN,47.63,0,3082.4,0.0064211,NaN,NaN,NaN,NaN,15.979,97079,10.125,-1.0534,0.44343,-10.928,-1.5155,46.111,4.9753,NaN,NaN,NaN,NaN,NaN
540.98,-6.4761,-7.4452,13.099,-1.4456,1.2965,-11.337,-1.0734,46.28,5.0958,0,0,0,NaN,NaN,NaN,NaN,NaN,NaN,NaN,NaN,NaN,47.63,0,3082.4,0.0064211,0.96305,20.309,0.62864,0.10488,NaN,-1,-1,-1.0271,0.44052,-11.078,-1.4947,47.124,4.9823,NaN,NaN,NaN,NaN,NaN
540.99,-6.4782,-7.3237,13.099,-0.9131,0.75967,-11.578,-1.32,48.183,5.1356,0,0,0,NaN,NaN,NaN,NaN,NaN,NaN,NaN,NaN,NaN,47.63,0,3082.4,0.0064211,NaN,NaN,NaN,NaN,15.928,97061,10.063,-1.0018,0.43477,-11.222,-1.463,47.992,4.9967,NaN,NaN,NaN,NaN,NaN
540.99,-6.4802,-7.0776,13.096,-1.2478,0.44823,-11.688,-0.7429,48.721,5.1783,0,0,0,NaN,NaN,NaN,NaN,NaN,NaN,NaN,NaN,NaN,47.63,0,3082.4,0.0064211,NaN,NaN,NaN,NaN,NaN,-1,-1,-0.97062,0.43049,-11.348,-1.4233,48.974,5.0103,NaN,NaN,NaN,NaN,NaN
540.99,-6.4818,-6.9456,13.094,-0.42535,-0.44394,-11.967,-1.2176,52.435,5.1857,0,0,0,NaN,NaN,NaN,NaN,NaN,NaN,NaN,NaN,NaN,47.63,0,3082.4,0.0064211,NaN,NaN,NaN,NaN,NaN,-1,-1,-0.93712,0.43198,-11.501,-1.3541,49.874,5.0041,NaN,NaN,NaN,NaN,NaN
540.99,-6.4839,-6.8179,13.094,-0.75329,1.1662,-11.862,-1.3316,50.693,5.298,0,0,0,NaN,NaN,NaN,NaN,NaN,NaN,NaN,NaN,NaN,47.63,0,3082.4,0.0064211,NaN,NaN,NaN,NaN,15.879,97075,10.125,-0.91247,0.4377,-11.694,-1.311,50.782,5.0279,NaN,NaN,NaN,NaN,NaN
541,-6.4858,-6.6878,13.092,-1.7091,0.019891,-13.391,-1.3127,51.62,5.1855,0.57374,0.19565,-0.96675,NaN,NaN,NaN,NaN,NaN,NaN,NaN,NaN,NaN,47.63,0,3082.4,0.0064211,0.974,20.309,0.62925,0.10572,NaN,-1,-1,-0.86963,0.44697,-11.827,-1.2414,51.722,5.0406,NaN,NaN,NaN,NaN,NaN
541,-6.4896,-6.548,13.09,-0.59957,1.6339,-11.225,-2.1124,55.589,5.2246,0,0,0,NaN,NaN,NaN,NaN,NaN,NaN,NaN,NaN,NaN,47.63,0,3082.4,0.0064211,NaN,NaN,NaN,NaN,NaN,-1,-1,-0.8358,0.44507,-11.979,-1.1761,52.677,5.0705,NaN,NaN,NaN,NaN,NaN
541,-6.4896,-6.548,13.09,-0.59957,1.6339,-11.225,-2.1124,55.589,5.2246,0,0,0,NaN,NaN,NaN,NaN,NaN,NaN,NaN,NaN,NaN,47.63,0,3082.4,0.0064211,NaN,NaN,NaN,NaN,16.059,97113,10.313,-0.79922,0.43927,-12.143,-1.131,53.538,5.113,NaN,NaN,NaN,NaN,NaN
541,-6.4916,-6.4198,13.087,-0.32742,-0.14371,-12.356,-1.4027,50.975,4.5831,0,0,0,NaN,NaN,NaN,NaN,NaN,NaN,NaN,NaN,NaN,47.63,0,3082.4,0.0064211,NaN,NaN,NaN,NaN,NaN,-1,-1,-0.76827,0.45345,-12.325,-1.106,54.304,5.1514,NaN,NaN,NaN,NaN,NaN
541.01,-6.493,-6.2843,13.084,-1.2503,-0.33132,-14.886,-1.1451,53.858,4.9,0,0,0,NaN,NaN,NaN,NaN,NaN,NaN,NaN,NaN,NaN,47.63,0,3082.4,0.0064211,0.96414,NaN,NaN,NaN,16.008,97077,10.188,-0.72555,0.46019,-12.495,-1.0751,55.228,5.1637,NaN,NaN,NaN,NaN,NaN
541.01,-6.4957,-6.0003,13.079,-0.32749,1.7006,-12.886,-0.59301,53.258,5.2866,0,0,0,NaN,NaN,NaN,NaN,NaN,NaN,NaN,NaN,NaN,47.63,0,3082.4,0.0064211,NaN,20.191,0.7114,0.043285,NaN,-1,-1,-0.68552,0.45295,-12.661,-1.0608,55.993,5.1807,NaN,NaN,NaN,NaN,NaN
541.01,-6.4954,-5.8603,13.077,-0.88017,0.96415,-14.943,-0.45012,55.596,5.4017,0,0,0,NaN,NaN,NaN,NaN,NaN,NaN,NaN,NaN,NaN,47.63,0,3082.4,0.0064211,NaN,20.191,0.7114,0.043285,NaN,-1,-1,-0.65329,0.45934,-12.866,-1.0315,56.799,5.2036,NaN,NaN,NaN,NaN,NaN
541.01,-6.4955,-5.7044,13.073,-0.3855,0.44692,-13.272,-0.67678,62.089,5.1729,0,0,0,NaN,NaN,NaN,NaN,NaN,NaN,NaN,NaN,NaN,47.63,0,3082.4,0.0064211,NaN,NaN,NaN,NaN,16.176,97088,10.125,-0.6138,0.4561,-13.047,-0.99991,57.723,5.2117,NaN,NaN,NaN,NaN,NaN
541.02,-6.496,-5.5626,13.07,-0.65374,3.1e-05,-12.638,-0.79962,56.35,5.1523,0.53223,0.2126,-0.9794,NaN,NaN,NaN,NaN,NaN,NaN,NaN,NaN,NaN,47.63,0,3082.4,0.0064211,NaN,NaN,NaN,NaN,NaN,-1,-1,-0.57227,0.43665,-13.234,-0.97821,58.59,5.234,NaN,NaN,NaN,NaN,NaN
541.02,-6.4967,-5.4169,13.067,-0.57673,-0.66668,-15.922,-0.86156,57.929,5.3525,0,0,0,NaN,NaN,NaN,NaN,NaN,NaN,NaN,NaN,NaN,47.63,0,3082.4,0.0064211,NaN,NaN,NaN,NaN,NaN,-1,-1,-0.53492,0.45908,-13.422,-0.91197,59.269,5.2399,NaN,NaN,NaN,NaN,NaN
541.02,-6.4976,-5.2618,13.064,0.25366,1.145,-14.372,-0.94309,61.684,5.5242,0,0,0,NaN,NaN,NaN,NaN,NaN,NaN,NaN,NaN,NaN,47.63,0,3082.4,0.0064211,NaN,NaN,NaN,NaN,16.054,97075,10.125,-0.48659,0.47,-13.619,-0.82272,59.939,5.2685,NaN,NaN,NaN,NaN,NaN
541.02,-6.4982,-5.1092,13.061,-0.6555,0.88859,-13.655,-0.82305,60.693,5.4915,0,0,0,NaN,NaN,NaN,NaN,NaN,NaN,NaN,NaN,NaN,47.63,0,3082.4,0.0064211,NaN,NaN,NaN,NaN,15.932,97101,10.25,-0.44017,0.46177,-13.798,-0.76747,60.716,5.2805,NaN,NaN,NaN,NaN,NaN
541.03,-6.5008,-4.8055,13.052,-0.01311,-0.064188,-16.139,-1.0222,60.287,4.8235,0,0,0,NaN,NaN,NaN,NaN,NaN,NaN,NaN,NaN,NaN,47.63,0,3082.4,0.0064211,NaN,NaN,NaN,NaN,NaN,-1,-1,-0.39871,0.46105,-14.013,-0.69678,61.382,5.3206,NaN,NaN,NaN,NaN,NaN
541.03,-6.501,-4.6513,13.047,-0.016266,0.59605,-15.873,-0.70835,61.438,4.8512,0,0,0,NaN,NaN,NaN,NaN,NaN,NaN,NaN,NaN,NaN,47.63,0,3082.4,0.0064211,NaN,NaN,NaN,NaN,NaN,-1,-1,-0.36659,0.46443,-14.23,-0.67166,62.064,5.3549,NaN,NaN,NaN,NaN,NaN
541.03,-6.5015,-4.484,13.042,-0.76633,-1.0671,-14.956,-0.8599,66.613,5.2587,0,0,0,NaN,NaN,NaN,NaN,NaN,NaN,NaN,NaN,NaN,47.63,0,3082.4,0.0064211,NaN,NaN,NaN,NaN,NaN,-1,-1,-0.31686,0.47234,-14.424,-0.65613,62.769,5.37,NaN,NaN,NaN,NaN,NaN
541.03,-6.502,-4.3276,13.038,0.06954,1.2965,-14.115,-0.81188,62.232,5.3289,0.52342,0.20719,-0.99358,NaN,NaN,NaN,NaN,NaN,NaN,NaN,NaN,NaN,47.63,0,3082.4,0.0064211,NaN,NaN,NaN,NaN,16.028,97081,10.125,-0.26659,0.4717,-14.645,-0.62616,63.34,5.3979,NaN,NaN,NaN,NaN,NaN
541.04,-6.5008,-4.1721,13.034,-0.26711,1.3507,-18.012,-0.10731,61.815,5.6358,0,0,0,NaN,NaN,NaN,NaN,NaN,NaN,NaN,NaN,NaN,47.63,0,3082.4,0.0064211,0.98714,20.32,0.66028,0.053274,NaN,-1,-1,-0.22503,0.46928,-14.852,-0.57879,63.894,5.4015,NaN,NaN,NaN,NaN,NaN
541.04,-6.5008,-4.1721,13.034,-0.26711,1.3507,-18.012,-0.10731,61.815,5.6358,0,0,0,NaN,NaN,NaN,NaN,NaN,NaN,NaN,NaN,NaN,47.63,0,3082.4,0.0064211,NaN,NaN,NaN,NaN,NaN,-1,-1,-0.18294,0.46817,-15.08,-0.54501,64.599,5.4365,NaN,NaN,NaN,NaN,NaN
541.04,-6.4994,-3.9995,13.029,0.27909,0.53381,-15.747,-0.056494,68.765,5.346,0,0,0,NaN,NaN,NaN,NaN,NaN,NaN,NaN,NaN,NaN,47.63,0,3082.4,0.0064211,NaN,NaN,NaN,NaN,16.078,97082,10.125,-0.13355,0.47377,-15.294,-0.48182,65.228,5.4633,NaN,NaN,NaN,NaN,NaN
541.04,-6.4985,-3.8367,13.024,-0.1566,-0.2838,-14.935,-0.24975,64.818,5.4797,0,0,0,NaN,NaN,NaN,NaN,NaN,NaN,NaN,NaN,NaN,47.63,0,3082.4,0.0064211,NaN,NaN,NaN,NaN,16.078,97106,10.188,-0.083161,0.47894,-15.512,-0.40564,65.731,5.4841,NaN,NaN,NaN,NaN,NaN
541.05,-6.4963,-3.5053,13.016,0.53385,1.0447,-17.938,-0.24219,67.737,6.1061,0,0,0,NaN,NaN,NaN,NaN,NaN,NaN,NaN,NaN,NaN,47.63,0,3082.4,0.0064211,0.96852,20.313,0.63959,0.091565,NaN,-1,-1,-0.029985,0.48784,-15.732,-0.24179,68.486,5.6962,NaN,NaN,NaN,NaN,NaN
541.05,-6.4949,-3.336,13.011,-0.53782,0.99347,-16.437,-0.050363,67.412,5.6026,0,0,0,NaN,NaN,NaN,NaN,NaN,NaN,NaN,NaN,NaN,47.63,0,3082.4,0.0064211,NaN,20.313,NaN,NaN,NaN,-1,-1,0.020791,0.48395,-15.96,-0.16351,68.614,5.6801,NaN,NaN,NaN,NaN,NaN
541.05,-6.4949,-3.1664,13.006,-0.31368,0.251,-15.969,-0.58602,67.515,5.675,0,0,0,NaN,NaN,NaN,NaN,NaN,NaN,NaN,NaN,NaN,47.63,0,3082.4,0.0064211,NaN,NaN,NaN,NaN,NaN,-1,-1,0.07386,0.47801,-16.189,-0.096094,68.672,5.6857,NaN,NaN,NaN,NaN,NaN
541.05,-6.4951,-2.9965,13.001,1.0478,1.3185,-16.375,-0.67088,67.686,5.3126,0.49742,0.20261,-0.99815,NaN,NaN,NaN,NaN,NaN,NaN,NaN,NaN,NaN,47.63,0,3082.4,0.0064211,NaN,NaN,NaN,NaN,16.199,97098,10.125,0.12833,0.47407,-16.41,-0.019122,68.686,5.6801,NaN,NaN,NaN,NaN,NaN
541.06,-6.4934,-2.8294,12.996,0.12815,-0.67137,-19.479,0.10921,66.528,5.4076,0,0,0,NaN,NaN,NaN,NaN,NaN,NaN,NaN,NaN,NaN,47.63,0,3082.4,0.0064211,NaN,NaN,NaN,NaN,NaN,-1,-1,0.17588,0.47749,-16.644,0.11213,71.051,5.8606,NaN,NaN,NaN,NaN,NaN
541.06,-6.492,-2.6497,12.989,-0.67227,-0.72948,-17.531,-0.054889,71.6,5.2951,0,0,0,NaN,NaN,NaN,NaN,NaN,NaN,NaN,NaN,NaN,47.63,0,3082.4,0.0064211,NaN,NaN,NaN,NaN,NaN,-1,-1,0.23529,0.49839,-16.85,0.13303,70.577,5.8042,NaN,NaN,NaN,NaN,NaN
541.06,-6.4911,-2.4751,12.984,1.111,1.7617,-16.069,-0.20919,69.513,5.8351,0,0,0,NaN,NaN,NaN,NaN,NaN,NaN,NaN,NaN,NaN,47.63,0,3082.4,0.0064211,0.97181,20.309,0.64264,0.09656,16.129,97093,10.188,0.29321,0.49849,-17.081,0.15777,70.138,5.7417,NaN,NaN,NaN,NaN,NaN
541.06,-6.4858,-2.1231,12.973,0.41946,0.41835,-18.178,0.14576,73.755,5.7288,0,0,0,NaN,NaN,NaN,NaN,NaN,NaN,NaN,NaN,NaN,47.835,0.024486,3088.1,0.0075089,0.97181,20.309,0.64264,0.09656,NaN,-1,-1,0.34318,0.49702,-17.312,0.20278,69.577,5.6896,NaN,NaN,NaN,NaN,NaN
541.07,-6.4828,-1.9485,12.968,0.65913,0.55916,-18.066,0.62819,69.522,5.5844,0,0,0,NaN,NaN,NaN,NaN,NaN,NaN,NaN,NaN,NaN,47.835,0.024486,3088.1,0.0075089,NaN,NaN,NaN,NaN,16.054,97121,10.25,0.40288,0.49124,-17.538,0.28963,69.185,5.6594,NaN,NaN,NaN,NaN,NaN
541.07,-6.4794,-1.7779,12.964,0.59323,-0.32437,-17.808,0.83646,67.897,5.9985,0,0,0,NaN,NaN,NaN,NaN,NaN,NaN,NaN,NaN,NaN,47.835,0.024486,3088.1,0.0075089,NaN,NaN,NaN,NaN,NaN,-1,-1,0.45785,0.49306,-17.757,0.393,68.74,5.6285,NaN,NaN,NaN,NaN,NaN
541.07,-6.4794,-1.7779,12.964,0.59323,-0.32437,-17.808,0.83646,67.897,5.9985,0,0,0,NaN,NaN,NaN,NaN,NaN,NaN,NaN,NaN,NaN,47.835,0.024486,3088.1,0.0075089,NaN,NaN,NaN,NaN,NaN,-1,-1,0.51565,0.50032,-17.983,0.5041,68.432,5.6034,NaN,NaN,NaN,NaN,NaN
541.07,-6.4773,-1.5927,12.959,0.95035,-0.2669,-20.595,0.30504,73.675,6.418,0.48133,0.19995,-1.0085,7.8255,15.497,-3.8466,17.782,40.058,-88.549,3.6785e+05,4.4353e+06,314.63,47.835,0.024486,3088.1,0.0075089,0.97674,NaN,NaN,NaN,16.354,97135,10.375,0.57894,0.50708,-18.189,0.61863,68.083,5.5701,16.958,3.7435,3.8233,12.705,12.153
541.08,-6.4756,-1.4123,12.953,-0.014535,2.1964,-17.295,0.13086,71.873,5.7094,0,0,0,NaN,NaN,NaN,NaN,NaN,NaN,NaN,NaN,NaN,47.835,0.024486,3088.1,0.0075089,NaN,20.32,0.64872,0.074917,NaN,-1,-1,0.63876,0.50534,-18.389,0.75286,67.798,5.551,NaN,NaN,NaN,NaN,NaN
541.08,-6.4721,-1.2359,12.949,0.29451,0.44925,-19.311,0.90178,70.24,5.923,0,0,0,NaN,NaN,NaN,NaN,NaN,NaN,NaN,NaN,NaN,47.835,0.024486,3088.1,0.0075089,NaN,NaN,NaN,NaN,NaN,-1,-1,0.69388,0.49929,-18.614,0.85113,67.655,5.567,NaN,NaN,NaN,NaN,NaN
541.08,-6.47,-1.0524,12.942,1.0228,0.74402,-19.147,0.31822,73.093,5.6303,0,0,0,NaN,NaN,NaN,NaN,NaN,NaN,NaN,NaN,NaN,47.835,0.024486,3088.1,0.0075089,NaN,NaN,NaN,NaN,16.177,97101,10.188,0.74317,0.50165,-18.856,0.95821,67.411,5.5678,NaN,NaN,NaN,NaN,NaN
541.08,-6.4625,-0.69192,12.93,0.18481,-0.011264,-20.023,1.2027,72.167,5.787,0,0,0,NaN,NaN,NaN,NaN,NaN,NaN,NaN,NaN,NaN,47.835,0.024486,3088.1,0.0075089,NaN,NaN,NaN,NaN,NaN,-1,-1,0.80287,0.5195,-19.043,1.0441,67.301,5.5332,NaN,NaN,NaN,NaN,NaN
541.09,-6.4577,-0.50628,12.925,1.1529,1.1233,-18.903,1.3989,73.893,6.3389,0,0,0,NaN,NaN,NaN,NaN,NaN,NaN,NaN,NaN,NaN,47.835,0.024486,3088.1,0.0075089,NaN,NaN,NaN,NaN,16.373,97086,10.125,0.85136,0.5096,-19.056,1.1431,67.044,5.505,NaN,NaN,NaN,NaN,NaN
541.09,-6.4512,-0.32461,12.92,1.1711,0.91139,-21.177,2.115,72.361,5.7583,0,0,0,NaN,NaN,NaN,NaN,NaN,NaN,NaN,NaN,NaN,47.835,0.024486,3088.1,0.0075089,0.97619,19.235,0.64081,0.097392,NaN,-1,-1,0.91309,0.51109,-19.307,1.255,67.039,5.4968,NaN,NaN,NaN,NaN,NaN
541.09,-6.4452,-0.1357,12.914,0.82967,0.88338,-18.639,1.9031,75.239,6.0645,0.45587,0.19982,-1.0197,NaN,NaN,NaN,NaN,NaN,NaN,NaN,NaN,NaN,47.835,0.024486,3088.1,0.0075089,NaN,NaN,NaN,NaN,NaN,-1,-1,0.96685,0.51984,-19.539,1.3804,67.033,5.4855,NaN,NaN,NaN,NaN,NaN
541.09,-6.4384,0.047078,12.908,0.99312,0.1205,-20.656,2.2647,72.809,5.7503,0,0,0,NaN,NaN,NaN,NaN,NaN,NaN,NaN,NaN,NaN,47.835,0.024486,3088.1,0.0075089,NaN,NaN,NaN,NaN,16.3,97101,10.188,1.0303,0.51484,-19.751,1.5339,66.948,5.4843,NaN,NaN,NaN,NaN,NaN
541.1,-6.4314,0.22737,12.903,1.3764,0.45534,-19.951,2.3384,71.777,6.0051,0,0,0,NaN,NaN,NaN,NaN,NaN,NaN,NaN,NaN,NaN,47.835,0.024486,3088.1,0.0075089,NaN,NaN,NaN,NaN,NaN,-1,-1,1.0895,0.51496,-19.977,1.699,66.841,5.4872,NaN,NaN,NaN,NaN,NaN
541.1,-6.4252,0.41829,12.898,1.3968,-0.70635,-21.992,1.9996,76.027,6.2788,0,0,0,NaN,NaN,NaN,NaN,NaN,NaN,NaN,NaN,NaN,47.835,0.024486,3088.1,0.0075089,NaN,NaN,NaN,NaN,NaN,-1,-1,1.1337,0.51621,-20.03,1.8999,66.853,5.4869,NaN,NaN,NaN,NaN,NaN
541.1,0,0,0,0,0,0,0,0,0,0,0,0,NaN,NaN,NaN,NaN,NaN,NaN,NaN,NaN,NaN,47.835,0.024486,3088.1,0.0075089,0.97947,16.807,0.64385,0.079079,16.126,97112,10.188,1.1976,0.52126,-20.274,2.078,66.916,5.4814,NaN,NaN,NaN,NaN,NaN
541.1,-6.4133,0.79075,12.887,0.94577,0.86064,-20.721,2.1397,73.433,6.2638,0,0,0,NaN,NaN,NaN,NaN,NaN,NaN,NaN,NaN,NaN,47.835,0.024486,3088.1,0.0075089,NaN,NaN,NaN,NaN,NaN,-1,-1,1.2676,0.52394,-20.498,2.2503,67.062,5.5285,NaN,NaN,NaN,NaN,NaN
541.11,-6.3995,1.1653,12.876,2.0537,-1.0543,-22.592,2.6001,73.225,5.8198,0,0,0,NaN,NaN,NaN,NaN,NaN,NaN,NaN,NaN,NaN,47.835,0.024486,3088.1,0.0075089,NaN,NaN,NaN,NaN,16.176,97092,10.125,1.3229,0.52599,-20.738,2.4318,67.234,5.5477,NaN,NaN,NaN,NaN,NaN
541.11,-6.392,1.353,12.87,0.53214,0.33878,-21.584,2.5834,74.755,6.1072,0.43041,0.20463,-1.0287,NaN,NaN,NaN,NaN,NaN,NaN,NaN,NaN,NaN,47.835,0.024486,3088.1,0.0075089,NaN,NaN,NaN,NaN,NaN,-1,-1,1.3834,0.5313,-20.969,2.5853,67.377,5.5669,NaN,NaN,NaN,NaN,NaN
541.11,0,0,0,0,0,0,0,0,0,0,0,0,NaN,NaN,NaN,NaN,NaN,NaN,NaN,NaN,NaN,47.835,0.024486,3088.1,0.0075089,NaN,NaN,NaN,NaN,NaN,-1,-1,1.4375,0.52588,-21.166,2.7185,67.581,5.5808,NaN,NaN,NaN,NaN,NaN
541.11,-6.3832,1.5477,12.865,1.7666,0.6033,-19.753,3.0767,77.49,6.5884,0,0,0,NaN,NaN,NaN,NaN,NaN,NaN,NaN,NaN,NaN,47.835,0.024486,3088.1,0.0075089,0.96305,14.384,0.64142,0.094895,16.176,97107,10.188,1.4958,0.54785,-21.393,2.8837,67.698,5.5976,NaN,NaN,NaN,NaN,NaN
541.12,-6.3724,1.7282,12.861,2.0464,1.4606,-23.262,3.9148,71.857,6.2507,0,0,0,NaN,NaN,NaN,NaN,NaN,NaN,NaN,NaN,NaN,47.835,0.024486,3088.1,0.0075089,NaN,NaN,NaN,NaN,NaN,-1,-1,1.5507,0.54718,-21.592,3.039,68.031,5.6137,NaN,NaN,NaN,NaN,NaN
541.12,-6.3614,1.9241,12.856,0.81281,0.95103,-21.358,3.9639,78.022,6.2988,0,0,0,NaN,NaN,NaN,NaN,NaN,NaN,NaN,NaN,NaN,47.835,0.024486,3088.1,0.0075089,NaN,NaN,NaN,NaN,NaN,-1,-1,1.6126,0.52795,-21.788,3.2097,68.377,5.6345,NaN,NaN,NaN,NaN,NaN
541.12,-6.3404,2.2992,12.845,2.0352,-0.105,-20.258,3.6759,72.085,6.1187,0,0,0,NaN,NaN,NaN,NaN,NaN,NaN,NaN,NaN,NaN,47.835,0.024486,3088.1,0.0075089,NaN,NaN,NaN,NaN,16.249,97097,10.125,1.6534,0.52542,-22.059,3.4147,68.799,5.6484,NaN,NaN,NaN,NaN,NaN
541.12,-6.33,2.4886,12.84,1.775,-0.21521,-25.02,3.746,75.424,6.4049,0,0,0,NaN,NaN,NaN,NaN,NaN,NaN,NaN,NaN,NaN,47.835,0.024486,3088.1,0.0075089,NaN,NaN,NaN,NaN,NaN,-1,-1,1.7065,0.53472,-22.245,3.6129,69.213,5.6684,NaN,NaN,NaN,NaN,NaN
541.13,-6.3199,2.6864,12.834,1.2684,1.948,-22.491,3.656,78.774,6.1249,0,0,0,NaN,NaN,NaN,NaN,NaN,NaN,NaN,NaN,NaN,47.835,0.024486,3088.1,0.0075089,0.97564,11.512,0.63047,0.099057,16.373,97105,10.188,1.7572,0.53777,-22.451,3.8221,69.532,5.7019,NaN,NaN,NaN,NaN,NaN
541.13,-6.3291,2.8182,12.879,1.3775,0.31565,-20.414,3.7128,75.073,6.4458,0.39974,0.19759,-1.0359,NaN,NaN,NaN,NaN,NaN,NaN,NaN,NaN,NaN,47.835,0.024486,3088.1,0.0075089,0.97564,11.512,0.63047,0.099057,NaN,-1,-1,1.8075,0.54627,-22.614,3.9929,69.868,5.7639,NaN,NaN,NaN,NaN,NaN
541.13,-6.32,3.0052,12.875,1.6883,1.1903,-22.361,3.2334,74.434,6.3483,0,0,0,NaN,NaN,NaN,NaN,NaN,NaN,NaN,NaN,NaN,47.835,0.024486,3088.1,0.0075089,NaN,NaN,NaN,NaN,NaN,-1,-1,1.8588,0.5497,-22.791,4.1565,70.375,5.8259,NaN,NaN,NaN,NaN,NaN
541.13,-6.3081,3.1908,12.868,2.6956,-0.22582,-24.468,4.4177,73.97,5.5259,0,0,0,NaN,NaN,NaN,NaN,NaN,NaN,NaN,NaN,NaN,47.835,0.024486,3088.1,0.0075089,NaN,NaN,NaN,NaN,16.076,97115,10.188,1.8945,0.53907,-23.039,4.3093,70.812,5.8659,NaN,NaN,NaN,NaN,NaN
541.14,-6.2958,3.3826,12.863,1.1619,0.40676,-23.471,4.5665,76.397,5.9738,0,0,0,NaN,NaN,NaN,NaN,NaN,NaN,NaN,NaN,NaN,47.835,0.024486,3088.1,0.0075089,NaN,NaN,NaN,NaN,NaN,-1,-1,1.9374,0.53796,-23.225,4.4669,71.15,5.908,NaN,NaN,NaN,NaN,NaN
541.14,-6.2686,3.7562,12.854,2.5575,1.6506,-24.666,5.3303,71.836,6.4112,0,0,0,NaN,NaN,NaN,NaN,NaN,NaN,NaN,NaN,NaN,47.835,0.024486,3088.1,0.0075089,0.97181,NaN,NaN,NaN,NaN,-1,-1,1.9781,0.54992,-23.392,4.5958,71.713,5.937,NaN,NaN,NaN,NaN,NaN
541.14,-6.2536,3.9503,12.849,1.5169,1.2039,-23.948,5.6556,77.283,6.2344,0,0,0,NaN,NaN,NaN,NaN,NaN,NaN,NaN,NaN,NaN,47.835,0.024486,3088.1,0.0075089,NaN,8.6895,0.64264,0.076582,16.351,97132,10.313,2.0292,0.55939,-23.536,4.7244,72.141,5.9955,NaN,NaN,NaN,NaN,NaN
541.14,-6.2391,4.1408,12.843,2.174,0.23676,-23.376,5.4909,75.888,6.0193,0,0,0,NaN,NaN,NaN,NaN,NaN,NaN,NaN,NaN,NaN,47.835,0.024486,3088.1,0.0075089,NaN,NaN,NaN,NaN,NaN,-1,-1,2.065,0.57018,-23.718,4.8753,72.784,6.0614,NaN,NaN,NaN,NaN,NaN
541.15,-6.2246,4.3213,12.839,2.4923,0.91161,-22.059,5.4131,71.836,6.2046,0.38185,0.20928,-1.0487,NaN,NaN,NaN,NaN,NaN,NaN,NaN,NaN,NaN,47.835,0.024486,3088.1,0.0075089,NaN,NaN,NaN,NaN,16.204,97152,10.375,2.1014,0.55747,-23.853,5.0618,73.317,6.1032,NaN,NaN,NaN,NaN,NaN
541.15,-6.2097,4.5052,12.836,2.0647,-0.32837,-26.572,5.585,73.184,6.2945,0,0,0,NaN,NaN,NaN,NaN,NaN,NaN,NaN,NaN,NaN,47.835,0.024486,3088.1,0.0075089,NaN,NaN,NaN,NaN,NaN,-1,-1,2.1419,0.56923,-24.006,5.2575,73.846,6.1565,NaN,NaN,NaN,NaN,NaN
541.15,-6.2097,4.5052,12.836,2.0647,-0.32837,-26.572,5.585,73.184,6.2945,0,0,0,NaN,NaN,NaN,NaN,NaN,NaN,NaN,NaN,NaN,47.835,0.024486,3088.1,0.0075089,NaN,NaN,NaN,NaN,NaN,-1,-1,2.172,0.57378,-24.169,5.4709,74.426,6.1931,NaN,NaN,NaN,NaN,NaN
541.15,-6.197,4.6987,12.83,1.8946,1.3446,-24.04,4.7737,77.075,6.1654,0,0,0,NaN,NaN,NaN,NaN,NaN,NaN,NaN,NaN,NaN,47.835,0.024486,3088.1,0.0075089,NaN,NaN,NaN,NaN,16.349,97122,10.25,2.21,0.57351,-24.293,5.6784,74.936,6.2567,NaN,NaN,NaN,NaN,NaN
541.16,-6.1826,4.8803,12.828,2.3374,0.67846,-23.497,5.3821,72.23,6.5258,0,0,0,NaN,NaN,NaN,NaN,NaN,NaN,NaN,NaN,NaN,47.835,0.024486,3088.1,0.0075089,NaN,NaN,NaN,NaN,NaN,-1,-1,2.254,0.59126,-24.419,5.8364,75.571,6.3352,NaN,NaN,NaN,NaN,NaN
541.16,-6.1538,5.2453,12.818,2.6503,-0.20971,-26.168,5.7107,72.571,5.6681,0,0,0,NaN,NaN,NaN,NaN,NaN,NaN,NaN,NaN,NaN,47.835,0.024486,3088.1,0.0075089,NaN,NaN,NaN,NaN,NaN,-1,-1,2.2807,0.58342,-24.557,5.9202,73.466,6.178,NaN,NaN,NaN,NaN,NaN
541.16,-6.1385,5.4251,12.815,2.161,0.66989,-23.997,5.7892,71.551,6.0513,0,0,0,NaN,NaN,NaN,NaN,NaN,NaN,NaN,NaN,NaN,47.835,0.024486,3088.1,0.0075089,NaN,NaN,NaN,NaN,16.149,97101,10.125,2.314,0.57581,-24.678,6.0473,73.527,6.1986,NaN,NaN,NaN,NaN,NaN
541.16,-6.1222,5.6075,12.811,2.4403,-0.034387,-25.026,6.2027,72.588,6.1816,0,0,0,NaN,NaN,NaN,NaN,NaN,NaN,NaN,NaN,NaN,47.835,0.024486,3088.1,0.0075089,NaN,NaN,NaN,NaN,NaN,-1,-1,2.3474,0.58142,-24.792,6.163,73.372,6.2101,NaN,NaN,NaN,NaN,NaN
541.17,-6.1043,5.7854,12.807,2.9215,1.6259,-26.359,6.8197,70.835,5.9898,0.36038,0.20728,-1.0484,NaN,NaN,NaN,NaN,NaN,NaN,NaN,NaN,NaN,47.835,0.024486,3088.1,0.0075089,0.9844,2.9474,0.65785,0.073252,16.178,97096,10.188,2.3728,0.59679,-24.903,6.2691,73.336,6.2449,NaN,NaN,NaN,NaN,NaN
541.17,-6.0865,5.9664,12.803,2.1435,1.1853,-24.959,6.8113,72.027,5.9511,0,0,0,NaN,NaN,NaN,NaN,NaN,NaN,NaN,NaN,NaN,47.835,0.024486,3088.1,0.0075089,NaN,NaN,NaN,NaN,NaN,-1,-1,2.3951,0.59239,-25.005,6.2968,70.646,6.0307,NaN,NaN,NaN,NaN,NaN
541.17,-6.0678,6.144,12.799,2.5515,0.13708,-25.131,7.1485,70.709,5.7801,0,0,0,NaN,NaN,NaN,NaN,NaN,NaN,NaN,NaN,NaN,47.835,0.024486,3088.1,0.0075089,NaN,NaN,NaN,NaN,NaN,-1,-1,2.4292,0.59812,-25.097,6.4376,70.029,6.0216,NaN,NaN,NaN,NaN,NaN
541.17,-6.0504,6.3157,12.797,2.8736,0.87763,-24.86,6.6073,68.29,6.1694,0,0,0,NaN,NaN,NaN,NaN,NaN,NaN,NaN,NaN,NaN,47.669,0.024486,3086.6,0.0080533,NaN,NaN,NaN,NaN,16.323,97094,10.125,2.456,0.5956,-25.223,6.6232,69.159,6.0024,NaN,NaN,NaN,NaN,NaN
541.18,-6.0162,6.6647,12.792,2.5199,0.6254,-26.469,5.8233,70.487,6.3665,0,0,0,NaN,NaN,NaN,NaN,NaN,NaN,NaN,NaN,NaN,47.669,0.024486,3086.6,0.0080533,NaN,NaN,NaN,NaN,NaN,-1,-1,2.4749,0.59823,-25.279,6.8074,68.427,5.9823,NaN,NaN,NaN,NaN,NaN
541.18,-5.9992,6.8321,12.79,2.514,0.63827,-24.9,6.4089,66.586,6.0949,0,0,0,NaN,NaN,NaN,NaN,NaN,NaN,NaN,NaN,NaN,47.669,0.024486,3086.6,0.0080533,0.96414,2.9743,0.63716,0.094062,NaN,-1,-1,2.4944,0.5964,-25.366,6.9768,67.605,5.9572,NaN,NaN,NaN,NaN,NaN
541.18,-5.9826,7.0003,12.788,2.768,2.3669,-25.368,6.2534,66.859,6.163,0,0,0,NaN,NaN,NaN,NaN,NaN,NaN,NaN,NaN,NaN,47.669,0.024486,3086.6,0.0080533,NaN,2.9743,NaN,NaN,16.45,97126,10.313,2.5177,0.60801,-25.45,7.1126,66.737,5.9445,NaN,NaN,NaN,NaN,NaN
541.18,-5.9632,7.1637,12.784,2.6236,-0.76418,-27.182,7.4489,65.079,5.3312,0.33221,0.20009,-1.0576,NaN,NaN,NaN,NaN,NaN,NaN,NaN,NaN,NaN,47.669,0.024486,3086.6,0.0080533,NaN,NaN,NaN,NaN,NaN,-1,-1,2.5375,0.61671,-25.523,7.2356,66.012,5.9131,NaN,NaN,NaN,NaN,NaN
541.19,-5.9444,7.327,12.782,2.5148,0.5762,-26.123,7.1616,64.929,5.7788,0,0,0,NaN,NaN,NaN,NaN,NaN,NaN,NaN,NaN,NaN,47.669,0.024486,3086.6,0.0080533,NaN,NaN,NaN,NaN,16.275,97105,10.188,2.5554,0.63031,-25.586,7.3617,65.23,5.8944,NaN,NaN,NaN,NaN,NaN
541.19,-5.9444,7.327,12.782,2.5148,0.5762,-26.123,7.1616,64.929,5.7788,0,0,0,NaN,NaN,NaN,NaN,NaN,NaN,NaN,NaN,NaN,47.669,0.024486,3086.6,0.0080533,NaN,NaN,NaN,NaN,NaN,-1,-1,2.5686,0.63664,-25.652,7.4399,64.321,5.8676,NaN,NaN,NaN,NaN,NaN
541.19,-5.9242,7.4922,12.78,2.9092,0.059404,-25.492,7.6926,65.709,5.9415,0,0,0,NaN,NaN,NaN,NaN,NaN,NaN,NaN,NaN,NaN,47.669,0.024486,3086.6,0.0080533,NaN,NaN,NaN,NaN,NaN,-1,-1,2.5878,0.64397,-25.716,7.5416,63.211,5.8227,NaN,NaN,NaN,NaN,NaN
541.19,-5.9033,7.6458,12.78,3.1095,1.0641,-27.891,7.9105,61.039,6.0821,0,0,0,NaN,NaN,NaN,NaN,NaN,NaN,NaN,NaN,NaN,47.669,0.024486,3086.6,0.0080533,0.96469,2.9623,0.62316,0.10821,16.369,97087,10.063,2.5981,0.65331,-25.782,7.6326,62.318,5.7854,NaN,NaN,NaN,NaN,NaN
541.2,-5.8586,7.964,12.776,2.9671,0.84477,-26.582,8.8289,63.479,5.3071,0,0,0,NaN,NaN,NaN,NaN,NaN,NaN,NaN,NaN,NaN,47.669,0.024486,3086.6,0.0080533,NaN,NaN,NaN,NaN,NaN,-1,-1,2.6006,0.65954,-25.813,7.7577,61.193,5.7588,NaN,NaN,NaN,NaN,NaN
541.2,-5.8362,8.1097,12.776,2.7356,0.26084,-25.251,8.4986,57.899,5.6161,0,0,0,NaN,NaN,NaN,NaN,NaN,NaN,NaN,NaN,NaN,47.669,0.024486,3086.6,0.0080533,NaN,NaN,NaN,NaN,NaN,-1,-1,2.6154,0.6557,-25.86,7.9332,60.158,5.7083,NaN,NaN,NaN,NaN,NaN
541.2,-5.8144,8.2567,12.776,2.362,0.45834,-29.243,8.2539,58.414,5.7965,0,0,0,NaN,NaN,NaN,NaN,NaN,NaN,NaN,NaN,NaN,47.669,0.024486,3086.6,0.0080533,NaN,NaN,NaN,NaN,16.319,97094,10.063,2.6235,0.65239,-25.88,8.1258,59.094,5.6562,NaN,NaN,NaN,NaN,NaN
541.2,-5.7938,8.4095,12.775,3.0076,1.0464,-25.989,7.7925,60.724,5.786,0.30162,0.19545,-1.0648,NaN,NaN,NaN,NaN,NaN,NaN,NaN,NaN,NaN,47.669,0.024486,3086.6,0.0080533,NaN,NaN,NaN,NaN,NaN,-1,-1,2.637,0.64828,-25.91,8.3154,58.005,5.6185,NaN,NaN,NaN,NaN,NaN
541.21,-5.7737,8.5508,12.776,2.6225,0.039023,-26.197,7.5226,56.092,6.0247,0,0,0,NaN,NaN,NaN,NaN,NaN,NaN,NaN,NaN,NaN,47.669,0.024486,3086.6,0.0080533,0.96305,NaN,NaN,NaN,16.396,97134,10.25,2.6491,0.65189,-25.924,8.4749,56.828,5.5956,NaN,NaN,NaN,NaN,NaN
541.21,-5.7533,8.6908,12.776,2.7595,1.3905,-27.126,7.6527,55.607,5.4848,0,0,0,NaN,NaN,NaN,NaN,NaN,NaN,NaN,NaN,NaN,47.669,0.024486,3086.6,0.0080533,NaN,2.9361,0.63229,0.094895,NaN,-1,-1,2.6512,0.6664,-25.948,8.6276,55.615,5.568,NaN,NaN,NaN,NaN,NaN
541.21,-5.7304,8.8294,12.776,3.1178,0.57283,-28.4,8.7228,55.057,5.3084,0,0,0,NaN,NaN,NaN,NaN,NaN,NaN,NaN,NaN,NaN,47.669,0.024486,3086.6,0.0080533,NaN,NaN,NaN,NaN,NaN,-1,-1,2.6624,0.68197,-25.945,8.7562,54.622,5.5276,NaN,NaN,NaN,NaN,NaN
541.21,-5.684,9.097,12.776,2.9973,0.058459,-26.084,8.6553,51.488,5.3965,0,0,0,NaN,NaN,NaN,NaN,NaN,NaN,NaN,NaN,NaN,47.669,0.024486,3086.6,0.0080533,NaN,NaN,NaN,NaN,16.272,97126,10.188,2.6583,0.65525,-25.973,8.9028,53.415,5.4987,NaN,NaN,NaN,NaN,NaN
541.22,-5.6595,9.222,12.778,2.614,1.4434,-30.342,9.2003,49.556,5.6664,0,0,0,NaN,NaN,NaN,NaN,NaN,NaN,NaN,NaN,NaN,47.669,0.024486,3086.6,0.0080533,NaN,NaN,NaN,NaN,NaN,-1,-1,2.6618,0.66052,-25.971,8.9947,52.245,5.4455,NaN,NaN,NaN,NaN,NaN
541.22,-5.6329,9.3572,12.779,2.6389,1.779,-26.795,10.081,53.694,5.4702,0,0,0,NaN,NaN,NaN,NaN,NaN,NaN,NaN,NaN,NaN,47.669,0.024486,3086.6,0.0080533,0.97455,2.9373,0.63533,0.091565,NaN,-1,-1,2.6701,0.68048,-25.962,9.0766,51.067,5.4038,NaN,NaN,NaN,NaN,NaN
541.22,-5.6053,9.4829,12.779,3.1478,0.20957,-25.537,10.553,49.935,4.9418,0.29233,0.19545,-1.0677,NaN,NaN,NaN,NaN,NaN,NaN,NaN,NaN,NaN,47.669,0.024486,3086.6,0.0080533,NaN,NaN,NaN,NaN,16.248,97103,10.125,2.6617,0.68344,-25.95,9.1919,49.892,5.3505,NaN,NaN,NaN,NaN,NaN
541.22,-5.5782,9.5932,12.783,3.1608,0.27691,-25.748,10.153,43.7,5.5204,0,0,0,NaN,NaN,NaN,NaN,NaN,NaN,NaN,NaN,NaN,47.669,0.024486,3086.6,0.0080533,NaN,NaN,NaN,NaN,NaN,-1,-1,2.6623,0.69575,-25.939,9.3547,48.64,5.295,NaN,NaN,NaN,NaN,NaN
541.23,-5.5528,9.7149,12.785,1.7602,1.002,-30.083,9.5374,48.255,5.2711,0,0,0,NaN,NaN,NaN,NaN,NaN,NaN,NaN,NaN,NaN,47.669,0.024486,3086.6,0.0080533,NaN,NaN,NaN,NaN,16.178,97117,10.25,2.6585,0.69039,-25.927,9.5109,47.469,5.2433,NaN,NaN,NaN,NaN,NaN
541.23,-5.5289,9.8355,12.786,2.9718,0.58603,-25.159,8.9643,47.867,5.1952,0,0,0,NaN,NaN,NaN,NaN,NaN,NaN,NaN,NaN,NaN,47.669,0.024486,3086.6,0.0080533,NaN,NaN,NaN,NaN,NaN,-1,-1,2.6554,0.68495,-25.91,9.675,46.299,5.1875,NaN,NaN,NaN,NaN,NaN
541.23,-5.5289,9.8355,12.786,2.9718,0.58603,-25.159,8.9643,47.867,5.1952,0,0,0,NaN,NaN,NaN,NaN,NaN,NaN,NaN,NaN,NaN,47.669,0.024486,3086.6,0.0080533,NaN,NaN,NaN,NaN,NaN,-1,-1,2.6486,0.70428,-25.845,9.835,45.011,5.1536,NaN,NaN,NaN,NaN,NaN
541.23,-5.4811,10.047,12.793,2.4643,1.3652,-28.23,8.9464,42.241,5.0717,0,0,0,NaN,NaN,NaN,NaN,NaN,NaN,NaN,NaN,NaN,47.669,0.024486,3086.6,0.0080533,0.98331,2.9444,0.64811,0.079911,16.35,97118,10.25,2.6397,0.71088,-25.841,9.9284,43.895,5.1244,NaN,NaN,NaN,NaN,NaN
541.24,-5.4549,10.158,12.796,2.6539,0.31467,-26.622,9.8811,44.197,4.8878,0,0,0,NaN,NaN,NaN,NaN,NaN,NaN,NaN,NaN,NaN,47.669,0.024486,3086.6,0.0080533,NaN,NaN,NaN,NaN,NaN,-1,-1,2.6349,0.71735,-25.788,10.049,42.569,5.0741,NaN,NaN,NaN,NaN,NaN
541.24,-5.4279,10.263,12.799,2.9566,0.36499,-24.943,10.092,41.458,5.0777,0,0,0,NaN,NaN,NaN,NaN,NaN,NaN,NaN,NaN,NaN,47.669,0.024486,3086.6,0.0080533,NaN,NaN,NaN,NaN,NaN,-1,-1,2.6276,0.72446,-25.742,10.117,41.424,5.0403,NaN,NaN,NaN,NaN,NaN
541.24,-5.4012,10.357,12.803,2.691,0.5034,-25.212,9.9154,37.215,4.9575,0.27126,0.19309,-1.074,NaN,NaN,NaN,NaN,NaN,NaN,NaN,NaN,NaN,47.669,0.024486,3086.6,0.0080533,NaN,NaN,NaN,NaN,16.348,97112,10.188,2.6138,0.70863,-25.706,10.21,40.172,4.9827,NaN,NaN,NaN,NaN,NaN
541.24,-5.3725,10.452,12.807,1.9472,0.7582,-29.681,10.682,37.614,5.0766,0,0,0,NaN,NaN,NaN,NaN,NaN,NaN,NaN,NaN,NaN,47.669,0.024486,3086.6,0.0080533,NaN,NaN,NaN,NaN,NaN,-1,-1,2.5988,0.72504,-25.653,10.265,38.883,4.9255,NaN,NaN,NaN,NaN,NaN
541.25,-5.3431,10.555,12.809,3.5346,1.9474,-24.858,11.116,40.995,4.648,0,0,0,NaN,NaN,NaN,NaN,NaN,NaN,NaN,NaN,NaN,47.669,0.024486,3086.6,0.0080533,0.96633,2.9373,0.63716,0.094062,16.131,97148,10.375,2.5883,0.73141,-25.583,10.326,37.61,4.8665,NaN,NaN,NaN,NaN,NaN
541.25,-5.3119,10.644,12.813,2.6815,0.24619,-24.62,11.736,35.104,4.6378,0,0,0,NaN,NaN,NaN,NaN,NaN,NaN,NaN,NaN,NaN,47.669,0.024486,3086.6,0.0080533,NaN,NaN,NaN,NaN,NaN,-1,-1,2.5716,0.74683,-25.516,10.421,36.476,4.8158,NaN,NaN,NaN,NaN,NaN
541.25,-5.3119,10.644,12.813,2.6815,0.24619,-24.62,11.736,35.104,4.6378,0,0,0,NaN,NaN,NaN,NaN,NaN,NaN,NaN,NaN,NaN,47.669,0.024486,3086.6,0.0080533,NaN,NaN,NaN,NaN,NaN,-1,-1,2.5553,0.74489,-25.471,10.558,35.225,4.774,NaN,NaN,NaN,NaN,NaN
541.25,-5.2533,10.818,12.823,2.2843,0.75917,-27.392,10.754,36.126,5.1552,0,0,0,NaN,NaN,NaN,NaN,NaN,NaN,NaN,NaN,NaN,47.669,0.024486,3086.6,0.0080533,NaN,NaN,NaN,NaN,16.446,97103,10.188,2.5396,0.72679,-25.407,10.729,34.074,4.6971,NaN,NaN,NaN,NaN,NaN
541.26,-5.226,10.906,12.828,3.3558,1.2305,-23.942,10.06,34.593,4.9809,0,0,0,NaN,NaN,NaN,NaN,NaN,NaN,NaN,NaN,NaN,47.669,0.024486,3086.6,0.0080533,NaN,NaN,NaN,NaN,NaN,-1,-1,2.5182,0.73339,-25.331,10.883,32.83,4.6461,NaN,NaN,NaN,NaN,NaN
541.26,-5.199,10.98,12.833,2.3312,0.57432,-25.986,9.8862,29.423,4.678,0,0,0,NaN,NaN,NaN,NaN,NaN,NaN,NaN,NaN,NaN,47.669,0.024486,3086.6,0.0080533,0.97783,2.8108,0.71445,0.051609,NaN,-1,-1,2.4986,0.74303,-25.239,11.025,31.626,4.609,NaN,NaN,NaN,NaN,NaN
541.26,-5.17,11.059,12.837,1.7809,1.5648,-26.779,10.819,31.177,4.2332,0.24566,0.18815,-1.0853,NaN,NaN,NaN,NaN,NaN,NaN,NaN,NaN,NaN,47.669,0.024486,3086.6,0.0080533,0.97783,2.8108,0.71445,0.051609,16.176,97110,10.188,2.4765,0.73703,-25.16,11.156,30.539,4.563,NaN,NaN,NaN,NaN,NaN
541.26,-5.1406,11.137,12.841,3.059,-0.065806,-24.808,10.976,30.829,4.2637,0,0,0,NaN,NaN,NaN,NaN,NaN,NaN,NaN,NaN,NaN,47.669,0.024486,3086.6,0.0080533,NaN,NaN,NaN,NaN,NaN,-1,-1,2.4588,0.75011,-25.045,11.268,29.363,4.5127,NaN,NaN,NaN,NaN,NaN
541.27,-5.1117,11.206,12.846,2.4603,-0.75166,-24.827,10.68,27.095,4.4347,0,0,0,NaN,NaN,NaN,NaN,NaN,NaN,NaN,NaN,NaN,47.669,0.024486,3086.6,0.0080533,NaN,NaN,NaN,NaN,16.323,97135,10.25,2.4371,0.74153,-24.964,11.343,28.283,4.4637,NaN,NaN,NaN,NaN,NaN
541.27,-5.0834,11.276,12.852,2.0821,1.9912,-25.098,10.397,27.614,4.4323,0,0,0,NaN,NaN,NaN,NaN,NaN,NaN,NaN,NaN,NaN,47.669,0.024486,3086.6,0.0080533,NaN,NaN,NaN,NaN,NaN,-1,-1,2.4162,0.75311,-24.879,11.424,27.201,4.3936,NaN,NaN,NaN,NaN,NaN
541.27,-5.0181,11.409,12.862,3.0409,1.377,-24.226,12.235,25.618,4.2203,0,0,0,NaN,NaN,NaN,NaN,NaN,NaN,NaN,NaN,NaN,47.669,0.024486,3086.6,0.0080533,0.97728,NaN,NaN,NaN,NaN,-1,-1,2.3929,0.77226,-24.758,11.473,25.977,4.3316,NaN,NaN,NaN,NaN,NaN
541.27,-4.984,11.468,12.868,2.5806,0.38219,-24.074,12.729,23.489,4.1099,0,0,0,NaN,NaN,NaN,NaN,NaN,NaN,NaN,NaN,NaN,47.669,0.024486,3086.6,0.0080533,NaN,2.9361,0.64568,0.077414,16.155,97131,10.313,2.3611,0.77314,-24.651,11.551,24.876,4.2761,NaN,NaN,NaN,NaN,NaN
541.28,-4.9509,11.528,12.875,2.0773,0.84747,-25.171,12.246,23.359,4.544,0,0,0,NaN,NaN,NaN,NaN,NaN,NaN,NaN,NaN,NaN,47.669,0.024486,3086.6,0.0080533,NaN,NaN,NaN,NaN,NaN,-1,-1,2.3394,0.76204,-24.552,11.666,23.874,4.2152,NaN,NaN,NaN,NaN,NaN
541.28,-4.9197,11.587,12.881,1.2884,0.078373,-25.285,11.464,23.18,4.4209,0.24802,0.18812,-1.085,NaN,NaN,NaN,NaN,NaN,NaN,NaN,NaN,NaN,47.669,0.024486,3086.6,0.0080533,NaN,NaN,NaN,NaN,NaN,-1,-1,2.3072,0.7738,-24.43,11.82,22.744,4.1291,NaN,NaN,NaN,NaN,NaN
541.28,-4.8881,11.641,12.887,2.6464,1.6379,-22.976,11.618,21.428,4.2285,0,0,0,NaN,NaN,NaN,NaN,NaN,NaN,NaN,NaN,NaN,47.669,0.024486,3086.6,0.0080533,NaN,NaN,NaN,NaN,16.196,97075,10,2.2751,0.77164,-24.305,12.361,21.634,4.1582,NaN,NaN,NaN,NaN,NaN
541.28,-4.8564,11.692,12.894,2.6416,0.80967,-25.435,11.708,19.65,4.0957,0,0,0,NaN,NaN,NaN,NaN,NaN,NaN,NaN,NaN,NaN,47.669,0.024486,3086.6,0.0080533,NaN,NaN,NaN,NaN,NaN,-1,-1,2.251,0.80015,-24.19,12.394,20.602,4.0825,NaN,NaN,NaN,NaN,NaN
541.29,-4.8262,11.743,12.899,1.7801,0.076761,-23.078,11.153,20.296,3.7333,0,0,0,NaN,NaN,NaN,NaN,NaN,NaN,NaN,NaN,NaN,47.669,0.024486,3086.6,0.0080533,NaN,NaN,NaN,NaN,16.301,97117,10.25,2.2162,0.78228,-24.073,12.389,19.625,4.0143,NaN,NaN,NaN,NaN,NaN
541.29,-4.7628,11.832,12.912,2.0466,0.53453,-24.358,12.076,17.023,3.7388,0,0,0,NaN,NaN,NaN,NaN,NaN,NaN,NaN,NaN,NaN,47.669,0.024486,3086.6,0.0080533,NaN,NaN,NaN,NaN,NaN,-1,-1,2.1869,0.77731,-23.922,12.402,18.735,3.9305,NaN,NaN,NaN,NaN,NaN
541.29,-4.7314,11.881,12.918,1.7406,1.5418,-23.112,11.526,19.292,4.1118,0,0,0,NaN,NaN,NaN,NaN,NaN,NaN,NaN,NaN,NaN,47.669,0.024486,3086.6,0.0080533,NaN,NaN,NaN,NaN,NaN,-1,-1,2.1549,0.7772,-23.773,12.405,17.71,3.8371,NaN,NaN,NaN,NaN,NaN
541.29,-4.6971,11.917,12.925,1.7914,1.1526,-23.798,12.665,13.802,3.6866,0,0,0,NaN,NaN,NaN,NaN,NaN,NaN,NaN,NaN,NaN,47.669,0,3058.1,0.0075089,NaN,NaN,NaN,NaN,15.926,97094,10.125,2.1154,0.78425,-23.634,12.805,16.798,3.828,NaN,NaN,NaN,NaN,NaN
541.3,-4.662,11.954,12.931,2.6073,1.2932,-23.326,13.075,14.646,3.4336,0.23343,0.1788,-1.0841,NaN,NaN,NaN,NaN,NaN,NaN,NaN,NaN,NaN,47.669,0,3058.1,0.0075089,NaN,NaN,NaN,NaN,NaN,-1,-1,2.0856,0.79191,-23.509,12.718,15.787,3.7395,NaN,NaN,NaN,NaN,NaN
541.3,-4.6242,11.994,12.938,1.8404,0.12129,-23.868,14.083,15.579,3.7133,0,0,0,NaN,NaN,NaN,NaN,NaN,NaN,NaN,NaN,NaN,47.669,0,3058.1,0.0075089,0.98331,2.9564,0.64811,0.074917,NaN,-1,-1,2.0466,0.78502,-23.347,12.605,14.75,3.6505,NaN,NaN,NaN,NaN,NaN
541.3,-4.6242,11.994,12.938,1.8404,0.12129,-23.868,14.083,15.579,3.7133,0,0,0,NaN,NaN,NaN,NaN,NaN,NaN,NaN,NaN,NaN,47.669,0,3058.1,0.0075089,NaN,NaN,NaN,NaN,16.179,97116,10.25,2.0182,0.77877,-23.194,12.506,13.75,3.572,NaN,NaN,NaN,NaN,NaN
541.3,-4.5872,12.028,12.945,1.8478,0.27476,-22.928,13.743,13.036,3.6014,0,0,0,NaN,NaN,NaN,NaN,NaN,NaN,NaN,NaN,NaN,47.669,0,3058.1,0.0075089,NaN,NaN,NaN,NaN,NaN,-1,-1,1.985,0.78559,-23.056,12.44,12.984,3.4611,NaN,NaN,NaN,NaN,NaN
541.31,-4.5529,12.06,12.951,1.4352,0.021973,-23.245,12.688,12.387,3.4796,0,0,0,NaN,NaN,NaN,NaN,NaN,NaN,NaN,NaN,NaN,47.669,0,3058.1,0.0075089,NaN,NaN,NaN,NaN,16.104,97115,10.25,1.9383,0.77748,-22.922,12.427,12.031,3.3648,NaN,NaN,NaN,NaN,NaN
541.31,-4.5188,12.092,12.958,2.1368,2.2843,-22.148,12.529,12.565,3.7254,0.24261,0.17398,-1.0811,7.4859,15.64,-2.003,17.454,40.058,-88.549,3.6785e+05,4.4353e+06,313.56,47.669,0,3058.1,0.0075089,NaN,NaN,NaN,NaN,NaN,-1,-1,1.9072,0.79756,-22.727,12.427,11.198,3.2732,16.125,3.3428,5.7843,19.734,11.041
541.31,-4.4847,12.119,12.964,1.9618,1.2915,-23.458,12.654,10.397,3.1639,0,0,0,NaN,NaN,NaN,NaN,NaN,NaN,NaN,NaN,NaN,47.669,0,3058.1,0.0075089,0.96414,2.9337,0.63412,0.099057,NaN,-1,-1,1.8819,0.81271,-22.58,12.376,10.459,3.2112,NaN,NaN,NaN,NaN,NaN
541.31,-4.4506,12.144,12.97,1.6321,0.60548,-22.377,12.672,9.9816,2.8055,0,0,0,NaN,NaN,NaN,NaN,NaN,NaN,NaN,NaN,NaN,47.669,0,3058.1,0.0075089,NaN,NaN,NaN,NaN,15.979,97120,10.25,1.8442,0.79526,-22.333,12.331,9.7294,3.1505,NaN,NaN,NaN,NaN,NaN
541.32,-4.4176,12.17,12.976,1.9957,0.035191,-22.467,12.231,9.7943,2.9665,0,0,0,NaN,NaN,NaN,NaN,NaN,NaN,NaN,NaN,NaN,47.669,0,3058.1,0.0075089,NaN,NaN,NaN,NaN,NaN,-1,-1,1.8039,0.78513,-22.18,12.307,8.8986,3.0681,NaN,NaN,NaN,NaN,NaN
541.32,-4.3508,12.213,12.99,1.454,0.78831,-22.545,12.018,8.9709,3.3484,0,0,0,NaN,NaN,NaN,NaN,NaN,NaN,NaN,NaN,NaN,47.669,0,3058.1,0.0075089,NaN,NaN,NaN,NaN,NaN,-1,-1,1.7684,0.79003,-22.016,12.301,8.203,2.9765,NaN,NaN,NaN,NaN,NaN
541.32,-4.3163,12.23,12.996,1.6757,0.99763,-22.51,12.806,6.2361,2.7571,0,0,0,NaN,NaN,NaN,NaN,NaN,NaN,NaN,NaN,NaN,47.669,0,3058.1,0.0075089,NaN,NaN,NaN,NaN,15.924,97089,10.063,1.7328,0.80166,-21.863,12.282,7.482,2.8914,NaN,NaN,NaN,NaN,NaN
541.32,-4.28,12.247,13.003,2.0813,1.4703,-22.039,13.43,6.4596,3.1242,0,0,0,NaN,NaN,NaN,NaN,NaN,NaN,NaN,NaN,NaN,47.669,0,3058.1,0.0075089,0.97783,2.8156,0.7114,0.049945,NaN,-1,-1,1.6989,0.80659,-21.615,12.227,6.7507,2.8221,NaN,NaN,NaN,NaN,NaN
541.33,-4.2417,12.268,13.009,1.6549,0.35099,-20.717,14.295,8.0555,2.9036,0.23768,0.16683,-1.0815,NaN,NaN,NaN,NaN,NaN,NaN,NaN,NaN,NaN,47.669,0,3058.1,0.0075089,0.97783,2.8156,0.7114,0.049945,15.979,97120,10.25,1.6555,0.81518,-21.455,12.142,6.1048,2.7547,NaN,NaN,NaN,NaN,NaN
541.33,-4.2039,12.275,13.017,1.4911,0.21545,-22.125,14.017,2.8365,2.9673,0,0,0,NaN,NaN,NaN,NaN,NaN,NaN,NaN,NaN,NaN,47.669,0,3058.1,0.0075089,NaN,NaN,NaN,NaN,NaN,-1,-1,1.6188,0.80253,-21.302,12.127,5.4526,2.6775,NaN,NaN,NaN,NaN,NaN
541.33,-4.1664,12.288,13.024,1.007,0.6486,-22.727,13.927,4.7284,2.956,0,0,0,NaN,NaN,NaN,NaN,NaN,NaN,NaN,NaN,NaN,47.669,0,3058.1,0.0075089,NaN,NaN,NaN,NaN,NaN,-1,-1,1.5814,0.80485,-21.159,12.138,4.7412,2.5866,NaN,NaN,NaN,NaN,NaN
541.33,-4.1302,12.305,13.031,1.6367,1.7297,-20.21,13.392,6.3803,3.1749,0,0,0,NaN,NaN,NaN,NaN,NaN,NaN,NaN,NaN,NaN,47.669,0,3058.1,0.0075089,NaN,NaN,NaN,NaN,16.003,97109,10.188,1.5379,0.80996,-21.003,12.142,4.0131,2.5195,NaN,NaN,NaN,NaN,NaN
541.34,0,0,0,0,0,0,0,0,0,0,0,0,NaN,NaN,NaN,NaN,NaN,NaN,NaN,NaN,NaN,47.669,0,3058.1,0.0075089,NaN,NaN,NaN,NaN,NaN,-1,-1,1.5113,0.83285,-20.824,12.147,3.4149,2.4572,NaN,NaN,NaN,NaN,NaN
541.34,-4.0947,12.312,13.037,1.7556,0.97024,-21.843,13.154,2.4151,2.5968,0.23328,0.16906,-1.0864,NaN,NaN,NaN,NaN,NaN,NaN,NaN,NaN,NaN,47.669,0,3058.1,0.0075089,NaN,2.9331,0.63594,0.10239,NaN,-1,-1,1.4678,0.81411,-20.666,12.158,2.8499,2.4156,NaN,NaN,NaN,NaN,NaN
541.34,-4.0584,12.317,13.043,1.2144,1.3066,-21.202,13.553,1.6993,2.2499,0,0,0,NaN,NaN,NaN,NaN,NaN,NaN,NaN,NaN,NaN,47.669,0,3058.1,0.0075089,NaN,2.9331,NaN,NaN,15.976,97118,10.188,1.4257,0.81225,-20.485,12.216,2.1805,2.3786,NaN,NaN,NaN,NaN,NaN
541.34,-3.9887,12.33,13.056,1.6763,0.53561,-19.892,12.807,0.6518,2.702,0,0,0,NaN,NaN,NaN,NaN,NaN,NaN,NaN,NaN,NaN,47.669,0,3058.1,0.0075089,NaN,NaN,NaN,NaN,NaN,-1,-1,1.3906,0.81996,-20.324,12.236,1.6802,2.3165,NaN,NaN,NaN,NaN,NaN
541.35,-3.9542,12.332,13.064,0.88421,0.50226,-21.461,12.671,0.26665,2.9417,0.24069,0.16619,-1.0924,NaN,NaN,NaN,NaN,NaN,NaN,NaN,NaN,NaN,47.669,0,3058.1,0.0075089,NaN,NaN,NaN,NaN,15.78,97130,10.313,1.35,0.82795,-20.141,12.266,1.0563,2.2601,NaN,NaN,NaN,NaN,NaN
541.35,0,0,0,0,0,0,0,0,0,0,0,0,NaN,NaN,NaN,NaN,NaN,NaN,NaN,NaN,NaN,47.669,0,3058.1,0.0075089,NaN,NaN,NaN,NaN,NaN,-1,-1,1.3055,0.8285,-19.979,12.274,0.47961,2.2354,NaN,NaN,NaN,NaN,NaN
541.35,-3.9185,12.337,13.07,1.193,1.3728,-21.243,13.27,1.9143,2.3021,0,0,0,NaN,NaN,NaN,NaN,NaN,NaN,NaN,NaN,NaN,47.669,0,3058.1,0.0075089,0.97345,2.9373,0.6329,0.10488,NaN,-1,-1,1.2672,0.84731,-19.775,12.302,-0.13344,2.1858,NaN,NaN,NaN,NaN,NaN
541.35,-3.8811,12.337,13.076,1.8487,1.2429,-19.755,13.982,-0.29565,2.2176,0,0,0,NaN,NaN,NaN,NaN,NaN,NaN,NaN,NaN,NaN,47.669,0,3058.1,0.0075089,NaN,NaN,NaN,NaN,15.804,97119,10.25,1.2421,0.84832,-19.803,12.32,-0.72799,2.1358,NaN,NaN,NaN,NaN,NaN
541.36,-3.8424,12.338,13.081,1.1849,0.71087,-20.657,14.508,0.0013751,2.0418,0,0,0,NaN,NaN,NaN,NaN,NaN,NaN,NaN,NaN,NaN,47.669,0,3058.1,0.0075089,NaN,NaN,NaN,NaN,NaN,-1,-1,1.2048,0.84605,-19.629,12.411,-1.2415,2.0919,NaN,NaN,NaN,NaN,NaN
541.36,-3.7638,12.328,13.096,1.503,0.85264,-20.857,14.337,-2.016,2.6403,0,0,0,NaN,NaN,NaN,NaN,NaN,NaN,NaN,NaN,NaN,47.669,0,3058.1,0.0075089,NaN,NaN,NaN,NaN,NaN,-1,-1,1.1619,0.86944,-19.459,12.529,-1.7089,2.0409,NaN,NaN,NaN,NaN,NaN
541.36,-3.7269,12.327,13.102,0.69164,0.76152,-19.167,13.75,-0.62865,2.2499,0,0,0,NaN,NaN,NaN,NaN,NaN,NaN,NaN,NaN,NaN,47.669,0,3058.1,0.0075089,NaN,NaN,NaN,NaN,15.525,97090,10.188,1.1298,0.87056,-19.309,12.647,-2.258,1.9838,NaN,NaN,NaN,NaN,NaN
541.36,-3.6901,12.321,13.108,1.1499,2.6825,-20.663,13.697,-2.9678,2.1325,0,0,0,NaN,NaN,NaN,NaN,NaN,NaN,NaN,NaN,NaN,47.669,0,3058.1,0.0075089,NaN,NaN,NaN,NaN,NaN,-1,-1,1.1102,0.8889,-19.347,12.754,-2.7574,1.9421,NaN,NaN,NaN,NaN,NaN
541.37,-3.6649,12.271,13.148,1.2587,1.0874,-19.977,14.506,-3.2854,1.8185,0.23549,0.15434,-1.0906,NaN,NaN,NaN,NaN,NaN,NaN,NaN,NaN,NaN,47.669,0,3058.1,0.0075089,1.0293,2.8454,0.70349,0.015816,15.877,97112,10.188,1.0774,0.90125,-19.232,12.863,-3.1093,1.9203,NaN,NaN,NaN,NaN,NaN
541.37,-3.6283,12.263,13.153,1.2198,-0.66541,-19.324,13.743,-3.3488,1.6866,0,0,0,NaN,NaN,NaN,NaN,NaN,NaN,NaN,NaN,NaN,47.669,0,3058.1,0.0075089,NaN,NaN,NaN,NaN,NaN,-1,-1,1.0356,0.88495,-19.085,12.985,-3.6463,1.8848,NaN,NaN,NaN,NaN,NaN
541.37,-3.594,12.253,13.159,1.0319,0.19882,-19.209,12.667,-4.2183,2.1186,0,0,0,NaN,NaN,NaN,NaN,NaN,NaN,NaN,NaN,NaN,47.669,0,3058.1,0.0075089,NaN,NaN,NaN,NaN,NaN,-1,-1,1.0123,0.8854,-18.956,13.097,-4.13,1.8249,NaN,NaN,NaN,NaN,NaN
541.37,-3.5596,12.24,13.166,1.0085,0.81864,-19.258,12.757,-5.508,2.0188,0,0,0,NaN,NaN,NaN,NaN,NaN,NaN,NaN,NaN,NaN,47.669,0,3058.1,0.0075089,NaN,NaN,NaN,NaN,15.729,97112,10.25,0.97758,0.90171,-18.84,13.199,-4.4507,1.7727,NaN,NaN,NaN,NaN,NaN
541.38,-3.5243,12.232,13.171,1.062,0.94457,-20.363,13.125,-3.5111,1.8709,0.24258,0.15918,-1.0878,NaN,NaN,NaN,NaN,NaN,NaN,NaN,NaN,NaN,47.669,0,3058.1,0.0075089,NaN,NaN,NaN,NaN,NaN,-1,-1,0.93933,0.91528,-18.69,13.3,-4.8632,1.7481,NaN,NaN,NaN,NaN,NaN
541.38,-3.4874,12.219,13.176,0.97333,1.5482,-18.297,13.826,-5.4641,1.5871,0,0,0,NaN,NaN,NaN,NaN,NaN,NaN,NaN,NaN,NaN,47.669,0,3058.1,0.0075089,NaN,NaN,NaN,NaN,NaN,-1,-1,0.91002,0.91255,-18.561,13.401,-5.3966,1.7085,NaN,NaN,NaN,NaN,NaN
541.38,-3.449,12.203,13.181,1.1227,1.187,-19.011,14.432,-6.3647,1.5547,0,0,0,NaN,NaN,NaN,NaN,NaN,NaN,NaN,NaN,NaN,47.669,0,3058.1,0.0075089,NaN,NaN,NaN,NaN,15.627,97110,10.25,0.88841,0.90999,-18.452,13.508,-5.7917,1.6875,NaN,NaN,NaN,NaN,NaN
541.38,-3.4108,12.186,13.187,1.1451,-0.80306,-18.74,14.332,-7.0535,1.6775,0,0,0,NaN,NaN,NaN,NaN,NaN,NaN,NaN,NaN,NaN,47.669,0,3058.1,0.0075089,NaN,NaN,NaN,NaN,15.622,97077,10.063,0.85643,0.90565,-18.326,13.672,-6.1636,1.6418,NaN,NaN,NaN,NaN,NaN
541.39,-3.372,12.171,13.193,0.76406,1.257,-19.863,14.472,-6.437,2.0626,0.23792,0.15671,-1.0904,NaN,NaN,NaN,NaN,NaN,NaN,NaN,NaN,NaN,47.669,0,3058.1,0.0075089,NaN,NaN,NaN,NaN,NaN,-1,-1,0.82093,0.91484,-18.188,13.835,-6.666,1.6,NaN,NaN,NaN,NaN,NaN
541.39,-3.333,12.159,13.199,0.60373,1.0247,-18.47,14.604,-4.7977,1.9643,0,0,0,NaN,NaN,NaN,NaN,NaN,NaN,NaN,NaN,NaN,47.669,0,3058.1,0.0075089,NaN,NaN,NaN,NaN,NaN,-1,-1,0.79512,0.91883,-18.073,13.992,-7.0376,1.5604,NaN,NaN,NaN,NaN,NaN
541.39,-3.2955,12.141,13.206,0.84944,1.8937,-16.971,13.97,-7.4517,1.913,0,0,0,NaN,NaN,NaN,NaN,NaN,NaN,NaN,NaN,NaN,47.669,0,3058.1,0.0075089,0.97564,2.8126,0.71201,0.043285,NaN,-1,-1,0.76353,0.92526,-17.927,14.139,-7.2599,1.5523,NaN,NaN,NaN,NaN,NaN
541.39,-3.2583,12.119,13.211,0.73711,1.4779,-19.439,13.985,-9.1902,1.2321,0,0,0,NaN,NaN,NaN,NaN,NaN,NaN,NaN,NaN,NaN,47.669,0,3058.1,0.0075089,NaN,NaN,NaN,NaN,15.553,97138,10.375,0.7382,0.91256,-17.804,13.815,-7.6895,1.4369,NaN,NaN,NaN,NaN,NaN
541.4,-3.1892,12.084,13.218,0.70076,-0.46225,-16.694,12.582,-6.8754,0.97678,0,0,0,NaN,NaN,NaN,NaN,NaN,NaN,NaN,NaN,NaN,47.669,0,3058.1,0.0075089,NaN,NaN,NaN,NaN,NaN,-1,-1,0.71211,0.91939,-17.676,13.884,-8.0165,1.3854,NaN,NaN,NaN,NaN,NaN
541.4,-3.1548,12.059,13.224,0.99428,0.92271,-17.486,12.829,-10.285,1.3745,0,0,0,NaN,NaN,NaN,NaN,NaN,NaN,NaN,NaN,NaN,47.669,0,3058.1,0.0075089,NaN,NaN,NaN,NaN,NaN,-1,-1,0.67955,0.922,-17.582,13.975,-8.2567,1.3196,NaN,NaN,NaN,NaN,NaN
541.4,-3.1194,12.036,13.228,0.42818,1.0822,-19.52,13.282,-9.1134,1.2288,0,0,0,NaN,NaN,NaN,NaN,NaN,NaN,NaN,NaN,NaN,47.669,0,3058.1,0.0075089,NaN,NaN,NaN,NaN,15.649,97113,10.188,0.64788,0.93297,-17.445,14.045,-8.5725,1.2655,NaN,NaN,NaN,NaN,NaN
541.4,-3.0845,12.019,13.231,0.55517,0.63096,-17.842,13.237,-6.988,0.66492,0.23783,0.14444,-1.0949,NaN,NaN,NaN,NaN,NaN,NaN,NaN,NaN,NaN,47.63,0,3013.8,0.0064211,0.97564,NaN,NaN,NaN,NaN,-1,-1,0.62584,0.94423,-17.295,14.074,-8.9816,1.2266,NaN,NaN,NaN,NaN,NaN
541.41,-3.0479,11.994,13.235,1.1042,2.4487,-16.827,13.767,-10.364,0.9919,0,0,0,NaN,NaN,NaN,NaN,NaN,NaN,NaN,NaN,NaN,47.63,0,3013.8,0.0064211,NaN,2.9474,0.64629,0.068258,15.751,97089,10.125,0.60466,0.93243,-17.185,13.598,-9.2425,1.0966,NaN,NaN,NaN,NaN,NaN
541.41,-3.009,11.97,13.239,0.44923,0.24345,-17.691,14.796,-9.6104,0.71941,0,0,0,NaN,NaN,NaN,NaN,NaN,NaN,NaN,NaN,NaN,47.63,0,3013.8,0.0064211,NaN,NaN,NaN,NaN,NaN,-1,-1,0.5747,0.93462,-17.069,13.51,-9.3612,1.035,NaN,NaN,NaN,NaN,NaN
541.41,-2.9718,11.945,13.243,0.66687,-0.64164,-18.544,14.106,-10.179,0.7916,0,0,0,NaN,NaN,NaN,NaN,NaN,NaN,NaN,NaN,NaN,47.63,0,3013.8,0.0064211,NaN,NaN,NaN,NaN,NaN,-1,-1,0.54724,0.94333,-16.943,13.475,-9.6919,0.94351,NaN,NaN,NaN,NaN,NaN
541.41,-2.9352,11.92,13.247,0.88959,1.262,-17.409,13.767,-10.363,1.0771,0.24499,0.15168,-1.092,NaN,NaN,NaN,NaN,NaN,NaN,NaN,NaN,NaN,47.63,0,3013.8,0.0064211,NaN,NaN,NaN,NaN,15.369,97117,10.25,0.52563,0.94064,-16.837,13.442,-9.9095,0.85636,NaN,NaN,NaN,NaN,NaN
541.42,-2.8983,11.897,13.251,0.25329,2.013,-16.174,13.863,-9.1917,1.2899,0,0,0,NaN,NaN,NaN,NaN,NaN,NaN,NaN,NaN,NaN,47.63,0,3013.8,0.0064211,NaN,NaN,NaN,NaN,NaN,-1,-1,0.49897,0.95298,-16.732,13.413,-10.089,0.78825,NaN,NaN,NaN,NaN,NaN
541.42,-2.8629,11.872,13.255,0.27213,0.79359,-17.217,13.367,-10.162,0.82219,0,0,0,NaN,NaN,NaN,NaN,NaN,NaN,NaN,NaN,NaN,47.63,0,3013.8,0.0064211,NaN,NaN,NaN,NaN,NaN,-1,-1,0.47373,0.95824,-16.607,13.38,-10.262,0.71932,NaN,NaN,NaN,NaN,NaN
541.42,-2.8282,11.839,13.259,0.89363,1.0964,-16.413,13.138,-13.538,0.54093,0,0,0,NaN,NaN,NaN,NaN,NaN,NaN,NaN,NaN,NaN,47.63,0,3013.8,0.0064211,NaN,NaN,NaN,NaN,15.449,97141,10.375,0.45294,0.94,-16.494,13.338,-10.501,0.65759,NaN,NaN,NaN,NaN,NaN
541.42,-2.7944,11.816,13.261,0.68254,0.47539,-18.446,12.793,-9.1804,0.40795,0.23553,0.14194,-1.0973,NaN,NaN,NaN,NaN,NaN,NaN,NaN,NaN,NaN,47.63,0,3013.8,0.0064211,NaN,NaN,NaN,NaN,NaN,-1,-1,0.43051,0.94186,-16.391,13.333,-10.694,0.57391,NaN,NaN,NaN,NaN,NaN
541.43,-2.7598,11.792,13.264,0.15041,0.86528,-13.79,13.085,-9.8815,0.74553,0,0,0,NaN,NaN,NaN,NaN,NaN,NaN,NaN,NaN,NaN,47.63,0,3013.8,0.0064211,NaN,NaN,NaN,NaN,15.448,97107,10.25,0.4056,0.94927,-16.29,13.307,-10.872,0.48228,NaN,NaN,NaN,NaN,NaN
541.43,-2.7258,11.757,13.268,0.33136,0.338,-17.391,12.8,-14.036,0.67168,0,0,0,NaN,NaN,NaN,NaN,NaN,NaN,NaN,NaN,NaN,47.63,0,3013.8,0.0064211,NaN,NaN,NaN,NaN,NaN,-1,-1,0.38131,0.95086,-16.18,13.219,-10.991,0.39812,NaN,NaN,NaN,NaN,NaN
541.43,-2.6933,11.729,13.271,0.48255,0.98765,-17.455,12.331,-11.249,0.25411,0,0,0,NaN,NaN,NaN,NaN,NaN,NaN,NaN,NaN,NaN,47.63,0,3013.8,0.0064211,0.97674,2.9355,0.64142,0.089068,NaN,-1,-1,0.35587,0.94962,-16.079,13.123,-11.277,0.32374,NaN,NaN,NaN,NaN,NaN
541.43,-2.6593,11.707,13.272,0.29243,1.6147,-16.574,12.951,-9.1618,0.071391,0.24452,0.1447,-1.0876,NaN,NaN,NaN,NaN,NaN,NaN,NaN,NaN,NaN,47.63,0,3013.8,0.0064211,NaN,NaN,NaN,NaN,15.366,97094,10.125,0.33744,0.93755,-15.984,13.001,-11.327,0.25697,NaN,NaN,NaN,NaN,NaN
541.44,-2.6242,11.677,13.273,0.60151,1.4499,-15.237,13.455,-12.067,-0.19767,0,0,0,NaN,NaN,NaN,NaN,NaN,NaN,NaN,NaN,NaN,47.63,0,3013.8,0.0064211,NaN,NaN,NaN,NaN,NaN,-1,-1,0.31476,0.94346,-15.879,12.897,-11.434,0.17943,NaN,NaN,NaN,NaN,NaN
541.44,-2.5543,11.616,13.278,0.44108,1.3292,-17.248,12.863,-9.8593,0.30762,0,0,0,NaN,NaN,NaN,NaN,NaN,NaN,NaN,NaN,NaN,47.63,0,3013.8,0.0064211,NaN,NaN,NaN,NaN,NaN,-1,-1,0.2933,0.93751,-15.758,12.849,-11.719,0.090369,NaN,NaN,NaN,NaN,NaN
541.44,-2.5543,11.616,13.278,0.44108,1.3292,-17.248,12.863,-9.8593,0.30762,0,0,0,NaN,NaN,NaN,NaN,NaN,NaN,NaN,NaN,NaN,47.63,0,3013.8,0.0064211,NaN,NaN,NaN,NaN,15.317,97097,10.188,0.27577,0.9418,-15.664,12.775,-11.889,-0.0045177,NaN,NaN,NaN,NaN,NaN
541.44,-2.5196,11.589,13.28,0.069827,1.3917,-16.074,13.228,-10.906,0.3216,0.25417,0.14686,-1.089,NaN,NaN,NaN,NaN,NaN,NaN,NaN,NaN,NaN,47.63,0,3013.8,0.0064211,0.96141,2.9331,0.63899,0.10239,NaN,-1,-1,0.25028,0.94689,-15.595,12.721,-11.994,-0.06735,NaN,NaN,NaN,NaN,NaN
541.45,-2.4851,11.558,13.28,-0.3016,1.3635,-14.896,13.216,-12.494,-0.33444,0,0,0,NaN,NaN,NaN,NaN,NaN,NaN,NaN,NaN,NaN,47.63,0,3013.8,0.0064211,NaN,NaN,NaN,NaN,15.214,97110,10.25,0.23109,0.94947,-15.478,12.695,-12.11,-0.12362,NaN,NaN,NaN,NaN,NaN
541.45,-2.4198,11.495,13.282,0.18921,0.51185,-16.731,12.505,-11.914,-0.63827,0,0,0,NaN,NaN,NaN,NaN,NaN,NaN,NaN,NaN,NaN,47.63,0,3013.8,0.0064211,NaN,NaN,NaN,NaN,NaN,-1,-1,0.20384,0.93678,-15.385,12.665,-12.234,-0.17509,NaN,NaN,NaN,NaN,NaN
541.45,-2.3876,11.465,13.282,-0.19851,0.50993,-14.226,12.284,-12.071,-0.34423,0.24937,0.13958,-1.0916,NaN,NaN,NaN,NaN,NaN,NaN,NaN,NaN,NaN,47.63,0,3013.8,0.0064211,NaN,NaN,NaN,NaN,NaN,-1,-1,0.18574,0.94008,-15.296,12.628,-12.396,-0.25373,NaN,NaN,NaN,NaN,NaN
541.45,-2.3566,11.428,13.283,0.46768,0.37,-15.489,11.84,-14.879,-0.34297,0,0,0,NaN,NaN,NaN,NaN,NaN,NaN,NaN,NaN,NaN,47.63,0,3013.8,0.0064211,NaN,NaN,NaN,NaN,15.186,97120,10.25,0.17262,0.94503,-15.173,12.525,-12.482,-0.34324,NaN,NaN,NaN,NaN,NaN
541.46,-2.3268,11.395,13.284,0.22548,0.77361,-15.802,11.391,-13.345,-0.27571,0,0,0,NaN,NaN,NaN,NaN,NaN,NaN,NaN,NaN,NaN,47.63,0,3013.8,0.0064211,0.97181,2.9367,0.63533,0.097392,NaN,-1,-1,0.14503,0.94328,-15.083,12.422,-12.685,-0.41587,NaN,NaN,NaN,NaN,NaN
541.46,-2.2953,11.37,13.285,-0.43263,1.6847,-16.372,12.094,-10.116,-0.43304,0,0,0,NaN,NaN,NaN,NaN,NaN,NaN,NaN,NaN,NaN,47.63,0,3013.8,0.0064211,NaN,NaN,NaN,NaN,NaN,-1,-1,0.12866,0.95235,-14.994,12.317,-12.851,-0.48825,NaN,NaN,NaN,NaN,NaN
541.46,-2.2619,11.335,13.284,0.59015,2.3617,-12.868,12.913,-14.022,-0.9318,0.25442,0.14168,-1.0956,NaN,NaN,NaN,NaN,NaN,NaN,NaN,NaN,NaN,47.63,0,3013.8,0.0064211,NaN,NaN,NaN,NaN,15.475,97101,10.25,0.11453,0.94112,-14.893,12.181,-12.833,-0.56586,NaN,NaN,NaN,NaN,NaN
541.46,-2.2284,11.295,13.283,0.030541,-0.83994,-16.087,12.976,-15.885,-1.087,0,0,0,NaN,NaN,NaN,NaN,NaN,NaN,NaN,NaN,NaN,47.63,0,3013.8,0.0064211,NaN,NaN,NaN,NaN,NaN,-1,-1,0.088835,0.94105,-14.778,12.081,-13.002,-0.65492,NaN,NaN,NaN,NaN,NaN
541.47,-2.1971,11.269,13.283,-0.083963,0.10793,-16.033,11.982,-10.799,-0.34784,0,0,0,NaN,NaN,NaN,NaN,NaN,NaN,NaN,NaN,NaN,47.63,0,3013.8,0.0064211,NaN,NaN,NaN,NaN,15.241,97103,10.25,0.067891,0.94678,-14.685,12.02,-13.082,-0.74923,NaN,NaN,NaN,NaN,NaN
541.47,-2.1649,11.237,13.283,0.48213,1.5467,-13.892,12.416,-12.666,-0.68096,0,0,0,NaN,NaN,NaN,NaN,NaN,NaN,NaN,NaN,NaN,47.63,0,3013.8,0.0064211,0.96469,NaN,NaN,NaN,NaN,-1,-1,0.052116,0.93719,-14.561,11.971,-13.235,-0.82382,NaN,NaN,NaN,NaN,NaN
541.47,-2.1332,11.2,13.283,-0.056673,1.6095,-14.189,12.185,-15.15,-0.6377,0.25895,0.13933,-1.093,NaN,NaN,NaN,NaN,NaN,NaN,NaN,NaN,NaN,47.63,0,3013.8,0.0064211,NaN,2.9391,0.63533,0.09656,NaN,-1,-1,0.03025,0.92324,-14.471,11.905,-13.327,-0.88385,NaN,NaN,NaN,NaN,NaN
541.47,-2.1032,11.167,13.282,-0.458,1.1042,-16.213,11.584,-13.31,-0.96664,0,0,0,NaN,NaN,NaN,NaN,NaN,NaN,NaN,NaN,NaN,47.63,0,3013.8,0.0064211,NaN,NaN,NaN,NaN,15.186,97096,10.188,0.013533,0.93654,-14.366,11.831,-13.406,-0.93652,NaN,NaN,NaN,NaN,NaN
541.48,-2.0734,11.135,13.28,0.23638,1.1651,-14.407,11.581,-12.722,-1.3673,0,0,0,NaN,NaN,NaN,NaN,NaN,NaN,NaN,NaN,NaN,47.63,0,3013.8,0.0064211,NaN,NaN,NaN,NaN,NaN,-1,-1,-0.0071488,0.93296,-14.283,11.728,-13.478,-1.0163,NaN,NaN,NaN,NaN,NaN
541.48,-2.0447,11.101,13.279,0.44461,-0.071465,-14.19,11.087,-13.739,-1.125,0,0,0,NaN,NaN,NaN,NaN,NaN,NaN,NaN,NaN,NaN,47.63,0,3013.8,0.0064211,NaN,NaN,NaN,NaN,NaN,-1,-1,-0.020134,0.92061,-14.166,11.601,-13.688,-1.0957,NaN,NaN,NaN,NaN,NaN
541.48,-2.0169,11.067,13.277,-0.61758,0.58497,-12.934,10.749,-13.544,-1.111,0.24267,0.13932,-1.0989,NaN,NaN,NaN,NaN,NaN,NaN,NaN,NaN,NaN,47.63,0,3013.8,0.0064211,NaN,NaN,NaN,NaN,15.03,97104,10.25,-0.032783,0.92473,-14.065,11.449,-13.701,-1.1686,NaN,NaN,NaN,NaN,NaN
541.48,-1.9881,11.028,13.277,0.10349,1.2536,-15.838,11.085,-15.753,-0.90848,0,0,0,NaN,NaN,NaN,NaN,NaN,NaN,NaN,NaN,NaN,47.63,0,3013.8,0.0064211,NaN,NaN,NaN,NaN,NaN,-1,-1,-0.051926,0.92856,-13.986,11.343,-13.779,-1.2407,NaN,NaN,NaN,NaN,NaN
541.49,-1.9325,10.969,13.273,-0.045483,1.8982,-12.687,10.949,-11.535,-1.2561,0,0,0,NaN,NaN,NaN,NaN,NaN,NaN,NaN,NaN,NaN,47.63,0,3013.8,0.0064211,NaN,NaN,NaN,NaN,15.184,97088,10.125,-0.075632,0.91568,-13.886,11.204,-13.945,-1.3193,NaN,NaN,NaN,NaN,NaN
541.49,-1.9024,10.929,13.27,0.30101,1.6048,-13.843,11.763,-15.923,-1.6662,0.24936,0.13465,-1.0939,NaN,NaN,NaN,NaN,NaN,NaN,NaN,NaN,NaN,47.63,0,3013.8,0.0064211,NaN,NaN,NaN,NaN,NaN,-1,-1,-0.087605,0.92287,-13.777,11.041,-14.018,-1.4037,NaN,NaN,NaN,NaN,NaN
541.49,-1.8721,10.89,13.267,-0.65996,-1.2672,-15.243,11.833,-15.836,-1.7288,0,0,0,NaN,NaN,NaN,NaN,NaN,NaN,NaN,NaN,NaN,47.63,0,3013.8,0.0064211,NaN,NaN,NaN,NaN,NaN,-1,-1,-0.10275,0.91827,-13.694,10.909,-14.014,-1.496,NaN,NaN,NaN,NaN,NaN
541.49,-1.8447,10.863,13.264,0.098086,1.0779,-14.034,10.69,-10.805,-1.5019,0,0,0,NaN,NaN,NaN,NaN,NaN,NaN,NaN,NaN,NaN,47.63,0,3013.8,0.0064211,NaN,NaN,NaN,NaN,15.134,97095,10.188,-0.12478,0.91337,-13.602,10.787,-14.102,-1.5853,NaN,NaN,NaN,NaN,NaN
541.5,-1.8154,10.827,13.263,0.42676,1.6477,-12.257,11.334,-14.179,-1.19,0,0,0,NaN,NaN,NaN,NaN,NaN,NaN,NaN,NaN,NaN,47.63,0,3013.8,0.0064211,NaN,NaN,NaN,NaN,NaN,-1,-1,-0.13633,0.91174,-13.483,10.642,-14.04,-1.6653,NaN,NaN,NaN,NaN,NaN
541.5,-1.7873,10.79,13.26,-1.1932,1.57,-14.358,10.945,-15.227,-1.6819,0.25191,0.13197,-1.0981,NaN,NaN,NaN,NaN,NaN,NaN,NaN,NaN,NaN,47.63,0,3013.8,0.0064211,NaN,NaN,NaN,NaN,15.13,97075,10.063,-0.16231,0.89366,-13.393,10.482,-13.942,-1.7442,NaN,NaN,NaN,NaN,NaN
541.5,-1.7613,10.759,13.256,-0.094851,1.4364,-14.801,10.209,-12.463,-1.9073,0,0,0,NaN,NaN,NaN,NaN,NaN,NaN,NaN,NaN,NaN,47.63,0,3013.8,0.0064211,NaN,NaN,NaN,NaN,NaN,-1,-1,-0.17401,0.90694,-13.306,10.323,-13.927,-1.8062,NaN,NaN,NaN,NaN,NaN
541.5,-1.737,10.724,13.253,0.10108,-0.18826,-12.83,9.5114,-13.948,-2.0522,0,0,0,NaN,NaN,NaN,NaN,NaN,NaN,NaN,NaN,NaN,47.63,0,3013.8,0.0064211,NaN,NaN,NaN,NaN,15.264,97082,10.125,-0.19383,0.90211,-13.232,10.155,-13.881,-1.8834,NaN,NaN,NaN,NaN,NaN
541.51,-1.7129,10.688,13.249,-0.10735,0.61969,-12.545,9.4179,-14.273,-1.9155,0,0,0,NaN,NaN,NaN,NaN,NaN,NaN,NaN,NaN,NaN,47.63,0,3013.8,0.0064211,0.9625,2.9349,0.63899,0.10239,NaN,-1,-1,-0.2008,0.90205,-13.108,9.9579,-13.772,-1.9719,NaN,NaN,NaN,NaN,NaN
541.51,-1.6883,10.654,13.245,-0.82283,0.61546,-13.592,9.5784,-13.804,-1.8952,0.25848,0.13235,-1.0886,NaN,NaN,NaN,NaN,NaN,NaN,NaN,NaN,NaN,47.63,0,3013.8,0.0064211,NaN,NaN,NaN,NaN,14.921,97077,10.125,-0.22982,0.89551,-13.041,9.9147,-14.067,-2.1699,NaN,NaN,NaN,NaN,NaN
541.51,-1.6645,10.621,13.242,-0.16221,0.98439,-13.2,9.3152,-13.231,-2.0174,0,0,0,NaN,NaN,NaN,NaN,NaN,NaN,NaN,NaN,NaN,47.63,0,3013.8,0.0064211,NaN,NaN,NaN,NaN,NaN,-1,-1,-0.25006,0.89547,-12.957,9.6411,-14.075,-2.2268,NaN,NaN,NaN,NaN,NaN
541.51,-1.6167,10.555,13.233,-0.16695,2.5298,-11.597,9.4105,-12.778,-2.1539,0,0,0,NaN,NaN,NaN,NaN,NaN,NaN,NaN,NaN,NaN,47.659,0,2983.8,0.0080533,NaN,NaN,NaN,NaN,14.896,97112,10.25,-0.25484,0.88242,-12.836,9.3697,-13.94,-2.2838,NaN,NaN,NaN,NaN,NaN
541.52,-1.5913,10.516,13.227,-0.030437,-0.24301,-13.693,10.044,-15.634,-2.662,0.26572,0.1148,-1.0991,NaN,NaN,NaN,NaN,NaN,NaN,NaN,NaN,NaN,47.659,0,2983.8,0.0080533,NaN,NaN,NaN,NaN,NaN,-1,-1,-0.2736,0.88213,-12.754,9.1344,-13.688,-2.3319,NaN,NaN,NaN,NaN,NaN
541.52,-1.5449,10.454,13.219,-0.13431,1.3913,-12.702,9.309,-13.019,-2.078,0,0,0,NaN,NaN,NaN,NaN,NaN,NaN,NaN,NaN,NaN,47.659,0,2983.8,0.0080533,NaN,NaN,NaN,NaN,NaN,-1,-1,-0.29678,0.88459,-12.657,9.0411,-13.913,-2.5247,NaN,NaN,NaN,NaN,NaN
541.52,-1.5217,10.418,13.215,-0.28456,1.4946,-12.256,9.1009,-14.606,-2.1908,0,0,0,NaN,NaN,NaN,NaN,NaN,NaN,NaN,NaN,NaN,47.659,0,2983.8,0.0080533,NaN,NaN,NaN,NaN,14.733,97079,10.125,-0.30944,0.87273,-12.567,8.8102,-13.749,-2.5719,NaN,NaN,NaN,NaN,NaN
541.52,-1.4802,10.356,13.203,-0.27758,1.3785,-12.349,7.9399,-12.595,-2.7745,0,0,0,NaN,NaN,NaN,NaN,NaN,NaN,NaN,NaN,NaN,47.659,0,2983.8,0.0080533,0.96141,NaN,NaN,NaN,NaN,-1,-1,-0.32958,0.85968,-12.49,8.5395,-13.536,-2.6,NaN,NaN,NaN,NaN,NaN
541.53,-1.4608,10.32,13.197,-0.025864,-0.13454,-12.492,7.7417,-14.229,-3.0067,0,0,0,NaN,NaN,NaN,NaN,NaN,NaN,NaN,NaN,NaN,47.659,0,2983.8,0.0080533,NaN,2.9403,0.63168,0.090733,14.869,97069,10.125,-0.35144,0.86051,-12.402,8.276,-13.234,-2.6364,NaN,NaN,NaN,NaN,NaN
541.53,-1.4223,10.255,13.184,-0.44464,1.303,-12.61,7.7879,-12.962,-3.0295,0.26587,0.12455,-1.0968,NaN,NaN,NaN,NaN,NaN,NaN,NaN,NaN,NaN,47.659,0,2983.8,0.0080533,NaN,NaN,NaN,NaN,NaN,-1,-1,-0.36275,0.86584,-12.309,8.0236,-13.16,-2.6729,NaN,NaN,NaN,NaN,NaN
541.53,-1.4024,10.221,13.179,-0.37937,0.43418,-12.448,7.8734,-13.503,-2.6492,0,0,0,NaN,NaN,NaN,NaN,NaN,NaN,NaN,NaN,NaN,47.659,0,2983.8,0.0080533,NaN,NaN,NaN,NaN,NaN,-1,-1,-0.36808,0.85253,-12.205,7.746,-12.912,-2.7107,NaN,NaN,NaN,NaN,NaN
541.53,-1.3635,10.16,13.166,-0.2651,1.9925,-12.63,8.0692,-12.556,-2.9443,0,0,0,NaN,NaN,NaN,NaN,NaN,NaN,NaN,NaN,NaN,47.659,0,2983.8,0.0080533,NaN,NaN,NaN,NaN,15.056,97086,10.188,-0.38791,0.83757,-12.128,7.4546,-12.601,-2.759,NaN,NaN,NaN,NaN,NaN
541.54,-1.343,10.126,13.158,-0.56882,-0.71343,-11.569,8.2004,-13.749,-3.3645,0.26311,0.12001,-1.0926,7.1478,15.13,0.58522,16.744,40.058,-88.549,3.6785e+05,4.4353e+06,313.04,47.659,0,2983.8,0.0080533,NaN,NaN,NaN,NaN,NaN,-1,-1,-0.40805,0.83874,-12.034,7.1862,-12.457,-2.8166,16.208,3.461,2.3819,8.3601,11.929
541.54,-1.3261,10.097,13.152,-0.29726,0.70833,-11.933,6.7655,-11.668,-3.0971,0,0,0,NaN,NaN,NaN,NaN,NaN,NaN,NaN,NaN,NaN,47.659,0,2983.8,0.0080533,0.95155,2.9283,0.63107,0.11737,NaN,-1,-1,-0.41973,0.8436,-11.944,6.8827,-12.21,-2.8705,NaN,NaN,NaN,NaN,NaN
541.54,-1.3084,10.065,13.145,-0.59799,1.3754,-12.525,7.0328,-12.787,-2.9094,0,0,0,NaN,NaN,NaN,NaN,NaN,NaN,NaN,NaN,NaN,47.659,0,2983.8,0.0080533,NaN,NaN,NaN,NaN,14.761,97093,10.188,-0.43899,0.83935,-11.854,6.6056,-12.077,-2.9179,NaN,NaN,NaN,NaN,NaN
541.54,-1.2913,10.033,13.139,-0.8815,1.4698,-11.662,6.8361,-12.602,-3.1055,0,0,0,NaN,NaN,NaN,NaN,NaN,NaN,NaN,NaN,NaN,47.659,0,2983.8,0.0080533,NaN,NaN,NaN,NaN,NaN,-1,-1,-0.44911,0.82832,-11.77,6.3557,-11.825,-2.9638,NaN,NaN,NaN,NaN,NaN
541.55,-1.2761,10.003,13.131,-0.26529,0.69966,-12.222,6.033,-12.007,-3.0547,0.27269,0.11976,-1.094,NaN,NaN,NaN,NaN,NaN,NaN,NaN,NaN,NaN,47.659,0,2983.8,0.0080533,NaN,NaN,NaN,NaN,14.847,97105,10.313,-0.45269,0.81365,-11.605,6.128,-11.678,-3.015,NaN,NaN,NaN,NaN,NaN
541.55,-1.2473,9.9421,13.115,-0.52697,0.41102,-11.425,5.8511,-11.246,-3.4753,0,0,0,NaN,NaN,NaN,NaN,NaN,NaN,NaN,NaN,NaN,47.659,0,2983.8,0.0080533,NaN,NaN,NaN,NaN,NaN,-1,-1,-0.47612,0.79804,-11.523,5.9252,-11.585,-3.0696,NaN,NaN,NaN,NaN,NaN
541.55,-1.2335,9.91,13.108,-0.47756,0.44777,-10.813,5.5334,-12.842,-3.277,0,0,0,NaN,NaN,NaN,NaN,NaN,NaN,NaN,NaN,NaN,47.659,0,2983.8,0.0080533,NaN,NaN,NaN,NaN,NaN,-1,-1,-0.49013,0.79836,-11.438,5.702,-11.35,-3.1259,NaN,NaN,NaN,NaN,NaN
541.55,-1.2195,9.8774,13.101,-0.87336,1.1255,-12.059,5.5539,-13.105,-3.2139,0.28424,0.11984,-1.0885,NaN,NaN,NaN,NaN,NaN,NaN,NaN,NaN,NaN,47.659,0,2983.8,0.0080533,0.98331,2.9468,0.65237,0.073252,14.816,97087,10.188,-0.50575,0.80141,-11.36,5.4923,-11.125,-3.177,NaN,NaN,NaN,NaN,NaN
541.56,-1.2058,9.8506,13.092,-1.0017,0.65078,-12.789,5.5918,-10.755,-3.6132,0,0,0,NaN,NaN,NaN,NaN,NaN,NaN,NaN,NaN,NaN,47.659,0,2983.8,0.0080533,NaN,NaN,NaN,NaN,NaN,-1,-1,-0.51994,0.80851,-11.27,5.2934,-11.034,-3.2296,NaN,NaN,NaN,NaN,NaN
541.56,-1.1918,9.8193,13.084,-0.22411,1.7184,-9.5013,5.6827,-12.576,-3.8274,0,0,0,NaN,NaN,NaN,NaN,NaN,NaN,NaN,NaN,NaN,47.659,0,2983.8,0.0080533,NaN,NaN,NaN,NaN,NaN,-1,-1,-0.52206,0.80683,-11.109,5.0835,-10.92,-3.2863,NaN,NaN,NaN,NaN,NaN
541.56,-1.178,9.7853,13.075,-0.46495,1.0438,-12.893,5.6488,-13.613,-3.9047,0,0,0,NaN,NaN,NaN,NaN,NaN,NaN,NaN,NaN,NaN,47.659,0,2983.8,0.0080533,NaN,NaN,NaN,NaN,14.518,97125,10.313,-0.5364,0.79174,-11.038,4.8267,-10.717,-3.349,NaN,NaN,NaN,NaN,NaN
541.56,0,0,0,0,0,0,0,0,0,0,0,0,NaN,NaN,NaN,NaN,NaN,NaN,NaN,NaN,NaN,47.659,0,2983.8,0.0080533,NaN,NaN,NaN,NaN,NaN,-1,-1,-0.55044,0.7816,-10.946,4.5886,-10.59,-3.4031,NaN,NaN,NaN,NaN,NaN
541.57,-1.1642,9.7613,13.066,-0.91734,-0.62814,-11.337,5.6449,-9.6184,-3.8327,0.28436,0.11479,-1.0929,NaN,NaN,NaN,NaN,NaN,NaN,NaN,NaN,NaN,47.659,0,2983.8,0.0080533,0.9636,2.8114,0.71992,0.039956,14.681,97108,10.25,-0.56429,0.78121,-10.878,4.4023,-10.548,-3.4768,NaN,NaN,NaN,NaN,NaN
541.57,-1.1523,9.7309,13.057,-0.18931,1.051,-10.08,4.8315,-12.216,-3.7566,0,0,0,NaN,NaN,NaN,NaN,NaN,NaN,NaN,NaN,NaN,47.659,0,2983.8,0.0080533,NaN,NaN,NaN,NaN,NaN,-1,-1,-0.58185,0.78929,-10.799,4.1987,-10.368,-3.5475,NaN,NaN,NaN,NaN,NaN
541.57,-1.119,9.6443,13.031,-0.21482,0.87339,-10.961,4.0813,-12.052,-4.19,0.28693,0.12198,-1.0927,NaN,NaN,NaN,NaN,NaN,NaN,NaN,NaN,NaN,47.659,0,2983.8,0.0080533,NaN,NaN,NaN,NaN,NaN,-1,-1,-0.59512,0.77632,-10.714,4.0342,-10.228,-3.6039,NaN,NaN,NaN,NaN,NaN
541.57,0,0,0,0,0,0,0,0,0,0,0,0,NaN,NaN,NaN,NaN,NaN,NaN,NaN,NaN,NaN,47.659,0,2983.8,0.0080533,NaN,NaN,NaN,NaN,14.654,97104,10.25,-0.61316,0.76808,-10.617,3.8992,-10.249,-3.6656,NaN,NaN,NaN,NaN,NaN
541.58,-1.1102,9.613,13.021,-0.62966,0.25362,-11.779,3.6826,-12.562,-4.2165,0,0,0,NaN,NaN,NaN,NaN,NaN,NaN,NaN,NaN,NaN,47.659,0,2983.8,0.0080533,NaN,NaN,NaN,NaN,NaN,-1,-1,-0.63513,0.75757,-10.536,3.7631,-10.132,-3.7147,NaN,NaN,NaN,NaN,NaN
541.58,-1.1011,9.5912,13.011,-0.98324,0.45496,-9.3043,3.8064,-8.7369,-4.1189,0,0,0,NaN,NaN,NaN,NaN,NaN,NaN,NaN,NaN,NaN,47.659,0,2983.8,0.0080533,1.0331,2.843,0.70349,0.011654,NaN,-1,-1,-0.6485,0.75655,-10.454,3.6451,-10.11,-3.7657,NaN,NaN,NaN,NaN,NaN
541.58,-1.082,9.5256,12.993,-0.91331,0.39576,-12.423,4.006,-12.685,-4.1987,0.28868,0.10521,-1.0903,NaN,NaN,NaN,NaN,NaN,NaN,NaN,NaN,NaN,47.659,0,2983.8,0.0080533,NaN,NaN,NaN,NaN,14.792,97112,10.313,-0.66945,0.75297,-10.377,3.4859,-9.9904,-3.8398,NaN,NaN,NaN,NaN,NaN
541.58,-1.0737,9.5052,12.983,-0.94311,1.0148,-11.115,3.4988,-8.2145,-4.1421,0,0,0,NaN,NaN,NaN,NaN,NaN,NaN,NaN,NaN,NaN,47.659,0,2983.8,0.0080533,NaN,NaN,NaN,NaN,NaN,-1,-1,-0.67763,0.76535,-10.259,3.3283,-10.024,-3.9091,NaN,NaN,NaN,NaN,NaN
541.59,-1.065,9.4766,12.973,-0.034447,2.2889,-9.6371,3.654,-11.435,-4.4478,0,0,0,NaN,NaN,NaN,NaN,NaN,NaN,NaN,NaN,NaN,47.659,0,2983.8,0.0080533,NaN,NaN,NaN,NaN,14.545,97104,10.25,-0.6898,0.7489,-10.176,3.1791,-10.022,-3.9858,NaN,NaN,NaN,NaN,NaN
541.59,-1.0552,9.4445,12.962,-0.94211,-1.0348,-10.846,4.1544,-12.879,-4.6572,0,0,0,NaN,NaN,NaN,NaN,NaN,NaN,NaN,NaN,NaN,47.659,0,2983.8,0.0080533,NaN,NaN,NaN,NaN,NaN,-1,-1,-0.69499,0.73999,-10.306,3.0532,-10.044,-4.0456,NaN,NaN,NaN,NaN,NaN
541.59,-1.0646,9.3783,12.989,-0.82925,0.51322,-10.742,3.0094,-8.7512,-4.2145,0.27964,0.11485,-1.0934,NaN,NaN,NaN,NaN,NaN,NaN,NaN,NaN,NaN,47.659,0,2983.8,0.0080533,0.95757,NaN,NaN,NaN,NaN,-1,-1,-0.7068,0.7415,-10.214,2.9473,-10.028,-4.1179,NaN,NaN,NaN,NaN,NaN
541.59,-1.0558,9.3496,12.979,-0.47923,1.6388,-10.523,3.6921,-11.532,-4.2877,0,0,0,NaN,NaN,NaN,NaN,NaN,NaN,NaN,NaN,NaN,47.659,0,2983.8,0.0080533,NaN,2.9391,0.62681,0.10821,14.763,97080,10.188,-0.71752,0.73723,-10.148,2.8617,-9.9719,-4.215,NaN,NaN,NaN,NaN,NaN
541.6,-1.0479,9.3231,12.969,-0.98664,1.0109,-10.107,3.3201,-10.638,-4.205,0,0,0,NaN,NaN,NaN,NaN,NaN,NaN,NaN,NaN,NaN,47.659,0,2983.8,0.0080533,NaN,NaN,NaN,NaN,NaN,-1,-1,-0.74028,0.73583,-10.097,2.7622,-9.9685,-4.2826,NaN,NaN,NaN,NaN,NaN
541.6,-1.0424,9.2983,12.959,-1.1296,0.54587,-11.812,2.402,-9.9427,-4.5268,0,0,0,NaN,NaN,NaN,NaN,NaN,NaN,NaN,NaN,NaN,47.659,0,2983.8,0.0080533,NaN,NaN,NaN,NaN,NaN,-1,-1,-0.74557,0.73921,-10.014,2.6869,-9.9935,-4.3417,NaN,NaN,NaN,NaN,NaN
541.6,-1.0363,9.2701,12.947,-0.48315,1.2966,-9.4396,2.6745,-11.271,-4.8373,0.28887,0.1075,-1.0925,NaN,NaN,NaN,NaN,NaN,NaN,NaN,NaN,NaN,47.659,0,2983.8,0.0080533,NaN,NaN,NaN,NaN,14.731,97066,10.063,-0.74061,0.7378,-10.143,2.6301,-9.9649,-4.4001,NaN,NaN,NaN,NaN,NaN
541.6,-1.0312,9.2447,12.935,-0.57355,-0.025228,-11.05,2.3001,-10.213,-4.915,0,0,0,NaN,NaN,NaN,NaN,NaN,NaN,NaN,NaN,NaN,47.659,0,2983.8,0.0080533,NaN,NaN,NaN,NaN,NaN,-1,-1,-0.75348,0.72836,-10.089,2.536,-9.9908,-4.4688,NaN,NaN,NaN,NaN,NaN
541.61,-1.0269,9.2214,12.924,-1.1336,0.40768,-8.4526,1.955,-9.3229,-4.6895,0,0,0,NaN,NaN,NaN,NaN,NaN,NaN,NaN,NaN,NaN,47.659,0,2983.8,0.0080533,0.97181,2.945,0.64142,0.09656,14.544,97091,10.188,-0.76521,0.72059,-10.049,2.4392,-9.9653,-4.5544,NaN,NaN,NaN,NaN,NaN
541.61,-1.0213,9.1905,12.914,-0.70886,1.1781,-10.752,2.4342,-12.38,-4.4438,0,0,0,NaN,NaN,NaN,NaN,NaN,NaN,NaN,NaN,NaN,47.659,0,2983.8,0.0080533,NaN,NaN,NaN,NaN,NaN,-1,-1,-0.77874,0.71976,-10.013,2.3378,-9.9669,-4.6211,NaN,NaN,NaN,NaN,NaN
541.61,-1.0166,9.1658,12.902,-1.1783,0.05291,-11.944,2.0918,-9.9483,-4.7985,0.28423,0.11491,-1.0907,NaN,NaN,NaN,NaN,NaN,NaN,NaN,NaN,NaN,47.659,0,2983.8,0.0080533,NaN,NaN,NaN,NaN,NaN,-1,-1,-0.79002,0.72715,-9.9545,2.2449,-10.069,-4.6882,NaN,NaN,NaN,NaN,NaN
541.61,-1.0123,9.1463,12.89,-0.64321,1.5197,-8.9644,1.9625,-7.7926,-4.9129,0,0,0,NaN,NaN,NaN,NaN,NaN,NaN,NaN,NaN,NaN,47.659,NaN,2956.7,0.0064211,NaN,NaN,NaN,NaN,14.628,97080,10.188,-0.78925,0.72067,-9.9108,2.1486,-10.078,-4.758,NaN,NaN,NaN,NaN,NaN
541.62,-1.0056,9.1165,12.879,-0.41457,1.5588,-10.387,2.9648,-11.96,-4.9115,0,0,0,NaN,NaN,NaN,NaN,NaN,NaN,NaN,NaN,NaN,47.659,NaN,2956.7,0.0064211,NaN,NaN,NaN,NaN,NaN,-1,-1,-0.80132,0.69045,-9.8766,2.053,-10.103,-4.8405,NaN,NaN,NaN,NaN,NaN
541.62,-0.99959,9.09,12.867,-1.1529,-0.62319,-10.27,2.6639,-10.589,-5.056,0,0,0,NaN,NaN,NaN,NaN,NaN,NaN,NaN,NaN,NaN,47.659,NaN,2956.7,0.0064211,0.98385,2.9474,0.64811,0.074917,NaN,-1,-1,-0.8103,0.69058,-9.8303,2.0197,-10.259,-4.9421,NaN,NaN,NaN,NaN,NaN
541.62,-0.99613,9.0709,12.856,-0.51047,0.66037,-9.899,1.5466,-7.6741,-4.3647,0.2888,0.10509,-1.0925,NaN,NaN,NaN,NaN,NaN,NaN,NaN,NaN,NaN,47.659,NaN,2956.7,0.0064211,NaN,NaN,NaN,NaN,14.652,97095,10.188,-0.81965,0.70191,-9.7903,1.7751,-9.871,-4.8978,NaN,NaN,NaN,NaN,NaN
541.62,-0.99136,9.0426,12.846,-0.60355,1.3336,-9.6617,2.0734,-11.36,-4.4018,0,0,0,NaN,NaN,NaN,NaN,NaN,NaN,NaN,NaN,NaN,47.62,0,2956.7,0.0064211,NaN,NaN,NaN,NaN,14.546,97102,10.25,-0.83175,0.70925,-9.7527,1.7158,-9.8296,-4.9594,NaN,NaN,NaN,NaN,NaN
541.63,-0.98872,9.0176,12.834,-1.329,0.88899,-10.559,1.2956,-10.025,-4.8554,0,0,0,NaN,NaN,NaN,NaN,NaN,NaN,NaN,NaN,NaN,47.62,0,2956.7,0.0064211,NaN,NaN,NaN,NaN,NaN,-1,-1,-0.83797,0.71164,-9.7194,1.6586,-9.8586,-5.0024,NaN,NaN,NaN,NaN,NaN
541.63,-0.9859,8.9968,12.822,-1.0534,1.4072,-10.187,1.4343,-8.3221,-5.2308,0,0,0,NaN,NaN,NaN,NaN,NaN,NaN,NaN,NaN,NaN,47.62,0,2956.7,0.0064211,NaN,NaN,NaN,NaN,NaN,-1,-1,-0.84348,0.70236,-9.6738,1.5828,-9.804,-5.0626,NaN,NaN,NaN,NaN,NaN
541.63,-0.98353,8.9715,12.809,-0.25614,-0.1363,-9.7254,1.1839,-10.178,-5.031,0.29132,0.11481,-1.0901,NaN,NaN,NaN,NaN,NaN,NaN,NaN,NaN,NaN,47.62,0,2956.7,0.0064211,0.9636,2.815,0.7114,0.055772,NaN,-1,-1,-0.85299,0.68978,-9.6194,1.3518,-9.4306,-4.9735,NaN,NaN,NaN,NaN,NaN
541.63,-0.98223,8.9481,12.798,-1.1832,0.50546,-9.2691,0.7814,-9.3702,-4.9926,0,0,0,NaN,NaN,NaN,NaN,NaN,NaN,NaN,NaN,NaN,47.62,0,2956.7,0.0064211,NaN,NaN,NaN,NaN,14.519,97074,10.188,-0.86379,0.68815,-9.5953,1.2391,-9.432,-5.0071,NaN,NaN,NaN,NaN,NaN
541.64,-0.97806,8.8972,12.775,-0.61725,0.50998,-9.7396,1.1288,-10.722,-4.8118,0,0,0,NaN,NaN,NaN,NaN,NaN,NaN,NaN,NaN,NaN,47.62,0,2956.7,0.0064211,NaN,NaN,NaN,NaN,NaN,-1,-1,-0.87341,0.69813,-9.5754,1.1244,-9.1418,-5.0424,NaN,NaN,NaN,NaN,NaN
541.64,-0.97599,8.877,12.762,-1.2226,0.49873,-11.018,1.1074,-8.0718,-5.2108,0.29164,0.11204,-1.0968,NaN,NaN,NaN,NaN,NaN,NaN,NaN,NaN,NaN,47.62,0,2956.7,0.0064211,NaN,NaN,NaN,NaN,NaN,-1,-1,-0.88035,0.69614,-9.5153,1.0236,-9.1511,-5.0714,NaN,NaN,NaN,NaN,NaN
541.64,-0.97369,8.8571,12.75,-0.56597,2.161,-8.6629,1.1892,-8.0141,-5.0688,0,0,0,NaN,NaN,NaN,NaN,NaN,NaN,NaN,NaN,NaN,47.62,0,2956.7,0.0064211,0.97564,2.945,0.64507,0.09656,14.542,97037,10,-0.87948,0.70786,-9.4746,0.89832,-8.9138,-5.082,NaN,NaN,NaN,NaN,NaN
541.64,-0.96725,8.8083,12.725,-1.0238,-0.16653,-10.048,0.91564,-7.8334,-5.1903,0,0,0,NaN,NaN,NaN,NaN,NaN,NaN,NaN,NaN,NaN,47.62,0,2956.7,0.0064211,0.97564,2.945,0.64507,0.09656,NaN,-1,-1,-0.88804,0.68745,-9.4658,0.78927,-8.8459,-5.1121,NaN,NaN,NaN,NaN,NaN
541.65,-0.96545,8.7881,12.712,-0.56649,0.94838,-8.5555,0.93077,-8.1315,-5.0732,0.29827,0.11483,-1.0872,NaN,NaN,NaN,NaN,NaN,NaN,NaN,NaN,NaN,47.62,0,2956.7,0.0064211,NaN,NaN,NaN,NaN,14.38,97066,10.125,-0.89343,0.67443,-9.4203,0.73513,-8.9458,-5.1571,NaN,NaN,NaN,NaN,NaN
541.65,-0.9635,8.7607,12.701,-0.99876,1.2389,-10.372,0.97706,-10.974,-4.7181,0,0,0,NaN,NaN,NaN,NaN,NaN,NaN,NaN,NaN,NaN,47.62,0,2956.7,0.0064211,NaN,NaN,NaN,NaN,NaN,-1,-1,-0.89386,0.69135,-9.3968,0.64113,-8.7615,-5.1887,NaN,NaN,NaN,NaN,NaN
541.65,-0.96338,8.7415,12.688,-1.4564,0.91556,-10.013,0.34687,-7.7032,-5.3338,0,0,0,NaN,NaN,NaN,NaN,NaN,NaN,NaN,NaN,NaN,47.62,0,2956.7,0.0064211,NaN,NaN,NaN,NaN,NaN,-1,-1,-0.90651,0.69248,-9.3717,0.60056,-8.7262,-5.2095,NaN,NaN,NaN,NaN,NaN
541.65,-0.96385,8.7217,12.675,-0.55361,0.84829,-8.5262,0.11791,-7.9391,-5.4041,0,0,0,NaN,NaN,NaN,NaN,NaN,NaN,NaN,NaN,NaN,47.62,0,2956.7,0.0064211,NaN,NaN,NaN,NaN,14.326,97078,10.188,-0.91142,0.69254,-9.3395,0.55678,-8.7163,-5.2379,NaN,NaN,NaN,NaN,NaN
541.66,-0.96569,8.6975,12.661,-0.72476,0.000117,-10.09,-0.41299,-9.6903,-5.6327,0.30029,0.1077,-1.0848,NaN,NaN,NaN,NaN,NaN,NaN,NaN,NaN,NaN,47.62,0,2956.7,0.0064211,0.96524,NaN,0.63716,NaN,NaN,-1,-1,-0.91162,0.69612,-9.2963,0.48537,-8.6003,-5.2606,NaN,NaN,NaN,NaN,NaN
541.66,-0.96622,8.6782,12.649,-1.3601,0.85798,-8.368,0.070531,-7.7247,-5.2624,0,0,0,NaN,NaN,NaN,NaN,NaN,NaN,NaN,NaN,NaN,47.62,0,2956.7,0.0064211,NaN,2.9468,NaN,0.097392,NaN,-1,-1,-0.92342,0.67646,-9.2677,0.43235,-8.5926,-5.2863,NaN,NaN,NaN,NaN,NaN
541.66,-0.96648,8.657,12.637,-0.87694,0.62925,-9.6634,0.15361,-8.5093,-5.1304,0,0,0,NaN,NaN,NaN,NaN,NaN,NaN,NaN,NaN,NaN,47.62,0,2956.7,0.0064211,NaN,NaN,NaN,NaN,14.517,97066,10.125,-0.92509,0.68451,-9.236,0.36015,-8.5073,-5.3266,NaN,NaN,NaN,NaN,NaN
541.66,-0.96682,8.6329,12.623,-0.8115,0.19866,-9.335,0.17005,-9.648,-5.4809,0,0,0,NaN,NaN,NaN,NaN,NaN,NaN,NaN,NaN,NaN,47.62,0,2956.7,0.0064211,NaN,NaN,NaN,NaN,NaN,-1,-1,-0.93146,0.69366,-9.2161,0.28051,-8.3472,-5.3534,NaN,NaN,NaN,NaN,NaN
541.67,-0.96707,8.6146,12.61,-1.1846,1.059,-10.196,0.1563,-7.3704,-5.3687,0.30319,0.11212,-1.0913,NaN,NaN,NaN,NaN,NaN,NaN,NaN,NaN,NaN,47.62,0,2956.7,0.0064211,NaN,NaN,NaN,NaN,14.41,97115,10.313,-0.93865,0.6946,-9.1795,0.22845,-8.4608,-5.3635,NaN,NaN,NaN,NaN,NaN
541.67,-0.96635,8.595,12.596,-0.59613,2.1092,-9.111,0.62384,-7.8742,-5.6833,0,0,0,NaN,NaN,NaN,NaN,NaN,NaN,NaN,NaN,NaN,47.62,0,2956.7,0.0064211,NaN,NaN,NaN,NaN,NaN,-1,-1,-0.93479,0.69387,-9.158,0.16176,-8.4326,-5.3876,NaN,NaN,NaN,NaN,NaN
541.67,-0.96416,8.5712,12.583,-0.94614,-0.74224,-8.6771,1.1952,-9.5319,-5.5902,0,0,0,NaN,NaN,NaN,NaN,NaN,NaN,NaN,NaN,NaN,47.62,0,2956.7,0.0064211,NaN,NaN,NaN,NaN,NaN,-1,-1,-0.93837,0.68264,-9.138,0.074749,-8.1964,-5.4018,NaN,NaN,NaN,NaN,NaN
541.67,-0.96537,8.5531,12.571,-0.80844,0.24514,-9.6213,-0.23497,-7.2252,-5.1195,0,0,0,NaN,NaN,NaN,NaN,NaN,NaN,NaN,NaN,NaN,47.62,0,2956.7,0.0064211,NaN,NaN,NaN,NaN,14.327,97111,10.313,-0.94512,0.67816,-9.117,0.056196,-8.2756,-5.426,NaN,NaN,NaN,NaN,NaN
541.68,-0.96543,8.5306,12.558,-0.78529,1.605,-9.1892,0.20558,-9.0587,-5.1047,0.31264,0.11199,-1.0904,NaN,NaN,NaN,NaN,NaN,NaN,NaN,NaN,NaN,47.62,0,2956.7,0.0064211,NaN,NaN,NaN,NaN,NaN,-1,-1,-0.94619,0.68687,-9.0787,0.046938,-8.3034,-5.4519,NaN,NaN,NaN,NaN,NaN
541.68,-0.96577,8.5133,12.546,-1.1313,0.82671,-9.5568,0.13642,-6.9405,-5.2704,0,0,0,NaN,NaN,NaN,NaN,NaN,NaN,NaN,NaN,NaN,47.62,0,2956.7,0.0064211,NaN,NaN,NaN,NaN,NaN,-1,-1,-0.9505,0.68932,-9.085,-0.016688,-8.0822,-5.4669,NaN,NaN,NaN,NaN,NaN
541.68,-0.96761,8.4952,12.532,-1.3835,0.53913,-8.5762,-0.40222,-7.2433,-5.7083,0,0,0,NaN,NaN,NaN,NaN,NaN,NaN,NaN,NaN,NaN,47.62,0,2956.7,0.0064211,NaN,NaN,NaN,NaN,14.546,97057,10.125,-0.95637,0.69854,-9.0632,-0.012556,-8.1261,-5.4583,NaN,NaN,NaN,NaN,NaN
541.68,-0.9695,8.4701,12.518,-0.43748,1.2665,-9.4061,-0.43911,-10.041,-5.6529,0,0,0,NaN,NaN,NaN,NaN,NaN,NaN,NaN,NaN,NaN,47.62,0,2956.7,0.0064211,0.98604,2.9534,0.65359,0.06909,14.458,97052,10,-0.95654,0.69872,-9.0248,-0.033319,-8.1325,-5.4638,NaN,NaN,NaN,NaN,NaN
541.69,-0.97062,8.4538,12.505,-1.0663,0.094478,-9.8864,-0.20151,-6.5654,-5.4864,0.30057,0.11239,-1.087,NaN,NaN,NaN,NaN,NaN,NaN,NaN,NaN,NaN,47.62,0,2956.7,0.0064211,NaN,NaN,NaN,NaN,NaN,-1,-1,-0.96018,0.69115,-8.9975,-0.054669,-8.0123,-5.486,NaN,NaN,NaN,NaN,NaN
541.69,-0.97239,8.4373,12.491,-1.1395,-0.017285,-6.9194,-0.40067,-6.6081,-5.5468,0,0,0,NaN,NaN,NaN,NaN,NaN,NaN,NaN,NaN,NaN,47.62,0,2956.7,0.0064211,NaN,NaN,NaN,NaN,NaN,-1,-1,-0.96665,0.68475,-8.9833,-0.086865,-8.0121,-5.497,NaN,NaN,NaN,NaN,NaN
541.69,-0.97327,8.408,12.479,-0.80374,1.059,-9.4481,-0.093392,-11.76,-5.3292,0,0,0,NaN,NaN,NaN,NaN,NaN,NaN,NaN,NaN,NaN,47.62,0,2956.7,0.0064211,NaN,NaN,NaN,NaN,14.329,97102,10.313,-0.97014,0.68393,-8.9518,-0.14413,-7.9346,-5.5137,NaN,NaN,NaN,NaN,NaN
541.69,-0.9742,8.3903,12.465,-1.3323,0.61265,-11.302,-0.078209,-7.0735,-5.5108,0,0,0,NaN,NaN,NaN,NaN,NaN,NaN,NaN,NaN,NaN,47.62,0,2956.7,0.0064211,NaN,NaN,NaN,NaN,NaN,-1,-1,-0.97496,0.67133,-8.9378,-0.17828,-8.0064,-5.5105,NaN,NaN,NaN,NaN,NaN
541.7,-0.97547,8.3537,12.437,-0.46103,1.3867,-8.6521,0.44335,-10.087,-5.9795,0,0,0,NaN,NaN,NaN,NaN,NaN,NaN,NaN,NaN,NaN,47.62,0,2956.7,0.0064211,0.96305,2.9403,0.63351,0.099889,14.38,97104,10.25,-0.96968,0.67637,-8.9131,-0.21306,-7.8963,-5.5247,NaN,NaN,NaN,NaN,NaN
541.7,-0.9751,8.3328,12.423,-1.4723,-0.45103,-9.7155,0.46387,-8.3533,-5.7108,0,0,0,NaN,NaN,NaN,NaN,NaN,NaN,NaN,NaN,NaN,47.62,0,2956.7,0.0064211,NaN,NaN,NaN,NaN,NaN,-1,-1,-0.96989,0.65401,-8.9143,-0.27902,-7.7375,-5.5224,NaN,NaN,NaN,NaN,NaN
541.7,-0.97658,8.3207,12.41,-0.77253,0.59022,-8.6801,-0.30418,-4.8582,-5.4713,0,0,0,NaN,NaN,NaN,NaN,NaN,NaN,NaN,NaN,NaN,47.62,0,2956.7,0.0064211,NaN,NaN,NaN,NaN,NaN,-1,-1,-0.9692,0.65597,-8.8701,-0.30873,-7.6193,-5.5453,NaN,NaN,NaN,NaN,NaN
541.7,-0.97702,8.2979,12.397,-0.64578,0.94419,-8.7893,0.036383,-9.1603,-5.3452,0.30279,0.10755,-1.0868,NaN,NaN,NaN,NaN,NaN,NaN,NaN,NaN,NaN,47.62,0,2956.7,0.0064211,NaN,NaN,NaN,NaN,14.383,97127,10.375,-0.96282,0.66813,-8.8682,-0.33978,-7.4978,-5.5703,NaN,NaN,NaN,NaN,NaN
541.71,-0.97937,8.279,12.383,-1.6247,0.86728,-9.0722,-0.63954,-7.5811,-5.6323,0,0,0,NaN,NaN,NaN,NaN,NaN,NaN,NaN,NaN,NaN,47.62,0,2956.7,0.0064211,NaN,NaN,NaN,NaN,NaN,-1,-1,-0.97105,0.67407,-8.8459,-0.35618,-7.5963,-5.5559,NaN,NaN,NaN,NaN,NaN
541.71,-0.98167,8.2642,12.371,-0.87559,1.046,-9.2325,-0.68113,-5.9137,-5.1728,0,0,0,NaN,NaN,NaN,NaN,NaN,NaN,NaN,NaN,NaN,47.62,0,2956.7,0.0064211,0.96579,2.9361,0.62803,0.11154,NaN,-1,-1,-0.97358,0.67553,-8.8328,-0.39061,-7.4988,-5.5655,NaN,NaN,NaN,NaN,NaN
541.71,-0.98398,8.2435,12.357,-0.50192,0.22716,-8.8204,-0.64452,-8.3137,-5.5258,0,0,0,NaN,NaN,NaN,NaN,NaN,NaN,NaN,NaN,NaN,47.62,0,2956.7,0.0064211,NaN,NaN,NaN,NaN,14.324,97087,10.188,-0.96699,0.6697,-8.7995,-0.43292,-7.4139,-5.5755,NaN,NaN,NaN,NaN,NaN
541.71,-0.98685,8.2273,12.343,-1.387,0.61991,-8.4423,-0.85119,-6.4932,-5.7248,0.2984,0.11471,-1.0895,NaN,NaN,NaN,NaN,NaN,NaN,NaN,NaN,NaN,47.62,0,2956.7,0.0064211,NaN,NaN,NaN,NaN,NaN,-1,-1,-0.9706,0.65077,-8.7986,-0.50523,-7.4132,-5.5963,NaN,NaN,NaN,NaN,NaN
541.72,-0.98886,8.2077,12.33,-1.0169,0.68082,-8.4229,-0.54924,-7.8561,-5.3631,0,0,0,NaN,NaN,NaN,NaN,NaN,NaN,NaN,NaN,NaN,47.62,0,2956.7,0.0064211,NaN,NaN,NaN,NaN,14.099,97076,10.125,-0.97213,0.66198,-8.7667,-0.57562,-7.3198,-5.6084,NaN,NaN,NaN,NaN,NaN
541.72,-0.991,8.1841,12.317,-0.85789,0.4222,-9.5579,-0.59106,-9.4436,-5.4895,0,0,0,NaN,NaN,NaN,NaN,NaN,NaN,NaN,NaN,NaN,47.62,0,2956.7,0.0064211,NaN,NaN,NaN,NaN,NaN,-1,-1,-0.96849,0.67622,-8.7349,-0.63924,-7.2465,-5.6129,NaN,NaN,NaN,NaN,NaN
541.72,-0.99388,8.173,12.304,-1.5564,0.39473,-9.9983,-0.84763,-4.4301,-5.6633,0,0,0,NaN,NaN,NaN,NaN,NaN,NaN,NaN,NaN,NaN,47.62,0,2956.7,0.0064211,0.96414,NaN,0.63107,NaN,NaN,-1,-1,-0.97808,0.66542,-8.753,-0.68315,-7.2862,-5.6173,NaN,NaN,NaN,NaN,NaN
541.72,-0.99606,8.1578,12.29,-0.50045,1.8666,-6.846,-0.62137,-6.1136,-5.5291,0.30763,0.10243,-1.0909,NaN,NaN,NaN,NaN,NaN,NaN,NaN,NaN,NaN,47.62,0,2956.7,0.0064211,NaN,2.9373,NaN,0.089068,14.325,97083,10.188,-0.97533,0.66289,-8.721,-0.76172,-7.2043,-5.6223,NaN,NaN,NaN,NaN,NaN
541.73,-0.99671,8.1323,12.276,-0.82537,0.11778,-9.2415,0.063083,-10.221,-5.9403,0,0,0,NaN,NaN,NaN,NaN,NaN,NaN,NaN,NaN,NaN,47.62,0,2956.7,0.0064211,NaN,NaN,NaN,NaN,NaN,-1,-1,-0.96307,0.66851,-8.6821,-0.81313,-7.1224,-5.6453,NaN,NaN,NaN,NaN,NaN
541.73,-0.9991,8.1195,12.262,-1.4752,-0.19138,-10.17,-0.65965,-5.1087,-5.66,0,0,0,NaN,NaN,NaN,NaN,NaN,NaN,NaN,NaN,NaN,47.62,0,2956.7,0.0064211,NaN,NaN,NaN,NaN,NaN,-1,-1,-0.96997,0.65398,-8.6804,-0.80675,-7.1389,-5.6705,NaN,NaN,NaN,NaN,NaN
541.73,-1.0022,8.1065,12.248,-0.27525,1.1594,-7.1353,-0.91456,-5.2363,-5.7618,0,0,0,NaN,NaN,NaN,NaN,NaN,NaN,NaN,NaN,NaN,47.62,0,2956.7,0.0064211,NaN,NaN,NaN,NaN,14.21,97080,10.125,-0.97193,0.65854,-8.6553,-0.85324,-7.0369,-5.69,NaN,NaN,NaN,NaN,NaN
541.73,-1.0031,8.082,12.235,-0.8923,1.1945,-9.1261,-0.1508,-9.8201,-5.2965,0.3009,0.11456,-1.0915,NaN,NaN,NaN,NaN,NaN,NaN,NaN,NaN,NaN,47.826,0,2938.1,0.0064211,NaN,NaN,NaN,NaN,NaN,-1,-1,-0.96162,0.66597,-8.649,-0.87287,-7.029,-5.6962,NaN,NaN,NaN,NaN,NaN
541.74,-1.0076,8.0675,12.221,-1.9574,0.23839,-10.161,-1.5026,-5.7789,-5.8677,0,0,0,NaN,NaN,NaN,NaN,NaN,NaN,NaN,NaN,NaN,47.826,0,2938.1,0.0064211,NaN,NaN,NaN,NaN,14.436,97098,10.25,-0.96802,0.66882,-8.6218,-0.88345,-6.9624,-5.6938,NaN,NaN,NaN,NaN,NaN
541.74,-1.0122,8.0535,12.207,-0.5728,1.3879,-7.7648,-1.5394,-5.5972,-5.8283,0,0,0,NaN,NaN,NaN,NaN,NaN,NaN,NaN,NaN,NaN,47.826,0,2938.1,0.0064211,NaN,NaN,NaN,NaN,NaN,-1,-1,-0.96437,0.65584,-8.6031,-0.91938,-6.856,-5.7031,NaN,NaN,NaN,NaN,NaN
541.74,-1.0165,8.0345,12.193,-0.53554,0.14579,-8.7173,-1.419,-7.6243,-5.6997,0,0,0,NaN,NaN,NaN,NaN,NaN,NaN,NaN,NaN,NaN,47.826,0,2938.1,0.0064211,NaN,NaN,NaN,NaN,NaN,-1,-1,-0.96708,0.64672,-8.5931,-0.99454,-7.0407,-5.8933,NaN,NaN,NaN,NaN,NaN
541.74,-1.0205,8.0198,12.179,-1.5239,0.14931,-7.7907,-1.3442,-5.9004,-5.8415,0.31006,0.1048,-1.0906,NaN,NaN,NaN,NaN,NaN,NaN,NaN,NaN,NaN,47.826,0,2938.1,0.0064211,NaN,NaN,NaN,NaN,14.241,97085,10.188,-0.9648,0.66537,-8.5649,-1.0022,-6.9181,-5.863,NaN,NaN,NaN,NaN,NaN
541.75,-1.0237,8.0009,12.165,-1.2456,0.71939,-9.7354,-0.9974,-7.5597,-5.5979,0,0,0,NaN,NaN,NaN,NaN,NaN,NaN,NaN,NaN,NaN,47.826,0,2938.1,0.0064211,NaN,NaN,NaN,NaN,NaN,-1,-1,-0.96398,0.6618,-8.5412,-1.0269,-6.7354,-5.8322,NaN,NaN,NaN,NaN,NaN
541.75,-1.0302,7.9709,12.137,-1.2169,0.21813,-8.2188,-1.326,-4.534,-5.9568,0,0,0,NaN,NaN,NaN,NaN,NaN,NaN,NaN,NaN,NaN,47.826,0,2938.1,0.0064211,0.97947,2.9516,0.65603,0.074917,NaN,-1,-1,-0.9728,0.65094,-8.5522,-1.0512,-6.7801,-5.8006,NaN,NaN,NaN,NaN,NaN
541.75,-1.0341,7.9527,12.122,-0.43956,2.0066,-8.1365,-1.2861,-7.2848,-5.8175,0.31196,0.09779,-1.086,NaN,NaN,NaN,NaN,NaN,NaN,NaN,NaN,NaN,47.826,0,2938.1,0.0064211,NaN,NaN,NaN,NaN,14.325,97081,10.188,-0.96116,0.65303,-8.5131,-1.0811,-6.6986,-5.7753,NaN,NaN,NaN,NaN,NaN
541.75,-1.0351,7.9306,12.108,-1.2661,0.061237,-9.4094,-0.060791,-8.8319,-6.2013,0,0,0,NaN,NaN,NaN,NaN,NaN,NaN,NaN,NaN,NaN,47.826,0,2938.1,0.0064211,NaN,NaN,NaN,NaN,14.325,97104,10.25,-0.95479,0.64981,-8.4833,-1.1103,-6.8648,-5.9407,NaN,NaN,NaN,NaN,NaN
541.76,-1.0415,7.9034,12.08,-0.25326,1.0457,-6.7798,-1.2028,-7.5938,-5.5644,0,0,0,NaN,NaN,NaN,NaN,NaN,NaN,NaN,NaN,NaN,47.826,0,2938.1,0.0064211,NaN,NaN,NaN,NaN,NaN,-1,-1,-0.96156,0.64498,-8.4793,-1.1105,-6.761,-5.8757,NaN,NaN,NaN,NaN,NaN
541.76,-1.0446,7.8833,12.067,-1.4769,0.90778,-9.5233,-1.0524,-8.0736,-5.266,0.31028,0.11202,-1.0906,NaN,NaN,NaN,NaN,NaN,NaN,NaN,NaN,NaN,47.826,0,2938.1,0.0064211,NaN,NaN,NaN,NaN,NaN,-1,-1,-0.95775,0.64822,-8.4528,-1.1035,-6.6168,-5.8248,NaN,NaN,NaN,NaN,NaN
541.76,-1.0487,7.8722,12.053,-1.5699,1.0185,-9.8995,-1.3365,-4.4314,-5.9625,0,0,0,NaN,NaN,NaN,NaN,NaN,NaN,NaN,NaN,NaN,47.826,0,2938.1,0.0064211,1.0298,2.8442,0.72175,0.014983,NaN,-1,-1,-0.94999,0.65258,-8.4367,-1.0898,-6.5226,-5.766,NaN,NaN,NaN,NaN,NaN
541.76,-1.0529,7.8548,12.039,-0.51035,0.69259,-6.8918,-1.4016,-6.993,-5.8116,0,0,0,NaN,NaN,NaN,NaN,NaN,NaN,NaN,NaN,NaN,47.826,0,2938.1,0.0064211,NaN,NaN,NaN,NaN,14.155,97073,10.125,-0.95465,0.65302,-8.4229,-1.0671,-6.4457,-5.7179,NaN,NaN,NaN,NaN,NaN
541.77,-1.0573,7.8378,12.025,-0.6619,0.42175,-9.2532,-1.4607,-6.761,-5.8851,0,0,0,NaN,NaN,NaN,NaN,NaN,NaN,NaN,NaN,NaN,47.826,0,2938.1,0.0064211,NaN,NaN,NaN,NaN,NaN,-1,-1,-0.95292,0.63139,-8.4145,-1.0674,-6.2929,-5.6436,NaN,NaN,NaN,NaN,NaN
541.77,-1.061,7.8228,12.01,-1.6929,-0.20409,-7.7001,-1.2086,-6.0292,-5.8377,0.31708,0.1023,-1.09,7.1259,14.531,0.89535,16.209,40.058,-88.549,3.6785e+05,4.4353e+06,312.95,47.826,0,2938.1,0.0064211,NaN,NaN,NaN,NaN,NaN,-1,-1,-0.95399,0.63698,-8.3899,-1.0552,-6.1923,-5.5861,15.672,3.9224,1.3222,4.8225,14.004
541.77,-1.0637,7.8055,11.996,-0.98757,0.94659,-8.7198,-0.82116,-6.8948,-5.7382,0,0,0,NaN,NaN,NaN,NaN,NaN,NaN,NaN,NaN,NaN,47.826,0,2938.1,0.0064211,NaN,NaN,NaN,NaN,14.128,97071,10.125,-0.9554,0.63102,-8.366,-1.0567,-6.033,-5.5508,NaN,NaN,NaN,NaN,NaN
541.77,-1.0666,7.7877,11.983,-0.76202,0.33814,-9.3441,-0.87032,-7.1374,-5.7773,0,0,0,NaN,NaN,NaN,NaN,NaN,NaN,NaN,NaN,NaN,47.826,0,2938.1,0.0064211,NaN,NaN,NaN,NaN,NaN,-1,-1,-0.95355,0.62323,-8.3409,-1.0536,-5.9301,-5.5016,NaN,NaN,NaN,NaN,NaN
541.78,-1.071,7.7752,11.968,-1.3193,0.84811,-8.1013,-1.4169,-4.9787,-6.1348,0,0,0,NaN,NaN,NaN,NaN,NaN,NaN,NaN,NaN,NaN,47.826,0,2938.1,0.0064211,0.97783,2.8191,0.7114,0.049945,14.103,97093,10.25,-0.95146,0.62063,-8.3131,-1.0514,-5.9592,-5.4584,NaN,NaN,NaN,NaN,NaN
541.78,-1.0724,7.7597,11.952,-0.6583,1.8798,-8.757,-0.29123,-6.2255,-6.065,0.31203,0.1002,-1.086,NaN,NaN,NaN,NaN,NaN,NaN,NaN,NaN,NaN,47.826,0,2938.1,0.0064211,NaN,NaN,NaN,NaN,NaN,-1,-1,-0.94807,0.62919,-8.2888,-1.0555,-5.8278,-5.4208,NaN,NaN,NaN,NaN,NaN
541.78,-1.074,7.7432,11.938,-0.82421,-0.9536,-7.9536,-0.35678,-6.6195,-5.8858,0,0,0,NaN,NaN,NaN,NaN,NaN,NaN,NaN,NaN,NaN,47.826,0,2938.1,0.0064211,NaN,NaN,NaN,NaN,NaN,-1,-1,-0.95253,0.61107,-8.2785,-1.091,-5.6088,-5.3787,NaN,NaN,NaN,NaN,NaN
541.78,-1.0777,7.7297,11.924,-1.0241,0.31168,-8.4296,-1.2107,-5.3888,-5.765,0,0,0,NaN,NaN,NaN,NaN,NaN,NaN,NaN,NaN,NaN,47.826,0,2938.1,0.0064211,NaN,NaN,NaN,NaN,14.101,97081,10.188,-0.95129,0.61418,-8.2626,-1.0624,-5.685,-5.3689,NaN,NaN,NaN,NaN,NaN
541.79,-1.0804,7.7131,11.911,-0.97609,1.3063,-9.4241,-0.89278,-6.641,-5.3768,0,0,0,NaN,NaN,NaN,NaN,NaN,NaN,NaN,NaN,NaN,47.826,0,2938.1,0.0064211,0.9625,NaN,NaN,NaN,NaN,-1,-1,-0.94409,0.59582,-8.1644,-1.0341,-5.6088,-5.355,NaN,NaN,NaN,NaN,NaN
541.79,-1.084,7.6989,11.898,-0.89104,1.0015,-7.5129,-1.1854,-5.6715,-5.5989,0.31244,0.1097,-1.0882,NaN,NaN,NaN,NaN,NaN,NaN,NaN,NaN,NaN,47.826,0,2938.1,0.0064211,NaN,2.9409,0.63594,0.09656,NaN,-1,-1,-0.94828,0.61132,-8.1559,-1.0295,-5.3937,-5.3498,NaN,NaN,NaN,NaN,NaN
541.79,-1.0884,7.6861,11.883,-1.4664,0.42657,-8.8603,-1.4641,-5.147,-5.9381,0,0,0,NaN,NaN,NaN,NaN,NaN,NaN,NaN,NaN,NaN,47.826,0,2938.1,0.0064211,NaN,NaN,NaN,NaN,14.043,97047,10.063,-0.94722,0.60989,-8.1417,-0.9809,-5.4116,-5.3204,NaN,NaN,NaN,NaN,NaN
541.79,-1.0922,7.6701,11.869,-0.81512,0.73589,-8.4994,-1.2433,-6.3719,-6.0469,0,0,0,NaN,NaN,NaN,NaN,NaN,NaN,NaN,NaN,NaN,47.826,0,2938.1,0.0064211,NaN,NaN,NaN,NaN,NaN,-1,-1,-0.94527,0.59722,-8.1218,-0.95154,-5.3919,-5.3179,NaN,NaN,NaN,NaN,NaN
541.8,0,0,0,0,0,0,0,0,0,0,0,0,NaN,NaN,NaN,NaN,NaN,NaN,NaN,NaN,NaN,47.826,0,2938.1,0.0064211,NaN,NaN,NaN,NaN,14.101,97079,10.188,-0.94215,0.58564,-8.1094,-0.94934,-5.2553,-5.3073,NaN,NaN,NaN,NaN,NaN
541.8,-1.1003,7.6406,11.84,-1.2158,0.024549,-7.9871,-1.6995,-5.0962,-5.8241,0.31467,0.10979,-1.0858,NaN,NaN,NaN,NaN,NaN,NaN,NaN,NaN,NaN,47.826,0,2938.1,0.0064211,NaN,NaN,NaN,NaN,NaN,-1,-1,-0.93558,0.57876,-8.0157,-0.94349,-5.2126,-5.2912,NaN,NaN,NaN,NaN,NaN
541.8,-1.1047,7.6237,11.826,-0.93163,0.51132,-8.414,-1.4575,-6.7124,-5.9574,0,0,0,NaN,NaN,NaN,NaN,NaN,NaN,NaN,NaN,NaN,47.826,0,2938.1,0.0064211,0.97126,2.9432,0.63899,0.085738,NaN,-1,-1,-0.93503,0.57705,-8.0021,-0.96614,-5.0945,-5.2992,NaN,NaN,NaN,NaN,NaN
541.8,-1.1082,7.6101,11.812,-1.1026,0.72123,-9.6286,-1.1431,-5.47,-5.7936,0,0,0,NaN,NaN,NaN,NaN,NaN,NaN,NaN,NaN,NaN,47.826,0,2938.1,0.0064211,NaN,NaN,NaN,NaN,14.075,97109,10.313,-0.93661,0.57463,-7.9974,-0.96766,-5.1231,-5.2921,NaN,NaN,NaN,NaN,NaN
541.81,-1.1109,7.5979,11.798,-0.93676,1.2826,-7.5956,-0.82724,-4.8504,-5.7955,0,0,0,NaN,NaN,NaN,NaN,NaN,NaN,NaN,NaN,NaN,47.826,0,2938.1,0.0064211,NaN,NaN,NaN,NaN,NaN,-1,-1,-0.93701,0.56554,-7.9992,-0.99632,-5.0412,-5.3044,NaN,NaN,NaN,NaN,NaN
541.81,0,0,0,0,0,0,0,0,0,0,0,0,NaN,NaN,NaN,NaN,NaN,NaN,NaN,NaN,NaN,47.826,0,2938.1,0.0064211,NaN,NaN,NaN,NaN,NaN,-1,-1,-0.92761,0.56711,-7.9672,-1.0456,-4.9585,-5.3146,NaN,NaN,NaN,NaN,NaN
541.81,-1.1126,7.5822,11.783,-0.50206,0.84325,-8.178,-0.40497,-6.2583,-6.1675,0.32391,0.10244,-1.0849,NaN,NaN,NaN,NaN,NaN,NaN,NaN,NaN,NaN,47.826,0,2938.1,0.0064211,NaN,NaN,NaN,NaN,13.902,97082,10.188,-0.93409,0.54436,-7.9816,-1.0172,-5.0233,-5.3537,NaN,NaN,NaN,NaN,NaN
541.81,-1.1177,7.5565,11.755,-0.5386,0.5291,-7.4606,-1.1494,-3.7544,-5.6201,0,0,0,NaN,NaN,NaN,NaN,NaN,NaN,NaN,NaN,NaN,47.826,0,2938.1,0.0064211,NaN,NaN,NaN,NaN,NaN,-1,-1,-0.92914,0.53534,-7.9297,-1.0189,-5.0946,-5.3704,NaN,NaN,NaN,NaN,NaN
541.82,-1.1205,7.5403,11.741,-0.79509,0.92779,-9.2416,-0.86242,-6.4732,-5.7641,0,0,0,NaN,NaN,NaN,NaN,NaN,NaN,NaN,NaN,NaN,47.826,0,2938.1,0.0064211,0.98659,2.9546,0.65542,0.074917,14.133,97103,10.313,-0.93404,0.54333,-8.0303,-1.0259,-5.1545,-5.3881,NaN,NaN,NaN,NaN,NaN
541.82,-1.1292,7.5133,11.712,-0.78575,1.2659,-8.6467,-1.7547,-4.7213,-5.7916,0,0,0,NaN,NaN,NaN,NaN,NaN,NaN,NaN,NaN,NaN,47.826,0,2938.1,0.0064211,NaN,NaN,NaN,NaN,NaN,-1,-1,-0.92736,0.55415,-8.0076,-1.0247,-5.084,-5.4177,NaN,NaN,NaN,NaN,NaN
541.82,-1.1328,7.5002,11.697,-0.83712,-0.31657,-8.4402,-1.1614,-5.1955,-6.2041,0,0,0,NaN,NaN,NaN,NaN,NaN,NaN,NaN,NaN,NaN,47.826,0,2938.1,0.0064211,NaN,NaN,NaN,NaN,NaN,-1,-1,-0.92937,0.54731,-8.0128,-1.0313,-5.0676,-5.4489,NaN,NaN,NaN,NaN,NaN
541.82,-1.1374,7.4848,11.682,-1.1389,0.32324,-7.3939,-1.5142,-6.1523,-6.1658,0,0,0,NaN,NaN,NaN,NaN,NaN,NaN,NaN,NaN,NaN,47.826,0,2938.1,0.0064211,NaN,NaN,NaN,NaN,13.873,97088,10.188,-0.93853,0.53989,-8.0086,-1.0589,-5.156,-5.4736,NaN,NaN,NaN,NaN,NaN
541.83,-1.1687,7.4157,11.716,-1.1363,0.58869,-8.978,-1.3652,-6.4286,-5.8277,0.32661,0.10951,-1.0869,NaN,NaN,NaN,NaN,NaN,NaN,NaN,NaN,NaN,47.826,0,2938.1,0.0064211,NaN,NaN,NaN,NaN,NaN,-1,-1,-0.94517,0.54311,-8.1054,-1.0642,-5.1669,-5.5143,NaN,NaN,NaN,NaN,NaN
541.83,-1.1723,7.3996,11.702,-0.58024,0.494,-7.8023,-1.1983,-6.426,-5.9604,0,0,0,NaN,NaN,NaN,NaN,NaN,NaN,NaN,NaN,NaN,47.826,0,2938.1,0.0064211,0.96031,2.9456,0.64142,0.099057,NaN,-1,-1,-0.94355,0.54399,-8.0926,-1.0774,-5.097,-5.5527,NaN,NaN,NaN,NaN,NaN
541.83,-1.1759,7.3882,11.687,-1.5576,-0.041321,-10.22,-1.1579,-4.5275,-5.9746,0,0,0,NaN,NaN,NaN,NaN,NaN,NaN,NaN,NaN,NaN,47.826,0,2938.1,0.0064211,NaN,NaN,NaN,NaN,14.188,97087,10.25,-0.94691,0.54376,-8.1308,-1.1033,-5.2108,-5.5965,NaN,NaN,NaN,NaN,NaN
541.83,-1.1795,7.3777,11.673,-0.72611,2.1046,-6.8359,-1.1966,-4.176,-6.0876,0,0,0,NaN,NaN,NaN,NaN,NaN,NaN,NaN,NaN,NaN,47.826,0,2938.1,0.0064211,NaN,NaN,NaN,NaN,NaN,-1,-1,-0.94342,0.55447,-8.1073,-1.1349,-5.3037,-5.6568,NaN,NaN,NaN,NaN,NaN
541.84,-1.1798,7.3568,11.657,-0.49072,0.21755,-8.3027,0.14089,-8.4089,-6.225,0.32871,0.10972,-1.0823,NaN,NaN,NaN,NaN,NaN,NaN,NaN,NaN,NaN,47.826,0,2938.1,0.0064211,NaN,NaN,NaN,NaN,14.074,97096,10.25,-0.93489,0.55142,-8.0976,-1.1433,-5.2568,-5.7236,NaN,NaN,NaN,NaN,NaN
541.84,-1.1823,7.3461,11.643,-1.4662,-0.83076,-9.7056,-0.77556,-4.2674,-5.8015,0,0,0,NaN,NaN,NaN,NaN,NaN,NaN,NaN,NaN,NaN,47.826,0,2938.1,0.0064211,NaN,NaN,NaN,NaN,NaN,-1,-1,-0.94777,0.52263,-8.1278,-1.1706,-5.2858,-5.7785,NaN,NaN,NaN,NaN,NaN
541.84,-1.1862,7.3368,11.629,-0.49886,1.1459,-6.6031,-1.331,-3.6935,-5.7327,0,0,0,NaN,NaN,NaN,NaN,NaN,NaN,NaN,NaN,NaN,47.826,0,2938.1,0.0064211,0.98112,2.8215,0.71932,0.049112,NaN,-1,-1,-0.94328,0.54072,-8.114,-1.1888,-5.4356,-5.8423,NaN,NaN,NaN,NaN,NaN
541.84,-1.1888,7.3172,11.616,-0.87551,0.96722,-8.9138,-0.83583,-7.81,-5.6249,0,0,0,NaN,NaN,NaN,NaN,NaN,NaN,NaN,NaN,NaN,47.679,0,2921,0.0075089,0.98112,2.8215,0.71932,0.049112,14.015,97090,10.188,-0.94209,0.5471,-8.1198,-1.2064,-5.4559,-5.8985,NaN,NaN,NaN,NaN,NaN
541.85,-1.1926,7.3021,11.601,-1.7424,0.53355,-9.4774,-1.2743,-6.0386,-5.9129,0.32633,0.099882,-1.0869,NaN,NaN,NaN,NaN,NaN,NaN,NaN,NaN,NaN,47.679,0,2921,0.0075089,NaN,NaN,NaN,NaN,NaN,-1,-1,-0.9439,0.54193,-8.1175,-1.2374,-5.4754,-5.9576,NaN,NaN,NaN,NaN,NaN
541.85,-1.1985,7.2938,11.587,-0.70628,0.98366,-7.7716,-2.1432,-3.3176,-5.7267,0,0,0,NaN,NaN,NaN,NaN,NaN,NaN,NaN,NaN,NaN,47.679,0,2921,0.0075089,NaN,NaN,NaN,NaN,NaN,-1,-1,-0.94195,0.5334,-8.1257,-1.2554,-5.5762,-6.0289,NaN,NaN,NaN,NaN,NaN
541.85,-1.2033,7.2777,11.573,-0.5679,-0.14994,-7.7641,-1.6486,-6.4254,-6.0554,0,0,0,NaN,NaN,NaN,NaN,NaN,NaN,NaN,NaN,NaN,47.679,0,2921,0.0075089,NaN,NaN,NaN,NaN,13.987,97088,10.188,-0.94128,0.52735,-8.1131,-1.2743,-5.6316,-6.1041,NaN,NaN,NaN,NaN,NaN
541.85,-1.2087,7.2628,11.558,-1.3926,0.25511,-7.9733,-1.8766,-5.9341,-6.2507,0,0,0,NaN,NaN,NaN,NaN,NaN,NaN,NaN,NaN,NaN,47.679,0,2921,0.0075089,0.95867,NaN,0.63047,NaN,13.957,97035,10,-0.94532,0.5195,-8.1213,-1.2519,-5.517,-5.9673,NaN,NaN,NaN,NaN,NaN
541.86,-1.2165,7.2333,11.53,-0.5907,0.31779,-8.147,-1.1043,-6.8424,-5.8042,0,0,0,NaN,NaN,NaN,NaN,NaN,NaN,NaN,NaN,NaN,47.679,0,2921,0.0075089,NaN,2.9528,NaN,0.11238,NaN,-1,-1,-0.94566,0.52586,-8.1097,-1.2867,-5.4804,-6.006,NaN,NaN,NaN,NaN,NaN
541.86,-1.2208,7.2225,11.515,-1.4199,0.51885,-9.4196,-1.4499,-4.3057,-6.1135,0,0,0,NaN,NaN,NaN,NaN,NaN,NaN,NaN,NaN,NaN,47.679,0,2921,0.0075089,NaN,NaN,NaN,NaN,NaN,-1,-1,-0.94897,0.52248,-8.1497,-1.3266,-5.5201,-6.034,NaN,NaN,NaN,NaN,NaN
541.86,-1.2239,7.2115,11.501,-0.86935,1.5896,-7.443,-1.013,-4.3696,-6.0285,0,0,0,NaN,NaN,NaN,NaN,NaN,NaN,NaN,NaN,NaN,47.679,0,2921,0.0075089,NaN,NaN,NaN,NaN,NaN,-1,-1,-0.94811,0.52354,-8.1301,-1.3505,-5.6246,-6.0763,NaN,NaN,NaN,NaN,NaN
541.86,-1.2253,7.1934,11.486,-0.35482,0.02766,-7.2284,-0.311,-7.2287,-6.1103,0.3287,0.10478,-1.0845,NaN,NaN,NaN,NaN,NaN,NaN,NaN,NaN,NaN,47.679,0,2921,0.0075089,NaN,NaN,NaN,NaN,13.816,97083,10.188,-0.93692,0.53439,-8.1101,-1.3954,-5.5766,-6.1123,NaN,NaN,NaN,NaN,NaN
541.87,-1.229,7.1808,11.472,-1.2898,-0.60246,-9.8178,-1.2554,-5.0082,-5.7883,0,0,0,NaN,NaN,NaN,NaN,NaN,NaN,NaN,NaN,NaN,47.679,0,2921,0.0075089,NaN,NaN,NaN,NaN,NaN,-1,-1,-0.9458,0.51059,-8.1417,-1.4014,-5.3623,-5.9272,NaN,NaN,NaN,NaN,NaN
541.87,-1.2332,7.171,11.457,-0.86024,1.1624,-8.0436,-1.4549,-3.9132,-5.9326,0,0,0,NaN,NaN,NaN,NaN,NaN,NaN,NaN,NaN,NaN,47.679,0,2921,0.0075089,NaN,NaN,NaN,NaN,NaN,-1,-1,-0.94613,0.49905,-8.1244,-1.3969,-5.4342,-5.9449,NaN,NaN,NaN,NaN,NaN
541.87,-1.2367,7.1584,11.444,-0.91166,0.56478,-8.0876,-1.2036,-5.0228,-5.5891,0,0,0,NaN,NaN,NaN,NaN,NaN,NaN,NaN,NaN,NaN,47.679,0,2921,0.0075089,NaN,NaN,NaN,NaN,13.876,97071,10.188,-0.93949,0.51641,-8.1267,-1.4128,-5.3113,-5.956,NaN,NaN,NaN,NaN,NaN
541.87,-1.2418,7.1449,11.429,-1.4165,0.86603,-8.2209,-1.8472,-5.4119,-5.9546,0.33093,0.10487,-1.0821,NaN,NaN,NaN,NaN,NaN,NaN,NaN,NaN,NaN,47.679,0,2921,0.0075089,NaN,NaN,NaN,NaN,NaN,-1,-1,-0.95002,0.51619,-8.1363,-1.4121,-5.299,-5.9602,NaN,NaN,NaN,NaN,NaN
541.88,-1.2471,7.1286,11.415,-0.83551,0.93971,-8.7788,-1.9049,-6.5354,-5.8781,0,0,0,NaN,NaN,NaN,NaN,NaN,NaN,NaN,NaN,NaN,47.679,0,2921,0.0075089,NaN,NaN,NaN,NaN,13.872,97071,10.125,-0.95303,0.51011,-8.1376,-1.4416,-5.3185,-5.9579,NaN,NaN,NaN,NaN,NaN
541.88,-1.2517,7.12,11.4,-0.67368,-0.22611,-8.7456,-1.5373,-3.3869,-6.2926,0,0,0,NaN,NaN,NaN,NaN,NaN,NaN,NaN,NaN,NaN,47.679,0,2921,0.0075089,NaN,NaN,NaN,NaN,NaN,-1,-1,-0.94485,0.50318,-8.1251,-1.4491,-5.2365,-5.9631,NaN,NaN,NaN,NaN,NaN
541.88,-1.2576,7.1076,11.385,-1.1808,-0.029729,-5.6643,-2.1566,-4.932,-5.9208,0,0,0,NaN,NaN,NaN,NaN,NaN,NaN,NaN,NaN,NaN,47.679,0,2921,0.0075089,NaN,NaN,NaN,NaN,NaN,-1,-1,-0.94424,0.4915,-8.1262,-1.4746,-5.2734,-5.9764,NaN,NaN,NaN,NaN,NaN
541.88,-1.2623,7.0856,11.371,-1.1869,0.82471,-9.5414,-1.6734,-8.7975,-5.9881,0.33329,0.099905,-1.0841,NaN,NaN,NaN,NaN,NaN,NaN,NaN,NaN,NaN,47.679,0,2921,0.0075089,0.98823,2.96,0.64994,0.079911,13.872,97070,10.125,-0.95105,0.49468,-8.1275,-1.5019,-5.3143,-5.978,NaN,NaN,NaN,NaN,NaN
541.89,-1.2663,7.0751,11.356,-1.0255,-0.044068,-9.9526,-1.3503,-4.1631,-5.96,0,0,0,NaN,NaN,NaN,NaN,NaN,NaN,NaN,NaN,NaN,47.679,0,2921,0.0075089,NaN,NaN,NaN,NaN,NaN,-1,-1,-0.94706,0.49305,-8.1261,-1.5537,-5.2614,-5.9913,NaN,NaN,NaN,NaN,NaN
541.89,-1.2714,7.0692,11.342,-1.12,0.59376,-6.9262,-1.8078,-2.3371,-5.963,0,0,0,NaN,NaN,NaN,NaN,NaN,NaN,NaN,NaN,NaN,47.679,0,2921,0.0075089,NaN,NaN,NaN,NaN,NaN,-1,-1,-0.9528,0.49004,-8.1392,-1.5988,-5.2088,-5.9957,NaN,NaN,NaN,NaN,NaN
541.89,-1.2754,7.0497,11.328,-0.43773,1.9564,-7.5853,-1.3927,-7.7912,-5.8564,0,0,0,NaN,NaN,NaN,NaN,NaN,NaN,NaN,NaN,NaN,47.679,0,2921,0.0075089,NaN,NaN,NaN,NaN,13.877,97081,10.25,-0.94794,0.49897,-8.1213,-1.6717,-5.0825,-6.0002,NaN,NaN,NaN,NaN,NaN
541.89,-1.2775,7.0332,11.313,-1.1948,-0.52942,-9.4893,-0.65724,-6.592,-6.1847,0.32169,0.10729,-1.0851,NaN,NaN,NaN,NaN,NaN,NaN,NaN,NaN,NaN,47.679,0,2921,0.0075089,0.96305,2.9444,0.64933,0.094895,NaN,-1,-1,-0.94651,0.48731,-8.1242,-1.6722,-5.1359,-5.9999,NaN,NaN,NaN,NaN,NaN
541.9,-1.2823,7.029,11.298,-0.98417,-0.17387,-8.115,-1.6754,-1.6546,-5.9301,0,0,0,NaN,NaN,NaN,NaN,NaN,NaN,NaN,NaN,NaN,47.679,0,2921,0.0075089,NaN,NaN,NaN,NaN,13.93,97090,10.188,-0.94834,0.48078,-8.1309,-1.6627,-5.1795,-6.0101,NaN,NaN,NaN,NaN,NaN
541.9,-1.2863,7.0122,11.284,-0.46276,1.0245,-7.7044,-1.4049,-6.7284,-5.7954,0,0,0,NaN,NaN,NaN,NaN,NaN,NaN,NaN,NaN,NaN,47.679,0,2921,0.0075089,NaN,NaN,NaN,NaN,NaN,-1,-1,-0.94924,0.47597,-8.1266,-1.7015,-5.0319,-6.0119,NaN,NaN,NaN,NaN,NaN
541.9,-1.29,6.9964,11.27,-1.4632,0.65964,-8.1638,-1.2774,-6.2783,-5.9345,0,0,0,NaN,NaN,NaN,NaN,NaN,NaN,NaN,NaN,NaN,47.679,0,2921,0.0075089,NaN,NaN,NaN,NaN,NaN,-1,-1,-0.94649,0.47065,-8.1279,-1.7066,-5.0818,-6.013,NaN,NaN,NaN,NaN,NaN
541.9,-1.2957,6.9882,11.255,-1.2543,0.73016,-9.6444,-2.0585,-3.269,-5.9958,0.3333,0.10484,-1.0819,NaN,NaN,NaN,NaN,NaN,NaN,NaN,NaN,NaN,47.679,0,2921,0.0075089,NaN,NaN,NaN,NaN,13.758,97085,10.188,-0.94648,0.47054,-8.131,-1.703,-5.1462,-6.0112,NaN,NaN,NaN,NaN,NaN
541.91,-1.3013,6.9735,11.24,-0.64419,0.66089,-6.9374,-2.0061,-5.8418,-6.148,0,0,0,NaN,NaN,NaN,NaN,NaN,NaN,NaN,NaN,NaN,47.679,0,2921,0.0075089,NaN,NaN,NaN,NaN,NaN,-1,-1,-0.94828,0.46494,-8.1275,-1.7388,-5.0323,-5.9949,NaN,NaN,NaN,NaN,NaN
541.91,-1.3124,6.9497,11.212,-1.3137,0.040942,-7.3222,-2.0111,-4.056,-5.9208,0,0,0,NaN,NaN,NaN,NaN,NaN,NaN,NaN,NaN,NaN,47.679,0,2921,0.0075089,1.0375,2.8502,0.70836,0.015816,NaN,-1,-1,-0.95222,0.46758,-8.1346,-1.7658,-5.0379,-5.9824,NaN,NaN,NaN,NaN,NaN
541.91,-1.318,6.9343,11.197,-0.87679,0.8484,-7.7419,-2.064,-6.195,-5.8831,0.33324,0.10737,-1.0796,NaN,NaN,NaN,NaN,NaN,NaN,NaN,NaN,NaN,47.679,0,2921,0.0075089,NaN,NaN,NaN,NaN,13.907,97097,10.313,-0.94823,0.45974,-8.1353,-1.8073,-5.0675,-5.9853,NaN,NaN,NaN,NaN,NaN
541.91,-1.3233,6.9196,11.182,-1.1727,-0.10165,-10.107,-1.8672,-5.8332,-6.4316,0,0,0,NaN,NaN,NaN,NaN,NaN,NaN,NaN,NaN,NaN,47.679,0,2921,0.0075089,NaN,NaN,NaN,NaN,NaN,-1,-1,-0.946,0.4551,-8.1233,-1.8277,-5.0262,-5.9759,NaN,NaN,NaN,NaN,NaN
541.92,-1.3293,6.913,11.167,-1.0201,0.80041,-7.3767,-2.1747,-2.6083,-5.9357,0,0,0,NaN,NaN,NaN,NaN,NaN,NaN,NaN,NaN,NaN,47.679,0,2921,0.0075089,NaN,NaN,NaN,NaN,13.816,97066,10.125,-0.94833,0.46505,-8.1152,-1.8724,-5.0205,-5.9648,NaN,NaN,NaN,NaN,NaN
541.92,-1.3329,6.897,11.152,-0.43001,1.5494,-7.6472,-1.2298,-6.3756,-6.1699,0,0,0,NaN,NaN,NaN,NaN,NaN,NaN,NaN,NaN,NaN,47.679,0,2921,0.0075089,NaN,NaN,NaN,NaN,NaN,-1,-1,-0.93623,0.46279,-8.0994,-1.8768,-5.0653,-5.9573,NaN,NaN,NaN,NaN,NaN
541.92,-1.3369,6.8817,11.137,-1.2201,-0.75686,-8.8339,-1.3317,-6.0877,-6.4278,0.3289,0.10707,-1.0867,NaN,NaN,NaN,NaN,NaN,NaN,NaN,NaN,NaN,47.679,0,2921,0.0075089,NaN,2.8299,0.71262,0.039956,NaN,-1,-1,-0.94427,0.43251,-8.1196,-1.8861,-5.0168,-5.9553,NaN,NaN,NaN,NaN,NaN
541.92,-1.342,6.8737,11.122,-0.93773,0.15014,-7.9747,-1.8298,-3.1428,-5.9499,0,0,0,NaN,NaN,NaN,NaN,NaN,NaN,NaN,NaN,NaN,47.679,0,2921,0.0075089,NaN,NaN,NaN,NaN,13.873,97084,10.188,-0.94274,0.44391,-8.1189,-1.9098,-5.0045,-5.9365,NaN,NaN,NaN,NaN,NaN
541.93,-1.3472,6.858,11.109,-0.45372,0.92294,-8.2615,-1.9195,-6.2528,-5.5303,0,0,0,NaN,NaN,NaN,NaN,NaN,NaN,NaN,NaN,NaN,47.679,0,2921,0.0075089,NaN,NaN,NaN,NaN,NaN,-1,-1,-0.9398,0.45066,-8.1188,-1.9113,-5.0574,-5.9356,NaN,NaN,NaN,NaN,NaN
541.93,-1.353,6.8435,11.095,-1.3221,0.63615,-8.356,-2.1628,-5.7615,-5.7478,0,0,0,NaN,NaN,NaN,NaN,NaN,NaN,NaN,NaN,NaN,47.679,0,2921,0.0075089,NaN,NaN,NaN,NaN,NaN,-1,-1,-0.94757,0.43918,-8.1256,-1.913,-4.9581,-5.9249,NaN,NaN,NaN,NaN,NaN
541.93,-1.3591,6.8363,11.081,-1.3802,0.80701,-8.8895,-2.2858,-2.8954,-5.8935,0.33094,0.10981,-1.0798,NaN,NaN,NaN,NaN,NaN,NaN,NaN,NaN,NaN,47.679,0,2921,0.0075089,NaN,NaN,NaN,NaN,13.876,97113,10.313,-0.94791,0.43554,-8.1268,-1.9162,-4.9247,-5.9117,NaN,NaN,NaN,NaN,NaN
541.93,-1.366,6.8209,11.066,-0.61497,0.45246,-7.3315,-2.5499,-6.1508,-6.0964,0,0,0,NaN,NaN,NaN,NaN,NaN,NaN,NaN,NaN,NaN,47.679,0,2921,0.0075089,0.97017,2.9409,0.63716,0.099889,13.905,97128,10.375,-0.93998,0.43456,-8.1243,-1.919,-4.9449,-5.8891,NaN,NaN,NaN,NaN,NaN
541.94,-1.3791,6.7981,11.037,-1.1574,0.26481,-7.6691,-2.5576,-3.5335,-5.8654,0,0,0,NaN,NaN,NaN,NaN,NaN,NaN,NaN,NaN,NaN,47.679,0,2921,0.0075089,NaN,NaN,NaN,NaN,NaN,-1,-1,-0.94497,0.42194,-8.1338,-1.916,-4.8511,-5.873,NaN,NaN,NaN,NaN,NaN
541.94,-1.3791,6.7981,11.037,-1.1574,0.26481,-7.6691,-2.5576,-3.5335,-5.8654,0,0,0,NaN,NaN,NaN,NaN,NaN,NaN,NaN,NaN,NaN,47.679,0,2921,0.0075089,NaN,NaN,NaN,NaN,NaN,-1,-1,-0.94592,0.41883,-8.1167,-1.9411,-4.8991,-5.8606,NaN,NaN,NaN,NaN,NaN
541.94,-1.3838,6.7816,11.023,-0.97349,0.8063,-7.8163,-1.7271,-6.5716,-5.5823,0.32398,0.10485,-1.0849,NaN,NaN,NaN,NaN,NaN,NaN,NaN,NaN,NaN,47.679,0,2921,0.0075089,NaN,NaN,NaN,NaN,NaN,-1,-1,-0.94245,0.42486,-8.1317,-1.9634,-4.9871,-5.851,NaN,NaN,NaN,NaN,NaN
541.94,-1.3888,6.7694,11.009,-1.0938,-0.44726,-10.026,-1.8439,-4.8387,-5.8068,0,0,0,NaN,NaN,NaN,NaN,NaN,NaN,NaN,NaN,NaN,47.679,0,2921,0.0075089,NaN,NaN,NaN,NaN,13.93,97087,10.188,-0.94683,0.41516,-8.1593,-1.9736,-4.9981,-5.8423,NaN,NaN,NaN,NaN,NaN
541.95,-1.3974,6.7443,10.982,-0.34012,1.5769,-7.9854,-0.9137,-6.611,-5.9149,0,0,0,NaN,NaN,NaN,NaN,NaN,NaN,NaN,NaN,NaN,47.679,0,2921,0.0075089,NaN,NaN,NaN,NaN,NaN,-1,-1,-0.94345,0.41751,-8.124,-1.9978,-4.9694,-5.8336,NaN,NaN,NaN,NaN,NaN
541.95,-1.4013,6.7295,10.966,-1.3223,-1.3721,-9.6805,-1.4114,-5.9339,-6.2776,0.33627,0.1166,-1.086,NaN,NaN,NaN,NaN,NaN,NaN,NaN,NaN,NaN,47.679,0,2921,0.0075089,NaN,NaN,NaN,NaN,NaN,-1,-1,-0.94114,0.41768,-8.1157,-2.0305,-4.9771,-5.8124,NaN,NaN,NaN,NaN,NaN
541.95,-1.4077,6.7243,10.953,-0.7804,0.25042,-6.7369,-2.3991,-2.0682,-5.5475,0,0,0,NaN,NaN,NaN,NaN,NaN,NaN,NaN,NaN,NaN,47.679,0,2921,0.0075089,NaN,NaN,NaN,NaN,13.674,97112,10.313,-0.93959,0.4121,-8.1216,-2.0116,-5.0938,-5.8097,NaN,NaN,NaN,NaN,NaN
541.95,-1.4116,6.7073,10.939,-0.54143,1.3419,-8.7356,-1.4394,-6.7754,-5.6109,0,0,0,NaN,NaN,NaN,NaN,NaN,NaN,NaN,NaN,NaN,47.63,0,2892.4,0.0069644,NaN,NaN,NaN,NaN,NaN,-1,-1,-0.94047,0.40678,-8.1244,-2.0005,-5.0612,-5.7981,NaN,NaN,NaN,NaN,NaN
541.96,-1.4165,6.694,10.927,-1.4489,0.53894,-7.8045,-1.8159,-5.2958,-5.3697,0,0,0,NaN,NaN,NaN,NaN,NaN,NaN,NaN,NaN,NaN,47.63,0,2892.4,0.0069644,NaN,NaN,NaN,NaN,13.676,97096,10.313,-0.93708,0.41058,-8.1185,-2.0002,-5.0051,-5.7883,NaN,NaN,NaN,NaN,NaN
541.96,-1.423,6.6857,10.913,-1.0948,0.41466,-9.2466,-2.4783,-3.2837,-5.608,0.33351,0.11206,-1.0818,NaN,NaN,NaN,NaN,NaN,NaN,NaN,NaN,NaN,47.63,0,2892.4,0.0069644,0.95976,2.9403,0.64081,0.083241,NaN,-1,-1,-0.93458,0.40662,-8.1158,-1.9799,-5.1179,-5.78,NaN,NaN,NaN,NaN,NaN
541.96,-1.4293,6.6715,10.899,-0.80117,0.59251,-7.8766,-2.3271,-5.648,-5.7791,0,0,0,NaN,NaN,NaN,NaN,NaN,NaN,NaN,NaN,NaN,47.63,0,2892.4,0.0069644,NaN,NaN,NaN,NaN,NaN,-1,-1,-0.93704,0.39808,-8.1166,-1.9731,-5.0045,-5.7675,NaN,NaN,NaN,NaN,NaN
541.96,-1.4354,6.6584,10.885,-0.8538,0.002253,-7.7971,-2.2651,-5.1799,-5.9774,0,0,0,NaN,NaN,NaN,NaN,NaN,NaN,NaN,NaN,NaN,47.63,0,2892.4,0.0069644,NaN,NaN,NaN,NaN,13.818,97094,10.25,-0.93964,0.40401,-8.1044,-1.957,-5.0631,-5.7624,NaN,NaN,NaN,NaN,NaN
541.97,-1.4412,6.6481,10.871,-1.164,-0.047622,-7.6114,-2.1784,-4.0942,-5.7475,0,0,0,NaN,NaN,NaN,NaN,NaN,NaN,NaN,NaN,NaN,47.63,0,2892.4,0.0069644,NaN,NaN,NaN,NaN,NaN,-1,-1,-0.93228,0.39744,-8.124,-1.9531,-5.0905,-5.752,NaN,NaN,NaN,NaN,NaN
541.97,-1.4466,6.6292,10.857,-0.73199,1.0614,-7.7382,-2.0723,-7.5718,-5.649,0.32852,0.11237,-1.0778,NaN,NaN,NaN,NaN,NaN,NaN,NaN,NaN,NaN,47.63,0,2892.4,0.0069644,NaN,NaN,NaN,NaN,NaN,-1,-1,-0.93227,0.39854,-8.1186,-1.9644,-5.08,-5.7388,NaN,NaN,NaN,NaN,NaN
541.97,-1.4511,6.6185,10.843,-1.5855,-0.19743,-11.212,-1.6064,-4.2521,-5.9978,0,0,0,NaN,NaN,NaN,NaN,NaN,NaN,NaN,NaN,NaN,47.63,0,2892.4,0.0069644,0.98166,2.8191,0.71566,0.049945,13.758,97062,10.125,-0.9359,0.3949,-8.1347,-1.9704,-5.2093,-5.7507,NaN,NaN,NaN,NaN,NaN
541.97,-1.4573,6.6128,10.829,-0.80048,0.82917,-6.2081,-2.2969,-2.223,-5.8473,0,0,0,NaN,NaN,NaN,NaN,NaN,NaN,NaN,NaN,NaN,47.63,0,2892.4,0.0069644,0.98166,2.8191,0.71566,0.049945,NaN,-1,-1,-0.92245,0.40511,-8.1002,-2.023,-5.0734,-5.7389,NaN,NaN,NaN,NaN,NaN
541.98,-1.4607,6.5926,10.815,-0.1459,1.3552,-7.456,-1.1941,-8.0517,-5.7807,0,0,0,NaN,NaN,NaN,NaN,NaN,NaN,NaN,NaN,NaN,47.63,0,2892.4,0.0069644,NaN,NaN,NaN,NaN,13.846,97074,10.188,-0.92925,0.38426,-8.1258,-2.0225,-5.1277,-5.7339,NaN,NaN,NaN,NaN,NaN
541.98,-1.4645,6.5791,10.8,-1.4953,-0.72373,-9.9045,-1.367,-5.3388,-5.9666,0.32885,0.11453,-1.0823,NaN,NaN,NaN,NaN,NaN,NaN,NaN,NaN,NaN,47.63,0,2892.4,0.0069644,NaN,NaN,NaN,NaN,NaN,-1,-1,-0.92202,0.393,-8.0955,-1.9971,-5.1307,-5.7555,NaN,NaN,NaN,NaN,NaN
541.98,-1.4701,6.5745,10.787,-0.72192,-0.071473,-7.3174,-2.112,-1.8229,-5.5341,0,0,0,NaN,NaN,NaN,NaN,NaN,NaN,NaN,NaN,NaN,47.63,0,2892.4,0.0069644,NaN,NaN,NaN,NaN,NaN,-1,-1,-0.92112,0.40053,-8.0851,-2.0649,-5.255,-5.9289,NaN,NaN,NaN,NaN,NaN
541.98,-1.4748,6.5563,10.774,-0.41664,0.8004,-7.9952,-1.7739,-7.2408,-5.3557,0,0,0,NaN,NaN,NaN,NaN,NaN,NaN,NaN,NaN,NaN,47.63,0,2892.4,0.0069644,NaN,NaN,NaN,NaN,13.614,97078,10.188,-0.92256,0.39721,-8.0685,-2.0411,-5.3179,-5.8863,NaN,NaN,NaN,NaN,NaN
541.99,-1.4811,6.5411,10.761,-1.5093,1.0536,-8.8037,-2.3562,-6.033,-5.6912,0,0,0,NaN,NaN,NaN,NaN,NaN,NaN,NaN,NaN,NaN,47.63,0,2892.4,0.0069644,0.97947,NaN,0.63716,NaN,NaN,-1,-1,-0.92255,0.38463,-8.0799,-2.0165,-5.3816,-5.839,NaN,NaN,NaN,NaN,NaN
541.99,-1.4943,6.5224,10.732,-0.57378,0.12243,-6.62,-2.5699,-5.9466,-5.8821,0,0,0,NaN,NaN,NaN,NaN,NaN,NaN,NaN,NaN,NaN,47.63,0,2892.4,0.0069644,NaN,NaN,NaN,NaN,NaN,-1,-1,-0.91284,0.3844,-8.048,-1.9984,-5.2613,-5.805,NaN,NaN,NaN,NaN,NaN
541.99,-1.501,6.5063,10.717,-0.83781,0.34368,-8.6303,-2.4931,-6.417,-6.1811,0,0,0,NaN,NaN,NaN,NaN,NaN,NaN,NaN,NaN,NaN,47.63,0,2892.4,0.0069644,NaN,NaN,NaN,NaN,13.762,97107,10.313,-0.91542,0.3724,-8.0607,-2.0009,-5.2971,-5.7753,NaN,NaN,NaN,NaN,NaN
541.99,-1.5073,6.4975,10.703,-1.2815,0.34576,-8.3093,-2.3918,-3.4573,-5.7716,0,0,0,NaN,NaN,NaN,NaN,NaN,NaN,NaN,NaN,NaN,47.63,0,2892.4,0.0069644,NaN,NaN,NaN,NaN,NaN,-1,-1,-0.91587,0.38266,-8.0396,-2.1124,-5.3804,-5.9109,NaN,NaN,NaN,NaN,NaN
542,-1.5128,6.4812,10.689,-0.69845,0.15441,-7.8031,-2.0744,-6.4826,-5.7497,0.33141,0.11185,-1.0865,NaN,NaN,NaN,NaN,NaN,NaN,NaN,NaN,NaN,47.63,0,2892.4,0.0069644,NaN,NaN,NaN,NaN,13.673,97099,10.25,-0.90911,0.37959,-8.0388,-2.1175,-5.3003,-5.8438,NaN,NaN,NaN,NaN,NaN
542,-1.5183,6.4697,10.676,-1.3482,-0.035612,-9.8755,-2.0648,-4.5556,-5.6812,0,0,0,NaN,NaN,NaN,NaN,NaN,NaN,NaN,NaN,NaN,47.63,0,2892.4,0.0069644,0.95922,2.9367,0.63594,0.099889,NaN,-1,-1,-0.90103,0.38156,-8.0065,-2.1219,-5.1961,-5.7708,NaN,NaN,NaN,NaN,NaN
542,-1.5238,6.4615,10.662,-0.81403,1.4232,-6.6863,-2.0667,-3.251,-5.6652,0,0,0,NaN,NaN,NaN,NaN,NaN,NaN,NaN,NaN,NaN,47.63,0,2892.4,0.0069644,NaN,NaN,NaN,NaN,NaN,-1,-1,-0.89883,0.38076,-8.0126,-2.1203,-5.2003,-5.7013,NaN,NaN,NaN,NaN,NaN
542,-1.5274,6.4421,10.648,-0.28099,0.92401,-8.3041,-1.2715,-7.6905,-5.9288,0,0,0,NaN,NaN,NaN,NaN,NaN,NaN,NaN,NaN,NaN,47.63,0,2892.4,0.0069644,NaN,NaN,NaN,NaN,13.673,97074,10.188,-0.89618,0.36121,-7.942,-2.1313,-5.1214,-5.6441,NaN,NaN,NaN,NaN,NaN
542.01,-1.5321,6.4325,10.634,-1.4488,-0.95814,-9.3708,-1.7972,-3.8507,-5.7367,0.34531,0.10697,-1.083,7.1207,14.077,0.36658,15.78,40.058,-88.549,3.6785e+05,4.4353e+06,312.96,47.63,0,2892.4,0.0069644,NaN,NaN,NaN,NaN,NaN,-1,-1,-0.90014,0.3621,-7.9444,-2.1347,-5.1473,-5.6086,15.095,4.3636,1.4501,5.4874,16.053
542.01,-1.5386,6.4254,10.62,-0.49047,0.54834,-6.6921,-2.4498,-2.7885,-5.7732,0,0,0,NaN,NaN,NaN,NaN,NaN,NaN,NaN,NaN,NaN,47.63,0,2892.4,0.0069644,NaN,NaN,NaN,NaN,13.524,97069,10.125,-0.90335,0.35861,-7.9484,-2.1379,-5.0904,-5.554,NaN,NaN,NaN,NaN,NaN
542.01,-1.5434,6.4041,10.607,-0.76461,0.66569,-8.9174,-1.8058,-8.4982,-5.5484,0,0,0,NaN,NaN,NaN,NaN,NaN,NaN,NaN,NaN,NaN,47.63,0,2892.4,0.0069644,0.98331,2.9623,0.64933,0.077414,NaN,-1,-1,-0.90112,0.34981,-7.9383,-2.1191,-5.0152,-5.495,NaN,NaN,NaN,NaN,NaN
542.01,-1.549,6.3952,10.594,-1.4913,0.64517,-9.0545,-2.1367,-3.52,-5.589,0,0,0,NaN,NaN,NaN,NaN,NaN,NaN,NaN,NaN,NaN,47.63,0,2892.4,0.0069644,NaN,NaN,NaN,NaN,13.468,97077,10.188,-0.88728,0.3387,-7.8582,-2.1058,-5.0483,-5.4322,NaN,NaN,NaN,NaN,NaN
542.02,-1.5635,6.3699,10.566,-0.82064,-0.05645,-8.1269,-2.5201,-7.2807,-5.7712,0,0,0,NaN,NaN,NaN,NaN,NaN,NaN,NaN,NaN,NaN,47.63,0,2892.4,0.0069644,NaN,NaN,NaN,NaN,NaN,-1,-1,-0.88927,0.33066,-7.8804,-2.1148,-4.8976,-5.3813,NaN,NaN,NaN,NaN,NaN
542.02,-1.5711,6.3578,10.552,-0.94427,0.08736,-8.5959,-2.9118,-4.795,-5.743,0,0,0,NaN,NaN,NaN,NaN,NaN,NaN,NaN,NaN,NaN,47.63,0,2892.4,0.0069644,NaN,NaN,NaN,NaN,NaN,-1,-1,-0.89494,0.32806,-7.8976,-2.1312,-4.8966,-5.3306,NaN,NaN,NaN,NaN,NaN
542.02,-1.5783,6.3484,10.539,-1.0522,0.44249,-7.8543,-2.733,-3.7156,-5.6979,0,0,0,NaN,NaN,NaN,NaN,NaN,NaN,NaN,NaN,NaN,47.63,0,2892.4,0.0069644,NaN,NaN,NaN,NaN,13.701,97060,10.125,-0.88069,0.33245,-7.9045,-2.1518,-4.8979,-5.2995,NaN,NaN,NaN,NaN,NaN
542.02,-1.5846,6.3307,10.524,-0.82887,0.4566,-7.3118,-2.4572,-7.0554,-5.7446,0.34532,0.1119,-1.0808,NaN,NaN,NaN,NaN,NaN,NaN,NaN,NaN,NaN,47.63,0,2892.4,0.0069644,0.96633,2.9444,0.63473,0.092398,NaN,-1,-1,-0.88383,0.31651,-7.9239,-2.1805,-4.7641,-5.2637,NaN,NaN,NaN,NaN,NaN
542.03,-1.5972,6.3113,10.498,-0.75761,1.0481,-7.0495,-2.5022,-2.661,-5.5892,0,0,0,NaN,NaN,NaN,NaN,NaN,NaN,NaN,NaN,NaN,47.63,0,2892.4,0.0069644,NaN,NaN,NaN,NaN,13.589,97097,10.313,-0.88168,0.31839,-7.9185,-2.2021,-4.8585,-5.2197,NaN,NaN,NaN,NaN,NaN
542.03,-1.601,6.2933,10.484,-0.27015,0.79239,-7.5827,-1.3842,-7.137,-5.8774,0,0,0,NaN,NaN,NaN,NaN,NaN,NaN,NaN,NaN,NaN,47.63,0,2892.4,0.0069644,NaN,NaN,NaN,NaN,NaN,-1,-1,-0.88105,0.31865,-7.9225,-2.2267,-4.884,-5.1933,NaN,NaN,NaN,NaN,NaN
542.03,-1.606,6.2798,10.47,-1.4954,-0.6977,-9.4023,-1.8598,-5.3221,-5.9953,0.35207,0.10964,-1.0757,NaN,NaN,NaN,NaN,NaN,NaN,NaN,NaN,NaN,47.63,0,2892.4,0.0069644,NaN,NaN,NaN,NaN,NaN,-1,-1,-0.88129,0.30169,-7.9125,-2.2926,-4.67,-5.1488,NaN,NaN,NaN,NaN,NaN
542.03,-1.6195,6.2557,10.443,-0.84517,0.67522,-8.9446,-2.5703,-7.0422,-5.5745,0,0,0,NaN,NaN,NaN,NaN,NaN,NaN,NaN,NaN,NaN,47.63,0,2892.4,0.0069644,NaN,NaN,NaN,NaN,13.67,97094,10.188,-0.88007,0.31398,-7.9222,-2.31,-4.7531,-5.1168,NaN,NaN,NaN,NaN,NaN
542.04,0,0,0,0,0,0,0,0,0,0,0,0,NaN,NaN,NaN,NaN,NaN,NaN,NaN,NaN,NaN,47.63,0,2892.4,0.0069644,0.96798,2.9319,0.62864,0.11737,NaN,-1,-1,-0.88049,0.31467,-7.9425,-2.2932,-4.8388,-5.1102,NaN,NaN,NaN,NaN,NaN
542.04,-1.6262,6.2451,10.43,-1.4918,0.92833,-8.1479,-2.6276,-4.2009,-5.3998,0,0,0,NaN,NaN,NaN,NaN,NaN,NaN,NaN,NaN,NaN,47.63,0,2892.4,0.0069644,NaN,NaN,NaN,NaN,NaN,-1,-1,-0.87788,0.30902,-7.9106,-2.3248,-4.6198,-5.0832,NaN,NaN,NaN,NaN,NaN
542.04,-1.6341,6.2359,10.415,-0.66975,0.4825,-8.0544,-3.0677,-3.6566,-5.7483,0.35194,0.10976,-1.0735,NaN,NaN,NaN,NaN,NaN,NaN,NaN,NaN,NaN,47.63,0,2892.4,0.0069644,NaN,NaN,NaN,NaN,13.555,97062,10.125,-0.87942,0.2935,-7.9196,-2.3058,-4.7238,-5.0549,NaN,NaN,NaN,NaN,NaN
542.04,-1.6425,6.2205,10.402,-0.84279,-0.033724,-8.2676,-3.2755,-6.1172,-5.5425,0,0,0,NaN,NaN,NaN,NaN,NaN,NaN,NaN,NaN,NaN,47.63,0,2892.4,0.0069644,NaN,NaN,NaN,NaN,NaN,-1,-1,-0.86999,0.2892,-7.9036,-2.3183,-4.6991,-5.0256,NaN,NaN,NaN,NaN,NaN
542.05,-1.6509,6.2086,10.389,-1.0346,0.24062,-8.464,-3.2549,-4.6713,-5.6962,0,0,0,NaN,NaN,NaN,NaN,NaN,NaN,NaN,NaN,NaN,47.63,0,2892.4,0.0069644,NaN,NaN,NaN,NaN,13.731,97099,10.25,-0.86324,0.29197,-7.8798,-2.3513,-4.702,-5.0118,NaN,NaN,NaN,NaN,NaN
542.05,0,0,0,0,0,0,0,0,0,0,0,0,NaN,NaN,NaN,NaN,NaN,NaN,NaN,NaN,NaN,47.63,0,2892.4,0.0069644,1.0282,NaN,0.70532,NaN,NaN,-1,-1,-0.87223,0.29623,-7.9476,-2.3924,-4.7803,-5.0239,NaN,NaN,NaN,NaN,NaN
542.05,-1.6591,6.1988,10.376,-0.82143,0.21724,-7.4307,-3.1875,-3.8984,-5.5322,0,0,0,NaN,NaN,NaN,NaN,NaN,NaN,NaN,NaN,NaN,47.63,0,2892.4,0.0069644,NaN,2.8418,NaN,0.013319,NaN,-1,-1,-0.86934,0.30013,-7.9564,-2.4354,-4.6672,-5.0324,NaN,NaN,NaN,NaN,NaN
542.05,-1.6657,6.1789,10.362,-0.99856,0.12102,-7.8995,-2.5724,-7.8901,-5.4902,0.34066,0.11437,-1.0812,NaN,NaN,NaN,NaN,NaN,NaN,NaN,NaN,NaN,47.63,0,2892.4,0.0069644,NaN,NaN,NaN,NaN,13.289,97101,10.25,-0.86381,0.30458,-7.9403,-2.4746,-4.7499,-5.042,NaN,NaN,NaN,NaN,NaN
542.06,-1.6734,6.1708,10.349,-1.3221,0.067177,-10.209,-2.9495,-3.2083,-5.6798,0,0,0,NaN,NaN,NaN,NaN,NaN,NaN,NaN,NaN,NaN,47.63,0,2892.4,0.0069644,NaN,NaN,NaN,NaN,NaN,-1,-1,-0.85941,0.30007,-7.9106,-2.5125,-4.8152,-5.0398,NaN,NaN,NaN,NaN,NaN
542.06,-1.6841,6.1429,10.323,-0.45258,0.78069,-7.8213,-1.5111,-7.7505,-5.5407,0,0,0,NaN,NaN,NaN,NaN,NaN,NaN,NaN,NaN,NaN,47.63,0,2892.4,0.0069644,NaN,NaN,NaN,NaN,NaN,-1,-1,-0.85633,0.2929,-7.9116,-2.5702,-4.6384,-5.0441,NaN,NaN,NaN,NaN,NaN
542.06,-1.7167,6.0837,10.355,-1.3883,-0.72267,-9.8188,-1.9304,-4.4889,-5.3937,0.35914,0.09967,-1.0795,NaN,NaN,NaN,NaN,NaN,NaN,NaN,NaN,NaN,47.63,0,2892.4,0.0069644,NaN,NaN,NaN,NaN,13.588,97103,10.313,-0.85949,0.29611,-7.9767,-2.5706,-4.7536,-5.0689,NaN,NaN,NaN,NaN,NaN
542.06,-1.7242,6.0771,10.343,-0.37084,0.096026,-6.3164,-2.9386,-2.5739,-5.3205,0,0,0,NaN,NaN,NaN,NaN,NaN,NaN,NaN,NaN,NaN,47.6,0.024486,2861,0.0047889,NaN,NaN,NaN,NaN,NaN,-1,-1,-0.85822,0.29958,-7.9731,-2.5638,-4.8368,-5.0944,NaN,NaN,NaN,NaN,NaN
542.07,-1.7313,6.0576,10.33,-0.87387,0.8946,-9.2829,-2.7391,-7.76,-5.5412,0,0,0,NaN,NaN,NaN,NaN,NaN,NaN,NaN,NaN,NaN,47.6,0.024486,2861,0.0047889,NaN,NaN,NaN,NaN,13.41,97088,10.25,-0.8628,0.29542,-8.0023,-2.6031,-4.6626,-5.129,NaN,NaN,NaN,NaN,NaN
542.07,-1.7451,6.0383,10.303,-0.50126,0.4933,-6.8126,-2.9828,-3.4195,-5.4407,0.3497,0.10473,-1.0782,NaN,NaN,NaN,NaN,NaN,NaN,NaN,NaN,NaN,47.6,0.024486,2861,0.0047889,NaN,NaN,NaN,NaN,NaN,-1,-1,-0.86077,0.28181,-7.9935,-2.6037,-4.803,-5.1473,NaN,NaN,NaN,NaN,NaN
542.07,-1.7531,6.0211,10.29,-0.65238,0.22287,-8.6077,-3.1558,-6.7916,-5.3192,0,0,0,NaN,NaN,NaN,NaN,NaN,NaN,NaN,NaN,NaN,47.6,0.024486,2861,0.0047889,NaN,NaN,NaN,NaN,NaN,-1,-1,-0.85472,0.27856,-7.976,-2.5862,-4.855,-5.1761,NaN,NaN,NaN,NaN,NaN
542.07,-1.7608,6.0092,10.277,-1.4049,-0.002617,-8.6303,-3.0211,-4.7331,-5.5422,0,0,0,NaN,NaN,NaN,NaN,NaN,NaN,NaN,NaN,NaN,47.6,0.024486,2861,0.0047889,NaN,NaN,NaN,NaN,13.614,97102,10.25,-0.86004,0.28767,-7.9991,-2.5868,-4.8979,-5.2065,NaN,NaN,NaN,NaN,NaN
542.08,-1.7685,5.9986,10.265,-0.87476,0.203,-7.8715,-3.0185,-4.1765,-5.2491,0,0,0,NaN,NaN,NaN,NaN,NaN,NaN,NaN,NaN,NaN,47.6,0.024486,2861,0.0047889,NaN,NaN,NaN,NaN,NaN,-1,-1,-0.85201,0.29159,-7.9859,-2.6202,-4.898,-5.2397,NaN,NaN,NaN,NaN,NaN
542.08,-1.7755,5.9806,10.252,-0.53839,0.10791,-7.2246,-2.8379,-7.2076,-5.2209,0.36626,0.11438,-1.0722,NaN,NaN,NaN,NaN,NaN,NaN,NaN,NaN,NaN,47.6,0.024486,2861,0.0047889,NaN,NaN,NaN,NaN,NaN,-1,-1,-0.84997,0.28798,-8,-2.661,-4.913,-5.2807,NaN,NaN,NaN,NaN,NaN
542.08,-1.7833,5.9699,10.239,-1.4498,0.11655,-10.332,-3.0631,-4.2013,-5.4137,0,0,0,NaN,NaN,NaN,NaN,NaN,NaN,NaN,NaN,NaN,47.6,0.024486,2861,0.0047889,NaN,NaN,NaN,NaN,13.497,97101,10.25,-0.85595,0.28592,-8.0124,-2.6948,-4.9527,-5.3317,NaN,NaN,NaN,NaN,NaN
542.08,-1.7897,5.9627,10.226,-0.70187,1.241,-6.9835,-2.5196,-2.8273,-5.3278,0,0,0,NaN,NaN,NaN,NaN,NaN,NaN,NaN,NaN,NaN,47.6,0.024486,2861,0.0047889,NaN,NaN,NaN,NaN,13.467,97059,10.125,-0.84526,0.29028,-7.9758,-2.7268,-4.9483,-5.3827,NaN,NaN,NaN,NaN,NaN
542.09,-1.7947,5.9434,10.213,-0.15445,0.45311,-7.2224,-1.8733,-7.6445,-5.8877,0,0,0,NaN,NaN,NaN,NaN,NaN,NaN,NaN,NaN,NaN,47.6,0.024486,2861,0.0047889,NaN,NaN,NaN,NaN,NaN,-1,-1,-0.84607,0.27527,-7.9942,-2.7264,-5.0939,-5.4404,NaN,NaN,NaN,NaN,NaN
542.09,-1.7999,5.931,10.199,-1.4997,-0.98038,-10.123,-2.0193,-4.89,-5.627,0.3547,0.1143,-1.0777,NaN,NaN,NaN,NaN,NaN,NaN,NaN,NaN,NaN,47.6,0.024486,2861,0.0047889,0.96524,2.9415,0.6469,0.098224,NaN,-1,-1,-0.85445,0.2744,-8.019,-2.7562,-5.0892,-5.501,NaN,NaN,NaN,NaN,NaN
542.09,-1.8075,5.9255,10.186,-0.52548,0.64551,-6.6506,-3.0314,-2.1606,-5.1718,0,0,0,NaN,NaN,NaN,NaN,NaN,NaN,NaN,NaN,NaN,47.6,0.024486,2861,0.0047889,NaN,NaN,NaN,NaN,NaN,-1,-1,-0.84605,0.2949,-7.9856,-2.794,-5.2305,-5.5482,NaN,NaN,NaN,NaN,NaN
542.09,-1.8133,5.9068,10.174,-0.74976,0.86682,-8.6732,-2.2579,-7.4201,-5.421,0,0,0,NaN,NaN,NaN,NaN,NaN,NaN,NaN,NaN,NaN,47.6,0.024486,2861,0.0047889,NaN,NaN,NaN,NaN,13.585,97078,10.188,-0.84309,0.29152,-7.9951,-2.7058,-5.1767,-5.4109,NaN,NaN,NaN,NaN,NaN
542.1,-1.8292,5.8863,10.148,-0.68442,0.87813,-7.6748,-3.4493,-3.1414,-5.2981,0.35436,0.1072,-1.0755,NaN,NaN,NaN,NaN,NaN,NaN,NaN,NaN,NaN,47.6,0.024486,2861,0.0047889,NaN,NaN,NaN,NaN,NaN,-1,-1,-0.84808,0.27391,-8.005,-2.7065,-5.0944,-5.4402,NaN,NaN,NaN,NaN,NaN
542.1,-1.8374,5.8709,10.134,-0.76105,-0.011815,-8.4002,-3.2318,-6.0767,-5.7416,0,0,0,NaN,NaN,NaN,NaN,NaN,NaN,NaN,NaN,NaN,47.6,0.024486,2861,0.0047889,NaN,NaN,NaN,NaN,NaN,-1,-1,-0.83505,0.27544,-7.986,-2.7214,-5.1124,-5.4787,NaN,NaN,NaN,NaN,NaN
542.1,-1.8451,5.8567,10.121,-1.089,-0.26428,-8.0075,-2.9962,-5.5984,-5.6364,0,0,0,NaN,NaN,NaN,NaN,NaN,NaN,NaN,NaN,NaN,47.6,0.024486,2861,0.0047889,NaN,NaN,NaN,NaN,13.44,97112,10.313,-0.8354,0.27574,-7.9921,-2.7374,-5.2742,-5.5069,NaN,NaN,NaN,NaN,NaN
542.1,-1.8522,5.8464,10.108,-0.9734,0.28392,-7.9526,-2.8084,-4.0697,-5.3431,0,0,0,NaN,NaN,NaN,NaN,NaN,NaN,NaN,NaN,NaN,47.6,0.024486,2861,0.0047889,0.98385,2.9403,0.63655,0.09656,NaN,-1,-1,-0.84321,0.2814,-7.9935,-2.7635,-5.276,-5.5378,NaN,NaN,NaN,NaN,NaN
542.11,-1.8591,5.8288,10.096,-0.61999,0.48842,-7.419,-2.7296,-6.9817,-5.1684,0.35212,0.10217,-1.0802,NaN,NaN,NaN,NaN,NaN,NaN,NaN,NaN,NaN,47.6,0.024486,2861,0.0047889,NaN,NaN,NaN,NaN,13.586,97073,10.188,-0.83582,0.28541,-7.9927,-2.681,-5.179,-5.3627,NaN,NaN,NaN,NaN,NaN
542.11,-1.8654,5.8179,10.084,-1.5321,-0.21728,-10.442,-2.5231,-4.3152,-5.1759,0,0,0,NaN,NaN,NaN,NaN,NaN,NaN,NaN,NaN,NaN,47.6,0.024486,2861,0.0047889,NaN,NaN,NaN,NaN,NaN,-1,-1,-0.83769,0.29098,-7.9991,-2.7048,-4.9967,-5.3496,NaN,NaN,NaN,NaN,NaN
542.11,-1.8718,5.8109,10.07,-0.70896,1.0564,-6.3356,-2.4797,-2.7338,-5.5673,0,0,0,NaN,NaN,NaN,NaN,NaN,NaN,NaN,NaN,NaN,47.6,0.024486,2861,0.0047889,NaN,NaN,NaN,NaN,NaN,-1,-1,-0.83387,0.28643,-7.9881,-2.7121,-5.1751,-5.329,NaN,NaN,NaN,NaN,NaN
542.11,-1.8762,5.7891,10.058,-0.018652,1.0691,-7.5467,-1.7275,-8.6227,-5.4897,0,0,0,NaN,NaN,NaN,NaN,NaN,NaN,NaN,NaN,NaN,47.6,0.024486,2861,0.0047889,NaN,NaN,NaN,NaN,13.497,97076,10.188,-0.83203,0.27374,-7.9812,-2.748,-4.9993,-5.3125,NaN,NaN,NaN,NaN,NaN
542.12,-1.8821,5.777,10.045,-1.6449,-1.2268,-10.284,-2.3813,-4.8343,-5.2679,0.35653,0.10488,-1.0731,NaN,NaN,NaN,NaN,NaN,NaN,NaN,NaN,NaN,47.6,0.024486,2861,0.0047889,0.97345,NaN,0.64081,NaN,NaN,-1,-1,-0.83658,0.27891,-7.9917,-2.7079,-5.0648,-5.2964,NaN,NaN,NaN,NaN,NaN
542.12,-1.8895,5.7724,10.032,-0.48489,0.12442,-6.5075,-2.9577,-1.7774,-5.1613,0,0,0,NaN,NaN,NaN,NaN,NaN,NaN,NaN,NaN,NaN,47.6,0.024486,2861,0.0047889,NaN,NaN,NaN,NaN,NaN,-1,-1,-0.83586,0.28778,-7.9977,-2.6651,-5.1436,-5.2967,NaN,NaN,NaN,NaN,NaN
542.12,-1.8949,5.7521,10.021,-0.41291,1.0515,-8.4756,-2.1651,-8.0631,-4.9861,0,0,0,NaN,NaN,NaN,NaN,NaN,NaN,NaN,NaN,NaN,47.6,0.024486,2861,0.0047889,NaN,NaN,NaN,NaN,13.379,97099,10.25,-0.83423,0.28604,-7.9808,-2.6858,-4.9572,-5.2836,NaN,NaN,NaN,NaN,NaN
542.12,-1.9014,5.7398,10.008,-1.6305,0.41508,-9.0281,-2.5684,-4.8469,-5.3174,0,0,0,NaN,NaN,NaN,NaN,NaN,NaN,NaN,NaN,NaN,47.6,0.024486,2861,0.0047889,NaN,NaN,NaN,NaN,NaN,-1,-1,-0.82988,0.29304,-7.97,-2.6661,-5.0508,-5.277,NaN,NaN,NaN,NaN,NaN
542.13,-1.9099,5.7335,9.9956,-0.93368,0.51841,-7.9785,-3.4272,-2.4723,-5.1084,0.36124,0.099879,-1.0749,NaN,NaN,NaN,NaN,NaN,NaN,NaN,NaN,NaN,47.6,0.024486,2861,0.0047889,NaN,NaN,NaN,NaN,13.141,97069,10.188,-0.82584,0.27983,-7.9892,-2.6418,-5.0749,-5.2623,NaN,NaN,NaN,NaN,NaN
542.13,-1.9185,5.717,9.9831,-0.44744,0.032852,-7.3868,-3.4228,-6.5291,-5.335,0,0,0,NaN,NaN,NaN,NaN,NaN,NaN,NaN,NaN,NaN,47.6,0.024486,2861,0.0047889,0.96195,2.9456,0.64325,0.085738,NaN,-1,-1,-0.8217,0.28029,-7.9759,-2.6472,-5.0472,-5.2442,NaN,NaN,NaN,NaN,NaN
542.13,-1.9261,5.7022,9.9705,-1.0103,0.069096,-8.5657,-3.0147,-5.8689,-5.3666,0,0,0,NaN,NaN,NaN,NaN,NaN,NaN,NaN,NaN,NaN,47.6,0.024486,2861,0.0047889,NaN,NaN,NaN,NaN,NaN,-1,-1,-0.82781,0.28875,-7.9747,-2.6561,-5.0188,-5.2271,NaN,NaN,NaN,NaN,NaN
542.13,-1.933,5.6914,9.9582,-0.99668,0.081128,-8.2184,-2.744,-4.2381,-5.2141,0,0,0,NaN,NaN,NaN,NaN,NaN,NaN,NaN,NaN,NaN,47.6,0.024486,2861,0.0047889,NaN,NaN,NaN,NaN,13.557,97094,10.25,-0.82671,0.29429,-8.0004,-2.657,-5.0741,-5.2054,NaN,NaN,NaN,NaN,NaN
542.14,-1.9397,5.6736,9.9459,-0.74469,0.11006,-7.4411,-2.7217,-7.1118,-5.0605,0.3568,0.10957,-1.0753,NaN,NaN,NaN,NaN,NaN,NaN,NaN,NaN,NaN,47.6,0.024486,2861,0.0047889,NaN,NaN,NaN,NaN,NaN,-1,-1,-0.82273,0.29458,-7.9701,-2.6809,-5.0415,-5.1859,NaN,NaN,NaN,NaN,NaN
542.14,-1.9467,5.663,9.9342,-1.2393,-0.10009,-9.4972,-2.8502,-4.1855,-4.9678,0,0,0,NaN,NaN,NaN,NaN,NaN,NaN,NaN,NaN,NaN,47.6,0.024486,2861,0.0047889,NaN,NaN,NaN,NaN,NaN,-1,-1,-0.81859,0.29567,-7.9629,-2.7133,-5.0081,-5.168,NaN,NaN,NaN,NaN,NaN
542.14,-1.9532,5.6529,9.922,-0.72769,1.1733,-7.6583,-2.5942,-3.9801,-5.1547,0,0,0,NaN,NaN,NaN,NaN,NaN,NaN,NaN,NaN,NaN,47.6,0.024486,2861,0.0047889,NaN,NaN,NaN,NaN,13.56,97097,10.313,-0.81714,0.29365,-7.9646,-2.7301,-5.059,-5.1393,NaN,NaN,NaN,NaN,NaN
542.14,-1.9579,5.635,9.9095,-0.39456,0.81161,-7.5017,-1.8676,-7.0982,-5.3764,0,0,0,NaN,NaN,NaN,NaN,NaN,NaN,NaN,NaN,NaN,47.6,0.024486,2861,0.0047889,0.97126,2.8251,0.72114,0.039956,NaN,-1,-1,-0.82296,0.2811,-7.956,-2.7485,-5.065,-5.1203,NaN,NaN,NaN,NaN,NaN
542.15,-1.9633,5.6223,9.8961,-1.1755,-0.97882,-9.3397,-2.1182,-4.9929,-5.5705,0.37071,0.10962,-1.0696,NaN,NaN,NaN,NaN,NaN,NaN,NaN,NaN,NaN,47.6,0.024486,2861,0.0047889,NaN,NaN,NaN,NaN,13.164,97048,10,-0.81927,0.28881,-7.9614,-2.7506,-5.0275,-5.0864,NaN,NaN,NaN,NaN,NaN
542.15,-1.9708,5.6139,9.8842,-0.60691,0.18408,-6.6265,-3.0134,-3.3138,-5.0068,0,0,0,NaN,NaN,NaN,NaN,NaN,NaN,NaN,NaN,NaN,47.6,0.024486,2861,0.0047889,NaN,NaN,NaN,NaN,NaN,-1,-1,-0.81924,0.29503,-7.9529,-2.7637,-5.0301,-5.0608,NaN,NaN,NaN,NaN,NaN
542.15,-1.9775,5.594,9.8733,-0.59242,0.48707,-9.0293,-2.7393,-7.8791,-4.7854,0,0,0,NaN,NaN,NaN,NaN,NaN,NaN,NaN,NaN,NaN,47.6,0.024486,2861,0.0047889,NaN,NaN,NaN,NaN,NaN,-1,-1,-0.8205,0.30123,-7.9433,-2.7572,-5.0491,-5.0475,NaN,NaN,NaN,NaN,NaN
542.15,-1.9845,5.583,9.8619,-1.407,0.83102,-9.1074,-2.8257,-4.3376,-4.8348,0,0,0,NaN,NaN,NaN,NaN,NaN,NaN,NaN,NaN,NaN,47.6,0.024486,2861,0.0047889,NaN,NaN,NaN,NaN,13.291,97088,10.25,-0.81596,0.2974,-7.9459,-2.7867,-4.9864,-5.0487,NaN,NaN,NaN,NaN,NaN
542.16,-1.9923,5.5778,9.8496,-0.74023,0.24249,-6.8979,-3.1906,-2.0644,-4.9522,0.36145,0.1071,-1.0749,NaN,NaN,NaN,NaN,NaN,NaN,NaN,NaN,NaN,47.6,0.024486,2861,0.0047889,0.96141,2.9444,0.63959,0.097392,NaN,-1,-1,-0.81265,0.28476,-7.9375,-2.798,-5.0975,-5.0408,NaN,NaN,NaN,NaN,NaN
542.16,-2.0081,5.5426,9.8263,-1.1087,0.23665,-9.6109,-3.1136,-5.1991,-5.072,0,0,0,NaN,NaN,NaN,NaN,NaN,NaN,NaN,NaN,NaN,47.6,0.024486,2861,0.0047889,NaN,NaN,NaN,NaN,NaN,-1,-1,-0.80849,0.28781,-7.9293,-2.8074,-5.0414,-5.0365,NaN,NaN,NaN,NaN,NaN
542.16,-2.0155,5.5358,9.8145,-0.9312,-0.093732,-7.2489,-2.9613,-2.6641,-4.9634,0,0,0,NaN,NaN,NaN,NaN,NaN,NaN,NaN,NaN,NaN,47.6,0.024486,2861,0.0047889,NaN,NaN,NaN,NaN,13.613,97087,10.188,-0.80716,0.29615,-7.9464,-2.8283,-5.02,-5.0256,NaN,NaN,NaN,NaN,NaN
542.16,-2.0222,5.5142,9.8027,-0.65027,-0.014135,-7.0028,-2.7586,-8.561,-5.0254,0.3636,0.099847,-1.0747,NaN,NaN,NaN,NaN,NaN,NaN,NaN,NaN,NaN,47.6,0.024486,2861,0.0047889,NaN,NaN,NaN,NaN,NaN,-1,-1,-0.81134,0.2931,-7.9484,-2.8663,-4.9885,-5.0205,NaN,NaN,NaN,NaN,NaN
542.17,-2.0359,5.4944,9.779,-1.0614,1.1194,-6.9778,-2.6757,-1.9889,-5.2123,0,0,0,NaN,NaN,NaN,NaN,NaN,NaN,NaN,NaN,NaN,47.6,0.024486,2861,0.0047889,NaN,NaN,NaN,NaN,13.229,97085,10.188,-0.80494,0.30228,-7.9155,-2.8968,-4.9657,-5,NaN,NaN,NaN,NaN,NaN
542.17,-2.0413,5.4742,9.7667,0.16085,0.75012,-6.9597,-2.1478,-8.0016,-5.3397,0,0,0,NaN,NaN,NaN,NaN,NaN,NaN,NaN,NaN,NaN,47.6,0.024486,2861,0.0047889,0.97181,2.9403,0.64325,0.079911,NaN,-1,-1,-0.80422,0.29764,-7.9358,-2.9345,-4.876,-4.9962,NaN,NaN,NaN,NaN,NaN
542.17,-2.0482,5.4595,9.7539,-1.371,-1.1429,-9.8573,-2.8267,-5.8252,-5.2627,0.36355,0.10731,-1.0702,NaN,NaN,NaN,NaN,NaN,NaN,NaN,NaN,NaN,47.6,0.024486,2861,0.0047889,NaN,NaN,NaN,NaN,NaN,-1,-1,-0.8095,0.28204,-7.9356,-2.9431,-4.9691,-4.9892,NaN,NaN,NaN,NaN,NaN
542.17,-2.056,5.454,9.743,-0.69948,0.38584,-7.2294,-3.1685,-2.166,-4.5889,0,0,0,NaN,NaN,NaN,NaN,NaN,NaN,NaN,NaN,NaN,47.6,0.024486,2829.5,0.0064211,NaN,NaN,NaN,NaN,13.26,97078,10.188,-0.80284,0.29359,-7.9085,-2.9329,-5.0404,-4.9873,NaN,NaN,NaN,NaN,NaN
542.18,-2.0613,5.4342,9.732,-0.35716,0.79335,-8.2022,-2.1976,-7.841,-4.814,0,0,0,NaN,NaN,NaN,NaN,NaN,NaN,NaN,NaN,NaN,47.6,0.024486,2829.5,0.0064211,NaN,NaN,NaN,NaN,NaN,-1,-1,-0.80528,0.29593,-7.9272,-2.9563,-4.9319,-4.978,NaN,NaN,NaN,NaN,NaN
542.18,-2.0692,5.4217,9.7209,-1.4716,0.26791,-8.6018,-3.2231,-4.958,-4.7782,0,0,0,NaN,NaN,NaN,NaN,NaN,NaN,NaN,NaN,NaN,47.6,0.024486,2829.5,0.0064211,NaN,NaN,NaN,NaN,NaN,-1,-1,-0.80653,0.30039,-7.9086,-2.9321,-5.0987,-4.9615,NaN,NaN,NaN,NaN,NaN
542.18,-2.0786,5.4152,9.709,-1.0814,0.41351,-8.4964,-3.7991,-2.5165,-4.8857,0.36179,0.1142,-1.0771,NaN,NaN,NaN,NaN,NaN,NaN,NaN,NaN,NaN,47.6,0.024486,2829.5,0.0064211,0.97017,NaN,0.64081,NaN,13.294,97091,10.313,-0.8063,0.28969,-7.925,-2.93,-5.1481,-4.9546,NaN,NaN,NaN,NaN,NaN
542.18,-2.0868,5.3965,9.6979,-0.47883,0.43305,-7.1002,-3.3338,-7.4365,-4.8211,0,0,0,NaN,NaN,NaN,NaN,NaN,NaN,NaN,NaN,NaN,47.786,0.024486,2829.5,0.0064211,NaN,NaN,NaN,NaN,NaN,-1,-1,-0.79868,0.28476,-7.902,-2.978,-5.1398,-4.9441,NaN,NaN,NaN,NaN,NaN
542.19,-2.0949,5.3815,9.6863,-0.88858,-0.065776,-9.2255,-3.289,-5.9107,-4.9962,0,0,0,NaN,NaN,NaN,NaN,NaN,NaN,NaN,NaN,NaN,47.786,0.024486,2829.5,0.0064211,NaN,NaN,NaN,NaN,13.349,97077,10.188,-0.79981,0.28804,-7.9071,-3.0374,-5.1909,-4.9435,NaN,NaN,NaN,NaN,NaN
542.19,-2.1042,5.3751,9.6749,-1.0763,-0.27501,-6.9641,-3.7431,-2.5259,-4.8171,0,0,0,NaN,NaN,NaN,NaN,NaN,NaN,NaN,NaN,NaN,47.786,0.024486,2829.5,0.0064211,NaN,NaN,NaN,NaN,NaN,-1,-1,-0.79995,0.29138,-7.918,-3.0965,-5.3728,-4.9376,NaN,NaN,NaN,NaN,NaN
542.19,-2.1115,5.354,9.6641,-0.70015,0.48395,-7.2351,-3.0461,-8.418,-4.6314,0.36153,0.11444,-1.0726,NaN,NaN,NaN,NaN,NaN,NaN,NaN,NaN,NaN,47.786,0.024486,2829.5,0.0064211,NaN,NaN,NaN,NaN,NaN,-1,-1,-0.79922,0.29222,-7.9174,-3.1547,-5.3494,-4.9195,NaN,NaN,NaN,NaN,NaN
542.19,-2.119,5.3387,9.6533,-1.2221,-0.1587,-11.165,-3.1125,-6.0565,-4.6941,0,0,0,NaN,NaN,NaN,NaN,NaN,NaN,NaN,NaN,NaN,47.786,0.024486,2829.5,0.0064211,NaN,NaN,NaN,NaN,13.319,97081,10.188,-0.79853,0.29329,-7.9125,-3.1885,-5.5977,-4.9218,NaN,NaN,NaN,NaN,NaN
542.2,-2.1267,5.3347,9.6416,-0.96679,0.71087,-6.6034,-3.1059,-1.5126,-4.894,0,0,0,NaN,NaN,NaN,NaN,NaN,NaN,NaN,NaN,NaN,47.786,0.024486,2829.5,0.0064211,0.97126,2.9438,0.63473,0.092398,NaN,-1,-1,-0.79458,0.29741,-7.905,-3.234,-5.624,-4.9176,NaN,NaN,NaN,NaN,NaN
542.2,-2.1323,5.3155,9.6295,-0.16003,1.4088,-6.8219,-2.2507,-7.5879,-5.2491,0,0,0,NaN,NaN,NaN,NaN,NaN,NaN,NaN,NaN,NaN,47.786,0.024486,2829.5,0.0064211,NaN,NaN,NaN,NaN,NaN,-1,-1,-0.80034,0.28475,-7.8957,-3.3585,-5.8883,-5.0344,NaN,NaN,NaN,NaN,NaN
542.2,-2.1388,5.2981,9.6162,-1.2324,-1.0904,-9.4887,-2.6036,-6.8712,-5.6382,0.36821,0.10484,-1.0698,NaN,NaN,NaN,NaN,NaN,NaN,NaN,NaN,NaN,47.786,0.024486,2829.5,0.0064211,NaN,NaN,NaN,NaN,13.375,97041,10,-0.79777,0.30259,-7.8718,-3.3337,-6.0893,-5.0013,NaN,NaN,NaN,NaN,NaN
542.2,-2.1468,5.2917,9.6041,-0.84242,-0.23621,-8.2959,-3.2404,-2.4873,-5.0392,0,0,0,NaN,NaN,NaN,NaN,NaN,NaN,NaN,NaN,NaN,47.786,0.024486,2829.5,0.0064211,NaN,NaN,NaN,NaN,13.408,97062,10.125,-0.80009,0.30162,-7.897,-3.2856,-6.1832,-4.968,NaN,NaN,NaN,NaN,NaN
542.21,-2.1544,5.2738,9.5929,-0.17711,1.1353,-7.4544,-3.0889,-7.1071,-4.9223,0,0,0,NaN,NaN,NaN,NaN,NaN,NaN,NaN,NaN,NaN,47.786,0.024486,2829.5,0.0064211,NaN,NaN,NaN,NaN,NaN,-1,-1,-0.803,0.3022,-7.8841,-3.286,-6.1795,-4.9131,NaN,NaN,NaN,NaN,NaN
542.21,-2.1623,5.2597,9.583,-1.2579,0.3228,-8.0698,-3.2753,-5.5694,-4.3086,0,0,0,NaN,NaN,NaN,NaN,NaN,NaN,NaN,NaN,NaN,47.786,0.024486,2829.5,0.0064211,NaN,NaN,NaN,NaN,13.349,97098,10.25,-0.79867,0.29735,-7.8909,-3.3841,-6.5067,-4.9931,NaN,NaN,NaN,NaN,NaN
542.21,-2.1717,5.2521,9.5705,-1.1319,0.037766,-8.7273,-3.8768,-2.9919,-5.0164,0.36889,0.11904,-1.0742,NaN,NaN,NaN,NaN,NaN,NaN,NaN,NaN,NaN,47.786,0.024486,2829.5,0.0064211,NaN,NaN,NaN,NaN,NaN,-1,-1,-0.79545,0.2899,-7.874,-3.358,-6.45,-4.9173,NaN,NaN,NaN,NaN,NaN
542.21,-2.1815,5.2327,9.5593,-0.74999,0.78637,-6.9517,-3.9881,-7.7139,-4.9136,0,0,0,NaN,NaN,NaN,NaN,NaN,NaN,NaN,NaN,NaN,47.786,0.024486,2829.5,0.0064211,NaN,NaN,NaN,NaN,13.32,97075,10.188,-0.79056,0.29353,-7.8613,-3.3616,-6.4085,-4.8424,NaN,NaN,NaN,NaN,NaN
542.22,-2.1906,5.219,9.548,-0.5355,-0.19232,-10.054,-3.6743,-5.3878,-4.8702,0,0,0,NaN,NaN,NaN,NaN,NaN,NaN,NaN,NaN,NaN,47.786,0.024486,2829.5,0.0064211,NaN,NaN,NaN,NaN,13.351,97107,10.313,-0.78464,0.29581,-7.7916,-3.375,-6.3061,-4.7598,NaN,NaN,NaN,NaN,NaN
542.22,-2.2089,5.1892,9.5268,-0.97637,0.6819,-7.4192,-3.1709,-9.1339,-4.4798,0.37091,0.11191,-1.0718,NaN,NaN,NaN,NaN,NaN,NaN,NaN,NaN,NaN,47.786,0.024486,2829.5,0.0064211,NaN,NaN,NaN,NaN,NaN,-1,-1,-0.78611,0.30173,-7.7975,-3.3655,-6.2495,-4.6822,NaN,NaN,NaN,NaN,NaN
542.22,-2.2167,5.1717,9.5156,-1.2424,-0.098545,-11.083,-3.1855,-6.9181,-4.8988,0,0,0,NaN,NaN,NaN,NaN,NaN,NaN,NaN,NaN,NaN,47.786,0.024486,2829.5,0.0064211,NaN,NaN,NaN,NaN,13.349,97080,10.188,-0.78637,0.29983,-7.796,-3.3678,-6.2937,-4.6263,NaN,NaN,NaN,NaN,NaN
542.22,-2.2321,5.1499,9.4929,-0.12471,1.3663,-6.3425,-2.8509,-7.3454,-4.8279,0,0,0,NaN,NaN,NaN,NaN,NaN,NaN,NaN,NaN,NaN,47.786,0.024486,2829.5,0.0064211,0.98002,2.9403,0.63899,0.092398,13.108,97062,10.125,-0.78212,0.30419,-7.7923,-3.3402,-6.2201,-4.581,NaN,NaN,NaN,NaN,NaN
542.23,-2.2387,5.1288,9.4814,-1.2285,-0.40153,-9.5951,-2.7564,-8.3882,-4.9283,0.36848,0.10953,-1.072,NaN,NaN,NaN,NaN,NaN,NaN,NaN,NaN,NaN,47.786,0.024486,2829.5,0.0064211,0.98002,2.9403,0.63899,0.092398,NaN,-1,-1,-0.78288,0.29867,-7.799,-3.2756,-6.2679,-4.5318,NaN,NaN,NaN,NaN,NaN
542.23,-2.2566,5.108,9.4592,0.020266,1.0712,-5.8871,-3.8445,-5.9396,-4.5777,0,0,0,NaN,NaN,NaN,NaN,NaN,NaN,NaN,NaN,NaN,47.786,0.024486,2829.5,0.0064211,NaN,NaN,NaN,NaN,NaN,-1,-1,-0.78382,0.28779,-7.7411,-3.234,-6.2981,-4.4882,NaN,NaN,NaN,NaN,NaN
542.23,-2.2651,5.0875,9.4487,-1.3122,0.60544,-9.0177,-3.502,-8.1393,-4.6589,0,0,0,NaN,NaN,NaN,NaN,NaN,NaN,NaN,NaN,NaN,47.786,0.024486,2829.5,0.0064211,NaN,NaN,NaN,NaN,NaN,-1,-1,-0.78096,0.29899,-7.7415,-3.2143,-6.1865,-4.4276,NaN,NaN,NaN,NaN,NaN
542.23,-2.2844,5.0667,9.4264,-0.35741,0.81548,-5.2284,-4.221,-6.4504,-4.6453,0,0,0,NaN,NaN,NaN,NaN,NaN,NaN,NaN,NaN,NaN,47.786,0.024486,2829.5,0.0064211,0.97236,NaN,0.72053,NaN,13.349,97076,10.188,-0.78623,0.30205,-7.7809,-3.1563,-6.4001,-4.3624,NaN,NaN,NaN,NaN,NaN
542.24,-2.2943,5.0484,9.4158,-0.73036,-0.072105,-10.129,-4.0555,-7.2397,-4.6599,0,0,0,NaN,NaN,NaN,NaN,NaN,NaN,NaN,NaN,NaN,47.786,0.024486,2829.5,0.0064211,NaN,2.8359,NaN,0.044118,NaN,-1,-1,-0.78791,0.30319,-7.7824,-3.1364,-6.3206,-4.2947,NaN,NaN,NaN,NaN,NaN
542.24,-2.3117,5.0252,9.3941,-0.81925,0.26733,-6.7612,-3.5645,-6.445,-4.5321,0.37322,0.11934,-1.0671,NaN,NaN,NaN,NaN,NaN,NaN,NaN,NaN,NaN,47.786,0.024486,2829.5,0.0064211,NaN,NaN,NaN,NaN,NaN,-1,-1,-0.78613,0.28787,-7.7945,-3.118,-6.3148,-4.256,NaN,NaN,NaN,NaN,NaN
542.24,-2.3198,5.0028,9.3843,-0.79836,0.15809,-9.2241,-3.3791,-8.9153,-4.422,0,0,0,NaN,NaN,NaN,NaN,NaN,NaN,NaN,NaN,NaN,47.786,0.024486,2829.5,0.0064211,NaN,NaN,NaN,NaN,13.231,97047,10.125,-0.78799,0.29045,-7.8084,-3.1111,-6.3199,-4.2066,NaN,NaN,NaN,NaN,NaN
542.24,-2.336,4.9851,9.3623,-0.45927,1.3751,-6.5317,-3.0399,-4.698,-4.6115,0,0,0,NaN,NaN,NaN,NaN,NaN,NaN,NaN,NaN,NaN,47.786,0.024486,2829.5,0.0064211,NaN,NaN,NaN,NaN,NaN,-1,-1,-0.78788,0.29561,-7.8088,-3.09,-6.2805,-4.1681,NaN,NaN,NaN,NaN,NaN
542.25,-2.3425,4.9616,9.3511,-0.65509,-0.084324,-7.6365,-2.7041,-9.3499,-4.8767,0.36868,0.11182,-1.0742,NaN,NaN,NaN,NaN,NaN,NaN,NaN,NaN,NaN,47.786,0.024486,2829.5,0.0064211,NaN,NaN,NaN,NaN,13.261,97110,10.313,-0.78708,0.29839,-7.8135,-3.0641,-6.1981,-4.1317,NaN,NaN,NaN,NaN,NaN
542.25,-2.3578,4.94,9.3313,-0.25537,1.0029,-6.1418,-3.3142,-4.3095,-4.0672,0,0,0,NaN,NaN,NaN,NaN,NaN,NaN,NaN,NaN,NaN,47.786,0.024486,2829.5,0.0064211,NaN,NaN,NaN,NaN,NaN,-1,-1,-0.79164,0.30391,-7.8106,-3.0075,-6.2526,-4.0841,NaN,NaN,NaN,NaN,NaN
542.25,-2.3649,4.9197,9.3224,-0.87618,0.2018,-8.776,-3.0457,-8.095,-4.0139,0,0,0,NaN,NaN,NaN,NaN,NaN,NaN,NaN,NaN,NaN,47.786,0.024486,2829.5,0.0064211,NaN,NaN,NaN,NaN,NaN,-1,-1,-0.7859,0.30394,-7.8071,-2.9743,-6.2745,-4.0388,NaN,NaN,NaN,NaN,NaN
542.25,0,0,0,0,0,0,0,0,0,0,0,0,NaN,NaN,NaN,NaN,NaN,NaN,NaN,NaN,NaN,47.786,0.024486,2829.5,0.0064211,NaN,NaN,NaN,NaN,13.32,97095,10.25,-0.78751,0.29206,-7.8078,-2.9514,-6.0153,-4.0049,NaN,NaN,NaN,NaN,NaN
542.26,-2.3726,4.9092,9.3123,-1.5324,0.26224,-8.7283,-3.2327,-4.1517,-4.2312,0.3687,0.12169,-1.0697,NaN,NaN,NaN,NaN,NaN,NaN,NaN,NaN,NaN,47.786,0.024486,2829.5,0.0064211,NaN,NaN,NaN,NaN,NaN,-1,-1,-0.79663,0.28759,-7.7985,-2.8925,-6.1284,-3.9864,NaN,NaN,NaN,NaN,NaN
542.26,-2.3824,4.8963,9.3018,-0.45321,0.7838,-6.2581,-4.0658,-5.0936,-4.5215,0,0,0,NaN,NaN,NaN,NaN,NaN,NaN,NaN,NaN,NaN,47.786,0.024486,2829.5,0.0064211,0.98988,2.9438,0.65968,0.057436,13.081,97109,10.313,-0.79356,0.29792,-7.8002,-2.86,-6.0642,-3.9875,NaN,NaN,NaN,NaN,NaN
542.26,-2.4082,4.8514,9.2707,-1.0912,0.13295,-7.4018,-3.5469,-5.9526,-4.718,0.38051,0.12152,-1.0687,NaN,NaN,NaN,NaN,NaN,NaN,NaN,NaN,NaN,47.786,0.024486,2829.5,0.0064211,NaN,NaN,NaN,NaN,NaN,-1,-1,-0.7976,0.29606,-7.8059,-2.8524,-5.8407,-3.9679,NaN,NaN,NaN,NaN,NaN
542.26,0,0,0,0,0,0,0,0,0,0,0,0,NaN,NaN,NaN,NaN,NaN,NaN,NaN,NaN,NaN,47.786,0.024486,2829.5,0.0064211,NaN,NaN,NaN,NaN,13.29,97078,10.188,-0.79655,0.30261,-7.7809,-2.813,-5.952,-3.9506,NaN,NaN,NaN,NaN,NaN
542.27,-2.4164,4.8321,9.2614,-0.59973,-0.013311,-7.5293,-3.4316,-7.656,-4.2021,0,0,0,NaN,NaN,NaN,NaN,NaN,NaN,NaN,NaN,NaN,47.786,0.024486,2829.5,0.0064211,NaN,NaN,NaN,NaN,NaN,-1,-1,-0.79091,0.29671,-7.7761,-2.7768,-5.8328,-3.9252,NaN,NaN,NaN,NaN,NaN
542.27,-2.4233,4.8207,9.2515,-1.1256,0.26095,-9.5729,-2.9163,-4.4851,-4.2919,0,0,0,NaN,NaN,NaN,NaN,NaN,NaN,NaN,NaN,NaN,47.786,0.024486,2829.5,0.0064211,0.95155,2.9331,0.62803,0.11238,13.348,97084,10.188,-0.79432,0.28943,-7.7701,-2.7788,-5.5934,-3.9291,NaN,NaN,NaN,NaN,NaN
542.27,-2.4351,4.7868,9.2291,-0.043189,0.30571,-7.1574,-2.4769,-9.2435,-4.7325,0.38941,0.10707,-1.0657,NaN,NaN,NaN,NaN,NaN,NaN,NaN,NaN,NaN,47.786,0.024486,2829.5,0.0064211,NaN,NaN,NaN,NaN,NaN,-1,-1,-0.78742,0.29728,-7.7443,-2.7607,-5.5936,-3.9286,NaN,NaN,NaN,NaN,NaN
542.27,-2.4421,4.7734,9.2185,-1.2603,-0.8415,-9.7311,-2.9258,-5.2563,-4.611,0,0,0,NaN,NaN,NaN,NaN,NaN,NaN,NaN,NaN,NaN,47.63,0,2809.5,0.0069644,NaN,NaN,NaN,NaN,13.408,97083,10.188,-0.78688,0.29498,-7.7433,-2.7424,-5.4219,-3.9212,NaN,NaN,NaN,NaN,NaN
542.28,-2.4543,4.7445,9.1993,-0.49265,0.38955,-8.0873,-2.2204,-8.305,-4.0805,0,0,0,NaN,NaN,NaN,NaN,NaN,NaN,NaN,NaN,NaN,47.63,0,2809.5,0.0069644,NaN,NaN,NaN,NaN,NaN,-1,-1,-0.79208,0.2942,-7.7435,-2.7267,-5.589,-3.9112,NaN,NaN,NaN,NaN,NaN
542.28,-2.4946,4.6794,9.2426,-1.2624,0.75989,-8.0757,-2.8418,-5.3454,-3.9739,0.37794,0.11927,-1.0667,NaN,NaN,NaN,NaN,NaN,NaN,NaN,NaN,NaN,47.63,0,2809.5,0.0069644,0.96469,2.9325,0.62681,0.10322,13.17,97076,10.188,-0.79075,0.29038,-7.7296,-2.7204,-5.6148,-3.9209,NaN,NaN,NaN,NaN,NaN
542.28,-2.5102,4.6512,9.2239,-0.75213,0.067646,-7.3685,-3.2782,-7.6661,-4.3201,0,0,0,NaN,NaN,NaN,NaN,NaN,NaN,NaN,NaN,NaN,47.63,0,2809.5,0.0069644,NaN,NaN,NaN,NaN,NaN,-1,-1,-0.79599,0.2835,-7.7292,-2.7165,-5.489,-3.926,NaN,NaN,NaN,NaN,NaN
542.28,-2.5177,4.6348,9.2144,-0.74854,0.33757,-8.8627,-3.1729,-6.5046,-4.2128,0,0,0,NaN,NaN,NaN,NaN,NaN,NaN,NaN,NaN,NaN,47.63,0,2809.5,0.0069644,NaN,NaN,NaN,NaN,NaN,-1,-1,-0.79188,0.28703,-7.7087,-2.7158,-5.6596,-3.935,NaN,NaN,NaN,NaN,NaN
542.29,-2.538,4.5865,9.1865,-1.1636,0.22649,-10.889,-2.8241,-6.8157,-4.0902,0,0,0,NaN,NaN,NaN,NaN,NaN,NaN,NaN,NaN,NaN,47.63,0,2809.5,0.0069644,NaN,NaN,NaN,NaN,13.348,97087,10.188,-0.78986,0.28,-7.6748,-2.7549,-5.7492,-3.9507,NaN,NaN,NaN,NaN,NaN
542.29,-2.5448,4.5807,9.1759,-0.84598,0.58195,-6.6115,-2.8577,-2.2301,-4.481,0,0,0,NaN,NaN,NaN,NaN,NaN,NaN,NaN,NaN,NaN,47.63,0,2809.5,0.0069644,1.02,NaN,0.70045,NaN,NaN,-1,-1,-0.79849,0.28382,-7.7328,-2.8037,-5.6971,-3.9602,NaN,NaN,NaN,NaN,NaN
542.29,-2.5566,4.5413,9.1555,-1.2572,-0.75766,-9.256,-2.5787,-8.0411,-4.6288,0,0,0,NaN,NaN,NaN,NaN,NaN,NaN,NaN,NaN,NaN,47.63,0,2809.5,0.0069644,NaN,2.84,NaN,0.010821,NaN,-1,-1,-0.79386,0.27222,-7.7468,-2.8664,-5.7471,-3.992,NaN,NaN,NaN,NaN,NaN
542.29,-2.564,4.5342,9.1464,-0.73301,-0.217,-8.1487,-3.1612,-2.7867,-3.9283,0,0,0,NaN,NaN,NaN,NaN,NaN,NaN,NaN,NaN,NaN,47.63,0,2809.5,0.0069644,NaN,NaN,NaN,NaN,13.229,97085,10.188,-0.79495,0.27354,-7.7291,-2.9138,-5.9081,-4.02,NaN,NaN,NaN,NaN,NaN
542.3,-2.5696,4.5167,9.137,-0.38052,0.86226,-7.0947,-2.4006,-6.9148,-4.2116,0,0,0,NaN,NaN,NaN,NaN,NaN,NaN,NaN,NaN,NaN,47.63,0,2809.5,0.0069644,NaN,NaN,NaN,NaN,NaN,-1,-1,-0.79234,0.27786,-7.7115,-2.975,-5.8652,-4.0613,NaN,NaN,NaN,NaN,NaN
542.3,-2.5758,4.4989,9.1273,-1.1939,0.30222,-7.919,-2.7355,-7.1106,-4.1296,0.38272,0.11174,-1.0707,NaN,NaN,NaN,NaN,NaN,NaN,NaN,NaN,NaN,47.63,0,2809.5,0.0069644,NaN,NaN,NaN,NaN,13.078,97065,10.125,-0.79193,0.2674,-7.7084,-3.0298,-6.0605,-4.0964,NaN,NaN,NaN,NaN,NaN
542.3,-2.5839,4.4873,9.1184,-1.154,0.20411,-9.1616,-3.4544,-4.591,-3.9305,0,0,0,NaN,NaN,NaN,NaN,NaN,NaN,NaN,NaN,NaN,47.63,0,2809.5,0.0069644,0.97728,2.8257,0.71932,0.045783,NaN,-1,-1,-0.79656,0.26274,-7.776,-3.0587,-6.0776,-4.1428,NaN,NaN,NaN,NaN,NaN
542.3,-2.5932,4.4718,9.1092,-0.62899,0.72975,-7.0119,-3.9028,-6.1229,-4.089,0,0,0,NaN,NaN,NaN,NaN,NaN,NaN,NaN,NaN,NaN,47.63,0,2809.5,0.0069644,NaN,NaN,NaN,NaN,13.287,97070,10.125,-0.79531,0.26912,-7.78,-3.0988,-6.2074,-4.1915,NaN,NaN,NaN,NaN,NaN
542.31,-2.6092,4.4436,9.0902,-0.94083,-0.009687,-6.7997,-3.4153,-4.9141,-4.1021,0.39452,0.10665,-1.0719,NaN,NaN,NaN,NaN,NaN,NaN,NaN,NaN,NaN,47.63,0,2809.5,0.0069644,NaN,NaN,NaN,NaN,NaN,-1,-1,-0.79797,0.2678,-7.7924,-3.1612,-6.269,-4.2246,NaN,NaN,NaN,NaN,NaN
542.31,-2.6166,4.4224,9.0816,-0.95746,0.30306,-8.1326,-3.171,-8.4427,-4.0057,0,0,0,NaN,NaN,NaN,NaN,NaN,NaN,NaN,NaN,NaN,47.63,0,2809.5,0.0069644,NaN,NaN,NaN,NaN,13.198,97065,10.125,-0.79538,0.26835,-7.7693,-3.2389,-6.4249,-4.2606,NaN,NaN,NaN,NaN,NaN
542.31,-2.6324,4.4004,9.0636,-0.63163,0.13344,-6.792,-3.3526,-2.9684,-4.0062,0,0,0,NaN,NaN,NaN,NaN,NaN,NaN,NaN,NaN,NaN,47.63,0,2809.5,0.0069644,0.99426,2.9432,0.66028,0.075749,NaN,-1,-1,-0.79768,0.26768,-7.7655,-3.2081,-6.1793,-4.1506,NaN,NaN,NaN,NaN,NaN
542.31,-2.6387,4.3812,9.0543,-0.53782,1.0225,-6.9143,-2.7701,-7.6701,-4.0071,0.38716,0.10205,-1.0703,NaN,NaN,NaN,NaN,NaN,NaN,NaN,NaN,NaN,47.63,0,2809.5,0.0069644,NaN,NaN,NaN,NaN,13.198,97068,10.125,-0.79305,0.26927,-7.765,-3.2896,-6.2256,-4.159,NaN,NaN,NaN,NaN,NaN
542.32,-2.6445,4.3606,9.045,-1.1495,-0.070349,-9.7515,-2.5375,-8.1616,-4.2475,0,0,0,NaN,NaN,NaN,NaN,NaN,NaN,NaN,NaN,NaN,47.63,0,2809.5,0.0069644,NaN,NaN,NaN,NaN,NaN,-1,-1,-0.79602,0.26552,-7.7655,-3.4191,-6.3053,-4.1848,NaN,NaN,NaN,NaN,NaN
542.32,-2.6524,4.3547,9.0351,-0.6714,-0.75917,-7.5788,-3.3269,-2.2832,-4.2316,0,0,0,NaN,NaN,NaN,NaN,NaN,NaN,NaN,NaN,NaN,47.63,0,2809.5,0.0069644,NaN,NaN,NaN,NaN,NaN,-1,-1,-0.79965,0.25801,-7.7685,-3.5416,-6.1991,-4.2154,NaN,NaN,NaN,NaN,NaN
542.32,-2.6607,4.3359,9.0265,-0.15394,0.72805,-6.024,-3.5252,-7.4325,-3.9233,0,0,0,NaN,NaN,NaN,NaN,NaN,NaN,NaN,NaN,NaN,47.63,0,2809.5,0.0069644,NaN,NaN,NaN,NaN,13.349,97056,10.125,-0.80089,0.25017,-7.7809,-3.5338,-6.0252,-4.0716,NaN,NaN,NaN,NaN,NaN
542.32,-2.668,4.3146,9.0181,-1.3979,0.51206,-10.262,-3.156,-8.4573,-3.7834,0.38732,0.11674,-1.0658,NaN,NaN,NaN,NaN,NaN,NaN,NaN,NaN,NaN,47.63,0,2809.5,0.0069644,0.96579,2.9373,0.63412,0.099057,NaN,-1,-1,-0.80331,0.26091,-7.7584,-3.6125,-5.9934,-4.0555,NaN,NaN,NaN,NaN,NaN
542.33,-2.687,4.294,9.0004,-0.27702,0.55686,-5.2965,-4.1973,-6.0727,-3.9165,0,0,0,NaN,NaN,NaN,NaN,NaN,NaN,NaN,NaN,NaN,47.63,0,2809.5,0.0069644,NaN,NaN,NaN,NaN,13.137,97071,10.125,-0.79773,0.26421,-7.7645,-3.6676,-5.9206,-4.0608,NaN,NaN,NaN,NaN,NaN
542.33,-2.6973,4.2706,8.9913,-0.9117,-0.000192,-9.754,-4.327,-9.3037,-4.2259,0,0,0,NaN,NaN,NaN,NaN,NaN,NaN,NaN,NaN,NaN,47.63,0,2809.5,0.0069644,NaN,NaN,NaN,NaN,NaN,-1,-1,-0.79824,0.24785,-7.7746,-3.6948,-6.1473,-4.0712,NaN,NaN,NaN,NaN,NaN
542.33,-2.7068,4.2626,8.9817,-1.2379,0.032002,-8.6115,-4.0708,-3.1544,-4.0311,0.39198,0.11426,-1.0654,NaN,NaN,NaN,NaN,NaN,NaN,NaN,NaN,NaN,47.63,0,2809.5,0.0069644,NaN,NaN,NaN,NaN,NaN,-1,-1,-0.79525,0.25151,-7.7671,-3.7389,-6.0755,-4.0769,NaN,NaN,NaN,NaN,NaN
542.33,-2.7164,4.2496,8.9728,-0.44799,0.11096,-5.8033,-4.0351,-5.1395,-3.9613,0,0,0,NaN,NaN,NaN,NaN,NaN,NaN,NaN,NaN,NaN,47.63,0,2809.5,0.0069644,NaN,NaN,NaN,NaN,13.112,97085,10.25,-0.79172,0.25637,-7.7543,-3.7659,-6.1384,-4.065,NaN,NaN,NaN,NaN,NaN
542.34,-2.7253,4.2226,8.964,-0.85116,0.23643,-8.2574,-3.7832,-10.739,-4.1871,0,0,0,NaN,NaN,NaN,NaN,NaN,NaN,NaN,NaN,NaN,47.63,0,2809.5,0.0069644,NaN,NaN,NaN,NaN,NaN,-1,-1,-0.7955,0.24617,-7.7627,-3.816,-6.2298,-4.0527,NaN,NaN,NaN,NaN,NaN
542.34,-2.734,4.2135,8.9538,-1.4226,-0.070549,-10.544,-3.648,-3.5305,-4.3933,0,0,0,NaN,NaN,NaN,NaN,NaN,NaN,NaN,NaN,NaN,47.63,0,2809.5,0.0069644,NaN,NaN,NaN,NaN,NaN,-1,-1,-0.80227,0.24116,-7.772,-3.8925,-6.2596,-4.0554,NaN,NaN,NaN,NaN,NaN
542.34,-2.7427,4.2055,8.9442,-0.6282,1.091,-5.8683,-3.6967,-3.1451,-4.0198,0.38915,0.10732,-1.0612,NaN,NaN,NaN,NaN,NaN,NaN,NaN,NaN,NaN,47.63,0,2809.5,0.0069644,NaN,NaN,NaN,NaN,13.14,97073,10.188,-0.79638,0.2565,-7.7482,-3.9733,-6.2452,-4.0408,NaN,NaN,NaN,NaN,NaN
542.34,-2.7503,4.1804,8.9347,-0.18533,0.52928,-7.178,-3.2467,-9.9331,-4.4438,0,0,0,NaN,NaN,NaN,NaN,NaN,NaN,NaN,NaN,NaN,47.63,0,2809.5,0.0069644,NaN,NaN,NaN,NaN,NaN,-1,-1,-0.79806,0.2494,-7.7728,-4.0374,-6.4294,-4.0247,NaN,NaN,NaN,NaN,NaN
542.35,-2.7592,4.1655,8.926,-1.3674,-1.1881,-9.5428,-3.7935,-5.8975,-3.9268,0,0,0,NaN,NaN,NaN,NaN,NaN,NaN,NaN,NaN,NaN,47.63,0,2809.5,0.0069644,NaN,NaN,NaN,NaN,13.261,97090,10.25,-0.79969,0.23524,-7.7562,-4.1109,-6.3318,-4.0266,NaN,NaN,NaN,NaN,NaN
542.35,-2.7701,4.1572,8.9163,-0.35554,0.37023,-7.2236,-4.5354,-3.2349,-4.1917,0,0,0,NaN,NaN,NaN,NaN,NaN,NaN,NaN,NaN,NaN,47.63,0,2809.5,0.0069644,0.97619,NaN,0.64811,NaN,NaN,-1,-1,-0.80339,0.23137,-7.7573,-4.1808,-6.3144,-4.0256,NaN,NaN,NaN,NaN,NaN
542.35,-2.7794,4.1353,8.9078,-0.75141,0.7716,-8.2582,-4.0284,-8.7456,-3.7799,0.39435,0.11916,-1.063,NaN,NaN,NaN,NaN,NaN,NaN,NaN,NaN,NaN,47.63,0,2809.5,0.0069644,NaN,2.9552,NaN,0.063263,NaN,-1,-1,-0.8056,0.22861,-7.7722,-4.2343,-6.2987,-4.0123,NaN,NaN,NaN,NaN,NaN
542.35,-2.7897,4.1235,8.899,-1.4041,0.23633,-7.7132,-4.3312,-4.641,-3.9209,0,0,0,NaN,NaN,NaN,NaN,NaN,NaN,NaN,NaN,NaN,47.63,0,2809.5,0.0069644,NaN,NaN,NaN,NaN,13.171,97089,10.25,-0.80183,0.23197,-7.7659,-4.246,-6.3478,-4.0181,NaN,NaN,NaN,NaN,NaN
542.36,-2.8019,4.1088,8.8904,-0.62604,0.41059,-7.6076,-5.1145,-5.805,-3.86,0,0,0,NaN,NaN,NaN,NaN,NaN,NaN,NaN,NaN,NaN,47.63,0,2809.5,0.0069644,NaN,NaN,NaN,NaN,NaN,-1,-1,-0.80017,0.23057,-7.7742,-4.2793,-6.3181,-4.0166,NaN,NaN,NaN,NaN,NaN
542.36,-2.8132,4.0898,8.8811,-0.80089,0.64354,-8.5533,-4.739,-7.5071,-4.2371,0,0,0,NaN,NaN,NaN,NaN,NaN,NaN,NaN,NaN,NaN,47.63,0,2809.5,0.0069644,NaN,NaN,NaN,NaN,NaN,-1,-1,-0.80304,0.21577,-7.7812,-4.32,-6.3793,-4.0018,NaN,NaN,NaN,NaN,NaN
542.36,-2.8251,4.0776,8.8718,-1.037,-0.26709,-8.1192,-4.9826,-4.7798,-4.04,0.39191,0.11186,-1.0654,NaN,NaN,NaN,NaN,NaN,NaN,NaN,NaN,NaN,47.63,0,2809.5,0.0069644,NaN,NaN,NaN,NaN,13.11,97074,10.188,-0.79107,0.22702,-7.7545,-4.3609,-6.3572,-3.9928,NaN,NaN,NaN,NaN,NaN
542.36,-2.8359,4.0632,8.8631,-0.72814,-0.052154,-6.5412,-4.5482,-5.6765,-3.9176,0,0,0,NaN,NaN,NaN,NaN,NaN,NaN,NaN,NaN,NaN,47.63,0,2809.5,0.0069644,0.97674,2.8287,0.71506,0.038291,NaN,-1,-1,-0.79419,0.21958,-7.7814,-4.3882,-6.2508,-3.9807,NaN,NaN,NaN,NaN,NaN
542.37,-2.8468,4.0391,8.8552,-0.84011,0.32952,-7.9801,-4.6173,-9.577,-3.8001,0,0,0,NaN,NaN,NaN,NaN,NaN,NaN,NaN,NaN,NaN,47.63,0,2809.5,0.0069644,NaN,NaN,NaN,NaN,13.079,97077,10.188,-0.80565,0.20817,-7.7871,-4.4233,-6.4371,-3.9726,NaN,NaN,NaN,NaN,NaN
542.37,-2.857,4.0281,8.846,-1.2114,-0.02531,-10.302,-4.3155,-4.3457,-4.0335,0,0,0,NaN,NaN,NaN,NaN,NaN,NaN,NaN,NaN,NaN,47.63,0,2809.5,0.0069644,NaN,NaN,NaN,NaN,NaN,-1,-1,-0.79691,0.22413,-7.755,-4.4604,-6.3044,-3.9598,NaN,NaN,NaN,NaN,NaN
542.37,-2.8661,4.0192,8.8368,-0.71086,0.5737,-6.2403,-3.9008,-3.5052,-3.8571,0.39495,0.12602,-1.0696,NaN,NaN,NaN,NaN,NaN,NaN,NaN,NaN,NaN,47.63,0,2809.5,0.0069644,NaN,NaN,NaN,NaN,NaN,-1,-1,-0.79969,0.22716,-7.7848,-4.4866,-6.431,-3.9476,NaN,NaN,NaN,NaN,NaN
542.37,-2.8749,3.9941,8.8284,-0.41474,1.0386,-6.7122,-3.7442,-9.9743,-4.0128,0,0,0,NaN,NaN,NaN,NaN,NaN,NaN,NaN,NaN,NaN,47.835,0,2773.8,0.0069644,NaN,NaN,NaN,NaN,13.108,97067,10.125,-0.80507,0.21449,-7.7814,-4.4903,-6.532,-3.9455,NaN,NaN,NaN,NaN,NaN
542.38,-2.8838,3.9795,8.8192,-0.95536,-0.81767,-10.138,-3.7769,-5.7412,-4.1464,0,0,0,NaN,NaN,NaN,NaN,NaN,NaN,NaN,NaN,NaN,47.835,0,2773.8,0.0069644,NaN,NaN,NaN,NaN,NaN,-1,-1,-0.79644,0.20896,-7.7598,-4.5116,-6.3708,-3.9359,NaN,NaN,NaN,NaN,NaN
542.38,-2.905,3.9502,8.8017,-0.35838,0.74035,-7.3822,-4.3293,-8.8686,-4.0931,0.3876,0.12143,-1.068,NaN,NaN,NaN,NaN,NaN,NaN,NaN,NaN,NaN,47.835,0,2773.8,0.0069644,NaN,NaN,NaN,NaN,NaN,-1,-1,-0.79608,0.20906,-7.7675,-4.5225,-6.4334,-3.9302,NaN,NaN,NaN,NaN,NaN
542.38,-2.9159,3.9319,8.7942,-1.2603,0.4648,-8.7308,-4.6302,-7.2852,-3.5051,0,0,0,NaN,NaN,NaN,NaN,NaN,NaN,NaN,NaN,NaN,47.835,0,2773.8,0.0069644,NaN,NaN,NaN,NaN,13.11,97076,10.188,-0.80202,0.20671,-7.7888,-4.5332,-6.3625,-3.9133,NaN,NaN,NaN,NaN,NaN
542.38,-2.928,3.9242,8.7855,-1.0287,0.2779,-8.5031,-5.1016,-2.9665,-3.7856,0,0,0,NaN,NaN,NaN,NaN,NaN,NaN,NaN,NaN,NaN,47.835,0,2773.8,0.0069644,NaN,NaN,NaN,NaN,NaN,-1,-1,-0.80018,0.21204,-7.7785,-4.5461,-6.3374,-3.9028,NaN,NaN,NaN,NaN,NaN
542.39,-2.9403,3.9041,8.7772,-0.75845,0.57761,-6.2009,-5.1543,-7.9763,-3.8818,0,0,0,NaN,NaN,NaN,NaN,NaN,NaN,NaN,NaN,NaN,47.835,0,2773.8,0.0069644,NaN,NaN,NaN,NaN,13.203,97100,10.313,-0.7956,0.21904,-7.7685,-4.552,-6.49,-3.9015,NaN,NaN,NaN,NaN,NaN
542.39,-2.9521,3.8854,8.7685,-0.57359,-0.23588,-9.2697,-5.0063,-7.4524,-3.91,0.3849,0.1193,-1.0638,NaN,NaN,NaN,NaN,NaN,NaN,NaN,NaN,NaN,47.835,0,2773.8,0.0069644,0.95976,2.9409,0.63716,0.087403,NaN,-1,-1,-0.79585,0.21319,-7.7893,-4.5564,-6.2914,-3.8795,NaN,NaN,NaN,NaN,NaN
542.39,-2.9638,3.8761,8.7599,-0.95913,-0.018243,-7.2832,-4.9277,-3.6315,-3.7569,0,0,0,NaN,NaN,NaN,NaN,NaN,NaN,NaN,NaN,NaN,47.835,0,2773.8,0.0069644,NaN,NaN,NaN,NaN,NaN,-1,-1,-0.79126,0.20719,-7.7734,-4.5688,-6.2057,-3.8661,NaN,NaN,NaN,NaN,NaN
542.39,-2.9746,3.8565,8.7523,-1.0505,0.31035,-6.5713,-4.6123,-7.7601,-3.5982,0,0,0,NaN,NaN,NaN,NaN,NaN,NaN,NaN,NaN,NaN,47.835,0,2773.8,0.0069644,NaN,NaN,NaN,NaN,13.142,97128,10.375,-0.78905,0.20581,-7.7699,-4.567,-6.3899,-3.8593,NaN,NaN,NaN,NaN,NaN
542.4,-2.9849,3.8349,8.7438,-0.77334,0.02133,-10.084,-4.3783,-8.5579,-4.0047,0,0,0,NaN,NaN,NaN,NaN,NaN,NaN,NaN,NaN,NaN,47.835,0,2773.8,0.0069644,NaN,NaN,NaN,NaN,NaN,-1,-1,-0.79473,0.19982,-7.788,-4.5648,-6.2167,-3.8596,NaN,NaN,NaN,NaN,NaN
542.4,-2.9955,3.8274,8.7345,-0.97179,0.077218,-7.4241,-4.4551,-2.9342,-3.9465,0.38699,0.11457,-1.0614,NaN,NaN,NaN,NaN,NaN,NaN,NaN,NaN,NaN,47.835,0,2773.8,0.0069644,NaN,NaN,NaN,NaN,NaN,-1,-1,-0.79094,0.21856,-7.7736,-4.5521,-6.0577,-3.8496,NaN,NaN,NaN,NaN,NaN
542.4,-3.0049,3.8121,8.7261,-0.53732,1.3267,-6.7234,-4.0391,-6.0391,-3.8249,0,0,0,NaN,NaN,NaN,NaN,NaN,NaN,NaN,NaN,NaN,47.835,0,2773.8,0.0069644,0.98112,2.8156,0.7114,0.049945,13.016,97073,10.125,-0.7929,0.21927,-7.7983,-4.5423,-6.1225,-3.8619,NaN,NaN,NaN,NaN,NaN
542.4,-3.0132,3.7879,8.7173,-0.89366,-0.006614,-8.4237,-3.563,-9.5691,-4.1802,0,0,0,NaN,NaN,NaN,NaN,NaN,NaN,NaN,NaN,NaN,47.835,0,2773.8,0.0069644,0.98112,2.8156,0.7114,0.049945,NaN,-1,-1,-0.794,0.20757,-7.7764,-4.5268,-6.0912,-3.844,NaN,NaN,NaN,NaN,NaN
542.41,-3.0236,3.7771,8.7085,-0.87331,-0.95075,-8.9191,-4.3945,-4.2189,-3.9191,0,0,0,NaN,NaN,NaN,NaN,NaN,NaN,NaN,NaN,NaN,47.835,0,2773.8,0.0069644,NaN,NaN,NaN,NaN,13.114,97116,10.375,-0.79084,0.20211,-7.7651,-4.5098,-6.0285,-3.8387,NaN,NaN,NaN,NaN,NaN
542.41,-3.0347,3.7625,8.7003,-0.11913,0.6444,-6.2093,-4.7398,-5.8145,-3.5915,0.39442,0.12157,-1.063,NaN,NaN,NaN,NaN,NaN,NaN,NaN,NaN,NaN,47.835,0,2773.8,0.0069644,NaN,NaN,NaN,NaN,NaN,-1,-1,-0.79365,0.20408,-7.7865,-4.4709,-6.0617,-3.8247,NaN,NaN,NaN,NaN,NaN
542.41,-3.0445,3.7405,8.6926,-1.0608,0.63514,-9.1253,-4.1969,-8.7571,-3.696,0,0,0,NaN,NaN,NaN,NaN,NaN,NaN,NaN,NaN,NaN,47.835,0,2773.8,0.0069644,NaN,NaN,NaN,NaN,NaN,-1,-1,-0.78795,0.19842,-7.7697,-4.5479,-6.1829,-3.9129,NaN,NaN,NaN,NaN,NaN
542.41,-3.0552,3.7318,8.6838,-1.2791,0.2525,-7.9158,-4.538,-3.3748,-3.86,0,0,0,NaN,NaN,NaN,NaN,NaN,NaN,NaN,NaN,NaN,47.835,0,2773.8,0.0069644,NaN,NaN,NaN,NaN,12.959,97091,10.25,-0.78817,0.20837,-7.7643,-4.5115,-6.1839,-3.8716,NaN,NaN,NaN,NaN,NaN
542.42,-3.0671,3.7142,8.6755,-0.45408,0.62931,-6.5389,-5.0402,-6.9442,-3.8231,0,0,0,NaN,NaN,NaN,NaN,NaN,NaN,NaN,NaN,NaN,47.835,0,2773.8,0.0069644,0.96195,NaN,0.63107,NaN,NaN,-1,-1,-0.78842,0.21385,-7.7804,-4.4583,-6.1096,-3.8471,NaN,NaN,NaN,NaN,NaN
542.42,-3.0791,3.693,8.667,-0.90685,0.049041,-9.6106,-5.058,-8.3876,-3.9407,0.39212,0.11908,-1.0654,NaN,NaN,NaN,NaN,NaN,NaN,NaN,NaN,NaN,47.835,0,2773.8,0.0069644,NaN,NaN,NaN,NaN,12.986,97070,10.125,-0.78504,0.19465,-7.7956,-4.4119,-5.9683,-3.8132,NaN,NaN,NaN,NaN,NaN
542.42,-3.0898,3.685,8.6586,-0.93946,-0.32524,-7.683,-4.5264,-3.1113,-3.7101,0,0,0,NaN,NaN,NaN,NaN,NaN,NaN,NaN,NaN,NaN,47.835,0,2773.8,0.0069644,NaN,NaN,NaN,NaN,NaN,-1,-1,-0.79063,0.18595,-7.7952,-4.3784,-5.8677,-3.7744,NaN,NaN,NaN,NaN,NaN
542.42,-3.1004,3.668,8.6503,-0.40744,0.23941,-5.8368,-4.5161,-6.7486,-3.8192,0,0,0,NaN,NaN,NaN,NaN,NaN,NaN,NaN,NaN,NaN,47.835,0,2773.8,0.0069644,NaN,NaN,NaN,NaN,12.956,97065,10.125,-0.78589,0.20243,-7.7884,-4.4468,-6.1233,-3.8349,NaN,NaN,NaN,NaN,NaN
542.43,-3.1192,3.634,8.6335,-1.1062,0.047865,-9.9168,-4.0079,-3.184,-3.7827,0.39895,0.12416,-1.0581,NaN,NaN,NaN,NaN,NaN,NaN,NaN,NaN,NaN,47.835,0,2773.8,0.0069644,NaN,NaN,NaN,NaN,NaN,-1,-1,-0.78912,0.20463,-7.799,-4.3785,-5.8836,-3.7791,NaN,NaN,NaN,NaN,NaN
542.43,-3.1287,3.6231,8.6252,-0.44919,1.1123,-6.2185,-4.0452,-4.255,-3.7153,0,0,0,NaN,NaN,NaN,NaN,NaN,NaN,NaN,NaN,NaN,47.835,0,2773.8,0.0069644,NaN,NaN,NaN,NaN,NaN,-1,-1,-0.79269,0.19921,-7.7938,-4.2948,-5.7979,-3.7161,NaN,NaN,NaN,NaN,NaN
542.43,-3.146,3.5828,8.6094,-1.1434,-0.75711,-10.112,-3.9457,-5.7509,-3.9679,0,0,0,NaN,NaN,NaN,NaN,NaN,NaN,NaN,NaN,NaN,47.835,0,2773.8,0.0069644,NaN,NaN,NaN,NaN,13.02,97091,10.25,-0.78835,0.20179,-7.7851,-4.2132,-5.7485,-3.6553,NaN,NaN,NaN,NaN,NaN
542.43,-3.1558,3.5737,8.6012,-0.4591,-0.005198,-6.5406,-4.2145,-3.5667,-3.5361,0.39713,0.13358,-1.0627,NaN,NaN,NaN,NaN,NaN,NaN,NaN,NaN,NaN,47.835,0,2773.8,0.0069644,NaN,NaN,NaN,NaN,13.234,97118,10.375,-0.78364,0.19842,-7.7943,-4.1114,-5.6978,-3.6036,NaN,NaN,NaN,NaN,NaN
542.44,-3.1639,3.551,8.5938,-0.59769,0.56489,-7.8988,-3.5431,-9.015,-3.6404,0,0,0,NaN,NaN,NaN,NaN,NaN,NaN,NaN,NaN,NaN,47.835,0,2773.8,0.0069644,NaN,NaN,NaN,NaN,NaN,-1,-1,-0.7867,0.19539,-7.7939,-4.0118,-5.8195,-3.566,NaN,NaN,NaN,NaN,NaN
542.44,-3.1739,3.5363,8.5862,-1.0242,0.4222,-8.8268,-4.281,-5.7915,-3.4889,0,0,0,NaN,NaN,NaN,NaN,NaN,NaN,NaN,NaN,NaN,47.835,0,2773.8,0.0069644,NaN,NaN,NaN,NaN,NaN,-1,-1,-0.78854,0.19457,-7.8003,-3.9369,-5.7676,-3.5107,NaN,NaN,NaN,NaN,NaN
542.44,-3.1848,3.5267,8.5785,-0.98848,0.14844,-7.557,-4.6408,-3.7524,-3.462,0,0,0,NaN,NaN,NaN,NaN,NaN,NaN,NaN,NaN,NaN,47.835,0,2773.8,0.0069644,0.97564,2.9355,0.64325,0.085738,NaN,-1,-1,-0.78299,0.20148,-7.7996,-3.8604,-5.6861,-3.4699,NaN,NaN,NaN,NaN,NaN
542.44,-3.1951,3.5062,8.5702,-0.83829,0.77024,-7.0868,-4.4466,-8.1196,-3.8906,0.38956,0.12176,-1.0612,6.9416,13.436,-0.52828,15.132,40.058,-88.549,3.6786e+05,4.4353e+06,313.02,47.835,0,2773.8,0.0069644,NaN,NaN,NaN,NaN,12.956,97085,10.188,-0.78154,0.21068,-7.7987,-3.8017,-5.6821,-3.4299,14.261,4.7761,1.6719,6.6865,18.398
542.45,-3.2047,3.4896,8.5626,-0.61121,-0.17544,-9.1579,-4.0964,-6.5648,-3.5486,0,0,0,NaN,NaN,NaN,NaN,NaN,NaN,NaN,NaN,NaN,47.835,0,2773.8,0.0069644,NaN,NaN,NaN,NaN,NaN,-1,-1,-0.77755,0.20962,-7.7716,-3.7372,-5.6965,-3.3929,NaN,NaN,NaN,NaN,NaN
542.45,-3.2142,3.4786,8.5547,-0.85584,0.037491,-7.0635,-4.1212,-4.3429,-3.5471,0,0,0,NaN,NaN,NaN,NaN,NaN,NaN,NaN,NaN,NaN,47.835,0,2773.8,0.0069644,NaN,NaN,NaN,NaN,13.049,97096,10.25,-0.77225,0.19759,-7.7855,-3.6881,-5.6625,-3.3457,NaN,NaN,NaN,NaN,NaN
542.45,-3.2229,3.4582,8.5473,-0.94182,0.31397,-7.1821,-3.7693,-8.0962,-3.5674,0,0,0,NaN,NaN,NaN,NaN,NaN,NaN,NaN,NaN,NaN,47.835,0,2773.8,0.0069644,0.96469,2.9438,0.64325,0.092398,NaN,-1,-1,-0.77284,0.1928,-7.7808,-3.6453,-5.6594,-3.2972,NaN,NaN,NaN,NaN,NaN
542.45,-3.2318,3.4405,8.5397,-0.95866,-0.23712,-9.5811,-3.8627,-6.9848,-3.5129,0.41548,0.119,-1.0588,NaN,NaN,NaN,NaN,NaN,NaN,NaN,NaN,NaN,47.835,0,2773.8,0.0069644,NaN,NaN,NaN,NaN,NaN,-1,-1,-0.76978,0.20837,-7.772,-3.5857,-5.7168,-3.2651,NaN,NaN,NaN,NaN,NaN
542.46,-3.2473,3.411,8.5252,-0.74642,1.1032,-7.533,-2.9208,-7.3879,-3.2558,0,0,0,NaN,NaN,NaN,NaN,NaN,NaN,NaN,NaN,NaN,47.835,0,2773.8,0.0069644,NaN,NaN,NaN,NaN,13.02,97086,10.25,-0.76133,0.21287,-7.6973,-3.5314,-5.7093,-3.235,NaN,NaN,NaN,NaN,NaN
542.46,-3.2545,3.3937,8.5174,-0.88381,-0.16981,-8.7698,-3.1631,-6.8208,-3.6457,0,0,0,NaN,NaN,NaN,NaN,NaN,NaN,NaN,NaN,NaN,47.835,0,2773.8,0.0069644,NaN,NaN,NaN,NaN,NaN,-1,-1,-0.77018,0.20385,-7.7066,-3.4897,-5.6874,-3.2054,NaN,NaN,NaN,NaN,NaN
542.46,-3.2629,3.382,8.5092,-0.69101,-0.64516,-7.7738,-3.7164,-4.6458,-3.542,0.40591,0.12418,-1.0552,NaN,NaN,NaN,NaN,NaN,NaN,NaN,NaN,NaN,47.835,0,2773.8,0.0069644,NaN,NaN,NaN,NaN,NaN,-1,-1,-0.76486,0.21219,-7.7042,-3.4153,-5.7567,-3.1827,NaN,NaN,NaN,NaN,NaN
542.46,-3.2714,3.3639,8.5022,-0.16727,0.71966,-6.8457,-3.7277,-7.1852,-3.3589,0,0,0,NaN,NaN,NaN,NaN,NaN,NaN,NaN,NaN,NaN,47.835,0,2773.8,0.0069644,NaN,NaN,NaN,NaN,12.864,97083,10.188,-0.75905,0.21091,-7.6908,-3.3581,-5.7789,-3.1573,NaN,NaN,NaN,NaN,NaN
542.47,0,0,0,0,0,0,0,0,0,0,0,0,NaN,NaN,NaN,NaN,NaN,NaN,NaN,NaN,NaN,47.835,0,2773.8,0.0069644,0.97619,2.8108,0.71262,0.056604,NaN,-1,-1,-0.75163,0.20613,-7.6372,-3.3054,-5.8068,-3.1456,NaN,NaN,NaN,NaN,NaN
542.47,-3.2874,3.3369,8.4872,-1.0836,0.27812,-7.3289,-3.7641,-3.6237,-3.4049,0,0,0,NaN,NaN,NaN,NaN,NaN,NaN,NaN,NaN,NaN,47.835,0,2773.8,0.0069644,NaN,NaN,NaN,NaN,NaN,-1,-1,-0.75838,0.21733,-7.6298,-3.2617,-5.872,-3.1282,NaN,NaN,NaN,NaN,NaN
542.47,-3.2966,3.3176,8.4803,-0.53506,0.60147,-6.5333,-3.9912,-7.6324,-3.2888,0.39646,0.12431,-1.0561,NaN,NaN,NaN,NaN,NaN,NaN,NaN,NaN,NaN,47.835,0,2773.8,0.0069644,NaN,NaN,NaN,NaN,12.957,97078,10.188,-0.75583,0.21092,-7.6619,-3.2028,-5.9053,-3.1167,NaN,NaN,NaN,NaN,NaN
542.47,-3.3062,3.2993,8.4732,-0.93777,0.039313,-10.1,-4.1661,-7.2465,-3.4088,0,0,0,NaN,NaN,NaN,NaN,NaN,NaN,NaN,NaN,NaN,47.835,0,2773.8,0.0069644,NaN,NaN,NaN,NaN,NaN,-1,-1,-0.75033,0.22556,-7.6275,-3.1695,-5.9884,-3.1132,NaN,NaN,NaN,NaN,NaN
542.48,-3.3226,3.2733,8.4583,-0.7455,-0.027621,-6.4103,-3.4056,-6.9745,-3.4563,0,0,0,NaN,NaN,NaN,NaN,NaN,NaN,NaN,NaN,NaN,47.835,0,2773.8,0.0069644,0.96743,NaN,0.71384,NaN,13.11,97072,10.188,-0.75503,0.21602,-7.6556,-3.1627,-6.0515,-3.1061,NaN,NaN,NaN,NaN,NaN
542.48,0,0,0,0,0,0,0,0,0,0,0,0,NaN,NaN,NaN,NaN,NaN,NaN,NaN,NaN,NaN,47.835,0,2773.8,0.0069644,NaN,2.8048,NaN,0.059101,NaN,-1,-1,-0.74544,0.22862,-7.6307,-3.1482,-6.0667,-3.0921,NaN,NaN,NaN,NaN,NaN
542.48,-3.3301,3.2494,8.4514,-0.89227,0.28004,-8.3631,-3.3594,-9.5454,-3.3726,0.41314,0.1289,-1.0546,NaN,NaN,NaN,NaN,NaN,NaN,NaN,NaN,NaN,47.835,0,2773.8,0.0069644,NaN,NaN,NaN,NaN,NaN,-1,-1,-0.75317,0.22136,-7.6584,-3.1324,-6.1866,-3.0904,NaN,NaN,NaN,NaN,NaN
542.48,-3.3376,3.2397,8.4436,-1.0546,-0.053267,-10.366,-3.2824,-3.7961,-3.4773,0,0,0,NaN,NaN,NaN,NaN,NaN,NaN,NaN,NaN,NaN,47.659,0,2743.8,0.0085978,NaN,NaN,NaN,NaN,12.927,97076,10.188,-0.7502,0.21832,-7.6393,-3.1256,-6.0631,-3.0889,NaN,NaN,NaN,NaN,NaN
542.49,-3.3507,3.2041,8.4288,-0.31382,0.63018,-7.1622,-2.8175,-9.486,-3.6634,0,0,0,NaN,NaN,NaN,NaN,NaN,NaN,NaN,NaN,NaN,47.659,0,2743.8,0.0085978,NaN,NaN,NaN,NaN,NaN,-1,-1,-0.75075,0.21806,-7.6544,-3.1187,-6.0642,-3.0778,NaN,NaN,NaN,NaN,NaN
542.49,-3.3579,3.1886,8.4207,-1.0373,-0.83966,-9.3061,-3.2,-6.0984,-3.6835,0.41514,0.11189,-1.0567,NaN,NaN,NaN,NaN,NaN,NaN,NaN,NaN,NaN,47.659,0,2743.8,0.0085978,NaN,NaN,NaN,NaN,NaN,-1,-1,-0.75176,0.22057,-7.6399,-3.1052,-6.1435,-3.0691,NaN,NaN,NaN,NaN,NaN
542.49,-3.3661,3.178,8.4134,-0.52048,0.11372,-7.4211,-3.5872,-4.1745,-3.3426,0,0,0,NaN,NaN,NaN,NaN,NaN,NaN,NaN,NaN,NaN,47.659,0,2743.8,0.0085978,0.9729,2.9373,0.64081,0.092398,12.96,97101,10.313,-0.75064,0.2137,-7.6454,-3.1245,-6.0338,-3.0709,NaN,NaN,NaN,NaN,NaN
542.49,-3.3731,3.157,8.4067,-0.52023,0.63314,-8.0034,-3.1452,-8.3325,-3.3167,0,0,0,NaN,NaN,NaN,NaN,NaN,NaN,NaN,NaN,NaN,47.659,0,2743.8,0.0085978,NaN,NaN,NaN,NaN,NaN,-1,-1,-0.74713,0.21648,-7.6065,-3.1095,-6.1411,-3.0552,NaN,NaN,NaN,NaN,NaN
542.5,-3.4312,3.0723,8.4554,-0.91447,0.4356,-8.3319,-3.782,-4.8731,-3.1351,0.42266,0.13117,-1.0537,NaN,NaN,NaN,NaN,NaN,NaN,NaN,NaN,NaN,47.659,0,2743.8,0.0085978,NaN,NaN,NaN,NaN,13.143,97098,10.313,-0.75092,0.20513,-7.6104,-3.1018,-6.2321,-3.0679,NaN,NaN,NaN,NaN,NaN
542.5,-3.4392,3.0533,8.4489,-0.95173,0.57574,-7.0718,-3.5347,-7.5071,-3.2227,0,0,0,NaN,NaN,NaN,NaN,NaN,NaN,NaN,NaN,NaN,47.659,0,2743.8,0.0085978,NaN,NaN,NaN,NaN,NaN,-1,-1,-0.75442,0.20523,-7.628,-3.1304,-6.1421,-3.0733,NaN,NaN,NaN,NaN,NaN
542.5,-3.4479,3.0353,8.4424,-0.52114,-0.24252,-9.3301,-3.7996,-7.1283,-3.2031,0,0,0,NaN,NaN,NaN,NaN,NaN,NaN,NaN,NaN,NaN,47.659,0,2743.8,0.0085978,NaN,NaN,NaN,NaN,NaN,-1,-1,-0.7561,0.20152,-7.6152,-3.1664,-6.2617,-3.1122,NaN,NaN,NaN,NaN,NaN
542.5,-3.4558,3.0235,8.4349,-0.79783,-0.052411,-6.7424,-3.481,-4.645,-3.4084,0,0,0,NaN,NaN,NaN,NaN,NaN,NaN,NaN,NaN,NaN,47.659,0,2743.8,0.0085978,NaN,NaN,NaN,NaN,13.049,97097,10.25,-0.7517,0.20789,-7.5851,-3.1756,-6.3743,-3.1245,NaN,NaN,NaN,NaN,NaN
542.51,-3.4625,3.0038,8.4278,-1.0551,0.36591,-7.1646,-3.0894,-7.8508,-3.3225,0.41569,0.12622,-1.0588,NaN,NaN,NaN,NaN,NaN,NaN,NaN,NaN,NaN,47.659,0,2743.8,0.0085978,0.98659,2.9438,0.65542,0.074917,NaN,-1,-1,-0.76171,0.20317,-7.6687,-3.1933,-6.295,-3.1348,NaN,NaN,NaN,NaN,NaN
542.51,-3.4702,2.9843,8.4211,-0.95335,0.032983,-9.6993,-3.416,-7.7278,-3.2947,0,0,0,NaN,NaN,NaN,NaN,NaN,NaN,NaN,NaN,NaN,47.659,0,2743.8,0.0085978,NaN,2.9438,NaN,NaN,NaN,-1,-1,-0.75333,0.19408,-7.6574,-3.2213,-6.4183,-3.1568,NaN,NaN,NaN,NaN,NaN
542.51,-3.478,2.9742,8.4139,-0.7898,0.15498,-7.6466,-3.4233,-3.9761,-3.2711,0,0,0,NaN,NaN,NaN,NaN,NaN,NaN,NaN,NaN,NaN,47.659,0,2743.8,0.0085978,NaN,NaN,NaN,NaN,12.894,97070,10.125,-0.75227,0.19321,-7.6524,-3.2528,-6.5709,-3.1776,NaN,NaN,NaN,NaN,NaN
542.51,-3.4836,2.9563,8.4074,-0.47006,1.2938,-6.5219,-2.6004,-7.0766,-3.2079,0,0,0,NaN,NaN,NaN,NaN,NaN,NaN,NaN,NaN,NaN,47.659,0,2743.8,0.0085978,NaN,NaN,NaN,NaN,NaN,-1,-1,-0.7514,0.19175,-7.6632,-3.2759,-6.6184,-3.1945,NaN,NaN,NaN,NaN,NaN
542.52,-3.49,2.9344,8.4,-0.72247,0.056002,-9.0362,-2.9314,-8.7039,-3.4796,0.42008,0.12399,-1.054,NaN,NaN,NaN,NaN,NaN,NaN,NaN,NaN,NaN,47.659,0,2743.8,0.0085978,NaN,NaN,NaN,NaN,12.865,97060,10.125,-0.76249,0.19492,-7.7431,-3.2958,-6.8228,-3.2269,NaN,NaN,NaN,NaN,NaN
542.52,-3.4972,2.9213,8.3925,-1.0876,-0.87406,-8.2672,-3.1948,-5.1709,-3.4749,0,0,0,NaN,NaN,NaN,NaN,NaN,NaN,NaN,NaN,NaN,47.659,0,2743.8,0.0085978,0.95976,2.9367,0.6329,0.099889,NaN,-1,-1,-0.76465,0.20185,-7.7442,-3.3539,-6.8163,-3.2646,NaN,NaN,NaN,NaN,NaN
542.52,-3.5051,2.9054,8.387,-0.092977,0.82673,-6.703,-3.5576,-6.322,-2.7708,0,0,0,NaN,NaN,NaN,NaN,NaN,NaN,NaN,NaN,NaN,47.659,0,2743.8,0.0085978,NaN,NaN,NaN,NaN,NaN,-1,-1,-0.76094,0.1986,-7.7393,-3.4199,-6.8046,-3.2808,NaN,NaN,NaN,NaN,NaN
542.52,-3.5114,2.8833,8.3812,-0.87243,0.13233,-8.7307,-2.8493,-8.7735,-3.0103,0,0,0,NaN,NaN,NaN,NaN,NaN,NaN,NaN,NaN,NaN,47.659,0,2743.8,0.0085978,NaN,NaN,NaN,NaN,13.047,97065,10.125,-0.76785,0.19382,-7.7505,-3.333,-6.7176,-3.1762,NaN,NaN,NaN,NaN,NaN
542.53,-3.5199,2.8719,8.3745,-1.3331,0.33936,-8.4449,-3.7656,-4.4884,-3.0301,0.41543,0.12646,-1.0544,NaN,NaN,NaN,NaN,NaN,NaN,NaN,NaN,NaN,47.659,0,2743.8,0.0085978,NaN,NaN,NaN,NaN,NaN,-1,-1,-0.76714,0.20344,-7.7302,-3.347,-6.6898,-3.1926,NaN,NaN,NaN,NaN,NaN
542.53,-3.5286,2.8562,8.3689,-0.58901,0.71889,-6.6047,-3.8344,-6.2271,-2.7814,0,0,0,NaN,NaN,NaN,NaN,NaN,NaN,NaN,NaN,NaN,47.659,0,2743.8,0.0085978,NaN,NaN,NaN,NaN,NaN,-1,-1,-0.77114,0.20273,-7.7309,-3.3976,-6.66,-3.2085,NaN,NaN,NaN,NaN,NaN
542.53,-3.5362,2.8336,8.363,-0.75019,0.26981,-8.516,-3.4186,-8.9803,-3.0586,0,0,0,NaN,NaN,NaN,NaN,NaN,NaN,NaN,NaN,NaN,47.659,0,2743.8,0.0085978,0.96907,2.9337,0.63594,0.095727,12.988,97055,10.125,-0.76798,0.19615,-7.7429,-3.4411,-6.7636,-3.2174,NaN,NaN,NaN,NaN,NaN
542.53,-3.5438,2.8201,8.3565,-0.9985,-0.15349,-8.4248,-3.3877,-5.3162,-3.1132,0,0,0,NaN,NaN,NaN,NaN,NaN,NaN,NaN,NaN,NaN,47.659,0,2743.8,0.0085978,NaN,NaN,NaN,NaN,NaN,-1,-1,-0.77026,0.20504,-7.7479,-3.4581,-6.8216,-3.2313,NaN,NaN,NaN,NaN,NaN
542.54,-3.552,2.8066,8.3501,-0.62863,0.014869,-6.7441,-3.6673,-5.4104,-2.9175,0.4273,0.12377,-1.0556,NaN,NaN,NaN,NaN,NaN,NaN,NaN,NaN,NaN,47.659,0,2743.8,0.0085978,NaN,NaN,NaN,NaN,12.896,97080,10.188,-0.77073,0.20892,-7.7309,-3.3519,-6.5554,-3.1086,NaN,NaN,NaN,NaN,NaN
542.54,-3.5587,2.7836,8.3446,-0.86821,0.52503,-7.0973,-3.0526,-9.14,-2.9324,0,0,0,NaN,NaN,NaN,NaN,NaN,NaN,NaN,NaN,NaN,47.659,0,2743.8,0.0085978,NaN,NaN,NaN,NaN,NaN,-1,-1,-0.76644,0.2014,-7.7073,-3.3528,-6.6843,-3.0865,NaN,NaN,NaN,NaN,NaN
542.54,-3.5657,2.7677,8.3379,-0.94651,-0.17347,-10.147,-3.1571,-6.2825,-3.239,0,0,0,NaN,NaN,NaN,NaN,NaN,NaN,NaN,NaN,NaN,47.659,0,2743.8,0.0085978,NaN,NaN,NaN,NaN,NaN,-1,-1,-0.7648,0.20527,-7.7125,-3.3523,-6.6338,-3.0767,NaN,NaN,NaN,NaN,NaN
542.54,-3.5732,2.7548,8.3301,-0.78559,0.851,-6.7891,-3.3502,-5.0452,-3.6078,0,0,0,NaN,NaN,NaN,NaN,NaN,NaN,NaN,NaN,NaN,47.659,0,2743.8,0.0085978,NaN,NaN,NaN,NaN,12.958,97074,10.188,-0.76245,0.21288,-7.6965,-3.3345,-6.6571,-3.0839,NaN,NaN,NaN,NaN,NaN
542.55,-3.5791,2.7341,8.324,-0.53658,0.7379,-6.9308,-2.717,-8.2539,-3.0139,0.42502,0.13114,-1.0535,NaN,NaN,NaN,NaN,NaN,NaN,NaN,NaN,NaN,47.659,0,2743.8,0.0085978,0.97947,NaN,0.65116,NaN,NaN,-1,-1,-0.7662,0.21921,-7.6956,-3.3422,-6.6638,-3.0902,NaN,NaN,NaN,NaN,NaN
542.55,-3.586,2.7149,8.3161,-0.97971,-0.61391,-8.761,-3.0837,-7.5679,-3.7721,0,0,0,NaN,NaN,NaN,NaN,NaN,NaN,NaN,NaN,NaN,47.659,0,2743.8,0.0085978,NaN,NaN,NaN,NaN,NaN,-1,-1,-0.76972,0.22137,-7.6975,-3.3533,-6.6563,-3.0856,NaN,NaN,NaN,NaN,NaN
542.55,-3.5945,2.702,8.3101,-0.43359,-0.34487,-7.4114,-3.7444,-5.0848,-2.8911,0,0,0,NaN,NaN,NaN,NaN,NaN,NaN,NaN,NaN,NaN,47.659,0,2743.8,0.0085978,NaN,NaN,NaN,NaN,12.867,97107,10.313,-0.76557,0.21683,-7.7018,-3.3647,-6.7028,-3.0681,NaN,NaN,NaN,NaN,NaN
542.55,-3.6018,2.6814,8.304,-0.52508,1.0597,-7.3574,-3.3127,-8.1999,-3.1075,0,0,0,NaN,NaN,NaN,NaN,NaN,NaN,NaN,NaN,NaN,47.659,0,2743.8,0.0085978,NaN,NaN,NaN,NaN,NaN,-1,-1,-0.76313,0.21343,-7.6725,-3.3856,-6.6742,-3.057,NaN,NaN,NaN,NaN,NaN
542.56,-3.6087,2.6653,8.2988,-1.1384,0.18248,-8.662,-3.1568,-6.4194,-2.578,0.41791,0.12137,-1.0586,NaN,NaN,NaN,NaN,NaN,NaN,NaN,NaN,NaN,47.659,0,2743.8,0.0085978,NaN,NaN,NaN,NaN,12.986,97069,10.125,-0.76569,0.21127,-7.6763,-3.3798,-6.6793,-3.0535,NaN,NaN,NaN,NaN,NaN
542.56,-3.6175,2.6522,8.2923,-0.98478,0.30989,-7.3163,-3.8828,-5.1764,-3.0877,0,0,0,NaN,NaN,NaN,NaN,NaN,NaN,NaN,NaN,NaN,47.659,0,2743.8,0.0085978,0.97947,2.8203,0.71323,0.04828,NaN,-1,-1,-0.76555,0.21397,-7.6919,-3.4055,-6.6867,-3.0572,NaN,NaN,NaN,NaN,NaN
542.56,-3.6266,2.6304,8.2859,-0.65301,0.97043,-7.0118,-3.9867,-8.627,-3.2507,0,0,0,NaN,NaN,NaN,NaN,NaN,NaN,NaN,NaN,NaN,47.659,0,2743.8,0.0085978,NaN,NaN,NaN,NaN,NaN,-1,-1,-0.76364,0.20788,-7.6882,-3.4078,-6.7172,-3.0528,NaN,NaN,NaN,NaN,NaN
542.56,-3.6346,2.6139,8.2798,-0.85418,-0.31309,-9.5297,-3.5903,-6.5585,-3.0209,0,0,0,NaN,NaN,NaN,NaN,NaN,NaN,NaN,NaN,NaN,47.659,0,2743.8,0.0085978,NaN,NaN,NaN,NaN,12.924,97075,10.125,-0.76473,0.22244,-7.6825,-3.3854,-6.7104,-3.0521,NaN,NaN,NaN,NaN,NaN
542.57,-3.6432,2.602,8.273,-0.65609,-0.22231,-6.1179,-3.7991,-4.6646,-3.0874,0.41334,0.13118,-1.0568,NaN,NaN,NaN,NaN,NaN,NaN,NaN,NaN,NaN,47.659,0,2743.8,0.0085978,NaN,NaN,NaN,NaN,NaN,-1,-1,-0.7664,0.20411,-7.6965,-3.3894,-6.7199,-3.0496,NaN,NaN,NaN,NaN,NaN
542.57,-3.658,2.5562,8.262,-1.2215,0.16591,-9.2958,-3.1852,-8.4495,-2.9931,0,0,0,NaN,NaN,NaN,NaN,NaN,NaN,NaN,NaN,NaN,47.659,0,2743.8,0.0085978,NaN,NaN,NaN,NaN,NaN,-1,-1,-0.75928,0.20686,-7.6705,-3.3793,-6.7263,-3.0415,NaN,NaN,NaN,NaN,NaN
542.57,-3.6658,2.5479,8.2554,-0.58777,-0.24945,-7.9236,-3.489,-3.2632,-2.9769,0,0,0,NaN,NaN,NaN,NaN,NaN,NaN,NaN,NaN,NaN,47.659,0,2743.8,0.0085978,NaN,NaN,NaN,NaN,12.712,97086,10.25,-0.75985,0.22452,-7.6694,-3.3561,-6.7033,-3.045,NaN,NaN,NaN,NaN,NaN
542.57,-3.6721,2.5303,8.2498,-0.81484,1.5435,-5.7726,-2.9257,-7.0209,-2.7825,0.42252,0.1313,-1.0515,NaN,NaN,NaN,NaN,NaN,NaN,NaN,NaN,NaN,47.659,0,2743.8,0.0085978,0.97509,2.9385,0.64264,0.082409,NaN,-1,-1,-0.77011,0.21703,-7.6949,-3.336,-6.7107,-3.0576,NaN,NaN,NaN,NaN,NaN
542.58,-3.6779,2.5047,8.2435,-0.73138,0.61223,-8.8467,-2.7017,-10.129,-3.3273,0,0,0,NaN,NaN,NaN,NaN,NaN,NaN,NaN,NaN,NaN,47.659,0,2743.8,0.0085978,NaN,NaN,NaN,NaN,12.955,97091,10.188,-0.76607,0.21764,-7.6649,-3.34,-6.7579,-3.0707,NaN,NaN,NaN,NaN,NaN
542.58,-3.685,2.4925,8.2364,-0.89724,-1.4067,-8.6756,-3.1729,-4.8173,-3.3288,0,0,0,NaN,NaN,NaN,NaN,NaN,NaN,NaN,NaN,NaN,47.659,0,2743.8,0.0085978,NaN,NaN,NaN,NaN,NaN,-1,-1,-0.77045,0.22388,-7.6848,-3.3546,-6.8088,-3.0463,NaN,NaN,NaN,NaN,NaN
542.58,-3.6931,2.479,8.2307,-0.13134,0.53151,-5.9827,-3.6256,-5.3265,-2.7819,0,0,0,NaN,NaN,NaN,NaN,NaN,NaN,NaN,NaN,NaN,47.659,0,2743.8,0.0085978,NaN,NaN,NaN,NaN,NaN,-1,-1,-0.77007,0.22145,-7.6792,-3.346,-6.8152,-3.0282,NaN,NaN,NaN,NaN,NaN
542.58,-3.6993,2.4555,8.2258,-0.97507,0.69687,-8.531,-2.8788,-9.3797,-2.6419,0.42245,0.12395,-1.0538,NaN,NaN,NaN,NaN,NaN,NaN,NaN,NaN,NaN,47.659,0,2743.8,0.0085978,0.96195,2.9337,0.63594,0.09656,13.076,97033,10,-0.76703,0.21971,-7.6571,-3.3498,-6.7807,-3.0113,NaN,NaN,NaN,NaN,NaN
542.59,-3.7069,2.4418,8.2197,-1.0805,0.29578,-7.553,-3.4132,-5.3888,-2.9582,0,0,0,NaN,NaN,NaN,NaN,NaN,NaN,NaN,NaN,NaN,47.659,0,2743.8,0.0085978,NaN,NaN,NaN,NaN,NaN,-1,-1,-0.77065,0.22243,-7.6684,-3.3429,-6.8393,-2.9954,NaN,NaN,NaN,NaN,NaN
542.59,-3.715,2.4255,8.2139,-0.82009,0.1404,-7.7366,-3.6163,-6.4812,-2.89,0,0,0,NaN,NaN,NaN,NaN,NaN,NaN,NaN,NaN,NaN,47.659,0,2743.8,0.0085978,NaN,NaN,NaN,NaN,NaN,-1,-1,-0.7728,0.22489,-7.6772,-3.3457,-6.879,-2.9802,NaN,NaN,NaN,NaN,NaN
542.59,-3.7231,2.4034,8.2077,-0.81,0.84539,-7.0918,-3.6214,-8.7599,-3.2011,0,0,0,NaN,NaN,NaN,NaN,NaN,NaN,NaN,NaN,NaN,47.659,0,2743.8,0.0085978,NaN,NaN,NaN,NaN,12.927,97094,10.25,-0.76603,0.22733,-7.6501,-3.3306,-6.8502,-2.9864,NaN,NaN,NaN,NaN,NaN
542.59,-3.7307,2.3876,8.2007,-0.66317,0.023853,-8.8888,-3.4542,-6.2627,-3.2639,0.42516,0.13596,-1.0535,NaN,NaN,NaN,NaN,NaN,NaN,NaN,NaN,NaN,47.826,0,2718.1,0.0064211,NaN,NaN,NaN,NaN,13.049,97075,10.188,-0.76751,0.23105,-7.6555,-3.3112,-6.7517,-2.9723,NaN,NaN,NaN,NaN,NaN
542.6,-3.7384,2.3731,8.1944,-0.84943,-0.51963,-6.4036,-3.438,-5.7393,-3.0629,0,0,0,NaN,NaN,NaN,NaN,NaN,NaN,NaN,NaN,NaN,47.826,0,2718.1,0.0064211,0.96907,2.9409,0.6402,0.09656,NaN,-1,-1,-0.77543,0.22923,-7.6637,-3.2866,-6.89,-2.9574,NaN,NaN,NaN,NaN,NaN
542.6,-3.746,2.3494,8.1893,-1.006,0.65306,-7.1639,-3.439,-9.4187,-2.7861,0,0,0,NaN,NaN,NaN,NaN,NaN,NaN,NaN,NaN,NaN,47.826,0,2718.1,0.0064211,0.96907,2.9409,0.6402,0.09656,NaN,-1,-1,-0.76525,0.23926,-7.6337,-3.2469,-6.9725,-2.9453,NaN,NaN,NaN,NaN,NaN
542.6,-3.7524,2.3314,8.1837,-0.928,-0.087491,-9.4315,-2.9423,-7.1275,-2.894,0,0,0,NaN,NaN,NaN,NaN,NaN,NaN,NaN,NaN,NaN,47.826,0,2718.1,0.0064211,NaN,NaN,NaN,NaN,NaN,-1,-1,-0.77126,0.24356,-7.642,-3.2171,-6.854,-2.9487,NaN,NaN,NaN,NaN,NaN
542.6,-3.7594,2.3184,8.1776,-0.61965,0.23645,-6.8289,-3.1689,-5.1644,-2.9207,0.42934,0.12651,-1.0487,NaN,NaN,NaN,NaN,NaN,NaN,NaN,NaN,NaN,47.826,0,2718.1,0.0064211,NaN,NaN,NaN,NaN,12.772,97078,10.188,-0.77494,0.23809,-7.6451,-3.162,-6.9091,-2.9402,NaN,NaN,NaN,NaN,NaN
542.61,-3.7709,2.2788,8.1655,-0.7381,0.23521,-8.2867,-2.6228,-7.5235,-3.3419,0,0,0,NaN,NaN,NaN,NaN,NaN,NaN,NaN,NaN,NaN,47.826,0,2718.1,0.0064211,NaN,NaN,NaN,NaN,NaN,-1,-1,-0.76972,0.23737,-7.636,-3.1182,-7.0754,-2.9582,NaN,NaN,NaN,NaN,NaN
542.61,-3.7771,2.2628,8.1595,-0.86236,-1.0715,-7.5704,-2.869,-6.3349,-3.0122,0,0,0,NaN,NaN,NaN,NaN,NaN,NaN,NaN,NaN,NaN,47.826,0,2718.1,0.0064211,NaN,NaN,NaN,NaN,NaN,-1,-1,-0.77361,0.24754,-7.6375,-3.116,-7.0144,-2.9454,NaN,NaN,NaN,NaN,NaN
542.61,-3.7846,2.2429,8.1537,-0.17967,0.95741,-7.0292,-3.4595,-7.9337,-2.857,0.41969,0.12435,-1.0473,NaN,NaN,NaN,NaN,NaN,NaN,NaN,NaN,NaN,47.826,0,2718.1,0.0064211,0.97017,2.9444,0.64081,NaN,12.925,97086,10.188,-0.77363,0.23984,-7.6419,-3.0886,-7.029,-2.9289,NaN,NaN,NaN,NaN,NaN
542.61,-3.7907,2.2231,8.149,-0.98709,0.3059,-8.7209,-2.8269,-7.8678,-2.5665,0,0,0,NaN,NaN,NaN,NaN,NaN,NaN,NaN,NaN,NaN,47.826,0,2718.1,0.0064211,NaN,NaN,NaN,0.084906,NaN,-1,-1,-0.76855,0.23431,-7.6231,-3.0479,-7.125,-2.8929,NaN,NaN,NaN,NaN,NaN
542.62,-3.7978,2.212,8.1426,-1.1648,-0.006047,-7.5513,-3.2201,-4.3623,-3.0009,0,0,0,NaN,NaN,NaN,NaN,NaN,NaN,NaN,NaN,NaN,47.826,0,2718.1,0.0064211,NaN,NaN,NaN,NaN,12.958,97076,10.188,-0.77197,0.24206,-7.6523,-3.0271,-7.1146,-2.8946,NaN,NaN,NaN,NaN,NaN
542.62,-3.8058,2.1906,8.1373,-0.64067,0.59641,-6.2123,-3.5896,-8.5007,-2.8383,0,0,0,NaN,NaN,NaN,NaN,NaN,NaN,NaN,NaN,NaN,47.826,0,2718.1,0.0064211,NaN,NaN,NaN,NaN,NaN,-1,-1,-0.77027,0.23523,-7.646,-3.0341,-7.1323,-2.893,NaN,NaN,NaN,NaN,NaN
542.62,-3.8126,2.1693,8.1318,-0.72994,0.48773,-9.1116,-3.13,-8.4997,-2.8784,0.42245,0.12395,-1.0538,NaN,NaN,NaN,NaN,NaN,NaN,NaN,NaN,NaN,47.826,0,2718.1,0.0064211,NaN,NaN,NaN,NaN,NaN,-1,-1,-0.7667,0.24994,-7.606,-3.0162,-7.2161,-2.8927,NaN,NaN,NaN,NaN,NaN
542.62,-3.8207,2.1576,8.1254,-0.88519,-0.24371,-7.5193,-3.6042,-4.5832,-3.0555,0,0,0,NaN,NaN,NaN,NaN,NaN,NaN,NaN,NaN,NaN,47.826,0,2718.1,0.0064211,NaN,NaN,NaN,NaN,12.897,97069,10.188,-0.76839,0.2526,-7.6233,-2.9978,-7.2082,-2.8893,NaN,NaN,NaN,NaN,NaN
542.63,-3.8274,2.137,8.1205,-0.6186,-0.10845,-6.071,-3.1242,-8.188,-2.6515,0,0,0,NaN,NaN,NaN,NaN,NaN,NaN,NaN,NaN,NaN,47.826,0,2718.1,0.0064211,NaN,NaN,NaN,NaN,NaN,-1,-1,-0.77197,0.23457,-7.6401,-2.9679,-7.1878,-2.8657,NaN,NaN,NaN,NaN,NaN
542.63,-3.8344,2.1129,8.1159,-0.86372,0.63265,-8.1509,-3.2087,-9.6015,-2.6337,0,0,0,NaN,NaN,NaN,NaN,NaN,NaN,NaN,NaN,NaN,47.826,0,2718.1,0.0064211,NaN,NaN,NaN,NaN,NaN,-1,-1,-0.76767,0.2417,-7.604,-2.9534,-7.103,-2.8537,NaN,NaN,NaN,NaN,NaN
542.63,-3.8398,2.1004,8.1103,-1.0576,-0.10771,-9.0934,-2.6034,-5.0079,-2.6391,0.42712,0.13135,-1.0489,NaN,NaN,NaN,NaN,NaN,NaN,NaN,NaN,NaN,47.826,0,2718.1,0.0064211,NaN,NaN,NaN,NaN,12.778,97110,10.375,-0.7711,0.24388,-7.6032,-2.9365,-7.0438,-2.8396,NaN,NaN,NaN,NaN,NaN
542.63,-3.8451,2.0865,8.1039,-0.78929,0.7332,-6.9118,-2.5027,-5.4494,-3.0485,0,0,0,NaN,NaN,NaN,NaN,NaN,NaN,NaN,NaN,NaN,47.826,0,2718.1,0.0064211,NaN,NaN,NaN,NaN,NaN,-1,-1,-0.77093,0.24007,-7.6004,-2.9098,-7.152,-2.8355,NaN,NaN,NaN,NaN,NaN
542.64,-3.8498,2.0625,8.0982,-0.48339,0.98087,-6.4964,-2.2719,-9.541,-3.0922,0,0,0,NaN,NaN,NaN,NaN,NaN,NaN,NaN,NaN,NaN,47.826,0,2718.1,0.0064211,NaN,NaN,NaN,NaN,12.928,97091,10.25,-0.77038,0.24006,-7.5845,-2.8986,-7.2164,-2.8495,NaN,NaN,NaN,NaN,NaN
542.64,-3.8555,2.0455,8.092,-0.72908,-0.39092,-9.0082,-2.6461,-6.7206,-3.1065,0,0,0,NaN,NaN,NaN,NaN,NaN,NaN,NaN,NaN,NaN,47.826,0,2718.1,0.0064211,0.974,2.9373,0.64142,0.09323,NaN,-1,-1,-0.76942,0.24671,-7.5892,-2.9362,-7.1499,-2.8335,NaN,NaN,NaN,NaN,NaN
542.64,-3.8622,2.0325,8.0862,-0.72187,-0.77414,-7.2493,-3.0774,-5.1272,-2.7935,0.42475,0.12645,-1.0513,NaN,NaN,NaN,NaN,NaN,NaN,NaN,NaN,NaN,47.826,0,2718.1,0.0064211,NaN,NaN,NaN,NaN,NaN,-1,-1,-0.7712,0.24846,-7.5837,-2.9268,-7.2067,-2.8045,NaN,NaN,NaN,NaN,NaN
542.64,-3.867,2.0108,8.0805,-0.46457,1.0101,-6.7205,-2.3427,-8.6138,-3.0112,0,0,0,NaN,NaN,NaN,NaN,NaN,NaN,NaN,NaN,NaN,47.826,0,2718.1,0.0064211,NaN,NaN,NaN,NaN,12.647,97063,10.125,-0.77086,0.24657,-7.5737,-2.9305,-7.2211,-2.788,NaN,NaN,NaN,NaN,NaN
542.65,-3.8729,1.9925,8.0762,-0.93073,0.31492,-8.8459,-2.7469,-7.3013,-2.3817,0,0,0,NaN,NaN,NaN,NaN,NaN,NaN,NaN,NaN,NaN,47.826,0,2718.1,0.0064211,NaN,NaN,NaN,NaN,NaN,-1,-1,-0.76798,0.24547,-7.5697,-2.9395,-7.2167,-2.7898,NaN,NaN,NaN,NaN,NaN
542.65,-3.888,1.9557,8.0654,-0.69909,1.192,-7.3104,-3.1835,-9.4702,-2.6982,0.42448,0.12176,-1.0491,NaN,NaN,NaN,NaN,NaN,NaN,NaN,NaN,NaN,47.826,0,2718.1,0.0064211,0.95538,2.9415,0.63777,0.10155,NaN,-1,-1,-0.76953,0.24423,-7.5557,-2.9578,-7.2559,-2.7896,NaN,NaN,NaN,NaN,NaN
542.65,-3.8938,1.9396,8.0602,-0.75084,0.39614,-8.8504,-2.7101,-6.403,-2.6576,0,0,0,NaN,NaN,NaN,NaN,NaN,NaN,NaN,NaN,NaN,47.826,0,2718.1,0.0064211,NaN,NaN,NaN,NaN,12.491,97115,10.313,-0.76646,0.25407,-7.5365,-3.0813,-7.4696,-2.8741,NaN,NaN,NaN,NaN,NaN
542.65,-3.9008,1.9266,8.0544,-0.6008,-0.69083,-6.2036,-3.2082,-5.1332,-2.8624,0,0,0,NaN,NaN,NaN,NaN,NaN,NaN,NaN,NaN,NaN,47.826,0,2718.1,0.0064211,NaN,NaN,NaN,NaN,NaN,-1,-1,-0.76721,0.2508,-7.5421,-3.0568,-7.4358,-2.8594,NaN,NaN,NaN,NaN,NaN
542.66,-3.9076,1.9021,8.0493,-0.98785,0.30583,-7.4648,-3.1213,-9.7384,-2.8455,0,0,0,NaN,NaN,NaN,NaN,NaN,NaN,NaN,NaN,NaN,47.826,0,2718.1,0.0064211,NaN,NaN,NaN,NaN,12.708,97071,10.125,-0.7665,0.24457,-7.5486,-3.0465,-7.4638,-2.8277,NaN,NaN,NaN,NaN,NaN
542.66,-3.9146,1.8817,8.0443,-1.0311,0.56974,-8.8406,-3.2143,-8.1086,-2.6412,0.42704,0.12401,-1.0511,NaN,NaN,NaN,NaN,NaN,NaN,NaN,NaN,NaN,47.826,0,2718.1,0.0064211,NaN,NaN,NaN,NaN,NaN,-1,-1,-0.76273,0.25129,-7.5269,-3.0395,-7.4451,-2.7999,NaN,NaN,NaN,NaN,NaN
542.66,-3.9215,1.8713,8.0388,-0.50438,-0.27814,-7.5802,-3.1913,-4.11,-2.6436,0,0,0,NaN,NaN,NaN,NaN,NaN,NaN,NaN,NaN,NaN,47.826,0,2718.1,0.0064211,NaN,NaN,NaN,NaN,NaN,-1,-1,-0.76676,0.25303,-7.5252,-3.1587,-7.5612,-2.8577,NaN,NaN,NaN,NaN,NaN
542.66,-3.927,1.8509,8.0337,-0.98799,1.0489,-6.4318,-2.5958,-8.0994,-2.725,0,0,0,NaN,NaN,NaN,NaN,NaN,NaN,NaN,NaN,NaN,47.826,0,2718.1,0.0064211,0.96852,2.9331,0.63168,0.090733,12.865,97099,10.25,-0.76673,0.2516,-7.5209,-3.127,-7.424,-2.8342,NaN,NaN,NaN,NaN,NaN
542.67,-3.9333,1.8276,8.0281,-0.72376,0.67714,-8.3438,-2.915,-9.2541,-3.0686,0,0,0,NaN,NaN,NaN,NaN,NaN,NaN,NaN,NaN,NaN,47.826,0,2718.1,0.0064211,NaN,NaN,NaN,NaN,NaN,-1,-1,-0.75992,0.25997,-7.504,-3.1132,-7.3477,-2.7974,NaN,NaN,NaN,NaN,NaN
542.67,-3.9401,1.8146,8.0213,-0.74938,-0.85761,-8.1799,-3.149,-5.1488,-3.151,0.42711,0.12642,-1.0511,NaN,NaN,NaN,NaN,NaN,NaN,NaN,NaN,NaN,47.826,0,2718.1,0.0064211,NaN,NaN,NaN,NaN,NaN,-1,-1,-0.7628,0.25171,-7.5181,-3.1132,-7.2529,-2.7551,NaN,NaN,NaN,NaN,NaN
542.67,-3.9475,1.798,8.0166,-0.41486,-0.11708,-6.2957,-3.3921,-6.5702,-2.4908,0,0,0,NaN,NaN,NaN,NaN,NaN,NaN,NaN,NaN,NaN,47.826,0,2718.1,0.0064211,NaN,NaN,NaN,NaN,12.928,97094,10.25,-0.76241,0.24904,-7.4951,-3.0878,-7.2171,-2.7059,NaN,NaN,NaN,NaN,NaN
542.67,-3.9536,1.7745,8.0117,-0.78987,0.6188,-8.5338,-2.8422,-9.3643,-2.7493,0,0,0,NaN,NaN,NaN,NaN,NaN,NaN,NaN,NaN,NaN,47.826,0,2718.1,0.0064211,NaN,NaN,NaN,NaN,12.647,97085,10.188,-0.76169,0.25581,-7.4852,-3.0809,-7.0366,-2.6841,NaN,NaN,NaN,NaN,NaN
542.68,-3.9608,1.7605,8.0069,-1.0247,0.5654,-7.9395,-3.335,-5.5435,-2.4707,0,0,0,NaN,NaN,NaN,NaN,NaN,NaN,NaN,NaN,NaN,47.826,0,2718.1,0.0064211,0.95703,2.9319,0.62316,NaN,NaN,-1,-1,-0.76359,0.25447,-7.4956,-3.0875,-7.0065,-2.6657,NaN,NaN,NaN,NaN,NaN
542.68,-3.9693,1.746,8.0017,-0.69348,0.20735,-7.1735,-3.793,-5.776,-2.587,0.43442,0.13847,-1.0482,6.7949,13.232,-0.87437,14.9,40.058,-88.549,3.6786e+05,4.4354e+06,313.04,47.826,0,2718.1,0.0064211,NaN,NaN,NaN,NaN,NaN,-1,-1,-0.76082,0.25686,-7.4817,-3.0771,-7.0884,-2.641,14.016,4.7849,1.6372,6.6623,18.731
542.68,-3.9777,1.7207,7.996,-0.98313,0.5829,-7.2035,-3.7587,-10.017,-3.1303,0,0,0,NaN,NaN,NaN,NaN,NaN,NaN,NaN,NaN,NaN,47.826,0,2718.1,0.0064211,NaN,NaN,NaN,NaN,NaN,-1,-1,-0.76486,0.25861,-7.484,-3.083,-6.9396,-2.6228,NaN,NaN,NaN,NaN,NaN
542.68,-3.9861,1.7036,7.9906,-0.62621,0.1016,-9.1908,-3.7973,-6.7791,-2.8133,0,0,0,NaN,NaN,NaN,NaN,NaN,NaN,NaN,NaN,NaN,47.826,0,2718.1,0.0064211,NaN,NaN,NaN,NaN,12.834,97061,10.125,-0.75904,0.27049,-7.4509,-3.1128,-6.8732,-2.5785,NaN,NaN,NaN,NaN,NaN
542.69,-4.0017,1.6665,7.9807,-0.85078,0.14949,-6.8009,-3.4362,-9.5544,-2.6508,0.44097,0.13393,-1.0409,NaN,NaN,NaN,NaN,NaN,NaN,NaN,NaN,NaN,47.826,0,2718.1,0.0064211,NaN,NaN,NaN,NaN,NaN,-1,-1,-0.76036,0.26543,-7.4606,-3.1432,-7.0048,-2.5487,NaN,NaN,NaN,NaN,NaN
542.69,-4.0095,1.6455,7.9752,-1.1463,-0.17142,-9.7811,-3.5105,-8.3561,-2.9215,0,0,0,NaN,NaN,NaN,NaN,NaN,NaN,NaN,NaN,NaN,47.826,0,2718.1,0.0064211,NaN,NaN,NaN,NaN,NaN,-1,-1,-0.75495,0.26084,-7.386,-3.1599,-6.9135,-2.5308,NaN,NaN,NaN,NaN,NaN
542.69,-4.0173,1.6348,7.9702,-0.58051,0.35335,-6.8888,-3.5549,-4.2289,-2.4448,0,0,0,NaN,NaN,NaN,NaN,NaN,NaN,NaN,NaN,NaN,47.826,0,2718.1,0.0064211,NaN,NaN,NaN,NaN,12.768,97039,10,-0.75193,0.25605,-7.378,-3.1836,-6.7215,-2.5175,NaN,NaN,NaN,NaN,NaN
542.69,-4.0227,1.6147,7.9651,-0.63506,1.4079,-6.9195,-2.5827,-7.9473,-2.7899,0,0,0,NaN,NaN,NaN,NaN,NaN,NaN,NaN,NaN,NaN,47.826,0,2718.1,0.0064211,NaN,NaN,NaN,NaN,NaN,-1,-1,-0.75105,0.25837,-7.383,-3.2042,-6.8047,-2.5094,NaN,NaN,NaN,NaN,NaN
542.7,-4.0297,1.5931,7.9593,-0.91095,-0.33009,-8.206,-3.2164,-8.5857,-3.0267,0.44331,0.12402,-1.0452,NaN,NaN,NaN,NaN,NaN,NaN,NaN,NaN,NaN,47.826,0,2718.1,0.0064211,NaN,NaN,NaN,NaN,12.956,97063,10.125,-0.75126,0.26447,-7.3881,-3.2331,-6.843,-2.5035,NaN,NaN,NaN,NaN,NaN
542.7,-4.0372,1.5781,7.9532,-0.55629,-0.76543,-8.2869,-3.392,-5.9124,-2.9934,0,0,0,NaN,NaN,NaN,NaN,NaN,NaN,NaN,NaN,NaN,47.826,0,2718.1,0.0064211,NaN,NaN,NaN,NaN,NaN,-1,-1,-0.74538,0.26483,-7.307,-3.2895,-6.6482,-2.4999,NaN,NaN,NaN,NaN,NaN
542.7,-4.0451,1.5602,7.949,-0.30859,0.77152,-6.2974,-3.5988,-7.1387,-2.3562,0,0,0,NaN,NaN,NaN,NaN,NaN,NaN,NaN,NaN,NaN,47.826,0,2718.1,0.0064211,NaN,NaN,NaN,NaN,NaN,-1,-1,-0.74333,0.26303,-7.3277,-3.299,-6.6617,-2.4952,NaN,NaN,NaN,NaN,NaN
542.7,-4.0528,1.5392,7.9441,-0.96419,0.48085,-8.5472,-3.526,-8.3127,-2.7032,0,0,0,NaN,NaN,NaN,NaN,NaN,NaN,NaN,NaN,NaN,47.826,0,3225.2,0.0064211,1.0375,2.8478,0.7041,0.0058269,12.742,97076,10.188,-0.73989,0.25513,-7.3268,-3.3188,-6.7211,-2.4833,NaN,NaN,NaN,NaN,NaN
542.71,0,0,0,0,0,0,0,0,0,0,0,0,NaN,NaN,NaN,NaN,NaN,NaN,NaN,NaN,NaN,47.826,0,3225.2,0.0064211,NaN,NaN,NaN,NaN,NaN,-1,-1,-0.73933,0.26165,-7.3107,-3.351,-6.7536,-2.483,NaN,NaN,NaN,NaN,NaN
542.71,-4.0624,1.525,7.9389,-1.1313,-0.11327,-7.6835,-4.2841,-5.6898,-2.5224,0.43409,0.13631,-1.0438,NaN,NaN,NaN,NaN,NaN,NaN,NaN,NaN,NaN,47.826,0,3225.2,0.0064211,NaN,NaN,NaN,NaN,NaN,-1,-1,-0.73676,0.24999,-7.3175,-3.3866,-6.6945,-2.4859,NaN,NaN,NaN,NaN,NaN
542.71,-4.0718,1.506,7.9337,-0.71412,1.0104,-7.0749,-4.1956,-7.5365,-2.77,0,0,0,NaN,NaN,NaN,NaN,NaN,NaN,NaN,NaN,NaN,47.826,0,3225.2,0.0064211,NaN,NaN,NaN,NaN,12.926,97083,10.188,-0.73496,0.26497,-7.3034,-3.4093,-6.6735,-2.4879,NaN,NaN,NaN,NaN,NaN
542.71,-4.0976,1.4523,7.9176,-0.58601,-0.32177,-6.5906,-3.8209,-6.9658,-2.7903,0.43872,0.12397,-1.0478,NaN,NaN,NaN,NaN,NaN,NaN,NaN,NaN,NaN,47.826,0,2685.3,0.0069644,NaN,NaN,NaN,NaN,NaN,-1,-1,-0.73661,0.27536,-7.3029,-3.435,-6.7482,-2.4879,NaN,NaN,NaN,NaN,NaN
542.72,0,0,0,0,0,0,0,0,0,0,0,0,NaN,NaN,NaN,NaN,NaN,NaN,NaN,NaN,NaN,47.826,0,2685.3,0.0069644,0.95812,2.9367,0.63229,0.10239,12.77,97068,10.125,-0.73852,0.26614,-7.313,-3.4948,-6.7673,-2.4872,NaN,NaN,NaN,NaN,NaN
542.72,-4.1057,1.4289,7.913,-1.2834,0.73974,-7.7633,-3.6528,-9.2963,-2.6522,0,0,0,NaN,NaN,NaN,NaN,NaN,NaN,NaN,NaN,NaN,47.826,0,2685.3,0.0069644,NaN,NaN,NaN,NaN,NaN,-1,-1,-0.74396,0.27204,-7.3873,-3.546,-6.6812,-2.4918,NaN,NaN,NaN,NaN,NaN
542.72,-4.1131,1.4125,7.9074,-0.77421,-0.29401,-9.7759,-3.3963,-6.4924,-2.8516,0,0,0,NaN,NaN,NaN,NaN,NaN,NaN,NaN,NaN,NaN,47.826,0,2685.3,0.0069644,NaN,NaN,NaN,NaN,NaN,-1,-1,-0.74182,0.26947,-7.4088,-3.5875,-6.7213,-2.4977,NaN,NaN,NaN,NaN,NaN
542.72,-4.1303,1.3768,7.896,-0.78645,1.1963,-6.7536,-3.6919,-8.8435,-2.9837,0.44568,0.12399,-1.045,NaN,NaN,NaN,NaN,NaN,NaN,NaN,NaN,NaN,47.826,0,2685.3,0.0069644,NaN,NaN,NaN,NaN,12.773,97093,10.25,-0.74449,0.26638,-7.4111,-3.6306,-6.7689,-2.5227,NaN,NaN,NaN,NaN,NaN
542.73,-4.1393,1.3579,7.8903,-0.76382,0.16332,-9.0108,-3.9993,-7.4842,-2.9772,0,0,0,NaN,NaN,NaN,NaN,NaN,NaN,NaN,NaN,NaN,47.826,0,2685.3,0.0069644,NaN,NaN,NaN,NaN,NaN,-1,-1,-0.74401,0.26663,-7.4094,-3.6866,-6.7204,-2.5436,NaN,NaN,NaN,NaN,NaN
542.73,-4.1571,1.323,7.8789,-0.30415,0.81428,-6.8012,-4.0165,-8.32,-2.6539,0,0,0,NaN,NaN,NaN,NaN,NaN,NaN,NaN,NaN,NaN,47.826,0,2685.3,0.0069644,0.98166,2.812,0.71201,0.054939,NaN,-1,-1,-0.7417,0.26262,-7.4171,-3.7577,-6.7589,-2.5536,NaN,NaN,NaN,NaN,NaN
542.73,-4.2185,1.2411,7.9474,-0.87855,0.18443,-8.8871,-4.2668,-8.0872,-2.4198,0.43905,0.12613,-1.0523,NaN,NaN,NaN,NaN,NaN,NaN,NaN,NaN,NaN,47.826,0,2685.3,0.0069644,NaN,NaN,NaN,NaN,12.771,97089,10.188,-0.74822,0.26212,-7.4845,-3.8233,-6.8163,-2.5669,NaN,NaN,NaN,NaN,NaN
542.73,-4.2291,1.2286,7.942,-1.0878,0.22858,-7.1561,-4.6548,-4.9471,-2.6714,0,0,0,NaN,NaN,NaN,NaN,NaN,NaN,NaN,NaN,NaN,47.826,0,2685.3,0.0069644,NaN,NaN,NaN,NaN,NaN,-1,-1,-0.75001,0.26797,-7.5,-3.8749,-6.8004,-2.5735,NaN,NaN,NaN,NaN,NaN
542.74,-4.2406,1.2092,7.937,-0.53804,0.82152,-6.9899,-5.0549,-7.6834,-2.7359,0,0,0,NaN,NaN,NaN,NaN,NaN,NaN,NaN,NaN,NaN,47.826,0,2685.3,0.0069644,NaN,NaN,NaN,NaN,12.894,97090,10.188,-0.74759,0.26625,-7.5039,-3.953,-6.7909,-2.5954,NaN,NaN,NaN,NaN,NaN
542.74,-4.2501,1.1865,7.931,-0.93277,0.27449,-8.881,-4.2068,-8.9717,-3.2334,0,0,0,NaN,NaN,NaN,NaN,NaN,NaN,NaN,NaN,NaN,47.826,0,2685.3,0.0069644,NaN,NaN,NaN,NaN,NaN,-1,-1,-0.74971,0.26713,-7.5006,-4.0318,-6.8946,-2.6329,NaN,NaN,NaN,NaN,NaN
542.74,-4.2602,1.1743,7.9246,-0.81929,-0.47772,-7.9907,-4.5081,-4.8495,-2.8729,0.44325,0.12655,-1.043,NaN,NaN,NaN,NaN,NaN,NaN,NaN,NaN,NaN,47.826,0,2685.3,0.0069644,0.97236,2.9438,0.64264,NaN,NaN,-1,-1,-0.74782,0.28539,-7.4939,-4.1035,-6.9098,-2.6567,NaN,NaN,NaN,NaN,NaN
542.74,-4.2703,1.1573,7.92,-0.54231,0.38649,-5.7489,-4.5086,-6.7386,-2.5255,0,0,0,NaN,NaN,NaN,NaN,NaN,NaN,NaN,NaN,NaN,47.826,0,2685.3,0.0069644,NaN,NaN,NaN,0.074085,12.833,97088,10.188,-0.74854,0.2864,-7.5189,-4.1719,-7.0215,-2.6861,NaN,NaN,NaN,NaN,NaN
542.75,-4.2799,1.1318,7.9152,-0.97458,0.15434,-7.667,-4.2673,-10.114,-2.8426,0,0,0,NaN,NaN,NaN,NaN,NaN,NaN,NaN,NaN,NaN,47.826,0,2685.3,0.0069644,NaN,NaN,NaN,NaN,NaN,-1,-1,-0.74731,0.28825,-7.5128,-4.2498,-7.1583,-2.7146,NaN,NaN,NaN,NaN,NaN
542.75,-4.2891,1.1158,7.9096,-1.1556,-0.058521,-10.484,-4.1043,-6.3356,-2.8734,0,0,0,NaN,NaN,NaN,NaN,NaN,NaN,NaN,NaN,NaN,47.826,0,2685.3,0.0069644,NaN,NaN,NaN,NaN,NaN,-1,-1,-0.74749,0.28672,-7.5273,-4.3321,-7.1352,-2.7246,NaN,NaN,NaN,NaN,NaN
542.75,-4.2985,1.1036,7.9033,-0.52865,0.65207,-5.7944,-4.1947,-4.7786,-2.9842,0.44623,0.13831,-1.0472,NaN,NaN,NaN,NaN,NaN,NaN,NaN,NaN,NaN,47.826,0,2685.3,0.0069644,NaN,NaN,NaN,NaN,12.865,97077,10.188,-0.74799,0.27999,-7.5379,-4.3932,-7.1476,-2.7542,NaN,NaN,NaN,NaN,NaN
542.75,-4.3069,1.0784,7.8988,-0.43019,1.0624,-6.4394,-3.8078,-10.007,-2.715,0,0,0,NaN,NaN,NaN,NaN,NaN,NaN,NaN,NaN,NaN,47.826,0,2685.3,0.0069644,0.98002,2.9415,0.63594,0.084906,NaN,-1,-1,-0.74842,0.2917,-7.5263,-4.4758,-7.2528,-2.807,NaN,NaN,NaN,NaN,NaN
542.76,-4.317,1.0592,7.8929,-1.0464,-0.33819,-9.5297,-4.4659,-7.6111,-3.0802,0,0,0,NaN,NaN,NaN,NaN,NaN,NaN,NaN,NaN,NaN,47.826,0,2685.3,0.0069644,NaN,NaN,NaN,NaN,12.804,97094,10.25,-0.75064,0.29532,-7.5485,-4.5679,-7.3664,-2.8569,NaN,NaN,NaN,NaN,NaN
542.76,-4.3273,1.0466,7.8874,-0.61315,-0.66939,-7.8343,-4.5817,-4.9546,-2.7368,0,0,0,NaN,NaN,NaN,NaN,NaN,NaN,NaN,NaN,NaN,47.826,0,2685.3,0.0069644,NaN,NaN,NaN,NaN,NaN,-1,-1,-0.74529,0.28408,-7.5564,-4.664,-7.4112,-2.878,NaN,NaN,NaN,NaN,NaN
542.76,-4.338,1.0262,7.8825,-0.30587,0.7434,-5.9684,-4.7837,-8.1316,-2.6959,0.44805,0.12889,-1.0425,NaN,NaN,NaN,NaN,NaN,NaN,NaN,NaN,NaN,47.826,0,2685.3,0.0069644,NaN,NaN,NaN,NaN,NaN,-1,-1,-0.74194,0.28411,-7.533,-4.7561,-7.5757,-2.8994,NaN,NaN,NaN,NaN,NaN
542.76,-4.3476,1.0054,7.878,-0.94447,0.083556,-8.6686,-4.2875,-8.2819,-2.5607,0,0,0,NaN,NaN,NaN,NaN,NaN,NaN,NaN,NaN,NaN,47.826,0,2685.3,0.0069644,NaN,NaN,NaN,NaN,12.895,97084,10.188,-0.7429,0.2902,-7.5433,-4.7163,-7.3944,-2.8442,NaN,NaN,NaN,NaN,NaN
542.77,-4.3598,0.99123,7.8724,-1.141,0.42618,-8.2677,-5.2929,-5.5803,-2.8247,0,0,0,NaN,NaN,NaN,NaN,NaN,NaN,NaN,NaN,NaN,47.826,0,2685.3,0.0069644,NaN,NaN,NaN,NaN,NaN,-1,-1,-0.7473,0.27223,-7.577,-4.8175,-7.3272,-2.8652,NaN,NaN,NaN,NaN,NaN
542.77,-4.3722,0.97277,7.8668,-0.73662,0.83399,-6.7671,-5.3848,-7.2899,-2.9695,0,0,0,NaN,NaN,NaN,NaN,NaN,NaN,NaN,NaN,NaN,47.826,0,2685.3,0.0069644,0.97126,2.948,0.64203,0.087403,NaN,-1,-1,-0.74773,0.28224,-7.5659,-4.9047,-7.3848,-2.8856,NaN,NaN,NaN,NaN,NaN
542.77,-4.3826,0.95287,7.8614,-0.62464,0.021635,-8.2439,-4.6369,-7.8849,-2.8661,0.45297,0.13112,-1.0443,NaN,NaN,NaN,NaN,NaN,NaN,NaN,NaN,NaN,47.826,0,2685.3,0.0069644,NaN,NaN,NaN,NaN,12.616,97099,10.25,-0.74308,0.29173,-7.5698,-4.962,-7.4394,-2.9023,NaN,NaN,NaN,NaN,NaN
542.77,-4.394,0.93534,7.8563,-0.62684,-0.13742,-7.6702,-4.995,-6.9333,-2.7422,0,0,0,NaN,NaN,NaN,NaN,NaN,NaN,NaN,NaN,NaN,47.826,0,2685.3,0.0069644,NaN,NaN,NaN,NaN,NaN,-1,-1,-0.74562,0.29005,-7.5701,-4.8851,-7.1099,-2.8207,NaN,NaN,NaN,NaN,NaN
542.78,-4.4047,0.91782,7.851,-1.0068,0.15007,-6.8862,-4.7412,-6.9303,-2.8126,0,0,0,NaN,NaN,NaN,NaN,NaN,NaN,NaN,NaN,NaN,47.826,0,2685.3,0.0069644,NaN,NaN,NaN,NaN,12.711,97074,10.188,-0.745,0.28908,-7.5697,-4.9192,-7.2066,-2.8109,NaN,NaN,NaN,NaN,NaN
542.78,-4.4162,0.89671,7.8463,-0.76451,0.1941,-7.6027,-5.012,-8.377,-2.66,0,0,0,NaN,NaN,NaN,NaN,NaN,NaN,NaN,NaN,NaN,47.826,0,2685.3,0.0069644,0.96743,2.8156,0.71506,0.049112,NaN,-1,-1,-0.74147,0.2866,-7.5599,-4.9426,-7.2247,-2.8023,NaN,NaN,NaN,NaN,NaN
542.78,-4.4273,0.87811,7.8405,-0.77033,-0.047575,-8.9087,-4.9251,-7.3831,-3.0021,0.44571,0.1388,-1.0383,NaN,NaN,NaN,NaN,NaN,NaN,NaN,NaN,NaN,47.826,0,2685.3,0.0069644,NaN,NaN,NaN,NaN,NaN,-1,-1,-0.74187,0.28518,-7.5753,-4.9757,-7.1741,-2.8064,NaN,NaN,NaN,NaN,NaN
542.78,-4.4381,0.86326,7.8351,-0.87213,0.96942,-7.5249,-4.7879,-5.856,-2.7589,0,0,0,NaN,NaN,NaN,NaN,NaN,NaN,NaN,NaN,NaN,47.826,0,2685.3,0.0069644,NaN,NaN,NaN,NaN,12.712,97089,10.25,-0.74311,0.28867,-7.5732,-5.0201,-7.1543,-2.8193,NaN,NaN,NaN,NaN,NaN
542.79,-4.4479,0.84227,7.8297,-0.66144,0.77878,-6.611,-4.3661,-8.3107,-2.9567,0,0,0,NaN,NaN,NaN,NaN,NaN,NaN,NaN,NaN,NaN,47.826,0,2685.3,0.0069644,NaN,NaN,NaN,NaN,NaN,-1,-1,-0.73757,0.28106,-7.5649,-5.0627,-7.2961,-2.817,NaN,NaN,NaN,NaN,NaN
542.79,-4.4704,0.80289,7.8183,-0.56049,-0.57585,-8.1933,-5.2735,-6.9139,-2.9307,0.45076,0.1409,-1.0423,NaN,NaN,NaN,NaN,NaN,NaN,NaN,NaN,NaN,47.826,0,2685.3,0.0069644,NaN,NaN,NaN,NaN,NaN,-1,-1,-0.73707,0.27647,-7.5628,-5.1304,-7.3081,-2.7924,NaN,NaN,NaN,NaN,NaN
542.79,-4.482,0.78624,7.8136,-0.5197,1.014,-7.1434,-5.103,-6.5944,-2.5795,0,0,0,NaN,NaN,NaN,NaN,NaN,NaN,NaN,NaN,NaN,47.826,0,2685.3,0.0069644,0.96907,2.9337,0.63229,0.0899,12.804,97076,10.188,-0.7377,0.27989,-7.5741,-5.2072,-7.1544,-2.7758,NaN,NaN,NaN,NaN,NaN
542.79,-4.494,0.7669,7.8087,-0.87844,0.063584,-7.4998,-5.2437,-7.6644,-2.6886,0,0,0,NaN,NaN,NaN,NaN,NaN,NaN,NaN,NaN,NaN,47.826,0,2685.3,0.0069644,0.96907,2.9337,0.63229,0.0899,NaN,-1,-1,-0.73655,0.27631,-7.5696,-5.2817,-7.1984,-2.7762,NaN,NaN,NaN,NaN,NaN
542.8,-4.5073,0.7479,7.8034,-1.0646,0.34938,-8.1846,-5.7426,-7.51,-2.8783,0,0,0,NaN,NaN,NaN,NaN,NaN,NaN,NaN,NaN,NaN,47.826,0,2685.3,0.0069644,NaN,NaN,NaN,NaN,12.616,97062,10.125,-0.73264,0.26926,-7.5618,-5.3384,-7.2107,-2.7955,NaN,NaN,NaN,NaN,NaN
542.8,-4.5204,0.72831,7.7988,-0.66505,1.0402,-7.4431,-5.7303,-7.8029,-2.5811,0.45319,0.14327,-1.0421,NaN,NaN,NaN,NaN,NaN,NaN,NaN,NaN,NaN,47.826,0,2685.3,0.0069644,NaN,NaN,NaN,NaN,NaN,-1,-1,-0.73423,0.27473,-7.5706,-5.3889,-7.1913,-2.8071,NaN,NaN,NaN,NaN,NaN
542.8,-4.5335,0.71227,7.7931,-0.63617,-0.18122,-8.5494,-5.7134,-6.3204,-2.9307,0,0,0,NaN,NaN,NaN,NaN,NaN,NaN,NaN,NaN,NaN,47.826,0,2685.3,0.0069644,NaN,NaN,NaN,NaN,NaN,-1,-1,-0.73218,0.27861,-7.5661,-5.4286,-7.2259,-2.8018,NaN,NaN,NaN,NaN,NaN
542.8,-4.547,0.69516,7.7871,-0.82512,-0.23076,-6.2703,-5.8217,-6.7354,-3.0871,0,0,0,NaN,NaN,NaN,NaN,NaN,NaN,NaN,NaN,NaN,47.826,0,2685.3,0.0069644,NaN,NaN,NaN,NaN,12.647,97059,10.125,-0.73297,0.27409,-7.569,-5.4667,-7.2322,-2.8,NaN,NaN,NaN,NaN,NaN
542.81,-4.5596,0.67134,7.7821,-0.86027,0.4297,-7.6291,-5.5312,-9.4419,-2.906,0,0,0,NaN,NaN,NaN,NaN,NaN,NaN,NaN,NaN,NaN,47.826,0,2685.3,0.0069644,0.97126,2.8156,0.7114,NaN,NaN,-1,-1,-0.73073,0.26463,-7.5675,-5.508,-7.2709,-2.7993,NaN,NaN,NaN,NaN,NaN
542.81,-4.5722,0.65128,7.7778,-0.89532,0.23124,-8.6311,-5.4626,-7.9625,-2.508,0.45779,0.14333,-1.0394,NaN,NaN,NaN,NaN,NaN,NaN,NaN,NaN,NaN,47.826,0,2685.3,0.0069644,NaN,NaN,NaN,NaN,NaN,-1,-1,-0.72868,0.26641,-7.5639,-5.5447,-7.2749,-2.8074,NaN,NaN,NaN,NaN,NaN
542.81,-4.5844,0.63864,7.7727,-0.74992,-0.46857,-7.9509,-5.3472,-4.976,-2.6149,0,0,0,NaN,NaN,NaN,NaN,NaN,NaN,NaN,NaN,NaN,47.826,0,2685.3,0.0069644,NaN,NaN,NaN,NaN,12.675,97058,10.063,-0.72663,0.26658,-7.5623,-5.5761,-7.3289,-2.8088,NaN,NaN,NaN,NaN,NaN
542.81,-4.5969,0.61828,7.7675,-0.74303,1.6121,-6.2681,-5.443,-8.0558,-2.8636,0,0,0,NaN,NaN,NaN,NaN,NaN,NaN,NaN,NaN,NaN,47.826,0,2685.3,0.0069644,NaN,NaN,NaN,NaN,12.646,97067,10.125,-0.72804,0.26203,-7.5693,-5.6202,-7.458,-2.8145,NaN,NaN,NaN,NaN,NaN
542.82,-4.6204,0.57987,7.7563,-0.67132,-0.97296,-8.3136,-5.5127,-5.7984,-3.2558,0.46014,0.13836,-1.0414,NaN,NaN,NaN,NaN,NaN,NaN,NaN,NaN,NaN,47.826,0,2685.3,0.0069644,NaN,NaN,NaN,NaN,NaN,-1,-1,-0.72494,0.26315,-7.5579,-5.6601,-7.3344,-2.8131,NaN,NaN,NaN,NaN,NaN
542.82,-4.6331,0.56199,7.7516,-0.30916,0.131,-6.9266,-5.547,-7.08,-2.5982,0,0,0,NaN,NaN,NaN,NaN,NaN,NaN,NaN,NaN,NaN,47.826,0,2685.3,0.0069644,NaN,NaN,NaN,NaN,NaN,-1,-1,-0.72453,0.25935,-7.5581,-5.7193,-7.3002,-2.8127,NaN,NaN,NaN,NaN,NaN
542.82,-4.645,0.54039,7.7475,-0.63175,0.99309,-7.4869,-5.2367,-8.5831,-2.4771,0,0,0,NaN,NaN,NaN,NaN,NaN,NaN,NaN,NaN,NaN,47.826,0,2685.3,0.0069644,NaN,NaN,NaN,NaN,NaN,-1,-1,-0.72302,0.26069,-7.5481,-5.7498,-7.3849,-2.7921,NaN,NaN,NaN,NaN,NaN
542.82,-4.658,0.52347,7.7426,-1.1149,-0.2394,-8.7021,-5.6529,-6.6864,-2.6879,0,0,0,NaN,NaN,NaN,NaN,NaN,NaN,NaN,NaN,NaN,47.698,0,2666.7,0.0075089,NaN,NaN,NaN,NaN,12.805,97112,10.313,-0.72414,0.26755,-7.5514,-5.8027,-7.3626,-2.7861,NaN,NaN,NaN,NaN,NaN
542.83,-4.6726,0.50809,7.737,-0.85384,0.43966,-7.0551,-6.3058,-6.0577,-2.8383,0.45994,0.13607,-1.0392,NaN,NaN,NaN,NaN,NaN,NaN,NaN,NaN,NaN,47.698,0,2666.7,0.0075089,NaN,NaN,NaN,NaN,NaN,-1,-1,-0.7203,0.24941,-7.5649,-5.8687,-7.3009,-2.7956,NaN,NaN,NaN,NaN,NaN
542.83,-4.687,0.48306,7.7327,-0.63358,1.2054,-7.3768,-6.2027,-9.9427,-2.6876,0,0,0,NaN,NaN,NaN,NaN,NaN,NaN,NaN,NaN,NaN,47.698,0,2666.7,0.0075089,NaN,NaN,NaN,NaN,NaN,-1,-1,-0.72235,0.25158,-7.5486,-5.9088,-7.342,-2.8039,NaN,NaN,NaN,NaN,NaN
542.83,-4.7012,0.46764,7.7272,-0.71537,-0.24935,-9.1255,-6.1523,-6.0671,-2.8694,0,0,0,NaN,NaN,NaN,NaN,NaN,NaN,NaN,NaN,NaN,47.698,0,2666.7,0.0075089,NaN,NaN,NaN,NaN,12.993,97111,10.375,-0.72183,0.2722,-7.5336,-5.9365,-7.3655,-2.8032,NaN,NaN,NaN,NaN,NaN
542.83,-4.7155,0.45384,7.7211,-0.79061,-0.248,-6.4093,-6.1761,-5.4042,-3.058,0,0,0,NaN,NaN,NaN,NaN,NaN,NaN,NaN,NaN,NaN,47.698,0,2666.7,0.0075089,0.98659,2.951,0.65177,0.074917,NaN,-1,-1,-0.72519,0.25807,-7.5506,-5.9388,-7.2728,-2.7983,NaN,NaN,NaN,NaN,NaN
542.84,-4.7296,0.42869,7.7162,-0.71807,0.24848,-6.9491,-6.1173,-9.9986,-2.871,0.45489,0.13891,-1.033,NaN,NaN,NaN,NaN,NaN,NaN,NaN,NaN,NaN,47.698,0,2666.7,0.0075089,NaN,NaN,NaN,NaN,12.832,97070,10.125,-0.72308,0.26073,-7.5443,-5.9758,-7.3344,-2.7895,NaN,NaN,NaN,NaN,NaN
542.84,-4.7435,0.40768,7.7117,-0.95114,0.3415,-9.0771,-6.048,-8.3333,-2.6304,0,0,0,NaN,NaN,NaN,NaN,NaN,NaN,NaN,NaN,NaN,47.698,0,2666.7,0.0075089,NaN,NaN,NaN,NaN,NaN,-1,-1,-0.71999,0.25679,-7.5426,-6.0009,-7.4058,-2.7927,NaN,NaN,NaN,NaN,NaN
542.84,-4.7576,0.39679,7.7062,-0.61409,-0.005511,-7.836,-6.0957,-4.2604,-2.7422,0,0,0,NaN,NaN,NaN,NaN,NaN,NaN,NaN,NaN,NaN,47.698,0,2666.7,0.0075089,NaN,NaN,NaN,NaN,NaN,-1,-1,-0.71953,0.25465,-7.5368,-6.0226,-7.2826,-2.7962,NaN,NaN,NaN,NaN,NaN
542.84,-4.7703,0.37681,7.7003,-0.72309,1.3905,-6.6264,-5.5277,-7.8696,-3.1501,0,0,0,NaN,NaN,NaN,NaN,NaN,NaN,NaN,NaN,NaN,47.698,0,2666.7,0.0075089,0.95703,2.9343,0.64568,0.10405,12.585,97100,10.25,-0.72187,0.25775,-7.5405,-6.0308,-7.3965,-2.8085,NaN,NaN,NaN,NaN,NaN
542.85,-4.783,0.35178,7.6948,-0.92378,0.39928,-7.998,-5.5684,-9.8992,-3.1801,0.44396,0.15556,-1.0407,NaN,NaN,NaN,NaN,NaN,NaN,NaN,NaN,NaN,47.698,0,2666.7,0.0075089,NaN,NaN,NaN,NaN,NaN,-1,-1,-0.72267,0.25211,-7.5337,-6.0645,-7.4014,-2.8086,NaN,NaN,NaN,NaN,NaN
542.85,-4.8117,0.32003,7.6834,-0.13034,-0.14956,-6.2595,-6.107,-6.7357,-2.7432,0,0,0,NaN,NaN,NaN,NaN,NaN,NaN,NaN,NaN,NaN,47.698,0,2666.7,0.0075089,NaN,NaN,NaN,NaN,NaN,-1,-1,-0.71784,0.24954,-7.5268,-6.1056,-7.2609,-2.8004,NaN,NaN,NaN,NaN,NaN
542.85,-4.8251,0.29641,7.679,-0.8219,0.69813,-8.0553,-5.83,-9.3716,-2.6876,0,0,0,NaN,NaN,NaN,NaN,NaN,NaN,NaN,NaN,NaN,47.698,0,2666.7,0.0075089,NaN,NaN,NaN,NaN,12.681,97109,10.313,-0.7201,0.24756,-7.5282,-6.1287,-7.2921,-2.7932,NaN,NaN,NaN,NaN,NaN
542.85,-4.8396,0.28074,7.6744,-0.95216,0.1091,-8.6149,-6.3007,-6.2171,-2.5689,0.45078,0.15077,-1.0378,NaN,NaN,NaN,NaN,NaN,NaN,NaN,NaN,NaN,47.698,0,2666.7,0.0075089,NaN,NaN,NaN,NaN,12.741,97121,10.313,-0.71905,0.25054,-7.5147,-6.1597,-7.3559,-2.7991,NaN,NaN,NaN,NaN,NaN
542.86,-4.8553,0.26583,7.6694,-0.69831,0.091185,-6.784,-6.722,-5.8726,-2.6609,0,0,0,NaN,NaN,NaN,NaN,NaN,NaN,NaN,NaN,NaN,47.698,0,2666.7,0.0075089,0.96907,2.9444,0.64264,0.094895,NaN,-1,-1,-0.71616,0.24002,-7.5195,-6.1911,-7.3178,-2.7969,NaN,NaN,NaN,NaN,NaN
542.86,-4.8706,0.23928,7.6649,-0.93536,1.5122,-7.7425,-6.6159,-10.535,-2.8349,0,0,0,NaN,NaN,NaN,NaN,NaN,NaN,NaN,NaN,NaN,47.698,0,2666.7,0.0075089,NaN,NaN,NaN,NaN,NaN,-1,-1,-0.71666,0.24961,-7.5025,-6.2263,-7.2534,-2.82,NaN,NaN,NaN,NaN,NaN
542.86,-4.8853,0.22346,7.6595,-0.6923,-0.072879,-9.1215,-6.3257,-6.2264,-2.8481,0,0,0,NaN,NaN,NaN,NaN,NaN,NaN,NaN,NaN,NaN,47.698,0,2666.7,0.0075089,NaN,NaN,NaN,NaN,NaN,-1,-1,-0.71622,0.2673,-7.4977,-6.2506,-7.219,-2.842,NaN,NaN,NaN,NaN,NaN
542.86,-4.9003,0.21088,7.6541,-0.36802,-0.86621,-6.2767,-6.4871,-4.9327,-2.7202,0.44584,0.14361,-1.0383,NaN,NaN,NaN,NaN,NaN,NaN,NaN,NaN,NaN,47.698,0,2666.7,0.0075089,NaN,NaN,NaN,NaN,12.707,97054,10.063,-0.71956,0.25383,-7.5046,-6.275,-7.2754,-2.8443,NaN,NaN,NaN,NaN,NaN
542.87,-4.9301,0.16265,7.6448,-0.97253,0.66251,-9.8265,-6.1037,-8.5555,-2.6319,0,0,0,NaN,NaN,NaN,NaN,NaN,NaN,NaN,NaN,NaN,47.698,0,2666.7,0.0075089,NaN,NaN,NaN,NaN,NaN,-1,-1,-0.71811,0.24624,-7.4945,-6.2979,-7.3372,-2.8403,NaN,NaN,NaN,NaN,NaN
542.87,-4.9445,0.15227,7.6389,-0.5384,-0.56316,-7.4938,-6.2082,-4.0355,-2.8827,0,0,0,NaN,NaN,NaN,NaN,NaN,NaN,NaN,NaN,NaN,47.698,0,2666.7,0.0075089,0.96086,NaN,0.62742,NaN,NaN,-1,-1,-0.71378,0.2472,-7.4922,-6.3091,-7.2779,-2.8339,NaN,NaN,NaN,NaN,NaN
542.87,-4.9592,0.13079,7.634,-0.72719,1.397,-6.2661,-6.3759,-8.5127,-2.7851,0.44114,0.15354,-1.0342,NaN,NaN,NaN,NaN,NaN,NaN,NaN,NaN,NaN,47.698,0,2666.7,0.0075089,NaN,2.9289,NaN,0.090733,12.615,97107,10.25,-0.71752,0.24365,-7.5012,-6.3266,-7.2855,-2.8328,NaN,NaN,NaN,NaN,NaN
542.87,-4.9728,0.10759,7.6297,-0.82346,0.82187,-8.346,-5.9094,-9.201,-2.6809,0,0,0,NaN,NaN,NaN,NaN,NaN,NaN,NaN,NaN,NaN,47.698,0,2666.7,0.0075089,NaN,NaN,NaN,NaN,NaN,-1,-1,-0.71923,0.25221,-7.4828,-6.3585,-7.2719,-2.8435,NaN,NaN,NaN,NaN,NaN
542.88,-4.9868,0.092068,7.6235,-0.70453,-0.89845,-8.6927,-6.1042,-6.0738,-3.1376,0,0,0,NaN,NaN,NaN,NaN,NaN,NaN,NaN,NaN,NaN,47.698,0,2666.7,0.0075089,NaN,NaN,NaN,NaN,12.616,97078,10.188,-0.7158,0.25567,-7.4807,-6.3864,-7.3086,-2.835,NaN,NaN,NaN,NaN,NaN
542.88,-5.0016,0.076136,7.6178,-0.35907,-0.18752,-6.4905,-6.3684,-6.2519,-3,0,0,0,NaN,NaN,NaN,NaN,NaN,NaN,NaN,NaN,NaN,47.698,0,2666.7,0.0075089,NaN,NaN,NaN,NaN,NaN,-1,-1,-0.71549,0.24977,-7.4859,-6.403,-7.3202,-2.8191,NaN,NaN,NaN,NaN,NaN
542.88,-5.0156,0.053349,7.6134,-0.53439,0.81059,-7.5648,-6.101,-9.0287,-2.7074,0.4557,0.14805,-1.0418,NaN,NaN,NaN,NaN,NaN,NaN,NaN,NaN,NaN,47.698,0,2666.7,0.0075089,NaN,NaN,NaN,NaN,NaN,-1,-1,-0.71419,0.25057,-7.4789,-6.4117,-7.2984,-2.7989,NaN,NaN,NaN,NaN,NaN
542.88,-5.0296,0.036271,7.6088,-1.0667,-0.035579,-8.7951,-6.0468,-6.7426,-2.6361,0,0,0,NaN,NaN,NaN,NaN,NaN,NaN,NaN,NaN,NaN,47.698,0,2666.7,0.0075089,0.96579,2.9456,0.63594,0.085738,12.863,97072,10.125,-0.71238,0.26484,-7.4598,-6.6255,-7.4935,-2.8798,NaN,NaN,NaN,NaN,NaN
542.89,-5.0451,0.02062,7.6036,-0.87985,0.18317,-7.3254,-6.7022,-6.1588,-2.7566,0,0,0,NaN,NaN,NaN,NaN,NaN,NaN,NaN,NaN,NaN,47.698,0,2666.7,0.0075089,NaN,NaN,NaN,NaN,NaN,-1,-1,-0.71274,0.25167,-7.4701,-6.5996,-7.5663,-2.8566,NaN,NaN,NaN,NaN,NaN
542.89,-5.0621,-0.003872,7.5988,-0.58419,1.2945,-7.0933,-7.267,-9.6903,-2.9581,0,0,0,NaN,NaN,NaN,NaN,NaN,NaN,NaN,NaN,NaN,47.698,0,2666.7,0.0075089,NaN,NaN,NaN,NaN,NaN,-1,-1,-0.71167,0.24806,-7.4734,-6.5708,-7.5064,-2.8291,NaN,NaN,NaN,NaN,NaN
542.89,-5.0771,-0.021104,7.5931,-0.66446,0.003509,-9.1149,-6.5189,-6.8059,-2.9406,0.46663,0.13634,-1.0319,NaN,NaN,NaN,NaN,NaN,NaN,NaN,NaN,NaN,47.698,0,2666.7,0.0075089,NaN,NaN,NaN,NaN,12.773,97093,10.25,-0.71656,0.26503,-7.461,-6.5352,-7.3604,-2.8226,NaN,NaN,NaN,NaN,NaN
542.89,-5.0928,-0.034867,7.5873,-0.82673,-0.27203,-6.7476,-6.749,-5.3808,-2.9609,0,0,0,NaN,NaN,NaN,NaN,NaN,NaN,NaN,NaN,NaN,47.698,0,2666.7,0.0075089,NaN,NaN,NaN,NaN,NaN,-1,-1,-0.71346,0.27628,-7.4605,-6.7047,-7.6398,-2.8882,NaN,NaN,NaN,NaN,NaN
542.9,-5.1082,-0.059016,7.583,-0.6849,0.082886,-6.3984,-6.6527,-9.5715,-2.7305,0,0,0,NaN,NaN,NaN,NaN,NaN,NaN,NaN,NaN,NaN,47.698,0,2666.7,0.0075089,0.98714,2.951,0.65177,0.068258,12.711,97074,10.188,-0.71366,0.25591,-7.4562,-6.6361,-7.6281,-2.8401,NaN,NaN,NaN,NaN,NaN
542.9,-5.1385,-0.096046,7.5733,-0.91364,-0.27543,-8.9049,-6.4524,-4.8671,-2.6482,0.47144,0.14362,-1.0293,NaN,NaN,NaN,NaN,NaN,NaN,NaN,NaN,NaN,47.698,0,2666.7,0.0075089,NaN,NaN,NaN,NaN,NaN,-1,-1,-0.71073,0.26543,-7.4499,-6.574,-7.4621,-2.8054,NaN,NaN,NaN,NaN,NaN
542.9,-5.1533,-0.11248,7.5676,-0.64328,0.95944,-5.7802,-6.4315,-6.4462,-3.0292,0,0,0,NaN,NaN,NaN,NaN,NaN,NaN,NaN,NaN,NaN,47.698,0,2666.7,0.0075089,NaN,NaN,NaN,NaN,NaN,-1,-1,-0.71192,0.26102,-7.4626,-6.4996,-7.3283,-2.7873,NaN,NaN,NaN,NaN,NaN
542.9,-5.1668,-0.13935,7.563,-0.60454,0.97262,-7.5037,-5.8806,-10.641,-2.9526,0,0,0,NaN,NaN,NaN,NaN,NaN,NaN,NaN,NaN,NaN,47.698,0,2666.7,0.0075089,NaN,NaN,NaN,NaN,12.616,97121,10.313,-0.71123,0.25806,-7.4336,-6.4278,-7.4019,-2.7681,NaN,NaN,NaN,NaN,NaN
542.91,-5.1816,-0.15681,7.5574,-0.79805,-0.62458,-9.3819,-6.3781,-6.8535,-3.0326,0,0,0,NaN,NaN,NaN,NaN,NaN,NaN,NaN,NaN,NaN,47.698,0,2666.7,0.0075089,NaN,NaN,NaN,NaN,NaN,-1,-1,-0.71625,0.27572,-7.4499,-6.3813,-7.3166,-2.735,NaN,NaN,NaN,NaN,NaN
542.91,-5.1968,-0.17088,7.5518,-0.45647,-0.37831,-7.0633,-6.5995,-5.5339,-2.8492,0.46692,0.1509,-1.0297,6.6207,13.105,-1.1886,14.731,40.058,-88.549,3.6786e+05,4.4354e+06,313.04,47.698,0,2666.7,0.0075089,NaN,NaN,NaN,NaN,NaN,-1,-1,-0.71014,0.27231,-7.4588,-6.3219,-7.2841,-2.7008,13.865,4.7171,1.581,6.5053,18.677
542.91,-5.2121,-0.19348,7.5473,-0.47017,0.61811,-6.3411,-6.612,-8.9433,-2.7736,0,0,0,NaN,NaN,NaN,NaN,NaN,NaN,NaN,NaN,NaN,47.698,0,2666.7,0.0075089,NaN,NaN,NaN,NaN,12.647,97085,10.188,-0.70058,0.2675,-7.3857,-6.2644,-7.2419,-2.6576,NaN,NaN,NaN,NaN,NaN
542.91,-5.2271,-0.21489,7.5439,-0.95437,0.36558,-8.9708,-6.4853,-8.5079,-2.2846,0,0,0,NaN,NaN,NaN,NaN,NaN,NaN,NaN,NaN,NaN,47.698,0,2666.7,0.0075089,NaN,NaN,NaN,NaN,12.865,97080,10.188,-0.70229,0.26645,-7.3766,-6.2323,-7.1082,-2.6382,NaN,NaN,NaN,NaN,NaN
542.92,-5.2588,-0.24894,7.5352,-0.5079,1.1382,-6.5306,-6.9724,-8.0528,-2.4177,0.47171,0.14831,-1.0315,NaN,NaN,NaN,NaN,NaN,NaN,NaN,NaN,NaN,47.698,0,2666.7,0.0075089,NaN,NaN,NaN,NaN,NaN,-1,-1,-0.70375,0.26672,-7.3924,-6.1902,-7.2082,-2.6312,NaN,NaN,NaN,NaN,NaN
542.92,-5.2744,-0.27018,7.5305,-0.72911,-0.2013,-8.3876,-6.7233,-8.389,-2.8304,0,0,0,NaN,NaN,NaN,NaN,NaN,NaN,NaN,NaN,NaN,47.698,0,2666.7,0.0075089,NaN,NaN,NaN,NaN,NaN,-1,-1,-0.70267,0.25944,-7.3872,-6.127,-7.2348,-2.611,NaN,NaN,NaN,NaN,NaN
542.92,-5.2898,-0.28824,7.5261,-0.8348,-0.22481,-7.5868,-6.6571,-7.135,-2.5808,0,0,0,NaN,NaN,NaN,NaN,NaN,NaN,NaN,NaN,NaN,47.698,0,2666.7,0.0075089,0.97181,2.9325,0.63107,0.10239,NaN,-1,-1,-0.70473,0.27775,-7.3924,-6.0949,-7.109,-2.5915,NaN,NaN,NaN,NaN,NaN
542.92,-5.3057,-0.30742,7.5216,-0.87869,0.3463,-7.1671,-6.8263,-7.5739,-2.6703,0,0,0,NaN,NaN,NaN,NaN,NaN,NaN,NaN,NaN,NaN,47.698,0,2631,0.0064211,NaN,NaN,NaN,NaN,12.835,97114,10.313,-0.70159,0.28064,-7.3518,-6.0417,-7.2055,-2.5636,NaN,NaN,NaN,NaN,NaN
542.93,-5.321,-0.32916,7.517,-0.62696,0.000515,-7.3026,-6.6581,-8.6167,-2.7271,0.46651,0.14139,-1.0275,NaN,NaN,NaN,NaN,NaN,NaN,NaN,NaN,NaN,47.698,0,2631,0.0064211,NaN,NaN,NaN,NaN,NaN,-1,-1,-0.70242,0.28589,-7.3527,-5.9913,-6.9953,-2.5511,NaN,NaN,NaN,NaN,NaN
542.93,-5.3352,-0.34688,7.512,-0.83018,0.18464,-8.8656,-6.1511,-6.9718,-2.8247,0,0,0,NaN,NaN,NaN,NaN,NaN,NaN,NaN,NaN,NaN,47.698,0,2631,0.0064211,NaN,NaN,NaN,NaN,NaN,-1,-1,-0.70084,0.27968,-7.373,-5.9512,-6.9103,-2.5429,NaN,NaN,NaN,NaN,NaN
542.93,-5.3492,-0.36306,7.5069,-0.93334,1.3064,-7.0066,-6.0999,-6.3605,-2.7713,0,0,0,NaN,NaN,NaN,NaN,NaN,NaN,NaN,NaN,NaN,47.698,0,2631,0.0064211,NaN,NaN,NaN,NaN,12.771,97107,10.25,-0.70073,0.27787,-7.3869,-5.9016,-7.0236,-2.5214,NaN,NaN,NaN,NaN,NaN
542.93,-5.3626,-0.38516,7.5023,-0.58486,0.61982,-7.0994,-5.8527,-8.7293,-2.8183,0,0,0,NaN,NaN,NaN,NaN,NaN,NaN,NaN,NaN,NaN,47.826,0,2631,0.0064211,0.98002,2.9444,0.65177,NaN,NaN,-1,-1,-0.70139,0.2768,-7.4119,-5.8459,-7.0031,-2.522,NaN,NaN,NaN,NaN,NaN
542.94,-5.377,-0.40575,7.4966,-0.6627,-0.55696,-8.2137,-6.2573,-8.0964,-3.1526,0.46917,0.15593,-1.025,NaN,NaN,NaN,NaN,NaN,NaN,NaN,NaN,NaN,47.826,0,2631,0.0064211,NaN,NaN,NaN,0.063263,12.553,97121,10.313,-0.70518,0.28039,-7.4062,-5.7936,-6.8435,-2.5155,NaN,NaN,NaN,NaN,NaN
542.94,0,0,0,0,0,0,0,0,0,0,0,0,NaN,NaN,NaN,NaN,NaN,NaN,NaN,NaN,NaN,47.826,0,2631,0.0064211,NaN,NaN,NaN,NaN,NaN,-1,-1,-0.70625,0.28966,-7.4136,-5.7382,-6.9014,-2.4877,NaN,NaN,NaN,NaN,NaN
542.94,-5.3918,-0.42305,7.492,-0.64163,-0.16648,-7.6876,-6.406,-6.8172,-2.6527,0,0,0,NaN,NaN,NaN,NaN,NaN,NaN,NaN,NaN,NaN,47.826,0,2631,0.0064211,NaN,NaN,NaN,NaN,NaN,-1,-1,-0.70016,0.29479,-7.4058,-5.6679,-6.8354,-2.4728,NaN,NaN,NaN,NaN,NaN
542.94,-5.436,-0.47928,7.4785,-0.88523,0.31586,-7.9903,-6.4991,-6.9971,-2.9859,0.47834,0.1511,-1.022,NaN,NaN,NaN,NaN,NaN,NaN,NaN,NaN,NaN,47.826,0,2631,0.0064211,NaN,NaN,NaN,NaN,12.647,97084,10.188,-0.70183,0.29555,-7.4173,-5.6278,-6.7581,-2.4728,NaN,NaN,NaN,NaN,NaN
542.95,-5.4518,-0.50123,7.4745,-0.90991,1.475,-7.5606,-6.8187,-8.6899,-2.6062,0,0,0,NaN,NaN,NaN,NaN,NaN,NaN,NaN,NaN,NaN,47.826,0,2631,0.0064211,0.97838,2.8203,0.71201,0.038291,NaN,-1,-1,-0.70336,0.28597,-7.4176,-5.5889,-6.9314,-2.4823,NaN,NaN,NaN,NaN,NaN
542.95,0,0,0,0,0,0,0,0,0,0,0,0,NaN,NaN,NaN,NaN,NaN,NaN,NaN,NaN,NaN,47.826,0,2631,0.0064211,NaN,NaN,NaN,NaN,NaN,-1,-1,-0.70081,0.29664,-7.4103,-5.5296,-6.8936,-2.4851,NaN,NaN,NaN,NaN,NaN
542.95,-5.4666,-0.51813,7.4692,-0.60775,-0.095227,-8.5232,-6.4032,-6.6333,-2.9032,0,0,0,NaN,NaN,NaN,NaN,NaN,NaN,NaN,NaN,NaN,47.826,0,2631,0.0064211,NaN,NaN,NaN,NaN,12.711,97096,10.25,-0.70297,0.3044,-7.4095,-5.5032,-6.8156,-2.484,NaN,NaN,NaN,NaN,NaN
542.95,-5.4811,-0.5357,7.4647,-0.56173,-0.55011,-6.3487,-6.3126,-6.9268,-2.6389,0,0,0,NaN,NaN,NaN,NaN,NaN,NaN,NaN,NaN,NaN,47.826,0,2631,0.0064211,NaN,NaN,NaN,NaN,NaN,-1,-1,-0.70598,0.30337,-7.4161,-5.4793,-6.9634,-2.4801,NaN,NaN,NaN,NaN,NaN
542.96,-5.4951,-0.55987,7.4608,-0.9352,0.38273,-7.2163,-6.0734,-9.5811,-2.599,0.4786,0.15086,-1.0264,NaN,NaN,NaN,NaN,NaN,NaN,NaN,NaN,NaN,47.826,0,2631,0.0064211,NaN,NaN,NaN,NaN,12.712,97110,10.313,-0.70499,0.30827,-7.3943,-5.4345,-6.8645,-2.4753,NaN,NaN,NaN,NaN,NaN
542.96,-5.5222,-0.59604,7.4524,-0.54126,-0.20522,-7.8664,-5.8883,-5.9211,-2.7755,0,0,0,NaN,NaN,NaN,NaN,NaN,NaN,NaN,NaN,NaN,47.826,0,2631,0.0064211,0.98988,2.9391,0.65116,0.080744,NaN,-1,-1,-0.71171,0.31482,-7.4737,-5.3998,-6.7836,-2.4849,NaN,NaN,NaN,NaN,NaN
542.96,-5.5348,-0.61563,7.4475,-0.78146,1.479,-7.0433,-5.5199,-7.713,-2.8618,0,0,0,NaN,NaN,NaN,NaN,NaN,NaN,NaN,NaN,NaN,47.826,0,2631,0.0064211,NaN,NaN,NaN,NaN,NaN,-1,-1,-0.70676,0.31112,-7.4721,-5.362,-6.9698,-2.4968,NaN,NaN,NaN,NaN,NaN
542.96,-5.6053,-0.70024,7.5214,-1.0049,0.53773,-7.6952,-5.4679,-9.2889,-2.8999,0.48089,0.14349,-1.0284,NaN,NaN,NaN,NaN,NaN,NaN,NaN,NaN,NaN,47.826,0,2631,0.0064211,NaN,NaN,NaN,NaN,12.615,97105,10.25,-0.70356,0.31382,-7.4794,-5.3366,-6.9236,-2.5097,NaN,NaN,NaN,NaN,NaN
542.97,-5.6185,-0.71757,7.5157,-0.48283,-0.23517,-8.0304,-5.7731,-6.7747,-3.1214,0,0,0,NaN,NaN,NaN,NaN,NaN,NaN,NaN,NaN,NaN,47.826,0,2631,0.0064211,NaN,NaN,NaN,NaN,NaN,-1,-1,-0.70821,0.32579,-7.4969,-5.3105,-6.915,-2.5129,NaN,NaN,NaN,NaN,NaN
542.97,-5.6437,-0.75779,7.507,-0.58818,0.68537,-7.6199,-5.4251,-9.1076,-2.5226,0,0,0,NaN,NaN,NaN,NaN,NaN,NaN,NaN,NaN,NaN,47.826,0,2631,0.0064211,NaN,NaN,NaN,NaN,NaN,-1,-1,-0.71647,0.32711,-7.5598,-5.2708,-6.9994,-2.5289,NaN,NaN,NaN,NaN,NaN
542.97,-5.6564,-0.77596,7.5026,-0.83965,0.065357,-8.893,-5.6395,-7.2297,-2.2855,0.48562,0.14836,-1.0258,NaN,NaN,NaN,NaN,NaN,NaN,NaN,NaN,NaN,47.826,0,2631,0.0064211,0.9729,2.8144,0.71566,0.024972,12.649,97092,10.25,-0.71395,0.32579,-7.5787,-5.2499,-7.0923,-2.5253,NaN,NaN,NaN,NaN,NaN
542.97,-5.6703,-0.78924,7.4976,-0.83957,0.3618,-5.9785,-6.0395,-5.1893,-2.6979,0,0,0,NaN,NaN,NaN,NaN,NaN,NaN,NaN,NaN,NaN,47.826,0,2631,0.0064211,NaN,NaN,NaN,NaN,NaN,-1,-1,-0.7204,0.3411,-7.5679,-5.2277,-7.2124,-2.5139,NaN,NaN,NaN,NaN,NaN
542.98,-5.695,-0.83512,7.4905,-0.93332,0.17971,-9.2714,-5.2757,-7.9929,-2.5717,0,0,0,NaN,NaN,NaN,NaN,NaN,NaN,NaN,NaN,NaN,47.826,0,2631,0.0064211,NaN,NaN,NaN,NaN,12.65,97128,10.375,-0.71624,0.32752,-7.5802,-5.2008,-7.2953,-2.5284,NaN,NaN,NaN,NaN,NaN
542.98,-5.7073,-0.84716,7.485,-0.5666,-0.41735,-6.7774,-5.4489,-4.7048,-2.7418,0.47599,0.15607,-1.0199,NaN,NaN,NaN,NaN,NaN,NaN,NaN,NaN,NaN,47.826,0,2631,0.0064211,NaN,NaN,NaN,NaN,NaN,-1,-1,-0.71219,0.32971,-7.5603,-5.1852,-7.3748,-2.5332,NaN,NaN,NaN,NaN,NaN
542.98,-5.7195,-0.87021,7.4813,-0.71008,-0.11072,-6.0159,-5.3848,-9.1319,-2.5556,0,0,0,NaN,NaN,NaN,NaN,NaN,NaN,NaN,NaN,NaN,47.826,0,2631,0.0064211,NaN,NaN,NaN,NaN,NaN,-1,-1,-0.72237,0.33036,-7.5815,-5.1919,-7.5076,-2.536,NaN,NaN,NaN,NaN,NaN
542.98,-5.7312,-0.8959,7.4785,-1.0783,0.86635,-8.2802,-5.1683,-10.213,-2.3231,0,0,0,NaN,NaN,NaN,NaN,NaN,NaN,NaN,NaN,NaN,47.826,0,2631,0.0064211,0.95867,2.9289,0.62073,0.11737,12.677,97090,10.188,-0.72531,0.3286,-7.5792,-5.1872,-7.6229,-2.538,NaN,NaN,NaN,NaN,NaN
542.99,-5.742,-0.90988,7.4738,-0.85391,-0.28091,-9.4544,-4.8249,-5.4757,-2.6004,0,0,0,NaN,NaN,NaN,NaN,NaN,NaN,NaN,NaN,NaN,47.826,0,2631,0.0064211,0.95867,2.9289,0.62073,0.11737,NaN,-1,-1,-0.71686,0.32718,-7.5687,-5.1895,-7.6724,-2.5544,NaN,NaN,NaN,NaN,NaN
542.99,-5.7532,-0.92551,7.4696,-0.59034,0.69252,-5.6251,-5.0016,-6.1586,-2.4303,0.48577,0.15811,-1.0235,NaN,NaN,NaN,NaN,NaN,NaN,NaN,NaN,NaN,47.826,0,2631,0.0064211,NaN,NaN,NaN,NaN,NaN,-1,-1,-0.72588,0.32572,-7.5828,-5.2013,-7.7762,-2.5676,NaN,NaN,NaN,NaN,NaN
542.99,-5.7646,-0.95205,7.4662,-0.87287,1.1355,-7.3445,-5.0533,-10.529,-2.5829,0,0,0,NaN,NaN,NaN,NaN,NaN,NaN,NaN,NaN,NaN,47.826,0,2631,0.0064211,NaN,NaN,NaN,NaN,12.645,97073,10.125,-0.7205,0.32539,-7.5584,-5.1776,-7.9738,-2.5828,NaN,NaN,NaN,NaN,NaN
542.99,-5.7752,-0.97059,7.4609,-0.64145,0.21554,-9.0523,-4.7475,-7.2676,-3.0198,0,0,0,NaN,NaN,NaN,NaN,NaN,NaN,NaN,NaN,NaN,47.826,0,2631,0.0064211,NaN,NaN,NaN,NaN,12.803,97101,10.25,-0.71638,0.32987,-7.5572,-5.1901,-8.0569,-2.6025,NaN,NaN,NaN,NaN,NaN
543,-5.797,-1.0078,7.4513,-0.36733,0.87932,-6.3343,-4.9858,-9.0412,-2.6238,0.48328,0.15826,-1.0215,NaN,NaN,NaN,NaN,NaN,NaN,NaN,NaN,NaN,47.826,0,2631,0.0064211,0.97345,2.9367,0.63533,NaN,NaN,-1,-1,-0.72321,0.33066,-7.5917,-4.9717,-7.9095,-2.509,NaN,NaN,NaN,NaN,NaN
543,-5.8074,-1.0305,7.4483,-0.89139,0.40996,-8.9504,-4.6431,-9.0041,-2.2802,0,0,0,NaN,NaN,NaN,NaN,NaN,NaN,NaN,NaN,NaN,47.826,0,2631,0.0064211,NaN,NaN,NaN,NaN,NaN,-1,-1,-0.7212,0.33493,-7.5834,-4.9502,-7.9753,-2.4994,NaN,NaN,NaN,NaN,NaN
543,-5.8193,-1.0435,7.4446,-1.0172,0.019299,-7.3605,-5.2704,-5.1303,-2.17,0,0,0,NaN,NaN,NaN,NaN,NaN,NaN,NaN,NaN,NaN,47.826,0,2631,0.0064211,NaN,NaN,NaN,NaN,NaN,-1,-1,-0.71594,0.33509,-7.5448,-4.9103,-8.0085,-2.5095,NaN,NaN,NaN,NaN,NaN
543,-5.8313,-1.0655,7.4413,-0.58308,1.213,-7.2815,-5.2962,-8.7075,-2.3586,0,0,0,NaN,NaN,NaN,NaN,NaN,NaN,NaN,NaN,NaN,47.826,0,2631,0.0064211,NaN,NaN,NaN,NaN,12.678,97086,10.188,-0.72579,0.3407,-7.5764,-4.8962,-8.1602,-2.5196,NaN,NaN,NaN,NaN,NaN
543.01,-5.8415,-1.087,7.4374,-1.0461,0.5611,-8.4098,-4.5913,-8.5239,-2.5549,0.48336,0.1656,-1.0193,NaN,NaN,NaN,NaN,NaN,NaN,NaN,NaN,NaN,47.826,0,2631,0.0064211,NaN,NaN,NaN,NaN,NaN,-1,-1,-0.73175,0.33854,-7.5994,-4.6202,-7.9505,-2.43,NaN,NaN,NaN,NaN,NaN
543.01,-5.8512,-1.1022,7.4332,-0.51786,-0.68005,-7.234,-4.4039,-5.9868,-2.456,0,0,0,NaN,NaN,NaN,NaN,NaN,NaN,NaN,NaN,NaN,47.826,0,2631,0.0064211,NaN,NaN,NaN,NaN,12.772,97061,10.125,-0.72311,0.34327,-7.5516,-4.5547,-7.9111,-2.4293,NaN,NaN,NaN,NaN,NaN
543.01,-5.862,-1.1241,7.4298,-0.64129,0.10421,-6.4236,-4.8248,-8.6552,-2.4002,0,0,0,NaN,NaN,NaN,NaN,NaN,NaN,NaN,NaN,NaN,47.826,0,2631,0.0064211,NaN,NaN,NaN,NaN,NaN,-1,-1,-0.72677,0.35003,-7.5541,-4.4932,-7.9487,-2.413,NaN,NaN,NaN,NaN,NaN
543.01,-5.872,-1.1486,7.4268,-0.96334,0.8795,-8.0722,-4.5053,-9.7355,-2.3779,0,0,0,NaN,NaN,NaN,NaN,NaN,NaN,NaN,NaN,NaN,47.826,0,2631,0.0064211,NaN,NaN,NaN,NaN,12.649,97093,10.25,-0.73752,0.35305,-7.577,-4.435,-8.0271,-2.3978,NaN,NaN,NaN,NaN,NaN
543.02,-5.8804,-1.1646,7.423,-1.0289,-0.50932,-9.5525,-3.8987,-6.3463,-2.2864,0.48536,0.1486,-1.0213,NaN,NaN,NaN,NaN,NaN,NaN,NaN,NaN,NaN,47.826,0,2631,0.0064211,NaN,NaN,NaN,NaN,NaN,-1,-1,-0.73484,0.35457,-7.5591,-4.3571,-7.9288,-2.3838,NaN,NaN,NaN,NaN,NaN
543.02,-5.8986,-1.206,7.4164,-0.85543,1.3302,-7.4065,-3.82,-10.004,-2.4012,0,0,0,NaN,NaN,NaN,NaN,NaN,NaN,NaN,NaN,NaN,47.826,0,2631,0.0064211,NaN,NaN,NaN,NaN,NaN,-1,-1,-0.73775,0.36159,-7.5609,-4.289,-7.9655,-2.3858,NaN,NaN,NaN,NaN,NaN
543.02,-5.9072,-1.2253,7.4123,-0.6956,0.32768,-8.4108,-3.967,-7.6138,-2.5996,0,0,0,NaN,NaN,NaN,NaN,NaN,NaN,NaN,NaN,NaN,47.826,0,2631,0.0064211,0.98002,2.9444,0.65177,0.074085,12.709,97086,10.188,-0.7347,0.36503,-7.5592,-4.21,-8.0795,-2.3941,NaN,NaN,NaN,NaN,NaN
543.02,-5.926,-1.2644,7.4056,-0.417,0.82596,-6.404,-4.4064,-8.3185,-2.1846,0,0,0,NaN,NaN,NaN,NaN,NaN,NaN,NaN,NaN,NaN,47.826,0,2631,0.0064211,NaN,NaN,NaN,NaN,NaN,-1,-1,-0.73484,0.35934,-7.528,-4.1307,-8.0618,-2.4074,NaN,NaN,NaN,NaN,NaN
543.03,-5.9341,-1.2848,7.4025,-0.79259,0.26574,-8.3253,-3.7227,-8.0993,-2.2276,0,0,0,NaN,NaN,NaN,NaN,NaN,NaN,NaN,NaN,NaN,47.826,0,2631,0.0064211,NaN,NaN,NaN,NaN,12.802,97083,10.188,-0.73749,0.36314,-7.5349,-4.0582,-8.1264,-2.3866,NaN,NaN,NaN,NaN,NaN
543.03,-5.9435,-1.3027,7.3984,-1.0046,0.29901,-7.1774,-4.3071,-7.0572,-2.5337,0,0,0,NaN,NaN,NaN,NaN,NaN,NaN,NaN,NaN,NaN,47.826,0,2631,0.0064211,NaN,NaN,NaN,NaN,NaN,-1,-1,-0.73576,0.36559,-7.539,-3.9933,-8.1502,-2.3513,NaN,NaN,NaN,NaN,NaN
543.03,-5.9532,-1.3248,7.3956,-0.72022,0.86318,-8.0159,-4.3813,-8.8144,-2.1753,0.49043,0.16057,-1.0209,NaN,NaN,NaN,NaN,NaN,NaN,NaN,NaN,NaN,47.826,0,2631,0.0064211,NaN,NaN,NaN,NaN,NaN,-1,-1,-0.73353,0.35958,-7.506,-3.929,-8.088,-2.345,NaN,NaN,NaN,NaN,NaN
543.03,-5.9622,-1.3449,7.3926,-0.96554,1.0587,-8.0821,-4.136,-7.9593,-2.2004,0,0,0,NaN,NaN,NaN,NaN,NaN,NaN,NaN,NaN,NaN,47.826,0,2606.7,0.0069644,0.96579,2.9313,0.63107,0.10239,12.646,97092,10.188,-0.7345,0.36196,-7.4967,-3.8466,-8.1294,-2.3433,NaN,NaN,NaN,NaN,NaN
543.04,-5.9704,-1.3621,7.3889,-0.49471,-0.60147,-7.4747,-3.7571,-6.7845,-2.3362,0,0,0,NaN,NaN,NaN,NaN,NaN,NaN,NaN,NaN,NaN,47.826,0,2606.7,0.0069644,NaN,NaN,NaN,NaN,NaN,-1,-1,-0.74256,0.36991,-7.4984,-3.7526,-8.0401,-2.3427,NaN,NaN,NaN,NaN,NaN
543.04,-5.9793,-1.3837,7.3854,-0.64183,-0.2635,-6.3322,-4.076,-8.5674,-2.4575,0,0,0,NaN,NaN,NaN,NaN,NaN,NaN,NaN,NaN,NaN,47.826,0,2606.7,0.0069644,NaN,NaN,NaN,NaN,NaN,-1,-1,-0.74012,0.36332,-7.4889,-3.6625,-8.0447,-2.3337,NaN,NaN,NaN,NaN,NaN
543.04,-5.9865,-1.4072,7.3827,-1.0067,1.118,-7.9501,-3.4157,-9.3152,-2.1623,0.49232,0.14862,-1.0185,NaN,NaN,NaN,NaN,NaN,NaN,NaN,NaN,NaN,47.826,0,2606.7,0.0069644,NaN,NaN,NaN,NaN,12.743,97092,10.25,-0.73678,0.36746,-7.4538,-3.576,-8.1702,-2.3204,NaN,NaN,NaN,NaN,NaN
543.04,-5.9927,-1.425,7.3794,-0.93962,-0.33591,-9.6073,-2.9841,-7.0772,-2.2287,0,0,0,NaN,NaN,NaN,NaN,NaN,NaN,NaN,NaN,NaN,47.826,0,2606.7,0.0069644,NaN,NaN,NaN,NaN,NaN,-1,-1,-0.74478,0.36447,-7.4611,-3.4773,-8.1252,-2.3138,NaN,NaN,NaN,NaN,NaN
543.05,-6.0008,-1.4415,7.3759,-0.48741,0.27666,-6.0292,-3.7337,-6.5128,-2.2546,0,0,0,NaN,NaN,NaN,NaN,NaN,NaN,NaN,NaN,NaN,47.826,0,2606.7,0.0069644,0.96633,3.1944,0.62925,0.11071,12.709,97106,10.25,-0.74885,0.36249,-7.4533,-3.3906,-7.9999,-2.3016,NaN,NaN,NaN,NaN,NaN
543.05,-6.0071,-1.4659,7.3724,-0.7931,1.67,-7.7271,-3.033,-9.6694,-2.5812,0,0,0,NaN,NaN,NaN,NaN,NaN,NaN,NaN,NaN,NaN,47.826,0,2606.7,0.0069644,NaN,NaN,NaN,NaN,NaN,-1,-1,-0.73959,0.35009,-7.4163,-3.3165,-8.0818,-2.2949,NaN,NaN,NaN,NaN,NaN
543.05,-6.013,-1.4862,7.368,-0.84882,0.20271,-8.2034,-2.9434,-8.011,-2.6728,0.49063,0.16286,-1.0231,NaN,NaN,NaN,NaN,NaN,NaN,NaN,NaN,NaN,47.826,0,2606.7,0.0069644,NaN,NaN,NaN,NaN,NaN,-1,-1,-0.74123,0.3508,-7.4228,-3.2148,-8.0934,-2.3056,NaN,NaN,NaN,NaN,NaN
543.05,-6.0185,-1.5053,7.3638,-0.58951,-0.61312,-7.755,-2.6971,-7.5594,-2.607,0,0,0,NaN,NaN,NaN,NaN,NaN,NaN,NaN,NaN,NaN,47.826,0,2606.7,0.0069644,NaN,NaN,NaN,NaN,12.706,97084,10.125,-0.75206,0.36169,-7.4068,-3.1345,-8.1186,-2.2995,NaN,NaN,NaN,NaN,NaN
543.06,-6.0256,-1.5272,7.3604,-0.26573,0.19759,-7.1501,-3.3643,-8.6533,-2.447,0,0,0,NaN,NaN,NaN,NaN,NaN,NaN,NaN,NaN,NaN,47.826,0,2606.7,0.0069644,NaN,NaN,NaN,NaN,NaN,-1,-1,-0.7459,0.36595,-7.3896,-3.0659,-8.1387,-2.288,NaN,NaN,NaN,NaN,NaN
543.06,-6.0382,-1.5654,7.355,-0.87816,0.58282,-8.2992,-3.063,-6.8631,-2.1018,0.49482,0.1534,-1.0182,NaN,NaN,NaN,NaN,NaN,NaN,NaN,NaN,NaN,47.826,0,2606.7,0.0069644,0.96086,NaN,0.62742,NaN,NaN,-1,-1,-0.74394,0.36083,-7.3729,-3.0204,-8.0356,-2.2638,NaN,NaN,NaN,NaN,NaN
543.06,-6.0457,-1.586,7.3522,-0.77174,0.57021,-7.2141,-3.5387,-8.2032,-2.1531,0,0,0,NaN,NaN,NaN,NaN,NaN,NaN,NaN,NaN,NaN,47.826,0,2606.7,0.0069644,NaN,5.9127,NaN,0.097392,12.771,97105,10.25,-0.74766,0.36241,-7.3641,-2.96,-8.0537,-2.2526,NaN,NaN,NaN,NaN,NaN
543.06,-6.0521,-1.6085,7.3497,-0.82202,0.82908,-7.7439,-3.0617,-8.9218,-2.0892,0,0,0,NaN,NaN,NaN,NaN,NaN,NaN,NaN,NaN,NaN,47.826,0,2606.7,0.0069644,NaN,NaN,NaN,NaN,NaN,-1,-1,-0.74627,0.36536,-7.3409,-2.9093,-8.0405,-2.2563,NaN,NaN,NaN,NaN,NaN
543.07,-6.0581,-1.6253,7.3462,-0.52438,0.1867,-8.4315,-2.9156,-6.6532,-2.2973,0,0,0,NaN,NaN,NaN,NaN,NaN,NaN,NaN,NaN,NaN,47.826,0,2606.7,0.0069644,NaN,NaN,NaN,NaN,12.612,97082,10.125,-0.74282,0.34581,-7.3159,-2.8209,-7.9943,-2.2481,NaN,NaN,NaN,NaN,NaN
543.07,-6.0632,-1.6456,7.3429,-0.58334,-0.38435,-6.2349,-2.5811,-8.0619,-2.2126,0.49051,0.16298,-1.0209,NaN,NaN,NaN,NaN,NaN,NaN,NaN,NaN,NaN,47.826,0,2606.7,0.0069644,NaN,NaN,NaN,NaN,NaN,-1,-1,-0.74983,0.36905,-7.3044,-2.7635,-7.9591,-2.2417,NaN,NaN,NaN,NaN,NaN
543.07,-6.0694,-1.6706,7.3401,-1.0639,0.47302,-8.2814,-2.9887,-9.9134,-2.3701,0,0,0,NaN,NaN,NaN,NaN,NaN,NaN,NaN,NaN,NaN,47.826,0,2606.7,0.0069644,NaN,NaN,NaN,NaN,NaN,-1,-1,-0.75066,0.36717,-7.2798,-2.715,-8.0159,-2.2345,NaN,NaN,NaN,NaN,NaN
543.07,-6.0738,-1.6897,7.3375,-0.75161,0.63648,-8.5701,-2.2626,-7.619,-2.0051,0,0,0,NaN,NaN,NaN,NaN,NaN,NaN,NaN,NaN,NaN,47.826,0,2606.7,0.0069644,0.96798,8.5249,0.71201,0.044118,12.487,97075,10.125,-0.75067,0.35635,-7.2731,-2.6357,-7.9385,-2.211,NaN,NaN,NaN,NaN,NaN
543.08,-6.0785,-1.707,7.3351,-0.41364,-0.21544,-7.4559,-2.3869,-6.8643,-1.8437,0,0,0,NaN,NaN,NaN,NaN,NaN,NaN,NaN,NaN,NaN,47.826,0,2606.7,0.0069644,NaN,NaN,NaN,NaN,NaN,-1,-1,-0.74825,0.35744,-7.2423,-2.5638,-7.9223,-2.2053,NaN,NaN,NaN,NaN,NaN
543.08,-6.0839,-1.7277,7.3328,-0.95217,1.1656,-7.2362,-2.6604,-8.2494,-1.9369,0.49294,0.16535,-1.0206,NaN,NaN,NaN,NaN,NaN,NaN,NaN,NaN,NaN,47.826,0,2606.7,0.0069644,NaN,NaN,NaN,NaN,NaN,-1,-1,-0.74546,0.35047,-7.2349,-2.518,-7.8512,-2.2072,NaN,NaN,NaN,NaN,NaN
543.08,-6.0877,-1.7484,7.3294,-0.86962,1.1467,-7.3081,-2.0508,-8.2064,-2.4087,0,0,0,NaN,NaN,NaN,NaN,NaN,NaN,NaN,NaN,NaN,47.826,0,2606.7,0.0069644,NaN,NaN,NaN,NaN,12.681,97088,10.25,-0.75186,0.35107,-7.2408,-2.4945,-7.8174,-2.1881,NaN,NaN,NaN,NaN,NaN
543.08,-6.0912,-1.7678,7.3252,-0.47244,-0.76404,-7.997,-1.9186,-7.6168,-2.6476,0,0,0,NaN,NaN,NaN,NaN,NaN,NaN,NaN,NaN,NaN,47.826,0,2606.7,0.0069644,NaN,NaN,NaN,NaN,12.523,97094,10.25,-0.75491,0.36615,-7.2089,-2.4291,-7.7511,-2.1806,NaN,NaN,NaN,NaN,NaN
543.09,-6.1015,-1.8067,7.3193,-0.67069,1.2279,-8.0408,-2.3184,-7.7265,-2.2312,0.49483,0.15834,-1.016,NaN,NaN,NaN,NaN,NaN,NaN,NaN,NaN,NaN,47.826,0,2606.7,0.0069644,1.0173,11.825,0.65177,0.074917,NaN,-1,-1,-0.7522,0.36738,-7.1885,-2.4178,-7.6029,-2.1765,NaN,NaN,NaN,NaN,NaN
543.09,-6.1056,-1.8243,7.3166,-0.69676,0.2,-7.6382,-2.1254,-7.0066,-1.9644,0,0,0,NaN,NaN,NaN,NaN,NaN,NaN,NaN,NaN,NaN,47.826,0,2606.7,0.0069644,NaN,NaN,NaN,NaN,NaN,-1,-1,-0.75378,0.36187,-7.1953,-2.4048,-7.5787,-2.1686,NaN,NaN,NaN,NaN,NaN
543.09,-6.111,-1.8422,7.3137,-0.73744,0.20659,-7.3632,-2.688,-7.0775,-2.0975,0,0,0,NaN,NaN,NaN,NaN,NaN,NaN,NaN,NaN,NaN,47.826,0,2606.7,0.0069644,NaN,NaN,NaN,NaN,NaN,-1,-1,-0.75386,0.36537,-7.1681,-2.3873,-7.4528,-2.1432,NaN,NaN,NaN,NaN,NaN
543.09,-6.1163,-1.8634,7.3109,-1.0553,1.5774,-7.6806,-2.6453,-8.4162,-2.1841,0,0,0,NaN,NaN,NaN,NaN,NaN,NaN,NaN,NaN,NaN,47.826,0,2606.7,0.0069644,NaN,NaN,NaN,NaN,12.802,97088,10.188,-0.75498,0.36532,-7.1403,-2.3513,-7.2405,-2.136,NaN,NaN,NaN,NaN,NaN
543.1,-6.1211,-1.8788,7.3077,-0.75878,-0.10883,-8.4486,-2.4268,-6.1135,-2.0561,0.49273,0.15813,-1.0207,NaN,NaN,NaN,NaN,NaN,NaN,NaN,NaN,NaN,47.826,0,2606.7,0.0069644,NaN,NaN,NaN,NaN,NaN,-1,-1,-0.75702,0.34838,-7.1374,-2.3597,-7.1077,-2.1405,NaN,NaN,NaN,NaN,NaN
543.1,-6.126,-1.8941,7.3044,-0.30882,-0.49011,-5.8852,-2.4977,-6.0682,-2.1064,0,0,0,NaN,NaN,NaN,NaN,NaN,NaN,NaN,NaN,NaN,47.826,0,2606.7,0.0069644,NaN,NaN,NaN,NaN,NaN,-1,-1,-0.76097,0.35922,-7.1266,-2.3453,-7.0417,-2.1348,NaN,NaN,NaN,NaN,NaN
543.1,-6.1307,-1.9157,7.3019,-1.2518,0.67948,-7.2783,-2.3703,-8.5655,-2.1006,0,0,0,NaN,NaN,NaN,NaN,NaN,NaN,NaN,NaN,NaN,47.826,0,2606.7,0.0069644,NaN,NaN,NaN,NaN,12.677,97071,10.125,-0.77044,0.36887,-7.1323,-2.3025,-6.8332,-2.1243,NaN,NaN,NaN,NaN,NaN
543.1,-6.1347,-1.9328,7.2989,-0.89134,0.50238,-8.0341,-2.102,-6.7794,-2.0824,0,0,0,NaN,NaN,NaN,NaN,NaN,NaN,NaN,NaN,NaN,47.826,0,2606.7,0.0069644,NaN,NaN,NaN,NaN,NaN,-1,-1,-0.76603,0.35692,-7.0944,-2.3101,-6.6152,-2.1141,NaN,NaN,NaN,NaN,NaN
543.11,-6.1401,-1.9466,7.2955,-0.36847,-0.71348,-7.4866,-2.7211,-5.4698,-2.0606,0.49241,0.16583,-1.0118,NaN,NaN,NaN,NaN,NaN,NaN,NaN,NaN,NaN,47.826,0,2606.7,0.0069644,NaN,NaN,NaN,NaN,12.647,97103,10.25,-0.76442,0.35559,-7.0821,-2.372,-6.3513,-2.1794,NaN,NaN,NaN,NaN,NaN
543.11,-6.145,-1.9631,7.292,-0.8167,1.4341,-6.5219,-2.4711,-6.507,-2.2611,0,0,0,NaN,NaN,NaN,NaN,NaN,NaN,NaN,NaN,NaN,47.826,0,2606.7,0.0069644,NaN,NaN,NaN,NaN,NaN,-1,-1,-0.77019,0.3594,-7.0709,-2.3357,-6.1214,-2.1674,NaN,NaN,NaN,NaN,NaN
543.11,-6.1483,-1.9799,7.2889,-0.85833,1.015,-7.0437,-1.8486,-6.6413,-2.1009,0,0,0,NaN,NaN,NaN,NaN,NaN,NaN,NaN,NaN,NaN,47.826,0,2606.7,0.0069644,1.0698,14.886,0.70593,0.011654,NaN,-1,-1,-0.76697,0.33626,-7.0497,-2.298,-5.8062,-2.1631,NaN,NaN,NaN,NaN,NaN
543.11,-6.1516,-1.9951,7.2851,-0.53798,-0.35843,-7.6965,-1.8457,-5.9982,-2.3496,0,0,0,NaN,NaN,NaN,NaN,NaN,NaN,NaN,NaN,NaN,47.826,0,2606.7,0.0069644,NaN,NaN,NaN,NaN,12.486,97082,10.125,-0.76599,0.33683,-7.0357,-2.2921,-5.5875,-2.1571,NaN,NaN,NaN,NaN,NaN
543.12,-6.1566,-2.0086,7.2815,-0.7927,-0.44561,-7.6312,-2.5551,-5.3196,-2.1456,0.48558,0.16075,-1.0191,NaN,NaN,NaN,NaN,NaN,NaN,NaN,NaN,NaN,47.826,0,2606.7,0.0069644,NaN,NaN,NaN,NaN,NaN,-1,-1,-0.77479,0.35796,-7.036,-2.2885,-5.2656,-2.1419,NaN,NaN,NaN,NaN,NaN
543.12,-6.165,-2.0351,7.2746,-0.70279,0.062415,-7.37,-1.7448,-5.828,-1.8822,0,0,0,NaN,NaN,NaN,NaN,NaN,NaN,NaN,NaN,NaN,47.826,0,2606.7,0.0069644,NaN,NaN,NaN,NaN,NaN,-1,-1,-0.76855,0.36246,-6.9916,-2.3769,-4.7998,-2.1913,NaN,NaN,NaN,NaN,NaN
543.12,-6.1708,-2.0442,7.2706,-1.0834,0.14878,-7.0956,-2.8277,-3.5617,-2.141,0,0,0,NaN,NaN,NaN,NaN,NaN,NaN,NaN,NaN,NaN,47.826,0,2606.7,0.0069644,NaN,NaN,NaN,NaN,12.707,97073,10.125,-0.7712,0.35793,-6.9716,-2.3802,-4.5463,-2.1611,NaN,NaN,NaN,NaN,NaN
543.12,-6.1759,-2.0572,7.2671,-0.98084,1.4349,-7.0201,-2.6017,-5.1488,-2.039,0.49248,0.16331,-1.014,NaN,NaN,NaN,NaN,NaN,NaN,NaN,NaN,NaN,47.826,0,2606.7,0.0069644,0.9959,NaN,0.63168,NaN,12.712,97111,10.313,-0.77246,0.34818,-6.9843,-2.3914,-4.1661,-2.1339,NaN,NaN,NaN,NaN,NaN
543.13,-6.1802,-2.0653,7.2632,-0.59446,0.19659,-7.2257,-2.2618,-3.1375,-2.0312,0,0,0,NaN,NaN,NaN,NaN,NaN,NaN,NaN,NaN,NaN,47.826,0,2606.7,0.0069644,NaN,14.987,NaN,0.091565,NaN,-1,-1,-0.76954,0.34204,-6.963,-2.3599,-3.8537,-2.112,NaN,NaN,NaN,NaN,NaN
543.13,-6.1857,-2.073,7.2583,-0.6392,-0.83147,-6.3623,-2.7654,-2.9714,-2.453,0,0,0,NaN,NaN,NaN,NaN,NaN,NaN,NaN,NaN,NaN,47.826,0,2606.7,0.0069644,NaN,NaN,NaN,NaN,NaN,-1,-1,-0.76815,0.34163,-6.918,-2.3483,-3.5825,-2.1056,NaN,NaN,NaN,NaN,NaN
543.13,-6.191,-2.0837,7.2547,-0.76638,0.55476,-6.9714,-2.6261,-4.2024,-2.0659,0,0,0,NaN,NaN,NaN,NaN,NaN,NaN,NaN,NaN,NaN,47.826,0,2606.7,0.0069644,NaN,NaN,NaN,NaN,NaN,-1,-1,-0.77319,0.34387,-6.9362,-2.3092,-3.2526,-2.0824,NaN,NaN,NaN,NaN,NaN
543.13,-6.1949,-2.0916,7.2507,-0.94672,1.3359,-6.6833,-2.1061,-3.0595,-2.0644,0.50192,0.16318,-1.0131,6.4156,13.055,-1.4784,14.621,40.058,-88.549,3.6786e+05,4.4354e+06,312.97,47.826,0,2606.7,0.0069644,NaN,NaN,NaN,NaN,12.557,97141,10.438,-0.77149,0.34253,-6.9203,-2.2805,-2.8192,-2.0561,13.805,4.5839,1.4785,6.1131,18.271
543.14,-6.1985,-2.0965,7.2459,-0.96134,-0.77204,-7.7082,-2.0008,-1.8557,-2.3097,0,0,0,NaN,NaN,NaN,NaN,NaN,NaN,NaN,NaN,NaN,47.826,0,2606.7,0.0069644,NaN,NaN,NaN,NaN,NaN,-1,-1,-0.76586,0.33267,-6.8968,-2.2631,-2.3895,-2.0296,NaN,NaN,NaN,NaN,NaN
543.14,-6.2041,-2.1012,7.2418,-0.47741,0.51318,-6.3881,-2.7572,-1.7906,-1.9903,0,0,0,NaN,NaN,NaN,NaN,NaN,NaN,NaN,NaN,NaN,47.826,0,2606.7,0.0069644,NaN,NaN,NaN,NaN,NaN,-1,-1,-0.76295,0.33445,-6.878,-2.24,-2.0294,-2.0175,NaN,NaN,NaN,NaN,NaN
543.14,-6.2075,-2.1073,7.2373,-1.3614,1.4402,-7.1644,-1.9083,-2.3565,-2.209,0,0,0,NaN,NaN,NaN,NaN,NaN,NaN,NaN,NaN,NaN,47.826,0,2606.7,0.0069644,NaN,NaN,NaN,NaN,12.617,97096,10.25,-0.76064,0.3142,-6.8605,-2.2241,-1.6183,-2.0143,NaN,NaN,NaN,NaN,NaN
543.14,-6.2117,-2.1061,7.2325,-0.51328,0.39691,-6.7369,-2.2541,0.56603,-1.9697,0.49004,0.16093,-1.0142,NaN,NaN,NaN,NaN,NaN,NaN,NaN,NaN,NaN,47.826,0,2575.3,0.0064211,NaN,NaN,NaN,NaN,12.453,97068,10.063,-0.76898,0.31537,-6.7193,-2.2212,-1.1072,-2.0036,NaN,NaN,NaN,NaN,NaN
543.15,-6.2164,-2.1081,7.2268,-0.55131,-1.3532,-5.5763,-2.4228,-0.64188,-2.5306,0,0,0,NaN,NaN,NaN,NaN,NaN,NaN,NaN,NaN,NaN,47.826,0,2575.3,0.0064211,NaN,NaN,NaN,NaN,NaN,-1,-1,-0.77075,0.33283,-6.7308,-2.2243,-0.65292,-1.9854,NaN,NaN,NaN,NaN,NaN
543.15,-6.2222,-2.1111,7.2221,-0.64624,1.1429,-7.4353,-2.8923,-1.1076,-2.1655,0,0,0,NaN,NaN,NaN,NaN,NaN,NaN,NaN,NaN,NaN,47.826,0,2575.3,0.0064211,NaN,NaN,NaN,NaN,NaN,-1,-1,-0.77161,0.32819,-6.7752,-2.2407,-0.20185,-1.9722,NaN,NaN,NaN,NaN,NaN
543.15,-6.2263,-2.1103,7.2175,-0.86045,0.67273,-8.1064,-2.1596,0.41631,-1.9526,0,0,0,NaN,NaN,NaN,NaN,NaN,NaN,NaN,NaN,NaN,47.826,0,2575.3,0.0064211,1.0173,14.984,0.64751,0.075749,NaN,-1,-1,-0.76917,0.3422,-6.7734,-2.2613,0.26518,-1.9635,NaN,NaN,NaN,NaN,NaN
543.15,-6.2308,-2.104,7.2123,-0.70535,0.11065,-5.1878,-2.372,2.641,-1.9299,0.50624,0.1536,-1.0105,NaN,NaN,NaN,NaN,NaN,NaN,NaN,NaN,NaN,47.826,0,2575.3,0.0064211,NaN,NaN,NaN,NaN,12.425,97110,10.25,-0.76208,0.33391,-6.7926,-2.2704,0.80665,-1.9496,NaN,NaN,NaN,NaN,NaN
543.16,-6.2428,-2.0997,7.2025,-1.1763,1.2212,-7.3023,-2.9618,1.8113,-2.105,0,0,0,NaN,NaN,NaN,NaN,NaN,NaN,NaN,NaN,NaN,47.826,0,2575.3,0.0064211,NaN,NaN,NaN,NaN,NaN,-1,-1,-0.76915,0.32541,-6.6811,-2.2701,1.3349,-1.9314,NaN,NaN,NaN,NaN,NaN
543.16,-6.2474,-2.091,7.1966,-0.37279,-0.078593,-7.7419,-2.4184,3.6028,-2.1213,0,0,0,NaN,NaN,NaN,NaN,NaN,NaN,NaN,NaN,NaN,47.826,0,2575.3,0.0064211,NaN,NaN,NaN,NaN,NaN,-1,-1,-0.76468,0.32805,-6.6805,-2.2647,1.8253,-1.9263,NaN,NaN,NaN,NaN,NaN
543.16,0,0,0,0,0,0,0,0,0,0,0,0,NaN,NaN,NaN,NaN,NaN,NaN,NaN,NaN,NaN,47.826,0,2575.3,0.0064211,NaN,NaN,NaN,NaN,12.518,97083,10.125,-0.76809,0.34781,-6.7013,-2.2567,2.3369,-1.917,NaN,NaN,NaN,NaN,NaN
543.16,-6.2528,-2.0831,7.1901,-0.62166,-0.55074,-5.1233,-2.7234,3.3021,-2.2914,0.50394,0.15604,-1.0107,NaN,NaN,NaN,NaN,NaN,NaN,NaN,NaN,NaN,47.826,0,2575.3,0.0064211,1.0008,14.988,0.63533,0.092398,NaN,-1,-1,-0.75837,0.34579,-6.7279,-2.2679,2.8778,-1.9065,NaN,NaN,NaN,NaN,NaN
543.17,-6.258,-2.0779,7.1846,-1.0954,0.91335,-6.48,-2.6556,2.203,-2.1374,0,0,0,NaN,NaN,NaN,NaN,NaN,NaN,NaN,NaN,NaN,47.826,0,2575.3,0.0064211,NaN,NaN,NaN,NaN,12.737,97042,10,-0.75806,0.35292,-6.7346,-2.2572,3.4697,-1.9084,NaN,NaN,NaN,NaN,NaN
543.17,-6.2663,-2.0565,7.172,-0.58761,-0.17591,-6.1078,-2.5381,5.0098,-2.1272,0,0,0,NaN,NaN,NaN,NaN,NaN,NaN,NaN,NaN,NaN,47.826,0,2575.3,0.0064211,NaN,NaN,NaN,NaN,NaN,-1,-1,-0.75193,0.34028,-6.7648,-2.2486,3.9853,-1.8984,NaN,NaN,NaN,NaN,NaN
543.17,-6.2707,-2.0444,7.1657,-0.95115,0.99563,-7.1902,-2.349,4.9879,-2.1007,0.50623,0.14867,-1.0128,NaN,NaN,NaN,NaN,NaN,NaN,NaN,NaN,NaN,47.826,0,2575.3,0.0064211,NaN,NaN,NaN,NaN,NaN,-1,-1,-0.74423,0.33428,-6.7973,-2.2442,4.483,-1.8995,NaN,NaN,NaN,NaN,NaN
543.17,0,0,0,0,0,0,0,0,0,0,0,0,NaN,NaN,NaN,NaN,NaN,NaN,NaN,NaN,NaN,47.826,0,2575.3,0.0064211,NaN,NaN,NaN,NaN,12.523,97112,10.313,-0.742,0.35145,-6.8515,-2.2437,5.101,-1.894,NaN,NaN,NaN,NaN,NaN
543.18,-6.2743,-2.0296,7.1592,-0.72974,1.0066,-6.2588,-1.9867,6.0774,-2.1069,0,0,0,NaN,NaN,NaN,NaN,NaN,NaN,NaN,NaN,NaN,47.826,0,2575.3,0.0064211,1.003,17.624,0.6402,0.10239,NaN,-1,-1,-0.73325,0.36177,-6.8625,-2.2341,5.6632,-1.8911,NaN,NaN,NaN,NaN,NaN
543.18,-6.277,-2.0158,7.1523,-0.72797,-0.22726,-8.0094,-1.6483,5.6738,-2.29,0,0,0,NaN,NaN,NaN,NaN,NaN,NaN,NaN,NaN,NaN,47.826,0,2575.3,0.0064211,NaN,NaN,NaN,NaN,NaN,-1,-1,-0.72276,0.36015,-6.879,-2.27,6.2175,-1.8802,NaN,NaN,NaN,NaN,NaN
543.18,-6.2822,-1.9973,7.1453,-0.56163,-0.17238,-6.7646,-2.6637,7.5396,-2.1277,0,0,0,NaN,NaN,NaN,NaN,NaN,NaN,NaN,NaN,NaN,47.826,0,2575.3,0.0064211,NaN,NaN,NaN,NaN,12.675,97101,10.188,-0.72067,0.35953,-6.9308,-2.2836,6.8075,-1.8821,NaN,NaN,NaN,NaN,NaN
543.18,-6.2922,-1.9609,7.1324,-0.95375,0.26251,-8.1394,-2.6773,7.8963,-1.868,0,0,0,NaN,NaN,NaN,NaN,NaN,NaN,NaN,NaN,NaN,47.826,0,2575.3,0.0064211,NaN,NaN,NaN,NaN,NaN,-1,-1,-0.71138,0.35417,-6.9492,-2.3011,7.3137,-1.8829,NaN,NaN,NaN,NaN,NaN
543.19,-6.2982,-1.9376,7.1252,-0.97669,0.28933,-7.1696,-2.9751,9.5094,-2.0171,0,0,0,NaN,NaN,NaN,NaN,NaN,NaN,NaN,NaN,NaN,47.826,0,2575.3,0.0064211,NaN,NaN,NaN,NaN,12.452,97074,10.063,-0.70198,0.34389,-6.9644,-2.3452,7.9195,-1.881,NaN,NaN,NaN,NaN,NaN
543.19,-6.3042,-1.9167,7.1185,-0.94164,0.9723,-6.3543,-2.9432,8.4766,-1.9069,0,0,0,NaN,NaN,NaN,NaN,NaN,NaN,NaN,NaN,NaN,47.826,0,2575.3,0.0064211,1.0019,NaN,0.62925,NaN,NaN,-1,-1,-0.69851,0.36589,-6.9982,-2.3651,8.5933,-1.8797,NaN,NaN,NaN,NaN,NaN
543.19,-6.3745,-1.9579,7.1956,-0.50599,0.20488,-7.9948,-3.0908,8.1349,-1.9489,0.50447,0.15556,-1.0196,NaN,NaN,NaN,NaN,NaN,NaN,NaN,NaN,NaN,47.826,0,2575.3,0.0064211,NaN,20.314,NaN,0.10072,NaN,-1,-1,-0.69834,0.37404,-7.088,-2.3628,9.1491,-1.8751,NaN,NaN,NaN,NaN,NaN
543.19,-6.38,-1.9303,7.1879,-0.7797,0.21918,-7.5287,-2.8011,11.175,-2.0109,0,0,0,NaN,NaN,NaN,NaN,NaN,NaN,NaN,NaN,NaN,47.826,0,2575.3,0.0064211,NaN,NaN,NaN,NaN,12.741,97099,10.25,-0.68963,0.3664,-7.1158,-2.3552,9.6801,-1.889,NaN,NaN,NaN,NaN,NaN
543.2,-6.3847,-1.9023,7.1799,-0.8143,0.23703,-6.4368,-2.4451,11.404,-2.0968,0,0,0,NaN,NaN,NaN,NaN,NaN,NaN,NaN,NaN,NaN,47.826,0,2575.3,0.0064211,NaN,NaN,NaN,NaN,NaN,-1,-1,-0.68218,0.36469,-7.1728,-2.3746,10.39,-1.8907,NaN,NaN,NaN,NaN,NaN
543.2,-6.3893,-1.8799,7.1727,-0.66052,0.73347,-7.0063,-2.4272,9.1069,-2.0063,0,0,0,NaN,NaN,NaN,NaN,NaN,NaN,NaN,NaN,NaN,47.826,0,2575.3,0.0064211,NaN,NaN,NaN,NaN,NaN,-1,-1,-0.67103,0.34393,-7.1899,-2.365,11.069,-1.897,NaN,NaN,NaN,NaN,NaN
543.2,-6.3928,-1.8495,7.1644,-0.81425,-0.12984,-8.127,-2.0036,12.327,-1.9798,0.49228,0.16102,-1.0118,NaN,NaN,NaN,NaN,NaN,NaN,NaN,NaN,NaN,47.826,0,2575.3,0.0064211,NaN,NaN,NaN,NaN,12.489,97086,10.188,-0.67107,0.33981,-7.3335,-2.3576,11.613,-1.8924,NaN,NaN,NaN,NaN,NaN
543.2,-6.3966,-1.8161,7.1561,-0.61457,0.39992,-7.1346,-2.1245,13.524,-1.96,0,0,0,NaN,NaN,NaN,NaN,NaN,NaN,NaN,NaN,NaN,47.826,0,2575.3,0.0064211,NaN,NaN,NaN,NaN,NaN,-1,-1,-0.66964,0.35824,-7.3677,-2.3746,12.231,-1.919,NaN,NaN,NaN,NaN,NaN
543.21,-6.4001,-1.7852,7.1482,-0.82695,0.83354,-6.4398,-1.9706,12.547,-1.9234,0,0,0,NaN,NaN,NaN,NaN,NaN,NaN,NaN,NaN,NaN,47.826,0,2575.3,0.0064211,NaN,NaN,NaN,NaN,12.675,97081,10.125,-0.65596,0.37496,-7.4041,-2.3964,12.959,-1.9298,NaN,NaN,NaN,NaN,NaN
543.21,-6.4039,-1.7523,7.14,-0.6526,0.57561,-8.4926,-2.0815,13.347,-1.9658,0,0,0,NaN,NaN,NaN,NaN,NaN,NaN,NaN,NaN,NaN,47.826,0,2575.3,0.0064211,NaN,NaN,NaN,NaN,NaN,-1,-1,-0.64972,0.36219,-7.4542,-2.4006,13.564,-1.9396,NaN,NaN,NaN,NaN,NaN
543.21,-6.4086,-1.7158,7.1308,-0.48524,-0.74127,-7.1952,-2.4622,14.827,-2.1806,0.49962,0.16068,-1.0156,NaN,NaN,NaN,NaN,NaN,NaN,NaN,NaN,NaN,47.826,0,2575.3,0.0064211,NaN,NaN,NaN,NaN,NaN,-1,-1,-0.64768,0.36886,-7.5224,-2.4035,14.334,-1.9461,NaN,NaN,NaN,NaN,NaN
543.21,-6.4135,-1.6809,7.1228,-0.23072,1.0687,-7.6545,-2.5661,14.108,-1.801,0,0,0,NaN,NaN,NaN,NaN,NaN,NaN,NaN,NaN,NaN,47.826,0,2575.3,0.0064211,NaN,NaN,NaN,NaN,12.71,97124,10.313,-0.63412,0.35605,-7.5624,-2.4409,14.986,-1.9606,NaN,NaN,NaN,NaN,NaN
543.22,-6.4181,-1.6421,7.1141,-0.91049,0.82315,-8.396,-2.3947,15.703,-1.896,0,0,0,NaN,NaN,NaN,NaN,NaN,NaN,NaN,NaN,NaN,47.826,0,2575.3,0.0064211,NaN,NaN,NaN,NaN,NaN,-1,-1,-0.62252,0.34648,-7.5947,-2.4629,15.567,-1.9794,NaN,NaN,NaN,NaN,NaN
543.22,-6.4229,-1.6001,7.1049,-0.65937,-0.053779,-6.1668,-2.4952,17.024,-1.9077,0,0,0,NaN,NaN,NaN,NaN,NaN,NaN,NaN,NaN,NaN,47.826,0,2575.3,0.0064211,NaN,NaN,NaN,NaN,NaN,-1,-1,-0.62051,0.35148,-7.6698,-2.404,16.174,-1.9057,NaN,NaN,NaN,NaN,NaN
543.22,-6.4291,-1.5627,7.0966,-0.76968,0.38786,-8.7814,-3.0638,15.094,-1.7425,0.49463,0.15605,-1.0138,NaN,NaN,NaN,NaN,NaN,NaN,NaN,NaN,NaN,47.826,0,2575.3,0.0064211,NaN,NaN,NaN,NaN,12.678,97147,10.375,-0.61621,0.36928,-7.707,-2.4037,16.911,-1.9115,NaN,NaN,NaN,NaN,NaN
543.22,-6.4337,-1.5193,7.0872,-1.3029,1.1872,-7.9814,-2.4421,17.582,-1.9528,0,0,0,NaN,NaN,NaN,NaN,NaN,NaN,NaN,NaN,NaN,47.826,0,2575.3,0.0064211,NaN,NaN,NaN,NaN,NaN,-1,-1,-0.60644,0.37059,-7.7451,-2.4038,17.418,-1.9207,NaN,NaN,NaN,NaN,NaN
543.23,-6.4378,-1.4713,7.0774,-0.18346,-0.39267,-7.6373,-2.2042,19.404,-1.9169,0,0,0,NaN,NaN,NaN,NaN,NaN,NaN,NaN,NaN,NaN,47.826,0,2575.3,0.0064211,NaN,NaN,NaN,NaN,12.643,97067,10.063,-0.5942,0.35638,-7.8195,-2.4023,18.077,-1.9275,NaN,NaN,NaN,NaN,NaN
543.23,-6.4434,-1.4295,7.0682,-0.095727,0.26075,-6.5022,-2.8001,16.962,-1.9691,0,0,0,NaN,NaN,NaN,NaN,NaN,NaN,NaN,NaN,NaN,47.826,0,2575.3,0.0064211,0.9844,20.309,0.62621,0.10405,NaN,-1,-1,-0.58518,0.36449,-7.862,-2.3801,18.864,-1.9356,NaN,NaN,NaN,NaN,NaN
543.23,-6.4476,-1.3842,7.0593,-1.1178,0.80493,-8.8288,-2.258,18.26,-1.6017,0.48813,0.15807,-1.0233,NaN,NaN,NaN,NaN,NaN,NaN,NaN,NaN,NaN,47.826,0,2575.3,0.0064211,NaN,NaN,NaN,NaN,NaN,-1,-1,-0.57797,0.37121,-7.9166,-2.2837,19.313,-1.8659,NaN,NaN,NaN,NaN,NaN
543.23,-6.4509,-1.3315,7.0485,-0.93764,-0.044764,-8.6845,-1.9062,21.35,-2.0888,0,0,0,NaN,NaN,NaN,NaN,NaN,NaN,NaN,NaN,NaN,47.826,0,2575.3,0.0064211,NaN,NaN,NaN,NaN,12.618,97133,10.375,-0.56624,0.3619,-7.9793,-2.2485,19.843,-1.8606,NaN,NaN,NaN,NaN,NaN
543.24,-6.4555,-1.2839,7.0395,0.080574,-0.022222,-6.1741,-2.3865,19.222,-1.611,0,0,0,NaN,NaN,NaN,NaN,NaN,NaN,NaN,NaN,NaN,47.826,0,2575.3,0.0064211,NaN,NaN,NaN,NaN,NaN,-1,-1,-0.55248,0.36429,-8.0588,-2.1831,20.52,-1.8546,NaN,NaN,NaN,NaN,NaN
543.24,-6.4616,-1.1763,7.0193,-1.2325,0.60178,-8.6077,-1.9099,24.4,-1.5804,0.48801,0.16313,-1.0189,NaN,NaN,NaN,NaN,NaN,NaN,NaN,NaN,NaN,47.826,0,2575.3,0.0064211,NaN,NaN,NaN,NaN,NaN,-1,-1,-0.54283,0.38246,-8.0884,-2.1682,21.235,-1.8475,NaN,NaN,NaN,NaN,NaN
543.24,-6.464,-1.1205,7.008,-0.077881,0.23323,-6.4854,-1.5277,22.607,-2.1329,0,0,0,NaN,NaN,NaN,NaN,NaN,NaN,NaN,NaN,NaN,47.826,0,2575.3,0.0064211,NaN,NaN,NaN,NaN,12.615,97109,10.25,-0.52557,0.37879,-8.1489,-2.165,21.781,-1.8215,NaN,NaN,NaN,NaN,NaN
543.24,-6.4678,-1.0724,6.9984,-0.032859,-0.08407,-8.2282,-2.0902,19.442,-1.8127,0,0,0,NaN,NaN,NaN,NaN,NaN,NaN,NaN,NaN,NaN,47.826,0,3225.2,0.0064211,1.003,20.309,0.63107,0.10322,NaN,-1,-1,-0.51463,0.36457,-8.2322,-2.1465,22.486,-1.808,NaN,NaN,NaN,NaN,NaN
543.25,-6.472,-1.0127,6.9872,-0.8934,0.31773,-9.9811,-2.2227,24.125,-1.932,0,0,0,NaN,NaN,NaN,NaN,NaN,NaN,NaN,NaN,NaN,47.826,0,3225.2,0.0064211,NaN,NaN,NaN,NaN,12.956,97104,10.25,-0.49835,0.36326,-8.2812,-2.1403,23.199,-1.7877,NaN,NaN,NaN,NaN,NaN
543.25,-6.4761,-0.94604,6.9758,-0.38001,0.47463,-7.3778,-2.2069,26.908,-1.6572,0.48105,0.15817,-1.0239,NaN,NaN,NaN,NaN,NaN,NaN,NaN,NaN,NaN,47.826,0,3225.2,0.0064211,NaN,NaN,NaN,NaN,NaN,-1,-1,-0.49092,0.3542,-8.3372,-2.1498,23.692,-1.7698,NaN,NaN,NaN,NaN,NaN
543.25,-6.4801,-0.8913,6.9657,-0.21351,-0.23427,-7.1265,-2.1531,22.109,-1.7082,0,0,0,NaN,NaN,NaN,NaN,NaN,NaN,NaN,NaN,NaN,47.826,0,3225.2,0.0064211,NaN,NaN,NaN,NaN,NaN,-1,-1,-0.48006,0.35749,-8.4168,-2.1452,24.354,-1.7482,NaN,NaN,NaN,NaN,NaN
543.25,-6.4841,-0.83662,6.9554,-1.2358,1.0847,-10.231,-2.1507,22.095,-1.8048,0,0,0,NaN,NaN,NaN,NaN,NaN,NaN,NaN,NaN,NaN,47.826,0,2575.3,0.0064211,NaN,NaN,NaN,NaN,12.738,97117,10.25,-0.46833,0.37233,-8.4789,-2.0992,25.106,-1.7333,NaN,NaN,NaN,NaN,NaN
543.26,-6.4887,-0.76345,6.9426,-0.7372,0.83646,-10.12,-2.383,29.556,-1.9308,0,0,0,NaN,NaN,NaN,NaN,NaN,NaN,NaN,NaN,NaN,47.826,0,2575.3,0.0064211,1.0063,NaN,0.63533,NaN,NaN,-1,-1,-0.45282,0.3609,-8.5373,-2.0667,25.66,-1.7182,NaN,NaN,NaN,NaN,NaN
543.26,-6.4919,-0.69627,6.9312,0.26672,0.2201,-5.7184,-1.7899,27.114,-1.6148,0.47437,0.16778,-1.0268,NaN,NaN,NaN,NaN,NaN,NaN,NaN,NaN,NaN,47.826,0,2575.3,0.0064211,NaN,NaN,NaN,NaN,NaN,-1,-1,-0.43367,0.35026,-8.6087,-2.032,26.202,-1.6997,NaN,NaN,NaN,NaN,NaN
543.26,-6.4959,-0.63901,6.9206,-0.57104,-0.030783,-9.5599,-2.1296,23.132,-1.7913,0,0,0,NaN,NaN,NaN,NaN,NaN,NaN,NaN,NaN,NaN,47.826,0,2575.3,0.0064211,NaN,NaN,NaN,NaN,12.645,97115,10.25,-0.42562,0.36898,-8.674,-1.9749,26.912,-1.6808,NaN,NaN,NaN,NaN,NaN
543.26,-6.4994,-0.56943,6.909,-1.0133,0.9685,-10.085,-1.9342,28.076,-1.6213,0,0,0,NaN,NaN,NaN,NaN,NaN,NaN,NaN,NaN,NaN,47.835,0,2558.2,0.0064211,NaN,NaN,NaN,NaN,12.741,97123,10.313,-0.41041,0.37214,-8.7584,-1.9126,27.423,-1.67,NaN,NaN,NaN,NaN,NaN
543.27,-6.506,-0.42993,6.8855,-0.19688,0.2005,-8.5749,-2.1405,25.576,-1.6698,0.46513,0.17513,-1.0276,NaN,NaN,NaN,NaN,NaN,NaN,NaN,NaN,NaN,47.835,0,2558.2,0.0064211,NaN,NaN,NaN,NaN,NaN,-1,-1,-0.3934,0.35734,-8.8269,-1.8652,28.014,-1.649,NaN,NaN,NaN,NaN,NaN
543.27,-6.509,-0.35943,6.8739,-1.0381,1.1763,-10.65,-1.7244,28.444,-1.5965,0,0,0,NaN,NaN,NaN,NaN,NaN,NaN,NaN,NaN,NaN,47.835,0,2558.2,0.0064211,0.99316,20.317,0.6329,0.10655,NaN,-1,-1,-0.37538,0.37239,-8.8958,-1.8252,28.727,-1.639,NaN,NaN,NaN,NaN,NaN
543.27,-6.5118,-0.27715,6.8612,-0.017125,1.3769,-8.997,-1.6241,33.172,-1.4833,0,0,0,NaN,NaN,NaN,NaN,NaN,NaN,NaN,NaN,NaN,47.835,0,2558.2,0.0064211,NaN,NaN,NaN,NaN,NaN,-1,-1,-0.35655,0.3763,-8.96,-1.8057,29.241,-1.6245,NaN,NaN,NaN,NaN,NaN
543.27,-6.5137,-0.20487,6.8485,-0.17591,-0.37682,-7.3125,-1.2279,29.2,-1.9315,0,0,0,NaN,NaN,NaN,NaN,NaN,NaN,NaN,NaN,NaN,47.835,0,2558.2,0.0064211,NaN,NaN,NaN,NaN,12.642,97071,10.063,-0.33836,0.36389,-9.0148,-1.761,29.933,-1.602,NaN,NaN,NaN,NaN,NaN
543.28,-6.517,-0.13493,6.8367,-0.39713,0.38019,-11.015,-1.8595,28.209,-1.6772,0.4716,0.1583,-1.0248,NaN,NaN,NaN,NaN,NaN,NaN,NaN,NaN,NaN,47.835,0,2558.2,0.0064211,NaN,NaN,NaN,NaN,NaN,-1,-1,-0.32482,0.35609,-9.118,-1.7179,30.54,-1.5788,NaN,NaN,NaN,NaN,NaN
543.28,-6.5203,-0.050376,6.8238,-0.29519,0.4929,-10.2,-1.8009,34.083,-1.4362,0,0,0,NaN,NaN,NaN,NaN,NaN,NaN,NaN,NaN,NaN,47.835,0,2558.2,0.0064211,NaN,NaN,NaN,NaN,NaN,-1,-1,-0.30522,0.368,-9.1784,-1.7022,30.953,-1.5554,NaN,NaN,NaN,NaN,NaN
543.28,-6.5234,0.031041,6.8112,0.029661,-0.43525,-6.9021,-1.7261,32.827,-1.4843,0,0,0,NaN,NaN,NaN,NaN,NaN,NaN,NaN,NaN,NaN,47.835,0,2558.2,0.0064211,NaN,NaN,NaN,NaN,12.77,97093,10.188,-0.28368,0.36273,-9.2585,-1.676,31.595,-1.5296,NaN,NaN,NaN,NaN,NaN
543.28,-6.5277,0.10276,6.7999,-0.27664,0.12032,-10.9,-2.167,28.912,-1.3985,0,0,0,NaN,NaN,NaN,NaN,NaN,NaN,NaN,NaN,NaN,47.835,0,2558.2,0.0064211,0.97783,20.201,0.71627,0.023308,NaN,-1,-1,-0.26952,0.35283,-9.3385,-1.6133,32.27,-1.5024,NaN,NaN,NaN,NaN,NaN
543.29,-6.5309,0.18524,6.7872,-1.1905,1.8438,-11.13,-1.7686,33.242,-1.3589,0.46282,0.1677,-1.0323,NaN,NaN,NaN,NaN,NaN,NaN,NaN,NaN,NaN,47.835,0,2558.2,0.0064211,NaN,NaN,NaN,NaN,12.68,97158,10.438,-0.24756,0.36108,-9.4166,-1.5669,32.677,-1.4792,NaN,NaN,NaN,NaN,NaN
543.29,-6.5336,0.27654,6.774,0.12992,0.26979,-9.1361,-1.5313,36.78,-1.2574,0,0,0,NaN,NaN,NaN,NaN,NaN,NaN,NaN,NaN,NaN,47.835,0,2558.2,0.0064211,NaN,NaN,NaN,NaN,NaN,-1,-1,-0.22907,0.36462,-9.5004,-1.5386,33.211,-1.4465,NaN,NaN,NaN,NaN,NaN
543.29,-6.5372,0.35596,6.7617,0.44197,0.006418,-7.8945,-1.9069,32.018,-1.4411,0,0,0,NaN,NaN,NaN,NaN,NaN,NaN,NaN,NaN,NaN,47.835,0,2558.2,0.0064211,NaN,NaN,NaN,NaN,NaN,-1,-1,-0.20933,0.35794,-9.5835,-1.4651,33.864,-1.4332,NaN,NaN,NaN,NaN,NaN
543.29,-6.5393,0.4359,6.7497,-0.66554,0.82777,-11.531,-1.2699,32.216,-1.3104,0,0,0,NaN,NaN,NaN,NaN,NaN,NaN,NaN,NaN,NaN,47.835,0,2558.2,0.0064211,NaN,NaN,NaN,NaN,12.675,97101,10.188,-0.18659,0.35463,-9.6719,-1.4112,34.37,-1.4193,NaN,NaN,NaN,NaN,NaN
543.3,-6.5402,0.52938,6.7354,-0.63534,0.027263,-10.488,-0.78839,37.693,-1.5902,0.46019,0.16304,-1.0303,NaN,NaN,NaN,NaN,NaN,NaN,NaN,NaN,NaN,47.835,0,2558.2,0.0064211,0.96141,20.308,0.63047,0.10322,NaN,-1,-1,-0.16551,0.36874,-9.7312,-1.3651,34.945,-1.3895,NaN,NaN,NaN,NaN,NaN
543.3,-6.5428,0.61594,6.7225,0.62616,-0.92579,-8.1218,-1.4765,34.883,-1.3372,0,0,0,NaN,NaN,NaN,NaN,NaN,NaN,NaN,NaN,NaN,47.835,0,2558.2,0.0064211,NaN,NaN,NaN,NaN,NaN,-1,-1,-0.14663,0.37564,-9.8265,-1.3038,35.536,-1.3704,NaN,NaN,NaN,NaN,NaN
543.3,-6.5445,0.69845,6.71,-0.077407,1.2024,-12.188,-1.0886,33.26,-1.3893,0,0,0,NaN,NaN,NaN,NaN,NaN,NaN,NaN,NaN,NaN,47.835,0,2558.2,0.0064211,NaN,NaN,NaN,NaN,12.74,97110,10.25,-0.1243,0.36917,-9.907,-1.2407,35.994,-1.3479,NaN,NaN,NaN,NaN,NaN
543.3,-6.5453,0.7957,6.6959,-1.0585,1.2188,-11.269,-0.72559,39.183,-1.3145,0,0,0,NaN,NaN,NaN,NaN,NaN,NaN,NaN,NaN,NaN,47.835,0,2558.2,0.0064211,NaN,NaN,NaN,NaN,NaN,-1,-1,-0.09825,0.36476,-9.9909,-1.2042,36.49,-1.3198,NaN,NaN,NaN,NaN,NaN
543.31,-6.5463,0.88826,6.6819,0.58288,0.45632,-8.9252,-0.7881,37.314,-1.4616,0.44377,0.15821,-1.0362,NaN,NaN,NaN,NaN,NaN,NaN,NaN,NaN,NaN,47.835,0,2558.2,0.0064211,NaN,NaN,NaN,NaN,12.743,97154,10.438,-0.07714,0.36029,-10.08,-1.1782,37.131,-1.2958,NaN,NaN,NaN,NaN,NaN
543.31,-6.5494,0.97416,6.6691,0.17084,0.070881,-10.248,-1.6554,34.618,-1.3561,0,0,0,NaN,NaN,NaN,NaN,NaN,NaN,NaN,NaN,NaN,47.835,0,2558.2,0.0064211,0.96852,20.309,0.63168,0.10239,NaN,-1,-1,-0.054867,0.36974,-10.174,-1.147,37.62,-1.2772,NaN,NaN,NaN,NaN,NaN
543.31,-6.5516,1.0674,6.6556,-0.48325,0.58859,-12.39,-1.2309,37.575,-1.2627,0,0,0,NaN,NaN,NaN,NaN,NaN,NaN,NaN,NaN,NaN,47.835,0,2558.2,0.0064211,NaN,NaN,NaN,NaN,NaN,-1,-1,-0.027871,0.36754,-10.243,-1.1047,37.949,-1.257,NaN,NaN,NaN,NaN,NaN
543.31,-6.5525,1.1691,6.6411,0.20537,-0.034259,-10.493,-0.73333,40.962,-1.3169,0,0,0,NaN,NaN,NaN,NaN,NaN,NaN,NaN,NaN,NaN,47.835,0,2558.2,0.0064211,NaN,NaN,NaN,NaN,12.891,97087,10.125,-0.0062621,0.36232,-10.339,-1.0863,38.489,-1.251,NaN,NaN,NaN,NaN,NaN
543.32,-6.555,1.2615,6.6274,0.50441,-0.40561,-8.4762,-1.379,37.202,-1.2972,0.43677,0.16564,-1.0346,NaN,NaN,NaN,NaN,NaN,NaN,NaN,NaN,NaN,47.835,0,2558.2,0.0064211,NaN,NaN,NaN,NaN,NaN,-1,-1,0.013133,0.36026,-10.443,-1.0274,39.088,-1.2212,NaN,NaN,NaN,NaN,NaN
543.32,-6.5601,1.4562,6.601,-0.52573,1.6364,-11.963,-1.3018,42.072,-0.9644,0,0,0,NaN,NaN,NaN,NaN,NaN,NaN,NaN,NaN,NaN,47.835,0,2558.2,0.0064211,NaN,NaN,NaN,NaN,NaN,-1,-1,0.038512,0.36583,-10.517,-0.96707,39.442,-1.2074,NaN,NaN,NaN,NaN,NaN
543.32,-6.5614,1.5566,6.5867,0.55103,0.012308,-9.2281,-0.82844,40.458,-1.2626,0,0,0,NaN,NaN,NaN,NaN,NaN,NaN,NaN,NaN,NaN,47.835,0,2558.2,0.0064211,0.97783,NaN,0.64933,NaN,12.829,97088,10.125,0.067445,0.35417,-10.621,-0.92074,39.811,-1.189,NaN,NaN,NaN,NaN,NaN
543.32,-6.5627,1.6505,6.5734,0.43406,-0.10609,-11.697,-0.87548,37.803,-1.1629,0.4348,0.16531,-1.0415,NaN,NaN,NaN,NaN,NaN,NaN,NaN,NaN,NaN,47.835,0,2558.2,0.0064211,NaN,20.32,NaN,0.070755,NaN,-1,-1,0.093199,0.35466,-10.711,-0.88695,40.167,-1.169,NaN,NaN,NaN,NaN,NaN
543.33,-6.5638,1.8583,6.5446,0.24681,-0.11426,-10.493,-0.25262,42.61,-0.87347,0,0,0,NaN,NaN,NaN,NaN,NaN,NaN,NaN,NaN,NaN,47.835,0,2558.2,0.0064211,NaN,NaN,NaN,NaN,12.579,97091,10.125,0.12313,0.35075,-10.786,-0.82503,40.62,-1.1579,NaN,NaN,NaN,NaN,NaN
543.33,-6.5649,1.9535,6.5312,0.56877,-0.40636,-11.473,-0.72067,38.348,-1.1438,0,0,0,NaN,NaN,NaN,NaN,NaN,NaN,NaN,NaN,NaN,47.835,0,2558.2,0.0064211,NaN,NaN,NaN,NaN,NaN,-1,-1,0.14572,0.356,-10.88,-0.7843,41.084,-1.1417,NaN,NaN,NaN,NaN,NaN
543.33,-6.566,2.057,6.5166,-0.17619,1.2624,-13.428,-0.71774,41.663,-1.1624,0.41813,0.16566,-1.0408,NaN,NaN,NaN,NaN,NaN,NaN,NaN,NaN,NaN,47.835,0,2558.2,0.0064211,NaN,NaN,NaN,NaN,NaN,-1,-1,0.16787,0.35963,-10.984,-0.71559,41.543,-1.1362,NaN,NaN,NaN,NaN,NaN
543.33,-6.5665,2.1699,6.5016,0.094729,1.5382,-11.441,-0.48369,45.477,-0.95879,0,0,0,NaN,NaN,NaN,NaN,NaN,NaN,NaN,NaN,NaN,47.835,0,2558.2,0.0064211,NaN,NaN,NaN,NaN,12.926,97123,10.313,0.20203,0.34269,-11.081,-0.69224,41.747,-1.1256,NaN,NaN,NaN,NaN,NaN
543.34,-6.5662,2.271,6.4873,0.67435,0.040865,-9.9585,-0.13883,40.719,-1.2166,0,0,0,NaN,NaN,NaN,NaN,NaN,NaN,NaN,NaN,NaN,47.835,0,2558.2,0.0064211,0.96195,20.309,0.62864,0.11238,NaN,-1,-1,0.22508,0.34404,-11.18,-0.66727,42.312,-1.1131,NaN,NaN,NaN,NaN,NaN
543.34,-6.568,2.3725,6.4729,0.33568,-0.29534,-13.376,-0.93696,40.879,-1.2558,0,0,0,NaN,NaN,NaN,NaN,NaN,NaN,NaN,NaN,NaN,47.835,0,2558.2,0.0064211,NaN,NaN,NaN,NaN,NaN,-1,-1,0.2539,0.34043,-11.272,-0.59651,44.156,-1.1216,NaN,NaN,NaN,NaN,NaN
543.34,-6.5703,2.487,6.457,0.26743,0.74448,-12.146,-1.1554,46.131,-1.2332,0.40191,0.15818,-1.0511,NaN,NaN,NaN,NaN,NaN,NaN,NaN,NaN,NaN,47.835,0,2558.2,0.0064211,NaN,NaN,NaN,NaN,12.742,97141,10.375,0.28452,0.33964,-11.353,-0.56933,43.901,-1.1031,NaN,NaN,NaN,NaN,NaN
543.34,-6.5701,2.594,6.4421,0.51087,0.002184,-10.995,-0.11499,43.1,-1.1543,0,0,0,NaN,NaN,NaN,NaN,NaN,NaN,NaN,NaN,NaN,47.835,0,2558.2,0.0064211,NaN,NaN,NaN,NaN,NaN,-1,-1,0.3072,0.3444,-11.455,-0.52675,44.047,-1.0751,NaN,NaN,NaN,NaN,NaN
543.35,-6.5722,2.6981,6.4279,0.33633,-0.43302,-12.448,-1.0638,41.898,-1.0651,0,0,0,NaN,NaN,NaN,NaN,NaN,NaN,NaN,NaN,NaN,47.835,0,2558.2,0.0064211,NaN,NaN,NaN,NaN,12.707,97098,10.188,0.33197,0.33883,-11.561,-0.47569,44.053,-1.041,NaN,NaN,NaN,NaN,NaN
543.35,-6.5742,2.806,6.4145,-0.10284,1.6816,-13.1,-1.0337,43.391,-0.55812,0,0,0,NaN,NaN,NaN,NaN,NaN,NaN,NaN,NaN,NaN,47.835,0,2558.2,0.0064211,0.97783,20.198,0.7114,0.030799,NaN,-1,-1,0.36458,0.33839,-11.631,-0.46432,44.039,-1.0306,NaN,NaN,NaN,NaN,NaN
543.35,-6.5746,2.921,6.3992,0.08628,1.1345,-13.27,-0.33713,46.268,-0.88178,0.4065,0.15824,-1.0485,NaN,NaN,NaN,NaN,NaN,NaN,NaN,NaN,NaN,47.835,0,2558.2,0.0064211,NaN,NaN,NaN,NaN,NaN,-1,-1,0.39571,0.33423,-11.732,-0.38488,45.503,-1.0276,NaN,NaN,NaN,NaN,NaN
543.35,-6.5748,3.0303,6.3841,0.94941,-0.32804,-10.316,-0.25245,44.007,-1.1295,0,0,0,NaN,NaN,NaN,NaN,NaN,NaN,NaN,NaN,NaN,47.835,0,2558.2,0.0064211,NaN,NaN,NaN,NaN,12.736,97112,10.188,0.4226,0.33098,-11.844,-0.31169,45.431,-1.0225,NaN,NaN,NaN,NaN,NaN
543.36,-6.5764,3.139,6.3696,0.55453,0.17849,-13.724,-0.7963,43.774,-0.96274,0,0,0,NaN,NaN,NaN,NaN,NaN,NaN,NaN,NaN,NaN,47.835,0,2558.2,0.0064211,NaN,NaN,NaN,NaN,NaN,-1,-1,0.45344,0.332,-11.945,-0.2798,45.052,-1.0019,NaN,NaN,NaN,NaN,NaN
543.36,-6.5765,3.2544,6.3534,-0.010086,0.70224,-12.139,-0.13808,46.504,-1.3142,0,0,0,NaN,NaN,NaN,NaN,NaN,NaN,NaN,NaN,NaN,47.835,0,2558.2,0.0064211,NaN,NaN,NaN,NaN,NaN,-1,-1,0.48307,0.33783,-12.036,-0.24257,44.8,-0.97584,NaN,NaN,NaN,NaN,NaN
543.36,-6.5755,3.3659,6.3384,0.69648,-0.74061,-11.943,0.27313,44.893,-0.96824,0.40225,0.16528,-1.0533,NaN,NaN,NaN,NaN,NaN,NaN,NaN,NaN,NaN,47.835,0,2558.2,0.0064211,0.96469,20.316,0.63899,0.097392,12.891,97108,10.188,0.51063,0.34049,-12.137,-0.18045,44.541,-0.95389,NaN,NaN,NaN,NaN,NaN
543.36,-6.5744,3.4749,6.3241,0.72395,0.20291,-14.312,0.2796,43.836,-0.83829,0,0,0,NaN,NaN,NaN,NaN,NaN,NaN,NaN,NaN,NaN,47.835,0,2558.2,0.0064211,NaN,NaN,NaN,NaN,NaN,-1,-1,0.5362,0.34418,-12.251,-0.13205,44.387,-0.9368,NaN,NaN,NaN,NaN,NaN
543.37,-6.5741,3.5924,6.3084,0.013378,1.5965,-13.195,0.017189,47.314,-0.99185,0,0,0,NaN,NaN,NaN,NaN,NaN,NaN,NaN,NaN,NaN,47.835,0,2558.2,0.0064211,NaN,NaN,NaN,NaN,12.798,97111,10.188,0.56535,0.33977,-12.328,-0.086785,44.273,-0.91635,NaN,NaN,NaN,NaN,NaN
543.37,-6.5726,3.7125,6.2932,1.0336,1.4542,-12.01,0.54162,48.323,-0.72078,0,0,0,NaN,NaN,NaN,NaN,NaN,NaN,NaN,NaN,NaN,47.835,0,2558.2,0.0064211,NaN,NaN,NaN,NaN,NaN,-1,-1,0.60376,0.33742,-12.423,-0.027291,43.96,-0.89563,NaN,NaN,NaN,NaN,NaN
543.37,-6.5724,3.8215,6.2781,0.54657,-0.7778,-12.356,-0.018678,43.904,-1.1544,0.3972,0.16812,-1.0471,6.1934,13.059,-1.7262,14.556,40.058,-88.549,3.6786e+05,4.4354e+06,312.82,47.835,0,2558.2,0.0064211,NaN,NaN,NaN,NaN,12.917,97072,10,0.63265,0.33403,-12.532,0.025206,43.806,-0.87646,13.513,4.3957,3.1566,13.148,17.577
543.37,-6.5733,3.9355,6.263,0.5152,0.57622,-14.647,-0.4453,45.874,-0.89782,0,0,0,NaN,NaN,NaN,NaN,NaN,NaN,NaN,NaN,NaN,47.63,0,2538.2,0.0064211,0.96852,20.309,0.6402,0.10239,NaN,-1,-1,0.65374,0.33357,-12.495,0.065815,43.84,-0.84756,NaN,NaN,NaN,NaN,NaN
543.38,-6.573,4.0586,6.247,0.87429,0.53173,-13.154,0.10273,49.554,-0.89089,0,0,0,NaN,NaN,NaN,NaN,NaN,NaN,NaN,NaN,NaN,47.63,0,2538.2,0.0064211,NaN,NaN,NaN,NaN,NaN,-1,-1,0.69304,0.32505,-12.6,0.14032,43.86,-0.81583,NaN,NaN,NaN,NaN,NaN
543.38,-6.5723,4.1748,6.2314,0.85645,-0.67191,-10.95,0.2639,46.761,-1.0206,0,0,0,NaN,NaN,NaN,NaN,NaN,NaN,NaN,NaN,NaN,47.63,0,2538.2,0.0064211,NaN,NaN,NaN,NaN,NaN,-1,-1,0.71947,0.33839,-12.718,0.21178,43.669,-0.7925,NaN,NaN,NaN,NaN,NaN
543.38,-6.5726,4.2877,6.217,0.54391,0.12523,-15.536,-0.20105,45.421,-0.69866,0.39462,0.15599,-1.0496,NaN,NaN,NaN,NaN,NaN,NaN,NaN,NaN,NaN,47.63,0,2538.2,0.0064211,NaN,NaN,NaN,NaN,12.705,97111,10.188,0.74288,0.35793,-12.859,0.26006,43.653,-0.77131,NaN,NaN,NaN,NaN,NaN
543.38,-6.5704,4.532,6.1867,1.1512,0.76155,-13.015,0.56688,49.484,-0.70531,0,0,0,NaN,NaN,NaN,NaN,NaN,NaN,NaN,NaN,NaN,47.63,0,2538.2,0.0064211,0.9625,NaN,0.63229,NaN,NaN,-1,-1,0.77952,0.35101,-12.949,0.35968,43.655,-0.74607,NaN,NaN,NaN,NaN,NaN
543.39,-6.5698,4.6445,6.1719,1.0833,-1.0462,-13.474,0.24523,45.251,-0.86975,0,0,0,NaN,NaN,NaN,NaN,NaN,NaN,NaN,NaN,NaN,47.63,0,2538.2,0.0064211,NaN,20.312,NaN,0.079079,12.833,97131,10.313,0.80231,0.33769,-12.934,0.42824,43.56,-0.72099,NaN,NaN,NaN,NaN,NaN
543.39,-6.5672,4.8908,6.1395,0.97662,0.29937,-12.499,1.1043,50.867,-0.8454,0,0,0,NaN,NaN,NaN,NaN,NaN,NaN,NaN,NaN,NaN,47.63,0,2538.2,0.0064211,NaN,NaN,NaN,NaN,NaN,-1,-1,0.8439,0.34347,-13.048,0.5118,43.762,-0.69879,NaN,NaN,NaN,NaN,NaN
543.39,-6.564,5.0036,6.1252,1.2446,-0.96429,-12.188,1.2722,45.346,-0.6726,0,0,0,NaN,NaN,NaN,NaN,NaN,NaN,NaN,NaN,NaN,47.63,0,2538.2,0.0064211,NaN,NaN,NaN,NaN,NaN,-1,-1,0.87483,0.34284,-13.195,0.61699,43.949,-0.66828,NaN,NaN,NaN,NaN,NaN
543.39,0,0,0,0,0,0,0,0,0,0,0,0,NaN,NaN,NaN,NaN,NaN,NaN,NaN,NaN,NaN,47.63,0,2538.2,0.0064211,NaN,NaN,NaN,NaN,12.83,97107,10.188,0.91804,0.33142,-13.308,0.6908,44.094,-0.64448,NaN,NaN,NaN,NaN,NaN
543.4,-6.5609,5.2551,6.0938,0.44728,1.4924,-13.13,0.76593,53.501,-0.6259,0.37436,0.16772,-1.0625,NaN,NaN,NaN,NaN,NaN,NaN,NaN,NaN,NaN,47.63,0,2538.2,0.0064211,NaN,NaN,NaN,NaN,NaN,-1,-1,0.94364,0.34217,-13.446,0.76967,44.274,-0.63291,NaN,NaN,NaN,NaN,NaN
543.4,-6.5562,5.4861,6.0639,0.63309,-0.53409,-16.39,0.64956,45.513,-0.87279,0,0,0,NaN,NaN,NaN,NaN,NaN,NaN,NaN,NaN,NaN,47.63,0,2538.2,0.0064211,NaN,NaN,NaN,NaN,12.865,97123,10.313,0.9734,0.35148,-13.561,0.82799,44.357,-0.61132,NaN,NaN,NaN,NaN,NaN
543.4,-6.5552,5.6191,6.0465,0.7144,1.0581,-14.229,0.60711,53.559,-0.98113,0,0,0,NaN,NaN,NaN,NaN,NaN,NaN,NaN,NaN,NaN,47.63,0,2538.2,0.0064211,NaN,NaN,NaN,NaN,NaN,-1,-1,1.0126,0.33999,-13.668,0.90638,44.499,-0.59208,NaN,NaN,NaN,NaN,NaN
543.4,-6.5519,5.7435,6.0313,1.4971,-0.051237,-13.361,1.4413,49.993,-0.45224,0.36025,0.16538,-1.066,NaN,NaN,NaN,NaN,NaN,NaN,NaN,NaN,NaN,47.63,0,2538.2,0.0064211,NaN,NaN,NaN,NaN,NaN,-1,-1,1.0438,0.33092,-13.792,0.96303,44.822,-0.57278,NaN,NaN,NaN,NaN,NaN
543.41,0,0,0,0,0,0,0,0,0,0,0,0,NaN,NaN,NaN,NaN,NaN,NaN,NaN,NaN,NaN,47.63,0,2538.2,0.0064211,NaN,NaN,NaN,NaN,12.829,97092,10.125,1.0732,0.33527,-13.927,1.0405,44.943,-0.53671,NaN,NaN,NaN,NaN,NaN
543.41,-6.5504,5.8574,6.018,0.97559,-0.47699,-12.956,0.64492,45.778,-0.25073,0,0,0,NaN,NaN,NaN,NaN,NaN,NaN,NaN,NaN,NaN,47.63,0,2538.2,0.0064211,0.98659,2.945,0.64994,0.077414,NaN,-1,-1,1.1147,0.33,-14.019,1.1207,45.174,-0.51454,NaN,NaN,NaN,NaN,NaN
543.41,-6.5474,6.1145,5.9869,0.44623,1.5432,-13.026,1.2701,52.606,-0.42955,0,0,0,NaN,NaN,NaN,NaN,NaN,NaN,NaN,NaN,NaN,47.63,0,2538.2,0.0064211,NaN,NaN,NaN,NaN,NaN,-1,-1,1.1373,0.34664,-14.119,1.2021,45.526,-0.50827,NaN,NaN,NaN,NaN,NaN
543.41,-6.5437,6.2317,5.972,1.8964,0.27385,-12.76,1.628,47.133,-0.64905,0.35566,0.16533,-1.0687,NaN,NaN,NaN,NaN,NaN,NaN,NaN,NaN,NaN,47.63,0,2538.2,0.0064211,NaN,NaN,NaN,NaN,12.769,97120,10.25,1.1517,0.36066,-14.31,1.2784,45.756,-0.4926,NaN,NaN,NaN,NaN,NaN
543.42,-6.5389,6.4859,5.9405,0.41995,1.0883,-13.254,1.4537,53.669,-0.46163,0,0,0,NaN,NaN,NaN,NaN,NaN,NaN,NaN,NaN,NaN,47.63,0,2538.2,0.0064211,NaN,NaN,NaN,NaN,NaN,-1,-1,1.1827,0.36793,-14.42,1.3384,46.032,-0.49424,NaN,NaN,NaN,NaN,NaN
543.42,-6.5342,6.6096,5.9255,1.4694,-0.16531,-13.359,2.0673,49.706,-0.47046,0,0,0,NaN,NaN,NaN,NaN,NaN,NaN,NaN,NaN,NaN,47.63,0,2538.2,0.0064211,0.95976,2.9367,0.63655,0.094895,12.826,97068,10,1.2199,0.35495,-14.52,1.4005,46.361,-0.47726,NaN,NaN,NaN,NaN,NaN
543.42,-6.594,6.6667,5.9809,1.4804,-0.87255,-15.611,1.4257,45.235,-0.49034,0.34615,0.16799,-1.0673,NaN,NaN,NaN,NaN,NaN,NaN,NaN,NaN,NaN,47.63,0,2538.2,0.0064211,NaN,NaN,NaN,NaN,NaN,-1,-1,1.2411,0.36308,-14.647,1.4994,46.675,-0.45622,NaN,NaN,NaN,NaN,NaN
543.42,-6.5912,6.801,5.9647,0.77589,1.5325,-17.634,1.4048,53.981,-0.40921,0,0,0,NaN,NaN,NaN,NaN,NaN,NaN,NaN,NaN,NaN,47.63,0,2538.2,0.0064211,NaN,NaN,NaN,NaN,12.768,97086,10.125,1.2721,0.35695,-14.758,1.5784,47.003,-0.45029,NaN,NaN,NaN,NaN,NaN
543.43,-6.5863,6.9352,5.9485,1.3946,1.5117,-12.752,2.2592,53.971,-0.41774,0,0,0,NaN,NaN,NaN,NaN,NaN,NaN,NaN,NaN,NaN,47.63,0,2538.2,0.0064211,NaN,NaN,NaN,NaN,NaN,-1,-1,1.2952,0.35984,-14.931,1.6464,47.414,-0.43465,NaN,NaN,NaN,NaN,NaN
543.43,-6.5815,7.0464,5.9341,1.8846,-0.075478,-13.329,2.1535,44.761,-0.73757,0,0,0,NaN,NaN,NaN,NaN,NaN,NaN,NaN,NaN,NaN,47.63,0,2538.2,0.0064211,NaN,NaN,NaN,NaN,NaN,-1,-1,1.3189,0.36787,-15.049,1.7122,47.779,-0.43423,NaN,NaN,NaN,NaN,NaN
543.43,-6.5792,7.1703,5.9185,0.78568,0.14646,-19.061,1.1871,49.821,-0.51652,0.33641,0.15355,-1.0704,NaN,NaN,NaN,NaN,NaN,NaN,NaN,NaN,NaN,47.63,0,2538.2,0.0064211,NaN,NaN,NaN,NaN,12.74,97127,10.313,1.3424,0.36851,-15.134,1.7778,48.14,-0.43924,NaN,NaN,NaN,NaN,NaN
543.43,-6.5759,7.3088,5.9014,1.3997,0.84662,-14.022,1.7071,55.702,-0.57296,0,0,0,NaN,NaN,NaN,NaN,NaN,NaN,NaN,NaN,NaN,47.63,0,2538.2,0.0064211,0.97783,2.812,0.7114,0.054107,NaN,-1,-1,1.3668,0.3671,-15.25,1.8419,48.509,-0.44358,NaN,NaN,NaN,NaN,NaN
543.44,-6.5704,7.429,5.8867,1.7844,-0.27542,-13.635,2.472,48.312,-0.43883,0,0,0,NaN,NaN,NaN,NaN,NaN,NaN,NaN,NaN,NaN,47.63,0,2538.2,0.0064211,NaN,NaN,NaN,NaN,12.802,97132,10.313,1.3938,0.3667,-15.348,1.8972,48.936,-0.45504,NaN,NaN,NaN,NaN,NaN
543.44,-6.5642,7.68,5.8562,1.0889,2.0512,-16.885,1.7139,52.874,-0.22529,0.32494,0.16081,-1.0737,NaN,NaN,NaN,NaN,NaN,NaN,NaN,NaN,NaN,47.63,0,2538.2,0.0064211,NaN,NaN,NaN,NaN,NaN,-1,-1,1.4249,0.37619,-15.441,1.9587,49.356,-0.45003,NaN,NaN,NaN,NaN,NaN
543.44,-6.5594,7.8096,5.8404,1.4274,1.2188,-14.337,2.3041,52.118,-0.4512,0,0,0,NaN,NaN,NaN,NaN,NaN,NaN,NaN,NaN,NaN,47.63,0,2538.2,0.0064211,NaN,NaN,NaN,NaN,NaN,-1,-1,1.4495,0.38928,-15.547,2.0329,49.814,-0.45017,NaN,NaN,NaN,NaN,NaN
543.44,-6.5552,7.9248,5.8265,1.7781,-0.71728,-14.82,1.9328,46.314,-0.40308,0,0,0,NaN,NaN,NaN,NaN,NaN,NaN,NaN,NaN,NaN,47.63,0,2538.2,0.0064211,NaN,NaN,NaN,NaN,12.764,97106,10.125,1.4637,0.40016,-15.648,2.0994,50.219,-0.46623,NaN,NaN,NaN,NaN,NaN
543.45,-6.5524,8.0512,5.8111,1.4096,0.27664,-18.516,1.5072,50.816,-0.45384,0,0,0,NaN,NaN,NaN,NaN,NaN,NaN,NaN,NaN,NaN,47.63,0,2538.2,0.0064211,0.96469,2.9403,0.64264,NaN,NaN,-1,-1,1.4885,0.40191,-15.717,2.1948,50.771,-0.47701,NaN,NaN,NaN,NaN,NaN
543.45,-6.5401,8.3019,5.7803,1.7665,-0.59848,-13.985,2.929,47.617,-0.54402,0,0,0,NaN,NaN,NaN,NaN,NaN,NaN,NaN,NaN,NaN,47.63,0,2538.2,0.0064211,NaN,2.9403,NaN,NaN,NaN,-1,-1,1.5157,0.40052,-15.805,2.2837,51.053,-0.48669,NaN,NaN,NaN,NaN,NaN
543.45,-6.5357,8.4161,5.7668,1.526,-0.34184,-19.629,2.1067,45.894,-0.27038,0,0,0,NaN,NaN,NaN,NaN,NaN,NaN,NaN,NaN,NaN,47.63,0,2538.2,0.0064211,NaN,NaN,NaN,NaN,12.926,97147,10.375,1.5336,0.39576,-15.906,2.3258,49.698,-0.46955,NaN,NaN,NaN,NaN,NaN
543.45,-6.5309,8.5515,5.75,1.0961,2.0025,-16.24,2.43,54.474,-0.61897,0,0,0,NaN,NaN,NaN,NaN,NaN,NaN,NaN,NaN,NaN,47.63,0,2538.2,0.0064211,NaN,NaN,NaN,NaN,NaN,-1,-1,1.5556,0.3986,-15.988,2.4033,49.963,-0.46853,NaN,NaN,NaN,NaN,NaN
543.46,-6.5246,8.678,5.7341,2.5041,1.4632,-14.152,2.9495,50.88,-0.56981,0.31312,0.15604,-1.077,NaN,NaN,NaN,NaN,NaN,NaN,NaN,NaN,NaN,47.63,0,2538.2,0.0064211,NaN,NaN,NaN,NaN,12.954,97101,10.188,1.5795,0.40042,-16.069,2.4501,49.918,-0.47211,NaN,NaN,NaN,NaN,NaN
543.46,-6.5187,8.7868,5.7206,1.3727,-0.84032,-16.23,2.7418,43.73,-0.56322,0,0,0,NaN,NaN,NaN,NaN,NaN,NaN,NaN,NaN,NaN,47.63,0,2538.2,0.0064211,NaN,NaN,NaN,NaN,NaN,-1,-1,1.5999,0.40883,-16.168,2.4974,50.115,-0.49091,NaN,NaN,NaN,NaN,NaN
543.46,-6.5149,8.9128,5.705,1.2654,0.53914,-18.977,1.9985,50.696,-0.57766,0,0,0,NaN,NaN,NaN,NaN,NaN,NaN,NaN,NaN,NaN,47.63,0,2538.2,0.0064211,0.96195,2.9409,0.63594,0.079079,NaN,-1,-1,1.616,0.41805,-16.24,2.5894,50.284,-0.48555,NaN,NaN,NaN,NaN,NaN
543.46,-6.5099,9.0395,5.6895,2.279,0.16907,-15.186,2.4834,50.932,-0.47682,0,0,0,NaN,NaN,NaN,NaN,NaN,NaN,NaN,NaN,NaN,47.63,0,2538.2,0.0064211,NaN,NaN,NaN,NaN,12.924,97115,10.25,1.6318,0.42638,-16.294,2.6419,48.458,-0.47126,NaN,NaN,NaN,NaN,NaN
543.47,-6.5045,9.1518,5.6762,1.8677,-0.40151,-14.721,2.5175,45.097,-0.2745,0.30839,0.15611,-1.0774,NaN,NaN,NaN,NaN,NaN,NaN,NaN,NaN,NaN,47.63,0,2538.2,0.0064211,NaN,NaN,NaN,NaN,NaN,-1,-1,1.6511,0.41927,-16.359,2.6727,47.918,-0.46683,NaN,NaN,NaN,NaN,NaN
543.47,-6.5007,9.271,5.6617,1.335,0.30596,-19.747,1.9766,47.941,-0.42364,0,0,0,NaN,NaN,NaN,NaN,NaN,NaN,NaN,NaN,NaN,47.63,0,2538.2,0.0064211,NaN,NaN,NaN,NaN,NaN,-1,-1,1.6683,0.4061,-16.431,2.7258,47.708,-0.46438,NaN,NaN,NaN,NaN,NaN
543.47,-6.4943,9.3941,5.6471,1.4441,2.7416,-15.392,3.0166,49.479,-0.32607,0,0,0,NaN,NaN,NaN,NaN,NaN,NaN,NaN,NaN,NaN,47.63,0,2538.2,0.0064211,NaN,NaN,NaN,NaN,12.741,97125,10.313,1.6867,0.40906,-16.511,2.8327,47.225,-0.47573,NaN,NaN,NaN,NaN,NaN
543.47,-6.4867,9.5093,5.6327,1.7509,0.52651,-16.706,3.5141,46.328,-0.63701,0,0,0,NaN,NaN,NaN,NaN,NaN,NaN,NaN,NaN,NaN,47.835,0,2502.4,0.0069644,0.974,2.8287,0.72783,0.040788,NaN,-1,-1,1.706,0.40927,-16.562,2.9122,46.86,-0.4813,NaN,NaN,NaN,NaN,NaN
543.48,-6.4815,9.6212,5.6182,2.0058,-0.953,-17.67,2.5323,44.979,-0.72428,0.28713,0.1564,-1.0793,NaN,NaN,NaN,NaN,NaN,NaN,NaN,NaN,NaN,47.835,0,2502.4,0.0069644,NaN,NaN,NaN,NaN,13.105,97128,10.25,1.7252,0.41506,-16.622,3.0174,46.433,-0.48752,NaN,NaN,NaN,NaN,NaN
543.48,-6.4756,9.7399,5.6036,1.5289,1.2032,-17.582,2.85,47.743,-0.51251,0,0,0,NaN,NaN,NaN,NaN,NaN,NaN,NaN,NaN,NaN,47.835,0,2502.4,0.0069644,NaN,NaN,NaN,NaN,NaN,-1,-1,1.7311,0.43648,-16.696,3.1276,45.801,-0.49432,NaN,NaN,NaN,NaN,NaN
543.48,-6.4673,9.8558,5.5892,1.6565,0.44209,-16.392,3.8339,46.607,-0.59439,0,0,0,NaN,NaN,NaN,NaN,NaN,NaN,NaN,NaN,NaN,47.835,0,2502.4,0.0069644,NaN,NaN,NaN,NaN,NaN,-1,-1,1.7361,0.44334,-16.739,3.2148,45.387,-0.50896,NaN,NaN,NaN,NaN,NaN
543.48,-6.4597,9.9628,5.5756,1.9958,-1.1728,-16.159,3.5099,42.997,-0.67431,0,0,0,NaN,NaN,NaN,NaN,NaN,NaN,NaN,NaN,NaN,47.835,0,2502.4,0.0069644,NaN,NaN,NaN,NaN,13.106,97144,10.313,1.7588,0.43164,-16.775,3.3032,44.977,-0.51136,NaN,NaN,NaN,NaN,NaN
543.49,-6.4532,10.072,5.5625,1.8154,0.98346,-20.227,3.0236,44.044,-0.35346,0.28018,0.15637,-1.0822,NaN,NaN,NaN,NaN,NaN,NaN,NaN,NaN,NaN,47.835,0,2502.4,0.0069644,0.95757,2.9361,0.63594,0.091565,NaN,-1,-1,1.7714,0.43521,-16.828,3.4195,44.265,-0.52363,NaN,NaN,NaN,NaN,NaN
543.49,-6.4457,10.191,5.5483,1.521,1.6362,-16.284,3.5335,47.542,-0.41144,0,0,0,NaN,NaN,NaN,NaN,NaN,NaN,NaN,NaN,NaN,47.835,0,2502.4,0.0069644,NaN,NaN,NaN,NaN,NaN,-1,-1,1.7808,0.43505,-16.891,3.5017,43.647,-0.53491,NaN,NaN,NaN,NaN,NaN
543.49,-6.4367,10.298,5.5354,2.6089,0.30938,-15.491,4.032,43.065,-0.39677,0,0,0,NaN,NaN,NaN,NaN,NaN,NaN,NaN,NaN,NaN,47.835,0,2502.4,0.0069644,NaN,NaN,NaN,NaN,12.67,97092,10.063,1.7971,0.4425,-16.932,3.5592,43.233,-0.54947,NaN,NaN,NaN,NaN,NaN
543.49,-6.4294,10.399,5.5226,1.6595,-0.37714,-19.434,3.3634,40.843,-0.64572,0,0,0,NaN,NaN,NaN,NaN,NaN,NaN,NaN,NaN,NaN,47.835,0,2502.4,0.0069644,NaN,NaN,NaN,NaN,NaN,-1,-1,1.7972,0.46203,-17.006,3.6628,42.58,-0.54891,NaN,NaN,NaN,NaN,NaN
543.5,-6.4136,10.616,5.4952,2.4545,0.041965,-17.599,3.698,43.045,-0.5611,0,0,0,NaN,NaN,NaN,NaN,NaN,NaN,NaN,NaN,NaN,47.835,0,2502.4,0.0069644,NaN,NaN,NaN,NaN,12.769,97143,10.313,1.799,0.4653,-17.029,3.7275,42.079,-0.53626,NaN,NaN,NaN,NaN,NaN
543.5,-6.4056,10.715,5.4837,1.815,-0.16695,-15.407,3.5988,39.55,-0.2949,0,0,0,NaN,NaN,NaN,NaN,NaN,NaN,NaN,NaN,NaN,47.835,0,2502.4,0.0069644,NaN,NaN,NaN,NaN,NaN,-1,-1,1.8137,0.46342,-17.036,3.8188,41.514,-0.53153,NaN,NaN,NaN,NaN,NaN
543.5,-6.3976,10.814,5.4715,1.6139,0.70845,-20.52,3.596,39.777,-0.48484,0,0,0,NaN,NaN,NaN,NaN,NaN,NaN,NaN,NaN,NaN,47.835,0,2502.4,0.0069644,0.97181,2.9373,0.63533,0.10239,NaN,-1,-1,1.8188,0.45646,-17.087,3.921,40.751,-0.52433,NaN,NaN,NaN,NaN,NaN
543.5,-6.3885,10.917,5.459,1.469,1.6417,-17.209,4.1109,41.667,-0.39471,0.27793,0.15135,-1.0868,NaN,NaN,NaN,NaN,NaN,NaN,NaN,NaN,NaN,47.835,0,2502.4,0.0069644,NaN,NaN,NaN,NaN,12.862,97160,10.375,1.8226,0.45594,-17.142,3.9971,40.058,-0.54111,NaN,NaN,NaN,NaN,NaN
543.51,-6.3788,11.014,5.4472,2.2586,0.11549,-16.474,4.3167,38.845,-0.48151,0,0,0,NaN,NaN,NaN,NaN,NaN,NaN,NaN,NaN,NaN,47.835,0,2502.4,0.0069644,NaN,NaN,NaN,NaN,NaN,-1,-1,1.8372,0.46303,-17.153,4.1169,39.259,-0.55584,NaN,NaN,NaN,NaN,NaN
543.51,-6.3699,11.108,5.4355,2.1807,-0.46048,-18.922,3.994,37.742,-0.59679,0,0,0,NaN,NaN,NaN,NaN,NaN,NaN,NaN,NaN,NaN,47.835,0,2502.4,0.0069644,NaN,NaN,NaN,NaN,NaN,-1,-1,1.8412,0.47029,-17.181,4.2304,38.42,-0.56306,NaN,NaN,NaN,NaN,NaN
543.51,-6.3589,11.202,5.4231,1.4581,1.3931,-17.052,4.8647,37.813,-0.81102,0,0,0,NaN,NaN,NaN,NaN,NaN,NaN,NaN,NaN,NaN,47.835,0,2502.4,0.0069644,NaN,NaN,NaN,NaN,12.831,97140,10.313,1.8313,0.48608,-17.222,4.3659,37.822,-0.58552,NaN,NaN,NaN,NaN,NaN
543.51,-6.3476,11.295,5.4111,2.0636,0.4873,-18.027,4.9217,37.51,-0.61077,0.25866,0.15691,-1.0796,NaN,NaN,NaN,NaN,NaN,NaN,NaN,NaN,NaN,47.835,0,2502.4,0.0069644,0.96524,2.9367,0.63473,NaN,NaN,-1,-1,1.8395,0.48799,-17.217,4.4979,37.086,-0.60939,NaN,NaN,NaN,NaN,NaN
543.52,-6.3374,11.38,5.3997,1.8914,-0.72508,-17.806,4.5411,33.906,-0.91816,0,0,0,NaN,NaN,NaN,NaN,NaN,NaN,NaN,NaN,NaN,47.835,0,2502.4,0.0069644,NaN,NaN,NaN,NaN,12.798,97092,10.125,1.8498,0.47503,-17.222,4.626,36.105,-0.63289,NaN,NaN,NaN,NaN,NaN
543.52,-6.3279,11.471,5.3878,1.8471,1.0174,-19.495,4.2296,36.669,-0.74943,0,0,0,NaN,NaN,NaN,NaN,NaN,NaN,NaN,NaN,NaN,47.835,0,2502.4,0.0069644,NaN,NaN,NaN,NaN,NaN,-1,-1,1.8424,0.47717,-17.254,4.7245,35.423,-0.64643,NaN,NaN,NaN,NaN,NaN
543.52,-6.3155,11.562,5.3762,2.035,1.801,-16.874,5.442,36.828,-0.66486,0,0,0,NaN,NaN,NaN,NaN,NaN,NaN,NaN,NaN,NaN,47.835,0,2502.4,0.0069644,NaN,NaN,NaN,NaN,NaN,-1,-1,1.8539,0.46837,-17.245,4.81,34.673,-0.66433,NaN,NaN,NaN,NaN,NaN
543.52,-6.3025,11.642,5.3656,2.0908,-0.89129,-16.647,5.5578,31.868,-0.79211,0.25189,0.15424,-1.0869,NaN,NaN,NaN,NaN,NaN,NaN,NaN,NaN,NaN,47.835,0,2502.4,0.0069644,NaN,NaN,NaN,NaN,12.733,97086,10.063,1.8557,0.45997,-17.248,4.9094,33.82,-0.67814,NaN,NaN,NaN,NaN,NaN
543.53,-6.2923,11.723,5.3552,1.8532,0.00731,-19.707,4.4238,32.593,-0.64544,0,0,0,NaN,NaN,NaN,NaN,NaN,NaN,NaN,NaN,NaN,47.835,0,2502.4,0.0069644,0.97126,2.9427,0.64325,0.097392,NaN,-1,-1,1.8498,0.48205,-17.289,4.9709,33.006,-0.67766,NaN,NaN,NaN,NaN,NaN
543.53,-6.2805,11.808,5.3444,2.1039,1.6399,-16.943,5.1281,34.075,-0.66595,0,0,0,NaN,NaN,NaN,NaN,NaN,NaN,NaN,NaN,NaN,47.835,0,2502.4,0.0069644,NaN,NaN,NaN,NaN,NaN,-1,-1,1.8461,0.48802,-17.265,5.0682,32.283,-0.68244,NaN,NaN,NaN,NaN,NaN
543.53,-6.2686,11.884,5.3345,2.0452,-0.13559,-17.716,5.1193,30.747,-0.67185,0,0,0,NaN,NaN,NaN,NaN,NaN,NaN,NaN,NaN,NaN,47.835,0,2502.4,0.0069644,NaN,NaN,NaN,NaN,12.703,97103,10.125,1.8508,0.48006,-17.234,5.2058,31.449,-0.70658,NaN,NaN,NaN,NaN,NaN
543.53,-6.2585,11.959,5.3247,1.4448,-0.11562,-18.431,4.3583,29.974,-0.69563,0.24493,0.15421,-1.0898,NaN,NaN,NaN,NaN,NaN,NaN,NaN,NaN,NaN,47.835,0,2502.4,0.0069644,NaN,NaN,NaN,NaN,NaN,-1,-1,1.8479,0.47798,-17.259,5.2863,30.49,-0.74487,NaN,NaN,NaN,NaN,NaN
543.54,-6.2468,12.034,5.3157,1.9337,2.1943,-18.288,4.9274,30.361,-0.35816,0,0,0,NaN,NaN,NaN,NaN,NaN,NaN,NaN,NaN,NaN,47.835,0,2502.4,0.0069644,NaN,NaN,NaN,NaN,12.983,97105,10.188,1.8446,0.47153,-17.257,5.3806,29.683,-0.77814,NaN,NaN,NaN,NaN,NaN
543.54,-6.2329,12.108,5.3061,1.9881,0.11174,-18.225,5.8826,29.552,-0.70233,0,0,0,NaN,NaN,NaN,NaN,NaN,NaN,NaN,NaN,NaN,47.835,0,2502.4,0.0069644,NaN,NaN,NaN,NaN,NaN,-1,-1,1.8523,0.4609,-17.227,5.5076,28.909,-0.80804,NaN,NaN,NaN,NaN,NaN
543.54,-6.2208,12.177,5.2969,1.9506,-0.87425,-16.705,5.1458,27.585,-0.77888,0,0,0,NaN,NaN,NaN,NaN,NaN,NaN,NaN,NaN,NaN,47.835,0,2502.4,0.0069644,0.99261,2.9438,0.6542,0.080744,NaN,-1,-1,1.8442,0.47125,-17.228,5.629,27.915,-0.84191,NaN,NaN,NaN,NaN,NaN
543.54,-6.2086,12.245,5.2879,1.8407,0.8108,-18.672,5.174,27.532,-0.64171,0.23082,0.15188,-1.0933,NaN,NaN,NaN,NaN,NaN,NaN,NaN,NaN,NaN,47.835,0,2502.4,0.0069644,NaN,NaN,NaN,NaN,12.92,97120,10.188,1.8266,0.48844,-17.235,5.7184,26.95,-0.85598,NaN,NaN,NaN,NaN,NaN
543.55,-6.193,12.311,5.2795,1.6177,1.3133,-17.232,6.4626,26.338,-0.61776,0,0,0,NaN,NaN,NaN,NaN,NaN,NaN,NaN,NaN,NaN,47.835,0,2502.4,0.0069644,NaN,NaN,NaN,NaN,NaN,-1,-1,1.8249,0.48327,-17.182,5.8292,26.217,-0.87656,NaN,NaN,NaN,NaN,NaN
543.55,-6.1632,12.436,5.2615,1.7535,1.2049,-17.325,6.0865,24.898,-0.9809,0,0,0,NaN,NaN,NaN,NaN,NaN,NaN,NaN,NaN,NaN,47.835,0,2502.4,0.0069644,NaN,NaN,NaN,NaN,NaN,-1,-1,1.8309,0.47288,-17.139,5.9484,25.398,-0.90091,NaN,NaN,NaN,NaN,NaN
543.55,-6.1472,12.494,5.2523,1.7581,1.3536,-17.132,6.7121,23.357,-1.1942,0.24499,0.14675,-1.0943,NaN,NaN,NaN,NaN,NaN,NaN,NaN,NaN,NaN,47.835,0,2502.4,0.0069644,0.96524,2.9409,0.63533,0.09656,12.739,97132,10.313,1.8147,0.48442,-17.152,6.0329,24.386,-0.92275,NaN,NaN,NaN,NaN,NaN
543.55,-6.1312,12.553,5.2431,2.04,0.22271,-17.852,6.734,23.478,-1.2739,0,0,0,NaN,NaN,NaN,NaN,NaN,NaN,NaN,NaN,NaN,47.835,0,2502.4,0.0069644,NaN,NaN,NaN,NaN,NaN,-1,-1,1.804,0.47197,-17.117,6.1359,23.496,-0.93222,NaN,NaN,NaN,NaN,NaN
543.56,-6.1166,12.607,5.2338,1.7193,-0.79161,-17.936,6.1893,21.947,-1.4272,0,0,0,NaN,NaN,NaN,NaN,NaN,NaN,NaN,NaN,NaN,47.835,0,2502.4,0.0069644,NaN,NaN,NaN,NaN,12.674,97129,10.25,1.8054,0.47622,-17.088,6.2305,22.607,-0.94191,NaN,NaN,NaN,NaN,NaN
543.56,-6.1008,12.664,5.2259,2.1693,1.4011,-17.631,6.5387,22.75,-0.83079,0,0,0,NaN,NaN,NaN,NaN,NaN,NaN,NaN,NaN,NaN,47.835,0,2502.4,0.0069644,NaN,NaN,NaN,NaN,NaN,-1,-1,1.7871,0.48452,-17.066,6.2999,21.632,-0.95754,NaN,NaN,NaN,NaN,NaN
543.56,-6.0844,12.717,5.2177,2.0709,0.60383,-15.887,6.7818,21.469,-1.0171,0.2336,0.16629,-1.093,NaN,NaN,NaN,NaN,NaN,NaN,NaN,NaN,NaN,47.835,0,2502.4,0.0069644,NaN,NaN,NaN,NaN,NaN,-1,-1,1.7809,0.48124,-17.008,6.4002,20.734,-0.95997,NaN,NaN,NaN,NaN,NaN
543.56,-6.0691,12.764,5.2104,1.529,0.2804,-17.575,6.2735,19.005,-0.99655,0,0,0,NaN,NaN,NaN,NaN,NaN,NaN,NaN,NaN,NaN,47.835,0,2502.4,0.0069644,0.97071,2.9367,0.63533,0.10239,12.95,97103,10.125,1.7799,0.4735,-16.941,6.5192,19.911,-0.97361,NaN,NaN,NaN,NaN,NaN
543.57,-6.0548,12.812,5.2033,1.1111,0.93403,-18.821,5.8635,19.203,-0.90762,0,0,0,NaN,NaN,NaN,NaN,NaN,NaN,NaN,NaN,NaN,47.835,0,2502.4,0.0069644,0.97071,2.9367,0.63533,0.10239,NaN,-1,-1,1.7675,0.46372,-16.915,6.6161,19.007,-0.99083,NaN,NaN,NaN,NaN,NaN
543.57,-6.0389,12.861,5.1963,1.9724,1.2007,-16.26,6.4975,19.519,-0.84786,0,0,0,NaN,NaN,NaN,NaN,NaN,NaN,NaN,NaN,NaN,47.835,0,2502.4,0.0069644,NaN,NaN,NaN,NaN,NaN,-1,-1,1.7568,0.46581,-16.89,6.9785,18.176,-1.0637,NaN,NaN,NaN,NaN,NaN
543.57,-6.023,12.907,5.1895,2.3204,-1.3706,-17.01,6.4851,18.486,-0.87101,0.23292,0.15209,-1.0886,NaN,NaN,NaN,NaN,NaN,NaN,NaN,NaN,NaN,47.835,0,2502.4,0.0069644,NaN,NaN,NaN,NaN,12.702,97089,10.063,1.7548,0.45135,-16.831,7.0457,17.3,-1.0799,NaN,NaN,NaN,NaN,NaN
543.57,-6.007,12.944,5.1827,1.4525,0.61546,-17.437,6.571,15.099,-1.2424,0,0,0,NaN,NaN,NaN,NaN,NaN,NaN,NaN,NaN,NaN,47.835,0,2502.4,0.0069644,NaN,NaN,NaN,NaN,NaN,-1,-1,1.741,0.45986,-16.798,7.0846,16.408,-1.1125,NaN,NaN,NaN,NaN,NaN
543.58,-5.9705,13.028,5.1683,2.1428,0.32757,-15.936,7.4195,16.917,-1.0788,0,0,0,NaN,NaN,NaN,NaN,NaN,NaN,NaN,NaN,NaN,47.835,0,2502.4,0.0069644,NaN,NaN,NaN,NaN,12.925,97133,10.313,1.7238,0.47267,-16.75,7.1009,15.497,-1.1279,NaN,NaN,NaN,NaN,NaN
543.58,-5.9529,13.06,5.1624,1.6878,0.41496,-16.822,7.0751,13.154,-0.99884,0.2354,0.14206,-1.0951,NaN,NaN,NaN,NaN,NaN,NaN,NaN,NaN,NaN,47.835,0,2502.4,0.0069644,0.96469,2.9367,0.63533,NaN,NaN,-1,-1,1.702,0.48386,-16.696,7.1642,14.64,-1.1386,NaN,NaN,NaN,NaN,NaN
543.58,-5.9343,13.094,5.155,1.0079,1.7121,-17.467,7.6275,13.507,-1.6223,0,0,0,NaN,NaN,NaN,NaN,NaN,NaN,NaN,NaN,NaN,47.835,0,2502.4,0.0069644,NaN,NaN,NaN,0.097392,NaN,-1,-1,1.6952,0.48074,-16.617,7.4898,13.709,-1.2028,NaN,NaN,NaN,NaN,NaN
543.58,-5.8956,13.157,5.1414,2.2967,-0.38253,-16.702,7.6189,11.613,-1.4601,0,0,0,NaN,NaN,NaN,NaN,NaN,NaN,NaN,NaN,NaN,47.835,0,2502.4,0.0069644,NaN,NaN,NaN,NaN,12.919,97101,10.125,1.6858,0.46717,-16.549,7.4684,12.907,-1.2038,NaN,NaN,NaN,NaN,NaN
543.59,-5.8782,13.185,5.1354,1.4944,-0.48664,-17.543,6.9925,10.957,-1.2579,0.22338,0.13994,-1.094,NaN,NaN,NaN,NaN,NaN,NaN,NaN,NaN,NaN,47.835,0,2502.4,0.0069644,NaN,NaN,NaN,NaN,NaN,-1,-1,1.6658,0.45158,-16.503,7.4485,12.079,-1.2111,NaN,NaN,NaN,NaN,NaN
543.59,-5.8589,13.216,5.1301,1.8927,0.92125,-16.919,7.7087,12.512,-0.97162,0,0,0,NaN,NaN,NaN,NaN,NaN,NaN,NaN,NaN,NaN,47.835,0,2502.4,0.0069644,NaN,NaN,NaN,NaN,NaN,-1,-1,1.652,0.44638,-16.452,7.452,11.259,-1.2016,NaN,NaN,NaN,NaN,NaN
543.59,-5.8399,13.241,5.1255,2.0659,0.26305,-15.062,7.5532,10.297,-0.90247,0,0,0,NaN,NaN,NaN,NaN,NaN,NaN,NaN,NaN,NaN,47.835,0,2502.4,0.0069644,NaN,NaN,NaN,NaN,12.739,97137,10.313,1.6395,0.45447,-16.363,7.3908,10.456,-1.1841,NaN,NaN,NaN,NaN,NaN
543.59,-5.8208,13.261,5.1211,1.1254,0.85595,-16.892,7.5785,7.7341,-1.0711,0,0,0,NaN,NaN,NaN,NaN,NaN,NaN,NaN,NaN,NaN,47.826,0,2468.2,0.0064211,NaN,NaN,NaN,NaN,12.42,97095,10.125,1.6178,0.46635,-16.306,7.3567,9.6913,-1.1677,NaN,NaN,NaN,NaN,NaN
543.6,-5.802,13.286,5.116,0.88189,1.2785,-17.73,7.4683,10.125,-1.0473,0.21677,0.14702,-1.099,5.834,13.028,-0.82837,14.299,40.058,-88.549,3.6786e+05,4.4354e+06,312.53,47.826,0,2468.2,0.0064211,NaN,NaN,NaN,NaN,NaN,-1,-1,1.5975,0.46699,-16.234,7.3713,9.0623,-1.1713,12.945,4.2301,4.3577,18.606,17.208
543.6,-5.7824,13.311,5.1104,1.927,0.23369,-14.632,7.8873,10.012,-1.3313,0,0,0,NaN,NaN,NaN,NaN,NaN,NaN,NaN,NaN,NaN,47.826,0,2468.2,0.0064211,NaN,NaN,NaN,NaN,NaN,-1,-1,1.583,0.46022,-16.16,7.3527,8.3941,-1.1767,NaN,NaN,NaN,NaN,NaN
543.6,-5.763,13.328,5.1061,2.2814,-0.73655,-14.944,7.6858,6.7708,-1.1847,0,0,0,NaN,NaN,NaN,NaN,NaN,NaN,NaN,NaN,NaN,47.826,0,2468.2,0.0064211,NaN,NaN,NaN,NaN,NaN,-1,-1,1.5729,0.43601,-16.084,7.3267,7.6039,-1.1814,NaN,NaN,NaN,NaN,NaN
543.6,-5.7427,13.339,5.1027,0.83939,0.40828,-17.467,7.9458,4.7054,-1.0091,0,0,0,NaN,NaN,NaN,NaN,NaN,NaN,NaN,NaN,NaN,47.826,0,2468.2,0.0064211,NaN,NaN,NaN,NaN,12.767,97114,10.188,1.5619,0.4228,-15.988,7.3492,6.9312,-1.1909,NaN,NaN,NaN,NaN,NaN
543.61,-5.7218,13.359,5.0976,1.485,0.74181,-16.999,8.3299,7.9082,-1.3193,0.21907,0.14951,-1.0966,NaN,NaN,NaN,NaN,NaN,NaN,NaN,NaN,NaN,47.826,0,2468.2,0.0064211,0.98823,2.9516,0.65968,0.074917,NaN,-1,-1,1.5447,0.42808,-15.917,7.3654,6.3439,-1.2086,NaN,NaN,NaN,NaN,NaN
543.61,-5.7018,13.375,5.092,1.881,-0.03534,-15.508,8.0612,6.656,-1.6758,0,0,0,NaN,NaN,NaN,NaN,NaN,NaN,NaN,NaN,NaN,47.826,0,2468.2,0.0064211,NaN,2.9516,NaN,NaN,NaN,-1,-1,1.5249,0.42345,-15.733,7.3968,5.5878,-1.2373,NaN,NaN,NaN,NaN,NaN
543.61,-5.6812,13.383,5.088,1.2016,1.8342,-15.461,8.1225,2.9743,-1.4382,0,0,0,NaN,NaN,NaN,NaN,NaN,NaN,NaN,NaN,NaN,47.826,0,2468.2,0.0064211,NaN,NaN,NaN,NaN,12.83,97124,10.25,1.5102,0.42169,-15.672,7.4338,4.853,-1.261,NaN,NaN,NaN,NaN,NaN
543.61,-5.6591,13.396,5.0833,0.83914,1.8354,-17.274,8.8054,5.4569,-1.4402,0,0,0,NaN,NaN,NaN,NaN,NaN,NaN,NaN,NaN,NaN,47.826,0,2468.2,0.0064211,NaN,NaN,NaN,NaN,12.982,97093,10.125,1.4844,0.44847,-15.603,7.4545,4.2448,-1.2832,NaN,NaN,NaN,NaN,NaN
543.62,-5.6383,13.41,5.0777,1.4797,-0.37864,-13.789,8.3678,5.6482,-1.7718,0.22392,0.14439,-1.1006,NaN,NaN,NaN,NaN,NaN,NaN,NaN,NaN,NaN,47.826,0,2468.2,0.0064211,0.96907,2.8263,0.71566,0.046615,NaN,-1,-1,1.4709,0.43447,-15.49,7.4728,3.6762,-1.3097,NaN,NaN,NaN,NaN,NaN
543.62,-5.6182,13.412,5.0739,2.2641,-0.48097,-15.642,7.921,0.92642,-1.5504,0,0,0,NaN,NaN,NaN,NaN,NaN,NaN,NaN,NaN,NaN,47.826,0,2468.2,0.0064211,NaN,NaN,NaN,NaN,NaN,-1,-1,1.4535,0.41909,-15.421,7.5063,3.0212,-1.3315,NaN,NaN,NaN,NaN,NaN
543.62,-5.5977,13.418,5.0697,1.3608,-0.2811,-16.953,8.0835,2.1315,-1.5749,0,0,0,NaN,NaN,NaN,NaN,NaN,NaN,NaN,NaN,NaN,47.826,0,2468.2,0.0064211,NaN,NaN,NaN,NaN,NaN,-1,-1,1.4294,0.39894,-15.339,7.5533,2.3757,-1.3544,NaN,NaN,NaN,NaN,NaN
543.62,0,0,0,0,0,0,0,0,0,0,0,0,NaN,NaN,NaN,NaN,NaN,NaN,NaN,NaN,NaN,47.826,0,2468.2,0.0064211,NaN,NaN,NaN,NaN,12.742,97140,10.375,1.4189,0.39969,-15.235,7.5613,1.7817,-1.374,NaN,NaN,NaN,NaN,NaN
543.63,-5.556,13.432,5.0613,1.9388,0.45221,-14.115,7.9816,1.3249,-1.3439,0.23046,0.13491,-1.0956,NaN,NaN,NaN,NaN,NaN,NaN,NaN,NaN,NaN,47.826,0,2468.2,0.0064211,NaN,NaN,NaN,NaN,NaN,-1,-1,1.3961,0.40322,-15.13,7.5887,1.2269,-1.3925,NaN,NaN,NaN,NaN,NaN
543.63,-5.5343,13.428,5.0592,0.93211,1.7128,-15.659,8.4197,-1.7991,-1.1524,0,0,0,NaN,NaN,NaN,NaN,NaN,NaN,NaN,NaN,NaN,47.826,0,2468.2,0.0064211,NaN,NaN,NaN,NaN,NaN,-1,-1,1.3784,0.39706,-15.01,7.6221,0.76142,-1.4104,NaN,NaN,NaN,NaN,NaN
543.63,-5.5122,13.432,5.0552,0.48179,1.4056,-17.55,8.7274,1.8715,-1.5155,0,0,0,NaN,NaN,NaN,NaN,NaN,NaN,NaN,NaN,NaN,47.826,0,2468.2,0.0064211,1.0293,2.8466,0.70349,0.022475,12.766,97099,10.125,1.362,0.40032,-14.921,7.661,0.12395,-1.444,NaN,NaN,NaN,NaN,NaN
543.63,-5.4905,13.437,5.0511,1.7417,-0.096796,-12.719,8.5494,1.7458,-1.6049,0,0,0,NaN,NaN,NaN,NaN,NaN,NaN,NaN,NaN,NaN,47.826,0,2468.2,0.0064211,NaN,NaN,NaN,NaN,NaN,-1,-1,1.3433,0.38565,-14.817,7.7436,-0.37241,-1.4822,NaN,NaN,NaN,NaN,NaN
543.64,0,0,0,0,0,0,0,0,0,0,0,0,NaN,NaN,NaN,NaN,NaN,NaN,NaN,NaN,NaN,47.826,0,2468.2,0.0064211,NaN,NaN,NaN,NaN,12.702,97106,10.125,1.3226,0.37897,-14.717,7.7917,-0.86619,-1.516,NaN,NaN,NaN,NaN,NaN
543.64,-5.4693,13.429,5.0478,1.9262,-0.14968,-13.949,8.3045,-2.8142,-1.6033,0.2189,0.12989,-1.1033,NaN,NaN,NaN,NaN,NaN,NaN,NaN,NaN,NaN,47.826,0,2468.2,0.0064211,NaN,NaN,NaN,NaN,NaN,-1,-1,1.3025,0.38662,-14.604,7.8777,-1.4451,-1.5544,NaN,NaN,NaN,NaN,NaN
543.64,-5.424,13.423,5.042,1.324,0.32778,-16.499,8.9491,0.41511,-1.4411,0,0,0,NaN,NaN,NaN,NaN,NaN,NaN,NaN,NaN,NaN,47.826,0,2468.2,0.0064211,NaN,NaN,NaN,NaN,NaN,-1,-1,1.282,0.39036,-14.503,7.9712,-2.0542,-1.5911,NaN,NaN,NaN,NaN,NaN
543.64,-5.4031,13.418,5.0378,1.776,0.15493,-13.707,8.2581,-1.9893,-1.99,0,0,0,NaN,NaN,NaN,NaN,NaN,NaN,NaN,NaN,NaN,47.826,0,2468.2,0.0064211,0.974,2.8251,0.7114,NaN,12.773,97139,10.375,1.2534,0.41421,-14.422,8.0428,-2.5483,-1.6236,NaN,NaN,NaN,NaN,NaN
543.65,-5.3578,13.398,5.0295,0.71185,1.6316,-16.367,9.3798,-2.5595,-2.3885,0,0,0,NaN,NaN,NaN,NaN,NaN,NaN,NaN,NaN,NaN,47.826,0,2468.2,0.0064211,NaN,NaN,NaN,0.04495,NaN,-1,-1,1.234,0.42988,-14.444,8.1286,-2.9978,-1.6508,NaN,NaN,NaN,NaN,NaN
543.65,-5.3349,13.392,5.0251,1.1113,-0.36465,-12.742,9.1109,-2.3628,-2.1201,0,0,0,NaN,NaN,NaN,NaN,NaN,NaN,NaN,NaN,NaN,47.826,0,2468.2,0.0064211,NaN,NaN,NaN,NaN,NaN,-1,-1,1.2254,0.40838,-14.334,8.2156,-3.5841,-1.6722,NaN,NaN,NaN,NaN,NaN
543.65,-5.3128,13.376,5.0222,2.117,-0.27041,-13.768,8.6353,-6.4169,-1.8936,0,0,0,NaN,NaN,NaN,NaN,NaN,NaN,NaN,NaN,NaN,47.826,0,2468.2,0.0064211,NaN,NaN,NaN,NaN,12.61,97118,10.188,1.2109,0.41353,-14.22,8.3131,-4.1411,-1.7107,NaN,NaN,NaN,NaN,NaN
543.65,-5.357,13.302,5.0838,1.1056,-0.51724,-16.724,8.8761,-6.8704,-1.9631,0.22802,0.1276,-1.098,NaN,NaN,NaN,NaN,NaN,NaN,NaN,NaN,NaN,47.826,0,2468.2,0.0064211,NaN,NaN,NaN,NaN,NaN,-1,-1,1.1855,0.40879,-14.141,8.4032,-4.576,-1.7508,NaN,NaN,NaN,NaN,NaN
543.66,-5.3341,13.295,5.08,1.0575,0.29746,-15.309,9.0471,-2.3677,-1.873,0,0,0,NaN,NaN,NaN,NaN,NaN,NaN,NaN,NaN,NaN,47.826,0,2468.2,0.0064211,1.0255,2.843,0.70714,0.0066593,12.707,97095,10.188,1.1681,0.40444,-14.041,8.4902,-5.0937,-1.7914,NaN,NaN,NaN,NaN,NaN
543.66,-5.3111,13.281,5.0776,1.9106,0.42191,-13.016,8.9211,-5.894,-1.6687,0,0,0,NaN,NaN,NaN,NaN,NaN,NaN,NaN,NaN,NaN,47.826,0,2468.2,0.0064211,NaN,NaN,NaN,NaN,NaN,-1,-1,1.1626,0.41379,-14.081,8.5914,-5.6492,-1.8169,NaN,NaN,NaN,NaN,NaN
543.66,-5.2883,13.257,5.0757,0.71805,1.5953,-14.471,8.8178,-9.4701,-1.7641,0,0,0,NaN,NaN,NaN,NaN,NaN,NaN,NaN,NaN,NaN,47.826,0,2468.2,0.0064211,NaN,NaN,NaN,NaN,NaN,-1,-1,1.1381,0.44266,-14.031,8.6955,-6.1439,-1.8396,NaN,NaN,NaN,NaN,NaN
543.66,-5.265,13.243,5.0726,0.21812,1.499,-16.469,9.0958,-5.5053,-1.6857,0.22343,0.13248,-1.0984,NaN,NaN,NaN,NaN,NaN,NaN,NaN,NaN,NaN,47.826,0,2468.2,0.0064211,NaN,NaN,NaN,NaN,12.486,97125,10.25,1.1249,0.43303,-13.956,8.8101,-6.5779,-1.8695,NaN,NaN,NaN,NaN,NaN
543.67,-5.2418,13.231,5.069,1.4104,0.19027,-12.532,9.1357,-4.9272,-2.002,0,0,0,NaN,NaN,NaN,NaN,NaN,NaN,NaN,NaN,NaN,47.826,0,2468.2,0.0064211,NaN,NaN,NaN,NaN,NaN,-1,-1,1.1055,0.43206,-13.876,8.9215,-7.1071,-1.9334,NaN,NaN,NaN,NaN,NaN
543.67,-5.2184,13.207,5.0655,1.6723,-0.63532,-12.579,9.1966,-9.4519,-2.3892,0,0,0,NaN,NaN,NaN,NaN,NaN,NaN,NaN,NaN,NaN,47.826,0,2468.2,0.0064211,0.97619,2.8257,0.71871,0.047447,NaN,-1,-1,1.0956,0.42045,-13.826,9.0561,-7.6332,-1.9937,NaN,NaN,NaN,NaN,NaN
543.67,-5.1933,13.184,5.0636,0.48342,0.46633,-15.233,9.7545,-9.3078,-1.7622,0,0,0,NaN,NaN,NaN,NaN,NaN,NaN,NaN,NaN,NaN,47.826,0,2468.2,0.0064211,NaN,NaN,NaN,NaN,12.798,97114,10.188,1.0783,0.4155,-13.777,9.2208,-8.0245,-2.0486,NaN,NaN,NaN,NaN,NaN
543.67,-5.1684,13.166,5.0601,1.1537,0.098069,-14.922,9.7734,-6.9442,-2.1072,0.21865,0.13507,-1.0966,NaN,NaN,NaN,NaN,NaN,NaN,NaN,NaN,NaN,47.826,0,2468.2,0.0064211,NaN,NaN,NaN,NaN,NaN,-1,-1,1.0617,0.42434,-13.697,9.3686,-8.4774,-2.112,NaN,NaN,NaN,NaN,NaN
543.68,-5.1455,13.144,5.0571,1.3654,0.043814,-14.06,8.9519,-8.6922,-2.1162,0,0,0,NaN,NaN,NaN,NaN,NaN,NaN,NaN,NaN,NaN,47.826,0,2468.2,0.0064211,NaN,NaN,NaN,NaN,12.74,97110,10.25,1.0505,0.41858,-13.604,9.482,-9.0476,-2.1577,NaN,NaN,NaN,NaN,NaN
543.68,-5.0967,13.095,5.0515,0.77885,1.6871,-14.181,9.6437,-9.2679,-2.1697,0,0,0,NaN,NaN,NaN,NaN,NaN,NaN,NaN,NaN,NaN,47.826,0,2468.2,0.0064211,NaN,NaN,NaN,NaN,NaN,-1,-1,1.0296,0.42322,-13.561,9.6094,-9.4428,-2.1951,NaN,NaN,NaN,NaN,NaN
543.68,-5.0719,13.072,5.0482,0.77342,-0.29427,-12.403,9.7172,-9.0667,-2.1693,0.22998,0.12299,-1.0934,NaN,NaN,NaN,NaN,NaN,NaN,NaN,NaN,NaN,47.826,0,2468.2,0.0064211,0.97181,2.9403,0.6402,0.094062,NaN,-1,-1,1.0033,0.42907,-13.497,9.4097,-9.9112,-2.1763,NaN,NaN,NaN,NaN,NaN
543.68,-5.0237,13.012,5.0429,1.0818,-0.65768,-14.64,9.5682,-11.78,-2.2204,0,0,0,NaN,NaN,NaN,NaN,NaN,NaN,NaN,NaN,NaN,47.826,0,2468.2,0.0064211,NaN,NaN,NaN,NaN,12.767,97067,10.063,0.99757,0.4238,-13.384,9.4608,-10.364,-2.2077,NaN,NaN,NaN,NaN,NaN
543.69,-4.9995,12.989,5.0399,1.0155,-0.27566,-14.393,9.4867,-9.2648,-2.1625,0,0,0,NaN,NaN,NaN,NaN,NaN,NaN,NaN,NaN,NaN,47.826,0,2468.2,0.0064211,NaN,NaN,NaN,NaN,NaN,-1,-1,0.9746,0.41674,-13.338,9.5406,-10.849,-2.2311,NaN,NaN,NaN,NaN,NaN
543.69,-4.9761,12.962,5.0375,1.4679,0.78417,-13.102,9.0449,-10.704,-1.8817,0.23774,0.13216,-1.0994,NaN,NaN,NaN,NaN,NaN,NaN,NaN,NaN,NaN,47.826,0,2468.2,0.0064211,NaN,NaN,NaN,NaN,NaN,-1,-1,0.96175,0.41774,-13.28,9.6157,-11.295,-2.2608,NaN,NaN,NaN,NaN,NaN
543.69,-4.9507,12.927,5.0362,0.85591,2.0359,-13.793,9.8165,-14.066,-1.8843,0,0,0,NaN,NaN,NaN,NaN,NaN,NaN,NaN,NaN,NaN,47.826,0,2468.2,0.0064211,NaN,NaN,NaN,NaN,12.548,97113,10.188,0.94913,0.41555,-13.218,9.6817,-11.725,-2.2783,NaN,NaN,NaN,NaN,NaN
543.69,-4.9268,12.9,5.0328,0.15328,1.2317,-15.153,9.3604,-10.814,-2.4334,0,0,0,NaN,NaN,NaN,NaN,NaN,NaN,NaN,NaN,NaN,47.826,0,2468.2,0.0064211,NaN,NaN,NaN,NaN,NaN,-1,-1,0.92821,0.41868,-13.178,9.449,-12.052,-2.2412,NaN,NaN,NaN,NaN,NaN
543.7,-4.9034,12.872,5.0293,1.0293,0.28986,-11.506,9.225,-11.048,-2.5018,0,0,0,NaN,NaN,NaN,NaN,NaN,NaN,NaN,NaN,NaN,47.826,0,2468.2,0.0064211,0.97564,2.9361,0.63412,0.097392,12.736,97110,10.188,0.91142,0.42792,-13.112,9.4369,-12.455,-2.2517,NaN,NaN,NaN,NaN,NaN
543.7,-4.8797,12.835,5.0262,1.3205,-0.10009,-12.336,9.2518,-14.884,-2.5605,0.23969,0.12262,-1.097,NaN,NaN,NaN,NaN,NaN,NaN,NaN,NaN,NaN,47.826,0,2468.2,0.0064211,NaN,NaN,NaN,NaN,NaN,-1,-1,0.90097,0.42774,-13.022,9.4455,-12.812,-2.2754,NaN,NaN,NaN,NaN,NaN
543.7,-4.8552,12.799,5.0234,0.52907,-0.017064,-14.424,9.5722,-14.432,-2.5077,0,0,0,NaN,NaN,NaN,NaN,NaN,NaN,NaN,NaN,NaN,47.826,0,2468.2,0.0064211,NaN,NaN,NaN,NaN,NaN,-1,-1,0.8815,0.42574,-13,9.4378,-13.116,-2.3227,NaN,NaN,NaN,NaN,NaN
543.7,-4.8312,12.769,5.0196,0.83062,-0.14231,-13.83,9.4734,-11.803,-2.6394,0,0,0,NaN,NaN,NaN,NaN,NaN,NaN,NaN,NaN,NaN,47.875,0,2431,0.0080533,NaN,NaN,NaN,NaN,12.455,97120,10.25,0.87219,0.42926,-12.906,9.469,-13.479,-2.3697,NaN,NaN,NaN,NaN,NaN
543.71,-4.8074,12.732,5.0173,1.2989,0.19422,-13.044,9.2051,-14.834,-2.2964,0,0,0,NaN,NaN,NaN,NaN,NaN,NaN,NaN,NaN,NaN,47.875,0,2431,0.0080533,0.97345,2.818,0.71201,NaN,NaN,-1,-1,0.86268,0.41331,-12.847,9.4867,-13.863,-2.4047,NaN,NaN,NaN,NaN,NaN
543.71,-4.7834,12.692,5.0153,0.79308,1.4271,-14.303,9.291,-15.933,-2.1717,0.2328,0.12501,-1.0998,NaN,NaN,NaN,NaN,NaN,NaN,NaN,NaN,NaN,47.875,0,2431,0.0080533,NaN,NaN,NaN,0.046615,NaN,-1,-1,0.83868,0.40532,-12.815,9.4796,-14.28,-2.4272,NaN,NaN,NaN,NaN,NaN
543.71,-4.7582,12.66,5.0122,0.52541,1.4471,-13.884,9.8675,-12.675,-2.4255,0,0,0,NaN,NaN,NaN,NaN,NaN,NaN,NaN,NaN,NaN,47.875,0,2431,0.0080533,NaN,NaN,NaN,NaN,12.609,97078,10.063,0.82738,0.42218,-12.764,9.4771,-14.622,-2.4573,NaN,NaN,NaN,NaN,NaN
543.71,-4.7346,12.626,5.0084,0.70327,0.010253,-10.652,9.3143,-13.799,-2.7834,0,0,0,NaN,NaN,NaN,NaN,NaN,NaN,NaN,NaN,NaN,47.875,0,2431,0.0080533,NaN,NaN,NaN,NaN,NaN,-1,-1,0.81016,0.43903,-12.685,9.477,-14.895,-2.4817,NaN,NaN,NaN,NaN,NaN
543.72,-4.7102,12.581,5.0056,1.4631,0.079559,-12.348,9.5084,-17.626,-2.7286,0,0,0,NaN,NaN,NaN,NaN,NaN,NaN,NaN,NaN,NaN,47.875,0,2431,0.0080533,NaN,NaN,NaN,NaN,12.327,97142,10.313,0.7897,0.4355,-12.635,9.4719,-15.304,-2.5017,NaN,NaN,NaN,NaN,NaN
543.72,-4.6855,12.541,5.0018,0.65736,-0.84768,-14.061,9.7022,-16.086,-2.8702,0.24211,0.12006,-1.099,NaN,NaN,NaN,NaN,NaN,NaN,NaN,NaN,NaN,47.875,0,2431,0.0080533,NaN,NaN,NaN,NaN,NaN,-1,-1,0.77876,0.43665,-12.59,9.4649,-15.67,-2.527,NaN,NaN,NaN,NaN,NaN
543.72,-4.6607,12.507,4.9993,1.0975,-0.10958,-12.908,9.6641,-13.432,-2.2597,0,0,0,NaN,NaN,NaN,NaN,NaN,NaN,NaN,NaN,NaN,47.875,0,2431,0.0080533,0.96141,2.945,0.63533,0.084906,NaN,-1,-1,0.76474,0.44293,-12.526,9.4557,-15.955,-2.5474,NaN,NaN,NaN,NaN,NaN
543.72,-4.6372,12.466,4.9978,1.1733,-0.045335,-12.634,9.0617,-16.545,-2.1016,0,0,0,NaN,NaN,NaN,NaN,NaN,NaN,NaN,NaN,NaN,47.875,0,2431,0.0080533,NaN,NaN,NaN,NaN,12.297,97108,10.25,0.74943,0.41582,-12.498,9.4352,-16.282,-2.568,NaN,NaN,NaN,NaN,NaN
543.73,-4.6142,12.421,4.9962,0.63926,1.4646,-13.018,8.8576,-17.847,-2.2031,0,0,0,NaN,NaN,NaN,NaN,NaN,NaN,NaN,NaN,NaN,47.875,0,2431,0.0080533,NaN,NaN,NaN,NaN,NaN,-1,-1,0.74075,0.41266,-12.432,9.4321,-16.589,-2.6054,NaN,NaN,NaN,NaN,NaN
543.73,-4.5911,12.384,4.9937,0.33058,1.7407,-14.584,8.9505,-14.874,-2.2587,0.24671,0.12012,-1.0963,NaN,NaN,NaN,NaN,NaN,NaN,NaN,NaN,NaN,47.875,0,2431,0.0080533,NaN,NaN,NaN,NaN,NaN,-1,-1,0.72462,0.44029,-12.389,9.4484,-16.843,-2.6188,NaN,NaN,NaN,NaN,NaN
543.73,-4.5668,12.346,4.9905,0.40275,0.89971,-10.081,9.5278,-15.147,-2.5973,0,0,0,NaN,NaN,NaN,NaN,NaN,NaN,NaN,NaN,NaN,47.875,0,2431,0.0080533,NaN,NaN,NaN,NaN,12.455,97102,10.188,0.70747,0.43728,-12.336,9.4457,-17.134,-2.6524,NaN,NaN,NaN,NaN,NaN
543.73,-4.5431,12.299,4.9873,1.3375,-0.55691,-11.533,9.2542,-18.901,-2.95,0,0,0,NaN,NaN,NaN,NaN,NaN,NaN,NaN,NaN,NaN,47.875,0,2431,0.0080533,0.98002,2.8418,0.71871,0.040788,NaN,-1,-1,0.69819,0.4364,-12.28,9.4246,-17.361,-2.7099,NaN,NaN,NaN,NaN,NaN
543.74,-4.5174,12.252,4.9839,0.46649,0.14706,-13.526,10.092,-18.887,-2.9822,0,0,0,NaN,NaN,NaN,NaN,NaN,NaN,NaN,NaN,NaN,47.875,0,2431,0.0080533,NaN,NaN,NaN,NaN,12.456,97118,10.25,0.68882,0.44915,-12.233,9.4406,-17.6,-2.7595,NaN,NaN,NaN,NaN,NaN
543.74,-4.4664,12.168,4.9778,1.2275,-0.35341,-12.296,9.6811,-17.852,-2.6799,0,0,0,NaN,NaN,NaN,NaN,NaN,NaN,NaN,NaN,NaN,47.875,0,2431,0.0080533,NaN,NaN,NaN,NaN,NaN,-1,-1,0.67715,0.44053,-12.159,9.4589,-17.852,-2.7884,NaN,NaN,NaN,NaN,NaN
543.74,-4.4428,12.118,4.9754,0.7517,1.073,-12.529,9.17,-19.991,-2.655,0,0,0,NaN,NaN,NaN,NaN,NaN,NaN,NaN,NaN,NaN,47.875,0,2431,0.0080533,NaN,NaN,NaN,NaN,NaN,-1,-1,0.67057,0.42873,-12.118,9.4514,-18.209,-2.8134,NaN,NaN,NaN,NaN,NaN
543.74,-4.4183,12.075,4.9721,0.17941,2.1768,-14.062,9.5863,-17.112,-2.7701,0,0,0,NaN,NaN,NaN,NaN,NaN,NaN,NaN,NaN,NaN,47.875,0,2431,0.0080533,NaN,NaN,NaN,NaN,12.422,97128,10.25,0.65082,0.42948,-12.089,9.4481,-18.312,-2.8371,NaN,NaN,NaN,NaN,NaN
543.75,-4.3938,12.034,4.9672,0.48305,0.17362,-10.432,9.7225,-16.396,-3.271,0.25594,0.11277,-1.0955,NaN,NaN,NaN,NaN,NaN,NaN,NaN,NaN,NaN,47.875,0,2431,0.0080533,0.97564,2.8203,0.71445,0.036626,NaN,-1,-1,0.63791,0.4448,-12.036,9.4223,-18.436,-2.8445,NaN,NaN,NaN,NaN,NaN
543.75,-4.3706,11.983,4.9634,1.0906,-0.072733,-10.49,9.0942,-20.241,-3.2078,0,0,0,NaN,NaN,NaN,NaN,NaN,NaN,NaN,NaN,NaN,47.875,0,2431,0.0080533,NaN,NaN,NaN,NaN,NaN,-1,-1,0.60976,0.45984,-11.987,9.4101,-18.87,-2.8674,NaN,NaN,NaN,NaN,NaN
543.75,-4.346,11.931,4.9595,0.64007,-0.56428,-12.766,9.6975,-20.601,-3.2699,0,0,0,NaN,NaN,NaN,NaN,NaN,NaN,NaN,NaN,NaN,47.875,0,2431,0.0080533,NaN,NaN,NaN,NaN,12.268,97152,10.438,0.60497,0.45659,-11.943,9.3936,-18.943,-2.8995,NaN,NaN,NaN,NaN,NaN
543.75,-4.3213,11.886,4.9566,0.76687,-0.76994,-13.055,9.6512,-18.088,-2.6788,0,0,0,NaN,NaN,NaN,NaN,NaN,NaN,NaN,NaN,NaN,47.875,0,2431,0.0080533,NaN,NaN,NaN,NaN,12.165,97085,10.125,0.59757,0.45101,-11.874,9.3502,-19.21,-2.9333,NaN,NaN,NaN,NaN,NaN
543.76,-4.2729,11.788,4.9514,0.95846,1.3578,-11.634,9.3201,-21.232,-2.4245,0,0,0,NaN,NaN,NaN,NaN,NaN,NaN,NaN,NaN,NaN,47.875,0,2431,0.0080533,NaN,NaN,NaN,NaN,NaN,-1,-1,0.57918,0.44122,-11.849,9.3082,-19.508,-2.9672,NaN,NaN,NaN,NaN,NaN
543.76,-4.2495,11.739,4.9482,0.29128,1.3437,-13.879,9.1315,-19.474,-2.8537,0,0,0,NaN,NaN,NaN,NaN,NaN,NaN,NaN,NaN,NaN,47.875,0,2431,0.0080533,1.0408,2.8472,0.7114,0.010821,NaN,-1,-1,0.56835,0.43734,-11.815,9.3044,-19.643,-3.002,NaN,NaN,NaN,NaN,NaN
543.76,-4.2262,11.695,4.9442,-0.18102,1.8233,-11.093,9.2015,-17.533,-3.0405,0,0,0,NaN,NaN,NaN,NaN,NaN,NaN,NaN,NaN,NaN,47.875,0,2431,0.0080533,NaN,NaN,NaN,NaN,NaN,-1,-1,0.55653,0.44826,-11.744,9.2766,-19.796,-3.0476,NaN,NaN,NaN,NaN,NaN
543.76,-4.2024,11.645,4.9397,0.98809,0.11394,-9.6986,9.3413,-19.863,-3.2716,0.24448,0.12003,-1.0988,NaN,NaN,NaN,NaN,NaN,NaN,NaN,NaN,NaN,47.875,0,2431,0.0080533,NaN,NaN,NaN,NaN,12.325,97092,10.125,0.54256,0.45682,-11.722,9.25,-20.077,-3.0829,NaN,NaN,NaN,NaN,NaN
543.77,-4.1787,11.588,4.9363,0.8155,-0.56637,-11.523,9.2983,-22.71,-3.1812,0,0,0,NaN,NaN,NaN,NaN,NaN,NaN,NaN,NaN,NaN,47.875,0,2431,0.0080533,NaN,NaN,NaN,NaN,NaN,-1,-1,0.53055,0.45221,-11.66,9.2241,-20.304,-3.1174,NaN,NaN,NaN,NaN,NaN
543.77,-4.1552,11.538,4.932,-0.27954,0.23031,-13.087,9.2832,-19.812,-3.3191,0,0,0,NaN,NaN,NaN,NaN,NaN,NaN,NaN,NaN,NaN,47.875,0,2431,0.0080533,NaN,NaN,NaN,NaN,NaN,-1,-1,0.52075,0.45967,-11.62,9.2351,-20.434,-3.1675,NaN,NaN,NaN,NaN,NaN
543.77,-4.1319,11.493,4.9274,0.88148,0.040761,-11.277,9.1895,-18.044,-3.2655,0,0,0,NaN,NaN,NaN,NaN,NaN,NaN,NaN,NaN,NaN,47.875,0,2431,0.0080533,0.97071,2.9415,0.63777,NaN,12.484,97095,10.125,0.51139,0.44619,-11.56,9.2091,-20.567,-3.2293,NaN,NaN,NaN,NaN,NaN
543.77,-4.109,11.436,4.9237,0.94198,0.39077,-10.932,8.9524,-22.65,-3.1791,0.26081,0.11752,-1.0951,NaN,NaN,NaN,NaN,NaN,NaN,NaN,NaN,NaN,47.875,0,2431,0.0080533,NaN,NaN,NaN,0.087403,NaN,-1,-1,0.49808,0.4294,-11.524,9.172,-20.856,-3.2697,NaN,NaN,NaN,NaN,NaN
543.78,-4.0858,11.384,4.9198,0.032488,2.0441,-13.645,9.1219,-21.009,-3.2062,0,0,0,NaN,NaN,NaN,NaN,NaN,NaN,NaN,NaN,NaN,47.875,0,2431,0.0080533,NaN,NaN,NaN,NaN,12.485,97087,10.125,0.48582,0.44393,-11.486,9.1444,-21.044,-3.3097,NaN,NaN,NaN,NaN,NaN
543.78,-4.0621,11.339,4.9145,0.030055,1.193,-10.514,9.4092,-17.876,-3.5246,0,0,0,NaN,NaN,NaN,NaN,NaN,NaN,NaN,NaN,NaN,47.875,0,2431,0.0080533,NaN,NaN,NaN,NaN,NaN,-1,-1,0.47363,0.45424,-11.421,9.1018,-20.988,-3.3282,NaN,NaN,NaN,NaN,NaN
543.78,-4.0397,11.283,4.91,1.0839,-0.16703,-8.9796,8.8391,-22.137,-3.5132,0,0,0,NaN,NaN,NaN,NaN,NaN,NaN,NaN,NaN,NaN,47.875,0,2431,0.0080533,NaN,NaN,NaN,NaN,NaN,-1,-1,0.45817,0.45629,-11.385,9.0384,-21.19,-3.3397,NaN,NaN,NaN,NaN,NaN
543.78,-4.0177,11.224,4.905,0.71141,-0.62576,-11.677,8.697,-23.736,-3.6905,0.26074,0.11511,-1.0951,NaN,NaN,NaN,NaN,NaN,NaN,NaN,NaN,NaN,47.875,0,2431,0.0080533,NaN,NaN,NaN,NaN,12.004,97134,10.313,0.43839,0.46712,-11.335,8.9768,-21.435,-3.3448,NaN,NaN,NaN,NaN,NaN
543.79,-3.9943,11.174,4.9001,0.44347,-0.76419,-13.024,9.2898,-19.746,-3.4589,0,0,0,NaN,NaN,NaN,NaN,NaN,NaN,NaN,NaN,NaN,47.875,0,2431,0.0080533,NaN,NaN,NaN,NaN,NaN,-1,-1,0.43527,0.46929,-11.262,8.9196,-21.427,-3.3678,NaN,NaN,NaN,NaN,NaN
543.79,-3.9483,11.067,4.8929,0.69327,0.53347,-10.756,8.9656,-22.542,-2.7025,0,0,0,NaN,NaN,NaN,NaN,NaN,NaN,NaN,NaN,NaN,47.875,0,2431,0.0080533,NaN,NaN,NaN,NaN,NaN,-1,-1,0.4242,0.44962,-11.216,8.8585,-21.466,-3.3862,NaN,NaN,NaN,NaN,NaN
543.79,-3.9267,11.011,4.8897,0.32691,1.395,-12.296,8.3859,-22.318,-2.8758,0.25566,0.10314,-1.0955,NaN,NaN,NaN,NaN,NaN,NaN,NaN,NaN,NaN,47.875,0,2431,0.0080533,NaN,NaN,NaN,NaN,11.967,97116,10.188,0.4035,0.45139,-11.171,8.7953,-21.714,-3.4149,NaN,NaN,NaN,NaN,NaN
543.79,-3.9058,10.958,4.885,-0.34936,2.0229,-11.731,8.2452,-20.999,-3.453,0,0,0,NaN,NaN,NaN,NaN,NaN,NaN,NaN,NaN,NaN,47.875,0,2431,0.0080533,NaN,NaN,NaN,NaN,NaN,-1,-1,0.39445,0.46293,-11.122,8.7705,-21.794,-3.4431,NaN,NaN,NaN,NaN,NaN
543.8,-3.8837,10.908,4.8795,0.23582,0.58045,-9.091,8.7648,-19.77,-3.6699,0,0,0,NaN,NaN,NaN,NaN,NaN,NaN,NaN,NaN,NaN,47.875,0,2431,0.0080533,NaN,NaN,NaN,NaN,12.197,97106,10.188,0.38417,0.46859,-11.058,8.7182,-21.897,-3.4783,NaN,NaN,NaN,NaN,NaN
543.8,-3.8623,10.847,4.8747,1.0883,-0.8468,-9.1034,8.4699,-24.342,-3.7081,0,0,0,NaN,NaN,NaN,NaN,NaN,NaN,NaN,NaN,NaN,47.875,0,2431,0.0080533,0.99042,2.9623,0.65481,0.064096,NaN,-1,-1,0.36998,0.47094,-11.02,8.6592,-22.087,-3.5152,NaN,NaN,NaN,NaN,NaN
543.8,-3.8407,10.785,4.8689,0.046362,0.34719,-12.742,8.5326,-24.889,-3.9507,0.26573,0.11974,-1.0969,NaN,NaN,NaN,NaN,NaN,NaN,NaN,NaN,NaN,47.875,0,2431,0.0080533,NaN,NaN,NaN,NaN,NaN,-1,-1,0.35788,0.47,-10.964,8.6205,-22.104,-3.569,NaN,NaN,NaN,NaN,NaN
543.8,-3.8185,10.738,4.8638,-0.044132,-0.16976,-12.115,8.8118,-18.575,-3.4469,0,0,0,NaN,NaN,NaN,NaN,NaN,NaN,NaN,NaN,NaN,47.875,0,2431,0.0080533,NaN,NaN,NaN,NaN,12.263,97097,10.188,0.35051,0.45728,-10.898,8.7576,-22.774,-3.7583,NaN,NaN,NaN,NaN,NaN
543.81,-3.7758,10.618,4.8543,0.20369,1.8168,-12.265,8.4306,-25.684,-3.6947,0,0,0,NaN,NaN,NaN,NaN,NaN,NaN,NaN,NaN,NaN,47.875,0,2431,0.0080533,NaN,NaN,NaN,NaN,NaN,-1,-1,0.33779,0.44586,-10.854,8.6583,-22.681,-3.7891,NaN,NaN,NaN,NaN,NaN
543.81,-3.7531,10.57,4.8482,-0.3237,1.7487,-10.976,9.0129,-19.3,-3.782,0.26998,0.10776,-1.0942,NaN,NaN,NaN,NaN,NaN,NaN,NaN,NaN,NaN,47.875,0,2431,0.0080533,0.95484,2.9373,0.63959,0.10155,NaN,-1,-1,0.32848,0.45552,-10.791,8.5619,-22.663,-3.8187,NaN,NaN,NaN,NaN,NaN
543.81,-3.7307,10.516,4.8422,0.63366,0.18389,-8.2844,8.9597,-21.312,-3.9327,0,0,0,NaN,NaN,NaN,NaN,NaN,NaN,NaN,NaN,NaN,47.875,0,2431,0.0080533,NaN,NaN,NaN,NaN,12.132,97085,10.125,0.31498,0.44844,-10.731,8.4465,-22.448,-3.8188,NaN,NaN,NaN,NaN,NaN
543.81,-3.7103,10.452,4.8369,0.5773,0.18462,-9.4093,8.0361,-25.832,-3.9529,0,0,0,NaN,NaN,NaN,NaN,NaN,NaN,NaN,NaN,NaN,47.62,0,2393.9,0.0069644,NaN,NaN,NaN,NaN,NaN,-1,-1,0.30003,0.44909,-10.697,8.3182,-22.388,-3.8093,NaN,NaN,NaN,NaN,NaN
543.82,-3.6888,10.395,4.8312,0.049242,-0.76516,-12.221,8.5421,-22.445,-3.8498,0,0,0,NaN,NaN,NaN,NaN,NaN,NaN,NaN,NaN,NaN,47.62,0,2393.9,0.0069644,NaN,NaN,NaN,NaN,12.134,97094,10.188,0.28571,0.46602,-10.641,8.1896,-22.459,-3.8105,NaN,NaN,NaN,NaN,NaN
543.82,-3.6684,10.343,4.8249,0.61224,-0.056898,-10.404,8.1048,-20.826,-3.8545,0.27948,0.10017,-1.0979,NaN,NaN,NaN,NaN,NaN,NaN,NaN,NaN,NaN,47.62,0,2393.9,0.0069644,NaN,NaN,NaN,NaN,NaN,-1,-1,0.27798,0.45575,-10.555,8.0656,-22.276,-3.8212,NaN,NaN,NaN,NaN,NaN
543.82,-3.6483,10.285,4.8196,0.55632,0.20875,-10.181,7.957,-23.197,-3.7092,0,0,0,NaN,NaN,NaN,NaN,NaN,NaN,NaN,NaN,NaN,47.62,0,2393.9,0.0069644,NaN,NaN,NaN,NaN,NaN,-1,-1,0.27025,0.43759,-10.497,7.9335,-22.283,-3.8394,NaN,NaN,NaN,NaN,NaN
543.82,-3.6299,10.229,4.815,0.40984,1.16,-10.392,7.2126,-22.356,-3.4074,0,0,0,NaN,NaN,NaN,NaN,NaN,NaN,NaN,NaN,NaN,47.62,0,2393.9,0.0069644,0.97893,2.9403,0.63899,0.097392,11.836,97123,10.25,0.25143,0.45565,-10.456,7.8171,-22.316,-3.8595,NaN,NaN,NaN,NaN,NaN
543.83,-3.6107,10.172,4.8106,-0.008633,1.5876,-11.344,7.5231,-22.476,-3.3373,0,0,0,NaN,NaN,NaN,NaN,NaN,NaN,NaN,NaN,NaN,47.62,0,2393.9,0.0069644,NaN,NaN,NaN,NaN,NaN,-1,-1,0.23692,0.44773,-10.395,7.6961,-22.139,-3.8822,NaN,NaN,NaN,NaN,NaN
543.83,-3.5909,10.12,4.804,-0.73851,1.4919,-9.5567,7.8561,-21.054,-3.9347,0.2865,0.1026,-1.095,5.4643,12.699,0.35629,13.829,40.058,-88.549,3.6787e+05,4.4354e+06,312.23,47.62,0,2393.9,0.0069644,NaN,NaN,NaN,NaN,NaN,-1,-1,0.22582,0.44468,-10.331,7.5723,-21.975,-3.907,12.971,4.2506,2.2237,9.7282,17.9
543.83,-3.5718,10.064,4.7973,1.2449,-0.41359,-7.6695,7.6456,-22.134,-4.188,0,0,0,NaN,NaN,NaN,NaN,NaN,NaN,NaN,NaN,NaN,47.62,0,2393.9,0.0069644,NaN,NaN,NaN,NaN,11.968,97126,10.25,0.21378,0.45962,-10.28,7.444,-22.025,-3.9454,NaN,NaN,NaN,NaN,NaN
543.83,-3.5517,9.9976,4.791,0.32738,0.05052,-11.075,7.9892,-26.466,-4.3011,0,0,0,NaN,NaN,NaN,NaN,NaN,NaN,NaN,NaN,NaN,47.62,0,2393.9,0.0069644,NaN,NaN,NaN,NaN,NaN,-1,-1,0.2034,0.45376,-10.221,7.3239,-21.982,-3.9828,NaN,NaN,NaN,NaN,NaN
543.84,-3.532,9.9439,4.7838,-0.61659,0.21001,-11.834,7.9195,-21.368,-4.3398,0,0,0,NaN,NaN,NaN,NaN,NaN,NaN,NaN,NaN,NaN,47.62,0,2393.9,0.0069644,0.95867,2.9283,0.62377,NaN,11.903,97097,10.188,0.18994,0.4582,-10.147,7.2484,-21.793,-4.0438,NaN,NaN,NaN,NaN,NaN
543.84,-3.5136,9.8918,4.7754,0.64305,-0.162,-9.8054,7.4268,-20.703,-4.6297,0.28865,0.095344,-1.0948,NaN,NaN,NaN,NaN,NaN,NaN,NaN,NaN,NaN,47.62,0,2393.9,0.0069644,NaN,NaN,NaN,0.099889,NaN,-1,-1,0.18358,0.46214,-10.013,7.1365,-21.747,-4.1042,NaN,NaN,NaN,NaN,NaN
543.84,-3.4958,9.8297,4.7692,0.53899,0.85383,-9.2941,7.0666,-24.762,-4.1168,0,0,0,NaN,NaN,NaN,NaN,NaN,NaN,NaN,NaN,NaN,47.62,0,2393.9,0.0069644,NaN,NaN,NaN,NaN,NaN,-1,-1,0.16692,0.44708,-9.9658,6.9926,-21.862,-4.1572,NaN,NaN,NaN,NaN,NaN
543.84,-3.477,9.772,4.7616,-0.53897,2.4548,-11.844,7.5429,-22.959,-4.5835,0,0,0,NaN,NaN,NaN,NaN,NaN,NaN,NaN,NaN,NaN,47.62,0,2393.9,0.0069644,NaN,NaN,NaN,NaN,11.974,97158,10.438,0.15347,0.44024,-9.9187,6.8722,-21.791,-4.1958,NaN,NaN,NaN,NaN,NaN
543.85,-3.4594,9.7226,4.753,-0.18866,0.66117,-9.1522,7.1774,-19.608,-4.7381,0,0,0,NaN,NaN,NaN,NaN,NaN,NaN,NaN,NaN,NaN,47.62,0,2393.9,0.0069644,NaN,NaN,NaN,NaN,NaN,-1,-1,0.14722,0.43627,-9.8463,6.7439,-21.66,-4.2136,NaN,NaN,NaN,NaN,NaN
543.85,-3.4257,9.5992,4.7356,0.26403,-0.7243,-10.434,6.7069,-24.292,-4.9655,0,0,0,NaN,NaN,NaN,NaN,NaN,NaN,NaN,NaN,NaN,47.62,0,2393.9,0.0069644,NaN,NaN,NaN,NaN,NaN,-1,-1,0.14002,0.43145,-9.7772,6.5842,-21.7,-4.2253,NaN,NaN,NaN,NaN,NaN
543.85,-3.4083,9.5429,4.7279,0.27606,-0.59796,-11.231,7.0182,-22.406,-4.5696,0,0,0,NaN,NaN,NaN,NaN,NaN,NaN,NaN,NaN,NaN,47.62,0,2393.9,0.0069644,NaN,NaN,NaN,NaN,12.038,97126,10.313,0.12838,0.43002,-9.6664,6.4349,-21.727,-4.2635,NaN,NaN,NaN,NaN,NaN
543.85,-3.3921,9.4888,4.7202,0.34345,0.089967,-9.5638,6.5071,-21.553,-4.4951,0,0,0,NaN,NaN,NaN,NaN,NaN,NaN,NaN,NaN,NaN,47.62,0,2393.9,0.0069644,NaN,NaN,NaN,NaN,NaN,-1,-1,0.1077,0.43947,-9.6132,6.3221,-21.576,-4.3065,NaN,NaN,NaN,NaN,NaN
543.86,-3.3769,9.4299,4.7134,0.60122,0.6183,-9.2926,6.026,-23.442,-4.0482,0.29607,0.097412,-1.0986,NaN,NaN,NaN,NaN,NaN,NaN,NaN,NaN,NaN,47.62,0,2393.9,0.0069644,NaN,NaN,NaN,NaN,11.971,97132,10.313,0.10505,0.43191,-9.5355,6.165,-21.651,-4.3445,NaN,NaN,NaN,NaN,NaN
543.86,0,0,0,0,0,0,0,0,0,0,0,0,NaN,NaN,NaN,NaN,NaN,NaN,NaN,NaN,NaN,47.62,0,2393.9,0.0069644,NaN,NaN,NaN,NaN,NaN,-1,-1,0.089178,0.42842,-9.469,6.0234,-21.868,-4.3777,NaN,NaN,NaN,NaN,NaN
543.86,-3.3631,9.3698,4.7066,-0.088815,0.85373,-11.192,5.4946,-23.959,-4.2694,0,0,0,NaN,NaN,NaN,NaN,NaN,NaN,NaN,NaN,NaN,47.62,0,2393.9,0.0069644,NaN,NaN,NaN,NaN,NaN,-1,-1,0.076886,0.43372,-9.398,5.9108,-21.687,-4.4012,NaN,NaN,NaN,NaN,NaN
543.86,-3.3487,9.3137,4.6991,-0.66146,2.6061,-10.308,5.7424,-22.343,-4.4536,0,0,0,NaN,NaN,NaN,NaN,NaN,NaN,NaN,NaN,NaN,47.62,0,2393.9,0.0069644,0.99042,2.9474,0.65116,0.074917,11.773,97122,10.313,0.063436,0.43414,-9.3494,5.7964,-21.771,-4.4265,NaN,NaN,NaN,NaN,NaN
543.87,-3.3173,9.1973,4.6819,0.69242,-0.84996,-8.1892,6.1785,-25.872,-4.8189,0.30296,0.095029,-1.0957,NaN,NaN,NaN,NaN,NaN,NaN,NaN,NaN,NaN,47.62,0,2393.9,0.0069644,NaN,NaN,NaN,NaN,NaN,-1,-1,0.052717,0.42541,-9.2734,5.6832,-21.748,-4.4756,NaN,NaN,NaN,NaN,NaN
543.87,-3.302,9.1348,4.6737,-0.47976,0.37581,-12.093,6.1831,-24.884,-4.8526,0,0,0,NaN,NaN,NaN,NaN,NaN,NaN,NaN,NaN,NaN,47.62,0,2393.9,0.0069644,NaN,NaN,NaN,NaN,NaN,-1,-1,0.043445,0.42904,-9.2163,5.6043,-21.759,-4.5348,NaN,NaN,NaN,NaN,NaN
543.87,-3.2875,9.0868,4.6643,-0.24351,-0.15172,-9.891,5.8977,-19.03,-4.9866,0,0,0,NaN,NaN,NaN,NaN,NaN,NaN,NaN,NaN,NaN,47.62,0,2393.9,0.0069644,NaN,NaN,NaN,NaN,12.002,97122,10.25,0.020538,0.42339,-9.1586,5.5141,-21.888,-4.6039,NaN,NaN,NaN,NaN,NaN
543.87,-3.2735,9.0265,4.6557,0.75191,-0.21613,-7.7806,5.6922,-24.009,-4.9649,0,0,0,NaN,NaN,NaN,NaN,NaN,NaN,NaN,NaN,NaN,47.62,0,2393.9,0.0069644,NaN,NaN,NaN,NaN,11.664,97086,10.063,0.010213,0.43101,-9.0629,5.452,-21.946,-4.6675,NaN,NaN,NaN,NaN,NaN
543.88,-3.2446,8.9117,4.6379,-0.61732,1.4111,-10.094,5.9994,-20.097,-5.0902,0,0,0,NaN,NaN,NaN,NaN,NaN,NaN,NaN,NaN,NaN,47.62,0,2393.9,0.0069644,0.95812,2.9403,0.63899,0.091565,NaN,-1,-1,0.0099089,0.43783,-9.1431,5.3484,-22.01,-4.7146,NaN,NaN,NaN,NaN,NaN
543.88,-3.2312,8.8565,4.6286,0.24195,0.43821,-7.1718,5.4299,-21.92,-5.0719,0,0,0,NaN,NaN,NaN,NaN,NaN,NaN,NaN,NaN,NaN,47.62,0,2393.9,0.0069644,NaN,NaN,NaN,NaN,NaN,-1,-1,-0.0077578,0.4452,-9.1073,5.2273,-22.004,-4.7561,NaN,NaN,NaN,NaN,NaN
543.88,-3.2178,8.7919,4.6194,0.41752,0.17784,-7.9538,5.4672,-25.689,-5.2624,0,0,0,NaN,NaN,NaN,NaN,NaN,NaN,NaN,NaN,NaN,47.62,0,2393.9,0.0069644,NaN,NaN,NaN,NaN,NaN,-1,-1,-0.021568,0.44522,-9.0428,5.0912,-22.152,-4.7824,NaN,NaN,NaN,NaN,NaN
543.88,-3.2823,8.6699,4.6906,-0.16467,-1.1511,-11.099,5.397,-23.504,-5.2979,0.32382,0.090165,-1.0894,NaN,NaN,NaN,NaN,NaN,NaN,NaN,NaN,NaN,47.62,0,2393.9,0.0069644,NaN,NaN,NaN,NaN,11.905,97133,10.313,-0.022584,0.42836,-8.9468,4.9858,-22.178,-4.8004,NaN,NaN,NaN,NaN,NaN
543.89,-3.2695,8.6158,4.6818,0.23095,0.24733,-9.4956,5.1996,-21.511,-4.8707,0,0,0,NaN,NaN,NaN,NaN,NaN,NaN,NaN,NaN,NaN,47.62,0,2393.9,0.0069644,NaN,NaN,NaN,NaN,NaN,-1,-1,-0.031484,0.42155,-8.9041,4.8913,-22.061,-4.8448,NaN,NaN,NaN,NaN,NaN
543.89,-3.257,8.5588,4.6731,0.28308,-0.12875,-8.5168,5.0232,-22.676,-4.9371,0,0,0,NaN,NaN,NaN,NaN,NaN,NaN,NaN,NaN,NaN,47.62,0,2393.9,0.0069644,0.97236,2.9528,0.64385,0.09656,NaN,-1,-1,-0.034928,0.42754,-9.0092,4.7765,-22.178,-4.8832,NaN,NaN,NaN,NaN,NaN
543.89,-3.2475,8.4994,4.6654,0.16372,0.69136,-8.8935,3.8093,-23.643,-4.5398,0,0,0,NaN,NaN,NaN,NaN,NaN,NaN,NaN,NaN,NaN,47.62,0,2393.9,0.0069644,NaN,NaN,NaN,NaN,11.937,97094,10.188,-0.048975,0.42527,-8.9793,4.6828,-22.393,-4.9163,NaN,NaN,NaN,NaN,NaN
543.89,-3.2372,8.4404,4.6571,-0.43766,1.5925,-10.668,4.0793,-23.514,-4.5137,0.31214,0.090206,-1.0927,NaN,NaN,NaN,NaN,NaN,NaN,NaN,NaN,NaN,47.62,0,2393.9,0.0069644,NaN,NaN,NaN,NaN,NaN,-1,-1,-0.054767,0.42154,-8.9099,4.6115,-22.298,-4.9534,NaN,NaN,NaN,NaN,NaN
543.9,-3.2255,8.3889,4.648,-0.83358,1.7283,-8.6358,4.7138,-20.457,-4.9312,0,0,0,NaN,NaN,NaN,NaN,NaN,NaN,NaN,NaN,NaN,47.62,0,2393.9,0.0069644,NaN,NaN,NaN,NaN,11.905,97111,10.25,-0.071903,0.43511,-8.8933,4.5256,-22.312,-5.0045,NaN,NaN,NaN,NaN,NaN
543.9,-3.2143,8.3341,4.6384,0.6276,-0.71066,-6.3499,4.5708,-21.768,-5.2066,0,0,0,NaN,NaN,NaN,NaN,NaN,NaN,NaN,NaN,NaN,47.62,0,2393.9,0.0069644,NaN,NaN,NaN,NaN,NaN,-1,-1,-0.078722,0.4304,-8.8382,4.437,-22.49,-5.0519,NaN,NaN,NaN,NaN,NaN
543.9,-3.2031,8.2672,4.6299,0.16775,0.017786,-9.186,4.496,-26.633,-5.0353,0,0,0,NaN,NaN,NaN,NaN,NaN,NaN,NaN,NaN,NaN,47.62,0,2393.9,0.0069644,0.96579,2.9373,0.63594,NaN,NaN,-1,-1,-0.085342,0.42954,-8.8008,4.3756,-22.528,-5.1207,NaN,NaN,NaN,NaN,NaN
543.9,-3.1912,8.2122,4.6198,-1.057,0.50616,-11.063,4.8462,-21.852,-5.2753,0.32374,0.082823,-1.0916,NaN,NaN,NaN,NaN,NaN,NaN,NaN,NaN,NaN,47.62,0,2393.9,0.0069644,NaN,NaN,NaN,0.09656,11.871,97114,10.25,-0.097544,0.43095,-8.7725,4.3308,-22.52,-5.2068,NaN,NaN,NaN,NaN,NaN
543.91,-3.1805,8.1604,4.6105,0.5306,-0.6122,-8.0234,4.3199,-20.591,-4.9965,0,0,0,NaN,NaN,NaN,NaN,NaN,NaN,NaN,NaN,NaN,47.62,0,2393.9,0.0069644,NaN,NaN,NaN,NaN,NaN,-1,-1,-0.10659,0.428,-8.7204,4.2773,-22.659,-5.3023,NaN,NaN,NaN,NaN,NaN
543.91,-3.1715,8.0991,4.6016,0.31525,0.80365,-8.4543,3.6221,-24.368,-5.0604,0,0,0,NaN,NaN,NaN,NaN,NaN,NaN,NaN,NaN,NaN,47.62,0,2393.9,0.0069644,NaN,NaN,NaN,NaN,NaN,-1,-1,-0.11112,0.42721,-8.6648,4.2099,-22.692,-5.3764,NaN,NaN,NaN,NaN,NaN
543.91,-3.1601,8.0427,4.5918,-0.91615,2.4941,-10.589,4.6327,-22.415,-5.2764,0,0,0,NaN,NaN,NaN,NaN,NaN,NaN,NaN,NaN,NaN,47.62,0,2393.9,0.0069644,NaN,NaN,NaN,NaN,11.702,97122,10.25,-0.12697,0.43039,-8.6434,4.1176,-22.791,-5.4355,NaN,NaN,NaN,NaN,NaN
543.91,-3.1498,7.995,4.5799,-0.40582,0.5413,-7.7556,4.2979,-18.926,-5.7958,0.33327,0.090036,-1.0886,NaN,NaN,NaN,NaN,NaN,NaN,NaN,NaN,NaN,47.62,0,2393.9,0.0069644,NaN,NaN,NaN,NaN,NaN,-1,-1,-0.13596,0.43191,-8.5937,4.0227,-22.82,-5.4826,NaN,NaN,NaN,NaN,NaN
543.92,-3.1406,7.9338,4.5693,0.35352,0.24865,-6.315,3.7632,-24.305,-5.7118,0,0,0,NaN,NaN,NaN,NaN,NaN,NaN,NaN,NaN,NaN,47.62,0,2393.9,0.0069644,0.96962,2.9367,0.63655,0.097392,11.703,97115,10.25,-0.13321,0.40827,-8.5255,3.7035,-21.973,-5.3762,NaN,NaN,NaN,NaN,NaN
543.92,-3.1324,7.8734,4.5579,-0.12991,-0.10155,-9.446,3.4342,-23.963,-6.0084,0,0,0,NaN,NaN,NaN,NaN,NaN,NaN,NaN,NaN,NaN,47.62,0,2393.9,0.0069644,NaN,NaN,NaN,NaN,NaN,-1,-1,-0.14908,0.41068,-8.5224,3.551,-22.04,-5.3911,NaN,NaN,NaN,NaN,NaN
543.92,-3.1225,7.8209,4.5474,0.067012,-0.76228,-9.4092,4.0763,-20.874,-5.4801,0,0,0,NaN,NaN,NaN,NaN,NaN,NaN,NaN,NaN,NaN,47.62,0,2393.9,0.0069644,NaN,NaN,NaN,NaN,NaN,-1,-1,-0.15999,0.4094,-8.4889,3.4227,-21.943,-5.4065,NaN,NaN,NaN,NaN,NaN
543.92,-3.1147,7.7674,4.5369,0.16037,-0.25587,-8.1584,3.1819,-21.248,-5.3557,0.32328,0.080779,-1.085,NaN,NaN,NaN,NaN,NaN,NaN,NaN,NaN,NaN,47.63,0,2363.9,0.0064211,NaN,NaN,NaN,NaN,11.87,97053,10.063,-0.16333,0.41092,-8.4377,3.2876,-21.885,-5.4297,NaN,NaN,NaN,NaN,NaN
543.93,-3.1083,7.711,4.5276,0.002161,0.52981,-8.6765,2.5537,-22.447,-5.0714,0,0,0,NaN,NaN,NaN,NaN,NaN,NaN,NaN,NaN,NaN,47.63,0,2363.9,0.0064211,NaN,NaN,NaN,NaN,NaN,-1,-1,-0.17026,0.4098,-8.3742,3.1524,-21.978,-5.4531,NaN,NaN,NaN,NaN,NaN
543.93,-3.0973,7.6014,4.5088,-0.52246,1.8844,-9.0415,2.066,-21.64,-5.0702,0,0,0,NaN,NaN,NaN,NaN,NaN,NaN,NaN,NaN,NaN,47.63,0,2363.9,0.0064211,0.98878,2.9474,0.65785,0.074085,NaN,-1,-1,-0.17843,0.41483,-8.3507,3.0261,-21.798,-5.4758,NaN,NaN,NaN,NaN,NaN
543.93,-3.0905,7.5526,4.4975,-0.67716,0.57755,-6.8608,2.8126,-19.385,-5.5351,0.33314,0.090156,-1.0863,NaN,NaN,NaN,NaN,NaN,NaN,NaN,NaN,NaN,47.63,0,2363.9,0.0064211,NaN,NaN,NaN,NaN,11.668,97082,10.125,-0.18318,0.39177,-8.3242,2.9005,-21.69,-5.5091,NaN,NaN,NaN,NaN,NaN
543.93,-3.0825,7.4929,4.4872,0.37682,-0.50392,-6.9921,3.2488,-23.711,-5.543,0,0,0,NaN,NaN,NaN,NaN,NaN,NaN,NaN,NaN,NaN,47.63,0,2363.9,0.0064211,NaN,NaN,NaN,NaN,11.808,97135,10.375,-0.18355,0.39176,-8.2912,2.7909,-21.574,-5.5584,NaN,NaN,NaN,NaN,NaN
543.94,-3.0682,7.3857,4.4657,-0.96,-0.087395,-8.9914,2.9788,-18.227,-5.6212,0,0,0,NaN,NaN,NaN,NaN,NaN,NaN,NaN,NaN,NaN,47.63,0,2363.9,0.0064211,NaN,NaN,NaN,NaN,NaN,-1,-1,-0.18838,0.40417,-8.2464,2.671,-21.437,-5.6192,NaN,NaN,NaN,NaN,NaN
543.94,-3.0626,7.3313,4.4546,0.47631,-0.4583,-6.8976,2.289,-21.611,-5.6794,0.3355,0.090124,-1.0861,NaN,NaN,NaN,NaN,NaN,NaN,NaN,NaN,NaN,47.63,0,2363.9,0.0064211,NaN,NaN,NaN,NaN,NaN,-1,-1,-0.19848,0.41713,-8.2197,2.584,-21.468,-5.6851,NaN,NaN,NaN,NaN,NaN
543.94,-3.057,7.2693,4.4447,-0.19678,1.6196,-9.3502,2.2563,-24.65,-5.379,0,0,0,NaN,NaN,NaN,NaN,NaN,NaN,NaN,NaN,NaN,47.63,0,2363.9,0.0064211,0.96414,2.945,0.63899,0.097392,NaN,-1,-1,-0.21198,0.4212,-8.1964,2.5073,-21.414,-5.7588,NaN,NaN,NaN,NaN,NaN
543.94,-3.0505,7.2224,4.4331,-0.87334,1.7052,-9.1508,2.7269,-18.602,-5.795,0,0,0,NaN,NaN,NaN,NaN,NaN,NaN,NaN,NaN,NaN,47.63,0,2363.9,0.0064211,NaN,NaN,NaN,NaN,12.003,97117,10.25,-0.21902,0.42015,-8.145,2.3963,-21.316,-5.7936,NaN,NaN,NaN,NaN,NaN
543.95,-3.0443,7.1721,4.4207,-0.15417,0.49746,-6.3517,2.6177,-19.927,-6.1543,0,0,0,NaN,NaN,NaN,NaN,NaN,NaN,NaN,NaN,NaN,47.63,0,2363.9,0.0064211,NaN,NaN,NaN,NaN,NaN,-1,-1,-0.21821,0.40344,-8.0945,2.2686,-21.26,-5.8228,NaN,NaN,NaN,NaN,NaN
543.95,-3.0394,7.1101,4.4085,0.15163,0.3937,-7.1532,2.0719,-24.617,-6.2154,0.34939,0.080302,-1.0849,NaN,NaN,NaN,NaN,NaN,NaN,NaN,NaN,NaN,47.63,0,2363.9,0.0064211,NaN,NaN,NaN,NaN,NaN,-1,-1,-0.22681,0.40447,-8.0859,2.1112,-21.106,-5.8301,NaN,NaN,NaN,NaN,NaN
543.95,-3.0344,7.0578,4.396,-0.48911,-0.8536,-9.776,2.1458,-20.727,-6.2511,0,0,0,NaN,NaN,NaN,NaN,NaN,NaN,NaN,NaN,NaN,47.63,0,2363.9,0.0064211,NaN,NaN,NaN,NaN,11.703,97117,10.25,-0.23435,0.40157,-8.0647,1.9447,-21.078,-5.8374,NaN,NaN,NaN,NaN,NaN
543.95,-3.0298,7.0081,4.3841,0.34591,-0.27049,-7.6546,1.9401,-19.702,-5.9431,0,0,0,NaN,NaN,NaN,NaN,NaN,NaN,NaN,NaN,NaN,47.63,0,2363.9,0.0064211,0.98002,2.9492,0.64811,0.09656,NaN,-1,-1,-0.23802,0.41896,-8.0247,1.8157,-21,-5.8649,NaN,NaN,NaN,NaN,NaN
543.96,-3.0258,6.9518,4.3729,-0.14348,-0.03799,-7.9606,1.6946,-22.348,-5.7963,0,0,0,NaN,NaN,NaN,NaN,NaN,NaN,NaN,NaN,NaN,47.63,0,2363.9,0.0064211,0.98002,2.9492,0.64811,0.09656,11.674,97132,10.375,-0.24158,0.42751,-7.9831,1.6925,-20.833,-5.8858,NaN,NaN,NaN,NaN,NaN
543.96,-3.0236,6.901,4.3619,-0.30845,0.4364,-8.5364,0.87359,-20.203,-5.4564,0.3494,0.085237,-1.0826,NaN,NaN,NaN,NaN,NaN,NaN,NaN,NaN,NaN,47.63,0,2363.9,0.0064211,NaN,NaN,NaN,NaN,NaN,-1,-1,-0.2531,0.42305,-7.9497,1.55,-20.86,-5.8958,NaN,NaN,NaN,NaN,NaN
543.96,-3.0223,6.8502,4.3514,-0.07322,0.82206,-8.2744,0.54591,-20.151,-5.4222,0,0,0,NaN,NaN,NaN,NaN,NaN,NaN,NaN,NaN,NaN,47.63,0,2363.9,0.0064211,NaN,NaN,NaN,NaN,NaN,-1,-1,-0.2538,0.41249,-7.9087,1.4201,-20.737,-5.9128,NaN,NaN,NaN,NaN,NaN
543.96,-3.0193,6.7957,4.3404,-0.94183,2.2829,-7.9471,1.2387,-21.653,-5.687,0,0,0,NaN,NaN,NaN,NaN,NaN,NaN,NaN,NaN,NaN,47.63,0,2363.9,0.0064211,NaN,NaN,NaN,NaN,11.6,97106,10.188,-0.25169,0.38813,-7.8651,1.2994,-20.581,-5.9109,NaN,NaN,NaN,NaN,NaN
543.97,-3.0157,6.7488,4.3279,-0.35736,-0.19898,-7.0882,1.5878,-18.556,-6.0928,0,0,0,NaN,NaN,NaN,NaN,NaN,NaN,NaN,NaN,NaN,47.63,0,2363.9,0.0064211,NaN,NaN,NaN,NaN,NaN,-1,-1,-0.25463,0.38372,-7.8573,1.1528,-20.625,-5.9241,NaN,NaN,NaN,NaN,NaN
543.97,-3.0127,6.6922,4.316,0.30065,-0.45493,-6.6076,1.2371,-22.489,-5.999,0.34055,0.092225,-1.0901,NaN,NaN,NaN,NaN,NaN,NaN,NaN,NaN,NaN,47.63,0,2363.9,0.0064211,NaN,NaN,NaN,0.09656,NaN,-1,-1,-0.26425,0.38751,-7.8299,1.062,-20.593,-5.9476,NaN,NaN,NaN,NaN,NaN
543.97,-3.0098,6.6335,4.3045,-0.59834,0.68724,-9.4409,1.2527,-23.3,-5.9946,0,0,0,NaN,NaN,NaN,NaN,NaN,NaN,NaN,NaN,NaN,47.63,0,2363.9,0.0064211,NaN,NaN,NaN,NaN,11.704,97110,10.25,-0.2687,0.40521,-7.7976,0.97836,-20.44,-5.9953,NaN,NaN,NaN,NaN,NaN
543.97,-3.0075,6.5897,4.2918,-0.76945,-0.33984,-9.0561,1.0203,-17.341,-6.0872,0,0,0,NaN,NaN,NaN,NaN,NaN,NaN,NaN,NaN,NaN,47.63,0,2363.9,0.0064211,NaN,NaN,NaN,NaN,NaN,-1,-1,-0.28058,0.4213,-7.7621,0.8986,-20.463,-6.0268,NaN,NaN,NaN,NaN,NaN
543.98,-3.0068,6.5387,4.2794,0.19156,0.11492,-6.0079,0.3742,-20.195,-6.1917,0,0,0,NaN,NaN,NaN,NaN,NaN,NaN,NaN,NaN,NaN,47.63,0,2363.9,0.0064211,NaN,NaN,NaN,NaN,11.668,97084,10.125,-0.28855,0.42044,-7.7246,0.80041,-20.459,-6.0893,NaN,NaN,NaN,NaN,NaN
543.98,-3.0045,6.4808,4.2667,-0.34336,1.9405,-9.3274,0.97025,-23.004,-6.3322,0.36342,0.075293,-1.0836,NaN,NaN,NaN,NaN,NaN,NaN,NaN,NaN,NaN,47.63,0,2363.9,0.0064211,NaN,NaN,NaN,NaN,NaN,-1,-1,-0.29728,0.41213,-7.7048,0.70658,-20.42,-6.1107,NaN,NaN,NaN,NaN,NaN
543.98,-3.002,6.4354,4.2534,-1.0176,0.91118,-8.0979,1.1121,-17.957,-6.4263,0,0,0,NaN,NaN,NaN,NaN,NaN,NaN,NaN,NaN,NaN,47.63,0,2363.9,0.0064211,NaN,NaN,NaN,NaN,NaN,-1,-1,-0.29622,0.3924,-7.6573,0.57301,-20.334,-6.1401,NaN,NaN,NaN,NaN,NaN
543.98,-3.0007,6.3856,4.2396,-0.14484,0.46694,-6.3877,0.68686,-19.695,-6.6878,0,0,0,NaN,NaN,NaN,NaN,NaN,NaN,NaN,NaN,NaN,47.63,0,2363.9,0.0064211,NaN,NaN,NaN,NaN,11.735,97105,10.188,-0.29843,0.39651,-7.6566,0.42865,-20.193,-6.148,NaN,NaN,NaN,NaN,NaN
543.99,-2.9996,6.3293,4.2267,0.20289,0.18235,-6.5826,0.51578,-22.35,-6.454,0,0,0,NaN,NaN,NaN,NaN,NaN,NaN,NaN,NaN,NaN,47.63,0,2363.9,0.0064211,NaN,NaN,NaN,NaN,NaN,-1,-1,-0.30879,0.40881,-7.6361,0.27965,-20.205,-6.1568,NaN,NaN,NaN,NaN,NaN
543.99,-2.9974,6.231,4.2009,-0.20004,-0.086168,-7.8003,0.43356,-18.514,-6.1411,0,0,0,NaN,NaN,NaN,NaN,NaN,NaN,NaN,NaN,NaN,47.63,0,2363.9,0.0064211,NaN,NaN,NaN,NaN,NaN,-1,-1,-0.31127,0.40156,-7.5846,0.15489,-20.104,-6.1705,NaN,NaN,NaN,NaN,NaN
543.99,-2.9968,6.1799,4.1896,0.026964,0.2989,-7.2562,0.25714,-20.305,-5.7452,0,0,0,NaN,NaN,NaN,NaN,NaN,NaN,NaN,NaN,NaN,47.63,0,2363.9,0.0064211,NaN,NaN,NaN,NaN,11.533,97095,10.188,-0.31573,0.40644,-7.5618,0.048381,-20.033,-6.1705,NaN,NaN,NaN,NaN,NaN
543.99,-2.9987,6.1315,4.1782,-0.27145,0.383,-7.544,-0.74158,-19.164,-5.7141,0,0,0,NaN,NaN,NaN,NaN,NaN,NaN,NaN,NaN,NaN,47.63,0,2363.9,0.0064211,NaN,NaN,NaN,NaN,NaN,-1,-1,-0.31961,0.38924,-7.5346,-0.074358,-19.85,-6.1764,NaN,NaN,NaN,NaN,NaN
544,-3.0018,6.0818,4.1673,-0.48504,1.2481,-8.7008,-1.2811,-19.757,-5.4315,0.34954,0.090051,-1.0826,NaN,NaN,NaN,NaN,NaN,NaN,NaN,NaN,NaN,47.63,0,2363.9,0.0064211,0.98659,2.9546,0.65968,0.074085,11.767,97074,10.063,-0.31638,0.3649,-7.4927,-0.21838,-19.852,-6.1791,NaN,NaN,NaN,NaN,NaN
544,-3.0033,6.0342,4.155,-1.407,1.6905,-7.4782,-0.56717,-18.879,-6.0783,0,0,0,NaN,NaN,NaN,NaN,NaN,NaN,NaN,NaN,NaN,47.63,0,2363.9,0.0064211,NaN,NaN,NaN,NaN,NaN,-1,-1,-0.31591,0.36398,-7.4762,-0.3472,-19.827,-6.1759,NaN,NaN,NaN,NaN,NaN
544,-3.004,5.9877,4.1421,0.4554,-0.54563,-5.4846,-0.21858,-18.41,-6.2605,0,0,0,NaN,NaN,NaN,NaN,NaN,NaN,NaN,NaN,NaN,47.63,0,2363.9,0.0064211,NaN,NaN,NaN,NaN,NaN,-1,-1,-0.32517,0.36922,-7.4655,-0.44391,-19.607,-6.1787,NaN,NaN,NaN,NaN,NaN
544,-3.0057,5.9308,4.1292,0.012177,-0.061456,-7.6762,-0.63289,-22.547,-6.4624,0,0,0,NaN,NaN,NaN,NaN,NaN,NaN,NaN,NaN,NaN,47.63,0,2363.9,0.0064211,NaN,NaN,NaN,NaN,11.737,97092,10.188,-0.33066,0.38262,-7.4432,-0.5295,-19.498,-6.2218,NaN,NaN,NaN,NaN,NaN
544.01,-3.0065,5.8825,4.1162,-1.4278,0.4819,-9.3154,-0.24288,-19.109,-6.3213,0.35905,0.087393,-1.084,NaN,NaN,NaN,NaN,NaN,NaN,NaN,NaN,NaN,47.63,0,2363.9,0.0064211,NaN,NaN,NaN,NaN,NaN,-1,-1,-0.34059,0.40503,-7.403,-0.61615,-19.495,-6.2645,NaN,NaN,NaN,NaN,NaN
544.01,-3.0084,5.8393,4.1039,0.10741,-0.40866,-7.679,-0.74662,-17.101,-5.9926,0,0,0,NaN,NaN,NaN,NaN,NaN,NaN,NaN,NaN,NaN,47.63,0,2363.9,0.0064211,NaN,NaN,NaN,NaN,11.431,97093,10.188,-0.3477,0.39101,-7.3719,-0.67837,-19.429,-6.3166,NaN,NaN,NaN,NaN,NaN
544.01,-3.0112,5.7873,4.091,0.010975,0.45687,-5.9413,-1.0652,-20.61,-6.3971,0,0,0,NaN,NaN,NaN,NaN,NaN,NaN,NaN,NaN,NaN,47.63,0,2363.9,0.0064211,NaN,NaN,NaN,NaN,NaN,-1,-1,-0.34516,0.37333,-7.3197,-0.75985,-19.347,-6.3567,NaN,NaN,NaN,NaN,NaN
544.01,-3.0126,5.7361,4.0776,-0.98603,2.1782,-9.2973,-0.50827,-20.294,-6.549,0,0,0,NaN,NaN,NaN,NaN,NaN,NaN,NaN,NaN,NaN,47.63,0,2363.9,0.0064211,NaN,NaN,NaN,NaN,11.433,97102,10.25,-0.34759,0.3592,-7.3146,-0.86866,-19.372,-6.3766,NaN,NaN,NaN,NaN,NaN
544.02,-3.0143,5.6423,4.0501,-0.23665,0.013241,-5.9751,-0.3141,-20.642,-6.586,0,0,0,NaN,NaN,NaN,NaN,NaN,NaN,NaN,NaN,NaN,47.63,0,2363.9,0.0064211,NaN,NaN,NaN,NaN,NaN,-1,-1,-0.35388,0.35453,-7.3142,-0.9873,-19.206,-6.3726,NaN,NaN,NaN,NaN,NaN
544.02,-3.0168,5.5907,4.0359,-0.14916,-0.05885,-7.9449,-0.911,-20.412,-6.901,0,0,0,NaN,NaN,NaN,NaN,NaN,NaN,NaN,NaN,NaN,47.63,0,2363.9,0.0064211,0.974,2.9409,0.64142,0.095727,NaN,-1,-1,-0.35713,0.35651,-7.2825,-1.121,-19.05,-6.3676,NaN,NaN,NaN,NaN,NaN
544.02,-3.0188,5.5445,4.0225,-0.13081,-0.72615,-7.7347,-0.76576,-18.271,-6.4912,0,0,0,NaN,NaN,NaN,NaN,NaN,NaN,NaN,NaN,NaN,47.63,0,2363.9,0.0064211,NaN,NaN,NaN,NaN,11.464,97054,10.063,-0.35653,0.36885,-7.253,-1.2266,-19.122,-6.3705,NaN,NaN,NaN,NaN,NaN
544.02,-3.0222,5.4974,4.0092,-0.35455,-0.29524,-7.7757,-1.3184,-18.669,-6.3314,0.37052,0.080131,-1.0807,NaN,NaN,NaN,NaN,NaN,NaN,NaN,NaN,NaN,47.63,0,2363.9,0.0064211,NaN,NaN,NaN,NaN,NaN,-1,-1,-0.36417,0.38069,-7.2317,-1.3028,-18.966,-6.3733,NaN,NaN,NaN,NaN,NaN
544.03,-3.0265,5.451,3.9968,-0.15709,0.32049,-7.2492,-1.7355,-18.373,-6.0853,0,0,0,NaN,NaN,NaN,NaN,NaN,NaN,NaN,NaN,NaN,47.63,0,2363.9,0.0064211,NaN,NaN,NaN,NaN,11.605,97116,10.313,-0.37222,0.36996,-7.2035,-1.3903,-18.864,-6.3909,NaN,NaN,NaN,NaN,NaN
544.03,-3.0326,5.4048,3.9833,-0.3704,0.656,-7.4672,-2.4151,-18.251,-6.507,0,0,0,NaN,NaN,NaN,NaN,NaN,NaN,NaN,NaN,NaN,47.63,0,2363.9,0.0064211,NaN,NaN,NaN,NaN,NaN,-1,-1,-0.36886,0.35176,-7.1642,-1.481,-18.951,-6.3876,NaN,NaN,NaN,NaN,NaN
544.03,-3.0384,5.3566,3.9715,-0.47237,1.5512,-7.902,-2.3225,-19.112,-5.8921,0,0,0,NaN,NaN,NaN,NaN,NaN,NaN,NaN,NaN,NaN,47.63,0,2363.9,0.0064211,0.9729,2.9432,0.6402,NaN,NaN,-1,-1,-0.36638,0.3357,-7.1532,-1.554,-18.7,-6.3795,NaN,NaN,NaN,NaN,NaN
544.03,-3.0428,5.3136,3.9573,-1.0229,0.86278,-7.1389,-1.7777,-17.02,-6.5931,0.36797,0.082812,-1.0765,NaN,NaN,NaN,NaN,NaN,NaN,NaN,NaN,NaN,47.62,0,2336.8,0.0069644,NaN,NaN,NaN,0.0899,11.497,97107,10.188,-0.37283,0.33092,-7.1517,-1.7199,-19.136,-6.5896,NaN,NaN,NaN,NaN,NaN
544.04,-3.0461,5.267,3.9447,0.13203,-0.1398,-5.3032,-1.3101,-18.423,-6.1786,0,0,0,NaN,NaN,NaN,NaN,NaN,NaN,NaN,NaN,NaN,47.62,0,2336.8,0.0069644,NaN,NaN,NaN,NaN,NaN,-1,-1,-0.37891,0.33871,-7.1314,-1.7709,-19.025,-6.5513,NaN,NaN,NaN,NaN,NaN
544.04,-3.0499,5.2125,3.9319,-0.2102,-0.17548,-8.1907,-1.539,-21.626,-6.4123,0,0,0,NaN,NaN,NaN,NaN,NaN,NaN,NaN,NaN,NaN,47.62,0,2336.8,0.0069644,NaN,NaN,NaN,NaN,NaN,-1,-1,-0.38366,0.35427,-7.0961,-1.8042,-18.832,-6.5384,NaN,NaN,NaN,NaN,NaN
544.04,-3.0548,5.171,3.919,-1.2244,0.07466,-8.3694,-1.9674,-16.382,-6.2182,0,0,0,NaN,NaN,NaN,NaN,NaN,NaN,NaN,NaN,NaN,47.62,0,2336.8,0.0069644,NaN,NaN,NaN,NaN,11.432,97084,10.188,-0.39095,0.36179,-7.0839,-1.8279,-18.606,-6.5329,NaN,NaN,NaN,NaN,NaN
544.04,-3.0598,5.1284,3.9053,-0.029498,-0.029084,-6.6609,-2.0068,-16.845,-6.4142,0.3679,0.080405,-1.0765,NaN,NaN,NaN,NaN,NaN,NaN,NaN,NaN,NaN,47.62,0,2336.8,0.0069644,NaN,NaN,NaN,NaN,NaN,-1,-1,-0.3997,0.36133,-7.0469,-1.8283,-18.541,-6.5304,NaN,NaN,NaN,NaN,NaN
544.05,-3.0649,5.0771,3.8914,-0.22551,0.9673,-6.8495,-2.0029,-20.296,-6.8177,0,0,0,NaN,NaN,NaN,NaN,NaN,NaN,NaN,NaN,NaN,47.62,0,2336.8,0.0069644,0.97181,2.9367,0.63899,0.095727,11.536,97122,10.313,-0.39744,0.34063,-7.0097,-1.9422,-18.824,-6.7064,NaN,NaN,NaN,NaN,NaN
544.05,-3.0688,5.0309,3.8773,-0.90523,1.2984,-8.5156,-1.5564,-18.243,-6.7395,0,0,0,NaN,NaN,NaN,NaN,NaN,NaN,NaN,NaN,NaN,47.62,0,2336.8,0.0069644,NaN,NaN,NaN,NaN,NaN,-1,-1,-0.39473,0.33109,-7.0027,-1.9549,-18.596,-6.6307,NaN,NaN,NaN,NaN,NaN
544.05,-3.0724,4.9917,3.8625,-0.61214,1.0541,-6.676,-1.3701,-15.454,-6.9266,0,0,0,NaN,NaN,NaN,NaN,NaN,NaN,NaN,NaN,NaN,47.62,0,2336.8,0.0069644,NaN,NaN,NaN,NaN,NaN,-1,-1,-0.40946,0.33987,-7.0164,-1.9965,-18.264,-6.5478,NaN,NaN,NaN,NaN,NaN
544.05,-3.0765,4.9424,3.8481,-0.098661,0.077684,-5.3133,-1.6732,-19.505,-6.8065,0.37964,0.077836,-1.0755,NaN,NaN,NaN,NaN,NaN,NaN,NaN,NaN,NaN,47.62,0,2336.8,0.0069644,NaN,NaN,NaN,NaN,11.565,97091,10.125,-0.41153,0.33343,-6.9847,-2.0561,-18.073,-6.4609,NaN,NaN,NaN,NaN,NaN
544.06,-3.0814,4.8925,3.8335,-0.34955,-0.97913,-8.5431,-1.9547,-19.71,-7.0606,0,0,0,NaN,NaN,NaN,NaN,NaN,NaN,NaN,NaN,NaN,47.62,0,2336.8,0.0069644,NaN,NaN,NaN,NaN,NaN,-1,-1,-0.4066,0.33736,-6.8958,-2.0806,-17.769,-6.387,NaN,NaN,NaN,NaN,NaN
544.06,-3.093,4.8079,3.8071,-0.27696,0.053587,-6.7127,-2.1574,-17.379,-6.2425,0,0,0,NaN,NaN,NaN,NaN,NaN,NaN,NaN,NaN,NaN,47.62,0,2336.8,0.0069644,0.98659,2.9474,0.65542,0.058269,NaN,-1,-1,-0.40606,0.32354,-6.8581,-2.1043,-17.381,-6.3259,NaN,NaN,NaN,NaN,NaN
544.06,-3.0992,4.7595,3.794,-0.22694,0.4224,-6.8991,-2.521,-19.156,-6.3093,0.38699,0.082432,-1.077,5.3036,12.458,0.18595,13.541,40.058,-88.549,3.6787e+05,4.4354e+06,312.02,47.62,0,2336.8,0.0069644,NaN,NaN,NaN,NaN,11.428,97085,10.125,-0.40564,0.31909,-6.8482,-2.1452,-17.315,-6.2622,12.753,4.4138,1.1155,4.9989,19.023
544.06,-3.1068,4.715,3.7817,-0.41615,0.55564,-7.9812,-3.1423,-17.632,-6.0394,0,0,0,NaN,NaN,NaN,NaN,NaN,NaN,NaN,NaN,NaN,47.62,0,2336.8,0.0069644,NaN,NaN,NaN,NaN,NaN,-1,-1,-0.40914,0.31528,-6.854,-2.1758,-16.994,-6.1997,NaN,NaN,NaN,NaN,NaN
544.07,-3.1135,4.6727,3.7693,-0.91144,2.119,-7.3851,-2.7238,-16.743,-6.0076,0,0,0,NaN,NaN,NaN,NaN,NaN,NaN,NaN,NaN,NaN,47.62,0,2336.8,0.0069644,NaN,NaN,NaN,NaN,11.29,97122,10.25,-0.41089,0.31266,-6.7974,-2.2044,-16.7,-6.1331,NaN,NaN,NaN,NaN,NaN
544.07,-3.1183,4.6325,3.756,-0.72935,-0.022988,-5.7388,-1.9796,-15.857,-6.3643,0,0,0,NaN,NaN,NaN,NaN,NaN,NaN,NaN,NaN,NaN,47.62,0,2336.8,0.0069644,NaN,NaN,NaN,NaN,NaN,-1,-1,-0.41336,0.31264,-6.7826,-2.2323,-16.511,-6.1052,NaN,NaN,NaN,NaN,NaN
544.07,-3.1241,4.5831,3.7421,0.12893,-0.60499,-6.0218,-2.3766,-19.549,-6.6539,0.38202,0.087673,-1.0708,NaN,NaN,NaN,NaN,NaN,NaN,NaN,NaN,NaN,47.62,0,2336.8,0.0069644,0.96688,2.9403,0.64507,0.094895,NaN,-1,-1,-0.41808,0.31305,-6.7822,-2.2193,-16.352,-6.0789,NaN,NaN,NaN,NaN,NaN
544.07,-3.1296,4.5338,3.7289,-0.62107,0.58969,-8.8482,-2.2483,-19.486,-6.5229,0,0,0,NaN,NaN,NaN,NaN,NaN,NaN,NaN,NaN,NaN,47.62,0,2336.8,0.0069644,NaN,NaN,NaN,NaN,11.568,97092,10.188,-0.42577,0.31745,-6.7784,-2.1918,-16.241,-6.0588,NaN,NaN,NaN,NaN,NaN
544.08,-3.1352,4.4983,3.7151,-1.0467,-0.35029,-7.4786,-2.3153,-13.992,-6.4219,0,0,0,NaN,NaN,NaN,NaN,NaN,NaN,NaN,NaN,NaN,47.62,0,2336.8,0.0069644,NaN,NaN,NaN,NaN,NaN,-1,-1,-0.43385,0.31705,-6.779,-2.2063,-16.153,-6.0492,NaN,NaN,NaN,NaN,NaN
544.08,-3.1418,4.4548,3.7009,0.025083,-0.19329,-5.5847,-2.6596,-17.158,-6.7908,0,0,0,NaN,NaN,NaN,NaN,NaN,NaN,NaN,NaN,NaN,47.62,0,2336.8,0.0069644,NaN,NaN,NaN,NaN,NaN,-1,-1,-0.43687,0.30165,-6.7543,-2.2144,-16.021,-6.0302,NaN,NaN,NaN,NaN,NaN
544.08,-3.1477,4.4051,3.6883,-0.45181,1.8882,-7.9338,-2.4616,-19.706,-6.2267,0.39611,0.080137,-1.0718,NaN,NaN,NaN,NaN,NaN,NaN,NaN,NaN,NaN,47.62,0,2336.8,0.0069644,NaN,NaN,NaN,NaN,11.43,97095,10.188,-0.42785,0.27966,-6.7395,-2.2337,-15.81,-6.0048,NaN,NaN,NaN,NaN,NaN
544.08,-3.1528,4.3658,3.6738,-1.026,1.2128,-8.0632,-2.0742,-15.45,-6.804,0,0,0,NaN,NaN,NaN,NaN,NaN,NaN,NaN,NaN,NaN,47.62,0,2336.8,0.0069644,NaN,NaN,NaN,NaN,NaN,-1,-1,-0.4457,0.29232,-6.7716,-2.2723,-15.662,-5.9707,NaN,NaN,NaN,NaN,NaN
544.09,-3.165,4.2761,3.6441,-0.066871,0.30869,-5.9395,-2.5642,-19.644,-7.0971,0,0,0,NaN,NaN,NaN,NaN,NaN,NaN,NaN,NaN,NaN,47.62,0,2336.8,0.0069644,0.97838,2.8197,0.71566,0.047447,11.464,97097,10.188,-0.45342,0.29014,-6.7628,-2.3234,-15.614,-5.9589,NaN,NaN,NaN,NaN,NaN
544.09,0,0,0,0,0,0,0,0,0,0,0,0,NaN,NaN,NaN,NaN,NaN,NaN,NaN,NaN,NaN,47.62,0,2336.8,0.0069644,NaN,NaN,NaN,NaN,NaN,-1,-1,-0.44573,0.2862,-6.719,-2.3711,-15.483,-5.9347,NaN,NaN,NaN,NaN,NaN
544.09,-3.1707,4.2311,3.6292,-0.66565,-0.76457,-8.5718,-2.371,-17.748,-6.9425,0.39592,0.082786,-1.0673,NaN,NaN,NaN,NaN,NaN,NaN,NaN,NaN,NaN,47.62,0,2336.8,0.0069644,NaN,NaN,NaN,NaN,11.43,97098,10.188,-0.45574,0.3026,-6.7236,-2.4112,-15.278,-5.9381,NaN,NaN,NaN,NaN,NaN
544.09,-3.1766,4.1925,3.6157,-0.070382,-0.66514,-6.9988,-2.4558,-15.251,-6.3896,0,0,0,NaN,NaN,NaN,NaN,NaN,NaN,NaN,NaN,NaN,47.62,0,2336.8,0.0069644,NaN,NaN,NaN,NaN,NaN,-1,-1,-0.4686,0.3096,-6.7195,-2.4415,-15.262,-5.9184,NaN,NaN,NaN,NaN,NaN
544.1,-3.1837,4.1476,3.6022,-0.1763,0.17983,-6.2207,-2.9252,-17.722,-6.5408,0,0,0,NaN,NaN,NaN,NaN,NaN,NaN,NaN,NaN,NaN,47.62,0,2336.8,0.0069644,0.97947,2.9438,0.65177,NaN,11.432,97127,10.313,-0.46359,0.28606,-6.6839,-2.4817,-15.279,-5.9092,NaN,NaN,NaN,NaN,NaN
544.1,-3.201,4.0643,3.5764,-0.57873,0.62228,-7.7724,-3.7174,-15.927,-6.3217,0.40065,0.082721,-1.0669,NaN,NaN,NaN,NaN,NaN,NaN,NaN,NaN,NaN,47.62,0,2336.8,0.0069644,NaN,NaN,NaN,NaN,NaN,-1,-1,-0.46447,0.27127,-6.6836,-2.5196,-15.093,-5.9058,NaN,NaN,NaN,NaN,NaN
544.1,0,0,0,0,0,0,0,0,0,0,0,0,NaN,NaN,NaN,NaN,NaN,NaN,NaN,NaN,NaN,47.62,0,2336.8,0.0069644,NaN,NaN,NaN,NaN,NaN,-1,-1,-0.46567,0.27148,-6.6677,-2.5607,-15.006,-5.9084,NaN,NaN,NaN,NaN,NaN
544.1,-3.2149,3.9818,3.5489,-0.49635,0.076421,-6.0063,-2.6967,-15.272,-6.4364,0,0,0,NaN,NaN,NaN,NaN,NaN,NaN,NaN,NaN,NaN,47.62,0,2336.8,0.0069644,NaN,NaN,NaN,NaN,11.568,97072,10.125,-0.4676,0.27946,-6.6228,-2.5857,-15.003,-5.9404,NaN,NaN,NaN,NaN,NaN
544.11,-3.2215,3.9376,3.5352,0.038859,-0.76426,-6.0726,-2.7339,-17.469,-6.6118,0,0,0,NaN,NaN,NaN,NaN,NaN,NaN,NaN,NaN,NaN,47.62,0,2336.8,0.0069644,NaN,NaN,NaN,NaN,NaN,-1,-1,-0.47642,0.28734,-6.611,-2.582,-14.981,-5.9813,NaN,NaN,NaN,NaN,NaN
544.11,-3.2348,3.8566,3.5081,-0.75767,-0.058485,-7.2141,-2.8067,-13.882,-6.3974,0,0,0,NaN,NaN,NaN,NaN,NaN,NaN,NaN,NaN,NaN,47.62,0,2336.8,0.0069644,NaN,NaN,NaN,NaN,NaN,-1,-1,-0.48538,0.30214,-6.5945,-2.6025,-14.91,-6.0232,NaN,NaN,NaN,NaN,NaN
544.11,-3.2426,3.815,3.4943,0.071341,0.071867,-5.4969,-3.2258,-16.388,-6.6343,0,0,0,NaN,NaN,NaN,NaN,NaN,NaN,NaN,NaN,NaN,47.62,0,2336.8,0.0069644,NaN,NaN,NaN,NaN,11.535,97125,10.313,-0.49165,0.3009,-6.6662,-2.6285,-14.954,-6.063,NaN,NaN,NaN,NaN,NaN
544.11,-3.2494,3.7675,3.4811,-0.69501,1.5771,-8.0882,-2.8481,-18.759,-6.5153,0,0,0,NaN,NaN,NaN,NaN,NaN,NaN,NaN,NaN,NaN,47.62,0,2336.8,0.0069644,NaN,NaN,NaN,NaN,NaN,-1,-1,-0.49185,0.28486,-6.636,-2.6539,-15.048,-6.1236,NaN,NaN,NaN,NaN,NaN
544.12,-3.3532,3.6684,3.5671,-0.8631,0.94806,-7.4626,-2.6095,-13.796,-6.9486,0.41494,0.077471,-1.0701,NaN,NaN,NaN,NaN,NaN,NaN,NaN,NaN,NaN,47.62,0,2336.8,0.0069644,NaN,NaN,NaN,NaN,11.433,97122,10.313,-0.48817,0.26595,-6.6394,-2.682,-15.133,-6.1622,NaN,NaN,NaN,NaN,NaN
544.12,-3.3646,3.5813,3.5379,-0.10407,0.15674,-6.2816,-2.3098,-18.62,-6.9793,0,0,0,NaN,NaN,NaN,NaN,NaN,NaN,NaN,NaN,NaN,47.62,0,2336.8,0.0069644,NaN,NaN,NaN,NaN,NaN,-1,-1,-0.49867,0.26839,-6.6418,-2.7383,-15.309,-6.1992,NaN,NaN,NaN,NaN,NaN
544.12,-3.3709,3.5404,3.5234,-0.70374,-1.1464,-8.2887,-2.6569,-16.074,-6.9164,0,0,0,NaN,NaN,NaN,NaN,NaN,NaN,NaN,NaN,NaN,47.62,0,2336.8,0.0069644,0.99754,2.948,0.6615,0.076582,NaN,-1,-1,-0.49412,0.25985,-6.607,-2.8042,-15.26,-6.2248,NaN,NaN,NaN,NaN,NaN
544.12,-3.3846,3.4627,3.4965,-0.19047,0.28413,-5.9515,-2.9156,-16.707,-6.2267,0,0,0,NaN,NaN,NaN,NaN,NaN,NaN,NaN,NaN,NaN,47.62,0,2336.8,0.0069644,NaN,NaN,NaN,NaN,11.393,97087,10.125,-0.49401,0.27255,-6.5968,-2.8488,-15.167,-6.2599,NaN,NaN,NaN,NaN,NaN
544.13,-3.3931,3.4217,3.4833,-0.5552,0.4273,-7.1026,-3.5554,-16.179,-6.4022,0,0,0,NaN,NaN,NaN,NaN,NaN,NaN,NaN,NaN,NaN,47.62,0,2336.8,0.0069644,NaN,NaN,NaN,NaN,NaN,-1,-1,-0.50602,0.28792,-6.6021,-2.8765,-15.23,-6.3206,NaN,NaN,NaN,NaN,NaN
544.13,-3.402,3.3819,3.4701,-0.54057,0.98282,-7.9239,-3.75,-15.694,-6.3562,0,0,0,NaN,NaN,NaN,NaN,NaN,NaN,NaN,NaN,NaN,47.62,0,2336.8,0.0069644,NaN,NaN,NaN,NaN,NaN,-1,-1,-0.50243,0.27369,-6.5799,-2.893,-15.394,-6.3947,NaN,NaN,NaN,NaN,NaN
544.13,-3.4091,3.343,3.4563,-1.1726,1.7031,-6.5631,-2.9973,-15.297,-6.5138,0.42198,0.084837,-1.065,NaN,NaN,NaN,NaN,NaN,NaN,NaN,NaN,NaN,47.62,0,2336.8,0.0069644,0.97071,2.9415,0.64385,0.084073,11.362,97111,10.25,-0.50584,0.26781,-6.5842,-2.9098,-15.452,-6.464,NaN,NaN,NaN,NaN,NaN
544.13,-3.4159,3.3056,3.4425,-0.37748,-0.17869,-5.3223,-2.8807,-14.731,-6.5607,0,0,0,NaN,NaN,NaN,NaN,NaN,NaN,NaN,NaN,NaN,47.62,0,2336.8,0.0069644,NaN,NaN,NaN,NaN,NaN,-1,-1,-0.51117,0.26161,-6.6009,-2.9121,-15.433,-6.5256,NaN,NaN,NaN,NaN,NaN
544.14,-3.4229,3.2603,3.4288,0.052813,-0.65265,-6.2366,-2.9558,-17.864,-6.7275,0,0,0,NaN,NaN,NaN,NaN,NaN,NaN,NaN,NaN,NaN,47.62,0,2336.8,0.0069644,NaN,NaN,NaN,NaN,11.431,97133,10.313,-0.50727,0.26575,-6.5752,-2.9369,-15.57,-6.6086,NaN,NaN,NaN,NaN,NaN
544.14,-3.4294,3.219,3.4145,-1.1795,0.73525,-8.364,-2.7305,-16.245,-6.8566,0,0,0,NaN,NaN,NaN,NaN,NaN,NaN,NaN,NaN,NaN,47.62,0,2336.8,0.0069644,NaN,NaN,NaN,NaN,NaN,-1,-1,-0.51071,0.26555,-6.5568,-2.9791,-15.753,-6.6768,NaN,NaN,NaN,NaN,NaN
544.14,-3.4367,3.1856,3.3998,-0.48859,-0.36546,-6.9193,-3.0924,-13.099,-6.7431,0.41725,0.084902,-1.0654,NaN,NaN,NaN,NaN,NaN,NaN,NaN,NaN,NaN,47.62,0,2336.8,0.0069644,NaN,NaN,NaN,NaN,NaN,-1,-1,-0.51836,0.27344,-6.5658,-3.0154,-15.792,-6.7623,NaN,NaN,NaN,NaN,NaN
544.14,-3.4444,3.1433,3.3863,-0.1377,-0.14993,-5.2347,-3.2821,-16.643,-6.5758,0,0,0,NaN,NaN,NaN,NaN,NaN,NaN,NaN,NaN,NaN,47.826,0,2312.5,0.0069644,0.97126,2.9444,0.64811,0.094062,11.502,97098,10.25,-0.52459,0.27619,-6.5592,-3.0588,-16.005,-6.8594,NaN,NaN,NaN,NaN,NaN
544.15,-3.4516,3.0995,3.373,-0.86518,1.5817,-8.1614,-3.0556,-17.28,-6.5059,0,0,0,NaN,NaN,NaN,NaN,NaN,NaN,NaN,NaN,NaN,47.826,0,2312.5,0.0069644,0.97126,2.9444,0.64811,0.094062,NaN,-1,-1,-0.52368,0.27888,-6.5364,-3.0022,-15.544,-6.7064,NaN,NaN,NaN,NaN,NaN
544.15,-3.4582,3.0661,3.3582,-0.87694,1.3377,-6.8823,-2.7955,-13.098,-6.901,0,0,0,NaN,NaN,NaN,NaN,NaN,NaN,NaN,NaN,NaN,47.826,0,2312.5,0.0069644,NaN,NaN,NaN,NaN,NaN,-1,-1,-0.52493,0.26603,-6.5246,-3.0153,-15.617,-6.7542,NaN,NaN,NaN,NaN,NaN
544.15,-3.4642,3.026,3.3434,-0.52903,-0.16599,-5.0607,-2.5466,-15.748,-6.9692,0.41961,0.084869,-1.0652,NaN,NaN,NaN,NaN,NaN,NaN,NaN,NaN,NaN,47.826,0,2312.5,0.0069644,NaN,NaN,NaN,NaN,11.256,97074,10.125,-0.53011,0.26415,-6.528,-3.0414,-15.62,-6.7758,NaN,NaN,NaN,NaN,NaN
544.15,-3.4711,2.982,3.3296,-0.035459,0.024353,-6.8001,-2.9413,-17.352,-6.7274,0,0,0,NaN,NaN,NaN,NaN,NaN,NaN,NaN,NaN,NaN,47.826,0,2312.5,0.0069644,NaN,NaN,NaN,NaN,11.463,97081,10.125,-0.53056,0.2671,-6.5306,-3.0735,-15.677,-6.8151,NaN,NaN,NaN,NaN,NaN
544.16,-3.4778,2.9439,3.3152,-0.6253,-0.89943,-7.378,-2.8579,-14.958,-6.8507,0,0,0,NaN,NaN,NaN,NaN,NaN,NaN,NaN,NaN,NaN,47.826,0,2312.5,0.0069644,0.96579,2.9379,0.63594,NaN,NaN,-1,-1,-0.52922,0.2618,-6.5118,-3.1269,-15.706,-6.8497,NaN,NaN,NaN,NaN,NaN
544.16,-3.4917,2.8655,3.2876,-0.18964,-0.027016,-5.8043,-3.3525,-16.374,-6.5256,0.42638,0.087541,-1.0579,NaN,NaN,NaN,NaN,NaN,NaN,NaN,NaN,NaN,47.826,0,2312.5,0.0069644,NaN,NaN,NaN,NaN,11.565,97108,10.188,-0.53323,0.27632,-6.4998,-3.0498,-15.186,-6.646,NaN,NaN,NaN,NaN,NaN
544.16,-3.5007,2.8258,3.2747,-0.47903,0.51355,-7.1607,-3.8153,-15.625,-6.3056,0,0,0,NaN,NaN,NaN,NaN,NaN,NaN,NaN,NaN,NaN,47.826,0,2312.5,0.0069644,NaN,NaN,NaN,NaN,NaN,-1,-1,-0.53634,0.27733,-6.4856,-3.0479,-15.085,-6.6409,NaN,NaN,NaN,NaN,NaN
544.16,-3.5169,2.7519,3.248,-0.93909,1.7089,-5.4623,-2.8169,-14.262,-6.6168,0,0,0,NaN,NaN,NaN,NaN,NaN,NaN,NaN,NaN,NaN,47.826,0,2312.5,0.0069644,NaN,NaN,NaN,NaN,11.329,97141,10.375,-0.53414,0.26584,-6.4707,-3.0153,-15.08,-6.6512,NaN,NaN,NaN,NaN,NaN
544.17,-3.5233,2.7138,3.2337,-0.28564,-0.90333,-5.524,-2.7375,-14.977,-6.7732,0.42871,0.072705,-1.0644,NaN,NaN,NaN,NaN,NaN,NaN,NaN,NaN,NaN,47.826,0,2312.5,0.0069644,NaN,NaN,NaN,NaN,NaN,-1,-1,-0.53451,0.26078,-6.4718,-2.983,-14.921,-6.6458,NaN,NaN,NaN,NaN,NaN
544.17,-3.5376,2.6323,3.2066,-1.1607,0.59061,-8.699,-2.8864,-14.287,-6.64,0,0,0,NaN,NaN,NaN,NaN,NaN,NaN,NaN,NaN,NaN,47.826,0,2312.5,0.0069644,NaN,NaN,NaN,NaN,NaN,-1,-1,-0.53675,0.25561,-6.4961,-2.9976,-14.879,-6.6392,NaN,NaN,NaN,NaN,NaN
544.17,-3.5444,2.6008,3.1924,-0.33725,-0.75577,-5.3371,-2.9173,-12.32,-6.6351,0,0,0,NaN,NaN,NaN,NaN,NaN,NaN,NaN,NaN,NaN,47.826,0,2312.5,0.0069644,NaN,NaN,NaN,NaN,11.394,97086,10.125,-0.53643,0.24497,-6.4834,-3.0263,-14.918,-6.6211,NaN,NaN,NaN,NaN,NaN
544.17,-3.5642,2.4865,3.1493,-0.71383,0.53409,-5.9643,-2.3464,-11.158,-6.8452,0,0,0,NaN,NaN,NaN,NaN,NaN,NaN,NaN,NaN,NaN,47.826,0,2312.5,0.0069644,NaN,NaN,NaN,NaN,NaN,-1,-1,-0.53808,0.24569,-6.4632,-3.0208,-14.755,-6.6202,NaN,NaN,NaN,NaN,NaN
544.18,-3.5703,2.4441,3.1348,-0.47112,-0.13526,-4.3042,-2.6737,-16.674,-7.0232,0,0,0,NaN,NaN,NaN,NaN,NaN,NaN,NaN,NaN,NaN,47.826,0,2312.5,0.0069644,NaN,NaN,NaN,NaN,11.467,97124,10.313,-0.54139,0.25502,-6.4533,-3.0081,-14.835,-6.6201,NaN,NaN,NaN,NaN,NaN
544.18,-3.5771,2.3985,3.121,-0.3452,0.41134,-7.7509,-2.9786,-17.956,-6.7679,0.42893,0.084861,-1.0621,NaN,NaN,NaN,NaN,NaN,NaN,NaN,NaN,NaN,47.826,0,2312.5,0.0069644,NaN,NaN,NaN,NaN,NaN,-1,-1,-0.54612,0.25637,-6.4494,-2.9937,-14.751,-6.6244,NaN,NaN,NaN,NaN,NaN
544.18,-3.5833,2.3664,3.1075,-0.54825,-0.95727,-7.7902,-2.6982,-12.577,-6.3735,0,0,0,NaN,NaN,NaN,NaN,NaN,NaN,NaN,NaN,NaN,47.826,0,2312.5,0.0069644,NaN,NaN,NaN,NaN,NaN,-1,-1,-0.54708,0.24847,-6.4403,-2.999,-14.769,-6.6,NaN,NaN,NaN,NaN,NaN
544.18,-3.5911,2.3327,3.0943,-0.090359,-0.55126,-5.2727,-3.3852,-13.242,-6.2981,0,0,0,NaN,NaN,NaN,NaN,NaN,NaN,NaN,NaN,NaN,47.826,0,2312.5,0.0069644,NaN,NaN,NaN,NaN,11.255,97085,10.125,-0.54799,0.25307,-6.4323,-3.027,-14.709,-6.5776,NaN,NaN,NaN,NaN,NaN
544.19,-3.5987,2.2886,3.0815,-0.22264,0.25545,-6.1059,-3.2963,-17.354,-6.3641,0,0,0,NaN,NaN,NaN,NaN,NaN,NaN,NaN,NaN,NaN,47.826,0,2312.5,0.0069644,NaN,NaN,NaN,NaN,NaN,-1,-1,-0.55167,0.25022,-6.4288,-3.0536,-14.631,-6.5509,NaN,NaN,NaN,NaN,NaN
544.19,-3.6077,2.2512,3.0677,-0.8534,0.61124,-8.0101,-3.8777,-14.711,-6.5519,0.429,0.087268,-1.0621,NaN,NaN,NaN,NaN,NaN,NaN,NaN,NaN,NaN,47.826,0,2312.5,0.0069644,0.96579,2.8162,0.71749,0.049112,11.008,97099,10.188,-0.54279,0.24547,-6.4238,-3.0593,-14.596,-6.5269,NaN,NaN,NaN,NaN,NaN
544.19,-3.6163,2.218,3.0543,-0.77001,0.76201,-7.2698,-3.7081,-13.036,-6.3658,0,0,0,NaN,NaN,NaN,NaN,NaN,NaN,NaN,NaN,NaN,47.826,0,2312.5,0.0069644,NaN,NaN,NaN,NaN,NaN,-1,-1,-0.55562,0.25349,-6.4445,-3.0444,-14.52,-6.5106,NaN,NaN,NaN,NaN,NaN
544.19,-3.6232,2.1806,3.0414,-0.6889,1.747,-4.8989,-3.0618,-14.704,-6.2823,0,0,0,NaN,NaN,NaN,NaN,NaN,NaN,NaN,NaN,NaN,47.826,0,2312.5,0.0069644,NaN,NaN,NaN,NaN,NaN,-1,-1,-0.55165,0.23423,-6.4231,-3.0234,-14.532,-6.5032,NaN,NaN,NaN,NaN,NaN
544.2,-3.6294,2.1416,3.0283,-0.62782,-0.5106,-6.379,-2.75,-15.321,-6.3873,0,0,0,NaN,NaN,NaN,NaN,NaN,NaN,NaN,NaN,NaN,47.826,0,2312.5,0.0069644,NaN,NaN,NaN,NaN,11.255,97080,10.125,-0.54563,0.21738,-6.4007,-2.9832,-14.526,-6.5039,NaN,NaN,NaN,NaN,NaN
544.2,-3.6423,2.0648,3.0009,-0.83714,0.47079,-7.2844,-2.9119,-14.969,-6.5007,0,0,0,NaN,NaN,NaN,NaN,NaN,NaN,NaN,NaN,NaN,47.826,0,2312.5,0.0069644,0.96414,2.9325,0.63229,0.10322,NaN,-1,-1,-0.54943,0.22771,-6.4218,-2.9622,-14.393,-6.4932,NaN,NaN,NaN,NaN,NaN
544.2,-3.6491,2.0284,2.9879,-0.40886,-0.40435,-6.6435,-3.0155,-14.305,-6.2767,0,0,0,NaN,NaN,NaN,NaN,NaN,NaN,NaN,NaN,NaN,47.826,0,2312.5,0.0069644,0.96414,2.9325,0.63229,0.10322,11.364,97120,10.313,-0.55536,0.23284,-6.4269,-2.9842,-14.387,-6.4685,NaN,NaN,NaN,NaN,NaN
544.2,-3.6634,1.955,2.961,-0.78934,1.8617,-6.7577,-2.9363,-14.554,-6.5624,0.44745,0.089899,-1.0515,NaN,NaN,NaN,NaN,NaN,NaN,NaN,NaN,NaN,47.826,0,2312.5,0.0069644,NaN,NaN,NaN,NaN,11.53,97092,10.125,-0.55233,0.2314,-6.39,-3.0056,-14.44,-6.4411,NaN,NaN,NaN,NaN,NaN
544.21,-3.6689,1.9184,2.9465,-0.52212,0.87484,-6.1153,-2.4729,-14.322,-6.9036,0,0,0,NaN,NaN,NaN,NaN,NaN,NaN,NaN,NaN,NaN,47.826,0,2312.5,0.0069644,NaN,NaN,NaN,NaN,NaN,-1,-1,-0.55867,0.22775,-6.4017,-3.0023,-14.274,-6.43,NaN,NaN,NaN,NaN,NaN
544.21,-3.6747,1.8791,2.9329,-0.90058,-0.23927,-6.2107,-2.6309,-15.434,-6.5988,0,0,0,NaN,NaN,NaN,NaN,NaN,NaN,NaN,NaN,NaN,47.826,0,2312.5,0.0069644,0.96688,2.9403,0.63716,NaN,11.566,97081,10.125,-0.55832,0.22252,-6.3948,-2.9885,-14.211,-6.4251,NaN,NaN,NaN,NaN,NaN
544.21,-3.681,1.8411,2.9194,-0.22178,0.3581,-6.7465,-2.8335,-14.941,-6.5415,0,0,0,NaN,NaN,NaN,NaN,NaN,NaN,NaN,NaN,NaN,47.826,0,2312.5,0.0069644,NaN,NaN,NaN,0.083241,NaN,-1,-1,-0.55439,0.22624,-6.383,-2.9838,-14.326,-6.4209,NaN,NaN,NaN,NaN,NaN
544.21,-3.6872,1.8061,2.9053,-0.16162,-1.0432,-6.2188,-2.7641,-13.719,-6.6333,0.43535,0.075498,-1.0548,NaN,NaN,NaN,NaN,NaN,NaN,NaN,NaN,NaN,47.826,0,2312.5,0.0069644,NaN,NaN,NaN,NaN,NaN,-1,-1,-0.55937,0.22858,-6.3823,-2.9566,-14.29,-6.4161,NaN,NaN,NaN,NaN,NaN
544.22,-3.6935,1.7691,2.8922,-0.5301,-0.42696,-6.7443,-2.8169,-14.511,-6.368,0,0,0,NaN,NaN,NaN,NaN,NaN,NaN,NaN,NaN,NaN,47.826,0,2312.5,0.0069644,NaN,NaN,NaN,NaN,11.044,97099,10.188,-0.55729,0.21624,-6.3872,-2.9563,-14.276,-6.3971,NaN,NaN,NaN,NaN,NaN
544.22,-3.7105,1.697,2.8677,-0.4425,0.44836,-6.1568,-3.797,-13.83,-5.9724,0,0,0,NaN,NaN,NaN,NaN,NaN,NaN,NaN,NaN,NaN,47.826,0,2312.5,0.0069644,NaN,NaN,NaN,NaN,NaN,-1,-1,-0.55809,0.23371,-6.3787,-3.0105,-14.334,-6.3632,NaN,NaN,NaN,NaN,NaN
544.22,-3.7196,1.6596,2.855,-0.65953,0.97164,-7.4314,-4.0179,-14.756,-6.0823,0.43832,0.087259,-1.059,NaN,NaN,NaN,NaN,NaN,NaN,NaN,NaN,NaN,47.826,0,2312.5,0.0069644,0.97728,2.8156,0.71932,0.04495,11.433,97077,10.188,-0.56546,0.23823,-6.385,-3.0247,-14.292,-6.3386,NaN,NaN,NaN,NaN,NaN
544.22,-3.7267,1.6251,2.842,-1.0444,1.5475,-6.0814,-3.1648,-13.506,-6.2525,0,0,0,NaN,NaN,NaN,NaN,NaN,NaN,NaN,NaN,NaN,47.826,0,2312.5,0.0069644,NaN,NaN,NaN,NaN,NaN,-1,-1,-0.55906,0.22425,-6.3709,-3.005,-14.213,-6.3229,NaN,NaN,NaN,NaN,NaN
544.23,-3.7317,1.5903,2.8286,-0.526,-0.23379,-5.5233,-2.3131,-13.668,-6.4237,0,0,0,NaN,NaN,NaN,NaN,NaN,NaN,NaN,NaN,NaN,47.826,0,2312.5,0.0069644,NaN,NaN,NaN,NaN,11.428,97110,10.188,-0.55558,0.23176,-6.3651,-2.9949,-14.22,-6.3151,NaN,NaN,NaN,NaN,NaN
544.23,-3.7445,1.5121,2.8025,-1.1526,0.48183,-7.8687,-2.9523,-14.839,-6.335,0.4332,0.082751,-1.055,NaN,NaN,NaN,NaN,NaN,NaN,NaN,NaN,NaN,47.826,0,2312.5,0.0069644,NaN,NaN,NaN,NaN,NaN,-1,-1,-0.56017,0.23241,-6.3774,-2.9878,-14.118,-6.3108,NaN,NaN,NaN,NaN,NaN
544.23,-3.7505,1.4806,2.789,-0.47378,-0.33792,-6.7587,-2.7102,-12.331,-6.3941,0,0,0,NaN,NaN,NaN,NaN,NaN,NaN,NaN,NaN,NaN,47.826,0,2312.5,0.0069644,NaN,NaN,NaN,NaN,11.254,97086,10.125,-0.55829,0.21381,-6.3563,-2.949,-13.921,-6.3182,NaN,NaN,NaN,NaN,NaN
544.23,-3.7641,1.405,2.7638,-0.8048,1.5445,-7.3419,-2.9506,-14.921,-6.2368,0,0,0,NaN,NaN,NaN,NaN,NaN,NaN,NaN,NaN,NaN,47.581,0,2286.8,0.0053322,0.98057,2.9438,0.66637,0.071587,NaN,-1,-1,-0.55078,0.21823,-6.3559,-2.8955,-13.947,-6.3367,NaN,NaN,NaN,NaN,NaN
544.24,-3.7694,1.3728,2.7502,-0.74337,1.0701,-6.4958,-2.502,-12.605,-6.3628,0.43576,0.085005,-1.057,NaN,NaN,NaN,NaN,NaN,NaN,NaN,NaN,NaN,47.581,0,2286.8,0.0053322,NaN,NaN,NaN,NaN,NaN,-1,-1,-0.55528,0.22917,-6.3669,-2.8657,-14.013,-6.3426,NaN,NaN,NaN,NaN,NaN
544.24,-3.7745,1.3359,2.737,-0.75647,-0.41445,-5.0899,-2.3899,-14.487,-6.3971,0,0,0,NaN,NaN,NaN,NaN,NaN,NaN,NaN,NaN,NaN,47.581,0,2286.8,0.0053322,NaN,NaN,NaN,NaN,NaN,-1,-1,-0.55807,0.22232,-6.3635,-2.8404,-13.921,-6.3323,NaN,NaN,NaN,NaN,NaN
544.24,-3.7803,1.2982,2.7238,-0.15863,0.24512,-6.941,-2.673,-14.797,-6.4199,0,0,0,NaN,NaN,NaN,NaN,NaN,NaN,NaN,NaN,NaN,47.581,0,2286.8,0.0053322,NaN,NaN,NaN,NaN,11.323,97094,10.125,-0.55825,0.2214,-6.3571,-2.8624,-13.853,-6.3034,NaN,NaN,NaN,NaN,NaN
544.24,-3.7858,1.2648,2.7103,-0.47997,-0.79416,-6.7927,-2.5567,-13.072,-6.452,0,0,0,NaN,NaN,NaN,NaN,NaN,NaN,NaN,NaN,NaN,47.581,0,2286.8,0.0053322,NaN,NaN,NaN,NaN,NaN,-1,-1,-0.56051,0.22134,-6.3728,-2.8745,-13.854,-6.2851,NaN,NaN,NaN,NaN,NaN
544.25,-3.7925,1.2304,2.6973,-0.27935,-0.41818,-6.9456,-3.0161,-13.489,-6.2325,0.4427,0.080094,-1.0564,NaN,NaN,NaN,NaN,NaN,NaN,NaN,NaN,NaN,47.581,0,2286.8,0.0053322,0.95484,2.9409,0.6402,0.09656,NaN,-1,-1,-0.55773,0.21182,-6.3793,-2.9102,-13.797,-6.2669,NaN,NaN,NaN,NaN,NaN
544.25,-3.7998,1.1943,2.6849,-0.26701,0.14244,-6.0733,-3.3118,-14.195,-6.0739,0,0,0,NaN,NaN,NaN,NaN,NaN,NaN,NaN,NaN,NaN,47.581,0,2286.8,0.0053322,NaN,NaN,NaN,NaN,NaN,-1,-1,-0.55394,0.19993,-6.3538,-2.9144,-13.788,-6.2541,NaN,NaN,NaN,NaN,NaN
544.25,-3.8083,1.1599,2.6728,-0.65937,0.52027,-6.4961,-3.7612,-13.493,-5.9121,0,0,0,NaN,NaN,NaN,NaN,NaN,NaN,NaN,NaN,NaN,47.581,0,2286.8,0.0053322,NaN,NaN,NaN,NaN,11.324,97086,10.125,-0.54334,0.19498,-6.3614,-3.0053,-14.147,-6.4117,NaN,NaN,NaN,NaN,NaN
544.25,-3.8166,1.1243,2.6603,-0.6786,0.85894,-7.5468,-3.6956,-13.979,-6.1025,0,0,0,NaN,NaN,NaN,NaN,NaN,NaN,NaN,NaN,NaN,47.581,0,2286.8,0.0053322,NaN,NaN,NaN,NaN,NaN,-1,-1,-0.55486,0.2087,-6.3913,-2.9669,-14.029,-6.3462,NaN,NaN,NaN,NaN,NaN
544.26,-3.8223,1.0894,2.6469,-1.0447,1.5871,-6.0847,-2.6864,-13.68,-6.3363,0.44703,0.075456,-1.0516,NaN,NaN,NaN,NaN,NaN,NaN,NaN,NaN,NaN,47.581,0,2286.8,0.0053322,NaN,NaN,NaN,NaN,NaN,-1,-1,-0.55974,0.22243,-6.3848,-2.9417,-13.875,-6.2937,NaN,NaN,NaN,NaN,NaN
544.26,-3.8275,1.0568,2.6337,-0.52856,-0.16782,-5.603,-2.425,-12.788,-6.3343,0,0,0,NaN,NaN,NaN,NaN,NaN,NaN,NaN,NaN,NaN,47.581,0,2286.8,0.0053322,NaN,NaN,NaN,NaN,NaN,-1,-1,-0.54758,0.21128,-6.365,-2.9282,-13.733,-6.2269,NaN,NaN,NaN,NaN,NaN
544.26,-3.8335,1.0179,2.621,-0.10445,-0.55207,-5.6095,-2.812,-15.272,-6.258,0,0,0,NaN,NaN,NaN,NaN,NaN,NaN,NaN,NaN,NaN,47.581,0,2286.8,0.0053322,1.0446,2.8436,0.7108,0.010821,NaN,-1,-1,-0.55103,0.21511,-6.3732,-3.002,-14.042,-6.3577,NaN,NaN,NaN,NaN,NaN
544.26,-3.8395,0.97974,2.6085,-1.1775,0.41388,-8.0252,-2.7701,-14.998,-6.1961,0,0,0,NaN,NaN,NaN,NaN,NaN,NaN,NaN,NaN,NaN,47.581,0,2286.8,0.0053322,1.0446,2.8436,0.7108,0.010821,11.324,97066,10.063,-0.55568,0.21286,-6.3851,-2.9464,-13.856,-6.2792,NaN,NaN,NaN,NaN,NaN
544.27,-3.8455,0.95029,2.5957,-0.46526,-0.23078,-7.1038,-2.7968,-11.52,-5.9492,0.45479,0.084625,-1.0576,NaN,NaN,NaN,NaN,NaN,NaN,NaN,NaN,NaN,47.581,0,2286.8,0.0053322,NaN,NaN,NaN,NaN,NaN,-1,-1,-0.54933,0.19938,-6.364,-2.8897,-13.754,-6.2095,NaN,NaN,NaN,NaN,NaN
544.27,-3.853,0.91547,2.5833,-0.21772,-0.36615,-5.4065,-3.3951,-13.664,-6.0853,0,0,0,NaN,NaN,NaN,NaN,NaN,NaN,NaN,NaN,NaN,47.581,0,2286.8,0.0053322,NaN,NaN,NaN,NaN,NaN,-1,-1,-0.55114,0.2144,-6.3792,-2.8307,-13.616,-6.1455,NaN,NaN,NaN,NaN,NaN
544.27,-3.86,0.87792,2.5707,-0.92355,1.4986,-7.275,-3.1826,-14.752,-6.1878,0,0,0,NaN,NaN,NaN,NaN,NaN,NaN,NaN,NaN,NaN,47.581,0,2286.8,0.0053322,NaN,NaN,NaN,NaN,11.149,97109,10.188,-0.55356,0.21796,-6.3745,-2.7681,-13.455,-6.0817,NaN,NaN,NaN,NaN,NaN
544.27,-3.8642,0.84707,2.5572,-0.6966,1.3649,-6.4818,-2.0702,-12.051,-6.3971,0,0,0,NaN,NaN,NaN,NaN,NaN,NaN,NaN,NaN,NaN,47.581,0,2286.8,0.0053322,0.95593,2.9289,0.6329,NaN,NaN,-1,-1,-0.55585,0.21824,-6.3602,-2.7535,-13.355,-6.0154,NaN,NaN,NaN,NaN,NaN
544.28,-3.8685,0.81247,2.5437,-0.62175,-0.74542,-5.2594,-2.1703,-13.556,-6.4514,0.44738,0.087492,-1.0515,5.1623,12.338,-0.55043,13.385,40.058,-88.549,3.6787e+05,4.4354e+06,311.91,47.581,0,2286.8,0.0053322,NaN,NaN,NaN,0.10572,11.326,97119,10.25,-0.55234,0.2236,-6.3618,-2.7628,-13.166,-5.9296,12.546,4.55,1.0377,4.7286,19.872
544.28,-3.875,0.77281,2.5307,-0.27589,0.1212,-6.8562,-2.9879,-15.582,-6.4211,0,0,0,NaN,NaN,NaN,NaN,NaN,NaN,NaN,NaN,NaN,47.581,0,2286.8,0.0053322,NaN,NaN,NaN,NaN,NaN,-1,-1,-0.55224,0.21686,-6.3672,-2.7896,-12.999,-5.8585,NaN,NaN,NaN,NaN,NaN
544.28,-3.881,0.74109,2.518,-0.38852,-0.39246,-6.9281,-2.8148,-12.415,-6.0961,0,0,0,NaN,NaN,NaN,NaN,NaN,NaN,NaN,NaN,NaN,47.581,0,2286.8,0.0053322,NaN,NaN,NaN,NaN,NaN,-1,-1,-0.55028,0.2094,-6.3617,-2.7965,-12.947,-5.788,NaN,NaN,NaN,NaN,NaN
544.28,-3.8868,0.7074,2.5058,-0.23368,-0.63575,-6.2144,-2.7152,-13.216,-5.9706,0,0,0,NaN,NaN,NaN,NaN,NaN,NaN,NaN,NaN,NaN,47.581,0,2286.8,0.0053322,NaN,NaN,NaN,NaN,11.115,97078,10.125,-0.54873,0.204,-6.3561,-2.7582,-12.827,-5.7259,NaN,NaN,NaN,NaN,NaN
544.29,-3.8932,0.671,2.494,-0.46304,0.067548,-6.7773,-3.0086,-14.314,-5.8186,0.45472,0.087153,-1.0553,NaN,NaN,NaN,NaN,NaN,NaN,NaN,NaN,NaN,47.581,0,2286.8,0.0053322,NaN,NaN,NaN,NaN,NaN,-1,-1,-0.53813,0.19838,-6.297,-2.753,-12.677,-5.6667,NaN,NaN,NaN,NaN,NaN
544.29,-3.9016,0.63783,2.4825,-0.54976,0.61859,-6.7066,-3.7764,-13.024,-5.6634,0,0,0,NaN,NaN,NaN,NaN,NaN,NaN,NaN,NaN,NaN,47.581,0,2286.8,0.0053322,0.96469,2.9355,0.63047,0.10322,NaN,-1,-1,-0.54609,0.20889,-6.3224,-2.7599,-12.583,-5.6067,NaN,NaN,NaN,NaN,NaN
544.29,-3.9093,0.60316,2.4708,-0.53511,1.0491,-7.0728,-3.4928,-13.62,-5.7892,0,0,0,NaN,NaN,NaN,NaN,NaN,NaN,NaN,NaN,NaN,47.581,0,2286.8,0.0053322,NaN,NaN,NaN,NaN,11.598,97052,10,-0.54896,0.22304,-6.3258,-2.7655,-12.472,-5.565,NaN,NaN,NaN,NaN,NaN
544.29,-3.916,0.56973,2.4589,-1.0633,1.2377,-6.041,-3.1174,-13.117,-5.8422,0,0,0,NaN,NaN,NaN,NaN,NaN,NaN,NaN,NaN,NaN,47.581,0,2286.8,0.0053322,NaN,NaN,NaN,NaN,NaN,-1,-1,-0.53867,0.21796,-6.3234,-2.7672,-12.362,-5.5167,NaN,NaN,NaN,NaN,NaN
544.3,-3.9208,0.53773,2.4456,-0.6401,-0.094013,-5.5026,-2.3474,-12.528,-6.2889,0.46129,0.087539,-1.0458,NaN,NaN,NaN,NaN,NaN,NaN,NaN,NaN,NaN,47.581,0,2286.8,0.0053322,NaN,NaN,NaN,NaN,11.291,97075,10.125,-0.53754,0.2214,-6.2734,-2.7471,-12.35,-5.4919,NaN,NaN,NaN,NaN,NaN
544.3,-3.926,0.5,2.4335,-0.023364,-0.28793,-5.9481,-2.5168,-14.827,-6.0303,0,0,0,NaN,NaN,NaN,NaN,NaN,NaN,NaN,NaN,NaN,47.581,0,2286.8,0.0053322,NaN,NaN,NaN,NaN,NaN,-1,-1,-0.5429,0.21479,-6.2917,-2.7301,-12.299,-5.4769,NaN,NaN,NaN,NaN,NaN
544.3,-3.931,0.46301,2.4209,-0.98022,0.12167,-8.0111,-2.4343,-14.515,-6.2298,0,0,0,NaN,NaN,NaN,NaN,NaN,NaN,NaN,NaN,NaN,47.581,0,2286.8,0.0053322,0.97728,2.9432,0.64751,0.080744,NaN,-1,-1,-0.53784,0.20454,-6.2932,-2.6865,-12.236,-5.4771,NaN,NaN,NaN,NaN,NaN
544.3,-3.9384,0.43447,2.4085,-0.65762,-0.47265,-6.927,-3.3975,-11.152,-5.8831,0,0,0,NaN,NaN,NaN,NaN,NaN,NaN,NaN,NaN,NaN,47.581,0,2286.8,0.0053322,NaN,NaN,NaN,NaN,11.187,97130,10.313,-0.5363,0.20778,-6.3083,-2.6908,-12.176,-5.4701,NaN,NaN,NaN,NaN,NaN
544.31,0,0,0,0,0,0,0,0,0,0,0,0,NaN,NaN,NaN,NaN,NaN,NaN,NaN,NaN,NaN,47.581,0,2286.8,0.0053322,NaN,NaN,NaN,NaN,NaN,-1,-1,-0.54294,0.21692,-6.3321,-2.7296,-12.179,-5.4444,NaN,NaN,NaN,NaN,NaN
544.31,-3.9455,0.3996,2.3958,-0.18448,0.11112,-5.3568,-3.2962,-13.669,-6.1448,0.48241,0.082434,-1.0439,NaN,NaN,NaN,NaN,NaN,NaN,NaN,NaN,NaN,47.581,0,2286.8,0.0053322,NaN,NaN,NaN,NaN,NaN,-1,-1,-0.54304,0.21947,-6.3159,-2.7832,-12.099,-5.4058,NaN,NaN,NaN,NaN,NaN
544.31,-3.9523,0.36157,2.384,-0.762,1.3011,-7.2418,-3.1448,-14.952,-5.9346,0,0,0,NaN,NaN,NaN,NaN,NaN,NaN,NaN,NaN,NaN,47.581,0,2286.8,0.0053322,NaN,NaN,NaN,NaN,11.567,97100,10.188,-0.54113,0.21853,-6.326,-2.8288,-12.042,-5.379,NaN,NaN,NaN,NaN,NaN
544.31,-3.9691,0.26047,2.3437,-0.23648,-0.062688,-6.1972,-2.962,-14.385,-6.1969,0.47284,0.087619,-1.0403,NaN,NaN,NaN,NaN,NaN,NaN,NaN,NaN,NaN,47.581,0,2286.8,0.0053322,1.0304,2.8508,0.70714,0.0074917,NaN,-1,-1,-0.54194,0.21181,-6.3382,-2.8566,-12.084,-5.3648,NaN,NaN,NaN,NaN,NaN
544.32,0,0,0,0,0,0,0,0,0,0,0,0,NaN,NaN,NaN,NaN,NaN,NaN,NaN,NaN,NaN,47.581,0,2286.8,0.0053322,NaN,NaN,NaN,NaN,11.6,97085,10.125,-0.54139,0.20575,-6.3384,-2.8465,-12.048,-5.361,NaN,NaN,NaN,NaN,NaN
544.32,-3.9757,0.22644,2.3311,-0.56336,-0.85893,-7.0277,-3.1034,-13.334,-6.1292,0,0,0,NaN,NaN,NaN,NaN,NaN,NaN,NaN,NaN,NaN,47.581,0,2286.8,0.0053322,NaN,NaN,NaN,NaN,NaN,-1,-1,-0.53363,0.18872,-6.3286,-2.8412,-12.045,-5.361,NaN,NaN,NaN,NaN,NaN
544.32,-3.9829,0.1952,2.3193,-0.21232,-0.33342,-7.0458,-3.3277,-12.237,-5.7489,0,0,0,NaN,NaN,NaN,NaN,NaN,NaN,NaN,NaN,NaN,47.581,0,2286.8,0.0053322,NaN,NaN,NaN,NaN,NaN,-1,-1,-0.53139,0.19668,-6.3436,-2.8627,-12.147,-5.3636,NaN,NaN,NaN,NaN,NaN
544.32,-3.9983,0.12718,2.296,-0.51655,0.27861,-6.6011,-3.74,-13.217,-5.6223,0.4592,0.092265,-1.0482,NaN,NaN,NaN,NaN,NaN,NaN,NaN,NaN,NaN,47.581,0,2286.8,0.0053322,0.97783,2.812,0.71506,0.049945,11.259,97121,10.313,-0.53988,0.21267,-6.3639,-2.8944,-12.099,-5.3629,NaN,NaN,NaN,NaN,NaN
544.33,-4.0071,0.094268,2.2841,-0.67779,0.79453,-7.4532,-3.9951,-12.904,-5.8298,0,0,0,NaN,NaN,NaN,NaN,NaN,NaN,NaN,NaN,NaN,47.581,0,2286.8,0.0053322,0.97783,2.812,0.71506,0.049945,NaN,-1,-1,-0.54222,0.21794,-6.3362,-2.9252,-12.069,-5.3808,NaN,NaN,NaN,NaN,NaN
544.33,-4.0192,0.030162,2.2601,-0.56764,-0.24129,-5.9003,-2.7028,-12.004,-5.7626,0,0,0,NaN,NaN,NaN,NaN,NaN,NaN,NaN,NaN,NaN,47.581,0,2286.8,0.0053322,NaN,NaN,NaN,NaN,NaN,-1,-1,-0.53296,0.22222,-6.3251,-2.9693,-12.152,-5.4006,NaN,NaN,NaN,NaN,NaN
544.33,-4.1318,-0.066764,2.3589,-0.057954,-0.99201,-5.1738,-3.0723,-14.256,-6.0335,0.46595,0.090002,-1.0432,NaN,NaN,NaN,NaN,NaN,NaN,NaN,NaN,NaN,47.581,0,2286.8,0.0053322,NaN,NaN,NaN,NaN,11.22,97103,10.188,-0.53406,0.21645,-6.3353,-2.9533,-12.171,-5.4429,NaN,NaN,NaN,NaN,NaN
544.33,-4.1382,-0.10545,2.3477,-0.94537,0.80959,-8.2297,-3.0511,-15.212,-5.7528,0,0,0,NaN,NaN,NaN,NaN,NaN,NaN,NaN,NaN,NaN,47.581,0,2286.8,0.0053322,NaN,NaN,NaN,NaN,NaN,-1,-1,-0.53468,0.19768,-6.3344,-2.9226,-12.213,-5.4925,NaN,NaN,NaN,NaN,NaN
544.34,-4.1445,-0.13303,2.3352,-0.73713,-0.37946,-7.4018,-3.0045,-10.746,-5.9812,0,0,0,NaN,NaN,NaN,NaN,NaN,NaN,NaN,NaN,NaN,47.581,0,2286.8,0.0053322,NaN,NaN,NaN,NaN,11.361,97116,10.25,-0.5258,0.18521,-6.3161,-2.9151,-12.324,-5.5482,NaN,NaN,NaN,NaN,NaN
544.34,-4.1522,-0.16579,2.3228,-0.053036,-0.52396,-4.6288,-3.5888,-12.813,-6.0546,0,0,0,NaN,NaN,NaN,NaN,NaN,NaN,NaN,NaN,NaN,47.581,0,2286.8,0.0053322,NaN,NaN,NaN,0.02414,NaN,-1,-1,-0.52865,0.18668,-6.3298,-2.9016,-12.375,-5.5986,NaN,NaN,NaN,NaN,NaN
544.34,-4.1592,-0.20502,2.3105,-0.69198,1.2684,-7.951,-3.3235,-15.422,-6.0466,0.47316,0.084849,-1.047,NaN,NaN,NaN,NaN,NaN,NaN,NaN,NaN,NaN,47.581,0,2286.8,0.0053322,NaN,NaN,NaN,NaN,NaN,-1,-1,-0.53445,0.19768,-6.3852,-2.9182,-12.438,-5.6388,NaN,NaN,NaN,NaN,NaN
544.34,-4.1649,-0.23453,2.2972,-1.0885,1.4347,-6.6635,-2.75,-11.491,-6.3347,0,0,0,NaN,NaN,NaN,NaN,NaN,NaN,NaN,NaN,NaN,47.826,0,2266.8,0.0064211,NaN,NaN,NaN,NaN,11.291,97100,10.188,-0.52884,0.20202,-6.3621,-2.9651,-12.579,-5.6634,NaN,NaN,NaN,NaN,NaN
544.35,-4.1759,-0.30454,2.274,-0.29051,0.013479,-5.9765,-3.0315,-14.806,-5.7898,0,0,0,NaN,NaN,NaN,NaN,NaN,NaN,NaN,NaN,NaN,47.826,0,2266.8,0.0064211,NaN,NaN,NaN,NaN,NaN,-1,-1,-0.53207,0.20302,-6.3571,-3.0423,-12.624,-5.6839,NaN,NaN,NaN,NaN,NaN
544.35,-4.1812,-0.33732,2.2609,-0.63014,-0.74637,-7.2763,-2.6635,-12.814,-6.2727,0.47269,0.07787,-1.0426,NaN,NaN,NaN,NaN,NaN,NaN,NaN,NaN,NaN,47.826,0,2266.8,0.0064211,NaN,NaN,NaN,NaN,NaN,-1,-1,-0.53189,0.19917,-6.3665,-3.0991,-12.659,-5.7246,NaN,NaN,NaN,NaN,NaN
544.35,-4.1878,-0.36751,2.2491,-0.20819,-0.69351,-7.0674,-3.1135,-11.798,-5.7766,0,0,0,NaN,NaN,NaN,NaN,NaN,NaN,NaN,NaN,NaN,47.826,0,2266.8,0.0064211,NaN,NaN,NaN,NaN,11.358,97094,10.125,-0.52552,0.18656,-6.3552,-3.1469,-12.795,-5.76,NaN,NaN,NaN,NaN,NaN
544.35,-4.1947,-0.4021,2.238,-0.21195,0.068028,-4.9277,-3.2951,-13.578,-5.6216,0,0,0,NaN,NaN,NaN,NaN,NaN,NaN,NaN,NaN,NaN,47.826,0,2266.8,0.0064211,NaN,NaN,NaN,NaN,11.151,97116,10.25,-0.52798,0.18658,-6.4139,-3.1387,-12.831,-5.8172,NaN,NaN,NaN,NaN,NaN
544.36,-4.2116,-0.46926,2.2162,-0.85815,0.69349,-6.9218,-4.0858,-12.535,-5.2744,0.48443,0.075301,-1.0415,NaN,NaN,NaN,NaN,NaN,NaN,NaN,NaN,NaN,47.826,0,2266.8,0.0064211,NaN,NaN,NaN,NaN,NaN,-1,-1,-0.5296,0.19604,-6.42,-3.1378,-12.969,-5.8721,NaN,NaN,NaN,NaN,NaN
544.36,-4.2184,-0.50209,2.2057,-0.5887,2.1318,-6.2345,-3.2457,-12.893,-5.2953,0,0,0,NaN,NaN,NaN,NaN,NaN,NaN,NaN,NaN,NaN,47.826,0,2266.8,0.0064211,NaN,NaN,NaN,NaN,NaN,-1,-1,-0.53501,0.21614,-6.4343,-3.1571,-13.161,-5.942,NaN,NaN,NaN,NaN,NaN
544.36,-4.2235,-0.53248,2.194,-0.89716,-0.10722,-5.7172,-2.556,-11.878,-5.7416,0,0,0,NaN,NaN,NaN,NaN,NaN,NaN,NaN,NaN,NaN,47.826,0,2266.8,0.0064211,NaN,NaN,NaN,NaN,NaN,-1,-1,-0.53786,0.22475,-6.4359,-3.2214,-13.337,-6.0119,NaN,NaN,NaN,NaN,NaN
544.36,-4.2288,-0.56789,2.1819,-0.36,-0.94041,-5.3566,-2.6251,-13.87,-6.0612,0,0,0,NaN,NaN,NaN,NaN,NaN,NaN,NaN,NaN,NaN,47.826,0,2266.8,0.0064211,0.97181,2.9355,0.63899,0.092398,11.361,97117,10.25,-0.53978,0.22191,-6.4468,-3.1487,-12.936,-5.8665,NaN,NaN,NaN,NaN,NaN
544.37,-4.2348,-0.6041,2.1696,-0.56595,0.64863,-8.3493,-2.9584,-14.203,-6.0349,0.48694,0.085017,-1.039,NaN,NaN,NaN,NaN,NaN,NaN,NaN,NaN,NaN,47.826,0,2266.8,0.0064211,NaN,NaN,NaN,NaN,NaN,-1,-1,-0.5355,0.20058,-6.4505,-3.1737,-13.09,-5.905,NaN,NaN,NaN,NaN,NaN
544.37,-4.2398,-0.63264,2.1569,-0.75254,-0.45365,-6.2504,-2.5208,-11.114,-6.0746,0,0,0,NaN,NaN,NaN,NaN,NaN,NaN,NaN,NaN,NaN,47.826,0,2266.8,0.0064211,NaN,NaN,NaN,NaN,NaN,-1,-1,-0.53609,0.19354,-6.4547,-3.1882,-13.268,-5.9417,NaN,NaN,NaN,NaN,NaN
544.37,-4.2468,-0.6645,2.1448,-0.30073,-0.5775,-6.2755,-3.3294,-12.453,-5.9633,0,0,0,NaN,NaN,NaN,NaN,NaN,NaN,NaN,NaN,NaN,47.826,0,2266.8,0.0064211,NaN,NaN,NaN,NaN,11.151,97071,10.125,-0.53649,0.19318,-6.4637,-3.1762,-13.36,-5.9918,NaN,NaN,NaN,NaN,NaN
544.37,-4.2546,-0.70129,2.133,-0.58306,1.1603,-7.0025,-3.6465,-14.425,-5.9608,0,0,0,NaN,NaN,NaN,NaN,NaN,NaN,NaN,NaN,NaN,47.826,0,2266.8,0.0064211,NaN,NaN,NaN,NaN,NaN,-1,-1,-0.53444,0.20858,-6.4456,-3.0497,-12.957,-5.8138,NaN,NaN,NaN,NaN,NaN
544.38,-4.2604,-0.73103,2.1206,-0.88269,1.4612,-6.5891,-2.8481,-11.597,-5.9968,0.48478,0.087336,-1.0415,NaN,NaN,NaN,NaN,NaN,NaN,NaN,NaN,NaN,47.826,0,2266.8,0.0064211,0.95867,2.9367,0.63959,0.078247,11.324,97086,10.125,-0.54023,0.22021,-6.4688,-3.0299,-13.021,-5.819,NaN,NaN,NaN,NaN,NaN
544.38,-4.2653,-0.76335,2.1084,-0.5994,0.01801,-5.9166,-2.4876,-12.634,-5.9938,0,0,0,NaN,NaN,NaN,NaN,NaN,NaN,NaN,NaN,NaN,47.826,0,2266.8,0.0064211,NaN,NaN,NaN,NaN,NaN,-1,-1,-0.542,0.22663,-6.462,-3.0567,-13.006,-5.7937,NaN,NaN,NaN,NaN,NaN
544.38,-4.2718,-0.80009,2.0973,-0.51909,-0.013851,-5.7025,-3.131,-14.429,-5.6772,0,0,0,NaN,NaN,NaN,NaN,NaN,NaN,NaN,NaN,NaN,47.826,0,2266.8,0.0064211,NaN,NaN,NaN,NaN,NaN,-1,-1,-0.54095,0.21118,-6.4407,-3.1075,-12.964,-5.7728,NaN,NaN,NaN,NaN,NaN
544.38,-4.2769,-0.83243,2.0855,-0.49744,-0.37263,-7.651,-2.5962,-12.651,-5.8316,0,0,0,NaN,NaN,NaN,NaN,NaN,NaN,NaN,NaN,NaN,47.826,0,2266.8,0.0064211,NaN,NaN,NaN,NaN,11.327,97089,10.188,-0.53531,0.19364,-6.4597,-3.149,-12.897,-5.7653,NaN,NaN,NaN,NaN,NaN
544.39,-4.2836,-0.86298,2.0743,-0.030375,-0.82303,-6.4092,-3.2296,-11.964,-5.5042,0.48465,0.087457,-1.0393,NaN,NaN,NaN,NaN,NaN,NaN,NaN,NaN,NaN,47.826,0,2266.8,0.0064211,NaN,NaN,NaN,NaN,NaN,-1,-1,-0.53264,0.1898,-6.476,-3.1416,-12.874,-5.7377,NaN,NaN,NaN,NaN,NaN
544.39,-4.2915,-0.89557,2.0635,-0.36517,-0.098436,-5.7259,-3.7131,-12.78,-5.4657,0,0,0,NaN,NaN,NaN,NaN,NaN,NaN,NaN,NaN,NaN,47.826,0,2266.8,0.0064211,0.96633,2.9373,0.63899,0.094895,NaN,-1,-1,-0.53387,0.18851,-6.4811,-3.1396,-12.942,-5.7365,NaN,NaN,NaN,NaN,NaN
544.39,-4.3,-0.92936,2.053,-0.72421,0.33506,-7.7544,-3.9509,-13.265,-5.3804,0,0,0,NaN,NaN,NaN,NaN,NaN,NaN,NaN,NaN,NaN,47.826,0,2266.8,0.0064211,0.96633,2.9373,0.63899,0.094895,11.223,97106,10.25,-0.52934,0.19173,-6.4677,-3.1262,-12.964,-5.7051,NaN,NaN,NaN,NaN,NaN
544.39,-4.3091,-0.96063,2.0425,-0.67409,0.62285,-6.5394,-4.1832,-12.258,-5.295,0,0,0,NaN,NaN,NaN,NaN,NaN,NaN,NaN,NaN,NaN,47.826,0,2266.8,0.0064211,NaN,NaN,NaN,NaN,NaN,-1,-1,-0.53145,0.207,-6.4727,-3.1243,-12.877,-5.7004,NaN,NaN,NaN,NaN,NaN
544.4,-4.316,-0.99312,2.0314,-0.52672,1.7543,-6.7471,-3.2959,-12.73,-5.5236,0.49166,0.080018,-1.0409,NaN,NaN,NaN,NaN,NaN,NaN,NaN,NaN,NaN,47.826,0,2266.8,0.0064211,NaN,NaN,NaN,NaN,11.396,97137,10.313,-0.53717,0.21863,-6.484,-3.1824,-12.906,-5.6915,NaN,NaN,NaN,NaN,NaN
544.4,-4.3212,-1.0232,2.0193,-1.2813,0.52404,-6.0073,-2.644,-11.727,-5.9377,0,0,0,NaN,NaN,NaN,NaN,NaN,NaN,NaN,NaN,NaN,47.826,0,2266.8,0.0064211,NaN,NaN,NaN,NaN,NaN,-1,-1,-0.53381,0.20714,-6.4711,-3.2165,-12.966,-5.6823,NaN,NaN,NaN,NaN,NaN
544.4,-4.3261,-1.0579,2.0072,-0.27577,-0.77138,-5.0537,-2.493,-13.576,-6.0214,0,0,0,NaN,NaN,NaN,NaN,NaN,NaN,NaN,NaN,NaN,47.826,0,2266.8,0.0064211,NaN,NaN,NaN,NaN,NaN,-1,-1,-0.52597,0.18229,-6.4636,-3.2274,-12.942,-5.6916,NaN,NaN,NaN,NaN,NaN
544.4,-4.3319,-1.0962,1.9965,-0.10922,0.30666,-7.6685,-2.9048,-15.07,-5.617,0,0,0,NaN,NaN,NaN,NaN,NaN,NaN,NaN,NaN,NaN,47.826,0,2266.8,0.0064211,0.96579,2.9474,0.6402,NaN,11.568,97111,10.25,-0.52919,0.18142,-6.4908,-3.2413,-13.023,-5.6903,NaN,NaN,NaN,NaN,NaN
544.41,-4.3376,-1.1269,1.9842,-1.2051,-0.12784,-7.6196,-2.8505,-11.985,-5.9156,0.49821,0.075469,-1.0336,NaN,NaN,NaN,NaN,NaN,NaN,NaN,NaN,NaN,47.826,0,2266.8,0.0064211,NaN,NaN,NaN,0.094895,NaN,-1,-1,-0.533,0.18238,-6.4882,-3.2173,-12.962,-5.7046,NaN,NaN,NaN,NaN,NaN
544.41,-4.3532,-1.1912,1.9608,-0.23579,0.82893,-5.4651,-3.786,-14.57,-5.8797,0,0,0,NaN,NaN,NaN,NaN,NaN,NaN,NaN,NaN,NaN,47.826,0,2266.8,0.0064211,NaN,NaN,NaN,NaN,NaN,-1,-1,-0.53119,0.19233,-6.4761,-3.1975,-12.887,-5.7078,NaN,NaN,NaN,NaN,NaN
544.41,-4.3532,-1.1912,1.9608,-0.23579,0.82893,-5.4651,-3.786,-14.57,-5.8797,0,0,0,NaN,NaN,NaN,NaN,NaN,NaN,NaN,NaN,NaN,47.826,0,2266.8,0.0064211,NaN,NaN,NaN,NaN,11.533,97099,10.188,-0.53657,0.20209,-6.4917,-3.1899,-12.937,-5.6977,NaN,NaN,NaN,NaN,NaN
544.41,-4.3594,-1.2255,1.9493,-0.9265,1.4702,-7.7005,-3.0732,-13.416,-5.8111,0,0,0,NaN,NaN,NaN,NaN,NaN,NaN,NaN,NaN,NaN,47.826,0,2266.8,0.0064211,NaN,NaN,NaN,NaN,NaN,-1,-1,-0.54123,0.21273,-6.4838,-3.2495,-12.893,-5.6716,NaN,NaN,NaN,NaN,NaN
544.42,-4.3646,-1.2524,1.9376,-0.80977,0.45463,-6.8073,-2.6253,-10.473,-5.5947,0.50077,0.077723,-1.0356,NaN,NaN,NaN,NaN,NaN,NaN,NaN,NaN,NaN,47.826,0,2266.8,0.0064211,NaN,NaN,NaN,NaN,11.361,97119,10.25,-0.53744,0.19309,-6.485,-3.3042,-12.837,-5.6326,NaN,NaN,NaN,NaN,NaN
544.42,-4.3764,-1.3257,1.9159,-0.23336,0.15202,-7.763,-2.9778,-15.051,-5.5571,0,0,0,NaN,NaN,NaN,NaN,NaN,NaN,NaN,NaN,NaN,47.826,0,2266.8,0.0064211,0.98112,2.8251,0.7181,0.04828,NaN,-1,-1,-0.54201,0.19453,-6.5011,-3.3165,-12.763,-5.6109,NaN,NaN,NaN,NaN,NaN
544.42,-4.3825,-1.3536,1.9044,-0.37255,-0.92251,-6.9738,-3.0191,-10.87,-5.6048,0,0,0,NaN,NaN,NaN,NaN,NaN,NaN,NaN,NaN,NaN,47.826,0,2266.8,0.0064211,NaN,NaN,NaN,NaN,NaN,-1,-1,-0.53311,0.19104,-6.4892,-3.3246,-12.738,-5.6069,NaN,NaN,NaN,NaN,NaN
544.42,-4.389,-1.3827,1.8931,-0.34428,-0.62638,-6.2828,-3.2253,-11.412,-5.4998,0.50766,0.075339,-1.0327,NaN,NaN,NaN,NaN,NaN,NaN,NaN,NaN,NaN,47.826,0,2266.8,0.0064211,NaN,NaN,NaN,NaN,11.536,97120,10.313,-0.53203,0.18931,-6.5033,-3.3436,-12.805,-5.6024,NaN,NaN,NaN,NaN,NaN
544.43,-4.3974,-1.418,1.8827,-0.36549,0.63774,-6.147,-3.9409,-13.847,-5.3961,0,0,0,NaN,NaN,NaN,NaN,NaN,NaN,NaN,NaN,NaN,47.826,0,2266.8,0.0064211,NaN,NaN,NaN,NaN,NaN,-1,-1,-0.53187,0.19706,-6.5181,-3.3383,-12.715,-5.5971,NaN,NaN,NaN,NaN,NaN
544.43,-4.4066,-1.4516,1.8722,-0.6342,0.57069,-7.3636,-4.2585,-13.17,-5.3822,0,0,0,NaN,NaN,NaN,NaN,NaN,NaN,NaN,NaN,NaN,47.826,0,2266.8,0.0064211,NaN,NaN,NaN,NaN,NaN,-1,-1,-0.53433,0.20977,-6.5343,-3.35,-12.63,-5.5863,NaN,NaN,NaN,NaN,NaN
544.43,-4.4152,-1.4797,1.8614,-0.7878,1.1175,-7.3776,-4.0226,-10.986,-5.3534,0,0,0,NaN,NaN,NaN,NaN,NaN,NaN,NaN,NaN,NaN,47.826,0,2266.8,0.0064211,0.97838,2.8269,0.71627,0.039956,11.362,97087,10.188,-0.53959,0.2138,-6.5299,-3.3983,-12.694,-5.5774,NaN,NaN,NaN,NaN,NaN
544.43,-4.421,-1.5102,1.8492,-1.0446,1.3952,-5.2226,-2.9133,-11.897,-5.8945,0.49809,0.080524,-1.0291,NaN,NaN,NaN,NaN,NaN,NaN,NaN,NaN,NaN,47.826,0,2266.8,0.0064211,NaN,NaN,NaN,NaN,NaN,-1,-1,-0.54525,0.23122,-6.5185,-3.437,-12.656,-5.5742,NaN,NaN,NaN,NaN,NaN
544.44,-4.426,-1.5449,1.8383,-0.29841,-0.525,-5.5063,-2.5807,-13.592,-5.6134,0,0,0,NaN,NaN,NaN,NaN,NaN,NaN,NaN,NaN,NaN,47.826,0,2266.8,0.0064211,NaN,NaN,NaN,NaN,11.188,97106,10.25,-0.54468,0.23355,-6.5249,-3.4223,-12.56,-5.5773,NaN,NaN,NaN,NaN,NaN
544.44,-4.4325,-1.5812,1.8281,-0.26503,-0.53375,-7.2881,-3.1987,-14.283,-5.3563,0,0,0,NaN,NaN,NaN,NaN,NaN,NaN,NaN,NaN,NaN,47.826,0,2266.8,0.0064211,NaN,NaN,NaN,NaN,NaN,-1,-1,-0.54817,0.22457,-6.54,-3.446,-12.582,-5.5739,NaN,NaN,NaN,NaN,NaN
544.44,-4.4396,-1.6119,1.8162,-1.1843,0.30195,-8.064,-3.4453,-11.975,-5.8658,0,0,0,NaN,NaN,NaN,NaN,NaN,NaN,NaN,NaN,NaN,47.826,0,2266.8,0.0064211,NaN,NaN,NaN,NaN,NaN,-1,-1,-0.55036,0.22475,-6.5306,-3.4429,-12.611,-5.5724,NaN,NaN,NaN,NaN,NaN
544.44,-4.4473,-1.6408,1.8053,-0.013963,-0.58919,-6.0658,-3.6712,-11.277,-5.3481,0.49383,0.082634,-1.0362,NaN,NaN,NaN,NaN,NaN,NaN,NaN,NaN,NaN,47.826,0,2266.8,0.0064211,0.96743,2.9409,0.64081,0.097392,11.189,97099,10.25,-0.54633,0.22145,-6.5266,-3.4386,-12.573,-5.5747,NaN,NaN,NaN,NaN,NaN
544.45,-4.456,-1.6764,1.7935,-0.47231,-0.16567,-5.8234,-4.1193,-13.931,-5.987,0,0,0,NaN,NaN,NaN,NaN,NaN,NaN,NaN,NaN,NaN,47.826,0,2266.8,0.0064211,NaN,NaN,NaN,NaN,NaN,-1,-1,-0.5455,0.21066,-6.5345,-3.446,-12.493,-5.5876,NaN,NaN,NaN,NaN,NaN
544.45,-4.4642,-1.7092,1.7829,-0.86489,1.7112,-7.666,-3.8554,-12.868,-5.4385,0,0,0,NaN,NaN,NaN,NaN,NaN,NaN,NaN,NaN,NaN,47.826,0,2266.8,0.0064211,NaN,NaN,NaN,NaN,NaN,-1,-1,-0.55034,0.23044,-6.5499,-3.4708,-12.521,-5.575,NaN,NaN,NaN,NaN,NaN
544.45,-4.4693,-1.7374,1.7713,-0.79606,1.2211,-6.6328,-2.6715,-11.006,-5.663,0,0,0,NaN,NaN,NaN,NaN,NaN,NaN,NaN,NaN,NaN,47.826,0,2266.8,0.0064211,NaN,NaN,NaN,NaN,11.29,97102,10.188,-0.54787,0.235,-6.5359,-3.5443,-12.508,-5.5652,NaN,NaN,NaN,NaN,NaN
544.45,-4.4756,-1.7701,1.7598,-0.47875,-0.83596,-4.6879,-3.1038,-12.758,-5.728,0.50092,0.082537,-1.0356,NaN,NaN,NaN,NaN,NaN,NaN,NaN,NaN,NaN,47.826,0,2266.8,0.0064211,NaN,NaN,NaN,NaN,NaN,-1,-1,-0.54961,0.22959,-6.5301,-3.5994,-12.442,-5.5467,NaN,NaN,NaN,NaN,NaN
544.46,-4.4896,-1.8366,1.7384,-0.62124,-0.78306,-7.8212,-3.1666,-11.317,-5.5543,0,0,0,NaN,NaN,NaN,NaN,NaN,NaN,NaN,NaN,NaN,47.826,0,2266.8,0.0064211,0.98166,2.8197,0.72357,0.044118,11.329,97141,10.375,-0.54779,0.21327,-6.5427,-3.6198,-12.369,-5.5463,NaN,NaN,NaN,NaN,NaN
544.46,-4.4963,-1.8653,1.7277,-0.33169,-0.96359,-6.164,-3.291,-11.201,-5.3508,0,0,0,NaN,NaN,NaN,NaN,NaN,NaN,NaN,NaN,NaN,47.826,0,2266.8,0.0064211,NaN,NaN,NaN,NaN,NaN,-1,-1,-0.54507,0.19892,-6.5469,-3.6264,-12.375,-5.5286,NaN,NaN,NaN,NaN,NaN
544.46,-4.5049,-1.9001,1.7172,-0.055842,0.3591,-6.1995,-4.0691,-13.652,-5.3686,0.5054,0.092583,-1.0262,NaN,NaN,NaN,NaN,NaN,NaN,NaN,NaN,NaN,47.826,0,2266.8,0.0064211,NaN,NaN,NaN,NaN,NaN,-1,-1,-0.54277,0.20699,-6.5511,-3.6309,-12.435,-5.5089,NaN,NaN,NaN,NaN,NaN
544.46,-4.5147,-1.9334,1.7073,-0.74266,0.65994,-7.219,-4.5456,-13.07,-5.2003,0,0,0,NaN,NaN,NaN,NaN,NaN,NaN,NaN,NaN,NaN,47.826,0,2248.2,0.0069644,NaN,NaN,NaN,NaN,11.428,97109,10.188,-0.5474,0.21387,-6.5525,-3.6375,-12.377,-5.5116,NaN,NaN,NaN,NaN,NaN
544.47,-4.5248,-1.9614,1.6964,-0.92615,0.76716,-7.6439,-4.6333,-10.936,-5.3694,0,0,0,NaN,NaN,NaN,NaN,NaN,NaN,NaN,NaN,NaN,47.826,0,2248.2,0.0069644,NaN,NaN,NaN,NaN,NaN,-1,-1,-0.55551,0.2323,-6.5573,-3.6904,-12.44,-5.5076,NaN,NaN,NaN,NaN,NaN
544.47,-4.5324,-1.9935,1.6859,-0.74084,1.7059,-5.2856,-3.689,-12.563,-5.3958,0,0,0,NaN,NaN,NaN,NaN,NaN,NaN,NaN,NaN,NaN,47.826,0,2248.2,0.0069644,0.97783,2.9438,0.64994,NaN,NaN,-1,-1,-0.55528,0.23737,-6.5518,-3.7217,-12.497,-5.5084,NaN,NaN,NaN,NaN,NaN
544.47,-4.5386,-2.0275,1.6747,-0.7793,0.037432,-6.1214,-3.0906,-13.298,-5.6961,0.49614,0.090064,-1.0315,NaN,NaN,NaN,NaN,NaN,NaN,NaN,NaN,NaN,47.826,0,2248.2,0.0069644,NaN,NaN,NaN,0.076582,11.393,97113,10.188,-0.55348,0.22765,-6.5537,-3.745,-12.472,-5.5089,NaN,NaN,NaN,NaN,NaN
544.47,-4.546,-2.0603,1.6637,-0.1684,-0.95371,-6.7791,-3.5872,-12.849,-5.5919,0,0,0,NaN,NaN,NaN,NaN,NaN,NaN,NaN,NaN,NaN,47.826,0,2248.2,0.0069644,NaN,NaN,NaN,NaN,NaN,-1,-1,-0.55578,0.2214,-6.5575,-3.7379,-12.423,-5.5075,NaN,NaN,NaN,NaN,NaN
544.48,-4.5536,-2.0948,1.6533,-0.6867,0.19407,-7.5697,-3.683,-13.516,-5.3993,0,0,0,NaN,NaN,NaN,NaN,NaN,NaN,NaN,NaN,NaN,47.826,0,2248.2,0.0069644,NaN,NaN,NaN,NaN,11.291,97075,10.125,-0.55222,0.20399,-6.5642,-3.7287,-12.568,-5.5106,NaN,NaN,NaN,NaN,NaN
544.48,-4.5611,-2.1237,1.6425,-0.60355,-0.20249,-6.5019,-3.6367,-11.311,-5.4256,0,0,0,NaN,NaN,NaN,NaN,NaN,NaN,NaN,NaN,NaN,47.826,0,2248.2,0.0069644,NaN,NaN,NaN,NaN,NaN,-1,-1,-0.5494,0.20836,-6.5634,-3.7152,-12.461,-5.51,NaN,NaN,NaN,NaN,NaN
544.48,-4.5692,-2.1563,1.6314,-0.40397,-0.43672,-6.2093,-3.8734,-12.752,-5.5522,0.50998,0.087704,-1.0258,NaN,NaN,NaN,NaN,NaN,NaN,NaN,NaN,NaN,47.826,0,2248.2,0.0069644,NaN,NaN,NaN,NaN,NaN,-1,-1,-0.5466,0.21451,-6.5573,-3.8448,-12.79,-5.6523,NaN,NaN,NaN,NaN,NaN
544.48,-4.5781,-2.1917,1.6204,-0.51477,1.1616,-7.3603,-4.21,-13.878,-5.6962,0,0,0,NaN,NaN,NaN,NaN,NaN,NaN,NaN,NaN,NaN,47.826,0,2248.2,0.0069644,0.96852,2.9438,0.63473,0.09656,11.635,97099,10.188,-0.55063,0.22867,-6.5556,-3.8317,-12.732,-5.6099,NaN,NaN,NaN,NaN,NaN
544.49,-4.5854,-2.2214,1.6088,-0.99706,1.6188,-6.897,-3.5565,-11.55,-5.7371,0,0,0,NaN,NaN,NaN,NaN,NaN,NaN,NaN,NaN,NaN,47.826,0,2248.2,0.0069644,NaN,NaN,NaN,NaN,NaN,-1,-1,-0.54454,0.21013,-6.5408,-3.8403,-12.718,-5.5569,NaN,NaN,NaN,NaN,NaN
544.49,-4.5912,-2.2511,1.5973,-0.44172,-0.54651,-5.32,-2.9736,-11.599,-5.7092,0,0,0,NaN,NaN,NaN,NaN,NaN,NaN,NaN,NaN,NaN,47.826,0,2248.2,0.0069644,NaN,NaN,NaN,NaN,NaN,-1,-1,-0.54444,0.19454,-6.5377,-3.8797,-12.567,-5.4909,NaN,NaN,NaN,NaN,NaN
544.49,-4.5997,-2.2875,1.5864,-0.50719,-0.32422,-6.0392,-4.065,-14.273,-5.6219,0.5054,0.092583,-1.0262,NaN,NaN,NaN,NaN,NaN,NaN,NaN,NaN,NaN,47.826,0,2248.2,0.0069644,NaN,NaN,NaN,NaN,11.288,97093,10.125,-0.53832,0.19699,-6.5572,-3.9891,-12.829,-5.6065,NaN,NaN,NaN,NaN,NaN
544.49,-4.6068,-2.3207,1.5756,-0.45522,0.059134,-7.8873,-3.4899,-12.969,-5.5498,0,0,0,NaN,NaN,NaN,NaN,NaN,NaN,NaN,NaN,NaN,47.826,0,2248.2,0.0069644,NaN,NaN,NaN,NaN,NaN,-1,-1,-0.53759,0.18331,-6.5534,-3.9305,-12.682,-5.5165,NaN,NaN,NaN,NaN,NaN
544.5,-4.6143,-2.3489,1.564,-0.14596,-0.97578,-7.3138,-3.6484,-11.003,-5.6902,0,0,0,NaN,NaN,NaN,NaN,NaN,NaN,NaN,NaN,NaN,47.826,0,2248.2,0.0069644,NaN,NaN,NaN,NaN,11.466,97131,10.313,-0.53772,0.19293,-6.5423,-3.8821,-12.618,-5.4244,NaN,NaN,NaN,NaN,NaN
544.5,-4.6234,-2.3795,1.5538,-0.20264,-0.4268,-5.0456,-4.2995,-11.964,-5.2406,0,0,0,NaN,NaN,NaN,NaN,NaN,NaN,NaN,NaN,NaN,47.826,0,2248.2,0.0069644,0.97783,2.8233,0.71627,0.034129,NaN,-1,-1,-0.54171,0.20729,-6.5474,-3.8423,-12.45,-5.3622,NaN,NaN,NaN,NaN,NaN
544.5,-4.6334,-2.4152,1.5451,-0.44995,0.92733,-7.4082,-4.6392,-14.08,-4.7349,0.51235,0.092607,-1.0234,NaN,NaN,NaN,NaN,NaN,NaN,NaN,NaN,NaN,47.826,0,2248.2,0.0069644,NaN,NaN,NaN,NaN,NaN,-1,-1,-0.54552,0.21603,-6.5431,-3.8385,-12.296,-5.2803,NaN,NaN,NaN,NaN,NaN
544.5,-4.6435,-2.4445,1.5347,-1.0068,0.82601,-7.7917,-4.6769,-11.431,-5.251,0,0,0,NaN,NaN,NaN,NaN,NaN,NaN,NaN,NaN,NaN,47.826,0,2248.2,0.0069644,NaN,NaN,NaN,NaN,11.432,97103,10.25,-0.5466,0.22038,-6.5464,-3.8455,-12.218,-5.2294,NaN,NaN,NaN,NaN,NaN
544.51,-4.6512,-2.4736,1.5251,-0.70083,1.3453,-5.9841,-3.7141,-11.399,-4.9251,0,0,0,NaN,NaN,NaN,NaN,NaN,NaN,NaN,NaN,NaN,47.826,0,2248.2,0.0069644,NaN,NaN,NaN,NaN,NaN,-1,-1,-0.55036,0.21964,-6.5291,-3.8321,-12.089,-5.1586,NaN,NaN,NaN,NaN,NaN
544.51,-4.6647,-2.5402,1.5046,-0.3606,-0.79201,-6.2672,-3.4298,-13.366,-5.2843,0.51242,0.095014,-1.0234,4.9571,12.288,-1.2134,13.306,40.058,-88.549,3.6787e+05,4.4354e+06,311.83,47.826,0,2248.2,0.0069644,0.96743,2.8197,0.72662,0.049945,11.462,97090,10.125,-0.54159,0.19254,-6.523,-3.7839,-11.932,-5.1054,12.456,4.5636,1.0366,4.7574,20.059
544.51,-4.6723,-2.5723,1.4948,-0.52931,-0.22253,-7.845,-3.6933,-12.576,-5.1219,0,0,0,NaN,NaN,NaN,NaN,NaN,NaN,NaN,NaN,NaN,47.826,0,2248.2,0.0069644,NaN,NaN,NaN,NaN,NaN,-1,-1,-0.53855,0.18481,-6.5371,-3.7459,-11.868,-5.0585,NaN,NaN,NaN,NaN,NaN
544.51,-4.68,-2.6031,1.4832,-0.70789,-0.10766,-6.4876,-3.7766,-11.991,-5.8067,0,0,0,NaN,NaN,NaN,NaN,NaN,NaN,NaN,NaN,NaN,47.826,0,2248.2,0.0069644,NaN,NaN,NaN,NaN,NaN,-1,-1,-0.54459,0.19056,-6.5489,-3.696,-11.721,-5.0227,NaN,NaN,NaN,NaN,NaN
544.52,-4.6968,-2.6653,1.4616,-0.55523,0.55022,-6.3131,-4.1337,-12.11,-5.5611,0.52436,0.089796,-1.0268,NaN,NaN,NaN,NaN,NaN,NaN,NaN,NaN,NaN,47.826,0,2248.2,0.0069644,NaN,NaN,NaN,NaN,11.221,97099,10.188,-0.53596,0.18195,-6.5269,-3.6384,-11.558,-4.98,NaN,NaN,NaN,NaN,NaN
544.52,-4.705,-2.6979,1.4516,-0.72751,1.6748,-6.9035,-3.946,-12.747,-5.2157,0,0,0,NaN,NaN,NaN,NaN,NaN,NaN,NaN,NaN,NaN,47.826,0,2248.2,0.0069644,NaN,NaN,NaN,NaN,NaN,-1,-1,-0.53094,0.18406,-6.4575,-3.622,-11.537,-4.928,NaN,NaN,NaN,NaN,NaN
544.52,-4.7119,-2.7282,1.441,-0.70597,0.44283,-6.7173,-3.4414,-11.832,-5.4226,0,0,0,NaN,NaN,NaN,NaN,NaN,NaN,NaN,NaN,NaN,47.826,0,2248.2,0.0069644,0.97564,2.9325,0.63473,0.086571,NaN,-1,-1,-0.53285,0.19155,-6.4601,-3.6672,-11.469,-4.865,NaN,NaN,NaN,NaN,NaN
544.52,-4.7206,-2.7598,1.4306,-0.65617,-0.73222,-5.4851,-4.1588,-12.375,-5.3389,0,0,0,NaN,NaN,NaN,NaN,NaN,NaN,NaN,NaN,NaN,47.826,0,2248.2,0.0069644,0.97564,2.9325,0.63473,0.086571,11.428,97089,10.125,-0.53284,0.1933,-6.4724,-3.7244,-11.313,-4.8076,NaN,NaN,NaN,NaN,NaN
544.53,-4.7282,-2.7959,1.4205,-0.22116,0.039138,-7.2633,-3.6998,-14.167,-5.3233,0.51241,0.090079,-1.0256,NaN,NaN,NaN,NaN,NaN,NaN,NaN,NaN,NaN,47.826,0,2248.2,0.0069644,NaN,NaN,NaN,NaN,NaN,-1,-1,-0.53265,0.18197,-6.469,-3.741,-11.23,-4.7539,NaN,NaN,NaN,NaN,NaN
544.53,-4.7366,-2.8265,1.4105,-0.33048,-0.77559,-7.2722,-4.0267,-11.97,-5.1615,0,0,0,NaN,NaN,NaN,NaN,NaN,NaN,NaN,NaN,NaN,47.826,0,2248.2,0.0069644,NaN,NaN,NaN,NaN,NaN,-1,-1,-0.53078,0.18939,-6.4878,-3.7317,-11.203,-4.7288,NaN,NaN,NaN,NaN,NaN
544.53,-4.7458,-2.8535,1.4008,-0.29243,-0.62606,-6.3815,-4.3626,-10.545,-4.9211,0,0,0,NaN,NaN,NaN,NaN,NaN,NaN,NaN,NaN,NaN,47.826,0,2248.2,0.0069644,NaN,NaN,NaN,NaN,11.363,97107,10.25,-0.52703,0.18396,-6.4262,-3.7352,-11.196,-4.7041,NaN,NaN,NaN,NaN,NaN
544.53,-4.7555,-2.8891,1.3916,-0.41442,0.56844,-6.876,-4.5324,-13.969,-4.997,0,0,0,NaN,NaN,NaN,NaN,NaN,NaN,NaN,NaN,NaN,47.826,0,2248.2,0.0069644,0.96195,2.9331,0.63168,NaN,NaN,-1,-1,-0.52597,0.17452,-6.4302,-3.7367,-11.168,-4.6796,NaN,NaN,NaN,NaN,NaN
544.54,0,0,0,0,0,0,0,0,0,0,0,0,NaN,NaN,NaN,NaN,NaN,NaN,NaN,NaN,NaN,47.826,0,2248.2,0.0069644,NaN,NaN,NaN,0.090733,11.6,97084,10.125,-0.52747,0.18761,-6.4315,-3.752,-11.142,-4.6531,NaN,NaN,NaN,NaN,NaN
544.54,-4.7655,-2.9216,1.3826,-0.82759,0.76745,-6.6892,-4.652,-12.781,-4.7946,0.52634,0.095061,-1.0177,NaN,NaN,NaN,NaN,NaN,NaN,NaN,NaN,NaN,47.826,0,2248.2,0.0069644,NaN,NaN,NaN,NaN,NaN,-1,-1,-0.53072,0.19365,-6.4334,-3.7812,-11.125,-4.6426,NaN,NaN,NaN,NaN,NaN
544.54,-4.7753,-2.9497,1.3727,-0.60121,1.167,-7.2567,-4.6222,-10.994,-5.0263,0,0,0,NaN,NaN,NaN,NaN,NaN,NaN,NaN,NaN,NaN,47.826,0,2248.2,0.0069644,NaN,NaN,NaN,NaN,NaN,-1,-1,-0.53212,0.19679,-6.4358,-3.8136,-11.104,-4.6454,NaN,NaN,NaN,NaN,NaN
544.54,-4.7966,-3.0469,1.3413,-0.23519,-0.69078,-7.1057,-3.6654,-12.857,-5.3817,0.54043,0.087525,-1.0186,NaN,NaN,NaN,NaN,NaN,NaN,NaN,NaN,NaN,47.826,0,2248.2,0.0069644,NaN,NaN,NaN,NaN,11.328,97108,10.25,-0.53396,0.18383,-6.4322,-3.824,-11.108,-4.6543,NaN,NaN,NaN,NaN,NaN
544.55,0,0,0,0,0,0,0,0,0,0,0,0,NaN,NaN,NaN,NaN,NaN,NaN,NaN,NaN,NaN,47.826,0,2248.2,0.0069644,NaN,NaN,NaN,NaN,NaN,-1,-1,-0.526,0.15603,-6.4356,-3.8115,-11.095,-4.6793,NaN,NaN,NaN,NaN,NaN
544.55,-4.8052,-3.0797,1.3308,-0.84479,-0.093496,-7.1084,-4.1416,-12.84,-5.4438,0,0,0,NaN,NaN,NaN,NaN,NaN,NaN,NaN,NaN,NaN,47.826,0,2248.2,0.0069644,NaN,NaN,NaN,NaN,NaN,-1,-1,-0.52136,0.15305,-6.4533,-3.8237,-11.156,-4.7092,NaN,NaN,NaN,NaN,NaN
544.55,-4.8145,-3.1094,1.3202,-0.45206,-0.072145,-7.2531,-4.4222,-11.575,-5.3763,0,0,0,NaN,NaN,NaN,NaN,NaN,NaN,NaN,NaN,NaN,47.826,0,2248.2,0.0069644,NaN,NaN,NaN,NaN,11.295,97136,10.375,-0.52886,0.15213,-6.4635,-3.8283,-11.23,-4.7414,NaN,NaN,NaN,NaN,NaN
544.55,-4.8341,-3.1741,1.2995,-0.59039,1.3204,-7.1148,-4.5008,-12.749,-5.1122,0.5284,0.075531,-1.0219,NaN,NaN,NaN,NaN,NaN,NaN,NaN,NaN,NaN,47.826,0,2248.2,0.0069644,NaN,NaN,NaN,NaN,NaN,-1,-1,-0.52225,0.14543,-6.4439,-3.8601,-11.189,-4.7805,NaN,NaN,NaN,NaN,NaN
544.56,-4.8416,-3.2039,1.2892,-0.9884,1.1687,-6.6698,-3.7023,-11.659,-5.2954,0,0,0,NaN,NaN,NaN,NaN,NaN,NaN,NaN,NaN,NaN,47.826,0,2248.2,0.0069644,NaN,NaN,NaN,NaN,11.252,97078,10.063,-0.51923,0.15493,-6.434,-3.9211,-11.248,-4.7998,NaN,NaN,NaN,NaN,NaN
544.56,-4.8496,-3.2351,1.2794,-0.54939,-0.69118,-5.6196,-3.8837,-12.195,-5.1458,0,0,0,NaN,NaN,NaN,NaN,NaN,NaN,NaN,NaN,NaN,47.826,0,2248.2,0.0069644,NaN,NaN,NaN,NaN,NaN,-1,-1,-0.52675,0.16799,-6.4993,-4.0089,-11.354,-4.8061,NaN,NaN,NaN,NaN,NaN
544.56,-4.8588,-3.2688,1.2692,-0.22975,-0.23164,-6.7282,-4.3865,-13.198,-5.3465,0,0,0,NaN,NaN,NaN,NaN,NaN,NaN,NaN,NaN,NaN,47.826,0,2248.2,0.0069644,NaN,NaN,NaN,NaN,NaN,-1,-1,-0.5292,0.16025,-6.5126,-4.0892,-11.337,-4.8298,NaN,NaN,NaN,NaN,NaN
544.56,-4.9559,-3.3534,1.357,-0.42252,-0.57135,-7.2752,-4.2746,-12.394,-5.1701,0.52843,0.090336,-1.0152,NaN,NaN,NaN,NaN,NaN,NaN,NaN,NaN,NaN,47.826,0,2248.2,0.0069644,0.98166,2.9516,0.65663,0.074917,11.466,97131,10.313,-0.52732,0.13827,-6.499,-4.1264,-11.409,-4.8423,NaN,NaN,NaN,NaN,NaN
544.57,-4.965,-3.3827,1.3469,-0.44059,-0.43245,-7.3126,-4.3282,-11.408,-5.1917,0,0,0,NaN,NaN,NaN,NaN,NaN,NaN,NaN,NaN,NaN,47.826,0,2248.2,0.0069644,NaN,NaN,NaN,NaN,NaN,-1,-1,-0.52663,0.12626,-6.507,-4.1404,-11.581,-4.8646,NaN,NaN,NaN,NaN,NaN
544.57,-4.9752,-3.4145,1.3382,-0.16897,0.062794,-5.8346,-4.7732,-12.486,-4.7812,0,0,0,NaN,NaN,NaN,NaN,NaN,NaN,NaN,NaN,NaN,47.826,0,2248.2,0.0069644,NaN,NaN,NaN,NaN,NaN,-1,-1,-0.53022,0.1225,-6.57,-4.1724,-11.61,-4.8856,NaN,NaN,NaN,NaN,NaN
544.57,-4.9867,-3.4475,1.3294,-0.62216,0.75629,-6.8507,-5.2634,-12.918,-4.8034,0,0,0,NaN,NaN,NaN,NaN,NaN,NaN,NaN,NaN,NaN,47.826,0,2248.2,0.0069644,NaN,NaN,NaN,NaN,11.15,97099,10.188,-0.53004,0.13961,-6.5778,-4.2033,-11.696,-4.9438,NaN,NaN,NaN,NaN,NaN
544.57,-4.9975,-3.4763,1.319,-0.938,1.0682,-7.7481,-5.056,-11.262,-5.1391,0.53515,0.073268,-1.0169,NaN,NaN,NaN,NaN,NaN,NaN,NaN,NaN,NaN,47.63,0,2231.1,0.0075089,0.96688,2.9397,0.63351,0.083241,11.431,97133,10.313,-0.53555,0.14899,-6.5785,-4.2647,-11.87,-4.9945,NaN,NaN,NaN,NaN,NaN
544.58,-5.0055,-3.5081,1.3087,-1.0738,1.2132,-5.5903,-3.9194,-12.425,-5.3932,0,0,0,NaN,NaN,NaN,NaN,NaN,NaN,NaN,NaN,NaN,47.63,0,2231.1,0.0075089,NaN,NaN,NaN,NaN,NaN,-1,-1,-0.53747,0.15596,-6.593,-4.3082,-11.931,-5.0302,NaN,NaN,NaN,NaN,NaN
544.58,-5.0132,-3.5418,1.2982,-0.33895,0.2191,-6.1736,-3.8076,-13.159,-5.5275,0,0,0,NaN,NaN,NaN,NaN,NaN,NaN,NaN,NaN,NaN,47.63,0,2231.1,0.0075089,NaN,NaN,NaN,NaN,NaN,-1,-1,-0.53896,0.15505,-6.5853,-4.3193,-11.986,-5.0831,NaN,NaN,NaN,NaN,NaN
544.58,-5.0217,-3.5747,1.2874,-0.36628,-0.8508,-6.5846,-4.1706,-12.836,-5.6222,0,0,0,NaN,NaN,NaN,NaN,NaN,NaN,NaN,NaN,NaN,47.63,0,2231.1,0.0075089,NaN,NaN,NaN,NaN,NaN,-1,-1,-0.53844,0.14922,-6.5931,-4.3464,-12.187,-5.1412,NaN,NaN,NaN,NaN,NaN
544.58,-5.0307,-3.6061,1.277,-0.76929,-0.18092,-7.9127,-4.3273,-12.259,-5.2565,0.53558,0.087711,-1.0168,NaN,NaN,NaN,NaN,NaN,NaN,NaN,NaN,NaN,47.63,0,2231.1,0.0075089,NaN,NaN,NaN,NaN,11.601,97121,10.25,-0.54071,0.1478,-6.6143,-4.3426,-12.378,-5.2056,NaN,NaN,NaN,NaN,NaN
544.59,-5.04,-3.6356,1.2666,-0.37629,-0.03092,-6.5166,-4.425,-11.503,-5.3111,0,0,0,NaN,NaN,NaN,NaN,NaN,NaN,NaN,NaN,NaN,47.63,0,2231.1,0.0075089,NaN,NaN,NaN,NaN,NaN,-1,-1,-0.5382,0.14564,-6.6128,-4.3435,-12.473,-5.2727,NaN,NaN,NaN,NaN,NaN
544.59,-5.0593,-3.7018,1.2469,-0.69454,0.66477,-8.042,-4.6602,-13.198,-5.2606,0,0,0,NaN,NaN,NaN,NaN,NaN,NaN,NaN,NaN,NaN,47.63,0,2231.1,0.0075089,NaN,NaN,NaN,NaN,NaN,-1,-1,-0.53593,0.14624,-6.6097,-4.3732,-12.593,-5.3272,NaN,NaN,NaN,NaN,NaN
544.59,-5.0679,-3.7305,1.2359,-0.92837,1.5029,-6.1765,-4.2581,-11.131,-5.4962,0.54239,0.08292,-1.014,NaN,NaN,NaN,NaN,NaN,NaN,NaN,NaN,NaN,47.63,0,2231.1,0.0075089,NaN,NaN,NaN,NaN,11.256,97099,10.188,-0.5395,0.15515,-6.6138,-4.4267,-12.83,-5.3758,NaN,NaN,NaN,NaN,NaN
544.59,-5.0763,-3.762,1.2258,-0.37156,0.022713,-5.9784,-4.09,-12.324,-5.3153,0,0,0,NaN,NaN,NaN,NaN,NaN,NaN,NaN,NaN,NaN,47.63,0,2231.1,0.0075089,NaN,NaN,NaN,NaN,11.362,97113,10.25,-0.54054,0.15771,-6.6198,-4.3467,-12.562,-5.2437,NaN,NaN,NaN,NaN,NaN
544.6,-5.0856,-3.7983,1.2163,-0.70998,-0.42359,-6.474,-4.4144,-14.208,-5.2369,0,0,0,NaN,NaN,NaN,NaN,NaN,NaN,NaN,NaN,NaN,47.63,0,2231.1,0.0075089,NaN,NaN,NaN,NaN,NaN,-1,-1,-0.53949,0.15479,-6.6224,-4.3847,-12.628,-5.2472,NaN,NaN,NaN,NaN,NaN
544.6,-5.095,-3.828,1.2061,-0.40616,-0.24238,-7.329,-4.517,-11.577,-5.2913,0,0,0,NaN,NaN,NaN,NaN,NaN,NaN,NaN,NaN,NaN,47.63,0,2231.1,0.0075089,0.96743,2.812,0.71201,NaN,NaN,-1,-1,-0.53859,0.14516,-6.6193,-4.4104,-12.628,-5.2452,NaN,NaN,NaN,NaN,NaN
544.6,-5.1047,-3.8589,1.1967,-0.089824,-0.81627,-6.7929,-4.5847,-12.077,-4.9588,0.53551,0.090238,-1.0146,NaN,NaN,NaN,NaN,NaN,NaN,NaN,NaN,NaN,47.63,0,2231.1,0.0075089,NaN,NaN,NaN,0.054939,NaN,-1,-1,-0.53871,0.14989,-6.6141,-4.4081,-12.786,-5.2665,NaN,NaN,NaN,NaN,NaN
544.6,-5.1154,-3.8919,1.1879,-0.3906,-0.16255,-6.166,-5.005,-12.949,-4.8401,0,0,0,NaN,NaN,NaN,NaN,NaN,NaN,NaN,NaN,NaN,47.63,0,2231.1,0.0075089,NaN,NaN,NaN,NaN,11.326,97099,10.188,-0.54076,0.15837,-6.6195,-4.2614,-12.4,-5.0835,NaN,NaN,NaN,NaN,NaN
544.61,-5.1365,-3.9521,1.1702,-0.77032,0.9311,-5.9503,-4.7902,-11.747,-4.7873,0,0,0,NaN,NaN,NaN,NaN,NaN,NaN,NaN,NaN,NaN,47.63,0,2231.1,0.0075089,NaN,NaN,NaN,NaN,NaN,-1,-1,-0.53952,0.15333,-6.6379,-4.2301,-12.377,-5.0747,NaN,NaN,NaN,NaN,NaN
544.61,-5.1449,-3.9864,1.1615,-0.62492,1.2766,-6.7619,-4.1149,-13.479,-4.8206,0.54476,0.087823,-1.0115,NaN,NaN,NaN,NaN,NaN,NaN,NaN,NaN,NaN,47.63,0,2231.1,0.0075089,NaN,NaN,NaN,NaN,NaN,-1,-1,-0.53706,0.14974,-6.6258,-4.2276,-12.399,-5.062,NaN,NaN,NaN,NaN,NaN
544.61,-5.1527,-4.0159,1.1518,-1.1729,0.7647,-6.5468,-3.8525,-11.488,-5.0711,0,0,0,NaN,NaN,NaN,NaN,NaN,NaN,NaN,NaN,NaN,47.63,0,2231.1,0.0075089,NaN,NaN,NaN,NaN,11.292,97091,10.188,-0.54108,0.14356,-6.6413,-4.2295,-12.398,-5.0477,NaN,NaN,NaN,NaN,NaN
544.61,-5.1593,-4.0479,1.1426,-0.23829,-0.38279,-5.7165,-3.3815,-12.532,-4.9734,0,0,0,NaN,NaN,NaN,NaN,NaN,NaN,NaN,NaN,NaN,47.63,0,2231.1,0.0075089,NaN,NaN,NaN,NaN,NaN,-1,-1,-0.53901,0.15475,-6.6464,-4.1819,-12.3,-5.0364,NaN,NaN,NaN,NaN,NaN
544.62,-5.1667,-4.0838,1.1338,-0.26533,-0.90991,-7.5445,-3.6703,-14.063,-4.9762,0,0,0,NaN,NaN,NaN,NaN,NaN,NaN,NaN,NaN,NaN,47.63,0,2231.1,0.0075089,NaN,NaN,NaN,NaN,11.148,97092,10.125,-0.54263,0.17195,-6.6573,-4.1526,-12.327,-5.023,NaN,NaN,NaN,NaN,NaN
544.62,-5.1748,-4.1132,1.1242,-0.99834,0.046842,-7.2334,-3.9925,-11.505,-5.0194,0.5426,0.090141,-1.014,NaN,NaN,NaN,NaN,NaN,NaN,NaN,NaN,NaN,47.63,0,2231.1,0.0075089,NaN,NaN,NaN,NaN,NaN,-1,-1,-0.54047,0.15944,-6.6367,-4.1332,-12.367,-5.0103,NaN,NaN,NaN,NaN,NaN
544.62,-5.1838,-4.1401,1.1141,-0.21888,-0.004972,-6.6502,-4.3332,-10.431,-5.1456,0,0,0,NaN,NaN,NaN,NaN,NaN,NaN,NaN,NaN,NaN,47.63,0,2231.1,0.0075089,NaN,NaN,NaN,NaN,NaN,-1,-1,-0.53536,0.16228,-6.6432,-4.081,-12.35,-4.9989,NaN,NaN,NaN,NaN,NaN
544.62,-5.1919,-4.1764,1.105,-0.50882,0.27415,-5.7795,-3.9822,-14.257,-5.1172,0,0,0,NaN,NaN,NaN,NaN,NaN,NaN,NaN,NaN,NaN,47.63,0,2231.1,0.0075089,NaN,NaN,NaN,NaN,11.187,97134,10.313,-0.54391,0.16898,-6.6546,-4.0476,-12.322,-4.9868,NaN,NaN,NaN,NaN,NaN
544.63,-5.2001,-4.2081,1.0962,-0.83639,1.2857,-7.9734,-4.019,-12.421,-4.7994,0,0,0,NaN,NaN,NaN,NaN,NaN,NaN,NaN,NaN,NaN,47.63,0,2231.1,0.0075089,0.97783,2.8323,0.71566,0.040788,NaN,-1,-1,-0.54185,0.16054,-6.653,-4.0433,-12.289,-4.9464,NaN,NaN,NaN,NaN,NaN
544.63,-5.2066,-4.2334,1.0864,-0.77885,1.0083,-5.9562,-3.3649,-9.8069,-4.9265,0.54719,0.085263,-1.0136,NaN,NaN,NaN,NaN,NaN,NaN,NaN,NaN,NaN,47.63,0,2231.1,0.0075089,NaN,NaN,NaN,NaN,NaN,-1,-1,-0.53798,0.15537,-6.6406,-4.0783,-12.304,-4.9033,NaN,NaN,NaN,NaN,NaN
544.63,-5.2137,-4.2691,1.0771,-0.46629,-0.7367,-5.2058,-3.5865,-14.008,-5.1602,0,0,0,NaN,NaN,NaN,NaN,NaN,NaN,NaN,NaN,NaN,47.63,0,2231.1,0.0075089,NaN,NaN,NaN,NaN,11.22,97104,10.188,-0.54257,0.17043,-6.6561,-4.112,-12.252,-4.8704,NaN,NaN,NaN,NaN,NaN
544.63,-5.2216,-4.3044,1.0682,-0.6444,-0.18339,-8.2926,-3.917,-13.818,-4.9737,0,0,0,NaN,NaN,NaN,NaN,NaN,NaN,NaN,NaN,NaN,47.63,0,2231.1,0.0075089,NaN,NaN,NaN,NaN,NaN,-1,-1,-0.54435,0.17498,-6.6705,-4.0803,-12.188,-4.8465,NaN,NaN,NaN,NaN,NaN
544.64,-5.23,-4.3302,1.0589,-0.17756,-0.59933,-6.8006,-4.0976,-10.074,-4.8362,0,0,0,NaN,NaN,NaN,NaN,NaN,NaN,NaN,NaN,NaN,47.63,0,2231.1,0.0075089,1.032,2.843,0.70775,0.016648,11.396,97115,10.25,-0.54308,0.17936,-6.6643,-4.0393,-12.232,-4.827,NaN,NaN,NaN,NaN,NaN
544.64,-5.2397,-4.3618,1.0502,-0.048722,-1.0188,-6.4076,-4.611,-12.372,-4.7,0.54719,0.090197,-1.0113,NaN,NaN,NaN,NaN,NaN,NaN,NaN,NaN,NaN,47.63,0,2231.1,0.0075089,1.032,2.843,0.70775,0.016648,NaN,-1,-1,-0.54744,0.18436,-6.6713,-4.0078,-12.256,-4.8199,NaN,NaN,NaN,NaN,NaN
544.64,-5.2502,-4.3963,1.0426,-0.63673,0.79348,-6.6359,-4.9096,-13.563,-4.4682,0,0,0,NaN,NaN,NaN,NaN,NaN,NaN,NaN,NaN,NaN,47.63,0,2231.1,0.0075089,NaN,2.843,NaN,NaN,NaN,-1,-1,-0.54914,0.18242,-6.6811,-3.9746,-12.21,-4.8058,NaN,NaN,NaN,NaN,NaN
544.64,-5.2597,-4.4256,1.0342,-0.71565,1.0912,-7.3753,-4.5569,-11.47,-4.5645,0,0,0,NaN,NaN,NaN,NaN,NaN,NaN,NaN,NaN,NaN,47.63,0,2231.1,0.0075089,NaN,NaN,NaN,NaN,11.463,97081,10.125,-0.54683,0.19251,-6.6589,-3.9626,-12.161,-4.792,NaN,NaN,NaN,NaN,NaN
544.65,-5.2683,-4.4548,1.0253,-0.74376,0.96421,-6.3463,-4.1612,-11.397,-4.7961,0,0,0,NaN,NaN,NaN,NaN,NaN,NaN,NaN,NaN,NaN,47.63,0,2231.1,0.0075089,NaN,NaN,NaN,NaN,NaN,-1,-1,-0.54959,0.20081,-6.6614,-3.9689,-12.219,-4.7808,NaN,NaN,NaN,NaN,NaN
544.65,-5.2814,-4.5175,1.0077,-0.49904,0.346,-6.677,-3.1152,-11.351,-4.6394,0,0,0,NaN,NaN,NaN,NaN,NaN,NaN,NaN,NaN,NaN,47.63,0,2231.1,0.0075089,1.0392,2.8478,0.70836,0.0058269,NaN,-1,-1,-0.55421,0.19556,-6.6671,-3.9549,-12.086,-4.7821,NaN,NaN,NaN,NaN,NaN
544.65,-5.2887,-4.5505,0.99923,-0.035874,-1.2472,-6.0847,-3.6814,-12.955,-4.7596,0,0,0,NaN,NaN,NaN,NaN,NaN,NaN,NaN,NaN,NaN,47.63,0,2231.1,0.0075089,NaN,2.8478,NaN,NaN,11.253,97114,10.188,-0.54898,0.19875,-6.6634,-3.9209,-12.071,-4.7833,NaN,NaN,NaN,NaN,NaN
544.65,-5.297,-4.5847,0.98991,-0.88449,-0.24893,-7.9757,-4.0811,-13.35,-5.1397,0,0,0,NaN,NaN,NaN,NaN,NaN,NaN,NaN,NaN,NaN,47.63,0,2231.1,0.0075089,NaN,NaN,NaN,NaN,NaN,-1,-1,-0.55267,0.2058,-6.6704,-3.8865,-12.116,-4.7877,NaN,NaN,NaN,NaN,NaN
544.66,-5.305,-4.6115,0.98052,-0.43304,0.073957,-6.5138,-3.9488,-10.435,-4.8626,0.55854,0.083056,-1.0058,NaN,NaN,NaN,NaN,NaN,NaN,NaN,NaN,NaN,47.63,0,2231.1,0.0075089,NaN,NaN,NaN,NaN,11.187,97112,10.25,-0.55572,0.19341,-6.6665,-3.857,-12.08,-4.7944,NaN,NaN,NaN,NaN,NaN
544.66,-5.3132,-4.6434,0.97112,-0.37003,0.017365,-6.1198,-4.0623,-12.458,-5.0837,0,0,0,NaN,NaN,NaN,NaN,NaN,NaN,NaN,NaN,NaN,47.63,0,2231.1,0.0075089,NaN,NaN,NaN,NaN,NaN,-1,-1,-0.54746,0.19553,-6.6626,-3.8404,-12.092,-4.7881,NaN,NaN,NaN,NaN,NaN
544.66,-5.322,-4.6772,0.96268,-0.68122,0.81282,-7.5528,-4.28,-13.261,-4.7802,0,0,0,NaN,NaN,NaN,NaN,NaN,NaN,NaN,NaN,NaN,47.63,0,2231.1,0.0075089,NaN,NaN,NaN,NaN,NaN,-1,-1,-0.55178,0.19336,-6.6669,-3.8851,-12.101,-4.7564,NaN,NaN,NaN,NaN,NaN
544.66,-5.3292,-4.7043,0.95344,-0.89323,1.5936,-6.4367,-3.6698,-10.571,-4.8543,0,0,0,NaN,NaN,NaN,NaN,NaN,NaN,NaN,NaN,NaN,47.63,0,2231.1,0.0075089,0.96688,2.9403,0.64081,NaN,11.499,97116,10.25,-0.55493,0.18787,-6.675,-3.9392,-12.096,-4.7352,NaN,NaN,NaN,NaN,NaN
544.67,-5.3362,-4.7355,0.94481,-0.48443,-0.26802,-5.6039,-3.5455,-12.202,-4.6179,0.55868,0.08787,-1.0058,NaN,NaN,NaN,NaN,NaN,NaN,NaN,NaN,NaN,47.63,0,2231.1,0.0075089,NaN,NaN,NaN,0.086571,NaN,-1,-1,-0.55379,0.18193,-6.6724,-3.9552,-12.099,-4.7207,NaN,NaN,NaN,NaN,NaN
544.67,-5.3447,-4.7715,0.9369,-0.73807,-0.68634,-7.0754,-4.1354,-14.164,-4.6612,0,0,0,NaN,NaN,NaN,NaN,NaN,NaN,NaN,NaN,NaN,47.63,0,2231.1,0.0075089,NaN,NaN,NaN,NaN,NaN,-1,-1,-0.55345,0.19175,-6.6694,-3.9454,-12.035,-4.7186,NaN,NaN,NaN,NaN,NaN
544.67,-5.3519,-4.7995,0.92855,-0.17704,0.17077,-7.417,-3.6226,-10.959,-4.5328,0,0,0,NaN,NaN,NaN,NaN,NaN,NaN,NaN,NaN,NaN,47.63,0,2231.1,0.0075089,NaN,NaN,NaN,NaN,11.735,97105,10.188,-0.55677,0.18837,-6.6538,-3.9109,-12.118,-4.7024,NaN,NaN,NaN,NaN,NaN
544.67,-5.3592,-4.8288,0.91995,-0.16506,-1.1143,-6.9943,-3.7073,-11.426,-4.6753,0,0,0,NaN,NaN,NaN,NaN,NaN,NaN,NaN,NaN,NaN,47.63,0,2231.1,0.0075089,NaN,NaN,NaN,NaN,NaN,-1,-1,-0.56016,0.18766,-6.6443,-3.8756,-12.178,-4.6895,NaN,NaN,NaN,NaN,NaN
544.68,-5.3781,-4.8923,0.9039,-0.61615,1.1279,-7.667,-4.615,-12.352,-4.4255,0,0,0,NaN,NaN,NaN,NaN,NaN,NaN,NaN,NaN,NaN,47.63,0,2231.1,0.0075089,NaN,NaN,NaN,NaN,11.668,97105,10.188,-0.55911,0.19766,-6.6552,-3.8552,-12.094,-4.6866,NaN,NaN,NaN,NaN,NaN
544.68,-5.3867,-4.9217,0.89606,-0.67473,1.1195,-5.9739,-4.1902,-11.54,-4.3921,0,0,0,NaN,NaN,NaN,NaN,NaN,NaN,NaN,NaN,NaN,47.63,0,2231.1,0.0075089,NaN,NaN,NaN,NaN,NaN,-1,-1,-0.5586,0.18758,-6.6581,-3.8755,-12.079,-4.6892,NaN,NaN,NaN,NaN,NaN
544.68,-5.3944,-4.954,0.8876,-0.85966,0.83108,-7.098,-3.8165,-12.656,-4.7485,0,0,0,NaN,NaN,NaN,NaN,NaN,NaN,NaN,NaN,NaN,47.63,0,2231.1,0.0075089,NaN,NaN,NaN,NaN,NaN,-1,-1,-0.55913,0.18247,-6.6478,-3.8899,-12.165,-4.6861,NaN,NaN,NaN,NaN,NaN
544.68,-5.4003,-4.9841,0.87874,-1.1504,0.90944,-6.5889,-3.1875,-11.744,-4.7751,0.55389,0.090463,-1.004,NaN,NaN,NaN,NaN,NaN,NaN,NaN,NaN,NaN,47.64,0,2212.5,0.0075089,NaN,NaN,NaN,NaN,11.461,97095,10.125,-0.55887,0.18394,-6.6383,-3.8884,-12.13,-4.6806,NaN,NaN,NaN,NaN,NaN
544.69,-5.406,-5.0147,0.87006,0.011845,-0.45121,-5.8937,-3.0394,-11.973,-4.7735,0,0,0,NaN,NaN,NaN,NaN,NaN,NaN,NaN,NaN,NaN,47.64,0,2212.5,0.0075089,NaN,NaN,NaN,NaN,NaN,-1,-1,-0.55632,0.18037,-6.6483,-3.8644,-12.072,-4.6738,NaN,NaN,NaN,NaN,NaN
544.69,-5.4136,-5.0491,0.86169,-0.44658,-1.0646,-7.5512,-3.812,-13.482,-4.7918,0,0,0,NaN,NaN,NaN,NaN,NaN,NaN,NaN,NaN,NaN,47.64,0,2212.5,0.0075089,NaN,NaN,NaN,NaN,NaN,-1,-1,-0.56186,0.18942,-6.6566,-3.8382,-12.159,-4.6912,NaN,NaN,NaN,NaN,NaN
544.69,-5.4213,-5.0777,0.8525,-0.94739,0.19762,-6.9808,-3.8928,-11.148,-4.8988,0,0,0,NaN,NaN,NaN,NaN,NaN,NaN,NaN,NaN,NaN,47.64,0,2212.5,0.0075089,0.97345,2.9438,0.65237,0.074917,11.359,97087,10.125,-0.56456,0.18736,-6.6434,-3.7994,-12.224,-4.7044,NaN,NaN,NaN,NaN,NaN
544.69,-5.4292,-5.1068,0.84359,-0.23013,0.016074,-7.0047,-3.9326,-11.381,-4.746,0.55146,0.088088,-1.0042,NaN,NaN,NaN,NaN,NaN,NaN,NaN,NaN,NaN,47.64,0,2212.5,0.0075089,NaN,NaN,NaN,NaN,NaN,-1,-1,-0.55451,0.17647,-6.6292,-3.7799,-12.144,-4.7069,NaN,NaN,NaN,NaN,NaN
544.7,-5.4378,-5.1399,0.8354,-0.48217,0.33036,-5.8004,-4.1874,-12.945,-4.6716,0,0,0,NaN,NaN,NaN,NaN,NaN,NaN,NaN,NaN,NaN,47.64,0,2212.5,0.0075089,NaN,NaN,NaN,NaN,11.322,97080,10.063,-0.56212,0.18747,-6.6435,-3.7836,-12.168,-4.7006,NaN,NaN,NaN,NaN,NaN
544.7,-5.4451,-5.1713,0.82683,-1.0684,1.4993,-7.9974,-3.7052,-12.291,-4.7694,0,0,0,NaN,NaN,NaN,NaN,NaN,NaN,NaN,NaN,NaN,47.64,0,2212.5,0.0075089,NaN,NaN,NaN,NaN,NaN,-1,-1,-0.56418,0.19076,-6.6483,-3.823,-12.212,-4.6749,NaN,NaN,NaN,NaN,NaN
544.7,-5.4516,-5.1986,0.81803,-0.54919,0.94824,-5.807,-3.4063,-10.647,-4.7043,0,0,0,NaN,NaN,NaN,NaN,NaN,NaN,NaN,NaN,NaN,47.64,0,2212.5,0.0075089,NaN,NaN,NaN,NaN,NaN,-1,-1,-0.55929,0.18034,-6.6205,-3.8738,-12.219,-4.649,NaN,NaN,NaN,NaN,NaN
544.7,-5.4587,-5.2352,0.81006,-0.57675,-1.0736,-5.9976,-3.6022,-14.366,-4.6399,0.56099,0.0953,-1.0012,NaN,NaN,NaN,NaN,NaN,NaN,NaN,NaN,NaN,47.64,0,2212.5,0.0075089,0.96305,2.945,0.63351,0.083241,11.497,97106,10.188,-0.55997,0.18139,-6.6329,-3.9143,-12.204,-4.6308,NaN,NaN,NaN,NaN,NaN
544.71,-5.4669,-5.2661,0.80204,-0.57968,-0.02185,-8.1636,-4.0377,-12.118,-4.5322,0,0,0,NaN,NaN,NaN,NaN,NaN,NaN,NaN,NaN,NaN,47.64,0,2212.5,0.0075089,NaN,NaN,NaN,NaN,NaN,-1,-1,-0.56432,0.19757,-6.6562,-3.8993,-12.132,-4.6092,NaN,NaN,NaN,NaN,NaN
544.71,-5.4842,-5.3249,0.78643,-0.2018,-0.71619,-6.7025,-4.4974,-12.465,-4.3808,0,0,0,NaN,NaN,NaN,NaN,NaN,NaN,NaN,NaN,NaN,47.64,0,2212.5,0.0075089,NaN,NaN,NaN,NaN,NaN,-1,-1,-0.5604,0.1983,-6.6262,-3.8956,-12.177,-4.599,NaN,NaN,NaN,NaN,NaN
544.71,-5.4941,-5.3566,0.77882,-0.62497,0.55302,-6.7591,-4.7002,-12.452,-4.3729,0.54917,0.095462,-1.0022,NaN,NaN,NaN,NaN,NaN,NaN,NaN,NaN,NaN,47.64,0,2212.5,0.0075089,NaN,NaN,NaN,NaN,11.288,97113,10.188,-0.56358,0.20654,-6.6271,-3.8928,-12.279,-4.6034,NaN,NaN,NaN,NaN,NaN
544.71,-5.5038,-5.3856,0.77094,-0.70377,1.094,-7.0112,-4.6572,-11.357,-4.4182,0,0,0,NaN,NaN,NaN,NaN,NaN,NaN,NaN,NaN,NaN,47.64,0,2212.5,0.0075089,0.97619,2.9373,0.63594,0.090733,NaN,-1,-1,-0.567,0.20528,-6.6461,-4.0079,-12.572,-4.734,NaN,NaN,NaN,NaN,NaN
544.72,-5.5188,-5.4485,0.7537,-1.0039,0.96593,-6.8661,-3.4432,-12.322,-5.0836,0,0,0,NaN,NaN,NaN,NaN,NaN,NaN,NaN,NaN,NaN,47.64,0,2212.5,0.0075089,0.97619,2.9373,0.63594,0.090733,11.565,97087,10.125,-0.5634,0.2032,-6.6251,-3.966,-12.444,-4.7032,NaN,NaN,NaN,NaN,NaN
544.72,-5.5242,-5.4779,0.7448,-0.46447,0.046325,-6.2638,-2.9927,-11.482,-4.757,0.5585,0.10039,-0.99692,NaN,NaN,NaN,NaN,NaN,NaN,NaN,NaN,NaN,47.64,0,2212.5,0.0075089,NaN,NaN,NaN,NaN,NaN,-1,-1,-0.564,0.20857,-6.6221,-3.9674,-12.366,-4.6772,NaN,NaN,NaN,NaN,NaN
544.72,-5.5308,-5.5113,0.73696,-0.15696,-0.78887,-6.3937,-3.4172,-13.091,-4.5732,0,0,0,NaN,NaN,NaN,NaN,NaN,NaN,NaN,NaN,NaN,47.64,0,2212.5,0.0075089,NaN,NaN,NaN,NaN,NaN,-1,-1,-0.56378,0.20159,-6.6374,-3.9649,-12.319,-4.6479,NaN,NaN,NaN,NaN,NaN
544.72,-5.5387,-5.5455,0.72955,-0.79299,0.086002,-7.9883,-3.8891,-13.447,-4.4377,0,0,0,NaN,NaN,NaN,NaN,NaN,NaN,NaN,NaN,NaN,47.64,0,2212.5,0.0075089,NaN,NaN,NaN,NaN,11.321,97086,10.063,-0.56106,0.20749,-6.6379,-3.9307,-12.199,-4.6175,NaN,NaN,NaN,NaN,NaN
544.73,-5.5469,-5.571,0.7204,-0.60353,-0.44365,-7.0941,-4.1178,-9.8883,-4.7839,0,0,0,NaN,NaN,NaN,NaN,NaN,NaN,NaN,NaN,NaN,47.64,0,2212.5,0.0075089,NaN,NaN,NaN,NaN,NaN,-1,-1,-0.56729,0.21821,-6.634,-4.0272,-12.552,-4.7187,NaN,NaN,NaN,NaN,NaN
544.73,-5.5559,-5.602,0.71181,-0.16824,0.12538,-5.5776,-4.4197,-12.126,-4.7434,0.55869,0.09774,-1.0014,NaN,NaN,NaN,NaN,NaN,NaN,NaN,NaN,NaN,47.64,0,2212.5,0.0075089,0.95429,2.9248,0.62316,NaN,NaN,-1,-1,-0.56412,0.20707,-6.6235,-3.9597,-12.379,-4.6614,NaN,NaN,NaN,NaN,NaN
544.73,-5.565,-5.6382,0.70439,-0.8259,1.0807,-7.3414,-4.3807,-14.216,-4.5182,0,0,0,NaN,NaN,NaN,NaN,NaN,NaN,NaN,NaN,NaN,47.64,0,2212.5,0.0075089,NaN,NaN,NaN,0.11404,11.322,97101,10.125,-0.55966,0.20424,-6.6218,-3.8829,-12.174,-4.613,NaN,NaN,NaN,NaN,NaN
544.73,-5.5719,-5.6661,0.6962,-0.96039,1.2336,-6.8775,-3.5628,-10.919,-4.5079,0,0,0,NaN,NaN,NaN,NaN,NaN,NaN,NaN,NaN,NaN,47.64,0,2212.5,0.0075089,NaN,NaN,NaN,NaN,NaN,-1,-1,-0.56224,0.21186,-6.6295,-3.8623,-12.074,-4.5498,NaN,NaN,NaN,NaN,NaN
544.74,-5.5782,-5.6958,0.68764,-0.22291,-0.30268,-6.0995,-3.3326,-11.559,-4.7178,0,0,0,NaN,NaN,NaN,NaN,NaN,NaN,NaN,NaN,NaN,47.64,0,2212.5,0.0075089,NaN,NaN,NaN,NaN,11.391,97081,10.063,-0.56142,0.1994,-6.6236,-3.8605,-11.905,-4.4902,NaN,NaN,NaN,NaN,NaN
544.74,-5.5857,-5.7307,0.67992,-0.82995,-0.38035,-6.5318,-3.7897,-13.716,-4.5028,0.56774,0.093038,-0.99609,4.725,12.316,-1.7335,13.305,40.058,-88.549,3.6787e+05,4.4354e+06,311.7,47.64,0,2212.5,0.0075089,NaN,NaN,NaN,NaN,NaN,-1,-1,-0.5555,0.18969,-6.609,-3.862,-11.785,-4.4267,12.483,4.5091,0.93286,4.274,19.81
544.74,-5.593,-5.7605,0.67148,-0.22448,0.042987,-7.5085,-3.724,-11.648,-4.68,0,0,0,NaN,NaN,NaN,NaN,NaN,NaN,NaN,NaN,NaN,47.64,0,2212.5,0.0075089,NaN,NaN,NaN,NaN,NaN,-1,-1,-0.55766,0.2093,-6.6237,-3.815,-11.645,-4.3737,NaN,NaN,NaN,NaN,NaN
544.74,-5.6008,-5.7894,0.66413,-0.14228,-1.1585,-6.8608,-3.8967,-11.32,-4.2128,0,0,0,NaN,NaN,NaN,NaN,NaN,NaN,NaN,NaN,NaN,47.64,0,2212.5,0.0075089,NaN,NaN,NaN,NaN,11.427,97071,10.063,-0.55921,0.21374,-6.6315,-3.7467,-11.485,-4.324,NaN,NaN,NaN,NaN,NaN
544.75,-5.6105,-5.8201,0.65718,-0.49643,0.14993,-5.9578,-4.639,-12.057,-4.1249,0,0,0,NaN,NaN,NaN,NaN,NaN,NaN,NaN,NaN,NaN,47.64,0,2212.5,0.0075089,NaN,NaN,NaN,NaN,NaN,-1,-1,-0.55811,0.2036,-6.6104,-3.6878,-11.449,-4.2748,NaN,NaN,NaN,NaN,NaN
544.75,-5.6196,-5.8524,0.64988,-0.69639,0.98411,-7.9406,-4.3922,-12.678,-4.256,0.55842,0.093046,-0.99916,NaN,NaN,NaN,NaN,NaN,NaN,NaN,NaN,NaN,47.64,0,2212.5,0.0075089,NaN,NaN,NaN,NaN,NaN,-1,-1,-0.55935,0.21722,-6.5989,-3.6389,-11.355,-4.2268,NaN,NaN,NaN,NaN,NaN
544.75,-5.6286,-5.8822,0.64233,-0.64423,1.0078,-6.1215,-4.4032,-11.662,-4.3308,0,0,0,NaN,NaN,NaN,NaN,NaN,NaN,NaN,NaN,NaN,47.64,0,2212.5,0.0075089,NaN,NaN,NaN,NaN,11.529,97100,10.125,-0.55872,0.21757,-6.6144,-3.5962,-11.166,-4.1877,NaN,NaN,NaN,NaN,NaN
544.75,-5.6363,-5.9138,0.63422,-0.75208,1.0437,-7.3497,-3.8623,-12.401,-4.6331,0,0,0,NaN,NaN,NaN,NaN,NaN,NaN,NaN,NaN,NaN,47.64,0,2212.5,0.0075089,NaN,NaN,NaN,NaN,NaN,-1,-1,-0.55895,0.20227,-6.6112,-3.5843,-11.106,-4.1542,NaN,NaN,NaN,NaN,NaN
544.76,-5.6424,-5.9432,0.62566,-1.1267,1.0104,-6.3058,-3.2765,-11.473,-4.7143,0,0,0,NaN,NaN,NaN,NaN,NaN,NaN,NaN,NaN,NaN,47.64,0,2212.5,0.0075089,0.98331,2.951,0.65055,0.076582,11.528,97086,10.063,-0.55299,0.20564,-6.589,-3.558,-11.077,-4.123,NaN,NaN,NaN,NaN,NaN
544.76,-5.6481,-5.9735,0.6169,-0.20711,-0.97521,-6.0188,-3.1416,-11.802,-4.7436,0.57442,0.083433,-0.99326,NaN,NaN,NaN,NaN,NaN,NaN,NaN,NaN,NaN,47.64,0,2212.5,0.0075089,NaN,NaN,NaN,NaN,NaN,-1,-1,-0.5534,0.20128,-6.5906,-3.5046,-10.901,-4.102,NaN,NaN,NaN,NaN,NaN
544.76,-5.6551,-6.0076,0.6088,-0.29752,-0.72444,-7.6702,-3.5932,-13.371,-4.7224,0,0,0,NaN,NaN,NaN,NaN,NaN,NaN,NaN,NaN,NaN,47.64,0,2212.5,0.0075089,NaN,NaN,NaN,NaN,NaN,-1,-1,-0.55593,0.21659,-6.5928,-3.4558,-10.953,-4.0819,NaN,NaN,NaN,NaN,NaN
544.76,-5.6622,-6.0371,0.6008,-0.81623,0.20396,-7.435,-3.6605,-11.549,-4.5099,0,0,0,NaN,NaN,NaN,NaN,NaN,NaN,NaN,NaN,NaN,47.64,0,2212.5,0.0075089,NaN,NaN,NaN,NaN,11.496,97090,10.125,-0.55048,0.21811,-6.5137,-3.4137,-10.908,-4.0534,NaN,NaN,NaN,NaN,NaN
544.77,-5.6702,-6.0633,0.59251,-0.3357,-0.44072,-6.3079,-4.032,-10.172,-4.491,0,0,0,NaN,NaN,NaN,NaN,NaN,NaN,NaN,NaN,NaN,47.64,0,2212.5,0.0075089,NaN,NaN,NaN,NaN,NaN,-1,-1,-0.55173,0.22417,-6.5124,-3.3864,-10.872,-4.0376,NaN,NaN,NaN,NaN,NaN
544.77,0,0,0,0,0,0,0,0,0,0,0,0,NaN,NaN,NaN,NaN,NaN,NaN,NaN,NaN,NaN,47.64,0,2212.5,0.0075089,0.96414,2.9325,0.63473,0.10072,NaN,-1,-1,-0.54742,0.20841,-6.5111,-3.3846,-10.855,-4.0053,NaN,NaN,NaN,NaN,NaN
544.77,-5.6795,-6.0973,0.58425,-0.42697,0.38268,-5.4931,-4.5102,-13.337,-4.6584,0.57477,0.095468,-0.99323,NaN,NaN,NaN,NaN,NaN,NaN,NaN,NaN,NaN,47.64,0,2212.5,0.0075089,NaN,NaN,NaN,NaN,11.428,97108,10.188,-0.54959,0.19713,-6.5156,-3.4135,-10.798,-3.977,NaN,NaN,NaN,NaN,NaN
544.77,-5.6865,-6.1308,0.5772,-0.95662,1.8141,-8.504,-3.5762,-13.167,-4.2987,0,0,0,NaN,NaN,NaN,NaN,NaN,NaN,NaN,NaN,NaN,47.64,0,2212.5,0.0075089,NaN,NaN,NaN,NaN,NaN,-1,-1,-0.54358,0.19154,-6.5083,-3.4148,-10.791,-3.9744,NaN,NaN,NaN,NaN,NaN
544.78,-5.692,-6.1551,0.56864,-0.80157,0.59505,-6.2544,-3.0178,-9.4458,-4.5222,0,0,0,NaN,NaN,NaN,NaN,NaN,NaN,NaN,NaN,NaN,47.64,0,2212.5,0.0075089,NaN,NaN,NaN,NaN,11.46,97079,10.063,-0.54553,0.21196,-6.5306,-3.3975,-10.769,-3.967,NaN,NaN,NaN,NaN,NaN
544.78,-5.706,-6.222,0.5539,-0.58954,0.56756,-7.4225,-3.7175,-13.035,-4.363,0.57025,0.10275,-0.99363,NaN,NaN,NaN,NaN,NaN,NaN,NaN,NaN,NaN,47.64,0,2212.5,0.0075089,NaN,NaN,NaN,NaN,NaN,-1,-1,-0.54737,0.21228,-6.5186,-3.3724,-10.777,-3.9569,NaN,NaN,NaN,NaN,NaN
544.78,0,0,0,0,0,0,0,0,0,0,0,0,NaN,NaN,NaN,NaN,NaN,NaN,NaN,NaN,NaN,47.64,0,2212.5,0.0075089,0.96086,2.9331,0.6256,0.10905,NaN,-1,-1,-0.54748,0.21023,-6.4952,-3.3608,-10.809,-3.9475,NaN,NaN,NaN,NaN,NaN
544.78,-5.7208,-6.2781,0.53915,-0.3269,-1.0912,-6.8127,-4.0624,-11.414,-4.1401,0,0,0,NaN,NaN,NaN,NaN,NaN,NaN,NaN,NaN,NaN,47.64,0,2212.5,0.0075089,0.96086,2.9331,0.6256,0.10905,11.493,97070,10,-0.54693,0.21294,-6.4996,-3.3415,-10.837,-3.9527,NaN,NaN,NaN,NaN,NaN
544.79,-5.7303,-6.3108,0.53278,-0.39811,0.94263,-5.8847,-4.5591,-12.889,-4.002,0,0,0,NaN,NaN,NaN,NaN,NaN,NaN,NaN,NaN,NaN,47.64,0,2212.5,0.0075089,NaN,NaN,NaN,NaN,NaN,-1,-1,-0.54395,0.20288,-6.4891,-3.3318,-10.839,-3.9615,NaN,NaN,NaN,NaN,NaN
544.79,-5.7472,-6.3706,0.51818,-0.80347,0.92139,-6.576,-4.0227,-10.804,-4.1792,0,0,0,NaN,NaN,NaN,NaN,NaN,NaN,NaN,NaN,NaN,47.64,0,2212.5,0.0075089,NaN,NaN,NaN,NaN,NaN,-1,-1,-0.54907,0.21894,-6.5496,-3.3476,-10.873,-3.962,NaN,NaN,NaN,NaN,NaN
544.79,-5.7533,-6.4015,0.51167,-0.72349,1.2964,-6.7144,-3.1718,-12.151,-3.99,0,0,0,NaN,NaN,NaN,NaN,NaN,NaN,NaN,NaN,NaN,47.64,0,2212.5,0.0075089,NaN,NaN,NaN,NaN,11.501,97127,10.313,-0.54968,0.22474,-6.5656,-3.3632,-10.941,-3.9651,NaN,NaN,NaN,NaN,NaN
544.79,-5.7577,-6.4322,0.50388,-0.79028,0.14945,-6.625,-2.5997,-12.012,-4.4911,0,0,0,NaN,NaN,NaN,NaN,NaN,NaN,NaN,NaN,NaN,47.64,0,2198.2,0.0064211,0.96141,2.9355,0.62864,NaN,NaN,-1,-1,-0.55173,0.21888,-6.5643,-3.3623,-10.977,-3.985,NaN,NaN,NaN,NaN,NaN
544.8,-5.856,-6.5125,0.59769,-0.30883,-1.2317,-6.4524,-3.2256,-11.948,-4.3126,0.57706,0.093029,-0.99302,NaN,NaN,NaN,NaN,NaN,NaN,NaN,NaN,NaN,47.64,0,2198.2,0.0064211,NaN,NaN,NaN,0.10821,11.43,97142,10.313,-0.55508,0.23331,-6.5566,-3.3489,-11.024,-4.0113,NaN,NaN,NaN,NaN,NaN
544.8,-5.8628,-6.5458,0.59067,-0.2562,0.041944,-7.5287,-3.5395,-13.059,-4.3076,0,0,0,NaN,NaN,NaN,NaN,NaN,NaN,NaN,NaN,NaN,47.64,0,2198.2,0.0064211,NaN,NaN,NaN,NaN,NaN,-1,-1,-0.55992,0.23421,-6.6284,-3.3533,-11.106,-4.0372,NaN,NaN,NaN,NaN,NaN
544.8,-5.8708,-6.5746,0.58291,-0.92587,-0.002278,-7.2819,-4.0104,-11.252,-4.4281,0,0,0,NaN,NaN,NaN,NaN,NaN,NaN,NaN,NaN,NaN,47.64,0,2198.2,0.0064211,NaN,NaN,NaN,NaN,NaN,-1,-1,-0.55516,0.22473,-6.6294,-3.3452,-11.198,-4.0557,NaN,NaN,NaN,NaN,NaN
544.8,-5.8784,-6.6021,0.57439,-0.38981,-0.29166,-6.3543,-3.8973,-10.691,-4.6708,0,0,0,NaN,NaN,NaN,NaN,NaN,NaN,NaN,NaN,NaN,47.64,0,2198.2,0.0064211,NaN,NaN,NaN,NaN,11.599,97112,10.188,-0.55489,0.22585,-6.6382,-3.3563,-11.259,-4.0707,NaN,NaN,NaN,NaN,NaN
544.81,-5.886,-6.6374,0.56636,-0.48488,0.81405,-6.5272,-3.8599,-13.879,-4.4177,0.58436,0.10015,-0.99237,NaN,NaN,NaN,NaN,NaN,NaN,NaN,NaN,NaN,47.64,0,2198.2,0.0064211,NaN,NaN,NaN,NaN,NaN,-1,-1,-0.55641,0.21831,-6.6483,-3.3755,-11.364,-4.0834,NaN,NaN,NaN,NaN,NaN
544.81,-5.8921,-6.6682,0.55917,-0.96183,1.7572,-7.398,-3.2624,-12.052,-4.2815,0,0,0,NaN,NaN,NaN,NaN,NaN,NaN,NaN,NaN,NaN,47.64,0,2198.2,0.0064211,0.96798,2.8185,0.71201,0.049112,NaN,-1,-1,-0.55199,0.20945,-6.6519,-3.4182,-11.484,-4.0954,NaN,NaN,NaN,NaN,NaN
544.81,-5.898,-6.6955,0.55127,-0.57626,-0.31616,-6.7879,-3.1898,-10.65,-4.4243,0,0,0,NaN,NaN,NaN,NaN,NaN,NaN,NaN,NaN,NaN,47.64,0,2198.2,0.0064211,NaN,NaN,NaN,NaN,11.667,97110,10.188,-0.55121,0.2237,-6.6712,-3.4761,-11.594,-4.1242,NaN,NaN,NaN,NaN,NaN
544.81,-5.9052,-6.7298,0.54477,-0.69561,-0.68507,-5.7815,-3.636,-13.492,-4.1552,0,0,0,NaN,NaN,NaN,NaN,NaN,NaN,NaN,NaN,NaN,47.64,0,2198.2,0.0064211,NaN,NaN,NaN,NaN,NaN,-1,-1,-0.55827,0.24062,-6.6842,-3.5256,-11.719,-4.1529,NaN,NaN,NaN,NaN,NaN
544.82,-5.9198,-6.7899,0.53129,-0.28714,-1.067,-7.1196,-3.6728,-10.746,-4.1237,0,0,0,NaN,NaN,NaN,NaN,NaN,NaN,NaN,NaN,NaN,47.64,0,2198.2,0.0064211,NaN,NaN,NaN,NaN,11.496,97095,10.125,-0.55953,0.24065,-6.6828,-3.5483,-11.807,-4.1981,NaN,NaN,NaN,NaN,NaN
544.82,-5.9277,-6.8199,0.5239,-0.42442,-0.26078,-6.4088,-3.9963,-11.75,-4.3354,0,0,0,NaN,NaN,NaN,NaN,NaN,NaN,NaN,NaN,NaN,47.64,0,2198.2,0.0064211,NaN,NaN,NaN,NaN,NaN,-1,-1,-0.55864,0.23913,-6.6717,-3.5817,-11.981,-4.2436,NaN,NaN,NaN,NaN,NaN
544.82,-5.9365,-6.8506,0.51791,-0.53987,1.0708,-7.1671,-4.2669,-12.067,-3.8123,0,0,0,NaN,NaN,NaN,NaN,NaN,NaN,NaN,NaN,NaN,47.64,0,2198.2,0.0064211,NaN,NaN,NaN,NaN,NaN,-1,-1,-0.56188,0.24672,-6.7053,-3.6118,-12.17,-4.2958,NaN,NaN,NaN,NaN,NaN
544.82,-5.9445,-6.8808,0.51041,-0.7917,0.75882,-6.5383,-4.04,-11.825,-4.2846,0.58604,0.08592,-0.98776,NaN,NaN,NaN,NaN,NaN,NaN,NaN,NaN,NaN,47.64,0,2198.2,0.0064211,1.0348,2.8454,0.70897,0.0033296,11.463,97086,10.125,-0.56049,0.23326,-6.7159,-3.6554,-12.221,-4.3486,NaN,NaN,NaN,NaN,NaN
544.83,-5.9508,-6.9118,0.50335,-0.71099,1.182,-7.7022,-3.3345,-12.127,-4.2522,0,0,0,NaN,NaN,NaN,NaN,NaN,NaN,NaN,NaN,NaN,47.64,0,2198.2,0.0064211,NaN,NaN,NaN,NaN,NaN,-1,-1,-0.55393,0.22165,-6.6996,-3.5669,-11.889,-4.2391,NaN,NaN,NaN,NaN,NaN
544.83,-5.9562,-6.9418,0.49612,-0.86095,1.0139,-6.314,-2.9534,-11.77,-4.2731,0,0,0,NaN,NaN,NaN,NaN,NaN,NaN,NaN,NaN,NaN,47.64,0,2198.2,0.0064211,NaN,NaN,NaN,NaN,NaN,-1,-1,-0.54991,0.22702,-6.7192,-3.63,-12.053,-4.2612,NaN,NaN,NaN,NaN,NaN
544.83,-5.9612,-6.9713,0.4889,-0.56256,-0.54948,-6.4266,-2.827,-11.513,-4.2562,0,0,0,NaN,NaN,NaN,NaN,NaN,NaN,NaN,NaN,NaN,47.64,0,2198.2,0.0064211,NaN,NaN,NaN,NaN,11.632,97140,10.25,-0.5564,0.23519,-6.7397,-3.6552,-12.143,-4.2796,NaN,NaN,NaN,NaN,NaN
544.83,-5.9673,-7.0033,0.48152,-0.29605,-1.0961,-7.0249,-3.2937,-12.55,-4.2668,0.59746,0.08612,-0.98004,NaN,NaN,NaN,NaN,NaN,NaN,NaN,NaN,NaN,47.64,0,2198.2,0.0064211,0.95538,2.9248,0.62438,0.10655,NaN,-1,-1,-0.55991,0.24417,-6.7469,-3.6548,-12.137,-4.3065,NaN,NaN,NaN,NaN,NaN
544.84,-5.9737,-7.036,0.47482,-0.64614,0.50369,-7.8003,-3.3272,-12.862,-4.1847,0,0,0,NaN,NaN,NaN,NaN,NaN,NaN,NaN,NaN,NaN,47.64,0,2198.2,0.0064211,NaN,NaN,NaN,NaN,11.49,97066,9.9375,-0.55982,0.25413,-6.7364,-3.669,-12.305,-4.3375,NaN,NaN,NaN,NaN,NaN
544.84,-5.9813,-7.0602,0.46721,-0.50333,-0.41865,-7.0911,-3.8999,-9.3914,-4.1896,0,0,0,NaN,NaN,NaN,NaN,NaN,NaN,NaN,NaN,NaN,47.64,0,2198.2,0.0064211,NaN,NaN,NaN,NaN,NaN,-1,-1,-0.56094,0.25202,-6.7475,-3.5306,-11.949,-4.2053,NaN,NaN,NaN,NaN,NaN
544.84,-5.9898,-7.0913,0.46039,-0.40468,0.18005,-4.9492,-4.1835,-12.184,-4.169,0,0,0,NaN,NaN,NaN,NaN,NaN,NaN,NaN,NaN,NaN,47.64,0,2198.2,0.0064211,NaN,NaN,NaN,NaN,NaN,-1,-1,-0.55583,0.23281,-6.7363,-3.545,-11.871,-4.1894,NaN,NaN,NaN,NaN,NaN
544.84,-5.9969,-7.1271,0.45344,-0.74676,1.3826,-8.4612,-3.6587,-14.057,-4.3101,0.59827,0.1002,-0.98665,NaN,NaN,NaN,NaN,NaN,NaN,NaN,NaN,NaN,47.64,0,2198.2,0.0064211,NaN,NaN,NaN,NaN,11.634,97124,10.25,-0.55218,0.2222,-6.7499,-3.5919,-11.92,-4.1613,NaN,NaN,NaN,NaN,NaN
544.85,-6.002,-7.1532,0.44566,-1.0062,1.2625,-7.0829,-2.8887,-10.171,-4.3405,0,0,0,NaN,NaN,NaN,NaN,NaN,NaN,NaN,NaN,NaN,47.64,0,2198.2,0.0064211,0.96414,2.9325,0.63412,0.098224,NaN,-1,-1,-0.55455,0.22045,-6.7671,-3.6329,-11.926,-4.1357,NaN,NaN,NaN,NaN,NaN
544.85,-6.0075,-7.1828,0.4387,-0.24972,-0.81598,-5.725,-3.0139,-11.585,-4.1675,0,0,0,NaN,NaN,NaN,NaN,NaN,NaN,NaN,NaN,NaN,47.64,0,2198.2,0.0064211,0.96414,2.9325,0.63412,0.098224,NaN,-1,-1,-0.55243,0.22672,-6.7666,-3.6572,-11.898,-4.0993,NaN,NaN,NaN,NaN,NaN
544.85,-6.0152,-7.2183,0.43321,-0.66727,-0.22778,-6.7727,-3.8441,-14.012,-3.8337,0,0,0,NaN,NaN,NaN,NaN,NaN,NaN,NaN,NaN,NaN,47.64,0,2198.2,0.0064211,NaN,NaN,NaN,NaN,11.461,97093,10.125,-0.55352,0.23877,-6.7773,-3.6411,-11.851,-4.087,NaN,NaN,NaN,NaN,NaN
544.85,-6.0214,-7.2475,0.42629,-0.42852,0.044368,-7.8893,-3.3164,-11.444,-4.0874,0.59564,0.095539,-0.98466,NaN,NaN,NaN,NaN,NaN,NaN,NaN,NaN,NaN,47.64,0,2198.2,0.0064211,NaN,NaN,NaN,NaN,NaN,-1,-1,-0.56238,0.25707,-6.7769,-3.6227,-11.865,-4.0747,NaN,NaN,NaN,NaN,NaN
544.86,-6.0294,-7.275,0.41981,0.022305,-0.81078,-7.1977,-3.9658,-10.759,-3.8877,0,0,0,NaN,NaN,NaN,NaN,NaN,NaN,NaN,NaN,NaN,47.64,0,2198.2,0.0064211,NaN,NaN,NaN,NaN,11.429,97121,10.25,-0.56071,0.25219,-6.781,-3.6121,-11.943,-4.0559,NaN,NaN,NaN,NaN,NaN
544.86,-6.0386,-7.3069,0.41388,-0.43897,-0.10942,-5.8276,-4.4656,-12.566,-3.8627,0,0,0,NaN,NaN,NaN,NaN,NaN,NaN,NaN,NaN,NaN,47.64,0,2198.2,0.0064211,NaN,NaN,NaN,NaN,NaN,-1,-1,-0.55995,0.24216,-6.7944,-3.6013,-11.895,-4.0436,NaN,NaN,NaN,NaN,NaN
544.86,-6.0476,-7.3383,0.40741,-0.90212,1.2648,-8.1349,-4.4114,-12.303,-4.0491,0,0,0,NaN,NaN,NaN,NaN,NaN,NaN,NaN,NaN,NaN,47.64,0,2198.2,0.0064211,0.97345,2.9438,0.64203,NaN,NaN,-1,-1,-0.55809,0.22969,-6.8102,-3.6141,-11.801,-4.0489,NaN,NaN,NaN,NaN,NaN
544.86,-6.0557,-7.3666,0.40002,-0.61101,1.1366,-6.523,-4.0898,-11.052,-4.1921,0.59808,0.10285,-0.98221,NaN,NaN,NaN,NaN,NaN,NaN,NaN,NaN,NaN,47.64,0,2198.2,0.0064211,NaN,NaN,NaN,0.075749,11.631,97125,10.188,-0.54803,0.21244,-6.8177,-3.6386,-11.894,-4.0566,NaN,NaN,NaN,NaN,NaN
544.87,-6.0619,-7.398,0.39347,-0.70596,0.95197,-6.5998,-3.2839,-12.307,-4.0905,0,0,0,NaN,NaN,NaN,NaN,NaN,NaN,NaN,NaN,NaN,47.64,0,2198.2,0.0064211,NaN,NaN,NaN,NaN,NaN,-1,-1,-0.54899,0.21666,-6.826,-3.6584,-11.925,-4.0535,NaN,NaN,NaN,NaN,NaN
544.87,-6.072,-7.457,0.37884,-0.26893,-0.71998,-6.2133,-2.8828,-11.133,-4.3297,0,0,0,NaN,NaN,NaN,NaN,NaN,NaN,NaN,NaN,NaN,47.64,0,2198.2,0.0064211,NaN,NaN,NaN,NaN,NaN,-1,-1,-0.55504,0.24022,-6.8372,-3.6466,-11.833,-4.0601,NaN,NaN,NaN,NaN,NaN
544.87,-6.0785,-7.4894,0.37237,-0.10167,-0.30793,-7.1138,-3.425,-12.732,-4.0376,0.60484,0.10552,-0.97491,NaN,NaN,NaN,NaN,NaN,NaN,NaN,NaN,NaN,47.64,0,2198.2,0.0064211,NaN,NaN,NaN,NaN,11.802,97126,10.25,-0.55199,0.24792,-6.8366,-3.6421,-11.897,-4.0531,NaN,NaN,NaN,NaN,NaN
544.87,-6.0853,-7.5206,0.36561,-1.1193,-0.19728,-7.7263,-3.5343,-12.231,-4.1644,0,0,0,NaN,NaN,NaN,NaN,NaN,NaN,NaN,NaN,NaN,47.64,0,2198.2,0.0064211,NaN,NaN,NaN,NaN,11.733,97097,10.125,-0.55636,0.25268,-6.8416,-3.6419,-11.886,-4.0496,NaN,NaN,NaN,NaN,NaN
544.88,-6.0927,-7.5466,0.35904,-0.26862,-0.134,-7.1461,-3.7738,-10.156,-3.8719,0,0,0,NaN,NaN,NaN,NaN,NaN,NaN,NaN,NaN,NaN,47.64,0,2198.2,0.0064211,NaN,NaN,NaN,NaN,NaN,-1,-1,-0.55442,0.24504,-6.8504,-3.6377,-11.891,-4.0552,NaN,NaN,NaN,NaN,NaN
544.88,-6.1005,-7.5793,0.3531,-0.3665,0.67115,-5.5571,-3.9114,-12.853,-3.9072,0,0,0,NaN,NaN,NaN,NaN,NaN,NaN,NaN,NaN,NaN,47.64,0,2198.2,0.0064211,NaN,NaN,NaN,NaN,NaN,-1,-1,-0.54884,0.22451,-6.8453,-3.6459,-11.889,-4.0506,NaN,NaN,NaN,NaN,NaN
544.88,-6.1074,-7.6124,0.34728,-1.0392,1.5934,-7.8169,-3.558,-13.021,-3.8358,0.60259,0.095563,-0.9818,NaN,NaN,NaN,NaN,NaN,NaN,NaN,NaN,NaN,47.64,0,2198.2,0.0064211,NaN,NaN,NaN,NaN,NaN,-1,-1,-0.54846,0.21324,-6.8695,-3.6627,-11.883,-4.0495,NaN,NaN,NaN,NaN,NaN
544.88,-6.1134,-7.6391,0.3401,-0.70497,0.51302,-7.5022,-3.2178,-10.455,-4.1436,0,0,0,NaN,NaN,NaN,NaN,NaN,NaN,NaN,NaN,NaN,47.64,0,2198.2,0.0064211,NaN,NaN,NaN,NaN,11.601,97120,10.25,-0.54973,0.22003,-6.8912,-3.6924,-11.888,-4.0347,NaN,NaN,NaN,NaN,NaN
544.89,-6.1265,-7.7025,0.32804,-0.34595,0.07665,-7.3306,-3.4977,-12.852,-3.9734,0,0,0,NaN,NaN,NaN,NaN,NaN,NaN,NaN,NaN,NaN,47.64,0,2198.2,0.0064211,NaN,NaN,NaN,NaN,NaN,-1,-1,-0.546,0.22716,-6.8728,-3.6993,-11.89,-4.0203,NaN,NaN,NaN,NaN,NaN
544.89,-6.1336,-7.7334,0.32138,-0.41701,-0.49775,-7.6395,-3.6721,-12.115,-3.992,0.6001,0.095716,-0.9798,NaN,NaN,NaN,NaN,NaN,NaN,NaN,NaN,NaN,47.64,0,2198.2,0.0064211,0.98604,2.9504,0.65177,0.068258,NaN,-1,-1,-0.55225,0.24388,-6.8897,-3.6707,-11.84,-4.0134,NaN,NaN,NaN,NaN,NaN
544.89,-6.1415,-7.7597,0.31519,-0.39669,-0.74618,-7.2582,-3.9569,-10.298,-3.744,0,0,0,NaN,NaN,NaN,NaN,NaN,NaN,NaN,NaN,NaN,47.64,0,2198.2,0.0064211,NaN,NaN,NaN,NaN,11.702,97145,10.313,-0.56112,0.26052,-6.9015,-3.6594,-11.842,-4.0069,NaN,NaN,NaN,NaN,NaN
544.89,-6.151,-7.7893,0.30929,-0.29433,0.92727,-5.832,-4.5892,-11.642,-3.7714,0,0,0,NaN,NaN,NaN,NaN,NaN,NaN,NaN,NaN,NaN,47.64,0,2198.2,0.0064211,NaN,NaN,NaN,NaN,NaN,-1,-1,-0.55689,0.24881,-6.8941,-3.6375,-11.968,-4.0008,NaN,NaN,NaN,NaN,NaN
544.9,-6.1587,-7.8238,0.30356,-0.80575,1.1549,-7.2865,-3.8639,-13.553,-3.9106,0,0,0,NaN,NaN,NaN,NaN,NaN,NaN,NaN,NaN,NaN,47.64,0,2198.2,0.0064211,NaN,NaN,NaN,NaN,11.601,97098,10.188,-0.55672,0.23529,-6.8979,-3.6293,-11.86,-3.994,NaN,NaN,NaN,NaN,NaN
544.9,-6.1655,-7.8529,0.2966,-0.90754,1.0724,-7.9326,-3.5525,-11.385,-4.0912,0.60713,0.098147,-0.97694,NaN,NaN,NaN,NaN,NaN,NaN,NaN,NaN,NaN,47.64,0,2198.2,0.0064211,NaN,NaN,NaN,NaN,NaN,-1,-1,-0.55423,0.22546,-6.9202,-3.6512,-11.764,-3.9908,NaN,NaN,NaN,NaN,NaN
544.9,-6.1716,-7.8794,0.28934,-0.68739,0.9653,-6.1806,-3.3053,-10.354,-4.1804,0,0,0,NaN,NaN,NaN,NaN,NaN,NaN,NaN,NaN,NaN,47.64,0,2198.2,0.0064211,1.0211,2.8364,0.70228,0.021643,NaN,-1,-1,-0.55073,0.21435,-6.9234,-3.6668,-11.919,-3.9861,NaN,NaN,NaN,NaN,NaN
544.9,-6.1765,-7.9115,0.28231,-0.68847,0.05455,-6.1099,-2.8344,-12.537,-4.3253,0,0,0,NaN,NaN,NaN,NaN,NaN,NaN,NaN,NaN,NaN,47.669,0,2186.8,0.0080533,NaN,NaN,NaN,NaN,11.637,97130,10.313,-0.55466,0.22824,-6.9249,-3.6534,-11.903,-3.9895,NaN,NaN,NaN,NaN,NaN
544.91,-6.1824,-7.945,0.2759,-0.40068,-1.142,-7.5051,-3.1851,-13.179,-4.146,0,0,0,NaN,NaN,NaN,NaN,NaN,NaN,NaN,NaN,NaN,47.669,0,2186.8,0.0080533,NaN,NaN,NaN,NaN,NaN,-1,-1,-0.5562,0.24548,-6.9358,-3.6144,-11.788,-3.9961,NaN,NaN,NaN,NaN,NaN
544.91,-6.1895,-7.9742,0.26913,-0.26655,-0.1811,-7.6829,-3.6893,-11.42,-4.0125,0.59983,0.091023,-0.97759,NaN,NaN,NaN,NaN,NaN,NaN,NaN,NaN,NaN,47.669,0,2186.8,0.0080533,NaN,NaN,NaN,NaN,NaN,-1,-1,-0.56054,0.25664,-6.9407,-3.6083,-11.869,-3.9851,NaN,NaN,NaN,NaN,NaN
544.91,-6.1967,-8.0012,0.26178,-0.65815,0.29797,-6.4084,-3.7435,-10.543,-4.2373,0,0,0,NaN,NaN,NaN,NaN,NaN,NaN,NaN,NaN,NaN,47.669,0,2186.8,0.0080533,0.97181,2.9367,0.64385,0.092398,11.637,97107,10.25,-0.5631,0.25806,-6.9473,-3.5522,-11.862,-3.9826,NaN,NaN,NaN,NaN,NaN
544.91,-6.2054,-8.0331,0.25497,-0.49209,0.006131,-6.5869,-4.3501,-12.489,-4.2387,0,0,0,NaN,NaN,NaN,NaN,NaN,NaN,NaN,NaN,NaN,47.669,0,2186.8,0.0080533,NaN,NaN,NaN,NaN,NaN,-1,-1,-0.56383,0.25588,-6.9399,-3.5302,-11.786,-3.9736,NaN,NaN,NaN,NaN,NaN
544.92,-6.2126,-8.067,0.24886,-0.7366,0.74733,-7.6982,-3.6929,-13.331,-4.0534,0,0,0,NaN,NaN,NaN,NaN,NaN,NaN,NaN,NaN,NaN,47.669,0,2186.8,0.0080533,NaN,NaN,NaN,NaN,11.634,97124,10.25,-0.56067,0.23676,-6.9569,-3.5347,-11.869,-3.9641,NaN,NaN,NaN,NaN,NaN
544.92,-6.2189,-8.0952,0.24249,-0.77652,1.658,-6.883,-3.3378,-11.055,-3.778,0.59511,0.096022,-0.97579,NaN,NaN,NaN,NaN,NaN,NaN,NaN,NaN,NaN,47.669,0,2186.8,0.0080533,NaN,NaN,NaN,NaN,NaN,-1,-1,-0.55832,0.22713,-6.9699,-3.5561,-11.927,-3.9585,NaN,NaN,NaN,NaN,NaN
544.92,-6.2237,-8.1237,0.236,-0.60899,0.036168,-6.5455,-2.7469,-11.152,-3.9674,0,0,0,NaN,NaN,NaN,NaN,NaN,NaN,NaN,NaN,NaN,47.669,0,2186.8,0.0080533,NaN,NaN,NaN,NaN,NaN,-1,-1,-0.55625,0.23505,-6.9746,-3.58,-11.89,-3.9475,NaN,NaN,NaN,NaN,NaN
544.92,-6.2303,-8.1579,0.23048,-0.73516,-0.93601,-6.4464,-3.4208,-13.437,-3.8362,0,0,0,NaN,NaN,NaN,NaN,NaN,NaN,NaN,NaN,NaN,47.669,0,2186.8,0.0080533,0.96798,2.9337,0.63047,NaN,11.598,97116,10.188,-0.56049,0.24122,-6.9788,-3.5614,-11.917,-3.9361,NaN,NaN,NaN,NaN,NaN
544.93,-6.2372,-8.1878,0.22413,-0.18729,0.28774,-7.9904,-3.5888,-11.751,-3.9818,0,0,0,NaN,NaN,NaN,NaN,NaN,NaN,NaN,NaN,NaN,47.669,0,2186.8,0.0080533,NaN,NaN,NaN,0.098224,NaN,-1,-1,-0.56596,0.25408,-6.9804,-3.4966,-11.922,-3.9409,NaN,NaN,NaN,NaN,NaN
544.93,-6.2439,-8.2165,0.21784,-0.1863,-0.69605,-7.0276,-3.4918,-11.238,-3.8188,0.6118,0.10555,-0.97205,NaN,NaN,NaN,NaN,NaN,NaN,NaN,NaN,NaN,47.669,0,2186.8,0.0080533,NaN,NaN,NaN,NaN,NaN,-1,-1,-0.56771,0.2535,-6.9718,-3.4521,-11.948,-3.9285,NaN,NaN,NaN,NaN,NaN
544.93,-6.2519,-8.2459,0.21207,-0.52961,-0.27599,-6.8391,-4.0236,-11.526,-3.7292,0,0,0,NaN,NaN,NaN,NaN,NaN,NaN,NaN,NaN,NaN,47.669,0,2186.8,0.0080533,NaN,NaN,NaN,NaN,11.733,97115,10.188,-0.56613,0.23466,-6.9777,-3.4063,-12,-3.92,NaN,NaN,NaN,NaN,NaN
544.93,-6.2604,-8.2763,0.20725,-0.62287,1.0923,-7.0453,-4.1508,-12.009,-3.4043,0,0,0,NaN,NaN,NaN,NaN,NaN,NaN,NaN,NaN,NaN,47.669,0,2186.8,0.0080533,NaN,NaN,NaN,NaN,NaN,-1,-1,-0.56639,0.22452,-6.9865,-3.3666,-11.959,-3.9137,NaN,NaN,NaN,NaN,NaN
544.94,-6.2682,-8.3066,0.20176,-0.70129,1.1055,-6.9451,-3.8836,-11.917,-3.6602,0,0,0,NaN,NaN,NaN,NaN,NaN,NaN,NaN,NaN,NaN,47.669,0,2186.8,0.0080533,NaN,NaN,NaN,NaN,11.737,97136,10.313,-0.55669,0.21944,-6.9945,-3.3625,-11.976,-3.9183,NaN,NaN,NaN,NaN,NaN
544.94,-6.2792,-8.3666,0.18893,-0.87319,0.66619,-6.8712,-2.7544,-11.913,-4.0477,0,0,0,NaN,NaN,NaN,NaN,NaN,NaN,NaN,NaN,NaN,47.669,0,2186.8,0.0080533,NaN,NaN,NaN,NaN,NaN,-1,-1,-0.56263,0.22987,-6.9987,-3.3593,-12.048,-3.9078,NaN,NaN,NaN,NaN,NaN
544.94,-6.284,-8.3963,0.18223,-0.51669,-0.66441,-6.2441,-2.7757,-11.615,-4.1181,0,0,0,NaN,NaN,NaN,NaN,NaN,NaN,NaN,NaN,NaN,47.669,0,2186.8,0.0080533,NaN,NaN,NaN,NaN,NaN,-1,-1,-0.56646,0.25432,-7.0033,-3.321,-12.009,-3.9143,NaN,NaN,NaN,NaN,NaN
544.94,-6.2906,-8.4293,0.17637,-0.056986,-0.95999,-7.0254,-3.4585,-12.976,-3.9304,0,0,0,NaN,NaN,NaN,NaN,NaN,NaN,NaN,NaN,NaN,47.669,0,2186.8,0.0080533,NaN,NaN,NaN,NaN,11.701,97127,10.25,-0.56507,0.25965,-7.0023,-3.2834,-12.032,-3.9145,NaN,NaN,NaN,NaN,NaN
544.95,-6.2966,-8.4616,0.1701,-0.76864,0.38232,-8.2487,-3.2352,-12.698,-3.9675,0.60444,0.10095,-0.97048,NaN,NaN,NaN,NaN,NaN,NaN,NaN,NaN,NaN,47.669,0,2186.8,0.0080533,NaN,NaN,NaN,NaN,NaN,-1,-1,-0.56967,0.26016,-7.0057,-3.2637,-12.062,-3.9064,NaN,NaN,NaN,NaN,NaN
544.95,-6.3031,-8.4854,0.16327,-0.60913,-0.10753,-6.9773,-3.4749,-9.2574,-3.906,0,0,0,NaN,NaN,NaN,NaN,NaN,NaN,NaN,NaN,NaN,47.669,0,2186.8,0.0080533,NaN,NaN,NaN,NaN,NaN,-1,-1,-0.57299,0.2583,-7.0115,-3.2245,-12.054,-3.8915,NaN,NaN,NaN,NaN,NaN
544.95,-6.3101,-8.5169,0.1572,-0.25828,0.37418,-5.2307,-3.6322,-12.369,-3.9511,0,0,0,NaN,NaN,NaN,NaN,NaN,NaN,NaN,NaN,NaN,47.669,0,2186.8,0.0080533,0.97619,2.8257,0.72053,0.032464,11.701,97132,10.25,-0.56367,0.23885,-7.0024,-3.1916,-12.046,-3.8808,NaN,NaN,NaN,NaN,NaN
544.95,-6.3158,-8.5549,0.15212,-0.82689,1.3929,-8.5747,-3.0674,-14.976,-3.8402,0,0,0,NaN,NaN,NaN,NaN,NaN,NaN,NaN,NaN,NaN,47.669,0,2186.8,0.0080533,0.97619,2.8257,0.72053,0.032464,11.667,97112,10.188,-0.56197,0.21715,-7.0137,-3.1765,-12.106,-3.8707,NaN,NaN,NaN,NaN,NaN
544.96,-6.3202,-8.5798,0.14476,-0.96554,1.1085,-7.8366,-2.6583,-9.7025,-4.0729,0.60909,0.093542,-0.9723,NaN,NaN,NaN,NaN,NaN,NaN,NaN,NaN,NaN,47.669,0,2186.8,0.0080533,NaN,NaN,NaN,NaN,NaN,-1,-1,-0.56508,0.22927,-7.0299,-3.1727,-12.09,-3.8661,NaN,NaN,NaN,NaN,NaN
544.96,-6.3242,-8.6069,0.13823,-0.23042,-0.62898,-5.1374,-2.4758,-10.587,-3.9403,0,0,0,NaN,NaN,NaN,NaN,NaN,NaN,NaN,NaN,NaN,47.669,0,2186.8,0.0080533,NaN,NaN,NaN,NaN,NaN,-1,-1,-0.56315,0.23433,-7.0212,-3.2334,-12.387,-3.9739,NaN,NaN,NaN,NaN,NaN
544.96,-6.33,-8.6446,0.13351,-0.68016,-0.24878,-6.6947,-3.0748,-14.898,-3.696,0,0,0,NaN,NaN,NaN,NaN,NaN,NaN,NaN,NaN,NaN,47.669,0,2186.8,0.0080533,NaN,NaN,NaN,NaN,NaN,-1,-1,-0.56738,0.24557,-7.0133,-3.1835,-12.337,-3.9467,NaN,NaN,NaN,NaN,NaN
544.96,-6.3349,-8.6753,0.1276,-0.37762,-0.071545,-8.7143,-2.7629,-12.022,-3.8511,0,0,0,NaN,NaN,NaN,NaN,NaN,NaN,NaN,NaN,NaN,47.669,0,2186.8,0.0080533,NaN,NaN,NaN,NaN,11.668,97147,10.313,-0.57,0.2546,-7.0226,-3.1356,-12.287,-3.9184,NaN,NaN,NaN,NaN,NaN
544.97,-6.3483,-8.7308,0.11527,-0.25924,0.15729,-5.4653,-3.6818,-12.336,-3.8189,0,0,0,NaN,NaN,NaN,NaN,NaN,NaN,NaN,NaN,NaN,47.669,0,2186.8,0.0080533,0.96141,2.9331,0.63351,0.11071,NaN,-1,-1,-0.56853,0.23598,-7.0091,-3.0751,-12.223,-3.888,NaN,NaN,NaN,NaN,NaN
544.97,-6.3547,-8.7657,0.11003,-0.9413,1.198,-7.9038,-3.3374,-13.76,-3.781,0,0,0,NaN,NaN,NaN,NaN,NaN,NaN,NaN,NaN,NaN,47.669,0,2186.8,0.0080533,NaN,NaN,NaN,NaN,NaN,-1,-1,-0.56253,0.22877,-7.0164,-3.0279,-12.126,-3.8634,NaN,NaN,NaN,NaN,NaN
544.97,-6.3605,-8.7933,0.10416,-0.75087,1.0854,-7.5962,-3.1528,-10.801,-3.7049,0,0,0,NaN,NaN,NaN,NaN,NaN,NaN,NaN,NaN,NaN,47.669,0,2186.8,0.0080533,NaN,NaN,NaN,NaN,11.634,97125,10.25,-0.561,0.22019,-7.0242,-3.0162,-12.052,-3.8541,NaN,NaN,NaN,NaN,NaN
544.97,-6.3652,-8.8218,0.098274,-0.5691,1.0076,-6.7476,-2.6821,-11.183,-3.7223,0.6141,0.10804,-0.96961,4.4649,12.436,-2.1533,13.387,40.058,-88.549,3.6787e+05,4.4354e+06,311.48,47.669,0,2186.8,0.0080533,NaN,NaN,NaN,NaN,NaN,-1,-1,-0.56436,0.21831,-7.0255,-3.0022,-12.077,-3.832,12.626,4.3918,0.71075,3.2219,19.151
544.98,-6.3687,-8.8543,0.092094,-0.9381,0.51223,-6.8789,-2.2545,-12.738,-4.0492,0,0,0,NaN,NaN,NaN,NaN,NaN,NaN,NaN,NaN,NaN,47.669,0,2186.8,0.0080533,NaN,NaN,NaN,NaN,11.8,97159,10.313,-0.5594,0.23407,-7.0054,-2.9674,-11.882,-3.8081,NaN,NaN,NaN,NaN,NaN
544.98,-6.3729,-8.8852,0.085808,-0.45233,-0.82324,-7.0257,-2.5656,-12.115,-4.0208,0,0,0,NaN,NaN,NaN,NaN,NaN,NaN,NaN,NaN,NaN,47.669,0,2186.8,0.0080533,NaN,NaN,NaN,NaN,NaN,-1,-1,-0.56331,0.24919,-7.0058,-2.9053,-11.834,-3.7894,NaN,NaN,NaN,NaN,NaN
544.98,-6.3793,-8.9145,0.079826,-0.21514,-0.48606,-6.965,-3.3896,-11.491,-3.8286,0,0,0,NaN,NaN,NaN,NaN,NaN,NaN,NaN,NaN,NaN,47.669,0,2186.8,0.0080533,0.97181,2.9367,0.63533,0.092398,NaN,-1,-1,-0.569,0.25248,-7.0103,-2.8472,-11.798,-3.777,NaN,NaN,NaN,NaN,NaN
544.98,-6.3853,-8.9464,0.073219,-0.75907,0.28054,-7.7001,-3.2605,-12.489,-4.1156,0.62072,0.10096,-0.96456,NaN,NaN,NaN,NaN,NaN,NaN,NaN,NaN,NaN,47.669,0,2186.8,0.0080533,NaN,NaN,NaN,NaN,11.768,97133,10.25,-0.56033,0.24021,-6.9424,-2.7941,-11.655,-3.769,NaN,NaN,NaN,NaN,NaN
544.99,-6.3915,-8.9752,0.066223,-0.50582,-0.28448,-7.4978,-3.4221,-11.277,-4.2131,0,0,0,NaN,NaN,NaN,NaN,NaN,NaN,NaN,NaN,NaN,47.669,0,2186.8,0.0080533,NaN,NaN,NaN,NaN,NaN,-1,-1,-0.55798,0.23129,-6.943,-2.7678,-11.568,-3.7519,NaN,NaN,NaN,NaN,NaN
544.99,-6.3983,-9.0052,0.06015,-0.46452,0.63222,-6.1576,-3.5603,-11.731,-3.8969,0,0,0,NaN,NaN,NaN,NaN,NaN,NaN,NaN,NaN,NaN,47.669,0,2186.8,0.0080533,NaN,NaN,NaN,NaN,NaN,-1,-1,-0.5641,0.23575,-6.9489,-2.7715,-11.509,-3.7149,NaN,NaN,NaN,NaN,NaN
544.99,-6.4031,-9.0372,0.055183,-0.81658,1.8009,-7.6355,-2.6867,-12.623,-3.5514,0,0,0,NaN,NaN,NaN,NaN,NaN,NaN,NaN,NaN,NaN,47.669,0,2186.8,0.0080533,0.96962,2.9432,0.64446,NaN,11.697,97091,10.063,-0.55693,0.22875,-6.9525,-2.8083,-11.394,-3.6796,NaN,NaN,NaN,NaN,NaN
544.99,-6.4064,-9.0663,0.048805,-0.8506,0.43401,-7.5667,-2.1889,-11.378,-3.867,0.63245,0.09346,-0.96574,NaN,NaN,NaN,NaN,NaN,NaN,NaN,NaN,NaN,47.669,0,2186.8,0.0080533,NaN,NaN,NaN,0.079079,NaN,-1,-1,-0.56544,0.23473,-6.9493,-2.851,-11.32,-3.6421,NaN,NaN,NaN,NaN,NaN
545,-6.4112,-9.0968,0.043449,-0.5255,-0.85585,-6.3575,-2.7174,-12.009,-3.643,0,0,0,NaN,NaN,NaN,NaN,NaN,NaN,NaN,NaN,NaN,47.669,0,2186.8,0.0080533,NaN,NaN,NaN,NaN,11.736,97162,10.375,-0.56335,0.24512,-6.8891,-2.8482,-11.283,-3.6242,NaN,NaN,NaN,NaN,NaN
545,-6.4164,-9.1288,0.038315,-0.42355,0.50442,-6.8919,-2.8783,-12.59,-3.6256,0,0,0,NaN,NaN,NaN,NaN,NaN,NaN,NaN,NaN,NaN,47.669,0,2186.8,0.0080533,NaN,NaN,NaN,NaN,NaN,-1,-1,-0.56213,0.24684,-6.9038,-2.8273,-11.162,-3.6146,NaN,NaN,NaN,NaN,NaN
545,-6.4204,-9.1589,0.03231,-0.19495,-0.53644,-7.5094,-2.4402,-11.792,-3.8756,0,0,0,NaN,NaN,NaN,NaN,NaN,NaN,NaN,NaN,NaN,47.669,0,2186.8,0.0080533,NaN,NaN,NaN,NaN,NaN,-1,-1,-0.56293,0.24752,-6.8986,-2.8176,-11.152,-3.6038,NaN,NaN,NaN,NaN,NaN
545,-6.4265,-9.1865,0.025734,-0.47413,-0.99459,-7.9012,-3.3431,-10.801,-3.804,0.62301,0.098524,-0.96435,NaN,NaN,NaN,NaN,NaN,NaN,NaN,NaN,NaN,47.669,0,2186.8,0.0080533,NaN,NaN,NaN,NaN,11.765,97106,10.125,-0.56216,0.23967,-6.9018,-2.8078,-11.174,-3.5958,NaN,NaN,NaN,NaN,NaN
545.01,-6.4348,-9.2164,0.020355,-0.37632,0.96728,-6.4015,-4.1252,-11.763,-3.6279,0,0,0,NaN,NaN,NaN,NaN,NaN,NaN,NaN,NaN,NaN,47.669,0,2186.8,0.0080533,NaN,NaN,NaN,NaN,NaN,-1,-1,-0.56225,0.22124,-6.8914,-2.8067,-10.976,-3.5933,NaN,NaN,NaN,NaN,NaN
545.01,-6.4466,-9.2774,0.009331,-0.8042,0.88637,-7.1769,-3.1709,-11.745,-3.6789,0,0,0,NaN,NaN,NaN,NaN,NaN,NaN,NaN,NaN,NaN,47.669,0,2186.8,0.0080533,NaN,NaN,NaN,NaN,11.735,97147,10.313,-0.55433,0.20773,-6.8921,-2.8469,-10.948,-3.5939,NaN,NaN,NaN,NaN,NaN
545.01,-6.4509,-9.3077,0.003723,-0.72323,0.97182,-7.5014,-2.5502,-11.926,-3.6653,0.63489,0.10077,-0.96328,NaN,NaN,NaN,NaN,NaN,NaN,NaN,NaN,NaN,47.669,0,2186.8,0.0080533,NaN,NaN,NaN,NaN,NaN,-1,-1,-0.55701,0.21665,-6.8941,-2.8722,-11.094,-3.5855,NaN,NaN,NaN,NaN,NaN
545.01,0,0,0,0,0,0,0,0,0,0,0,0,NaN,NaN,NaN,NaN,NaN,NaN,NaN,NaN,NaN,47.826,0,2172.5,0.0069644,NaN,NaN,NaN,NaN,11.834,97094,10.125,-0.56181,0.23307,-6.892,-2.8677,-10.918,-3.5945,NaN,NaN,NaN,NaN,NaN
545.02,-6.4547,-9.3361,-0.002403,-0.8967,0.55466,-6.5932,-2.3885,-11.111,-3.8559,0,0,0,NaN,NaN,NaN,NaN,NaN,NaN,NaN,NaN,NaN,47.826,0,2172.5,0.0069644,NaN,NaN,NaN,NaN,NaN,-1,-1,-0.56338,0.24832,-6.8874,-2.863,-10.818,-3.6146,NaN,NaN,NaN,NaN,NaN
545.02,-6.4588,-9.3666,-0.008194,-0.16442,-1.2045,-6.3877,-2.5043,-11.966,-3.8228,0,0,0,NaN,NaN,NaN,NaN,NaN,NaN,NaN,NaN,NaN,47.826,0,2172.5,0.0069644,1.037,2.8579,0.70714,-0.0041621,NaN,-1,-1,-0.56771,0.26057,-6.8857,-2.8721,-10.976,-3.6151,NaN,NaN,NaN,NaN,NaN
545.02,-6.4715,-9.4292,-0.019554,-1.0582,0.44879,-7.6715,-3.4258,-10.739,-3.8262,0.63443,0.098724,-0.95664,NaN,NaN,NaN,NaN,NaN,NaN,NaN,NaN,NaN,47.826,0,2172.5,0.0069644,NaN,NaN,NaN,NaN,11.801,97110,10.188,-0.57459,0.26206,-6.9318,-2.8516,-10.973,-3.6242,NaN,NaN,NaN,NaN,NaN
545.02,-6.4774,-9.456,-0.026176,-0.20337,-0.042184,-6.326,-3.2739,-10.439,-3.9811,0,0,0,NaN,NaN,NaN,NaN,NaN,NaN,NaN,NaN,NaN,47.826,0,2172.5,0.0069644,NaN,NaN,NaN,NaN,NaN,-1,-1,-0.57913,0.26187,-6.9506,-2.8765,-10.927,-3.6345,NaN,NaN,NaN,NaN,NaN
545.03,-6.4886,-9.5217,-0.03746,-1.0437,1.6147,-8.3084,-3.0509,-11.555,-3.6397,0,0,0,NaN,NaN,NaN,NaN,NaN,NaN,NaN,NaN,NaN,47.826,0,2172.5,0.0069644,NaN,NaN,NaN,NaN,11.935,97128,10.25,-0.57428,0.2412,-6.9387,-2.9298,-11.023,-3.6441,NaN,NaN,NaN,NaN,NaN
545.03,-6.5794,-9.5857,0.047539,-0.62974,0.26169,-6.4943,-2.6261,-9.4409,-3.9235,0.63226,0.096108,-0.96129,NaN,NaN,NaN,NaN,NaN,NaN,NaN,NaN,NaN,47.826,0,2172.5,0.0069644,NaN,NaN,NaN,NaN,NaN,-1,-1,-0.57062,0.23078,-6.9423,-2.9834,-11.049,-3.6472,NaN,NaN,NaN,NaN,NaN
545.03,-6.5848,-9.6211,0.042557,-0.52393,-0.96211,-5.291,-2.94,-13.937,-3.7574,0,0,0,NaN,NaN,NaN,NaN,NaN,NaN,NaN,NaN,NaN,47.826,0,2172.5,0.0069644,NaN,NaN,NaN,NaN,NaN,-1,-1,-0.57301,0.2277,-6.9307,-3.0331,-10.991,-3.656,NaN,NaN,NaN,NaN,NaN
545.03,-6.597,-9.6792,0.031059,-0.37219,-0.56191,-7.4026,-3.1705,-9.5801,-3.827,0,0,0,NaN,NaN,NaN,NaN,NaN,NaN,NaN,NaN,NaN,47.826,0,2172.5,0.0069644,NaN,NaN,NaN,NaN,11.696,97118,10.125,-0.58065,0.23657,-6.9939,-3.0751,-11.082,-3.6678,NaN,NaN,NaN,NaN,NaN
545.04,-6.6045,-9.7083,0.024994,-0.17226,-0.89225,-6.3606,-3.8436,-11.435,-3.5211,0.63908,0.096253,-0.95622,NaN,NaN,NaN,NaN,NaN,NaN,NaN,NaN,NaN,47.826,0,2172.5,0.0069644,NaN,NaN,NaN,NaN,NaN,-1,-1,-0.5877,0.25619,-6.9898,-3.1064,-11.134,-3.6839,NaN,NaN,NaN,NaN,NaN
545.04,-6.613,-9.7422,0.020447,-0.55616,1.361,-6.6792,-4.1738,-13.373,-3.5255,0,0,0,NaN,NaN,NaN,NaN,NaN,NaN,NaN,NaN,NaN,47.826,0,2172.5,0.0069644,NaN,NaN,NaN,NaN,NaN,-1,-1,-0.58955,0.24773,-6.9936,-3.1524,-11.113,-3.6959,NaN,NaN,NaN,NaN,NaN
545.04,-6.6198,-9.7712,0.015038,-0.90813,1.209,-8.2467,-3.5632,-11.369,-3.6333,0,0,0,NaN,NaN,NaN,NaN,NaN,NaN,NaN,NaN,NaN,47.826,0,2172.5,0.0069644,NaN,NaN,NaN,NaN,11.866,97120,10.188,-0.58984,0.23524,-6.9985,-3.1952,-11.225,-3.7231,NaN,NaN,NaN,NaN,NaN
545.04,-6.6261,-9.7985,0.008018,-0.91124,0.56284,-7.1398,-3.4524,-10.643,-4.1865,0,0,0,NaN,NaN,NaN,NaN,NaN,NaN,NaN,NaN,NaN,47.826,0,2172.5,0.0069644,0.96579,2.9349,0.63047,0.098224,NaN,-1,-1,-0.58502,0.21787,-7.0039,-3.2421,-11.28,-3.7462,NaN,NaN,NaN,NaN,NaN
545.05,-6.6311,-9.8313,0.00222,-0.69897,0.96262,-6.3982,-2.8418,-12.889,-3.8346,0.64158,0.096099,-0.95822,NaN,NaN,NaN,NaN,NaN,NaN,NaN,NaN,NaN,47.826,0,2172.5,0.0069644,NaN,NaN,NaN,NaN,11.798,97112,10.125,-0.58353,0.21526,-7.0023,-3.3168,-11.275,-3.7773,NaN,NaN,NaN,NaN,NaN
545.05,-6.6352,-9.8617,-0.004364,-0.57038,0.17351,-7.3972,-2.5496,-11.865,-4.1577,0,0,0,NaN,NaN,NaN,NaN,NaN,NaN,NaN,NaN,NaN,47.826,0,2172.5,0.0069644,NaN,NaN,NaN,NaN,NaN,-1,-1,-0.58814,0.24057,-7.0124,-3.377,-11.417,-3.7971,NaN,NaN,NaN,NaN,NaN
545.05,-6.6398,-9.8893,-0.011017,-0.34985,-1.1693,-6.4862,-2.7762,-10.784,-4.0596,0,0,0,NaN,NaN,NaN,NaN,NaN,NaN,NaN,NaN,NaN,47.826,0,2172.5,0.0069644,NaN,NaN,NaN,NaN,NaN,-1,-1,-0.59514,0.25188,-7.0141,-3.4219,-11.47,-3.8171,NaN,NaN,NaN,NaN,NaN
545.05,-6.6459,-9.9229,-0.016838,-0.42352,-0.17458,-7.5444,-3.2985,-13.159,-4.0127,0,0,0,NaN,NaN,NaN,NaN,NaN,NaN,NaN,NaN,NaN,47.826,0,2172.5,0.0069644,NaN,NaN,NaN,NaN,11.797,97095,10.063,-0.5973,0.25663,-7.0089,-3.4648,-11.5,-3.8445,NaN,NaN,NaN,NaN,NaN
545.06,-6.6531,-9.9523,-0.023369,-0.74979,0.33471,-7.7089,-3.7925,-11.509,-3.9719,0.64361,0.093902,-0.95358,NaN,NaN,NaN,NaN,NaN,NaN,NaN,NaN,NaN,47.826,0,2172.5,0.0069644,0.96141,2.9373,0.63473,NaN,NaN,-1,-1,-0.60076,0.26352,-7.0042,-3.525,-11.639,-3.868,NaN,NaN,NaN,NaN,NaN
545.06,-6.6603,-9.9791,-0.029999,-0.55309,0.20666,-6.6311,-3.8256,-10.461,-4.0178,0,0,0,NaN,NaN,NaN,NaN,NaN,NaN,NaN,NaN,NaN,47.826,0,2172.5,0.0069644,NaN,NaN,NaN,0.081576,NaN,-1,-1,-0.60181,0.2492,-7.0122,-3.5477,-11.752,-3.8984,NaN,NaN,NaN,NaN,NaN
545.06,-6.6684,-10.014,-0.035324,-0.53113,0.88998,-7.1654,-4.0856,-13.622,-3.8726,0,0,0,NaN,NaN,NaN,NaN,NaN,NaN,NaN,NaN,NaN,47.826,0,2172.5,0.0069644,NaN,NaN,NaN,NaN,11.802,97130,10.25,-0.59979,0.22977,-7.0087,-3.5819,-11.792,-3.9337,NaN,NaN,NaN,NaN,NaN
545.06,-6.6744,-10.044,-0.041267,-1.0596,1.7004,-7.5774,-3.2624,-11.708,-3.8892,0,0,0,NaN,NaN,NaN,NaN,NaN,NaN,NaN,NaN,NaN,47.826,0,2172.5,0.0069644,NaN,NaN,NaN,NaN,NaN,-1,-1,-0.60039,0.24004,-7.0097,-3.6729,-11.885,-3.9615,NaN,NaN,NaN,NaN,NaN
545.07,-6.6801,-10.068,-0.04882,-0.63411,-0.48094,-6.6477,-3.2678,-9.3557,-4.1306,0.64124,0.093934,-0.95379,NaN,NaN,NaN,NaN,NaN,NaN,NaN,NaN,NaN,47.826,0,2172.5,0.0069644,NaN,NaN,NaN,NaN,11.699,97141,10.25,-0.60225,0.25589,-7.0219,-3.7506,-12.026,-3.9868,NaN,NaN,NaN,NaN,NaN
545.07,-6.6876,-10.103,-0.05423,-0.39101,-0.72478,-5.5949,-3.8244,-13.947,-3.9473,0,0,0,NaN,NaN,NaN,NaN,NaN,NaN,NaN,NaN,NaN,47.826,0,2172.5,0.0069644,NaN,NaN,NaN,NaN,NaN,-1,-1,-0.60833,0.27625,-7.009,-3.8133,-12.134,-4.0055,NaN,NaN,NaN,NaN,NaN
545.07,-6.6948,-10.135,-0.058975,-0.50373,0.6515,-8.947,-3.6937,-12.651,-3.5322,0,0,0,NaN,NaN,NaN,NaN,NaN,NaN,NaN,NaN,NaN,47.826,0,2172.5,0.0069644,1.037,2.8442,0.70714,0.015816,NaN,-1,-1,-0.60882,0.27588,-7.0062,-3.7896,-11.828,-3.8899,NaN,NaN,NaN,NaN,NaN
545.07,-6.7024,-10.159,-0.065536,-0.41595,-0.93319,-7.6125,-3.9803,-9.3712,-3.8719,0,0,0,NaN,NaN,NaN,NaN,NaN,NaN,NaN,NaN,NaN,47.826,0,2172.5,0.0069644,NaN,NaN,NaN,NaN,11.896,97100,10.063,-0.61158,0.2654,-6.999,-3.8066,-11.808,-3.8799,NaN,NaN,NaN,NaN,NaN
545.08,-6.7122,-10.189,-0.071579,-0.1642,-0.44608,-5.6671,-4.7925,-11.545,-3.7932,0.6484,0.096244,-0.95315,NaN,NaN,NaN,NaN,NaN,NaN,NaN,NaN,NaN,47.826,0,2172.5,0.0069644,NaN,NaN,NaN,NaN,NaN,-1,-1,-0.60811,0.26047,-7.0072,-3.8213,-11.826,-3.8787,NaN,NaN,NaN,NaN,NaN
545.08,-6.7219,-10.223,-0.076576,-0.60955,1.7213,-7.2765,-4.7257,-13.553,-3.7454,0,0,0,NaN,NaN,NaN,NaN,NaN,NaN,NaN,NaN,NaN,47.826,0,2172.5,0.0069644,NaN,NaN,NaN,NaN,NaN,-1,-1,-0.60576,0.24049,-6.9949,-3.8524,-11.888,-3.8753,NaN,NaN,NaN,NaN,NaN
545.08,-6.7294,-10.252,-0.082222,-1.0584,1.2925,-7.9259,-3.86,-11.286,-3.7331,0,0,0,NaN,NaN,NaN,NaN,NaN,NaN,NaN,NaN,NaN,47.826,0,2172.5,0.0069644,NaN,NaN,NaN,NaN,11.633,97133,10.25,-0.60126,0.23621,-6.9885,-3.8811,-11.866,-3.8861,NaN,NaN,NaN,NaN,NaN
545.08,-6.7367,-10.279,-0.088409,-0.78592,0.32527,-6.9084,-3.8199,-10.515,-3.8586,0,0,0,NaN,NaN,NaN,NaN,NaN,NaN,NaN,NaN,NaN,47.826,0,2172.5,0.0069644,1.0255,2.8484,0.69802,-0,NaN,-1,-1,-0.60483,0.25612,-6.9945,-3.9179,-11.801,-3.8853,NaN,NaN,NaN,NaN,NaN
545.09,-6.7434,-10.313,-0.093567,-0.83492,1.0652,-6.369,-3.5094,-13.399,-3.6989,0.65334,0.1034,-0.9527,NaN,NaN,NaN,NaN,NaN,NaN,NaN,NaN,NaN,47.826,0,2172.5,0.0069644,NaN,NaN,NaN,NaN,11.865,97129,10.188,-0.60902,0.27657,-6.9874,-3.9542,-11.796,-3.8869,NaN,NaN,NaN,NaN,NaN
545.09,-6.749,-10.341,-0.099998,-0.58596,-0.091792,-7.324,-3.1702,-10.773,-3.9846,0,0,0,NaN,NaN,NaN,NaN,NaN,NaN,NaN,NaN,NaN,47.826,0,2172.5,0.0069644,NaN,NaN,NaN,NaN,NaN,-1,-1,-0.61049,0.27661,-6.9675,-4.0032,-11.878,-3.8909,NaN,NaN,NaN,NaN,NaN
545.09,-6.7559,-10.37,-0.10607,-0.20595,-1.3482,-6.5411,-3.6536,-11.47,-3.9328,0,0,0,NaN,NaN,NaN,NaN,NaN,NaN,NaN,NaN,NaN,47.826,0,2172.5,0.0069644,NaN,NaN,NaN,NaN,NaN,-1,-1,-0.61513,0.2864,-6.9555,-4.0248,-11.732,-3.897,NaN,NaN,NaN,NaN,NaN
545.09,-6.764,-10.404,-0.1116,-0.60476,0.44569,-7.3819,-4.1138,-13.349,-3.9438,0,0,0,NaN,NaN,NaN,NaN,NaN,NaN,NaN,NaN,NaN,47.826,0,2172.5,0.0069644,NaN,NaN,NaN,NaN,12.033,97136,10.25,-0.61397,0.28321,-6.9692,-4.0701,-11.738,-3.8863,NaN,NaN,NaN,NaN,NaN
545.1,-6.7724,-10.431,-0.11794,-0.71692,0.00876,-7.565,-4.2961,-10.607,-3.8574,0.64558,0.094232,-0.94671,NaN,NaN,NaN,NaN,NaN,NaN,NaN,NaN,NaN,47.826,0,2172.5,0.0069644,0.9625,2.9349,0.6402,0.09656,NaN,-1,-1,-0.61065,0.26411,-6.9475,-4.1086,-11.86,-3.8753,NaN,NaN,NaN,NaN,NaN
545.1,-6.7815,-10.46,-0.12488,-0.58231,0.37593,-6.0733,-4.5974,-11.074,-4.2326,0,0,0,NaN,NaN,NaN,NaN,NaN,NaN,NaN,NaN,NaN,47.826,0,2172.5,0.0069644,NaN,NaN,NaN,NaN,NaN,-1,-1,-0.60867,0.25359,-6.94,-4.1136,-11.817,-3.8691,NaN,NaN,NaN,NaN,NaN
545.1,-6.7898,-10.494,-0.13,-0.62597,1.1903,-8.1693,-4.1725,-13.549,-3.8019,0,0,0,NaN,NaN,NaN,NaN,NaN,NaN,NaN,NaN,NaN,47.826,0,2172.5,0.0069644,NaN,NaN,NaN,NaN,11.932,97107,10.125,-0.61229,0.26357,-6.9467,-4.1333,-11.752,-3.8896,NaN,NaN,NaN,NaN,NaN
545.1,-6.7971,-10.521,-0.13606,-1.1381,1.3291,-6.5345,-3.8325,-10.353,-3.8031,0,0,0,NaN,NaN,NaN,NaN,NaN,NaN,NaN,NaN,NaN,47.826,0,2172.5,0.0069644,NaN,NaN,NaN,NaN,NaN,-1,-1,-0.60949,0.2743,-6.936,-4.1542,-11.839,-3.8868,NaN,NaN,NaN,NaN,NaN
545.11,-6.8039,-10.551,-0.14291,-0.27776,-0.58652,-6.2922,-3.6678,-11.805,-4.1494,0.65544,0.10361,-0.94805,NaN,NaN,NaN,NaN,NaN,NaN,NaN,NaN,NaN,47.826,0,2172.5,0.0069644,NaN,NaN,NaN,NaN,11.666,97113,10.188,-0.61559,0.28699,-6.9266,-4.1596,-11.833,-3.8887,NaN,NaN,NaN,NaN,NaN
545.11,-6.8122,-10.585,-0.14787,-0.73993,-0.1094,-6.9356,-4.1627,-13.463,-3.7442,0,0,0,NaN,NaN,NaN,NaN,NaN,NaN,NaN,NaN,NaN,47.826,0,2172.5,0.0069644,0.96688,2.9337,0.6329,0.099889,NaN,-1,-1,-0.62485,0.3017,-6.9052,-4.1607,-11.774,-3.893,NaN,NaN,NaN,NaN,NaN
545.11,-6.8194,-10.614,-0.15373,-0.49522,0.064636,-8.0161,-3.7823,-11.21,-3.8217,0,0,0,NaN,NaN,NaN,NaN,NaN,NaN,NaN,NaN,NaN,47.826,0,2172.5,0.0069644,0.96688,2.9337,0.6329,0.099889,NaN,-1,-1,-0.6225,0.30207,-6.9039,-4.1728,-11.832,-3.8953,NaN,NaN,NaN,NaN,NaN
545.11,-6.8283,-10.643,-0.15968,-0.1737,-0.92801,-6.9587,-4.4361,-11.303,-3.8789,0,0,0,NaN,NaN,NaN,NaN,NaN,NaN,NaN,NaN,NaN,47.826,0,2172.5,0.0069644,NaN,NaN,NaN,NaN,11.869,97124,10.25,-0.62188,0.29014,-6.8937,-4.1891,-11.844,-3.8935,NaN,NaN,NaN,NaN,NaN
545.12,-6.839,-10.675,-0.16494,-0.39939,0.15494,-6.0752,-5.1458,-12.609,-3.6775,0.64823,0.10876,-0.94424,NaN,NaN,NaN,NaN,NaN,NaN,NaN,NaN,NaN,47.826,0,2172.5,0.0069644,NaN,NaN,NaN,NaN,NaN,-1,-1,-0.62064,0.2824,-6.8832,-4.1884,-11.765,-3.9008,NaN,NaN,NaN,NaN,NaN
545.12,-6.8483,-10.706,-0.17018,-0.94219,1.6937,-8.2103,-4.5713,-12.171,-3.6975,0,0,0,NaN,NaN,NaN,NaN,NaN,NaN,NaN,NaN,NaN,47.826,0,2172.5,0.0069644,NaN,NaN,NaN,NaN,NaN,-1,-1,-0.6157,0.26728,-6.876,-4.1828,-11.856,-3.9041,NaN,NaN,NaN,NaN,NaN
545.12,-6.8566,-10.733,-0.17606,-0.74533,1.023,-6.7969,-4.2224,-10.799,-3.7942,0,0,0,NaN,NaN,NaN,NaN,NaN,NaN,NaN,NaN,NaN,47.826,0,2172.5,0.0069644,NaN,NaN,NaN,NaN,11.901,97113,10.188,-0.62021,0.2899,-6.8815,-4.1666,-11.85,-3.9019,NaN,NaN,NaN,NaN,NaN
545.12,-6.8643,-10.764,-0.18202,-0.79168,0.71049,-6.8106,-4.0117,-12.091,-3.9832,0,0,0,NaN,NaN,NaN,NaN,NaN,NaN,NaN,NaN,NaN,47.826,0,2172.5,0.0069644,0.96469,2.9349,0.63533,NaN,NaN,-1,-1,-0.62556,0.30623,-6.8604,-4.1701,-11.755,-3.9125,NaN,NaN,NaN,NaN,NaN
545.13,-6.8778,-10.822,-0.19421,-0.37399,-0.3653,-6.2022,-3.5704,-11.354,-3.9372,0,0,0,NaN,NaN,NaN,NaN,NaN,NaN,NaN,NaN,NaN,47.826,0,2172.5,0.0069644,NaN,NaN,NaN,0.10821,11.6,97145,10.313,-0.62662,0.31124,-6.8469,-4.1772,-11.82,-3.9187,NaN,NaN,NaN,NaN,NaN
545.13,-6.886,-10.855,-0.20069,-0.29032,-0.77075,-6.8708,-4.2384,-12.664,-4.2651,0,0,0,NaN,NaN,NaN,NaN,NaN,NaN,NaN,NaN,NaN,47.826,0,2172.5,0.0069644,NaN,NaN,NaN,NaN,NaN,-1,-1,-0.63122,0.3193,-6.836,-4.1533,-11.82,-3.9101,NaN,NaN,NaN,NaN,NaN
545.13,-6.8944,-10.887,-0.2066,-0.82016,-0.003102,-8.1041,-4.257,-12.536,-4.0176,0,0,0,NaN,NaN,NaN,NaN,NaN,NaN,NaN,NaN,NaN,47.826,0,2172.5,0.0069644,NaN,NaN,NaN,NaN,NaN,-1,-1,-0.63229,0.31508,-6.8388,-4.1418,-11.76,-3.9176,NaN,NaN,NaN,NaN,NaN
545.13,-6.9035,-10.912,-0.21393,-0.71917,0.17184,-7.0001,-4.6675,-9.7759,-4.1207,0.65789,0.11585,-0.94337,NaN,NaN,NaN,NaN,NaN,NaN,NaN,NaN,NaN,47.875,0,2165.4,0.0069644,NaN,NaN,NaN,NaN,11.768,97133,10.25,-0.62785,0.28983,-6.8238,-4.136,-11.738,-3.9154,NaN,NaN,NaN,NaN,NaN
545.14,-6.9129,-10.941,-0.2198,-0.35645,0.71058,-5.6978,-4.6825,-11.5,-3.8813,0,0,0,NaN,NaN,NaN,NaN,NaN,NaN,NaN,NaN,NaN,47.875,0,2165.4,0.0069644,NaN,NaN,NaN,NaN,NaN,-1,-1,-0.62796,0.28569,-6.8118,-4.1578,-11.773,-3.9053,NaN,NaN,NaN,NaN,NaN
545.14,-6.9213,-10.977,-0.22487,-0.94725,1.3533,-8.0948,-4.2147,-13.985,-3.8696,0,0,0,NaN,NaN,NaN,NaN,NaN,NaN,NaN,NaN,NaN,47.875,0,2165.4,0.0069644,NaN,NaN,NaN,NaN,NaN,-1,-1,-0.63085,0.29726,-6.8021,-4.1744,-11.759,-3.9015,NaN,NaN,NaN,NaN,NaN
545.14,-6.9278,-11.002,-0.23174,-1.0939,0.90075,-7.2228,-3.5903,-9.8373,-4.0771,0,0,0,NaN,NaN,NaN,NaN,NaN,NaN,NaN,NaN,NaN,47.875,0,2165.4,0.0069644,NaN,NaN,NaN,NaN,11.801,97136,10.25,-0.63486,0.30769,-6.7854,-4.1757,-11.734,-3.8964,NaN,NaN,NaN,NaN,NaN
545.14,-6.9335,-11.032,-0.23756,-0.25267,-0.3831,-5.2691,-3.18,-11.465,-3.8458,0.65529,0.093861,-0.9503,NaN,NaN,NaN,NaN,NaN,NaN,NaN,NaN,NaN,47.875,0,2165.4,0.0069644,NaN,NaN,NaN,NaN,NaN,-1,-1,-0.63968,0.32624,-6.7713,-4.1737,-11.767,-3.8807,NaN,NaN,NaN,NaN,NaN
545.15,-6.9413,-11.068,-0.24245,-0.7627,-0.26774,-7.158,-3.979,-14.131,-3.8174,0,0,0,NaN,NaN,NaN,NaN,NaN,NaN,NaN,NaN,NaN,47.875,0,2165.4,0.0069644,NaN,NaN,NaN,NaN,11.8,97139,10.25,-0.64353,0.32964,-6.7672,-4.1573,-11.721,-3.8694,NaN,NaN,NaN,NaN,NaN
545.15,-6.9487,-11.097,-0.24854,-0.57144,0.065072,-8.2222,-3.8671,-11.375,-3.9621,0,0,0,NaN,NaN,NaN,NaN,NaN,NaN,NaN,NaN,NaN,47.875,0,2165.4,0.0069644,0.98112,2.9403,0.64872,0.079911,NaN,-1,-1,-0.64466,0.31395,-6.7516,-4.1314,-11.693,-3.8651,NaN,NaN,NaN,NaN,NaN
545.15,-6.9575,-11.122,-0.255,-0.19322,-0.69807,-6.5419,-4.4912,-9.6766,-3.8987,0,0,0,NaN,NaN,NaN,NaN,NaN,NaN,NaN,NaN,NaN,47.875,0,2165.4,0.0069644,0.98112,2.9403,0.64872,0.079911,NaN,-1,-1,-0.64152,0.29934,-6.7385,-4.1075,-11.723,-3.8575,NaN,NaN,NaN,NaN,NaN
545.15,-6.9679,-11.154,-0.26083,-0.44379,0.2401,-5.6034,-5.0675,-12.624,-3.7733,0.65019,0.10416,-0.9396,NaN,NaN,NaN,NaN,NaN,NaN,NaN,NaN,NaN,47.875,0,2165.4,0.0069644,NaN,NaN,NaN,NaN,11.998,97127,10.188,-0.63899,0.29165,-6.7364,-4.0865,-11.698,-3.8508,NaN,NaN,NaN,NaN,NaN
545.16,-6.9774,-11.186,-0.26528,-1.0392,1.5599,-8.5701,-4.6243,-12.567,-3.4627,0,0,0,NaN,NaN,NaN,NaN,NaN,NaN,NaN,NaN,NaN,47.875,0,2165.4,0.0069644,NaN,NaN,NaN,NaN,NaN,-1,-1,-0.63844,0.28642,-6.7347,-4.0862,-11.636,-3.8641,NaN,NaN,NaN,NaN,NaN
545.16,-6.9848,-11.212,-0.27126,-0.95108,1.3498,-6.6413,-3.8609,-10.168,-3.7721,0,0,0,NaN,NaN,NaN,NaN,NaN,NaN,NaN,NaN,NaN,47.875,0,2165.4,0.0069644,NaN,NaN,NaN,NaN,NaN,-1,-1,-0.64174,0.31393,-6.7244,-4.097,-11.659,-3.8678,NaN,NaN,NaN,NaN,NaN
545.16,-6.9917,-11.242,-0.27719,-0.69853,0.29099,-6.2973,-3.7041,-11.866,-3.9702,0,0,0,NaN,NaN,NaN,NaN,NaN,NaN,NaN,NaN,NaN,47.875,0,2165.4,0.0069644,0.95922,2.9289,0.63351,0.094895,11.869,97128,10.25,-0.64772,0.32514,-6.7105,-4.0917,-11.57,-3.8642,NaN,NaN,NaN,NaN,NaN
545.16,-6.9987,-11.274,-0.28285,-0.8212,0.74885,-6.1694,-3.69,-12.369,-3.856,0.65031,0.099102,-0.94405,NaN,NaN,NaN,NaN,NaN,NaN,NaN,NaN,NaN,47.875,0,2165.4,0.0069644,NaN,NaN,NaN,NaN,NaN,-1,-1,-0.64899,0.32673,-6.6967,-4.0779,-11.537,-3.8827,NaN,NaN,NaN,NaN,NaN
545.17,-7.0053,-11.303,-0.28876,-0.65717,-0.15549,-7.7209,-3.5777,-11.303,-3.8955,0,0,0,NaN,NaN,NaN,NaN,NaN,NaN,NaN,NaN,NaN,47.875,0,2165.4,0.0069644,NaN,NaN,NaN,NaN,11.868,97135,10.25,-0.65448,0.33181,-6.6925,-4.0725,-11.62,-3.8863,NaN,NaN,NaN,NaN,NaN
545.17,-7.0123,-11.331,-0.29508,-0.32922,-1.0628,-6.3929,-3.7573,-11.018,-4.0191,0,0,0,NaN,NaN,NaN,NaN,NaN,NaN,NaN,NaN,NaN,47.875,0,2165.4,0.0069644,NaN,NaN,NaN,NaN,NaN,-1,-1,-0.65237,0.32102,-6.6786,-4.0352,-11.646,-3.8881,NaN,NaN,NaN,NaN,NaN
545.17,-7.0206,-11.363,-0.30043,-0.59463,0.21016,-6.8908,-4.2431,-12.556,-3.8246,0,0,0,NaN,NaN,NaN,NaN,NaN,NaN,NaN,NaN,NaN,47.875,0,2165.4,0.0069644,NaN,NaN,NaN,NaN,NaN,-1,-1,-0.64592,0.29789,-6.67,-4.02,-11.583,-3.9019,NaN,NaN,NaN,NaN,NaN
545.17,-7.0301,-11.39,-0.30672,-0.69414,0.85004,-7.2762,-4.7249,-10.607,-3.8019,0.6408,0.10176,-0.94268,NaN,NaN,NaN,NaN,NaN,NaN,NaN,NaN,NaN,47.875,0,2165.4,0.0069644,0.97181,2.9367,0.63899,0.092398,11.865,97110,10.125,-0.64944,0.30074,-6.6668,-4.0583,-11.613,-3.8985,NaN,NaN,NaN,NaN,NaN
545.18,-7.0383,-11.42,-0.31271,-0.76955,0.21688,-6.6808,-4.2256,-11.722,-3.9808,0,0,0,NaN,NaN,NaN,NaN,NaN,NaN,NaN,NaN,NaN,47.875,0,2165.4,0.0069644,0.97181,2.9367,0.63899,0.092398,NaN,-1,-1,-0.6487,0.31445,-6.6653,-4.0964,-11.657,-3.8837,NaN,NaN,NaN,NaN,NaN
545.18,-7.053,-11.48,-0.324,-0.8135,1.0275,-6.2962,-3.4047,-11.735,-3.882,0,0,0,NaN,NaN,NaN,NaN,NaN,NaN,NaN,NaN,NaN,47.875,0,2165.4,0.0069644,NaN,NaN,NaN,NaN,NaN,-1,-1,-0.65091,0.31826,-6.6431,-4.2232,-11.959,-3.9994,NaN,NaN,NaN,NaN,NaN
545.18,-7.0597,-11.509,-0.33005,-0.52235,-0.84528,-6.1083,-3.6112,-11.505,-3.8655,0.65735,0.10647,-0.93896,NaN,NaN,NaN,NaN,NaN,NaN,NaN,NaN,NaN,47.875,0,2165.4,0.0069644,NaN,NaN,NaN,NaN,12.063,97149,10.25,-0.65854,0.33748,-6.6377,-4.2075,-11.873,-3.9744,NaN,NaN,NaN,NaN,NaN
545.18,-7.0682,-11.541,-0.33547,-0.93812,-0.20707,-7.531,-4.3066,-12.554,-3.859,0,0,0,NaN,NaN,NaN,NaN,NaN,NaN,NaN,NaN,NaN,47.875,0,2165.4,0.0069644,NaN,NaN,NaN,NaN,NaN,-1,-1,-0.66271,0.34836,-6.6287,-4.1859,-11.776,-3.9503,NaN,NaN,NaN,NaN,NaN
545.19,-7.0764,-11.569,-0.34085,-0.21027,0.49711,-7.0367,-4.2057,-10.935,-3.6528,0,0,0,NaN,NaN,NaN,NaN,NaN,NaN,NaN,NaN,NaN,47.875,0,2165.4,0.0069644,NaN,NaN,NaN,NaN,12,97132,10.25,-0.65946,0.33176,-6.6075,-4.1817,-11.738,-3.936,NaN,NaN,NaN,NaN,NaN
545.19,-7.0949,-11.627,-0.35294,-0.69652,0.86982,-5.839,-5.0246,-11.57,-3.8209,0.65984,0.10631,-0.94097,NaN,NaN,NaN,NaN,NaN,NaN,NaN,NaN,NaN,47.875,0,2165.4,0.0069644,0.96305,2.8078,0.71323,NaN,NaN,-1,-1,-0.66158,0.32367,-6.6115,-4.1347,-11.727,-3.9228,NaN,NaN,NaN,NaN,NaN
545.19,-7.1036,-11.658,-0.35883,-0.90005,1.7705,-7.5403,-4.4176,-12.071,-3.9932,0,0,0,NaN,NaN,NaN,NaN,NaN,NaN,NaN,NaN,NaN,47.875,0,2165.4,0.0069644,NaN,NaN,NaN,0.060766,NaN,-1,-1,-0.65707,0.31874,-6.6044,-4.2378,-11.92,-4.0325,NaN,NaN,NaN,NaN,NaN
545.19,-7.1107,-11.687,-0.36433,-0.8896,1.0399,-6.5099,-3.7528,-11.428,-3.7599,0,0,0,NaN,NaN,NaN,NaN,NaN,NaN,NaN,NaN,NaN,47.875,0,2165.4,0.0069644,NaN,NaN,NaN,NaN,12.067,97148,10.313,-0.6563,0.31695,-6.6025,-4.1969,-11.777,-3.9867,NaN,NaN,NaN,NaN,NaN
545.2,-7.1185,-11.714,-0.3704,-0.84245,0.36575,-7.0486,-4.0703,-10.637,-3.8918,0,0,0,NaN,NaN,NaN,NaN,NaN,NaN,NaN,NaN,NaN,47.875,0,2165.4,0.0069644,NaN,NaN,NaN,NaN,NaN,-1,-1,-0.66173,0.33738,-6.5908,-4.1561,-11.643,-3.9416,NaN,NaN,NaN,NaN,NaN
545.2,-7.1253,-11.744,-0.37681,-0.95584,0.41505,-6.0634,-3.72,-11.726,-4.04,0.6595,0.099214,-0.93877,NaN,NaN,NaN,NaN,NaN,NaN,NaN,NaN,NaN,47.875,0,2165.4,0.0069644,NaN,NaN,NaN,NaN,NaN,-1,-1,-0.66434,0.35016,-6.5801,-4.1218,-11.487,-3.9216,NaN,NaN,NaN,NaN,NaN
545.2,-7.1316,-11.774,-0.38348,-0.19814,-0.25099,-6.6642,-3.5373,-11.556,-4.2445,0,0,0,NaN,NaN,NaN,NaN,NaN,NaN,NaN,NaN,NaN,47.875,0,2165.4,0.0069644,NaN,NaN,NaN,NaN,11.969,97143,10.313,-0.66631,0.3611,-6.5671,-4.0543,-11.262,-3.8911,NaN,NaN,NaN,NaN,NaN
545.2,-7.1394,-11.804,-0.38965,-0.48176,-1.0371,-6.7027,-4.0814,-11.542,-4.0475,0,0,0,NaN,NaN,NaN,NaN,NaN,NaN,NaN,NaN,NaN,47.875,0,2165.4,0.0069644,NaN,NaN,NaN,NaN,11.968,97152,10.313,-0.67084,0.36082,-6.5697,-3.9976,-11.28,-3.8602,NaN,NaN,NaN,NaN,NaN
545.21,-7.1481,-11.834,-0.39616,-1.0369,0.44748,-7.3717,-4.467,-11.852,-4.2216,0,0,0,NaN,NaN,NaN,NaN,NaN,NaN,NaN,NaN,NaN,47.875,0,2165.4,0.0069644,NaN,NaN,NaN,NaN,NaN,-1,-1,-0.67327,0.35758,-6.5481,-3.9246,-11.142,-3.8283,NaN,NaN,NaN,NaN,NaN
545.21,-7.1572,-11.862,-0.40341,-0.51526,0.6736,-7.0111,-4.6767,-10.723,-4.1686,0.65014,0.11162,-0.93515,4.1924,12.647,-2.5405,13.564,40.058,-88.549,3.6787e+05,4.4354e+06,311.11,47.875,0,2165.4,0.0069644,NaN,NaN,NaN,NaN,NaN,-1,-1,-0.66897,0.33529,-6.5313,-3.8644,-10.954,-3.8027,12.87,4.2614,0.42705,1.9005,18.311
545.21,-7.1661,-11.892,-0.40933,-0.76801,0.60354,-5.7183,-4.533,-12.047,-4.0157,0,0,0,NaN,NaN,NaN,NaN,NaN,NaN,NaN,NaN,NaN,47.875,0,2165.4,0.0069644,NaN,NaN,NaN,NaN,NaN,-1,-1,-0.67358,0.34831,-6.5381,-3.8566,-10.881,-3.7742,NaN,NaN,NaN,NaN,NaN
545.21,-7.1734,-11.924,-0.41493,-1.0242,1.6992,-7.6479,-3.8454,-12.211,-3.9092,0,0,0,NaN,NaN,NaN,NaN,NaN,NaN,NaN,NaN,NaN,47.875,0,2165.4,0.0069644,NaN,NaN,NaN,NaN,12.065,97118,10.188,-0.67504,0.36039,-6.5459,-3.8559,-10.866,-3.7341,NaN,NaN,NaN,NaN,NaN
545.22,-7.1869,-11.982,-0.42817,-0.6994,-0.62091,-5.4933,-3.9013,-12.588,-4.1279,0.66895,0.099084,-0.93792,NaN,NaN,NaN,NaN,NaN,NaN,NaN,NaN,NaN,47.875,0,2165.4,0.0069644,0.9855,2.9504,0.65603,0.068258,NaN,-1,-1,-0.67114,0.36178,-6.4604,-3.827,-10.737,-3.6962,NaN,NaN,NaN,NaN,NaN
545.22,-7.1943,-12.013,-0.43352,-0.54354,0.52835,-7.6329,-3.8526,-12.401,-3.8405,0,0,0,NaN,NaN,NaN,NaN,NaN,NaN,NaN,NaN,NaN,47.875,0,2165.4,0.0069644,NaN,NaN,NaN,NaN,NaN,-1,-1,-0.67571,0.36429,-6.4762,-3.7802,-10.618,-3.6732,NaN,NaN,NaN,NaN,NaN
545.22,-7.2019,-12.041,-0.43949,-0.48225,-0.54239,-7.2042,-3.9994,-10.769,-3.8785,0,0,0,NaN,NaN,NaN,NaN,NaN,NaN,NaN,NaN,NaN,47.875,0,2165.4,0.0069644,NaN,NaN,NaN,NaN,12.096,97107,10.125,-0.67579,0.36626,-6.4631,-3.724,-10.588,-3.6505,NaN,NaN,NaN,NaN,NaN
545.22,-7.2108,-12.067,-0.44594,-0.64878,-0.88095,-6.66,-4.5766,-10.076,-3.9843,0,0,0,NaN,NaN,NaN,NaN,NaN,NaN,NaN,NaN,NaN,47.875,0,2165.4,0.0069644,NaN,NaN,NaN,NaN,NaN,-1,-1,-0.67726,0.36613,-6.4589,-3.6638,-10.51,-3.6349,NaN,NaN,NaN,NaN,NaN
545.23,-7.2203,-12.099,-0.45131,-0.35438,1.8289,-6.0216,-4.6631,-12.705,-3.6481,0.68011,0.099526,-0.92576,NaN,NaN,NaN,NaN,NaN,NaN,NaN,NaN,NaN,47.875,0,2165.4,0.0069644,NaN,NaN,NaN,NaN,11.935,97128,10.25,-0.67656,0.35349,-6.4656,-3.5802,-10.438,-3.6263,NaN,NaN,NaN,NaN,NaN
545.23,-7.2277,-12.128,-0.45713,-1.1448,1.3462,-7.4906,-3.9553,-11.335,-3.8962,0,0,0,NaN,NaN,NaN,NaN,NaN,NaN,NaN,NaN,NaN,47.875,0,2165.4,0.0069644,0.96469,2.9277,0.62742,0.0899,NaN,-1,-1,-0.66779,0.34538,-6.4052,-3.5254,-10.408,-3.6241,NaN,NaN,NaN,NaN,NaN
545.23,-7.2337,-12.155,-0.46408,-0.92318,0.67458,-6.4476,-3.4557,-10.534,-4.2423,0,0,0,NaN,NaN,NaN,NaN,NaN,NaN,NaN,NaN,NaN,47.875,0,2165.4,0.0069644,NaN,NaN,NaN,NaN,NaN,-1,-1,-0.67062,0.34264,-6.4176,-3.5264,-10.361,-3.6245,NaN,NaN,NaN,NaN,NaN
545.23,0,0,0,0,0,0,0,0,0,0,0,0,NaN,NaN,NaN,NaN,NaN,NaN,NaN,NaN,NaN,47.875,0,2165.4,0.0069644,NaN,NaN,NaN,NaN,12.095,97110,10.125,-0.67395,0.35725,-6.4232,-3.5135,-10.321,-3.627,NaN,NaN,NaN,NaN,NaN
545.24,-7.2403,-12.185,-0.47002,-0.81934,0.62855,-6.5489,-3.5737,-11.67,-3.9872,0,0,0,NaN,NaN,NaN,NaN,NaN,NaN,NaN,NaN,NaN,47.875,0,2165.4,0.0069644,NaN,NaN,NaN,NaN,NaN,-1,-1,-0.6774,0.36036,-6.4205,-3.4578,-10.236,-3.6202,NaN,NaN,NaN,NaN,NaN
545.24,-7.2456,-12.215,-0.4764,-1.0295,0.59078,-6.3894,-3.1203,-11.368,-3.971,0.67841,0.10389,-0.93483,NaN,NaN,NaN,NaN,NaN,NaN,NaN,NaN,NaN,47.875,0,2165.4,0.0069644,NaN,NaN,NaN,NaN,NaN,-1,-1,-0.67988,0.36609,-6.4198,-3.3901,-10.252,-3.6168,NaN,NaN,NaN,NaN,NaN
545.24,-7.2507,-12.243,-0.48283,-0.19817,-0.86717,-6.5962,-3.0492,-11.026,-4.1069,0,0,0,NaN,NaN,NaN,NaN,NaN,NaN,NaN,NaN,NaN,47.875,0,2165.4,0.0069644,0.97181,2.9409,0.64568,0.091565,12.1,97166,10.375,-0.68369,0.37027,-6.4347,-3.326,-10.264,-3.6232,NaN,NaN,NaN,NaN,NaN
545.24,-7.2663,-12.301,-0.49423,-1.2771,0.83625,-7.0112,-4.3541,-10.22,-3.9303,0,0,0,NaN,NaN,NaN,NaN,NaN,NaN,NaN,NaN,NaN,47.835,0,2158.2,0.0075089,NaN,NaN,NaN,NaN,NaN,-1,-1,-0.68058,0.34875,-6.4384,-3.2781,-10.213,-3.6248,NaN,NaN,NaN,NaN,NaN
545.25,0,0,0,0,0,0,0,0,0,0,0,0,NaN,NaN,NaN,NaN,NaN,NaN,NaN,NaN,NaN,47.835,0,2158.2,0.0075089,NaN,NaN,NaN,NaN,12.034,97128,10.25,-0.67665,0.32922,-6.4368,-3.2876,-10.204,-3.6377,NaN,NaN,NaN,NaN,NaN
545.25,-7.2739,-12.328,-0.50117,-0.34006,0.22966,-6.7671,-4.0905,-10.319,-4.0834,0.6799,0.09724,-0.92355,NaN,NaN,NaN,NaN,NaN,NaN,NaN,NaN,NaN,47.835,0,2158.2,0.0075089,NaN,NaN,NaN,NaN,NaN,-1,-1,-0.68234,0.3482,-6.4509,-3.2856,-10.274,-3.645,NaN,NaN,NaN,NaN,NaN
545.25,-7.2809,-12.361,-0.50706,-0.74343,1.0226,-6.8338,-3.7745,-13.073,-4.1536,0,0,0,NaN,NaN,NaN,NaN,NaN,NaN,NaN,NaN,NaN,47.835,0,2158.2,0.0075089,NaN,NaN,NaN,NaN,NaN,-1,-1,-0.68359,0.35399,-6.4568,-3.2743,-10.261,-3.6491,NaN,NaN,NaN,NaN,NaN
545.25,-7.2913,-12.413,-0.51817,-0.53363,0.26703,-6.0818,-2.8525,-9.9237,-3.7019,0,0,0,NaN,NaN,NaN,NaN,NaN,NaN,NaN,NaN,NaN,47.835,0,2158.2,0.0075089,0.97071,2.9373,0.63899,NaN,12.1,97146,10.313,-0.68882,0.35923,-6.445,-3.2663,-10.257,-3.6568,NaN,NaN,NaN,NaN,NaN
545.26,-7.2969,-12.448,-0.52349,-0.74935,-0.81311,-5.9357,-3.1581,-13.673,-3.8294,0.67099,0.10182,-0.93104,NaN,NaN,NaN,NaN,NaN,NaN,NaN,NaN,NaN,47.835,0,2158.2,0.0075089,NaN,NaN,NaN,0.094895,NaN,-1,-1,-0.69662,0.38277,-6.4464,-3.2451,-10.274,-3.6686,NaN,NaN,NaN,NaN,NaN
545.26,-7.3094,-12.5,-0.53545,-0.30288,-0.33025,-6.1921,-3.4713,-9.598,-3.8538,0,0,0,NaN,NaN,NaN,NaN,NaN,NaN,NaN,NaN,NaN,47.835,0,2158.2,0.0075089,NaN,NaN,NaN,NaN,NaN,-1,-1,-0.69898,0.38308,-6.4478,-3.1949,-10.313,-3.6883,NaN,NaN,NaN,NaN,NaN
545.26,-7.3165,-12.531,-0.54161,-0.50257,-0.00012,-6.0508,-3.8347,-11.847,-4.106,0,0,0,NaN,NaN,NaN,NaN,NaN,NaN,NaN,NaN,NaN,47.835,0,2158.2,0.0075089,NaN,NaN,NaN,NaN,11.999,97121,10.188,-0.6958,0.36209,-6.4369,-3.1846,-10.333,-3.7077,NaN,NaN,NaN,NaN,NaN
545.26,-7.3973,-12.589,-0.47318,-0.78253,0.92927,-7.4694,-4.2106,-11.72,-3.9585,0.69442,0.10415,-0.92447,NaN,NaN,NaN,NaN,NaN,NaN,NaN,NaN,NaN,47.835,0,2158.2,0.0075089,NaN,NaN,NaN,NaN,NaN,-1,-1,-0.69673,0.35529,-6.4405,-3.2099,-10.406,-3.738,NaN,NaN,NaN,NaN,NaN
545.27,-7.4035,-12.618,-0.4791,-0.98838,1.8055,-7.3634,-3.4443,-11.394,-3.982,0,0,0,NaN,NaN,NaN,NaN,NaN,NaN,NaN,NaN,NaN,47.835,0,2158.2,0.0075089,NaN,NaN,NaN,NaN,11.864,97135,10.188,-0.70269,0.35825,-6.5176,-3.2472,-10.405,-3.7651,NaN,NaN,NaN,NaN,NaN
545.27,-7.4081,-12.644,-0.4857,-0.84546,0.92007,-6.7935,-2.8954,-9.8544,-4.0443,0,0,0,NaN,NaN,NaN,NaN,NaN,NaN,NaN,NaN,NaN,47.835,0,2158.2,0.0075089,NaN,NaN,NaN,NaN,NaN,-1,-1,-0.69956,0.34487,-6.5183,-3.2593,-10.43,-3.8026,NaN,NaN,NaN,NaN,NaN
545.27,-7.4127,-12.672,-0.49274,-0.74647,0.1529,-5.1687,-2.9063,-10.869,-4.3452,0,0,0,NaN,NaN,NaN,NaN,NaN,NaN,NaN,NaN,NaN,47.835,0,2158.2,0.0075089,NaN,NaN,NaN,NaN,NaN,-1,-1,-0.70253,0.36967,-6.5256,-3.2634,-10.525,-3.8391,NaN,NaN,NaN,NaN,NaN
545.27,-7.4179,-12.704,-0.49963,-0.89247,0.31071,-7.2692,-3.1526,-12.416,-4.2302,0.68474,0.087185,-0.92981,NaN,NaN,NaN,NaN,NaN,NaN,NaN,NaN,NaN,47.835,0,2158.2,0.0075089,NaN,NaN,NaN,NaN,12.161,97149,10.25,-0.7043,0.38008,-6.539,-3.252,-10.667,-3.8858,NaN,NaN,NaN,NaN,NaN
545.28,-7.4236,-12.731,-0.50643,-0.4293,-0.40146,-7.2152,-3.3156,-10.643,-4.2306,0,0,0,NaN,NaN,NaN,NaN,NaN,NaN,NaN,NaN,NaN,47.835,0,2158.2,0.0075089,NaN,NaN,NaN,NaN,NaN,-1,-1,-0.71192,0.38499,-6.5482,-3.2175,-10.79,-3.9212,NaN,NaN,NaN,NaN,NaN
545.28,-7.429,-12.76,-0.51286,-0.40952,-0.50338,-6.8908,-3.2218,-11.239,-4.161,0,0,0,NaN,NaN,NaN,NaN,NaN,NaN,NaN,NaN,NaN,47.835,0,2158.2,0.0075089,0.97674,2.9558,0.66637,0.074917,NaN,-1,-1,-0.71023,0.37213,-6.5332,-3.226,-10.839,-3.9563,NaN,NaN,NaN,NaN,NaN
545.28,-7.4366,-12.788,-0.51952,-0.8617,0.24216,-6.5811,-4.093,-10.815,-4.1905,0,0,0,NaN,NaN,NaN,NaN,NaN,NaN,NaN,NaN,NaN,47.835,0,2158.2,0.0075089,0.97674,2.9558,0.66637,0.074917,11.732,97123,10.188,-0.71073,0.37559,-6.5468,-3.28,-10.914,-4.0131,NaN,NaN,NaN,NaN,NaN
545.28,-7.4438,-12.817,-0.52595,-0.82266,1.0092,-6.8597,-3.8549,-11.371,-3.8804,0.68241,0.10202,-0.92332,NaN,NaN,NaN,NaN,NaN,NaN,NaN,NaN,NaN,47.835,0,2158.2,0.0075089,NaN,NaN,NaN,NaN,11.967,97159,10.313,-0.70964,0.37637,-6.5792,-3.3442,-11.083,-4.0436,NaN,NaN,NaN,NaN,NaN
545.29,-7.4539,-12.871,-0.53779,-1.0651,1.0589,-6.0504,-2.7688,-10.034,-3.7832,0,0,0,NaN,NaN,NaN,NaN,NaN,NaN,NaN,NaN,NaN,47.835,0,2158.2,0.0075089,NaN,NaN,NaN,NaN,NaN,-1,-1,-0.71124,0.37495,-6.5762,-3.3985,-11.172,-4.0814,NaN,NaN,NaN,NaN,NaN
545.29,-7.4581,-12.899,-0.54374,-0.56537,0.064406,-5.8733,-2.6682,-10.901,-3.9303,0,0,0,NaN,NaN,NaN,NaN,NaN,NaN,NaN,NaN,NaN,47.835,0,2158.2,0.0075089,NaN,NaN,NaN,NaN,11.902,97129,10.25,-0.71713,0.39342,-6.6016,-3.4293,-11.27,-4.12,NaN,NaN,NaN,NaN,NaN
545.29,-7.4631,-12.932,-0.54997,-0.80171,-0.36514,-6.6309,-3.0045,-12.654,-4.1902,0.69961,0.11106,-0.92846,NaN,NaN,NaN,NaN,NaN,NaN,NaN,NaN,NaN,47.835,0,2158.2,0.0075089,1.0298,2.8639,0.70775,-0.0066593,NaN,-1,-1,-0.7204,0.38729,-6.6127,-3.3102,-10.999,-4.0195,NaN,NaN,NaN,NaN,NaN
545.29,-7.4742,-12.986,-0.56262,-0.17003,-0.49026,-6.874,-3.4737,-9.6457,-4.1651,0,0,0,NaN,NaN,NaN,NaN,NaN,NaN,NaN,NaN,NaN,47.835,0,2158.2,0.0075089,NaN,NaN,NaN,NaN,12.192,97116,10.125,-0.72249,0.38871,-6.5989,-3.284,-11.031,-4.0365,NaN,NaN,NaN,NaN,NaN
545.3,-7.4822,-13.014,-0.56852,-0.5773,-0.05603,-6.053,-4.2045,-10.974,-3.9223,0,0,0,NaN,NaN,NaN,NaN,NaN,NaN,NaN,NaN,NaN,47.835,0,2158.2,0.0075089,NaN,NaN,NaN,NaN,NaN,-1,-1,-0.71943,0.38994,-6.6033,-3.2448,-11.095,-4.0625,NaN,NaN,NaN,NaN,NaN
545.3,-7.4894,-13.043,-0.57431,-0.74415,1.5191,-7.1576,-3.8649,-11.515,-3.861,0.69192,0.099364,-0.9247,NaN,NaN,NaN,NaN,NaN,NaN,NaN,NaN,NaN,47.835,0,2158.2,0.0075089,NaN,NaN,NaN,NaN,NaN,-1,-1,-0.71914,0.37024,-6.6237,-3.1938,-11.155,-4.0962,NaN,NaN,NaN,NaN,NaN
545.3,-7.4951,-13.072,-0.57945,-0.92976,1.3348,-7.5094,-3.1941,-11.148,-3.6535,0,0,0,NaN,NaN,NaN,NaN,NaN,NaN,NaN,NaN,NaN,47.835,0,2158.2,0.0075089,0.96852,2.9331,0.63594,0.09656,11.866,97123,10.188,-0.71849,0.36859,-6.6307,-3.2266,-11.148,-4.1316,NaN,NaN,NaN,NaN,NaN
545.3,-7.5002,-13.096,-0.5861,-1.1292,0.64257,-6.7299,-3.1049,-9.3762,-4.0121,0,0,0,NaN,NaN,NaN,NaN,NaN,NaN,NaN,NaN,NaN,47.835,0,2158.2,0.0075089,0.96852,2.9331,0.63594,0.09656,NaN,-1,-1,-0.71742,0.3818,-6.6385,-3.1046,-10.825,-4.0145,NaN,NaN,NaN,NaN,NaN
545.31,-7.5045,-13.125,-0.59185,-0.77773,0.55718,-5.8541,-2.717,-11.347,-3.9176,0,0,0,NaN,NaN,NaN,NaN,NaN,NaN,NaN,NaN,NaN,47.835,0,2158.2,0.0075089,NaN,NaN,NaN,NaN,12.13,97160,10.313,-0.72095,0.3961,-6.6478,-3.1106,-10.709,-4.0206,NaN,NaN,NaN,NaN,NaN
545.31,-7.5127,-13.181,-0.6046,-0.59088,-0.67391,-7.3705,-2.8779,-10.361,-3.9653,0,0,0,NaN,NaN,NaN,NaN,NaN,NaN,NaN,NaN,NaN,47.835,0,2158.2,0.0075089,NaN,NaN,NaN,NaN,NaN,-1,-1,-0.72255,0.40974,-6.6456,-3.0838,-10.734,-4.0357,NaN,NaN,NaN,NaN,NaN
545.31,-7.5173,-13.209,-0.61083,-0.75281,-0.24333,-7.1819,-2.8914,-10.933,-4.0588,0,0,0,NaN,NaN,NaN,NaN,NaN,NaN,NaN,NaN,NaN,47.835,0,2158.2,0.0075089,NaN,NaN,NaN,NaN,NaN,-1,-1,-0.72481,0.41134,-6.6518,-3.0297,-10.725,-4.0381,NaN,NaN,NaN,NaN,NaN
545.31,-7.5301,-13.264,-0.62321,-0.6764,0.9419,-7.1935,-3.5731,-10.271,-4.1599,0.69404,0.10944,-0.91558,NaN,NaN,NaN,NaN,NaN,NaN,NaN,NaN,NaN,47.835,0,2158.2,0.0075089,NaN,NaN,NaN,NaN,12.227,97162,10.313,-0.7281,0.40728,-6.6558,-2.9685,-10.768,-4.033,NaN,NaN,NaN,NaN,NaN
545.32,-7.5349,-13.293,-0.62955,-0.95487,1.1739,-7.4364,-2.9686,-11.007,-4.1107,0,0,0,NaN,NaN,NaN,NaN,NaN,NaN,NaN,NaN,NaN,47.835,0,2158.2,0.0075089,0.96469,2.9367,0.63473,NaN,NaN,-1,-1,-0.72571,0.39539,-6.6657,-2.917,-10.773,-4.0371,NaN,NaN,NaN,NaN,NaN
545.32,-7.538,-13.318,-0.63621,-1.0266,1.2316,-6.0875,-2.313,-9.8896,-4.0857,0,0,0,NaN,NaN,NaN,NaN,NaN,NaN,NaN,NaN,NaN,47.835,0,2158.2,0.0075089,NaN,NaN,NaN,NaN,NaN,-1,-1,-0.72168,0.38987,-6.6706,-2.9099,-10.755,-4.0363,NaN,NaN,NaN,NaN,NaN
545.32,-7.5407,-13.347,-0.64295,-0.54111,-0.31105,-6.4047,-2.1855,-11.126,-4.2848,0,0,0,NaN,NaN,NaN,NaN,NaN,NaN,NaN,NaN,NaN,47.835,0,2158.2,0.0075089,NaN,NaN,NaN,NaN,12.257,97116,10.125,-0.72229,0.38947,-6.6917,-2.9241,-10.726,-4.0303,NaN,NaN,NaN,NaN,NaN
545.32,-7.5456,-13.377,-0.64877,-0.88333,-0.13854,-6.698,-2.9097,-12.007,-3.9466,0.69673,0.11158,-0.9198,NaN,NaN,NaN,NaN,NaN,NaN,NaN,NaN,NaN,47.835,0,2158.2,0.0075089,NaN,NaN,NaN,NaN,NaN,-1,-1,-0.72673,0.39264,-6.6895,-2.9007,-10.754,-4.0293,NaN,NaN,NaN,NaN,NaN
545.33,-7.5494,-13.405,-0.65475,-0.4715,0.18203,-7.827,-2.5442,-10.588,-3.9193,0,0,0,NaN,NaN,NaN,NaN,NaN,NaN,NaN,NaN,NaN,47.835,0,2158.2,0.0075089,NaN,NaN,NaN,NaN,11.93,97117,10.125,-0.72859,0.40695,-6.6897,-2.8772,-10.699,-4.0206,NaN,NaN,NaN,NaN,NaN
545.33,-7.5545,-13.43,-0.66091,-0.50249,-1.0154,-6.9417,-3.107,-9.8613,-3.8945,0,0,0,NaN,NaN,NaN,NaN,NaN,NaN,NaN,NaN,NaN,47.835,0,2158.2,0.0075089,NaN,NaN,NaN,NaN,NaN,-1,-1,-0.73673,0.42712,-6.7074,-2.8343,-10.641,-4.0223,NaN,NaN,NaN,NaN,NaN
545.33,-7.5618,-13.457,-0.66713,-0.41917,0.54785,-6.2164,-3.9604,-10.579,-4.0089,0,0,0,NaN,NaN,NaN,NaN,NaN,NaN,NaN,NaN,NaN,47.835,0,2158.2,0.0075089,NaN,NaN,NaN,NaN,NaN,-1,-1,-0.7377,0.41254,-6.7172,-2.7723,-10.686,-4.0389,NaN,NaN,NaN,NaN,NaN
545.33,-7.5668,-13.487,-0.6736,-1.0091,1.6945,-7.6336,-3.0385,-11.537,-4.1129,0.70591,0.10675,-0.91675,NaN,NaN,NaN,NaN,NaN,NaN,NaN,NaN,NaN,47.835,0,2158.2,0.0075089,NaN,NaN,NaN,NaN,12.228,97136,10.25,-0.7335,0.38922,-6.711,-2.7258,-10.66,-4.0542,NaN,NaN,NaN,NaN,NaN
545.34,-7.5703,-13.513,-0.67892,-0.82161,1.2134,-6.8948,-2.3841,-10.134,-3.5966,0,0,0,NaN,NaN,NaN,NaN,NaN,NaN,NaN,NaN,NaN,47.835,0,2158.2,0.0075089,NaN,NaN,NaN,NaN,NaN,-1,-1,-0.72909,0.39347,-6.7197,-2.6943,-10.658,-4.0607,NaN,NaN,NaN,NaN,NaN
545.34,-7.5734,-13.539,-0.6854,-0.88642,0.61926,-6.3788,-2.3114,-10.015,-4.0452,0,0,0,NaN,NaN,NaN,NaN,NaN,NaN,NaN,NaN,NaN,47.835,0,2158.2,0.0075089,NaN,NaN,NaN,NaN,NaN,-1,-1,-0.72659,0.37658,-6.7344,-2.7038,-10.639,-4.0814,NaN,NaN,NaN,NaN,NaN
545.34,-7.5757,-13.568,-0.69158,-1.124,0.74446,-6.5728,-1.9483,-11.455,-4.1129,0,0,0,NaN,NaN,NaN,NaN,NaN,NaN,NaN,NaN,NaN,47.835,0,2158.2,0.0075089,NaN,NaN,NaN,NaN,12.421,97155,10.313,-0.72711,0.37542,-6.7401,-2.7195,-10.672,-4.0921,NaN,NaN,NaN,NaN,NaN
545.34,-7.5778,-13.596,-0.69969,-0.39181,-0.12294,-7.0871,-2.0576,-10.648,-4.6055,0.70124,0.10429,-0.9194,NaN,NaN,NaN,NaN,NaN,NaN,NaN,NaN,NaN,47.835,0,2158.2,0.0075089,0.98166,2.9474,0.64811,0.079911,NaN,-1,-1,-0.73039,0.40395,-6.7485,-2.7138,-10.623,-4.0903,NaN,NaN,NaN,NaN,NaN
545.35,-7.5816,-13.621,-0.70678,-0.46299,-0.66874,-6.8281,-2.6345,-9.8824,-4.2614,0,0,0,NaN,NaN,NaN,NaN,NaN,NaN,NaN,NaN,NaN,47.835,0,2158.2,0.0075089,NaN,NaN,NaN,NaN,11.966,97163,10.313,-0.73147,0.4137,-6.7503,-2.6541,-10.599,-4.1029,NaN,NaN,NaN,NaN,NaN
545.35,-7.5865,-13.651,-0.71367,-0.90479,0.19665,-7.1294,-3.0973,-11.468,-4.3958,0,0,0,NaN,NaN,NaN,NaN,NaN,NaN,NaN,NaN,NaN,47.835,0,2158.2,0.0075089,NaN,NaN,NaN,NaN,NaN,-1,-1,-0.73359,0.4171,-6.7542,-2.6169,-10.653,-4.1156,NaN,NaN,NaN,NaN,NaN
545.35,-7.5915,-13.678,-0.7204,-0.77745,0.30005,-7.2942,-3.0937,-10.431,-4.1922,0,0,0,NaN,NaN,NaN,NaN,NaN,NaN,NaN,NaN,NaN,47.835,0,2158.2,0.0075089,NaN,NaN,NaN,NaN,NaN,-1,-1,-0.73759,0.41843,-6.7618,-2.5845,-10.641,-4.1353,NaN,NaN,NaN,NaN,NaN
545.35,-7.5973,-13.704,-0.72749,-0.48207,0.89844,-6.4037,-3.4183,-10.282,-4.1663,0.69875,0.10444,-0.91739,NaN,NaN,NaN,NaN,NaN,NaN,NaN,NaN,NaN,47.835,0,2155.4,0.0069644,NaN,NaN,NaN,NaN,12.094,97119,10.125,-0.73407,0.41042,-6.7635,-2.5928,-10.611,-4.1496,NaN,NaN,NaN,NaN,NaN
545.36,-7.6005,-13.734,-0.73332,-1.2138,1.441,-7.7596,-2.3036,-11.508,-3.9799,0,0,0,NaN,NaN,NaN,NaN,NaN,NaN,NaN,NaN,NaN,47.835,0,2155.4,0.0069644,1.0249,2.8376,0.71323,0.014151,NaN,-1,-1,-0.73082,0.3925,-6.7811,-2.6169,-10.668,-4.1507,NaN,NaN,NaN,NaN,NaN
545.36,-7.6031,-13.758,-0.74036,-1.1125,0.80538,-5.8703,-2.207,-9.4517,-4.1888,0,0,0,NaN,NaN,NaN,NaN,NaN,NaN,NaN,NaN,NaN,47.835,0,2155.4,0.0069644,NaN,NaN,NaN,NaN,NaN,-1,-1,-0.73422,0.4056,-6.7927,-2.6269,-10.699,-4.1486,NaN,NaN,NaN,NaN,NaN
545.36,-7.6056,-13.79,-0.7464,-0.26996,-0.15456,-6.5248,-2.0276,-12.335,-4.179,0,0,0,NaN,NaN,NaN,NaN,NaN,NaN,NaN,NaN,NaN,47.835,0,2155.4,0.0069644,NaN,NaN,NaN,NaN,12.226,97127,10.188,-0.7295,0.4102,-6.7951,-2.6371,-10.589,-4.1509,NaN,NaN,NaN,NaN,NaN
545.36,-7.6099,-13.819,-0.75272,-0.91053,-0.14563,-7.9413,-2.7406,-11.226,-4.0017,0.71057,0.10922,-0.9141,NaN,NaN,NaN,NaN,NaN,NaN,NaN,NaN,NaN,47.835,0,2155.4,0.0069644,NaN,NaN,NaN,NaN,NaN,-1,-1,-0.73316,0.41415,-6.798,-2.6241,-10.608,-4.1591,NaN,NaN,NaN,NaN,NaN
545.37,-7.6137,-13.842,-0.75912,-0.57852,0.25167,-6.4144,-2.6256,-9.0677,-3.8793,0,0,0,NaN,NaN,NaN,NaN,NaN,NaN,NaN,NaN,NaN,47.835,0,2155.4,0.0069644,0.97126,2.9373,0.63473,0.085738,12.225,97153,10.25,-0.7422,0.43354,-6.8021,-2.6115,-10.597,-4.1656,NaN,NaN,NaN,NaN,NaN
545.37,-7.6188,-13.871,-0.76543,-0.2458,-0.69732,-6.7556,-3.1047,-11.317,-4.1588,0,0,0,NaN,NaN,NaN,NaN,NaN,NaN,NaN,NaN,NaN,47.835,0,2155.4,0.0069644,0.97126,2.9373,0.63473,0.085738,NaN,-1,-1,-0.73973,0.43269,-6.8134,-2.5813,-10.564,-4.1744,NaN,NaN,NaN,NaN,NaN
545.37,-7.6301,-13.924,-0.77761,-0.78275,1.6781,-7.7027,-3.2267,-8.3189,-3.8486,0.70078,0.10225,-0.91275,NaN,NaN,NaN,NaN,NaN,NaN,NaN,NaN,NaN,47.835,0,2155.4,0.0069644,NaN,NaN,NaN,NaN,NaN,-1,-1,-0.73556,0.40873,-6.808,-2.576,-10.563,-4.1933,NaN,NaN,NaN,NaN,NaN
545.37,-7.6332,-13.952,-0.78421,-0.65058,1.4713,-5.6991,-2.3581,-11.012,-4.2245,0,0,0,NaN,NaN,NaN,NaN,NaN,NaN,NaN,NaN,NaN,47.835,0,2155.4,0.0069644,NaN,NaN,NaN,NaN,12.258,97151,10.25,-0.7348,0.40099,-6.8276,-2.5695,-10.549,-4.2115,NaN,NaN,NaN,NaN,NaN
545.38,-7.6359,-13.982,-0.79073,-1.2454,0.35962,-7.1167,-2.1753,-11.545,-4.263,0,0,0,NaN,NaN,NaN,NaN,NaN,NaN,NaN,NaN,NaN,47.835,0,2155.4,0.0069644,NaN,NaN,NaN,NaN,NaN,-1,-1,-0.73136,0.38884,-6.8349,-2.5632,-10.476,-4.2316,NaN,NaN,NaN,NaN,NaN
545.38,-7.6396,-14.007,-0.79758,-0.83324,0.69296,-6.906,-2.6076,-9.671,-4.1476,0,0,0,NaN,NaN,NaN,NaN,NaN,NaN,NaN,NaN,NaN,47.835,0,2155.4,0.0069644,NaN,NaN,NaN,NaN,NaN,-1,-1,-0.7312,0.39207,-6.8363,-2.55,-10.508,-4.2521,NaN,NaN,NaN,NaN,NaN
545.38,-7.6416,-14.034,-0.80546,-0.50553,0.16812,-6.6912,-1.9812,-10.432,-4.4755,0.69822,0.099992,-0.91075,NaN,NaN,NaN,NaN,NaN,NaN,NaN,NaN,NaN,47.835,0,2155.4,0.0069644,1.0244,2.849,0.70228,NaN,12.256,97140,10.188,-0.73643,0.41203,-6.8556,-2.5609,-10.508,-4.2656,NaN,NaN,NaN,NaN,NaN
545.38,-7.6446,-14.064,-0.81282,-0.5782,-1.179,-6.9945,-2.4206,-11.485,-4.5947,0,0,0,NaN,NaN,NaN,NaN,NaN,NaN,NaN,NaN,NaN,47.835,0,2155.4,0.0069644,NaN,NaN,NaN,0.013319,NaN,-1,-1,-0.73688,0.42477,-6.851,-2.5357,-10.445,-4.2737,NaN,NaN,NaN,NaN,NaN
545.39,-7.65,-14.09,-0.81947,-0.76587,-0.022986,-7.1116,-3.2597,-10.188,-4.1379,0,0,0,NaN,NaN,NaN,NaN,NaN,NaN,NaN,NaN,NaN,47.835,0,2155.4,0.0069644,NaN,NaN,NaN,NaN,12.227,97165,10.313,-0.73791,0.42784,-6.8491,-2.5372,-10.456,-4.2798,NaN,NaN,NaN,NaN,NaN
545.39,-7.655,-14.117,-0.82622,-0.70049,1.2688,-7.3018,-3.1018,-10.629,-4.2309,0,0,0,NaN,NaN,NaN,NaN,NaN,NaN,NaN,NaN,NaN,47.835,0,2155.4,0.0069644,NaN,NaN,NaN,NaN,NaN,-1,-1,-0.74141,0.42627,-6.8635,-2.5651,-10.418,-4.2782,NaN,NaN,NaN,NaN,NaN
545.39,-7.6585,-14.145,-0.83418,-0.87416,0.58479,-6.9549,-2.644,-10.566,-4.5137,0.69371,0.10728,-0.91115,NaN,NaN,NaN,NaN,NaN,NaN,NaN,NaN,NaN,47.835,0,2155.4,0.0069644,NaN,NaN,NaN,NaN,NaN,-1,-1,-0.73731,0.41196,-6.8693,-2.5471,-10.435,-4.295,NaN,NaN,NaN,NaN,NaN
545.39,-7.6617,-14.172,-0.84079,-0.94151,1.1442,-6.9292,-2.3884,-10.683,-4.1924,0,0,0,NaN,NaN,NaN,NaN,NaN,NaN,NaN,NaN,NaN,47.835,0,2155.4,0.0069644,NaN,NaN,NaN,NaN,12.191,97143,10.188,-0.73067,0.39097,-6.873,-2.5354,-10.387,-4.2893,NaN,NaN,NaN,NaN,NaN
545.4,-7.6641,-14.197,-0.84775,-0.71361,1.2713,-6.4735,-2.0904,-9.7077,-4.1895,0,0,0,NaN,NaN,NaN,NaN,NaN,NaN,NaN,NaN,NaN,47.835,0,2155.4,0.0069644,0.9636,2.9289,0.63473,0.097392,NaN,-1,-1,-0.73345,0.39534,-6.8877,-2.5449,-10.371,-4.2888,NaN,NaN,NaN,NaN,NaN
545.4,-7.665,-14.225,-0.85503,-0.93822,-0.45101,-6.5919,-1.5396,-10.685,-4.4538,0,0,0,NaN,NaN,NaN,NaN,NaN,NaN,NaN,NaN,NaN,47.835,0,2155.4,0.0069644,NaN,NaN,NaN,NaN,NaN,-1,-1,-0.73144,0.40193,-6.8952,-2.5306,-10.397,-4.2927,NaN,NaN,NaN,NaN,NaN
545.4,-7.6695,-14.253,-0.86179,-0.62572,-0.418,-7.6291,-2.9265,-10.81,-4.1588,0.69843,0.10721,-0.91073,NaN,NaN,NaN,NaN,NaN,NaN,NaN,NaN,NaN,47.835,0,2155.4,0.0069644,NaN,NaN,NaN,NaN,12.256,97140,10.188,-0.73342,0.41117,-6.8872,-2.5232,-10.342,-4.3142,NaN,NaN,NaN,NaN,NaN
545.4,-7.673,-14.28,-0.86909,-0.47496,0.26318,-7.1138,-2.602,-10.485,-4.4362,0,0,0,NaN,NaN,NaN,NaN,NaN,NaN,NaN,NaN,NaN,47.835,0,2155.4,0.0069644,NaN,NaN,NaN,NaN,NaN,-1,-1,-0.73765,0.41313,-6.8971,-2.5076,-10.324,-4.325,NaN,NaN,NaN,NaN,NaN
545.41,-7.6777,-14.304,-0.87636,-0.68388,-0.39763,-6.9856,-3.0495,-9.382,-4.2677,0,0,0,NaN,NaN,NaN,NaN,NaN,NaN,NaN,NaN,NaN,47.835,0,2155.4,0.0069644,NaN,NaN,NaN,NaN,12.127,97135,10.188,-0.74053,0.41181,-6.9205,-2.4825,-10.305,-4.343,NaN,NaN,NaN,NaN,NaN
545.41,-7.6875,-14.361,-0.88995,-0.80839,1.8629,-7.459,-2.8511,-11.115,-4.1848,0.69843,0.10721,-0.91073,NaN,NaN,NaN,NaN,NaN,NaN,NaN,NaN,NaN,47.835,0,2155.4,0.0069644,1.0167,2.985,0.6469,0.090733,NaN,-1,-1,-0.73616,0.40588,-6.9147,-2.4816,-10.257,-4.3448,NaN,NaN,NaN,NaN,NaN
545.41,-7.6901,-14.385,-0.89792,-0.95049,1.1043,-7.3954,-2.3008,-9.108,-4.5135,0,0,0,NaN,NaN,NaN,NaN,NaN,NaN,NaN,NaN,NaN,47.835,0,2155.4,0.0069644,NaN,NaN,NaN,NaN,NaN,-1,-1,-0.73075,0.38987,-6.9133,-2.5857,-10.523,-4.4835,NaN,NaN,NaN,NaN,NaN
545.41,-7.6924,-14.409,-0.90547,-0.84292,0.57864,-6.0969,-2.1295,-9.3817,-4.3821,0,0,0,NaN,NaN,NaN,NaN,NaN,NaN,NaN,NaN,NaN,47.835,0,2155.4,0.0069644,NaN,NaN,NaN,NaN,12.161,97149,10.25,-0.73253,0.393,-6.9236,-2.5596,-10.492,-4.4453,NaN,NaN,NaN,NaN,NaN
545.42,-7.6944,-14.44,-0.91276,-1.1647,0.66739,-7.1705,-2.0156,-11.779,-4.6076,0,0,0,NaN,NaN,NaN,NaN,NaN,NaN,NaN,NaN,NaN,47.835,0,2155.4,0.0069644,NaN,NaN,NaN,NaN,NaN,-1,-1,-0.73337,0.40672,-6.9416,-2.5324,-10.369,-4.4209,NaN,NaN,NaN,NaN,NaN
545.42,-7.6971,-14.465,-0.92039,-0.61725,-0.31581,-7.2909,-2.2679,-9.9159,-4.3555,0.6989,0.11419,-0.91515,NaN,NaN,NaN,NaN,NaN,NaN,NaN,NaN,NaN,47.835,0,2155.4,0.0069644,NaN,NaN,NaN,NaN,NaN,-1,-1,-0.73426,0.41211,-6.9312,-2.526,-10.31,-4.3978,NaN,NaN,NaN,NaN,NaN
545.42,-7.7,-14.491,-0.92797,-0.168,-0.72403,-7.1048,-2.3907,-9.7485,-4.4458,0,0,0,NaN,NaN,NaN,NaN,NaN,NaN,NaN,NaN,NaN,47.835,0,2155.4,0.0069644,0.99316,2.9665,0.63838,0.099057,12.356,97141,10.25,-0.74132,0.43015,-6.9364,-2.505,-10.275,-4.3752,NaN,NaN,NaN,NaN,NaN
545.42,-7.7045,-14.519,-0.93525,-1.07,0.45706,-7.3166,-3.0042,-10.946,-4.4879,0,0,0,NaN,NaN,NaN,NaN,NaN,NaN,NaN,NaN,NaN,47.835,0,2155.4,0.0069644,NaN,NaN,NaN,NaN,NaN,-1,-1,-0.74103,0.43884,-6.9451,-2.5584,-10.451,-4.4765,NaN,NaN,NaN,NaN,NaN
545.43,-7.7095,-14.543,-0.94266,-0.78179,0.57973,-7.3626,-3.1844,-9.244,-4.3107,0,0,0,NaN,NaN,NaN,NaN,NaN,NaN,NaN,NaN,NaN,47.835,0,2155.4,0.0069644,NaN,NaN,NaN,NaN,12.161,97129,10.188,-0.73942,0.42664,-6.9446,-2.5182,-10.353,-4.4255,NaN,NaN,NaN,NaN,NaN
545.43,-7.7137,-14.57,-0.94988,-0.52365,0.70333,-6.7039,-2.8534,-10.24,-4.2815,0.70721,0.097818,-0.90325,NaN,NaN,NaN,NaN,NaN,NaN,NaN,NaN,NaN,47.835,0,2155.4,0.0069644,NaN,NaN,NaN,NaN,NaN,-1,-1,-0.73782,0.41749,-6.9443,-2.4871,-10.133,-4.368,NaN,NaN,NaN,NaN,NaN
545.43,-7.7163,-14.598,-0.95638,-1.0582,1.3965,-7.6027,-2.1752,-10.888,-4.1774,0,0,0,NaN,NaN,NaN,NaN,NaN,NaN,NaN,NaN,NaN,47.835,0,2155.4,0.0069644,NaN,NaN,NaN,NaN,NaN,-1,-1,-0.73939,0.41696,-6.9571,-2.4676,-10.037,-4.3132,NaN,NaN,NaN,NaN,NaN
545.43,-7.7184,-14.621,-0.96407,-1.0398,0.91508,-7.0421,-2.0726,-8.8646,-4.367,0,0,0,NaN,NaN,NaN,NaN,NaN,NaN,NaN,NaN,NaN,47.835,0,2155.4,0.0069644,NaN,NaN,NaN,NaN,12.348,97085,9.9375,-0.73931,0.43321,-6.9665,-2.4428,-9.9421,-4.2558,NaN,NaN,NaN,NaN,NaN
545.44,-7.7203,-14.649,-0.97073,-0.3264,-0.69325,-5.838,-1.929,-10.785,-4.2363,0,0,0,NaN,NaN,NaN,NaN,NaN,NaN,NaN,NaN,NaN,47.835,0,2155.4,0.0069644,1.0052,2.9749,0.63533,0.091565,NaN,-1,-1,-0.739,0.44363,-6.9641,-2.444,-9.7638,-4.2034,NaN,NaN,NaN,NaN,NaN
545.44,-7.724,-14.679,-0.978,-0.97618,0.25632,-8.4216,-2.6008,-11.642,-4.3144,0.696,0.10484,-0.91095,3.943,12.907,-3.0354,13.833,40.058,-88.549,3.6787e+05,4.4354e+06,310.54,47.835,0,2155.4,0.0069644,NaN,NaN,NaN,NaN,NaN,-1,-1,-0.74694,0.45133,-6.9546,-2.4176,-9.6733,-4.1564,13.188,4.1675,0.24559,1.0669,17.534
545.44,-7.7269,-14.701,-0.98562,-0.46347,0.22574,-7.2457,-2.4059,-8.5399,-4.2929,0,0,0,NaN,NaN,NaN,NaN,NaN,NaN,NaN,NaN,NaN,47.835,0,2155.4,0.0069644,NaN,NaN,NaN,NaN,12.385,97137,10.188,-0.74767,0.45563,-6.9685,-2.3746,-9.5825,-4.1306,NaN,NaN,NaN,NaN,NaN
545.44,-7.7305,-14.728,-0.99338,-0.48904,-0.89818,-7.0983,-2.6806,-10.505,-4.6186,0,0,0,NaN,NaN,NaN,NaN,NaN,NaN,NaN,NaN,NaN,47.835,0,2155.4,0.0069644,NaN,NaN,NaN,NaN,NaN,-1,-1,-0.74468,0.43258,-6.967,-2.3464,-9.4542,-4.1046,NaN,NaN,NaN,NaN,NaN
545.45,-7.7362,-14.754,-1.0002,-0.62975,0.99734,-6.7243,-3.4603,-9.9134,-4.1569,0,0,0,NaN,NaN,NaN,NaN,NaN,NaN,NaN,NaN,NaN,47.835,0,2155.4,0.0069644,0.99426,2.9677,0.62864,NaN,12.415,97147,10.188,-0.74162,0.42383,-6.9692,-2.3477,-9.4254,-4.0749,NaN,NaN,NaN,NaN,NaN
545.45,-7.7403,-14.781,-1.0073,-1.0302,1.5664,-8.1668,-2.7805,-10.491,-4.2076,0.71435,0.095193,-0.90484,NaN,NaN,NaN,NaN,NaN,NaN,NaN,NaN,NaN,47.835,0,2155.4,0.0069644,NaN,NaN,NaN,NaN,NaN,-1,-1,-0.73753,0.4256,-6.9646,-2.3428,-9.3205,-4.0598,NaN,NaN,NaN,NaN,NaN
545.45,-7.7421,-14.805,-1.015,-0.84557,0.97496,-6.7627,-1.99,-9.2263,-4.4099,0,0,0,NaN,NaN,NaN,NaN,NaN,NaN,NaN,NaN,NaN,47.835,0,2155.4,0.0069644,NaN,NaN,NaN,NaN,NaN,-1,-1,-0.73611,0.41299,-6.9784,-2.3488,-9.2307,-4.0451,NaN,NaN,NaN,NaN,NaN
545.45,-7.7444,-14.829,-1.0224,-0.75722,0.25342,-6.4699,-2.1344,-9.2454,-4.3175,0,0,0,NaN,NaN,NaN,NaN,NaN,NaN,NaN,NaN,NaN,47.835,0,2155.4,0.0069644,NaN,NaN,NaN,NaN,12.386,97150,10.25,-0.74023,0.42237,-6.9738,-2.3573,-9.2097,-4.0258,NaN,NaN,NaN,NaN,NaN
545.46,-7.7459,-14.857,-1.0292,-1.1199,1.0633,-7.1402,-1.7877,-10.956,-4.3121,0,0,0,NaN,NaN,NaN,NaN,NaN,NaN,NaN,NaN,NaN,47.835,0,2155.4,0.0069644,NaN,NaN,NaN,NaN,NaN,-1,-1,-0.74227,0.45394,-6.9737,-2.33,-9.1279,-4.0145,NaN,NaN,NaN,NaN,NaN
545.46,-7.7496,-14.907,-1.0452,-0.59656,-1.1937,-7.0506,-2.4701,-9.0039,-4.3283,0,0,0,NaN,NaN,NaN,NaN,NaN,NaN,NaN,NaN,NaN,47.835,0,2155.4,0.0069644,NaN,NaN,NaN,NaN,NaN,-1,-1,-0.73123,0.45077,-6.9034,-2.3222,-9.0453,-4.0076,NaN,NaN,NaN,NaN,NaN
545.46,-7.7551,-14.934,-1.052,-0.81266,0.76621,-6.7773,-3.3735,-10.587,-4.2614,0,0,0,NaN,NaN,NaN,NaN,NaN,NaN,NaN,NaN,NaN,47.835,0,2155.4,0.0069644,1.0063,2.9802,0.63838,0.097392,12.261,97152,10.313,-0.73379,0.45062,-6.9053,-2.3089,-9.0541,-4.0019,NaN,NaN,NaN,NaN,NaN
545.46,-7.7592,-14.962,-1.0596,-0.92529,1.0163,-8.3128,-2.8962,-10.624,-4.5797,0,0,0,NaN,NaN,NaN,NaN,NaN,NaN,NaN,NaN,NaN,47.835,0,2152.5,0.0064211,NaN,NaN,NaN,NaN,NaN,-1,-1,-0.73739,0.45351,-6.9273,-2.2995,-9.0301,-3.9943,NaN,NaN,NaN,NaN,NaN
545.47,0,0,0,0,0,0,0,0,0,0,0,0,NaN,NaN,NaN,NaN,NaN,NaN,NaN,NaN,NaN,47.835,0,2152.5,0.0064211,NaN,NaN,NaN,NaN,12.453,97179,10.375,-0.73295,0.43313,-6.9188,-2.291,-8.9841,-4.0037,NaN,NaN,NaN,NaN,NaN
545.47,-7.7624,-14.985,-1.0686,-0.69955,0.27452,-7.1363,-2.6011,-9.049,-4.6516,0.72402,0.10722,-0.90174,NaN,NaN,NaN,NaN,NaN,NaN,NaN,NaN,NaN,47.835,0,2152.5,0.0064211,NaN,NaN,NaN,NaN,NaN,-1,-1,-0.7373,0.44732,-6.9377,-2.2895,-8.9178,-4.0185,NaN,NaN,NaN,NaN,NaN
545.47,-7.7655,-15.011,-1.0763,-0.91266,1.3676,-6.4027,-2.5054,-9.7151,-4.5069,0,0,0,NaN,NaN,NaN,NaN,NaN,NaN,NaN,NaN,NaN,47.835,0,2152.5,0.0064211,NaN,NaN,NaN,NaN,NaN,-1,-1,-0.73772,0.44887,-6.9306,-2.2831,-8.9183,-4.0299,NaN,NaN,NaN,NaN,NaN
545.47,-7.7662,-15.039,-1.0836,-0.93586,1.2738,-7.1169,-1.52,-10.911,-4.5176,0,0,0,NaN,NaN,NaN,NaN,NaN,NaN,NaN,NaN,NaN,47.835,0,2152.5,0.0064211,1.0178,2.9922,0.65724,0.081576,12.418,97151,10.25,-0.7383,0.45848,-6.9158,-2.2792,-8.9499,-4.0572,NaN,NaN,NaN,NaN,NaN
545.48,-7.7711,-15.091,-1.098,-0.5325,-0.005961,-7.5312,-2.5539,-9.5603,-4.341,0.73085,0.10736,-0.89666,NaN,NaN,NaN,NaN,NaN,NaN,NaN,NaN,NaN,47.835,0,2152.5,0.0064211,NaN,NaN,NaN,NaN,NaN,-1,-1,-0.74268,0.47877,-6.9151,-2.2865,-8.8989,-4.0752,NaN,NaN,NaN,NaN,NaN
545.48,0,0,0,0,0,0,0,0,0,0,0,0,NaN,NaN,NaN,NaN,NaN,NaN,NaN,NaN,NaN,47.835,0,2152.5,0.0064211,NaN,NaN,NaN,NaN,NaN,-1,-1,-0.74482,0.46838,-6.9267,-2.2947,-8.9227,-4.0877,NaN,NaN,NaN,NaN,NaN
545.48,-7.7793,-15.143,-1.1127,-0.73064,-0.93061,-7.5411,-3.1949,-9.4175,-4.3612,0,0,0,NaN,NaN,NaN,NaN,NaN,NaN,NaN,NaN,NaN,47.835,0,2152.5,0.0064211,NaN,NaN,NaN,NaN,12.383,97126,10.125,-0.738,0.44764,-6.9093,-2.2988,-8.9786,-4.1154,NaN,NaN,NaN,NaN,NaN
545.48,-7.7848,-15.169,-1.1197,-0.50566,1.1035,-6.8216,-3.4091,-10.065,-4.2518,0,0,0,NaN,NaN,NaN,NaN,NaN,NaN,NaN,NaN,NaN,47.835,0,2152.5,0.0064211,NaN,NaN,NaN,NaN,12.544,97157,10.25,-0.73628,0.4392,-6.9105,-2.3238,-8.9702,-4.1446,NaN,NaN,NaN,NaN,NaN
545.49,-7.7905,-15.219,-1.1354,-1.0663,0.65759,-6.7366,-2.3852,-9.028,-4.5752,0,0,0,NaN,NaN,NaN,NaN,NaN,NaN,NaN,NaN,NaN,47.835,0,2152.5,0.0064211,0.99645,2.9755,0.63351,0.099889,NaN,-1,-1,-0.74223,0.43661,-6.9676,-2.3422,-9.0029,-4.1755,NaN,NaN,NaN,NaN,NaN
545.49,-7.7929,-15.244,-1.1439,-0.7472,0.34934,-6.8672,-2.3135,-9.7803,-4.8279,0,0,0,NaN,NaN,NaN,NaN,NaN,NaN,NaN,NaN,NaN,47.835,0,2152.5,0.0064211,NaN,NaN,NaN,NaN,NaN,-1,-1,-0.74164,0.42937,-6.9731,-2.3441,-9.0659,-4.2035,NaN,NaN,NaN,NaN,NaN
545.49,-7.7944,-15.272,-1.1518,-0.85206,1.1337,-7.2276,-1.8961,-10.745,-4.6989,0,0,0,NaN,NaN,NaN,NaN,NaN,NaN,NaN,NaN,NaN,47.835,0,2152.5,0.0064211,NaN,NaN,NaN,NaN,NaN,-1,-1,-0.7368,0.43255,-6.9721,-2.3664,-9.0113,-4.236,NaN,NaN,NaN,NaN,NaN
545.49,-7.8507,-15.315,-1.1066,-0.46698,-0.31964,-7.5995,-1.9597,-9.0031,-5.0441,0.72788,0.095602,-0.89247,NaN,NaN,NaN,NaN,NaN,NaN,NaN,NaN,NaN,47.835,0,2152.5,0.0064211,NaN,NaN,NaN,NaN,12.544,97179,10.313,-0.74202,0.45112,-6.9709,-2.3607,-9.0494,-4.2633,NaN,NaN,NaN,NaN,NaN
545.5,-7.8546,-15.342,-1.1148,-0.41692,-1.5265,-7.1545,-2.8541,-10.361,-4.7615,0,0,0,NaN,NaN,NaN,NaN,NaN,NaN,NaN,NaN,NaN,47.835,0,2152.5,0.0064211,NaN,NaN,NaN,NaN,NaN,-1,-1,-0.73815,0.45231,-6.9632,-2.3507,-9.1696,-4.3017,NaN,NaN,NaN,NaN,NaN
545.5,-7.8603,-15.369,-1.1219,-1.157,1.1862,-7.73,-3.5174,-10.643,-4.4297,0,0,0,NaN,NaN,NaN,NaN,NaN,NaN,NaN,NaN,NaN,47.835,0,2152.5,0.0064211,1.0058,2.9832,0.63899,0.097392,NaN,-1,-1,-0.74643,0.45261,-7.0302,-2.3401,-9.1742,-4.3433,NaN,NaN,NaN,NaN,NaN
545.5,-7.8638,-15.391,-1.1307,-0.59476,1.1996,-7.4564,-2.8126,-8.2368,-4.7077,0,0,0,NaN,NaN,NaN,NaN,NaN,NaN,NaN,NaN,NaN,47.835,0,2152.5,0.0064211,NaN,NaN,NaN,NaN,12.762,97165,10.25,-0.75235,0.4526,-7.04,-2.3298,-9.2543,-4.3975,NaN,NaN,NaN,NaN,NaN
545.5,-7.8673,-15.418,-1.1398,-0.75606,0.10667,-6.2296,-2.7189,-10.637,-4.6927,0.72571,0.097921,-0.8949,NaN,NaN,NaN,NaN,NaN,NaN,NaN,NaN,NaN,47.835,0,2152.5,0.0064211,NaN,NaN,NaN,NaN,NaN,-1,-1,-0.7473,0.43502,-7.0456,-2.3807,-9.3271,-4.4455,NaN,NaN,NaN,NaN,NaN
545.51,-7.8697,-15.446,-1.147,-1.3257,1.5278,-8.2015,-2.1707,-10.775,-4.4627,0,0,0,NaN,NaN,NaN,NaN,NaN,NaN,NaN,NaN,NaN,47.835,0,2152.5,0.0064211,NaN,NaN,NaN,NaN,12.637,97120,10.125,-0.74915,0.42502,-7.0501,-2.4292,-9.423,-4.482,NaN,NaN,NaN,NaN,NaN
545.51,-7.8703,-15.467,-1.1558,-0.66191,1.0824,-6.8461,-1.6497,-7.8133,-4.6638,0,0,0,NaN,NaN,NaN,NaN,NaN,NaN,NaN,NaN,NaN,47.835,0,2152.5,0.0064211,NaN,NaN,NaN,NaN,NaN,-1,-1,-0.75194,0.44101,-7.0652,-2.4495,-9.4524,-4.5287,NaN,NaN,NaN,NaN,NaN
545.51,-7.8717,-15.495,-1.164,-0.47734,-1.263,-6.2413,-1.8972,-10.682,-4.8155,0,0,0,NaN,NaN,NaN,NaN,NaN,NaN,NaN,NaN,NaN,47.835,0,2152.5,0.0064211,1.0085,2.8549,0.71201,NaN,NaN,-1,-1,-0.75634,0.45052,-7.0766,-2.4779,-9.5033,-4.5773,NaN,NaN,NaN,NaN,NaN
545.51,-7.8752,-15.524,-1.1716,-0.85525,0.31881,-8.2514,-2.6356,-11.429,-4.4921,0.73045,0.10279,-0.89224,NaN,NaN,NaN,NaN,NaN,NaN,NaN,NaN,NaN,47.835,0,2152.5,0.0064211,NaN,NaN,NaN,0.039123,12.671,97172,10.313,-0.76029,0.4567,-7.0914,-2.4904,-9.6553,-4.6177,NaN,NaN,NaN,NaN,NaN
545.52,-7.8782,-15.547,-1.1805,-0.6459,0.43249,-8.3812,-2.6032,-8.7257,-4.8303,0,0,0,NaN,NaN,NaN,NaN,NaN,NaN,NaN,NaN,NaN,47.835,0,2152.5,0.0064211,NaN,NaN,NaN,NaN,NaN,-1,-1,-0.76054,0.45641,-7.0888,-2.5032,-9.6781,-4.6699,NaN,NaN,NaN,NaN,NaN
545.52,-7.8824,-15.57,-1.1895,-0.53335,-0.8293,-6.3177,-3.1321,-8.4909,-4.865,0,0,0,NaN,NaN,NaN,NaN,NaN,NaN,NaN,NaN,NaN,47.835,0,2152.5,0.0064211,NaN,NaN,NaN,NaN,NaN,-1,-1,-0.75918,0.43522,-7.0921,-2.532,-9.8017,-4.7188,NaN,NaN,NaN,NaN,NaN
545.52,-7.8874,-15.598,-1.1963,-0.41484,1.423,-6.6532,-3.1986,-11.109,-4.3339,0,0,0,NaN,NaN,NaN,NaN,NaN,NaN,NaN,NaN,NaN,47.835,0,2152.5,0.0064211,NaN,NaN,NaN,NaN,12.61,97180,10.375,-0.76087,0.42746,-7.1014,-2.586,-9.9879,-4.7725,NaN,NaN,NaN,NaN,NaN
545.52,-7.8906,-15.625,-1.2044,-1.1969,1.6071,-8.6624,-2.5805,-10.085,-4.5491,0.73025,0.10051,-0.89003,NaN,NaN,NaN,NaN,NaN,NaN,NaN,NaN,NaN,47.835,0,2152.5,0.0064211,NaN,NaN,NaN,NaN,NaN,-1,-1,-0.75997,0.42559,-7.1168,-2.557,-9.7011,-4.6681,NaN,NaN,NaN,NaN,NaN
545.53,-7.8935,-15.646,-1.2129,-1.0318,0.61795,-6.9562,-2.5452,-8.2172,-4.6246,0,0,0,NaN,NaN,NaN,NaN,NaN,NaN,NaN,NaN,NaN,47.835,0,2152.5,0.0064211,NaN,NaN,NaN,NaN,12.511,97146,10.188,-0.75949,0.4191,-7.1138,-2.6158,-9.7422,-4.7035,NaN,NaN,NaN,NaN,NaN
545.53,-7.896,-15.672,-1.2205,-0.91341,0.4594,-6.2981,-2.2773,-9.8153,-4.4757,0,0,0,NaN,NaN,NaN,NaN,NaN,NaN,NaN,NaN,NaN,47.835,0,2152.5,0.0064211,NaN,NaN,NaN,NaN,NaN,-1,-1,-0.76322,0.43608,-7.1249,-2.6459,-9.7726,-4.7448,NaN,NaN,NaN,NaN,NaN
545.53,-7.898,-15.7,-1.228,-0.78567,0.99529,-7.576,-2.071,-10.931,-4.6006,0,0,0,NaN,NaN,NaN,NaN,NaN,NaN,NaN,NaN,NaN,47.835,0,2152.5,0.0064211,NaN,NaN,NaN,NaN,NaN,-1,-1,-0.7692,0.45148,-7.1281,-2.6318,-9.8488,-4.7739,NaN,NaN,NaN,NaN,NaN
545.53,-7.8995,-15.723,-1.2378,-0.49542,-0.63057,-8.3275,-2.0658,-8.6784,-4.9906,0.72826,0.090305,-0.90136,NaN,NaN,NaN,NaN,NaN,NaN,NaN,NaN,NaN,47.835,0,2152.5,0.0064211,NaN,NaN,NaN,NaN,12.736,97175,10.375,-0.76878,0.45563,-7.1226,-2.658,-9.9002,-4.8016,NaN,NaN,NaN,NaN,NaN
545.54,-7.9032,-15.746,-1.2464,-0.58909,-0.76222,-6.5718,-2.8767,-8.9726,-4.7387,0,0,0,NaN,NaN,NaN,NaN,NaN,NaN,NaN,NaN,NaN,47.835,0,2152.5,0.0064211,NaN,NaN,NaN,NaN,NaN,-1,-1,-0.77432,0.4528,-7.1386,-2.5758,-9.614,-4.6753,NaN,NaN,NaN,NaN,NaN
545.54,-7.9116,-15.8,-1.2618,-0.79947,0.85084,-8.5922,-2.6609,-9.2802,-4.6154,0,0,0,NaN,NaN,NaN,NaN,NaN,NaN,NaN,NaN,NaN,47.835,0,2152.5,0.0064211,1.0205,2.985,0.65907,0.066593,NaN,-1,-1,-0.7743,0.45044,-7.1671,-2.5913,-9.581,-4.6741,NaN,NaN,NaN,NaN,NaN
545.54,-7.915,-15.823,-1.2707,-0.88557,0.4955,-7.3907,-2.7287,-9.0667,-4.5981,0.74178,0.090715,-0.88899,NaN,NaN,NaN,NaN,NaN,NaN,NaN,NaN,NaN,47.835,0,2152.5,0.0064211,NaN,NaN,NaN,NaN,12.947,97139,10.188,-0.77079,0.44006,-7.1664,-2.6545,-9.581,-4.6641,NaN,NaN,NaN,NaN,NaN
545.54,-7.9181,-15.847,-1.279,-1.1681,1.363,-6.2604,-2.6274,-8.9937,-4.6203,0,0,0,NaN,NaN,NaN,NaN,NaN,NaN,NaN,NaN,NaN,47.835,0,2152.5,0.0064211,NaN,NaN,NaN,NaN,NaN,-1,-1,-0.7727,0.4392,-7.1703,-2.6902,-9.5548,-4.6546,NaN,NaN,NaN,NaN,NaN
545.55,-7.9193,-15.875,-1.2869,-0.68811,0.8806,-7.1141,-1.8083,-10.705,-4.7412,0,0,0,NaN,NaN,NaN,NaN,NaN,NaN,NaN,NaN,NaN,47.835,0,2152.5,0.0064211,NaN,NaN,NaN,NaN,12.605,97147,10.188,-0.78451,0.45872,-7.1927,-2.7271,-9.5085,-4.6587,NaN,NaN,NaN,NaN,NaN
545.55,-7.9217,-15.901,-1.2953,-0.80274,-0.95322,-8.0806,-2.3376,-10.196,-4.8535,0,0,0,NaN,NaN,NaN,NaN,NaN,NaN,NaN,NaN,NaN,47.835,0,2152.5,0.0064211,NaN,NaN,NaN,NaN,NaN,-1,-1,-0.78436,0.46368,-7.2062,-2.7449,-9.5161,-4.6626,NaN,NaN,NaN,NaN,NaN
545.55,-7.9262,-15.925,-1.3043,-0.63764,0.12834,-7.6825,-3.181,-9.062,-4.6756,0.73955,0.095561,-0.88919,NaN,NaN,NaN,NaN,NaN,NaN,NaN,NaN,NaN,47.835,0,2152.5,0.0064211,1.0019,2.8538,0.71201,0.059101,NaN,-1,-1,-0.78621,0.45136,-7.1947,-2.7132,-9.4519,-4.6774,NaN,NaN,NaN,NaN,NaN
545.55,-7.9308,-15.95,-1.3123,-0.31869,0.25365,-6.8331,-3.189,-9.5831,-4.607,0,0,0,NaN,NaN,NaN,NaN,NaN,NaN,NaN,NaN,NaN,47.835,0,2152.5,0.0064211,NaN,NaN,NaN,NaN,12.798,97153,10.313,-0.78848,0.45972,-7.2131,-2.7161,-9.4804,-4.6961,NaN,NaN,NaN,NaN,NaN
545.56,-7.9411,-16,-1.329,-0.83513,1.2905,-8.0438,-3.6959,-9.3686,-4.6265,0,0,0,NaN,NaN,NaN,NaN,NaN,NaN,NaN,NaN,NaN,47.835,0,2152.5,0.0064211,NaN,NaN,NaN,NaN,NaN,-1,-1,-0.78808,0.45464,-7.2288,-2.7723,-9.5321,-4.6955,NaN,NaN,NaN,NaN,NaN
545.56,-7.9453,-16.024,-1.3371,-0.97678,1.8598,-7.081,-2.9727,-9.1812,-4.3851,0.73976,0.097847,-0.8914,NaN,NaN,NaN,NaN,NaN,NaN,NaN,NaN,NaN,47.835,0,2152.5,0.0064211,NaN,NaN,NaN,NaN,NaN,-1,-1,-0.78463,0.44103,-7.2356,-2.8136,-9.4262,-4.7072,NaN,NaN,NaN,NaN,NaN
545.56,-7.9482,-16.048,-1.3457,-0.88482,0.53807,-6.8674,-2.5851,-9.2486,-4.781,0,0,0,NaN,NaN,NaN,NaN,NaN,NaN,NaN,NaN,NaN,47.835,0,2152.5,0.0064211,NaN,NaN,NaN,NaN,12.669,97159,10.25,-0.78696,0.45796,-7.2459,-2.8468,-9.4714,-4.7247,NaN,NaN,NaN,NaN,NaN
545.56,-7.9514,-16.075,-1.3538,-0.99095,0.66584,-7.0824,-2.6592,-10.205,-4.7466,0,0,0,NaN,NaN,NaN,NaN,NaN,NaN,NaN,NaN,NaN,47.835,0,2152.5,0.0064211,1.0112,2.9707,0.63168,0.099889,NaN,-1,-1,-0.79146,0.45788,-7.2583,-2.8865,-9.5231,-4.7252,NaN,NaN,NaN,NaN,NaN
545.57,-7.9543,-16.1,-1.3619,-0.96907,0.81386,-8.1995,-2.494,-9.7149,-4.6532,0,0,0,NaN,NaN,NaN,NaN,NaN,NaN,NaN,NaN,NaN,47.835,0,2152.5,0.0064211,NaN,NaN,NaN,NaN,12.605,97149,10.188,-0.79099,0.44666,-7.2605,-2.8698,-9.399,-4.7371,NaN,NaN,NaN,NaN,NaN
545.57,-7.9568,-16.123,-1.3716,-0.39075,-0.69211,-6.7708,-2.5151,-8.5454,-4.9662,0.73936,0.09821,-0.88475,NaN,NaN,NaN,NaN,NaN,NaN,NaN,NaN,NaN,47.835,0,2152.5,0.0064211,NaN,NaN,NaN,NaN,NaN,-1,-1,-0.79081,0.44922,-7.2712,-2.8585,-9.4209,-4.7525,NaN,NaN,NaN,NaN,NaN
545.57,-7.9614,-16.151,-1.3794,-0.59918,-0.66335,-7.2627,-3.1895,-10.696,-4.6957,0,0,0,NaN,NaN,NaN,NaN,NaN,NaN,NaN,NaN,NaN,47.835,0,2152.5,0.0064211,NaN,NaN,NaN,NaN,NaN,-1,-1,-0.79286,0.43938,-7.2941,-2.8481,-9.5355,-4.7677,NaN,NaN,NaN,NaN,NaN
545.57,-7.9678,-16.176,-1.3879,-1.1167,1.0183,-8.1905,-3.9395,-9.5687,-4.7678,0,0,0,NaN,NaN,NaN,NaN,NaN,NaN,NaN,NaN,NaN,47.826,0,2153.9,0.0069644,NaN,NaN,NaN,NaN,12.727,97121,10.063,-0.79548,0.45037,-7.2983,-2.8383,-9.4915,-4.7924,NaN,NaN,NaN,NaN,NaN
545.58,-7.9716,-16.197,-1.3976,-0.75789,0.62274,-7.3404,-3.0652,-7.9183,-5.0445,0,0,0,NaN,NaN,NaN,NaN,NaN,NaN,NaN,NaN,NaN,47.826,0,2153.9,0.0069644,0.99535,2.9773,0.65055,NaN,NaN,-1,-1,-0.79113,0.45968,-7.3121,-2.8531,-9.4088,-4.8231,NaN,NaN,NaN,NaN,NaN
545.58,-7.9774,-16.25,-1.4147,-1.1606,1.6931,-7.2,-2.4569,-10.559,-4.8104,0,0,0,NaN,NaN,NaN,NaN,NaN,NaN,NaN,NaN,NaN,47.826,0,2153.9,0.0069644,NaN,NaN,NaN,NaN,NaN,-1,-1,-0.79509,0.45121,-7.3114,-2.8987,-9.4896,-4.8302,NaN,NaN,NaN,NaN,NaN
545.58,-7.979,-16.273,-1.4236,-0.83196,0.24353,-7.8956,-2.0896,-8.7824,-4.8559,0,0,0,NaN,NaN,NaN,NaN,NaN,NaN,NaN,NaN,NaN,47.826,0,2153.9,0.0069644,NaN,NaN,NaN,NaN,12.794,97134,10.188,-0.80037,0.46048,-7.3263,-2.9386,-9.5389,-4.8294,NaN,NaN,NaN,NaN,NaN
545.58,-7.9827,-16.298,-1.4315,-0.75677,-1.0801,-6.9002,-2.82,-9.7137,-4.5711,0,0,0,NaN,NaN,NaN,NaN,NaN,NaN,NaN,NaN,NaN,47.826,0,2153.9,0.0069644,NaN,NaN,NaN,NaN,NaN,-1,-1,-0.80322,0.4654,-7.3278,-2.9668,-9.4276,-4.8431,NaN,NaN,NaN,NaN,NaN
545.59,-7.9868,-16.324,-1.4408,-0.48102,0.90997,-7.516,-3.1187,-9.814,-4.9858,0.75118,0.10298,-0.88145,NaN,NaN,NaN,NaN,NaN,NaN,NaN,NaN,NaN,47.826,0,2153.9,0.0069644,NaN,NaN,NaN,NaN,12.823,97126,10.125,-0.8007,0.45486,-7.3259,-2.9734,-9.4252,-4.8465,NaN,NaN,NaN,NaN,NaN
545.59,-7.9904,-16.349,-1.4496,-0.73965,-0.58797,-7.5847,-2.9141,-9.4317,-4.902,0,0,0,NaN,NaN,NaN,NaN,NaN,NaN,NaN,NaN,NaN,47.826,0,2153.9,0.0069644,0.9948,2.9826,0.64264,0.098224,NaN,-1,-1,-0.80371,0.45238,-7.3468,-2.9519,-9.5215,-4.8528,NaN,NaN,NaN,NaN,NaN
545.59,-7.9954,-16.372,-1.4581,-0.83133,-0.12522,-7.5628,-3.4171,-8.8667,-4.6666,0,0,0,NaN,NaN,NaN,NaN,NaN,NaN,NaN,NaN,NaN,47.826,0,2153.9,0.0069644,NaN,NaN,NaN,NaN,NaN,-1,-1,-0.80665,0.45197,-7.3582,-2.899,-9.4498,-4.8784,NaN,NaN,NaN,NaN,NaN
545.59,-8.001,-16.397,-1.4664,-0.71866,1.7235,-7.0467,-3.639,-9.5586,-4.7434,0,0,0,NaN,NaN,NaN,NaN,NaN,NaN,NaN,NaN,NaN,47.826,0,2153.9,0.0069644,NaN,NaN,NaN,NaN,12.849,97089,9.9375,-0.79656,0.45002,-7.3647,-2.887,-9.4633,-4.8916,NaN,NaN,NaN,NaN,NaN
545.6,-8.004,-16.421,-1.4755,-0.85406,1.5734,-7.1306,-2.6616,-9.1956,-4.8284,0.74187,0.10299,-0.88452,NaN,NaN,NaN,NaN,NaN,NaN,NaN,NaN,NaN,47.826,0,2153.9,0.0069644,NaN,NaN,NaN,NaN,NaN,-1,-1,-0.80318,0.45101,-7.3847,-2.8824,-9.4098,-4.9121,NaN,NaN,NaN,NaN,NaN
545.6,-8.0063,-16.444,-1.4851,-1.1108,0.52418,-7.5898,-2.4761,-8.805,-5.1328,0,0,0,NaN,NaN,NaN,NaN,NaN,NaN,NaN,NaN,NaN,47.826,0,2153.9,0.0069644,NaN,NaN,NaN,NaN,NaN,-1,-1,-0.8037,0.45674,-7.3757,-2.8813,-9.3526,-4.9222,NaN,NaN,NaN,NaN,NaN
545.6,-8.0082,-16.471,-1.4941,-1.2336,0.66648,-6.418,-2.2215,-10.085,-5.0549,0,0,0,NaN,NaN,NaN,NaN,NaN,NaN,NaN,NaN,NaN,47.826,0,2153.9,0.0069644,NaN,NaN,NaN,NaN,12.635,97137,10.125,-0.80314,0.45798,-7.3792,-2.8553,-9.2915,-4.9285,NaN,NaN,NaN,NaN,NaN
545.6,-8.0098,-16.496,-1.5031,-0.47528,0.56216,-7.8657,-2.129,-9.6542,-5.011,0,0,0,NaN,NaN,NaN,NaN,NaN,NaN,NaN,NaN,NaN,47.826,0,2153.9,0.0069644,1.0156,2.9796,0.66272,0.076582,NaN,-1,-1,-0.80144,0.46481,-7.3704,-2.7982,-9.3391,-4.945,NaN,NaN,NaN,NaN,NaN
545.61,-8.018,-16.545,-1.5212,-1.0467,-0.27281,-8.0712,-3.5302,-10.205,-5.1336,0,0,0,NaN,NaN,NaN,NaN,NaN,NaN,NaN,NaN,NaN,47.826,0,2153.9,0.0069644,NaN,NaN,NaN,NaN,12.977,97143,10.188,-0.8058,0.46209,-7.3852,-2.7314,-9.3696,-4.9651,NaN,NaN,NaN,NaN,NaN
545.61,-8.0231,-16.568,-1.53,-0.93695,1.1482,-7.1409,-3.4976,-8.7942,-4.8271,0,0,0,NaN,NaN,NaN,NaN,NaN,NaN,NaN,NaN,NaN,47.826,0,2153.9,0.0069644,NaN,NaN,NaN,NaN,NaN,-1,-1,-0.81022,0.45591,-7.3949,-2.6905,-9.276,-4.9658,NaN,NaN,NaN,NaN,NaN
545.61,-8.0261,-16.59,-1.5397,-0.50162,0.68831,-6.6723,-2.7522,-8.3824,-5.0888,0,0,0,NaN,NaN,NaN,NaN,NaN,NaN,NaN,NaN,NaN,47.826,0,2153.9,0.0069644,NaN,NaN,NaN,NaN,NaN,-1,-1,-0.8069,0.46023,-7.422,-2.6721,-9.2947,-4.9762,NaN,NaN,NaN,NaN,NaN
545.61,-8.0288,-16.618,-1.549,-1.1557,0.78121,-7.8729,-2.5768,-10.665,-5.0247,0.74632,0.098233,-0.88189,NaN,NaN,NaN,NaN,NaN,NaN,NaN,NaN,NaN,47.826,0,2153.9,0.0069644,NaN,NaN,NaN,NaN,12.574,97148,10.188,-0.80795,0.45004,-7.4148,-2.6875,-9.3182,-4.9844,NaN,NaN,NaN,NaN,NaN
545.62,-8.0319,-16.641,-1.558,-1.4354,1.4158,-7.0267,-2.7205,-8.5401,-4.8669,0,0,0,NaN,NaN,NaN,NaN,NaN,NaN,NaN,NaN,NaN,47.826,0,2153.9,0.0069644,1.0052,2.9743,0.6329,0.099057,NaN,-1,-1,-0.80846,0.45147,-7.411,-2.687,-9.2345,-4.9783,NaN,NaN,NaN,NaN,NaN
545.62,-8.0324,-16.663,-1.5678,-0.3866,0.26625,-6.7895,-1.816,-8.5308,-5.1597,0,0,0,NaN,NaN,NaN,NaN,NaN,NaN,NaN,NaN,NaN,47.826,0,2153.9,0.0069644,NaN,NaN,NaN,NaN,NaN,-1,-1,-0.81538,0.46121,-7.4336,-2.6751,-9.2053,-4.9876,NaN,NaN,NaN,NaN,NaN
545.62,-8.0355,-16.692,-1.5764,-0.70844,-0.70007,-7.1119,-2.6983,-10.826,-5.0435,0,0,0,NaN,NaN,NaN,NaN,NaN,NaN,NaN,NaN,NaN,47.826,0,2153.9,0.0069644,NaN,NaN,NaN,NaN,12.73,97126,10.125,-0.81707,0.46623,-7.4214,-2.6561,-9.2371,-4.9884,NaN,NaN,NaN,NaN,NaN
545.62,-8.038,-16.716,-1.5863,-0.89934,0.42041,-8.5398,-2.5501,-9.4027,-5.15,0.74667,0.11027,-0.88186,NaN,NaN,NaN,NaN,NaN,NaN,NaN,NaN,NaN,47.826,0,2153.9,0.0069644,NaN,NaN,NaN,NaN,NaN,-1,-1,-0.81923,0.44788,-7.4156,-2.6019,-9.2009,-4.9905,NaN,NaN,NaN,NaN,NaN
545.63,-8.0421,-16.736,-1.5957,-0.66939,-0.34531,-7.3012,-3.1812,-7.4959,-4.846,0,0,0,NaN,NaN,NaN,NaN,NaN,NaN,NaN,NaN,NaN,47.826,0,2153.9,0.0069644,1.0704,2.8842,0.70228,0.012486,12.791,97152,10.188,-0.82845,0.45049,-7.4465,-2.5234,-9.1316,-5.0036,NaN,NaN,NaN,NaN,NaN
545.63,-8.0464,-16.761,-1.6044,-0.56478,0.13775,-5.9037,-3.1914,-9.4635,-4.8818,0,0,0,NaN,NaN,NaN,NaN,NaN,NaN,NaN,NaN,NaN,47.826,0,2153.9,0.0069644,1.0704,2.8842,0.70228,0.012486,NaN,-1,-1,-0.82226,0.45394,-7.4488,-2.5017,-9.17,-5.016,NaN,NaN,NaN,NaN,NaN
545.63,-8.0506,-16.788,-1.6125,-1.0095,1.452,-8.4245,-3.0881,-10.307,-4.7519,0,0,0,NaN,NaN,NaN,NaN,NaN,NaN,NaN,NaN,NaN,47.826,0,2153.9,0.0069644,NaN,NaN,NaN,NaN,NaN,-1,-1,-0.82463,0.44037,-7.43,-2.5141,-9.1796,-5.013,NaN,NaN,NaN,NaN,NaN
545.63,-8.0526,-16.809,-1.622,-1.0394,1.483,-7.2565,-2.3057,-8.0474,-4.8843,0.73458,0.1008,-0.88294,NaN,NaN,NaN,NaN,NaN,NaN,NaN,NaN,NaN,47.826,0,2153.9,0.0069644,NaN,NaN,NaN,NaN,12.794,97160,10.25,-0.82837,0.44475,-7.437,-2.5157,-9.1009,-5.0333,NaN,NaN,NaN,NaN,NaN
545.64,-8.0527,-16.83,-1.6324,-1.0429,0.65667,-6.4722,-1.7218,-7.9143,-5.3163,0,0,0,NaN,NaN,NaN,NaN,NaN,NaN,NaN,NaN,NaN,47.826,0,2153.9,0.0069644,NaN,NaN,NaN,NaN,NaN,-1,-1,-0.83263,0.4595,-7.4415,-2.4978,-9.0816,-5.0454,NaN,NaN,NaN,NaN,NaN
545.64,-8.0535,-16.858,-1.6409,-0.94587,0.72913,-6.7675,-1.7821,-10.794,-4.9741,0,0,0,NaN,NaN,NaN,NaN,NaN,NaN,NaN,NaN,NaN,47.826,0,2153.9,0.0069644,1.0096,2.8663,0.7114,NaN,NaN,-1,-1,-0.83296,0.45291,-7.4261,-2.4658,-9.0257,-5.0558,NaN,NaN,NaN,NaN,NaN
545.64,-8.0543,-16.883,-1.6504,-0.71698,0.081241,-8.2806,-1.8944,-9.1836,-5.1186,0,0,0,NaN,NaN,NaN,NaN,NaN,NaN,NaN,NaN,NaN,47.826,0,2153.9,0.0069644,NaN,NaN,NaN,0.034961,12.759,97139,10.125,-0.83404,0.44762,-7.4168,-2.4318,-9.0265,-5.0469,NaN,NaN,NaN,NaN,NaN
545.64,-8.0559,-16.902,-1.6611,-0.61574,-1.118,-7.3952,-2.2717,-7.3112,-5.1461,0.74147,0.098419,-0.88009,NaN,NaN,NaN,NaN,NaN,NaN,NaN,NaN,NaN,47.826,0,2153.9,0.0069644,NaN,NaN,NaN,NaN,13.041,97170,10.313,-0.83671,0.45401,-7.4031,-2.4252,-9.0037,-5.0616,NaN,NaN,NaN,NaN,NaN
545.65,-8.0598,-16.929,-1.6699,-0.76398,0.18063,-6.4952,-3.0465,-10.04,-4.9911,0,0,0,NaN,NaN,NaN,NaN,NaN,NaN,NaN,NaN,NaN,47.826,0,2153.9,0.0069644,NaN,NaN,NaN,NaN,NaN,-1,-1,-0.84021,0.44106,-7.4063,-2.3954,-8.9739,-5.0607,NaN,NaN,NaN,NaN,NaN
545.65,-8.0665,-16.974,-1.6886,-0.72731,0.42842,-7.5031,-2.6,-7.5532,-5.1582,0,0,0,NaN,NaN,NaN,NaN,NaN,NaN,NaN,NaN,NaN,47.826,0,2153.9,0.0069644,NaN,NaN,NaN,NaN,NaN,-1,-1,-0.84577,0.43603,-7.4042,-2.3666,-8.9587,-5.0611,NaN,NaN,NaN,NaN,NaN
545.65,-8.0681,-16.999,-1.6976,-0.96582,1.0231,-7.0336,-2.084,-9.6601,-4.7933,0.74161,0.10323,-0.88008,NaN,NaN,NaN,NaN,NaN,NaN,NaN,NaN,NaN,47.826,0,2153.9,0.0069644,NaN,NaN,NaN,NaN,NaN,-1,-1,-0.84612,0.44998,-7.3963,-2.395,-8.9142,-5.0573,NaN,NaN,NaN,NaN,NaN
545.65,-8.0697,-17.048,-1.7164,-0.79324,-0.65156,-7.3564,-1.8807,-9.5927,-5.035,0,0,0,NaN,NaN,NaN,NaN,NaN,NaN,NaN,NaN,NaN,47.826,0,2153.9,0.0069644,1.0063,2.9468,0.63533,0.097392,12.7,97142,10.188,-0.84846,0.44849,-7.3667,-2.4814,-9.1451,-5.2077,NaN,NaN,NaN,NaN,NaN
545.66,-8.0718,-17.073,-1.7258,-0.84498,-0.2736,-7.8302,-2.3952,-9.6253,-5.1574,0,0,0,NaN,NaN,NaN,NaN,NaN,NaN,NaN,NaN,NaN,47.826,0,2153.9,0.0069644,NaN,NaN,NaN,NaN,NaN,-1,-1,-0.85375,0.44351,-7.3506,-2.4748,-9.0248,-5.1772,NaN,NaN,NaN,NaN,NaN
545.66,-8.0736,-17.095,-1.7356,-0.65761,0.5909,-7.7976,-2.3256,-8.0941,-4.9589,0.74316,0.089121,-0.87326,NaN,NaN,NaN,NaN,NaN,NaN,NaN,NaN,NaN,47.826,0,2153.9,0.0069644,NaN,NaN,NaN,NaN,NaN,-1,-1,-0.85795,0.45725,-7.3398,-2.4576,-8.9564,-5.1394,NaN,NaN,NaN,NaN,NaN
545.66,-8.0772,-17.116,-1.745,-0.46285,-0.59803,-6.4571,-2.995,-8.0868,-4.9504,0,0,0,NaN,NaN,NaN,NaN,NaN,NaN,NaN,NaN,NaN,47.826,0,2153.9,0.0069644,NaN,NaN,NaN,NaN,12.794,97160,10.25,-0.85798,0.43379,-7.3064,-2.441,-8.9426,-5.1058,NaN,NaN,NaN,NaN,NaN
545.66,-8.0811,-17.144,-1.7545,-0.98761,0.40565,-7.2948,-3.153,-10.785,-5.3784,0,0,0,NaN,NaN,NaN,NaN,NaN,NaN,NaN,NaN,NaN,47.826,0,2153.9,0.0069644,NaN,NaN,NaN,NaN,NaN,-1,-1,-0.86135,0.4196,-7.288,-2.4202,-8.8794,-5.086,NaN,NaN,NaN,NaN,NaN
545.67,-8.0837,-17.166,-1.7642,-1.0499,2.1609,-7.9872,-2.6311,-7.9837,-5.0205,0,0,0,NaN,NaN,NaN,NaN,NaN,NaN,NaN,NaN,NaN,47.826,0,2153.9,0.0069644,NaN,NaN,NaN,NaN,12.917,97160,10.25,-0.86202,0.42615,-7.2718,-2.4181,-8.8657,-5.0592,NaN,NaN,NaN,NaN,NaN
545.67,-8.0851,-17.185,-1.775,-0.92273,0.49426,-6.5399,-2.2314,-7.3229,-5.0606,0.74357,0.098628,-0.87545,3.7111,13.234,-3.5609,14.199,40.058,-88.549,3.6787e+05,4.4354e+06,309.77,47.826,0,2153.9,0.0069644,1.0178,2.985,0.65542,0.06909,NaN,-1,-1,-0.86211,0.41867,-7.2391,-2.4111,-8.7605,-5.0386,13.58,4.1447,0.1116,0.47084,16.972
545.67,-8.0862,-17.212,-1.7842,-1.2657,0.84806,-6.8853,-2.007,-10.259,-5.1907,0,0,0,NaN,NaN,NaN,NaN,NaN,NaN,NaN,NaN,NaN,47.826,0,2153.9,0.0069644,NaN,NaN,NaN,NaN,NaN,-1,-1,-0.86701,0.42561,-7.2218,-2.4217,-8.7168,-5.0242,NaN,NaN,NaN,NaN,NaN
545.67,-8.0868,-17.235,-1.7937,-0.73349,1.0807,-7.7769,-1.8226,-8.7594,-5.0822,0,0,0,NaN,NaN,NaN,NaN,NaN,NaN,NaN,NaN,NaN,47.826,0,2153.9,0.0069644,NaN,NaN,NaN,NaN,12.916,97162,10.25,-0.87649,0.43222,-7.2035,-2.4499,-8.6666,-5.0042,NaN,NaN,NaN,NaN,NaN
545.68,-8.0874,-17.256,-1.8042,-0.66313,-0.52103,-7.2937,-1.9422,-7.7997,-5.3097,0,0,0,NaN,NaN,NaN,NaN,NaN,NaN,NaN,NaN,NaN,47.826,0,2153.9,0.0069644,NaN,NaN,NaN,NaN,NaN,-1,-1,-0.8742,0.42784,-7.1653,-2.4297,-8.5975,-4.9971,NaN,NaN,NaN,NaN,NaN
545.68,-8.0903,-17.281,-1.8142,-0.72335,-0.96611,-6.746,-2.7576,-9.3912,-5.1754,0.7414,0.10095,-0.87787,NaN,NaN,NaN,NaN,NaN,NaN,NaN,NaN,NaN,47.826,0,2153.9,0.0069644,0.99809,2.9779,0.64264,0.099889,NaN,-1,-1,-0.87594,0.42311,-7.1383,-2.4288,-8.5956,-4.9854,NaN,NaN,NaN,NaN,NaN
545.68,-8.0953,-17.305,-1.8237,-1.1327,0.73697,-7.7873,-3.6005,-9.2402,-5.1582,0,0,0,NaN,NaN,NaN,NaN,NaN,NaN,NaN,NaN,NaN,47.826,0,2153.9,0.0069644,NaN,NaN,NaN,NaN,12.764,97175,10.313,-0.8794,0.4187,-7.0206,-2.4305,-8.5772,-4.9805,NaN,NaN,NaN,NaN,NaN
545.68,-8.0982,-17.327,-1.8329,-0.66942,0.67266,-7.2233,-2.7407,-8.1711,-4.8774,0,0,0,NaN,NaN,NaN,NaN,NaN,NaN,NaN,NaN,NaN,47.63,0,2159.6,0.0075089,NaN,NaN,NaN,NaN,NaN,-1,-1,-0.88281,0.41787,-7.0124,-2.4407,-8.4854,-4.9633,NaN,NaN,NaN,NaN,NaN
545.69,-8.1006,-17.348,-1.8435,-1.0693,0.59419,-7.4416,-2.6944,-7.8884,-5.3801,0,0,0,NaN,NaN,NaN,NaN,NaN,NaN,NaN,NaN,NaN,47.63,0,2159.6,0.0075089,NaN,NaN,NaN,NaN,12.945,97150,10.188,-0.88724,0.41969,-6.9962,-2.4721,-8.4896,-4.9573,NaN,NaN,NaN,NaN,NaN
545.69,-8.1025,-17.371,-1.8533,-1.252,1.0264,-6.2561,-2.3156,-8.6181,-4.9739,0.75072,0.10094,-0.8748,NaN,NaN,NaN,NaN,NaN,NaN,NaN,NaN,NaN,47.63,0,2159.6,0.0075089,NaN,NaN,NaN,NaN,NaN,-1,-1,-0.89414,0.42853,-6.975,-2.5247,-8.4858,-4.9359,NaN,NaN,NaN,NaN,NaN
545.69,-8.1043,-17.396,-1.8623,-0.96406,1.165,-7.513,-2.2593,-9.5098,-4.9575,0,0,0,NaN,NaN,NaN,NaN,NaN,NaN,NaN,NaN,NaN,47.63,0,2159.6,0.0075089,1.003,4.5357,0.63168,0.10072,NaN,-1,-1,-0.89573,0.42992,-6.937,-2.5706,-8.4273,-4.9138,NaN,NaN,NaN,NaN,NaN
545.69,-8.1057,-17.419,-1.8715,-0.77963,-0.76789,-7.6674,-2.1582,-9.0016,-5.0078,0,0,0,NaN,NaN,NaN,NaN,NaN,NaN,NaN,NaN,NaN,47.63,0,2159.6,0.0075089,1.003,4.5357,0.63168,0.10072,12.76,97174,10.25,-0.90092,0.42714,-6.8107,-2.5972,-8.3385,-4.9052,NaN,NaN,NaN,NaN,NaN
545.7,-8.1088,-17.441,-1.8817,-0.77646,0.079965,-7.1366,-2.9055,-8.1711,-5.2565,0,0,0,NaN,NaN,NaN,NaN,NaN,NaN,NaN,NaN,NaN,47.63,0,2159.6,0.0075089,NaN,NaN,NaN,NaN,NaN,-1,-1,-0.91066,0.43663,-6.8017,-2.6147,-8.3675,-4.8843,NaN,NaN,NaN,NaN,NaN
545.7,-8.1111,-17.465,-1.8912,-0.61857,0.58215,-6.9942,-2.4928,-9.0381,-4.9242,0.7576,0.09362,-0.87418,NaN,NaN,NaN,NaN,NaN,NaN,NaN,NaN,NaN,47.63,0,2159.6,0.0075089,NaN,NaN,NaN,NaN,NaN,-1,-1,-0.91235,0.42085,-6.7743,-2.6118,-8.3905,-4.8811,NaN,NaN,NaN,NaN,NaN
545.7,-8.1148,-17.489,-1.9012,-1.0452,-0.97074,-8.0529,-3.131,-8.997,-5.3051,0,0,0,NaN,NaN,NaN,NaN,NaN,NaN,NaN,NaN,NaN,47.63,0,2159.6,0.0075089,NaN,NaN,NaN,NaN,13.098,97128,10.125,-0.91782,0.41347,-6.7623,-2.6024,-8.2975,-4.8849,NaN,NaN,NaN,NaN,NaN
545.7,-8.1206,-17.51,-1.9108,-0.88014,0.62,-6.6961,-3.9414,-7.8992,-5.0028,0,0,0,NaN,NaN,NaN,NaN,NaN,NaN,NaN,NaN,NaN,47.63,0,2159.6,0.0075089,NaN,NaN,NaN,NaN,NaN,-1,-1,-0.91953,0.41154,-6.7288,-2.6225,-8.2924,-4.8897,NaN,NaN,NaN,NaN,NaN
545.71,-8.1237,-17.535,-1.9202,-0.89468,2.2295,-7.2377,-2.8368,-9.4466,-5.1319,0,0,0,NaN,NaN,NaN,NaN,NaN,NaN,NaN,NaN,NaN,47.63,0,2159.6,0.0075089,0.99864,6.1514,0.63899,NaN,12.859,97183,10.375,-0.92524,0.41223,-6.706,-2.6472,-8.2261,-4.9029,NaN,NaN,NaN,NaN,NaN
545.71,0,0,0,0,0,0,0,0,0,0,0,0,NaN,NaN,NaN,NaN,NaN,NaN,NaN,NaN,NaN,47.63,0,2159.6,0.0075089,NaN,NaN,NaN,0.091565,NaN,-1,-1,-0.92707,0.39895,-6.6842,-2.66,-8.2012,-4.9048,NaN,NaN,NaN,NaN,NaN
545.71,-8.127,-17.581,-1.9411,-0.89329,0.55759,-7.0297,-2.2994,-9.2191,-5.1944,0,0,0,NaN,NaN,NaN,NaN,NaN,NaN,NaN,NaN,NaN,47.63,0,2159.6,0.0075089,NaN,NaN,NaN,NaN,NaN,-1,-1,-0.92727,0.40199,-6.6378,-2.6852,-8.2233,-4.9113,NaN,NaN,NaN,NaN,NaN
545.71,-8.1284,-17.605,-1.9514,-1.2866,0.89527,-8.009,-2.2703,-9.1819,-5.4491,0,0,0,NaN,NaN,NaN,NaN,NaN,NaN,NaN,NaN,NaN,47.63,0,2159.6,0.0075089,NaN,NaN,NaN,NaN,13.099,97145,10.188,-0.92998,0.39903,-6.6273,-2.7137,-8.1882,-4.9193,NaN,NaN,NaN,NaN,NaN
545.72,-8.1289,-17.624,-1.9623,-0.7329,-0.41153,-6.819,-2.0031,-7.2367,-5.3978,0,0,0,NaN,NaN,NaN,NaN,NaN,NaN,NaN,NaN,NaN,47.63,0,2159.6,0.0075089,NaN,NaN,NaN,NaN,NaN,-1,-1,-0.93708,0.40031,-6.5939,-2.7279,-8.1389,-4.9257,NaN,NaN,NaN,NaN,NaN
545.72,-8.1388,-17.673,-1.9817,-1.4062,0.9885,-7.6972,-3.6678,-9.4506,-5.2098,0,0,0,NaN,NaN,NaN,NaN,NaN,NaN,NaN,NaN,NaN,47.63,0,2159.6,0.0075089,NaN,NaN,NaN,NaN,NaN,-1,-1,-0.94743,0.41178,-6.6325,-2.7503,-8.1407,-4.9342,NaN,NaN,NaN,NaN,NaN
545.72,-8.1433,-17.69,-1.9922,-0.85935,0.80018,-7.1749,-3.5437,-6.5848,-5.1602,0,0,0,NaN,NaN,NaN,NaN,NaN,NaN,NaN,NaN,NaN,47.63,0,2159.6,0.0075089,NaN,NaN,NaN,NaN,12.975,97136,10.125,-0.95609,0.42173,-6.605,-2.7779,-8.1462,-4.9478,NaN,NaN,NaN,NaN,NaN
545.72,-8.1473,-17.713,-2.0023,-0.7845,0.58312,-6.0792,-3.273,-8.6611,-5.2895,0,0,0,NaN,NaN,NaN,NaN,NaN,NaN,NaN,NaN,NaN,47.63,0,2159.6,0.0075089,NaN,NaN,NaN,NaN,NaN,-1,-1,-0.96153,0.41742,-6.5827,-2.8095,-8.0396,-4.9709,NaN,NaN,NaN,NaN,NaN
545.73,-8.208,-17.757,-1.9573,-1.3693,1.3057,-7.1076,-2.7079,-9.3773,-5.1026,0.75533,0.10593,-0.86992,NaN,NaN,NaN,NaN,NaN,NaN,NaN,NaN,NaN,47.63,0,2159.6,0.0075089,NaN,NaN,NaN,NaN,13.096,97141,10.125,-0.9618,0.40375,-6.5581,-2.8372,-7.9943,-4.9936,NaN,NaN,NaN,NaN,NaN
545.73,-8.2096,-17.777,-1.9674,-0.83696,0.81845,-7.9222,-2.3475,-7.6329,-5.1374,0,0,0,NaN,NaN,NaN,NaN,NaN,NaN,NaN,NaN,NaN,47.63,0,2159.6,0.0075089,NaN,NaN,NaN,NaN,NaN,-1,-1,-0.96757,0.39502,-6.5192,-2.8554,-7.9557,-5.0117,NaN,NaN,NaN,NaN,NaN
545.73,-8.2126,-17.798,-1.9771,-0.65368,-0.65947,-6.4267,-2.8483,-7.9938,-5.0765,0,0,0,NaN,NaN,NaN,NaN,NaN,NaN,NaN,NaN,NaN,47.63,0,2159.6,0.0075089,NaN,NaN,NaN,NaN,NaN,-1,-1,-0.97909,0.38351,-6.557,-2.8671,-7.7866,-5.0299,NaN,NaN,NaN,NaN,NaN
545.73,-8.2164,-17.821,-1.9869,-1.02,-0.0285,-7.515,-3.1984,-8.4378,-5.1512,0,0,0,NaN,NaN,NaN,NaN,NaN,NaN,NaN,NaN,NaN,47.63,0,2159.6,0.0075089,1.0211,18.72,0.67124,0.074917,12.909,97124,10,-0.98135,0.39202,-6.5284,-2.8842,-7.7111,-5.0538,NaN,NaN,NaN,NaN,NaN
545.74,-8.22,-17.841,-1.9976,-0.89707,-0.14016,-6.689,-3.1198,-7.7542,-5.1108,0.76187,0.096445,-0.86488,NaN,NaN,NaN,NaN,NaN,NaN,NaN,NaN,NaN,47.63,0,2159.6,0.0075089,NaN,NaN,NaN,NaN,NaN,-1,-1,-0.99181,0.39201,-6.5284,-2.9142,-7.691,-5.0793,NaN,NaN,NaN,NaN,NaN
545.74,-8.2251,-17.862,-2.0077,-0.98141,-0.076764,-7.302,-3.7517,-7.8701,-5.2167,0,0,0,NaN,NaN,NaN,NaN,NaN,NaN,NaN,NaN,NaN,47.63,0,2159.6,0.0075089,NaN,NaN,NaN,NaN,NaN,-1,-1,-0.99678,0.39961,-6.5029,-2.9367,-7.4955,-5.1158,NaN,NaN,NaN,NaN,NaN
545.74,-8.2297,-17.88,-2.0175,-0.76365,1.0617,-6.4706,-3.4979,-6.688,-4.9002,0,0,0,NaN,NaN,NaN,NaN,NaN,NaN,NaN,NaN,NaN,47.63,0,2159.6,0.0075089,NaN,NaN,NaN,NaN,13.035,97120,10.063,-0.99966,0.40507,-6.4717,-2.9564,-7.3218,-5.1343,NaN,NaN,NaN,NaN,NaN
545.74,-8.233,-17.901,-2.0277,-0.99762,1.3009,-6.6387,-3.0289,-7.8184,-5.2056,0,0,0,NaN,NaN,NaN,NaN,NaN,NaN,NaN,NaN,NaN,47.63,0,2159.6,0.0075089,NaN,NaN,NaN,NaN,NaN,-1,-1,-1.0079,0.40172,-6.4564,-2.9958,-7.2366,-5.1782,NaN,NaN,NaN,NaN,NaN
545.75,-8.2347,-17.921,-2.0393,-1.1307,1.2088,-6.3675,-2.5142,-7.1625,-5.3766,0.76686,0.096139,-0.86889,NaN,NaN,NaN,NaN,NaN,NaN,NaN,NaN,NaN,47.63,0,2159.6,0.0075089,0.99535,20.313,0.63899,0.091565,12.887,97178,10.313,-1.0179,0.40273,-6.4355,-3.0102,-6.9945,-5.2078,NaN,NaN,NaN,NaN,NaN
545.75,-8.236,-17.941,-2.0503,-1.1812,0.32928,-6.9367,-2.3397,-7.6278,-5.5243,0,0,0,NaN,NaN,NaN,NaN,NaN,NaN,NaN,NaN,NaN,47.63,0,2159.6,0.0075089,NaN,NaN,NaN,NaN,NaN,-1,-1,-1.0181,0.40584,-6.3976,-3.0288,-6.7764,-5.2506,NaN,NaN,NaN,NaN,NaN
545.75,-8.2373,-17.96,-2.0621,-1.2307,0.48551,-7.1656,-2.4346,-6.9653,-5.7043,0,0,0,NaN,NaN,NaN,NaN,NaN,NaN,NaN,NaN,NaN,47.63,0,2159.6,0.0075089,NaN,NaN,NaN,NaN,NaN,-1,-1,-1.0193,0.38805,-6.3705,-3.0626,-6.6432,-5.2847,NaN,NaN,NaN,NaN,NaN
545.75,-8.2401,-17.975,-2.0738,-0.41735,-0.64084,-6.8338,-3.003,-5.4498,-5.4444,0,0,0,NaN,NaN,NaN,NaN,NaN,NaN,NaN,NaN,NaN,47.63,0,2159.6,0.0075089,NaN,NaN,NaN,NaN,12.757,97128,10.063,-1.0306,0.38756,-6.3627,-3.0911,-6.3985,-5.3322,NaN,NaN,NaN,NaN,NaN
545.76,-8.2445,-17.993,-2.0854,-0.89481,-0.6897,-5.8668,-3.5912,-6.5627,-5.358,0.76011,0.10334,-0.87173,NaN,NaN,NaN,NaN,NaN,NaN,NaN,NaN,NaN,47.63,0,2159.6,0.0075089,NaN,NaN,NaN,NaN,NaN,-1,-1,-1.0317,0.39069,-6.3373,-3.103,-6.1017,-5.36,NaN,NaN,NaN,NaN,NaN
545.76,-8.2492,-18.011,-2.0962,-1.2152,0.89207,-6.6954,-3.701,-6.3943,-5.2316,0,0,0,NaN,NaN,NaN,NaN,NaN,NaN,NaN,NaN,NaN,47.63,0,2159.6,0.0075089,NaN,NaN,NaN,NaN,NaN,-1,-1,-1.0304,0.39133,-6.3067,-3.1342,-5.8979,-5.401,NaN,NaN,NaN,NaN,NaN
545.76,-8.253,-18.025,-2.1073,-0.93004,0.59933,-6.4451,-3.3279,-5.395,-5.1901,0,0,0,NaN,NaN,NaN,NaN,NaN,NaN,NaN,NaN,NaN,47.63,0,2159.6,0.0075089,1.0036,20.317,0.63777,0.10488,12.977,97169,10.25,-1.042,0.39586,-6.3042,-3.1973,-5.62,-5.4419,NaN,NaN,NaN,NaN,NaN
545.76,-8.2565,-18.041,-2.1181,-1.0365,0.51344,-6.5609,-3.2102,-5.8482,-5.1686,0,0,0,NaN,NaN,NaN,NaN,NaN,NaN,NaN,NaN,NaN,47.63,0,2159.6,0.0075089,NaN,NaN,NaN,NaN,NaN,-1,-1,-1.0485,0.41056,-6.2807,-3.2418,-5.3141,-5.4928,NaN,NaN,NaN,NaN,NaN
545.77,-8.2607,-18.067,-2.1412,-0.90594,0.78872,-6.0573,-2.5025,-4.0714,-5.2783,0,0,0,NaN,NaN,NaN,NaN,NaN,NaN,NaN,NaN,NaN,47.63,0,2159.6,0.0075089,NaN,NaN,NaN,NaN,12.975,97159,10.188,-1.0465,0.40337,-6.2495,-3.1871,-4.7375,-5.3335,NaN,NaN,NaN,NaN,NaN
545.77,-8.2628,-18.082,-2.1528,-0.95165,-0.47516,-6.6392,-2.7534,-5.5264,-5.4216,0,0,0,NaN,NaN,NaN,NaN,NaN,NaN,NaN,NaN,NaN,47.63,0,2159.6,0.0075089,NaN,NaN,NaN,NaN,NaN,-1,-1,-1.0497,0.38624,-6.2134,-3.2041,-4.3512,-5.3329,NaN,NaN,NaN,NaN,NaN
545.77,-8.2656,-18.094,-2.1648,-1.1735,0.14401,-6.7776,-3.0596,-3.9945,-5.3345,0,0,0,NaN,NaN,NaN,NaN,NaN,NaN,NaN,NaN,NaN,47.63,0,2159.6,0.0075089,NaN,NaN,NaN,NaN,NaN,-1,-1,-1.0536,0.39822,-6.21,-3.2087,-3.9658,-5.3379,NaN,NaN,NaN,NaN,NaN
545.77,-8.2694,-18.099,-2.1781,-0.80539,-0.002473,-5.6495,-3.5837,-1.4565,-5.2822,0.76661,0.10132,-0.86222,NaN,NaN,NaN,NaN,NaN,NaN,NaN,NaN,NaN,47.63,0,2159.6,0.0075089,1.0561,NaN,0.71019,NaN,12.852,97157,10.188,-1.0634,0.3974,-6.2215,-3.1943,-3.4597,-5.3531,NaN,NaN,NaN,NaN,NaN
545.78,-8.2739,-18.109,-2.1912,-0.99895,-0.42685,-5.5649,-3.8585,-3.3342,-5.6594,0,0,0,NaN,NaN,NaN,NaN,NaN,NaN,NaN,NaN,NaN,47.63,0,2159.6,0.0075089,NaN,20.211,NaN,0.0074917,NaN,-1,-1,-1.0648,0.39235,-6.1868,-3.212,-3.0246,-5.367,NaN,NaN,NaN,NaN,NaN
545.78,-8.2777,-18.119,-2.2027,-0.979,1.3431,-7.0751,-3.4247,-3.4457,-5.1052,0,0,0,NaN,NaN,NaN,NaN,NaN,NaN,NaN,NaN,NaN,47.63,0,2159.6,0.0075089,NaN,NaN,NaN,NaN,NaN,-1,-1,-1.0662,0.39373,-6.1607,-3.2223,-2.5058,-5.3811,NaN,NaN,NaN,NaN,NaN
545.78,-8.2803,-18.12,-2.2158,-1.1673,1.0783,-5.948,-3.1626,0.20621,-5.1511,0,0,0,NaN,NaN,NaN,NaN,NaN,NaN,NaN,NaN,NaN,47.63,0,2159.6,0.0075089,NaN,NaN,NaN,NaN,13.096,97141,10.125,-1.0712,0.37537,-6.1702,-3.2611,-1.9377,-5.3854,NaN,NaN,NaN,NaN,NaN
545.78,-8.2829,-18.125,-2.2296,-0.92518,0.60845,-4.5519,-3.1297,-1.4768,-5.469,0.77119,0.096436,-0.86181,NaN,NaN,NaN,NaN,NaN,NaN,NaN,NaN,NaN,47.63,0,2159.6,0.0075089,NaN,NaN,NaN,NaN,NaN,-1,-1,-1.0651,0.35346,-6.1424,-3.2756,-1.3768,-5.3838,NaN,NaN,NaN,NaN,NaN
545.79,-8.2853,-18.136,-2.242,-1.5716,0.69447,-7.0484,-2.9734,-3.4699,-5.44,0,0,0,NaN,NaN,NaN,NaN,NaN,NaN,NaN,NaN,NaN,47.63,0,2159.6,0.0075089,0.99535,20.313,0.64385,0.097392,13.124,97132,10.063,-1.0733,0.36365,-6.1421,-3.2826,-0.81525,-5.3865,NaN,NaN,NaN,NaN,NaN
545.79,-8.2863,-18.134,-2.2566,-1.3028,0.939,-7.6886,-2.6985,1.2,-5.6056,0,0,0,NaN,NaN,NaN,NaN,NaN,NaN,NaN,NaN,NaN,47.63,0,2159.6,0.0075089,NaN,NaN,NaN,NaN,NaN,-1,-1,-1.0739,0.38472,-6.1505,-3.2947,-0.1989,-5.3871,NaN,NaN,NaN,NaN,NaN
545.79,-8.2879,-18.129,-2.2717,-0.41723,-0.94468,-4.217,-2.9917,2.7069,-5.5508,0,0,0,NaN,NaN,NaN,NaN,NaN,NaN,NaN,NaN,NaN,47.63,0,2159.6,0.0075089,NaN,NaN,NaN,NaN,NaN,-1,-1,-1.0798,0.38771,-6.1468,-3.3172,0.3563,-5.3867,NaN,NaN,NaN,NaN,NaN
545.79,-8.2935,-18.135,-2.285,-1.1951,-0.58541,-5.1714,-4.2793,-1.5122,-5.2771,0.77118,0.091502,-0.86404,NaN,NaN,NaN,NaN,NaN,NaN,NaN,NaN,NaN,47.826,0.024486,2176.8,0.0069644,NaN,NaN,NaN,NaN,13.007,97170,10.25,-1.0784,0.39238,-6.1475,-3.3234,0.97346,-5.3845,NaN,NaN,NaN,NaN,NaN
545.8,-8.2974,-18.134,-2.2995,-1.6426,1.3622,-7.4014,-3.8095,0.93341,-5.573,0,0,0,NaN,NaN,NaN,NaN,NaN,NaN,NaN,NaN,NaN,47.826,0.024486,2176.8,0.0069644,NaN,NaN,NaN,NaN,NaN,-1,-1,-1.0713,0.36439,-6.146,-3.3578,1.7379,-5.3947,NaN,NaN,NaN,NaN,NaN
545.8,-8.2995,-18.122,-2.3151,-0.73268,0.19564,-5.621,-3.2494,5.4126,-5.3847,0,0,0,NaN,NaN,NaN,NaN,NaN,NaN,NaN,NaN,NaN,47.826,0.024486,2176.8,0.0069644,NaN,NaN,NaN,NaN,NaN,-1,-1,-1.0693,0.35163,-6.1567,-3.4006,2.4061,-5.3861,NaN,NaN,NaN,NaN,NaN
545.8,-8.3029,-18.12,-2.3295,-1.0781,-0.087041,-3.8161,-3.6221,1.4266,-5.4763,0,0,0,NaN,NaN,NaN,NaN,NaN,NaN,NaN,NaN,NaN,47.826,0.024486,2176.8,0.0069644,1.0282,20.319,0.65907,0.068258,13.126,97160,10.188,-1.0704,0.36803,-6.1717,-3.4473,3.1617,-5.369,NaN,NaN,NaN,NaN,NaN
545.8,-8.3061,-18.117,-2.3437,-1.3379,2.1798,-7.378,-3.4033,2.0264,-5.0444,0.77597,0.088909,-0.86584,NaN,NaN,NaN,NaN,NaN,NaN,NaN,NaN,NaN,47.826,0.024486,2176.8,0.0069644,NaN,NaN,NaN,NaN,NaN,-1,-1,-1.0709,0.38081,-6.1666,-3.4755,3.9739,-5.3634,NaN,NaN,NaN,NaN,NaN
545.81,-8.3067,-18.103,-2.3595,-1.3242,0.24457,-6.4732,-2.6718,6.2215,-5.3163,0,0,0,NaN,NaN,NaN,NaN,NaN,NaN,NaN,NaN,NaN,47.826,0.024486,2176.8,0.0069644,NaN,NaN,NaN,NaN,13.159,97186,10.313,-1.0724,0.39476,-6.167,-3.4835,4.6524,-5.3692,NaN,NaN,NaN,NaN,NaN
545.81,-8.3095,-18.092,-2.3745,-0.66056,-0.8192,-4.5117,-3.4812,5.2228,-5.1761,0,0,0,NaN,NaN,NaN,NaN,NaN,NaN,NaN,NaN,NaN,47.826,0.024486,2176.8,0.0069644,NaN,NaN,NaN,NaN,NaN,-1,-1,-1.0745,0.39652,-6.1775,-3.4686,5.4207,-5.3739,NaN,NaN,NaN,NaN,NaN
545.81,-8.3126,-18.084,-2.3897,-1.0547,1.1318,-6.2775,-3.5986,3.9139,-5.4474,0,0,0,NaN,NaN,NaN,NaN,NaN,NaN,NaN,NaN,NaN,47.826,0.024486,2176.8,0.0069644,NaN,NaN,NaN,NaN,NaN,-1,-1,-1.0718,0.37857,-6.2066,-3.4482,6.3797,-5.3697,NaN,NaN,NaN,NaN,NaN
545.81,-8.3156,-18.066,-2.4073,-1.4635,-0.38108,-6.449,-3.7425,7.9195,-5.4836,0.77354,0.091469,-0.86383,NaN,NaN,NaN,NaN,NaN,NaN,NaN,NaN,NaN,47.826,0.024486,2176.8,0.0069644,0.99316,20.308,0.63594,0.098224,13.065,97167,10.188,-1.0615,0.3638,-6.2077,-3.4732,7.1943,-5.3664,NaN,NaN,NaN,NaN,NaN
545.82,-8.319,-18.046,-2.4237,-0.85833,-0.5115,-5.4127,-3.859,8.4608,-5.215,0,0,0,NaN,NaN,NaN,NaN,NaN,NaN,NaN,NaN,NaN,47.826,0.024486,2176.8,0.0069644,NaN,NaN,NaN,NaN,NaN,-1,-1,-1.0564,0.34472,-6.2234,-3.5049,7.9835,-5.3555,NaN,NaN,NaN,NaN,NaN
545.82,-8.3258,-18.011,-2.455,-1.166,1.2952,-6.6731,-3.5185,7.4686,-4.9996,0,0,0,NaN,NaN,NaN,NaN,NaN,NaN,NaN,NaN,NaN,47.826,0.024486,2176.8,0.0069644,NaN,NaN,NaN,NaN,NaN,-1,-1,-1.0487,0.33926,-6.2359,-3.5101,8.9773,-5.3396,NaN,NaN,NaN,NaN,NaN
545.82,-8.3273,-17.985,-2.4741,-1.5449,0.19475,-6.7467,-3.346,11.246,-5.5901,0.75688,0.091817,-0.8631,NaN,NaN,NaN,NaN,NaN,NaN,NaN,NaN,NaN,47.826,0.024486,2176.8,0.0069644,NaN,NaN,NaN,NaN,13.214,97175,10.188,-1.0464,0.36368,-6.2621,-3.5129,9.872,-5.3367,NaN,NaN,NaN,NaN,NaN
545.82,-8.3283,-17.961,-2.4919,-1.1617,0.92877,-4.9739,-3.0712,10.353,-5.4959,0,0,0,NaN,NaN,NaN,NaN,NaN,NaN,NaN,NaN,NaN,47.826,0.024486,2176.8,0.0069644,NaN,NaN,NaN,NaN,NaN,-1,-1,-1.0484,0.3799,-6.2882,-3.5175,10.706,-5.3275,NaN,NaN,NaN,NaN,NaN
545.83,-8.3294,-17.933,-2.5107,-0.7275,0.91424,-6.2354,-3.2,11.924,-5.6411,0,0,0,NaN,NaN,NaN,NaN,NaN,NaN,NaN,NaN,NaN,47.826,0.024486,2176.8,0.0069644,1.0112,20.19,0.71506,0.051609,13.245,97167,10.188,-1.0384,0.36917,-6.3149,-3.5197,11.612,-5.3286,NaN,NaN,NaN,NaN,NaN
545.83,-8.3309,-17.905,-2.5287,-1.1745,-0.76473,-5.9149,-3.273,11.967,-5.3496,0,0,0,NaN,NaN,NaN,NaN,NaN,NaN,NaN,NaN,NaN,47.826,0.024486,2176.8,0.0069644,NaN,NaN,NaN,NaN,NaN,-1,-1,-1.0355,0.35562,-6.3433,-3.5143,12.599,-5.3299,NaN,NaN,NaN,NaN,NaN
545.83,-8.3341,-17.874,-2.5476,-1.329,-0.30301,-6.8612,-3.9803,13.53,-5.1822,0.76888,0.089006,-0.86648,NaN,NaN,NaN,NaN,NaN,NaN,NaN,NaN,NaN,47.826,0.024486,2176.8,0.0069644,NaN,NaN,NaN,NaN,NaN,-1,-1,-1.024,0.32611,-6.3737,-3.5247,13.568,-5.3185,NaN,NaN,NaN,NaN,NaN
545.83,-8.3381,-17.836,-2.5663,-0.94444,0.67845,-4.6719,-4.3661,15.831,-5.0563,0,0,0,NaN,NaN,NaN,NaN,NaN,NaN,NaN,NaN,NaN,47.826,0.024486,2176.8,0.0069644,NaN,NaN,NaN,NaN,13.069,97184,10.313,-1.0193,0.32918,-6.4136,-3.5493,14.474,-5.3155,NaN,NaN,NaN,NaN,NaN
545.84,-8.3396,-17.802,-2.5854,-0.92398,0.28174,-5.6597,-3.4188,14.153,-5.44,0,0,0,NaN,NaN,NaN,NaN,NaN,NaN,NaN,NaN,NaN,47.826,0.024486,2176.8,0.0069644,NaN,NaN,NaN,NaN,NaN,-1,-1,-1.0159,0.3492,-6.4792,-3.5545,15.42,-5.3,NaN,NaN,NaN,NaN,NaN
545.84,-8.3415,-17.767,-2.6047,-1.3507,0.84125,-7.5686,-3.5712,14.878,-5.4308,0,0,0,NaN,NaN,NaN,NaN,NaN,NaN,NaN,NaN,NaN,47.826,0.024486,2176.8,0.0069644,NaN,20.313,NaN,0.10655,NaN,-1,-1,-1.0127,0.35444,-6.5095,-3.5686,16.47,-5.2758,NaN,NaN,NaN,NaN,NaN
545.84,-8.3424,-17.724,-2.6258,-1.4583,0.59434,-6.1618,-3.3063,18.153,-5.2981,0.76218,0.088741,-0.87377,NaN,NaN,NaN,NaN,NaN,NaN,NaN,NaN,NaN,47.826,0.024486,2176.8,0.0069644,NaN,NaN,NaN,NaN,13.009,97201,10.375,-1.0095,0.37497,-6.5405,-3.5786,17.436,-5.2612,NaN,NaN,NaN,NaN,NaN
545.84,-8.3439,-17.681,-2.6458,-0.29889,0.63647,-5.8345,-3.5215,17.941,-5.2378,0,0,0,NaN,NaN,NaN,NaN,NaN,NaN,NaN,NaN,NaN,47.826,0.024486,2176.8,0.0069644,NaN,NaN,NaN,NaN,NaN,-1,-1,-0.99885,0.39399,-6.6108,-3.5621,18.299,-5.2569,NaN,NaN,NaN,NaN,NaN
545.85,-8.346,-17.592,-2.6869,-1.3152,0.076424,-7.9614,-3.5472,21.089,-5.2757,0,0,0,NaN,NaN,NaN,NaN,NaN,NaN,NaN,NaN,NaN,47.826,0.024486,2176.8,0.0069644,NaN,NaN,NaN,NaN,13.035,97162,10.188,-0.99607,0.36768,-6.6742,-3.5496,19.26,-5.2542,NaN,NaN,NaN,NaN,NaN
545.85,-8.3484,-17.54,-2.7092,-0.66998,-0.12184,-4.6897,-4.0217,21.86,-5.2263,0.7483,0.1035,-0.87279,NaN,NaN,NaN,NaN,NaN,NaN,NaN,NaN,NaN,47.826,0.024486,2176.8,0.0069644,NaN,NaN,NaN,NaN,NaN,-1,-1,-0.98331,0.34641,-6.7176,-3.5316,20.281,-5.2367,NaN,NaN,NaN,NaN,NaN
545.85,-8.3514,-17.495,-2.7285,-0.94163,0.12543,-6.3269,-3.9798,18.8,-4.8563,0,0,0,NaN,NaN,NaN,NaN,NaN,NaN,NaN,NaN,NaN,47.826,0.024486,2176.8,0.0069644,1.0063,20.317,0.63899,0.084073,NaN,-1,-1,-0.97041,0.34151,-6.7715,-3.5485,21.193,-5.2158,NaN,NaN,NaN,NaN,NaN
545.85,-8.3551,-17.383,-2.771,-0.66334,0.82115,-5.2413,-3.6375,24.454,-4.9463,0,0,0,NaN,NaN,NaN,NaN,NaN,NaN,NaN,NaN,NaN,47.826,0.024486,2176.8,0.0069644,NaN,NaN,NaN,NaN,13.032,97180,10.188,-0.95982,0.33347,-6.8462,-3.555,22.058,-5.2074,NaN,NaN,NaN,NaN,NaN
545.86,-8.3549,-17.329,-2.7935,-0.96193,0.46002,-6.9522,-3.0272,22.41,-5.4104,0.74155,0.10576,-0.87786,NaN,NaN,NaN,NaN,NaN,NaN,NaN,NaN,NaN,47.826,0.024486,2176.8,0.0069644,NaN,NaN,NaN,NaN,NaN,-1,-1,-0.94923,0.33761,-6.9196,-3.549,23.06,-5.1908,NaN,NaN,NaN,NaN,NaN
545.86,-8.3544,-17.275,-2.8152,-1.7507,0.77263,-8.0403,-2.8478,22.507,-5.2218,0,0,0,NaN,NaN,NaN,NaN,NaN,NaN,NaN,NaN,NaN,47.826,0.024486,2176.8,0.0069644,NaN,NaN,NaN,NaN,NaN,-1,-1,-0.9389,0.3479,-6.9908,-3.5455,23.998,-5.1818,NaN,NaN,NaN,NaN,NaN
545.86,-8.3538,-17.209,-2.8382,-0.90974,1.4707,-8.3629,-2.9698,27.452,-5.0077,0,0,0,NaN,NaN,NaN,NaN,NaN,NaN,NaN,NaN,NaN,47.826,0.024486,2176.8,0.0069644,NaN,NaN,NaN,NaN,13.059,97137,10,-0.92457,0.34578,-7.0663,-3.5564,24.707,-5.1606,NaN,NaN,NaN,NaN,NaN
545.86,-8.3545,-17.144,-2.8616,-0.47248,-1.0772,-5.3959,-3.4977,27.026,-5.2442,0,0,0,NaN,NaN,NaN,NaN,NaN,NaN,NaN,NaN,NaN,47.826,0.024486,2176.8,0.0069644,NaN,NaN,NaN,NaN,NaN,-1,-1,-0.91763,0.32813,-7.1321,-3.5414,25.68,-5.1455,NaN,NaN,NaN,NaN,NaN
545.87,-8.3572,-17.086,-2.8844,-0.98576,-0.024532,-7.3019,-4.1834,23.964,-5.2979,0.74586,0.096189,-0.87524,NaN,NaN,NaN,NaN,NaN,NaN,NaN,NaN,NaN,47.826,0.024486,2176.8,0.0069644,1.0101,20.198,0.71566,0.026637,13.027,97167,10.063,-0.89873,0.31736,-7.1985,-3.5362,26.563,-5.1229,NaN,NaN,NaN,NaN,NaN
545.87,-8.3578,-17.018,-2.9081,-1.3556,1.2514,-8.96,-3.4754,28.155,-5.1897,0,0,0,NaN,NaN,NaN,NaN,NaN,NaN,NaN,NaN,NaN,47.826,0.024486,2176.8,0.0069644,NaN,NaN,NaN,NaN,NaN,-1,-1,-0.87874,0.31408,-7.3063,-3.5207,27.255,-5.1142,NaN,NaN,NaN,NaN,NaN
545.87,-8.358,-16.944,-2.9328,-0.38725,-0.2753,-5.7189,-3.4469,30.34,-5.2752,0,0,0,NaN,NaN,NaN,NaN,NaN,NaN,NaN,NaN,NaN,47.826,0.024486,2176.8,0.0069644,NaN,NaN,NaN,NaN,NaN,-1,-1,-0.87081,0.31994,-7.3836,-3.5228,28.1,-5.1089,NaN,NaN,NaN,NaN,NaN
545.87,-8.3599,-16.882,-2.9562,-0.88129,-0.50011,-7.4978,-3.9473,26.013,-5.3648,0,0,0,NaN,NaN,NaN,NaN,NaN,NaN,NaN,NaN,NaN,47.826,0.024486,2176.8,0.0069644,NaN,NaN,NaN,NaN,13.182,97167,10.125,-0.85872,0.32956,-7.4561,-3.5206,28.944,-5.0892,NaN,NaN,NaN,NaN,NaN
545.88,-8.362,-16.812,-2.9801,-1.5197,1.7411,-9.762,-3.9886,28.896,-4.8852,0.73969,0.10038,-0.88918,NaN,NaN,NaN,NaN,NaN,NaN,NaN,NaN,NaN,47.826,0.024486,2176.8,0.0069644,NaN,NaN,NaN,NaN,NaN,-1,-1,-0.84079,0.33774,-7.5368,-3.6244,30.992,-5.1889,NaN,NaN,NaN,NaN,NaN
545.88,-8.3613,-16.73,-3.0055,-0.48011,0.93062,-8.455,-3.1184,33.507,-5.0934,0,0,0,NaN,NaN,NaN,NaN,NaN,NaN,NaN,NaN,NaN,47.826,0.024486,2176.8,0.0069644,NaN,NaN,NaN,NaN,NaN,-1,-1,-0.83081,0.34395,-7.6478,-3.6041,31.521,-5.1441,NaN,NaN,NaN,NaN,NaN
545.88,-8.3613,-16.656,-3.0294,-0.98348,-0.56291,-6.1315,-3.1948,30.774,-4.8751,0,0,0,NaN,NaN,NaN,NaN,NaN,NaN,NaN,NaN,NaN,47.826,0.024486,2176.8,0.0069644,NaN,NaN,NaN,NaN,13.125,97167,10.188,-0.81248,0.33799,-7.733,-3.5673,31.913,-5.1012,NaN,NaN,NaN,NaN,NaN
545.88,-8.3625,-16.583,-3.0524,-0.77005,0.81203,-8.8287,-3.5805,30.03,-4.6899,0,0,0,NaN,NaN,NaN,NaN,NaN,NaN,NaN,NaN,NaN,47.826,0.024486,2176.8,0.0069644,NaN,NaN,NaN,NaN,NaN,-1,-1,-0.7997,0.33131,-7.8323,-3.5377,32.361,-5.058,NaN,NaN,NaN,NaN,NaN
545.89,-8.3632,-16.501,-3.078,-0.84053,0.4937,-9.2191,-3.6294,33.719,-4.92,0.73915,0.090989,-0.88477,NaN,NaN,NaN,NaN,NaN,NaN,NaN,NaN,NaN,47.826,0.024486,2176.8,0.0069644,NaN,NaN,NaN,NaN,13.094,97171,10.188,-0.77741,0.31819,-7.939,-3.4941,32.849,-5.0057,NaN,NaN,NaN,NaN,NaN
545.89,-8.3637,-16.417,-3.1037,-0.55251,-0.8573,-7.4585,-3.5591,34.527,-5.0283,0,0,0,NaN,NaN,NaN,NaN,NaN,NaN,NaN,NaN,NaN,47.826,0.024486,2176.8,0.0069644,1.0704,20.218,0.71019,0.011654,NaN,-1,-1,-0.76096,0.32445,-8.0546,-3.5773,34.7,-5.0823,NaN,NaN,NaN,NaN,NaN
545.89,-8.365,-16.336,-3.1283,-0.49982,0.52738,-8.5432,-3.7834,33.41,-4.8007,0,0,0,NaN,NaN,NaN,NaN,NaN,NaN,NaN,NaN,NaN,47.826,0.024486,2176.8,0.0069644,1.0704,20.218,0.71019,0.011654,NaN,-1,-1,-0.7416,0.32492,-8.1621,-3.5655,34.902,-4.985,NaN,NaN,NaN,NaN,NaN
545.89,-8.3648,-16.253,-3.1537,-0.80642,1.2403,-7.9772,-3.2188,34.128,-5.0081,0,0,0,NaN,NaN,NaN,NaN,NaN,NaN,NaN,NaN,NaN,47.826,0.024486,2176.8,0.0069644,NaN,NaN,NaN,NaN,13.122,97184,10.188,-0.71919,0.31784,-8.2549,-3.499,35.049,-4.912,NaN,NaN,NaN,NaN,NaN
545.9,-8.3643,-16.167,-3.1804,-0.97681,-0.18491,-10.067,-3.1701,35.23,-5.0016,0.73463,0.09334,-0.8874,NaN,NaN,NaN,NaN,NaN,NaN,NaN,NaN,NaN,47.826,0.024486,2176.8,0.0069644,NaN,NaN,NaN,NaN,NaN,-1,-1,-0.70148,0.32115,-8.3379,-3.4378,35.212,-4.8419,NaN,NaN,NaN,NaN,NaN
545.9,-8.3654,-16.08,-3.2055,-0.98709,0.9064,-9.3936,-3.697,35.988,-4.6251,0,0,0,NaN,NaN,NaN,NaN,NaN,NaN,NaN,NaN,NaN,47.826,0.024486,2176.8,0.0069644,NaN,NaN,NaN,NaN,NaN,-1,-1,-0.68027,0.31392,-8.4553,-3.4024,35.317,-4.7871,NaN,NaN,NaN,NaN,NaN
545.9,-8.365,-15.988,-3.2313,-0.65025,1.3283,-9.1409,-3.1357,37.62,-4.6857,0,0,0,NaN,NaN,NaN,NaN,NaN,NaN,NaN,NaN,NaN,47.826,0.024486,2176.8,0.0069644,NaN,NaN,NaN,NaN,13.243,97183,10.188,-0.66075,0.30833,-8.5759,-3.3637,35.557,-4.7242,NaN,NaN,NaN,NaN,NaN
545.9,-8.3649,-15.896,-3.2583,-0.50975,-0.39815,-8.0602,-3.3934,37.725,-5.0953,0,0,0,NaN,NaN,NaN,NaN,NaN,NaN,NaN,NaN,NaN,47.826,0.024486,2183.9,-1.2179,1.0085,NaN,0.62864,NaN,13.125,97169,10.188,-0.63953,0.30772,-8.6668,-3.3375,35.697,-4.6573,NaN,NaN,NaN,NaN,NaN
545.91,-8.3658,-15.808,-3.285,-0.60123,-0.25886,-9.2474,-3.6691,36.379,-4.9348,0.73265,0.088075,-0.8965,3.4718,13.588,-4.139,14.622,40.059,-88.549,3.6787e+05,4.4354e+06,308.82,47.826,0.024486,2183.9,-1.2179,NaN,20.309,NaN,0.0899,NaN,-1,-1,-0.61561,0.32964,-8.7901,-3.3153,35.992,-4.5932,13.988,4.1499,0.95525,3.9066,16.488
545.91,-8.3665,-15.712,-3.3119,-0.63601,1.0158,-9.998,-3.6641,39.408,-4.8523,0,0,0,NaN,NaN,NaN,NaN,NaN,NaN,NaN,NaN,NaN,47.826,0.024486,2183.9,-1.2179,NaN,NaN,NaN,NaN,NaN,-1,-1,-0.61236,0.33053,-8.7154,-3.2917,36.227,-4.521,NaN,NaN,NaN,NaN,NaN
545.91,-8.3667,-15.615,-3.3392,-0.25588,-0.69853,-8.3161,-3.4984,39.834,-4.922,0,0,0,NaN,NaN,NaN,NaN,NaN,NaN,NaN,NaN,NaN,47.826,0.024486,2183.9,-1.2179,NaN,NaN,NaN,NaN,NaN,-1,-1,-0.59394,0.32535,-8.8693,-3.277,36.503,-4.4504,NaN,NaN,NaN,NaN,NaN
545.91,-8.3681,-15.524,-3.3651,-0.7275,-0.44058,-10.145,-3.8174,37.205,-4.7818,0,0,0,NaN,NaN,NaN,NaN,NaN,NaN,NaN,NaN,NaN,47.826,0,2183.9,0.0069644,NaN,NaN,NaN,NaN,13.184,97177,10.188,-0.56846,0.33186,-9.0097,-3.2541,36.752,-4.4016,NaN,NaN,NaN,NaN,NaN
545.92,-8.3682,-15.317,-3.4205,-0.31577,1.3414,-9.3335,-3.1613,43.813,-4.6524,0,0,0,NaN,NaN,NaN,NaN,NaN,NaN,NaN,NaN,NaN,47.826,0,2183.9,0.0069644,NaN,NaN,NaN,NaN,NaN,-1,-1,-0.54621,0.32534,-9.1614,-3.2149,37.03,-4.3471,NaN,NaN,NaN,NaN,NaN
545.92,-8.3676,-15.22,-3.447,-0.56663,0.012738,-8.7466,-3.0084,39.716,-4.6493,0,0,0,NaN,NaN,NaN,NaN,NaN,NaN,NaN,NaN,NaN,47.826,0,2183.9,0.0069644,NaN,NaN,NaN,NaN,NaN,-1,-1,-0.51173,0.32188,-9.2781,-3.1821,37.467,-4.2843,NaN,NaN,NaN,NaN,NaN
545.92,-8.3678,-15.121,-3.4739,-0.53193,0.541,-10.805,-3.3512,40.66,-4.6644,0,0,0,NaN,NaN,NaN,NaN,NaN,NaN,NaN,NaN,NaN,47.826,0,2183.9,0.0069644,NaN,NaN,NaN,NaN,13.307,97219,10.375,-0.48663,0.32047,-9.4264,-3.1597,37.901,-4.2338,NaN,NaN,NaN,NaN,NaN
545.92,-8.3689,-15.013,-3.502,-0.49887,-0.038516,-10.914,-3.8003,44.203,-4.4469,0.71672,0.09516,-0.90463,NaN,NaN,NaN,NaN,NaN,NaN,NaN,NaN,NaN,47.826,0,2183.9,0.0069644,NaN,NaN,NaN,NaN,NaN,-1,-1,-0.45366,0.33139,-9.5697,-3.1603,38.204,-4.1821,NaN,NaN,NaN,NaN,NaN
545.93,-8.3695,-14.908,-3.5288,-0.064516,-0.17375,-9.2767,-3.4777,42.918,-4.3177,0,0,0,NaN,NaN,NaN,NaN,NaN,NaN,NaN,NaN,NaN,47.826,0,2183.9,0.0069644,NaN,NaN,NaN,NaN,13.248,97236,10.438,-0.42555,0.31599,-9.7003,-3.1374,38.635,-4.1251,NaN,NaN,NaN,NaN,NaN
545.93,-8.371,-14.804,-3.5557,-0.15979,-0.13964,-10.798,-3.8177,42.81,-4.3895,0,0,0,NaN,NaN,NaN,NaN,NaN,NaN,NaN,NaN,NaN,47.826,0,2183.9,0.0069644,NaN,NaN,NaN,NaN,NaN,-1,-1,-0.40103,0.30291,-9.8365,-3.0924,39.227,-4.0886,NaN,NaN,NaN,NaN,NaN
545.93,0,0,0,0,0,0,0,0,0,0,0,0,NaN,NaN,NaN,NaN,NaN,NaN,NaN,NaN,NaN,47.826,0,2183.9,0.0069644,NaN,NaN,NaN,NaN,NaN,-1,-1,-0.37343,0.3224,-9.9971,-3.0858,39.621,-4.0657,NaN,NaN,NaN,NaN,NaN
545.93,-8.372,-14.589,-3.6116,-0.4912,1.2127,-12.362,-3.1161,43.805,-4.3801,0.72136,0.087754,-0.90644,NaN,NaN,NaN,NaN,NaN,NaN,NaN,NaN,NaN,47.826,0,2183.9,0.0069644,NaN,NaN,NaN,NaN,13.151,97218,10.25,-0.3401,0.31782,-10.137,-3.0777,39.967,-4.0302,NaN,NaN,NaN,NaN,NaN
545.94,-8.3719,-14.474,-3.6396,-0.6286,1.2541,-11.47,-3.2322,46.824,-4.2485,0,0,0,NaN,NaN,NaN,NaN,NaN,NaN,NaN,NaN,NaN,47.826,0,2183.9,0.0069644,NaN,NaN,NaN,NaN,NaN,-1,-1,-0.3116,0.30932,-10.27,-3.0714,40.648,-4.0008,NaN,NaN,NaN,NaN,NaN
545.94,-8.3711,-14.36,-3.6681,-0.15583,0.43326,-9.9532,-3.0124,46.604,-4.4423,0,0,0,NaN,NaN,NaN,NaN,NaN,NaN,NaN,NaN,NaN,47.826,0,2183.9,0.0069644,NaN,NaN,NaN,NaN,NaN,-1,-1,-0.27743,0.32263,-10.412,-3.0547,41.22,-3.9722,NaN,NaN,NaN,NaN,NaN
545.94,-8.3716,-14.25,-3.696,-0.18126,0.51528,-10.983,-3.4126,44.926,-4.4832,0,0,0,NaN,NaN,NaN,NaN,NaN,NaN,NaN,NaN,NaN,47.826,0,2183.9,0.0069644,NaN,NaN,NaN,NaN,13.452,97175,10.188,-0.24553,0.31724,-10.571,-3.0667,41.65,-3.9283,NaN,NaN,NaN,NaN,NaN
545.94,0,0,0,0,0,0,0,0,0,0,0,0,NaN,NaN,NaN,NaN,NaN,NaN,NaN,NaN,NaN,47.826,0,2183.9,0.0069644,1.0671,20.221,0.71506,0.0074917,NaN,-1,-1,-0.21456,0.3084,-10.717,-3.0513,42.253,-3.9029,NaN,NaN,NaN,NaN,NaN
545.95,-8.3709,-14.137,-3.7256,-0.44961,0.036166,-12.098,-2.9964,46.414,-4.6259,0.70537,0.097367,-0.91234,NaN,NaN,NaN,NaN,NaN,NaN,NaN,NaN,NaN,47.826,0,2183.9,0.0069644,NaN,NaN,NaN,NaN,13.24,97220,10.25,-0.18033,0.31961,-10.851,-3.0156,42.955,-3.8799,NaN,NaN,NaN,NaN,NaN
545.95,-8.3727,-13.905,-3.7824,0.34573,-0.9418,-10.068,-3.8374,46.169,-4.3603,0,0,0,NaN,NaN,NaN,NaN,NaN,NaN,NaN,NaN,NaN,47.826,0,2183.9,0.0069644,NaN,NaN,NaN,NaN,NaN,-1,-1,-0.15133,0.31321,-10.989,-3.0143,43.511,-3.853,NaN,NaN,NaN,NaN,NaN
545.95,-8.3749,-13.793,-3.8103,-0.42595,0.57549,-13.647,-4.0024,45.711,-4.3685,0,0,0,NaN,NaN,NaN,NaN,NaN,NaN,NaN,NaN,NaN,47.826,0,2183.9,0.0069644,NaN,NaN,NaN,NaN,NaN,-1,-1,-0.12305,0.31327,-11.15,-2.9957,44.106,-3.8359,NaN,NaN,NaN,NaN,NaN
545.95,-8.3749,-13.545,-3.8679,0.15985,0.74017,-10.413,-3.0335,50.642,-3.8164,0,0,0,NaN,NaN,NaN,NaN,NaN,NaN,NaN,NaN,NaN,47.826,0,2183.9,0.0069644,NaN,NaN,NaN,NaN,13.539,97181,10.188,-0.08783,0.33528,-11.281,-2.9794,44.811,-3.8297,NaN,NaN,NaN,NaN,NaN
545.96,-8.3758,-13.431,-3.895,-0.14792,0.36597,-11.451,-3.3385,46.424,-3.983,0,0,0,NaN,NaN,NaN,NaN,NaN,NaN,NaN,NaN,NaN,47.826,0,2183.9,0.0069644,NaN,NaN,NaN,NaN,NaN,-1,-1,-0.055389,0.3315,-11.423,-3.0023,45.45,-3.8084,NaN,NaN,NaN,NaN,NaN
545.96,-8.4182,-13.197,-3.9165,-0.10675,-0.31995,-12.553,-3.0067,52.896,-4.1775,0.69879,0.092046,-0.92408,NaN,NaN,NaN,NaN,NaN,NaN,NaN,NaN,NaN,47.826,0,2183.9,0.0069644,NaN,NaN,NaN,NaN,NaN,-1,-1,-0.022424,0.31566,-11.56,-3.012,46.141,-3.7777,NaN,NaN,NaN,NaN,NaN
545.96,-8.4192,-13.075,-3.9452,0.63777,-1.0202,-10.069,-3.454,49.837,-4.1054,0,0,0,NaN,NaN,NaN,NaN,NaN,NaN,NaN,NaN,NaN,47.826,0,2183.9,0.0069644,NaN,NaN,NaN,NaN,13.508,97191,10.188,0.001961,0.33756,-11.785,-3.0086,46.917,-3.7661,NaN,NaN,NaN,NaN,NaN
545.96,-8.4209,-12.957,-3.9731,0.23868,0.11531,-13.935,-3.6662,48.361,-3.9823,0,0,0,NaN,NaN,NaN,NaN,NaN,NaN,NaN,NaN,NaN,47.826,0,2183.9,0.0069644,NaN,NaN,NaN,NaN,NaN,-1,-1,0.03581,0.33401,-11.935,-3.0018,47.517,-3.7549,NaN,NaN,NaN,NaN,NaN
545.97,-8.4212,-12.827,-4.0026,-0.3581,0.92841,-13.624,-3.2073,52.918,-3.987,0,0,0,NaN,NaN,NaN,NaN,NaN,NaN,NaN,NaN,NaN,47.826,0,2183.9,0.0069644,NaN,NaN,NaN,NaN,13.51,97182,10.188,0.071266,0.31803,-12.075,-2.9842,48.384,-3.7532,NaN,NaN,NaN,NaN,NaN
545.97,-8.4206,-12.699,-4.0326,0.25929,1.1301,-13.031,-2.7936,52.35,-3.8247,0.68692,0.094736,-0.92292,NaN,NaN,NaN,NaN,NaN,NaN,NaN,NaN,NaN,47.826,0,2183.9,0.0069644,0.99645,NaN,0.64385,NaN,NaN,-1,-1,0.104,0.33058,-12.236,-2.9708,49.173,-3.7674,NaN,NaN,NaN,NaN,NaN
545.97,-8.4205,-12.572,-4.0613,-0.19292,1.3361,-12.898,-2.9392,51.609,-3.8555,0,0,0,NaN,NaN,NaN,NaN,NaN,NaN,NaN,NaN,NaN,47.826,0,2183.9,0.0069644,NaN,20.313,NaN,0.095727,NaN,-1,-1,0.14418,0.32382,-12.391,-2.9765,49.712,-3.7767,NaN,NaN,NaN,NaN,NaN
545.97,-8.4198,-12.445,-4.0904,-0.083831,1.0803,-12.957,-2.6844,52.088,-3.9248,0,0,0,NaN,NaN,NaN,NaN,NaN,NaN,NaN,NaN,NaN,47.826,0,2183.9,0.0069644,NaN,NaN,NaN,NaN,13.419,97177,10.125,0.17917,0.30962,-12.538,-2.978,50.684,-3.7762,NaN,NaN,NaN,NaN,NaN
545.98,-8.4193,-12.316,-4.1193,0.44599,0.1494,-13.647,-2.7756,52.364,-3.8333,0,0,0,NaN,NaN,NaN,NaN,NaN,NaN,NaN,NaN,NaN,47.826,0,2183.9,0.0069644,NaN,NaN,NaN,NaN,NaN,-1,-1,0.21398,0.31283,-12.689,-2.9761,51.338,-3.7694,NaN,NaN,NaN,NaN,NaN
545.98,-8.4189,-12.185,-4.1496,0.307,-0.64358,-12.793,-2.8048,53.366,-4.0276,0.68002,0.087249,-0.93023,NaN,NaN,NaN,NaN,NaN,NaN,NaN,NaN,NaN,47.826,0,2183.9,0.0069644,NaN,NaN,NaN,NaN,NaN,-1,-1,0.25369,0.30873,-12.841,-2.9628,52.148,-3.7861,NaN,NaN,NaN,NaN,NaN
545.98,-8.4184,-12.053,-4.18,0.32201,-1.1536,-13.186,-2.8438,53.799,-4.2249,0,0,0,NaN,NaN,NaN,NaN,NaN,NaN,NaN,NaN,NaN,47.826,0,2183.9,0.0069644,NaN,NaN,NaN,NaN,13.596,97193,10.188,0.28576,0.30217,-13.002,-2.9587,53.032,-3.8025,NaN,NaN,NaN,NaN,NaN
545.98,-8.4202,-11.927,-4.2086,0.69302,-0.18632,-13.291,-3.5305,51.585,-3.8322,0,0,0,NaN,NaN,NaN,NaN,NaN,NaN,NaN,NaN,NaN,47.826,0,2183.9,0.0069644,1.0085,20.313,0.63716,0.10405,NaN,-1,-1,0.32132,0.31607,-13.146,-2.9547,53.904,-3.8185,NaN,NaN,NaN,NaN,NaN
545.99,-8.4206,-11.797,-4.2371,0.092323,0.9079,-15.934,-3.002,52.974,-3.6212,0,0,0,NaN,NaN,NaN,NaN,NaN,NaN,NaN,NaN,NaN,47.826,0,2183.9,0.0069644,NaN,NaN,NaN,NaN,13.509,97205,10.25,0.35807,0.31391,-13.287,-2.9861,54.824,-3.822,NaN,NaN,NaN,NaN,NaN
545.99,-8.4215,-11.656,-4.2679,0.10341,1.4726,-13.308,-3.2472,57.365,-3.5628,0.67832,0.091613,-0.93931,NaN,NaN,NaN,NaN,NaN,NaN,NaN,NaN,NaN,47.826,0,2183.9,0.0069644,NaN,NaN,NaN,NaN,NaN,-1,-1,0.39303,0.32843,-13.453,-2.887,54.099,-3.6712,NaN,NaN,NaN,NaN,NaN
545.99,-8.4205,-11.527,-4.2962,0.64911,1.0827,-12.796,-2.325,52.491,-3.6197,0,0,0,NaN,NaN,NaN,NaN,NaN,NaN,NaN,NaN,NaN,47.826,0,2183.9,0.0069644,NaN,NaN,NaN,NaN,NaN,-1,-1,0.43027,0.33073,-13.587,-2.8429,54.69,-3.6412,NaN,NaN,NaN,NaN,NaN
545.99,-8.4202,-11.397,-4.3242,-0.02674,1.0727,-14.92,-2.5559,53.126,-3.399,0,0,0,NaN,NaN,NaN,NaN,NaN,NaN,NaN,NaN,NaN,47.826,0,2183.9,0.0069644,NaN,NaN,NaN,NaN,13.542,97226,10.375,0.46583,0.31796,-13.727,-2.7771,55.433,-3.6265,NaN,NaN,NaN,NaN,NaN
546,-8.418,-11.258,-4.3542,0.14045,0.11776,-14.927,-1.9403,56.565,-3.6716,0,0,0,NaN,NaN,NaN,NaN,NaN,NaN,NaN,NaN,NaN,47.826,0,2183.9,0.0069644,NaN,NaN,NaN,NaN,NaN,-1,-1,0.50127,0.31233,-13.886,-2.7108,56.068,-3.6211,NaN,NaN,NaN,NaN,NaN
546,-8.4181,-11.122,-4.3834,1.359,-1.1751,-12.692,-2.7499,55.332,-3.3606,0.66475,0.098666,-0.94722,NaN,NaN,NaN,NaN,NaN,NaN,NaN,NaN,NaN,47.826,0,2183.9,0.0069644,NaN,NaN,NaN,NaN,NaN,-1,-1,0.53921,0.29952,-14.026,-2.6637,56.592,-3.6166,NaN,NaN,NaN,NaN,NaN
546,-8.42,-10.991,-4.4116,0.58719,-0.98812,-14.431,-3.3978,53.384,-3.4371,0,0,0,NaN,NaN,NaN,NaN,NaN,NaN,NaN,NaN,NaN,47.826,0,2183.9,0.0069644,NaN,NaN,NaN,NaN,13.594,97183,10.125,0.57561,0.29755,-14.172,-2.5021,55.546,-3.4438,NaN,NaN,NaN,NaN,NaN
546,-8.4201,-10.852,-4.4408,0.040267,0.94048,-16.465,-2.7229,56.729,-3.3641,0,0,0,NaN,NaN,NaN,NaN,NaN,NaN,NaN,NaN,NaN,47.826,0,2183.9,0.0069644,NaN,NaN,NaN,NaN,NaN,-1,-1,0.61074,0.30219,-14.329,-2.4399,55.867,-3.4105,NaN,NaN,NaN,NaN,NaN
546.01,-8.4203,-10.713,-4.4698,0.98312,0.31337,-13.389,-2.6969,56.488,-3.3167,0,0,0,NaN,NaN,NaN,NaN,NaN,NaN,NaN,NaN,NaN,47.826,0,2183.9,0.0069644,NaN,NaN,NaN,NaN,13.796,97211,10.188,0.64471,0.30082,-14.479,-2.3982,56.044,-3.3598,NaN,NaN,NaN,NaN,NaN
546.01,-8.4204,-10.58,-4.4975,0.69136,1.6128,-14.738,-2.5123,54.18,-3.0267,0.6505,0.096453,-0.9485,NaN,NaN,NaN,NaN,NaN,NaN,NaN,NaN,NaN,47.826,0,2183.9,0.0069644,NaN,NaN,NaN,NaN,NaN,-1,-1,0.6813,0.30837,-14.617,-2.3453,56.166,-3.3343,NaN,NaN,NaN,NaN,NaN
546.01,-8.4185,-10.44,-4.5261,-0.099246,1.9073,-16.559,-1.7663,56.851,-3.0948,0,0,0,NaN,NaN,NaN,NaN,NaN,NaN,NaN,NaN,NaN,47.826,0,2183.9,0.0069644,NaN,NaN,NaN,NaN,NaN,-1,-1,0.72046,0.3115,-14.767,-2.2413,56.512,-3.2802,NaN,NaN,NaN,NaN,NaN
546.01,-8.4154,-10.299,-4.5556,0.60704,0.70741,-13.638,-1.376,57.309,-3.4548,0,0,0,NaN,NaN,NaN,NaN,NaN,NaN,NaN,NaN,NaN,47.826,0,3226.6,0.0069644,NaN,NaN,NaN,NaN,13.771,97206,10.25,0.75393,0.30835,-14.933,-2.1257,56.613,-3.2386,NaN,NaN,NaN,NaN,NaN
546.02,-8.4137,-10.164,-4.5842,1.2083,-0.20985,-14.669,-1.7946,54.983,-3.4166,0,0,0,NaN,NaN,NaN,NaN,NaN,NaN,NaN,NaN,NaN,47.826,0,3226.6,0.0069644,NaN,NaN,NaN,NaN,NaN,-1,-1,0.79045,0.3093,-15.068,-2.0046,56.953,-3.2098,NaN,NaN,NaN,NaN,NaN
546.02,-8.411,-9.8794,-4.6441,0.91252,-1.3377,-14.319,-2.0951,58.949,-3.4002,0,0,0,NaN,NaN,NaN,NaN,NaN,NaN,NaN,NaN,NaN,47.826,0,3226.6,0.0069644,1.0063,20.313,0.64507,0.094062,13.763,97173,10,0.82631,0.3122,-15.213,-1.9544,57.138,-3.1666,NaN,NaN,NaN,NaN,NaN
546.02,-8.4113,-9.7471,-4.6715,1.0038,0.30245,-15.714,-2.457,53.835,-3.1544,0,0,0,NaN,NaN,NaN,NaN,NaN,NaN,NaN,NaN,NaN,47.826,0,3226.6,0.0069644,NaN,NaN,NaN,NaN,NaN,-1,-1,0.85729,0.32179,-15.351,-1.91,57.318,-3.1198,NaN,NaN,NaN,NaN,NaN
546.02,-8.411,-9.6083,-4.6991,0.5439,1.2108,-17.668,-2.2097,56.419,-2.8156,0,0,0,NaN,NaN,NaN,NaN,NaN,NaN,NaN,NaN,NaN,47.659,0,2201.1,0.0075089,NaN,NaN,NaN,NaN,NaN,-1,-1,0.88998,0.32635,-15.5,-1.8276,57.547,-3.0713,NaN,NaN,NaN,NaN,NaN
546.03,-8.41,-9.4569,-4.7291,0.62904,1.2,-14.836,-1.9831,61.516,-2.8707,0.63699,0.10098,-0.95864,NaN,NaN,NaN,NaN,NaN,NaN,NaN,NaN,NaN,47.659,0,2201.1,0.0075089,NaN,NaN,NaN,NaN,13.683,97195,10.188,0.92417,0.33691,-15.645,-1.7056,57.724,-3.0252,NaN,NaN,NaN,NaN,NaN
546.03,-8.4077,-9.3203,-4.757,0.73098,1.0943,-13.875,-1.3682,55.558,-3.1041,0,0,0,NaN,NaN,NaN,NaN,NaN,NaN,NaN,NaN,NaN,47.659,0,2201.1,0.0075089,1.0063,NaN,0.71506,NaN,NaN,-1,-1,0.96375,0.3419,-15.783,-1.5803,57.968,-2.996,NaN,NaN,NaN,NaN,NaN
546.03,-8.4014,-9.0334,-4.8151,0.39023,-1.2336,-16.824,-1.0511,61.482,-3.4237,0,0,0,NaN,NaN,NaN,NaN,NaN,NaN,NaN,NaN,NaN,47.659,0,2201.1,0.0075089,NaN,20.156,NaN,0.042453,NaN,-1,-1,0.99176,0.33833,-15.926,-1.4574,58.137,-2.96,NaN,NaN,NaN,NaN,NaN
546.03,-8.3996,-8.8907,-4.8436,1.719,-1.2613,-13.893,-1.5279,58.008,-2.8564,0.61875,0.10063,-0.97143,NaN,NaN,NaN,NaN,NaN,NaN,NaN,NaN,NaN,47.659,0,2201.1,0.0075089,NaN,NaN,NaN,NaN,13.653,97220,10.25,1.027,0.34257,-16.071,-1.3216,58.175,-2.924,NaN,NaN,NaN,NaN,NaN
546.04,-8.3976,-8.6084,-4.8988,0.52828,0.41764,-17.578,-1.6729,59.725,-2.6748,0,0,0,NaN,NaN,NaN,NaN,NaN,NaN,NaN,NaN,NaN,47.659,0,2201.1,0.0075089,NaN,NaN,NaN,NaN,NaN,-1,-1,1.062,0.34246,-16.223,-1.2095,58.445,-2.8932,NaN,NaN,NaN,NaN,NaN
546.04,-8.3956,-8.4621,-4.9267,1.26,1.3724,-16.829,-1.3299,59.384,-2.5325,0,0,0,NaN,NaN,NaN,NaN,NaN,NaN,NaN,NaN,NaN,47.659,0,2201.1,0.0075089,NaN,NaN,NaN,NaN,NaN,-1,-1,1.0986,0.33288,-16.341,-1.1158,58.688,-2.8851,NaN,NaN,NaN,NaN,NaN
546.04,-8.3896,-8.1772,-4.9829,0.48735,1.1092,-17.63,-0.48724,57.93,-3.0014,0,0,0,NaN,NaN,NaN,NaN,NaN,NaN,NaN,NaN,NaN,47.659,0,2201.1,0.0075089,0.97181,18.602,0.64751,0.09656,13.939,97189,10.125,1.1296,0.33481,-16.466,-1.0317,58.656,-2.856,NaN,NaN,NaN,NaN,NaN
546.04,-8.3843,-8.0308,-5.0113,1.1299,1.052,-17.015,0.066062,59.449,-2.8019,0,0,0,NaN,NaN,NaN,NaN,NaN,NaN,NaN,NaN,NaN,47.659,0,2201.1,0.0075089,NaN,NaN,NaN,NaN,13.737,97193,10.125,1.163,0.34124,-16.606,-0.9113,58.751,-2.8182,NaN,NaN,NaN,NaN,NaN
546.05,-8.3751,-7.7409,-5.0699,1.4633,-1.6147,-15.411,-0.72502,58.818,-3.1511,0.60706,0.09574,-0.97694,NaN,NaN,NaN,NaN,NaN,NaN,NaN,NaN,NaN,47.659,0,2201.1,0.0075089,NaN,NaN,NaN,NaN,NaN,-1,-1,1.1986,0.34271,-16.742,-0.79516,59.039,-2.7884,NaN,NaN,NaN,NaN,NaN
546.05,-8.3737,-7.601,-5.0968,1.418,-0.573,-17.316,-1.3389,56.833,-2.5975,0,0,0,NaN,NaN,NaN,NaN,NaN,NaN,NaN,NaN,NaN,47.659,0,2201.1,0.0075089,NaN,NaN,NaN,NaN,NaN,-1,-1,1.2337,0.3384,-16.867,-0.64771,59.067,-2.7641,NaN,NaN,NaN,NaN,NaN
546.05,-8.3715,-7.4538,-5.1246,0.96378,0.6115,-18.828,-1.0317,59.739,-2.5002,0,0,0,NaN,NaN,NaN,NaN,NaN,NaN,NaN,NaN,NaN,47.659,0,2201.1,0.0075089,NaN,NaN,NaN,NaN,NaN,-1,-1,1.2665,0.34245,-17.001,-0.503,59.06,-2.748,NaN,NaN,NaN,NaN,NaN
546.05,-8.3685,-7.3024,-5.153,1.1915,1.266,-16.293,-0.72468,61.442,-2.5361,0,0,0,NaN,NaN,NaN,NaN,NaN,NaN,NaN,NaN,NaN,47.659,0,2201.1,0.0075089,0.99535,16.971,0.65542,0.074917,14.081,97204,10.188,1.2981,0.34901,-17.149,-0.40006,59.254,-2.7153,NaN,NaN,NaN,NaN,NaN
546.06,-8.3644,-7.1599,-5.1809,1.4461,1.6223,-15.721,-0.19578,57.925,-2.6464,0.59767,0.093341,-0.98002,NaN,NaN,NaN,NaN,NaN,NaN,NaN,NaN,NaN,47.659,0,2201.1,0.0075089,NaN,NaN,NaN,NaN,NaN,-1,-1,1.331,0.34545,-17.266,-0.31956,59.331,-2.675,NaN,NaN,NaN,NaN,NaN
546.06,-8.3586,-7.019,-5.2081,0.8791,1.549,-17.83,0.49085,57.198,-2.6766,0,0,0,NaN,NaN,NaN,NaN,NaN,NaN,NaN,NaN,NaN,47.659,0,2201.1,0.0075089,NaN,NaN,NaN,NaN,NaN,-1,-1,1.366,0.34987,-17.376,-0.24752,59.287,-2.6283,NaN,NaN,NaN,NaN,NaN
546.06,-8.3524,-6.8711,-5.2373,1.1873,0.215,-18.887,0.609,60.12,-3.0547,0,0,0,NaN,NaN,NaN,NaN,NaN,NaN,NaN,NaN,NaN,47.659,0,2201.1,0.0075089,NaN,NaN,NaN,NaN,13.768,97224,10.25,1.3874,0.3605,-17.51,-0.11678,59.468,-2.602,NaN,NaN,NaN,NaN,NaN
546.06,-8.3473,-6.7223,-5.2649,2.1171,-0.76304,-15.414,0.27703,60.4,-2.3779,0,0,0,NaN,NaN,NaN,NaN,NaN,NaN,NaN,NaN,NaN,47.659,0,2201.1,0.0075089,NaN,NaN,NaN,NaN,NaN,-1,-1,1.4155,0.36177,-17.641,0.0093435,59.499,-2.5747,NaN,NaN,NaN,NaN,NaN
546.07,-8.3433,-6.5801,-5.2926,1.4924,-1.2702,-16.779,-0.14983,57.734,-2.6712,0.57686,0.090743,-0.99081,NaN,NaN,NaN,NaN,NaN,NaN,NaN,NaN,NaN,47.659,0,2201.1,0.0075089,0.98166,14.653,0.64507,0.094062,13.937,97221,10.188,1.4526,0.36338,-17.754,0.10733,59.298,-2.5377,NaN,NaN,NaN,NaN,NaN
546.07,-8.338,-6.2869,-5.3471,1.7676,0.2659,-17.351,-0.73952,59.962,-2.4245,0,0,0,NaN,NaN,NaN,NaN,NaN,NaN,NaN,NaN,NaN,47.659,0,2201.1,0.0075089,NaN,NaN,NaN,NaN,NaN,-1,-1,1.4802,0.38189,-17.883,0.22922,59.297,-2.4999,NaN,NaN,NaN,NaN,NaN
546.07,-8.3355,-6.1424,-5.3735,1.8243,2.0251,-17.174,-0.57955,58.582,-2.2026,0,0,0,NaN,NaN,NaN,NaN,NaN,NaN,NaN,NaN,NaN,47.659,0,2201.1,0.0075089,NaN,NaN,NaN,NaN,NaN,-1,-1,1.5098,0.37655,-17.996,0.35905,59.383,-2.4873,NaN,NaN,NaN,NaN,NaN
546.07,-8.3228,-5.8484,-5.4293,1.1782,1.1861,-17.35,1.2677,59.782,-2.5746,0,0,0,NaN,NaN,NaN,NaN,NaN,NaN,NaN,NaN,NaN,47.659,0,2201.1,0.0075089,NaN,NaN,NaN,NaN,13.798,97240,10.313,1.5422,0.37398,-18.093,0.45803,59.195,-2.4654,NaN,NaN,NaN,NaN,NaN
546.08,-8.3151,-5.7073,-5.4562,1.9349,-0.046503,-18.213,1.5181,57.306,-2.6126,0,0,0,NaN,NaN,NaN,NaN,NaN,NaN,NaN,NaN,NaN,47.659,0,2201.1,0.0075089,NaN,NaN,NaN,NaN,NaN,-1,-1,1.5697,0.37825,-18.204,0.55843,59.068,-2.4509,NaN,NaN,NaN,NaN,NaN
546.08,-8.3084,-5.5608,-5.4842,1.5068,-0.81678,-17.382,1.0934,59.487,-2.7412,0,0,0,NaN,NaN,NaN,NaN,NaN,NaN,NaN,NaN,NaN,47.659,0,2201.1,0.0075089,0.974,12.374,0.63533,0.092398,NaN,-1,-1,1.5929,0.37595,-18.311,0.65046,58.9,-2.4255,NaN,NaN,NaN,NaN,NaN
546.08,-8.3033,-5.4124,-5.5123,2.0182,-1.577,-17.148,0.51268,60.256,-2.5722,0.55862,0.095333,-1.0014,NaN,NaN,NaN,NaN,NaN,NaN,NaN,NaN,NaN,47.659,0,2201.1,0.0075089,NaN,NaN,NaN,NaN,13.856,97211,10.25,1.6219,0.36906,-18.413,0.74307,58.652,-2.391,NaN,NaN,NaN,NaN,NaN
546.08,-8.2989,-5.2723,-5.5377,1.5717,0.41868,-18.672,0.3801,56.797,-2.0826,0,0,0,NaN,NaN,NaN,NaN,NaN,NaN,NaN,NaN,NaN,47.659,0,2201.1,0.0075089,NaN,NaN,NaN,NaN,NaN,-1,-1,1.6519,0.377,-18.505,0.83781,58.718,-2.3603,NaN,NaN,NaN,NaN,NaN
546.09,-8.2932,-5.128,-5.5643,1.4824,0.84136,-20.415,0.82792,58.532,-2.3487,0,0,0,NaN,NaN,NaN,NaN,NaN,NaN,NaN,NaN,NaN,47.659,0,2201.1,0.0075089,NaN,NaN,NaN,NaN,13.994,97199,10.125,1.677,0.38027,-18.626,0.9154,58.465,-2.3284,NaN,NaN,NaN,NaN,NaN
546.09,-8.2884,-4.9743,-5.5921,1.7118,1.2734,-17.085,0.46862,62.337,-2.282,0,0,0,NaN,NaN,NaN,NaN,NaN,NaN,NaN,NaN,NaN,47.659,0,2201.1,0.0075089,0.98166,7.8662,0.65359,NaN,NaN,-1,-1,1.7021,0.37218,-18.733,1.018,58.343,-2.3031,NaN,NaN,NaN,NaN,NaN
546.09,-8.282,-4.8369,-5.6181,1.4357,1.5113,-16.84,1.2637,55.778,-2.3793,0.54929,0.085472,-1.0089,NaN,NaN,NaN,NaN,NaN,NaN,NaN,NaN,NaN,47.659,0,2201.1,0.0075089,NaN,NaN,NaN,0.06909,NaN,-1,-1,1.7331,0.37762,-18.81,1.1307,58.143,-2.2636,NaN,NaN,NaN,NaN,NaN
546.09,-8.2737,-4.6992,-5.6427,2.1321,1.8644,-20.915,2.0221,55.811,-1.9822,0,0,0,NaN,NaN,NaN,NaN,NaN,NaN,NaN,NaN,NaN,47.659,0,2201.1,0.0075089,NaN,NaN,NaN,NaN,13.795,97214,10.188,1.7565,0.3918,-18.909,1.2363,58.014,-2.2351,NaN,NaN,NaN,NaN,NaN
546.1,-8.2659,-4.549,-5.67,1.3743,-1.1204,-19.664,1.795,60.927,-2.2891,0,0,0,NaN,NaN,NaN,NaN,NaN,NaN,NaN,NaN,NaN,47.659,0,2201.1,0.0075089,NaN,NaN,NaN,NaN,NaN,-1,-1,1.7727,0.38997,-19,1.3522,57.772,-2.2012,NaN,NaN,NaN,NaN,NaN
546.1,-8.2595,-4.4068,-5.6963,2.2902,-0.7618,-17.318,1.2584,57.712,-2.4064,0,0,0,NaN,NaN,NaN,NaN,NaN,NaN,NaN,NaN,NaN,47.659,0,2201.1,0.0075089,NaN,NaN,NaN,NaN,NaN,-1,-1,1.7972,0.3986,-19.081,1.4848,57.468,-2.1937,NaN,NaN,NaN,NaN,NaN
546.1,-8.2538,-4.2699,-5.7218,2.0423,-0.084501,-18.574,1.0704,55.492,-2.1434,0.54261,0.095076,-1.0117,NaN,NaN,NaN,NaN,NaN,NaN,NaN,NaN,NaN,47.659,0,2201.1,0.0075089,NaN,NaN,NaN,NaN,14.081,97227,10.25,1.8166,0.39525,-19.171,1.5941,57.267,-2.1895,NaN,NaN,NaN,NaN,NaN
546.1,-8.2483,-4.1282,-5.7471,1.583,-0.33157,-19.367,0.98961,57.464,-2.0459,0,0,0,NaN,NaN,NaN,NaN,NaN,NaN,NaN,NaN,NaN,47.659,0,2201.1,0.0075089,NaN,NaN,NaN,NaN,NaN,-1,-1,1.8367,0.39299,-19.262,1.828,58.072,-2.2505,NaN,NaN,NaN,NaN,NaN
546.11,-8.2434,-3.9849,-5.7713,2.3084,0.89057,-20.555,0.78495,57.999,-1.5164,0,0,0,NaN,NaN,NaN,NaN,NaN,NaN,NaN,NaN,NaN,47.659,0,2201.1,0.0075089,NaN,NaN,NaN,NaN,13.967,97190,10.125,1.8526,0.39601,-19.369,1.8676,57.205,-2.2187,NaN,NaN,NaN,NaN,NaN
546.11,-8.2271,-3.7102,-5.8209,1.6926,0.74444,-20.587,2.8018,54.353,-2.2734,0.52128,0.09296,-1.0137,NaN,NaN,NaN,NaN,NaN,NaN,NaN,NaN,NaN,47.659,0,2201.1,0.0075089,NaN,NaN,NaN,NaN,NaN,-1,-1,1.8704,0.4002,-19.451,1.9358,56.595,-2.183,NaN,NaN,NaN,NaN,NaN
546.11,-8.2168,-3.5733,-5.846,2.1669,0.89876,-20.082,2.9931,55.512,-2.2646,0,0,0,NaN,NaN,NaN,NaN,NaN,NaN,NaN,NaN,NaN,47.659,0,2201.1,0.0075089,NaN,NaN,NaN,NaN,14.166,97201,10.188,1.8944,0.398,-19.497,2.0139,55.932,-2.1579,NaN,NaN,NaN,NaN,NaN
546.11,-8.1958,-3.296,-5.8982,1.7868,-1.2268,-18.26,2.6998,55.922,-2.6377,0,0,0,NaN,NaN,NaN,NaN,NaN,NaN,NaN,NaN,NaN,47.659,0,2206.8,0.0064211,NaN,NaN,NaN,NaN,13.796,97228,10.25,1.9073,0.39431,-19.56,2.1156,55.15,-2.1378,NaN,NaN,NaN,NaN,NaN
546.12,-8.1896,-3.1706,-5.9213,2.3872,-0.51641,-19.193,1.5014,50.862,-2.0388,0.51925,0.095158,-1.0183,NaN,NaN,NaN,NaN,NaN,NaN,NaN,NaN,NaN,47.659,0,2206.8,0.0064211,0.97564,3.2792,0.71932,0.038291,NaN,-1,-1,1.9206,0.40157,-19.643,2.2328,54.303,-2.1188,NaN,NaN,NaN,NaN,NaN
546.12,-8.1836,-3.0384,-5.9451,2.1504,1.0194,-22.768,1.4413,53.576,-2.0468,0,0,0,NaN,NaN,NaN,NaN,NaN,NaN,NaN,NaN,NaN,47.659,0,2206.8,0.0064211,NaN,NaN,NaN,NaN,14.106,97182,10.063,1.938,0.39775,-19.7,2.311,53.552,-2.1061,NaN,NaN,NaN,NaN,NaN
546.12,-8.1753,-2.8975,-5.97,1.841,1.02,-19.152,2.3144,57.129,-2.0425,0,0,0,NaN,NaN,NaN,NaN,NaN,NaN,NaN,NaN,NaN,47.659,0,2206.8,0.0064211,NaN,NaN,NaN,NaN,NaN,-1,-1,1.9576,0.39277,-19.752,2.381,52.76,-2.0769,NaN,NaN,NaN,NaN,NaN
546.12,-8.1671,-2.7677,-5.9936,1.9337,0.43464,-18.551,2.3522,52.615,-2.121,0,0,0,NaN,NaN,NaN,NaN,NaN,NaN,NaN,NaN,NaN,47.816,0,2206.8,0.0064211,0.9625,3.3937,0.63838,0.092398,13.941,97239,10.313,1.9685,0.39245,-19.83,2.4744,51.843,-2.0551,NaN,NaN,NaN,NaN,NaN
546.13,-8.1584,-2.6473,-6.015,2.3319,1.407,-20.66,2.6307,48.79,-1.7461,0.51201,0.085507,-1.0212,3.0894,14.105,-4.0135,14.987,40.059,-88.549,3.6787e+05,4.4354e+06,307.68,47.816,0,2206.8,0.0064211,NaN,NaN,NaN,NaN,NaN,-1,-1,1.9832,0.40629,-19.879,2.544,50.987,-2.0303,13.874,4.0253,3.9878,16.036,15.58
546.13,-8.1479,-2.5169,-6.0384,1.6559,0.45575,-22.788,3.3238,52.84,-2.0417,0,0,0,NaN,NaN,NaN,NaN,NaN,NaN,NaN,NaN,NaN,47.816,0,2206.8,0.0064211,NaN,NaN,NaN,NaN,13.852,97217,10.188,1.9984,0.40181,-19.902,2.5987,49.999,-2.0083,NaN,NaN,NaN,NaN,NaN
546.13,-8.138,-2.3838,-6.0618,2.6425,-0.49706,-18.375,3.0924,53.953,-1.8862,0,0,0,NaN,NaN,NaN,NaN,NaN,NaN,NaN,NaN,NaN,47.816,0,2206.8,0.0064211,NaN,NaN,NaN,NaN,NaN,-1,-1,2.0029,0.39339,-19.934,2.7362,49.068,-1.9982,NaN,NaN,NaN,NaN,NaN
546.13,-8.1198,-2.146,-6.1053,1.5592,0.75733,-22.17,2.9232,48.455,-2.0315,0.51956,0.087454,-1.0272,NaN,NaN,NaN,NaN,NaN,NaN,NaN,NaN,NaN,47.816,0,2206.8,0.0064211,NaN,NaN,NaN,NaN,14.024,97233,10.25,2.0115,0.39878,-19.876,2.879,48.033,-2.0071,NaN,NaN,NaN,NaN,NaN
546.14,-8.1102,-2.0193,-6.1279,2.4554,0.26637,-21.899,3.0226,51.308,-1.9869,0,0,0,NaN,NaN,NaN,NaN,NaN,NaN,NaN,NaN,NaN,47.816,0,2206.8,0.0064211,0.97181,3.1646,0.63899,0.092398,NaN,-1,-1,2.0192,0.39904,-19.925,2.9881,47.035,-2.0102,NaN,NaN,NaN,NaN,NaN
546.14,-8.0932,-1.7858,-6.1704,1.739,1.6995,-21.998,3.0727,45.5,-1.919,0,0,0,NaN,NaN,NaN,NaN,NaN,NaN,NaN,NaN,NaN,47.816,0,2206.8,0.0064211,NaN,NaN,NaN,NaN,NaN,-1,-1,2.0356,0.39226,-19.967,3.0715,46.062,-2.0213,NaN,NaN,NaN,NaN,NaN
546.14,-8.0808,-1.6698,-6.1923,2.0358,1.3559,-21.262,4.2678,47.089,-2.2412,0.50768,0.085209,-1.0283,NaN,NaN,NaN,NaN,NaN,NaN,NaN,NaN,NaN,47.816,0,2206.8,0.0064211,NaN,NaN,NaN,NaN,14.19,97187,10.063,2.042,0.40658,-20.025,3.1628,44.96,-2.02,NaN,NaN,NaN,NaN,NaN
546.14,-8.0688,-1.5528,-6.2149,2.5569,-0.066654,-21.085,4.0636,47.469,-2.5642,0,0,0,NaN,NaN,NaN,NaN,NaN,NaN,NaN,NaN,NaN,47.816,0,2206.8,0.0064211,NaN,NaN,NaN,NaN,NaN,-1,-1,2.0434,0.40373,-19.948,3.2911,43.897,-2.0176,NaN,NaN,NaN,NaN,NaN
546.15,-8.0587,-1.4425,-6.2367,2.1488,-0.36599,-18.898,3.3408,44.822,-2.6408,0,0,0,NaN,NaN,NaN,NaN,NaN,NaN,NaN,NaN,NaN,47.816,0,2206.8,0.0064211,0.9625,2.9749,0.63594,NaN,14.193,97210,10.188,2.0466,0.40421,-19.989,3.4047,42.984,-2.0205,NaN,NaN,NaN,NaN,NaN
546.15,-8.0489,-1.3384,-6.2567,2.3492,-0.43223,-21.338,3.2586,42.256,-2.2388,0,0,0,NaN,NaN,NaN,NaN,NaN,NaN,NaN,NaN,NaN,47.816,0,2206.8,0.0064211,NaN,NaN,NaN,0.10072,NaN,-1,-1,2.0533,0.42094,-20.021,3.511,41.801,-2.0204,NaN,NaN,NaN,NaN,NaN
546.15,-8.0396,-1.2315,-6.2774,2.1732,-0.11698,-22.608,3.0855,43.364,-2.296,0.49599,0.080315,-1.0338,NaN,NaN,NaN,NaN,NaN,NaN,NaN,NaN,NaN,47.816,0,2206.8,0.0064211,NaN,NaN,NaN,NaN,NaN,-1,-1,2.0583,0.41459,-20.053,3.6343,40.623,-2.0039,NaN,NaN,NaN,NaN,NaN
546.15,-8.0215,-1.0183,-6.317,2.0468,1.0707,-18.714,3.3199,41.653,-2.0285,0,0,0,NaN,NaN,NaN,NaN,NaN,NaN,NaN,NaN,NaN,47.816,0,2206.8,0.0064211,NaN,NaN,NaN,NaN,13.996,97208,10.188,2.0664,0.39585,-20.086,3.7549,39.71,-2.0034,NaN,NaN,NaN,NaN,NaN
546.16,-8.0082,-0.92567,-6.334,2.4539,1.9306,-22.221,4.7577,37.54,-1.7608,0,0,0,NaN,NaN,NaN,NaN,NaN,NaN,NaN,NaN,NaN,47.816,0,2206.8,0.0064211,NaN,NaN,NaN,NaN,NaN,-1,-1,2.0691,0.39653,-20.129,3.8304,38.657,-2.0199,NaN,NaN,NaN,NaN,NaN
546.16,0,0,0,0,0,0,0,0,0,0,0,0,NaN,NaN,NaN,NaN,NaN,NaN,NaN,NaN,NaN,47.816,0,2206.8,0.0064211,0.96962,2.9755,0.62925,0.097392,NaN,-1,-1,2.074,0.39835,-20.155,3.8887,37.494,-2.0158,NaN,NaN,NaN,NaN,NaN
546.16,-7.9948,-0.82252,-6.3536,1.5837,0.11448,-23.128,4.7782,41.85,-2.0955,0.48688,0.087545,-1.0368,NaN,NaN,NaN,NaN,NaN,NaN,NaN,NaN,NaN,47.816,0,2206.8,0.0064211,NaN,NaN,NaN,NaN,14.135,97220,10.188,2.0788,0.40363,-20.162,3.971,36.485,-1.9993,NaN,NaN,NaN,NaN,NaN
546.16,-7.9702,-0.63479,-6.3892,2.5148,0.06006,-20.382,4.1902,35.151,-2.1663,0,0,0,NaN,NaN,NaN,NaN,NaN,NaN,NaN,NaN,NaN,47.816,0,2206.8,0.0064211,NaN,NaN,NaN,NaN,NaN,-1,-1,2.0723,0.4147,-20.168,4.0427,35.526,-1.9876,NaN,NaN,NaN,NaN,NaN
546.17,-7.9586,-0.54439,-6.4063,1.6038,-0.50813,-22.381,4.1041,36.65,-1.9158,0,0,0,NaN,NaN,NaN,NaN,NaN,NaN,NaN,NaN,NaN,47.816,0,2206.8,0.0064211,NaN,NaN,NaN,NaN,14.274,97185,10.063,2.0702,0.42581,-20.164,4.1828,34.434,-1.9962,NaN,NaN,NaN,NaN,NaN
546.17,-7.9376,-0.36354,-6.4405,2.7895,1.708,-19.272,3.8357,34.931,-1.8949,0,0,0,NaN,NaN,NaN,NaN,NaN,NaN,NaN,NaN,NaN,47.816,0,2206.8,0.0064211,NaN,NaN,NaN,NaN,NaN,-1,-1,2.069,0.41868,-20.177,4.3462,33.341,-2.0122,NaN,NaN,NaN,NaN,NaN
546.17,-7.9262,-0.28017,-6.4566,1.8705,0.47377,-21.048,4.0599,33.816,-1.9422,0,0,0,NaN,NaN,NaN,NaN,NaN,NaN,NaN,NaN,NaN,47.816,0,2206.8,0.0064211,0.97783,2.9468,0.64751,0.080744,NaN,-1,-1,2.0714,0.41315,-20.173,4.5245,32.362,-2.053,NaN,NaN,NaN,NaN,NaN
546.17,-7.9404,-0.12756,-6.4726,2.2789,2.3095,-20.698,5.5859,31.715,-2.2747,0.4798,0.087642,-1.0375,NaN,NaN,NaN,NaN,NaN,NaN,NaN,NaN,NaN,47.816,0,2206.8,0.0064211,0.97783,2.9468,0.64751,0.080744,14.138,97226,10.25,2.0659,0.40227,-20.151,4.6165,31.269,-2.0711,NaN,NaN,NaN,NaN,NaN
546.18,-7.9246,-0.050371,-6.4885,2.2345,-0.12357,-20.113,5.8742,31.356,-2.2386,0,0,0,NaN,NaN,NaN,NaN,NaN,NaN,NaN,NaN,NaN,47.816,0,2206.8,0.0064211,NaN,NaN,NaN,NaN,NaN,-1,-1,2.0648,0.42231,-20.141,4.6842,30.278,-2.0898,NaN,NaN,NaN,NaN,NaN
546.18,-7.9111,0.02465,-6.5046,1.8807,-1.6886,-20.089,4.9098,30.508,-2.4372,0,0,0,NaN,NaN,NaN,NaN,NaN,NaN,NaN,NaN,NaN,47.816,0,2206.8,0.0064211,NaN,NaN,NaN,NaN,NaN,-1,-1,2.0554,0.43522,-20.13,4.7773,29.364,-2.1089,NaN,NaN,NaN,NaN,NaN
546.18,-7.8977,0.095674,-6.5202,2.1046,1.087,-22.112,4.92,28.892,-2.4353,0,0,0,NaN,NaN,NaN,NaN,NaN,NaN,NaN,NaN,NaN,47.816,0,2206.8,0.0064211,NaN,NaN,NaN,NaN,14.303,97200,10.125,2.0462,0.44277,-20.079,4.8744,28.456,-2.1317,NaN,NaN,NaN,NaN,NaN
546.18,-7.8832,0.16889,-6.5357,2.2597,0.15324,-20.982,5.3675,29.765,-2.2062,0.47533,0.087465,-1.0423,NaN,NaN,NaN,NaN,NaN,NaN,NaN,NaN,NaN,47.816,0,2206.8,0.0064211,NaN,NaN,NaN,NaN,NaN,-1,-1,2.0327,0.4566,-20.15,4.971,27.442,-2.1389,NaN,NaN,NaN,NaN,NaN
546.19,-7.8703,0.23708,-6.5505,2.1646,-0.37682,-19.516,4.7227,27.726,-2.3047,0,0,0,NaN,NaN,NaN,NaN,NaN,NaN,NaN,NaN,NaN,47.816,0,2206.8,0.0064211,0.97017,2.9421,0.6402,0.085738,14.271,97202,10.063,2.0293,0.44583,-20.104,5.0755,26.547,-2.1534,NaN,NaN,NaN,NaN,NaN
546.19,-7.8568,0.30279,-6.5638,2.3418,1.9552,-20.648,4.9495,26.664,-1.8626,0,0,0,NaN,NaN,NaN,NaN,NaN,NaN,NaN,NaN,NaN,47.816,0,2206.8,0.0064211,NaN,NaN,NaN,NaN,NaN,-1,-1,2.0267,0.42425,-20.057,5.1804,25.901,-2.1626,NaN,NaN,NaN,NaN,NaN
546.19,-7.8414,0.36688,-6.578,1.821,0.54117,-21.15,5.7229,26.065,-2.28,0,0,0,NaN,NaN,NaN,NaN,NaN,NaN,NaN,NaN,NaN,47.816,0,2206.8,0.0064211,NaN,NaN,NaN,NaN,NaN,-1,-1,2.0168,0.41721,-20.039,5.2677,25.017,-2.178,NaN,NaN,NaN,NaN,NaN
546.19,-7.8253,0.42832,-6.5911,1.8923,0.40103,-20.959,6.0646,24.97,-2.0003,0.47304,0.089905,-1.0425,NaN,NaN,NaN,NaN,NaN,NaN,NaN,NaN,NaN,47.816,0,2206.8,0.0064211,NaN,NaN,NaN,NaN,14.108,97214,10.188,2.0085,0.41398,-20,5.3743,24.345,-2.1786,NaN,NaN,NaN,NaN,NaN
546.2,-7.8099,0.48742,-6.6035,2.3845,0.5883,-19.903,5.7196,23.994,-1.897,0,0,0,NaN,NaN,NaN,NaN,NaN,NaN,NaN,NaN,NaN,47.816,0,2206.8,0.0064211,NaN,NaN,NaN,NaN,NaN,-1,-1,2.0001,0.4211,-20.063,5.4904,23.602,-2.1784,NaN,NaN,NaN,NaN,NaN
546.2,-7.7965,0.54439,-6.6165,1.792,-0.63179,-19.505,4.9481,23.175,-2.2174,0,0,0,NaN,NaN,NaN,NaN,NaN,NaN,NaN,NaN,NaN,47.816,0,2206.8,0.0064211,NaN,NaN,NaN,NaN,NaN,-1,-1,1.9866,0.43773,-20.021,5.6151,22.91,-2.1994,NaN,NaN,NaN,NaN,NaN
546.2,-7.7835,0.59801,-6.6285,1.8138,0.47111,-21.916,4.7735,21.8,-2.0538,0,0,0,NaN,NaN,NaN,NaN,NaN,NaN,NaN,NaN,NaN,47.816,0,2206.8,0.0064211,0.96469,2.9331,0.63107,0.10239,13.824,97213,10.188,1.9667,0.45978,-19.985,5.7557,22.176,-2.2373,NaN,NaN,NaN,NaN,NaN
546.2,-7.7685,0.65362,-6.6416,2.0804,1.2307,-19.843,5.6113,22.645,-2.3154,0.46115,0.082725,-1.0458,NaN,NaN,NaN,NaN,NaN,NaN,NaN,NaN,NaN,47.816,0,2206.8,0.0064211,NaN,NaN,NaN,NaN,NaN,-1,-1,1.954,0.45735,-19.913,5.8886,21.517,-2.2722,NaN,NaN,NaN,NaN,NaN
546.21,-7.7526,0.70618,-6.6547,1.8864,-0.020003,-19.411,5.9492,21.432,-2.5029,0,0,0,NaN,NaN,NaN,NaN,NaN,NaN,NaN,NaN,NaN,47.816,0,2206.8,0.0064211,NaN,NaN,NaN,NaN,14.134,97225,10.188,1.9439,0.44711,-19.88,5.9923,20.875,-2.3053,NaN,NaN,NaN,NaN,NaN
546.21,-7.7367,0.75018,-6.6663,1.8663,0.38606,-19.417,5.9442,17.962,-2.4198,0,0,0,NaN,NaN,NaN,NaN,NaN,NaN,NaN,NaN,NaN,47.816,0,2206.8,0.0064211,NaN,NaN,NaN,NaN,NaN,-1,-1,1.9274,0.43685,-19.826,6.0684,20.248,-2.3498,NaN,NaN,NaN,NaN,NaN
546.21,-7.7185,0.79561,-6.6774,1.8444,2.4188,-20.996,6.8753,18.499,-2.128,0,0,0,NaN,NaN,NaN,NaN,NaN,NaN,NaN,NaN,NaN,47.816,0,2206.8,0.0064211,NaN,NaN,NaN,NaN,NaN,-1,-1,1.914,0.44839,-19.777,6.1599,19.549,-2.3903,NaN,NaN,NaN,NaN,NaN
546.21,-7.6993,0.84237,-6.6899,1.9845,0.34193,-19.437,7.3385,19.109,-2.5783,0.47296,0.082563,-1.0448,NaN,NaN,NaN,NaN,NaN,NaN,NaN,NaN,NaN,47.816,0,2206.8,0.0064211,0.96743,2.812,0.71627,NaN,13.855,97221,10.25,1.8925,0.47019,-19.752,6.3013,18.895,-2.4187,NaN,NaN,NaN,NaN,NaN
546.22,-7.6819,0.88143,-6.7022,1.6878,-0.71352,-19.277,6.5525,16.044,-2.9994,0,0,0,NaN,NaN,NaN,NaN,NaN,NaN,NaN,NaN,NaN,47.816,0,2206.8,0.0064211,NaN,NaN,NaN,0.04495,NaN,-1,-1,1.8738,0.47915,-19.673,6.2843,16.843,-2.3656,NaN,NaN,NaN,NaN,NaN
546.22,-7.6647,0.91785,-6.7127,1.8824,0.9543,-20.289,6.4964,14.89,-2.3783,0,0,0,NaN,NaN,NaN,NaN,NaN,NaN,NaN,NaN,NaN,47.816,0,2206.8,0.0064211,NaN,NaN,NaN,NaN,NaN,-1,-1,1.8549,0.48735,-19.588,6.404,16.076,-2.3788,NaN,NaN,NaN,NaN,NaN
546.22,-7.6476,0.95442,-6.7236,1.9536,0.2777,-20.583,6.4344,14.976,-2.5475,0,0,0,NaN,NaN,NaN,NaN,NaN,NaN,NaN,NaN,NaN,47.816,0,2206.8,0.0064211,NaN,NaN,NaN,NaN,14.138,97204,10.188,1.8346,0.48165,-19.511,6.4706,15.127,-2.3831,NaN,NaN,NaN,NaN,NaN
546.22,-7.6315,0.99402,-6.7347,1.8857,-0.74697,-19.194,6.0546,16.181,-2.4181,0.45668,0.077613,-1.0529,NaN,NaN,NaN,NaN,NaN,NaN,NaN,NaN,NaN,47.62,0,2213.9,0.0064211,NaN,NaN,NaN,NaN,NaN,-1,-1,1.8215,0.45884,-19.45,6.5327,14.293,-2.3723,NaN,NaN,NaN,NaN,NaN
546.23,-7.6173,1.0273,-6.7441,1.9277,0.88538,-18.264,5.2662,13.596,-2.1444,0,0,0,NaN,NaN,NaN,NaN,NaN,NaN,NaN,NaN,NaN,47.62,0,2213.9,0.0064211,0.97728,2.8305,0.72844,0.049945,13.799,97253,10.375,1.8082,0.44733,-19.38,6.5966,13.472,-2.3645,NaN,NaN,NaN,NaN,NaN
546.23,-7.6002,1.056,-6.7532,1.819,0.96379,-19.343,6.4506,11.75,-2.2866,0,0,0,NaN,NaN,NaN,NaN,NaN,NaN,NaN,NaN,NaN,47.62,0,2213.9,0.0064211,NaN,NaN,NaN,NaN,NaN,-1,-1,1.7906,0.4437,-19.296,6.6305,12.603,-2.358,NaN,NaN,NaN,NaN,NaN
546.23,-7.5819,1.0832,-6.7621,1.4506,0.33417,-21.148,6.9189,11.135,-2.284,0,0,0,NaN,NaN,NaN,NaN,NaN,NaN,NaN,NaN,NaN,47.62,0,2213.9,0.0064211,NaN,NaN,NaN,NaN,NaN,-1,-1,1.7682,0.44699,-19.223,6.7276,11.692,-2.3606,NaN,NaN,NaN,NaN,NaN
546.23,-7.5637,1.1158,-6.7719,1.9945,1.0373,-17.89,6.9181,13.359,-2.2725,0.4589,0.072767,-1.0527,NaN,NaN,NaN,NaN,NaN,NaN,NaN,NaN,NaN,47.62,0,2213.9,0.0064211,NaN,NaN,NaN,NaN,14.082,97221,10.25,1.7468,0.47919,-19.146,6.8371,10.873,-2.3628,NaN,NaN,NaN,NaN,NaN
546.24,-7.5458,1.1397,-6.7803,1.7573,-0.16231,-18.449,6.768,9.8117,-2.2489,0,0,0,NaN,NaN,NaN,NaN,NaN,NaN,NaN,NaN,NaN,47.62,0,2213.9,0.0064211,NaN,NaN,NaN,NaN,NaN,-1,-1,1.7209,0.50219,-19.063,6.9237,10.035,-2.3737,NaN,NaN,NaN,NaN,NaN
546.24,-7.5103,1.1828,-6.7963,1.6553,1.4646,-20.353,6.9857,9.3797,-2.3158,0,0,0,NaN,NaN,NaN,NaN,NaN,NaN,NaN,NaN,NaN,47.62,0,2213.9,0.0064211,0.96414,2.8185,0.72236,0.040788,NaN,-1,-1,1.6957,0.5007,-18.954,7.0153,9.1169,-2.3971,NaN,NaN,NaN,NaN,NaN
546.24,-7.4905,1.2084,-6.8053,1.7924,0.18546,-17.637,7.5165,10.547,-2.3684,0.46127,0.077669,-1.0503,NaN,NaN,NaN,NaN,NaN,NaN,NaN,NaN,NaN,47.62,0,2213.9,0.0064211,NaN,NaN,NaN,NaN,14.08,97211,10.188,1.6812,0.48448,-18.864,7.1305,8.3849,-2.4146,NaN,NaN,NaN,NaN,NaN
546.24,-7.471,1.2217,-6.8126,1.8347,-0.36975,-17.142,7.4034,5.5364,-2.3683,0,0,0,NaN,NaN,NaN,NaN,NaN,NaN,NaN,NaN,NaN,47.62,0,2213.9,0.0064211,NaN,NaN,NaN,NaN,14.221,97231,10.25,1.6508,0.47458,-18.795,7.222,7.5762,-2.441,NaN,NaN,NaN,NaN,NaN
546.25,-7.4314,1.2543,-6.8274,1.5824,0.69546,-19.326,7.8378,8.0781,-2.3097,0,0,0,NaN,NaN,NaN,NaN,NaN,NaN,NaN,NaN,NaN,47.62,0,2213.9,0.0064211,NaN,NaN,NaN,NaN,NaN,-1,-1,1.6387,0.46651,-18.689,7.3124,6.7461,-2.4431,NaN,NaN,NaN,NaN,NaN
546.25,-7.412,1.268,-6.8357,1.6829,-0.066764,-16.883,7.3855,5.7665,-2.7391,0.45897,0.075174,-1.0527,NaN,NaN,NaN,NaN,NaN,NaN,NaN,NaN,NaN,47.62,0,2213.9,0.0064211,NaN,NaN,NaN,NaN,NaN,-1,-1,1.6191,0.47154,-18.577,7.4104,5.9488,-2.4677,NaN,NaN,NaN,NaN,NaN
546.25,-7.3933,1.2741,-6.843,1.4117,0.22065,-17.909,7.0572,2.679,-2.7574,0,0,0,NaN,NaN,NaN,NaN,NaN,NaN,NaN,NaN,NaN,47.62,0,2213.9,0.0064211,0.96962,2.818,0.72053,0.034961,NaN,-1,-1,1.5801,0.49535,-18.487,7.5089,5.1774,-2.4778,NaN,NaN,NaN,NaN,NaN
546.25,-7.3721,1.2811,-6.8498,1.1332,1.1262,-19.44,8.08,3.0295,-2.5006,0,0,0,NaN,NaN,NaN,NaN,NaN,NaN,NaN,NaN,NaN,47.62,0,2213.9,0.0064211,NaN,NaN,NaN,NaN,13.622,97230,10.25,1.557,0.51259,-18.394,7.6013,4.3786,-2.4779,NaN,NaN,NaN,NaN,NaN
546.26,-7.3521,1.2955,-6.8572,1.8163,-0.73852,-18.569,7.617,6.0137,-2.4029,0,0,0,NaN,NaN,NaN,NaN,NaN,NaN,NaN,NaN,NaN,47.62,0,2213.9,0.0064211,NaN,NaN,NaN,NaN,NaN,-1,-1,1.54,0.49269,-18.264,7.6703,3.6748,-2.4804,NaN,NaN,NaN,NaN,NaN
546.26,-7.3333,1.3012,-6.8645,1.6847,-0.094724,-16.217,7.0972,2.4943,-2.7252,0.45863,0.068074,-1.0505,NaN,NaN,NaN,NaN,NaN,NaN,NaN,NaN,NaN,47.62,0,2213.9,0.0064211,NaN,NaN,NaN,NaN,NaN,-1,-1,1.5126,0.4908,-18.171,7.7094,2.935,-2.4679,NaN,NaN,NaN,NaN,NaN
546.26,-7.3129,1.3007,-6.8703,1.6432,0.97505,-18.149,7.7483,0.0090527,-2.5093,0,0,0,NaN,NaN,NaN,NaN,NaN,NaN,NaN,NaN,NaN,47.62,0,2213.9,0.0064211,0.96086,2.9289,0.62864,0.10905,13.797,97223,10.25,1.4905,0.47423,-18.069,7.7657,2.1751,-2.4583,NaN,NaN,NaN,NaN,NaN
546.26,-7.2911,1.3038,-6.8759,1.2964,0.073822,-19.956,8.3174,1.4036,-2.2599,0,0,0,NaN,NaN,NaN,NaN,NaN,NaN,NaN,NaN,NaN,47.62,0,2213.9,0.0064211,0.96086,2.9289,0.62864,0.10905,NaN,-1,-1,1.472,0.44738,-17.958,7.8577,1.5797,-2.4721,NaN,NaN,NaN,NaN,NaN
546.27,-7.2701,1.3115,-6.8817,1.5057,0.42778,-16.695,8.0001,3.2579,-2.0831,0,0,0,NaN,NaN,NaN,NaN,NaN,NaN,NaN,NaN,NaN,47.62,0,2213.9,0.0064211,NaN,NaN,NaN,NaN,13.966,97215,10.188,1.4521,0.44703,-17.856,7.9109,0.8056,-2.4781,NaN,NaN,NaN,NaN,NaN
546.27,-7.2492,1.3077,-6.8861,1.581,0.99199,-17.349,7.9513,-1.3642,-2.0605,0.4657,0.063042,-1.0521,NaN,NaN,NaN,NaN,NaN,NaN,NaN,NaN,NaN,47.62,0,2213.9,0.0064211,NaN,NaN,NaN,NaN,NaN,-1,-1,1.4231,0.46293,-17.742,8.0091,0.13244,-2.476,NaN,NaN,NaN,NaN,NaN
546.27,-7.2295,1.3047,-6.8913,1.0069,0.45567,-17.132,7.4696,-1.0321,-2.4293,0,0,0,NaN,NaN,NaN,NaN,NaN,NaN,NaN,NaN,NaN,47.62,0,2213.9,0.0064211,NaN,NaN,NaN,NaN,NaN,-1,-1,1.3946,0.48308,-17.646,8.1272,-0.42263,-2.4926,NaN,NaN,NaN,NaN,NaN
546.27,-7.2094,1.3023,-6.8963,0.9058,0.46185,-18.58,7.6029,-0.82414,-2.2777,0,0,0,NaN,NaN,NaN,NaN,NaN,NaN,NaN,NaN,NaN,47.62,0,2213.9,0.0064211,NaN,NaN,NaN,NaN,14.026,97238,10.313,1.3601,0.48576,-17.527,8.2039,-1.0891,-2.52,NaN,NaN,NaN,NaN,NaN
546.28,-7.1869,1.299,-6.902,1.4206,0.94724,-17.137,8.5964,-1.1151,-2.61,0,0,0,NaN,NaN,NaN,NaN,NaN,NaN,NaN,NaN,NaN,47.62,0,2213.9,0.0064211,1.0331,2.8388,0.70593,NaN,NaN,-1,-1,1.3411,0.47383,-17.394,8.3042,-1.7578,-2.5322,NaN,NaN,NaN,NaN,NaN
546.28,-7.1643,1.2923,-6.908,1.8759,-0.17278,-16.182,8.6403,-2.481,-2.8368,0.46576,0.060514,-1.0543,NaN,NaN,NaN,NaN,NaN,NaN,NaN,NaN,NaN,47.62,0,2213.9,0.0064211,NaN,NaN,NaN,0.012486,NaN,-1,-1,1.3227,0.45246,-17.292,8.4355,-2.3627,-2.5644,NaN,NaN,NaN,NaN,NaN
546.28,-7.1428,1.282,-6.9132,0.66892,0.65178,-18.321,8.18,-3.9232,-2.7299,0,0,0,NaN,NaN,NaN,NaN,NaN,NaN,NaN,NaN,NaN,47.62,0,2213.9,0.0064211,NaN,NaN,NaN,NaN,13.909,97219,10.188,1.2945,0.43469,-17.204,8.5036,-2.8848,-2.5761,NaN,NaN,NaN,NaN,NaN
546.28,-7.1188,1.2741,-6.9186,1.2201,1.4132,-17.678,9.1772,-2.9575,-2.7234,0,0,0,NaN,NaN,NaN,NaN,NaN,NaN,NaN,NaN,NaN,47.62,0,2213.9,0.0064211,NaN,NaN,NaN,NaN,NaN,-1,-1,1.2794,0.44884,-17.083,8.5289,-3.4721,-2.5754,NaN,NaN,NaN,NaN,NaN
546.29,-7.0955,1.266,-6.9242,1.4708,0.61533,-17.027,8.9195,-3.0356,-2.8175,0,0,0,NaN,NaN,NaN,NaN,NaN,NaN,NaN,NaN,NaN,47.62,0,2213.9,0.0064211,NaN,NaN,NaN,NaN,13.909,97218,10.188,1.2477,0.46645,-16.992,8.603,-4.0785,-2.5922,NaN,NaN,NaN,NaN,NaN
546.29,-7.0717,1.2515,-6.9293,0.97816,-0.32135,-15.916,9.0977,-5.6043,-2.8628,0.44263,0.077687,-1.0564,NaN,NaN,NaN,NaN,NaN,NaN,NaN,NaN,NaN,47.62,0,2213.9,0.0064211,NaN,NaN,NaN,NaN,NaN,-1,-1,1.2258,0.4778,-16.86,8.6635,-4.6343,-2.5986,NaN,NaN,NaN,NaN,NaN
546.29,-7.0482,1.2376,-6.9344,0.55282,1.2171,-17.39,8.9754,-5.3633,-2.897,0,0,0,NaN,NaN,NaN,NaN,NaN,NaN,NaN,NaN,NaN,47.62,0,2213.9,0.0064211,NaN,NaN,NaN,NaN,NaN,-1,-1,1.2009,0.46285,-16.742,8.7185,-5.0517,-2.5883,NaN,NaN,NaN,NaN,NaN
546.29,-7.0251,1.2277,-6.9393,1.7479,-0.2299,-15.762,8.8216,-3.8172,-2.6033,0,0,0,NaN,NaN,NaN,NaN,NaN,NaN,NaN,NaN,NaN,47.62,0,2213.9,0.0064211,NaN,NaN,NaN,NaN,13.912,97243,10.313,1.1818,0.44521,-16.616,8.7683,-5.5633,-2.576,NaN,NaN,NaN,NaN,NaN
546.3,-7.0028,1.208,-6.9429,1.3225,-0.69029,-15.907,8.5101,-7.7275,-2.5708,0,0,0,NaN,NaN,NaN,NaN,NaN,NaN,NaN,NaN,NaN,47.62,0,2213.9,0.0064211,NaN,NaN,NaN,NaN,NaN,-1,-1,1.1611,0.43808,-16.497,8.805,-6.0914,-2.5587,NaN,NaN,NaN,NaN,NaN
546.3,-6.9806,1.1908,-6.9462,0.78,0.56939,-17.286,8.4193,-6.805,-2.3759,0.44951,0.070369,-1.0558,NaN,NaN,NaN,NaN,NaN,NaN,NaN,NaN,NaN,47.62,0,2213.9,0.0064211,NaN,NaN,NaN,NaN,NaN,-1,-1,1.1355,0.44568,-16.401,8.8903,-6.4353,-2.5568,NaN,NaN,NaN,NaN,NaN
546.3,-6.9584,1.1744,-6.9503,1.4624,0.3591,-16.618,8.434,-6.4087,-2.6029,0,0,0,NaN,NaN,NaN,NaN,NaN,NaN,NaN,NaN,NaN,47.62,0,2213.9,0.0064211,NaN,NaN,NaN,NaN,13.681,97226,10.25,1.1082,0.45373,-16.28,8.9654,-6.9542,-2.5543,NaN,NaN,NaN,NaN,NaN
546.3,-6.9352,1.1565,-6.9533,1.0625,0.28833,-16.204,8.8642,-7.0571,-2.2628,0,0,0,NaN,NaN,NaN,NaN,NaN,NaN,NaN,NaN,NaN,47.62,0,2213.9,0.0064211,0.9855,2.951,0.65968,0.074917,NaN,-1,-1,1.0873,0.46752,-16.142,9.0413,-7.4446,-2.5492,NaN,NaN,NaN,NaN,NaN
546.31,-6.9109,1.1362,-6.9563,0.94251,1.6384,-16.656,9.2587,-8.0356,-2.3198,0,0,0,NaN,NaN,NaN,NaN,NaN,NaN,NaN,NaN,NaN,47.62,0,2213.9,0.0064211,NaN,NaN,NaN,NaN,13.822,97205,10.125,1.0582,0.46458,-16.028,9.0964,-7.8628,-2.5616,NaN,NaN,NaN,NaN,NaN
546.31,-6.887,1.1178,-6.9597,1.1743,0.7873,-15.135,9.1604,-7.2251,-2.386,0.44688,0.065708,-1.0538,NaN,NaN,NaN,NaN,NaN,NaN,NaN,NaN,NaN,47.62,0,2213.9,0.0064211,NaN,NaN,NaN,NaN,NaN,-1,-1,1.0322,0.45392,-15.926,9.1224,-8.335,-2.5784,NaN,NaN,NaN,NaN,NaN
546.31,-6.8635,1.0925,-6.9626,0.40558,0.31405,-15.627,8.9654,-10.024,-2.5448,0,0,0,NaN,NaN,NaN,NaN,NaN,NaN,NaN,NaN,NaN,47.62,0,2213.9,0.0064211,NaN,NaN,NaN,NaN,NaN,-1,-1,1.02,0.43345,-15.804,9.186,-8.8819,-2.585,NaN,NaN,NaN,NaN,NaN
546.31,-6.8388,1.0679,-6.9663,0.72692,1.2781,-17.314,9.4443,-9.6602,-2.8054,0,0,0,NaN,NaN,NaN,NaN,NaN,NaN,NaN,NaN,NaN,47.62,0,2213.9,0.0064211,NaN,NaN,NaN,NaN,13.942,97210,10.25,0.99915,0.42168,-15.68,9.2379,-9.1952,-2.5883,NaN,NaN,NaN,NaN,NaN
546.32,-6.8136,1.0501,-6.9713,1.3118,-0.18938,-15.739,9.6394,-6.9512,-3.0124,0,0,0,NaN,NaN,NaN,NaN,NaN,NaN,NaN,NaN,NaN,47.62,0,2213.9,0.0064211,0.97564,2.8191,0.71384,0.04495,NaN,-1,-1,0.97507,0.43234,-15.585,9.2691,-9.5773,-2.609,NaN,NaN,NaN,NaN,NaN
546.32,-6.7658,0.99213,-6.9778,0.95566,1.3921,-16.591,8.7939,-11.8,-2.5421,0,0,0,NaN,NaN,NaN,NaN,NaN,NaN,NaN,NaN,NaN,47.62,0,2213.9,0.0064211,NaN,2.8191,NaN,NaN,NaN,-1,-1,0.95016,0.45329,-15.477,9.3109,-10.093,-2.614,NaN,NaN,NaN,NaN,NaN
546.32,-6.74,0.96906,-6.9814,0.92322,0.71645,-16.336,9.8651,-9.093,-2.713,0,0,0,NaN,NaN,NaN,NaN,NaN,NaN,NaN,NaN,NaN,47.62,0,2213.9,0.0064211,NaN,NaN,NaN,NaN,13.968,97247,10.313,0.91691,0.46763,-15.367,9.3661,-10.527,-2.6245,NaN,NaN,NaN,NaN,NaN
546.32,-6.7151,0.94215,-6.9845,0.83369,-0.064542,-14.908,9.5173,-10.654,-2.6538,0,0,0,NaN,NaN,NaN,NaN,NaN,NaN,NaN,NaN,NaN,47.62,0,2213.9,0.0064211,NaN,NaN,NaN,NaN,NaN,-1,-1,0.89033,0.4401,-15.258,9.4004,-10.877,-2.6295,NaN,NaN,NaN,NaN,NaN
546.33,-6.6902,0.9103,-6.9868,0.6791,1.4513,-14.678,9.5391,-12.634,-2.5269,0.45139,0.058422,-1.0534,NaN,NaN,NaN,NaN,NaN,NaN,NaN,NaN,NaN,47.62,0,2213.9,0.0064211,NaN,NaN,NaN,NaN,13.71,97205,10.188,0.87154,0.43516,-15.166,9.4336,-11.286,-2.6259,NaN,NaN,NaN,NaN,NaN
546.33,-6.6637,0.8813,-6.9897,0.68721,0.90165,-15.528,10.16,-11.49,-2.7105,0,0,0,NaN,NaN,NaN,NaN,NaN,NaN,NaN,NaN,NaN,47.62,0,2213.9,0.0064211,NaN,NaN,NaN,NaN,NaN,-1,-1,0.84721,0.42915,-15.065,9.6943,-12.191,-2.7222,NaN,NaN,NaN,NaN,NaN
546.33,-6.639,0.85156,-6.9924,0.92665,-1.4185,-14.723,9.4265,-11.796,-2.6189,0,0,0,NaN,NaN,NaN,NaN,NaN,NaN,NaN,NaN,NaN,47.62,0,2213.9,0.0064211,0.96633,2.9337,0.63351,0.099889,NaN,-1,-1,0.8243,0.43207,-14.962,9.6025,-12.361,-2.6956,NaN,NaN,NaN,NaN,NaN
546.33,-6.6173,0.81936,-6.9936,0.91268,0.36376,-14.751,8.2072,-12.84,-2.1512,0,0,0,NaN,NaN,NaN,NaN,NaN,NaN,NaN,NaN,NaN,47.826,0,2211.1,0.0064211,NaN,NaN,NaN,NaN,13.62,97201,10.125,0.80022,0.46616,-14.867,9.5481,-12.651,-2.6821,NaN,NaN,NaN,NaN,NaN
546.34,-6.5927,0.78649,-6.996,0.81978,0.83287,-15.775,9.4181,-13.054,-2.5997,0.44917,0.063268,-1.0536,NaN,NaN,NaN,NaN,NaN,NaN,NaN,NaN,NaN,47.826,0,2211.1,0.0064211,NaN,NaN,NaN,NaN,NaN,-1,-1,0.7759,0.48018,-14.763,9.5129,-12.807,-2.6897,NaN,NaN,NaN,NaN,NaN
546.34,-6.5675,0.75508,-6.9987,0.91558,-0.83335,-15.341,9.5975,-12.465,-2.6769,0,0,0,NaN,NaN,NaN,NaN,NaN,NaN,NaN,NaN,NaN,47.826,0,2211.1,0.0064211,NaN,NaN,NaN,NaN,NaN,-1,-1,0.74929,0.48075,-14.644,9.7103,-13.619,-2.7825,NaN,NaN,NaN,NaN,NaN
546.34,-6.544,0.7232,-7.0001,1.1973,1.1606,-14.069,8.9743,-12.703,-2.2125,0,0,0,NaN,NaN,NaN,NaN,NaN,NaN,NaN,NaN,NaN,47.826,0,2211.1,0.0064211,0.97345,2.9409,0.64507,NaN,13.852,97240,10.25,0.72648,0.48601,-14.551,9.6047,-13.745,-2.7597,NaN,NaN,NaN,NaN,NaN
546.34,-6.5187,0.68805,-7.0018,0.27383,2.059,-15.339,9.6548,-14.001,-2.4268,0,0,0,NaN,NaN,NaN,NaN,NaN,NaN,NaN,NaN,NaN,47.826,0,2211.1,0.0064211,NaN,NaN,NaN,0.06909,13.682,97202,10.188,0.70876,0.46941,-14.478,9.4917,-13.767,-2.7397,NaN,NaN,NaN,NaN,NaN
546.35,-6.4683,0.61771,-7.0068,0.70031,0.53101,-14.163,9.7413,-14.89,-2.8885,0,0,0,NaN,NaN,NaN,NaN,NaN,NaN,NaN,NaN,NaN,47.826,0,2211.1,0.0064211,NaN,NaN,NaN,NaN,NaN,-1,-1,0.68617,0.43768,-14.362,9.3915,-13.898,-2.7245,NaN,NaN,NaN,NaN,NaN
546.35,-6.4431,0.58108,-7.0096,0.65543,1.1319,-15.508,9.6149,-14.536,-2.9481,0,0,0,NaN,NaN,NaN,NaN,NaN,NaN,NaN,NaN,NaN,47.826,0,2211.1,0.0064211,NaN,NaN,NaN,NaN,NaN,-1,-1,0.66558,0.45269,-14.264,9.3155,-14.061,-2.7163,NaN,NaN,NaN,NaN,NaN
546.35,-6.4167,0.54712,-7.0134,0.80854,-0.42876,-13.241,10.117,-13.432,-3.2272,0,0,0,NaN,NaN,NaN,NaN,NaN,NaN,NaN,NaN,NaN,47.826,0,2211.1,0.0064211,NaN,NaN,NaN,NaN,NaN,-1,-1,0.64305,0.46566,-14.19,9.2434,-14.086,-2.7118,NaN,NaN,NaN,NaN,NaN
546.35,-6.3929,0.50527,-7.0158,0.70985,-0.23664,-15,9.0828,-16.642,-2.876,0.47003,0.058404,-1.0473,2.4737,14.641,-2.2209,15.013,40.059,-88.549,3.6787e+05,4.4354e+06,306.47,47.826,0,2211.1,0.0064211,NaN,NaN,NaN,NaN,13.561,97204,10.125,0.61864,0.47007,-14.1,9.1615,-14.285,-2.7121,14.209,3.9558,2.8042,11.164,15.277
546.36,-6.369,0.46572,-7.0182,0.62848,1.0251,-15.676,9.0723,-15.717,-2.9148,0,0,0,NaN,NaN,NaN,NaN,NaN,NaN,NaN,NaN,NaN,47.826,0,2211.1,0.0064211,0.96086,2.9248,0.62316,0.10905,NaN,-1,-1,0.59807,0.48989,-14.005,9.0744,-14.403,-2.7144,NaN,NaN,NaN,NaN,NaN
546.36,-6.3446,0.43298,-7.0215,0.6077,0.89041,-14.982,9.3311,-12.973,-2.9506,0,0,0,NaN,NaN,NaN,NaN,NaN,NaN,NaN,NaN,NaN,47.826,0,2211.1,0.0064211,NaN,NaN,NaN,NaN,NaN,-1,-1,0.58039,0.48354,-13.834,8.9611,-14.521,-2.7205,NaN,NaN,NaN,NaN,NaN
546.36,-6.32,0.39219,-7.0239,0.48372,0.5857,-12.391,9.3619,-16.214,-2.9143,0,0,0,NaN,NaN,NaN,NaN,NaN,NaN,NaN,NaN,NaN,47.826,0,2211.1,0.0064211,NaN,NaN,NaN,NaN,13.683,97256,10.375,0.55826,0.49712,-13.744,8.8611,-14.561,-2.7159,NaN,NaN,NaN,NaN,NaN
546.36,-6.2947,0.34863,-7.0259,0.10357,1.2908,-14.642,9.6989,-17.319,-2.8948,0.46522,0.051127,-1.0499,NaN,NaN,NaN,NaN,NaN,NaN,NaN,NaN,NaN,47.826,0,2211.1,0.0064211,NaN,NaN,NaN,NaN,NaN,-1,-1,0.535,0.48133,-13.657,8.7558,-14.723,-2.7051,NaN,NaN,NaN,NaN,NaN
546.37,-6.2699,0.31267,-7.0291,0.64714,-0.091661,-14.121,9.4576,-14.265,-3.0228,0,0,0,NaN,NaN,NaN,NaN,NaN,NaN,NaN,NaN,NaN,47.826,0,2211.1,0.0064211,NaN,NaN,NaN,NaN,13.823,97174,10.063,0.5169,0.48532,-13.596,8.6561,-14.853,-2.6892,NaN,NaN,NaN,NaN,NaN
546.37,-6.2458,0.26932,-7.0316,0.69107,-0.46164,-13.213,9.194,-17.227,-3.0813,0,0,0,NaN,NaN,NaN,NaN,NaN,NaN,NaN,NaN,NaN,47.826,0,2211.1,0.0064211,1.032,2.8538,0.7114,0.0049945,NaN,-1,-1,0.49881,0.49551,-13.453,8.5664,-14.957,-2.6968,NaN,NaN,NaN,NaN,NaN
546.37,-6.2222,0.22435,-7.0336,0.58512,0.67271,-14.658,8.9681,-17.898,-2.9478,0,0,0,NaN,NaN,NaN,NaN,NaN,NaN,NaN,NaN,NaN,47.826,0,2211.1,0.0064211,NaN,NaN,NaN,NaN,NaN,-1,-1,0.47749,0.49428,-13.345,8.5136,-15.109,-2.7191,NaN,NaN,NaN,NaN,NaN
546.37,-6.1987,0.18419,-7.0374,0.70593,-0.37818,-14.362,8.942,-15.917,-3.2978,0.484,0.055924,-1.0438,NaN,NaN,NaN,NaN,NaN,NaN,NaN,NaN,NaN,47.826,0,2211.1,0.0064211,NaN,NaN,NaN,NaN,13.679,97217,10.188,0.45474,0.50892,-13.289,8.435,-15.237,-2.7434,NaN,NaN,NaN,NaN,NaN
546.38,-6.1754,0.14325,-7.0398,0.7395,0.77558,-13.187,8.8604,-16.276,-2.9245,0,0,0,NaN,NaN,NaN,NaN,NaN,NaN,NaN,NaN,NaN,47.826,0,2211.1,0.0064211,NaN,NaN,NaN,NaN,NaN,-1,-1,0.42969,0.5199,-13.232,8.3295,-15.423,-2.7563,NaN,NaN,NaN,NaN,NaN
546.38,-6.1275,0.058059,-7.044,0.17124,1.1598,-12.904,8.9452,-15.7,-2.8427,0,0,0,NaN,NaN,NaN,NaN,NaN,NaN,NaN,NaN,NaN,47.826,0,2211.1,0.0064211,NaN,NaN,NaN,NaN,NaN,-1,-1,0.40566,0.51528,-13.16,8.2457,-15.443,-2.7813,NaN,NaN,NaN,NaN,NaN
546.38,-6.1049,0.013904,-7.0463,0.0545,0.08872,-12.834,8.6279,-17.545,-2.9896,0.48407,0.058331,-1.0438,NaN,NaN,NaN,NaN,NaN,NaN,NaN,NaN,NaN,47.826,0,2211.1,0.0064211,1.0282,2.8484,0.70958,0.0033296,13.855,97221,10.25,0.39186,0.50838,-13.065,8.1644,-15.659,-2.8098,NaN,NaN,NaN,NaN,NaN
546.38,0,0,0,0,0,0,0,0,0,0,0,0,NaN,NaN,NaN,NaN,NaN,NaN,NaN,NaN,NaN,47.826,0,2211.1,0.0064211,NaN,NaN,NaN,NaN,NaN,-1,-1,0.36017,0.50583,-13.014,8.0961,-15.817,-2.839,NaN,NaN,NaN,NaN,NaN
546.39,-6.0802,-0.035128,-7.0487,0.13389,0.79112,-13.515,9.4191,-19.504,-3.2157,0,0,0,NaN,NaN,NaN,NaN,NaN,NaN,NaN,NaN,NaN,47.826,0,2211.1,0.0064211,NaN,NaN,NaN,NaN,13.65,97221,10.188,0.34749,0.50623,-12.924,8.0699,-15.935,-2.8736,NaN,NaN,NaN,NaN,NaN
546.39,-6.056,-0.07421,-7.0522,1.0667,-0.25856,-13.559,9.1863,-15.501,-3.2211,0,0,0,NaN,NaN,NaN,NaN,NaN,NaN,NaN,NaN,NaN,47.826,0,2211.1,0.0064211,NaN,NaN,NaN,NaN,NaN,-1,-1,0.32279,0.51513,-12.841,8.0158,-16.14,-2.9158,NaN,NaN,NaN,NaN,NaN
546.39,-6.0106,-0.17288,-7.0566,0.41719,0.5447,-13.986,8.563,-20.328,-2.9093,0.4862,0.041208,-1.048,NaN,NaN,NaN,NaN,NaN,NaN,NaN,NaN,NaN,47.826,0,2211.1,0.0064211,NaN,NaN,NaN,NaN,NaN,-1,-1,0.3012,0.50878,-12.738,7.9234,-16.357,-2.9397,NaN,NaN,NaN,NaN,NaN
546.39,0,0,0,0,0,0,0,0,0,0,0,0,NaN,NaN,NaN,NaN,NaN,NaN,NaN,NaN,NaN,47.826,0,2211.1,0.0064211,NaN,NaN,NaN,NaN,13.507,97243,10.313,0.28047,0.51416,-12.653,7.8377,-16.531,-2.9891,NaN,NaN,NaN,NaN,NaN
546.4,-5.9649,-0.25772,-7.0633,-0.096431,1.1707,-11.412,9.0811,-17.103,-3.2385,0,0,0,NaN,NaN,NaN,NaN,NaN,NaN,NaN,NaN,NaN,47.826,0,2211.1,0.0064211,0.97728,2.8156,0.71992,0.044118,NaN,-1,-1,0.25608,0.51576,-12.558,7.7556,-16.757,-3.0258,NaN,NaN,NaN,NaN,NaN
546.4,-5.9407,-0.30762,-7.0662,0.11326,1.6531,-12.953,9.186,-19.834,-3.427,0,0,0,NaN,NaN,NaN,NaN,NaN,NaN,NaN,NaN,NaN,47.826,0,2211.1,0.0064211,NaN,NaN,NaN,NaN,NaN,-1,-1,0.23513,0.51581,-12.494,7.6686,-16.868,-3.0435,NaN,NaN,NaN,NaN,NaN
546.4,-5.9168,-0.35566,-7.07,-0.10792,0.35091,-12.769,9.1121,-19.054,-3.5526,0.48406,0.053396,-1.046,NaN,NaN,NaN,NaN,NaN,NaN,NaN,NaN,NaN,47.826,0,2211.1,0.0064211,NaN,NaN,NaN,NaN,13.71,97206,10.188,0.21109,0.52139,-12.417,7.5975,-17.148,-3.0471,NaN,NaN,NaN,NaN,NaN
546.4,-5.8949,-0.40008,-7.0741,0.58821,-0.51437,-13.188,8.3053,-17.609,-3.6261,0,0,0,NaN,NaN,NaN,NaN,NaN,NaN,NaN,NaN,NaN,47.826,0,2211.1,0.0064211,NaN,NaN,NaN,NaN,NaN,-1,-1,0.19142,0.51953,-12.311,7.5455,-17.329,-3.0739,NaN,NaN,NaN,NaN,NaN
546.41,-5.853,-0.49896,-7.0801,0.25153,-0.24367,-13.566,7.9213,-19.713,-3.4133,0,0,0,NaN,NaN,NaN,NaN,NaN,NaN,NaN,NaN,NaN,47.826,0,2211.1,0.0064211,0.96852,2.9504,0.63533,NaN,13.508,97234,10.313,0.17581,0.5158,-12.235,7.5113,-17.505,-3.1186,NaN,NaN,NaN,NaN,NaN
546.41,-5.8852,-0.57147,-7.0594,0.47831,-0.14746,-13.471,7.6734,-18.11,-3.3625,0.49337,0.048452,-1.0452,NaN,NaN,NaN,NaN,NaN,NaN,NaN,NaN,NaN,47.826,0,2211.1,0.0064211,NaN,NaN,NaN,0.081576,NaN,-1,-1,0.15003,0.51283,-12.144,7.4993,-17.73,-3.1602,NaN,NaN,NaN,NaN,NaN
546.41,-5.8654,-0.6204,-7.0619,0.51824,1.5588,-12.624,7.4172,-19.47,-3.1695,0,0,0,NaN,NaN,NaN,NaN,NaN,NaN,NaN,NaN,NaN,47.826,0,2211.1,0.0064211,NaN,NaN,NaN,NaN,NaN,-1,-1,0.146,0.52368,-12.258,7.4358,-18.022,-3.2022,NaN,NaN,NaN,NaN,NaN
546.41,-5.8229,-0.7139,-7.0681,-0.25145,0.53584,-11.124,7.9227,-18.8,-3.338,0,0,0,NaN,NaN,NaN,NaN,NaN,NaN,NaN,NaN,NaN,47.826,0,2211.1,0.0064211,NaN,NaN,NaN,NaN,13.475,97213,10.188,0.13255,0.53283,-12.166,7.3874,-18.271,-3.2525,NaN,NaN,NaN,NaN,NaN
546.42,-5.8024,-0.76811,-7.0706,-0.26246,0.70514,-12.26,7.7537,-21.568,-3.376,0.50269,0.048444,-1.0421,NaN,NaN,NaN,NaN,NaN,NaN,NaN,NaN,NaN,47.826,0,2211.1,0.0064211,NaN,NaN,NaN,NaN,NaN,-1,-1,0.10656,0.54143,-12.11,7.3288,-18.412,-3.3088,NaN,NaN,NaN,NaN,NaN
546.42,-5.7805,-0.81546,-7.0746,0.2875,0.57791,-13.661,8.2462,-18.788,-3.6726,0,0,0,NaN,NaN,NaN,NaN,NaN,NaN,NaN,NaN,NaN,47.826,0,2211.1,0.0064211,NaN,NaN,NaN,NaN,NaN,-1,-1,0.093746,0.54312,-12.024,7.2913,-18.579,-3.3545,NaN,NaN,NaN,NaN,NaN
546.42,-5.7593,-0.86182,-7.0796,0.51871,-0.58837,-11.542,7.9881,-18.353,-4.0128,0,0,0,NaN,NaN,NaN,NaN,NaN,NaN,NaN,NaN,NaN,47.826,0,2211.1,0.0064211,1.0479,2.8478,0.7114,0.0058269,13.594,97201,10.188,0.071446,0.53251,-11.981,7.2895,-18.91,-3.4232,NaN,NaN,NaN,NaN,NaN
546.42,-5.7397,-0.91666,-7.0826,-0.2575,-0.78471,-12.088,7.3829,-21.808,-3.5946,0,0,0,NaN,NaN,NaN,NaN,NaN,NaN,NaN,NaN,NaN,47.826,0,2211.1,0.0064211,NaN,NaN,NaN,NaN,13.45,97209,10.25,0.057702,0.52759,-11.922,7.2821,-19.11,-3.4823,NaN,NaN,NaN,NaN,NaN
546.43,-5.7221,-0.96751,-7.086,0.27587,1.9756,-14.04,6.536,-20.211,-3.5233,0.48817,0.041538,-1.0412,NaN,NaN,NaN,NaN,NaN,NaN,NaN,NaN,NaN,47.826,0,2211.1,0.0064211,NaN,NaN,NaN,NaN,NaN,-1,-1,0.039919,0.51351,-11.845,7.2875,-19.347,-3.5556,NaN,NaN,NaN,NaN,NaN
546.43,-5.7024,-1.0118,-7.0908,-0.1223,1.1829,-12.856,7.3842,-17.536,-3.8484,0,0,0,NaN,NaN,NaN,NaN,NaN,NaN,NaN,NaN,NaN,47.826,0,2211.1,0.0064211,NaN,NaN,NaN,NaN,NaN,-1,-1,0.021092,0.53094,-11.792,7.2875,-19.636,-3.6261,NaN,NaN,NaN,NaN,NaN
546.43,-5.683,-1.0624,-7.0951,-0.12915,0.63987,-10.353,7.2464,-20.08,-3.901,0,0,0,NaN,NaN,NaN,NaN,NaN,NaN,NaN,NaN,NaN,47.826,0,2211.1,0.0064211,NaN,NaN,NaN,NaN,NaN,-1,-1,0.0034364,0.54628,-11.73,7.2603,-19.913,-3.7059,NaN,NaN,NaN,NaN,NaN
546.43,-5.6627,-1.1189,-7.0987,-0.39459,1.4761,-12.195,7.6532,-22.458,-3.847,0,0,0,NaN,NaN,NaN,NaN,NaN,NaN,NaN,NaN,NaN,47.826,0,2211.1,0.0064211,0.98988,2.9474,0.65481,0.069923,13.417,97232,10.25,-0.0091583,0.53138,-11.66,7.2345,-20.121,-3.7619,NaN,NaN,NaN,NaN,NaN
546.44,-5.6432,-1.1638,-7.1035,0.24867,0.13051,-11.753,7.3163,-17.782,-3.8115,0.507,0.038872,-1.0395,NaN,NaN,NaN,NaN,NaN,NaN,NaN,NaN,NaN,47.826,0,2211.1,0.0064211,NaN,NaN,NaN,NaN,NaN,-1,-1,-0.027227,0.52131,-11.601,7.2271,-20.376,-3.8143,NaN,NaN,NaN,NaN,NaN
546.44,-5.6246,-1.2175,-7.1072,0.2317,-0.98648,-11.178,6.9437,-21.308,-3.7509,0,0,0,NaN,NaN,NaN,NaN,NaN,NaN,NaN,NaN,NaN,47.826,0,2211.1,0.0064211,NaN,NaN,NaN,NaN,NaN,-1,-1,-0.042696,0.52733,-11.542,7.2454,-20.624,-3.8834,NaN,NaN,NaN,NaN,NaN
546.44,-5.6076,-1.2718,-7.1111,-0.033107,-0.32055,-13.09,6.288,-21.597,-3.8575,0,0,0,NaN,NaN,NaN,NaN,NaN,NaN,NaN,NaN,NaN,47.826,0,2211.1,0.0064211,NaN,NaN,NaN,NaN,13.622,97209,10.188,-0.057401,0.52128,-11.476,6.9407,-20.255,-3.8442,NaN,NaN,NaN,NaN,NaN
546.44,-5.5906,-1.3199,-7.115,0.17102,0.13298,-12.089,6.322,-19.103,-3.6041,0,0,0,NaN,NaN,NaN,NaN,NaN,NaN,NaN,NaN,NaN,47.826,0.024486,2213.9,0.0075089,NaN,NaN,NaN,NaN,NaN,-1,-1,-0.073299,0.53102,-11.413,6.9069,-20.451,-3.8911,NaN,NaN,NaN,NaN,NaN
546.45,-5.5744,-1.3689,-7.1191,0.44558,0.73659,-11.647,5.9576,-19.438,-3.6581,0.50693,0.036465,-1.0395,NaN,NaN,NaN,NaN,NaN,NaN,NaN,NaN,NaN,47.826,0.024486,2213.9,0.0075089,0.96688,2.9468,0.64507,0.089068,13.473,97204,10.125,-0.089864,0.53141,-11.343,6.8499,-20.422,-3.9498,NaN,NaN,NaN,NaN,NaN
546.45,-5.5563,-1.4212,-7.1217,-0.52477,1.8858,-11.947,6.7513,-20.809,-3.2646,0,0,0,NaN,NaN,NaN,NaN,NaN,NaN,NaN,NaN,NaN,47.826,0.024486,2213.9,0.0075089,NaN,NaN,NaN,NaN,NaN,-1,-1,-0.11339,0.53716,-11.274,6.7408,-20.607,-3.9864,NaN,NaN,NaN,NaN,NaN
546.45,-5.5378,-1.4675,-7.126,-0.41556,1.5631,-10.706,6.8871,-18.382,-3.693,0,0,0,NaN,NaN,NaN,NaN,NaN,NaN,NaN,NaN,NaN,47.826,0.024486,2213.9,0.0075089,NaN,NaN,NaN,NaN,NaN,-1,-1,-0.12062,0.54199,-11.23,6.3349,-20.059,-3.9264,NaN,NaN,NaN,NaN,NaN
546.45,-5.5205,-1.5221,-7.1298,-0.42321,0.45802,-10.492,6.4159,-21.677,-3.7761,0,0,0,NaN,NaN,NaN,NaN,NaN,NaN,NaN,NaN,NaN,47.826,0.024486,2213.9,0.0075089,NaN,NaN,NaN,NaN,13.474,97199,10.125,-0.13263,0.52968,-11.153,6.2409,-19.996,-3.966,NaN,NaN,NaN,NaN,NaN
546.46,-5.4851,-1.6196,-7.1401,0.48654,-0.22389,-11.556,6.6302,-17.634,-4.4266,0,0,0,NaN,NaN,NaN,NaN,NaN,NaN,NaN,NaN,NaN,47.826,0.024486,2213.9,0.0075089,NaN,NaN,NaN,NaN,NaN,-1,-1,-0.15338,0.5226,-11.096,6.1387,-19.978,-4.0141,NaN,NaN,NaN,NaN,NaN
546.46,-5.4681,-1.6733,-7.1454,-0.45118,-0.69459,-10.381,6.2506,-21.285,-4.3274,0,0,0,NaN,NaN,NaN,NaN,NaN,NaN,NaN,NaN,NaN,47.826,0.024486,2213.9,0.0075089,0.97236,2.9409,0.63594,0.077414,NaN,-1,-1,-0.16239,0.52592,-11.041,6.0552,-19.986,-4.0668,NaN,NaN,NaN,NaN,NaN
546.46,-5.4528,-1.727,-7.1498,-0.074509,0.86562,-12.13,5.612,-21.31,-3.9813,0,0,0,NaN,NaN,NaN,NaN,NaN,NaN,NaN,NaN,NaN,47.826,0.024486,2213.9,0.0075089,NaN,NaN,NaN,NaN,13.326,97220,10.188,-0.17742,0.52484,-10.983,5.9755,-19.965,-4.1306,NaN,NaN,NaN,NaN,NaN
546.46,-5.4378,-1.7738,-7.1564,-0.12533,1.2065,-12.418,5.4708,-18.471,-4.5296,0.51374,0.026739,-1.0389,NaN,NaN,NaN,NaN,NaN,NaN,NaN,NaN,NaN,47.826,0.024486,2213.9,0.0075089,NaN,NaN,NaN,NaN,NaN,-1,-1,-0.19326,0.52003,-10.911,5.8479,-19.898,-4.1878,NaN,NaN,NaN,NaN,NaN
546.47,-5.4214,-1.8225,-7.1623,-0.1477,0.92952,-10.603,6.0224,-19.286,-4.364,0,0,0,NaN,NaN,NaN,NaN,NaN,NaN,NaN,NaN,NaN,47.826,0.024486,2213.9,0.0075089,NaN,NaN,NaN,NaN,13.387,97192,10.125,-0.21025,0.52314,-10.846,5.6962,-19.825,-4.2291,NaN,NaN,NaN,NaN,NaN
546.47,-5.4062,-1.8723,-7.1678,-0.7866,1.7954,-9.7924,5.5278,-19.715,-4.2758,0,0,0,NaN,NaN,NaN,NaN,NaN,NaN,NaN,NaN,NaN,47.826,0.024486,2213.9,0.0075089,NaN,NaN,NaN,NaN,NaN,-1,-1,-0.22197,0.52963,-10.795,5.51,-19.798,-4.2644,NaN,NaN,NaN,NaN,NaN
546.47,-5.3895,-1.9222,-7.1733,-0.37242,0.69017,-10.162,6.1382,-19.795,-4.2319,0,0,0,NaN,NaN,NaN,NaN,NaN,NaN,NaN,NaN,NaN,47.826,0.024486,2213.9,0.0075089,1.0271,2.8508,0.70714,NaN,NaN,-1,-1,-0.23283,0.51866,-10.728,5.3345,-19.693,-4.2998,NaN,NaN,NaN,NaN,NaN
546.47,-5.3741,-1.9782,-7.1795,-0.038942,-0.90658,-11.873,5.6612,-22.15,-4.6427,0.51855,0.038951,-1.034,NaN,NaN,NaN,NaN,NaN,NaN,NaN,NaN,NaN,47.826,0.024486,2213.9,0.0075089,NaN,NaN,NaN,0.0049945,13.447,97247,10.313,-0.24802,0.50935,-10.662,5.1747,-19.687,-4.339,NaN,NaN,NaN,NaN,NaN
546.48,-5.3602,-2.0249,-7.1847,0.05652,0.041977,-11.28,5.0044,-18.506,-4.0208,0,0,0,NaN,NaN,NaN,NaN,NaN,NaN,NaN,NaN,NaN,47.826,0.024486,2213.9,0.0075089,NaN,NaN,NaN,NaN,NaN,-1,-1,-0.26039,0.52091,-10.601,5.0596,-19.649,-4.3864,NaN,NaN,NaN,NaN,NaN
546.48,-5.3463,-2.0728,-7.1911,0.18138,-0.063809,-10.555,4.9899,-18.96,-4.5016,0,0,0,NaN,NaN,NaN,NaN,NaN,NaN,NaN,NaN,NaN,47.826,0.024486,2213.9,0.0075089,NaN,NaN,NaN,NaN,NaN,-1,-1,-0.27711,0.5268,-10.551,4.945,-19.535,-4.4516,NaN,NaN,NaN,NaN,NaN
546.48,-5.3342,-2.1248,-7.1964,-0.42081,-0.27596,-11.014,4.3127,-20.607,-4.2335,0,0,0,NaN,NaN,NaN,NaN,NaN,NaN,NaN,NaN,NaN,47.826,0.024486,2213.9,0.0075089,NaN,NaN,NaN,NaN,13.532,97202,10.125,-0.29409,0.52232,-10.487,4.7935,-19.553,-4.5037,NaN,NaN,NaN,NaN,NaN
546.48,-5.3226,-2.1751,-7.2019,-0.29455,2.2162,-11.048,4.1109,-19.924,-4.2296,0.51619,0.038984,-1.0342,NaN,NaN,NaN,NaN,NaN,NaN,NaN,NaN,NaN,47.826,0.024486,2213.9,0.0075089,NaN,NaN,NaN,NaN,13.535,97209,10.188,-0.30499,0.52443,-10.407,4.5838,-19.493,-4.5505,NaN,NaN,NaN,NaN,NaN
546.49,-5.3091,-2.2209,-7.2082,-0.37604,2.2929,-10.556,4.8401,-18.123,-4.3788,0,0,0,NaN,NaN,NaN,NaN,NaN,NaN,NaN,NaN,NaN,47.826,0.024486,2213.9,0.0075089,NaN,NaN,NaN,NaN,NaN,-1,-1,-0.32,0.50388,-10.353,4.3978,-19.365,-4.6049,NaN,NaN,NaN,NaN,NaN
546.49,-5.2823,-2.3226,-7.2217,-0.92941,0.89481,-10.636,4.7614,-20.157,-4.8468,0,0,0,NaN,NaN,NaN,NaN,NaN,NaN,NaN,NaN,NaN,47.826,0.024486,2213.9,0.0075089,NaN,NaN,NaN,NaN,NaN,-1,-1,-0.33358,0.49983,-10.301,4.24,-19.295,-4.6593,NaN,NaN,NaN,NaN,NaN
546.49,-5.2701,-2.3675,-7.2297,0.17567,-0.032176,-10.135,4.3235,-17.703,-4.9998,0.52537,0.034161,-1.0311,NaN,NaN,NaN,NaN,NaN,NaN,NaN,NaN,NaN,47.826,0.024486,2213.9,0.0075089,NaN,NaN,NaN,NaN,NaN,-1,-1,-0.34496,0.49168,-10.237,4.0969,-19.296,-4.7235,NaN,NaN,NaN,NaN,NaN
546.49,-5.249,-2.47,-7.2435,-0.9762,0.32117,-11.988,3.1034,-19.29,-4.7568,0,0,0,NaN,NaN,NaN,NaN,NaN,NaN,NaN,NaN,NaN,47.826,0.024486,2213.9,0.0075089,NaN,NaN,NaN,NaN,13.536,97201,10.188,-0.35953,0.4905,-10.192,3.956,-19.174,-4.7791,NaN,NaN,NaN,NaN,NaN
546.5,-5.2403,-2.5155,-7.2507,0.2731,0.5983,-10.2,2.8836,-17.963,-4.7425,0,0,0,NaN,NaN,NaN,NaN,NaN,NaN,NaN,NaN,NaN,47.826,0.024486,2213.9,0.0075089,NaN,NaN,NaN,NaN,NaN,-1,-1,-0.37709,0.50586,-10.142,3.8157,-19.219,-4.835,NaN,NaN,NaN,NaN,NaN
546.5,-5.2312,-2.562,-7.2592,-0.36902,1.1296,-9.6466,3.036,-18.346,-5.1554,0.53008,0.029161,-1.033,NaN,NaN,NaN,NaN,NaN,NaN,NaN,NaN,NaN,47.826,0.024486,2213.9,0.0075089,NaN,NaN,NaN,NaN,NaN,-1,-1,-0.38838,0.49698,-10.091,3.6419,-19.179,-4.8963,NaN,NaN,NaN,NaN,NaN
546.5,-5.2211,-2.6148,-7.2663,-1.268,1.8561,-9.667,3.4571,-20.865,-4.9369,0,0,0,NaN,NaN,NaN,NaN,NaN,NaN,NaN,NaN,NaN,47.826,0.024486,2213.9,0.0075089,NaN,NaN,NaN,NaN,13.392,97248,10.375,-0.40129,0.49393,-10.05,3.4475,-19.095,-4.9336,NaN,NaN,NaN,NaN,NaN
546.5,-5.2084,-2.6635,-7.2749,-0.34648,1.261,-10.991,4.4736,-19.214,-5.3853,0,0,0,NaN,NaN,NaN,NaN,NaN,NaN,NaN,NaN,NaN,47.826,0.024486,2213.9,0.0075089,NaN,NaN,NaN,NaN,NaN,-1,-1,-0.41142,0.48958,-10.002,3.2278,-18.987,-4.9686,NaN,NaN,NaN,NaN,NaN
546.51,-5.197,-2.7112,-7.2829,-0.25938,-0.9225,-9.1779,3.9296,-18.796,-5.0992,0,0,0,NaN,NaN,NaN,NaN,NaN,NaN,NaN,NaN,NaN,47.826,0.024486,2213.9,0.0075089,NaN,NaN,NaN,NaN,13.326,97202,10.125,-0.41741,0.47754,-9.9343,3.0476,-18.939,-4.9779,NaN,NaN,NaN,NaN,NaN
546.51,-5.1888,-2.7589,-7.2909,-0.44337,0.27339,-9.989,2.6767,-18.799,-5.0492,0.53442,0.034394,-1.0236,NaN,NaN,NaN,NaN,NaN,NaN,NaN,NaN,NaN,47.826,0.024486,2213.9,0.0075089,0.9636,2.9421,0.64264,0.085738,NaN,-1,-1,-0.43042,0.48807,-9.8844,2.9012,-18.816,-5.0088,NaN,NaN,NaN,NaN,NaN
546.51,-5.1798,-2.8093,-7.2985,-0.14464,0.013567,-10.379,2.9828,-19.908,-5.0263,0,0,0,NaN,NaN,NaN,NaN,NaN,NaN,NaN,NaN,NaN,47.826,0.024486,2213.9,0.0075089,NaN,NaN,NaN,NaN,NaN,-1,-1,-0.44645,0.50238,-9.8449,2.7554,-18.825,-5.0381,NaN,NaN,NaN,NaN,NaN
546.51,-5.1724,-2.8555,-7.3066,-0.59641,-0.72662,-11.291,2.3299,-18.224,-5.0753,0,0,0,NaN,NaN,NaN,NaN,NaN,NaN,NaN,NaN,NaN,47.826,0.024486,2213.9,0.0075089,NaN,NaN,NaN,NaN,13.302,97249,10.375,-0.46018,0.50447,-9.7785,2.6237,-18.657,-5.0847,NaN,NaN,NaN,NaN,NaN
546.52,-5.168,-2.8984,-7.3145,-0.11805,1.001,-9.3928,1.1555,-16.921,-4.8716,0,0,0,NaN,NaN,NaN,NaN,NaN,NaN,NaN,NaN,NaN,47.826,0.024486,2213.9,0.0075089,NaN,NaN,NaN,NaN,NaN,-1,-1,-0.47602,0.51296,-9.711,2.4731,-18.641,-5.1306,NaN,NaN,NaN,NaN,NaN
546.52,-5.1619,-2.949,-7.3218,-0.46658,1.9528,-8.8923,1.8339,-19.968,-4.8558,0.51579,0.034411,-1.0298,NaN,NaN,NaN,NaN,NaN,NaN,NaN,NaN,NaN,47.826,0.024486,2213.9,0.0075089,NaN,NaN,NaN,NaN,NaN,-1,-1,-0.48924,0.5136,-9.6775,2.2951,-18.583,-5.1636,NaN,NaN,NaN,NaN,NaN
546.52,-5.1552,-2.9955,-7.3304,-0.71756,1.2719,-10.263,2.0212,-18.339,-5.2829,0,0,0,NaN,NaN,NaN,NaN,NaN,NaN,NaN,NaN,NaN,47.826,0.024486,2213.9,0.0075089,1.037,2.8394,0.7108,0.0058269,13.447,97224,10.25,-0.49539,0.49736,-9.621,2.1254,-18.429,-5.2176,NaN,NaN,NaN,NaN,NaN
546.52,-5.1471,-3.0407,-7.3391,-1.3477,0.98745,-9.0236,2.5947,-17.803,-5.2717,0,0,0,NaN,NaN,NaN,NaN,NaN,NaN,NaN,NaN,NaN,47.826,0.024486,2213.9,0.0075089,NaN,NaN,NaN,NaN,NaN,-1,-1,-0.51087,0.49535,-9.5751,1.9809,-18.361,-5.2577,NaN,NaN,NaN,NaN,NaN
546.53,-5.1386,-3.0894,-7.3479,-0.2126,0.38778,-9.411,2.7373,-19.184,-5.4325,0,0,0,NaN,NaN,NaN,NaN,NaN,NaN,NaN,NaN,NaN,47.826,0.024486,2213.9,0.0075089,NaN,NaN,NaN,NaN,13.447,97250,10.313,-0.51584,0.49392,-9.523,1.8578,-18.292,-5.2974,NaN,NaN,NaN,NaN,NaN
546.53,-5.1318,-3.1377,-7.3567,-0.088105,-0.61794,-10.054,2.0851,-19.045,-5.3659,0.52934,0.017489,-1.0263,NaN,NaN,NaN,NaN,NaN,NaN,NaN,NaN,NaN,47.826,0.024486,2213.9,0.0075089,NaN,NaN,NaN,NaN,NaN,-1,-1,-0.53027,0.49476,-9.4629,1.7574,-18.175,-5.3344,NaN,NaN,NaN,NaN,NaN
546.53,-5.1273,-3.1811,-7.3661,-1.107,-0.36975,-10.287,1.1451,-17.048,-5.4483,0,0,0,NaN,NaN,NaN,NaN,NaN,NaN,NaN,NaN,NaN,47.826,0.024486,2213.9,0.0075089,NaN,NaN,NaN,NaN,NaN,-1,-1,-0.54683,0.51089,-9.4171,1.6213,-18.151,-5.3885,NaN,NaN,NaN,NaN,NaN
546.53,-5.1238,-3.2276,-7.3749,-0.14773,0.61576,-9.5691,0.72015,-18.323,-5.3324,0,0,0,NaN,NaN,NaN,NaN,NaN,NaN,NaN,NaN,NaN,47.826,0.024486,2213.9,0.0075089,0.99207,2.9337,0.63107,NaN,13.33,97217,10.25,-0.55175,0.50129,-9.3581,1.4828,-18.06,-5.4094,NaN,NaN,NaN,NaN,NaN
546.54,-5.1196,-3.2725,-7.3838,-0.60815,0.75755,-9.544,1.0269,-17.677,-5.3493,0,0,0,NaN,NaN,NaN,NaN,NaN,NaN,NaN,NaN,NaN,47.826,0.024486,2213.9,0.0075089,NaN,NaN,NaN,0.081576,NaN,-1,-1,-0.5613,0.49228,-9.3186,1.3211,-17.895,-5.4419,NaN,NaN,NaN,NaN,NaN
546.54,-5.1089,-3.3633,-7.4022,-0.79107,1.7467,-8.7612,1.7397,-18.512,-5.4216,0,0,0,NaN,NaN,NaN,NaN,NaN,NaN,NaN,NaN,NaN,47.826,0.024486,2213.9,0.0075089,NaN,NaN,NaN,NaN,NaN,-1,-1,-0.57195,0.48253,-9.2609,1.1515,-17.832,-5.4554,NaN,NaN,NaN,NaN,NaN
546.54,-5.1026,-3.4077,-7.4117,-0.45116,-0.009608,-9.2505,1.843,-17.46,-5.5284,0,0,0,NaN,NaN,NaN,NaN,NaN,NaN,NaN,NaN,NaN,47.826,0.024486,2213.9,0.0075089,NaN,NaN,NaN,NaN,13.237,97199,10.125,-0.57659,0.48054,-9.2198,1.0051,-17.755,-5.4608,NaN,NaN,NaN,NaN,NaN
546.54,-5.0987,-3.4531,-7.4214,-0.67315,-0.561,-9.2612,0.86138,-17.836,-5.6468,0,0,0,NaN,NaN,NaN,NaN,NaN,NaN,NaN,NaN,NaN,47.826,0.024486,2213.9,0.0075089,NaN,NaN,NaN,NaN,13.147,97199,10.125,-0.5817,0.47412,-9.1683,0.91897,-17.57,-5.4914,NaN,NaN,NaN,NaN,NaN
546.55,-5.095,-3.4995,-7.4301,-0.28585,0.53684,-9.3917,0.80781,-18.259,-5.3223,0.53448,0.031866,-1.0259,NaN,NaN,NaN,NaN,NaN,NaN,NaN,NaN,NaN,47.826,0.024486,2213.9,0.0075089,NaN,NaN,NaN,NaN,NaN,-1,-1,-0.59871,0.4809,-9.121,0.83683,-17.501,-5.5189,NaN,NaN,NaN,NaN,NaN
546.55,-5.0923,-3.5432,-7.4397,-0.47961,-0.71994,-10.02,0.40262,-17.175,-5.5277,0,0,0,NaN,NaN,NaN,NaN,NaN,NaN,NaN,NaN,NaN,47.826,0.024486,2213.9,0.0075089,NaN,NaN,NaN,NaN,NaN,-1,-1,-0.61105,0.49882,-9.0734,0.74134,-17.383,-5.5425,NaN,NaN,NaN,NaN,NaN
546.55,-5.0908,-3.5817,-7.4494,-0.72576,0.053499,-9.049,-0.09597,-15.11,-5.4285,0,0,0,NaN,NaN,NaN,NaN,NaN,NaN,NaN,NaN,NaN,47.826,0.024486,2213.9,0.0075089,NaN,NaN,NaN,NaN,NaN,-1,-1,-0.61778,0.50747,-9.0313,0.59405,-17.22,-5.5721,NaN,NaN,NaN,NaN,NaN
546.55,-5.0889,-3.6273,-7.4582,-0.55013,1.8646,-8.7407,0.053457,-17.958,-5.3047,0,0,0,NaN,NaN,NaN,NaN,NaN,NaN,NaN,NaN,NaN,47.826,0,2223.9,0.0064211,NaN,NaN,NaN,NaN,13.386,97194,10.125,-0.62923,0.49799,-8.9769,0.39483,-17.488,-5.776,NaN,NaN,NaN,NaN,NaN
546.56,-5.0831,-3.7128,-7.4775,-1.32,0.92293,-8.6947,0.57588,-16.769,-5.7006,0,0,0,NaN,NaN,NaN,NaN,NaN,NaN,NaN,NaN,NaN,47.826,0,2223.9,0.0064211,NaN,NaN,NaN,NaN,NaN,-1,-1,-0.63915,0.49202,-8.9346,0.24354,-17.198,-5.7599,NaN,NaN,NaN,NaN,NaN
546.56,-5.0789,-3.7574,-7.4875,-0.84886,0.63542,-8.9676,0.9628,-17.501,-5.7666,0,0,0,NaN,NaN,NaN,NaN,NaN,NaN,NaN,NaN,NaN,47.826,0,2223.9,0.0064211,NaN,NaN,NaN,NaN,NaN,-1,-1,-0.64899,0.48851,-8.8833,0.10074,-17.06,-5.7471,NaN,NaN,NaN,NaN,NaN
546.56,-5.0753,-3.8009,-7.4985,0.01743,-0.36688,-8.5962,0.67655,-17.037,-6.0615,0,0,0,NaN,NaN,NaN,NaN,NaN,NaN,NaN,NaN,NaN,47.826,0,2223.9,0.0064211,1.0156,2.9438,0.65603,0.066593,13.27,97220,10.25,-0.65883,0.48679,-8.8556,0.041273,-16.897,-5.7505,NaN,NaN,NaN,NaN,NaN
546.56,-5.0736,-3.8433,-7.5089,-0.65772,-0.83445,-9.4348,-0.043144,-16.617,-5.7398,0.54184,0.036462,-1.0274,NaN,NaN,NaN,NaN,NaN,NaN,NaN,NaN,NaN,47.826,0,2223.9,0.0064211,NaN,NaN,NaN,NaN,NaN,-1,-1,-0.66312,0.4896,-8.8064,-0.07111,-17.09,-5.9305,NaN,NaN,NaN,NaN,NaN
546.57,-5.0727,-3.9254,-7.5294,-0.057427,0.42711,-8.8912,-0.47143,-15.712,-5.7712,0,0,0,NaN,NaN,NaN,NaN,NaN,NaN,NaN,NaN,NaN,47.826,0,2223.9,0.0064211,NaN,NaN,NaN,NaN,13.207,97220,10.188,-0.67063,0.49426,-8.7357,-0.12832,-16.763,-5.8957,NaN,NaN,NaN,NaN,NaN
546.57,-5.0725,-3.9679,-7.5399,-0.74407,0.86598,-8.4076,-0.65346,-16.656,-5.8869,0,0,0,NaN,NaN,NaN,NaN,NaN,NaN,NaN,NaN,NaN,47.826,0,2223.9,0.0064211,NaN,NaN,NaN,NaN,NaN,-1,-1,-0.68287,0.49816,-8.6912,-0.18627,-16.466,-5.8597,NaN,NaN,NaN,NaN,NaN
546.57,-5.0715,-4.0073,-7.5506,-1.458,1.6868,-8.4454,-0.37088,-15.427,-5.837,0.54549,0.022559,-1.016,NaN,NaN,NaN,NaN,NaN,NaN,NaN,NaN,NaN,47.826,0,2223.9,0.0064211,NaN,NaN,NaN,NaN,NaN,-1,-1,-0.69063,0.48125,-8.6464,-0.2659,-16.205,-5.8137,NaN,NaN,NaN,NaN,NaN
546.57,-5.067,-4.0926,-7.5717,-0.75732,-0.94878,-7.8821,-0.084683,-16.868,-5.84,0,0,0,NaN,NaN,NaN,NaN,NaN,NaN,NaN,NaN,NaN,47.826,0,2223.9,0.0064211,0.98933,2.9367,0.63168,0.10655,13.3,97242,10.313,-0.6968,0.47673,-8.5981,-0.41083,-15.829,-5.7554,NaN,NaN,NaN,NaN,NaN
546.58,-5.0662,-4.1356,-7.5818,-0.62356,0.7335,-9.603,-0.4001,-16.899,-5.7153,0,0,0,NaN,NaN,NaN,NaN,NaN,NaN,NaN,NaN,NaN,47.826,0,2223.9,0.0064211,NaN,NaN,NaN,NaN,NaN,-1,-1,-0.7023,0.47141,-8.545,-0.53543,-15.59,-5.7022,NaN,NaN,NaN,NaN,NaN
546.58,-5.0654,-4.1734,-7.5933,-0.49551,-0.62683,-9.4034,-0.46112,-14.744,-5.9602,0.53889,0.034571,-1.0188,2.1677,14.729,-1.6251,14.976,40.059,-88.549,3.6787e+05,4.4354e+06,305.37,47.826,0,2223.9,0.0064211,NaN,NaN,NaN,NaN,NaN,-1,-1,-0.71228,0.46929,-8.5113,-0.61876,-15.315,-5.6625,14.393,4.0278,0.93849,3.7305,15.602
546.58,-5.0672,-4.2111,-7.6042,-0.79703,-0.68639,-8.055,-1.5101,-14.74,-5.8539,0,0,0,NaN,NaN,NaN,NaN,NaN,NaN,NaN,NaN,NaN,47.826,0,2223.9,0.0064211,NaN,NaN,NaN,NaN,13.297,97198,10.125,-0.7181,0.46756,-8.4522,-0.64769,-15.04,-5.6355,NaN,NaN,NaN,NaN,NaN
546.58,-5.0691,-4.2519,-7.6147,-0.43029,1.6959,-8.1856,-1.5301,-16.004,-5.8152,0,0,0,NaN,NaN,NaN,NaN,NaN,NaN,NaN,NaN,NaN,47.826,0,2223.9,0.0064211,NaN,NaN,NaN,NaN,13.329,97227,10.25,-0.71751,0.48088,-8.3496,-0.68321,-14.835,-5.5958,NaN,NaN,NaN,NaN,NaN
546.59,-5.0689,-4.2923,-7.6248,-0.92706,1.5736,-8.31,-0.71385,-15.84,-5.6388,0,0,0,NaN,NaN,NaN,NaN,NaN,NaN,NaN,NaN,NaN,47.826,0,2223.9,0.0064211,1.0479,2.9367,0.63838,0.092398,NaN,-1,-1,-0.73033,0.48744,-8.3243,-0.7425,-14.635,-5.5739,NaN,NaN,NaN,NaN,NaN
546.59,-5.0697,-4.3283,-7.6361,-1.3939,0.67405,-8.4035,-1.088,-14.064,-5.9075,0.54542,0.020152,-1.016,NaN,NaN,NaN,NaN,NaN,NaN,NaN,NaN,NaN,47.826,0,2223.9,0.0064211,NaN,NaN,NaN,NaN,NaN,-1,-1,-0.73322,0.47709,-8.2786,-0.84048,-14.364,-5.5595,NaN,NaN,NaN,NaN,NaN
546.59,-5.068,-4.3702,-7.6468,-0.87567,1.8019,-7.5091,-0.14908,-16.394,-5.944,0,0,0,NaN,NaN,NaN,NaN,NaN,NaN,NaN,NaN,NaN,47.826,0,2223.9,0.0064211,NaN,NaN,NaN,NaN,NaN,-1,-1,-0.74622,0.48258,-8.2325,-0.95059,-14.215,-5.5361,NaN,NaN,NaN,NaN,NaN
546.59,-5.0667,-4.4087,-7.6585,-0.68012,-0.11694,-8.9246,-0.26264,-15.049,-6.1822,0,0,0,NaN,NaN,NaN,NaN,NaN,NaN,NaN,NaN,NaN,47.826,0,2223.9,0.0064211,NaN,NaN,NaN,NaN,13.36,97217,10.25,-0.76016,0.4776,-8.2108,-1.0396,-13.95,-5.5269,NaN,NaN,NaN,NaN,NaN
546.6,-5.067,-4.4467,-7.6707,-0.52892,-1.3672,-8.2024,-0.97781,-14.794,-6.3581,0,0,0,NaN,NaN,NaN,NaN,NaN,NaN,NaN,NaN,NaN,47.826,0,2223.9,0.0064211,NaN,NaN,NaN,NaN,NaN,-1,-1,-0.75532,0.46083,-8.1029,-1.0979,-13.8,-5.5022,NaN,NaN,NaN,NaN,NaN
546.6,-5.0699,-4.4877,-7.681,-1.1343,0.55379,-8.69,-1.9396,-16.102,-5.6244,0.55514,0.024716,-1.0173,NaN,NaN,NaN,NaN,NaN,NaN,NaN,NaN,NaN,47.826,0,2223.9,0.0064211,NaN,NaN,NaN,0.0899,NaN,-1,-1,-0.76279,0.45829,-8.0808,-1.1202,-13.682,-5.4826,NaN,NaN,NaN,NaN,NaN
546.6,-5.0729,-4.5252,-7.6926,-0.47662,0.53697,-8.7702,-2.0094,-14.642,-6.0817,0,0,0,NaN,NaN,NaN,NaN,NaN,NaN,NaN,NaN,NaN,47.826,0,2223.9,0.0064211,NaN,NaN,NaN,NaN,13.27,97224,10.25,-0.77128,0.4629,-8.0376,-1.1455,-13.546,-5.4862,NaN,NaN,NaN,NaN,NaN
546.6,-5.0755,-4.5593,-7.7051,-0.91324,0.17763,-7.9002,-1.9062,-13.247,-6.3851,0,0,0,NaN,NaN,NaN,NaN,NaN,NaN,NaN,NaN,NaN,47.826,0,2223.9,0.0064211,NaN,NaN,NaN,NaN,NaN,-1,-1,-0.78144,0.46477,-8.01,-1.1948,-13.403,-5.4893,NaN,NaN,NaN,NaN,NaN
546.61,-5.0772,-4.6,-7.7161,-1.0385,1.5568,-7.7706,-1.5038,-15.903,-5.9673,0,0,0,NaN,NaN,NaN,NaN,NaN,NaN,NaN,NaN,NaN,47.826,0,2223.9,0.0064211,NaN,NaN,NaN,NaN,13.299,97204,10.188,-0.7886,0.47443,-7.9763,-1.2585,-13.339,-5.4894,NaN,NaN,NaN,NaN,NaN
546.61,0,0,0,0,0,0,0,0,0,0,0,0,NaN,NaN,NaN,NaN,NaN,NaN,NaN,NaN,NaN,47.826,0,2223.9,0.0064211,NaN,NaN,NaN,NaN,NaN,-1,-1,-0.79573,0.45763,-7.9283,-1.3434,-13.117,-5.4823,NaN,NaN,NaN,NaN,NaN
546.61,-5.0777,-4.6394,-7.7282,-1.0865,2.1272,-8.1195,-1.0318,-15.397,-6.3675,0.56256,0.026784,-1.0211,NaN,NaN,NaN,NaN,NaN,NaN,NaN,NaN,NaN,47.826,0,2223.9,0.0064211,1.0375,2.9588,0.63594,0.09323,NaN,-1,-1,-0.80485,0.44866,-7.8784,-1.4451,-12.996,-5.4611,NaN,NaN,NaN,NaN,NaN
546.61,-5.077,-4.6742,-7.7401,-0.79428,-0.78167,-7.8656,-0.57829,-13.525,-6.129,0,0,0,NaN,NaN,NaN,NaN,NaN,NaN,NaN,NaN,NaN,47.826,0,2223.9,0.0064211,NaN,NaN,NaN,NaN,13.149,97208,10.188,-0.81121,0.45851,-7.8561,-1.4792,-12.867,-5.4596,NaN,NaN,NaN,NaN,NaN
546.62,-5.0825,-4.7851,-7.7746,-0.64546,-1.0596,-8.6841,-1.6309,-12.685,-6.1594,0.56211,0.029674,-1.0122,NaN,NaN,NaN,NaN,NaN,NaN,NaN,NaN,NaN,47.826,0,2223.9,0.0064211,NaN,NaN,NaN,NaN,NaN,-1,-1,-0.81728,0.45184,-7.8049,-1.4875,-12.791,-5.4675,NaN,NaN,NaN,NaN,NaN
546.62,0,0,0,0,0,0,0,0,0,0,0,0,NaN,NaN,NaN,NaN,NaN,NaN,NaN,NaN,NaN,47.826,0,2223.9,0.0064211,NaN,NaN,NaN,NaN,NaN,-1,-1,-0.82931,0.45712,-7.7556,-1.4979,-12.819,-5.4892,NaN,NaN,NaN,NaN,NaN
546.62,-5.0869,-4.8215,-7.7853,-0.50737,0.24489,-6.7139,-2.5693,-14.227,-5.7284,0,0,0,NaN,NaN,NaN,NaN,NaN,NaN,NaN,NaN,NaN,47.826,0,2223.9,0.0064211,NaN,NaN,NaN,NaN,13.268,97231,10.25,-0.83741,0.46962,-7.7215,-1.5448,-12.766,-5.5074,NaN,NaN,NaN,NaN,NaN
546.62,-5.0904,-4.8597,-7.7958,-1.0027,2.1337,-8.6819,-2.2077,-14.955,-5.7192,0,0,0,NaN,NaN,NaN,NaN,NaN,NaN,NaN,NaN,NaN,47.826,0,2223.9,0.0064211,NaN,NaN,NaN,NaN,NaN,-1,-1,-0.84201,0.45894,-7.6709,-1.6201,-12.669,-5.527,NaN,NaN,NaN,NaN,NaN
546.63,-5.0935,-4.892,-7.8079,-1.2561,1.3767,-7.7588,-2.1181,-12.519,-6.0902,0,0,0,NaN,NaN,NaN,NaN,NaN,NaN,NaN,NaN,NaN,47.826,0,2223.9,0.0064211,1.0512,2.8221,0.7114,0.024972,13.089,97246,10.313,-0.85447,0.45816,-7.6139,-1.7265,-12.67,-5.5479,NaN,NaN,NaN,NaN,NaN
546.63,-5.0957,-4.9656,-7.8321,-0.79812,0.83005,-8.1275,-1.306,-14.601,-6.3069,0,0,0,NaN,NaN,NaN,NaN,NaN,NaN,NaN,NaN,NaN,47.826,0,2223.9,0.0064211,NaN,NaN,NaN,NaN,NaN,-1,-1,-0.86435,0.45611,-7.5692,-1.7856,-12.582,-5.5794,NaN,NaN,NaN,NaN,NaN
546.63,-5.0963,-5.0014,-7.844,-0.38651,-0.32833,-7.9431,-1.117,-13.964,-6.1661,0,0,0,NaN,NaN,NaN,NaN,NaN,NaN,NaN,NaN,NaN,47.826,0,2223.9,0.0064211,NaN,NaN,NaN,NaN,NaN,-1,-1,-0.86693,0.44331,-7.5387,-1.8121,-12.648,-5.6195,NaN,NaN,NaN,NaN,NaN
546.63,-5.0991,-5.0372,-7.8561,-1.3413,-1.0348,-8.3173,-1.9966,-13.91,-6.2415,0,0,0,NaN,NaN,NaN,NaN,NaN,NaN,NaN,NaN,NaN,47.826,0,2223.9,0.0064211,NaN,NaN,NaN,NaN,13.446,97235,10.25,-0.87278,0.44954,-7.4905,-1.8298,-12.688,-5.6616,NaN,NaN,NaN,NaN,NaN
546.64,-5.1546,-5.1046,-7.838,-0.4203,0.39143,-7.944,-2.9617,-13.664,-5.9125,0.56412,0.017607,-1.012,NaN,NaN,NaN,NaN,NaN,NaN,NaN,NaN,NaN,47.826,0,2223.9,0.0064211,1.0309,2.9325,0.6329,0.089068,NaN,-1,-1,-0.87653,0.46226,-7.5618,-1.8429,-12.624,-5.7115,NaN,NaN,NaN,NaN,NaN
546.64,-5.1584,-5.1389,-7.8509,-0.82051,0.8543,-8.5184,-2.4537,-13.312,-6.5588,0,0,0,NaN,NaN,NaN,NaN,NaN,NaN,NaN,NaN,NaN,47.826,0,2223.9,0.0064211,NaN,NaN,NaN,NaN,NaN,-1,-1,-0.87771,0.45315,-7.5191,-1.9151,-12.598,-5.7604,NaN,NaN,NaN,NaN,NaN
546.64,-5.1615,-5.1736,-7.8627,-1.2582,0.78677,-6.802,-2.1425,-13.528,-6.086,0,0,0,NaN,NaN,NaN,NaN,NaN,NaN,NaN,NaN,NaN,47.826,0,2223.9,0.0064211,NaN,NaN,NaN,NaN,13.09,97240,10.313,-0.89167,0.45553,-7.4961,-1.9997,-12.667,-5.8074,NaN,NaN,NaN,NaN,NaN
546.64,-5.1637,-5.2098,-7.874,-0.96128,1.992,-8.0539,-1.7281,-14.108,-6.0018,0,0,0,NaN,NaN,NaN,NaN,NaN,NaN,NaN,NaN,NaN,47.826,0,2223.9,0.0064211,NaN,NaN,NaN,NaN,NaN,-1,-1,-0.8976,0.45028,-7.4593,-2.0787,-12.639,-5.8422,NaN,NaN,NaN,NaN,NaN
546.65,-5.1655,-5.2407,-7.8874,-0.83609,0.29878,-6.8659,-1.661,-11.932,-6.2153,0.56413,0.022542,-1.0098,NaN,NaN,NaN,NaN,NaN,NaN,NaN,NaN,NaN,47.826,0,2223.9,0.0064211,NaN,NaN,NaN,NaN,13.213,97249,10.375,-0.89708,0.44559,-7.5374,-2.1832,-12.622,-5.8915,NaN,NaN,NaN,NaN,NaN
546.65,-5.168,-5.2796,-7.8981,-0.85887,-0.31702,-7.8749,-1.8582,-15.225,-5.8353,0,0,0,NaN,NaN,NaN,NaN,NaN,NaN,NaN,NaN,NaN,47.826,0,2223.9,0.0064211,1.0326,2.9283,0.63107,0.10405,NaN,-1,-1,-0.90131,0.44661,-7.5456,-2.2214,-12.71,-5.9461,NaN,NaN,NaN,NaN,NaN
546.65,-5.1703,-5.3139,-7.9108,-0.99807,0.013862,-9.0022,-1.8127,-13.307,-6.4217,0,0,0,NaN,NaN,NaN,NaN,NaN,NaN,NaN,NaN,NaN,47.826,0,2223.9,0.0064211,1.0326,2.9283,0.63107,0.10405,NaN,-1,-1,-0.90667,0.43721,-7.5213,-2.238,-12.763,-6.0256,NaN,NaN,NaN,NaN,NaN
546.65,-5.1741,-5.3438,-7.924,-0.69814,-0.67333,-7.4039,-2.4741,-11.567,-6.5117,0,0,0,NaN,NaN,NaN,NaN,NaN,NaN,NaN,NaN,NaN,47.826,0,2223.9,0.0064211,NaN,NaN,NaN,NaN,13.209,97230,10.25,-0.90653,0.44097,-7.4958,-2.2723,-12.799,-6.1142,NaN,NaN,NaN,NaN,NaN
546.66,-5.18,-5.3765,-7.9359,-0.35691,0.23309,-6.7805,-3.276,-12.674,-6.0499,0.57379,0.029633,-1.0089,NaN,NaN,NaN,NaN,NaN,NaN,NaN,NaN,NaN,47.826,0,2223.9,0.0064211,NaN,NaN,NaN,NaN,NaN,-1,-1,-0.9134,0.44353,-7.4857,-2.3441,-12.909,-6.1759,NaN,NaN,NaN,NaN,NaN
546.66,-5.1843,-5.4121,-7.9467,-1.0084,1.3829,-8.7419,-2.6148,-13.896,-5.742,0,0,0,NaN,NaN,NaN,NaN,NaN,NaN,NaN,NaN,NaN,47.826,0,2223.9,0.0064211,NaN,NaN,NaN,NaN,NaN,-1,-1,-0.91847,0.44215,-7.4582,-2.4311,-13.009,-6.2685,NaN,NaN,NaN,NaN,NaN
546.66,-5.1883,-5.4401,-7.9588,-1.3098,1.1333,-7.1605,-2.5194,-10.828,-6.0119,0,0,0,NaN,NaN,NaN,NaN,NaN,NaN,NaN,NaN,NaN,47.826,0,2223.9,0.0064211,1.037,2.8168,0.7114,NaN,13.299,97228,10.25,-0.92296,0.44688,-7.4341,-2.5578,-13.011,-6.3576,NaN,NaN,NaN,NaN,NaN
546.66,-5.1919,-5.4748,-7.9707,-0.97813,1.1128,-6.8061,-2.3604,-13.493,-6.1622,0,0,0,NaN,NaN,NaN,NaN,NaN,NaN,NaN,NaN,NaN,47.826,0,2238.2,0.0069644,NaN,NaN,NaN,0.043285,13.389,97241,10.313,-0.93193,0.43518,-7.426,-2.6336,-13.146,-6.4489,NaN,NaN,NaN,NaN,NaN
546.67,-5.1936,-5.5103,-7.9835,-1.4702,1.0389,-8.0969,-1.6011,-13.798,-6.5124,0.56885,0.022477,-1.0094,NaN,NaN,NaN,NaN,NaN,NaN,NaN,NaN,NaN,47.826,0,2238.2,0.0069644,NaN,NaN,NaN,NaN,NaN,-1,-1,-0.93401,0.43695,-7.4228,-2.6596,-12.728,-6.325,NaN,NaN,NaN,NaN,NaN
546.67,-5.2009,-5.5717,-8.0094,-1.0464,-0.38508,-6.8179,-2.9588,-13.516,-6.4202,0,0,0,NaN,NaN,NaN,NaN,NaN,NaN,NaN,NaN,NaN,47.826,0,2238.2,0.0069644,NaN,NaN,NaN,NaN,NaN,-1,-1,-0.9326,0.44313,-7.4045,-2.7093,-12.737,-6.3881,NaN,NaN,NaN,NaN,NaN
546.67,-5.2067,-5.6059,-8.0218,-0.89278,0.47397,-8.2635,-3.257,-13.288,-6.3352,0,0,0,NaN,NaN,NaN,NaN,NaN,NaN,NaN,NaN,NaN,47.826,0,2238.2,0.0069644,NaN,NaN,NaN,NaN,NaN,-1,-1,-0.93814,0.43846,-7.3706,-2.7039,-12.767,-6.45,NaN,NaN,NaN,NaN,NaN
546.67,-5.2127,-5.632,-8.0352,-0.87613,-0.096297,-8.4522,-3.3913,-10.026,-6.3712,0.5781,0.020061,-1.0063,NaN,NaN,NaN,NaN,NaN,NaN,NaN,NaN,NaN,47.826,0,2238.2,0.0069644,NaN,NaN,NaN,NaN,13.266,97223,10.188,-0.94444,0.44394,-7.37,-2.753,-12.707,-6.517,NaN,NaN,NaN,NaN,NaN
546.68,-5.2177,-5.6635,-8.0478,-0.91637,0.89118,-6.0171,-2.9673,-12.189,-6.2994,0,0,0,NaN,NaN,NaN,NaN,NaN,NaN,NaN,NaN,NaN,47.826,0,2238.2,0.0069644,1.0342,2.9415,0.62864,0.10572,NaN,-1,-1,-0.94204,0.44733,-7.3601,-2.7555,-12.21,-6.3459,NaN,NaN,NaN,NaN,NaN
546.68,-5.2216,-5.6968,-8.0604,-1.0737,2.0813,-8.0334,-2.4954,-12.917,-6.4027,0,0,0,NaN,NaN,NaN,NaN,NaN,NaN,NaN,NaN,NaN,47.826,0,2238.2,0.0069644,NaN,NaN,NaN,NaN,NaN,-1,-1,-0.94411,0.43184,-7.3279,-2.8471,-12.085,-6.3384,NaN,NaN,NaN,NaN,NaN
546.68,-5.223,-5.7261,-8.074,-1.3572,0.20203,-6.8135,-1.5927,-11.262,-6.633,0,0,0,NaN,NaN,NaN,NaN,NaN,NaN,NaN,NaN,NaN,47.826,0,2238.2,0.0069644,NaN,NaN,NaN,NaN,13.301,97236,10.313,-0.94721,0.43481,-7.3117,-2.9386,-12.052,-6.33,NaN,NaN,NaN,NaN,NaN
546.68,-5.227,-5.7596,-8.0868,-0.62033,-0.45297,-7.9867,-2.547,-13.01,-6.43,0.58074,0.029657,-1.0061,NaN,NaN,NaN,NaN,NaN,NaN,NaN,NaN,NaN,47.826,0,2238.2,0.0069644,NaN,NaN,NaN,NaN,13.296,97184,10.063,-0.94983,0.43891,-7.3118,-3.0048,-11.892,-6.334,NaN,NaN,NaN,NaN,NaN
546.69,-5.2364,-5.8194,-8.1119,-1.0295,-1.01,-8.3739,-3.1514,-10.072,-6.2883,0,0,0,NaN,NaN,NaN,NaN,NaN,NaN,NaN,NaN,NaN,47.826,0,2238.2,0.0069644,NaN,NaN,NaN,NaN,NaN,-1,-1,-0.95162,0.42799,-7.2882,-3.0266,-11.796,-6.3435,NaN,NaN,NaN,NaN,NaN
546.69,-5.2434,-5.8483,-8.1243,-0.83068,-0.023765,-6.8903,-3.7531,-11.173,-6.1685,0,0,0,NaN,NaN,NaN,NaN,NaN,NaN,NaN,NaN,NaN,47.826,0,2238.2,0.0069644,1.0594,2.8215,0.7114,0.040788,NaN,-1,-1,-0.95597,0.43738,-7.2865,-3.0426,-11.777,-6.3489,NaN,NaN,NaN,NaN,NaN
546.69,-5.2512,-5.8805,-8.1366,-0.51163,1.083,-7.0952,-4.0829,-12.461,-6.2513,0.57319,0.022774,-1.0023,NaN,NaN,NaN,NaN,NaN,NaN,NaN,NaN,NaN,47.826,0,2238.2,0.0069644,NaN,NaN,NaN,NaN,NaN,-1,-1,-0.95728,0.44578,-7.2853,-3.1153,-11.626,-6.3539,NaN,NaN,NaN,NaN,NaN
546.69,-5.2577,-5.9102,-8.1493,-1.1437,1.6049,-7.9874,-3.5723,-11.467,-6.2683,0,0,0,NaN,NaN,NaN,NaN,NaN,NaN,NaN,NaN,NaN,47.826,0,2238.2,0.0069644,NaN,NaN,NaN,NaN,13.177,97220,10.188,-0.96015,0.4443,-7.253,-3.2174,-11.541,-6.3498,NaN,NaN,NaN,NaN,NaN
546.7,-5.2638,-5.9362,-8.1625,-1.2036,0.55976,-7.226,-3.4524,-10.002,-6.3692,0,0,0,NaN,NaN,NaN,NaN,NaN,NaN,NaN,NaN,NaN,47.826,0,2238.2,0.0069644,NaN,NaN,NaN,NaN,NaN,-1,-1,-0.96408,0.45023,-7.2484,-3.2904,-11.459,-6.3807,NaN,NaN,NaN,NaN,NaN
546.7,-5.2684,-5.9702,-8.1757,-1.4973,1.4043,-6.2563,-2.8448,-13.152,-6.6598,0,0,0,NaN,NaN,NaN,NaN,NaN,NaN,NaN,NaN,NaN,47.826,0,2238.2,0.0069644,NaN,NaN,NaN,NaN,NaN,-1,-1,-0.97058,0.44565,-7.2442,-3.3367,-11.406,-6.3973,NaN,NaN,NaN,NaN,NaN
546.7,-5.2715,-5.9999,-8.1893,-0.32391,0.055967,-8.3923,-2.3004,-11.44,-6.6256,0.57816,0.017533,-1.0086,NaN,NaN,NaN,NaN,NaN,NaN,NaN,NaN,NaN,47.826,0,2238.2,0.0069644,1.0353,2.9367,0.63351,0.077414,13.209,97188,10.125,-0.96861,0.43556,-7.222,-3.3719,-11.316,-6.4088,NaN,NaN,NaN,NaN,NaN
546.7,-5.2768,-6.0283,-8.203,-0.78447,-0.87506,-7.4695,-3.1481,-10.902,-6.6568,0,0,0,NaN,NaN,NaN,NaN,NaN,NaN,NaN,NaN,NaN,47.826,0,2238.2,0.0069644,NaN,NaN,NaN,NaN,NaN,-1,-1,-0.96954,0.43713,-7.2126,-3.379,-11.206,-6.4309,NaN,NaN,NaN,NaN,NaN
546.71,-5.2837,-6.0567,-8.2158,-1.4821,0.40754,-7.7468,-3.7459,-10.948,-6.2951,0,0,0,NaN,NaN,NaN,NaN,NaN,NaN,NaN,NaN,NaN,47.826,0,2238.2,0.0069644,NaN,NaN,NaN,NaN,13.239,97209,10.188,-0.968,0.43219,-7.2164,-3.4067,-11.236,-6.4365,NaN,NaN,NaN,NaN,NaN
546.71,-5.291,-6.0865,-8.2286,-0.4126,0.28501,-7.4875,-3.9214,-11.501,-6.3492,0,0,0,NaN,NaN,NaN,NaN,NaN,NaN,NaN,NaN,NaN,47.826,0,2238.2,0.0069644,NaN,NaN,NaN,NaN,NaN,-1,-1,-0.97433,0.43681,-7.2097,-3.4392,-11.163,-6.4586,NaN,NaN,NaN,NaN,NaN
546.71,-5.2982,-6.1151,-8.2422,-1.0536,0.15696,-7.0978,-3.9273,-11.008,-6.5407,0.58986,0.027362,-1.0008,NaN,NaN,NaN,NaN,NaN,NaN,NaN,NaN,NaN,47.826,0,2238.2,0.0069644,NaN,NaN,NaN,NaN,NaN,-1,-1,-0.97505,0.43801,-7.2213,-3.5168,-10.974,-6.4663,NaN,NaN,NaN,NaN,NaN
546.71,-5.3051,-6.1415,-8.2548,-1.1938,2.0198,-7.3385,-3.7836,-10.185,-6.1265,0,0,0,NaN,NaN,NaN,NaN,NaN,NaN,NaN,NaN,NaN,47.826,0,2238.2,0.0069644,1.0446,2.8215,0.71019,0.046615,13.144,97194,10.063,-0.97361,0.4341,-7.1974,-3.6146,-10.918,-6.4711,NaN,NaN,NaN,NaN,NaN
546.72,-5.3089,-6.1723,-8.2683,-1.2054,1.0838,-6.4766,-2.5664,-11.868,-6.6896,0,0,0,NaN,NaN,NaN,NaN,NaN,NaN,NaN,NaN,NaN,47.826,0,2238.2,0.0069644,NaN,NaN,NaN,NaN,NaN,-1,-1,-0.97377,0.43993,-7.1758,-3.6883,-10.914,-6.4615,NaN,NaN,NaN,NaN,NaN
546.72,-5.3213,-6.2306,-8.2941,-0.95662,0.3433,-7.7333,-3.6811,-10.906,-6.3727,0.57577,0.034898,-0.99984,NaN,NaN,NaN,NaN,NaN,NaN,NaN,NaN,NaN,47.826,0,2238.2,0.0069644,NaN,NaN,NaN,NaN,NaN,-1,-1,-0.97878,0.43824,-7.1711,-3.7274,-10.711,-6.4569,NaN,NaN,NaN,NaN,NaN
546.72,-5.3276,-6.2575,-8.3069,-0.65468,0.060124,-7.1883,-3.5346,-10.345,-6.2337,0,0,0,NaN,NaN,NaN,NaN,NaN,NaN,NaN,NaN,NaN,47.826,0,2238.2,0.0069644,NaN,NaN,NaN,NaN,13.296,97202,10.125,-0.97859,0.42969,-7.1768,-3.7561,-10.677,-6.4528,NaN,NaN,NaN,NaN,NaN
546.72,-5.3341,-6.2878,-8.3198,-1.0155,-0.50342,-7.7985,-3.6378,-11.686,-6.4072,0,0,0,NaN,NaN,NaN,NaN,NaN,NaN,NaN,NaN,NaN,47.826,0,2238.2,0.0069644,NaN,NaN,NaN,NaN,13.565,97245,10.313,-0.97698,0.43147,-7.1781,-3.7679,-10.671,-6.4704,NaN,NaN,NaN,NaN,NaN
546.73,-5.3435,-6.3123,-8.3329,-0.75323,0.56105,-7.0743,-4.7869,-9.379,-6.2801,0,0,0,NaN,NaN,NaN,NaN,NaN,NaN,NaN,NaN,NaN,47.826,0,2238.2,0.0069644,0.99207,2.9367,0.63473,NaN,NaN,-1,-1,-0.97579,0.43674,-7.1569,-3.8235,-10.638,-6.4887,NaN,NaN,NaN,NaN,NaN
546.73,-5.3516,-6.3408,-8.3453,-1.157,1.6243,-7.1562,-4.2619,-10.996,-6.1856,0.57332,0.022654,-1.0045,NaN,NaN,NaN,NaN,NaN,NaN,NaN,NaN,NaN,47.826,0,2238.2,0.0069644,NaN,NaN,NaN,NaN,NaN,-1,-1,-0.98322,0.43582,-7.1587,-3.8902,-10.573,-6.5043,NaN,NaN,NaN,NaN,NaN
546.73,-5.3586,-6.3664,-8.3589,-1.3107,0.75698,-6.7873,-3.8838,-9.7614,-6.5028,0,0,0,NaN,NaN,NaN,NaN,NaN,NaN,NaN,NaN,NaN,47.826,0,2238.2,0.0069644,NaN,NaN,NaN,NaN,NaN,-1,-1,-0.98856,0.44293,-7.156,-3.9339,-10.473,-6.5122,NaN,NaN,NaN,NaN,NaN
546.73,-5.3651,-6.3959,-8.3725,-1.0671,0.91051,-7.0474,-3.6538,-11.37,-6.6582,0,0,0,NaN,NaN,NaN,NaN,NaN,NaN,NaN,NaN,NaN,47.826,0,2238.2,0.0069644,NaN,NaN,NaN,NaN,13.297,97236,10.25,-0.98624,0.445,-7.1522,-3.9772,-10.46,-6.5197,NaN,NaN,NaN,NaN,NaN
546.74,-5.3762,-6.4477,-8.4004,-0.96325,-0.84171,-6.5912,-3.3244,-9.488,-6.6263,0.59452,0.02489,-1.0004,NaN,NaN,NaN,NaN,NaN,NaN,NaN,NaN,NaN,47.826,0,2238.2,0.0069644,NaN,NaN,NaN,NaN,NaN,-1,-1,-0.98966,0.4428,-7.145,-3.9887,-10.396,-6.5375,NaN,NaN,NaN,NaN,NaN
546.74,-5.3835,-6.4758,-8.4139,-1.0181,-0.42257,-7.2697,-3.9976,-10.77,-6.6014,0,0,0,NaN,NaN,NaN,NaN,NaN,NaN,NaN,NaN,NaN,47.826,0,2238.2,0.0069644,0.9959,2.9289,0.62438,0.11654,NaN,-1,-1,-0.98897,0.42158,-7.1353,-3.9503,-10.322,-6.566,NaN,NaN,NaN,NaN,NaN
546.74,-5.3921,-6.5046,-8.4276,-0.86768,0.76391,-8.0517,-4.5334,-11.06,-6.697,0,0,0,NaN,NaN,NaN,NaN,NaN,NaN,NaN,NaN,NaN,47.826,0,2238.2,0.0069644,NaN,NaN,NaN,NaN,13.239,97228,10.25,-0.98236,0.41168,-7.1283,-3.9476,-10.325,-6.5865,NaN,NaN,NaN,NaN,NaN
546.74,-5.4005,-6.5261,-8.4422,-1.0515,0.30908,-7.5691,-4.4501,-8.1416,-6.7387,0,0,0,NaN,NaN,NaN,NaN,NaN,NaN,NaN,NaN,NaN,47.826,0,2238.2,0.0069644,NaN,NaN,NaN,NaN,13.474,97203,10.125,-0.98675,0.40468,-7.1252,-3.9614,-10.167,-6.5967,NaN,NaN,NaN,NaN,NaN
546.75,-5.4145,-6.5816,-8.4704,-1.3238,1.5273,-6.481,-3.497,-12.103,-6.8979,0,0,0,NaN,NaN,NaN,NaN,NaN,NaN,NaN,NaN,NaN,47.826,0,2238.2,0.0069644,NaN,NaN,NaN,NaN,NaN,-1,-1,-0.97933,0.40839,-7.1057,-4.0365,-10.088,-6.5924,NaN,NaN,NaN,NaN,NaN
546.75,-5.4205,-6.6084,-8.4848,-0.89653,0.001131,-8.5084,-3.532,-10.218,-6.8963,0,0,0,NaN,NaN,NaN,NaN,NaN,NaN,NaN,NaN,NaN,47.826,0,2238.2,0.0069644,NaN,NaN,NaN,NaN,NaN,-1,-1,-0.98863,0.4119,-7.1076,-4.1163,-10.074,-6.5867,NaN,NaN,NaN,NaN,NaN
546.75,-5.4276,-6.6339,-8.4984,-0.9412,-0.23018,-7.2355,-3.9332,-9.7706,-6.5373,0,0,0,NaN,NaN,NaN,NaN,NaN,NaN,NaN,NaN,NaN,47.826,0,2238.2,0.0069644,NaN,NaN,NaN,NaN,NaN,-1,-1,-0.98886,0.40979,-7.0983,-4.1391,-9.9995,-6.5884,NaN,NaN,NaN,NaN,NaN
546.75,-5.436,-6.6577,-8.5121,-0.8954,-0.22154,-7.4017,-4.4581,-9.0495,-6.5051,0.58242,0.015424,-1.0015,NaN,NaN,NaN,NaN,NaN,NaN,NaN,NaN,NaN,47.826,0,2238.2,0.0069644,1.0156,2.951,0.64811,0.063263,13.209,97248,10.313,-0.98441,0.40023,-7.1018,-4.1465,-9.9055,-6.5976,NaN,NaN,NaN,NaN,NaN
546.76,-5.4442,-6.686,-8.5254,-0.73426,-0.1914,-6.9221,-4.3565,-10.888,-6.5254,0,0,0,NaN,NaN,NaN,NaN,NaN,NaN,NaN,NaN,NaN,47.826,0,2238.2,0.0069644,NaN,NaN,NaN,NaN,NaN,-1,-1,-0.98725,0.38956,-7.0888,-4.1464,-9.9149,-6.6042,NaN,NaN,NaN,NaN,NaN
546.76,-5.4543,-6.7106,-8.5387,-0.76746,0.28526,-8.1638,-5.103,-9.3755,-6.361,0,0,0,NaN,NaN,NaN,NaN,NaN,NaN,NaN,NaN,NaN,47.826,0,2238.2,0.0069644,NaN,NaN,NaN,NaN,NaN,-1,-1,-0.98107,0.39104,-7.093,-4.1247,-9.9199,-6.6159,NaN,NaN,NaN,NaN,NaN
546.76,-5.4632,-6.7328,-8.5522,-1.1778,1.2682,-6.9291,-4.6765,-8.4188,-6.3819,0,0,0,NaN,NaN,NaN,NaN,NaN,NaN,NaN,NaN,NaN,47.826,0,2238.2,0.0069644,NaN,NaN,NaN,NaN,13.205,97186,10.063,-0.9854,0.38734,-7.092,-4.1304,-9.8509,-6.6295,NaN,NaN,NaN,NaN,NaN
546.76,-5.4715,-6.7583,-8.5658,-0.94756,1.1321,-5.7832,-4.3856,-9.7643,-6.4047,0.58007,0.020391,-0.99946,NaN,NaN,NaN,NaN,NaN,NaN,NaN,NaN,NaN,47.826,0,2238.2,0.0069644,0.99864,2.9373,0.63594,0.081576,NaN,-1,-1,-0.98913,0.38759,-7.0945,-4.1595,-9.7489,-6.6384,NaN,NaN,NaN,NaN,NaN
546.77,-5.4774,-6.7887,-8.5801,-1.5402,1.0082,-7.6107,-3.5174,-11.677,-6.9952,0,0,0,NaN,NaN,NaN,NaN,NaN,NaN,NaN,NaN,NaN,47.826,0,2238.2,0.0069644,NaN,NaN,NaN,NaN,13.328,97230,10.25,-0.98601,0.3937,-7.0771,-4.1697,-9.6837,-6.6482,NaN,NaN,NaN,NaN,NaN
546.77,-5.4836,-6.812,-8.5943,-1.0851,0.52987,-8.2231,-3.5925,-8.8372,-6.6751,0,0,0,NaN,NaN,NaN,NaN,NaN,NaN,NaN,NaN,NaN,47.826,0,2238.2,0.0069644,NaN,NaN,NaN,NaN,NaN,-1,-1,-0.99277,0.39341,-7.0843,-4.179,-9.71,-6.6665,NaN,NaN,NaN,NaN,NaN
546.77,-5.4896,-6.8343,-8.6087,-0.16683,-0.76707,-6.3769,-3.5454,-8.4422,-6.7314,0,0,0,NaN,NaN,NaN,NaN,NaN,NaN,NaN,NaN,NaN,47.826,0,2238.2,0.0069644,NaN,NaN,NaN,NaN,NaN,-1,-1,-0.99478,0.37329,-7.0781,-4.1849,-9.6343,-6.6583,NaN,NaN,NaN,NaN,NaN
546.77,-5.4977,-6.8641,-8.6226,-1.7332,0.15358,-7.2496,-4.3687,-11.42,-6.7871,0.59451,0.019955,-1.0026,NaN,NaN,NaN,NaN,NaN,NaN,NaN,NaN,NaN,47.786,0,2249.6,0.0064211,NaN,NaN,NaN,NaN,13.148,97235,10.25,-0.9876,0.36327,-7.0699,-4.1311,-9.6485,-6.6765,NaN,NaN,NaN,NaN,NaN
546.78,-5.5059,-6.8882,-8.6373,-0.79005,0.18619,-8.202,-4.4644,-9.1412,-6.9148,0,0,0,NaN,NaN,NaN,NaN,NaN,NaN,NaN,NaN,NaN,47.786,0,2249.6,0.0064211,NaN,NaN,NaN,NaN,NaN,-1,-1,-0.98018,0.3487,-7.0765,-4.126,-9.6297,-6.6714,NaN,NaN,NaN,NaN,NaN
546.78,-5.5214,-6.9338,-8.6657,-1.3077,0.97188,-6.0047,-3.9827,-8.783,-6.6418,0,0,0,NaN,NaN,NaN,NaN,NaN,NaN,NaN,NaN,NaN,47.786,0,2249.6,0.0064211,1.0118,2.8156,0.71201,0.045783,NaN,-1,-1,-0.98355,0.3361,-7.0799,-4.227,-9.8004,-6.856,NaN,NaN,NaN,NaN,NaN
546.78,-5.528,-6.959,-8.6794,-1.0463,1.5982,-6.4099,-3.7826,-9.6206,-6.5353,0.59149,0.020591,-0.99174,NaN,NaN,NaN,NaN,NaN,NaN,NaN,NaN,NaN,47.786,0,2249.6,0.0064211,NaN,NaN,NaN,NaN,13.447,97247,10.313,-0.98411,0.34638,-7.0677,-4.2131,-9.7332,-6.7972,NaN,NaN,NaN,NaN,NaN
546.78,-5.5343,-6.9873,-8.6927,-0.99734,-0.34479,-7.1449,-3.6256,-10.854,-6.5091,0,0,0,NaN,NaN,NaN,NaN,NaN,NaN,NaN,NaN,NaN,47.786,0,2249.6,0.0064211,NaN,NaN,NaN,NaN,13.237,97219,10.188,-0.97944,0.35829,-7.059,-4.2363,-9.5788,-6.7359,NaN,NaN,NaN,NaN,NaN
546.79,-5.5425,-7.0102,-8.7071,-0.97125,0.50579,-8.8892,-4.4449,-8.6789,-6.7674,0,0,0,NaN,NaN,NaN,NaN,NaN,NaN,NaN,NaN,NaN,47.786,0,2249.6,0.0064211,NaN,NaN,NaN,NaN,NaN,-1,-1,-0.98661,0.35568,-7.0561,-4.2181,-9.4175,-6.6791,NaN,NaN,NaN,NaN,NaN
546.79,-5.5497,-7.031,-8.7216,-0.7969,-0.33963,-6.4762,-4.0343,-7.8392,-6.7137,0,0,0,NaN,NaN,NaN,NaN,NaN,NaN,NaN,NaN,NaN,47.786,0,2249.6,0.0064211,1.0534,2.8424,0.70288,NaN,NaN,-1,-1,-0.9864,0.35474,-7.0399,-4.1607,-9.2755,-6.6281,NaN,NaN,NaN,NaN,NaN
546.79,-5.5579,-7.0578,-8.735,-0.5901,-0.60734,-7.0962,-4.3987,-10.241,-6.4867,0.59215,0.024922,-1.0006,NaN,NaN,NaN,NaN,NaN,NaN,NaN,NaN,NaN,47.786,0,2249.6,0.0064211,NaN,NaN,NaN,0.00083241,NaN,-1,-1,-0.98341,0.34371,-7.0461,-4.2227,-9.4439,-6.7815,NaN,NaN,NaN,NaN,NaN
546.79,-5.567,-7.0816,-8.7484,-1.0962,0.39012,-7.5156,-4.7814,-9.0676,-6.3689,0,0,0,NaN,NaN,NaN,NaN,NaN,NaN,NaN,NaN,NaN,47.786,0,2249.6,0.0064211,NaN,NaN,NaN,NaN,12.998,97225,10.25,-0.98384,0.33062,-7.0409,-4.1213,-9.2844,-6.7058,NaN,NaN,NaN,NaN,NaN
546.8,-5.5833,-7.1267,-8.775,-1.194,0.36842,-6.3386,-4.4472,-8.5694,-6.3759,0,0,0,NaN,NaN,NaN,NaN,NaN,NaN,NaN,NaN,NaN,47.786,0,2249.6,0.0064211,NaN,NaN,NaN,NaN,NaN,-1,-1,-0.98106,0.33649,-7.0322,-4.072,-9.1241,-6.6193,NaN,NaN,NaN,NaN,NaN
546.8,-5.5916,-7.1542,-8.7883,-1.076,1.0187,-6.2972,-4.4548,-10.517,-6.4814,0.60087,0.018055,-0.9909,NaN,NaN,NaN,NaN,NaN,NaN,NaN,NaN,NaN,47.786,0,2249.6,0.0064211,NaN,NaN,NaN,NaN,NaN,-1,-1,-0.98314,0.32969,-7.0382,-4.0381,-9.0083,-6.5438,NaN,NaN,NaN,NaN,NaN
546.8,-5.5964,-7.1786,-8.8025,-1.0242,1.3128,-8.3575,-3.092,-9.2771,-6.7496,0,0,0,NaN,NaN,NaN,NaN,NaN,NaN,NaN,NaN,NaN,47.786,0,2249.6,0.0064211,NaN,NaN,NaN,NaN,13.115,97209,10.125,-0.98714,0.34008,-7.0233,-3.9887,-8.7593,-6.4787,NaN,NaN,NaN,NaN,NaN
546.8,-5.6012,-7.2016,-8.8172,-0.82532,-0.87447,-6.5645,-3.1069,-8.6782,-6.8552,0,0,0,NaN,NaN,NaN,NaN,NaN,NaN,NaN,NaN,NaN,47.786,0,2249.6,0.0064211,1.0063,2.9361,0.62742,0.095727,NaN,-1,-1,-0.98648,0.34983,-7.0084,-3.9031,-8.723,-6.4273,NaN,NaN,NaN,NaN,NaN
546.81,-5.6089,-7.227,-8.831,-1.0143,-0.76539,-7.5097,-4.2383,-9.6739,-6.63,0,0,0,NaN,NaN,NaN,NaN,NaN,NaN,NaN,NaN,NaN,47.786,0,2249.6,0.0064211,NaN,NaN,NaN,NaN,13.148,97236,10.25,-0.9831,0.3294,-7.0014,-3.8041,-8.6178,-6.3807,NaN,NaN,NaN,NaN,NaN
546.81,-5.6176,-7.2499,-8.8447,-1.132,0.86995,-7.1161,-4.6137,-8.7115,-6.4464,0.59662,0.025099,-0.99574,2.0638,14.713,-2.244,15.026,40.059,-88.549,3.6787e+05,4.4354e+06,304.44,47.786,0,2249.6,0.0064211,NaN,NaN,NaN,NaN,NaN,-1,-1,-0.96794,0.31744,-6.934,-3.7291,-8.4404,-6.3161,14.39,4.2386,0.85048,3.3823,16.385
546.81,-5.625,-7.2732,-8.8592,-0.88872,0.35076,-8.2354,-4.1647,-8.8038,-6.8173,0,0,0,NaN,NaN,NaN,NaN,NaN,NaN,NaN,NaN,NaN,47.786,0,2249.6,0.0064211,NaN,NaN,NaN,NaN,NaN,-1,-1,-0.96895,0.31112,-6.9478,-3.6847,-8.3089,-6.2547,NaN,NaN,NaN,NaN,NaN
546.81,-5.632,-7.2927,-8.8737,-1.0799,0.37706,-6.4288,-3.9857,-7.3022,-6.6877,0,0,0,NaN,NaN,NaN,NaN,NaN,NaN,NaN,NaN,NaN,47.786,0,2249.6,0.0064211,NaN,NaN,NaN,NaN,13.144,97174,10,-0.9711,0.30644,-6.9466,-3.642,-8.227,-6.1992,NaN,NaN,NaN,NaN,NaN
546.82,-5.6383,-7.316,-8.888,-1.1726,1.6801,-5.8098,-3.7039,-8.8418,-6.7068,0,0,0,NaN,NaN,NaN,NaN,NaN,NaN,NaN,NaN,NaN,47.786,0,2249.6,0.0064211,1.003,2.8233,0.7114,0.043285,NaN,-1,-1,-0.97158,0.31998,-6.9499,-3.6482,-8.0497,-6.1289,NaN,NaN,NaN,NaN,NaN
546.82,-5.6438,-7.3422,-8.9013,-1.0981,0.22085,-7.132,-3.3772,-10.01,-6.4702,0.59656,0.027627,-0.99352,NaN,NaN,NaN,NaN,NaN,NaN,NaN,NaN,NaN,47.786,0,2249.6,0.0064211,NaN,NaN,NaN,NaN,NaN,-1,-1,-0.9812,0.32365,-6.9576,-3.6554,-7.922,-6.0694,NaN,NaN,NaN,NaN,NaN
546.82,-5.651,-7.3678,-8.9145,-0.94058,-0.47802,-8.1573,-4.0203,-9.7825,-6.408,0,0,0,NaN,NaN,NaN,NaN,NaN,NaN,NaN,NaN,NaN,47.786,0,2249.6,0.0064211,NaN,NaN,NaN,NaN,13.235,97209,10.125,-0.97372,0.3143,-6.8942,-3.6178,-7.8097,-6.0125,NaN,NaN,NaN,NaN,NaN
546.82,-5.6582,-7.3853,-8.9282,-0.77126,0.191,-7.8686,-4.0451,-6.5106,-6.2662,0,0,0,NaN,NaN,NaN,NaN,NaN,NaN,NaN,NaN,NaN,47.786,0,2249.6,0.0064211,NaN,NaN,NaN,NaN,NaN,-1,-1,-0.97041,0.29829,-6.8946,-3.5386,-7.7559,-5.9724,NaN,NaN,NaN,NaN,NaN
546.83,-5.6652,-7.4075,-8.9421,-0.74996,-0.77602,-5.9826,-3.9738,-8.434,-6.5562,0,0,0,NaN,NaN,NaN,NaN,NaN,NaN,NaN,NaN,NaN,47.786,0,2249.6,0.0064211,NaN,NaN,NaN,NaN,13.33,97259,10.375,-0.97038,0.31838,-6.9083,-3.4762,-7.6429,-5.9338,NaN,NaN,NaN,NaN,NaN
546.83,-5.6811,-7.4529,-8.9681,-1.4058,1.1016,-7.8002,-4.4007,-7.3377,-6.2529,0,0,0,NaN,NaN,NaN,NaN,NaN,NaN,NaN,NaN,NaN,47.786,0,2249.6,0.0064211,1.0074,2.8174,0.72662,0.047447,NaN,-1,-1,-0.97139,0.30489,-6.9016,-3.4124,-7.574,-5.8935,NaN,NaN,NaN,NaN,NaN
546.83,-5.6878,-7.4723,-8.9824,-0.99741,0.7904,-5.9528,-3.8769,-7.2662,-6.5906,0,0,0,NaN,NaN,NaN,NaN,NaN,NaN,NaN,NaN,NaN,47.786,0,2249.6,0.0064211,NaN,NaN,NaN,NaN,NaN,-1,-1,-0.97555,0.31204,-6.9039,-3.4088,-7.5729,-5.8708,NaN,NaN,NaN,NaN,NaN
546.83,0,0,0,0,0,0,0,0,0,0,0,0,NaN,NaN,NaN,NaN,NaN,NaN,NaN,NaN,NaN,47.786,0,2249.6,0.0064211,NaN,NaN,NaN,NaN,13.355,97203,10.125,-0.97477,0.32077,-6.9163,-3.3995,-7.4445,-5.8544,NaN,NaN,NaN,NaN,NaN
546.84,-5.699,-7.521,-9.0103,-1.3906,0.94219,-7.9518,-2.8883,-7.628,-6.7378,0.60844,0.029872,-0.99245,NaN,NaN,NaN,NaN,NaN,NaN,NaN,NaN,NaN,47.786,0,2249.6,0.0064211,NaN,NaN,NaN,NaN,NaN,-1,-1,-0.98193,0.30353,-6.9306,-3.3636,-7.3312,-5.837,NaN,NaN,NaN,NaN,NaN
546.84,-5.7028,-7.5421,-9.0248,-0.3928,-0.39268,-7.0034,-2.7381,-7.9157,-6.7237,0,0,0,NaN,NaN,NaN,NaN,NaN,NaN,NaN,NaN,NaN,47.786,0,2249.6,0.0064211,1.0112,2.815,0.72357,0.04495,NaN,-1,-1,-0.98261,0.2998,-6.9365,-3.3329,-7.3464,-5.8184,NaN,NaN,NaN,NaN,NaN
546.84,-5.7083,-7.5681,-9.0381,-1.3467,-0.53544,-6.7178,-3.4012,-9.9286,-6.4807,0,0,0,NaN,NaN,NaN,NaN,NaN,NaN,NaN,NaN,NaN,47.786,0,2249.6,0.0064211,1.0112,2.815,0.72357,0.04495,13.327,97216,10.188,-0.97853,0.28999,-6.94,-3.281,-7.367,-5.8061,NaN,NaN,NaN,NaN,NaN
546.84,-5.7159,-7.5904,-9.0522,-1.1543,0.22893,-8.2363,-4.2181,-8.4098,-6.6173,0,0,0,NaN,NaN,NaN,NaN,NaN,NaN,NaN,NaN,NaN,47.786,0,2249.6,0.0064211,NaN,NaN,NaN,NaN,13.085,97205,10.125,-0.97276,0.27469,-6.9452,-3.2412,-7.3248,-5.8178,NaN,NaN,NaN,NaN,NaN
546.85,0,0,0,0,0,0,0,0,0,0,0,0,NaN,NaN,NaN,NaN,NaN,NaN,NaN,NaN,NaN,47.786,0,2249.6,0.0064211,NaN,NaN,NaN,NaN,NaN,-1,-1,-0.97451,0.26899,-6.9323,-3.1966,-7.2947,-5.8177,NaN,NaN,NaN,NaN,NaN
546.85,-5.7232,-7.6092,-9.0654,-0.84347,0.09017,-7.7565,-4.0864,-7.0933,-6.1654,0.60317,0.02055,-0.98846,NaN,NaN,NaN,NaN,NaN,NaN,NaN,NaN,NaN,47.786,0,2249.6,0.0064211,NaN,NaN,NaN,NaN,NaN,-1,-1,-0.97745,0.28024,-6.9368,-3.1919,-7.2676,-5.816,NaN,NaN,NaN,NaN,NaN
546.85,-5.7336,-7.6527,-9.0934,-0.98851,1.5986,-7.1027,-3.1139,-8.4812,-6.5399,0,0,0,NaN,NaN,NaN,NaN,NaN,NaN,NaN,NaN,NaN,47.786,0,2249.6,0.0064211,NaN,NaN,NaN,NaN,NaN,-1,-1,-0.97319,0.28113,-6.9367,-3.2357,-7.2873,-5.8031,NaN,NaN,NaN,NaN,NaN
546.85,-5.7385,-7.6734,-9.1071,-1.007,-0.20114,-6.6643,-3.1432,-7.7976,-6.4211,0,0,0,NaN,NaN,NaN,NaN,NaN,NaN,NaN,NaN,NaN,47.786,0,2249.6,0.0064211,0.98823,2.9289,0.62681,NaN,13.324,97211,10.125,-0.97615,0.28524,-6.9127,-3.2533,-7.2402,-5.8017,NaN,NaN,NaN,NaN,NaN
546.86,-5.7507,-7.7215,-9.1335,-0.75279,0.71604,-7.9408,-3.588,-9.0099,-6.2576,0,0,0,NaN,NaN,NaN,NaN,NaN,NaN,NaN,NaN,NaN,47.786,0,2249.6,0.0064211,NaN,NaN,NaN,0.10821,NaN,-1,-1,-0.97732,0.29261,-6.9032,-3.2567,-7.2673,-5.8178,NaN,NaN,NaN,NaN,NaN
546.86,-5.7571,-7.7396,-9.1466,-0.79626,-0.91638,-7.497,-3.7439,-6.7704,-6.1025,0,0,0,NaN,NaN,NaN,NaN,NaN,NaN,NaN,NaN,NaN,47.786,0,2249.6,0.0064211,NaN,NaN,NaN,NaN,NaN,-1,-1,-0.97236,0.28214,-6.9018,-3.2256,-7.3022,-5.8412,NaN,NaN,NaN,NaN,NaN
546.86,-5.7646,-7.7587,-9.1596,-1.0158,-0.25406,-6.9755,-4.1632,-7.1729,-6.0537,0,0,0,NaN,NaN,NaN,NaN,NaN,NaN,NaN,NaN,NaN,47.786,0,2249.6,0.0064211,NaN,NaN,NaN,NaN,13.268,97213,10.188,-0.97922,0.27753,-6.9673,-3.211,-7.3428,-5.8655,NaN,NaN,NaN,NaN,NaN
546.86,-5.821,-7.8166,-9.1419,-0.84179,1.5637,-7.4871,-3.8932,-9.1406,-6.3227,0.61518,0.022675,-0.98961,NaN,NaN,NaN,NaN,NaN,NaN,NaN,NaN,NaN,47.786,0,2249.6,0.0064211,NaN,NaN,NaN,NaN,NaN,-1,-1,-0.97951,0.25869,-6.9763,-3.2457,-7.3903,-5.8955,NaN,NaN,NaN,NaN,NaN
546.87,-5.827,-7.8357,-9.1554,-1.2378,0.69621,-6.7666,-3.5907,-7.1902,-6.2666,0,0,0,NaN,NaN,NaN,NaN,NaN,NaN,NaN,NaN,NaN,47.786,0,2249.6,0.0064211,NaN,NaN,NaN,NaN,13.207,97222,10.188,-0.97702,0.26876,-6.9779,-3.2998,-7.4132,-5.9297,NaN,NaN,NaN,NaN,NaN
546.87,-5.8329,-7.8561,-9.1684,-1.4026,0.68095,-6.6425,-3.5364,-7.668,-6.1673,0,0,0,NaN,NaN,NaN,NaN,NaN,NaN,NaN,NaN,NaN,47.786,0,2249.6,0.0064211,NaN,NaN,NaN,NaN,NaN,-1,-1,-0.97793,0.28257,-6.9642,-3.3313,-7.4077,-5.9803,NaN,NaN,NaN,NaN,NaN
546.87,-5.8372,-7.8809,-9.182,-0.94131,1.0692,-7.5345,-2.9324,-9.4413,-6.5161,0,0,0,NaN,NaN,NaN,NaN,NaN,NaN,NaN,NaN,NaN,47.786,0,2249.6,0.0064211,NaN,NaN,NaN,NaN,NaN,-1,-1,-0.98856,0.29398,-7.0486,-3.3525,-7.4456,-6.037,NaN,NaN,NaN,NaN,NaN
546.87,-5.8405,-7.8998,-9.1957,-0.62215,-0.31791,-7.4893,-2.529,-7.1034,-6.2807,0.61734,0.015421,-0.98942,NaN,NaN,NaN,NaN,NaN,NaN,NaN,NaN,NaN,47.786,0,2249.6,0.0064211,NaN,NaN,NaN,NaN,13.086,97203,10.125,-0.99157,0.30096,-7.0604,-3.3583,-7.4934,-6.1086,NaN,NaN,NaN,NaN,NaN
546.88,-5.8466,-7.921,-9.209,-1.3147,-0.44715,-6.8177,-3.6469,-7.9832,-6.2706,0,0,0,NaN,NaN,NaN,NaN,NaN,NaN,NaN,NaN,NaN,47.786,0,2249.6,0.0064211,NaN,NaN,NaN,NaN,NaN,-1,-1,-0.98961,0.28752,-7.0555,-3.3616,-7.5822,-6.1769,NaN,NaN,NaN,NaN,NaN
546.88,-5.854,-7.944,-9.2226,-0.9858,0.49774,-7.1827,-4.1564,-8.7001,-6.4993,0,0,0,NaN,NaN,NaN,NaN,NaN,NaN,NaN,NaN,NaN,47.786,0,2249.6,0.0064211,NaN,NaN,NaN,NaN,NaN,-1,-1,-0.98646,0.27447,-7.0724,-3.4065,-7.766,-6.2337,NaN,NaN,NaN,NaN,NaN
546.88,-5.8604,-7.9655,-9.236,-0.74496,-0.21747,-8.6756,-3.7785,-8.1183,-6.3108,0,0,0,NaN,NaN,NaN,NaN,NaN,NaN,NaN,NaN,NaN,47.786,0,2249.6,0.0064211,1.0079,2.9397,0.63959,0.085738,13.327,97215,10.188,-0.98685,0.25719,-7.0798,-3.4576,-7.7301,-6.288,NaN,NaN,NaN,NaN,NaN
546.88,-5.8667,-7.9825,-9.2506,-1.2489,0.77783,-6.9125,-3.7895,-6.2779,-6.5798,0.61721,0.015542,-0.9872,NaN,NaN,NaN,NaN,NaN,NaN,NaN,NaN,NaN,47.796,0.024486,2269.6,0.0064211,NaN,NaN,NaN,NaN,NaN,-1,-1,-0.98827,0.2661,-7.0823,-3.5284,-7.7927,-6.3486,NaN,NaN,NaN,NaN,NaN
546.89,-5.8707,-8.002,-9.264,-1.157,1.443,-5.9909,-2.8025,-7.3234,-6.2808,0,0,0,NaN,NaN,NaN,NaN,NaN,NaN,NaN,NaN,NaN,47.796,0.024486,2269.6,0.0064211,NaN,NaN,NaN,NaN,13.388,97272,10.375,-0.98459,0.28445,-7.092,-3.6333,-7.9039,-6.4037,NaN,NaN,NaN,NaN,NaN
546.89,-5.8755,-8.0267,-9.2773,-0.78419,-0.065553,-6.3816,-3.099,-9.4026,-6.3988,0,0,0,NaN,NaN,NaN,NaN,NaN,NaN,NaN,NaN,NaN,47.796,0.024486,2269.6,0.0064211,NaN,NaN,NaN,NaN,NaN,-1,-1,-0.99206,0.29135,-7.0909,-3.7011,-7.9336,-6.4799,NaN,NaN,NaN,NaN,NaN
546.89,-5.8812,-8.0505,-9.2904,-1.1852,0.040807,-8.7382,-3.4887,-9.041,-6.3261,0,0,0,NaN,NaN,NaN,NaN,NaN,NaN,NaN,NaN,NaN,47.796,0.024486,2269.6,0.0064211,1.3726,2.9373,0.64142,0.091565,NaN,-1,-1,-0.99746,0.29674,-7.0885,-3.6154,-7.6569,-6.3145,NaN,NaN,NaN,NaN,NaN
546.89,-5.8859,-8.0672,-9.3045,-0.92027,-0.066313,-8.0666,-3.1412,-6.1909,-6.3833,0.61763,0.029984,-0.98716,NaN,NaN,NaN,NaN,NaN,NaN,NaN,NaN,NaN,47.796,0.024486,2269.6,0.0064211,NaN,NaN,NaN,NaN,13.473,97185,10.063,-0.99003,0.29064,-7.1059,-3.5995,-7.7271,-6.3563,NaN,NaN,NaN,NaN,NaN
546.9,-5.8919,-8.0872,-9.3179,-0.62562,-0.67404,-5.575,-3.6114,-7.5021,-6.286,0,0,0,NaN,NaN,NaN,NaN,NaN,NaN,NaN,NaN,NaN,47.796,0.024486,2269.6,0.0064211,NaN,NaN,NaN,NaN,NaN,-1,-1,-0.99092,0.27163,-7.101,-3.5935,-7.7677,-6.4051,NaN,NaN,NaN,NaN,NaN
546.9,-5.9072,-8.1295,-9.3438,-1.2699,1.1122,-8.5025,-4.252,-7.5119,-5.9129,0,0,0,NaN,NaN,NaN,NaN,NaN,NaN,NaN,NaN,NaN,47.796,0.024486,2269.6,0.0064211,NaN,NaN,NaN,NaN,13.444,97224,10.188,-0.99365,0.27148,-7.1202,-3.6194,-7.7985,-6.4516,NaN,NaN,NaN,NaN,NaN
546.9,-5.9148,-8.1462,-9.3576,-1.2534,0.69345,-6.5051,-4.2985,-6.1549,-6.3381,0.61721,0.015542,-0.9872,NaN,NaN,NaN,NaN,NaN,NaN,NaN,NaN,NaN,47.796,0.024486,2269.6,0.0064211,NaN,NaN,NaN,NaN,NaN,-1,-1,-0.9911,0.27534,-7.1283,-3.6949,-7.84,-6.5104,NaN,NaN,NaN,NaN,NaN
546.9,-5.9211,-8.1689,-9.3708,-0.93423,0.95085,-6.0643,-3.7147,-8.621,-6.2994,0,0,0,NaN,NaN,NaN,NaN,NaN,NaN,NaN,NaN,NaN,47.796,0.024486,2269.6,0.0064211,NaN,NaN,NaN,NaN,NaN,-1,-1,-0.9906,0.28116,-7.1237,-3.5901,-7.5529,-6.3274,NaN,NaN,NaN,NaN,NaN
546.91,-5.9296,-8.2093,-9.3983,-0.98377,-0.10287,-8.1687,-2.8182,-6.3803,-6.6554,0,0,0,NaN,NaN,NaN,NaN,NaN,NaN,NaN,NaN,NaN,47.796,0.024486,2269.6,0.0064211,1.3841,2.9367,0.63899,0.092398,13.236,97225,10.188,-0.99626,0.30239,-7.1199,-3.6055,-7.5198,-6.3212,NaN,NaN,NaN,NaN,NaN
546.91,-5.935,-8.2305,-9.4122,-1.1041,-0.45841,-6.8173,-3.427,-7.978,-6.4606,0.61959,0.025379,-0.98252,NaN,NaN,NaN,NaN,NaN,NaN,NaN,NaN,NaN,47.796,0.024486,2269.6,0.0064211,NaN,NaN,NaN,NaN,NaN,-1,-1,-1.0012,0.30641,-7.1255,-3.5615,-7.5866,-6.335,NaN,NaN,NaN,NaN,NaN
546.91,-5.9424,-8.2521,-9.4251,-0.78183,0.12862,-7.1914,-4.1425,-8.1763,-6.1421,0,0,0,NaN,NaN,NaN,NaN,NaN,NaN,NaN,NaN,NaN,47.796,0.024486,2269.6,0.0064211,NaN,NaN,NaN,NaN,NaN,-1,-1,-1.0003,0.29948,-7.1264,-3.5453,-7.5428,-6.3432,NaN,NaN,NaN,NaN,NaN
546.91,-5.9493,-8.2713,-9.4387,-1.1714,0.072441,-8.2058,-4.008,-7.1851,-6.3177,0,0,0,NaN,NaN,NaN,NaN,NaN,NaN,NaN,NaN,NaN,47.796,0.024486,2269.6,0.0064211,NaN,NaN,NaN,NaN,13.179,97228,10.25,-0.99798,0.29176,-7.1371,-3.551,-7.5754,-6.3423,NaN,NaN,NaN,NaN,NaN
546.92,-5.9548,-8.289,-9.4532,-1.2279,0.57303,-7.2381,-3.501,-6.5305,-6.6207,0,0,0,NaN,NaN,NaN,NaN,NaN,NaN,NaN,NaN,NaN,47.796,0.024486,2269.6,0.0064211,1.3715,2.9331,0.63533,NaN,NaN,-1,-1,-0.9974,0.28073,-7.1436,-3.5615,-7.511,-6.3341,NaN,NaN,NaN,NaN,NaN
546.92,-5.9596,-8.3091,-9.4669,-0.92612,1.3227,-6.5984,-3.1585,-7.5381,-6.4524,0.6314,0.025217,-0.98146,NaN,NaN,NaN,NaN,NaN,NaN,NaN,NaN,NaN,47.796,0.024486,2269.6,0.0064211,NaN,NaN,NaN,0.092398,NaN,-1,-1,-0.99209,0.28042,-7.154,-3.6098,-7.4674,-6.3139,NaN,NaN,NaN,NaN,NaN
546.92,-5.9642,-8.3295,-9.4803,-1.1363,0.10708,-6.3162,-3.085,-7.6845,-6.2937,0,0,0,NaN,NaN,NaN,NaN,NaN,NaN,NaN,NaN,NaN,47.796,0.024486,2269.6,0.0064211,NaN,NaN,NaN,NaN,13.238,97232,10.25,-0.99433,0.29188,-7.1588,-3.6505,-7.4972,-6.2982,NaN,NaN,NaN,NaN,NaN
546.92,-5.9698,-8.3535,-9.4934,-0.94554,-0.087627,-7.8108,-3.4859,-9.0785,-6.3345,0,0,0,NaN,NaN,NaN,NaN,NaN,NaN,NaN,NaN,NaN,47.796,0.024486,2269.6,0.0064211,NaN,NaN,NaN,NaN,NaN,-1,-1,-0.99434,0.29655,-7.1571,-3.6668,-7.4391,-6.2901,NaN,NaN,NaN,NaN,NaN
546.93,-5.9818,-8.3897,-9.5209,-0.75636,-0.7839,-7.3513,-3.8071,-6.44,-6.2001,0.62633,0.018182,-0.97969,NaN,NaN,NaN,NaN,NaN,NaN,NaN,NaN,NaN,47.796,0.024486,2269.6,0.0064211,NaN,NaN,NaN,NaN,13.115,97210,10.125,-0.99685,0.29455,-7.1555,-3.6752,-7.4239,-6.2767,NaN,NaN,NaN,NaN,NaN
546.93,-5.9894,-8.4101,-9.5333,-0.66634,-0.1478,-7.0417,-4.2034,-7.7029,-5.8968,0,0,0,NaN,NaN,NaN,NaN,NaN,NaN,NaN,NaN,NaN,47.796,0.024486,2269.6,0.0064211,NaN,NaN,NaN,NaN,NaN,-1,-1,-0.99619,0.28977,-7.1754,-3.6602,-7.4945,-6.2727,NaN,NaN,NaN,NaN,NaN
546.93,-5.9968,-8.4316,-9.5454,-1.1548,1.2198,-7.8118,-4.1377,-8.1693,-5.8285,0,0,0,NaN,NaN,NaN,NaN,NaN,NaN,NaN,NaN,NaN,47.796,0.024486,2269.6,0.0064211,2.68,2.9331,0.63107,0.10239,NaN,-1,-1,-0.99511,0.27967,-7.1734,-3.6495,-7.4316,-6.2572,NaN,NaN,NaN,NaN,NaN
546.93,-6.0029,-8.4467,-9.559,-1.152,0.9663,-7.0497,-3.6931,-5.5094,-6.1771,0,0,0,NaN,NaN,NaN,NaN,NaN,NaN,NaN,NaN,NaN,47.796,0.024486,2269.6,0.0064211,NaN,NaN,NaN,NaN,13.297,97199,10.125,-0.98933,0.28159,-7.1824,-3.6675,-7.4384,-6.2539,NaN,NaN,NaN,NaN,NaN
546.94,-6.0092,-8.4702,-9.5719,-1.4015,0.3167,-6.1831,-3.7212,-8.9376,-6.1993,0.62627,0.02071,-0.97746,NaN,NaN,NaN,NaN,NaN,NaN,NaN,NaN,NaN,47.796,0.024486,2269.6,0.0064211,NaN,NaN,NaN,NaN,NaN,-1,-1,-0.98888,0.28508,-7.178,-3.6819,-7.422,-6.2566,NaN,NaN,NaN,NaN,NaN
546.94,-6.014,-8.4919,-9.5855,-1.0706,1.2555,-8.1082,-3.1927,-8.1798,-6.4422,0,0,0,NaN,NaN,NaN,NaN,NaN,NaN,NaN,NaN,NaN,47.796,0.024486,2269.6,0.0064211,NaN,NaN,NaN,NaN,NaN,-1,-1,-0.98699,0.2912,-7.1818,-3.6952,-7.453,-6.2522,NaN,NaN,NaN,NaN,NaN
546.94,-6.0174,-8.5073,-9.5999,-0.70685,-0.061534,-7.6311,-2.6636,-5.6282,-6.4666,0,0,0,NaN,NaN,NaN,NaN,NaN,NaN,NaN,NaN,NaN,47.796,0.024486,2269.6,0.0064211,NaN,NaN,NaN,NaN,13.235,97230,10.188,-0.98802,0.29683,-7.193,-3.6923,-7.3882,-6.2546,NaN,NaN,NaN,NaN,NaN
546.94,-6.0225,-8.5281,-9.6133,-1.0992,-0.72549,-6.2434,-3.3254,-7.8278,-6.3312,0,0,0,NaN,NaN,NaN,NaN,NaN,NaN,NaN,NaN,NaN,47.796,0.024486,2269.6,0.0064211,3.994,2.9516,0.65603,0.074085,NaN,-1,-1,-0.99162,0.29979,-7.201,-3.6601,-7.3725,-6.2506,NaN,NaN,NaN,NaN,NaN
546.95,-6.0288,-8.5522,-9.6266,-0.99137,0.35516,-8.3532,-3.7531,-9.1158,-6.4152,0.6337,0.027713,-0.97902,NaN,NaN,NaN,NaN,NaN,NaN,NaN,NaN,NaN,47.796,0.024486,2269.6,0.0064211,NaN,NaN,NaN,NaN,13.267,97220,10.188,-0.99072,0.29079,-7.1898,-3.6363,-7.4473,-6.2507,NaN,NaN,NaN,NaN,NaN
546.95,-6.0361,-8.5672,-9.6408,-0.92528,-0.22511,-8.1525,-4.2269,-5.4857,-6.3858,0,0,0,NaN,NaN,NaN,NaN,NaN,NaN,NaN,NaN,NaN,47.796,0.024486,2269.6,0.0064211,NaN,NaN,NaN,NaN,NaN,-1,-1,-0.99066,0.29328,-7.195,-3.615,-7.4469,-6.2376,NaN,NaN,NaN,NaN,NaN
546.95,-6.0423,-8.5843,-9.6545,-0.96328,0.40387,-6.5983,-3.7487,-6.3478,-6.3174,0,0,0,NaN,NaN,NaN,NaN,NaN,NaN,NaN,NaN,NaN,47.796,0.024486,2269.6,0.0064211,NaN,NaN,NaN,NaN,NaN,-1,-1,-0.98535,0.29139,-7.222,-3.6099,-7.4204,-6.2234,NaN,NaN,NaN,NaN,NaN
546.95,-6.0476,-8.608,-9.6674,-1.2199,1.5902,-6.626,-3.3697,-9.0022,-6.2649,0,0,0,NaN,NaN,NaN,NaN,NaN,NaN,NaN,NaN,NaN,47.796,0.024486,2269.6,0.0064211,NaN,NaN,NaN,NaN,13.209,97227,10.25,-0.99014,0.28862,-7.2076,-3.5976,-7.3952,-6.2074,NaN,NaN,NaN,NaN,NaN
546.96,-6.0512,-8.6286,-9.6803,-1.012,-0.082902,-7.7164,-2.6683,-7.7311,-6.1219,0.62863,0.020677,-0.97725,NaN,NaN,NaN,NaN,NaN,NaN,NaN,NaN,NaN,47.796,0.024486,2269.6,0.0064211,4.8087,2.8174,0.71201,0.041621,NaN,-1,-1,-0.9921,0.29106,-7.2143,-3.6029,-7.3355,-6.1891,NaN,NaN,NaN,NaN,NaN
546.96,-6.0623,-8.667,-9.7054,-0.90993,0.16301,-7.6881,-3.436,-8.5557,-6.0754,0,0,0,NaN,NaN,NaN,NaN,NaN,NaN,NaN,NaN,NaN,47.796,0.024486,2269.6,0.0064211,NaN,NaN,NaN,NaN,NaN,-1,-1,-0.98832,0.29491,-7.2183,-3.5799,-7.317,-6.1739,NaN,NaN,NaN,NaN,NaN
546.96,-6.0681,-8.6862,-9.7187,-1.2234,-0.91065,-8.5619,-3.5928,-7.2012,-6.2154,0,0,0,NaN,NaN,NaN,NaN,NaN,NaN,NaN,NaN,NaN,47.796,0.024486,2269.6,0.0064211,NaN,NaN,NaN,NaN,13.145,97231,10.188,-0.99202,0.29801,-7.2219,-3.5349,-7.3305,-6.1621,NaN,NaN,NaN,NaN,NaN
546.96,-6.0763,-8.7008,-9.7319,-0.60786,-0.073747,-6.548,-4.523,-5.3224,-5.9611,0.62836,0.015984,-0.97505,NaN,NaN,NaN,NaN,NaN,NaN,NaN,NaN,NaN,47.796,0.024486,2269.6,0.0064211,NaN,NaN,NaN,NaN,NaN,-1,-1,-0.99117,0.30131,-7.2317,-3.4803,-7.2662,-6.1615,NaN,NaN,NaN,NaN,NaN
546.97,-6.0826,-8.7215,-9.7445,-0.76633,1.4306,-7.1949,-3.754,-7.8326,-5.9834,0,0,0,NaN,NaN,NaN,NaN,NaN,NaN,NaN,NaN,NaN,47.796,0.024486,2269.6,0.0064211,NaN,NaN,NaN,NaN,13.263,97200,10.063,-0.99021,0.29465,-7.231,-3.4281,-7.2612,-6.1577,NaN,NaN,NaN,NaN,NaN
546.97,-6.0883,-8.7399,-9.7574,-1.2978,0.51315,-7.2478,-3.5056,-6.8944,-6.0463,0,0,0,NaN,NaN,NaN,NaN,NaN,NaN,NaN,NaN,NaN,47.796,0.024486,2269.6,0.0064211,6.3959,2.9367,0.6542,0.092398,NaN,-1,-1,-0.98642,0.29027,-7.2389,-3.3835,-7.2227,-6.1495,NaN,NaN,NaN,NaN,NaN
546.97,-6.094,-8.76,-9.7701,-1.459,0.80769,-7.4742,-3.5204,-7.5525,-6.0397,0,0,0,NaN,NaN,NaN,NaN,NaN,NaN,NaN,NaN,NaN,47.796,0.024486,2269.6,0.0064211,NaN,NaN,NaN,NaN,NaN,-1,-1,-0.98497,0.28671,-7.2394,-3.3119,-7.173,-6.152,NaN,NaN,NaN,NaN,NaN
546.97,-6.0978,-8.7792,-9.7837,-0.96186,0.99112,-7.2397,-2.807,-7.155,-6.2792,0.6171,0.030467,-0.97828,NaN,NaN,NaN,NaN,NaN,NaN,NaN,NaN,NaN,47.796,0.024486,2269.6,0.0064211,NaN,NaN,NaN,NaN,13.386,97239,10.25,-0.98834,0.28234,-7.2526,-3.1989,-7.1467,-6.1602,NaN,NaN,NaN,NaN,NaN
546.98,-6.1013,-8.7978,-9.7975,-0.63237,-0.31657,-6.5173,-2.6927,-6.947,-6.4125,0,0,0,NaN,NaN,NaN,NaN,NaN,NaN,NaN,NaN,NaN,47.796,0.024486,2269.6,0.0064211,NaN,NaN,NaN,NaN,NaN,-1,-1,-0.98605,0.28618,-7.2506,-3.0555,-7.0974,-6.1716,NaN,NaN,NaN,NaN,NaN
546.98,-6.1057,-8.8184,-9.8104,-1.4208,-0.25414,-8.52,-3.022,-7.725,-6.1348,0,0,0,NaN,NaN,NaN,NaN,NaN,NaN,NaN,NaN,NaN,47.796,0.024486,2269.6,0.0064211,NaN,NaN,NaN,NaN,NaN,-1,-1,-0.98822,0.2915,-7.2604,-2.9065,-7.0481,-6.177,NaN,NaN,NaN,NaN,NaN
546.98,-6.1103,-8.8367,-9.8236,-1.0366,0.38437,-7.4616,-3.1181,-6.8446,-6.1505,0,0,0,NaN,NaN,NaN,NaN,NaN,NaN,NaN,NaN,NaN,47.796,0.024486,2269.6,0.0064211,7.1542,2.8185,0.72357,NaN,13.356,97222,10.188,-0.98728,0.28193,-7.2597,-2.7475,-7.1189,-6.1752,NaN,NaN,NaN,NaN,NaN
546.98,-6.1147,-8.8531,-9.8372,-0.76863,-0.52846,-7.8528,-3.0671,-6.0549,-6.2137,0.63579,0.022987,-0.97661,NaN,NaN,NaN,NaN,NaN,NaN,NaN,NaN,NaN,47.796,0.024486,2269.6,0.0064211,NaN,NaN,NaN,0.031632,13.351,97208,10.063,-0.98768,0.28371,-7.2651,-2.6081,-7.0193,-6.1607,NaN,NaN,NaN,NaN,NaN
546.99,-6.122,-8.8925,-9.8635,-1.2517,1.5864,-7.6618,-2.1688,-7.7657,-6.3521,0,0,0,NaN,NaN,NaN,NaN,NaN,NaN,NaN,NaN,NaN,47.796,0.024486,2269.6,0.0064211,NaN,NaN,NaN,NaN,NaN,-1,-1,-0.98529,0.28025,-7.2845,-2.4906,-6.9758,-6.1358,NaN,NaN,NaN,NaN,NaN
546.99,-6.1239,-8.91,-9.8763,-0.89151,-0.078066,-6.9441,-2.0349,-6.5227,-5.9557,0,0,0,NaN,NaN,NaN,NaN,NaN,NaN,NaN,NaN,NaN,47.796,0.024486,2269.6,0.0064211,NaN,NaN,NaN,NaN,NaN,-1,-1,-0.98217,0.28442,-7.2919,-2.3567,-6.9954,-6.0964,NaN,NaN,NaN,NaN,NaN
546.99,-6.1271,-8.9314,-9.8887,-0.82321,-0.17167,-7.299,-2.482,-8.1098,-5.9679,0.62675,0.032624,-0.97965,NaN,NaN,NaN,NaN,NaN,NaN,NaN,NaN,NaN,47.796,0.024486,2269.6,0.0064211,NaN,NaN,NaN,NaN,NaN,-1,-1,-0.98576,0.29003,-7.2938,-2.1724,-6.9004,-6.0786,NaN,NaN,NaN,NaN,NaN
546.99,-6.1309,-8.9669,-9.915,-0.87036,-0.90573,-7.2301,-2,-6.2911,-5.9616,0,0,0,NaN,NaN,NaN,NaN,NaN,NaN,NaN,NaN,NaN,47.875,0,2288.2,0.0075089,7.6962,2.8919,0.72601,0.010821,13.298,97235,10.25,-0.98465,0.28667,-7.3032,-1.9778,-6.8996,-6.0541,NaN,NaN,NaN,NaN,NaN
547,-6.1336,-8.9859,-9.9277,-0.72577,0.48722,-7.4377,-2.3105,-7.127,-6.0146,0,0,0,NaN,NaN,NaN,NaN,NaN,NaN,NaN,NaN,NaN,47.875,0,2288.2,0.0075089,NaN,NaN,NaN,NaN,NaN,-1,-1,-0.98171,0.28048,-7.3086,-1.7548,-6.9247,-6.0398,NaN,NaN,NaN,NaN,NaN
547,-6.1352,-9.0032,-9.9404,-1.2567,0.79318,-8.1245,-1.9148,-6.4476,-5.8928,0.62857,0.023205,-0.97502,NaN,NaN,NaN,NaN,NaN,NaN,NaN,NaN,NaN,47.875,0,2288.2,0.0075089,NaN,NaN,NaN,NaN,NaN,-1,-1,-0.9804,0.28021,-7.3207,-1.506,-6.8309,-6.0299,NaN,NaN,NaN,NaN,NaN
547,-6.1359,-9.0188,-9.9531,-0.88076,0.85418,-6.345,-1.5237,-5.7662,-5.8346,0,0,0,NaN,NaN,NaN,NaN,NaN,NaN,NaN,NaN,NaN,47.875,0,2288.2,0.0075089,NaN,NaN,NaN,NaN,13.234,97239,10.188,-0.98041,0.2881,-7.3039,-1.2615,-6.7528,-6.0161,NaN,NaN,NaN,NaN,NaN
