412,-15.784,-2.4566,21.733,-2.2602,0.66288,-12.854,-1.6683,-0.90562,-7.1571,0.5118,0.27576,-0.96441,NaN,NaN,NaN,NaN,NaN,NaN,NaN,NaN,NaN,46.768,0,3476.6,0.0069644,0.77416,2.5787,0.69315,NaN,NaN,-1,-1,-1.6305,0.84294,-9.4959,-2.389,1.1408,-7.3821,NaN,NaN,NaN,NaN,NaN
412,-15.789,-2.4487,21.714,-1.8609,1.3412,-8.865,-2.8159,4.9828,-6.9651,0,0,0,NaN,NaN,NaN,NaN,NaN,NaN,NaN,NaN,NaN,46.768,0,3465.1,0.0064211,NaN,NaN,NaN,0.074917,17.215,96857,11.313,-1.6451,0.85032,-9.5379,-2.4797,1.017,-7.3979,NaN,NaN,NaN,NaN,NaN
412,-15.796,-2.4517,21.697,-0.96324,0.23934,-8.3437,-3.7,0.58763,-7.2009,0,0,0,NaN,NaN,NaN,NaN,NaN,NaN,NaN,NaN,NaN,46.768,0,3465.1,0.0064211,NaN,NaN,NaN,NaN,NaN,-1,-1,-1.644,0.8519,-9.5666,-2.5756,0.91627,-7.4375,NaN,NaN,NaN,NaN,NaN
412.01,-15.802,-2.4635,21.681,-1.8744,0.5503,-10.538,-2.759,-2.9165,-7.8547,0,0,0,NaN,NaN,NaN,NaN,NaN,NaN,NaN,NaN,NaN,46.768,0,3465.1,0.0064211,NaN,NaN,NaN,NaN,17.24,96847,11.313,-1.6388,0.84419,-9.5612,-2.6947,1.1415,-7.4768,NaN,NaN,NaN,NaN,NaN
412.01,-15.805,-2.4589,21.66,-2.0978,1.0927,-11.212,-2.3618,3.7867,-7.7937,0.51907,0.28286,-0.96376,NaN,NaN,NaN,NaN,NaN,NaN,NaN,NaN,NaN,46.768,0,3465.1,0.0064211,NaN,NaN,NaN,NaN,NaN,-1,-1,-1.6359,0.83691,-9.5772,-2.7914,1.1381,-7.5061,NaN,NaN,NaN,NaN,NaN
412.01,-15.811,-2.4642,21.644,-0.90008,0.23987,-7.4804,-2.8516,-0.31771,-7.3966,0,0,0,NaN,NaN,NaN,NaN,NaN,NaN,NaN,NaN,NaN,46.768,0,3465.1,0.0064211,0.7665,2.5674,0.67306,0.097392,17.284,96824,11.188,-1.6415,0.83868,-9.5951,-2.8695,1.25,-7.5375,NaN,NaN,NaN,NaN,NaN
412.01,-15.826,-2.4677,21.608,-1.9655,1.2614,-11.47,-3.6606,3.7385,-7.6164,0,0,0,NaN,NaN,NaN,NaN,NaN,NaN,NaN,NaN,NaN,46.768,0,3465.1,0.0064211,NaN,NaN,NaN,NaN,NaN,-1,-1,-1.6427,0.83584,-9.5886,-2.9256,1.1442,-7.5528,NaN,NaN,NaN,NaN,NaN
412.02,-15.831,-2.4656,21.588,-1.0567,1.0012,-7.1684,-2.6591,2.889,-7.848,0.51657,0.27318,-0.96621,NaN,NaN,NaN,NaN,NaN,NaN,NaN,NaN,NaN,46.768,0,3465.1,0.0064211,NaN,NaN,NaN,NaN,NaN,-1,-1,-1.6347,0.82831,-9.5954,-2.9893,1.1342,-7.5872,NaN,NaN,NaN,NaN,NaN
412.02,-15.837,-2.4802,21.556,-2.4333,0.95191,-12.995,-2.4394,1.0861,-7.3005,0,0,0,NaN,NaN,NaN,NaN,NaN,NaN,NaN,NaN,NaN,46.768,0,3465.1,0.0064211,NaN,NaN,NaN,NaN,17.075,96834,11.25,-1.6253,0.82782,-9.5967,-3.0341,1.2591,-7.6112,NaN,NaN,NaN,NaN,NaN
412.02,-15.843,-2.4726,21.535,-2.2528,0.84612,-8.4833,-3.5027,5.0911,-7.5181,0,0,0,NaN,NaN,NaN,NaN,NaN,NaN,NaN,NaN,NaN,46.768,0,3465.1,0.0064211,0.7665,2.5674,0.68219,0.091565,NaN,-1,-1,-1.6279,0.83229,-9.6259,-3.087,1.1702,-7.6234,NaN,NaN,NaN,NaN,NaN
412.02,-15.859,-2.4869,21.502,-2.3743,1.5629,-11.783,-3.5693,-1.4157,-7.8342,0,0,0,NaN,NaN,NaN,NaN,NaN,NaN,NaN,NaN,NaN,46.768,0,3465.1,0.0064211,0.7665,2.5674,0.68219,0.091565,17.356,96832,11.25,-1.6283,0.84232,-9.6241,-3.1418,1.1529,-7.6404,NaN,NaN,NaN,NaN,NaN
412.03,-15.862,-2.4812,21.481,-2.2908,1.2001,-9.1915,-2.0393,4.3903,-7.9292,0,0,0,NaN,NaN,NaN,NaN,NaN,NaN,NaN,NaN,NaN,46.768,0,3465.1,0.0064211,NaN,NaN,NaN,NaN,NaN,-1,-1,-1.6201,0.83763,-9.6114,-3.1943,1.2892,-7.6635,NaN,NaN,NaN,NaN,NaN
412.03,-15.869,-2.4909,21.465,-0.60247,-0.28422,-8.5091,-3.5185,-2.0338,-7.733,0,0,0,NaN,NaN,NaN,NaN,NaN,NaN,NaN,NaN,NaN,46.768,0,3465.1,0.0064211,NaN,NaN,NaN,NaN,NaN,-1,-1,-1.6275,0.83691,-9.6637,-3.1924,1.1846,-7.685,NaN,NaN,NaN,NaN,NaN
412.03,-15.879,-2.5001,21.449,-1.9907,1.4577,-11.405,-4.3893,-1.9128,-7.6923,0.50958,0.28059,-0.96461,NaN,NaN,NaN,NaN,NaN,NaN,NaN,NaN,NaN,46.768,0,3465.1,0.0064211,NaN,NaN,NaN,NaN,17.332,96855,11.313,-1.6341,0.84104,-9.6681,-3.2046,1.1358,-7.7208,NaN,NaN,NaN,NaN,NaN
412.03,-15.887,-2.488,21.426,-1.9938,1.2591,-11.935,-4.0898,7.0505,-7.9205,0,0,0,NaN,NaN,NaN,NaN,NaN,NaN,NaN,NaN,NaN,46.768,0,3465.1,0.0064211,NaN,NaN,NaN,NaN,NaN,-1,-1,-1.6307,0.83407,-9.6597,-3.2303,1.2381,-7.7269,NaN,NaN,NaN,NaN,NaN
412.04,-15.891,-2.4915,21.407,-1.0755,0.43858,-5.3166,-2.4595,0.6675,-8.2027,0,0,0,NaN,NaN,NaN,NaN,NaN,NaN,NaN,NaN,NaN,46.768,0,3465.1,0.0064211,0.75938,2.5638,0.68828,0.094895,NaN,-1,-1,-1.634,0.82894,-9.6713,-3.242,1.2294,-7.7345,NaN,NaN,NaN,NaN,NaN
412.04,-15.894,-2.5074,21.393,-1.6397,0.92666,-10.95,-1.9007,-4.6443,-7.7695,0,0,0,NaN,NaN,NaN,NaN,NaN,NaN,NaN,NaN,NaN,46.768,0,3465.1,0.0064211,NaN,NaN,NaN,NaN,17.194,96863,11.375,-1.6277,0.82614,-9.6786,-3.2442,1.1187,-7.7406,NaN,NaN,NaN,NaN,NaN
412.04,-15.899,-2.5048,21.374,-2.3106,1.5401,-13.334,-2.5818,2.8345,-7.1522,0.50943,0.27087,-0.96685,NaN,NaN,NaN,NaN,NaN,NaN,NaN,NaN,NaN,46.768,0,3465.1,0.0064211,NaN,NaN,NaN,NaN,NaN,-1,-1,-1.6224,0.82757,-9.689,-3.2472,1.1582,-7.7503,NaN,NaN,NaN,NaN,NaN
412.04,-15.906,-2.496,21.353,-1.6189,0.71263,-7.07,-3.8401,5.5865,-7.533,0,0,0,NaN,NaN,NaN,NaN,NaN,NaN,NaN,NaN,NaN,46.768,0,3465.1,0.0064211,NaN,NaN,NaN,NaN,17.147,96889,11.438,-1.6165,0.81311,-9.6807,-3.226,1.1346,-7.7405,NaN,NaN,NaN,NaN,NaN
412.05,-15.915,-2.5065,21.338,-0.86534,-0.36623,-8.4792,-4.3773,-2.4009,-7.6512,0,0,0,NaN,NaN,NaN,NaN,NaN,NaN,NaN,NaN,NaN,46.768,0,3465.1,0.0064211,NaN,NaN,NaN,NaN,NaN,-1,-1,-1.6143,0.82955,-9.6839,-3.2978,0.90381,-7.7557,NaN,NaN,NaN,NaN,NaN
412.05,-15.922,-2.5145,21.32,-2.3999,1.0511,-11.739,-3.4483,-1.2882,-7.9755,0,0,0,NaN,NaN,NaN,NaN,NaN,NaN,NaN,NaN,NaN,46.768,0,3465.1,0.0064211,NaN,NaN,NaN,NaN,NaN,-1,-1,-1.616,0.83927,-9.6814,-3.3558,1.053,-7.7617,NaN,NaN,NaN,NaN,NaN
412.05,-15.925,-2.5092,21.299,-1.8016,1.2824,-9.6083,-2.0857,4.1933,-7.9148,0.50016,0.2758,-0.96768,NaN,NaN,NaN,NaN,NaN,NaN,NaN,NaN,NaN,46.768,0,3465.1,0.0064211,NaN,NaN,NaN,NaN,17.233,96826,11.125,-1.6104,0.82449,-9.6967,-3.3123,1.1465,-7.7686,NaN,NaN,NaN,NaN,NaN
412.05,-15.933,-2.5185,21.283,-0.87717,-0.20845,-7.7011,-3.7651,-1.8744,-7.6834,0,0,0,NaN,NaN,NaN,NaN,NaN,NaN,NaN,NaN,NaN,46.768,0,3465.1,0.0064211,NaN,NaN,NaN,NaN,NaN,-1,-1,-1.6201,0.82583,-9.711,-3.2521,0.82719,-7.7674,NaN,NaN,NaN,NaN,NaN
412.06,-15.942,-2.5271,21.266,-2.1176,1.4097,-12.831,-4.3945,-1.557,-7.9396,0,0,0,NaN,NaN,NaN,NaN,NaN,NaN,NaN,NaN,NaN,46.768,0,3465.1,0.0064211,NaN,NaN,NaN,NaN,NaN,-1,-1,-1.6008,0.82432,-9.6815,-3.2627,0.77183,-7.7636,NaN,NaN,NaN,NaN,NaN
412.06,-15.95,-2.5161,21.244,-1.8694,0.6952,-10.018,-3.936,6.5272,-7.7248,0,0,0,NaN,NaN,NaN,NaN,NaN,NaN,NaN,NaN,NaN,46.768,0,3465.1,0.0064211,NaN,NaN,NaN,NaN,17.306,96831,11.188,-1.6021,0.81393,-9.672,-3.2615,0.76931,-7.7649,NaN,NaN,NaN,NaN,NaN
412.06,-15.954,-2.5218,21.227,-0.91912,1.5092,-6.5133,-2.3614,-0.42622,-7.8142,0.51152,0.26616,-0.96444,NaN,NaN,NaN,NaN,NaN,NaN,NaN,NaN,NaN,46.768,0,3465.1,0.0064211,NaN,NaN,NaN,NaN,NaN,-1,-1,-1.6125,0.81377,-9.6881,-3.2785,0.6933,-7.7628,NaN,NaN,NaN,NaN,NaN
412.06,-15.956,-2.5366,21.212,-1.3936,0.7687,-10.647,-1.6094,-4.2123,-7.6305,0,0,0,NaN,NaN,NaN,NaN,NaN,NaN,NaN,NaN,NaN,46.768,0,3465.1,0.0064211,0.76431,2.5674,0.69436,NaN,17.216,96854,11.313,-1.5989,0.80677,-9.7,-3.2618,0.56284,-7.7583,NaN,NaN,NaN,NaN,NaN
412.07,-15.961,-2.5324,21.193,-2.5911,0.69595,-13.355,-2.7587,3.657,-7.4454,0,0,0,NaN,NaN,NaN,NaN,NaN,NaN,NaN,NaN,NaN,46.768,0,3465.1,0.0064211,NaN,NaN,NaN,0.074917,NaN,-1,-1,-1.5957,0.80563,-9.6824,-3.3425,0.69576,-8.0068,NaN,NaN,NaN,NaN,NaN
412.07,-15.969,-2.5258,21.173,-2.1778,0.88269,-7.4061,-4.0469,4.6673,-7.5688,0,0,0,NaN,NaN,NaN,NaN,NaN,NaN,NaN,NaN,NaN,46.768,0,3465.1,0.0064211,NaN,NaN,NaN,NaN,NaN,-1,-1,-1.5984,0.81516,-9.6963,-3.3046,0.79346,-7.9392,NaN,NaN,NaN,NaN,NaN
412.07,-15.978,-2.5391,21.158,-0.22408,0.094769,-8.2335,-4.0632,-3.5919,-7.5559,0.51656,0.26826,-0.96843,NaN,NaN,NaN,NaN,NaN,NaN,NaN,NaN,NaN,46.768,0,3465.1,0.0064211,NaN,NaN,NaN,NaN,17.05,96842,11.25,-1.5917,0.82421,-9.6608,-3.2805,0.88606,-7.8881,NaN,NaN,NaN,NaN,NaN
412.07,-15.985,-2.5417,21.139,-2.1546,0.79557,-12.255,-3.4082,0.91146,-7.8374,0,0,0,NaN,NaN,NaN,NaN,NaN,NaN,NaN,NaN,NaN,46.768,0,3465.1,0.0064211,NaN,NaN,NaN,NaN,NaN,-1,-1,-1.5852,0.81372,-9.6502,-3.2384,0.72834,-7.8539,NaN,NaN,NaN,NaN,NaN
412.08,-15.989,-2.5345,21.117,-2.3712,0.73147,-8.8393,-2.4285,5.1034,-8.1947,0,0,0,NaN,NaN,NaN,NaN,NaN,NaN,NaN,NaN,NaN,46.768,0,3465.1,0.0064211,0.81906,2.4719,0.75157,0.014151,NaN,-1,-1,-1.5913,0.82017,-9.6447,-3.2519,0.80486,-7.8026,NaN,NaN,NaN,NaN,NaN
412.08,-15.995,-2.5475,21.102,-0.60284,0.83254,-7.9748,-3.3838,-3.3971,-7.8222,0,0,0,NaN,NaN,NaN,NaN,NaN,NaN,NaN,NaN,NaN,46.768,0,3465.1,0.0064211,NaN,NaN,NaN,NaN,17.287,96849,11.313,-1.5835,0.81736,-9.6264,-3.3425,1.0153,-7.9956,NaN,NaN,NaN,NaN,NaN
412.08,-16.004,-2.5557,21.084,-2.0157,0.98809,-13.577,-4.1767,-1.3812,-7.9182,0.51005,0.28755,-0.96901,NaN,NaN,NaN,NaN,NaN,NaN,NaN,NaN,NaN,46.768,0,3465.1,0.0064211,NaN,NaN,NaN,NaN,NaN,-1,-1,-1.5813,0.81088,-9.608,-3.3644,1.1632,-7.9106,NaN,NaN,NaN,NaN,NaN
412.08,-16.011,-2.5441,21.062,-1.5932,0.56995,-9.4067,-3.59,6.8754,-7.9741,0,0,0,NaN,NaN,NaN,NaN,NaN,NaN,NaN,NaN,NaN,46.768,0,3465.1,0.0064211,NaN,NaN,NaN,NaN,17.15,96872,11.438,-1.5896,0.80438,-9.609,-3.25,1.1454,-7.8327,NaN,NaN,NaN,NaN,NaN
412.09,-16.015,-2.5491,21.045,-1.1944,1.3133,-7.1934,-2.526,-0.14244,-7.5825,0,0,0,NaN,NaN,NaN,NaN,NaN,NaN,NaN,NaN,NaN,46.768,0,3465.1,0.0064211,NaN,NaN,NaN,NaN,NaN,-1,-1,-1.5825,0.80963,-9.6363,-3.1899,1.2218,-7.7542,NaN,NaN,NaN,NaN,NaN
412.09,-16.019,-2.5612,21.029,-1.7377,0.82254,-10.383,-2.0705,-3.0198,-7.8063,0,0,0,NaN,NaN,NaN,NaN,NaN,NaN,NaN,NaN,NaN,46.768,0,3465.1,0.0064211,NaN,NaN,NaN,NaN,NaN,-1,-1,-1.5768,0.80403,-9.6054,-3.224,0.96176,-7.6664,NaN,NaN,NaN,NaN,NaN
412.09,-16.023,-2.5595,21.01,-2.0264,1.2274,-13.448,-2.6834,2.6285,-7.5981,0.5048,0.27826,-0.96504,NaN,NaN,NaN,NaN,NaN,NaN,NaN,NaN,NaN,46.768,0,3465.1,0.0064211,0.7665,2.5715,0.68158,0.097392,17.075,96832,11.25,-1.5711,0.79692,-9.6079,-3.2205,1.3062,-7.6101,NaN,NaN,NaN,NaN,NaN
412.09,-16.031,-2.5512,20.988,-2.0641,0.54148,-7.8205,-3.9595,5.4414,-7.7301,0,0,0,NaN,NaN,NaN,NaN,NaN,NaN,NaN,NaN,NaN,46.768,0,3465.1,0.0064211,NaN,NaN,NaN,NaN,NaN,-1,-1,-1.5711,0.81404,-9.5944,-3.1364,1.3669,-7.5668,NaN,NaN,NaN,NaN,NaN
412.1,-16.04,-2.5641,20.973,-0.29021,-0.53052,-8.1527,-4.0383,-3.4037,-7.7186,0,0,0,NaN,NaN,NaN,NaN,NaN,NaN,NaN,NaN,NaN,46.768,0,3465.1,0.0064211,NaN,NaN,NaN,NaN,NaN,-1,-1,-1.5682,0.81736,-9.6134,-3.0572,1.0054,-7.5129,NaN,NaN,NaN,NaN,NaN
412.1,-16.047,-2.5672,20.954,-2.4465,1.4612,-11.771,-3.5573,0.87445,-8.281,0,0,0,NaN,NaN,NaN,NaN,NaN,NaN,NaN,NaN,NaN,46.768,0,3465.1,0.0064211,NaN,NaN,NaN,NaN,16.979,96843,11.25,-1.566,0.80597,-9.6549,-3.0485,1.0689,-7.439,NaN,NaN,NaN,NaN,NaN
412.1,-16.05,-2.5615,20.933,-1.9554,1.0777,-9.2863,-2.1083,4.3297,-7.8162,0.50499,0.27562,-0.96947,7.7816,17.602,-1.8542,19.335,40.058,-88.548,3.6798e+05,4.4354e+06,334.09,46.768,0,3465.1,0.0064211,NaN,NaN,NaN,NaN,NaN,-1,-1,-1.5713,0.81082,-9.6465,-3.0888,1.4128,-7.3825,19.284,0.66644,1.2253,3.6357,1.9753
412.1,-16.055,-2.5737,20.917,-0.74917,0.28464,-9.1981,-2.9138,-3.0385,-7.9535,0,0,0,NaN,NaN,NaN,NaN,NaN,NaN,NaN,NaN,NaN,46.768,0,3465.1,0.0064211,0.76978,2.5745,0.68402,0.087403,16.979,96862,11.313,-1.5608,0.80831,-9.6011,-3.0909,1.2118,-7.3409,NaN,NaN,NaN,NaN,NaN
412.11,-16.065,-2.5788,20.899,-2.0508,0.69403,-12.564,-4.4588,-0.11952,-7.7864,0,0,0,NaN,NaN,NaN,NaN,NaN,NaN,NaN,NaN,NaN,46.768,0,3465.1,0.0064211,NaN,2.5745,NaN,NaN,NaN,-1,-1,-1.5696,0.79734,-9.6517,-3.0494,1.02,-7.3089,NaN,NaN,NaN,NaN,NaN
412.11,-16.072,-2.5684,20.876,-1.613,1.6545,-9.6908,-3.8895,6.4745,-8.2278,0,0,0,NaN,NaN,NaN,NaN,NaN,NaN,NaN,NaN,NaN,46.768,0,3465.1,0.0064211,NaN,NaN,NaN,NaN,NaN,-1,-1,-1.5765,0.796,-9.6496,-2.9725,1.2689,-7.2844,NaN,NaN,NaN,NaN,NaN
412.11,-16.075,-2.5734,20.858,-0.9524,1.1136,-6.731,-2.0105,-0.033403,-8.0037,0.52169,0.28259,-0.96797,NaN,NaN,NaN,NaN,NaN,NaN,NaN,NaN,NaN,46.807,0,3452.3,0.0075089,NaN,NaN,NaN,NaN,17.054,96883,11.438,-1.5565,0.79555,-9.5924,-2.9574,1.2212,-7.245,NaN,NaN,NaN,NaN,NaN
412.11,-16.085,-2.5815,20.822,-1.9932,1.4608,-12.678,-3.17,4.7466,-7.5151,0,0,0,NaN,NaN,NaN,NaN,NaN,NaN,NaN,NaN,NaN,46.807,0,3452.3,0.0075089,NaN,NaN,NaN,NaN,NaN,-1,-1,-1.555,0.78779,-9.6198,-3.009,0.9966,-7.233,NaN,NaN,NaN,NaN,NaN
412.12,-16.092,-2.5776,20.802,-1.8946,1.3697,-7.3026,-3.5669,3.5829,-7.6649,0,0,0,NaN,NaN,NaN,NaN,NaN,NaN,NaN,NaN,NaN,46.807,0,3452.3,0.0075089,NaN,NaN,NaN,NaN,NaN,-1,-1,-1.5641,0.79823,-9.6425,-3.0134,1.2567,-7.2297,NaN,NaN,NaN,NaN,NaN
412.12,-16.107,-2.5909,20.765,-2.4074,0.92782,-12.444,-3.7453,1.475,-8.3978,0,0,0,NaN,NaN,NaN,NaN,NaN,NaN,NaN,NaN,NaN,46.807,0,3452.3,0.0075089,NaN,NaN,NaN,NaN,17.071,96815,11.125,-1.5537,0.80399,-9.5892,-2.9493,1.2819,-7.2223,NaN,NaN,NaN,NaN,NaN
412.12,0,0,0,0,0,0,0,0,0,0,0,0,NaN,NaN,NaN,NaN,NaN,NaN,NaN,NaN,NaN,46.807,0,3452.3,0.0075089,NaN,NaN,NaN,NaN,NaN,-1,-1,-1.5475,0.79891,-9.5792,-2.9024,0.9475,-7.2172,NaN,NaN,NaN,NaN,NaN
412.12,-16.117,-2.5994,20.727,-0.76696,0.4891,-9.398,-3.6085,-3.6057,-8.2717,0,0,0,NaN,NaN,NaN,NaN,NaN,NaN,NaN,NaN,NaN,46.807,0,3452.3,0.0075089,NaN,NaN,NaN,NaN,17.167,96824,11.188,-1.5388,0.79314,-9.5124,-2.9298,1.0167,-7.1959,NaN,NaN,NaN,NaN,NaN
412.13,-16.126,-2.6042,20.708,-2.1108,0.53029,-12.871,-4.1822,0.086459,-8.0945,0.51859,0.27099,-0.96158,NaN,NaN,NaN,NaN,NaN,NaN,NaN,NaN,NaN,46.807,0,3452.3,0.0075089,NaN,NaN,NaN,NaN,NaN,-1,-1,-1.546,0.79909,-9.4721,-3.0055,1.2806,-7.1856,NaN,NaN,NaN,NaN,NaN
412.13,-16.133,-2.5903,20.685,-1.5771,1.2909,-10.128,-3.9055,7.8541,-7.9274,0,0,0,NaN,NaN,NaN,NaN,NaN,NaN,NaN,NaN,NaN,46.807,0,3452.3,0.0075089,0.77088,2.5709,0.6895,NaN,NaN,-1,-1,-1.5312,0.78913,-9.4482,-3.0401,1.0455,-7.2088,NaN,NaN,NaN,NaN,NaN
412.13,-16.136,-2.5956,20.667,-1.009,1.1084,-5.4624,-1.7991,-0.16811,-7.9425,0,0,0,NaN,NaN,NaN,NaN,NaN,NaN,NaN,NaN,NaN,46.807,0,3452.3,0.0075089,NaN,NaN,NaN,0.06909,17.145,96856,11.313,-1.5387,0.77907,-9.4999,-3.0245,0.8916,-7.231,NaN,NaN,NaN,NaN,NaN
412.13,0,0,0,0,0,0,0,0,0,0,0,0,NaN,NaN,NaN,NaN,NaN,NaN,NaN,NaN,NaN,46.807,0,3452.3,0.0075089,NaN,NaN,NaN,NaN,NaN,-1,-1,-1.5325,0.76699,-9.5013,-2.9884,1.1616,-7.2645,NaN,NaN,NaN,NaN,NaN
412.14,-16.138,-2.6132,20.653,-1.8904,0.6481,-12.59,-1.7105,-5.2756,-7.8708,0,0,0,NaN,NaN,NaN,NaN,NaN,NaN,NaN,NaN,NaN,46.807,0,3452.3,0.0075089,NaN,NaN,NaN,NaN,NaN,-1,-1,-1.5291,0.76794,-9.481,-3.0005,1.0113,-7.2804,NaN,NaN,NaN,NaN,NaN
412.14,-16.153,-2.5973,20.609,-1.5183,1.0733,-7.2525,-4.1518,5.405,-7.9358,0,0,0,NaN,NaN,NaN,NaN,NaN,NaN,NaN,NaN,NaN,46.807,0,3452.3,0.0075089,NaN,NaN,NaN,NaN,17.005,96851,11.313,-1.5155,0.76531,-9.4521,-3.0608,0.78414,-7.3217,NaN,NaN,NaN,NaN,NaN
412.14,-16.161,-2.6114,20.594,-0.53754,-0.046617,-8.1052,-4.1656,-3.8227,-7.9329,0,0,0,NaN,NaN,NaN,NaN,NaN,NaN,NaN,NaN,NaN,46.807,0,3452.3,0.0075089,NaN,NaN,NaN,NaN,17.164,96822,11.125,-1.5301,0.78031,-9.4796,-3.0995,1.115,-7.3674,NaN,NaN,NaN,NaN,NaN
412.14,-16.196,-2.6231,20.497,-1.6905,0.93114,-8.9434,-2.439,5.7017,-8.3674,0.51624,0.27102,-0.96179,NaN,NaN,NaN,NaN,NaN,NaN,NaN,NaN,NaN,46.807,0,3452.3,0.0075089,0.77252,2.4522,0.75096,0.047447,NaN,-1,-1,-1.5171,0.76492,-9.4451,-3.0753,1.0717,-7.4039,NaN,NaN,NaN,NaN,NaN
412.15,-16.203,-2.6352,20.482,-0.6246,0.35137,-8.2268,-3.4854,-2.9971,-7.8574,0,0,0,NaN,NaN,NaN,NaN,NaN,NaN,NaN,NaN,NaN,46.807,0,3452.3,0.0075089,NaN,NaN,NaN,NaN,NaN,-1,-1,-1.5168,0.76652,-9.4795,-3.0516,0.74157,-7.4422,NaN,NaN,NaN,NaN,NaN
412.15,-16.213,-2.6423,20.464,-2.1576,0.62967,-12.791,-4.5042,-0.8686,-7.9663,0,0,0,NaN,NaN,NaN,NaN,NaN,NaN,NaN,NaN,NaN,46.807,0,3452.3,0.0075089,NaN,NaN,NaN,NaN,NaN,-1,-1,-1.5281,0.77099,-9.4779,-3.0973,0.85218,-7.4779,NaN,NaN,NaN,NaN,NaN
412.15,-16.22,-2.6325,20.442,-1.7547,1.1138,-10.2,-3.8165,6.2051,-8.0754,0,0,0,NaN,NaN,NaN,NaN,NaN,NaN,NaN,NaN,NaN,46.807,0,3452.3,0.0075089,NaN,NaN,NaN,NaN,17.33,96846,11.25,-1.5157,0.76173,-9.43,-3.1903,1.0744,-7.523,NaN,NaN,NaN,NaN,NaN
412.15,-16.223,-2.6349,20.422,-0.91801,1.3262,-6.837,-2.1493,1.129,-8.1803,0.51624,0.27102,-0.96179,NaN,NaN,NaN,NaN,NaN,NaN,NaN,NaN,NaN,46.807,0,3452.3,0.0075089,NaN,NaN,NaN,NaN,NaN,-1,-1,-1.5221,0.76836,-9.4504,-3.2225,0.80774,-7.5819,NaN,NaN,NaN,NaN,NaN
412.16,-16.226,-2.6505,20.407,-1.7144,0.48282,-10.911,-1.674,-4.3778,-8.1437,0,0,0,NaN,NaN,NaN,NaN,NaN,NaN,NaN,NaN,NaN,46.807,0,3452.3,0.0075089,0.7665,2.5674,0.67306,0.097392,NaN,-1,-1,-1.5163,0.7631,-9.4394,-3.2303,0.69483,-7.6624,NaN,NaN,NaN,NaN,NaN
412.16,-16.232,-2.6463,20.386,-2.3286,1.067,-13.09,-3.452,3.8273,-7.9395,0,0,0,NaN,NaN,NaN,NaN,NaN,NaN,NaN,NaN,NaN,46.807,0,3452.3,0.0075089,NaN,NaN,NaN,NaN,17.027,96837,11.25,-1.5387,0.766,-9.5733,-3.2141,0.79466,-7.72,NaN,NaN,NaN,NaN,NaN
412.16,-16.241,-2.6399,20.364,-1.7297,0.68982,-7.6067,-4.1671,4.7911,-8.1496,0,0,0,NaN,NaN,NaN,NaN,NaN,NaN,NaN,NaN,NaN,46.807,0,3452.3,0.0075089,NaN,NaN,NaN,NaN,17.215,96857,11.313,-1.5374,0.76794,-9.5498,-3.2508,0.56675,-7.786,NaN,NaN,NaN,NaN,NaN
412.16,-16.249,-2.6518,20.347,-0.65136,0.14011,-8.0149,-3.9959,-2.8287,-8.0738,0.5211,0.28067,-0.95913,NaN,NaN,NaN,NaN,NaN,NaN,NaN,NaN,NaN,46.807,0,3452.3,0.0075089,NaN,NaN,NaN,NaN,NaN,-1,-1,-1.5324,0.77111,-9.553,-3.3035,0.64831,-7.8602,NaN,NaN,NaN,NaN,NaN
412.17,-16.257,-2.6586,20.328,-1.9001,0.87687,-12.324,-3.9673,-0.58213,-8.5063,0,0,0,NaN,NaN,NaN,NaN,NaN,NaN,NaN,NaN,NaN,46.807,0,3452.3,0.0075089,NaN,NaN,NaN,NaN,NaN,-1,-1,-1.54,0.77031,-9.5753,-3.3352,0.86258,-7.9645,NaN,NaN,NaN,NaN,NaN
412.17,-16.262,-2.6525,20.307,-2.1189,1.0251,-9.3196,-2.8691,4.6644,-8.166,0,0,0,NaN,NaN,NaN,NaN,NaN,NaN,NaN,NaN,NaN,46.807,0,3452.3,0.0075089,0.7665,2.4546,0.75339,0.035794,NaN,-1,-1,-1.555,0.78719,-9.6152,-3.3257,0.64892,-8.0638,NaN,NaN,NaN,NaN,NaN
412.17,-16.27,-2.6605,20.29,-0.75371,-0.16672,-8.5637,-4.1333,-1.2853,-7.8426,0,0,0,NaN,NaN,NaN,NaN,NaN,NaN,NaN,NaN,NaN,46.807,0,3452.3,0.0075089,NaN,NaN,NaN,NaN,17.217,96866,11.375,-1.5504,0.78947,-9.589,-3.4068,0.83743,-8.1421,NaN,NaN,NaN,NaN,NaN
412.17,-16.281,-2.6686,20.272,-2.0575,1.4559,-12.111,-4.9186,-1.2429,-8.1906,0.51415,0.27573,-0.9642,NaN,NaN,NaN,NaN,NaN,NaN,NaN,NaN,NaN,46.807,0,3452.3,0.0075089,NaN,NaN,NaN,NaN,NaN,-1,-1,-1.5497,0.77587,-9.5774,-3.4995,1.143,-8.2361,NaN,NaN,NaN,NaN,NaN
412.18,-16.288,-2.6611,20.25,-1.7828,0.85007,-10.108,-3.6269,5.2272,-8.0951,0,0,0,NaN,NaN,NaN,NaN,NaN,NaN,NaN,NaN,NaN,46.807,0,3452.3,0.0075089,NaN,NaN,NaN,NaN,NaN,-1,-1,-1.5623,0.7819,-9.6303,-3.5662,1.1043,-8.3689,NaN,NaN,NaN,NaN,NaN
412.18,-16.291,-2.6637,20.229,-0.95484,0.98937,-7.4027,-2.2665,1.2047,-8.5386,0,0,0,NaN,NaN,NaN,NaN,NaN,NaN,NaN,NaN,NaN,46.807,0,3452.3,0.0075089,NaN,NaN,NaN,NaN,16.741,96860,11.313,-1.5569,0.78243,-9.6238,-3.4585,0.99665,-8.1752,NaN,NaN,NaN,NaN,NaN
412.18,-16.294,-2.6772,20.213,-1.7385,0.91017,-10.152,-1.9033,-3.3929,-8.5049,0,0,0,NaN,NaN,NaN,NaN,NaN,NaN,NaN,NaN,NaN,46.807,0,3452.3,0.0075089,NaN,NaN,NaN,NaN,NaN,-1,-1,-1.5481,0.77434,-9.5807,-3.4859,1.03,-8.239,NaN,NaN,NaN,NaN,NaN
412.18,-16.3,-2.6749,20.193,-2.504,1.0258,-13.371,-3.2066,2.9195,-7.5637,0.51892,0.27315,-0.96599,NaN,NaN,NaN,NaN,NaN,NaN,NaN,NaN,NaN,46.807,0,3452.3,0.0075089,0.76978,2.5781,0.67306,0.097392,17.006,96888,11.438,-1.5518,0.76659,-9.6285,-3.5646,1.0183,-8.2938,NaN,NaN,NaN,NaN,NaN
412.19,-16.309,-2.6676,20.172,-1.2598,0.42206,-7.4855,-4.3165,5.1351,-7.9041,0,0,0,NaN,NaN,NaN,NaN,NaN,NaN,NaN,NaN,NaN,46.807,0,3452.3,0.0075089,NaN,NaN,NaN,NaN,NaN,-1,-1,-1.5626,0.78374,-9.6465,-3.6625,1.2017,-8.3438,NaN,NaN,NaN,NaN,NaN
412.19,-16.318,-2.6797,20.155,-0.7685,-0.16875,-8.6173,-4.1224,-2.9131,-8.0858,0,0,0,NaN,NaN,NaN,NaN,NaN,NaN,NaN,NaN,NaN,46.807,0,3452.3,0.0075089,NaN,NaN,NaN,NaN,NaN,-1,-1,-1.5561,0.77566,-9.6122,-3.6543,1.3302,-8.398,NaN,NaN,NaN,NaN,NaN
412.19,-16.325,-2.6835,20.136,-2.268,0.88035,-11.459,-3.7294,0.65042,-8.4582,0,0,0,NaN,NaN,NaN,NaN,NaN,NaN,NaN,NaN,NaN,46.807,0,3452.3,-1.2222,0.77416,2.5787,0.70167,NaN,16.84,96862,11.375,-1.549,0.76278,-9.6219,-3.5838,1.2172,-8.15,NaN,NaN,NaN,NaN,NaN
412.19,-16.331,-2.6775,20.114,-1.6288,0.69049,-8.939,-3.2753,4.548,-7.9659,0.51845,0.26619,-0.96159,NaN,NaN,NaN,NaN,NaN,NaN,NaN,NaN,NaN,46.807,0,3452.3,-1.2222,0.77416,2.5787,0.70167,NaN,NaN,-1,-1,-1.5633,0.78285,-9.6591,-3.582,1.057,-8.1366,NaN,NaN,NaN,NaN,NaN
412.2,-16.338,-2.6914,20.099,-0.77658,0.8695,-9.2341,-3.5306,-3.6666,-8.0302,0,0,0,NaN,NaN,NaN,NaN,NaN,NaN,NaN,NaN,NaN,46.807,0,3452.3,-1.2222,NaN,NaN,NaN,0.064928,NaN,-1,-1,-1.5575,0.76931,-9.634,-3.6591,1.359,-8.1339,NaN,NaN,NaN,NaN,NaN
412.2,-16.347,-2.6953,20.08,-2.2316,0.70551,-12.725,-4.4952,0.46054,-8.0207,0,0,0,NaN,NaN,NaN,NaN,NaN,NaN,NaN,NaN,NaN,46.807,0,3452.3,-1.2222,NaN,NaN,NaN,NaN,17.028,96856,11.313,-1.5533,0.75747,-9.5967,-3.7058,1.1424,-8.1442,NaN,NaN,NaN,NaN,NaN
412.2,-16.355,-2.686,20.057,-1.3844,0.7522,-8.2858,-4.0444,6.1045,-8.3055,0,0,0,NaN,NaN,NaN,NaN,NaN,NaN,NaN,NaN,NaN,46.807,0,3452.3,0.0075089,NaN,NaN,NaN,NaN,16.93,96850,11.25,-1.5587,0.7729,-9.6774,-3.665,1.1686,-8.1683,NaN,NaN,NaN,NaN,NaN
412.2,-16.359,-2.6947,20.039,-1.2089,1.8015,-7.6624,-2.3682,-1.4434,-8.3209,0.52328,0.26108,-0.96561,NaN,NaN,NaN,NaN,NaN,NaN,NaN,NaN,NaN,46.807,0,3452.3,0.0075089,NaN,NaN,NaN,NaN,NaN,-1,-1,-1.5601,0.76959,-9.6665,-3.6615,1.1814,-8.1671,NaN,NaN,NaN,NaN,NaN
412.21,-16.362,-2.7046,20.021,-1.8161,0.3475,-11.672,-1.9992,-1.9109,-8.299,0,0,0,NaN,NaN,NaN,NaN,NaN,NaN,NaN,NaN,NaN,46.807,0,3452.3,0.0075089,NaN,NaN,NaN,NaN,NaN,-1,-1,-1.5548,0.76021,-9.6959,-3.723,1.1251,-8.1585,NaN,NaN,NaN,NaN,NaN
412.21,-16.37,-2.7003,20,-1.9504,0.79079,-11.514,-4.016,3.886,-7.9769,0,0,0,NaN,NaN,NaN,NaN,NaN,NaN,NaN,NaN,NaN,46.807,0,3452.3,0.0075089,0.7561,2.5674,0.67306,0.085738,NaN,-1,-1,-1.5736,0.77383,-9.7371,-3.8099,1.1897,-8.1509,NaN,NaN,NaN,NaN,NaN
412.21,-16.38,-2.6966,19.98,-1.9493,0.68823,-7.953,-4.6271,3.6595,-8.0179,0,0,0,NaN,NaN,NaN,NaN,NaN,NaN,NaN,NaN,NaN,46.807,0,3452.3,0.0075089,NaN,NaN,NaN,NaN,16.88,96825,11.125,-1.5613,0.76966,-9.714,-3.7855,1.3126,-8.156,NaN,NaN,NaN,NaN,NaN
412.21,-16.398,-2.7114,19.943,-1.9774,1.4494,-12.538,-4.0439,1.4046,-8.4295,0,0,0,NaN,NaN,NaN,NaN,NaN,NaN,NaN,NaN,NaN,46.807,0,3452.3,0.0075089,NaN,NaN,NaN,NaN,NaN,-1,-1,-1.5618,0.76438,-9.7138,-3.7236,1.1624,-8.161,NaN,NaN,NaN,NaN,NaN
412.22,-16.404,-2.707,19.921,-2.0264,0.81045,-7.943,-3.1587,4.1048,-8.515,0,0,0,NaN,NaN,NaN,NaN,NaN,NaN,NaN,NaN,NaN,46.807,0,3452.3,0.0075089,NaN,NaN,NaN,NaN,16.981,96852,11.313,-1.5674,0.76303,-9.7282,-3.7444,1.0851,-8.1537,NaN,NaN,NaN,NaN,NaN
412.22,-16.413,-2.7194,19.904,-0.76746,0.26892,-9.1095,-4.4235,-2.9783,-8.2837,0,0,0,NaN,NaN,NaN,NaN,NaN,NaN,NaN,NaN,NaN,46.807,0,3452.3,0.0075089,0.77142,2.4427,0.75279,0.049945,NaN,-1,-1,-1.5611,0.76858,-9.7284,-3.8408,1.2544,-8.1532,NaN,NaN,NaN,NaN,NaN
412.22,-16.424,-2.7258,19.886,-2.0191,0.83254,-12.973,-4.982,-0.54265,-7.9649,0.52343,0.2708,-0.96337,NaN,NaN,NaN,NaN,NaN,NaN,NaN,NaN,NaN,46.778,0,3432.3,0.0064211,0.77142,2.4427,0.75279,0.049945,NaN,-1,-1,-1.561,0.75827,-9.7184,-3.9206,1.2436,-8.1533,NaN,NaN,NaN,NaN,NaN
412.22,-16.433,-2.7149,19.863,-1.5893,1.4174,-8.872,-4.57,6.6755,-8.0329,0,0,0,NaN,NaN,NaN,NaN,NaN,NaN,NaN,NaN,NaN,46.778,0,3432.3,0.0064211,NaN,NaN,NaN,NaN,16.691,96869,11.313,-1.5599,0.75402,-9.7239,-3.9745,1.1147,-8.1826,NaN,NaN,NaN,NaN,NaN
412.23,-16.438,-2.7196,19.844,-0.91726,0.54112,-7.4341,-2.9297,0.22941,-8.2647,0,0,0,NaN,NaN,NaN,NaN,NaN,NaN,NaN,NaN,NaN,46.778,0,3432.3,0.0064211,NaN,NaN,NaN,NaN,NaN,-1,-1,-1.56,0.7541,-9.7102,-3.9554,1.1161,-8.1914,NaN,NaN,NaN,NaN,NaN
412.23,-16.444,-2.7353,19.829,-1.9539,0.7094,-10.415,-2.8736,-4.4354,-7.9912,0,0,0,NaN,NaN,NaN,NaN,NaN,NaN,NaN,NaN,NaN,46.778,0,3432.3,0.0064211,NaN,NaN,NaN,NaN,NaN,-1,-1,-1.5575,0.75228,-9.7196,-4.019,1.11,-8.1652,NaN,NaN,NaN,NaN,NaN
412.23,-16.451,-2.7308,19.809,-2.1412,1.0587,-12.962,-3.8969,3.8459,-7.6358,0.5305,0.2707,-0.96273,NaN,NaN,NaN,NaN,NaN,NaN,NaN,NaN,NaN,46.778,0,3432.3,0.0064211,NaN,NaN,NaN,NaN,17.002,96848,11.25,-1.5548,0.73501,-9.7141,-4.1294,0.91235,-8.1619,NaN,NaN,NaN,NaN,NaN
412.23,-16.462,-2.7237,19.787,-1.6944,0.512,-7.4819,-5.2989,5.1841,-8.2409,0,0,0,NaN,NaN,NaN,NaN,NaN,NaN,NaN,NaN,NaN,46.778,0,3432.3,0.0064211,0.75774,2.5674,0.67854,0.094062,NaN,-1,-1,-1.5588,0.74165,-9.7134,-4.1545,1.1321,-8.1587,NaN,NaN,NaN,NaN,NaN
412.24,-16.473,-2.7366,19.771,-0.72985,-0.19568,-8.4541,-4.8563,-3.2766,-8.0284,0,0,0,NaN,NaN,NaN,NaN,NaN,NaN,NaN,NaN,NaN,46.778,0,3432.3,0.0064211,NaN,NaN,NaN,NaN,NaN,-1,-1,-1.5548,0.74535,-9.7034,-4.1318,1.2026,-8.1845,NaN,NaN,NaN,NaN,NaN
412.24,-16.481,-2.7404,19.752,-2.0879,1.3184,-12.157,-4.2113,0.61295,-8.2234,0,0,0,NaN,NaN,NaN,NaN,NaN,NaN,NaN,NaN,NaN,46.778,0,3432.3,0.0064211,NaN,NaN,NaN,NaN,17.002,96845,11.25,-1.563,0.75153,-9.7285,-4.0989,0.88726,-8.2052,NaN,NaN,NaN,NaN,NaN
412.24,-16.488,-2.7375,19.73,-1.8776,0.98143,-7.9614,-3.5602,3.4173,-8.2906,0.51409,0.27825,-0.96198,NaN,NaN,NaN,NaN,NaN,NaN,NaN,NaN,NaN,46.778,0,3432.3,0.0064211,NaN,NaN,NaN,NaN,NaN,-1,-1,-1.5647,0.74959,-9.6958,-4.1451,0.94449,-8.1985,NaN,NaN,NaN,NaN,NaN
412.24,-16.498,-2.7486,19.713,-0.69106,-0.19355,-9.6437,-4.604,-2.4296,-8.2539,0,0,0,NaN,NaN,NaN,NaN,NaN,NaN,NaN,NaN,NaN,46.778,0,3432.3,0.0064211,NaN,NaN,NaN,NaN,16.812,96845,11.25,-1.5594,0.74681,-9.6744,-4.238,1.2202,-8.1984,NaN,NaN,NaN,NaN,NaN
412.25,-16.518,-2.7474,19.672,-1.5614,1.4055,-9.7927,-4.266,4.7871,-8.5554,0,0,0,NaN,NaN,NaN,NaN,NaN,NaN,NaN,NaN,NaN,46.778,0,3432.3,0.0064211,NaN,NaN,NaN,NaN,NaN,-1,-1,-1.5666,0.74658,-9.7285,-4.2728,1.0397,-8.2084,NaN,NaN,NaN,NaN,NaN
412.25,-16.524,-2.7517,19.651,-0.88455,0.51061,-6.8387,-3.3322,0.47487,-8.5892,0.52317,0.27104,-0.95894,NaN,NaN,NaN,NaN,NaN,NaN,NaN,NaN,NaN,46.778,0,3432.3,0.0064211,NaN,NaN,NaN,NaN,NaN,-1,-1,-1.5691,0.74056,-9.7144,-4.2689,0.85057,-8.2331,NaN,NaN,NaN,NaN,NaN
412.25,-16.53,-2.7654,19.635,-1.9143,0.75494,-10.778,-3.1491,-3.4662,-8.3556,0,0,0,NaN,NaN,NaN,NaN,NaN,NaN,NaN,NaN,NaN,46.778,0,3432.3,0.0064211,NaN,NaN,NaN,NaN,16.789,96861,11.313,-1.5566,0.74041,-9.661,-4.26,1.1037,-8.2303,NaN,NaN,NaN,NaN,NaN
412.25,-16.539,-2.7646,19.615,-2.1308,1.0381,-13.188,-4.1759,2.4299,-7.9043,0,0,0,NaN,NaN,NaN,NaN,NaN,NaN,NaN,NaN,NaN,46.778,0,3432.3,0.0064211,NaN,NaN,NaN,NaN,NaN,-1,-1,-1.5589,0.73532,-9.6778,-4.2738,0.97962,-8.2177,NaN,NaN,NaN,NaN,NaN
412.26,-16.55,-2.757,19.594,-1.6234,0.52422,-7.5881,-5.2004,5.292,-7.8656,0,0,0,NaN,NaN,NaN,NaN,NaN,NaN,NaN,NaN,NaN,46.778,0,3432.3,0.0064211,NaN,NaN,NaN,NaN,NaN,-1,-1,-1.5728,0.74553,-9.7267,-4.3422,0.77096,-8.2088,NaN,NaN,NaN,NaN,NaN
412.26,-16.561,-2.7691,19.577,-0.54517,-0.27957,-7.6913,-5.2949,-2.9198,-8.0647,0.5159,0.26394,-0.9596,NaN,NaN,NaN,NaN,NaN,NaN,NaN,NaN,NaN,46.778,0,3432.3,0.0064211,0.77252,2.5745,0.69193,NaN,16.906,96850,11.25,-1.5681,0.74132,-9.6836,-4.3697,1.0466,-8.2195,NaN,NaN,NaN,NaN,NaN
412.26,-16.571,-2.7744,19.558,-2.1787,1.2478,-12.664,-4.6936,0.0483,-8.3525,0,0,0,NaN,NaN,NaN,NaN,NaN,NaN,NaN,NaN,NaN,46.778,0,3432.3,0.0064211,NaN,NaN,NaN,0.066593,NaN,-1,-1,-1.558,0.73028,-9.6527,-4.3274,0.999,-8.2262,NaN,NaN,NaN,NaN,NaN
412.26,-16.577,-2.7701,19.536,-1.9398,0.76367,-8.6628,-3.387,4.078,-8.4542,0,0,0,NaN,NaN,NaN,NaN,NaN,NaN,NaN,NaN,NaN,46.778,0,3432.3,0.0064211,NaN,NaN,NaN,NaN,17.003,96841,11.25,-1.573,0.74606,-9.7038,-4.2824,0.69585,-8.2303,NaN,NaN,NaN,NaN,NaN
412.27,-16.588,-2.7806,19.519,-0.75592,0.24915,-9.0143,-4.9561,-2.1791,-8.2085,0,0,0,NaN,NaN,NaN,NaN,NaN,NaN,NaN,NaN,NaN,46.778,0,3432.3,0.0064211,NaN,NaN,NaN,NaN,NaN,-1,-1,-1.5721,0.73925,-9.6671,-4.3319,0.79409,-8.2312,NaN,NaN,NaN,NaN,NaN
412.27,-16.599,-2.7873,19.501,-1.7798,0.96019,-11.697,-5.4818,-0.63673,-8.1779,0.51395,0.27345,-0.96199,NaN,NaN,NaN,NaN,NaN,NaN,NaN,NaN,NaN,46.778,0,3432.3,0.0064211,NaN,NaN,NaN,NaN,NaN,-1,-1,-1.5705,0.73311,-9.6888,-4.4121,1.0033,-8.2274,NaN,NaN,NaN,NaN,NaN
412.27,-16.609,-2.7798,19.478,-1.8986,0.9629,-10.218,-4.754,5.3904,-8.3317,0,0,0,NaN,NaN,NaN,NaN,NaN,NaN,NaN,NaN,NaN,46.778,0,3432.3,0.0064211,NaN,NaN,NaN,NaN,16.763,96850,11.25,-1.5712,0.73333,-9.6813,-4.3865,0.88932,-8.254,NaN,NaN,NaN,NaN,NaN
412.27,-16.615,-2.785,19.459,-1.0049,1.1281,-7.2947,-3.1878,0.067724,-8.3457,0,0,0,NaN,NaN,NaN,NaN,NaN,NaN,NaN,NaN,NaN,46.778,0,3432.3,0.0064211,0.76759,2.445,0.74913,0.056604,NaN,-1,-1,-1.5661,0.74089,-9.6874,-4.343,1.1006,-8.2753,NaN,NaN,NaN,NaN,NaN
412.28,-16.622,-2.7968,19.442,-1.5812,0.75721,-10.139,-3.4068,-2.6879,-8.2634,0,0,0,NaN,NaN,NaN,NaN,NaN,NaN,NaN,NaN,NaN,46.778,0,3432.3,0.0064211,NaN,NaN,NaN,NaN,NaN,-1,-1,-1.5523,0.72998,-9.636,-4.3369,0.96113,-8.2746,NaN,NaN,NaN,NaN,NaN
412.28,-16.63,-2.7964,19.423,-2.3424,0.90901,-12.541,-4.1366,2.2185,-7.8115,0.5167,0.27306,-0.96842,NaN,NaN,NaN,NaN,NaN,NaN,NaN,NaN,NaN,46.778,0,3432.3,0.0064211,NaN,NaN,NaN,NaN,16.838,96850,11.313,-1.5483,0.72561,-9.6524,-4.4003,0.80025,-8.2812,NaN,NaN,NaN,NaN,NaN
412.28,-16.641,-2.7914,19.401,-1.7825,0.62006,-8.7371,-5.281,4.283,-8.0694,0,0,0,NaN,NaN,NaN,NaN,NaN,NaN,NaN,NaN,NaN,46.778,0,3432.3,0.0064211,NaN,NaN,NaN,NaN,NaN,-1,-1,-1.5616,0.73395,-9.6902,-4.4198,1.0691,-8.2933,NaN,NaN,NaN,NaN,NaN
412.28,-16.661,-2.8097,19.364,-2.0363,1.0086,-11.796,-4.1334,-1.1908,-8.8154,0,0,0,NaN,NaN,NaN,NaN,NaN,NaN,NaN,NaN,NaN,46.778,0,3432.3,0.0064211,NaN,NaN,NaN,NaN,16.926,96809,11.063,-1.5592,0.72851,-9.6494,-4.3657,1.0743,-8.3055,NaN,NaN,NaN,NaN,NaN
412.29,-16.668,-2.8051,19.341,-2.1425,0.59428,-9.0803,-3.6273,4.1581,-8.5515,0.51382,0.27357,-0.95978,NaN,NaN,NaN,NaN,NaN,NaN,NaN,NaN,NaN,46.778,0,3432.3,0.0064211,NaN,NaN,NaN,NaN,NaN,-1,-1,-1.5462,0.71687,-9.6086,-4.3156,0.69731,-8.2898,NaN,NaN,NaN,NaN,NaN
412.29,-16.678,-2.8146,19.323,-0.6099,0.60108,-8.5027,-5.0434,-1.6284,-8.51,0,0,0,NaN,NaN,NaN,NaN,NaN,NaN,NaN,NaN,NaN,46.778,0,3432.3,0.0064211,0.77635,2.5674,0.67732,0.09656,NaN,-1,-1,-1.5555,0.72131,-9.6698,-4.3375,0.82538,-8.2743,NaN,NaN,NaN,NaN,NaN
412.29,-16.689,-2.8228,19.306,-1.9304,1.0567,-12.454,-5.1254,-1.2508,-8.1426,0,0,0,NaN,NaN,NaN,NaN,NaN,NaN,NaN,NaN,NaN,46.778,0,3432.3,0.0064211,NaN,NaN,NaN,NaN,16.739,96853,11.25,-1.5579,0.7202,-9.651,-4.426,1.0828,-8.2822,NaN,NaN,NaN,NaN,NaN
412.29,-16.699,-2.8151,19.283,-1.7277,0.46086,-9.5283,-4.8453,5.4717,-8.34,0,0,0,NaN,NaN,NaN,NaN,NaN,NaN,NaN,NaN,NaN,46.778,0,3432.3,0.0064211,NaN,NaN,NaN,NaN,NaN,-1,-1,-1.5429,0.7062,-9.5983,-4.4508,0.85008,-8.2868,NaN,NaN,NaN,NaN,NaN
412.3,-16.706,-2.8185,19.263,-1.1326,1.4242,-7.4661,-3.454,0.79074,-8.1943,0.5122,0.28032,-0.96882,NaN,NaN,NaN,NaN,NaN,NaN,NaN,NaN,NaN,46.778,0,3432.3,0.0064211,NaN,NaN,NaN,NaN,NaN,-1,-1,-1.5464,0.7082,-9.6361,-4.4106,0.7175,-8.3072,NaN,NaN,NaN,NaN,NaN
412.3,-16.711,-2.832,19.247,-1.6652,0.93831,-10.129,-2.8881,-3.4025,-8.2367,0,0,0,NaN,NaN,NaN,NaN,NaN,NaN,NaN,NaN,NaN,46.778,0,3432.3,0.0064211,0.77197,2.4534,0.75339,0.040788,16.738,96859,11.25,-1.5534,0.72425,-9.6559,-4.3691,0.88693,-8.3176,NaN,NaN,NaN,NaN,NaN
412.3,-16.72,-2.8328,19.228,-2.0387,0.36426,-13.012,-4.3577,1.832,-8.0498,0,0,0,NaN,NaN,NaN,NaN,NaN,NaN,NaN,NaN,NaN,46.778,0,3432.3,0.0064211,NaN,NaN,NaN,NaN,NaN,-1,-1,-1.5398,0.71599,-9.6079,-4.3802,0.80171,-8.3059,NaN,NaN,NaN,NaN,NaN
412.3,-16.731,-2.8241,19.206,-2.0433,1.0767,-7.8256,-5.2454,5.7928,-7.9486,0,0,0,NaN,NaN,NaN,NaN,NaN,NaN,NaN,NaN,NaN,46.778,0,3432.3,0.0064211,NaN,NaN,NaN,NaN,16.742,96854,11.313,-1.5411,0.70995,-9.6438,-4.4095,0.80661,-8.3098,NaN,NaN,NaN,NaN,NaN
412.31,-16.742,-2.837,19.189,-0.22115,0.012867,-7.7988,-5.029,-3.1477,-8.2551,0.51166,0.27096,-0.96442,NaN,NaN,NaN,NaN,NaN,NaN,NaN,NaN,NaN,46.778,0,3432.3,0.0064211,NaN,NaN,NaN,NaN,NaN,-1,-1,-1.5509,0.71973,-9.6447,-4.372,0.88272,-8.3362,NaN,NaN,NaN,NaN,NaN
412.31,-16.751,-2.8447,19.17,-2.2744,0.55848,-12.132,-4.5872,-0.87548,-8.6146,0,0,0,NaN,NaN,NaN,NaN,NaN,NaN,NaN,NaN,NaN,46.778,0,3432.3,0.0064211,NaN,NaN,NaN,NaN,NaN,-1,-1,-1.5359,0.71028,-9.592,-4.2941,0.78094,-8.3459,NaN,NaN,NaN,NaN,NaN
412.31,-16.759,-2.8371,19.147,-2.1612,1.0982,-9.1612,-3.9012,5.4733,-8.5261,0,0,0,NaN,NaN,NaN,NaN,NaN,NaN,NaN,NaN,NaN,46.778,0,3432.3,0.0064211,NaN,NaN,NaN,NaN,16.859,96846,11.25,-1.5325,0.70916,-9.5858,-4.2671,0.65804,-8.3325,NaN,NaN,NaN,NaN,NaN
412.31,-16.769,-2.8493,19.13,-0.36156,0.3014,-8.6974,-4.7258,-2.8229,-8.2411,0,0,0,NaN,NaN,NaN,NaN,NaN,NaN,NaN,NaN,NaN,46.778,0,3432.3,0.0064211,0.76704,2.5751,0.68098,0.09656,NaN,-1,-1,-1.5438,0.70588,-9.6211,-4.3204,0.78319,-8.3268,NaN,NaN,NaN,NaN,NaN
412.32,-16.779,-2.8573,19.111,-2.0811,0.59258,-12.001,-5.077,-1.0548,-8.4189,0.51395,0.27345,-0.96199,NaN,NaN,NaN,NaN,NaN,NaN,NaN,NaN,NaN,46.778,0,3432.3,0.0064211,NaN,NaN,NaN,NaN,NaN,-1,-1,-1.5387,0.69876,-9.5905,-4.4064,0.77557,-8.3179,NaN,NaN,NaN,NaN,NaN
412.32,-16.788,-2.8489,19.088,-1.5877,1.2553,-9.9117,-4.45,5.8459,-8.5411,0,0,0,NaN,NaN,NaN,NaN,NaN,NaN,NaN,NaN,NaN,46.778,0,3432.3,0.0064211,NaN,NaN,NaN,NaN,16.831,96811,11.063,-1.5311,0.70004,-9.5595,-4.5445,0.73467,-8.5775,NaN,NaN,NaN,NaN,NaN
412.32,-16.794,-2.8542,19.069,-0.8238,0.93349,-7.3707,-3.2648,0.032716,-8.3383,0,0,0,NaN,NaN,NaN,NaN,NaN,NaN,NaN,NaN,NaN,46.778,0,3432.3,0.0064211,NaN,NaN,NaN,NaN,NaN,-1,-1,-1.5242,0.70631,-9.5901,-4.4528,0.67386,-8.5374,NaN,NaN,NaN,NaN,NaN
412.32,-16.799,-2.8682,19.052,-2.0845,0.65719,-10.211,-2.6792,-3.5143,-8.4994,0,0,0,NaN,NaN,NaN,NaN,NaN,NaN,NaN,NaN,NaN,46.778,0,3432.3,0.0064211,0.76431,2.5674,0.6901,NaN,16.956,96837,11.25,-1.5301,0.70403,-9.5787,-4.4186,0.62274,-8.485,NaN,NaN,NaN,NaN,NaN
412.33,-16.818,-2.861,19.011,-1.5122,1.044,-6.2508,-5.2115,4.1142,-7.9901,0,0,0,NaN,NaN,NaN,NaN,NaN,NaN,NaN,NaN,NaN,46.778,0,3432.3,0.0064211,0.76431,2.5674,0.6901,NaN,NaN,-1,-1,-1.5229,0.70774,-9.5339,-4.4155,0.6358,-8.4219,NaN,NaN,NaN,NaN,NaN
412.33,-16.829,-2.8724,18.994,-0.77024,0.039738,-8.9748,-4.8936,-2.5235,-8.2584,0,0,0,NaN,NaN,NaN,NaN,NaN,NaN,NaN,NaN,NaN,46.778,0,3432.3,0.0064211,NaN,NaN,NaN,0.079911,NaN,-1,-1,-1.516,0.70814,-9.567,-4.405,0.79479,-8.3872,NaN,NaN,NaN,NaN,NaN
412.33,-16.839,-2.8772,18.973,-2.1902,0.42783,-11.699,-5.078,0.40497,-8.7745,0,0,0,NaN,NaN,NaN,NaN,NaN,NaN,NaN,NaN,NaN,46.778,0,3410.9,-1.2222,NaN,NaN,NaN,NaN,16.691,96868,11.313,-1.5285,0.70872,-9.5678,-4.3314,0.848,-8.3478,NaN,NaN,NaN,NaN,NaN
412.33,-16.846,-2.8752,18.952,-1.9285,0.77024,-8.3178,-3.6603,3.0931,-8.2693,0.51611,0.27114,-0.95958,7.145,17.635,-1.8954,19.122,40.058,-88.548,3.6798e+05,4.4354e+06,333.54,46.778,0,3410.9,-1.2222,NaN,NaN,NaN,NaN,NaN,-1,-1,-1.5174,0.70427,-9.5084,-4.3035,0.63117,-8.3002,19.071,0.71351,1.1981,3.5948,2.1384
412.34,-16.856,-2.8856,18.935,-0.47157,0.96215,-10.051,-4.6402,-2.1523,-8.0961,0,0,0,NaN,NaN,NaN,NaN,NaN,NaN,NaN,NaN,NaN,46.778,0,3410.9,-1.2222,NaN,NaN,NaN,NaN,NaN,-1,-1,-1.5118,0.70453,-9.5063,-4.3266,0.76271,-8.2479,NaN,NaN,NaN,NaN,NaN
412.34,-16.867,-2.8925,18.917,-2.1802,0.74314,-11.296,-5.2225,-0.6012,-8.285,0,0,0,NaN,NaN,NaN,NaN,NaN,NaN,NaN,NaN,NaN,46.778,0,3410.9,-1.2222,0.77307,2.5793,0.68402,0.09323,16.763,96830,11.188,-1.5201,0.70234,-9.524,-4.3074,0.87313,-8.2114,NaN,NaN,NaN,NaN,NaN
412.34,-16.877,-2.8842,18.893,-1.5305,0.26271,-9.8514,-4.8833,5.9432,-8.8829,0,0,0,NaN,NaN,NaN,NaN,NaN,NaN,NaN,NaN,NaN,46.807,0,3410.9,0.0075089,NaN,NaN,NaN,NaN,NaN,-1,-1,-1.5125,0.69712,-9.499,-4.2765,0.7725,-8.1796,NaN,NaN,NaN,NaN,NaN
412.34,-16.884,-2.8916,18.874,-0.83386,1.4856,-6.7184,-3.4988,-0.77011,-8.5091,0.51416,0.28065,-0.96197,NaN,NaN,NaN,NaN,NaN,NaN,NaN,NaN,NaN,46.807,0,3410.9,0.0075089,NaN,NaN,NaN,NaN,16.713,96862,11.25,-1.5052,0.69201,-9.4543,-4.2762,0.71077,-8.1517,NaN,NaN,NaN,NaN,NaN
412.35,-16.888,-2.9045,18.857,-1.8637,1.2667,-10.601,-2.6762,-3.1046,-8.3645,0,0,0,NaN,NaN,NaN,NaN,NaN,NaN,NaN,NaN,NaN,46.807,0,3410.9,0.0075089,NaN,NaN,NaN,NaN,NaN,-1,-1,-1.5002,0.69948,-9.493,-4.2902,0.61193,-8.1397,NaN,NaN,NaN,NaN,NaN
412.35,-16.896,-2.9028,18.836,-2.0903,-0.33497,-13.198,-4.0976,2.9647,-8.2075,0,0,0,NaN,NaN,NaN,NaN,NaN,NaN,NaN,NaN,NaN,46.807,0,3410.9,0.0075089,NaN,NaN,NaN,NaN,NaN,-1,-1,-1.5052,0.70662,-9.4582,-4.2856,0.31016,-8.1172,NaN,NaN,NaN,NaN,NaN
412.35,-16.908,-2.8984,18.816,-1.5756,1.0841,-7.3444,-5.5668,3.9771,-7.8237,0,0,0,NaN,NaN,NaN,NaN,NaN,NaN,NaN,NaN,NaN,46.807,0,3410.9,0.0075089,NaN,NaN,NaN,NaN,16.713,96820,11.125,-1.4814,0.69527,-9.3469,-4.3266,0.37312,-8.0923,NaN,NaN,NaN,NaN,NaN
412.35,-16.919,-2.9083,18.798,-0.85447,0.66891,-8.0486,-5.0732,-1.9583,-8.107,0.52324,0.27344,-0.95893,NaN,NaN,NaN,NaN,NaN,NaN,NaN,NaN,NaN,46.807,0,3410.9,0.0075089,0.83439,2.4707,0.74853,0.010821,NaN,-1,-1,-1.4731,0.69589,-9.3451,-4.3124,0.35373,-8.0831,NaN,NaN,NaN,NaN,NaN
412.36,-16.928,-2.9159,18.779,-1.9239,0.19975,-12.385,-4.5936,-0.73333,-8.7529,0,0,0,NaN,NaN,NaN,NaN,NaN,NaN,NaN,NaN,NaN,46.807,0,3410.9,0.0075089,NaN,NaN,NaN,NaN,NaN,-1,-1,-1.4804,0.69661,-9.3517,-4.2351,0.049095,-8.0777,NaN,NaN,NaN,NaN,NaN
412.36,-16.935,-2.9119,18.756,-2.0656,0.62131,-8.2269,-3.6767,4.0654,-8.7012,0,0,0,NaN,NaN,NaN,NaN,NaN,NaN,NaN,NaN,NaN,46.807,0,3410.9,0.0075089,NaN,NaN,NaN,NaN,16.74,96845,11.25,-1.4715,0.69733,-9.3017,-4.2006,0.12725,-8.0673,NaN,NaN,NaN,NaN,NaN
412.36,-16.945,-2.9218,18.739,-0.63807,1.1027,-8.6745,-4.5656,-1.9004,-8.146,0,0,0,NaN,NaN,NaN,NaN,NaN,NaN,NaN,NaN,NaN,46.807,0,3410.9,0.0075089,NaN,NaN,NaN,NaN,NaN,-1,-1,-1.4733,0.68881,-9.3117,-4.2238,0.43776,-8.0304,NaN,NaN,NaN,NaN,NaN
412.36,-16.957,-2.9311,18.721,-1.966,0.15372,-11.963,-5.4799,-1.5749,-8.448,0.53057,0.2731,-0.96272,NaN,NaN,NaN,NaN,NaN,NaN,NaN,NaN,NaN,46.807,0,3410.9,0.0075089,NaN,NaN,NaN,NaN,16.786,96856,11.25,-1.4771,0.68317,-9.3131,-4.2778,0.18067,-8.0031,NaN,NaN,NaN,NaN,NaN
412.37,-16.967,-2.9253,18.698,-1.6458,0.75878,-10.397,-4.9993,4.854,-8.7109,0,0,0,NaN,NaN,NaN,NaN,NaN,NaN,NaN,NaN,NaN,46.807,0,3410.9,0.0075089,0.77252,2.5745,0.68219,0.0899,NaN,-1,-1,-1.4747,0.68096,-9.3083,-4.3071,0.12179,-8.0106,NaN,NaN,NaN,NaN,NaN
412.37,-16.974,-2.9272,18.678,-0.9157,1.4822,-7.5319,-3.6529,1.5009,-8.3932,0,0,0,NaN,NaN,NaN,NaN,NaN,NaN,NaN,NaN,NaN,46.807,0,3410.9,0.0075089,NaN,NaN,NaN,NaN,NaN,-1,-1,-1.4689,0.66908,-9.2998,-4.2773,0.4999,-8.0105,NaN,NaN,NaN,NaN,NaN
412.37,-16.979,-2.9401,18.66,-1.7414,0.39924,-8.5729,-2.6795,-2.9811,-8.6489,0,0,0,NaN,NaN,NaN,NaN,NaN,NaN,NaN,NaN,NaN,46.807,0,3410.9,0.0075089,NaN,NaN,NaN,NaN,17.05,96861,11.313,-1.4507,0.67099,-9.2443,-4.2901,0.21341,-8.0166,NaN,NaN,NaN,NaN,NaN
412.37,0,0,0,0,0,0,0,0,0,0,0,0,NaN,NaN,NaN,NaN,NaN,NaN,NaN,NaN,NaN,46.807,0,3410.9,0.0075089,NaN,NaN,NaN,NaN,NaN,-1,-1,-1.4656,0.67536,-9.348,-4.3547,0.014982,-8.0108,NaN,NaN,NaN,NaN,NaN
412.38,-16.998,-2.9376,18.619,-1.9961,1.6642,-7.928,-5.1329,5.3414,-8.1991,0,0,0,NaN,NaN,NaN,NaN,NaN,NaN,NaN,NaN,NaN,46.807,0,3410.9,0.0075089,NaN,NaN,NaN,NaN,16.862,96854,11.313,-1.4791,0.67556,-9.3799,-4.4303,0.42386,-8.019,NaN,NaN,NaN,NaN,NaN
412.38,-17.009,-2.9452,18.601,-0.61172,-0.27274,-7.6855,-5.1521,-0.83933,-8.3948,0,0,0,NaN,NaN,NaN,NaN,NaN,NaN,NaN,NaN,NaN,46.807,0,3410.9,0.0075089,0.76759,2.568,0.67367,0.09656,NaN,-1,-1,-1.47,0.67655,-9.3154,-4.4329,0.43831,-8.033,NaN,NaN,NaN,NaN,NaN
412.38,-17.02,-2.9564,18.582,-1.8214,0.55093,-11.77,-5.1446,-2.2214,-8.7841,0,0,0,NaN,NaN,NaN,NaN,NaN,NaN,NaN,NaN,NaN,46.807,0,3410.9,0.0075089,NaN,NaN,NaN,NaN,NaN,-1,-1,-1.4567,0.67117,-9.2841,-4.3639,0.097625,-8.0677,NaN,NaN,NaN,NaN,NaN
412.38,-17.037,-2.9596,18.541,-0.28774,-0.087542,-8.6166,-4.9952,-0.68772,-8.179,0,0,0,NaN,NaN,NaN,NaN,NaN,NaN,NaN,NaN,NaN,46.807,0,3410.9,0.0075089,NaN,NaN,NaN,NaN,16.739,96852,11.25,-1.4684,0.66784,-9.355,-4.3603,0.2857,-8.077,NaN,NaN,NaN,NaN,NaN
412.39,-17.049,-2.9722,18.525,-2.2889,0.81486,-10.859,-5.4465,-2.9303,-8.3921,0,0,0,NaN,NaN,NaN,NaN,NaN,NaN,NaN,NaN,NaN,46.807,0,3410.9,0.0075089,0.76485,2.4528,0.74974,NaN,NaN,-1,-1,-1.4857,0.67246,-9.4249,-4.3671,0.36033,-8.0788,NaN,NaN,NaN,NaN,NaN
412.39,-17.112,-2.9961,18.421,-0.60091,0.44398,-6.015,-4.1773,1.6962,-8.6667,0.53058,0.27802,-0.9605,NaN,NaN,NaN,NaN,NaN,NaN,NaN,NaN,NaN,46.807,0,3410.9,0.0075089,NaN,NaN,NaN,0.039123,16.639,96827,11.125,-1.4721,0.66966,-9.3944,-4.4308,0.21986,-8.1009,NaN,NaN,NaN,NaN,NaN
412.39,-17.118,-3.0123,18.406,-1.6812,1.2977,-9.6352,-3.0959,-4.4495,-8.4018,0,0,0,NaN,NaN,NaN,NaN,NaN,NaN,NaN,NaN,NaN,46.807,0,3410.9,0.0075089,NaN,NaN,NaN,NaN,16.692,96843,11.25,-1.4782,0.66979,-9.4516,-4.4403,0.26958,-8.1132,NaN,NaN,NaN,NaN,NaN
412.39,-17.15,-3.0185,18.346,-0.83415,0.068045,-8.2839,-5.5882,-1.9754,-8.1494,0.52767,0.26378,-0.95854,NaN,NaN,NaN,NaN,NaN,NaN,NaN,NaN,NaN,46.807,0,3410.9,0.0075089,NaN,NaN,NaN,NaN,NaN,-1,-1,-1.4784,0.6769,-9.4315,-4.4278,0.38986,-8.128,NaN,NaN,NaN,NaN,NaN
412.4,-17.16,-3.0277,18.327,-1.6659,0.35019,-11.619,-5.089,-1.342,-8.8839,0,0,0,NaN,NaN,NaN,NaN,NaN,NaN,NaN,NaN,NaN,46.807,0,3410.9,0.0075089,NaN,NaN,NaN,NaN,16.569,96859,11.25,-1.4816,0.67749,-9.4605,-4.45,0.26293,-8.1531,NaN,NaN,NaN,NaN,NaN
412.4,-17.167,-3.0258,18.305,-2.2864,1.2783,-8.9922,-3.557,3.2154,-8.7455,0,0,0,NaN,NaN,NaN,NaN,NaN,NaN,NaN,NaN,NaN,46.807,0,3410.9,0.0075089,0.81906,2.4791,0.74305,0.0024972,NaN,-1,-1,-1.5,0.67635,-9.5284,-4.5381,0.51007,-8.1957,NaN,NaN,NaN,NaN,NaN
412.4,-17.176,-3.0341,18.287,-0.56,0.23591,-8.3757,-4.4636,-1.1067,-8.3848,0,0,0,NaN,NaN,NaN,NaN,NaN,NaN,NaN,NaN,NaN,46.807,0,3410.9,0.0075089,NaN,NaN,NaN,NaN,16.598,96826,11.25,-1.4942,0.6803,-9.4811,-4.5603,0.59049,-8.2349,NaN,NaN,NaN,NaN,NaN
412.4,-17.2,-3.0388,18.247,-2.0945,1.4599,-11.356,-5.394,5.3136,-8.4041,0,0,0,NaN,NaN,NaN,NaN,NaN,NaN,NaN,NaN,NaN,46.807,0,3410.9,0.0075089,NaN,NaN,NaN,NaN,NaN,-1,-1,-1.4859,0.67634,-9.4573,-4.502,0.31127,-8.2873,NaN,NaN,NaN,NaN,NaN
412.41,-17.208,-3.0394,18.225,-0.59737,0.83906,-6.3593,-3.9617,2.2238,-8.7645,0,0,0,NaN,NaN,NaN,NaN,NaN,NaN,NaN,NaN,NaN,46.807,0,3410.9,0.0075089,0.76431,2.4367,0.75035,0.058269,NaN,-1,-1,-1.499,0.66876,-9.5177,-4.4588,0.50321,-8.3144,NaN,NaN,NaN,NaN,NaN
412.41,-17.221,-3.0602,18.19,-2.1781,0.28,-14.668,-4.1127,0.83881,-8.2226,0.53926,0.26626,-0.95305,NaN,NaN,NaN,NaN,NaN,NaN,NaN,NaN,NaN,46.807,0,3410.9,0.0075089,0.76431,2.4367,0.75035,0.058269,16.691,96852,11.25,-1.5026,0.67248,-9.5118,-4.5192,0.566,-8.3179,NaN,NaN,NaN,NaN,NaN
412.41,-17.232,-3.0528,18.168,-1.8125,1.4206,-7.4504,-5.2451,5.3633,-8.148,0,0,0,NaN,NaN,NaN,NaN,NaN,NaN,NaN,NaN,NaN,46.807,0,3410.9,0.0075089,NaN,NaN,NaN,NaN,NaN,-1,-1,-1.49,0.6667,-9.4733,-4.5615,0.40777,-8.354,NaN,NaN,NaN,NaN,NaN
412.41,-17.243,-3.06,18.15,-1.0361,0.092301,-7.4771,-5.4756,-0.77727,-8.0713,0,0,0,NaN,NaN,NaN,NaN,NaN,NaN,NaN,NaN,NaN,46.807,0,3410.9,0.0075089,NaN,NaN,NaN,NaN,16.567,96846,11.188,-1.4951,0.66356,-9.5162,-4.5605,0.49206,-8.3987,NaN,NaN,NaN,NaN,NaN
412.42,-17.254,-3.0747,18.133,-1.237,0.052193,-11.494,-4.8936,-3.6548,-8.7594,0,0,0,NaN,NaN,NaN,NaN,NaN,NaN,NaN,NaN,NaN,46.807,0,3410.9,0.0075089,NaN,NaN,NaN,NaN,NaN,-1,-1,-1.5049,0.67463,-9.552,-4.5066,0.54663,-8.4588,NaN,NaN,NaN,NaN,NaN
412.42,-17.261,-3.0697,18.109,-2.5966,1.2532,-10.024,-3.912,4.581,-8.883,0.528,0.26594,-0.96296,NaN,NaN,NaN,NaN,NaN,NaN,NaN,NaN,NaN,46.807,0,3410.9,0.0075089,NaN,NaN,NaN,NaN,NaN,-1,-1,-1.4977,0.67555,-9.501,-4.5264,0.35939,-8.488,NaN,NaN,NaN,NaN,NaN
412.42,-17.27,-3.0733,18.089,-0.48749,0.55676,-6.7585,-4.2281,0.85319,-8.3263,0,0,0,NaN,NaN,NaN,NaN,NaN,NaN,NaN,NaN,NaN,46.807,0,3410.9,0.0075089,0.76102,2.5745,0.6828,0.089068,16.546,96871,11.313,-1.4952,0.67214,-9.5095,-4.6144,0.37546,-8.5392,NaN,NaN,NaN,NaN,NaN
412.42,-17.281,-3.0938,18.075,-2.0511,0.29722,-11.289,-5.3696,-6.18,-8.5841,0,0,0,NaN,NaN,NaN,NaN,NaN,NaN,NaN,NaN,NaN,46.807,0,3410.9,0.0075089,NaN,NaN,NaN,NaN,NaN,-1,-1,-1.5091,0.67572,-9.557,-4.673,0.611,-8.5952,NaN,NaN,NaN,NaN,NaN
412.43,-17.292,-3.0863,18.052,-2.12,1.3525,-13.126,-5.0747,5.4332,-8.1807,0,0,0,NaN,NaN,NaN,NaN,NaN,NaN,NaN,NaN,NaN,46.807,0,3410.9,0.0075089,NaN,NaN,NaN,NaN,NaN,-1,-1,-1.5084,0.67505,-9.5301,-4.647,0.56416,-8.658,NaN,NaN,NaN,NaN,NaN
412.43,-17.299,-3.08,18.028,-0.44915,0.48846,-5.3518,-4.0136,5.0852,-8.7843,0.5254,0.27113,-0.95652,NaN,NaN,NaN,NaN,NaN,NaN,NaN,NaN,NaN,46.807,0,3410.9,0.0075089,NaN,NaN,NaN,NaN,16.596,96883,11.375,-1.5023,0.66831,-9.513,-4.5335,0.41961,-8.7324,NaN,NaN,NaN,NaN,NaN
412.43,-17.305,-3.1001,18.013,-1.2723,0.78903,-7.9475,-2.9309,-5.9971,-8.6499,0,0,0,NaN,NaN,NaN,NaN,NaN,NaN,NaN,NaN,NaN,46.807,0,3410.9,0.0075089,NaN,NaN,NaN,NaN,NaN,-1,-1,-1.5095,0.66211,-9.5433,-4.3357,0.54201,-8.476,NaN,NaN,NaN,NaN,NaN
412.43,-17.311,-3.1064,17.994,-2.4216,0.41327,-14.758,-3.566,-0.24213,-8.3717,0,0,0,NaN,NaN,NaN,NaN,NaN,NaN,NaN,NaN,NaN,46.807,0,3410.9,0.0075089,NaN,NaN,NaN,NaN,16.642,96833,11.188,-1.5155,0.66488,-9.5554,-4.3364,0.68902,-8.4546,NaN,NaN,NaN,NaN,NaN
412.44,-17.321,-3.0949,17.971,-1.9121,1.2936,-8.8198,-4.7596,7.0128,-7.9304,0,0,0,NaN,NaN,NaN,NaN,NaN,NaN,NaN,NaN,NaN,46.807,0,3410.9,0.0075089,NaN,NaN,NaN,NaN,NaN,-1,-1,-1.5025,0.66004,-9.5043,-4.3397,0.60058,-8.4366,NaN,NaN,NaN,NaN,NaN
412.44,-17.332,-3.1019,17.953,-0.77577,0.033649,-6.1627,-5.3786,-0.63839,-8.1373,0.53011,0.27107,-0.9561,NaN,NaN,NaN,NaN,NaN,NaN,NaN,NaN,NaN,46.807,0,3410.9,0.0075089,NaN,NaN,NaN,NaN,NaN,-1,-1,-1.5083,0.65795,-9.5363,-4.311,0.71173,-8.4319,NaN,NaN,NaN,NaN,NaN
412.44,-17.343,-3.1185,17.937,-1.5479,0.22225,-11.624,-5.0633,-4.5034,-8.6357,0,0,0,NaN,NaN,NaN,NaN,NaN,NaN,NaN,NaN,NaN,46.768,0,3388,0.0064211,NaN,NaN,NaN,NaN,16.718,96875,11.375,-1.5201,0.67631,-9.5742,-4.2735,0.69112,-8.4218,NaN,NaN,NaN,NaN,NaN
412.44,-17.35,-3.1139,17.914,-2.4566,1.5319,-10.638,-3.6576,4.3985,-8.7012,0,0,0,NaN,NaN,NaN,NaN,NaN,NaN,NaN,NaN,NaN,46.768,0,3388,0.0064211,NaN,NaN,NaN,NaN,NaN,-1,-1,-1.5112,0.67248,-9.5324,-4.3013,0.39845,-8.4047,NaN,NaN,NaN,NaN,NaN
412.45,-17.357,-3.1143,17.892,-0.68392,-0.21756,-7.2494,-3.6948,2.2978,-8.6427,0,0,0,NaN,NaN,NaN,NaN,NaN,NaN,NaN,NaN,NaN,46.768,0,3388,0.0064211,0.81796,2.4773,0.74487,NaN,NaN,-1,-1,-1.5164,0.67203,-9.5711,-4.3068,0.45711,-8.3954,NaN,NaN,NaN,NaN,NaN
412.45,-17.368,-3.1331,17.877,-1.8435,0.2049,-9.3225,-5.2995,-5.5418,-8.4413,0.52789,0.2759,-0.95629,NaN,NaN,NaN,NaN,NaN,NaN,NaN,NaN,NaN,46.768,0,3388,0.0064211,NaN,NaN,NaN,0.0016648,16.766,96856,11.313,-1.5276,0.67448,-9.575,-4.2652,0.48781,-8.3837,NaN,NaN,NaN,NaN,NaN
412.45,-17.379,-3.1326,17.856,-1.8516,1.9167,-14.375,-5.1368,2.5536,-8.334,0,0,0,NaN,NaN,NaN,NaN,NaN,NaN,NaN,NaN,NaN,46.768,0,3388,0.0064211,NaN,NaN,NaN,NaN,NaN,-1,-1,-1.5202,0.66624,-9.53,-4.2725,0.21448,-8.3732,NaN,NaN,NaN,NaN,NaN
412.45,-17.392,-3.1357,17.815,-1.1689,1.0005,-6.8842,-2.884,-1.6022,-8.5178,0,0,0,NaN,NaN,NaN,NaN,NaN,NaN,NaN,NaN,NaN,46.768,0,3388,0.0064211,NaN,NaN,NaN,NaN,16.567,96844,11.188,-1.5295,0.67347,-9.5578,-4.2411,-0.053052,-8.3801,NaN,NaN,NaN,NaN,NaN
412.46,-17.398,-3.1497,17.798,-1.8474,0.70588,-12.918,-3.1303,-3.4851,-8.3895,0.54485,0.28263,-0.95921,NaN,NaN,NaN,NaN,NaN,NaN,NaN,NaN,NaN,46.768,0,3388,0.0064211,NaN,NaN,NaN,NaN,NaN,-1,-1,-1.5306,0.65635,-9.5615,-4.1535,0.16602,-8.3868,NaN,NaN,NaN,NaN,NaN
412.46,-17.406,-3.1443,17.777,-2.2525,0.90206,-10.61,-4.2825,4.4665,-7.8581,0,0,0,NaN,NaN,NaN,NaN,NaN,NaN,NaN,NaN,NaN,46.768,0,3388,0.0064211,NaN,NaN,NaN,NaN,NaN,-1,-1,-1.5293,0.65804,-9.5482,-4.1325,0.022279,-8.3589,NaN,NaN,NaN,NaN,NaN
412.46,-17.428,-3.158,17.741,-0.90349,0.25808,-8.2243,-5.0951,-3.6594,-8.4519,0,0,0,NaN,NaN,NaN,NaN,NaN,NaN,NaN,NaN,NaN,46.768,0,3388,0.0064211,0.76978,2.5638,0.67611,0.094062,16.643,96848,11.25,-1.5322,0.66482,-9.5617,-4.1724,0.037757,-8.3518,NaN,NaN,NaN,NaN,NaN
412.46,-17.435,-3.1599,17.719,-2.2566,1.3211,-11.66,-3.5435,1.6116,-8.8022,0.53703,0.26617,-0.95547,NaN,NaN,NaN,NaN,NaN,NaN,NaN,NaN,NaN,46.768,0,3388,0.0064211,NaN,NaN,NaN,NaN,NaN,-1,-1,-1.5238,0.6652,-9.5469,-4.1065,0.1853,-8.3691,NaN,NaN,NaN,NaN,NaN
412.47,-17.442,-3.1585,17.699,-1.4841,0.058574,-8.093,-3.6273,2.8803,-8.0873,0,0,0,NaN,NaN,NaN,NaN,NaN,NaN,NaN,NaN,NaN,46.768,0,3388,0.0064211,NaN,NaN,NaN,NaN,NaN,-1,-1,-1.5166,0.65331,-9.5081,-4.0269,0.18876,-8.3607,NaN,NaN,NaN,NaN,NaN
412.47,-17.451,-3.1731,17.682,-1.1708,0.57429,-10.126,-4.4898,-3.6854,-8.5179,0,0,0,NaN,NaN,NaN,NaN,NaN,NaN,NaN,NaN,NaN,46.768,0,3388,0.0064211,NaN,NaN,NaN,NaN,16.544,96837,11.188,-1.5182,0.65502,-9.5496,-4.0294,0.16417,-8.3433,NaN,NaN,NaN,NaN,NaN
412.47,-17.462,-3.1737,17.662,-2.0204,0.98584,-12.122,-5.2207,2.0557,-8.1239,0,0,0,NaN,NaN,NaN,NaN,NaN,NaN,NaN,NaN,NaN,46.768,0,3388,0.0064211,NaN,NaN,NaN,NaN,NaN,-1,-1,-1.5278,0.65645,-9.5692,-4.092,0.20959,-8.3161,NaN,NaN,NaN,NaN,NaN
412.47,-17.469,-3.1697,17.64,-1.1453,0.79926,-7.9937,-3.8942,4.1177,-8.5465,0.53245,0.26611,-0.95811,NaN,NaN,NaN,NaN,NaN,NaN,NaN,NaN,NaN,46.768,0,3388,0.0064211,0.77307,2.4552,0.76131,0.044118,16.618,96850,11.25,-1.5209,0.65193,-9.5038,-4.1226,0.21329,-8.3214,NaN,NaN,NaN,NaN,NaN
412.48,-17.474,-3.1799,17.623,-1.1676,0.68574,-7.6079,-2.6872,-1.9439,-8.2277,0,0,0,NaN,NaN,NaN,NaN,NaN,NaN,NaN,NaN,NaN,46.768,0,3388,0.0064211,0.77307,2.4552,0.76131,0.044118,NaN,-1,-1,-1.514,0.6434,-9.5111,-4.0986,0.25518,-8.3454,NaN,NaN,NaN,NaN,NaN
412.48,-17.479,-3.1912,17.605,-1.7997,0.7858,-12.187,-2.97,-2.3488,-8.4411,0,0,0,NaN,NaN,NaN,NaN,NaN,NaN,NaN,NaN,NaN,46.768,0,3388,0.0064211,NaN,NaN,NaN,NaN,NaN,-1,-1,-1.5296,0.64726,-9.5501,-4.036,0.19805,-8.3496,NaN,NaN,NaN,NaN,NaN
412.48,-17.487,-3.1884,17.585,-2.0253,0.45569,-10.279,-3.9951,3.4556,-7.9749,0,0,0,NaN,NaN,NaN,NaN,NaN,NaN,NaN,NaN,NaN,46.768,0,3388,0.0064211,NaN,NaN,NaN,NaN,16.884,96860,11.313,-1.5259,0.64553,-9.5183,-4.0276,0.069596,-8.3648,NaN,NaN,NaN,NaN,NaN
412.48,-17.499,-3.1883,17.565,-1.5388,0.21695,-8.1225,-5.4996,2.2391,-7.8803,0.53978,0.26578,-0.9619,NaN,NaN,NaN,NaN,NaN,NaN,NaN,NaN,NaN,46.768,0,3388,0.0064211,NaN,NaN,NaN,NaN,NaN,-1,-1,-1.5274,0.64225,-9.5194,-4.0451,0.28744,-8.3397,NaN,NaN,NaN,NaN,NaN
412.49,-17.509,-3.2019,17.549,-0.99546,0.56949,-9.0441,-4.872,-3.3743,-8.2029,0,0,0,NaN,NaN,NaN,NaN,NaN,NaN,NaN,NaN,NaN,46.768,0,3388,0.0064211,NaN,NaN,NaN,NaN,NaN,-1,-1,-1.5316,0.64374,-9.5661,-4.0537,0.36824,-8.3309,NaN,NaN,NaN,NaN,NaN
412.49,-17.516,-3.2041,17.529,-1.8459,0.99965,-11.551,-3.6267,1.4774,-8.4103,0,0,0,NaN,NaN,NaN,NaN,NaN,NaN,NaN,NaN,NaN,46.768,0,3388,0.0064211,0.7654,2.5709,0.68402,0.082409,16.644,96841,11.25,-1.5347,0.65579,-9.5553,-3.9804,0.24678,-8.3405,NaN,NaN,NaN,NaN,NaN
412.49,-17.522,-3.2021,17.507,-1.8211,0.14421,-7.3104,-3.5558,3.2495,-8.4922,0,0,0,NaN,NaN,NaN,NaN,NaN,NaN,NaN,NaN,NaN,46.768,0,3388,0.0064211,NaN,NaN,NaN,NaN,NaN,-1,-1,-1.5225,0.64254,-9.4948,-3.8936,0.3143,-8.3313,NaN,NaN,NaN,NaN,NaN
412.49,-17.532,-3.2192,17.491,-0.98611,0.82091,-9.0872,-4.6182,-4.7326,-8.5461,0.53017,0.26855,-0.95831,NaN,NaN,NaN,NaN,NaN,NaN,NaN,NaN,NaN,46.768,0,3388,0.0064211,NaN,NaN,NaN,NaN,16.715,96871,11.313,-1.5233,0.63929,-9.5411,-3.9008,0.43533,-8.304,NaN,NaN,NaN,NaN,NaN
412.5,-17.542,-3.2254,17.473,-1.8884,0.89993,-13.432,-4.9971,-0.25416,-8.1007,0,0,0,NaN,NaN,NaN,NaN,NaN,NaN,NaN,NaN,NaN,46.768,0,3388,0.0064211,NaN,NaN,NaN,NaN,NaN,-1,-1,-1.5287,0.64296,-9.4973,-3.9594,0.40025,-8.2747,NaN,NaN,NaN,NaN,NaN
412.5,-17.549,-3.2175,17.45,-1.6702,0.5667,-7.9608,-3.6884,5.7103,-8.4706,0,0,0,NaN,NaN,NaN,NaN,NaN,NaN,NaN,NaN,NaN,46.768,0,3388,0.0064211,NaN,NaN,NaN,NaN,NaN,-1,-1,-1.5234,0.63467,-9.4902,-3.9869,0.30868,-8.2874,NaN,NaN,NaN,NaN,NaN
412.5,-17.554,-3.223,17.43,-0.72534,0.56899,-7.0349,-2.9836,0.15905,-8.5624,0,0,0,NaN,NaN,NaN,NaN,NaN,NaN,NaN,NaN,NaN,46.768,0,3388,0.0064211,0.7758,2.5733,0.68037,0.092398,16.765,96840,11.25,-1.5356,0.63561,-9.5438,-3.943,0.31922,-8.3016,NaN,NaN,NaN,NaN,NaN
412.5,-17.56,-3.2437,17.416,-1.9321,0.73826,-10.618,-2.8656,-6.3285,-8.4205,0.5254,0.27113,-0.95652,NaN,NaN,NaN,NaN,NaN,NaN,NaN,NaN,NaN,46.768,0,3388,0.0064211,NaN,NaN,NaN,NaN,NaN,-1,-1,-1.5364,0.63617,-9.5197,-3.8992,0.51459,-8.3142,NaN,NaN,NaN,NaN,NaN
412.51,-17.567,-3.2394,17.394,-2.3281,1.32,-13.713,-3.6911,4.0926,-8.0684,0,0,0,NaN,NaN,NaN,NaN,NaN,NaN,NaN,NaN,NaN,46.768,0,3388,0.0064211,NaN,NaN,NaN,NaN,NaN,-1,-1,-1.5236,0.62591,-9.4653,-3.9153,0.50556,-8.3017,NaN,NaN,NaN,NaN,NaN
412.51,-17.576,-3.2332,17.372,-1.2226,0.019347,-6.0307,-4.5713,4.9588,-8.2536,0,0,0,NaN,NaN,NaN,NaN,NaN,NaN,NaN,NaN,NaN,46.768,0,3388,0.0064211,NaN,NaN,NaN,NaN,16.857,96881,11.313,-1.5274,0.62741,-9.5138,-3.9786,0.51817,-8.2816,NaN,NaN,NaN,NaN,NaN
412.51,-17.586,-3.251,17.357,-0.84732,-0.28679,-7.7727,-4.8438,-5.1108,-8.1796,0,0,0,NaN,NaN,NaN,NaN,NaN,NaN,NaN,NaN,NaN,46.768,0,3388,0.0064211,NaN,NaN,NaN,NaN,NaN,-1,-1,-1.5413,0.64822,-9.5469,-3.9352,0.49707,-8.2797,NaN,NaN,NaN,NaN,NaN
412.51,-17.593,-3.2548,17.336,-2.3076,1.716,-12.87,-3.7202,0.96274,-8.9337,0.53023,0.26603,-0.96053,NaN,NaN,NaN,NaN,NaN,NaN,NaN,NaN,NaN,46.768,0,3388,0.0064211,0.77088,2.5709,0.68828,NaN,16.619,96844,11.25,-1.5262,0.64015,-9.4788,-3.8739,0.5123,-8.2764,NaN,NaN,NaN,NaN,NaN
412.52,-17.598,-3.2526,17.315,-1.6914,0.35289,-7.4815,-2.7618,3.3432,-8.395,0,0,0,NaN,NaN,NaN,NaN,NaN,NaN,NaN,NaN,NaN,46.768,0,3388,0.0064211,NaN,NaN,NaN,0.067425,NaN,-1,-1,-1.5258,0.63642,-9.479,-3.859,0.58726,-8.2568,NaN,NaN,NaN,NaN,NaN
412.52,-17.607,-3.2653,17.299,-0.63692,0.14471,-9.1929,-4.4793,-3.0296,-8.0317,0,0,0,NaN,NaN,NaN,NaN,NaN,NaN,NaN,NaN,NaN,46.768,0,3388,0.0064211,NaN,NaN,NaN,NaN,NaN,-1,-1,-1.542,0.64389,-9.5382,-3.9083,0.36848,-8.2568,NaN,NaN,NaN,NaN,NaN
412.52,-17.618,-3.2717,17.28,-2.2412,0.76771,-12.075,-5.1442,-0.30189,-8.2328,0,0,0,NaN,NaN,NaN,NaN,NaN,NaN,NaN,NaN,NaN,46.768,0,3388,0.0064211,NaN,NaN,NaN,NaN,16.617,96837,11.188,-1.5385,0.6414,-9.4952,-3.9183,0.55021,-8.264,NaN,NaN,NaN,NaN,NaN
412.52,-17.625,-3.2623,17.256,-1.5772,1.5235,-9.295,-4.0127,6.26,-8.3693,0.5398,0.27562,-0.95745,NaN,NaN,NaN,NaN,NaN,NaN,NaN,NaN,NaN,46.768,0,3388,0.0064211,NaN,NaN,NaN,NaN,NaN,-1,-1,-1.5327,0.63529,-9.463,-3.8996,0.68539,-8.2768,NaN,NaN,NaN,NaN,NaN
412.53,-17.629,-3.2707,17.238,-0.81007,0.35069,-6.2242,-2.5027,-1.0408,-8.5427,0,0,0,NaN,NaN,NaN,NaN,NaN,NaN,NaN,NaN,NaN,46.768,0,3388,0.0064211,NaN,NaN,NaN,NaN,NaN,-1,-1,-1.538,0.62787,-9.5058,-3.8725,0.43214,-8.2821,NaN,NaN,NaN,NaN,NaN
412.53,-17.634,-3.2856,17.222,-1.8429,0.74994,-10.87,-2.7896,-3.8602,-8.273,0,0,0,NaN,NaN,NaN,NaN,NaN,NaN,NaN,NaN,NaN,46.768,0,3388,0.0064211,0.7654,2.445,0.74913,0.040788,16.715,96869,11.313,-1.5459,0.63533,-9.5083,-3.8713,0.48326,-8.2815,NaN,NaN,NaN,NaN,NaN
412.53,-17.64,-3.2835,17.202,-2.0511,0.57864,-12.661,-3.2798,3.1023,-7.8684,0,0,0,NaN,NaN,NaN,NaN,NaN,NaN,NaN,NaN,NaN,46.768,0,3388,0.0064211,NaN,NaN,NaN,NaN,NaN,-1,-1,-1.5348,0.62444,-9.4538,-3.8494,0.74745,-8.2765,NaN,NaN,NaN,NaN,NaN
412.53,-17.65,-3.2805,17.182,-1.7527,0.81442,-7.2108,-4.7426,3.5303,-7.8494,0.533,0.28039,-0.96028,NaN,NaN,NaN,NaN,NaN,NaN,NaN,NaN,NaN,46.768,0,3388,0.0064211,NaN,NaN,NaN,NaN,16.425,96866,11.313,-1.5346,0.62547,-9.4709,-3.8006,0.62565,-8.2573,NaN,NaN,NaN,NaN,NaN
412.54,-17.659,-3.2903,17.166,-0.617,-0.010271,-7.7218,-4.556,-1.9522,-7.6775,0,0,0,NaN,NaN,NaN,NaN,NaN,NaN,NaN,NaN,NaN,46.768,0,3388,0.0064211,NaN,NaN,NaN,NaN,NaN,-1,-1,-1.5254,0.61908,-9.4192,-3.7291,0.50672,-8.2656,NaN,NaN,NaN,NaN,NaN
412.54,-17.667,-3.2993,17.148,-2.0639,0.86877,-11.935,-3.7765,-1.3281,-8.4293,0,0,0,NaN,NaN,NaN,NaN,NaN,NaN,NaN,NaN,NaN,46.768,0,3388,0.0064211,NaN,NaN,NaN,NaN,NaN,-1,-1,-1.5166,0.61929,-9.4002,-3.6719,0.74609,-8.258,NaN,NaN,NaN,NaN,NaN
412.54,-17.672,-3.2964,17.126,-1.8978,0.76911,-8.8984,-2.9512,3.7052,-8.6253,0,0,0,NaN,NaN,NaN,NaN,NaN,NaN,NaN,NaN,NaN,46.768,0,3388,0.0064211,NaN,NaN,NaN,NaN,16.472,96857,11.25,-1.5325,0.62306,-9.4561,-3.6628,0.73373,-8.2393,NaN,NaN,NaN,NaN,NaN
412.54,-17.68,-3.3049,17.108,-0.73643,0.027573,-7.8208,-4.0921,-1.2987,-8.0272,0.53966,0.27082,-0.95746,NaN,NaN,NaN,NaN,NaN,NaN,NaN,NaN,NaN,46.768,0,3388,0.0064211,0.77033,2.5674,0.67306,0.092398,NaN,-1,-1,-1.5319,0.62276,-9.4314,-3.6873,0.50868,-8.2132,NaN,NaN,NaN,NaN,NaN
412.55,-17.69,-3.3165,17.091,-2.0499,0.94372,-11.344,-5.0817,-2.4641,-8.327,0,0,0,NaN,NaN,NaN,NaN,NaN,NaN,NaN,NaN,NaN,46.768,0,3388,0.0064211,NaN,NaN,NaN,NaN,NaN,-1,-1,-1.5263,0.61859,-9.3961,-3.7628,0.59391,-8.4614,NaN,NaN,NaN,NaN,NaN
412.55,-17.697,-3.3129,17.069,-1.6685,1.3554,-10.78,-3.5523,3.9597,-8.4023,0,0,0,NaN,NaN,NaN,NaN,NaN,NaN,NaN,NaN,NaN,46.768,0,3388,0.0064211,NaN,NaN,NaN,NaN,16.522,96866,11.313,-1.5244,0.61103,-9.4122,-3.753,0.89876,-8.4053,NaN,NaN,NaN,NaN,NaN
412.55,-17.701,-3.3135,17.048,-0.9669,0.11148,-6.7245,-2.6652,2.2431,-8.651,0,0,0,NaN,NaN,NaN,NaN,NaN,NaN,NaN,NaN,NaN,46.729,0.024486,3372.3,0.0058767,NaN,NaN,NaN,NaN,NaN,-1,-1,-1.5328,0.61548,-9.4328,-3.7209,0.58683,-8.3791,NaN,NaN,NaN,NaN,NaN
412.55,-17.711,-3.3352,17.014,-2.0253,0.58905,-13.817,-3.3394,-0.4547,-7.8943,0,0,0,NaN,NaN,NaN,NaN,NaN,NaN,NaN,NaN,NaN,46.729,0.024486,3372.3,0.0058767,0.7561,2.5638,0.66941,0.10239,16.791,96892,11.438,-1.5279,0.6118,-9.3737,-3.6772,0.56501,-8.3266,NaN,NaN,NaN,NaN,NaN
412.56,-17.719,-3.3269,16.992,-2.0585,0.75778,-8.2217,-4.115,5.7912,-7.9008,0,0,0,NaN,NaN,NaN,NaN,NaN,NaN,NaN,NaN,NaN,46.729,0.024486,3372.3,0.0058767,NaN,NaN,NaN,NaN,NaN,-1,-1,-1.5156,0.6035,-9.3801,-3.6533,0.67263,-8.2655,NaN,NaN,NaN,NaN,NaN
412.56,-17.727,-3.334,16.975,-0.59202,0.26593,-7.4477,-4.1328,-0.72496,-7.8854,0,0,0,NaN,NaN,NaN,NaN,NaN,NaN,NaN,NaN,NaN,46.729,0.024486,3372.3,0.0058767,NaN,NaN,NaN,NaN,NaN,-1,-1,-1.5355,0.61619,-9.4266,-3.6055,0.68798,-8.2269,NaN,NaN,NaN,NaN,NaN
412.56,-17.735,-3.3479,16.958,-1.5803,0.43714,-9.7494,-4.1074,-3.4573,-8.4667,0.52735,0.26654,-0.9519,6.4355,17.751,-1.9152,18.978,40.058,-88.548,3.6798e+05,4.4354e+06,333.02,46.729,0.024486,3372.3,0.0058767,NaN,NaN,NaN,NaN,16.616,96844,11.188,-1.5256,0.62326,-9.3787,-3.5,0.45673,-8.1904,18.936,0.68477,1.0702,3.2348,2.0678
412.56,-17.74,-3.3457,16.936,-2.2332,1.078,-10.606,-2.708,3.4712,-8.6751,0,0,0,NaN,NaN,NaN,NaN,NaN,NaN,NaN,NaN,NaN,46.729,0.024486,3372.3,0.0058767,NaN,NaN,NaN,NaN,NaN,-1,-1,-1.5124,0.61115,-9.353,-3.4589,0.46546,-8.132,NaN,NaN,NaN,NaN,NaN
412.57,-17.746,-3.3499,16.916,-0.8938,-0.04084,-7.4551,-3.503,0.68635,-8.3998,0,0,0,NaN,NaN,NaN,NaN,NaN,NaN,NaN,NaN,NaN,46.729,0.024486,3372.3,0.0058767,NaN,NaN,NaN,NaN,NaN,-1,-1,-1.5273,0.61803,-9.373,-3.4733,0.77703,-8.0839,NaN,NaN,NaN,NaN,NaN
412.57,-17.754,-3.3637,16.9,-1.8563,0.74252,-10.387,-4.0669,-3.3647,-8.3709,0,0,0,NaN,NaN,NaN,NaN,NaN,NaN,NaN,NaN,NaN,46.729,0.024486,3372.3,0.0058767,NaN,NaN,NaN,NaN,16.642,96874,11.313,-1.5259,0.61988,-9.3727,-3.5034,0.77845,-8.0484,NaN,NaN,NaN,NaN,NaN
412.57,-17.762,-3.3632,16.879,-1.6703,1.5362,-11.344,-3.7982,2.6037,-8.3049,0.53474,0.26368,-0.9579,NaN,NaN,NaN,NaN,NaN,NaN,NaN,NaN,NaN,46.729,0.024486,3372.3,0.0058767,NaN,NaN,NaN,NaN,NaN,-1,-1,-1.5221,0.61072,-9.3287,-3.4516,0.69509,-8.0509,NaN,NaN,NaN,NaN,NaN
412.57,-17.766,-3.3597,16.857,-1.0142,-0.20665,-7.4257,-2.7272,3.8438,-8.2816,0,0,0,NaN,NaN,NaN,NaN,NaN,NaN,NaN,NaN,NaN,46.729,0.024486,3372.3,0.0058767,NaN,NaN,NaN,NaN,16.692,96842,11.25,-1.522,0.61067,-9.3292,-3.3295,0.69258,-8.0374,NaN,NaN,NaN,NaN,NaN
412.58,-17.769,-3.3734,16.841,-1.4341,1.0564,-7.685,-2.1454,-3.2866,-8.5139,0,0,0,NaN,NaN,NaN,NaN,NaN,NaN,NaN,NaN,NaN,46.729,0.024486,3372.3,0.0058767,NaN,NaN,NaN,NaN,NaN,-1,-1,-1.52,0.61031,-9.3324,-3.3056,0.80517,-8.0066,NaN,NaN,NaN,NaN,NaN
412.58,-17.774,-3.3806,16.824,-1.8111,0.66054,-12.882,-2.7346,-0.81738,-7.62,0,0,0,NaN,NaN,NaN,NaN,NaN,NaN,NaN,NaN,NaN,46.729,0.024486,3372.3,0.0058767,0.8207,2.4737,0.74913,NaN,NaN,-1,-1,-1.5241,0.6032,-9.3465,-3.3332,0.80628,-7.9671,NaN,NaN,NaN,NaN,NaN
412.58,-17.781,-3.3759,16.802,-2.1719,0.7863,-8.5841,-3.7859,4.3156,-8.1994,0.53482,0.271,-0.95567,NaN,NaN,NaN,NaN,NaN,NaN,NaN,NaN,NaN,46.729,0.024486,3372.3,0.0058767,0.8207,2.4737,0.74913,NaN,16.571,96863,11.313,-1.5227,0.60797,-9.3384,-3.3435,0.85166,-7.9466,NaN,NaN,NaN,NaN,NaN
412.58,-17.789,-3.3787,16.783,-1.0339,0.40856,-7.7264,-4.0145,1.1172,-7.9504,0,0,0,NaN,NaN,NaN,NaN,NaN,NaN,NaN,NaN,NaN,46.729,0.024486,3372.3,0.0058767,NaN,NaN,NaN,0.0058269,NaN,-1,-1,-1.5028,0.60455,-9.2331,-3.2699,0.96652,-7.9473,NaN,NaN,NaN,NaN,NaN
412.59,-17.796,-3.3917,16.767,-1.1801,0.46217,-9.8935,-3.4831,-2.9677,-8.5116,0,0,0,NaN,NaN,NaN,NaN,NaN,NaN,NaN,NaN,NaN,46.729,0.024486,3372.3,0.0058767,NaN,NaN,NaN,NaN,NaN,-1,-1,-1.4997,0.60977,-9.242,-3.193,0.92074,-7.9375,NaN,NaN,NaN,NaN,NaN
412.59,-17.801,-3.3918,16.745,-2.2796,0.97147,-9.7149,-2.8541,2.4857,-8.7244,0,0,0,NaN,NaN,NaN,NaN,NaN,NaN,NaN,NaN,NaN,46.729,0.024486,3372.3,0.0058767,NaN,NaN,NaN,NaN,16.616,96844,11.188,-1.5057,0.61031,-9.2186,-3.1971,0.98511,-7.8996,NaN,NaN,NaN,NaN,NaN
412.59,-17.807,-3.3933,16.725,-1.1281,0.1865,-8.1743,-3.4858,1.7499,-8.1687,0.53717,0.27097,-0.95546,NaN,NaN,NaN,NaN,NaN,NaN,NaN,NaN,NaN,46.729,0.024486,3372.3,0.0058767,NaN,NaN,NaN,NaN,NaN,-1,-1,-1.5034,0.60654,-9.2055,-3.2491,1.2759,-7.8752,NaN,NaN,NaN,NaN,NaN
412.59,-17.815,-3.4072,16.709,-1.4751,0.60243,-9.3918,-4.0261,-3.4916,-8.1381,0,0,0,NaN,NaN,NaN,NaN,NaN,NaN,NaN,NaN,NaN,46.729,0.024486,3372.3,0.0058767,0.76102,2.4415,0.74913,0.032464,16.495,96844,11.188,-1.5031,0.61618,-9.1809,-3.268,1.045,-7.8564,NaN,NaN,NaN,NaN,NaN
412.6,-17.824,-3.4054,16.688,-1.8383,1.3264,-13.152,-4.4152,3.1934,-8.284,0,0,0,NaN,NaN,NaN,NaN,NaN,NaN,NaN,NaN,NaN,46.729,0.024486,3372.3,0.0058767,NaN,NaN,NaN,NaN,NaN,-1,-1,-1.5044,0.59901,-9.202,-3.2184,0.72968,-7.8728,NaN,NaN,NaN,NaN,NaN
412.6,-17.829,-3.401,16.665,-1.0948,0.11962,-5.4041,-3.1149,4.428,-8.8359,0,0,0,NaN,NaN,NaN,NaN,NaN,NaN,NaN,NaN,NaN,46.729,0.024486,3372.3,0.0058767,NaN,NaN,NaN,NaN,NaN,-1,-1,-1.5075,0.59103,-9.2162,-3.1714,0.95733,-7.8805,NaN,NaN,NaN,NaN,NaN
412.6,0,0,0,0,0,0,0,0,0,0,0,0,NaN,NaN,NaN,NaN,NaN,NaN,NaN,NaN,NaN,46.729,0.024486,3372.3,0.0058767,NaN,NaN,NaN,NaN,16.717,96878,11.375,-1.5044,0.60645,-9.1788,-3.1773,0.92274,-7.8467,NaN,NaN,NaN,NaN,NaN
412.6,-17.832,-3.4189,16.649,-1.1516,0.94163,-8.7873,-1.8771,-5.1088,-8.3745,0.53676,0.26149,-0.95328,NaN,NaN,NaN,NaN,NaN,NaN,NaN,NaN,NaN,46.729,0.024486,3372.3,0.0058767,NaN,NaN,NaN,NaN,NaN,-1,-1,-1.4958,0.59469,-9.1859,-3.2394,0.59419,-7.8379,NaN,NaN,NaN,NaN,NaN
412.61,-17.843,-3.4187,16.611,-1.5906,0.13188,-9.6685,-3.529,4.9378,-7.5977,0,0,0,NaN,NaN,NaN,NaN,NaN,NaN,NaN,NaN,NaN,46.729,0.024486,3372.3,0.0058767,0.76212,2.5578,0.68219,0.10572,NaN,-1,-1,-1.5068,0.58414,-9.2094,-3.2401,0.72146,-7.8564,NaN,NaN,NaN,NaN,NaN
412.61,-17.853,-3.4229,16.593,-1.1255,0.45309,-7.1389,-4.6485,0.51177,-7.921,0,0,0,NaN,NaN,NaN,NaN,NaN,NaN,NaN,NaN,NaN,46.729,0.024486,3372.3,0.0058767,0.76212,2.5578,0.68219,0.10572,16.401,96861,11.313,-1.5062,0.60528,-9.2064,-3.1677,0.81302,-7.8806,NaN,NaN,NaN,NaN,NaN
412.61,-17.865,-3.435,16.554,-1.9082,0.45496,-11.022,-2.9931,3.3399,-8.6363,0,0,0,NaN,NaN,NaN,NaN,NaN,NaN,NaN,NaN,NaN,46.729,0.024486,3372.3,0.0058767,NaN,NaN,NaN,NaN,NaN,-1,-1,-1.4937,0.60095,-9.1757,-3.146,0.60484,-7.8868,NaN,NaN,NaN,NaN,NaN
412.61,-17.87,-3.4373,16.535,-1.4642,0.27536,-7.0673,-2.8172,1.4437,-8.2303,0,0,0,NaN,NaN,NaN,NaN,NaN,NaN,NaN,NaN,NaN,46.729,0.024486,3372.3,0.0058767,NaN,NaN,NaN,NaN,16.714,96876,11.313,-1.4977,0.59194,-9.174,-3.1864,0.67057,-7.875,NaN,NaN,NaN,NaN,NaN
412.62,-17.922,-3.4788,16.457,-1.8715,1.0785,-12.571,-4.3015,1.689,-8.1413,0.53946,0.26854,-0.95525,NaN,NaN,NaN,NaN,NaN,NaN,NaN,NaN,NaN,46.729,0.024486,3372.3,0.0058767,NaN,NaN,NaN,NaN,NaN,-1,-1,-1.4978,0.59362,-9.1755,-3.2572,0.77998,-7.8652,NaN,NaN,NaN,NaN,NaN
412.62,-17.927,-3.4727,16.434,-1.5199,0.045767,-7.0612,-3.1816,5.0766,-8.5411,0,0,0,NaN,NaN,NaN,NaN,NaN,NaN,NaN,NaN,NaN,46.729,0.024486,3372.3,0.0058767,NaN,NaN,NaN,NaN,NaN,-1,-1,-1.497,0.6016,-9.1533,-3.281,0.61307,-7.8886,NaN,NaN,NaN,NaN,NaN
412.62,-17.931,-3.4838,16.416,-0.74447,1.1488,-7.0551,-2.3681,-2.1519,-8.5386,0,0,0,NaN,NaN,NaN,NaN,NaN,NaN,NaN,NaN,NaN,46.729,0.024486,3372.3,0.0058767,0.75007,2.5739,0.68341,0.09656,16.47,96844,11.188,-1.4976,0.58374,-9.1361,-3.2237,0.50577,-7.9301,NaN,NaN,NaN,NaN,NaN
412.62,-17.935,-3.499,16.401,-1.8437,0.48391,-11.325,-2.1677,-3.9684,-8.1756,0,0,0,NaN,NaN,NaN,NaN,NaN,NaN,NaN,NaN,NaN,46.729,0.024486,3372.3,0.0058767,NaN,NaN,NaN,NaN,NaN,-1,-1,-1.4888,0.57836,-9.1378,-3.197,0.50228,-7.9528,NaN,NaN,NaN,NaN,NaN
412.63,-17.941,-3.4952,16.38,-2.3967,0.44616,-12.843,-3.5471,3.8397,-7.8885,0.54444,0.27807,-0.9548,NaN,NaN,NaN,NaN,NaN,NaN,NaN,NaN,NaN,46.729,0.024486,3372.3,0.0058767,NaN,NaN,NaN,NaN,NaN,-1,-1,-1.5085,0.59502,-9.2278,-3.2073,0.47162,-7.9589,NaN,NaN,NaN,NaN,NaN
412.63,-17.951,-3.4891,16.358,-1.3661,0.52737,-6.3094,-4.8151,4.9015,-7.9277,0,0,0,NaN,NaN,NaN,NaN,NaN,NaN,NaN,NaN,NaN,46.729,0.024486,3372.3,0.0058767,NaN,NaN,NaN,NaN,16.421,96843,11.188,-1.5006,0.58188,-9.2263,-3.2345,0.4002,-7.9787,NaN,NaN,NaN,NaN,NaN
412.63,-17.958,-3.5073,16.344,-0.34664,0.63133,-7.1534,-3.8182,-5.2801,-8.1059,0,0,0,NaN,NaN,NaN,NaN,NaN,NaN,NaN,NaN,NaN,46.729,0.024486,3372.3,0.0058767,NaN,NaN,NaN,NaN,16.789,96880,11.375,-1.5072,0.57775,-9.2474,-3.1965,0.44892,-8.0132,NaN,NaN,NaN,NaN,NaN
412.63,-17.964,-3.5147,16.325,-2.4261,0.75128,-13.42,-3.2612,-0.58757,-8.658,0,0,0,NaN,NaN,NaN,NaN,NaN,NaN,NaN,NaN,NaN,46.729,0.024486,3372.3,0.0058767,NaN,NaN,NaN,NaN,NaN,-1,-1,-1.5086,0.58567,-9.2531,-3.106,0.42062,-8.0467,NaN,NaN,NaN,NaN,NaN
412.64,-17.969,-3.5074,16.301,-1.9775,0.47749,-7.1042,-2.8187,5.5182,-8.3772,0.53468,0.2662,-0.95569,NaN,NaN,NaN,NaN,NaN,NaN,NaN,NaN,NaN,46.729,0.024486,3372.3,0.0058767,NaN,NaN,NaN,NaN,NaN,-1,-1,-1.513,0.60199,-9.2387,-3.0394,0.23239,-8.0614,NaN,NaN,NaN,NaN,NaN
412.64,-17.976,-3.521,16.286,-0.4296,0.24496,-8.2851,-3.7618,-3.3751,-8.0406,0,0,0,NaN,NaN,NaN,NaN,NaN,NaN,NaN,NaN,NaN,46.729,0.024486,3372.3,0.0058767,NaN,NaN,NaN,NaN,NaN,-1,-1,-1.5058,0.59188,-9.2074,-3.0392,0.19074,-8.0784,NaN,NaN,NaN,NaN,NaN
412.64,-17.984,-3.5338,16.27,-2.1606,1.009,-12.558,-4.0844,-2.9534,-8.1708,0,0,0,NaN,NaN,NaN,NaN,NaN,NaN,NaN,NaN,NaN,46.729,0.024486,3372.3,0.0058767,NaN,NaN,NaN,NaN,16.471,96858,11.25,-1.5206,0.59493,-9.2598,-3.0505,0.25287,-8.1131,NaN,NaN,NaN,NaN,NaN
412.64,-17.993,-3.5266,16.225,-0.44667,0.63976,-4.7859,-1.9742,-0.010829,-8.6934,0.53488,0.26848,-0.95789,NaN,NaN,NaN,NaN,NaN,NaN,NaN,NaN,NaN,46.729,0.024486,3372.3,0.0058767,NaN,NaN,NaN,NaN,NaN,-1,-1,-1.5184,0.59211,-9.2676,-3.0231,-0.020526,-8.1767,NaN,NaN,NaN,NaN,NaN
412.65,-17.996,-3.5482,16.211,-1.817,0.90039,-10.519,-1.7972,-6.6307,-8.3263,0,0,0,NaN,NaN,NaN,NaN,NaN,NaN,NaN,NaN,NaN,46.729,0.024486,3372.3,0.0058767,0.81796,2.4743,0.754,NaN,NaN,-1,-1,-1.5253,0.59362,-9.2639,-2.9432,0.041946,-8.2415,NaN,NaN,NaN,NaN,NaN
412.65,-18,-3.5465,16.191,-2.3977,0.10641,-14.246,-2.6313,3.0461,-7.9237,0,0,0,NaN,NaN,NaN,NaN,NaN,NaN,NaN,NaN,NaN,46.729,0.024486,3372.3,0.0058767,NaN,NaN,NaN,0.0024972,16.52,96836,11.188,-1.5217,0.59708,-9.2351,-2.9378,0.024584,-8.2661,NaN,NaN,NaN,NaN,NaN
412.65,-18.008,-3.5359,16.169,-1.3517,0.87579,-6.7163,-4.0966,6.6673,-7.5379,0,0,0,NaN,NaN,NaN,NaN,NaN,NaN,NaN,NaN,NaN,46.729,0.024486,3372.3,0.0058767,NaN,NaN,NaN,NaN,NaN,-1,-1,-1.5168,0.59174,-9.255,-2.9516,-0.13181,-8.3121,NaN,NaN,NaN,NaN,NaN
412.65,-18.014,-3.5517,16.154,-0.66636,0.54199,-6.5257,-3.2884,-4.3003,-8.037,0.54424,0.27087,-0.95483,NaN,NaN,NaN,NaN,NaN,NaN,NaN,NaN,NaN,46.729,0.024486,3372.3,0.0058767,NaN,NaN,NaN,NaN,16.447,96858,11.25,-1.5306,0.59849,-9.2565,-2.9304,0.10923,-8.3692,NaN,NaN,NaN,NaN,NaN
412.66,-18.019,-3.5631,16.136,-2.0686,0.41389,-12.025,-2.8325,-2.1627,-8.82,0,0,0,NaN,NaN,NaN,NaN,NaN,NaN,NaN,NaN,NaN,46.729,0.024486,3372.3,0.0058767,NaN,NaN,NaN,NaN,NaN,-1,-1,-1.5302,0.5972,-9.2601,-2.8899,0.19199,-8.4489,NaN,NaN,NaN,NaN,NaN
412.66,-18.022,-3.5569,16.113,-1.8705,0.80603,-9.0383,-2.2658,5.1294,-8.5334,0,0,0,NaN,NaN,NaN,NaN,NaN,NaN,NaN,NaN,NaN,46.729,0.024486,3372.3,0.0058767,0.77142,2.5751,0.68219,0.084073,NaN,-1,-1,-1.5387,0.59884,-9.2838,-2.7749,0.057321,-8.1908,NaN,NaN,NaN,NaN,NaN
412.66,-18.027,-3.5667,16.096,-0.77453,0.37694,-7.9306,-2.6321,-1.8266,-7.8865,0,0,0,NaN,NaN,NaN,NaN,NaN,NaN,NaN,NaN,NaN,46.748,0.024486,3346.6,0.0058767,NaN,NaN,NaN,NaN,16.641,96842,11.188,-1.5285,0.59963,-9.2127,-2.7286,0.018295,-8.186,NaN,NaN,NaN,NaN,NaN
412.66,-18.034,-3.5783,16.08,-2.1199,0.26546,-11.322,-3.9153,-2.5186,-8.0446,0.54202,0.2757,-0.95502,NaN,NaN,NaN,NaN,NaN,NaN,NaN,NaN,NaN,46.748,0.024486,3346.6,0.0058767,NaN,NaN,NaN,NaN,NaN,-1,-1,-1.5309,0.5935,-9.2693,-2.7209,0.25666,-8.1657,NaN,NaN,NaN,NaN,NaN
412.67,-18.04,-3.5745,16.059,-1.5318,1.2141,-10.945,-3.0804,3.88,-7.8537,0,0,0,NaN,NaN,NaN,NaN,NaN,NaN,NaN,NaN,NaN,46.748,0.024486,3346.6,0.0058767,NaN,NaN,NaN,NaN,NaN,-1,-1,-1.5359,0.593,-9.2666,-2.7248,0.090177,-8.1602,NaN,NaN,NaN,NaN,NaN
412.67,-18.042,-3.5731,16.038,-0.88024,0.89275,-5.8806,-1.9477,3.0666,-8.3789,0,0,0,NaN,NaN,NaN,NaN,NaN,NaN,NaN,NaN,NaN,46.748,0.024486,3346.6,0.0058767,NaN,NaN,NaN,NaN,16.617,96883,11.313,-1.5338,0.59975,-9.2196,-2.6587,0.1778,-8.1751,NaN,NaN,NaN,NaN,NaN
412.67,-18.042,-3.5899,16.023,-1.6164,0.62271,-9.1598,-0.87147,-4.5754,-8.3312,0,0,0,NaN,NaN,NaN,NaN,NaN,NaN,NaN,NaN,NaN,46.748,0.024486,3346.6,0.0058767,NaN,NaN,NaN,NaN,NaN,-1,-1,-1.5272,0.59461,-9.2323,-2.6059,0.41622,-8.176,NaN,NaN,NaN,NaN,NaN
412.67,-18.045,-3.5959,16.005,-2.0236,0.096604,-12.694,-2.1134,-0.23319,-7.9633,0.54417,0.26847,-0.95483,NaN,NaN,NaN,NaN,NaN,NaN,NaN,NaN,NaN,46.748,0.024486,3346.6,0.0058767,0.77854,2.4433,0.75339,0.054107,16.447,96835,11.188,-1.5406,0.60062,-9.2586,-2.6426,0.40419,-8.1583,NaN,NaN,NaN,NaN,NaN
412.68,-18.051,-3.5887,15.983,-1.7913,1.2552,-8.5291,-3.1033,5.2643,-7.6913,0,0,0,NaN,NaN,NaN,NaN,NaN,NaN,NaN,NaN,NaN,46.748,0.024486,3346.6,0.0058767,NaN,NaN,NaN,NaN,NaN,-1,-1,-1.5331,0.5952,-9.2292,-2.6586,0.54089,-8.1573,NaN,NaN,NaN,NaN,NaN
412.68,-18.056,-3.5939,15.965,-0.97135,0.057909,-7.6004,-2.9813,0.22139,-8.0562,0,0,0,NaN,NaN,NaN,NaN,NaN,NaN,NaN,NaN,NaN,46.748,0.024486,3346.6,0.0058767,NaN,NaN,NaN,NaN,NaN,-1,-1,-1.528,0.58916,-9.1881,-2.5876,0.54271,-8.1706,NaN,NaN,NaN,NaN,NaN
412.68,-18.06,-3.6094,15.949,-1.4783,0.21264,-9.7451,-2.5318,-3.9518,-8.6726,0,0,0,NaN,NaN,NaN,NaN,NaN,NaN,NaN,NaN,NaN,46.748,0.024486,3346.6,0.0058767,NaN,NaN,NaN,NaN,16.493,96830,11.125,-1.5425,0.59893,-9.2544,-2.5169,0.45663,-8.1725,NaN,NaN,NaN,NaN,NaN
412.68,-18.062,-3.6086,15.927,-2.1447,1.1334,-10.531,-1.7566,2.8046,-8.3752,0.53945,0.26362,-0.95748,NaN,NaN,NaN,NaN,NaN,NaN,NaN,NaN,NaN,46.748,0.024486,3346.6,0.0058767,NaN,NaN,NaN,NaN,NaN,-1,-1,-1.5425,0.59525,-9.2411,-2.532,0.41416,-8.154,NaN,NaN,NaN,NaN,NaN
412.69,-18.066,-3.6108,15.908,-0.95211,0.49635,-7.1838,-2.502,1.4215,-8.0008,0,0,0,NaN,NaN,NaN,NaN,NaN,NaN,NaN,NaN,NaN,46.748,0.024486,3346.6,0.0058767,NaN,NaN,NaN,NaN,NaN,-1,-1,-1.5334,0.59528,-9.1788,-2.6331,0.792,-8.1285,NaN,NaN,NaN,NaN,NaN
412.69,-18.073,-3.6257,15.892,-1.7294,0.14788,-10.237,-3.3532,-3.808,-8.3824,0,0,0,NaN,NaN,NaN,NaN,NaN,NaN,NaN,NaN,NaN,46.748,0.024486,3346.6,0.0058767,NaN,NaN,NaN,NaN,16.375,96868,11.313,-1.5346,0.59019,-9.2038,-2.6889,0.55125,-8.1348,NaN,NaN,NaN,NaN,NaN
412.69,-18.078,-3.6251,15.872,-1.8449,1.7064,-12.019,-3.1561,2.664,-8.1016,0,0,0,NaN,NaN,NaN,NaN,NaN,NaN,NaN,NaN,NaN,46.748,0.024486,3346.6,0.0058767,NaN,NaN,NaN,NaN,NaN,-1,-1,-1.5453,0.60031,-9.2422,-2.6965,0.52559,-8.1648,NaN,NaN,NaN,NaN,NaN
412.69,-18.081,-3.6207,15.848,-1.1028,0.37851,-6.3229,-2.2031,4.3623,-8.6643,0.52985,0.27131,-0.95167,NaN,NaN,NaN,NaN,NaN,NaN,NaN,NaN,NaN,46.748,0.024486,3346.6,0.0058767,NaN,NaN,NaN,NaN,16.421,96846,11.188,-1.5446,0.60264,-9.206,-2.695,0.99711,-8.1702,NaN,NaN,NaN,NaN,NaN
412.7,-18.085,-3.6448,15.816,-2.0217,0.5244,-12.513,-2.1048,-1.2077,-7.9482,0,0,0,NaN,NaN,NaN,NaN,NaN,NaN,NaN,NaN,NaN,46.748,0.024486,3346.6,0.0058767,0.76869,2.5757,0.67489,0.089068,NaN,-1,-1,-1.5302,0.59394,-9.181,-2.7612,0.98549,-8.1477,NaN,NaN,NaN,NaN,NaN
412.7,-18.09,-3.6389,15.795,-1.8054,1.034,-9.1777,-2.7947,4.7036,-7.6274,0,0,0,NaN,NaN,NaN,NaN,NaN,NaN,NaN,NaN,NaN,46.748,0.024486,3346.6,0.0058767,NaN,NaN,NaN,NaN,NaN,-1,-1,-1.5449,0.60646,-9.2177,-2.8778,0.79502,-8.1473,NaN,NaN,NaN,NaN,NaN
412.7,-18.097,-3.6435,15.777,-1.2585,-0.3126,-7.4615,-3.8802,0.36039,-7.8753,0.54194,0.26838,-0.95725,NaN,NaN,NaN,NaN,NaN,NaN,NaN,NaN,NaN,46.748,0.024486,3346.6,0.0058767,NaN,NaN,NaN,NaN,16.376,96882,11.375,-1.545,0.61104,-9.2093,-2.8871,0.99424,-8.1654,NaN,NaN,NaN,NaN,NaN
412.7,-18.107,-3.6584,15.74,-2.25,1.3701,-10.899,-2.3726,2.5418,-8.6745,0,0,0,NaN,NaN,NaN,NaN,NaN,NaN,NaN,NaN,NaN,46.748,0.024486,3346.6,0.0058767,NaN,NaN,NaN,NaN,NaN,-1,-1,-1.5381,0.59671,-9.1598,-2.8563,0.92782,-8.1709,NaN,NaN,NaN,NaN,NaN
412.71,-18.111,-3.6606,15.72,-1.1696,-0.11916,-7.4248,-2.4054,1.4334,-8.1147,0,0,0,NaN,NaN,NaN,NaN,NaN,NaN,NaN,NaN,NaN,46.748,0.024486,3346.6,0.0058767,NaN,NaN,NaN,NaN,NaN,-1,-1,-1.5408,0.60455,-9.1767,-2.8992,0.80359,-8.1646,NaN,NaN,NaN,NaN,NaN
412.71,-18.119,-3.6767,15.705,-1.4654,0.42461,-9.4668,-4.2255,-4.4229,-7.9784,0.54626,0.26868,-0.9502,NaN,NaN,NaN,NaN,NaN,NaN,NaN,NaN,NaN,46.748,0.024486,3346.6,0.0058767,NaN,NaN,NaN,NaN,16.644,96905,11.438,-1.5342,0.60114,-9.1244,-3.028,0.98375,-8.1213,NaN,NaN,NaN,NaN,NaN
412.71,-18.127,-3.6778,15.686,-2.129,1.4331,-12.676,-3.9682,1.8586,-7.9688,0,0,0,NaN,NaN,NaN,NaN,NaN,NaN,NaN,NaN,NaN,46.748,0.024486,3346.6,0.0058767,0.77909,2.5709,0.69741,NaN,NaN,-1,-1,-1.5326,0.5949,-9.1167,-3.149,1.1317,-8.112,NaN,NaN,NaN,NaN,NaN
412.71,-18.132,-3.6721,15.663,-0.95221,0.70362,-6.0917,-2.8913,4.954,-8.4725,0,0,0,NaN,NaN,NaN,NaN,NaN,NaN,NaN,NaN,NaN,46.748,0.024486,3346.6,0.0058767,NaN,NaN,NaN,0.062431,16.349,96878,11.313,-1.5417,0.60105,-9.1604,-3.228,0.99574,-8.1472,NaN,NaN,NaN,NaN,NaN
412.72,-18.135,-3.6868,15.647,-1.0918,0.16857,-7.8423,-2.1708,-3.6986,-8.4643,0,0,0,NaN,NaN,NaN,NaN,NaN,NaN,NaN,NaN,NaN,46.748,0.024486,3346.6,0.0058767,NaN,NaN,NaN,NaN,NaN,-1,-1,-1.5355,0.59601,-9.1139,-3.2606,0.96498,-8.183,NaN,NaN,NaN,NaN,NaN
412.72,-18.139,-3.6996,15.631,-2.1482,1.0387,-12.036,-2.461,-2.9654,-8.1277,0.5369,0.26629,-0.95326,NaN,NaN,NaN,NaN,NaN,NaN,NaN,NaN,NaN,46.748,0.024486,3346.6,0.0058767,NaN,NaN,NaN,NaN,NaN,-1,-1,-1.5306,0.59947,-9.1091,-3.2968,1.0081,-8.1783,NaN,NaN,NaN,NaN,NaN
412.72,-18.145,-3.6923,15.609,-1.7861,0.45812,-10.986,-3.4944,5.3664,-7.8712,0,0,0,NaN,NaN,NaN,NaN,NaN,NaN,NaN,NaN,NaN,46.748,0.024486,3346.6,0.0058767,NaN,NaN,NaN,NaN,16.543,96847,11.188,-1.537,0.60214,-9.1184,-3.3989,1.0449,-8.1676,NaN,NaN,NaN,NaN,NaN
412.72,-18.154,-3.6942,15.59,-1.2298,0.32494,-5.7898,-4.3435,1.5571,-7.9283,0,0,0,NaN,NaN,NaN,NaN,NaN,NaN,NaN,NaN,NaN,46.748,0.024486,3346.6,0.0058767,NaN,NaN,NaN,NaN,NaN,-1,-1,-1.5251,0.59491,-9.079,-3.5092,0.97961,-8.1488,NaN,NaN,NaN,NaN,NaN
412.73,-18.162,-3.7114,15.576,-0.76262,0.50761,-9.4142,-4.0344,-4.9103,-7.9431,0,0,0,NaN,NaN,NaN,NaN,NaN,NaN,NaN,NaN,NaN,46.748,0.024486,3346.6,0.0058767,NaN,NaN,NaN,NaN,NaN,-1,-1,-1.5329,0.59465,-9.1039,-3.5721,1.0658,-8.1612,NaN,NaN,NaN,NaN,NaN
412.73,-18.167,-3.7108,15.554,-2.4693,1.0166,-11.333,-3.1019,2.7544,-8.4152,0.53448,0.26392,-0.95348,NaN,NaN,NaN,NaN,NaN,NaN,NaN,NaN,NaN,46.748,0.024486,3346.6,0.0058767,NaN,NaN,NaN,NaN,16.668,96867,11.313,-1.5395,0.60024,-9.1249,-3.5388,1.0706,-8.1655,NaN,NaN,NaN,NaN,NaN
412.73,-18.172,-3.7098,15.533,-1.4793,0.59949,-6.5621,-2.7704,2.9029,-8.3998,0,0,0,NaN,NaN,NaN,NaN,NaN,NaN,NaN,NaN,NaN,46.748,0.024486,3346.6,0.0058767,NaN,NaN,NaN,NaN,NaN,-1,-1,-1.532,0.60088,-9.0695,-3.5977,0.82953,-8.1536,NaN,NaN,NaN,NaN,NaN
412.73,-18.189,-3.7334,15.5,-2.3336,0.81838,-12.967,-4.6886,0.21549,-8.0613,0,0,0,NaN,NaN,NaN,NaN,NaN,NaN,NaN,NaN,NaN,46.748,0.024486,3346.6,0.0058767,NaN,NaN,NaN,NaN,16.448,96854,11.25,-1.5337,0.60133,-9.0976,-3.7103,1.1282,-8.1366,NaN,NaN,NaN,NaN,NaN
412.74,-18.189,-3.7334,15.5,-2.3336,0.81838,-12.967,-4.6886,0.21549,-8.0613,0,0,0,NaN,NaN,NaN,NaN,NaN,NaN,NaN,NaN,NaN,46.748,0.024486,3346.6,0.0058767,NaN,NaN,NaN,NaN,NaN,-1,-1,-1.5345,0.60527,-9.0841,-3.7873,1.1719,-8.1358,NaN,NaN,NaN,NaN,NaN
412.74,-18.196,-3.7219,15.475,-1.2176,1.2152,-7.6458,-3.72,7.3233,-8.3606,0.5324,0.27355,-0.95366,NaN,NaN,NaN,NaN,NaN,NaN,NaN,NaN,NaN,46.748,0.024486,3346.6,0.0058767,0.77088,2.5602,0.67732,0.10239,NaN,-1,-1,-1.5364,0.60698,-9.064,-3.8141,0.75176,-8.1725,NaN,NaN,NaN,NaN,NaN
412.74,-18.2,-3.735,15.458,-0.83608,-0.015769,-5.7207,-2.7004,-2.9638,-8.6244,0,0,0,NaN,NaN,NaN,NaN,NaN,NaN,NaN,NaN,NaN,46.748,0.024486,3346.6,0.0058767,NaN,NaN,NaN,NaN,16.715,96874,11.313,-1.5344,0.60772,-9.0534,-3.7978,0.7523,-8.1887,NaN,NaN,NaN,NaN,NaN
412.74,-18.211,-3.7459,15.422,-2.06,0.73557,-13.027,-3.3443,5.3697,-7.8196,0,0,0,NaN,NaN,NaN,NaN,NaN,NaN,NaN,NaN,NaN,46.748,0.024486,3346.6,0.0058767,NaN,NaN,NaN,NaN,NaN,-1,-1,-1.5329,0.6116,-9.0564,-3.801,0.9077,-8.1855,NaN,NaN,NaN,NaN,NaN
412.75,-18.22,-3.7424,15.401,-1.3413,0.23255,-4.8666,-4.56,3.7174,-7.6025,0.53953,0.27094,-0.95525,NaN,NaN,NaN,NaN,NaN,NaN,NaN,NaN,NaN,46.748,0.024486,3346.6,0.0058767,NaN,NaN,NaN,NaN,NaN,-1,-1,-1.5341,0.60762,-9.0578,-3.895,0.61565,-8.1869,NaN,NaN,NaN,NaN,NaN
412.75,-18.23,-3.7598,15.387,-0.94151,0.49309,-8.5988,-4.747,-4.9303,-8.0636,0,0,0,NaN,NaN,NaN,NaN,NaN,NaN,NaN,NaN,NaN,46.748,0.024486,3346.6,0.0058767,NaN,NaN,NaN,NaN,16.423,96855,11.25,-1.5384,0.61205,-9.0453,-3.9652,0.49839,-8.1925,NaN,NaN,NaN,NaN,NaN
412.75,-18.238,-3.7657,15.368,-2.0794,0.60669,-12.102,-4.0068,0.079412,-8.6141,0,0,0,NaN,NaN,NaN,NaN,NaN,NaN,NaN,NaN,NaN,46.748,0.024486,3346.6,0.0058767,0.76157,2.559,0.6828,0.079079,NaN,-1,-1,-1.532,0.61282,-9.047,-3.95,0.74335,-8.2181,NaN,NaN,NaN,NaN,NaN
412.75,-18.243,-3.7584,15.345,-1.9233,0.80675,-7.6446,-3.1206,5.5033,-8.1178,0,0,0,NaN,NaN,NaN,NaN,NaN,NaN,NaN,NaN,NaN,46.748,0.024486,3346.6,0.0058767,NaN,NaN,NaN,NaN,16.42,96828,11.125,-1.5466,0.61057,-9.0747,-3.9343,0.58013,-8.2177,NaN,NaN,NaN,NaN,NaN
412.76,-18.252,-3.7728,15.329,-0.69459,-0.083101,-6.8473,-4.3556,-3.6474,-8.1344,0.53462,0.26872,-0.95347,NaN,NaN,NaN,NaN,NaN,NaN,NaN,NaN,NaN,46.748,0.024486,3346.6,0.0058767,NaN,NaN,NaN,NaN,NaN,-1,-1,-1.5453,0.61513,-9.0797,-3.975,0.46546,-8.1882,NaN,NaN,NaN,NaN,NaN
412.76,-18.263,-3.7887,15.314,-1.9841,0.62262,-12.429,-5.5066,-4.2497,-8.2317,0,0,0,NaN,NaN,NaN,NaN,NaN,NaN,NaN,NaN,NaN,46.748,0.024486,3346.6,0.0058767,NaN,NaN,NaN,NaN,NaN,-1,-1,-1.5357,0.60801,-9.0013,-4.0843,0.54707,-8.1624,NaN,NaN,NaN,NaN,NaN
412.76,-18.271,-3.7786,15.29,-1.9701,1.8921,-10.933,-4.3054,6.7026,-8.1881,0,0,0,NaN,NaN,NaN,NaN,NaN,NaN,NaN,NaN,NaN,46.748,0.024486,3346.6,0.0058767,NaN,NaN,NaN,NaN,16.64,96845,11.188,-1.5342,0.61478,-9.012,-4.1051,0.70217,-8.186,NaN,NaN,NaN,NaN,NaN
412.76,-18.277,-3.7778,15.268,-0.41519,0.34943,-4.9173,-3.3671,3.0301,-8.9024,0,0,0,NaN,NaN,NaN,NaN,NaN,NaN,NaN,NaN,NaN,46.748,0.024486,3346.6,0.0058767,NaN,NaN,NaN,NaN,NaN,-1,-1,-1.5427,0.62215,-9.0495,-4.0948,0.56879,-8.2114,NaN,NaN,NaN,NaN,NaN
412.77,-18.283,-3.8015,15.255,-1.7468,0.32025,-7.9915,-2.8797,-7.5372,-8.3978,0.53456,0.27124,-0.95125,NaN,NaN,NaN,NaN,NaN,NaN,NaN,NaN,NaN,46.748,0.024486,3346.6,0.0058767,NaN,NaN,NaN,NaN,NaN,-1,-1,-1.5296,0.60562,-9.0067,-4.1285,0.27783,-8.2173,NaN,NaN,NaN,NaN,NaN
412.77,-18.289,-3.8038,15.236,-2.3849,0.97003,-14.846,-3.6596,1.3824,-7.893,0,0,0,NaN,NaN,NaN,NaN,NaN,NaN,NaN,NaN,NaN,46.748,0.024486,3346.6,0.0058767,NaN,NaN,NaN,NaN,16.573,96894,11.438,-1.5331,0.6095,-9.0299,-4.1656,0.38687,-8.2229,NaN,NaN,NaN,NaN,NaN
412.77,-18.298,-3.794,15.214,-1.2829,0.60808,-6.8932,-4.5204,6.3976,-7.6053,0,0,0,NaN,NaN,NaN,NaN,NaN,NaN,NaN,NaN,NaN,46.748,0.024486,3346.6,0.0058767,NaN,NaN,NaN,NaN,NaN,-1,-1,-1.5396,0.6277,-9.0253,-4.208,0.50988,-8.2337,NaN,NaN,NaN,NaN,NaN
412.77,-18.308,-3.8052,15.197,-1.1358,0.21661,-6.3828,-4.9157,-2.284,-8.1193,0,0,0,NaN,NaN,NaN,NaN,NaN,NaN,NaN,NaN,NaN,46.748,0.024486,3346.6,0.0058767,NaN,NaN,NaN,NaN,16.296,96837,11.125,-1.5272,0.62322,-8.9679,-4.2089,0.23465,-8.2423,NaN,NaN,NaN,NaN,NaN
412.78,-18.317,-3.8215,15.181,-1.3737,0.22322,-11.337,-4.5284,-4.3382,-8.4381,0.53736,0.26833,-0.95989,NaN,NaN,NaN,NaN,NaN,NaN,NaN,NaN,NaN,46.748,0.024486,3346.6,0.0058767,0.76321,2.451,0.74974,NaN,NaN,-1,-1,-1.5311,0.61579,-9.0023,-4.189,0.17654,-8.2673,NaN,NaN,NaN,NaN,NaN
412.78,-18.324,-3.8157,15.158,-2.2228,1.5066,-9.9242,-3.6512,5.0169,-8.5061,0,0,0,NaN,NaN,NaN,NaN,NaN,NaN,NaN,NaN,NaN,46.748,0.024486,3346.6,0.0058767,NaN,NaN,NaN,0.043285,NaN,-1,-1,-1.5371,0.6223,-8.9948,-4.3346,0.27801,-8.5053,NaN,NaN,NaN,NaN,NaN
412.78,-18.331,-3.8196,15.139,-1.0125,-0.29856,-6.2963,-3.8348,0.75917,-8.1185,0,0,0,NaN,NaN,NaN,NaN,NaN,NaN,NaN,NaN,NaN,46.768,0,3330.9,0.0064211,NaN,NaN,NaN,NaN,16.396,96870,11.25,-1.541,0.62854,-8.9764,-4.3369,0.11063,-8.4312,NaN,NaN,NaN,NaN,NaN
412.78,-18.343,-3.8385,15.125,-1.6539,0.63095,-10.189,-5.4719,-5.4438,-8.3641,0,0,0,NaN,NaN,NaN,NaN,NaN,NaN,NaN,NaN,NaN,46.768,0,3330.9,0.0064211,NaN,NaN,NaN,NaN,NaN,-1,-1,-1.528,0.62523,-8.9232,-4.3618,-0.1504,-8.3639,NaN,NaN,NaN,NaN,NaN
412.79,-18.36,-3.8288,15.08,-0.96422,0.21069,-5.8196,-3.7657,5.4017,-8.5338,0,0,0,NaN,NaN,NaN,NaN,NaN,NaN,NaN,NaN,NaN,46.768,0,3330.9,0.0064211,NaN,NaN,NaN,NaN,NaN,-1,-1,-1.5297,0.63565,-8.954,-4.3799,0.10854,-8.3161,NaN,NaN,NaN,NaN,NaN
412.79,-18.365,-3.8466,15.065,-1.1282,0.48051,-6.3377,-2.9019,-4.961,-8.396,0,0,0,NaN,NaN,NaN,NaN,NaN,NaN,NaN,NaN,NaN,46.768,0,3330.9,0.0064211,NaN,NaN,NaN,NaN,16.546,96869,11.313,-1.5239,0.63528,-8.8815,-4.2986,-0.031083,-8.2866,NaN,NaN,NaN,NaN,NaN
412.79,-18.372,-3.8594,15.049,-2.238,0.86242,-13.865,-3.6841,-2.9112,-8.2292,0,0,0,NaN,NaN,NaN,NaN,NaN,NaN,NaN,NaN,NaN,46.768,0,3330.9,0.0064211,0.7665,2.5644,0.68098,0.097392,16.495,96839,11.188,-1.5138,0.63237,-8.8368,-4.2826,0.010632,-8.2433,NaN,NaN,NaN,NaN,NaN
412.79,-18.381,-3.8493,15.026,-1.838,0.93886,-9.6951,-4.7065,6.5298,-7.7039,0.53475,0.2686,-0.95568,5.7019,17.865,-1.9721,18.856,40.058,-88.548,3.6799e+05,4.4354e+06,332.55,46.768,0,3330.9,0.0064211,NaN,NaN,NaN,NaN,NaN,-1,-1,-1.5091,0.62762,-8.8337,-4.2978,0.016785,-8.1858,18.822,0.60682,0.94995,2.8893,1.8442
412.8,-18.392,-3.8524,15.007,-1.141,-0.090564,-5.654,-5.1932,1.1222,-8.0235,0,0,0,NaN,NaN,NaN,NaN,NaN,NaN,NaN,NaN,NaN,46.768,0,3330.9,0.0064211,NaN,NaN,NaN,NaN,NaN,-1,-1,-1.519,0.63903,-8.8526,-4.3192,0.12194,-8.1395,NaN,NaN,NaN,NaN,NaN
412.8,-18.403,-3.8705,14.993,-0.84505,0.48714,-8.7455,-5.3777,-5.1736,-8.2175,0,0,0,NaN,NaN,NaN,NaN,NaN,NaN,NaN,NaN,NaN,46.768,0,3330.9,0.0064211,NaN,NaN,NaN,NaN,NaN,-1,-1,-1.5142,0.63307,-8.8193,-4.2703,0.054496,-8.1113,NaN,NaN,NaN,NaN,NaN
412.8,-18.409,-3.8716,14.972,-2.4949,1.4073,-11.991,-3.4949,2.1066,-8.5011,0,0,0,NaN,NaN,NaN,NaN,NaN,NaN,NaN,NaN,NaN,46.768,0,3330.9,0.0064211,NaN,NaN,NaN,NaN,16.591,96849,11.188,-1.5001,0.62083,-8.7351,-4.1919,0.28523,-8.0723,NaN,NaN,NaN,NaN,NaN
412.8,-18.416,-3.8689,14.951,-1.568,-0.028562,-6.6882,-3.8914,3.5593,-8.1375,0.5371,0.26857,-0.95547,NaN,NaN,NaN,NaN,NaN,NaN,NaN,NaN,NaN,46.768,0,3330.9,0.0064211,0.77142,2.5644,0.67367,0.09656,NaN,-1,-1,-1.5018,0.62382,-8.7831,-4.1979,0.29724,-8.0228,NaN,NaN,NaN,NaN,NaN
412.81,-18.428,-3.8872,14.937,-0.80324,0.12061,-8.4802,-5.4561,-5.2789,-8.1317,0,0,0,NaN,NaN,NaN,NaN,NaN,NaN,NaN,NaN,NaN,46.768,0,3330.9,0.0064211,NaN,NaN,NaN,NaN,NaN,-1,-1,-1.5018,0.6205,-8.7444,-4.2616,0.072569,-7.9692,NaN,NaN,NaN,NaN,NaN
412.81,-18.439,-3.8908,14.917,-2.3967,1.3051,-12.783,-5.3528,0.9954,-8.2256,0,0,0,NaN,NaN,NaN,NaN,NaN,NaN,NaN,NaN,NaN,46.768,0,3330.9,0.0064211,NaN,NaN,NaN,NaN,16.685,96824,11.063,-1.4936,0.61556,-8.765,-4.298,0.23362,-7.9581,NaN,NaN,NaN,NaN,NaN
412.81,-18.447,-3.8818,14.892,-1.2698,1.2909,-7.2243,-4.2382,6.4294,-8.7514,0,0,0,NaN,NaN,NaN,NaN,NaN,NaN,NaN,NaN,NaN,46.768,0,3330.9,0.0064211,NaN,NaN,NaN,NaN,NaN,-1,-1,-1.5023,0.63077,-8.7792,-4.2586,0.40579,-7.9382,NaN,NaN,NaN,NaN,NaN
412.81,-18.452,-3.8956,14.874,-0.83919,-0.21909,-6.5091,-3.0857,-3.098,-8.9273,0.55615,0.27551,-0.95375,NaN,NaN,NaN,NaN,NaN,NaN,NaN,NaN,NaN,46.768,0,3330.9,0.0064211,NaN,NaN,NaN,NaN,16.546,96870,11.313,-1.4968,0.62728,-8.7788,-4.2426,0.15136,-7.9315,NaN,NaN,NaN,NaN,NaN
412.82,-18.46,-3.9105,14.859,-2.016,0.99002,-10.877,-3.9621,-3.7706,-8.357,0,0,0,NaN,NaN,NaN,NaN,NaN,NaN,NaN,NaN,NaN,46.768,0,3330.9,0.0064211,0.74788,2.5566,0.67428,0.099889,NaN,-1,-1,-1.4883,0.62674,-8.7562,-4.2603,0.012501,-7.9094,NaN,NaN,NaN,NaN,NaN
412.82,-18.469,-3.9065,14.838,-2.0174,0.74156,-12.533,-4.6568,4.0452,-7.7384,0,0,0,NaN,NaN,NaN,NaN,NaN,NaN,NaN,NaN,NaN,46.768,0,3330.9,0.0064211,NaN,NaN,NaN,NaN,NaN,-1,-1,-1.4941,0.63011,-8.7878,-4.2471,0.34943,-7.8901,NaN,NaN,NaN,NaN,NaN
412.82,-18.48,-3.9047,14.817,-1.3423,0.23878,-6.0437,-5.2254,3.1779,-8.0824,0,0,0,NaN,NaN,NaN,NaN,NaN,NaN,NaN,NaN,NaN,46.768,0,3330.9,0.0064211,NaN,NaN,NaN,NaN,16.274,96844,11.188,-1.4974,0.62824,-8.7949,-4.2309,0.39547,-7.8856,NaN,NaN,NaN,NaN,NaN
412.82,-18.491,-3.9174,14.801,-0.87912,0.94686,-7.9062,-5.1376,-3.0059,-7.9841,0.54875,0.27345,-0.94997,NaN,NaN,NaN,NaN,NaN,NaN,NaN,NaN,NaN,46.768,0,3330.9,0.0064211,NaN,NaN,NaN,NaN,NaN,-1,-1,-1.4908,0.61877,-8.7876,-4.2064,0.10848,-7.8869,NaN,NaN,NaN,NaN,NaN
412.83,-18.498,-3.9237,14.783,-1.9127,0.684,-11.052,-3.8702,-0.13167,-8.3218,0,0,0,NaN,NaN,NaN,NaN,NaN,NaN,NaN,NaN,NaN,46.768,0,3330.9,0.0064211,NaN,NaN,NaN,NaN,NaN,-1,-1,-1.4991,0.63947,-8.8377,-4.1425,0.27326,-7.8711,NaN,NaN,NaN,NaN,NaN
412.83,-18.505,-3.9216,14.761,-2.1117,0.35958,-8.2145,-4.0226,3.45,-8.473,0,0,0,NaN,NaN,NaN,NaN,NaN,NaN,NaN,NaN,NaN,46.768,0,3330.9,0.0064211,NaN,NaN,NaN,NaN,16.468,96857,11.188,-1.4952,0.63244,-8.8469,-4.1115,0.44913,-7.8526,NaN,NaN,NaN,NaN,NaN
412.83,-18.515,-3.9348,14.747,-0.73069,0.59371,-8.21,-4.5812,-3.2456,-7.633,0,0,0,NaN,NaN,NaN,NaN,NaN,NaN,NaN,NaN,NaN,46.768,0,3330.9,0.0064211,NaN,NaN,NaN,NaN,NaN,-1,-1,-1.4977,0.63353,-8.8638,-4.1424,0.24736,-7.8308,NaN,NaN,NaN,NaN,NaN
412.83,0,0,0,0,0,0,0,0,0,0,0,0,NaN,NaN,NaN,NaN,NaN,NaN,NaN,NaN,NaN,46.768,0,3330.9,0.0064211,NaN,NaN,NaN,NaN,16.274,96861,11.25,-1.4918,0.63308,-8.8773,-4.2088,0.21586,-7.8226,NaN,NaN,NaN,NaN,NaN
412.84,-18.535,-3.9373,14.705,-1.5309,1.2609,-8.3475,-4.7119,5.4068,-8.5064,0,0,0,NaN,NaN,NaN,NaN,NaN,NaN,NaN,NaN,NaN,46.768,0,3330.9,0.0064211,NaN,NaN,NaN,NaN,NaN,-1,-1,-1.4931,0.63123,-8.8826,-4.1882,0.44377,-7.847,NaN,NaN,NaN,NaN,NaN
412.84,-18.542,-3.9387,14.685,-1.0003,1.0523,-6.4543,-3.7863,1.9662,-8.3847,0,0,0,NaN,NaN,NaN,NaN,NaN,NaN,NaN,NaN,NaN,46.768,0,3330.9,0.0064211,NaN,NaN,NaN,NaN,NaN,-1,-1,-1.4935,0.63613,-8.9011,-4.1608,0.41547,-7.8673,NaN,NaN,NaN,NaN,NaN
412.84,-18.547,-3.9613,14.671,-1.7918,0.40977,-8.9139,-2.7637,-6.9653,-8.3774,0,0,0,NaN,NaN,NaN,NaN,NaN,NaN,NaN,NaN,NaN,46.768,0,3330.9,0.0064211,NaN,NaN,NaN,NaN,16.545,96879,11.313,-1.4862,0.62772,-8.8901,-4.1656,0.1777,-7.8903,NaN,NaN,NaN,NaN,NaN
412.84,-18.565,-3.9526,14.629,-1.4401,1.3786,-6.3477,-5.1239,5.3423,-7.9164,0,0,0,NaN,NaN,NaN,NaN,NaN,NaN,NaN,NaN,NaN,46.768,0,3330.9,0.0064211,0.77088,2.5709,0.6895,NaN,NaN,-1,-1,-1.4846,0.62854,-8.9108,-4.1161,0.45704,-7.9077,NaN,NaN,NaN,NaN,NaN
412.85,-18.576,-3.9638,14.613,-0.83771,-0.25701,-7.8162,-5.2361,-2.2841,-8.0191,0,0,0,NaN,NaN,NaN,NaN,NaN,NaN,NaN,NaN,NaN,46.768,0,3330.9,0.0064211,NaN,NaN,NaN,0.074917,NaN,-1,-1,-1.4891,0.63977,-8.953,-4.072,0.31074,-7.9185,NaN,NaN,NaN,NaN,NaN
412.85,-18.586,-3.9742,14.595,-2.0618,0.54351,-11.056,-4.6037,-1.814,-8.491,0,0,0,NaN,NaN,NaN,NaN,NaN,NaN,NaN,NaN,NaN,46.768,0,3330.9,0.0064211,NaN,NaN,NaN,NaN,16.468,96859,11.188,-1.481,0.63298,-8.8924,-4.0432,0.092089,-7.9315,NaN,NaN,NaN,NaN,NaN
412.85,-18.618,-3.9921,14.541,-1.7642,1.4789,-8.737,-3.4392,3.1571,-8.6059,0.54633,0.27108,-0.95019,NaN,NaN,NaN,NaN,NaN,NaN,NaN,NaN,NaN,46.768,0,3330.9,0.0064211,NaN,NaN,NaN,NaN,NaN,-1,-1,-1.4769,0.63074,-8.9228,-4.0084,0.34811,-7.9365,NaN,NaN,NaN,NaN,NaN
412.85,-18.626,-4.0017,14.523,-0.69572,-0.042697,-7.8134,-4.2505,-1.4272,-8.5413,0,0,0,NaN,NaN,NaN,NaN,NaN,NaN,NaN,NaN,NaN,46.768,0,3330.9,0.0064211,NaN,NaN,NaN,NaN,16.322,96873,11.25,-1.4926,0.63691,-9.0493,-4.0407,0.29739,-7.9379,NaN,NaN,NaN,NaN,NaN
412.86,-18.638,-4.013,14.507,-2.0334,-0.41638,-10.185,-5.7049,-2.2781,-8.1619,0,0,0,NaN,NaN,NaN,NaN,NaN,NaN,NaN,NaN,NaN,46.768,0,3330.9,0.0064211,NaN,NaN,NaN,NaN,NaN,-1,-1,-1.492,0.63125,-9.0373,-4.0979,0.10862,-7.959,NaN,NaN,NaN,NaN,NaN
412.86,-18.647,-4.0102,14.485,-1.9378,2.5451,-12.232,-4.5476,3.6989,-8.2092,0,0,0,NaN,NaN,NaN,NaN,NaN,NaN,NaN,NaN,NaN,46.768,0,3330.9,0.0064211,0.78292,2.4373,0.76191,0.056604,NaN,-1,-1,-1.4914,0.6422,-9.0394,-4.0812,0.15491,-8.0107,NaN,NaN,NaN,NaN,NaN
412.86,-18.652,-4.0104,14.463,-0.88458,0.30897,-5.33,-3.0077,2.6182,-8.8418,0.55797,0.27104,-0.94692,NaN,NaN,NaN,NaN,NaN,NaN,NaN,NaN,NaN,46.768,0,3330.9,0.0064211,NaN,NaN,NaN,NaN,16.325,96855,11.25,-1.498,0.64141,-9.0968,-4.0307,0.16299,-8.0529,NaN,NaN,NaN,NaN,NaN
412.86,-18.657,-4.0278,14.448,-1.1615,0.26586,-8.5978,-2.8536,-4.8044,-8.2835,0,0,0,NaN,NaN,NaN,NaN,NaN,NaN,NaN,NaN,NaN,46.768,0,3330.9,0.0064211,NaN,NaN,NaN,NaN,NaN,-1,-1,-1.4972,0.64441,-9.0777,-4.0394,0.10668,-8.0911,NaN,NaN,NaN,NaN,NaN
412.87,-18.665,-4.0329,14.43,-2.0918,0.41469,-12.715,-3.9343,0.31891,-8.1404,0,0,0,NaN,NaN,NaN,NaN,NaN,NaN,NaN,NaN,NaN,46.768,0,3330.9,0.0064211,NaN,NaN,NaN,NaN,NaN,-1,-1,-1.493,0.63901,-9.1064,-4.0913,0.27164,-8.1127,NaN,NaN,NaN,NaN,NaN
412.87,-18.673,-4.0275,14.409,-1.7954,1.725,-9.2726,-4.3691,4.6164,-7.7397,0,0,0,NaN,NaN,NaN,NaN,NaN,NaN,NaN,NaN,NaN,46.768,0,3330.9,0.0064211,NaN,NaN,NaN,NaN,16.571,96886,11.375,-1.4924,0.63949,-9.1027,-4.1314,0.42686,-8.1664,NaN,NaN,NaN,NaN,NaN
412.87,-18.683,-4.0333,14.389,-1.2085,-0.24657,-6.8806,-4.7742,0.090527,-8.3082,0.55123,0.26838,-0.9542,NaN,NaN,NaN,NaN,NaN,NaN,NaN,NaN,NaN,46.768,0,3330.9,0.0064211,0.76376,2.5697,0.67428,0.099889,NaN,-1,-1,-1.4921,0.65444,-9.136,-4.0974,0.35423,-8.2364,NaN,NaN,NaN,NaN,NaN
412.87,-18.692,-4.0474,14.374,-0.97395,-0.060835,-9.7988,-4.8024,-3.421,-8.2618,0,0,0,NaN,NaN,NaN,NaN,NaN,NaN,NaN,NaN,NaN,46.768,0,3330.9,0.0064211,NaN,NaN,NaN,NaN,16.591,96871,11.25,-1.4921,0.64424,-9.1433,-4.051,0.3731,-8.2947,NaN,NaN,NaN,NaN,NaN
412.88,-18.7,-4.0479,14.352,-2.235,1.8789,-10.21,-3.9282,2.5034,-8.7249,0,0,0,NaN,NaN,NaN,NaN,NaN,NaN,NaN,NaN,NaN,46.768,0,3330.9,0.0064211,NaN,NaN,NaN,NaN,NaN,-1,-1,-1.4936,0.64764,-9.1769,-4.0583,0.46155,-8.3391,NaN,NaN,NaN,NaN,NaN
412.88,-18.705,-4.0496,14.332,-1.2581,0.44415,-7.6156,-3.3339,1.7961,-8.2729,0,0,0,NaN,NaN,NaN,NaN,NaN,NaN,NaN,NaN,NaN,46.768,0,3330.9,0.0064211,NaN,NaN,NaN,NaN,NaN,-1,-1,-1.4864,0.64501,-9.1277,-4.1238,0.45051,-8.3699,NaN,NaN,NaN,NaN,NaN
412.88,-18.716,-4.0647,14.316,-1.3814,-0.62232,-9.54,-5.0922,-3.8271,-8.3455,0.54395,0.26127,-0.95485,NaN,NaN,NaN,NaN,NaN,NaN,NaN,NaN,NaN,46.768,0,3330.9,0.0064211,NaN,NaN,NaN,NaN,16.519,96846,11.188,-1.4781,0.6471,-9.1352,-4.2104,0.54667,-8.4086,NaN,NaN,NaN,NaN,NaN
412.88,-18.726,-4.0674,14.297,-2.0425,1.3869,-12.297,-5.1399,1.3447,-8.0969,0,0,0,NaN,NaN,NaN,NaN,NaN,NaN,NaN,NaN,NaN,46.768,0,3330.9,0.0064211,0.75281,2.5602,0.68158,0.097392,NaN,-1,-1,-1.4909,0.65055,-9.1798,-4.222,0.56392,-8.4833,NaN,NaN,NaN,NaN,NaN
412.89,-18.733,-4.0618,14.273,-0.75455,1.7121,-7.2038,-3.8571,5.0516,-8.7284,0,0,0,NaN,NaN,NaN,NaN,NaN,NaN,NaN,NaN,NaN,46.768,0,3330.9,0.0064211,NaN,NaN,NaN,NaN,NaN,-1,-1,-1.4868,0.64819,-9.1515,-4.2252,0.60891,-8.5728,NaN,NaN,NaN,NaN,NaN
412.89,-18.737,-4.0746,14.255,-1.4254,-0.25895,-7.4588,-2.2689,-2.6776,-8.8294,0,0,0,NaN,NaN,NaN,NaN,NaN,NaN,NaN,NaN,NaN,46.768,0,3330.9,0.0064211,NaN,NaN,NaN,NaN,16.498,96886,11.375,-1.4775,0.64516,-9.1709,-4.2352,0.4787,-8.6174,NaN,NaN,NaN,NaN,NaN
412.89,-18.744,-4.0842,14.238,-2.144,0.70878,-11.516,-3.718,-1.6031,-8.0795,0.54645,0.26604,-0.95463,NaN,NaN,NaN,NaN,NaN,NaN,NaN,NaN,NaN,46.738,0,3313.7,0.0053322,NaN,NaN,NaN,NaN,NaN,-1,-1,-1.492,0.65762,-9.2154,-4.0953,0.5968,-8.3568,NaN,NaN,NaN,NaN,NaN
412.89,-18.751,-4.0841,14.219,-1.3863,0.98146,-10.405,-3.9365,2.4488,-7.8239,0,0,0,NaN,NaN,NaN,NaN,NaN,NaN,NaN,NaN,NaN,46.738,0,3313.7,0.0053322,NaN,NaN,NaN,NaN,16.346,96854,11.188,-1.4791,0.65395,-9.1558,-4.1208,0.77597,-8.3516,NaN,NaN,NaN,NaN,NaN
412.9,-18.76,-4.0841,14.199,-1.473,0.20353,-7.7268,-4.7645,2.4311,-7.9814,0,0,0,NaN,NaN,NaN,NaN,NaN,NaN,NaN,NaN,NaN,46.738,0,3313.7,0.0053322,NaN,NaN,NaN,NaN,NaN,-1,-1,-1.4822,0.65548,-9.185,-4.1103,0.78584,-8.3441,NaN,NaN,NaN,NaN,NaN
412.9,-18.77,-4.0958,14.182,-1.1132,0.58706,-8.2761,-4.9418,-2.319,-8.419,0,0,0,NaN,NaN,NaN,NaN,NaN,NaN,NaN,NaN,NaN,46.738,0,3313.7,0.0053322,0.83931,2.4737,0.75218,-0,NaN,-1,-1,-1.4821,0.64425,-9.1907,-4.0351,0.67324,-8.3488,NaN,NaN,NaN,NaN,NaN
412.9,-18.777,-4.1027,14.162,-1.6327,0.57483,-11.049,-3.7694,-0.30819,-8.6636,0.54874,0.26853,-0.9522,NaN,NaN,NaN,NaN,NaN,NaN,NaN,NaN,NaN,46.738,0,3313.7,0.0053322,NaN,NaN,NaN,NaN,16.42,96872,11.25,-1.4746,0.6505,-9.1649,-4.0552,0.72691,-8.3312,NaN,NaN,NaN,NaN,NaN
412.9,-18.784,-4.1014,14.14,-1.9483,0.84108,-8.4401,-3.8091,3.2147,-8.5984,0,0,0,NaN,NaN,NaN,NaN,NaN,NaN,NaN,NaN,NaN,46.738,0,3313.7,0.0053322,NaN,NaN,NaN,NaN,NaN,-1,-1,-1.4707,0.6484,-9.1557,-4.1319,0.6845,-8.3135,NaN,NaN,NaN,NaN,NaN
412.91,-18.804,-4.1214,14.106,-2.0001,1.2788,-11.807,-5.0629,-1.0729,-8.3678,0,0,0,NaN,NaN,NaN,NaN,NaN,NaN,NaN,NaN,NaN,46.738,0,3313.7,0.0053322,NaN,NaN,NaN,NaN,NaN,-1,-1,-1.4742,0.64913,-9.1554,-4.1601,0.75567,-8.3193,NaN,NaN,NaN,NaN,NaN
412.91,-18.811,-4.1192,14.082,-1.4416,1.1044,-9.0153,-3.7591,3.6921,-8.8466,0.55769,0.26144,-0.94695,NaN,NaN,NaN,NaN,NaN,NaN,NaN,NaN,NaN,46.738,0,3313.7,0.0053322,0.76267,2.5578,0.67976,NaN,16.544,96882,11.313,-1.469,0.64788,-9.1594,-4.1321,0.82924,-8.3547,NaN,NaN,NaN,NaN,NaN
412.91,-18.817,-4.1219,14.062,-0.95888,0.44527,-7.139,-3.3056,1.4962,-8.5763,0,0,0,NaN,NaN,NaN,NaN,NaN,NaN,NaN,NaN,NaN,46.738,0,3313.7,0.0053322,NaN,NaN,NaN,0.086571,NaN,-1,-1,-1.4661,0.64809,-9.1452,-4.0948,0.66058,-8.3845,NaN,NaN,NaN,NaN,NaN
412.91,-18.828,-4.1418,14.027,-2.0059,0.86033,-13.987,-3.5462,1.5433,-8.0331,0,0,0,NaN,NaN,NaN,NaN,NaN,NaN,NaN,NaN,NaN,46.738,0,3313.7,0.0053322,NaN,NaN,NaN,NaN,16.399,96875,11.313,-1.4646,0.64057,-9.1403,-4.1196,0.65588,-8.3852,NaN,NaN,NaN,NaN,NaN
412.92,-18.837,-4.135,14.005,-1.5264,0.11614,-7.5548,-4.8711,5.3167,-7.9623,0.55783,0.26624,-0.94693,NaN,NaN,NaN,NaN,NaN,NaN,NaN,NaN,NaN,46.738,0,3313.7,0.0053322,NaN,NaN,NaN,NaN,NaN,-1,-1,-1.4627,0.64514,-9.1545,-4.1497,0.80176,-8.3698,NaN,NaN,NaN,NaN,NaN
412.92,-18.847,-4.1447,13.988,-0.85325,0.72966,-6.4852,-4.958,-1.603,-8.0525,0,0,0,NaN,NaN,NaN,NaN,NaN,NaN,NaN,NaN,NaN,46.738,0,3313.7,0.0053322,NaN,NaN,NaN,NaN,NaN,-1,-1,-1.4592,0.65125,-9.1337,-4.1022,0.91828,-8.405,NaN,NaN,NaN,NaN,NaN
412.92,-18.855,-4.1586,13.971,-1.766,0.64788,-11.522,-3.9121,-3.2018,-8.7111,0,0,0,NaN,NaN,NaN,NaN,NaN,NaN,NaN,NaN,NaN,46.738,0,3313.7,0.0053322,NaN,NaN,NaN,NaN,16.616,96841,11.188,-1.4553,0.64084,-9.1397,-4.0285,0.82865,-8.4076,NaN,NaN,NaN,NaN,NaN
412.92,-18.86,-4.1575,13.95,-1.8228,1.2079,-9.7235,-3.1792,3.1166,-8.4536,0,0,0,NaN,NaN,NaN,NaN,NaN,NaN,NaN,NaN,NaN,46.738,0,3313.7,0.0053322,0.78018,2.4474,0.75765,0.054939,NaN,-1,-1,-1.456,0.64001,-9.1317,-4.015,0.6475,-8.4048,NaN,NaN,NaN,NaN,NaN
412.93,-18.868,-4.1612,13.93,-1.1093,-0.353,-8.1156,-4.041,1.0327,-8.3595,0.55345,0.26846,-0.95177,NaN,NaN,NaN,NaN,NaN,NaN,NaN,NaN,NaN,46.738,0,3313.7,0.0053322,NaN,NaN,NaN,NaN,NaN,-1,-1,-1.4521,0.64431,-9.09,-4.0584,0.71564,-8.365,NaN,NaN,NaN,NaN,NaN
412.93,-18.879,-4.1759,13.914,-1.4855,0.57498,-8.9468,-5.2864,-3.6496,-8.3042,0,0,0,NaN,NaN,NaN,NaN,NaN,NaN,NaN,NaN,NaN,46.738,0,3313.7,0.0053322,NaN,NaN,NaN,NaN,16.223,96852,11.188,-1.446,0.63715,-9.0733,-4.0916,0.68979,-8.3774,NaN,NaN,NaN,NaN,NaN
412.93,-18.888,-4.1779,13.894,-1.9038,1.4861,-12.843,-4.5951,1.6713,-8.1051,0,0,0,NaN,NaN,NaN,NaN,NaN,NaN,NaN,NaN,NaN,46.738,0,3313.7,0.0053322,NaN,NaN,NaN,NaN,16.396,96870,11.25,-1.446,0.6425,-9.0806,-4.094,0.4387,-8.3904,NaN,NaN,NaN,NaN,NaN
412.93,-18.894,-4.1723,13.87,-1.0629,0.37199,-6.5141,-3.5991,5.1213,-8.8879,0,0,0,NaN,NaN,NaN,NaN,NaN,NaN,NaN,NaN,NaN,46.738,0,3313.7,0.0053322,NaN,NaN,NaN,NaN,NaN,-1,-1,-1.4456,0.64627,-9.0911,-4.061,0.55767,-8.4011,NaN,NaN,NaN,NaN,NaN
412.94,-18.899,-4.189,13.854,-1.2255,0.33629,-7.9853,-2.9391,-4.3869,-8.6705,0.55588,0.27083,-0.95155,NaN,NaN,NaN,NaN,NaN,NaN,NaN,NaN,NaN,46.738,0,3313.7,0.0053322,0.76376,2.565,0.67672,0.094062,NaN,-1,-1,-1.4417,0.63989,-9.0888,-4.0489,0.72889,-8.3873,NaN,NaN,NaN,NaN,NaN
412.94,-18.906,-4.1954,13.836,-1.9245,0.66632,-11.777,-3.8722,-0.22666,-7.9692,0,0,0,NaN,NaN,NaN,NaN,NaN,NaN,NaN,NaN,NaN,46.738,0,3313.7,0.0053322,NaN,NaN,NaN,NaN,16.348,96841,11.188,-1.4418,0.63634,-9.1017,-4.0844,0.56114,-8.3855,NaN,NaN,NaN,NaN,NaN
412.94,-18.914,-4.1939,13.817,-1.8221,1.0602,-10.485,-4.2585,2.9908,-7.6618,0,0,0,NaN,NaN,NaN,NaN,NaN,NaN,NaN,NaN,NaN,46.738,0,3313.7,0.0053322,NaN,NaN,NaN,NaN,NaN,-1,-1,-1.4363,0.63421,-9.0947,-4.1067,0.66673,-8.3799,NaN,NaN,NaN,NaN,NaN
412.94,-18.924,-4.1954,13.797,-1.3185,0.33643,-7.7881,-4.773,1.882,-8.0836,0,0,0,NaN,NaN,NaN,NaN,NaN,NaN,NaN,NaN,NaN,46.738,0,3313.7,0.0053322,NaN,NaN,NaN,NaN,16.397,96864,11.25,-1.4356,0.63369,-9.0991,-4.1003,0.73232,-8.3836,NaN,NaN,NaN,NaN,NaN
412.95,-18.932,-4.2089,13.78,-0.76485,0.44975,-7.9715,-4.3928,-3.0272,-8.655,0.56254,0.26618,-0.94651,NaN,NaN,NaN,NaN,NaN,NaN,NaN,NaN,NaN,46.738,0,3313.7,0.0053322,0.76212,2.4498,0.754,0.013319,NaN,-1,-1,-1.4342,0.63125,-9.1117,-4.1144,0.77597,-8.3876,NaN,NaN,NaN,NaN,NaN
412.95,-18.939,-4.2138,13.76,-2.1029,0.97486,-11.095,-3.7533,0.66773,-8.7094,0,0,0,NaN,NaN,NaN,NaN,NaN,NaN,NaN,NaN,NaN,46.738,0,3313.7,0.0053322,NaN,NaN,NaN,NaN,NaN,-1,-1,-1.4303,0.63139,-9.0988,-4.0885,0.66269,-8.3792,NaN,NaN,NaN,NaN,NaN
412.95,-18.946,-4.2123,13.737,-1.7106,0.45122,-8.148,-3.8554,3.3653,-8.769,0,0,0,NaN,NaN,NaN,NaN,NaN,NaN,NaN,NaN,NaN,46.738,0,3313.7,0.0053322,NaN,NaN,NaN,NaN,16.197,96836,11.125,-1.4282,0.62274,-9.1133,-4.0721,0.54105,-8.3738,NaN,NaN,NaN,NaN,NaN
412.95,-18.955,-4.2246,13.72,-0.987,0.1312,-8.9645,-4.5961,-2.5694,-8.4613,0,0,0,NaN,NaN,NaN,NaN,NaN,NaN,NaN,NaN,NaN,46.738,0,3313.7,0.0053322,NaN,NaN,NaN,NaN,NaN,-1,-1,-1.4257,0.6308,-9.1018,-4.0577,0.54109,-8.3499,NaN,NaN,NaN,NaN,NaN
412.96,-18.973,-4.2286,13.679,-1.2776,1.7357,-8.6363,-4.0976,4.5814,-8.6715,0,0,0,NaN,NaN,NaN,NaN,NaN,NaN,NaN,NaN,NaN,46.738,0,3313.7,0.0053322,NaN,NaN,NaN,NaN,NaN,-1,-1,-1.4114,0.62676,-9.0767,-4.069,0.52614,-8.34,NaN,NaN,NaN,NaN,NaN
412.96,-18.977,-4.2339,13.659,-0.90728,0.30871,-7.0705,-2.5677,0.49509,-8.7697,0,0,0,NaN,NaN,NaN,NaN,NaN,NaN,NaN,NaN,NaN,46.738,0,3313.7,0.0053322,0.78018,2.4462,0.75765,0.049945,16.249,96846,11.188,-1.4076,0.63604,-9.0851,-4.0385,0.39309,-8.3339,NaN,NaN,NaN,NaN,NaN
412.96,-18.983,-4.2485,13.642,-1.9001,0.16239,-9.717,-3.3155,-3.4645,-8.5718,0,0,0,NaN,NaN,NaN,NaN,NaN,NaN,NaN,NaN,NaN,46.738,0,3313.7,0.0053322,NaN,NaN,NaN,NaN,16.348,96865,11.25,-1.4101,0.63521,-9.0979,-4.0113,0.49826,-8.3455,NaN,NaN,NaN,NaN,NaN
412.96,-18.99,-4.2516,13.624,-1.7608,0.81166,-13.117,-3.6934,1.0788,-7.7985,0.54378,0.26883,-0.9482,NaN,NaN,NaN,NaN,NaN,NaN,NaN,NaN,NaN,46.738,0,3313.7,0.0053322,NaN,NaN,NaN,NaN,NaN,-1,-1,-1.4066,0.62455,-9.0608,-3.9938,0.44147,-8.3404,NaN,NaN,NaN,NaN,NaN
412.97,-18.999,-4.2472,13.603,-1.5028,0.70851,-7.0187,-4.7678,4.2929,-7.8198,0,0,0,NaN,NaN,NaN,NaN,NaN,NaN,NaN,NaN,NaN,46.738,0,3313.7,0.0053322,0.77088,2.5757,0.6895,NaN,NaN,-1,-1,-1.4144,0.62437,-9.1126,-3.9717,0.32817,-8.3469,NaN,NaN,NaN,NaN,NaN
412.97,-19.008,-4.2577,13.586,-0.87114,0.34596,-7.6897,-4.718,-1.8711,-8.2429,0,0,0,NaN,NaN,NaN,NaN,NaN,NaN,NaN,NaN,NaN,46.738,0,3313.7,0.0053322,0.77088,2.5757,0.6895,NaN,NaN,-1,-1,-1.4134,0.63064,-9.1138,-3.9522,0.28244,-8.3397,NaN,NaN,NaN,NaN,NaN
412.97,-19.015,-4.2661,13.567,-1.7316,0.71412,-11.184,-3.6669,-0.80862,-8.7624,0,0,0,NaN,NaN,NaN,NaN,NaN,NaN,NaN,NaN,NaN,46.738,0,3313.7,0.0053322,NaN,NaN,NaN,0.064928,16.075,96864,11.25,-1.4004,0.62501,-9.0645,-3.8993,0.24149,-8.3372,NaN,NaN,NaN,NaN,NaN
412.97,-19.028,-4.2749,13.528,-0.57687,0.047138,-8.2218,-4.3835,-0.71803,-7.9197,0,0,0,NaN,NaN,NaN,NaN,NaN,NaN,NaN,NaN,NaN,46.738,0,3313.7,0.0053322,NaN,NaN,NaN,NaN,NaN,-1,-1,-1.3982,0.62198,-9.0453,-3.8554,0.27917,-8.3396,NaN,NaN,NaN,NaN,NaN
412.98,-19.038,-4.2877,13.511,-1.8027,0.59857,-11.11,-4.888,-2.8239,-8.331,0,0,0,NaN,NaN,NaN,NaN,NaN,NaN,NaN,NaN,NaN,46.738,0,3313.7,0.0053322,NaN,NaN,NaN,NaN,NaN,-1,-1,-1.402,0.61426,-9.1114,-3.8618,0.1924,-8.3155,NaN,NaN,NaN,NaN,NaN
412.98,-19.045,-4.2833,13.489,-1.6758,1.1648,-10.241,-4.0916,4.4975,-8.3134,0,0,0,NaN,NaN,NaN,NaN,NaN,NaN,NaN,NaN,NaN,46.738,0,3313.7,0.0053322,NaN,NaN,NaN,NaN,16.372,96847,11.188,-1.4044,0.61966,-9.0832,-3.808,0.093664,-8.3217,NaN,NaN,NaN,NaN,NaN
412.98,-19.049,-4.2843,13.466,-0.77527,0.7973,-6.532,-2.6755,2.4008,-8.9972,0.53914,0.2713,-0.94861,NaN,NaN,NaN,NaN,NaN,NaN,NaN,NaN,NaN,46.738,0,3313.7,0.0053322,NaN,NaN,NaN,NaN,16.272,96857,11.188,-1.3919,0.61956,-9.0438,-3.7171,0.11562,-8.3261,NaN,NaN,NaN,NaN,NaN
412.98,-19.058,-4.3051,13.433,-2.0266,0.4442,-13.918,-3.2476,1.3789,-7.9504,0,0,0,NaN,NaN,NaN,NaN,NaN,NaN,NaN,NaN,NaN,46.738,0,3313.7,0.0053322,0.77471,2.4349,0.75096,0.053274,NaN,-1,-1,-1.3914,0.61098,-9.0786,-3.7659,0.20806,-8.569,NaN,NaN,NaN,NaN,NaN
412.99,-19.066,-4.2999,13.412,-1.5272,0.51507,-7.4387,-4.2967,4.6345,-7.7499,0,0,0,NaN,NaN,NaN,NaN,NaN,NaN,NaN,NaN,NaN,46.738,0,3313.7,0.0053322,NaN,NaN,NaN,NaN,NaN,-1,-1,-1.3839,0.61153,-9.0417,-3.7529,0.019183,-8.4944,NaN,NaN,NaN,NaN,NaN
412.99,-19.075,-4.307,13.393,-1.0498,0.58267,-7.2126,-4.6516,-0.46175,-8.2322,0.55259,0.26187,-0.94073,NaN,NaN,NaN,NaN,NaN,NaN,NaN,NaN,NaN,46.738,0,3313.7,0.0053322,NaN,NaN,NaN,NaN,NaN,-1,-1,-1.3713,0.60223,-8.9836,-3.7485,0.31183,-8.4243,NaN,NaN,NaN,NaN,NaN
412.99,-19.081,-4.3203,13.376,-1.4553,0.94691,-10.789,-3.3281,-2.9326,-8.5557,0,0,0,NaN,NaN,NaN,NaN,NaN,NaN,NaN,NaN,NaN,46.738,NaN,3302.3,0.0069644,NaN,NaN,NaN,NaN,16.148,96855,11.188,-1.3695,0.58834,-8.9983,-3.6569,0.36788,-8.4114,NaN,NaN,NaN,NaN,NaN
412.99,-19.092,-4.3259,13.336,-1.5299,0.42427,-8.0009,-3.5661,0.84907,-8.2762,0,0,0,NaN,NaN,NaN,NaN,NaN,NaN,NaN,NaN,NaN,46.738,NaN,3302.3,0.0069644,NaN,NaN,NaN,NaN,NaN,-1,-1,-1.3665,0.5986,-8.9897,-3.5406,0.26638,-8.367,NaN,NaN,NaN,NaN,NaN
413,-19.1,-4.3388,13.32,-0.94083,0.19138,-9.312,-4.2281,-2.9504,-8.0701,0.55575,0.27095,-0.94934,NaN,NaN,NaN,NaN,NaN,NaN,NaN,NaN,NaN,46.738,NaN,3302.3,0.0069644,NaN,NaN,NaN,NaN,16.322,96851,11.188,-1.3562,0.59487,-8.9498,-3.562,0.2836,-8.5485,NaN,NaN,NaN,NaN,NaN
413,-19.107,-4.3396,13.299,-2.1818,1.2136,-12.625,-3.9296,2.3282,-8.4122,0,0,0,NaN,NaN,NaN,NaN,NaN,NaN,NaN,NaN,NaN,46.738,NaN,3302.3,0.0069644,NaN,NaN,NaN,NaN,NaN,-1,-1,-1.3636,0.5905,-9.0126,-3.4804,0.55194,-8.4054,NaN,NaN,NaN,NaN,NaN
413,-19.112,-4.3546,13.26,-0.88209,0.53552,-9.0337,-1.2065,-5.0153,-8.643,0,0,0,NaN,NaN,NaN,NaN,NaN,NaN,NaN,NaN,NaN,46.787,0,3302.3,0.0069644,NaN,NaN,NaN,NaN,16.175,96866,11.25,-1.3682,0.59244,-9.0124,-3.4345,0.51333,-8.289,NaN,NaN,NaN,NaN,NaN
413,-19.118,-4.362,13.242,-2.1471,0.16687,-10.652,-3.2461,-0.56007,-8.3197,0.55547,0.26136,-0.94937,NaN,NaN,NaN,NaN,NaN,NaN,NaN,NaN,NaN,46.787,0,3302.3,0.0069644,NaN,NaN,NaN,NaN,16.323,96846,11.188,-1.3558,0.5926,-8.9433,-3.3575,0.56636,-8.2047,NaN,NaN,NaN,NaN,NaN
413.01,-19.122,-4.3584,13.221,-1.6924,1.068,-11.941,-2.9573,3.9935,-7.829,0,0,0,NaN,NaN,NaN,NaN,NaN,NaN,NaN,NaN,NaN,46.787,0,3302.3,0.0069644,NaN,NaN,NaN,NaN,NaN,-1,-1,-1.3483,0.58785,-8.9726,-3.3052,0.3952,-8.1108,NaN,NaN,NaN,NaN,NaN
413.01,-19.129,-4.3617,13.201,-1.3008,0.47651,-6.4044,-3.6805,1.2246,-8.3859,0,0,0,NaN,NaN,NaN,NaN,NaN,NaN,NaN,NaN,NaN,46.787,0,3302.3,0.0069644,NaN,NaN,NaN,NaN,NaN,-1,-1,-1.359,0.59328,-8.9946,-3.2775,0.57054,-8.0331,NaN,NaN,NaN,NaN,NaN
413.01,-19.135,-4.3764,13.185,-1.0521,0.66598,-7.9998,-3.1939,-3.5484,-8.3788,0,0,0,NaN,NaN,NaN,NaN,NaN,NaN,NaN,NaN,NaN,46.787,0,3302.3,0.0069644,NaN,NaN,NaN,NaN,16.102,96873,11.313,-1.3401,0.58786,-8.8743,-3.2142,0.37618,-7.9673,NaN,NaN,NaN,NaN,NaN
413.01,-19.14,-4.3798,13.165,-1.6867,0.29897,-12.348,-3.2223,1.2265,-8.5779,0.55339,0.27098,-0.94955,NaN,NaN,NaN,NaN,NaN,NaN,NaN,NaN,NaN,46.787,0,3302.3,0.0069644,NaN,NaN,NaN,NaN,NaN,-1,-1,-1.3352,0.57558,-8.8397,-3.1576,0.66821,-7.9056,NaN,NaN,NaN,NaN,NaN
413.02,-19.149,-4.3902,13.127,-0.79854,-0.3348,-9.1043,-2.9782,-2.3987,-8.0397,0,0,0,NaN,NaN,NaN,NaN,NaN,NaN,NaN,NaN,NaN,46.787,0,3302.3,0.0069644,NaN,NaN,NaN,NaN,16.249,96864,11.25,-1.341,0.57111,-8.8847,-3.0868,0.61284,-7.847,NaN,NaN,NaN,NaN,NaN
413.02,-19.157,-4.4019,13.11,-2.0457,0.47777,-10.932,-3.9921,-2.3086,-8.2988,0,0,0,NaN,NaN,NaN,NaN,NaN,NaN,NaN,NaN,NaN,46.787,0,3302.3,0.0069644,NaN,NaN,NaN,NaN,NaN,-1,-1,-1.3474,0.57157,-8.9344,-2.9896,0.56255,-7.8136,NaN,NaN,NaN,NaN,NaN
413.02,-19.161,-4.3974,13.087,-1.2978,1.8339,-9.5898,-2.8685,4.5173,-8.5066,0.55097,0.26862,-0.94977,4.979,17.937,-2.0688,18.73,40.058,-88.548,3.6799e+05,4.4354e+06,332.08,46.787,0,3302.3,0.0069644,NaN,NaN,NaN,NaN,16.196,96847,11.125,-1.3339,0.58359,-8.8499,-2.9258,0.46956,-7.7376,18.703,0.53547,0.86001,2.6328,1.6382
413.02,-19.163,-4.4008,13.066,-0.8143,0.050921,-6.7639,-1.9707,1.3609,-8.8013,0,0,0,NaN,NaN,NaN,NaN,NaN,NaN,NaN,NaN,NaN,46.787,0,3302.3,0.0069644,0.76212,2.4492,0.75339,NaN,NaN,-1,-1,-1.3229,0.5763,-8.7858,-2.9375,0.58119,-7.6528,NaN,NaN,NaN,NaN,NaN
413.03,-19.171,-4.4212,13.032,-1.9627,0.51942,-14.106,-2.8272,1.7822,-8.1408,0,0,0,NaN,NaN,NaN,NaN,NaN,NaN,NaN,NaN,NaN,46.787,0,3302.3,0.0069644,NaN,NaN,NaN,NaN,16.495,96862,11.25,-1.3229,0.57144,-8.8078,-2.9182,0.51316,-7.6215,NaN,NaN,NaN,NaN,NaN
413.03,-19.178,-4.4163,13.01,-1.4055,0.90523,-6.3855,-3.8928,4.4937,-7.7646,0.56484,0.26866,-0.94408,NaN,NaN,NaN,NaN,NaN,NaN,NaN,NaN,NaN,46.787,0,3302.3,0.0069644,NaN,NaN,NaN,NaN,NaN,-1,-1,-1.3335,0.57109,-8.8162,-2.8489,0.40456,-7.6165,NaN,NaN,NaN,NaN,NaN
413.03,-19.193,-4.4385,12.953,-2.2409,1.344,-9.4931,-2.6369,2.2901,-8.5309,0,0,0,NaN,NaN,NaN,NaN,NaN,NaN,NaN,NaN,NaN,46.787,0,3302.3,0.0069644,NaN,NaN,NaN,NaN,16.299,96882,11.313,-1.3228,0.56254,-8.7724,-2.7886,0.44902,-7.5732,NaN,NaN,NaN,NaN,NaN
413.03,-19.199,-4.443,12.934,-0.71925,0.17812,-7.735,-3.4054,0.64034,-8.3132,0.56247,0.26378,-0.94652,NaN,NaN,NaN,NaN,NaN,NaN,NaN,NaN,NaN,46.787,0,3302.3,0.0069644,NaN,NaN,NaN,NaN,NaN,-1,-1,-1.3295,0.57221,-8.8156,-2.7907,0.47876,-7.5354,NaN,NaN,NaN,NaN,NaN
413.04,-19.214,-4.4552,12.898,-2.0374,1.9614,-11.363,-3.7257,3.5751,-8.1391,0,0,0,NaN,NaN,NaN,NaN,NaN,NaN,NaN,NaN,NaN,46.787,0,3302.3,0.0069644,0.76814,2.5674,0.67367,0.10239,NaN,-1,-1,-1.3286,0.57176,-8.8104,-2.7672,0.56336,-7.5134,NaN,NaN,NaN,NaN,NaN
413.04,0,0,0,0,0,0,0,0,0,0,0,0,NaN,NaN,NaN,NaN,NaN,NaN,NaN,NaN,NaN,46.787,0,3302.3,0.0069644,NaN,NaN,NaN,NaN,16.663,96874,11.25,-1.334,0.56939,-8.8379,-2.6655,0.79188,-7.5204,NaN,NaN,NaN,NaN,NaN
413.04,-19.218,-4.4531,12.876,-0.81974,0.52882,-6.4133,-2.8414,3.5912,-8.6129,0,0,0,NaN,NaN,NaN,NaN,NaN,NaN,NaN,NaN,NaN,46.787,0,3302.3,0.0069644,NaN,NaN,NaN,NaN,NaN,-1,-1,-1.3424,0.57877,-8.8975,-2.5954,0.81382,-7.5038,NaN,NaN,NaN,NaN,NaN
413.04,-19.221,-4.4742,12.862,-1.2747,0.22659,-7.7045,-1.9538,-6.284,-8.3678,0.55541,0.26387,-0.94715,NaN,NaN,NaN,NaN,NaN,NaN,NaN,NaN,NaN,46.787,0,3302.3,0.0069644,NaN,NaN,NaN,NaN,16.292,96821,11,-1.3322,0.57641,-8.8295,-2.5955,0.82243,-7.4526,NaN,NaN,NaN,NaN,NaN
413.05,-19.232,-4.4734,12.823,-1.6647,1.2013,-8.7463,-3.5296,4.5656,-7.4698,0,0,0,NaN,NaN,NaN,NaN,NaN,NaN,NaN,NaN,NaN,46.787,0,3302.3,0.0069644,NaN,NaN,NaN,NaN,NaN,-1,-1,-1.3289,0.57128,-8.8386,-2.6287,0.99036,-7.4392,NaN,NaN,NaN,NaN,NaN
413.05,-19.239,-4.4792,12.804,-1.4273,0.2523,-6.525,-3.5742,0.14353,-8.2787,0,0,0,NaN,NaN,NaN,NaN,NaN,NaN,NaN,NaN,NaN,46.787,0,3302.3,0.0069644,0.75062,2.5644,0.66637,0.11571,16.35,96871,11.313,-1.3394,0.57927,-8.8915,-2.5909,0.81959,-7.4711,NaN,NaN,NaN,NaN,NaN
413.05,0,0,0,0,0,0,0,0,0,0,0,0,NaN,NaN,NaN,NaN,NaN,NaN,NaN,NaN,NaN,46.787,0,3302.3,0.0069644,NaN,NaN,NaN,NaN,16.348,96883,11.313,-1.3479,0.58034,-8.9149,-2.5241,0.82942,-7.4792,NaN,NaN,NaN,NaN,NaN
413.05,-19.244,-4.4968,12.788,-0.87118,0.35051,-9.5332,-3.2044,-4.7682,-8.5453,0.55791,0.27356,-0.9447,NaN,NaN,NaN,NaN,NaN,NaN,NaN,NaN,NaN,46.787,0,3302.3,0.0069644,NaN,NaN,NaN,NaN,NaN,-1,-1,-1.3374,0.57711,-8.8614,-2.5023,0.86411,-7.4765,NaN,NaN,NaN,NaN,NaN
413.06,-19.253,-4.4959,12.746,-1.7442,0.070469,-7.5032,-2.8231,3.4946,-8.2452,0,0,0,NaN,NaN,NaN,NaN,NaN,NaN,NaN,NaN,NaN,46.787,0,3302.3,0.0069644,0.76212,2.5674,0.67246,0.098224,16.418,96845,11.125,-1.3363,0.58955,-8.8922,-2.5003,0.94011,-7.474,NaN,NaN,NaN,NaN,NaN
413.06,-19.26,-4.5128,12.732,-0.99529,0.007811,-8.4768,-3.6184,-4.6066,-7.9856,0,0,0,NaN,NaN,NaN,NaN,NaN,NaN,NaN,NaN,NaN,46.787,0,3302.3,0.0069644,NaN,NaN,NaN,NaN,NaN,-1,-1,-1.3455,0.59542,-8.8906,-2.4058,0.681,-7.5038,NaN,NaN,NaN,NaN,NaN
413.06,-19.27,-4.512,12.69,-1.3048,1.7102,-6.7556,-2.3278,5.4184,-8.5637,0,0,0,NaN,NaN,NaN,NaN,NaN,NaN,NaN,NaN,NaN,46.787,0,3302.3,0.0069644,NaN,NaN,NaN,NaN,16.421,96826,11.125,-1.3343,0.58294,-8.8569,-2.3465,0.7031,-7.5335,NaN,NaN,NaN,NaN,NaN
413.06,-19.272,-4.5221,12.672,-0.68843,-0.12203,-7.2523,-1.503,-1.595,-8.4384,0,0,0,NaN,NaN,NaN,NaN,NaN,NaN,NaN,NaN,NaN,46.787,0,3302.3,0.0069644,NaN,NaN,NaN,NaN,NaN,-1,-1,-1.343,0.57828,-8.8945,-2.2583,0.86211,-7.5572,NaN,NaN,NaN,NaN,NaN
413.07,-19.303,-4.5502,12.592,-1.0253,0.83165,-5.6389,-3.3427,3.6315,-7.9884,0,0,0,NaN,NaN,NaN,NaN,NaN,NaN,NaN,NaN,NaN,46.787,0,3302.3,0.0069644,0.75938,2.5757,0.67306,0.084073,16.298,96827,11.125,-1.346,0.59646,-8.8966,-2.2427,0.76014,-7.5909,NaN,NaN,NaN,NaN,NaN
413.07,-19.308,-4.5653,12.576,-1.2272,0.11291,-8.1357,-2.8724,-3.7808,-8.2622,0,0,0,NaN,NaN,NaN,NaN,NaN,NaN,NaN,NaN,NaN,46.787,0,3302.3,0.0069644,NaN,NaN,NaN,NaN,NaN,-1,-1,-1.3404,0.59149,-8.8652,-2.2475,0.56009,-7.6319,NaN,NaN,NaN,NaN,NaN
413.07,-19.312,-4.5731,12.536,-1.9654,0.25172,-8.4688,-1.5866,2.7885,-8.5542,0.55071,0.26886,-0.94535,NaN,NaN,NaN,NaN,NaN,NaN,NaN,NaN,NaN,46.787,0,3302.3,0.0069644,NaN,NaN,NaN,NaN,16.398,96876,11.313,-1.339,0.58803,-8.8347,-2.238,0.56326,-7.7052,NaN,NaN,NaN,NaN,NaN
413.07,-19.317,-4.583,12.52,-0.78899,0.27456,-8.1878,-2.8626,-1.7239,-7.8374,0,0,0,NaN,NaN,NaN,NaN,NaN,NaN,NaN,NaN,NaN,46.787,0,3302.3,0.0069644,NaN,NaN,NaN,NaN,NaN,-1,-1,-1.3426,0.59333,-8.8782,-2.1809,0.30854,-7.7752,NaN,NaN,NaN,NaN,NaN
413.08,-19.324,-4.5927,12.482,-1.708,1.8538,-10.687,-2.1822,3.859,-8.4547,0,0,0,NaN,NaN,NaN,NaN,NaN,NaN,NaN,NaN,NaN,46.787,0,3302.3,0.0069644,0.75993,2.5626,0.6895,NaN,NaN,-1,-1,-1.3506,0.59159,-8.871,-2.1786,0.24766,-7.8424,NaN,NaN,NaN,NaN,NaN
413.08,-19.324,-4.5947,12.46,-0.79961,0.19396,-6.4424,-0.89903,1.9714,-8.8864,0.57149,0.25909,-0.94126,NaN,NaN,NaN,NaN,NaN,NaN,NaN,NaN,NaN,46.787,0,3302.3,0.0069644,NaN,NaN,NaN,0.086571,16.492,96841,11.125,-1.3448,0.58818,-8.8502,-2.1771,0.47555,-7.8988,NaN,NaN,NaN,NaN,NaN
413.08,-19.326,-4.6161,12.427,-1.908,0.69351,-12.864,-1.7771,1.6257,-7.8279,0,0,0,NaN,NaN,NaN,NaN,NaN,NaN,NaN,NaN,NaN,46.817,0,3289.5,0.0080533,NaN,NaN,NaN,NaN,NaN,-1,-1,-1.3414,0.59294,-8.8453,-2.165,0.37786,-7.9775,NaN,NaN,NaN,NaN,NaN
413.08,-19.329,-4.6124,12.407,-1.51,0.69797,-8.8268,-2.2779,3.9768,-7.6466,0,0,0,NaN,NaN,NaN,NaN,NaN,NaN,NaN,NaN,NaN,46.817,0,3289.5,0.0080533,NaN,NaN,NaN,NaN,16.351,96885,11.375,-1.3487,0.59175,-8.8272,-2.1269,0.54726,-8.0557,NaN,NaN,NaN,NaN,NaN
413.09,-19.334,-4.6198,12.389,-1.1782,0.16131,-6.9609,-2.8897,-0.58877,-8.0352,0.57202,0.26353,-0.94788,NaN,NaN,NaN,NaN,NaN,NaN,NaN,NaN,NaN,46.817,0,3289.5,0.0080533,NaN,NaN,NaN,NaN,NaN,-1,-1,-1.363,0.59414,-8.9095,-2.1422,0.59723,-8.1286,NaN,NaN,NaN,NaN,NaN
413.09,-19.336,-4.6341,12.373,-1.1772,0.92165,-10.601,-1.7881,-3.3823,-8.4035,0,0,0,NaN,NaN,NaN,NaN,NaN,NaN,NaN,NaN,NaN,46.817,0,3289.5,0.0080533,NaN,NaN,NaN,NaN,NaN,-1,-1,-1.3648,0.6002,-8.9287,-2.1614,0.5135,-8.2211,NaN,NaN,NaN,NaN,NaN
413.09,-19.339,-4.6343,12.332,-1.5109,0.01914,-7.5086,-1.9028,2.0505,-8.0823,0,0,0,NaN,NaN,NaN,NaN,NaN,NaN,NaN,NaN,NaN,46.817,0,3289.5,0.0080533,0.7665,2.5715,0.67367,0.084906,16.176,96897,11.375,-1.3692,0.60636,-8.9347,-2.264,0.68777,-8.3288,NaN,NaN,NaN,NaN,NaN
413.09,-19.344,-4.6499,12.317,-1.0105,0.16703,-9.4204,-2.8656,-4.067,-8.1103,0.56705,0.26383,-0.94388,NaN,NaN,NaN,NaN,NaN,NaN,NaN,NaN,NaN,46.817,0,3289.5,0.0080533,NaN,NaN,NaN,NaN,NaN,-1,-1,-1.3713,0.604,-8.9521,-2.3297,0.82887,-8.4408,NaN,NaN,NaN,NaN,NaN
413.1,-19.347,-4.6536,12.298,-2.0302,1.7357,-13.347,-2.5066,0.95025,-7.9318,0,0,0,NaN,NaN,NaN,NaN,NaN,NaN,NaN,NaN,NaN,46.817,0,3289.5,0.0080533,NaN,NaN,NaN,NaN,NaN,-1,-1,-1.3756,0.60054,-8.9905,-2.2663,0.73654,-8.2703,NaN,NaN,NaN,NaN,NaN
413.1,-19.348,-4.6466,12.274,-1.1242,0.68012,-6.6615,-1.5073,5.8237,-8.8765,0,0,0,NaN,NaN,NaN,NaN,NaN,NaN,NaN,NaN,NaN,46.817,0,3289.5,0.0080533,NaN,NaN,NaN,NaN,16.396,96868,11.25,-1.3815,0.61279,-8.9856,-2.263,0.77596,-8.3459,NaN,NaN,NaN,NaN,NaN
413.1,-19.348,-4.6612,12.258,-0.7765,-0.046651,-8.6255,-0.93541,-3.5204,-8.4129,0,0,0,NaN,NaN,NaN,NaN,NaN,NaN,NaN,NaN,NaN,46.817,0,3289.5,0.0080533,NaN,NaN,NaN,NaN,NaN,-1,-1,-1.3761,0.60938,-8.9585,-2.2376,0.49104,-8.416,NaN,NaN,NaN,NaN,NaN
413.1,-19.351,-4.6687,12.221,-1.6749,0.63381,-12.997,-1.7494,3.571,-7.5039,0,0,0,NaN,NaN,NaN,NaN,NaN,NaN,NaN,NaN,NaN,46.817,0,3289.5,0.0080533,NaN,NaN,NaN,NaN,16.348,96866,11.25,-1.3799,0.59941,-8.9756,-2.298,0.66441,-8.4307,NaN,NaN,NaN,NaN,NaN
413.11,-19.356,-4.6698,12.202,-0.95737,0.2847,-6.4195,-2.9873,2.1178,-8.0278,0,0,0,NaN,NaN,NaN,NaN,NaN,NaN,NaN,NaN,NaN,46.817,0,3289.5,0.0080533,0.76814,2.5644,0.67124,0.10488,NaN,-1,-1,-1.3913,0.61004,-8.9878,-2.3748,0.57191,-8.4882,NaN,NaN,NaN,NaN,NaN
413.11,-19.36,-4.6831,12.186,-1.3683,1.2864,-8.6614,-2.6514,-3.0107,-8.2694,0,0,0,NaN,NaN,NaN,NaN,NaN,NaN,NaN,NaN,NaN,46.817,0,3289.5,0.0080533,NaN,NaN,NaN,NaN,NaN,-1,-1,-1.3837,0.61134,-8.9727,-2.305,0.71948,-8.2478,NaN,NaN,NaN,NaN,NaN
413.11,-19.362,-4.6887,12.165,-1.6901,0.34797,-12.192,-2.0571,0.42485,-8.832,0.56948,0.2662,-0.94366,NaN,NaN,NaN,NaN,NaN,NaN,NaN,NaN,NaN,46.817,0,3289.5,0.0080533,NaN,NaN,NaN,NaN,16.35,96874,11.313,-1.3796,0.60933,-8.9359,-2.3209,0.68919,-8.2625,NaN,NaN,NaN,NaN,NaN
413.11,-19.364,-4.6881,12.144,-1.7447,0.73653,-8.0319,-2.0002,2.9225,-8.3984,0,0,0,NaN,NaN,NaN,NaN,NaN,NaN,NaN,NaN,NaN,46.817,0,3289.5,0.0080533,NaN,NaN,NaN,NaN,NaN,-1,-1,-1.3842,0.60661,-8.9693,-2.3671,0.62264,-8.263,NaN,NaN,NaN,NaN,NaN
413.12,-19.369,-4.6987,12.127,-0.95802,-0.42951,-9.1363,-2.9091,-1.8274,-8.3189,0,0,0,NaN,NaN,NaN,NaN,NaN,NaN,NaN,NaN,NaN,46.817,0,3289.5,0.0080533,0.75938,2.5668,0.67246,0.09323,NaN,-1,-1,-1.3923,0.6022,-8.9808,-2.4801,0.4217,-8.2367,NaN,NaN,NaN,NaN,NaN
413.12,-19.376,-4.7088,12.11,-1.7883,0.97948,-11.44,-3.7999,-1.6697,-8.12,0,0,0,NaN,NaN,NaN,NaN,NaN,NaN,NaN,NaN,NaN,46.817,0,3289.5,0.0080533,NaN,NaN,NaN,NaN,16.347,96870,11.25,-1.3905,0.60305,-8.9669,-2.5553,0.78077,-8.2419,NaN,NaN,NaN,NaN,NaN
413.12,-19.38,-4.7059,12.087,-1.5477,1.5985,-10.253,-2.6856,3.9358,-8.5209,0.56233,0.25898,-0.94653,NaN,NaN,NaN,NaN,NaN,NaN,NaN,NaN,NaN,46.817,0,3289.5,0.0080533,NaN,NaN,NaN,NaN,NaN,-1,-1,-1.3911,0.59763,-8.9581,-2.5938,0.86574,-8.2475,NaN,NaN,NaN,NaN,NaN
413.12,-19.382,-4.707,12.066,-0.73542,0.041077,-7.0984,-1.7228,2.2455,-8.5438,0,0,0,NaN,NaN,NaN,NaN,NaN,NaN,NaN,NaN,NaN,46.817,0,3289.5,0.0080533,NaN,NaN,NaN,NaN,16.299,96884,11.313,-1.398,0.6079,-8.9781,-2.6285,0.7574,-8.2693,NaN,NaN,NaN,NaN,NaN
413.13,-19.385,-4.7313,12.034,-1.9542,0.84913,-14.409,-2.2294,0.69282,-7.9914,0,0,0,NaN,NaN,NaN,NaN,NaN,NaN,NaN,NaN,NaN,46.817,0,3289.5,0.0080533,NaN,NaN,NaN,NaN,NaN,-1,-1,-1.4006,0.6127,-8.9758,-2.654,0.62429,-8.2786,NaN,NaN,NaN,NaN,NaN
413.13,-19.392,-4.7253,12.012,-1.7384,0.13793,-7.7201,-3.6562,4.9354,-7.6256,0.56266,0.26114,-0.95095,NaN,NaN,NaN,NaN,NaN,NaN,NaN,NaN,NaN,46.817,0,3289.5,0.0080533,NaN,NaN,NaN,NaN,NaN,-1,-1,-1.3991,0.59781,-8.9604,-2.6831,0.71187,-8.2828,NaN,NaN,NaN,NaN,NaN
413.13,-19.398,-4.7344,11.995,-0.6229,0.69074,-7.0536,-3.5023,-1.2735,-8.0227,0,0,0,NaN,NaN,NaN,NaN,NaN,NaN,NaN,NaN,NaN,46.817,0,3289.5,0.0080533,0.7665,2.5638,0.67367,0.092398,16.273,96873,11.25,-1.3995,0.59421,-8.9829,-2.7754,0.51708,-8.2657,NaN,NaN,NaN,NaN,NaN
413.13,-19.402,-4.75,11.979,-1.7594,0.97596,-11.558,-2.7119,-3.7906,-8.7912,0,0,0,NaN,NaN,NaN,NaN,NaN,NaN,NaN,NaN,NaN,46.817,0,3289.5,0.0080533,NaN,NaN,NaN,NaN,NaN,-1,-1,-1.4073,0.61634,-9.0021,-2.8138,0.51886,-8.2845,NaN,NaN,NaN,NaN,NaN
413.14,-19.405,-4.7495,11.957,-2.0784,0.50938,-10.392,-2.1093,3.0119,-8.7916,0,0,0,NaN,NaN,NaN,NaN,NaN,NaN,NaN,NaN,NaN,46.817,0,3289.5,0.0080533,NaN,NaN,NaN,NaN,NaN,-1,-1,-1.4029,0.61354,-8.9651,-2.7692,0.61658,-8.3239,NaN,NaN,NaN,NaN,NaN
413.14,-19.417,-4.7702,11.922,-1.2095,0.13286,-9.419,-3.8418,-4.722,-8.4425,0,0,0,NaN,NaN,NaN,NaN,NaN,NaN,NaN,NaN,NaN,46.817,0,3289.5,0.0080533,0.77088,2.5757,0.68584,NaN,16.348,96862,11.25,-1.4086,0.59731,-8.9732,-2.7749,0.54103,-8.3152,NaN,NaN,NaN,NaN,NaN
413.14,-19.424,-4.7727,11.902,-2.2192,1.5663,-13.354,-3.8055,1.63,-8.3562,0,0,0,NaN,NaN,NaN,NaN,NaN,NaN,NaN,NaN,NaN,46.817,0,3289.5,0.0080533,0.77088,2.5757,0.68584,NaN,NaN,-1,-1,-1.409,0.6001,-8.9838,-2.8575,0.75274,-8.2911,NaN,NaN,NaN,NaN,NaN
413.14,-19.428,-4.7684,11.878,-1.0144,0.67821,-6.715,-2.7835,4.6121,-8.7342,0,0,0,NaN,NaN,NaN,NaN,NaN,NaN,NaN,NaN,NaN,46.817,0,3289.5,0.0080533,NaN,NaN,NaN,0.064928,16.247,96857,11.188,-1.4098,0.59922,-8.9852,-2.9373,0.71269,-8.2954,NaN,NaN,NaN,NaN,NaN
413.15,-19.428,-4.7857,11.863,-0.92239,0.9233,-8.0994,-1.0575,-4.696,-8.3171,0.55991,0.25661,-0.94675,NaN,NaN,NaN,NaN,NaN,NaN,NaN,NaN,NaN,46.817,0,3289.5,0.0080533,NaN,NaN,NaN,NaN,NaN,-1,-1,-1.4175,0.59917,-9.002,-2.9409,0.39793,-8.325,NaN,NaN,NaN,NaN,NaN
413.15,-19.432,-4.7946,11.846,-1.8948,-0.19258,-11.093,-2.5917,-1.1734,-8.161,0,0,0,NaN,NaN,NaN,NaN,NaN,NaN,NaN,NaN,NaN,46.817,0,3289.5,0.0080533,NaN,NaN,NaN,NaN,NaN,-1,-1,-1.4161,0.60809,-9.0022,-2.9346,0.30607,-8.3288,NaN,NaN,NaN,NaN,NaN
413.15,-19.436,-4.7942,11.827,-1.8159,0.83631,-12.188,-2.6475,2.6015,-7.6041,0,0,0,NaN,NaN,NaN,NaN,NaN,NaN,NaN,NaN,NaN,46.817,0,3289.5,0.0080533,NaN,NaN,NaN,NaN,16.441,96854,11.125,-1.4255,0.61072,-9.0372,-2.9931,0.19426,-8.333,NaN,NaN,NaN,NaN,NaN
413.15,-19.442,-4.7929,11.806,-1.2252,0.72234,-6.597,-3.6115,3.0905,-7.9694,0,0,0,NaN,NaN,NaN,NaN,NaN,NaN,NaN,NaN,NaN,46.817,0,3289.5,0.0080533,NaN,NaN,NaN,NaN,NaN,-1,-1,-1.4322,0.60637,-9.0285,-3.0401,0.20657,-8.3287,NaN,NaN,NaN,NaN,NaN
413.16,-19.442,-4.7929,11.806,-1.2252,0.72234,-6.597,-3.6115,3.0905,-7.9694,0,0,0,NaN,NaN,NaN,NaN,NaN,NaN,NaN,NaN,NaN,46.817,0,3289.5,0.0080533,0.76048,2.5686,0.68402,0.09656,NaN,-1,-1,-1.4259,0.59795,-9.0259,-3.0744,0.27537,-8.3408,NaN,NaN,NaN,NaN,NaN
413.16,-19.452,-4.8173,11.771,-1.6842,0.35661,-12.57,-2.8257,0.14164,-8.7637,0,0,0,NaN,NaN,NaN,NaN,NaN,NaN,NaN,NaN,NaN,46.817,0,3289.5,0.0080533,NaN,NaN,NaN,NaN,16.247,96876,11.25,-1.4242,0.59671,-9.0217,-3.0672,-0.07266,-8.3491,NaN,NaN,NaN,NaN,NaN
413.16,-19.456,-4.8132,11.749,-1.8252,0.91053,-7.9239,-2.6691,4.444,-8.3596,0,0,0,NaN,NaN,NaN,NaN,NaN,NaN,NaN,NaN,NaN,46.817,0,3289.5,0.0080533,NaN,NaN,NaN,NaN,NaN,-1,-1,-1.427,0.60433,-9.0366,-3.0344,-0.007242,-8.3287,NaN,NaN,NaN,NaN,NaN
413.16,-19.462,-4.8263,11.733,-0.83428,-0.39652,-7.4598,-3.4422,-2.9711,-8.1374,0,0,0,NaN,NaN,NaN,NaN,NaN,NaN,NaN,NaN,NaN,46.817,0,3289.5,0.0080533,NaN,NaN,NaN,NaN,16.297,96875,11.25,-1.4298,0.59308,-9.041,-3.0834,-0.17486,-8.3158,NaN,NaN,NaN,NaN,NaN
413.17,-19.47,-4.8418,11.718,-2.1274,0.68689,-13.064,-4.1494,-3.9834,-8.1626,0.55291,0.25911,-0.94738,NaN,NaN,NaN,NaN,NaN,NaN,NaN,NaN,NaN,46.817,0,3289.5,0.0080533,NaN,NaN,NaN,NaN,NaN,-1,-1,-1.4233,0.57942,-8.983,-3.1358,-0.34598,-8.3095,NaN,NaN,NaN,NaN,NaN
413.17,-19.475,-4.8361,11.695,-1.446,1.9177,-9.4419,-3.1983,5.0794,-8.314,0,0,0,NaN,NaN,NaN,NaN,NaN,NaN,NaN,NaN,NaN,46.817,0,3289.5,0.0080533,0.77197,2.5608,0.67002,0.095727,NaN,-1,-1,-1.4295,0.58523,-9.0385,-3.178,-0.29682,-8.3318,NaN,NaN,NaN,NaN,NaN
413.17,-19.478,-4.8399,11.674,-0.65357,-0.067882,-6.9541,-2.1579,1.2947,-8.9031,0,0,0,NaN,NaN,NaN,NaN,NaN,NaN,NaN,NaN,NaN,46.817,0,3289.5,0.0080533,0.77197,2.5608,0.67002,0.095727,16.273,96868,11.25,-1.4352,0.58337,-9.0537,-3.1581,-0.33783,-8.356,NaN,NaN,NaN,NaN,NaN
413.17,-19.48,-4.861,11.66,-1.799,0.66898,-8.2312,-1.9815,-6.1863,-8.6521,0,0,0,NaN,NaN,NaN,NaN,NaN,NaN,NaN,NaN,NaN,46.817,0,3289.5,0.0080533,NaN,NaN,NaN,NaN,NaN,-1,-1,-1.4312,0.58555,-9.0378,-3.1195,-0.63176,-8.3858,NaN,NaN,NaN,NaN,NaN
413.18,-19.48,-4.861,11.66,-1.799,0.66898,-8.2312,-1.9815,-6.1863,-8.6521,0,0,0,NaN,NaN,NaN,NaN,NaN,NaN,NaN,NaN,NaN,46.817,0,3289.5,0.0080533,NaN,NaN,NaN,NaN,NaN,-1,-1,-1.433,0.58732,-9.0319,-3.147,-0.71234,-8.3894,NaN,NaN,NaN,NaN,NaN
413.18,-19.492,-4.8609,11.62,-1.392,0.61407,-6.6708,-4.0005,4.6941,-7.6743,0,0,0,NaN,NaN,NaN,NaN,NaN,NaN,NaN,NaN,NaN,46.817,0,3289.5,0.0080533,NaN,NaN,NaN,NaN,16.201,96856,11.25,-1.4386,0.5886,-9.0704,-3.1575,-0.59326,-8.3817,NaN,NaN,NaN,NaN,NaN
413.18,-19.5,-4.8715,11.603,-1.1761,0.77784,-7.8974,-4.2668,-1.8698,-8.2173,0,0,0,NaN,NaN,NaN,NaN,NaN,NaN,NaN,NaN,NaN,46.817,0,3289.5,0.0080533,NaN,NaN,NaN,NaN,NaN,-1,-1,-1.4396,0.58091,-9.0599,-3.1435,-0.65313,-8.4018,NaN,NaN,NaN,NaN,NaN
413.18,-19.505,-4.8846,11.586,-1.586,0.71518,-10.292,-3.0173,-2.7119,-8.7404,0,0,0,NaN,NaN,NaN,NaN,NaN,NaN,NaN,NaN,NaN,46.817,0,3289.5,0.0080533,0.75391,2.5757,0.67063,0.10072,16.176,96878,11.313,-1.4344,0.57774,-9.0407,-3.1073,-0.66928,-8.4027,NaN,NaN,NaN,NaN,NaN
413.19,-19.508,-4.8888,11.565,-1.9407,0.55699,-9.968,-2.3201,0.9785,-8.7421,0.56678,0.25916,-0.94168,NaN,NaN,NaN,NaN,NaN,NaN,NaN,NaN,NaN,46.817,0,3289.5,0.0080533,NaN,NaN,NaN,NaN,NaN,-1,-1,-1.4359,0.57842,-9.0583,-3.0939,-0.43919,-8.3898,NaN,NaN,NaN,NaN,NaN
413.19,-19.514,-4.8928,11.546,-1.1845,0.21942,-8.1713,-3.2659,0.9671,-8.3082,0,0,0,NaN,NaN,NaN,NaN,NaN,NaN,NaN,NaN,NaN,46.817,0,3289.5,0.0080533,NaN,NaN,NaN,NaN,NaN,-1,-1,-1.436,0.58339,-9.0677,-3.1224,-0.61936,-8.3759,NaN,NaN,NaN,NaN,NaN
413.19,-19.522,-4.9075,11.531,-1.2907,-0.092872,-8.9337,-4.4814,-3.5781,-8.197,0,0,0,NaN,NaN,NaN,NaN,NaN,NaN,NaN,NaN,NaN,46.817,0,3289.5,0.0080533,NaN,NaN,NaN,NaN,16.248,96874,11.25,-1.4355,0.58274,-9.0675,-3.1673,-0.55894,-8.3928,NaN,NaN,NaN,NaN,NaN
413.19,-19.529,-4.911,11.51,-1.9749,1.711,-12.4,-3.8704,1.2991,-8.6225,0,0,0,NaN,NaN,NaN,NaN,NaN,NaN,NaN,NaN,NaN,46.817,0,3289.5,0.0080533,NaN,NaN,NaN,NaN,NaN,-1,-1,-1.436,0.57194,-9.0849,-3.1056,-0.59185,-8.4278,NaN,NaN,NaN,NaN,NaN
413.2,-19.535,-4.9266,11.471,-1.1424,0.29484,-7.7,-1.9354,-4.7829,-8.8797,0,0,0,NaN,NaN,NaN,NaN,NaN,NaN,NaN,NaN,NaN,46.817,0,3289.5,0.0080533,NaN,NaN,NaN,NaN,NaN,-1,-1,-1.4355,0.58152,-9.0854,-3.0908,-0.969,-8.4547,NaN,NaN,NaN,NaN,NaN
413.2,-19.538,-4.9383,11.454,-1.7982,0.68047,-11.214,-2.4649,-2.2416,-8.3817,0,0,0,NaN,NaN,NaN,NaN,NaN,NaN,NaN,NaN,NaN,46.817,0,3289.5,0.0080533,NaN,NaN,NaN,NaN,16.347,96851,11.188,-1.4407,0.58933,-9.0885,-3.0713,-0.89464,-8.4698,NaN,NaN,NaN,NaN,NaN
413.2,-19.545,-4.9377,11.434,-1.8539,0.25394,-11.318,-3.6033,2.7976,-7.9311,0,0,0,NaN,NaN,NaN,NaN,NaN,NaN,NaN,NaN,NaN,46.768,0,3270.9,0.0064211,NaN,NaN,NaN,NaN,NaN,-1,-1,-1.4317,0.58954,-9.0752,-3.0472,-0.64641,-8.4959,NaN,NaN,NaN,NaN,NaN
413.2,-19.552,-4.9394,11.413,-1.2703,0.64391,-6.6433,-4.0273,1.8984,-8.323,0.55999,0.26393,-0.94452,NaN,NaN,NaN,NaN,NaN,NaN,NaN,NaN,NaN,46.768,0,3270.9,0.0064211,NaN,NaN,NaN,NaN,16.196,96863,11.188,-1.4313,0.58711,-9.1086,-2.9539,-0.97534,-8.5034,NaN,NaN,NaN,NaN,NaN
413.21,-19.557,-4.9555,11.398,-0.95498,1.0541,-8.3739,-3.1145,-4.145,-8.2804,0,0,0,NaN,NaN,NaN,NaN,NaN,NaN,NaN,NaN,NaN,46.768,0,3270.9,0.0064211,NaN,NaN,NaN,NaN,NaN,-1,-1,-1.4305,0.58904,-9.1049,-2.9368,-1.0664,-8.7609,NaN,NaN,NaN,NaN,NaN
413.21,-19.557,-4.9555,11.398,-0.95498,1.0541,-8.3739,-3.1145,-4.145,-8.2804,0,0,0,NaN,NaN,NaN,NaN,NaN,NaN,NaN,NaN,NaN,46.768,0,3270.9,0.0064211,0.77088,2.5668,0.68524,NaN,NaN,-1,-1,-1.4343,0.57933,-9.1555,-2.8519,-1.0306,-8.6899,NaN,NaN,NaN,NaN,NaN
413.21,-19.56,-4.9639,11.379,-1.8804,0.46645,-10.847,-2.2675,-0.74782,-8.7911,0,0,0,NaN,NaN,NaN,NaN,NaN,NaN,NaN,NaN,NaN,46.768,0,3270.9,0.0064211,NaN,NaN,NaN,0.06909,16.321,96857,11.188,-1.4415,0.58546,-9.1806,-2.7904,-0.78596,-8.6314,NaN,NaN,NaN,NaN,NaN
413.21,-19.563,-4.9636,11.357,-1.9867,0.43852,-9.0612,-2.4495,2.913,-8.5913,0,0,0,NaN,NaN,NaN,NaN,NaN,NaN,NaN,NaN,NaN,46.768,0,3270.9,0.0064211,NaN,NaN,NaN,NaN,NaN,-1,-1,-1.4322,0.58568,-9.1695,-2.7079,-0.73206,-8.5708,NaN,NaN,NaN,NaN,NaN
413.22,-19.575,-4.9895,11.323,-2.0995,0.90043,-12.232,-3.7139,-2.2564,-8.4997,0,0,0,NaN,NaN,NaN,NaN,NaN,NaN,NaN,NaN,NaN,46.768,0,3270.9,0.0064211,NaN,NaN,NaN,NaN,NaN,-1,-1,-1.4308,0.58115,-9.1402,-2.6477,-0.84832,-8.5278,NaN,NaN,NaN,NaN,NaN
413.22,-19.578,-4.9864,11.3,-1.2358,1.0826,-8.3903,-2.3999,4.1471,-8.726,0,0,0,NaN,NaN,NaN,NaN,NaN,NaN,NaN,NaN,NaN,46.768,0,3270.9,0.0064211,NaN,NaN,NaN,NaN,16.298,96867,11.25,-1.4311,0.5775,-9.167,-2.6137,-0.63293,-8.7265,NaN,NaN,NaN,NaN,NaN
413.22,-19.579,-4.9944,11.281,-0.93905,0.70868,-7.0507,-1.7397,-0.53463,-8.8029,0,0,0,NaN,NaN,NaN,NaN,NaN,NaN,NaN,NaN,NaN,46.768,0,3270.9,0.0064211,NaN,NaN,NaN,NaN,NaN,-1,-1,-1.4409,0.57254,-9.2248,-2.5938,-0.56153,-8.6038,NaN,NaN,NaN,NaN,NaN
413.22,-19.579,-5.0116,11.265,-1.7663,0.41214,-9.4107,-0.97065,-4.5037,-8.6204,0.56496,0.26363,-0.94852,NaN,NaN,NaN,NaN,NaN,NaN,NaN,NaN,NaN,46.768,0,3270.9,0.0064211,0.76376,2.562,0.67124,0.10572,16.371,96851,11.188,-1.4341,0.57457,-9.2081,-2.5817,-0.51157,-8.4891,NaN,NaN,NaN,NaN,NaN
413.23,-19.582,-5.0162,11.246,-1.8924,-0.33914,-13.574,-2.2964,0.69998,-8.1903,0,0,0,NaN,NaN,NaN,NaN,NaN,NaN,NaN,NaN,NaN,46.768,0,3270.9,0.0064211,NaN,NaN,NaN,NaN,NaN,-1,-1,-1.4406,0.58036,-9.2346,-2.4869,-0.38496,-8.4087,NaN,NaN,NaN,NaN,NaN
413.23,-19.589,-5.0121,11.225,-1.1815,1.193,-6.9952,-3.6765,4.2575,-7.8579,0,0,0,NaN,NaN,NaN,NaN,NaN,NaN,NaN,NaN,NaN,46.768,0,3270.9,0.0064211,NaN,NaN,NaN,NaN,NaN,-1,-1,-1.4404,0.57775,-9.2291,-2.3458,-0.15402,-8.3294,NaN,NaN,NaN,NaN,NaN
413.23,-19.593,-5.0233,11.208,-1.2635,1.2093,-7.6106,-2.7504,-2.0722,-8.3471,0,0,0,NaN,NaN,NaN,NaN,NaN,NaN,NaN,NaN,NaN,46.768,0,3270.9,0.0064211,NaN,NaN,NaN,NaN,16.297,96873,11.25,-1.4364,0.56607,-9.2073,-2.2335,-0.38655,-8.2384,NaN,NaN,NaN,NaN,NaN
413.23,-19.596,-5.0367,11.189,-1.5786,-0.10219,-10.746,-2.1179,-2.6711,-9.1634,0.55741,0.25184,-0.94697,4.2414,18,-2.139,18.616,40.058,-88.548,3.6799e+05,4.4354e+06,331.6,46.768,0,3270.9,0.0064211,NaN,NaN,NaN,NaN,NaN,-1,-1,-1.4407,0.56115,-9.2412,-2.0804,-0.5342,-8.1718,18.597,0.45877,0.70276,2.1641,1.4121
413.24,-19.596,-5.0392,11.169,-1.7654,1.0865,-9.6833,-1.4896,1.6479,-8.4812,0,0,0,NaN,NaN,NaN,NaN,NaN,NaN,NaN,NaN,NaN,46.768,0,3270.9,0.0064211,0.7665,2.5686,0.66941,0.099057,NaN,-1,-1,-1.4407,0.56769,-9.2237,-2.0146,-0.44997,-8.0729,NaN,NaN,NaN,NaN,NaN
413.24,-19.599,-5.0473,11.15,-1.3209,0.051575,-7.9012,-2.2316,-0.67483,-8.4986,0,0,0,NaN,NaN,NaN,NaN,NaN,NaN,NaN,NaN,NaN,46.768,0,3270.9,0.0064211,NaN,NaN,NaN,NaN,16.421,96890,11.313,-1.4312,0.57374,-9.2201,-1.9836,-0.5225,-7.9732,NaN,NaN,NaN,NaN,NaN
413.24,-19.604,-5.062,11.134,-1.373,-0.070862,-10.573,-2.9194,-3.508,-8.4319,0,0,0,NaN,NaN,NaN,NaN,NaN,NaN,NaN,NaN,NaN,46.768,0,3270.9,0.0064211,NaN,NaN,NaN,NaN,NaN,-1,-1,-1.4203,0.56671,-9.1619,-1.9389,-0.4182,-7.9136,NaN,NaN,NaN,NaN,NaN
413.24,-19.609,-5.0609,11.091,-0.72928,1.2895,-5.696,-1.53,3.0877,-8.7655,0,0,0,NaN,NaN,NaN,NaN,NaN,NaN,NaN,NaN,NaN,46.768,0,3270.9,0.0064211,NaN,NaN,NaN,NaN,16.299,96864,11.25,-1.4259,0.56079,-9.1719,-1.8308,-0.37896,-7.8719,NaN,NaN,NaN,NaN,NaN
413.25,-19.606,-5.0852,11.078,-1.0823,0.55349,-9.4821,0.16301,-7.507,-8.6762,0,0,0,NaN,NaN,NaN,NaN,NaN,NaN,NaN,NaN,NaN,46.768,0,3270.9,0.0064211,NaN,NaN,NaN,NaN,NaN,-1,-1,-1.4262,0.5589,-9.2164,-1.7391,-0.40562,-7.8274,NaN,NaN,NaN,NaN,NaN
413.25,-19.608,-5.0879,11.058,-2.3091,-0.085115,-12.597,-1.9202,1.5244,-8.2204,0,0,0,NaN,NaN,NaN,NaN,NaN,NaN,NaN,NaN,NaN,46.768,0,3270.9,0.0064211,0.76595,2.568,0.67672,0.091565,NaN,-1,-1,-1.4297,0.57007,-9.222,-1.6807,-0.48209,-7.7675,NaN,NaN,NaN,NaN,NaN
413.25,-19.61,-5.0827,11.036,-1.6093,0.7826,-9.5222,-2.1391,4.7828,-8.0979,0.56894,0.25684,-0.93927,NaN,NaN,NaN,NaN,NaN,NaN,NaN,NaN,NaN,46.768,0,3270.9,0.0064211,NaN,NaN,NaN,NaN,16.2,96884,11.313,-1.4083,0.55716,-9.1156,-1.6473,-0.26752,-7.7168,NaN,NaN,NaN,NaN,NaN
413.25,-19.614,-5.0945,11.019,-0.88954,0.7188,-5.5813,-2.3842,-2.2982,-8.3181,0,0,0,NaN,NaN,NaN,NaN,NaN,NaN,NaN,NaN,NaN,46.768,0,3270.9,0.0064211,NaN,NaN,NaN,NaN,NaN,-1,-1,-1.4182,0.55122,-9.1372,-1.5497,-0.45055,-7.6901,NaN,NaN,NaN,NaN,NaN
413.26,-19.615,-5.1113,11.004,-1.2696,0.40181,-11.721,-1.4668,-4.406,-8.3876,0,0,0,NaN,NaN,NaN,NaN,NaN,NaN,NaN,NaN,NaN,46.768,0,3270.9,0.0064211,NaN,NaN,NaN,NaN,NaN,-1,-1,-1.4093,0.55301,-9.1234,-1.4441,-0.42283,-7.6647,NaN,NaN,NaN,NaN,NaN
413.26,-19.615,-5.1092,10.982,-1.9755,0.55082,-10.144,-1.3666,3.6641,-8.5707,0,0,0,NaN,NaN,NaN,NaN,NaN,NaN,NaN,NaN,NaN,46.768,0,3270.9,0.0064211,NaN,NaN,NaN,NaN,16.174,96867,11.25,-1.4051,0.54262,-9.0984,-1.366,-0.34919,-7.6205,NaN,NaN,NaN,NaN,NaN
413.26,0,0,0,0,0,0,0,0,0,0,0,0,NaN,NaN,NaN,NaN,NaN,NaN,NaN,NaN,NaN,46.768,0,3270.9,0.0064211,NaN,NaN,NaN,NaN,NaN,-1,-1,-1.4047,0.54783,-9.1431,-1.3555,-0.38586,-7.5897,NaN,NaN,NaN,NaN,NaN
413.26,-19.617,-5.1147,10.963,-1.4439,0.58502,-7.3401,-1.6896,0.3275,-8.2694,0.57114,0.24709,-0.94129,NaN,NaN,NaN,NaN,NaN,NaN,NaN,NaN,NaN,46.768,0,3270.9,0.0064211,0.82617,2.4707,0.74244,0.019978,16.248,96874,11.25,-1.4019,0.54523,-9.1344,-1.3603,-0.45808,-7.554,NaN,NaN,NaN,NaN,NaN
413.27,-19.619,-5.133,10.949,-0.9578,-0.089354,-9.7074,-1.8998,-5.1509,-8.1558,0,0,0,NaN,NaN,NaN,NaN,NaN,NaN,NaN,NaN,NaN,46.768,0,3270.9,0.0064211,NaN,NaN,NaN,NaN,NaN,-1,-1,-1.3966,0.54733,-9.1089,-1.3544,-0.46922,-7.5305,NaN,NaN,NaN,NaN,NaN
413.27,-19.623,-5.1368,10.93,-2.3118,0.31687,-13.313,-2.7097,1.0193,-8.1354,0,0,0,NaN,NaN,NaN,NaN,NaN,NaN,NaN,NaN,NaN,46.768,0,3270.9,0.0064211,NaN,NaN,NaN,NaN,NaN,-1,-1,-1.4045,0.55355,-9.1347,-1.3155,-0.62005,-7.551,NaN,NaN,NaN,NaN,NaN
413.27,-19.623,-5.1329,10.907,-0.92566,2.3215,-6.2626,-1.2913,4.3766,-8.4396,0,0,0,NaN,NaN,NaN,NaN,NaN,NaN,NaN,NaN,NaN,46.768,0,3270.9,0.0064211,NaN,NaN,NaN,NaN,16.229,96922,11.5,-1.3957,0.55614,-9.098,-1.2599,-0.44935,-7.542,NaN,NaN,NaN,NaN,NaN
413.27,0,0,0,0,0,0,0,0,0,0,0,0,NaN,NaN,NaN,NaN,NaN,NaN,NaN,NaN,NaN,46.768,0,3270.9,0.0064211,NaN,NaN,NaN,NaN,NaN,-1,-1,-1.3931,0.54946,-9.0701,-1.2763,-0.51006,-7.5282,NaN,NaN,NaN,NaN,NaN
413.28,-19.621,-5.1466,10.89,-0.86206,-0.25307,-7.7778,0.059759,-3.015,-8.5815,0.56899,0.2494,-0.94371,NaN,NaN,NaN,NaN,NaN,NaN,NaN,NaN,NaN,46.768,0,3270.9,0.0064211,NaN,NaN,NaN,0.074917,NaN,-1,-1,-1.3941,0.55888,-9.0917,-1.2382,-0.43966,-7.5353,NaN,NaN,NaN,NaN,NaN
413.28,-19.619,-5.1642,10.875,-2.2224,0.0995,-11.46,-0.23067,-4.7444,-8.4909,0,0,0,NaN,NaN,NaN,NaN,NaN,NaN,NaN,NaN,NaN,46.768,0,3270.9,0.0064211,NaN,NaN,NaN,NaN,16.126,96883,11.313,-1.389,0.55587,-9.0359,-1.1812,-0.43581,-7.5687,NaN,NaN,NaN,NaN,NaN
413.28,-19.62,-5.1612,10.835,-0.8498,0.51035,-4.6624,-1.7765,2.1442,-7.6565,0,0,0,NaN,NaN,NaN,NaN,NaN,NaN,NaN,NaN,NaN,46.768,0,3270.9,0.0064211,NaN,NaN,NaN,NaN,NaN,-1,-1,-1.3844,0.54924,-9.0507,-1.0715,-0.49294,-7.5985,NaN,NaN,NaN,NaN,NaN
413.28,-19.623,-5.1767,10.82,-1.5036,0.67075,-10.145,-2.159,-3.9384,-8.3216,0.58569,0.2613,-0.93998,NaN,NaN,NaN,NaN,NaN,NaN,NaN,NaN,NaN,46.768,0,3270.9,0.0064211,NaN,NaN,NaN,NaN,16.049,96872,11.25,-1.375,0.53843,-9.0494,-1.022,-0.5221,-7.6121,NaN,NaN,NaN,NaN,NaN
413.29,-19.622,-5.1865,10.779,-1.3181,0.46069,-8.9609,-0.92584,2.0229,-8.6825,0,0,0,NaN,NaN,NaN,NaN,NaN,NaN,NaN,NaN,NaN,46.768,0,3270.9,0.0064211,NaN,NaN,NaN,NaN,NaN,-1,-1,-1.3708,0.55694,-9.013,-1.0721,-0.46766,-7.6126,NaN,NaN,NaN,NaN,NaN
413.29,-19.625,-5.1963,10.762,-1.2537,-0.24843,-7.9901,-1.9172,-1.5488,-8.1727,0,0,0,NaN,NaN,NaN,NaN,NaN,NaN,NaN,NaN,NaN,46.768,0,3270.9,0.0064211,0.7561,2.5632,0.67185,0.09323,NaN,-1,-1,-1.3582,0.53966,-8.9638,-1.1038,-0.42875,-7.6427,NaN,NaN,NaN,NaN,NaN
413.29,-19.644,-5.2208,10.707,-1.6996,1.2401,-11.784,-1.377,2.5944,-8.226,0,0,0,NaN,NaN,NaN,NaN,NaN,NaN,NaN,NaN,NaN,46.768,0,3270.9,0.0064211,NaN,NaN,NaN,NaN,16.2,96883,11.313,-1.3704,0.53414,-9.0411,-1.0955,-0.57725,-7.7279,NaN,NaN,NaN,NaN,NaN
413.29,-19.643,-5.2235,10.685,-0.82136,0.41373,-5.8417,-0.80564,1.7603,-8.8827,0,0,0,NaN,NaN,NaN,NaN,NaN,NaN,NaN,NaN,NaN,46.768,0,3270.9,0.0064211,NaN,NaN,NaN,NaN,NaN,-1,-1,-1.369,0.53094,-9.0692,-1.0826,-0.53996,-7.7781,NaN,NaN,NaN,NaN,NaN
413.3,-19.64,-5.2417,10.671,-1.1844,0.20417,-10.324,0.065833,-5.0087,-8.4345,0,0,0,NaN,NaN,NaN,NaN,NaN,NaN,NaN,NaN,NaN,46.768,0,3270.9,0.0064211,NaN,NaN,NaN,NaN,NaN,-1,-1,-1.367,0.54508,-9.037,-1.1285,-0.42256,-7.8239,NaN,NaN,NaN,NaN,NaN
413.3,-19.64,-5.2475,10.652,-2.0094,0.53397,-11.128,-0.9224,0.13401,-8.1034,0.57384,0.25414,-0.94327,NaN,NaN,NaN,NaN,NaN,NaN,NaN,NaN,NaN,46.768,0,3270.9,0.0064211,NaN,NaN,NaN,NaN,16.296,96861,11.188,-1.3609,0.54819,-8.9991,-1.2031,-0.50763,-7.8649,NaN,NaN,NaN,NaN,NaN
413.3,-19.64,-5.2467,10.632,-1.479,0.29841,-11.213,-1.3732,2.8903,-7.8413,0,0,0,NaN,NaN,NaN,NaN,NaN,NaN,NaN,NaN,NaN,46.768,0,3270.9,0.0064211,NaN,NaN,NaN,NaN,15.998,96878,11.25,-1.3569,0.54296,-9.0157,-1.24,-0.41257,-7.9445,NaN,NaN,NaN,NaN,NaN
413.3,-19.642,-5.2527,10.614,-1.1047,0.8075,-6.4447,-1.9629,0.10646,-8.2447,0,0,0,NaN,NaN,NaN,NaN,NaN,NaN,NaN,NaN,NaN,46.768,0,3270.9,0.0064211,0.82727,2.4665,0.74001,0.028302,NaN,-1,-1,-1.3661,0.54964,-9.0991,-1.2053,-0.59477,-8.0342,NaN,NaN,NaN,NaN,NaN
413.31,-19.643,-5.2692,10.598,-1.2261,1.1226,-10.23,-1.0324,-4.2175,-8.562,0,0,0,NaN,NaN,NaN,NaN,NaN,NaN,NaN,NaN,NaN,46.768,0,3270.9,0.0064211,NaN,NaN,NaN,NaN,NaN,-1,-1,-1.3673,0.54442,-9.0898,-1.2431,-0.62741,-8.0971,NaN,NaN,NaN,NaN,NaN
413.31,-19.642,-5.2756,10.558,-1.5444,0.52615,-8.4815,-1.0824,1.0863,-8.3577,0,0,0,NaN,NaN,NaN,NaN,NaN,NaN,NaN,NaN,NaN,46.768,0,3270.9,0.0064211,NaN,NaN,NaN,NaN,NaN,-1,-1,-1.3575,0.53667,-9.1173,-1.334,-0.40208,-8.1549,NaN,NaN,NaN,NaN,NaN
413.31,-19.645,-5.29,10.543,-0.94298,-0.30724,-9.6695,-1.867,-3.5201,-7.9937,0,0,0,NaN,NaN,NaN,NaN,NaN,NaN,NaN,NaN,NaN,46.778,0,3258,0.0064211,NaN,NaN,NaN,NaN,16.223,96876,11.25,-1.3612,0.55466,-9.1293,-1.4176,-0.3901,-8.2388,NaN,NaN,NaN,NaN,NaN
413.31,-19.648,-5.2961,10.524,-2.0171,0.55656,-12.241,-2.5543,0.026872,-8.1488,0,0,0,NaN,NaN,NaN,NaN,NaN,NaN,NaN,NaN,NaN,46.778,0,3258,0.0064211,0.76595,2.5632,0.67732,0.098224,NaN,-1,-1,-1.3569,0.55246,-9.1387,-1.4521,-0.558,-8.345,NaN,NaN,NaN,NaN,NaN
413.32,-19.649,-5.2939,10.503,-0.94026,1.5577,-7.6233,-1.4725,3.5712,-8.2007,0.57378,0.25666,-0.94105,NaN,NaN,NaN,NaN,NaN,NaN,NaN,NaN,NaN,46.778,0,3258,0.0064211,NaN,NaN,NaN,NaN,16.176,96880,11.313,-1.3582,0.53724,-9.1729,-1.4713,-0.46077,-8.4686,NaN,NaN,NaN,NaN,NaN
413.32,-19.647,-5.3031,10.485,-1.1501,0.3066,-8.2749,-0.33581,-1.1798,-8.4401,0,0,0,NaN,NaN,NaN,NaN,NaN,NaN,NaN,NaN,NaN,46.778,0,3258,0.0064211,NaN,NaN,NaN,NaN,NaN,-1,-1,-1.3583,0.54421,-9.2286,-1.4552,-0.4239,-8.2574,NaN,NaN,NaN,NaN,NaN
413.32,-19.646,-5.3196,10.47,-1.6815,0.2144,-10.526,-0.73402,-4.3485,-8.199,0,0,0,NaN,NaN,NaN,NaN,NaN,NaN,NaN,NaN,NaN,46.778,0,3258,0.0064211,NaN,NaN,NaN,NaN,NaN,-1,-1,-1.3607,0.54208,-9.2269,-1.5249,-0.32791,-8.2854,NaN,NaN,NaN,NaN,NaN
413.32,-19.646,-5.3189,10.451,-1.6237,0.61396,-12.44,-0.95271,2.6797,-7.4762,0,0,0,NaN,NaN,NaN,NaN,NaN,NaN,NaN,NaN,NaN,46.778,0,3258,0.0064211,NaN,NaN,NaN,NaN,16.075,96887,11.313,-1.3497,0.54379,-9.2456,-1.5855,-0.50986,-8.3222,NaN,NaN,NaN,NaN,NaN
413.33,-19.65,-5.3317,10.416,-1.6204,0.57125,-8.8573,-1.7614,-2.8873,-8.2896,0,0,0,NaN,NaN,NaN,NaN,NaN,NaN,NaN,NaN,NaN,46.778,0,3258,0.0064211,NaN,NaN,NaN,NaN,NaN,-1,-1,-1.356,0.55199,-9.2852,-1.6651,-0.40452,-8.3653,NaN,NaN,NaN,NaN,NaN
413.33,-19.65,-5.3414,10.398,-1.167,0.1322,-10.774,-1.202,-1.332,-8.5694,0,0,0,NaN,NaN,NaN,NaN,NaN,NaN,NaN,NaN,NaN,46.778,0,3258,0.0064211,NaN,NaN,NaN,NaN,NaN,-1,-1,-1.3541,0.53561,-9.2698,-1.7262,-0.23484,-8.4155,NaN,NaN,NaN,NaN,NaN
413.33,-19.652,-5.3441,10.378,-1.7066,0.64974,-9.9499,-1.8714,1.5987,-8.4263,0,0,0,NaN,NaN,NaN,NaN,NaN,NaN,NaN,NaN,NaN,46.778,0,3258,0.0064211,NaN,NaN,NaN,NaN,16.129,96928,11.5,-1.3563,0.5273,-9.3109,-1.7789,-0.27907,-8.137,NaN,NaN,NaN,NaN,NaN
413.33,-19.654,-5.3508,10.36,-1.5187,0.2122,-8.4813,-2.0078,-0.32813,-7.938,0.57378,0.25666,-0.94105,NaN,NaN,NaN,NaN,NaN,NaN,NaN,NaN,NaN,46.778,0,3258,0.0064211,0.76212,2.4492,0.74792,NaN,NaN,-1,-1,-1.3512,0.5324,-9.2973,-1.83,-0.25586,-8.1384,NaN,NaN,NaN,NaN,NaN
413.34,-19.659,-5.3645,10.345,-1.3797,-0.10778,-10.408,-3.0096,-3.2011,-8.0415,0,0,0,NaN,NaN,NaN,NaN,NaN,NaN,NaN,NaN,NaN,46.778,0,3258,0.0064211,0.76212,2.4492,0.74792,NaN,NaN,-1,-1,-1.3473,0.52376,-9.2949,-1.8776,-0.33192,-8.1391,NaN,NaN,NaN,NaN,NaN
413.34,-19.663,-5.3692,10.326,-1.4785,1.5746,-11.57,-2.8741,0.67918,-8.245,0,0,0,NaN,NaN,NaN,NaN,NaN,NaN,NaN,NaN,NaN,46.778,0,3258,0.0064211,NaN,NaN,NaN,0.045783,16.092,96829,11,-1.3507,0.52405,-9.34,-1.9446,-0.20796,-8.1216,NaN,NaN,NaN,NaN,NaN
413.34,-19.665,-5.3688,10.305,-1.1895,1.5967,-8.0902,-1.7711,2.8992,-8.4038,0,0,0,NaN,NaN,NaN,NaN,NaN,NaN,NaN,NaN,NaN,46.778,0,3258,0.0064211,NaN,NaN,NaN,NaN,NaN,-1,-1,-1.3507,0.5249,-9.3506,-2.0201,-0.42929,-8.1293,NaN,NaN,NaN,NaN,NaN
413.34,-19.666,-5.3941,10.272,-1.7178,0.093392,-11.61,-1.8423,-2.4492,-8.1117,0,0,0,NaN,NaN,NaN,NaN,NaN,NaN,NaN,NaN,NaN,46.778,0,3258,0.0064211,NaN,NaN,NaN,NaN,16.071,96847,11.125,-1.349,0.53791,-9.3674,-2.0476,-0.31556,-8.1329,NaN,NaN,NaN,NaN,NaN
413.35,-19.67,-5.3945,10.254,-1.652,0.9786,-11.327,-2.7978,2.2255,-7.4219,0,0,0,NaN,NaN,NaN,NaN,NaN,NaN,NaN,NaN,NaN,46.778,0,3258,0.0064211,NaN,NaN,NaN,NaN,NaN,-1,-1,-1.3525,0.54286,-9.3791,-2.1474,-0.33383,-8.1081,NaN,NaN,NaN,NaN,NaN
413.35,-19.674,-5.3971,10.235,-1.1687,1.0795,-7.8402,-2.6489,1.4769,-7.9372,0,0,0,NaN,NaN,NaN,NaN,NaN,NaN,NaN,NaN,NaN,46.778,0,3258,0.0064211,0.7654,2.5632,0.67246,0.099889,NaN,-1,-1,-1.3464,0.53294,-9.3516,-2.2256,-0.33311,-8.0974,NaN,NaN,NaN,NaN,NaN
413.35,-19.676,-5.4106,10.218,-1.1297,0.13587,-8.504,-1.8737,-3.1298,-8.2598,0.57598,0.24691,-0.94308,NaN,NaN,NaN,NaN,NaN,NaN,NaN,NaN,NaN,46.778,0,3258,0.0064211,NaN,NaN,NaN,NaN,16.199,96888,11.313,-1.3486,0.53099,-9.3812,-2.2309,-0.24482,-8.1155,NaN,NaN,NaN,NaN,NaN
413.35,-19.678,-5.4186,10.2,-1.8947,0.374,-11.015,-2.0402,-0.58682,-8.5821,0,0,0,NaN,NaN,NaN,NaN,NaN,NaN,NaN,NaN,NaN,46.778,0,3258,0.0064211,NaN,NaN,NaN,NaN,NaN,-1,-1,-1.3555,0.54001,-9.4139,-2.2013,-0.33033,-8.1206,NaN,NaN,NaN,NaN,NaN
413.36,-19.681,-5.4228,10.181,-1.6386,1.0924,-9.4982,-2.0567,0.78575,-8.0042,0,0,0,NaN,NaN,NaN,NaN,NaN,NaN,NaN,NaN,NaN,46.778,0,3258,0.0064211,NaN,NaN,NaN,NaN,NaN,-1,-1,-1.3522,0.54225,-9.3943,-2.2578,-0.41823,-8.1114,NaN,NaN,NaN,NaN,NaN
413.36,-19.684,-5.4334,10.165,-0.89739,-0.43881,-8.811,-2.4903,-1.9498,-7.8102,0,0,0,NaN,NaN,NaN,NaN,NaN,NaN,NaN,NaN,NaN,46.778,0,3258,0.0064211,NaN,NaN,NaN,NaN,16.145,96831,11.063,-1.3607,0.55329,-9.444,-2.3442,-0.39182,-8.0739,NaN,NaN,NaN,NaN,NaN
413.36,-19.694,-5.4426,10.127,-1.1965,2.2691,-8.6643,-2.4586,2.1194,-8.3319,0,0,0,NaN,NaN,NaN,NaN,NaN,NaN,NaN,NaN,NaN,46.778,0,3258,0.0064211,0.77197,2.4415,0.75279,0.050777,NaN,-1,-1,-1.3602,0.54872,-9.4398,-2.4449,-0.42537,-8.0537,NaN,NaN,NaN,NaN,NaN
413.36,-19.694,-5.4525,10.109,-1.0057,0.15211,-9.11,-1.2508,-1.4048,-8.5547,0,0,0,NaN,NaN,NaN,NaN,NaN,NaN,NaN,NaN,NaN,46.778,0,3258,0.0064211,NaN,NaN,NaN,NaN,16.37,96860,11.188,-1.3558,0.54728,-9.4131,-2.4901,-0.53005,-8.069,NaN,NaN,NaN,NaN,NaN
413.37,-19.696,-5.4635,10.092,-1.5925,-0.20797,-9.6437,-1.8733,-2.0195,-8.182,0,0,0,NaN,NaN,NaN,NaN,NaN,NaN,NaN,NaN,NaN,46.778,0,3258,0.0064211,NaN,NaN,NaN,NaN,NaN,-1,-1,-1.3583,0.55146,-9.4461,-2.5098,-0.57873,-8.0942,NaN,NaN,NaN,NaN,NaN
413.37,-19.7,-5.468,10.074,-1.4812,0.39443,-11.338,-2.6656,0.53388,-7.7076,0.57814,0.2446,-0.94066,NaN,NaN,NaN,NaN,NaN,NaN,NaN,NaN,NaN,46.778,0,3258,0.0064211,NaN,NaN,NaN,NaN,NaN,-1,-1,-1.3678,0.56664,-9.4677,-2.5459,-0.59905,-8.0887,NaN,NaN,NaN,NaN,NaN
413.37,-19.706,-5.4715,10.057,-1.5359,1.1185,-8.7163,-3.299,0.91782,-7.4518,0,0,0,NaN,NaN,NaN,NaN,NaN,NaN,NaN,NaN,NaN,46.778,0,3258,0.0064211,NaN,NaN,NaN,NaN,16.295,96844,11.125,-1.3668,0.55903,-9.4686,-2.6418,-0.49255,-8.0737,NaN,NaN,NaN,NaN,NaN
413.37,-19.711,-5.4784,10.039,-1.6393,0.90203,-9.1109,-3.1332,-0.29158,-8.0771,0,0,0,NaN,NaN,NaN,NaN,NaN,NaN,NaN,NaN,NaN,46.778,0,3258,0.0064211,NaN,NaN,NaN,NaN,NaN,-1,-1,-1.3651,0.55659,-9.4324,-2.719,-0.37909,-8.069,NaN,NaN,NaN,NaN,NaN
413.38,-19.714,-5.4889,10.022,-0.86735,0.39793,-9.454,-2.3024,-1.738,-8.3961,0,0,0,NaN,NaN,NaN,NaN,NaN,NaN,NaN,NaN,NaN,46.778,0,3258,0.0064211,0.76376,2.4445,0.74974,0.047447,NaN,-1,-1,-1.3752,0.56018,-9.4787,-2.7083,-0.38943,-8.0879,NaN,NaN,NaN,NaN,NaN
413.38,-19.721,-5.5004,9.9839,-1.684,0.223,-8.4271,-3.021,0.62349,-8.1184,0,0,0,NaN,NaN,NaN,NaN,NaN,NaN,NaN,NaN,NaN,46.778,0,3258,0.0064211,NaN,NaN,NaN,NaN,15.975,96866,11.25,-1.3761,0.55094,-9.4184,-2.6825,-0.41873,-8.0993,NaN,NaN,NaN,NaN,NaN
413.38,-19.728,-5.5118,9.9681,-0.92574,0.00523,-9.7497,-3.759,-2.2804,-7.9451,0,0,0,NaN,NaN,NaN,NaN,NaN,NaN,NaN,NaN,NaN,46.778,0,3258,0.0064211,NaN,NaN,NaN,NaN,NaN,-1,-1,-1.369,0.55422,-9.4174,-2.7116,-0.39878,-8.0632,NaN,NaN,NaN,NaN,NaN
413.38,-19.734,-5.5188,9.9503,-1.83,1.628,-11.337,-3.3516,-0.36308,-8.1059,0,0,0,NaN,NaN,NaN,NaN,NaN,NaN,NaN,NaN,NaN,46.778,0,3258,0.0064211,NaN,NaN,NaN,NaN,16.374,96876,11.313,-1.3807,0.56125,-9.4606,-2.7772,-0.39953,-8.0794,NaN,NaN,NaN,NaN,NaN
413.39,-19.736,-5.5193,9.9282,-1.2267,1.0256,-8.2841,-2.2813,2.6019,-8.7334,0.57815,0.24952,-0.93844,NaN,NaN,NaN,NaN,NaN,NaN,NaN,NaN,NaN,46.778,0,3258,0.0064211,NaN,NaN,NaN,NaN,NaN,-1,-1,-1.3824,0.5703,-9.4443,-2.7951,-0.35927,-8.106,NaN,NaN,NaN,NaN,NaN
413.39,-19.738,-5.5316,9.9121,-0.96153,0.024191,-7.8529,-1.9121,-2.5589,-8.1512,0,0,0,NaN,NaN,NaN,NaN,NaN,NaN,NaN,NaN,NaN,46.778,0,3258,0.0064211,NaN,NaN,NaN,NaN,NaN,-1,-1,-1.3723,0.56658,-9.408,-2.8013,-0.3731,-8.1395,NaN,NaN,NaN,NaN,NaN
413.39,-19.738,-5.5316,9.9121,-0.96153,0.024191,-7.8529,-1.9121,-2.5589,-8.1512,0,0,0,NaN,NaN,NaN,NaN,NaN,NaN,NaN,NaN,NaN,46.778,0,3258,0.0064211,NaN,NaN,NaN,NaN,16.249,96867,11.25,-1.3754,0.56838,-9.3991,-2.7849,-0.45074,-8.1575,NaN,NaN,NaN,NaN,NaN
413.39,-19.743,-5.543,9.8967,-1.7565,0.49615,-10.904,-2.765,-2.2966,-7.7962,0,0,0,NaN,NaN,NaN,NaN,NaN,NaN,NaN,NaN,NaN,46.778,0,3258,0.0064211,NaN,NaN,NaN,NaN,NaN,-1,-1,-1.3658,0.56153,-9.3461,-2.8111,-0.61749,-8.1741,NaN,NaN,NaN,NaN,NaN
413.4,-19.748,-5.5442,9.8783,-1.8432,0.90329,-11.909,-3.1206,1.9008,-7.551,0,0,0,NaN,NaN,NaN,NaN,NaN,NaN,NaN,NaN,NaN,46.778,0,3258,0.0064211,NaN,NaN,NaN,NaN,NaN,-1,-1,-1.3735,0.5627,-9.3437,-2.8776,-0.47712,-8.1702,NaN,NaN,NaN,NaN,NaN
413.4,-19.76,-5.5584,9.8434,-0.94446,1.1409,-7.4159,-3.524,-2.2317,-8.0321,0,0,0,NaN,NaN,NaN,NaN,NaN,NaN,NaN,NaN,NaN,46.778,0,3258,0.0064211,NaN,NaN,NaN,NaN,16.397,96883,11.313,-1.3788,0.56649,-9.3703,-2.9292,-0.35554,-8.1718,NaN,NaN,NaN,NaN,NaN
413.4,-19.764,-5.5699,9.8262,-1.7225,0.86982,-11.462,-2.4344,-2.0904,-8.4494,0,0,0,NaN,NaN,NaN,NaN,NaN,NaN,NaN,NaN,NaN,46.778,0,3258,0.0064211,0.77416,2.5715,0.69802,NaN,16.076,96883,11.313,-1.3809,0.57472,-9.3531,-2.9216,-0.33714,-8.181,NaN,NaN,NaN,NaN,NaN
413.4,-19.767,-5.5719,9.8066,-1.9989,0.077209,-9.7089,-2.5523,1.7709,-8.1232,0,0,0,NaN,NaN,NaN,NaN,NaN,NaN,NaN,NaN,NaN,46.778,0,3258,0.0064211,NaN,NaN,NaN,0.071587,NaN,-1,-1,-1.3801,0.56994,-9.3009,-2.9527,-0.20077,-8.1643,NaN,NaN,NaN,NaN,NaN
413.41,-19.775,-5.58,9.7891,-0.96674,-0.17528,-7.6669,-4.2388,-0.88402,-7.9887,0.57586,0.25195,-0.93864,NaN,NaN,NaN,NaN,NaN,NaN,NaN,NaN,NaN,46.778,0,3258,0.0064211,NaN,NaN,NaN,NaN,NaN,-1,-1,-1.3852,0.56692,-9.3225,-3.0088,-0.28311,-8.1593,NaN,NaN,NaN,NaN,NaN
413.41,-19.784,-5.5933,9.7738,-1.5796,1.0708,-10.909,-4.5111,-3.0185,-8.0161,0,0,0,NaN,NaN,NaN,NaN,NaN,NaN,NaN,NaN,NaN,46.778,0,3258,0.0064211,NaN,NaN,NaN,NaN,NaN,-1,-1,-1.3932,0.57927,-9.361,-3.0611,-0.38339,-8.1491,NaN,NaN,NaN,NaN,NaN
413.41,-19.788,-5.5955,9.7542,-1.561,2.0607,-10.465,-2.8439,1.7323,-8.1365,0,0,0,NaN,NaN,NaN,NaN,NaN,NaN,NaN,NaN,NaN,46.778,0,3258,0.0064211,NaN,NaN,NaN,NaN,16.069,96863,11.125,-1.3896,0.58996,-9.3091,-3.1049,-0.21052,-8.1635,NaN,NaN,NaN,NaN,NaN
413.41,-19.79,-5.5974,9.7328,-1.0389,-0.58275,-7.1593,-2.2026,2.0312,-8.7567,0,0,0,NaN,NaN,NaN,NaN,NaN,NaN,NaN,NaN,NaN,46.778,0,3258,0.0064211,NaN,NaN,NaN,NaN,NaN,-1,-1,-1.3861,0.57526,-9.297,-3.1395,-0.028434,-8.1611,NaN,NaN,NaN,NaN,NaN
413.42,-19.79,-5.5974,9.7328,-1.0389,-0.58275,-7.1593,-2.2026,2.0312,-8.7567,0,0,0,NaN,NaN,NaN,NaN,NaN,NaN,NaN,NaN,NaN,46.778,0,3258,0.0064211,0.76704,2.5727,0.67002,0.0899,NaN,-1,-1,-1.3988,0.58831,-9.3182,-3.1529,-0.1978,-8.163,NaN,NaN,NaN,NaN,NaN
413.42,-19.798,-5.6227,9.7006,-1.9966,0.67285,-13.191,-2.7936,-0.23285,-8.1333,0,0,0,NaN,NaN,NaN,NaN,NaN,NaN,NaN,NaN,NaN,46.778,0,3258,0.0064211,NaN,NaN,NaN,NaN,16.247,96877,11.25,-1.3983,0.59448,-9.2949,-3.1574,-0.24981,-8.1931,NaN,NaN,NaN,NaN,NaN
413.42,-19.803,-5.6201,9.6805,-1.272,0.43998,-7.6019,-3.4925,3.5762,-7.6488,0,0,0,NaN,NaN,NaN,NaN,NaN,NaN,NaN,NaN,NaN,46.787,0,3253.8,0.0053322,NaN,NaN,NaN,NaN,NaN,-1,-1,-1.396,0.58689,-9.2533,-3.1351,-0.20797,-8.196,NaN,NaN,NaN,NaN,NaN
413.42,-19.81,-5.6307,9.6639,-1.0907,0.81475,-9.0863,-3.8663,-1.8232,-8.1629,0,0,0,NaN,NaN,NaN,NaN,NaN,NaN,NaN,NaN,NaN,46.787,0,3253.8,0.0053322,NaN,NaN,NaN,NaN,16.271,96863,11.188,-1.4082,0.59398,-9.2561,-3.1243,-0.36472,-8.1916,NaN,NaN,NaN,NaN,NaN
413.43,-19.815,-5.644,9.6465,-1.8429,1.4544,-8.4379,-2.9263,-2.8553,-8.6474,0.57377,0.25174,-0.94328,NaN,NaN,NaN,NaN,NaN,NaN,NaN,NaN,NaN,46.787,0,3253.8,0.0053322,NaN,NaN,NaN,NaN,NaN,-1,-1,-1.411,0.60268,-9.2665,-3.116,-0.39372,-8.1867,NaN,NaN,NaN,NaN,NaN
413.43,-19.818,-5.6487,9.6269,-1.5877,-0.1727,-11.607,-2.348,0.79206,-8.4927,0,0,0,NaN,NaN,NaN,NaN,NaN,NaN,NaN,NaN,NaN,46.787,0,3253.8,0.0053322,NaN,NaN,NaN,NaN,NaN,-1,-1,-1.4109,0.59505,-9.2623,-3.1114,-0.25627,-8.1631,NaN,NaN,NaN,NaN,NaN
413.43,-19.824,-5.6542,9.6085,-1.4756,-0.39499,-7.0565,-3.5953,0.28957,-8.0971,0,0,0,NaN,NaN,NaN,NaN,NaN,NaN,NaN,NaN,NaN,46.787,0,3253.8,0.0053322,0.76212,2.5602,0.67246,0.10322,16.146,96871,11.188,-1.4154,0.59254,-9.2636,-3.1229,-0.30616,-8.1609,NaN,NaN,NaN,NaN,NaN
413.43,-19.832,-5.6677,9.593,-1.2567,1.0286,-10.125,-4.3126,-3.0811,-8.1108,0,0,0,NaN,NaN,NaN,NaN,NaN,NaN,NaN,NaN,NaN,46.787,0,3253.8,0.0053322,NaN,NaN,NaN,NaN,NaN,-1,-1,-1.4184,0.59524,-9.2827,-3.1315,-0.49398,-8.1608,NaN,NaN,NaN,NaN,NaN
413.44,-19.841,-5.6749,9.5527,-1.1283,0.39992,-7.7366,-2.6898,2.352,-8.8127,0,0,0,NaN,NaN,NaN,NaN,NaN,NaN,NaN,NaN,NaN,46.787,0,3253.8,0.0053322,NaN,NaN,NaN,NaN,NaN,-1,-1,-1.427,0.60275,-9.2737,-3.2629,-0.46979,-8.4136,NaN,NaN,NaN,NaN,NaN
413.44,-19.844,-5.6869,9.5369,-1.0521,0.79754,-7.834,-2.0557,-2.4907,-8.0581,0,0,0,NaN,NaN,NaN,NaN,NaN,NaN,NaN,NaN,NaN,46.787,0,3253.8,0.0053322,NaN,NaN,NaN,NaN,16.372,96888,11.313,-1.4194,0.60647,-9.2282,-3.3092,-0.46878,-8.3507,NaN,NaN,NaN,NaN,NaN
413.44,-19.847,-5.7004,9.5215,-1.7218,0.52899,-10.664,-2.5773,-3.107,-8.0629,0,0,0,NaN,NaN,NaN,NaN,NaN,NaN,NaN,NaN,NaN,46.787,0,3253.8,0.0053322,0.75336,2.5602,0.66941,0.090733,NaN,-1,-1,-1.4224,0.60631,-9.2368,-3.3301,-0.56565,-8.3143,NaN,NaN,NaN,NaN,NaN
413.44,-19.853,-5.7029,9.5027,-1.8453,-0.17768,-11.79,-3.4031,1.4413,-7.7317,0.58057,0.25188,-0.93822,NaN,NaN,NaN,NaN,NaN,NaN,NaN,NaN,NaN,46.787,0,3253.8,0.0053322,NaN,NaN,NaN,NaN,16.246,96887,11.25,-1.4351,0.61415,-9.2456,-3.2977,-0.36396,-8.285,NaN,NaN,NaN,NaN,NaN
413.45,-19.861,-5.7038,9.484,-1.2915,1.3024,-7.3032,-4.2816,2.1132,-7.6146,0,0,0,NaN,NaN,NaN,NaN,NaN,NaN,NaN,NaN,NaN,46.787,0,3253.8,0.0053322,NaN,NaN,NaN,NaN,NaN,-1,-1,-1.4322,0.60378,-9.208,-3.3734,-0.45092,-8.4891,NaN,NaN,NaN,NaN,NaN
413.45,-19.861,-5.7038,9.484,-1.2915,1.3024,-7.3032,-4.2816,2.1132,-7.6146,0,0,0,NaN,NaN,NaN,NaN,NaN,NaN,NaN,NaN,NaN,46.787,0,3253.8,0.0053322,NaN,NaN,NaN,NaN,NaN,-1,-1,-1.4362,0.61126,-9.1801,-3.3162,-0.56468,-8.3887,NaN,NaN,NaN,NaN,NaN
413.45,-19.866,-5.7186,9.4682,-1.0836,1.1181,-8.5254,-3.1764,-3.5279,-8.4089,0,0,0,NaN,NaN,NaN,NaN,NaN,NaN,NaN,NaN,NaN,46.787,0,3253.8,0.0053322,NaN,NaN,NaN,NaN,16.121,96868,11.188,-1.435,0.61718,-9.157,-3.2736,-0.68618,-8.2804,NaN,NaN,NaN,NaN,NaN
413.45,-19.869,-5.7268,9.4497,-1.6892,0.34427,-10.702,-2.3989,-0.69368,-8.524,0,0,0,NaN,NaN,NaN,NaN,NaN,NaN,NaN,NaN,NaN,46.787,0,3253.8,0.0053322,NaN,NaN,NaN,NaN,NaN,-1,-1,-1.4369,0.61891,-9.134,-3.2086,-0.5446,-8.1623,NaN,NaN,NaN,NaN,NaN
413.46,-19.881,-5.7414,9.414,-0.91302,0.4187,-7.4408,-4.104,-3.1816,-8.0706,0,0,0,NaN,NaN,NaN,NaN,NaN,NaN,NaN,NaN,NaN,46.787,0,3253.8,0.0053322,0.77197,2.4492,0.74974,0.04495,NaN,-1,-1,-1.4411,0.61092,-9.118,-3.1624,-0.59424,-8.0744,NaN,NaN,NaN,NaN,NaN
413.46,-19.889,-5.7535,9.3982,-1.6455,0.8263,-13.017,-4.0396,-2.5175,-8.0607,0,0,0,NaN,NaN,NaN,NaN,NaN,NaN,NaN,NaN,NaN,46.787,0,3253.8,0.0053322,NaN,NaN,NaN,NaN,16.223,96915,11.375,-1.4473,0.60826,-9.1195,-3.1396,-0.71514,-7.9809,NaN,NaN,NaN,NaN,NaN
413.46,-19.894,-5.7502,9.3766,-1.6529,1.2156,-8.7626,-3.2683,4.0575,-8.1139,0,0,0,NaN,NaN,NaN,NaN,NaN,NaN,NaN,NaN,NaN,46.787,0,3253.8,0.0053322,NaN,NaN,NaN,NaN,NaN,-1,-1,-1.4537,0.61183,-9.1128,-3.1412,-0.5139,-7.9045,NaN,NaN,NaN,NaN,NaN
413.46,-19.897,-5.7557,9.3565,-0.85813,0.41318,-7.2138,-2.4401,0.49607,-8.6292,0.57591,0.24451,-0.94309,3.4933,18.049,-2.2044,18.516,40.058,-88.548,3.6799e+05,4.4354e+06,331.07,46.787,0,3253.8,0.0053322,NaN,NaN,NaN,NaN,16.195,96831,11.063,-1.4497,0.60325,-9.0561,-3.1548,-0.66931,-7.8345,18.506,0.36264,0.5038,1.5594,1.1222
413.47,-19.901,-5.7763,9.3429,-1.6066,0.51657,-8.8133,-2.5481,-5.9821,-8.3522,0,0,0,NaN,NaN,NaN,NaN,NaN,NaN,NaN,NaN,NaN,46.787,0,3253.8,0.0053322,NaN,NaN,NaN,NaN,NaN,-1,-1,-1.4496,0.60813,-9.0507,-3.1831,-0.93088,-7.7786,NaN,NaN,NaN,NaN,NaN
413.47,-19.901,-5.7763,9.3429,-1.6066,0.51657,-8.8133,-2.5481,-5.9821,-8.3522,0,0,0,NaN,NaN,NaN,NaN,NaN,NaN,NaN,NaN,NaN,46.787,0,3253.8,0.0053322,0.77142,2.5709,0.69558,NaN,NaN,-1,-1,-1.4495,0.60497,-9.0289,-3.1696,-0.85637,-7.7182,NaN,NaN,NaN,NaN,NaN
413.47,-19.906,-5.7791,9.3239,-2.0305,-0.047186,-12.785,-3.4737,1.4109,-7.979,0,0,0,NaN,NaN,NaN,NaN,NaN,NaN,NaN,NaN,NaN,46.787,0,3253.8,0.0053322,NaN,NaN,NaN,0.074917,16.151,96879,11.313,-1.4497,0.60146,-8.9854,-3.1651,-0.7338,-7.678,NaN,NaN,NaN,NaN,NaN
413.47,-19.913,-5.7785,9.3048,-1.136,1.0469,-8.5159,-3.7325,2.6892,-7.548,0,0,0,NaN,NaN,NaN,NaN,NaN,NaN,NaN,NaN,NaN,46.787,0,3253.8,0.0053322,NaN,NaN,NaN,NaN,NaN,-1,-1,-1.4578,0.60038,-8.9753,-3.1569,-0.78376,-7.6391,NaN,NaN,NaN,NaN,NaN
413.48,-19.925,-5.8026,9.2706,-1.3559,0.79561,-10.29,-3.1654,-3.4026,-8.6427,0,0,0,NaN,NaN,NaN,NaN,NaN,NaN,NaN,NaN,NaN,46.787,0,3253.8,0.0053322,NaN,NaN,NaN,NaN,NaN,-1,-1,-1.4438,0.59623,-8.8778,-3.1351,-0.70154,-7.6082,NaN,NaN,NaN,NaN,NaN
413.48,-19.93,-5.8056,9.2499,-1.861,0.40379,-9.9409,-3.1333,1.5834,-8.6481,0,0,0,NaN,NaN,NaN,NaN,NaN,NaN,NaN,NaN,NaN,46.787,0,3253.8,0.0053322,NaN,NaN,NaN,NaN,16.347,96892,11.313,-1.4431,0.60893,-8.8317,-3.1352,-0.60879,-7.5609,NaN,NaN,NaN,NaN,NaN
413.48,-19.936,-5.8104,9.2311,-1.4207,-0.021368,-7.4713,-3.7557,0.62086,-8.201,0,0,0,NaN,NaN,NaN,NaN,NaN,NaN,NaN,NaN,NaN,46.787,0,3253.8,0.0053322,0.75774,2.5644,0.67306,0.09656,NaN,-1,-1,-1.4503,0.60005,-8.8434,-3.1869,-0.74499,-7.5298,NaN,NaN,NaN,NaN,NaN
413.48,-19.944,-5.8262,9.2152,-1.3768,0.32735,-9.5524,-4.4692,-3.9556,-8.4025,0.59738,0.25382,-0.94115,NaN,NaN,NaN,NaN,NaN,NaN,NaN,NaN,NaN,46.787,0,3253.8,0.0053322,NaN,NaN,NaN,NaN,16.273,96867,11.25,-1.4552,0.58877,-8.8221,-3.2593,-0.72055,-7.5111,NaN,NaN,NaN,NaN,NaN
413.49,-19.952,-5.8318,9.1962,-2.2372,1.237,-11.79,-4.1016,0.36406,-8.337,0,0,0,NaN,NaN,NaN,NaN,NaN,NaN,NaN,NaN,NaN,46.787,0,3253.8,0.0053322,NaN,NaN,NaN,NaN,NaN,-1,-1,-1.4434,0.58985,-8.7154,-3.2697,-0.6161,-7.5111,NaN,NaN,NaN,NaN,NaN
413.49,-19.957,-5.8303,9.1738,-0.78152,1.3351,-7.0688,-3.3873,3.4963,-8.6737,0,0,0,NaN,NaN,NaN,NaN,NaN,NaN,NaN,NaN,NaN,46.787,0,3253.8,0.0053322,NaN,NaN,NaN,NaN,NaN,-1,-1,-1.4312,0.58035,-8.6263,-3.2977,-0.71309,-7.5229,NaN,NaN,NaN,NaN,NaN
413.49,0,0,0,0,0,0,0,0,0,0,0,0,NaN,NaN,NaN,NaN,NaN,NaN,NaN,NaN,NaN,46.787,0,3253.8,0.0053322,NaN,NaN,NaN,NaN,16.145,96850,11.125,-1.4331,0.59239,-8.6201,-3.36,-0.78163,-7.5305,NaN,NaN,NaN,NaN,NaN
413.49,-19.965,-5.8567,9.1401,-2.1238,0.4536,-10.398,-2.9814,-2.4542,-8.4141,0.59482,0.24665,-0.94139,NaN,NaN,NaN,NaN,NaN,NaN,NaN,NaN,NaN,46.787,0,3253.8,0.0053322,NaN,NaN,NaN,NaN,NaN,-1,-1,-1.4355,0.59144,-8.5914,-3.3773,-0.66696,-7.5669,NaN,NaN,NaN,NaN,NaN
413.5,-19.97,-5.8573,9.1208,-1.7346,0.34947,-11.675,-3.4617,2.2887,-7.7968,0,0,0,NaN,NaN,NaN,NaN,NaN,NaN,NaN,NaN,NaN,46.787,0,3253.8,0.0053322,0.77197,2.4409,0.75583,0.046615,NaN,-1,-1,-1.4478,0.58649,-8.6473,-3.3847,-0.74773,-7.5667,NaN,NaN,NaN,NaN,NaN
413.5,-19.986,-5.8749,9.0862,-1.496,1.5243,-8.9909,-4.0693,-3.3383,-8.308,0,0,0,NaN,NaN,NaN,NaN,NaN,NaN,NaN,NaN,NaN,46.787,0,3253.8,0.0053322,NaN,NaN,NaN,NaN,16.251,96897,11.375,-1.4577,0.5899,-8.6101,-3.4226,-0.82298,-7.5874,NaN,NaN,NaN,NaN,NaN
413.5,0,0,0,0,0,0,0,0,0,0,0,0,NaN,NaN,NaN,NaN,NaN,NaN,NaN,NaN,NaN,46.787,0,3253.8,0.0053322,NaN,NaN,NaN,NaN,NaN,-1,-1,-1.4488,0.59532,-8.5706,-3.4628,-0.72139,-7.6011,NaN,NaN,NaN,NaN,NaN
413.5,-19.992,-5.8801,9.0667,-2.0468,0.026207,-9.9342,-3.3946,0.51159,-8.3505,0.5852,0.2445,-0.94003,NaN,NaN,NaN,NaN,NaN,NaN,NaN,NaN,NaN,46.787,0,3253.8,0.0053322,NaN,NaN,NaN,NaN,16.072,96864,11.188,-1.4578,0.592,-8.5773,-3.5162,-0.61159,-7.6077,NaN,NaN,NaN,NaN,NaN
413.51,-19.998,-5.8847,9.0473,-1.3756,0.40336,-7.9909,-3.7356,0.80501,-8.3785,0,0,0,NaN,NaN,NaN,NaN,NaN,NaN,NaN,NaN,NaN,46.787,0,3253.8,0.0053322,NaN,NaN,NaN,NaN,NaN,-1,-1,-1.4716,0.59031,-8.5973,-3.5946,-0.53807,-7.605,NaN,NaN,NaN,NaN,NaN
413.51,-20.008,-5.8984,9.0308,-1.5111,-0.050903,-8.4463,-4.9826,-2.9739,-8.5186,0,0,0,NaN,NaN,NaN,NaN,NaN,NaN,NaN,NaN,NaN,46.787,0,3253.8,0.0053322,0.81577,2.4653,0.73575,0.011654,NaN,-1,-1,-1.4707,0.58462,-8.5521,-3.7134,-0.59563,-7.6194,NaN,NaN,NaN,NaN,NaN
413.51,-20.018,-5.9088,9.014,-1.5891,1.0484,-10.646,-5.2855,-1.7486,-8.1909,0,0,0,NaN,NaN,NaN,NaN,NaN,NaN,NaN,NaN,NaN,46.787,0,3253.8,0.0053322,NaN,NaN,NaN,NaN,16.195,96854,11.125,-1.4718,0.58174,-8.5337,-3.7837,-0.47645,-7.6618,NaN,NaN,NaN,NaN,NaN
413.51,-20.031,-5.9138,8.9713,-1.0551,0.42641,-6.3509,-3.7262,0.058384,-9.0155,0,0,0,NaN,NaN,NaN,NaN,NaN,NaN,NaN,NaN,NaN,46.787,0,3253.8,0.0053322,NaN,NaN,NaN,NaN,NaN,-1,-1,-1.4929,0.60188,-8.624,-3.8636,-0.58771,-7.7197,NaN,NaN,NaN,NaN,NaN
413.52,-20.036,-5.935,8.9577,-1.4124,0.53965,-9.0428,-2.9647,-6.2327,-8.4571,0,0,0,NaN,NaN,NaN,NaN,NaN,NaN,NaN,NaN,NaN,46.787,0,3253.8,0.0053322,NaN,NaN,NaN,NaN,NaN,-1,-1,-1.4907,0.59206,-8.6013,-3.9527,-0.65609,-7.7537,NaN,NaN,NaN,NaN,NaN
413.52,-20.044,-5.9377,8.9379,-1.9757,0.23863,-11.941,-4.4153,1.607,-8.2722,0,0,0,NaN,NaN,NaN,NaN,NaN,NaN,NaN,NaN,NaN,46.787,0,3253.8,0.0053322,NaN,NaN,NaN,NaN,16.323,96889,11.313,-1.4981,0.59418,-8.5979,-4.0153,-0.41324,-7.7919,NaN,NaN,NaN,NaN,NaN
413.52,-20.064,-5.9469,8.9014,-1.5081,0.56475,-7.4854,-4.79,2.9523,-7.949,0.58514,0.24702,-0.93781,NaN,NaN,NaN,NaN,NaN,NaN,NaN,NaN,NaN,46.787,0,3253.8,0.0053322,0.77252,2.4498,0.74974,0.038291,NaN,-1,-1,-1.4986,0.59668,-8.5688,-4.0678,-0.36368,-7.8445,NaN,NaN,NaN,NaN,NaN
413.52,-20.073,-5.9586,8.8848,-1.4904,1.0367,-7.2304,-4.7977,-2.2112,-8.2886,0,0,0,NaN,NaN,NaN,NaN,NaN,NaN,NaN,NaN,NaN,46.787,0,3253.8,0.0053322,NaN,NaN,NaN,NaN,16.323,96868,11.25,-1.5056,0.58319,-8.5661,-4.1079,-0.55733,-7.9117,NaN,NaN,NaN,NaN,NaN
413.53,-20.08,-5.9731,8.8685,-1.3678,1.0966,-9.741,-3.9412,-3.326,-8.5442,0,0,0,NaN,NaN,NaN,NaN,NaN,NaN,NaN,NaN,NaN,46.787,0,3253.8,0.0053322,NaN,NaN,NaN,NaN,NaN,-1,-1,-1.522,0.58973,-8.6299,-4.1201,-0.69552,-7.9872,NaN,NaN,NaN,NaN,NaN
413.53,-20.087,-5.9743,8.8465,-1.9032,0.19673,-9.2782,-3.9252,2.4478,-8.8744,0,0,0,NaN,NaN,NaN,NaN,NaN,NaN,NaN,NaN,NaN,46.787,0,3253.8,0.0053322,NaN,NaN,NaN,NaN,NaN,-1,-1,-1.5307,0.59885,-8.6401,-4.1516,-0.621,-8.0557,NaN,NaN,NaN,NaN,NaN
413.53,-20.104,-5.9967,8.8127,-1.5061,0.15461,-9.5871,-4.9504,-3.4022,-8.2807,0,0,0,NaN,NaN,NaN,NaN,NaN,NaN,NaN,NaN,NaN,46.778,0,3242.3,0.0058767,0.76704,2.4379,0.75218,NaN,16.3,96901,11.375,-1.5281,0.59876,-8.6343,-4.2581,-0.53427,-8.0908,NaN,NaN,NaN,NaN,NaN
413.53,-20.114,-6.0022,8.7936,-1.9378,0.16582,-11.241,-5.3057,0.43167,-8.3828,0,0,0,NaN,NaN,NaN,NaN,NaN,NaN,NaN,NaN,NaN,46.778,0,3242.3,0.0058767,0.76704,2.4379,0.75218,NaN,NaN,-1,-1,-1.5352,0.59571,-8.6776,-4.3174,-0.5429,-8.1741,NaN,NaN,NaN,NaN,NaN
413.54,-20.122,-6.0025,8.7721,-1.0136,2.258,-5.8181,-4.4922,2.7408,-8.524,0,0,0,NaN,NaN,NaN,NaN,NaN,NaN,NaN,NaN,NaN,46.778,0,3242.3,0.0058767,NaN,NaN,NaN,0.042453,NaN,-1,-1,-1.5413,0.60222,-8.6807,-4.3466,-0.61449,-8.2795,NaN,NaN,NaN,NaN,NaN
413.54,-20.127,-6.0174,8.7546,-1.4132,0.38079,-8.1073,-2.9675,-3.3937,-8.9234,0.59221,0.25184,-0.93495,NaN,NaN,NaN,NaN,NaN,NaN,NaN,NaN,NaN,46.778,0,3242.3,0.0058767,NaN,NaN,NaN,NaN,16.221,96866,11.188,-1.5417,0.60224,-8.6736,-4.3934,-0.60927,-8.3867,NaN,NaN,NaN,NaN,NaN
413.54,-20.134,-6.0306,8.7379,-2.057,-0.34012,-10.085,-4.0453,-2.7559,-8.5266,0,0,0,NaN,NaN,NaN,NaN,NaN,NaN,NaN,NaN,NaN,46.778,0,3242.3,0.0058767,NaN,NaN,NaN,NaN,NaN,-1,-1,-1.5418,0.60387,-8.6553,-4.4625,-0.72456,-8.4754,NaN,NaN,NaN,NaN,NaN
413.54,-20.143,-6.0291,8.7175,-1.3262,0.32195,-10.825,-4.8471,3.2542,-7.9215,0,0,0,NaN,NaN,NaN,NaN,NaN,NaN,NaN,NaN,NaN,46.778,0,3242.3,0.0058767,NaN,NaN,NaN,NaN,16.299,96907,11.375,-1.5455,0.5994,-8.6238,-4.5275,-0.70561,-8.569,NaN,NaN,NaN,NaN,NaN
413.55,-20.152,-6.0371,8.7,-1.6878,1.9328,-5.4168,-4.9175,-0.69712,-8.1228,0,0,0,NaN,NaN,NaN,NaN,NaN,NaN,NaN,NaN,NaN,46.778,0,3242.3,0.0058767,NaN,NaN,NaN,NaN,NaN,-1,-1,-1.5565,0.5966,-8.6966,-4.591,-0.51875,-8.68,NaN,NaN,NaN,NaN,NaN
413.55,-20.152,-6.0371,8.7,-1.6878,1.9328,-5.4168,-4.9175,-0.69712,-8.1228,0,0,0,NaN,NaN,NaN,NaN,NaN,NaN,NaN,NaN,NaN,46.778,0,3242.3,0.0058767,0.75993,2.5638,0.67793,0.097392,NaN,-1,-1,-1.5595,0.59792,-8.643,-4.5294,-0.52174,-8.4828,NaN,NaN,NaN,NaN,NaN
413.55,-20.169,-6.0553,8.6629,-1.7397,0.17091,-8.78,-4.5447,0.56539,-8.6822,0,0,0,NaN,NaN,NaN,NaN,NaN,NaN,NaN,NaN,NaN,46.778,0,3242.3,0.0058767,NaN,NaN,NaN,NaN,16.345,96900,11.313,-1.5528,0.60307,-8.6145,-4.5154,-0.49295,-8.5445,NaN,NaN,NaN,NaN,NaN
413.55,-20.176,-6.0631,8.645,-1.673,1.1336,-8.743,-3.9804,-0.56425,-8.2096,0,0,0,NaN,NaN,NaN,NaN,NaN,NaN,NaN,NaN,NaN,46.778,0,3242.3,0.0058767,NaN,NaN,NaN,NaN,NaN,-1,-1,-1.5567,0.60091,-8.5937,-4.5377,-0.41538,-8.587,NaN,NaN,NaN,NaN,NaN
413.56,-20.185,-6.0729,8.6282,-1.575,0.1487,-7.7834,-4.7192,-1.4578,-8.1302,0,0,0,NaN,NaN,NaN,NaN,NaN,NaN,NaN,NaN,NaN,46.778,0,3242.3,0.0058767,NaN,NaN,NaN,NaN,NaN,-1,-1,-1.5614,0.59478,-8.622,-4.5926,-0.61924,-8.6344,NaN,NaN,NaN,NaN,NaN
413.56,-20.195,-6.0806,8.61,-1.2471,-0.57549,-9.7119,-5.5345,-0.58894,-8.2188,0.58735,0.24219,-0.93761,NaN,NaN,NaN,NaN,NaN,NaN,NaN,NaN,NaN,46.778,0,3242.3,0.0058767,NaN,NaN,NaN,NaN,16.244,96875,11.188,-1.5641,0.58395,-8.5877,-4.5149,-0.50204,-8.3856,NaN,NaN,NaN,NaN,NaN
413.56,-20.205,-6.0842,8.5898,-1.9521,2.0531,-9.0403,-5.2569,1.3474,-8.5112,0,0,0,NaN,NaN,NaN,NaN,NaN,NaN,NaN,NaN,NaN,46.778,0,3242.3,0.0058767,0.7665,2.5638,0.67672,0.092398,NaN,-1,-1,-1.5617,0.5868,-8.592,-4.4965,-0.37721,-8.3911,NaN,NaN,NaN,NaN,NaN
413.56,-20.21,-6.0915,8.5697,-1.3913,1.7997,-6.8073,-3.0089,-0.089381,-8.9719,0,0,0,NaN,NaN,NaN,NaN,NaN,NaN,NaN,NaN,NaN,46.778,0,3242.3,0.0058767,NaN,NaN,NaN,NaN,16.221,96862,11.188,-1.5749,0.59622,-8.6024,-4.4821,-0.24948,-8.396,NaN,NaN,NaN,NaN,NaN
413.57,-20.215,-6.1054,8.5534,-1.2984,-1.477,-9.665,-3.3182,-3.0743,-8.5276,0,0,0,NaN,NaN,NaN,NaN,NaN,NaN,NaN,NaN,NaN,46.778,0,3242.3,0.0058767,NaN,NaN,NaN,NaN,NaN,-1,-1,-1.5658,0.60082,-8.5373,-4.5061,-0.45739,-8.4115,NaN,NaN,NaN,NaN,NaN
413.57,-20.233,-6.1132,8.5153,-1.3941,1.7449,-10.193,-4.6501,0.95082,-7.7104,0,0,0,NaN,NaN,NaN,NaN,NaN,NaN,NaN,NaN,NaN,46.778,0,3242.3,0.0058767,NaN,NaN,NaN,NaN,NaN,-1,-1,-1.5676,0.58186,-8.5486,-4.5191,-0.53108,-8.4023,NaN,NaN,NaN,NaN,NaN
413.57,-20.242,-6.1197,8.4963,-1.8058,0.06228,-6.1842,-4.5421,0.074427,-8.455,0,0,0,NaN,NaN,NaN,NaN,NaN,NaN,NaN,NaN,NaN,46.778,0,3242.3,0.0058767,NaN,NaN,NaN,NaN,16.323,96890,11.313,-1.5769,0.57723,-8.5606,-4.5372,-0.5205,-8.4176,NaN,NaN,NaN,NaN,NaN
413.57,-20.25,-6.1323,8.4795,-1.1117,0.49594,-8.4087,-4.6906,-2.5082,-8.516,0,0,0,NaN,NaN,NaN,NaN,NaN,NaN,NaN,NaN,NaN,46.778,0,3242.3,0.0058767,0.74898,2.556,0.66515,0.10322,NaN,-1,-1,-1.5736,0.58164,-8.5609,-4.5058,-0.78598,-8.421,NaN,NaN,NaN,NaN,NaN
413.58,-20.257,-6.1386,8.4591,-1.7775,1.183,-10.374,-4.056,0.2517,-8.8339,0.60392,0.24928,-0.9339,NaN,NaN,NaN,NaN,NaN,NaN,NaN,NaN,NaN,46.778,0,3242.3,0.0058767,NaN,NaN,NaN,NaN,NaN,-1,-1,-1.5738,0.5878,-8.4834,-4.4776,-0.6611,-8.4242,NaN,NaN,NaN,NaN,NaN
413.58,-20.265,-6.1432,8.4396,-1.8214,0.18899,-7.0294,-4.2817,0.84729,-8.361,0,0,0,NaN,NaN,NaN,NaN,NaN,NaN,NaN,NaN,NaN,46.778,0,3242.3,0.0058767,NaN,NaN,NaN,NaN,16.071,96889,11.25,-1.5664,0.5813,-8.4829,-4.4713,-0.44958,-8.4132,NaN,NaN,NaN,NaN,NaN
413.58,-20.274,-6.1545,8.423,-1.3303,-0.67588,-8.6376,-4.9563,-2.0334,-8.2599,0,0,0,NaN,NaN,NaN,NaN,NaN,NaN,NaN,NaN,NaN,46.778,0,3242.3,0.0058767,NaN,NaN,NaN,NaN,NaN,-1,-1,-1.5743,0.5889,-8.4745,-4.5081,-0.62689,-8.4066,NaN,NaN,NaN,NaN,NaN
413.58,-20.285,-6.165,8.4062,-1.6208,1.1855,-9.3268,-5.343,-1.7193,-8.1799,0,0,0,NaN,NaN,NaN,NaN,NaN,NaN,NaN,NaN,NaN,46.778,0,3242.3,0.0058767,NaN,NaN,NaN,NaN,16.099,96891,11.313,-1.5743,0.58317,-8.4398,-4.528,-0.76966,-8.3945,NaN,NaN,NaN,NaN,NaN
413.59,-20.297,-6.1729,8.3648,-1.3808,-0.29344,-6.6503,-3.3371,-0.35747,-8.8022,0,0,0,NaN,NaN,NaN,NaN,NaN,NaN,NaN,NaN,NaN,46.778,0,3242.3,0.0058767,NaN,NaN,NaN,NaN,NaN,-1,-1,-1.5727,0.57702,-8.4421,-4.5182,-0.46093,-8.4123,NaN,NaN,NaN,NaN,NaN
413.59,-20.304,-6.1889,8.3489,-1.8177,-0.002495,-9.6395,-3.9688,-3.8994,-8.6218,0,0,0,NaN,NaN,NaN,NaN,NaN,NaN,NaN,NaN,NaN,46.778,0,3242.3,0.0058767,NaN,NaN,NaN,NaN,NaN,-1,-1,-1.5735,0.60066,-8.437,-4.5246,-0.69532,-8.4243,NaN,NaN,NaN,NaN,NaN
413.59,-20.313,-6.1885,8.3281,-1.4201,0.78321,-9.6854,-4.7,2.9145,-8.1873,0,0,0,NaN,NaN,NaN,NaN,NaN,NaN,NaN,NaN,NaN,46.778,0,3242.3,0.0058767,NaN,NaN,NaN,NaN,16.175,96886,11.313,-1.5674,0.58199,-8.3719,-4.5401,-0.58484,-8.4163,NaN,NaN,NaN,NaN,NaN
413.59,-20.322,-6.1933,8.31,-1.5534,1.2222,-7.2101,-4.8086,0.53027,-7.7646,0.59955,0.25642,-0.93651,NaN,NaN,NaN,NaN,NaN,NaN,NaN,NaN,NaN,46.778,0,3242.3,0.0058767,NaN,NaN,NaN,NaN,NaN,-1,-1,-1.568,0.56367,-8.3859,-4.5445,-0.40665,-8.415,NaN,NaN,NaN,NaN,NaN
413.6,-20.331,-6.2014,8.2912,-1.562,0.46494,-8.3672,-5.0389,-0.57662,-8.6247,0,0,0,NaN,NaN,NaN,NaN,NaN,NaN,NaN,NaN,NaN,46.778,0,3242.3,0.0058767,0.75829,2.4576,0.7607,NaN,NaN,-1,-1,-1.5678,0.56981,-8.3726,-4.5072,-0.6022,-8.4192,NaN,NaN,NaN,NaN,NaN
413.6,-20.331,-6.2014,8.2912,-1.562,0.46494,-8.3672,-5.0389,-0.57662,-8.6247,0,0,0,NaN,NaN,NaN,NaN,NaN,NaN,NaN,NaN,NaN,46.778,0,3242.3,0.0058767,0.75829,2.4576,0.7607,NaN,16.326,96912,11.438,-1.5613,0.57005,-8.3274,-4.4677,-0.69372,-8.435,NaN,NaN,NaN,NaN,NaN
413.6,-20.339,-6.2133,8.2736,-1.5551,0.31874,-7.8743,-4.4133,-2.1034,-8.6884,0,0,0,NaN,NaN,NaN,NaN,NaN,NaN,NaN,NaN,NaN,46.778,0,3242.3,0.0058767,NaN,NaN,NaN,0.0049945,NaN,-1,-1,-1.563,0.56363,-8.312,-4.4394,-0.45354,-8.423,NaN,NaN,NaN,NaN,NaN
413.6,-20.347,-6.2187,8.2541,-1.6472,0.7166,-10.021,-4.2509,0.56161,-8.5308,0,0,0,NaN,NaN,NaN,NaN,NaN,NaN,NaN,NaN,NaN,46.778,0,3242.3,0.0058767,NaN,NaN,NaN,NaN,16.149,96892,11.313,-1.5632,0.55849,-8.309,-4.4171,-0.50652,-8.4132,NaN,NaN,NaN,NaN,NaN
413.61,-20.366,-6.2369,8.2188,-1.3967,0.6389,-9.156,-5.3213,-3.1245,-8.3788,0,0,0,NaN,NaN,NaN,NaN,NaN,NaN,NaN,NaN,NaN,46.778,0,3242.3,0.0058767,NaN,NaN,NaN,NaN,NaN,-1,-1,-1.5564,0.56185,-8.295,-4.4371,-0.58258,-8.3865,NaN,NaN,NaN,NaN,NaN
413.61,-20.374,-6.2433,8.2001,-1.925,1.2557,-10.252,-4.6216,0.085714,-8.3464,0,0,0,NaN,NaN,NaN,NaN,NaN,NaN,NaN,NaN,NaN,46.778,0,3242.3,0.0058767,NaN,NaN,NaN,NaN,NaN,-1,-1,-1.552,0.54676,-8.2596,-4.4545,-0.4671,-8.401,NaN,NaN,NaN,NaN,NaN
413.61,-20.381,-6.2422,8.1775,-1.3187,0.65416,-6.445,-4.1462,3.4342,-8.7477,0,0,0,NaN,NaN,NaN,NaN,NaN,NaN,NaN,NaN,NaN,46.778,0,3242.3,0.0058767,NaN,NaN,NaN,NaN,16.244,96876,11.188,-1.5515,0.55183,-8.2489,-4.4107,-0.35186,-8.3952,NaN,NaN,NaN,NaN,NaN
413.61,-20.387,-6.2556,8.1608,-1.183,0.039036,-7.5213,-3.4015,-2.8874,-8.4559,0.59471,0.25661,-0.93473,NaN,NaN,NaN,NaN,NaN,NaN,NaN,NaN,NaN,46.778,0,3242.3,0.0058767,0.7665,2.5674,0.67002,0.094895,NaN,-1,-1,-1.5482,0.53989,-8.237,-4.3937,-0.45034,-8.4049,NaN,NaN,NaN,NaN,NaN
413.62,-20.395,-6.269,8.145,-2.0025,1.0072,-9.9215,-4.3031,-2.929,-8.2589,0,0,0,NaN,NaN,NaN,NaN,NaN,NaN,NaN,NaN,NaN,46.778,0,3242.3,0.0058767,NaN,NaN,NaN,NaN,NaN,-1,-1,-1.5452,0.53048,-8.2091,-4.3859,-0.48417,-8.4051,NaN,NaN,NaN,NaN,NaN
413.62,-20.395,-6.269,8.145,-2.0025,1.0072,-9.9215,-4.3031,-2.929,-8.2589,0,0,0,NaN,NaN,NaN,NaN,NaN,NaN,NaN,NaN,NaN,46.778,0,3242.3,0.0058767,NaN,NaN,NaN,NaN,16.242,96843,11.063,-1.5454,0.53261,-8.1987,-4.3776,-0.33841,-8.4044,NaN,NaN,NaN,NaN,NaN
413.62,-20.402,-6.2672,8.1241,-1.7145,-0.10348,-10.387,-4.3666,3.4632,-8.0291,0,0,0,NaN,NaN,NaN,NaN,NaN,NaN,NaN,NaN,NaN,46.778,0,3242.3,0.0058767,NaN,NaN,NaN,NaN,NaN,-1,-1,-1.5465,0.53857,-8.1895,-4.3072,-0.24506,-8.4044,NaN,NaN,NaN,NaN,NaN
413.62,-20.412,-6.2718,8.1046,-1.4146,1.1457,-5.3511,-5.2336,0.91301,-8.3833,0,0,0,NaN,NaN,NaN,NaN,NaN,NaN,NaN,NaN,NaN,46.778,0,3242.3,0.0058767,NaN,NaN,NaN,NaN,16.268,96837,11.063,-1.538,0.53109,-8.1628,-4.251,-0.35056,-8.4121,NaN,NaN,NaN,NaN,NaN
413.63,-20.426,-6.2933,8.0695,-1.8108,0.27514,-10.928,-3.535,0.40657,-8.5286,0,0,0,NaN,NaN,NaN,NaN,NaN,NaN,NaN,NaN,NaN,46.778,0,3242.3,0.0058767,NaN,NaN,NaN,NaN,NaN,-1,-1,-1.5347,0.53572,-8.1566,-4.1814,-0.24903,-8.3878,NaN,NaN,NaN,NaN,NaN
413.63,-20.432,-6.2949,8.0488,-2.0469,-0.41014,-7.1085,-3.8482,2.2011,-8.4151,0,0,0,NaN,NaN,NaN,NaN,NaN,NaN,NaN,NaN,NaN,46.778,0,3242.3,0.0058767,0.76704,2.565,0.67732,0.09656,NaN,-1,-1,-1.5388,0.52128,-8.1604,-4.1344,-0.10916,-8.3895,NaN,NaN,NaN,NaN,NaN
413.63,-20.442,-6.3059,8.0322,-1.0124,0.1011,-6.8552,-5.0382,-1.9388,-8.2103,0,0,0,NaN,NaN,NaN,NaN,NaN,NaN,NaN,NaN,NaN,46.778,0,3242.3,0.0058767,NaN,NaN,NaN,NaN,16.25,96884,11.313,-1.5364,0.52383,-8.1861,-4.1011,-0.26668,-8.3877,NaN,NaN,NaN,NaN,NaN
413.63,-20.452,-6.3194,8.0162,-1.8302,1.0272,-10.747,-4.9074,-3.034,-8.2051,0.58971,0.24216,-0.9374,NaN,NaN,NaN,NaN,NaN,NaN,NaN,NaN,NaN,46.778,0,3242.3,0.0058767,NaN,NaN,NaN,NaN,NaN,-1,-1,-1.538,0.52174,-8.1669,-4.0834,-0.22932,-8.3842,NaN,NaN,NaN,NaN,NaN
413.64,-20.457,-6.3171,7.9943,-1.8745,1.6661,-9.1119,-3.6627,3.8306,-8.3196,0,0,0,NaN,NaN,NaN,NaN,NaN,NaN,NaN,NaN,NaN,46.778,0,3242.3,0.0058767,NaN,NaN,NaN,NaN,NaN,-1,-1,-1.5294,0.50721,-8.1524,-4.0578,0.023945,-8.3913,NaN,NaN,NaN,NaN,NaN
413.64,-20.461,-6.3196,7.973,-0.93504,-0.1288,-5.9277,-3.0638,1.8973,-8.7737,0,0,0,NaN,NaN,NaN,NaN,NaN,NaN,NaN,NaN,NaN,46.778,0,3242.3,0.0058767,0.77033,2.5686,0.68584,0.068258,16.223,96894,11.313,-1.5306,0.50364,-8.1712,-4.0275,-0.076775,-8.3969,NaN,NaN,NaN,NaN,NaN
413.64,-20.468,-6.3409,7.96,-1.4536,-0.048114,-7.8196,-3.585,-6.2466,-8.3084,0,0,0,NaN,NaN,NaN,NaN,NaN,NaN,NaN,NaN,NaN,46.768,0,3229.5,0.0064211,NaN,NaN,NaN,NaN,16.298,96867,11.25,-1.5314,0.51169,-8.1808,-4.0109,-0.18716,-8.3953,NaN,NaN,NaN,NaN,NaN
413.64,-20.481,-6.3391,7.9188,-1.0771,0.43993,-7.2617,-3.9961,3.986,-7.857,0,0,0,NaN,NaN,NaN,NaN,NaN,NaN,NaN,NaN,NaN,46.768,0,3229.5,0.0064211,NaN,NaN,NaN,NaN,NaN,-1,-1,-1.5294,0.50485,-8.1843,-3.9077,-0.096245,-8.3996,NaN,NaN,NaN,NaN,NaN
413.65,-20.488,-6.3517,7.9021,-1.7135,0.47104,-5.9904,-4.1824,-2.4857,-8.4968,0,0,0,NaN,NaN,NaN,NaN,NaN,NaN,NaN,NaN,NaN,46.768,0,3229.5,0.0064211,NaN,NaN,NaN,NaN,NaN,-1,-1,-1.5264,0.49689,-8.1827,-3.848,-0.1148,-8.3972,NaN,NaN,NaN,NaN,NaN
413.65,-20.495,-6.3636,7.8851,-1.2696,1.0589,-10.273,-3.73,-2.1822,-8.4719,0,0,0,NaN,NaN,NaN,NaN,NaN,NaN,NaN,NaN,NaN,46.768,0,3229.5,0.0064211,NaN,NaN,NaN,NaN,NaN,-1,-1,-1.5231,0.49708,-8.18,-3.8174,-0.091449,-8.3738,NaN,NaN,NaN,NaN,NaN
413.65,-20.499,-6.3633,7.8621,-1.8858,0.41342,-8.8644,-3.1114,3.0995,-8.8434,0.5873,0.24471,-0.93539,NaN,NaN,NaN,NaN,NaN,NaN,NaN,NaN,NaN,46.768,0,3229.5,0.0064211,NaN,NaN,NaN,NaN,16.272,96879,11.25,-1.5236,0.49587,-8.1784,-3.7717,-0.012118,-8.3493,NaN,NaN,NaN,NaN,NaN
413.65,-20.505,-6.3687,7.8434,-1.5658,-0.038518,-6.5464,-3.8782,0.51687,-8.2056,0,0,0,NaN,NaN,NaN,NaN,NaN,NaN,NaN,NaN,NaN,46.768,0,3229.5,0.0064211,0.76759,2.5793,0.67732,0.095727,NaN,-1,-1,-1.5145,0.48651,-8.1396,-3.723,0.079761,-8.3571,NaN,NaN,NaN,NaN,NaN
413.66,-20.514,-6.3836,7.8278,-1.5966,-0.016018,-8.8764,-4.3168,-3.5188,-8.3773,0,0,0,NaN,NaN,NaN,NaN,NaN,NaN,NaN,NaN,NaN,46.768,0,3229.5,0.0064211,NaN,NaN,NaN,NaN,NaN,-1,-1,-1.5102,0.47746,-8.1627,-3.7095,-0.012233,-8.3486,NaN,NaN,NaN,NaN,NaN
413.66,-20.521,-6.3867,7.8076,-1.8994,1.6971,-10.608,-4.3271,1.5464,-8.434,0,0,0,NaN,NaN,NaN,NaN,NaN,NaN,NaN,NaN,NaN,46.768,0,3229.5,0.0064211,NaN,NaN,NaN,NaN,16.296,96880,11.25,-1.5137,0.48698,-8.1697,-3.6903,-0.030942,-8.3395,NaN,NaN,NaN,NaN,NaN
413.66,-20.525,-6.3875,7.7849,-1.0952,1.2783,-7.082,-3.062,2.7333,-8.9439,0.59206,0.23721,-0.93942,NaN,NaN,NaN,NaN,NaN,NaN,NaN,NaN,NaN,46.768,0,3229.5,0.0064211,NaN,NaN,NaN,NaN,16.347,96890,11.313,-1.5055,0.47398,-8.1446,-3.6666,0.17839,-8.3294,NaN,NaN,NaN,NaN,NaN
413.66,-20.528,-6.3975,7.7676,-1.2165,-0.93586,-6.7252,-2.5393,-1.4502,-8.3184,0,0,0,NaN,NaN,NaN,NaN,NaN,NaN,NaN,NaN,NaN,46.768,0,3229.5,0.0064211,0.81687,2.4767,0.75522,NaN,NaN,-1,-1,-1.5029,0.45824,-8.1342,-3.6619,0.015913,-8.3373,NaN,NaN,NaN,NaN,NaN
413.67,-20.534,-6.411,7.7513,-1.9434,0.58661,-9.6745,-3.546,-2.8887,-8.4537,0,0,0,NaN,NaN,NaN,NaN,NaN,NaN,NaN,NaN,NaN,46.768,0,3229.5,0.0064211,NaN,NaN,NaN,0.0024972,NaN,-1,-1,-1.4992,0.45598,-8.1383,-3.6121,-0.06322,-8.3436,NaN,NaN,NaN,NaN,NaN
413.67,-20.54,-6.4113,7.7317,-1.857,0.90045,-11.007,-3.343,2.5201,-7.7957,0,0,0,NaN,NaN,NaN,NaN,NaN,NaN,NaN,NaN,NaN,46.768,0,3229.5,0.0064211,NaN,NaN,NaN,NaN,NaN,-1,-1,-1.4971,0.45491,-8.1532,-3.5523,0.13701,-8.3455,NaN,NaN,NaN,NaN,NaN
413.67,-20.546,-6.4132,7.7118,-1.0066,0.7979,-5.8009,-3.9705,1.866,-8.0058,0.58488,0.24726,-0.93339,NaN,NaN,NaN,NaN,NaN,NaN,NaN,NaN,NaN,46.768,0,3229.5,0.0064211,NaN,NaN,NaN,NaN,16.319,96869,11.188,-1.4913,0.45672,-8.1405,-3.5658,0.091204,-8.5878,NaN,NaN,NaN,NaN,NaN
413.67,-20.553,-6.4228,7.6945,-1.6693,0.44753,-7.8101,-3.9418,-1.2867,-8.256,0,0,0,NaN,NaN,NaN,NaN,NaN,NaN,NaN,NaN,NaN,46.768,0,3229.5,0.0064211,NaN,NaN,NaN,NaN,NaN,-1,-1,-1.4904,0.46587,-8.1528,-3.5151,0.10576,-8.5133,NaN,NaN,NaN,NaN,NaN
413.68,-20.558,-6.4325,7.6758,-1.8018,1.3691,-9.8282,-3.4487,-1.1385,-8.8062,0,0,0,NaN,NaN,NaN,NaN,NaN,NaN,NaN,NaN,NaN,46.768,0,3229.5,0.0064211,NaN,NaN,NaN,NaN,NaN,-1,-1,-1.4925,0.46655,-8.1296,-3.4643,-0.075848,-8.4424,NaN,NaN,NaN,NaN,NaN
413.68,-20.562,-6.4352,7.656,-1.5353,-0.37527,-8.2963,-2.9098,1.6825,-8.2389,0,0,0,NaN,NaN,NaN,NaN,NaN,NaN,NaN,NaN,NaN,46.768,0,3229.5,0.0064211,0.75829,2.559,0.66211,0.11154,16.073,96881,11.25,-1.4793,0.45641,-8.1403,-3.3915,0.012052,-8.3767,NaN,NaN,NaN,NaN,NaN
413.68,-20.571,-6.4428,7.6376,-1.6413,0.029306,-7.051,-4.5194,-0.45905,-8.2901,0.58232,0.24502,-0.93139,NaN,NaN,NaN,NaN,NaN,NaN,NaN,NaN,NaN,46.768,0,3229.5,0.0064211,NaN,NaN,NaN,NaN,16.217,96845,11.063,-1.4798,0.464,-8.1357,-3.4512,0.065914,-8.5647,NaN,NaN,NaN,NaN,NaN
413.68,-20.577,-6.4554,7.6218,-1.2205,0.75342,-9.991,-3.8555,-2.5753,-8.1528,0,0,0,NaN,NaN,NaN,NaN,NaN,NaN,NaN,NaN,NaN,46.768,0,3229.5,0.0064211,NaN,NaN,NaN,NaN,NaN,-1,-1,-1.4698,0.47597,-8.1442,-3.4384,0.10625,-8.7024,NaN,NaN,NaN,NaN,NaN
413.69,-20.583,-6.4533,7.6,-2.226,1.3034,-9.5992,-3.6236,3.7312,-8.303,0,0,0,NaN,NaN,NaN,NaN,NaN,NaN,NaN,NaN,NaN,46.768,0,3229.5,0.0064211,NaN,NaN,NaN,NaN,NaN,-1,-1,-1.4729,0.47917,-8.1551,-3.3636,0.1045,-8.5352,NaN,NaN,NaN,NaN,NaN
413.69,-20.585,-6.4579,7.5794,-0.8944,0.82459,-5.4017,-2.3417,1.0445,-8.7665,0,0,0,NaN,NaN,NaN,NaN,NaN,NaN,NaN,NaN,NaN,46.768,0,3229.5,0.0064211,NaN,NaN,NaN,NaN,NaN,-1,-1,-1.47,0.47786,-8.1632,-3.3347,0.19031,-8.3684,NaN,NaN,NaN,NaN,NaN
413.69,-20.589,-6.476,7.5656,-1.211,0.030524,-9.3064,-2.4687,-5.0422,-8.0291,0.60147,0.23708,-0.93857,NaN,NaN,NaN,NaN,NaN,NaN,NaN,NaN,NaN,46.768,0,3229.5,0.0064211,NaN,NaN,NaN,NaN,16.076,96904,11.375,-1.4651,0.47011,-8.1506,-3.2622,0.0049487,-8.2334,NaN,NaN,NaN,NaN,NaN
413.69,-20.594,-6.4768,7.546,-2.3553,0.46303,-10.23,-3.1555,2.3574,-7.8637,0,0,0,NaN,NaN,NaN,NaN,NaN,NaN,NaN,NaN,NaN,46.768,0,3229.5,0.0064211,0.8311,2.4743,0.75279,0.010821,NaN,-1,-1,-1.4622,0.47321,-8.1506,-3.1679,0.11863,-8.0888,NaN,NaN,NaN,NaN,NaN
413.7,-20.598,-6.4754,7.5257,-1.4296,0.33076,-9.1569,-3.2217,3.2659,-7.8531,0,0,0,NaN,NaN,NaN,NaN,NaN,NaN,NaN,NaN,NaN,46.768,0,3229.5,0.0064211,NaN,NaN,NaN,NaN,NaN,-1,-1,-1.4593,0.48204,-8.151,-3.0489,0.34487,-7.9629,NaN,NaN,NaN,NaN,NaN
413.7,-20.605,-6.4851,7.5085,-1.3427,0.90089,-5.5202,-3.8019,-1.3494,-8.2587,0,0,0,NaN,NaN,NaN,NaN,NaN,NaN,NaN,NaN,NaN,46.768,0,3229.5,0.0064211,NaN,NaN,NaN,NaN,16.396,96912,11.375,-1.4549,0.48311,-8.1444,-2.9614,0.20753,-7.8278,NaN,NaN,NaN,NaN,NaN
413.7,-20.609,-6.4976,7.4916,-1.4012,1.18,-9.515,-2.9559,-2.4572,-8.3519,0.58259,0.24969,-0.93359,2.7709,18.067,-2.3538,18.429,40.059,-88.548,3.6799e+05,4.4354e+06,330.53,46.768,0,3229.5,0.0064211,NaN,NaN,NaN,NaN,NaN,-1,-1,-1.4533,0.48513,-8.1446,-2.8891,0.25574,-7.6949,18.423,0.27123,0.39124,1.2166,0.84327
413.7,-20.612,-6.4972,7.4697,-1.8727,0.32038,-10.189,-2.6648,3.1144,-8.5839,0,0,0,NaN,NaN,NaN,NaN,NaN,NaN,NaN,NaN,NaN,46.768,0,3229.5,0.0064211,NaN,NaN,NaN,NaN,16.024,96893,11.313,-1.4522,0.46981,-8.1682,-2.8088,0.25772,-7.5901,NaN,NaN,NaN,NaN,NaN
413.71,-20.617,-6.5041,7.4518,-1.5709,-0.4311,-6.2873,-3.2237,-0.19228,-8.1079,0,0,0,NaN,NaN,NaN,NaN,NaN,NaN,NaN,NaN,NaN,46.768,0,3229.5,0.0064211,NaN,NaN,NaN,NaN,NaN,-1,-1,-1.4519,0.47154,-8.1626,-2.707,0.29789,-7.4905,NaN,NaN,NaN,NaN,NaN
413.71,-20.624,-6.5147,7.4359,-1.4158,0.52663,-9.6513,-3.7034,-1.8554,-7.8916,0,0,0,NaN,NaN,NaN,NaN,NaN,NaN,NaN,NaN,NaN,46.768,0,3229.5,0.0064211,NaN,NaN,NaN,NaN,NaN,-1,-1,-1.4538,0.4679,-8.1642,-2.6236,0.27188,-7.4075,NaN,NaN,NaN,NaN,NaN
413.71,-20.632,-6.5206,7.396,-1.3468,1.3239,-8.8325,-2.8057,3.7823,-8.3927,0,0,0,NaN,NaN,NaN,NaN,NaN,NaN,NaN,NaN,NaN,46.768,0,3229.5,0.0064211,NaN,NaN,NaN,NaN,16.148,96876,11.25,-1.448,0.4758,-8.1318,-2.6013,0.25998,-7.312,NaN,NaN,NaN,NaN,NaN
413.71,-20.635,-6.5269,7.3767,-1.1073,-0.54971,-5.9169,-2.3062,0.23606,-8.5801,0,0,0,NaN,NaN,NaN,NaN,NaN,NaN,NaN,NaN,NaN,46.768,0,3229.5,0.0064211,NaN,NaN,NaN,NaN,NaN,-1,-1,-1.4305,0.46251,-8.0524,-2.5992,0.35577,-7.2351,NaN,NaN,NaN,NaN,NaN
413.72,-20.637,-6.5445,7.3616,-1.6927,0.80546,-9.7182,-2.0822,-4.5591,-8.5654,0,0,0,NaN,NaN,NaN,NaN,NaN,NaN,NaN,NaN,NaN,46.768,0,3229.5,0.0064211,NaN,NaN,NaN,NaN,NaN,-1,-1,-1.4322,0.4704,-8.0699,-2.5583,0.28688,-7.1906,NaN,NaN,NaN,NaN,NaN
413.72,-20.64,-6.5452,7.3416,-1.9339,0.44569,-11.718,-2.5404,2.3757,-7.8785,0.59444,0.25193,-0.93253,NaN,NaN,NaN,NaN,NaN,NaN,NaN,NaN,NaN,46.768,0,3229.5,0.0064211,NaN,NaN,NaN,NaN,16.194,96876,11.188,-1.4285,0.46581,-8.0664,-2.4792,0.40075,-7.1561,NaN,NaN,NaN,NaN,NaN
413.72,-20.645,-6.5435,7.3213,-1.1504,0.66916,-5.8188,-3.3474,3.3937,-7.7925,0,0,0,NaN,NaN,NaN,NaN,NaN,NaN,NaN,NaN,NaN,46.768,0,3229.5,0.0064211,NaN,NaN,NaN,NaN,NaN,-1,-1,-1.4291,0.47444,-8.1142,-2.3846,0.37578,-7.1129,NaN,NaN,NaN,NaN,NaN
413.72,-20.651,-6.5524,7.3037,-1.6307,0.63555,-7.69,-3.301,-0.9793,-8.3196,0,0,0,NaN,NaN,NaN,NaN,NaN,NaN,NaN,NaN,NaN,46.768,0,3229.5,0.0064211,NaN,NaN,NaN,NaN,16.196,96866,11.188,-1.4254,0.48936,-8.0956,-2.3352,0.36074,-7.0778,NaN,NaN,NaN,NaN,NaN
413.73,0,0,0,0,0,0,0,0,0,0,0,0,NaN,NaN,NaN,NaN,NaN,NaN,NaN,NaN,NaN,46.768,0,3229.5,0.0064211,NaN,NaN,NaN,NaN,NaN,-1,-1,-1.4146,0.48339,-8.0242,-2.2759,0.36637,-7.0293,NaN,NaN,NaN,NaN,NaN
413.73,-20.654,-6.5658,7.2873,-1.5187,0.99419,-9.603,-2.3998,-2.825,-8.4526,0,0,0,NaN,NaN,NaN,NaN,NaN,NaN,NaN,NaN,NaN,46.768,0,3229.5,0.0064211,NaN,NaN,NaN,NaN,NaN,-1,-1,-1.4162,0.49652,-8.0054,-2.2195,0.51643,-7.0073,NaN,NaN,NaN,NaN,NaN
413.73,-20.656,-6.5672,7.2661,-1.7104,0.22246,-9.6867,-2.3691,2.2982,-8.4492,0.59867,0.23999,-0.92993,NaN,NaN,NaN,NaN,NaN,NaN,NaN,NaN,NaN,46.768,0,3229.5,0.0064211,0.76485,2.4528,2.0807,NaN,16.418,96883,11.25,-1.4125,0.51256,-8.0006,-2.1953,0.49777,-6.9913,NaN,NaN,NaN,NaN,NaN
413.73,-20.661,-6.5713,7.2472,-1.5416,0.033142,-6.6026,-3.1615,0.99185,-8.103,0,0,0,NaN,NaN,NaN,NaN,NaN,NaN,NaN,NaN,NaN,46.768,0,3229.5,0.0064211,NaN,NaN,NaN,0.040788,NaN,-1,-1,-1.4139,0.52166,-8.0554,-2.1869,0.28964,-7.0007,NaN,NaN,NaN,NaN,NaN
413.74,0,0,0,0,0,0,0,0,0,0,0,0,NaN,NaN,NaN,NaN,NaN,NaN,NaN,NaN,NaN,46.768,0,3229.5,0.0064211,NaN,NaN,NaN,NaN,NaN,-1,-1,-1.4123,0.53106,-8.0546,-2.1581,0.30046,-7.0014,NaN,NaN,NaN,NaN,NaN
413.74,0,0,0,0,0,0,0,0,0,0,0,0,NaN,NaN,NaN,NaN,NaN,NaN,NaN,NaN,NaN,46.768,0,3229.5,0.0064211,NaN,NaN,NaN,NaN,16.173,96876,11.25,-1.4075,0.54245,-8.0486,-2.2114,0.46504,-7.012,NaN,NaN,NaN,NaN,NaN
413.74,-20.673,-6.5868,7.1894,-0.98855,1.3226,-6.5822,-1.7803,3.7116,-8.3601,0.59725,0.25394,-0.93894,NaN,NaN,NaN,NaN,NaN,NaN,NaN,NaN,NaN,46.768,0,3229.5,0.0064211,NaN,NaN,NaN,NaN,NaN,-1,-1,-1.4074,0.54259,-8.05,-2.2437,0.26021,-7.0427,NaN,NaN,NaN,NaN,NaN
413.74,-20.674,-6.6005,7.1733,-1.0703,-0.24127,-6.8776,-1.5724,-2.9872,-8.4074,0,0,0,NaN,NaN,NaN,NaN,NaN,NaN,NaN,NaN,NaN,46.768,0,3229.5,0.0064211,NaN,NaN,NaN,NaN,16.12,96874,11.188,-1.4226,0.54995,-8.1419,-2.2324,0.18248,-7.0912,NaN,NaN,NaN,NaN,NaN
413.75,-20.683,-6.6101,7.1373,-1.4434,0.6807,-11.263,-3.011,3.4716,-7.6104,0,0,0,NaN,NaN,NaN,NaN,NaN,NaN,NaN,NaN,NaN,46.768,0,3229.5,0.0064211,0.82782,2.4707,4.9664,0.016648,NaN,-1,-1,-1.419,0.56846,-8.1387,-2.1963,0.29358,-7.1588,NaN,NaN,NaN,NaN,NaN
413.75,-20.686,-6.6119,7.1171,-1.5257,0.96109,-5.0702,-2.6624,1.9946,-8.1601,0.60372,0.247,-0.93169,NaN,NaN,NaN,NaN,NaN,NaN,NaN,NaN,NaN,46.768,0,3229.5,0.0064211,NaN,NaN,NaN,NaN,NaN,-1,-1,-1.4185,0.58786,-8.1095,-2.1984,0.20394,-7.1923,NaN,NaN,NaN,NaN,NaN
413.75,-20.69,-6.6253,7.101,-0.77456,0.54924,-8.2044,-2.841,-2.8487,-8.3533,0,0,0,NaN,NaN,NaN,NaN,NaN,NaN,NaN,NaN,NaN,46.768,0,3229.5,0.0064211,NaN,NaN,NaN,NaN,15.998,96900,11.313,-1.4165,0.59242,-8.1184,-2.2049,0.12004,-7.2273,NaN,NaN,NaN,NaN,NaN
413.75,-20.693,-6.6347,7.083,-2.1136,0.47332,-10.739,-2.4252,-1.1016,-8.4963,0,0,0,NaN,NaN,NaN,NaN,NaN,NaN,NaN,NaN,NaN,46.768,0,3229.5,0.0064211,NaN,NaN,NaN,NaN,NaN,-1,-1,-1.4363,0.60786,-8.2455,-2.214,0.19997,-7.28,NaN,NaN,NaN,NaN,NaN
413.76,-20.695,-6.633,7.0617,-2.0077,0.63711,-8.407,-2.4602,3.5149,-8.1932,0,0,0,NaN,NaN,NaN,NaN,NaN,NaN,NaN,NaN,NaN,46.768,0,3229.5,0.0064211,0.81577,2.4653,6.8359,0.023308,NaN,-1,-1,-1.437,0.61778,-8.2421,-2.2334,0.24103,-7.3655,NaN,NaN,NaN,NaN,NaN
413.76,-20.707,-6.6488,7.0282,-0.81587,-0.12038,-7.6633,-3.1201,-1.2487,-8.1913,0.58889,0.2232,-0.93303,NaN,NaN,NaN,NaN,NaN,NaN,NaN,NaN,NaN,46.768,0,3229.5,0.0064211,0.81577,2.4653,6.8359,0.023308,16.32,96882,11.25,-1.4387,0.63454,-8.2676,-2.2694,0.055463,-7.4505,NaN,NaN,NaN,NaN,NaN
413.76,-20.713,-6.6629,7.0125,-1.791,0.28367,-9.4611,-3.6571,-3.1964,-8.29,0,0,0,NaN,NaN,NaN,NaN,NaN,NaN,NaN,NaN,NaN,46.787,0,3226.6,0.0069644,NaN,NaN,NaN,NaN,NaN,-1,-1,-1.4408,0.66938,-8.3142,-2.3181,0.062323,-7.558,NaN,NaN,NaN,NaN,NaN
413.76,-20.716,-6.66,6.9898,-1.992,2.2899,-10.839,-2.6712,4.1797,-8.5249,0,0,0,NaN,NaN,NaN,NaN,NaN,NaN,NaN,NaN,NaN,46.787,0,3226.6,0.0069644,NaN,NaN,NaN,NaN,16.096,96891,11.25,-1.4408,0.68185,-8.311,-2.4244,0.18155,-7.677,NaN,NaN,NaN,NaN,NaN
413.77,-20.717,-6.6619,6.9686,-0.88806,-0.28792,-5.4344,-1.5866,2.1794,-8.6294,0,0,0,NaN,NaN,NaN,NaN,NaN,NaN,NaN,NaN,NaN,46.787,0,3226.6,0.0069644,NaN,NaN,NaN,NaN,NaN,-1,-1,-1.4463,0.69035,-8.3334,-2.4882,0.076721,-7.8089,NaN,NaN,NaN,NaN,NaN
413.77,-20.718,-6.6826,6.9543,-1.3896,0.21013,-9.803,-1.413,-5.939,-8.5587,0.59672,0.2495,-0.93232,NaN,NaN,NaN,NaN,NaN,NaN,NaN,NaN,NaN,46.787,0,3226.6,0.0069644,NaN,NaN,NaN,NaN,NaN,-1,-1,-1.4491,0.70621,-8.3542,-2.5324,0.072189,-7.9635,NaN,NaN,NaN,NaN,NaN
413.77,-20.721,-6.6809,6.9337,-2.1071,0.59387,-11.424,-2.7797,3.454,-7.9099,0,0,0,NaN,NaN,NaN,NaN,NaN,NaN,NaN,NaN,NaN,46.787,0,3226.6,0.0069644,0.77361,2.5757,9.5495,0.082409,16.296,96879,11.25,-1.4505,0.72528,-8.3843,-2.5714,0.077737,-8.1373,NaN,NaN,NaN,NaN,NaN
413.77,-20.729,-6.6848,6.8934,-1.538,1.0462,-7.5725,-2.892,-0.080615,-8.4334,0,0,0,NaN,NaN,NaN,NaN,NaN,NaN,NaN,NaN,NaN,46.787,0,3226.6,0.0069644,NaN,NaN,NaN,NaN,NaN,-1,-1,-1.4535,0.74708,-8.389,-2.6231,0.024523,-8.3143,NaN,NaN,NaN,NaN,NaN
413.78,-20.729,-6.6848,6.8934,-1.538,1.0462,-7.5725,-2.892,-0.080615,-8.4334,0,0,0,NaN,NaN,NaN,NaN,NaN,NaN,NaN,NaN,NaN,46.787,0,3226.6,0.0069644,NaN,NaN,NaN,NaN,NaN,-1,-1,-1.4554,0.76996,-8.3889,-2.6797,0.039212,-8.469,NaN,NaN,NaN,NaN,NaN
413.78,-20.733,-6.6981,6.8762,-1.4611,1.0615,-8.8942,-2.6217,-2.7043,-8.6608,0.60345,0.24233,-0.92949,NaN,NaN,NaN,NaN,NaN,NaN,NaN,NaN,NaN,46.787,0,3226.6,0.0069644,NaN,NaN,NaN,NaN,16.268,96861,11.125,-1.4574,0.77372,-8.4177,-2.7805,0.091069,-8.6396,NaN,NaN,NaN,NaN,NaN
413.78,-20.736,-6.7008,6.8551,-1.6645,0.37004,-11.186,-2.8915,1.8512,-8.708,0,0,0,NaN,NaN,NaN,NaN,NaN,NaN,NaN,NaN,NaN,46.787,0,3226.6,0.0069644,NaN,NaN,NaN,NaN,16.147,96883,11.25,-1.4615,0.79407,-8.4481,-2.8554,0.12801,-8.8348,NaN,NaN,NaN,NaN,NaN
413.78,-20.749,-6.7157,6.8175,-1.3731,0.41204,-9.7811,-3.7841,-2.8312,-8.334,0,0,0,NaN,NaN,NaN,NaN,NaN,NaN,NaN,NaN,NaN,46.787,0,3226.6,0.0069644,NaN,NaN,NaN,NaN,NaN,-1,-1,-1.4647,0.80352,-8.433,-2.8556,0.032023,-8.7377,NaN,NaN,NaN,NaN,NaN
413.79,-20.753,-6.7259,6.799,-1.9468,1.6733,-10.952,-3.2591,-1.4004,-8.6587,0.60385,0.24688,-0.9339,NaN,NaN,NaN,NaN,NaN,NaN,NaN,NaN,NaN,46.787,0,3226.6,0.0069644,0.77252,2.4558,16.803,0.049112,NaN,-1,-1,-1.4677,0.8318,-8.45,-2.9556,-0.075992,-8.8928,NaN,NaN,NaN,NaN,NaN
413.79,-20.756,-6.7228,6.7753,-1.1757,0.86799,-8.8769,-2.571,4.4229,-8.844,0,0,0,NaN,NaN,NaN,NaN,NaN,NaN,NaN,NaN,NaN,46.787,0,3226.6,0.0069644,NaN,NaN,NaN,NaN,NaN,-1,-1,-1.4702,0.84103,-8.471,-3.0658,0.2051,-9.0762,NaN,NaN,NaN,NaN,NaN
413.79,-20.759,-6.727,6.7541,-1.0292,0.26422,-6.4436,-2.7578,1.3004,-8.958,0,0,0,NaN,NaN,NaN,NaN,NaN,NaN,NaN,NaN,NaN,46.787,0,3226.6,0.0069644,NaN,NaN,NaN,NaN,16.321,96878,11.25,-1.4679,0.84841,-8.4588,-3.1354,0.14689,-9.2745,NaN,NaN,NaN,NaN,NaN
413.79,-20.762,-6.7482,6.739,-1.9006,1.1005,-8.7445,-2.1032,-5.9036,-9.1032,0,0,0,NaN,NaN,NaN,NaN,NaN,NaN,NaN,NaN,NaN,46.787,0,3226.6,0.0069644,NaN,NaN,NaN,NaN,NaN,-1,-1,-1.4665,0.87629,-8.4842,-3.1356,0.046814,-9.1795,NaN,NaN,NaN,NaN,NaN
413.8,-20.764,-6.7501,6.7172,-1.8567,0.51674,-14.277,-2.3309,2.2189,-8.7109,0.58958,0.24228,-0.93519,NaN,NaN,NaN,NaN,NaN,NaN,NaN,NaN,NaN,46.787,0,3226.6,0.0069644,0.76814,2.5745,NaN,NaN,NaN,-1,-1,-1.47,0.9091,-8.4342,-3.0829,0.1708,-9.015,NaN,NaN,NaN,NaN,NaN
413.8,-20.769,-6.7439,6.6929,-1.3352,0.71227,-5.1398,-3.7649,5.6381,-8.6115,0,0,0,NaN,NaN,NaN,NaN,NaN,NaN,NaN,NaN,NaN,46.787,0,3226.6,0.0069644,NaN,NaN,21.168,0.074085,16.245,96868,11.188,-1.4658,0.91289,-8.4522,-3.1122,0.43722,-9.0886,NaN,NaN,NaN,NaN,NaN
413.8,-20.775,-6.7554,6.6747,-1.1334,1.4886,-8.5116,-3.5601,-1.847,-8.8763,0,0,0,NaN,NaN,NaN,NaN,NaN,NaN,NaN,NaN,NaN,46.787,0,3226.6,0.0069644,NaN,NaN,NaN,NaN,NaN,-1,-1,-1.4679,0.90902,-8.5442,-3.1097,0.27448,-9.1932,NaN,NaN,NaN,NaN,NaN
413.8,-20.778,-6.7703,6.6559,-1.8006,0.49138,-9.7109,-2.609,-3.0035,-9.6019,0,0,0,NaN,NaN,NaN,NaN,NaN,NaN,NaN,NaN,NaN,46.787,0,3226.6,0.0069644,NaN,NaN,NaN,NaN,16.269,96874,11.188,-1.4752,0.92827,-8.5506,-3.1458,0.42566,-9.2683,NaN,NaN,NaN,NaN,NaN
413.81,-20.782,-6.7691,6.6299,-1.5471,0.54789,-10.257,-3.2863,3.928,-9.8278,0.5848,0.23994,-0.93562,NaN,NaN,NaN,NaN,NaN,NaN,NaN,NaN,NaN,46.787,0,3226.6,0.0069644,NaN,NaN,NaN,NaN,NaN,-1,-1,-1.4689,0.9356,-8.54,-3.1753,0.64096,-9.3709,NaN,NaN,NaN,NaN,NaN
413.81,-20.788,-6.7747,6.6072,-1.4373,0.38426,-7.1435,-3.5924,0.99655,-9.6964,0,0,0,NaN,NaN,NaN,NaN,NaN,NaN,NaN,NaN,NaN,46.787,0,3226.6,0.0069644,NaN,NaN,NaN,NaN,NaN,-1,-1,-1.4707,0.95717,-8.5845,-3.2496,0.52155,-9.4717,NaN,NaN,NaN,NaN,NaN
413.81,-20.795,-6.7883,6.5881,-1.191,1.3154,-9.4124,-4.3677,-2.5086,-9.5222,0,0,0,NaN,NaN,NaN,NaN,NaN,NaN,NaN,NaN,NaN,46.787,0,3226.6,0.0069644,0.76923,2.4504,23.531,0.049112,16.193,96841,11.063,-1.4786,0.99926,-8.6038,-3.2746,0.58024,-9.6028,NaN,NaN,NaN,NaN,NaN
413.81,-20.8,-6.7904,6.5629,-2.2994,1.1991,-11.369,-3.48,2.6604,-10.123,0,0,0,NaN,NaN,NaN,NaN,NaN,NaN,NaN,NaN,NaN,46.787,0,3226.6,0.0069644,NaN,NaN,NaN,NaN,NaN,-1,-1,-1.4689,0.996,-8.5772,-3.3081,0.87245,-9.7279,NaN,NaN,NaN,NaN,NaN
413.82,-20.803,-6.7917,6.5368,-1.029,1.5706,-5.9809,-2.9789,3.0598,-10.271,0.59638,0.24242,-0.93013,NaN,NaN,NaN,NaN,NaN,NaN,NaN,NaN,NaN,46.787,0,3226.6,0.0069644,NaN,NaN,NaN,NaN,NaN,-1,-1,-1.468,0.98957,-8.5971,-3.3422,0.80506,-9.8703,NaN,NaN,NaN,NaN,NaN
413.82,-20.804,-6.808,6.5174,-1.0879,0.12411,-9.4258,-1.8323,-3.4548,-9.9866,0,0,0,NaN,NaN,NaN,NaN,NaN,NaN,NaN,NaN,NaN,46.787,0,3226.6,0.0069644,NaN,NaN,NaN,NaN,16.119,96879,11.188,-1.4817,1.0221,-8.6667,-3.3985,0.64865,-10.017,NaN,NaN,NaN,NaN,NaN
413.82,-20.81,-6.8137,6.4946,-2.0887,0.38703,-10.017,-3.8148,0.96641,-9.7676,0,0,0,NaN,NaN,NaN,NaN,NaN,NaN,NaN,NaN,NaN,46.787,0,3226.6,0.0069644,NaN,NaN,NaN,NaN,NaN,-1,-1,-1.4825,1.0323,-8.6346,-3.4267,0.94708,-10.171,NaN,NaN,NaN,NaN,NaN
413.82,-20.816,-6.812,6.4684,-1.2935,1.2289,-11.175,-3.9237,4.275,-9.9828,0,0,0,NaN,NaN,NaN,NaN,NaN,NaN,NaN,NaN,NaN,46.787,0,3226.6,0.0069644,NaN,NaN,NaN,NaN,16.249,96908,11.375,-1.4772,1.0541,-8.6267,-3.4229,1.1494,-10.323,NaN,NaN,NaN,NaN,NaN
413.83,-20.821,-6.817,6.4441,-1.6672,1.8996,-4.859,-3.8339,1.3636,-10.092,0.60802,0.23746,-0.92909,NaN,NaN,NaN,NaN,NaN,NaN,NaN,NaN,NaN,46.787,0,3226.6,0.0069644,0.7561,2.559,25.771,0.11654,NaN,-1,-1,-1.4828,1.0684,-8.6593,-3.4065,0.9429,-10.497,NaN,NaN,NaN,NaN,NaN
413.83,-20.826,-6.8314,6.4225,-0.87216,0.5562,-9.391,-3.3268,-2.4184,-10.535,0,0,0,NaN,NaN,NaN,NaN,NaN,NaN,NaN,NaN,NaN,46.787,0,3226.6,0.0069644,NaN,NaN,NaN,NaN,NaN,-1,-1,-1.487,1.0769,-8.6914,-3.414,1.0912,-10.668,NaN,NaN,NaN,NaN,NaN
413.83,-20.831,-6.8358,6.3956,-2.0597,1.6289,-10.634,-3.7373,2.0392,-11.081,0,0,0,NaN,NaN,NaN,NaN,NaN,NaN,NaN,NaN,NaN,46.787,0,3226.6,0.0069644,NaN,NaN,NaN,NaN,16.144,96857,11.125,-1.4868,1.0804,-8.6742,-3.417,1.2155,-10.862,NaN,NaN,NaN,NaN,NaN
413.83,-20.836,-6.838,6.3681,-1.8356,0.72851,-7.0584,-3.4648,2.9798,-11.031,0,0,0,NaN,NaN,NaN,NaN,NaN,NaN,NaN,NaN,NaN,46.787,0,3226.6,0.0069644,NaN,NaN,NaN,NaN,NaN,-1,-1,-1.4835,1.1024,-8.6817,-3.4188,1.2826,-11.055,NaN,NaN,NaN,NaN,NaN
413.84,-20.848,-6.8618,6.3185,-1.551,0.15801,-9.3889,-4.6115,-0.57273,-11.377,0,0,0,NaN,NaN,NaN,NaN,NaN,NaN,NaN,NaN,NaN,46.787,0,3226.6,0.0069644,0.76267,2.5703,25.78,0.090733,NaN,-1,-1,-1.4968,1.1274,-8.7243,-3.4454,1.1643,-11.261,NaN,NaN,NaN,NaN,NaN
413.84,-20.852,-6.8608,6.2884,-1.7012,3.0461,-10.628,-3.5924,4.5433,-11.499,0,0,0,NaN,NaN,NaN,NaN,NaN,NaN,NaN,NaN,NaN,46.787,0,3226.6,0.0069644,NaN,NaN,NaN,NaN,15.995,96898,11.25,-1.4943,1.1558,-8.7334,-3.4961,1.3187,-11.482,NaN,NaN,NaN,NaN,NaN
413.84,-20.854,-6.8655,6.2589,-1.0577,0.30769,-5.3938,-2.721,2.3166,-12.121,0,0,0,NaN,NaN,NaN,NaN,NaN,NaN,NaN,NaN,NaN,46.787,0,3226.6,0.0069644,NaN,NaN,NaN,NaN,16.171,96870,11.188,-1.4832,1.1611,-8.6951,-3.5369,1.3275,-11.703,NaN,NaN,NaN,NaN,NaN
413.84,-20.856,-6.8864,6.2357,-1.4644,0.41649,-10.272,-2.1954,-4.7637,-11.916,0.60102,0.23996,-0.92971,NaN,NaN,NaN,NaN,NaN,NaN,NaN,NaN,NaN,46.787,0,3226.6,0.0069644,NaN,NaN,NaN,NaN,NaN,-1,-1,-1.495,1.173,-8.7298,-3.5413,1.2331,-11.954,NaN,NaN,NaN,NaN,NaN
413.85,-20.862,-6.8864,6.2056,-1.9578,1.5747,-11.127,-4.2696,4.1689,-11.646,0,0,0,NaN,NaN,NaN,NaN,NaN,NaN,NaN,NaN,NaN,46.787,0,3226.6,0.0069644,NaN,NaN,NaN,NaN,NaN,-1,-1,-1.4915,1.1892,-8.7099,-3.5284,1.3029,-12.199,NaN,NaN,NaN,NaN,NaN
413.85,-20.865,-6.8837,6.174,-1.2814,1.9261,-7.7397,-3.0721,5.3738,-11.84,0,0,0,NaN,NaN,NaN,NaN,NaN,NaN,NaN,NaN,NaN,46.787,0,3226.6,0.0069644,NaN,NaN,NaN,NaN,NaN,-1,-1,-1.4951,1.207,-8.7096,-3.5408,1.5094,-12.443,NaN,NaN,NaN,NaN,NaN
413.85,-20.871,-6.8969,6.1465,-1.6974,1.4675,-7.2474,-4.1507,-1.1162,-12.538,0,0,0,NaN,NaN,NaN,NaN,NaN,NaN,NaN,NaN,NaN,46.787,0,3226.6,0.0069644,0.77033,2.5739,25.782,0.097392,16.367,96855,11.125,-1.4942,1.2082,-8.7477,-3.5233,1.3599,-12.701,NaN,NaN,NaN,NaN,NaN
413.85,-20.874,-6.9124,6.1174,-1.4947,0.66501,-8.9092,-3.1495,-1.8342,-13.389,0.60088,0.23516,-0.92973,NaN,NaN,NaN,NaN,NaN,NaN,NaN,NaN,NaN,46.787,0,3226.6,0.0069644,NaN,NaN,NaN,NaN,NaN,-1,-1,-1.4995,1.2241,-8.7767,-3.5121,1.3284,-12.954,NaN,NaN,NaN,NaN,NaN
413.86,-20.878,-6.913,6.0838,-1.5234,1.7882,-10.357,-3.6585,4.4397,-13.049,0,0,0,NaN,NaN,NaN,NaN,NaN,NaN,NaN,NaN,NaN,46.787,0,3226.6,0.0069644,NaN,NaN,NaN,NaN,NaN,-1,-1,-1.5019,1.2241,-8.7584,-3.5346,1.5444,-13.216,NaN,NaN,NaN,NaN,NaN
413.86,-20.883,-6.9197,6.0511,-1.6014,0.55968,-6.5665,-3.9153,2.0158,-13.559,0,0,0,NaN,NaN,NaN,NaN,NaN,NaN,NaN,NaN,NaN,46.787,0,3226.6,0.0069644,NaN,NaN,NaN,NaN,15.969,96859,11.125,-1.5027,1.239,-8.762,-3.5488,1.6221,-13.477,NaN,NaN,NaN,NaN,NaN
413.86,-20.888,-6.9334,6.0207,-1.2724,1.1133,-8.2491,-3.8722,-0.91381,-13.702,0,0,0,NaN,NaN,NaN,NaN,NaN,NaN,NaN,NaN,NaN,46.787,0,3226.6,0.0069644,NaN,NaN,NaN,NaN,NaN,-1,-1,-1.5016,1.2629,-8.7822,-3.5805,1.4736,-13.748,NaN,NaN,NaN,NaN,NaN
413.86,-20.895,-6.9435,5.9498,-1.1943,2.1103,-7.7374,-2.6474,4.2751,-14.496,0,0,0,NaN,NaN,NaN,NaN,NaN,NaN,NaN,NaN,NaN,46.787,0,3226.6,0.0069644,0.76759,2.5775,NaN,NaN,16.196,96887,11.25,-1.5025,1.2693,-8.7799,-3.6002,1.7026,-14.051,NaN,NaN,NaN,NaN,NaN
413.87,-20.899,-6.9545,5.9167,-0.9362,0.36481,-6.0892,-3.5817,0.48793,-14.323,0,0,0,NaN,NaN,NaN,NaN,NaN,NaN,NaN,NaN,NaN,46.787,0,3226.6,0.0069644,NaN,NaN,25.809,0.074917,NaN,-1,-1,-1.5046,1.2698,-8.776,-3.636,1.7313,-14.373,NaN,NaN,NaN,NaN,NaN
413.87,-20.902,-6.9719,5.885,-1.866,1.0986,-8.2406,-3.2569,-2.1015,-14.74,0,0,0,NaN,NaN,NaN,NaN,NaN,NaN,NaN,NaN,NaN,46.787,0,3226.6,0.0069644,NaN,NaN,NaN,NaN,NaN,-1,-1,-1.5073,1.2758,-8.8143,-3.6875,1.508,-14.692,NaN,NaN,NaN,NaN,NaN
413.87,-20.907,-6.9748,5.8474,-1.9262,2.0981,-10.262,-3.8942,4.071,-14.713,0.5967,0.23966,-0.93677,NaN,NaN,NaN,NaN,NaN,NaN,NaN,NaN,NaN,46.778,0,3223.8,0.0058767,NaN,NaN,NaN,NaN,16.047,96882,11.25,-1.5051,1.2821,-8.822,-3.7229,1.5722,-15.015,NaN,NaN,NaN,NaN,NaN
413.87,-20.911,-6.9761,5.8083,-0.97317,1.4834,-5.7321,-3.9685,4.9695,-15.179,0,0,0,NaN,NaN,NaN,NaN,NaN,NaN,NaN,NaN,NaN,46.778,0,3223.8,0.0058767,NaN,NaN,NaN,NaN,NaN,-1,-1,-1.4982,1.3047,-8.7727,-3.7536,1.7753,-15.342,NaN,NaN,NaN,NaN,NaN
413.88,-20.915,-6.992,5.7733,-1.6466,2.7375,-7.9829,-3.9788,-1.0952,-15.739,0,0,0,NaN,NaN,NaN,NaN,NaN,NaN,NaN,NaN,NaN,46.778,0,3223.8,0.0058767,0.7561,2.5686,25.786,0.097392,NaN,-1,-1,-1.5053,1.3013,-8.8573,-3.7614,1.6155,-15.666,NaN,NaN,NaN,NaN,NaN
413.88,-20.919,-7.0062,5.7353,-1.6822,0.22192,-9.3604,-3.7384,0.0087663,-16.589,0,0,0,NaN,NaN,NaN,NaN,NaN,NaN,NaN,NaN,NaN,46.778,0,3223.8,0.0058767,NaN,NaN,NaN,NaN,16.07,96873,11.188,-1.5096,1.3026,-8.8182,-3.7769,1.6943,-15.993,NaN,NaN,NaN,NaN,NaN
413.88,-20.922,-7.0114,5.6936,-1.8298,1.7834,-10.789,-3.6307,3.7696,-16.586,0.59859,0.23267,-0.93216,NaN,NaN,NaN,NaN,NaN,NaN,NaN,NaN,NaN,46.778,0,3223.8,0.0058767,NaN,NaN,NaN,NaN,NaN,-1,-1,-1.4956,1.3148,-8.8079,-3.834,1.8063,-16.321,NaN,NaN,NaN,NaN,NaN
413.88,-20.926,-7.0195,5.6533,-1.5135,1.006,-7.2858,-4.1282,2.5748,-16.559,0,0,0,NaN,NaN,NaN,NaN,NaN,NaN,NaN,NaN,NaN,46.778,0,3223.8,0.0058767,NaN,NaN,NaN,NaN,15.848,96915,11.375,-1.5042,1.3364,-8.8406,-3.9128,1.677,-16.628,NaN,NaN,NaN,NaN,NaN
413.89,-20.932,-7.0339,5.6147,-1.3212,1.2938,-9.459,-4.4593,0.0010886,-16.88,0,0,0,NaN,NaN,NaN,NaN,NaN,NaN,NaN,NaN,NaN,46.778,0,3223.8,0.0058767,NaN,NaN,NaN,NaN,NaN,-1,-1,-1.5029,1.3487,-8.8347,-4.008,1.6319,-16.969,NaN,NaN,NaN,NaN,NaN
413.89,-20.937,-7.0455,5.5734,-1.7942,2.0067,-10.16,-4.6338,1.4353,-17.459,0,0,0,NaN,NaN,NaN,NaN,NaN,NaN,NaN,NaN,NaN,46.778,0,3223.8,0.0058767,NaN,NaN,NaN,NaN,NaN,-1,-1,-1.4889,1.333,-8.7743,-4.1071,1.7449,-17.349,NaN,NaN,NaN,NaN,NaN
413.89,-20.939,-7.0509,5.528,-1.4625,2.3484,-8.6358,-3.6226,4.2374,-17.94,0.6039,0.23944,-0.93835,NaN,NaN,NaN,NaN,NaN,NaN,NaN,NaN,NaN,46.778,0,3223.8,0.0058767,0.76102,2.5662,25.778,0.10572,16.018,96842,11.063,-1.4984,1.3338,-8.8017,-4.1882,1.73,-17.729,NaN,NaN,NaN,NaN,NaN
413.89,-20.941,-7.0651,5.4859,-1.0814,0.68112,-7.6376,-2.9814,0.5937,-18.103,0,0,0,NaN,NaN,NaN,NaN,NaN,NaN,NaN,NaN,NaN,46.778,0,3223.8,0.0058767,NaN,NaN,NaN,NaN,NaN,-1,-1,-1.5037,1.3502,-8.8579,-4.29,1.5515,-18.116,NaN,NaN,NaN,NaN,NaN
413.9,-20.945,-7.0815,5.4442,-1.7346,0.88785,-10.125,-4.1588,-0.30516,-18.293,0,0,0,NaN,NaN,NaN,NaN,NaN,NaN,NaN,NaN,NaN,46.778,0,3223.8,0.0058767,NaN,NaN,NaN,NaN,NaN,-1,-1,-1.5037,1.3566,-8.8454,-4.3827,1.7821,-18.481,NaN,NaN,NaN,NaN,NaN
413.9,-20.951,-7.0886,5.3994,-1.8963,2.187,-11.548,-4.9744,3.589,-18.132,0,0,0,NaN,NaN,NaN,NaN,NaN,NaN,NaN,NaN,NaN,46.778,0,3223.8,0.0058767,NaN,NaN,NaN,NaN,16.019,96878,11.188,-1.5015,1.375,-8.8408,-4.4598,1.9258,-18.861,NaN,NaN,NaN,NaN,NaN
413.9,-20.956,-7.0926,5.3506,-1.4276,2.4437,-7.2656,-4.9938,5.2674,-18.991,0.60567,0.24241,-0.92707,NaN,NaN,NaN,NaN,NaN,NaN,NaN,NaN,NaN,46.778,0,3223.8,0.0058767,NaN,NaN,NaN,NaN,NaN,-1,-1,-1.505,1.3694,-8.8191,-4.5174,1.6391,-19.239,NaN,NaN,NaN,NaN,NaN
413.9,-20.961,-7.1129,5.3066,-1.1297,1.4075,-7.078,-4.4823,-1.4459,-19.681,0,0,0,NaN,NaN,NaN,NaN,NaN,NaN,NaN,NaN,NaN,46.778,0,3223.8,0.0058767,0.7561,2.5757,25.778,0.10239,16.019,96883,11.188,-1.5041,1.3721,-8.8543,-4.6183,1.7128,-19.614,NaN,NaN,NaN,NaN,NaN
413.91,-20.966,-7.1281,5.2598,-1.9822,0.54895,-12.223,-4.6768,0.86001,-20.029,0,0,0,NaN,NaN,NaN,NaN,NaN,NaN,NaN,NaN,NaN,46.778,0,3223.8,0.0058767,NaN,NaN,NaN,NaN,NaN,-1,-1,-1.5033,1.3795,-8.877,-4.6687,2.0117,-19.972,NaN,NaN,NaN,NaN,NaN
413.91,-20.97,-7.1337,5.2084,-1.8644,2.165,-8.5748,-4.6117,5.1024,-20.325,0,0,0,NaN,NaN,NaN,NaN,NaN,NaN,NaN,NaN,NaN,46.778,0,3223.8,0.0058767,NaN,NaN,NaN,NaN,NaN,-1,-1,-1.5014,1.401,-8.8834,-5.0085,2.0422,-21.196,NaN,NaN,NaN,NaN,NaN
413.91,-20.975,-7.1462,5.1592,-1.2147,0.96851,-8.2727,-5.1497,2.1762,-20.38,0.5918,0.24237,-0.93277,NaN,NaN,NaN,NaN,NaN,NaN,NaN,NaN,NaN,46.778,0,3223.8,0.0058767,NaN,NaN,NaN,NaN,15.944,96860,11.125,-1.4961,1.3863,-8.8486,-5.0678,1.8047,-21.376,NaN,NaN,NaN,NaN,NaN
413.91,-20.982,-7.1674,5.1117,-1.808,1.7658,-9.5884,-5.5287,-1.2613,-21.097,0,0,0,NaN,NaN,NaN,NaN,NaN,NaN,NaN,NaN,NaN,46.778,0,3223.8,0.0058767,NaN,NaN,NaN,NaN,NaN,-1,-1,-1.4936,1.3749,-8.825,-5.1615,2.0244,-21.565,NaN,NaN,NaN,NaN,NaN
413.92,-20.989,-7.1861,5.0049,-1.1442,0.52593,-7.7337,-4.1281,3.4285,-22.098,0,0,0,NaN,NaN,NaN,NaN,NaN,NaN,NaN,NaN,NaN,46.778,0,3223.8,0.0058767,0.76704,2.5692,25.778,0.082409,NaN,-1,-1,-1.5016,1.3895,-8.8774,-5.2519,2.1187,-21.778,NaN,NaN,NaN,NaN,NaN
413.92,-20.995,-7.208,4.9548,-1.2277,0.32721,-8.4578,-5.1488,-1.234,-22.01,0.59623,0.2327,-0.93237,NaN,NaN,NaN,NaN,NaN,NaN,NaN,NaN,NaN,46.778,0,3223.8,0.0058767,NaN,NaN,NaN,NaN,15.819,96873,11.188,-1.4899,1.3964,-8.8285,-5.3218,1.8864,-22.011,NaN,NaN,NaN,NaN,NaN
413.92,-21,-7.2227,4.9028,-1.7896,1.7339,-11.809,-5.1677,1.7993,-21.898,0,0,0,NaN,NaN,NaN,NaN,NaN,NaN,NaN,NaN,NaN,46.778,0,3223.8,0.0058767,NaN,NaN,NaN,NaN,15.789,96856,11.063,-1.4887,1.3882,-8.7846,-5.5772,2.102,-23.138,NaN,NaN,NaN,NaN,NaN
413.92,-21.007,-7.2282,4.8463,-1.6532,2.3371,-9.2634,-5.8499,5.8716,-22.178,0,0,0,NaN,NaN,NaN,NaN,NaN,NaN,NaN,NaN,NaN,46.778,0,3223.8,0.0058767,NaN,NaN,NaN,NaN,NaN,-1,-1,-1.4911,1.3817,-8.8211,-5.5668,2.0233,-23.164,NaN,NaN,NaN,NaN,NaN
413.93,-21.013,-7.2419,4.7905,-1.7893,1.866,-6.6623,-5.8623,2.7184,-23.138,0,0,0,NaN,NaN,NaN,NaN,NaN,NaN,NaN,NaN,NaN,46.778,0,3223.8,0.0058767,0.7758,2.5745,NaN,NaN,NaN,-1,-1,-1.4876,1.3742,-8.8048,-5.5601,2.0275,-23.202,NaN,NaN,NaN,NaN,NaN
413.93,-21.02,-7.2647,4.736,-0.87511,1.4113,-9.4321,-5.74,-0.91175,-23.752,0.60584,0.22994,-0.93595,NaN,NaN,NaN,NaN,NaN,NaN,NaN,NaN,NaN,46.778,0,3223.8,0.0058767,0.7758,2.5745,NaN,NaN,NaN,-1,-1,-1.4844,1.3654,-8.8071,-5.6034,2.1005,-23.227,NaN,NaN,NaN,NaN,NaN
413.93,-21.024,-7.2788,4.6777,-2.1213,1.6683,-11.261,-5.2298,2.9183,-24.1,0,0,0,NaN,NaN,NaN,NaN,NaN,NaN,NaN,NaN,NaN,46.778,0,3223.8,0.0058767,NaN,NaN,25.811,0.07242,16.046,96894,11.25,-1.4833,1.3787,-8.831,-5.6012,2.2244,-23.289,NaN,NaN,NaN,NaN,NaN
413.93,-21.041,-7.3093,4.5616,-0.90184,1.7895,-8.2108,-7.1529,-0.5336,-24.196,0,0,0,NaN,NaN,NaN,NaN,NaN,NaN,NaN,NaN,NaN,46.778,0,3223.8,0.0058767,NaN,NaN,NaN,NaN,NaN,-1,-1,-1.4755,1.3703,-8.8044,-5.6264,2.2205,-23.36,NaN,NaN,NaN,NaN,NaN
413.94,-21.048,-7.3266,4.5024,-2.079,2.2633,-11.543,-6.5349,1.7832,-24.738,0.60095,0.23756,-0.92972,2.092,18.048,-2.586,18.352,40.059,-88.548,3.6799e+05,4.4354e+06,329.96,46.778,0,3223.8,0.0058767,NaN,NaN,NaN,NaN,NaN,-1,-1,-1.474,1.3515,-8.7735,-5.6922,2.0966,-23.455,18.338,0.53459,0.47299,1.4775,1.6693
413.94,-21.054,-7.3329,4.4363,-1.2866,1.1506,-8.9696,-6.1807,6.977,-25.857,0,0,0,NaN,NaN,NaN,NaN,NaN,NaN,NaN,NaN,NaN,46.778,0,3223.8,0.0058767,NaN,NaN,NaN,NaN,15.842,96904,11.25,-1.4681,1.336,-8.7919,-5.7376,2.3112,-23.576,NaN,NaN,NaN,NaN,NaN
413.94,-21.059,-7.3538,4.3763,-0.89487,0.73222,-6.4345,-5.3404,0.6546,-25.704,0,0,0,NaN,NaN,NaN,NaN,NaN,NaN,NaN,NaN,NaN,46.778,0,3223.8,0.0058767,NaN,NaN,NaN,NaN,NaN,-1,-1,-1.4712,1.3243,-8.8413,-5.774,2.1667,-23.707,NaN,NaN,NaN,NaN,NaN
413.94,-21.065,-7.3769,4.318,-1.7327,1.5402,-10.518,-5.7184,-0.39975,-25.419,0,0,0,NaN,NaN,NaN,NaN,NaN,NaN,NaN,NaN,NaN,46.778,0,3223.8,0.0058767,0.77471,2.568,25.778,0.086571,15.944,96878,11.188,-1.4625,1.3349,-8.7292,-5.8142,2.1764,-23.849,NaN,NaN,NaN,NaN,NaN
413.95,-21.071,-7.3885,4.2541,-1.9532,1.3342,-12.277,-6.1453,4.6254,-25.626,0.61272,0.23248,-0.93089,NaN,NaN,NaN,NaN,NaN,NaN,NaN,NaN,NaN,46.778,0,3223.8,0.0058767,NaN,NaN,NaN,NaN,NaN,-1,-1,-1.4529,1.3341,-8.6863,-5.8848,2.2926,-24.002,NaN,NaN,NaN,NaN,NaN
413.95,-21.079,-7.3954,4.1882,-1.2686,1.9498,-7.1535,-7.0567,6.7041,-25.902,0,0,0,NaN,NaN,NaN,NaN,NaN,NaN,NaN,NaN,NaN,46.778,0,3223.8,0.0058767,NaN,NaN,NaN,NaN,NaN,-1,-1,-1.4431,1.331,-8.6682,-5.9445,2.3252,-24.181,NaN,NaN,NaN,NaN,NaN
413.95,-21.087,-7.4192,4.1259,-1.5271,2.1792,-7.3584,-6.749,-0.060103,-26.945,0,0,0,NaN,NaN,NaN,NaN,NaN,NaN,NaN,NaN,NaN,46.778,0,3223.8,0.0058767,NaN,NaN,NaN,NaN,15.766,96861,11.125,-1.4478,1.3065,-8.694,-5.9733,2.241,-24.387,NaN,NaN,NaN,NaN,NaN
413.95,-21.093,-7.4425,4.0621,-1.3268,0.12731,-10.9,-6.4788,0.28934,-27.457,0,0,0,NaN,NaN,NaN,NaN,NaN,NaN,NaN,NaN,NaN,46.778,0,3223.8,0.0058767,NaN,NaN,NaN,NaN,NaN,-1,-1,-1.4383,1.2879,-8.6944,-5.9887,2.2914,-24.611,NaN,NaN,NaN,NaN,NaN
413.96,-21.099,-7.4534,3.9927,-2.0261,1.0316,-10.176,-6.4451,5.6706,-27.599,0.61978,0.23238,-0.93025,NaN,NaN,NaN,NaN,NaN,NaN,NaN,NaN,NaN,46.778,0,3223.8,0.0058767,0.77252,2.4462,25.862,0.04495,NaN,-1,-1,-1.4235,1.2918,-8.5887,-6.0699,2.4016,-24.834,NaN,NaN,NaN,NaN,NaN
413.96,-21.108,-7.4683,3.9253,-1.4863,0.35517,-7.6276,-7.3637,3.9583,-27.558,0,0,0,NaN,NaN,NaN,NaN,NaN,NaN,NaN,NaN,NaN,46.778,0,3223.8,0.0058767,NaN,NaN,NaN,NaN,15.97,96872,11.188,-1.4241,1.2883,-8.6429,-6.1929,2.4048,-25.068,NaN,NaN,NaN,NaN,NaN
413.96,-21.119,-7.4955,3.8609,-1.3493,1.9223,-9.6284,-8.0595,-1.0598,-28.244,0,0,0,NaN,NaN,NaN,NaN,NaN,NaN,NaN,NaN,NaN,46.778,0,3223.8,0.0058767,NaN,NaN,NaN,NaN,NaN,-1,-1,-1.417,1.2696,-8.6177,-6.31,2.3966,-25.337,NaN,NaN,NaN,NaN,NaN
413.96,0,0,0,0,0,0,0,0,0,0,0,0,NaN,NaN,NaN,NaN,NaN,NaN,NaN,NaN,NaN,46.778,0,3223.8,0.0058767,NaN,NaN,NaN,NaN,15.562,96860,11.125,-1.418,1.2342,-8.6444,-6.4196,2.5566,-25.649,NaN,NaN,NaN,NaN,NaN
413.97,-21.133,-7.5184,3.7155,-1.1173,1.3641,-8.0115,-6.7889,6.8907,-29.34,0.59853,0.23519,-0.92994,NaN,NaN,NaN,NaN,NaN,NaN,NaN,NaN,NaN,46.778,0,3223.8,0.0058767,NaN,NaN,NaN,NaN,NaN,-1,-1,-1.4149,1.2383,-8.6741,-6.5294,2.6872,-25.988,NaN,NaN,NaN,NaN,NaN
413.97,-21.139,-7.5449,3.6483,-1.1999,-0.016385,-7.0655,-6.2879,-0.39104,-29.162,0,0,0,NaN,NaN,NaN,NaN,NaN,NaN,NaN,NaN,NaN,46.778,0,3223.8,0.0058767,0.76814,2.5751,25.791,0.092398,NaN,-1,-1,-1.4064,1.229,-8.6684,-6.6083,2.5695,-26.322,NaN,NaN,NaN,NaN,NaN
413.97,-21.146,-7.5687,3.5798,-1.6774,1.26,-12.704,-6.7164,0.82575,-29.245,0,0,0,NaN,NaN,NaN,NaN,NaN,NaN,NaN,NaN,NaN,46.778,0,3223.8,0.0058767,NaN,NaN,NaN,NaN,15.643,96937,11.438,-1.4009,1.2182,-8.6338,-6.7364,2.6214,-26.668,NaN,NaN,NaN,NaN,NaN
413.97,-21.154,-7.5758,3.5054,-1.7239,1.2818,-10.177,-7.486,7.877,-29.016,0,0,0,NaN,NaN,NaN,NaN,NaN,NaN,NaN,NaN,NaN,46.778,0,3223.8,0.0058767,NaN,NaN,NaN,NaN,NaN,-1,-1,-1.4004,1.1964,-8.6651,-6.842,2.9115,-27.044,NaN,NaN,NaN,NaN,NaN
413.98,0,0,0,0,0,0,0,0,0,0,0,0,NaN,NaN,NaN,NaN,NaN,NaN,NaN,NaN,NaN,46.778,0,3223.8,0.0058767,NaN,NaN,NaN,NaN,NaN,-1,-1,-1.3975,1.1703,-8.6663,-6.9762,2.7829,-27.437,NaN,NaN,NaN,NaN,NaN
413.98,-21.163,-7.59,3.4309,-1.4258,1.7544,-6.781,-8.2246,5.2013,-29.949,0.60053,0.22316,-0.92976,NaN,NaN,NaN,NaN,NaN,NaN,NaN,NaN,NaN,46.778,0,3223.8,0.0058767,NaN,NaN,NaN,NaN,15.742,96876,11.188,-1.4077,1.1631,-8.7736,-7.0881,2.7129,-27.849,NaN,NaN,NaN,NaN,NaN
413.98,-21.173,-7.6179,3.3608,-1.3759,1.7116,-8.0109,-8.0604,-0.46221,-30.448,0,0,0,NaN,NaN,NaN,NaN,NaN,NaN,NaN,NaN,NaN,46.817,0,3222.3,0.0080533,NaN,NaN,NaN,NaN,NaN,-1,-1,-1.4021,1.1454,-8.7878,-7.2295,2.9016,-28.253,NaN,NaN,NaN,NaN,NaN
413.98,-21.181,-7.6381,3.2852,-1.5114,0.42781,-12.176,-7.3688,3.2197,-31.359,0,0,0,NaN,NaN,NaN,NaN,NaN,NaN,NaN,NaN,NaN,46.817,0,3222.3,0.0080533,NaN,NaN,NaN,NaN,15.667,96910,11.313,-1.3923,1.135,-8.775,-7.4071,2.905,-28.669,NaN,NaN,NaN,NaN,NaN
413.99,-21.2,-7.6729,3.1319,-1.1345,0.61285,-8.5583,-9.1258,3.3761,-31.199,0.60032,0.21596,-0.92978,NaN,NaN,NaN,NaN,NaN,NaN,NaN,NaN,NaN,46.817,0,3222.3,0.0080533,NaN,NaN,NaN,NaN,NaN,-1,-1,-1.3848,1.1103,-8.7974,-7.5947,3.0451,-29.134,NaN,NaN,NaN,NaN,NaN
413.99,-21.211,-7.6985,3.0567,-1.7037,1.7228,-10.694,-8.7542,1.1134,-31.969,0,0,0,NaN,NaN,NaN,NaN,NaN,NaN,NaN,NaN,NaN,46.817,0,3222.3,0.0080533,NaN,NaN,NaN,NaN,NaN,-1,-1,-1.3915,1.0903,-8.8983,-7.7251,3.0496,-29.642,NaN,NaN,NaN,NaN,NaN
413.99,-21.227,-7.7264,2.8945,-0.7285,0.68085,-6.9496,-7.4847,5.4484,-32.809,0,0,0,NaN,NaN,NaN,NaN,NaN,NaN,NaN,NaN,NaN,46.817,0,3222.3,0.0080533,NaN,NaN,NaN,NaN,15.814,96877,11.125,-1.4084,1.0821,-9.0458,-7.9143,2.9843,-30.141,NaN,NaN,NaN,NaN,NaN
413.99,-21.243,-7.7596,2.7972,-1.3951,-0.014892,-8.7956,-8.0121,-0.99603,-32.742,0.61459,0.22057,-0.9285,NaN,NaN,NaN,NaN,NaN,NaN,NaN,NaN,NaN,46.817,0,3222.3,0.0080533,0.77854,2.5709,NaN,NaN,NaN,-1,-1,-1.4043,1.0628,-9.0707,-8.1192,3.2684,-30.652,NaN,NaN,NaN,NaN,NaN
414,-21.262,-7.7857,2.6325,-1.449,1.5005,-8.5381,-8.9675,9.1714,-32.942,0,0,0,NaN,NaN,NaN,NaN,NaN,NaN,NaN,NaN,NaN,46.817,0,3222.3,0.0080533,NaN,NaN,25.811,0.063263,NaN,-1,-1,-1.4045,1.0545,-9.0984,-8.3271,3.6087,-31.209,NaN,NaN,NaN,NaN,NaN
414,-21.274,-7.8094,2.5526,-1.472,1.4881,-7.2577,-9.5931,2.5431,-33.465,0,0,0,NaN,NaN,NaN,NaN,NaN,NaN,NaN,NaN,NaN,46.817,0,3222.3,0.0080533,NaN,NaN,NaN,NaN,15.895,96911,11.313,-1.4097,1.038,-9.1329,-8.5171,3.525,-31.777,NaN,NaN,NaN,NaN,NaN
414,-21.285,-7.8393,2.4722,-1.0611,1.1182,-8.8473,-9.3131,0.21005,-34.283,0.60999,0.21068,-0.93559,NaN,NaN,NaN,NaN,NaN,NaN,NaN,NaN,NaN,46.817,0,3222.3,0.0080533,NaN,NaN,NaN,NaN,NaN,-1,-1,-1.406,1.013,-9.2049,-8.6702,3.5786,-32.373,NaN,NaN,NaN,NaN,NaN
414,-21.295,-7.8567,2.3864,-1.8115,0.72976,-12.227,-8.8625,5.7471,-34.694,0,0,0,NaN,NaN,NaN,NaN,NaN,NaN,NaN,NaN,NaN,46.817,0,3222.3,0.0080533,NaN,NaN,NaN,NaN,15.741,96883,11.188,-1.4108,0.9997,-9.2542,-8.8629,3.9675,-32.964,NaN,NaN,NaN,NaN,NaN
414.01,-21.304,-7.8726,2.3001,-1.7933,-0.044432,-7.8334,-9.1179,6.4171,-34.658,0,0,0,NaN,NaN,NaN,NaN,NaN,NaN,NaN,NaN,NaN,46.817,0,3222.3,0.0080533,0.76595,2.5674,25.778,0.094895,NaN,-1,-1,-1.4035,0.98776,-9.2864,-9.0927,4.0457,-33.568,NaN,NaN,NaN,NaN,NaN
414.01,-21.319,-7.9006,2.2181,-1.2669,0.89871,-8.9657,-10.896,1.268,-34.832,0,0,0,NaN,NaN,NaN,NaN,NaN,NaN,NaN,NaN,NaN,46.817,0,3222.3,0.0080533,NaN,NaN,NaN,NaN,NaN,-1,-1,-1.3923,0.96255,-9.2974,-9.3683,4.0145,-34.19,NaN,NaN,NaN,NaN,NaN
414.01,-21.332,-7.9246,2.1333,-1.4132,2.3785,-11.831,-10.224,3.0901,-35.108,0.63114,0.22274,-0.92701,NaN,NaN,NaN,NaN,NaN,NaN,NaN,NaN,NaN,46.817,0,3222.3,0.0080533,NaN,NaN,NaN,NaN,15.486,96892,11.25,-1.3996,0.94914,-9.3771,-9.6175,4.3654,-34.867,NaN,NaN,NaN,NaN,NaN
414.01,-21.342,-7.9354,2.041,-1.2733,1.1347,-9.0209,-9.3453,9.1731,-36.101,0,0,0,NaN,NaN,NaN,NaN,NaN,NaN,NaN,NaN,NaN,46.817,0,3222.3,0.0080533,NaN,NaN,NaN,NaN,NaN,-1,-1,-1.3975,0.92776,-9.413,-9.8432,4.5347,-35.575,NaN,NaN,NaN,NaN,NaN
414.02,-21.351,-7.9598,1.9535,-1.2679,0.008736,-7.3276,-9.136,3.4613,-36.34,0,0,0,NaN,NaN,NaN,NaN,NaN,NaN,NaN,NaN,NaN,46.817,0,3222.3,0.0080533,NaN,NaN,NaN,NaN,NaN,-1,-1,-1.3776,0.89695,-9.3933,-10.07,4.4136,-36.286,NaN,NaN,NaN,NaN,NaN
414.02,-21.363,-7.9922,1.8702,-1.2752,0.78207,-9.6604,-9.6365,-0.16897,-35.932,0,0,0,NaN,NaN,NaN,NaN,NaN,NaN,NaN,NaN,NaN,46.817,0,3222.3,0.0080533,NaN,NaN,NaN,NaN,15.613,96861,11.125,-1.3823,0.88807,-9.4537,-10.335,4.5382,-37.002,NaN,NaN,NaN,NaN,NaN
414.02,-21.374,-8.0127,1.782,-1.7121,0.73491,-14.209,-9.6719,4.9343,-35.819,0.6195,0.22278,-0.93028,NaN,NaN,NaN,NaN,NaN,NaN,NaN,NaN,NaN,46.817,0,3222.3,0.0080533,0.7665,2.568,25.785,0.09656,NaN,-1,-1,-1.3816,0.86671,-9.4985,-10.334,4.7838,-36.655,NaN,NaN,NaN,NaN,NaN
414.02,-21.388,-8.02,1.6877,-1.4698,1.3061,-7.4308,-11.435,10.766,-36.335,0,0,0,NaN,NaN,NaN,NaN,NaN,NaN,NaN,NaN,NaN,46.817,0,3222.3,0.0080533,NaN,NaN,NaN,NaN,15.64,96893,11.25,-1.3721,0.83835,-9.4975,-10.554,4.8794,-37.194,NaN,NaN,NaN,NaN,NaN
414.03,-21.402,-8.0473,1.5992,-1.3255,1.9886,-6.159,-10.822,2.5569,-37.111,0,0,0,NaN,NaN,NaN,NaN,NaN,NaN,NaN,NaN,NaN,46.817,0,3222.3,0.0080533,NaN,NaN,NaN,NaN,NaN,-1,-1,-1.3648,0.81582,-9.5382,-10.712,4.7413,-37.735,NaN,NaN,NaN,NaN,NaN
414.03,-21.414,-8.0828,1.5122,-1.1722,0.044729,-11.745,-10.272,-0.75023,-37.754,0,0,0,NaN,NaN,NaN,NaN,NaN,NaN,NaN,NaN,NaN,46.817,0,3222.3,0.0080533,NaN,NaN,NaN,NaN,NaN,-1,-1,-1.3648,0.79583,-9.6071,-10.835,4.9831,-38.284,NaN,NaN,NaN,NaN,NaN
414.03,-21.426,-8.1009,1.4178,-1.9716,0.83699,-11.959,-10.48,6.7079,-37.782,0.61937,0.2229,-0.92807,NaN,NaN,NaN,NaN,NaN,NaN,NaN,NaN,NaN,46.817,0,3222.3,0.0080533,0.77252,2.5715,25.785,0.079911,15.409,96887,11.25,-1.356,0.77587,-9.6236,-11.027,5.2682,-38.811,NaN,NaN,NaN,NaN,NaN
414.03,-21.44,-8.1151,1.323,-1.5328,-0.56123,-7.599,-11.39,8.3615,-37.504,0,0,0,NaN,NaN,NaN,NaN,NaN,NaN,NaN,NaN,NaN,46.817,0,3222.3,0.0080533,0.77252,2.5715,25.785,0.079911,NaN,-1,-1,-1.3453,0.74732,-9.6137,-10.968,4.9762,-38.226,NaN,NaN,NaN,NaN,NaN
414.04,-21.471,-8.1721,1.1409,-2.0198,1.3164,-13.116,-11.552,5.6916,-38.338,0,0,0,NaN,NaN,NaN,NaN,NaN,NaN,NaN,NaN,NaN,46.817,0,3222.3,0.0080533,NaN,NaN,NaN,NaN,NaN,-1,-1,-1.3418,0.7185,-9.6494,-11.161,5.3037,-38.513,NaN,NaN,NaN,NaN,NaN
414.04,-21.482,-8.186,1.0402,-1.0414,1.51,-8.3207,-10.8,9.2555,-39.453,0.62898,0.22014,-0.93165,NaN,NaN,NaN,NaN,NaN,NaN,NaN,NaN,NaN,46.817,0,3222.3,0.0080533,NaN,NaN,NaN,NaN,15.665,96875,11.188,-1.3347,0.68581,-9.6863,-11.316,5.4002,-38.808,NaN,NaN,NaN,NaN,NaN
414.04,-21.494,-8.2179,0.94774,-0.81085,-0.52922,-6.5953,-10.521,1.438,-39.226,0,0,0,NaN,NaN,NaN,NaN,NaN,NaN,NaN,NaN,NaN,46.817,0,3222.3,0.0080533,NaN,NaN,NaN,NaN,15.742,96916,11.313,-1.3282,0.66369,-9.6939,-11.387,5.2602,-39.123,NaN,NaN,NaN,NaN,NaN
414.04,-21.522,-8.2637,0.75773,-1.5374,0.75717,-12.745,-11.861,9.2096,-38.824,0,0,0,NaN,NaN,NaN,NaN,NaN,NaN,NaN,NaN,NaN,46.817,0,3222.3,0.0080533,NaN,NaN,NaN,NaN,NaN,-1,-1,-1.3288,0.64499,-9.7502,-11.545,5.4606,-39.407,NaN,NaN,NaN,NaN,NaN
414.05,-21.538,-8.2796,0.65722,-1.3551,1.9257,-5.6735,-12.478,8.4909,-39.646,0.6285,0.20826,-0.92947,NaN,NaN,NaN,NaN,NaN,NaN,NaN,NaN,NaN,46.817,0,3222.3,0.0080533,0.76376,2.4445,25.855,0.063263,NaN,-1,-1,-1.3192,0.6144,-9.7792,-11.688,5.4668,-39.688,NaN,NaN,NaN,NaN,NaN
414.05,-21.553,-8.3165,0.5636,-0.84397,0.54713,-7.1283,-11.94,-0.23044,-40.375,0,0,0,NaN,NaN,NaN,NaN,NaN,NaN,NaN,NaN,NaN,46.817,0,3222.3,0.0080533,NaN,NaN,NaN,NaN,NaN,-1,-1,-1.3127,0.58923,-9.7419,-11.793,5.4206,-39.989,NaN,NaN,NaN,NaN,NaN
414.05,-21.568,-8.3466,0.46594,-1.5042,-0.17628,-14.893,-11.816,2.9086,-40.852,0,0,0,NaN,NaN,NaN,NaN,NaN,NaN,NaN,NaN,NaN,46.817,0,3222.3,0.0080533,NaN,NaN,NaN,NaN,15.46,96914,11.313,-1.3078,0.56589,-9.8132,-11.889,5.2255,-40.293,NaN,NaN,NaN,NaN,NaN
414.05,-21.58,-8.3607,0.36115,-2.2009,0.52791,-9.2608,-11.599,9.9063,-41.127,0,0,0,NaN,NaN,NaN,NaN,NaN,NaN,NaN,NaN,NaN,46.817,0,3222.3,0.0080533,NaN,NaN,NaN,NaN,NaN,-1,-1,-1.3027,0.53911,-9.8324,-11.972,5.537,-40.594,NaN,NaN,NaN,NaN,NaN
414.06,-21.598,-8.3864,0.26216,-0.70848,0.18058,-7.2722,-13.211,4.7068,-40.505,0.63126,0.21279,-0.93367,NaN,NaN,NaN,NaN,NaN,NaN,NaN,NaN,NaN,46.817,0,3222.3,0.0080533,NaN,NaN,NaN,NaN,NaN,-1,-1,-1.2901,0.50645,-9.8283,-12.12,5.416,-40.887,NaN,NaN,NaN,NaN,NaN
414.06,-21.615,-8.4264,0.16732,-1.4499,0.70557,-12.216,-12.732,-1.1603,-41.265,0,0,0,NaN,NaN,NaN,NaN,NaN,NaN,NaN,NaN,NaN,46.817,0,3222.3,0.0080533,0.75774,2.4486,NaN,NaN,15.591,96920,11.375,-1.2868,0.48176,-9.8625,-12.292,5.1159,-41.179,NaN,NaN,NaN,NaN,NaN
414.06,-21.63,-8.4388,0.060646,-1.7746,2.1854,-11.841,-12.848,10.835,-41.56,0,0,0,NaN,NaN,NaN,NaN,NaN,NaN,NaN,NaN,NaN,46.817,0,3222.3,0.0080533,NaN,NaN,21.231,0.042453,NaN,-1,-1,-1.2829,0.4616,-9.9199,-12.436,5.3478,-41.475,NaN,NaN,NaN,NaN,NaN
414.06,-21.642,-8.4577,-0.04628,-0.59003,0.041415,-6.2901,-11.35,8.4836,-42.592,0,0,0,NaN,NaN,NaN,NaN,NaN,NaN,NaN,NaN,NaN,46.817,0,3222.3,0.0080533,NaN,NaN,NaN,NaN,15.743,96892,11.25,-1.2831,0.43396,-9.9328,-12.57,5.5137,-41.777,NaN,NaN,NaN,NaN,NaN
414.07,-21.656,-8.5046,-0.1409,-0.89372,-0.4727,-8.6916,-11.818,-3.8444,-42.059,0.64014,0.2033,-0.92843,NaN,NaN,NaN,NaN,NaN,NaN,NaN,NaN,NaN,46.817,0,3222.3,0.0080533,NaN,NaN,NaN,NaN,NaN,-1,-1,-1.2708,0.40454,-9.9374,-12.72,5.1612,-42.088,NaN,NaN,NaN,NaN,NaN
414.07,-21.671,-8.5283,-0.24357,-2.3823,0.29256,-17.31,-12.473,6.0966,-41.727,0,0,0,NaN,NaN,NaN,NaN,NaN,NaN,NaN,NaN,NaN,46.817,0,3222.3,0.0080533,NaN,NaN,NaN,NaN,NaN,-1,-1,-1.2721,0.37329,-9.975,-12.846,5.2891,-42.352,NaN,NaN,NaN,NaN,NaN
414.07,-21.688,-8.5323,-0.35458,-1.1232,1.0892,-7.5227,-13.569,14.641,-41.881,0,0,0,NaN,NaN,NaN,NaN,NaN,NaN,NaN,NaN,NaN,46.817,0,3222.3,0.0080533,0.77088,2.559,21.129,0.10488,15.743,96893,11.25,-1.2675,0.35453,-10.005,-12.962,5.441,-42.626,NaN,NaN,NaN,NaN,NaN
414.07,-21.705,-8.565,-0.45643,-0.82173,0.76924,-5.6274,-13.608,2.6445,-42.757,0,0,0,NaN,NaN,NaN,NaN,NaN,NaN,NaN,NaN,NaN,46.817,0,3222.3,0.0080533,NaN,NaN,NaN,NaN,NaN,-1,-1,-1.2542,0.33766,-10.014,-13.041,5.1584,-42.915,NaN,NaN,NaN,NaN,NaN
414.08,-21.722,-8.6089,-0.55643,-1.2471,0.3852,-11.914,-13.016,-1.8555,-43.596,0.62864,0.21306,-0.92946,NaN,NaN,NaN,NaN,NaN,NaN,NaN,NaN,NaN,46.817,0,3222.3,0.0080533,NaN,NaN,NaN,NaN,NaN,-1,-1,-1.2477,0.31016,-9.9929,-13.084,5.0129,-43.2,NaN,NaN,NaN,NaN,NaN
414.08,-21.735,-8.6272,-0.66636,-1.7675,0.48774,-14.425,-12.328,9.1878,-43.585,0,0,0,NaN,NaN,NaN,NaN,NaN,NaN,NaN,NaN,NaN,46.817,0,3222.3,0.0080533,NaN,NaN,NaN,NaN,15.843,96882,11.188,-1.2352,0.26415,-10.043,-13.152,5.1509,-43.447,NaN,NaN,NaN,NaN,NaN
414.08,-21.751,-8.6442,-0.77679,-1.4128,-1.1027,-5.8868,-13.503,9.7873,-43.56,0,0,0,NaN,NaN,NaN,NaN,NaN,NaN,NaN,NaN,NaN,46.817,0,3222.3,0.0080533,NaN,NaN,NaN,NaN,NaN,-1,-1,-1.2383,0.23956,-10.069,-13.321,5.0536,-43.683,NaN,NaN,NaN,NaN,NaN
414.08,-21.773,-8.687,-0.87649,-0.53661,-0.23857,-9.7767,-15.006,-1.3788,-43.441,0,0,0,NaN,NaN,NaN,NaN,NaN,NaN,NaN,NaN,NaN,46.817,0,3222.3,0.0080533,NaN,NaN,NaN,NaN,15.692,96888,11.25,-1.2241,0.20981,-10.083,-13.462,4.8744,-43.918,NaN,NaN,NaN,NaN,NaN
414.09,-21.79,-8.7185,-0.98203,-2.637,1.9993,-14.637,-13.827,3.5866,-43.775,0.63536,0.20588,-0.92663,NaN,NaN,NaN,NaN,NaN,NaN,NaN,NaN,NaN,46.817,0,3222.3,0.0080533,0.77033,2.4647,17.679,0.053274,NaN,-1,-1,-1.2127,0.1848,-10.098,-13.584,4.9293,-44.174,NaN,NaN,NaN,NaN,NaN
414.09,-21.804,-8.7272,-1.0986,-0.73167,1.0371,-8.5338,-12.916,13.778,-44.564,0,0,0,NaN,NaN,NaN,NaN,NaN,NaN,NaN,NaN,NaN,46.817,0,3222.3,0.0080533,NaN,NaN,NaN,NaN,NaN,-1,-1,-1.2031,0.16082,-10.106,-13.68,4.8467,-44.44,NaN,NaN,NaN,NaN,NaN
414.09,-21.818,-8.767,-1.2036,-0.14367,-1.2936,-6.0232,-12.532,0.55348,-44.96,0,0,0,NaN,NaN,NaN,NaN,NaN,NaN,NaN,NaN,NaN,46.787,0.024486,3213.8,0.0069644,NaN,NaN,NaN,NaN,15.742,96894,11.25,-1.1979,0.11478,-10.108,-13.769,4.6275,-44.678,NaN,NaN,NaN,NaN,NaN
414.09,-21.834,-8.8072,-1.3084,-2.1815,0.058925,-14.092,-13.29,0.3679,-44.904,0,0,0,NaN,NaN,NaN,NaN,NaN,NaN,NaN,NaN,NaN,46.787,0.024486,3213.8,0.0069644,NaN,NaN,NaN,NaN,NaN,-1,-1,-1.1961,0.089058,-10.153,-13.87,4.7018,-44.911,NaN,NaN,NaN,NaN,NaN
414.1,-21.868,-8.8392,-1.5362,-0.68751,1.0695,-5.7733,-14.99,10.57,-44.918,0,0,0,NaN,NaN,NaN,NaN,NaN,NaN,NaN,NaN,NaN,46.787,0.024486,3213.8,0.0069644,0.76212,2.4492,11.519,0.040788,NaN,-1,-1,-1.1906,0.061751,-10.16,-13.973,4.9879,-45.138,NaN,NaN,NaN,NaN,NaN
414.1,-21.886,-8.88,-1.6422,-1.4276,0.63257,-8.5776,-14.232,0.38119,-45.416,0,0,0,NaN,NaN,NaN,NaN,NaN,NaN,NaN,NaN,NaN,46.787,0.024486,3213.8,0.0069644,NaN,NaN,NaN,NaN,15.821,96904,11.313,-1.1797,0.03469,-10.158,-14.068,4.8054,-45.356,NaN,NaN,NaN,NaN,NaN
414.1,-21.904,-8.916,-1.7517,-0.93185,-1.2202,-12.804,-14.408,2.6515,-46.031,0,0,0,NaN,NaN,NaN,NaN,NaN,NaN,NaN,NaN,NaN,46.787,0.024486,3213.8,0.0069644,NaN,NaN,NaN,NaN,NaN,-1,-1,-1.1713,0.0041808,-10.182,-14.148,5.0099,-45.548,NaN,NaN,NaN,NaN,NaN
414.1,-21.92,-8.939,-1.8674,-1.5983,0.10289,-11.617,-14.148,8.3882,-46.174,0.64248,0.19835,-0.93044,NaN,NaN,NaN,NaN,NaN,NaN,NaN,NaN,NaN,46.787,0.024486,3213.8,0.0069644,NaN,NaN,NaN,NaN,15.586,96869,11.125,-1.1609,-0.042061,-10.191,-14.264,5.1467,-45.754,NaN,NaN,NaN,NaN,NaN
414.11,-21.938,-8.9663,-1.98,-1.4117,-1.2923,-8.7949,-14.639,6.371,-45.821,0,0,0,NaN,NaN,NaN,NaN,NaN,NaN,NaN,NaN,NaN,46.787,0.024486,3213.8,0.0069644,NaN,NaN,NaN,NaN,NaN,-1,-1,-1.1541,-0.069494,-10.217,-14.398,4.7773,-45.939,NaN,NaN,NaN,NaN,NaN
414.11,-21.961,-9.0063,-2.0873,-0.97701,0.19054,-10.393,-16.04,0.91782,-45.81,0,0,0,NaN,NaN,NaN,NaN,NaN,NaN,NaN,NaN,NaN,46.787,0.024486,3213.8,0.0069644,NaN,NaN,NaN,NaN,NaN,-1,-1,-1.1492,-0.10665,-10.226,-14.539,4.7508,-46.145,NaN,NaN,NaN,NaN,NaN
414.11,-21.979,-9.032,-2.2016,-1.3072,1.9932,-13.744,-14.883,7.2683,-46.207,0,0,0,NaN,NaN,NaN,NaN,NaN,NaN,NaN,NaN,NaN,46.787,0.024486,3213.8,0.0069644,0.76978,2.5727,8.8235,0.098224,15.638,96887,11.188,-1.1384,-0.13149,-10.249,-14.643,4.8193,-46.376,NaN,NaN,NaN,NaN,NaN
414.11,-21.994,-9.0511,-2.3209,-0.89773,-0.28361,-7.6201,-13.815,10.36,-46.868,0.63523,0.20109,-0.92665,NaN,NaN,NaN,NaN,NaN,NaN,NaN,NaN,NaN,46.787,0.024486,3213.8,0.0069644,NaN,NaN,NaN,NaN,NaN,-1,-1,-1.1387,-0.16161,-10.268,-14.76,4.678,-46.563,NaN,NaN,NaN,NaN,NaN
414.12,-22.01,-9.0957,-2.4299,-0.80442,-1.6756,-8.0212,-13.857,-0.51629,-47.07,0,0,0,NaN,NaN,NaN,NaN,NaN,NaN,NaN,NaN,NaN,46.787,0.024486,3213.8,0.0069644,NaN,NaN,NaN,NaN,NaN,-1,-1,-1.1336,-0.20301,-10.291,-14.901,4.6155,-46.733,NaN,NaN,NaN,NaN,NaN
414.12,-22.027,-9.1356,-2.5396,-1.7009,-0.20552,-15.214,-14.056,1.3472,-46.642,0,0,0,NaN,NaN,NaN,NaN,NaN,NaN,NaN,NaN,NaN,46.787,0.024486,3213.8,0.0069644,NaN,NaN,NaN,NaN,15.636,96876,11.125,-1.135,-0.2296,-10.321,-15.049,4.9342,-46.889,NaN,NaN,NaN,NaN,NaN
414.12,-22.045,-9.1509,-2.6582,-1.2819,-0.08101,-12.681,-15.323,11.813,-46.184,0,0,0,NaN,NaN,NaN,NaN,NaN,NaN,NaN,NaN,NaN,46.787,0.024486,3213.8,0.0069644,0.82125,2.4898,7.6794,NaN,NaN,-1,-1,-1.1288,-0.25701,-10.364,-15.1,5.0502,-47.094,NaN,NaN,NaN,NaN,NaN
414.12,-22.085,-9.2212,-2.8847,-0.49558,0.63687,-7.2534,-15.572,-1.3323,-47.492,0,0,0,NaN,NaN,NaN,NaN,NaN,NaN,NaN,NaN,NaN,46.787,0.024486,3213.8,0.0069644,0.82125,2.4898,7.6794,NaN,15.892,96908,11.25,-1.1189,-0.29342,-10.377,-15.178,4.8906,-47.249,NaN,NaN,NaN,NaN,NaN
414.13,-22.103,-9.2578,-2.9996,-1.6842,-0.86503,-16.759,-14.955,3.3875,-48.042,0,0,0,NaN,NaN,NaN,NaN,NaN,NaN,NaN,NaN,NaN,46.787,0.024486,3213.8,0.0069644,NaN,NaN,NaN,NaN,NaN,-1,-1,-1.1154,-0.33107,-10.4,-15.31,4.828,-47.369,NaN,NaN,NaN,NaN,NaN
414.13,-22.121,-9.2754,-3.1216,-1.8886,-1.2833,-9.4356,-15.606,11.53,-47.757,0,0,0,NaN,NaN,NaN,NaN,NaN,NaN,NaN,NaN,NaN,46.787,0.024486,3213.8,0.0069644,NaN,NaN,NaN,NaN,NaN,-1,-1,-1.1052,-0.38357,-10.423,-15.497,5.0375,-47.454,NaN,NaN,NaN,NaN,NaN
414.13,-22.145,-9.3107,-3.2349,-0.19982,-0.97475,-8.6182,-17.171,3.5926,-47.121,0.62809,0.19878,-0.92729,NaN,NaN,NaN,NaN,NaN,NaN,NaN,NaN,NaN,46.787,0.024486,3213.8,0.0069644,NaN,NaN,NaN,NaN,15.869,96899,11.25,-1.1044,-0.40718,-10.459,-15.708,5.1847,-47.572,NaN,NaN,NaN,NaN,NaN
414.13,-22.167,-9.3579,-3.3445,-1.5537,0.49731,-12.822,-16.565,-1.2675,-47.664,0,0,0,NaN,NaN,NaN,NaN,NaN,NaN,NaN,NaN,NaN,46.787,0.024486,3213.8,0.0069644,NaN,NaN,NaN,NaN,NaN,-1,-1,-1.0973,-0.44587,-10.462,-15.87,5.0894,-47.714,NaN,NaN,NaN,NaN,NaN
414.14,-22.184,-9.374,-3.4679,-1.3399,0.57844,-12.98,-15.321,12.323,-48.016,0,0,0,NaN,NaN,NaN,NaN,NaN,NaN,NaN,NaN,NaN,46.787,0.024486,3213.8,0.0069644,0.7758,2.4528,5.9718,0.049945,NaN,-1,-1,-1.0868,-0.47486,-10.477,-15.987,5.0586,-47.853,NaN,NaN,NaN,NaN,NaN
414.14,-22.202,-9.4005,-3.5882,-0.021734,-1.6529,-5.5749,-15.494,8.05,-48.464,0,0,0,NaN,NaN,NaN,NaN,NaN,NaN,NaN,NaN,NaN,46.787,0.024486,3213.8,0.0069644,NaN,NaN,NaN,NaN,15.793,96894,11.25,-1.0845,-0.50559,-10.494,-16.756,5.4583,-49.351,NaN,NaN,NaN,NaN,NaN
414.14,-22.222,-9.4543,-3.6971,-1.5331,-1.7832,-11.414,-15.351,-3.8789,-48.22,0.63306,0.19848,-0.93129,NaN,NaN,NaN,NaN,NaN,NaN,NaN,NaN,NaN,46.787,0.024486,3213.8,0.0069644,NaN,NaN,NaN,NaN,NaN,-1,-1,-1.0812,-0.54652,-10.506,-16.804,5.1942,-49.073,NaN,NaN,NaN,NaN,NaN
414.14,-22.242,-9.4838,-3.8136,-1.6267,-0.13767,-16.697,-16.11,6.3481,-47.508,0,0,0,NaN,NaN,NaN,NaN,NaN,NaN,NaN,NaN,NaN,46.787,0.024486,3213.8,0.0069644,NaN,NaN,NaN,NaN,15.539,96901,11.313,-1.0769,-0.60082,-10.509,-16.877,5.2554,-48.811,NaN,NaN,NaN,NaN,NaN
414.15,-22.264,-9.4963,-3.937,-0.66656,-0.73001,-8.9485,-17.304,13.71,-47.426,0,0,0,NaN,NaN,NaN,NaN,NaN,NaN,NaN,NaN,NaN,46.787,0.024486,3213.8,0.0069644,NaN,NaN,NaN,NaN,NaN,-1,-1,-1.0749,-0.63459,-10.534,-16.914,5.5243,-48.557,NaN,NaN,NaN,NaN,NaN
414.15,-22.287,-9.533,-4.0512,-1.0147,0.70532,-7.9766,-17.391,3.4182,-47.759,0,0,0,NaN,NaN,NaN,NaN,NaN,NaN,NaN,NaN,NaN,46.787,0.024486,3213.8,0.0069644,0.77252,2.4456,5.5111,0.038291,NaN,-1,-1,-1.0733,-0.65815,-10.557,-16.898,5.4672,-48.335,NaN,NaN,NaN,NaN,NaN
414.15,-22.309,-9.5774,-4.1653,-1.1709,-1.1672,-10.17,-16.651,0.45012,-48.698,0.62545,0.1843,-0.92976,NaN,NaN,NaN,NaN,NaN,NaN,NaN,NaN,NaN,46.787,0.024486,3213.8,0.0069644,NaN,NaN,NaN,NaN,15.845,96929,11.375,-1.0633,-0.69953,-10.548,-17.576,5.4985,-49.486,NaN,NaN,NaN,NaN,NaN
414.15,-22.329,-9.608,-4.2839,-1.3597,-0.90639,-15.309,-16.399,6.3561,-48.394,0,0,0,NaN,NaN,NaN,NaN,NaN,NaN,NaN,NaN,NaN,46.787,0.024486,3213.8,0.0069644,NaN,NaN,NaN,NaN,NaN,-1,-1,-1.056,-0.75323,-10.546,-17.536,5.7032,-48.907,NaN,NaN,NaN,NaN,NaN
414.16,-22.378,-9.6716,-4.5197,-1.1111,-0.89182,-11.941,-18.249,2.4743,-48.292,0,0,0,NaN,NaN,NaN,NaN,NaN,NaN,NaN,NaN,NaN,46.787,0.024486,3213.8,0.0069644,NaN,NaN,NaN,NaN,NaN,-1,-1,-1.0581,-0.78832,-10.591,-17.533,5.5309,-48.342,NaN,NaN,NaN,NaN,NaN
414.16,-22.403,-9.7067,-4.6361,-1.0232,0.67126,-12.629,-18.16,4.3023,-48.129,0.63509,0.19629,-0.92666,NaN,NaN,NaN,NaN,NaN,NaN,NaN,NaN,NaN,46.787,0.024486,3213.8,0.0069644,NaN,NaN,NaN,NaN,15.662,96855,11.063,-1.0484,-0.81814,-10.573,-17.524,5.5627,-47.839,NaN,NaN,NaN,NaN,NaN
414.16,-22.424,-9.7269,-4.7609,-0.99984,-1.3611,-10.175,-17.29,11.175,-49.046,0,0,0,NaN,NaN,NaN,NaN,NaN,NaN,NaN,NaN,NaN,46.787,0.024486,3213.8,0.0069644,0.76759,2.5709,4.7139,0.0899,NaN,-1,-1,-1.0362,-0.8654,-10.569,-17.481,5.4396,-47.391,NaN,NaN,NaN,NaN,NaN
414.16,-22.445,-9.7639,-4.8775,-0.46515,-1.3206,-7.64,-16.969,3.7709,-48.612,0,0,0,NaN,NaN,NaN,NaN,NaN,NaN,NaN,NaN,NaN,46.787,0.024486,3213.8,0.0069644,NaN,NaN,NaN,NaN,15.638,96884,11.188,-1.0355,-0.89625,-10.598,-17.47,5.3097,-46.933,NaN,NaN,NaN,NaN,NaN
414.17,-22.494,-9.834,-5.1091,-1.6639,-0.80481,-15.292,-17.791,8.437,-47.664,0.63692,0.1647,-0.93317,1.4231,18.048,-2.6313,18.294,40.059,-88.548,3.6799e+05,4.4354e+06,329.35,46.787,0.024486,3213.8,0.0069644,NaN,NaN,NaN,NaN,NaN,-1,-1,-1.0335,-0.94136,-10.603,-17.55,5.2361,-46.455,18.037,2.969,0.73587,2.3363,9.3399
414.17,-22.52,-9.8535,-5.2305,-0.29309,-0.10497,-7.415,-19.287,11.021,-47.695,0,0,0,NaN,NaN,NaN,NaN,NaN,NaN,NaN,NaN,NaN,46.787,0.024486,3213.8,0.0069644,NaN,NaN,NaN,NaN,NaN,-1,-1,-1.0299,-0.97638,-10.605,-17.621,5.3816,-45.997,NaN,NaN,NaN,NaN,NaN
414.17,-22.546,-9.8937,-5.345,-1.3628,-1.3211,-9.1801,-18.535,2.3614,-48.314,0,0,0,NaN,NaN,NaN,NaN,NaN,NaN,NaN,NaN,NaN,46.787,0.024486,3213.8,0.0069644,NaN,NaN,NaN,NaN,15.819,96913,11.313,-1.0316,-1.0036,-10.631,-17.633,5.5511,-45.597,NaN,NaN,NaN,NaN,NaN
414.17,-22.572,-9.9344,-5.4599,-0.91404,-1.202,-12.619,-18.736,2.2053,-48.528,0,0,0,NaN,NaN,NaN,NaN,NaN,NaN,NaN,NaN,NaN,46.787,0.024486,3213.8,0.0069644,NaN,NaN,NaN,NaN,NaN,-1,-1,-1.0199,-1.0404,-10.606,-17.634,5.4369,-45.227,NaN,NaN,NaN,NaN,NaN
414.18,-22.626,-9.9894,-5.6993,-0.92249,-1.6781,-8.7292,-20.395,6.7728,-47.619,0,0,0,NaN,NaN,NaN,NaN,NaN,NaN,NaN,NaN,NaN,46.787,0.024486,3213.8,0.0069644,NaN,NaN,NaN,NaN,NaN,-1,-1,-1.0152,-1.0966,-10.589,-17.667,5.2493,-44.858,NaN,NaN,NaN,NaN,NaN
414.18,-22.656,-10.031,-5.8125,-1.1447,-0.81933,-12.792,-20.296,1.9008,-48,0,0,0,NaN,NaN,NaN,NaN,NaN,NaN,NaN,NaN,NaN,46.787,0.024486,3213.8,0.0069644,NaN,NaN,NaN,NaN,15.536,96899,11.25,-0.99972,-1.115,-10.521,-17.761,5.3992,-44.451,NaN,NaN,NaN,NaN,NaN
414.18,-22.683,-10.058,-5.9319,-1.1525,-0.081025,-14.013,-19.55,7.9815,-48.049,0,0,0,NaN,NaN,NaN,NaN,NaN,NaN,NaN,NaN,NaN,46.787,0.024486,3213.8,0.0069644,NaN,NaN,NaN,NaN,15.944,96899,11.25,-1.0046,-1.1544,-10.553,-17.878,5.2222,-44.115,NaN,NaN,NaN,NaN,NaN
414.18,-22.708,-10.08,-6.0553,-0.5466,-2.0468,-7.2177,-19.198,10.419,-48.573,0.64394,0.17204,-0.9281,NaN,NaN,NaN,NaN,NaN,NaN,NaN,NaN,NaN,46.787,0.024486,3213.8,0.0069644,NaN,NaN,NaN,NaN,NaN,-1,-1,-0.99806,-1.1943,-10.56,-17.96,5.2555,-43.837,NaN,NaN,NaN,NaN,NaN
414.19,-22.734,-10.122,-6.1674,-0.7672,-2.5865,-9.3479,-18.681,1.2014,-47.819,0,0,0,NaN,NaN,NaN,NaN,NaN,NaN,NaN,NaN,NaN,46.787,0.024486,3213.8,0.0069644,0.7665,2.4528,2.046,NaN,NaN,-1,-1,-0.99634,-1.2398,-10.581,-18.055,5.4266,-43.586,NaN,NaN,NaN,NaN,NaN
414.19,-22.763,-10.163,-6.2792,-1.3623,-1.6937,-14.601,-19.629,2.1301,-47.264,0,0,0,NaN,NaN,NaN,NaN,NaN,NaN,NaN,NaN,NaN,46.787,0.024486,3213.8,0.0069644,NaN,NaN,NaN,0.033296,NaN,-1,-1,-0.99567,-1.2859,-10.57,-18.183,5.1943,-43.324,NaN,NaN,NaN,NaN,NaN
414.19,-22.792,-10.181,-6.3984,-1.0564,-1.6914,-14.098,-20.402,11.234,-46.616,0,0,0,NaN,NaN,NaN,NaN,NaN,NaN,NaN,NaN,NaN,46.787,0.024486,3213.8,0.0069644,NaN,NaN,NaN,NaN,15.74,96889,11.188,-0.99323,-1.3333,-10.567,-18.301,5.0748,-43.065,NaN,NaN,NaN,NaN,NaN
414.19,0,0,0,0,0,0,0,0,0,0,0,0,NaN,NaN,NaN,NaN,NaN,NaN,NaN,NaN,NaN,46.787,0.024486,3213.8,0.0069644,NaN,NaN,NaN,NaN,NaN,-1,-1,-0.9955,-1.3732,-10.59,-18.397,5.3985,-42.838,NaN,NaN,NaN,NaN,NaN
414.2,-22.823,-10.207,-6.5169,-1.0566,-0.64816,-7.5824,-21.467,8.2684,-47.392,0.62295,0.17953,-0.92998,NaN,NaN,NaN,NaN,NaN,NaN,NaN,NaN,NaN,46.787,0.024486,3213.8,0.0069644,NaN,NaN,NaN,NaN,NaN,-1,-1,-0.99419,-1.4134,-10.598,-18.487,5.4486,-42.65,NaN,NaN,NaN,NaN,NaN
414.2,-22.853,-10.246,-6.6284,-0.15019,-0.9206,-9.084,-20.204,2.6494,-46.92,0,0,0,NaN,NaN,NaN,NaN,NaN,NaN,NaN,NaN,NaN,46.787,0.024486,3213.8,0.0069644,0.77471,2.5865,1.3309,0.0899,15.869,96918,11.313,-0.98649,-1.4473,-10.574,-18.522,5.2661,-42.494,NaN,NaN,NaN,NaN,NaN
414.2,-22.911,-10.307,-6.8617,-1.6206,-2.6433,-9.9106,-20.602,7.3564,-47.208,0,0,0,NaN,NaN,NaN,NaN,NaN,NaN,NaN,NaN,NaN,46.787,0,3210.9,0.0069644,NaN,NaN,NaN,NaN,NaN,-1,-1,-0.98204,-1.4972,-10.575,-18.596,5.1697,-42.331,NaN,NaN,NaN,NaN,NaN
414.2,-22.945,-10.341,-6.9742,-0.16341,-1.7177,-11.119,-22.04,4.5138,-46.433,0.64885,0.17426,-0.92988,NaN,NaN,NaN,NaN,NaN,NaN,NaN,NaN,NaN,46.787,0,3210.9,0.0069644,NaN,NaN,NaN,NaN,15.739,96873,11.125,-0.97713,-1.5572,-10.584,-18.715,5.3688,-42.16,NaN,NaN,NaN,NaN,NaN
414.21,0,0,0,0,0,0,0,0,0,0,0,0,NaN,NaN,NaN,NaN,NaN,NaN,NaN,NaN,NaN,46.787,0,3210.9,0.0069644,NaN,NaN,NaN,NaN,NaN,-1,-1,-0.97794,-1.5836,-10.572,-18.829,5.4248,-42.051,NaN,NaN,NaN,NaN,NaN
414.21,-22.977,-10.376,-7.0869,-1.3953,-1.4788,-12.757,-21.361,4.439,-46.713,0,0,0,NaN,NaN,NaN,NaN,NaN,NaN,NaN,NaN,NaN,46.787,0,3210.9,0.0069644,NaN,NaN,NaN,NaN,NaN,-1,-1,-0.97057,-1.6211,-10.567,-18.907,5.109,-42.012,NaN,NaN,NaN,NaN,NaN
414.21,-23.035,-10.427,-7.3211,-0.46921,-2.2299,-7.6484,-19.983,5.6012,-47.095,0,0,0,NaN,NaN,NaN,NaN,NaN,NaN,NaN,NaN,NaN,46.787,0,3210.9,0.0069644,NaN,NaN,NaN,NaN,15.897,96942,11.438,-0.96263,-1.6532,-10.553,-18.955,5.163,-41.958,NaN,NaN,NaN,NaN,NaN
414.21,-23.066,-10.471,-7.4292,-1.2756,-3.2875,-12.577,-20.602,0.51515,-46.264,0.65572,0.1768,-0.92481,NaN,NaN,NaN,NaN,NaN,NaN,NaN,NaN,NaN,46.787,0,3210.9,0.0069644,0.76869,2.5703,0.68889,0.097392,NaN,-1,-1,-0.95639,-1.6987,-10.545,-19.099,5.2521,-41.911,NaN,NaN,NaN,NaN,NaN
414.22,-23.13,-10.514,-7.6576,-0.61574,-0.97259,-10.097,-21.821,11.13,-44.955,0,0,0,NaN,NaN,NaN,NaN,NaN,NaN,NaN,NaN,NaN,46.787,0,3210.9,0.0069644,NaN,NaN,NaN,NaN,NaN,-1,-1,-0.97556,-1.7236,-10.625,-19.249,5.155,-41.877,NaN,NaN,NaN,NaN,NaN
414.22,-23.13,-10.514,-7.6576,-0.61574,-0.97259,-10.097,-21.821,11.13,-44.955,0,0,0,NaN,NaN,NaN,NaN,NaN,NaN,NaN,NaN,NaN,46.787,0,3210.9,0.0069644,NaN,NaN,NaN,NaN,15.74,96887,11.188,-0.97654,-1.7679,-10.617,-19.347,5.3132,-41.899,NaN,NaN,NaN,NaN,NaN
414.22,-23.162,-10.549,-7.7675,-1.2699,-1.3658,-9.3624,-21.085,4.1644,-45.673,0,0,0,NaN,NaN,NaN,NaN,NaN,NaN,NaN,NaN,NaN,46.787,0,3210.9,0.0069644,NaN,NaN,NaN,NaN,NaN,-1,-1,-0.97512,-1.7934,-10.635,-19.411,5.3993,-41.948,NaN,NaN,NaN,NaN,NaN
414.22,-23.186,-10.581,-7.8967,-1.1183,-2.3008,-10.667,-20.604,3.3492,-45.679,0.65078,0.15983,-0.92971,NaN,NaN,NaN,NaN,NaN,NaN,NaN,NaN,NaN,46.787,0,3210.9,0.0069644,0.77307,2.5668,0.68037,0.09323,15.773,96949,11.5,-0.97485,-1.8257,-10.62,-19.518,5.5204,-41.981,NaN,NaN,NaN,NaN,NaN
414.23,-23.249,-10.637,-8.1198,-1.4199,-2.8603,-9.1569,-21.434,6.4384,-44.889,0,0,0,NaN,NaN,NaN,NaN,NaN,NaN,NaN,NaN,NaN,46.787,0,3210.9,0.0069644,0.77307,2.5668,0.68037,0.09323,NaN,-1,-1,-0.96634,-1.8625,-10.579,-19.692,5.6116,-42.033,NaN,NaN,NaN,NaN,NaN
414.23,-23.283,-10.671,-8.2266,-1.2003,-1.5035,-12.374,-21.877,3.9874,-44.425,0,0,0,NaN,NaN,NaN,NaN,NaN,NaN,NaN,NaN,NaN,46.787,0,3210.9,0.0069644,NaN,NaN,NaN,NaN,NaN,-1,-1,-0.9774,-1.8899,-10.674,-19.864,5.6442,-42.126,NaN,NaN,NaN,NaN,NaN
414.23,-23.315,-10.698,-8.3364,-0.99559,-1.5693,-11.828,-21.136,7.0221,-44.161,0.65302,0.16976,-0.92283,NaN,NaN,NaN,NaN,NaN,NaN,NaN,NaN,NaN,46.787,0,3210.9,0.0069644,NaN,NaN,NaN,NaN,15.717,96917,11.313,-0.98173,-1.9294,-10.706,-20.026,5.7268,-42.27,NaN,NaN,NaN,NaN,NaN
414.23,-23.344,-10.723,-8.4486,-0.76446,-1.4607,-9.2899,-20.547,8.1652,-44.973,0,0,0,NaN,NaN,NaN,NaN,NaN,NaN,NaN,NaN,NaN,46.787,0,3210.9,0.0069644,NaN,NaN,NaN,NaN,NaN,-1,-1,-0.98342,-1.9633,-10.723,-20.258,5.7319,-42.434,NaN,NaN,NaN,NaN,NaN
414.24,-23.373,-10.755,-8.5565,-0.90158,-3.2796,-9.9078,-20.067,5.0521,-44.454,0,0,0,NaN,NaN,NaN,NaN,NaN,NaN,NaN,NaN,NaN,46.787,0,3210.9,0.0069644,NaN,NaN,NaN,NaN,NaN,-1,-1,-0.981,-1.9925,-10.712,-20.483,5.5001,-42.647,NaN,NaN,NaN,NaN,NaN
414.24,-23.403,-10.793,-8.6595,-0.79249,-3.0178,-11.084,-20.282,2.1014,-43.63,0,0,0,NaN,NaN,NaN,NaN,NaN,NaN,NaN,NaN,NaN,46.787,0,3210.9,0.0069644,0.82453,2.4737,0.74853,0.011654,15.84,96898,11.188,-0.99162,-2.0158,-10.714,-20.714,5.6738,-42.86,NaN,NaN,NaN,NaN,NaN
414.24,-23.433,-10.82,-8.7654,-1.7676,-1.8526,-15.305,-20.404,6.312,-42.825,0.65611,0.17644,-0.93144,NaN,NaN,NaN,NaN,NaN,NaN,NaN,NaN,NaN,46.787,0,3210.9,0.0069644,NaN,NaN,NaN,NaN,15.944,96899,11.25,-0.98669,-2.0547,-10.709,-20.94,5.8508,-43.111,NaN,NaN,NaN,NaN,NaN
414.24,-23.464,-10.835,-8.8758,-0.40119,-1.6497,-8.145,-21.112,11.742,-42.626,0,0,0,NaN,NaN,NaN,NaN,NaN,NaN,NaN,NaN,NaN,46.787,0,3210.9,0.0069644,NaN,NaN,NaN,NaN,NaN,-1,-1,-0.99801,-2.0768,-10.743,-21.137,5.8242,-43.385,NaN,NaN,NaN,NaN,NaN
414.25,-23.497,-10.87,-8.9787,-0.84101,-1.965,-8.1119,-21.034,2.975,-43.237,0,0,0,NaN,NaN,NaN,NaN,NaN,NaN,NaN,NaN,NaN,46.787,0,3210.9,0.0069644,NaN,NaN,NaN,NaN,NaN,-1,-1,-0.99741,-2.0885,-10.738,-21.369,5.8125,-43.665,NaN,NaN,NaN,NaN,NaN
414.25,-23.527,-10.906,-9.0809,-1.7903,-1.9422,-13.271,-20.339,2.7118,-43.028,0,0,0,NaN,NaN,NaN,NaN,NaN,NaN,NaN,NaN,NaN,46.787,0,3210.9,0.0069644,NaN,NaN,NaN,NaN,NaN,-1,-1,-0.99839,-2.131,-10.734,-21.666,5.9589,-43.954,NaN,NaN,NaN,NaN,NaN
414.25,-23.557,-10.931,-9.1878,-0.97952,-2.5306,-11.233,-20.396,7.6375,-42.774,0.66258,0.17443,-0.92197,NaN,NaN,NaN,NaN,NaN,NaN,NaN,NaN,NaN,46.787,0,3210.9,0.0069644,0.77142,2.5757,0.69741,NaN,15.765,96872,11.125,-0.99954,-2.164,-10.765,-21.22,5.8652,-42.53,NaN,NaN,NaN,NaN,NaN
414.25,-23.625,-10.995,-9.3902,-1.1166,-1.633,-11.727,-21.692,1.781,-41.985,0,0,0,NaN,NaN,NaN,NaN,NaN,NaN,NaN,NaN,NaN,46.787,0,3210.9,0.0069644,NaN,NaN,NaN,0.074085,NaN,-1,-1,-1.0064,-2.1859,-10.779,-21.419,6.1069,-42.537,NaN,NaN,NaN,NaN,NaN
414.26,-23.657,-11.017,-9.4951,-1.1779,-1.473,-12.689,-21.122,8.4114,-41.728,0,0,0,NaN,NaN,NaN,NaN,NaN,NaN,NaN,NaN,NaN,46.787,0,3210.9,0.0069644,NaN,NaN,NaN,NaN,NaN,-1,-1,-1.0038,-2.2067,-10.744,-21.577,5.9519,-42.567,NaN,NaN,NaN,NaN,NaN
414.26,-23.688,-11.039,-9.6016,-0.73285,-2.7091,-8.1241,-20.955,8.6087,-42.151,0.65295,0.16244,-0.92506,NaN,NaN,NaN,NaN,NaN,NaN,NaN,NaN,NaN,46.787,0,3210.9,0.0069644,NaN,NaN,NaN,NaN,15.971,96912,11.313,-1.0004,-2.2248,-10.765,-21.738,6.1069,-42.617,NaN,NaN,NaN,NaN,NaN
414.26,-23.753,-11.111,-9.7953,-1.543,-2.2769,-14.712,-21.244,3.4199,-40.846,0,0,0,NaN,NaN,NaN,NaN,NaN,NaN,NaN,NaN,NaN,46.787,0,3210.9,0.0069644,NaN,NaN,NaN,NaN,15.918,96924,11.313,-1.0061,-2.2475,-10.771,-21.978,6.0992,-42.65,NaN,NaN,NaN,NaN,NaN
414.26,-23.786,-11.125,-9.8988,-1.5728,-2.8354,-12.099,-21.64,11.201,-39.904,0,0,0,NaN,NaN,NaN,NaN,NaN,NaN,NaN,NaN,NaN,46.787,0,3210.9,0.0069644,0.76431,2.5745,0.67063,0.10322,NaN,-1,-1,-1.0098,-2.2813,-10.747,-21.369,5.9389,-40.977,NaN,NaN,NaN,NaN,NaN
414.27,-23.822,-11.151,-9.9986,0.11708,-1.7403,-7.5296,-22.242,6.2483,-40.313,0.66466,0.1648,-0.92179,NaN,NaN,NaN,NaN,NaN,NaN,NaN,NaN,NaN,46.787,0,3210.9,0.0069644,NaN,NaN,NaN,NaN,NaN,-1,-1,-1.0163,-2.3137,-10.738,-21.418,5.8553,-40.703,NaN,NaN,NaN,NaN,NaN
414.27,-23.856,-11.19,-10.092,-1.3716,-1.8349,-10.342,-21.323,0.54477,-40.401,0,0,0,NaN,NaN,NaN,NaN,NaN,NaN,NaN,NaN,NaN,46.787,0,3210.9,0.0069644,NaN,NaN,NaN,NaN,NaN,-1,-1,-1.0205,-2.3293,-10.77,-21.438,5.7572,-40.431,NaN,NaN,NaN,NaN,NaN
414.27,-23.888,-11.214,-10.192,-1.2883,-2.7615,-12.952,-21.184,7.0364,-40.279,0,0,0,NaN,NaN,NaN,NaN,NaN,NaN,NaN,NaN,NaN,46.787,0,3210.9,0.0069644,NaN,NaN,NaN,NaN,15.893,96884,11.188,-1.023,-2.345,-10.779,-21.493,5.4754,-40.133,NaN,NaN,NaN,NaN,NaN
414.27,-23.923,-11.237,-10.292,-1.129,-3.2505,-9.9803,-21.891,7.054,-40.035,0,0,0,NaN,NaN,NaN,NaN,NaN,NaN,NaN,NaN,NaN,46.787,0,3210.9,0.0069644,NaN,NaN,NaN,NaN,NaN,-1,-1,-1.0225,-2.3622,-10.736,-21.587,5.6843,-39.801,NaN,NaN,NaN,NaN,NaN
414.28,-23.96,-11.272,-10.385,-0.84912,-2.1964,-10.602,-22.648,1.9842,-39.402,0.65543,0.16229,-0.92706,NaN,NaN,NaN,NaN,NaN,NaN,NaN,NaN,NaN,46.787,0,3210.9,0.0069644,0.77197,2.4462,0.76131,0.049945,NaN,-1,-1,-1.0232,-2.3975,-10.733,-21.683,5.8322,-39.488,NaN,NaN,NaN,NaN,NaN
414.28,-23.996,-11.299,-10.481,-1.6805,-1.8119,-13.597,-22.241,5.3125,-39.378,0,0,0,NaN,NaN,NaN,NaN,NaN,NaN,NaN,NaN,NaN,46.787,0,3210.9,0.0069644,NaN,NaN,NaN,NaN,16.02,96916,11.313,-1.0248,-2.4249,-10.777,-21.753,5.667,-39.208,NaN,NaN,NaN,NaN,NaN
414.28,-24.03,-11.315,-10.583,-0.69142,-1.6451,-9.2718,-21.932,10.246,-39.279,0,0,0,NaN,NaN,NaN,NaN,NaN,NaN,NaN,NaN,NaN,46.787,0,3210.9,0.0069644,NaN,NaN,NaN,NaN,15.966,96900,11.188,-1.0349,-2.4343,-10.768,-21.817,5.5324,-38.909,NaN,NaN,NaN,NaN,NaN
414.28,-24.064,-11.345,-10.677,-0.64207,-3.254,-8.6142,-21.422,3.9759,-39.212,0,0,0,NaN,NaN,NaN,NaN,NaN,NaN,NaN,NaN,NaN,46.787,0,3210.9,0.0069644,NaN,NaN,NaN,NaN,NaN,-1,-1,-1.0285,-2.4533,-10.737,-21.896,5.5835,-38.592,NaN,NaN,NaN,NaN,NaN
414.29,-24.1,-11.382,-10.767,-1.124,-3.4068,-12.272,-22.02,0.95077,-38.545,0.66202,0.15523,-0.92202,NaN,NaN,NaN,NaN,NaN,NaN,NaN,NaN,NaN,46.787,0,3210.9,0.0069644,0.77635,2.5799,0.65907,0.070755,NaN,-1,-1,-1.0344,-2.4585,-10.758,-22.002,5.4332,-38.247,NaN,NaN,NaN,NaN,NaN
414.29,-24.135,-11.403,-10.861,-1.3705,-2.5809,-14.104,-21.911,7.3214,-37.54,0,0,0,NaN,NaN,NaN,NaN,NaN,NaN,NaN,NaN,NaN,46.787,0,3210.9,0.0069644,NaN,NaN,NaN,NaN,NaN,-1,-1,-1.0296,-2.4804,-10.718,-22.082,5.4261,-37.921,NaN,NaN,NaN,NaN,NaN
414.29,-24.171,-11.417,-10.956,-0.6804,-2.1525,-9.1521,-22.549,9.9753,-36.801,0,0,0,NaN,NaN,NaN,NaN,NaN,NaN,NaN,NaN,NaN,46.787,0,3210.9,0.0069644,NaN,NaN,NaN,NaN,15.891,96898,11.188,-1.0321,-2.5034,-10.71,-22.143,5.5143,-37.621,NaN,NaN,NaN,NaN,NaN
414.29,-24.245,-11.478,-11.136,-1.2373,-2.3726,-11.709,-22.081,4.0978,-37.335,0.65093,0.16955,-0.92747,NaN,NaN,NaN,NaN,NaN,NaN,NaN,NaN,NaN,46.787,0,3210.9,0.0069644,NaN,NaN,NaN,NaN,NaN,-1,-1,-1.0451,-2.5109,-10.767,-22.185,5.4327,-37.323,NaN,NaN,NaN,NaN,NaN
414.3,-24.28,-11.499,-11.229,-1.0241,-2.8247,-10.971,-22.099,7.2726,-37.408,0,0,0,NaN,NaN,NaN,NaN,NaN,NaN,NaN,NaN,NaN,46.787,0,3210.9,0.0069644,NaN,NaN,NaN,NaN,NaN,-1,-1,-1.0411,-2.5218,-10.723,-22.254,5.1896,-36.996,NaN,NaN,NaN,NaN,NaN
414.3,-24.318,-11.526,-11.318,-1.3852,-2.8603,-9.7075,-22.651,4.2604,-36.718,0,0,0,NaN,NaN,NaN,NaN,NaN,NaN,NaN,NaN,NaN,46.787,0,3210.9,0.0069644,0.7665,2.5835,0.63959,0.097392,16.145,96917,11.313,-1.0415,-2.5575,-10.747,-22.328,5.1293,-36.644,NaN,NaN,NaN,NaN,NaN
414.3,-24.357,-11.555,-11.406,-1.0929,-2.5033,-12.367,-22.804,3.5092,-36.598,0,0,0,NaN,NaN,NaN,NaN,NaN,NaN,NaN,NaN,NaN,46.787,0,3226.6,0.0069644,NaN,NaN,NaN,NaN,NaN,-1,-1,-1.052,-2.5612,-10.786,-22.423,5.4039,-36.3,NaN,NaN,NaN,NaN,NaN
414.3,-24.428,-11.596,-11.588,-0.81134,-2.0069,-9.9263,-22.021,8.1933,-36.16,0,0,0,NaN,NaN,NaN,NaN,NaN,NaN,NaN,NaN,NaN,46.787,0,3226.6,0.0069644,NaN,NaN,NaN,NaN,16.147,96906,11.313,-1.0472,-2.5696,-10.726,-22.494,5.2324,-35.993,NaN,NaN,NaN,NaN,NaN
414.31,-24.464,-11.623,-11.675,-0.62979,-3.6383,-8.4383,-21.846,4.3055,-36.008,0,0,0,NaN,NaN,NaN,NaN,NaN,NaN,NaN,NaN,NaN,46.787,0,3226.6,0.0069644,NaN,NaN,NaN,NaN,NaN,-1,-1,-1.0374,-2.5856,-10.737,-22.543,5.0313,-35.695,NaN,NaN,NaN,NaN,NaN
414.31,-24.501,-11.655,-11.759,-1.3972,-2.8551,-13.289,-22.019,1.6473,-35.673,0,0,0,NaN,NaN,NaN,NaN,NaN,NaN,NaN,NaN,NaN,46.787,0,3226.6,0.0069644,0.82508,2.4862,0.7114,NaN,NaN,-1,-1,-1.0569,-2.5829,-10.782,-22.596,5.1063,-35.388,NaN,NaN,NaN,NaN,NaN
414.31,-24.538,-11.673,-11.847,-1.2646,-2.5967,-12.978,-22.204,7.6889,-34.635,0.67165,0.1623,-0.92116,NaN,NaN,NaN,NaN,NaN,NaN,NaN,NaN,NaN,46.807,0,3206.6,0.0080533,0.82508,2.4862,0.7114,NaN,16.066,96839,11,-1.0555,-2.6018,-10.758,-22.67,4.8569,-35.074,NaN,NaN,NaN,NaN,NaN
414.31,-24.614,-11.719,-12.015,-1.4797,-2.4527,-10.533,-22.724,2.9525,-34.489,0,0,0,NaN,NaN,NaN,NaN,NaN,NaN,NaN,NaN,NaN,46.807,0,3206.6,0.0080533,NaN,NaN,NaN,-0.00083241,NaN,-1,-1,-1.0482,-2.6346,-10.733,-22.705,4.9764,-34.755,NaN,NaN,NaN,NaN,NaN
414.32,-24.652,-11.743,-12.099,-1.321,-2.6953,-11.88,-22.179,4.6983,-34.352,0,0,0,NaN,NaN,NaN,NaN,NaN,NaN,NaN,NaN,NaN,46.807,0,3206.6,0.0080533,NaN,NaN,NaN,NaN,NaN,-1,-1,-1.0637,-2.6314,-10.804,-22.746,5.0814,-34.461,NaN,NaN,NaN,NaN,NaN
414.32,-24.731,-11.79,-12.265,-1.5774,-2.4381,-10.042,-23.691,3.739,-33.848,0,0,0,NaN,NaN,NaN,NaN,NaN,NaN,NaN,NaN,NaN,46.807,0,3206.6,0.0080533,NaN,NaN,NaN,NaN,16.22,96915,11.313,-1.0674,-2.6279,-10.831,-22.808,4.8878,-34.14,NaN,NaN,NaN,NaN,NaN
414.32,-24.772,-11.813,-12.346,-0.96517,-2.5273,-12.563,-23.456,4.8614,-33.364,0,0,0,NaN,NaN,NaN,NaN,NaN,NaN,NaN,NaN,NaN,46.807,0,3206.6,0.0080533,NaN,NaN,NaN,NaN,NaN,-1,-1,-1.0546,-2.647,-10.752,-22.876,5.0348,-33.783,NaN,NaN,NaN,NaN,NaN
414.32,-24.812,-11.833,-12.43,-1.037,-2.108,-11.275,-23.097,6.3389,-33.562,0,0,0,NaN,NaN,NaN,NaN,NaN,NaN,NaN,NaN,NaN,46.807,0,3206.6,0.0080533,NaN,NaN,NaN,NaN,15.994,96922,11.313,-1.0582,-2.6588,-10.778,-22.968,5.1658,-33.453,NaN,NaN,NaN,NaN,NaN
414.33,-24.85,-11.853,-12.514,-0.9641,-2.3745,-9.2764,-22.612,6.3305,-33.483,0.65523,0.16001,-0.92486,NaN,NaN,NaN,NaN,NaN,NaN,NaN,NaN,NaN,46.807,0,3206.6,0.0080533,NaN,NaN,NaN,NaN,NaN,-1,-1,-1.0673,-2.6654,-10.849,-23.022,5.0357,-33.132,NaN,NaN,NaN,NaN,NaN
414.33,-24.89,-11.883,-12.591,-0.65308,-3.6584,-10.405,-22.762,1.97,-33.001,0,0,0,NaN,NaN,NaN,NaN,NaN,NaN,NaN,NaN,NaN,46.807,0,3206.6,0.0080533,NaN,NaN,NaN,NaN,NaN,-1,-1,-1.0698,-2.6768,-10.85,-23.067,4.9482,-32.831,NaN,NaN,NaN,NaN,NaN
414.33,-24.93,-11.905,-12.669,-1.4938,-2.7467,-12.212,-22.982,4.5258,-32.048,0,0,0,NaN,NaN,NaN,NaN,NaN,NaN,NaN,NaN,NaN,46.807,0,3206.6,0.0080533,NaN,NaN,NaN,NaN,16.142,96895,11.188,-1.0611,-2.6861,-10.809,-23.121,5.006,-32.524,NaN,NaN,NaN,NaN,NaN
414.33,-24.971,-11.921,-12.749,-0.81281,-2.1819,-12.579,-23.278,7.5554,-31.468,0,0,0,NaN,NaN,NaN,NaN,NaN,NaN,NaN,NaN,NaN,46.807,0,3206.6,0.0080533,NaN,NaN,NaN,NaN,NaN,-1,-1,-1.0597,-2.6797,-10.859,-23.205,4.9768,-32.211,NaN,NaN,NaN,NaN,NaN
414.34,-25.011,-11.941,-12.829,-0.92014,-2.5056,-9.1533,-23.02,5.7122,-31.873,0.66433,0.16264,-0.91737,NaN,NaN,NaN,NaN,NaN,NaN,NaN,NaN,NaN,46.807,0,3206.6,0.0080533,0.78018,2.4462,0.72418,0.044118,NaN,-1,-1,-1.0747,-2.6757,-10.884,-23.276,4.9145,-31.899,NaN,NaN,NaN,NaN,NaN
414.34,-25.053,-11.967,-12.904,-0.81838,-3.0653,-10.475,-23.559,2.8491,-31.537,0,0,0,NaN,NaN,NaN,NaN,NaN,NaN,NaN,NaN,NaN,46.807,0,3206.6,0.0080533,0.78018,2.4462,0.72418,0.044118,16.191,96896,11.188,-1.0616,-2.7009,-10.843,-23.313,5.0292,-31.596,NaN,NaN,NaN,NaN,NaN
414.34,-25.094,-11.986,-12.983,-1.4682,-2.4789,-11.329,-23.451,6.1594,-31.804,0,0,0,NaN,NaN,NaN,NaN,NaN,NaN,NaN,NaN,NaN,46.807,0,3206.6,0.0080533,NaN,NaN,NaN,NaN,NaN,-1,-1,-1.0628,-2.7116,-10.869,-23.293,5.0689,-31.308,NaN,NaN,NaN,NaN,NaN
414.34,-25.137,-12.007,-13.059,-1.1951,-2.9579,-10.662,-23.786,4.9388,-30.88,0,0,0,NaN,NaN,NaN,NaN,NaN,NaN,NaN,NaN,NaN,46.807,0,3206.6,0.0080533,NaN,NaN,NaN,NaN,16.146,96934,11.375,-1.0785,-2.7047,-10.942,-23.312,4.9407,-31.017,NaN,NaN,NaN,NaN,NaN
414.35,-25.18,-12.031,-13.133,-1.1798,-3.17,-11.35,-23.91,3.4436,-30.822,0.66452,0.16,-0.9218,NaN,NaN,NaN,NaN,NaN,NaN,NaN,NaN,NaN,46.807,0,3206.6,0.0080533,NaN,NaN,NaN,NaN,NaN,-1,-1,-1.0671,-2.7137,-10.904,-23.341,4.8665,-30.705,NaN,NaN,NaN,NaN,NaN
414.35,-25.224,-12.05,-13.209,-1.1157,-1.985,-11.667,-23.998,5.4928,-30.354,0,0,0,NaN,NaN,NaN,NaN,NaN,NaN,NaN,NaN,NaN,46.807,0,3206.6,0.0080533,NaN,NaN,NaN,NaN,NaN,-1,-1,-1.0695,-2.7317,-10.947,-23.374,5.0303,-30.373,NaN,NaN,NaN,NaN,NaN
414.35,-25.265,-12.066,-13.286,-0.69561,-1.807,-11.292,-23.319,7.1976,-30.358,0,0,0,NaN,NaN,NaN,NaN,NaN,NaN,NaN,NaN,NaN,46.807,0,3206.6,0.0080533,0.76267,2.5709,0.64629,0.087403,16.217,96891,11.188,-1.0684,-2.742,-10.991,-23.399,4.9897,-30.077,NaN,NaN,NaN,NaN,NaN
414.35,-25.306,-12.084,-13.361,-0.85405,-3.8965,-8.843,-23.07,5.9229,-30.263,0,0,0,NaN,NaN,NaN,NaN,NaN,NaN,NaN,NaN,NaN,46.807,0,3206.6,0.0080533,NaN,NaN,NaN,NaN,NaN,-1,-1,-1.0748,-2.7264,-11.006,-23.406,5.0112,-29.817,NaN,NaN,NaN,NaN,NaN
414.36,-25.347,-12.111,-13.431,-1.0131,-2.7819,-12.312,-22.954,1.8019,-29.742,0.67125,0.15774,-0.91675,NaN,NaN,NaN,NaN,NaN,NaN,NaN,NaN,NaN,46.807,0,3206.6,0.0080533,NaN,NaN,NaN,NaN,NaN,-1,-1,-1.066,-2.7329,-11.013,-23.414,5.0603,-29.525,NaN,NaN,NaN,NaN,NaN
414.36,-25.39,-12.126,-13.505,-1.2555,-2.6928,-12.284,-23.533,6.5979,-29.143,0,0,0,NaN,NaN,NaN,NaN,NaN,NaN,NaN,NaN,NaN,46.807,0,3206.6,0.0080533,NaN,NaN,NaN,NaN,16.116,96902,11.188,-1.0685,-2.7186,-11.049,-23.429,5.1145,-29.242,NaN,NaN,NaN,NaN,NaN
414.36,-25.432,-12.14,-13.578,-0.6808,-2.5914,-9.9793,-23.345,7.0066,-28.693,0,0,0,NaN,NaN,NaN,NaN,NaN,NaN,NaN,NaN,NaN,46.807,0,3206.6,0.0080533,NaN,NaN,NaN,NaN,16.17,96935,11.375,-1.0715,-2.7155,-11.073,-23.406,5.1324,-28.951,NaN,NaN,NaN,NaN,NaN
414.36,-25.516,-12.182,-13.717,-1.5297,-2.6401,-11.07,-22.966,3.6232,-28.791,0.66634,0.15553,-0.91497,NaN,NaN,NaN,NaN,NaN,NaN,NaN,NaN,NaN,46.807,0,3206.6,0.0080533,NaN,NaN,NaN,NaN,NaN,-1,-1,-1.0667,-2.7416,-11.056,-23.349,5.1629,-28.659,NaN,NaN,NaN,NaN,NaN
414.37,-25.559,-12.195,-13.789,-0.84917,-2.7993,-10.979,-23.452,7.3621,-28.199,0,0,0,NaN,NaN,NaN,NaN,NaN,NaN,NaN,NaN,NaN,46.807,0,3206.6,0.0080533,NaN,NaN,NaN,NaN,NaN,-1,-1,-1.0719,-2.7416,-11.112,-23.279,5.1878,-28.368,NaN,NaN,NaN,NaN,NaN
414.37,-25.604,-12.219,-13.856,-1.1968,-2.9803,-9.6703,-24.058,2.8314,-28.053,0,0,0,NaN,NaN,NaN,NaN,NaN,NaN,NaN,NaN,NaN,46.807,0,3206.6,0.0080533,NaN,NaN,NaN,NaN,NaN,-1,-1,-1.0736,-2.7193,-11.168,-23.241,5.1866,-28.075,NaN,NaN,NaN,NaN,NaN
414.37,-25.647,-12.239,-13.924,-1.312,-2.4036,-13.193,-23.636,3.7207,-27.825,0,0,0,NaN,NaN,NaN,NaN,NaN,NaN,NaN,NaN,NaN,46.807,0,3206.6,0.0080533,NaN,NaN,NaN,NaN,15.843,96919,11.313,-1.0649,-2.7167,-11.141,-23.208,5.1663,-27.774,NaN,NaN,NaN,NaN,NaN
414.37,-25.689,-12.251,-13.995,-1.0288,-2.2732,-12.194,-23.123,7.7493,-27.359,0.65713,0.16286,-0.91579,NaN,NaN,NaN,NaN,NaN,NaN,NaN,NaN,NaN,46.807,0,3206.6,0.0080533,NaN,NaN,NaN,NaN,NaN,-1,-1,-1.0648,-2.7277,-11.137,-23.805,5.2973,-28.109,NaN,NaN,NaN,NaN,NaN
414.38,-25.731,-12.266,-14.064,-0.70918,-2.9364,-8.6671,-23.124,6.1773,-27.359,0,0,0,NaN,NaN,NaN,NaN,NaN,NaN,NaN,NaN,NaN,46.807,0,3206.6,0.0080533,NaN,NaN,NaN,0.032464,NaN,-1,-1,-1.0651,-2.7291,-11.177,-23.613,5.314,-27.66,NaN,NaN,NaN,NaN,NaN
414.38,-25.774,-12.289,-14.127,-0.57451,-3.2069,-10.403,-22.88,2.2733,-26.835,0,0,0,NaN,NaN,NaN,NaN,NaN,NaN,NaN,NaN,NaN,46.807,0,3206.6,0.0080533,NaN,NaN,NaN,NaN,16.193,96907,11.25,-1.0628,-2.7163,-11.155,-23.425,5.174,-27.216,NaN,NaN,NaN,NaN,NaN
414.38,-25.816,-12.31,-14.191,-1.6141,-2.6223,-13.227,-22.869,3.5028,-26.661,0,0,0,NaN,NaN,NaN,NaN,NaN,NaN,NaN,NaN,NaN,46.807,0,3206.6,0.0080533,NaN,NaN,NaN,NaN,16.018,96907,11.25,-1.0581,-2.7074,-11.184,-23.243,5.2187,-26.787,NaN,NaN,NaN,NaN,NaN
414.38,-25.857,-12.318,-14.26,-1.1671,-2.7041,-11.591,-22.692,8.6167,-25.973,0.65484,0.16037,-0.91822,NaN,NaN,NaN,NaN,NaN,NaN,NaN,NaN,NaN,46.807,0,3206.6,0.0080533,NaN,NaN,NaN,NaN,NaN,-1,-1,-1.0692,-2.6938,-11.209,-23.052,5.2249,-26.374,NaN,NaN,NaN,NaN,NaN
414.39,-25.9,-12.334,-14.324,-0.4508,-2.406,-9.3049,-22.804,5.0742,-25.91,0,0,0,NaN,NaN,NaN,NaN,NaN,NaN,NaN,NaN,NaN,46.807,0,3206.6,0.0080533,NaN,NaN,NaN,NaN,NaN,-1,-1,-1.0684,-2.6985,-11.21,-22.856,5.012,-25.967,NaN,NaN,NaN,NaN,NaN
414.39,-25.942,-12.356,-14.384,-1.0807,-2.2769,-11.567,-22.49,2.1171,-25.527,0,0,0,NaN,NaN,NaN,NaN,NaN,NaN,NaN,NaN,NaN,46.807,0,3206.6,0.0080533,0.77526,2.5674,0.63959,0.091565,NaN,-1,-1,-1.0578,-2.7014,-11.19,-22.646,5.0014,-25.542,NaN,NaN,NaN,NaN,NaN
414.39,-25.983,-12.37,-14.449,-1.4716,-2.5745,-11.905,-22.28,5.8371,-25.546,0,0,0,NaN,NaN,NaN,NaN,NaN,NaN,NaN,NaN,NaN,46.807,0,3206.6,0.0080533,NaN,NaN,NaN,NaN,15.994,96905,11.25,-1.0667,-2.6871,-11.262,-22.447,5.0632,-25.111,NaN,NaN,NaN,NaN,NaN
414.39,-26.025,-12.383,-14.513,-1.0661,-3.6004,-9.5746,-22.709,6.2633,-25.295,0.67105,0.15546,-0.91454,0.11805,18.032,-2.6732,18.23,40.059,-88.548,3.6799e+05,4.4354e+06,328.68,46.807,0,3206.6,0.0080533,NaN,NaN,NaN,NaN,NaN,-1,-1,-1.0571,-2.6683,-11.259,-22.297,4.9575,-24.703,17.595,4.6577,1.0208,3.3204,14.803
414.4,-26.07,-12.404,-14.573,-0.88455,-3.1256,-10.773,-23.725,2.5342,-25.021,0,0,0,NaN,NaN,NaN,NaN,NaN,NaN,NaN,NaN,NaN,46.807,0,3206.6,0.0080533,NaN,NaN,NaN,NaN,NaN,-1,-1,-1.0377,-2.6521,-11.122,-22.149,4.8176,-24.304,NaN,NaN,NaN,NaN,NaN
414.4,-26.114,-12.423,-14.632,-1.5675,-1.8681,-13.156,-23.009,3.4989,-24.641,0,0,0,NaN,NaN,NaN,NaN,NaN,NaN,NaN,NaN,NaN,46.807,0,3206.6,0.0080533,NaN,NaN,NaN,NaN,16.39,96927,11.313,-1.0383,-2.6539,-11.155,-22,4.8238,-23.927,NaN,NaN,NaN,NaN,NaN
414.4,-26.155,-12.43,-14.697,-0.87488,-2.3677,-11.583,-22.3,8.211,-24.344,0,0,0,NaN,NaN,NaN,NaN,NaN,NaN,NaN,NaN,NaN,46.807,0,3206.6,0.0080533,0.76814,2.4409,0.71871,0.052442,NaN,-1,-1,-1.0354,-2.6622,-11.2,-21.898,4.8035,-23.545,NaN,NaN,NaN,NaN,NaN
414.4,-26.197,-12.445,-14.757,-0.67946,-3.3147,-8.0716,-22.523,4.8542,-24.145,0.6714,0.16746,-0.91451,NaN,NaN,NaN,NaN,NaN,NaN,NaN,NaN,NaN,46.807,0,3206.6,0.0080533,NaN,NaN,NaN,NaN,16.042,96895,11.188,-1.0382,-2.6498,-11.242,-21.808,4.6586,-23.192,NaN,NaN,NaN,NaN,NaN
414.41,-26.282,-12.48,-14.872,-1.3253,-2.2811,-12.615,-22.033,5.5748,-23.609,0,0,0,NaN,NaN,NaN,NaN,NaN,NaN,NaN,NaN,NaN,46.807,0,3206.6,0.0080533,NaN,NaN,NaN,NaN,NaN,-1,-1,-1.0266,-2.6437,-11.209,-21.737,4.5906,-22.836,NaN,NaN,NaN,NaN,NaN
414.41,-26.324,-12.488,-14.931,-0.92832,-2.5829,-11.265,-22.171,7.3541,-22.619,0,0,0,NaN,NaN,NaN,NaN,NaN,NaN,NaN,NaN,NaN,46.807,0,3206.6,0.0080533,NaN,NaN,NaN,NaN,NaN,-1,-1,-1.0133,-2.6241,-11.115,-21.659,4.671,-22.494,NaN,NaN,NaN,NaN,NaN
414.41,-26.367,-12.504,-14.987,-0.54359,-2.8339,-9.2947,-22.449,3.7986,-22.898,0.67107,0.1653,-0.91009,NaN,NaN,NaN,NaN,NaN,NaN,NaN,NaN,NaN,46.807,0,3199.5,-1.2222,NaN,NaN,NaN,NaN,15.967,96892,11.188,-1.0203,-2.6404,-11.119,-21.587,4.6095,-22.174,NaN,NaN,NaN,NaN,NaN
414.41,-26.409,-12.524,-15.04,-1.101,-2.2159,-12.46,-22.191,2.1853,-22.54,0,0,0,NaN,NaN,NaN,NaN,NaN,NaN,NaN,NaN,NaN,46.807,0,3199.5,-1.2222,0.82508,2.4725,0.71932,0.0083241,NaN,-1,-1,-1.0193,-2.6312,-11.139,-21.513,4.4369,-21.845,NaN,NaN,NaN,NaN,NaN
414.42,-26.451,-12.53,-15.1,-1.5879,-2.9267,-11.517,-22.266,8.1863,-22.439,0,0,0,NaN,NaN,NaN,NaN,NaN,NaN,NaN,NaN,NaN,46.807,0,3199.5,-1.2222,NaN,NaN,NaN,NaN,NaN,-1,-1,-1.0261,-2.6279,-11.191,-21.444,4.5363,-21.516,NaN,NaN,NaN,NaN,NaN
414.42,-26.495,-12.544,-15.156,-0.75393,-3.1638,-9.1085,-22.793,4.493,-22.475,0,0,0,NaN,NaN,NaN,NaN,NaN,NaN,NaN,NaN,NaN,46.807,0,3199.5,-1.2222,NaN,NaN,NaN,NaN,16.041,96899,11.188,-1.0205,-2.6253,-11.167,-21.399,4.5595,-21.189,NaN,NaN,NaN,NaN,NaN
414.42,-26.54,-12.565,-15.208,-1.3662,-2.6958,-12.441,-23.113,1.0581,-22.291,0.67382,0.16491,-0.91651,NaN,NaN,NaN,NaN,NaN,NaN,NaN,NaN,NaN,46.787,0,3199.5,0.0069644,NaN,NaN,NaN,NaN,NaN,-1,-1,-1.0217,-2.638,-11.198,-21.379,4.4752,-20.883,NaN,NaN,NaN,NaN,NaN
414.42,-26.626,-12.583,-15.32,-0.45136,-2.343,-10.488,-22.086,7.6663,-21.372,0,0,0,NaN,NaN,NaN,NaN,NaN,NaN,NaN,NaN,NaN,46.787,0,3199.5,0.0069644,NaN,NaN,NaN,NaN,16.168,96927,11.313,-1.0179,-2.6231,-11.225,-21.385,4.5871,-20.596,NaN,NaN,NaN,NaN,NaN
414.43,-26.669,-12.598,-15.372,-1.0629,-3.7747,-8.9357,-22.125,3.731,-21.426,0,0,0,NaN,NaN,NaN,NaN,NaN,NaN,NaN,NaN,NaN,46.787,0,3199.5,0.0069644,NaN,NaN,NaN,NaN,NaN,-1,-1,-1.0218,-2.6161,-11.229,-21.424,4.3982,-20.318,NaN,NaN,NaN,NaN,NaN
414.43,0,0,0,0,0,0,0,0,0,0,0,0,NaN,NaN,NaN,NaN,NaN,NaN,NaN,NaN,NaN,46.787,0,3199.5,0.0069644,NaN,NaN,NaN,NaN,NaN,-1,-1,-1.0168,-2.6152,-11.223,-21.466,4.2615,-20.05,NaN,NaN,NaN,NaN,NaN
414.43,-26.714,-12.617,-15.421,-1.1827,-2.4632,-12.858,-22.726,1.3643,-20.777,0.66879,0.16773,-0.9103,NaN,NaN,NaN,NaN,NaN,NaN,NaN,NaN,NaN,46.787,0,3199.5,0.0069644,NaN,NaN,NaN,NaN,16.263,96871,11.063,-1.0069,-2.6084,-11.198,-21.524,4.3575,-19.784,NaN,NaN,NaN,NaN,NaN
414.43,-26.758,-12.624,-15.474,-1.2375,-2.2064,-12.529,-22.694,6.8827,-20.308,0,0,0,NaN,NaN,NaN,NaN,NaN,NaN,NaN,NaN,NaN,46.787,0,3199.5,0.0069644,NaN,NaN,NaN,NaN,NaN,-1,-1,-1.013,-2.6089,-11.171,-21.562,4.2686,-19.545,NaN,NaN,NaN,NaN,NaN
414.44,-26.846,-12.649,-15.575,-0.51647,-2.6077,-11.378,-22.318,3.012,-20.251,0,0,0,NaN,NaN,NaN,NaN,NaN,NaN,NaN,NaN,NaN,46.787,0,3199.5,0.0069644,NaN,NaN,NaN,NaN,NaN,-1,-1,-1.0156,-2.6072,-11.182,-21.587,4.2499,-19.291,NaN,NaN,NaN,NaN,NaN
414.44,-26.889,-12.661,-15.625,-1.8307,-2.079,-11.677,-22.184,4.2206,-20.025,0.66878,0.16281,-0.91252,NaN,NaN,NaN,NaN,NaN,NaN,NaN,NaN,NaN,46.787,0,3199.5,0.0069644,0.76759,2.5709,0.64933,NaN,16.294,96917,11.313,-1.0111,-2.587,-11.178,-21.645,4.1134,-19.059,NaN,NaN,NaN,NaN,NaN
414.44,-26.933,-12.668,-15.676,-0.92672,-3.296,-10.189,-22.514,6.3774,-19.666,0,0,0,NaN,NaN,NaN,NaN,NaN,NaN,NaN,NaN,NaN,46.787,0,3199.5,0.0069644,NaN,NaN,NaN,0.054939,NaN,-1,-1,-1.0085,-2.5673,-11.137,-21.716,4.1446,-18.823,NaN,NaN,NaN,NaN,NaN
414.44,-26.98,-12.684,-15.722,-0.97537,-3.0339,-10.403,-23.351,2.4285,-19.462,0,0,0,NaN,NaN,NaN,NaN,NaN,NaN,NaN,NaN,NaN,46.787,0,3199.5,0.0069644,NaN,NaN,NaN,NaN,16.215,96904,11.188,-1.0065,-2.5569,-11.094,-21.806,4.1945,-18.589,NaN,NaN,NaN,NaN,NaN
414.45,-27.028,-12.698,-15.769,-1.4293,-2.3026,-13.017,-23.752,3.1105,-19.197,0,0,0,NaN,NaN,NaN,NaN,NaN,NaN,NaN,NaN,NaN,46.787,0,3199.5,0.0069644,NaN,NaN,NaN,NaN,NaN,-1,-1,-1.0119,-2.5731,-11.142,-21.873,4.1264,-18.356,NaN,NaN,NaN,NaN,NaN
414.45,-27.029,-12.696,-15.811,-1.0442,-1.746,-12.088,-22.32,6.7339,-19.128,0.6762,0.17963,-0.90963,NaN,NaN,NaN,NaN,NaN,NaN,NaN,NaN,NaN,46.787,0,3199.5,0.0069644,NaN,NaN,NaN,NaN,NaN,-1,-1,-1.005,-2.5697,-11.166,-21.936,4.0738,-18.154,NaN,NaN,NaN,NaN,NaN
414.45,-27.075,-12.705,-15.859,-0.70645,-2.7557,-9.8333,-23.039,5.0375,-18.761,0,0,0,NaN,NaN,NaN,NaN,NaN,NaN,NaN,NaN,NaN,46.787,0,3199.5,0.0069644,NaN,NaN,NaN,NaN,16.218,96906,11.25,-1.0177,-2.5652,-11.181,-22.025,4.1095,-17.951,NaN,NaN,NaN,NaN,NaN
414.45,-27.122,-12.717,-15.905,-0.87572,-3.5873,-10.698,-23.413,3.8379,-18.769,0,0,0,NaN,NaN,NaN,NaN,NaN,NaN,NaN,NaN,NaN,46.787,0,3199.5,0.0069644,0.76376,2.5644,0.63229,0.09656,NaN,-1,-1,-1.0129,-2.5474,-11.175,-22.148,4.0734,-17.743,NaN,NaN,NaN,NaN,NaN
414.46,-27.168,-12.73,-15.95,-1.2947,-2.0938,-12.313,-22.751,3.3291,-18.311,0,0,0,NaN,NaN,NaN,NaN,NaN,NaN,NaN,NaN,NaN,46.787,0,3199.5,0.0069644,NaN,NaN,NaN,NaN,NaN,-1,-1,-1.024,-2.5328,-11.155,-22.271,3.999,-17.547,NaN,NaN,NaN,NaN,NaN
414.46,-27.214,-12.738,-15.996,-1.1807,-2.4354,-12.812,-22.937,5.3568,-17.67,0.66891,0.16269,-0.91473,NaN,NaN,NaN,NaN,NaN,NaN,NaN,NaN,NaN,46.787,0,3199.5,0.0069644,NaN,NaN,NaN,NaN,16.366,96923,11.313,-1.0399,-2.5402,-11.255,-22.354,4.0483,-17.357,NaN,NaN,NaN,NaN,NaN
414.46,-27.261,-12.745,-16.041,-0.60927,-2.6228,-9.5142,-22.967,5.1552,-17.521,0,0,0,NaN,NaN,NaN,NaN,NaN,NaN,NaN,NaN,NaN,46.787,0,3199.5,0.0069644,NaN,NaN,NaN,NaN,16.09,96888,11.125,-1.0321,-2.5391,-11.203,-22.444,4.1038,-17.17,NaN,NaN,NaN,NaN,NaN
414.46,-27.308,-12.759,-16.082,-0.59865,-2.5097,-12.262,-22.913,2.5934,-17.376,0,0,0,NaN,NaN,NaN,NaN,NaN,NaN,NaN,NaN,NaN,46.787,0,3199.5,0.0069644,NaN,NaN,NaN,NaN,NaN,-1,-1,-1.0421,-2.5269,-11.241,-22.519,4.2001,-16.987,NaN,NaN,NaN,NaN,NaN
414.47,-27.354,-12.764,-16.127,-1.9048,-2.2662,-11.68,-22.79,5.8861,-17.002,0,0,0,NaN,NaN,NaN,NaN,NaN,NaN,NaN,NaN,NaN,46.787,0,3199.5,0.0069644,0.75007,2.5542,0.62681,0.1182,NaN,-1,-1,-1.0363,-2.5018,-11.206,-22.634,4.289,-16.789,NaN,NaN,NaN,NaN,NaN
414.47,-27.401,-12.772,-16.171,-1.0077,-3.0925,-9.6078,-23.004,5.0967,-17.071,0.67096,0.17526,-0.90343,NaN,NaN,NaN,NaN,NaN,NaN,NaN,NaN,NaN,46.787,0,3199.5,0.0069644,NaN,NaN,NaN,NaN,NaN,-1,-1,-1.0388,-2.5072,-11.183,-22.772,4.2095,-16.606,NaN,NaN,NaN,NaN,NaN
414.47,-27.451,-12.788,-16.21,-0.76872,-2.5895,-11.241,-23.905,1.3246,-16.843,0,0,0,NaN,NaN,NaN,NaN,NaN,NaN,NaN,NaN,NaN,46.787,0,3199.5,0.0069644,NaN,NaN,NaN,NaN,16.603,96884,11.063,-1.0453,-2.5054,-11.197,-22.908,4.1516,-16.437,NaN,NaN,NaN,NaN,NaN
414.47,-27.499,-12.797,-16.252,-1.3681,-2.1407,-13.637,-23.559,4.0729,-16.653,0,0,0,NaN,NaN,NaN,NaN,NaN,NaN,NaN,NaN,NaN,46.787,0,3199.5,0.0069644,NaN,NaN,NaN,NaN,NaN,-1,-1,-1.0492,-2.499,-11.218,-23.039,4.405,-16.286,NaN,NaN,NaN,NaN,NaN
414.48,-27.592,-12.808,-16.339,-0.5555,-2.5889,-8.8292,-22.77,3.9571,-16.455,0.66901,0.17985,-0.90805,NaN,NaN,NaN,NaN,NaN,NaN,NaN,NaN,NaN,46.787,0,3199.5,0.0069644,0.76267,2.568,0.64264,0.081576,NaN,-1,-1,-1.0526,-2.4835,-11.19,-23.198,4.3787,-16.156,NaN,NaN,NaN,NaN,NaN
414.48,-27.64,-12.822,-16.375,-0.7964,-3.0078,-12.647,-22.832,1.6651,-15.598,0,0,0,NaN,NaN,NaN,NaN,NaN,NaN,NaN,NaN,NaN,46.787,0,3199.5,0.0069644,NaN,NaN,NaN,NaN,16.558,96883,11.125,-1.0407,-2.4708,-11.188,-23.377,4.2077,-16.038,NaN,NaN,NaN,NaN,NaN
414.48,-27.687,-12.825,-16.417,-1.4042,-2.6723,-12.031,-22.848,6.1532,-15.42,0,0,0,NaN,NaN,NaN,NaN,NaN,NaN,NaN,NaN,NaN,46.787,0,3199.5,0.0069644,NaN,NaN,NaN,NaN,16.654,96886,11.125,-1.051,-2.4649,-11.177,-23.507,4.3743,-15.909,NaN,NaN,NaN,NaN,NaN
414.48,-27.734,-12.83,-16.457,-1.0877,-2.0485,-11.625,-22.799,5.5111,-15.145,0,0,0,NaN,NaN,NaN,NaN,NaN,NaN,NaN,NaN,NaN,46.787,0,3199.5,0.0069644,NaN,NaN,NaN,NaN,NaN,-1,-1,-1.0565,-2.4587,-11.156,-23.632,4.2921,-15.794,NaN,NaN,NaN,NaN,NaN
414.49,-27.827,-12.85,-16.529,-0.76062,-2.8578,-12.927,-22.131,2.7727,-14.852,0,0,0,NaN,NaN,NaN,NaN,NaN,NaN,NaN,NaN,NaN,46.787,0,3199.5,0.0069644,NaN,NaN,NaN,NaN,NaN,-1,-1,-1.0536,-2.4575,-11.142,-22.927,4.2689,-14.904,NaN,NaN,NaN,NaN,NaN
414.49,-27.874,-12.849,-16.57,-1.7896,-2.1713,-11.129,-22.943,7.4395,-14.261,0,0,0,NaN,NaN,NaN,NaN,NaN,NaN,NaN,NaN,NaN,46.787,0,3199.5,0.0069644,NaN,NaN,NaN,NaN,NaN,-1,-1,-1.0644,-2.4347,-11.154,-22.905,4.2273,-14.631,NaN,NaN,NaN,NaN,NaN
414.49,-27.973,-12.871,-16.639,-0.71074,-2.7584,-12.541,-23.522,1.3779,-14.44,0.67829,0.17492,-0.90722,NaN,NaN,NaN,NaN,NaN,NaN,NaN,NaN,NaN,46.787,0,3199.5,0.0069644,0.76376,2.5709,0.63473,0.097392,16.41,96871,11.063,-1.0689,-2.4136,-11.154,-22.901,4.2306,-14.369,NaN,NaN,NaN,NaN,NaN
414.49,-28.021,-12.874,-16.676,-1.4418,-2.0122,-13.082,-22.828,5.5767,-13.813,0,0,0,NaN,NaN,NaN,NaN,NaN,NaN,NaN,NaN,NaN,46.787,0,3199.5,0.0069644,NaN,NaN,NaN,NaN,NaN,-1,-1,-1.0632,-2.4096,-11.092,-22.89,4.2397,-14.11,NaN,NaN,NaN,NaN,NaN
414.5,-28.068,-12.875,-16.713,-0.7766,-1.652,-10.722,-22.5,6.364,-13.434,0,0,0,NaN,NaN,NaN,NaN,NaN,NaN,NaN,NaN,NaN,46.787,0,3199.5,0.0069644,NaN,NaN,NaN,NaN,NaN,-1,-1,-1.0742,-2.3992,-11.113,-22.854,4.1554,-13.864,NaN,NaN,NaN,NaN,NaN
414.5,-28.115,-12.884,-16.746,-0.96166,-3.5481,-10.302,-22.142,2.8387,-13.456,0,0,0,NaN,NaN,NaN,NaN,NaN,NaN,NaN,NaN,NaN,46.787,0,3199.5,0.0069644,NaN,NaN,NaN,NaN,16.164,96910,11.188,-1.0839,-2.3934,-11.13,-22.831,4.1805,-13.611,NaN,NaN,NaN,NaN,NaN
414.5,-28.163,-12.892,-16.779,-0.9879,-2.6137,-12.607,-22.657,2.9014,-13.242,0.66652,0.18,-0.90605,NaN,NaN,NaN,NaN,NaN,NaN,NaN,NaN,NaN,46.787,0,3199.5,0.0069644,NaN,NaN,NaN,NaN,NaN,-1,-1,-1.0758,-2.3859,-11.09,-22.814,4.2244,-13.357,NaN,NaN,NaN,NaN,NaN
414.5,-28.211,-12.893,-16.813,-1.1562,-1.7749,-12.213,-22.684,6.0864,-12.541,0,0,0,NaN,NaN,NaN,NaN,NaN,NaN,NaN,NaN,NaN,46.787,0,3199.5,0.0069644,0.77252,2.5686,0.65359,NaN,16.34,96910,11.25,-1.0884,-2.3775,-11.07,-22.801,4.1655,-13.102,NaN,NaN,NaN,NaN,NaN
414.51,-28.259,-12.897,-16.846,-0.88885,-2.0246,-10.457,-22.469,4.4368,-12.513,0,0,0,NaN,NaN,NaN,NaN,NaN,NaN,NaN,NaN,NaN,46.787,0,3199.5,0.0069644,NaN,NaN,NaN,NaN,NaN,-1,-1,-1.0888,-2.3689,-11.039,-22.728,4.1448,-12.861,NaN,NaN,NaN,NaN,NaN
414.51,-28.308,-12.905,-16.877,-0.80287,-2.6303,-12.231,-22.749,2.6811,-12.694,0,0,0,NaN,NaN,NaN,NaN,NaN,NaN,NaN,NaN,NaN,46.787,0,3199.5,0.0069644,NaN,NaN,NaN,NaN,NaN,-1,-1,-1.087,-2.3636,-10.987,-22.639,4.2609,-12.614,NaN,NaN,NaN,NaN,NaN
414.51,-28.355,-12.91,-16.909,-1.2501,-2.3264,-11.479,-22.386,4.3016,-12.299,0.67365,0.17739,-0.90763,NaN,NaN,NaN,NaN,NaN,NaN,NaN,NaN,NaN,46.787,0,3199.5,0.0069644,NaN,NaN,NaN,NaN,16.069,96924,11.313,-1.0975,-2.3572,-11.009,-22.611,4.2672,-12.374,NaN,NaN,NaN,NaN,NaN
414.51,-28.404,-12.91,-16.943,-1.2052,-1.9654,-11.347,-23.061,5.7972,-12.087,0,0,0,NaN,NaN,NaN,NaN,NaN,NaN,NaN,NaN,NaN,46.787,0,3199.5,0.0069644,NaN,NaN,NaN,NaN,NaN,-1,-1,-1.0985,-2.345,-10.942,-22.605,4.1426,-12.129,NaN,NaN,NaN,NaN,NaN
414.52,-28.455,-12.918,-16.973,-1.3815,-3.0003,-9.9674,-23.368,2.7287,-12.16,0,0,0,NaN,NaN,NaN,NaN,NaN,NaN,NaN,NaN,NaN,46.787,0,3199.5,0.0069644,0.75281,2.568,0.63959,0.097392,NaN,-1,-1,-1.0938,-2.3249,-10.894,-22.562,4.1393,-11.873,NaN,NaN,NaN,NaN,NaN
414.52,-28.507,-12.927,-17.001,-1.1256,-2.4778,-12.622,-23.583,2.0185,-11.848,0,0,0,NaN,NaN,NaN,NaN,NaN,NaN,NaN,NaN,NaN,46.787,0,3199.5,0.0069644,NaN,NaN,NaN,NaN,16.318,96940,11.375,-1.1035,-2.3338,-10.909,-22.531,4.2159,-11.638,NaN,NaN,NaN,NaN,NaN
414.52,-28.555,-12.93,-17.032,-0.93171,-1.7998,-12.352,-22.661,4.2924,-11.546,0.67621,0.18455,-0.9074,NaN,NaN,NaN,NaN,NaN,NaN,NaN,NaN,NaN,46.768,0,3188,0.0064211,NaN,NaN,NaN,NaN,NaN,-1,-1,-1.1073,-2.3238,-10.902,-22.501,4.1919,-11.395,NaN,NaN,NaN,NaN,NaN
414.52,-28.603,-12.93,-17.065,-1.0384,-2.0071,-11.68,-22.333,6.3448,-11.639,0,0,0,NaN,NaN,NaN,NaN,NaN,NaN,NaN,NaN,NaN,46.768,0,3188,0.0064211,NaN,NaN,NaN,NaN,16.389,96933,11.313,-1.1139,-2.3025,-10.868,-22.465,4.1594,-11.151,NaN,NaN,NaN,NaN,NaN
414.53,-28.651,-12.933,-17.094,-0.9349,-3.4685,-9.1723,-22.099,4.0477,-11.158,0,0,0,NaN,NaN,NaN,NaN,NaN,NaN,NaN,NaN,NaN,46.768,0,3188,0.0064211,0.76212,2.5674,0.63594,0.09656,NaN,-1,-1,-1.1142,-2.2892,-10.826,-22.417,4.134,-10.915,NaN,NaN,NaN,NaN,NaN
414.53,-28.7,-12.944,-17.118,-0.86474,-1.9167,-12.474,-22.316,0.53652,-10.79,0,0,0,NaN,NaN,NaN,NaN,NaN,NaN,NaN,NaN,NaN,46.768,0,3188,0.0064211,0.76212,2.5674,0.63594,0.09656,NaN,-1,-1,-1.1174,-2.2806,-10.82,-22.409,4.1299,-10.686,NaN,NaN,NaN,NaN,NaN
414.53,-28.747,-12.944,-17.148,-1.6337,-1.8976,-12.355,-22.023,5.4677,-10.521,0.67601,0.18227,-0.9052,NaN,NaN,NaN,NaN,NaN,NaN,NaN,NaN,NaN,46.768,0,3188,0.0064211,NaN,NaN,NaN,NaN,16.164,96866,11.063,-1.1216,-2.2709,-10.773,-22.384,4.0279,-10.465,NaN,NaN,NaN,NaN,NaN
414.53,-28.794,-12.942,-17.178,-0.70519,-2.1722,-10.369,-21.815,6.4832,-10.309,0,0,0,NaN,NaN,NaN,NaN,NaN,NaN,NaN,NaN,NaN,46.768,0,3188,0.0064211,NaN,NaN,NaN,NaN,NaN,-1,-1,-1.1292,-2.271,-10.765,-22.324,3.9734,-10.244,NaN,NaN,NaN,NaN,NaN
414.54,-28.892,-12.955,-17.227,-1.6451,-2.2312,-11.625,-22.3,3.1864,-10.021,0,0,0,NaN,NaN,NaN,NaN,NaN,NaN,NaN,NaN,NaN,46.768,0,3188,0.0064211,NaN,NaN,NaN,NaN,NaN,-1,-1,-1.1384,-2.2556,-10.777,-22.267,3.937,-10.01,NaN,NaN,NaN,NaN,NaN
414.54,-28.94,-12.95,-17.258,-1.087,-2.2333,-10.498,-22.472,7.2888,-9.9549,0.68032,0.17765,-0.90036,NaN,NaN,NaN,NaN,NaN,NaN,NaN,NaN,NaN,46.768,0,3188,0.0064211,NaN,NaN,NaN,NaN,16.366,96907,11.25,-1.1429,-2.2327,-10.747,-22.226,3.9177,-9.7857,NaN,NaN,NaN,NaN,NaN
414.54,-28.991,-12.958,-17.28,-0.91678,-2.0954,-9.078,-22.736,1.3066,-9.6202,0,0,0,NaN,NaN,NaN,NaN,NaN,NaN,NaN,NaN,NaN,46.768,0,3188,0.0064211,0.76321,2.5715,0.64507,0.094895,NaN,-1,-1,-1.1446,-2.227,-10.682,-22.194,3.9003,-9.5658,NaN,NaN,NaN,NaN,NaN
414.54,-29.041,-12.965,-17.303,-1.7921,-2.5599,-13.987,-22.51,1.8586,-9.7579,0,0,0,NaN,NaN,NaN,NaN,NaN,NaN,NaN,NaN,NaN,46.768,0,3188,0.0064211,NaN,NaN,NaN,NaN,16.341,96908,11.25,-1.1463,-2.2207,-10.679,-22.13,3.7914,-9.3432,NaN,NaN,NaN,NaN,NaN
414.55,-29.136,-12.959,-17.358,-0.68862,-1.7508,-9.3101,-21.806,5.9458,-9.0479,0.67137,0.18474,-0.90561,NaN,NaN,NaN,NaN,NaN,NaN,NaN,NaN,NaN,46.768,0,3188,0.0064211,NaN,NaN,NaN,NaN,NaN,-1,-1,-1.1517,-2.2051,-10.664,-22.086,3.9054,-9.1253,NaN,NaN,NaN,NaN,NaN
414.55,-29.183,-12.965,-17.379,-0.96647,-3.2325,-9.0775,-21.312,2.0181,-8.9434,0,0,0,NaN,NaN,NaN,NaN,NaN,NaN,NaN,NaN,NaN,46.768,0,3188,0.0064211,NaN,NaN,NaN,NaN,NaN,-1,-1,-1.1634,-2.1906,-10.645,-22.072,3.7528,-8.9248,NaN,NaN,NaN,NaN,NaN
414.55,-29.279,-12.968,-17.425,-1.5217,-1.1319,-11.407,-21.553,5.8391,-8.3672,0,0,0,NaN,NaN,NaN,NaN,NaN,NaN,NaN,NaN,NaN,46.768,0,3188,0.0064211,NaN,NaN,NaN,NaN,16.416,96920,11.313,-1.159,-2.1796,-10.616,-22.038,3.7543,-8.7062,NaN,NaN,NaN,NaN,NaN
414.55,-29.325,-12.965,-17.45,-0.51008,-2.3986,-8.5923,-21.113,5.265,-8.2586,0.65962,0.19474,-0.90222,NaN,NaN,NaN,NaN,NaN,NaN,NaN,NaN,NaN,46.768,0,3188,0.0064211,NaN,NaN,NaN,NaN,NaN,-1,-1,-1.1699,-2.1655,-10.597,-21.986,3.831,-8.4861,NaN,NaN,NaN,NaN,NaN
414.56,-29.374,-12.973,-17.467,-0.68358,-2.6573,-10.521,-21.527,0.51509,-8.1094,0,0,0,NaN,NaN,NaN,NaN,NaN,NaN,NaN,NaN,NaN,46.768,0,3188,0.0064211,NaN,NaN,NaN,NaN,NaN,-1,-1,-1.1783,-2.1595,-10.589,-21.903,3.6543,-8.2787,NaN,NaN,NaN,NaN,NaN
414.56,-29.422,-12.975,-17.489,-2.4341,-1.0148,-11.921,-21.825,3.4848,-7.9425,0,0,0,NaN,NaN,NaN,NaN,NaN,NaN,NaN,NaN,NaN,46.768,0,3188,0.0064211,NaN,NaN,NaN,NaN,16.73,96882,11.188,-1.1814,-2.1408,-10.583,-21.815,3.573,-8.0697,NaN,NaN,NaN,NaN,NaN
414.56,-29.471,-12.97,-17.512,-0.98292,-2.8401,-9.3592,-22.136,6.303,-7.5656,0,0,0,NaN,NaN,NaN,NaN,NaN,NaN,NaN,NaN,NaN,46.768,0,3188,0.0064211,NaN,NaN,NaN,NaN,NaN,-1,-1,-1.1849,-2.1243,-10.555,-21.722,3.6501,-7.8341,NaN,NaN,NaN,NaN,NaN
414.56,-29.525,-12.976,-17.529,-0.67855,-2.8471,-8.8925,-23.366,0.77619,-7.4271,0.65726,0.19477,-0.90243,NaN,NaN,NaN,NaN,NaN,NaN,NaN,NaN,NaN,46.768,0,3188,0.0064211,NaN,NaN,NaN,NaN,16.439,96930,11.313,-1.1906,-2.1097,-10.518,-21.633,3.5488,-7.6239,NaN,NaN,NaN,NaN,NaN
414.57,-29.575,-12.979,-17.548,-1.9748,-1.0507,-13.396,-22.122,2.3947,-7.3904,0,0,0,NaN,NaN,NaN,NaN,NaN,NaN,NaN,NaN,NaN,46.768,0,3188,0.0064211,0.76595,2.5709,0.65298,NaN,NaN,-1,-1,-1.1868,-2.1024,-10.493,-21.569,3.444,-7.4155,NaN,NaN,NaN,NaN,NaN
414.57,-29.621,-12.975,-17.571,-0.97475,-1.54,-10.932,-20.676,5.7019,-7.2779,0,0,0,NaN,NaN,NaN,NaN,NaN,NaN,NaN,NaN,NaN,46.768,0,3188,0.0064211,NaN,NaN,NaN,0.06576,NaN,-1,-1,-1.1861,-2.0898,-10.475,-21.484,3.3727,-7.2127,NaN,NaN,NaN,NaN,NaN
414.57,-29.669,-12.974,-17.591,-0.71806,-3.3492,-8.2941,-21.721,4.3851,-7.1165,0,0,0,NaN,NaN,NaN,NaN,NaN,NaN,NaN,NaN,NaN,46.768,0,3188,0.0064211,NaN,NaN,NaN,NaN,16.216,96918,11.25,-1.1877,-2.0781,-10.48,-21.404,3.402,-7.0149,NaN,NaN,NaN,NaN,NaN
414.57,-29.718,-12.977,-17.607,-1.268,-1.8393,-9.7496,-21.29,1.8629,-6.3866,0.66675,0.19704,-0.90158,NaN,NaN,NaN,NaN,NaN,NaN,NaN,NaN,NaN,46.768,0,3188,0.0064211,NaN,NaN,NaN,NaN,NaN,-1,-1,-1.1905,-2.0602,-10.437,-21.363,3.3948,-6.8259,NaN,NaN,NaN,NaN,NaN
414.58,-29.766,-12.98,-17.623,-1.5754,-1.4921,-12.286,-21.044,1.8085,-6.5587,0,0,0,NaN,NaN,NaN,NaN,NaN,NaN,NaN,NaN,NaN,46.768,0,3188,0.0064211,NaN,NaN,NaN,NaN,NaN,-1,-1,-1.1888,-2.0536,-10.407,-21.34,3.1746,-6.6349,NaN,NaN,NaN,NaN,NaN
414.58,-29.812,-12.975,-17.643,-1.3005,-2.3684,-10.872,-20.855,5.3273,-6.3046,0,0,0,NaN,NaN,NaN,NaN,NaN,NaN,NaN,NaN,NaN,46.768,0,3188,0.0064211,NaN,NaN,NaN,NaN,16.681,96933,11.313,-1.1989,-2.0521,-10.413,-21.27,3.1908,-6.4543,NaN,NaN,NaN,NaN,NaN
414.58,-29.86,-12.972,-17.662,-0.63411,-2.0553,-9.2382,-21.247,4.9344,-6.341,0,0,0,NaN,NaN,NaN,NaN,NaN,NaN,NaN,NaN,NaN,46.768,0,3188,0.0064211,0.77252,2.5757,0.63533,0.10405,NaN,-1,-1,-1.2064,-2.0248,-10.408,-21.168,3.1801,-6.2722,NaN,NaN,NaN,NaN,NaN
414.58,-29.909,-12.978,-17.676,-1.0843,-2.08,-10.178,-20.954,0.039763,-6.112,0.65532,0.20428,-0.90483,NaN,NaN,NaN,NaN,NaN,NaN,NaN,NaN,NaN,46.768,0,3188,0.0064211,NaN,NaN,NaN,NaN,16.508,96909,11.188,-1.204,-2.0076,-10.376,-21.047,3.1842,-6.0971,NaN,NaN,NaN,NaN,NaN
414.59,-29.956,-12.974,-17.694,-1.9913,-1.5926,-11.068,-21.188,5.1511,-5.9522,0,0,0,NaN,NaN,NaN,NaN,NaN,NaN,NaN,NaN,NaN,46.768,0,3188,0.0064211,NaN,NaN,NaN,NaN,NaN,-1,-1,-1.2109,-2.0079,-10.346,-20.944,2.9491,-5.9195,NaN,NaN,NaN,NaN,NaN
414.59,-30.005,-12.973,-17.712,-1.2097,-2.4251,-8.913,-21.425,3.7491,-6.0377,0,0,0,NaN,NaN,NaN,NaN,NaN,NaN,NaN,NaN,NaN,46.768,0,3188,0.0064211,NaN,NaN,NaN,NaN,NaN,-1,-1,-1.2176,-1.9961,-10.356,-20.841,2.9561,-5.7488,NaN,NaN,NaN,NaN,NaN
414.59,-30.055,-12.979,-17.724,-0.88597,-1.667,-10.011,-21.388,0.23571,-5.8501,0,0,0,NaN,NaN,NaN,NaN,NaN,NaN,NaN,NaN,NaN,46.768,0,3188,0.0064211,NaN,NaN,NaN,NaN,16.971,96953,11.438,-1.2191,-1.9712,-10.346,-21.29,3.1342,-5.6315,NaN,NaN,NaN,NaN,NaN
414.59,-30.102,-12.976,-17.741,-1.7863,-2.1498,-12.235,-20.858,3.7989,-5.5938,0.66004,0.20913,-0.90218,NaN,NaN,NaN,NaN,NaN,NaN,NaN,NaN,NaN,46.768,0,3188,0.0064211,0.76923,2.4415,0.71688,0.052442,NaN,-1,-1,-1.2171,-1.9672,-10.325,-21.069,3.1022,-5.4405,NaN,NaN,NaN,NaN,NaN
414.6,-30.194,-12.97,-17.775,-0.93744,-2.6842,-8.2733,-20.374,3.4951,-5.3914,0,0,0,NaN,NaN,NaN,NaN,NaN,NaN,NaN,NaN,NaN,46.768,0,3188,0.0064211,NaN,NaN,NaN,NaN,NaN,-1,-1,-1.2229,-1.9456,-10.331,-20.852,3.2286,-5.2687,NaN,NaN,NaN,NaN,NaN
414.6,-30.194,-12.97,-17.775,-0.93744,-2.6842,-8.2733,-20.374,3.4951,-5.3914,0,0,0,NaN,NaN,NaN,NaN,NaN,NaN,NaN,NaN,NaN,46.768,0,3188,0.0064211,NaN,NaN,NaN,NaN,16.363,96922,11.25,-1.2242,-1.928,-10.307,-20.662,3.1444,-5.0871,NaN,NaN,NaN,NaN,NaN
414.6,-30.241,-12.972,-17.787,-1.2761,-2.2457,-10.492,-20.308,1.5,-4.81,0,0,0,NaN,NaN,NaN,NaN,NaN,NaN,NaN,NaN,NaN,46.768,0,3188,0.0064211,NaN,NaN,NaN,NaN,NaN,-1,-1,-1.2182,-1.9239,-10.286,-20.475,3.0907,-4.9199,NaN,NaN,NaN,NaN,NaN
414.6,-30.287,-12.97,-17.8,-1.6307,-1.3415,-11.703,-19.901,3.2678,-4.5694,0.66179,0.20226,-0.89535,NaN,NaN,NaN,NaN,NaN,NaN,NaN,NaN,NaN,46.768,0,3188,0.0064211,NaN,NaN,NaN,NaN,16.633,96910,11.25,-1.2302,-1.9191,-10.282,-20.81,3.2347,-4.7762,NaN,NaN,NaN,NaN,NaN
414.61,-30.376,-12.962,-17.829,-0.69105,-2.4516,-9.945,-19.618,2.6394,-4.6086,0,0,0,NaN,NaN,NaN,NaN,NaN,NaN,NaN,NaN,NaN,46.768,0,3188,0.0064211,NaN,NaN,NaN,NaN,NaN,-1,-1,-1.2293,-1.895,-10.285,-20.446,3.1416,-4.5913,NaN,NaN,NaN,NaN,NaN
414.61,-30.422,-12.964,-17.839,-1.7739,-1.7251,-10.143,-19.53,1.3173,-4.3595,0,0,0,NaN,NaN,NaN,NaN,NaN,NaN,NaN,NaN,NaN,46.768,0,3188,0.0064211,NaN,NaN,NaN,NaN,NaN,-1,-1,-1.233,-1.8814,-10.274,-20.099,3.1215,-4.3888,NaN,NaN,NaN,NaN,NaN
414.61,-30.467,-12.956,-17.855,-1.4625,-1.4617,-10.273,-19.772,5.5641,-4.0805,0.66716,0.20652,-0.90376,NaN,NaN,NaN,NaN,NaN,NaN,NaN,NaN,NaN,46.768,0,3188,0.0064211,NaN,NaN,NaN,NaN,16.485,96901,11.188,-1.241,-1.8668,-10.268,-19.781,3.1885,-4.1973,NaN,NaN,NaN,NaN,NaN
414.61,-30.514,-12.955,-17.866,-0.96544,-2.6362,-9.3198,-20.222,2.7362,-4.0163,0,0,0,NaN,NaN,NaN,NaN,NaN,NaN,NaN,NaN,NaN,46.768,0,3188,0.0064211,NaN,NaN,NaN,NaN,NaN,-1,-1,-1.2416,-1.8529,-10.26,-19.471,3.0132,-4.0142,NaN,NaN,NaN,NaN,NaN
414.62,-30.561,-12.957,-17.876,-1.6461,-2.0192,-11.034,-20.34,1.0009,-4.2287,0,0,0,NaN,NaN,NaN,NaN,NaN,NaN,NaN,NaN,NaN,46.768,0,3188,0.0064211,NaN,NaN,NaN,NaN,NaN,-1,-1,-1.2351,-1.8457,-10.255,-19.198,2.9887,-3.8499,NaN,NaN,NaN,NaN,NaN
414.62,-30.607,-12.95,-17.889,-1.1711,-1.0807,-11.126,-19.909,4.9516,-3.4964,0,0,0,NaN,NaN,NaN,NaN,NaN,NaN,NaN,NaN,NaN,46.768,0,3188,0.0064211,0.76157,2.565,0.64325,0.099057,16.702,96889,11.125,-1.2289,-1.8272,-10.159,-18.955,3.1394,-3.6745,NaN,NaN,NaN,NaN,NaN
414.62,-30.651,-12.947,-17.902,-0.95025,-1.7501,-9.5906,-19.23,3.4714,-3.7311,0.65258,0.20959,-0.89618,-1.6081,17.797,-2.947,18.111,40.059,-88.548,3.6799e+05,4.4354e+06,327.92,46.768,0,3188,0.0064211,NaN,NaN,NaN,NaN,16.634,96904,11.25,-1.2352,-1.8079,-10.191,-18.77,2.9734,-3.504,17.647,3.9162,1.1202,3.6321,12.488
414.62,-30.696,-12.941,-17.914,-1.5182,-3.1407,-9.9892,-19.287,4.1429,-3.323,0,0,0,NaN,NaN,NaN,NaN,NaN,NaN,NaN,NaN,NaN,46.768,0,3188,0.0064211,NaN,NaN,NaN,NaN,NaN,-1,-1,-1.235,-1.7972,-10.165,-18.563,2.8472,-3.3177,NaN,NaN,NaN,NaN,NaN
414.63,-30.742,-12.938,-17.923,-0.73542,-1.3539,-9.0309,-19.676,2.984,-3.0641,0,0,0,NaN,NaN,NaN,NaN,NaN,NaN,NaN,NaN,NaN,46.768,0,3188,0.0064211,NaN,NaN,NaN,NaN,NaN,-1,-1,-1.2367,-1.7863,-10.174,-18.314,3.0449,-3.1541,NaN,NaN,NaN,NaN,NaN
414.63,-30.786,-12.939,-17.93,-1.6489,-1.2159,-12.145,-18.787,0.84248,-3.0103,0,0,0,NaN,NaN,NaN,NaN,NaN,NaN,NaN,NaN,NaN,46.768,0,3188,0.0064211,0.81796,2.4826,0.7108,NaN,NaN,-1,-1,-1.2323,-1.768,-10.112,-18.11,3.0288,-2.9851,NaN,NaN,NaN,NaN,NaN
414.63,-30.828,-12.928,-17.944,-1.7645,-2.099,-10.801,-18.397,6.2914,-2.948,0.65755,0.20928,-0.90018,NaN,NaN,NaN,NaN,NaN,NaN,NaN,NaN,NaN,46.748,0,3176.6,0.0058767,NaN,NaN,NaN,-0.0083241,16.604,96876,11.063,-1.2437,-1.7476,-10.136,-17.896,2.9059,-2.7889,NaN,NaN,NaN,NaN,NaN
414.63,-30.917,-12.921,-17.961,-1.8514,-1.3799,-9.4268,-18.785,1.5171,-2.4881,0,0,0,NaN,NaN,NaN,NaN,NaN,NaN,NaN,NaN,NaN,46.748,0,3176.6,0.0058767,NaN,NaN,NaN,NaN,NaN,-1,-1,-1.2425,-1.7354,-10.143,-17.672,2.9832,-2.5989,NaN,NaN,NaN,NaN,NaN
414.64,-30.961,-12.914,-17.973,-1.9912,-1.8063,-11.024,-19.338,4.7106,-2.8333,0,0,0,NaN,NaN,NaN,NaN,NaN,NaN,NaN,NaN,NaN,46.748,0,3176.6,0.0058767,NaN,NaN,NaN,NaN,NaN,-1,-1,-1.2449,-1.7231,-10.171,-17.49,3.0646,-2.4169,NaN,NaN,NaN,NaN,NaN
414.64,-31.008,-12.911,-17.981,-0.81252,-1.3423,-9.4367,-19.619,2.3999,-2.3778,0.67395,0.20174,-0.90093,NaN,NaN,NaN,NaN,NaN,NaN,NaN,NaN,NaN,46.748,0,3176.6,0.0058767,NaN,NaN,NaN,NaN,16.29,96916,11.25,-1.2527,-1.7146,-10.202,-17.332,3.0525,-2.2437,NaN,NaN,NaN,NaN,NaN
414.64,-31.097,-12.901,-17.999,-1.4995,-1.6797,-11.689,-19.289,5.9643,-2.2486,0,0,0,NaN,NaN,NaN,NaN,NaN,NaN,NaN,NaN,NaN,46.748,0,3176.6,0.0058767,NaN,NaN,NaN,NaN,NaN,-1,-1,-1.2533,-1.7057,-10.224,-17.169,2.9397,-2.0644,NaN,NaN,NaN,NaN,NaN
414.64,-31.142,-12.895,-18.007,-0.99681,-1.4466,-9.324,-18.896,3.8733,-1.8978,0,0,0,NaN,NaN,NaN,NaN,NaN,NaN,NaN,NaN,NaN,46.748,0,3176.6,0.0058767,0.75993,2.5608,0.62742,0.10239,16.511,96916,11.25,-1.256,-1.6895,-10.24,-17.02,3.1647,-1.9026,NaN,NaN,NaN,NaN,NaN
414.65,0,0,0,0,0,0,0,0,0,0,0,0,NaN,NaN,NaN,NaN,NaN,NaN,NaN,NaN,NaN,46.748,0,3176.6,0.0058767,NaN,NaN,NaN,NaN,NaN,-1,-1,-1.2578,-1.6697,-10.26,-16.91,3.2354,-1.7501,NaN,NaN,NaN,NaN,NaN
414.65,-31.185,-12.89,-18.015,-1.1131,-2.4084,-10.164,-18.443,2.8996,-1.8608,0.65278,0.21187,-0.89838,NaN,NaN,NaN,NaN,NaN,NaN,NaN,NaN,NaN,46.748,0,3176.6,0.0058767,NaN,NaN,NaN,NaN,NaN,-1,-1,-1.262,-1.648,-10.286,-16.82,3.0539,-1.6047,NaN,NaN,NaN,NaN,NaN
414.65,-31.229,-12.885,-18.02,-1.0477,-1.6353,-10.489,-18.616,2.5682,-1.3616,0,0,0,NaN,NaN,NaN,NaN,NaN,NaN,NaN,NaN,NaN,46.748,0,3176.6,0.0058767,NaN,NaN,NaN,NaN,16.583,96940,11.313,-1.2633,-1.636,-10.291,-16.713,3.25,-1.4521,NaN,NaN,NaN,NaN,NaN
414.65,-31.273,-12.88,-18.027,-1.8426,-1.1664,-12.29,-18.298,3.0251,-1.456,0,0,0,NaN,NaN,NaN,NaN,NaN,NaN,NaN,NaN,NaN,46.748,0,3176.6,0.0058767,NaN,NaN,NaN,NaN,NaN,-1,-1,-1.2677,-1.6295,-10.3,-16.592,3.193,-1.3119,NaN,NaN,NaN,NaN,NaN
414.66,-31.357,-12.863,-18.043,-0.53416,-1.5607,-9.9654,-18.162,2.1541,-1.3615,0.66934,0.21896,-0.89467,NaN,NaN,NaN,NaN,NaN,NaN,NaN,NaN,NaN,46.748,0,3176.6,0.0058767,0.76157,2.5644,0.64385,0.09656,NaN,-1,-1,-1.2721,-1.6085,-10.34,-16.475,3.1994,-1.1786,NaN,NaN,NaN,NaN,NaN
414.66,0,0,0,0,0,0,0,0,0,0,0,0,NaN,NaN,NaN,NaN,NaN,NaN,NaN,NaN,NaN,46.748,0,3176.6,0.0058767,NaN,NaN,NaN,NaN,16.435,96887,11.125,-1.2716,-1.5945,-10.344,-16.375,3.1726,-1.0265,NaN,NaN,NaN,NaN,NaN
414.66,-31.401,-12.858,-18.049,-2.0914,-2.0924,-10.943,-18.598,2.9786,-1.1554,0,0,0,NaN,NaN,NaN,NaN,NaN,NaN,NaN,NaN,NaN,46.748,0,3176.6,0.0058767,NaN,NaN,NaN,NaN,NaN,-1,-1,-1.2737,-1.5883,-10.343,-16.284,3.1373,-0.87643,NaN,NaN,NaN,NaN,NaN
414.66,-31.445,-12.848,-18.057,-1.2833,-1.3215,-10.683,-18.652,4.982,-1.2767,0,0,0,NaN,NaN,NaN,NaN,NaN,NaN,NaN,NaN,NaN,46.748,0,3176.6,0.0058767,NaN,NaN,NaN,NaN,16.826,96945,11.375,-1.2852,-1.5677,-10.397,-16.183,3.2076,-0.72925,NaN,NaN,NaN,NaN,NaN
414.67,-31.532,-12.837,-18.067,-1.5715,-1.9737,-11.768,-17.524,2.4844,-0.98818,0.66436,0.21435,-0.8929,NaN,NaN,NaN,NaN,NaN,NaN,NaN,NaN,NaN,46.748,0,3176.6,0.0058767,NaN,NaN,NaN,NaN,NaN,-1,-1,-1.287,-1.5539,-10.386,-16.094,3.3149,-0.5923,NaN,NaN,NaN,NaN,NaN
414.67,-31.574,-12.826,-18.075,-1.5109,-1.5505,-11.777,-17.854,5.0852,-0.71224,0,0,0,NaN,NaN,NaN,NaN,NaN,NaN,NaN,NaN,NaN,46.748,0,3176.6,0.0058767,0.76102,2.5757,0.64446,0.094895,NaN,-1,-1,-1.2741,-1.5376,-10.383,-16.019,3.3643,-0.45183,NaN,NaN,NaN,NaN,NaN
414.67,-31.657,-12.807,-18.086,-0.86928,-2.4734,-10.195,-17.288,3.5547,-0.049618,0,0,0,NaN,NaN,NaN,NaN,NaN,NaN,NaN,NaN,NaN,46.748,0,3176.6,0.0058767,NaN,NaN,NaN,NaN,16.459,96892,11.125,-1.2839,-1.5109,-10.427,-15.972,3.3129,-0.3095,NaN,NaN,NaN,NaN,NaN
414.67,-31.64,-12.788,-18.083,-1.3549,-0.6508,-11.6,-16.924,1.372,-0.0036669,0.68113,0.22372,-0.89139,NaN,NaN,NaN,NaN,NaN,NaN,NaN,NaN,NaN,46.748,0,3176.6,0.0058767,NaN,NaN,NaN,NaN,NaN,-1,-1,-1.2765,-1.4972,-10.404,-15.938,3.4001,-0.17677,NaN,NaN,NaN,NaN,NaN
414.68,-31.679,-12.775,-18.088,-1.8111,-1.3221,-13.102,-16.824,5.4888,0.30533,0,0,0,NaN,NaN,NaN,NaN,NaN,NaN,NaN,NaN,NaN,46.748,0,3176.6,0.0058767,NaN,NaN,NaN,NaN,NaN,-1,-1,-1.2838,-1.4861,-10.432,-15.909,3.5614,-0.028798,NaN,NaN,NaN,NaN,NaN
414.68,-31.718,-12.762,-18.096,-0.87658,-2.5167,-8.33,-16.704,6.1626,-0.19022,0,0,0,NaN,NaN,NaN,NaN,NaN,NaN,NaN,NaN,NaN,46.748,0,3176.6,0.0058767,NaN,NaN,NaN,NaN,16.728,96917,11.25,-1.2879,-1.4491,-10.486,-15.844,3.4938,0.09249,NaN,NaN,NaN,NaN,NaN
414.68,-31.759,-12.76,-18.094,-0.49409,-1.0631,-10.583,-16.662,-0.064458,0.51772,0,0,0,NaN,NaN,NaN,NaN,NaN,NaN,NaN,NaN,NaN,46.748,0,3176.6,0.0058767,0.76157,2.5715,0.63777,0.10488,NaN,-1,-1,-1.2923,-1.458,-10.599,-15.783,3.6586,0.23225,NaN,NaN,NaN,NaN,NaN
414.68,-31.799,-12.747,-18.1,-2.2697,-0.90104,-12.317,-16.555,5.3205,0.45269,0.66451,0.22406,-0.89066,NaN,NaN,NaN,NaN,NaN,NaN,NaN,NaN,NaN,46.748,0,3176.6,0.0058767,NaN,NaN,NaN,NaN,16.533,96904,11.188,-1.2951,-1.4374,-10.625,-15.769,3.814,0.38278,NaN,NaN,NaN,NaN,NaN
414.69,-31.838,-12.732,-18.107,-1.3544,-2.6155,-9.8943,-16.689,6.6133,0.31026,0,0,0,NaN,NaN,NaN,NaN,NaN,NaN,NaN,NaN,NaN,46.748,0,3176.6,0.0058767,NaN,NaN,NaN,NaN,NaN,-1,-1,-1.2973,-1.4262,-10.655,-15.74,3.6703,0.52475,NaN,NaN,NaN,NaN,NaN
414.69,-31.879,-12.73,-18.106,-0.74129,-1.3616,-10.33,-17.067,0.31914,0.23394,0,0,0,NaN,NaN,NaN,NaN,NaN,NaN,NaN,NaN,NaN,46.748,0,3176.6,0.0058767,NaN,NaN,NaN,NaN,NaN,-1,-1,-1.2989,-1.4167,-10.643,-15.706,3.887,0.64456,NaN,NaN,NaN,NaN,NaN
414.69,-31.917,-12.721,-18.109,-1.5415,-0.54897,-12.06,-15.846,3.5099,0.61455,0,0,0,NaN,NaN,NaN,NaN,NaN,NaN,NaN,NaN,NaN,46.748,0,3176.6,0.0058767,0.78292,2.5709,0.66089,NaN,16.535,96939,11.313,-1.3022,-1.4077,-10.674,-15.699,3.9215,0.77403,NaN,NaN,NaN,NaN,NaN
414.69,-31.954,-12.705,-18.116,-1.354,-1.5173,-12.444,-15.621,6.781,0.73912,0.66007,0.22881,-0.89328,NaN,NaN,NaN,NaN,NaN,NaN,NaN,NaN,NaN,46.748,0,3176.6,0.0058767,0.78292,2.5709,0.66089,NaN,NaN,-1,-1,-1.3011,-1.3922,-10.7,-15.728,3.9721,0.88176,NaN,NaN,NaN,NaN,NaN
414.7,-31.991,-12.692,-18.121,-1.0294,-2.6784,-7.7812,-15.656,5.3668,0.6416,0,0,0,NaN,NaN,NaN,NaN,NaN,NaN,NaN,NaN,NaN,46.748,0,3176.6,0.0058767,NaN,NaN,NaN,NaN,NaN,-1,-1,-1.2922,-1.3737,-10.718,-15.771,4.0628,1.002,NaN,NaN,NaN,NaN,NaN
414.7,-32.03,-12.689,-18.117,-0.64284,-1.1083,-11.971,-15.667,0.10153,1.2003,0,0,0,NaN,NaN,NaN,NaN,NaN,NaN,NaN,NaN,NaN,46.748,0,3176.6,0.0058767,NaN,NaN,NaN,NaN,16.631,96901,11.188,-1.2937,-1.3641,-10.746,-15.817,4.2005,1.1183,NaN,NaN,NaN,NaN,NaN
414.7,-32.066,-12.68,-18.118,-1.7658,-1.0834,-12.546,-15.011,3.2366,1.2842,0,0,0,NaN,NaN,NaN,NaN,NaN,NaN,NaN,NaN,NaN,46.748,0,3176.6,0.0058767,NaN,NaN,NaN,NaN,NaN,-1,-1,-1.2925,-1.3547,-10.768,-15.842,4.2468,1.2445,NaN,NaN,NaN,NaN,NaN
414.7,-32.1,-12.661,-18.124,-1.3979,-1.3719,-11.299,-14.592,7.4606,1.552,0.66949,0.22868,-0.89243,NaN,NaN,NaN,NaN,NaN,NaN,NaN,NaN,NaN,46.748,0,3176.6,0.0058767,NaN,NaN,NaN,NaN,16.607,96919,11.25,-1.2897,-1.3435,-10.778,-15.183,4.2757,1.4384,NaN,NaN,NaN,NaN,NaN
414.71,-32.174,-12.646,-18.122,-1.6583,-0.80628,-11.185,-14.739,-0.52386,1.4571,0,0,0,NaN,NaN,NaN,NaN,NaN,NaN,NaN,NaN,NaN,46.748,0,3176.6,0.0058767,0.76212,2.4445,0.71201,0.049112,NaN,-1,-1,-1.2927,-1.3155,-10.826,-15.088,4.2989,1.5695,NaN,NaN,NaN,NaN,NaN
414.71,-32.209,-12.628,-18.126,-1.9433,-1.262,-12.524,-14.854,6.7794,1.9149,0,0,0,NaN,NaN,NaN,NaN,NaN,NaN,NaN,NaN,NaN,46.748,0,3176.6,0.0058767,NaN,NaN,NaN,NaN,NaN,-1,-1,-1.2902,-1.3046,-10.836,-15.005,4.265,1.7019,NaN,NaN,NaN,NaN,NaN
414.71,-32.245,-12.613,-18.129,-0.74952,-1.6967,-8.4766,-14.937,5.5497,2.0178,0.66963,0.23348,-0.89242,NaN,NaN,NaN,NaN,NaN,NaN,NaN,NaN,NaN,46.748,0,3176.6,0.0058767,NaN,NaN,NaN,NaN,16.483,96893,11.125,-1.2836,-1.2944,-10.827,-14.924,4.2931,1.8257,NaN,NaN,NaN,NaN,NaN
414.71,-32.316,-12.596,-18.126,-1.6937,-1.2642,-13.036,-14.557,4.7363,1.9307,0,0,0,NaN,NaN,NaN,NaN,NaN,NaN,NaN,NaN,NaN,46.748,0,3176.6,0.0058767,NaN,NaN,NaN,NaN,NaN,-1,-1,-1.2848,-1.2788,-10.87,-14.836,4.3283,1.943,NaN,NaN,NaN,NaN,NaN
414.72,-32.349,-12.577,-18.13,-0.76596,-1.031,-10.197,-14.008,7.0587,2.1622,0,0,0,NaN,NaN,NaN,NaN,NaN,NaN,NaN,NaN,NaN,46.748,0,3176.6,0.0058767,NaN,NaN,NaN,NaN,NaN,-1,-1,-1.2913,-1.2631,-10.899,-14.085,4.1983,2.1012,NaN,NaN,NaN,NaN,NaN
414.72,-32.383,-12.566,-18.13,-0.90857,-2.0455,-9.0091,-14.03,3.538,2.1174,0.66224,0.23142,-0.88864,NaN,NaN,NaN,NaN,NaN,NaN,NaN,NaN,NaN,46.748,0,3176.6,0.0058767,0.76157,2.5638,0.63838,0.097392,16.482,96898,11.125,-1.2818,-1.2615,-10.896,-13.911,4.1055,2.2244,NaN,NaN,NaN,NaN,NaN
414.72,-32.417,-12.561,-18.124,-1.2361,-1.1739,-12.979,-13.601,0.40795,2.5842,0,0,0,NaN,NaN,NaN,NaN,NaN,NaN,NaN,NaN,NaN,46.748,0,3176.6,0.0058767,0.76157,2.5638,0.63838,0.097392,NaN,-1,-1,-1.2744,-1.2387,-10.931,-13.735,4.147,2.3296,NaN,NaN,NaN,NaN,NaN
414.72,-32.449,-12.543,-18.126,-1.6037,-0.9147,-13.187,-13.424,6.3208,2.7278,0,0,0,NaN,NaN,NaN,NaN,NaN,NaN,NaN,NaN,NaN,46.748,0,3176.6,0.0058767,NaN,NaN,NaN,NaN,16.461,96945,11.313,-1.2743,-1.2223,-10.952,-13.528,4.2067,2.4379,NaN,NaN,NaN,NaN,NaN
414.73,-32.48,-12.523,-18.13,-1.4368,-0.77037,-9.2095,-13.11,7.3616,2.6889,0,0,0,NaN,NaN,NaN,NaN,NaN,NaN,NaN,NaN,NaN,46.748,0,3176.6,0.0058767,NaN,NaN,NaN,NaN,NaN,-1,-1,-1.2649,-1.2171,-10.937,-13.316,4.2047,2.5554,NaN,NaN,NaN,NaN,NaN
414.73,-32.513,-12.516,-18.125,-0.030184,-1.7008,-10.277,-13.037,1.2321,2.621,0.65511,0.22911,-0.88928,NaN,NaN,NaN,NaN,NaN,NaN,NaN,NaN,NaN,46.748,0,3176.6,0.0058767,NaN,NaN,NaN,NaN,NaN,-1,-1,-1.268,-1.2019,-10.993,-13.091,4.1864,2.6901,NaN,NaN,NaN,NaN,NaN
414.73,-32.544,-12.506,-18.122,-2.2147,-1.1074,-12.674,-12.629,2.4061,2.754,0,0,0,NaN,NaN,NaN,NaN,NaN,NaN,NaN,NaN,NaN,46.748,0,3176.6,0.0058767,0.8322,2.4826,0.7108,-0,16.534,96924,11.25,-1.2703,-1.1805,-11.019,-12.861,4.1163,2.823,NaN,NaN,NaN,NaN,NaN
414.73,-32.575,-12.484,-18.125,-1.5663,-1.0335,-11.385,-13.124,8.2783,3.2326,0,0,0,NaN,NaN,NaN,NaN,NaN,NaN,NaN,NaN,NaN,46.748,0,3176.6,0.0058767,NaN,NaN,NaN,NaN,NaN,-1,-1,-1.263,-1.1628,-11.027,-12.648,4.1429,2.9573,NaN,NaN,NaN,NaN,NaN
414.74,-32.608,-12.474,-18.121,-0.35306,-1.356,-9.4043,-13.269,2.3907,2.9819,0,0,0,NaN,NaN,NaN,NaN,NaN,NaN,NaN,NaN,NaN,46.748,0,3176.6,0.0058767,NaN,NaN,NaN,NaN,NaN,-1,-1,-1.2638,-1.1559,-11.049,-12.426,4.2191,3.0794,NaN,NaN,NaN,NaN,NaN
414.74,-32.639,-12.467,-18.116,-1.9103,-0.87517,-12.84,-12.48,1.0536,2.7729,0.66023,0.24344,-0.88881,NaN,NaN,NaN,NaN,NaN,NaN,NaN,NaN,NaN,46.748,0,3176.6,0.0058767,NaN,NaN,NaN,NaN,16.611,96941,11.375,-1.2642,-1.1388,-11.042,-12.209,4.1911,3.2044,NaN,NaN,NaN,NaN,NaN
414.74,-32.668,-12.446,-18.119,-1.1134,-0.88719,-12.808,-12.136,7.6123,2.9043,0,0,0,NaN,NaN,NaN,NaN,NaN,NaN,NaN,NaN,NaN,46.787,0.024486,3178.1,0.0064211,NaN,NaN,NaN,NaN,16.654,96910,11.188,-1.2537,-1.1339,-11.067,-12.008,4.2262,3.3177,NaN,NaN,NaN,NaN,NaN
414.74,-32.726,-12.42,-18.114,-0.97064,-1.5873,-10.96,-11.903,2.5407,3.4838,0,0,0,NaN,NaN,NaN,NaN,NaN,NaN,NaN,NaN,NaN,46.787,0.024486,3178.1,0.0064211,NaN,NaN,NaN,NaN,NaN,-1,-1,-1.2583,-1.1103,-11.084,-11.825,4.2704,3.4235,NaN,NaN,NaN,NaN,NaN
414.75,-32.755,-12.407,-18.11,-1.3857,-0.62701,-12.883,-11.395,3.0468,3.5799,0.66002,0.23625,-0.88883,NaN,NaN,NaN,NaN,NaN,NaN,NaN,NaN,NaN,46.787,0.024486,3178.1,0.0064211,NaN,NaN,NaN,NaN,NaN,-1,-1,-1.2515,-1.0932,-11.074,-11.653,4.153,3.525,NaN,NaN,NaN,NaN,NaN
414.75,-32.781,-12.389,-18.109,-1.6428,-1.3541,-12.171,-10.91,5.7738,3.7962,0,0,0,NaN,NaN,NaN,NaN,NaN,NaN,NaN,NaN,NaN,46.787,0.024486,3178.1,0.0064211,NaN,NaN,NaN,NaN,NaN,-1,-1,-1.2489,-1.0951,-11.078,-11.449,4.1402,3.6251,NaN,NaN,NaN,NaN,NaN
414.75,-32.835,-12.36,-18.102,-0.70174,-1.1182,-11.305,-10.93,2.2802,3.7576,0,0,0,NaN,NaN,NaN,NaN,NaN,NaN,NaN,NaN,NaN,46.787,0.024486,3178.1,0.0064211,NaN,NaN,NaN,NaN,16.608,96917,11.25,-1.2485,-1.0656,-11.112,-11.239,4.1978,3.7334,NaN,NaN,NaN,NaN,NaN
414.75,-32.862,-12.345,-18.099,-2.1553,-1.6349,-11.677,-10.703,4.4466,3.8985,0.6646,0.2363,-0.8862,NaN,NaN,NaN,NaN,NaN,NaN,NaN,NaN,NaN,46.787,0.024486,3178.1,0.0064211,NaN,NaN,NaN,NaN,NaN,-1,-1,-1.2498,-1.0468,-11.126,-11.045,4.3328,3.8371,NaN,NaN,NaN,NaN,NaN
414.76,-32.889,-12.327,-18.098,-1.0275,-0.67978,-10.982,-11.18,5.6433,3.8519,0,0,0,NaN,NaN,NaN,NaN,NaN,NaN,NaN,NaN,NaN,46.787,0.024486,3178.1,0.0064211,0.82289,2.4737,0.7108,NaN,NaN,-1,-1,-1.2485,-1.0354,-11.107,-10.872,4.2267,3.9354,NaN,NaN,NaN,NaN,NaN
414.76,-32.916,-12.317,-18.092,-0.79542,-0.70476,-9.791,-10.883,1.8829,3.808,0,0,0,NaN,NaN,NaN,NaN,NaN,NaN,NaN,NaN,NaN,46.787,0.024486,3178.1,0.0064211,NaN,NaN,NaN,0.0016648,16.677,96916,11.188,-1.2421,-1.0236,-11.126,-10.69,4.1634,4.0299,NaN,NaN,NaN,NaN,NaN
414.76,-32.942,-12.302,-18.088,-1.6423,-1.7938,-13.164,-10.472,4.2689,3.8735,0,0,0,NaN,NaN,NaN,NaN,NaN,NaN,NaN,NaN,NaN,46.787,0.024486,3178.1,0.0064211,NaN,NaN,NaN,NaN,NaN,-1,-1,-1.2499,-1.0058,-11.131,-10.493,4.2541,4.1215,NaN,NaN,NaN,NaN,NaN
414.76,-32.967,-12.283,-18.087,-1.4728,-0.77848,-10.376,-10.274,5.6515,4.2189,0.65795,0.24588,-0.88902,NaN,NaN,NaN,NaN,NaN,NaN,NaN,NaN,NaN,46.787,0.024486,3178.1,0.0064211,NaN,NaN,NaN,NaN,16.632,96937,11.313,-1.2495,-0.99607,-11.135,-10.331,4.2004,4.1974,NaN,NaN,NaN,NaN,NaN
414.77,-32.992,-12.268,-18.082,-0.93767,-0.43266,-9.8704,-9.9651,4.239,4.3089,0,0,0,NaN,NaN,NaN,NaN,NaN,NaN,NaN,NaN,NaN,46.787,0.024486,3178.1,0.0064211,NaN,NaN,NaN,NaN,NaN,-1,-1,-1.2409,-0.9859,-11.127,-10.157,4.2358,4.2769,NaN,NaN,NaN,NaN,NaN
414.77,-33.018,-12.255,-18.076,-0.68534,-2.4843,-11.916,-10.115,2.7647,4.4969,0,0,0,NaN,NaN,NaN,NaN,NaN,NaN,NaN,NaN,NaN,46.787,0.024486,3178.1,0.0064211,NaN,NaN,NaN,NaN,NaN,-1,-1,-1.2365,-0.96435,-11.157,-10.025,4.2094,4.3599,NaN,NaN,NaN,NaN,NaN
414.77,-33.042,-12.238,-18.072,-1.4465,-0.50938,-12.142,-9.8039,4.8819,4.6824,0,0,0,NaN,NaN,NaN,NaN,NaN,NaN,NaN,NaN,NaN,46.787,0.024486,3178.1,0.0064211,0.755,2.556,0.62803,0.10905,16.658,96926,11.313,-1.2419,-0.94468,-11.16,-9.8865,4.2659,4.4432,NaN,NaN,NaN,NaN,NaN
414.77,-33.064,-12.217,-18.07,-1.7358,-0.089334,-12.104,-9.1274,6.5493,4.6019,0.65823,0.25547,-0.88899,NaN,NaN,NaN,NaN,NaN,NaN,NaN,NaN,NaN,46.787,0.024486,3178.1,0.0064211,NaN,NaN,NaN,NaN,NaN,-1,-1,-1.2389,-0.9445,-11.153,-9.7317,4.4534,4.539,NaN,NaN,NaN,NaN,NaN
414.78,-33.087,-12.199,-18.066,-0.9209,-1.4646,-8.2205,-9.2568,4.8558,4.8755,0,0,0,NaN,NaN,NaN,NaN,NaN,NaN,NaN,NaN,NaN,46.787,0.024486,3178.1,0.0064211,NaN,NaN,NaN,NaN,NaN,-1,-1,-1.2414,-0.92921,-11.16,-9.5587,4.4052,4.6082,NaN,NaN,NaN,NaN,NaN
414.78,-33.111,-12.188,-18.057,-0.88815,-0.98083,-12.336,-9.0546,1.5214,4.923,0,0,0,NaN,NaN,NaN,NaN,NaN,NaN,NaN,NaN,NaN,46.787,0.024486,3178.1,0.0064211,NaN,NaN,NaN,NaN,16.487,96935,11.313,-1.24,-0.89936,-11.176,-9.4108,4.2776,4.6911,NaN,NaN,NaN,NaN,NaN
414.78,-33.134,-12.169,-18.054,-1.8715,-0.34555,-11.223,-9.5777,5.7895,4.7666,0,0,0,NaN,NaN,NaN,NaN,NaN,NaN,NaN,NaN,NaN,46.787,0.024486,3178.1,0.0064211,NaN,NaN,NaN,NaN,16.479,96874,11,-1.2409,-0.88669,-11.133,-9.282,4.3992,4.7846,NaN,NaN,NaN,NaN,NaN
414.78,-33.158,-12.151,-18.05,-1.3044,-1.0811,-11.161,-9.5014,5.0818,4.7908,0.64437,0.26034,-0.89246,NaN,NaN,NaN,NaN,NaN,NaN,NaN,NaN,NaN,46.787,0.024486,3178.1,0.0064211,0.7654,2.5638,0.63838,0.084073,NaN,-1,-1,-1.2318,-0.87396,-11.13,-9.1224,4.5265,4.8714,NaN,NaN,NaN,NaN,NaN
414.79,-33.205,-12.121,-18.038,-1.3735,-1.0225,-12.316,-9.3904,4.1763,4.8049,0,0,0,NaN,NaN,NaN,NaN,NaN,NaN,NaN,NaN,NaN,46.787,0.024486,3178.1,0.0064211,NaN,NaN,NaN,NaN,NaN,-1,-1,-1.238,-0.8565,-11.132,-8.9964,4.4109,4.9399,NaN,NaN,NaN,NaN,NaN
414.79,-33.227,-12.102,-18.033,-1.3252,-0.43047,-11.449,-8.8092,5.3495,4.9983,0,0,0,NaN,NaN,NaN,NaN,NaN,NaN,NaN,NaN,NaN,46.787,0.024486,3178.1,0.0064211,NaN,NaN,NaN,NaN,NaN,-1,-1,-1.233,-0.84532,-11.103,-8.8834,4.3226,5.0088,NaN,NaN,NaN,NaN,NaN
414.79,-33.249,-12.084,-18.03,-1.308,-1.5176,-9.6488,-9.0037,5.1244,4.7155,0.64853,0.24601,-0.88987,NaN,NaN,NaN,NaN,NaN,NaN,NaN,NaN,NaN,46.787,0.024486,3178.1,0.0064211,NaN,NaN,NaN,NaN,16.558,96925,11.25,-1.2277,-0.83505,-11.09,-8.8261,4.4752,5.0718,NaN,NaN,NaN,NaN,NaN
414.79,-33.272,-12.073,-18.02,-0.5473,-1.0452,-11.356,-8.9101,1.5697,5.1868,0,0,0,NaN,NaN,NaN,NaN,NaN,NaN,NaN,NaN,NaN,46.787,0.024486,3178.1,0.0064211,0.76704,2.4409,0.71566,0.050777,NaN,-1,-1,-1.2288,-0.8165,-11.115,-8.758,4.4001,5.1171,NaN,NaN,NaN,NaN,NaN
414.8,-33.294,-12.055,-18.014,-1.4592,-0.18339,-12.688,-8.4524,4.4417,5.4208,0,0,0,NaN,NaN,NaN,NaN,NaN,NaN,NaN,NaN,NaN,46.787,0.024486,3178.1,0.0064211,NaN,NaN,NaN,NaN,NaN,-1,-1,-1.2242,-0.79513,-11.079,-8.6745,4.3519,5.1627,NaN,NaN,NaN,NaN,NaN
414.8,-33.314,-12.034,-18.01,-1.9819,-0.67892,-11.569,-8.1748,6.087,5.4035,0,0,0,NaN,NaN,NaN,NaN,NaN,NaN,NaN,NaN,NaN,46.787,0.024486,3178.1,0.0064211,NaN,NaN,NaN,NaN,16.508,96910,11.188,-1.2232,-0.78784,-11.06,-8.5905,4.5066,5.2085,NaN,NaN,NaN,NaN,NaN
414.8,-33.335,-12.016,-18.005,-0.63828,-1.129,-8.9635,-8.4439,4.7225,5.2672,0.64672,0.26031,-0.89225,NaN,NaN,NaN,NaN,NaN,NaN,NaN,NaN,NaN,46.787,0.024486,3178.1,0.0064211,NaN,NaN,NaN,NaN,NaN,-1,-1,-1.2209,-0.76625,-11.066,-8.4988,4.4628,5.2616,NaN,NaN,NaN,NaN,NaN
414.8,-33.379,-11.986,-17.988,-2.0106,-0.42787,-12.562,-8.4601,4.3098,5.4942,0,0,0,NaN,NaN,NaN,NaN,NaN,NaN,NaN,NaN,NaN,46.787,0.024486,3178.1,0.0064211,NaN,NaN,NaN,NaN,16.582,96945,11.313,-1.2213,-0.75681,-11.057,-8.3983,4.4788,5.3204,NaN,NaN,NaN,NaN,NaN
414.81,-33.4,-11.966,-17.985,-1.5154,-0.71445,-11.413,-8.6528,5.8327,5.1768,0,0,0,NaN,NaN,NaN,NaN,NaN,NaN,NaN,NaN,NaN,46.787,0.024486,3178.1,0.0064211,NaN,NaN,NaN,NaN,NaN,-1,-1,-1.2275,-0.73942,-11.065,-8.2963,4.4707,5.3859,NaN,NaN,NaN,NaN,NaN
414.81,-33.422,-11.953,-17.977,-0.69019,-1.0246,-9.7736,-8.431,2.4693,4.9152,0.65123,0.25797,-0.88962,NaN,NaN,NaN,NaN,NaN,NaN,NaN,NaN,NaN,46.787,0.024486,3178.1,0.0064211,0.76321,2.5602,0.63533,0.097392,NaN,-1,-1,-1.2267,-0.71949,-11.03,-8.2054,4.3423,5.4356,NaN,NaN,NaN,NaN,NaN
414.81,-33.442,-11.937,-17.97,-1.455,-0.54619,-12.046,-8.0953,3.8315,5.3634,0,0,0,NaN,NaN,NaN,NaN,NaN,NaN,NaN,NaN,NaN,46.787,0.024486,3178.1,0.0064211,NaN,NaN,NaN,NaN,16.413,96916,11.25,-1.2208,-0.71212,-11.023,-8.1294,4.4469,5.471,NaN,NaN,NaN,NaN,NaN
414.81,-33.462,-11.918,-17.965,-1.626,-0.48637,-11.081,-7.9355,5.1441,5.3667,0,0,0,NaN,NaN,NaN,NaN,NaN,NaN,NaN,NaN,NaN,46.787,0.024486,3178.1,0.0064211,NaN,NaN,NaN,NaN,NaN,-1,-1,-1.2235,-0.69501,-11.02,-8.2508,4.581,5.7042,NaN,NaN,NaN,NaN,NaN
414.82,-33.482,-11.899,-17.96,-0.85255,-1.1011,-9.8315,-8.102,5.1673,5.5508,0,0,0,NaN,NaN,NaN,NaN,NaN,NaN,NaN,NaN,NaN,46.787,0.024486,3178.1,0.0064211,NaN,NaN,NaN,NaN,NaN,-1,-1,-1.2239,-0.6763,-11,-8.1548,4.3804,5.6883,NaN,NaN,NaN,NaN,NaN
414.82,-33.502,-11.888,-17.948,-1.0369,-0.7955,-11.956,-7.3934,1.0436,5.7764,0.65089,0.25089,-0.88743,NaN,NaN,NaN,NaN,NaN,NaN,NaN,NaN,NaN,46.787,0.024486,3178.1,0.0064211,0.76595,2.5751,0.64751,NaN,16.611,96941,11.375,-1.2174,-0.6725,-10.959,-8.0351,4.3274,5.6798,NaN,NaN,NaN,NaN,NaN
414.82,-33.523,-11.868,-17.942,-1.598,-0.61621,-12.612,-8.0607,5.145,6.0313,0,0,0,NaN,NaN,NaN,NaN,NaN,NaN,NaN,NaN,NaN,46.787,0.024486,3178.1,0.0064211,NaN,NaN,NaN,0.062431,NaN,-1,-1,-1.2268,-0.66284,-10.962,-7.9371,4.4096,5.6745,NaN,NaN,NaN,NaN,NaN
414.82,-33.54,-11.845,-17.938,-1.1619,0.035687,-10.013,-7.2233,6.5079,5.9733,0,0,0,NaN,NaN,NaN,NaN,NaN,NaN,NaN,NaN,NaN,46.787,0.024486,3178.1,0.0064211,NaN,NaN,NaN,NaN,16.413,96941,11.313,-1.2239,-0.63073,-10.947,-7.9906,4.454,5.8703,NaN,NaN,NaN,NaN,NaN
414.83,-33.559,-11.829,-17.929,-0.71771,-0.64621,-9.9896,-7.2993,3.5618,5.7609,0,0,0,NaN,NaN,NaN,NaN,NaN,NaN,NaN,NaN,NaN,46.787,0.024486,3178.1,0.0064211,NaN,NaN,NaN,NaN,NaN,-1,-1,-1.2249,-0.62094,-10.945,-7.8374,4.3143,5.8364,NaN,NaN,NaN,NaN,NaN
414.83,-33.579,-11.816,-17.92,-1.9056,-1.4409,-11.675,-7.5062,1.9883,5.4148,0.64431,0.26287,-0.89024,NaN,NaN,NaN,NaN,NaN,NaN,NaN,NaN,NaN,46.787,0.024486,3178.1,0.0064211,NaN,NaN,NaN,NaN,NaN,-1,-1,-1.2242,-0.61192,-10.921,-7.6723,4.287,5.8241,NaN,NaN,NaN,NaN,NaN
414.83,-33.6,-11.795,-17.915,-1.3433,-0.015481,-11.33,-8.4751,5.673,5.9712,0,0,0,NaN,NaN,NaN,NaN,NaN,NaN,NaN,NaN,NaN,46.787,0.024486,3178.1,0.0064211,NaN,NaN,NaN,NaN,16.411,96926,11.25,-1.2249,-0.59038,-10.872,-7.4867,4.234,5.7877,NaN,NaN,NaN,NaN,NaN
414.83,-33.62,-11.777,-17.908,-1.118,-0.18297,-10.257,-7.7342,4.6151,5.8977,0,0,0,NaN,NaN,NaN,NaN,NaN,NaN,NaN,NaN,NaN,46.787,0.024486,3178.1,0.0064211,0.82672,2.4737,0.70532,0.023308,NaN,-1,-1,-1.234,-0.57262,-10.858,-7.3292,4.1569,5.7745,NaN,NaN,NaN,NaN,NaN
414.84,-33.639,-11.762,-17.899,-1.4618,-1.4922,-10.905,-7.2826,2.7333,5.5911,0,0,0,NaN,NaN,NaN,NaN,NaN,NaN,NaN,NaN,NaN,46.787,0.024486,3178.1,0.0064211,NaN,NaN,NaN,NaN,NaN,-1,-1,-1.2239,-0.56734,-10.751,-7.1744,4.0549,5.7474,NaN,NaN,NaN,NaN,NaN
414.84,-33.66,-11.745,-17.892,-1.5614,-0.52607,-11.76,-8.2501,3.981,5.5584,0.63967,0.26533,-0.89066,NaN,NaN,NaN,NaN,NaN,NaN,NaN,NaN,NaN,46.787,0.024486,3178.1,0.0064211,NaN,NaN,NaN,NaN,16.678,96887,11.125,-1.2212,-0.557,-10.73,-7.048,3.9858,5.7152,NaN,NaN,NaN,NaN,NaN
414.84,-33.679,-11.725,-17.886,-0.86721,0.39118,-10.635,-7.5695,5.2261,5.8353,0,0,0,NaN,NaN,NaN,NaN,NaN,NaN,NaN,NaN,NaN,46.787,0.024486,3178.1,0.0064211,NaN,NaN,NaN,NaN,16.463,96931,11.313,-1.2217,-0.54557,-10.71,-6.9051,3.8886,5.6984,NaN,NaN,NaN,NaN,NaN
414.84,-33.697,-11.706,-17.881,-1.1159,-1.2538,-10.154,-7.0376,5.2647,5.7501,0,0,0,NaN,NaN,NaN,NaN,NaN,NaN,NaN,NaN,NaN,46.787,0.024486,3178.1,0.0064211,NaN,NaN,NaN,NaN,NaN,-1,-1,-1.2334,-0.52913,-10.722,-6.7778,3.8839,5.6822,NaN,NaN,NaN,NaN,NaN
414.85,-33.731,-11.672,-17.862,-1.759,0.15643,-12.258,-6.0278,4.2676,6.2836,0.64457,0.26262,-0.89466,-3.2475,17.43,-3.2882,18.032,40.059,-88.548,3.6799e+05,4.4354e+06,327.14,46.787,0.024486,3178.1,0.0064211,0.83329,2.4743,0.71445,0.0058269,NaN,-1,-1,-1.2245,-0.50815,-10.659,-6.6382,3.7758,5.6699,17.887,2.0631,0.97143,3.1086,6.5697
414.85,-33.748,-11.651,-17.855,-1.3176,-0.49165,-9.704,-6.7622,5.5749,6.5228,0,0,0,NaN,NaN,NaN,NaN,NaN,NaN,NaN,NaN,NaN,46.787,0.024486,3178.1,0.0064211,NaN,NaN,NaN,NaN,NaN,-1,-1,-1.2172,-0.49675,-10.578,-6.503,3.7017,5.6515,NaN,NaN,NaN,NaN,NaN
414.85,-33.766,-11.636,-17.845,-0.43811,-0.73646,-10.219,-6.7769,2.8398,6.1705,0,0,0,NaN,NaN,NaN,NaN,NaN,NaN,NaN,NaN,NaN,46.817,0,3185.2,0.0075089,NaN,NaN,NaN,NaN,16.585,96932,11.313,-1.2209,-0.48089,-10.588,-6.3659,3.5611,5.6629,NaN,NaN,NaN,NaN,NaN
414.85,-33.784,-11.62,-17.836,-1.9334,-0.38586,-11.62,-6.7123,3.0287,6.0624,0,0,0,NaN,NaN,NaN,NaN,NaN,NaN,NaN,NaN,NaN,46.817,0,3185.2,0.0075089,NaN,NaN,NaN,NaN,NaN,-1,-1,-1.2323,-0.46154,-10.594,-6.2575,3.4173,5.6683,NaN,NaN,NaN,NaN,NaN
414.86,-33.819,-11.582,-17.821,-0.67544,-0.40716,-9.6206,-6.9951,3.8919,6.2534,0,0,0,NaN,NaN,NaN,NaN,NaN,NaN,NaN,NaN,NaN,46.817,0,3185.2,0.0075089,0.76321,2.5674,0.64264,0.079079,16.506,96903,11.125,-1.2308,-0.45007,-10.549,-6.1451,3.3758,5.6794,NaN,NaN,NaN,NaN,NaN
414.86,-33.838,-11.568,-17.81,-1.2894,-0.50869,-11.426,-7.0317,1.9926,6.056,0,0,0,NaN,NaN,NaN,NaN,NaN,NaN,NaN,NaN,NaN,46.817,0,3185.2,0.0075089,NaN,NaN,NaN,NaN,NaN,-1,-1,-1.2421,-0.42685,-10.549,-6.0485,3.335,5.6812,NaN,NaN,NaN,NaN,NaN
414.86,-33.855,-11.548,-17.804,-2.0588,-0.30647,-12.114,-6.781,5.3439,5.9134,0,0,0,NaN,NaN,NaN,NaN,NaN,NaN,NaN,NaN,NaN,46.817,0,3185.2,0.0075089,NaN,NaN,NaN,NaN,16.386,96913,11.188,-1.2446,-0.41372,-10.538,-5.9567,3.2026,5.6852,NaN,NaN,NaN,NaN,NaN
414.86,-33.872,-11.526,-17.799,-0.71359,-0.24706,-9.5275,-6.6098,5.6801,6.2135,0.65387,0.26753,-0.88938,NaN,NaN,NaN,NaN,NaN,NaN,NaN,NaN,NaN,46.817,0,3185.2,0.0075089,NaN,NaN,NaN,NaN,NaN,-1,-1,-1.2461,-0.40424,-10.518,-5.8766,3.2885,5.6867,NaN,NaN,NaN,NaN,NaN
414.87,-33.888,-11.515,-17.784,-0.74982,-1.0238,-10.771,-6.0045,0.39626,6.7195,0,0,0,NaN,NaN,NaN,NaN,NaN,NaN,NaN,NaN,NaN,46.817,0,3185.2,0.0075089,NaN,NaN,NaN,NaN,NaN,-1,-1,-1.2515,-0.38119,-10.523,-5.8136,3.3026,5.6879,NaN,NaN,NaN,NaN,NaN
414.87,0,0,0,0,0,0,0,0,0,0,0,0,NaN,NaN,NaN,NaN,NaN,NaN,NaN,NaN,NaN,46.817,0,3185.2,0.0075089,NaN,NaN,NaN,NaN,16.582,96923,11.25,-1.2562,-0.35704,-10.505,-5.7185,3.2272,5.697,NaN,NaN,NaN,NaN,NaN
414.87,-33.919,-11.474,-17.768,-1.6486,-0.057891,-11.562,-5.6981,5.902,6.6478,0,0,0,NaN,NaN,NaN,NaN,NaN,NaN,NaN,NaN,NaN,46.817,0,3185.2,0.0075089,NaN,NaN,NaN,NaN,16.265,96923,11.25,-1.2549,-0.33995,-10.467,-5.6296,3.3433,5.7155,NaN,NaN,NaN,NaN,NaN
414.87,-33.936,-11.456,-17.759,-1.1401,-0.39311,-8.9063,-6.1574,3.7838,6.4314,0.6536,0.26286,-0.88718,NaN,NaN,NaN,NaN,NaN,NaN,NaN,NaN,NaN,46.817,0,3185.2,0.0075089,NaN,NaN,NaN,NaN,NaN,-1,-1,-1.2584,-0.33213,-10.448,-5.5737,3.3242,5.7314,NaN,NaN,NaN,NaN,NaN
414.88,-33.951,-11.444,-17.745,-1.0784,-0.1791,-11.79,-5.4138,0.89261,6.6422,0,0,0,NaN,NaN,NaN,NaN,NaN,NaN,NaN,NaN,NaN,46.817,0,3185.2,0.0075089,0.77361,2.5703,0.65116,NaN,NaN,-1,-1,-1.2642,-0.30389,-10.449,-5.5135,3.0937,5.7534,NaN,NaN,NaN,NaN,NaN
414.88,0,0,0,0,0,0,0,0,0,0,0,0,NaN,NaN,NaN,NaN,NaN,NaN,NaN,NaN,NaN,46.817,0,3185.2,0.0075089,NaN,NaN,NaN,0.043285,NaN,-1,-1,-1.2745,-0.28798,-10.444,-5.4882,3.1987,5.7893,NaN,NaN,NaN,NaN,NaN
414.88,-33.982,-11.404,-17.731,-1.4738,-0.06167,-9.8502,-5.863,3.4139,6.3602,0,0,0,NaN,NaN,NaN,NaN,NaN,NaN,NaN,NaN,NaN,46.817,0,3185.2,0.0075089,NaN,NaN,NaN,0.043285,16.509,96930,11.25,-1.2715,-0.27365,-10.378,-5.4546,3.1578,5.8129,NaN,NaN,NaN,NaN,NaN
414.88,-33.999,-11.391,-17.721,-1.1959,-0.37894,-11.047,-6.1574,1.8317,5.8908,0.64633,0.26067,-0.88561,NaN,NaN,NaN,NaN,NaN,NaN,NaN,NaN,NaN,46.817,0,3185.2,0.0075089,NaN,NaN,NaN,NaN,NaN,-1,-1,-1.2705,-0.25124,-10.356,-5.4037,3.0856,5.8477,NaN,NaN,NaN,NaN,NaN
414.89,-34.015,-11.371,-17.712,-1.2063,-0.46464,-12.058,-6.3216,4.5,6.5382,0,0,0,NaN,NaN,NaN,NaN,NaN,NaN,NaN,NaN,NaN,46.817,0,3185.2,0.0075089,NaN,NaN,NaN,NaN,NaN,-1,-1,-1.2707,-0.23691,-10.345,-5.3789,2.9874,5.8729,NaN,NaN,NaN,NaN,NaN
414.89,-34.046,-11.334,-17.697,-1.0621,-0.60074,-10.15,-5.7658,4.0086,6.1581,0,0,0,NaN,NaN,NaN,NaN,NaN,NaN,NaN,NaN,NaN,46.817,0,3185.2,0.0075089,NaN,NaN,NaN,NaN,16.512,96970,11.438,-1.2655,-0.22034,-10.304,-5.3907,2.9987,5.9145,NaN,NaN,NaN,NaN,NaN
414.89,-34.012,-11.306,-17.698,-0.85675,-0.42061,-11.383,-5.5771,0.96715,6.708,0.63744,0.26032,-0.89531,NaN,NaN,NaN,NaN,NaN,NaN,NaN,NaN,NaN,46.817,0,3185.2,0.0075089,NaN,NaN,NaN,NaN,16.386,96892,11.125,-1.2691,-0.21359,-10.27,-5.3781,3.1317,5.9548,NaN,NaN,NaN,NaN,NaN
414.89,-34.041,-11.267,-17.681,-1.5411,0.12755,-11.318,-5.3734,3.8957,6.8288,0,0,0,NaN,NaN,NaN,NaN,NaN,NaN,NaN,NaN,NaN,46.817,0,3185.2,0.0075089,0.7665,2.5763,0.63959,0.091565,NaN,-1,-1,-1.2708,-0.19191,-10.242,-5.3766,3.1912,5.9846,NaN,NaN,NaN,NaN,NaN
414.9,-34.057,-11.247,-17.672,-1.1038,-0.57295,-9.3636,-6.0581,4.4719,6.4579,0,0,0,NaN,NaN,NaN,NaN,NaN,NaN,NaN,NaN,NaN,46.817,0,3185.2,0.0075089,NaN,NaN,NaN,NaN,NaN,-1,-1,-1.276,-0.17092,-10.225,-5.4273,3.1307,6.0205,NaN,NaN,NaN,NaN,NaN
414.9,-34.073,-11.236,-17.659,-1.194,-0.005007,-11.116,-5.8052,0.72708,6.4646,0.64917,0.27252,-0.88758,NaN,NaN,NaN,NaN,NaN,NaN,NaN,NaN,NaN,46.817,0,3185.2,0.0075089,NaN,NaN,NaN,NaN,16.535,96938,11.313,-1.2855,-0.17095,-10.281,-5.4755,3.1874,6.0581,NaN,NaN,NaN,NaN,NaN
414.9,-34.088,-11.215,-17.652,-1.6423,0.28377,-11.522,-5.855,5.0337,6.5757,0,0,0,NaN,NaN,NaN,NaN,NaN,NaN,NaN,NaN,NaN,46.817,0,3185.2,0.0075089,NaN,NaN,NaN,NaN,16.435,96891,11.125,-1.2892,-0.15583,-10.264,-5.5103,3.2637,6.0809,NaN,NaN,NaN,NaN,NaN
414.9,-34.104,-11.196,-17.643,-1.3793,-0.74057,-10.71,-6.2141,4.3487,6.4838,0,0,0,NaN,NaN,NaN,NaN,NaN,NaN,NaN,NaN,NaN,46.817,0,3185.2,0.0075089,0.76157,2.5638,0.63899,0.090733,NaN,-1,-1,-1.2949,-0.1363,-10.249,-5.5217,3.2933,6.127,NaN,NaN,NaN,NaN,NaN
414.91,-34.122,-11.182,-17.634,-1.1721,-0.20327,-10.307,-6.5939,2.6637,6.0163,0,0,0,NaN,NaN,NaN,NaN,NaN,NaN,NaN,NaN,NaN,46.817,0,3185.2,0.0075089,NaN,NaN,NaN,NaN,NaN,-1,-1,-1.2946,-0.12182,-10.219,-5.5465,3.4267,6.1843,NaN,NaN,NaN,NaN,NaN
414.91,-34.152,-11.146,-17.616,-1.3217,0.08206,-10.907,-5.585,5.5603,6.4426,0,0,0,NaN,NaN,NaN,NaN,NaN,NaN,NaN,NaN,NaN,46.817,0,3185.2,0.0075089,NaN,NaN,NaN,NaN,NaN,-1,-1,-1.3051,-0.10998,-10.179,-5.5983,3.5732,6.2442,NaN,NaN,NaN,NaN,NaN
414.91,-34.166,-11.126,-17.609,-1.2501,-1.0755,-9.2153,-5.5686,4.8106,6.3193,0,0,0,NaN,NaN,NaN,NaN,NaN,NaN,NaN,NaN,NaN,46.817,0,3185.2,0.0075089,NaN,NaN,NaN,NaN,16.482,96878,11.063,-1.3162,-0.10836,-10.271,-5.632,3.5599,6.294,NaN,NaN,NaN,NaN,NaN
414.91,-34.195,-11.098,-17.586,-1.9046,0.1627,-13.06,-5.5221,3.9458,6.5056,0.65146,0.27501,-0.88515,NaN,NaN,NaN,NaN,NaN,NaN,NaN,NaN,NaN,46.817,0,3185.2,0.0075089,NaN,NaN,NaN,NaN,NaN,-1,-1,-1.3179,-0.0861,-10.261,-5.6866,3.5624,6.3568,NaN,NaN,NaN,NaN,NaN
414.92,-34.209,-11.073,-17.58,-1.4617,0.099833,-9.4741,-5.6209,6.8248,6.7556,0,0,0,NaN,NaN,NaN,NaN,NaN,NaN,NaN,NaN,NaN,46.817,0,3185.2,0.0075089,NaN,NaN,NaN,NaN,NaN,-1,-1,-1.322,-0.08393,-10.235,-5.7301,3.7041,6.4152,NaN,NaN,NaN,NaN,NaN
414.92,-34.225,-11.059,-17.569,-0.40527,-0.32024,-9.3022,-5.766,2.3064,6.5901,0,0,0,NaN,NaN,NaN,NaN,NaN,NaN,NaN,NaN,NaN,46.817,0,3185.2,0.0075089,NaN,NaN,NaN,NaN,16.435,96913,11.188,-1.321,-0.071135,-10.216,-5.7937,3.6919,6.4659,NaN,NaN,NaN,NaN,NaN
414.92,-34.24,-11.047,-17.556,-2.0314,0.52452,-11.849,-5.3282,0.71058,6.2882,0,0,0,NaN,NaN,NaN,NaN,NaN,NaN,NaN,NaN,NaN,46.817,0,3185.2,0.0075089,NaN,NaN,NaN,NaN,16.313,96928,11.25,-1.3246,-0.048957,-10.212,-5.8636,3.8428,6.5375,NaN,NaN,NaN,NaN,NaN
414.92,-34.27,-11.006,-17.542,-0.85566,-0.42734,-7.9359,-6.2751,4.3984,6.4333,0,0,0,NaN,NaN,NaN,NaN,NaN,NaN,NaN,NaN,NaN,46.817,0,3185.2,0.0075089,NaN,NaN,NaN,NaN,NaN,-1,-1,-1.3309,-0.023606,-10.199,-5.9114,3.9019,6.6107,NaN,NaN,NaN,NaN,NaN
414.93,-34.287,-10.996,-17.528,-1.5177,-0.39099,-11.516,-6.3196,-0.15533,6.115,0,0,0,NaN,NaN,NaN,NaN,NaN,NaN,NaN,NaN,NaN,46.817,0,3185.2,0.0075089,NaN,NaN,NaN,NaN,NaN,-1,-1,-1.3354,-0.015942,-10.196,-5.7335,3.7422,6.4484,NaN,NaN,NaN,NaN,NaN
414.93,-34.302,-10.979,-17.519,-1.8118,0.93242,-12.722,-5.8677,3.8982,6.3369,0,0,0,NaN,NaN,NaN,NaN,NaN,NaN,NaN,NaN,NaN,46.817,0,3185.2,0.0075089,NaN,NaN,NaN,NaN,16.533,96905,11.188,-1.3354,-0.0054565,-10.165,-5.7199,3.8534,6.4911,NaN,NaN,NaN,NaN,NaN
414.93,-34.316,-10.955,-17.515,-0.72776,-0.061609,-9.2351,-5.5251,6.3556,6.4105,0.64493,0.27954,-0.8924,NaN,NaN,NaN,NaN,NaN,NaN,NaN,NaN,NaN,46.817,0,3185.2,0.0075089,NaN,NaN,NaN,NaN,16.411,96931,11.25,-1.3389,0.019595,-10.159,-5.7317,3.9199,6.5264,NaN,NaN,NaN,NaN,NaN
414.93,-34.346,-10.931,-17.489,-1.6887,0.90377,-12.195,-5.3454,0.25743,6.3272,0,0,0,NaN,NaN,NaN,NaN,NaN,NaN,NaN,NaN,NaN,46.817,0,3185.2,0.0075089,NaN,NaN,NaN,NaN,NaN,-1,-1,-1.3527,0.028339,-10.14,-5.711,3.8509,6.5691,NaN,NaN,NaN,NaN,NaN
414.94,-34.358,-10.907,-17.483,-1.7783,0.25701,-12.664,-4.8915,6.4577,6.7722,0,0,0,NaN,NaN,NaN,NaN,NaN,NaN,NaN,NaN,NaN,46.817,0,3185.2,0.0075089,NaN,NaN,NaN,NaN,NaN,-1,-1,-1.3448,0.04122,-10.118,-5.4744,3.7782,6.3774,NaN,NaN,NaN,NaN,NaN
414.94,-34.372,-10.887,-17.477,-0.97718,-0.30055,-7.0304,-5.5783,5.3074,6.321,0.64245,0.28461,-0.88818,NaN,NaN,NaN,NaN,NaN,NaN,NaN,NaN,NaN,46.817,0,3185.2,0.0075089,0.75993,2.4576,0.7114,NaN,16.364,96937,11.313,-1.3464,0.063571,-10.116,-5.4082,3.7235,6.3578,NaN,NaN,NaN,NaN,NaN
414.94,-34.401,-10.861,-17.454,-2.574,0.2107,-11.843,-5.1822,4.6601,6.2322,0,0,0,NaN,NaN,NaN,NaN,NaN,NaN,NaN,NaN,NaN,46.817,0,3185.2,0.0075089,NaN,NaN,NaN,0.034961,16.482,96920,11.188,-1.3565,0.065605,-10.086,-5.3646,3.5522,6.3265,NaN,NaN,NaN,NaN,NaN
414.94,-34.414,-10.84,-17.448,-1.3539,-0.33568,-9.655,-5.3671,5.4448,6.2764,0,0,0,NaN,NaN,NaN,NaN,NaN,NaN,NaN,NaN,NaN,46.817,0,3185.2,0.0075089,NaN,NaN,NaN,NaN,NaN,-1,-1,-1.3558,0.071308,-10.073,-5.3124,3.5358,6.3144,NaN,NaN,NaN,NaN,NaN
414.95,-34.43,-10.828,-17.436,-0.4861,0.14807,-8.7627,-5.7836,1.0121,6.2821,0.64212,0.28245,-0.88376,NaN,NaN,NaN,NaN,NaN,NaN,NaN,NaN,NaN,46.817,0,3185.2,0.0075089,NaN,NaN,NaN,NaN,NaN,-1,-1,-1.3618,0.093881,-10.051,-5.2386,3.5769,6.2825,NaN,NaN,NaN,NaN,NaN
414.95,-34.445,-10.817,-17.423,-2.0986,-0.093091,-12.558,-5.3136,0.77515,6.2769,0,0,0,NaN,NaN,NaN,NaN,NaN,NaN,NaN,NaN,NaN,46.817,0,3185.2,0.0075089,NaN,NaN,NaN,NaN,NaN,-1,-1,-1.3647,0.11686,-10.052,-5.1368,3.3569,6.2615,NaN,NaN,NaN,NaN,NaN
414.95,-34.457,-10.796,-17.417,-1.5096,0.53536,-11.279,-5.0223,5.5064,5.9734,0,0,0,NaN,NaN,NaN,NaN,NaN,NaN,NaN,NaN,NaN,46.778,0,3188,0.0064211,0.8322,2.4773,0.70349,0.0066593,16.631,96921,11.25,-1.3765,0.12866,-10.037,-5.0182,3.2799,6.2554,NaN,NaN,NaN,NaN,NaN
414.95,-34.47,-10.779,-17.409,-0.98592,-0.2171,-7.5886,-4.7205,3.7416,6.1165,0,0,0,NaN,NaN,NaN,NaN,NaN,NaN,NaN,NaN,NaN,46.778,0,3188,0.0064211,NaN,NaN,NaN,NaN,NaN,-1,-1,-1.3756,0.14539,-9.9913,-4.9115,3.2792,6.2355,NaN,NaN,NaN,NaN,NaN
414.96,-34.495,-10.752,-17.385,-1.7388,0.68896,-12.336,-4.7488,3.6286,6.4598,0,0,0,NaN,NaN,NaN,NaN,NaN,NaN,NaN,NaN,NaN,46.778,0,3188,0.0064211,NaN,NaN,NaN,NaN,NaN,-1,-1,-1.3771,0.16385,-9.9795,-4.7985,3.1073,6.2249,NaN,NaN,NaN,NaN,NaN
414.96,-34.507,-10.733,-17.377,-1.6381,0.35773,-9.8941,-4.4236,4.4556,6.361,0,0,0,NaN,NaN,NaN,NaN,NaN,NaN,NaN,NaN,NaN,46.778,0,3188,0.0064211,NaN,NaN,NaN,NaN,16.313,96930,11.25,-1.3767,0.16526,-9.9677,-4.6651,2.9938,6.2245,NaN,NaN,NaN,NaN,NaN
414.96,-34.519,-10.716,-17.367,-1.103,-0.010643,-8.4085,-4.7237,3.0591,6.4013,0,0,0,NaN,NaN,NaN,NaN,NaN,NaN,NaN,NaN,NaN,46.778,0,3188,0.0064211,NaN,NaN,NaN,NaN,16.362,96928,11.25,-1.3725,0.17572,-9.9276,-4.5287,2.9775,6.2094,NaN,NaN,NaN,NaN,NaN
414.96,-34.53,-10.708,-17.354,-1.3412,0.39157,-10.567,-3.9471,-0.33667,6.0637,0.63755,0.28732,-0.88417,NaN,NaN,NaN,NaN,NaN,NaN,NaN,NaN,NaN,46.778,0,3188,0.0064211,0.7654,2.5638,0.63168,0.09656,NaN,-1,-1,-1.3783,0.18866,-9.9473,-4.402,2.8947,6.19,NaN,NaN,NaN,NaN,NaN
414.97,-34.542,-10.689,-17.346,-1.8675,0.53604,-11.912,-4.4299,4.2332,6.2876,0,0,0,NaN,NaN,NaN,NaN,NaN,NaN,NaN,NaN,NaN,46.778,0,3188,0.0064211,NaN,NaN,NaN,NaN,NaN,-1,-1,-1.3805,0.2095,-9.9393,-4.2641,2.7949,6.18,NaN,NaN,NaN,NaN,NaN
414.97,-34.553,-10.669,-17.339,-1.5268,-0.74589,-7.9196,-4.164,4.9214,6.1373,0,0,0,NaN,NaN,NaN,NaN,NaN,NaN,NaN,NaN,NaN,46.778,0,3188,0.0064211,NaN,NaN,NaN,NaN,NaN,-1,-1,-1.3806,0.22721,-9.9118,-4.1349,2.8889,6.1587,NaN,NaN,NaN,NaN,NaN
414.97,-34.566,-10.663,-17.323,-0.90262,0.64509,-9.5976,-4.7053,-1.6049,6.0938,0,0,0,NaN,NaN,NaN,NaN,NaN,NaN,NaN,NaN,NaN,46.778,0,3188,0.0064211,NaN,NaN,NaN,NaN,16.137,96904,11.125,-1.383,0.23534,-9.9122,-3.9763,2.7695,6.1386,NaN,NaN,NaN,NaN,NaN
414.97,-34.588,-10.627,-17.308,-1.3777,0.45771,-9.5158,-4.0036,6.205,6.1732,0,0,0,NaN,NaN,NaN,NaN,NaN,NaN,NaN,NaN,NaN,46.778,0,3188,0.0064211,0.76485,2.4468,0.70897,0.050777,NaN,-1,-1,-1.3936,0.25411,-9.9114,-3.8203,2.7092,6.1257,NaN,NaN,NaN,NaN,NaN
414.98,-34.598,-10.613,-17.298,-0.96498,-0.30109,-8.0589,-3.6608,2.3758,5.8241,0,0,0,NaN,NaN,NaN,NaN,NaN,NaN,NaN,NaN,NaN,46.778,0,3188,0.0064211,NaN,NaN,NaN,NaN,16.558,96943,11.313,-1.3908,0.26619,-9.8885,-3.651,2.6542,6.1133,NaN,NaN,NaN,NaN,NaN
414.98,-34.608,-10.605,-17.283,-1.447,0.31928,-10.843,-3.6315,-0.74313,6.3722,0,0,0,NaN,NaN,NaN,NaN,NaN,NaN,NaN,NaN,NaN,46.778,0,3188,0.0064211,NaN,NaN,NaN,NaN,NaN,-1,-1,-1.3878,0.27267,-9.857,-3.4611,2.5584,6.1021,NaN,NaN,NaN,NaN,NaN
414.98,-34.617,-10.586,-17.276,-1.57,0.53121,-11.422,-3.5665,4.4171,6.1224,0.64272,0.28929,-0.89038,NaN,NaN,NaN,NaN,NaN,NaN,NaN,NaN,NaN,46.778,0,3188,0.0064211,NaN,NaN,NaN,NaN,16.337,96910,11.188,-1.4059,0.29628,-9.8739,-3.2987,2.4089,6.0986,NaN,NaN,NaN,NaN,NaN
414.98,-34.636,-10.557,-17.256,-1.1572,0.45249,-9.223,-3.4707,2.1476,5.9795,0,0,0,NaN,NaN,NaN,NaN,NaN,NaN,NaN,NaN,NaN,46.778,0,3188,0.0064211,NaN,NaN,NaN,NaN,NaN,-1,-1,-1.3997,0.30977,-9.8669,-3.1606,2.156,6.0811,NaN,NaN,NaN,NaN,NaN
414.99,-34.645,-10.545,-17.244,-1.7288,-0.075964,-10.262,-2.9178,1.4021,6.0161,0,0,0,NaN,NaN,NaN,NaN,NaN,NaN,NaN,NaN,NaN,46.778,0,3188,0.0064211,0.75883,2.5554,0.62681,0.10405,NaN,-1,-1,-1.3973,0.31684,-9.8446,-2.9919,2.1592,6.0815,NaN,NaN,NaN,NaN,NaN
414.99,-34.661,-10.516,-17.225,-1.3681,0.15851,-8.5472,-2.8137,2.0515,6.0516,0,0,0,NaN,NaN,NaN,NaN,NaN,NaN,NaN,NaN,NaN,46.778,0,3188,0.0064211,NaN,NaN,NaN,NaN,16.243,96948,11.375,-1.4131,0.33755,-9.8786,-2.8146,2.1922,6.0787,NaN,NaN,NaN,NaN,NaN
414.99,-34.669,-10.506,-17.212,-1.2365,-0.52682,-10.264,-2.8548,0.20048,5.7113,0,0,0,NaN,NaN,NaN,NaN,NaN,NaN,NaN,NaN,NaN,46.778,0,3188,0.0064211,NaN,NaN,NaN,NaN,NaN,-1,-1,-1.4087,0.3489,-9.8444,-2.6667,1.9102,6.0728,NaN,NaN,NaN,NaN,NaN
414.99,-34.677,-10.492,-17.202,-1.8143,0.85135,-11.01,-2.64,2.3146,6.1683,0,0,0,NaN,NaN,NaN,NaN,NaN,NaN,NaN,NaN,NaN,46.778,0,3188,0.0064211,NaN,NaN,NaN,NaN,16.383,96888,11.063,-1.4087,0.35853,-9.7952,-2.504,1.8978,6.0955,NaN,NaN,NaN,NaN,NaN
415,-34.682,-10.474,-17.195,-1.3511,1.0045,-9.0465,-1.8784,4.0956,5.9576,0.62835,0.28226,-0.89147,NaN,NaN,NaN,NaN,NaN,NaN,NaN,NaN,NaN,46.778,0,3188,0.0064211,NaN,NaN,NaN,NaN,NaN,-1,-1,-1.4139,0.37553,-9.7948,-2.3876,2.012,6.0955,NaN,NaN,NaN,NaN,NaN
415,-34.687,-10.46,-17.185,-1.1121,-0.62608,-8.0917,-1.9301,2.098,5.9393,0,0,0,NaN,NaN,NaN,NaN,NaN,NaN,NaN,NaN,NaN,46.778,0,3188,0.0064211,0.76759,2.5709,0.64811,NaN,NaN,-1,-1,-1.4209,0.37949,-9.7829,-2.2421,1.9923,6.0892,NaN,NaN,NaN,NaN,NaN
415,-34.693,-10.451,-17.17,-1.4858,0.79182,-10.852,-1.6221,-0.38497,6.1092,0,0,0,NaN,NaN,NaN,NaN,NaN,NaN,NaN,NaN,NaN,46.778,0,3188,0.0064211,NaN,NaN,NaN,0.07242,16.532,96933,11.25,-1.4169,0.3939,-9.7472,-2.1024,1.9346,6.0662,NaN,NaN,NaN,NaN,NaN
415,-34.698,-10.433,-17.162,-1.7045,0.52781,-11.29,-1.8141,3.9503,6.3561,0,0,0,NaN,NaN,NaN,NaN,NaN,NaN,NaN,NaN,NaN,46.778,0,3188,0.0064211,NaN,NaN,NaN,NaN,NaN,-1,-1,-1.4217,0.41567,-9.7144,-1.9778,1.8394,6.0669,NaN,NaN,NaN,NaN,NaN
415.01,-34.703,-10.419,-17.152,-1.6056,0.61821,-7.4703,-1.6588,2.4682,6.1379,0.63328,0.29431,-0.8888,NaN,NaN,NaN,NaN,NaN,NaN,NaN,NaN,NaN,46.778,0,3188,0.0064211,NaN,NaN,NaN,NaN,16.312,96935,11.25,-1.4213,0.43239,-9.7119,-1.8616,1.8487,6.0664,NaN,NaN,NaN,NaN,NaN
415.01,-34.708,-10.408,-17.139,-0.7516,0.49832,-9.8316,-1.6017,0.66096,6.2509,0,0,0,NaN,NaN,NaN,NaN,NaN,NaN,NaN,NaN,NaN,46.778,0,3188,0.0064211,NaN,NaN,NaN,NaN,NaN,-1,-1,-1.4246,0.43508,-9.7025,-1.7506,1.7459,6.0613,NaN,NaN,NaN,NaN,NaN
415.01,-34.712,-10.395,-17.128,-2.1414,0.56268,-10.311,-1.1838,1.5,6.0013,0,0,0,NaN,NaN,NaN,NaN,NaN,NaN,NaN,NaN,NaN,46.778,0,3188,0.0064211,0.77471,2.5709,0.65359,0.079079,16.508,96933,11.25,-1.4291,0.438,-9.6785,-1.639,1.7252,6.0469,NaN,NaN,NaN,NaN,NaN
415.01,-34.716,-10.378,-17.121,-1.7744,-0.046969,-9.5742,-1.5085,3.9574,5.7886,0,0,0,NaN,NaN,NaN,NaN,NaN,NaN,NaN,NaN,NaN,46.778,0,3188,0.0064211,NaN,NaN,NaN,NaN,NaN,-1,-1,-1.4331,0.45819,-9.6834,-1.5245,1.8742,6.0391,NaN,NaN,NaN,NaN,NaN
415.02,-34.722,-10.367,-17.108,-0.82045,0.35784,-8.2354,-1.7757,0.57468,6.1506,0.62841,0.27974,-0.89369,NaN,NaN,NaN,NaN,NaN,NaN,NaN,NaN,NaN,46.778,0,3188,0.0064211,NaN,NaN,NaN,NaN,NaN,-1,-1,-1.4258,0.47508,-9.6535,-1.4065,1.8904,6.0387,NaN,NaN,NaN,NaN,NaN
415.02,-34.727,-10.357,-17.096,-1.4258,0.52403,-10.928,-1.8435,0.46564,5.7634,0,0,0,NaN,NaN,NaN,NaN,NaN,NaN,NaN,NaN,NaN,46.778,0,3188,0.0064211,NaN,NaN,NaN,NaN,16.413,96958,11.375,-1.4281,0.48454,-9.6341,-1.325,1.7775,6.0418,NaN,NaN,NaN,NaN,NaN
415.02,-34.73,-10.339,-17.089,-2.2968,0.81732,-11.034,-1.0446,3.9959,5.8163,0,0,0,NaN,NaN,NaN,NaN,NaN,NaN,NaN,NaN,NaN,46.778,0,3188,0.0064211,NaN,NaN,NaN,NaN,NaN,-1,-1,-1.4411,0.50893,-9.6299,-1.2663,1.7802,6.0242,NaN,NaN,NaN,NaN,NaN
415.02,-34.736,-10.319,-17.064,-1.2138,-0.62025,-10.134,-0.41981,-2.4888,6.0102,0.62386,0.29444,-0.88965,NaN,NaN,NaN,NaN,NaN,NaN,NaN,NaN,NaN,46.778,0,3188,0.0064211,NaN,NaN,NaN,NaN,16.41,96934,11.25,-1.4425,0.51715,-9.6217,-1.1998,1.7511,6.0174,NaN,NaN,NaN,NaN,NaN
415.03,-34.739,-10.303,-17.054,-1.8974,0.79675,-11.346,-0.93249,2.8348,6.1926,0,0,0,NaN,NaN,NaN,NaN,NaN,NaN,NaN,NaN,NaN,46.778,0,3188,0.0064211,0.76978,2.5608,0.63229,0.09656,NaN,-1,-1,-1.439,0.52502,-9.581,-1.1405,1.8024,6.0002,NaN,NaN,NaN,NaN,NaN
415.03,-34.741,-10.283,-17.047,-1.3598,0.88813,-10.052,-0.71631,4.8073,6.3441,0,0,0,NaN,NaN,NaN,NaN,NaN,NaN,NaN,NaN,NaN,46.778,0,3188,0.0064211,NaN,NaN,NaN,NaN,NaN,-1,-1,-1.4443,0.54898,-9.5837,-1.1218,1.6757,5.9921,NaN,NaN,NaN,NaN,NaN
415.03,-34.745,-10.272,-17.034,-1.4791,0.57178,-6.8486,-1.1182,0.57714,6.3083,0,0,0,NaN,NaN,NaN,NaN,NaN,NaN,NaN,NaN,NaN,46.778,0,3188,0.0064211,NaN,NaN,NaN,NaN,16.383,96931,11.188,-1.4519,0.56205,-9.574,-1.1141,1.8557,6.1274,NaN,NaN,NaN,NaN,NaN
415.03,-34.75,-10.264,-17.02,-1.1651,0.65968,-11.338,-1.226,-0.61226,6.0328,0.61914,0.28958,-0.8923,NaN,NaN,NaN,NaN,NaN,NaN,NaN,NaN,NaN,46.778,0,3188,0.0064211,NaN,NaN,NaN,NaN,NaN,-1,-1,-1.4486,0.56259,-9.5638,-1.0912,1.8424,6.072,NaN,NaN,NaN,NaN,NaN
415.04,-34.753,-10.245,-17.013,-1.8646,0.96263,-10.217,-1.4117,4.5445,5.9523,0,0,0,NaN,NaN,NaN,NaN,NaN,NaN,NaN,NaN,NaN,46.778,0,3188,0.0064211,0.75555,2.5626,0.64872,0.087403,NaN,-1,-1,-1.4491,0.57561,-9.5392,-1.0439,1.7619,6.0218,NaN,NaN,NaN,NaN,NaN
415.04,-34.756,-10.229,-17.005,-1.6253,0.24275,-8.2892,-0.91329,3.2849,6.0475,0,0,0,NaN,NaN,NaN,NaN,NaN,NaN,NaN,NaN,NaN,46.778,0,3188,0.0064211,NaN,NaN,NaN,NaN,16.481,96908,11.125,-1.4488,0.58827,-9.5181,-1.0232,1.7667,5.9714,NaN,NaN,NaN,NaN,NaN
415.04,-34.761,-10.222,-16.991,-1.0367,0.091323,-8.8999,-1.5859,-0.78088,5.6919,0,0,0,NaN,NaN,NaN,NaN,NaN,NaN,NaN,NaN,NaN,46.778,0,3188,0.0064211,NaN,NaN,NaN,NaN,NaN,-1,-1,-1.4548,0.60285,-9.5204,-1.0342,1.7324,5.9152,NaN,NaN,NaN,NaN,NaN
415.04,-34.767,-10.211,-16.979,-1.4854,1.1333,-11.594,-1.7547,0.80214,5.8302,0.62858,0.29929,-0.887,NaN,NaN,NaN,NaN,NaN,NaN,NaN,NaN,NaN,46.778,0,3188,0.0064211,NaN,NaN,NaN,NaN,16.387,96929,11.25,-1.4495,0.63566,-9.5067,-1.0393,1.7816,5.9925,NaN,NaN,NaN,NaN,NaN
415.05,-34.769,-10.193,-16.973,-1.7855,1.0254,-10.355,-0.85537,4.3471,5.8273,0,0,0,NaN,NaN,NaN,NaN,NaN,NaN,NaN,NaN,NaN,46.778,0,3188,0.0064211,NaN,NaN,NaN,NaN,NaN,-1,-1,-1.4546,0.64338,-9.4752,-1.0476,1.8665,5.8996,NaN,NaN,NaN,NaN,NaN
415.05,-34.772,-10.178,-16.965,-1.0547,0.34327,-7.7478,-0.87582,2.9431,5.4094,0,0,0,NaN,NaN,NaN,NaN,NaN,NaN,NaN,NaN,NaN,46.778,0,3188,0.0064211,NaN,NaN,NaN,NaN,NaN,-1,-1,-1.4608,0.64427,-9.4681,-1.0505,1.841,5.7934,NaN,NaN,NaN,NaN,NaN
415.05,-34.774,-10.173,-16.95,-1.0731,0.31014,-10.022,-0.20403,-1.6039,5.6088,0,0,0,NaN,NaN,NaN,NaN,NaN,NaN,NaN,NaN,NaN,46.778,0,3225.2,0.0064211,0.77416,2.5709,0.64385,0.092398,16.412,96944,11.313,-1.4521,0.66097,-9.4643,-1.0445,1.8236,5.6882,NaN,NaN,NaN,NaN,NaN
415.05,-34.776,-10.16,-16.94,-1.909,1.1212,-10.949,-0.78025,1.8744,5.6639,0.6306,0.2971,-0.88237,NaN,NaN,NaN,NaN,NaN,NaN,NaN,NaN,NaN,46.778,0,3225.2,0.0064211,NaN,NaN,NaN,NaN,NaN,-1,-1,-1.4581,0.67855,-9.4404,-1.0182,1.9195,5.5888,NaN,NaN,NaN,NaN,NaN
415.06,-34.779,-10.14,-16.933,-1.5241,0.80569,-10.076,-0.99746,4.6602,6.2279,0,0,0,NaN,NaN,NaN,NaN,NaN,NaN,NaN,NaN,NaN,46.778,0,3225.2,0.0064211,NaN,NaN,NaN,NaN,NaN,-1,-1,-1.4559,0.69524,-9.4157,-1.0106,1.8693,5.4953,NaN,NaN,NaN,NaN,NaN
415.06,-34.783,-10.128,-16.924,-0.80573,0.78524,-7.1778,-1.3403,1.812,5.5353,0,0,0,NaN,NaN,NaN,NaN,NaN,NaN,NaN,NaN,NaN,46.778,0,3225.2,0.0064211,NaN,NaN,NaN,NaN,16.363,96944,11.313,-1.4529,0.70938,-9.41,-0.97792,1.811,5.4005,NaN,NaN,NaN,NaN,NaN
415.06,-34.787,-10.124,-16.908,-2.0281,1.1643,-11.847,-1.0457,-2.3839,5.5109,0,0,0,NaN,NaN,NaN,NaN,NaN,NaN,NaN,NaN,NaN,46.778,0,3192.3,0.0064211,0.77745,2.5674,0.65055,NaN,NaN,-1,-1,-1.4575,0.71914,-9.4079,-0.94284,1.8707,5.321,NaN,NaN,NaN,NaN,NaN
415.06,-34.789,-10.104,-16.905,-1.6072,0.42321,-9.9759,-0.93558,5.8217,5.2216,0.60961,0.29475,-0.88871,-4.7178,17.058,-3.5103,18.043,40.059,-88.548,3.6799e+05,4.4354e+06,326.31,46.778,0,3192.3,0.0064211,0.77745,2.5674,0.65055,NaN,16.457,96905,11.125,-1.4575,0.72775,-9.365,-0.93375,1.8284,5.249,18.035,0.16573,0.5437,1.7268,0.52628
415.07,-34.792,-10.09,-16.896,-0.96233,0.44668,-7.5189,-0.95042,2.6199,5.5149,0,0,0,NaN,NaN,NaN,NaN,NaN,NaN,NaN,NaN,NaN,46.778,0,3192.3,0.0064211,NaN,NaN,NaN,0.077414,NaN,-1,-1,-1.4408,0.72461,-9.2761,-0.92396,1.6954,5.1765,NaN,NaN,NaN,NaN,NaN
415.07,-34.797,-10.086,-16.88,-1.4952,0.64186,-9.7941,-1.4232,-2.6889,5.6346,0,0,0,NaN,NaN,NaN,NaN,NaN,NaN,NaN,NaN,NaN,46.778,0,3192.3,0.0064211,NaN,NaN,NaN,NaN,NaN,-1,-1,-1.4459,0.74884,-9.2897,-0.92613,1.7752,5.0998,NaN,NaN,NaN,NaN,NaN
415.07,-34.802,-10.073,-16.871,-2.2655,0.89746,-12.736,-1.6437,2.0551,5.3029,0,0,0,NaN,NaN,NaN,NaN,NaN,NaN,NaN,NaN,NaN,46.778,0,3192.3,0.0064211,NaN,NaN,NaN,NaN,16.261,96922,11.188,-1.4449,0.77107,-9.2551,-0.91086,1.8008,5.0027,NaN,NaN,NaN,NaN,NaN
415.07,-34.805,-10.054,-16.867,-0.63146,1.5107,-8.1988,-1.2988,5.3082,5.1803,0.62877,0.29665,-0.89143,NaN,NaN,NaN,NaN,NaN,NaN,NaN,NaN,NaN,46.778,0,3192.3,0.0064211,NaN,NaN,NaN,NaN,NaN,-1,-1,-1.442,0.78442,-9.2391,-0.89091,1.6497,4.9121,NaN,NaN,NaN,NaN,NaN
415.08,-34.808,-10.04,-16.843,-1.4938,0.59203,-10.924,-0.1021,-1.7124,5.3872,0,0,0,NaN,NaN,NaN,NaN,NaN,NaN,NaN,NaN,NaN,46.778,0,3192.3,0.0064211,0.7561,2.568,0.63959,0.079911,NaN,-1,-1,-1.4318,0.77789,-9.1671,-0.86548,1.5703,4.8202,NaN,NaN,NaN,NaN,NaN
415.08,-34.811,-10.024,-16.836,-1.6424,0.90316,-11.505,-1.0502,3.5866,5.2155,0,0,0,NaN,NaN,NaN,NaN,NaN,NaN,NaN,NaN,NaN,46.778,0,3192.3,0.0064211,NaN,NaN,NaN,NaN,16.337,96934,11.25,-1.4398,0.79667,-9.1977,-0.83535,1.702,4.7251,NaN,NaN,NaN,NaN,NaN
415.08,-34.814,-10.01,-16.829,-1.5435,1.4334,-7.7411,-0.96188,2.7359,5.3157,0.62412,0.29419,-0.89407,NaN,NaN,NaN,NaN,NaN,NaN,NaN,NaN,NaN,46.778,0,3192.3,0.0064211,NaN,NaN,NaN,NaN,16.261,96926,11.188,-1.4361,0.83124,-9.1682,-0.75167,1.4926,4.6579,NaN,NaN,NaN,NaN,NaN
415.08,-34.82,-9.9897,-16.809,-1.7662,1.3933,-9.6821,-0.69958,1.5317,4.888,0,0,0,NaN,NaN,NaN,NaN,NaN,NaN,NaN,NaN,NaN,46.778,0,3192.3,0.0064211,NaN,NaN,NaN,NaN,NaN,-1,-1,-1.4423,0.84292,-9.1685,-0.71534,1.4279,4.5812,NaN,NaN,NaN,NaN,NaN
415.09,0,0,0,0,0,0,0,0,0,0,0,0,NaN,NaN,NaN,NaN,NaN,NaN,NaN,NaN,NaN,46.778,0,3192.3,0.0064211,NaN,NaN,NaN,NaN,NaN,-1,-1,-1.448,0.8536,-9.1697,-0.63693,1.5365,4.5207,NaN,NaN,NaN,NaN,NaN
415.09,-34.821,-9.9773,-16.802,-1.6423,0.99975,-9.6539,-0.31587,2.3539,4.6683,0,0,0,NaN,NaN,NaN,NaN,NaN,NaN,NaN,NaN,NaN,46.778,0,3192.3,0.0064211,0.75993,2.5644,0.63412,0.10988,NaN,-1,-1,-1.4476,0.87297,-9.1607,-0.57494,1.5128,4.464,NaN,NaN,NaN,NaN,NaN
415.09,-34.825,-9.9673,-16.792,-1.2327,0.24751,-7.7041,-1.3645,0.98772,4.9654,0.62623,0.29932,-0.88721,NaN,NaN,NaN,NaN,NaN,NaN,NaN,NaN,NaN,46.778,0,3192.3,0.0064211,0.75993,2.5644,0.63412,0.10988,16.192,96958,11.375,-1.4457,0.88859,-9.1537,-0.53877,1.3322,4.3976,NaN,NaN,NaN,NaN,NaN
415.09,-34.832,-9.9463,-16.775,-2.1163,1.5368,-12.167,-0.93982,3.7124,4.6738,0,0,0,NaN,NaN,NaN,NaN,NaN,NaN,NaN,NaN,NaN,46.778,0,3192.3,0.0064211,NaN,NaN,NaN,NaN,NaN,-1,-1,-1.4517,0.90172,-9.1592,-0.51556,1.3352,4.3421,NaN,NaN,NaN,NaN,NaN
415.1,-34.832,-9.9321,-16.769,-0.81323,1.6421,-6.649,-0.21091,3.3037,4.5856,0,0,0,NaN,NaN,NaN,NaN,NaN,NaN,NaN,NaN,NaN,46.778,0,3192.3,0.0064211,NaN,NaN,NaN,NaN,NaN,-1,-1,-1.4535,0.9144,-9.1514,-0.4861,1.4518,4.2882,NaN,NaN,NaN,NaN,NaN
415.1,0,0,0,0,0,0,0,0,0,0,0,0,NaN,NaN,NaN,NaN,NaN,NaN,NaN,NaN,NaN,46.778,0,3192.3,0.0064211,NaN,NaN,NaN,NaN,16.432,96910,11.125,-1.4524,0.92212,-9.1333,-0.44208,1.3363,4.2109,NaN,NaN,NaN,NaN,NaN
415.1,-34.833,-9.9267,-16.758,-1.0035,0.25777,-9.0281,0.11047,-0.94647,4.548,0.61907,0.28718,-0.89231,NaN,NaN,NaN,NaN,NaN,NaN,NaN,NaN,NaN,46.778,0,3192.3,0.0064211,NaN,NaN,NaN,NaN,NaN,-1,-1,-1.4498,0.93557,-9.1365,-0.41637,1.1862,4.1384,NaN,NaN,NaN,NaN,NaN
415.1,-34.834,-9.9197,-16.748,-2.1669,0.94088,-10.992,-0.22649,-0.15596,4.5145,0,0,0,NaN,NaN,NaN,NaN,NaN,NaN,NaN,NaN,NaN,46.778,0,3192.3,0.0064211,0.7665,2.4552,0.7114,0.038291,16.334,96928,11.188,-1.455,0.96654,-9.1031,-0.34456,1.2302,4.0902,NaN,NaN,NaN,NaN,NaN
415.11,-34.837,-9.8925,-16.734,-1.2017,1.0148,-6.8981,-0.48742,1.3514,4.9171,0,0,0,NaN,NaN,NaN,NaN,NaN,NaN,NaN,NaN,NaN,46.778,0,3192.3,0.0064211,NaN,NaN,NaN,NaN,NaN,-1,-1,-1.453,0.98124,-9.094,-0.28509,1.3607,4.0373,NaN,NaN,NaN,NaN,NaN
415.11,-34.839,-9.8854,-16.724,-1.6076,1.1752,-10.1,-0.48065,-0.17298,4.5513,0.61908,0.2921,-0.89008,NaN,NaN,NaN,NaN,NaN,NaN,NaN,NaN,NaN,46.778,0,3192.3,0.0064211,NaN,NaN,NaN,NaN,NaN,-1,-1,-1.4526,0.98966,-9.0864,-0.22537,1.1467,3.986,NaN,NaN,NaN,NaN,NaN
415.11,-34.839,-9.862,-16.711,-1.7924,0.78269,-9.2893,-0.0064744,2.3939,4.2957,0,0,0,NaN,NaN,NaN,NaN,NaN,NaN,NaN,NaN,NaN,46.778,0,3192.3,0.0064211,NaN,NaN,NaN,NaN,16.114,96954,11.313,-1.4517,1.0028,-9.0608,-0.17623,1.0575,3.9374,NaN,NaN,NaN,NaN,NaN
415.11,-34.841,-9.855,-16.7,-1.4362,0.6487,-8.6486,-0.46576,-0.12903,4.4651,0,0,0,NaN,NaN,NaN,NaN,NaN,NaN,NaN,NaN,NaN,46.778,0,3192.3,0.0064211,NaN,NaN,NaN,NaN,NaN,-1,-1,-1.4425,1.0231,-9.0376,-0.10759,1.2437,3.9211,NaN,NaN,NaN,NaN,NaN
415.12,-34.831,-9.8484,-16.699,-1.3481,0.8614,-10.452,-0.84122,0.36996,4.2813,0.62151,0.29447,-0.88986,NaN,NaN,NaN,NaN,NaN,NaN,NaN,NaN,NaN,46.778,0,3192.3,0.0064211,NaN,NaN,NaN,NaN,NaN,-1,-1,-1.4472,1.036,-9.0229,-0.072555,1.2117,3.8785,NaN,NaN,NaN,NaN,NaN
415.12,-34.831,-9.8375,-16.693,-1.99,1.5473,-9.8712,0.018678,2.2421,3.8103,0,0,0,NaN,NaN,NaN,NaN,NaN,NaN,NaN,NaN,NaN,46.778,0,3192.3,0.0064211,NaN,NaN,NaN,NaN,16.386,96934,11.25,-1.4446,1.0657,-8.9859,-0.04956,0.91092,3.865,NaN,NaN,NaN,NaN,NaN
415.12,-34.831,-9.824,-16.689,-0.89366,1.8478,-8.1582,0.094252,3.4231,3.8825,0,0,0,NaN,NaN,NaN,NaN,NaN,NaN,NaN,NaN,NaN,46.778,0,3192.3,0.0064211,NaN,NaN,NaN,NaN,NaN,-1,-1,-1.4585,1.065,-9.0628,-0.026798,1.1175,3.8265,NaN,NaN,NaN,NaN,NaN
415.12,-34.829,-9.8229,-16.677,-1.0896,0.22803,-8.6799,1.0596,-2.466,3.6904,0,0,0,NaN,NaN,NaN,NaN,NaN,NaN,NaN,NaN,NaN,46.778,0,3192.3,0.0064211,NaN,NaN,NaN,NaN,16.36,96939,11.25,-1.4578,1.0774,-9.0484,-0.0099861,1.0198,3.7946,NaN,NaN,NaN,NaN,NaN
415.13,-34.828,-9.8134,-16.67,-1.9235,0.85289,-11.263,0.43058,1.4155,4.0112,0.62407,0.30163,-0.88963,NaN,NaN,NaN,NaN,NaN,NaN,NaN,NaN,NaN,46.778,0,3192.3,0.0064211,NaN,NaN,NaN,NaN,NaN,-1,-1,-1.4544,1.0899,-9.046,0.0011665,0.83515,3.7733,NaN,NaN,NaN,NaN,NaN
415.13,-34.828,-9.7988,-16.666,-1.6378,1.237,-10.009,0.042628,3.7259,4.189,0,0,0,NaN,NaN,NaN,NaN,NaN,NaN,NaN,NaN,NaN,46.778,0,3192.3,0.0064211,0.76923,2.5674,0.6542,NaN,NaN,-1,-1,-1.4567,1.1112,-9.0043,0.0072667,0.88236,3.7627,NaN,NaN,NaN,NaN,NaN
415.13,-34.828,-9.7894,-16.659,-1.1099,1.2838,-6.5727,-0.30711,1.4822,3.8515,0,0,0,NaN,NaN,NaN,NaN,NaN,NaN,NaN,NaN,NaN,46.778,0,3192.3,0.0064211,NaN,NaN,NaN,0.07242,16.461,96944,11.313,-1.47,1.1241,-9.1042,-0.0011258,1.0099,3.752,NaN,NaN,NaN,NaN,NaN
415.13,-34.828,-9.7859,-16.648,-1.4778,1.293,-10.086,0.33186,-1.4953,3.9668,0,0,0,NaN,NaN,NaN,NaN,NaN,NaN,NaN,NaN,NaN,46.778,0,3192.3,0.0064211,NaN,NaN,NaN,NaN,NaN,-1,-1,-1.4682,1.1238,-9.1036,0.011015,0.81793,3.7405,NaN,NaN,NaN,NaN,NaN
415.14,-34.83,-9.7767,-16.643,-1.7996,1.1482,-10.154,-0.54437,1.7587,3.2763,0.62157,0.29195,-0.89208,NaN,NaN,NaN,NaN,NaN,NaN,NaN,NaN,NaN,46.778,0,3192.3,0.0064211,NaN,NaN,NaN,NaN,NaN,-1,-1,-1.469,1.1283,-9.0899,0.039151,0.86922,3.7299,NaN,NaN,NaN,NaN,NaN
415.14,-34.828,-9.7652,-16.639,-1.485,0.95485,-8.6662,0.48518,2.5966,3.7344,0,0,0,NaN,NaN,NaN,NaN,NaN,NaN,NaN,NaN,NaN,46.778,0,3192.3,0.0064211,NaN,NaN,NaN,NaN,16.239,96947,11.313,-1.4723,1.1433,-9.0746,0.052857,0.99314,3.7388,NaN,NaN,NaN,NaN,NaN
415.14,-34.83,-9.7597,-16.63,-1.2721,0.30544,-7.7421,-0.46461,-0.1712,3.4787,0,0,0,NaN,NaN,NaN,NaN,NaN,NaN,NaN,NaN,NaN,46.778,0,3192.3,0.0064211,NaN,NaN,NaN,NaN,NaN,-1,-1,-1.4744,1.166,-9.0788,0.049395,0.9542,3.7426,NaN,NaN,NaN,NaN,NaN
415.14,-34.831,-9.7551,-16.621,-1.7551,1.556,-10.822,-0.40766,-0.56751,3.4075,0,0,0,NaN,NaN,NaN,NaN,NaN,NaN,NaN,NaN,NaN,46.778,0,3192.3,0.0064211,0.77799,2.4653,0.71627,0.043285,16.432,96931,11.188,-1.4767,1.1831,-9.0643,0.062248,0.91272,3.5761,NaN,NaN,NaN,NaN,NaN
415.15,-34.83,-9.744,-16.618,-1.6867,1.7956,-9.8717,0.23847,2.5136,3.5008,0.61465,0.30176,-0.89048,NaN,NaN,NaN,NaN,NaN,NaN,NaN,NaN,NaN,46.778,0,3192.3,0.0064211,NaN,NaN,NaN,NaN,NaN,-1,-1,-1.4747,1.1937,-9.0395,0.041241,0.97011,3.5287,NaN,NaN,NaN,NaN,NaN
415.15,-34.829,-9.7335,-16.614,-1.0241,1.1576,-7.6502,0.47309,2.533,3.1244,0,0,0,NaN,NaN,NaN,NaN,NaN,NaN,NaN,NaN,NaN,46.778,0,3192.3,0.0064211,NaN,NaN,NaN,NaN,NaN,-1,-1,-1.4797,1.1993,-9.0509,0.042917,0.88235,3.4832,NaN,NaN,NaN,NaN,NaN
415.15,-34.827,-9.7317,-16.604,-1.3846,0.37544,-9.1905,0.909,-1.8033,3.1971,0,0,0,NaN,NaN,NaN,NaN,NaN,NaN,NaN,NaN,NaN,46.778,0,3192.3,0.0064211,NaN,NaN,NaN,NaN,16.363,96944,11.313,-1.4812,1.2135,-9.0432,0.016715,0.98703,3.4504,NaN,NaN,NaN,NaN,NaN
415.15,-34.828,-9.7244,-16.596,-1.5184,1.5362,-9.8012,-0.18466,0.62344,3.6216,0,0,0,NaN,NaN,NaN,NaN,NaN,NaN,NaN,NaN,NaN,46.778,0,3192.3,0.0064211,NaN,NaN,NaN,NaN,NaN,-1,-1,-1.4772,1.2212,-9.0282,0.0060496,1.0693,3.4128,NaN,NaN,NaN,NaN,NaN
415.16,-34.827,-9.7118,-16.592,-1.7153,1.5422,-10.213,-0.00085944,3.0515,3.7592,0.62145,0.29699,-0.88764,NaN,NaN,NaN,NaN,NaN,NaN,NaN,NaN,NaN,46.778,0,3192.3,0.0064211,0.82946,2.4737,0.7114,0.0066593,NaN,-1,-1,-1.4842,1.2446,-9.0051,0.023137,1.0093,3.1954,NaN,NaN,NaN,NaN,NaN
415.16,-34.829,-9.7039,-16.587,-1.5766,0.90164,-6.8722,-0.66051,1.2291,3.1517,0,0,0,NaN,NaN,NaN,NaN,NaN,NaN,NaN,NaN,NaN,46.778,0,3192.3,0.0064211,NaN,NaN,NaN,NaN,16.26,96909,11.125,-1.4808,1.2617,-9.0044,0.045056,1.0467,3.1236,NaN,NaN,NaN,NaN,NaN
415.16,-34.831,-9.7045,-16.576,-0.94247,1.4786,-10.243,-0.44977,-2.7018,2.8786,0,0,0,NaN,NaN,NaN,NaN,NaN,NaN,NaN,NaN,NaN,46.778,0,3192.3,0.0064211,NaN,NaN,NaN,NaN,NaN,-1,-1,-1.4816,1.2573,-9.0085,0.04569,0.92104,3.0605,NaN,NaN,NaN,NaN,NaN
415.16,-34.83,-9.6938,-16.573,-1.9831,1.7343,-9.5448,0.2454,2.6474,3.0207,0,0,0,NaN,NaN,NaN,NaN,NaN,NaN,NaN,NaN,NaN,46.778,0,3192.3,0.0064211,NaN,NaN,NaN,NaN,16.309,96930,11.188,-1.4858,1.2686,-8.9989,0.001514,0.78565,3.0141,NaN,NaN,NaN,NaN,NaN
415.17,-34.829,-9.6836,-16.569,-1.5365,0.31104,-7.4969,0.081016,2.4156,3.062,0.61452,0.29696,-0.89049,NaN,NaN,NaN,NaN,NaN,NaN,NaN,NaN,NaN,46.778,0,3192.3,0.0064211,NaN,NaN,NaN,NaN,NaN,-1,-1,-1.4819,1.2815,-8.9748,-0.058514,0.8639,2.938,NaN,NaN,NaN,NaN,NaN
415.17,-34.832,-9.6847,-16.558,-1.2768,0.69173,-9.2042,-0.83892,-2.9347,2.7973,0,0,0,NaN,NaN,NaN,NaN,NaN,NaN,NaN,NaN,NaN,46.778,0,3192.3,0.0064211,0.8207,2.4719,0.70288,0.0033296,NaN,-1,-1,-1.4764,1.2958,-8.9752,-0.067538,0.90515,2.8511,NaN,NaN,NaN,NaN,NaN
415.17,-34.833,-9.678,-16.552,-1.7527,2.1229,-11.128,-0.41774,0.69597,3.0421,0,0,0,NaN,NaN,NaN,NaN,NaN,NaN,NaN,NaN,NaN,46.856,0,3196.6,0.0080533,NaN,NaN,NaN,NaN,16.212,96943,11.25,-1.4865,1.3124,-8.9752,-0.10519,0.68549,2.7708,NaN,NaN,NaN,NaN,NaN
415.17,-34.831,-9.6647,-16.553,-1.4072,1.5593,-8.6893,0.084683,4.5479,2.1759,0,0,0,NaN,NaN,NaN,NaN,NaN,NaN,NaN,NaN,NaN,46.856,0,3196.6,0.0080533,NaN,NaN,NaN,NaN,NaN,-1,-1,-1.4819,1.3141,-8.972,-0.13667,0.62923,2.6911,NaN,NaN,NaN,NaN,NaN
415.18,-34.83,-9.6622,-16.538,-1.674,1.5179,-11.136,0.14651,-2.3287,2.6098,0,0,0,NaN,NaN,NaN,NaN,NaN,NaN,NaN,NaN,NaN,46.856,0,3196.6,0.0080533,NaN,NaN,NaN,NaN,NaN,-1,-1,-1.484,1.3235,-8.9929,-0.17426,0.79971,2.6017,NaN,NaN,NaN,NaN,NaN
415.18,-34.828,-9.6487,-16.538,-1.7256,1.2351,-10.129,0.27502,4.2167,2.7798,0,0,0,NaN,NaN,NaN,NaN,NaN,NaN,NaN,NaN,NaN,46.856,0,3196.6,0.0080533,NaN,NaN,NaN,NaN,16.508,96957,11.313,-1.4866,1.354,-8.9735,-0.22498,0.73623,2.5089,NaN,NaN,NaN,NaN,NaN
415.18,-34.828,-9.6405,-16.534,-1.1736,1.5568,-7.903,-0.16358,1.6466,2.743,0,0,0,NaN,NaN,NaN,NaN,NaN,NaN,NaN,NaN,NaN,46.856,0,3196.6,0.0080533,NaN,NaN,NaN,NaN,NaN,-1,-1,-1.4881,1.3612,-8.9491,-0.21178,0.74421,2.4024,NaN,NaN,NaN,NaN,NaN
415.18,-34.83,-9.6387,-16.527,-1.8156,1.2288,-8.4777,-0.54838,-1.0779,2.1889,0.61922,0.2969,-0.89007,NaN,NaN,NaN,NaN,NaN,NaN,NaN,NaN,NaN,46.856,0,3196.6,0.0080533,0.75555,2.5674,0.63168,0.10905,16.163,96941,11.25,-1.4885,1.3694,-8.9521,-0.22587,0.68848,2.3082,NaN,NaN,NaN,NaN,NaN
415.19,-34.83,-9.6349,-16.522,-1.2738,1.9355,-9.8317,-0.072995,-0.040279,2.0749,0,0,0,NaN,NaN,NaN,NaN,NaN,NaN,NaN,NaN,NaN,46.856,0,3196.6,0.0080533,NaN,NaN,NaN,NaN,NaN,-1,-1,-1.4845,1.3644,-8.939,-0.28658,0.61068,2.2376,NaN,NaN,NaN,NaN,NaN
415.19,-34.828,-9.625,-16.52,-1.44,1.2243,-9.5726,0.48146,2.7143,2.3705,0,0,0,NaN,NaN,NaN,NaN,NaN,NaN,NaN,NaN,NaN,46.856,0,3196.6,0.0080533,NaN,NaN,NaN,NaN,16.48,96914,11.125,-1.4875,1.3693,-8.9088,-0.36466,0.63419,2.1512,NaN,NaN,NaN,NaN,NaN
415.19,-34.83,-9.6191,-16.516,-1.7187,0.12613,-6.7737,-1.0612,0.85428,2.2942,0,0,0,NaN,NaN,NaN,NaN,NaN,NaN,NaN,NaN,NaN,46.856,0,3196.6,0.0080533,NaN,NaN,NaN,NaN,16.311,96960,11.313,-1.4865,1.3846,-8.9385,-0.44145,0.64082,2.0625,NaN,NaN,NaN,NaN,NaN
415.19,-34.833,-9.6197,-16.508,-1.3512,1.3085,-10.233,-0.90814,-2.0724,1.905,0.62191,0.29902,-0.89427,NaN,NaN,NaN,NaN,NaN,NaN,NaN,NaN,NaN,46.856,0,3196.6,0.0080533,0.82453,2.4737,0.70897,NaN,NaN,-1,-1,-1.4742,1.4006,-8.9199,-0.51225,0.54082,1.9424,NaN,NaN,NaN,NaN,NaN
415.2,-34.833,-9.6132,-16.506,-1.9214,2.263,-9.8545,-0.38635,1.5771,1.6502,0,0,0,NaN,NaN,NaN,NaN,NaN,NaN,NaN,NaN,NaN,46.856,0,3196.6,0.0080533,NaN,NaN,NaN,NaN,NaN,-1,-1,-1.4727,1.4208,-8.9203,-0.55263,0.51101,1.8301,NaN,NaN,NaN,NaN,NaN
415.2,-34.832,-9.6017,-16.502,-1.2698,1.0899,-7.5182,-0.2505,0.043545,1.2288,0,0,0,NaN,NaN,NaN,NaN,NaN,NaN,NaN,NaN,NaN,46.856,0,3196.6,0.0080533,NaN,NaN,NaN,NaN,16.311,96916,11.188,-1.4804,1.4175,-8.9269,-0.60039,0.50489,1.7287,NaN,NaN,NaN,NaN,NaN
415.2,-34.83,-9.6,-16.497,-1.7803,1.3625,-9.6299,0.51228,-0.8046,1.6967,0.61695,0.30425,-0.88805,NaN,NaN,NaN,NaN,NaN,NaN,NaN,NaN,NaN,46.856,0,3196.6,0.0080533,NaN,NaN,NaN,NaN,16.263,96934,11.25,-1.4775,1.4255,-8.9014,-0.70279,0.51214,1.633,NaN,NaN,NaN,NaN,NaN
415.2,-34.834,-9.5846,-16.494,-1.5429,1.9868,-6.9255,-1.4363,2.3024,1.9524,0,0,0,NaN,NaN,NaN,NaN,NaN,NaN,NaN,NaN,NaN,46.856,0,3196.6,0.0080533,NaN,NaN,NaN,NaN,NaN,-1,-1,-1.4783,1.4378,-8.863,-0.75887,0.42496,1.5335,NaN,NaN,NaN,NaN,NaN
415.21,-34.835,-9.5827,-16.49,-1.4723,1.9732,-9.2811,-0.59313,-0.39437,1.2812,0,0,0,NaN,NaN,NaN,NaN,NaN,NaN,NaN,NaN,NaN,46.856,0,3196.6,0.0080533,NaN,NaN,NaN,NaN,NaN,-1,-1,-1.4856,1.4496,-8.887,-0.78595,0.4225,1.4113,NaN,NaN,NaN,NaN,NaN
415.21,-34.836,-9.5794,-16.487,-1.5667,0.7287,-9.1898,-0.51532,0.26115,1.2456,0.62131,0.29219,-0.88766,NaN,NaN,NaN,NaN,NaN,NaN,NaN,NaN,NaN,46.856,0,3196.6,0.0080533,NaN,NaN,NaN,NaN,NaN,-1,-1,-1.4784,1.4554,-8.8594,-0.80424,0.32657,1.3038,NaN,NaN,NaN,NaN,NaN
415.21,-34.839,-9.5688,-16.484,-1.5296,1.2159,-7.4655,-1.2903,1.4145,1.4781,0,0,0,NaN,NaN,NaN,NaN,NaN,NaN,NaN,NaN,NaN,46.856,0,3196.6,0.0080533,NaN,NaN,NaN,NaN,16.434,96936,11.25,-1.4727,1.4486,-8.8587,-0.87457,0.18336,1.2088,NaN,NaN,NaN,NaN,NaN
415.21,-34.843,-9.5726,-16.476,-1.4177,0.97517,-9.6524,-1.5476,-3.0772,1.0912,0,0,0,NaN,NaN,NaN,NaN,NaN,NaN,NaN,NaN,NaN,46.856,0,3196.6,0.0080533,NaN,NaN,NaN,NaN,NaN,-1,-1,-1.4784,1.4541,-8.8672,-0.96571,0.32344,1.1391,NaN,NaN,NaN,NaN,NaN
415.22,-34.846,-9.5667,-16.477,-1.9946,2.2506,-11.368,-1.5051,2.0059,0.65432,0.62641,0.29176,-0.89387,NaN,NaN,NaN,NaN,NaN,NaN,NaN,NaN,NaN,46.856,0,3196.6,0.0080533,0.7654,2.568,0.63533,0.080744,16.309,96932,11.188,-1.477,1.4669,-8.8524,-1.0536,0.45408,1.0358,NaN,NaN,NaN,NaN,NaN
415.22,-34.846,-9.5564,-16.482,-0.835,2.2744,-6.451,-0.63719,4.2811,0.41935,0,0,0,NaN,NaN,NaN,NaN,NaN,NaN,NaN,NaN,NaN,46.856,0,3196.6,0.0080533,NaN,NaN,NaN,NaN,NaN,-1,-1,-1.4708,1.4733,-8.826,-1.1247,0.2427,0.92465,NaN,NaN,NaN,NaN,NaN
415.22,-34.847,-9.5621,-16.474,-1.0842,0.1529,-7.7436,-0.25411,-3.8208,0.87027,0,0,0,NaN,NaN,NaN,NaN,NaN,NaN,NaN,NaN,NaN,46.856,0,3196.6,0.0080533,NaN,NaN,NaN,NaN,NaN,-1,-1,-1.467,1.4935,-8.8343,-1.1649,0.24526,0.80733,NaN,NaN,NaN,NaN,NaN
415.22,-34.85,-9.5615,-16.47,-2.2898,2.057,-11.614,-1.437,-0.75636,0.88963,0,0,0,NaN,NaN,NaN,NaN,NaN,NaN,NaN,NaN,NaN,46.856,0,3196.6,0.0080533,NaN,NaN,NaN,NaN,16.037,96948,11.25,-1.4724,1.4894,-8.8346,-1.2121,0.37502,0.71194,NaN,NaN,NaN,NaN,NaN
415.23,-34.851,-9.5493,-16.475,-1.2899,1.6697,-9.9277,-1.2734,4.9058,0.83749,0.61922,0.2969,-0.89007,NaN,NaN,NaN,NaN,NaN,NaN,NaN,NaN,NaN,46.856,0,3196.6,0.0080533,NaN,NaN,NaN,NaN,NaN,-1,-1,-1.4717,1.4931,-8.8249,-1.305,0.30265,0.6197,NaN,NaN,NaN,NaN,NaN
415.23,-34.856,-9.5459,-16.474,-1.0949,1.2568,-4.7757,-2.2379,0.82409,0.60619,0,0,0,NaN,NaN,NaN,NaN,NaN,NaN,NaN,NaN,NaN,46.856,0,3196.6,0.0080533,0.76267,2.4462,0.71566,0.04495,NaN,-1,-1,-1.4757,1.5074,-8.8473,-1.3731,0.22943,0.52867,NaN,NaN,NaN,NaN,NaN
415.23,-34.86,-9.5539,-16.466,-1.8789,2.1807,-10.615,-1.5652,-4.5664,0.30733,0,0,0,NaN,NaN,NaN,NaN,NaN,NaN,NaN,NaN,NaN,46.856,0,3196.6,0.0080533,NaN,NaN,NaN,NaN,16.507,96940,11.25,-1.4754,1.5245,-8.8247,-1.3972,0.3601,0.40614,NaN,NaN,NaN,NaN,NaN
415.23,-34.861,-9.5447,-16.47,-1.4607,1.7123,-10.697,-1.2379,3.8447,0.31908,0,0,0,NaN,NaN,NaN,NaN,NaN,NaN,NaN,NaN,NaN,46.856,0,3196.6,0.0080533,NaN,NaN,NaN,NaN,NaN,-1,-1,-1.4759,1.5288,-8.7876,-1.4085,0.34309,0.31125,NaN,NaN,NaN,NaN,NaN
415.24,-34.87,-9.5443,-16.465,-1.2868,1.0862,-7.8731,-2.2699,-4.4433,0.40829,0,0,0,NaN,NaN,NaN,NaN,NaN,NaN,NaN,NaN,NaN,46.856,0,3196.6,0.0080533,NaN,NaN,NaN,NaN,NaN,-1,-1,-1.4726,1.5263,-8.7912,-1.4384,0.44656,0.22112,NaN,NaN,NaN,NaN,NaN
415.24,-34.874,-9.542,-16.464,-2.0117,2.2283,-11.91,-2.2114,0.50042,0.27382,0,0,0,NaN,NaN,NaN,NaN,NaN,NaN,NaN,NaN,NaN,46.856,0,3196.6,0.0080533,NaN,NaN,NaN,NaN,16.406,96936,11.188,-1.4756,1.536,-8.7856,-1.4969,0.4089,0.13516,NaN,NaN,NaN,NaN,NaN
415.24,-34.876,-9.5328,-16.471,-1.4098,1.7617,-8.1112,-1.3157,4.2929,-0.32962,0,0,0,NaN,NaN,NaN,NaN,NaN,NaN,NaN,NaN,NaN,46.856,0,3196.6,0.0080533,0.76267,2.5703,0.63107,0.077414,NaN,-1,-1,-1.4727,1.539,-8.7841,-1.5794,0.44034,0.04102,NaN,NaN,NaN,NaN,NaN
415.24,-34.878,-9.5328,-16.47,-1.0877,1.6068,-6.4248,-1.2131,-0.23096,-0.31077,0.61707,0.29921,-0.89248,NaN,NaN,NaN,NaN,NaN,NaN,NaN,NaN,NaN,46.856,0,3196.6,0.0080533,NaN,NaN,NaN,NaN,16.233,96899,11.063,-1.4748,1.5598,-8.7752,-1.6074,0.51427,-0.059384,NaN,NaN,NaN,NaN,NaN
415.25,-34.879,-9.5391,-16.465,-1.4316,1.6793,-9.7421,-0.5529,-3.3707,-0.20907,0,0,0,NaN,NaN,NaN,NaN,NaN,NaN,NaN,NaN,NaN,46.856,0,3196.6,0.0080533,NaN,NaN,NaN,NaN,NaN,-1,-1,-1.4678,1.5672,-8.7556,-1.5816,0.496,-0.16047,NaN,NaN,NaN,NaN,NaN
415.25,-34.881,-9.5326,-16.468,-2.0764,1.2124,-10.686,-1.6102,2.7826,-0.043545,0,0,0,NaN,NaN,NaN,NaN,NaN,NaN,NaN,NaN,NaN,46.856,0,3196.6,0.0080533,NaN,NaN,NaN,NaN,NaN,-1,-1,-1.472,1.5581,-8.7418,-1.6057,0.4928,-0.25695,NaN,NaN,NaN,NaN,NaN
415.25,-34.884,-9.5267,-16.471,-1.2118,1.5845,-7.6178,-1.5763,2.3147,0.15298,0,0,0,NaN,NaN,NaN,NaN,NaN,NaN,NaN,NaN,NaN,46.856,0,3196.6,0.0080533,0.77252,2.4456,0.7114,NaN,16.408,96905,11.125,-1.4747,1.5778,-8.7634,-1.636,0.5234,-0.3457,NaN,NaN,NaN,NaN,NaN
415.25,-34.889,-9.5285,-16.47,-1.1545,2.6476,-6.8901,-2.4588,-1.0006,-0.44599,0.61028,0.30398,-0.89531,NaN,NaN,NaN,NaN,NaN,NaN,NaN,NaN,NaN,46.856,0,3196.6,0.0080533,0.77252,2.4456,0.7114,NaN,NaN,-1,-1,-1.4742,1.5821,-8.7232,-1.6545,0.61076,-0.43456,NaN,NaN,NaN,NaN,NaN
415.26,-34.891,-9.5339,-16.467,-2.0967,1.6036,-10.517,-0.93129,-2.514,-0.80999,0,0,0,NaN,NaN,NaN,NaN,NaN,NaN,NaN,NaN,NaN,46.856,0,3196.6,0.0080533,NaN,NaN,NaN,0.036626,NaN,-1,-1,-1.4761,1.5979,-8.6792,-1.6503,0.51435,-0.54778,NaN,NaN,NaN,NaN,NaN
415.26,-34.893,-9.5269,-16.472,-1.4492,0.97602,-9.2367,-1.6567,3.4816,-0.70806,0,0,0,NaN,NaN,NaN,NaN,NaN,NaN,NaN,NaN,NaN,46.856,0,3196.6,0.0080533,NaN,NaN,NaN,NaN,16.36,96961,11.313,-1.4724,1.6104,-8.6955,-1.6009,0.50299,-0.65692,NaN,NaN,NaN,NaN,NaN
415.26,-34.897,-9.5228,-16.475,-1.2865,0.9167,-6.2062,-2.3135,1.8885,-0.47051,0,0,0,NaN,NaN,NaN,NaN,NaN,NaN,NaN,NaN,NaN,46.856,0,3196.6,0.0080533,NaN,NaN,NaN,NaN,NaN,-1,-1,-1.4792,1.6052,-8.6828,-1.6615,0.58855,-0.82749,NaN,NaN,NaN,NaN,NaN
415.26,-34.907,-9.531,-16.472,-2.0959,1.5849,-12.782,-2.1144,0.45241,-0.91352,0,0,0,NaN,NaN,NaN,NaN,NaN,NaN,NaN,NaN,NaN,46.856,0,3196.6,0.0080533,NaN,NaN,NaN,NaN,16.311,96959,11.313,-1.477,1.6024,-8.6513,-1.6229,0.66001,-0.92308,NaN,NaN,NaN,NaN,NaN
415.27,-34.909,-9.5222,-16.479,-0.76657,2.2347,-6.4607,-1.592,4.4498,-0.89576,0,0,0,NaN,NaN,NaN,NaN,NaN,NaN,NaN,NaN,NaN,46.856,0,3196.6,0.0080533,NaN,NaN,NaN,NaN,NaN,-1,-1,-1.4711,1.6181,-8.6284,-1.6116,0.58254,-0.99123,NaN,NaN,NaN,NaN,NaN
415.27,-34.909,-9.5257,-16.48,-1.1681,1.8829,-6.5918,-0.64956,-1.0905,-1.5034,0,0,0,NaN,NaN,NaN,NaN,NaN,NaN,NaN,NaN,NaN,46.856,0,3196.6,0.0080533,0.77252,2.4397,0.71201,0.031632,NaN,-1,-1,-1.4826,1.6349,-8.6444,-1.648,0.71519,-1.057,NaN,NaN,NaN,NaN,NaN
415.27,-34.912,-9.5323,-16.477,-2.0342,1.3448,-10.174,-1.2817,-2.8421,-1.1231,0.61457,0.29444,-0.89271,NaN,NaN,NaN,NaN,NaN,NaN,NaN,NaN,NaN,46.778,0,3189.5,0.0069644,NaN,NaN,NaN,NaN,16.287,96938,11.25,-1.4798,1.645,-8.5972,-1.6761,0.58137,-1.234,NaN,NaN,NaN,NaN,NaN
415.27,-34.914,-9.5267,-16.484,-1.5604,1.4602,-10.29,-1.5927,3.0919,-1.1993,0,0,0,NaN,NaN,NaN,NaN,NaN,NaN,NaN,NaN,NaN,46.778,0,3189.5,0.0069644,NaN,NaN,NaN,NaN,NaN,-1,-1,-1.4712,1.6459,-8.5592,-1.6709,0.54533,-1.3179,NaN,NaN,NaN,NaN,NaN
415.28,-34.917,-9.5222,-16.488,-1.3778,1.9189,-6.8586,-1.7885,2.389,-0.85634,0,0,0,NaN,NaN,NaN,NaN,NaN,NaN,NaN,NaN,NaN,46.778,0,3189.5,0.0069644,NaN,NaN,NaN,NaN,NaN,-1,-1,-1.4787,1.6615,-8.5385,-1.6038,0.652,-1.3964,NaN,NaN,NaN,NaN,NaN
415.28,-34.92,-9.5258,-16.488,-1.5025,2.3392,-7.2694,-1.6338,-1.2133,-1.418,0,0,0,NaN,NaN,NaN,NaN,NaN,NaN,NaN,NaN,NaN,46.778,0,3189.5,0.0069644,0.77033,2.4427,0.71566,0.054939,16.675,96946,11.25,-1.4705,1.6644,-8.51,-1.5333,0.57165,-1.4593,NaN,NaN,NaN,NaN,NaN
415.28,-34.921,-9.5297,-16.49,-1.6861,1.6387,-9.9095,-1.1146,-1.0681,-1.8113,0.61256,0.30155,-0.89511,NaN,NaN,NaN,NaN,NaN,NaN,NaN,NaN,NaN,46.778,0,3189.5,0.0069644,0.77033,2.4427,0.71566,0.054939,NaN,-1,-1,-1.471,1.6735,-8.4612,-1.5043,0.4783,-1.5172,NaN,NaN,NaN,NaN,NaN
415.28,-34.922,-9.5265,-16.496,-1.5452,0.88724,-8.9324,-1.3781,2.2207,-1.6162,0,0,0,NaN,NaN,NaN,NaN,NaN,NaN,NaN,NaN,NaN,46.778,0,3189.5,0.0069644,NaN,NaN,NaN,NaN,16.409,96939,11.25,-1.4651,1.6887,-8.4543,-1.445,0.60605,-1.5911,NaN,NaN,NaN,NaN,NaN
415.29,-34.926,-9.5266,-16.499,-1.4234,1.4262,-7.249,-2.1329,0.61994,-1.5493,0,0,0,NaN,NaN,NaN,NaN,NaN,NaN,NaN,NaN,NaN,46.778,0,3189.5,0.0069644,NaN,NaN,NaN,NaN,NaN,-1,-1,-1.4702,1.6844,-8.427,-1.415,0.66575,-1.6517,NaN,NaN,NaN,NaN,NaN
415.29,-34.931,-9.5326,-16.5,-1.4182,1.3702,-8.7755,-2.4346,-1.9757,-2.0019,0,0,0,NaN,NaN,NaN,NaN,NaN,NaN,NaN,NaN,NaN,46.778,0,3189.5,0.0069644,NaN,NaN,NaN,NaN,NaN,-1,-1,-1.4727,1.6832,-8.3836,-1.3956,0.42051,-1.7052,NaN,NaN,NaN,NaN,NaN
415.29,-34.933,-9.5327,-16.504,-2.0979,2.187,-10.689,-1.6288,0.82844,-1.9695,0.61875,0.28994,-0.88567,-5.8674,16.722,-3.8273,18.13,40.059,-88.548,3.6799e+05,4.4354e+06,325.37,46.778,0,3189.5,0.0069644,NaN,NaN,NaN,NaN,16.165,96947,11.313,-1.4662,1.7009,-8.3663,-1.3923,0.59854,-1.7631,18.09,-1.2001,0.19014,0.6022,-3.7952
415.29,-34.933,-9.5278,-16.513,-0.87867,3.156,-7.1417,-0.93793,3.3958,-2.0727,0,0,0,NaN,NaN,NaN,NaN,NaN,NaN,NaN,NaN,NaN,46.778,0,3189.5,0.0069644,0.75172,2.5554,0.62681,0.097392,NaN,-1,-1,-1.474,1.7182,-8.3555,-1.3776,0.38694,-1.8265,NaN,NaN,NaN,NaN,NaN
415.3,-34.933,-9.533,-16.515,-1.1272,0.89947,-6.6312,-0.26774,-1.308,-2.3888,0,0,0,NaN,NaN,NaN,NaN,NaN,NaN,NaN,NaN,NaN,46.778,0,3189.5,0.0069644,NaN,NaN,NaN,NaN,NaN,-1,-1,-1.4749,1.7274,-8.2985,-1.3446,0.24933,-1.9082,NaN,NaN,NaN,NaN,NaN
415.3,-34.934,-9.5402,-16.516,-2.1446,0.92626,-10.724,-1.0866,-2.2667,-2.386,0,0,0,NaN,NaN,NaN,NaN,NaN,NaN,NaN,NaN,NaN,46.778,0,3189.5,0.0069644,NaN,NaN,NaN,NaN,16.262,96939,11.25,-1.4676,1.7267,-8.2427,-1.294,0.36914,-1.9907,NaN,NaN,NaN,NaN,NaN
415.3,-34.936,-9.5351,-16.525,-1.1563,2.135,-10.406,-1.862,3.4851,-2.0369,0.61727,0.30149,-0.89469,NaN,NaN,NaN,NaN,NaN,NaN,NaN,NaN,NaN,46.778,0,3189.5,0.0069644,NaN,NaN,NaN,NaN,NaN,-1,-1,-1.4749,1.7354,-8.2479,-1.2621,0.39177,-2.0637,NaN,NaN,NaN,NaN,NaN
415.3,-34.939,-9.5332,-16.531,-1.3843,1.7809,-5.4564,-1.7997,1.9824,-2.1209,0,0,0,NaN,NaN,NaN,NaN,NaN,NaN,NaN,NaN,NaN,46.778,0,3189.5,0.0069644,NaN,NaN,NaN,NaN,16.458,96960,11.313,-1.4653,1.731,-8.14,-1.2012,0.19218,-2.1321,NaN,NaN,NaN,NaN,NaN
415.31,-34.941,-9.5409,-16.533,-1.9039,2.4204,-8.7513,-1.4483,-2.3322,-2.691,0,0,0,NaN,NaN,NaN,NaN,NaN,NaN,NaN,NaN,NaN,46.778,0,3189.5,0.0069644,NaN,NaN,NaN,NaN,NaN,-1,-1,-1.4663,1.7409,-8.1165,-1.1623,0.20041,-2.2176,NaN,NaN,NaN,NaN,NaN
415.31,-34.942,-9.5464,-16.536,-1.434,1.9285,-9.8983,-1.1107,-1.0039,-3.0186,0,0,0,NaN,NaN,NaN,NaN,NaN,NaN,NaN,NaN,NaN,46.778,0,3189.5,0.0069644,NaN,NaN,NaN,NaN,NaN,-1,-1,-1.4638,1.7536,-8.054,-1.113,0.27902,-2.2821,NaN,NaN,NaN,NaN,NaN
415.31,-34.943,-9.543,-16.547,-1.4032,1.0797,-8.7184,-1.3958,3.1936,-2.8337,0.63093,0.29926,-0.88679,NaN,NaN,NaN,NaN,NaN,NaN,NaN,NaN,NaN,46.778,0,3189.5,0.0069644,NaN,NaN,NaN,NaN,16.432,96953,11.25,-1.4587,1.7458,-7.98,-1.1113,0.16314,-2.3548,NaN,NaN,NaN,NaN,NaN
415.31,-34.945,-9.546,-16.551,-1.6611,1.3331,-6.4905,-1.6828,-0.14857,-2.5064,0,0,0,NaN,NaN,NaN,NaN,NaN,NaN,NaN,NaN,NaN,46.778,0,3189.5,0.0069644,NaN,NaN,NaN,NaN,NaN,-1,-1,-1.4557,1.7379,-7.9354,-1.08,-0.009069,-2.4462,NaN,NaN,NaN,NaN,NaN
415.32,0,0,0,0,0,0,0,0,0,0,0,0,NaN,NaN,NaN,NaN,NaN,NaN,NaN,NaN,NaN,46.778,0,3189.5,0.0069644,NaN,NaN,NaN,NaN,NaN,-1,-1,-1.4599,1.7465,-7.8977,-1.0828,0.11053,-2.5391,NaN,NaN,NaN,NaN,NaN
415.32,-34.949,-9.5539,-16.551,-1.4858,2.2109,-9.2087,-1.9357,-2.5373,-2.5217,0,0,0,NaN,NaN,NaN,NaN,NaN,NaN,NaN,NaN,NaN,46.778,0,3189.5,0.0069644,0.76595,2.4576,0.71992,NaN,16.308,96935,11.188,-1.4707,1.7778,-7.9161,-1.0672,0.10957,-2.6377,NaN,NaN,NaN,NaN,NaN
415.32,-34.948,-9.5525,-16.57,-0.95261,2.3306,-6.1422,-0.83784,2.3587,-3.4066,0.62903,0.29641,-0.89585,NaN,NaN,NaN,NaN,NaN,NaN,NaN,NaN,NaN,46.778,0,3189.5,0.0069644,NaN,NaN,NaN,0.026637,NaN,-1,-1,-1.4693,1.7918,-7.8717,-1.0516,0.062338,-2.7516,NaN,NaN,NaN,NaN,NaN
415.32,-34.946,-9.5621,-16.572,-1.2806,1.5705,-8.9521,0.17767,-2.8171,-3.2919,0,0,0,NaN,NaN,NaN,NaN,NaN,NaN,NaN,NaN,NaN,46.778,0,3189.5,0.0069644,NaN,NaN,NaN,NaN,16.363,96986,11.438,-1.4675,1.8064,-7.8238,-1.0233,0.22088,-2.8492,NaN,NaN,NaN,NaN,NaN
415.33,0,0,0,0,0,0,0,0,0,0,0,0,NaN,NaN,NaN,NaN,NaN,NaN,NaN,NaN,NaN,46.778,0,3189.5,0.0069644,NaN,NaN,NaN,NaN,NaN,-1,-1,-1.4809,1.8008,-7.8223,-1.0055,0.20063,-2.9546,NaN,NaN,NaN,NaN,NaN
415.33,-34.945,-9.5623,-16.587,-1.3823,1.9716,-10.55,-0.76662,2.0979,-2.8927,0,0,0,NaN,NaN,NaN,NaN,NaN,NaN,NaN,NaN,NaN,46.778,0,3189.5,0.0069644,NaN,NaN,NaN,NaN,NaN,-1,-1,-1.4823,1.8092,-7.7791,-1.0109,0.027653,-3.0569,NaN,NaN,NaN,NaN,NaN
415.33,-34.947,-9.5642,-16.595,-1.344,2.9069,-5.9353,-1.6485,0.9679,-3.3819,0.61936,0.3017,-0.89005,NaN,NaN,NaN,NaN,NaN,NaN,NaN,NaN,NaN,46.778,0,3189.5,0.0069644,NaN,NaN,NaN,NaN,16.308,96936,11.188,-1.483,1.8306,-7.7082,-1.0171,0.14102,-3.1778,NaN,NaN,NaN,NaN,NaN
415.33,-34.948,-9.5719,-16.599,-1.9484,1.9476,-8.9017,-1.1675,-1.7329,-3.4898,0,0,0,NaN,NaN,NaN,NaN,NaN,NaN,NaN,NaN,NaN,46.778,0,3189.5,0.0069644,0.76595,2.5632,0.62621,0.10988,NaN,-1,-1,-1.4931,1.8407,-7.6861,-1.0201,0.23412,-3.2897,NaN,NaN,NaN,NaN,NaN
415.34,-34.947,-9.5765,-16.616,-1.7503,1.7459,-8.103,-0.9098,0.95736,-3.6507,0,0,0,NaN,NaN,NaN,NaN,NaN,NaN,NaN,NaN,NaN,46.778,0,3189.5,0.0069644,NaN,NaN,NaN,NaN,NaN,-1,-1,-1.4868,1.833,-7.6617,-1.073,0.16985,-3.4055,NaN,NaN,NaN,NaN,NaN
415.34,-34.941,-9.5797,-16.634,-1.498,1.29,-7.7315,-1.6136,0.4492,-3.1793,0.61701,0.30173,-0.89026,NaN,NaN,NaN,NaN,NaN,NaN,NaN,NaN,NaN,46.778,0,3189.5,0.0069644,NaN,NaN,NaN,NaN,16.41,96958,11.313,-1.5068,1.8445,-7.7093,-1.1194,0.10823,-3.5358,NaN,NaN,NaN,NaN,NaN
415.34,-34.944,-9.5866,-16.639,-1.5001,1.7493,-9.0395,-1.8606,-1.1903,-3.7719,0,0,0,NaN,NaN,NaN,NaN,NaN,NaN,NaN,NaN,NaN,46.778,0,3189.5,0.0069644,NaN,NaN,NaN,NaN,NaN,-1,-1,-1.5083,1.8498,-7.6774,-1.2089,0.13804,-3.6554,NaN,NaN,NaN,NaN,NaN
415.34,-34.944,-9.5877,-16.65,-1.7061,2.5077,-9.6312,-0.99385,2.085,-4.3875,0,0,0,NaN,NaN,NaN,NaN,NaN,NaN,NaN,NaN,NaN,46.778,0,3189.5,0.0069644,NaN,NaN,NaN,NaN,16.083,96947,11.188,-1.5146,1.8723,-7.6765,-1.3155,0.205,-3.7932,NaN,NaN,NaN,NaN,NaN
415.35,-34.941,-9.5989,-16.667,-1.5156,0.80498,-7.8872,0.00074485,-2.4475,-4.4142,0.62387,0.29935,-0.88743,NaN,NaN,NaN,NaN,NaN,NaN,NaN,NaN,NaN,46.778,0,3189.5,0.0069644,NaN,NaN,NaN,NaN,NaN,-1,-1,-1.5122,1.8703,-7.6183,-1.4331,0.096682,-3.9507,NaN,NaN,NaN,NaN,NaN
415.35,-34.941,-9.6031,-16.676,-1.9307,1.5946,-9.1303,-1.3072,0.48707,-4.2541,0,0,0,NaN,NaN,NaN,NaN,NaN,NaN,NaN,NaN,NaN,46.778,0,3189.5,0.0069644,0.76157,2.5638,0.63107,0.097392,NaN,-1,-1,-1.5152,1.8819,-7.5973,-1.5383,0.074546,-4.1051,NaN,NaN,NaN,NaN,NaN
415.35,-34.944,-9.6016,-16.687,-1.4184,1.5792,-9.1715,-2.0782,2.9972,-3.8292,0,0,0,NaN,NaN,NaN,NaN,NaN,NaN,NaN,NaN,NaN,46.778,0,3189.5,0.0069644,NaN,NaN,NaN,NaN,16.259,96936,11.188,-1.5345,1.8866,-7.6683,-1.6252,0.17292,-4.2426,NaN,NaN,NaN,NaN,NaN
415.35,-34.946,-9.6076,-16.695,-1.3375,3.283,-5.6909,-1.9606,-0.25944,-4.4645,0,0,0,NaN,NaN,NaN,NaN,NaN,NaN,NaN,NaN,NaN,46.778,0,3189.5,0.0069644,NaN,NaN,NaN,NaN,NaN,-1,-1,-1.5446,1.8967,-7.6804,-1.7261,0.21322,-4.3941,NaN,NaN,NaN,NaN,NaN
415.36,-34.947,-9.6175,-16.702,-2.1115,1.9866,-9.8166,-1.3563,-1.8162,-4.9265,0.61674,0.29705,-0.88807,NaN,NaN,NaN,NaN,NaN,NaN,NaN,NaN,NaN,46.778,0,3189.5,0.0069644,NaN,NaN,NaN,NaN,NaN,-1,-1,-1.5398,1.9093,-7.6411,-1.8324,0.061975,-4.5506,NaN,NaN,NaN,NaN,NaN
415.36,-34.948,-9.6218,-16.714,-1.0625,1.2685,-8.2237,-1.4746,1.0563,-5.181,0,0,0,NaN,NaN,NaN,NaN,NaN,NaN,NaN,NaN,NaN,46.778,0,3189.5,0.0069644,0.76923,2.5727,0.64994,0.075749,16.309,96935,11.188,-1.5455,1.9271,-7.6219,-1.9473,0.12001,-4.7038,NaN,NaN,NaN,NaN,NaN
415.36,-34.95,-9.6255,-16.724,-1.594,1.6061,-8.2223,-1.888,0.98514,-4.6094,0,0,0,NaN,NaN,NaN,NaN,NaN,NaN,NaN,NaN,NaN,46.778,0,3189.5,0.0069644,NaN,NaN,NaN,NaN,16.578,96931,11.188,-1.5574,1.9295,-7.611,-2.1051,0.15852,-4.851,NaN,NaN,NaN,NaN,NaN
415.36,-34.959,-9.6402,-16.741,-1.5643,2.6196,-9.5745,-2.3818,-1.2079,-5.0448,0.61661,0.29717,-0.88586,NaN,NaN,NaN,NaN,NaN,NaN,NaN,NaN,NaN,46.778,0,3189.5,0.0069644,NaN,NaN,NaN,NaN,NaN,-1,-1,-1.5532,1.935,-7.608,-2.2579,0.037552,-5.0085,NaN,NaN,NaN,NaN,NaN
415.37,-34.961,-9.6445,-16.753,-1.7758,1.9627,-8.1572,-2.1844,1.31,-5.4986,0,0,0,NaN,NaN,NaN,NaN,NaN,NaN,NaN,NaN,NaN,46.778,0,3189.5,0.0069644,NaN,NaN,NaN,NaN,NaN,-1,-1,-1.5604,1.9336,-7.5972,-2.4173,0.087864,-5.1747,NaN,NaN,NaN,NaN,NaN
415.37,-34.962,-9.649,-16.765,-0.96206,3.0384,-7.017,-1.7404,1.2164,-5.5061,0,0,0,NaN,NaN,NaN,NaN,NaN,NaN,NaN,NaN,NaN,46.778,0,3189.5,0.0069644,NaN,NaN,NaN,NaN,NaN,-1,-1,-1.5639,1.9517,-7.5819,-2.5492,0.18979,-5.3559,NaN,NaN,NaN,NaN,NaN
415.37,-34.964,-9.6593,-16.774,-1.8542,0.77438,-7.7393,-1.4723,-1.6261,-5.5554,0,0,0,NaN,NaN,NaN,NaN,NaN,NaN,NaN,NaN,NaN,46.778,0,3189.5,0.0069644,NaN,NaN,NaN,NaN,16.288,96972,11.375,-1.5589,1.9646,-7.5509,-2.663,0.11647,-5.5317,NaN,NaN,NaN,NaN,NaN
415.37,-34.968,-9.6644,-16.785,-1.9638,2.1062,-8.9749,-2.9943,0.73717,-5.2253,0.63105,0.29422,-0.89123,NaN,NaN,NaN,NaN,NaN,NaN,NaN,NaN,NaN,46.778,0,3189.5,0.0069644,0.76869,2.4456,0.71201,0.032464,NaN,-1,-1,-1.5719,1.9469,-7.549,-2.7061,0.13872,-5.5964,NaN,NaN,NaN,NaN,NaN
415.38,-34.974,-9.669,-16.797,-1.1868,1.8,-7.6595,-3.3688,1.0081,-5.2314,0,0,0,NaN,NaN,NaN,NaN,NaN,NaN,NaN,NaN,NaN,46.778,0,3189.5,0.0069644,NaN,NaN,NaN,NaN,NaN,-1,-1,-1.5759,1.9693,-7.5593,-2.8284,0.06407,-5.714,NaN,NaN,NaN,NaN,NaN
415.38,-34.98,-9.6778,-16.807,-1.7221,3.0325,-6.2024,-3.7912,-0.69213,-5.7828,0,0,0,NaN,NaN,NaN,NaN,NaN,NaN,NaN,NaN,NaN,46.778,0,3189.5,0.0069644,NaN,NaN,NaN,NaN,16.258,96961,11.25,-1.5748,1.9737,-7.5119,-2.897,0.1386,-5.8528,NaN,NaN,NaN,NaN,NaN
415.38,-34.985,-9.6876,-16.818,-1.7549,2.445,-8.9174,-2.8639,-0.76667,-6.388,0,0,0,NaN,NaN,NaN,NaN,NaN,NaN,NaN,NaN,NaN,46.778,0,3189.5,0.0069644,NaN,NaN,NaN,NaN,NaN,-1,-1,-1.5785,1.9732,-7.4747,-2.8959,0.048213,-6.0034,NaN,NaN,NaN,NaN,NaN
415.38,-34.988,-9.6925,-16.833,-1.5674,0.97578,-7.2403,-2.9894,1.6136,-6.3708,0.62165,0.29927,-0.88985,NaN,NaN,NaN,NaN,NaN,NaN,NaN,NaN,NaN,46.778,0,3189.5,0.0069644,NaN,NaN,NaN,NaN,16.359,96950,11.25,-1.5858,1.9816,-7.4799,-2.8606,-0.012797,-6.0305,NaN,NaN,NaN,NaN,NaN
415.39,-34.995,-9.7024,-16.844,-1.5645,1.058,-6.8662,-3.6278,-1.0381,-6.0391,0,0,0,NaN,NaN,NaN,NaN,NaN,NaN,NaN,NaN,NaN,46.778,0,3189.5,0.0069644,0.75829,2.454,0.7114,NaN,NaN,-1,-1,-1.5861,1.9774,-7.4703,-2.8425,0.042267,-6.1245,NaN,NaN,NaN,NaN,NaN
415.39,-35.003,-9.7118,-16.854,-1.8599,2.0317,-7.762,-4.478,-0.82374,-5.9943,0,0,0,NaN,NaN,NaN,NaN,NaN,NaN,NaN,NaN,NaN,46.778,0,3189.5,0.0069644,NaN,NaN,NaN,0.040788,NaN,-1,-1,-1.5851,1.9695,-7.4439,-2.881,0.035967,-6.2256,NaN,NaN,NaN,NaN,NaN
415.39,-35.008,-9.7196,-16.867,-1.5856,2.7358,-8.0175,-3.3352,0.28568,-6.4918,0,0,0,NaN,NaN,NaN,NaN,NaN,NaN,NaN,NaN,NaN,46.827,0,3179.5,0.0080533,NaN,NaN,NaN,NaN,16.482,96963,11.313,-1.5898,1.9708,-7.4323,-2.8774,-0.059369,-6.3293,NaN,NaN,NaN,NaN,NaN
415.39,-35.013,-9.7281,-16.88,-1.3371,2.3657,-7.2548,-3.2885,0.066177,-6.6309,0.62398,0.2894,-0.89409,NaN,NaN,NaN,NaN,NaN,NaN,NaN,NaN,NaN,46.827,0,3179.5,0.0080533,NaN,NaN,NaN,NaN,NaN,-1,-1,-1.5967,1.9961,-7.4352,-2.8514,-0.012044,-6.4288,NaN,NaN,NaN,NaN,NaN
415.4,-35.016,-9.7356,-16.895,-1.5311,2.2685,-6.0231,-2.3884,0.76232,-6.9633,0,0,0,NaN,NaN,NaN,NaN,NaN,NaN,NaN,NaN,NaN,46.827,0,3179.5,0.0080533,NaN,NaN,NaN,NaN,NaN,-1,-1,-1.5934,1.9994,-7.3996,-2.7941,-0.021176,-6.5213,NaN,NaN,NaN,NaN,NaN
415.4,-35.02,-9.7477,-16.905,-1.8538,0.98203,-7.8237,-2.8083,-1.8183,-6.4571,0,0,0,NaN,NaN,NaN,NaN,NaN,NaN,NaN,NaN,NaN,46.827,0,3179.5,0.0080533,0.77307,2.4504,0.71201,0.044118,16.36,96943,11.25,-1.5924,1.9897,-7.3806,-2.7398,-0.11716,-6.6155,NaN,NaN,NaN,NaN,NaN
415.4,-35.025,-9.755,-16.918,-1.5579,2.4094,-7.4842,-3.1486,0.47498,-6.3524,0,0,0,NaN,NaN,NaN,NaN,NaN,NaN,NaN,NaN,NaN,46.827,0,3179.5,0.0080533,NaN,NaN,NaN,NaN,NaN,-1,-1,-1.5996,1.9812,-7.3932,-2.637,-0.01083,-6.7139,NaN,NaN,NaN,NaN,NaN
415.4,-35.029,-9.762,-16.932,-1.4189,2.0905,-7.1846,-3.0469,0.63352,-6.4434,0.63113,0.30154,-0.88899,NaN,NaN,NaN,NaN,NaN,NaN,NaN,NaN,NaN,46.827,0,3179.5,0.0080533,NaN,NaN,NaN,NaN,16.38,96925,11.125,-1.6019,1.9958,-7.3897,-2.4678,-0.12929,-6.8108,NaN,NaN,NaN,NaN,NaN
415.41,-35.033,-9.7711,-16.946,-2.3977,2.8053,-5.424,-3.0387,0.084282,-7.1414,0,0,0,NaN,NaN,NaN,NaN,NaN,NaN,NaN,NaN,NaN,46.827,0,3179.5,0.0080533,NaN,NaN,NaN,NaN,NaN,-1,-1,-1.6056,1.9932,-7.3604,-2.3164,-0.11519,-6.9163,NaN,NaN,NaN,NaN,NaN
415.41,-35.035,-9.7867,-16.956,-1.0773,2.7051,-7.2635,-1.7817,-3.0135,-7.2008,0,0,0,NaN,NaN,NaN,NaN,NaN,NaN,NaN,NaN,NaN,46.827,0,3179.5,0.0080533,NaN,NaN,NaN,NaN,NaN,-1,-1,-1.6073,2.0004,-7.3312,-2.1587,-0.09179,-6.9985,NaN,NaN,NaN,NaN,NaN
415.41,-35.036,-9.7939,-16.971,-1.6293,0.65227,-8.4594,-2.1747,1.1235,-7.2095,0,0,0,NaN,NaN,NaN,NaN,NaN,NaN,NaN,NaN,NaN,46.827,0,3179.5,0.0080533,NaN,NaN,NaN,NaN,16.362,96951,11.313,-1.6074,2.0104,-7.3501,-1.995,-0.098125,-7.0989,NaN,NaN,NaN,NaN,NaN
415.41,-35.039,-9.8012,-16.987,-1.9354,0.94895,-5.1852,-2.6907,0.9408,-7.0154,0.6263,0.30172,-0.88721,NaN,NaN,NaN,NaN,NaN,NaN,NaN,NaN,NaN,46.827,0,3179.5,0.0080533,0.76157,2.5602,0.63168,0.087403,NaN,-1,-1,-1.6165,1.9949,-7.3446,-1.8071,-0.16107,-7.2015,NaN,NaN,NaN,NaN,NaN
415.42,-35.043,-9.8246,-17.011,-1.7843,2.2521,-7.4227,-1.3291,0.79297,-7.2546,0,0,0,NaN,NaN,NaN,NaN,NaN,NaN,NaN,NaN,NaN,46.827,0,3179.5,0.0080533,NaN,NaN,NaN,NaN,NaN,-1,-1,-1.6144,1.9838,-7.3225,-1.6165,-0.14077,-7.3074,NaN,NaN,NaN,NaN,NaN
415.42,-35.042,-9.8316,-17.028,-1.1931,2.4033,-6.5602,-0.85881,1.4331,-7.582,0,0,0,NaN,NaN,NaN,NaN,NaN,NaN,NaN,NaN,NaN,46.827,0,3179.5,0.0080533,NaN,NaN,NaN,NaN,16.578,96929,11.188,-1.6141,2.0038,-7.3357,-1.4348,-0.10906,-7.3934,NaN,NaN,NaN,NaN,NaN
415.42,-35.038,-9.848,-17.04,-1.7205,2.2683,-6.0801,0.17722,-2.939,-7.833,0.62609,0.29944,-0.885,NaN,NaN,NaN,NaN,NaN,NaN,NaN,NaN,NaN,46.827,0,3179.5,0.0080533,NaN,NaN,NaN,NaN,NaN,-1,-1,-1.6218,2.0192,-7.3359,-1.2266,-0.19844,-7.5006,NaN,NaN,NaN,NaN,NaN
415.42,-35.036,-9.8585,-17.053,-1.7614,1.5122,-8.3353,-0.37609,-0.44685,-7.316,0,0,0,NaN,NaN,NaN,NaN,NaN,NaN,NaN,NaN,NaN,46.827,0,3179.5,0.0080533,0.76759,2.562,0.64446,0.079079,16.38,96928,11.125,-1.6181,2.008,-7.3116,-1.0009,-0.13272,-7.6315,NaN,NaN,NaN,NaN,NaN
415.43,-35.034,-9.8637,-17.07,-1.3038,1.3065,-7.011,-0.84168,1.9503,-7.084,0,0,0,NaN,NaN,NaN,NaN,NaN,NaN,NaN,NaN,NaN,46.827,0,3179.5,0.0080533,NaN,NaN,NaN,NaN,NaN,-1,-1,-1.6186,2.0043,-7.299,-0.75362,-0.1538,-7.7351,NaN,NaN,NaN,NaN,NaN
415.43,-35.033,-9.8749,-17.084,-1.9843,3.6133,-6.1046,-0.80495,-0.6424,-7.4924,0,0,0,NaN,NaN,NaN,NaN,NaN,NaN,NaN,NaN,NaN,46.827,0,3179.5,0.0080533,NaN,NaN,NaN,NaN,NaN,-1,-1,-1.6202,2.0006,-7.2841,-0.48334,-0.17995,-7.8396,NaN,NaN,NaN,NaN,NaN
415.43,-35.028,-9.8871,-17.099,-2.2679,2.6295,-6.9613,0.17962,-0.73075,-8.064,0.62151,0.29447,-0.88986,NaN,NaN,NaN,NaN,NaN,NaN,NaN,NaN,NaN,46.827,0,3179.5,0.0080533,NaN,NaN,NaN,NaN,16.332,96920,11.125,-1.6198,1.9979,-7.2925,-0.25906,-0.13519,-7.9278,NaN,NaN,NaN,NaN,NaN
415.43,-35.024,-9.8992,-17.115,-1.0401,1.8032,-6.4734,0.2317,-0.46908,-8.3695,0,0,0,NaN,NaN,NaN,NaN,NaN,NaN,NaN,NaN,NaN,46.827,0,3179.5,0.0080533,NaN,NaN,NaN,NaN,NaN,-1,-1,-1.6247,2.0024,-7.2688,-0.060131,-0.090822,-8.015,NaN,NaN,NaN,NaN,NaN
415.44,-35.021,-9.9116,-17.129,-1.4458,1.3517,-7.808,-0.084855,-0.92745,-7.9833,0,0,0,NaN,NaN,NaN,NaN,NaN,NaN,NaN,NaN,NaN,46.827,0,3179.5,0.0080533,NaN,NaN,NaN,NaN,NaN,-1,-1,-1.6256,2.0128,-7.265,0.12789,-0.13623,-8.1278,NaN,NaN,NaN,NaN,NaN
415.44,-35.018,-9.9209,-17.146,-2.3647,1.7733,-6.821,-0.5183,0.65094,-7.9915,0,0,0,NaN,NaN,NaN,NaN,NaN,NaN,NaN,NaN,NaN,46.827,0,3179.5,0.0080533,0.76759,2.568,0.6329,0.094062,16.507,96961,11.313,-1.6271,2.0041,-7.273,0.34945,-0.14494,-8.2446,NaN,NaN,NaN,NaN,NaN
415.44,-35.015,-9.933,-17.162,-1.1308,2.313,-7.6087,-0.11007,-0.4916,-8.4241,0.61701,0.30173,-0.89026,NaN,NaN,NaN,NaN,NaN,NaN,NaN,NaN,NaN,46.827,0,3179.5,0.0080533,NaN,NaN,NaN,NaN,16.577,96933,11.188,-1.631,1.9945,-7.2641,0.52505,-0.11273,-8.3511,NaN,NaN,NaN,NaN,NaN
415.44,-35.001,-9.9558,-17.196,-1.5331,2.9865,-7.2407,1.3778,0.55732,-8.635,0,0,0,NaN,NaN,NaN,NaN,NaN,NaN,NaN,NaN,NaN,46.827,0,3179.5,0.0080533,NaN,NaN,NaN,NaN,NaN,-1,-1,-1.627,1.9953,-7.2744,0.65174,-0.039829,-8.4664,NaN,NaN,NaN,NaN,NaN
415.45,-35.001,-9.9558,-17.196,-1.5331,2.9865,-7.2407,1.3778,0.55732,-8.635,0,0,0,NaN,NaN,NaN,NaN,NaN,NaN,NaN,NaN,NaN,46.827,0,3179.5,0.0080533,NaN,NaN,NaN,NaN,NaN,-1,-1,-1.6346,1.9966,-7.2726,0.76879,-0.12531,-8.5863,NaN,NaN,NaN,NaN,NaN
415.45,-34.992,-9.9701,-17.212,-1.5693,0.90345,-6.9072,1.8476,-1.185,-8.8974,0,0,0,NaN,NaN,NaN,NaN,NaN,NaN,NaN,NaN,NaN,46.827,0,3179.5,0.0080533,0.77799,2.5793,0.65846,NaN,NaN,-1,-1,-1.6229,1.9931,-7.2404,0.91525,-0.18258,-8.7188,NaN,NaN,NaN,NaN,NaN
415.45,-34.986,-9.9813,-17.229,-2.046,1.7481,-7.3984,0.96956,0.02183,-8.5146,0.62165,0.29927,-0.88985,NaN,NaN,NaN,NaN,NaN,NaN,NaN,NaN,NaN,46.827,0,3179.5,0.0080533,0.77799,2.5793,0.65846,NaN,16.626,96952,11.25,-1.6304,1.9958,-7.2548,1.0303,-0.1283,-8.8356,NaN,NaN,NaN,NaN,NaN
415.45,-34.971,-10.001,-17.266,-1.9593,2.8867,-4.9253,1.3878,1.0145,-8.894,0,0,0,NaN,NaN,NaN,NaN,NaN,NaN,NaN,NaN,NaN,46.827,0,3179.5,0.0080533,NaN,NaN,NaN,0.077414,NaN,-1,-1,-1.6305,1.9971,-7.2951,1.1586,-0.0055647,-8.9485,NaN,NaN,NaN,NaN,NaN
415.46,-34.963,-10.017,-17.282,-2.1623,2.1414,-7.7886,1.4824,-1.7462,-9.4024,0,0,0,NaN,NaN,NaN,NaN,NaN,NaN,NaN,NaN,NaN,46.827,0,3179.5,0.0080533,NaN,NaN,NaN,NaN,NaN,-1,-1,-1.626,1.9838,-7.2978,1.257,-0.11365,-9.0466,NaN,NaN,NaN,NaN,NaN
415.46,-34.955,-10.03,-17.302,-1.3574,2.4407,-7.1116,1.3379,0.24855,-9.5967,0.62364,0.28232,-0.8919,NaN,NaN,NaN,NaN,NaN,NaN,NaN,NaN,NaN,46.827,0,3179.5,0.0080533,NaN,NaN,NaN,NaN,16.551,96966,11.25,-1.6264,1.9901,-7.2827,1.3459,-0.13932,-9.1614,NaN,NaN,NaN,NaN,NaN
415.46,-34.948,-10.044,-17.319,-1.4177,0.73351,-7.8344,1.349,-1.088,-9.2092,0,0,0,NaN,NaN,NaN,NaN,NaN,NaN,NaN,NaN,NaN,46.827,0,3179.5,0.0080533,NaN,NaN,NaN,NaN,NaN,-1,-1,-1.6358,2.0064,-7.2941,1.416,-0.02038,-9.2681,NaN,NaN,NaN,NaN,NaN
415.46,-34.941,-10.053,-17.34,-2.1059,1.5509,-7.347,0.86694,1.5991,-9.3763,0,0,0,NaN,NaN,NaN,NaN,NaN,NaN,NaN,NaN,NaN,46.827,0,3179.5,0.0080533,NaN,NaN,NaN,NaN,16.601,96961,11.25,-1.6364,1.9996,-7.3037,1.4416,-0.037321,-9.3932,NaN,NaN,NaN,NaN,NaN
415.47,-34.934,-10.066,-17.358,-1.5759,2.7613,-7.013,1.1609,-0.29668,-9.3479,0,0,0,NaN,NaN,NaN,NaN,NaN,NaN,NaN,NaN,NaN,46.827,0,3179.5,0.0080533,0.77471,2.5715,0.63594,0.084906,NaN,-1,-1,-1.6359,2.0044,-7.3008,1.4838,-0.19434,-9.5121,NaN,NaN,NaN,NaN,NaN
415.47,-34.926,-10.08,-17.377,-1.5934,2.3148,-7.375,1.5174,-0.44994,-9.7348,0.61908,0.2921,-0.89008,NaN,NaN,NaN,NaN,NaN,NaN,NaN,NaN,NaN,46.827,0,3179.5,0.0080533,NaN,NaN,NaN,NaN,NaN,-1,-1,-1.6329,2.0042,-7.3165,1.4849,-0.087539,-9.6387,NaN,NaN,NaN,NaN,NaN
415.47,-34.916,-10.094,-17.397,-1.5361,2.519,-7.1908,1.9024,-0.20735,-9.9856,0,0,0,NaN,NaN,NaN,NaN,NaN,NaN,NaN,NaN,NaN,46.827,0,3179.5,0.0080533,NaN,NaN,NaN,NaN,16.554,96950,11.25,-1.6411,1.9992,-7.3354,1.4426,-0.034484,-9.7675,NaN,NaN,NaN,NaN,NaN
415.47,-34.906,-10.109,-17.416,-1.8642,1.2398,-7.9867,2.333,-0.43917,-10.053,0,0,0,NaN,NaN,NaN,NaN,NaN,NaN,NaN,NaN,NaN,46.827,0,3179.5,0.0080533,NaN,NaN,NaN,NaN,NaN,-1,-1,-1.6359,2.0144,-7.3409,1.4349,-0.07619,-9.9113,NaN,NaN,NaN,NaN,NaN
415.48,-34.898,-10.12,-17.438,-1.6574,1.8451,-6.8753,1.4396,1.066,-9.8192,0,0,0,NaN,NaN,NaN,NaN,NaN,NaN,NaN,NaN,NaN,46.827,0,3179.5,0.0080533,0.75391,2.5614,0.63229,0.09323,NaN,-1,-1,-1.6328,1.9925,-7.3352,1.426,0.021249,-10.055,NaN,NaN,NaN,NaN,NaN
415.48,-34.89,-10.134,-17.456,-1.7054,2.2008,-8.8726,1.3187,-1.012,-9.5149,0.62835,0.28226,-0.89147,NaN,NaN,NaN,NaN,NaN,NaN,NaN,NaN,NaN,46.827,0,3179.5,0.0080533,0.75391,2.5614,0.63229,0.09323,16.358,96975,11.313,-1.6361,1.9939,-7.3658,1.4283,-0.029226,-10.179,NaN,NaN,NaN,NaN,NaN
415.48,-34.882,-10.144,-17.479,-1.6927,3.1607,-6.9119,1.3526,1.9037,-10.363,0,0,0,NaN,NaN,NaN,NaN,NaN,NaN,NaN,NaN,NaN,46.827,0,3179.5,0.0080533,NaN,NaN,NaN,NaN,NaN,-1,-1,-1.6319,1.9927,-7.4001,1.4064,-0.036901,-10.297,NaN,NaN,NaN,NaN,NaN
415.48,-34.874,-10.16,-17.499,-1.9202,2.1008,-6.0703,1.2002,-0.66268,-10.472,0,0,0,NaN,NaN,NaN,NaN,NaN,NaN,NaN,NaN,NaN,46.827,0,3179.5,0.0080533,NaN,NaN,NaN,NaN,16.601,96977,11.313,-1.6285,1.9915,-7.3705,1.3734,0.021354,-10.41,NaN,NaN,NaN,NaN,NaN
415.49,-34.867,-10.175,-17.52,-1.0523,1.2418,-8.3694,1.1294,-0.63501,-10.674,0,0,0,NaN,NaN,NaN,NaN,NaN,NaN,NaN,NaN,NaN,46.827,0,3179.5,0.0080533,NaN,NaN,NaN,NaN,NaN,-1,-1,-1.6363,1.9938,-7.3846,1.3322,0.0803,-10.535,NaN,NaN,NaN,NaN,NaN
415.49,-34.858,-10.19,-17.541,-2.2782,1.9464,-8.6442,1.3559,-0.21686,-10.687,0.61437,0.28725,-0.89273,NaN,NaN,NaN,NaN,NaN,NaN,NaN,NaN,NaN,46.827,0,3179.5,0.0080533,NaN,NaN,NaN,NaN,NaN,-1,-1,-1.6327,1.9875,-7.4228,1.2681,0.11162,-10.663,NaN,NaN,NaN,NaN,NaN
415.49,-34.851,-10.202,-17.563,-1.3203,1.3588,-7.4751,0.9483,0.92538,-10.43,0,0,0,NaN,NaN,NaN,NaN,NaN,NaN,NaN,NaN,NaN,46.827,0,3179.5,0.0080533,0.76321,2.448,0.7114,0.043285,16.745,96939,11.188,-1.6281,1.9718,-7.385,1.2007,0.009945,-10.79,NaN,NaN,NaN,NaN,NaN
415.49,-34.845,-10.218,-17.585,-1.6709,2.4812,-8.4978,0.47578,-0.30487,-10.992,0,0,0,NaN,NaN,NaN,NaN,NaN,NaN,NaN,NaN,NaN,46.827,0,3179.5,0.0080533,NaN,NaN,NaN,NaN,NaN,-1,-1,-1.6279,1.9693,-7.404,1.0907,0.098647,-10.9,NaN,NaN,NaN,NaN,NaN
415.5,-34.827,-10.247,-17.632,-1.2372,2.4453,-8.4319,1.4329,1.0598,-11.495,0.62607,0.28469,-0.89168,NaN,NaN,NaN,NaN,NaN,NaN,NaN,NaN,NaN,46.827,0,3179.5,0.0080533,NaN,NaN,NaN,NaN,NaN,-1,-1,-1.6331,1.9785,-7.4537,0.99915,0.21141,-11.024,NaN,NaN,NaN,NaN,NaN
415.5,-34.818,-10.267,-17.65,-1.9831,0.84904,-7.2269,2.0066,-2.9145,-11.03,0,0,0,NaN,NaN,NaN,NaN,NaN,NaN,NaN,NaN,NaN,46.827,0,3179.5,0.0080533,NaN,NaN,NaN,NaN,16.43,96965,11.25,-1.6314,1.9745,-7.4485,0.89856,0.20121,-11.568,NaN,NaN,NaN,NaN,NaN
415.5,-34.81,-10.278,-17.674,-1.5638,2.1969,-10.142,0.9192,1.7444,-10.808,0,0,0,NaN,NaN,NaN,NaN,NaN,NaN,NaN,NaN,NaN,46.787,0,3166.6,0.0069644,NaN,NaN,NaN,NaN,16.431,96958,11.25,-1.6213,1.9752,-7.4286,0.81894,0.079475,-11.623,NaN,NaN,NaN,NaN,NaN
415.5,-34.803,-10.288,-17.7,-1.5487,1.9236,-6.3825,0.46725,2.4426,-10.873,0,0,0,NaN,NaN,NaN,NaN,NaN,NaN,NaN,NaN,NaN,46.787,0,3166.6,0.0069644,NaN,NaN,NaN,NaN,NaN,-1,-1,-1.6262,1.9633,-7.4535,0.76688,0.099845,-11.676,NaN,NaN,NaN,NaN,NaN
415.51,-34.796,-10.305,-17.722,-2.048,2.9635,-6.5058,0.81927,-0.8902,-11.536,0.62363,0.2774,-0.89412,NaN,NaN,NaN,NaN,NaN,NaN,NaN,NaN,NaN,46.787,0,3166.6,0.0069644,NaN,NaN,NaN,NaN,NaN,-1,-1,-1.6295,1.9527,-7.5146,0.7276,0.10986,-12.136,NaN,NaN,NaN,NaN,NaN
415.51,-34.789,-10.327,-17.743,-1.3779,2.8426,-9.2044,0.78913,-2.5067,-12.188,0,0,0,NaN,NaN,NaN,NaN,NaN,NaN,NaN,NaN,NaN,46.787,0,3166.6,0.0069644,NaN,NaN,NaN,NaN,NaN,-1,-1,-1.6178,1.947,-7.4877,0.6745,0.042886,-12.067,NaN,NaN,NaN,NaN,NaN
415.51,-34.781,-10.34,-17.77,-1.5762,0.80285,-8.5432,0.74416,1.637,-12.349,0,0,0,NaN,NaN,NaN,NaN,NaN,NaN,NaN,NaN,NaN,46.787,0,3166.6,0.0069644,NaN,NaN,NaN,NaN,16.308,96936,11.188,-1.6224,1.956,-7.4791,0.63566,0.21177,-12.011,NaN,NaN,NaN,NaN,NaN
415.51,-34.776,-10.353,-17.797,-2.0068,0.9567,-7.1461,-0.044404,1.7049,-11.798,0,0,0,NaN,NaN,NaN,NaN,NaN,NaN,NaN,NaN,NaN,46.787,0,3166.6,0.0069644,NaN,NaN,NaN,NaN,NaN,-1,-1,-1.6207,1.9669,-7.5193,0.59909,0.23111,-11.988,NaN,NaN,NaN,NaN,NaN
415.52,-34.772,-10.374,-17.818,-1.311,2.2479,-7.3546,-0.28356,-2.4073,-12.103,0.62613,0.28217,-0.8939,NaN,NaN,NaN,NaN,NaN,NaN,NaN,NaN,NaN,46.787,0,3166.6,0.0069644,0.76595,2.5709,0.64994,NaN,NaN,-1,-1,-1.612,1.9532,-7.5125,0.53195,0.25055,-11.954,NaN,NaN,NaN,NaN,NaN
415.52,-34.765,-10.389,-17.844,-2.1993,2.7982,-10.288,0.15796,1.0613,-12.309,0,0,0,NaN,NaN,NaN,NaN,NaN,NaN,NaN,NaN,NaN,46.787,0,3166.6,0.0069644,NaN,NaN,NaN,0.082409,16.285,96948,11.25,-1.622,1.9292,-7.5246,0.43223,0.35363,-11.921,NaN,NaN,NaN,NaN,NaN
415.52,-34.759,-10.401,-17.873,-1.2237,2.2935,-6.325,0.18644,2.2042,-12.717,0,0,0,NaN,NaN,NaN,NaN,NaN,NaN,NaN,NaN,NaN,46.787,0,3166.6,0.0069644,NaN,NaN,NaN,NaN,NaN,-1,-1,-1.619,1.9322,-7.5607,0.34379,0.34412,-11.919,NaN,NaN,NaN,NaN,NaN
415.52,-34.752,-10.422,-17.896,-1.4764,1.5991,-7.5296,0.38881,-1.7204,-12.649,0,0,0,NaN,NaN,NaN,NaN,NaN,NaN,NaN,NaN,NaN,46.787,0,3166.6,0.0069644,NaN,NaN,NaN,NaN,16.553,96952,11.25,-1.6177,1.9398,-7.5638,0.2894,0.28708,-11.912,NaN,NaN,NaN,NaN,NaN
415.53,-34.746,-10.439,-17.922,-2.1796,1.625,-8.7336,0.43917,-0.2949,-12.434,0.6188,0.28251,-0.89011,-6.685,16.438,-4.2293,18.242,40.059,-88.548,3.6799e+05,4.4354e+06,324.35,46.787,0,3166.6,0.0069644,NaN,NaN,NaN,NaN,NaN,-1,-1,-1.6115,1.9341,-7.5406,0.25137,0.27335,-11.92,18.171,-1.6132,0.040386,0.12735,-5.0736
415.53,-34.739,-10.45,-17.95,-1.1997,1.54,-9.5028,0.06251,2.8742,-12.171,0,0,0,NaN,NaN,NaN,NaN,NaN,NaN,NaN,NaN,NaN,46.787,0,3166.6,0.0069644,NaN,NaN,NaN,NaN,NaN,-1,-1,-1.612,1.9218,-7.5918,0.20303,0.35837,-11.924,NaN,NaN,NaN,NaN,NaN
415.53,-34.734,-10.467,-17.975,-1.5825,2.3114,-6.2674,0.011115,-0.095111,-12.457,0,0,0,NaN,NaN,NaN,NaN,NaN,NaN,NaN,NaN,NaN,46.787,0,3166.6,0.0069644,0.76704,2.5644,0.6402,0.090733,16.527,96964,11.25,-1.6103,1.9116,-7.6241,0.18871,0.33409,-11.944,NaN,NaN,NaN,NaN,NaN
415.53,-34.721,-10.504,-18.027,-0.94573,2.7337,-7.3019,0.33759,-0.25204,-13.429,0.62399,0.29431,-0.89186,NaN,NaN,NaN,NaN,NaN,NaN,NaN,NaN,NaN,46.787,0,3166.6,0.0069644,NaN,NaN,NaN,NaN,NaN,-1,-1,-1.6043,1.9126,-7.6005,0.17035,0.31522,-11.958,NaN,NaN,NaN,NaN,NaN
415.54,-34.715,-10.521,-18.055,-1.757,0.69669,-9.7034,0.20838,0.60487,-13.196,0,0,0,NaN,NaN,NaN,NaN,NaN,NaN,NaN,NaN,NaN,46.787,0,3166.6,0.0069644,NaN,NaN,NaN,NaN,NaN,-1,-1,-1.5874,1.9024,-7.5303,0.15707,0.3324,-11.976,NaN,NaN,NaN,NaN,NaN
415.54,-34.71,-10.536,-18.083,-2.2349,1.2108,-7.1562,-0.42771,1.3894,-13.033,0,0,0,NaN,NaN,NaN,NaN,NaN,NaN,NaN,NaN,NaN,46.787,0,3166.6,0.0069644,NaN,NaN,NaN,NaN,16.308,96959,11.25,-1.5825,1.902,-7.5759,0.13035,0.45638,-12.014,NaN,NaN,NaN,NaN,NaN
415.54,-34.706,-10.556,-18.108,-1.0818,2.4864,-8.0133,-0.81457,-1.0701,-12.974,0,0,0,NaN,NaN,NaN,NaN,NaN,NaN,NaN,NaN,NaN,46.787,0,3166.6,0.0069644,NaN,NaN,NaN,NaN,NaN,-1,-1,-1.5854,1.8949,-7.5966,0.084396,0.33452,-12.049,NaN,NaN,NaN,NaN,NaN
415.54,-34.699,-10.575,-18.135,-1.9904,2.2875,-9.3408,0.39104,-0.70468,-13.409,0.63514,0.27748,-0.88864,NaN,NaN,NaN,NaN,NaN,NaN,NaN,NaN,NaN,46.787,0,3166.6,0.0069644,0.82015,2.4606,0.69619,0.021643,16.381,96964,11.25,-1.5775,1.894,-7.6068,0.037116,0.33066,-12.086,NaN,NaN,NaN,NaN,NaN
415.55,-34.691,-10.586,-18.168,-1.7085,2.5144,-7.2891,0.31965,3.7043,-13.823,0,0,0,NaN,NaN,NaN,NaN,NaN,NaN,NaN,NaN,NaN,46.787,0,3166.6,0.0069644,NaN,NaN,NaN,NaN,NaN,-1,-1,-1.5689,1.8644,-7.5522,-0.029003,0.45262,-12.141,NaN,NaN,NaN,NaN,NaN
415.55,-34.683,-10.611,-18.193,-1.1137,1.3851,-6.2786,1.0955,-2.525,-14.084,0,0,0,NaN,NaN,NaN,NaN,NaN,NaN,NaN,NaN,NaN,46.787,0,3166.6,0.0069644,NaN,NaN,NaN,NaN,NaN,-1,-1,-1.5808,1.8758,-7.5925,-0.053887,0.42672,-12.195,NaN,NaN,NaN,NaN,NaN
415.55,-34.678,-10.634,-18.217,-1.9394,1.6427,-10.266,-0.21979,-2.2752,-13.64,0,0,0,NaN,NaN,NaN,NaN,NaN,NaN,NaN,NaN,NaN,46.787,0,3166.6,0.0069644,NaN,NaN,NaN,NaN,16.33,96910,11.063,-1.5699,1.888,-7.5712,-0.087038,0.30768,-12.289,NaN,NaN,NaN,NaN,NaN
415.55,0,0,0,0,0,0,0,0,0,0,0,0,NaN,NaN,NaN,NaN,NaN,NaN,NaN,NaN,NaN,46.787,0,3166.6,0.0069644,NaN,NaN,NaN,NaN,NaN,-1,-1,-1.5824,1.88,-7.6005,-0.09423,0.4006,-12.382,NaN,NaN,NaN,NaN,NaN
415.56,-34.669,-10.642,-18.252,-1.895,2.2302,-9.7729,0.71608,4.9049,-13.307,0.63325,0.27955,-0.89548,NaN,NaN,NaN,NaN,NaN,NaN,NaN,NaN,NaN,46.787,0,3166.6,0.0069644,0.76321,2.5638,0.64142,0.094895,NaN,-1,-1,-1.5765,1.8679,-7.6416,-0.06632,0.38943,-12.457,NaN,NaN,NaN,NaN,NaN
415.56,-34.662,-10.657,-18.281,-1.1623,2.3067,-4.8891,-0.090928,1.4204,-13.397,0,0,0,NaN,NaN,NaN,NaN,NaN,NaN,NaN,NaN,NaN,46.787,0,3166.6,0.0069644,NaN,NaN,NaN,NaN,16.207,96970,11.25,-1.571,1.8623,-7.6125,-0.07182,0.36768,-12.521,NaN,NaN,NaN,NaN,NaN
415.56,0,0,0,0,0,0,0,0,0,0,0,0,NaN,NaN,NaN,NaN,NaN,NaN,NaN,NaN,NaN,46.787,0,3166.6,0.0069644,NaN,NaN,NaN,NaN,NaN,-1,-1,-1.5704,1.8481,-7.6226,-0.074282,0.50689,-12.602,NaN,NaN,NaN,NaN,NaN
415.56,-34.644,-10.714,-18.368,-1.3281,0.15157,-7.3888,-0.53961,3.699,-14.103,0.62849,0.28705,-0.89146,NaN,NaN,NaN,NaN,NaN,NaN,NaN,NaN,NaN,46.787,0,3166.6,0.0069644,NaN,NaN,NaN,NaN,16.306,96931,11.125,-1.5681,1.839,-7.6182,-0.07032,0.46379,-12.701,NaN,NaN,NaN,NaN,NaN
415.57,-34.64,-10.738,-18.394,-1.7455,1.0379,-6.5032,-0.73883,-2.19,-14.257,0,0,0,NaN,NaN,NaN,NaN,NaN,NaN,NaN,NaN,NaN,46.787,0,3166.6,0.0069644,NaN,NaN,NaN,NaN,NaN,-1,-1,-1.5722,1.8388,-7.6439,-0.10302,0.27393,-12.834,NaN,NaN,NaN,NaN,NaN
415.57,-34.636,-10.759,-18.421,-1.8278,3.5332,-10.21,-0.86173,-1.0142,-14.018,0,0,0,NaN,NaN,NaN,NaN,NaN,NaN,NaN,NaN,NaN,46.787,0,3166.6,0.0069644,NaN,NaN,NaN,NaN,NaN,-1,-1,-1.5882,1.8639,-7.7333,-0.11385,0.38778,-12.968,NaN,NaN,NaN,NaN,NaN
415.57,-34.621,-10.791,-18.487,-1.0295,1.9759,-5.8097,-0.16249,0.67557,-14.86,0.62344,0.28004,-0.88969,NaN,NaN,NaN,NaN,NaN,NaN,NaN,NaN,NaN,46.787,0,3166.6,0.0069644,0.7665,2.5638,0.63716,0.097392,16.307,96965,11.25,-1.5898,1.8581,-7.7462,-0.14961,0.40354,-13.11,NaN,NaN,NaN,NaN,NaN
415.57,-34.613,-10.818,-18.512,-1.8165,2.3619,-8.7114,0.95392,-3.6876,-14.744,0,0,0,NaN,NaN,NaN,NaN,NaN,NaN,NaN,NaN,NaN,46.787,0,3166.6,0.0069644,NaN,NaN,NaN,NaN,NaN,-1,-1,-1.5938,1.8581,-7.7517,-0.19709,0.22756,-13.261,NaN,NaN,NaN,NaN,NaN
415.58,-34.605,-10.833,-18.544,-1.8669,0.82696,-9.6384,0.26734,2.1723,-14.205,0,0,0,NaN,NaN,NaN,NaN,NaN,NaN,NaN,NaN,NaN,46.787,0,3166.6,0.0069644,NaN,NaN,NaN,NaN,NaN,-1,-1,-1.6,1.8469,-7.7795,-0.21966,0.27277,-13.411,NaN,NaN,NaN,NaN,NaN
415.58,-34.6,-10.848,-18.576,-1.411,1.3659,-8.2349,-0.49939,2.2462,-14.402,0,0,0,NaN,NaN,NaN,NaN,NaN,NaN,NaN,NaN,NaN,46.787,0,3166.6,0.0069644,NaN,NaN,NaN,NaN,16.457,96944,11.25,-1.619,1.8557,-7.8875,-0.23196,0.40106,-13.592,NaN,NaN,NaN,NaN,NaN
415.58,-34.588,-10.864,-18.621,-1.5112,3.1328,-6.1578,-0.69276,0.96492,-14.488,0.63722,0.26786,-0.88845,NaN,NaN,NaN,NaN,NaN,NaN,NaN,NaN,NaN,46.787,0,3166.6,0.0069644,NaN,NaN,NaN,NaN,NaN,-1,-1,-1.6244,1.8577,-7.883,-0.25189,0.31339,-13.778,NaN,NaN,NaN,NaN,NaN
415.58,-34.581,-10.888,-18.649,-2.5181,2.6513,-7.6912,0.10903,-2.0559,-15.079,0,0,0,NaN,NaN,NaN,NaN,NaN,NaN,NaN,NaN,NaN,46.787,0,3166.6,0.0069644,0.8207,2.4773,0.70714,NaN,16.434,97000,11.438,-1.6285,1.853,-7.9003,-0.26781,0.27279,-13.95,NaN,NaN,NaN,NaN,NaN
415.59,-34.575,-10.907,-18.68,-1.067,0.78716,-9.579,-0.20403,0.64349,-14.95,0,0,0,NaN,NaN,NaN,NaN,NaN,NaN,NaN,NaN,NaN,46.787,0,3166.6,0.0069644,NaN,NaN,NaN,NaN,NaN,-1,-1,-1.6316,1.8529,-7.9176,-0.25984,0.3493,-14.132,NaN,NaN,NaN,NaN,NaN
415.59,-34.569,-10.923,-18.714,-2.0486,1.3438,-7.2012,-0.83646,2.2643,-15.093,0,0,0,NaN,NaN,NaN,NaN,NaN,NaN,NaN,NaN,NaN,46.787,0,3166.6,0.0069644,NaN,NaN,NaN,NaN,NaN,-1,-1,-1.6339,1.8475,-7.956,-0.30723,0.35377,-14.317,NaN,NaN,NaN,NaN,NaN
415.59,-34.565,-10.945,-18.744,-1.661,1.5967,-7.7461,-1.1649,-0.85388,-14.721,0.63518,0.26513,-0.89531,NaN,NaN,NaN,NaN,NaN,NaN,NaN,NaN,NaN,46.787,0,3166.6,0.0069644,NaN,NaN,NaN,NaN,16.553,96974,11.313,-1.6354,1.8385,-7.9521,-0.36193,0.29657,-14.544,NaN,NaN,NaN,NaN,NaN
415.59,-34.561,-10.968,-18.772,-1.803,2.7161,-9.1881,-0.76266,-1.4058,-15.02,0,0,0,NaN,NaN,NaN,NaN,NaN,NaN,NaN,NaN,NaN,46.787,0,3166.6,0.0069644,NaN,NaN,NaN,NaN,NaN,-1,-1,-1.641,1.8317,-7.9792,-0.41756,0.3643,-14.76,NaN,NaN,NaN,NaN,NaN
415.6,-34.554,-10.982,-18.809,-1.8303,1.4267,-7.7614,-0.26648,3.659,-15.451,0,0,0,NaN,NaN,NaN,NaN,NaN,NaN,NaN,NaN,NaN,46.787,0,3166.6,0.0069644,0.77033,2.454,0.71201,0.060766,NaN,-1,-1,-1.6472,1.8445,-7.986,-0.44981,0.41704,-14.996,NaN,NaN,NaN,NaN,NaN
415.6,-34.547,-11.003,-18.842,-1.0859,3.1665,-6.1825,-0.1677,0.32366,-15.868,0,0,0,NaN,NaN,NaN,NaN,NaN,NaN,NaN,NaN,NaN,46.787,0,3166.6,0.0069644,NaN,NaN,NaN,NaN,16.673,96958,11.25,-1.6458,1.8521,-7.9875,-0.53952,0.314,-15.247,NaN,NaN,NaN,NaN,NaN
415.6,-34.538,-11.031,-18.869,-1.8664,0.80906,-8.5416,0.91175,-3.6212,-15.613,0.6375,0.27745,-0.88843,NaN,NaN,NaN,NaN,NaN,NaN,NaN,NaN,NaN,46.787,0,3166.6,0.0069644,NaN,NaN,NaN,NaN,NaN,-1,-1,-1.6425,1.8489,-7.9831,-0.54893,0.23184,-15.509,NaN,NaN,NaN,NaN,NaN
415.6,-34.532,-11.049,-18.903,-1.79,1.4495,-10.844,-0.48736,1.6856,-15.564,0,0,0,NaN,NaN,NaN,NaN,NaN,NaN,NaN,NaN,NaN,46.787,0,3166.6,0.0069644,NaN,NaN,NaN,NaN,16.575,96969,11.25,-1.6504,1.848,-7.9952,-0.57101,0.41923,-15.793,NaN,NaN,NaN,NaN,NaN
415.61,-34.526,-11.062,-18.939,-1.3663,2.3823,-7.5688,-0.73997,3.7902,-15.017,0,0,0,NaN,NaN,NaN,NaN,NaN,NaN,NaN,NaN,NaN,46.787,0,3166.6,0.0069644,NaN,NaN,NaN,NaN,NaN,-1,-1,-1.6525,1.8338,-8.0405,-0.56657,0.34013,-16.086,NaN,NaN,NaN,NaN,NaN
415.61,-34.52,-11.085,-18.97,-1.5261,3.1426,-5.3346,-0.523,-0.93392,-15.706,0,0,0,NaN,NaN,NaN,NaN,NaN,NaN,NaN,NaN,NaN,46.787,0,3166.6,0.0069644,NaN,NaN,NaN,NaN,NaN,-1,-1,-1.6509,1.8233,-8.0154,-0.60592,0.20598,-16.368,NaN,NaN,NaN,NaN,NaN
415.61,-34.515,-11.112,-19,-2.6656,1.7784,-9.2224,-0.77768,-2.5325,-16.051,0.63466,0.26561,-0.88646,NaN,NaN,NaN,NaN,NaN,NaN,NaN,NaN,NaN,46.768,0,3166.6,0.0069644,0.76978,2.4468,0.71506,0.054939,16.65,96976,11.313,-1.6582,1.8382,-8.0177,-0.605,0.14186,-16.149,NaN,NaN,NaN,NaN,NaN
415.61,-34.509,-11.13,-19.036,-1.1886,1.6945,-9.4739,-0.697,2.1219,-16.36,0,0,0,NaN,NaN,NaN,NaN,NaN,NaN,NaN,NaN,NaN,46.768,0,3166.6,0.0069644,NaN,NaN,NaN,NaN,NaN,-1,-1,-1.6623,1.8431,-8.0228,-0.58984,0.34207,-16.342,NaN,NaN,NaN,NaN,NaN
415.62,-34.498,-11.175,-19.102,-2.0881,0.69943,-8.0194,-1.2791,-1.6145,-16.01,0,0,0,NaN,NaN,NaN,NaN,NaN,NaN,NaN,NaN,NaN,46.768,0,3166.6,0.0069644,NaN,NaN,NaN,NaN,NaN,-1,-1,-1.6629,1.8231,-8.0118,-0.63743,0.36886,-16.529,NaN,NaN,NaN,NaN,NaN
415.62,-34.493,-11.197,-19.136,-1.6172,2.9708,-9.4448,-1.2089,0.42657,-16.325,0.64461,0.26992,-0.89224,NaN,NaN,NaN,NaN,NaN,NaN,NaN,NaN,NaN,46.768,0,3166.6,0.0069644,NaN,NaN,NaN,NaN,16.601,96982,11.313,-1.6651,1.8122,-8.0206,-0.68191,0.31518,-16.2,NaN,NaN,NaN,NaN,NaN
415.62,-34.485,-11.212,-19.174,-1.3498,3.3109,-7.3142,-0.041998,3.0811,-16.202,0,0,0,NaN,NaN,NaN,NaN,NaN,NaN,NaN,NaN,NaN,46.768,0,3166.6,0.0069644,0.76102,2.5674,0.63716,0.0899,NaN,-1,-1,-1.6728,1.8025,-8.024,-0.72305,0.47785,-16.291,NaN,NaN,NaN,NaN,NaN
415.62,-34.472,-11.263,-19.239,-2.2085,0.41711,-8.6343,-0.56597,-1.9953,-16.72,0,0,0,NaN,NaN,NaN,NaN,NaN,NaN,NaN,NaN,NaN,46.768,0,3166.6,0.0069644,NaN,NaN,NaN,NaN,16.694,96957,11.188,-1.6694,1.8169,-8.0101,-0.79692,0.49683,-16.4,NaN,NaN,NaN,NaN,NaN
415.63,-34.465,-11.283,-19.275,-1.3901,3.086,-10.507,-0.57519,1.1343,-16.202,0.63277,0.26768,-0.8933,NaN,NaN,NaN,NaN,NaN,NaN,NaN,NaN,NaN,46.768,0,3166.6,0.0069644,NaN,NaN,NaN,NaN,NaN,-1,-1,-1.6632,1.8094,-7.9955,-0.85986,0.39625,-16.509,NaN,NaN,NaN,NaN,NaN
415.63,-34.458,-11.299,-19.313,-1.6664,1.796,-7.047,-0.53428,2.9893,-16.411,0,0,0,NaN,NaN,NaN,NaN,NaN,NaN,NaN,NaN,NaN,46.768,0,3166.6,0.0069644,NaN,NaN,NaN,NaN,NaN,-1,-1,-1.6729,1.8007,-8.0161,-0.88202,0.33132,-16.637,NaN,NaN,NaN,NaN,NaN
415.63,-34.453,-11.323,-19.347,-1.9573,1.6273,-6.854,-0.91971,-0.17143,-16.912,0,0,0,NaN,NaN,NaN,NaN,NaN,NaN,NaN,NaN,NaN,46.768,0,3166.6,0.0069644,NaN,NaN,NaN,NaN,16.552,96941,11.188,-1.6739,1.786,-8.0388,-0.86349,0.3084,-16.747,NaN,NaN,NaN,NaN,NaN
415.63,-34.448,-11.348,-19.379,-1.8267,2.6889,-7.6819,-1.3035,-1.5099,-16.711,0,0,0,NaN,NaN,NaN,NaN,NaN,NaN,NaN,NaN,NaN,46.768,0,3166.6,0.0069644,NaN,NaN,NaN,NaN,NaN,-1,-1,-1.6723,1.7885,-8.0038,-0.88118,0.41662,-16.833,NaN,NaN,NaN,NaN,NaN
415.64,-34.443,-11.37,-19.415,-1.4291,1.4077,-9.496,-0.94131,0.85268,-16.83,0.64675,0.26269,-0.89204,NaN,NaN,NaN,NaN,NaN,NaN,NaN,NaN,NaN,46.768,0,3166.6,0.0069644,0.7665,2.5775,0.64264,0.097392,NaN,-1,-1,-1.6775,1.7999,-7.9981,-0.89707,0.36891,-16.921,NaN,NaN,NaN,NaN,NaN
415.64,-34.437,-11.392,-19.452,-1.5926,0.75773,-7.897,-1.0038,0.65065,-17.315,0,0,0,NaN,NaN,NaN,NaN,NaN,NaN,NaN,NaN,NaN,46.768,0,3166.6,0.0069644,NaN,NaN,NaN,NaN,16.579,96966,11.313,-1.6793,1.8038,-8.0149,-0.89523,0.43997,-17.013,NaN,NaN,NaN,NaN,NaN
415.64,-34.434,-11.414,-19.488,-1.9358,1.4548,-7.947,-2.255,0.56992,-16.982,0,0,0,NaN,NaN,NaN,NaN,NaN,NaN,NaN,NaN,NaN,46.768,0,3166.6,0.0069644,NaN,NaN,NaN,NaN,NaN,-1,-1,-1.6774,1.7911,-8.0143,-0.90488,0.28262,-17.122,NaN,NaN,NaN,NaN,NaN
415.64,-34.428,-11.437,-19.523,-1.988,3.3837,-8.3759,-0.81904,-0.034091,-17.338,0,0,0,NaN,NaN,NaN,NaN,NaN,NaN,NaN,NaN,NaN,46.768,0,3166.6,0.0069644,NaN,NaN,NaN,NaN,16.744,96945,11.188,-1.6789,1.7764,-7.995,-0.89872,0.25876,-17.216,NaN,NaN,NaN,NaN,NaN
415.65,-34.42,-11.458,-19.562,-1.3712,2.396,-7.2243,-0.16965,1.6362,-17.398,0.64165,0.2582,-0.88806,NaN,NaN,NaN,NaN,NaN,NaN,NaN,NaN,NaN,46.768,0,3166.6,0.0069644,0.76814,2.4546,0.71506,NaN,NaN,-1,-1,-1.6862,1.7764,-8.0046,-0.93858,0.55056,-17.314,NaN,NaN,NaN,NaN,NaN
415.65,-34.412,-11.485,-19.596,-1.5677,1.2969,-8.0899,-0.055061,-1.3352,-17.902,0,0,0,NaN,NaN,NaN,NaN,NaN,NaN,NaN,NaN,NaN,46.768,0,3166.6,0.0069644,0.76814,2.4546,0.71506,NaN,NaN,-1,-1,-1.6867,1.7751,-8.0179,-0.98659,0.51962,-17.41,NaN,NaN,NaN,NaN,NaN
415.65,-34.408,-11.509,-19.632,-1.7622,0.70852,-9.2056,-1.3906,-0.20558,-17.494,0,0,0,NaN,NaN,NaN,NaN,NaN,NaN,NaN,NaN,NaN,46.768,0,3166.6,0.0069644,NaN,NaN,NaN,0.038291,16.48,96934,11.188,-1.6816,1.7858,-7.9903,-0.98636,0.31211,-17.515,NaN,NaN,NaN,NaN,NaN
415.65,-34.399,-11.528,-19.671,-1.5484,2.3101,-8.9738,-0.18128,2.093,-17.202,0,0,0,NaN,NaN,NaN,NaN,NaN,NaN,NaN,NaN,NaN,46.768,0,3166.6,0.0069644,NaN,NaN,NaN,NaN,NaN,-1,-1,-1.6832,1.7699,-7.9864,-0.96126,0.50682,-17.615,NaN,NaN,NaN,NaN,NaN
415.66,-34.394,-11.548,-19.71,-1.8364,1.6062,-6.7468,-1.4101,1.9148,-17.474,0.65173,0.2673,-0.89382,NaN,NaN,NaN,NaN,NaN,NaN,NaN,NaN,NaN,46.768,0,3166.6,0.0069644,NaN,NaN,NaN,NaN,NaN,-1,-1,-1.6904,1.7581,-8.0058,-0.95088,0.6672,-17.715,NaN,NaN,NaN,NaN,NaN
415.66,-34.389,-11.575,-19.743,-1.8632,2.7442,-7.0426,-1.0981,-1.5431,-17.526,0,0,0,NaN,NaN,NaN,NaN,NaN,NaN,NaN,NaN,NaN,46.768,0,3166.6,0.0069644,NaN,NaN,NaN,NaN,16.649,96979,11.313,-1.6849,1.7501,-8.0271,-0.87903,0.52269,-17.804,NaN,NaN,NaN,NaN,NaN
415.66,-34.383,-11.599,-19.78,-1.5783,2.5237,-8.6628,-0.96818,0.00091673,-17.881,0,0,0,NaN,NaN,NaN,NaN,NaN,NaN,NaN,NaN,NaN,46.768,0,3166.6,0.0069644,0.8311,2.4874,0.7108,0.0099889,NaN,-1,-1,-1.6862,1.7485,-7.9887,-0.82923,0.6261,-17.906,NaN,NaN,NaN,NaN,NaN
415.66,-34.376,-11.621,-19.819,-1.8724,0.29063,-9.3769,-0.84156,1.3444,-18.138,0,0,0,NaN,NaN,NaN,NaN,NaN,NaN,NaN,NaN,NaN,46.768,0,3166.6,0.0069644,NaN,NaN,NaN,NaN,16.621,96941,11.125,-1.6903,1.7591,-7.9812,-0.79994,0.79371,-17.965,NaN,NaN,NaN,NaN,NaN
415.67,-34.372,-11.643,-19.86,-1.7398,0.89356,-6.9417,-1.9087,1.3756,-18.294,0.64218,0.26263,-0.89468,NaN,NaN,NaN,NaN,NaN,NaN,NaN,NaN,NaN,46.768,0,3166.6,0.0069644,NaN,NaN,NaN,NaN,NaN,-1,-1,-1.6838,1.7588,-7.9978,-0.79047,0.70116,-18.047,NaN,NaN,NaN,NaN,NaN
415.67,-34.368,-11.67,-19.895,-1.496,2.7809,-8.4437,-1.6716,-1.2711,-17.85,0,0,0,NaN,NaN,NaN,NaN,NaN,NaN,NaN,NaN,NaN,46.768,0,3166.6,0.0069644,NaN,NaN,NaN,NaN,NaN,-1,-1,-1.6853,1.7425,-7.9845,-0.78759,0.58244,-18.126,NaN,NaN,NaN,NaN,NaN
415.67,-34.36,-11.693,-19.933,-2.1064,2.6918,-8.6273,-0.48902,0.92905,-18.118,0,0,0,NaN,NaN,NaN,NaN,NaN,NaN,NaN,NaN,NaN,46.768,0,3166.6,0.0069644,NaN,NaN,NaN,NaN,16.551,96987,11.313,-1.6906,1.7497,-8.0032,-0.77444,0.80681,-18.205,NaN,NaN,NaN,NaN,NaN
415.67,-34.351,-11.714,-19.975,-1.371,1.2955,-8.0172,-0.29731,2.2724,-18.692,0,0,0,NaN,NaN,NaN,NaN,NaN,NaN,NaN,NaN,NaN,46.768,0,3166.6,0.0069644,0.76102,2.5632,0.63899,0.091565,NaN,-1,-1,-1.6875,1.7446,-7.9982,-0.7708,0.69178,-18.287,NaN,NaN,NaN,NaN,NaN
415.68,-34.344,-11.74,-20.014,-1.4519,1.5542,-6.7546,-0.82775,0.0018908,-18.785,0.64425,0.253,-0.8945,NaN,NaN,NaN,NaN,NaN,NaN,NaN,NaN,NaN,46.768,0,3166.6,0.0069644,0.76102,2.5632,0.63899,0.091565,NaN,-1,-1,-1.6876,1.7357,-7.9996,-0.76704,0.55557,-18.385,NaN,NaN,NaN,NaN,NaN
415.68,-34.336,-11.768,-20.05,-1.832,1.5069,-8.9653,0.015183,-1.762,-18.44,0,0,0,NaN,NaN,NaN,NaN,NaN,NaN,NaN,NaN,NaN,46.768,0,3166.6,0.0069644,NaN,NaN,NaN,NaN,16.741,96946,11.125,-1.6946,1.7412,-8.0185,-0.70795,0.75045,-18.458,NaN,NaN,NaN,NaN,NaN
415.68,-34.328,-11.788,-20.091,-1.7186,1.2824,-10.846,-0.36114,2.5783,-18.094,0,0,0,NaN,NaN,NaN,NaN,NaN,NaN,NaN,NaN,NaN,46.768,0,3166.6,0.0069644,NaN,NaN,NaN,NaN,NaN,-1,-1,-1.691,1.7192,-8.0373,-0.67202,0.76425,-18.534,NaN,NaN,NaN,NaN,NaN
415.68,-34.32,-11.805,-20.134,-1.7258,2.3952,-5.0924,-0.84168,3.6839,-18.304,0,0,0,NaN,NaN,NaN,NaN,NaN,NaN,NaN,NaN,NaN,46.768,0,3166.6,0.0069644,NaN,NaN,NaN,NaN,16.768,96970,11.25,-1.6865,1.7167,-8.0166,-0.63547,0.70947,-18.589,NaN,NaN,NaN,NaN,NaN
415.69,-34.313,-11.835,-20.17,-1.9726,2.8185,-7.3436,-0.73648,-2.3217,-18.747,0.65623,0.26004,-0.89342,NaN,NaN,NaN,NaN,NaN,NaN,NaN,NaN,NaN,46.768,0,3166.6,0.0069644,NaN,NaN,NaN,NaN,NaN,-1,-1,-1.6928,1.7197,-8.0287,-0.57775,0.81477,-18.643,NaN,NaN,NaN,NaN,NaN
415.69,-34.305,-11.863,-20.207,-1.503,1.5686,-9.9936,0.022002,-1.1481,-18.941,0,0,0,NaN,NaN,NaN,NaN,NaN,NaN,NaN,NaN,NaN,46.768,0,3166.6,0.0069644,0.76595,2.4612,0.71627,0.031632,NaN,-1,-1,-1.6959,1.7144,-8.0423,-0.51854,0.86958,-18.728,NaN,NaN,NaN,NaN,NaN
415.69,-34.296,-11.881,-20.252,-1.9191,0.69479,-8.0771,-0.57605,4.2249,-19.006,0,0,0,NaN,NaN,NaN,NaN,NaN,NaN,NaN,NaN,NaN,46.768,0,3166.6,0.0069644,NaN,NaN,NaN,NaN,16.67,96959,11.188,-1.689,1.7051,-8.045,-0.50603,0.81623,-18.786,NaN,NaN,NaN,NaN,NaN
415.69,-34.29,-11.906,-20.291,-1.3464,0.45233,-7.0847,-1.3316,0.018277,-18.917,0,0,0,NaN,NaN,NaN,NaN,NaN,NaN,NaN,NaN,NaN,46.768,0,3166.6,0.0069644,NaN,NaN,NaN,NaN,NaN,-1,-1,-1.693,1.7091,-8.0451,-0.4893,0.76868,-18.838,NaN,NaN,NaN,NaN,NaN
415.7,-34.275,-11.955,-20.371,-2.2446,1.4842,-9.1089,-0.092533,3.9364,-18.959,0,0,0,NaN,NaN,NaN,NaN,NaN,NaN,NaN,NaN,NaN,46.768,0,3166.6,0.0069644,NaN,NaN,NaN,NaN,NaN,-1,-1,-1.692,1.698,-8.0507,-0.49285,0.8136,-18.907,NaN,NaN,NaN,NaN,NaN
415.7,-34.266,-11.975,-20.415,-0.7468,1.9845,-5.4298,-0.65168,3.0084,-19.255,0,0,0,NaN,NaN,NaN,NaN,NaN,NaN,NaN,NaN,NaN,46.768,0,3166.6,0.0069644,NaN,NaN,NaN,NaN,16.576,97007,11.375,-1.6949,1.6791,-8.0477,-0.5373,0.92436,-18.97,NaN,NaN,NaN,NaN,NaN
415.7,-34.258,-12.011,-20.448,-2.1354,1.5093,-7.7857,0.25376,-4.9675,-19.28,0,0,0,NaN,NaN,NaN,NaN,NaN,NaN,NaN,NaN,NaN,46.768,0,3166.6,0.0069644,NaN,NaN,NaN,NaN,16.815,96972,11.25,-1.6957,1.6772,-8.0696,-0.53939,0.86529,-19.05,NaN,NaN,NaN,NaN,NaN
415.7,-34.247,-12.035,-20.489,-1.9067,1.5905,-12.884,0.32309,1.0652,-18.864,0.64897,0.25786,-0.89185,NaN,NaN,NaN,NaN,NaN,NaN,NaN,NaN,NaN,46.768,0,3166.6,0.0069644,NaN,NaN,NaN,NaN,NaN,-1,-1,-1.6938,1.6678,-8.0844,-0.49356,0.79836,-19.137,NaN,NaN,NaN,NaN,NaN
415.71,-34.238,-12.047,-20.536,-1.1787,0.6072,-6.1712,-0.66858,6.1011,-18.662,0,0,0,NaN,NaN,NaN,NaN,NaN,NaN,NaN,NaN,NaN,46.768,0,3166.6,0.0069644,NaN,NaN,NaN,NaN,NaN,-1,-1,-1.6891,1.6553,-8.1102,-0.44084,0.82087,-19.214,NaN,NaN,NaN,NaN,NaN
415.71,-34.231,-12.074,-20.575,-1.6052,2.7805,-6.1639,-0.90653,-0.24265,-19.06,0,0,0,NaN,NaN,NaN,NaN,NaN,NaN,NaN,NaN,NaN,46.768,0,3166.6,0.0069644,NaN,NaN,NaN,NaN,NaN,-1,-1,-1.6861,1.6565,-8.0986,-0.45215,0.83632,-19.278,NaN,NaN,NaN,NaN,NaN
415.71,-34.223,-12.106,-20.612,-2.7451,2.7432,-8.7957,-0.24018,-2.6998,-19.488,0,0,0,NaN,NaN,NaN,NaN,NaN,NaN,NaN,NaN,NaN,46.768,0,3166.6,0.0069644,NaN,NaN,NaN,NaN,16.623,96948,11.188,-1.6848,1.6457,-8.1112,-0.42339,0.86115,-19.318,NaN,NaN,NaN,NaN,NaN
415.71,-34.205,-12.151,-20.699,-1.8528,0.70083,-6.6924,-0.7154,1.7546,-19.557,0,0,0,NaN,NaN,NaN,NaN,NaN,NaN,NaN,NaN,NaN,46.768,0,3166.6,0.0069644,0.77307,2.4546,0.71506,NaN,NaN,-1,-1,-1.6872,1.6377,-8.1296,-0.40873,0.87552,-19.37,NaN,NaN,NaN,NaN,NaN
415.72,-34.199,-12.178,-20.737,-1.6299,1.5693,-7.2672,-1.314,-0.72514,-19.034,0,0,0,NaN,NaN,NaN,NaN,NaN,NaN,NaN,NaN,NaN,46.768,0,3166.6,0.0069644,NaN,NaN,NaN,0.029134,NaN,-1,-1,-1.6861,1.637,-8.1308,-0.38299,0.88909,-19.423,NaN,NaN,NaN,NaN,NaN
415.72,-34.192,-12.205,-20.777,-1.9921,2.3694,-11.322,-1.0212,-0.30602,-19.573,0,0,0,NaN,NaN,NaN,NaN,NaN,NaN,NaN,NaN,NaN,46.768,0,3166.6,0.0069644,NaN,NaN,NaN,NaN,16.549,96958,11.188,-1.6795,1.6261,-8.1447,-0.40065,0.83785,-19.484,NaN,NaN,NaN,NaN,NaN
415.72,-34.182,-12.225,-20.823,-2.0633,2.0522,-6.8324,-0.15126,3.1463,-19.4,0.64688,0.25765,-0.89648,NaN,NaN,NaN,NaN,NaN,NaN,NaN,NaN,NaN,46.817,0,3172.3,0.0064211,NaN,NaN,NaN,NaN,NaN,-1,-1,-1.6831,1.6215,-8.1665,-0.43379,0.96963,-19.536,NaN,NaN,NaN,NaN,NaN
415.72,-34.171,-12.247,-20.867,-0.76911,2.1104,-6.1651,-0.048071,2.2855,-19.753,0,0,0,NaN,NaN,NaN,NaN,NaN,NaN,NaN,NaN,NaN,46.817,0,3172.3,0.0064211,NaN,NaN,NaN,NaN,16.477,96951,11.188,-1.6795,1.6158,-8.1693,-0.48478,1.0285,-19.615,NaN,NaN,NaN,NaN,NaN
415.73,-34.163,-12.282,-20.903,-2.1861,-0.10089,-8.8058,-0.13814,-3.8268,-20.052,0,0,0,NaN,NaN,NaN,NaN,NaN,NaN,NaN,NaN,NaN,46.817,0,3172.3,0.0064211,NaN,NaN,NaN,NaN,NaN,-1,-1,-1.6821,1.6064,-8.2096,-0.55961,0.76542,-19.689,NaN,NaN,NaN,NaN,NaN
415.73,-34.153,-12.305,-20.947,-1.9723,1.9405,-11.534,-0.40067,2.1936,-19.588,0,0,0,NaN,NaN,NaN,NaN,NaN,NaN,NaN,NaN,NaN,46.817,0,3172.3,0.0064211,0.77197,2.4462,0.71992,0.049945,NaN,-1,-1,-1.6793,1.5985,-8.2286,-0.58775,0.70196,-19.751,NaN,NaN,NaN,NaN,NaN
415.73,-34.143,-12.32,-20.994,-0.89589,1.2364,-6.6539,-0.39139,5.2752,-19.253,0.63961,0.25547,-0.89491,NaN,NaN,NaN,NaN,NaN,NaN,NaN,NaN,NaN,46.817,0,3172.3,0.0064211,NaN,NaN,NaN,NaN,16.575,96989,11.313,-1.67,1.5965,-8.1864,-0.70417,0.80003,-20.442,NaN,NaN,NaN,NaN,NaN
415.73,-34.136,-12.35,-21.033,-1.7061,2.1968,-5.1265,-0.85491,-1.4804,-19.725,0,0,0,NaN,NaN,NaN,NaN,NaN,NaN,NaN,NaN,NaN,46.817,0,3172.3,0.0064211,NaN,NaN,NaN,NaN,NaN,-1,-1,-1.6724,1.5795,-8.2087,-0.7624,0.80443,-20.356,NaN,NaN,NaN,NaN,NaN
415.74,-34.128,-12.38,-21.072,-2.5878,2.2481,-10.041,-0.61198,-1.6702,-20.094,0,0,0,NaN,NaN,NaN,NaN,NaN,NaN,NaN,NaN,NaN,46.817,0,3172.3,0.0064211,NaN,NaN,NaN,NaN,NaN,-1,-1,-1.668,1.5709,-8.2514,-0.7752,0.64479,-20.27,NaN,NaN,NaN,NaN,NaN
415.74,-34.119,-12.401,-21.119,-1.189,0.65639,-10.122,-0.59284,3.2983,-20.167,0,0,0,NaN,NaN,NaN,NaN,NaN,NaN,NaN,NaN,NaN,46.817,0,3172.3,0.0064211,NaN,NaN,NaN,NaN,16.379,96973,11.25,-1.6671,1.559,-8.2436,-0.78436,0.82055,-20.179,NaN,NaN,NaN,NaN,NaN
415.74,-34.111,-12.426,-21.163,-1.8148,0.67257,-6.1353,-1.1994,0.99122,-20.305,0.64869,0.24826,-0.89187,NaN,NaN,NaN,NaN,NaN,NaN,NaN,NaN,NaN,46.817,0,3172.3,0.0064211,0.83001,2.4618,0.70654,0.016648,NaN,-1,-1,-1.6557,1.5453,-8.232,-0.93764,0.94925,-20.726,NaN,NaN,NaN,NaN,NaN
415.74,-34.106,-12.455,-21.203,-1.7228,1.6298,-8.4704,-1.8105,-0.60224,-19.81,0,0,0,NaN,NaN,NaN,NaN,NaN,NaN,NaN,NaN,NaN,46.817,0,3172.3,0.0064211,NaN,NaN,NaN,NaN,16.257,96972,11.25,-1.6609,1.55,-8.2694,-0.97895,0.77829,-20.509,NaN,NaN,NaN,NaN,NaN
415.75,-34.098,-12.48,-21.247,-1.9622,2.8353,-10.014,-1.0409,0.83698,-20.318,0,0,0,NaN,NaN,NaN,NaN,NaN,NaN,NaN,NaN,NaN,46.817,0,3172.3,0.0064211,NaN,NaN,NaN,NaN,NaN,-1,-1,-1.6555,1.5402,-8.2537,-1.014,0.58426,-20.308,NaN,NaN,NaN,NaN,NaN
415.75,-34.089,-12.502,-21.294,-1.548,1.6031,-7.4267,-0.95518,3.0728,-20.545,0,0,0,NaN,NaN,NaN,NaN,NaN,NaN,NaN,NaN,NaN,46.817,0,3172.3,0.0064211,NaN,NaN,NaN,NaN,NaN,-1,-1,-1.6508,1.5291,-8.2364,-1.0656,0.75191,-20.136,NaN,NaN,NaN,NaN,NaN
415.75,-34.08,-12.529,-21.337,-1.2885,1.6221,-6.8358,-0.46564,0.31616,-20.577,0.65311,0.23369,-0.8937,NaN,NaN,NaN,NaN,NaN,NaN,NaN,NaN,NaN,46.817,0,3172.3,0.0064211,NaN,NaN,NaN,NaN,16.787,96932,11.063,-1.6487,1.5231,-8.2628,-1.1412,0.56479,-19.981,NaN,NaN,NaN,NaN,NaN
415.75,-34.072,-12.561,-21.377,-2.0638,0.55095,-8.5863,-0.66893,-2.1283,-20.376,0,0,0,NaN,NaN,NaN,NaN,NaN,NaN,NaN,NaN,NaN,46.817,0,3172.3,0.0064211,0.7654,2.568,0.64203,0.094062,NaN,-1,-1,-1.6429,1.5079,-8.2333,-1.1748,0.74875,-19.831,NaN,NaN,NaN,NaN,NaN
415.76,-34.063,-12.584,-21.422,-1.8185,1.7738,-11.829,-0.68996,2.0861,-20.12,0,0,0,NaN,NaN,NaN,NaN,NaN,NaN,NaN,NaN,NaN,46.817,0,3172.3,0.0064211,NaN,NaN,NaN,NaN,NaN,-1,-1,-1.642,1.51,-8.2424,-1.268,0.88181,-19.671,NaN,NaN,NaN,NaN,NaN
415.76,-34.055,-12.602,-21.469,-1.1486,1.3389,-6.1179,-1.5295,4.58,-19.814,0,0,0,NaN,NaN,NaN,NaN,NaN,NaN,NaN,NaN,NaN,46.817,0,3172.3,0.0064211,NaN,NaN,NaN,NaN,16.601,96959,11.25,-1.6375,1.4892,-8.2674,-1.3186,0.74511,-19.551,NaN,NaN,NaN,NaN,NaN
415.76,-34.049,-12.632,-21.511,-2.2938,2.2945,-6.7363,-1.692,-0.98566,-20.597,0.64613,0.2411,-0.89211,-7.3854,16.154,-4.6426,18.359,40.059,-88.548,3.6798e+05,4.4354e+06,323.27,46.817,0,3172.3,0.0064211,NaN,NaN,NaN,NaN,NaN,-1,-1,-1.636,1.4659,-8.2571,-1.3493,0.84454,-19.427,18.323,-1.1498,0.0092933,0.02906,-3.5907
415.76,-34.042,-12.66,-21.554,-1.4606,2.4578,-8.7608,-1.2787,-0.32017,-20.559,0,0,0,NaN,NaN,NaN,NaN,NaN,NaN,NaN,NaN,NaN,46.817,0,3172.3,0.0064211,NaN,NaN,NaN,NaN,16.596,96926,11.063,-1.6341,1.4637,-8.2713,-1.4225,1.104,-19.307,NaN,NaN,NaN,NaN,NaN
415.77,-34.035,-12.685,-21.599,-1.5284,0.40823,-10.652,-1.4121,1.7021,-20.918,0,0,0,NaN,NaN,NaN,NaN,NaN,NaN,NaN,NaN,NaN,46.817,0,3172.3,0.0064211,NaN,NaN,NaN,NaN,NaN,-1,-1,-1.6311,1.4643,-8.2781,-1.5491,1.1015,-19.202,NaN,NaN,NaN,NaN,NaN
415.77,-34.03,-12.708,-21.646,-2.2354,-0.19129,-6.5758,-2.4912,2.3779,-20.768,0,0,0,NaN,NaN,NaN,NaN,NaN,NaN,NaN,NaN,NaN,46.817,0,3172.3,0.0064211,0.7665,2.5602,0.63351,0.097392,NaN,-1,-1,-1.6236,1.4592,-8.2677,-1.6582,1.0399,-19.103,NaN,NaN,NaN,NaN,NaN
415.77,-34.027,-12.739,-21.688,-1.1635,2.3511,-8.9561,-3.0538,-1.2488,-20.693,0.65533,0.23377,-0.89128,NaN,NaN,NaN,NaN,NaN,NaN,NaN,NaN,NaN,46.817,0,3172.3,0.0064211,NaN,NaN,NaN,NaN,16.377,96968,11.188,-1.6145,1.4389,-8.2527,-1.8143,1.2706,-19.038,NaN,NaN,NaN,NaN,NaN
415.77,-34.021,-12.763,-21.734,-2.2324,2.4204,-9.1007,-2.0557,1.753,-20.696,0,0,0,NaN,NaN,NaN,NaN,NaN,NaN,NaN,NaN,NaN,46.817,0,3172.3,0.0064211,NaN,NaN,NaN,NaN,NaN,-1,-1,-1.6174,1.4122,-8.2967,-1.9414,1.1979,-18.976,NaN,NaN,NaN,NaN,NaN
415.78,-34.008,-12.817,-21.824,-1.2828,1.1241,-6.613,-1.7062,-2.7025,-21.237,0,0,0,NaN,NaN,NaN,NaN,NaN,NaN,NaN,NaN,NaN,46.817,0,3172.3,0.0064211,NaN,NaN,NaN,NaN,NaN,-1,-1,-1.5996,1.3972,-8.2236,-2.0664,1.1266,-18.957,NaN,NaN,NaN,NaN,NaN
415.78,-34.005,-12.847,-21.866,-1.8083,0.79989,-11.289,-2.6395,-0.93478,-20.638,0.66489,0.23844,-0.89042,NaN,NaN,NaN,NaN,NaN,NaN,NaN,NaN,NaN,46.817,0,3172.3,0.0064211,0.76923,2.5709,0.65724,NaN,16.575,96993,11.313,-1.5928,1.3881,-8.2199,-2.1616,1.2694,-18.927,NaN,NaN,NaN,NaN,NaN
415.78,-33.998,-12.861,-21.917,-1.6914,1.4752,-9.8275,-2.2331,6.3192,-20.147,0,0,0,NaN,NaN,NaN,NaN,NaN,NaN,NaN,NaN,NaN,46.817,0,3172.3,0.0064211,NaN,NaN,NaN,0.062431,16.791,96996,11.313,-1.5888,1.3863,-8.1979,-2.2457,1.5081,-18.893,NaN,NaN,NaN,NaN,NaN
415.78,-33.993,-12.882,-21.965,-1.4217,2.0581,-6.4786,-2.8473,3.1852,-20.562,0,0,0,NaN,NaN,NaN,NaN,NaN,NaN,NaN,NaN,NaN,46.817,0,3172.3,0.0064211,NaN,NaN,NaN,NaN,NaN,-1,-1,-1.5938,1.3774,-8.2262,-2.3403,1.2952,-18.892,NaN,NaN,NaN,NaN,NaN
415.79,0,0,0,0,0,0,0,0,0,0,0,0,NaN,NaN,NaN,NaN,NaN,NaN,NaN,NaN,NaN,46.817,0,3172.3,0.0064211,NaN,NaN,NaN,NaN,NaN,-1,-1,-1.597,1.3508,-8.2423,-2.416,1.3632,-18.89,NaN,NaN,NaN,NaN,NaN
415.79,-33.984,-12.944,-22.051,-1.02,1.4181,-10.319,-2.218,0.43516,-21.243,0.65082,0.23612,-0.89391,NaN,NaN,NaN,NaN,NaN,NaN,NaN,NaN,NaN,46.817,0,3172.3,0.0064211,NaN,NaN,NaN,NaN,NaN,-1,-1,-1.5934,1.3451,-8.2232,-2.476,1.6824,-18.901,NaN,NaN,NaN,NaN,NaN
415.79,-33.979,-12.965,-22.1,-1.8203,0.54288,-9.4268,-2.9613,3.4029,-21.15,0,0,0,NaN,NaN,NaN,NaN,NaN,NaN,NaN,NaN,NaN,46.817,0,3172.3,0.0064211,NaN,NaN,NaN,NaN,16.812,96947,11.125,-1.5886,1.3437,-8.2584,-2.5608,1.559,-18.926,NaN,NaN,NaN,NaN,NaN
415.79,-33.975,-13.023,-22.187,-1.4008,2.0276,-10.735,-3.7677,-2.5281,-21.107,0,0,0,NaN,NaN,NaN,NaN,NaN,NaN,NaN,NaN,NaN,46.817,0,3172.3,0.0064211,0.76267,2.5703,0.63959,0.091565,NaN,-1,-1,-1.5934,1.3371,-8.2517,-2.6772,1.4542,-18.96,NaN,NaN,NaN,NaN,NaN
415.8,0,0,0,0,0,0,0,0,0,0,0,0,NaN,NaN,NaN,NaN,NaN,NaN,NaN,NaN,NaN,46.817,0,3172.3,0.0064211,NaN,NaN,NaN,NaN,NaN,-1,-1,-1.5791,1.3239,-8.2263,-2.7927,1.6624,-19.006,NaN,NaN,NaN,NaN,NaN
415.8,-33.972,-13.046,-22.237,-2.3277,2.1671,-9.0552,-3.2889,3.0713,-21.273,0.65338,0.23836,-0.8959,NaN,NaN,NaN,NaN,NaN,NaN,NaN,NaN,NaN,46.817,0,3172.3,0.0064211,NaN,NaN,NaN,NaN,16.789,96943,11.125,-1.5763,1.2999,-8.24,-2.9175,1.7297,-19.086,NaN,NaN,NaN,NaN,NaN
415.8,-33.966,-13.064,-22.289,-0.95525,2.2949,-6.6708,-2.9775,5.0345,-21.402,0,0,0,NaN,NaN,NaN,NaN,NaN,NaN,NaN,NaN,NaN,46.817,0,3172.3,0.0064211,NaN,NaN,NaN,NaN,NaN,-1,-1,-1.5813,1.2913,-8.2798,-3.0605,1.6027,-19.166,NaN,NaN,NaN,NaN,NaN
415.8,-33.96,-13.13,-22.372,-2.5416,1.3675,-12.399,-3.294,0.039534,-21.02,0,0,0,NaN,NaN,NaN,NaN,NaN,NaN,NaN,NaN,NaN,46.817,0,3172.3,0.0064211,NaN,NaN,NaN,NaN,16.431,96976,11.313,-1.5738,1.2801,-8.2437,-3.1474,1.6075,-19.275,NaN,NaN,NaN,NaN,NaN
415.81,-33.956,-13.143,-22.426,-0.80012,0.561,-9.1492,-3.7577,7.2716,-20.739,0.66738,0.23829,-0.89242,NaN,NaN,NaN,NaN,NaN,NaN,NaN,NaN,NaN,46.817,0,3172.3,0.0064211,NaN,NaN,NaN,NaN,NaN,-1,-1,-1.5854,1.2935,-8.301,-3.2364,1.7458,-19.4,NaN,NaN,NaN,NaN,NaN
415.81,-33.956,-13.169,-22.471,-1.326,1.9438,-4.705,-4.218,0.95776,-20.938,0,0,0,NaN,NaN,NaN,NaN,NaN,NaN,NaN,NaN,NaN,46.817,0,3172.3,0.0064211,0.82563,2.4671,0.70714,0.015816,NaN,-1,-1,-1.5842,1.2869,-8.3019,-3.3121,1.7423,-19.527,NaN,NaN,NaN,NaN,NaN
415.81,-33.95,-13.226,-22.562,-1.4,0.57083,-10.223,-3.2808,2.193,-21.931,0,0,0,NaN,NaN,NaN,NaN,NaN,NaN,NaN,NaN,NaN,46.817,0,3172.3,0.0064211,NaN,NaN,NaN,NaN,16.354,96959,11.188,-1.5866,1.2774,-8.338,-3.3848,1.6927,-19.665,NaN,NaN,NaN,NaN,NaN
415.81,-33.94,-13.248,-22.623,-1.1625,0.1182,-7.8929,-3.8153,2.0577,-21.267,0.6669,0.23133,-0.88802,NaN,NaN,NaN,NaN,NaN,NaN,NaN,NaN,NaN,46.817,0,3172.3,0.0064211,NaN,NaN,NaN,NaN,NaN,-1,-1,-1.6022,1.2818,-8.4335,-3.4246,1.7064,-19.811,NaN,NaN,NaN,NaN,NaN
415.82,-33.94,-13.276,-22.668,-2.1429,1.1741,-8.9934,-4.4954,0.33845,-21.289,0,0,0,NaN,NaN,NaN,NaN,NaN,NaN,NaN,NaN,NaN,46.817,0,3172.3,0.0064211,NaN,NaN,NaN,NaN,NaN,-1,-1,-1.6086,1.2919,-8.4509,-3.469,1.8438,-19.963,NaN,NaN,NaN,NaN,NaN
415.82,-33.94,-13.303,-22.714,-1.7385,2.4801,-8.844,-4.5089,1.0126,-21.215,0,0,0,NaN,NaN,NaN,NaN,NaN,NaN,NaN,NaN,NaN,46.817,0,3172.3,0.0064211,0.77416,2.5745,0.65542,0.074917,16.475,96967,11.188,-1.6078,1.304,-8.4808,-3.5633,1.708,-20.127,NaN,NaN,NaN,NaN,NaN
415.82,-33.936,-13.325,-22.763,-1.6128,1.3567,-9.6007,-3.4197,3.1171,-21.426,0,0,0,NaN,NaN,NaN,NaN,NaN,NaN,NaN,NaN,NaN,46.817,0,3172.3,0.0064211,NaN,NaN,NaN,NaN,16.79,96956,11.188,-1.6033,1.2811,-8.4665,-3.6602,1.7551,-20.308,NaN,NaN,NaN,NaN,NaN
415.82,-33.932,-13.351,-22.813,-1.2873,2.236,-5.6529,-3.341,2.1707,-22.122,0.66454,0.22645,-0.89045,NaN,NaN,NaN,NaN,NaN,NaN,NaN,NaN,NaN,46.817,0,3172.3,0.0064211,NaN,NaN,NaN,NaN,NaN,-1,-1,-1.6111,1.2634,-8.5089,-3.7309,1.8371,-20.53,NaN,NaN,NaN,NaN,NaN
415.83,-33.927,-13.386,-22.854,-1.8051,0.29128,-10.847,-2.3036,-2.8381,-21.605,0,0,0,NaN,NaN,NaN,NaN,NaN,NaN,NaN,NaN,NaN,46.817,0,3172.3,0.0064211,NaN,NaN,NaN,NaN,NaN,-1,-1,-1.6126,1.2555,-8.5263,-3.8194,1.7539,-20.767,NaN,NaN,NaN,NaN,NaN
415.83,-33.924,-13.408,-22.904,-1.8233,0.6002,-10.362,-3.8163,3.4053,-21.336,0,0,0,NaN,NaN,NaN,NaN,NaN,NaN,NaN,NaN,NaN,46.817,0,3172.3,0.0064211,NaN,NaN,NaN,NaN,NaN,-1,-1,-1.6116,1.2562,-8.5298,-3.9074,1.6057,-21.015,NaN,NaN,NaN,NaN,NaN
415.83,-33.921,-13.428,-22.953,-1.6441,1.6976,-8.6508,-3.8063,3.9209,-20.81,0,0,0,NaN,NaN,NaN,NaN,NaN,NaN,NaN,NaN,NaN,46.817,0,3225.2,0.0064211,NaN,NaN,NaN,NaN,16.742,97001,11.313,-1.6152,1.2615,-8.5201,-3.9873,1.7558,-21.257,NaN,NaN,NaN,NaN,NaN
415.83,-33.919,-13.454,-22.999,-1.4315,2.0669,-6.3079,-3.9056,1.2781,-21.185,0.67384,0.23136,-0.88517,NaN,NaN,NaN,NaN,NaN,NaN,NaN,NaN,NaN,46.817,0,3225.2,0.0064211,0.77252,2.4522,0.72357,0.033296,NaN,-1,-1,-1.6145,1.2487,-8.5456,-4.0511,1.6215,-21.519,NaN,NaN,NaN,NaN,NaN
415.84,-33.918,-13.489,-23.042,-1.9521,1.769,-9.1098,-4.0942,-2.567,-21.996,0,0,0,NaN,NaN,NaN,NaN,NaN,NaN,NaN,NaN,NaN,46.817,0,3225.2,0.0064211,NaN,NaN,NaN,NaN,NaN,-1,-1,-1.6136,1.2334,-8.5853,-4.1079,1.4018,-21.778,NaN,NaN,NaN,NaN,NaN
415.84,-33.915,-13.509,-23.093,-1.7512,1.0038,-10.882,-3.7784,4.2952,-21.765,0,0,0,NaN,NaN,NaN,NaN,NaN,NaN,NaN,NaN,NaN,46.817,0,3225.2,0.0064211,NaN,NaN,NaN,NaN,16.522,96979,11.188,-1.6196,1.2277,-8.5725,-4.1514,1.5713,-22.03,NaN,NaN,NaN,NaN,NaN
415.84,-33.914,-13.535,-23.141,-1.4233,0.00439,-5.9909,-4.5687,1.8126,-21.766,0,0,0,NaN,NaN,NaN,NaN,NaN,NaN,NaN,NaN,NaN,46.738,0.024486,3180.9,0.0064211,NaN,NaN,NaN,NaN,NaN,-1,-1,-1.6163,1.2289,-8.5921,-4.2039,1.6563,-22.321,NaN,NaN,NaN,NaN,NaN
415.84,-33.916,-13.569,-23.183,-1.8619,0.50469,-10.694,-5.1289,-2.4513,-21.265,0.66447,0.22405,-0.89046,NaN,NaN,NaN,NaN,NaN,NaN,NaN,NaN,NaN,46.738,0.024486,3180.9,0.0064211,NaN,NaN,NaN,NaN,16.626,97016,11.438,-1.6218,1.2375,-8.614,-4.1717,1.5548,-21.844,NaN,NaN,NaN,NaN,NaN
415.85,-33.915,-13.59,-23.234,-2.1922,3.4922,-9.5717,-5.004,4.0724,-21.555,0,0,0,NaN,NaN,NaN,NaN,NaN,NaN,NaN,NaN,NaN,46.738,0.024486,3180.9,0.0064211,0.77361,2.5745,0.65481,NaN,NaN,-1,-1,-1.6189,1.2251,-8.6074,-4.1998,1.4443,-22.005,NaN,NaN,NaN,NaN,NaN
415.85,-33.912,-13.613,-23.284,-1.2062,1.363,-7.3925,-3.8096,3.1981,-22.019,0,0,0,NaN,NaN,NaN,NaN,NaN,NaN,NaN,NaN,NaN,46.738,0.024486,3180.9,0.0064211,NaN,NaN,NaN,NaN,NaN,-1,-1,-1.6244,1.2191,-8.6427,-4.264,1.5982,-22.16,NaN,NaN,NaN,NaN,NaN
415.85,-33.909,-13.646,-23.329,-1.3983,0.87196,-8.0258,-3.5867,-1.4335,-22.177,0,0,0,NaN,NaN,NaN,NaN,NaN,NaN,NaN,NaN,NaN,46.738,0.024486,3180.9,0.0064211,NaN,NaN,NaN,NaN,16.618,96960,11.125,-1.6299,1.1993,-8.6792,-4.3082,1.4549,-22.337,NaN,NaN,NaN,NaN,NaN
415.85,-33.907,-13.675,-23.375,-2.1265,0.97767,-10.148,-3.7108,0.22156,-21.772,0.66904,0.21919,-0.89005,NaN,NaN,NaN,NaN,NaN,NaN,NaN,NaN,NaN,46.738,0.024486,3180.9,0.0064211,NaN,NaN,NaN,NaN,NaN,-1,-1,-1.625,1.2075,-8.6654,-4.2039,1.2186,-21.744,NaN,NaN,NaN,NaN,NaN
415.86,-33.903,-13.695,-23.427,-1.4085,1.3165,-10.462,-3.7023,4.403,-21.607,0,0,0,NaN,NaN,NaN,NaN,NaN,NaN,NaN,NaN,NaN,46.738,0.024486,3180.9,0.0064211,NaN,NaN,NaN,NaN,NaN,-1,-1,-1.6283,1.214,-8.6611,-4.1931,1.2198,-21.788,NaN,NaN,NaN,NaN,NaN
415.86,-33.902,-13.72,-23.475,-1.8193,0.45557,-7.0935,-4.5839,2.0188,-21.56,0,0,0,NaN,NaN,NaN,NaN,NaN,NaN,NaN,NaN,NaN,46.738,0.024486,3180.9,0.0064211,0.77307,2.454,0.71749,0.049112,16.669,96987,11.25,-1.6296,1.1999,-8.6769,-4.162,1.4089,-21.813,NaN,NaN,NaN,NaN,NaN
415.86,-33.901,-13.749,-23.521,-1.7451,2.4389,-8.5518,-4.3597,0.31793,-21.658,0,0,0,NaN,NaN,NaN,NaN,NaN,NaN,NaN,NaN,NaN,46.738,0.024486,3180.9,0.0064211,NaN,NaN,NaN,NaN,16.647,96992,11.313,-1.6374,1.1927,-8.7289,-4.1251,1.2428,-21.828,NaN,NaN,NaN,NaN,NaN
415.86,-33.898,-13.775,-23.57,-1.9251,1.7491,-9.0036,-4.0332,1.7925,-22.064,0.67887,0.22853,-0.89139,NaN,NaN,NaN,NaN,NaN,NaN,NaN,NaN,NaN,46.738,0.024486,3180.9,0.0064211,NaN,NaN,NaN,NaN,NaN,-1,-1,-1.632,1.1953,-8.7355,-4.0994,1.4938,-21.819,NaN,NaN,NaN,NaN,NaN
415.87,-33.896,-13.804,-23.616,-1.535,0.04585,-8.8968,-3.9802,0.10961,-21.973,0,0,0,NaN,NaN,NaN,NaN,NaN,NaN,NaN,NaN,NaN,46.738,0.024486,3180.9,0.0064211,NaN,NaN,NaN,NaN,NaN,-1,-1,-1.6308,1.1871,-8.7078,-4.0571,1.4984,-21.83,NaN,NaN,NaN,NaN,NaN
415.87,-33.895,-13.83,-23.665,-1.9409,0.26426,-9.9318,-4.7084,2.0116,-21.818,0,0,0,NaN,NaN,NaN,NaN,NaN,NaN,NaN,NaN,NaN,46.738,0.024486,3180.9,0.0064211,NaN,NaN,NaN,NaN,NaN,-1,-1,-1.6308,1.1951,-8.7316,-4.0398,1.5073,-21.842,NaN,NaN,NaN,NaN,NaN
415.87,-33.896,-13.856,-23.712,-1.7111,1.5013,-8.3415,-5.3388,1.269,-21.565,0,0,0,NaN,NaN,NaN,NaN,NaN,NaN,NaN,NaN,NaN,46.738,0.024486,3180.9,0.0064211,0.76157,2.5686,0.63533,0.09656,16.718,96937,11.125,-1.6379,1.1805,-8.7453,-4.0318,1.6517,-21.852,NaN,NaN,NaN,NaN,NaN
415.87,-33.889,-13.905,-23.813,-1.3695,1.8882,-7.1046,-3.9285,4.2496,-22.297,0,0,0,NaN,NaN,NaN,NaN,NaN,NaN,NaN,NaN,NaN,46.738,0.024486,3180.9,0.0064211,NaN,NaN,NaN,NaN,NaN,-1,-1,-1.642,1.1515,-8.7561,-4.0164,1.5509,-21.869,NaN,NaN,NaN,NaN,NaN
415.88,-33.885,-13.937,-23.858,-1.1682,0.80306,-8.3121,-3.0539,-0.9954,-22.209,0,0,0,NaN,NaN,NaN,NaN,NaN,NaN,NaN,NaN,NaN,46.738,0.024486,3180.9,0.0064211,NaN,NaN,NaN,NaN,NaN,-1,-1,-1.6354,1.171,-8.7393,-3.9928,1.4707,-21.898,NaN,NaN,NaN,NaN,NaN
415.88,-33.882,-13.968,-23.903,-2.0912,0.28471,-11.082,-3.4828,-0.7111,-21.748,0,0,0,NaN,NaN,NaN,NaN,NaN,NaN,NaN,NaN,NaN,46.738,0.024486,3180.9,0.0064211,NaN,NaN,NaN,NaN,16.573,96983,11.25,-1.645,1.1571,-8.7258,-3.9036,1.5265,-21.913,NaN,NaN,NaN,NaN,NaN
415.88,-33.878,-13.986,-23.956,-1.7135,0.85564,-10.095,-3.7349,5.2073,-21.502,0.68093,0.21399,-0.89343,NaN,NaN,NaN,NaN,NaN,NaN,NaN,NaN,NaN,46.738,0.024486,3180.9,0.0064211,NaN,NaN,NaN,NaN,NaN,-1,-1,-1.6468,1.1505,-8.7427,-3.8039,1.6229,-21.933,NaN,NaN,NaN,NaN,NaN
415.88,-33.875,-14.007,-24.006,-1.4769,2.2679,-6.6301,-4.2764,4.0057,-21.368,0,0,0,NaN,NaN,NaN,NaN,NaN,NaN,NaN,NaN,NaN,46.738,0.024486,3180.9,0.0064211,0.76157,2.5686,0.64081,0.10072,16.522,96956,11.125,-1.6465,1.1435,-8.7614,-3.6824,1.4796,-21.937,NaN,NaN,NaN,NaN,NaN
415.89,-33.872,-14.041,-24.049,-2.0337,1.8573,-8.0592,-3.3827,-2.3825,-21.82,0,0,0,NaN,NaN,NaN,NaN,NaN,NaN,NaN,NaN,NaN,46.738,0.024486,3180.9,0.0064211,NaN,NaN,NaN,NaN,NaN,-1,-1,-1.6504,1.1223,-8.7659,-3.5562,1.4996,-21.938,NaN,NaN,NaN,NaN,NaN
415.89,-33.867,-14.07,-24.096,-1.6882,1.0215,-10.15,-3.083,0.68274,-22.223,0,0,0,NaN,NaN,NaN,NaN,NaN,NaN,NaN,NaN,NaN,46.738,0.024486,3180.9,0.0064211,NaN,NaN,NaN,NaN,NaN,-1,-1,-1.6553,1.1243,-8.7612,-3.427,1.5819,-21.916,NaN,NaN,NaN,NaN,NaN
415.89,-33.863,-14.091,-24.15,-1.6057,0.069684,-9.3669,-3.9018,4.4609,-22.144,0.67131,0.21184,-0.89207,NaN,NaN,NaN,NaN,NaN,NaN,NaN,NaN,NaN,46.738,0.024486,3180.9,0.0064211,NaN,NaN,NaN,NaN,16.423,96943,11.063,-1.6573,1.1379,-8.7686,-3.3202,1.559,-21.892,NaN,NaN,NaN,NaN,NaN
415.89,-33.86,-14.12,-24.197,-1.7147,0.48823,-7.7022,-3.6842,0.47229,-22.198,0,0,0,NaN,NaN,NaN,NaN,NaN,NaN,NaN,NaN,NaN,46.738,0.024486,3180.9,0.0064211,NaN,NaN,NaN,NaN,NaN,-1,-1,-1.6587,1.1366,-8.7721,-3.2264,1.4573,-21.888,NaN,NaN,NaN,NaN,NaN
415.9,-33.857,-14.149,-24.243,-2.0922,1.7768,-10.151,-3.8172,0.29702,-21.665,0,0,0,NaN,NaN,NaN,NaN,NaN,NaN,NaN,NaN,NaN,46.738,0.024486,3180.9,0.0064211,NaN,NaN,NaN,NaN,NaN,-1,-1,-1.6608,1.122,-8.7914,-3.1145,1.6381,-21.894,NaN,NaN,NaN,NaN,NaN
415.9,-33.851,-14.173,-24.293,-1.5483,1.6753,-9.4035,-2.9496,2.6869,-22.021,0,0,0,NaN,NaN,NaN,NaN,NaN,NaN,NaN,NaN,NaN,46.738,0.024486,3180.9,0.0064211,0.76212,2.5596,0.63473,0.10322,16.622,96976,11.25,-1.6695,1.1111,-8.8029,-3.0123,1.6049,-21.914,NaN,NaN,NaN,NaN,NaN
415.9,-33.844,-14.196,-24.345,-1.2507,1.6833,-6.6991,-2.5854,3.4077,-22.099,0.67623,0.21897,-0.89163,NaN,NaN,NaN,NaN,NaN,NaN,NaN,NaN,NaN,46.738,0.024486,3180.9,0.0064211,NaN,NaN,NaN,NaN,NaN,-1,-1,-1.6769,1.11,-8.8051,-2.8867,1.3903,-21.92,NaN,NaN,NaN,NaN,NaN
415.9,-33.836,-14.229,-24.39,-1.6492,0.19556,-8.8473,-1.6452,-1.6237,-22.406,0,0,0,NaN,NaN,NaN,NaN,NaN,NaN,NaN,NaN,NaN,46.738,0.024486,3180.9,0.0064211,NaN,NaN,NaN,NaN,16.596,96968,11.188,-1.6792,1.1142,-8.8146,-2.7881,1.5221,-21.905,NaN,NaN,NaN,NaN,NaN
415.91,-33.83,-14.258,-24.437,-2.113,0.22554,-11.26,-2.633,0.61862,-21.932,0,0,0,NaN,NaN,NaN,NaN,NaN,NaN,NaN,NaN,NaN,46.738,0.024486,3180.9,0.0064211,NaN,NaN,NaN,NaN,NaN,-1,-1,-1.6801,1.091,-8.8016,-2.6878,1.6701,-21.913,NaN,NaN,NaN,NaN,NaN
415.91,-33.822,-14.275,-24.49,-1.8234,1.3763,-9.8408,-2.6858,5.6219,-21.606,0,0,0,NaN,NaN,NaN,NaN,NaN,NaN,NaN,NaN,NaN,46.738,0.024486,3180.9,0.0064211,0.75829,2.4486,0.71506,NaN,NaN,-1,-1,-1.6804,1.0811,-8.8058,-2.549,1.5574,-21.915,NaN,NaN,NaN,NaN,NaN
415.91,-33.816,-14.3,-24.538,-1.22,2.1681,-4.9662,-2.4667,2.0184,-21.36,0.6806,0.21183,-0.88901,NaN,NaN,NaN,NaN,NaN,NaN,NaN,NaN,NaN,46.738,0.024486,3180.9,0.0064211,NaN,NaN,NaN,0.036626,16.549,96981,11.25,-1.688,1.0766,-8.8375,-2.3746,1.419,-21.913,NaN,NaN,NaN,NaN,NaN
415.91,-33.809,-14.332,-24.583,-2.0201,1.4806,-9.3529,-2.3477,-1.4197,-21.97,0,0,0,NaN,NaN,NaN,NaN,NaN,NaN,NaN,NaN,NaN,46.738,0.024486,3180.9,0.0064211,NaN,NaN,NaN,NaN,NaN,-1,-1,-1.6819,1.0691,-8.8199,-2.21,1.621,-21.915,NaN,NaN,NaN,NaN,NaN
415.92,-33.792,-14.381,-24.683,-1.2117,0.41096,-8.6506,-2.4292,4.3826,-21.818,0,0,0,NaN,NaN,NaN,NaN,NaN,NaN,NaN,NaN,NaN,46.738,0.024486,3180.9,0.0064211,NaN,NaN,NaN,NaN,NaN,-1,-1,-1.6812,1.0661,-8.8159,-2.1022,1.6445,-21.899,NaN,NaN,NaN,NaN,NaN
415.92,-33.785,-14.411,-24.73,-1.936,-0.18846,-7.4686,-2.2268,-0.31387,-22.142,0.67615,0.21165,-0.89386,NaN,NaN,NaN,NaN,NaN,NaN,NaN,NaN,NaN,46.738,0.024486,3180.9,0.0064211,NaN,NaN,NaN,NaN,16.646,96981,11.25,-1.688,1.0663,-8.8367,-2.0017,1.4826,-21.881,NaN,NaN,NaN,NaN,NaN
415.92,-33.78,-14.438,-24.777,-1.7621,2.5366,-10.009,-3.0387,1.0602,-21.581,0,0,0,NaN,NaN,NaN,NaN,NaN,NaN,NaN,NaN,NaN,46.738,0.024486,3180.9,0.0064211,NaN,NaN,NaN,NaN,16.788,96989,11.25,-1.6921,1.0441,-8.8546,-1.8896,1.6243,-21.889,NaN,NaN,NaN,NaN,NaN
415.92,-33.758,-14.486,-24.879,-1.3335,1.2303,-6.8091,-1.0401,2.2153,-22.514,0,0,0,NaN,NaN,NaN,NaN,NaN,NaN,NaN,NaN,NaN,46.738,0.024486,3180.9,0.0064211,0.77197,2.4534,0.71566,0.041621,NaN,-1,-1,-1.6876,1.0335,-8.8226,-1.7882,1.3976,-21.901,NaN,NaN,NaN,NaN,NaN
415.93,-33.748,-14.52,-24.923,-1.7327,-0.019221,-9.6851,-0.69609,-2.1529,-22.004,0.66916,0.21415,-0.89449,NaN,NaN,NaN,NaN,NaN,NaN,NaN,NaN,NaN,46.738,0.024486,3180.9,0.0064211,NaN,NaN,NaN,NaN,NaN,-1,-1,-1.6903,1.0335,-8.8247,-1.7065,1.4203,-21.904,NaN,NaN,NaN,NaN,NaN
415.93,-33.737,-14.543,-24.973,-2.016,1.1773,-10.467,-1.1797,3.2051,-21.722,0,0,0,NaN,NaN,NaN,NaN,NaN,NaN,NaN,NaN,NaN,46.738,0.024486,3180.9,0.0064211,NaN,NaN,NaN,NaN,NaN,-1,-1,-1.7008,1.0253,-8.859,-1.6754,1.6239,-21.874,NaN,NaN,NaN,NaN,NaN
415.93,-33.726,-14.564,-25.023,-1.5802,0.56541,-9.6255,-1.1832,3.5096,-21.093,0,0,0,NaN,NaN,NaN,NaN,NaN,NaN,NaN,NaN,NaN,46.738,0.024486,3180.9,0.0064211,NaN,NaN,NaN,NaN,16.865,97003,11.375,-1.7031,1.0133,-8.8388,-1.6228,1.7075,-21.867,NaN,NaN,NaN,NaN,NaN
415.93,-33.718,-14.589,-25.071,-1.8438,1.8404,-5.9971,-1.7775,1.9391,-21.499,0,0,0,NaN,NaN,NaN,NaN,NaN,NaN,NaN,NaN,NaN,46.738,0.024486,3180.9,0.0064211,NaN,NaN,NaN,NaN,NaN,-1,-1,-1.7025,1.0129,-8.8066,-1.5268,1.5626,-21.868,NaN,NaN,NaN,NaN,NaN
415.94,-33.709,-14.619,-25.117,-1.7959,1.753,-8.7334,-1.6785,-0.096658,-22.011,0.67346,0.20461,-0.89188,NaN,NaN,NaN,NaN,NaN,NaN,NaN,NaN,NaN,46.738,0.024486,3180.9,0.0064211,0.76923,2.445,0.71323,0.052442,NaN,-1,-1,-1.7094,1.0065,-8.8458,-1.4295,1.6023,-21.862,NaN,NaN,NaN,NaN,NaN
415.94,-33.698,-14.645,-25.166,-1.8185,0.34806,-10.304,-0.73579,1.4904,-22.087,0,0,0,NaN,NaN,NaN,NaN,NaN,NaN,NaN,NaN,NaN,46.738,0.024486,3180.9,0.0064211,NaN,NaN,NaN,NaN,17.025,96975,11.188,-1.708,0.98816,-8.8524,-1.3663,1.7722,-21.84,NaN,NaN,NaN,NaN,NaN
415.94,-33.689,-14.669,-25.216,-1.7143,0.17953,-8.2022,-1.9292,2.7034,-21.837,0,0,0,NaN,NaN,NaN,NaN,NaN,NaN,NaN,NaN,NaN,46.738,0.024486,3192.3,0.0064211,NaN,NaN,NaN,NaN,NaN,-1,-1,-1.7102,0.97207,-8.8118,-1.3559,1.7448,-21.805,NaN,NaN,NaN,NaN,NaN
415.94,-33.673,-14.721,-25.313,-1.6662,2.1695,-8.6106,-1.855,2.015,-21.843,0.6734,0.20713,-0.88966,NaN,NaN,NaN,NaN,NaN,NaN,NaN,NaN,NaN,46.738,0.024486,3192.3,0.0064211,NaN,NaN,NaN,NaN,17.004,97003,11.313,-1.7136,0.97433,-8.8363,-1.333,1.7705,-21.78,NaN,NaN,NaN,NaN,NaN
415.95,-33.661,-14.745,-25.364,-1.468,1.4117,-8.8374,-1.0729,2.9854,-22.164,0,0,0,NaN,NaN,NaN,NaN,NaN,NaN,NaN,NaN,NaN,46.738,0.024486,3192.3,0.0064211,NaN,NaN,NaN,NaN,NaN,-1,-1,-1.7269,0.97777,-8.8436,-1.3092,1.8655,-21.782,NaN,NaN,NaN,NaN,NaN
415.95,-33.649,-14.772,-25.412,-1.8758,0.73357,-7.81,-0.56941,1.1274,-22.383,0,0,0,NaN,NaN,NaN,NaN,NaN,NaN,NaN,NaN,NaN,46.738,0.024486,3192.3,0.0064211,0.75993,2.5703,0.63655,0.09323,NaN,-1,-1,-1.7156,0.98339,-8.8098,-1.3015,1.9327,-21.803,NaN,NaN,NaN,NaN,NaN
415.95,-33.638,-14.804,-25.457,-1.6756,0.39799,-10.118,-0.44868,-0.94309,-21.932,0,0,0,NaN,NaN,NaN,NaN,NaN,NaN,NaN,NaN,NaN,46.768,0,3192.3,0.0064211,NaN,NaN,NaN,NaN,16.883,96975,11.188,-1.7342,0.97924,-8.8276,-1.2731,1.973,-21.808,NaN,NaN,NaN,NaN,NaN
415.95,-33.626,-14.826,-25.508,-1.9088,0.27596,-9.9826,-0.70136,3.2306,-21.453,0.66882,0.20707,-0.8923,NaN,NaN,NaN,NaN,NaN,NaN,NaN,NaN,NaN,46.768,0,3192.3,0.0064211,NaN,NaN,NaN,NaN,NaN,-1,-1,-1.7358,0.96905,-8.8307,-1.2823,1.9261,-21.785,NaN,NaN,NaN,NaN,NaN
415.96,-33.617,-14.845,-25.559,-1.5759,1.0781,-8.5432,-2.0793,4.4947,-21.184,0,0,0,NaN,NaN,NaN,NaN,NaN,NaN,NaN,NaN,NaN,46.768,0,3192.3,0.0064211,NaN,NaN,NaN,NaN,NaN,-1,-1,-1.7359,0.95596,-8.7626,-1.274,2.0394,-21.778,NaN,NaN,NaN,NaN,NaN
415.96,-33.607,-14.873,-25.606,-2.0368,1.9602,-7.0822,-1.4302,0.6907,-21.905,0,0,0,NaN,NaN,NaN,NaN,NaN,NaN,NaN,NaN,NaN,46.768,0,3192.3,0.0064211,NaN,NaN,NaN,NaN,16.667,96976,11.188,-1.7478,0.96911,-8.8018,-1.2447,2.1134,-21.78,NaN,NaN,NaN,NaN,NaN
415.96,-33.595,-14.903,-25.651,-1.4353,1.1036,-8.8457,-0.25027,-0.56024,-21.671,0,0,0,NaN,NaN,NaN,NaN,NaN,NaN,NaN,NaN,NaN,46.768,0,3192.3,0.0064211,0.77854,2.4528,0.71201,0.044118,NaN,-1,-1,-1.7479,0.94549,-8.8189,-1.2003,1.9142,-21.793,NaN,NaN,NaN,NaN,NaN
415.96,-33.584,-14.928,-25.702,-1.8588,-0.43383,-10.279,-0.96681,2.3102,-22.07,0.67149,0.20428,-0.89873,NaN,NaN,NaN,NaN,NaN,NaN,NaN,NaN,NaN,46.768,0,3192.3,0.0064211,NaN,NaN,NaN,NaN,16.866,97037,11.5,-1.7456,0.92272,-8.7909,-1.2033,1.8579,-21.788,NaN,NaN,NaN,NaN,NaN
415.97,-33.574,-14.948,-25.754,-2.238,0.95837,-7.977,-2.1776,4.6589,-21.804,0,0,0,NaN,NaN,NaN,NaN,NaN,NaN,NaN,NaN,NaN,46.768,0,3192.3,0.0064211,NaN,NaN,NaN,NaN,NaN,-1,-1,-1.7491,0.9334,-8.8336,-1.23,2.1173,-21.753,NaN,NaN,NaN,NaN,NaN
415.97,-33.567,-14.979,-25.798,-1.1517,1.1107,-8.881,-2.0446,-1.1748,-21.463,0,0,0,NaN,NaN,NaN,NaN,NaN,NaN,NaN,NaN,NaN,46.768,0,3192.3,0.0064211,NaN,NaN,NaN,NaN,NaN,-1,-1,-1.7484,0.93004,-8.8144,-1.2395,2.1555,-21.718,NaN,NaN,NaN,NaN,NaN
415.97,-33.557,-15.004,-25.847,-2.2517,1.4799,-10.095,-1.4279,1.8577,-21.828,0,0,0,NaN,NaN,NaN,NaN,NaN,NaN,NaN,NaN,NaN,46.768,0,3192.3,0.0064211,NaN,NaN,NaN,NaN,16.792,96988,11.313,-1.7495,0.91978,-8.7717,-1.2371,2.1038,-22.35,NaN,NaN,NaN,NaN,NaN
415.97,-33.545,-15.021,-25.903,-1.4313,1.7228,-7.8407,-1.1926,6.1383,-21.924,0.66868,0.20227,-0.89231,NaN,NaN,NaN,NaN,NaN,NaN,NaN,NaN,NaN,46.768,0,3192.3,0.0064211,0.77361,2.5781,0.6542,NaN,NaN,-1,-1,-1.7461,0.91767,-8.7746,-1.2251,2.0234,-22.189,NaN,NaN,NaN,NaN,NaN
415.98,-33.524,-15.085,-25.991,-2.4742,0.040434,-12.824,-1.3847,-1.4469,-21.548,0,0,0,NaN,NaN,NaN,NaN,NaN,NaN,NaN,NaN,NaN,46.768,0,3192.3,0.0064211,NaN,NaN,NaN,0.066593,NaN,-1,-1,-1.7605,0.89835,-8.7953,-1.2098,2.0182,-22.06,NaN,NaN,NaN,NaN,NaN
415.98,-33.511,-15.097,-26.047,-1.7589,0.66752,-9.702,-1.1694,8.0876,-21.275,0,0,0,NaN,NaN,NaN,NaN,NaN,NaN,NaN,NaN,NaN,46.768,0,3192.3,0.0064211,NaN,NaN,NaN,NaN,16.576,97003,11.375,-1.7575,0.89649,-8.7819,-1.2128,2.0499,-21.898,NaN,NaN,NaN,NaN,NaN
415.98,-33.501,-15.119,-26.097,-1.09,1.7113,-4.9163,-1.5872,3.2368,-21.255,0.68077,0.19935,-0.89789,NaN,NaN,NaN,NaN,NaN,NaN,NaN,NaN,NaN,46.768,0,3192.3,0.0064211,NaN,NaN,NaN,NaN,16.885,96982,11.25,-1.7563,0.89662,-8.732,-1.1754,2.0444,-21.774,NaN,NaN,NaN,NaN,NaN
415.98,-33.492,-15.155,-26.139,-2.3268,1.2344,-9.6624,-1.166,-3.3702,-21.925,0,0,0,NaN,NaN,NaN,NaN,NaN,NaN,NaN,NaN,NaN,46.768,0,3192.3,0.0064211,NaN,NaN,NaN,NaN,NaN,-1,-1,-1.7666,0.9049,-8.7516,-1.1026,1.9282,-21.64,NaN,NaN,NaN,NaN,NaN
415.99,-33.479,-15.178,-26.19,-1.915,1.2321,-11.011,-0.71837,2.9945,-22,0,0,0,NaN,NaN,NaN,NaN,NaN,NaN,NaN,NaN,NaN,46.768,0,3192.3,0.0064211,0.77252,2.4462,0.71932,0.049945,NaN,-1,-1,-1.767,0.88851,-8.7639,-1.0267,1.9628,-21.514,NaN,NaN,NaN,NaN,NaN
415.99,-33.467,-15.197,-26.243,-1.3851,-0.06853,-7.8827,-1.2453,5.0716,-21.802,0,0,0,NaN,NaN,NaN,NaN,NaN,NaN,NaN,NaN,NaN,46.768,0,3192.3,0.0064211,NaN,NaN,NaN,NaN,NaN,-1,-1,-1.7584,0.87651,-8.726,-0.97774,1.8974,-21.367,NaN,NaN,NaN,NaN,NaN
415.99,-33.459,-15.227,-26.289,-1.4646,0.30322,-7.6818,-1.9172,-0.6738,-21.537,0.68069,0.19204,-0.90012,-8.2425,15.84,-4.9843,18.539,40.059,-88.548,3.6798e+05,4.4354e+06,322.09,46.768,0,3192.3,0.0064211,NaN,NaN,NaN,NaN,16.621,96963,11.188,-1.7497,0.87369,-8.613,-0.96234,1.891,-21.22,18.535,-0.37888,-0.10598,-0.32759,-1.171
415.99,-33.45,-15.254,-26.336,-2.329,1.662,-11.912,-1.4785,1.0905,-21.682,0,0,0,NaN,NaN,NaN,NaN,NaN,NaN,NaN,NaN,NaN,46.768,0,3192.3,0.0064211,NaN,NaN,NaN,NaN,NaN,-1,-1,-1.7534,0.87122,-8.6434,-0.96434,1.9211,-21.099,NaN,NaN,NaN,NaN,NaN
416,-33.436,-15.269,-26.392,-1.5609,1.3135,-7.3681,-0.74754,6.9099,-21.865,0,0,0,NaN,NaN,NaN,NaN,NaN,NaN,NaN,NaN,NaN,46.768,0,3192.3,0.0064211,NaN,NaN,NaN,NaN,NaN,-1,-1,-1.7523,0.87609,-8.633,-0.90998,1.839,-21.008,NaN,NaN,NaN,NaN,NaN
416,-33.424,-15.3,-26.437,-1.1227,1.276,-6.9766,-0.40915,-1.035,-21.982,0,0,0,NaN,NaN,NaN,NaN,NaN,NaN,NaN,NaN,NaN,46.768,0,3192.3,0.0064211,0.76102,2.5596,0.63473,0.10322,16.713,96967,11.125,-1.7536,0.86109,-8.6088,-0.89487,1.721,-20.916,NaN,NaN,NaN,NaN,NaN
