558,-1.9187,-9.6534,-130.74,-1.8281,1.0301,-13.614,-6.0536,4.5164,5.671,0,0,0,NaN,NaN,NaN,NaN,NaN,NaN,NaN,NaN,NaN,45.72,0,3532.3,0.0069644,NaN,NaN,NaN,NaN,17.967,97240,10.75,-1.7631,0.22854,-10.931,-6.3303,3.0193,5.3432,NaN,NaN,NaN,NaN,NaN
558,-1.9356,-9.6372,-130.73,-1.3782,-0.81081,-8.2936,-6.2438,6.1802,5.227,0,0,0,NaN,NaN,NaN,NaN,NaN,NaN,NaN,NaN,NaN,45.72,0,3532.3,0.0069644,NaN,NaN,NaN,NaN,NaN,-1,-1,-1.7641,0.23095,-10.945,-6.4246,2.9808,5.4063,NaN,NaN,NaN,NaN,NaN
558.01,-1.9701,-9.6332,-130.7,-2.4184,0.40058,-13.585,-6.2645,0.7551,5.3578,0,0,0,NaN,NaN,NaN,NaN,NaN,NaN,NaN,NaN,NaN,45.72,0,3532.3,0.0069644,0.76376,2.5978,0.63473,0.099889,18.146,97229,10.75,-1.7654,0.2397,-10.973,-6.5029,3.1298,5.4543,NaN,NaN,NaN,NaN,NaN
558.01,-1.987,-9.618,-130.69,-1.4109,-0.010253,-10.519,-6.248,5.7766,5.396,0,0,0,NaN,NaN,NaN,NaN,NaN,NaN,NaN,NaN,NaN,45.72,0,3532.3,0.0069644,NaN,NaN,NaN,NaN,NaN,-1,-1,-1.7729,0.24979,-11.008,-6.3261,3.0874,5.324,NaN,NaN,NaN,NaN,NaN
558.01,-2.0055,-9.612,-130.67,-1.1947,-0.43111,-10.414,-6.8534,2.0594,5.0492,0,0,0,NaN,NaN,NaN,NaN,NaN,NaN,NaN,NaN,NaN,45.72,0,3532.3,0.0069644,NaN,NaN,NaN,NaN,NaN,-1,-1,-1.7661,0.2524,-10.988,-6.2988,3.0144,5.3558,NaN,NaN,NaN,NaN,NaN
558.01,-2.0234,-9.6094,-130.66,-2.3422,1.1848,-11.348,-6.6151,0.68509,5.2104,-0.036416,-0.39922,-1.0958,NaN,NaN,NaN,NaN,NaN,NaN,NaN,NaN,NaN,45.72,0,3532.3,0.0069644,NaN,NaN,NaN,NaN,18.125,97265,10.875,-1.7637,0.26954,-10.972,-6.2943,3.04,5.3848,NaN,NaN,NaN,NaN,NaN
558.02,-2.0396,-9.595,-130.64,-1.8537,0.39173,-11.748,-5.9861,5.41,5.1939,0,0,0,NaN,NaN,NaN,NaN,NaN,NaN,NaN,NaN,NaN,45.72,0,3532.3,0.0069644,NaN,NaN,NaN,NaN,NaN,-1,-1,-1.7693,0.27673,-11.015,-6.2934,3.1687,5.4287,NaN,NaN,NaN,NaN,NaN
558.02,-2.0702,-9.5847,-130.61,-2.4099,0.233,-12.425,-5.6527,0.98262,5.5659,0,0,0,NaN,NaN,NaN,NaN,NaN,NaN,NaN,NaN,NaN,45.72,0,3532.3,0.0069644,NaN,NaN,NaN,NaN,NaN,-1,-1,-1.7678,0.2809,-10.992,-6.3172,3.0018,5.4589,NaN,NaN,NaN,NaN,NaN
558.02,-2.0865,-9.5767,-130.6,-2.028,0.99783,-12.174,-5.9507,2.8814,5.3539,-0.036137,-0.38964,-1.0958,NaN,NaN,NaN,NaN,NaN,NaN,NaN,NaN,NaN,45.72,0,3532.3,0.0069644,NaN,NaN,NaN,NaN,18.034,97241,10.75,-1.7634,0.2751,-11.004,-6.091,2.9476,5.3076,NaN,NaN,NaN,NaN,NaN
558.02,-2.1036,-9.5604,-130.59,-1.0692,-0.65095,-9.1624,-6.3426,6.1779,5.2488,0,0,0,NaN,NaN,NaN,NaN,NaN,NaN,NaN,NaN,NaN,45.72,0,3532.3,0.0069644,NaN,NaN,NaN,NaN,NaN,-1,-1,-1.7672,0.28596,-11.018,-6.0639,2.9895,5.2946,NaN,NaN,NaN,NaN,NaN
558.03,-2.1381,-9.557,-130.56,-2.4965,0.73873,-14.025,-6.3154,0.86282,5.1269,0,0,0,NaN,NaN,NaN,NaN,NaN,NaN,NaN,NaN,NaN,45.72,0,3532.3,0.0069644,NaN,NaN,NaN,NaN,18.035,97251,10.813,-1.7647,0.2861,-11.026,-6.0491,2.9262,5.2849,NaN,NaN,NaN,NaN,NaN
558.03,-2.1545,-9.5408,-130.54,-1.2722,-0.28035,-10.645,-6.0638,6.0922,5.164,-0.040975,-0.39436,-1.0962,NaN,NaN,NaN,NaN,NaN,NaN,NaN,NaN,NaN,45.72,0,3532.3,0.0069644,0.76595,2.4844,0.71262,NaN,NaN,-1,-1,-1.7717,0.2945,-11.042,-6.0782,2.8611,5.276,NaN,NaN,NaN,NaN,NaN
558.03,-2.1729,-9.5369,-130.53,-1.5574,0.026652,-9.3316,-6.8188,1.2426,5.1524,0,0,0,NaN,NaN,NaN,NaN,NaN,NaN,NaN,NaN,NaN,45.72,0,3532.3,0.0069644,NaN,NaN,NaN,0.043285,NaN,-1,-1,-1.7702,0.30571,-11.052,-6.0981,2.9347,5.2649,NaN,NaN,NaN,NaN,NaN
558.03,-2.1901,-9.5324,-130.52,-2.2058,1.2467,-13.124,-6.3895,1.4585,4.9932,0,0,0,NaN,NaN,NaN,NaN,NaN,NaN,NaN,NaN,NaN,45.72,0,3532.3,0.0069644,NaN,NaN,NaN,NaN,18.142,97254,10.75,-1.7685,0.31758,-11.063,-6.0625,2.7857,5.246,NaN,NaN,NaN,NaN,NaN
558.04,-2.2046,-9.5187,-130.5,-1.6003,0.16601,-11.058,-5.2848,5.1232,5.3125,0,0,0,NaN,NaN,NaN,NaN,NaN,NaN,NaN,NaN,NaN,45.72,0,3532.3,0.0069644,NaN,NaN,NaN,NaN,NaN,-1,-1,-1.778,0.3221,-11.086,-6.0321,2.8538,5.2521,NaN,NaN,NaN,NaN,NaN
558.04,-2.2201,-9.5101,-130.49,-1.5096,-0.18725,-10.209,-5.6383,3.1112,5.3533,-0.035748,-0.39,-1.1024,NaN,NaN,NaN,NaN,NaN,NaN,NaN,NaN,NaN,45.72,0,3532.3,0.0069644,NaN,NaN,NaN,NaN,NaN,-1,-1,-1.7703,0.32042,-11.072,-6.025,2.8879,5.2537,NaN,NaN,NaN,NaN,NaN
558.04,-2.2361,-9.5073,-130.47,-2.4889,0.56733,-11.782,-5.7879,0.73402,5.7563,0,0,0,NaN,NaN,NaN,NaN,NaN,NaN,NaN,NaN,NaN,45.72,0,3532.3,0.0069644,NaN,NaN,NaN,NaN,18.103,97242,10.813,-1.7657,0.31867,-11.082,-6.0215,2.7424,5.2502,NaN,NaN,NaN,NaN,NaN
558.04,-2.2526,-9.4975,-130.46,-1.6286,0.88469,-12.271,-6.0672,3.5685,5.3036,0,0,0,NaN,NaN,NaN,NaN,NaN,NaN,NaN,NaN,NaN,45.72,0,3532.3,0.0069644,0.7665,2.6085,0.63533,0.092398,18.256,97250,10.813,-1.7726,0.3232,-11.092,-6.002,2.8537,5.237,NaN,NaN,NaN,NaN,NaN
558.05,-2.2857,-9.4819,-130.43,-1.6702,0.16719,-9.8742,-6.1312,0.45344,5.3031,-0.031439,-0.38971,-1.0954,NaN,NaN,NaN,NaN,NaN,NaN,NaN,NaN,NaN,45.72,0,3532.3,0.0069644,NaN,NaN,NaN,NaN,NaN,-1,-1,-1.7678,0.32415,-11.069,-5.9996,2.7881,5.2235,NaN,NaN,NaN,NaN,NaN
558.05,-2.3017,-9.4777,-130.42,-2.1452,0.87022,-12.852,-5.9382,1.3115,4.8722,0,0,0,NaN,NaN,NaN,NaN,NaN,NaN,NaN,NaN,NaN,45.72,0,3532.3,0.0069644,NaN,NaN,NaN,NaN,NaN,-1,-1,-1.7594,0.32283,-11.081,-6.0301,2.566,5.2112,NaN,NaN,NaN,NaN,NaN
558.05,-2.3178,-9.4649,-130.4,-1.1311,-0.51236,-11.088,-5.9427,4.7755,5.07,0,0,0,NaN,NaN,NaN,NaN,NaN,NaN,NaN,NaN,NaN,45.72,0,3532.3,0.0069644,NaN,NaN,NaN,NaN,NaN,-1,-1,-1.7692,0.33704,-11.124,-6.0167,2.6486,5.1863,NaN,NaN,NaN,NaN,NaN
558.05,-2.3358,-9.4596,-130.39,-2.1603,0.16011,-10.24,-6.7188,1.8019,5.0365,0,0,0,NaN,NaN,NaN,NaN,NaN,NaN,NaN,NaN,NaN,45.72,0,3532.3,0.0069644,NaN,NaN,NaN,NaN,17.987,97212,10.625,-1.7668,0.34371,-11.106,-6.0269,2.6404,5.1747,NaN,NaN,NaN,NaN,NaN
558.06,-2.3524,-9.4535,-130.38,-2.026,1.4389,-12.208,-6.1265,2.0803,5.102,-0.023982,-0.38035,-1.0969,NaN,NaN,NaN,NaN,NaN,NaN,NaN,NaN,NaN,45.72,0,3532.3,0.0069644,NaN,NaN,NaN,NaN,NaN,-1,-1,-1.7575,0.3463,-11.084,-5.9952,2.4077,5.1702,NaN,NaN,NaN,NaN,NaN
558.06,-2.3658,-9.4431,-130.36,-1.4515,-0.024425,-10.891,-4.8614,3.8031,5.1387,0,0,0,NaN,NaN,NaN,NaN,NaN,NaN,NaN,NaN,NaN,45.72,0,3532.3,0.0069644,NaN,NaN,NaN,NaN,NaN,-1,-1,-1.764,0.34981,-11.105,-5.954,2.3958,5.1682,NaN,NaN,NaN,NaN,NaN
558.06,-2.38,-9.4373,-130.35,-1.722,0.26554,-10.273,-5.1195,1.9376,5.5053,0,0,0,NaN,NaN,NaN,NaN,NaN,NaN,NaN,NaN,NaN,45.72,0,3532.3,0.0069644,NaN,NaN,NaN,NaN,18.012,97281,10.875,-1.7692,0.36975,-11.131,-5.9367,2.5358,5.159,NaN,NaN,NaN,NaN,NaN
558.06,-2.3957,-9.431,-130.33,-2.301,0.54914,-12.785,-5.7802,2.1343,5.2021,0,0,0,NaN,NaN,NaN,NaN,NaN,NaN,NaN,NaN,NaN,45.72,0,3532.3,0.0069644,NaN,NaN,NaN,NaN,NaN,-1,-1,-1.7535,0.3497,-11.094,-5.9273,2.3811,5.1693,NaN,NaN,NaN,NaN,NaN
558.07,-2.4129,-9.4182,-130.32,-1.7755,0.15167,-9.9597,-6.3785,4.726,5.2679,-0.03116,-0.38013,-1.0954,NaN,NaN,NaN,NaN,NaN,NaN,NaN,NaN,NaN,45.72,0,3532.3,0.0069644,NaN,NaN,NaN,NaN,17.966,97246,10.75,-1.7544,0.34273,-11.097,-5.9142,2.4637,5.1687,NaN,NaN,NaN,NaN,NaN
558.07,-2.4298,-9.4131,-130.31,-1.1604,-0.068692,-10.898,-6.2238,1.6558,5.2775,0,0,0,NaN,NaN,NaN,NaN,NaN,NaN,NaN,NaN,NaN,45.72,0,3532.3,0.0069644,0.75774,2.6008,0.64325,0.088236,NaN,-1,-1,-1.7545,0.35379,-11.08,-5.9202,2.4744,5.1618,NaN,NaN,NaN,NaN,NaN
558.07,-2.4469,-9.4103,-130.29,-2.1906,0.25082,-11.221,-6.3286,0.75155,5.1001,0,0,0,NaN,NaN,NaN,NaN,NaN,NaN,NaN,NaN,NaN,45.72,0,3532.3,0.0069644,NaN,NaN,NaN,NaN,NaN,-1,-1,-1.739,0.34931,-11.091,-5.9392,2.371,5.146,NaN,NaN,NaN,NaN,NaN
558.07,-2.463,-9.3991,-130.28,-1.6052,0.5083,-10.743,-5.9384,4.1203,5.0923,0,0,0,NaN,NaN,NaN,NaN,NaN,NaN,NaN,NaN,NaN,45.72,0,3532.3,0.0069644,NaN,NaN,NaN,NaN,18.009,97235,10.688,-1.7478,0.35254,-11.11,-5.9536,2.4519,5.1286,NaN,NaN,NaN,NaN,NaN
558.08,-2.4796,-9.3961,-130.26,-1.426,-0.32868,-11.722,-6.1907,0.85606,4.8305,-0.040836,-0.38958,-1.0962,NaN,NaN,NaN,NaN,NaN,NaN,NaN,NaN,NaN,45.72,0,3532.3,0.0069644,NaN,NaN,NaN,NaN,NaN,-1,-1,-1.745,0.36313,-11.098,-5.9559,2.3054,5.1297,NaN,NaN,NaN,NaN,NaN
558.08,-2.4971,-9.3901,-130.25,-2.189,0.53605,-11.658,-6.493,2.0197,5.2675,0,0,0,NaN,NaN,NaN,NaN,NaN,NaN,NaN,NaN,NaN,45.72,0,3532.3,0.0069644,NaN,NaN,NaN,NaN,NaN,-1,-1,-1.7368,0.36528,-11.079,-5.9113,2.3156,5.1168,NaN,NaN,NaN,NaN,NaN
558.08,-2.5139,-9.3769,-130.24,-1.4972,0.55446,-10.935,-6.2604,4.9348,5.0262,0,0,0,NaN,NaN,NaN,NaN,NaN,NaN,NaN,NaN,NaN,45.72,0,3532.3,0.0069644,NaN,NaN,NaN,NaN,18.253,97230,10.688,-1.7384,0.36589,-11.1,-5.8945,2.3933,5.1119,NaN,NaN,NaN,NaN,NaN
558.08,-2.5282,-9.3719,-130.22,-1.6404,0.82428,-10.364,-5.1941,1.6263,5.1568,0,0,0,NaN,NaN,NaN,NaN,NaN,NaN,NaN,NaN,NaN,45.72,0,3532.3,0.0069644,0.8311,2.5101,0.70958,0.011654,NaN,-1,-1,-1.75,0.38932,-11.107,-5.886,2.2386,5.1043,NaN,NaN,NaN,NaN,NaN
558.09,-2.5411,-9.3705,-130.21,-2.4472,0.63056,-12.267,-4.6687,0.15504,5.0615,-0.040626,-0.38239,-1.0962,NaN,NaN,NaN,NaN,NaN,NaN,NaN,NaN,NaN,45.72,0,3532.3,0.0069644,NaN,NaN,NaN,NaN,17.918,97244,10.688,-1.7478,0.38786,-11.122,-5.8489,2.3402,5.0895,NaN,NaN,NaN,NaN,NaN
558.09,-2.5575,-9.3586,-130.19,-1.9045,0.50438,-12.058,-6.0353,4.3421,5.394,0,0,0,NaN,NaN,NaN,NaN,NaN,NaN,NaN,NaN,NaN,45.72,0,3532.3,0.0069644,NaN,NaN,NaN,NaN,NaN,-1,-1,-1.7557,0.39908,-11.115,-5.8347,2.3007,5.0784,NaN,NaN,NaN,NaN,NaN
558.09,-2.5744,-9.3484,-130.18,-1.0949,-0.045421,-9.2298,-6.3213,3.7448,4.9203,0,0,0,NaN,NaN,NaN,NaN,NaN,NaN,NaN,NaN,NaN,45.72,0,3532.3,0.0069644,NaN,NaN,NaN,NaN,NaN,-1,-1,-1.7444,0.38945,-11.076,-5.8479,2.1403,5.0777,NaN,NaN,NaN,NaN,NaN
558.09,-2.5905,-9.3493,-130.17,-1.6307,0.13716,-11.465,-5.9498,-0.75516,4.9047,0,0,0,NaN,NaN,NaN,NaN,NaN,NaN,NaN,NaN,NaN,45.72,0,3535.1,-1.2222,0.76212,2.6038,0.64507,NaN,17.986,97237,10.688,-1.7454,0.39214,-11.093,-5.8086,2.2064,5.0698,NaN,NaN,NaN,NaN,NaN
558.1,-2.6059,-9.342,-130.16,-2.4399,0.1354,-12.287,-5.7234,2.5593,4.891,-0.040167,-0.38036,-1.1028,NaN,NaN,NaN,NaN,NaN,NaN,NaN,NaN,NaN,45.72,0,3535.1,-1.2222,NaN,NaN,NaN,0.073252,NaN,-1,-1,-1.7468,0.4096,-11.111,-5.7834,2.2499,5.072,NaN,NaN,NaN,NaN,NaN
558.1,-2.6383,-9.3297,-130.13,-1.6144,0.71998,-10.401,-6.4048,0.18065,5.2167,0,0,0,NaN,NaN,NaN,NaN,NaN,NaN,NaN,NaN,NaN,45.72,0,3535.1,-1.2222,NaN,NaN,NaN,NaN,NaN,-1,-1,-1.738,0.41155,-11.072,-5.7265,2.1349,5.0627,NaN,NaN,NaN,NaN,NaN
558.1,-2.6538,-9.3219,-130.12,-2.2529,1.0754,-13.132,-5.7528,2.7438,4.8599,0,0,0,NaN,NaN,NaN,NaN,NaN,NaN,NaN,NaN,NaN,45.72,0,3535.1,-1.2222,NaN,NaN,NaN,NaN,17.856,97255,10.813,-1.7358,0.41099,-11.063,-5.6797,2.0763,5.0657,NaN,NaN,NaN,NaN,NaN
558.1,-2.669,-9.3096,-130.1,-1.5875,-0.33664,-10.569,-5.6546,4.5006,4.8225,-0.035728,-0.38019,-1.098,NaN,NaN,NaN,NaN,NaN,NaN,NaN,NaN,NaN,45.681,0.024486,3535.1,0.0058767,NaN,NaN,NaN,NaN,NaN,-1,-1,-1.741,0.41733,-11.073,-5.6117,2.0661,5.0604,NaN,NaN,NaN,NaN,NaN
558.11,-2.6829,-9.3061,-130.09,-1.4944,1.5335,-10.356,-5.0318,1.0365,5.3353,0,0,0,NaN,NaN,NaN,NaN,NaN,NaN,NaN,NaN,NaN,45.681,0.024486,3535.1,0.0058767,NaN,NaN,NaN,NaN,18.184,97224,10.625,-1.7374,0.42244,-11.066,-5.5434,2.0085,5.053,NaN,NaN,NaN,NaN,NaN
558.11,-2.6964,-9.3006,-130.07,-2.3581,0.25408,-12.935,-4.9166,1.8089,5.1713,0,0,0,NaN,NaN,NaN,NaN,NaN,NaN,NaN,NaN,NaN,45.681,0.024486,3535.1,0.0058767,0.76102,2.6008,0.64325,0.084073,NaN,-1,-1,-1.7304,0.41474,-11.037,-5.4937,2.0137,5.052,NaN,NaN,NaN,NaN,NaN
558.11,-2.7118,-9.2896,-130.06,-2.027,0.571,-10.575,-5.6534,3.9803,5.2247,0,0,0,NaN,NaN,NaN,NaN,NaN,NaN,NaN,NaN,NaN,45.681,0.024486,3535.1,0.0058767,NaN,NaN,NaN,NaN,NaN,-1,-1,-1.7279,0.41387,-11.034,-5.4511,2.0193,5.0435,NaN,NaN,NaN,NaN,NaN
558.11,-2.7284,-9.2818,-130.05,-0.94231,-0.19989,-11.037,-6.1499,2.7336,5.282,-0.045404,-0.38963,-1.0989,NaN,NaN,NaN,NaN,NaN,NaN,NaN,NaN,NaN,45.681,0.024486,3535.1,0.0058767,NaN,NaN,NaN,NaN,17.735,97220,10.563,-1.7238,0.41874,-11.015,-5.4077,1.9915,5.0412,NaN,NaN,NaN,NaN,NaN
558.12,-2.7438,-9.2803,-130.03,-1.7811,0.52256,-10.967,-5.6549,0.19962,5.1143,0,0,0,NaN,NaN,NaN,NaN,NaN,NaN,NaN,NaN,NaN,45.681,0.024486,3535.1,0.0058767,NaN,NaN,NaN,NaN,NaN,-1,-1,-1.7173,0.41214,-10.998,-5.328,1.9526,5.0404,NaN,NaN,NaN,NaN,NaN
558.12,-2.7583,-9.2702,-130.02,-2.26,-0.068974,-11.974,-5.4149,3.6531,4.6216,0,0,0,NaN,NaN,NaN,NaN,NaN,NaN,NaN,NaN,NaN,45.681,0.024486,3535.1,0.0058767,NaN,NaN,NaN,NaN,NaN,-1,-1,-1.7187,0.42626,-11.01,-5.2564,1.9589,5.0383,NaN,NaN,NaN,NaN,NaN
558.12,-2.7731,-9.2648,-130.01,-0.83859,0.12879,-10.372,-5.4711,1.7721,4.949,0,0,0,NaN,NaN,NaN,NaN,NaN,NaN,NaN,NaN,NaN,45.681,0.024486,3535.1,0.0058767,NaN,NaN,NaN,NaN,18.01,97231,10.688,-1.714,0.43249,-10.982,-5.2136,1.9643,5.0299,NaN,NaN,NaN,NaN,NaN
558.12,-2.7881,-9.2633,-129.99,-2.1399,0.56745,-11.909,-5.5604,0.18449,4.7382,-0.033848,-0.38716,-1.0934,NaN,NaN,NaN,NaN,NaN,NaN,NaN,NaN,NaN,45.681,0.024486,3535.1,0.0058767,0.82727,2.5035,0.70288,0.016648,NaN,-1,-1,-1.7101,0.43442,-10.96,-5.306,2.0781,5.1773,NaN,NaN,NaN,NaN,NaN
558.13,-2.8166,-9.2455,-129.97,-1.1812,0.54022,-9.6859,-4.9834,1.6373,5.112,0,0,0,NaN,NaN,NaN,NaN,NaN,NaN,NaN,NaN,NaN,45.681,0.024486,3535.1,0.0058767,NaN,NaN,NaN,NaN,18.008,97240,10.688,-1.7133,0.45295,-10.974,-5.2101,1.9668,5.1493,NaN,NaN,NaN,NaN,NaN
558.13,-2.8286,-9.2427,-129.95,-1.9792,1.2974,-11.812,-4.3265,0.69872,5.158,0,0,0,NaN,NaN,NaN,NaN,NaN,NaN,NaN,NaN,NaN,45.681,0.024486,3535.1,0.0058767,NaN,NaN,NaN,NaN,NaN,-1,-1,-1.7148,0.43902,-10.959,-5.1178,1.8947,5.1104,NaN,NaN,NaN,NaN,NaN
558.13,-2.8397,-9.2339,-129.94,-2.2359,0.44837,-12.907,-3.99,3.1458,5.0156,-0.035608,-0.38521,-1.1024,NaN,NaN,NaN,NaN,NaN,NaN,NaN,NaN,NaN,45.681,0.024486,3535.1,0.0058767,NaN,NaN,NaN,NaN,NaN,-1,-1,-1.7055,0.43921,-10.941,-5.0406,1.9264,5.0763,NaN,NaN,NaN,NaN,NaN
558.13,-2.8686,-9.2206,-129.91,-1.1417,0.40565,-10.63,-5.4595,0.084683,5.3013,0,0,0,NaN,NaN,NaN,NaN,NaN,NaN,NaN,NaN,NaN,45.681,0.024486,3535.1,0.0058767,0.82617,2.5113,0.71566,-0,17.897,97195,10.563,-1.7083,0.44403,-10.953,-5.1211,1.9217,5.1782,NaN,NaN,NaN,NaN,NaN
558.14,-2.8822,-9.2158,-129.9,-2.0841,0.32136,-12.216,-4.9878,1.5068,5.0042,0,0,0,NaN,NaN,NaN,NaN,NaN,NaN,NaN,NaN,NaN,45.681,0.024486,3535.1,0.0058767,0.82617,2.5113,0.71566,-0,NaN,-1,-1,-1.6978,0.44162,-10.919,-5.0301,1.9667,5.1243,NaN,NaN,NaN,NaN,NaN
558.14,-2.8949,-9.2061,-129.88,-1.7852,0.33115,-11.028,-4.6363,3.4619,4.9433,-0.045056,-0.37766,-1.0988,NaN,NaN,NaN,NaN,NaN,NaN,NaN,NaN,NaN,45.681,0.024486,3535.1,0.0058767,NaN,NaN,NaN,NaN,NaN,-1,-1,-1.6932,0.44942,-10.927,-4.9622,1.9524,5.0687,NaN,NaN,NaN,NaN,NaN
558.14,-2.909,-9.2018,-129.87,-1.0737,0.14084,-10.522,-5.1747,1.3178,5.1893,0,0,0,NaN,NaN,NaN,NaN,NaN,NaN,NaN,NaN,NaN,45.681,0.024486,3535.1,0.0058767,NaN,NaN,NaN,NaN,17.897,97192,10.563,-1.6957,0.45161,-10.92,-4.8724,1.9078,5.0101,NaN,NaN,NaN,NaN,NaN
558.14,-2.9235,-9.1989,-129.86,-2.2194,1.1122,-11.896,-5.3181,0.75149,5.0801,0,0,0,NaN,NaN,NaN,NaN,NaN,NaN,NaN,NaN,NaN,45.681,0.024486,3535.1,0.0058767,NaN,NaN,NaN,NaN,NaN,-1,-1,-1.695,0.46261,-10.895,-4.7534,1.8014,4.9392,NaN,NaN,NaN,NaN,NaN
558.15,-2.9346,-9.1867,-129.84,-1.7994,0.58953,-11.864,-4.0731,4.4823,4.5305,0,0,0,NaN,NaN,NaN,NaN,NaN,NaN,NaN,NaN,NaN,45.681,0.024486,3535.1,0.0058767,NaN,NaN,NaN,NaN,17.877,97244,10.75,-1.6884,0.46277,-10.878,-4.6634,1.7623,4.8994,NaN,NaN,NaN,NaN,NaN
558.15,-2.9465,-9.1811,-129.83,-1.3899,0.41284,-10.213,-4.2738,1.8156,4.9984,-0.035928,-0.38246,-1.0958,-12.554,-13.969,-4.3202,19.271,40.058,-88.55,3.6782e+05,4.4353e+06,295.34,45.681,0.024486,3535.1,0.0058767,NaN,NaN,NaN,NaN,NaN,-1,-1,-1.6916,0.4734,-10.871,-4.6007,1.8927,4.8522,19.039,-2.7494,1.1593,3.4844,-8.2023
558.15,-2.9571,-9.1784,-129.82,-2.0741,0.82644,-10.867,-3.8503,0.70417,4.7396,0,0,0,NaN,NaN,NaN,NaN,NaN,NaN,NaN,NaN,NaN,45.681,0.024486,3535.1,0.0058767,NaN,NaN,NaN,NaN,NaN,-1,-1,-1.6917,0.46811,-10.867,-4.5419,1.8871,4.8028,NaN,NaN,NaN,NaN,NaN
558.15,-2.9703,-9.1699,-129.8,-1.9011,0.97777,-12.794,-4.7062,2.9437,5.6089,0,0,0,NaN,NaN,NaN,NaN,NaN,NaN,NaN,NaN,NaN,45.681,0.024486,3535.1,0.0058767,NaN,NaN,NaN,NaN,17.832,97225,10.688,-1.6811,0.46273,-10.817,-4.4871,1.7851,4.755,NaN,NaN,NaN,NaN,NaN
558.16,-2.9828,-9.1579,-129.79,-1.7759,-0.25018,-9.9675,-4.5881,4.4234,4.9272,0,0,0,NaN,NaN,NaN,NaN,NaN,NaN,NaN,NaN,NaN,45.681,0.024486,3535.1,0.0058767,NaN,NaN,NaN,NaN,NaN,-1,-1,-1.6625,0.46126,-10.712,-4.4576,1.738,4.7183,NaN,NaN,NaN,NaN,NaN
558.16,-2.9973,-9.1572,-129.78,-1.3386,0.054924,-9.6648,-5.3066,-0.19372,5.2259,-0.038217,-0.38494,-1.0982,NaN,NaN,NaN,NaN,NaN,NaN,NaN,NaN,NaN,45.681,0.024486,3535.1,0.0058767,0.76212,2.4862,0.71506,NaN,NaN,-1,-1,-1.6731,0.45794,-10.727,-4.399,1.8372,4.6705,NaN,NaN,NaN,NaN,NaN
558.16,-3.0114,-9.1526,-129.76,-1.9343,0.59291,-12.442,-5.2047,1.4448,4.8559,0,0,0,NaN,NaN,NaN,NaN,NaN,NaN,NaN,NaN,NaN,45.681,0.024486,3535.1,0.0058767,0.76212,2.4862,0.71506,NaN,17.946,97254,10.813,-1.6642,0.46553,-10.692,-4.3949,1.8814,4.6054,NaN,NaN,NaN,NaN,NaN
558.16,-3.0241,-9.1434,-129.75,-1.8298,0.28016,-10.164,-4.6528,3.2648,4.7837,0,0,0,NaN,NaN,NaN,NaN,NaN,NaN,NaN,NaN,NaN,45.681,0.024486,3535.1,0.0058767,NaN,NaN,NaN,0.035794,NaN,-1,-1,-1.6566,0.46813,-10.664,-4.3783,1.9315,4.5644,NaN,NaN,NaN,NaN,NaN
558.17,-3.0385,-9.1412,-129.74,-1.2759,0.63655,-11.741,-5.327,0.46513,4.9241,0,0,0,NaN,NaN,NaN,NaN,NaN,NaN,NaN,NaN,NaN,45.681,0.024486,3535.1,0.0058767,NaN,NaN,NaN,NaN,18.051,97229,10.625,-1.6469,0.46799,-10.577,-4.3212,1.8498,4.5124,NaN,NaN,NaN,NaN,NaN
558.17,-3.0519,-9.1366,-129.72,-2.1395,1.101,-11.446,-4.934,1.4453,4.7553,-0.042497,-0.37051,-1.0986,NaN,NaN,NaN,NaN,NaN,NaN,NaN,NaN,NaN,45.681,0.024486,3535.1,0.0058767,NaN,NaN,NaN,NaN,NaN,-1,-1,-1.6474,0.48111,-10.575,-4.2633,1.7849,4.4804,NaN,NaN,NaN,NaN,NaN
558.17,-3.0645,-9.1261,-129.71,-1.4334,0.035875,-11.212,-4.6621,3.7967,4.6862,0,0,0,NaN,NaN,NaN,NaN,NaN,NaN,NaN,NaN,NaN,45.681,0.024486,3535.1,0.0058767,NaN,NaN,NaN,NaN,NaN,-1,-1,-1.6537,0.47514,-10.588,-4.2482,1.8808,4.4546,NaN,NaN,NaN,NaN,NaN
558.17,-3.0767,-9.123,-129.7,-1.4906,1.3771,-10.068,-4.4157,0.79464,5.1222,0,0,0,NaN,NaN,NaN,NaN,NaN,NaN,NaN,NaN,NaN,45.681,0.024486,3535.1,0.0058767,0.76595,2.6014,0.63533,0.089068,17.785,97234,10.688,-1.6595,0.48956,-10.594,-4.2344,1.8647,4.4318,NaN,NaN,NaN,NaN,NaN
558.18,-3.0879,-9.1202,-129.68,-2.4401,0.44254,-12.715,-3.9945,0.71138,5.0946,0,0,0,NaN,NaN,NaN,NaN,NaN,NaN,NaN,NaN,NaN,45.681,0.024486,3535.1,0.0058767,NaN,NaN,NaN,NaN,NaN,-1,-1,-1.6526,0.48339,-10.568,-4.2372,1.8277,4.3934,NaN,NaN,NaN,NaN,NaN
558.18,0,0,0,0,0,0,0,0,0,0,0,0,NaN,NaN,NaN,NaN,NaN,NaN,NaN,NaN,NaN,45.681,0.024486,3535.1,0.0058767,NaN,NaN,NaN,NaN,NaN,-1,-1,-1.6591,0.48994,-10.564,-4.2095,1.8672,4.3622,NaN,NaN,NaN,NaN,NaN
558.18,-3.1017,-9.1093,-129.67,-1.9012,0.51976,-10.297,-5.1488,3.9263,4.7615,-0.03305,-0.37806,-1.1022,NaN,NaN,NaN,NaN,NaN,NaN,NaN,NaN,NaN,45.681,0.024486,3535.1,0.0058767,NaN,NaN,NaN,NaN,17.898,97231,10.688,-1.6508,0.48765,-10.542,-4.2287,1.8246,4.3322,NaN,NaN,NaN,NaN,NaN
558.18,-3.1164,-9.1035,-129.66,-1.1516,0.26178,-9.7018,-5.4409,1.8821,4.964,0,0,0,NaN,NaN,NaN,NaN,NaN,NaN,NaN,NaN,NaN,45.681,0.024486,3535.1,0.0058767,NaN,NaN,NaN,NaN,17.923,97259,10.813,-1.6526,0.49475,-10.552,-4.2558,1.6702,4.319,NaN,NaN,NaN,NaN,NaN
558.19,-3.1576,-9.0894,-129.62,-0.97073,-0.13334,-10.186,-4.8305,2.2522,4.8589,-0.044657,-0.37312,-1.1032,NaN,NaN,NaN,NaN,NaN,NaN,NaN,NaN,NaN,45.681,0.024486,3535.1,0.0058767,0.76704,2.6085,0.63594,0.084906,NaN,-1,-1,-1.6451,0.4982,-10.525,-4.2853,1.6503,4.2995,NaN,NaN,NaN,NaN,NaN
558.19,0,0,0,0,0,0,0,0,0,0,0,0,NaN,NaN,NaN,NaN,NaN,NaN,NaN,NaN,NaN,45.681,0.024486,3535.1,0.0058767,NaN,NaN,NaN,NaN,NaN,-1,-1,-1.6488,0.49443,-10.546,-4.2931,1.7248,4.2714,NaN,NaN,NaN,NaN,NaN
558.19,-3.1716,-9.0908,-129.61,-1.7578,0.94316,-10.805,-5.2143,-0.98016,4.596,0,0,0,NaN,NaN,NaN,NaN,NaN,NaN,NaN,NaN,NaN,45.681,0.024486,3535.1,0.0058767,NaN,NaN,NaN,NaN,NaN,-1,-1,-1.6482,0.51367,-10.509,-4.3188,1.5876,4.2526,NaN,NaN,NaN,NaN,NaN
558.19,-3.184,-9.0799,-129.59,-1.9975,1.0499,-12.052,-4.6119,3.9698,4.4272,0,0,0,NaN,NaN,NaN,NaN,NaN,NaN,NaN,NaN,NaN,45.681,0.024486,3535.1,0.0058767,NaN,NaN,NaN,NaN,17.989,97219,10.688,-1.6421,0.50747,-10.474,-4.3199,1.4282,4.2258,NaN,NaN,NaN,NaN,NaN
558.2,-3.1957,-9.0736,-129.58,-1.4932,-0.13635,-10.069,-4.2942,2.1379,4.6739,0,0,0,NaN,NaN,NaN,NaN,NaN,NaN,NaN,NaN,NaN,45.681,0.024486,3535.1,0.0058767,NaN,NaN,NaN,NaN,NaN,-1,-1,-1.6461,0.50613,-10.468,-4.3414,1.5664,4.2085,NaN,NaN,NaN,NaN,NaN
558.2,-3.22,-9.0673,-129.56,-2.0174,0.65538,-13.048,-4.5581,2.377,5.0517,0,0,0,NaN,NaN,NaN,NaN,NaN,NaN,NaN,NaN,NaN,45.681,0.024486,3535.1,0.0058767,0.81796,2.5226,0.70714,0.00083241,NaN,-1,-1,-1.6415,0.51125,-10.427,-4.4118,1.5464,4.2081,NaN,NaN,NaN,NaN,NaN
558.2,-3.2338,-9.0537,-129.54,-2.1398,0.29501,-9.5922,-5.17,5.0133,4.5706,0,0,0,NaN,NaN,NaN,NaN,NaN,NaN,NaN,NaN,NaN,45.681,0.024486,3535.1,0.0058767,NaN,NaN,NaN,NaN,18.054,97233,10.688,-1.6349,0.5123,-10.401,-4.4873,1.3751,4.2108,NaN,NaN,NaN,NaN,NaN
558.2,-3.2471,-9.0529,-129.53,-0.95092,0.39466,-8.9668,-4.9902,-0.060046,4.3548,0,0,0,NaN,NaN,NaN,NaN,NaN,NaN,NaN,NaN,NaN,45.681,0.024486,3532.3,-1.2217,NaN,NaN,NaN,NaN,17.834,97253,10.813,-1.649,0.51773,-10.481,-4.4957,1.4832,4.1907,NaN,NaN,NaN,NaN,NaN
558.21,-3.2674,-9.0741,-129.52,-2.0416,0.26473,-12.706,-4.8163,-1.1279,4.3638,-0.03297,-0.37076,-1.1,NaN,NaN,NaN,NaN,NaN,NaN,NaN,NaN,NaN,45.681,0.024486,3532.3,-1.2217,NaN,NaN,NaN,NaN,NaN,-1,-1,-1.6532,0.51454,-10.482,-4.5448,1.3448,4.1821,NaN,NaN,NaN,NaN,NaN
558.21,-3.2799,-9.061,-129.51,-1.966,0.32101,-10.776,-4.6984,4.857,4.259,0,0,0,NaN,NaN,NaN,NaN,NaN,NaN,NaN,NaN,NaN,45.681,0.024486,3532.3,-1.2217,NaN,NaN,NaN,NaN,NaN,-1,-1,-1.6452,0.52469,-10.437,-4.5957,1.3303,4.1717,NaN,NaN,NaN,NaN,NaN
558.21,-3.2931,-9.0576,-129.5,-0.92588,-0.079056,-10.15,-4.9247,0.94148,4.2326,0,0,0,NaN,NaN,NaN,NaN,NaN,NaN,NaN,NaN,NaN,45.681,0.024486,3532.3,-1.2217,NaN,NaN,NaN,NaN,NaN,-1,-1,-1.6459,0.53614,-10.423,-4.6516,1.3013,4.1862,NaN,NaN,NaN,NaN,NaN
558.21,-3.3078,-9.0602,-129.49,-2.0485,1.2258,-10.849,-5.5494,-1.4472,4.1826,0,0,0,NaN,NaN,NaN,NaN,NaN,NaN,NaN,NaN,NaN,45.7,0,3532.3,0.0064211,NaN,NaN,NaN,NaN,17.579,97226,10.625,-1.6471,0.54257,-10.422,-4.6832,1.3772,4.1937,NaN,NaN,NaN,NaN,NaN
558.22,-3.3308,-9.0407,-129.47,-1.4662,1.1896,-8.5881,-4.0623,2.0043,4.6507,0,0,0,NaN,NaN,NaN,NaN,NaN,NaN,NaN,NaN,NaN,45.7,0,3532.3,0.0064211,NaN,NaN,NaN,NaN,NaN,-1,-1,-1.6679,0.5452,-10.509,-4.7567,1.4766,4.2186,NaN,NaN,NaN,NaN,NaN
558.22,-3.3413,-9.0441,-129.45,-1.9684,0.5933,-11.345,-3.7871,-1.7856,4.5237,0,0,0,NaN,NaN,NaN,NaN,NaN,NaN,NaN,NaN,NaN,45.7,0,3532.3,0.0064211,NaN,NaN,NaN,NaN,NaN,-1,-1,-1.6529,0.54652,-10.474,-4.868,1.4488,4.2379,NaN,NaN,NaN,NaN,NaN
558.22,-3.3545,-9.0366,-129.44,-2.0048,0.18058,-12.774,-4.8772,2.5682,4.8331,0,0,0,NaN,NaN,NaN,NaN,NaN,NaN,NaN,NaN,NaN,45.7,0,3532.3,0.0064211,NaN,NaN,NaN,NaN,17.58,97265,10.75,-1.6679,0.55305,-10.486,-4.9918,1.5146,4.2467,NaN,NaN,NaN,NaN,NaN
558.22,-3.3701,-9.0233,-129.43,-1.8392,0.81242,-8.9194,-5.9408,4.9447,4.416,-0.03525,-0.36834,-1.1002,NaN,NaN,NaN,NaN,NaN,NaN,NaN,NaN,NaN,45.7,0,3532.3,0.0064211,0.82125,2.5113,0.70714,NaN,NaN,-1,-1,-1.6664,0.55682,-10.476,-5.1062,1.5761,4.2618,NaN,NaN,NaN,NaN,NaN
558.23,-3.3853,-9.0239,-129.42,-0.89298,-0.13742,-9.6262,-5.6883,-0.65867,4.3843,0,0,0,NaN,NaN,NaN,NaN,NaN,NaN,NaN,NaN,NaN,45.7,0,3532.3,0.0064211,NaN,NaN,NaN,0.0058269,17.739,97220,10.625,-1.6614,0.5637,-10.464,-5.237,1.5388,4.2799,NaN,NaN,NaN,NaN,NaN
558.23,-3.4002,-9.0238,-129.4,-2.4487,0.63745,-11.439,-5.6554,-0.3813,4.1917,0,0,0,NaN,NaN,NaN,NaN,NaN,NaN,NaN,NaN,NaN,45.7,0,3532.3,0.0064211,NaN,NaN,NaN,NaN,NaN,-1,-1,-1.6664,0.56308,-10.484,-5.4175,1.6005,4.2914,NaN,NaN,NaN,NaN,NaN
558.23,-3.4142,-9.0134,-129.39,-1.6763,0.16554,-11.126,-5.2962,3.7604,4.144,0,0,0,NaN,NaN,NaN,NaN,NaN,NaN,NaN,NaN,NaN,45.7,0,3532.3,0.0064211,NaN,NaN,NaN,NaN,NaN,-1,-1,-1.6703,0.56945,-10.488,-5.589,1.6182,4.3129,NaN,NaN,NaN,NaN,NaN
558.23,-3.4319,-9.0127,-129.38,-1.0281,0.28944,-9.3371,-6.7366,-0.13808,4.2224,-0.040138,-0.36564,-1.0962,NaN,NaN,NaN,NaN,NaN,NaN,NaN,NaN,NaN,45.7,0,3532.3,0.0064211,NaN,NaN,NaN,NaN,17.603,97238,10.688,-1.6679,0.58377,-10.478,-5.7035,1.5473,4.3492,NaN,NaN,NaN,NaN,NaN
558.24,-3.4475,-9.0111,-129.37,-2.1657,1.6346,-12.073,-5.9851,0.23497,3.9397,0,0,0,NaN,NaN,NaN,NaN,NaN,NaN,NaN,NaN,NaN,45.7,0,3532.3,0.0064211,NaN,NaN,NaN,NaN,NaN,-1,-1,-1.6712,0.58965,-10.465,-5.6926,1.5581,4.2047,NaN,NaN,NaN,NaN,NaN
558.24,-3.4619,-8.9974,-129.36,-1.6818,0.40295,-11.022,-5.5364,5.0993,3.751,0,0,0,NaN,NaN,NaN,NaN,NaN,NaN,NaN,NaN,NaN,45.7,0,3532.3,0.0064211,NaN,NaN,NaN,NaN,NaN,-1,-1,-1.678,0.59745,-10.489,-5.8542,1.6251,4.2085,NaN,NaN,NaN,NaN,NaN
558.24,-3.4749,-8.9958,-129.35,-1.4871,0.69407,-8.3323,-4.9141,0.24144,3.9842,0,0,0,NaN,NaN,NaN,NaN,NaN,NaN,NaN,NaN,NaN,45.7,0,3532.3,0.0064211,NaN,NaN,NaN,NaN,17.605,97249,10.75,-1.6776,0.60749,-10.466,-6.0656,1.6391,4.2145,NaN,NaN,NaN,NaN,NaN
558.24,-3.4886,-8.996,-129.34,-2.3043,0.7765,-12.569,-5.1712,-0.47573,4.1508,-0.030701,-0.3781,-1.102,NaN,NaN,NaN,NaN,NaN,NaN,NaN,NaN,NaN,45.7,0,3532.3,0.0064211,NaN,NaN,NaN,NaN,NaN,-1,-1,-1.6747,0.6004,-10.45,-6.2514,1.7857,4.2191,NaN,NaN,NaN,NaN,NaN
558.25,-3.5052,-8.9883,-129.33,-1.8602,0.77997,-11.047,-6.3262,2.6691,4.2588,0,0,0,NaN,NaN,NaN,NaN,NaN,NaN,NaN,NaN,NaN,45.7,0,3532.3,0.0064211,NaN,NaN,NaN,NaN,17.537,97247,10.75,-1.6822,0.60858,-10.458,-6.2692,1.7102,4.0382,NaN,NaN,NaN,NaN,NaN
558.25,-3.5238,-8.9746,-129.31,-1.3291,0.27094,-9.8471,-7.1235,5.0471,4.3325,0,0,0,NaN,NaN,NaN,NaN,NaN,NaN,NaN,NaN,NaN,45.7,0,3532.3,0.0064211,NaN,NaN,NaN,NaN,NaN,-1,-1,-1.682,0.61702,-10.448,-6.4597,1.4806,3.996,NaN,NaN,NaN,NaN,NaN
558.25,-3.5411,-8.9779,-129.3,-1.49,0.336,-9.0844,-6.6236,-1.7365,4.0636,0,0,0,NaN,NaN,NaN,NaN,NaN,NaN,NaN,NaN,NaN,45.7,0,3532.3,0.0064211,0.7665,2.6008,0.63473,0.092398,NaN,-1,-1,-1.6798,0.62432,-10.48,-6.6784,1.6321,3.9568,NaN,NaN,NaN,NaN,NaN
558.25,-3.5569,-8.9755,-129.29,-2.0695,1.0085,-12.421,-6.0382,0.51251,3.8605,-0.040357,-0.37773,-1.0984,NaN,NaN,NaN,NaN,NaN,NaN,NaN,NaN,NaN,45.7,0,3532.3,0.0064211,NaN,NaN,NaN,NaN,17.606,97244,10.75,-1.6809,0.61648,-10.445,-6.878,1.7297,3.9095,NaN,NaN,NaN,NaN,NaN
558.26,-3.5734,-8.9632,-129.28,-1.3096,0.026309,-9.849,-6.4129,4.5385,3.6994,0,0,0,NaN,NaN,NaN,NaN,NaN,NaN,NaN,NaN,NaN,45.7,0,3532.3,0.0064211,NaN,NaN,NaN,NaN,NaN,-1,-1,-1.6823,0.63833,-10.44,-7.0624,1.6817,3.8736,NaN,NaN,NaN,NaN,NaN
558.26,-3.6126,-8.9644,-129.26,-2.0987,1.1947,-13.596,-7.5926,0.29318,3.8079,0,0,0,NaN,NaN,NaN,NaN,NaN,NaN,NaN,NaN,NaN,45.7,0,3532.3,0.0064211,NaN,NaN,NaN,NaN,NaN,-1,-1,-1.6785,0.64338,-10.428,-7.2478,1.7637,3.8394,NaN,NaN,NaN,NaN,NaN
558.26,-3.6304,-8.9494,-129.25,-1.5918,0.69055,-9.3928,-6.9025,5.6276,3.9348,-0.0374,-0.36603,-1.1026,NaN,NaN,NaN,NaN,NaN,NaN,NaN,NaN,NaN,45.7,0,3532.3,0.0064211,NaN,NaN,NaN,NaN,17.676,97253,10.813,-1.6879,0.65306,-10.442,-7.4155,1.8301,3.7958,NaN,NaN,NaN,NaN,NaN
558.26,-3.6475,-8.9456,-129.24,-1.2458,0.89408,-8.7181,-6.5894,1.0948,3.7576,0,0,0,NaN,NaN,NaN,NaN,NaN,NaN,NaN,NaN,NaN,45.7,0,3532.3,0.0064211,0.77033,2.4832,0.71506,0.045783,NaN,-1,-1,-1.6911,0.65813,-10.428,-7.6125,1.7066,3.7532,NaN,NaN,NaN,NaN,NaN
558.27,-3.685,-8.9384,-129.22,-1.9629,1.3475,-11.739,-7.5537,3.9818,3.997,0,0,0,NaN,NaN,NaN,NaN,NaN,NaN,NaN,NaN,NaN,45.7,0,3532.3,0.0064211,NaN,NaN,NaN,NaN,17.352,97256,10.75,-1.6824,0.65237,-10.411,-7.7744,1.9434,3.7054,NaN,NaN,NaN,NaN,NaN
558.27,-3.7072,-8.9294,-129.21,-1.4831,-0.22215,-8.1004,-8.7051,3.177,3.6594,-0.03513,-0.37337,-1.1046,NaN,NaN,NaN,NaN,NaN,NaN,NaN,NaN,NaN,45.7,0,3532.3,0.0064211,NaN,NaN,NaN,NaN,NaN,-1,-1,-1.6898,0.65815,-10.424,-7.9403,1.8762,3.6586,NaN,NaN,NaN,NaN,NaN
558.27,-3.73,-8.9343,-129.2,-1.423,-0.028791,-10.146,-8.8897,-2.3251,3.4962,0,0,0,NaN,NaN,NaN,NaN,NaN,NaN,NaN,NaN,NaN,45.7,0,3532.3,0.0064211,NaN,NaN,NaN,NaN,NaN,-1,-1,-1.6816,0.65516,-10.391,-8.1606,1.6493,3.6053,NaN,NaN,NaN,NaN,NaN
558.27,-3.7514,-8.927,-129.19,-2.1469,1.6088,-11.755,-8.3782,2.5423,3.3173,0,0,0,NaN,NaN,NaN,NaN,NaN,NaN,NaN,NaN,NaN,45.7,0,3532.3,0.0064211,NaN,NaN,NaN,NaN,17.442,97288,10.813,-1.6738,0.6639,-10.362,-8.3418,1.762,3.5645,NaN,NaN,NaN,NaN,NaN
558.28,-3.7718,-8.9214,-129.18,-1.1108,0.067828,-9.2312,-7.9579,1.8348,3.555,0,0,0,NaN,NaN,NaN,NaN,NaN,NaN,NaN,NaN,NaN,45.7,0,3532.3,0.0064211,0.76376,2.6121,0.63899,0.10155,NaN,-1,-1,-1.6818,0.67768,-10.37,-8.4809,1.6729,3.5185,NaN,NaN,NaN,NaN,NaN
558.28,-3.7962,-8.9231,-129.17,-2.0601,0.47303,-11.062,-9.5358,-1.0596,3.547,-0.039489,-0.36624,-1.1072,NaN,NaN,NaN,NaN,NaN,NaN,NaN,NaN,NaN,45.7,0,3532.3,0.0064211,NaN,NaN,NaN,NaN,NaN,-1,-1,-1.6689,0.68287,-10.314,-8.6153,1.5744,3.4897,NaN,NaN,NaN,NaN,NaN
558.28,-3.8201,-8.9158,-129.16,-2.0453,1.4222,-10.983,-9.4177,2.5322,3.3192,0,0,0,NaN,NaN,NaN,NaN,NaN,NaN,NaN,NaN,NaN,45.7,0,3532.3,0.0064211,NaN,NaN,NaN,NaN,17.831,97270,10.813,-1.6807,0.698,-10.334,-8.7448,1.8201,3.4616,NaN,NaN,NaN,NaN,NaN
558.28,-3.841,-8.909,-129.15,-1.2787,1.1484,-10.261,-8.1634,2.3307,3.4479,0,0,0,NaN,NaN,NaN,NaN,NaN,NaN,NaN,NaN,NaN,45.7,0,3532.3,0.0064211,NaN,NaN,NaN,NaN,17.58,97263,10.75,-1.6919,0.70418,-10.367,-8.8894,1.6178,3.4338,NaN,NaN,NaN,NaN,NaN
558.29,-3.8827,-8.9046,-129.13,-2.1998,0.651,-12.586,-8.4931,0.78673,3.6843,-0.034832,-0.35398,-1.1001,NaN,NaN,NaN,NaN,NaN,NaN,NaN,NaN,NaN,45.7,0,3532.3,0.0064211,0.76869,2.6085,0.64811,NaN,NaN,-1,-1,-1.6813,0.69237,-10.314,-9.0122,1.4901,3.3906,NaN,NaN,NaN,NaN,NaN
558.29,-3.9085,-8.8955,-129.12,-2.0248,0.73688,-9.4359,-10.186,3.2572,3.3607,0,0,0,NaN,NaN,NaN,NaN,NaN,NaN,NaN,NaN,NaN,45.7,0,3532.3,0.0064211,NaN,NaN,NaN,0.073252,NaN,-1,-1,-1.6814,0.69715,-10.32,-9.0907,1.6616,3.3585,NaN,NaN,NaN,NaN,NaN
558.29,-3.9339,-8.8951,-129.11,-0.96265,0.15589,-9.8919,-9.9652,-0.20575,3.2054,0,0,0,NaN,NaN,NaN,NaN,NaN,NaN,NaN,NaN,NaN,45.7,0,3532.3,0.0064211,NaN,NaN,NaN,NaN,NaN,-1,-1,-1.6953,0.71662,-10.334,-9.2097,1.4631,3.3258,NaN,NaN,NaN,NaN,NaN
558.29,-3.9591,-8.8893,-129.1,-2.0858,0.70617,-10.961,-9.9995,1.9376,2.9739,0,0,0,NaN,NaN,NaN,NaN,NaN,NaN,NaN,NaN,NaN,45.7,0,3532.3,0.0064211,NaN,NaN,NaN,NaN,17.943,97271,10.813,-1.6822,0.71238,-10.307,-9.334,1.2632,3.2746,NaN,NaN,NaN,NaN,NaN
558.3,-3.9827,-8.8839,-129.1,-2.0504,0.72951,-9.3478,-9.3282,1.8291,3.0964,-0.03947,-0.35642,-1.1028,NaN,NaN,NaN,NaN,NaN,NaN,NaN,NaN,NaN,45.7,0,3532.3,0.0064211,NaN,NaN,NaN,NaN,NaN,-1,-1,-1.6866,0.71012,-10.305,-9.4234,1.4565,3.2121,NaN,NaN,NaN,NaN,NaN
558.3,-4.0079,-8.888,-129.09,-1.0514,0.42994,-11.18,-9.919,-2.0365,3.059,0,0,0,NaN,NaN,NaN,NaN,NaN,NaN,NaN,NaN,NaN,45.7,0,3532.3,0.0064211,NaN,NaN,NaN,NaN,NaN,-1,-1,-1.6912,0.72763,-10.329,-9.4331,1.369,3.1607,NaN,NaN,NaN,NaN,NaN
558.3,-4.0332,-8.8822,-129.08,-1.9267,0.99519,-12.262,-9.9624,1.9159,3.2447,0,0,0,NaN,NaN,NaN,NaN,NaN,NaN,NaN,NaN,NaN,45.7,0,3532.3,0.0064211,0.77471,2.482,0.72723,0.046615,17.76,97228,10.625,-1.6835,0.72684,-10.299,-9.4095,1.1563,3.1236,NaN,NaN,NaN,NaN,NaN
558.3,-4.058,-8.8674,-129.07,-1.7901,0.72961,-9.2641,-9.8086,5.5646,3.1652,0,0,0,NaN,NaN,NaN,NaN,NaN,NaN,NaN,NaN,NaN,45.7,0,3532.3,0.0064211,NaN,NaN,NaN,NaN,NaN,-1,-1,-1.6904,0.73658,-10.274,-9.4044,1.1576,3.0921,NaN,NaN,NaN,NaN,NaN
558.31,-4.0794,-8.8683,-129.06,-1.482,1.208,-9.3395,-8.4528,-0.74118,2.8239,-0.037121,-0.35646,-1.1025,NaN,NaN,NaN,NaN,NaN,NaN,NaN,NaN,NaN,45.7,0,3532.3,0.0064211,NaN,NaN,NaN,NaN,17.532,97236,10.625,-1.6947,0.74627,-10.309,-9.4115,1.2927,3.0742,NaN,NaN,NaN,NaN,NaN
558.31,-4.1011,-8.8703,-129.05,-1.9609,0.73628,-11.353,-8.508,-1.2133,3.2669,0,0,0,NaN,NaN,NaN,NaN,NaN,NaN,NaN,NaN,NaN,45.7,0,3532.3,0.0064211,NaN,NaN,NaN,NaN,NaN,-1,-1,-1.6869,0.73104,-10.277,-9.4182,1.0639,3.0477,NaN,NaN,NaN,NaN,NaN
558.31,-4.1241,-8.8607,-129.04,-2.1924,1.5575,-12.152,-9.0454,3.4533,3.4047,0,0,0,NaN,NaN,NaN,NaN,NaN,NaN,NaN,NaN,NaN,45.7,0,3532.3,0.0064211,NaN,NaN,NaN,NaN,NaN,-1,-1,-1.694,0.73872,-10.293,-9.3761,1.0117,3.0106,NaN,NaN,NaN,NaN,NaN
558.31,-4.1484,-8.8521,-129.03,-1.3579,-0.43597,-8.6387,-9.6286,3.069,2.9464,0,0,0,NaN,NaN,NaN,NaN,NaN,NaN,NaN,NaN,NaN,45.71,0,3525.1,0.0064211,NaN,NaN,NaN,NaN,17.648,97263,10.75,-1.699,0.75035,-10.282,-9.3182,0.96314,2.9818,NaN,NaN,NaN,NaN,NaN
558.32,-4.174,-8.8549,-129.03,-1.5967,-0.015375,-10.239,-10.097,-1.4765,2.9703,-0.048867,-0.3563,-1.1036,NaN,NaN,NaN,NaN,NaN,NaN,NaN,NaN,NaN,45.71,0,3525.1,0.0064211,0.76321,2.6014,0.63838,0.097392,NaN,-1,-1,-1.6894,0.74712,-10.255,-9.3129,0.86953,2.9596,NaN,NaN,NaN,NaN,NaN
558.32,-4.2203,-8.8412,-129.01,-1.3752,0.49903,-8.963,-9.0056,2.4522,2.8982,0,0,0,NaN,NaN,NaN,NaN,NaN,NaN,NaN,NaN,NaN,45.71,0,3525.1,0.0064211,NaN,NaN,NaN,NaN,NaN,-1,-1,-1.6916,0.75846,-10.291,-9.2714,1.0689,2.9344,NaN,NaN,NaN,NaN,NaN
558.32,-4.2451,-8.8467,-129,-1.3615,-0.083347,-10.952,-9.7894,-2.6081,2.8913,0,0,0,NaN,NaN,NaN,NaN,NaN,NaN,NaN,NaN,NaN,45.71,0,3525.1,0.0064211,NaN,NaN,NaN,NaN,17.76,97253,10.688,-1.7012,0.76555,-10.287,-9.1722,1.0421,2.9045,NaN,NaN,NaN,NaN,NaN
558.32,-4.2698,-8.8393,-128.99,-2.1518,1.9571,-12.633,-9.8004,2.5851,2.7591,-0.049006,-0.36108,-1.1036,NaN,NaN,NaN,NaN,NaN,NaN,NaN,NaN,NaN,45.71,0,3525.1,0.0064211,NaN,NaN,NaN,NaN,17.464,97254,10.688,-1.692,0.77699,-10.258,-9.056,1.0469,2.8989,NaN,NaN,NaN,NaN,NaN
558.33,-4.2914,-8.8256,-128.99,-1.6403,0.58684,-8.8004,-8.6192,5.1335,2.8265,0,0,0,NaN,NaN,NaN,NaN,NaN,NaN,NaN,NaN,NaN,45.71,0,3525.1,0.0064211,0.76759,2.4898,0.71566,0.047447,NaN,-1,-1,-1.7,0.78365,-10.292,-8.9571,1.184,2.8813,NaN,NaN,NaN,NaN,NaN
558.33,-4.3112,-8.8291,-128.98,-1.2813,0.52239,-9.328,-7.7682,-1.8122,2.9274,0,0,0,NaN,NaN,NaN,NaN,NaN,NaN,NaN,NaN,NaN,45.71,0,3525.1,0.0064211,NaN,NaN,NaN,NaN,NaN,-1,-1,-1.7024,0.7884,-10.257,-8.8823,1.0793,2.8662,NaN,NaN,NaN,NaN,NaN
558.33,-4.3313,-8.8293,-128.97,-1.9888,0.97964,-13.149,-7.9065,-0.4618,3.0357,0,0,0,NaN,NaN,NaN,NaN,NaN,NaN,NaN,NaN,NaN,45.71,0,3525.1,0.0064211,NaN,NaN,NaN,NaN,NaN,-1,-1,-1.6953,0.78655,-10.248,-8.7924,1.2301,2.8328,NaN,NaN,NaN,NaN,NaN
558.33,-4.3525,-8.8184,-128.96,-2.7507,1.8784,-10.933,-8.4155,3.9865,2.9461,-0.043779,-0.35672,-1.1098,NaN,NaN,NaN,NaN,NaN,NaN,NaN,NaN,NaN,45.71,0,3525.1,0.0064211,NaN,NaN,NaN,NaN,17.716,97267,10.75,-1.7066,0.79578,-10.269,-8.6632,1.2384,2.8245,NaN,NaN,NaN,NaN,NaN
558.34,-4.3989,-8.8184,-128.94,-1.7608,0.58791,-10.681,-9.26,-3.7326,2.5855,0,0,0,NaN,NaN,NaN,NaN,NaN,NaN,NaN,NaN,NaN,45.71,0,3525.1,0.0064211,NaN,NaN,NaN,NaN,NaN,-1,-1,-1.7037,0.78932,-10.266,-8.6054,0.99712,2.8209,NaN,NaN,NaN,NaN,NaN
558.34,-4.4195,-8.8077,-128.94,-2.7151,1.4159,-11.924,-8.2253,3.9386,2.5414,0,0,0,NaN,NaN,NaN,NaN,NaN,NaN,NaN,NaN,NaN,45.71,0,3525.1,0.0064211,0.7665,2.6049,0.63533,0.097392,NaN,-1,-1,-1.7012,0.79543,-10.284,-8.5842,1.098,2.8005,NaN,NaN,NaN,NaN,NaN
558.34,-4.4406,-8.802,-128.93,-0.63366,0.35084,-8.4668,-8.3564,1.8773,2.8272,-0.053366,-0.35396,-1.1062,NaN,NaN,NaN,NaN,NaN,NaN,NaN,NaN,NaN,45.71,0,3525.1,0.0064211,NaN,NaN,NaN,NaN,17.583,97265,10.813,-1.6998,0.80403,-10.265,-8.5131,1.2426,2.7827,NaN,NaN,NaN,NaN,NaN
558.34,-4.4628,-8.8095,-128.92,-1.9935,0.14562,-10.724,-8.8251,-3.3644,2.4438,0,0,0,NaN,NaN,NaN,NaN,NaN,NaN,NaN,NaN,NaN,45.71,0,3525.1,0.0064211,NaN,NaN,NaN,NaN,NaN,-1,-1,-1.7027,0.80987,-10.256,-8.3892,1.091,2.7724,NaN,NaN,NaN,NaN,NaN
558.35,-4.4846,-8.7996,-128.91,-2.1543,2.0532,-13.481,-8.6904,3.6216,2.5168,0,0,0,NaN,NaN,NaN,NaN,NaN,NaN,NaN,NaN,NaN,45.71,0,3525.1,0.0064211,NaN,NaN,NaN,NaN,17.673,97250,10.75,-1.7093,0.81837,-10.271,-8.2966,1.112,2.7571,NaN,NaN,NaN,NaN,NaN
558.35,-4.5029,-8.7879,-128.91,-1.1299,0.63457,-8.3862,-7.2993,4.2908,2.7999,0,0,0,NaN,NaN,NaN,NaN,NaN,NaN,NaN,NaN,NaN,45.71,0,3525.1,0.0064211,0.77416,2.6121,0.66089,NaN,NaN,-1,-1,-1.7,0.8199,-10.239,-8.2173,1.2034,2.7501,NaN,NaN,NaN,NaN,NaN
558.35,-4.521,-8.7931,-128.9,-1.5178,1.0545,-8.8539,-7.0858,-2.4558,2.9748,-0.046109,-0.34687,-1.1056,NaN,NaN,NaN,NaN,NaN,NaN,NaN,NaN,NaN,45.71,0,3525.1,0.0064211,0.77416,2.6121,0.66089,NaN,NaN,-1,-1,-1.6998,0.81546,-10.248,-8.3084,1.2575,2.8017,NaN,NaN,NaN,NaN,NaN
558.35,-4.5412,-8.7899,-128.89,-2.5502,0.48974,-13.815,-7.9794,0.89089,2.922,0,0,0,NaN,NaN,NaN,NaN,NaN,NaN,NaN,NaN,NaN,45.71,0,3525.1,0.0064211,NaN,NaN,NaN,0.074917,18.033,97248,10.75,-1.7012,0.8217,-10.24,-8.1769,1.2087,2.7701,NaN,NaN,NaN,NaN,NaN
558.36,-4.5624,-8.7794,-128.88,-1.8543,1.6571,-9.4351,-8.4496,3.8066,2.7417,0,0,0,NaN,NaN,NaN,NaN,NaN,NaN,NaN,NaN,NaN,45.71,0,3525.1,0.0064211,NaN,NaN,NaN,NaN,NaN,-1,-1,-1.6987,0.82234,-10.221,-8.0693,1.0712,2.7393,NaN,NaN,NaN,NaN,NaN
558.36,-4.5837,-8.7768,-128.87,-1.0918,0.047452,-9.2987,-8.4432,0.65638,2.7921,0,0,0,NaN,NaN,NaN,NaN,NaN,NaN,NaN,NaN,NaN,45.71,0,3525.1,0.0064211,NaN,NaN,NaN,NaN,NaN,-1,-1,-1.7046,0.82232,-10.255,-7.9641,0.94714,2.71,NaN,NaN,NaN,NaN,NaN
558.36,-4.6051,-8.7777,-128.87,-1.6988,-0.044842,-10.806,-8.4659,-0.74049,2.5829,-0.044099,-0.35397,-1.1032,NaN,NaN,NaN,NaN,NaN,NaN,NaN,NaN,NaN,45.71,0,3525.1,0.0064211,NaN,NaN,NaN,NaN,17.717,97261,10.75,-1.6968,0.82158,-10.217,-7.9951,1.1761,2.7541,NaN,NaN,NaN,NaN,NaN
558.36,-4.6238,-8.7681,-128.86,-2.3245,1.8119,-10.345,-7.4807,3.4429,2.6793,0,0,0,NaN,NaN,NaN,NaN,NaN,NaN,NaN,NaN,NaN,45.71,0,3525.1,0.0064211,0.76704,2.6139,0.63594,0.090733,NaN,-1,-1,-1.6949,0.82571,-10.228,-7.8497,1.2756,2.7074,NaN,NaN,NaN,NaN,NaN
558.37,-4.6432,-8.767,-128.85,-1.0958,0.16411,-9.808,-7.6339,0.050363,2.8957,0,0,0,NaN,NaN,NaN,NaN,NaN,NaN,NaN,NaN,NaN,45.71,0,3525.1,0.0064211,NaN,NaN,NaN,NaN,17.934,97217,10.5,-1.7009,0.82551,-10.202,-7.6692,1.2634,2.6643,NaN,NaN,NaN,NaN,NaN
558.37,-4.6839,-8.7563,-128.84,-1.9007,1.4798,-11.375,-7.755,4.4082,2.5476,-0.046099,-0.34197,-1.1033,NaN,NaN,NaN,NaN,NaN,NaN,NaN,NaN,NaN,45.71,0,3525.1,0.0064211,NaN,NaN,NaN,NaN,NaN,-1,-1,-1.7047,0.83529,-10.212,-7.4651,1.174,2.6246,NaN,NaN,NaN,NaN,NaN
558.37,-4.7006,-8.75,-128.83,-1.429,1.0656,-9.024,-6.6936,2.1591,2.4754,0,0,0,NaN,NaN,NaN,NaN,NaN,NaN,NaN,NaN,NaN,45.71,0,3525.1,0.0064211,NaN,NaN,NaN,NaN,NaN,-1,-1,-1.6956,0.8328,-10.182,-7.2811,1.2583,2.5903,NaN,NaN,NaN,NaN,NaN
558.37,-4.7167,-8.7518,-128.82,-1.9727,0.96081,-9.4953,-6.3116,-1.1091,2.7721,0,0,0,NaN,NaN,NaN,NaN,NaN,NaN,NaN,NaN,NaN,45.71,0,3525.1,0.0064211,NaN,NaN,NaN,NaN,18.097,97257,10.75,-1.702,0.84479,-10.192,-7.1388,1.0973,2.5645,NaN,NaN,NaN,NaN,NaN
558.38,-4.734,-8.7475,-128.81,-1.9829,1.4992,-12.433,-6.8688,1.3098,2.8687,0,0,0,NaN,NaN,NaN,NaN,NaN,NaN,NaN,NaN,NaN,45.71,0,3525.1,0.0064211,0.76485,2.6097,0.63655,0.099889,NaN,-1,-1,-1.6993,0.85498,-10.197,-6.9735,1.1577,2.5322,NaN,NaN,NaN,NaN,NaN
558.38,-4.7533,-8.737,-128.81,-2.0218,-0.022321,-9.7448,-7.7121,3.819,2.4968,-0.032432,-0.36143,-1.1043,-12.536,-14,-4.1079,19.236,40.058,-88.55,3.6782e+05,4.4353e+06,294.22,45.71,0,3525.1,0.0064211,0.76485,2.6097,0.63655,0.099889,NaN,-1,-1,-1.7001,0.85683,-10.191,-6.8182,1.0233,2.5029,18.951,-3.1464,0.9863,2.9792,-9.414
558.38,-4.7737,-8.7368,-128.8,-1.0264,0.23777,-9.343,-8.0807,-0.31656,2.6095,0,0,0,NaN,NaN,NaN,NaN,NaN,NaN,NaN,NaN,NaN,45.71,0,3525.1,0.0064211,NaN,NaN,NaN,NaN,17.942,97256,10.75,-1.6942,0.85781,-10.162,-6.7066,1.034,2.4605,NaN,NaN,NaN,NaN,NaN
558.38,-4.7922,-8.7333,-128.79,-2.0413,1.5268,-11.142,-7.405,1.0419,2.4104,0,0,0,NaN,NaN,NaN,NaN,NaN,NaN,NaN,NaN,NaN,45.71,0,3525.1,0.0064211,NaN,NaN,NaN,NaN,17.739,97264,10.75,-1.6937,0.86153,-10.157,-6.5672,1.3315,2.4191,NaN,NaN,NaN,NaN,NaN
558.39,-4.8261,-8.729,-128.78,-1.2034,0.69371,-10.568,-7.0676,-2.4056,2.8081,-0.04382,-0.34439,-1.1031,NaN,NaN,NaN,NaN,NaN,NaN,NaN,NaN,NaN,45.71,0,3525.1,0.0064211,NaN,NaN,NaN,NaN,NaN,-1,-1,-1.6819,0.8554,-10.07,-6.3568,1.2454,2.3875,NaN,NaN,NaN,NaN,NaN
558.39,-4.8448,-8.7257,-128.77,-1.9705,1.4959,-12.94,-7.4599,0.94767,2.3311,0,0,0,NaN,NaN,NaN,NaN,NaN,NaN,NaN,NaN,NaN,45.71,0,3525.1,0.0064211,0.76267,2.6115,0.64568,0.086571,NaN,-1,-1,-1.686,0.86134,-10.078,-6.1326,1.2532,2.3732,NaN,NaN,NaN,NaN,NaN
558.39,-4.8611,-8.7103,-128.77,-1.5387,0.33698,-9.0022,-6.6305,5.8367,2.1857,0,0,0,NaN,NaN,NaN,NaN,NaN,NaN,NaN,NaN,NaN,45.71,0,3525.1,0.0064211,NaN,NaN,NaN,NaN,NaN,-1,-1,-1.6759,0.86045,-10.057,-5.924,1.4862,2.3524,NaN,NaN,NaN,NaN,NaN
558.39,-4.8739,-8.7109,-128.76,-1.4315,1.7721,-8.5665,-5.0675,-0.61891,2.4644,0,0,0,NaN,NaN,NaN,NaN,NaN,NaN,NaN,NaN,NaN,45.71,0,3525.1,0.0064211,NaN,NaN,NaN,NaN,17.74,97255,10.75,-1.6907,0.87181,-10.065,-5.7788,1.3602,2.3273,NaN,NaN,NaN,NaN,NaN
558.4,-4.8857,-8.716,-128.75,-2.2307,0.68038,-12.407,-4.6207,-2.4698,2.5559,-0.041331,-0.33964,-1.1029,NaN,NaN,NaN,NaN,NaN,NaN,NaN,NaN,NaN,45.71,0,3525.1,0.0064211,NaN,NaN,NaN,NaN,NaN,-1,-1,-1.6802,0.8625,-10.051,-5.5939,1.5016,2.2954,NaN,NaN,NaN,NaN,NaN
558.4,-4.9003,-8.7027,-128.74,-1.8973,1.2306,-11.477,-5.8655,4.9514,2.69,0,0,0,NaN,NaN,NaN,NaN,NaN,NaN,NaN,NaN,NaN,45.71,0,3525.1,0.0064211,NaN,NaN,NaN,NaN,NaN,-1,-1,-1.6822,0.87016,-10.052,-5.3793,1.667,2.2738,NaN,NaN,NaN,NaN,NaN
558.4,-4.9164,-8.6941,-128.74,-1.444,0.59655,-8.6049,-6.4091,3.0704,2.6416,0,0,0,NaN,NaN,NaN,NaN,NaN,NaN,NaN,NaN,NaN,45.71,0,3525.1,0.0064211,NaN,NaN,NaN,NaN,17.811,97277,10.875,-1.6813,0.87253,-10.035,-5.1954,1.4913,2.2511,NaN,NaN,NaN,NaN,NaN
558.4,-4.9309,-8.6997,-128.73,-1.3992,0.50008,-10.049,-5.7687,-2.6438,2.2742,0,0,0,NaN,NaN,NaN,NaN,NaN,NaN,NaN,NaN,NaN,45.71,0,3525.1,0.0064211,NaN,NaN,NaN,NaN,NaN,-1,-1,-1.6764,0.87446,-10.019,-5.037,1.5457,2.2193,NaN,NaN,NaN,NaN,NaN
558.41,0,0,0,0,0,0,0,0,0,0,0,0,NaN,NaN,NaN,NaN,NaN,NaN,NaN,NaN,NaN,45.71,0,3525.1,0.0064211,NaN,NaN,NaN,NaN,17.983,97233,10.625,-1.675,0.87271,-10.018,-4.8643,1.7699,2.1985,NaN,NaN,NaN,NaN,NaN
558.41,-4.944,-8.6907,-128.72,-2.3784,0.58056,-11.625,-5.2319,3.2514,2.3405,-0.04148,-0.34933,-1.1052,NaN,NaN,NaN,NaN,NaN,NaN,NaN,NaN,NaN,45.71,0,3525.1,0.0064211,NaN,NaN,NaN,NaN,NaN,-1,-1,-1.6647,0.873,-10.001,-4.6562,1.7142,2.1806,NaN,NaN,NaN,NaN,NaN
558.41,-4.9562,-8.6846,-128.72,-1.2889,1.2174,-8.4332,-4.9394,2.0985,2.2827,0,0,0,NaN,NaN,NaN,NaN,NaN,NaN,NaN,NaN,NaN,45.71,0,3525.1,0.0064211,NaN,NaN,NaN,NaN,NaN,-1,-1,-1.6693,0.88152,-10.007,-4.4223,1.6,2.1679,NaN,NaN,NaN,NaN,NaN
558.41,-4.9972,-8.6656,-128.7,-1.3134,1.5362,-8.0671,-4.8197,5.9849,2.4667,-0.04375,-0.342,-1.1031,NaN,NaN,NaN,NaN,NaN,NaN,NaN,NaN,NaN,45.71,0,3525.1,0.0064211,0.77088,2.6097,0.65116,NaN,17.649,97260,10.75,-1.6571,0.87365,-9.9707,-4.2158,1.7496,2.1406,NaN,NaN,NaN,NaN,NaN
558.42,0,0,0,0,0,0,0,0,0,0,0,0,NaN,NaN,NaN,NaN,NaN,NaN,NaN,NaN,NaN,45.71,0,3525.1,0.0064211,NaN,NaN,NaN,0.074917,NaN,-1,-1,-1.6603,0.88342,-9.9646,-4.0512,1.8045,2.1378,NaN,NaN,NaN,NaN,NaN
558.42,-5.0048,-8.6716,-128.69,-1.5062,1.3821,-8.7027,-3.0377,-2.7396,2.1282,0,0,0,NaN,NaN,NaN,NaN,NaN,NaN,NaN,NaN,NaN,45.71,0,3525.1,0.0064211,NaN,NaN,NaN,NaN,NaN,-1,-1,-1.6615,0.88448,-9.9173,-3.9059,1.6828,2.1232,NaN,NaN,NaN,NaN,NaN
558.42,-5.0139,-8.6731,-128.68,-2.4823,0.495,-13.282,-3.5789,-1.0242,2.51,0,0,0,NaN,NaN,NaN,NaN,NaN,NaN,NaN,NaN,NaN,45.71,0,3525.1,0.0064211,NaN,NaN,NaN,NaN,17.692,97229,10.625,-1.654,0.88936,-9.8904,-3.708,1.8098,2.1058,NaN,NaN,NaN,NaN,NaN
558.42,-5.0252,-8.6565,-128.67,-2.1064,1.333,-10.676,-4.5363,6.2622,2.7409,0,0,0,NaN,NaN,NaN,NaN,NaN,NaN,NaN,NaN,NaN,45.681,0.024486,3509.4,0.0064211,NaN,NaN,NaN,NaN,NaN,-1,-1,-1.6614,0.89248,-9.886,-3.5159,1.83,2.1036,NaN,NaN,NaN,NaN,NaN
558.43,-5.0365,-8.6512,-128.67,-0.91938,0.1824,-7.22,-4.5068,1.7627,2.2532,-0.041141,-0.34227,-1.1073,NaN,NaN,NaN,NaN,NaN,NaN,NaN,NaN,NaN,45.681,0.024486,3509.4,0.0064211,NaN,NaN,NaN,NaN,17.721,97279,10.875,-1.6674,0.88069,-9.8628,-3.3429,1.8029,2.0958,NaN,NaN,NaN,NaN,NaN
558.43,-5.0566,-8.6489,-128.66,-2.5449,1.4469,-11.271,-3.8028,4.9305,2.0361,0,0,0,NaN,NaN,NaN,NaN,NaN,NaN,NaN,NaN,NaN,45.681,0.024486,3509.4,0.0064211,0.75555,2.6008,0.63473,0.086571,NaN,-1,-1,-1.6512,0.88025,-9.8063,-3.196,1.8477,2.0712,NaN,NaN,NaN,NaN,NaN
558.43,-5.0648,-8.6415,-128.65,-0.71758,0.24198,-8.0932,-3.3334,2.5992,2.1685,0,0,0,NaN,NaN,NaN,NaN,NaN,NaN,NaN,NaN,NaN,45.681,0.024486,3509.4,0.0064211,NaN,NaN,NaN,NaN,NaN,-1,-1,-1.6682,0.88525,-9.895,-3.0377,1.9033,2.0712,NaN,NaN,NaN,NaN,NaN
558.43,-5.0946,-8.6615,-128.64,-2.1019,2.1505,-12.854,-3.7754,3.4113,2.0829,0,0,0,NaN,NaN,NaN,NaN,NaN,NaN,NaN,NaN,NaN,45.681,0.024486,3509.4,0.0064211,NaN,NaN,NaN,NaN,17.6,97238,10.625,-1.6691,0.88569,-9.8833,-2.8727,1.863,2.0625,NaN,NaN,NaN,NaN,NaN
558.44,-5.1007,-8.6493,-128.64,-1.2693,0.66946,-9.0823,-2.4881,4.4924,2.3682,0,0,0,NaN,NaN,NaN,NaN,NaN,NaN,NaN,NaN,NaN,45.681,0.024486,3509.4,0.0064211,NaN,NaN,NaN,NaN,NaN,-1,-1,-1.6675,0.88434,-9.8651,-2.7184,1.7922,2.0472,NaN,NaN,NaN,NaN,NaN
558.44,-5.11,-8.6513,-128.62,-2.1917,0.28499,-13.659,-1.8817,-0.94154,2.4735,-0.036772,-0.34449,-1.1025,NaN,NaN,NaN,NaN,NaN,NaN,NaN,NaN,NaN,45.681,0.024486,3509.4,0.0064211,0.76595,2.4832,0.71871,0.030799,NaN,-1,-1,-1.6791,0.898,-9.8768,-2.5932,1.9158,2.0476,NaN,NaN,NaN,NaN,NaN
558.44,-5.1168,-8.6413,-128.61,-2.2961,1.718,-9.8414,-2.7591,3.6155,2.3686,0,0,0,NaN,NaN,NaN,NaN,NaN,NaN,NaN,NaN,NaN,45.681,0.024486,3509.4,0.0064211,0.76595,2.4832,0.71871,0.030799,17.692,97249,10.688,-1.6951,0.9068,-9.9672,-2.4833,1.8841,2.0419,NaN,NaN,NaN,NaN,NaN
558.44,-5.1242,-8.6358,-128.61,-0.9631,0.12407,-9.1155,-3.0209,1.8524,2.0301,0,0,0,NaN,NaN,NaN,NaN,NaN,NaN,NaN,NaN,NaN,45.681,0.024486,3509.4,0.0064211,NaN,NaN,NaN,NaN,NaN,-1,-1,-1.694,0.90367,-9.951,-2.3694,1.8385,2.0518,NaN,NaN,NaN,NaN,NaN
558.45,-5.1315,-8.6364,-128.6,-1.8174,0.14076,-9.9012,-2.9065,-0.57817,2.1953,0,0,0,NaN,NaN,NaN,NaN,NaN,NaN,NaN,NaN,NaN,45.681,0.024486,3509.4,0.0064211,NaN,NaN,NaN,NaN,17.782,97253,10.688,-1.6994,0.90845,-9.9325,-2.2755,1.7777,2.0343,NaN,NaN,NaN,NaN,NaN
558.45,-5.1357,-8.6305,-128.6,-2.2985,1.5376,-10.421,-1.77,1.9592,1.9766,-0.038792,-0.3423,-1.1071,NaN,NaN,NaN,NaN,NaN,NaN,NaN,NaN,NaN,45.681,0.024486,3509.4,0.0064211,NaN,NaN,NaN,NaN,NaN,-1,-1,-1.706,0.90972,-9.9122,-2.1926,1.7081,2.017,NaN,NaN,NaN,NaN,NaN
558.45,-5.14,-8.6263,-128.59,-1.2523,0.71194,-9.8926,-1.7574,1.3368,2.0972,0,0,0,NaN,NaN,NaN,NaN,NaN,NaN,NaN,NaN,NaN,45.681,0.024486,3509.4,0.0064211,NaN,NaN,NaN,NaN,NaN,-1,-1,-1.6993,0.90654,-9.8865,-2.1005,1.6157,2.0167,NaN,NaN,NaN,NaN,NaN
558.45,-5.1467,-8.6291,-128.58,-1.6811,0.99423,-10.095,-2.6755,-1.4861,2.0793,0,0,0,NaN,NaN,NaN,NaN,NaN,NaN,NaN,NaN,NaN,45.681,0.024486,3509.4,0.0064211,0.7665,2.4916,0.71932,0.034961,17.829,97244,10.688,-1.7027,0.91526,-9.9102,-1.9871,1.5549,2.0181,NaN,NaN,NaN,NaN,NaN
558.46,-5.1522,-8.6213,-128.58,-2.0455,0.34941,-12.589,-2.3092,2.7972,1.6883,0,0,0,NaN,NaN,NaN,NaN,NaN,NaN,NaN,NaN,NaN,45.681,0.024486,3509.4,0.0064211,NaN,NaN,NaN,NaN,NaN,-1,-1,-1.7055,0.91603,-9.9173,-1.8844,1.5079,2.0234,NaN,NaN,NaN,NaN,NaN
558.46,-5.1556,-8.6133,-128.57,-1.6188,1.4778,-7.9686,-1.4666,2.8669,1.9479,-0.055237,-0.34208,-1.1086,NaN,NaN,NaN,NaN,NaN,NaN,NaN,NaN,NaN,45.681,0.024486,3509.4,0.0064211,NaN,NaN,NaN,NaN,NaN,-1,-1,-1.7095,0.92971,-9.9108,-1.7791,1.3736,2.032,NaN,NaN,NaN,NaN,NaN
558.46,-5.1561,-8.6154,-128.57,-1.4262,1.6888,-9.4586,-0.2242,-1.1589,1.8837,0,0,0,NaN,NaN,NaN,NaN,NaN,NaN,NaN,NaN,NaN,45.681,0.024486,3509.4,0.0064211,NaN,NaN,NaN,NaN,17.83,97276,10.813,-1.707,0.92399,-9.9094,-1.6874,1.3402,2.0354,NaN,NaN,NaN,NaN,NaN
558.46,-5.1574,-8.6148,-128.56,-2.1905,0.60846,-12.115,-0.58195,-0.1284,2.0218,0,0,0,NaN,NaN,NaN,NaN,NaN,NaN,NaN,NaN,NaN,45.681,0.024486,3509.4,0.0064211,NaN,NaN,NaN,NaN,NaN,-1,-1,-1.7141,0.93358,-9.8891,-1.4252,1.1913,1.9503,NaN,NaN,NaN,NaN,NaN
558.47,-5.1624,-8.6024,-128.56,-2.3185,0.61313,-9.9973,-2.1072,4.6285,1.8886,0,0,0,NaN,NaN,NaN,NaN,NaN,NaN,NaN,NaN,NaN,45.681,0.024486,3509.4,0.0064211,0.75555,2.6044,0.63899,0.11404,17.896,97243,10.688,-1.7153,0.93475,-9.8857,-1.3235,1.0453,1.9362,NaN,NaN,NaN,NaN,NaN
558.47,-5.1674,-8.6014,-128.55,-0.77627,0.63636,-9.0224,-1.9913,0.0036669,2.2214,-0.048648,-0.34421,-1.1014,NaN,NaN,NaN,NaN,NaN,NaN,NaN,NaN,NaN,45.681,0.024486,3509.4,0.0064211,NaN,NaN,NaN,NaN,NaN,-1,-1,-1.7237,0.93059,-9.9233,-1.1918,1.1185,1.9164,NaN,NaN,NaN,NaN,NaN
558.47,-5.1695,-8.602,-128.54,-2.2756,0.70562,-10.529,-0.95008,-0.55015,1.5779,0,0,0,NaN,NaN,NaN,NaN,NaN,NaN,NaN,NaN,NaN,45.681,0.024486,3509.4,0.0064211,NaN,NaN,NaN,NaN,NaN,-1,-1,-1.7246,0.91994,-9.8984,-1.0953,1.0521,1.9152,NaN,NaN,NaN,NaN,NaN
558.47,-5.1705,-8.5939,-128.54,-2.0538,0.78722,-10.386,-0.52414,2.9335,1.6953,0,0,0,NaN,NaN,NaN,NaN,NaN,NaN,NaN,NaN,NaN,45.681,0.024486,3509.4,0.0064211,NaN,NaN,NaN,NaN,17.938,97218,10.563,-1.7168,0.92768,-9.8554,-0.86934,1.0018,1.8123,NaN,NaN,NaN,NaN,NaN
558.48,-5.1735,-8.5941,-128.53,-0.8215,0.60953,-8.6474,-1.2401,-0.41734,1.8731,0,0,0,NaN,NaN,NaN,NaN,NaN,NaN,NaN,NaN,NaN,45.681,0.024486,3509.4,0.0064211,NaN,NaN,NaN,NaN,NaN,-1,-1,-1.7198,0.92289,-9.8606,-0.72521,0.93512,1.7834,NaN,NaN,NaN,NaN,NaN
558.48,-5.1768,-8.5959,-128.53,-2.2639,1.215,-12.861,-1.4223,-1.0415,1.6787,-0.041021,-0.3473,-1.1118,NaN,NaN,NaN,NaN,NaN,NaN,NaN,NaN,NaN,45.681,0.024486,3509.4,0.0064211,0.75993,2.6002,0.64811,NaN,NaN,-1,-1,-1.7236,0.92696,-9.8633,-0.55135,0.5901,1.7517,NaN,NaN,NaN,NaN,NaN
558.48,-5.1796,-8.5826,-128.52,-1.9862,0.71286,-10.039,-1.2719,5.0232,1.4948,0,0,0,NaN,NaN,NaN,NaN,NaN,NaN,NaN,NaN,NaN,45.681,0.024486,3509.4,0.0064211,NaN,NaN,NaN,0.080744,17.764,97268,10.813,-1.72,0.93444,-9.8622,-0.41785,0.62802,1.7322,NaN,NaN,NaN,NaN,NaN
558.48,-5.178,-8.5782,-128.52,-1.0239,1.4996,-7.8722,0.53216,1.429,1.9115,0,0,0,NaN,NaN,NaN,NaN,NaN,NaN,NaN,NaN,NaN,45.681,0.024486,3509.4,0.0064211,NaN,NaN,NaN,NaN,NaN,-1,-1,-1.7256,0.94026,-9.857,-0.29935,0.76197,1.7147,NaN,NaN,NaN,NaN,NaN
558.49,-5.1757,-8.5845,-128.51,-2.0707,1.0057,-10.457,0.85892,-2.8396,1.4903,0,0,0,NaN,NaN,NaN,NaN,NaN,NaN,NaN,NaN,NaN,45.681,0.024486,3509.4,0.0064211,NaN,NaN,NaN,NaN,17.91,97229,10.5,-1.733,0.94513,-9.8697,-0.20742,0.69572,1.6931,NaN,NaN,NaN,NaN,NaN
558.49,-5.1748,-8.5792,-128.51,-2.5593,1.1613,-13.026,0.26866,1.7226,1.9207,-0.034413,-0.33961,-1.1001,NaN,NaN,NaN,NaN,NaN,NaN,NaN,NaN,NaN,45.681,0.024486,3509.4,0.0064211,NaN,NaN,NaN,NaN,NaN,-1,-1,-1.7391,0.94346,-9.8711,-0.12576,0.69207,1.6646,NaN,NaN,NaN,NaN,NaN
558.49,-5.1756,-8.5636,-128.5,-1.259,0.57225,-8.1486,-0.46249,5.9348,1.8386,0,0,0,NaN,NaN,NaN,NaN,NaN,NaN,NaN,NaN,NaN,45.681,0.024486,3509.4,0.0064211,0.7758,2.4785,0.71384,0.052442,NaN,-1,-1,-1.7382,0.93643,-9.836,-0.0079795,0.89918,1.639,NaN,NaN,NaN,NaN,NaN
558.49,-5.1766,-8.5729,-128.5,-1.4118,0.050006,-8.7084,-0.45556,-4.048,1.5049,0,0,0,NaN,NaN,NaN,NaN,NaN,NaN,NaN,NaN,NaN,45.681,0.024486,3509.4,0.0064211,NaN,NaN,NaN,NaN,17.849,97237,10.625,-1.7367,0.93377,-9.8353,0.11059,0.89752,1.6162,NaN,NaN,NaN,NaN,NaN
558.5,-5.1757,-8.5695,-128.49,-2.6124,1.7211,-12.17,0.22397,1.0914,1.4722,0,0,0,NaN,NaN,NaN,NaN,NaN,NaN,NaN,NaN,NaN,45.681,0.024486,3509.4,0.0064211,NaN,NaN,NaN,NaN,NaN,-1,-1,-1.7401,0.939,-9.8267,0.2162,0.7486,1.5948,NaN,NaN,NaN,NaN,NaN
558.5,-5.1714,-8.5638,-128.48,-1.333,0.43925,-8.4243,0.082277,-2.9039,1.4095,0,0,0,NaN,NaN,NaN,NaN,NaN,NaN,NaN,NaN,NaN,45.681,0.024486,3509.4,0.0064211,NaN,NaN,NaN,NaN,NaN,-1,-1,-1.7357,0.93254,-9.8013,0.26378,0.93059,1.5828,NaN,NaN,NaN,NaN,NaN
558.5,-5.1717,-8.5635,-128.48,-2.0102,1.7777,-13.85,-0.19933,-0.2026,1.7951,0,0,0,NaN,NaN,NaN,NaN,NaN,NaN,NaN,NaN,NaN,45.681,0.024486,3509.4,0.0064211,NaN,NaN,NaN,NaN,17.736,97256,10.688,-1.7365,0.93966,-9.7976,0.31064,0.98199,1.5614,NaN,NaN,NaN,NaN,NaN
558.5,-5.17,-8.5484,-128.47,-1.8965,0.38237,-9.717,0.50185,5.721,1.6512,0,0,0,NaN,NaN,NaN,NaN,NaN,NaN,NaN,NaN,NaN,45.681,0.024486,3509.4,0.0064211,0.82234,2.5017,0.70106,0.024972,NaN,-1,-1,-1.7425,0.94692,-9.8248,0.39175,1.0254,1.5485,NaN,NaN,NaN,NaN,NaN
558.51,-5.1653,-8.546,-128.47,-1.4217,1.7179,-7.296,1.7376,0.63736,1.4098,-0.048249,-0.33966,-1.1058,NaN,NaN,NaN,NaN,NaN,NaN,NaN,NaN,NaN,45.681,0.024486,3509.4,0.0064211,NaN,NaN,NaN,NaN,18.031,97238,10.688,-1.7378,0.94365,-9.7751,0.50692,1.0313,1.5411,NaN,NaN,NaN,NaN,NaN
558.51,-5.1606,-8.5537,-128.46,-1.9116,1.125,-11.784,1.7967,-3.4075,1.4671,0,0,0,NaN,NaN,NaN,NaN,NaN,NaN,NaN,NaN,NaN,45.681,0.024486,3509.4,0.0064211,NaN,NaN,NaN,NaN,NaN,-1,-1,-1.749,0.9565,-9.7935,0.56587,0.87973,1.5351,NaN,NaN,NaN,NaN,NaN
558.51,-5.1581,-8.5448,-128.46,-2.3687,1.2252,-11.745,0.87496,3.2643,1.5495,0,0,0,NaN,NaN,NaN,NaN,NaN,NaN,NaN,NaN,NaN,45.681,0.024486,3509.4,0.0064211,NaN,NaN,NaN,NaN,NaN,-1,-1,-1.7451,0.95288,-9.7494,0.60713,0.88391,1.5205,NaN,NaN,NaN,NaN,NaN
558.51,-5.1582,-8.531,-128.46,-1.4474,0.19842,-8.47,-0.23554,5.2475,1.4981,0,0,0,NaN,NaN,NaN,NaN,NaN,NaN,NaN,NaN,NaN,45.681,0.024486,3509.4,0.0064211,NaN,NaN,NaN,NaN,17.872,97233,10.625,-1.7447,0.95298,-9.7487,0.64449,0.98963,1.4927,NaN,NaN,NaN,NaN,NaN
558.52,-5.1575,-8.5399,-128.45,-1.2357,0.58083,-8.9181,0.20054,-3.8771,1.3173,-0.050747,-0.34932,-1.1082,NaN,NaN,NaN,NaN,NaN,NaN,NaN,NaN,NaN,45.681,0.024486,3509.4,0.0064211,NaN,NaN,NaN,NaN,NaN,-1,-1,-1.7516,0.95043,-9.7553,0.69401,0.82244,1.4738,NaN,NaN,NaN,NaN,NaN
558.52,-5.1545,-8.5367,-128.45,-2.5237,1.0753,-12.509,1.0585,1.014,1.4274,0,0,0,NaN,NaN,NaN,NaN,NaN,NaN,NaN,NaN,NaN,45.681,0.024486,3509.4,0.0064211,NaN,NaN,NaN,NaN,NaN,-1,-1,-1.7469,0.93719,-9.7178,0.75201,0.76694,1.4511,NaN,NaN,NaN,NaN,NaN
558.52,-5.1516,-8.5246,-128.44,-1.4892,-0.082414,-8.5138,0.92779,4.5665,1.3865,0,0,0,NaN,NaN,NaN,NaN,NaN,NaN,NaN,NaN,NaN,45.681,0.024486,3509.4,0.0064211,NaN,NaN,NaN,NaN,17.535,97258,10.75,-1.7527,0.95042,-9.739,0.79389,0.61345,1.4211,NaN,NaN,NaN,NaN,NaN
558.52,-5.1517,-8.5312,-128.44,-1.1448,1.9892,-8.4996,-0.097689,-2.9737,1.5143,0,0,0,NaN,NaN,NaN,NaN,NaN,NaN,NaN,NaN,NaN,45.681,0.024486,3509.4,0.0064211,NaN,NaN,NaN,NaN,17.716,97262,10.75,-1.7582,0.96265,-9.7482,0.81735,0.64983,1.3953,NaN,NaN,NaN,NaN,NaN
558.53,-5.1484,-8.5167,-128.43,-1.8043,0.93721,-9.2137,0.6106,5.7222,1.1513,0,0,0,NaN,NaN,NaN,NaN,NaN,NaN,NaN,NaN,NaN,45.681,0.024486,3509.4,0.0064211,NaN,NaN,NaN,NaN,NaN,-1,-1,-1.7519,0.95273,-9.705,0.81906,0.82335,1.3788,NaN,NaN,NaN,NaN,NaN
558.53,-5.1436,-8.516,-128.43,-0.9281,1.4011,-7.0677,1.8099,-0.0039534,1.485,0,0,0,NaN,NaN,NaN,NaN,NaN,NaN,NaN,NaN,NaN,45.681,0.024486,3509.4,0.0064211,NaN,NaN,NaN,NaN,NaN,-1,-1,-1.7652,0.96527,-9.7343,0.81918,0.73255,1.3511,NaN,NaN,NaN,NaN,NaN
558.53,-5.1389,-8.524,-128.42,-2.3629,1.5004,-11.848,1.7651,-3.5004,1.1149,0,0,0,NaN,NaN,NaN,NaN,NaN,NaN,NaN,NaN,NaN,45.681,0.024486,3509.4,0.0064211,0.76376,2.602,0.63168,0.10155,NaN,-1,-1,-1.7658,0.96201,-9.7185,0.81065,0.96663,1.3242,NaN,NaN,NaN,NaN,NaN
558.53,-5.1377,-8.5088,-128.42,-2.6282,0.80745,-12.108,0.27284,5.8128,1.5911,-0.052748,-0.33732,-1.1084,NaN,NaN,NaN,NaN,NaN,NaN,NaN,NaN,NaN,45.759,0,3502.3,0.0075089,NaN,NaN,NaN,NaN,17.715,97272,10.75,-1.7594,0.95401,-9.6862,0.80026,0.91453,1.299,NaN,NaN,NaN,NaN,NaN
558.54,-5.1372,-8.5016,-128.41,-0.949,0.063217,-6.4899,0.064859,2.5595,1.5946,0,0,0,NaN,NaN,NaN,NaN,NaN,NaN,NaN,NaN,NaN,45.759,0,3502.3,0.0075089,NaN,NaN,NaN,NaN,NaN,-1,-1,-1.7646,0.9555,-9.6825,0.72219,0.622,1.2658,NaN,NaN,NaN,NaN,NaN
558.54,-5.1372,-8.5127,-128.41,-1.4323,0.73749,-10.671,-0.10348,-4.7394,1.1196,0,0,0,NaN,NaN,NaN,NaN,NaN,NaN,NaN,NaN,NaN,45.759,0,3502.3,0.0075089,0.76869,2.6073,0.64507,NaN,NaN,-1,-1,-1.7644,0.95624,-9.6595,0.59127,0.83379,1.2296,NaN,NaN,NaN,NaN,NaN
558.54,-5.1344,-8.5006,-128.41,-2.8333,1.9667,-10.731,0.87605,4.6175,0.95804,0,0,0,NaN,NaN,NaN,NaN,NaN,NaN,NaN,NaN,NaN,45.759,0,3502.3,0.0075089,0.76869,2.6073,0.64507,NaN,18.162,97271,10.75,-1.7574,0.94702,-9.6515,0.52467,0.95535,1.2026,NaN,NaN,NaN,NaN,NaN
558.54,-5.1305,-8.4963,-128.4,-0.96789,0.17377,-7.7739,1.3831,1.4058,1.2433,-0.048658,-0.34912,-1.1036,NaN,NaN,NaN,NaN,NaN,NaN,NaN,NaN,NaN,45.759,0,3502.3,0.0075089,NaN,NaN,NaN,0.073252,NaN,-1,-1,-1.7648,0.95849,-9.6545,0.5308,0.73718,1.158,NaN,NaN,NaN,NaN,NaN
558.55,-5.1317,-8.5062,-128.4,-1.9802,0.68517,-10.901,-0.61461,-4.2206,1.0386,0,0,0,NaN,NaN,NaN,NaN,NaN,NaN,NaN,NaN,NaN,45.759,0,3502.3,0.0075089,NaN,NaN,NaN,NaN,17.691,97259,10.688,-1.7599,0.95743,-9.6272,0.48709,0.87616,1.129,NaN,NaN,NaN,NaN,NaN
558.55,-5.1309,-8.4969,-128.39,-2.0623,2.1807,-11.491,0.090928,3.4582,1.2496,0,0,0,NaN,NaN,NaN,NaN,NaN,NaN,NaN,NaN,NaN,45.759,0,3502.3,0.0075089,NaN,NaN,NaN,NaN,NaN,-1,-1,-1.7564,0.96505,-9.628,0.38969,0.92898,1.0975,NaN,NaN,NaN,NaN,NaN
558.55,-5.1283,-8.4883,-128.39,-1.2203,1.0385,-8.8039,0.87531,3.1279,1.4084,0,0,0,NaN,NaN,NaN,NaN,NaN,NaN,NaN,NaN,NaN,45.759,0,3502.3,0.0075089,NaN,NaN,NaN,NaN,NaN,-1,-1,-1.7679,0.97498,-9.642,0.27932,0.68335,1.0647,NaN,NaN,NaN,NaN,NaN
558.55,-5.1239,-8.4933,-128.39,-1.7107,0.74965,-7.2705,1.6354,-2.2567,1.1201,-0.060005,-0.34441,-1.109,NaN,NaN,NaN,NaN,NaN,NaN,NaN,NaN,NaN,45.759,0,3502.3,0.0075089,NaN,NaN,NaN,NaN,17.641,97222,10.5,-1.7695,0.97445,-9.6148,0.22517,0.63608,1.0192,NaN,NaN,NaN,NaN,NaN
558.56,-5.1205,-8.4931,-128.38,-2.4817,1.3526,-12.839,1.1628,-0.18346,1.0844,0,0,0,NaN,NaN,NaN,NaN,NaN,NaN,NaN,NaN,NaN,45.759,0,3502.3,0.0075089,0.77745,2.4892,0.72418,0.044118,NaN,-1,-1,-1.7679,0.96733,-9.6122,0.13397,0.34767,0.96674,NaN,NaN,NaN,NaN,NaN
558.56,-5.12,-8.4861,-128.38,-1.1095,-0.020963,-7.7755,-0.24356,-2.9609,0.99448,0,0,0,NaN,NaN,NaN,NaN,NaN,NaN,NaN,NaN,NaN,45.759,0,3502.3,0.0075089,NaN,NaN,NaN,NaN,NaN,-1,-1,-1.7671,0.96864,-9.6149,0.030528,0.18764,0.91864,NaN,NaN,NaN,NaN,NaN
558.56,-5.1211,-8.4849,-128.37,-2.0916,0.95439,-11.602,-0.71792,0.18678,0.55766,-0.048528,-0.34924,-1.1058,NaN,NaN,NaN,NaN,NaN,NaN,NaN,NaN,NaN,45.759,0,3502.3,0.0075089,NaN,NaN,NaN,NaN,17.758,97261,10.688,-1.7699,0.97206,-9.616,-0.0051783,0.30769,0.86347,NaN,NaN,NaN,NaN,NaN
558.56,-5.1188,-8.4723,-128.37,-2.1663,1.6889,-7.8559,0.58791,4.8542,0.53354,0,0,0,NaN,NaN,NaN,NaN,NaN,NaN,NaN,NaN,NaN,45.759,0,3502.3,0.0075089,NaN,NaN,NaN,NaN,17.804,97254,10.688,-1.7616,0.95816,-9.5889,-0.054845,0.31514,0.81959,NaN,NaN,NaN,NaN,NaN
558.57,-5.119,-8.4787,-128.37,-1.2036,0.40095,-8.6352,-0.25972,-2.7773,0.7186,0,0,0,NaN,NaN,NaN,NaN,NaN,NaN,NaN,NaN,NaN,45.759,0,3502.3,0.0075089,0.76704,2.6103,0.63899,0.09656,NaN,-1,-1,-1.767,0.97221,-9.5984,-0.084925,0.16251,0.76511,NaN,NaN,NaN,NaN,NaN
558.57,-5.1195,-8.4838,-128.37,-1.9621,1.5673,-12.577,-0.43293,-2.3013,0.64068,0,0,0,NaN,NaN,NaN,NaN,NaN,NaN,NaN,NaN,NaN,45.759,0,3502.3,0.0075089,0.76704,2.6103,0.63899,0.09656,NaN,-1,-1,-1.7676,0.99111,-9.6187,-0.08252,0.37467,0.71784,NaN,NaN,NaN,NaN,NaN
558.57,-5.1199,-8.4665,-128.36,-2.1338,0.88342,-9.3558,-0.52254,6.7241,0.53635,-0.04584,-0.34221,-1.1078,NaN,NaN,NaN,NaN,NaN,NaN,NaN,NaN,NaN,45.759,0,3502.3,0.0075089,NaN,NaN,NaN,NaN,NaN,-1,-1,-1.7692,0.9948,-9.6199,-0.1342,0.55311,0.67366,NaN,NaN,NaN,NaN,NaN
558.57,-5.1188,-8.4661,-128.36,-1.1061,1.6705,-6.6757,0.18776,-0.054145,0.50518,0,0,0,NaN,NaN,NaN,NaN,NaN,NaN,NaN,NaN,NaN,45.759,0,3502.3,0.0075089,NaN,NaN,NaN,NaN,17.556,97250,10.688,-1.7727,1.0083,-9.6094,-0.21026,0.36251,0.6216,NaN,NaN,NaN,NaN,NaN
558.58,-5.1158,-8.4678,-128.36,-2.3962,1.4931,-13.029,0.20672,3.8183,0.83377,0,0,0,NaN,NaN,NaN,NaN,NaN,NaN,NaN,NaN,NaN,45.759,0,3502.3,0.0075089,NaN,NaN,NaN,NaN,NaN,-1,-1,-1.773,1.0015,-9.6038,-0.25719,0.42317,0.5589,NaN,NaN,NaN,NaN,NaN
558.58,-5.1182,-8.4576,-128.36,-1.5978,0.39821,-6.481,-1.2479,3.8602,0.56654,-0.052827,-0.34462,-1.1106,NaN,NaN,NaN,NaN,NaN,NaN,NaN,NaN,NaN,45.759,0,3502.3,0.0075089,NaN,NaN,NaN,NaN,NaN,-1,-1,-1.7765,1.006,-9.6235,-0.29729,0.71018,0.49549,NaN,NaN,NaN,NaN,NaN
558.58,-5.121,-8.4691,-128.35,-1.3142,0.43046,-9.1218,-1.2932,-4.8434,0.62848,0,0,0,NaN,NaN,NaN,NaN,NaN,NaN,NaN,NaN,NaN,45.759,0,3502.3,0.0075089,0.76704,2.4886,0.71566,0.02747,17.806,97244,10.688,-1.7778,1.0079,-9.6175,-0.32526,0.63342,0.40587,NaN,NaN,NaN,NaN,NaN
558.58,-5.1223,-8.4642,-128.35,-2.6309,1.6604,-11.649,-0.84975,1.7495,0.2745,0,0,0,NaN,NaN,NaN,NaN,NaN,NaN,NaN,NaN,NaN,45.759,0,3502.3,0.0075089,NaN,NaN,NaN,NaN,17.717,97279,10.813,-1.7776,1.0113,-9.5878,-0.34149,0.75675,0.32786,NaN,NaN,NaN,NaN,NaN
558.59,-5.1216,-8.465,-128.35,-1.2448,0.28472,-8.5451,-0.5686,-4.916,0.22947,-0.048259,-0.34457,-1.108,NaN,NaN,NaN,NaN,NaN,NaN,NaN,NaN,NaN,45.759,0,3502.3,0.0075089,NaN,NaN,NaN,NaN,NaN,-1,-1,-1.7665,1.0005,-9.5912,-0.26885,0.70597,0.26525,NaN,NaN,NaN,NaN,NaN
558.59,-5.1252,-8.4653,-128.34,-2.1326,1.4681,-12.803,-1.7653,-0.31008,0.26832,0,0,0,NaN,NaN,NaN,NaN,NaN,NaN,NaN,NaN,NaN,45.759,0,3502.3,0.0075089,NaN,NaN,NaN,NaN,NaN,-1,-1,-1.7708,1.0112,-9.5774,-0.2267,0.58117,0.20212,NaN,NaN,NaN,NaN,NaN
558.59,-5.1257,-8.4487,-128.34,-1.7877,1.7162,-8.9591,-0.55617,6.4771,0.24018,0,0,0,NaN,NaN,NaN,NaN,NaN,NaN,NaN,NaN,NaN,45.759,0,3502.3,0.0075089,NaN,NaN,NaN,NaN,17.602,97270,10.75,-1.7443,1.0003,-9.4778,-0.24184,0.83192,0.15108,NaN,NaN,NaN,NaN,NaN
558.59,-5.1228,-8.4531,-128.34,-1.3713,0.88785,-6.8172,0.81646,-1.9298,0.016673,0,0,0,NaN,NaN,NaN,NaN,NaN,NaN,NaN,NaN,NaN,45.759,0,3502.3,0.0075089,NaN,NaN,NaN,NaN,17.527,97242,10.563,-1.7466,1.0115,-9.5195,-0.22087,0.92391,0.10749,NaN,NaN,NaN,NaN,NaN
558.6,-5.1204,-8.4599,-128.34,-2.2701,1.3146,-11.486,0.67792,-2.9492,0.046639,-0.050877,-0.3492,-1.106,NaN,NaN,NaN,NaN,NaN,NaN,NaN,NaN,NaN,45.759,0,3502.3,0.0075089,NaN,NaN,NaN,NaN,NaN,-1,-1,-1.7503,1.0153,-9.5176,-0.22775,0.75203,0.044773,NaN,NaN,NaN,NaN,NaN
558.6,-5.1217,-8.4428,-128.34,-1.4168,0.50714,-7.3927,-1.175,2.4639,0.063369,0,0,0,NaN,NaN,NaN,NaN,NaN,NaN,NaN,NaN,NaN,45.759,0,3502.3,0.0075089,0.75938,2.6121,0.64568,NaN,NaN,-1,-1,-1.7558,1.0081,-9.4915,-0.24075,1.0622,-0.015691,NaN,NaN,NaN,NaN,NaN
558.6,-5.122,-8.453,-128.34,-1.5708,0.37198,-9.7526,-0.41637,-4.2602,-0.053801,0,0,0,NaN,NaN,NaN,NaN,NaN,NaN,NaN,NaN,NaN,45.759,0,3502.3,0.0075089,NaN,NaN,NaN,0.081576,17.278,97264,10.688,-1.7453,1.004,-9.4252,-0.19084,1.1719,-0.09308,NaN,NaN,NaN,NaN,NaN
558.6,-5.1201,-8.4452,-128.34,-2.4418,1.96,-10.956,0.34486,2.9883,-0.1068,-0.038792,-0.3423,-1.1071,-12.503,-13.992,-4.0068,19.187,40.058,-88.55,3.6782e+05,4.4353e+06,293.17,45.759,0,3502.3,0.0075089,NaN,NaN,NaN,NaN,NaN,-1,-1,-1.748,1.0009,-9.4475,-0.14596,1.046,-0.16489,18.874,-3.3181,0.95608,2.8999,-9.9583
558.61,-5.1173,-8.4386,-128.34,-1.4193,-0.067121,-7.1665,0.6597,2.5198,-0.52672,0,0,0,NaN,NaN,NaN,NaN,NaN,NaN,NaN,NaN,NaN,45.759,0,3502.3,0.0075089,NaN,NaN,NaN,NaN,17.304,97266,10.75,-1.7377,1.0035,-9.4139,-0.10727,1.278,-0.21774,NaN,NaN,NaN,NaN,NaN
558.61,-5.1175,-8.4454,-128.34,-2.1965,1.7353,-12.559,-0.43986,1.5861,-0.34956,0,0,0,NaN,NaN,NaN,NaN,NaN,NaN,NaN,NaN,NaN,45.759,0,3502.3,0.0075089,NaN,NaN,NaN,NaN,NaN,-1,-1,-1.7381,0.99824,-9.4425,-0.058867,1.4687,-0.25896,NaN,NaN,NaN,NaN,NaN
558.61,-5.1152,-8.4325,-128.34,-1.6429,0.4614,-7.6637,0.46811,5.039,-0.34956,-0.04369,-0.34451,-1.1054,NaN,NaN,NaN,NaN,NaN,NaN,NaN,NaN,NaN,45.759,0,3502.3,0.0075089,0.83493,2.5149,0.7108,-0.0099889,NaN,-1,-1,-1.7433,1.0078,-9.4428,0.054579,1.4346,-0.3126,NaN,NaN,NaN,NaN,NaN
558.61,-5.1037,-8.4329,-128.34,-2.0381,1.2862,-10.625,0.55531,4.2283,-0.16484,0,0,0,NaN,NaN,NaN,NaN,NaN,NaN,NaN,NaN,NaN,45.759,0,3502.3,0.0075089,NaN,NaN,NaN,NaN,17.692,97271,10.75,-1.7408,1.0219,-9.4672,0.10688,1.4,-0.36232,NaN,NaN,NaN,NaN,NaN
558.62,-5.1049,-8.4256,-128.34,-1.776,-0.026611,-6.9968,-0.87153,2.7722,-0.094252,-0.050538,-0.34214,-1.1082,NaN,NaN,NaN,NaN,NaN,NaN,NaN,NaN,NaN,45.759,0,3502.3,0.0075089,NaN,NaN,NaN,NaN,NaN,-1,-1,-1.7323,1.0164,-9.4524,0.09251,1.3315,-0.41881,NaN,NaN,NaN,NaN,NaN
558.62,-5.1014,-8.4294,-128.34,-2.3767,1.7141,-10.751,0.94641,1.8949,-0.7602,0,0,0,NaN,NaN,NaN,NaN,NaN,NaN,NaN,NaN,NaN,45.759,0,3502.3,0.0075089,NaN,NaN,NaN,NaN,17.715,97227,10.625,-1.7358,1.0151,-9.46,0.097103,1.2661,-0.49285,NaN,NaN,NaN,NaN,NaN
558.62,-5.098,-8.4231,-128.34,-1.5368,-0.25258,-7.5438,0.93787,2.4102,-0.52065,0,0,0,NaN,NaN,NaN,NaN,NaN,NaN,NaN,NaN,NaN,45.759,0,3502.3,0.0075089,NaN,NaN,NaN,NaN,NaN,-1,-1,-1.7445,1.0127,-9.4641,0.19882,1.2763,-0.55055,NaN,NaN,NaN,NaN,NaN
558.62,-5.0987,-8.4284,-128.34,-1.7387,1.3863,-10.146,-0.70669,-2.2529,-0.75126,-0.04577,-0.33981,-1.1078,NaN,NaN,NaN,NaN,NaN,NaN,NaN,NaN,NaN,45.759,0,3502.3,0.0075089,0.78018,2.4922,0.71566,0.04828,17.737,97277,10.75,-1.7444,1.0054,-9.4638,0.25932,1.2051,-0.60843,NaN,NaN,NaN,NaN,NaN
558.63,-5.0982,-8.4253,-128.34,-2.0507,1.7002,-11.332,-0.30281,1.1681,-1.0227,0,0,0,NaN,NaN,NaN,NaN,NaN,NaN,NaN,NaN,NaN,45.759,0,3502.3,0.0075089,NaN,NaN,NaN,NaN,NaN,-1,-1,-1.7353,0.99853,-9.4563,0.28432,1.1123,-0.65678,NaN,NaN,NaN,NaN,NaN
558.63,-5.0946,-8.4167,-128.34,-1.4526,0.8343,-8.0708,0.8607,3.3622,-1.1394,0,0,0,NaN,NaN,NaN,NaN,NaN,NaN,NaN,NaN,NaN,45.759,0,3502.3,0.0075089,NaN,NaN,NaN,NaN,NaN,-1,-1,-1.7348,0.99207,-9.4461,0.29243,1.1658,-0.71084,NaN,NaN,NaN,NaN,NaN
558.63,-5.0906,-8.4154,-128.34,-1.4713,1.5952,-7.4546,1.1456,0.43287,-0.84752,0,0,0,NaN,NaN,NaN,NaN,NaN,NaN,NaN,NaN,NaN,45.759,0,3502.3,0.0075089,0.82508,2.5172,0.7114,0.014151,17.351,97260,10.75,-1.7335,0.99159,-9.4353,0.32661,1.1726,-0.76691,NaN,NaN,NaN,NaN,NaN
558.63,-5.0864,-8.4223,-128.34,-2.3927,1.1551,-11.352,1.2283,-2.8373,-0.9522,-0.04376,-0.34691,-1.1054,NaN,NaN,NaN,NaN,NaN,NaN,NaN,NaN,NaN,45.759,0,3493.7,0.0075089,0.82508,2.5172,0.7114,0.014151,NaN,-1,-1,-1.7356,0.99963,-9.4198,0.37539,1.3668,-0.80962,NaN,NaN,NaN,NaN,NaN
558.64,0,0,0,0,0,0,0,0,0,0,0,0,NaN,NaN,NaN,NaN,NaN,NaN,NaN,NaN,NaN,45.759,0,3493.7,0.0075089,NaN,NaN,NaN,NaN,17.418,97273,10.75,-1.7319,0.99975,-9.4175,0.34181,1.3568,-0.86215,NaN,NaN,NaN,NaN,NaN
558.64,-5.0842,-8.4146,-128.34,-2.5778,1.145,-11.376,0.38789,2.984,-0.64527,0,0,0,NaN,NaN,NaN,NaN,NaN,NaN,NaN,NaN,NaN,45.759,0,3493.7,0.0075089,NaN,NaN,NaN,NaN,NaN,-1,-1,-1.738,0.9999,-9.3915,0.28431,1.1369,-0.91847,NaN,NaN,NaN,NaN,NaN
558.64,-5.0853,-8.4057,-128.35,-0.77998,0.37989,-7.26,-0.9247,3.4554,-0.77836,0,0,0,NaN,NaN,NaN,NaN,NaN,NaN,NaN,NaN,NaN,45.759,0,3493.7,0.0075089,NaN,NaN,NaN,NaN,NaN,-1,-1,-1.7287,0.99167,-9.3242,0.19814,1.2767,-0.97043,NaN,NaN,NaN,NaN,NaN
558.64,-5.0837,-8.4066,-128.35,-2.7106,1.4723,-9.9058,0.2179,2.005,-1.1814,-0.04156,-0.35663,-1.1074,NaN,NaN,NaN,NaN,NaN,NaN,NaN,NaN,NaN,45.759,0,3493.7,0.0075089,NaN,NaN,NaN,NaN,17.437,97254,10.625,-1.7258,0.98783,-9.3297,0.17233,0.92792,-1.0364,NaN,NaN,NaN,NaN,NaN
558.65,-5.0806,-8.406,-128.35,-1.1724,0.24032,-9.1241,0.74255,0.16902,-1.1178,0,0,0,NaN,NaN,NaN,NaN,NaN,NaN,NaN,NaN,NaN,45.759,0,3493.7,0.0075089,NaN,NaN,NaN,NaN,NaN,-1,-1,-1.7371,0.97965,-9.3293,0.10265,0.9517,-1.0997,NaN,NaN,NaN,NaN,NaN
558.65,-5.0818,-8.403,-128.36,-2.1358,1.5917,-11.078,-0.51028,2.4986,-1.3242,0,0,0,NaN,NaN,NaN,NaN,NaN,NaN,NaN,NaN,NaN,45.759,0,3493.7,0.0075089,NaN,NaN,NaN,NaN,NaN,-1,-1,-1.7234,0.97585,-9.2786,0.042314,1.1076,-1.1496,NaN,NaN,NaN,NaN,NaN
558.65,-5.089,-8.4141,-128.36,-1.4048,0.90012,-7.6739,0.076146,3.074,-1.2546,-0.050937,-0.34669,-1.1038,NaN,NaN,NaN,NaN,NaN,NaN,NaN,NaN,NaN,45.759,0,3493.7,0.0075089,NaN,NaN,NaN,NaN,17.532,97280,10.75,-1.7204,0.97033,-9.2529,0.020276,1.0652,-1.1983,NaN,NaN,NaN,NaN,NaN
558.65,-5.084,-8.4199,-128.37,-1.6529,1.3163,-8.2906,1.469,-2.3498,-1.5857,0,0,0,NaN,NaN,NaN,NaN,NaN,NaN,NaN,NaN,NaN,45.759,0,3493.7,0.0075089,NaN,NaN,NaN,NaN,NaN,-1,-1,-1.7241,0.96352,-9.2133,-0.0024492,0.88163,-1.2511,NaN,NaN,NaN,NaN,NaN
558.66,-5.0815,-8.4184,-128.37,-1.9051,1.182,-12.304,0.53875,0.50191,-0.80953,0,0,0,NaN,NaN,NaN,NaN,NaN,NaN,NaN,NaN,NaN,45.759,0,3493.7,0.0075089,0.77142,2.6091,0.6542,NaN,17.44,97259,10.688,-1.7208,0.96788,-9.1707,-0.11517,0.70394,-1.2869,NaN,NaN,NaN,NaN,NaN
558.66,-5.0832,-8.4067,-128.37,-0.81164,0.12366,-8.0467,-1.3354,1.4305,-1.1135,-0.036712,-0.347,-1.1047,NaN,NaN,NaN,NaN,NaN,NaN,NaN,NaN,NaN,45.759,0,3493.7,0.0075089,0.77142,2.6091,0.6542,NaN,NaN,-1,-1,-1.734,0.97092,-9.2551,-0.22751,0.44744,-1.3362,NaN,NaN,NaN,NaN,NaN
558.66,-5.0838,-8.412,-128.37,-1.9156,1.1998,-10.196,-0.75098,-2.177,-1.4508,0,0,0,NaN,NaN,NaN,NaN,NaN,NaN,NaN,NaN,NaN,45.759,0,3493.7,0.0075089,NaN,NaN,NaN,NaN,NaN,-1,-1,-1.7285,0.97455,-9.2008,-0.32569,0.49432,-1.384,NaN,NaN,NaN,NaN,NaN
558.66,-5.0807,-8.4067,-128.38,-0.66011,-0.087676,-8.6774,-0.27101,-1.3081,-1.6082,0,0,0,NaN,NaN,NaN,NaN,NaN,NaN,NaN,NaN,NaN,45.759,0,3493.7,0.0075089,NaN,NaN,NaN,NaN,17.484,97251,10.625,-1.7269,0.97262,-9.1809,-0.39041,0.41503,-1.4552,NaN,NaN,NaN,NaN,NaN
558.67,-5.0827,-8.4076,-128.38,-2.2192,1.458,-9.8112,-1.351,-0.40949,-1.4835,-0.04572,-0.34723,-1.1122,NaN,NaN,NaN,NaN,NaN,NaN,NaN,NaN,NaN,45.759,0,3493.7,0.0075089,NaN,NaN,NaN,NaN,NaN,-1,-1,-1.7257,0.95204,-9.1701,-0.43194,0.22586,-1.5164,NaN,NaN,NaN,NaN,NaN
558.67,-5.0802,-8.396,-128.39,-1.4632,0.921,-7.0212,0.21881,1.1349,-1.6033,0,0,0,NaN,NaN,NaN,NaN,NaN,NaN,NaN,NaN,NaN,45.759,0,3493.7,0.0075089,NaN,NaN,NaN,NaN,NaN,-1,-1,-1.7503,0.96615,-9.2567,-0.4521,0.38007,-1.5664,NaN,NaN,NaN,NaN,NaN
558.67,-5.0762,-8.3993,-128.39,-1.3943,1.9224,-9.0203,1.0912,-1.3691,-1.4409,0,0,0,NaN,NaN,NaN,NaN,NaN,NaN,NaN,NaN,NaN,45.759,0,3493.7,0.0075089,0.75555,2.6384,0.63107,0.10322,17.53,97249,10.625,-1.7657,0.9553,-9.2377,-0.51409,0.3745,-1.5955,NaN,NaN,NaN,NaN,NaN
558.67,-5.0745,-8.3967,-128.39,-2.3336,0.74094,-11.6,0.10554,0.94968,-1.3055,-0.048518,-0.34433,-1.1036,NaN,NaN,NaN,NaN,NaN,NaN,NaN,NaN,NaN,45.759,0,3493.7,0.0075089,NaN,NaN,NaN,NaN,NaN,-1,-1,-1.745,0.95171,-9.1708,-0.59197,0.45149,-1.6299,NaN,NaN,NaN,NaN,NaN
558.68,-5.077,-8.3865,-128.4,-2.3152,0.47466,-8.7048,-1.6534,4.0851,-1.8462,0,0,0,NaN,NaN,NaN,NaN,NaN,NaN,NaN,NaN,NaN,45.759,0,3493.7,0.0075089,NaN,NaN,NaN,NaN,17.62,97273,10.688,-1.7543,0.94053,-9.1355,-0.59719,0.51877,-1.6865,NaN,NaN,NaN,NaN,NaN
558.68,-5.0794,-8.3887,-128.4,-0.94155,0.78368,-7.9228,-1.5462,-0.91301,-1.6855,0,0,0,NaN,NaN,NaN,NaN,NaN,NaN,NaN,NaN,NaN,45.759,0,3493.7,0.0075089,NaN,NaN,NaN,NaN,NaN,-1,-1,-1.7553,0.94714,-9.1542,-0.62115,0.45696,-1.7208,NaN,NaN,NaN,NaN,NaN
558.68,-5.0802,-8.3912,-128.41,-1.9796,0.88582,-10.295,-0.95862,-0.96435,-2.0667,0,0,0,NaN,NaN,NaN,NaN,NaN,NaN,NaN,NaN,NaN,45.759,0,3493.7,0.0075089,0.7665,2.8657,0.63838,0.097392,NaN,-1,-1,-1.7431,0.94395,-9.1284,-0.72704,0.47941,-1.7654,NaN,NaN,NaN,NaN,NaN
558.68,-5.0804,-8.3809,-128.41,-2.1101,0.89098,-9.2526,-0.78214,4.1227,-2.0535,-0.050947,-0.3516,-1.106,NaN,NaN,NaN,NaN,NaN,NaN,NaN,NaN,NaN,45.759,0,3493.7,0.0075089,NaN,NaN,NaN,NaN,17.534,97265,10.75,-1.7534,0.94991,-9.1187,-0.77825,0.38216,-1.8316,NaN,NaN,NaN,NaN,NaN
558.69,-5.0814,-8.3823,-128.41,-1.0667,0.39846,-7.8774,-1.0247,-0.51125,-2.0671,0,0,0,NaN,NaN,NaN,NaN,NaN,NaN,NaN,NaN,NaN,45.759,0,3493.7,0.0075089,NaN,NaN,NaN,NaN,NaN,-1,-1,-1.7423,0.92965,-9.0726,-0.74721,0.33775,-1.8935,NaN,NaN,NaN,NaN,NaN
558.69,-5.0839,-8.3886,-128.42,-2.2237,1.5687,-11.626,-1.6153,-2.5372,-2.1303,0,0,0,NaN,NaN,NaN,NaN,NaN,NaN,NaN,NaN,NaN,45.759,0,3493.7,0.0075089,NaN,NaN,NaN,NaN,17.232,97262,10.688,-1.7596,0.93362,-9.0922,-0.69635,0.48418,-1.9416,NaN,NaN,NaN,NaN,NaN
558.69,-5.0844,-8.3779,-128.42,-1.5751,1.1671,-9.3391,-0.91415,4.3269,-2.0601,0,0,0,NaN,NaN,NaN,NaN,NaN,NaN,NaN,NaN,NaN,45.759,0,3493.7,0.0075089,0.76212,3.0107,0.71566,0.049112,NaN,-1,-1,-1.7649,0.92418,-9.0352,-0.66229,0.34146,-1.9768,NaN,NaN,NaN,NaN,NaN
558.69,-5.0843,-8.3723,-128.43,-1.3598,0.83891,-7.9098,-0.60567,2.1787,-1.8017,-0.04363,-0.34703,-1.1076,NaN,NaN,NaN,NaN,NaN,NaN,NaN,NaN,NaN,45.759,0,3493.7,0.0075089,0.76212,3.0107,0.71566,0.049112,NaN,-1,-1,-1.7495,0.91405,-8.9874,-0.6709,0.20716,-1.985,NaN,NaN,NaN,NaN,NaN
558.7,-5.0814,-8.3793,-128.43,-2.3326,1.9256,-8.9188,0.5309,-2.7682,-2.2294,0,0,0,NaN,NaN,NaN,NaN,NaN,NaN,NaN,NaN,NaN,45.759,0,3493.7,0.0075089,NaN,NaN,NaN,NaN,17.531,97283,10.75,-1.7572,0.91311,-8.998,-0.61331,0.38916,-2.0138,NaN,NaN,NaN,NaN,NaN
558.7,-5.081,-8.3642,-128.44,-2.025,0.38476,-6.6235,-1.1459,4.6616,-1.821,0,0,0,NaN,NaN,NaN,NaN,NaN,NaN,NaN,NaN,NaN,45.759,0,3493.7,0.0075089,NaN,NaN,NaN,NaN,NaN,-1,-1,-1.7677,0.9189,-8.9925,-0.61668,0.43289,-2.0464,NaN,NaN,NaN,NaN,NaN
558.7,-5.0834,-8.3708,-128.44,-1.1149,0.60352,-8.9808,-1.5113,-2.6556,-1.7553,-0.0435,-0.34715,-1.1098,NaN,NaN,NaN,NaN,NaN,NaN,NaN,NaN,NaN,45.759,0,3493.7,0.0075089,NaN,NaN,NaN,NaN,NaN,-1,-1,-1.7619,0.9107,-8.9564,-0.59219,0.36396,-2.0814,NaN,NaN,NaN,NaN,NaN
558.7,-5.0844,-8.3704,-128.45,-2.3652,1.5314,-11.06,-1.0494,0.1751,-2.0876,0,0,0,NaN,NaN,NaN,NaN,NaN,NaN,NaN,NaN,NaN,45.759,0,3493.7,0.0075089,NaN,NaN,NaN,NaN,17.144,97314,10.938,-1.7645,0.91539,-8.94,-0.56476,0.43252,-2.126,NaN,NaN,NaN,NaN,NaN
558.71,-5.0826,-8.3655,-128.46,-1.0862,0.78237,-8.5959,-0.93369,-2.4152,-2.3127,0,0,0,NaN,NaN,NaN,NaN,NaN,NaN,NaN,NaN,NaN,45.759,0,3493.7,0.0075089,NaN,NaN,NaN,NaN,NaN,-1,-1,-1.7712,0.90924,-8.9225,-0.53397,0.42323,-2.1763,NaN,NaN,NaN,NaN,NaN
558.71,-5.0835,-8.3666,-128.46,-2.2757,2.0711,-10.999,-1.0067,-0.43046,-2.1308,-0.04362,-0.34212,-1.1053,NaN,NaN,NaN,NaN,NaN,NaN,NaN,NaN,NaN,45.759,0,3493.7,0.0075089,NaN,NaN,NaN,NaN,NaN,-1,-1,-1.7692,0.90923,-8.8687,-0.45363,0.67619,-2.2054,NaN,NaN,NaN,NaN,NaN
558.71,-5.0822,-8.3546,-128.47,-1.5764,0.020764,-9.9645,-0.25709,4.8664,-2.6022,0,0,0,NaN,NaN,NaN,NaN,NaN,NaN,NaN,NaN,NaN,45.759,0,3493.7,0.0075089,NaN,NaN,NaN,NaN,17.346,97290,10.75,-1.7647,0.89446,-8.8632,-0.34175,0.57585,-2.25,NaN,NaN,NaN,NaN,NaN
558.71,-5.0794,-8.3535,-128.47,-1.5011,1.1429,-7.2268,0.43568,0.48673,-2.2963,0,0,0,NaN,NaN,NaN,NaN,NaN,NaN,NaN,NaN,NaN,45.759,0,3493.7,0.0075089,NaN,NaN,NaN,NaN,17.209,97262,10.688,-1.7809,0.89337,-8.8589,-0.25851,0.64528,-2.2641,NaN,NaN,NaN,NaN,NaN
558.72,-5.0752,-8.3588,-128.48,-1.9599,1.5976,-9.6406,1.0214,-2.089,-2.3405,0,0,0,NaN,NaN,NaN,NaN,NaN,NaN,NaN,NaN,NaN,45.759,0,3493.7,0.0075089,0.7769,5.7785,0.65542,NaN,NaN,-1,-1,-1.7839,0.87623,-8.8174,-0.19911,0.83824,-2.2941,NaN,NaN,NaN,NaN,NaN
558.72,-5.0717,-8.3555,-128.48,-2.2039,1.1282,-11.883,0.72983,1.3366,-2.0078,-0.057656,-0.34444,-1.1088,NaN,NaN,NaN,NaN,NaN,NaN,NaN,NaN,NaN,45.759,0,3493.7,0.0075089,NaN,NaN,NaN,0.074917,NaN,-1,-1,-1.7746,0.88227,-8.7619,-0.14728,0.75815,-2.3299,NaN,NaN,NaN,NaN,NaN
558.72,-5.0724,-8.3446,-128.49,-1.9435,-0.18891,-7.9356,-0.97936,4.3841,-2.0589,0,0,0,NaN,NaN,NaN,NaN,NaN,NaN,NaN,NaN,NaN,45.759,0,3493.7,0.0075089,NaN,NaN,NaN,NaN,NaN,-1,-1,-1.7814,0.87131,-8.7663,-0.094311,0.70037,-2.369,NaN,NaN,NaN,NaN,NaN
558.72,-5.0728,-8.3492,-128.49,-1.055,1.2852,-7.4403,-0.81303,-1.8092,-2.3189,0,0,0,NaN,NaN,NaN,NaN,NaN,NaN,NaN,NaN,NaN,45.759,0,3493.7,0.0075089,NaN,NaN,NaN,NaN,17.255,97263,10.688,-1.7881,0.8733,-8.7507,-0.12225,0.80759,-2.4011,NaN,NaN,NaN,NaN,NaN
558.73,-5.0668,-8.343,-128.5,-2.048,0.55946,-8.6268,0.73132,2.9557,-2.7152,-0.04387,-0.33697,-1.0987,NaN,NaN,NaN,NaN,NaN,NaN,NaN,NaN,NaN,45.759,0,3493.7,0.0075089,NaN,NaN,NaN,NaN,NaN,-1,-1,-1.7869,0.86575,-8.7174,-0.052687,0.78391,-2.4441,NaN,NaN,NaN,NaN,NaN
558.73,-5.0653,-8.3436,-128.51,-1.1151,0.4651,-8.8559,-0.081818,-0.22162,-2.4004,0,0,0,NaN,NaN,NaN,NaN,NaN,NaN,NaN,NaN,NaN,45.759,0,3493.7,0.0075089,NaN,NaN,NaN,NaN,NaN,-1,-1,-1.7892,0.87689,-8.7108,0.092334,0.80685,-2.476,NaN,NaN,NaN,NaN,NaN
558.73,-5.0646,-8.3455,-128.51,-1.8511,1.5665,-10.312,-0.38096,-0.69952,-2.3202,0,0,0,NaN,NaN,NaN,NaN,NaN,NaN,NaN,NaN,NaN,45.759,0,3493.7,0.0075089,0.76102,7.1508,0.6402,0.095727,17.392,97271,10.688,-1.7927,0.86591,-8.6543,0.17501,1.0165,-2.493,NaN,NaN,NaN,NaN,NaN
558.73,-5.0614,-8.335,-128.52,-2.1482,0.92908,-9.7977,0.49928,4.2607,-2.7262,0,0,0,NaN,NaN,NaN,NaN,NaN,NaN,NaN,NaN,NaN,45.7,0,3476.6,0.0064211,NaN,NaN,NaN,NaN,17.115,97268,10.688,-1.7893,0.86078,-8.6414,0.16719,1.2072,-2.5169,NaN,NaN,NaN,NaN,NaN
558.74,-5.0506,-8.3383,-128.53,-1.6643,0.88602,-9.9849,1.6796,-3.066,-2.6445,0,0,0,NaN,NaN,NaN,NaN,NaN,NaN,NaN,NaN,NaN,45.7,0,3476.6,0.0064211,NaN,NaN,NaN,NaN,NaN,-1,-1,-1.7918,0.84846,-8.624,0.15664,1.3059,-2.5459,NaN,NaN,NaN,NaN,NaN
558.74,-5.0471,-8.3294,-128.53,-2.7215,1.6153,-11.748,0.69047,3.5739,-2.2498,0,0,0,NaN,NaN,NaN,NaN,NaN,NaN,NaN,NaN,NaN,45.7,0,3476.6,0.0064211,NaN,NaN,NaN,NaN,NaN,-1,-1,-1.8012,0.85454,-8.6218,0.18889,1.4719,-2.5808,NaN,NaN,NaN,NaN,NaN
558.74,-5.0463,-8.3162,-128.54,-1.5585,-0.17048,-6.9476,-0.43207,5.3696,-2.4845,0,0,0,NaN,NaN,NaN,NaN,NaN,NaN,NaN,NaN,NaN,45.7,0,3476.6,0.0064211,0.77197,7.5923,0.72357,0.049945,NaN,-1,-1,-1.7999,0.83063,-8.5696,0.17018,1.6587,-2.6266,NaN,NaN,NaN,NaN,NaN
558.74,-5.0459,-8.3234,-128.54,-1.2292,0.46872,-7.5508,-0.53165,-2.8962,-2.6092,-0.046578,-0.35381,-1.1012,NaN,NaN,NaN,NaN,NaN,NaN,NaN,NaN,NaN,45.7,0,3476.6,0.0064211,NaN,NaN,NaN,NaN,17.415,97249,10.625,-1.8029,0.83287,-8.5362,0.13003,1.9024,-2.6726,NaN,NaN,NaN,NaN,NaN
558.75,-5.0428,-8.3193,-128.55,-2.6295,1.4164,-10.931,0.40972,1.7737,-3.1276,0,0,0,NaN,NaN,NaN,NaN,NaN,NaN,NaN,NaN,NaN,45.7,0,3476.6,0.0064211,NaN,NaN,NaN,NaN,NaN,-1,-1,-1.8163,0.83745,-8.5256,0.052448,1.9726,-2.7195,NaN,NaN,NaN,NaN,NaN
558.75,-5.0386,-8.3086,-128.56,-1.429,0.17095,-7.8162,0.84677,4.3807,-2.9363,0,0,0,NaN,NaN,NaN,NaN,NaN,NaN,NaN,NaN,NaN,45.7,0,3476.6,0.0064211,NaN,NaN,NaN,NaN,17.277,97270,10.688,-1.8105,0.82476,-8.5069,0.023986,2.2202,-2.7675,NaN,NaN,NaN,NaN,NaN
558.75,-5.0382,-8.3134,-128.56,-1.3915,1.0635,-8.8238,-0.55886,-1.8566,-2.8251,0,0,0,NaN,NaN,NaN,NaN,NaN,NaN,NaN,NaN,NaN,45.7,0,3476.6,0.0064211,NaN,NaN,NaN,NaN,NaN,-1,-1,-1.8033,0.83938,-8.5092,0.033729,2.4791,-2.8012,NaN,NaN,NaN,NaN,NaN
558.75,-5.0364,-8.3054,-128.57,-2.0765,1.1232,-11.345,-0.062853,3.2706,-2.7423,-0.055177,-0.34459,-1.1108,NaN,NaN,NaN,NaN,NaN,NaN,NaN,NaN,NaN,45.7,0,3476.6,0.0064211,0.75938,8.72,0.63899,0.092398,17.304,97266,10.75,-1.8079,0.81852,-8.4447,0.071159,2.7094,-2.842,NaN,NaN,NaN,NaN,NaN
558.76,-5.0335,-8.2894,-128.58,-1.5219,0.66887,-6.4399,0.30487,6.5345,-3.0395,0,0,0,NaN,NaN,NaN,NaN,NaN,NaN,NaN,NaN,NaN,45.7,0,3476.6,0.0064211,NaN,NaN,NaN,NaN,NaN,-1,-1,-1.8053,0.81224,-8.4461,0.01475,3.0942,-2.8637,NaN,NaN,NaN,NaN,NaN
558.76,-5.0231,-8.2888,-128.59,-2.5019,1.4129,-11.211,1.1134,1.3209,-2.6622,0,0,0,NaN,NaN,NaN,NaN,NaN,NaN,NaN,NaN,NaN,45.7,0,3476.6,0.0064211,NaN,NaN,NaN,NaN,NaN,-1,-1,-1.799,0.80354,-8.4416,-0.074552,3.2482,-2.8891,NaN,NaN,NaN,NaN,NaN
558.76,-5.0211,-8.2719,-128.6,-1.7102,0.83797,-8.5184,0.015011,6.7701,-2.6302,-0.053226,-0.34917,-1.1062,NaN,NaN,NaN,NaN,NaN,NaN,NaN,NaN,NaN,45.7,0,3476.6,0.0064211,NaN,NaN,NaN,NaN,17.111,97223,10.5,-1.81,0.8027,-8.4408,-0.11933,3.5733,-2.9246,NaN,NaN,NaN,NaN,NaN
558.76,-5.0222,-8.2628,-128.61,-1.5833,0.75256,-9.081,-0.92813,0.50174,-3.184,0,0,0,NaN,NaN,NaN,NaN,NaN,NaN,NaN,NaN,NaN,45.7,0,3476.6,-1.2222,NaN,NaN,NaN,NaN,NaN,-1,-1,-1.8096,0.78076,-8.4009,-0.19227,3.7751,-2.9717,NaN,NaN,NaN,NaN,NaN
558.77,-5.0209,-8.2481,-128.62,-1.9806,0.66339,-8.9748,-0.33707,6.0142,-3.1035,0,0,0,NaN,NaN,NaN,NaN,NaN,NaN,NaN,NaN,NaN,45.7,0,3476.6,-1.2222,NaN,NaN,NaN,NaN,17.135,97261,10.625,-1.8055,0.7877,-8.375,-0.29208,3.9531,-3.0087,NaN,NaN,NaN,NaN,NaN
558.77,-5.019,-8.2378,-128.63,-1.4195,-0.044785,-7.0859,-0.11339,4.2335,-3.2302,-0.065033,-0.3465,-1.1051,NaN,NaN,NaN,NaN,NaN,NaN,NaN,NaN,NaN,45.7,0,3476.6,-1.2222,NaN,NaN,NaN,NaN,NaN,-1,-1,-1.8195,0.78135,-8.3878,-0.38524,4.461,-3.0483,NaN,NaN,NaN,NaN,NaN
558.77,-5.0205,-8.2335,-128.63,-2.0677,1.1708,-9.5604,-1.3981,1.828,-2.9641,0,0,0,NaN,NaN,NaN,NaN,NaN,NaN,NaN,NaN,NaN,45.7,0,3476.6,-1.2222,NaN,NaN,NaN,NaN,NaN,-1,-1,-1.8105,0.7781,-8.3562,-0.45149,4.9306,-3.0841,NaN,NaN,NaN,NaN,NaN
558.77,-5.0207,-8.2171,-128.64,-1.9809,1.1898,-10.236,-0.94521,6.6979,-3.0624,0,0,0,NaN,NaN,NaN,NaN,NaN,NaN,NaN,NaN,NaN,45.7,0,3476.6,0.0064211,NaN,NaN,NaN,NaN,17.32,97266,10.625,-1.8004,0.79442,-8.3664,-0.46272,5.0905,-3.1209,NaN,NaN,NaN,NaN,NaN
558.78,-5.0201,-8.1987,-128.65,-1.4292,0.46073,-6.1662,-0.65374,7.4604,-3.1117,0,0,0,NaN,NaN,NaN,NaN,NaN,NaN,NaN,NaN,NaN,45.7,0,3476.6,0.0064211,0.76923,NaN,0.65785,NaN,NaN,-1,-1,-1.8154,0.77514,-8.374,-0.4526,5.4811,-3.1498,NaN,NaN,NaN,NaN,NaN
558.78,-5.0138,-8.1803,-128.67,-2.4948,1.3532,-11.365,0.63931,3.7787,-3.1907,0,0,0,NaN,NaN,NaN,NaN,NaN,NaN,NaN,NaN,NaN,45.7,0,3476.6,0.0064211,NaN,10.858,NaN,0.077414,NaN,-1,-1,-1.8015,0.766,-8.3626,-0.52662,6.1302,-3.1618,NaN,NaN,NaN,NaN,NaN
558.78,-5.0134,-8.1554,-128.68,-2.1444,-0.022161,-8.4373,-0.7154,10.097,-2.9447,0,0,0,NaN,NaN,NaN,NaN,NaN,NaN,NaN,NaN,NaN,45.7,0,3476.6,0.0064211,NaN,NaN,NaN,NaN,17.277,97268,10.688,-1.8228,0.76029,-8.4259,-0.62179,6.4523,-3.1748,NaN,NaN,NaN,NaN,NaN
558.78,-5.0166,-8.1376,-128.68,-1.4152,0.35905,-6.4333,-2.1378,7.2598,-3.0335,0,0,0,NaN,NaN,NaN,NaN,NaN,NaN,NaN,NaN,NaN,45.7,0,3476.6,0.0064211,NaN,NaN,NaN,NaN,17.137,97271,10.688,-1.8196,0.74008,-8.4159,-0.66136,7.0168,-3.2097,NaN,NaN,NaN,NaN,NaN
558.79,-5.0178,-8.1271,-128.69,-1.8593,1.1783,-8.5894,-1.3561,4.3163,-3.2529,-0.048788,-0.349,-1.1014,NaN,NaN,NaN,NaN,NaN,NaN,NaN,NaN,NaN,45.7,0,3476.6,0.0064211,NaN,NaN,NaN,NaN,NaN,-1,-1,-1.8048,0.74344,-8.3665,-0.79526,8.0819,-3.3276,NaN,NaN,NaN,NaN,NaN
558.79,-5.0169,-8.1048,-128.7,-2.2335,0.64585,-8.9721,-0.62974,9.1069,-3.5857,0,0,0,NaN,NaN,NaN,NaN,NaN,NaN,NaN,NaN,NaN,45.7,0,3476.6,0.0064211,0.77197,12.437,0.71506,0.050777,NaN,-1,-1,-1.8027,0.73344,-8.4312,-0.87314,8.3378,-3.3171,NaN,NaN,NaN,NaN,NaN
558.79,-5.0166,-8.0849,-128.71,-1.3801,-0.42757,-7.4071,-0.78776,8.1072,-3.2953,0,0,0,NaN,NaN,NaN,NaN,NaN,NaN,NaN,NaN,NaN,45.7,0,3476.6,0.0064211,NaN,NaN,NaN,NaN,NaN,-1,-1,-1.8148,0.73276,-8.4495,-0.93985,8.7103,-3.3213,NaN,NaN,NaN,NaN,NaN
558.79,-5.0191,-8.0695,-128.72,-1.7999,1.1173,-8.8507,-1.8949,6.3425,-3.528,0,0,0,NaN,NaN,NaN,NaN,NaN,NaN,NaN,NaN,NaN,45.7,0,3476.6,0.0064211,NaN,NaN,NaN,NaN,16.998,97264,10.688,-1.8023,0.72292,-8.4503,-0.9282,8.8196,-3.3357,NaN,NaN,NaN,NaN,NaN
558.8,-5.0185,-8.0139,-128.74,-1.5706,0.27955,-6.5197,-0.48684,12.025,-3.233,0,0,0,NaN,NaN,NaN,NaN,NaN,NaN,NaN,NaN,NaN,45.7,0,3476.6,0.0064211,NaN,NaN,NaN,NaN,NaN,-1,-1,-1.7971,0.73596,-8.4862,-1.0176,10.061,-3.4103,NaN,NaN,NaN,NaN,NaN
558.8,-5.0168,-7.9969,-128.75,-1.7016,1.238,-7.6521,-0.20237,6.9543,-3.2494,0,0,0,NaN,NaN,NaN,NaN,NaN,NaN,NaN,NaN,NaN,45.7,0,3476.6,0.0064211,NaN,NaN,NaN,NaN,NaN,-1,-1,-1.8017,0.72724,-8.4944,-1.0515,10.418,-3.3776,NaN,NaN,NaN,NaN,NaN
558.8,-5.014,-7.9714,-128.76,-2.323,1.2329,-10.958,0.18627,10.365,-3.2908,0,0,0,NaN,NaN,NaN,NaN,NaN,NaN,NaN,NaN,NaN,45.7,0,3476.6,0.0064211,0.7665,13.156,0.63838,0.097392,17.068,97244,10.625,-1.7918,0.71412,-8.5094,-1.0979,10.72,-3.3332,NaN,NaN,NaN,NaN,NaN
558.8,-5.0136,-7.9385,-128.77,-2.1616,0.70343,-7.9252,-0.78787,13.313,-3.1746,-0.053027,-0.3469,-1.1084,NaN,NaN,NaN,NaN,NaN,NaN,NaN,NaN,NaN,45.7,0,3476.6,0.0064211,0.7665,13.156,0.63838,0.097392,NaN,-1,-1,-1.7825,0.7025,-8.5133,-1.1539,11.026,-3.3057,NaN,NaN,NaN,NaN,NaN
558.81,-5.0161,-7.9066,-128.78,-1.7119,-0.32819,-7.4948,-1.9554,12.919,-3.2839,0,0,0,NaN,NaN,NaN,NaN,NaN,NaN,NaN,NaN,NaN,45.7,0,3476.6,0.0064211,NaN,NaN,NaN,NaN,17.325,97282,10.75,-1.7897,0.69453,-8.5732,-1.172,11.498,-3.2833,NaN,NaN,NaN,NaN,NaN
558.81,-5.0186,-7.883,-128.79,-1.4463,1.0358,-7.8459,-1.9345,9.6147,-3.4749,0,0,0,NaN,NaN,NaN,NaN,NaN,NaN,NaN,NaN,NaN,45.7,0,3476.6,0.0064211,NaN,NaN,NaN,NaN,NaN,-1,-1,-1.7879,0.68179,-8.5821,-1.2247,11.758,-3.2616,NaN,NaN,NaN,NaN,NaN
558.81,-5.0187,-7.8499,-128.8,-2.3172,0.85874,-9.7198,-1.0325,13.436,-3.6411,0,0,0,NaN,NaN,NaN,NaN,NaN,NaN,NaN,NaN,NaN,45.7,0,3476.6,0.0064211,NaN,NaN,NaN,NaN,NaN,-1,-1,-1.7827,0.69412,-8.597,-1.3275,12.1,-3.216,NaN,NaN,NaN,NaN,NaN
558.81,-5.018,-7.8141,-128.81,-1.4248,-0.16446,-7.7163,-0.73253,14.476,-3.3936,-0.057725,-0.34683,-1.1088,-12.46,-13.932,-4.0269,19.119,40.058,-88.55,3.6781e+05,4.4353e+06,292.18,45.7,0,3476.6,0.0064211,NaN,NaN,NaN,NaN,17.302,97256,10.688,-1.7679,0.68184,-8.6445,-1.3806,12.716,-3.1939,18.817,-3.1654,1.2101,3.6796,-9.5299
558.82,-5.0207,-7.7822,-128.82,-2.0442,0.76544,-8.0471,-2.0233,12.944,-3.3291,0,0,0,NaN,NaN,NaN,NaN,NaN,NaN,NaN,NaN,NaN,45.7,0,3476.6,0.0064211,0.76431,13.454,0.6469,0.10239,NaN,-1,-1,-1.76,0.67256,-8.7102,-1.3692,13.073,-3.1598,NaN,NaN,NaN,NaN,NaN
558.82,-5.0221,-7.7458,-128.83,-1.75,1.6456,-10.794,-1.5016,14.707,-3.1325,0,0,0,NaN,NaN,NaN,NaN,NaN,NaN,NaN,NaN,NaN,45.7,0,3476.6,0.0064211,NaN,NaN,NaN,NaN,NaN,-1,-1,-1.747,0.68692,-8.7627,-1.3512,13.556,-3.1338,NaN,NaN,NaN,NaN,NaN
558.82,-5.0223,-7.7001,-128.84,-1.5879,0.50821,-7.4614,-1.0946,18.448,-3.1573,0,0,0,NaN,NaN,NaN,NaN,NaN,NaN,NaN,NaN,NaN,45.7,0,3476.6,0.0064211,NaN,NaN,NaN,NaN,17.342,97252,10.563,-1.7543,0.67368,-8.5806,-1.3764,14.109,-3.1016,NaN,NaN,NaN,NaN,NaN
558.82,-5.0216,-7.6615,-128.85,-1.7004,0.88578,-8.0151,-0.70067,15.671,-3.5155,-0.062953,-0.3512,-1.1026,NaN,NaN,NaN,NaN,NaN,NaN,NaN,NaN,NaN,45.7,0,3476.6,0.0064211,NaN,NaN,NaN,NaN,NaN,-1,-1,-1.7539,0.67148,-8.6731,-1.4079,14.735,-3.0725,NaN,NaN,NaN,NaN,NaN
558.83,-5.0211,-7.6277,-128.86,-2.1562,0.79065,-10.532,-0.76822,13.674,-3.3202,0,0,0,NaN,NaN,NaN,NaN,NaN,NaN,NaN,NaN,NaN,45.7,0,3476.6,0.0064211,NaN,NaN,NaN,NaN,17.526,97293,10.688,-1.7518,0.65692,-8.7949,-1.4501,15.256,-3.0509,NaN,NaN,NaN,NaN,NaN
558.83,-5.0229,-7.5749,-128.87,-2.0617,0.70749,-9.6815,-1.744,21.307,-3.2627,0,0,0,NaN,NaN,NaN,NaN,NaN,NaN,NaN,NaN,NaN,45.7,0,3476.6,0.0064211,NaN,NaN,NaN,NaN,NaN,-1,-1,-1.7507,0.66295,-8.8962,-1.4929,15.849,-3.0378,NaN,NaN,NaN,NaN,NaN
558.83,-5.0273,-7.5271,-128.88,-1.4134,0.28802,-7.2615,-2.752,19.3,-3.0208,0,0,0,NaN,NaN,NaN,NaN,NaN,NaN,NaN,NaN,NaN,45.7,0,3476.6,0.0064211,NaN,NaN,NaN,NaN,NaN,-1,-1,-1.7551,0.65953,-8.7969,-1.5263,16.604,-3.0335,NaN,NaN,NaN,NaN,NaN
558.83,-5.0306,-7.4874,-128.89,-1.9118,0.88584,-8.587,-2.2745,16.035,-3.4033,-0.07441,-0.33655,-1.1015,NaN,NaN,NaN,NaN,NaN,NaN,NaN,NaN,NaN,45.7,0,3476.6,0.0064211,NaN,NaN,NaN,NaN,17.067,97291,10.75,-1.7547,0.6523,-8.9218,-1.5528,17.221,-3.0122,NaN,NaN,NaN,NaN,NaN
558.84,-5.0326,-7.4362,-128.91,-1.5947,0.3505,-10.286,-1.8615,20.706,-3.5411,0,0,0,NaN,NaN,NaN,NaN,NaN,NaN,NaN,NaN,NaN,45.7,0,3476.6,0.0064211,NaN,NaN,NaN,NaN,NaN,-1,-1,-1.7243,0.65083,-8.9684,-1.5808,17.976,-2.9945,NaN,NaN,NaN,NaN,NaN
558.84,-5.0364,-7.3347,-128.93,-2.3576,1.4396,-8.3853,-2.1477,19.317,-3.2342,0,0,0,NaN,NaN,NaN,NaN,NaN,NaN,NaN,NaN,NaN,45.7,0,3476.6,0.0064211,0.77416,NaN,0.65542,NaN,NaN,-1,-1,-1.7268,0.65019,-9.1287,-1.6124,18.981,-2.9764,NaN,NaN,NaN,NaN,NaN
558.84,0,0,0,0,0,0,0,0,0,0,0,0,NaN,NaN,NaN,NaN,NaN,NaN,NaN,NaN,NaN,45.7,0,3476.6,0.0064211,0.77416,NaN,0.65542,NaN,17.206,97277,10.688,-1.7013,0.64197,-9.2022,-1.6609,19.674,-2.9541,NaN,NaN,NaN,NaN,NaN
558.84,-5.0386,-7.2791,-128.94,-0.82405,1.3222,-11.337,-1.9261,22.421,-3.3008,-0.067372,-0.34156,-1.103,NaN,NaN,NaN,NaN,NaN,NaN,NaN,NaN,NaN,45.72,0,3465.1,0.0069644,NaN,14.764,NaN,0.074917,NaN,-1,-1,-1.6763,0.64643,-9.322,-1.6547,20.529,-2.9381,NaN,NaN,NaN,NaN,NaN
558.85,-5.0396,-7.2153,-128.96,-2.2527,0.25819,-9.1296,-1.4105,25.766,-3.1981,0,0,0,NaN,NaN,NaN,NaN,NaN,NaN,NaN,NaN,NaN,45.72,0,3465.1,0.0069644,NaN,NaN,NaN,NaN,17.179,97258,10.563,-1.675,0.64554,-9.4887,-1.6618,21.349,-2.9336,NaN,NaN,NaN,NaN,NaN
558.85,-5.042,-7.0351,-128.99,-2.7824,1.0273,-9.7379,-2.4073,28.341,-2.704,-0.076839,-0.34382,-1.1039,NaN,NaN,NaN,NaN,NaN,NaN,NaN,NaN,NaN,45.72,0,3465.1,0.0069644,NaN,NaN,NaN,NaN,NaN,-1,-1,-1.6528,0.63747,-9.5937,-1.6886,22.126,-2.916,NaN,NaN,NaN,NaN,NaN
558.85,0,0,0,0,0,0,0,0,0,0,0,0,NaN,NaN,NaN,NaN,NaN,NaN,NaN,NaN,NaN,45.72,0,3465.1,0.0069644,NaN,NaN,NaN,NaN,NaN,-1,-1,-1.6263,0.63411,-9.7057,-1.7406,23.031,-2.9137,NaN,NaN,NaN,NaN,NaN
558.85,-5.0461,-6.9658,-129,-1.6222,0.47927,-9.2982,-2.6509,27.917,-2.9571,0,0,0,NaN,NaN,NaN,NaN,NaN,NaN,NaN,NaN,NaN,45.72,0,3465.1,0.0069644,0.7342,14.973,0.72357,0.056604,17.228,97265,10.625,-1.6234,0.64988,-9.8757,-1.718,23.983,-2.9118,NaN,NaN,NaN,NaN,NaN
558.86,-5.0502,-6.9099,-129.02,-1.2876,0.50711,-8.6032,-2.6649,22.574,-3.356,0,0,0,NaN,NaN,NaN,NaN,NaN,NaN,NaN,NaN,NaN,45.72,0,3465.1,0.0069644,NaN,NaN,NaN,NaN,NaN,-1,-1,-1.5897,0.6403,-9.943,-1.6956,24.689,-2.894,NaN,NaN,NaN,NaN,NaN
558.86,-5.0513,-6.8411,-129.03,-1.8025,0.89466,-11.399,-1.472,27.767,-3.4096,0,0,0,NaN,NaN,NaN,NaN,NaN,NaN,NaN,NaN,NaN,45.72,0,3465.1,0.0069644,NaN,NaN,NaN,NaN,NaN,-1,-1,-1.5734,0.63703,-10.116,-1.7021,25.727,-2.8787,NaN,NaN,NaN,NaN,NaN
558.86,-5.0546,-6.6975,-129.06,-1.5407,0.92358,-8.4227,-1.9533,27.095,-3.1119,0,0,0,NaN,NaN,NaN,NaN,NaN,NaN,NaN,NaN,NaN,45.72,0,3465.1,0.0069644,NaN,NaN,NaN,NaN,17.159,97283,10.688,-1.5622,0.62755,-10.244,-1.6928,26.812,-2.8715,NaN,NaN,NaN,NaN,NaN
558.86,-5.0579,-6.6273,-129.07,-1.2556,1.2651,-12.884,-2.2832,28.297,-2.9389,0,0,0,NaN,NaN,NaN,NaN,NaN,NaN,NaN,NaN,NaN,45.72,0,3465.1,0.0069644,NaN,NaN,NaN,NaN,17.273,97249,10.563,-1.5401,0.62806,-10.381,-1.6899,27.743,-2.8715,NaN,NaN,NaN,NaN,NaN
558.87,-5.062,-6.4806,-129.1,-1.2376,1.1206,-8.6614,-0.13304,32.225,-3.553,-0.086635,-0.34824,-1.1003,NaN,NaN,NaN,NaN,NaN,NaN,NaN,NaN,NaN,45.72,0,3465.1,0.0069644,NaN,NaN,NaN,NaN,NaN,-1,-1,-1.5106,0.63315,-10.495,-1.6691,28.649,-2.8703,NaN,NaN,NaN,NaN,NaN
558.87,-5.0615,-6.4078,-129.12,-1.2599,-0.088216,-10.741,-0.82936,29.344,-3.178,0,0,0,NaN,NaN,NaN,NaN,NaN,NaN,NaN,NaN,NaN,45.72,0,3465.1,0.0069644,NaN,NaN,NaN,NaN,NaN,-1,-1,-1.4984,0.64497,-10.67,-1.6098,29.749,-2.8642,NaN,NaN,NaN,NaN,NaN
558.87,-5.0628,-6.3245,-129.13,-2.657,1.0999,-12.478,-1.5443,33.559,-3.1279,0,0,0,NaN,NaN,NaN,NaN,NaN,NaN,NaN,NaN,NaN,45.72,0,3465.1,0.0069644,NaN,NaN,NaN,NaN,NaN,-1,-1,-1.469,0.63532,-10.793,-1.6062,30.76,-2.857,NaN,NaN,NaN,NaN,NaN
558.87,-5.0669,-6.231,-129.15,-1.3004,0.23557,-10.077,-2.6449,37.624,-2.7246,0,0,0,NaN,NaN,NaN,NaN,NaN,NaN,NaN,NaN,NaN,45.72,0,3465.1,0.0069644,NaN,NaN,NaN,NaN,17.415,97294,10.75,-1.4381,0.63767,-10.914,-1.6217,31.767,-2.8682,NaN,NaN,NaN,NaN,NaN
558.88,-5.0703,-6.1542,-129.16,-0.82709,0.13711,-9.8693,-2.3955,30.915,-3.4202,-0.093743,-0.34563,-1.0988,NaN,NaN,NaN,NaN,NaN,NaN,NaN,NaN,NaN,45.72,0,3465.1,0.0069644,NaN,NaN,NaN,NaN,NaN,-1,-1,-1.4273,0.6453,-11.088,-1.5966,32.803,-2.8765,NaN,NaN,NaN,NaN,NaN
558.88,-5.0718,-6.0667,-129.18,-1.7553,0.76459,-13.036,-1.6249,35.263,-3.3249,0,0,0,NaN,NaN,NaN,NaN,NaN,NaN,NaN,NaN,NaN,45.72,0,3465.1,0.0069644,0.71668,15.685,0.63716,0.10405,NaN,-1,-1,-1.4058,0.6272,-11.214,-1.6136,33.898,-2.8684,NaN,NaN,NaN,NaN,NaN
558.88,-5.0711,-5.9708,-129.19,-1.8114,-0.15999,-10.891,-0.81807,38.651,-3.2904,0,0,0,NaN,NaN,NaN,NaN,NaN,NaN,NaN,NaN,NaN,45.72,0,3465.1,0.0069644,NaN,NaN,NaN,NaN,17.159,97284,10.688,-1.38,0.63278,-11.325,-1.5927,35.064,-2.8923,NaN,NaN,NaN,NaN,NaN
558.88,-5.0736,-5.8831,-129.2,-1.1516,0.88937,-10.151,-1.9593,35.272,-2.7572,0,0,0,NaN,NaN,NaN,NaN,NaN,NaN,NaN,NaN,NaN,45.72,0,3465.1,0.0069644,NaN,NaN,NaN,NaN,NaN,-1,-1,-1.3545,0.61683,-11.496,-1.5304,35.998,-2.8999,NaN,NaN,NaN,NaN,NaN
558.89,-5.0759,-5.7931,-129.22,-1.5081,1.42,-13.813,-1.8729,36.155,-2.4689,-0.1032,-0.34299,-1.0974,NaN,NaN,NaN,NaN,NaN,NaN,NaN,NaN,NaN,45.72,0,3465.1,0.0069644,NaN,NaN,NaN,NaN,17.16,97317,10.813,-1.3308,0.61407,-11.635,-1.4646,37.072,-2.9013,NaN,NaN,NaN,NaN,NaN
558.89,-5.0777,-5.6859,-129.23,-1.7426,0.69588,-11.306,-1.7579,43.138,-2.9472,0,0,0,NaN,NaN,NaN,NaN,NaN,NaN,NaN,NaN,NaN,45.72,0,3465.1,0.0069644,NaN,NaN,NaN,NaN,NaN,-1,-1,-1.3204,0.61675,-11.872,-1.4353,38.256,-2.8735,NaN,NaN,NaN,NaN,NaN
558.89,-5.0753,-5.5945,-129.25,-0.81784,0.64971,-9.6776,0.0045837,36.807,-2.9038,0,0,0,NaN,NaN,NaN,NaN,NaN,NaN,NaN,NaN,NaN,45.72,0,3465.1,0.0069644,NaN,NaN,NaN,NaN,NaN,-1,-1,-1.2792,0.62364,-12.008,-1.4519,39.338,-2.8668,NaN,NaN,NaN,NaN,NaN
558.89,-5.0747,-5.5041,-129.26,-1.0164,-0.06272,-14.04,-0.69935,36.347,-2.602,0,0,0,NaN,NaN,NaN,NaN,NaN,NaN,NaN,NaN,NaN,45.72,0,3465.1,0.0069644,NaN,NaN,NaN,NaN,17.206,97301,10.75,-1.2666,0.6352,-12.181,-1.4607,40.407,-2.8706,NaN,NaN,NaN,NaN,NaN
558.9,-5.0761,-5.3936,-129.28,-2.444,0.92188,-13.426,-1.5568,44.455,-2.7097,-0.10991,-0.33583,-1.1002,NaN,NaN,NaN,NaN,NaN,NaN,NaN,NaN,NaN,45.72,0,3465.1,0.0069644,NaN,NaN,NaN,NaN,NaN,-1,-1,-1.233,0.62687,-12.355,-1.4469,41.417,-2.8859,NaN,NaN,NaN,NaN,NaN
558.9,-5.0841,-5.1943,-129.31,-0.60478,0.37426,-12.39,-2.6377,37.483,-2.683,0,0,0,NaN,NaN,NaN,NaN,NaN,NaN,NaN,NaN,NaN,45.72,0,3465.1,0.0069644,NaN,NaN,NaN,NaN,NaN,-1,-1,-1.2052,0.63118,-12.475,-1.3547,41.78,-2.7765,NaN,NaN,NaN,NaN,NaN
558.9,-5.0856,-5.0852,-129.32,-1.4275,0.76593,-14.957,-1.5685,43.881,-2.6809,0,0,0,NaN,NaN,NaN,NaN,NaN,NaN,NaN,NaN,NaN,45.72,0,3465.1,0.0069644,0.72927,NaN,0.64325,NaN,16.924,97307,10.75,-1.1796,0.63482,-12.656,-1.3428,42.691,-2.7516,NaN,NaN,NaN,NaN,NaN
558.9,-5.0855,-4.9713,-129.34,-1.723,-0.011483,-11.051,-0.92859,45.79,-2.8119,-0.10811,-0.3501,-1.0978,NaN,NaN,NaN,NaN,NaN,NaN,NaN,NaN,NaN,45.72,0,3465.1,0.0069644,0.72927,NaN,0.64325,NaN,NaN,-1,-1,-1.1582,0.62617,-12.842,-1.3334,43.679,-2.7298,NaN,NaN,NaN,NaN,NaN
558.91,-5.0861,-4.87,-129.35,-0.88965,1.0547,-12.292,-1.1654,40.765,-2.6114,0,0,0,NaN,NaN,NaN,NaN,NaN,NaN,NaN,NaN,NaN,45.72,0,3465.1,0.0069644,NaN,16.098,NaN,0.091565,17.132,97302,10.688,-1.1265,0.63153,-12.988,-1.3509,44.869,-2.6939,NaN,NaN,NaN,NaN,NaN
558.91,-5.0888,-4.7563,-129.37,-1.072,0.35918,-15.677,-1.9613,45.663,-2.2712,0,0,0,NaN,NaN,NaN,NaN,NaN,NaN,NaN,NaN,NaN,45.72,0,3465.1,0.0069644,NaN,NaN,NaN,NaN,NaN,-1,-1,-1.0984,0.62499,-13.14,-1.2517,44.921,-2.5597,NaN,NaN,NaN,NaN,NaN
558.91,-5.0901,-4.6337,-129.38,-1.3659,0.94032,-12.302,-1.4728,49.306,-2.719,0,0,0,NaN,NaN,NaN,NaN,NaN,NaN,NaN,NaN,NaN,45.72,0,3465.1,0.0069644,NaN,NaN,NaN,NaN,NaN,-1,-1,-1.0772,0.63114,-13.327,-1.2022,45.675,-2.4976,NaN,NaN,NaN,NaN,NaN
558.91,-5.0871,-4.5263,-129.4,-0.66643,1.0488,-13.014,0.31146,43.232,-2.7016,-0.12674,-0.33524,-1.0951,NaN,NaN,NaN,NaN,NaN,NaN,NaN,NaN,NaN,45.72,0,3465.1,0.0069644,NaN,NaN,NaN,NaN,17.296,97297,10.688,-1.0403,0.63207,-13.472,-1.1504,46.34,-2.4336,NaN,NaN,NaN,NaN,NaN
558.92,-5.0863,-4.4138,-129.41,-0.58432,-0.60379,-13.654,-0.56723,45.191,-2.3132,0,0,0,NaN,NaN,NaN,NaN,NaN,NaN,NaN,NaN,NaN,45.72,0,3465.1,0.0069644,NaN,NaN,NaN,NaN,NaN,-1,-1,-1.022,0.64638,-13.649,-1.1385,47.2,-2.3756,NaN,NaN,NaN,NaN,NaN
558.92,-5.0877,-4.288,-129.43,-1.8722,1.5595,-15.612,-1.4042,50.543,-2.1169,0,0,0,NaN,NaN,NaN,NaN,NaN,NaN,NaN,NaN,NaN,45.72,0,3465.1,0.0069644,0.71996,16.444,0.64507,0.094062,NaN,-1,-1,-0.98944,0.64118,-13.835,-1.1312,47.852,-2.3081,NaN,NaN,NaN,NaN,NaN
558.92,-5.0907,-4.1666,-129.44,-2.3811,0.29752,-12.45,-2.0789,48.793,-2.3004,0,0,0,NaN,NaN,NaN,NaN,NaN,NaN,NaN,NaN,NaN,45.72,0,3465.1,0.0069644,NaN,NaN,NaN,NaN,17.251,97289,10.688,-0.95743,0.63609,-13.987,-1.1126,48.427,-2.2469,NaN,NaN,NaN,NaN,NaN
558.92,-5.0948,-4.05,-129.46,0.54613,0.15614,-11.992,-2.5064,46.863,-2.6804,-0.14587,-0.33714,-1.0924,NaN,NaN,NaN,NaN,NaN,NaN,NaN,NaN,NaN,45.72,0,3465.1,0.0069644,NaN,NaN,NaN,NaN,NaN,-1,-1,-0.93348,0.6372,-14.191,-1.0254,49.238,-2.2092,NaN,NaN,NaN,NaN,NaN
558.93,-5.0943,-3.8011,-129.49,-2.3218,0.13828,-13.03,-0.38932,51.032,-2.5656,0,0,0,NaN,NaN,NaN,NaN,NaN,NaN,NaN,NaN,NaN,45.72,0,3465.1,0.0069644,NaN,NaN,NaN,NaN,17.321,97284,10.688,-0.90644,0.63207,-14.344,-0.98062,49.806,-2.1579,NaN,NaN,NaN,NaN,NaN
558.93,-5.0946,-3.6763,-129.51,-0.21314,0.87945,-15.42,-0.88854,50.087,-1.9402,0,0,0,NaN,NaN,NaN,NaN,NaN,NaN,NaN,NaN,NaN,45.72,0,3465.1,0.0069644,NaN,NaN,NaN,NaN,NaN,-1,-1,-0.86115,0.64331,-14.51,-0.97168,50.486,-2.1098,NaN,NaN,NaN,NaN,NaN
558.93,-5.0966,-3.549,-129.52,-0.2992,1.1556,-14.901,-1.5843,51.118,-1.7102,-0.16257,-0.33667,-1.0894,NaN,NaN,NaN,NaN,NaN,NaN,NaN,NaN,NaN,45.72,0,3465.1,0.0069644,0.73091,16.547,0.63533,0.10239,NaN,-1,-1,-0.82908,0.63987,-14.696,-0.9837,51.371,-2.0466,NaN,NaN,NaN,NaN,NaN
558.93,-5.0942,-3.2814,-129.56,-0.76019,1.0031,-13.533,0.30499,53.891,-2.1191,0,0,0,NaN,NaN,NaN,NaN,NaN,NaN,NaN,NaN,NaN,45.72,0,3465.1,0.0069644,0.73091,16.547,0.63533,0.10239,17.299,97300,10.75,-0.80543,0.63816,-14.876,-1.0066,51.927,-2.0117,NaN,NaN,NaN,NaN,NaN
558.94,-5.0923,-3.1585,-129.57,0.30322,0.15087,-14.549,0.052769,49.306,-1.4397,0,0,0,NaN,NaN,NaN,NaN,NaN,NaN,NaN,NaN,NaN,45.72,0,3465.1,0.0069644,NaN,NaN,NaN,NaN,NaN,-1,-1,-0.76429,0.64203,-15.042,-0.95297,52.493,-1.9699,NaN,NaN,NaN,NaN,NaN
558.94,-5.0926,-3.0245,-129.58,-1.8475,1.3731,-18.333,-0.86385,53.743,-1.631,-0.13908,-0.337,-1.0873,NaN,NaN,NaN,NaN,NaN,NaN,NaN,NaN,NaN,45.72,0,3465.1,0.0069644,NaN,NaN,NaN,NaN,NaN,-1,-1,-0.73592,0.65893,-15.247,-0.88363,53.255,-1.9178,NaN,NaN,NaN,NaN,NaN
558.94,-5.0955,-2.8805,-129.6,-1.5676,-0.51977,-15.301,-1.8956,57.812,-1.6777,0,0,0,NaN,NaN,NaN,NaN,NaN,NaN,NaN,NaN,NaN,45.72,0,3465.1,0.0069644,NaN,NaN,NaN,NaN,17.269,97274,10.563,-0.69744,0.65004,-15.414,-0.90715,53.855,-1.8583,NaN,NaN,NaN,NaN,NaN
558.94,-5.099,-2.7477,-129.62,0.54532,0.80471,-12.706,-2.1143,53.379,-2.2779,0,0,0,NaN,NaN,NaN,NaN,NaN,NaN,NaN,NaN,NaN,45.72,0,3465.1,0.0069644,0.72106,16.557,0.64203,0.098224,NaN,-1,-1,-0.66566,0.66168,-15.621,-0.92015,54.378,-1.7918,NaN,NaN,NaN,NaN,NaN
558.95,-5.0984,-2.6169,-129.63,-0.43367,0.20131,-18.349,-0.47659,52.548,-2.0646,0,0,0,NaN,NaN,NaN,NaN,NaN,NaN,NaN,NaN,NaN,45.72,0,3465.1,0.0069644,NaN,NaN,NaN,NaN,17.159,97306,10.75,-0.64136,0.65439,-15.802,-0.93098,55.106,-1.7503,NaN,NaN,NaN,NaN,NaN
558.95,-5.0973,-2.4745,-129.65,-1.5477,0.83441,-17.841,-0.2207,57.178,-1.9629,-0.17446,-0.3413,-1.0905,NaN,NaN,NaN,NaN,NaN,NaN,NaN,NaN,NaN,45.72,0,3465.1,0.0069644,NaN,NaN,NaN,NaN,NaN,-1,-1,-0.59277,0.64292,-15.968,-0.92794,55.588,-1.6821,NaN,NaN,NaN,NaN,NaN
558.95,-5.0986,-2.3307,-129.66,-0.31838,0.75919,-15.352,-1.1781,57.712,-1.2978,0,0,0,NaN,NaN,NaN,NaN,NaN,NaN,NaN,NaN,NaN,45.72,0,3465.1,0.0069644,NaN,NaN,NaN,NaN,NaN,-1,-1,-0.5481,0.64958,-16.167,-0.94231,56.067,-1.6232,NaN,NaN,NaN,NaN,NaN
558.95,-5.1002,-2.1937,-129.68,-0.094024,1.4223,-17.11,-1.2966,54.953,-1.3261,0,0,0,NaN,NaN,NaN,NaN,NaN,NaN,NaN,NaN,NaN,45.769,0,3462.3,0.0069644,NaN,NaN,NaN,NaN,17.432,97288,10.625,-0.52562,0.65059,-16.352,-0.96914,56.775,-1.5822,NaN,NaN,NaN,NaN,NaN
558.96,-5.1002,-2.049,-129.69,-0.86043,0.59546,-17.475,-0.65048,58.093,-1.6804,0,0,0,NaN,NaN,NaN,NaN,NaN,NaN,NaN,NaN,NaN,45.769,0,3462.3,0.0069644,NaN,NaN,NaN,NaN,NaN,-1,-1,-0.4804,0.64174,-16.515,-1.0319,57.131,-1.5355,NaN,NaN,NaN,NaN,NaN
558.96,-5.0984,-1.9015,-129.71,-0.27805,0.57483,-16.456,0.095684,59.17,-1.4497,-0.16553,-0.34837,-1.0853,NaN,NaN,NaN,NaN,NaN,NaN,NaN,NaN,NaN,45.769,0,3462.3,0.0069644,NaN,NaN,NaN,NaN,NaN,-1,-1,-0.44605,0.6388,-16.701,-1.0286,57.627,-1.4836,NaN,NaN,NaN,NaN,NaN
558.96,-5.0968,-1.7622,-129.72,0.51783,0.085719,-17.197,0.073682,55.863,-1.2363,0,0,0,NaN,NaN,NaN,NaN,NaN,NaN,NaN,NaN,NaN,45.769,0,3462.3,0.0069644,NaN,NaN,NaN,NaN,17.432,97307,10.688,-0.40467,0.64384,-16.878,-1.0192,58.253,-1.4295,NaN,NaN,NaN,NaN,NaN
558.96,-5.0973,-1.6165,-129.74,-1.4337,1.9151,-18.92,-0.80134,58.431,-0.93392,0,0,0,NaN,NaN,NaN,NaN,NaN,NaN,NaN,NaN,NaN,45.769,0,3462.3,0.0069644,NaN,NaN,NaN,NaN,NaN,-1,-1,-0.36638,0.64307,-17.036,-1.0675,58.613,-1.3768,NaN,NaN,NaN,NaN,NaN
558.97,-5.1009,-1.461,-129.75,-0.86022,-0.85786,-17.988,-2.0129,62.416,-1.2213,0,0,0,NaN,NaN,NaN,NaN,NaN,NaN,NaN,NaN,NaN,45.769,0,3462.3,0.0069644,NaN,NaN,NaN,NaN,17.367,97309,10.75,-0.33087,0.63782,-17.19,-1.1326,59.085,-1.331,NaN,NaN,NaN,NaN,NaN
558.97,-5.1062,-1.314,-129.77,0.30918,1.5592,-14.469,-2.6535,58.98,-1.6265,-0.18229,-0.34539,-1.0801,NaN,NaN,NaN,NaN,NaN,NaN,NaN,NaN,NaN,45.769,0,3462.3,0.0069644,0.7331,NaN,0.64629,NaN,NaN,-1,-1,-0.29483,0.64264,-17.416,-1.1985,59.742,-1.2944,NaN,NaN,NaN,NaN,NaN
558.97,-5.1061,-1.1731,-129.79,0.2787,-0.27116,-19.91,-0.52586,56.588,-1.5539,0,0,0,NaN,NaN,NaN,NaN,NaN,NaN,NaN,NaN,NaN,45.769,0,3462.3,0.0069644,NaN,16.556,NaN,0.084906,NaN,-1,-1,-0.25743,0.6303,-17.55,-1.2464,60.094,-1.2416,NaN,NaN,NaN,NaN,NaN
558.97,-5.107,-1.0217,-129.8,-1.1647,1.131,-19.613,-0.86024,60.742,-1.5804,0,0,0,NaN,NaN,NaN,NaN,NaN,NaN,NaN,NaN,NaN,45.769,0,3462.3,0.0069644,NaN,NaN,NaN,NaN,17.547,97325,10.75,-0.20795,0.63879,-17.717,-1.2907,60.577,-1.2075,NaN,NaN,NaN,NaN,NaN
558.98,-5.1101,-0.86369,-129.82,-0.18794,0.17178,-17.83,-1.7545,63.411,-1.177,0,0,0,NaN,NaN,NaN,NaN,NaN,NaN,NaN,NaN,NaN,45.769,0,3462.3,0.0069644,NaN,NaN,NaN,NaN,NaN,-1,-1,-0.17219,0.63998,-17.916,-1.3339,61.125,-1.1608,NaN,NaN,NaN,NaN,NaN
558.98,-5.1133,-0.71532,-129.83,0.83607,2.0327,-18.986,-1.7883,59.474,-1.0617,-0.19846,-0.33559,-1.0816,NaN,NaN,NaN,NaN,NaN,NaN,NaN,NaN,NaN,45.769,0,3462.3,0.0069644,NaN,NaN,NaN,NaN,NaN,-1,-1,-0.13881,0.63465,-18.1,-1.3669,61.461,-1.1203,NaN,NaN,NaN,NaN,NaN
558.98,-5.1149,-0.55868,-129.85,-0.6454,0.33755,-18.057,-1.1018,62.836,-1.0994,0,0,0,NaN,NaN,NaN,NaN,NaN,NaN,NaN,NaN,NaN,45.769,0,3462.3,0.0069644,NaN,NaN,NaN,NaN,17.682,97270,10.563,-0.10226,0.63435,-18.267,-1.4583,61.823,-1.0805,NaN,NaN,NaN,NaN,NaN
558.98,-5.1154,-0.40185,-129.86,0.35348,0.42655,-20.256,-0.65919,62.899,-0.92888,0,0,0,NaN,NaN,NaN,NaN,NaN,NaN,NaN,NaN,NaN,45.769,0,3462.3,0.0069644,0.72872,16.543,0.63533,0.10239,17.386,97312,10.688,-0.06251,0.63138,-18.427,-1.5164,62.407,-1.0457,NaN,NaN,NaN,NaN,NaN
558.99,-5.1175,-0.2512,-129.88,0.8414,0.43435,-17.548,-1.2759,60.409,-0.89141,0,0,0,NaN,NaN,NaN,NaN,NaN,NaN,NaN,NaN,NaN,45.769,0,3462.3,0.0069644,NaN,NaN,NaN,NaN,NaN,-1,-1,-0.018669,0.64316,-18.617,-1.5746,62.762,-1.0103,NaN,NaN,NaN,NaN,NaN
558.99,-5.1189,-0.095263,-129.89,-0.88731,2.0371,-21.783,-0.98732,62.518,-0.68491,-0.20112,-0.3279,-1.0729,NaN,NaN,NaN,NaN,NaN,NaN,NaN,NaN,NaN,45.769,0,3462.3,0.0069644,NaN,NaN,NaN,NaN,NaN,-1,-1,0.02117,0.63355,-18.765,-1.6326,63.016,-0.97739,NaN,NaN,NaN,NaN,NaN
558.99,-5.125,0.068169,-129.91,-0.36897,-1.0237,-19.486,-2.8651,65.541,-0.82311,0,0,0,NaN,NaN,NaN,NaN,NaN,NaN,NaN,NaN,NaN,45.769,0,3462.3,0.0069644,NaN,NaN,NaN,NaN,NaN,-1,-1,0.070775,0.62202,-18.876,-1.6513,63.556,-0.94271,NaN,NaN,NaN,NaN,NaN
558.99,-5.1314,0.22422,-129.92,0.47758,1.0947,-16.549,-2.9162,62.61,-1.192,0,0,0,NaN,NaN,NaN,NaN,NaN,NaN,NaN,NaN,NaN,45.769,0,3462.3,0.0069644,NaN,NaN,NaN,NaN,17.406,97284,10.563,0.10989,0.64458,-19.091,-1.6779,63.726,-0.87556,NaN,NaN,NaN,NaN,NaN
559,-5.1369,0.53642,-129.95,-0.73733,0.77371,-19.141,-1.5453,63.147,-0.94315,-0.21299,-0.32762,-1.0718,NaN,NaN,NaN,NaN,NaN,NaN,NaN,NaN,NaN,45.769,0,3462.3,0.0069644,0.73803,16.547,0.63655,0.099889,NaN,-1,-1,0.13832,0.64291,-19.268,-1.7417,64.053,-0.82989,NaN,NaN,NaN,NaN,NaN
559,-5.1412,0.69875,-129.97,0.056446,0.58419,-21.945,-2.0586,65.096,-0.81383,0,0,0,NaN,NaN,NaN,NaN,NaN,NaN,NaN,NaN,NaN,45.769,0,3462.3,0.0069644,NaN,NaN,NaN,NaN,NaN,-1,-1,0.18798,0.63779,-19.396,-1.7947,64.599,-0.8002,NaN,NaN,NaN,NaN,NaN
559,-5.1463,0.86239,-129.99,1.5718,2.3513,-20.698,-2.3606,65.598,-0.48151,0,0,0,NaN,NaN,NaN,NaN,NaN,NaN,NaN,NaN,NaN,45.769,0,3462.3,0.0069644,NaN,NaN,NaN,NaN,17.431,97296,10.625,0.23171,0.64451,-19.573,-1.8078,64.736,-0.77941,NaN,NaN,NaN,NaN,NaN
559,-5.1481,1.0275,-130,-0.27528,-0.03296,-19.125,-1.0367,66.244,-1.3009,0,0,0,NaN,NaN,NaN,NaN,NaN,NaN,NaN,NaN,NaN,45.769,0,3462.3,0.0069644,NaN,NaN,NaN,NaN,NaN,-1,-1,0.26363,0.64105,-19.738,-1.7703,64.838,-0.75697,NaN,NaN,NaN,NaN,NaN
559.01,-5.1498,1.1878,-130.02,0.58276,0.050276,-22.369,-0.9632,64.3,-0.79492,-0.23221,-0.34172,-1.0735,NaN,NaN,NaN,NaN,NaN,NaN,NaN,NaN,NaN,45.769,0,3462.3,0.0069644,NaN,NaN,NaN,NaN,17.497,97289,10.563,0.30608,0.63424,-19.867,-1.7363,65.231,-0.72096,NaN,NaN,NaN,NaN,NaN
559.01,-5.1526,1.3483,-130.03,1.597,1.1222,-19.171,-1.4023,64.328,-0.33094,0,0,0,NaN,NaN,NaN,NaN,NaN,NaN,NaN,NaN,NaN,45.769,0,3462.3,0.0069644,NaN,NaN,NaN,NaN,NaN,-1,-1,0.34798,0.6268,-20.036,-1.7712,65.799,-0.68179,NaN,NaN,NaN,NaN,NaN
559.01,-5.1561,1.5153,-130.05,-0.70442,1.5191,-24.111,-1.6568,66.916,-0.43201,0,0,0,NaN,NaN,NaN,NaN,NaN,NaN,NaN,NaN,NaN,45.769,0,3462.3,0.0069644,NaN,NaN,NaN,NaN,NaN,-1,-1,0.39978,0.63516,-20.2,-1.7715,65.911,-0.66099,NaN,NaN,NaN,NaN,NaN
559.01,-5.163,1.6853,-130.06,-0.10022,-0.65068,-20.314,-2.992,68.171,-0.58722,0,0,0,NaN,NaN,NaN,NaN,NaN,NaN,NaN,NaN,NaN,45.769,0,3462.3,0.0069644,NaN,NaN,NaN,NaN,17.499,97298,10.625,0.43559,0.62697,-20.347,-1.7549,66.334,-0.63796,NaN,NaN,NaN,NaN,NaN
559.02,-5.1698,1.8495,-130.08,1.2375,1.3314,-18.294,-2.9044,65.859,-0.87324,-0.24219,-0.34351,-1.0655,NaN,NaN,NaN,NaN,NaN,NaN,NaN,NaN,NaN,45.769,0,3462.3,0.0069644,NaN,NaN,NaN,NaN,NaN,-1,-1,0.47751,0.63851,-20.513,-1.7161,68.699,-0.61712,NaN,NaN,NaN,NaN,NaN
559.02,-5.1744,2.1766,-130.11,-0.43674,0.21716,-22.591,-1.5642,67.865,-0.74714,0,0,0,NaN,NaN,NaN,NaN,NaN,NaN,NaN,NaN,NaN,45.769,0,3462.3,0.0069644,0.7331,16.543,0.62742,0.10821,NaN,-1,-1,0.51414,0.63597,-20.656,-1.6945,68.384,-0.57215,NaN,NaN,NaN,NaN,NaN
559.02,-5.179,2.3475,-130.12,0.69254,1.0056,-21.594,-2.0174,68.48,-0.19962,0,0,0,NaN,NaN,NaN,NaN,NaN,NaN,NaN,NaN,NaN,45.769,0,3462.3,0.0069644,NaN,NaN,NaN,NaN,17.503,97339,10.813,0.55187,0.63813,-20.807,-1.6888,68.035,-0.52231,NaN,NaN,NaN,NaN,NaN
559.02,-5.1829,2.5127,-130.14,1.9226,1.9776,-22.18,-1.7138,66.22,-0.36211,-0.25649,-0.34558,-1.0646,NaN,NaN,NaN,NaN,NaN,NaN,NaN,NaN,NaN,45.769,0,3462.3,0.0069644,NaN,NaN,NaN,NaN,NaN,-1,-1,0.59989,0.64036,-20.922,-1.6767,68.062,-0.50439,NaN,NaN,NaN,NaN,NaN
559.03,-5.1832,2.6833,-130.16,-0.33278,0.27127,-21.658,-0.21984,68.428,-0.97729,0,0,0,NaN,NaN,NaN,NaN,NaN,NaN,NaN,NaN,NaN,45.769,0,3462.3,0.0069644,NaN,NaN,NaN,NaN,17.387,97306,10.688,0.63994,0.63545,-21.064,-1.658,69.881,-0.49344,NaN,NaN,NaN,NaN,NaN
559.03,-5.1854,3.0151,-130.19,2.1898,0.29904,-19.988,-0.75115,64.79,-0.12003,0,0,0,NaN,NaN,NaN,NaN,NaN,NaN,NaN,NaN,NaN,45.769,0,3462.3,0.0069644,0.72763,NaN,0.71506,NaN,NaN,-1,-1,0.67337,0.62263,-21.213,-1.5402,68.889,-0.47003,NaN,NaN,NaN,NaN,NaN
559.03,-5.189,3.1822,-130.2,-0.62025,1.1464,-25.624,-1.4901,66.973,-0.27364,-0.27742,-0.33811,-1.0665,NaN,NaN,NaN,NaN,NaN,NaN,NaN,NaN,NaN,45.769,0,3462.3,0.0069644,0.72763,NaN,0.71506,NaN,NaN,-1,-1,0.72817,0.61545,-21.302,-1.4425,68.227,-0.44249,NaN,NaN,NaN,NaN,NaN
559.03,-5.1957,3.36,-130.22,0.47732,-0.29259,-22.648,-2.7276,71.266,-0.27588,0,0,0,NaN,NaN,NaN,NaN,NaN,NaN,NaN,NaN,NaN,45.769,0,3462.3,0.0069644,NaN,16.432,NaN,0.046615,17.386,97291,10.625,0.76904,0.63464,-21.468,-1.4085,67.664,-0.42428,NaN,NaN,NaN,NaN,NaN
559.04,-5.2002,3.5288,-130.23,1.3755,1.5475,-18.633,-1.8232,67.727,-0.77802,0,0,0,NaN,NaN,NaN,NaN,NaN,NaN,NaN,NaN,NaN,45.769,0,3462.3,0.0069644,NaN,NaN,NaN,NaN,NaN,-1,-1,0.80472,0.62768,-21.604,-1.3245,66.875,-0.42282,NaN,NaN,NaN,NaN,NaN
559.04,-5.2019,3.6876,-130.25,1.8068,-0.75575,-24.956,-0.70394,63.661,-0.76158,0,0,0,NaN,NaN,NaN,NaN,NaN,NaN,NaN,NaN,NaN,45.769,0,3462.3,0.0069644,NaN,NaN,NaN,NaN,NaN,-1,-1,0.85195,0.62774,-21.701,-1.2418,66.589,-0.41158,NaN,NaN,NaN,NaN,NaN
559.04,-5.2042,3.8578,-130.26,-0.12335,0.72851,-24.128,-0.92338,68.22,-0.27703,-0.28244,-0.3353,-1.0603,-12.355,-13.932,-3.7013,18.986,40.058,-88.55,3.6781e+05,4.4353e+06,291.25,45.769,0,3462.3,0.0069644,NaN,NaN,NaN,NaN,17.613,97317,10.688,0.89504,0.62579,-21.833,-1.1796,66.091,-0.37964,18.141,-3.083,4.6727,14.444,-9.3455
559.04,-5.2082,4.0366,-130.28,1.0051,1.0437,-22.342,-1.5798,71.659,0.073339,0,0,0,NaN,NaN,NaN,NaN,NaN,NaN,NaN,NaN,NaN,45.769,0,3462.3,0.0069644,NaN,NaN,NaN,NaN,NaN,-1,-1,0.92897,0.63739,-21.985,-1.1362,65.412,-0.36965,NaN,NaN,NaN,NaN,NaN
559.05,-5.2098,4.1992,-130.29,2.1472,1.8041,-22.868,-0.65099,65.157,-0.39408,0,0,0,NaN,NaN,NaN,NaN,NaN,NaN,NaN,NaN,NaN,45.769,0,3462.3,0.0069644,0.72598,16.285,0.63899,0.097392,17.457,97319,10.75,0.96617,0.63998,-22.095,-1.0314,65.076,-0.35926,NaN,NaN,NaN,NaN,NaN
559.05,-5.2103,4.3747,-130.31,0.14036,-0.088087,-22.768,-0.10697,70.409,-0.76931,0,0,0,NaN,NaN,NaN,NaN,NaN,NaN,NaN,NaN,NaN,45.769,0,3462.3,0.0069644,NaN,NaN,NaN,NaN,NaN,-1,-1,1.0092,0.6438,-22.219,-0.96309,64.869,-0.34771,NaN,NaN,NaN,NaN,NaN
559.05,-5.2089,4.5474,-130.32,1.5406,0.94325,-24.142,0.67363,69.205,-0.35254,-0.29041,-0.33927,-1.0477,NaN,NaN,NaN,NaN,NaN,NaN,NaN,NaN,NaN,45.769,0,3462.3,0.0069644,NaN,NaN,NaN,NaN,NaN,-1,-1,1.0489,0.63698,-22.372,-0.89685,64.409,-0.33624,NaN,NaN,NaN,NaN,NaN
559.05,-5.2099,4.7124,-130.34,2.4622,0.004476,-19.967,-0.36096,66.084,0.10239,0,0,0,NaN,NaN,NaN,NaN,NaN,NaN,NaN,NaN,NaN,45.769,0,3462.3,0.0069644,NaN,NaN,NaN,NaN,17.296,97316,10.75,1.0693,0.62752,-22.236,-0.80086,64.21,-0.31637,NaN,NaN,NaN,NaN,NaN
559.06,-5.2178,5.0617,-130.37,0.26027,-0.010876,-23.806,-1.8817,73.549,-0.28969,0,0,0,NaN,NaN,NaN,NaN,NaN,NaN,NaN,NaN,NaN,45.769,0,3462.3,0.0069644,NaN,NaN,NaN,NaN,NaN,-1,-1,1.112,0.61749,-22.377,-0.71486,63.837,-0.30946,NaN,NaN,NaN,NaN,NaN
559.06,-5.2178,5.0617,-130.37,0.26027,-0.010876,-23.806,-1.8817,73.549,-0.28969,0,0,0,NaN,NaN,NaN,NaN,NaN,NaN,NaN,NaN,NaN,45.769,0,3462.3,0.0069644,0.73146,16.286,0.64872,0.10988,NaN,-1,-1,1.1595,0.62551,-22.511,-0.61983,63.387,-0.3068,NaN,NaN,NaN,NaN,NaN
559.06,-5.2217,5.2335,-130.38,1.9862,1.2443,-18.96,-1.3659,68.907,-0.79509,-0.2998,-0.33914,-1.0485,NaN,NaN,NaN,NaN,NaN,NaN,NaN,NaN,NaN,45.769,0,3462.3,0.0069644,0.73146,16.286,0.64872,0.10988,17.545,97294,10.625,1.1992,0.62741,-22.689,-0.49468,63.306,-0.31996,NaN,NaN,NaN,NaN,NaN
559.06,-5.2219,5.3906,-130.4,2.1371,-0.54229,-25.915,0.031398,62.978,-0.36142,0,0,0,NaN,NaN,NaN,NaN,NaN,NaN,NaN,NaN,NaN,45.71,0,3432.3,0.0064211,NaN,NaN,NaN,NaN,NaN,-1,-1,1.2228,0.62311,-22.587,-0.39555,63.043,-0.30109,NaN,NaN,NaN,NaN,NaN
559.07,-5.2266,5.7448,-130.43,1.3234,0.45533,-24.094,-0.89817,72.697,0.19303,0,0,0,NaN,NaN,NaN,NaN,NaN,NaN,NaN,NaN,NaN,45.71,0,3432.3,0.0064211,NaN,NaN,NaN,NaN,17.221,97305,10.625,1.2637,0.63424,-22.735,-0.31348,62.661,-0.27825,NaN,NaN,NaN,NaN,NaN
559.07,-5.2284,5.9084,-130.44,2.9241,1.7682,-22.988,-0.54889,65.557,-0.23726,-0.31691,-0.34322,-1.0412,NaN,NaN,NaN,NaN,NaN,NaN,NaN,NaN,NaN,45.71,0,3432.3,0.0064211,NaN,NaN,NaN,NaN,NaN,-1,-1,1.3059,0.64041,-22.932,-0.20604,62.605,-0.27262,NaN,NaN,NaN,NaN,NaN
559.07,0,0,0,0,0,0,0,0,0,0,0,0,NaN,NaN,NaN,NaN,NaN,NaN,NaN,NaN,NaN,45.71,0,3432.3,0.0064211,NaN,NaN,NaN,NaN,NaN,-1,-1,1.348,0.63213,-23.061,-0.11286,62.652,-0.27371,NaN,NaN,NaN,NaN,NaN
559.07,-5.226,6.0799,-130.46,0.40347,0.46701,-24.672,1.2343,68.743,-0.56757,0,0,0,NaN,NaN,NaN,NaN,NaN,NaN,NaN,NaN,NaN,45.71,0,3432.3,0.0064211,0.7216,16.133,0.63777,0.099057,17.658,97342,10.75,1.3949,0.62866,-23.25,-0.0056876,62.404,-0.26637,NaN,NaN,NaN,NaN,NaN
559.08,-5.2227,6.2598,-130.48,1.5577,-0.098404,-24.934,1.6471,72.161,-0.4728,0,0,0,NaN,NaN,NaN,NaN,NaN,NaN,NaN,NaN,NaN,45.71,0,3432.3,0.0064211,NaN,NaN,NaN,NaN,NaN,-1,-1,1.4333,0.61976,-23.377,0.13206,62.356,-0.2419,NaN,NaN,NaN,NaN,NaN
559.08,-5.2203,6.5867,-130.5,0.043109,2.0608,-29.433,0.7457,64.898,0.21411,-0.32381,-0.33834,-1.0418,NaN,NaN,NaN,NaN,NaN,NaN,NaN,NaN,NaN,45.71,0,3432.3,0.0064211,NaN,NaN,NaN,NaN,NaN,-1,-1,1.4818,0.61598,-23.499,0.20913,62.615,-0.20681,NaN,NaN,NaN,NaN,NaN
559.08,0,0,0,0,0,0,0,0,0,0,0,0,NaN,NaN,NaN,NaN,NaN,NaN,NaN,NaN,NaN,45.71,0,3432.3,0.0064211,NaN,NaN,NaN,NaN,17.523,97354,10.813,1.5313,0.62194,-23.638,0.32604,62.629,-0.18984,NaN,NaN,NaN,NaN,NaN
559.08,-5.2232,6.7727,-130.52,0.66232,-0.58835,-24.723,-0.77103,74.58,-0.44215,0,0,0,NaN,NaN,NaN,NaN,NaN,NaN,NaN,NaN,NaN,45.71,0,3432.3,0.0064211,NaN,NaN,NaN,NaN,NaN,-1,-1,1.5736,0.63016,-23.761,0.52281,62.615,-0.20573,NaN,NaN,NaN,NaN,NaN
559.09,-5.2249,6.9464,-130.54,2.5202,1.2233,-18.616,-0.27571,69.667,-0.83245,0,0,0,NaN,NaN,NaN,NaN,NaN,NaN,NaN,NaN,NaN,45.71,0,3432.3,0.0064211,0.73146,15.891,0.63533,0.097392,17.435,97334,10.813,1.6193,0.62315,-23.853,0.70385,62.736,-0.19303,NaN,NaN,NaN,NaN,NaN
559.09,-5.2212,7.275,-130.56,0.32909,-0.07285,-27.591,1.0196,70.321,-0.34635,-0.32701,-0.33998,-1.0288,NaN,NaN,NaN,NaN,NaN,NaN,NaN,NaN,NaN,45.71,0,3432.3,0.0064211,NaN,NaN,NaN,NaN,NaN,-1,-1,1.6564,0.62408,-23.99,0.81619,62.859,-0.17348,NaN,NaN,NaN,NaN,NaN
559.09,-5.223,7.4608,-130.58,2.4077,0.20623,-22.823,-0.35902,74.439,0.24139,0,0,0,NaN,NaN,NaN,NaN,NaN,NaN,NaN,NaN,NaN,45.71,0,3432.3,0.0064211,NaN,NaN,NaN,NaN,NaN,-1,-1,1.7015,0.61562,-24.1,0.87821,63.071,-0.15018,NaN,NaN,NaN,NaN,NaN
559.09,-5.2225,7.6182,-130.59,2.7908,1.9651,-23.973,0.51721,63.087,-0.091501,0,0,0,NaN,NaN,NaN,NaN,NaN,NaN,NaN,NaN,NaN,45.71,0,3432.3,0.0064211,NaN,NaN,NaN,NaN,17.45,97297,10.563,1.7309,0.62101,-24.276,0.98271,63.33,-0.14655,NaN,NaN,NaN,NaN,NaN
559.1,-5.2184,7.7917,-130.61,0.66725,0.70835,-26.733,2.1,69.575,-0.63478,0,0,0,NaN,NaN,NaN,NaN,NaN,NaN,NaN,NaN,NaN,45.71,0,3432.3,0.0064211,0.73748,NaN,0.64751,NaN,NaN,-1,-1,1.7631,0.61596,-24.378,1.1542,63.579,-0.16163,NaN,NaN,NaN,NaN,NaN
559.1,-5.2033,7.9444,-130.63,1.9176,0.37121,-24.871,2.7832,73.408,-0.0083652,-0.34588,-0.34211,-1.0305,NaN,NaN,NaN,NaN,NaN,NaN,NaN,NaN,NaN,45.71,0,3432.3,0.0064211,0.73748,NaN,0.64751,NaN,NaN,-1,-1,1.8018,0.61701,-24.492,1.3592,63.775,-0.14942,NaN,NaN,NaN,NaN,NaN
559.1,-5.1994,8.1082,-130.64,3.3257,0.000998,-21.254,1.8753,65.607,0.23463,0,0,0,NaN,NaN,NaN,NaN,NaN,NaN,NaN,NaN,NaN,45.71,0,3432.3,0.0064211,NaN,15.766,NaN,0.085738,17.568,97318,10.688,1.8514,0.60465,-24.58,1.5144,64.141,-0.10431,NaN,NaN,NaN,NaN,NaN
559.1,-5.1969,8.2697,-130.66,0.67321,1.8852,-29.761,1.3585,64.684,0.12278,0,0,0,NaN,NaN,NaN,NaN,NaN,NaN,NaN,NaN,NaN,45.71,0,3432.3,0.0064211,NaN,NaN,NaN,NaN,NaN,-1,-1,1.8769,0.6112,-24.763,1.6845,64.508,-0.07362,NaN,NaN,NaN,NaN,NaN
559.11,-5.1941,8.6305,-130.69,3.0417,0.8835,-20.024,1.3264,69.638,-0.30779,-0.35385,-0.35099,-1.0201,NaN,NaN,NaN,NaN,NaN,NaN,NaN,NaN,NaN,45.71,0,3432.3,0.0064211,NaN,NaN,NaN,NaN,17.341,97304,10.688,1.9131,0.61243,-24.856,1.88,64.836,-0.077414,NaN,NaN,NaN,NaN,NaN
559.11,-5.1904,8.7854,-130.7,2.2528,-0.53966,-27.307,1.9343,62.106,-0.46054,0,0,0,NaN,NaN,NaN,NaN,NaN,NaN,NaN,NaN,NaN,45.71,0,3432.3,0.0064211,NaN,NaN,NaN,NaN,NaN,-1,-1,1.9454,0.61355,-24.957,2.0916,65.367,-0.067054,NaN,NaN,NaN,NaN,NaN
559.11,-5.1868,8.9582,-130.72,0.82513,0.48493,-28.232,1.9773,69.245,-0.026986,0,0,0,NaN,NaN,NaN,NaN,NaN,NaN,NaN,NaN,NaN,45.71,0,3432.3,0.0064211,NaN,NaN,NaN,NaN,NaN,-1,-1,1.9845,0.61188,-25.032,2.2741,65.874,-0.032394,NaN,NaN,NaN,NaN,NaN
559.11,-5.1843,9.1418,-130.73,2.452,0.26556,-24.45,1.4838,73.528,0.49928,0,0,0,NaN,NaN,NaN,NaN,NaN,NaN,NaN,NaN,NaN,45.71,0,3432.3,0.0064211,0.72653,15.609,0.64081,0.099057,17.382,97292,10.563,2.0117,0.60513,-25.167,2.3811,66.479,-0.015533,NaN,NaN,NaN,NaN,NaN
559.12,-5.1803,9.3019,-130.74,2.9014,1.6107,-24.785,2.0726,64.097,0.17842,-0.37033,-0.33353,-1.0127,NaN,NaN,NaN,NaN,NaN,NaN,NaN,NaN,NaN,45.71,0,3432.3,0.0064211,NaN,NaN,NaN,NaN,NaN,-1,-1,2.0399,0.60706,-25.23,2.4772,67.202,0.0068506,NaN,NaN,NaN,NaN,NaN
559.12,-5.1732,9.471,-130.76,1.2464,1.0673,-27.664,3.4262,67.788,-0.39408,0,0,0,NaN,NaN,NaN,NaN,NaN,NaN,NaN,NaN,NaN,45.71,0,3432.3,0.0064211,NaN,NaN,NaN,NaN,NaN,-1,-1,2.0675,0.59965,-25.333,2.609,68.044,-0.019247,NaN,NaN,NaN,NaN,NaN
559.12,-5.1644,9.6511,-130.77,2.3557,0.50089,-25.866,4.1457,72.185,-0.097346,0,0,0,NaN,NaN,NaN,NaN,NaN,NaN,NaN,NaN,NaN,45.71,0,3432.3,0.0064211,NaN,NaN,NaN,NaN,17.684,97346,10.813,2.0933,0.60005,-25.455,2.82,68.468,-0.0018125,NaN,NaN,NaN,NaN,NaN
559.12,-5.1564,9.8158,-130.79,3.4023,-0.29573,-22.18,3.6799,65.911,0.39093,0,0,0,NaN,NaN,NaN,NaN,NaN,NaN,NaN,NaN,NaN,45.71,0,3432.3,0.0064211,0.73748,15.266,0.72236,0.039956,NaN,-1,-1,2.1332,0.59087,-25.514,2.9916,69.23,0.035455,NaN,NaN,NaN,NaN,NaN
559.13,-5.1501,9.977,-130.8,1.0178,1.8631,-30.327,2.9557,64.53,0.54717,-0.37785,-0.34528,-1.0112,NaN,NaN,NaN,NaN,NaN,NaN,NaN,NaN,NaN,45.71,0,3432.3,0.0064211,0.73748,15.266,0.72236,0.039956,17.384,97301,10.625,2.1622,0.59657,-25.595,3.1404,70.029,0.067443,NaN,NaN,NaN,NaN,NaN
559.13,-5.1456,10.157,-130.81,1.6602,-0.50324,-26.829,2.4813,72.045,0.018621,0,0,0,NaN,NaN,NaN,NaN,NaN,NaN,NaN,NaN,NaN,45.71,0,3432.3,0.0064211,NaN,NaN,NaN,NaN,NaN,-1,-1,2.1799,0.59409,-25.723,3.2843,68.275,0.10643,NaN,NaN,NaN,NaN,NaN
559.13,-5.1402,10.33,-130.83,2.6779,1.1615,-21.784,2.8592,69.574,-0.49922,0,0,0,NaN,NaN,NaN,NaN,NaN,NaN,NaN,NaN,NaN,45.71,0,3432.3,0.0064211,NaN,NaN,NaN,NaN,NaN,-1,-1,2.2126,0.5896,-25.775,3.4808,68.618,0.094429,NaN,NaN,NaN,NaN,NaN
559.13,-5.1306,10.484,-130.84,2.6832,-0.38691,-27.078,4.4392,61.67,-0.37328,0,0,0,NaN,NaN,NaN,NaN,NaN,NaN,NaN,NaN,NaN,45.71,0,3432.3,0.0064211,NaN,NaN,NaN,NaN,17.405,97312,10.625,2.248,0.60323,-25.846,3.6528,69.092,0.094676,NaN,NaN,NaN,NaN,NaN
559.14,-5.1227,10.651,-130.86,1.4637,0.57319,-27.757,3.7997,66.899,0.00051566,-0.39207,-0.34006,-1.008,NaN,NaN,NaN,NaN,NaN,NaN,NaN,NaN,NaN,45.71,0,3432.3,0.0064211,NaN,NaN,NaN,NaN,NaN,-1,-1,2.268,0.59483,-25.924,3.7742,69.11,0.11726,NaN,NaN,NaN,NaN,NaN
559.14,-5.1165,10.829,-130.87,2.4096,-0.10259,-26.366,3.1584,71.225,0.3526,0,0,0,NaN,NaN,NaN,NaN,NaN,NaN,NaN,NaN,NaN,45.71,0,3432.3,0.0064211,0.72325,15.316,0.63533,0.10655,NaN,-1,-1,2.2889,0.5809,-26.003,3.8952,67.005,0.11311,NaN,NaN,NaN,NaN,NaN
559.14,-5.1094,10.99,-130.88,3.2308,1.4507,-26.287,3.3715,64.338,0.40078,0,0,0,NaN,NaN,NaN,NaN,NaN,NaN,NaN,NaN,NaN,45.71,0,3432.3,0.0064211,NaN,NaN,NaN,NaN,17.317,97307,10.688,2.3171,0.58387,-26.067,4.0132,66.898,0.11417,NaN,NaN,NaN,NaN,NaN
559.14,-5.0986,11.156,-130.9,1.962,1.2582,-25.966,4.9788,66.563,0.1355,0,0,0,NaN,NaN,NaN,NaN,NaN,NaN,NaN,NaN,NaN,45.71,0,3432.3,0.0064211,NaN,NaN,NaN,NaN,NaN,-1,-1,2.3369,0.58984,-26.137,4.1489,66.686,0.093804,NaN,NaN,NaN,NaN,NaN
559.15,-5.0867,11.33,-130.91,2.19,0.22593,-28.786,5.4906,69.622,0.05466,-0.40903,-0.33935,-1.0007,NaN,NaN,NaN,NaN,NaN,NaN,NaN,NaN,NaN,45.71,0,3432.3,0.0064211,NaN,NaN,NaN,NaN,17.246,97297,10.625,2.355,0.58477,-26.205,4.2795,66.671,0.097923,NaN,NaN,NaN,NaN,NaN
559.15,-5.0751,11.495,-130.92,3.0635,0.27717,-21.794,5.2909,66.157,0.11133,0,0,0,NaN,NaN,NaN,NaN,NaN,NaN,NaN,NaN,NaN,45.71,0,3432.3,0.0064211,NaN,NaN,NaN,NaN,NaN,-1,-1,2.3884,0.57793,-26.243,4.3172,66.683,0.12254,NaN,NaN,NaN,NaN,NaN
559.15,-5.0648,11.65,-130.94,1.8453,1.5882,-30.368,4.6338,62.2,0.66285,0,0,0,NaN,NaN,NaN,NaN,NaN,NaN,NaN,NaN,NaN,45.71,0,3432.3,0.0064211,NaN,NaN,NaN,NaN,NaN,-1,-1,2.4043,0.57224,-26.302,4.412,66.211,0.11662,NaN,NaN,NaN,NaN,NaN
559.15,-5.0578,11.821,-130.95,1.9987,-0.38922,-27.568,3.4836,68.504,0.38004,0,0,0,NaN,NaN,NaN,NaN,NaN,NaN,NaN,NaN,NaN,45.71,0,3432.3,0.0064211,NaN,NaN,NaN,NaN,17.387,97347,10.813,2.4271,0.56264,-26.334,4.586,66.176,0.090481,NaN,NaN,NaN,NaN,NaN
559.16,-5.0494,11.993,-130.96,2.8311,1.5396,-23.653,4.1949,68.613,-0.21515,-0.42352,-0.3388,-0.99532,NaN,NaN,NaN,NaN,NaN,NaN,NaN,NaN,NaN,45.71,0,3432.3,0.0064211,NaN,NaN,NaN,NaN,NaN,-1,-1,2.4553,0.57313,-26.405,4.7556,66.156,0.092205,NaN,NaN,NaN,NaN,NaN
559.16,-5.0293,12.305,-130.99,2.1454,0.20194,-28.133,4.6671,62.921,-0.30138,0,0,0,NaN,NaN,NaN,NaN,NaN,NaN,NaN,NaN,NaN,45.71,0,3432.3,0.0064211,NaN,NaN,NaN,NaN,NaN,-1,-1,2.4742,0.57167,-26.448,4.8522,65.688,0.10259,NaN,NaN,NaN,NaN,NaN
559.16,-5.0198,12.481,-131,2.4841,0.41692,-27.745,4.5887,70.198,0.26219,0,0,0,NaN,NaN,NaN,NaN,NaN,NaN,NaN,NaN,NaN,45.71,0,3432.3,0.0064211,NaN,NaN,NaN,NaN,17.289,97274,10.5,2.4947,0.56824,-26.461,4.9223,65.49,0.11865,NaN,NaN,NaN,NaN,NaN
559.16,-5.0086,12.641,-131.02,3.1146,0.89478,-25.403,5.1908,64.442,0.21772,-0.42882,-0.34556,-0.98915,NaN,NaN,NaN,NaN,NaN,NaN,NaN,NaN,NaN,45.71,0,3432.3,0.0064211,0.72927,NaN,0.71506,NaN,NaN,-1,-1,2.5118,0.55505,-26.528,5.0109,65.41,0.093718,NaN,NaN,NaN,NaN,NaN
559.17,-4.9971,12.797,-131.03,2.4439,1.0257,-27.068,5.3295,62.193,-0.033232,0,0,0,NaN,NaN,NaN,NaN,NaN,NaN,NaN,NaN,NaN,45.71,0,3432.3,0.0064211,NaN,15.21,NaN,0.037458,17.589,97307,10.625,2.5246,0.55462,-26.565,5.1495,64.797,0.067736,NaN,NaN,NaN,NaN,NaN
559.17,-4.9838,12.966,-131.04,2.3904,0.44852,-29.247,6.1393,67.82,0.12347,0,0,0,NaN,NaN,NaN,NaN,NaN,NaN,NaN,NaN,NaN,45.71,0,3432.3,0.0064211,NaN,NaN,NaN,NaN,NaN,-1,-1,2.5357,0.55921,-26.583,5.3134,64.61,0.061954,NaN,NaN,NaN,NaN,NaN
559.17,-4.9699,13.133,-131.06,3.0605,-0.11562,-22.559,6.4114,66.764,-0.076261,0,0,0,NaN,NaN,NaN,NaN,NaN,NaN,NaN,NaN,NaN,45.71,0,3432.3,0.0064211,NaN,NaN,NaN,NaN,NaN,-1,-1,2.5629,0.54523,-26.615,5.401,64.676,0.085991,NaN,NaN,NaN,NaN,NaN
559.17,-4.9569,13.282,-131.07,2.2863,1.6285,-29.741,5.7342,59.695,0.85354,-0.43632,-0.34749,-0.98317,NaN,NaN,NaN,NaN,NaN,NaN,NaN,NaN,NaN,45.769,0,3409.4,0.0075089,NaN,NaN,NaN,NaN,17.405,97314,10.625,2.5904,0.54566,-26.654,5.4711,64.197,0.10672,NaN,NaN,NaN,NaN,NaN
559.18,-4.9475,13.447,-131.08,1.5321,-0.15512,-27.064,4.5882,66.189,-0.045149,0,0,0,NaN,NaN,NaN,NaN,NaN,NaN,NaN,NaN,NaN,45.769,0,3409.4,0.0075089,NaN,NaN,NaN,NaN,NaN,-1,-1,2.5953,0.54188,-26.694,5.6227,63.874,0.085294,NaN,NaN,NaN,NaN,NaN
559.18,-4.9385,13.615,-131.09,3.3706,1.275,-25.574,4.5228,67.022,-0.11671,0,0,0,NaN,NaN,NaN,NaN,NaN,NaN,NaN,NaN,NaN,45.769,0,3409.4,0.0075089,0.71722,15.319,0.63412,0.10405,NaN,-1,-1,2.6232,0.54254,-26.762,5.8202,63.932,0.059036,NaN,NaN,NaN,NaN,NaN
559.18,-4.9276,13.763,-131.11,3.4135,-0.03807,-26.649,5.1931,59.524,-0.45155,0,0,0,NaN,NaN,NaN,NaN,NaN,NaN,NaN,NaN,NaN,45.769,0,3409.4,0.0075089,NaN,NaN,NaN,NaN,17.475,97308,10.625,2.6373,0.55385,-26.778,5.9718,63.585,0.065424,NaN,NaN,NaN,NaN,NaN
559.18,-4.9158,13.919,-131.12,1.4485,0.15194,-28.301,5.698,62.472,-0.55285,-0.4533,-0.35169,-0.97804,NaN,NaN,NaN,NaN,NaN,NaN,NaN,NaN,NaN,45.769,0,3409.4,0.0075089,NaN,NaN,NaN,NaN,NaN,-1,-1,2.6472,0.54446,-26.797,6.0582,63.082,0.080049,NaN,NaN,NaN,NaN,NaN
559.19,-4.8938,14.242,-131.14,3.0597,0.72051,-25.776,5.335,60.749,0.32676,0,0,0,NaN,NaN,NaN,NaN,NaN,NaN,NaN,NaN,NaN,45.769,0,3409.4,0.0075089,NaN,NaN,NaN,NaN,16.965,97344,10.75,2.6569,0.54517,-26.859,6.1249,63.056,0.090477,NaN,NaN,NaN,NaN,NaN
559.19,-4.8791,14.392,-131.16,2.758,1.6591,-28.596,6.6974,60.244,-0.020913,0,0,0,NaN,NaN,NaN,NaN,NaN,NaN,NaN,NaN,NaN,45.769,0,3409.4,0.0075089,NaN,NaN,NaN,NaN,NaN,-1,-1,2.6579,0.55057,-26.869,6.2244,62.971,0.056911,NaN,NaN,NaN,NaN,NaN
559.19,-4.8623,14.559,-131.17,2.6705,0.09973,-28.351,7.6882,66.929,-0.035924,-0.46045,-0.34166,-0.97203,NaN,NaN,NaN,NaN,NaN,NaN,NaN,NaN,NaN,45.769,0,3409.4,0.0075089,NaN,NaN,NaN,NaN,NaN,-1,-1,2.6809,0.5416,-26.851,6.4187,62.438,0.031141,NaN,NaN,NaN,NaN,NaN
559.19,-4.8288,14.861,-131.19,2.536,2.0104,-30.886,7.1277,57.426,0.64143,0,0,0,NaN,NaN,NaN,NaN,NaN,NaN,NaN,NaN,NaN,45.769,0,3409.4,0.0075089,0.72489,15.569,0.6329,0.10572,17.378,97270,10.438,2.6983,0.54887,-26.882,6.6094,62.157,0.019687,NaN,NaN,NaN,NaN,NaN
559.2,-4.8155,15.022,-131.2,1.8941,-0.31264,-26.874,6.2256,64.682,0.069901,0,0,0,NaN,NaN,NaN,NaN,NaN,NaN,NaN,NaN,NaN,45.769,0,3409.4,0.0075089,NaN,NaN,NaN,NaN,NaN,-1,-1,2.6975,0.54015,-26.936,6.7543,62.104,0.046473,NaN,NaN,NaN,NaN,NaN
559.2,-4.8034,15.181,-131.22,3.4818,0.29535,-25.968,5.7084,63.662,0.19859,-0.46829,-0.34575,-0.96164,NaN,NaN,NaN,NaN,NaN,NaN,NaN,NaN,NaN,45.769,0,3409.4,0.0075089,NaN,NaN,NaN,NaN,NaN,-1,-1,2.7061,0.52692,-26.922,6.8235,61.744,0.078632,NaN,NaN,NaN,NaN,NaN
559.2,-4.7884,15.326,-131.23,3.3785,0.71509,-26.798,6.888,58.102,-0.19549,0,0,0,NaN,NaN,NaN,NaN,NaN,NaN,NaN,NaN,NaN,45.769,0,3409.4,0.0075089,NaN,NaN,NaN,NaN,17.522,97298,10.625,2.7277,0.52913,-26.895,6.9746,61.415,0.082089,NaN,NaN,NaN,NaN,NaN
559.2,-4.7702,15.48,-131.24,1.8928,0.25058,-27.499,8.2262,61.453,-0.30745,0,0,0,NaN,NaN,NaN,NaN,NaN,NaN,NaN,NaN,NaN,45.769,0,3409.4,0.0075089,0.7331,15.575,0.72053,0.056604,17.155,97329,10.75,2.7303,0.53674,-26.939,7.1773,61.392,0.0677,NaN,NaN,NaN,NaN,NaN
559.21,-4.7544,15.641,-131.25,3.0141,0.082069,-27.255,7.2425,64.628,0.26826,0,0,0,NaN,NaN,NaN,NaN,NaN,NaN,NaN,NaN,NaN,45.769,0,3409.4,0.0075089,NaN,NaN,NaN,NaN,NaN,-1,-1,2.735,0.52045,-26.934,7.3665,61.162,0.048976,NaN,NaN,NaN,NaN,NaN
559.21,-4.7405,15.784,-131.26,3.1508,-0.077506,-27.453,6.2919,57.181,0.29129,-0.48956,-0.34534,-0.96134,NaN,NaN,NaN,NaN,NaN,NaN,NaN,NaN,NaN,45.769,0,3409.4,0.0075089,NaN,NaN,NaN,NaN,NaN,-1,-1,2.7513,0.51674,-26.92,7.4967,60.548,0.077194,NaN,NaN,NaN,NaN,NaN
559.21,-4.7248,15.935,-131.27,2.7224,2.2117,-29.102,7.1425,60.427,0.021658,0,0,0,NaN,NaN,NaN,NaN,NaN,NaN,NaN,NaN,NaN,45.769,0,3409.4,0.0075089,NaN,NaN,NaN,NaN,NaN,-1,-1,2.7527,0.5152,-26.935,7.5601,60.587,0.078166,NaN,NaN,NaN,NaN,NaN
559.21,-4.7058,16.102,-131.29,3.0585,-0.3878,-26.232,8.6402,66.608,0.0063025,0,0,0,NaN,NaN,NaN,NaN,NaN,NaN,NaN,NaN,NaN,45.769,0,3409.4,0.0075089,NaN,NaN,NaN,NaN,17.477,97316,10.688,2.7478,0.51353,-26.939,7.6526,60.329,0.069355,NaN,NaN,NaN,NaN,NaN
559.22,-4.6852,16.244,-131.3,2.8642,0.11659,-22.647,9.1332,56.861,-0.29318,0,0,0,NaN,NaN,NaN,NaN,NaN,NaN,NaN,NaN,NaN,45.769,0,3409.4,0.0075089,NaN,NaN,NaN,NaN,NaN,-1,-1,2.7625,0.50448,-26.921,7.8072,59.923,0.058129,NaN,NaN,NaN,NaN,NaN
559.22,-4.6654,16.386,-131.31,2.4241,1.7779,-32.854,8.6357,56.979,0.47819,-0.48753,-0.34262,-0.9545,NaN,NaN,NaN,NaN,NaN,NaN,NaN,NaN,NaN,45.769,0,3409.4,0.0075089,0.73693,15.722,0.7114,0.052442,NaN,-1,-1,2.773,0.51992,-26.892,7.9075,59.988,0.079518,NaN,NaN,NaN,NaN,NaN
559.22,-4.6486,16.548,-131.32,2.1913,-0.44031,-25.765,7.66,64.782,0.33197,0,0,0,NaN,NaN,NaN,NaN,NaN,NaN,NaN,NaN,NaN,45.769,0,3409.4,0.0075089,NaN,NaN,NaN,NaN,17.224,97313,10.688,2.7738,0.5034,-26.943,7.9603,59.742,0.09475,NaN,NaN,NaN,NaN,NaN
559.22,-4.6341,16.695,-131.33,3.7034,0.34344,-25.323,6.6589,58.726,0.12147,0,0,0,NaN,NaN,NaN,NaN,NaN,NaN,NaN,NaN,NaN,45.769,0,3409.4,0.0075089,NaN,NaN,NaN,NaN,NaN,-1,-1,2.7712,0.50578,-26.911,8.0414,59.32,0.080857,NaN,NaN,NaN,NaN,NaN
559.23,-4.616,16.833,-131.34,3.2276,1.0167,-28.031,8.1053,55.297,-0.2423,0,0,0,NaN,NaN,NaN,NaN,NaN,NaN,NaN,NaN,NaN,45.769,0,3409.4,0.0075089,NaN,NaN,NaN,NaN,17.108,97352,10.813,2.7872,0.49971,-26.88,8.1651,59.304,0.051286,NaN,NaN,NaN,NaN,NaN
559.23,-4.5961,16.988,-131.35,1.9586,-0.42563,-27.592,9.0966,61.96,-0.50329,-0.49995,-0.35167,-0.94896,NaN,NaN,NaN,NaN,NaN,NaN,NaN,NaN,NaN,45.769,0,3409.4,0.0075089,NaN,NaN,NaN,NaN,NaN,-1,-1,2.7888,0.50484,-26.884,8.2693,59.203,0.021465,NaN,NaN,NaN,NaN,NaN
559.23,-4.5784,17.14,-131.36,3.2076,-0.13366,-25.981,8.0293,60.822,0.087834,0,0,0,NaN,NaN,NaN,NaN,NaN,NaN,NaN,NaN,NaN,45.769,0,3409.4,0.0075089,0.77854,NaN,0.70167,NaN,NaN,-1,-1,2.7872,0.49141,-26.863,8.2932,58.644,0.036244,NaN,NaN,NaN,NaN,NaN
559.23,-4.5614,17.274,-131.37,2.8729,0.68206,-26.878,7.3904,53.697,0.51131,0,0,0,NaN,NaN,NaN,NaN,NaN,NaN,NaN,NaN,NaN,45.769,0,3409.4,0.0075089,NaN,15.828,NaN,0.0016648,17.385,97334,10.75,2.7956,0.48829,-26.849,8.2365,58.514,0.021688,NaN,NaN,NaN,NaN,NaN
559.24,-4.5429,17.422,-131.38,2.9848,1.7918,-29.866,8.3391,59.199,0.088522,0,0,0,NaN,NaN,NaN,NaN,NaN,NaN,NaN,NaN,NaN,45.769,0,3409.4,0.0075089,NaN,NaN,NaN,NaN,NaN,-1,-1,2.7935,0.48227,-26.802,8.1791,58.572,-0.0082308,NaN,NaN,NaN,NaN,NaN
559.24,-4.5212,17.577,-131.39,3.034,-0.50643,-25.954,9.6755,62.248,0.090069,-0.51496,-0.35555,-0.937,NaN,NaN,NaN,NaN,NaN,NaN,NaN,NaN,NaN,45.769,0,3409.4,0.0075089,NaN,NaN,NaN,NaN,NaN,-1,-1,2.7837,0.47565,-26.816,8.1845,58.151,-0.050085,NaN,NaN,NaN,NaN,NaN
559.24,-4.4988,17.717,-131.4,2.9745,-0.018115,-23.739,9.8772,55.695,-0.30201,0,0,0,NaN,NaN,NaN,NaN,NaN,NaN,NaN,NaN,NaN,45.769,0,3409.4,0.0075089,NaN,NaN,NaN,NaN,17.173,97319,10.625,2.793,0.4604,-26.755,8.2257,57.738,-0.098615,NaN,NaN,NaN,NaN,NaN
559.24,-4.4775,17.854,-131.41,2.9646,1.9105,-30.36,9.2288,55.041,0.42955,0,0,0,NaN,NaN,NaN,NaN,NaN,NaN,NaN,NaN,NaN,45.769,0,3409.4,0.0075089,0.73858,15.952,0.71566,0.043285,NaN,-1,-1,2.7968,0.48607,-26.723,8.2052,57.55,-0.10308,NaN,NaN,NaN,NaN,NaN
559.25,-4.46,18.004,-131.42,2.1495,-0.070867,-27.001,7.8681,60.045,0.26952,0,0,0,NaN,NaN,NaN,NaN,NaN,NaN,NaN,NaN,NaN,45.769,0,3409.4,0.0075089,NaN,NaN,NaN,NaN,17.407,97341,10.75,2.7924,0.47997,-26.722,8.1746,57.249,-0.12229,NaN,NaN,NaN,NaN,NaN
559.25,-4.4446,18.148,-131.43,2.9534,0.49015,-25.202,7.0545,57.271,0.18466,-0.51739,-0.36282,-0.93944,NaN,NaN,NaN,NaN,NaN,NaN,NaN,NaN,NaN,45.769,0,3409.4,0.0075089,NaN,NaN,NaN,NaN,NaN,-1,-1,2.8036,0.47,-26.7,8.4376,58.636,-0.17367,NaN,NaN,NaN,NaN,NaN
559.25,-4.4291,18.284,-131.44,3.5295,0.52136,-27.527,7.252,54.832,-0.66056,0,0,0,NaN,NaN,NaN,NaN,NaN,NaN,NaN,NaN,NaN,45.769,0,3409.4,0.0075089,NaN,NaN,NaN,NaN,NaN,-1,-1,2.807,0.46656,-26.639,8.3807,57.715,-0.17225,NaN,NaN,NaN,NaN,NaN
559.25,-4.4087,18.427,-131.46,2.3581,0.29288,-27.364,9.3651,57.059,-0.89364,0,0,0,NaN,NaN,NaN,NaN,NaN,NaN,NaN,NaN,NaN,45.769,0,3409.4,0.0075089,NaN,NaN,NaN,NaN,17.219,97319,10.625,2.7875,0.44737,-26.62,8.3086,57.208,-0.20555,NaN,NaN,NaN,NaN,NaN
559.26,-4.3903,18.572,-131.47,2.7637,-0.003992,-26.319,8.4476,58.218,-0.40611,0,0,0,NaN,NaN,NaN,NaN,NaN,NaN,NaN,NaN,NaN,45.769,0,3409.4,0.0075089,NaN,NaN,NaN,NaN,NaN,-1,-1,2.7963,0.45248,-26.588,8.1934,56.762,-0.2334,NaN,NaN,NaN,NaN,NaN
559.26,-4.374,18.703,-131.48,3.2781,-0.60535,-25.918,7.3104,52.146,0.0087663,-0.53422,-0.35732,-0.93208,NaN,NaN,NaN,NaN,NaN,NaN,NaN,NaN,NaN,45.769,0,3409.4,0.0075089,0.73803,16.022,0.72053,0.04495,NaN,-1,-1,2.7958,0.45134,-26.519,8.3411,57.542,-0.28268,NaN,NaN,NaN,NaN,NaN
559.26,-4.3577,18.839,-131.49,3.3922,1.9088,-30.345,7.2917,54.542,0.22557,0,0,0,NaN,NaN,NaN,NaN,NaN,NaN,NaN,NaN,NaN,45.769,0,3409.4,0.0075089,NaN,NaN,NaN,NaN,17.131,97333,10.75,2.7758,0.43383,-26.496,8.1922,56.702,-0.31848,NaN,NaN,NaN,NaN,NaN
559.26,-4.3405,18.994,-131.5,2.4267,-0.32902,-26.479,8.1518,62.151,-0.59404,0,0,0,NaN,NaN,NaN,NaN,NaN,NaN,NaN,NaN,NaN,45.769,0,3409.4,0.0075089,NaN,NaN,NaN,NaN,NaN,-1,-1,2.7829,0.4171,-26.43,8.0246,55.892,-0.34287,NaN,NaN,NaN,NaN,NaN
559.27,-4.3002,19.252,-131.52,3.2194,1.7531,-29.519,8.674,48.714,-0.018163,-0.53984,-0.36623,-0.9215,NaN,NaN,NaN,NaN,NaN,NaN,NaN,NaN,NaN,45.769,0,3409.4,0.0075089,NaN,NaN,NaN,NaN,17.195,97281,10.5,2.7863,0.43586,-26.375,7.862,54.782,-0.36038,NaN,NaN,NaN,NaN,NaN
559.27,-4.2827,19.396,-131.53,2.2367,0.23413,-27.269,8.0828,57.82,-0.34131,0,0,0,NaN,NaN,NaN,NaN,NaN,NaN,NaN,NaN,NaN,45.769,0,3409.4,0.0075089,NaN,NaN,NaN,NaN,NaN,-1,-1,2.7729,0.42579,-26.339,7.7095,53.988,-0.36523,NaN,NaN,NaN,NaN,NaN
559.27,-4.2703,19.539,-131.54,2.8895,-0.075896,-26.323,6.075,57.077,-0.50346,0,0,0,NaN,NaN,NaN,NaN,NaN,NaN,NaN,NaN,NaN,45.769,0,3409.4,0.0075089,NaN,NaN,NaN,NaN,NaN,-1,-1,2.7819,0.41397,-26.29,7.6401,53.283,-0.36563,NaN,NaN,NaN,NaN,NaN
559.27,-4.256,19.664,-131.55,3.3951,1.1415,-25.046,6.8913,50.279,-1.0896,0,0,0,NaN,NaN,NaN,NaN,NaN,NaN,NaN,NaN,NaN,45.769,0,3409.4,0.0075089,NaN,NaN,NaN,NaN,17.34,97331,10.75,2.7763,0.4042,-26.242,7.6191,52.567,-0.4023,NaN,NaN,NaN,NaN,NaN
559.28,-4.238,19.798,-131.56,2.6202,0.51447,-28.927,8.4812,53.753,-1.1243,-0.54217,-0.35639,-0.91727,-11.873,-13.917,-1.1441,18.329,40.058,-88.55,3.6781e+05,4.4353e+06,290.33,45.769,0,3409.4,0.0075089,NaN,NaN,NaN,NaN,NaN,-1,-1,2.7601,0.38471,-26.175,7.5692,51.684,-0.40978,16.658,-3.0626,7.0055,22.809,-9.6188
559.28,-4.2223,19.94,-131.57,2.4343,-1.1461,-25.877,7.4648,56.661,-0.65065,0,0,0,NaN,NaN,NaN,NaN,NaN,NaN,NaN,NaN,NaN,45.769,0,3409.4,0.0075089,NaN,NaN,NaN,NaN,NaN,-1,-1,2.7668,0.38537,-26.105,7.4521,51.009,-0.41391,NaN,NaN,NaN,NaN,NaN
559.28,-4.2079,20.065,-131.58,3.6697,0.27119,-24.649,6.5564,50.051,-0.056952,0,0,0,NaN,NaN,NaN,NaN,NaN,NaN,NaN,NaN,NaN,45.769,0,3409.4,0.0075089,NaN,NaN,NaN,NaN,17.012,97320,10.688,2.7432,0.38837,-26.083,7.2725,50.476,-0.42585,NaN,NaN,NaN,NaN,NaN
559.28,-4.1926,20.194,-131.59,2.4904,1.814,-30.542,7.038,51.526,-0.23743,0,0,0,NaN,NaN,NaN,NaN,NaN,NaN,NaN,NaN,NaN,45.72,0,3342.3,0.0064211,0.76376,16.148,0.63655,0.10572,NaN,-1,-1,2.7523,0.37773,-25.987,7.1911,49.761,-0.46955,NaN,NaN,NaN,NaN,NaN
559.29,-4.1743,20.34,-131.6,2.6294,-0.65027,-25.475,8.5535,58.328,-0.60556,-0.55443,-0.35084,-0.90728,NaN,NaN,NaN,NaN,NaN,NaN,NaN,NaN,NaN,45.72,0,3342.3,0.0064211,NaN,NaN,NaN,NaN,17.035,97326,10.688,2.7336,0.3762,-25.729,7.1961,49.123,-0.51347,NaN,NaN,NaN,NaN,NaN
559.29,-4.1528,20.47,-131.61,3.4799,0.89665,-23.286,9.6718,52.228,-0.6196,0,0,0,NaN,NaN,NaN,NaN,NaN,NaN,NaN,NaN,NaN,45.72,0,3342.3,0.0064211,NaN,NaN,NaN,NaN,NaN,-1,-1,2.7232,0.35747,-25.731,7.1891,48.667,-0.52815,NaN,NaN,NaN,NaN,NaN
559.29,-4.1314,20.589,-131.62,2.6641,0.20624,-27.473,9.3946,47.371,-0.29055,0,0,0,NaN,NaN,NaN,NaN,NaN,NaN,NaN,NaN,NaN,45.72,0,3342.3,0.0064211,NaN,NaN,NaN,NaN,NaN,-1,-1,2.7105,0.35812,-25.664,7.1537,48.071,-0.52862,NaN,NaN,NaN,NaN,NaN
559.29,-4.1145,20.723,-131.63,2.5034,0.50245,-28.408,7.7611,53.748,-0.33931,0,0,0,NaN,NaN,NaN,NaN,NaN,NaN,NaN,NaN,NaN,45.72,0,3342.3,0.0064211,0.76431,NaN,0.71506,NaN,17.012,97323,10.688,2.7188,0.36358,-25.586,7.1375,47.497,-0.51971,NaN,NaN,NaN,NaN,NaN
559.3,-4.1009,20.864,-131.64,2.4211,1.0891,-25.641,6.5652,56.588,-0.36979,-0.56195,-0.36259,-0.90574,NaN,NaN,NaN,NaN,NaN,NaN,NaN,NaN,NaN,45.72,0,3342.3,0.0064211,NaN,16.018,NaN,0.045783,NaN,-1,-1,2.6975,0.35008,-25.347,7.2064,47.179,-0.52128,NaN,NaN,NaN,NaN,NaN
559.3,-4.0852,20.984,-131.65,3.3026,0.43263,-24.568,7.3764,47.818,-0.91318,0,0,0,NaN,NaN,NaN,NaN,NaN,NaN,NaN,NaN,NaN,45.72,0,3342.3,0.0064211,NaN,NaN,NaN,NaN,NaN,-1,-1,2.6859,0.32335,-25.324,7.3108,46.835,-0.54002,NaN,NaN,NaN,NaN,NaN
559.3,-4.0663,21.108,-131.66,2.8913,0.24792,-28.948,8.6933,49.477,-0.91788,0,0,0,NaN,NaN,NaN,NaN,NaN,NaN,NaN,NaN,NaN,45.72,0,3342.3,0.0064211,NaN,NaN,NaN,NaN,17.108,97311,10.688,2.6907,0.32356,-25.283,7.3665,46.174,-0.52523,NaN,NaN,NaN,NaN,NaN
559.3,0,0,0,0,0,0,0,0,0,0,0,0,NaN,NaN,NaN,NaN,NaN,NaN,NaN,NaN,NaN,45.72,0,3342.3,0.0064211,NaN,NaN,NaN,NaN,NaN,-1,-1,2.6828,0.31128,-25.218,7.3974,45.758,-0.51284,NaN,NaN,NaN,NaN,NaN
559.31,-4.0491,21.244,-131.67,2.2862,-0.64422,-25.17,8.1317,54.602,-0.84506,0,0,0,NaN,NaN,NaN,NaN,NaN,NaN,NaN,NaN,NaN,45.72,0,3342.3,0.0064211,NaN,NaN,NaN,NaN,16.869,97312,10.625,2.6645,0.3143,-25.209,7.3594,45.598,-0.51825,NaN,NaN,NaN,NaN,NaN
559.31,-4.0328,21.369,-131.68,3.2493,0.11003,-23.953,7.4799,49.976,-0.33724,-0.56233,-0.35732,-0.8969,NaN,NaN,NaN,NaN,NaN,NaN,NaN,NaN,NaN,45.72,0,3342.3,0.0064211,0.75993,16.145,0.64081,0.097392,NaN,-1,-1,2.6669,0.31032,-25.141,7.3775,45.385,-0.54899,NaN,NaN,NaN,NaN,NaN
559.31,-4.0153,21.488,-131.69,2.7643,0.79297,-29.389,7.8483,47.69,-0.31495,0,0,0,NaN,NaN,NaN,NaN,NaN,NaN,NaN,NaN,NaN,45.72,0,3342.3,0.0064211,NaN,NaN,NaN,NaN,NaN,-1,-1,2.6745,0.30599,-25.058,7.5459,45.097,-0.5991,NaN,NaN,NaN,NaN,NaN
559.31,0,0,0,0,0,0,0,0,0,0,0,0,NaN,NaN,NaN,NaN,NaN,NaN,NaN,NaN,NaN,45.72,0,3342.3,0.0064211,NaN,NaN,NaN,NaN,16.918,97341,10.75,2.656,0.29432,-25.054,7.673,45.115,-0.61093,NaN,NaN,NaN,NaN,NaN
559.32,-3.9539,21.865,-131.72,2.5699,0.58188,-23.392,9.5491,46.339,-0.52638,-0.57221,-0.36904,-0.89557,NaN,NaN,NaN,NaN,NaN,NaN,NaN,NaN,NaN,45.72,0,3342.3,0.0064211,NaN,NaN,NaN,NaN,NaN,-1,-1,2.6417,0.31146,-24.953,7.745,44.82,-0.60304,NaN,NaN,NaN,NaN,NaN
559.32,-3.9322,21.989,-131.72,2.0924,0.9916,-29.337,9.5649,49.588,-0.28063,0,0,0,NaN,NaN,NaN,NaN,NaN,NaN,NaN,NaN,NaN,45.72,0,3342.3,0.0064211,NaN,NaN,NaN,NaN,NaN,-1,-1,2.6321,0.31334,-24.863,7.8464,44.562,-0.58119,NaN,NaN,NaN,NaN,NaN
559.32,-3.9134,22.12,-131.73,2.327,0.44779,-25.683,8.5606,52.483,-0.3628,0,0,0,NaN,NaN,NaN,NaN,NaN,NaN,NaN,NaN,NaN,45.72,0,3342.3,0.0064211,0.76267,16.133,0.63533,0.091565,16.8,97319,10.688,2.6068,0.28974,-24.818,7.9868,44.756,-0.60729,NaN,NaN,NaN,NaN,NaN
559.32,-3.8744,22.353,-131.75,3.0619,-0.1418,-29.565,9.1229,46.9,-1.012,-0.58207,-0.37095,-0.8898,NaN,NaN,NaN,NaN,NaN,NaN,NaN,NaN,NaN,45.72,0,3342.3,0.0064211,0.76267,16.133,0.63533,0.091565,NaN,-1,-1,2.6094,0.28384,-24.964,8.1493,44.529,-0.60368,NaN,NaN,NaN,NaN,NaN
559.33,-3.8569,22.484,-131.76,2.0959,-0.42186,-23.877,8.3731,52.222,-1.2851,0,0,0,NaN,NaN,NaN,NaN,NaN,NaN,NaN,NaN,NaN,45.72,0,3342.3,0.0064211,NaN,NaN,NaN,NaN,16.966,97337,10.75,2.6121,0.2815,-24.891,8.2965,44.462,-0.60218,NaN,NaN,NaN,NaN,NaN
559.33,-3.8222,22.714,-131.78,2.698,-0.009341,-26.316,7.723,44.02,-0.60413,0,0,0,NaN,NaN,NaN,NaN,NaN,NaN,NaN,NaN,NaN,45.72,0,3342.3,0.0064211,NaN,NaN,NaN,NaN,NaN,-1,-1,2.5978,0.2852,-24.834,8.353,44.579,-0.60074,NaN,NaN,NaN,NaN,NaN
559.33,-3.8134,22.724,-131.81,2.9261,0.99927,-28.024,8.4018,49.025,-0.68446,-0.58963,-0.37037,-0.88161,NaN,NaN,NaN,NaN,NaN,NaN,NaN,NaN,NaN,45.72,0,3342.3,0.0064211,NaN,NaN,NaN,NaN,NaN,-1,-1,2.6035,0.27237,-24.733,8.4218,44.615,-0.62706,NaN,NaN,NaN,NaN,NaN
559.33,-3.7919,22.855,-131.82,2.8729,0.89702,-24.332,9.8231,52.439,-0.85841,0,0,0,NaN,NaN,NaN,NaN,NaN,NaN,NaN,NaN,NaN,45.72,0,3342.3,0.0064211,NaN,NaN,NaN,NaN,16.968,97349,10.813,2.6147,0.27381,-24.889,8.5817,44.587,-0.66868,NaN,NaN,NaN,NaN,NaN
559.34,-3.7665,22.964,-131.83,2.8183,-0.13353,-22.359,11.142,43.668,-0.80426,0,0,0,NaN,NaN,NaN,NaN,NaN,NaN,NaN,NaN,NaN,45.72,0,3342.3,0.0064211,0.82179,16.044,0.7114,0.0099889,NaN,-1,-1,2.618,0.28193,-24.837,8.749,44.74,-0.68658,NaN,NaN,NaN,NaN,NaN
559.34,-3.743,23.078,-131.84,2.2291,0.14029,-29.336,10.149,45.546,-0.1669,0,0,0,NaN,NaN,NaN,NaN,NaN,NaN,NaN,NaN,NaN,45.72,0,3342.3,0.0064211,NaN,NaN,NaN,NaN,NaN,-1,-1,2.5977,0.27027,-24.875,8.8703,44.861,-0.6698,NaN,NaN,NaN,NaN,NaN
559.34,-3.7228,23.206,-131.84,2.2816,0.24877,-25.153,9.0751,50.991,-0.39208,-0.5854,-0.37737,-0.8768,NaN,NaN,NaN,NaN,NaN,NaN,NaN,NaN,NaN,45.72,0,3342.3,0.0064211,NaN,NaN,NaN,NaN,16.922,97315,10.75,2.6054,0.27563,-24.802,8.9968,44.984,-0.65446,NaN,NaN,NaN,NaN,NaN
559.34,-3.7035,23.322,-131.85,3.0725,0.30865,-23.286,8.7146,46.385,-0.66486,0,0,0,NaN,NaN,NaN,NaN,NaN,NaN,NaN,NaN,NaN,45.72,0,3342.3,0.0064211,NaN,NaN,NaN,NaN,16.844,97317,10.625,2.5944,0.28783,-24.775,9.1713,45.325,-0.65325,NaN,NaN,NaN,NaN,NaN
559.35,-3.683,23.432,-131.86,2.8306,0.5404,-26.501,9.0768,43.816,-0.55399,0,0,0,NaN,NaN,NaN,NaN,NaN,NaN,NaN,NaN,NaN,45.72,0,3342.3,0.0064211,NaN,NaN,NaN,NaN,NaN,-1,-1,2.573,0.26914,-24.734,9.405,45.638,-0.65309,NaN,NaN,NaN,NaN,NaN
559.35,-3.6619,23.555,-131.87,2.1376,0.16658,-26.031,9.7316,49.281,-1.1938,0,0,0,NaN,NaN,NaN,NaN,NaN,NaN,NaN,NaN,NaN,45.72,0,3342.3,0.0064211,NaN,NaN,NaN,NaN,NaN,-1,-1,2.5767,0.26428,-24.667,9.6555,45.795,-0.65475,NaN,NaN,NaN,NaN,NaN
559.35,-3.642,23.671,-131.88,2.6892,-0.55853,-24.191,9.05,46.617,-0.88734,-0.59766,-0.37183,-0.86681,NaN,NaN,NaN,NaN,NaN,NaN,NaN,NaN,NaN,45.72,0,3342.3,0.0064211,NaN,NaN,NaN,NaN,NaN,-1,-1,2.5686,0.26218,-24.62,9.8456,46.083,-0.65421,NaN,NaN,NaN,NaN,NaN
559.35,-3.6223,23.776,-131.89,3.005,0.38237,-24.035,8.7805,41.767,-0.75997,0,0,0,NaN,NaN,NaN,NaN,NaN,NaN,NaN,NaN,NaN,45.72,0,3342.3,0.0064211,NaN,NaN,NaN,NaN,16.819,97264,10.438,2.5473,0.26442,-24.62,9.9608,46.582,-0.62619,NaN,NaN,NaN,NaN,NaN
559.36,-3.5784,24.02,-131.91,2.7362,0.25433,-22.92,10.271,51.345,-0.99208,0,0,0,NaN,NaN,NaN,NaN,NaN,NaN,NaN,NaN,NaN,45.72,0,3342.3,0.0064211,NaN,NaN,NaN,NaN,NaN,-1,-1,2.5512,0.25013,-24.532,10.074,46.971,-0.63803,NaN,NaN,NaN,NaN,NaN
559.36,-3.5784,24.02,-131.91,2.7362,0.25433,-22.92,10.271,51.345,-0.99208,0,0,0,NaN,NaN,NaN,NaN,NaN,NaN,NaN,NaN,NaN,45.72,0,3342.3,0.0064211,NaN,NaN,NaN,NaN,NaN,-1,-1,2.5342,0.24279,-24.529,10.304,47.344,-0.65845,NaN,NaN,NaN,NaN,NaN
559.36,-3.5502,24.126,-131.91,3.0681,0.36643,-22.775,12.066,42.636,-0.40646,-0.60484,-0.37652,-0.86745,NaN,NaN,NaN,NaN,NaN,NaN,NaN,NaN,NaN,45.72,0,3342.3,0.0064211,0.77909,NaN,0.65663,NaN,16.636,97319,10.75,2.5194,0.24942,-24.485,10.248,45.839,-0.64508,NaN,NaN,NaN,NaN,NaN
559.36,-3.5242,24.232,-131.92,2.083,-0.1213,-26.421,11.12,42.049,-0.38669,0,0,0,NaN,NaN,NaN,NaN,NaN,NaN,NaN,NaN,NaN,45.72,0,3342.3,0.0064211,NaN,16.147,NaN,0.074917,NaN,-1,-1,2.5211,0.25216,-24.414,10.369,46.127,-0.64301,NaN,NaN,NaN,NaN,NaN
559.37,-3.4796,24.47,-131.93,2.5246,1.2673,-23.395,9.1737,47.37,-0.011115,0,0,0,NaN,NaN,NaN,NaN,NaN,NaN,NaN,NaN,NaN,45.72,0,3342.3,0.0064211,NaN,NaN,NaN,NaN,16.775,97280,10.563,2.5121,0.26191,-24.374,10.476,46.282,-0.62765,NaN,NaN,NaN,NaN,NaN
559.37,-3.4568,24.572,-131.94,2.5596,0.2845,-23.409,9.9153,40.564,-0.64521,-0.61233,-0.36864,-0.85703,NaN,NaN,NaN,NaN,NaN,NaN,NaN,NaN,NaN,45.72,0,3342.3,0.0064211,NaN,NaN,NaN,NaN,NaN,-1,-1,2.4923,0.24727,-24.322,10.592,46.316,-0.60035,NaN,NaN,NaN,NaN,NaN
559.37,-3.4323,24.683,-131.95,2.4419,-0.11534,-27.833,10.789,44.33,-0.7806,0,0,0,NaN,NaN,NaN,NaN,NaN,NaN,NaN,NaN,NaN,45.72,0,3342.3,0.0064211,NaN,NaN,NaN,NaN,NaN,-1,-1,2.4942,0.22879,-24.278,10.416,44.631,-0.5711,NaN,NaN,NaN,NaN,NaN
559.37,-3.4097,24.799,-131.95,2.5401,-0.001625,-23.168,10.117,46.397,-0.89187,0,0,0,NaN,NaN,NaN,NaN,NaN,NaN,NaN,NaN,NaN,45.72,0,3342.3,0.0064211,NaN,NaN,NaN,NaN,16.655,97286,10.563,2.4821,0.22459,-24.226,10.527,44.356,-0.55578,NaN,NaN,NaN,NaN,NaN
559.38,-3.3863,24.904,-131.96,2.7229,0.76555,-23.114,10.019,42.247,-0.18042,0,0,0,NaN,NaN,NaN,NaN,NaN,NaN,NaN,NaN,NaN,45.72,0,3342.3,0.0064211,0.76267,16.143,0.63838,0.09656,NaN,-1,-1,2.4599,0.23049,-24.204,10.597,44.081,-0.52045,NaN,NaN,NaN,NaN,NaN
559.38,-3.3625,25.01,-131.97,2.0802,-0.25786,-28.059,10.232,42.201,-0.3644,-0.62448,-0.37302,-0.85369,NaN,NaN,NaN,NaN,NaN,NaN,NaN,NaN,NaN,45.72,0,3342.3,0.0064211,NaN,NaN,NaN,NaN,NaN,-1,-1,2.4597,0.22113,-24.119,10.623,43.932,-0.49731,NaN,NaN,NaN,NaN,NaN
559.38,-3.3386,25.129,-131.97,2.8296,0.092349,-23.444,10.48,47.532,-0.50243,0,0,0,NaN,NaN,NaN,NaN,NaN,NaN,NaN,NaN,NaN,45.72,0,3342.3,0.0064211,NaN,NaN,NaN,NaN,16.702,97313,10.625,2.4566,0.24267,-24.062,10.664,43.696,-0.51493,NaN,NaN,NaN,NaN,NaN
559.38,-3.3124,25.238,-131.98,3.1219,1.1233,-23.379,11.376,43.493,-0.62034,0,0,0,NaN,NaN,NaN,NaN,NaN,NaN,NaN,NaN,NaN,45.72,0,3342.3,0.0064211,NaN,NaN,NaN,NaN,NaN,-1,-1,2.4436,0.22708,-24.044,10.704,43.553,-0.52617,NaN,NaN,NaN,NaN,NaN
559.39,-3.284,25.337,-131.99,2.1923,-0.18824,-23.332,12.005,39.695,-0.40709,0,0,0,NaN,NaN,NaN,NaN,NaN,NaN,NaN,NaN,NaN,45.72,0,3342.3,0.0064211,NaN,NaN,NaN,NaN,16.467,97296,10.688,2.4312,0.236,-23.971,10.708,43.283,-0.5006,NaN,NaN,NaN,NaN,NaN
559.39,-3.2575,25.452,-131.99,1.9345,-0.23543,-27.321,11.258,45.632,-0.023377,-0.62937,-0.37033,-0.84969,NaN,NaN,NaN,NaN,NaN,NaN,NaN,NaN,NaN,45.72,0,3342.3,0.0064211,0.77197,16.012,0.71506,0.054939,NaN,-1,-1,2.4239,0.23738,-23.929,10.709,43.195,-0.47601,NaN,NaN,NaN,NaN,NaN
559.39,-3.2337,25.565,-132,2.4419,0.93761,-23.613,10.246,45.125,-0.24041,0,0,0,NaN,NaN,NaN,NaN,NaN,NaN,NaN,NaN,NaN,45.72,0,3342.3,0.0064211,NaN,NaN,NaN,NaN,NaN,-1,-1,2.4142,0.23955,-23.872,10.749,43.153,-0.46634,NaN,NaN,NaN,NaN,NaN
559.39,-3.209,25.666,-132.01,2.5264,1.3557,-22.308,10.625,40.551,-0.61524,0,0,0,NaN,NaN,NaN,NaN,NaN,NaN,NaN,NaN,NaN,45.72,0,3288,0.0069644,NaN,NaN,NaN,NaN,16.71,97371,10.938,2.3995,0.23874,-23.808,10.876,42.805,-0.4611,NaN,NaN,NaN,NaN,NaN
559.4,-3.1841,25.772,-132.01,2.2451,-0.56192,-26.506,10.843,42.321,-0.68428,0,0,0,NaN,NaN,NaN,NaN,NaN,NaN,NaN,NaN,NaN,45.72,0,3288,0.0069644,NaN,NaN,NaN,NaN,NaN,-1,-1,2.3888,0.23562,-23.755,10.971,42.638,-0.44453,NaN,NaN,NaN,NaN,NaN
559.4,-3.1586,25.883,-132.02,2.4119,0.14773,-23.044,11.051,44.33,-0.61925,-0.62788,-0.37694,-0.83847,NaN,NaN,NaN,NaN,NaN,NaN,NaN,NaN,NaN,45.72,0,3288,0.0069644,NaN,NaN,NaN,NaN,NaN,-1,-1,2.3801,0.22624,-23.687,10.959,42.594,-0.42814,NaN,NaN,NaN,NaN,NaN
559.4,-3.1336,25.985,-132.02,2.3925,-0.31199,-24.386,10.787,40.868,-0.62573,0,0,0,NaN,NaN,NaN,NaN,NaN,NaN,NaN,NaN,NaN,45.72,0,3288,0.0069644,0.75391,16.14,0.64629,0.099889,16.558,97292,10.563,2.3651,0.22657,-23.677,10.914,42.316,-0.40569,NaN,NaN,NaN,NaN,NaN
559.4,-3.109,26.088,-132.03,2.3747,-0.42184,-24.391,10.406,40.961,-0.18312,0,0,0,NaN,NaN,NaN,NaN,NaN,NaN,NaN,NaN,NaN,45.72,0,3288,0.0069644,NaN,NaN,NaN,NaN,NaN,-1,-1,2.3587,0.22489,-23.575,10.87,42.146,-0.40084,NaN,NaN,NaN,NaN,NaN
559.41,-3.0837,26.199,-132.04,2.6535,0.93046,-24.802,10.742,44.432,-0.15625,0,0,0,NaN,NaN,NaN,NaN,NaN,NaN,NaN,NaN,NaN,45.72,0,3288,0.0069644,NaN,NaN,NaN,NaN,16.709,97332,10.813,2.3509,0.22943,-23.522,10.868,42.1,-0.41005,NaN,NaN,NaN,NaN,NaN
559.41,-3.0569,26.307,-132.04,2.54,0.79569,-22.822,11.758,43.253,-0.96274,-0.63755,-0.38638,-0.83934,NaN,NaN,NaN,NaN,NaN,NaN,NaN,NaN,NaN,45.72,0,3288,0.0069644,NaN,NaN,NaN,NaN,NaN,-1,-1,2.3409,0.22826,-23.494,10.832,41.909,-0.41213,NaN,NaN,NaN,NaN,NaN
559.41,-3.0265,26.405,-132.05,2.6166,-0.078906,-23.104,12.722,38.943,-0.3514,0,0,0,NaN,NaN,NaN,NaN,NaN,NaN,NaN,NaN,NaN,45.72,0,3288,0.0069644,NaN,NaN,NaN,NaN,NaN,-1,-1,2.3357,0.23094,-23.418,10.815,41.53,-0.40545,NaN,NaN,NaN,NaN,NaN
559.41,-3.0009,26.509,-132.05,1.9696,-0.61686,-25.716,10.749,41.368,-0.10663,0,0,0,NaN,NaN,NaN,NaN,NaN,NaN,NaN,NaN,NaN,45.72,0,3288,0.0069644,NaN,NaN,NaN,NaN,16.634,97313,10.688,2.3266,0.23333,-23.345,10.828,41.653,-0.39744,NaN,NaN,NaN,NaN,NaN
559.42,-2.9785,26.618,-132.06,2.2028,0.90756,-23.259,9.5461,43.496,-0.080443,0,0,0,NaN,NaN,NaN,NaN,NaN,NaN,NaN,NaN,NaN,45.72,0,3288,0.0069644,0.77471,16.145,0.63594,0.09656,NaN,-1,-1,2.3073,0.22708,-23.325,10.847,41.773,-0.39752,NaN,NaN,NaN,NaN,NaN
559.42,-2.9277,26.823,-132.07,2.1793,-0.24024,-21.788,11.308,40.131,-0.5069,0,0,0,NaN,NaN,NaN,NaN,NaN,NaN,NaN,NaN,NaN,45.72,0,3288,0.0069644,NaN,NaN,NaN,NaN,NaN,-1,-1,2.297,0.22564,-23.264,10.938,41.509,-0.37378,NaN,NaN,NaN,NaN,NaN
559.42,-2.902,26.924,-132.07,2.6413,-0.13872,-25.261,10.913,40.407,-0.38973,0,0,0,NaN,NaN,NaN,NaN,NaN,NaN,NaN,NaN,NaN,45.72,0,3288,0.0069644,NaN,NaN,NaN,NaN,16.46,97297,10.563,2.2945,0.237,-23.178,11.021,41.293,-0.3638,NaN,NaN,NaN,NaN,NaN
559.42,-2.8772,27.03,-132.08,2.0253,0.16527,-22.953,10.7,42.145,-0.67729,0,0,0,NaN,NaN,NaN,NaN,NaN,NaN,NaN,NaN,NaN,45.72,0,3288,0.0069644,NaN,NaN,NaN,NaN,16.343,97313,10.688,2.2742,0.24441,-23.16,11.028,41.332,-0.32803,NaN,NaN,NaN,NaN,NaN
559.43,-2.8528,27.132,-132.08,2.5687,-0.52807,-22.256,10.373,40.816,-0.32555,-0.65221,-0.37338,-0.82513,NaN,NaN,NaN,NaN,NaN,NaN,NaN,NaN,NaN,45.72,0,3288,0.0069644,0.76376,NaN,0.71323,NaN,NaN,-1,-1,2.2689,0.22285,-23.092,11.047,41.01,-0.32119,NaN,NaN,NaN,NaN,NaN
559.43,-2.8287,27.23,-132.09,2.1948,-0.20744,-26.11,10.16,39.167,-0.32258,0,0,0,NaN,NaN,NaN,NaN,NaN,NaN,NaN,NaN,NaN,45.72,0,3288,0.0069644,NaN,15.948,NaN,0.049112,NaN,-1,-1,2.2675,0.23845,-23.027,11.112,40.82,-0.30855,NaN,NaN,NaN,NaN,NaN
559.43,-2.8021,27.336,-132.1,2.8301,1.7413,-22.975,11.39,42.307,-0.62682,0,0,0,NaN,NaN,NaN,NaN,NaN,NaN,NaN,NaN,NaN,45.72,0,3288,0.0069644,NaN,NaN,NaN,NaN,NaN,-1,-1,2.2508,0.23215,-23.002,11.119,40.843,-0.30998,NaN,NaN,NaN,NaN,NaN
559.43,-2.7743,27.443,-132.1,2.4414,-0.053819,-22.786,11.72,42.394,-0.27049,0,0,0,NaN,NaN,NaN,NaN,NaN,NaN,NaN,NaN,NaN,45.72,0,3288,0.0069644,NaN,NaN,NaN,NaN,16.294,97331,10.75,2.2373,0.24451,-22.95,11.154,40.653,-0.29511,NaN,NaN,NaN,NaN,NaN
559.44,-2.7165,27.637,-132.11,2.0013,0.97581,-26.018,11.838,39.915,0.40394,0,0,0,NaN,NaN,NaN,NaN,NaN,NaN,NaN,NaN,NaN,45.72,0,3288,0.0069644,NaN,NaN,NaN,NaN,NaN,-1,-1,2.2406,0.24551,-22.88,11.231,40.409,-0.29545,NaN,NaN,NaN,NaN,NaN
559.44,-2.6901,27.745,-132.11,2.2286,0.70731,-21.321,10.996,43.08,-0.043946,0,0,0,NaN,NaN,NaN,NaN,NaN,NaN,NaN,NaN,NaN,45.72,0,3288,0.0069644,NaN,NaN,NaN,NaN,NaN,-1,-1,2.2233,0.24682,-22.859,11.294,40.398,-0.27719,NaN,NaN,NaN,NaN,NaN
559.44,-2.6641,27.842,-132.12,2.4584,0.45662,-22.102,11.005,38.959,-0.5144,0,0,0,NaN,NaN,NaN,NaN,NaN,NaN,NaN,NaN,NaN,45.72,0,3288,0.0069644,0.77197,15.788,0.7114,0.043285,16.37,97337,10.813,2.2137,0.2368,-22.79,11.373,40.308,-0.263,NaN,NaN,NaN,NaN,NaN
559.44,-2.6373,27.938,-132.12,2.0134,0.29444,-24.343,11.353,37.939,-0.6165,-0.66507,-0.37956,-0.81076,NaN,NaN,NaN,NaN,NaN,NaN,NaN,NaN,NaN,45.72,0,3288,0.0069644,NaN,NaN,NaN,NaN,NaN,-1,-1,2.2095,0.24677,-22.711,11.512,39.999,-0.22814,NaN,NaN,NaN,NaN,NaN
559.45,-2.61,28.039,-132.13,2.1975,-0.19251,-24.175,11.501,40.618,-0.41316,0,0,0,NaN,NaN,NaN,NaN,NaN,NaN,NaN,NaN,NaN,45.72,0,3288,0.0069644,NaN,NaN,NaN,NaN,16.291,97287,10.563,2.2011,0.23627,-22.615,11.654,40.014,-0.16996,NaN,NaN,NaN,NaN,NaN
559.45,-2.5857,28.143,-132.13,2.3462,-1.4462,-22.323,10.25,41.577,-0.27508,0,0,0,NaN,NaN,NaN,NaN,NaN,NaN,NaN,NaN,NaN,45.72,0,3288,0.0069644,NaN,NaN,NaN,NaN,NaN,-1,-1,2.2027,0.23008,-22.574,11.746,39.977,-0.12657,NaN,NaN,NaN,NaN,NaN
559.45,-2.5608,28.237,-132.13,2.6341,0.74551,-20.539,10.144,37.492,0.10456,0,0,0,NaN,NaN,NaN,NaN,NaN,NaN,NaN,NaN,NaN,45.72,0,3288,0.0069644,0.75993,15.806,0.64507,0.097392,NaN,-1,-1,2.1913,0.22736,-22.526,11.856,39.72,-0.090466,NaN,NaN,NaN,NaN,NaN
559.45,-2.5311,28.336,-132.14,1.7825,1.3907,-25.683,12.187,39.411,0.043774,-0.67253,-0.38892,-0.80922,NaN,NaN,NaN,NaN,NaN,NaN,NaN,NaN,NaN,45.72,0,3288,0.0069644,0.75993,15.806,0.64507,0.097392,16.391,97315,10.688,2.1745,0.22999,-22.471,11.95,39.626,-0.060504,NaN,NaN,NaN,NaN,NaN
559.46,-2.5005,28.443,-132.14,2.2612,-0.41002,-22.203,12.786,42.698,-0.36211,0,0,0,NaN,NaN,NaN,NaN,NaN,NaN,NaN,NaN,NaN,45.72,0,3288,0.0069644,NaN,NaN,NaN,NaN,NaN,-1,-1,2.1738,0.23176,-22.423,12.052,39.626,-0.035794,NaN,NaN,NaN,NaN,NaN
559.46,-2.4675,28.535,-132.14,2.8026,0.11382,-21.565,13.238,36.794,0.33272,0,0,0,NaN,NaN,NaN,NaN,NaN,NaN,NaN,NaN,NaN,45.72,0,3288,0.0069644,NaN,NaN,NaN,NaN,NaN,-1,-1,2.168,0.24617,-22.367,12.171,39.418,-0.029937,NaN,NaN,NaN,NaN,NaN
559.46,-2.436,28.632,-132.15,1.7967,0.31979,-23.476,12.773,38.301,0.16266,0,0,0,NaN,NaN,NaN,NaN,NaN,NaN,NaN,NaN,NaN,45.72,0,3288,0.0069644,NaN,NaN,NaN,NaN,15.975,97293,10.688,2.1556,0.25288,-22.306,12.283,39.202,-0.0065312,NaN,NaN,NaN,NaN,NaN
559.46,-2.4033,28.733,-132.15,1.9596,-0.24834,-23.143,13.251,40.543,0.24574,-0.66648,-0.40038,-0.79758,NaN,NaN,NaN,NaN,NaN,NaN,NaN,NaN,NaN,45.72,0,3288,0.0069644,NaN,NaN,NaN,NaN,NaN,-1,-1,2.1512,0.2289,-22.231,12.399,39.212,0.026507,NaN,NaN,NaN,NaN,NaN
559.47,-2.373,28.837,-132.15,2.0977,0.85349,-22.584,12.361,41.524,0.13522,0,0,0,NaN,NaN,NaN,NaN,NaN,NaN,NaN,NaN,NaN,45.72,0,3288,0.0069644,0.76102,15.526,0.70836,0.056604,16.148,97322,10.75,2.1395,0.24256,-22.195,12.575,39.208,0.04473,NaN,NaN,NaN,NaN,NaN
559.47,-2.3413,28.928,-132.16,2.0964,0.77393,-20.421,12.945,36.327,-0.18077,0,0,0,NaN,NaN,NaN,NaN,NaN,NaN,NaN,NaN,NaN,45.72,0,3288,0.0069644,NaN,NaN,NaN,NaN,NaN,-1,-1,2.1329,0.25014,-22.175,12.796,38.993,0.079555,NaN,NaN,NaN,NaN,NaN
559.47,-2.3094,29.022,-132.16,2.2503,-0.27431,-25.209,12.967,37.429,-0.035695,0,0,0,NaN,NaN,NaN,NaN,NaN,NaN,NaN,NaN,NaN,45.72,0,3288,0.0069644,NaN,NaN,NaN,NaN,NaN,-1,-1,2.1287,0.22602,-22.076,12.966,38.814,0.11891,NaN,NaN,NaN,NaN,NaN
559.47,-2.2778,29.125,-132.16,1.9132,-0.14096,-21.83,13.029,40.864,-0.20535,-0.678,-0.38813,-0.7964,NaN,NaN,NaN,NaN,NaN,NaN,NaN,NaN,NaN,45.72,0,3288,0.0069644,NaN,NaN,NaN,NaN,16.124,97343,10.813,2.1288,0.23231,-22.034,13.085,38.85,0.161,NaN,NaN,NaN,NaN,NaN
559.48,-2.2461,29.222,-132.16,2.4584,0.30425,-21.834,12.741,38.636,0.28121,0,0,0,NaN,NaN,NaN,NaN,NaN,NaN,NaN,NaN,NaN,45.72,0,3288,0.0069644,NaN,NaN,NaN,NaN,NaN,-1,-1,2.1115,0.23806,-22.001,13.236,38.729,0.17766,NaN,NaN,NaN,NaN,NaN
559.48,-2.2134,29.312,-132.17,1.828,0.57406,-23.785,13.205,36.152,0.0036096,0,0,0,NaN,NaN,NaN,NaN,NaN,NaN,NaN,NaN,NaN,45.72,0,3288,0.0069644,NaN,NaN,NaN,NaN,NaN,-1,-1,2.0998,0.23451,-21.943,13.364,38.462,0.22165,NaN,NaN,NaN,NaN,NaN
559.48,-2.1793,29.413,-132.17,2.587,0.55437,-22.293,13.667,40.093,0.32596,0,0,0,NaN,NaN,NaN,NaN,NaN,NaN,NaN,NaN,NaN,45.72,0,3288,0.0069644,0.77635,15.418,0.71201,0.049945,16.37,97341,10.813,2.1033,0.2478,-21.89,13.933,39.504,0.24502,NaN,NaN,NaN,NaN,NaN
559.48,-2.1465,29.513,-132.17,2.2383,0.04684,-22.223,13.352,39.921,0.016902,-0.68793,-0.39243,-0.79064,NaN,NaN,NaN,NaN,NaN,NaN,NaN,NaN,NaN,45.72,0,3288,0.0069644,NaN,NaN,NaN,NaN,NaN,-1,-1,2.0936,0.26248,-21.853,13.93,39.197,0.26256,NaN,NaN,NaN,NaN,NaN
559.49,-2.1093,29.603,-132.17,2.1131,-0.25578,-20.642,14.791,35.862,0.28516,0,0,0,NaN,NaN,NaN,NaN,NaN,NaN,NaN,NaN,NaN,45.72,0,3288,0.0069644,NaN,NaN,NaN,NaN,15.774,97336,10.813,2.0848,0.25974,-21.805,13.92,38.724,0.26843,NaN,NaN,NaN,NaN,NaN
559.49,-2.0735,29.698,-132.17,1.8546,-0.41822,-24.529,14.129,37.994,0.58808,0,0,0,NaN,NaN,NaN,NaN,NaN,NaN,NaN,NaN,NaN,45.72,0,3288,0.0069644,0.82617,NaN,0.70775,NaN,NaN,-1,-1,2.0752,0.25222,-21.745,13.955,38.44,0.2733,NaN,NaN,NaN,NaN,NaN
559.49,-2.0394,29.797,-132.17,2.1458,0.30786,-20.957,13.2,39.442,1.0742,0,0,0,NaN,NaN,NaN,NaN,NaN,NaN,NaN,NaN,NaN,45.72,0,3288,0.0069644,0.82617,NaN,0.70775,NaN,NaN,-1,-1,2.0691,0.26839,-21.698,14.436,39.294,0.29987,NaN,NaN,NaN,NaN,NaN
559.49,-2.0041,29.893,-132.17,1.9813,1.7302,-21.739,13.939,38.321,0.54208,-0.68102,-0.39732,-0.79002,NaN,NaN,NaN,NaN,NaN,NaN,NaN,NaN,NaN,45.72,0,3288,0.0069644,NaN,15.346,NaN,-0.00083241,15.77,97302,10.625,2.0594,0.27871,-21.676,14.377,38.773,0.34044,NaN,NaN,NaN,NaN,NaN
559.5,-1.9666,29.987,-132.17,1.9162,0.47632,-21.906,14.709,37.155,0.61771,0,0,0,NaN,NaN,NaN,NaN,NaN,NaN,NaN,NaN,NaN,45.72,0,3288,0.0069644,NaN,NaN,NaN,NaN,NaN,-1,-1,2.0486,0.252,-21.605,14.276,38.331,0.36608,NaN,NaN,NaN,NaN,NaN
559.5,-1.895,30.178,-132.18,2.3432,-0.24189,-21.969,14.081,39.753,0.25239,0,0,0,NaN,NaN,NaN,NaN,NaN,NaN,NaN,NaN,NaN,45.72,0,3288,0.0069644,NaN,NaN,NaN,NaN,NaN,-1,-1,2.0544,0.25571,-21.549,14.191,37.796,0.3691,NaN,NaN,NaN,NaN,NaN
559.5,-1.8613,30.269,-132.18,2.2477,0.23418,-20.556,13.543,35.992,-0.034549,-0.6914,-0.39874,-0.77542,NaN,NaN,NaN,NaN,NaN,NaN,NaN,NaN,NaN,45.72,0,3288,0.0069644,NaN,NaN,NaN,NaN,15.921,97298,10.625,2.0461,0.25576,-21.53,14.104,37.272,0.36009,NaN,NaN,NaN,NaN,NaN
559.5,-1.8256,30.363,-132.18,1.3362,0.44161,-24.097,14.19,37.438,0.23205,0,0,0,NaN,NaN,NaN,NaN,NaN,NaN,NaN,NaN,NaN,45.72,0,3288,0.0069644,NaN,NaN,NaN,NaN,NaN,-1,-1,2.0294,0.25534,-21.484,14.022,36.763,0.36897,NaN,NaN,NaN,NaN,NaN
559.51,-1.7904,30.462,-132.18,2.5608,0.78919,-21.2,14.117,39.793,0.056608,0,0,0,NaN,NaN,NaN,NaN,NaN,NaN,NaN,NaN,NaN,45.72,0,3288,0.0069644,0.7216,15.174,0.63473,0.097392,15.846,97277,10.563,2.0271,0.25618,-21.433,13.884,36.515,0.35632,NaN,NaN,NaN,NaN,NaN
559.51,-1.7527,30.554,-132.18,2.4498,0.14364,-20.456,15.034,36.625,0.080099,0,0,0,NaN,NaN,NaN,NaN,NaN,NaN,NaN,NaN,NaN,45.72,0,3288,0.0069644,NaN,NaN,NaN,NaN,NaN,-1,-1,2.0279,0.27244,-21.388,13.74,36.15,0.35672,NaN,NaN,NaN,NaN,NaN
559.51,-1.7139,30.644,-132.18,1.4534,-0.61462,-22.063,15.373,35.816,0.22145,-0.69843,-0.38883,-0.77162,-10.569,-13.156,1.5706,16.949,40.058,-88.55,3.678e+05,4.4353e+06,289.67,45.72,0,3288,0.0069644,NaN,NaN,NaN,NaN,NaN,-1,-1,2.0136,0.26752,-21.356,13.686,35.719,0.34747,15.139,-2.8642,7.0611,25.005,-9.7291
559.51,-1.6757,30.741,-132.18,2.0188,-0.11985,-22.718,14.864,38.683,0.77223,0,0,0,NaN,NaN,NaN,NaN,NaN,NaN,NaN,NaN,NaN,45.73,0,3225.2,0.0069644,NaN,NaN,NaN,NaN,16,97295,10.688,2.002,0.24904,-21.274,13.633,35.567,0.3448,NaN,NaN,NaN,NaN,NaN
559.52,-1.6374,30.839,-132.18,2.1144,1.5583,-20.331,14.842,39.18,0.78203,0,0,0,NaN,NaN,NaN,NaN,NaN,NaN,NaN,NaN,NaN,45.73,0,3225.2,0.0069644,NaN,NaN,NaN,NaN,NaN,-1,-1,1.9993,0.2655,-21.24,13.609,35.217,0.36002,NaN,NaN,NaN,NaN,NaN
559.52,-1.5984,30.93,-132.18,1.6214,0.51835,-19.869,15.17,36.174,0.64034,0,0,0,NaN,NaN,NaN,NaN,NaN,NaN,NaN,NaN,NaN,45.73,0,3225.2,0.0069644,0.73693,14.571,0.72175,0.046615,NaN,-1,-1,1.9912,0.25551,-21.166,13.581,34.787,0.3739,NaN,NaN,NaN,NaN,NaN
559.52,-1.5615,31.02,-132.18,2.3151,-0.82319,-22.753,14.55,35.648,0.24093,-0.69193,-0.40317,-0.76882,NaN,NaN,NaN,NaN,NaN,NaN,NaN,NaN,NaN,45.73,0,3225.2,0.0069644,0.73693,14.571,0.72175,0.046615,15.877,97301,10.75,1.9899,0.26076,-21.101,13.578,34.568,0.36991,NaN,NaN,NaN,NaN,NaN
559.52,-1.5248,31.114,-132.18,1.8152,0.098928,-22.185,14.484,37.509,0.24408,0,0,0,NaN,NaN,NaN,NaN,NaN,NaN,NaN,NaN,NaN,45.73,0,3225.2,0.0069644,NaN,NaN,NaN,NaN,NaN,-1,-1,1.983,0.25611,-21.051,13.536,34.523,0.37708,NaN,NaN,NaN,NaN,NaN
559.53,-1.4887,31.211,-132.18,1.9718,0.13693,-20.703,14.155,38.855,0.34102,0,0,0,NaN,NaN,NaN,NaN,NaN,NaN,NaN,NaN,NaN,45.73,0,3225.2,0.0069644,NaN,NaN,NaN,NaN,15.645,97288,10.625,1.9706,0.24582,-21.018,13.49,34.13,0.36479,NaN,NaN,NaN,NaN,NaN
559.53,-1.4525,31.299,-132.18,2.1984,0.6937,-20.008,14.193,34.78,0.30567,0,0,0,NaN,NaN,NaN,NaN,NaN,NaN,NaN,NaN,NaN,45.73,0,3225.2,0.0069644,0.73146,14.236,0.7114,0.043285,NaN,-1,-1,1.9612,0.25107,-20.948,13.444,33.788,0.36995,NaN,NaN,NaN,NaN,NaN
559.53,-1.4142,31.389,-132.18,1.4655,1.0183,-23.273,14.809,35.985,0.64389,-0.70218,-0.40962,-0.75865,NaN,NaN,NaN,NaN,NaN,NaN,NaN,NaN,NaN,45.73,0,3225.2,0.0069644,0.73146,14.236,0.7114,0.043285,NaN,-1,-1,1.9538,0.26418,-20.904,13.404,33.784,0.35649,NaN,NaN,NaN,NaN,NaN
559.53,-1.3765,31.491,-132.18,2.1391,0.49045,-21.511,15.081,40.842,-0.14542,0,0,0,NaN,NaN,NaN,NaN,NaN,NaN,NaN,NaN,NaN,45.73,0,3225.2,0.0069644,NaN,NaN,NaN,NaN,15.698,97317,10.75,1.9446,0.27204,-20.853,13.377,33.618,0.35116,NaN,NaN,NaN,NaN,NaN
559.54,0,0,0,0,0,0,0,0,0,0,0,0,NaN,NaN,NaN,NaN,NaN,NaN,NaN,NaN,NaN,45.73,0,3225.2,0.0069644,NaN,NaN,NaN,NaN,NaN,-1,-1,1.9386,0.25723,-20.757,13.416,33.29,0.33347,NaN,NaN,NaN,NaN,NaN
559.54,-1.2985,31.665,-132.18,1.6383,-0.037959,-22.469,15.013,35.231,0.40434,0,0,0,NaN,NaN,NaN,NaN,NaN,NaN,NaN,NaN,NaN,45.73,0,3225.2,0.0069644,NaN,NaN,NaN,NaN,NaN,-1,-1,1.9312,0.25616,-20.711,13.452,33.244,0.33416,NaN,NaN,NaN,NaN,NaN
559.54,-1.2599,31.763,-132.18,1.894,-0.3551,-21.66,14.878,38.858,0.74903,-0.69996,-0.40953,-0.75623,NaN,NaN,NaN,NaN,NaN,NaN,NaN,NaN,NaN,45.73,0,3225.2,0.0069644,NaN,NaN,NaN,NaN,15.745,97279,10.563,1.9161,0.25109,-20.68,13.492,33.214,0.33102,NaN,NaN,NaN,NaN,NaN
559.54,-1.2222,31.856,-132.18,2.2251,1.6094,-20.147,14.629,37.07,0.42691,0,0,0,NaN,NaN,NaN,NaN,NaN,NaN,NaN,NaN,NaN,45.73,0,3225.2,0.0069644,NaN,NaN,NaN,NaN,15.646,97303,10.688,1.9065,0.26383,-20.611,13.597,33.025,0.32877,NaN,NaN,NaN,NaN,NaN
559.55,0,0,0,0,0,0,0,0,0,0,0,0,NaN,NaN,NaN,NaN,NaN,NaN,NaN,NaN,NaN,45.73,0,3225.2,0.0069644,NaN,NaN,NaN,NaN,NaN,-1,-1,1.9009,0.26719,-20.514,13.669,32.944,0.32902,NaN,NaN,NaN,NaN,NaN
559.55,-1.146,32.032,-132.18,2.1475,-0.62298,-22.672,14.8,35.345,0.2085,0,0,0,NaN,NaN,NaN,NaN,NaN,NaN,NaN,NaN,NaN,45.73,0,3225.2,0.0069644,NaN,NaN,NaN,NaN,NaN,-1,-1,1.8934,0.25138,-20.455,13.706,32.963,0.34365,NaN,NaN,NaN,NaN,NaN
559.55,-1.1069,32.125,-132.18,1.9421,0.35727,-21.177,15.304,37.151,0.2085,-0.71204,-0.41152,-0.75288,NaN,NaN,NaN,NaN,NaN,NaN,NaN,NaN,NaN,45.73,0,3225.2,0.0069644,NaN,NaN,NaN,NaN,NaN,-1,-1,1.8782,0.24811,-20.397,13.73,32.871,0.35812,NaN,NaN,NaN,NaN,NaN
559.55,-1.0686,32.218,-132.18,1.9585,0.022455,-20.374,14.877,36.953,0.32378,0,0,0,NaN,NaN,NaN,NaN,NaN,NaN,NaN,NaN,NaN,45.73,0,3225.2,0.0069644,NaN,NaN,NaN,NaN,15.6,97336,10.875,1.8649,0.24543,-20.302,13.785,32.894,0.36267,NaN,NaN,NaN,NaN,NaN
559.56,-0.99079,32.393,-132.18,1.908,0.72849,-22.624,15.251,36.07,0.44576,0,0,0,NaN,NaN,NaN,NaN,NaN,NaN,NaN,NaN,NaN,45.73,0,3225.2,0.0069644,NaN,NaN,NaN,NaN,NaN,-1,-1,1.8776,0.2499,-20.497,13.864,32.974,0.36107,NaN,NaN,NaN,NaN,NaN
559.56,-0.96689,32.467,-132.19,1.9803,-0.1123,-20.299,15.35,39.236,-0.061478,-0.71704,-0.39889,-0.74224,NaN,NaN,NaN,NaN,NaN,NaN,NaN,NaN,NaN,45.73,0,3225.2,0.0069644,NaN,10.899,NaN,-0.0033296,NaN,-1,-1,1.8758,0.26421,-20.454,13.945,32.872,0.35493,NaN,NaN,NaN,NaN,NaN
559.56,-0.92579,32.551,-132.19,2.4481,-0.30153,-19.131,15.73,33.482,0.59336,0,0,0,NaN,NaN,NaN,NaN,NaN,NaN,NaN,NaN,NaN,45.73,0,3225.2,0.0069644,NaN,NaN,NaN,NaN,15.339,97312,10.75,1.8699,0.27049,-20.426,14.046,32.866,0.36351,NaN,NaN,NaN,NaN,NaN
559.56,-0.8851,32.634,-132.19,1.3613,0.11897,-22.719,15.554,32.941,0.57662,0,0,0,NaN,NaN,NaN,NaN,NaN,NaN,NaN,NaN,NaN,45.73,0,3225.2,0.0069644,NaN,NaN,NaN,NaN,15.314,97287,10.688,1.8587,0.25263,-20.353,14.148,33.029,0.3709,NaN,NaN,NaN,NaN,NaN
559.57,-0.80717,32.823,-132.18,2.0643,1.457,-19.702,14.77,37.162,0.85772,-0.71557,-0.41532,-0.73545,NaN,NaN,NaN,NaN,NaN,NaN,NaN,NaN,NaN,45.73,0,3225.2,0.0069644,NaN,NaN,NaN,NaN,NaN,-1,-1,1.8765,0.25532,-20.564,14.305,33.08,0.3587,NaN,NaN,NaN,NaN,NaN
559.57,-0.76733,32.905,-132.18,1.8184,0.8412,-19.344,15.406,33.024,0.20781,0,0,0,NaN,NaN,NaN,NaN,NaN,NaN,NaN,NaN,NaN,45.73,0,3225.2,0.0069644,NaN,NaN,NaN,NaN,NaN,-1,-1,1.8733,0.25885,-20.578,14.498,33.04,0.35103,NaN,NaN,NaN,NaN,NaN
559.57,-0.72772,32.989,-132.18,1.8627,-0.53685,-23.5,15.254,33.306,0.28482,0,0,0,NaN,NaN,NaN,NaN,NaN,NaN,NaN,NaN,NaN,45.73,0,3225.2,0.0069644,0.72598,9.1603,0.62925,0.095727,NaN,-1,-1,1.8738,0.25691,-20.529,14.681,33.131,0.34972,NaN,NaN,NaN,NaN,NaN
559.57,-0.68893,33.083,-132.18,1.9499,-0.48403,-19.818,15.047,37.561,0.11918,0,0,0,NaN,NaN,NaN,NaN,NaN,NaN,NaN,NaN,NaN,45.73,0,3225.2,0.0069644,NaN,NaN,NaN,NaN,15.571,97290,10.688,1.8721,0.25908,-20.519,14.841,33.332,0.36135,NaN,NaN,NaN,NaN,NaN
559.58,-0.64938,33.17,-132.18,2.2386,0.25379,-19.433,14.915,34.384,0.74152,-0.7275,-0.41252,-0.73209,NaN,NaN,NaN,NaN,NaN,NaN,NaN,NaN,NaN,45.73,0,3225.2,0.0069644,NaN,NaN,NaN,NaN,NaN,-1,-1,1.865,0.26132,-20.461,14.987,33.375,0.37316,NaN,NaN,NaN,NaN,NaN
559.58,-0.60959,33.247,-132.18,1.4983,0.27107,-21.705,15.238,30.723,0.31793,0,0,0,NaN,NaN,NaN,NaN,NaN,NaN,NaN,NaN,NaN,45.73,0,3225.2,0.0069644,NaN,NaN,NaN,NaN,15.133,97315,10.813,1.8676,0.26016,-20.455,15.112,33.356,0.38415,NaN,NaN,NaN,NaN,NaN
559.58,-0.56739,33.338,-132.17,2.0165,0.73662,-22.29,16.08,36.286,0.53073,0,0,0,NaN,NaN,NaN,NaN,NaN,NaN,NaN,NaN,NaN,45.73,0,3225.2,0.0069644,NaN,NaN,NaN,NaN,NaN,-1,-1,1.8632,0.26195,-20.438,15.238,33.555,0.37171,NaN,NaN,NaN,NaN,NaN
559.58,-0.52514,33.429,-132.17,2.3964,0.29187,-19.192,16.406,36.456,0.046524,0,0,0,NaN,NaN,NaN,NaN,NaN,NaN,NaN,NaN,NaN,45.73,0,3225.2,0.0069644,NaN,NaN,NaN,NaN,NaN,-1,-1,1.852,0.25746,-20.398,15.356,33.739,0.36026,NaN,NaN,NaN,NaN,NaN
559.59,-0.48182,33.505,-132.17,2.0529,0.28668,-19.957,16.622,30.214,0.29456,-0.72562,-0.4195,-0.72749,NaN,NaN,NaN,NaN,NaN,NaN,NaN,NaN,NaN,45.73,0,3225.2,0.0069644,0.72708,6.587,0.63533,0.095727,15.391,97270,10.625,1.8456,0.25103,-20.391,15.514,33.69,0.35464,NaN,NaN,NaN,NaN,NaN
559.59,-0.4392,33.588,-132.17,1.3255,-0.099357,-23.261,16.212,33.084,0.47831,0,0,0,NaN,NaN,NaN,NaN,NaN,NaN,NaN,NaN,NaN,45.73,0,3225.2,0.0069644,NaN,NaN,NaN,NaN,NaN,-1,-1,1.8457,0.2616,-20.392,15.725,33.783,0.35785,NaN,NaN,NaN,NaN,NaN
559.59,-0.40011,33.678,-132.17,2.0447,0.39232,-20.355,14.74,35.91,0.56035,0,0,0,NaN,NaN,NaN,NaN,NaN,NaN,NaN,NaN,NaN,45.73,0,3225.2,0.0069644,NaN,NaN,NaN,NaN,NaN,-1,-1,1.8449,0.25853,-20.339,15.941,34.11,0.3508,NaN,NaN,NaN,NaN,NaN
559.59,-0.36001,33.758,-132.16,2.0724,1.3982,-20.524,15.278,31.887,0.30504,0,0,0,NaN,NaN,NaN,NaN,NaN,NaN,NaN,NaN,NaN,45.73,0,3225.2,0.0069644,NaN,NaN,NaN,NaN,15.235,97291,10.688,1.8424,0.24772,-20.318,15.615,32.891,0.33517,NaN,NaN,NaN,NaN,NaN
559.6,-0.3213,33.838,-132.16,1.4126,-0.053558,-19.905,14.901,31.745,0.023491,-0.73078,-0.42146,-0.7213,NaN,NaN,NaN,NaN,NaN,NaN,NaN,NaN,NaN,45.73,0,3225.2,0.0069644,0.7227,3.343,0.63716,0.094895,NaN,-1,-1,1.836,0.24879,-20.313,15.743,32.682,0.33112,NaN,NaN,NaN,NaN,NaN
559.6,-0.24513,34.001,-132.16,1.9152,0.22942,-19.852,14.479,32.651,0.15711,0,0,0,NaN,NaN,NaN,NaN,NaN,NaN,NaN,NaN,NaN,45.73,0,3225.2,0.0069644,NaN,NaN,NaN,NaN,NaN,-1,-1,1.8245,0.24504,-20.28,15.835,32.622,0.32296,NaN,NaN,NaN,NaN,NaN
559.6,-0.20562,34.08,-132.16,1.8043,0.15086,-20.217,14.927,31.541,0.38182,0,0,0,NaN,NaN,NaN,NaN,NaN,NaN,NaN,NaN,NaN,45.73,0,3225.2,0.0069644,NaN,NaN,NaN,NaN,15.159,97338,10.875,1.8268,0.2529,-20.235,15.884,32.564,0.31484,NaN,NaN,NaN,NaN,NaN
559.6,-0.16541,34.156,-132.15,1.8818,0.15339,-21.265,15.071,30.233,0.57038,-0.73816,-0.42352,-0.71752,NaN,NaN,NaN,NaN,NaN,NaN,NaN,NaN,NaN,45.73,0,3225.2,0.0069644,NaN,NaN,NaN,NaN,NaN,-1,-1,1.8211,0.25712,-20.224,15.389,31.034,0.28869,NaN,NaN,NaN,NaN,NaN
559.61,-0.082186,34.317,-132.15,1.9256,0.28903,-20.461,16.329,32.87,0.14857,0,0,0,NaN,NaN,NaN,NaN,NaN,NaN,NaN,NaN,NaN,45.73,0,3225.2,0.0069644,NaN,NaN,NaN,NaN,15.056,97303,10.813,1.8102,0.24929,-20.208,15.306,30.525,0.26804,NaN,NaN,NaN,NaN,NaN
559.61,-0.037855,34.388,-132.15,2.0357,0.12041,-19.659,16.649,28.349,0.58029,0,0,0,NaN,NaN,NaN,NaN,NaN,NaN,NaN,NaN,NaN,45.73,0,3225.2,0.0069644,NaN,NaN,NaN,NaN,NaN,-1,-1,1.8036,0.2488,-20.204,15.249,30.179,0.23828,NaN,NaN,NaN,NaN,NaN
559.61,0.003916,34.461,-132.14,1.5515,0.099488,-22.443,15.7,29.111,0.46175,-0.73829,-0.4234,-0.71532,NaN,NaN,NaN,NaN,NaN,NaN,NaN,NaN,NaN,45.73,0,3225.2,0.0069644,0.74569,2.5172,0.71323,0.050777,NaN,-1,-1,1.7931,0.25294,-20.206,15.192,29.762,0.20569,NaN,NaN,NaN,NaN,NaN
559.61,0.044126,34.539,-132.14,1.7714,0.61909,-20.754,15.185,30.971,0.26379,0,0,0,NaN,NaN,NaN,NaN,NaN,NaN,NaN,NaN,NaN,45.73,0,3225.2,0.0069644,NaN,NaN,NaN,NaN,15.184,97323,10.813,1.7823,0.25364,-20.205,15.19,29.21,0.17936,NaN,NaN,NaN,NaN,NaN
559.62,0.084042,34.613,-132.14,2.2061,1.1853,-20.498,15.243,29.515,-0.013121,0,0,0,NaN,NaN,NaN,NaN,NaN,NaN,NaN,NaN,NaN,45.73,0,3225.2,0.0069644,NaN,NaN,NaN,NaN,NaN,-1,-1,1.7864,0.26489,-20.157,15.191,28.859,0.14155,NaN,NaN,NaN,NaN,NaN
559.62,0.12351,34.68,-132.14,1.5637,-0.015792,-19.272,15.253,26.9,-0.30802,0,0,0,NaN,NaN,NaN,NaN,NaN,NaN,NaN,NaN,NaN,45.73,0,3225.2,0.0069644,NaN,NaN,NaN,NaN,NaN,-1,-1,1.778,0.24351,-20.15,15.195,28.365,0.14196,NaN,NaN,NaN,NaN,NaN
559.62,0.16222,34.748,-132.13,2.2227,-0.9928,-23.065,14.637,26.82,0.14983,-0.73848,-0.42077,-0.7109,NaN,NaN,NaN,NaN,NaN,NaN,NaN,NaN,NaN,45.73,0,3225.2,0.0069644,0.7446,2.6455,0.65177,NaN,15.184,97300,10.75,1.7698,0.23793,-20.15,15.206,27.735,0.13456,NaN,NaN,NaN,NaN,NaN
559.62,0.19921,34.819,-132.13,1.7802,-0.12787,-20.68,13.978,28.371,0.064973,0,0,0,NaN,NaN,NaN,NaN,NaN,NaN,NaN,NaN,NaN,45.73,0,3142.3,0.0064211,NaN,NaN,NaN,0.074085,NaN,-1,-1,1.7643,0.24665,-20.096,15.194,27.27,0.14057,NaN,NaN,NaN,NaN,NaN
559.63,0.23645,34.887,-132.13,1.819,0.03955,-19.891,13.802,27.225,0.4453,0,0,0,NaN,NaN,NaN,NaN,NaN,NaN,NaN,NaN,NaN,45.73,0,3142.3,0.0064211,NaN,NaN,NaN,NaN,14.918,97266,10.625,1.756,0.24784,-20.089,15.17,26.705,0.13127,NaN,NaN,NaN,NaN,NaN
559.63,0.27484,34.949,-132.13,1.7761,0.58988,-21.341,14.451,24.491,0.16495,0,0,0,NaN,NaN,NaN,NaN,NaN,NaN,NaN,NaN,NaN,45.73,0,3142.3,0.0064211,NaN,NaN,NaN,NaN,NaN,-1,-1,1.7451,0.24686,-20.064,15.137,26.053,0.12694,NaN,NaN,NaN,NaN,NaN
559.63,0.31562,35.014,-132.12,1.972,1.6577,-21.2,15.465,25.871,0.062911,-0.74161,-0.42492,-0.70009,NaN,NaN,NaN,NaN,NaN,NaN,NaN,NaN,NaN,45.73,0,3142.3,0.0064211,NaN,NaN,NaN,NaN,NaN,-1,-1,1.7404,0.24954,-19.907,15.078,25.522,0.11613,NaN,NaN,NaN,NaN,NaN
559.63,0.35653,35.082,-132.12,1.9013,-0.67529,-20.059,15.806,26.909,-0.38165,0,0,0,NaN,NaN,NaN,NaN,NaN,NaN,NaN,NaN,NaN,45.73,0,3142.3,0.0064211,NaN,NaN,NaN,NaN,15.052,97304,10.75,1.7291,0.24765,-19.911,15.008,24.967,0.10471,NaN,NaN,NaN,NaN,NaN
559.64,0.39903,35.136,-132.12,2.0347,0.29699,-18.969,16.017,21.74,0.23216,0,0,0,NaN,NaN,NaN,NaN,NaN,NaN,NaN,NaN,NaN,45.73,0,3142.3,0.0064211,0.73036,2.639,0.63716,0.10072,NaN,-1,-1,1.7161,0.23507,-19.893,14.973,24.169,0.081347,NaN,NaN,NaN,NaN,NaN
559.64,0.44228,35.194,-132.12,1.272,0.37271,-23.176,16.257,23.113,0.29748,0,0,0,NaN,NaN,NaN,NaN,NaN,NaN,NaN,NaN,NaN,45.73,0,3142.3,0.0064211,NaN,NaN,NaN,NaN,NaN,-1,-1,1.7053,0.24148,-19.898,14.986,23.649,0.078365,NaN,NaN,NaN,NaN,NaN
559.64,0.48278,35.259,-132.12,1.8536,-0.318,-20.439,15.293,25.852,0.075745,-0.74416,-0.42716,-0.6981,NaN,NaN,NaN,NaN,NaN,NaN,NaN,NaN,NaN,45.73,0,3142.3,0.0064211,NaN,NaN,NaN,NaN,14.974,97294,10.75,1.7009,0.24503,-19.752,15.011,23.17,0.060156,NaN,NaN,NaN,NaN,NaN
559.64,0.52105,35.315,-132.11,2.2122,0.91299,-19.401,14.339,22.364,0.15831,0,0,0,NaN,NaN,NaN,NaN,NaN,NaN,NaN,NaN,NaN,45.73,0,3142.3,0.0064211,NaN,NaN,NaN,NaN,NaN,-1,-1,1.6964,0.24237,-19.739,15.054,22.399,0.051128,NaN,NaN,NaN,NaN,NaN
559.65,0.55865,35.366,-132.11,1.3727,0.63273,-20.012,14.485,19.932,-0.41637,0,0,0,NaN,NaN,NaN,NaN,NaN,NaN,NaN,NaN,NaN,45.73,0,3142.3,0.0064211,NaN,NaN,NaN,NaN,15.002,97309,10.813,1.6815,0.21798,-19.746,15.094,21.72,0.03844,NaN,NaN,NaN,NaN,NaN
559.65,0.59537,35.418,-132.11,1.7195,-1.1339,-21.31,13.972,21.073,-0.21658,0,0,0,NaN,NaN,NaN,NaN,NaN,NaN,NaN,NaN,NaN,45.73,0,3142.3,0.0064211,0.73858,2.5226,0.71566,0.049112,NaN,-1,-1,1.6742,0.23358,-19.706,15.09,21.163,0.022193,NaN,NaN,NaN,NaN,NaN
559.65,0.63101,35.472,-132.11,1.9254,-0.22945,-20.466,13.58,21.219,-0.28172,-0.74455,-0.4268,-0.69148,NaN,NaN,NaN,NaN,NaN,NaN,NaN,NaN,NaN,45.73,0,3142.3,0.0064211,0.73858,2.5226,0.71566,0.049112,NaN,-1,-1,1.6611,0.23691,-19.69,15.091,20.451,0.014722,NaN,NaN,NaN,NaN,NaN
559.65,0.6693,35.522,-132.11,1.6005,0.92144,-18.794,14.295,19.771,0.19721,0,0,0,NaN,NaN,NaN,NaN,NaN,NaN,NaN,NaN,NaN,45.73,0,3142.3,0.0064211,NaN,NaN,NaN,NaN,14.915,97265,10.563,1.6526,0.24411,-19.666,15.043,19.733,0.004695,NaN,NaN,NaN,NaN,NaN
559.66,0.70961,35.565,-132.1,1.4818,-0.3926,-21.588,15.313,17.303,-0.084511,0,0,0,NaN,NaN,NaN,NaN,NaN,NaN,NaN,NaN,NaN,45.73,0,3142.3,0.0064211,NaN,NaN,NaN,NaN,NaN,-1,-1,1.6424,0.25102,-19.626,14.957,19.054,0.0045362,NaN,NaN,NaN,NaN,NaN
559.66,0.75029,35.614,-132.1,2.0362,0.91915,-20.092,15.402,19.386,-0.035409,0,0,0,NaN,NaN,NaN,NaN,NaN,NaN,NaN,NaN,NaN,45.73,0,3142.3,0.0064211,NaN,NaN,NaN,NaN,NaN,-1,-1,1.6272,0.23581,-19.588,14.894,18.388,-0.0047905,NaN,NaN,NaN,NaN,NaN
559.66,0.79315,35.663,-132.1,1.8688,0.062323,-19.174,16.3,19.298,-0.076261,-0.74683,-0.42438,-0.69168,NaN,NaN,NaN,NaN,NaN,NaN,NaN,NaN,NaN,45.73,0,3142.3,0.0064211,0.73146,2.6014,0.64629,0.077414,14.921,97271,10.688,1.6173,0.2306,-19.564,14.834,17.619,-0.012554,NaN,NaN,NaN,NaN,NaN
559.66,0.83612,35.7,-132.1,1.7336,0.18527,-18.946,16.197,15.03,0.15751,0,0,0,NaN,NaN,NaN,NaN,NaN,NaN,NaN,NaN,NaN,45.73,0,3142.3,0.0064211,NaN,NaN,NaN,NaN,NaN,-1,-1,1.5994,0.23569,-19.535,14.852,16.979,-0.03658,NaN,NaN,NaN,NaN,NaN
559.67,0.87886,35.74,-132.09,1.2461,-0.29947,-22.368,15.925,15.841,0.38411,0,0,0,NaN,NaN,NaN,NaN,NaN,NaN,NaN,NaN,NaN,45.73,0,3142.3,0.0064211,NaN,NaN,NaN,NaN,14.841,97312,10.813,1.5882,0.24325,-19.479,14.886,16.225,-0.025572,NaN,NaN,NaN,NaN,NaN
559.67,0.91845,35.786,-132.09,1.4887,0.36919,-19.47,14.618,18.252,0.39752,0,0,0,NaN,NaN,NaN,NaN,NaN,NaN,NaN,NaN,NaN,45.73,0,3142.3,0.0064211,NaN,NaN,NaN,NaN,NaN,-1,-1,1.5838,0.24216,-19.435,14.908,15.493,-0.034654,NaN,NaN,NaN,NaN,NaN
559.67,0.95742,35.824,-132.08,2.2508,1.2667,-18.93,14.506,15.054,0.2552,-0.74958,-0.42889,-0.6875,NaN,NaN,NaN,NaN,NaN,NaN,NaN,NaN,NaN,45.73,0,3142.3,0.0064211,NaN,NaN,NaN,NaN,NaN,-1,-1,1.5737,0.24706,-19.404,14.907,14.827,-0.052687,NaN,NaN,NaN,NaN,NaN
559.67,0.99584,35.856,-132.08,1.004,0.29073,-19.191,14.684,12.509,-0.26918,0,0,0,NaN,NaN,NaN,NaN,NaN,NaN,NaN,NaN,NaN,45.73,0,3142.3,0.0064211,NaN,NaN,NaN,NaN,14.76,97272,10.688,1.5557,0.23514,-19.345,14.897,14.125,-0.068383,NaN,NaN,NaN,NaN,NaN
559.68,1.0336,35.892,-132.08,1.7705,-1.1419,-20.771,14.232,14.403,-0.045607,0,0,0,NaN,NaN,NaN,NaN,NaN,NaN,NaN,NaN,NaN,45.73,0,3142.3,0.0064211,0.74022,2.6121,0.63533,0.097392,NaN,-1,-1,1.5452,0.24486,-19.31,14.87,13.364,-0.097478,NaN,NaN,NaN,NaN,NaN
559.68,1.1069,35.959,-132.08,1.291,1.0389,-18.477,13.897,12.706,-0.10348,-0.75899,-0.43367,-0.69056,NaN,NaN,NaN,NaN,NaN,NaN,NaN,NaN,NaN,45.73,0,3142.3,0.0064211,NaN,NaN,NaN,NaN,NaN,-1,-1,1.5262,0.25297,-19.266,14.784,12.579,-0.10325,NaN,NaN,NaN,NaN,NaN
559.68,1.1452,35.985,-132.08,1.3846,0.17351,-20.964,14.693,10.373,-0.29393,0,0,0,NaN,NaN,NaN,NaN,NaN,NaN,NaN,NaN,NaN,45.73,0,3142.3,0.0064211,NaN,NaN,NaN,NaN,14.597,97296,10.75,1.517,0.26459,-19.17,14.686,11.928,-0.13347,NaN,NaN,NaN,NaN,NaN
559.68,1.1835,36.015,-132.07,1.8502,0.90713,-19.104,14.741,11.711,-0.46163,0,0,0,NaN,NaN,NaN,NaN,NaN,NaN,NaN,NaN,NaN,45.73,0,3142.3,0.0064211,NaN,NaN,NaN,NaN,NaN,-1,-1,1.4975,0.24947,-19.114,14.58,11.214,-0.1602,NaN,NaN,NaN,NaN,NaN
559.69,1.223,36.044,-132.07,1.6414,-0.17617,-18.47,15.286,11.691,-0.56167,0,0,0,NaN,NaN,NaN,NaN,NaN,NaN,NaN,NaN,NaN,45.73,0,3142.3,0.0064211,0.73146,2.6002,0.6469,NaN,14.542,97255,10.625,1.4787,0.24504,-19.054,14.491,10.371,-0.18458,NaN,NaN,NaN,NaN,NaN
559.69,1.3036,36.086,-132.07,0.91617,0.38194,-21.255,15.497,8.6118,0.066864,0,0,0,NaN,NaN,NaN,NaN,NaN,NaN,NaN,NaN,NaN,45.73,0,3142.3,0.0064211,0.73146,2.6002,0.6469,NaN,NaN,-1,-1,1.4684,0.23804,-18.96,14.429,9.6817,-0.20108,NaN,NaN,NaN,NaN,NaN
559.69,1.343,36.114,-132.07,1.3666,0.19921,-18.789,14.763,11.021,0.088006,0,0,0,NaN,NaN,NaN,NaN,NaN,NaN,NaN,NaN,NaN,45.73,0,3142.3,0.0064211,NaN,NaN,NaN,0.081576,NaN,-1,-1,1.4517,0.23398,-18.9,14.389,9.0446,-0.23281,NaN,NaN,NaN,NaN,NaN
559.69,1.3799,36.132,-132.07,1.8484,0.86794,-17.295,14.118,7.3084,-0.27851,0,0,0,NaN,NaN,NaN,NaN,NaN,NaN,NaN,NaN,NaN,45.73,0,3142.3,0.0064211,NaN,NaN,NaN,NaN,14.486,97285,10.688,1.4313,0.23091,-18.843,14.389,8.2411,-0.257,NaN,NaN,NaN,NaN,NaN
559.7,1.4166,36.147,-132.06,1.2208,0.73274,-18.021,14.107,5.6795,-0.34962,-0.76688,-0.43525,-0.67796,NaN,NaN,NaN,NaN,NaN,NaN,NaN,NaN,NaN,45.73,0,3142.3,0.0064211,NaN,NaN,NaN,NaN,NaN,-1,-1,1.423,0.23799,-18.749,14.389,7.541,-0.28028,NaN,NaN,NaN,NaN,NaN
559.7,1.4527,36.165,-132.06,1.5144,-1.144,-20.089,13.913,7.128,-0.45951,0,0,0,NaN,NaN,NaN,NaN,NaN,NaN,NaN,NaN,NaN,45.73,0,3142.3,0.0064211,NaN,NaN,NaN,NaN,NaN,-1,-1,1.4091,0.23678,-18.652,14.354,6.8955,-0.31073,NaN,NaN,NaN,NaN,NaN
559.7,1.4886,36.181,-132.06,1.6845,-0.37179,-18.23,13.635,6.187,-0.17578,0,0,0,NaN,NaN,NaN,NaN,NaN,NaN,NaN,NaN,NaN,45.73,0,3142.3,0.0064211,0.73803,2.4862,0.71688,0.040788,14.6,97316,10.875,1.3873,0.24016,-18.582,14.279,6.1712,-0.32533,NaN,NaN,NaN,NaN,NaN
559.7,1.5239,36.193,-132.06,1.0615,0.61172,-17.918,13.256,4.9017,0.10118,0,0,0,NaN,NaN,NaN,NaN,NaN,NaN,NaN,NaN,NaN,45.73,0,3142.3,0.0064211,NaN,NaN,NaN,NaN,NaN,-1,-1,1.37,0.24405,-18.511,14.172,5.4419,-0.35522,NaN,NaN,NaN,NaN,NaN
559.71,1.5586,36.206,-132.06,1.1977,0.072436,-19.272,13.286,5.1296,-0.3628,-0.75984,-0.44025,-0.67955,NaN,NaN,NaN,NaN,NaN,NaN,NaN,NaN,NaN,45.73,0,3142.3,0.0064211,NaN,NaN,NaN,NaN,14.49,97279,10.75,1.3566,0.23837,-18.4,14.031,4.7758,-0.37771,NaN,NaN,NaN,NaN,NaN
559.71,1.5949,36.218,-132.06,1.6949,1.2768,-18.04,14.196,4.5253,-0.65094,0,0,0,NaN,NaN,NaN,NaN,NaN,NaN,NaN,NaN,NaN,45.73,0,3142.3,0.0064211,NaN,NaN,NaN,NaN,NaN,-1,-1,1.3405,0.25152,-18.303,13.885,4.1239,-0.43205,NaN,NaN,NaN,NaN,NaN
559.71,1.6322,36.228,-132.06,1.1367,0.29627,-17.493,14.817,3.8714,-0.97208,0,0,0,NaN,NaN,NaN,NaN,NaN,NaN,NaN,NaN,NaN,45.73,0,3142.3,0.0064211,NaN,NaN,NaN,NaN,NaN,-1,-1,1.3166,0.24967,-18.222,13.746,3.4991,-0.46728,NaN,NaN,NaN,NaN,NaN
559.71,1.6693,36.233,-132.06,1.5599,-0.68498,-17.587,14.489,1.9054,-0.57456,0,0,0,NaN,NaN,NaN,NaN,NaN,NaN,NaN,NaN,NaN,45.73,0,3142.3,0.0064211,0.7227,2.6014,0.62803,0.10072,14.685,97317,10.938,1.2982,0.2388,-18.117,13.68,2.7835,-0.49958,NaN,NaN,NaN,NaN,NaN
559.72,1.7431,36.248,-132.06,1.0726,0.78484,-18.789,14.493,3.204,-0.41683,0,0,0,NaN,NaN,NaN,NaN,NaN,NaN,NaN,NaN,NaN,45.73,0,3142.3,0.0064211,0.7227,2.6014,0.62803,0.10072,NaN,-1,-1,1.2813,0.24118,-18.016,13.597,2.2204,-0.52686,NaN,NaN,NaN,NaN,NaN
559.72,1.7781,36.254,-132.06,1.4195,0.6175,-16.367,13.456,1.8984,-0.3259,0,0,0,NaN,NaN,NaN,NaN,NaN,NaN,NaN,NaN,NaN,45.73,0,3142.3,0.0064211,NaN,NaN,NaN,NaN,14.456,97258,10.563,1.264,0.24101,-17.908,13.575,1.6446,-0.55778,NaN,NaN,NaN,NaN,NaN
559.72,1.8461,36.256,-132.06,1.1808,-1.12,-17.88,13.347,0.50225,-0.96807,-0.7581,-0.45201,-0.67496,NaN,NaN,NaN,NaN,NaN,NaN,NaN,NaN,NaN,45.73,0,3142.3,0.0064211,NaN,NaN,NaN,NaN,NaN,-1,-1,1.2405,0.23304,-17.834,13.571,1.007,-0.57952,NaN,NaN,NaN,NaN,NaN
559.72,1.879,36.256,-132.06,1.2957,-0.16403,-17.05,12.751,-0.03707,-0.48232,0,0,0,NaN,NaN,NaN,NaN,NaN,NaN,NaN,NaN,NaN,45.73,0,3142.3,0.0064211,NaN,NaN,NaN,NaN,14.377,97232,10.563,1.2244,0.24474,-17.692,13.555,0.42393,-0.59275,NaN,NaN,NaN,NaN,NaN
559.73,1.9118,36.256,-132.06,0.8966,0.4914,-17.26,12.663,-0.27439,-0.36772,0,0,0,NaN,NaN,NaN,NaN,NaN,NaN,NaN,NaN,NaN,45.73,0,3142.3,0.0064211,0.72489,2.6091,0.63899,0.087403,NaN,-1,-1,1.2085,0.2436,-17.585,13.481,-0.12297,-0.60478,NaN,NaN,NaN,NaN,NaN
559.73,1.944,36.255,-132.06,1.0599,0.22426,-16.908,12.726,-0.52764,-0.7445,0,0,0,NaN,NaN,NaN,NaN,NaN,NaN,NaN,NaN,NaN,45.73,0,3142.3,0.0064211,NaN,NaN,NaN,NaN,NaN,-1,-1,1.1817,0.23214,-17.484,13.405,-0.62756,-0.61743,NaN,NaN,NaN,NaN,NaN
559.73,1.977,36.252,-132.06,1.3471,0.59838,-16.926,13.06,-1.5399,-0.77028,-0.75286,-0.43783,-0.6767,NaN,NaN,NaN,NaN,NaN,NaN,NaN,NaN,NaN,45.73,0,3142.3,0.0064211,NaN,NaN,NaN,NaN,14.237,97258,10.625,1.1672,0.23498,-17.344,13.313,-1.1627,-0.63226,NaN,NaN,NaN,NaN,NaN
559.73,2.0119,36.249,-132.06,1.1342,1.02,-16.866,14.108,-1.1253,-1.1634,0,0,0,NaN,NaN,NaN,NaN,NaN,NaN,NaN,NaN,NaN,45.73,0,3070.9,0.0058767,NaN,NaN,NaN,NaN,14.242,97316,10.875,1.1409,0.23617,-17.231,13.215,-1.6567,-0.64782,NaN,NaN,NaN,NaN,NaN
559.74,2.0821,36.235,-132.06,0.8635,-0.022811,-16.245,13.622,-3.5675,-0.59977,0,0,0,NaN,NaN,NaN,NaN,NaN,NaN,NaN,NaN,NaN,45.73,0,3070.9,0.0058767,NaN,NaN,NaN,NaN,NaN,-1,-1,1.1137,0.23579,-17.111,13.108,-2.1426,-0.67843,NaN,NaN,NaN,NaN,NaN
559.74,2.1168,36.229,-132.06,0.84103,0.69719,-18.063,13.39,-2.6891,-0.26648,-0.75984,-0.44025,-0.67955,-8.8353,-11.688,3.6826,15.107,40.058,-88.55,3.678e+05,4.4353e+06,290.06,45.73,0,3070.9,0.0058767,NaN,NaN,NaN,NaN,NaN,-1,-1,1.096,0.24759,-16.991,13.022,-2.6682,-0.71979,13.784,-2.5518,5.632,22.224,-9.7245
559.74,2.1505,36.226,-132.06,1.2637,1.052,-15.503,13.183,-1.3003,-0.53491,0,0,0,NaN,NaN,NaN,NaN,NaN,NaN,NaN,NaN,NaN,45.73,0,3070.9,0.0058767,NaN,NaN,NaN,NaN,NaN,-1,-1,1.0761,0.25244,-16.84,12.959,-3.0833,-0.74723,NaN,NaN,NaN,NaN,NaN
559.74,2.1836,36.216,-132.07,0.80017,0.91244,-15.381,13.275,-4.2681,-0.89456,0,0,0,NaN,NaN,NaN,NaN,NaN,NaN,NaN,NaN,NaN,45.73,0,3070.9,0.0058767,NaN,NaN,NaN,NaN,14.268,97263,10.688,1.0502,0.24353,-16.722,12.934,-3.4602,-0.77835,NaN,NaN,NaN,NaN,NaN
559.75,2.2156,36.205,-132.07,0.6391,-1.1132,-16.584,12.953,-4.3543,-1.0109,0,0,0,NaN,NaN,NaN,NaN,NaN,NaN,NaN,NaN,NaN,45.73,0,3070.9,0.0058767,NaN,NaN,NaN,NaN,NaN,-1,-1,1.0276,0.23156,-16.589,12.929,-3.9202,-0.79787,NaN,NaN,NaN,NaN,NaN
559.75,2.2457,36.195,-132.07,1.5429,0.13064,-14.933,11.952,-4.2677,-0.7029,-0.76247,-0.4498,-0.67979,NaN,NaN,NaN,NaN,NaN,NaN,NaN,NaN,NaN,45.73,0,3070.9,0.0058767,0.73912,2.6085,0.65359,NaN,NaN,-1,-1,1.0038,0.22762,-16.462,12.901,-4.2131,-0.80993,NaN,NaN,NaN,NaN,NaN
559.75,2.2763,36.18,-132.07,0.80275,0.26658,-16.763,12.112,-6.043,-0.61645,0,0,0,NaN,NaN,NaN,NaN,NaN,NaN,NaN,NaN,NaN,45.73,0,3070.9,0.0058767,NaN,NaN,NaN,0.049945,14.268,97284,10.75,0.98363,0.24119,-16.315,12.846,-4.6374,-0.83458,NaN,NaN,NaN,NaN,NaN
559.75,2.307,36.17,-132.07,0.46196,0.26513,-16.161,12.116,-4.249,-0.57038,0,0,0,NaN,NaN,NaN,NaN,NaN,NaN,NaN,NaN,NaN,45.73,0,3070.9,0.0058767,NaN,NaN,NaN,NaN,NaN,-1,-1,0.96044,0.23581,-16.189,12.775,-5.1285,-0.86482,NaN,NaN,NaN,NaN,NaN
559.76,2.3371,36.159,-132.07,0.7895,0.17035,-15.378,12.11,-4.2924,-0.953,0,0,0,NaN,NaN,NaN,NaN,NaN,NaN,NaN,NaN,NaN,45.73,0,3070.9,0.0058767,NaN,NaN,NaN,NaN,13.934,97257,10.75,0.94183,0.21881,-16.034,12.677,-5.4652,-0.89431,NaN,NaN,NaN,NaN,NaN
559.76,2.3688,36.145,-132.07,1.5055,1.5779,-14.891,12.999,-6.0823,-1.1739,-0.76023,-0.43989,-0.67293,NaN,NaN,NaN,NaN,NaN,NaN,NaN,NaN,NaN,45.73,0,3070.9,0.0058767,NaN,NaN,NaN,NaN,NaN,-1,-1,0.91609,0.22133,-15.878,12.573,-5.7889,-0.90905,NaN,NaN,NaN,NaN,NaN
559.76,2.4011,36.129,-132.08,0.43192,-1.421,-15.572,13.381,-6.4606,-1.3788,0,0,0,NaN,NaN,NaN,NaN,NaN,NaN,NaN,NaN,NaN,45.73,0,3070.9,0.0058767,0.73748,2.6157,0.64081,0.084073,NaN,-1,-1,0.88844,0.22482,-15.751,12.461,-6.1923,-0.92449,NaN,NaN,NaN,NaN,NaN
559.76,2.4337,36.115,-132.08,0.85043,-0.49382,-14.741,12.929,-5.9423,-0.58551,0,0,0,NaN,NaN,NaN,NaN,NaN,NaN,NaN,NaN,NaN,45.73,0,3070.9,0.0058767,NaN,NaN,NaN,NaN,13.902,97275,10.75,0.86646,0.22952,-15.605,12.335,-6.5055,-0.96027,NaN,NaN,NaN,NaN,NaN
559.77,2.4669,36.096,-132.08,0.84725,1.0786,-16.14,13.22,-7.3823,-0.63839,0,0,0,NaN,NaN,NaN,NaN,NaN,NaN,NaN,NaN,NaN,45.73,0,3070.9,0.0058767,NaN,NaN,NaN,NaN,NaN,-1,-1,0.84644,0.23914,-15.438,12.247,-6.8127,-1.0011,NaN,NaN,NaN,NaN,NaN
559.77,2.5294,36.067,-132.08,1.0669,0.44994,-15.24,12.021,-6.553,-0.98302,0,0,0,NaN,NaN,NaN,NaN,NaN,NaN,NaN,NaN,NaN,45.73,0,3070.9,0.0058767,NaN,NaN,NaN,NaN,NaN,-1,-1,0.81986,0.22219,-15.289,12.199,-7.1129,-1.0372,NaN,NaN,NaN,NaN,NaN
559.77,2.5599,36.046,-132.09,0.81534,0.70062,-14.098,12.583,-8.3558,-1.1306,0,0,0,NaN,NaN,NaN,NaN,NaN,NaN,NaN,NaN,NaN,45.73,0,3070.9,0.0058767,NaN,NaN,NaN,NaN,13.845,97253,10.688,0.79724,0.21056,-15.153,12.138,-7.4071,-1.0606,NaN,NaN,NaN,NaN,NaN
559.77,2.5886,36.029,-132.09,0.83549,-0.7434,-14.7,11.782,-6.9438,-1.1126,0,0,0,NaN,NaN,NaN,NaN,NaN,NaN,NaN,NaN,NaN,45.73,0,3070.9,0.0058767,0.80044,2.5029,0.71323,0.017481,NaN,-1,-1,0.77289,0.22066,-14.994,12.105,-7.6478,-1.0783,NaN,NaN,NaN,NaN,NaN
559.78,2.6157,36.009,-132.09,0.79912,-0.19776,-15.153,11.242,-8.4902,-1.1755,-0.7534,-0.44717,-0.67232,NaN,NaN,NaN,NaN,NaN,NaN,NaN,NaN,NaN,45.73,0,3070.9,0.0058767,0.80044,2.5029,0.71323,0.017481,13.989,97246,10.688,0.74918,0.22336,-14.82,12.032,-7.8954,-1.1027,NaN,NaN,NaN,NaN,NaN
559.78,2.6431,35.987,-132.09,0.3442,0.93504,-15.228,11.371,-8.7789,-1.1678,0,0,0,NaN,NaN,NaN,NaN,NaN,NaN,NaN,NaN,NaN,45.73,0,3070.9,0.0058767,NaN,NaN,NaN,NaN,NaN,-1,-1,0.72867,0.23379,-14.657,11.956,-8.15,-1.1486,NaN,NaN,NaN,NaN,NaN
559.78,2.6719,35.973,-132.1,0.28545,0.071018,-15.133,11.785,-6.0536,-1.1057,0,0,0,NaN,NaN,NaN,NaN,NaN,NaN,NaN,NaN,NaN,45.73,0,3070.9,0.0058767,NaN,NaN,NaN,NaN,NaN,-1,-1,0.70495,0.22956,-14.508,11.857,-8.4385,-1.1753,NaN,NaN,NaN,NaN,NaN
559.78,2.6999,35.95,-132.1,1.3956,0.84826,-13.096,11.615,-8.9919,-1.1412,0,0,0,NaN,NaN,NaN,NaN,NaN,NaN,NaN,NaN,NaN,45.73,0,3070.9,0.0058767,NaN,NaN,NaN,NaN,13.901,97243,10.625,0.68702,0.22397,-14.312,11.74,-8.6725,-1.1869,NaN,NaN,NaN,NaN,NaN
559.79,2.7285,35.926,-132.1,0.64067,0.09135,-14.35,12.24,-9.9303,-1.6306,-0.7579,-0.44974,-0.67716,NaN,NaN,NaN,NaN,NaN,NaN,NaN,NaN,NaN,45.73,0,3070.9,0.0058767,NaN,NaN,NaN,NaN,NaN,-1,-1,0.65947,0.22202,-14.151,11.592,-8.8679,-1.2023,NaN,NaN,NaN,NaN,NaN
559.79,2.7569,35.906,-132.11,0.60677,-0.95594,-14.906,11.981,-8.3509,-1.4722,0,0,0,NaN,NaN,NaN,NaN,NaN,NaN,NaN,NaN,NaN,45.73,0,3070.9,0.0058767,NaN,NaN,NaN,NaN,NaN,-1,-1,0.65042,0.2208,-14.2,11.463,-9.0944,-1.2357,NaN,NaN,NaN,NaN,NaN
559.79,2.7854,35.884,-132.11,0.68032,0.045255,-14.316,11.773,-9.0302,-1.073,0,0,0,NaN,NaN,NaN,NaN,NaN,NaN,NaN,NaN,NaN,45.73,0,3070.9,0.0058767,NaN,NaN,NaN,NaN,13.32,97246,10.688,0.63321,0.22177,-14.038,11.367,-9.2813,-1.297,NaN,NaN,NaN,NaN,NaN
559.79,2.8146,35.861,-132.11,0.50251,1.3711,-14.463,11.925,-9.2487,-0.8882,0,0,0,NaN,NaN,NaN,NaN,NaN,NaN,NaN,NaN,NaN,45.73,0,3070.9,0.0058767,NaN,NaN,NaN,NaN,NaN,-1,-1,0.61142,0.2237,-13.88,11.287,-9.6083,-1.3292,NaN,NaN,NaN,NaN,NaN
559.8,2.8684,35.816,-132.12,0.76907,0.78961,-12.635,11.292,-10.343,-1.4984,0,0,0,NaN,NaN,NaN,NaN,NaN,NaN,NaN,NaN,NaN,45.73,0,3070.9,0.0058767,NaN,NaN,NaN,NaN,13.786,97265,10.688,0.5834,0.20278,-13.752,11.21,-9.7708,-1.3432,NaN,NaN,NaN,NaN,NaN
559.8,2.8931,35.79,-132.13,0.46305,-0.62863,-14.299,10.695,-10.403,-1.6152,0,0,0,NaN,NaN,NaN,NaN,NaN,NaN,NaN,NaN,NaN,45.73,0,3070.9,0.0058767,NaN,NaN,NaN,NaN,NaN,-1,-1,0.58103,0.19926,-13.822,11.135,-9.8205,-1.3683,NaN,NaN,NaN,NaN,NaN
559.8,2.9173,35.766,-132.13,0.55201,0.058258,-13.263,10.316,-9.9889,-1.3772,0,0,0,NaN,NaN,NaN,NaN,NaN,NaN,NaN,NaN,NaN,45.73,0,3070.9,0.0058767,NaN,NaN,NaN,NaN,NaN,-1,-1,0.55894,0.20389,-13.68,11.076,-10.068,-1.3996,NaN,NaN,NaN,NaN,NaN
559.8,2.9408,35.737,-132.14,0.39472,-0.077501,-14.027,10.187,-11.573,-1.5273,-0.75562,-0.45216,-0.67695,NaN,NaN,NaN,NaN,NaN,NaN,NaN,NaN,NaN,45.73,0,3070.9,0.0058767,NaN,NaN,NaN,NaN,13.7,97261,10.688,0.53649,0.2015,-13.571,11.006,-10.208,-1.4405,NaN,NaN,NaN,NaN,NaN
559.81,2.9644,35.712,-132.14,0.099435,0.42142,-14.702,10.196,-10.331,-1.5026,0,0,0,NaN,NaN,NaN,NaN,NaN,NaN,NaN,NaN,NaN,45.73,0,3070.9,0.0058767,NaN,NaN,NaN,NaN,NaN,-1,-1,0.51764,0.20812,-13.457,10.888,-10.328,-1.4644,NaN,NaN,NaN,NaN,NaN
559.81,2.989,35.69,-132.14,0.60681,0.80882,-12.713,10.462,-9.0704,-1.4157,0,0,0,NaN,NaN,NaN,NaN,NaN,NaN,NaN,NaN,NaN,45.73,0,3070.9,0.0058767,NaN,NaN,NaN,NaN,NaN,-1,-1,0.50342,0.20353,-13.321,10.761,-10.598,-1.4826,NaN,NaN,NaN,NaN,NaN
559.81,3.0145,35.662,-132.15,1.2109,0.69947,-12.898,11.004,-11.326,-1.5741,0,0,0,NaN,NaN,NaN,NaN,NaN,NaN,NaN,NaN,NaN,45.73,0,3070.9,0.0058767,NaN,NaN,NaN,NaN,13.642,97260,10.688,0.48207,0.18796,-13.217,10.623,-10.707,-1.4914,NaN,NaN,NaN,NaN,NaN
559.81,3.0391,35.633,-132.15,0.22863,-1.2529,-13.563,10.828,-11.808,-1.7655,-0.75294,-0.44514,-0.67893,NaN,NaN,NaN,NaN,NaN,NaN,NaN,NaN,NaN,45.73,0,3070.9,0.0058767,0.73146,2.6133,0.64933,NaN,NaN,-1,-1,0.45808,0.1938,-13.116,10.46,-10.728,-1.5091,NaN,NaN,NaN,NaN,NaN
559.82,3.0638,35.609,-132.16,0.38113,0.062215,-13.182,10.529,-9.7717,-1.4056,0,0,0,NaN,NaN,NaN,NaN,NaN,NaN,NaN,NaN,NaN,45.73,0,3070.9,0.0058767,NaN,NaN,NaN,0.055772,13.41,97265,10.75,0.4439,0.19868,-12.995,10.346,-10.935,-1.5552,NaN,NaN,NaN,NaN,NaN
559.82,3.0895,35.582,-132.16,0.50613,0.76868,-13.455,10.814,-11.195,-1.1373,0,0,0,NaN,NaN,NaN,NaN,NaN,NaN,NaN,NaN,NaN,45.73,0,3070.9,0.0058767,NaN,NaN,NaN,NaN,NaN,-1,-1,0.42423,0.18663,-12.889,10.234,-11.085,-1.6058,NaN,NaN,NaN,NaN,NaN
559.82,3.1145,35.555,-132.17,0.37536,0.74343,-12.588,10.529,-10.949,-1.2021,0,0,0,NaN,NaN,NaN,NaN,NaN,NaN,NaN,NaN,NaN,45.73,0,3070.9,0.0058767,NaN,NaN,NaN,NaN,NaN,-1,-1,0.40779,0.17915,-12.8,10.149,-11.243,-1.614,NaN,NaN,NaN,NaN,NaN
559.82,3.1373,35.529,-132.17,0.28338,0.78287,-13.399,10.051,-10.716,-1.7192,-0.75536,-0.4475,-0.67915,NaN,NaN,NaN,NaN,NaN,NaN,NaN,NaN,NaN,45.73,0,3070.9,0.0058767,NaN,NaN,NaN,NaN,13.645,97284,10.813,0.38936,0.18742,-12.657,10.083,-11.33,-1.6094,NaN,NaN,NaN,NaN,NaN
559.83,3.1602,35.499,-132.18,0.42856,0.22498,-12.265,10.22,-12.034,-1.8068,0,0,0,NaN,NaN,NaN,NaN,NaN,NaN,NaN,NaN,NaN,45.73,0,3070.9,0.0058767,NaN,NaN,NaN,NaN,NaN,-1,-1,0.37002,0.18678,-12.57,10.203,-11.794,-1.6888,NaN,NaN,NaN,NaN,NaN
559.83,3.1811,35.471,-132.18,0.49874,-0.54785,-12.117,9.4278,-11.529,-1.8659,0,0,0,NaN,NaN,NaN,NaN,NaN,NaN,NaN,NaN,NaN,45.73,0,3070.9,0.0058767,NaN,NaN,NaN,NaN,NaN,-1,-1,0.35112,0.18173,-12.475,10.073,-11.803,-1.6939,NaN,NaN,NaN,NaN,NaN
559.83,3.2028,35.442,-132.19,0.31238,0.048156,-13.384,9.5165,-11.642,-1.5529,0,0,0,NaN,NaN,NaN,NaN,NaN,NaN,NaN,NaN,NaN,45.73,0,3070.9,0.0058767,NaN,NaN,NaN,NaN,13.079,97273,10.75,0.33659,0.18181,-12.359,9.928,-11.846,-1.6999,NaN,NaN,NaN,NaN,NaN
559.83,3.2244,35.413,-132.19,-0.2029,0.4179,-12.924,9.3181,-12.061,-1.5452,-0.75329,-0.46201,-0.68118,NaN,NaN,NaN,NaN,NaN,NaN,NaN,NaN,NaN,45.73,0,3070.9,0.0058767,NaN,NaN,NaN,NaN,NaN,-1,-1,0.31533,0.17593,-12.255,9.7621,-11.842,-1.7023,NaN,NaN,NaN,NaN,NaN
559.84,3.245,35.386,-132.2,0.23508,0.22083,-12.899,9.1278,-10.825,-1.647,0,0,0,NaN,NaN,NaN,NaN,NaN,NaN,NaN,NaN,NaN,45.73,0,3070.9,0.0058767,NaN,NaN,NaN,NaN,13.263,97274,10.813,0.29462,0.17868,-12.165,9.7966,-12.259,-1.7751,NaN,NaN,NaN,NaN,NaN
559.84,3.2653,35.357,-132.21,0.96116,1.0937,-11.475,9.2871,-11.884,-1.9663,0,0,0,NaN,NaN,NaN,NaN,NaN,NaN,NaN,NaN,NaN,45.73,0,3070.9,0.0058767,NaN,NaN,NaN,NaN,NaN,-1,-1,0.2747,0.16594,-12.08,9.579,-12.08,-1.7675,NaN,NaN,NaN,NaN,NaN
559.84,3.287,35.326,-132.21,0.2975,-0.089978,-12.729,10.075,-12.626,-2.2945,0,0,0,NaN,NaN,NaN,NaN,NaN,NaN,NaN,NaN,NaN,45.73,0,3070.9,0.0058767,0.73201,2.6055,0.63899,0.0899,NaN,-1,-1,0.26219,0.16331,-11.957,9.3484,-11.945,-1.7568,NaN,NaN,NaN,NaN,NaN
559.84,3.3091,35.297,-132.22,0.11645,-0.91817,-12.297,9.8037,-12.088,-1.8706,-0.7486,-0.46208,-0.68076,NaN,NaN,NaN,NaN,NaN,NaN,NaN,NaN,NaN,45.73,0,2985.2,0.0069644,NaN,NaN,NaN,NaN,13.172,97259,10.75,0.24926,0.17193,-11.86,9.1559,-11.933,-1.7738,NaN,NaN,NaN,NaN,NaN
559.85,3.3321,35.267,-132.22,0.50172,0.35414,-12.096,10.004,-12.145,-1.4597,0,0,0,NaN,NaN,NaN,NaN,NaN,NaN,NaN,NaN,NaN,45.73,0,2985.2,0.0069644,NaN,NaN,NaN,NaN,NaN,-1,-1,0.23298,0.16103,-11.766,8.984,-11.837,-1.7831,NaN,NaN,NaN,NaN,NaN
559.85,3.3753,35.212,-132.23,-0.25245,0.10302,-12.325,9.2075,-9.5239,-1.7585,0,0,0,NaN,NaN,NaN,NaN,NaN,NaN,NaN,NaN,NaN,45.73,0,2985.2,0.0069644,NaN,NaN,NaN,NaN,NaN,-1,-1,0.2185,0.16137,-11.688,8.8386,-11.789,-1.7786,NaN,NaN,NaN,NaN,NaN
559.85,3.3949,35.181,-132.24,0.50436,1.0453,-10.594,8.8541,-12.871,-1.9047,-0.76261,-0.45458,-0.6798,NaN,NaN,NaN,NaN,NaN,NaN,NaN,NaN,NaN,45.73,0,2985.2,0.0069644,NaN,NaN,NaN,NaN,13.26,97226,10.625,0.20439,0.16736,-11.588,8.7018,-11.751,-1.7571,NaN,NaN,NaN,NaN,NaN
559.85,3.4135,35.146,-132.25,0.19623,-0.092854,-12.464,8.5594,-14.349,-1.7493,0,0,0,NaN,NaN,NaN,NaN,NaN,NaN,NaN,NaN,NaN,45.73,0,2985.2,0.0069644,0.73146,2.6044,0.63412,0.10322,NaN,-1,-1,0.19127,0.16185,-11.513,8.5569,-11.695,-1.749,NaN,NaN,NaN,NaN,NaN
559.86,3.431,35.12,-132.25,-0.005932,-0.56332,-11.842,8.0234,-10.705,-1.8858,0,0,0,NaN,NaN,NaN,NaN,NaN,NaN,NaN,NaN,NaN,45.73,0,2985.2,0.0069644,NaN,NaN,NaN,NaN,13.35,97244,10.688,0.18091,0.16144,-11.361,8.4063,-11.665,-1.7658,NaN,NaN,NaN,NaN,NaN
559.86,3.4479,35.086,-132.26,0.2176,0.041762,-11.809,7.8463,-13.497,-1.7239,0,0,0,NaN,NaN,NaN,NaN,NaN,NaN,NaN,NaN,NaN,45.73,0,2985.2,0.0069644,NaN,NaN,NaN,NaN,NaN,-1,-1,0.16497,0.15256,-11.287,8.2341,-11.63,-1.7712,NaN,NaN,NaN,NaN,NaN
559.86,3.4651,35.053,-132.26,-0.18142,0.55734,-12.35,7.969,-13.73,-1.9004,-0.74122,-0.46002,-0.68453,NaN,NaN,NaN,NaN,NaN,NaN,NaN,NaN,NaN,45.73,0,2985.2,0.0069644,NaN,NaN,NaN,NaN,NaN,-1,-1,0.14714,0.15192,-11.224,8.0587,-11.688,-1.771,NaN,NaN,NaN,NaN,NaN
559.86,3.4827,35.027,-132.27,0.15701,0.34711,-11.623,8.1143,-10.539,-1.9292,0,0,0,NaN,NaN,NaN,NaN,NaN,NaN,NaN,NaN,NaN,45.73,0,2985.2,0.0069644,NaN,NaN,NaN,NaN,13.172,97279,10.813,0.13458,0.15379,-11.133,7.876,-11.662,-1.7709,NaN,NaN,NaN,NaN,NaN
559.87,3.5,34.995,-132.28,0.85098,1.0413,-10.334,8.2066,-12.916,-2.1052,0,0,0,NaN,NaN,NaN,NaN,NaN,NaN,NaN,NaN,NaN,45.73,0,2985.2,0.0069644,NaN,NaN,NaN,NaN,NaN,-1,-1,0.12644,0.15036,-10.998,7.6796,-11.57,-1.769,NaN,NaN,NaN,NaN,NaN
559.87,3.5184,34.958,-132.29,-0.025661,-1.0505,-11.566,8.8386,-15.168,-2.2174,0,0,0,NaN,NaN,NaN,NaN,NaN,NaN,NaN,NaN,NaN,45.73,0,2985.2,0.0069644,NaN,NaN,NaN,NaN,NaN,-1,-1,0.1117,0.13974,-10.928,7.5134,-11.618,-1.7815,NaN,NaN,NaN,NaN,NaN
559.87,3.5372,34.932,-132.29,0.034183,-0.3867,-12.368,8.2779,-10.863,-1.5792,-0.74551,-0.4505,-0.68714,NaN,NaN,NaN,NaN,NaN,NaN,NaN,NaN,NaN,45.73,0,2985.2,0.0069644,NaN,NaN,NaN,NaN,13.11,97265,10.75,0.1001,0.12586,-10.882,7.3519,-11.616,-1.8204,NaN,NaN,NaN,NaN,NaN
559.87,3.557,34.902,-132.3,0.224,0.73093,-11.325,8.8343,-12.28,-1.6181,0,0,0,NaN,NaN,NaN,NaN,NaN,NaN,NaN,NaN,NaN,45.73,0,2985.2,0.0069644,NaN,NaN,NaN,NaN,NaN,-1,-1,0.086175,0.14383,-10.785,7.2148,-11.637,-1.8344,NaN,NaN,NaN,NaN,NaN
559.88,3.5924,34.842,-132.31,0.044025,0.029977,-11.93,7.7682,-10.778,-2.0444,0,0,0,NaN,NaN,NaN,NaN,NaN,NaN,NaN,NaN,NaN,45.73,0,2985.2,0.0069644,0.73584,2.4826,0.7114,NaN,13.262,97233,10.688,0.070965,0.14836,-10.724,7.1105,-11.634,-1.8341,NaN,NaN,NaN,NaN,NaN
559.88,3.6077,34.808,-132.32,-0.025559,0.6078,-9.6858,7.603,-13.813,-2.4217,-0.75068,-0.45738,-0.68317,NaN,NaN,NaN,NaN,NaN,NaN,NaN,NaN,NaN,45.73,0,2985.2,0.0069644,NaN,2.4826,NaN,NaN,NaN,-1,-1,0.062275,0.15374,-10.657,7.0056,-11.584,-1.8342,NaN,NaN,NaN,NaN,NaN
559.88,0,0,0,0,0,0,0,0,0,0,0,0,NaN,NaN,NaN,NaN,NaN,NaN,NaN,NaN,NaN,45.73,0,2985.2,0.0069644,NaN,NaN,NaN,0.034129,NaN,-1,-1,0.048746,0.15707,-10.586,6.9002,-11.604,-1.844,NaN,NaN,NaN,NaN,NaN
559.88,3.6224,34.774,-132.32,0.04604,-0.22125,-12.273,7.2519,-13.871,-2.1465,0,0,0,NaN,NaN,NaN,NaN,NaN,NaN,NaN,NaN,NaN,45.73,0,2985.2,0.0069644,NaN,NaN,NaN,NaN,12.808,97262,10.813,0.031264,0.13883,-10.525,6.8019,-11.641,-1.8769,NaN,NaN,NaN,NaN,NaN
559.89,3.6365,34.747,-132.33,0.28695,-0.3429,-9.9633,6.8734,-11.153,-2.1189,0,0,0,NaN,NaN,NaN,NaN,NaN,NaN,NaN,NaN,NaN,45.73,0,2985.2,0.0069644,NaN,NaN,NaN,NaN,NaN,-1,-1,0.02079,0.14179,-10.464,6.6729,-11.62,-1.9047,NaN,NaN,NaN,NaN,NaN
559.89,3.6636,34.679,-132.35,-0.37257,0.40289,-12.403,6.7871,-13.728,-2.3207,-0.73626,-0.46032,-0.68852,NaN,NaN,NaN,NaN,NaN,NaN,NaN,NaN,NaN,45.73,0,2985.2,0.0069644,NaN,NaN,NaN,NaN,NaN,-1,-1,0.0065149,0.14487,-10.409,6.5289,-11.68,-1.9261,NaN,NaN,NaN,NaN,NaN
559.89,0,0,0,0,0,0,0,0,0,0,0,0,NaN,NaN,NaN,NaN,NaN,NaN,NaN,NaN,NaN,45.73,0,2985.2,0.0069644,0.7331,2.6061,0.64446,0.090733,12.927,97224,10.625,-0.0043763,0.14295,-10.334,6.3832,-11.744,-1.9463,NaN,NaN,NaN,NaN,NaN
559.89,3.6933,34.621,-132.36,0.52379,0.5448,-10.174,7.2281,-13.44,-2.1122,0,0,0,NaN,NaN,NaN,NaN,NaN,NaN,NaN,NaN,NaN,45.73,0,2985.2,0.0069644,0.7331,2.6061,0.64446,0.090733,NaN,-1,-1,-0.016457,0.15137,-10.272,6.2132,-11.691,-1.9557,NaN,NaN,NaN,NaN,NaN
559.9,3.7087,34.584,-132.37,-0.45857,-1.3025,-11.118,7.657,-15.034,-2.2493,0,0,0,NaN,NaN,NaN,NaN,NaN,NaN,NaN,NaN,NaN,45.73,0,2985.2,0.0069644,NaN,NaN,NaN,NaN,12.831,97247,10.625,-0.025646,0.15373,-10.21,6.0701,-11.73,-1.9937,NaN,NaN,NaN,NaN,NaN
559.9,3.7391,34.527,-132.38,0.066522,1.0679,-10.728,7.4689,-12.495,-1.9473,0,0,0,NaN,NaN,NaN,NaN,NaN,NaN,NaN,NaN,NaN,45.73,0,2985.2,0.0069644,NaN,NaN,NaN,NaN,NaN,-1,-1,-0.034331,0.14019,-10.16,5.9727,-11.847,-2.0503,NaN,NaN,NaN,NaN,NaN
559.9,3.7531,34.494,-132.39,-0.39726,0.50448,-10.067,6.929,-13.402,-2.0726,0,0,0,NaN,NaN,NaN,NaN,NaN,NaN,NaN,NaN,NaN,45.73,0,2985.2,0.0069644,NaN,NaN,NaN,NaN,NaN,-1,-1,-0.048214,0.14392,-10.087,5.8737,-11.852,-2.093,NaN,NaN,NaN,NaN,NaN
559.9,3.7652,34.463,-132.4,0.10262,0.4709,-10.904,6.1073,-12.45,-2.0828,0,0,0,NaN,NaN,NaN,NaN,NaN,NaN,NaN,NaN,NaN,45.73,0,2985.2,0.0069644,NaN,NaN,NaN,NaN,12.991,97252,10.75,-0.056821,0.15927,-10.021,5.8331,-11.942,-2.1129,NaN,NaN,NaN,NaN,NaN
559.91,3.7572,34.409,-132.41,-0.076223,0.27922,-9.4401,6.1435,-12.086,-2.3606,-0.74291,-0.45568,-0.69356,NaN,NaN,NaN,NaN,NaN,NaN,NaN,NaN,NaN,45.73,0,2985.2,0.0069644,0.73858,2.4844,0.71566,0.049112,NaN,-1,-1,-0.06666,0.15889,-9.9753,5.7622,-11.88,-2.139,NaN,NaN,NaN,NaN,NaN
559.91,3.7676,34.376,-132.42,-0.29043,-0.78985,-10.464,5.8753,-13.716,-2.6186,0,0,0,NaN,NaN,NaN,NaN,NaN,NaN,NaN,NaN,NaN,45.73,0,2985.2,0.0069644,NaN,NaN,NaN,NaN,NaN,-1,-1,-0.080728,0.16062,-9.9138,5.6995,-11.969,-2.1721,NaN,NaN,NaN,NaN,NaN
559.91,3.7779,34.343,-132.43,0.23484,0.17757,-10.261,5.3993,-13.156,-2.0787,0,0,0,NaN,NaN,NaN,NaN,NaN,NaN,NaN,NaN,NaN,45.73,0,2985.2,0.0069644,NaN,NaN,NaN,NaN,12.743,97282,10.813,-0.091213,0.16038,-9.8406,5.623,-12.098,-2.2008,NaN,NaN,NaN,NaN,NaN
559.91,3.7883,34.312,-132.44,-0.49054,0.4582,-10.251,5.5275,-12.962,-2.2062,0,0,0,NaN,NaN,NaN,NaN,NaN,NaN,NaN,NaN,NaN,45.73,0,2985.2,0.0069644,NaN,NaN,NaN,NaN,NaN,-1,-1,-0.10146,0.16259,-9.7902,5.5222,-12.063,-2.2375,NaN,NaN,NaN,NaN,NaN
559.92,3.7977,34.283,-132.45,-0.44763,0.13292,-10.354,5.3362,-11.716,-2.5808,-0.73347,-0.46814,-0.69937,NaN,NaN,NaN,NaN,NaN,NaN,NaN,NaN,NaN,45.73,0,2985.2,0.0069644,NaN,NaN,NaN,NaN,12.523,97242,10.688,-0.11614,0.156,-9.746,5.4099,-12.203,-2.2699,NaN,NaN,NaN,NaN,NaN
559.92,3.8071,34.251,-132.45,0.52898,0.76268,-9.5816,5.4331,-13.045,-2.6677,0,0,0,NaN,NaN,NaN,NaN,NaN,NaN,NaN,NaN,NaN,45.73,0,2985.2,0.0069644,NaN,NaN,NaN,NaN,NaN,-1,-1,-0.12291,0.16042,-9.6681,5.302,-12.365,-2.2928,NaN,NaN,NaN,NaN,NaN
559.92,3.818,34.218,-132.46,-0.031935,0.32837,-9.6633,6.1398,-13.658,-2.7438,0,0,0,NaN,NaN,NaN,NaN,NaN,NaN,NaN,NaN,NaN,45.73,0,2985.2,0.0069644,NaN,NaN,NaN,NaN,NaN,-1,-1,-0.13074,0.1625,-9.6062,5.1848,-12.296,-2.3125,NaN,NaN,NaN,NaN,NaN
559.92,3.8291,34.19,-132.47,-0.39131,-1.5364,-10.422,6.0116,-11.617,-2.5668,0,0,0,NaN,NaN,NaN,NaN,NaN,NaN,NaN,NaN,NaN,45.73,0,2985.2,0.0069644,NaN,NaN,NaN,NaN,12.621,97266,10.813,-0.147,0.15411,-9.5579,5.0972,-12.428,-2.3567,NaN,NaN,NaN,NaN,NaN
559.93,3.8508,34.126,-132.49,-0.1864,1.0023,-11.2,6.0036,-13.717,-2.0113,0,0,0,NaN,NaN,NaN,NaN,NaN,NaN,NaN,NaN,NaN,45.73,0,2985.2,0.0069644,NaN,NaN,NaN,NaN,NaN,-1,-1,-0.15124,0.15827,-9.5102,5.041,-12.659,-2.4183,NaN,NaN,NaN,NaN,NaN
559.93,3.8603,34.099,-132.49,-0.55353,0.13691,-9.7765,5.1812,-10.872,-2.3917,0,0,0,NaN,NaN,NaN,NaN,NaN,NaN,NaN,NaN,NaN,45.73,0,2985.2,0.0069644,NaN,NaN,NaN,NaN,NaN,-1,-1,-0.16158,0.15842,-9.4449,4.9834,-12.657,-2.4535,NaN,NaN,NaN,NaN,NaN
559.93,3.8678,34.068,-132.5,0.1601,0.78817,-8.3455,4.5882,-12.705,-2.5289,0,0,0,NaN,NaN,NaN,NaN,NaN,NaN,NaN,NaN,NaN,45.73,0,2985.2,0.0069644,NaN,NaN,NaN,NaN,12.806,97232,10.688,-0.16778,0.15232,-9.3895,4.965,-12.781,-2.4751,NaN,NaN,NaN,NaN,NaN
559.93,3.8747,34.034,-132.51,-0.2187,-0.033226,-9.9194,4.3981,-13.996,-2.544,-0.73366,-0.4655,-0.69495,NaN,NaN,NaN,NaN,NaN,NaN,NaN,NaN,NaN,45.73,0,2985.2,0.0069644,NaN,NaN,NaN,NaN,NaN,-1,-1,-0.17484,0.15892,-9.3245,4.9534,-12.84,-2.51,NaN,NaN,NaN,NaN,NaN
559.94,3.8802,34.006,-132.52,-0.46994,-0.66967,-9.6042,3.9162,-11.664,-2.81,0,0,0,NaN,NaN,NaN,NaN,NaN,NaN,NaN,NaN,NaN,45.73,0,2985.2,0.0069644,NaN,NaN,NaN,NaN,12.74,97215,10.563,-0.18618,0.15708,-9.2696,4.924,-12.932,-2.5597,NaN,NaN,NaN,NaN,NaN
559.94,3.8862,33.976,-132.53,0.025651,0.054182,-9.5805,3.8113,-12.326,-2.2745,0,0,0,NaN,NaN,NaN,NaN,NaN,NaN,NaN,NaN,NaN,45.73,0,2985.2,0.0069644,NaN,NaN,NaN,NaN,NaN,-1,-1,-0.19554,0.15757,-9.2184,4.6224,-12.604,-2.5167,NaN,NaN,NaN,NaN,NaN
559.94,3.8918,33.942,-132.54,-0.41945,0.18958,-8.8985,3.863,-13.734,-2.5365,0,0,0,NaN,NaN,NaN,NaN,NaN,NaN,NaN,NaN,NaN,45.73,0,2985.2,0.0069644,NaN,NaN,NaN,NaN,NaN,-1,-1,-0.20028,0.15993,-9.1324,4.5354,-12.632,-2.56,NaN,NaN,NaN,NaN,NaN
559.94,3.8991,33.914,-132.54,-0.57202,0.10391,-10.212,4.3635,-11.483,-2.4482,-0.72855,-0.45611,-0.6967,NaN,NaN,NaN,NaN,NaN,NaN,NaN,NaN,NaN,45.73,0,2985.2,0.0069644,NaN,NaN,NaN,NaN,12.489,97235,10.625,-0.20705,0.15754,-9.0837,4.4329,-12.671,-2.5879,NaN,NaN,NaN,NaN,NaN
559.95,3.9061,33.886,-132.55,0.33742,1.1247,-8.6877,4.2676,-11.643,-2.4581,0,0,0,NaN,NaN,NaN,NaN,NaN,NaN,NaN,NaN,NaN,45.73,0,2985.2,0.0069644,0.7435,2.6079,0.65116,NaN,NaN,-1,-1,-0.21803,0.15123,-9.0366,4.3334,-12.736,-2.6167,NaN,NaN,NaN,NaN,NaN
559.95,3.9137,33.852,-132.56,-0.018126,-0.22503,-8.6776,4.9174,-13.945,-2.9134,0,0,0,NaN,NaN,NaN,NaN,NaN,NaN,NaN,NaN,NaN,45.73,0,2985.2,0.0069644,NaN,NaN,NaN,NaN,NaN,-1,-1,-0.226,0.14403,-8.9913,3.9608,-12.231,-2.5582,NaN,NaN,NaN,NaN,NaN
559.95,3.9211,33.822,-132.57,-0.67567,-1.2536,-10.17,4.4507,-12.327,-2.4459,0,0,0,NaN,NaN,NaN,NaN,NaN,NaN,NaN,NaN,NaN,45.73,0,2985.2,0.0069644,NaN,NaN,NaN,NaN,12.329,97220,10.563,-0.23332,0.15915,-8.9235,3.836,-12.224,-2.5638,NaN,NaN,NaN,NaN,NaN
559.95,3.9281,33.796,-132.58,0.15514,0.86868,-8.1923,4.1131,-10.648,-2.2808,-0.73111,-0.46326,-0.69693,NaN,NaN,NaN,NaN,NaN,NaN,NaN,NaN,NaN,45.72,0,2926.7,0.0069644,NaN,NaN,NaN,NaN,NaN,-1,-1,-0.24047,0.1678,-8.8711,3.7407,-12.302,-2.5774,NaN,NaN,NaN,NaN,NaN
559.96,3.935,33.763,-132.59,-0.21287,0.69563,-9.5477,4.2178,-13.538,-2.3113,0,0,0,NaN,NaN,NaN,NaN,NaN,NaN,NaN,NaN,NaN,45.72,0,2926.7,0.0069644,NaN,NaN,NaN,NaN,12.46,97243,10.688,-0.24448,0.16174,-8.8214,3.6284,-12.171,-2.5804,NaN,NaN,NaN,NaN,NaN
559.96,3.9432,33.707,-132.6,0.012019,1.0497,-7.8289,2.9185,-11.133,-2.5506,0,0,0,NaN,NaN,NaN,NaN,NaN,NaN,NaN,NaN,NaN,45.72,0,2926.7,0.0069644,0.73201,2.6079,0.63473,0.092398,NaN,-1,-1,-0.24993,0.15016,-8.7561,3.5298,-12.151,-2.5781,NaN,NaN,NaN,NaN,NaN
559.96,3.947,33.676,-132.61,-0.17804,-0.038969,-9.0211,3.1568,-12.739,-2.6488,-0.73111,-0.46326,-0.69693,NaN,NaN,NaN,NaN,NaN,NaN,NaN,NaN,NaN,45.72,0,2926.7,0.0069644,NaN,NaN,NaN,NaN,NaN,-1,-1,-0.2574,0.14415,-8.6992,3.4297,-12.161,-2.5749,NaN,NaN,NaN,NaN,NaN
559.96,3.9496,33.648,-132.62,-0.56213,-0.89277,-8.6986,2.5832,-11.375,-2.62,0,0,0,NaN,NaN,NaN,NaN,NaN,NaN,NaN,NaN,NaN,45.72,0,2926.7,0.0069644,NaN,NaN,NaN,NaN,12.304,97257,10.813,-0.26317,0.14493,-8.6536,3.3137,-12.037,-2.5764,NaN,NaN,NaN,NaN,NaN
559.97,3.9523,33.619,-132.63,-0.26367,-0.16313,-9.222,2.6583,-11.878,-2.6177,0,0,0,NaN,NaN,NaN,NaN,NaN,NaN,NaN,NaN,NaN,45.72,0,2926.7,0.0069644,NaN,NaN,NaN,NaN,NaN,-1,-1,-0.27498,0.15264,-8.6074,3.1979,-12.005,-2.5902,NaN,NaN,NaN,NaN,NaN
559.97,3.9553,33.586,-132.64,-0.14022,0.69324,-8.214,2.7988,-13.388,-2.5159,0,0,0,NaN,NaN,NaN,NaN,NaN,NaN,NaN,NaN,NaN,45.72,0,2926.7,0.0069644,NaN,NaN,NaN,NaN,NaN,-1,-1,-0.27703,0.1472,-8.5414,3.0756,-11.978,-2.5914,NaN,NaN,NaN,NaN,NaN
559.97,3.959,33.56,-132.65,-0.80183,-0.11969,-9.7605,2.9173,-10.971,-2.456,-0.72784,-0.45432,-0.70773,-7.3874,-10.139,4.6053,13.363,40.058,-88.55,3.678e+05,4.4353e+06,291.15,45.72,0,2926.7,0.0069644,NaN,NaN,NaN,NaN,12.433,97232,10.75,-0.28672,0.14262,-8.4933,2.9385,-11.942,-2.5905,12.798,-2.2424,3.1255,13.724,-9.66
559.97,3.962,33.534,-132.66,0.16064,0.98359,-7.7803,2.913,-10.628,-2.9254,0,0,0,NaN,NaN,NaN,NaN,NaN,NaN,NaN,NaN,NaN,45.72,0,2926.7,0.0069644,0.73201,2.5972,0.63473,0.095727,NaN,-1,-1,-0.2942,0.15127,-8.4454,2.7956,-11.881,-2.5953,NaN,NaN,NaN,NaN,NaN
559.98,3.9656,33.499,-132.67,-0.077592,-0.29421,-8.4297,3.4875,-14.481,-3.1555,0,0,0,NaN,NaN,NaN,NaN,NaN,NaN,NaN,NaN,NaN,45.72,0,2926.7,0.0069644,NaN,NaN,NaN,NaN,12.141,97246,10.75,-0.29981,0.14978,-8.3993,2.6345,-11.779,-2.5953,NaN,NaN,NaN,NaN,NaN
559.98,3.969,33.472,-132.68,-0.66749,-1.0944,-9.3466,2.9142,-10.939,-2.6846,0,0,0,NaN,NaN,NaN,NaN,NaN,NaN,NaN,NaN,NaN,45.72,0,2926.7,0.0069644,NaN,NaN,NaN,NaN,NaN,-1,-1,-0.30395,0.14836,-8.3429,2.5531,-11.832,-2.6207,NaN,NaN,NaN,NaN,NaN
559.98,3.973,33.447,-132.68,0.035187,0.69069,-7.4168,2.8972,-10.405,-2.2928,-0.72342,-0.46396,-0.70733,NaN,NaN,NaN,NaN,NaN,NaN,NaN,NaN,NaN,45.72,0,2926.7,0.0069644,NaN,NaN,NaN,NaN,NaN,-1,-1,-0.3116,0.14788,-8.2989,2.4513,-11.7,-2.6406,NaN,NaN,NaN,NaN,NaN
559.98,3.9761,33.414,-132.69,-0.40239,0.61409,-9.168,2.7086,-13.272,-2.3679,0,0,0,NaN,NaN,NaN,NaN,NaN,NaN,NaN,NaN,NaN,45.72,0,2926.7,0.0069644,0.72379,2.5978,0.63168,0.094895,12.362,97210,10.563,-0.31894,0.14769,-8.2543,2.3826,-11.716,-2.6333,NaN,NaN,NaN,NaN,NaN
559.99,3.9783,33.388,-132.7,-0.80883,-0.028768,-8.8563,2.4292,-10.857,-2.7089,0,0,0,NaN,NaN,NaN,NaN,NaN,NaN,NaN,NaN,NaN,45.72,0,2926.7,0.0069644,NaN,NaN,NaN,NaN,NaN,-1,-1,-0.32063,0.14306,-8.2025,2.3145,-11.676,-2.641,NaN,NaN,NaN,NaN,NaN
559.99,3.9777,33.361,-132.71,0.11532,0.96956,-7.2596,1.3487,-10.978,-2.7098,0,0,0,NaN,NaN,NaN,NaN,NaN,NaN,NaN,NaN,NaN,45.72,0,2926.7,0.0069644,NaN,NaN,NaN,NaN,NaN,-1,-1,-0.32376,0.13966,-8.1607,2.2107,-11.575,-2.6472,NaN,NaN,NaN,NaN,NaN
559.99,3.9779,33.329,-132.72,-0.33128,0.026336,-8.239,1.7589,-13.139,-2.7014,-0.72844,-0.46605,-0.70335,NaN,NaN,NaN,NaN,NaN,NaN,NaN,NaN,NaN,45.72,0,2926.7,0.0069644,NaN,NaN,NaN,NaN,12.367,97243,10.75,-0.32901,0.12176,-8.0982,2.1045,-11.573,-2.6547,NaN,NaN,NaN,NaN,NaN
559.99,3.9775,33.303,-132.73,-0.69019,-0.85087,-8.4781,1.5418,-10.795,-2.8925,0,0,0,NaN,NaN,NaN,NaN,NaN,NaN,NaN,NaN,NaN,45.72,0,2926.7,0.0069644,NaN,NaN,NaN,NaN,NaN,-1,-1,-0.33337,0.11907,-8.0576,1.9701,-11.544,-2.6785,NaN,NaN,NaN,NaN,NaN
560,3.9785,33.244,-132.74,-0.51571,0.28839,-7.8815,1.5727,-12.764,-2.1958,0,0,0,NaN,NaN,NaN,NaN,NaN,NaN,NaN,NaN,NaN,45.72,0,2926.7,0.0069644,NaN,NaN,NaN,NaN,12.108,97246,10.75,-0.33619,0.11118,-8.026,1.8335,-11.474,-2.6786,NaN,NaN,NaN,NaN,NaN
560,3.9792,33.221,-132.75,-0.73341,0.019722,-8.9471,1.6732,-9.5922,-2.5549,-0.72355,-0.46384,-0.70513,NaN,NaN,NaN,NaN,NaN,NaN,NaN,NaN,NaN,45.72,0,2926.7,0.0069644,0.73091,2.6091,0.63777,0.10405,NaN,-1,-1,-0.34043,0.11936,-7.9805,1.6998,-11.468,-2.6865,NaN,NaN,NaN,NaN,NaN
560,3.979,33.194,-132.76,0.13743,1.2319,-7.1373,1.5097,-11.102,-2.7323,0,0,0,NaN,NaN,NaN,NaN,NaN,NaN,NaN,NaN,NaN,45.72,0,2926.7,0.0069644,NaN,NaN,NaN,NaN,NaN,-1,-1,-0.34726,0.12135,-7.9409,1.5686,-11.444,-2.6856,NaN,NaN,NaN,NaN,NaN
560,3.9802,33.162,-132.77,-0.17781,-0.31307,-8.058,2.2402,-13.267,-2.8121,0,0,0,NaN,NaN,NaN,NaN,NaN,NaN,NaN,NaN,NaN,45.72,0,2926.7,0.0069644,NaN,NaN,NaN,NaN,12.138,97242,10.688,-0.35233,0.12025,-7.8898,1.4185,-11.342,-2.6821,NaN,NaN,NaN,NaN,NaN
560.01,3.9799,33.136,-132.78,-0.61175,-1.4815,-8.9457,1.4569,-10.473,-2.7517,0,0,0,NaN,NaN,NaN,NaN,NaN,NaN,NaN,NaN,NaN,45.72,0,2926.7,0.0069644,NaN,NaN,NaN,NaN,NaN,-1,-1,-0.35418,0.11013,-7.85,1.3166,-11.351,-2.6898,NaN,NaN,NaN,NaN,NaN
560.01,3.9793,33.113,-132.78,-0.14066,0.96122,-6.3277,1.174,-9.4611,-2.6166,-0.73946,-0.45919,-0.71321,NaN,NaN,NaN,NaN,NaN,NaN,NaN,NaN,NaN,45.72,0,2926.7,0.0069644,0.73365,2.6085,0.65603,NaN,12.239,97243,10.75,-0.35678,0.10982,-7.803,1.2352,-11.37,-2.6964,NaN,NaN,NaN,NaN,NaN
560.01,3.9798,33.081,-132.79,-0.34775,0.54656,-8.7223,1.7947,-13.388,-2.5528,0,0,0,NaN,NaN,NaN,NaN,NaN,NaN,NaN,NaN,NaN,45.72,0,2926.7,0.0069644,NaN,NaN,NaN,0.074085,NaN,-1,-1,-0.36916,0.090607,-7.7768,1.127,-11.255,-2.691,NaN,NaN,NaN,NaN,NaN
560.01,3.9786,33.053,-132.8,-0.74583,-0.13521,-8.5832,1.1112,-11.158,-2.7421,0,0,0,NaN,NaN,NaN,NaN,NaN,NaN,NaN,NaN,NaN,45.72,0,2926.7,0.0069644,NaN,NaN,NaN,NaN,12.041,97211,10.625,-0.36869,0.10794,-7.7387,1.0606,-11.252,-2.6876,NaN,NaN,NaN,NaN,NaN
560.02,3.9758,33.032,-132.81,0.017176,0.8313,-7.2543,0.35306,-9.0527,-2.719,0,0,0,NaN,NaN,NaN,NaN,NaN,NaN,NaN,NaN,NaN,45.72,0,2926.7,0.0069644,NaN,NaN,NaN,NaN,NaN,-1,-1,-0.36565,0.11728,-7.6993,0.97118,-11.241,-2.6851,NaN,NaN,NaN,NaN,NaN
560.02,3.9737,33.001,-132.82,-0.54352,-0.25356,-7.1156,0.81406,-12.442,-2.8255,-0.72079,-0.45442,-0.7071,NaN,NaN,NaN,NaN,NaN,NaN,NaN,NaN,NaN,45.72,0,2926.7,0.0069644,NaN,NaN,NaN,NaN,NaN,-1,-1,-0.36864,0.099832,-7.6568,0.87786,-11.178,-2.6765,NaN,NaN,NaN,NaN,NaN
560.02,3.971,32.973,-132.83,-0.63789,-0.69487,-7.9482,0.53652,-11.505,-2.7458,0,0,0,NaN,NaN,NaN,NaN,NaN,NaN,NaN,NaN,NaN,45.72,0,2926.7,0.0069644,NaN,NaN,NaN,NaN,12.175,97234,10.75,-0.37657,0.082403,-7.6165,0.76101,-11.09,-2.6749,NaN,NaN,NaN,NaN,NaN
560.02,3.9678,32.947,-132.84,-0.1116,0.1931,-8.6783,0.15138,-10.929,-2.547,0,0,0,NaN,NaN,NaN,NaN,NaN,NaN,NaN,NaN,NaN,45.72,0,2926.7,0.0069644,0.72215,2.602,0.63533,0.083241,NaN,-1,-1,-0.37627,0.084656,-7.5845,0.64126,-11.091,-2.6772,NaN,NaN,NaN,NaN,NaN
560.03,3.9656,32.92,-132.85,-0.50017,0.25552,-6.944,0.64326,-11.057,-2.6409,0,0,0,NaN,NaN,NaN,NaN,NaN,NaN,NaN,NaN,NaN,45.72,0,2926.7,0.0069644,NaN,NaN,NaN,NaN,12.045,97253,10.813,-0.38052,0.091484,-7.5545,0.52316,-11.079,-2.6742,NaN,NaN,NaN,NaN,NaN
560.03,3.9613,32.87,-132.86,0.025709,1.1856,-6.7293,0.63862,-10.356,-2.832,0,0,0,NaN,NaN,NaN,NaN,NaN,NaN,NaN,NaN,NaN,45.72,0,2926.7,0.0069644,NaN,NaN,NaN,NaN,NaN,-1,-1,-0.3879,0.088919,-7.5205,0.40607,-10.976,-2.6732,NaN,NaN,NaN,NaN,NaN
560.03,3.96,32.838,-132.87,-0.0025,0.2729,-7.5699,1.4142,-12.995,-3.1554,0,0,0,NaN,NaN,NaN,NaN,NaN,NaN,NaN,NaN,NaN,45.72,0,2926.7,0.0069644,NaN,NaN,NaN,NaN,NaN,-1,-1,-0.38268,0.086301,-7.4712,0.29457,-10.929,-2.6793,NaN,NaN,NaN,NaN,NaN
560.03,3.9545,32.793,-132.89,-0.073992,0.57299,-6.0332,-0.068297,-9.1294,-2.5456,-0.73254,-0.45916,-0.71037,NaN,NaN,NaN,NaN,NaN,NaN,NaN,NaN,NaN,45.72,0,2926.7,0.0069644,NaN,NaN,NaN,NaN,12.072,97222,10.625,-0.38201,0.086437,-7.43,0.19907,-10.948,-2.6949,NaN,NaN,NaN,NaN,NaN
560.04,3.9524,32.762,-132.9,-0.4232,0.56171,-8.3064,0.63684,-12.603,-2.5258,0,0,0,NaN,NaN,NaN,NaN,NaN,NaN,NaN,NaN,NaN,45.72,0,2926.7,0.0069644,0.7331,2.6032,0.63959,0.09656,NaN,-1,-1,-0.38881,0.074416,-7.4093,0.10935,-10.922,-2.7037,NaN,NaN,NaN,NaN,NaN
560.04,3.9484,32.737,-132.91,-0.72405,0.17817,-8.043,-0.098778,-10.416,-2.7185,0,0,0,NaN,NaN,NaN,NaN,NaN,NaN,NaN,NaN,NaN,45.72,0,2926.7,0.0069644,NaN,NaN,NaN,NaN,NaN,-1,-1,-0.39112,0.074955,-7.3715,0.016828,-10.796,-2.6893,NaN,NaN,NaN,NaN,NaN
560.04,3.9428,32.715,-132.91,-0.12472,0.35066,-6.7766,-0.87903,-8.9176,-2.5613,0,0,0,NaN,NaN,NaN,NaN,NaN,NaN,NaN,NaN,NaN,45.72,0,2926.7,0.0069644,NaN,NaN,NaN,NaN,12.106,97215,10.625,-0.39702,0.077441,-7.3388,-0.074571,-10.777,-2.6904,NaN,NaN,NaN,NaN,NaN
560.04,3.9376,32.685,-132.92,-0.37306,0.075241,-6.379,-0.48547,-12.369,-2.7083,-0.72545,-0.46668,-0.71417,NaN,NaN,NaN,NaN,NaN,NaN,NaN,NaN,NaN,45.72,0,2926.7,0.0069644,NaN,NaN,NaN,NaN,NaN,-1,-1,-0.39583,0.080146,-7.3035,-0.13012,-10.763,-2.6845,NaN,NaN,NaN,NaN,NaN
560.05,3.9321,32.658,-132.93,-0.72472,-0.40623,-8.1755,-0.69952,-11.082,-2.6743,0,0,0,NaN,NaN,NaN,NaN,NaN,NaN,NaN,NaN,NaN,45.72,0,2926.7,0.0069644,NaN,NaN,NaN,NaN,11.977,97202,10.625,-0.39666,0.063278,-7.2696,-0.23007,-10.653,-2.6776,NaN,NaN,NaN,NaN,NaN
560.05,3.9277,32.635,-132.94,-0.34605,-0.13136,-7.8008,-0.45785,-9.5299,-2.4528,0,0,0,NaN,NaN,NaN,NaN,NaN,NaN,NaN,NaN,NaN,45.72,0,2926.7,0.0069644,0.72215,2.6014,0.63473,0.097392,NaN,-1,-1,-0.40183,0.042323,-7.2477,-0.31796,-10.6,-2.6683,NaN,NaN,NaN,NaN,NaN
560.05,3.9225,32.608,-132.95,-0.45138,0.013633,-6.2763,-0.62716,-11.256,-2.58,0,0,0,NaN,NaN,NaN,NaN,NaN,NaN,NaN,NaN,NaN,45.72,0,2926.7,0.0069644,NaN,NaN,NaN,NaN,NaN,-1,-1,-0.40081,0.05471,-7.212,-0.47525,-10.817,-2.7506,NaN,NaN,NaN,NaN,NaN
560.05,3.9171,32.581,-132.95,-0.72639,0.18165,-8.3806,-0.79366,-10.985,-2.542,-0.72055,-0.46447,-0.71595,NaN,NaN,NaN,NaN,NaN,NaN,NaN,NaN,NaN,45.72,0,2926.7,0.0069644,NaN,NaN,NaN,NaN,11.812,97241,10.75,-0.40451,0.052061,-7.1929,-0.54905,-10.802,-2.7172,NaN,NaN,NaN,NaN,NaN
560.06,3.9126,32.559,-132.96,-0.36164,0.85158,-6.9375,-0.36371,-9.2339,-2.6833,0,0,0,NaN,NaN,NaN,NaN,NaN,NaN,NaN,NaN,NaN,45.72,0,2926.7,0.0069644,NaN,NaN,NaN,NaN,NaN,-1,-1,-0.4071,0.052729,-7.1585,-0.63553,-10.544,-2.6922,NaN,NaN,NaN,NaN,NaN
560.06,3.9095,32.531,-132.97,0.10098,0.43684,-6.7476,0.32796,-11.517,-2.7469,0,0,0,NaN,NaN,NaN,NaN,NaN,NaN,NaN,NaN,NaN,45.72,0,2926.7,0.0069644,NaN,NaN,NaN,NaN,NaN,-1,-1,-0.4006,0.051739,-7.1155,-0.70953,-10.463,-2.6687,NaN,NaN,NaN,NaN,NaN
560.06,3.9052,32.505,-132.98,-0.58828,-1.6853,-7.7393,-0.1127,-10.739,-2.9185,0,0,0,NaN,NaN,NaN,NaN,NaN,NaN,NaN,NaN,NaN,45.72,0,2926.7,0.0069644,0.72598,2.6055,0.62864,0.10072,11.711,97238,10.75,-0.40572,0.043817,-7.091,-0.81891,-10.699,-2.7275,NaN,NaN,NaN,NaN,NaN
560.06,3.8996,32.483,-132.99,-0.4001,0.23436,-6.6414,-0.91244,-8.8777,-2.5088,-0.72263,-0.45977,-0.71835,NaN,NaN,NaN,NaN,NaN,NaN,NaN,NaN,NaN,45.72,0,2841,0.0069644,NaN,NaN,NaN,NaN,NaN,-1,-1,-0.41492,0.029156,-7.0696,-0.88082,-10.455,-2.6822,NaN,NaN,NaN,NaN,NaN
560.07,3.8955,32.457,-133,-0.462,0.53716,-8.0981,-0.21308,-10.938,-2.6187,0,0,0,NaN,NaN,NaN,NaN,NaN,NaN,NaN,NaN,NaN,45.72,0,2841,0.0069644,NaN,NaN,NaN,NaN,11.809,97216,10.625,-0.41226,0.035714,-7.0359,-0.94759,-10.243,-2.6412,NaN,NaN,NaN,NaN,NaN
560.07,3.8893,32.431,-133,-0.40368,0.16189,-6.4458,-1.1297,-10.579,-2.4928,0,0,0,NaN,NaN,NaN,NaN,NaN,NaN,NaN,NaN,NaN,45.72,0,2841,0.0069644,NaN,NaN,NaN,NaN,NaN,-1,-1,-0.41431,0.037815,-7.007,-0.96494,-10.176,-2.6081,NaN,NaN,NaN,NaN,NaN
560.07,3.8816,32.411,-133.01,-0.31671,0.1641,-7.6473,-1.7663,-8.24,-2.6304,0,0,0,NaN,NaN,NaN,NaN,NaN,NaN,NaN,NaN,NaN,45.72,0,2841,0.0069644,0.73091,2.6133,0.65663,NaN,NaN,-1,-1,-0.41946,0.027268,-6.9813,-0.99939,-10.044,-2.5802,NaN,NaN,NaN,NaN,NaN
560.07,3.8736,32.384,-133.02,-0.52339,0.4907,-5.9275,-1.5561,-11.239,-2.9264,-0.71786,-0.45744,-0.71792,NaN,NaN,NaN,NaN,NaN,NaN,NaN,NaN,NaN,45.72,0,2841,0.0069644,0.73091,2.6133,0.65663,NaN,11.677,97221,10.688,-0.41958,0.024396,-6.9518,-1.0443,-9.8561,-2.5504,NaN,NaN,NaN,NaN,NaN
560.08,3.866,32.357,-133.03,-0.57887,-0.54023,-8.2006,-1.5359,-10.838,-2.7168,0,0,0,NaN,NaN,NaN,NaN,NaN,NaN,NaN,NaN,NaN,45.72,0,2841,0.0069644,NaN,NaN,NaN,0.073252,NaN,-1,-1,-0.41601,0.019045,-6.9197,-1.0872,-9.6895,-2.5192,NaN,NaN,NaN,NaN,NaN
560.08,3.859,32.337,-133.04,-0.24236,-0.41398,-6.7097,-1.4904,-8.4535,-2.5808,0,0,0,NaN,NaN,NaN,NaN,NaN,NaN,NaN,NaN,NaN,45.72,0,2841,0.0069644,NaN,NaN,NaN,NaN,NaN,-1,-1,-0.41844,0.010727,-6.8992,-1.149,-9.5429,-2.4954,NaN,NaN,NaN,NaN,NaN
560.08,3.852,32.312,-133.04,-0.53995,0.11445,-6.3774,-1.4401,-10.379,-2.6008,0,0,0,NaN,NaN,NaN,NaN,NaN,NaN,NaN,NaN,NaN,45.72,0,2841,0.0069644,NaN,NaN,NaN,NaN,11.641,97232,10.688,-0.42029,0.0024727,-6.8772,-1.2229,-9.4593,-2.4704,NaN,NaN,NaN,NaN,NaN
560.08,3.8455,32.285,-133.05,-0.8248,-0.034808,-8.3575,-1.3013,-10.845,-2.4059,-0.71807,-0.46463,-0.71795,NaN,NaN,NaN,NaN,NaN,NaN,NaN,NaN,NaN,45.72,0,2841,0.0069644,NaN,NaN,NaN,NaN,NaN,-1,-1,-0.41821,0.0076068,-6.8357,-1.2751,-9.3111,-2.4508,NaN,NaN,NaN,NaN,NaN
560.09,3.8387,32.265,-133.06,-0.39296,0.50026,-6.6442,-1.3585,-8.5188,-2.6357,0,0,0,NaN,NaN,NaN,NaN,NaN,NaN,NaN,NaN,NaN,45.72,0,2841,0.0069644,NaN,NaN,NaN,NaN,11.711,97216,10.688,-0.41542,0.0011779,-6.8123,-1.3381,-9.1626,-2.4323,NaN,NaN,NaN,NaN,NaN
560.09,3.8268,32.214,-133.08,-0.63906,-1.2241,-7.5861,-1.0108,-10.47,-2.6623,0,0,0,NaN,NaN,NaN,NaN,NaN,NaN,NaN,NaN,NaN,45.72,0,2841,0.0069644,0.73858,2.491,0.71201,0.049112,NaN,-1,-1,-0.41256,-0.0017973,-6.7277,-1.3582,-9.1712,-2.4251,NaN,NaN,NaN,NaN,NaN
560.09,3.8201,32.194,-133.08,-0.64859,-0.68962,-6.9306,-1.4736,-8.3422,-2.4334,-0.71069,-0.46257,-0.72172,NaN,NaN,NaN,NaN,NaN,NaN,NaN,NaN,NaN,45.72,0,2841,0.0069644,NaN,NaN,NaN,NaN,NaN,-1,-1,-0.42159,-0.013533,-6.7178,-1.4338,-8.9911,-2.4194,NaN,NaN,NaN,NaN,NaN
560.09,3.8136,32.168,-133.09,-0.010605,1.0105,-6.6184,-1.1632,-10.495,-2.6781,0,0,0,NaN,NaN,NaN,NaN,NaN,NaN,NaN,NaN,NaN,45.72,0,2841,0.0069644,NaN,NaN,NaN,NaN,11.742,97211,10.625,-0.42037,-0.011629,-6.6874,-1.4733,-8.9472,-2.3907,NaN,NaN,NaN,NaN,NaN
560.1,3.8082,32.143,-133.1,-0.29995,0.086029,-6.952,-1.0808,-10.342,-2.1693,0,0,0,NaN,NaN,NaN,NaN,NaN,NaN,NaN,NaN,NaN,45.72,0,2841,0.0069644,NaN,NaN,NaN,NaN,NaN,-1,-1,-0.42192,-0.012149,-6.6713,-1.5191,-8.8917,-2.381,NaN,NaN,NaN,NaN,NaN
560.1,3.7993,32.125,-133.11,-0.82774,-0.10677,-7.8361,-2.2621,-7.6547,-2.6425,0,0,0,NaN,NaN,NaN,NaN,NaN,NaN,NaN,NaN,NaN,45.72,0,2841,0.0069644,0.73201,2.6091,0.63899,0.090733,NaN,-1,-1,-0.42344,-0.017398,-6.6464,-1.5843,-8.7575,-2.3684,NaN,NaN,NaN,NaN,NaN
560.1,3.7905,32.099,-133.11,-0.36006,0.80522,-5.0674,-2.0624,-10.394,-2.691,-0.71526,-0.46262,-0.72435,NaN,NaN,NaN,NaN,NaN,NaN,NaN,NaN,NaN,45.72,0,2841,0.0069644,0.73201,2.6091,0.63899,0.090733,11.679,97232,10.75,-0.41754,-0.018662,-6.5681,-1.6466,-8.7189,-2.3686,NaN,NaN,NaN,NaN,NaN
560.1,3.7816,32.072,-133.12,-0.38014,-0.49696,-7.7678,-2.077,-11.17,-2.7903,0,0,0,NaN,NaN,NaN,NaN,NaN,NaN,NaN,NaN,NaN,45.72,0,2841,0.0069644,NaN,NaN,NaN,NaN,NaN,-1,-1,-0.42139,-0.02998,-6.5583,-1.6882,-8.7246,-2.3538,NaN,NaN,NaN,NaN,NaN
560.11,0,0,0,0,0,0,0,0,0,0,0,0,NaN,NaN,NaN,NaN,NaN,NaN,NaN,NaN,NaN,45.72,0,2841,0.0069644,NaN,NaN,NaN,NaN,11.472,97222,10.688,-0.42592,-0.034063,-6.5386,-1.7086,-8.6489,-2.343,NaN,NaN,NaN,NaN,NaN
560.11,3.773,32.053,-133.13,-0.55313,-0.83421,-6.9364,-2.2651,-7.763,-2.4492,0,0,0,NaN,NaN,NaN,NaN,NaN,NaN,NaN,NaN,NaN,45.72,0,2841,0.0069644,NaN,NaN,NaN,NaN,NaN,-1,-1,-0.42467,-0.024378,-6.5233,-1.767,-8.5998,-2.3287,NaN,NaN,NaN,NaN,NaN
560.11,3.7572,32.002,-133.14,-0.67771,-0.19602,-7.2084,-1.7292,-11.99,-2.4818,-0.71074,-0.45515,-0.71728,NaN,NaN,NaN,NaN,NaN,NaN,NaN,NaN,NaN,45.72,0,2841,0.0069644,NaN,NaN,NaN,NaN,NaN,-1,-1,-0.42307,-0.026788,-6.4994,-1.8297,-8.6024,-2.3195,NaN,NaN,NaN,NaN,NaN
560.11,3.7486,31.982,-133.15,-0.65927,0.026582,-6.9402,-2.1712,-8.1929,-2.6182,0,0,0,NaN,NaN,NaN,NaN,NaN,NaN,NaN,NaN,NaN,45.72,0,2841,0.0069644,0.72872,2.6121,0.64264,0.087403,11.338,97241,10.813,-0.41953,-0.039614,-6.4765,-1.8671,-8.5623,-2.3145,NaN,NaN,NaN,NaN,NaN
560.12,0,0,0,0,0,0,0,0,0,0,0,0,NaN,NaN,NaN,NaN,NaN,NaN,NaN,NaN,NaN,45.72,0,2841,0.0069644,NaN,NaN,NaN,NaN,NaN,-1,-1,-0.41828,-0.041136,-6.4491,-1.8887,-8.5468,-2.3092,NaN,NaN,NaN,NaN,NaN
560.12,3.734,31.935,-133.17,-0.2307,-0.11277,-6.1183,-1.7533,-10.946,-2.8624,0,0,0,NaN,NaN,NaN,NaN,NaN,NaN,NaN,NaN,NaN,45.72,0,2841,0.0069644,NaN,NaN,NaN,NaN,NaN,-1,-1,-0.42599,-0.04939,-6.4408,-1.9073,-8.5783,-2.3212,NaN,NaN,NaN,NaN,NaN
560.12,3.7263,31.913,-133.18,-0.54711,-1.7274,-7.3237,-1.7211,-9.0205,-2.69,-0.71781,-0.46486,-0.72236,NaN,NaN,NaN,NaN,NaN,NaN,NaN,NaN,NaN,45.72,0,2841,0.0069644,NaN,NaN,NaN,NaN,11.334,97198,10.625,-0.42864,-0.044425,-6.4205,-1.9663,-8.5358,-2.312,NaN,NaN,NaN,NaN,NaN
560.12,3.7174,31.892,-133.18,-0.13892,0.54292,-5.5752,-2.4132,-8.6864,-2.4095,0,0,0,NaN,NaN,NaN,NaN,NaN,NaN,NaN,NaN,NaN,45.72,0,2841,0.0069644,NaN,NaN,NaN,NaN,NaN,-1,-1,-0.42658,-0.034803,-6.3764,-1.9858,-8.5629,-2.3154,NaN,NaN,NaN,NaN,NaN
560.13,3.7023,31.844,-133.2,-0.71501,-0.098276,-7.176,-2.4721,-8.7171,-2.4496,0,0,0,NaN,NaN,NaN,NaN,NaN,NaN,NaN,NaN,NaN,45.72,0,2841,0.0069644,NaN,NaN,NaN,NaN,11.509,97251,10.813,-0.42723,-0.044286,-6.3485,-2.0127,-8.6148,-2.3182,NaN,NaN,NaN,NaN,NaN
560.13,3.6618,31.792,-133.21,0.010716,0.13381,-5.5927,-2.9912,-8.0516,-2.5233,-0.71969,-0.45789,-0.72696,NaN,NaN,NaN,NaN,NaN,NaN,NaN,NaN,NaN,45.72,0,2841,0.0069644,NaN,NaN,NaN,NaN,NaN,-1,-1,-0.42983,-0.05019,-6.3132,-2.0781,-8.5259,-2.3181,NaN,NaN,NaN,NaN,NaN
560.13,3.6514,31.765,-133.22,-0.55064,0.52979,-6.4169,-2.6914,-10.977,-2.756,0,0,0,NaN,NaN,NaN,NaN,NaN,NaN,NaN,NaN,NaN,45.72,0,2841,0.0069644,NaN,NaN,NaN,NaN,NaN,-1,-1,-0.43026,-0.060118,-6.2995,-2.123,-8.5924,-2.3284,NaN,NaN,NaN,NaN,NaN
560.13,3.6422,31.74,-133.23,-0.82341,-0.58385,-7.5793,-2.3809,-10.134,-2.5485,0,0,0,NaN,NaN,NaN,NaN,NaN,NaN,NaN,NaN,NaN,45.72,0,2841,0.0069644,NaN,NaN,NaN,NaN,11.642,97228,10.688,-0.42794,-0.061173,-6.3693,-2.1501,-8.7067,-2.3357,NaN,NaN,NaN,NaN,NaN
560.14,3.6335,31.721,-133.24,-0.14726,-0.67962,-6.3778,-2.3893,-7.869,-2.4128,0,0,0,NaN,NaN,NaN,NaN,NaN,NaN,NaN,NaN,NaN,45.72,0,2841,0.0069644,NaN,NaN,NaN,NaN,NaN,-1,-1,-0.4295,-0.058769,-6.3453,-2.1795,-8.6465,-2.3289,NaN,NaN,NaN,NaN,NaN
560.14,3.6244,31.697,-133.24,-0.38787,0.23291,-5.6133,-2.5143,-10.097,-2.3334,-0.71473,-0.4582,-0.73095,NaN,NaN,NaN,NaN,NaN,NaN,NaN,NaN,NaN,45.72,0,2841,0.0069644,0.7331,2.6121,0.65481,NaN,NaN,-1,-1,-0.4348,-0.048815,-6.3374,-2.2249,-8.6499,-2.327,NaN,NaN,NaN,NaN,NaN
560.14,3.6161,31.673,-133.25,-0.84471,-0.18962,-7.7718,-2.0365,-9.7229,-2.5327,0,0,0,NaN,NaN,NaN,NaN,NaN,NaN,NaN,NaN,NaN,45.72,0,2841,0.0069644,NaN,NaN,NaN,0.06909,11.609,97222,10.688,-0.42742,-0.055149,-6.2959,-2.2664,-8.769,-2.3293,NaN,NaN,NaN,NaN,NaN
560.14,3.6074,31.654,-133.26,-0.46267,0.21771,-6.7014,-2.2386,-7.9798,-2.6496,0,0,0,NaN,NaN,NaN,NaN,NaN,NaN,NaN,NaN,NaN,45.72,0,2841,0.0069644,NaN,NaN,NaN,NaN,NaN,-1,-1,-0.42472,-0.057108,-6.3835,-2.3171,-8.7497,-2.3301,NaN,NaN,NaN,NaN,NaN
560.15,3.6005,31.63,-133.27,0.27937,0.90225,-5.5917,-1.7787,-9.9962,-2.0513,0,0,0,NaN,NaN,NaN,NaN,NaN,NaN,NaN,NaN,NaN,45.72,0,2841,0.0069644,NaN,NaN,NaN,NaN,11.234,97258,10.875,-0.43207,-0.068858,-6.3838,-2.3469,-8.844,-2.3315,NaN,NaN,NaN,NaN,NaN
560.15,3.5924,31.606,-133.27,-0.46508,-0.99903,-7.3328,-1.8958,-9.8035,-2.7151,-0.71929,-0.45335,-0.73136,NaN,NaN,NaN,NaN,NaN,NaN,NaN,NaN,NaN,45.72,0,2841,0.0069644,NaN,NaN,NaN,NaN,NaN,-1,-1,-0.42857,-0.055945,-6.3724,-2.3952,-8.8905,-2.3288,NaN,NaN,NaN,NaN,NaN
560.15,3.5841,31.586,-133.28,-0.73821,-1.1092,-6.2075,-2.2139,-8.3545,-2.3893,0,0,0,NaN,NaN,NaN,NaN,NaN,NaN,NaN,NaN,NaN,45.72,0,2841,0.0069644,NaN,NaN,NaN,NaN,NaN,-1,-1,-0.43113,-0.059908,-6.3676,-2.4182,-8.9914,-2.3298,NaN,NaN,NaN,NaN,NaN
560.15,3.5754,31.564,-133.29,0.046597,0.91826,-6.1425,-2.385,-9.1305,-2.337,0,0,0,NaN,NaN,NaN,NaN,NaN,NaN,NaN,NaN,NaN,45.72,0,2841,0.0069644,0.73584,2.6121,0.63473,0.091565,11.369,97241,10.75,-0.42497,-0.062965,-6.3614,-2.43,-9.0946,-2.3168,NaN,NaN,NaN,NaN,NaN
560.16,3.5678,31.539,-133.29,-0.37801,0.51082,-6.486,-2.0626,-10.055,-2.0852,0,0,0,NaN,NaN,NaN,NaN,NaN,NaN,NaN,NaN,NaN,45.72,0,2841,0.0069644,NaN,NaN,NaN,NaN,NaN,-1,-1,-0.4273,-0.069519,-6.3526,-2.4669,-9.1422,-2.3305,NaN,NaN,NaN,NaN,NaN
560.16,3.5576,31.52,-133.3,-1.0208,-0.56668,-7.7211,-2.9,-7.9034,-2.5201,-0.71036,-0.46041,-0.72612,NaN,NaN,NaN,NaN,NaN,NaN,NaN,NaN,NaN,45.72,0,2841,0.0069644,NaN,NaN,NaN,NaN,NaN,-1,-1,-0.42517,-0.075132,-6.3548,-2.5173,-9.246,-2.3558,NaN,NaN,NaN,NaN,NaN
560.16,3.5466,31.499,-133.31,-0.099642,0.5478,-5.0732,-3.4206,-8.8164,-2.1862,0,0,0,NaN,NaN,NaN,NaN,NaN,NaN,NaN,NaN,NaN,45.72,0,2841,0.0069644,NaN,NaN,NaN,NaN,11.265,97214,10.688,-0.42251,-0.068449,-6.3363,-2.5504,-9.4086,-2.3762,NaN,NaN,NaN,NaN,NaN
560.16,3.5374,31.474,-133.31,-0.16947,0.038841,-6.4477,-2.5069,-10.046,-2.4045,0,0,0,NaN,NaN,NaN,NaN,NaN,NaN,NaN,NaN,NaN,45.72,0,2841,0.0069644,NaN,NaN,NaN,NaN,NaN,-1,-1,-0.42699,-0.068187,-6.334,-2.4873,-9.2075,-2.3013,NaN,NaN,NaN,NaN,NaN
560.17,3.5286,31.453,-133.32,-0.77083,-0.8409,-6.81,-2.5128,-8.691,-2.2147,0,0,0,NaN,NaN,NaN,NaN,NaN,NaN,NaN,NaN,NaN,45.72,0,2841,0.0069644,NaN,NaN,NaN,NaN,11.438,97220,10.688,-0.42166,-0.065622,-6.3228,-2.5244,-9.1806,-2.2932,NaN,NaN,NaN,NaN,NaN
560.17,3.5192,31.433,-133.33,-0.46284,-0.25105,-6.7824,-2.7926,-8.2748,-2.228,-0.71687,-0.45098,-0.73114,NaN,NaN,NaN,NaN,NaN,NaN,NaN,NaN,NaN,45.72,0,2841,0.0069644,0.7331,2.6061,0.6469,0.097392,NaN,-1,-1,-0.41708,-0.065391,-6.3099,-2.5426,-9.2787,-2.2925,NaN,NaN,NaN,NaN,NaN
560.17,3.5104,31.409,-133.33,-0.37344,0.1448,-5.7526,-2.3587,-10.107,-2.3386,0,0,0,NaN,NaN,NaN,NaN,NaN,NaN,NaN,NaN,NaN,45.72,0,2841,0.0069644,NaN,NaN,NaN,NaN,NaN,-1,-1,-0.41885,-0.073416,-6.3021,-2.5708,-9.3353,-2.2981,NaN,NaN,NaN,NaN,NaN
560.17,3.5018,31.388,-133.34,-0.48165,0.026037,-6.5886,-2.6009,-8.4075,-2.0379,0,0,0,NaN,NaN,NaN,NaN,NaN,NaN,NaN,NaN,NaN,45.72,0,2748.1,0.0064211,NaN,NaN,NaN,NaN,11.298,97204,10.625,-0.41826,-0.080376,-6.3028,-2.5207,-9.0615,-2.192,NaN,NaN,NaN,NaN,NaN
560.18,3.4942,31.367,-133.35,-0.44322,0.52443,-6.9167,-1.9823,-8.8238,-2.2859,0,0,0,NaN,NaN,NaN,NaN,NaN,NaN,NaN,NaN,NaN,45.72,0,2748.1,0.0064211,NaN,NaN,NaN,NaN,NaN,-1,-1,-0.41462,-0.071002,-6.2838,-2.5339,-9.0863,-2.1858,NaN,NaN,NaN,NaN,NaN
560.18,3.4787,31.32,-133.36,-0.35464,-1.4809,-6.7541,-2.1987,-8.9611,-2.0052,0,0,0,NaN,NaN,NaN,NaN,NaN,NaN,NaN,NaN,NaN,45.72,0,2748.1,0.0064211,0.72872,2.6163,0.64629,0.084073,NaN,-1,-1,-0.41192,-0.0752,-6.2548,-2.5416,-9.0753,-2.1659,NaN,NaN,NaN,NaN,NaN
560.18,3.4701,31.3,-133.36,-0.38908,-0.10326,-5.5304,-2.7222,-8.1491,-1.8418,0,0,0,NaN,NaN,NaN,NaN,NaN,NaN,NaN,NaN,NaN,45.72,0,2748.1,0.0064211,NaN,NaN,NaN,NaN,11.016,97199,10.625,-0.40882,-0.069686,-6.2564,-2.5695,-9.0607,-2.1436,NaN,NaN,NaN,NaN,NaN
560.18,3.4623,31.275,-133.37,-0.41569,0.48849,-7.0831,-2.1923,-10.154,-2.0166,0,0,0,NaN,NaN,NaN,NaN,NaN,NaN,NaN,NaN,NaN,45.72,0,2748.1,0.0064211,NaN,NaN,NaN,NaN,11.301,97229,10.75,-0.41205,-0.079492,-6.2585,-2.5865,-9.0399,-2.1134,NaN,NaN,NaN,NaN,NaN
560.19,3.4536,31.254,-133.37,-0.39522,0.44295,-6.5036,-2.6056,-8.7836,-2.028,-0.70749,-0.46093,-0.73474,NaN,NaN,NaN,NaN,NaN,NaN,NaN,NaN,NaN,45.72,0,2748.1,0.0064211,NaN,NaN,NaN,NaN,NaN,-1,-1,-0.40644,-0.069933,-6.2371,-2.6088,-8.9761,-2.1019,NaN,NaN,NaN,NaN,NaN
560.19,3.4437,31.236,-133.38,-0.35235,-0.3494,-6.2638,-3.2044,-7.2109,-1.9472,0,0,0,NaN,NaN,NaN,NaN,NaN,NaN,NaN,NaN,NaN,45.72,0,2748.1,0.0064211,NaN,NaN,NaN,NaN,NaN,-1,-1,-0.40325,-0.063551,-6.227,-2.6284,-9.0202,-2.1069,NaN,NaN,NaN,NaN,NaN
560.19,3.433,31.212,-133.39,-0.62164,0.4118,-5.4057,-3.2264,-10.167,-2.2628,0,0,0,NaN,NaN,NaN,NaN,NaN,NaN,NaN,NaN,NaN,45.72,0,2748.1,0.0064211,NaN,NaN,NaN,NaN,NaN,-1,-1,-0.40568,-0.070581,-6.2213,-2.6497,-9.0168,-2.1098,NaN,NaN,NaN,NaN,NaN
560.19,3.4235,31.186,-133.39,-0.44965,-0.24561,-7.1311,-2.7539,-10.643,-2.1906,0,0,0,NaN,NaN,NaN,NaN,NaN,NaN,NaN,NaN,NaN,45.72,0,2748.1,0.0064211,0.79716,2.5095,0.70532,0.013319,11.229,97222,10.688,-0.40025,-0.073426,-6.218,-2.6493,-8.998,-2.0905,NaN,NaN,NaN,NaN,NaN
560.2,3.4062,31.147,-133.4,-0.39792,0.046036,-5.7866,-2.6916,-8.1389,-1.8566,0,0,0,NaN,NaN,NaN,NaN,NaN,NaN,NaN,NaN,NaN,45.72,0,2748.1,0.0064211,NaN,NaN,NaN,NaN,NaN,-1,-1,-0.39376,-0.067005,-6.1929,-2.6436,-9.037,-2.075,NaN,NaN,NaN,NaN,NaN
560.2,3.3978,31.122,-133.41,-0.70641,-0.088007,-6.6001,-2.3758,-10.199,-2.1234,0,0,0,NaN,NaN,NaN,NaN,NaN,NaN,NaN,NaN,NaN,45.72,0,2748.1,0.0064211,NaN,NaN,NaN,NaN,NaN,-1,-1,-0.40014,-0.078366,-6.1978,-2.6477,-9.0149,-2.0575,NaN,NaN,NaN,NaN,NaN
560.2,3.3892,31.1,-133.42,-0.36064,0.40609,-6.3821,-2.4823,-9.0614,-2.1917,0,0,0,NaN,NaN,NaN,NaN,NaN,NaN,NaN,NaN,NaN,45.72,0,2748.1,0.0064211,NaN,NaN,NaN,NaN,11.053,97256,10.813,-0.39982,-0.068372,-6.1914,-2.6586,-8.9631,-2.0492,NaN,NaN,NaN,NaN,NaN
560.2,3.3814,31.08,-133.42,-0.11461,0.41442,-6.3485,-2.2084,-8.4597,-2.1346,-0.70949,-0.44893,-0.73492,-6.6193,-9.2229,3.7765,11.964,40.058,-88.55,3.678e+05,4.4353e+06,292.1,45.72,0,2748.1,0.0064211,0.7331,2.6199,0.65907,NaN,NaN,-1,-1,-0.39156,-0.051031,-6.1717,-2.647,-8.9721,-2.0192,11.496,-1.9967,2.6425,12.945,-9.607
560.21,3.3726,31.058,-133.43,-0.37194,-0.17173,-6.3422,-2.4722,-9.0982,-2.3311,0,0,0,NaN,NaN,NaN,NaN,NaN,NaN,NaN,NaN,NaN,45.72,0,2748.1,0.0064211,0.7331,2.6199,0.65907,NaN,11.019,97227,10.75,-0.39115,-0.058028,-6.1738,-2.654,-8.9693,-2.0218,NaN,NaN,NaN,NaN,NaN
560.21,3.3637,31.035,-133.43,-0.41395,-1.3909,-6.1377,-2.5247,-9.3114,-2.3033,0,0,0,NaN,NaN,NaN,NaN,NaN,NaN,NaN,NaN,NaN,45.72,0,2748.1,0.0064211,NaN,NaN,NaN,0.063263,NaN,-1,-1,-0.38965,-0.072736,-6.1615,-2.6495,-8.982,-2.0044,NaN,NaN,NaN,NaN,NaN
560.21,3.3544,31.015,-133.44,-0.091981,0.41689,-5.8991,-2.9134,-8.3326,-1.9897,0,0,0,NaN,NaN,NaN,NaN,NaN,NaN,NaN,NaN,NaN,45.72,0,2748.1,0.0064211,NaN,NaN,NaN,NaN,NaN,-1,-1,-0.38823,-0.080344,-6.1588,-2.663,-8.9695,-1.9895,NaN,NaN,NaN,NaN,NaN
560.21,3.3468,30.992,-133.44,-0.42985,0.30867,-6.5942,-2.3463,-9.4577,-1.7094,-0.70708,-0.45147,-0.73692,NaN,NaN,NaN,NaN,NaN,NaN,NaN,NaN,NaN,45.72,0,2748.1,0.0064211,NaN,NaN,NaN,NaN,10.875,97207,10.688,-0.38837,-0.078572,-6.1526,-2.6549,-8.9975,-1.9555,NaN,NaN,NaN,NaN,NaN
560.22,3.3375,30.97,-133.45,-0.65992,0.04964,-6.6944,-2.8924,-9.0167,-1.9927,0,0,0,NaN,NaN,NaN,NaN,NaN,NaN,NaN,NaN,NaN,45.72,0,2748.1,0.0064211,NaN,NaN,NaN,NaN,NaN,-1,-1,-0.3826,-0.066791,-6.0964,-2.6632,-8.9829,-1.9443,NaN,NaN,NaN,NaN,NaN
560.22,3.3268,30.95,-133.46,-0.082806,0.10561,-5.9018,-3.6045,-7.941,-1.8104,0,0,0,NaN,NaN,NaN,NaN,NaN,NaN,NaN,NaN,NaN,45.72,0,2748.1,0.0064211,0.72215,2.6049,0.63533,0.09656,NaN,-1,-1,-0.38135,-0.064836,-6.092,-2.6959,-8.9805,-1.9326,NaN,NaN,NaN,NaN,NaN
560.22,3.3178,30.928,-133.46,-0.53562,0.12299,-5.3737,-2.7662,-9.3224,-1.9666,0,0,0,NaN,NaN,NaN,NaN,NaN,NaN,NaN,NaN,NaN,45.72,0,2748.1,0.0064211,NaN,NaN,NaN,NaN,11.23,97238,10.75,-0.38259,-0.058582,-6.0914,-2.7106,-8.9865,-1.9299,NaN,NaN,NaN,NaN,NaN
560.22,3.3091,30.903,-133.47,-0.53921,-0.2637,-6.916,-2.7737,-10.197,-1.7537,-0.7138,-0.44922,-0.74196,NaN,NaN,NaN,NaN,NaN,NaN,NaN,NaN,NaN,45.72,0,2748.1,0.0064211,NaN,NaN,NaN,NaN,NaN,-1,-1,-0.37624,-0.058783,-6.082,-2.7072,-9.0088,-1.9141,NaN,NaN,NaN,NaN,NaN
560.23,3.3003,30.884,-133.47,-0.206,-0.56947,-6.4051,-2.8936,-7.9333,-1.6739,0,0,0,NaN,NaN,NaN,NaN,NaN,NaN,NaN,NaN,NaN,45.72,0,2748.1,0.0064211,NaN,NaN,NaN,NaN,10.908,97202,10.625,-0.37694,-0.064914,-6.0383,-2.6977,-9.0013,-1.91,NaN,NaN,NaN,NaN,NaN
560.23,3.291,30.863,-133.48,-0.4418,0.053557,-5.5316,-2.8461,-8.364,-2.1352,0,0,0,NaN,NaN,NaN,NaN,NaN,NaN,NaN,NaN,NaN,45.72,0,2748.1,0.0064211,NaN,NaN,NaN,NaN,NaN,-1,-1,-0.37648,-0.06645,-6.044,-2.7093,-9.0089,-1.9031,NaN,NaN,NaN,NaN,NaN
560.23,3.2833,30.84,-133.48,-0.69382,-0.093186,-6.5407,-2.3583,-9.5617,-1.777,0,0,0,NaN,NaN,NaN,NaN,NaN,NaN,NaN,NaN,NaN,45.72,0,2748.1,0.0064211,0.73967,2.6049,0.64203,0.095727,NaN,-1,-1,-0.37343,-0.053428,-6.0467,-2.7192,-9.0039,-1.8918,NaN,NaN,NaN,NaN,NaN
560.23,3.2754,30.818,-133.49,-0.37515,0.36063,-6.5969,-2.263,-8.9517,-2.0848,-0.70442,-0.45426,-0.74333,NaN,NaN,NaN,NaN,NaN,NaN,NaN,NaN,NaN,45.72,0,2748.1,0.0064211,0.73967,2.6049,0.64203,0.095727,10.983,97228,10.75,-0.37593,-0.057936,-6.0572,-2.7162,-8.9836,-1.8827,NaN,NaN,NaN,NaN,NaN
560.24,3.2681,30.797,-133.49,0.078158,0.44906,-5.8214,-2.1691,-8.6106,-1.9076,0,0,0,NaN,NaN,NaN,NaN,NaN,NaN,NaN,NaN,NaN,45.72,0,2748.1,0.0064211,NaN,NaN,NaN,NaN,NaN,-1,-1,-0.37485,-0.051721,-6.0591,-2.7352,-8.9761,-1.8675,NaN,NaN,NaN,NaN,NaN
560.24,3.2596,30.776,-133.5,-0.31288,-0.41753,-6.2837,-2.482,-8.6514,-2.2176,0,0,0,NaN,NaN,NaN,NaN,NaN,NaN,NaN,NaN,NaN,45.72,0,2748.1,0.0064211,NaN,NaN,NaN,NaN,NaN,-1,-1,-0.3647,-0.052187,-6.0536,-2.7704,-8.9325,-1.8334,NaN,NaN,NaN,NaN,NaN
560.24,3.2506,30.754,-133.5,-0.59474,-1.3473,-6.0221,-2.9161,-9.071,-1.7582,0,0,0,NaN,NaN,NaN,NaN,NaN,NaN,NaN,NaN,NaN,45.72,0,2748.1,0.0064211,NaN,NaN,NaN,NaN,10.764,97215,10.688,-0.36783,-0.065447,-6.0637,-2.7825,-8.9766,-1.8025,NaN,NaN,NaN,NaN,NaN
560.24,3.2423,30.732,-133.51,-0.06212,0.69868,-5.8741,-2.8377,-8.8449,-1.488,-0.69279,-0.44939,-0.73785,NaN,NaN,NaN,NaN,NaN,NaN,NaN,NaN,NaN,45.72,0,2748.1,0.0064211,NaN,NaN,NaN,NaN,NaN,-1,-1,-0.36462,-0.061339,-6.0645,-2.7953,-8.9614,-1.7686,NaN,NaN,NaN,NaN,NaN
560.25,3.235,30.708,-133.51,-0.32862,0.19184,-6.6632,-2.4989,-9.8178,-1.2987,0,0,0,NaN,NaN,NaN,NaN,NaN,NaN,NaN,NaN,NaN,45.72,0,2748.1,0.0064211,0.73255,2.4916,0.71506,0.038291,10.909,97197,10.625,-0.35998,-0.055389,-6.068,-2.8282,-8.8829,-1.7475,NaN,NaN,NaN,NaN,NaN
560.25,3.2254,30.689,-133.52,-0.69395,-0.13319,-6.4426,-3.1856,-7.9745,-1.7859,0,0,0,NaN,NaN,NaN,NaN,NaN,NaN,NaN,NaN,NaN,45.72,0,2748.1,0.0064211,NaN,NaN,NaN,NaN,NaN,-1,-1,-0.35539,-0.047136,-6.0705,-2.8782,-8.9089,-1.7422,NaN,NaN,NaN,NaN,NaN
560.25,3.215,30.669,-133.52,-0.046306,0.38117,-5.3963,-3.6245,-8.2653,-1.5623,0,0,0,NaN,NaN,NaN,NaN,NaN,NaN,NaN,NaN,NaN,45.72,0,2748.1,0.0064211,NaN,NaN,NaN,NaN,NaN,-1,-1,-0.34895,-0.043904,-6.0611,-2.8876,-8.9864,-1.7285,NaN,NaN,NaN,NaN,NaN
560.25,3.2058,30.645,-133.52,-0.55159,0.23578,-5.9467,-2.937,-9.9375,-1.8203,-0.69925,-0.44738,-0.7473,NaN,NaN,NaN,NaN,NaN,NaN,NaN,NaN,NaN,45.72,0,2748.1,0.0064211,NaN,NaN,NaN,NaN,10.871,97188,10.563,-0.35315,-0.045232,-6.0636,-2.8848,-8.9535,-1.7051,NaN,NaN,NaN,NaN,NaN
560.26,3.1969,30.622,-133.53,-0.61322,-0.75066,-6.7167,-2.8981,-9.1762,-1.7169,0,0,0,NaN,NaN,NaN,NaN,NaN,NaN,NaN,NaN,NaN,45.72,0,2748.1,0.0064211,NaN,NaN,NaN,NaN,NaN,-1,-1,-0.34995,-0.04565,-6.058,-2.8977,-8.9849,-1.6829,NaN,NaN,NaN,NaN,NaN
560.26,3.177,30.581,-133.54,-0.42054,0.17662,-5.1924,-3.0499,-9.4279,-1.7767,0,0,0,NaN,NaN,NaN,NaN,NaN,NaN,NaN,NaN,NaN,45.72,0,2748.1,0.0064211,0.72817,2.6044,0.63412,0.091565,NaN,-1,-1,-0.34741,-0.029007,-6.0531,-2.9225,-8.9995,-1.657,NaN,NaN,NaN,NaN,NaN
560.26,3.1697,30.557,-133.54,-0.73982,-0.34699,-6.9053,-2.4509,-9.9315,-1.4504,-0.69696,-0.4449,-0.74488,NaN,NaN,NaN,NaN,NaN,NaN,NaN,NaN,NaN,45.72,0,2748.1,0.0064211,NaN,NaN,NaN,NaN,10.804,97218,10.75,-0.34751,-0.033322,-6.0646,-2.9212,-8.9947,-1.6358,NaN,NaN,NaN,NaN,NaN
560.26,3.1606,30.537,-133.55,-0.44546,0.58441,-6.3986,-2.9868,-8.0247,-1.7625,0,0,0,NaN,NaN,NaN,NaN,NaN,NaN,NaN,NaN,NaN,45.72,0,2748.1,0.0064211,NaN,NaN,NaN,NaN,NaN,-1,-1,-0.34512,-0.036344,-6.0464,-2.9382,-9.0051,-1.628,NaN,NaN,NaN,NaN,NaN
560.27,3.1527,30.514,-133.55,0.26755,0.58113,-5.3888,-2.5506,-9.434,-1.6528,0,0,0,NaN,NaN,NaN,NaN,NaN,NaN,NaN,NaN,NaN,45.72,0,2748.1,0.0064211,NaN,NaN,NaN,NaN,10.842,97228,10.813,-0.34081,-0.024711,-6.0442,-2.9702,-9.0223,-1.6255,NaN,NaN,NaN,NaN,NaN
560.27,3.1438,30.491,-133.56,-0.32594,-0.71472,-6.512,-2.7683,-9.3604,-1.9967,0,0,0,NaN,NaN,NaN,NaN,NaN,NaN,NaN,NaN,NaN,45.72,0,2748.1,0.0064211,0.74077,2.6145,0.65968,NaN,NaN,-1,-1,-0.34072,-0.033021,-6.0453,-3.0092,-9.0271,-1.6074,NaN,NaN,NaN,NaN,NaN
560.27,3.1343,30.471,-133.56,-0.62679,-1.4042,-5.9677,-3.1147,-8.4546,-1.8089,-0.70403,-0.45462,-0.74995,NaN,NaN,NaN,NaN,NaN,NaN,NaN,NaN,NaN,45.72,0,2748.1,0.0064211,0.74077,2.6145,0.65968,NaN,NaN,-1,-1,-0.33163,-0.03069,-6.0406,-3.032,-9.0328,-1.5862,NaN,NaN,NaN,NaN,NaN
560.27,3.1253,30.449,-133.57,0.043071,0.99278,-5.6803,-3.0967,-8.773,-1.5156,0,0,0,NaN,NaN,NaN,NaN,NaN,NaN,NaN,NaN,NaN,45.72,0,2748.1,0.0064211,NaN,NaN,NaN,0.074917,10.616,97197,10.625,-0.32639,-0.026313,-6.0302,-3.0652,-9.0537,-1.5683,NaN,NaN,NaN,NaN,NaN
560.28,3.117,30.425,-133.57,-0.38398,0.096451,-6.4561,-2.8326,-9.9149,-1.441,0,0,0,NaN,NaN,NaN,NaN,NaN,NaN,NaN,NaN,NaN,45.72,0,2748.1,0.0064211,NaN,NaN,NaN,NaN,NaN,-1,-1,-0.32581,-0.027357,-6.0166,-3.1226,-9.0393,-1.5431,NaN,NaN,NaN,NaN,NaN
560.28,3.107,30.405,-133.58,-0.76875,-0.4776,-6.5939,-3.4312,-8.16,-1.6498,0,0,0,NaN,NaN,NaN,NaN,NaN,NaN,NaN,NaN,NaN,45.72,0,2748.1,0.0064211,NaN,NaN,NaN,NaN,NaN,-1,-1,-0.32209,-0.028251,-6.0228,-3.1382,-9.044,-1.5321,NaN,NaN,NaN,NaN,NaN
560.28,3.0959,30.385,-133.58,0.11732,0.69281,-5.0956,-4.1036,-8.3599,-1.2901,-0.69684,-0.44993,-0.74931,NaN,NaN,NaN,NaN,NaN,NaN,NaN,NaN,NaN,45.72,0,2748.1,0.0064211,NaN,NaN,NaN,NaN,10.432,97202,10.688,-0.32191,-0.029758,-6.0219,-3.1751,-9.0917,-1.5174,NaN,NaN,NaN,NaN,NaN
560.28,3.0867,30.361,-133.58,-0.45171,0.23466,-5.9304,-3.1962,-9.7972,-1.4566,0,0,0,NaN,NaN,NaN,NaN,NaN,NaN,NaN,NaN,NaN,45.72,0,2678.1,0.0053322,NaN,NaN,NaN,NaN,NaN,-1,-1,-0.3241,-0.031466,-6.0127,-3.2967,-9.3584,-1.5294,NaN,NaN,NaN,NaN,NaN
560.29,3.0673,30.317,-133.59,-0.10763,-0.25218,-6.0624,-3.5572,-8.5795,-1.2488,0,0,0,NaN,NaN,NaN,NaN,NaN,NaN,NaN,NaN,NaN,45.72,0,2678.1,0.0053322,0.72215,2.5966,0.62438,0.11654,10.577,97208,10.625,-0.32705,-0.027069,-6.0165,-3.2909,-9.3113,-1.5137,NaN,NaN,NaN,NaN,NaN
560.29,3.0579,30.295,-133.59,-0.30825,0.38933,-5.3995,-3.3561,-9.3611,-1.3825,-0.68959,-0.44775,-0.75087,NaN,NaN,NaN,NaN,NaN,NaN,NaN,NaN,NaN,45.72,0,2678.1,0.0053322,NaN,NaN,NaN,NaN,NaN,-1,-1,-0.3248,-0.039403,-6.0044,-3.2565,-9.3092,-1.4938,NaN,NaN,NaN,NaN,NaN
560.29,3.05,30.272,-133.6,-0.74981,-0.54468,-6.5812,-2.8074,-9.1465,-1.2445,0,0,0,NaN,NaN,NaN,NaN,NaN,NaN,NaN,NaN,NaN,45.72,0,2678.1,0.0053322,NaN,NaN,NaN,NaN,NaN,-1,-1,-0.31779,-0.047529,-5.9866,-3.238,-9.2493,-1.4748,NaN,NaN,NaN,NaN,NaN
560.29,3.0327,30.228,-133.61,0.095142,0.37574,-5.8581,-2.7469,-9.3623,-1.5807,0,0,0,NaN,NaN,NaN,NaN,NaN,NaN,NaN,NaN,NaN,45.72,0,2678.1,0.0053322,NaN,NaN,NaN,NaN,10.618,97210,10.688,-0.32061,-0.050015,-5.9917,-3.2047,-9.2046,-1.4593,NaN,NaN,NaN,NaN,NaN
560.3,3.0244,30.206,-133.61,-0.25906,-0.32335,-6.2426,-2.8072,-8.7841,-1.6494,-0.70155,-0.45477,-0.75195,NaN,NaN,NaN,NaN,NaN,NaN,NaN,NaN,NaN,45.72,0,2678.1,0.0053322,NaN,NaN,NaN,NaN,NaN,-1,-1,-0.31887,-0.051408,-5.9919,-3.2856,-9.4214,-1.4866,NaN,NaN,NaN,NaN,NaN
560.3,3.0149,30.184,-133.61,-0.44724,-1.3294,-5.6886,-3.1208,-9.2914,-1.7808,0,0,0,NaN,NaN,NaN,NaN,NaN,NaN,NaN,NaN,NaN,45.72,0,2678.1,0.0053322,0.7342,2.6055,0.64325,0.09656,NaN,-1,-1,-0.31465,-0.050587,-5.9703,-3.2562,-9.3178,-1.4596,NaN,NaN,NaN,NaN,NaN
560.3,3.006,30.16,-133.62,-0.066969,0.78338,-5.8335,-3.1916,-9.4596,-1.3109,0,0,0,NaN,NaN,NaN,NaN,NaN,NaN,NaN,NaN,NaN,45.72,0,2678.1,0.0053322,NaN,NaN,NaN,NaN,10.692,97211,10.688,-0.31604,-0.038152,-5.9664,-3.2309,-9.1801,-1.4222,NaN,NaN,NaN,NaN,NaN
560.3,2.9984,30.138,-133.62,-0.47591,-0.15499,-6.6545,-2.8065,-9.2824,-1.098,0,0,0,NaN,NaN,NaN,NaN,NaN,NaN,NaN,NaN,NaN,45.72,0,2678.1,0.0053322,NaN,NaN,NaN,NaN,10.618,97207,10.688,-0.3135,-0.041355,-5.9637,-3.1834,-9.1134,-1.3805,NaN,NaN,NaN,NaN,NaN
560.31,2.9884,30.117,-133.62,-0.54123,0.032574,-5.8556,-3.6614,-8.4795,-1.2611,-0.701,-0.44053,-0.75411,NaN,NaN,NaN,NaN,NaN,NaN,NaN,NaN,NaN,45.72,0,2678.1,0.0053322,NaN,NaN,NaN,NaN,NaN,-1,-1,-0.30312,-0.046791,-5.9391,-3.1766,-8.9685,-1.351,NaN,NaN,NaN,NaN,NaN
560.31,2.9773,30.094,-133.63,0.12173,0.38258,-5.7494,-4.1529,-9.3393,-1.1644,0,0,0,NaN,NaN,NaN,NaN,NaN,NaN,NaN,NaN,NaN,45.72,0,2678.1,0.0053322,NaN,NaN,NaN,NaN,NaN,-1,-1,-0.30081,-0.065022,-5.9305,-3.1802,-8.8469,-1.3092,NaN,NaN,NaN,NaN,NaN
560.31,2.9675,30.07,-133.63,-0.62274,0.12329,-5.7977,-3.4871,-9.6088,-1.3596,0,0,0,NaN,NaN,NaN,NaN,NaN,NaN,NaN,NaN,NaN,45.72,0,2678.1,0.0053322,0.72544,2.6049,0.64325,0.079911,NaN,-1,-1,-0.30157,-0.072865,-5.9252,-3.168,-8.7733,-1.2905,NaN,NaN,NaN,NaN,NaN
560.31,2.9582,30.048,-133.64,-0.41972,-0.6621,-6.303,-3.2164,-9.1953,-1.59,0,0,0,NaN,NaN,NaN,NaN,NaN,NaN,NaN,NaN,NaN,45.72,0,2678.1,0.0053322,NaN,NaN,NaN,NaN,10.692,97185,10.625,-0.30117,-0.059279,-5.9089,-3.1483,-8.6955,-1.2752,NaN,NaN,NaN,NaN,NaN
560.32,2.9478,30.026,-133.64,-0.076877,-0.47668,-5.7015,-3.701,-9.1513,-1.4664,-0.69671,-0.45005,-0.75151,NaN,NaN,NaN,NaN,NaN,NaN,NaN,NaN,NaN,45.72,0,2678.1,0.0053322,NaN,NaN,NaN,NaN,NaN,-1,-1,-0.29804,-0.053128,-5.8956,-3.1189,-8.6969,-1.255,NaN,NaN,NaN,NaN,NaN
560.32,2.9384,30.003,-133.64,-0.43225,0.24074,-5.8978,-3.3976,-9.3214,-1.3269,0,0,0,NaN,NaN,NaN,NaN,NaN,NaN,NaN,NaN,NaN,45.72,0,2678.1,0.0053322,NaN,NaN,NaN,NaN,NaN,-1,-1,-0.2949,-0.066204,-5.8736,-3.069,-8.663,-1.2242,NaN,NaN,NaN,NaN,NaN
560.32,2.9303,29.98,-133.65,-0.66128,-0.38296,-6.6453,-2.9254,-9.447,-1.2083,0,0,0,NaN,NaN,NaN,NaN,NaN,NaN,NaN,NaN,NaN,45.72,0,2678.1,0.0053322,NaN,NaN,NaN,NaN,10.654,97195,10.625,-0.29453,-0.067759,-5.8739,-3.0532,-8.5667,-1.2015,NaN,NaN,NaN,NaN,NaN
560.32,2.9217,29.958,-133.65,-0.25933,0.50791,-5.4475,-3.0309,-8.8089,-1.4051,0,0,0,NaN,NaN,NaN,NaN,NaN,NaN,NaN,NaN,NaN,45.72,0,2678.1,0.0053322,NaN,NaN,NaN,NaN,NaN,-1,-1,-0.29553,-0.073012,-5.8508,-3.02,-8.541,-1.1837,NaN,NaN,NaN,NaN,NaN
560.33,2.9138,29.934,-133.65,0.075621,0.43542,-6.0327,-2.8407,-9.9422,-1.2049,-0.6845,-0.44818,-0.75707,NaN,NaN,NaN,NaN,NaN,NaN,NaN,NaN,NaN,45.72,0,2678.1,0.0053322,NaN,NaN,NaN,NaN,10.685,97205,10.563,-0.29469,-0.070052,-5.8588,-2.9926,-8.5437,-1.1798,NaN,NaN,NaN,NaN,NaN
560.33,2.9054,29.911,-133.66,-0.3959,-0.38383,-6.2247,-2.9575,-9.2002,-1.3802,0,0,0,NaN,NaN,NaN,NaN,NaN,NaN,NaN,NaN,NaN,45.72,0,2678.1,0.0053322,NaN,NaN,NaN,NaN,NaN,-1,-1,-0.29204,-0.068335,-5.836,-2.9683,-8.4851,-1.1698,NaN,NaN,NaN,NaN,NaN
560.33,2.8968,29.889,-133.66,-0.24316,-1.3043,-5.9362,-2.9845,-9.0616,-1.4478,0,0,0,NaN,NaN,NaN,NaN,NaN,NaN,NaN,NaN,NaN,45.72,0,2678.1,0.0053322,NaN,NaN,NaN,NaN,NaN,-1,-1,-0.29172,-0.07773,-5.8217,-2.9522,-8.454,-1.1488,NaN,NaN,NaN,NaN,NaN
560.33,2.8874,29.865,-133.66,0.03578,0.63149,-5.139,-3.4749,-9.8523,-1.1959,0,0,0,NaN,NaN,NaN,NaN,NaN,NaN,NaN,NaN,NaN,45.72,0,2678.1,0.0053322,NaN,NaN,NaN,NaN,10.622,97229,10.813,-0.29035,-0.080049,-5.8181,-2.9414,-8.491,-1.1284,NaN,NaN,NaN,NaN,NaN
560.34,2.8798,29.841,-133.66,-0.41919,-0.18937,-6.7796,-2.8175,-9.7401,-1.0614,-0.69645,-0.45029,-0.75593,NaN,NaN,NaN,NaN,NaN,NaN,NaN,NaN,NaN,45.72,0,2678.1,0.0053322,0.73146,2.6097,0.65663,NaN,NaN,-1,-1,-0.28362,-0.076676,-5.7911,-2.9431,-8.4589,-1.1193,NaN,NaN,NaN,NaN,NaN
560.34,0,0,0,0,0,0,0,0,0,0,0,0,NaN,NaN,NaN,NaN,NaN,NaN,NaN,NaN,NaN,45.72,0,2678.1,0.0053322,NaN,NaN,NaN,0.073252,NaN,-1,-1,-0.28594,-0.082023,-5.7692,-2.9692,-8.4106,-1.0819,NaN,NaN,NaN,NaN,NaN
560.34,2.8705,29.82,-133.67,-0.49548,0.013856,-6.2749,-3.46,-8.6019,-1.1741,0,0,0,NaN,NaN,NaN,NaN,NaN,NaN,NaN,NaN,NaN,45.72,0,2678.1,0.0053322,NaN,NaN,NaN,NaN,10.51,97207,10.75,-0.27808,-0.08157,-5.7431,-2.9728,-8.479,-1.0668,NaN,NaN,NaN,NaN,NaN
560.34,2.8604,29.799,-133.67,0.000162,0.37835,-5.4221,-3.8974,-8.3697,-0.95438,0,0,0,NaN,NaN,NaN,NaN,NaN,NaN,NaN,NaN,NaN,45.72,0,2678.1,0.0053322,NaN,NaN,NaN,NaN,NaN,-1,-1,-0.27128,-0.075553,-5.7265,-2.9993,-8.4359,-1.0532,NaN,NaN,NaN,NaN,NaN
560.35,2.8419,29.75,-133.68,-0.47243,-0.82309,-6.7199,-3.2978,-9.5838,-1.2558,-0.69134,-0.4409,-0.75768,NaN,NaN,NaN,NaN,NaN,NaN,NaN,NaN,NaN,45.72,0,2678.1,0.0053322,NaN,NaN,NaN,NaN,10.393,97211,10.688,-0.27412,-0.089101,-5.7081,-3.0108,-8.4854,-1.0437,NaN,NaN,NaN,NaN,NaN
560.35,2.8326,29.728,-133.68,-0.066279,-0.18105,-5.7468,-3.5467,-8.8231,-1.0307,0,0,0,NaN,NaN,NaN,NaN,NaN,NaN,NaN,NaN,NaN,45.72,0,2678.1,0.0053322,NaN,NaN,NaN,NaN,NaN,-1,-1,-0.27154,-0.094853,-5.6795,-2.9924,-8.5643,-1.0297,NaN,NaN,NaN,NaN,NaN
560.35,0,0,0,0,0,0,0,0,0,0,0,0,NaN,NaN,NaN,NaN,NaN,NaN,NaN,NaN,NaN,45.72,0,2678.1,0.0053322,0.79442,2.5113,0.69984,0.021643,NaN,-1,-1,-0.26637,-0.092234,-5.6487,-2.9872,-8.563,-1.0129,NaN,NaN,NaN,NaN,NaN
560.35,2.8236,29.706,-133.68,-0.27708,-0.072474,-5.2533,-3.3583,-9.0883,-1.1175,0,0,0,NaN,NaN,NaN,NaN,NaN,NaN,NaN,NaN,NaN,45.72,0,2678.1,0.0053322,NaN,NaN,NaN,NaN,10.242,97202,10.688,-0.26554,-0.094396,-5.6494,-2.9831,-8.6355,-1.0112,NaN,NaN,NaN,NaN,NaN
560.36,2.8149,29.681,-133.69,-0.66078,-0.41195,-6.1616,-3.1791,-10.125,-1.1638,0,0,0,NaN,NaN,NaN,NaN,NaN,NaN,NaN,NaN,NaN,45.72,0,2678.1,0.0053322,NaN,NaN,NaN,NaN,NaN,-1,-1,-0.26144,-0.09998,-5.6093,-2.9893,-8.6903,-1.0138,NaN,NaN,NaN,NaN,NaN
560.36,2.8057,29.658,-133.69,-0.27624,0.54724,-6.2929,-3.4901,-9.3243,-1.0586,-0.68665,-0.44587,-0.75948,NaN,NaN,NaN,NaN,NaN,NaN,NaN,NaN,NaN,45.72,0,2678.1,0.0053322,NaN,NaN,NaN,NaN,NaN,-1,-1,-0.25777,-0.10283,-5.6503,-3.0093,-8.711,-1.0061,NaN,NaN,NaN,NaN,NaN
560.36,2.7895,29.612,-133.69,-0.001639,-0.16846,-5.5307,-2.9497,-10.062,-1.1698,0,0,0,NaN,NaN,NaN,NaN,NaN,NaN,NaN,NaN,NaN,45.72,0,2678.1,0.0053322,NaN,NaN,NaN,NaN,10.28,97225,10.75,-0.2562,-0.10178,-5.6374,-3.013,-8.7931,-0.99735,NaN,NaN,NaN,NaN,NaN
560.36,2.7807,29.588,-133.7,-0.18231,-0.8107,-6.4382,-3.1561,-9.7574,-1.371,0,0,0,NaN,NaN,NaN,NaN,NaN,NaN,NaN,NaN,NaN,45.72,0,2678.1,0.0053322,0.73858,2.6061,0.64507,0.10488,10.204,97182,10.625,-0.24924,-0.11269,-5.6113,-3.0451,-8.8708,-0.98738,NaN,NaN,NaN,NaN,NaN
560.37,2.7362,29.512,-133.71,-0.092432,0.19981,-5.4885,-3.0046,-10.331,-0.98686,0,0,0,NaN,NaN,NaN,NaN,NaN,NaN,NaN,NaN,NaN,45.72,0,2678.1,0.0053322,NaN,NaN,NaN,NaN,NaN,-1,-1,-0.24246,-0.11461,-5.5943,-3.0881,-8.9152,-0.96439,NaN,NaN,NaN,NaN,NaN
560.37,2.7281,29.487,-133.71,-0.29477,0.29552,-6.3753,-3.1723,-10.169,-0.7877,0,0,0,NaN,NaN,NaN,NaN,NaN,NaN,NaN,NaN,NaN,45.72,0,2678.1,0.0053322,NaN,NaN,NaN,NaN,NaN,-1,-1,-0.24566,-0.11035,-5.6539,-3.1221,-8.9963,-0.95281,NaN,NaN,NaN,NaN,NaN
560.37,2.7186,29.467,-133.72,-0.60895,-0.39559,-6.5146,-3.6822,-8.2378,-1.006,0,0,0,NaN,NaN,NaN,NaN,NaN,NaN,NaN,NaN,NaN,45.72,0,2678.1,0.0053322,NaN,NaN,NaN,NaN,NaN,-1,-1,-0.24494,-0.11339,-5.6461,-3.1482,-9.1297,-0.95577,NaN,NaN,NaN,NaN,NaN
560.37,2.7088,29.443,-133.72,-0.062008,0.67368,-5.0291,-3.7733,-10.055,-1.011,-0.68424,-0.44842,-0.76148,NaN,NaN,NaN,NaN,NaN,NaN,NaN,NaN,NaN,45.72,0,2678.1,0.0053322,NaN,NaN,NaN,NaN,10.167,97235,10.813,-0.24055,-0.087738,-5.6263,-3.1926,-9.1991,-0.96528,NaN,NaN,NaN,NaN,NaN
560.38,2.6999,29.417,-133.72,-0.12721,-0.21861,-5.9568,-3.3054,-10.349,-1.1119,0,0,0,NaN,NaN,NaN,NaN,NaN,NaN,NaN,NaN,NaN,45.72,0,2678.1,0.0053322,0.79004,2.5143,0.71566,0.0016648,NaN,-1,-1,-0.2452,-0.097038,-5.629,-3.2339,-9.2871,-0.9862,NaN,NaN,NaN,NaN,NaN
560.38,2.6912,29.393,-133.72,-0.51148,-0.5541,-6.0486,-3.373,-9.8927,-0.90075,0,0,0,NaN,NaN,NaN,NaN,NaN,NaN,NaN,NaN,NaN,45.72,0,2678.1,0.0053322,NaN,NaN,NaN,NaN,NaN,-1,-1,-0.23995,-0.095472,-5.6253,-3.2523,-9.4704,-0.98079,NaN,NaN,NaN,NaN,NaN
560.38,2.6825,29.37,-133.73,-0.37426,-0.44559,-6.3256,-3.3706,-9.2317,-0.8847,0,0,0,NaN,NaN,NaN,NaN,NaN,NaN,NaN,NaN,NaN,45.72,0,2678.1,0.0053322,NaN,NaN,NaN,NaN,10.36,97250,10.875,-0.24204,-0.10108,-5.6298,-3.2662,-9.5511,-0.99298,NaN,NaN,NaN,NaN,NaN
560.38,2.6729,29.345,-133.73,-0.049257,-0.10819,-4.8736,-3.6709,-10.363,-0.96956,-0.69356,-0.44099,-0.7601,NaN,NaN,NaN,NaN,NaN,NaN,NaN,NaN,NaN,45.72,0,2678.1,0.0053322,NaN,NaN,NaN,NaN,NaN,-1,-1,-0.23903,-0.11204,-5.619,-3.2914,-9.6607,-0.99132,NaN,NaN,NaN,NaN,NaN
560.39,2.6637,29.32,-133.73,-0.41159,0.009839,-6.5556,-3.4975,-10.079,-1.0705,0,0,0,NaN,NaN,NaN,NaN,NaN,NaN,NaN,NaN,NaN,45.72,0,2678.1,0.0053322,NaN,NaN,NaN,NaN,10.085,97217,10.688,-0.23419,-0.10387,-5.607,-3.3266,-9.7923,-0.99787,NaN,NaN,NaN,NaN,NaN
560.39,2.6556,29.297,-133.73,-0.57757,0.69335,-6.196,-3.063,-9.4513,-1.0092,0,0,0,NaN,NaN,NaN,NaN,NaN,NaN,NaN,NaN,NaN,45.72,0,2678.1,0.0053322,NaN,NaN,NaN,NaN,NaN,-1,-1,-0.23155,-0.10522,-5.5972,-3.3497,-9.9306,-1.0062,NaN,NaN,NaN,NaN,NaN
560.39,2.6471,29.272,-133.73,0.12698,-0.29267,-5.1872,-3.2851,-9.9448,-0.91902,0,0,0,NaN,NaN,NaN,NaN,NaN,NaN,NaN,NaN,NaN,45.72,0,2678.1,0.0053322,0.74405,2.4874,0.71932,0.049945,NaN,-1,-1,-0.22817,-0.10805,-5.6027,-3.4031,-10.072,-1.012,NaN,NaN,NaN,NaN,NaN
560.39,2.6375,29.246,-133.74,0.024545,-0.25595,-6.0724,-3.4109,-10.77,-1.4821,-0.6817,-0.44617,-0.76347,NaN,NaN,NaN,NaN,NaN,NaN,NaN,NaN,NaN,45.72,0,2573.9,-1.2222,NaN,NaN,NaN,NaN,9.9729,97210,10.75,-0.22187,-0.11562,-5.5889,-3.4482,-10.232,-1.0085,NaN,NaN,NaN,NaN,NaN
560.4,2.6288,29.224,-133.74,-0.48269,-0.81283,-6.2403,-3.3419,-8.9108,-1.0558,0,0,0,NaN,NaN,NaN,NaN,NaN,NaN,NaN,NaN,NaN,45.72,0,2573.9,-1.2222,NaN,NaN,NaN,NaN,NaN,-1,-1,-0.21832,-0.11757,-5.589,-3.386,-10.042,-0.95624,NaN,NaN,NaN,NaN,NaN
560.4,2.6125,29.175,-133.74,-0.30781,-0.15145,-6.025,-3.0837,-11.3,-0.794,0,0,0,NaN,NaN,NaN,NaN,NaN,NaN,NaN,NaN,NaN,45.72,0,2573.9,-1.2222,NaN,NaN,NaN,NaN,NaN,-1,-1,-0.22209,-0.12264,-5.5994,-3.4247,-10.103,-0.95343,NaN,NaN,NaN,NaN,NaN
560.4,2.6039,29.151,-133.74,-0.46538,0.39421,-6.5076,-3.4362,-9.5934,-0.76679,-0.68351,-0.43681,-0.76807,NaN,NaN,NaN,NaN,NaN,NaN,NaN,NaN,NaN,45.72,0,2573.9,-1.2222,0.74022,2.5047,0.71262,NaN,10.124,97197,10.625,-0.22288,-0.10306,-5.5874,-3.4751,-10.137,-0.93567,NaN,NaN,NaN,NaN,NaN
560.4,2.5943,29.13,-133.75,-0.002136,0.050922,-5.7813,-3.8833,-8.5338,-0.71494,0,0,0,NaN,NaN,NaN,NaN,NaN,NaN,NaN,NaN,NaN,45.769,0,2573.9,0.0080533,NaN,NaN,NaN,0.028302,9.9694,97209,10.688,-0.21788,-0.099547,-5.5811,-3.5019,-10.243,-0.93587,NaN,NaN,NaN,NaN,NaN
560.41,2.5751,29.076,-133.75,-0.4144,-0.32331,-6.431,-3.4599,-11.379,-1.1631,0,0,0,NaN,NaN,NaN,NaN,NaN,NaN,NaN,NaN,NaN,45.769,0,2573.9,0.0080533,NaN,NaN,NaN,NaN,NaN,-1,-1,-0.21908,-0.11948,-5.5858,-3.5367,-10.313,-0.93644,NaN,NaN,NaN,NaN,NaN
560.41,2.5664,29.054,-133.75,-0.09786,-0.42525,-6.2512,-3.4659,-8.8041,-0.87399,-0.68137,-0.44402,-0.76788,NaN,NaN,NaN,NaN,NaN,NaN,NaN,NaN,NaN,45.769,0,2573.9,0.0080533,NaN,NaN,NaN,NaN,NaN,-1,-1,-0.2199,-0.12341,-5.5911,-3.4712,-10.003,-0.88374,NaN,NaN,NaN,NaN,NaN
560.41,2.5574,29.03,-133.76,-0.25651,-0.27059,-5.0208,-3.4851,-9.8723,-0.9781,0,0,0,NaN,NaN,NaN,NaN,NaN,NaN,NaN,NaN,NaN,45.769,0,2573.9,0.0080533,NaN,NaN,NaN,NaN,NaN,-1,-1,-0.21043,-0.12214,-5.5755,-3.606,-10.318,-0.89554,NaN,NaN,NaN,NaN,NaN
560.41,2.5492,29.002,-133.76,-0.50041,-0.069554,-6.6101,-3.1628,-11.448,-0.88986,0,0,0,NaN,NaN,NaN,NaN,NaN,NaN,NaN,NaN,NaN,45.769,0,2573.9,0.0080533,NaN,NaN,NaN,NaN,10.168,97231,10.813,-0.2133,-0.13019,-5.5818,-3.5704,-10.311,-0.88285,NaN,NaN,NaN,NaN,NaN
560.42,2.5412,28.978,-133.76,-0.18537,0.51971,-5.766,-3.2256,-9.8051,-0.67706,0,0,0,NaN,NaN,NaN,NaN,NaN,NaN,NaN,NaN,NaN,45.769,0,2573.9,0.0080533,0.74734,2.6193,0.65177,0.074085,NaN,-1,-1,-0.21376,-0.12926,-5.5775,-3.5567,-10.211,-0.86543,NaN,NaN,NaN,NaN,NaN
560.42,2.533,28.955,-133.76,-0.26648,0.006819,-5.7555,-3.2438,-9.129,-0.83961,-0.68384,-0.43896,-0.76366,NaN,NaN,NaN,NaN,NaN,NaN,NaN,NaN,NaN,45.769,0,2573.9,0.0080533,NaN,NaN,NaN,NaN,NaN,-1,-1,-0.206,-0.1256,-5.5682,-3.5494,-10.174,-0.8528,NaN,NaN,NaN,NaN,NaN
560.42,2.5233,28.928,-133.76,0.076092,-0.21506,-5.5481,-3.6185,-11.121,-1.1588,0,0,0,NaN,NaN,NaN,NaN,NaN,NaN,NaN,NaN,NaN,45.769,0,2573.9,0.0080533,NaN,NaN,NaN,NaN,9.8907,97186,10.625,-0.20301,-0.13496,-5.5654,-3.6628,-10.449,-0.87267,NaN,NaN,NaN,NaN,NaN
560.42,2.5142,28.901,-133.77,-0.14672,-0.5215,-6.5669,-3.443,-10.721,-1.0782,0,0,0,NaN,NaN,NaN,NaN,NaN,NaN,NaN,NaN,NaN,45.769,0,2573.9,0.0080533,NaN,NaN,NaN,NaN,NaN,-1,-1,-0.20025,-0.1401,-5.5719,-3.6238,-10.348,-0.8597,NaN,NaN,NaN,NaN,NaN
560.43,2.5051,28.88,-133.77,-0.17282,-0.82236,-5.3038,-3.5117,-8.8939,-0.96807,0,0,0,NaN,NaN,NaN,NaN,NaN,NaN,NaN,NaN,NaN,45.769,0,2573.9,0.0080533,NaN,NaN,NaN,NaN,9.9677,97197,10.625,-0.1991,-0.13768,-5.5818,-3.5908,-10.265,-0.83081,NaN,NaN,NaN,NaN,NaN
560.43,2.4962,28.853,-133.77,-0.070255,0.1691,-5.1202,-3.5881,-10.883,-0.72061,-0.68586,-0.44168,-0.7705,NaN,NaN,NaN,NaN,NaN,NaN,NaN,NaN,NaN,45.769,0,2573.9,0.0080533,NaN,NaN,NaN,NaN,NaN,-1,-1,-0.19764,-0.14051,-5.5797,-3.5855,-10.106,-0.81678,NaN,NaN,NaN,NaN,NaN
560.43,2.488,28.826,-133.77,-0.42421,0.45655,-7.1719,-3.5462,-10.831,-0.20621,0,0,0,NaN,NaN,NaN,NaN,NaN,NaN,NaN,NaN,NaN,45.769,0,2573.9,0.0080533,0.72982,2.6049,0.64385,0.10572,NaN,-1,-1,-0.19878,-0.12361,-5.573,-3.5887,-10.011,-0.79896,NaN,NaN,NaN,NaN,NaN
560.43,2.4784,28.806,-133.77,-0.41834,-0.48105,-5.8725,-3.8646,-8.1558,-0.83388,0,0,0,NaN,NaN,NaN,NaN,NaN,NaN,NaN,NaN,NaN,45.769,0,2573.9,0.0080533,NaN,NaN,NaN,NaN,10.165,97204,10.688,-0.20217,-0.11069,-5.5849,-3.561,-9.95,-0.78195,NaN,NaN,NaN,NaN,NaN
560.44,2.4681,28.78,-133.77,0.18872,0.8414,-4.832,-4.2401,-10.556,-0.51263,0,0,0,NaN,NaN,NaN,NaN,NaN,NaN,NaN,NaN,NaN,45.769,0,2573.9,0.0080533,NaN,NaN,NaN,NaN,NaN,-1,-1,-0.20089,-0.11553,-5.5317,-3.5539,-9.8653,-0.76201,NaN,NaN,NaN,NaN,NaN
560.44,2.4585,28.753,-133.77,-0.3208,-0.14859,-5.7542,-3.8215,-11.173,-0.72949,-0.67849,-0.43963,-0.77427,-6.105,-8.6713,2.3607,10.864,40.058,-88.55,3.678e+05,4.4353e+06,292.74,45.769,0,2573.9,0.0080533,NaN,NaN,NaN,NaN,NaN,-1,-1,-0.19747,-0.12886,-5.5381,-3.5564,-9.7985,-0.74245,10.26,-1.9098,3.0213,16.409,-10.124
560.44,2.4494,28.728,-133.78,-0.45308,-1.0008,-6.2971,-3.6693,-10.099,-0.68423,0,0,0,NaN,NaN,NaN,NaN,NaN,NaN,NaN,NaN,NaN,45.769,0,2573.9,0.0080533,NaN,NaN,NaN,NaN,9.6879,97202,10.625,-0.19832,-0.12583,-5.557,-3.5676,-9.7328,-0.73408,NaN,NaN,NaN,NaN,NaN
560.44,2.4391,28.703,-133.78,-0.05979,-0.51887,-5.9336,-4.1282,-9.8298,-0.76054,0,0,0,NaN,NaN,NaN,NaN,NaN,NaN,NaN,NaN,NaN,45.769,0,2573.9,0.0080533,0.73693,2.6049,0.66759,0.079079,NaN,-1,-1,-0.19345,-0.13416,-5.5706,-3.5545,-9.7322,-0.73526,NaN,NaN,NaN,NaN,NaN
560.45,2.4296,28.677,-133.78,-0.11922,0.38897,-4.9516,-3.8498,-10.742,-0.62727,0,0,0,NaN,NaN,NaN,NaN,NaN,NaN,NaN,NaN,NaN,45.769,0,2573.9,0.0080533,NaN,NaN,NaN,NaN,10.055,97233,10.875,-0.19497,-0.12439,-5.5796,-3.5257,-9.6918,-0.73586,NaN,NaN,NaN,NaN,NaN
560.45,2.4209,28.651,-133.78,-0.59656,-0.42195,-6.7221,-3.4879,-10.384,-0.77412,-0.67156,-0.4347,-0.76921,NaN,NaN,NaN,NaN,NaN,NaN,NaN,NaN,NaN,45.769,0,2573.9,0.0080533,NaN,NaN,NaN,NaN,NaN,-1,-1,-0.19273,-0.12328,-5.587,-3.523,-9.6096,-0.71886,NaN,NaN,NaN,NaN,NaN
560.45,2.4117,28.626,-133.78,-0.20406,0.58344,-5.5305,-3.4843,-10.316,-1.099,0,0,0,NaN,NaN,NaN,NaN,NaN,NaN,NaN,NaN,NaN,45.769,0,2573.9,0.0080533,NaN,NaN,NaN,NaN,NaN,-1,-1,-0.18687,-0.12627,-5.5917,-3.5207,-9.5999,-0.73325,NaN,NaN,NaN,NaN,NaN
560.45,2.4028,28.6,-133.79,-0.006961,0.28792,-5.6419,-3.5921,-10.37,-0.72101,0,0,0,NaN,NaN,NaN,NaN,NaN,NaN,NaN,NaN,NaN,45.769,0,2573.9,0.0080533,NaN,NaN,NaN,NaN,9.8516,97182,10.625,-0.18376,-0.14206,-5.6004,-3.5191,-9.5398,-0.72213,NaN,NaN,NaN,NaN,NaN
560.46,2.393,28.574,-133.79,0.010404,-0.24041,-6.0781,-3.8097,-10.883,-0.9679,0,0,0,NaN,NaN,NaN,NaN,NaN,NaN,NaN,NaN,NaN,45.769,0,2573.9,0.0080533,0.7331,2.6127,0.63899,0.090733,NaN,-1,-1,-0.1829,-0.1435,-5.6093,-3.5217,-9.5943,-0.70439,NaN,NaN,NaN,NaN,NaN
560.46,2.3828,28.549,-133.79,-0.19318,-1.2503,-5.9537,-4.0765,-9.8868,-0.76748,-0.67828,-0.43245,-0.77425,NaN,NaN,NaN,NaN,NaN,NaN,NaN,NaN,NaN,45.769,0,2573.9,0.0080533,NaN,NaN,NaN,NaN,NaN,-1,-1,-0.18129,-0.14219,-5.6168,-3.5301,-9.5674,-0.68782,NaN,NaN,NaN,NaN,NaN
560.46,2.3725,28.524,-133.79,0.066995,-0.11447,-5.2488,-4.2558,-10.14,-0.53022,0,0,0,NaN,NaN,NaN,NaN,NaN,NaN,NaN,NaN,NaN,45.769,0,2573.9,0.0080533,NaN,NaN,NaN,NaN,9.732,97201,10.688,-0.18051,-0.1274,-5.6205,-3.5646,-9.5033,-0.66034,NaN,NaN,NaN,NaN,NaN
560.46,2.3636,28.495,-133.79,-0.24768,-0.14425,-6.011,-3.421,-11.733,-0.97827,0,0,0,NaN,NaN,NaN,NaN,NaN,NaN,NaN,NaN,NaN,45.769,0,2573.9,0.0080533,NaN,NaN,NaN,NaN,NaN,-1,-1,-0.18314,-0.11887,-5.6256,-3.5843,-9.6044,-0.65391,NaN,NaN,NaN,NaN,NaN
560.47,0,0,0,0,0,0,0,0,0,0,0,0,NaN,NaN,NaN,NaN,NaN,NaN,NaN,NaN,NaN,45.769,0,2573.9,0.0080533,0.74241,2.6121,0.65724,NaN,10.01,97222,10.75,-0.17857,-0.13399,-5.6241,-3.5877,-9.5812,-0.63238,NaN,NaN,NaN,NaN,NaN
560.47,2.3429,28.448,-133.79,-0.18948,-0.43059,-5.7722,-4.6184,-9.4783,-0.71769,-0.67359,-0.43742,-0.77605,NaN,NaN,NaN,NaN,NaN,NaN,NaN,NaN,NaN,45.769,0,2573.9,0.0080533,NaN,NaN,NaN,0.074085,NaN,-1,-1,-0.17303,-0.13602,-5.6322,-3.6113,-9.5716,-0.61579,NaN,NaN,NaN,NaN,NaN
560.47,2.3316,28.42,-133.8,-0.33058,0.95307,-5.2272,-4.4886,-11.563,-0.77836,0,0,0,NaN,NaN,NaN,NaN,NaN,NaN,NaN,NaN,NaN,45.769,0,2573.9,0.0080533,NaN,NaN,NaN,NaN,NaN,-1,-1,-0.17515,-0.14273,-5.6403,-3.6166,-9.6479,-0.62012,NaN,NaN,NaN,NaN,NaN
560.47,2.3219,28.393,-133.8,-0.21518,-0.48714,-5.9195,-3.8458,-10.622,-0.78174,0,0,0,NaN,NaN,NaN,NaN,NaN,NaN,NaN,NaN,NaN,45.769,0,2573.9,0.0080533,NaN,NaN,NaN,NaN,9.8098,97194,10.625,-0.17294,-0.1477,-5.6479,-3.6243,-9.6574,-0.60852,NaN,NaN,NaN,NaN,NaN
560.48,0,0,0,0,0,0,0,0,0,0,0,0,NaN,NaN,NaN,NaN,NaN,NaN,NaN,NaN,NaN,45.769,0,2573.9,0.0080533,NaN,NaN,NaN,NaN,NaN,-1,-1,-0.17116,-0.1394,-5.6453,-3.6081,-9.7154,-0.61076,NaN,NaN,NaN,NaN,NaN
560.48,2.3122,28.366,-133.8,-0.042733,-0.79566,-5.584,-3.9938,-10.951,-0.55153,0,0,0,NaN,NaN,NaN,NaN,NaN,NaN,NaN,NaN,NaN,45.769,0,2573.9,0.0080533,NaN,NaN,NaN,NaN,NaN,-1,-1,-0.1721,-0.12808,-5.6514,-3.6059,-9.8035,-0.6131,NaN,NaN,NaN,NaN,NaN
560.48,2.3021,28.34,-133.8,-0.36604,-0.20465,-6.3816,-4.0246,-10.613,-0.81217,-0.66379,-0.433,-0.7796,NaN,NaN,NaN,NaN,NaN,NaN,NaN,NaN,NaN,45.769,0,2573.9,0.0080533,0.73748,2.6121,0.65237,0.0899,10.011,97216,10.75,-0.16896,-0.1331,-5.6546,-3.6106,-9.8294,-0.60611,NaN,NaN,NaN,NaN,NaN
560.48,2.2825,28.288,-133.8,-0.27683,-0.37058,-5.427,-3.7925,-11.088,-0.57662,0,0,0,NaN,NaN,NaN,NaN,NaN,NaN,NaN,NaN,NaN,45.769,0,2573.9,0.0080533,NaN,NaN,NaN,NaN,NaN,-1,-1,-0.16032,-0.13475,-5.6492,-3.6297,-9.8779,-0.60508,NaN,NaN,NaN,NaN,NaN
560.49,2.2732,28.26,-133.81,-0.32485,0.81997,-6.3718,-3.7449,-11.153,-0.7005,0,0,0,NaN,NaN,NaN,NaN,NaN,NaN,NaN,NaN,NaN,45.769,0,2573.9,0.0080533,NaN,NaN,NaN,NaN,9.814,97191,10.688,-0.15751,-0.14522,-5.653,-3.6462,-9.9433,-0.60076,NaN,NaN,NaN,NaN,NaN
560.49,2.2413,28.18,-133.82,0.21972,-0.47804,-5.509,-4.3347,-10.762,-0.82586,0,0,0,NaN,NaN,NaN,NaN,NaN,NaN,NaN,NaN,NaN,45.769,0,2573.9,0.0080533,NaN,NaN,NaN,NaN,NaN,-1,-1,-0.15787,-0.16385,-5.6594,-3.6574,-10.028,-0.56893,NaN,NaN,NaN,NaN,NaN
560.49,2.2316,28.152,-133.82,-0.25833,-0.87994,-5.6461,-3.8885,-11.371,-0.74593,0,0,0,NaN,NaN,NaN,NaN,NaN,NaN,NaN,NaN,NaN,45.769,0,2573.9,0.0080533,NaN,NaN,NaN,NaN,NaN,-1,-1,-0.15565,-0.15896,-5.661,-3.697,-10.078,-0.56679,NaN,NaN,NaN,NaN,NaN
560.49,2.2227,28.127,-133.82,0.011916,0.055883,-5.6476,-3.6179,-10.34,-0.72863,0,0,0,NaN,NaN,NaN,NaN,NaN,NaN,NaN,NaN,NaN,45.769,0,2573.9,0.0080533,0.73748,2.6049,0.64264,0.097392,9.6947,97205,10.75,-0.1532,-0.14308,-5.6701,-3.748,-10.136,-0.55087,NaN,NaN,NaN,NaN,NaN
560.5,2.2139,28.098,-133.82,-0.20658,-0.7198,-6.3574,-3.6888,-11.671,-0.46702,-0.67078,-0.43542,-0.78245,NaN,NaN,NaN,NaN,NaN,NaN,NaN,NaN,NaN,45.769,0,2573.9,0.0080533,0.73748,2.6049,0.64264,0.097392,NaN,-1,-1,-0.15353,-0.14623,-5.6761,-3.8022,-10.234,-0.53485,NaN,NaN,NaN,NaN,NaN
560.5,2.2037,28.074,-133.82,-0.070927,0.62552,-5.801,-4.3653,-9.6904,-0.2423,0,0,0,NaN,NaN,NaN,NaN,NaN,NaN,NaN,NaN,NaN,45.769,0,2573.9,0.0080533,NaN,NaN,NaN,NaN,NaN,-1,-1,-0.15784,-0.14133,-5.6695,-3.837,-10.365,-0.51461,NaN,NaN,NaN,NaN,NaN
560.5,2.1933,28.049,-133.82,-0.12366,-0.12269,-5.7408,-4.5429,-10.242,-0.13356,0,0,0,NaN,NaN,NaN,NaN,NaN,NaN,NaN,NaN,NaN,45.769,0,2573.9,0.0080533,NaN,NaN,NaN,NaN,9.8109,97209,10.688,-0.14908,-0.15101,-5.6609,-3.8819,-10.418,-0.49472,NaN,NaN,NaN,NaN,NaN
560.5,2.1834,28.018,-133.82,-0.40536,0.73195,-5.2779,-4.0603,-12.232,-0.52746,0,0,0,NaN,NaN,NaN,NaN,NaN,NaN,NaN,NaN,NaN,45.769,0,2573.9,0.0080533,NaN,NaN,NaN,NaN,NaN,-1,-1,-0.14758,-0.15888,-5.6759,-3.929,-10.535,-0.48826,NaN,NaN,NaN,NaN,NaN
560.51,2.1641,27.965,-133.82,0.11993,-0.64242,-5.3199,-4.2442,-11.394,-0.17246,0,0,0,NaN,NaN,NaN,NaN,NaN,NaN,NaN,NaN,NaN,45.769,0,2573.9,0.0080533,NaN,NaN,NaN,NaN,9.4897,97189,10.688,-0.14676,-0.15989,-5.6891,-3.9661,-10.626,-0.48283,NaN,NaN,NaN,NaN,NaN
560.51,2.1538,27.937,-133.82,-0.38867,-0.16222,-6.4787,-4.2412,-11.316,-0.55869,0,0,0,NaN,NaN,NaN,NaN,NaN,NaN,NaN,NaN,NaN,45.769,0,2573.9,0.0080533,0.73201,2.6044,0.64203,0.092398,NaN,-1,-1,-0.14195,-0.15861,-5.6754,-3.9815,-10.774,-0.48834,NaN,NaN,NaN,NaN,NaN
560.51,2.1445,27.911,-133.82,-0.22443,-0.016712,-5.7356,-3.8597,-10.497,-0.51114,0,0,0,NaN,NaN,NaN,NaN,NaN,NaN,NaN,NaN,NaN,45.769,0,2573.9,0.0080533,NaN,NaN,NaN,NaN,NaN,-1,-1,-0.13899,-0.15389,-5.6826,-3.9933,-10.845,-0.4935,NaN,NaN,NaN,NaN,NaN
560.51,2.135,27.882,-133.82,-0.15404,-0.20476,-4.9339,-4.0194,-11.545,-0.42135,-0.6706,-0.44296,-0.78909,NaN,NaN,NaN,NaN,NaN,NaN,NaN,NaN,NaN,45.71,0,2483.9,0.0064211,NaN,NaN,NaN,NaN,9.5257,97154,10.5,-0.13713,-0.13915,-5.6868,-4.0287,-10.978,-0.49452,NaN,NaN,NaN,NaN,NaN
560.52,2.1258,27.853,-133.82,-0.38599,0.75088,-6.7385,-3.7329,-11.727,-0.68107,0,0,0,NaN,NaN,NaN,NaN,NaN,NaN,NaN,NaN,NaN,45.71,0,2483.9,0.0064211,NaN,NaN,NaN,NaN,NaN,-1,-1,-0.13282,-0.14226,-5.6779,-4.0854,-11.09,-0.48446,NaN,NaN,NaN,NaN,NaN
560.52,2.1167,27.829,-133.82,-0.086181,-0.34356,-5.963,-3.7765,-9.7407,-0.5446,0,0,0,NaN,NaN,NaN,NaN,NaN,NaN,NaN,NaN,NaN,45.71,0,2483.9,0.0064211,NaN,NaN,NaN,NaN,NaN,-1,-1,-0.13292,-0.15083,-5.6744,-4.1484,-11.217,-0.46483,NaN,NaN,NaN,NaN,NaN
560.52,2.106,27.802,-133.83,0.37302,-0.29108,-5.195,-4.3104,-10.935,-0.78507,0,0,0,NaN,NaN,NaN,NaN,NaN,NaN,NaN,NaN,NaN,45.71,0,2483.9,0.0064211,NaN,NaN,NaN,NaN,9.694,97209,10.75,-0.12939,-0.14663,-5.678,-4.1899,-11.388,-0.46993,NaN,NaN,NaN,NaN,NaN
560.52,2.0966,27.774,-133.83,-0.12777,-0.64199,-5.4204,-3.7579,-11.682,-0.83331,-0.66831,-0.44048,-0.78667,NaN,NaN,NaN,NaN,NaN,NaN,NaN,NaN,NaN,45.71,0,2483.9,0.0064211,NaN,NaN,NaN,NaN,NaN,-1,-1,-0.12232,-0.14477,-5.6801,-4.0897,-11.143,-0.43464,NaN,NaN,NaN,NaN,NaN
560.53,2.0876,27.746,-133.83,-0.1007,-0.44361,-5.9912,-3.9348,-11.069,-0.14393,0,0,0,NaN,NaN,NaN,NaN,NaN,NaN,NaN,NaN,NaN,45.71,0,2483.9,0.0064211,NaN,NaN,NaN,NaN,9.3633,97221,10.75,-0.12213,-0.15891,-5.6804,-4.1588,-11.251,-0.42494,NaN,NaN,NaN,NaN,NaN
560.53,2.0786,27.717,-133.83,-0.14429,-0.38754,-6.5697,-3.857,-11.806,-0.35099,0,0,0,NaN,NaN,NaN,NaN,NaN,NaN,NaN,NaN,NaN,45.71,0,2483.9,0.0064211,NaN,NaN,NaN,NaN,NaN,-1,-1,-0.1183,-0.15506,-5.6797,-4.2047,-11.354,-0.43299,NaN,NaN,NaN,NaN,NaN
560.53,2.0682,27.693,-133.83,0.031923,0.59969,-5.632,-4.5892,-9.6312,-0.029049,0,0,0,NaN,NaN,NaN,NaN,NaN,NaN,NaN,NaN,NaN,45.71,0,2483.9,0.0064211,NaN,NaN,NaN,NaN,NaN,-1,-1,-0.11348,-0.14452,-5.6767,-4.2211,-11.525,-0.43203,NaN,NaN,NaN,NaN,NaN
560.53,2.0572,27.667,-133.83,-0.18838,-0.19391,-5.5949,-4.6742,-10.69,-0.33375,-0.65904,-0.44048,-0.78361,NaN,NaN,NaN,NaN,NaN,NaN,NaN,NaN,NaN,45.71,0,2483.9,0.0064211,0.73693,2.6121,0.65542,NaN,9.4907,97248,10.875,-0.11637,-0.14283,-5.6836,-4.1097,-11.199,-0.39636,NaN,NaN,NaN,NaN,NaN
560.54,2.0463,27.636,-133.83,-0.30653,0.87907,-5.3899,-4.4074,-12.625,-0.62051,0,0,0,NaN,NaN,NaN,NaN,NaN,NaN,NaN,NaN,NaN,45.71,0,2483.9,0.0064211,NaN,NaN,NaN,0.058269,NaN,-1,-1,-0.11558,-0.13261,-5.6789,-4.123,-11.242,-0.38926,NaN,NaN,NaN,NaN,NaN
560.54,2.0367,27.61,-133.83,-0.083427,-0.82898,-5.9755,-4.075,-10.294,-0.41282,0,0,0,NaN,NaN,NaN,NaN,NaN,NaN,NaN,NaN,NaN,45.71,0,2483.9,0.0064211,NaN,NaN,NaN,NaN,NaN,-1,-1,-0.11672,-0.13277,-5.6696,-4.1372,-11.261,-0.38329,NaN,NaN,NaN,NaN,NaN
560.54,2.0268,27.581,-133.83,0.12633,-0.80439,-5.2683,-4.2496,-11.866,-0.27135,0,0,0,NaN,NaN,NaN,NaN,NaN,NaN,NaN,NaN,NaN,45.71,0,2483.9,0.0064211,NaN,NaN,NaN,NaN,9.4032,97188,10.625,-0.11106,-0.14985,-5.6762,-4.1478,-11.357,-0.36467,NaN,NaN,NaN,NaN,NaN
560.54,2.0162,27.552,-133.83,-0.32414,-0.022501,-6.5505,-4.4255,-11.7,-0.51755,-0.66327,-0.43348,-0.78843,NaN,NaN,NaN,NaN,NaN,NaN,NaN,NaN,NaN,45.71,0,2483.9,0.0064211,NaN,NaN,NaN,NaN,NaN,-1,-1,-0.10357,-0.14608,-5.68,-4.1484,-11.411,-0.35055,NaN,NaN,NaN,NaN,NaN
560.55,2.0072,27.527,-133.83,-0.06972,-0.13332,-5.6431,-3.9422,-9.9782,-0.20019,0,0,0,NaN,NaN,NaN,NaN,NaN,NaN,NaN,NaN,NaN,45.71,0,2483.9,0.0064211,NaN,NaN,NaN,NaN,9.4908,97204,10.75,-0.10493,-0.15302,-5.6718,-4.1773,-11.411,-0.34184,NaN,NaN,NaN,NaN,NaN
560.55,1.9978,27.498,-133.83,-0.17142,-0.40871,-5.1067,-4.0552,-12.048,-0.24076,0,0,0,NaN,NaN,NaN,NaN,NaN,NaN,NaN,NaN,NaN,45.71,0,2483.9,0.0064211,NaN,NaN,NaN,NaN,NaN,-1,-1,-0.10591,-0.14322,-5.6722,-4.1939,-11.508,-0.3272,NaN,NaN,NaN,NaN,NaN
560.55,1.9894,27.468,-133.83,-0.43399,1.1517,-6.825,-3.584,-11.948,-0.42743,0,0,0,NaN,NaN,NaN,NaN,NaN,NaN,NaN,NaN,NaN,45.71,0,2483.9,0.0064211,NaN,NaN,NaN,NaN,9.6126,97211,10.75,-0.10342,-0.11969,-5.6752,-4.2008,-11.586,-0.31447,NaN,NaN,NaN,NaN,NaN
560.55,1.9799,27.443,-133.83,-0.1347,-0.30658,-5.5087,-3.9744,-10.051,-0.52901,-0.65618,-0.441,-0.79223,NaN,NaN,NaN,NaN,NaN,NaN,NaN,NaN,NaN,45.71,0,2483.9,0.0064211,NaN,NaN,NaN,NaN,9.4063,97214,10.75,-0.10209,-0.13094,-5.6646,-4.1884,-11.597,-0.29596,NaN,NaN,NaN,NaN,NaN
560.56,1.9696,27.413,-133.83,0.44676,-0.39196,-5.3118,-4.2041,-12.174,-0.64452,0,0,0,NaN,NaN,NaN,NaN,NaN,NaN,NaN,NaN,NaN,45.71,0,2483.9,0.0064211,NaN,NaN,NaN,NaN,NaN,-1,-1,-0.097718,-0.1334,-5.6538,-4.2005,-11.638,-0.27739,NaN,NaN,NaN,NaN,NaN
560.56,1.9503,27.356,-133.84,-0.026339,-1.098,-5.6638,-3.9401,-11.452,-0.10835,0,0,0,NaN,NaN,NaN,NaN,NaN,NaN,NaN,NaN,NaN,45.71,0,2483.9,0.0064211,NaN,NaN,NaN,NaN,NaN,-1,-1,-0.090077,-0.1365,-5.6559,-4.2354,-11.668,-0.25729,NaN,NaN,NaN,NaN,NaN
560.56,1.9415,27.326,-133.84,0.17171,-0.37622,-5.8578,-3.8524,-12.165,-0.17739,-0.65349,-0.43397,-0.79421,NaN,NaN,NaN,NaN,NaN,NaN,NaN,NaN,NaN,45.71,0,2483.9,0.0064211,NaN,NaN,NaN,NaN,9.1551,97248,10.875,-0.088027,-0.15588,-5.649,-4.222,-11.724,-0.25553,NaN,NaN,NaN,NaN,NaN
560.56,1.921,27.274,-133.84,-0.36772,-0.29595,-5.7549,-4.4808,-10.532,-0.1967,0,0,0,NaN,NaN,NaN,NaN,NaN,NaN,NaN,NaN,NaN,45.71,0,2483.9,0.0064211,0.73255,2.6079,0.64385,0.089068,NaN,-1,-1,-0.083202,-0.16388,-5.6469,-4.2147,-11.82,-0.24502,NaN,NaN,NaN,NaN,NaN
560.57,1.9103,27.241,-133.84,0.098747,0.79509,-4.999,-4.7959,-13.176,0.18793,0,0,0,NaN,NaN,NaN,NaN,NaN,NaN,NaN,NaN,NaN,45.71,0,2483.9,0.0064211,NaN,NaN,NaN,NaN,NaN,-1,-1,-0.079749,-0.15055,-5.6438,-4.2055,-11.938,-0.23186,NaN,NaN,NaN,NaN,NaN
560.57,1.8896,27.183,-133.84,0.063669,-0.88369,-5.5786,-4.4177,-12.296,-0.15607,0,0,0,NaN,NaN,NaN,NaN,NaN,NaN,NaN,NaN,NaN,45.71,0,2483.9,0.0064211,NaN,NaN,NaN,NaN,9.1065,97174,10.563,-0.079409,-0.13924,-5.6377,-4.1891,-11.931,-0.23651,NaN,NaN,NaN,NaN,NaN
560.57,1.8799,27.152,-133.84,-0.17152,-0.001878,-6.4542,-4.1344,-12.214,-0.33014,0,0,0,NaN,NaN,NaN,NaN,NaN,NaN,NaN,NaN,NaN,45.71,0,2483.9,0.0064211,NaN,NaN,NaN,NaN,NaN,-1,-1,-0.078616,-0.13351,-5.6318,-4.2038,-12.031,-0.21295,NaN,NaN,NaN,NaN,NaN
560.57,1.8606,27.096,-133.83,-0.2379,-0.35939,-5.2238,-4.2438,-12.244,-0.40583,-0.65109,-0.44142,-0.79843,NaN,NaN,NaN,NaN,NaN,NaN,NaN,NaN,NaN,45.71,0,2483.9,0.0064211,NaN,NaN,NaN,NaN,NaN,-1,-1,-0.074496,-0.11732,-5.6158,-4.1947,-12.065,-0.20776,NaN,NaN,NaN,NaN,NaN
560.58,1.8513,27.064,-133.83,-0.26651,0.97547,-6.9255,-4.0885,-13.015,-0.14742,0,0,0,NaN,NaN,NaN,NaN,NaN,NaN,NaN,NaN,NaN,45.71,0,2483.9,0.0064211,0.73584,2.6044,0.63838,0.097392,9.2348,97171,10.563,-0.071471,-0.12996,-5.6046,-4.1918,-12.138,-0.19968,NaN,NaN,NaN,NaN,NaN
560.58,1.8211,26.976,-133.84,-0.15975,-0.09299,-6.0713,-4.4844,-13.094,-0.34939,-0.64644,-0.43406,-0.79357,NaN,NaN,NaN,NaN,NaN,NaN,NaN,NaN,NaN,45.71,0,2483.9,0.0064211,NaN,NaN,NaN,NaN,NaN,-1,-1,-0.069238,-0.1495,-5.6009,-4.1946,-12.175,-0.18769,NaN,NaN,NaN,NaN,NaN
560.58,1.8127,26.949,-133.84,-0.072163,-1.284,-5.6434,-3.6784,-10.876,-0.25829,0,0,0,NaN,NaN,NaN,NaN,NaN,NaN,NaN,NaN,NaN,45.71,0,2483.9,0.0064211,NaN,NaN,NaN,NaN,NaN,-1,-1,-0.063719,-0.14895,-5.5962,-4.1863,-12.271,-0.18511,NaN,NaN,NaN,NaN,NaN
560.58,1.7946,26.885,-133.84,-0.25977,-0.074438,-6.5067,-4.3648,-13.184,0.22964,0,0,0,NaN,NaN,NaN,NaN,NaN,NaN,NaN,NaN,NaN,45.71,0,2483.9,0.0064211,NaN,NaN,NaN,NaN,9.1961,97214,10.75,-0.060444,-0.14008,-5.5826,-4.175,-12.317,-0.16742,NaN,NaN,NaN,NaN,NaN
560.59,1.784,26.859,-133.84,-0.010169,0.45756,-6.1816,-4.761,-10.365,-0.013923,-0.65584,-0.43394,-0.79442,NaN,NaN,NaN,NaN,NaN,NaN,NaN,NaN,NaN,45.71,0,2483.9,0.0064211,0.7435,2.6163,0.65968,NaN,NaN,-1,-1,-0.062356,-0.14445,-5.5777,-4.1467,-12.335,-0.13891,NaN,NaN,NaN,NaN,NaN
560.59,1.7637,26.798,-133.83,-0.60176,0.17195,-5.1545,-4.3851,-13.477,-0.2097,0,0,0,NaN,NaN,NaN,NaN,NaN,NaN,NaN,NaN,NaN,45.71,0,2483.9,0.0064211,NaN,NaN,NaN,0.061598,NaN,-1,-1,-0.060254,-0.13535,-5.5592,-4.1634,-12.338,-0.12179,NaN,NaN,NaN,NaN,NaN
560.59,1.7545,26.767,-133.83,0.21881,-1.0022,-5.685,-4.2271,-12.466,0.20157,0,0,0,NaN,NaN,NaN,NaN,NaN,NaN,NaN,NaN,NaN,45.71,0,2483.9,0.0064211,NaN,NaN,NaN,NaN,9.3239,97186,10.688,-0.060199,-0.1254,-5.609,-4.172,-12.312,-0.11868,NaN,NaN,NaN,NaN,NaN
560.59,1.745,26.735,-133.83,0.098926,-0.042694,-6.2158,-4.2232,-12.966,0.012319,-0.65082,-0.43675,-0.80062,NaN,NaN,NaN,NaN,NaN,NaN,NaN,NaN,NaN,45.71,0,2483.9,0.0064211,NaN,NaN,NaN,NaN,NaN,-1,-1,-0.056131,-0.12878,-5.5993,-4.1608,-12.435,-0.13705,NaN,NaN,NaN,NaN,NaN
560.6,1.7359,26.707,-133.83,-0.28374,-0.4148,-5.7946,-4.0501,-11.115,-0.14164,0,0,0,NaN,NaN,NaN,NaN,NaN,NaN,NaN,NaN,NaN,45.71,0,2483.9,0.0064211,NaN,NaN,NaN,NaN,9.4016,97176,10.563,-0.05526,-0.13821,-5.5944,-4.1537,-12.375,-0.12624,NaN,NaN,NaN,NaN,NaN
560.6,1.7262,26.677,-133.83,0.03926,-0.44936,-5.0705,-4.221,-12.439,-0.15309,0,0,0,NaN,NaN,NaN,NaN,NaN,NaN,NaN,NaN,NaN,45.71,0,2483.9,0.0064211,0.72215,2.6049,0.63655,0.097392,NaN,-1,-1,-0.047666,-0.14475,-5.584,-4.1536,-12.461,-0.10774,NaN,NaN,NaN,NaN,NaN
560.6,1.7173,26.642,-133.83,-0.22939,0.28329,-5.8297,-3.9184,-13.894,-0.17555,0,0,0,NaN,NaN,NaN,NaN,NaN,NaN,NaN,NaN,NaN,45.71,0,2483.9,0.0064211,NaN,NaN,NaN,NaN,NaN,-1,-1,-0.047767,-0.14747,-5.5841,-4.1736,-12.456,-0.10258,NaN,NaN,NaN,NaN,NaN
560.6,1.7086,26.613,-133.83,-0.27426,0.85097,-6.5282,-3.7688,-11.771,-0.36601,-0.64599,-0.43694,-0.8024,NaN,NaN,NaN,NaN,NaN,NaN,NaN,NaN,NaN,45.71,0,2483.9,0.0064211,NaN,NaN,NaN,NaN,9.3214,97200,10.688,-0.046685,-0.14083,-5.6349,-4.1693,-12.43,-0.074304,NaN,NaN,NaN,NaN,NaN
560.61,1.7002,26.585,-133.83,0.06021,-0.7502,-4.8742,-3.6059,-11.145,-0.40399,0,0,0,NaN,NaN,NaN,NaN,NaN,NaN,NaN,NaN,NaN,45.71,0,2483.9,0.0064211,NaN,NaN,NaN,NaN,NaN,-1,-1,-0.044355,-0.13037,-5.6404,-4.1648,-12.53,-0.06145,NaN,NaN,NaN,NaN,NaN
560.61,1.6906,26.549,-133.83,0.47701,-0.008194,-5.3918,-4.0772,-14.588,-0.4029,0,0,0,NaN,NaN,NaN,NaN,NaN,NaN,NaN,NaN,NaN,45.71,0,2483.9,0.0064211,NaN,NaN,NaN,NaN,NaN,-1,-1,-0.04171,-0.11762,-5.6456,-4.1344,-12.551,-0.046844,NaN,NaN,NaN,NaN,NaN
560.61,1.6816,26.52,-133.83,-0.25505,-0.47676,-6.1307,-3.9649,-11.826,-0.19183,0,0,0,NaN,NaN,NaN,NaN,NaN,NaN,NaN,NaN,NaN,45.71,0,2483.9,0.0064211,NaN,NaN,NaN,NaN,9.0638,97172,10.563,-0.039764,-0.11343,-5.6408,-4.1262,-12.573,-0.026359,NaN,NaN,NaN,NaN,NaN
560.61,1.674,26.489,-133.83,0.17695,-1.276,-5.0681,-3.4392,-12.415,-0.066406,-0.65506,-0.43466,-0.80766,NaN,NaN,NaN,NaN,NaN,NaN,NaN,NaN,NaN,45.72,0,2395.3,0.0069644,0.73146,2.6038,0.64203,0.098224,NaN,-1,-1,-0.038102,-0.12183,-5.6345,-4.1126,-12.576,-0.025508,NaN,NaN,NaN,NaN,NaN
560.62,1.6643,26.455,-133.83,0.17179,-0.1586,-5.8172,-4.395,-13.797,0.1555,0,0,0,NaN,NaN,NaN,NaN,NaN,NaN,NaN,NaN,NaN,45.72,0,2395.3,0.0069644,NaN,NaN,NaN,NaN,9.0708,97219,10.813,-0.034674,-0.11962,-5.6396,-4.096,-12.599,-0.0097089,NaN,NaN,NaN,NaN,NaN
560.62,1.6546,26.425,-133.83,-0.2232,0.5485,-6.736,-4.4753,-12.023,0.35323,0,0,0,NaN,NaN,NaN,NaN,NaN,NaN,NaN,NaN,NaN,45.72,0,2395.3,0.0069644,NaN,NaN,NaN,NaN,NaN,-1,-1,-0.032428,-0.12462,-5.64,-4.0724,-12.6,0.0051676,NaN,NaN,NaN,NaN,NaN
560.62,1.6441,26.398,-133.83,0.000635,-0.29695,-5.17,-4.6494,-11.14,-0.038159,0,0,0,NaN,NaN,NaN,NaN,NaN,NaN,NaN,NaN,NaN,45.72,0,2395.3,0.0069644,NaN,NaN,NaN,NaN,NaN,-1,-1,-0.031146,-0.12796,-5.6319,-4.061,-12.574,0.013278,NaN,NaN,NaN,NaN,NaN
560.62,1.6346,26.363,-133.82,0.095331,1.127,-4.9852,-4.5701,-14.004,0.5992,-0.64572,-0.43227,-0.8046,NaN,NaN,NaN,NaN,NaN,NaN,NaN,NaN,NaN,45.72,0,2395.3,0.0069644,0.74022,2.6121,0.64629,0.087403,8.8016,97153,10.5,-0.027401,-0.11761,-5.6329,-4.036,-12.705,0.034186,NaN,NaN,NaN,NaN,NaN
560.63,1.6262,26.334,-133.82,-0.47249,-0.35252,-5.5561,-3.761,-11.893,-0.096887,0,0,0,NaN,NaN,NaN,NaN,NaN,NaN,NaN,NaN,NaN,45.72,0,2395.3,0.0069644,NaN,NaN,NaN,NaN,NaN,-1,-1,-0.027584,-0.11755,-5.6463,-4.0088,-12.718,0.051653,NaN,NaN,NaN,NaN,NaN
560.63,1.6079,26.265,-133.82,-0.013011,0.21274,-6.4587,-4.072,-14.259,0.17928,0,0,0,NaN,NaN,NaN,NaN,NaN,NaN,NaN,NaN,NaN,45.72,0,2395.3,0.0069644,NaN,NaN,NaN,NaN,NaN,-1,-1,-0.024944,-0.12053,-5.6413,-4.0005,-12.724,0.070934,NaN,NaN,NaN,NaN,NaN
560.63,1.5999,26.238,-133.82,-0.05918,-0.30702,-5.7587,-3.7933,-11.013,0.23119,-0.63619,-0.43252,-0.80596,NaN,NaN,NaN,NaN,NaN,NaN,NaN,NaN,NaN,45.72,0,2395.3,0.0069644,NaN,NaN,NaN,NaN,8.9843,97219,10.813,-0.01952,-0.12405,-5.6386,-4.1112,-13.184,0.10137,NaN,NaN,NaN,NaN,NaN
560.63,1.5906,26.206,-133.82,-0.049325,-0.46896,-4.7663,-4.0835,-12.869,-0.18358,0,0,0,NaN,NaN,NaN,NaN,NaN,NaN,NaN,NaN,NaN,45.72,0,2395.3,0.0069644,NaN,NaN,NaN,NaN,8.9392,97207,10.75,-0.011449,-0.12598,-5.6408,-4.074,-13.111,0.12411,NaN,NaN,NaN,NaN,NaN
560.64,1.5738,26.14,-133.82,-0.16976,0.49132,-5.7852,-3.7929,-11.765,-0.080615,0,0,0,NaN,NaN,NaN,NaN,NaN,NaN,NaN,NaN,NaN,45.72,0,2395.3,0.0069644,NaN,NaN,NaN,NaN,NaN,-1,-1,-0.0081615,-0.13838,-5.6491,-4.0584,-13.096,0.13522,NaN,NaN,NaN,NaN,NaN
560.64,1.5653,26.109,-133.82,0.27921,-0.70593,-4.8051,-3.9297,-12.521,0.12531,-0.64545,-0.4276,-0.80679,NaN,NaN,NaN,NaN,NaN,NaN,NaN,NaN,NaN,45.72,0,2395.3,0.0069644,NaN,NaN,NaN,NaN,8.9816,97213,10.75,-0.0040458,-0.14677,-5.6446,-4.0054,-13.078,0.14541,NaN,NaN,NaN,NaN,NaN
560.64,1.5551,26.074,-133.82,0.17673,-0.013043,-5.511,-4.2939,-14.287,-0.42387,0,0,0,NaN,NaN,NaN,NaN,NaN,NaN,NaN,NaN,NaN,45.72,0,2395.3,0.0069644,NaN,NaN,NaN,NaN,NaN,-1,-1,0.0012533,-0.1429,-5.6449,-3.9939,-13.041,0.17346,NaN,NaN,NaN,NaN,NaN
560.64,1.5475,26.043,-133.82,0.025607,-0.98896,-5.5804,-3.6564,-12.51,0.24505,0,0,0,NaN,NaN,NaN,NaN,NaN,NaN,NaN,NaN,NaN,45.72,0,2395.3,0.0069644,0.73201,2.6067,0.64994,NaN,9.0198,97156,10.5,-0.001917,-0.1319,-5.6523,-3.9873,-13.013,0.20787,NaN,NaN,NaN,NaN,NaN
560.65,1.5316,25.974,-133.81,0.090605,-0.022614,-6.1156,-4.0276,-14.248,0.46387,-0.64762,-0.43511,-0.81364,NaN,NaN,NaN,NaN,NaN,NaN,NaN,NaN,NaN,45.72,0,2395.3,0.0069644,0.73201,2.6067,0.64994,NaN,NaN,-1,-1,-0.0022622,-0.12285,-5.6542,-3.9789,-12.986,0.23695,NaN,NaN,NaN,NaN,NaN
560.65,1.5227,25.945,-133.81,0.10851,0.46295,-6.1078,-4.4744,-11.768,0.92487,0,0,0,NaN,NaN,NaN,NaN,NaN,NaN,NaN,NaN,NaN,45.72,0,2395.3,0.0069644,NaN,NaN,NaN,NaN,NaN,-1,-1,0.0017142,-0.10825,-5.6468,-3.9594,-12.988,0.26887,NaN,NaN,NaN,NaN,NaN
560.65,1.5034,25.876,-133.81,-0.27864,1.3465,-5.4221,-4.0772,-14.967,0.32939,0,0,0,NaN,NaN,NaN,NaN,NaN,NaN,NaN,NaN,NaN,45.72,0,2395.3,0.0069644,NaN,NaN,NaN,NaN,8.7183,97207,10.75,0.0033529,-0.11295,-5.6419,-3.9343,-12.981,0.28879,NaN,NaN,NaN,NaN,NaN
560.65,1.4949,25.846,-133.81,0.031239,-0.56327,-4.8701,-4.0349,-12.17,0.26757,-0.63313,-0.43076,-0.81677,-5.6543,-8.2525,1.0771,10.062,40.057,-88.55,3.6779e+05,4.4353e+06,293.22,45.72,0,2395.3,0.0069644,NaN,NaN,NaN,NaN,8.9764,97156,10.5,0.011997,-0.13443,-5.6355,-3.8909,-12.966,0.30515,9.2831,-1.955,3.3521,19.854,-11.204
560.66,1.4875,25.809,-133.8,0.17863,-1.172,-5.8716,-3.5947,-14.871,0.44192,0,0,0,NaN,NaN,NaN,NaN,NaN,NaN,NaN,NaN,NaN,45.72,0,2395.3,0.0069644,NaN,NaN,NaN,NaN,NaN,-1,-1,0.015324,-0.14085,-5.6375,-3.8492,-12.982,0.31775,NaN,NaN,NaN,NaN,NaN
560.66,1.4793,25.775,-133.8,-0.16434,0.18347,-6.3112,-3.7592,-13.862,0.067552,0,0,0,NaN,NaN,NaN,NaN,NaN,NaN,NaN,NaN,NaN,45.72,0,2395.3,0.0069644,NaN,NaN,NaN,NaN,NaN,-1,-1,0.019201,-0.13824,-5.6218,-3.8333,-13.005,0.33004,NaN,NaN,NaN,NaN,NaN
560.66,1.4716,25.745,-133.8,0.26764,-0.33018,-5.392,-3.7836,-11.92,0.52259,0,0,0,NaN,NaN,NaN,NaN,NaN,NaN,NaN,NaN,NaN,45.72,0,2395.3,0.0069644,NaN,NaN,NaN,NaN,NaN,-1,-1,0.018766,-0.13309,-5.5685,-3.8209,-12.965,0.35235,NaN,NaN,NaN,NaN,NaN
560.66,1.4632,25.71,-133.8,-0.14487,-0.23241,-5.0135,-3.9782,-14.174,0.31341,-0.64251,-0.42572,-0.8154,NaN,NaN,NaN,NaN,NaN,NaN,NaN,NaN,NaN,45.72,0,2395.3,0.0069644,NaN,NaN,NaN,NaN,8.8508,97189,10.688,0.020322,-0.12103,-5.5804,-3.7898,-12.903,0.36765,NaN,NaN,NaN,NaN,NaN
560.67,1.4476,25.645,-133.8,0.079245,0.28836,-5.0584,-3.5637,-12.011,-0.034836,0,0,0,NaN,NaN,NaN,NaN,NaN,NaN,NaN,NaN,NaN,45.72,0,2395.3,0.0069644,NaN,NaN,NaN,NaN,NaN,-1,-1,0.021889,-0.11253,-5.5881,-3.7811,-13.045,0.36758,NaN,NaN,NaN,NaN,NaN
560.67,1.4394,25.609,-133.8,0.38548,-0.33553,-4.8032,-3.8691,-14.553,0.3385,0,0,0,NaN,NaN,NaN,NaN,NaN,NaN,NaN,NaN,NaN,45.72,0,2395.3,0.0069644,0.74296,2.4803,0.71627,0.054107,8.9809,97195,10.688,0.027785,-0.12555,-5.5817,-3.7496,-13.077,0.37479,NaN,NaN,NaN,NaN,NaN
560.67,1.4234,25.541,-133.79,0.1905,-1.3111,-5.4443,-3.62,-13.297,0.41826,0,0,0,NaN,NaN,NaN,NaN,NaN,NaN,NaN,NaN,NaN,45.72,0,2395.3,0.0069644,NaN,NaN,NaN,NaN,NaN,-1,-1,0.029858,-0.1263,-5.5366,-3.7125,-13.061,0.39138,NaN,NaN,NaN,NaN,NaN
560.67,1.4161,25.504,-133.79,0.28408,-0.5787,-5.3494,-3.5935,-14.781,0.42244,0,0,0,NaN,NaN,NaN,NaN,NaN,NaN,NaN,NaN,NaN,45.72,0,2395.3,0.0069644,NaN,NaN,NaN,NaN,NaN,-1,-1,0.031464,-0.12889,-5.5526,-3.711,-13.179,0.42175,NaN,NaN,NaN,NaN,NaN
560.68,1.4085,25.469,-133.79,0.013837,0.1217,-6.5658,-3.7991,-14.025,0.66211,0,0,0,NaN,NaN,NaN,NaN,NaN,NaN,NaN,NaN,NaN,45.72,0,2395.3,0.0069644,NaN,NaN,NaN,NaN,9.0245,97194,10.688,0.035269,-0.13336,-5.5516,-3.7071,-13.226,0.44859,NaN,NaN,NaN,NaN,NaN
560.68,1.3989,25.44,-133.79,0.078116,0.1424,-5.7177,-4.6907,-11.781,0.79504,-0.63314,-0.43567,-0.81899,NaN,NaN,NaN,NaN,NaN,NaN,NaN,NaN,NaN,45.72,0,2395.3,0.0069644,0.73858,2.4886,0.71992,0.035794,NaN,-1,-1,0.041333,-0.13646,-5.5567,-3.7051,-13.166,0.45583,NaN,NaN,NaN,NaN,NaN
560.68,1.3893,25.404,-133.78,-0.12306,0.23691,-5.1037,-4.6361,-14.474,0.68509,0,0,0,NaN,NaN,NaN,NaN,NaN,NaN,NaN,NaN,NaN,45.72,0,2395.3,0.0069644,NaN,NaN,NaN,NaN,8.8062,97191,10.688,0.038921,-0.12272,-5.5756,-3.7187,-13.264,0.49171,NaN,NaN,NaN,NaN,NaN
560.68,1.3812,25.367,-133.78,-0.43836,1.1937,-5.8006,-3.8791,-14.855,0.48862,0,0,0,NaN,NaN,NaN,NaN,NaN,NaN,NaN,NaN,NaN,45.72,0,2395.3,0.0069644,NaN,NaN,NaN,NaN,8.8071,97186,10.688,0.044539,-0.11708,-5.5628,-3.6901,-13.312,0.49391,NaN,NaN,NaN,NaN,NaN
560.69,0,0,0,0,0,0,0,0,0,0,0,0,NaN,NaN,NaN,NaN,NaN,NaN,NaN,NaN,NaN,45.72,0,2395.3,0.0069644,NaN,NaN,NaN,NaN,NaN,-1,-1,0.04694,-0.10896,-5.5671,-3.6611,-13.412,0.49971,NaN,NaN,NaN,NaN,NaN
560.69,1.3658,25.298,-133.78,0.26416,-0.94741,-5.5056,-3.8558,-15.586,0.41671,-0.62353,-0.42862,-0.81813,NaN,NaN,NaN,NaN,NaN,NaN,NaN,NaN,NaN,45.72,0,2395.3,0.0069644,NaN,NaN,NaN,NaN,NaN,-1,-1,0.047367,-0.12955,-5.5668,-3.6192,-13.403,0.51271,NaN,NaN,NaN,NaN,NaN
560.69,1.3585,25.262,-133.78,-0.144,-0.033596,-6.726,-3.6341,-14.564,0.55182,0,0,0,NaN,NaN,NaN,NaN,NaN,NaN,NaN,NaN,NaN,45.72,0,2395.3,0.0069644,NaN,NaN,NaN,NaN,8.629,97204,10.75,0.054024,-0.13956,-5.5663,-3.5837,-13.49,0.52249,NaN,NaN,NaN,NaN,NaN
560.69,1.3506,25.231,-133.77,0.18473,-0.5076,-5.3098,-3.9461,-12.424,0.66767,0,0,0,NaN,NaN,NaN,NaN,NaN,NaN,NaN,NaN,NaN,45.72,0,2395.3,0.0069644,NaN,NaN,NaN,NaN,8.6269,97173,10.625,0.059075,-0.12692,-5.5654,-3.5856,-13.53,0.53441,NaN,NaN,NaN,NaN,NaN
560.7,1.3357,25.157,-133.77,-0.3653,0.82675,-6.6146,-3.3479,-15.408,0.68915,-0.61837,-0.42665,-0.82432,NaN,NaN,NaN,NaN,NaN,NaN,NaN,NaN,NaN,45.72,0,2395.3,0.0069644,NaN,NaN,NaN,NaN,NaN,-1,-1,0.059712,-0.11931,-5.5574,-3.5951,-13.552,0.55224,NaN,NaN,NaN,NaN,NaN
560.7,1.3282,25.126,-133.77,0.058988,0.26387,-5.1874,-3.6466,-12.325,0.30567,0,0,0,NaN,NaN,NaN,NaN,NaN,NaN,NaN,NaN,NaN,45.72,0,2395.3,0.0069644,NaN,NaN,NaN,NaN,NaN,-1,-1,0.059797,-0.11664,-5.5557,-3.594,-13.606,0.54918,NaN,NaN,NaN,NaN,NaN
560.7,1.3137,25.052,-133.77,0.12177,-0.30376,-5.7018,-3.3915,-15.398,0.21371,0,0,0,NaN,NaN,NaN,NaN,NaN,NaN,NaN,NaN,NaN,45.72,0,2395.3,0.0069644,0.72763,2.4898,0.71688,NaN,NaN,-1,-1,0.062999,-0.10142,-5.5505,-3.5731,-13.7,0.56402,NaN,NaN,NaN,NaN,NaN
560.7,1.3047,24.989,-133.77,0.1661,-1.2552,-5.9921,-3.5773,-13.968,0.52993,-0.62575,-0.4287,-0.82055,NaN,NaN,NaN,NaN,NaN,NaN,NaN,NaN,NaN,45.71,0,2303.9,0.0069644,NaN,NaN,NaN,0.018313,8.8561,97203,10.813,0.064975,-0.10217,-5.5488,-3.5636,-13.837,0.58127,NaN,NaN,NaN,NaN,NaN
560.71,1.2899,24.916,-133.77,0.20802,0.30102,-6.0856,-3.784,-15.039,0.77172,0,0,0,NaN,NaN,NaN,NaN,NaN,NaN,NaN,NaN,NaN,45.71,0,2303.9,0.0069644,NaN,NaN,NaN,NaN,NaN,-1,-1,0.068968,-0.1098,-5.5334,-3.5496,-13.807,0.6219,NaN,NaN,NaN,NaN,NaN
560.71,1.2813,24.882,-133.76,0.061745,0.074126,-6.0193,-4.2572,-13.488,0.77899,0,0,0,NaN,NaN,NaN,NaN,NaN,NaN,NaN,NaN,NaN,45.71,0,2303.9,0.0069644,NaN,NaN,NaN,NaN,NaN,-1,-1,0.069652,-0.11408,-5.5183,-3.5385,-13.957,0.6371,NaN,NaN,NaN,NaN,NaN
560.71,1.2722,24.848,-133.76,-0.08168,0.2296,-5.4371,-4.5693,-13.771,0.9243,-0.62107,-0.43858,-0.82456,NaN,NaN,NaN,NaN,NaN,NaN,NaN,NaN,NaN,45.71,0,2303.9,0.0069644,NaN,NaN,NaN,NaN,8.6712,97198,10.688,0.074365,-0.10596,-5.5159,-3.5429,-14.06,0.65868,NaN,NaN,NaN,NaN,NaN
560.71,1.2655,24.81,-133.76,-0.12975,1.4226,-5.2992,-3.5883,-15.335,0.96091,0,0,0,NaN,NaN,NaN,NaN,NaN,NaN,NaN,NaN,NaN,45.71,0,2303.9,0.0069644,NaN,NaN,NaN,NaN,8.718,97209,10.75,0.076244,-0.11413,-5.5043,-3.5283,-14.145,0.66551,NaN,NaN,NaN,NaN,NaN
560.72,1.2527,24.737,-133.75,0.32811,-1.1464,-5.2659,-3.2376,-15.614,0.43253,0,0,0,NaN,NaN,NaN,NaN,NaN,NaN,NaN,NaN,NaN,45.71,0,2303.9,0.0069644,0.73091,2.6109,0.63716,0.084073,NaN,-1,-1,0.079863,-0.11318,-5.4861,-3.5191,-14.24,0.67599,NaN,NaN,NaN,NaN,NaN
560.72,1.2457,24.698,-133.75,0.20761,-0.054073,-6.5202,-3.4937,-15.775,0.47796,-0.61354,-0.42683,-0.8261,NaN,NaN,NaN,NaN,NaN,NaN,NaN,NaN,NaN,45.71,0,2303.9,0.0069644,NaN,NaN,NaN,NaN,NaN,-1,-1,0.077085,-0.10167,-5.5359,-3.5127,-14.327,0.69634,NaN,NaN,NaN,NaN,NaN
560.72,1.2399,24.665,-133.75,-0.032869,-0.51707,-5.8271,-3.1886,-13.37,0.84517,0,0,0,NaN,NaN,NaN,NaN,NaN,NaN,NaN,NaN,NaN,45.71,0,2303.9,0.0069644,NaN,NaN,NaN,NaN,NaN,-1,-1,0.076345,-0.087298,-5.5341,-3.4793,-14.44,0.70466,NaN,NaN,NaN,NaN,NaN
560.72,1.2326,24.63,-133.75,-0.027134,-0.34189,-5.1812,-3.72,-13.932,0.79211,0,0,0,NaN,NaN,NaN,NaN,NaN,NaN,NaN,NaN,NaN,45.71,0,2303.9,0.0069644,NaN,NaN,NaN,NaN,8.537,97190,10.688,0.081659,-0.091077,-5.5301,-3.4243,-14.477,0.69958,NaN,NaN,NaN,NaN,NaN
560.73,1.2263,24.59,-133.74,-0.11833,0.72419,-5.5976,-3.2659,-16.104,0.58997,0,0,0,NaN,NaN,NaN,NaN,NaN,NaN,NaN,NaN,NaN,45.71,0,2303.9,0.0069644,NaN,NaN,NaN,NaN,NaN,-1,-1,0.084212,-0.083282,-5.5206,-3.3927,-14.647,0.69903,NaN,NaN,NaN,NaN,NaN
560.73,1.2203,24.556,-133.74,-0.10186,0.79939,-6.1405,-3.0398,-13.771,0.33449,-0.61811,-0.42689,-0.82873,NaN,NaN,NaN,NaN,NaN,NaN,NaN,NaN,NaN,45.71,0,2303.9,0.0069644,0.73858,2.4803,0.73149,0.049945,NaN,-1,-1,0.087299,-0.094102,-5.5651,-3.3625,-14.758,0.70642,NaN,NaN,NaN,NaN,NaN
560.73,1.2142,24.521,-133.74,0.098333,-0.32885,-4.9454,-3.1878,-14.113,0.61931,0,0,0,NaN,NaN,NaN,NaN,NaN,NaN,NaN,NaN,NaN,45.71,0,2303.9,0.0069644,NaN,NaN,NaN,NaN,8.7632,97184,10.688,0.088689,-0.092716,-5.5678,-3.3441,-14.909,0.70939,NaN,NaN,NaN,NaN,NaN
560.73,1.2078,24.48,-133.74,0.43414,-0.14865,-4.9271,-3.3857,-16.435,0.82517,0,0,0,NaN,NaN,NaN,NaN,NaN,NaN,NaN,NaN,NaN,45.71,0,2303.9,0.0069644,NaN,NaN,NaN,NaN,NaN,-1,-1,0.091959,-0.08778,-5.566,-3.3613,-15.059,0.7392,NaN,NaN,NaN,NaN,NaN
560.74,1.2024,24.443,-133.74,0.13233,-0.67623,-6.0396,-2.9109,-14.84,0.64085,0,0,0,NaN,NaN,NaN,NaN,NaN,NaN,NaN,NaN,NaN,45.71,0,2303.9,0.0069644,NaN,NaN,NaN,NaN,8.4951,97191,10.75,0.094112,-0.077479,-5.5665,-3.3884,-15.068,0.77221,NaN,NaN,NaN,NaN,NaN
560.74,1.1964,24.408,-133.73,0.29035,-1.548,-5.6086,-3.341,-14.319,0.99506,-0.62999,-0.42661,-0.82758,NaN,NaN,NaN,NaN,NaN,NaN,NaN,NaN,NaN,45.71,0,2303.9,0.0069644,NaN,NaN,NaN,NaN,NaN,-1,-1,0.095308,-0.078332,-5.5597,-3.4013,-15.209,0.79784,NaN,NaN,NaN,NaN,NaN
560.74,1.1898,24.37,-133.73,0.23215,0.021028,-5.5621,-3.6846,-15.285,1.2158,0,0,0,NaN,NaN,NaN,NaN,NaN,NaN,NaN,NaN,NaN,45.71,0,2303.9,0.0069644,0.73201,2.6085,0.65116,0.082409,NaN,-1,-1,0.090855,-0.067796,-5.5681,-3.3933,-15.367,0.81611,NaN,NaN,NaN,NaN,NaN
560.74,1.1825,24.331,-133.72,-0.039519,0.17953,-6.177,-3.8742,-15.428,1.1469,0,0,0,NaN,NaN,NaN,NaN,NaN,NaN,NaN,NaN,NaN,45.71,0,2303.9,0.0069644,NaN,NaN,NaN,NaN,8.6747,97179,10.688,0.093767,-0.05719,-5.5656,-3.2485,-14.95,0.82252,NaN,NaN,NaN,NaN,NaN
560.75,1.1744,24.296,-133.72,0.19578,0.1788,-5.7268,-4.1047,-14.295,0.83108,0,0,0,NaN,NaN,NaN,NaN,NaN,NaN,NaN,NaN,NaN,45.71,0,2303.9,0.0069644,NaN,NaN,NaN,NaN,NaN,-1,-1,0.096051,-0.062931,-5.5596,-3.2314,-15.124,0.83525,NaN,NaN,NaN,NaN,NaN
560.75,1.1631,24.222,-133.71,-0.50987,0.6653,-5.1985,-2.6963,-14.391,0.78879,0,0,0,NaN,NaN,NaN,NaN,NaN,NaN,NaN,NaN,NaN,45.71,0,2303.9,0.0069644,NaN,NaN,NaN,NaN,NaN,-1,-1,0.098372,-0.062323,-5.5508,-3.2103,-15.21,0.84501,NaN,NaN,NaN,NaN,NaN
560.75,1.1591,24.183,-133.71,0.48908,-1.2473,-4.7696,-2.4158,-15.568,0.75344,0,0,0,NaN,NaN,NaN,NaN,NaN,NaN,NaN,NaN,NaN,45.71,0,2303.9,0.0069644,NaN,NaN,NaN,NaN,8.8536,97195,10.75,0.10096,-0.068983,-5.5546,-3.1807,-15.147,0.8647,NaN,NaN,NaN,NaN,NaN
560.75,1.1535,24.142,-133.71,0.40507,-0.63644,-6.2355,-3.0047,-16.75,0.71087,0,0,0,NaN,NaN,NaN,NaN,NaN,NaN,NaN,NaN,NaN,45.71,0,2303.9,0.0069644,0.73255,2.6169,0.64811,0.091565,NaN,-1,-1,0.10313,-0.071964,-5.5451,-3.1384,-15.268,0.88298,NaN,NaN,NaN,NaN,NaN
560.76,1.1484,24.107,-133.7,-0.1658,-0.028334,-6.6846,-2.9098,-13.99,0.72743,-0.60645,-0.43435,-0.8299,NaN,NaN,NaN,NaN,NaN,NaN,NaN,NaN,NaN,45.71,0,2303.9,0.0069644,NaN,NaN,NaN,NaN,8.5403,97215,10.813,0.10419,-0.06405,-5.5538,-3.1009,-15.259,0.88277,NaN,NaN,NaN,NaN,NaN
560.76,1.1434,24.071,-133.7,0.15098,-0.8395,-4.6308,-2.849,-14.366,0.86694,0,0,0,NaN,NaN,NaN,NaN,NaN,NaN,NaN,NaN,NaN,45.71,0,2303.9,0.0069644,NaN,NaN,NaN,NaN,NaN,-1,-1,0.10169,-0.051944,-5.5587,-3.0263,-15.322,0.8699,NaN,NaN,NaN,NaN,NaN
560.76,1.1365,24.029,-133.7,0.12221,0.41065,-5.2654,-3.5077,-17.037,0.69001,0,0,0,NaN,NaN,NaN,NaN,NaN,NaN,NaN,NaN,NaN,45.71,0,2303.9,0.0069644,NaN,NaN,NaN,NaN,NaN,-1,-1,0.10775,-0.051457,-5.5468,-2.958,-15.365,0.86354,NaN,NaN,NaN,NaN,NaN
560.76,1.1308,23.991,-133.7,-0.38457,1.074,-6.742,-3.1502,-15.136,0.9051,0,0,0,NaN,NaN,NaN,NaN,NaN,NaN,NaN,NaN,NaN,45.71,0,2303.9,0.0069644,NaN,NaN,NaN,NaN,8.6294,97202,10.75,0.10913,-0.054727,-5.5428,-2.9023,-15.478,0.86922,NaN,NaN,NaN,NaN,NaN
560.77,1.1261,23.957,-133.69,0.097869,0.2139,-4.9739,-2.638,-13.683,0.61828,-0.60781,-0.42786,-0.84333,NaN,NaN,NaN,NaN,NaN,NaN,NaN,NaN,NaN,45.71,0,2303.9,0.0069644,0.73967,2.6133,0.6542,NaN,NaN,-1,-1,0.11342,-0.062645,-5.5407,-2.8825,-15.488,0.88272,NaN,NaN,NaN,NaN,NaN
560.77,1.122,23.915,-133.69,0.38795,-0.28311,-4.4194,-2.6567,-17.083,1.2448,0,0,0,NaN,NaN,NaN,NaN,NaN,NaN,NaN,NaN,NaN,45.71,0,2303.9,0.0069644,NaN,NaN,NaN,0.06909,NaN,-1,-1,0.11866,-0.075607,-5.5333,-2.9009,-15.525,0.9091,NaN,NaN,NaN,NaN,NaN
560.77,1.1177,23.874,-133.69,0.25173,-0.23659,-6.3004,-2.5245,-16.35,0.75883,0,0,0,NaN,NaN,NaN,NaN,NaN,NaN,NaN,NaN,NaN,45.71,0,2303.9,0.0069644,NaN,NaN,NaN,NaN,8.5382,97205,10.75,0.11989,-0.069685,-5.5319,-2.9095,-15.611,0.94203,NaN,NaN,NaN,NaN,NaN
560.77,1.114,23.838,-133.69,0.33232,-1.4211,-5.7182,-2.3245,-14.635,0.878,0,0,0,NaN,NaN,NaN,NaN,NaN,NaN,NaN,NaN,NaN,45.71,0,2303.9,0.0069644,NaN,NaN,NaN,NaN,NaN,-1,-1,0.1162,-0.063421,-5.5316,-2.8754,-15.646,0.95096,NaN,NaN,NaN,NaN,NaN
560.78,1.1082,23.798,-133.68,0.29141,-0.90963,-5.2234,-3.3049,-16.084,1.0419,-0.61973,-0.42015,-0.83775,NaN,NaN,NaN,NaN,NaN,NaN,NaN,NaN,NaN,45.71,0,2303.9,0.0069644,NaN,NaN,NaN,NaN,8.7186,97206,10.75,0.1154,-0.05339,-5.5319,-2.8301,-15.761,0.96037,NaN,NaN,NaN,NaN,NaN
560.78,1.1014,23.758,-133.68,0.29541,0.17426,-5.9357,-3.6524,-16.301,1.0585,0,0,0,NaN,NaN,NaN,NaN,NaN,NaN,NaN,NaN,NaN,45.71,0,2303.9,0.0069644,NaN,NaN,NaN,NaN,NaN,-1,-1,0.11494,-0.045687,-5.531,-2.7799,-15.811,0.9703,NaN,NaN,NaN,NaN,NaN
560.78,1.0956,23.721,-133.68,-0.024195,0.35735,-5.9827,-3.361,-14.879,1.2804,0,0,0,NaN,NaN,NaN,NaN,NaN,NaN,NaN,NaN,NaN,45.71,0,2303.9,0.0069644,0.73748,2.6091,0.63899,0.079911,NaN,-1,-1,0.11628,-0.041582,-5.5208,-2.7421,-15.827,0.98693,NaN,NaN,NaN,NaN,NaN
560.78,1.0902,23.682,-133.67,0.011855,0.69102,-5.5877,-3.1322,-15.45,1.1583,0,0,0,NaN,NaN,NaN,NaN,NaN,NaN,NaN,NaN,NaN,45.71,0,2303.9,0.0069644,NaN,NaN,NaN,NaN,8.6758,97194,10.75,0.11694,-0.052678,-5.5099,-2.7009,-15.906,0.99984,NaN,NaN,NaN,NaN,NaN
560.79,1.086,23.643,-133.67,-0.17688,1.3764,-5.1134,-2.7142,-15.886,1.3382,-0.61016,-0.42782,-0.84354,NaN,NaN,NaN,NaN,NaN,NaN,NaN,NaN,NaN,45.71,0,2303.9,0.0069644,NaN,NaN,NaN,NaN,NaN,-1,-1,0.11932,-0.058458,-5.5078,-2.6566,-15.945,1.0004,NaN,NaN,NaN,NaN,NaN
560.79,1.0839,23.605,-133.66,-0.07103,-0.11964,-4.6929,-1.6898,-15.343,0.79905,0,0,0,NaN,NaN,NaN,NaN,NaN,NaN,NaN,NaN,NaN,45.71,0,2303.9,0.0069644,NaN,NaN,NaN,NaN,NaN,-1,-1,0.12348,-0.06655,-5.5122,-2.6281,-15.967,1.0126,NaN,NaN,NaN,NaN,NaN
560.79,1.0804,23.561,-133.66,0.48129,-1.3678,-5.6889,-2.2003,-17.395,0.84311,0,0,0,NaN,NaN,NaN,NaN,NaN,NaN,NaN,NaN,NaN,45.71,0,2303.9,0.0069644,NaN,NaN,NaN,NaN,8.4891,97159,10.563,0.12548,-0.064841,-5.5024,-2.6008,-16.069,1.024,NaN,NaN,NaN,NaN,NaN
560.79,1.0758,23.521,-133.66,0.23471,-0.16208,-6.6873,-2.7202,-16.245,0.98354,0,0,0,NaN,NaN,NaN,NaN,NaN,NaN,NaN,NaN,NaN,45.71,0,2303.9,0.0069644,NaN,NaN,NaN,NaN,NaN,-1,-1,0.12591,-0.059845,-5.5026,-2.5411,-16.101,1.0265,NaN,NaN,NaN,NaN,NaN
560.8,1.0673,23.445,-133.65,0.13132,-0.41556,-4.781,-2.7182,-16.5,1.0185,0,0,0,NaN,NaN,NaN,NaN,NaN,NaN,NaN,NaN,NaN,45.71,0,2303.9,0.0069644,0.73474,2.6038,0.64751,0.097392,8.6301,97198,10.75,0.12717,-0.048628,-5.497,-2.4834,-16.133,1.0344,NaN,NaN,NaN,NaN,NaN
560.8,1.063,23.401,-133.65,-0.17652,0.73197,-6.1255,-2.5349,-17.714,0.79418,0,0,0,NaN,NaN,NaN,NaN,NaN,NaN,NaN,NaN,NaN,45.71,0,2303.9,0.0069644,NaN,NaN,NaN,NaN,NaN,-1,-1,0.12586,-0.044684,-5.4985,-2.4347,-16.195,1.0462,NaN,NaN,NaN,NaN,NaN
560.8,1.0599,23.365,-133.64,-0.033496,1.2394,-5.9409,-2.0946,-14.209,0.90413,0,0,0,NaN,NaN,NaN,NaN,NaN,NaN,NaN,NaN,NaN,45.71,0,2303.9,0.0069644,NaN,NaN,NaN,NaN,NaN,-1,-1,0.12996,-0.043831,-5.4951,-2.4088,-16.254,1.0686,NaN,NaN,NaN,NaN,NaN
560.8,1.0577,23.326,-133.64,0.22415,-0.34121,-4.6096,-1.8511,-15.776,1.0993,-0.60747,-0.42079,-0.84552,NaN,NaN,NaN,NaN,NaN,NaN,NaN,NaN,NaN,45.71,0,2303.9,0.0069644,NaN,NaN,NaN,NaN,8.4462,97185,10.688,0.13486,-0.055326,-5.4815,-2.4297,-16.275,1.0902,NaN,NaN,NaN,NaN,NaN
560.81,1.054,23.281,-133.64,0.15148,-0.33086,-5.4093,-2.3278,-18.099,0.91415,0,0,0,NaN,NaN,NaN,NaN,NaN,NaN,NaN,NaN,NaN,45.71,0,2303.9,0.0069644,NaN,NaN,NaN,NaN,NaN,-1,-1,0.13581,-0.056609,-5.4782,-2.426,-16.309,1.1014,NaN,NaN,NaN,NaN,NaN
560.81,1.0511,23.242,-133.63,0.42731,-0.24797,-6.1223,-2.0245,-15.667,0.97168,0,0,0,NaN,NaN,NaN,NaN,NaN,NaN,NaN,NaN,NaN,45.71,0,2303.9,0.0069644,NaN,NaN,NaN,NaN,NaN,-1,-1,0.13249,-0.060472,-5.4762,-2.4096,-16.354,1.118,NaN,NaN,NaN,NaN,NaN
560.81,1.0484,23.202,-133.63,0.54815,-1.7316,-5.0828,-2.0479,-16.315,1.1131,0,0,0,NaN,NaN,NaN,NaN,NaN,NaN,NaN,NaN,NaN,45.71,0,2303.9,0.0069644,NaN,NaN,NaN,NaN,8.5384,97204,10.75,0.13313,-0.056401,-5.4715,-2.3584,-16.461,1.1233,NaN,NaN,NaN,NaN,NaN
560.81,1.0439,23.159,-133.62,0.12976,-0.89051,-5.6429,-2.875,-17.225,1.354,-0.60975,-0.41837,-0.84572,NaN,NaN,NaN,NaN,NaN,NaN,NaN,NaN,NaN,45.71,0,2205.4,0.0058767,NaN,NaN,NaN,NaN,NaN,-1,-1,0.13294,-0.050452,-5.4716,-2.3088,-16.485,1.1317,NaN,NaN,NaN,NaN,NaN
560.82,1.0393,23.118,-133.62,0.14697,0.58765,-6.1539,-2.9521,-16.534,1.4856,0,0,0,NaN,NaN,NaN,NaN,NaN,NaN,NaN,NaN,NaN,45.71,0,2205.4,0.0058767,NaN,NaN,NaN,NaN,8.2591,97191,10.688,0.13511,-0.044466,-5.4689,-2.2554,-16.455,1.1433,NaN,NaN,NaN,NaN,NaN
560.82,1.0347,23.079,-133.61,0.15631,0.58811,-5.3207,-2.9141,-15.462,1.4397,0,0,0,NaN,NaN,NaN,NaN,NaN,NaN,NaN,NaN,NaN,45.71,0,2205.4,0.0058767,NaN,NaN,NaN,NaN,NaN,-1,-1,0.13346,-0.051131,-5.4736,-2.235,-16.505,1.1491,NaN,NaN,NaN,NaN,NaN
560.82,1.031,23.037,-133.61,-0.17324,0.81242,-5.5622,-2.4776,-16.852,1.2835,0,0,0,NaN,NaN,NaN,NaN,NaN,NaN,NaN,NaN,NaN,45.71,0,2205.4,0.0058767,0.72763,2.6008,0.63107,0.086571,NaN,-1,-1,0.13155,-0.044104,-5.4747,-2.2231,-16.571,1.1528,NaN,NaN,NaN,NaN,NaN
560.82,1.0289,22.997,-133.6,-0.12851,1.4733,-5.31,-1.7895,-16.098,1.0875,-0.59306,-0.42865,-0.8531,NaN,NaN,NaN,NaN,NaN,NaN,NaN,NaN,NaN,45.72,0,2205.4,0.0058767,NaN,NaN,NaN,NaN,8.6313,97192,10.75,0.1328,-0.046041,-5.462,-2.1907,-16.544,1.1484,NaN,NaN,NaN,NaN,NaN
560.83,1.0285,22.957,-133.6,0.10432,-0.6501,-4.6232,-1.0411,-16.104,0.95392,0,0,0,NaN,NaN,NaN,NaN,NaN,NaN,NaN,NaN,NaN,45.72,0,2205.4,0.0058767,NaN,NaN,NaN,NaN,NaN,-1,-1,0.1357,-0.051331,-5.4587,-2.1542,-16.603,1.1654,NaN,NaN,NaN,NaN,NaN
560.83,1.0264,22.912,-133.6,0.39005,-1.5331,-6.0249,-1.7739,-18.213,1.1155,0,0,0,NaN,NaN,NaN,NaN,NaN,NaN,NaN,NaN,NaN,45.72,0,2205.4,0.0058767,NaN,NaN,NaN,NaN,NaN,-1,-1,0.13747,-0.060718,-5.4441,-2.0987,-16.662,1.1576,NaN,NaN,NaN,NaN,NaN
560.83,1.0229,22.871,-133.59,0.31056,-0.29953,-6.2869,-2.3231,-16.347,1.0738,0,0,0,NaN,NaN,NaN,NaN,NaN,NaN,NaN,NaN,NaN,45.72,0,2205.4,0.0058767,0.7342,2.6079,0.64568,NaN,8.1689,97211,10.813,0.14085,-0.062746,-5.439,-2.0222,-16.684,1.1652,NaN,NaN,NaN,NaN,NaN
560.83,1.0202,22.832,-133.59,0.22806,-0.4732,-5.165,-2.1741,-15.743,1.4269,-0.6095,-0.42352,-0.85236,NaN,NaN,NaN,NaN,NaN,NaN,NaN,NaN,NaN,45.72,0,2205.4,0.0058767,0.7342,2.6079,0.64568,NaN,NaN,-1,-1,0.14392,-0.058247,-5.4306,-1.9625,-16.72,1.1645,NaN,NaN,NaN,NaN,NaN
560.84,1.0167,22.79,-133.59,-0.037961,-0.011919,-5.2694,-2.3834,-16.974,1.2202,0,0,0,NaN,NaN,NaN,NaN,NaN,NaN,NaN,NaN,NaN,45.72,0,2205.4,0.0058767,NaN,NaN,NaN,0.06576,8.401,97202,10.75,0.14438,-0.054303,-5.4213,-1.9216,-16.772,1.1673,NaN,NaN,NaN,NaN,NaN
560.84,1.0138,22.747,-133.58,-0.084412,0.71386,-5.5042,-2.0963,-17.393,1.1077,0,0,0,NaN,NaN,NaN,NaN,NaN,NaN,NaN,NaN,NaN,45.72,0,2205.4,0.0058767,NaN,NaN,NaN,NaN,NaN,-1,-1,0.14422,-0.052606,-5.4142,-1.9094,-16.812,1.1824,NaN,NaN,NaN,NaN,NaN
560.84,1.0114,22.706,-133.58,0.10285,1.1295,-5.777,-1.9089,-16.284,1.133,0,0,0,NaN,NaN,NaN,NaN,NaN,NaN,NaN,NaN,NaN,45.72,0,2205.4,0.0058767,NaN,NaN,NaN,NaN,NaN,-1,-1,0.15229,-0.059211,-5.4073,-1.9169,-16.836,1.1976,NaN,NaN,NaN,NaN,NaN
560.84,1.0099,22.664,-133.57,0.028195,-0.20559,-5.344,-1.4665,-16.852,0.96469,-0.59735,-0.41913,-0.8557,NaN,NaN,NaN,NaN,NaN,NaN,NaN,NaN,NaN,45.72,0,2205.4,0.0058767,NaN,NaN,NaN,NaN,8.2633,97190,10.75,0.15073,-0.052309,-5.402,-1.9168,-16.876,1.2232,NaN,NaN,NaN,NaN,NaN
560.85,1.0084,22.623,-133.57,0.1775,-0.49501,-4.9854,-1.5186,-16.854,1.14,0,0,0,NaN,NaN,NaN,NaN,NaN,NaN,NaN,NaN,NaN,45.72,0,2205.4,0.0058767,NaN,NaN,NaN,NaN,NaN,-1,-1,0.151,-0.050871,-5.3938,-1.893,-16.895,1.2431,NaN,NaN,NaN,NaN,NaN
560.85,1.0056,22.537,-133.56,0.45228,-1.5391,-5.7283,-1.9433,-17.53,1.1884,0,0,0,NaN,NaN,NaN,NaN,NaN,NaN,NaN,NaN,NaN,45.72,0,2205.4,0.0058767,NaN,NaN,NaN,NaN,NaN,-1,-1,0.15305,-0.053956,-5.3799,-1.8423,-16.951,1.2579,NaN,NaN,NaN,NaN,NaN
560.85,1.0024,22.495,-133.56,0.045549,-0.68473,-6.0162,-2.342,-16.988,1.3917,-0.59756,-0.42631,-0.85572,NaN,NaN,NaN,NaN,NaN,NaN,NaN,NaN,NaN,45.72,0,2205.4,0.0058767,NaN,NaN,NaN,NaN,8.4528,97236,10.938,0.15361,-0.053245,-5.3778,-1.7921,-16.989,1.2711,NaN,NaN,NaN,NaN,NaN
560.85,0.99872,22.453,-133.55,0.27113,0.50259,-5.3351,-2.6166,-16.981,1.6132,0,0,0,NaN,NaN,NaN,NaN,NaN,NaN,NaN,NaN,NaN,45.72,0,2205.4,0.0058767,NaN,NaN,NaN,NaN,8.2598,97209,10.75,0.15755,-0.057826,-5.3752,-1.7583,-17.058,1.287,NaN,NaN,NaN,NaN,NaN
560.86,0.99528,22.41,-133.55,0.15373,0.96254,-5.2521,-2.3982,-17.25,1.3502,0,0,0,NaN,NaN,NaN,NaN,NaN,NaN,NaN,NaN,NaN,45.72,0,2205.4,0.0058767,NaN,NaN,NaN,NaN,NaN,-1,-1,0.16003,-0.064142,-5.3634,-1.752,-17.71,1.331,NaN,NaN,NaN,NaN,NaN
560.86,0.99398,22.367,-133.54,-0.25258,0.98958,-6.1302,-1.4337,-17.214,1.0828,0,0,0,NaN,NaN,NaN,NaN,NaN,NaN,NaN,NaN,NaN,45.72,0,2205.4,0.0058767,0.7342,2.5978,0.63533,0.0899,NaN,-1,-1,0.15867,-0.058832,-5.3597,-1.698,-17.532,1.3274,NaN,NaN,NaN,NaN,NaN
560.86,0.99483,22.326,-133.54,-0.010622,1.2059,-5.2556,-0.67237,-16.656,1.3262,-0.59522,-0.43125,-0.85773,NaN,NaN,NaN,NaN,NaN,NaN,NaN,NaN,NaN,45.72,0,2205.4,0.0058767,NaN,NaN,NaN,NaN,NaN,-1,-1,0.15668,-0.059967,-5.3578,-1.6473,-17.443,1.32,NaN,NaN,NaN,NaN,NaN
560.86,0.99613,22.282,-133.54,0.24693,-0.79729,-4.2271,-0.39546,-17.418,1.0967,0,0,0,NaN,NaN,NaN,NaN,NaN,NaN,NaN,NaN,NaN,45.72,0,2205.4,0.0058767,NaN,NaN,NaN,NaN,8.5358,97175,10.625,0.16009,-0.057023,-5.3468,-1.6044,-17.428,1.3116,NaN,NaN,NaN,NaN,NaN
560.87,0.99266,22.193,-133.53,0.29734,-0.44833,-6.3449,-1.8317,-16.866,1.3444,0,0,0,NaN,NaN,NaN,NaN,NaN,NaN,NaN,NaN,NaN,45.72,0,2205.4,0.0058767,NaN,NaN,NaN,NaN,NaN,-1,-1,0.15922,-0.048994,-5.3441,-1.5614,-17.914,1.3477,NaN,NaN,NaN,NaN,NaN
560.87,0.99091,22.152,-133.53,0.29984,-0.29425,-4.9242,-1.7095,-16.463,1.2299,-0.59012,-0.42677,-0.86171,NaN,NaN,NaN,NaN,NaN,NaN,NaN,NaN,NaN,45.72,0,2205.4,0.0058767,NaN,NaN,NaN,NaN,NaN,-1,-1,0.15916,-0.050198,-5.3337,-1.4935,-17.72,1.3381,NaN,NaN,NaN,NaN,NaN
560.87,0.98887,22.107,-133.52,0.004906,0.006768,-4.8214,-1.7718,-18.217,1.2314,0,0,0,NaN,NaN,NaN,NaN,NaN,NaN,NaN,NaN,NaN,45.72,0,2205.4,0.0058767,0.79551,2.5125,0.71262,0.0041621,8.4437,97178,10.625,0.1627,-0.053327,-5.3171,-1.4365,-17.629,1.3347,NaN,NaN,NaN,NaN,NaN
560.87,0.98743,22.06,-133.52,-0.098279,0.84818,-6.0311,-1.5095,-18.726,1.1752,0,0,0,NaN,NaN,NaN,NaN,NaN,NaN,NaN,NaN,NaN,45.72,0,2205.4,0.0058767,NaN,NaN,NaN,NaN,NaN,-1,-1,0.16573,-0.055476,-5.3177,-1.375,-17.486,1.3329,NaN,NaN,NaN,NaN,NaN
560.88,0.98774,22.019,-133.51,-0.009622,0.9695,-5.9319,-0.9192,-16.543,1.4192,0,0,0,NaN,NaN,NaN,NaN,NaN,NaN,NaN,NaN,NaN,45.72,0,2205.4,0.0058767,NaN,NaN,NaN,NaN,8.2121,97190,10.688,0.16736,-0.07045,-5.3146,-1.3603,-17.332,1.3239,NaN,NaN,NaN,NaN,NaN
560.88,0.98801,21.976,-133.51,0.24879,-0.1534,-4.8331,-0.89994,-17.518,1.3444,-0.5808,-0.42929,-0.86087,-5.1928,-7.8234,0.21222,9.3923,40.057,-88.55,3.6779e+05,4.4353e+06,293.89,45.72,0,2205.4,0.0058767,NaN,NaN,NaN,NaN,NaN,-1,-1,0.17213,-0.062772,-5.3085,-1.3398,-17.241,1.3237,8.5668,-2.0428,3.2638,20.856,-12.562
560.88,0.9883,21.93,-133.51,0.16476,-0.65043,-5.1322,-0.87794,-18.351,1.3291,0,0,0,NaN,NaN,NaN,NaN,NaN,NaN,NaN,NaN,NaN,45.72,0,2205.4,0.0058767,NaN,NaN,NaN,NaN,NaN,-1,-1,0.17277,-0.064974,-5.2974,-1.3131,-17.107,1.3173,NaN,NaN,NaN,NaN,NaN
560.88,0.9881,21.885,-133.5,0.59201,-0.51306,-5.9964,-1.1884,-18.017,1.6173,0,0,0,NaN,NaN,NaN,NaN,NaN,NaN,NaN,NaN,NaN,45.72,0,2205.4,0.0058767,NaN,NaN,NaN,NaN,8.312,97201,10.813,0.17617,-0.065329,-5.2891,-1.2367,-17.005,1.319,NaN,NaN,NaN,NaN,NaN
560.89,0.98667,21.842,-133.5,0.46032,-1.4628,-5.2111,-1.5396,-17.337,1.2598,0,0,0,NaN,NaN,NaN,NaN,NaN,NaN,NaN,NaN,NaN,45.72,0,2205.4,0.0058767,0.73748,2.4868,0.7114,0.049945,NaN,-1,-1,0.17865,-0.060462,-5.2886,-1.1621,-16.91,1.3183,NaN,NaN,NaN,NaN,NaN
560.89,0.98423,21.796,-133.49,0.21137,-1.0772,-5.4808,-2.1421,-18.327,1.6854,-0.58059,-0.42211,-0.86085,NaN,NaN,NaN,NaN,NaN,NaN,NaN,NaN,NaN,45.72,0,2205.4,0.0058767,NaN,NaN,NaN,NaN,NaN,-1,-1,0.18243,-0.065721,-5.2791,-1.1181,-16.804,1.3145,NaN,NaN,NaN,NaN,NaN
560.89,0.98131,21.751,-133.49,0.13557,0.98795,-5.7489,-2.2959,-18.244,1.6762,0,0,0,NaN,NaN,NaN,NaN,NaN,NaN,NaN,NaN,NaN,45.72,0,2205.4,0.0058767,NaN,NaN,NaN,NaN,8.2121,97169,10.625,0.18118,-0.065021,-5.2792,-1.0642,-16.744,1.3192,NaN,NaN,NaN,NaN,NaN
560.89,0.98044,21.708,-133.48,-0.088144,0.95645,-5.5151,-1.4588,-17.099,1.6161,0,0,0,NaN,NaN,NaN,NaN,NaN,NaN,NaN,NaN,NaN,45.72,0,2205.4,0.0058767,NaN,NaN,NaN,NaN,NaN,-1,-1,0.18096,-0.068049,-5.2725,-1.0367,-16.656,1.3248,NaN,NaN,NaN,NaN,NaN
560.9,0.9813,21.664,-133.48,0.13547,0.89353,-5.8265,-0.7437,-17.93,1.5782,0,0,0,NaN,NaN,NaN,NaN,NaN,NaN,NaN,NaN,NaN,45.72,0,2205.4,0.0058767,0.73584,2.6085,0.65785,NaN,8.118,97185,10.688,0.18424,-0.062712,-5.2713,-1.0224,-16.574,1.3232,NaN,NaN,NaN,NaN,NaN
560.9,0.98274,21.619,-133.47,0.086021,0.99961,-5.0504,-0.49332,-17.804,1.5273,-0.58531,-0.43186,-0.86571,NaN,NaN,NaN,NaN,NaN,NaN,NaN,NaN,NaN,45.72,0,2205.4,0.0058767,0.73584,2.6085,0.65785,NaN,NaN,-1,-1,0.18576,-0.063183,-5.26,-1.0027,-16.58,1.324,NaN,NaN,NaN,NaN,NaN
560.9,0.98529,21.575,-133.47,-0.029763,-0.43257,-5.1024,0.10903,-17.773,1.1438,0,0,0,NaN,NaN,NaN,NaN,NaN,NaN,NaN,NaN,NaN,45.72,0,2205.4,0.0058767,NaN,NaN,NaN,0.071587,NaN,-1,-1,0.18325,-0.067781,-5.2024,-0.96269,-16.567,1.3186,NaN,NaN,NaN,NaN,NaN
560.9,0.98533,21.528,-133.47,0.55577,-1.8212,-5.4871,-0.92515,-18.891,1.2403,0,0,0,NaN,NaN,NaN,NaN,NaN,NaN,NaN,NaN,NaN,45.72,0,2205.4,0.0058767,NaN,NaN,NaN,NaN,8.3007,97134,10.438,0.18648,-0.078933,-5.2039,-0.90751,-16.509,1.3135,NaN,NaN,NaN,NaN,NaN
560.91,0.98419,21.482,-133.46,0.49704,-0.67486,-5.7566,-1.4499,-18.566,1.3643,0,0,0,NaN,NaN,NaN,NaN,NaN,NaN,NaN,NaN,NaN,45.72,0,2205.4,0.0058767,NaN,NaN,NaN,NaN,NaN,-1,-1,0.187,-0.076439,-5.2086,-0.86899,-16.508,1.3174,NaN,NaN,NaN,NaN,NaN
560.91,0.98319,21.395,-133.45,0.16562,-0.13456,-4.5399,-1.0647,-17.98,1.2804,0,0,0,NaN,NaN,NaN,NaN,NaN,NaN,NaN,NaN,NaN,45.72,0,2205.4,0.0058767,NaN,NaN,NaN,NaN,NaN,-1,-1,0.18734,-0.066873,-5.2088,-0.82302,-16.557,1.3225,NaN,NaN,NaN,NaN,NaN
560.91,0,0,0,0,0,0,0,0,0,0,0,0,NaN,NaN,NaN,NaN,NaN,NaN,NaN,NaN,NaN,45.72,0,2205.4,0.0058767,0.73036,2.6044,0.62864,0.10155,7.6776,97179,10.688,0.19131,-0.072674,-5.1961,-0.78853,-16.545,1.3252,NaN,NaN,NaN,NaN,NaN
560.91,0.98344,21.346,-133.45,0.037542,0.93266,-5.4248,-0.86041,-19.552,1.3141,0,0,0,NaN,NaN,NaN,NaN,NaN,NaN,NaN,NaN,NaN,45.72,0,2205.4,0.0058767,NaN,NaN,NaN,NaN,NaN,-1,-1,0.1919,-0.073795,-5.1957,-0.8124,-16.608,1.3253,NaN,NaN,NaN,NaN,NaN
560.92,0.98524,21.3,-133.45,-0.26805,0.86853,-6.7295,-0.3644,-18.491,1.6143,0,0,0,NaN,NaN,NaN,NaN,NaN,NaN,NaN,NaN,NaN,45.72,0,2205.4,0.0058767,NaN,NaN,NaN,NaN,8.0253,97167,10.688,0.19562,-0.073154,-5.2022,-0.8043,-16.676,1.318,NaN,NaN,NaN,NaN,NaN
560.92,0.98795,21.21,-133.44,0.48381,-0.80069,-4.5249,-0.46072,-19.046,1.4647,0,0,0,NaN,NaN,NaN,NaN,NaN,NaN,NaN,NaN,NaN,45.72,0,2205.4,0.0058767,NaN,NaN,NaN,NaN,NaN,-1,-1,0.1993,-0.079683,-5.2022,-0.76952,-16.715,1.3215,NaN,NaN,NaN,NaN,NaN
560.92,0,0,0,0,0,0,0,0,0,0,0,0,NaN,NaN,NaN,NaN,NaN,NaN,NaN,NaN,NaN,45.72,0,2205.4,0.0058767,NaN,NaN,NaN,NaN,NaN,-1,-1,0.19706,-0.074759,-5.2095,-0.73193,-16.755,1.3231,NaN,NaN,NaN,NaN,NaN
560.92,0.98881,21.162,-133.43,0.30519,-0.44574,-6.1072,-0.62051,-19.246,1.3299,0,0,0,NaN,NaN,NaN,NaN,NaN,NaN,NaN,NaN,NaN,45.72,0,2205.4,0.0058767,NaN,NaN,NaN,NaN,8.3083,97178,10.688,0.19549,-0.062218,-5.2161,-0.70308,-16.818,1.3412,NaN,NaN,NaN,NaN,NaN
560.93,0.98828,21.119,-133.43,0.36463,-1.0867,-5.5057,-1.2133,-17.503,1.4016,0,0,0,NaN,NaN,NaN,NaN,NaN,NaN,NaN,NaN,NaN,45.72,0,2205.4,0.0058767,0.72489,2.5972,0.63107,0.10239,NaN,-1,-1,0.19572,-0.055898,-5.2175,-0.65843,-16.817,1.3484,NaN,NaN,NaN,NaN,NaN
560.93,0.9866,21.072,-133.42,0.63123,-1.4872,-5.0063,-1.7657,-18.714,1.5727,-0.58,-0.4202,-0.86967,NaN,NaN,NaN,NaN,NaN,NaN,NaN,NaN,NaN,45.72,0,2205.4,0.0058767,NaN,NaN,NaN,NaN,NaN,-1,-1,0.19797,-0.055793,-5.2058,-0.62877,-16.957,1.3582,NaN,NaN,NaN,NaN,NaN
560.93,0.98618,20.979,-133.41,-0.15591,1.279,-6.3672,-0.61461,-18.217,1.8887,0,0,0,NaN,NaN,NaN,NaN,NaN,NaN,NaN,NaN,NaN,45.72,0,2205.4,0.0058767,NaN,NaN,NaN,NaN,8.122,97185,10.75,0.19884,-0.05699,-5.2027,-0.59639,-17.122,1.356,NaN,NaN,NaN,NaN,NaN
560.93,0.9877,20.934,-133.41,0.33069,0.92268,-5.2285,-0.46249,-17.859,1.5958,0,0,0,NaN,NaN,NaN,NaN,NaN,NaN,NaN,NaN,NaN,45.769,0,2113.9,0.0080533,NaN,NaN,NaN,NaN,NaN,-1,-1,0.20118,-0.061237,-5.2058,-0.55645,-17.177,1.3613,NaN,NaN,NaN,NaN,NaN
560.94,1.0003,20.81,-133.41,-0.04528,0.36043,-6.0115,0.1111,-18.633,1.6389,0,0,0,NaN,NaN,NaN,NaN,NaN,NaN,NaN,NaN,NaN,45.769,0,2113.9,0.0080533,NaN,NaN,NaN,NaN,8.2578,97155,10.563,0.20755,-0.076888,-5.1983,-0.52878,-17.311,1.3567,NaN,NaN,NaN,NaN,NaN
560.94,1.0016,20.765,-133.41,0.35704,-1.4195,-4.4965,-0.40136,-17.814,1.2384,0,0,0,NaN,NaN,NaN,NaN,NaN,NaN,NaN,NaN,NaN,45.769,0,2113.9,0.0080533,0.73146,2.6014,0.64081,0.083241,NaN,-1,-1,0.21125,-0.083626,-5.254,-0.49472,-17.503,1.3573,NaN,NaN,NaN,NaN,NaN
560.94,1.0016,20.715,-133.4,0.57129,-1.3906,-5.3705,-0.98961,-20.231,1.4202,0,0,0,NaN,NaN,NaN,NaN,NaN,NaN,NaN,NaN,NaN,45.769,0,2113.9,0.0080533,NaN,NaN,NaN,NaN,NaN,-1,-1,0.21181,-0.07485,-5.2628,-0.46307,-17.665,1.3664,NaN,NaN,NaN,NaN,NaN
560.94,1.0024,20.667,-133.4,0.26965,0.051253,-6.0656,-0.71608,-19.422,1.4535,-0.56349,-0.42294,-0.8704,NaN,NaN,NaN,NaN,NaN,NaN,NaN,NaN,NaN,45.769,0,2113.9,0.0080533,NaN,NaN,NaN,NaN,8.3083,97179,10.688,0.2148,-0.073522,-5.2573,-0.43324,-17.809,1.3729,NaN,NaN,NaN,NaN,NaN
560.95,1.0025,20.623,-133.39,0.1816,-0.073338,-5.1102,-1.0153,-17.551,1.5845,0,0,0,NaN,NaN,NaN,NaN,NaN,NaN,NaN,NaN,NaN,45.769,0,2113.9,0.0080533,NaN,NaN,NaN,NaN,NaN,-1,-1,0.21315,-0.069539,-5.2605,-0.41866,-18.018,1.3877,NaN,NaN,NaN,NaN,NaN
560.95,1.0034,20.574,-133.39,0.063458,0.35131,-4.8072,-0.59788,-19.836,1.3905,0,0,0,NaN,NaN,NaN,NaN,NaN,NaN,NaN,NaN,NaN,45.769,0,2113.9,0.0080533,NaN,NaN,NaN,NaN,NaN,-1,-1,0.21873,-0.076624,-5.2583,-0.41385,-18.266,1.4242,NaN,NaN,NaN,NaN,NaN
560.95,1.006,20.522,-133.38,-0.13841,1.0099,-6.353,0.034549,-20.804,1.4856,0,0,0,NaN,NaN,NaN,NaN,NaN,NaN,NaN,NaN,NaN,45.769,0,2113.9,0.0080533,0.73803,2.4826,0.72357,0.044118,8.0706,97182,10.688,0.22081,-0.079801,-5.2676,-0.42146,-18.437,1.4529,NaN,NaN,NaN,NaN,NaN
560.95,1.0088,20.479,-133.38,0.057806,0.44596,-5.7711,0.1178,-17.406,1.423,-0.55855,-0.42815,-0.87661,NaN,NaN,NaN,NaN,NaN,NaN,NaN,NaN,NaN,45.769,0,2113.9,0.0080533,NaN,NaN,NaN,NaN,NaN,-1,-1,0.22316,-0.081268,-5.2677,-0.41158,-18.683,1.482,NaN,NaN,NaN,NaN,NaN
560.96,1.0114,20.432,-133.37,0.49067,-0.50319,-4.4705,0.066005,-18.563,1.3899,0,0,0,NaN,NaN,NaN,NaN,NaN,NaN,NaN,NaN,NaN,45.769,0,2113.9,0.0080533,NaN,NaN,NaN,NaN,8.218,97201,10.813,0.22436,-0.07068,-5.2664,-0.39955,-18.896,1.5155,NaN,NaN,NaN,NaN,NaN
560.96,1.013,20.382,-133.37,0.19738,-0.7199,-4.9556,-0.34996,-20.302,1.5155,0,0,0,NaN,NaN,NaN,NaN,NaN,NaN,NaN,NaN,NaN,45.769,0,2113.9,0.0080533,NaN,NaN,NaN,NaN,NaN,-1,-1,0.22656,-0.07794,-5.2702,-0.34714,-19.155,1.5335,NaN,NaN,NaN,NaN,NaN
560.96,1.0145,20.332,-133.36,0.45367,-0.55768,-6.3813,-0.29227,-19.853,1.265,0,0,0,NaN,NaN,NaN,NaN,NaN,NaN,NaN,NaN,NaN,45.769,0,2113.9,0.0080533,NaN,NaN,NaN,NaN,NaN,-1,-1,0.22986,-0.081731,-5.265,-0.31492,-19.401,1.5488,NaN,NaN,NaN,NaN,NaN
560.96,1.0142,20.287,-133.36,0.45942,-1.3591,-4.8073,-1.1217,-18.149,1.4126,-0.55634,-0.43297,-0.87642,NaN,NaN,NaN,NaN,NaN,NaN,NaN,NaN,NaN,45.769,0,2113.9,0.0080533,0.73474,2.6175,0.64933,NaN,8.2138,97181,10.688,0.23389,-0.082383,-5.2674,-0.2952,-19.638,1.5698,NaN,NaN,NaN,NaN,NaN
560.97,1.0133,20.237,-133.36,0.36952,-0.51843,-4.8908,-1.4802,-20.301,1.7967,0,0,0,NaN,NaN,NaN,NaN,NaN,NaN,NaN,NaN,NaN,45.769,0,2113.9,0.0080533,NaN,NaN,NaN,0.07242,NaN,-1,-1,0.23668,-0.096165,-5.2737,-0.27067,-19.933,1.5825,NaN,NaN,NaN,NaN,NaN
560.97,1.0173,20.141,-133.35,-0.072066,0.81291,-5.8698,0.18094,-18.664,1.7267,0,0,0,NaN,NaN,NaN,NaN,NaN,NaN,NaN,NaN,NaN,45.769,0,2113.9,0.0080533,NaN,NaN,NaN,NaN,NaN,-1,-1,0.23725,-0.088167,-5.2799,-0.23113,-19.534,1.5434,NaN,NaN,NaN,NaN,NaN
560.97,1.0173,20.141,-133.35,-0.072066,0.81291,-5.8698,0.18094,-18.664,1.7267,0,0,0,NaN,NaN,NaN,NaN,NaN,NaN,NaN,NaN,NaN,45.769,0,2113.9,0.0080533,NaN,NaN,NaN,NaN,7.9307,97217,10.875,0.23811,-0.088409,-5.2729,-0.21296,-19.708,1.5466,NaN,NaN,NaN,NaN,NaN
560.97,1.0208,20.093,-133.34,0.41856,0.40763,-5.13,0.3275,-19.172,1.6824,-0.55137,-0.42836,-0.87818,NaN,NaN,NaN,NaN,NaN,NaN,NaN,NaN,NaN,45.769,0,2113.9,0.0080533,NaN,NaN,NaN,NaN,NaN,-1,-1,0.24022,-0.087414,-5.2734,-0.18875,-19.9,1.5541,NaN,NaN,NaN,NaN,NaN
560.98,1.0255,20.043,-133.34,0.23981,0.32531,-5.249,0.88551,-20.209,1.5141,0,0,0,NaN,NaN,NaN,NaN,NaN,NaN,NaN,NaN,NaN,45.769,0,2113.9,0.0080533,NaN,NaN,NaN,NaN,8.1172,97189,10.688,0.2418,-0.087826,-5.2768,-0.1717,-20.115,1.5685,NaN,NaN,NaN,NaN,NaN
560.98,1.0304,19.948,-133.33,0.54382,-1.2454,-4.7149,-0.11516,-19.332,1.2252,0,0,0,NaN,NaN,NaN,NaN,NaN,NaN,NaN,NaN,NaN,45.769,0,2113.9,0.0080533,0.73803,2.4952,0.71932,0.04495,NaN,-1,-1,0.24626,-0.099398,-5.2809,-0.12821,-19.615,1.5322,NaN,NaN,NaN,NaN,NaN
560.98,1.0313,19.895,-133.33,0.37097,-0.89869,-5.4005,-0.61908,-21.195,1.3924,-0.55091,-0.42633,-0.8848,NaN,NaN,NaN,NaN,NaN,NaN,NaN,NaN,NaN,45.769,0,2113.9,0.0080533,NaN,NaN,NaN,NaN,NaN,-1,-1,0.25291,-0.11162,-5.2783,-0.090736,-19.672,1.5288,NaN,NaN,NaN,NaN,NaN
560.98,1.0324,19.848,-133.32,0.25408,-0.018902,-5.8004,-0.42708,-19.112,1.2613,0,0,0,NaN,NaN,NaN,NaN,NaN,NaN,NaN,NaN,NaN,45.769,0,2113.9,0.0080533,NaN,NaN,NaN,NaN,7.6744,97174,10.625,0.2554,-0.10731,-5.287,-0.069909,-19.687,1.5262,NaN,NaN,NaN,NaN,NaN
560.99,1.0339,19.8,-133.32,0.19847,0.41808,-5.1524,-0.40663,-19.334,1.5195,0,0,0,NaN,NaN,NaN,NaN,NaN,NaN,NaN,NaN,NaN,45.769,0,2113.9,0.0080533,NaN,NaN,NaN,NaN,NaN,-1,-1,0.25121,-0.10674,-5.2971,-0.075915,-19.773,1.5334,NaN,NaN,NaN,NaN,NaN
560.99,1.0361,19.747,-133.31,0.007781,0.54973,-5.33,-0.080329,-20.906,1.545,0,0,0,NaN,NaN,NaN,NaN,NaN,NaN,NaN,NaN,NaN,45.769,0,2113.9,0.0080533,NaN,NaN,NaN,NaN,NaN,-1,-1,0.25154,-0.10603,-5.2955,-0.046739,-19.785,1.554,NaN,NaN,NaN,NaN,NaN
560.99,1.0399,19.698,-133.31,-0.076981,0.61283,-6.1911,0.41683,-19.847,1.8181,-0.54883,-0.43103,-0.88239,NaN,NaN,NaN,NaN,NaN,NaN,NaN,NaN,NaN,45.769,0,2113.9,0.0080533,0.72598,2.482,0.72844,0.052442,7.9264,97176,10.688,0.25207,-0.09091,-5.2993,-0.039147,-19.786,1.5601,NaN,NaN,NaN,NaN,NaN
560.99,1.0435,19.65,-133.3,0.23263,0.21172,-5.2068,0.40537,-19.245,1.7016,0,0,0,NaN,NaN,NaN,NaN,NaN,NaN,NaN,NaN,NaN,45.769,0,2113.9,0.0080533,NaN,NaN,NaN,NaN,8.1187,97202,10.75,0.25201,-0.088396,-5.3064,-0.021799,-19.864,1.5634,NaN,NaN,NaN,NaN,NaN
561,1.0469,19.6,-133.3,0.4571,-0.66694,-4.7759,0.26247,-20.242,1.8232,0,0,0,NaN,NaN,NaN,NaN,NaN,NaN,NaN,NaN,NaN,45.769,0,2113.9,0.0080533,NaN,NaN,NaN,NaN,NaN,-1,-1,0.25436,-0.097585,-5.2994,-0.01727,-19.87,1.5584,NaN,NaN,NaN,NaN,NaN
561,1.0492,19.549,-133.29,0.26909,-0.88893,-5.181,-0.079985,-20.547,1.6061,0,0,0,NaN,NaN,NaN,NaN,NaN,NaN,NaN,NaN,NaN,45.769,0,2113.9,0.0080533,NaN,NaN,NaN,NaN,NaN,-1,-1,0.25621,-0.10111,-5.2955,-0.018817,-19.942,1.5532,NaN,NaN,NaN,NaN,NaN
561,1.0508,19.499,-133.29,0.45226,-0.38572,-6.0788,-0.47481,-19.984,1.8541,-0.55093,-0.43615,-0.88924,NaN,NaN,NaN,NaN,NaN,NaN,NaN,NaN,NaN,45.769,0,2113.9,0.0080533,NaN,NaN,NaN,NaN,NaN,-1,-1,0.26362,-0.10778,-5.3073,-0.0091144,-20.039,1.554,NaN,NaN,NaN,NaN,NaN
561,1.0512,19.451,-133.29,0.3872,-0.74546,-4.5989,-0.7602,-19.045,1.2739,0,0,0,NaN,NaN,NaN,NaN,NaN,NaN,NaN,NaN,NaN,45.769,0,2113.9,0.0080533,0.73036,2.6049,0.64325,0.094895,8.2619,97176,10.688,0.26408,-0.10115,-5.3193,0.0077178,-20.002,1.5577,NaN,NaN,NaN,NaN,NaN
561.01,1.0544,19.348,-133.28,-0.039833,1.4064,-6.0625,0.1555,-20.395,1.4842,0,0,0,NaN,NaN,NaN,NaN,NaN,NaN,NaN,NaN,NaN,45.769,0,2113.9,0.0080533,NaN,NaN,NaN,NaN,NaN,-1,-1,0.26464,-0.095834,-5.3114,0.029872,-20.046,1.5531,NaN,NaN,NaN,NaN,NaN
561.01,1.0577,19.3,-133.27,0.071366,0.66992,-5.7324,0.3326,-19.186,1.4793,-0.5508,-0.43627,-0.89145,NaN,NaN,NaN,NaN,NaN,NaN,NaN,NaN,NaN,45.769,0,2113.9,0.0080533,NaN,NaN,NaN,NaN,7.6295,97188,10.75,0.26613,-0.093403,-5.3092,0.068856,-20.163,1.544,NaN,NaN,NaN,NaN,NaN
561.01,1.0615,19.25,-133.27,0.48703,-0.077809,-5.1099,0.65518,-20.255,1.3175,0,0,0,NaN,NaN,NaN,NaN,NaN,NaN,NaN,NaN,NaN,45.769,0,2113.9,0.0080533,NaN,NaN,NaN,NaN,NaN,-1,-1,0.26881,-0.083812,-5.3174,0.087945,-20.177,1.5293,NaN,NaN,NaN,NaN,NaN
561.01,1.0684,19.151,-133.26,0.13565,-0.34642,-5.2511,0.2639,-19.009,1.3568,0,0,0,NaN,NaN,NaN,NaN,NaN,NaN,NaN,NaN,NaN,45.769,0,2113.9,0.0080533,NaN,NaN,NaN,NaN,7.8298,97231,10.875,0.27117,-0.085494,-5.3202,0.098837,-20.185,1.521,NaN,NaN,NaN,NaN,NaN
561.02,1.0706,19.099,-133.26,0.52045,-1.116,-4.5372,-0.087491,-20.844,1.4786,-0.53173,-0.42695,-0.88973,NaN,NaN,NaN,NaN,NaN,NaN,NaN,NaN,NaN,45.769,0,2113.9,0.0080533,0.78894,2.5029,0.70775,0.017481,NaN,-1,-1,0.27756,-0.094814,-5.3139,0.10365,-20.256,1.5064,NaN,NaN,NaN,NaN,NaN
561.02,1.0719,19.046,-133.25,0.39701,-0.75148,-5.7612,-0.41511,-21.468,1.4037,0,0,0,NaN,NaN,NaN,NaN,NaN,NaN,NaN,NaN,NaN,45.769,0,2113.9,0.0080533,NaN,NaN,NaN,NaN,NaN,-1,-1,0.27944,-0.099331,-5.3174,0.11345,-20.354,1.4839,NaN,NaN,NaN,NaN,NaN
561.02,1.0733,18.997,-133.25,0.2581,0.2171,-5.7779,-0.41133,-19.549,1.5505,0,0,0,NaN,NaN,NaN,NaN,NaN,NaN,NaN,NaN,NaN,45.769,0,2113.9,0.0080533,NaN,NaN,NaN,NaN,7.7767,97163,10.625,0.27804,-0.09786,-5.3293,0.10225,-20.359,1.4666,NaN,NaN,NaN,NaN,NaN
561.02,1.0762,18.946,-133.24,0.22175,0.34999,-5.133,0.18896,-20.482,1.6769,0,0,0,NaN,NaN,NaN,NaN,NaN,NaN,NaN,NaN,NaN,45.769,0,2113.9,0.0080533,0.78949,2.5149,0.71019,NaN,NaN,-1,-1,0.27826,-0.10114,-5.3294,0.073222,-20.418,1.4669,NaN,NaN,NaN,NaN,NaN
561.03,1.0787,18.893,-133.24,0.046408,0.43554,-5.3501,0.018507,-21.348,1.5764,-0.53173,-0.43186,-0.89195,NaN,NaN,NaN,NaN,NaN,NaN,NaN,NaN,NaN,45.769,0,2113.9,0.0080533,0.78949,2.5149,0.71019,NaN,7.6201,97129,10.438,0.28116,-0.086334,-5.3276,0.085466,-20.47,1.4663,NaN,NaN,NaN,NaN,NaN
561.03,1.0822,18.843,-133.24,0.084722,0.40431,-5.8082,0.35558,-20.118,1.7906,0,0,0,NaN,NaN,NaN,NaN,NaN,NaN,NaN,NaN,NaN,45.769,0,2113.9,0.0080533,NaN,NaN,NaN,-0.0024972,NaN,-1,-1,0.2797,-0.069581,-5.3321,0.11127,-20.483,1.4669,NaN,NaN,NaN,NaN,NaN
561.03,1.086,18.793,-133.23,0.2206,0.081864,-5.524,0.59553,-20.149,1.4762,0,0,0,NaN,NaN,NaN,NaN,NaN,NaN,NaN,NaN,NaN,45.769,0,2113.9,0.0080533,NaN,NaN,NaN,NaN,NaN,-1,-1,0.27504,-0.068498,-5.3298,0.13751,-20.49,1.4642,NaN,NaN,NaN,NaN,NaN
561.03,1.0892,18.741,-133.23,0.33759,-0.54702,-4.5104,0.42731,-20.613,1.3375,0,0,0,NaN,NaN,NaN,NaN,NaN,NaN,NaN,NaN,NaN,45.769,0,2113.9,0.0080533,NaN,NaN,NaN,NaN,7.8746,97169,10.625,0.27668,-0.072206,-5.3275,0.16884,-20.592,1.4617,NaN,NaN,NaN,NaN,NaN
561.04,1.0918,18.688,-133.22,0.31883,-0.80088,-5.3412,0.066062,-21.358,1.4716,-0.53643,-0.43179,-0.89237,NaN,NaN,NaN,NaN,NaN,NaN,NaN,NaN,NaN,45.769,0,2113.9,0.0080533,NaN,NaN,NaN,NaN,NaN,-1,-1,0.27839,-0.074487,-5.3297,0.16654,-20.654,1.4421,NaN,NaN,NaN,NaN,NaN
561.04,1.0937,18.636,-133.22,0.38693,0.063005,-5.8451,-0.15562,-20.967,1.4707,0,0,0,NaN,NaN,NaN,NaN,NaN,NaN,NaN,NaN,NaN,45.769,0,2113.9,0.0080533,NaN,NaN,NaN,NaN,NaN,-1,-1,0.28217,-0.084922,-5.3362,0.15259,-20.734,1.4384,NaN,NaN,NaN,NaN,NaN
561.04,1.0954,18.586,-133.22,0.38303,-0.5808,-4.8976,-0.19962,-19.86,1.3155,0,0,0,NaN,NaN,NaN,NaN,NaN,NaN,NaN,NaN,NaN,45.769,0,2113.9,0.0080533,0.73803,2.4797,0.71506,0.049945,7.6748,97172,10.625,0.28556,-0.090973,-5.3403,0.14801,-20.786,1.4222,NaN,NaN,NaN,NaN,NaN
561.04,1.0965,18.533,-133.21,0.46319,-0.33466,-5.2125,-0.3636,-21.522,1.2201,0,0,0,NaN,NaN,NaN,NaN,NaN,NaN,NaN,NaN,NaN,45.72,0,2012.5,0.0069644,NaN,NaN,NaN,NaN,NaN,-1,-1,0.28427,-0.07701,-5.3401,0.14782,-20.835,1.4135,NaN,NaN,NaN,NaN,NaN
561.05,1.0996,18.479,-133.21,0.10433,1.1562,-5.9251,0.37345,-21.509,1.3656,-0.53854,-0.44182,-0.90144,NaN,NaN,NaN,NaN,NaN,NaN,NaN,NaN,NaN,45.72,0,2012.5,0.0069644,NaN,NaN,NaN,NaN,7.7759,97167,10.625,0.28744,-0.076529,-5.3304,0.16558,-20.901,1.4071,NaN,NaN,NaN,NaN,NaN
561.05,1.104,18.43,-133.21,0.043286,0.40023,-5.916,0.79716,-19.818,1.5057,0,0,0,NaN,NaN,NaN,NaN,NaN,NaN,NaN,NaN,NaN,45.72,0,2012.5,0.0069644,NaN,NaN,NaN,NaN,NaN,-1,-1,0.28955,-0.071481,-5.3327,0.18351,-20.97,1.4202,NaN,NaN,NaN,NaN,NaN
561.05,1.1083,18.378,-133.2,0.51906,-0.19764,-4.7937,0.86299,-20.871,1.3237,0,0,0,NaN,NaN,NaN,NaN,NaN,NaN,NaN,NaN,NaN,45.72,0,2012.5,0.0069644,NaN,NaN,NaN,NaN,NaN,-1,-1,0.291,-0.073446,-5.3307,0.20513,-21.003,1.42,NaN,NaN,NaN,NaN,NaN
561.05,1.1117,18.325,-133.2,0.3339,0.11897,-5.4181,0.48249,-21.391,1.4463,0,0,0,NaN,NaN,NaN,NaN,NaN,NaN,NaN,NaN,NaN,45.72,0,2012.5,0.0069644,0.79059,2.4987,0.71749,0.023308,8.0234,97177,10.688,0.29291,-0.085055,-5.3322,0.21922,-21.07,1.4308,NaN,NaN,NaN,NaN,NaN
561.06,1.1147,18.275,-133.19,0.17694,-0.15126,-5.2643,0.33913,-19.967,1.2537,-0.53819,-0.42985,-0.9014,NaN,NaN,NaN,NaN,NaN,NaN,NaN,NaN,NaN,45.72,0,2012.5,0.0069644,0.79059,2.4987,0.71749,0.023308,NaN,-1,-1,0.29482,-0.082575,-5.3373,0.20922,-21.148,1.4314,NaN,NaN,NaN,NaN,NaN
561.06,1.1189,18.168,-133.19,0.32992,-0.57283,-5.1525,-0.36056,-21.974,1.2536,0,0,0,NaN,NaN,NaN,NaN,NaN,NaN,NaN,NaN,NaN,45.72,0,2012.5,0.0069644,NaN,NaN,NaN,NaN,NaN,-1,-1,0.29656,-0.078427,-5.3402,0.1897,-21.222,1.4394,NaN,NaN,NaN,NaN,NaN
561.06,1.1189,18.168,-133.19,0.32992,-0.57283,-5.1525,-0.36056,-21.974,1.2536,0,0,0,NaN,NaN,NaN,NaN,NaN,NaN,NaN,NaN,NaN,45.72,0,2012.5,0.0069644,NaN,NaN,NaN,NaN,7.7796,97212,10.813,0.29535,-0.076951,-5.3346,0.15839,-21.251,1.4332,NaN,NaN,NaN,NaN,NaN
561.06,1.1202,18.115,-133.18,0.4786,0.26293,-5.8779,-0.37695,-21.088,1.4441,0,0,0,NaN,NaN,NaN,NaN,NaN,NaN,NaN,NaN,NaN,45.72,0,2012.5,0.0069644,NaN,NaN,NaN,NaN,NaN,-1,-1,0.29307,-0.060345,-5.336,0.16177,-21.312,1.4241,NaN,NaN,NaN,NaN,NaN
561.07,1.1233,18.063,-133.18,0.19802,0.37772,-5.5478,0.31163,-20.75,1.5426,-0.52632,-0.43013,-0.90255,NaN,NaN,NaN,NaN,NaN,NaN,NaN,NaN,NaN,45.72,0,2012.5,0.0069644,NaN,NaN,NaN,NaN,7.7811,97183,10.75,0.29293,-0.049871,-5.3351,0.16821,-21.315,1.4225,NaN,NaN,NaN,NaN,NaN
561.07,1.1306,17.956,-133.17,0.24072,0.21961,-5.5551,0.62899,-21.789,1.2874,0,0,0,NaN,NaN,NaN,NaN,NaN,NaN,NaN,NaN,NaN,45.72,0,2012.5,0.0069644,0.73858,2.6163,0.65055,0.077414,NaN,-1,-1,0.2922,-0.056317,-5.3308,0.19562,-21.372,1.4197,NaN,NaN,NaN,NaN,NaN
561.07,1.1341,17.901,-133.16,0.19076,0.050614,-5.7124,0.48014,-21.839,1.5826,0,0,0,NaN,NaN,NaN,NaN,NaN,NaN,NaN,NaN,NaN,45.72,0,2012.5,0.0069644,NaN,NaN,NaN,NaN,NaN,-1,-1,0.29538,-0.058765,-5.3282,0.21989,-21.391,1.4161,NaN,NaN,NaN,NaN,NaN
561.07,1.1375,17.85,-133.16,0.29487,-0.062707,-5.1437,0.40176,-20.74,1.5666,-0.52122,-0.42565,-0.90653,NaN,NaN,NaN,NaN,NaN,NaN,NaN,NaN,NaN,45.72,0,2012.5,0.0069644,NaN,NaN,NaN,NaN,7.7809,97184,10.75,0.29862,-0.060235,-5.3268,0.22441,-21.443,1.4121,NaN,NaN,NaN,NaN,NaN
561.08,1.14,17.796,-133.15,0.39638,-0.83985,-4.8867,0.074771,-21.705,1.5399,0,0,0,NaN,NaN,NaN,NaN,NaN,NaN,NaN,NaN,NaN,45.72,0,2012.5,0.0069644,NaN,NaN,NaN,NaN,NaN,-1,-1,0.29763,-0.074192,-5.3305,0.19312,-21.535,1.4002,NaN,NaN,NaN,NaN,NaN
561.08,1.142,17.74,-133.15,0.22673,0.07762,-5.3909,-0.071963,-22.349,1.4198,0,0,0,NaN,NaN,NaN,NaN,NaN,NaN,NaN,NaN,NaN,45.72,0,2012.5,0.0069644,NaN,NaN,NaN,NaN,NaN,-1,-1,0.29804,-0.071888,-5.3368,0.16885,-21.567,1.3897,NaN,NaN,NaN,NaN,NaN
561.08,1.1446,17.688,-133.15,0.49519,-0.10606,-5.6863,0.17859,-20.99,1.4233,0,0,0,NaN,NaN,NaN,NaN,NaN,NaN,NaN,NaN,NaN,45.72,0,2012.5,0.0069644,NaN,NaN,NaN,NaN,7.9296,97202,10.813,0.29793,-0.054999,-5.3303,0.15587,-21.614,1.3938,NaN,NaN,NaN,NaN,NaN
561.08,1.1462,17.633,-133.14,0.57494,-0.7129,-4.9218,-0.23898,-21.916,1.4302,-0.5231,-0.41867,-0.91113,NaN,NaN,NaN,NaN,NaN,NaN,NaN,NaN,NaN,45.72,0,2012.5,0.0069644,NaN,NaN,NaN,NaN,NaN,-1,-1,0.29667,-0.049965,-5.325,0.13132,-21.684,1.3883,NaN,NaN,NaN,NaN,NaN
561.09,1.1481,17.577,-133.14,0.094417,0.35251,-5.7414,-0.1327,-22.638,1.5406,0,0,0,NaN,NaN,NaN,NaN,NaN,NaN,NaN,NaN,NaN,45.72,0,2012.5,0.0069644,NaN,NaN,NaN,NaN,8.1723,97192,10.813,0.29596,-0.049418,-5.3227,0.13768,-21.714,1.3895,NaN,NaN,NaN,NaN,NaN
561.09,1.1512,17.525,-133.13,0.24648,0.78149,-5.7996,0.39981,-20.87,1.3923,0,0,0,NaN,NaN,NaN,NaN,NaN,NaN,NaN,NaN,NaN,45.72,0,2012.5,0.0069644,NaN,NaN,NaN,NaN,NaN,-1,-1,0.29924,-0.046423,-5.3184,0.15622,-21.729,1.3866,NaN,NaN,NaN,NaN,NaN
561.09,1.1549,17.472,-133.13,0.50793,-0.28415,-4.7805,0.56201,-21.058,1.5993,0,0,0,NaN,NaN,NaN,NaN,NaN,NaN,NaN,NaN,NaN,45.72,0,2012.5,0.0069644,NaN,NaN,NaN,NaN,NaN,-1,-1,0.3021,-0.050947,-5.3208,0.15875,-21.758,1.3846,NaN,NaN,NaN,NaN,NaN
561.09,1.1579,17.416,-133.12,0.28466,-0.061775,-5.4212,0.39093,-22.53,1.244,-0.5213,-0.43295,-0.90876,NaN,NaN,NaN,NaN,NaN,NaN,NaN,NaN,NaN,45.72,0,2012.5,0.0069644,0.73967,2.6085,0.64811,NaN,7.777,97205,10.75,0.30482,-0.063722,-5.3176,0.15211,-21.838,1.382,NaN,NaN,NaN,NaN,NaN
561.1,1.1606,17.363,-133.12,0.38791,0.28276,-5.7111,0.20346,-21.408,1.4232,0,0,0,NaN,NaN,NaN,NaN,NaN,NaN,NaN,NaN,NaN,45.72,0,2012.5,0.0069644,NaN,NaN,NaN,0.074917,NaN,-1,-1,0.30867,-0.059872,-5.3115,0.12416,-22.575,1.416,NaN,NaN,NaN,NaN,NaN
561.1,1.1626,17.309,-133.12,0.18208,-0.60232,-4.7089,-0.03707,-21.555,1.4271,0,0,0,NaN,NaN,NaN,NaN,NaN,NaN,NaN,NaN,NaN,45.72,0,2012.5,0.0069644,NaN,NaN,NaN,NaN,NaN,-1,-1,0.3081,-0.053612,-5.313,0.097167,-22.436,1.4006,NaN,NaN,NaN,NaN,NaN
561.1,1.1637,17.252,-133.11,0.32038,-0.32912,-5.1616,-0.40886,-22.727,1.3812,0,0,0,NaN,NaN,NaN,NaN,NaN,NaN,NaN,NaN,NaN,45.72,0,2012.5,0.0069644,NaN,NaN,NaN,NaN,7.827,97181,10.688,0.30357,-0.038119,-5.3133,0.056455,-22.335,1.3865,NaN,NaN,NaN,NaN,NaN
561.1,1.1656,17.198,-133.11,0.40876,-0.18398,-5.8729,0.021429,-21.785,1.0652,-0.51854,-0.42352,-0.91072,NaN,NaN,NaN,NaN,NaN,NaN,NaN,NaN,NaN,45.72,0,2012.5,0.0069644,NaN,NaN,NaN,NaN,NaN,-1,-1,0.305,-0.027534,-5.3022,0.043199,-22.278,1.3712,NaN,NaN,NaN,NaN,NaN
561.11,1.1703,17.089,-133.1,0.16704,0.31563,-5.7162,-0.06652,-22.18,1.3599,0,0,0,NaN,NaN,NaN,NaN,NaN,NaN,NaN,NaN,NaN,45.72,0,2012.5,0.0069644,NaN,NaN,NaN,NaN,7.973,97187,10.688,0.3064,-0.02769,-5.2989,0.038586,-22.148,1.359,NaN,NaN,NaN,NaN,NaN
561.11,1.1723,17.034,-133.1,0.044055,0.022532,-4.9493,0.039018,-22.136,1.1868,0,0,0,NaN,NaN,NaN,NaN,NaN,NaN,NaN,NaN,NaN,45.72,0,2012.5,0.0069644,NaN,NaN,NaN,NaN,NaN,-1,-1,0.3074,-0.03557,-5.2938,0.053315,-22.025,1.3363,NaN,NaN,NaN,NaN,NaN
561.11,1.1755,16.978,-133.09,0.41902,0.056344,-5.5707,0.44404,-22.25,1.2957,-0.5044,-0.43114,-0.91389,-4.7967,-7.4387,-0.43897,8.862,40.057,-88.55,3.6779e+05,4.4353e+06,294.6,45.72,0,2012.5,0.0069644,NaN,NaN,NaN,NaN,NaN,-1,-1,0.31193,-0.044292,-5.2828,0.060288,-21.942,1.3321,8.0825,-2.0945,2.9702,20.178,-13.671
561.11,1.1783,16.924,-133.09,0.28823,0.024176,-5.3786,0.30413,-21.831,1.3672,0,0,0,NaN,NaN,NaN,NaN,NaN,NaN,NaN,NaN,NaN,45.72,0,2012.5,0.0069644,NaN,NaN,NaN,NaN,7.5752,97185,10.688,0.31362,-0.059,-5.2822,0.07227,-21.822,1.3112,NaN,NaN,NaN,NaN,NaN
561.12,1.1808,16.869,-133.09,0.24895,-0.35097,-5.1919,0.23571,-22.066,1.2196,0,0,0,NaN,NaN,NaN,NaN,NaN,NaN,NaN,NaN,NaN,45.72,0,2012.5,0.0069644,NaN,NaN,NaN,NaN,NaN,-1,-1,0.31525,-0.048014,-5.2886,0.043525,-21.763,1.2832,NaN,NaN,NaN,NaN,NaN
561.12,1.183,16.813,-133.08,0.35512,-0.3517,-5.0539,0.0078495,-22.372,1.4948,0,0,0,NaN,NaN,NaN,NaN,NaN,NaN,NaN,NaN,NaN,45.72,0,2012.5,0.0069644,NaN,NaN,NaN,NaN,NaN,-1,-1,0.31113,-0.042742,-5.2815,0.0069216,-21.734,1.2498,NaN,NaN,NaN,NaN,NaN
561.12,1.1852,16.756,-133.08,0.34811,0.18425,-5.3838,0.09196,-22.92,1.279,-0.50441,-0.44095,-0.91833,NaN,NaN,NaN,NaN,NaN,NaN,NaN,NaN,NaN,45.72,0,2012.5,0.0069644,0.73639,2.4838,0.71871,0.049945,8.0244,97193,10.75,0.30939,-0.04561,-5.2789,-0.028531,-21.694,1.2283,NaN,NaN,NaN,NaN,NaN
561.12,1.1866,16.7,-133.08,0.51872,-0.54136,-5.7379,-0.1751,-22.28,1.0995,0,0,0,NaN,NaN,NaN,NaN,NaN,NaN,NaN,NaN,NaN,45.72,0,2012.5,0.0069644,NaN,NaN,NaN,NaN,NaN,-1,-1,0.31395,-0.044299,-5.277,-0.035449,-21.638,1.2129,NaN,NaN,NaN,NaN,NaN
561.13,1.1871,16.646,-133.07,0.49494,-0.4782,-5.1034,-0.50185,-21.996,1.0821,0,0,0,NaN,NaN,NaN,NaN,NaN,NaN,NaN,NaN,NaN,45.72,0,2012.5,0.0069644,NaN,NaN,NaN,NaN,7.8777,97174,10.688,0.31451,-0.053358,-5.2221,-0.044394,-21.616,1.1968,NaN,NaN,NaN,NaN,NaN
561.13,1.188,16.589,-133.07,0.24058,0.56123,-5.2822,-0.39162,-22.69,1.1542,0,0,0,NaN,NaN,NaN,NaN,NaN,NaN,NaN,NaN,NaN,45.72,0,2012.5,0.0069644,NaN,NaN,NaN,NaN,NaN,-1,-1,0.31846,-0.061743,-5.2252,-0.043647,-21.609,1.1904,NaN,NaN,NaN,NaN,NaN
561.13,1.1906,16.533,-133.07,0.20601,0.13853,-5.7274,0.23084,-22.307,1.2917,-0.49998,-0.44078,-0.91349,NaN,NaN,NaN,NaN,NaN,NaN,NaN,NaN,NaN,45.72,0,2012.5,0.0069644,NaN,NaN,NaN,NaN,NaN,-1,-1,0.31935,-0.069192,-5.2286,-0.039175,-21.58,1.1827,NaN,NaN,NaN,NaN,NaN
561.13,1.1924,16.478,-133.06,0.44574,-0.16134,-5.4383,-0.10439,-22.141,1.4099,0,0,0,NaN,NaN,NaN,NaN,NaN,NaN,NaN,NaN,NaN,45.72,0,2012.5,0.0069644,0.73201,2.4838,0.71871,0.039123,7.5802,97202,10.813,0.32318,-0.06803,-5.224,-0.047737,-21.563,1.187,NaN,NaN,NaN,NaN,NaN
561.14,1.1944,16.422,-133.06,0.35308,0.21482,-5.2328,0.076318,-22.449,1.1252,0,0,0,NaN,NaN,NaN,NaN,NaN,NaN,NaN,NaN,NaN,45.72,0,2012.5,0.0069644,NaN,NaN,NaN,NaN,NaN,-1,-1,0.32145,-0.062947,-5.2208,-0.06685,-21.593,1.1767,NaN,NaN,NaN,NaN,NaN
561.14,1.197,16.366,-133.06,0.35234,0.14335,-5.2216,0.25749,-22.705,1.3342,0,0,0,NaN,NaN,NaN,NaN,NaN,NaN,NaN,NaN,NaN,45.72,0,2012.5,0.0069644,NaN,NaN,NaN,NaN,NaN,-1,-1,0.32116,-0.053127,-5.2283,-0.081517,-21.605,1.1597,NaN,NaN,NaN,NaN,NaN
561.14,1.1982,16.309,-133.05,0.25958,-0.42315,-5.2137,-0.35323,-22.695,1.4244,-0.49925,-0.43408,-0.9223,NaN,NaN,NaN,NaN,NaN,NaN,NaN,NaN,NaN,45.72,0,2012.5,0.0069644,NaN,NaN,NaN,NaN,7.4788,97217,10.875,0.3188,-0.042225,-5.1802,-0.125,-21.62,1.1514,NaN,NaN,NaN,NaN,NaN
561.14,1.1988,16.252,-133.05,0.28427,-0.19619,-5.1016,-0.51738,-23.135,1.2903,0,0,0,NaN,NaN,NaN,NaN,NaN,NaN,NaN,NaN,NaN,45.72,0,2012.5,0.0069644,NaN,NaN,NaN,NaN,NaN,-1,-1,0.32308,-0.050383,-5.1746,-0.16392,-21.663,1.1466,NaN,NaN,NaN,NaN,NaN
561.15,1.2001,16.194,-133.05,0.526,-0.35808,-5.7678,-0.21308,-23.202,1.1037,0,0,0,NaN,NaN,NaN,NaN,NaN,NaN,NaN,NaN,NaN,45.72,0,2012.5,0.0069644,NaN,NaN,NaN,NaN,7.8254,97168,10.625,0.3248,-0.061372,-5.1827,-0.18102,-21.703,1.1418,NaN,NaN,NaN,NaN,NaN
561.15,1.2011,16.138,-133.04,0.42482,-0.091635,-5.2757,-0.33913,-22.491,1.2243,0,0,0,NaN,NaN,NaN,NaN,NaN,NaN,NaN,NaN,NaN,45.72,0,2012.5,0.0069644,0.79606,2.5137,0.71506,0.0074917,NaN,-1,-1,0.32736,-0.069456,-5.181,-0.18747,-21.731,1.1466,NaN,NaN,NaN,NaN,NaN
561.15,0,0,0,0,0,0,0,0,0,0,0,0,NaN,NaN,NaN,NaN,NaN,NaN,NaN,NaN,NaN,45.72,0,2012.5,0.0069644,NaN,NaN,NaN,NaN,NaN,-1,-1,0.33186,-0.084229,-5.1812,-0.19486,-21.807,1.1377,NaN,NaN,NaN,NaN,NaN
561.15,1.2026,16.081,-133.04,0.1773,0.3604,-5.3476,-0.15871,-22.628,1.1737,-0.4969,-0.43411,-0.92209,NaN,NaN,NaN,NaN,NaN,NaN,NaN,NaN,NaN,45.71,0,1948.3,0.0069644,NaN,NaN,NaN,NaN,7.4744,97175,10.688,0.33681,-0.083388,-5.187,-0.18455,-21.85,1.1348,NaN,NaN,NaN,NaN,NaN
561.16,1.2043,16.023,-133.04,0.15146,0.026303,-5.0911,-0.025898,-23.305,0.98371,0,0,0,NaN,NaN,NaN,NaN,NaN,NaN,NaN,NaN,NaN,45.71,0,1948.3,0.0069644,NaN,NaN,NaN,NaN,NaN,-1,-1,0.33533,-0.071451,-5.1822,-0.18431,-21.925,1.1359,NaN,NaN,NaN,NaN,NaN
561.16,1.2078,15.909,-133.03,0.27115,0.092098,-5.6299,-0.16117,-22.332,1.1047,0,0,0,NaN,NaN,NaN,NaN,NaN,NaN,NaN,NaN,NaN,45.71,0,1948.3,0.0069644,NaN,NaN,NaN,NaN,NaN,-1,-1,0.33462,-0.06982,-5.1755,-0.21107,-21.998,1.1323,NaN,NaN,NaN,NaN,NaN
561.16,1.2099,15.852,-133.03,0.30873,-0.25489,-4.7699,0.099523,-22.892,1.1432,-0.49202,-0.44172,-0.92831,NaN,NaN,NaN,NaN,NaN,NaN,NaN,NaN,NaN,45.71,0,1948.3,0.0069644,NaN,NaN,NaN,0.041621,7.3734,97203,10.813,0.3388,-0.0664,-5.1757,-0.23552,-22.092,1.118,NaN,NaN,NaN,NaN,NaN
561.16,1.2111,15.793,-133.03,0.38221,-0.29123,-5.1936,-0.26774,-23.877,1.2859,0,0,0,NaN,NaN,NaN,NaN,NaN,NaN,NaN,NaN,NaN,45.71,0,1948.3,0.0069644,NaN,NaN,NaN,NaN,NaN,-1,-1,0.34105,-0.063776,-5.2276,-0.27043,-22.18,1.1207,NaN,NaN,NaN,NaN,NaN
561.17,1.2118,15.734,-133.03,0.31009,-0.042676,-5.5581,-0.34538,-23.543,0.8301,0,0,0,NaN,NaN,NaN,NaN,NaN,NaN,NaN,NaN,NaN,45.71,0,1948.3,0.0069644,NaN,NaN,NaN,NaN,7.4733,97159,10.625,0.34056,-0.075901,-5.2259,-0.30622,-22.267,1.1004,NaN,NaN,NaN,NaN,NaN
561.17,1.2258,15.587,-133.04,0.53115,-0.28426,-4.8578,-0.66039,-23.458,1.0804,-0.48228,-0.43478,-0.92965,NaN,NaN,NaN,NaN,NaN,NaN,NaN,NaN,NaN,45.71,0,1948.3,0.0069644,NaN,NaN,NaN,NaN,NaN,-1,-1,0.34801,-0.089001,-5.2136,-0.32662,-22.396,1.0962,NaN,NaN,NaN,NaN,NaN
561.17,1.227,15.527,-133.03,0.23704,0.3458,-5.2883,-0.23801,-23.9,1.2649,0,0,0,NaN,NaN,NaN,NaN,NaN,NaN,NaN,NaN,NaN,45.71,0,1948.3,0.0069644,NaN,NaN,NaN,NaN,NaN,-1,-1,0.34875,-0.082062,-5.221,-0.33185,-22.479,1.1008,NaN,NaN,NaN,NaN,NaN
561.17,1.2287,15.469,-133.03,0.12768,0.12606,-5.8439,-0.11551,-23.476,1.4443,0,0,0,NaN,NaN,NaN,NaN,NaN,NaN,NaN,NaN,NaN,45.71,0,1948.3,0.0069644,0.72817,2.5966,0.63412,0.091565,7.8763,97160,10.625,0.3527,-0.085724,-5.2768,-0.33705,-22.579,1.0959,NaN,NaN,NaN,NaN,NaN
561.18,1.2299,15.411,-133.03,0.43724,0.088535,-5.2314,-0.28814,-23.171,1.3171,0,0,0,NaN,NaN,NaN,NaN,NaN,NaN,NaN,NaN,NaN,45.71,0,1948.3,0.0069644,NaN,NaN,NaN,NaN,NaN,-1,-1,0.35398,-0.089325,-5.2678,-0.34883,-22.711,1.0939,NaN,NaN,NaN,NaN,NaN
561.18,1.2305,15.352,-133.02,0.41624,0.11329,-5.1024,-0.54752,-23.451,1.2926,-0.48932,-0.42978,-0.92806,NaN,NaN,NaN,NaN,NaN,NaN,NaN,NaN,NaN,45.71,0,1948.3,0.0069644,NaN,NaN,NaN,NaN,NaN,-1,-1,0.35546,-0.07953,-5.2676,-0.35571,-22.856,1.094,NaN,NaN,NaN,NaN,NaN
561.18,1.2318,15.293,-133.02,0.34359,0.029947,-5.2589,-0.12817,-23.731,1.0675,0,0,0,NaN,NaN,NaN,NaN,NaN,NaN,NaN,NaN,NaN,45.71,0,1948.3,0.0069644,NaN,NaN,NaN,NaN,7.6292,97211,10.813,0.35369,-0.065923,-5.2836,-0.38562,-22.99,1.0884,NaN,NaN,NaN,NaN,NaN
561.18,1.2323,15.234,-133.02,0.29125,-0.17809,-5.3052,-0.49269,-23.655,1.0744,0,0,0,NaN,NaN,NaN,NaN,NaN,NaN,NaN,NaN,NaN,45.71,0,1948.3,0.0069644,NaN,NaN,NaN,NaN,NaN,-1,-1,0.3601,-0.080579,-5.2781,-0.41295,-23.12,1.0792,NaN,NaN,NaN,NaN,NaN
561.19,1.2323,15.176,-133.01,0.36389,-0.36855,-4.8446,-0.68595,-23.429,1.1325,0,0,0,NaN,NaN,NaN,NaN,NaN,NaN,NaN,NaN,NaN,45.71,0,1948.3,0.0069644,NaN,NaN,NaN,NaN,7.4778,97179,10.75,0.36171,-0.088548,-5.2771,-0.4445,-23.27,1.0769,NaN,NaN,NaN,NaN,NaN
561.19,1.2322,15.116,-133.01,0.49197,-0.56826,-5.4544,-0.68285,-24.212,0.75344,-0.47509,-0.42518,-0.92678,NaN,NaN,NaN,NaN,NaN,NaN,NaN,NaN,NaN,45.71,0,1948.3,0.0069644,0.7227,2.6008,0.63412,0.10322,NaN,-1,-1,0.36569,-0.095783,-5.2737,-0.4482,-23.447,1.0796,NaN,NaN,NaN,NaN,NaN
561.19,1.2323,15.056,-133.01,0.44794,0.070848,-5.5492,-0.6102,-23.889,1.0548,0,0,0,NaN,NaN,NaN,NaN,NaN,NaN,NaN,NaN,NaN,45.71,0,1948.3,0.0069644,NaN,NaN,NaN,NaN,NaN,-1,-1,0.36469,-0.087222,-5.2901,-0.45602,-23.619,1.0823,NaN,NaN,NaN,NaN,NaN
561.19,1.2328,14.998,-133.01,0.30496,0.15526,-5.324,-0.55726,-23.286,1.2956,0,0,0,NaN,NaN,NaN,NaN,NaN,NaN,NaN,NaN,NaN,45.71,0,1948.3,0.0069644,NaN,NaN,NaN,NaN,7.7244,97175,10.625,0.36382,-0.071638,-5.2943,-0.45485,-23.757,1.0754,NaN,NaN,NaN,NaN,NaN
561.2,1.2341,14.938,-133,0.11162,-0.046432,-4.8634,-0.13837,-24.285,1.0842,0,0,0,NaN,NaN,NaN,NaN,NaN,NaN,NaN,NaN,NaN,45.71,0,1948.3,0.0069644,NaN,NaN,NaN,NaN,NaN,-1,-1,0.36625,-0.072805,-5.2856,-0.44337,-23.921,1.0791,NaN,NaN,NaN,NaN,NaN
561.2,1.2354,14.876,-133,0.29712,0.14841,-5.6197,-0.18678,-24.71,1.1314,-0.47714,-0.43772,-0.93806,NaN,NaN,NaN,NaN,NaN,NaN,NaN,NaN,NaN,45.71,0,1948.3,0.0069644,0.72653,2.602,0.63959,0.09656,NaN,-1,-1,0.36836,-0.075048,-5.2892,-0.45637,-24.132,1.0891,NaN,NaN,NaN,NaN,NaN
561.2,1.2363,14.818,-133,0.30954,0.1182,-5.4995,-0.26683,-23.272,1.0178,0,0,0,NaN,NaN,NaN,NaN,NaN,NaN,NaN,NaN,NaN,45.71,0,1948.3,0.0069644,NaN,NaN,NaN,NaN,7.6282,97195,10.75,0.37173,-0.075537,-5.2973,-0.45463,-24.339,1.095,NaN,NaN,NaN,NaN,NaN
561.2,1.2372,14.759,-133,0.40614,-0.25746,-4.9999,-0.31455,-23.779,0.96308,0,0,0,NaN,NaN,NaN,NaN,NaN,NaN,NaN,NaN,NaN,45.71,0,1948.3,0.0069644,NaN,NaN,NaN,NaN,NaN,-1,-1,0.3766,-0.085744,-5.2902,-0.47183,-24.554,1.0894,NaN,NaN,NaN,NaN,NaN
561.21,1.239,14.638,-132.99,0.3407,-0.026145,-5.1269,-0.35082,-24.045,1.032,-0.4723,-0.433,-0.93762,NaN,NaN,NaN,NaN,NaN,NaN,NaN,NaN,NaN,45.71,0,1948.3,0.0069644,NaN,NaN,NaN,NaN,7.2622,97168,10.625,0.37942,-0.095511,-5.2856,-0.49549,-24.782,1.0905,NaN,NaN,NaN,NaN,NaN
561.21,1.2379,14.578,-132.99,0.5186,-0.46738,-5.8574,-1.0771,-24.14,1.0388,0,0,0,NaN,NaN,NaN,NaN,NaN,NaN,NaN,NaN,NaN,45.71,0,1948.3,0.0069644,NaN,NaN,NaN,NaN,NaN,-1,-1,0.38064,-0.089859,-5.2941,-0.51484,-24.131,1.0468,NaN,NaN,NaN,NaN,NaN
561.21,1.2366,14.52,-132.99,0.52094,-0.33477,-4.9121,-1.1511,-23.387,0.94538,0,0,0,NaN,NaN,NaN,NaN,NaN,NaN,NaN,NaN,NaN,45.71,0,1948.3,0.0069644,NaN,NaN,NaN,NaN,NaN,-1,-1,0.38124,-0.083899,-5.3045,-0.52574,-24.165,1.0384,NaN,NaN,NaN,NaN,NaN
561.21,1.236,14.458,-132.98,0.46338,0.18875,-5.1118,-0.88648,-24.91,1.0654,0,0,0,NaN,NaN,NaN,NaN,NaN,NaN,NaN,NaN,NaN,45.71,0,1948.3,0.0069644,0.75117,2.4916,0.71566,0.04495,7.4759,97210,10.813,0.37822,-0.082953,-5.2904,-0.52854,-24.232,1.0319,NaN,NaN,NaN,NaN,NaN
561.22,1.2366,14.337,-132.98,0.25672,0.13637,-5.3676,-0.62515,-23.62,1.0683,0,0,0,NaN,NaN,NaN,NaN,NaN,NaN,NaN,NaN,NaN,45.71,0,1948.3,0.0069644,NaN,NaN,NaN,NaN,NaN,-1,-1,0.37818,-0.071347,-5.2961,-0.53459,-24.224,1.0259,NaN,NaN,NaN,NaN,NaN
561.22,1.2371,14.276,-132.98,0.4769,-0.045784,-5.2722,-0.40348,-24.357,0.82913,0,0,0,NaN,NaN,NaN,NaN,NaN,NaN,NaN,NaN,NaN,45.71,0,1948.3,0.0069644,NaN,NaN,NaN,NaN,NaN,-1,-1,0.37887,-0.062947,-5.3063,-0.52133,-24.258,1.0262,NaN,NaN,NaN,NaN,NaN
561.22,1.2383,14.215,-132.97,0.42622,0.10955,-5.148,-0.22437,-24.613,1.3685,0,0,0,NaN,NaN,NaN,NaN,NaN,NaN,NaN,NaN,NaN,45.71,0,1948.3,0.0069644,NaN,NaN,NaN,NaN,7.1027,97183,10.688,0.3831,-0.070551,-5.3019,-0.51063,-24.333,1.0356,NaN,NaN,NaN,NaN,NaN
561.22,1.2397,14.155,-132.97,0.31979,-0.24787,-5.3371,-0.14318,-23.713,1.0346,-0.46506,-0.43573,-0.94141,NaN,NaN,NaN,NaN,NaN,NaN,NaN,NaN,NaN,45.71,0,1948.3,0.0069644,0.73146,2.5966,0.64325,NaN,NaN,-1,-1,0.38778,-0.082147,-5.2897,-0.51916,-24.372,1.0294,NaN,NaN,NaN,NaN,NaN
561.23,1.2396,14.094,-132.97,0.24098,-0.30027,-4.9761,-0.60814,-24.804,0.84655,0,0,0,NaN,NaN,NaN,NaN,NaN,NaN,NaN,NaN,NaN,45.71,0,1948.3,0.0069644,0.73146,2.5966,0.64325,NaN,7.5246,97181,10.688,0.38762,-0.086072,-5.2905,-0.54614,-24.423,1.0227,NaN,NaN,NaN,NaN,NaN
561.23,1.2397,14.032,-132.97,0.42937,-0.43172,-5.4309,-0.6161,-24.76,0.97741,0,0,0,NaN,NaN,NaN,NaN,NaN,NaN,NaN,NaN,NaN,45.71,0,1948.3,0.0069644,NaN,NaN,NaN,0.085738,NaN,-1,-1,0.38982,-0.090396,-5.2984,-0.55447,-24.497,1.0219,NaN,NaN,NaN,NaN,NaN
561.23,1.2399,13.971,-132.96,0.67713,-0.3449,-5.3127,-0.61089,-24.35,1.2184,0,0,0,NaN,NaN,NaN,NaN,NaN,NaN,NaN,NaN,NaN,45.71,0,1948.3,0.0069644,NaN,NaN,NaN,NaN,NaN,-1,-1,0.38961,-0.081801,-5.3032,-0.56864,-24.572,1.0315,NaN,NaN,NaN,NaN,NaN
561.23,1.2398,13.909,-132.96,0.43951,0.3679,-5.3377,-0.64991,-24.837,1.0004,-0.46721,-0.43342,-0.94382,NaN,NaN,NaN,NaN,NaN,NaN,NaN,NaN,NaN,45.71,0,1948.3,0.0069644,NaN,NaN,NaN,NaN,7.4776,97201,10.813,0.39004,-0.071349,-5.298,-0.58962,-24.631,1.0379,NaN,NaN,NaN,NaN,NaN
561.24,1.2409,13.848,-132.96,0.061262,0.18675,-5.3933,-0.1704,-24.803,0.99013,0,0,0,NaN,NaN,NaN,NaN,NaN,NaN,NaN,NaN,NaN,45.71,0,1948.3,0.0069644,NaN,NaN,NaN,NaN,NaN,-1,-1,0.39013,-0.071805,-5.2938,-0.60813,-24.686,1.0473,NaN,NaN,NaN,NaN,NaN
561.24,1.2411,13.786,-132.96,0.23692,-0.36517,-5.2393,-0.57261,-24.888,1.0632,0,0,0,NaN,NaN,NaN,NaN,NaN,NaN,NaN,NaN,NaN,45.71,0,1948.3,0.0069644,0.74569,2.4797,0.71627,0.039123,NaN,-1,-1,0.39003,-0.076237,-5.3004,-0.60892,-24.707,1.0538,NaN,NaN,NaN,NaN,NaN
561.24,1.2417,13.723,-132.96,0.42681,0.16468,-5.4194,-0.38148,-25.207,0.90928,0,0,0,NaN,NaN,NaN,NaN,NaN,NaN,NaN,NaN,NaN,45.71,0,1948.3,0.0069644,NaN,NaN,NaN,NaN,7.6285,97193,10.75,0.39384,-0.078669,-5.3021,-0.62402,-24.773,1.0635,NaN,NaN,NaN,NaN,NaN
561.24,1.2419,13.662,-132.95,0.33058,0.32935,-5.7756,-0.55187,-24.264,0.88184,-0.45332,-0.4408,-0.94257,NaN,NaN,NaN,NaN,NaN,NaN,NaN,NaN,NaN,45.71,0,1948.3,0.0069644,NaN,NaN,NaN,NaN,NaN,-1,-1,0.39897,-0.086045,-5.2875,-0.65247,-24.808,1.067,NaN,NaN,NaN,NaN,NaN
561.25,1.2417,13.602,-132.95,0.31082,-0.76699,-4.9334,-0.72428,-24.23,1.0332,0,0,0,NaN,NaN,NaN,NaN,NaN,NaN,NaN,NaN,NaN,45.71,0,1948.3,0.0069644,NaN,NaN,NaN,NaN,7.3175,97156,10.625,0.40125,-0.092019,-5.288,-0.68274,-24.836,1.057,NaN,NaN,NaN,NaN,NaN
561.25,1.2412,13.538,-132.95,0.49496,-0.18236,-4.8105,-0.81171,-25.753,1.0748,0,0,0,NaN,NaN,NaN,NaN,NaN,NaN,NaN,NaN,NaN,45.71,0,1948.3,0.0069644,NaN,NaN,NaN,NaN,NaN,-1,-1,0.40104,-0.084406,-5.2948,-0.7289,-24.908,1.0474,NaN,NaN,NaN,NaN,NaN
561.25,1.2405,13.474,-132.95,0.35673,0.039727,-5.9679,-0.90986,-25.577,0.99465,0,0,0,NaN,NaN,NaN,NaN,NaN,NaN,NaN,NaN,NaN,45.71,0,1948.3,0.0069644,0.73255,2.6049,0.63655,0.097392,NaN,-1,-1,0.4026,-0.076323,-5.2944,-0.76203,-24.967,1.0386,NaN,NaN,NaN,NaN,NaN
561.25,1.24,13.413,-132.94,0.60794,-0.4943,-5.538,-0.79578,-24.387,0.94223,-0.45997,-0.43615,-0.94761,NaN,NaN,NaN,NaN,NaN,NaN,NaN,NaN,NaN,45.71,0,1948.3,0.0069644,0.73255,2.6049,0.63655,0.097392,7.6233,97134,10.5,0.40026,-0.073295,-5.2851,-0.7938,-25.021,1.0252,NaN,NaN,NaN,NaN,NaN
561.26,1.2377,13.351,-132.94,0.61362,-0.18019,-4.8474,-1.5593,-25.126,0.98108,0,0,0,NaN,NaN,NaN,NaN,NaN,NaN,NaN,NaN,NaN,45.71,0,1948.3,0.0069644,NaN,NaN,NaN,NaN,NaN,-1,-1,0.40204,-0.064028,-5.2874,-0.8221,-25.107,1.0202,NaN,NaN,NaN,NaN,NaN
561.26,1.2364,13.222,-132.94,0.14308,0.085445,-6.0534,-0.82678,-25.262,1.1757,0,0,0,NaN,NaN,NaN,NaN,NaN,NaN,NaN,NaN,NaN,45.71,0,1948.3,0.0069644,NaN,NaN,NaN,NaN,NaN,-1,-1,0.40458,-0.074043,-5.2835,-0.86528,-25.146,1.0075,NaN,NaN,NaN,NaN,NaN
561.26,1.2362,13.161,-132.93,0.56726,0.003171,-5.1772,-0.78512,-24.295,1.1469,-0.4479,-0.43416,-0.95096,NaN,NaN,NaN,NaN,NaN,NaN,NaN,NaN,NaN,45.71,0,1948.3,0.0069644,NaN,NaN,NaN,NaN,7.6811,97182,10.75,0.40321,-0.082451,-5.2784,-0.89798,-25.174,0.99166,NaN,NaN,NaN,NaN,NaN
561.26,1.2365,13.097,-132.93,0.52937,0.030676,-5.1287,-0.54041,-25.67,1.1887,0,0,0,NaN,NaN,NaN,NaN,NaN,NaN,NaN,NaN,NaN,45.72,0,1856.8,0.0069644,NaN,NaN,NaN,NaN,NaN,-1,-1,0.403,-0.087137,-5.2734,-0.94811,-25.238,0.98386,NaN,NaN,NaN,NaN,NaN
561.27,1.2359,13.034,-132.93,0.43026,-0.004787,-5.7104,-0.9055,-25.281,1.2336,0,0,0,NaN,NaN,NaN,NaN,NaN,NaN,NaN,NaN,NaN,45.72,0,1856.8,0.0069644,0.73201,2.6085,0.64751,0.082409,7.1578,97177,10.688,0.4067,-0.082666,-5.273,-1.0185,-25.298,0.96912,NaN,NaN,NaN,NaN,NaN
561.27,1.2349,12.972,-132.93,0.39116,-0.25876,-5.0487,-1.0161,-24.923,0.99729,0,0,0,NaN,NaN,NaN,NaN,NaN,NaN,NaN,NaN,NaN,45.72,0,1856.8,0.0069644,NaN,NaN,NaN,NaN,NaN,-1,-1,0.40395,-0.07086,-5.2842,-1.1072,-25.31,0.94645,NaN,NaN,NaN,NaN,NaN
561.27,1.2338,12.907,-132.92,0.33945,-0.12194,-5.2547,-1.0646,-26.179,1.0888,-0.44563,-0.44149,-0.95297,NaN,NaN,NaN,NaN,NaN,NaN,NaN,NaN,NaN,45.72,0,1856.8,0.0069644,NaN,NaN,NaN,NaN,NaN,-1,-1,0.4026,-0.06822,-5.2728,-1.2075,-25.388,0.93159,NaN,NaN,NaN,NaN,NaN
561.27,1.2317,12.844,-132.92,0.39851,-0.64988,-5.8858,-1.4114,-25.427,0.93564,0,0,0,NaN,NaN,NaN,NaN,NaN,NaN,NaN,NaN,NaN,45.72,0,1856.8,0.0069644,NaN,NaN,NaN,NaN,7.3713,97170,10.688,0.40376,-0.069584,-5.2579,-1.2981,-25.441,0.91719,NaN,NaN,NaN,NaN,NaN
561.28,1.2286,12.781,-132.92,0.81771,-0.037247,-5.1828,-1.8132,-25.18,0.79229,0,0,0,NaN,NaN,NaN,NaN,NaN,NaN,NaN,NaN,NaN,45.72,0,1856.8,0.0069644,NaN,NaN,NaN,NaN,NaN,-1,-1,0.405,-0.069114,-5.2671,-1.3946,-25.478,0.88895,NaN,NaN,NaN,NaN,NaN
561.28,1.2263,12.716,-132.92,0.36067,0.57329,-5.355,-1.468,-26.071,0.7402,0,0,0,NaN,NaN,NaN,NaN,NaN,NaN,NaN,NaN,NaN,45.72,0,1856.8,0.0069644,NaN,NaN,NaN,NaN,NaN,-1,-1,0.40714,-0.074386,-5.27,-1.487,-25.554,0.87767,NaN,NaN,NaN,NaN,NaN
561.28,1.2244,12.652,-132.91,0.015788,-0.028537,-5.3423,-1.3667,-25.75,0.93232,-0.44073,-0.43928,-0.95475,NaN,NaN,NaN,NaN,NaN,NaN,NaN,NaN,NaN,45.72,0,1856.8,0.0069644,NaN,NaN,NaN,NaN,7.3146,97149,10.563,0.41091,-0.078344,-5.2538,-1.5651,-25.602,0.86307,NaN,NaN,NaN,NaN,NaN
561.28,1.2218,12.588,-132.91,0.3446,-0.34207,-5.4611,-1.6349,-25.563,0.93896,0,0,0,NaN,NaN,NaN,NaN,NaN,NaN,NaN,NaN,NaN,45.72,0,1856.8,0.0069644,NaN,NaN,NaN,NaN,7.1586,97173,10.688,0.41171,-0.079804,-5.2452,-1.6525,-25.643,0.83481,NaN,NaN,NaN,NaN,NaN
561.29,1.2169,12.461,-132.91,0.36658,0.2179,-5.6285,-1.4019,-25.116,0.84534,0,0,0,NaN,NaN,NaN,NaN,NaN,NaN,NaN,NaN,NaN,45.72,0,1856.8,0.0069644,NaN,NaN,NaN,NaN,NaN,-1,-1,0.41068,-0.07721,-5.2603,-1.7424,-25.676,0.81538,NaN,NaN,NaN,NaN,NaN
561.29,1.2169,12.461,-132.91,0.36658,0.2179,-5.6285,-1.4019,-25.116,0.84534,0,0,0,NaN,NaN,NaN,NaN,NaN,NaN,NaN,NaN,NaN,45.72,0,1856.8,0.0069644,NaN,NaN,NaN,NaN,NaN,-1,-1,0.41231,-0.068082,-5.2499,-1.8353,-25.742,0.79894,NaN,NaN,NaN,NaN,NaN
561.29,1.2136,12.397,-132.91,0.39428,-0.7365,-4.8533,-1.8524,-25.395,0.74502,-0.43772,-0.43501,-0.96335,NaN,NaN,NaN,NaN,NaN,NaN,NaN,NaN,NaN,45.72,0,1856.8,0.0069644,0.73365,2.6127,0.64811,NaN,NaN,-1,-1,0.41252,-0.069466,-5.2426,-1.9247,-25.814,0.78151,NaN,NaN,NaN,NaN,NaN
561.29,1.2095,12.331,-132.91,0.45779,0.029444,-5.3055,-2.1299,-26.764,0.56809,0,0,0,NaN,NaN,NaN,NaN,NaN,NaN,NaN,NaN,NaN,45.72,0,1856.8,0.0069644,NaN,NaN,NaN,0.073252,7.0548,97193,10.813,0.41116,-0.063074,-5.2499,-2.0165,-25.847,0.75311,NaN,NaN,NaN,NaN,NaN
561.3,1.2015,12.202,-132.9,0.74951,-0.31805,-5.374,-2.2537,-25.419,0.3738,0,0,0,NaN,NaN,NaN,NaN,NaN,NaN,NaN,NaN,NaN,45.72,0,1856.8,0.0069644,NaN,NaN,NaN,NaN,NaN,-1,-1,0.4111,-0.055438,-5.2428,-2.1208,-25.922,0.73487,NaN,NaN,NaN,NaN,NaN
561.3,1.197,12.137,-132.9,0.57492,-0.139,-4.7567,-2.2977,-26.083,0.52695,-0.42831,-0.43023,-0.96029,NaN,NaN,NaN,NaN,NaN,NaN,NaN,NaN,NaN,45.72,0,1856.8,0.0069644,NaN,NaN,NaN,NaN,NaN,-1,-1,0.41262,-0.066307,-5.2352,-2.2272,-26.027,0.70644,NaN,NaN,NaN,NaN,NaN
561.3,1.1919,12.069,-132.9,0.16944,0.30578,-5.6281,-2.5246,-27.265,0.43797,0,0,0,NaN,NaN,NaN,NaN,NaN,NaN,NaN,NaN,NaN,45.72,0,1856.8,0.0069644,NaN,NaN,NaN,NaN,7.1046,97194,10.75,0.41258,-0.071788,-5.2277,-2.3448,-26.059,0.67521,NaN,NaN,NaN,NaN,NaN
561.3,1.1876,12.004,-132.9,0.30157,-0.046803,-5.95,-2.2283,-25.782,0.61702,0,0,0,NaN,NaN,NaN,NaN,NaN,NaN,NaN,NaN,NaN,45.72,0,1856.8,0.0069644,NaN,NaN,NaN,NaN,NaN,-1,-1,0.41234,-0.069758,-5.2267,-2.4474,-26.125,0.65318,NaN,NaN,NaN,NaN,NaN
561.31,1.182,11.941,-132.9,0.55377,-0.037605,-5.0082,-2.817,-25.437,0.83096,0,0,0,NaN,NaN,NaN,NaN,NaN,NaN,NaN,NaN,NaN,45.72,0,1856.8,0.0069644,0.73146,2.6163,0.6402,0.091565,7.3161,97162,10.625,0.41297,-0.068263,-5.2201,-2.5479,-26.179,0.62718,NaN,NaN,NaN,NaN,NaN
561.31,1.1767,11.875,-132.9,0.48324,0.13503,-5.5048,-2.6656,-26.553,0.78392,-0.43564,-0.43971,-0.96095,NaN,NaN,NaN,NaN,NaN,NaN,NaN,NaN,NaN,45.72,0,1856.8,0.0069644,NaN,NaN,NaN,NaN,NaN,-1,-1,0.41061,-0.065174,-5.2249,-2.6626,-26.263,0.60388,NaN,NaN,NaN,NaN,NaN
561.31,1.1705,11.81,-132.9,0.46953,-0.084319,-5.3553,-2.9989,-26.232,0.55743,0,0,0,NaN,NaN,NaN,NaN,NaN,NaN,NaN,NaN,NaN,45.72,0,1856.8,0.0069644,NaN,NaN,NaN,NaN,NaN,-1,-1,0.40834,-0.062062,-5.2211,-2.7705,-26.272,0.57935,NaN,NaN,NaN,NaN,NaN
561.31,1.1647,11.744,-132.89,0.53741,-0.079524,-5.0669,-2.819,-26.183,0.63547,0,0,0,NaN,NaN,NaN,NaN,NaN,NaN,NaN,NaN,NaN,45.72,0,1856.8,0.0069644,NaN,NaN,NaN,NaN,7.5795,97205,10.813,0.41058,-0.056094,-5.2145,-2.9201,-26.33,0.56166,NaN,NaN,NaN,NaN,NaN
561.32,1.1575,11.677,-132.89,0.38226,-0.081817,-5.3556,-3.3978,-26.979,0.6263,0,0,0,NaN,NaN,NaN,NaN,NaN,NaN,NaN,NaN,NaN,45.72,0,1856.8,0.0069644,0.72379,2.5984,0.62803,0.10655,NaN,-1,-1,0.40889,-0.055169,-5.2132,-3.0323,-26.433,0.54179,NaN,NaN,NaN,NaN,NaN
561.32,1.1509,11.612,-132.89,0.32985,-0.47329,-5.5929,-3.1462,-26.215,0.38709,-0.4233,-0.43305,-0.96649,NaN,NaN,NaN,NaN,NaN,NaN,NaN,NaN,NaN,45.72,0,1856.8,0.0069644,0.72379,2.5984,0.62803,0.10655,NaN,-1,-1,0.40871,-0.059781,-5.2072,-3.15,-26.433,0.53069,NaN,NaN,NaN,NaN,NaN
561.32,1.1432,11.546,-132.89,0.78035,0.011608,-4.9819,-3.5796,-26.412,0.53703,0,0,0,NaN,NaN,NaN,NaN,NaN,NaN,NaN,NaN,NaN,45.72,0,1856.8,0.0069644,NaN,NaN,NaN,NaN,7.3706,97174,10.688,0.40937,-0.063656,-5.1924,-3.4189,-27.338,0.52402,NaN,NaN,NaN,NaN,NaN
561.32,1.1357,11.478,-132.89,0.466,0.48362,-5.3353,-3.5197,-27.084,0.63925,0,0,0,NaN,NaN,NaN,NaN,NaN,NaN,NaN,NaN,NaN,45.72,0,1856.8,0.0069644,NaN,NaN,NaN,NaN,NaN,-1,-1,0.41063,-0.061111,-5.183,-3.5005,-27.193,0.51479,NaN,NaN,NaN,NaN,NaN
561.33,1.1288,11.412,-132.89,-0.012697,0.016143,-5.6626,-3.242,-26.711,0.48535,0,0,0,NaN,NaN,NaN,NaN,NaN,NaN,NaN,NaN,NaN,45.72,0,1856.8,0.0069644,NaN,NaN,NaN,NaN,7.1574,97179,10.688,0.41135,-0.059872,-5.189,-3.5778,-27.094,0.50094,NaN,NaN,NaN,NaN,NaN
561.33,1.1212,11.347,-132.89,0.30943,-0.30637,-5.2094,-3.5271,-26.09,0.43012,-0.41861,-0.43802,-0.96829,NaN,NaN,NaN,NaN,NaN,NaN,NaN,NaN,NaN,45.72,0,1856.8,0.0069644,NaN,NaN,NaN,NaN,NaN,-1,-1,0.41075,-0.052881,-5.1855,-3.6507,-26.989,0.48616,NaN,NaN,NaN,NaN,NaN
561.33,1.1141,11.279,-132.89,0.55505,0.23613,-5.2117,-3.3035,-27.271,0.54632,0,0,0,NaN,NaN,NaN,NaN,NaN,NaN,NaN,NaN,NaN,45.72,0,1856.8,0.0069644,0.72434,2.6002,0.63716,0.09323,NaN,-1,-1,0.4119,-0.05231,-5.1737,-3.7323,-26.843,0.47795,NaN,NaN,NaN,NaN,NaN
561.33,1.1071,11.213,-132.88,0.38823,0.10674,-5.7305,-3.3329,-26.449,0.57382,0,0,0,NaN,NaN,NaN,NaN,NaN,NaN,NaN,NaN,NaN,45.72,0,1856.8,0.0069644,NaN,NaN,NaN,NaN,7.1572,97180,10.688,0.409,-0.051436,-5.1686,-3.8224,-26.758,0.45651,NaN,NaN,NaN,NaN,NaN
561.34,1.0989,11.148,-132.88,0.37736,-0.63167,-4.9837,-3.75,-26.2,0.34085,0,0,0,NaN,NaN,NaN,NaN,NaN,NaN,NaN,NaN,NaN,45.72,0,1856.8,0.0069644,NaN,NaN,NaN,NaN,NaN,-1,-1,0.40509,-0.043314,-5.1746,-4.0856,-27.527,0.4403,NaN,NaN,NaN,NaN,NaN
561.34,1.0899,11.079,-132.88,0.53906,0.021723,-4.8102,-4.1021,-27.486,0.50426,-0.4233,-0.43305,-0.96649,NaN,NaN,NaN,NaN,NaN,NaN,NaN,NaN,NaN,45.72,0,1856.8,0.0069644,NaN,NaN,NaN,NaN,NaN,-1,-1,0.40754,-0.044571,-5.1635,-4.117,-27.283,0.42892,NaN,NaN,NaN,NaN,NaN
561.34,1.0803,11.01,-132.88,0.42637,-0.000673,-5.7516,-4.2766,-27.913,0.30837,0,0,0,NaN,NaN,NaN,NaN,NaN,NaN,NaN,NaN,NaN,45.72,0,1856.8,0.0069644,NaN,NaN,NaN,NaN,7.2669,97208,10.813,0.40817,-0.050504,-5.1474,-4.1686,-26.998,0.40709,NaN,NaN,NaN,NaN,NaN
561.34,1.0705,10.944,-132.88,0.59075,-0.35285,-5.5183,-4.4256,-26.562,0.43745,0,0,0,NaN,NaN,NaN,NaN,NaN,NaN,NaN,NaN,NaN,45.72,0,1856.8,0.0069644,0.73912,2.4826,0.7114,0.033296,NaN,-1,-1,0.4063,-0.049202,-5.1493,-4.2084,-26.769,0.3881,NaN,NaN,NaN,NaN,NaN
561.35,1.0595,10.877,-132.88,0.64946,0.16351,-4.791,-4.8401,-26.837,0.22718,0,0,0,NaN,NaN,NaN,NaN,NaN,NaN,NaN,NaN,NaN,45.72,0,1856.8,0.0069644,NaN,NaN,NaN,NaN,7.2148,97224,10.875,0.40684,-0.047095,-5.1395,-4.2452,-26.488,0.38123,NaN,NaN,NaN,NaN,NaN
561.35,1.0495,10.807,-132.88,0.32119,0.12266,-5.1747,-4.4736,-28.054,0.51383,-0.41822,-0.43838,-0.97491,-4.4982,-7.1264,-0.96858,8.4828,40.057,-88.55,3.6779e+05,4.4353e+06,295.27,45.72,0,1856.8,0.0069644,NaN,NaN,NaN,NaN,NaN,-1,-1,0.40403,-0.050254,-5.1334,-4.2887,-26.273,0.36998,7.8194,-2.1155,2.5178,17.848,-14.441
561.35,1.0391,10.74,-132.88,0.16589,-0.056077,-5.8379,-4.6141,-27.022,0.26918,0,0,0,NaN,NaN,NaN,NaN,NaN,NaN,NaN,NaN,NaN,45.72,0,1856.8,0.0069644,NaN,NaN,NaN,NaN,NaN,-1,-1,0.40383,-0.045648,-5.1307,-4.3342,-26.07,0.35177,NaN,NaN,NaN,NaN,NaN
561.35,1.0291,10.674,-132.88,0.38823,0.12708,-4.9855,-4.4468,-26.432,0.39001,0,0,0,NaN,NaN,NaN,NaN,NaN,NaN,NaN,NaN,NaN,45.72,0,1856.8,0.0069644,0.73803,2.6049,0.65785,NaN,7.4173,97159,10.563,0.40448,-0.040685,-5.1255,-4.3874,-25.887,0.32471,NaN,NaN,NaN,NaN,NaN
561.36,1.0196,10.605,-132.88,0.62236,0.1704,-5.1814,-4.3001,-27.564,0.41855,0,0,0,NaN,NaN,NaN,NaN,NaN,NaN,NaN,NaN,NaN,45.72,0,1856.8,0.0069644,NaN,NaN,NaN,0.079911,NaN,-1,-1,0.40261,-0.03572,-5.1162,-4.4351,-25.726,0.30924,NaN,NaN,NaN,NaN,NaN
561.36,0.99765,10.472,-132.88,0.48453,-0.089008,-4.8681,-4.9934,-26.333,0.27284,0,0,0,NaN,NaN,NaN,NaN,NaN,NaN,NaN,NaN,NaN,45.72,0,1856.8,0.0069644,NaN,NaN,NaN,0.079911,NaN,-1,-1,0.40034,-0.036878,-5.1125,-4.5021,-25.619,0.28585,NaN,NaN,NaN,NaN,NaN
561.36,0.98555,10.402,-132.87,0.43076,-0.016704,-5.137,-5.3186,-28.219,0.44175,0,0,0,NaN,NaN,NaN,NaN,NaN,NaN,NaN,NaN,NaN,45.72,0,1856.8,0.0069644,NaN,NaN,NaN,NaN,7.365,97159,10.563,0.40131,-0.038858,-5.1035,-4.5616,-25.505,0.27154,NaN,NaN,NaN,NaN,NaN
561.36,0.97378,10.334,-132.87,0.3163,-0.29491,-5.4533,-5.1617,-27.381,0.29473,0,0,0,NaN,NaN,NaN,NaN,NaN,NaN,NaN,NaN,NaN,45.72,0,1856.8,0.0069644,NaN,NaN,NaN,NaN,NaN,-1,-1,0.40203,-0.037237,-5.0915,-4.6278,-25.382,0.26055,NaN,NaN,NaN,NaN,NaN
561.37,0.9486,10.196,-132.87,0.55691,0.52085,-5.1063,-5.3829,-28.538,0.26482,0,0,0,NaN,NaN,NaN,NaN,NaN,NaN,NaN,NaN,NaN,45.72,0,1856.8,0.0069644,NaN,NaN,NaN,NaN,7.1565,97205,10.75,0.39863,-0.036832,-5.0411,-4.6867,-25.301,0.25088,NaN,NaN,NaN,NaN,NaN
561.37,0.93701,10.126,-132.87,-0.020334,0.24179,-5.828,-5.0518,-27.905,0.065374,0,0,0,NaN,NaN,NaN,NaN,NaN,NaN,NaN,NaN,NaN,45.72,0,1856.8,0.0069644,NaN,NaN,NaN,NaN,NaN,-1,-1,0.39818,-0.036651,-5.0415,-4.766,-25.254,0.23437,NaN,NaN,NaN,NaN,NaN
561.37,0.92425,10.06,-132.87,0.20682,-0.535,-4.954,-5.5681,-26.631,0.33329,0,0,0,NaN,NaN,NaN,NaN,NaN,NaN,NaN,NaN,NaN,45.72,0,1856.8,0.0069644,0.73858,2.488,0.71201,0.054107,NaN,-1,-1,0.39906,-0.031827,-5.0326,-4.8142,-25.23,0.22077,NaN,NaN,NaN,NaN,NaN
561.37,0.91183,9.9885,-132.87,0.58184,0.18265,-4.8321,-5.4114,-28.662,0.078954,-0.39882,-0.43182,-0.97982,NaN,NaN,NaN,NaN,NaN,NaN,NaN,NaN,NaN,45.72,NaN,1796.8,0.0080533,NaN,NaN,NaN,NaN,7.2647,97198,10.75,0.39946,-0.029374,-5.0361,-4.897,-25.194,0.20494,NaN,NaN,NaN,NaN,NaN
561.38,0,0,0,0,0,0,0,0,0,0,0,0,NaN,NaN,NaN,NaN,NaN,NaN,NaN,NaN,NaN,45.72,NaN,1796.8,0.0080533,NaN,NaN,NaN,NaN,NaN,-1,-1,0.39609,-0.023531,-5.0416,-4.9682,-25.176,0.19441,NaN,NaN,NaN,NaN,NaN
561.38,0.89962,9.9182,-132.87,0.38794,0.36492,-5.9509,-5.3165,-28.227,0.16358,0,0,0,NaN,NaN,NaN,NaN,NaN,NaN,NaN,NaN,NaN,45.72,NaN,1796.8,0.0080533,NaN,NaN,NaN,NaN,NaN,-1,-1,0.39106,-0.017116,-4.9977,-5.0456,-25.214,0.1888,NaN,NaN,NaN,NaN,NaN
561.38,0.88687,9.852,-132.87,0.29959,-0.59196,-4.9749,-5.5324,-26.62,0.10875,0,0,0,NaN,NaN,NaN,NaN,NaN,NaN,NaN,NaN,NaN,45.72,NaN,1796.8,0.0080533,0.79551,2.5119,0.70714,0.010821,7.1013,97146,10.563,0.39312,-0.022649,-4.9953,-5.1239,-25.271,0.19373,NaN,NaN,NaN,NaN,NaN
561.38,0.87372,9.7816,-132.87,0.53249,-0.25356,-4.3509,-5.714,-28.262,0.27651,0,0,0,NaN,NaN,NaN,NaN,NaN,NaN,NaN,NaN,NaN,45.769,0,1796.8,0.0080533,0.79551,2.5119,0.70714,0.010821,7.0531,97202,10.813,0.39269,-0.022085,-5.0028,-5.1988,-25.29,0.18942,NaN,NaN,NaN,NaN,NaN
561.39,0.86015,9.7087,-132.87,0.39683,0.24838,-5.3989,-5.827,-29.27,-0.039018,-0.38192,-0.43001,-0.98495,NaN,NaN,NaN,NaN,NaN,NaN,NaN,NaN,NaN,45.769,0,1796.8,0.0080533,NaN,NaN,NaN,NaN,NaN,-1,-1,0.39174,-0.021145,-5.0045,-5.2718,-25.345,0.18355,NaN,NaN,NaN,NaN,NaN
561.39,0.84606,9.6403,-132.87,0.47198,-0.3156,-5.9387,-6.0852,-27.494,0.21595,0,0,0,NaN,NaN,NaN,NaN,NaN,NaN,NaN,NaN,NaN,45.769,0,1796.8,0.0080533,NaN,NaN,NaN,NaN,NaN,-1,-1,0.39109,-0.021108,-5.0032,-5.3472,-25.481,0.16932,NaN,NaN,NaN,NaN,NaN
561.39,0,0,0,0,0,0,0,0,0,0,0,0,NaN,NaN,NaN,NaN,NaN,NaN,NaN,NaN,NaN,45.769,0,1796.8,0.0080533,NaN,NaN,NaN,NaN,NaN,-1,-1,0.39168,-0.022638,-5.0069,-5.4264,-25.594,0.16247,NaN,NaN,NaN,NaN,NaN
561.39,0.83154,9.5721,-132.87,0.62513,0.026834,-4.5448,-6.2289,-27.359,0.043144,0,0,0,NaN,NaN,NaN,NaN,NaN,NaN,NaN,NaN,NaN,45.769,0,1796.8,0.0080533,NaN,NaN,NaN,NaN,7.5807,97199,10.813,0.39286,-0.015524,-5.0061,-5.4884,-25.678,0.14571,NaN,NaN,NaN,NaN,NaN
561.4,0.8038,9.4269,-132.87,0.1023,-0.17016,-5.9337,-5.9279,-28.921,0.43654,-0.39144,-0.42485,-0.98137,NaN,NaN,NaN,NaN,NaN,NaN,NaN,NaN,NaN,45.769,0,1796.8,0.0080533,0.74022,2.5005,0.72053,0.031632,NaN,-1,-1,0.39413,-0.010558,-5.0031,-5.5654,-25.826,0.1472,NaN,NaN,NaN,NaN,NaN
561.4,0.78994,9.3592,-132.87,0.37232,0.23167,-5.4085,-6.0202,-27.211,0.36371,0,0,0,NaN,NaN,NaN,NaN,NaN,NaN,NaN,NaN,NaN,45.769,0,1796.8,0.0080533,NaN,NaN,NaN,NaN,NaN,-1,-1,0.39074,-0.0079939,-4.9975,-5.6381,-26.005,0.13905,NaN,NaN,NaN,NaN,NaN
561.4,0.76252,9.2173,-132.87,0.52832,-0.21867,-4.9434,-6.0236,-29.158,0.059874,0,0,0,NaN,NaN,NaN,NaN,NaN,NaN,NaN,NaN,NaN,45.769,0,1796.8,0.0080533,NaN,NaN,NaN,NaN,6.9919,97169,10.625,0.38828,-0.0054001,-4.9911,-5.7078,-26.168,0.13534,NaN,NaN,NaN,NaN,NaN
561.4,0.76768,9.1155,-132.89,0.45121,0.085743,-5.6856,-6.2166,-27.934,0.11826,-0.38656,-0.43246,-0.98759,NaN,NaN,NaN,NaN,NaN,NaN,NaN,NaN,NaN,45.769,0,1796.8,0.0080533,NaN,NaN,NaN,NaN,NaN,-1,-1,0.39209,-0.0025266,-5.0391,-5.8003,-26.325,0.12047,NaN,NaN,NaN,NaN,NaN
561.41,0.73785,8.9718,-132.89,0.35812,-0.25096,-5.0556,-6.4579,-29.58,0.16335,0,0,0,NaN,NaN,NaN,NaN,NaN,NaN,NaN,NaN,NaN,45.769,0,1796.8,0.0080533,NaN,NaN,NaN,NaN,7.2641,97180,10.688,0.39365,-0.0047336,-5.0413,-5.8894,-26.574,0.11632,NaN,NaN,NaN,NaN,NaN
561.41,0.72299,8.9012,-132.89,0.42877,-0.40408,-5.2482,-6.3995,-28.348,0.22214,0,0,0,NaN,NaN,NaN,NaN,NaN,NaN,NaN,NaN,NaN,45.769,0,1796.8,0.0080533,NaN,NaN,NaN,NaN,NaN,-1,-1,0.39332,-0.00365,-5.0505,-5.9795,-26.813,0.11291,NaN,NaN,NaN,NaN,NaN
561.41,0.70745,8.8292,-132.89,0.66213,0.28296,-4.836,-6.6543,-28.825,-0.0031513,-0.3746,-0.42544,-0.98651,NaN,NaN,NaN,NaN,NaN,NaN,NaN,NaN,NaN,45.769,0,1796.8,0.0080533,0.74569,2.4844,0.7114,0.039123,NaN,-1,-1,0.39242,-0.0060637,-5.0422,-6.0574,-27.011,0.10667,NaN,NaN,NaN,NaN,NaN
561.41,0.69271,8.7566,-132.89,0.28754,0.38675,-5.4846,-6.3343,-29.136,0.11178,0,0,0,NaN,NaN,NaN,NaN,NaN,NaN,NaN,NaN,NaN,45.769,0,1796.8,0.0080533,NaN,NaN,NaN,NaN,7.3705,97174,10.688,0.39496,-0.0044252,-5.0483,-6.1344,-27.276,0.094223,NaN,NaN,NaN,NaN,NaN
561.42,0.67828,8.6855,-132.88,-0.031073,-0.16301,-4.8671,-6.1929,-28.548,0.00068755,0,0,0,NaN,NaN,NaN,NaN,NaN,NaN,NaN,NaN,NaN,45.769,0,1796.8,0.0080533,NaN,NaN,NaN,NaN,NaN,-1,-1,0.39475,-0.0020752,-5.0508,-6.2232,-27.553,0.090263,NaN,NaN,NaN,NaN,NaN
561.42,0.66309,8.6136,-132.88,0.44555,-0.20864,-5.1857,-6.5227,-28.885,0.1508,0,0,0,NaN,NaN,NaN,NaN,NaN,NaN,NaN,NaN,NaN,45.769,0,1796.8,0.0080533,0.7331,2.6008,0.65237,NaN,NaN,-1,-1,0.39573,-0.0026848,-5.04,-6.3124,-27.875,0.091551,NaN,NaN,NaN,NaN,NaN
561.42,0.64771,8.5407,-132.88,0.47293,0.3095,-5.1913,-6.5935,-29.29,0.13969,-0.37215,-0.43541,-0.99294,NaN,NaN,NaN,NaN,NaN,NaN,NaN,NaN,NaN,45.769,0,1796.8,0.0080533,0.7331,2.6008,0.65237,NaN,7.4713,97169,10.625,0.39395,0.0019184,-5.0545,-6.3957,-28.147,0.08334,NaN,NaN,NaN,NaN,NaN
561.42,0.63315,8.4696,-132.88,0.3402,-0.036018,-5.4992,-6.2737,-28.536,0.1716,0,0,0,NaN,NaN,NaN,NaN,NaN,NaN,NaN,NaN,NaN,45.769,0,1796.8,0.0080533,NaN,NaN,NaN,0.084906,NaN,-1,-1,0.39557,-0.0036391,-5.0525,-6.4898,-28.506,0.078589,NaN,NaN,NaN,NaN,NaN
561.43,0.61679,8.3994,-132.88,0.34367,-0.51948,-4.336,-7.0044,-28.174,0.21188,0,0,0,NaN,NaN,NaN,NaN,NaN,NaN,NaN,NaN,NaN,45.769,0,1796.8,0.0080533,NaN,NaN,NaN,NaN,7.3664,97152,10.563,0.39649,-0.001388,-5.054,-6.5681,-28.897,0.069916,NaN,NaN,NaN,NaN,NaN
561.43,0.60153,8.3249,-132.88,0.4412,0.16767,-4.6792,-6.5773,-29.932,0.35031,0,0,0,NaN,NaN,NaN,NaN,NaN,NaN,NaN,NaN,NaN,45.769,0,1796.8,0.0080533,NaN,NaN,NaN,NaN,NaN,-1,-1,0.39634,-0.0040193,-5.0587,-6.6572,-29.233,0.069014,NaN,NaN,NaN,NaN,NaN
561.43,0.58602,8.2516,-132.88,0.40603,0.02677,-5.9556,-6.657,-29.334,-0.016215,-0.37415,-0.42341,-0.99312,NaN,NaN,NaN,NaN,NaN,NaN,NaN,NaN,NaN,45.769,0,1796.8,0.0080533,NaN,NaN,NaN,NaN,NaN,-1,-1,0.39615,-0.0031975,-5.0598,-6.7429,-29.639,0.057901,NaN,NaN,NaN,NaN,NaN
561.43,0.56978,8.1812,-132.88,0.5095,-0.2542,-5.127,-6.9175,-28.282,-0.030309,0,0,0,NaN,NaN,NaN,NaN,NaN,NaN,NaN,NaN,NaN,45.769,0,1796.8,0.0080533,NaN,NaN,NaN,NaN,7.4721,97165,10.625,0.39708,-0.0039266,-5.0615,-6.6384,-29.006,0.04552,NaN,NaN,NaN,NaN,NaN
561.44,0.55358,8.1093,-132.88,0.47958,0.27737,-4.5174,-6.875,-28.85,-0.2529,0,0,0,NaN,NaN,NaN,NaN,NaN,NaN,NaN,NaN,NaN,45.769,0,1796.8,0.0080533,0.72763,2.6109,0.62925,0.10988,NaN,-1,-1,0.39737,-0.0026677,-5.0614,-6.6887,-29.263,0.04162,NaN,NaN,NaN,NaN,NaN
561.44,0.53799,8.0339,-132.88,0.34985,-0.080236,-5.0659,-6.6417,-30.3,-0.15115,0,0,0,NaN,NaN,NaN,NaN,NaN,NaN,NaN,NaN,NaN,45.769,0,1796.8,0.0080533,NaN,NaN,NaN,NaN,NaN,-1,-1,0.39636,0.0009919,-5.0679,-6.7385,-29.455,0.028967,NaN,NaN,NaN,NaN,NaN
561.44,0.52175,7.9612,-132.88,0.1947,-0.23933,-5.7122,-6.8988,-29.164,-0.19005,-0.36944,-0.41856,-0.99048,NaN,NaN,NaN,NaN,NaN,NaN,NaN,NaN,NaN,45.769,0,1796.8,0.0080533,NaN,NaN,NaN,NaN,7.2643,97200,10.75,0.39622,0.0063792,-5.0624,-6.7961,-29.673,0.01136,NaN,NaN,NaN,NaN,NaN
561.44,0.50672,7.8907,-132.88,0.44749,0.37338,-5.3002,-6.4696,-28.332,0.19715,0,0,0,NaN,NaN,NaN,NaN,NaN,NaN,NaN,NaN,NaN,45.769,0,1796.8,0.0080533,NaN,NaN,NaN,NaN,NaN,-1,-1,0.39669,0.0065809,-5.0615,-6.8455,-29.959,-0.01151,NaN,NaN,NaN,NaN,NaN
561.45,0.49254,7.8195,-132.88,0.5453,-0.040951,-4.6643,-6.1159,-28.569,0.074083,0,0,0,NaN,NaN,NaN,NaN,NaN,NaN,NaN,NaN,NaN,45.769,0,1796.8,0.0080533,NaN,NaN,NaN,NaN,7.3693,97181,10.688,0.39561,0.0068172,-5.0684,-6.9093,-30.212,-0.025033,NaN,NaN,NaN,NaN,NaN
561.45,0.47659,7.746,-132.88,0.44001,-0.29943,-5.0361,-6.8375,-29.525,0.18793,0,0,0,NaN,NaN,NaN,NaN,NaN,NaN,NaN,NaN,NaN,45.769,0,1796.8,0.0080533,0.72763,2.6014,0.63716,0.085738,NaN,-1,-1,0.39802,0.0066912,-5.0653,-6.753,-29.401,-0.037519,NaN,NaN,NaN,NaN,NaN
561.45,0.46106,7.6724,-132.88,0.45277,0.34368,-5.194,-6.6475,-29.454,-0.17641,-0.35254,-0.42166,-0.99783,NaN,NaN,NaN,NaN,NaN,NaN,NaN,NaN,NaN,45.769,0,1796.8,0.0080533,0.72763,2.6014,0.63716,0.085738,NaN,-1,-1,0.40005,0.0021678,-5.061,-6.7555,-29.408,-0.049594,NaN,NaN,NaN,NaN,NaN
561.45,0.44488,7.5986,-132.88,0.3786,0.09675,-5.1643,-6.8941,-29.639,-0.09597,0,0,0,NaN,NaN,NaN,NaN,NaN,NaN,NaN,NaN,NaN,45.769,0,1796.8,0.0080533,NaN,NaN,NaN,NaN,7.319,97212,10.813,0.40119,0.0016824,-5.0653,-6.765,-29.457,-0.041819,NaN,NaN,NaN,NaN,NaN
561.46,0.42807,7.5255,-132.88,0.31068,-0.31831,-4.9618,-7.1417,-29.35,-0.10628,0,0,0,NaN,NaN,NaN,NaN,NaN,NaN,NaN,NaN,NaN,45.769,0,1796.8,0.0080533,NaN,NaN,NaN,NaN,NaN,-1,-1,0.4028,0.0036382,-5.0702,-6.7822,-29.474,-0.031053,NaN,NaN,NaN,NaN,NaN
561.46,0.3946,7.3771,-132.88,0.58429,0.40641,-5.0449,-6.9244,-30.335,0.018965,-0.36391,-0.42677,-1.0077,NaN,NaN,NaN,NaN,NaN,NaN,NaN,NaN,NaN,45.769,0,1796.8,0.0080533,NaN,NaN,NaN,NaN,NaN,-1,-1,0.40451,-4.7573e-05,-5.0623,-6.7802,-29.565,-0.024612,NaN,NaN,NaN,NaN,NaN
561.46,0.3791,7.3038,-132.88,0.24264,0.19558,-5.6975,-6.6366,-29.445,0.011001,0,0,0,NaN,NaN,NaN,NaN,NaN,NaN,NaN,NaN,NaN,45.769,0,1796.8,0.0080533,NaN,NaN,NaN,NaN,7.2107,97159,10.625,0.40254,0.0054712,-5.057,-6.7896,-29.55,-0.030233,NaN,NaN,NaN,NaN,NaN
561.46,0.3635,7.2309,-132.88,0.09168,-0.26249,-4.5605,-6.6467,-29.269,-0.2501,0,0,0,NaN,NaN,NaN,NaN,NaN,NaN,NaN,NaN,NaN,45.769,0,1796.8,0.0080533,0.73529,2.485,0.71019,0.026637,NaN,-1,-1,0.40137,0.009518,-5.0677,-6.8087,-29.649,-0.035775,NaN,NaN,NaN,NaN,NaN
561.47,0.34775,7.1554,-132.87,0.43207,-0.072291,-5.1219,-6.7329,-30.313,-0.055405,0,0,0,NaN,NaN,NaN,NaN,NaN,NaN,NaN,NaN,NaN,45.769,0,1796.8,0.0080533,NaN,NaN,NaN,NaN,7.3693,97180,10.688,0.40135,0.0053681,-5.0681,-6.8211,-29.712,-0.03272,NaN,NaN,NaN,NaN,NaN
561.47,0.33293,7.0804,-132.87,0.45814,0.30967,-5.6756,-6.415,-30.01,0.22093,-0.3498,-0.41715,-1.002,NaN,NaN,NaN,NaN,NaN,NaN,NaN,NaN,NaN,45.769,0,1796.8,0.0080533,NaN,NaN,NaN,NaN,NaN,-1,-1,0.40249,0.0016537,-5.0631,-6.8247,-29.732,-0.036807,NaN,NaN,NaN,NaN,NaN
561.47,0.31752,7.0088,-132.87,0.39286,-0.039298,-5.1524,-6.5868,-28.743,-0.13533,0,0,0,NaN,NaN,NaN,NaN,NaN,NaN,NaN,NaN,NaN,45.769,0,1796.8,0.0080533,NaN,NaN,NaN,NaN,NaN,-1,-1,0.40146,0.0026412,-5.0633,-6.8314,-29.757,-0.038578,NaN,NaN,NaN,NaN,NaN
561.47,0.30139,6.935,-132.87,0.40105,-0.38369,-4.3442,-6.8796,-29.659,-0.11047,0,0,0,NaN,NaN,NaN,NaN,NaN,NaN,NaN,NaN,NaN,45.769,0,1796.8,0.0080533,NaN,NaN,NaN,NaN,7.264,97202,10.75,0.40154,-5.1768e-05,-5.0686,-6.8283,-29.847,-0.03421,NaN,NaN,NaN,NaN,NaN
561.48,0.28524,6.8578,-132.87,0.36466,0.10533,-4.9798,-6.9112,-30.968,0.069156,0,0,0,NaN,NaN,NaN,NaN,NaN,NaN,NaN,NaN,NaN,45.769,0,1796.8,0.0080533,0.73639,2.6097,0.63594,0.089068,NaN,-1,-1,0.40289,-0.0022822,-5.068,-6.8312,-29.921,-0.026128,NaN,NaN,NaN,NaN,NaN
561.48,0.26931,6.7824,-132.87,0.45395,0.053435,-5.8942,-6.8101,-30.284,-0.029278,-0.34457,-0.41279,-1.0082,NaN,NaN,NaN,NaN,NaN,NaN,NaN,NaN,NaN,45.769,0,1796.8,0.0080533,NaN,NaN,NaN,NaN,NaN,-1,-1,0.40549,-0.00026004,-5.0669,-6.8393,-29.942,-0.018921,NaN,NaN,NaN,NaN,NaN
561.48,0.25307,6.7093,-132.87,0.5384,-0.1958,-5.052,-6.9237,-29.338,-0.12049,0,0,0,NaN,NaN,NaN,NaN,NaN,NaN,NaN,NaN,NaN,45.769,0,1796.8,0.0080533,NaN,NaN,NaN,NaN,7.1559,97186,10.688,0.40526,0.0040546,-5.0646,-6.8264,-29.961,-0.0077349,NaN,NaN,NaN,NaN,NaN
561.48,0.23632,6.6345,-132.87,0.4829,0.20745,-4.589,-7.1298,-30.061,-0.090699,0,0,0,NaN,NaN,NaN,NaN,NaN,NaN,NaN,NaN,NaN,45.769,0,1796.8,0.0080533,NaN,NaN,NaN,NaN,NaN,-1,-1,0.40408,0.0061626,-5.0667,-6.8566,-30.001,-0.0081187,NaN,NaN,NaN,NaN,NaN
561.49,0.21959,6.5583,-132.87,0.34498,-0.14078,-5.1039,-7.1317,-30.573,-0.030825,0,0,0,NaN,NaN,NaN,NaN,NaN,NaN,NaN,NaN,NaN,45.769,0,1796.8,0.0080533,NaN,NaN,NaN,NaN,7.319,97169,10.688,0.40322,0.0050916,-5.0664,-6.8556,-30.065,0.0050913,NaN,NaN,NaN,NaN,NaN
561.49,0.20377,6.4819,-132.87,0.25689,-0.12018,-5.6811,-6.7864,-30.591,-0.099294,-0.34243,-0.42,-1.008,NaN,NaN,NaN,NaN,NaN,NaN,NaN,NaN,NaN,45.769,0,1796.8,0.0080533,0.72872,2.488,0.70958,NaN,NaN,-1,-1,0.40609,-0.00035902,-5.0642,-6.8468,-30.148,0.0089916,NaN,NaN,NaN,NaN,NaN
561.49,0.18795,6.4087,-132.87,0.46481,0.30934,-5.3977,-6.746,-29.386,-0.22769,0,0,0,NaN,NaN,NaN,NaN,NaN,NaN,NaN,NaN,NaN,45.769,0,1796.8,0.0080533,NaN,NaN,NaN,0.045783,NaN,-1,-1,0.40632,0.00099381,-5.0643,-6.8549,-30.207,0.0066042,NaN,NaN,NaN,NaN,NaN
561.49,0.17192,6.3347,-132.87,0.49608,-0.05194,-4.5402,-6.8526,-29.723,-0.0373,0,0,0,NaN,NaN,NaN,NaN,NaN,NaN,NaN,NaN,NaN,45.73,0,1736.9,0.0069644,NaN,NaN,NaN,NaN,6.828,97198,10.75,0.40605,-0.001424,-5.0664,-6.8574,-30.204,0.0035904,NaN,NaN,NaN,NaN,NaN
561.5,0.15638,6.2581,-132.87,0.49088,-0.25579,-5.2191,-6.6976,-30.725,0.33902,0,0,0,NaN,NaN,NaN,NaN,NaN,NaN,NaN,NaN,NaN,45.73,0,1736.9,0.0069644,NaN,NaN,NaN,NaN,NaN,-1,-1,0.40791,-0.0071951,-5.0584,-6.8402,-30.304,0.0075945,NaN,NaN,NaN,NaN,NaN
561.5,0.14008,6.1831,-132.86,0.47092,0.30618,-5.4481,-6.9947,-30.148,0.25691,-0.33015,-0.41573,-1.0136,NaN,NaN,NaN,NaN,NaN,NaN,NaN,NaN,NaN,45.73,0,1736.9,0.0069644,NaN,NaN,NaN,NaN,NaN,-1,-1,0.40845,-0.0010575,-5.0637,-6.8261,-30.389,0.0026026,NaN,NaN,NaN,NaN,NaN
561.5,0.12428,6.1094,-132.86,0.49916,0.060301,-5.061,-6.8,-29.596,0.29456,0,0,0,NaN,NaN,NaN,NaN,NaN,NaN,NaN,NaN,NaN,45.73,0,1736.9,0.0069644,NaN,NaN,NaN,NaN,7.2612,97194,10.688,0.40627,-0.00039351,-5.0679,-6.8113,-30.372,0.0082369,NaN,NaN,NaN,NaN,NaN
561.5,0.10901,6.0324,-132.86,0.27853,-0.064087,-5.0394,-6.564,-30.904,0.094996,0,0,0,NaN,NaN,NaN,NaN,NaN,NaN,NaN,NaN,NaN,45.73,0,1736.9,0.0069644,0.73255,2.6014,0.63716,0.09656,NaN,-1,-1,0.40817,-0.0060693,-5.0611,-6.7755,-30.393,0.0085543,NaN,NaN,NaN,NaN,NaN
561.51,0.074858,5.8802,-132.86,0.69031,0.17218,-4.7714,-7.3424,-30.715,0.1355,-0.32531,-0.41101,-1.0131,NaN,NaN,NaN,NaN,NaN,NaN,NaN,NaN,NaN,45.73,0,1736.9,0.0069644,NaN,NaN,NaN,NaN,7.4231,97172,10.688,0.40702,-0.0010497,-5.0617,-6.7606,-30.491,0.014722,NaN,NaN,NaN,NaN,NaN
561.51,0.058995,5.803,-132.86,0.35079,0.33618,-5.5941,-6.7908,-31.015,-0.019194,0,0,0,NaN,NaN,NaN,NaN,NaN,NaN,NaN,NaN,NaN,45.73,0,1736.9,0.0069644,NaN,NaN,NaN,NaN,NaN,-1,-1,0.40502,0.00053402,-5.062,-6.7429,-30.516,0.011839,NaN,NaN,NaN,NaN,NaN
561.51,0.043859,5.7277,-132.86,-0.025648,-0.063138,-5.2663,-6.4895,-30.249,-0.12582,0,0,0,NaN,NaN,NaN,NaN,NaN,NaN,NaN,NaN,NaN,45.73,0,1736.9,0.0069644,NaN,NaN,NaN,NaN,NaN,-1,-1,0.40755,-0.003582,-5.0506,-6.732,-30.551,0.010184,NaN,NaN,NaN,NaN,NaN
561.51,0.027609,5.6535,-132.86,0.49491,-0.39556,-4.6489,-6.9164,-29.776,-0.31473,0,0,0,NaN,NaN,NaN,NaN,NaN,NaN,NaN,NaN,NaN,45.73,0,1736.9,0.0069644,0.72763,2.6085,0.63168,0.085738,7.4765,97207,10.813,0.40466,-0.0035041,-5.0516,-6.7221,-30.63,0.0027941,NaN,NaN,NaN,NaN,NaN
561.52,0.012111,5.5745,-132.86,0.59046,0.28958,-5.2514,-6.6565,-31.74,0.090012,-0.32768,-0.42079,-1.0178,NaN,NaN,NaN,NaN,NaN,NaN,NaN,NaN,NaN,45.73,0,1736.9,0.0069644,0.72763,2.6085,0.63168,0.085738,NaN,-1,-1,0.40341,-0.0044336,-5.0565,-6.7058,-30.7,0.0095448,NaN,NaN,NaN,NaN,NaN
561.52,-0.002954,5.4995,-132.85,0.29897,0.24719,-5.7778,-6.4924,-30.084,0.18627,0,0,0,NaN,NaN,NaN,NaN,NaN,NaN,NaN,NaN,NaN,45.73,0,1736.9,0.0069644,NaN,NaN,NaN,NaN,NaN,-1,-1,0.40288,-0.0080558,-5.0494,-6.6734,-30.695,0.01356,NaN,NaN,NaN,NaN,NaN
561.52,-0.018121,5.4252,-132.85,0.34381,-0.52032,-4.5531,-6.5202,-29.852,0.048587,0,0,0,NaN,NaN,NaN,NaN,NaN,NaN,NaN,NaN,NaN,45.73,0,1736.9,0.0069644,NaN,NaN,NaN,NaN,7.5729,97153,10.563,0.40192,-0.0077083,-5.0479,-6.6425,-30.73,0.029094,NaN,NaN,NaN,NaN,NaN
561.52,-0.034484,5.3465,-132.85,0.48647,-0.061748,-4.1685,-7.0003,-31.604,0.066692,0,0,0,NaN,NaN,NaN,NaN,NaN,NaN,NaN,NaN,NaN,45.73,0,1736.9,0.0069644,NaN,NaN,NaN,NaN,NaN,-1,-1,0.4028,-0.0055151,-5.0476,-6.6116,-30.831,0.03834,NaN,NaN,NaN,NaN,NaN
561.53,-0.049635,5.2664,-132.85,0.46909,0.32342,-6.1178,-6.542,-32.069,0.13992,-0.31821,-0.41362,-1.0147,NaN,NaN,NaN,NaN,NaN,NaN,NaN,NaN,NaN,45.73,0,1736.9,0.0069644,NaN,NaN,NaN,NaN,7.4222,97198,10.75,0.40301,-0.0017997,-5.0411,-6.5608,-30.858,0.050662,NaN,NaN,NaN,NaN,NaN
561.53,-0.064919,5.1928,-132.85,0.3758,-0.13878,-5.7765,-6.5486,-29.553,-0.15097,0,0,0,NaN,NaN,NaN,NaN,NaN,NaN,NaN,NaN,NaN,45.73,0,1736.9,0.0069644,0.72434,2.5972,0.63351,0.099889,NaN,-1,-1,0.39907,-0.0040263,-5.0381,-6.5215,-30.833,0.043443,NaN,NaN,NaN,NaN,NaN
561.53,-0.080255,5.1179,-132.85,0.56951,0.024862,-4.2128,-6.5715,-30.077,-0.1327,0,0,0,NaN,NaN,NaN,NaN,NaN,NaN,NaN,NaN,NaN,45.73,0,1736.9,0.0069644,NaN,NaN,NaN,NaN,NaN,-1,-1,0.39924,-0.010783,-5.0345,-6.4992,-30.882,0.043671,NaN,NaN,NaN,NaN,NaN
561.53,-0.095119,5.0376,-132.85,0.37894,0.013684,-4.6947,-6.3847,-32.217,-0.1166,0,0,0,NaN,NaN,NaN,NaN,NaN,NaN,NaN,NaN,NaN,45.73,0,1736.9,0.0069644,NaN,NaN,NaN,NaN,7.3157,97186,10.688,0.40224,-0.011485,-5.0314,-6.4824,-30.989,0.044616,NaN,NaN,NaN,NaN,NaN
561.54,-0.11045,4.9585,-132.85,0.28909,-0.21976,-6.233,-6.5651,-31.751,-0.20569,-0.3173,-0.41446,-1.0302,NaN,NaN,NaN,NaN,NaN,NaN,NaN,NaN,NaN,45.73,0,1736.9,0.0069644,NaN,NaN,NaN,NaN,NaN,-1,-1,0.40402,-0.0096214,-5.0285,-6.4622,-31.039,0.033582,NaN,NaN,NaN,NaN,NaN
561.54,-0.13874,4.8084,-132.84,0.56473,0.13223,-4.2991,-5.8694,-30.667,0.22764,0,0,0,NaN,NaN,NaN,NaN,NaN,NaN,NaN,NaN,NaN,45.73,0,1736.9,0.0069644,NaN,NaN,NaN,NaN,NaN,-1,-1,0.40349,-0.011237,-5.0224,-6.4408,-31.051,0.021292,NaN,NaN,NaN,NaN,NaN
561.54,-0.15319,4.7293,-132.84,0.50767,-0.1828,-5.1177,-6.237,-31.732,0.056608,0,0,0,NaN,NaN,NaN,NaN,NaN,NaN,NaN,NaN,NaN,45.73,0,1736.9,0.0069644,NaN,NaN,NaN,NaN,7.0492,97178,10.688,0.40235,-0.016596,-5.0141,-6.4196,-31.11,0.020336,NaN,NaN,NaN,NaN,NaN
561.54,-0.16812,4.6525,-132.84,0.35247,-0.044089,-5.7891,-6.4464,-30.719,0.01885,-0.30804,-0.41938,-1.0293,NaN,NaN,NaN,NaN,NaN,NaN,NaN,NaN,NaN,45.73,0,1736.9,0.0069644,0.72544,2.5996,0.63838,0.09656,NaN,-1,-1,0.40179,-0.00873,-5.0144,-6.3977,-31.134,0.024181,NaN,NaN,NaN,NaN,NaN
561.55,-0.18227,4.5774,-132.84,0.60061,0.28712,-4.5236,-6.1257,-30.175,0.21876,0,0,0,NaN,NaN,NaN,NaN,NaN,NaN,NaN,NaN,NaN,45.73,0,1736.9,0.0069644,NaN,NaN,NaN,NaN,7.32,97207,10.813,0.401,-0.0106,-5.0105,-6.3531,-31.204,0.035446,NaN,NaN,NaN,NaN,NaN
561.55,-0.19659,4.4965,-132.84,0.42613,-0.13924,-5.1816,-6.1756,-32.491,0.011688,0,0,0,NaN,NaN,NaN,NaN,NaN,NaN,NaN,NaN,NaN,45.73,0,1736.9,0.0069644,NaN,NaN,NaN,NaN,NaN,-1,-1,0.39855,-0.011305,-5.004,-6.315,-31.209,0.029471,NaN,NaN,NaN,NaN,NaN
561.55,-0.21166,4.419,-132.84,0.15022,-0.23165,-5.29,-6.4686,-31.087,-0.15682,0,0,0,NaN,NaN,NaN,NaN,NaN,NaN,NaN,NaN,NaN,45.73,0,1736.9,0.0069644,NaN,NaN,NaN,NaN,NaN,-1,-1,0.39642,-0.0091679,-5.0066,-6.2909,-31.202,0.030772,NaN,NaN,NaN,NaN,NaN
561.55,-0.22711,4.3434,-132.84,0.59839,-0.019246,-4.8679,-6.6271,-30.354,0.019996,-0.31453,-0.40013,-1.0299,NaN,NaN,NaN,NaN,NaN,NaN,NaN,NaN,NaN,45.73,0,1736.9,0.0069644,0.73803,2.6085,0.65298,NaN,7.422,97178,10.688,0.39608,-0.010665,-5.0021,-6.2628,-31.278,0.049723,NaN,NaN,NaN,NaN,NaN
561.56,-0.24137,4.2626,-132.83,0.54788,0.26099,-4.8251,-6.1619,-32.475,0.10239,0,0,0,NaN,NaN,NaN,NaN,NaN,NaN,NaN,NaN,NaN,45.73,0,1736.9,0.0069644,NaN,NaN,NaN,0.050777,NaN,-1,-1,0.39796,-0.011318,-4.9934,-6.2288,-31.361,0.060402,NaN,NaN,NaN,NaN,NaN
561.56,-0.25585,4.184,-132.83,0.04843,0.20024,-5.9432,-6.2541,-31.537,0.20065,0,0,0,NaN,NaN,NaN,NaN,NaN,NaN,NaN,NaN,NaN,45.73,0,1736.9,0.0069644,NaN,NaN,NaN,NaN,NaN,-1,-1,0.3965,-0.010031,-4.9895,-6.2078,-31.326,0.074303,NaN,NaN,NaN,NaN,NaN
561.56,-0.27022,4.1094,-132.83,0.16463,-0.26674,-4.9361,-6.212,-29.951,0.2124,0,0,0,NaN,NaN,NaN,NaN,NaN,NaN,NaN,NaN,NaN,45.73,0,1736.9,0.0069644,NaN,NaN,NaN,NaN,7.4684,97162,10.563,0.39368,-0.013484,-4.9824,-6.3279,-32.336,0.10075,NaN,NaN,NaN,NaN,NaN
561.56,-0.28398,4.0296,-132.83,0.65502,-0.058163,-4.5591,-6.0108,-31.927,0.15802,-0.29589,-0.41008,-1.0304,NaN,NaN,NaN,NaN,NaN,NaN,NaN,NaN,NaN,45.73,0,1736.9,0.0069644,NaN,NaN,NaN,NaN,NaN,-1,-1,0.39264,-0.011744,-4.979,-6.2838,-32.193,0.11108,NaN,NaN,NaN,NaN,NaN
561.57,-0.29766,3.9501,-132.82,0.4172,0.23072,-5.9093,-5.9342,-31.91,0.20621,0,0,0,NaN,NaN,NaN,NaN,NaN,NaN,NaN,NaN,NaN,45.73,0,1736.9,0.0069644,NaN,NaN,NaN,NaN,7.3166,97203,10.75,0.3903,-0.014137,-4.9777,-6.2238,-32.02,0.1209,NaN,NaN,NaN,NaN,NaN
561.57,-0.31175,3.8749,-132.82,0.29825,-0.19703,-5.1731,-6.1107,-30.208,0.40348,0,0,0,NaN,NaN,NaN,NaN,NaN,NaN,NaN,NaN,NaN,45.73,0,1736.9,0.0069644,0.73091,2.6044,0.63351,0.11071,NaN,-1,-1,0.38884,-0.016826,-4.9689,-6.1538,-31.775,0.12987,NaN,NaN,NaN,NaN,NaN
561.57,-0.32578,3.7969,-132.82,0.4158,-0.2586,-4.2182,-6.0703,-31.336,0.14376,0,0,0,NaN,NaN,NaN,NaN,NaN,NaN,NaN,NaN,NaN,45.73,0,1736.9,0.0069644,NaN,NaN,NaN,NaN,NaN,-1,-1,0.38831,-0.010538,-4.9583,-6.1042,-31.615,0.12232,NaN,NaN,NaN,NaN,NaN
561.57,-0.34017,3.715,-132.82,0.42113,0.29226,-4.9408,-6.2165,-32.86,0.24929,-0.29596,-0.41248,-1.0305,NaN,NaN,NaN,NaN,NaN,NaN,NaN,NaN,NaN,45.73,0,1736.9,0.0069644,NaN,NaN,NaN,NaN,7.2646,97177,10.688,0.38354,-0.0088307,-4.9585,-6.1883,-32.466,0.15221,NaN,NaN,NaN,NaN,NaN
561.58,-0.35439,3.6365,-132.82,0.46521,0.074796,-6.0872,-6.1096,-31.532,-0.4182,0,0,0,NaN,NaN,NaN,NaN,NaN,NaN,NaN,NaN,NaN,45.73,0,1736.9,0.0069644,NaN,NaN,NaN,NaN,NaN,-1,-1,0.3822,-0.019161,-4.9516,-6.0752,-32.117,0.16248,NaN,NaN,NaN,NaN,NaN
561.58,-0.36863,3.5606,-132.82,0.43764,-0.14418,-4.8352,-6.1306,-30.459,-0.14811,0,0,0,NaN,NaN,NaN,NaN,NaN,NaN,NaN,NaN,NaN,45.73,0,1736.9,0.0069644,NaN,NaN,NaN,NaN,NaN,-1,-1,0.38609,-0.021217,-4.9372,-5.9689,-31.708,0.18126,NaN,NaN,NaN,NaN,NaN
561.58,-0.38338,3.48,-132.81,0.46361,0.031744,-4.3646,-6.3485,-32.361,0.026471,0,0,0,NaN,NaN,NaN,NaN,NaN,NaN,NaN,NaN,NaN,45.73,0,1736.9,0.0069644,NaN,NaN,NaN,NaN,7.3713,97192,10.75,0.38565,-0.01563,-4.9333,-5.8823,-31.433,0.20068,NaN,NaN,NaN,NaN,NaN
561.58,-0.39741,3.3981,-132.81,0.30218,-0.12076,-5.3712,-6.0998,-32.76,0.28465,-0.29274,-0.40102,-1.039,-4.3254,-6.914,-1.4543,8.2842,40.057,-88.55,3.6779e+05,4.4353e+06,295.84,45.73,0,1736.9,0.0069644,0.7342,2.602,0.63047,0.098224,NaN,-1,-1,0.38258,-0.020291,-4.9286,-5.8011,-31.137,0.22105,7.7717,-2.1459,1.9035,13.762,-15.013
561.59,-0.4108,3.3201,-132.81,0.29234,-0.011054,-5.8742,-5.805,-31.347,0.083766,0,0,0,NaN,NaN,NaN,NaN,NaN,NaN,NaN,NaN,NaN,45.73,0,1736.9,0.0069644,NaN,NaN,NaN,NaN,7.4712,97191,10.688,0.3789,-0.022084,-4.8724,-5.7083,-30.801,0.22842,NaN,NaN,NaN,NaN,NaN
561.59,-0.4236,3.2432,-132.81,0.49855,0.030317,-4.904,-5.5794,-30.869,0.25611,0,0,0,NaN,NaN,NaN,NaN,NaN,NaN,NaN,NaN,NaN,45.73,0,1736.9,0.0069644,NaN,NaN,NaN,NaN,NaN,-1,-1,0.37903,-0.018726,-4.8723,-5.6279,-30.508,0.23889,NaN,NaN,NaN,NaN,NaN
561.59,-0.43604,3.1638,-132.8,0.44805,0.049213,-4.4464,-5.4521,-31.883,0.59301,0,0,0,NaN,NaN,NaN,NaN,NaN,NaN,NaN,NaN,NaN,45.73,0,1736.9,0.0069644,NaN,NaN,NaN,NaN,NaN,-1,-1,0.37594,-0.020983,-4.8734,-5.5479,-30.302,0.24847,NaN,NaN,NaN,NaN,NaN
561.59,-0.44855,3.084,-132.8,0.45952,-0.20718,-5.317,-5.4813,-32.065,0.63146,-0.29496,-0.40111,-1.0415,NaN,NaN,NaN,NaN,NaN,NaN,NaN,NaN,NaN,45.73,0,1736.9,0.0069644,0.72544,2.602,0.63777,0.094062,7.161,97204,10.813,0.37356,-0.020413,-4.8639,-5.4665,-30.083,0.26585,NaN,NaN,NaN,NaN,NaN
561.6,-0.47442,2.9275,-132.79,0.52005,0.080422,-4.6859,-5.6282,-31.263,0.37695,0,0,0,NaN,NaN,NaN,NaN,NaN,NaN,NaN,NaN,NaN,45.73,0,1736.9,0.0069644,NaN,NaN,NaN,NaN,NaN,-1,-1,0.36813,-0.016534,-4.8146,-5.3587,-29.882,0.28114,NaN,NaN,NaN,NaN,NaN
561.6,-0.48741,2.8456,-132.79,0.26768,-0.11362,-5.3966,-5.6573,-32.89,0.31811,0,0,0,NaN,NaN,NaN,NaN,NaN,NaN,NaN,NaN,NaN,45.73,0,1736.9,0.0069644,NaN,NaN,NaN,NaN,NaN,-1,-1,0.36483,-0.01906,-4.8233,-5.2749,-29.724,0.2972,NaN,NaN,NaN,NaN,NaN
561.6,-0.50129,2.7665,-132.79,0.32513,-0.19681,-4.7544,-6.0106,-31.648,0.0074485,-0.2814,-0.41064,-1.0358,NaN,NaN,NaN,NaN,NaN,NaN,NaN,NaN,NaN,45.73,0,1736.9,0.0069644,NaN,NaN,NaN,NaN,7.4212,97182,10.688,0.36462,-0.020146,-4.8303,-5.2018,-29.537,0.31278,NaN,NaN,NaN,NaN,NaN
561.6,-0.51459,2.6859,-132.79,0.55175,0.052484,-4.8647,-5.7805,-32.365,0.35415,0,0,0,NaN,NaN,NaN,NaN,NaN,NaN,NaN,NaN,NaN,45.71,0,1682.6,0.0075089,NaN,NaN,NaN,NaN,NaN,-1,-1,0.36528,-0.017072,-4.8203,-5.1141,-29.371,0.33851,NaN,NaN,NaN,NaN,NaN
561.61,-0.527,2.6036,-132.78,0.38856,0.18936,-5.1563,-5.4191,-33.055,0.32401,0,0,0,NaN,NaN,NaN,NaN,NaN,NaN,NaN,NaN,NaN,45.71,0,1682.6,0.0075089,NaN,NaN,NaN,NaN,7.4753,97170,10.688,0.36317,-0.018571,-4.8279,-5.0386,-29.326,0.35227,NaN,NaN,NaN,NaN,NaN
561.61,-0.53912,2.5249,-132.78,0.078019,0.069358,-5.7416,-5.2932,-31.59,0.21371,0,0,0,NaN,NaN,NaN,NaN,NaN,NaN,NaN,NaN,NaN,45.71,0,1682.6,0.0075089,0.73912,2.6175,0.6402,0.084906,NaN,-1,-1,0.3605,-0.018846,-4.8269,-4.9877,-29.204,0.34793,NaN,NaN,NaN,NaN,NaN
561.61,-0.55233,2.4489,-132.78,0.24237,-0.29315,-4.4092,-5.7421,-30.546,0.46874,-0.27354,-0.39673,-1.0417,NaN,NaN,NaN,NaN,NaN,NaN,NaN,NaN,NaN,45.71,0,1682.6,0.0075089,NaN,NaN,NaN,NaN,NaN,-1,-1,0.35902,-0.019271,-4.8207,-4.9369,-29.163,0.35036,NaN,NaN,NaN,NaN,NaN
561.61,-0.56402,2.3657,-132.78,0.58173,0.13377,-4.6451,-5.137,-33.384,0.52821,0,0,0,NaN,NaN,NaN,NaN,NaN,NaN,NaN,NaN,NaN,45.71,0,1682.6,0.0075089,NaN,NaN,NaN,NaN,7.4717,97167,10.625,0.35512,-0.017156,-4.8232,-4.8645,-29.134,0.36019,NaN,NaN,NaN,NaN,NaN
561.62,0,0,0,0,0,0,0,0,0,0,0,0,NaN,NaN,NaN,NaN,NaN,NaN,NaN,NaN,NaN,45.71,0,1682.6,0.0075089,NaN,NaN,NaN,NaN,NaN,-1,-1,0.35566,-0.016271,-4.8147,-4.8202,-29.133,0.37461,NaN,NaN,NaN,NaN,NaN
561.62,-0.58716,2.2076,-132.77,0.23425,-0.43775,-4.9427,-5.1166,-30.901,0.55359,0,0,0,NaN,NaN,NaN,NaN,NaN,NaN,NaN,NaN,NaN,45.71,0,1682.6,0.0075089,NaN,NaN,NaN,NaN,NaN,-1,-1,0.35193,-0.022572,-4.8122,-4.7709,-29.104,0.38388,NaN,NaN,NaN,NaN,NaN
561.62,-0.59867,2.1268,-132.77,0.47758,-0.006102,-3.7348,-5.0808,-32.335,0.48289,-0.2643,-0.40656,-1.0431,NaN,NaN,NaN,NaN,NaN,NaN,NaN,NaN,NaN,45.71,0,1682.6,0.0075089,0.72817,2.497,0.71627,NaN,7.629,97191,10.75,0.35249,-0.026056,-4.8028,-4.7131,-29.095,0.39436,NaN,NaN,NaN,NaN,NaN
561.62,-0.61015,2.0414,-132.76,0.43535,0.29871,-5.3677,-5.0399,-34.27,0.4217,0,0,0,NaN,NaN,NaN,NaN,NaN,NaN,NaN,NaN,NaN,45.71,0,1682.6,0.0075089,NaN,NaN,NaN,0.023308,NaN,-1,-1,0.35267,-0.018343,-4.7991,-4.6666,-29.157,0.40277,NaN,NaN,NaN,NaN,NaN
561.63,-0.62104,1.9629,-132.76,0.21017,-0.059432,-6.1297,-4.8163,-31.563,0.73614,0,0,0,NaN,NaN,NaN,NaN,NaN,NaN,NaN,NaN,NaN,45.71,0,1682.6,0.0075089,NaN,NaN,NaN,NaN,7.629,97191,10.75,0.35102,-0.023207,-4.7938,-4.622,-29.144,0.42471,NaN,NaN,NaN,NaN,NaN
561.63,0,0,0,0,0,0,0,0,0,0,0,0,NaN,NaN,NaN,NaN,NaN,NaN,NaN,NaN,NaN,45.71,0,1682.6,0.0075089,NaN,NaN,NaN,NaN,NaN,-1,-1,0.35328,-0.026697,-4.842,-4.5808,-29.213,0.43093,NaN,NaN,NaN,NaN,NaN
561.63,-0.63297,1.8854,-132.76,0.49831,-0.24278,-4.2996,-5.2259,-31.115,0.7127,0,0,0,NaN,NaN,NaN,NaN,NaN,NaN,NaN,NaN,NaN,45.71,0,1682.6,0.0075089,NaN,NaN,NaN,NaN,NaN,-1,-1,0.35124,-0.028012,-4.8344,-4.542,-29.348,0.44892,NaN,NaN,NaN,NaN,NaN
561.63,-0.65678,1.7191,-132.75,0.18448,0.034281,-5.9252,-5.1167,-33.063,0.38468,0,0,0,NaN,NaN,NaN,NaN,NaN,NaN,NaN,NaN,NaN,45.71,0,1682.6,0.0075089,0.73255,2.6097,0.63533,0.10155,7.4754,97191,10.75,0.35043,-0.022588,-4.8303,-4.4987,-29.468,0.44793,NaN,NaN,NaN,NaN,NaN
561.64,-0.66851,1.641,-132.75,0.35958,-0.22553,-5.2106,-5.1356,-31.358,0.39574,0,0,0,NaN,NaN,NaN,NaN,NaN,NaN,NaN,NaN,NaN,45.71,0,1682.6,0.0075089,NaN,NaN,NaN,NaN,NaN,-1,-1,0.34848,-0.022664,-4.8371,-4.4552,-29.567,0.44549,NaN,NaN,NaN,NaN,NaN
561.64,-0.66376,1.4472,-132.77,0.30895,0.062074,-4.7816,-4.6096,-33.283,0.46856,-0.25692,-0.4045,-1.0469,NaN,NaN,NaN,NaN,NaN,NaN,NaN,NaN,NaN,45.71,0,1682.6,0.0075089,NaN,NaN,NaN,NaN,NaN,-1,-1,0.34619,-0.022833,-4.8384,-4.4366,-29.715,0.44189,NaN,NaN,NaN,NaN,NaN
561.64,-0.67517,1.3659,-132.77,0.45249,-0.14008,-5.3689,-5.0068,-32.672,0.5878,0,0,0,NaN,NaN,NaN,NaN,NaN,NaN,NaN,NaN,NaN,45.71,0,1682.6,0.0075089,NaN,NaN,NaN,NaN,7.4757,97211,10.813,0.34403,-0.015612,-4.8254,-4.4306,-29.947,0.44481,NaN,NaN,NaN,NaN,NaN
561.64,-0.68592,1.2855,-132.76,0.43605,0.22447,-4.9842,-4.7358,-32.295,0.50185,0,0,0,NaN,NaN,NaN,NaN,NaN,NaN,NaN,NaN,NaN,45.71,0,1682.6,0.0075089,NaN,NaN,NaN,NaN,NaN,-1,-1,0.3468,-0.019478,-4.8674,-4.4124,-30.177,0.44758,NaN,NaN,NaN,NaN,NaN
561.65,-0.69625,1.2046,-132.76,0.47819,0.22554,-4.6647,-4.568,-32.471,0.52311,0,0,0,NaN,NaN,NaN,NaN,NaN,NaN,NaN,NaN,NaN,45.71,0,1682.6,0.0075089,NaN,NaN,NaN,NaN,7.5221,97173,10.625,0.34094,-0.017876,-4.8783,-4.3883,-30.339,0.45485,NaN,NaN,NaN,NaN,NaN
561.65,-0.70727,1.1214,-132.76,0.23434,-0.21835,-5.1286,-4.8493,-33.313,0.12347,-0.2472,-0.40738,-1.0527,NaN,NaN,NaN,NaN,NaN,NaN,NaN,NaN,NaN,45.71,0,1682.6,0.0075089,0.72817,2.6026,0.63229,0.0899,NaN,-1,-1,0.34194,-0.017541,-4.8786,-4.3848,-30.577,0.46527,NaN,NaN,NaN,NaN,NaN
561.65,-0.71871,1.0407,-132.75,0.23934,0.018564,-4.6486,-5.0099,-32.42,0.58304,0,0,0,NaN,NaN,NaN,NaN,NaN,NaN,NaN,NaN,NaN,45.71,0,1682.6,0.0075089,NaN,NaN,NaN,NaN,NaN,-1,-1,0.3438,-0.021757,-4.873,-4.3734,-30.893,0.47539,NaN,NaN,NaN,NaN,NaN
561.65,-0.72934,0.95894,-132.75,0.47439,0.15807,-4.8604,-4.6824,-32.827,0.41001,0,0,0,NaN,NaN,NaN,NaN,NaN,NaN,NaN,NaN,NaN,45.71,0,1682.6,0.0075089,NaN,NaN,NaN,NaN,7.5275,97188,10.75,0.34182,-0.018346,-4.8792,-4.37,-31.159,0.48018,NaN,NaN,NaN,NaN,NaN
561.66,-0.73986,0.8756,-132.75,0.38913,0.024103,-4.9817,-4.6316,-33.467,0.35638,0,0,0,NaN,NaN,NaN,NaN,NaN,NaN,NaN,NaN,NaN,45.71,0,1682.6,0.0075089,NaN,NaN,NaN,NaN,NaN,-1,-1,0.33762,-0.018251,-4.8802,-4.3742,-31.463,0.48531,NaN,NaN,NaN,NaN,NaN
561.66,-0.75082,0.79349,-132.74,0.12434,0.091259,-5.5427,-4.8279,-32.856,0.21549,-0.24263,-0.40733,-1.0501,NaN,NaN,NaN,NaN,NaN,NaN,NaN,NaN,NaN,45.71,0,1682.6,0.0075089,0.72763,2.4862,0.71627,0.040788,7.3752,97194,10.813,0.33764,-0.014098,-4.8842,-4.4022,-31.8,0.47424,NaN,NaN,NaN,NaN,NaN
561.66,-0.76118,0.71349,-132.74,0.13574,-0.202,-4.2163,-4.5668,-32.128,0.32406,0,0,0,NaN,NaN,NaN,NaN,NaN,NaN,NaN,NaN,NaN,45.71,0,1682.6,0.0075089,NaN,NaN,NaN,NaN,NaN,-1,-1,0.33629,-0.0090929,-4.8825,-4.4325,-32.194,0.48117,NaN,NaN,NaN,NaN,NaN
561.66,-0.77053,0.62919,-132.74,0.5329,-0.13285,-4.8669,-4.1665,-33.852,0.65844,0,0,0,NaN,NaN,NaN,NaN,NaN,NaN,NaN,NaN,NaN,45.71,0,1682.6,0.0075089,NaN,NaN,NaN,NaN,7.1023,97163,10.625,0.33223,-0.013363,-4.8855,-4.4421,-32.61,0.47735,NaN,NaN,NaN,NaN,NaN
561.67,-0.79044,0.46878,-132.73,0.32377,-0.13259,-4.8806,-4.4128,-31.116,0.62154,-0.23969,-0.40054,-1.0564,NaN,NaN,NaN,NaN,NaN,NaN,NaN,NaN,NaN,45.71,0,1682.6,0.0075089,NaN,NaN,NaN,NaN,NaN,-1,-1,0.33076,-0.016036,-4.8816,-4.457,-32.99,0.47301,NaN,NaN,NaN,NaN,NaN
561.67,-0.80123,0.38558,-132.73,0.37977,-0.23298,-3.7802,-4.7359,-33.412,0.47384,0,0,0,NaN,NaN,NaN,NaN,NaN,NaN,NaN,NaN,NaN,45.71,0,1682.6,0.0075089,NaN,NaN,NaN,NaN,7.4823,97221,10.938,0.33341,-0.014981,-4.8888,-4.5068,-33.356,0.4829,NaN,NaN,NaN,NaN,NaN
561.67,-0.82017,0.21879,-132.72,0.31625,0.06687,-5.7767,-4.0655,-32.404,0.42004,0,0,0,NaN,NaN,NaN,NaN,NaN,NaN,NaN,NaN,NaN,45.71,0,1682.6,0.0075089,NaN,NaN,NaN,NaN,NaN,-1,-1,0.33369,-0.013691,-4.8901,-4.5517,-33.852,0.48836,NaN,NaN,NaN,NaN,NaN
561.67,-0.82965,0.13881,-132.72,0.39225,-0.39232,-4.452,-4.221,-32.015,0.5933,-0.22362,-0.39549,-1.0461,NaN,NaN,NaN,NaN,NaN,NaN,NaN,NaN,NaN,45.71,0,1682.6,0.0075089,NaN,NaN,NaN,NaN,7.7808,97185,10.75,0.3324,-0.017776,-4.8884,-4.4091,-33.116,0.46587,NaN,NaN,NaN,NaN,NaN
561.68,-0.85032,-0.029913,-132.71,0.177,0.26934,-5.4605,-4.3454,-33.962,0.51263,0,0,0,NaN,NaN,NaN,NaN,NaN,NaN,NaN,NaN,NaN,45.71,0,1682.6,0.0075089,NaN,NaN,NaN,NaN,NaN,-1,-1,0.33253,-0.015286,-4.8871,-4.4278,-33.292,0.46881,NaN,NaN,NaN,NaN,NaN
561.68,-0.85921,-0.11109,-132.71,0.35007,-0.25306,-5.2984,-3.9598,-32.605,0.63289,0,0,0,NaN,NaN,NaN,NaN,NaN,NaN,NaN,NaN,NaN,45.71,0,1682.6,0.0075089,0.73365,2.6193,0.65177,NaN,7.4753,97213,10.813,0.33316,-0.012916,-4.8985,-4.4363,-33.546,0.4581,NaN,NaN,NaN,NaN,NaN
561.68,-0.87821,-0.2758,-132.7,0.33542,0.17394,-4.8071,-4.1088,-33.72,0.45258,0,0,0,NaN,NaN,NaN,NaN,NaN,NaN,NaN,NaN,NaN,45.71,0,1682.6,0.0075089,NaN,NaN,NaN,0.069923,NaN,-1,-1,0.33262,-0.016636,-4.9004,-4.4577,-33.872,0.44874,NaN,NaN,NaN,NaN,NaN
561.68,-0.88733,-0.35771,-132.69,0.38861,-0.030947,-5.0264,-4.0461,-32.902,0.68703,0,0,0,NaN,NaN,NaN,NaN,NaN,NaN,NaN,NaN,NaN,45.71,0,1682.6,0.0075089,NaN,NaN,NaN,NaN,7.3696,97200,10.75,0.33187,-0.013581,-4.8935,-4.4651,-34.105,0.45075,NaN,NaN,NaN,NaN,NaN
561.69,-0.91461,-0.60625,-132.68,0.25959,-0.01435,-4.9018,-4.244,-33.194,0.44261,0,0,0,NaN,NaN,NaN,NaN,NaN,NaN,NaN,NaN,NaN,45.71,0,1682.6,0.0075089,NaN,NaN,NaN,NaN,NaN,-1,-1,0.32956,-0.010565,-4.8965,-4.2962,-33.161,0.43093,NaN,NaN,NaN,NaN,NaN
561.69,-0.92479,-0.68866,-132.68,0.17242,0.040506,-5.1434,-4.4652,-33.094,0.2285,0,0,0,NaN,NaN,NaN,NaN,NaN,NaN,NaN,NaN,NaN,45.71,0,1682.6,0.0075089,NaN,NaN,NaN,NaN,NaN,-1,-1,0.3287,-0.014701,-4.9056,-4.2915,-33.143,0.43235,NaN,NaN,NaN,NaN,NaN
561.69,-0.93569,-0.77122,-132.68,0.39517,-0.015693,-4.4365,-4.7479,-33.158,0.3695,0,0,0,NaN,NaN,NaN,NaN,NaN,NaN,NaN,NaN,NaN,45.71,0,1682.6,0.0075089,0.74077,2.491,0.70836,0.033296,7.5221,97173,10.625,0.32836,-0.010235,-4.9089,-4.2901,-33.183,0.42265,NaN,NaN,NaN,NaN,NaN
561.69,-0.94603,-0.85655,-132.67,0.44372,0.055317,-5.0477,-4.525,-34.267,0.47882,-0.21801,-0.39149,-1.0589,NaN,NaN,NaN,NaN,NaN,NaN,NaN,NaN,NaN,45.71,0,1682.6,0.0075089,NaN,NaN,NaN,NaN,7.8781,97193,10.75,0.33016,-0.0047424,-4.9004,-4.2942,-33.16,0.41,NaN,NaN,NaN,NaN,NaN
561.7,-0.95546,-0.9388,-132.67,0.13225,0.19551,-5.744,-4.1511,-33.035,0.50013,0,0,0,NaN,NaN,NaN,NaN,NaN,NaN,NaN,NaN,NaN,45.71,0,1682.6,0.0075089,NaN,NaN,NaN,NaN,NaN,-1,-1,0.32832,-0.009432,-4.9025,-4.2898,-33.219,0.40087,NaN,NaN,NaN,NaN,NaN
561.7,-0.96554,-1.0192,-132.67,0.27324,-0.005039,-4.2079,-4.4203,-32.31,0.23921,0,0,0,NaN,NaN,NaN,NaN,NaN,NaN,NaN,NaN,NaN,45.71,0,1682.6,0.0075089,NaN,NaN,NaN,NaN,NaN,-1,-1,0.32492,-0.0076683,-4.9074,-4.3107,-33.222,0.39332,NaN,NaN,NaN,NaN,NaN
561.7,-0.976,-1.1047,-132.66,0.3959,-0.27357,-4.772,-4.5684,-34.31,0.17189,0,0,0,NaN,NaN,NaN,NaN,NaN,NaN,NaN,NaN,NaN,45.71,0,1682.6,0.0075089,NaN,NaN,NaN,NaN,NaN,-1,-1,0.32465,-0.0053868,-4.9109,-4.3168,-33.225,0.37341,NaN,NaN,NaN,NaN,NaN
561.7,-0.98488,-1.1891,-132.66,0.30576,0.16189,-5.6541,-3.9469,-33.772,0.38222,-0.20373,-0.39923,-1.0643,NaN,NaN,NaN,NaN,NaN,NaN,NaN,NaN,NaN,45.72,0.024486,1604,0.0069644,NaN,NaN,NaN,NaN,7.776,97167,10.625,0.32481,-0.009121,-4.9116,-4.3291,-33.264,0.36233,NaN,NaN,NaN,NaN,NaN
561.71,-0.99471,-1.2691,-132.66,0.45603,0.077476,-5.2962,-4.3067,-32.166,0.47452,0,0,0,NaN,NaN,NaN,NaN,NaN,NaN,NaN,NaN,NaN,45.72,0.024486,1604,0.0069644,0.72544,2.6014,0.63412,0.10988,NaN,-1,-1,0.32439,-0.0074972,-4.9183,-4.3377,-33.288,0.33773,NaN,NaN,NaN,NaN,NaN
561.71,-1.0047,-1.3521,-132.65,0.41461,-0.3093,-3.986,-4.3888,-33.307,0.40365,0,0,0,NaN,NaN,NaN,NaN,NaN,NaN,NaN,NaN,NaN,45.72,0.024486,1604,0.0069644,NaN,NaN,NaN,NaN,NaN,-1,-1,0.32474,-0.005728,-4.9178,-4.3711,-33.283,0.32882,NaN,NaN,NaN,NaN,NaN
561.71,-1.0148,-1.4382,-132.65,0.20034,0.2171,-4.9693,-4.409,-34.591,0.30556,0,0,0,NaN,NaN,NaN,NaN,NaN,NaN,NaN,NaN,NaN,45.72,0.024486,1604,0.0069644,NaN,NaN,NaN,NaN,7.5254,97156,10.625,0.32212,-0.0073216,-4.9283,-4.3941,-33.319,0.31231,NaN,NaN,NaN,NaN,NaN
561.71,-1.0247,-1.5207,-132.65,0.29589,0.18344,-5.8073,-4.3136,-33.124,0.40984,-0.20339,-0.39217,-1.0665,NaN,NaN,NaN,NaN,NaN,NaN,NaN,NaN,NaN,45.72,0.024486,1604,0.0069644,NaN,NaN,NaN,NaN,7.8817,97217,10.875,0.32351,-0.0083543,-4.924,-4.4146,-33.371,0.29343,NaN,NaN,NaN,NaN,NaN
561.72,-1.0345,-1.602,-132.64,0.3795,-0.16285,-4.934,-4.2963,-32.656,0.13035,0,0,0,NaN,NaN,NaN,NaN,NaN,NaN,NaN,NaN,NaN,45.72,0.024486,1604,0.0069644,NaN,NaN,NaN,NaN,NaN,-1,-1,0.32662,-0.0075785,-4.9258,-4.442,-33.385,0.25893,NaN,NaN,NaN,NaN,NaN
561.72,-1.0457,-1.685,-132.64,0.29634,-0.14899,-4.5751,-4.8433,-33.342,0.36515,0,0,0,NaN,NaN,NaN,NaN,NaN,NaN,NaN,NaN,NaN,45.72,0.024486,1604,0.0069644,NaN,NaN,NaN,NaN,NaN,-1,-1,0.32475,-0.0040473,-4.9273,-4.4696,-33.364,0.23452,NaN,NaN,NaN,NaN,NaN
561.72,-1.0569,-1.7689,-132.64,0.27575,0.20319,-5.0278,-4.8611,-33.674,0.20695,0,0,0,NaN,NaN,NaN,NaN,NaN,NaN,NaN,NaN,NaN,45.72,0.024486,1604,0.0069644,NaN,NaN,NaN,NaN,NaN,-1,-1,0.32321,-0.0080181,-4.9323,-4.489,-33.444,0.22196,NaN,NaN,NaN,NaN,NaN
561.72,-1.0674,-1.8525,-132.63,0.35398,0.003646,-5.4708,-4.5841,-33.46,-0.057468,-0.19217,-0.39675,-1.0588,NaN,NaN,NaN,NaN,NaN,NaN,NaN,NaN,NaN,45.72,0.024486,1604,0.0069644,NaN,NaN,NaN,NaN,7.7788,97174,10.688,0.32508,-0.009046,-4.9337,-4.5229,-33.401,0.20583,NaN,NaN,NaN,NaN,NaN
561.73,-1.0774,-1.9344,-132.63,0.38967,-0.31425,-5.0745,-4.3779,-32.917,0.064057,0,0,0,NaN,NaN,NaN,NaN,NaN,NaN,NaN,NaN,NaN,45.72,0.024486,1604,0.0069644,NaN,NaN,NaN,NaN,NaN,-1,-1,0.32307,-0.005371,-4.9438,-4.5804,-33.421,0.1866,NaN,NaN,NaN,NaN,NaN
561.73,-1.0877,-2.0176,-132.63,0.4419,0.054272,-4.6093,-4.4531,-33.395,0.29158,0,0,0,NaN,NaN,NaN,NaN,NaN,NaN,NaN,NaN,NaN,45.72,0.024486,1604,0.0069644,NaN,NaN,NaN,NaN,NaN,-1,-1,0.32321,-0.0052939,-4.9498,-4.6189,-33.431,0.15769,NaN,NaN,NaN,NaN,NaN
561.73,-1.0975,-2.1015,-132.62,0.32684,0.1514,-4.8829,-4.31,-33.701,5.7296e-05,0,0,0,NaN,NaN,NaN,NaN,NaN,NaN,NaN,NaN,NaN,45.72,0.024486,1604,0.0069644,0.73693,2.6067,0.63168,0.091565,7.5769,97176,10.688,0.32473,-0.0045117,-4.9471,-4.6627,-33.42,0.14401,NaN,NaN,NaN,NaN,NaN
561.73,-1.1085,-2.1834,-132.62,0.50825,-0.027239,-5.2751,-4.7439,-32.908,0.31215,-0.19367,-0.39505,-1.0723,NaN,NaN,NaN,NaN,NaN,NaN,NaN,NaN,NaN,45.72,0.024486,1604,0.0069644,NaN,NaN,NaN,NaN,NaN,-1,-1,0.32433,-0.0070648,-4.9465,-4.7105,-33.466,0.11635,NaN,NaN,NaN,NaN,NaN
561.74,-1.1294,-2.3481,-132.61,0.34176,0.38594,-5.0597,-4.4919,-33.056,0.1944,0,0,0,NaN,NaN,NaN,NaN,NaN,NaN,NaN,NaN,NaN,45.72,0.024486,1604,0.0069644,NaN,NaN,NaN,NaN,7.9703,97180,10.625,0.32222,-0.0058402,-4.9552,-4.7452,-33.454,0.10204,NaN,NaN,NaN,NaN,NaN
561.74,-1.1406,-2.4316,-132.61,0.34485,-0.19791,-4.9125,-4.853,-33.529,0.16719,0,0,0,NaN,NaN,NaN,NaN,NaN,NaN,NaN,NaN,NaN,45.72,0.024486,1604,0.0069644,NaN,NaN,NaN,NaN,NaN,-1,-1,0.32264,-0.0018641,-4.9595,-4.7744,-33.48,0.092854,NaN,NaN,NaN,NaN,NaN
561.74,-1.1521,-2.5159,-132.61,0.19475,-0.033144,-5.0042,-4.9536,-33.742,0.020741,-0.18662,-0.39024,-1.0694,NaN,NaN,NaN,NaN,NaN,NaN,NaN,NaN,NaN,45.72,0.024486,1604,0.0069644,NaN,NaN,NaN,NaN,NaN,-1,-1,0.32449,-0.0023759,-4.9588,-4.8,-33.496,0.089153,NaN,NaN,NaN,NaN,NaN
561.74,-1.1636,-2.5993,-132.61,0.30961,0.099449,-5.4374,-4.9434,-33.496,0.017991,0,0,0,NaN,NaN,NaN,NaN,NaN,NaN,NaN,NaN,NaN,45.72,0.024486,1604,0.0069644,0.7446,2.6085,0.65177,NaN,7.9251,97204,10.75,0.32402,-0.004248,-4.9594,-4.8301,-33.507,0.079168,NaN,NaN,NaN,NaN,NaN
561.75,-1.1751,-2.6829,-132.6,0.4454,-0.039755,-4.7553,-4.973,-33.581,-0.01461,0,0,0,NaN,NaN,NaN,NaN,NaN,NaN,NaN,NaN,NaN,45.72,0.024486,1604,0.0069644,NaN,NaN,NaN,0.063263,NaN,-1,-1,0.32406,-0.00030693,-4.9635,-4.8773,-33.501,0.061565,NaN,NaN,NaN,NaN,NaN
561.75,-1.1869,-2.7668,-132.6,0.27389,0.1333,-5.3582,-5.0662,-33.703,0.017475,0,0,0,NaN,NaN,NaN,NaN,NaN,NaN,NaN,NaN,NaN,45.72,0.024486,1604,0.0069644,NaN,NaN,NaN,NaN,NaN,-1,-1,0.32262,0.0015468,-4.9687,-4.9399,-33.521,0.045503,NaN,NaN,NaN,NaN,NaN
561.75,-1.1985,-2.8491,-132.6,0.14857,0.095577,-5.0789,-4.9785,-33.055,-0.075917,-0.18367,-0.38345,-1.0758,NaN,NaN,NaN,NaN,NaN,NaN,NaN,NaN,NaN,45.72,0.024486,1604,0.0069644,NaN,NaN,NaN,NaN,8.1191,97200,10.75,0.32052,-0.0023199,-4.9646,-4.9988,-33.565,0.032312,NaN,NaN,NaN,NaN,NaN
561.75,-1.2095,-2.9342,-132.59,0.44494,-0.37855,-5.0695,-4.7553,-34.165,-0.04492,0,0,0,NaN,NaN,NaN,NaN,NaN,NaN,NaN,NaN,NaN,45.72,0.024486,1604,0.0069644,NaN,NaN,NaN,NaN,NaN,-1,-1,0.31982,-0.004059,-4.9691,-5.044,-33.577,0.013318,NaN,NaN,NaN,NaN,NaN
561.76,-1.2214,-3.0184,-132.59,0.39268,0.20256,-5.527,-5.0862,-33.811,0.24139,0,0,0,NaN,NaN,NaN,NaN,NaN,NaN,NaN,NaN,NaN,45.72,0.024486,1604,0.0069644,0.72872,2.6044,0.63716,0.10239,7.9268,97195,10.75,0.32192,-0.0047888,-4.9735,-5.1099,-33.537,-0.0027482,NaN,NaN,NaN,NaN,NaN
561.76,-1.2326,-3.1,-132.59,0.34045,0.13586,-4.8043,-4.857,-32.779,0.0037815,0,0,0,NaN,NaN,NaN,NaN,NaN,NaN,NaN,NaN,NaN,45.72,0.024486,1604,0.0069644,NaN,NaN,NaN,NaN,NaN,-1,-1,0.31928,-0.0071977,-4.9718,-5.1698,-33.579,-0.024273,NaN,NaN,NaN,NaN,NaN
561.76,-1.2453,-3.185,-132.59,0.35348,-0.21211,-4.7474,-5.4124,-34.025,-0.057811,-0.17683,-0.39073,-1.0752,NaN,NaN,NaN,NaN,NaN,NaN,NaN,NaN,NaN,45.72,0.024486,1604,0.0069644,NaN,NaN,NaN,NaN,NaN,-1,-1,0.31803,-0.010918,-4.9705,-5.1995,-33.609,-0.042862,NaN,NaN,NaN,NaN,NaN
561.76,-1.2571,-3.27,-132.58,0.18251,0.16777,-5.2253,-5.0683,-34.135,-0.1394,0,0,0,NaN,NaN,NaN,NaN,NaN,NaN,NaN,NaN,NaN,45.72,0.024486,1604,0.0069644,NaN,NaN,NaN,NaN,7.8263,97185,10.688,0.32099,-0.0095348,-4.9789,-5.2413,-33.584,-0.051412,NaN,NaN,NaN,NaN,NaN
561.77,-1.2693,-3.3528,-132.58,0.32969,0.11938,-5.6265,-5.2455,-33.239,-0.12737,0,0,0,NaN,NaN,NaN,NaN,NaN,NaN,NaN,NaN,NaN,45.72,0.024486,1604,0.0069644,NaN,NaN,NaN,NaN,NaN,-1,-1,0.32192,-0.0047012,-4.9817,-5.2825,-33.568,-0.061888,NaN,NaN,NaN,NaN,NaN
561.77,-1.2821,-3.436,-132.58,0.32096,-0.19861,-4.9753,-5.4629,-33.404,-0.17555,0,0,0,NaN,NaN,NaN,NaN,NaN,NaN,NaN,NaN,NaN,45.72,0.024486,1604,0.0069644,NaN,NaN,NaN,NaN,NaN,-1,-1,0.32017,-0.0083512,-4.9774,-5.3418,-33.61,-0.077989,NaN,NaN,NaN,NaN,NaN
561.77,-1.2955,-3.5206,-132.57,0.22992,-0.052812,-4.9033,-5.7057,-33.999,0.09196,-0.17918,-0.3907,-1.0754,NaN,NaN,NaN,NaN,NaN,NaN,NaN,NaN,NaN,45.72,0.024486,1604,0.0069644,0.73036,2.5978,0.62925,0.099057,8.4921,97186,10.688,0.31973,-0.012976,-4.9777,-5.3854,-33.645,-0.085266,NaN,NaN,NaN,NaN,NaN
561.77,-1.3089,-3.6061,-132.57,0.36855,0.28052,-5.2264,-5.6954,-34.323,-0.15848,0,0,0,NaN,NaN,NaN,NaN,NaN,NaN,NaN,NaN,NaN,45.72,0.024486,1604,0.0069644,NaN,NaN,NaN,NaN,NaN,-1,-1,0.32225,-0.0086012,-4.9831,-5.4323,-33.623,-0.1109,NaN,NaN,NaN,NaN,NaN
561.78,-1.3224,-3.6884,-132.57,0.3571,-0.1202,-5.2404,-5.7231,-33.041,-0.21641,0,0,0,NaN,NaN,NaN,NaN,NaN,NaN,NaN,NaN,NaN,45.72,0.024486,1604,0.0069644,NaN,NaN,NaN,NaN,7.7238,97157,10.563,0.3191,-0.009717,-4.995,-5.5066,-33.621,-0.12069,NaN,NaN,NaN,NaN,NaN
561.78,-1.3357,-3.7725,-132.57,0.36701,-0.21077,-4.9596,-5.677,-33.777,-0.14146,0,0,0,NaN,NaN,NaN,NaN,NaN,NaN,NaN,NaN,NaN,45.72,0.024486,1604,0.0069644,NaN,NaN,NaN,NaN,NaN,-1,-1,0.31749,-0.0090028,-4.9872,-5.5811,-33.654,-0.13785,NaN,NaN,NaN,NaN,NaN
561.78,-1.3485,-3.8578,-132.56,0.38611,-0.061808,-5.0438,-5.4638,-34.12,-0.20294,-0.1671,-0.3887,-1.0788,NaN,NaN,NaN,NaN,NaN,NaN,NaN,NaN,NaN,45.72,0.024486,1604,0.0069644,NaN,NaN,NaN,NaN,NaN,-1,-1,0.31891,-0.00907,-4.9823,-5.8163,-34.667,-0.18073,NaN,NaN,NaN,NaN,NaN
561.78,-1.3613,-3.9408,-132.56,0.32145,0.029147,-5.1085,-5.4571,-33.346,0.028877,0,0,0,NaN,NaN,NaN,NaN,NaN,NaN,NaN,NaN,NaN,45.72,0.024486,1604,0.0069644,0.73091,2.4838,0.71506,0.029134,7.7255,97170,10.625,0.31707,-0.01391,-4.9931,-5.8193,-34.422,-0.19896,NaN,NaN,NaN,NaN,NaN
561.79,-1.3742,-4.0237,-132.56,0.49917,-0.026033,-5.2717,-5.4801,-33.274,-0.24305,0,0,0,NaN,NaN,NaN,NaN,NaN,NaN,NaN,NaN,NaN,45.72,0.024486,1604,0.0069644,NaN,NaN,NaN,NaN,NaN,-1,-1,0.31538,-0.010509,-4.9983,-5.8118,-34.191,-0.20518,NaN,NaN,NaN,NaN,NaN
561.79,-1.4006,-4.1917,-132.55,0.27421,0.17039,-5.1592,-5.5414,-33.437,0.13338,-0.15066,-0.38893,-1.0773,NaN,NaN,NaN,NaN,NaN,NaN,NaN,NaN,NaN,45.72,0.024486,1604,0.0069644,NaN,NaN,NaN,NaN,NaN,-1,-1,0.31587,-0.006554,-4.9877,-5.8002,-33.981,-0.22686,NaN,NaN,NaN,NaN,NaN
561.79,-1.4137,-4.2758,-132.55,0.18852,-0.19351,-4.9719,-5.5736,-33.783,-0.079068,0,0,0,NaN,NaN,NaN,NaN,NaN,NaN,NaN,NaN,NaN,45.72,0.024486,1604,0.0069644,NaN,NaN,NaN,NaN,7.7749,97173,10.625,0.31368,-0.012004,-4.9988,-5.9892,-34.764,-0.25703,NaN,NaN,NaN,NaN,NaN
561.79,-1.4276,-4.3599,-132.55,0.26055,0.24525,-5.1038,-5.9066,-33.78,-0.406,0,0,0,NaN,NaN,NaN,NaN,NaN,NaN,NaN,NaN,NaN,45.72,0.024486,1604,0.0069644,NaN,NaN,NaN,NaN,NaN,-1,-1,0.31164,-0.0081664,-5.0014,-5.9339,-34.29,-0.26547,NaN,NaN,NaN,NaN,NaN
561.8,-1.4418,-4.4427,-132.54,0.29499,-0.06274,-5.0935,-6.0159,-33.235,-0.34366,0,0,0,NaN,NaN,NaN,NaN,NaN,NaN,NaN,NaN,NaN,45.72,0.024486,1604,0.0069644,0.74131,2.4856,0.71019,0.046615,8.1134,97166,10.563,0.31204,-0.0022287,-4.9947,-5.8963,-33.896,-0.28033,NaN,NaN,NaN,NaN,NaN
561.8,-1.4563,-4.5266,-132.54,0.44192,-0.32806,-4.8907,-6.1689,-33.571,-0.39907,-0.15033,-0.38677,-1.0817,NaN,NaN,NaN,NaN,NaN,NaN,NaN,NaN,NaN,45.72,0.024486,1604,0.0069644,NaN,NaN,NaN,NaN,NaN,-1,-1,0.30909,-0.0099744,-4.9953,-5.8667,-33.533,-0.29261,NaN,NaN,NaN,NaN,NaN
561.8,-1.4705,-4.6112,-132.54,0.34744,0.11323,-5.2046,-5.9914,-33.967,-0.43722,0,0,0,NaN,NaN,NaN,NaN,NaN,NaN,NaN,NaN,NaN,45.72,0.024486,1604,0.0069644,NaN,NaN,NaN,NaN,NaN,-1,-1,0.30636,-0.0083325,-4.9972,-5.849,-33.145,-0.3162,NaN,NaN,NaN,NaN,NaN
561.8,-1.4845,-4.6939,-132.54,0.12002,0.20614,-5.3457,-5.9451,-33.189,-0.39477,0,0,0,NaN,NaN,NaN,NaN,NaN,NaN,NaN,NaN,NaN,45.72,0.024486,1604,0.0069644,NaN,NaN,NaN,NaN,7.526,97217,10.813,0.30645,-0.0072945,-4.9983,-5.8294,-32.85,-0.34315,NaN,NaN,NaN,NaN,NaN
561.81,-1.5118,-4.8615,-132.53,0.4632,-0.021283,-5.3249,-5.9529,-33.624,-0.38233,-0.14765,-0.38465,-1.0859,-4.278,-6.8319,-1.9898,8.3028,40.057,-88.55,3.6779e+05,4.4353e+06,296.24,45.72,0.024486,1604,0.0069644,0.73365,2.6049,0.64811,NaN,NaN,-1,-1,0.30354,-0.0094919,-4.995,-5.811,-32.524,-0.36422,7.9116,-2.1765,1.2671,9.0993,-15.197
561.81,-1.5261,-4.9446,-132.53,0.37378,0.20638,-4.9339,-6.038,-33.36,-0.1488,0,0,0,NaN,NaN,NaN,NaN,NaN,NaN,NaN,NaN,NaN,45.72,0.024486,1604,0.0069644,NaN,NaN,NaN,0.079911,NaN,-1,-1,0.30129,-0.0099728,-5.0022,-5.7892,-32.205,-0.38512,NaN,NaN,NaN,NaN,NaN
561.81,-1.5395,-5.0294,-132.53,0.16721,-0.11252,-5.0822,-5.679,-34.046,-0.49022,0,0,0,NaN,NaN,NaN,NaN,NaN,NaN,NaN,NaN,NaN,45.72,0.024486,1604,0.0069644,NaN,NaN,NaN,NaN,7.7792,97193,10.75,0.30246,-0.012586,-4.9515,-5.7517,-31.944,-0.40517,NaN,NaN,NaN,NaN,NaN
561.81,-1.5683,-5.1979,-132.52,0.34785,0.24026,-5.3821,-6.0269,-33.66,-0.45029,-0.14316,-0.3919,-1.0855,NaN,NaN,NaN,NaN,NaN,NaN,NaN,NaN,NaN,45.73,0,1554,0.0069644,NaN,NaN,NaN,NaN,NaN,-1,-1,0.30257,-0.010761,-4.9531,-5.7189,-31.68,-0.40693,NaN,NaN,NaN,NaN,NaN
561.82,-1.5834,-5.2816,-132.52,0.29164,-0.20392,-5.37,-6.3358,-33.581,-0.34521,0,0,0,NaN,NaN,NaN,NaN,NaN,NaN,NaN,NaN,NaN,45.73,0,1554,0.0069644,NaN,NaN,NaN,NaN,7.9239,97167,10.625,0.29857,-0.011927,-4.9582,-5.6804,-31.411,-0.41409,NaN,NaN,NaN,NaN,NaN
561.82,-1.5984,-5.3651,-132.52,0.23383,-0.27946,-4.8439,-6.3468,-33.535,-0.53944,0,0,0,NaN,NaN,NaN,NaN,NaN,NaN,NaN,NaN,NaN,45.73,0,1554,0.0069644,NaN,NaN,NaN,NaN,NaN,-1,-1,0.2964,-0.014664,-4.9118,-5.6647,-31.217,-0.4295,NaN,NaN,NaN,NaN,NaN
561.82,-1.6139,-5.4505,-132.52,0.2696,0.2536,-4.8968,-6.5026,-34.297,-0.54998,0,0,0,NaN,NaN,NaN,NaN,NaN,NaN,NaN,NaN,NaN,45.73,0,1554,0.0069644,0.73529,2.6097,0.63473,0.097392,NaN,-1,-1,0.2966,-0.013725,-4.9124,-5.6456,-31.031,-0.43033,NaN,NaN,NaN,NaN,NaN
561.82,-1.6281,-5.5353,-132.51,0.28376,0.25093,-5.4841,-5.9942,-34.041,-0.48008,-0.13122,-0.38979,-1.0866,NaN,NaN,NaN,NaN,NaN,NaN,NaN,NaN,NaN,45.73,0,1554,0.0069644,NaN,NaN,NaN,NaN,8.0257,97208,10.813,0.29427,-0.01004,-4.9224,-5.6225,-30.829,-0.43304,NaN,NaN,NaN,NaN,NaN
561.83,-1.6431,-5.6172,-132.51,0.37568,-0.5536,-5.0845,-6.334,-32.874,-0.64074,0,0,0,NaN,NaN,NaN,NaN,NaN,NaN,NaN,NaN,NaN,45.73,0,1554,0.0069644,NaN,NaN,NaN,NaN,NaN,-1,-1,0.28989,-0.013896,-4.9379,-5.6112,-30.677,-0.44781,NaN,NaN,NaN,NaN,NaN
561.83,-1.6577,-5.7016,-132.51,0.45088,-0.14413,-4.6389,-6.1741,-33.899,-0.3707,0,0,0,NaN,NaN,NaN,NaN,NaN,NaN,NaN,NaN,NaN,45.73,0,1554,0.0069644,NaN,NaN,NaN,NaN,NaN,-1,-1,0.28903,-0.012926,-4.927,-5.6116,-30.566,-0.45747,NaN,NaN,NaN,NaN,NaN
561.83,-1.6715,-5.7861,-132.51,0.28407,0.35213,-5.3285,-5.8407,-33.947,-0.60327,0,0,0,NaN,NaN,NaN,NaN,NaN,NaN,NaN,NaN,NaN,45.73,0,1554,0.0069644,0.73584,2.5978,0.6402,0.10155,7.7263,97187,10.688,0.28468,-0.01225,-4.9326,-5.5948,-30.47,-0.47051,NaN,NaN,NaN,NaN,NaN
561.83,-1.6852,-5.8692,-132.51,0.246,-0.19333,-5.2871,-5.806,-33.209,-0.53623,-0.12664,-0.38482,-1.0818,NaN,NaN,NaN,NaN,NaN,NaN,NaN,NaN,NaN,45.73,0,1554,0.0069644,0.73584,2.5978,0.6402,0.10155,NaN,-1,-1,0.28025,-0.013403,-4.9435,-5.5802,-30.391,-0.48259,NaN,NaN,NaN,NaN,NaN
561.84,0,0,0,0,0,0,0,0,0,0,0,0,NaN,NaN,NaN,NaN,NaN,NaN,NaN,NaN,NaN,45.73,0,1554,0.0069644,NaN,NaN,NaN,NaN,7.6791,97214,10.813,0.28021,-0.012586,-4.9353,-5.575,-30.375,-0.48962,NaN,NaN,NaN,NaN,NaN
561.84,-1.6994,-5.9526,-132.5,0.38171,-0.23392,-4.9731,-6.0073,-33.496,-0.60607,0,0,0,NaN,NaN,NaN,NaN,NaN,NaN,NaN,NaN,NaN,45.73,0,1554,0.0069644,NaN,NaN,NaN,NaN,NaN,-1,-1,0.27774,-0.015833,-4.9293,-5.5518,-30.362,-0.49858,NaN,NaN,NaN,NaN,NaN
561.84,-1.7426,-6.2052,-132.5,0.20937,-0.25404,-4.9146,-6.3481,-33.812,-0.76799,-0.10961,-0.38804,-1.0913,NaN,NaN,NaN,NaN,NaN,NaN,NaN,NaN,NaN,45.73,0,1554,0.0069644,NaN,NaN,NaN,NaN,NaN,-1,-1,0.27443,-0.013992,-4.9253,-5.5301,-30.327,-0.49603,NaN,NaN,NaN,NaN,NaN
561.84,-1.7576,-6.2895,-132.5,0.17216,0.016525,-4.7511,-6.2856,-33.858,-0.62882,0,0,0,NaN,NaN,NaN,NaN,NaN,NaN,NaN,NaN,NaN,45.73,0,1554,0.0069644,NaN,NaN,NaN,NaN,7.8766,97222,10.813,0.27201,-0.016237,-4.9263,-5.5065,-30.353,-0.48787,NaN,NaN,NaN,NaN,NaN
561.85,0,0,0,0,0,0,0,0,0,0,0,0,NaN,NaN,NaN,NaN,NaN,NaN,NaN,NaN,NaN,45.73,0,1554,0.0069644,0.72215,2.6014,0.63533,0.098224,NaN,-1,-1,0.26757,-0.017061,-4.9237,-5.4797,-30.39,-0.47543,NaN,NaN,NaN,NaN,NaN
561.85,-1.7727,-6.3756,-132.49,0.30602,-0.19262,-5.2258,-6.388,-34.557,-0.68491,0,0,0,NaN,NaN,NaN,NaN,NaN,NaN,NaN,NaN,NaN,45.73,0,1554,0.0069644,NaN,NaN,NaN,NaN,NaN,-1,-1,0.2642,-0.015506,-4.9218,-5.4553,-30.439,-0.47324,NaN,NaN,NaN,NaN,NaN
561.85,-1.7876,-6.4586,-132.49,0.33215,-0.072768,-5.5353,-6.2507,-33.316,-0.50203,0,0,0,NaN,NaN,NaN,NaN,NaN,NaN,NaN,NaN,NaN,45.73,0,1554,0.0069644,NaN,NaN,NaN,NaN,7.2646,97198,10.75,0.26376,-0.01503,-4.9024,-5.4509,-30.546,-0.4648,NaN,NaN,NaN,NaN,NaN
561.85,-1.8022,-6.5414,-132.49,0.25859,0.21437,-4.5084,-6.1572,-33.142,-0.72399,-0.11155,-0.37855,-1.0937,NaN,NaN,NaN,NaN,NaN,NaN,NaN,NaN,NaN,45.73,0,1554,0.0069644,NaN,NaN,NaN,NaN,7.5731,97195,10.688,0.25952,-0.018259,-4.9024,-5.4541,-30.63,-0.48379,NaN,NaN,NaN,NaN,NaN
561.86,-1.8296,-6.7133,-132.48,0.16273,-0.072332,-5.6498,-5.7831,-34.334,-0.38388,0,0,0,NaN,NaN,NaN,NaN,NaN,NaN,NaN,NaN,NaN,45.73,0,1554,0.0069644,NaN,NaN,NaN,NaN,NaN,-1,-1,0.25587,-0.018769,-4.8911,-5.4713,-30.779,-0.4963,NaN,NaN,NaN,NaN,NaN
561.86,-1.8435,-6.7934,-132.48,0.35532,0.13283,-5.0458,-5.8149,-32.175,-0.25915,0,0,0,NaN,NaN,NaN,NaN,NaN,NaN,NaN,NaN,NaN,45.73,0,1554,0.0069644,NaN,NaN,NaN,NaN,NaN,-1,-1,0.2517,-0.022579,-4.8803,-5.4815,-30.935,-0.50165,NaN,NaN,NaN,NaN,NaN
561.86,-1.8368,-6.9009,-132.5,0.3866,-0.13076,-4.1918,-5.8254,-33.739,-0.33845,-0.10752,-0.38783,-1.0867,NaN,NaN,NaN,NaN,NaN,NaN,NaN,NaN,NaN,45.73,0,1554,0.0069644,NaN,NaN,NaN,NaN,NaN,-1,-1,0.24951,-0.022699,-4.8661,-5.4808,-31.081,-0.50358,NaN,NaN,NaN,NaN,NaN
561.86,-1.8648,-7.0716,-132.5,0.082119,0.21846,-5.4051,-5.7903,-33.492,-0.39018,0,0,0,NaN,NaN,NaN,NaN,NaN,NaN,NaN,NaN,NaN,45.73,0,1554,0.0069644,NaN,NaN,NaN,NaN,7.9218,97157,10.563,0.24702,-0.020119,-4.8541,-5.4779,-31.28,-0.50812,NaN,NaN,NaN,NaN,NaN
561.87,-1.8791,-7.155,-132.5,0.44723,-0.20752,-4.6554,-5.9519,-33.523,-0.34269,0,0,0,NaN,NaN,NaN,NaN,NaN,NaN,NaN,NaN,NaN,45.73,0,1554,0.0069644,NaN,NaN,NaN,NaN,NaN,-1,-1,0.23966,-0.021492,-4.8431,-5.4822,-31.491,-0.49731,NaN,NaN,NaN,NaN,NaN
561.87,-1.8936,-7.2401,-132.49,0.25428,-0.16664,-5.0174,-6.096,-34.012,-0.53812,-0.10027,-0.38075,-1.086,NaN,NaN,NaN,NaN,NaN,NaN,NaN,NaN,NaN,45.73,0,1554,0.0069644,NaN,NaN,NaN,NaN,NaN,-1,-1,0.23836,-0.023634,-4.8844,-5.4779,-31.73,-0.49461,NaN,NaN,NaN,NaN,NaN
561.87,-1.9078,-7.3242,-132.49,0.11221,-0.10081,-5.141,-5.992,-33.771,-0.56219,0,0,0,NaN,NaN,NaN,NaN,NaN,NaN,NaN,NaN,NaN,45.73,0,1554,0.0069644,0.73967,2.6085,0.65663,NaN,7.7777,97201,10.75,0.23878,-0.021599,-4.8729,-5.4898,-31.985,-0.49505,NaN,NaN,NaN,NaN,NaN
561.87,-1.9218,-7.4072,-132.49,0.25016,0.3273,-5.0071,-5.8212,-33.372,-0.32911,0,0,0,NaN,NaN,NaN,NaN,NaN,NaN,NaN,NaN,NaN,45.73,0,1554,0.0069644,NaN,NaN,NaN,0.06909,NaN,-1,-1,0.2346,-0.021386,-4.8742,-5.5198,-32.274,-0.49989,NaN,NaN,NaN,NaN,NaN
561.88,-1.9347,-7.492,-132.49,0.44503,-0.31895,-4.7368,-5.4947,-34.02,-0.84173,0,0,0,NaN,NaN,NaN,NaN,NaN,NaN,NaN,NaN,NaN,45.73,0,1554,0.0069644,NaN,NaN,NaN,NaN,7.7756,97190,10.688,0.22802,-0.025897,-4.8643,-5.5557,-32.582,-0.50191,NaN,NaN,NaN,NaN,NaN
561.88,-1.9481,-7.5777,-132.48,0.28442,-0.38155,-5.3387,-5.6692,-34.392,-0.82535,-0.087852,-0.3717,-1.0916,NaN,NaN,NaN,NaN,NaN,NaN,NaN,NaN,NaN,45.73,0,1554,0.0069644,NaN,NaN,NaN,NaN,NaN,-1,-1,0.22529,-0.027855,-4.8457,-5.6002,-32.919,-0.50339,NaN,NaN,NaN,NaN,NaN
561.88,-1.9611,-7.6617,-132.48,0.17926,0.24374,-5.0941,-5.4467,-33.758,-0.52746,0,0,0,NaN,NaN,NaN,NaN,NaN,NaN,NaN,NaN,NaN,45.73,0,1554,0.0069644,NaN,NaN,NaN,NaN,NaN,-1,-1,0.22691,-0.027233,-4.8835,-5.6328,-33.279,-0.51179,NaN,NaN,NaN,NaN,NaN
561.88,-1.9737,-7.7459,-132.48,0.20742,0.023311,-4.559,-5.2564,-33.827,-0.34584,0,0,0,NaN,NaN,NaN,NaN,NaN,NaN,NaN,NaN,NaN,45.73,0,1554,0.0069644,NaN,NaN,NaN,NaN,7.6738,97178,10.625,0.22212,-0.025416,-4.8859,-5.6681,-33.618,-0.51892,NaN,NaN,NaN,NaN,NaN
561.89,-1.9874,-7.8321,-132.48,0.32324,-0.29623,-5.0567,-5.7386,-34.617,-0.40886,0,0,0,NaN,NaN,NaN,NaN,NaN,NaN,NaN,NaN,NaN,45.73,0,1554,0.0069644,0.72872,2.6044,0.63533,0.10322,NaN,-1,-1,0.21853,-0.027741,-4.8724,-5.7189,-34.034,-0.52073,NaN,NaN,NaN,NaN,NaN
561.89,-2.0011,-7.916,-132.47,0.15766,0.19698,-5.5658,-5.7348,-33.563,-0.45304,-0.083761,-0.38349,-1.0868,NaN,NaN,NaN,NaN,NaN,NaN,NaN,NaN,NaN,45.73,0,1554,0.0069644,NaN,NaN,NaN,NaN,NaN,-1,-1,0.21624,-0.02569,-4.8629,-5.7494,-34.47,-0.52028,NaN,NaN,NaN,NaN,NaN
561.89,-2.014,-7.9979,-132.47,0.24732,0.474,-4.7013,-5.4027,-32.927,-0.49091,0,0,0,NaN,NaN,NaN,NaN,NaN,NaN,NaN,NaN,NaN,45.73,0,1554,0.0069644,NaN,NaN,NaN,NaN,7.7239,97199,10.688,0.21246,-0.029022,-4.8629,-5.7749,-34.878,-0.51964,NaN,NaN,NaN,NaN,NaN
561.89,-2.0276,-8.0822,-132.47,0.2832,-0.4113,-4.3279,-5.6894,-33.856,-0.45189,0,0,0,NaN,NaN,NaN,NaN,NaN,NaN,NaN,NaN,NaN,45.73,0,1554,0.0069644,NaN,NaN,NaN,NaN,NaN,-1,-1,0.20844,-0.028413,-4.85,-5.5878,-34.089,-0.50754,NaN,NaN,NaN,NaN,NaN
561.9,-2.041,-8.1683,-132.46,-0.045943,0.19272,-5.1182,-5.5988,-34.543,-0.50059,0,0,0,NaN,NaN,NaN,NaN,NaN,NaN,NaN,NaN,NaN,45.73,0,1554,0.0069644,NaN,NaN,NaN,NaN,7.7269,97205,10.75,0.20412,-0.028452,-4.8385,-5.5963,-34.308,-0.51496,NaN,NaN,NaN,NaN,NaN
561.9,-2.0543,-8.2511,-132.46,0.13268,-0.14194,-5.4301,-5.6271,-33.245,-0.92922,-0.076194,-0.38407,-1.095,NaN,NaN,NaN,NaN,NaN,NaN,NaN,NaN,NaN,45.73,0,1554,0.0069644,0.73748,2.4773,0.71201,0.051609,NaN,-1,-1,0.19864,-0.030198,-4.837,-5.6213,-34.53,-0.53405,NaN,NaN,NaN,NaN,NaN
561.9,-2.068,-8.3349,-132.46,0.48283,-0.24555,-4.3475,-5.7639,-33.657,-0.66962,0,0,0,NaN,NaN,NaN,NaN,NaN,NaN,NaN,NaN,NaN,45.73,0,1554,0.0069644,NaN,NaN,NaN,NaN,NaN,-1,-1,0.1981,-0.026262,-4.8255,-5.6439,-34.783,-0.54755,NaN,NaN,NaN,NaN,NaN
561.9,-2.0818,-8.4204,-132.46,0.24965,0.1195,-5.1149,-5.7236,-34.333,-0.49108,0,0,0,NaN,NaN,NaN,NaN,NaN,NaN,NaN,NaN,NaN,45.73,0,1554,0.0069644,NaN,NaN,NaN,NaN,8.0679,97175,10.625,0.19546,-0.026737,-4.8169,-5.4394,-33.773,-0.54177,NaN,NaN,NaN,NaN,NaN
561.91,-2.0946,-8.5034,-132.45,-0.073857,0.078611,-5.385,-5.4583,-33.322,-1.0133,0,0,0,NaN,NaN,NaN,NaN,NaN,NaN,NaN,NaN,NaN,45.73,0,1554,0.0069644,NaN,NaN,NaN,NaN,NaN,-1,-1,0.18925,-0.030283,-4.8146,-5.4321,-33.792,-0.55442,NaN,NaN,NaN,NaN,NaN
561.91,-2.1205,-8.672,-132.45,0.26772,0.1877,-5.1429,-5.3597,-34.082,-0.12296,0,0,0,NaN,NaN,NaN,NaN,NaN,NaN,NaN,NaN,NaN,45.73,0,1554,0.0069644,0.72653,2.485,0.72053,0.043285,NaN,-1,-1,0.18341,-0.030167,-4.8081,-5.4358,-33.816,-0.56543,NaN,NaN,NaN,NaN,NaN
561.91,-2.1328,-8.7543,-132.44,0.18983,0.10153,-4.7335,-5.1028,-33.059,-0.28373,0,0,0,NaN,NaN,NaN,NaN,NaN,NaN,NaN,NaN,NaN,45.73,0,1554,0.0069644,NaN,NaN,NaN,NaN,7.7701,97133,10.438,0.18218,-0.031724,-4.7932,-5.4241,-33.796,-0.594,NaN,NaN,NaN,NaN,NaN
561.91,-2.1451,-8.8386,-132.44,0.14561,-0.22301,-4.7837,-5.131,-33.848,-0.50065,0,0,0,NaN,NaN,NaN,NaN,NaN,NaN,NaN,NaN,NaN,45.73,0,1554,0.0069644,NaN,NaN,NaN,NaN,7.9251,97204,10.75,0.18114,-0.031072,-4.7916,-5.4129,-33.785,-0.59404,NaN,NaN,NaN,NaN,NaN
561.92,-2.1581,-8.9235,-132.44,0.043656,0.089949,-4.6812,-5.4197,-34.094,-0.55394,-0.070818,-0.37001,-1.0989,NaN,NaN,NaN,NaN,NaN,NaN,NaN,NaN,NaN,45.73,0,1554,0.0069644,NaN,NaN,NaN,NaN,NaN,-1,-1,0.17592,-0.029597,-4.7822,-5.3904,-33.733,-0.59195,NaN,NaN,NaN,NaN,NaN
561.92,-2.1714,-9.007,-132.44,0.11021,-0.038837,-5.2547,-5.5592,-33.547,-0.44364,0,0,0,NaN,NaN,NaN,NaN,NaN,NaN,NaN,NaN,NaN,45.73,0,1554,0.0069644,NaN,NaN,NaN,NaN,NaN,-1,-1,0.17132,-0.027978,-4.7749,-5.3758,-33.749,-0.58799,NaN,NaN,NaN,NaN,NaN
561.92,-2.1846,-9.0904,-132.43,0.30541,-0.091963,-4.9509,-5.5101,-33.494,-0.62871,0,0,0,NaN,NaN,NaN,NaN,NaN,NaN,NaN,NaN,NaN,45.73,0,1554,0.0069644,NaN,NaN,NaN,NaN,NaN,-1,-1,0.16747,-0.026279,-4.7865,-5.3564,-33.728,-0.59345,NaN,NaN,NaN,NaN,NaN
561.92,-2.1977,-9.1751,-132.43,0.17661,-0.15807,-4.6326,-5.4577,-34,-0.72714,0,0,0,NaN,NaN,NaN,NaN,NaN,NaN,NaN,NaN,NaN,45.72,0,1514,0.0058767,0.72544,2.6008,0.63473,0.10905,7.7263,97187,10.688,0.16566,-0.028703,-4.7702,-5.3557,-33.696,-0.58488,NaN,NaN,NaN,NaN,NaN
561.93,-2.2241,-9.3439,-132.42,0.19203,0.22828,-4.9845,-5.3558,-33.896,-0.62263,0,0,0,NaN,NaN,NaN,NaN,NaN,NaN,NaN,NaN,NaN,45.72,0,1514,0.0058767,NaN,NaN,NaN,NaN,NaN,-1,-1,0.16308,-0.024526,-4.7666,-5.3663,-33.695,-0.57713,NaN,NaN,NaN,NaN,NaN
561.93,-2.2367,-9.4272,-132.42,0.24224,-0.30976,-5.1946,-5.2086,-33.456,-0.3569,0,0,0,NaN,NaN,NaN,NaN,NaN,NaN,NaN,NaN,NaN,45.72,0,1514,0.0058767,NaN,NaN,NaN,NaN,NaN,-1,-1,0.15873,-0.025624,-4.7536,-5.3805,-33.686,-0.56512,NaN,NaN,NaN,NaN,NaN
561.93,-2.249,-9.5103,-132.42,0.2142,-0.34319,-4.3947,-5.1511,-33.363,-0.61461,0,0,0,NaN,NaN,NaN,NaN,NaN,NaN,NaN,NaN,NaN,45.72,0,1514,0.0058767,NaN,NaN,NaN,NaN,7.5767,97177,10.688,0.15408,-0.024957,-4.7462,-5.3891,-33.656,-0.55779,NaN,NaN,NaN,NaN,NaN
561.93,-2.2614,-9.5949,-132.41,0.15573,0.25235,-4.7142,-5.1878,-33.979,-0.67838,-0.049684,-0.37521,-1.0992,NaN,NaN,NaN,NaN,NaN,NaN,NaN,NaN,NaN,45.72,0,1514,0.0058767,0.73803,2.6115,0.65542,NaN,NaN,-1,-1,0.15122,-0.024013,-4.7436,-5.3908,-33.646,-0.55542,NaN,NaN,NaN,NaN,NaN
561.94,-2.2738,-9.6791,-132.41,0.087576,-0.030727,-4.9811,-5.1443,-33.849,-0.40846,0,0,0,NaN,NaN,NaN,NaN,NaN,NaN,NaN,NaN,NaN,45.72,0,1514,0.0058767,NaN,NaN,NaN,0.053274,7.9237,97190,10.688,0.14848,-0.021576,-4.7386,-5.3951,-33.66,-0.56639,NaN,NaN,NaN,NaN,NaN
561.94,-2.2872,-9.7637,-132.41,0.21998,-0.28378,-5.0067,-5.5399,-33.948,-0.61713,0,0,0,NaN,NaN,NaN,NaN,NaN,NaN,NaN,NaN,NaN,45.72,0,1514,0.0058767,NaN,NaN,NaN,NaN,NaN,-1,-1,0.14482,-0.020334,-4.7305,-5.3825,-33.648,-0.56586,NaN,NaN,NaN,NaN,NaN
561.94,-2.2994,-9.8465,-132.4,0.14676,0.29803,-4.8803,-5.0782,-33.258,-0.51646,0,0,0,NaN,NaN,NaN,NaN,NaN,NaN,NaN,NaN,NaN,45.72,0,1514,0.0058767,NaN,NaN,NaN,NaN,NaN,-1,-1,0.14315,-0.018656,-4.7258,-5.3719,-33.636,-0.56094,NaN,NaN,NaN,NaN,NaN
561.94,-2.3124,-9.9297,-132.4,0.19848,0.26736,-4.2571,-5.4554,-33.29,-0.84666,-0.059471,-0.37472,-1.0935,NaN,NaN,NaN,NaN,NaN,NaN,NaN,NaN,NaN,45.72,0,1514,0.0058767,NaN,NaN,NaN,NaN,7.8733,97197,10.688,0.14009,-0.020975,-4.7263,-5.377,-33.65,-0.54975,NaN,NaN,NaN,NaN,NaN
561.95,-2.3261,-10.014,-132.4,0.04098,-0.19723,-4.9933,-5.7076,-34.06,-0.87044,0,0,0,NaN,NaN,NaN,NaN,NaN,NaN,NaN,NaN,NaN,45.72,0,1514,0.0058767,NaN,NaN,NaN,NaN,NaN,-1,-1,0.13719,-0.021053,-4.7177,-5.3769,-33.646,-0.54756,NaN,NaN,NaN,NaN,NaN
561.95,-2.34,-10.098,-132.4,-0.042867,0.096519,-4.6213,-5.7736,-33.446,-0.6726,0,0,0,NaN,NaN,NaN,NaN,NaN,NaN,NaN,NaN,NaN,45.72,0,1514,0.0058767,NaN,NaN,NaN,NaN,NaN,-1,-1,0.13651,-0.020183,-4.6998,-5.3782,-33.596,-0.56261,NaN,NaN,NaN,NaN,NaN
561.95,-2.353,-10.181,-132.39,0.18654,-0.13219,-4.79,-5.4038,-33.329,-0.67082,0,0,0,NaN,NaN,NaN,NaN,NaN,NaN,NaN,NaN,NaN,45.72,0,1514,0.0058767,NaN,NaN,NaN,NaN,7.6224,97182,10.625,0.13439,-0.020305,-4.7037,-5.3902,-33.557,-0.56182,NaN,NaN,NaN,NaN,NaN
561.95,-2.366,-10.265,-132.39,0.25904,-0.14994,-4.6244,-5.3751,-33.887,-0.52781,-0.047275,-0.37775,-1.1012,NaN,NaN,NaN,NaN,NaN,NaN,NaN,NaN,NaN,45.72,0,1514,0.0058767,NaN,NaN,NaN,NaN,NaN,-1,-1,0.13122,-0.018778,-4.7008,-5.4168,-33.597,-0.56083,NaN,NaN,NaN,NaN,NaN
561.96,-2.3794,-10.348,-132.39,0.12807,0.21397,-5.2552,-5.567,-33.321,-0.59559,0,0,0,NaN,NaN,NaN,NaN,NaN,NaN,NaN,NaN,NaN,45.72,0,1514,0.0058767,NaN,NaN,NaN,NaN,7.6228,97201,10.688,0.12934,-0.016105,-4.6869,-5.4482,-33.536,-0.58198,NaN,NaN,NaN,NaN,NaN
561.96,-2.4055,-10.514,-132.38,0.13008,-0.19817,-4.2566,-5.5682,-33.762,-0.49349,0,0,0,NaN,NaN,NaN,NaN,NaN,NaN,NaN,NaN,NaN,45.72,0,1514,0.0058767,NaN,NaN,NaN,NaN,NaN,-1,-1,0.12555,-0.015622,-4.6772,-5.4801,-33.527,-0.58536,NaN,NaN,NaN,NaN,NaN
561.96,-2.4188,-10.599,-132.38,0.084708,0.17176,-5.4983,-5.5301,-33.979,-0.57943,-0.03746,-0.36352,-1.1004,NaN,NaN,NaN,NaN,NaN,NaN,NaN,NaN,NaN,45.72,0,1514,0.0058767,0.72763,2.5984,0.63594,0.10155,NaN,-1,-1,0.12081,-0.015292,-4.6798,-5.517,-33.574,-0.57371,NaN,NaN,NaN,NaN,NaN
561.96,-2.4314,-10.68,-132.37,0.16983,0.082757,-4.6339,-5.181,-32.591,-0.44782,0,0,0,NaN,NaN,NaN,NaN,NaN,NaN,NaN,NaN,NaN,45.72,0,1514,0.0058767,NaN,NaN,NaN,NaN,7.7778,97179,10.688,0.11834,-0.014198,-4.6748,-5.5436,-33.523,-0.58584,NaN,NaN,NaN,NaN,NaN
561.97,-2.4454,-10.763,-132.37,0.17196,-0.19099,-4.0836,-5.6691,-33.451,-0.099695,0,0,0,NaN,NaN,NaN,NaN,NaN,NaN,NaN,NaN,NaN,45.72,0,1514,0.0058767,NaN,NaN,NaN,NaN,NaN,-1,-1,0.11557,-0.015904,-4.6627,-5.569,-33.543,-0.57315,NaN,NaN,NaN,NaN,NaN
561.97,-2.4585,-10.849,-132.37,-0.055021,0.27923,-4.5002,-5.3698,-34.479,-0.57273,0,0,0,NaN,NaN,NaN,NaN,NaN,NaN,NaN,NaN,NaN,45.72,0,1514,0.0058767,NaN,NaN,NaN,NaN,NaN,-1,-1,0.11344,-0.011418,-4.6573,-5.5784,-33.497,-0.56486,NaN,NaN,NaN,NaN,NaN
561.97,-2.4727,-10.932,-132.36,-0.014278,-0.11347,-5.4993,-5.8162,-33.506,-0.45905,-0.030362,-0.37104,-1.1042,NaN,NaN,NaN,NaN,NaN,NaN,NaN,NaN,NaN,45.72,0,1514,0.0058767,0.73858,2.6085,0.65724,0.07242,7.8204,97194,10.625,0.11179,-0.0081964,-4.6533,-5.5904,-33.481,-0.55301,NaN,NaN,NaN,NaN,NaN
561.97,-2.4865,-11.014,-132.36,0.2865,-0.14386,-4.6689,-5.7048,-32.744,-0.5301,0,0,0,NaN,NaN,NaN,NaN,NaN,NaN,NaN,NaN,NaN,45.72,0,1514,0.0058767,NaN,NaN,NaN,NaN,7.8259,97208,10.75,0.10911,-0.010385,-4.6489,-5.6265,-33.464,-0.55605,NaN,NaN,NaN,NaN,NaN
561.98,-2.516,-11.181,-132.35,-0.12999,-0.022563,-4.7285,-5.9436,-33.456,-0.22328,0,0,0,NaN,NaN,NaN,NaN,NaN,NaN,NaN,NaN,NaN,45.72,0,1514,0.0058767,NaN,NaN,NaN,NaN,NaN,-1,-1,0.10738,-0.0093725,-4.6381,-5.6796,-33.431,-0.55341,NaN,NaN,NaN,NaN,NaN
561.98,-2.5299,-11.265,-132.35,0.033839,0.066127,-4.8552,-5.6872,-33.751,-0.5175,-0.03513,-0.37337,-1.1046,NaN,NaN,NaN,NaN,NaN,NaN,NaN,NaN,NaN,45.72,0,1514,0.0058767,NaN,NaN,NaN,NaN,NaN,-1,-1,0.10488,-0.0059532,-4.6311,-5.7359,-33.408,-0.55999,NaN,NaN,NaN,NaN,NaN
561.98,-2.5436,-11.348,-132.35,0.27624,0.11427,-4.8859,-5.6393,-33.329,-0.67626,0,0,0,NaN,NaN,NaN,NaN,NaN,NaN,NaN,NaN,NaN,45.72,0,1514,0.0058767,NaN,NaN,NaN,NaN,NaN,-1,-1,0.099847,-0.004671,-4.6281,-5.7796,-33.408,-0.56867,NaN,NaN,NaN,NaN,NaN
561.98,-2.557,-11.431,-132.34,0.18064,-0.53002,-4.3058,-5.562,-33.274,-0.87886,0,0,0,NaN,NaN,NaN,NaN,NaN,NaN,NaN,NaN,NaN,45.72,0,1514,0.0058767,NaN,NaN,NaN,NaN,8.02,97194,10.688,0.095704,-0.0049646,-4.6264,-5.8307,-33.382,-0.57552,NaN,NaN,NaN,NaN,NaN
561.99,-2.5709,-11.514,-132.34,-0.050261,0.26244,-4.7542,-5.6761,-33.4,-0.51234,0,0,0,NaN,NaN,NaN,NaN,NaN,NaN,NaN,NaN,NaN,45.72,0,1514,0.0058767,0.73036,2.6073,0.6329,0.0899,NaN,-1,-1,0.09133,-0.0034298,-4.6198,-5.8725,-33.354,-0.57363,NaN,NaN,NaN,NaN,NaN
561.99,-2.5845,-11.597,-132.34,0.069109,0.25127,-4.7649,-5.6232,-33.392,-0.91668,-0.018685,-0.37359,-1.1031,NaN,NaN,NaN,NaN,NaN,NaN,NaN,NaN,NaN,45.72,0,1514,0.0058767,NaN,NaN,NaN,NaN,NaN,-1,-1,0.089876,-0.0068438,-4.6175,-5.9029,-33.319,-0.57322,NaN,NaN,NaN,NaN,NaN
561.99,-2.5986,-11.68,-132.33,0.11814,-0.22515,-4.8622,-5.7823,-33.084,-0.60671,0,0,0,NaN,NaN,NaN,NaN,NaN,NaN,NaN,NaN,NaN,45.72,0,1514,0.0058767,NaN,NaN,NaN,NaN,7.8224,97205,10.688,0.086448,-0.0041283,-4.6133,-5.9489,-33.311,-0.57924,NaN,NaN,NaN,NaN,NaN
561.99,-2.6137,-11.762,-132.33,0.069961,0.060638,-4.7734,-6.1818,-33.232,-0.70015,0,0,0,NaN,NaN,NaN,NaN,NaN,NaN,NaN,NaN,NaN,45.72,0,1514,0.0058767,NaN,NaN,NaN,NaN,NaN,-1,-1,0.083843,-0.0021024,-4.6093,-5.9865,-33.276,-0.57653,NaN,NaN,NaN,NaN,NaN
562,-2.6284,-11.845,-132.33,0.16704,0.37092,-4.2553,-6.0255,-33.259,-0.64698,0,0,0,NaN,NaN,NaN,NaN,NaN,NaN,NaN,NaN,NaN,45.72,0,1514,0.0058767,0.73967,2.6163,0.66211,NaN,7.8262,97185,10.688,0.082347,-0.0032564,-4.5985,-6.0435,-33.229,-0.58628,NaN,NaN,NaN,NaN,NaN
562,-2.6433,-11.928,-132.32,0.015276,-0.057146,-5.0057,-6.149,-33.336,-0.90098,-0.020436,-0.36674,-1.1099,NaN,NaN,NaN,NaN,NaN,NaN,NaN,NaN,NaN,45.72,0,1514,0.0058767,0.73967,2.6163,0.66211,NaN,NaN,-1,-1,0.080143,-0.0038186,-4.5999,-6.0796,-33.211,-0.5888,NaN,NaN,NaN,NaN,NaN
562,-2.6592,-12.01,-132.32,-0.082062,-0.11862,-4.2585,-6.5189,-32.827,-0.69242,0,0,0,NaN,NaN,NaN,NaN,NaN,NaN,NaN,NaN,NaN,45.72,0,1514,0.0058767,NaN,NaN,NaN,NaN,NaN,-1,-1,0.078085,-0.0046687,-4.5934,-6.1423,-33.158,-0.60081,NaN,NaN,NaN,NaN,NaN
562,-2.675,-12.093,-132.32,0.097832,-0.12826,-4.8029,-6.3371,-33.382,-0.15533,0,0,0,NaN,NaN,NaN,NaN,NaN,NaN,NaN,NaN,NaN,45.72,0,1514,0.0058767,NaN,NaN,NaN,NaN,8.1606,97169,10.563,0.077417,-0.0052618,-4.5838,-6.2097,-33.13,-0.6176,NaN,NaN,NaN,NaN,NaN
562.01,-2.691,-12.178,-132.31,0.18588,-0.16349,-4.7758,-6.4803,-33.999,-0.51245,0,0,0,NaN,NaN,NaN,NaN,NaN,NaN,NaN,NaN,NaN,45.72,0,1514,0.0058767,NaN,NaN,NaN,NaN,NaN,-1,-1,0.0727,-0.0014497,-4.5814,-6.5072,-34.063,-0.6585,NaN,NaN,NaN,NaN,NaN
562.01,-2.7215,-12.339,-132.3,0.11188,-0.11623,-3.7795,-6.114,-32.367,-0.53239,0,0,0,NaN,NaN,NaN,NaN,NaN,NaN,NaN,NaN,NaN,45.72,0,1514,0.0058767,0.74186,2.4832,0.71445,0.049945,7.879,97210,10.813,0.068416,-0.0009536,-4.5768,-6.5281,-33.818,-0.66506,NaN,NaN,NaN,NaN,NaN
562.01,-2.7368,-12.424,-132.3,-0.066525,-0.065066,-4.5999,-6.1116,-34.099,-0.29387,0,0,0,NaN,NaN,NaN,NaN,NaN,NaN,NaN,NaN,NaN,45.72,0,1514,0.0058767,NaN,NaN,NaN,NaN,NaN,-1,-1,0.066766,-0.00030663,-4.5728,-6.5427,-33.579,-0.67879,NaN,NaN,NaN,NaN,NaN
562.01,-2.7525,-12.506,-132.3,-0.041302,0.1114,-5.4222,-6.3878,-32.972,-0.58952,0,0,0,NaN,NaN,NaN,NaN,NaN,NaN,NaN,NaN,NaN,45.72,0,1514,0.0058767,NaN,NaN,NaN,NaN,7.9709,97155,10.563,0.066095,0.0036822,-4.5652,-6.7856,-34.289,-0.71446,NaN,NaN,NaN,NaN,NaN
562.02,-2.768,-12.585,-132.29,0.24442,0.14006,-4.2117,-6.386,-31.8,-0.90499,0.002677,-0.36179,-1.099,NaN,NaN,NaN,NaN,NaN,NaN,NaN,NaN,NaN,45.72,0,1514,0.0058767,NaN,NaN,NaN,NaN,NaN,-1,-1,0.063034,0.0024643,-4.56,-6.7575,-33.851,-0.71582,NaN,NaN,NaN,NaN,NaN
562.02,-2.7842,-12.669,-132.29,0.08675,-0.0832,-3.972,-6.5997,-33.61,-0.82185,0,0,0,NaN,NaN,NaN,NaN,NaN,NaN,NaN,NaN,NaN,45.72,0,1514,0.0058767,NaN,NaN,NaN,NaN,NaN,-1,-1,0.061495,0.0010249,-4.5479,-6.726,-33.388,-0.71326,NaN,NaN,NaN,NaN,NaN
562.02,-2.8166,-12.833,-132.28,-0.063716,-0.20746,-5.0479,-6.6948,-32.201,-0.71757,0,0,0,NaN,NaN,NaN,NaN,NaN,NaN,NaN,NaN,NaN,45.72,0,1514,0.0058767,0.7331,2.6055,0.63899,0.079911,7.9251,97204,10.75,0.058626,0.0023473,-4.5465,-6.6846,-32.936,-0.71301,NaN,NaN,NaN,NaN,NaN
562.02,-2.834,-12.915,-132.28,0.29554,-0.03986,-4.4084,-7.0675,-32.997,-0.6911,-0.001572,-0.3646,-1.1082,NaN,NaN,NaN,NaN,NaN,NaN,NaN,NaN,NaN,45.72,0,1514,0.0058767,NaN,NaN,NaN,NaN,NaN,-1,-1,0.058374,0.0051214,-4.547,-6.6495,-32.538,-0.70377,NaN,NaN,NaN,NaN,NaN
562.03,-2.8689,-13.08,-132.27,-0.16597,-0.22209,-4.6311,-7.1825,-32.779,-1.0304,0,0,0,NaN,NaN,NaN,NaN,NaN,NaN,NaN,NaN,NaN,45.72,0,1514,0.0058767,NaN,NaN,NaN,NaN,8.2135,97204,10.75,0.056707,0.0032853,-4.5373,-6.6242,-32.186,-0.70404,NaN,NaN,NaN,NaN,NaN
562.03,-2.886,-13.162,-132.27,-0.026864,0.39535,-4.4744,-6.9126,-33.068,-0.67936,0,0,0,NaN,NaN,NaN,NaN,NaN,NaN,NaN,NaN,NaN,45.72,0,1514,0.0058767,NaN,NaN,NaN,NaN,NaN,-1,-1,0.053328,0.0031527,-4.5279,-6.6289,-31.863,-0.71179,NaN,NaN,NaN,NaN,NaN
562.03,-2.9025,-13.244,-132.27,0.21666,-0.11216,-4.5744,-6.6838,-33.011,-0.73826,0.012673,-0.3551,-1.1047,-4.3587,-6.9147,-2.7045,8.6096,40.057,-88.55,3.6779e+05,4.4353e+06,296.29,45.72,0,1514,0.0058767,NaN,NaN,NaN,NaN,NaN,-1,-1,0.047756,0.0072304,-4.528,-6.6305,-31.519,-0.72068,8.2864,-2.2245,0.71631,4.9406,-14.974
562.03,-2.9189,-13.325,-132.26,0.087471,-0.50422,-4.7134,-6.6487,-32.552,-0.65014,0,0,0,NaN,NaN,NaN,NaN,NaN,NaN,NaN,NaN,NaN,45.769,0,1476.9,0.0069644,0.73693,2.6121,0.64811,0.079911,8.1187,97202,10.75,0.045374,0.0059553,-4.5242,-6.6415,-31.221,-0.711,NaN,NaN,NaN,NaN,NaN
562.04,-2.9365,-13.406,-132.26,-0.07908,0.36888,-4.5258,-7.103,-32.252,-0.71666,0,0,0,NaN,NaN,NaN,NaN,NaN,NaN,NaN,NaN,NaN,45.769,0,1476.9,0.0069644,NaN,NaN,NaN,NaN,NaN,-1,-1,0.04471,0.0057118,-4.4783,-6.6456,-30.962,-0.70489,NaN,NaN,NaN,NaN,NaN
562.04,-2.9536,-13.488,-132.26,0.050124,0.22876,-4.4388,-6.909,-32.912,-0.70308,0,0,0,NaN,NaN,NaN,NaN,NaN,NaN,NaN,NaN,NaN,45.769,0,1476.9,0.0069644,NaN,NaN,NaN,NaN,NaN,-1,-1,0.043158,0.0071755,-4.4695,-6.6414,-30.664,-0.70503,NaN,NaN,NaN,NaN,NaN
562.04,-2.9711,-13.569,-132.25,0.048336,-0.44276,-4.8937,-7.1272,-32.514,-0.68967,0.005206,-0.36937,-1.1054,NaN,NaN,NaN,NaN,NaN,NaN,NaN,NaN,NaN,45.769,0,1476.9,0.0069644,NaN,NaN,NaN,NaN,7.8779,97215,10.813,0.040089,0.0078756,-4.4696,-6.6232,-30.406,-0.71576,NaN,NaN,NaN,NaN,NaN
562.04,-2.9897,-13.649,-132.25,0.03074,0.22481,-4.8129,-7.5236,-32.448,-0.91335,0,0,0,NaN,NaN,NaN,NaN,NaN,NaN,NaN,NaN,NaN,45.769,0,1476.9,0.0069644,NaN,NaN,NaN,NaN,NaN,-1,-1,0.037719,0.0083113,-4.4727,-6.6061,-30.228,-0.71975,NaN,NaN,NaN,NaN,NaN
562.05,-3.0074,-13.729,-132.24,0.15302,0.63693,-4.5775,-7.192,-32.172,-0.84603,0,0,0,NaN,NaN,NaN,NaN,NaN,NaN,NaN,NaN,NaN,45.769,0,1476.9,0.0069644,NaN,NaN,NaN,NaN,7.8726,97200,10.688,0.037323,0.0060014,-4.4313,-6.6075,-30.009,-0.738,NaN,NaN,NaN,NaN,NaN
562.05,-3.0258,-13.811,-132.24,0.070075,-0.46717,-4.111,-7.468,-32.809,-0.86734,0,0,0,NaN,NaN,NaN,NaN,NaN,NaN,NaN,NaN,NaN,45.769,0,1476.9,0.0069644,NaN,NaN,NaN,NaN,NaN,-1,-1,0.037066,0.0093771,-4.4337,-6.6122,-29.773,-0.73941,NaN,NaN,NaN,NaN,NaN
562.05,-3.0442,-13.895,-132.24,-0.063019,0.10072,-4.892,-7.3906,-33.459,-0.70829,0.0244,-0.36508,-1.1081,NaN,NaN,NaN,NaN,NaN,NaN,NaN,NaN,NaN,45.769,0,1476.9,0.0069644,NaN,NaN,NaN,NaN,NaN,-1,-1,0.032689,0.013758,-4.441,-6.6351,-29.616,-0.75637,NaN,NaN,NaN,NaN,NaN
562.05,-3.0631,-13.974,-132.23,-0.05718,-0.076833,-5.0281,-7.6574,-31.859,-0.83549,0,0,0,NaN,NaN,NaN,NaN,NaN,NaN,NaN,NaN,NaN,45.769,0,1476.9,0.0069644,NaN,NaN,NaN,NaN,8.2603,97184,10.688,0.029078,0.013505,-4.4402,-6.653,-29.43,-0.7627,NaN,NaN,NaN,NaN,NaN
562.06,-3.0811,-14.056,-132.23,0.069874,-0.24807,-4.17,-7.2947,-32.786,-0.94257,0,0,0,NaN,NaN,NaN,NaN,NaN,NaN,NaN,NaN,NaN,45.769,0,1476.9,0.0069644,NaN,NaN,NaN,NaN,NaN,-1,-1,0.028447,0.0099157,-4.4428,-6.6688,-29.342,-0.78748,NaN,NaN,NaN,NaN,NaN
562.06,-3.0997,-14.137,-132.23,0.13213,0.2359,-5.28,-7.4997,-32.866,-0.93249,0,0,0,NaN,NaN,NaN,NaN,NaN,NaN,NaN,NaN,NaN,45.769,0,1476.9,0.0069644,0.73529,2.6121,0.66394,NaN,NaN,-1,-1,0.024491,0.010934,-4.4379,-6.7017,-29.25,-0.79881,NaN,NaN,NaN,NaN,NaN
562.06,0,0,0,0,0,0,0,0,0,0,0,0,NaN,NaN,NaN,NaN,NaN,NaN,NaN,NaN,NaN,45.769,0,1476.9,0.0069644,NaN,NaN,NaN,0.071587,8.0732,97211,10.813,0.020565,0.0091929,-4.4359,-6.7382,-29.141,-0.78532,NaN,NaN,NaN,NaN,NaN
562.06,-3.1173,-14.216,-132.22,-0.037995,0.009779,-4.395,-7.1744,-31.622,-1,0.032046,-0.35835,-1.1141,NaN,NaN,NaN,NaN,NaN,NaN,NaN,NaN,NaN,45.769,0,1476.9,0.0069644,NaN,NaN,NaN,NaN,NaN,-1,-1,0.018732,0.012403,-4.4387,-6.7795,-29.117,-0.78227,NaN,NaN,NaN,NaN,NaN
562.07,-3.1357,-14.296,-132.22,0.016209,-0.1284,-4.3946,-7.3759,-32.181,-0.675,0,0,0,NaN,NaN,NaN,NaN,NaN,NaN,NaN,NaN,NaN,45.769,0,1476.9,0.0069644,NaN,NaN,NaN,NaN,7.9721,97191,10.688,0.0149,0.012431,-4.4362,-6.7942,-29.081,-0.78078,NaN,NaN,NaN,NaN,NaN
562.07,0,0,0,0,0,0,0,0,0,0,0,0,NaN,NaN,NaN,NaN,NaN,NaN,NaN,NaN,NaN,45.769,0,1476.9,0.0069644,NaN,NaN,NaN,NaN,NaN,-1,-1,0.012531,0.016013,-4.4286,-6.825,-29.088,-0.76883,NaN,NaN,NaN,NaN,NaN
562.07,-3.1895,-14.536,-132.21,0.14497,-0.027563,-4.138,-7.4215,-31.643,-0.85548,0.029298,-0.36287,-1.1099,NaN,NaN,NaN,NaN,NaN,NaN,NaN,NaN,NaN,45.769,0,1476.9,0.0069644,NaN,NaN,NaN,NaN,NaN,-1,-1,0.010281,0.016774,-4.4288,-6.8431,-29.088,-0.76762,NaN,NaN,NaN,NaN,NaN
562.07,-3.2084,-14.619,-132.21,0.001673,0.18917,-4.1888,-7.6359,-33.386,-1.11,0,0,0,NaN,NaN,NaN,NaN,NaN,NaN,NaN,NaN,NaN,45.769,0,1476.9,0.0069644,0.72598,2.5954,0.62925,0.11071,7.7762,97208,10.75,0.0072039,0.013322,-4.4277,-6.8577,-29.082,-0.77485,NaN,NaN,NaN,NaN,NaN
562.08,-3.2274,-14.7,-132.2,-0.21938,-0.052929,-5.5961,-7.7006,-32.362,-0.96257,0,0,0,NaN,NaN,NaN,NaN,NaN,NaN,NaN,NaN,NaN,45.769,0,1476.9,0.0069644,NaN,NaN,NaN,NaN,NaN,-1,-1,0.0044325,0.011301,-4.4143,-6.8777,-29.159,-0.79155,NaN,NaN,NaN,NaN,NaN
562.08,-3.2679,-14.857,-132.19,0.215,0.29256,-4.1382,-8.1708,-32.15,-0.84821,0.046281,-0.35376,-1.1128,NaN,NaN,NaN,NaN,NaN,NaN,NaN,NaN,NaN,45.769,0,1476.9,0.0069644,NaN,NaN,NaN,NaN,NaN,-1,-1,0.00051456,0.014608,-4.4072,-6.9111,-29.18,-0.79857,NaN,NaN,NaN,NaN,NaN
562.08,-3.2872,-14.938,-132.19,-0.16586,0.06513,-4.8139,-7.7526,-32.54,-1.0157,0,0,0,NaN,NaN,NaN,NaN,NaN,NaN,NaN,NaN,NaN,45.769,0,1476.9,0.0069644,NaN,NaN,NaN,NaN,8.0185,97181,10.625,-0.0031968,0.017449,-4.4074,-6.9686,-29.266,-0.79872,NaN,NaN,NaN,NaN,NaN
562.08,-3.3056,-15.016,-132.19,-0.15458,0.046989,-5.0046,-7.3756,-31.396,-0.67294,0,0,0,NaN,NaN,NaN,NaN,NaN,NaN,NaN,NaN,NaN,45.769,0,1476.9,0.0069644,NaN,NaN,NaN,NaN,NaN,-1,-1,-0.0057463,0.016772,-4.3934,-7.0384,-29.352,-0.82725,NaN,NaN,NaN,NaN,NaN
562.09,-3.3242,-15.095,-132.18,0.16563,0.1116,-4.0536,-7.4208,-31.691,-0.6573,0,0,0,NaN,NaN,NaN,NaN,NaN,NaN,NaN,NaN,NaN,45.769,0,1476.9,0.0069644,0.7227,2.6002,0.63838,0.094895,8.019,97200,10.688,-0.0092438,0.015971,-4.3853,-7.103,-29.48,-0.83079,NaN,NaN,NaN,NaN,NaN
562.09,-3.3478,-15.276,-132.19,-0.10341,-0.23078,-4.9848,-7.443,-31.468,-0.84437,0,0,0,NaN,NaN,NaN,NaN,NaN,NaN,NaN,NaN,NaN,45.769,0,1476.9,0.0069644,NaN,NaN,NaN,NaN,NaN,-1,-1,-0.0085922,0.017673,-4.4275,-7.15,-29.651,-0.83914,NaN,NaN,NaN,NaN,NaN
562.09,-3.3663,-15.353,-132.19,0.017162,0.36736,-4.3983,-7.4463,-31.122,-1.0016,0,0,0,NaN,NaN,NaN,NaN,NaN,NaN,NaN,NaN,NaN,45.769,0,1476.9,0.0069644,NaN,NaN,NaN,NaN,NaN,-1,-1,-0.0098271,0.020434,-4.4208,-7.1957,-29.795,-0.84372,NaN,NaN,NaN,NaN,NaN
562.09,-3.3854,-15.434,-132.19,0.094211,-0.02168,-4.5433,-7.6689,-32.51,-1.007,0,0,0,NaN,NaN,NaN,NaN,NaN,NaN,NaN,NaN,NaN,45.769,0,1476.9,0.0069644,NaN,NaN,NaN,NaN,8.0187,97201,10.688,-0.012173,0.021172,-4.4153,-7.2614,-29.964,-0.84816,NaN,NaN,NaN,NaN,NaN
562.1,-3.4055,-15.514,-132.18,-0.088994,-0.14868,-5.1555,-8.0739,-31.922,-0.9593,0.04648,-0.35148,-1.115,NaN,NaN,NaN,NaN,NaN,NaN,NaN,NaN,NaN,45.769,0,1476.9,0.0069644,NaN,NaN,NaN,NaN,NaN,-1,-1,-0.016045,0.025251,-4.415,-7.3304,-30.192,-0.85924,NaN,NaN,NaN,NaN,NaN
562.1,-3.4261,-15.589,-132.18,0.11398,0.402,-4.7556,-8.2601,-30.097,-0.81922,0,0,0,NaN,NaN,NaN,NaN,NaN,NaN,NaN,NaN,NaN,45.769,0,1476.9,0.0069644,NaN,NaN,NaN,NaN,NaN,-1,-1,-0.014926,0.025792,-4.4597,-7.3997,-30.398,-0.86335,NaN,NaN,NaN,NaN,NaN
562.1,-3.4454,-15.668,-132.18,0.21334,0.12474,-3.666,-7.7002,-31.807,-0.80781,0,0,0,NaN,NaN,NaN,NaN,NaN,NaN,NaN,NaN,NaN,45.769,0,1476.9,0.0069644,NaN,NaN,NaN,NaN,8.0675,97198,10.688,-0.015583,0.027213,-4.4654,-7.4843,-30.629,-0.88333,NaN,NaN,NaN,NaN,NaN
562.1,-3.4647,-15.75,-132.17,-0.13012,-0.39941,-5.1977,-7.7439,-32.718,-1.0476,0,0,0,NaN,NaN,NaN,NaN,NaN,NaN,NaN,NaN,NaN,45.769,0,1476.9,0.0069644,NaN,NaN,NaN,NaN,7.8734,97196,10.688,-0.018153,0.027669,-4.4606,-7.5621,-30.874,-0.89552,NaN,NaN,NaN,NaN,NaN
562.11,-3.504,-15.904,-132.16,0.18287,0.1084,-4.1954,-7.6113,-31.204,-0.6813,0,0,0,NaN,NaN,NaN,NaN,NaN,NaN,NaN,NaN,NaN,45.769,0,1476.9,0.0069644,NaN,NaN,NaN,NaN,NaN,-1,-1,-0.019088,0.025272,-4.4614,-7.6632,-31.169,-0.90698,NaN,NaN,NaN,NaN,NaN
562.11,-3.5231,-15.986,-132.16,0.002586,-0.092052,-4.6494,-7.617,-32.756,-0.9428,0,0,0,NaN,NaN,NaN,NaN,NaN,NaN,NaN,NaN,NaN,45.769,0,1476.9,0.0069644,NaN,NaN,NaN,NaN,NaN,-1,-1,-0.020302,0.025485,-4.4532,-7.7731,-31.487,-0.91856,NaN,NaN,NaN,NaN,NaN
562.11,-3.5428,-16.062,-132.16,-0.11152,0.20863,-5.0725,-7.8163,-30.598,-0.66073,0,0,0,NaN,NaN,NaN,NaN,NaN,NaN,NaN,NaN,NaN,45.769,0,1476.9,0.0069644,0.79332,2.5119,0.70471,0.016648,NaN,-1,-1,-0.023942,0.023583,-4.4608,-7.8948,-31.804,-0.93733,NaN,NaN,NaN,NaN,NaN
562.11,-3.5622,-16.138,-132.15,-0.006162,0.14294,-4.1066,-7.7483,-30.567,-0.86752,0.069583,-0.35145,-1.1063,NaN,NaN,NaN,NaN,NaN,NaN,NaN,NaN,NaN,45.769,0,1476.9,0.0069644,NaN,NaN,NaN,NaN,8.2614,97200,10.75,-0.026072,0.025772,-4.467,-8.0085,-32.134,-0.94717,NaN,NaN,NaN,NaN,NaN
562.12,-3.581,-16.218,-132.15,-0.18578,0.15268,-4.4552,-7.4961,-32.245,-1.0426,0,0,0,NaN,NaN,NaN,NaN,NaN,NaN,NaN,NaN,NaN,45.769,0,1476.9,0.0069644,NaN,NaN,NaN,NaN,NaN,-1,-1,-0.025335,0.024193,-4.4591,-8.1289,-32.524,-0.95715,NaN,NaN,NaN,NaN,NaN
562.12,-3.5996,-16.295,-132.14,-0.13895,-0.050779,-5.1914,-7.4944,-31.123,-1.0517,0,0,0,NaN,NaN,NaN,NaN,NaN,NaN,NaN,NaN,NaN,45.769,0,1476.9,0.0069644,NaN,NaN,NaN,NaN,NaN,-1,-1,-0.029529,0.028984,-4.4654,-7.9834,-31.729,-0.94126,NaN,NaN,NaN,NaN,NaN
562.12,-3.6194,-16.371,-132.14,0.26473,-0.084671,-4.2101,-7.9363,-30.385,-1.0226,0,0,0,NaN,NaN,NaN,NaN,NaN,NaN,NaN,NaN,NaN,45.769,0,1476.9,0.0069644,0.72872,2.6038,0.6469,NaN,8.3502,97225,10.75,-0.03138,0.029784,-4.4683,-8.0483,-31.851,-0.95526,NaN,NaN,NaN,NaN,NaN
562.12,-3.6379,-16.449,-132.14,0.045597,0.11782,-4.3203,-7.3923,-31.374,-1.0664,0.076561,-0.35394,-1.1056,NaN,NaN,NaN,NaN,NaN,NaN,NaN,NaN,NaN,45.769,0,1476.9,0.0069644,NaN,NaN,NaN,0.071587,NaN,-1,-1,-0.03102,0.032314,-4.4636,-8.1153,-31.999,-0.96582,NaN,NaN,NaN,NaN,NaN
562.13,-3.6579,-16.527,-132.13,-0.24682,-0.064733,-4.744,-8.0162,-31.225,-1.0089,0,0,0,NaN,NaN,NaN,NaN,NaN,NaN,NaN,NaN,NaN,45.769,0,1476.9,0.0069644,NaN,NaN,NaN,NaN,8.1624,97181,10.625,-0.032324,0.031517,-4.4655,-7.9132,-30.98,-0.94674,NaN,NaN,NaN,NaN,NaN
562.13,-3.6784,-16.603,-132.13,-0.076432,-0.15163,-4.7822,-8.1891,-30.66,-1.1079,0,0,0,NaN,NaN,NaN,NaN,NaN,NaN,NaN,NaN,NaN,45.769,0,1476.9,0.0069644,NaN,NaN,NaN,NaN,NaN,-1,-1,-0.037194,0.032115,-4.4702,-7.9327,-30.879,-0.94762,NaN,NaN,NaN,NaN,NaN
562.13,-3.6994,-16.679,-132.13,0.16012,0.17917,-4.4845,-8.3575,-30.446,-0.77556,0,0,0,NaN,NaN,NaN,NaN,NaN,NaN,NaN,NaN,NaN,45.769,0,1476.9,0.0069644,NaN,NaN,NaN,NaN,NaN,-1,-1,-0.038974,0.035825,-4.4678,-7.9598,-30.867,-0.96067,NaN,NaN,NaN,NaN,NaN
562.13,-3.72,-16.757,-132.12,-0.026934,0.060635,-4.642,-8.1821,-31.262,-0.95655,0.079509,-0.34715,-1.112,NaN,NaN,NaN,NaN,NaN,NaN,NaN,NaN,NaN,45.769,0,1476.9,0.0069644,NaN,NaN,NaN,NaN,8.4447,97237,10.813,-0.041153,0.035437,-4.4614,-7.9907,-30.805,-0.96805,NaN,NaN,NaN,NaN,NaN
562.14,-3.7398,-16.833,-132.12,-0.22481,-0.13034,-4.6063,-7.9579,-30.671,-1.157,0,0,0,NaN,NaN,NaN,NaN,NaN,NaN,NaN,NaN,NaN,45.769,0,1476.9,0.0069644,0.73803,2.494,0.71506,0.049945,NaN,-1,-1,-0.043988,0.038377,-4.4672,-8.035,-30.732,-0.96891,NaN,NaN,NaN,NaN,NaN
562.14,-3.7796,-16.987,-132.11,0.076164,0.055367,-4.4394,-7.8384,-31.094,-0.66876,0,0,0,NaN,NaN,NaN,NaN,NaN,NaN,NaN,NaN,NaN,45.769,0,1476.9,0.0069644,NaN,NaN,NaN,NaN,NaN,-1,-1,-0.045194,0.0457,-4.4614,-8.0662,-30.716,-0.9853,NaN,NaN,NaN,NaN,NaN
562.14,-3.7991,-17.063,-132.11,-0.13546,-0.26483,-5.0701,-7.8114,-30.726,-1.0776,0.07703,-0.347,-1.11,NaN,NaN,NaN,NaN,NaN,NaN,NaN,NaN,NaN,45.769,0,1476.9,0.0069644,NaN,NaN,NaN,NaN,8.2099,97202,10.688,-0.047495,0.041669,-4.4576,-8.0876,-30.653,-0.98494,NaN,NaN,NaN,NaN,NaN
562.14,-3.8196,-17.138,-132.1,-0.014911,-0.077996,-4.337,-8.1747,-29.995,-1.0074,0,0,0,NaN,NaN,NaN,NaN,NaN,NaN,NaN,NaN,NaN,45.72,0,1459.8,0.0058767,NaN,NaN,NaN,NaN,NaN,-1,-1,-0.051701,0.038419,-4.4636,-8.1043,-30.567,-0.98868,NaN,NaN,NaN,NaN,NaN
562.15,-3.8404,-17.215,-132.1,-0.048311,0.22995,-4.1171,-8.2437,-30.876,-1.036,0,0,0,NaN,NaN,NaN,NaN,NaN,NaN,NaN,NaN,NaN,45.72,0,1459.8,0.0058767,NaN,NaN,NaN,NaN,8.5804,97180,10.625,-0.053273,0.0454,-4.4687,-8.133,-30.488,-0.99534,NaN,NaN,NaN,NaN,NaN
562.15,-3.8815,-17.368,-132.09,-0.11704,0.098961,-4.8588,-8.203,-30.39,-1.1168,0.091325,-0.34492,-1.111,NaN,NaN,NaN,NaN,NaN,NaN,NaN,NaN,NaN,45.72,0,1459.8,0.0058767,0.73639,2.4797,0.71506,0.049945,NaN,-1,-1,-0.052099,0.041475,-4.4657,-8.142,-30.412,-1.0039,NaN,NaN,NaN,NaN,NaN
562.15,-3.9017,-17.442,-132.09,0.18235,0.28789,-4.2632,-8.0043,-29.72,-0.90201,0,0,0,NaN,NaN,NaN,NaN,NaN,NaN,NaN,NaN,NaN,45.72,0,1459.8,0.0058767,NaN,NaN,NaN,NaN,NaN,-1,-1,-0.054778,0.044345,-4.4651,-8.165,-30.386,-1.0207,NaN,NaN,NaN,NaN,NaN
562.15,-3.9226,-17.518,-132.08,-0.033942,0.056952,-4.0475,-8.31,-30.549,-1.0858,0,0,0,NaN,NaN,NaN,NaN,NaN,NaN,NaN,NaN,NaN,45.72,0,1459.8,0.0058767,NaN,NaN,NaN,NaN,8.3988,97214,10.75,-0.059936,0.050122,-4.467,-8.2103,-30.316,-1.0352,NaN,NaN,NaN,NaN,NaN
562.16,-3.944,-17.593,-132.08,-0.18829,-0.13076,-4.923,-8.455,-30.31,-0.83617,0,0,0,NaN,NaN,NaN,NaN,NaN,NaN,NaN,NaN,NaN,45.72,0,1459.8,0.0058767,NaN,NaN,NaN,NaN,NaN,-1,-1,-0.062431,0.047953,-4.4696,-8.25,-30.201,-1.0434,NaN,NaN,NaN,NaN,NaN
562.16,-3.9655,-17.668,-132.08,-0.2425,0.1364,-4.6272,-8.5494,-30.104,-1.0126,0.093804,-0.34507,-1.1129,NaN,NaN,NaN,NaN,NaN,NaN,NaN,NaN,NaN,45.72,0,1459.8,0.0058767,NaN,NaN,NaN,NaN,NaN,-1,-1,-0.063264,0.04593,-4.4731,-8.2761,-30.134,-1.0461,NaN,NaN,NaN,NaN,NaN
562.16,-3.9865,-17.742,-132.07,-0.034825,0.040989,-4.3474,-8.3295,-29.8,-1.0877,0,0,0,NaN,NaN,NaN,NaN,NaN,NaN,NaN,NaN,NaN,45.72,0,1459.8,0.0058767,0.73748,2.4964,0.71566,0.031632,8.5844,97201,10.75,-0.064009,0.045841,-4.4648,-8.2926,-30.117,-1.057,NaN,NaN,NaN,NaN,NaN
562.16,-4.0071,-17.818,-132.07,-0.027815,-0.026148,-4.4129,-8.1487,-30.483,-0.9302,0,0,0,NaN,NaN,NaN,NaN,NaN,NaN,NaN,NaN,NaN,45.72,0,1459.8,0.0058767,NaN,NaN,NaN,NaN,8.2108,97197,10.688,-0.065241,0.042921,-4.461,-8.3102,-30.06,-1.0541,NaN,NaN,NaN,NaN,NaN
562.17,-4.0491,-17.965,-132.06,-0.079462,0.10924,-4.1565,-8.2324,-29.51,-0.81217,0.10555,-0.34523,-1.1119,NaN,NaN,NaN,NaN,NaN,NaN,NaN,NaN,NaN,45.72,0,1459.8,0.0058767,NaN,NaN,NaN,NaN,NaN,-1,-1,-0.069456,0.045564,-4.466,-8.3343,-30.024,-1.0513,NaN,NaN,NaN,NaN,NaN
562.17,-4.0699,-18.041,-132.06,-0.22236,0.11614,-4.3571,-8.269,-30.662,-1.2126,0,0,0,NaN,NaN,NaN,NaN,NaN,NaN,NaN,NaN,NaN,45.72,0,1459.8,0.0058767,NaN,NaN,NaN,NaN,NaN,-1,-1,-0.070283,0.046678,-4.4671,-8.3625,-29.954,-1.045,NaN,NaN,NaN,NaN,NaN
562.17,-4.091,-18.115,-132.05,-0.095783,-0.000574,-5.2257,-8.4333,-29.688,-1.2853,0,0,0,NaN,NaN,NaN,NaN,NaN,NaN,NaN,NaN,NaN,45.72,0,1459.8,0.0058767,NaN,NaN,NaN,NaN,8.3465,97181,10.563,-0.069698,0.049615,-4.463,-8.3709,-29.878,-1.0558,NaN,NaN,NaN,NaN,NaN
562.17,-4.1116,-18.188,-132.05,0.068617,-0.17439,-4.2535,-8.207,-29.173,-1.091,0,0,0,NaN,NaN,NaN,NaN,NaN,NaN,NaN,NaN,NaN,45.72,0,1459.8,0.0058767,0.79825,2.5178,0.71201,0.011654,NaN,-1,-1,-0.07182,0.050728,-4.46,-8.3714,-29.856,-1.067,NaN,NaN,NaN,NaN,NaN
562.18,-4.1325,-18.263,-132.04,0.082902,0.033152,-4.2503,-8.3012,-29.991,-1.1459,0.10321,-0.34029,-1.1099,NaN,NaN,NaN,NaN,NaN,NaN,NaN,NaN,NaN,45.72,0,1459.8,0.0058767,NaN,NaN,NaN,NaN,8.165,97231,10.813,-0.07455,0.053588,-4.4643,-8.3621,-29.798,-1.0829,NaN,NaN,NaN,NaN,NaN
562.18,-4.1541,-18.337,-132.04,-0.33604,0.12293,-4.2286,-8.4808,-30.035,-0.92567,0,0,0,NaN,NaN,NaN,NaN,NaN,NaN,NaN,NaN,NaN,45.72,0,1459.8,0.0058767,NaN,NaN,NaN,NaN,NaN,-1,-1,-0.075524,0.050053,-4.4604,-8.3657,-29.701,-1.0923,NaN,NaN,NaN,NaN,NaN
562.18,-4.1753,-18.411,-132.04,-0.2375,-0.22531,-4.7,-8.382,-29.431,-1.0088,0,0,0,NaN,NaN,NaN,NaN,NaN,NaN,NaN,NaN,NaN,45.72,0,1459.8,0.0058767,NaN,NaN,NaN,NaN,NaN,-1,-1,-0.076655,0.051995,-4.4549,-8.3525,-29.652,-1.101,NaN,NaN,NaN,NaN,NaN
562.18,-4.1964,-18.485,-132.03,-0.069555,0.21668,-4.7837,-8.3322,-30.026,-1.1809,0,0,0,NaN,NaN,NaN,NaN,NaN,NaN,NaN,NaN,NaN,45.72,0,1459.8,0.0058767,0.72325,2.4862,0.7114,NaN,8.3513,97219,10.75,-0.079705,0.056665,-4.4587,-8.3399,-29.604,-1.1083,NaN,NaN,NaN,NaN,NaN
562.19,-4.2173,-18.558,-132.03,0.007239,0.20169,-4.7583,-8.3011,-29.165,-1.1154,0.10816,-0.3455,-1.1161,NaN,NaN,NaN,NaN,NaN,NaN,NaN,NaN,NaN,45.72,0,1459.8,0.0058767,0.72325,2.4862,0.7114,NaN,NaN,-1,-1,-0.082348,0.055642,-4.4576,-8.3344,-29.54,-1.1196,NaN,NaN,NaN,NaN,NaN
562.19,-4.2598,-18.704,-132.02,-0.22717,0.097889,-4.2954,-8.2383,-29.746,-1.1945,0,0,0,NaN,NaN,NaN,NaN,NaN,NaN,NaN,NaN,NaN,45.72,0,1459.8,0.0058767,NaN,NaN,NaN,NaN,NaN,-1,-1,-0.084662,0.05827,-4.4623,-8.335,-29.466,-1.121,NaN,NaN,NaN,NaN,NaN
562.19,-4.2809,-18.778,-132.02,-0.13177,0.21193,-4.9254,-8.3618,-30.025,-1.3232,0,0,0,NaN,NaN,NaN,NaN,NaN,NaN,NaN,NaN,NaN,45.72,0,1459.8,0.0058767,NaN,NaN,NaN,NaN,8.3053,97216,10.75,-0.086661,0.064536,-4.4585,-8.3231,-29.412,-1.1301,NaN,NaN,NaN,NaN,NaN
562.19,-4.3021,-18.85,-132.01,-0.06794,-0.28716,-4.7857,-8.4103,-28.762,-1.0624,0.11323,-0.32378,-1.1112,NaN,NaN,NaN,NaN,NaN,NaN,NaN,NaN,NaN,45.72,0,1459.8,0.0058767,NaN,NaN,NaN,NaN,NaN,-1,-1,-0.089913,0.061907,-4.4612,-8.3044,-29.339,-1.1345,NaN,NaN,NaN,NaN,NaN
562.2,-4.3231,-18.922,-132.01,0.016993,-0.003368,-4.3769,-8.2955,-28.902,-1.224,0,0,0,NaN,NaN,NaN,NaN,NaN,NaN,NaN,NaN,NaN,45.72,0,1459.8,0.0058767,NaN,NaN,NaN,NaN,8.2556,97188,10.625,-0.091885,0.059915,-4.4678,-8.2714,-29.301,-1.1277,NaN,NaN,NaN,NaN,NaN
562.2,-4.3445,-18.996,-132,-0.055538,0.26498,-4.0912,-8.4082,-29.839,-1.0427,0,0,0,NaN,NaN,NaN,NaN,NaN,NaN,NaN,NaN,NaN,45.72,0,1459.8,0.0058767,0.73693,2.4862,0.71749,0.049945,NaN,-1,-1,-0.092837,0.061538,-4.4649,-8.2288,-29.254,-1.1274,NaN,NaN,NaN,NaN,NaN
562.2,-4.3647,-19.069,-132,-0.087945,-0.0203,-4.8732,-7.9578,-29.401,-1.1015,0,0,0,NaN,NaN,NaN,NaN,NaN,NaN,NaN,NaN,NaN,45.72,0,1459.8,0.0058767,NaN,NaN,NaN,NaN,NaN,-1,-1,-0.094645,0.060992,-4.4659,-8.1879,-29.156,-1.1273,NaN,NaN,NaN,NaN,NaN
562.2,-4.3859,-19.141,-131.99,-0.080917,-0.15253,-4.6592,-8.4378,-28.82,-1.2154,0.11549,-0.33602,-1.1154,NaN,NaN,NaN,NaN,NaN,NaN,NaN,NaN,NaN,45.72,0,1459.8,0.0058767,NaN,NaN,NaN,NaN,8.4398,97177,10.563,-0.098359,0.064432,-4.4698,-8.1504,-29.128,-1.1359,NaN,NaN,NaN,NaN,NaN
562.21,-4.4067,-19.212,-131.99,-0.027447,0.40636,-4.3838,-8.1649,-28.665,-0.99225,0,0,0,NaN,NaN,NaN,NaN,NaN,NaN,NaN,NaN,NaN,45.72,0,1459.8,0.0058767,NaN,NaN,NaN,NaN,NaN,-1,-1,-0.10226,0.068008,-4.4739,-8.1225,-29.098,-1.1395,NaN,NaN,NaN,NaN,NaN
562.21,-4.4268,-19.286,-131.98,-0.07541,0.13105,-4.5119,-7.83,-29.48,-1.0034,0,0,0,NaN,NaN,NaN,NaN,NaN,NaN,NaN,NaN,NaN,45.72,0,1459.8,0.0058767,NaN,NaN,NaN,NaN,NaN,-1,-1,-0.1037,0.065447,-4.4679,-8.07,-28.998,-1.1303,NaN,NaN,NaN,NaN,NaN
562.21,-4.4476,-19.358,-131.98,-0.21373,-0.3115,-4.4547,-8.176,-28.914,-1.0188,0,0,0,NaN,NaN,NaN,NaN,NaN,NaN,NaN,NaN,NaN,45.72,0,1459.8,0.0058767,0.73639,2.4797,0.72418,0.049945,8.4408,97215,10.688,-0.10624,0.068169,-4.4723,-8.0169,-28.957,-1.128,NaN,NaN,NaN,NaN,NaN
562.21,-4.4679,-19.43,-131.98,-0.20634,0.27765,-4.539,-7.9889,-29.049,-1.1437,0.11092,-0.33608,-1.1181,NaN,NaN,NaN,NaN,NaN,NaN,NaN,NaN,NaN,45.72,0,1459.8,0.0058767,0.73639,2.4797,0.72418,0.049945,NaN,-1,-1,-0.11128,0.070958,-4.4663,-7.9684,-28.898,-1.1178,NaN,NaN,NaN,NaN,NaN
562.22,-4.5101,-19.574,-131.97,-0.17099,-0.020334,-4.659,-8.2379,-28.624,-1.1377,0,0,0,NaN,NaN,NaN,NaN,NaN,NaN,NaN,NaN,NaN,45.72,0,1459.8,0.0058767,NaN,NaN,NaN,NaN,8.6277,97211,10.75,-0.11381,0.072853,-4.4616,-7.9255,-28.833,-1.1092,NaN,NaN,NaN,NaN,NaN
562.22,-4.5303,-19.644,-131.96,-0.020294,0.30876,-4.5437,-7.9693,-28.295,-1.1766,0,0,0,NaN,NaN,NaN,NaN,NaN,NaN,NaN,NaN,NaN,45.72,0,1459.8,0.0058767,NaN,NaN,NaN,NaN,NaN,-1,-1,-0.11693,0.074755,-4.4702,-7.8627,-28.77,-1.0989,NaN,NaN,NaN,NaN,NaN
562.22,-4.5495,-19.717,-131.96,-0.044369,0.18868,-4.2755,-7.5905,-29.39,-1.4463,0.12978,-0.33394,-1.1164,NaN,NaN,NaN,NaN,NaN,NaN,NaN,NaN,NaN,45.72,0,1459.8,0.0058767,NaN,NaN,NaN,NaN,NaN,-1,-1,-0.11676,0.074553,-4.4709,-7.797,-28.724,-1.0888,NaN,NaN,NaN,NaN,NaN
562.22,-4.5883,-19.86,-131.95,-0.18658,-0.037242,-4.6366,-7.4423,-28.36,-1.2794,0,0,0,NaN,NaN,NaN,NaN,NaN,NaN,NaN,NaN,NaN,45.72,0,1459.8,0.0058767,NaN,NaN,NaN,NaN,8.7176,97211,10.75,-0.11788,0.073648,-4.4653,-7.7245,-28.63,-1.0706,NaN,NaN,NaN,NaN,NaN
562.23,-4.6084,-19.93,-131.95,-0.012905,0.11374,-4.4094,-7.7804,-28.296,-0.91816,0,0,0,NaN,NaN,NaN,NaN,NaN,NaN,NaN,NaN,NaN,45.72,0,1459.8,0.0058767,0.78675,2.5077,0.70714,0.010821,NaN,-1,-1,-0.12327,0.073429,-4.4687,-7.652,-28.579,-1.0628,NaN,NaN,NaN,NaN,NaN
562.23,-4.6277,-20.001,-131.94,-0.047421,0.029876,-4.4251,-7.5524,-28.358,-1.0334,0.13669,-0.33883,-1.1157,NaN,NaN,NaN,NaN,NaN,NaN,NaN,NaN,NaN,45.72,0,1459.8,0.0058767,NaN,NaN,NaN,NaN,NaN,-1,-1,-0.12159,0.076812,-4.4654,-7.5987,-28.537,-1.0618,NaN,NaN,NaN,NaN,NaN
562.23,-4.6474,-20.072,-131.94,-0.26541,0.15031,-4.3273,-7.5818,-28.385,-0.87433,0,0,0,NaN,NaN,NaN,NaN,NaN,NaN,NaN,NaN,NaN,45.72,0,1459.8,0.0058767,NaN,NaN,NaN,NaN,8.6683,97171,10.563,-0.12286,0.077899,-4.4616,-7.6764,-29.258,-1.0739,NaN,NaN,NaN,NaN,NaN
562.23,-4.6665,-20.143,-131.93,-0.3051,0.096083,-4.6862,-7.4117,-28.765,-1.0081,0,0,0,NaN,NaN,NaN,NaN,NaN,NaN,NaN,NaN,NaN,45.72,0,1459.8,0.0058767,NaN,NaN,NaN,NaN,8.8044,97201,10.688,-0.12758,0.074158,-4.4587,-7.5489,-29.011,-1.0586,NaN,NaN,NaN,NaN,NaN
562.24,-4.6847,-20.213,-131.93,-0.15412,0.12359,-4.5593,-7.0801,-28.326,-1.0632,0,0,0,NaN,NaN,NaN,NaN,NaN,NaN,NaN,NaN,NaN,45.72,0,1459.8,0.0058767,NaN,NaN,NaN,NaN,NaN,-1,-1,-0.13168,0.081536,-4.4604,-7.4269,-28.768,-1.0339,NaN,NaN,NaN,NaN,NaN
562.24,-4.7038,-20.284,-131.92,0.011093,0.029061,-4.8415,-7.4064,-28.18,-1.0366,0.13919,-0.32916,-1.1133,NaN,NaN,NaN,NaN,NaN,NaN,NaN,NaN,NaN,45.72,0,1459.8,0.0058767,NaN,NaN,NaN,NaN,NaN,-1,-1,-0.13494,0.07783,-4.4593,-7.3047,-28.522,-1.0088,NaN,NaN,NaN,NaN,NaN
562.24,-4.7224,-20.353,-131.92,-0.19257,0.11313,-4.4807,-7.1944,-28.122,-1.0087,0,0,0,NaN,NaN,NaN,NaN,NaN,NaN,NaN,NaN,NaN,45.72,0,1459.8,0.0058767,NaN,NaN,NaN,NaN,NaN,-1,-1,-0.13562,0.078979,-4.4559,-7.3351,-29.107,-1.015,NaN,NaN,NaN,NaN,NaN
562.24,-4.7406,-20.423,-131.91,-0.27953,0.19721,-4.5575,-7.0127,-28.074,-0.92218,0,0,0,NaN,NaN,NaN,NaN,NaN,NaN,NaN,NaN,NaN,45.72,0,1459.8,0.0058767,NaN,NaN,NaN,NaN,8.5796,97205,10.688,-0.13738,0.084462,-4.4515,-7.1673,-28.675,-0.9883,NaN,NaN,NaN,NaN,NaN
562.25,-4.759,-20.494,-131.91,-0.06416,-0.005992,-4.2695,-7.0392,-28.323,-0.78564,0,0,0,NaN,NaN,NaN,NaN,NaN,NaN,NaN,NaN,NaN,45.72,0,1459.8,0.0058767,NaN,NaN,NaN,NaN,NaN,-1,-1,-0.13936,0.084982,-4.4457,-7.0083,-28.299,-0.96492,NaN,NaN,NaN,NaN,NaN
562.25,-4.7765,-20.565,-131.91,0.015407,-0.097085,-4.8851,-6.7878,-28.438,-1.0989,0.13891,-0.33874,-1.1133,NaN,NaN,NaN,NaN,NaN,NaN,NaN,NaN,NaN,45.72,0,1459.8,0.0058767,0.73201,2.6121,0.66211,NaN,NaN,-1,-1,-0.14286,0.083924,-4.4476,-6.8545,-27.937,-0.95203,NaN,NaN,NaN,NaN,NaN
562.25,-4.7943,-20.634,-131.9,-0.12783,0.036361,-4.6751,-6.8124,-27.863,-0.89742,0,0,0,NaN,NaN,NaN,NaN,NaN,NaN,NaN,NaN,NaN,45.72,0,1459.8,0.0058767,NaN,NaN,NaN,0.083241,8.6744,97202,10.75,-0.14195,0.083262,-4.3959,-6.714,-27.551,-0.92846,NaN,NaN,NaN,NaN,NaN
562.25,-4.8118,-20.703,-131.9,-0.12217,0.037412,-4.0403,-6.7832,-27.795,-1.0524,0,0,0,NaN,NaN,NaN,NaN,NaN,NaN,NaN,NaN,NaN,45.72,0,1425.5,0.0064211,NaN,NaN,NaN,NaN,NaN,-1,-1,-0.14214,0.082363,-4.4101,-6.581,-27.207,-0.90849,NaN,NaN,NaN,NaN,NaN
562.26,-4.8298,-20.774,-131.89,-0.27599,0.009342,-4.7825,-6.8615,-28.62,-0.95604,0,0,0,NaN,NaN,NaN,NaN,NaN,NaN,NaN,NaN,NaN,45.72,0,1425.5,0.0064211,NaN,NaN,NaN,NaN,8.7609,97218,10.75,-0.14356,0.083454,-4.4083,-6.4358,-26.892,-0.8938,NaN,NaN,NaN,NaN,NaN
562.26,-4.8473,-20.842,-131.88,-0.29171,0.2291,-5.0934,-6.6354,-27.447,-0.65953,0.16005,-0.33903,-1.1114,-4.5343,-7.1312,-3.7107,9.2295,40.057,-88.55,3.6779e+05,4.4353e+06,295.9,45.72,0,1425.5,0.0064211,NaN,NaN,NaN,NaN,NaN,-1,-1,-0.14779,0.085221,-4.4149,-6.282,-26.603,-0.87687,8.9246,-2.3221,0.378,2.4253,-14.572
562.26,-4.8632,-20.909,-131.88,-0.06239,0.22291,-4.4579,-6.045,-26.904,-0.82844,0,0,0,NaN,NaN,NaN,NaN,NaN,NaN,NaN,NaN,NaN,45.72,0,1425.5,0.0064211,NaN,NaN,NaN,NaN,NaN,-1,-1,-0.14827,0.086458,-4.3782,-6.1557,-26.338,-0.8643,NaN,NaN,NaN,NaN,NaN
562.26,-4.8797,-20.979,-131.87,0.078115,0.24933,-3.9337,-6.2714,-28.224,-0.9522,0,0,0,NaN,NaN,NaN,NaN,NaN,NaN,NaN,NaN,NaN,45.72,0,1425.5,0.0064211,0.79716,2.5071,0.7108,0.016648,8.7585,97209,10.688,-0.14937,0.090786,-4.3887,-6.0248,-26.039,-0.84212,NaN,NaN,NaN,NaN,NaN
562.27,-4.9129,-21.116,-131.86,-0.35844,0.07866,-4.6097,-6.3511,-27.277,-0.88717,0.16073,-0.32491,-1.1158,NaN,NaN,NaN,NaN,NaN,NaN,NaN,NaN,NaN,45.72,0,1425.5,0.0064211,NaN,NaN,NaN,NaN,NaN,-1,-1,-0.15071,0.09211,-4.3826,-5.8775,-25.808,-0.82061,NaN,NaN,NaN,NaN,NaN
562.27,-4.9293,-21.184,-131.86,-0.069391,0.021569,-4.2944,-6.172,-27.574,-0.81452,0,0,0,NaN,NaN,NaN,NaN,NaN,NaN,NaN,NaN,NaN,45.72,0,1425.5,0.0064211,NaN,NaN,NaN,NaN,NaN,-1,-1,-0.15623,0.092465,-4.3961,-5.7451,-25.594,-0.80406,NaN,NaN,NaN,NaN,NaN
562.27,-4.9449,-21.253,-131.85,-0.2224,-0.01666,-4.8381,-5.9079,-27.524,-0.86815,0,0,0,NaN,NaN,NaN,NaN,NaN,NaN,NaN,NaN,NaN,45.72,0,1425.5,0.0064211,NaN,NaN,NaN,NaN,8.3049,97218,10.75,-0.15852,0.093776,-4.4087,-5.6129,-25.405,-0.78416,NaN,NaN,NaN,NaN,NaN
562.27,-4.9609,-21.32,-131.85,-0.039306,0.27375,-4.9943,-6.1025,-27.092,-0.97294,0,0,0,NaN,NaN,NaN,NaN,NaN,NaN,NaN,NaN,NaN,45.72,0,1425.5,0.0064211,NaN,NaN,NaN,NaN,8.6706,97223,10.75,-0.15989,0.097854,-4.4131,-5.5043,-25.182,-0.7657,NaN,NaN,NaN,NaN,NaN
562.28,-4.9763,-21.387,-131.84,-0.043344,0.1462,-4.2402,-5.788,-27.226,-0.76616,0.15831,-0.32727,-1.116,NaN,NaN,NaN,NaN,NaN,NaN,NaN,NaN,NaN,45.72,0,1425.5,0.0064211,0.79551,2.5113,0.72053,0.010821,NaN,-1,-1,-0.16437,0.094326,-4.4191,-5.3906,-24.994,-0.75856,NaN,NaN,NaN,NaN,NaN
562.28,-4.9919,-21.456,-131.84,-0.23397,-0.066596,-4.2702,-5.8367,-27.68,-0.79429,0,0,0,NaN,NaN,NaN,NaN,NaN,NaN,NaN,NaN,NaN,45.72,0,1425.5,0.0064211,NaN,NaN,NaN,NaN,NaN,-1,-1,-0.16569,0.096858,-4.4213,-5.2823,-24.889,-0.7551,NaN,NaN,NaN,NaN,NaN
562.28,-5.007,-21.525,-131.83,-0.48391,0.27402,-5.0232,-5.6639,-27.678,-0.8348,0,0,0,NaN,NaN,NaN,NaN,NaN,NaN,NaN,NaN,NaN,45.72,0,1425.5,0.0064211,NaN,NaN,NaN,NaN,NaN,-1,-1,-0.16589,0.095411,-4.4256,-5.1753,-24.742,-0.75775,NaN,NaN,NaN,NaN,NaN
562.28,-5.0205,-21.591,-131.83,-0.13698,-0.17507,-4.7267,-4.9952,-26.443,-0.69162,0,0,0,NaN,NaN,NaN,NaN,NaN,NaN,NaN,NaN,NaN,45.72,0,1425.5,0.0064211,NaN,NaN,NaN,NaN,8.4911,97234,10.813,-0.17066,0.098324,-4.432,-5.0876,-24.634,-0.74729,NaN,NaN,NaN,NaN,NaN
562.29,0,0,0,0,0,0,0,0,0,0,0,0,NaN,NaN,NaN,NaN,NaN,NaN,NaN,NaN,NaN,45.72,0,1425.5,0.0064211,NaN,NaN,NaN,NaN,NaN,-1,-1,-0.17286,0.10404,-4.4266,-4.9791,-24.529,-0.74068,NaN,NaN,NaN,NaN,NaN
562.29,-5.0352,-21.658,-131.82,0.12623,0.12555,-3.7987,-5.4799,-26.871,-0.76908,0.16282,-0.3247,-1.1112,NaN,NaN,NaN,NaN,NaN,NaN,NaN,NaN,NaN,45.72,0,1425.5,0.0064211,NaN,NaN,NaN,NaN,NaN,-1,-1,-0.17514,0.10564,-4.43,-4.876,-24.411,-0.72041,NaN,NaN,NaN,NaN,NaN
562.29,-5.0497,-21.725,-131.82,-0.23773,0.26642,-4.6765,-5.4174,-27.126,-0.79504,0,0,0,NaN,NaN,NaN,NaN,NaN,NaN,NaN,NaN,NaN,45.72,0,1425.5,0.0064211,NaN,NaN,NaN,NaN,8.6299,97242,10.875,-0.17901,0.10524,-4.4407,-4.7739,-24.368,-0.70704,NaN,NaN,NaN,NaN,NaN
562.29,-5.078,-21.859,-131.81,-0.27402,-0.12893,-4.8673,-5.258,-26.867,-0.85726,0,0,0,NaN,NaN,NaN,NaN,NaN,NaN,NaN,NaN,NaN,45.72,0,1425.5,0.0064211,NaN,NaN,NaN,NaN,NaN,-1,-1,-0.18052,0.11181,-4.4391,-4.6701,-24.301,-0.69509,NaN,NaN,NaN,NaN,NaN
562.3,0,0,0,0,0,0,0,0,0,0,0,0,NaN,NaN,NaN,NaN,NaN,NaN,NaN,NaN,NaN,45.72,0,1425.5,0.0064211,NaN,NaN,NaN,NaN,8.7153,97223,10.75,-0.18186,0.11287,-4.4316,-4.5836,-24.249,-0.68004,NaN,NaN,NaN,NaN,NaN
562.3,-5.0922,-21.926,-131.8,0.070178,0.32749,-4.423,-5.312,-27.056,-0.84586,0.17932,-0.32744,-1.1119,NaN,NaN,NaN,NaN,NaN,NaN,NaN,NaN,NaN,45.72,0,1425.5,0.0064211,NaN,NaN,NaN,NaN,NaN,-1,-1,-0.18643,0.10691,-4.4335,-4.4947,-24.255,-0.6754,NaN,NaN,NaN,NaN,NaN
562.3,-5.1056,-21.992,-131.8,-0.20553,0.16663,-4.8125,-4.9886,-26.521,-0.85205,0,0,0,NaN,NaN,NaN,NaN,NaN,NaN,NaN,NaN,NaN,45.72,0,1425.5,0.0064211,0.73803,2.4838,0.71445,0.049945,NaN,-1,-1,-0.19066,0.11214,-4.443,-4.413,-24.259,-0.66548,NaN,NaN,NaN,NaN,NaN
562.3,-5.1329,-22.125,-131.79,-0.21448,0.10285,-4.3505,-4.9538,-26.99,-0.70565,0,0,0,NaN,NaN,NaN,NaN,NaN,NaN,NaN,NaN,NaN,45.72,0,1425.5,0.0064211,NaN,NaN,NaN,NaN,8.6714,97197,10.688,-0.19055,0.11237,-4.4359,-4.3405,-24.236,-0.64988,NaN,NaN,NaN,NaN,NaN
562.31,-5.1455,-22.192,-131.78,-0.13547,-0.15463,-4.96,-4.6124,-27.081,-0.78541,0.1751,-0.32043,-1.1167,NaN,NaN,NaN,NaN,NaN,NaN,NaN,NaN,NaN,45.72,0,1425.5,0.0064211,NaN,NaN,NaN,NaN,NaN,-1,-1,-0.19079,0.11438,-4.4249,-4.2715,-24.29,-0.63872,NaN,NaN,NaN,NaN,NaN
562.31,-5.1697,-22.322,-131.77,-0.14905,0.11199,-4.2758,-4.2354,-26.388,-0.87153,0,0,0,NaN,NaN,NaN,NaN,NaN,NaN,NaN,NaN,NaN,45.72,0,1425.5,0.0064211,NaN,NaN,NaN,NaN,NaN,-1,-1,-0.19582,0.12076,-4.428,-4.2074,-24.369,-0.6307,NaN,NaN,NaN,NaN,NaN
562.31,-5.1828,-22.389,-131.76,-0.22285,0.060548,-4.228,-4.7213,-27.087,-0.53847,0,0,0,NaN,NaN,NaN,NaN,NaN,NaN,NaN,NaN,NaN,45.72,0,1425.5,0.0064211,0.73584,2.6109,0.65846,NaN,9.0601,97172,10.5,-0.19835,0.11926,-4.418,-4.1507,-24.435,-0.62624,NaN,NaN,NaN,NaN,NaN
562.31,-5.1825,-22.474,-131.77,-0.21702,0.29575,-4.973,-4.5774,-26.558,-0.6353,0.17464,-0.32247,-1.1101,NaN,NaN,NaN,NaN,NaN,NaN,NaN,NaN,NaN,45.72,0,1425.5,0.0064211,NaN,NaN,NaN,0.060766,NaN,-1,-1,-0.19872,0.12306,-4.4592,-4.1249,-24.56,-0.62753,NaN,NaN,NaN,NaN,NaN
562.32,-5.1944,-22.538,-131.77,-0.26642,0.35329,-4.861,-4.2706,-25.703,-0.62309,0,0,0,NaN,NaN,NaN,NaN,NaN,NaN,NaN,NaN,NaN,45.72,0,1425.5,0.0064211,NaN,NaN,NaN,NaN,8.8505,97233,10.813,-0.19985,0.12464,-4.4581,-4.0874,-24.665,-0.61958,NaN,NaN,NaN,NaN,NaN
562.32,-5.2182,-22.669,-131.76,-0.16874,0.33042,-4.4469,-4.1903,-26.996,-0.69104,0,0,0,NaN,NaN,NaN,NaN,NaN,NaN,NaN,NaN,NaN,45.72,0,1425.5,0.0064211,NaN,NaN,NaN,NaN,NaN,-1,-1,-0.20258,0.12617,-4.4594,-4.0219,-24.753,-0.61144,NaN,NaN,NaN,NaN,NaN
562.32,-5.2304,-22.735,-131.75,-0.22066,-0.074551,-4.8446,-4.3863,-26.454,-0.67133,0.19101,-0.32508,-1.1086,NaN,NaN,NaN,NaN,NaN,NaN,NaN,NaN,NaN,45.72,0,1425.5,0.0064211,NaN,NaN,NaN,NaN,NaN,-1,-1,-0.20555,0.12849,-4.5055,-3.9747,-24.911,-0.60901,NaN,NaN,NaN,NaN,NaN
562.32,-5.2428,-22.799,-131.75,-0.2895,-0.012386,-4.8635,-4.3846,-25.908,-0.51406,0,0,0,NaN,NaN,NaN,NaN,NaN,NaN,NaN,NaN,NaN,45.72,0,1425.5,0.0064211,NaN,NaN,NaN,NaN,9.1521,97222,10.75,-0.20779,0.12987,-4.5163,-3.935,-25.053,-0.60476,NaN,NaN,NaN,NaN,NaN
562.33,-5.2548,-22.863,-131.74,-0.2566,0.17503,-4.2323,-4.3371,-25.756,-0.74313,0,0,0,NaN,NaN,NaN,NaN,NaN,NaN,NaN,NaN,NaN,45.72,0,1425.5,0.0064211,0.73912,2.6151,0.64751,0.09656,NaN,-1,-1,-0.20895,0.13108,-4.5248,-3.9013,-25.24,-0.59718,NaN,NaN,NaN,NaN,NaN
562.33,-5.2661,-22.93,-131.73,-0.29301,-0.081808,-4.586,-4.035,-26.943,-0.74003,0,0,0,NaN,NaN,NaN,NaN,NaN,NaN,NaN,NaN,NaN,45.72,0,1425.5,0.0064211,NaN,NaN,NaN,NaN,NaN,-1,-1,-0.20665,0.13094,-4.519,-3.8618,-25.434,-0.58936,NaN,NaN,NaN,NaN,NaN
562.33,-5.2778,-22.995,-131.73,-0.18251,0.22908,-5.0313,-4.0779,-26.135,-0.46404,0.19357,-0.31794,-1.1084,NaN,NaN,NaN,NaN,NaN,NaN,NaN,NaN,NaN,45.72,0,1425.5,0.0064211,NaN,NaN,NaN,NaN,8.7609,97218,10.75,-0.21208,0.1293,-4.5323,-3.8586,-25.638,-0.59692,NaN,NaN,NaN,NaN,NaN
562.33,-5.288,-23.057,-131.72,-0.2106,0.39471,-4.2765,-3.6169,-25.214,-0.68113,0,0,0,NaN,NaN,NaN,NaN,NaN,NaN,NaN,NaN,NaN,45.72,0,1425.5,0.0064211,NaN,NaN,NaN,NaN,NaN,-1,-1,-0.21285,0.13445,-4.5375,-3.8533,-25.875,-0.59895,NaN,NaN,NaN,NaN,NaN
562.34,-5.3089,-23.187,-131.71,-0.36149,-0.14721,-4.9938,-3.4249,-25.944,-0.40153,0,0,0,NaN,NaN,NaN,NaN,NaN,NaN,NaN,NaN,NaN,45.72,0,1425.5,0.0064211,NaN,NaN,NaN,NaN,8.9814,97235,10.813,-0.21235,0.13346,-4.5307,-3.8634,-26.099,-0.59739,NaN,NaN,NaN,NaN,NaN
562.34,-5.3183,-23.25,-131.7,-0.19187,0.30027,-4.8968,-3.1847,-25.094,-0.42238,0.19337,-0.32021,-1.1062,NaN,NaN,NaN,NaN,NaN,NaN,NaN,NaN,NaN,45.72,0,1425.5,0.0064211,0.72872,2.6014,0.64081,0.10572,NaN,-1,-1,-0.21478,0.13416,-4.5425,-3.8656,-26.376,-0.60545,NaN,NaN,NaN,NaN,NaN
562.34,-5.3291,-23.313,-131.7,-0.007588,0.1851,-4.3259,-3.6668,-25.439,-0.39041,0,0,0,NaN,NaN,NaN,NaN,NaN,NaN,NaN,NaN,NaN,45.72,0,1425.5,0.0064211,NaN,NaN,NaN,NaN,NaN,-1,-1,-0.21582,0.13923,-4.5504,-3.8506,-26.658,-0.60181,NaN,NaN,NaN,NaN,NaN
562.34,-5.3397,-23.378,-131.69,-0.28639,-0.093127,-4.4058,-3.6952,-26.377,-0.6306,0,0,0,NaN,NaN,NaN,NaN,NaN,NaN,NaN,NaN,NaN,45.72,0,1425.5,0.0064211,NaN,NaN,NaN,NaN,9.0652,97208,10.688,-0.21662,0.13808,-4.5535,-3.644,-25.911,-0.57037,NaN,NaN,NaN,NaN,NaN
562.35,-5.3503,-23.44,-131.69,-0.52412,0.53462,-4.8247,-3.6763,-25.124,-0.57009,0,0,0,NaN,NaN,NaN,NaN,NaN,NaN,NaN,NaN,NaN,45.72,0,1425.5,0.0064211,NaN,NaN,NaN,NaN,NaN,-1,-1,-0.21789,0.13654,-4.5573,-3.5922,-26.009,-0.57331,NaN,NaN,NaN,NaN,NaN
562.35,-5.3606,-23.504,-131.68,-0.20633,0.17272,-4.5734,-3.5462,-25.918,-0.61788,0.19364,-0.31554,-1.1084,NaN,NaN,NaN,NaN,NaN,NaN,NaN,NaN,NaN,45.72,0,1425.5,0.0064211,NaN,NaN,NaN,NaN,NaN,-1,-1,-0.22002,0.1389,-4.5626,-3.5538,-26.143,-0.58206,NaN,NaN,NaN,NaN,NaN
562.35,-5.3706,-23.569,-131.67,-0.096607,0.05938,-5.3539,-3.5174,-25.937,-0.74639,0,0,0,NaN,NaN,NaN,NaN,NaN,NaN,NaN,NaN,NaN,45.72,0,1425.5,0.0064211,0.73201,2.6103,0.65663,0.087403,9.1104,97238,10.813,-0.22334,0.13686,-4.5671,-3.5276,-26.208,-0.57985,NaN,NaN,NaN,NaN,NaN
562.35,-5.3811,-23.63,-131.67,-0.2623,0.046602,-4.6405,-3.6017,-24.625,-0.44765,0,0,0,NaN,NaN,NaN,NaN,NaN,NaN,NaN,NaN,NaN,NaN,0,1392.6,0.0058767,NaN,NaN,NaN,NaN,NaN,-1,-1,-0.22553,0.13409,-4.572,-3.3203,-25.354,-0.55545,NaN,NaN,NaN,NaN,NaN
562.36,-5.3911,-23.692,-131.66,-0.15366,0.025054,-4.209,-3.4058,-24.989,-0.52787,0,0,0,NaN,NaN,NaN,NaN,NaN,NaN,NaN,NaN,NaN,NaN,0,1392.6,0.0058767,NaN,NaN,NaN,NaN,9.3219,97219,10.75,-0.22811,0.13825,-4.5803,-3.2858,-25.333,-0.55621,NaN,NaN,NaN,NaN,NaN
562.36,-5.4009,-23.758,-131.65,-0.28547,0.014308,-4.347,-3.3491,-26.712,-0.5615,0.20316,-0.3207,-1.112,NaN,NaN,NaN,NaN,NaN,NaN,NaN,NaN,NaN,NaN,0,1392.6,0.0058767,NaN,NaN,NaN,NaN,NaN,-1,-1,-0.23167,0.1361,-4.5862,-3.2559,-25.223,-0.5618,NaN,NaN,NaN,NaN,NaN
562.36,-5.41,-23.821,-131.65,-0.36611,-0.018255,-5.5328,-3.1694,-25.269,-0.794,0,0,0,NaN,NaN,NaN,NaN,NaN,NaN,NaN,NaN,NaN,NaN,0,1392.6,0.0058767,NaN,NaN,NaN,NaN,NaN,-1,-1,-0.2304,0.13931,-4.581,-3.2252,-25.157,-0.55935,NaN,NaN,NaN,NaN,NaN
562.36,-5.4195,-23.881,-131.64,-0.16005,0.15196,-4.5448,-3.2192,-24.413,-0.567,0,0,0,NaN,NaN,NaN,NaN,NaN,NaN,NaN,NaN,NaN,45.71,0,1392.6,0.0058767,NaN,NaN,NaN,NaN,9.1503,97190,10.625,-0.23263,0.13849,-4.585,-3.1944,-25.133,-0.56844,NaN,NaN,NaN,NaN,NaN
562.37,-5.4288,-23.944,-131.63,-0.14745,0.1079,-4.1948,-3.182,-25.173,-0.66773,0,0,0,NaN,NaN,NaN,NaN,NaN,NaN,NaN,NaN,NaN,45.71,0,1392.6,0.0058767,0.73255,2.6085,0.63959,0.095727,NaN,-1,-1,-0.23292,0.13702,-4.589,-3.1543,-25.039,-0.5697,NaN,NaN,NaN,NaN,NaN
562.37,-5.4454,-24.069,-131.62,-0.30626,0.3858,-4.9553,-2.5059,-24.818,-0.44874,0,0,0,NaN,NaN,NaN,NaN,NaN,NaN,NaN,NaN,NaN,45.71,0,1392.6,0.0058767,NaN,NaN,NaN,NaN,NaN,-1,-1,-0.23217,0.13569,-4.6011,-3.1279,-25.024,-0.56431,NaN,NaN,NaN,NaN,NaN
562.37,-5.4539,-24.13,-131.61,-0.23668,-0.016398,-4.9896,-2.7817,-24.747,-0.41064,0,0,0,NaN,NaN,NaN,NaN,NaN,NaN,NaN,NaN,NaN,45.71,0,1392.6,0.0058767,NaN,NaN,NaN,NaN,8.9765,97219,10.688,-0.23357,0.13232,-4.6061,-3.0937,-24.95,-0.56313,NaN,NaN,NaN,NaN,NaN
562.37,-5.4635,-24.193,-131.61,-0.14128,0.21363,-4.3075,-3.2068,-25.136,-0.56895,0,0,0,NaN,NaN,NaN,NaN,NaN,NaN,NaN,NaN,NaN,45.71,0,1392.6,0.0058767,0.75062,2.6121,0.65968,NaN,9.3153,97213,10.625,-0.23695,0.13584,-4.6111,-3.0493,-24.899,-0.56845,NaN,NaN,NaN,NaN,NaN
562.38,-5.4727,-24.255,-131.6,-0.17737,0.3215,-4.8881,-3.0894,-24.87,-0.55709,0.20525,-0.31558,-1.1051,NaN,NaN,NaN,NaN,NaN,NaN,NaN,NaN,NaN,45.71,0,1392.6,0.0058767,0.75062,2.6121,0.65968,NaN,NaN,-1,-1,-0.23985,0.13646,-4.6176,-3.0007,-24.838,-0.57955,NaN,NaN,NaN,NaN,NaN
562.38,-5.4822,-24.317,-131.6,-0.35108,-0.18155,-4.9471,-3.2073,-24.972,-0.59484,0,0,0,NaN,NaN,NaN,NaN,NaN,NaN,NaN,NaN,NaN,45.71,0,1392.6,0.0058767,NaN,NaN,NaN,NaN,NaN,-1,-1,-0.24057,0.13304,-4.6297,-2.9764,-24.814,-0.58752,NaN,NaN,NaN,NaN,NaN
562.38,-5.4914,-24.377,-131.59,-0.16168,0.012119,-4.8266,-3.1408,-24.407,-0.67048,0,0,0,NaN,NaN,NaN,NaN,NaN,NaN,NaN,NaN,NaN,45.71,0,1392.6,0.0058767,NaN,NaN,NaN,NaN,NaN,-1,-1,-0.24086,0.13302,-4.6341,-2.9767,-24.742,-0.59199,NaN,NaN,NaN,NaN,NaN
562.38,-5.501,-24.438,-131.59,-0.30478,0.1851,-4.1632,-3.337,-24.665,-0.80151,0,0,0,NaN,NaN,NaN,NaN,NaN,NaN,NaN,NaN,NaN,45.71,0,1392.6,0.0058767,NaN,NaN,NaN,NaN,9.2769,97214,10.688,-0.24197,0.13525,-4.6396,-2.9699,-24.691,-0.59913,NaN,NaN,NaN,NaN,NaN
562.39,-5.5179,-24.562,-131.57,-0.36026,0.36026,-4.9042,-2.7013,-24.379,-0.51984,0,0,0,NaN,NaN,NaN,NaN,NaN,NaN,NaN,NaN,NaN,45.71,0,1392.6,0.0058767,NaN,NaN,NaN,NaN,NaN,-1,-1,-0.24389,0.132,-4.6501,-2.9689,-24.682,-0.61018,NaN,NaN,NaN,NaN,NaN
562.39,-5.526,-24.621,-131.56,-0.054784,0.53464,-4.1198,-2.6487,-23.912,-0.51108,0,0,0,NaN,NaN,NaN,NaN,NaN,NaN,NaN,NaN,NaN,45.71,0,1392.6,0.0058767,0.7331,2.6097,0.64385,0.089068,NaN,-1,-1,-0.24422,0.13514,-4.6594,-2.9578,-24.647,-0.61698,NaN,NaN,NaN,NaN,NaN
562.39,-5.5335,-24.684,-131.56,-0.32291,-0.19323,-4.8652,-2.4053,-25.373,-0.68004,0,0,0,NaN,NaN,NaN,NaN,NaN,NaN,NaN,NaN,NaN,45.71,0,1392.6,0.0058767,NaN,NaN,NaN,NaN,8.9363,97222,10.75,-0.24761,0.137,-4.6679,-2.9315,-24.59,-0.63427,NaN,NaN,NaN,NaN,NaN
562.39,-5.5418,-24.745,-131.55,-0.45456,0.1946,-5.1275,-2.6594,-24.458,-0.4716,0.21692,-0.32305,-1.1063,NaN,NaN,NaN,NaN,NaN,NaN,NaN,NaN,NaN,45.71,0,1392.6,0.0058767,NaN,NaN,NaN,NaN,NaN,-1,-1,-0.24661,0.13975,-4.6689,-2.9027,-24.539,-0.63589,NaN,NaN,NaN,NaN,NaN
562.4,-5.5497,-24.803,-131.55,-0.12973,0.43563,-4.628,-2.6545,-23.539,-0.71144,0,0,0,NaN,NaN,NaN,NaN,NaN,NaN,NaN,NaN,NaN,45.71,0,1392.6,0.0058767,NaN,NaN,NaN,NaN,8.9754,97204,10.625,-0.2478,0.14117,-4.6829,-2.8698,-24.443,-0.63775,NaN,NaN,NaN,NaN,NaN
562.4,-5.5585,-24.866,-131.54,-0.15742,-0.14304,-4.5101,-2.9641,-25.236,-0.83056,0,0,0,NaN,NaN,NaN,NaN,NaN,NaN,NaN,NaN,NaN,45.71,0,1392.6,0.0058767,NaN,NaN,NaN,NaN,NaN,-1,-1,-0.24838,0.14072,-4.6968,-2.8727,-24.342,-0.62463,NaN,NaN,NaN,NaN,NaN
562.4,-5.5689,-24.926,-131.53,-0.41541,0.24158,-5.1533,-3.5218,-24.237,-0.53497,0,0,0,NaN,NaN,NaN,NaN,NaN,NaN,NaN,NaN,NaN,45.71,0,1392.6,0.0058767,NaN,NaN,NaN,NaN,NaN,-1,-1,-0.24781,0.13647,-4.7016,-2.8945,-24.31,-0.63593,NaN,NaN,NaN,NaN,NaN
562.4,-5.5792,-24.984,-131.53,-0.32871,0.45083,-4.3308,-3.4354,-23.631,-0.39087,0.22866,-0.32811,-1.1075,NaN,NaN,NaN,NaN,NaN,NaN,NaN,NaN,NaN,45.71,0,1392.6,0.0058767,0.7446,2.602,0.64264,0.099889,9.3996,97209,10.625,-0.25089,0.13299,-4.7121,-2.9052,-24.242,-0.64931,NaN,NaN,NaN,NaN,NaN
562.41,-5.5887,-25.048,-131.52,-0.25228,-0.03774,-5.1559,-3.2533,-25.794,-0.82993,0,0,0,NaN,NaN,NaN,NaN,NaN,NaN,NaN,NaN,NaN,45.71,0,1392.6,0.0058767,NaN,NaN,NaN,NaN,NaN,-1,-1,-0.25244,0.13308,-4.7334,-2.918,-24.156,-0.66571,NaN,NaN,NaN,NaN,NaN
562.41,-5.598,-25.107,-131.52,-0.41729,-0.078518,-5.6753,-3.1247,-23.801,-0.62281,0,0,0,NaN,NaN,NaN,NaN,NaN,NaN,NaN,NaN,NaN,45.71,0,1392.6,0.0058767,NaN,NaN,NaN,NaN,NaN,-1,-1,-0.25207,0.13546,-4.7356,-2.9332,-24.103,-0.67494,NaN,NaN,NaN,NaN,NaN
562.41,-5.6067,-25.164,-131.51,-0.071783,0.24892,-4.246,-2.9424,-22.873,-0.68148,0,0,0,NaN,NaN,NaN,NaN,NaN,NaN,NaN,NaN,NaN,45.71,0,1392.6,0.0058767,NaN,NaN,NaN,NaN,9.5675,97214,10.688,-0.25118,0.13822,-4.747,-2.966,-24.008,-0.67721,NaN,NaN,NaN,NaN,NaN
562.41,-5.615,-25.226,-131.51,-0.17214,-0.12987,-4.2667,-2.6762,-24.99,-0.60086,0.22626,-0.32066,-1.1032,NaN,NaN,NaN,NaN,NaN,NaN,NaN,NaN,NaN,45.71,0,1392.6,0.0058767,NaN,NaN,NaN,NaN,9.4925,97259,10.938,-0.25345,0.13706,-4.7614,-2.9911,-23.939,-0.68053,NaN,NaN,NaN,NaN,NaN
562.42,-5.6235,-25.286,-131.5,-0.54733,0.11612,-5.239,-2.8262,-24.289,-0.74588,0,0,0,NaN,NaN,NaN,NaN,NaN,NaN,NaN,NaN,NaN,45.71,0,1392.6,0.0058767,0.73967,2.6121,0.64264,0.087403,NaN,-1,-1,-0.25426,0.13676,-4.7736,-3.0093,-23.93,-0.68153,NaN,NaN,NaN,NaN,NaN
562.42,-5.6316,-25.344,-131.49,-0.31641,0.26625,-4.7484,-2.6226,-23.217,-0.5156,0,0,0,NaN,NaN,NaN,NaN,NaN,NaN,NaN,NaN,NaN,45.71,0,1392.6,0.0058767,NaN,NaN,NaN,NaN,9.4017,97219,10.688,-0.25518,0.13523,-4.789,-3.035,-23.817,-0.68962,NaN,NaN,NaN,NaN,NaN
562.42,-5.6393,-25.405,-131.49,-0.099873,0.36301,-4.7711,-2.5717,-24.637,-0.90877,0,0,0,NaN,NaN,NaN,NaN,NaN,NaN,NaN,NaN,NaN,45.71,0,1392.6,0.0058767,NaN,NaN,NaN,NaN,NaN,-1,-1,-0.25399,0.13548,-4.8,-3.0463,-23.728,-0.70539,NaN,NaN,NaN,NaN,NaN
562.42,-5.6556,-25.52,-131.48,-0.16769,0.12079,-4.6153,-2.7356,-23.072,-0.85743,0,0,0,NaN,NaN,NaN,NaN,NaN,NaN,NaN,NaN,NaN,45.71,0,1392.6,0.0058767,NaN,NaN,NaN,NaN,9.5272,97231,10.75,-0.25383,0.13447,-4.8067,-3.0587,-23.674,-0.71806,NaN,NaN,NaN,NaN,NaN
562.43,-5.6645,-25.58,-131.47,-0.34683,0.2296,-5.0964,-3.0232,-24.391,-0.87966,0,0,0,NaN,NaN,NaN,NaN,NaN,NaN,NaN,NaN,NaN,45.71,0,1392.6,0.0058767,NaN,NaN,NaN,NaN,NaN,-1,-1,-0.25745,0.1359,-4.8234,-3.0542,-23.563,-0.73398,NaN,NaN,NaN,NaN,NaN
562.43,-5.683,-25.694,-131.46,-0.13323,-0.073108,-4.5721,-3.2321,-22.78,-0.7158,0.23135,-0.32108,-1.1094,NaN,NaN,NaN,NaN,NaN,NaN,NaN,NaN,NaN,45.71,0,1392.6,0.0058767,NaN,NaN,NaN,NaN,NaN,-1,-1,-0.25864,0.13733,-4.8333,-3.0606,-23.477,-0.7407,NaN,NaN,NaN,NaN,NaN
562.43,-5.6935,-25.754,-131.46,-0.065374,-0.057294,-4.6185,-3.5177,-24.378,-0.63094,0,0,0,NaN,NaN,NaN,NaN,NaN,NaN,NaN,NaN,NaN,45.71,0,1392.6,0.0058767,NaN,NaN,NaN,NaN,9.5669,97217,10.688,-0.25735,0.13226,-4.8539,-3.0838,-23.419,-0.74744,NaN,NaN,NaN,NaN,NaN
562.43,-5.7132,-25.869,-131.44,-0.27269,0.14374,-4.816,-3.2495,-22.847,-0.73253,0,0,0,NaN,NaN,NaN,NaN,NaN,NaN,NaN,NaN,NaN,45.71,0,1392.6,0.0058767,0.74131,2.6085,0.65542,NaN,NaN,-1,-1,-0.25739,0.135,-4.8656,-3.1003,-23.339,-0.74865,NaN,NaN,NaN,NaN,NaN
562.44,-5.7215,-25.927,-131.44,-0.28174,0.12193,-4.5736,-2.7138,-23.687,-0.69431,0.23849,-0.30406,-1.1021,NaN,NaN,NaN,NaN,NaN,NaN,NaN,NaN,NaN,45.71,0,1392.6,0.0058767,NaN,NaN,NaN,0.074917,9.5286,97245,10.813,-0.25599,0.13567,-4.8712,-3.1221,-23.262,-0.75079,NaN,NaN,NaN,NaN,NaN
562.44,-5.7395,-26.044,-131.43,-0.32026,0.25231,-5.5006,-3.0741,-22.84,-0.88058,0,0,0,NaN,NaN,NaN,NaN,NaN,NaN,NaN,NaN,NaN,45.71,0,1392.6,0.0058767,NaN,NaN,NaN,NaN,NaN,-1,-1,-0.25861,0.13131,-4.8819,-3.1307,-23.169,-0.77185,NaN,NaN,NaN,NaN,NaN
562.44,-5.7477,-26.1,-131.42,-0.14505,0.3918,-4.6871,-2.7751,-22.706,-0.83772,0,0,0,NaN,NaN,NaN,NaN,NaN,NaN,NaN,NaN,NaN,45.71,0,1392.6,0.0058767,NaN,NaN,NaN,NaN,NaN,-1,-1,-0.25939,0.13165,-4.9016,-3.1376,-23.102,-0.78739,NaN,NaN,NaN,NaN,NaN
562.44,-5.7753,-26.272,-131.4,-0.34048,0.02893,-5.3127,-3.3021,-22.681,-0.71476,0,0,0,NaN,NaN,NaN,NaN,NaN,NaN,NaN,NaN,NaN,45.71,0,1392.6,0.0058767,NaN,NaN,NaN,NaN,9.3584,97228,10.688,-0.25824,0.13373,-4.9107,-3.1344,-22.996,-0.80028,NaN,NaN,NaN,NaN,NaN
562.45,-5.7857,-26.327,-131.4,-0.13987,0.09396,-5.1324,-3.5264,-22.207,-0.61106,0,0,0,NaN,NaN,NaN,NaN,NaN,NaN,NaN,NaN,NaN,45.71,0,1392.6,0.0058767,0.73803,2.6133,0.63351,0.09323,NaN,-1,-1,-0.25709,0.13536,-4.9175,-3.1863,-23.541,-0.83666,NaN,NaN,NaN,NaN,NaN
562.45,-5.7959,-26.383,-131.39,-0.17202,0.010311,-4.8577,-3.5958,-22.564,-0.79446,0.25262,-0.32149,-1.1097,NaN,NaN,NaN,NaN,NaN,NaN,NaN,NaN,NaN,45.71,0,1392.6,0.0058767,NaN,NaN,NaN,NaN,NaN,-1,-1,-0.25909,0.13612,-4.9343,-3.1301,-23.353,-0.84013,NaN,NaN,NaN,NaN,NaN
562.45,-5.8064,-26.44,-131.39,-0.36442,0.051025,-4.9131,-3.6329,-22.929,-0.79017,0,0,0,NaN,NaN,NaN,NaN,NaN,NaN,NaN,NaN,NaN,45.71,0,1392.6,0.0058767,NaN,NaN,NaN,NaN,9.6523,97216,10.75,-0.25949,0.13937,-4.9465,-3.0766,-23.145,-0.84414,NaN,NaN,NaN,NaN,NaN
562.45,-5.8153,-26.498,-131.38,-0.35887,0.2504,-5.4215,-3.1697,-23.358,-1.2308,0,0,0,NaN,NaN,NaN,NaN,NaN,NaN,NaN,NaN,NaN,45.71,0,1361.2,0.0058767,NaN,NaN,NaN,NaN,NaN,-1,-1,-0.26014,0.13869,-4.9608,-3.0396,-22.892,-0.85166,NaN,NaN,NaN,NaN,NaN
562.46,-5.8234,-26.553,-131.38,-0.29864,0.24346,-5.3454,-2.7269,-22.281,-0.78214,0,0,0,NaN,NaN,NaN,NaN,NaN,NaN,NaN,NaN,NaN,45.71,0,1361.2,0.0058767,NaN,NaN,NaN,NaN,9.6463,97186,10.563,-0.26193,0.13653,-4.9719,-3.066,-23.35,-0.89103,NaN,NaN,NaN,NaN,NaN
562.46,-5.8327,-26.607,-131.37,-0.14821,-0.051566,-4.9523,-3.1291,-22,-0.65323,0.25713,-0.31893,-1.1049,NaN,NaN,NaN,NaN,NaN,NaN,NaN,NaN,NaN,45.71,0,1361.2,0.0058767,0.73091,2.602,0.63594,0.09656,NaN,-1,-1,-0.26136,0.13561,-4.9844,-3.0215,-23.026,-0.88921,NaN,NaN,NaN,NaN,NaN
562.46,-5.8422,-26.665,-131.36,-0.24991,0.087834,-5.0951,-3.0601,-23.302,-0.58064,0,0,0,NaN,NaN,NaN,NaN,NaN,NaN,NaN,NaN,NaN,45.71,0,1361.2,0.0058767,NaN,NaN,NaN,NaN,NaN,-1,-1,-0.26134,0.13569,-4.9974,-2.9962,-22.66,-0.87641,NaN,NaN,NaN,NaN,NaN
562.46,-5.851,-26.721,-131.36,-0.58079,0.4846,-5.2715,-3.0566,-22.497,-0.94469,0,0,0,NaN,NaN,NaN,NaN,NaN,NaN,NaN,NaN,NaN,45.71,0,1361.2,0.0058767,NaN,NaN,NaN,NaN,9.6887,97218,10.688,-0.26135,0.1354,-5.015,-2.9635,-22.387,-0.88203,NaN,NaN,NaN,NaN,NaN
562.47,-5.859,-26.776,-131.35,-0.2416,0.35667,-4.5914,-2.6868,-22.368,-0.88854,0,0,0,NaN,NaN,NaN,NaN,NaN,NaN,NaN,NaN,NaN,45.71,0,1361.2,0.0058767,NaN,NaN,NaN,NaN,NaN,-1,-1,-0.26099,0.13578,-5.024,-2.9215,-22.09,-0.87524,NaN,NaN,NaN,NaN,NaN
562.47,-5.8749,-26.888,-131.34,-0.28895,0.086579,-5.4356,-2.7522,-21.719,-0.94401,0,0,0,NaN,NaN,NaN,NaN,NaN,NaN,NaN,NaN,NaN,45.71,0,1361.2,0.0058767,0.72982,2.4922,0.71201,0.037458,NaN,-1,-1,-0.25634,0.13534,-4.9861,-2.8616,-21.764,-0.87765,NaN,NaN,NaN,NaN,NaN
562.47,-5.8832,-26.942,-131.34,-0.15823,0.347,-4.9786,-2.9357,-21.621,-1.0831,0,0,0,NaN,NaN,NaN,NaN,NaN,NaN,NaN,NaN,NaN,45.71,0,1361.2,0.0058767,NaN,NaN,NaN,NaN,9.9263,97187,10.563,-0.26008,0.13244,-5.0067,-2.7973,-21.53,-0.88028,NaN,NaN,NaN,NaN,NaN
562.47,-5.8906,-27,-131.33,-0.26462,-0.11378,-5.3618,-2.5245,-23.501,-1.1924,0,0,0,NaN,NaN,NaN,NaN,NaN,NaN,NaN,NaN,NaN,45.71,0,1361.2,0.0058767,NaN,NaN,NaN,NaN,9.8076,97228,10.688,-0.26297,0.13411,-5.0296,-2.7478,-21.307,-0.87659,NaN,NaN,NaN,NaN,NaN
562.48,-5.8995,-27.055,-131.33,-0.42432,-0.12449,-5.63,-2.994,-21.971,-0.78873,0.26203,-0.31672,-1.1067,-4.7895,-7.4425,-4.8247,10.08,40.057,-88.55,3.6778e+05,4.4353e+06,295.14,45.71,0,1361.2,0.0058767,NaN,NaN,NaN,NaN,NaN,-1,-1,-0.26233,0.13755,-5.0418,-2.6636,-21.028,-0.86964,9.7746,-2.4568,0.17374,1.0183,-14.107
562.48,-5.908,-27.108,-131.32,-0.079855,0.36937,-5.0096,-2.9643,-21.506,-0.99609,0,0,0,NaN,NaN,NaN,NaN,NaN,NaN,NaN,NaN,NaN,45.71,0,1361.2,0.0058767,NaN,NaN,NaN,NaN,NaN,-1,-1,-0.26566,0.14043,-5.0637,-2.5919,-20.859,-0.86993,NaN,NaN,NaN,NaN,NaN
562.48,-5.9165,-27.165,-131.32,-0.23389,0.23761,-5.116,-2.7281,-22.834,-0.66469,0,0,0,NaN,NaN,NaN,NaN,NaN,NaN,NaN,NaN,NaN,45.71,0,1361.2,0.0058767,0.73529,2.4826,0.71506,0.049945,9.7301,97234,10.75,-0.2626,0.13903,-5.0319,-2.5114,-20.628,-0.86573,NaN,NaN,NaN,NaN,NaN
562.48,-5.9242,-27.22,-131.31,-0.35596,-0.2382,-5.2817,-2.5169,-22.085,-0.83698,0,0,0,NaN,NaN,NaN,NaN,NaN,NaN,NaN,NaN,NaN,45.71,0,1361.2,0.0058767,NaN,NaN,NaN,NaN,9.8098,97236,10.75,-0.26391,0.13851,-5.0555,-2.442,-20.442,-0.86465,NaN,NaN,NaN,NaN,NaN
562.49,-5.9389,-27.327,-131.3,-0.37627,0.26335,-5.224,-2.3109,-21.567,-0.97477,0,0,0,NaN,NaN,NaN,NaN,NaN,NaN,NaN,NaN,NaN,45.71,0,1361.2,0.0058767,NaN,NaN,NaN,NaN,NaN,-1,-1,-0.26132,0.13839,-5.0683,-2.3715,-20.228,-0.84268,NaN,NaN,NaN,NaN,NaN
562.49,-5.9456,-27.381,-131.3,-0.54236,-0.16249,-5.3815,-2.286,-21.96,-1.1546,0,0,0,NaN,NaN,NaN,NaN,NaN,NaN,NaN,NaN,NaN,45.71,0,1361.2,0.0058767,NaN,NaN,NaN,NaN,NaN,-1,-1,-0.2626,0.13982,-5.092,-2.3124,-20.12,-0.83034,NaN,NaN,NaN,NaN,NaN
562.49,-5.9519,-27.436,-131.29,-0.16595,0.37949,-5.195,-2.1216,-22.038,-1.2156,0,0,0,NaN,NaN,NaN,NaN,NaN,NaN,NaN,NaN,NaN,45.71,0,1361.2,0.0058767,0.74515,2.6121,0.65542,NaN,NaN,-1,-1,-0.26537,0.13788,-5.1047,-2.2638,-19.94,-0.81754,NaN,NaN,NaN,NaN,NaN
562.49,-5.9593,-27.491,-131.29,-0.21506,0.40642,-5.2313,-2.3507,-21.973,-0.73722,0.2807,-0.31194,-1.1006,NaN,NaN,NaN,NaN,NaN,NaN,NaN,NaN,NaN,45.71,0,1361.2,0.0058767,NaN,NaN,NaN,0.064096,9.9668,97202,10.625,-0.26528,0.13969,-5.121,-2.1926,-19.788,-0.82307,NaN,NaN,NaN,NaN,NaN
562.5,-5.974,-27.597,-131.28,-0.27823,0.16959,-5.0224,-2.5699,-21.433,-1.0473,0,0,0,NaN,NaN,NaN,NaN,NaN,NaN,NaN,NaN,NaN,45.71,0,1361.2,0.0058767,NaN,NaN,NaN,NaN,NaN,-1,-1,-0.26664,0.13744,-5.1441,-2.1296,-19.662,-0.83122,NaN,NaN,NaN,NaN,NaN
562.5,-5.9808,-27.652,-131.27,-0.33999,0.35764,-5.3234,-2.1414,-22.305,-0.85325,0,0,0,NaN,NaN,NaN,NaN,NaN,NaN,NaN,NaN,NaN,45.71,0,1361.2,0.0058767,NaN,NaN,NaN,NaN,9.4844,97241,10.75,-0.26924,0.13796,-5.1604,-2.0693,-19.558,-0.83848,NaN,NaN,NaN,NaN,NaN
562.5,0,0,0,0,0,0,0,0,0,0,0,0,NaN,NaN,NaN,NaN,NaN,NaN,NaN,NaN,NaN,45.71,0,1361.2,0.0058767,NaN,NaN,NaN,NaN,NaN,-1,-1,-0.27197,0.14555,-5.1652,-2.0318,-19.434,-0.83893,NaN,NaN,NaN,NaN,NaN
562.5,-5.9883,-27.704,-131.27,-0.20443,-0.12578,-6.0564,-2.5758,-21.176,-1.053,0.27835,-0.31191,-1.1008,NaN,NaN,NaN,NaN,NaN,NaN,NaN,NaN,NaN,45.71,0,1361.2,0.0058767,0.73748,2.4898,0.7114,0.050777,9.6852,97217,10.625,-0.27468,0.14734,-5.1821,-1.9997,-19.327,-0.83184,NaN,NaN,NaN,NaN,NaN
562.51,-5.9963,-27.757,-131.27,-0.15201,0.037545,-4.9683,-2.6346,-21.073,-0.81177,0,0,0,NaN,NaN,NaN,NaN,NaN,NaN,NaN,NaN,NaN,45.71,0,1361.2,0.0058767,NaN,NaN,NaN,NaN,NaN,-1,-1,-0.27551,0.14954,-5.2003,-1.9887,-19.227,-0.83,NaN,NaN,NaN,NaN,NaN
562.51,-6.0165,-27.919,-131.25,-0.3516,0.043088,-5.9312,-1.9865,-21.604,-0.91536,0.28324,-0.31461,-1.1048,NaN,NaN,NaN,NaN,NaN,NaN,NaN,NaN,NaN,45.71,0,1361.2,0.0058767,NaN,NaN,NaN,NaN,9.8111,97250,10.813,-0.27514,0.15203,-5.2094,-1.9837,-19.172,-0.83108,NaN,NaN,NaN,NaN,NaN
562.51,0,0,0,0,0,0,0,0,0,0,0,0,NaN,NaN,NaN,NaN,NaN,NaN,NaN,NaN,NaN,45.71,0,1361.2,0.0058767,NaN,NaN,NaN,NaN,NaN,-1,-1,-0.27612,0.14984,-5.218,-1.9614,-19.152,-0.84217,NaN,NaN,NaN,NaN,NaN
562.51,-6.0239,-27.969,-131.24,-0.22992,0.37831,-5.5323,-2.4431,-20.421,-0.82941,0,0,0,NaN,NaN,NaN,NaN,NaN,NaN,NaN,NaN,NaN,45.71,0,1361.2,0.0058767,NaN,NaN,NaN,NaN,9.886,97213,10.625,-0.27874,0.15159,-5.2284,-1.9338,-19.088,-0.84506,NaN,NaN,NaN,NaN,NaN
562.52,-6.0298,-28.022,-131.24,-0.2435,0.26179,-4.6972,-1.8226,-21.364,-0.96349,0,0,0,NaN,NaN,NaN,NaN,NaN,NaN,NaN,NaN,NaN,45.71,0,1361.2,0.0058767,0.73091,2.6097,0.64811,0.097392,NaN,-1,-1,-0.28118,0.14898,-5.2424,-1.9192,-19.033,-0.8451,NaN,NaN,NaN,NaN,NaN
562.52,-6.0419,-28.13,-131.22,-0.41136,0.21817,-5.6808,-1.8174,-21.363,-0.83056,0.28956,-0.32141,-1.0953,NaN,NaN,NaN,NaN,NaN,NaN,NaN,NaN,NaN,45.71,0,1361.2,0.0058767,NaN,NaN,NaN,NaN,NaN,-1,-1,-0.28087,0.14858,-5.2516,-1.9149,-19.045,-0.84084,NaN,NaN,NaN,NaN,NaN
562.52,-6.0478,-28.181,-131.22,-0.21439,0.10441,-5.3958,-1.9071,-20.717,-1.001,0,0,0,NaN,NaN,NaN,NaN,NaN,NaN,NaN,NaN,NaN,45.71,0,1361.2,0.0058767,NaN,NaN,NaN,NaN,10.086,97257,10.813,-0.2826,0.15029,-5.2635,-1.9174,-19.091,-0.85397,NaN,NaN,NaN,NaN,NaN
562.52,-6.0611,-28.286,-131.21,-0.27004,0.26202,-5.6821,-2.2252,-20.879,-0.76541,0,0,0,NaN,NaN,NaN,NaN,NaN,NaN,NaN,NaN,NaN,45.71,0,1361.2,0.0058767,NaN,NaN,NaN,NaN,NaN,-1,-1,-0.28264,0.15213,-5.2634,-1.9212,-19.114,-0.86206,NaN,NaN,NaN,NaN,NaN
562.53,-6.0542,-28.351,-131.22,-0.23387,-0.43506,-5.3381,-2.0264,-20.665,-0.61175,0.28755,-0.31432,-1.0977,NaN,NaN,NaN,NaN,NaN,NaN,NaN,NaN,NaN,45.71,0,1361.2,0.0058767,0.74241,2.5011,0.7114,0.038291,10.162,97246,10.75,-0.28582,0.15203,-5.2677,-1.9386,-19.107,-0.86944,NaN,NaN,NaN,NaN,NaN
562.53,-6.0725,-28.505,-131.21,-0.36049,-0.038139,-5.1985,-1.5969,-20.162,-0.90143,0,0,0,NaN,NaN,NaN,NaN,NaN,NaN,NaN,NaN,NaN,45.71,0,1361.2,0.0058767,NaN,NaN,NaN,NaN,NaN,-1,-1,-0.2901,0.15339,-5.2765,-1.9646,-19.162,-0.8827,NaN,NaN,NaN,NaN,NaN
562.53,-6.0799,-28.557,-131.2,-0.11775,0.15553,-5.3305,-2.3266,-21.19,-0.72594,0.2969,-0.30702,-1.0925,NaN,NaN,NaN,NaN,NaN,NaN,NaN,NaN,NaN,45.71,0,1361.2,0.0058767,NaN,NaN,NaN,NaN,NaN,-1,-1,-0.29029,0.1555,-5.2767,-1.9791,-19.284,-0.9022,NaN,NaN,NaN,NaN,NaN
562.53,-6.0919,-28.66,-131.19,-0.3563,0.13881,-5.7373,-1.8,-19.745,-0.8733,0,0,0,NaN,NaN,NaN,NaN,NaN,NaN,NaN,NaN,NaN,45.71,0,1361.2,0.0058767,NaN,NaN,NaN,NaN,10.125,97210,10.688,-0.28844,0.15572,-5.2736,-1.9933,-19.35,-0.91017,NaN,NaN,NaN,NaN,NaN
562.54,-6.0983,-28.71,-131.18,-0.19727,-0.00388,-4.6719,-2.1199,-20.413,-0.99437,0,0,0,NaN,NaN,NaN,NaN,NaN,NaN,NaN,NaN,NaN,45.71,0,1361.2,0.0058767,NaN,NaN,NaN,NaN,NaN,-1,-1,-0.29199,0.16145,-5.277,-2.0264,-19.427,-0.92959,NaN,NaN,NaN,NaN,NaN
562.54,-6.1046,-28.763,-131.18,-0.3814,0.4302,-5.4663,-2.0543,-20.9,-0.96773,0.29689,-0.31193,-1.0947,NaN,NaN,NaN,NaN,NaN,NaN,NaN,NaN,NaN,45.71,0,1361.2,0.0058767,NaN,NaN,NaN,NaN,NaN,-1,-1,-0.29514,0.16176,-5.3228,-2.0579,-19.587,-0.93171,NaN,NaN,NaN,NaN,NaN
562.54,-6.1111,-28.814,-131.17,-0.45278,0.13727,-6.2882,-2.3666,-20.651,-1.5124,0,0,0,NaN,NaN,NaN,NaN,NaN,NaN,NaN,NaN,NaN,45.71,0,1361.2,0.0058767,NaN,NaN,NaN,NaN,10.045,97224,10.688,-0.29819,0.16333,-5.3311,-2.0794,-19.706,-0.9335,NaN,NaN,NaN,NaN,NaN
562.54,-6.1181,-28.862,-131.17,-0.20901,0.2024,-5.5651,-2.4953,-19.514,-1.2173,0,0,0,NaN,NaN,NaN,NaN,NaN,NaN,NaN,NaN,NaN,45.71,0,1361.2,0.0058767,NaN,NaN,NaN,NaN,NaN,-1,-1,-0.30022,0.16579,-5.3432,-2.1002,-19.825,-0.95253,NaN,NaN,NaN,NaN,NaN
562.55,-6.1239,-28.913,-131.17,-0.19946,0.27718,-4.9458,-2.0735,-20.571,-1.3927,0,0,0,NaN,NaN,NaN,NaN,NaN,NaN,NaN,NaN,NaN,45.71,0,1361.2,0.0058767,0.75336,2.6163,0.65724,NaN,10.198,97217,10.625,-0.30158,0.167,-5.3441,-2.1291,-20.007,-0.97914,NaN,NaN,NaN,NaN,NaN
562.55,-6.1311,-28.966,-131.16,-0.42219,-0.004226,-5.7991,-2.2733,-21.141,-0.82443,0.29702,-0.30714,-1.0947,NaN,NaN,NaN,NaN,NaN,NaN,NaN,NaN,NaN,45.71,0,1361.2,0.0058767,0.75336,2.6163,0.65724,NaN,NaN,-1,-1,-0.30255,0.16822,-5.3855,-2.1594,-20.207,-1.0124,NaN,NaN,NaN,NaN,NaN
562.55,-6.1385,-29.015,-131.16,-0.48221,0.092175,-6.2572,-2.4801,-20.068,-0.91123,0,0,0,NaN,NaN,NaN,NaN,NaN,NaN,NaN,NaN,NaN,45.71,0,1361.2,0.0058767,NaN,NaN,NaN,NaN,NaN,-1,-1,-0.30839,0.16779,-5.4018,-2.2088,-20.393,-1.0328,NaN,NaN,NaN,NaN,NaN
562.55,-6.1453,-29.064,-131.15,-0.15896,0.092668,-5.3696,-2.1921,-19.56,-0.89777,0,0,0,NaN,NaN,NaN,NaN,NaN,NaN,NaN,NaN,NaN,45.73,0,1329.8,0.0069644,NaN,NaN,NaN,NaN,10.28,97251,10.813,-0.31243,0.16555,-5.4179,-2.2652,-20.639,-1.0633,NaN,NaN,NaN,NaN,NaN
562.56,-6.1518,-29.115,-131.15,-0.18798,0.10255,-5.1702,-2.1212,-20.462,-0.96801,0,0,0,NaN,NaN,NaN,NaN,NaN,NaN,NaN,NaN,NaN,45.73,0,1329.8,0.0069644,NaN,NaN,NaN,NaN,NaN,-1,-1,-0.31193,0.16626,-5.4189,-2.2982,-20.861,-1.0769,NaN,NaN,NaN,NaN,NaN
562.56,-6.1655,-29.214,-131.14,-0.59425,0.39298,-5.9105,-2.3903,-19.873,-1.0706,0,0,0,NaN,NaN,NaN,NaN,NaN,NaN,NaN,NaN,NaN,45.73,0,1329.8,0.0069644,NaN,NaN,NaN,NaN,NaN,-1,-1,-0.31454,0.17325,-5.4205,-2.2539,-20.247,-1.0631,NaN,NaN,NaN,NaN,NaN
562.56,-6.1718,-29.264,-131.13,-0.27413,0.040625,-5.7501,-2.0637,-20.323,-1.0976,0,0,0,NaN,NaN,NaN,NaN,NaN,NaN,NaN,NaN,NaN,45.73,0,1329.8,0.0069644,0.73255,2.6049,0.63533,0.097392,10.085,97239,10.75,-0.31907,0.174,-5.4393,-2.288,-20.326,-1.0743,NaN,NaN,NaN,NaN,NaN
562.56,-6.1783,-29.313,-131.13,-0.15814,0.39888,-5.7814,-2.1657,-19.786,-1.017,0,0,0,NaN,NaN,NaN,NaN,NaN,NaN,NaN,NaN,NaN,45.73,0,1329.8,0.0069644,NaN,NaN,NaN,NaN,NaN,-1,-1,-0.32082,0.17817,-5.452,-2.3234,-20.363,-1.0783,NaN,NaN,NaN,NaN,NaN
562.57,-6.1853,-29.362,-131.12,-0.27492,0.19002,-5.3705,-2.4707,-19.64,-1.2311,0.30613,-0.32175,-1.0961,NaN,NaN,NaN,NaN,NaN,NaN,NaN,NaN,NaN,45.73,0,1329.8,0.0069644,NaN,NaN,NaN,NaN,10.196,97206,10.563,-0.32261,0.18099,-5.4498,-2.3368,-20.513,-1.0847,NaN,NaN,NaN,NaN,NaN
562.57,-6.1924,-29.413,-131.12,-0.40284,0.030985,-5.628,-2.3704,-20.381,-1.1082,0,0,0,NaN,NaN,NaN,NaN,NaN,NaN,NaN,NaN,NaN,45.73,0,1329.8,0.0069644,NaN,NaN,NaN,NaN,NaN,-1,-1,-0.32556,0.17935,-5.4557,-2.2755,-19.85,-1.0633,NaN,NaN,NaN,NaN,NaN
562.57,-6.2,-29.463,-131.11,-0.46707,0.22995,-5.7364,-2.5759,-20.286,-1.059,0,0,0,NaN,NaN,NaN,NaN,NaN,NaN,NaN,NaN,NaN,45.73,0,1329.8,0.0069644,NaN,NaN,NaN,NaN,NaN,-1,-1,-0.32766,0.17892,-5.4645,-2.3143,-19.734,-1.0717,NaN,NaN,NaN,NaN,NaN
562.57,-6.2072,-29.513,-131.11,-0.24402,0.098142,-5.7858,-2.4429,-20.158,-1.0805,0,0,0,NaN,NaN,NaN,NaN,NaN,NaN,NaN,NaN,NaN,45.73,0,1329.8,0.0069644,0.73091,2.6014,0.63533,0.097392,10.158,97222,10.625,-0.32938,0.17913,-5.4739,-2.3185,-19.697,-1.0772,NaN,NaN,NaN,NaN,NaN
562.58,-6.2218,-29.609,-131.1,-0.25731,0.31349,-5.5296,-2.4667,-18.773,-0.90092,0,0,0,NaN,NaN,NaN,NaN,NaN,NaN,NaN,NaN,NaN,45.73,0,1329.8,0.0069644,0.73091,2.6014,0.63533,0.097392,NaN,-1,-1,-0.3299,0.1857,-5.4744,-2.3194,-19.68,-1.0773,NaN,NaN,NaN,NaN,NaN
562.58,-6.2286,-29.658,-131.1,-0.10763,-0.071945,-5.4249,-2.2259,-19.732,-0.99523,0,0,0,NaN,NaN,NaN,NaN,NaN,NaN,NaN,NaN,NaN,45.73,0,1329.8,0.0069644,NaN,NaN,NaN,NaN,NaN,-1,-1,-0.33249,0.18176,-5.4879,-2.3208,-19.609,-1.0857,NaN,NaN,NaN,NaN,NaN
562.58,-6.2348,-29.708,-131.09,-0.50643,0.10951,-6.0689,-1.9738,-20.423,-1.0927,0,0,0,NaN,NaN,NaN,NaN,NaN,NaN,NaN,NaN,NaN,45.73,0,1329.8,0.0069644,NaN,NaN,NaN,NaN,10.045,97249,10.75,-0.33616,0.18453,-5.4995,-2.3378,-19.547,-1.0869,NaN,NaN,NaN,NaN,NaN
562.58,-6.2406,-29.755,-131.09,-0.40835,0.66573,-5.9158,-1.9944,-18.771,-1.1098,0.31769,-0.31928,-1.0906,NaN,NaN,NaN,NaN,NaN,NaN,NaN,NaN,NaN,45.73,0,1329.8,0.0069644,NaN,NaN,NaN,NaN,NaN,-1,-1,-0.33735,0.18605,-5.4956,-2.3335,-19.504,-1.0833,NaN,NaN,NaN,NaN,NaN
562.59,-6.2465,-29.802,-131.08,-0.29134,0.021425,-4.8141,-2.011,-19.041,-1.1157,0,0,0,NaN,NaN,NaN,NaN,NaN,NaN,NaN,NaN,NaN,45.73,0,1329.8,0.0069644,0.72817,2.6061,0.63838,0.069923,10.316,97239,10.75,-0.33928,0.186,-5.5001,-2.3177,-19.434,-1.0873,NaN,NaN,NaN,NaN,NaN
562.59,-6.2543,-29.851,-131.08,-0.2849,0.27476,-5.7961,-2.6562,-19.745,-1.1074,0,0,0,NaN,NaN,NaN,NaN,NaN,NaN,NaN,NaN,NaN,45.73,0,1329.8,0.0069644,NaN,NaN,NaN,NaN,NaN,-1,-1,-0.34157,0.18621,-5.5094,-2.3235,-19.402,-1.0762,NaN,NaN,NaN,NaN,NaN
562.59,-6.2613,-29.899,-131.07,-0.40713,0.41608,-6.3508,-2.3205,-19.357,-0.98457,0,0,0,NaN,NaN,NaN,NaN,NaN,NaN,NaN,NaN,NaN,45.73,0,1329.8,0.0069644,NaN,NaN,NaN,NaN,NaN,-1,-1,-0.34497,0.18921,-5.5072,-2.3078,-19.312,-1.0745,NaN,NaN,NaN,NaN,NaN
562.59,-6.2679,-29.945,-131.07,-0.27355,0.38535,-5.2779,-2.3254,-18.593,-1.175,0.31997,-0.32171,-1.0904,NaN,NaN,NaN,NaN,NaN,NaN,NaN,NaN,NaN,45.73,0,1329.8,0.0069644,NaN,NaN,NaN,NaN,10.121,97237,10.688,-0.34906,0.19416,-5.5095,-2.2959,-19.254,-1.0756,NaN,NaN,NaN,NaN,NaN
562.6,-6.2751,-29.994,-131.07,-0.23151,-0.022615,-5.4356,-2.5929,-19.578,-1.3845,0,0,0,NaN,NaN,NaN,NaN,NaN,NaN,NaN,NaN,NaN,45.73,0,1329.8,0.0069644,NaN,NaN,NaN,NaN,NaN,-1,-1,-0.3535,0.19551,-5.5219,-2.2837,-19.208,-1.0607,NaN,NaN,NaN,NaN,NaN
562.6,-6.2903,-30.09,-131.06,-0.51776,0.24437,-6.2652,-2.565,-19.608,-1.0495,0,0,0,NaN,NaN,NaN,NaN,NaN,NaN,NaN,NaN,NaN,45.73,0,1329.8,0.0069644,NaN,NaN,NaN,NaN,NaN,-1,-1,-0.35596,0.19465,-5.5293,-2.2832,-19.134,-1.0698,NaN,NaN,NaN,NaN,NaN
562.6,-6.2974,-30.135,-131.05,-0.46453,0.35564,-5.87,-2.4102,-18.487,-1.0418,0.32717,-0.31211,-1.0875,NaN,NaN,NaN,NaN,NaN,NaN,NaN,NaN,NaN,45.73,0,1329.8,0.0069644,NaN,NaN,NaN,NaN,10.391,97264,10.813,-0.35513,0.19514,-5.527,-2.2897,-19.039,-1.0854,NaN,NaN,NaN,NaN,NaN
562.6,-6.3042,-30.181,-131.05,-0.22353,0.037846,-4.7163,-2.2601,-18.405,-0.96108,0,0,0,NaN,NaN,NaN,NaN,NaN,NaN,NaN,NaN,NaN,45.73,0,1329.8,0.0069644,NaN,NaN,NaN,NaN,10.387,97206,10.563,-0.35838,0.19385,-5.5192,-2.2957,-18.965,-1.1017,NaN,NaN,NaN,NaN,NaN
562.61,-6.3168,-30.279,-131.04,-0.61337,0.22986,-6.5718,-1.9242,-19.214,-0.86024,0,0,0,NaN,NaN,NaN,NaN,NaN,NaN,NaN,NaN,NaN,45.73,0,1329.8,0.0069644,NaN,NaN,NaN,NaN,NaN,-1,-1,-0.36343,0.19596,-5.5344,-2.3106,-18.922,-1.0973,NaN,NaN,NaN,NaN,NaN
562.61,-6.3228,-30.322,-131.03,-0.42504,0.030562,-5.3529,-1.9632,-17.202,-0.82609,0.32716,-0.31702,-1.0897,NaN,NaN,NaN,NaN,NaN,NaN,NaN,NaN,NaN,45.73,0,1329.8,0.0069644,0.7342,2.6073,0.65603,NaN,NaN,-1,-1,-0.36772,0.19895,-5.5352,-2.3211,-18.892,-1.0963,NaN,NaN,NaN,NaN,NaN
562.61,-6.3296,-30.369,-131.03,-0.057674,0.40833,-4.4677,-2.2857,-19.16,-1.1389,0,0,0,NaN,NaN,NaN,NaN,NaN,NaN,NaN,NaN,NaN,45.73,0,1329.8,0.0069644,NaN,NaN,NaN,0.073252,NaN,-1,-1,-0.36664,0.198,-5.53,-2.3306,-18.818,-1.0994,NaN,NaN,NaN,NaN,NaN
562.61,-6.3366,-30.419,-131.03,-0.54545,0.30515,-5.8505,-2.2469,-20.156,-1.0114,0,0,0,NaN,NaN,NaN,NaN,NaN,NaN,NaN,NaN,NaN,NaN,0,1329.8,0.0069644,NaN,NaN,NaN,NaN,10.54,97232,10.688,-0.36979,0.20322,-5.5321,-2.3275,-18.77,-1.1063,NaN,NaN,NaN,NaN,NaN
562.62,-6.3502,-30.508,-131.02,-0.2434,0.19936,-4.8225,-2.3059,-18.64,-1.2446,0.31823,-0.30995,-1.095,NaN,NaN,NaN,NaN,NaN,NaN,NaN,NaN,NaN,NaN,0,1329.8,0.0069644,NaN,NaN,NaN,NaN,NaN,-1,-1,-0.37674,0.20498,-5.5357,-2.3364,-18.713,-1.1092,NaN,NaN,NaN,NaN,NaN
562.62,-6.3574,-30.558,-131.01,-0.31217,0.24687,-5.9487,-2.4689,-20.091,-1.2672,0,0,0,NaN,NaN,NaN,NaN,NaN,NaN,NaN,NaN,NaN,NaN,0,1329.8,0.0069644,NaN,NaN,NaN,NaN,NaN,-1,-1,-0.37814,0.20397,-5.5295,-2.3148,-18.651,-1.114,NaN,NaN,NaN,NaN,NaN
562.62,-6.3644,-30.601,-131.01,-0.52524,-0.19346,-6.0029,-2.5903,-17.52,-1.3335,0,0,0,NaN,NaN,NaN,NaN,NaN,NaN,NaN,NaN,NaN,NaN,0,1329.8,0.0069644,NaN,NaN,NaN,NaN,10.237,97255,10.75,-0.3807,0.2025,-5.5275,-2.3034,-18.608,-1.1149,NaN,NaN,NaN,NaN,NaN
562.62,-6.3719,-30.646,-131.01,-0.33297,0.49528,-4.9947,-2.6687,-17.922,-1.1836,0,0,0,NaN,NaN,NaN,NaN,NaN,NaN,NaN,NaN,NaN,45.73,0,1329.8,0.0069644,0.73201,2.6121,0.63473,0.080744,NaN,-1,-1,-0.38574,0.20926,-5.5353,-2.3057,-18.54,-1.1206,NaN,NaN,NaN,NaN,NaN
562.63,-6.3779,-30.695,-131,-0.48054,0.42225,-5.1454,-1.9066,-19.646,-0.99294,0.32737,-0.30984,-1.0897,NaN,NaN,NaN,NaN,NaN,NaN,NaN,NaN,NaN,45.73,0,1329.8,0.0069644,NaN,NaN,NaN,NaN,10.5,97224,10.625,-0.39004,0.21036,-5.5286,-2.31,-18.462,-1.1251,NaN,NaN,NaN,NaN,NaN
562.63,-6.3845,-30.74,-131,-0.57153,-0.20427,-6.1534,-2.2658,-18.335,-1.1976,0,0,0,NaN,NaN,NaN,NaN,NaN,NaN,NaN,NaN,NaN,45.73,0,1329.8,0.0069644,NaN,NaN,NaN,NaN,NaN,-1,-1,-0.39213,0.20838,-5.5206,-2.3159,-18.429,-1.1287,NaN,NaN,NaN,NaN,NaN
562.63,-6.3909,-30.784,-130.99,-0.38675,0.014039,-5.3875,-2.2758,-17.704,-1.2291,0,0,0,NaN,NaN,NaN,NaN,NaN,NaN,NaN,NaN,NaN,45.73,0,1329.8,0.0069644,NaN,NaN,NaN,NaN,NaN,-1,-1,-0.39625,0.21298,-5.5257,-2.3231,-18.393,-1.1316,NaN,NaN,NaN,NaN,NaN
562.63,-6.3976,-30.83,-130.99,-0.21601,0.60118,-5.1731,-2.267,-18.671,-1.149,0,0,0,NaN,NaN,NaN,NaN,NaN,NaN,NaN,NaN,NaN,45.73,0,1329.8,0.0069644,NaN,NaN,NaN,NaN,10.617,97237,10.75,-0.40158,0.21578,-5.527,-2.3365,-18.273,-1.1258,NaN,NaN,NaN,NaN,NaN
562.64,-6.4037,-30.877,-130.98,-0.46908,-0.083643,-5.831,-2.057,-18.614,-1.1099,0.3324,-0.30284,-1.0915,NaN,NaN,NaN,NaN,NaN,NaN,NaN,NaN,NaN,45.73,0,1329.8,0.0069644,NaN,NaN,NaN,NaN,NaN,-1,-1,-0.40306,0.21596,-5.5217,-2.3398,-18.23,-1.1268,NaN,NaN,NaN,NaN,NaN
562.64,-6.4109,-30.921,-130.98,-0.5235,0.39603,-5.6878,-2.4651,-17.836,-1.0129,0,0,0,NaN,NaN,NaN,NaN,NaN,NaN,NaN,NaN,NaN,45.73,0,1329.8,0.0069644,NaN,NaN,NaN,NaN,NaN,-1,-1,-0.40417,0.21642,-5.518,-2.3375,-18.22,-1.1276,NaN,NaN,NaN,NaN,NaN
562.64,-6.4178,-30.965,-130.98,-0.57705,0.46672,-5.4044,-2.3082,-18.005,-0.98715,0,0,0,NaN,NaN,NaN,NaN,NaN,NaN,NaN,NaN,NaN,45.73,0,1329.8,0.0069644,NaN,NaN,NaN,NaN,10.578,97246,10.75,-0.41021,0.21095,-5.5315,-2.3272,-18.148,-1.1358,NaN,NaN,NaN,NaN,NaN
562.64,-6.4245,-31.01,-130.97,-0.32186,0.24102,-5.2113,-2.3284,-17.828,-1.2133,0,0,0,NaN,NaN,NaN,NaN,NaN,NaN,NaN,NaN,NaN,45.73,0,1329.8,0.0069644,NaN,NaN,NaN,NaN,NaN,-1,-1,-0.41206,0.21736,-5.5192,-2.3145,-18.091,-1.1404,NaN,NaN,NaN,NaN,NaN
562.65,-6.4315,-31.055,-130.97,-0.43604,0.25882,-5.8819,-2.4205,-18.091,-1.019,0.3318,-0.31457,-1.0871,NaN,NaN,NaN,NaN,NaN,NaN,NaN,NaN,NaN,45.73,0,1329.8,0.0069644,NaN,NaN,NaN,NaN,10.577,97276,10.813,-0.41369,0.21849,-5.5088,-2.3196,-18.052,-1.1528,NaN,NaN,NaN,NaN,NaN
562.65,-6.4391,-31.098,-130.96,-0.40241,0.38146,-5.6041,-2.5978,-17.608,-1.0105,0,0,0,NaN,NaN,NaN,NaN,NaN,NaN,NaN,NaN,NaN,45.73,0,1329.8,0.0069644,0.72379,2.5978,0.63351,0.094062,NaN,-1,-1,-0.4187,0.2182,-5.5075,-2.3249,-17.984,-1.1551,NaN,NaN,NaN,NaN,NaN
562.65,-6.4459,-31.142,-130.96,-0.34749,-0.15706,-5.3403,-2.554,-17.724,-1.4648,0,0,0,NaN,NaN,NaN,NaN,NaN,NaN,NaN,NaN,NaN,45.73,0,1329.8,0.0069644,NaN,NaN,NaN,NaN,NaN,-1,-1,-0.42061,0.22415,-5.4984,-2.3059,-17.929,-1.164,NaN,NaN,NaN,NaN,NaN
562.65,-6.453,-31.188,-130.96,-0.42135,0.1003,-5.3077,-2.5476,-18.43,-1.4001,0,0,0,NaN,NaN,NaN,NaN,NaN,NaN,NaN,NaN,NaN,45.73,0,1329.8,0.0069644,NaN,NaN,NaN,NaN,10.54,97254,10.75,-0.4238,0.22219,-5.4947,-2.3075,-17.901,-1.1823,NaN,NaN,NaN,NaN,NaN
562.66,-6.4604,-31.233,-130.95,-0.45842,0.26741,-6.2062,-2.54,-17.917,-0.98967,0.34145,-0.31494,-1.0907,NaN,NaN,NaN,NaN,NaN,NaN,NaN,NaN,NaN,45.73,0,1329.8,0.0069644,NaN,NaN,NaN,NaN,NaN,-1,-1,-0.42749,0.22091,-5.497,-2.3162,-17.835,-1.1902,NaN,NaN,NaN,NaN,NaN
562.66,-6.4734,-31.319,-130.94,-0.41424,0.32444,-5.0165,-2.1274,-18.323,-1.1924,0,0,0,NaN,NaN,NaN,NaN,NaN,NaN,NaN,NaN,NaN,45.73,0,1329.8,0.0069644,NaN,NaN,NaN,NaN,NaN,-1,-1,-0.43072,0.22669,-5.4855,-2.3244,-17.765,-1.1972,NaN,NaN,NaN,NaN,NaN
562.66,-6.4792,-31.365,-130.94,-0.4337,0.66323,-5.6992,-1.9697,-18.201,-1.2788,0,0,0,NaN,NaN,NaN,NaN,NaN,NaN,NaN,NaN,NaN,45.73,0,1329.8,0.0069644,0.72379,2.5972,0.64446,0.10988,10.761,97212,10.625,-0.43558,0.22741,-5.4738,-2.3287,-17.705,-1.1956,NaN,NaN,NaN,NaN,NaN
562.66,-6.4855,-31.406,-130.94,-0.5866,0.17902,-5.7399,-2.2804,-16.797,-1.2462,0.33912,-0.30509,-1.0864,NaN,NaN,NaN,NaN,NaN,NaN,NaN,NaN,NaN,45.71,0,1314.1,0.0069644,NaN,NaN,NaN,NaN,10.503,97229,10.688,-0.44275,0.22636,-5.4758,-2.3912,-18.139,-1.2304,NaN,NaN,NaN,NaN,NaN
562.67,-6.4915,-31.45,-130.93,-0.42647,0.19092,-5.5416,-1.99,-17.389,-1.0802,0,0,0,NaN,NaN,NaN,NaN,NaN,NaN,NaN,NaN,NaN,45.71,0,1314.1,0.0069644,NaN,NaN,NaN,NaN,NaN,-1,-1,-0.4448,0.23094,-5.4727,-2.3746,-17.869,-1.2194,NaN,NaN,NaN,NaN,NaN
562.67,-6.4982,-31.493,-130.93,-0.49052,0.18421,-5.5847,-2.2141,-17.441,-0.97844,0,0,0,NaN,NaN,NaN,NaN,NaN,NaN,NaN,NaN,NaN,45.71,0,1314.1,0.0069644,NaN,NaN,NaN,NaN,NaN,-1,-1,-0.44471,0.22948,-5.4637,-2.3682,-17.705,-1.2065,NaN,NaN,NaN,NaN,NaN
562.67,-6.5042,-31.535,-130.92,-0.41973,0.39804,-5.2241,-2.0801,-17.113,-1.1732,0,0,0,NaN,NaN,NaN,NaN,NaN,NaN,NaN,NaN,NaN,45.71,0,1314.1,0.0069644,NaN,NaN,NaN,NaN,NaN,-1,-1,-0.45015,0.23199,-5.4627,-2.3545,-17.587,-1.195,NaN,NaN,NaN,NaN,NaN
562.67,-6.5117,-31.579,-130.92,-0.41108,0.1502,-5.6524,-2.6611,-17.699,-1.1483,0.3438,-0.31497,-1.0905,NaN,NaN,NaN,NaN,NaN,NaN,NaN,NaN,NaN,45.71,0,1314.1,0.0069644,0.73748,2.497,0.71992,NaN,10.836,97244,10.75,-0.4547,0.22861,-5.4532,-2.3348,-17.408,-1.1906,NaN,NaN,NaN,NaN,NaN
562.68,-6.5262,-31.665,-130.91,-0.65483,0.20817,-5.781,-2.4712,-16.584,-1.1797,0,0,0,NaN,NaN,NaN,NaN,NaN,NaN,NaN,NaN,NaN,45.71,0,1314.1,0.0069644,NaN,NaN,NaN,0.037458,NaN,-1,-1,-0.46067,0.23095,-5.4538,-2.391,-17.793,-1.2312,NaN,NaN,NaN,NaN,NaN
562.68,-6.5329,-31.708,-130.91,-0.36408,0.40433,-4.9806,-2.3912,-17.04,-1.2775,0,0,0,NaN,NaN,NaN,NaN,NaN,NaN,NaN,NaN,NaN,45.71,0,1314.1,0.0069644,NaN,NaN,NaN,NaN,NaN,-1,-1,-0.46478,0.23206,-5.4489,-2.3715,-17.545,-1.2215,NaN,NaN,NaN,NaN,NaN
562.68,-6.5395,-31.753,-130.91,-0.5209,-0.22237,-6.0476,-2.2552,-18.176,-1.2321,0.35295,-0.30995,-1.083,NaN,NaN,NaN,NaN,NaN,NaN,NaN,NaN,NaN,45.71,0,1314.1,0.0069644,NaN,NaN,NaN,NaN,11.051,97268,10.813,-0.47041,0.23348,-5.4383,-2.3642,-17.268,-1.2122,NaN,NaN,NaN,NaN,NaN
562.68,-6.5463,-31.795,-130.9,-0.60476,0.21481,-5.5774,-2.4544,-16.971,-1.2248,0,0,0,NaN,NaN,NaN,NaN,NaN,NaN,NaN,NaN,NaN,45.71,0,1314.1,0.0069644,NaN,NaN,NaN,NaN,NaN,-1,-1,-0.47529,0.23803,-5.4312,-2.3227,-17.048,-1.2027,NaN,NaN,NaN,NaN,NaN
562.69,-6.5529,-31.837,-130.9,-0.28977,0.43496,-4.9825,-2.347,-17,-1.2821,0,0,0,NaN,NaN,NaN,NaN,NaN,NaN,NaN,NaN,NaN,45.71,0,1314.1,0.0069644,0.74186,2.4958,0.71506,0.037458,10.795,97246,10.688,-0.4797,0.23997,-5.4265,-2.2933,-16.833,-1.2011,NaN,NaN,NaN,NaN,NaN
562.69,-6.5591,-31.882,-130.9,-0.63502,-0.1109,-5.4991,-2.207,-18.209,-1.3785,0,0,0,NaN,NaN,NaN,NaN,NaN,NaN,NaN,NaN,NaN,45.71,0,1314.1,0.0069644,NaN,NaN,NaN,NaN,NaN,-1,-1,-0.4839,0.24416,-5.4209,-2.2784,-16.577,-1.1992,NaN,NaN,NaN,NaN,NaN
562.69,-6.5654,-31.924,-130.89,-0.70015,0.2785,-6.0184,-2.2646,-16.898,-1.2633,0.35081,-0.30274,-1.0832,-5.1554,-7.8756,-5.8839,11.101,40.057,-88.55,3.6778e+05,4.4353e+06,294.03,45.71,0,1314.1,0.0069644,NaN,NaN,NaN,NaN,NaN,-1,-1,-0.48711,0.24269,-5.4081,-2.2615,-16.382,-1.1931,10.795,-2.5856,-0.089348,-0.47422,-13.47
562.69,-6.5711,-31.966,-130.89,-0.42123,0.62024,-5.5605,-2.105,-16.681,-1.3852,0,0,0,NaN,NaN,NaN,NaN,NaN,NaN,NaN,NaN,NaN,45.71,0,1314.1,0.0069644,NaN,NaN,NaN,NaN,10.65,97220,10.625,-0.4909,0.23866,-5.4029,-2.2292,-16.225,-1.1899,NaN,NaN,NaN,NaN,NaN
562.7,-6.5776,-32.007,-130.88,-0.34167,0.071741,-5.199,-2.2641,-16.844,-1.2035,0,0,0,NaN,NaN,NaN,NaN,NaN,NaN,NaN,NaN,NaN,45.71,0,1314.1,0.0069644,NaN,NaN,NaN,NaN,NaN,-1,-1,-0.49546,0.2419,-5.3931,-2.2126,-16.013,-1.1856,NaN,NaN,NaN,NaN,NaN
562.7,-6.5838,-32.048,-130.88,-0.58099,0.21654,-5.8624,-2.2724,-16.554,-1.3289,0,0,0,NaN,NaN,NaN,NaN,NaN,NaN,NaN,NaN,NaN,45.71,0,1314.1,0.0069644,NaN,NaN,NaN,NaN,NaN,-1,-1,-0.49932,0.24317,-5.3795,-2.2043,-15.832,-1.1709,NaN,NaN,NaN,NaN,NaN
562.7,-6.5906,-32.09,-130.88,-0.4753,0.79353,-5.0371,-2.3932,-16.665,-1.0893,0.35048,-0.30489,-1.0788,NaN,NaN,NaN,NaN,NaN,NaN,NaN,NaN,NaN,45.71,0,1314.1,0.0069644,0.72763,2.5984,0.63229,0.09656,10.651,97254,10.75,-0.50368,0.2429,-5.3728,-2.1879,-15.662,-1.1715,NaN,NaN,NaN,NaN,NaN
562.7,-6.5966,-32.133,-130.87,-0.52931,0.11766,-6.0377,-2.0696,-17.259,-1.2447,0,0,0,NaN,NaN,NaN,NaN,NaN,NaN,NaN,NaN,NaN,45.71,0,1314.1,0.0069644,NaN,NaN,NaN,NaN,NaN,-1,-1,-0.50767,0.24426,-5.3695,-2.1677,-15.502,-1.1615,NaN,NaN,NaN,NaN,NaN
562.71,-6.6043,-32.173,-130.87,-0.65298,-0.24324,-5.5581,-2.8328,-16.042,-1.2323,0,0,0,NaN,NaN,NaN,NaN,NaN,NaN,NaN,NaN,NaN,45.71,0,1314.1,0.0069644,NaN,NaN,NaN,NaN,10.905,97241,10.688,-0.50367,0.24182,-5.3086,-2.1492,-15.356,-1.1525,NaN,NaN,NaN,NaN,NaN
562.71,-6.6115,-32.212,-130.87,-0.33423,0.43059,-5.4295,-2.6046,-16.033,-1.1992,0,0,0,NaN,NaN,NaN,NaN,NaN,NaN,NaN,NaN,NaN,45.71,0,1314.1,0.0069644,NaN,NaN,NaN,NaN,NaN,-1,-1,-0.50717,0.24449,-5.2957,-2.1298,-15.231,-1.1599,NaN,NaN,NaN,NaN,NaN
562.71,-6.6185,-32.255,-130.86,-0.41294,0.30485,-5.6082,-2.4694,-17.351,-1.1968,0.35564,-0.30292,-1.085,NaN,NaN,NaN,NaN,NaN,NaN,NaN,NaN,NaN,45.71,0,1314.1,0.0069644,NaN,NaN,NaN,NaN,NaN,-1,-1,-0.5139,0.24721,-5.2903,-2.1188,-15.122,-1.17,NaN,NaN,NaN,NaN,NaN
562.71,-6.6253,-32.296,-130.86,-0.55299,-0.23388,-6.0927,-2.3919,-16.445,-1.1932,0,0,0,NaN,NaN,NaN,NaN,NaN,NaN,NaN,NaN,NaN,45.71,0,1314.1,0.0069644,0.72872,2.6049,0.64264,0.078247,10.65,97283,10.813,-0.51201,0.24655,-5.2378,-2.1002,-15.009,-1.1766,NaN,NaN,NaN,NaN,NaN
562.72,-6.6316,-32.335,-130.85,-0.52134,0.3891,-5.2778,-2.3775,-15.856,-1.3559,0,0,0,NaN,NaN,NaN,NaN,NaN,NaN,NaN,NaN,NaN,45.71,0,1314.1,0.0069644,NaN,NaN,NaN,NaN,NaN,-1,-1,-0.51438,0.24507,-5.2361,-2.0667,-14.949,-1.1869,NaN,NaN,NaN,NaN,NaN
562.72,0,0,0,0,0,0,0,0,0,0,0,0,NaN,NaN,NaN,NaN,NaN,NaN,NaN,NaN,NaN,45.71,0,1314.1,0.0069644,NaN,NaN,NaN,NaN,NaN,-1,-1,-0.52055,0.24341,-5.2451,-2.0335,-14.894,-1.1965,NaN,NaN,NaN,NaN,NaN
562.72,-6.6435,-32.42,-130.85,-0.72496,0.043612,-5.8501,-2.0515,-17.305,-1.1302,0.36697,-0.31254,-1.0817,NaN,NaN,NaN,NaN,NaN,NaN,NaN,NaN,NaN,45.71,0,1314.1,0.0069644,NaN,NaN,NaN,NaN,10.869,97242,10.688,-0.52537,0.24856,-5.2365,-2.0146,-14.779,-1.2032,NaN,NaN,NaN,NaN,NaN
562.72,-6.6487,-32.46,-130.84,-0.67141,0.43711,-5.9128,-1.9705,-16.193,-1.4916,0,0,0,NaN,NaN,NaN,NaN,NaN,NaN,NaN,NaN,NaN,45.71,0,1314.1,0.0069644,NaN,NaN,NaN,NaN,NaN,-1,-1,-0.53484,0.24365,-5.2394,-1.9828,-14.714,-1.2106,NaN,NaN,NaN,NaN,NaN
562.73,-6.6544,-32.5,-130.84,-0.43806,0.42574,-5.1718,-2.0982,-16.119,-1.3532,0,0,0,NaN,NaN,NaN,NaN,NaN,NaN,NaN,NaN,NaN,45.71,0,1314.1,0.0069644,NaN,NaN,NaN,NaN,10.908,97267,10.813,-0.5405,0.24932,-5.2358,-1.9489,-14.676,-1.2017,NaN,NaN,NaN,NaN,NaN
562.73,-6.667,-32.583,-130.83,-0.68921,0.54281,-6.0402,-2.3243,-16.819,-1.41,0.36987,-0.29833,-1.0837,NaN,NaN,NaN,NaN,NaN,NaN,NaN,NaN,NaN,45.71,0,1314.1,0.0069644,0.72927,2.6085,0.63107,0.097392,NaN,-1,-1,-0.54396,0.24973,-5.2239,-1.9042,-14.6,-1.2026,NaN,NaN,NaN,NaN,NaN
562.73,0,0,0,0,0,0,0,0,0,0,0,0,NaN,NaN,NaN,NaN,NaN,NaN,NaN,NaN,NaN,45.71,0,1314.1,0.0069644,NaN,NaN,NaN,NaN,NaN,-1,-1,-0.55157,0.2531,-5.2231,-1.8911,-14.564,-1.2039,NaN,NaN,NaN,NaN,NaN
562.73,-6.6725,-32.62,-130.83,-0.66086,0.19262,-5.5195,-2.206,-14.763,-1.5084,0,0,0,NaN,NaN,NaN,NaN,NaN,NaN,NaN,NaN,NaN,45.71,0,1314.1,0.0069644,NaN,NaN,NaN,NaN,11.016,97265,10.813,-0.55737,0.25277,-5.2123,-1.8642,-14.541,-1.2042,NaN,NaN,NaN,NaN,NaN
562.74,-6.6779,-32.66,-130.83,-0.29652,0.17623,-4.7522,-1.9865,-16.056,-1.4363,0,0,0,NaN,NaN,NaN,NaN,NaN,NaN,NaN,NaN,NaN,45.71,0,1314.1,0.0069644,NaN,NaN,NaN,NaN,NaN,-1,-1,-0.56051,0.25418,-5.1995,-1.8312,-14.5,-1.208,NaN,NaN,NaN,NaN,NaN
562.74,-6.6842,-32.701,-130.83,-0.56217,0.37634,-5.8742,-2.2499,-16.521,-1.2781,0,0,0,NaN,NaN,NaN,NaN,NaN,NaN,NaN,NaN,NaN,45.71,0,1314.1,0.0069644,0.73474,2.6085,0.6542,NaN,NaN,-1,-1,-0.56454,0.25596,-5.1891,-1.802,-14.509,-1.2138,NaN,NaN,NaN,NaN,NaN
562.74,-6.696,-32.778,-130.82,-0.55249,-0.09635,-5.0919,-2.2334,-15.53,-1.2499,0,0,0,NaN,NaN,NaN,NaN,NaN,NaN,NaN,NaN,NaN,45.71,0,1314.1,0.0069644,NaN,NaN,NaN,0.084073,10.76,97242,10.688,-0.5667,0.26139,-5.1739,-1.7725,-14.566,-1.2252,NaN,NaN,NaN,NaN,NaN
562.74,-6.7011,-32.819,-130.82,-0.43894,0.37084,-5.1863,-1.7852,-16.39,-1.3246,0,0,0,NaN,NaN,NaN,NaN,NaN,NaN,NaN,NaN,NaN,45.71,0,1314.1,0.0069644,NaN,NaN,NaN,NaN,11.118,97228,10.625,-0.57271,0.26063,-5.1602,-1.7404,-14.572,-1.2371,NaN,NaN,NaN,NaN,NaN
562.75,-6.7059,-32.858,-130.81,-0.70054,0.023534,-6.1094,-1.7584,-15.887,-1.4193,0,0,0,NaN,NaN,NaN,NaN,NaN,NaN,NaN,NaN,NaN,45.71,0,1314.1,0.0069644,NaN,NaN,NaN,NaN,NaN,-1,-1,-0.5764,0.2593,-5.149,-1.7046,-14.583,-1.2546,NaN,NaN,NaN,NaN,NaN
562.75,-6.6957,-32.904,-130.83,-0.64126,0.093027,-5.1961,-1.934,-15.015,-1.3187,0.37187,-0.31033,-1.0835,NaN,NaN,NaN,NaN,NaN,NaN,NaN,NaN,NaN,45.71,0,1314.1,0.0069644,NaN,NaN,NaN,NaN,NaN,-1,-1,-0.58059,0.2625,-5.1385,-1.6666,-14.667,-1.2618,NaN,NaN,NaN,NaN,NaN
562.75,-6.701,-32.944,-130.83,-0.56716,0.76585,-4.6051,-1.8278,-16.216,-1.2517,0,0,0,NaN,NaN,NaN,NaN,NaN,NaN,NaN,NaN,NaN,45.71,0,1314.1,0.0069644,NaN,NaN,NaN,NaN,NaN,-1,-1,-0.58304,0.26098,-5.1256,-1.6263,-14.75,-1.2821,NaN,NaN,NaN,NaN,NaN
562.75,-6.7046,-32.984,-130.82,-0.70757,0.29899,-5.7859,-1.3441,-15.827,-1.5373,0,0,0,NaN,NaN,NaN,NaN,NaN,NaN,NaN,NaN,NaN,45.71,0,1314.1,0.0069644,0.73803,2.6091,0.64081,0.095727,11.082,97256,10.688,-0.58912,0.26189,-5.1612,-1.6048,-14.77,-1.2969,NaN,NaN,NaN,NaN,NaN
562.76,-6.7124,-33.06,-130.82,-0.50212,0.34149,-5.3843,-1.4882,-15.602,-1.3371,0.37372,-0.30006,-1.07,NaN,NaN,NaN,NaN,NaN,NaN,NaN,NaN,NaN,45.71,0,1314.1,0.0069644,NaN,NaN,NaN,NaN,NaN,-1,-1,-0.5947,0.26299,-5.1462,-1.59,-14.829,-1.3219,NaN,NaN,NaN,NaN,NaN
562.76,-6.7167,-33.1,-130.81,-0.52568,0.34356,-5.2147,-1.623,-15.902,-1.4836,0,0,0,NaN,NaN,NaN,NaN,NaN,NaN,NaN,NaN,NaN,45.71,0,1314.1,0.0069644,NaN,NaN,NaN,NaN,NaN,-1,-1,-0.60034,0.26507,-5.1416,-1.5822,-14.944,-1.3137,NaN,NaN,NaN,NaN,NaN
562.76,-6.7214,-33.138,-130.81,-0.71162,0.052383,-5.6221,-1.7491,-15.333,-1.4566,0,0,0,NaN,NaN,NaN,NaN,NaN,NaN,NaN,NaN,NaN,45.71,0,1314.1,0.0069644,NaN,NaN,NaN,NaN,11.191,97218,10.625,-0.60217,0.26637,-5.1219,-1.5636,-15.047,-1.3241,NaN,NaN,NaN,NaN,NaN
562.76,-6.7259,-33.175,-130.81,-0.67833,0.48494,-5.3267,-1.7685,-15.003,-1.4775,0,0,0,NaN,NaN,NaN,NaN,NaN,NaN,NaN,NaN,NaN,45.71,0,1314.1,0.0069644,NaN,NaN,NaN,NaN,NaN,-1,-1,-0.60683,0.27177,-5.1644,-1.5706,-15.159,-1.3382,NaN,NaN,NaN,NaN,NaN
562.77,-6.73,-33.214,-130.81,-0.49518,0.062293,-5.2125,-1.5263,-15.578,-1.4251,0.38364,-0.30067,-1.078,NaN,NaN,NaN,NaN,NaN,NaN,NaN,NaN,NaN,45.71,0,1314.1,0.0069644,0.73584,2.4761,0.71992,0.049945,11.082,97235,10.625,-0.61255,0.26698,-5.1589,-1.5866,-15.255,-1.3397,NaN,NaN,NaN,NaN,NaN
562.77,-6.7352,-33.252,-130.8,-0.63127,0.1128,-5.4403,-1.7668,-15.617,-1.1249,0,0,0,NaN,NaN,NaN,NaN,NaN,NaN,NaN,NaN,NaN,45.71,0,1314.1,0.0069644,0.73584,2.4761,0.71992,0.049945,NaN,-1,-1,-0.6162,0.2704,-5.1564,-1.606,-15.395,-1.348,NaN,NaN,NaN,NaN,NaN
562.77,-6.7404,-33.289,-130.8,-0.5685,0.26547,-5.4962,-1.8172,-14.851,-1.1673,0,0,0,NaN,NaN,NaN,NaN,NaN,NaN,NaN,NaN,NaN,45.71,0,1314.1,0.0069644,NaN,NaN,NaN,NaN,NaN,-1,-1,-0.62107,0.26699,-5.153,-1.6202,-15.562,-1.3589,NaN,NaN,NaN,NaN,NaN
562.77,-6.7448,-33.326,-130.8,-0.53158,0.22512,-4.8324,-1.5851,-14.946,-1.2718,0,0,0,NaN,NaN,NaN,NaN,NaN,NaN,NaN,NaN,NaN,45.73,0,1288.4,0.0069644,NaN,NaN,NaN,NaN,11.119,97243,10.688,-0.62429,0.27062,-5.1445,-1.6514,-15.658,-1.378,NaN,NaN,NaN,NaN,NaN
562.78,-6.7487,-33.365,-130.79,-0.68156,0.31129,-5.589,-1.377,-15.697,-1.3549,0.38558,-0.31016,-1.0756,NaN,NaN,NaN,NaN,NaN,NaN,NaN,NaN,NaN,45.73,0,1288.4,0.0069644,NaN,NaN,NaN,NaN,NaN,-1,-1,-0.62722,0.273,-5.1315,-1.5969,-15.234,-1.3489,NaN,NaN,NaN,NaN,NaN
562.78,-6.7528,-33.403,-130.79,-0.80306,0.36546,-5.4431,-1.3643,-15.037,-1.1544,0,0,0,NaN,NaN,NaN,NaN,NaN,NaN,NaN,NaN,NaN,45.73,0,1288.4,0.0069644,0.72325,2.6085,0.63655,0.0899,NaN,-1,-1,-0.63208,0.27792,-5.1326,-1.6317,-15.348,-1.3643,NaN,NaN,NaN,NaN,NaN
562.78,-6.7567,-33.439,-130.79,-0.55917,0.2281,-4.5751,-1.5685,-14.513,-1.5173,0,0,0,NaN,NaN,NaN,NaN,NaN,NaN,NaN,NaN,NaN,45.73,0,1288.4,0.0069644,NaN,NaN,NaN,NaN,10.94,97247,10.688,-0.63521,0.28225,-5.1301,-1.6746,-15.36,-1.3944,NaN,NaN,NaN,NaN,NaN
562.78,-6.7614,-33.477,-130.78,-0.61082,0.37067,-5.0133,-1.7266,-15.594,-1.4334,0,0,0,NaN,NaN,NaN,NaN,NaN,NaN,NaN,NaN,NaN,45.73,0,1288.4,0.0069644,NaN,NaN,NaN,NaN,NaN,-1,-1,-0.64086,0.28377,-5.1256,-1.7092,-15.419,-1.4086,NaN,NaN,NaN,NaN,NaN
562.79,-6.765,-33.516,-130.78,-0.87749,0.52783,-5.5651,-1.3697,-15.436,-1.4147,0.37888,-0.2981,-1.0762,NaN,NaN,NaN,NaN,NaN,NaN,NaN,NaN,NaN,45.73,0,1288.4,0.0069644,NaN,NaN,NaN,NaN,11.187,97242,10.625,-0.6456,0.28244,-5.1175,-1.7618,-15.547,-1.441,NaN,NaN,NaN,NaN,NaN
562.79,-6.7691,-33.551,-130.78,-0.70462,0.097915,-5.1855,-1.635,-14.181,-1.4965,0,0,0,NaN,NaN,NaN,NaN,NaN,NaN,NaN,NaN,NaN,45.73,0,1288.4,0.0069644,NaN,NaN,NaN,NaN,NaN,-1,-1,-0.65015,0.28621,-5.1227,-1.7528,-14.999,-1.4114,NaN,NaN,NaN,NaN,NaN
562.79,-6.7738,-33.589,-130.78,-0.52936,0.34186,-4.6125,-1.817,-15.336,-1.5414,0,0,0,NaN,NaN,NaN,NaN,NaN,NaN,NaN,NaN,NaN,45.73,0,1288.4,0.0069644,NaN,NaN,NaN,NaN,NaN,-1,-1,-0.65319,0.28706,-5.1148,-1.8153,-14.886,-1.4325,NaN,NaN,NaN,NaN,NaN
562.79,-6.7781,-33.628,-130.77,-0.76414,0.61447,-5.9303,-1.6192,-15.535,-1.485,0,0,0,NaN,NaN,NaN,NaN,NaN,NaN,NaN,NaN,NaN,45.73,0,1288.4,0.0069644,NaN,NaN,NaN,NaN,11.264,97304,10.938,-0.65521,0.28666,-5.1061,-1.8821,-14.851,-1.4417,NaN,NaN,NaN,NaN,NaN
562.8,-6.7829,-33.661,-130.77,-0.74997,0.085022,-5.0456,-1.9097,-13.169,-1.3296,0.37418,-0.29803,-1.0766,NaN,NaN,NaN,NaN,NaN,NaN,NaN,NaN,NaN,45.73,0,1288.4,0.0069644,NaN,NaN,NaN,NaN,NaN,-1,-1,-0.66092,0.28704,-5.1026,-1.9735,-14.838,-1.4468,NaN,NaN,NaN,NaN,NaN
562.8,-6.7882,-33.698,-130.77,-0.41431,0.16383,-4.1998,-2.0198,-14.859,-1.3827,0,0,0,NaN,NaN,NaN,NaN,NaN,NaN,NaN,NaN,NaN,45.73,0,1288.4,0.0069644,NaN,NaN,NaN,NaN,NaN,-1,-1,-0.66443,0.28887,-5.1019,-2.0712,-14.725,-1.4595,NaN,NaN,NaN,NaN,NaN
562.8,-6.7943,-33.739,-130.76,-0.8255,0.31185,-5.6028,-2.1265,-16.594,-1.3397,0,0,0,NaN,NaN,NaN,NaN,NaN,NaN,NaN,NaN,NaN,45.73,0,1288.4,0.0069644,NaN,NaN,NaN,NaN,11.367,97249,10.75,-0.6662,0.29025,-5.093,-2.1498,-14.692,-1.4846,NaN,NaN,NaN,NaN,NaN
562.8,-6.8001,-33.773,-130.76,-0.91465,-0.04756,-6.1024,-2.4268,-13.672,-1.5835,0,0,0,NaN,NaN,NaN,NaN,NaN,NaN,NaN,NaN,NaN,45.73,0,1288.4,0.0069644,NaN,NaN,NaN,NaN,NaN,-1,-1,-0.66748,0.29104,-5.0823,-2.2456,-14.69,-1.507,NaN,NaN,NaN,NaN,NaN
562.81,-6.8065,-33.806,-130.76,-0.43328,0.1768,-4.035,-2.5454,-13.509,-1.3627,0.3951,-0.31041,-1.077,NaN,NaN,NaN,NaN,NaN,NaN,NaN,NaN,NaN,45.73,0,1288.4,0.0069644,0.72434,2.5996,0.64507,NaN,11.224,97271,10.75,-0.67409,0.29615,-5.0788,-2.3527,-14.585,-1.528,NaN,NaN,NaN,NaN,NaN
562.81,-6.8129,-33.846,-130.76,-0.66115,0.5843,-4.6345,-2.3402,-15.93,-1.366,0,0,0,NaN,NaN,NaN,NaN,NaN,NaN,NaN,NaN,NaN,45.73,0,1288.4,0.0069644,NaN,NaN,NaN,0.094895,NaN,-1,-1,-0.67821,0.2958,-5.0767,-2.4611,-14.508,-1.5513,NaN,NaN,NaN,NaN,NaN
562.81,-6.8195,-33.883,-130.75,-0.87956,0.1741,-5.84,-2.3355,-14.952,-1.1748,0,0,0,NaN,NaN,NaN,NaN,NaN,NaN,NaN,NaN,NaN,45.73,0,1288.4,0.0069644,NaN,NaN,NaN,NaN,NaN,-1,-1,-0.67799,0.29631,-5.0712,-2.555,-14.524,-1.585,NaN,NaN,NaN,NaN,NaN
562.81,-6.8248,-33.917,-130.75,-0.65935,0.48818,-5.1724,-2.4667,-13.626,-1.9733,0,0,0,NaN,NaN,NaN,NaN,NaN,NaN,NaN,NaN,NaN,45.73,0,1288.4,0.0069644,NaN,NaN,NaN,NaN,11.368,97268,10.813,-0.6824,0.30361,-5.0718,-2.6664,-14.46,-1.6175,NaN,NaN,NaN,NaN,NaN
562.82,-6.8314,-33.954,-130.75,-0.64691,0.61887,-4.3024,-2.6995,-14.936,-1.6566,0.38565,-0.30777,-1.0756,NaN,NaN,NaN,NaN,NaN,NaN,NaN,NaN,NaN,45.73,0,1288.4,0.0069644,NaN,NaN,NaN,NaN,NaN,-1,-1,-0.68732,0.30051,-5.0607,-2.7837,-14.355,-1.6553,NaN,NaN,NaN,NaN,NaN
562.82,-6.8447,-34.026,-130.75,-0.82594,0.24129,-5.0641,-3.0399,-13.744,-1.5812,0,0,0,NaN,NaN,NaN,NaN,NaN,NaN,NaN,NaN,NaN,45.73,0,1288.4,0.0069644,0.72982,2.602,0.63594,0.095727,NaN,-1,-1,-0.6898,0.29782,-5.0539,-2.9039,-14.341,-1.6897,NaN,NaN,NaN,NaN,NaN
562.82,-6.8514,-34.061,-130.75,-0.63655,0.37801,-4.9927,-2.9701,-14.367,-2.0066,0,0,0,NaN,NaN,NaN,NaN,NaN,NaN,NaN,NaN,NaN,45.73,0,1288.4,0.0069644,NaN,NaN,NaN,NaN,11.222,97260,10.688,-0.69314,0.30274,-5.0554,-3.0422,-14.319,-1.7155,NaN,NaN,NaN,NaN,NaN
562.82,-6.8586,-34.098,-130.75,-0.62985,0.02822,-5.5144,-3.1298,-14.794,-1.9063,0.39243,-0.31253,-1.0728,NaN,NaN,NaN,NaN,NaN,NaN,NaN,NaN,NaN,45.73,0,1288.4,0.0069644,NaN,NaN,NaN,NaN,NaN,-1,-1,-0.69541,0.30363,-5.0528,-3.1701,-14.222,-1.7458,NaN,NaN,NaN,NaN,NaN
562.83,-6.8749,-34.166,-130.74,-0.55519,0.76042,-4.6395,-3.6444,-13.427,-1.9125,0,0,0,NaN,NaN,NaN,NaN,NaN,NaN,NaN,NaN,NaN,45.73,0,1288.4,0.0069644,NaN,NaN,NaN,NaN,11.364,97251,10.688,-0.69686,0.30352,-5.0427,-3.3083,-14.158,-1.7657,NaN,NaN,NaN,NaN,NaN
562.83,-6.8834,-34.204,-130.74,-0.7393,-0.19018,-5.4266,-3.5881,-15.266,-1.927,0,0,0,NaN,NaN,NaN,NaN,NaN,NaN,NaN,NaN,NaN,45.73,0,1288.4,0.0069644,NaN,NaN,NaN,NaN,NaN,-1,-1,-0.70077,0.30573,-5.039,-3.4583,-14.142,-1.7924,NaN,NaN,NaN,NaN,NaN
562.83,-6.8925,-34.238,-130.74,-0.91102,0.21857,-5.6358,-4.001,-13.421,-1.9809,0.39022,-0.30771,-1.073,NaN,NaN,NaN,NaN,NaN,NaN,NaN,NaN,NaN,45.73,0,1288.4,0.0069644,NaN,NaN,NaN,NaN,NaN,-1,-1,-0.70553,0.30979,-5.0389,-3.6068,-14.07,-1.8221,NaN,NaN,NaN,NaN,NaN
562.83,-6.9008,-34.27,-130.74,-0.533,0.38651,-4.4782,-3.5322,-12.891,-1.6801,0,0,0,NaN,NaN,NaN,NaN,NaN,NaN,NaN,NaN,NaN,45.73,0,1288.4,0.0069644,0.71996,2.5978,0.62316,0.09656,11.399,97267,10.75,-0.70727,0.31404,-5.0283,-3.7317,-13.979,-1.8524,NaN,NaN,NaN,NaN,NaN
562.84,-6.9097,-34.307,-130.74,-0.61444,0.42319,-4.5858,-3.509,-15.1,-1.6183,0,0,0,NaN,NaN,NaN,NaN,NaN,NaN,NaN,NaN,NaN,45.73,0,1288.4,0.0069644,NaN,NaN,NaN,NaN,NaN,-1,-1,-0.71087,0.30878,-5.0267,-3.8541,-13.931,-1.8789,NaN,NaN,NaN,NaN,NaN
562.84,-6.9194,-34.342,-130.74,-0.80642,-0.11211,-5.8646,-4.248,-13.889,-2.0339,0,0,0,NaN,NaN,NaN,NaN,NaN,NaN,NaN,NaN,NaN,45.73,0,1288.4,0.0069644,NaN,NaN,NaN,NaN,NaN,-1,-1,-0.7133,0.31409,-5.0259,-3.9866,-13.88,-1.9191,NaN,NaN,NaN,NaN,NaN
562.84,-6.9299,-34.373,-130.74,-0.77016,0.61977,-4.6434,-4.4262,-12.581,-1.6141,0.40008,-0.3009,-1.0765,NaN,NaN,NaN,NaN,NaN,NaN,NaN,NaN,NaN,45.73,0,1288.4,0.0069644,NaN,NaN,NaN,NaN,11.114,97233,10.563,-0.71572,0.31742,-5.0229,-4.1294,-13.784,-1.9517,NaN,NaN,NaN,NaN,NaN
562.84,-6.9397,-34.409,-130.74,-0.63495,0.78234,-4.5182,-4.1626,-14.323,-1.9553,0,0,0,NaN,NaN,NaN,NaN,NaN,NaN,NaN,NaN,NaN,45.73,0,1288.4,0.0069644,NaN,NaN,NaN,NaN,NaN,-1,-1,-0.71846,0.31537,-5.0173,-4.245,-13.787,-1.9857,NaN,NaN,NaN,NaN,NaN
562.85,-6.9501,-34.445,-130.74,-0.94436,0.12652,-5.6811,-4.3997,-14.279,-1.8712,0,0,0,NaN,NaN,NaN,NaN,NaN,NaN,NaN,NaN,NaN,45.73,0,1288.4,0.0069644,0.72817,2.6049,0.64264,0.080744,11.604,97270,10.75,-0.7224,0.31455,-5.0166,-4.3717,-13.696,-2.0163,NaN,NaN,NaN,NaN,NaN
562.85,-6.9598,-34.477,-130.74,-1.0238,0.52782,-5.6848,-4.4483,-13.099,-2.2681,0,0,0,NaN,NaN,NaN,NaN,NaN,NaN,NaN,NaN,NaN,45.73,0,1288.4,0.0069644,NaN,NaN,NaN,NaN,NaN,-1,-1,-0.72675,0.31369,-5.0184,-4.4998,-13.601,-2.0465,NaN,NaN,NaN,NaN,NaN
562.85,-6.9689,-34.51,-130.74,-0.36164,0.35903,-4.4343,-4.3509,-12.796,-2.3703,0.40667,-0.30303,-1.0693,NaN,NaN,NaN,NaN,NaN,NaN,NaN,NaN,NaN,45.73,0,1288.4,0.0069644,NaN,NaN,NaN,NaN,NaN,-1,-1,-0.72951,0.31655,-5.0153,-4.6066,-13.59,-2.0739,NaN,NaN,NaN,NaN,NaN
562.85,-6.9793,-34.547,-130.74,-0.6409,0.03413,-4.6218,-4.5331,-14.9,-2.2074,0,0,0,NaN,NaN,NaN,NaN,NaN,NaN,NaN,NaN,NaN,45.73,0,1288.4,0.0069644,NaN,NaN,NaN,NaN,11.503,97266,10.75,-0.73096,0.31959,-5.0028,-4.7133,-13.465,-2.0864,NaN,NaN,NaN,NaN,NaN
562.86,-6.9911,-34.581,-130.74,-1.0005,0.35865,-6.5258,-5.0439,-13.483,-1.9625,0,0,0,NaN,NaN,NaN,NaN,NaN,NaN,NaN,NaN,NaN,45.73,0,1288.4,0.0069644,NaN,NaN,NaN,NaN,NaN,-1,-1,-0.73582,0.32284,-5.0145,-4.8271,-13.358,-2.108,NaN,NaN,NaN,NaN,NaN
562.86,-7.0017,-34.61,-130.74,-0.82583,0.42869,-4.6332,-4.8452,-11.945,-2.1941,0,0,0,NaN,NaN,NaN,NaN,NaN,NaN,NaN,NaN,NaN,45.73,0,1288.4,0.0069644,0.72872,2.6032,0.63594,0.084906,NaN,-1,-1,-0.73651,0.32705,-5.0042,-4.9306,-13.362,-2.1248,NaN,NaN,NaN,NaN,NaN
562.86,-7.0129,-34.645,-130.73,-0.35275,-0.038233,-3.9898,-5.0062,-13.999,-2.2117,0.39727,-0.3029,-1.0701,NaN,NaN,NaN,NaN,NaN,NaN,NaN,NaN,NaN,45.73,0,1288.4,0.0069644,NaN,NaN,NaN,NaN,11.536,97272,10.75,-0.73793,0.32613,-4.9965,-5.0348,-13.267,-2.1503,NaN,NaN,NaN,NaN,NaN
562.86,-7.0251,-34.682,-130.73,-0.8774,0.56169,-6.0248,-5.1999,-14.501,-2.1222,0,0,0,NaN,NaN,NaN,NaN,NaN,NaN,NaN,NaN,NaN,45.73,0,1288.4,0.0069644,NaN,NaN,NaN,NaN,NaN,-1,-1,-0.743,0.32267,-5.0067,-5.1469,-13.143,-2.1656,NaN,NaN,NaN,NaN,NaN
562.87,-7.0371,-34.71,-130.74,-1.1121,0.36961,-5.3721,-5.4377,-11.321,-2.1444,0,0,0,NaN,NaN,NaN,NaN,NaN,NaN,NaN,NaN,NaN,45.73,0,1288.4,0.0069644,NaN,NaN,NaN,NaN,11.469,97284,10.813,-0.74524,0.32593,-5.0105,-5.231,-13.123,-2.182,NaN,NaN,NaN,NaN,NaN
562.87,-7.0494,-34.743,-130.73,-0.49558,0.007432,-3.9154,-5.2771,-13.283,-2.0235,0,0,0,NaN,NaN,NaN,NaN,NaN,NaN,NaN,NaN,NaN,45.73,0,1288.4,0.0069644,NaN,NaN,NaN,NaN,NaN,-1,-1,-0.74995,0.32622,-5.0119,-5.3158,-13.085,-2.1834,NaN,NaN,NaN,NaN,NaN
562.87,-7.0623,-34.781,-130.73,-0.75406,0.22174,-5.047,-5.448,-15.071,-2.028,0.40203,-0.30548,-1.0719,NaN,NaN,NaN,NaN,NaN,NaN,NaN,NaN,NaN,45.73,0,1288.4,0.0069644,0.73365,2.6049,0.65177,NaN,NaN,-1,-1,-0.75119,0.32217,-5.0044,-5.3949,-12.997,-2.207,NaN,NaN,NaN,NaN,NaN
562.87,-7.0752,-34.811,-130.73,-0.96409,0.73037,-6.3077,-5.7475,-11.878,-2.1409,0,0,0,NaN,NaN,NaN,NaN,NaN,NaN,NaN,NaN,NaN,45.73,0,1288.4,0.0069644,NaN,NaN,NaN,0.079911,11.567,97268,10.688,-0.7529,0.32847,-5.0057,-5.471,-12.95,-2.2202,NaN,NaN,NaN,NaN,NaN
562.88,-7.0867,-34.839,-130.74,-0.79232,0.37884,-4.1083,-5.4605,-11.378,-2.501,0,0,0,NaN,NaN,NaN,NaN,NaN,NaN,NaN,NaN,NaN,45.73,0,1288.4,0.0069644,NaN,NaN,NaN,NaN,NaN,-1,-1,-0.75776,0.33089,-5.0224,-5.5436,-12.86,-2.2328,NaN,NaN,NaN,NaN,NaN
562.88,-7.0995,-34.875,-130.74,-0.56332,0.16702,-4.4652,-5.6949,-14.114,-2.4155,0,0,0,NaN,NaN,NaN,NaN,NaN,NaN,NaN,NaN,NaN,45.73,0,1288.4,0.0069644,NaN,NaN,NaN,NaN,NaN,-1,-1,-0.75831,0.32423,-5.0164,-5.611,-12.768,-2.2555,NaN,NaN,NaN,NaN,NaN
562.88,-7.1122,-34.908,-130.74,-0.95013,0.34951,-6.0089,-5.7936,-13.379,-2.4733,0.40439,-0.3006,-1.0695,NaN,NaN,NaN,NaN,NaN,NaN,NaN,NaN,NaN,45.73,0,1288.4,0.0069644,NaN,NaN,NaN,NaN,11.537,97267,10.75,-0.7571,0.32797,-5.0102,-5.6744,-12.722,-2.2729,NaN,NaN,NaN,NaN,NaN
562.88,-7.1245,-34.936,-130.74,-0.90783,0.3178,-5.6574,-5.6431,-11.025,-2.3068,0,0,0,NaN,NaN,NaN,NaN,NaN,NaN,NaN,NaN,NaN,45.73,NaN,1266.9,0.0069644,NaN,NaN,NaN,NaN,NaN,-1,-1,-0.76181,0.33374,-5.0261,-5.7234,-12.618,-2.2908,NaN,NaN,NaN,NaN,NaN
562.89,-7.1367,-34.967,-130.74,-0.63085,0.1928,-4.2701,-5.5154,-12.452,-2.302,0,0,0,NaN,NaN,NaN,NaN,NaN,NaN,NaN,NaN,NaN,45.73,NaN,1266.9,0.0069644,0.7216,2.6002,0.62316,0.10905,11.94,97250,10.688,-0.76563,0.32465,-5.0275,-5.7896,-12.581,-2.3039,NaN,NaN,NaN,NaN,NaN
562.89,-7.1504,-35.002,-130.74,-0.63419,0.412,-5.1344,-6.0303,-13.885,-2.366,0,0,0,NaN,NaN,NaN,NaN,NaN,NaN,NaN,NaN,NaN,45.73,NaN,1266.9,0.0069644,NaN,NaN,NaN,NaN,NaN,-1,-1,-0.76516,0.32815,-5.0212,-5.8476,-12.496,-2.3275,NaN,NaN,NaN,NaN,NaN
562.89,-7.164,-35.032,-130.74,-0.8404,-0.023852,-6.2878,-6.1058,-12.048,-2.2469,0.4044,-0.29569,-1.0673,NaN,NaN,NaN,NaN,NaN,NaN,NaN,NaN,NaN,45.73,NaN,1266.9,0.0069644,NaN,NaN,NaN,NaN,NaN,-1,-1,-0.76685,0.32945,-5.0248,-5.8908,-12.374,-2.3386,NaN,NaN,NaN,NaN,NaN
562.89,-7.1774,-35.06,-130.74,-0.64273,0.51724,-4.2702,-5.9884,-11.304,-2.1526,0,0,0,NaN,NaN,NaN,NaN,NaN,NaN,NaN,NaN,NaN,45.73,0,1266.9,0.0069644,NaN,NaN,NaN,NaN,11.6,97273,10.688,-0.76817,0.32574,-5.0368,-5.9277,-12.348,-2.3381,NaN,NaN,NaN,NaN,NaN
562.9,-7.1906,-35.095,-130.74,-0.75492,0.33512,-4.7337,-5.7845,-13.753,-2.2737,0,0,0,NaN,NaN,NaN,NaN,NaN,NaN,NaN,NaN,NaN,45.73,0,1266.9,0.0069644,NaN,NaN,NaN,NaN,NaN,-1,-1,-0.77087,0.32438,-5.0395,-5.9757,-12.259,-2.3552,NaN,NaN,NaN,NaN,NaN
562.9,-7.2177,-35.154,-130.74,-0.79523,0.46073,-5.2238,-6.1376,-10.668,-2.1773,0.4136,-0.2981,-1.0642,NaN,NaN,NaN,NaN,NaN,NaN,NaN,NaN,NaN,45.73,0,1266.9,0.0069644,0.79442,2.5125,0.70714,0.0049945,NaN,-1,-1,-0.77239,0.32806,-5.035,-6.0155,-12.163,-2.3614,NaN,NaN,NaN,NaN,NaN
562.9,-7.2308,-35.184,-130.74,-0.45149,0.57989,-4.2283,-5.9279,-11.935,-2.3286,0,0,0,NaN,NaN,NaN,NaN,NaN,NaN,NaN,NaN,NaN,45.73,0,1266.9,0.0069644,NaN,NaN,NaN,NaN,11.735,97275,10.688,-0.77469,0.32437,-5.042,-6.2373,-12.43,-2.4514,NaN,NaN,NaN,NaN,NaN
562.9,-7.244,-35.217,-130.74,-0.82917,0.1061,-5.4546,-5.906,-13.268,-2.3822,0,0,0,NaN,NaN,NaN,NaN,NaN,NaN,NaN,NaN,NaN,45.73,0,1266.9,0.0069644,NaN,NaN,NaN,NaN,NaN,-1,-1,-0.77701,0.32561,-5.0495,-6.2175,-12.308,-2.4378,NaN,NaN,NaN,NaN,NaN
562.91,-7.2575,-35.245,-130.74,-0.81922,0.40912,-5.349,-6.1686,-11.04,-2.4049,0,0,0,NaN,NaN,NaN,NaN,NaN,NaN,NaN,NaN,NaN,45.73,0,1266.9,0.0069644,NaN,NaN,NaN,NaN,11.875,97284,10.813,-0.77895,0.32994,-5.059,-6.2058,-12.125,-2.4336,NaN,NaN,NaN,NaN,NaN
562.91,-7.2707,-35.275,-130.74,-0.69401,0.72089,-4.7005,-6.2926,-11.829,-2.6912,0.39996,-0.29587,-1.0721,NaN,NaN,NaN,NaN,NaN,NaN,NaN,NaN,NaN,45.73,0,1266.9,0.0069644,NaN,NaN,NaN,NaN,NaN,-1,-1,-0.78022,0.32733,-5.061,-6.373,-12.28,-2.5215,NaN,NaN,NaN,NaN,NaN
562.91,-7.284,-35.307,-130.74,-1.0592,0.12162,-5.2998,-6.0063,-12.887,-2.4492,0,0,0,NaN,NaN,NaN,NaN,NaN,NaN,NaN,NaN,NaN,45.73,0,1266.9,0.0069644,0.79113,2.5107,0.70836,0.0074917,NaN,-1,-1,-0.782,0.32441,-5.0733,-6.2988,-12.101,-2.5138,NaN,NaN,NaN,NaN,NaN
562.91,-7.2975,-35.337,-130.75,-0.99135,0.23106,-5.4269,-6.2065,-11.568,-2.4984,0,0,0,NaN,NaN,NaN,NaN,NaN,NaN,NaN,NaN,NaN,45.73,0,1266.9,0.0069644,NaN,NaN,NaN,NaN,11.773,97271,10.75,-0.78601,0.32234,-5.0788,-6.233,-11.928,-2.485,NaN,NaN,NaN,NaN,NaN
562.92,-7.3114,-35.366,-130.75,-0.51898,0.44454,-4.8631,-6.3194,-11.637,-2.4367,0,0,0,NaN,NaN,NaN,NaN,NaN,NaN,NaN,NaN,NaN,45.73,0,1266.9,0.0069644,NaN,NaN,NaN,NaN,NaN,-1,-1,-0.78669,0.32237,-5.0766,-6.1612,-11.721,-2.4678,NaN,NaN,NaN,NaN,NaN
562.92,-7.3244,-35.396,-130.75,-0.64871,0.007707,-5.2146,-6.0164,-12.113,-2.4719,0.40937,-0.29109,-1.069,NaN,NaN,NaN,NaN,NaN,NaN,NaN,NaN,NaN,45.73,0,1266.9,0.0069644,NaN,NaN,NaN,NaN,NaN,-1,-1,-0.78974,0.32092,-5.0858,-6.1003,-11.54,-2.4568,NaN,NaN,NaN,NaN,NaN
562.92,-7.3387,-35.425,-130.75,-1.044,0.58429,-5.6573,-6.433,-11.455,-2.3393,0,0,0,NaN,NaN,NaN,NaN,NaN,NaN,NaN,NaN,NaN,45.73,0,1266.9,0.0069644,NaN,NaN,NaN,NaN,11.871,97285,10.75,-0.78882,0.32123,-5.0879,-6.0502,-11.444,-2.4399,NaN,NaN,NaN,NaN,NaN
562.92,-7.352,-35.453,-130.75,-0.74015,0.074844,-4.8071,-6.1422,-11.106,-2.4712,0,0,0,NaN,NaN,NaN,NaN,NaN,NaN,NaN,NaN,NaN,45.73,0,1266.9,0.0069644,NaN,NaN,NaN,NaN,NaN,-1,-1,-0.79012,0.31876,-5.0837,-6.0174,-11.197,-2.4229,NaN,NaN,NaN,NaN,NaN
562.93,-7.3795,-35.512,-130.75,-0.95063,0.45164,-5.7541,-6.1236,-11.153,-2.5538,0.41399,-0.29846,-1.0708,-5.5826,-8.361,-6.955,12.225,40.057,-88.55,3.6778e+05,4.4353e+06,292.59,45.73,0,1266.9,0.0069644,0.79497,2.5196,0.71506,0.013319,11.871,97265,10.688,-0.79423,0.31964,-5.0918,-5.9708,-11.044,-2.4076,11.925,-2.6716,-0.31137,-1.4957,-12.623
562.93,-7.3795,-35.512,-130.75,-0.95063,0.45164,-5.7541,-6.1236,-11.153,-2.5538,0.41399,-0.29846,-1.0708,-5.5826,-8.361,-6.955,12.225,40.057,-88.55,3.6778e+05,4.4353e+06,292.59,45.73,0,1266.9,0.0069644,NaN,NaN,NaN,NaN,NaN,-1,-1,-0.79418,0.31976,-5.0929,-5.9373,-10.973,-2.3972,11.925,-2.6716,-0.31137,-1.4957,-12.623
562.93,-7.3932,-35.54,-130.75,-0.91392,0.17383,-4.6309,-6.3013,-11.148,-2.4391,0,0,0,NaN,NaN,NaN,NaN,NaN,NaN,NaN,NaN,NaN,45.73,0,1266.9,0.0069644,NaN,NaN,NaN,NaN,NaN,-1,-1,-0.79606,0.31888,-5.0982,-5.9093,-10.796,-2.3834,NaN,NaN,NaN,NaN,NaN
562.93,-7.4065,-35.57,-130.76,-0.74512,0.49653,-4.9697,-6.1099,-11.852,-2.5312,0,0,0,NaN,NaN,NaN,NaN,NaN,NaN,NaN,NaN,NaN,45.73,0,1266.9,0.0069644,NaN,NaN,NaN,NaN,11.902,97277,10.688,-0.79929,0.32422,-5.0918,-5.8744,-10.61,-2.386,NaN,NaN,NaN,NaN,NaN
562.94,-7.4316,-35.626,-130.76,-0.88758,0.42133,-5.4333,-6.07,-10.979,-2.6074,0.4117,-0.30094,-1.0733,NaN,NaN,NaN,NaN,NaN,NaN,NaN,NaN,NaN,45.73,0,1266.9,0.0069644,0.7331,2.6044,0.65603,NaN,NaN,-1,-1,-0.79112,0.32098,-5.0407,-5.8461,-10.528,-2.3849,NaN,NaN,NaN,NaN,NaN
562.94,-7.4464,-35.654,-130.76,-0.88438,0.66732,-5.0869,-6.8165,-11.328,-2.6086,0,0,0,NaN,NaN,NaN,NaN,NaN,NaN,NaN,NaN,NaN,45.73,0,1266.9,0.0069644,NaN,NaN,NaN,0.06909,NaN,-1,-1,-0.79461,0.315,-5.0567,-5.8291,-10.437,-2.3844,NaN,NaN,NaN,NaN,NaN
562.94,-7.4589,-35.683,-130.77,-0.82494,0.20738,-5.2689,-6.0684,-11.251,-2.7927,0,0,0,NaN,NaN,NaN,NaN,NaN,NaN,NaN,NaN,NaN,45.73,0,1266.9,0.0069644,NaN,NaN,NaN,NaN,12.136,97298,10.813,-0.79764,0.3223,-5.0673,-5.8026,-10.27,-2.3858,NaN,NaN,NaN,NaN,NaN
562.94,-7.473,-35.71,-130.77,-0.69715,0.069726,-5.3126,-6.5343,-10.911,-2.5497,0,0,0,NaN,NaN,NaN,NaN,NaN,NaN,NaN,NaN,NaN,45.73,0,1266.9,0.0069644,NaN,NaN,NaN,NaN,NaN,-1,-1,-0.79743,0.31845,-5.0748,-5.7863,-10.149,-2.3889,NaN,NaN,NaN,NaN,NaN
562.95,-7.4864,-35.739,-130.77,-0.97301,0.48738,-5.5053,-6.3096,-11.345,-2.5871,0.42555,-0.29108,-1.0631,NaN,NaN,NaN,NaN,NaN,NaN,NaN,NaN,NaN,45.73,0,1266.9,0.0069644,NaN,NaN,NaN,NaN,11.806,97299,10.813,-0.79174,0.31171,-5.0285,-5.7925,-10.096,-2.3996,NaN,NaN,NaN,NaN,NaN
562.95,-7.4991,-35.766,-130.77,-0.69473,0.34125,-4.9641,-6.1537,-10.698,-2.8152,0,0,0,NaN,NaN,NaN,NaN,NaN,NaN,NaN,NaN,NaN,45.73,0,1266.9,0.0069644,NaN,NaN,NaN,NaN,NaN,-1,-1,-0.79691,0.31703,-5.0476,-5.8018,-10.005,-2.4064,NaN,NaN,NaN,NaN,NaN
562.95,-7.5125,-35.795,-130.77,-0.74843,0.060446,-5.4501,-6.2885,-11.573,-2.6857,0,0,0,NaN,NaN,NaN,NaN,NaN,NaN,NaN,NaN,NaN,45.73,0,1266.9,0.0069644,0.72927,2.6085,0.63168,0.09656,NaN,-1,-1,-0.8007,0.31646,-5.0593,-5.8094,-9.8575,-2.4029,NaN,NaN,NaN,NaN,NaN
562.95,-7.5265,-35.821,-130.77,-0.89936,0.23555,-5.939,-6.5674,-10.388,-2.534,0,0,0,NaN,NaN,NaN,NaN,NaN,NaN,NaN,NaN,NaN,45.73,0,1266.9,0.0069644,NaN,NaN,NaN,NaN,11.903,97271,10.688,-0.8041,0.30235,-5.077,-5.817,-9.8264,-2.4094,NaN,NaN,NaN,NaN,NaN
562.96,0,0,0,0,0,0,0,0,0,0,0,0,NaN,NaN,NaN,NaN,NaN,NaN,NaN,NaN,NaN,45.73,0,1266.9,0.0069644,NaN,NaN,NaN,NaN,NaN,-1,-1,-0.80603,0.30003,-5.0882,-5.8532,-9.7135,-2.4169,NaN,NaN,NaN,NaN,NaN
562.96,-7.5404,-35.848,-130.78,-0.68867,0.54948,-4.7568,-6.6258,-10.635,-2.7048,0.40684,-0.28352,-1.0626,NaN,NaN,NaN,NaN,NaN,NaN,NaN,NaN,NaN,45.73,0,1266.9,0.0069644,NaN,NaN,NaN,NaN,NaN,-1,-1,-0.8068,0.30108,-5.0937,-5.8834,-9.637,-2.4331,NaN,NaN,NaN,NaN,NaN
562.96,-7.5535,-35.877,-130.78,-0.87756,0.26626,-5.1996,-6.3126,-11.468,-2.8579,0,0,0,NaN,NaN,NaN,NaN,NaN,NaN,NaN,NaN,NaN,45.73,0,1266.9,0.0069644,NaN,NaN,NaN,NaN,12.103,97276,10.75,-0.80985,0.30613,-5.1066,-5.9137,-9.6217,-2.4389,NaN,NaN,NaN,NaN,NaN
562.96,0,0,0,0,0,0,0,0,0,0,0,0,NaN,NaN,NaN,NaN,NaN,NaN,NaN,NaN,NaN,45.73,0,1266.9,0.0069644,0.72598,2.5978,0.63655,0.10155,NaN,-1,-1,-0.81584,0.30491,-5.1176,-5.9499,-9.5157,-2.4489,NaN,NaN,NaN,NaN,NaN
562.97,-7.5965,-35.956,-130.78,-0.75561,0.30885,-5.3571,-6.5969,-11.299,-2.4503,0.4185,-0.29589,-1.066,NaN,NaN,NaN,NaN,NaN,NaN,NaN,NaN,NaN,45.73,0,1266.9,0.0069644,0.72598,2.5978,0.63655,0.10155,12.039,97271,10.75,-0.81689,0.3024,-5.1114,-5.9893,-9.4768,-2.4806,NaN,NaN,NaN,NaN,NaN
562.97,-7.6107,-35.982,-130.79,-0.85377,0.19432,-5.9449,-6.8857,-10.131,-2.8595,0,0,0,NaN,NaN,NaN,NaN,NaN,NaN,NaN,NaN,NaN,45.73,0,1266.9,0.0069644,NaN,NaN,NaN,NaN,NaN,-1,-1,-0.81912,0.30337,-5.1174,-6.0307,-9.5065,-2.4961,NaN,NaN,NaN,NaN,NaN
562.97,-7.6251,-36.006,-130.79,-0.76648,0.68851,-5.014,-6.9517,-9.5476,-2.8053,0,0,0,NaN,NaN,NaN,NaN,NaN,NaN,NaN,NaN,NaN,45.73,0,1266.9,0.0069644,NaN,NaN,NaN,NaN,NaN,-1,-1,-0.8272,0.30939,-5.1844,-6.088,-9.4512,-2.5196,NaN,NaN,NaN,NaN,NaN
562.97,-7.654,-36.061,-130.79,-1.1583,-0.11796,-5.9222,-6.8384,-10.968,-2.698,0.42078,-0.29831,-1.0658,NaN,NaN,NaN,NaN,NaN,NaN,NaN,NaN,NaN,45.73,0,1266.9,0.0069644,NaN,NaN,NaN,NaN,12.327,97274,10.688,-0.82626,0.30671,-5.1925,-6.1612,-9.4159,-2.5399,NaN,NaN,NaN,NaN,NaN
562.98,-7.6678,-36.085,-130.8,-0.88761,0.54265,-5.7648,-6.7637,-9.3348,-2.8375,0,0,0,NaN,NaN,NaN,NaN,NaN,NaN,NaN,NaN,NaN,45.73,0,1266.9,0.0069644,NaN,NaN,NaN,NaN,NaN,-1,-1,-0.82708,0.3042,-5.1915,-6.2248,-9.4339,-2.5603,NaN,NaN,NaN,NaN,NaN
562.98,-7.6954,-36.137,-130.8,-0.83529,-0.072807,-5.3035,-6.5401,-10.851,-2.9232,0,0,0,NaN,NaN,NaN,NaN,NaN,NaN,NaN,NaN,NaN,45.73,0,1266.9,0.0069644,NaN,NaN,NaN,NaN,NaN,-1,-1,-0.83293,0.30358,-5.2088,-6.3018,-9.4191,-2.5773,NaN,NaN,NaN,NaN,NaN
562.98,-7.6926,-36.167,-130.82,-0.95161,0.74239,-6.0309,-6.848,-10.069,-2.7901,0.4326,-0.29117,-1.0625,NaN,NaN,NaN,NaN,NaN,NaN,NaN,NaN,NaN,45.73,0,1266.9,0.0069644,NaN,NaN,NaN,NaN,12.041,97297,10.875,-0.83466,0.2985,-5.2124,-6.3795,-9.3925,-2.5998,NaN,NaN,NaN,NaN,NaN
562.98,-7.7067,-36.192,-130.83,-0.91937,0.26816,-5.1656,-6.6962,-9.8933,-2.6358,0,0,0,NaN,NaN,NaN,NaN,NaN,NaN,NaN,NaN,NaN,45.73,0,1266.9,0.0069644,NaN,NaN,NaN,NaN,NaN,-1,-1,-0.84091,0.29669,-5.2611,-6.4619,-9.3979,-2.6408,NaN,NaN,NaN,NaN,NaN
562.99,-7.7212,-36.218,-130.83,-0.76755,-0.066756,-5.178,-6.941,-10.213,-2.8478,0,0,0,NaN,NaN,NaN,NaN,NaN,NaN,NaN,NaN,NaN,45.73,0,1266.9,0.0069644,NaN,NaN,NaN,NaN,12.26,97270,10.625,-0.84202,0.30016,-5.271,-6.5573,-9.4093,-2.6796,NaN,NaN,NaN,NaN,NaN
562.99,-7.7358,-36.243,-130.83,-0.90607,0.44407,-5.4533,-6.9979,-9.9805,-2.7788,0,0,0,NaN,NaN,NaN,NaN,NaN,NaN,NaN,NaN,NaN,45.73,0,1266.9,0.0069644,NaN,NaN,NaN,NaN,NaN,-1,-1,-0.84734,0.30018,-5.2871,-6.6568,-9.3894,-2.7106,NaN,NaN,NaN,NaN,NaN
562.99,-7.7505,-36.268,-130.83,-0.91703,0.41624,-5.1942,-7.1766,-9.7625,-2.8997,0.433,-0.28663,-1.0669,NaN,NaN,NaN,NaN,NaN,NaN,NaN,NaN,NaN,45.73,0,1266.9,0.0069644,NaN,NaN,NaN,NaN,NaN,-1,-1,-0.8478,0.29629,-5.2898,-6.7498,-9.4343,-2.7429,NaN,NaN,NaN,NaN,NaN
562.99,-7.7649,-36.293,-130.84,-0.99023,0.29872,-5.2215,-7.1146,-9.7487,-3.054,0,0,0,NaN,NaN,NaN,NaN,NaN,NaN,NaN,NaN,NaN,45.73,0,1266.9,0.0069644,NaN,NaN,NaN,NaN,12.066,97285,10.688,-0.85312,0.30248,-5.31,-6.8345,-9.4728,-2.781,NaN,NaN,NaN,NaN,NaN
563,-7.7804,-36.318,-130.84,-0.79452,0.30147,-5.613,-7.4365,-9.8061,-2.9341,0,0,0,NaN,NaN,NaN,NaN,NaN,NaN,NaN,NaN,NaN,45.73,0,1266.9,0.0069644,NaN,NaN,NaN,NaN,NaN,-1,-1,-0.85908,0.29991,-5.3315,-6.9532,-9.5055,-2.821,NaN,NaN,NaN,NaN,NaN
563,-7.7951,-36.343,-130.85,-0.91839,0.59307,-5.5706,-7.1456,-9.878,-2.9466,0,0,0,NaN,NaN,NaN,NaN,NaN,NaN,NaN,NaN,NaN,45.73,0,1266.9,0.0069644,NaN,NaN,NaN,NaN,NaN,-1,-1,-0.86004,0.29842,-5.3248,-7.0457,-9.5463,-2.8652,NaN,NaN,NaN,NaN,NaN
563,-7.8098,-36.368,-130.85,-0.80954,0.3156,-5.7102,-7.1219,-9.6717,-2.8355,0.43516,-0.28403,-1.0623,NaN,NaN,NaN,NaN,NaN,NaN,NaN,NaN,NaN,45.73,0,1266.9,0.0069644,NaN,NaN,NaN,NaN,12.264,97306,10.813,-0.86198,0.30095,-5.3436,-7.1669,-9.5898,-2.9054,NaN,NaN,NaN,NaN,NaN
563,-7.8249,-36.391,-130.85,-0.85084,0.22214,-5.2971,-7.3116,-9.28,-2.8732,0,0,0,NaN,NaN,NaN,NaN,NaN,NaN,NaN,NaN,NaN,45.72,0,1261.2,0.0064211,0.72763,2.4862,0.72357,0.04495,NaN,-1,-1,-0.86652,0.30057,-5.3651,-7.2874,-9.6713,-2.9396,NaN,NaN,NaN,NaN,NaN
563.01,-7.8402,-36.418,-130.86,-0.99426,0.068169,-5.6733,-7.475,-10.36,-3.119,0,0,0,NaN,NaN,NaN,NaN,NaN,NaN,NaN,NaN,NaN,45.72,0,1261.2,0.0064211,NaN,NaN,NaN,NaN,12.135,97279,10.75,-0.86608,0.29814,-5.3701,-7.3966,-9.7062,-2.9882,NaN,NaN,NaN,NaN,NaN
563.01,-7.8557,-36.442,-130.86,-0.95679,0.29722,-5.8051,-7.469,-9.692,-2.9889,0,0,0,NaN,NaN,NaN,NaN,NaN,NaN,NaN,NaN,NaN,45.72,0,1261.2,0.0064211,NaN,NaN,NaN,NaN,NaN,-1,-1,-0.87013,0.29224,-5.3807,-7.5197,-9.8175,-3.027,NaN,NaN,NaN,NaN,NaN
563.01,-7.8702,-36.466,-130.86,-0.75011,0.19978,-5.2153,-7.1238,-9.2679,-2.8757,0.42817,-0.28644,-1.0651,NaN,NaN,NaN,NaN,NaN,NaN,NaN,NaN,NaN,45.72,0,1261.2,0.0064211,NaN,NaN,NaN,NaN,NaN,-1,-1,-0.87519,0.29168,-5.3984,-7.6598,-9.9219,-3.0576,NaN,NaN,NaN,NaN,NaN
563.01,-7.8854,-36.49,-130.86,-0.67253,0.59336,-5.6405,-7.232,-9.4515,-2.7524,0,0,0,NaN,NaN,NaN,NaN,NaN,NaN,NaN,NaN,NaN,45.72,0,1261.2,0.0064211,NaN,NaN,NaN,NaN,12.393,97303,10.813,-0.87655,0.29288,-5.4001,-7.5593,-9.5771,-3.0012,NaN,NaN,NaN,NaN,NaN
563.02,-7.9,-36.513,-130.87,-0.99394,-0.12255,-5.6937,-7.3296,-9.2729,-3.1511,0,0,0,NaN,NaN,NaN,NaN,NaN,NaN,NaN,NaN,NaN,45.72,0,1261.2,0.0064211,0.72872,2.6079,0.63107,0.094895,NaN,-1,-1,-0.8786,0.29147,-5.4171,-7.6529,-9.5588,-3.0351,NaN,NaN,NaN,NaN,NaN
563.02,-7.9309,-36.562,-130.88,-0.78762,0.66265,-5.1386,-7.5879,-10.083,-3.1247,0.43006,-0.28851,-1.0583,NaN,NaN,NaN,NaN,NaN,NaN,NaN,NaN,NaN,45.72,0,1261.2,0.0064211,NaN,NaN,NaN,NaN,NaN,-1,-1,-0.88233,0.29376,-5.4336,-7.739,-9.6521,-3.0846,NaN,NaN,NaN,NaN,NaN
563.02,-7.9475,-36.585,-130.88,-1.1082,-0.09891,-6.0084,-7.8824,-9.0145,-2.8358,0,0,0,NaN,NaN,NaN,NaN,NaN,NaN,NaN,NaN,NaN,45.72,0,1261.2,0.0064211,NaN,NaN,NaN,NaN,12.229,97279,10.688,-0.88271,0.29459,-5.4381,-7.5895,-9.2702,-3.0292,NaN,NaN,NaN,NaN,NaN
563.02,-7.963,-36.606,-130.88,-0.75116,0.53602,-5.1928,-7.791,-8.1991,-3.149,0,0,0,NaN,NaN,NaN,NaN,NaN,NaN,NaN,NaN,NaN,45.72,0,1261.2,0.0064211,NaN,NaN,NaN,NaN,NaN,-1,-1,-0.88411,0.29427,-5.4399,-7.6336,-9.2307,-3.0399,NaN,NaN,NaN,NaN,NaN
563.03,-7.979,-36.63,-130.89,-0.7564,0.6052,-4.954,-7.7201,-9.6813,-3.0279,0,0,0,NaN,NaN,NaN,NaN,NaN,NaN,NaN,NaN,NaN,45.72,0,1261.2,0.0064211,NaN,NaN,NaN,NaN,12.49,97273,10.75,-0.88797,0.29685,-5.4521,-7.6811,-9.1844,-3.0677,NaN,NaN,NaN,NaN,NaN
563.03,-7.9942,-36.654,-130.89,-0.9232,0.16103,-6.1142,-7.5637,-9.432,-3.1222,0.4424,-0.28675,-1.0661,NaN,NaN,NaN,NaN,NaN,NaN,NaN,NaN,NaN,45.72,0,1261.2,0.0064211,0.79278,2.5029,0.70532,0.012486,NaN,-1,-1,-0.89019,0.29467,-5.4551,-7.7338,-9.0937,-3.0969,NaN,NaN,NaN,NaN,NaN
563.03,-8.0096,-36.676,-130.89,-0.8727,0.43869,-5.6119,-7.7164,-8.5524,-3.2268,0,0,0,NaN,NaN,NaN,NaN,NaN,NaN,NaN,NaN,NaN,45.72,0,1261.2,0.0064211,NaN,NaN,NaN,NaN,NaN,-1,-1,-0.89101,0.28774,-5.4569,-7.7754,-9.0715,-3.1161,NaN,NaN,NaN,NaN,NaN
563.03,-8.0255,-36.7,-130.9,-0.89777,0.32755,-5.5041,-7.9391,-9.0876,-3.2608,0,0,0,NaN,NaN,NaN,NaN,NaN,NaN,NaN,NaN,NaN,45.72,0,1261.2,0.0064211,NaN,NaN,NaN,NaN,12.455,97312,10.813,-0.89222,0.29149,-5.4708,-7.817,-9.0069,-3.1325,NaN,NaN,NaN,NaN,NaN
563.04,-8.0412,-36.723,-130.9,-1.0476,-0.019802,-5.5012,-7.8475,-9.3004,-3.2959,0,0,0,NaN,NaN,NaN,NaN,NaN,NaN,NaN,NaN,NaN,45.72,0,1261.2,0.0064211,NaN,NaN,NaN,NaN,NaN,-1,-1,-0.89552,0.29062,-5.4848,-7.8624,-8.9485,-3.1566,NaN,NaN,NaN,NaN,NaN
563.04,-8.0574,-36.745,-130.91,-0.87956,0.35075,-5.8303,-7.8457,-8.5225,-2.8667,0.4445,-0.28164,-1.0592,NaN,NaN,NaN,NaN,NaN,NaN,NaN,NaN,NaN,45.72,0,1261.2,0.0064211,NaN,NaN,NaN,NaN,NaN,-1,-1,-0.89537,0.2827,-5.4838,-7.9017,-8.8988,-3.1609,NaN,NaN,NaN,NaN,NaN
563.04,-8.0729,-36.767,-130.91,-0.90349,0.49409,-5.124,-7.5656,-8.4039,-2.9363,0,0,0,NaN,NaN,NaN,NaN,NaN,NaN,NaN,NaN,NaN,45.72,0,1261.2,0.0064211,0.72817,2.6085,0.64203,0.086571,12.519,97269,10.688,-0.89672,0.28231,-5.4879,-7.9152,-8.8645,-3.1599,NaN,NaN,NaN,NaN,NaN
563.04,-8.0888,-36.791,-130.91,-0.88655,0.080254,-5.8936,-7.723,-9.536,-3.0649,0,0,0,NaN,NaN,NaN,NaN,NaN,NaN,NaN,NaN,NaN,45.72,0,1261.2,0.0064211,NaN,NaN,NaN,NaN,NaN,-1,-1,-0.90339,0.28388,-5.5023,-7.9466,-8.7855,-3.1769,NaN,NaN,NaN,NaN,NaN
563.05,-8.1046,-36.813,-130.92,-1.0557,0.20746,-5.8036,-7.8368,-8.6222,-3.1436,0,0,0,NaN,NaN,NaN,NaN,NaN,NaN,NaN,NaN,NaN,45.72,0,1261.2,0.0064211,NaN,NaN,NaN,NaN,12.58,97299,10.75,-0.90429,0.27495,-5.5043,-7.9719,-8.7518,-3.1883,NaN,NaN,NaN,NaN,NaN
563.05,-8.1211,-36.834,-130.92,-0.80466,0.45312,-5.4255,-8.1691,-8.1126,-3.0871,0.44241,-0.28185,-1.0638,NaN,NaN,NaN,NaN,NaN,NaN,NaN,NaN,NaN,45.72,0,1261.2,0.0064211,NaN,NaN,NaN,NaN,NaN,-1,-1,-0.90274,0.27587,-5.5062,-8.0104,-8.7048,-3.2026,NaN,NaN,NaN,NaN,NaN
563.05,-8.1377,-36.856,-130.93,-0.8338,0.11644,-5.332,-8.1079,-8.8006,-3.0676,0,0,0,NaN,NaN,NaN,NaN,NaN,NaN,NaN,NaN,NaN,45.72,0,1261.2,0.0064211,NaN,NaN,NaN,NaN,NaN,-1,-1,-0.90689,0.27795,-5.5235,-8.0355,-8.6174,-3.2275,NaN,NaN,NaN,NaN,NaN
563.05,-8.1548,-36.878,-130.93,-0.85649,0.10758,-5.6282,-8.3615,-8.7743,-3.1859,0,0,0,NaN,NaN,NaN,NaN,NaN,NaN,NaN,NaN,NaN,45.72,0,1261.2,0.0064211,NaN,NaN,NaN,NaN,12.612,97278,10.688,-0.9096,0.27768,-5.5302,-8.0705,-8.5892,-3.2455,NaN,NaN,NaN,NaN,NaN
563.06,-8.1874,-36.922,-130.94,-1.1231,0.56494,-5.5318,-8.1366,-8.5985,-3.1224,0.43974,-0.27906,-1.0574,NaN,NaN,NaN,NaN,NaN,NaN,NaN,NaN,NaN,45.72,0,1261.2,0.0064211,0.73255,2.6055,0.64385,0.09656,NaN,-1,-1,-0.90858,0.27687,-5.524,-8.0871,-8.5194,-3.2573,NaN,NaN,NaN,NaN,NaN
563.06,-8.2032,-36.942,-130.94,-0.88241,-0.024123,-5.4054,-8.0788,-8.1061,-3.3884,0,0,0,NaN,NaN,NaN,NaN,NaN,NaN,NaN,NaN,NaN,45.72,0,1261.2,0.0064211,NaN,NaN,NaN,NaN,NaN,-1,-1,-0.91038,0.28121,-5.5367,-8.0985,-8.4217,-3.2732,NaN,NaN,NaN,NaN,NaN
563.06,-8.2203,-36.966,-130.95,-0.82889,0.35016,-5.7594,-8.373,-9.1248,-3.2785,0,0,0,NaN,NaN,NaN,NaN,NaN,NaN,NaN,NaN,NaN,45.72,0,1261.2,0.0064211,NaN,NaN,NaN,NaN,12.643,97298,10.75,-0.91392,0.27864,-5.55,-8.1125,-8.3375,-3.2784,NaN,NaN,NaN,NaN,NaN
563.06,-8.2361,-36.986,-130.96,-1.0283,0.76743,-6.323,-8.1934,-8.021,-3.5589,0,0,0,NaN,NaN,NaN,NaN,NaN,NaN,NaN,NaN,NaN,45.72,0,1261.2,0.0064211,NaN,NaN,NaN,NaN,NaN,-1,-1,-0.91563,0.27548,-5.5537,-8.1325,-8.3199,-3.2872,NaN,NaN,NaN,NaN,NaN
563.07,-8.2507,-37.005,-130.96,-0.96835,0.029513,-5.1211,-8.0625,-7.1301,-3.7844,0.44215,-0.28161,-1.0594,NaN,NaN,NaN,NaN,NaN,NaN,NaN,NaN,NaN,45.72,0,1261.2,0.0064211,0.7331,2.6109,0.65177,0.079911,12.608,97280,10.625,-0.91506,0.27178,-5.5522,-8.1456,-8.2423,-3.3028,NaN,NaN,NaN,NaN,NaN
563.07,-8.2662,-37.028,-130.97,-0.80624,-0.16856,-5.075,-8.0395,-9.1056,-3.6817,0,0,0,NaN,NaN,NaN,NaN,NaN,NaN,NaN,NaN,NaN,45.72,0,1261.2,0.0064211,NaN,NaN,NaN,NaN,NaN,-1,-1,-0.91925,0.26561,-5.5749,-8.1218,-8.1243,-3.2996,NaN,NaN,NaN,NaN,NaN
563.07,-8.2824,-37.052,-130.97,-1.0322,0.4586,-6.2045,-8.1803,-9.1034,-3.4773,0,0,0,NaN,NaN,NaN,NaN,NaN,NaN,NaN,NaN,NaN,45.72,0,1261.2,0.0064211,NaN,NaN,NaN,NaN,NaN,-1,-1,-0.91831,0.26268,-5.5774,-8.1099,-8.0893,-3.2945,NaN,NaN,NaN,NaN,NaN
563.07,-8.2982,-37.069,-130.98,-1.0121,0.2293,-5.9093,-8.0843,-6.738,-3.2043,0,0,0,NaN,NaN,NaN,NaN,NaN,NaN,NaN,NaN,NaN,45.72,0,1261.2,0.0064211,NaN,NaN,NaN,NaN,12.666,97246,10.438,-0.91923,0.26339,-5.5822,-8.0925,-8.0527,-3.2959,NaN,NaN,NaN,NaN,NaN
563.08,-8.3143,-37.091,-130.98,-0.69884,-0.038625,-5.155,-8.0312,-8.3795,-3.1824,0.43738,-0.28394,-1.0598,NaN,NaN,NaN,NaN,NaN,NaN,NaN,NaN,NaN,45.72,0,1261.2,0.0064211,NaN,NaN,NaN,NaN,NaN,-1,-1,-0.92282,0.26396,-5.5897,-8.0678,-7.9468,-3.3,NaN,NaN,NaN,NaN,NaN
563.08,-8.3303,-37.112,-130.99,-0.95339,0.41801,-5.5311,-8.0231,-8.4697,-3.3012,0,0,0,NaN,NaN,NaN,NaN,NaN,NaN,NaN,NaN,NaN,45.72,0,1261.2,0.0064211,NaN,NaN,NaN,NaN,NaN,-1,-1,-0.92522,0.25866,-5.6042,-8.0555,-7.8777,-3.2977,NaN,NaN,NaN,NaN,NaN
563.08,-8.3466,-37.132,-130.99,-0.874,0.22882,-5.7738,-8.1449,-7.5783,-3.1425,0,0,0,NaN,NaN,NaN,NaN,NaN,NaN,NaN,NaN,NaN,45.72,0,1261.2,0.0064211,0.7216,2.5978,0.6256,0.10988,12.674,97282,10.688,-0.92548,0.26544,-5.6056,-8.0336,-7.8331,-3.2954,NaN,NaN,NaN,NaN,NaN
563.08,-8.3631,-37.153,-131,-0.94433,0.41412,-5.2767,-8.0145,-8.1972,-2.992,0,0,0,NaN,NaN,NaN,NaN,NaN,NaN,NaN,NaN,NaN,45.72,0,1261.2,0.0064211,NaN,NaN,NaN,NaN,NaN,-1,-1,-0.92197,0.26519,-5.6091,-8.0008,-7.745,-3.2897,NaN,NaN,NaN,NaN,NaN
563.09,-8.3794,-37.172,-131,-1.0755,-0.033691,-6.1284,-8.1797,-7.5498,-3.105,0.44449,-0.28655,-1.0614,NaN,NaN,NaN,NaN,NaN,NaN,NaN,NaN,NaN,45.72,0,1261.2,0.0064211,NaN,NaN,NaN,NaN,12.613,97271,10.688,-0.92498,0.26506,-5.6272,-7.9663,-7.6625,-3.2911,NaN,NaN,NaN,NaN,NaN
563.09,-8.3951,-37.19,-131,-0.83879,0.47134,-5.058,-8.0228,-7.043,-3.2802,0,0,0,NaN,NaN,NaN,NaN,NaN,NaN,NaN,NaN,NaN,45.72,0,1261.2,0.0064211,NaN,NaN,NaN,NaN,NaN,-1,-1,-0.92829,0.26442,-5.6417,-7.9179,-7.6122,-3.2904,NaN,NaN,NaN,NaN,NaN
563.09,-8.41,-37.212,-131.01,-0.80928,0.53919,-5.7045,-7.4753,-8.3279,-3.1101,0,0,0,NaN,NaN,NaN,NaN,NaN,NaN,NaN,NaN,NaN,45.72,0,1261.2,0.0064211,NaN,NaN,NaN,NaN,NaN,-1,-1,-0.92931,0.27079,-5.6368,-7.8689,-7.569,-3.292,NaN,NaN,NaN,NaN,NaN
563.09,-8.4244,-37.231,-131.01,-0.96125,0.13567,-6.064,-7.7255,-7.3893,-3.5692,0,0,0,NaN,NaN,NaN,NaN,NaN,NaN,NaN,NaN,NaN,45.72,0,1261.2,0.0064211,NaN,NaN,NaN,NaN,12.64,97276,10.625,-0.9304,0.26368,-5.6496,-7.8281,-7.4876,-3.2956,NaN,NaN,NaN,NaN,NaN
563.1,-8.4396,-37.248,-131.02,-0.96005,0.25794,-5.5504,-8.1876,-6.5828,-3.586,0.4378,-0.26958,-1.0598,NaN,NaN,NaN,NaN,NaN,NaN,NaN,NaN,NaN,45.72,0,1261.2,0.0064211,0.72653,2.6008,0.63594,0.095727,NaN,-1,-1,-0.93136,0.2634,-5.6656,-7.7765,-7.4222,-3.2785,NaN,NaN,NaN,NaN,NaN
563.1,-8.4705,-37.289,-131.03,-0.95073,-0.18576,-5.9335,-7.7473,-8.2021,-3.2291,0,0,0,NaN,NaN,NaN,NaN,NaN,NaN,NaN,NaN,NaN,45.72,0,1261.2,0.0064211,NaN,NaN,NaN,NaN,NaN,-1,-1,-0.92997,0.26117,-5.6638,-7.7031,-7.3427,-3.268,NaN,NaN,NaN,NaN,NaN
563.1,-8.4855,-37.306,-131.04,-1.0804,0.45327,-6.3123,-7.8099,-6.6142,-3.2807,0,0,0,NaN,NaN,NaN,NaN,NaN,NaN,NaN,NaN,NaN,45.72,0,1261.2,0.0064211,NaN,NaN,NaN,NaN,12.669,97313,10.688,-0.92794,0.25639,-5.6706,-7.6311,-7.3097,-3.2523,NaN,NaN,NaN,NaN,NaN
563.1,-8.4994,-37.323,-131.04,-0.91238,0.64268,-4.9476,-7.4033,-6.5994,-3.2708,0.438,-0.2673,-1.062,NaN,NaN,NaN,NaN,NaN,NaN,NaN,NaN,NaN,45.72,0,1261.2,0.0064211,NaN,NaN,NaN,NaN,12.642,97304,10.75,-0.93405,0.25524,-5.6892,-7.5475,-7.1882,-3.2313,NaN,NaN,NaN,NaN,NaN
563.11,-8.5286,-37.364,-131.05,-1.0392,0.38331,-6.3299,-7.5301,-7.7275,-3.0657,0,0,0,NaN,NaN,NaN,NaN,NaN,NaN,NaN,NaN,NaN,45.72,0,1261.2,0.0064211,0.72982,2.6026,0.64385,0.074085,NaN,-1,-1,-0.93691,0.25774,-5.6978,-7.4717,-7.062,-3.2082,NaN,NaN,NaN,NaN,NaN
563.11,-8.5427,-37.38,-131.05,-0.99945,0.70816,-5.8676,-7.3675,-5.8975,-3.0931,0,0,0,NaN,NaN,NaN,NaN,NaN,NaN,NaN,NaN,NaN,45.72,0,1261.2,0.0064211,NaN,NaN,NaN,NaN,NaN,-1,-1,-0.93403,0.2554,-5.6905,-7.388,-7.0436,-3.1905,NaN,NaN,NaN,NaN,NaN
563.11,-8.5568,-37.398,-131.06,-0.91266,-0.042155,-4.9173,-7.4224,-7.0717,-3.2417,0.44946,-0.27704,-1.061,NaN,NaN,NaN,NaN,NaN,NaN,NaN,NaN,NaN,45.72,0,1261.2,0.0064211,NaN,NaN,NaN,NaN,NaN,-1,-1,-0.93273,0.25717,-5.7034,-7.3213,-7.0225,-3.1727,NaN,NaN,NaN,NaN,NaN
563.11,-8.5715,-37.418,-131.06,-0.91243,0.02764,-5.8039,-7.3143,-7.7781,-2.9252,0,0,0,NaN,NaN,NaN,NaN,NaN,NaN,NaN,NaN,NaN,45.691,0,1252.7,0.0064211,NaN,NaN,NaN,NaN,12.764,97300,10.688,-0.93838,0.25975,-5.7277,-7.2559,-6.9677,-3.1598,NaN,NaN,NaN,NaN,NaN
563.12,-8.5852,-37.436,-131.07,-1.094,0.67772,-6.47,-7.1679,-7.0137,-3.1809,0,0,0,NaN,NaN,NaN,NaN,NaN,NaN,NaN,NaN,NaN,45.691,0,1252.7,0.0064211,NaN,NaN,NaN,NaN,NaN,-1,-1,-0.93905,0.25745,-5.7203,-7.1885,-6.9707,-3.1549,NaN,NaN,NaN,NaN,NaN
563.12,-8.5977,-37.452,-131.07,-1.0763,0.29237,-5.1488,-6.8966,-6.0373,-3.2873,0,0,0,NaN,NaN,NaN,NaN,NaN,NaN,NaN,NaN,NaN,45.691,0,1252.7,0.0064211,NaN,NaN,NaN,NaN,NaN,-1,-1,-0.93381,0.25929,-5.7266,-7.1353,-6.9191,-3.1407,NaN,NaN,NaN,NaN,NaN
563.12,-8.611,-37.47,-131.08,-0.75005,-0.14918,-5.198,-6.8185,-7.205,-2.9061,0.43982,-0.27176,-1.0552,NaN,NaN,NaN,NaN,NaN,NaN,NaN,NaN,NaN,45.691,0,1252.7,0.0064211,0.72872,2.5972,0.63838,0.099057,12.732,97244,10.5,-0.93684,0.25927,-5.7522,-7.0612,-6.8512,-3.1333,NaN,NaN,NaN,NaN,NaN
563.12,-8.6252,-37.491,-131.08,-1.0055,0.48323,-6.2212,-7.3114,-8.1696,-3.2733,0,0,0,NaN,NaN,NaN,NaN,NaN,NaN,NaN,NaN,NaN,45.691,0,1252.7,0.0064211,NaN,NaN,NaN,NaN,NaN,-1,-1,-0.93924,0.26111,-5.7609,-6.9715,-6.7869,-3.1375,NaN,NaN,NaN,NaN,NaN
563.13,-8.6377,-37.506,-131.09,-1.1717,0.79958,-6.9605,-6.769,-5.8959,-3.1273,0,0,0,NaN,NaN,NaN,NaN,NaN,NaN,NaN,NaN,NaN,45.691,0,1252.7,0.0064211,NaN,NaN,NaN,NaN,12.916,97293,10.625,-0.93917,0.25875,-5.7488,-6.8899,-6.7841,-3.1342,NaN,NaN,NaN,NaN,NaN
563.13,-8.6496,-37.521,-131.09,-0.86648,-0.20808,-4.5927,-6.6955,-5.5325,-3.2725,0,0,0,NaN,NaN,NaN,NaN,NaN,NaN,NaN,NaN,NaN,45.691,0,1252.7,0.0064211,NaN,NaN,NaN,NaN,NaN,-1,-1,-0.93756,0.25548,-5.7703,-6.8293,-6.7425,-3.1344,NaN,NaN,NaN,NaN,NaN
563.13,-8.663,-37.543,-131.1,-0.76348,0.23092,-5.4533,-6.891,-8.5808,-3.1509,0.4447,-0.27937,-1.0614,NaN,NaN,NaN,NaN,NaN,NaN,NaN,NaN,NaN,45.691,0,1252.7,0.0064211,0.73858,2.6044,0.65359,0.07242,NaN,-1,-1,-0.93957,0.25503,-5.7963,-6.9312,-6.8319,-3.216,NaN,NaN,NaN,NaN,NaN
563.13,-8.6756,-37.56,-131.1,-1.2292,0.64768,-7.1556,-6.599,-6.6975,-2.9684,0,0,0,NaN,NaN,NaN,NaN,NaN,NaN,NaN,NaN,NaN,45.691,0,1252.7,0.0064211,0.73858,2.6044,0.65359,0.07242,12.798,97324,10.813,-0.93911,0.25972,-5.7904,-6.816,-6.7857,-3.1916,NaN,NaN,NaN,NaN,NaN
563.14,-8.6871,-37.573,-131.11,-0.96586,-0.36258,-5.3848,-6.5723,-4.8317,-3.2093,0,0,0,NaN,NaN,NaN,NaN,NaN,NaN,NaN,NaN,NaN,45.691,0,1252.7,0.0064211,NaN,NaN,NaN,NaN,NaN,-1,-1,-0.93577,0.25444,-5.7808,-6.709,-6.7131,-3.164,NaN,NaN,NaN,NaN,NaN
563.14,-8.6996,-37.592,-131.11,-0.73285,0.26553,-5.1207,-6.5997,-7.4957,-3.1551,0,0,0,NaN,NaN,NaN,NaN,NaN,NaN,NaN,NaN,NaN,45.691,0,1252.7,0.0064211,NaN,NaN,NaN,NaN,NaN,-1,-1,-0.93999,0.25829,-5.802,-6.6126,-6.6209,-3.1445,NaN,NaN,NaN,NaN,NaN
563.14,-8.7112,-37.611,-131.12,-1.0149,0.52071,-6.0298,-6.2145,-7.3986,-2.9711,0.4378,-0.26958,-1.0598,NaN,NaN,NaN,NaN,NaN,NaN,NaN,NaN,NaN,45.691,0,1252.7,0.0064211,NaN,NaN,NaN,NaN,12.919,97294,10.688,-0.93897,0.25676,-5.7997,-6.6851,-6.7327,-3.1955,NaN,NaN,NaN,NaN,NaN
563.14,-8.723,-37.626,-131.12,-1.0588,0.090372,-6.6975,-6.504,-5.5599,-3.0934,0,0,0,NaN,NaN,NaN,NaN,NaN,NaN,NaN,NaN,NaN,45.691,0,1252.7,0.0064211,NaN,NaN,NaN,NaN,NaN,-1,-1,-0.93935,0.26066,-5.794,-6.5585,-6.6179,-3.1437,NaN,NaN,NaN,NaN,NaN
563.15,-8.7351,-37.64,-131.13,-0.95975,0.11823,-5.5003,-6.5575,-5.6894,-3.0338,0,0,0,NaN,NaN,NaN,NaN,NaN,NaN,NaN,NaN,NaN,45.691,0,1252.7,0.0064211,0.72982,2.6032,0.62803,0.10239,12.761,97298,10.625,-0.94193,0.26278,-5.8288,-6.4536,-6.4848,-3.0941,NaN,NaN,NaN,NaN,NaN
563.15,-8.7463,-37.659,-131.13,-0.94002,0.70439,-5.3273,-6.0112,-7.1348,-2.9795,0,0,0,NaN,NaN,NaN,NaN,NaN,NaN,NaN,NaN,NaN,45.691,0,1252.7,0.0064211,NaN,NaN,NaN,NaN,NaN,-1,-1,-0.94078,0.26162,-5.835,-6.3095,-6.4331,-3.045,NaN,NaN,NaN,NaN,NaN
563.15,-8.757,-37.674,-131.14,-0.98618,0.072085,-6.2866,-6.0682,-5.9614,-3.1131,0.45208,-0.2724,-1.063,NaN,NaN,NaN,NaN,NaN,NaN,NaN,NaN,NaN,45.691,0,1252.7,0.0064211,NaN,NaN,NaN,NaN,NaN,-1,-1,-0.94043,0.25923,-5.8316,-6.2087,-6.3224,-3.0113,NaN,NaN,NaN,NaN,NaN
563.15,-8.7686,-37.69,-131.14,-0.92346,0.020291,-6.1062,-6.1893,-6.17,-2.8722,0,0,0,NaN,NaN,NaN,NaN,NaN,NaN,NaN,NaN,NaN,45.691,0,1252.7,0.0064211,NaN,NaN,NaN,NaN,12.766,97313,10.75,-0.94649,0.25873,-5.8561,-6.1188,-6.2121,-2.9852,NaN,NaN,NaN,NaN,NaN
563.16,-8.7794,-37.706,-131.15,-0.9435,0.58231,-6.3008,-6.0494,-5.9468,-3.0583,0,0,0,NaN,NaN,NaN,NaN,NaN,NaN,NaN,NaN,NaN,45.691,0,1252.7,0.0064211,NaN,NaN,NaN,NaN,NaN,-1,-1,-0.94795,0.25828,-5.8686,-6.0141,-6.1329,-2.9571,NaN,NaN,NaN,NaN,NaN
563.16,-8.8019,-37.741,-131.15,-0.90052,0.007374,-6.4857,-6.311,-7.9689,-3.2665,0.43544,-0.27445,-1.0622,-6.0078,-8.845,-8.0682,13.395,40.057,-88.55,3.6778e+05,4.4353e+06,290.86,45.691,0,1252.7,0.0064211,0.74131,2.4826,0.71384,0.046615,NaN,-1,-1,-0.94671,0.25595,-5.8691,-5.9268,-6.0447,-2.9216,13.119,-2.6816,-0.36606,-1.5983,-11.549
563.16,-8.8019,-37.741,-131.15,-0.90052,0.007374,-6.4857,-6.311,-7.9689,-3.2665,0.43544,-0.27445,-1.0622,-6.0078,-8.845,-8.0682,13.395,40.057,-88.55,3.6778e+05,4.4353e+06,290.86,45.691,0,1252.7,0.0064211,0.74131,2.4826,0.71384,0.046615,12.735,97330,10.813,-0.94672,0.25491,-5.8761,-5.8238,-5.9695,-2.8954,13.119,-2.6816,-0.36606,-1.5983,-11.549
563.16,-8.8137,-37.755,-131.16,-1.1632,0.47863,-6.4679,-6.4497,-5.5571,-3.0455,0,0,0,NaN,NaN,NaN,NaN,NaN,NaN,NaN,NaN,NaN,45.691,0,1252.7,0.0064211,NaN,NaN,NaN,NaN,NaN,-1,-1,-0.94528,0.25534,-5.898,-5.7301,-5.8645,-2.8635,NaN,NaN,NaN,NaN,NaN
563.17,-8.8246,-37.77,-131.17,-0.97997,0.26731,-5.7296,-6.1771,-5.5744,-3.1223,0,0,0,NaN,NaN,NaN,NaN,NaN,NaN,NaN,NaN,NaN,45.691,0,1252.7,0.0064211,NaN,NaN,NaN,NaN,13.039,97308,10.688,-0.94471,0.25432,-5.903,-5.6538,-5.7315,-2.8269,NaN,NaN,NaN,NaN,NaN
563.17,-8.8469,-37.804,-131.17,-1.0878,0.11221,-6.8053,-5.8586,-6.4732,-2.8537,0.44303,-0.26031,-1.0638,NaN,NaN,NaN,NaN,NaN,NaN,NaN,NaN,NaN,45.691,0,1252.7,0.0064211,NaN,NaN,NaN,NaN,NaN,-1,-1,-0.94638,0.25478,-5.9084,-5.5723,-5.6896,-2.7979,NaN,NaN,NaN,NaN,NaN
563.17,-8.8569,-37.815,-131.18,-0.71632,0.28674,-6.1559,-5.7469,-4.1161,-2.8132,0,0,0,NaN,NaN,NaN,NaN,NaN,NaN,NaN,NaN,NaN,45.691,0,1252.7,0.0064211,0.71503,2.6055,0.62803,0.10905,NaN,-1,-1,-0.95219,0.25689,-5.9136,-5.4943,-5.6366,-2.762,NaN,NaN,NaN,NaN,NaN
563.17,-8.8669,-37.832,-131.18,-0.85543,0.21642,-5.0418,-5.5139,-6.7474,-2.9443,0,0,0,NaN,NaN,NaN,NaN,NaN,NaN,NaN,NaN,NaN,45.691,0,1252.7,0.0064211,NaN,NaN,NaN,NaN,13.038,97293,10.625,-0.94027,0.25235,-5.854,-5.4257,-5.525,-2.7349,NaN,NaN,NaN,NaN,NaN
563.18,-8.8776,-37.849,-131.19,-1.145,0.34501,-6.755,-5.9187,-6.3794,-3.033,0,0,0,NaN,NaN,NaN,NaN,NaN,NaN,NaN,NaN,NaN,45.691,0,1252.7,0.0064211,NaN,NaN,NaN,NaN,NaN,-1,-1,-0.94363,0.25592,-5.8842,-5.3609,-5.4739,-2.7231,NaN,NaN,NaN,NaN,NaN
563.18,-8.8888,-37.863,-131.19,-0.96201,0.33314,-6.2424,-6.284,-5.26,-2.9884,0.4568,-0.26265,-1.0581,NaN,NaN,NaN,NaN,NaN,NaN,NaN,NaN,NaN,45.691,0,1252.7,0.0064211,NaN,NaN,NaN,NaN,NaN,-1,-1,-0.94065,0.25675,-5.8895,-5.3053,-5.4365,-2.7088,NaN,NaN,NaN,NaN,NaN
563.18,-8.8992,-37.876,-131.2,-0.87501,0.4565,-5.8726,-6.0697,-5.2985,-3.2323,0,0,0,NaN,NaN,NaN,NaN,NaN,NaN,NaN,NaN,NaN,45.691,0,1252.7,0.0064211,NaN,NaN,NaN,NaN,13.103,97312,10.75,-0.94297,0.25681,-5.9064,-5.2625,-5.3726,-2.6959,NaN,NaN,NaN,NaN,NaN
563.18,-8.9092,-37.894,-131.2,-1.1784,0.51398,-5.6543,-5.5855,-6.7783,-3.0185,0,0,0,NaN,NaN,NaN,NaN,NaN,NaN,NaN,NaN,NaN,45.691,0,1252.7,0.0064211,NaN,NaN,NaN,NaN,NaN,-1,-1,-0.93271,0.25618,-5.8609,-5.2208,-5.3378,-2.6892,NaN,NaN,NaN,NaN,NaN
563.19,0,0,0,0,0,0,0,0,0,0,0,0,NaN,NaN,NaN,NaN,NaN,NaN,NaN,NaN,NaN,45.691,0,1252.7,0.0064211,0.73803,2.4826,0.71506,0.054939,12.795,97322,10.75,-0.93524,0.25642,-5.8855,-5.1698,-5.2106,-2.6848,NaN,NaN,NaN,NaN,NaN
563.19,-8.9299,-37.921,-131.21,-0.85871,-0.1009,-6.215,-5.8881,-4.9714,-2.8081,0.46156,-0.26523,-1.0599,NaN,NaN,NaN,NaN,NaN,NaN,NaN,NaN,NaN,45.691,0,1252.7,0.0064211,NaN,NaN,NaN,NaN,NaN,-1,-1,-0.93316,0.25422,-5.9002,-5.1367,-5.1628,-2.6751,NaN,NaN,NaN,NaN,NaN
563.19,-8.94,-37.937,-131.22,-1.1613,0.78233,-6.1913,-5.7403,-6.0233,-3.0377,0,0,0,NaN,NaN,NaN,NaN,NaN,NaN,NaN,NaN,NaN,45.691,0,1252.7,0.0064211,NaN,NaN,NaN,NaN,NaN,-1,-1,-0.93659,0.25375,-5.9246,-5.1117,-5.1685,-2.6551,NaN,NaN,NaN,NaN,NaN
563.19,-8.9507,-37.952,-131.22,-0.91934,-0.026249,-6.4987,-5.6696,-5.9366,-2.6261,0,0,0,NaN,NaN,NaN,NaN,NaN,NaN,NaN,NaN,NaN,45.691,0,1252.7,0.0064211,NaN,NaN,NaN,NaN,13.104,97324,10.813,-0.93627,0.25399,-5.9415,-5.0816,-5.0802,-2.6565,NaN,NaN,NaN,NaN,NaN
563.2,0,0,0,0,0,0,0,0,0,0,0,0,NaN,NaN,NaN,NaN,NaN,NaN,NaN,NaN,NaN,45.691,0,1252.7,0.0064211,NaN,NaN,NaN,NaN,NaN,-1,-1,-0.93941,0.25517,-5.9626,-5.0708,-5.0249,-2.6594,NaN,NaN,NaN,NaN,NaN
563.2,-8.9712,-37.98,-131.23,-1.0137,0.78357,-6.3211,-5.705,-5.7063,-2.8617,0.46356,-0.27723,-1.0597,NaN,NaN,NaN,NaN,NaN,NaN,NaN,NaN,NaN,45.691,0,1252.7,0.0064211,NaN,NaN,NaN,NaN,NaN,-1,-1,-0.93983,0.25234,-5.9766,-5.0465,-5.0406,-2.6514,NaN,NaN,NaN,NaN,NaN
563.2,-8.9797,-37.995,-131.23,-1.1249,0.3272,-6.3354,-5.0831,-5.8757,-3.016,0,0,0,NaN,NaN,NaN,NaN,NaN,NaN,NaN,NaN,NaN,45.691,0,1252.7,0.0064211,NaN,NaN,NaN,NaN,13.163,97314,10.75,-0.9414,0.25134,-5.9939,-5.0387,-5.0013,-2.6479,NaN,NaN,NaN,NaN,NaN
563.2,-8.99,-38.008,-131.24,-1.0049,-0.55873,-6.2782,-5.8548,-4.8654,-2.8855,0,0,0,NaN,NaN,NaN,NaN,NaN,NaN,NaN,NaN,NaN,45.691,0,1252.7,0.0064211,NaN,NaN,NaN,NaN,NaN,-1,-1,-0.94376,0.25569,-6.0005,-5.0258,-4.9021,-2.647,NaN,NaN,NaN,NaN,NaN
563.21,-9.0083,-38.036,-131.25,-0.90791,-0.005658,-6.7516,-4.9258,-5.8969,-2.9635,0.45889,-0.26244,-1.0535,NaN,NaN,NaN,NaN,NaN,NaN,NaN,NaN,NaN,45.691,0,1252.7,0.0064211,NaN,NaN,NaN,NaN,13.071,97323,10.75,-0.94408,0.25752,-6.0104,-5.005,-4.9197,-2.6491,NaN,NaN,NaN,NaN,NaN
563.21,-9.0172,-38.05,-131.25,-0.92202,-0.078878,-5.8379,-5.216,-5.1373,-2.8937,0,0,0,NaN,NaN,NaN,NaN,NaN,NaN,NaN,NaN,NaN,45.691,0,1252.7,0.0064211,NaN,NaN,NaN,NaN,NaN,-1,-1,-0.95242,0.26447,-6.0769,-4.9971,-4.9166,-2.6595,NaN,NaN,NaN,NaN,NaN
563.21,-9.0273,-38.065,-131.26,-0.84151,1.0439,-6.6195,-5.456,-6.0062,-2.6753,0,0,0,NaN,NaN,NaN,NaN,NaN,NaN,NaN,NaN,NaN,45.691,0,1252.7,0.0064211,0.79551,2.5226,0.71019,0.0033296,NaN,-1,-1,-0.95446,0.26648,-6.0982,-5.0011,-4.8705,-2.657,NaN,NaN,NaN,NaN,NaN
563.21,-9.0358,-38.078,-131.26,-1.2361,0.33163,-6.7785,-5.223,-4.8556,-3.0077,0,0,0,NaN,NaN,NaN,NaN,NaN,NaN,NaN,NaN,NaN,45.691,0,1252.7,0.0064211,NaN,NaN,NaN,NaN,13.071,97321,10.75,-0.95717,0.26783,-6.1209,-5.0053,-4.824,-2.6624,NaN,NaN,NaN,NaN,NaN
563.22,-9.0275,-38.089,-131.29,-0.85955,-0.40925,-5.5934,-5.5027,-4.2752,-2.8065,0.46136,-0.2675,-1.0577,NaN,NaN,NaN,NaN,NaN,NaN,NaN,NaN,NaN,45.691,0,1252.7,0.0064211,NaN,NaN,NaN,NaN,NaN,-1,-1,-0.9666,0.27045,-6.1862,-5.0357,-4.8989,-2.6713,NaN,NaN,NaN,NaN,NaN
563.22,-9.0378,-38.106,-131.29,-0.9555,0.54236,-6.1841,-5.5921,-6.428,-2.8133,0,0,0,NaN,NaN,NaN,NaN,NaN,NaN,NaN,NaN,NaN,45.691,0,1252.7,0.0064211,NaN,NaN,NaN,NaN,NaN,-1,-1,-0.96898,0.27323,-6.2071,-5.0617,-4.9752,-2.6829,NaN,NaN,NaN,NaN,NaN
563.22,-9.0463,-38.12,-131.3,-1.0339,0.7462,-7.2401,-5.1303,-5.662,-3.0321,0,0,0,NaN,NaN,NaN,NaN,NaN,NaN,NaN,NaN,NaN,45.691,0,1252.7,0.0064211,NaN,NaN,NaN,NaN,13.101,97325,10.75,-0.97067,0.27415,-6.232,-5.106,-4.9748,-2.7065,NaN,NaN,NaN,NaN,NaN
563.22,-9.0553,-38.131,-131.3,-0.76321,-0.16752,-6.5957,-5.5653,-4.0088,-3.0503,0,0,0,NaN,NaN,NaN,NaN,NaN,NaN,NaN,NaN,NaN,45.73,0,1252.7,0.0075089,NaN,NaN,NaN,NaN,NaN,-1,-1,-0.97608,0.26964,-6.2553,-5.1506,-4.9738,-2.7296,NaN,NaN,NaN,NaN,NaN
563.23,-9.0648,-38.145,-131.31,-0.90742,0.21218,-5.8204,-5.6482,-5.1108,-3.018,0.45895,-0.26496,-1.0557,NaN,NaN,NaN,NaN,NaN,NaN,NaN,NaN,NaN,45.73,0,1252.7,0.0075089,0.72598,2.602,0.63229,0.10322,13.04,97305,10.688,-0.974,0.27664,-6.264,-5.178,-5.0122,-2.7436,NaN,NaN,NaN,NaN,NaN
563.23,-9.0744,-38.161,-131.31,-1.2352,0.44068,-7.1628,-5.4971,-6.4539,-3.0872,0,0,0,NaN,NaN,NaN,NaN,NaN,NaN,NaN,NaN,NaN,45.73,0,1252.7,0.0075089,NaN,NaN,NaN,NaN,NaN,-1,-1,-0.97531,0.27561,-6.2831,-5.2041,-4.9621,-2.7629,NaN,NaN,NaN,NaN,NaN
563.23,-9.0831,-38.171,-131.32,-1.0779,0.11928,-6.765,-5.3197,-3.6869,-2.8335,0,0,0,NaN,NaN,NaN,NaN,NaN,NaN,NaN,NaN,NaN,45.73,0,1252.7,0.0075089,NaN,NaN,NaN,NaN,NaN,-1,-1,-0.98035,0.27899,-6.3111,-5.2272,-4.9967,-2.776,NaN,NaN,NaN,NaN,NaN
563.23,-9.0921,-38.182,-131.32,-0.84794,-0.10061,-5.2458,-5.1084,-4.2562,-2.5356,0,0,0,NaN,NaN,NaN,NaN,NaN,NaN,NaN,NaN,NaN,45.73,0,1252.7,0.0075089,NaN,NaN,NaN,NaN,13.25,97312,10.688,-0.98018,0.28045,-6.322,-5.2641,-5.0582,-2.8004,NaN,NaN,NaN,NaN,NaN
563.24,-9.1018,-38.199,-131.33,-0.91483,0.64402,-6.2158,-5.4411,-6.3896,-2.8776,0.45948,-0.26053,-1.0623,NaN,NaN,NaN,NaN,NaN,NaN,NaN,NaN,NaN,45.73,0,1252.7,0.0075089,NaN,NaN,NaN,NaN,NaN,-1,-1,-0.97854,0.28417,-6.3358,-5.3201,-5.058,-2.8306,NaN,NaN,NaN,NaN,NaN
563.24,-9.1186,-38.221,-131.34,-0.99007,0.27926,-6.0903,-5.0962,-3.4018,-2.5966,0,0,0,NaN,NaN,NaN,NaN,NaN,NaN,NaN,NaN,NaN,45.73,0,1252.7,0.0075089,NaN,NaN,NaN,NaN,NaN,-1,-1,-0.98311,0.28313,-6.3627,-5.3866,-5.0743,-2.8803,NaN,NaN,NaN,NaN,NaN
563.24,-9.1286,-38.236,-131.34,-0.69927,0.053905,-5.7669,-5.4851,-5.601,-2.7088,0,0,0,NaN,NaN,NaN,NaN,NaN,NaN,NaN,NaN,NaN,45.73,0,1252.7,0.0075089,NaN,NaN,NaN,NaN,13.372,97336,10.813,-0.98455,0.28606,-6.3851,-5.4453,-5.1628,-2.9229,NaN,NaN,NaN,NaN,NaN
563.24,-9.1384,-38.253,-131.34,-1.2067,0.66093,-6.9142,-5.3866,-6.7442,-2.8151,0.46593,-0.26745,-1.0551,NaN,NaN,NaN,NaN,NaN,NaN,NaN,NaN,NaN,45.73,0,1252.7,0.0075089,NaN,NaN,NaN,NaN,NaN,-1,-1,-0.98479,0.28806,-6.4021,-5.2915,-4.9985,-2.8572,NaN,NaN,NaN,NaN,NaN
563.25,-9.1461,-38.263,-131.35,-1.1811,0.19531,-7.2572,-5.0493,-3.6665,-3.0152,0,0,0,NaN,NaN,NaN,NaN,NaN,NaN,NaN,NaN,NaN,45.73,0,1252.7,0.0075089,NaN,NaN,NaN,NaN,13.338,97298,10.625,-0.9855,0.28319,-6.4235,-5.3288,-4.9544,-2.8786,NaN,NaN,NaN,NaN,NaN
563.25,-9.1554,-38.275,-131.35,-0.91444,-0.072655,-5.2217,-5.3491,-4.3552,-2.6825,0,0,0,NaN,NaN,NaN,NaN,NaN,NaN,NaN,NaN,NaN,45.73,0,1252.7,0.0075089,NaN,NaN,NaN,NaN,NaN,-1,-1,-0.98883,0.28337,-6.4409,-5.3702,-4.9683,-2.9059,NaN,NaN,NaN,NaN,NaN
563.25,-9.1645,-38.29,-131.36,-0.96501,0.38284,-7.1027,-4.9781,-6.1565,-2.6304,0,0,0,NaN,NaN,NaN,NaN,NaN,NaN,NaN,NaN,NaN,45.73,0,1252.7,0.0075089,0.71941,2.5948,0.62499,0.10988,NaN,-1,-1,-0.98859,0.28762,-6.456,-5.3925,-5.0212,-2.9144,NaN,NaN,NaN,NaN,NaN
563.25,-9.1728,-38.302,-131.36,-1.1847,0.81329,-6.8628,-5.1213,-4.3558,-2.811,0.45937,-0.2506,-1.0556,NaN,NaN,NaN,NaN,NaN,NaN,NaN,NaN,NaN,45.73,0,1252.7,0.0075089,NaN,NaN,NaN,NaN,13.34,97346,10.813,-0.99017,0.28296,-6.4733,-5.2011,-4.8068,-2.822,NaN,NaN,NaN,NaN,NaN
563.26,-9.181,-38.313,-131.37,-0.79728,0.194,-6.3081,-5.061,-4.1726,-2.8629,0,0,0,NaN,NaN,NaN,NaN,NaN,NaN,NaN,NaN,NaN,45.73,0,1252.7,0.0075089,NaN,NaN,NaN,NaN,NaN,-1,-1,-0.9931,0.28154,-6.4923,-5.2031,-4.7816,-2.8161,NaN,NaN,NaN,NaN,NaN
563.26,-9.191,-38.328,-131.37,-1.0663,-0.16337,-6.5827,-5.4937,-6.121,-2.7943,0,0,0,NaN,NaN,NaN,NaN,NaN,NaN,NaN,NaN,NaN,45.73,0,1252.7,0.0075089,NaN,NaN,NaN,NaN,NaN,-1,-1,-0.99387,0.28919,-6.5074,-5.1836,-4.794,-2.8106,NaN,NaN,NaN,NaN,NaN
563.26,-9.2005,-38.34,-131.38,-1.2063,0.40254,-7.2794,-5.4134,-4.3004,-2.6879,0,0,0,NaN,NaN,NaN,NaN,NaN,NaN,NaN,NaN,NaN,45.73,0,1252.7,0.0075089,NaN,NaN,NaN,NaN,13.365,97295,10.563,-0.99255,0.29037,-6.5204,-5.173,-4.7444,-2.8018,NaN,NaN,NaN,NaN,NaN
563.26,-9.2093,-38.35,-131.38,-1.012,0.30169,-6.0514,-5.2296,-3.7538,-2.6033,0.46843,-0.25778,-1.0526,NaN,NaN,NaN,NaN,NaN,NaN,NaN,NaN,NaN,45.73,0,1252.7,0.0075089,0.73474,2.6002,0.64507,0.084073,NaN,-1,-1,-0.99635,0.28757,-6.5389,-5.1338,-4.7486,-2.7967,NaN,NaN,NaN,NaN,NaN
563.27,-9.227,-38.377,-131.39,-1.0692,0.4718,-7.4884,-5.1453,-5.2866,-2.7819,0,0,0,NaN,NaN,NaN,NaN,NaN,NaN,NaN,NaN,NaN,45.73,0,1252.7,0.0075089,NaN,NaN,NaN,NaN,13.336,97309,10.625,-1.0014,0.29343,-6.5517,-5.099,-4.7353,-2.7835,NaN,NaN,NaN,NaN,NaN
563.27,-9.227,-38.377,-131.39,-1.0692,0.4718,-7.4884,-5.1453,-5.2866,-2.7819,0,0,0,NaN,NaN,NaN,NaN,NaN,NaN,NaN,NaN,NaN,45.73,0,1252.7,0.0075089,NaN,NaN,NaN,NaN,NaN,-1,-1,-1.0011,0.29899,-6.5617,-5.0754,-4.6725,-2.7788,NaN,NaN,NaN,NaN,NaN
563.27,-9.234,-38.388,-131.39,-0.83133,0.35762,-6.5356,-4.7472,-3.9603,-2.9993,0,0,0,NaN,NaN,NaN,NaN,NaN,NaN,NaN,NaN,NaN,45.73,0,1252.7,0.0075089,NaN,NaN,NaN,NaN,NaN,-1,-1,-1.002,0.29305,-6.5839,-5.06,-4.6159,-2.7775,NaN,NaN,NaN,NaN,NaN
563.27,-9.2416,-38.4,-131.4,-0.84918,0.38213,-6.3328,-5.0369,-4.3498,-3.0995,0.45445,-0.26262,-1.0583,NaN,NaN,NaN,NaN,NaN,NaN,NaN,NaN,NaN,45.73,0,1252.7,0.0075089,NaN,NaN,NaN,NaN,13.577,97344,10.813,-1.0029,0.29744,-6.5966,-5.0373,-4.5798,-2.7717,NaN,NaN,NaN,NaN,NaN
563.28,-9.2589,-38.424,-131.41,-1.0579,0.6778,-6.8073,-4.8185,-4.4863,-2.6377,0,0,0,NaN,NaN,NaN,NaN,NaN,NaN,NaN,NaN,NaN,45.73,0,1252.7,0.0075089,NaN,NaN,NaN,NaN,NaN,-1,-1,-1.0048,0.29895,-6.6134,-5.028,-4.5844,-2.767,NaN,NaN,NaN,NaN,NaN
563.28,-9.2664,-38.436,-131.41,-1.033,0.27106,-6.6164,-4.695,-4.5464,-2.7999,0,0,0,NaN,NaN,NaN,NaN,NaN,NaN,NaN,NaN,NaN,45.73,0,1252.7,0.0075089,0.72872,2.6115,0.63168,0.09656,NaN,-1,-1,-1.0069,0.29575,-6.6309,-4.9992,-4.5356,-2.7736,NaN,NaN,NaN,NaN,NaN
563.28,-9.2744,-38.448,-131.42,-1.0205,-0.21872,-6.3941,-5.0169,-4.3999,-2.8826,0.45921,-0.2652,-1.0601,NaN,NaN,NaN,NaN,NaN,NaN,NaN,NaN,NaN,45.73,0,1252.7,0.0075089,NaN,NaN,NaN,NaN,13.428,97311,10.688,-1.0098,0.29434,-6.6405,-4.9822,-4.4789,-2.7632,NaN,NaN,NaN,NaN,NaN
563.28,-9.2831,-38.46,-131.42,-0.81076,0.78377,-6.8131,-5.0735,-4.6872,-2.7227,0,0,0,NaN,NaN,NaN,NaN,NaN,NaN,NaN,NaN,NaN,45.73,0,1252.7,0.0075089,NaN,NaN,NaN,NaN,NaN,-1,-1,-1.0108,0.2929,-6.6558,-4.9756,-4.4707,-2.7617,NaN,NaN,NaN,NaN,NaN
563.29,-9.2909,-38.473,-131.43,-1.0693,0.47487,-7.3016,-5.0258,-4.87,-3.109,0,0,0,NaN,NaN,NaN,NaN,NaN,NaN,NaN,NaN,NaN,45.73,0,1252.7,0.0075089,NaN,NaN,NaN,NaN,13.487,97333,10.75,-1.0111,0.2974,-6.6667,-4.9625,-4.4826,-2.77,NaN,NaN,NaN,NaN,NaN
563.29,-9.299,-38.484,-131.43,-0.98115,-0.12497,-6.2836,-5.1537,-3.9685,-2.9875,0,0,0,NaN,NaN,NaN,NaN,NaN,NaN,NaN,NaN,NaN,45.73,0,1252.7,0.0075089,NaN,NaN,NaN,NaN,NaN,-1,-1,-1.0127,0.29624,-6.6859,-4.9526,-4.3808,-2.7716,NaN,NaN,NaN,NaN,NaN
563.29,-9.3076,-38.496,-131.44,-0.98615,0.2171,-6.4638,-5.1868,-4.8108,-2.8739,0.46399,-0.25796,-1.0574,NaN,NaN,NaN,NaN,NaN,NaN,NaN,NaN,NaN,45.73,0,1252.7,0.0075089,0.72051,2.5996,0.65055,0.088236,NaN,-1,-1,-1.0141,0.30013,-6.6988,-4.9298,-4.3483,-2.773,NaN,NaN,NaN,NaN,NaN
563.29,-9.3159,-38.508,-131.44,-1.4028,0.6787,-6.9913,-4.9059,-4.4129,-2.6247,0,0,0,NaN,NaN,NaN,NaN,NaN,NaN,NaN,NaN,NaN,45.73,0,1252.7,0.0075089,NaN,NaN,NaN,NaN,13.575,97334,10.75,-1.0182,0.29888,-6.7161,-4.9175,-4.3364,-2.7691,NaN,NaN,NaN,NaN,NaN
563.3,-9.3236,-38.518,-131.45,-1.0445,-0.15707,-7.0464,-4.7833,-3.8667,-2.6983,0,0,0,NaN,NaN,NaN,NaN,NaN,NaN,NaN,NaN,NaN,45.73,0,1252.7,0.0075089,NaN,NaN,NaN,NaN,NaN,-1,-1,-1.0168,0.30675,-6.7131,-4.894,-4.2133,-2.7652,NaN,NaN,NaN,NaN,NaN
563.3,-9.3322,-38.529,-131.45,-0.76518,0.34589,-6.2171,-5.0196,-4.1776,-2.6361,0,0,0,NaN,NaN,NaN,NaN,NaN,NaN,NaN,NaN,NaN,45.73,0,1252.7,0.0075089,NaN,NaN,NaN,NaN,NaN,-1,-1,-1.0159,0.30495,-6.7286,-4.877,-4.23,-2.764,NaN,NaN,NaN,NaN,NaN
563.3,-9.3402,-38.542,-131.46,-1.0108,0.54346,-6.9358,-4.6555,-4.9881,-2.4961,0.46386,-0.25784,-1.0552,NaN,NaN,NaN,NaN,NaN,NaN,NaN,NaN,NaN,45.73,0,1252.7,0.0075089,0.74515,2.6121,0.64933,0.077414,13.689,97346,10.75,-1.0178,0.30714,-6.7372,-4.8688,-4.2687,-2.7652,NaN,NaN,NaN,NaN,NaN
563.3,-9.3475,-38.553,-131.46,-1.2788,0.45477,-7.2432,-4.414,-4.4288,-2.5309,0,0,0,NaN,NaN,NaN,NaN,NaN,NaN,NaN,NaN,NaN,45.73,0,1252.7,0.0075089,NaN,NaN,NaN,NaN,NaN,-1,-1,-1.0167,0.30475,-6.7465,-4.8628,-4.1894,-2.7743,NaN,NaN,NaN,NaN,NaN
563.31,-9.3555,-38.562,-131.46,-1.0116,-0.00134,-6.4848,-4.969,-3.2272,-2.6616,0,0,0,NaN,NaN,NaN,NaN,NaN,NaN,NaN,NaN,NaN,45.73,0,1252.7,0.0075089,NaN,NaN,NaN,NaN,13.517,97353,10.813,-1.0197,0.30894,-6.7698,-4.8558,-4.1075,-2.7747,NaN,NaN,NaN,NaN,NaN
563.31,-9.3645,-38.574,-131.47,-0.8172,0.74403,-6.4046,-5.1897,-4.7103,-2.7142,0,0,0,NaN,NaN,NaN,NaN,NaN,NaN,NaN,NaN,NaN,45.73,0,1252.7,0.0075089,NaN,NaN,NaN,NaN,NaN,-1,-1,-1.02,0.30665,-6.767,-4.8342,-4.1365,-2.7734,NaN,NaN,NaN,NaN,NaN
563.31,-9.3717,-38.585,-131.47,-1.2126,0.4539,-6.9553,-4.5374,-4.2482,-2.6598,0.46385,-0.26275,-1.0575,NaN,NaN,NaN,NaN,NaN,NaN,NaN,NaN,NaN,45.73,0,1252.7,0.0075089,NaN,NaN,NaN,NaN,NaN,-1,-1,-1.0247,0.31077,-6.7974,-4.8025,-4.0965,-2.782,NaN,NaN,NaN,NaN,NaN
563.31,-9.3782,-38.594,-131.48,-1.2764,-0.031315,-7.2055,-4.4655,-3.2824,-2.8182,0,0,0,NaN,NaN,NaN,NaN,NaN,NaN,NaN,NaN,NaN,45.73,0,1252.7,0.0075089,NaN,NaN,NaN,NaN,13.515,97344,10.75,-1.0291,0.31217,-6.8079,-4.7845,-4.0092,-2.7802,NaN,NaN,NaN,NaN,NaN
563.32,-9.3861,-38.605,-131.48,-0.82556,0.18891,-6.0327,-4.9513,-4.0193,-2.8176,0,0,0,NaN,NaN,NaN,NaN,NaN,NaN,NaN,NaN,NaN,45.73,0,1252.7,0.0075089,NaN,NaN,NaN,NaN,NaN,-1,-1,-1.0311,0.30558,-6.8202,-4.7786,-4.0133,-2.7765,NaN,NaN,NaN,NaN,NaN
563.32,-9.401,-38.628,-131.49,-1.3226,0.058504,-7.7134,-4.8981,-3.3574,-2.8168,0.46829,-0.26257,-1.0526,NaN,NaN,NaN,NaN,NaN,NaN,NaN,NaN,NaN,45.73,0,1252.7,0.0075089,NaN,NaN,NaN,NaN,NaN,-1,-1,-1.0345,0.31448,-6.8395,-4.7677,-4.0102,-2.7694,NaN,NaN,NaN,NaN,NaN
563.32,-9.4083,-38.636,-131.5,-0.97367,0.005028,-6.2841,-5.005,-2.9774,-3.0481,0,0,0,NaN,NaN,NaN,NaN,NaN,NaN,NaN,NaN,NaN,45.73,0,1252.7,0.0075089,NaN,NaN,NaN,NaN,13.633,97380,10.875,-1.0337,0.31464,-6.8485,-4.7716,-3.9294,-2.7622,NaN,NaN,NaN,NaN,NaN
563.32,-9.4171,-38.65,-131.5,-0.98038,0.52612,-6.3969,-4.932,-5.4362,-2.571,0,0,0,NaN,NaN,NaN,NaN,NaN,NaN,NaN,NaN,NaN,45.73,0,1252.7,0.0075089,NaN,NaN,NaN,NaN,NaN,-1,-1,-1.0346,0.308,-6.8535,-4.7671,-3.867,-2.7559,NaN,NaN,NaN,NaN,NaN
563.33,-9.4239,-38.661,-131.51,-1.26,0.14944,-7.2248,-4.4152,-4.3468,-2.7846,0,0,0,NaN,NaN,NaN,NaN,NaN,NaN,NaN,NaN,NaN,45.73,0,1252.7,0.0075089,0.73858,2.6169,0.65359,0.067425,14.01,97381,10.938,-1.0374,0.3141,-6.869,-4.7502,-3.8497,-2.7535,NaN,NaN,NaN,NaN,NaN
563.33,-9.4313,-38.669,-131.51,-1.0573,0.24791,-7.1584,-4.8739,-2.9347,-2.7339,0.46419,-0.25569,-1.0596,NaN,NaN,NaN,NaN,NaN,NaN,NaN,NaN,NaN,45.73,0,1252.7,0.0075089,0.73858,2.6169,0.65359,0.067425,NaN,-1,-1,-1.0385,0.3151,-6.8827,-4.7253,-3.8602,-2.7583,NaN,NaN,NaN,NaN,NaN
563.33,-9.4386,-38.679,-131.52,-0.99935,0.6031,-6.5308,-4.6014,-3.7726,-2.6935,0,0,0,NaN,NaN,NaN,NaN,NaN,NaN,NaN,NaN,NaN,45.73,0,1252.7,0.0075089,NaN,NaN,NaN,NaN,NaN,-1,-1,-1.0421,0.30675,-6.8857,-4.707,-3.7727,-2.7612,NaN,NaN,NaN,NaN,NaN
563.33,-9.4467,-38.692,-131.52,-0.75798,0.22992,-7.0233,-4.6996,-4.9047,-2.5675,0,0,0,NaN,NaN,NaN,NaN,NaN,NaN,NaN,NaN,NaN,45.72,0,1254.1,0.0069644,NaN,NaN,NaN,NaN,13.893,97335,10.75,-1.0432,0.30742,-6.8998,-4.6834,-3.7947,-2.7543,NaN,NaN,NaN,NaN,NaN
563.34,-9.4533,-38.701,-131.53,-1.0604,0.40437,-7.4758,-4.7911,-3.4965,-3.1735,0,0,0,NaN,NaN,NaN,NaN,NaN,NaN,NaN,NaN,NaN,45.72,0,1254.1,0.0069644,NaN,NaN,NaN,NaN,NaN,-1,-1,-1.0474,0.30845,-6.9167,-4.665,-3.774,-2.772,NaN,NaN,NaN,NaN,NaN
563.34,-9.4596,-38.709,-131.53,-1.1636,0.40827,-7.1879,-4.6246,-2.8795,-2.9927,0.46164,-0.25793,-1.0577,NaN,NaN,NaN,NaN,NaN,NaN,NaN,NaN,NaN,45.72,0,1254.1,0.0069644,NaN,NaN,NaN,NaN,NaN,-1,-1,-1.046,0.31038,-6.9159,-4.6534,-3.6392,-2.7738,NaN,NaN,NaN,NaN,NaN
563.34,-9.4668,-38.719,-131.54,-1.1201,0.62284,-6.3994,-4.7209,-3.6668,-2.8648,0,0,0,NaN,NaN,NaN,NaN,NaN,NaN,NaN,NaN,NaN,45.72,0,1254.1,0.0069644,NaN,NaN,NaN,NaN,13.838,97340,10.813,-1.0466,0.30136,-6.9236,-4.6417,-3.5744,-2.7721,NaN,NaN,NaN,NaN,NaN
563.34,-9.4735,-38.731,-131.55,-1.1086,-0.11274,-7.0568,-4.4607,-4.3668,-2.8692,0,0,0,NaN,NaN,NaN,NaN,NaN,NaN,NaN,NaN,NaN,45.72,0,1254.1,0.0069644,0.72325,2.5972,0.62499,0.10572,NaN,-1,-1,-1.0517,0.30399,-6.9393,-4.6411,-3.6333,-2.779,NaN,NaN,NaN,NaN,NaN
563.35,-9.4877,-38.747,-131.56,-0.95092,0.83437,-7.2513,-4.5915,-2.5741,-2.5419,0.45702,-0.25056,-1.0559,NaN,NaN,NaN,NaN,NaN,NaN,NaN,NaN,NaN,45.72,0,1254.1,0.0069644,NaN,NaN,NaN,NaN,13.92,97343,10.75,-1.0561,0.30795,-6.9492,-4.6182,-3.5371,-2.7854,NaN,NaN,NaN,NaN,NaN
563.35,-9.4944,-38.758,-131.56,-1.0051,-0.002936,-6.4843,-4.6077,-4.0815,-3.0246,0,0,0,NaN,NaN,NaN,NaN,NaN,NaN,NaN,NaN,NaN,45.72,0,1254.1,0.0069644,NaN,NaN,NaN,NaN,NaN,-1,-1,-1.0574,0.30558,-6.9476,-4.6052,-3.4524,-2.7885,NaN,NaN,NaN,NaN,NaN
563.35,-9.5017,-38.77,-131.57,-1.0482,0.085632,-7.5058,-4.6021,-4.55,-2.7602,0,0,0,NaN,NaN,NaN,NaN,NaN,NaN,NaN,NaN,NaN,45.72,0,1254.1,0.0069644,NaN,NaN,NaN,NaN,NaN,-1,-1,-1.0559,0.31461,-6.9516,-4.5791,-3.4624,-2.7886,NaN,NaN,NaN,NaN,NaN
563.35,-9.509,-38.777,-131.57,-1.2678,0.30446,-7.6075,-4.8342,-2.4276,-2.752,0,0,0,NaN,NaN,NaN,NaN,NaN,NaN,NaN,NaN,NaN,45.72,0,1254.1,0.0069644,0.79442,2.5131,0.72053,0.0049945,14.032,97334,10.688,-1.0589,0.31488,-6.9626,-4.5483,-3.4454,-2.7959,NaN,NaN,NaN,NaN,NaN
563.36,-9.5155,-38.785,-131.58,-1.189,0.35321,-6.6559,-4.541,-2.9989,-2.78,0.46613,-0.26517,-1.0573,NaN,NaN,NaN,NaN,NaN,NaN,NaN,NaN,NaN,45.72,0,1254.1,0.0069644,0.79442,2.5131,0.72053,0.0049945,NaN,-1,-1,-1.0639,0.30899,-6.9783,-4.5223,-3.3533,-2.794,NaN,NaN,NaN,NaN,NaN
563.36,-9.5212,-38.794,-131.58,-0.94482,0.12964,-6.8848,-4.0873,-3.4677,-2.7672,0,0,0,NaN,NaN,NaN,NaN,NaN,NaN,NaN,NaN,NaN,45.72,0,1254.1,0.0069644,NaN,NaN,NaN,NaN,NaN,-1,-1,-1.0646,0.308,-6.9836,-4.4895,-3.3206,-2.7895,NaN,NaN,NaN,NaN,NaN
563.36,-9.5279,-38.805,-131.59,-0.94531,0.65876,-7.2458,-4.3479,-4.114,-2.7006,0,0,0,NaN,NaN,NaN,NaN,NaN,NaN,NaN,NaN,NaN,45.72,0,1254.1,0.0069644,NaN,NaN,NaN,NaN,13.89,97307,10.625,-1.0669,0.29763,-6.9901,-4.4421,-3.3419,-2.7798,NaN,NaN,NaN,NaN,NaN
563.36,-9.5343,-38.812,-131.59,-1.1984,0.27909,-7.782,-4.376,-2.6794,-2.6447,0,0,0,NaN,NaN,NaN,NaN,NaN,NaN,NaN,NaN,NaN,45.72,0,1254.1,0.0069644,NaN,NaN,NaN,NaN,NaN,-1,-1,-1.067,0.30146,-7.0018,-4.4179,-3.2831,-2.7691,NaN,NaN,NaN,NaN,NaN
563.37,-9.5421,-38.82,-131.6,-1.1866,0.34176,-6.4178,-4.8204,-2.9098,-2.4701,0.46184,-0.25566,-1.0599,NaN,NaN,NaN,NaN,NaN,NaN,NaN,NaN,NaN,45.72,0,1254.1,0.0069644,NaN,NaN,NaN,NaN,14.06,97330,10.688,-1.0693,0.30323,-7.0006,-4.4098,-3.2398,-2.7615,NaN,NaN,NaN,NaN,NaN
563.37,-9.5486,-38.831,-131.6,-0.81062,0.63156,-7.2828,-4.3593,-4.0648,-2.8151,0,0,0,NaN,NaN,NaN,NaN,NaN,NaN,NaN,NaN,NaN,45.72,0,1254.1,0.0069644,0.78785,2.5119,0.71445,0.012486,NaN,-1,-1,-1.0678,0.29562,-7.0052,-4.4956,-3.3042,-2.8385,NaN,NaN,NaN,NaN,NaN
563.37,-9.5551,-38.84,-131.61,-1.0722,0.049097,-7.9103,-4.444,-3.464,-2.8252,0,0,0,NaN,NaN,NaN,NaN,NaN,NaN,NaN,NaN,NaN,45.72,0,1254.1,0.0069644,NaN,NaN,NaN,NaN,NaN,-1,-1,-1.0696,0.2946,-7.0158,-4.4381,-3.2451,-2.8125,NaN,NaN,NaN,NaN,NaN
563.37,-9.5614,-38.845,-131.61,-1.2585,0.41461,-7.2066,-4.607,-1.8284,-2.8249,0,0,0,NaN,NaN,NaN,NaN,NaN,NaN,NaN,NaN,NaN,45.72,0,1254.1,0.0069644,NaN,NaN,NaN,NaN,14.116,97334,10.688,-1.0734,0.30279,-7.0227,-4.3897,-3.2381,-2.8033,NaN,NaN,NaN,NaN,NaN
563.38,-9.5669,-38.854,-131.62,-1.2436,0.50771,-6.2576,-4.005,-3.3254,-2.7126,0.46608,-0.25775,-1.0528,NaN,NaN,NaN,NaN,NaN,NaN,NaN,NaN,NaN,45.72,0,1254.1,0.0069644,NaN,NaN,NaN,NaN,NaN,-1,-1,-1.0728,0.30085,-7.0253,-4.3478,-3.1386,-2.7802,NaN,NaN,NaN,NaN,NaN
563.38,-9.5728,-38.866,-131.62,-0.92512,0.080863,-7.6548,-4.1188,-4.4283,-2.8471,0,0,0,NaN,NaN,NaN,NaN,NaN,NaN,NaN,NaN,NaN,45.72,0,1254.1,0.0069644,NaN,NaN,NaN,NaN,NaN,-1,-1,-1.0752,0.29544,-7.019,-4.4214,-3.131,-2.8548,NaN,NaN,NaN,NaN,NaN
563.38,-9.5796,-38.875,-131.63,-1.0606,0.12983,-8.5189,-4.4919,-3.387,-2.7299,0,0,0,NaN,NaN,NaN,NaN,NaN,NaN,NaN,NaN,NaN,45.72,0,1254.1,0.0069644,0.72872,2.6044,0.63107,0.10239,13.971,97313,10.563,-1.0769,0.30697,-7.0388,-4.3506,-3.1375,-2.8172,NaN,NaN,NaN,NaN,NaN
563.38,-9.5851,-38.878,-131.64,-1.1903,0.87492,-6.7127,-4.3276,-1.0307,-2.75,0,0,0,NaN,NaN,NaN,NaN,NaN,NaN,NaN,NaN,NaN,45.72,0,1254.1,0.0069644,NaN,NaN,NaN,NaN,NaN,-1,-1,-1.0786,0.30312,-7.0401,-4.2567,-3.0992,-2.7817,NaN,NaN,NaN,NaN,NaN
563.39,-9.5912,-38.889,-131.64,-0.85411,-0.22888,-5.9458,-4.3888,-4.1612,-2.9903,0.46896,-0.25336,-1.0592,NaN,NaN,NaN,NaN,NaN,NaN,NaN,NaN,NaN,45.72,0,1254.1,0.0069644,NaN,NaN,NaN,NaN,14.342,97362,10.813,-1.0771,0.29518,-7.0294,-4.1951,-3.0253,-2.7456,NaN,NaN,NaN,NaN,NaN
563.39,-9.6027,-38.906,-131.65,-1.3977,0.58995,-7.7942,-4.3119,-0.88596,-2.8748,0,0,0,NaN,NaN,NaN,NaN,NaN,NaN,NaN,NaN,NaN,45.72,0,1254.1,0.0069644,NaN,NaN,NaN,NaN,NaN,-1,-1,-1.0779,0.30712,-7.0401,-4.1246,-2.9606,-2.7127,NaN,NaN,NaN,NaN,NaN
563.39,-9.6085,-38.911,-131.66,-0.82485,0.23641,-6.0517,-3.9306,-1.8782,-2.2433,0,0,0,NaN,NaN,NaN,NaN,NaN,NaN,NaN,NaN,NaN,45.72,0,1254.1,0.0069644,NaN,NaN,NaN,NaN,NaN,-1,-1,-1.0812,0.30463,-7.0535,-4.0559,-2.9431,-2.6719,NaN,NaN,NaN,NaN,NaN
563.39,-9.6144,-38.925,-131.66,-1.1649,0.3557,-6.8398,-3.9429,-5.3064,-2.76,0.47326,-0.25306,-1.0522,-6.4791,-9.4603,-9.0617,14.615,40.057,-88.55,3.6778e+05,4.4353e+06,288.81,45.72,0,1254.1,0.0069644,0.72982,2.6044,0.64751,0.059934,14.228,97357,10.75,-1.0808,0.29872,-7.0508,-3.9895,-2.8947,-2.6571,14.351,-2.7318,-0.40448,-1.6144,-10.773
563.4,-9.62,-38.935,-131.67,-1.2138,0.71679,-9.3143,-3.94,-3.9047,-2.7079,0,0,0,NaN,NaN,NaN,NaN,NaN,NaN,NaN,NaN,NaN,45.72,0,1254.1,0.0069644,NaN,NaN,NaN,NaN,NaN,-1,-1,-1.0799,0.30281,-7.0439,-3.9393,-2.8018,-2.6432,NaN,NaN,NaN,NaN,NaN
563.4,-9.6228,-38.937,-131.67,-0.91377,0.2088,-6.7384,-3.4644,-0.2941,-2.8755,0,0,0,NaN,NaN,NaN,NaN,NaN,NaN,NaN,NaN,NaN,45.72,0,1254.1,0.0069644,NaN,NaN,NaN,NaN,NaN,-1,-1,-1.0692,0.30088,-6.983,-3.893,-2.7452,-2.6249,NaN,NaN,NaN,NaN,NaN
563.4,-9.6288,-38.947,-131.68,-1.0218,0.18678,-6.072,-4.214,-3.8923,-2.8614,0,0,0,NaN,NaN,NaN,NaN,NaN,NaN,NaN,NaN,NaN,45.72,0,1254.1,0.0069644,NaN,NaN,NaN,NaN,14.118,97369,10.813,-1.0734,0.29963,-7.0009,-3.8487,-2.7071,-2.6145,NaN,NaN,NaN,NaN,NaN
563.4,-9.6343,-38.959,-131.68,-1.3578,0.53498,-7.9793,-3.993,-4.7431,-2.9131,0.47353,-0.24839,-1.0544,NaN,NaN,NaN,NaN,NaN,NaN,NaN,NaN,NaN,45.72,0,1254.1,0.0069644,NaN,NaN,NaN,NaN,NaN,-1,-1,-1.0757,0.29606,-7.0128,-3.8051,-2.635,-2.5789,NaN,NaN,NaN,NaN,NaN
563.41,-9.6394,-38.964,-131.69,-1.2505,0.060818,-7.9942,-4.1162,-1.6797,-2.7757,0,0,0,NaN,NaN,NaN,NaN,NaN,NaN,NaN,NaN,NaN,45.72,0,1254.1,0.0069644,NaN,NaN,NaN,NaN,14.228,97316,10.625,-1.0825,0.29754,-7.0225,-3.7645,-2.5905,-2.5676,NaN,NaN,NaN,NaN,NaN
563.41,-9.645,-38.969,-131.69,-0.95421,0.11369,-6.6406,-4.1287,-1.6798,-2.594,0,0,0,NaN,NaN,NaN,NaN,NaN,NaN,NaN,NaN,NaN,45.72,0,1254.1,0.0069644,0.72106,2.596,0.62255,0.097392,NaN,-1,-1,-1.0725,0.29235,-6.9603,-3.7293,-2.5771,-2.5583,NaN,NaN,NaN,NaN,NaN
563.41,-9.6513,-38.98,-131.7,-0.93509,0.60074,-6.5935,-4.2485,-4.2544,-2.7703,0,0,0,NaN,NaN,NaN,NaN,NaN,NaN,NaN,NaN,NaN,45.72,0,1254.1,0.0069644,NaN,2.596,NaN,NaN,NaN,-1,-1,-1.077,0.29621,-6.9621,-3.7,-2.5098,-2.5423,NaN,NaN,NaN,NaN,NaN
563.41,-9.6572,-38.99,-131.7,-1.1474,0.17855,-8.8282,-4.1036,-3.6571,-2.6576,0.48265,-0.2581,-1.0536,NaN,NaN,NaN,NaN,NaN,NaN,NaN,NaN,NaN,45.72,0,1254.1,0.0069644,NaN,NaN,NaN,NaN,14.282,97345,10.688,-1.0773,0.30756,-6.9751,-3.6732,-2.452,-2.5299,NaN,NaN,NaN,NaN,NaN
563.42,-9.6627,-38.995,-131.71,-1.2182,0.083702,-7.2731,-4.2557,-1.5982,-2.7791,0,0,0,NaN,NaN,NaN,NaN,NaN,NaN,NaN,NaN,NaN,45.72,0,1254.1,0.0069644,NaN,NaN,NaN,NaN,NaN,-1,-1,-1.0796,0.30009,-6.9839,-3.6369,-2.4041,-2.5153,NaN,NaN,NaN,NaN,NaN
563.42,-9.6678,-39.002,-131.72,-0.97999,0.44889,-6.7168,-4.1098,-2.6171,-2.9239,0,0,0,NaN,NaN,NaN,NaN,NaN,NaN,NaN,NaN,NaN,45.72,0,1254.1,0.0069644,NaN,NaN,NaN,NaN,NaN,-1,-1,-1.0801,0.31005,-6.9856,-3.5993,-2.4522,-2.5152,NaN,NaN,NaN,NaN,NaN
563.42,-9.6729,-39.012,-131.72,-1.5454,0.17193,-6.9713,-3.9001,-3.7393,-2.8957,0,0,0,NaN,NaN,NaN,NaN,NaN,NaN,NaN,NaN,NaN,45.72,0,1254.1,0.0069644,0.73529,2.4767,0.71871,0.049112,14.258,97348,10.75,-1.0825,0.31346,-7.003,-3.5718,-2.4043,-2.5097,NaN,NaN,NaN,NaN,NaN
563.42,0,0,0,0,0,0,0,0,0,0,0,0,NaN,NaN,NaN,NaN,NaN,NaN,NaN,NaN,NaN,45.72,0,1254.1,0.0069644,NaN,NaN,NaN,NaN,NaN,-1,-1,-1.0892,0.30362,-7.0087,-3.5766,-2.3168,-2.4999,NaN,NaN,NaN,NaN,NaN
563.43,-9.6767,-39.018,-131.73,-1.2846,0.33902,-8.383,-3.7112,-2.3921,-2.964,0.474,-0.24145,-1.0588,NaN,NaN,NaN,NaN,NaN,NaN,NaN,NaN,NaN,45.72,0,1254.1,0.0069644,NaN,NaN,NaN,NaN,14.285,97330,10.688,-1.0936,0.31282,-7.0215,-3.5691,-2.3306,-2.4992,NaN,NaN,NaN,NaN,NaN
563.43,-9.6818,-39.022,-131.73,-0.81854,0.4225,-6.7802,-3.9094,-1.3768,-2.4819,0,0,0,NaN,NaN,NaN,NaN,NaN,NaN,NaN,NaN,NaN,45.72,0,1254.1,0.0069644,NaN,NaN,NaN,NaN,NaN,-1,-1,-1.0936,0.3045,-7.0291,-3.5674,-2.3563,-2.5052,NaN,NaN,NaN,NaN,NaN
563.43,-9.6906,-39.042,-131.74,-1.4156,0.37013,-8.1845,-3.7098,-3.4376,-2.9186,0,0,0,NaN,NaN,NaN,NaN,NaN,NaN,NaN,NaN,NaN,45.72,0,1254.1,0.0069644,NaN,NaN,NaN,NaN,NaN,-1,-1,-1.0979,0.30724,-7.0298,-3.593,-2.2516,-2.5017,NaN,NaN,NaN,NaN,NaN
563.43,0,0,0,0,0,0,0,0,0,0,0,0,NaN,NaN,NaN,NaN,NaN,NaN,NaN,NaN,NaN,45.72,0,1254.1,0.0069644,0.72982,2.6163,0.63838,0.092398,14.171,97323,10.625,-1.0995,0.31251,-7.0366,-3.5911,-2.2103,-2.5006,NaN,NaN,NaN,NaN,NaN
563.44,-9.6956,-39.047,-131.75,-1.1422,0.40371,-7.3829,-3.9487,-1.8069,-2.6119,0.48509,-0.24592,-1.0489,NaN,NaN,NaN,NaN,NaN,NaN,NaN,NaN,NaN,45.72,0,1254.1,0.0069644,NaN,NaN,NaN,NaN,NaN,-1,-1,-1.1005,0.30777,-7.0478,-3.5839,-2.2832,-2.5,NaN,NaN,NaN,NaN,NaN
563.44,-9.7013,-39.053,-131.76,-0.78548,0.077972,-6.8706,-4.2438,-2.2565,-2.7797,0,0,0,NaN,NaN,NaN,NaN,NaN,NaN,NaN,NaN,NaN,45.72,0,1254.1,0.0069644,NaN,NaN,NaN,NaN,NaN,-1,-1,-1.1117,0.31245,-7.1014,-3.6092,-2.2953,-2.5023,NaN,NaN,NaN,NaN,NaN
563.44,-9.7112,-39.069,-131.77,-1.3968,0.54552,-7.6708,-3.8491,-1.8615,-2.8018,0,0,0,NaN,NaN,NaN,NaN,NaN,NaN,NaN,NaN,NaN,45.72,0,1254.1,0.0069644,NaN,NaN,NaN,NaN,14.368,97351,10.75,-1.1126,0.322,-7.1023,-3.6126,-2.1757,-2.5059,NaN,NaN,NaN,NaN,NaN
563.44,-9.7161,-39.075,-131.77,-0.96581,0.19277,-7.1538,-3.9473,-2.3371,-2.704,0.48292,-0.25343,-1.0557,NaN,NaN,NaN,NaN,NaN,NaN,NaN,NaN,NaN,45.71,0,1259.8,0.0064211,NaN,NaN,NaN,NaN,NaN,-1,-1,-1.113,0.31489,-7.117,-3.6164,-2.2102,-2.528,NaN,NaN,NaN,NaN,NaN
563.45,-9.7264,-39.09,-131.78,-1.2131,0.1139,-7.7903,-4.1147,-2.2439,-2.8337,0,0,0,NaN,NaN,NaN,NaN,NaN,NaN,NaN,NaN,NaN,45.71,0,1259.8,0.0064211,NaN,NaN,NaN,NaN,14.37,97359,10.813,-1.1175,0.3153,-7.1264,-3.6363,-2.1321,-2.5517,NaN,NaN,NaN,NaN,NaN
563.45,-9.7322,-39.095,-131.79,-1.2292,0.072428,-7.3867,-4.3292,-1.889,-2.7393,0,0,0,NaN,NaN,NaN,NaN,NaN,NaN,NaN,NaN,NaN,45.71,0,1259.8,0.0064211,0.72489,2.6002,0.63107,0.10322,NaN,-1,-1,-1.1265,0.32287,-7.1806,-3.6652,-2.0401,-2.5465,NaN,NaN,NaN,NaN,NaN
563.45,-9.718,-39.101,-131.81,-1.0975,0.11389,-7.2969,-3.8398,-2.5544,-2.6405,0.46856,-0.25791,-1.0548,NaN,NaN,NaN,NaN,NaN,NaN,NaN,NaN,NaN,45.71,0,1259.8,0.0064211,NaN,NaN,NaN,NaN,NaN,-1,-1,-1.1312,0.31719,-7.1913,-3.6839,-2.0832,-2.5555,NaN,NaN,NaN,NaN,NaN
563.45,-9.723,-39.107,-131.82,-1.2419,0.39247,-6.683,-3.9313,-2.2824,-2.7143,0,0,0,NaN,NaN,NaN,NaN,NaN,NaN,NaN,NaN,NaN,45.71,0,1259.8,0.0064211,NaN,NaN,NaN,NaN,14.483,97390,10.938,-1.1354,0.31854,-7.2138,-3.7128,-2.1103,-2.5652,NaN,NaN,NaN,NaN,NaN
563.46,-9.7279,-39.114,-131.83,-1.2013,0.28715,-7.6655,-3.7013,-2.6394,-2.5304,0,0,0,NaN,NaN,NaN,NaN,NaN,NaN,NaN,NaN,NaN,45.71,0,1259.8,0.0064211,NaN,NaN,NaN,NaN,NaN,-1,-1,-1.1372,0.32476,-7.213,-3.7253,-1.9997,-2.5944,NaN,NaN,NaN,NaN,NaN
563.46,-9.7321,-39.12,-131.83,-1.1256,0.59739,-7.615,-3.8875,-1.9289,-3.0037,0,0,0,NaN,NaN,NaN,NaN,NaN,NaN,NaN,NaN,NaN,45.71,0,1259.8,0.0064211,0.72763,2.6079,0.64994,0.076582,NaN,-1,-1,-1.1374,0.32819,-7.2095,-3.7578,-2.0141,-2.621,NaN,NaN,NaN,NaN,NaN
563.46,-9.7412,-39.133,-131.84,-1.0755,0.66199,-7.2223,-3.9375,-2.655,-2.8584,0,0,0,NaN,NaN,NaN,NaN,NaN,NaN,NaN,NaN,NaN,45.71,0,1259.8,0.0064211,NaN,NaN,NaN,NaN,14.396,97370,10.813,-1.1426,0.33497,-7.236,-3.7906,-2.0606,-2.6497,NaN,NaN,NaN,NaN,NaN
563.46,-9.7465,-39.14,-131.85,-1.3458,0.34989,-7.8517,-3.9109,-2.5407,-2.6128,0,0,0,NaN,NaN,NaN,NaN,NaN,NaN,NaN,NaN,NaN,45.71,0,1259.8,0.0064211,NaN,NaN,NaN,NaN,14.478,97332,10.688,-1.1479,0.32576,-7.2377,-3.8371,-2.014,-2.656,NaN,NaN,NaN,NaN,NaN
563.47,-9.7557,-39.148,-131.86,-1.1538,0.19092,-6.8879,-4.1557,-2.1526,-2.853,0.47783,-0.25301,-1.0495,NaN,NaN,NaN,NaN,NaN,NaN,NaN,NaN,NaN,45.71,0,1259.8,0.0064211,NaN,NaN,NaN,NaN,NaN,-1,-1,-1.1453,0.32715,-7.2339,-3.88,-1.9625,-2.6746,NaN,NaN,NaN,NaN,NaN
563.47,-9.7606,-39.155,-131.87,-1.0863,0.50056,-7.1032,-3.9892,-2.3733,-2.853,0,0,0,NaN,NaN,NaN,NaN,NaN,NaN,NaN,NaN,NaN,45.71,0,1259.8,0.0064211,NaN,NaN,NaN,NaN,NaN,-1,-1,-1.1528,0.33925,-7.2453,-3.9173,-2.0111,-2.6952,NaN,NaN,NaN,NaN,NaN
563.47,-9.7651,-39.162,-131.87,-1.0982,0.18299,-8.2356,-3.9187,-2.6643,-3.0014,0,0,0,NaN,NaN,NaN,NaN,NaN,NaN,NaN,NaN,NaN,45.71,0,1259.8,0.0064211,NaN,NaN,NaN,NaN,NaN,-1,-1,-1.1559,0.34157,-7.2654,-3.9599,-2.0598,-2.7191,NaN,NaN,NaN,NaN,NaN
563.47,-9.7708,-39.164,-131.88,-1.4175,0.089731,-7.2199,-4.3302,-0.48323,-2.552,0,0,0,NaN,NaN,NaN,NaN,NaN,NaN,NaN,NaN,NaN,45.71,0,1259.8,0.0064211,0.73201,2.6121,0.63473,0.080744,14.585,97325,10.625,-1.1552,0.33689,-7.2524,-4.0187,-2.0069,-2.7432,NaN,NaN,NaN,NaN,NaN
563.48,-9.7764,-39.169,-131.88,-1.0326,0.5135,-6.5326,-4.2443,-1.8033,-2.6574,0.48306,-0.24864,-1.0557,NaN,NaN,NaN,NaN,NaN,NaN,NaN,NaN,NaN,45.71,0,1259.8,0.0064211,NaN,NaN,NaN,NaN,NaN,-1,-1,-1.1624,0.3418,-7.26,-4.0723,-1.9929,-2.7783,NaN,NaN,NaN,NaN,NaN
563.48,-9.782,-39.178,-131.89,-1.138,0.31568,-7.5341,-3.9134,-3.2924,-2.5894,0,0,0,NaN,NaN,NaN,NaN,NaN,NaN,NaN,NaN,NaN,45.71,0,1259.8,0.0064211,NaN,NaN,NaN,NaN,NaN,-1,-1,-1.1645,0.34589,-7.2659,-4.1195,-2.0498,-2.8124,NaN,NaN,NaN,NaN,NaN
563.48,-9.787,-39.182,-131.9,-1.5096,0.15229,-8.1371,-3.9894,-1.632,-2.6623,0,0,0,NaN,NaN,NaN,NaN,NaN,NaN,NaN,NaN,NaN,45.71,0,1259.8,0.0064211,NaN,NaN,NaN,NaN,14.42,97350,10.688,-1.1649,0.34024,-7.258,-4.0512,-1.9546,-2.738,NaN,NaN,NaN,NaN,NaN
563.48,-9.7921,-39.185,-131.9,-1.092,0.78808,-7.1304,-4.047,-0.6785,-2.4994,0,0,0,NaN,NaN,NaN,NaN,NaN,NaN,NaN,NaN,NaN,45.71,0,1259.8,0.0064211,NaN,NaN,NaN,NaN,NaN,-1,-1,-1.1685,0.34512,-7.2636,-4.0979,-1.9346,-2.7612,NaN,NaN,NaN,NaN,NaN
563.49,-9.7959,-39.193,-131.91,-0.88709,0.63807,-6.5608,-3.5205,-2.8557,-2.8326,0.47353,-0.24839,-1.0544,NaN,NaN,NaN,NaN,NaN,NaN,NaN,NaN,NaN,45.71,0,1259.8,0.0064211,NaN,NaN,NaN,NaN,14.556,97336,10.625,-1.1711,0.34841,-7.27,-4.1299,-1.8896,-2.7566,NaN,NaN,NaN,NaN,NaN
563.49,-9.8007,-39.2,-131.91,-1.3949,-0.25366,-7.959,-3.8039,-2.5612,-2.7123,0,0,0,NaN,NaN,NaN,NaN,NaN,NaN,NaN,NaN,NaN,45.71,0,1259.8,0.0064211,0.73529,2.4767,0.71201,0.049945,NaN,-1,-1,-1.1735,0.35072,-7.275,-4.1742,-1.8685,-2.7704,NaN,NaN,NaN,NaN,NaN
563.49,-9.8052,-39.201,-131.92,-1.2143,0.64807,-7.8347,-4.1525,-0.37449,-2.9033,0,0,0,NaN,NaN,NaN,NaN,NaN,NaN,NaN,NaN,NaN,45.71,0,1259.8,0.0064211,NaN,NaN,NaN,NaN,NaN,-1,-1,-1.179,0.35271,-7.2964,-4.062,-1.7776,-2.6794,NaN,NaN,NaN,NaN,NaN
563.49,-9.809,-39.205,-131.93,-1.0996,0.57792,-7.0076,-3.6739,-1.1638,-2.7813,0,0,0,NaN,NaN,NaN,NaN,NaN,NaN,NaN,NaN,NaN,45.71,0,1259.8,0.0064211,NaN,NaN,NaN,NaN,14.479,97370,10.813,-1.1867,0.35579,-7.3036,-4.075,-1.691,-2.663,NaN,NaN,NaN,NaN,NaN
563.5,-9.8148,-39.212,-131.93,-1.2338,-0.29493,-7.4753,-4.3341,-2.6534,-2.8248,0.47804,-0.24582,-1.0495,NaN,NaN,NaN,NaN,NaN,NaN,NaN,NaN,NaN,45.71,0,1259.8,0.0064211,NaN,NaN,NaN,NaN,NaN,-1,-1,-1.1841,0.35542,-7.2894,-4.0976,-1.7247,-2.662,NaN,NaN,NaN,NaN,NaN
563.5,-9.8215,-39.216,-131.94,-1.3379,0.19895,-7.4681,-4.6475,-1.1647,-2.5802,0,0,0,NaN,NaN,NaN,NaN,NaN,NaN,NaN,NaN,NaN,45.71,0,1259.8,0.0064211,0.72489,2.6085,0.63594,0.098224,NaN,-1,-1,-1.1888,0.36213,-7.2985,-4.0955,-1.6274,-2.6505,NaN,NaN,NaN,NaN,NaN
563.5,-9.8276,-39.219,-131.94,-1.0806,0.98687,-7.2091,-4.353,-1.0685,-2.4602,0,0,0,NaN,NaN,NaN,NaN,NaN,NaN,NaN,NaN,NaN,45.71,0,1259.8,0.0064211,NaN,NaN,NaN,NaN,14.475,97331,10.625,-1.1961,0.36734,-7.3222,-4.1067,-1.659,-2.6409,NaN,NaN,NaN,NaN,NaN
563.5,-9.8324,-39.225,-131.95,-1.1556,-0.21304,-7.6331,-3.8267,-2.1527,-2.6691,0,0,0,NaN,NaN,NaN,NaN,NaN,NaN,NaN,NaN,NaN,45.71,0,1259.8,0.0064211,NaN,NaN,NaN,NaN,14.666,97333,10.625,-1.192,0.36382,-7.3054,-4.1225,-1.6131,-2.6368,NaN,NaN,NaN,NaN,NaN
563.51,-9.8377,-39.23,-131.95,-1.343,-0.019367,-7.4584,-4.2108,-1.7883,-2.7553,0.48501,-0.25322,-1.0511,NaN,NaN,NaN,NaN,NaN,NaN,NaN,NaN,NaN,45.71,0,1259.8,0.0064211,NaN,NaN,NaN,NaN,NaN,-1,-1,-1.1967,0.36029,-7.3138,-4.1312,-1.537,-2.6269,NaN,NaN,NaN,NaN,NaN
563.51,-9.8424,-39.234,-131.96,-1.2773,0.79044,-7.4264,-3.9816,-1.2675,-2.7288,0,0,0,NaN,NaN,NaN,NaN,NaN,NaN,NaN,NaN,NaN,45.71,0,1259.8,0.0064211,NaN,NaN,NaN,NaN,NaN,-1,-1,-1.2024,0.36983,-7.3282,-4.1453,-1.5774,-2.6121,NaN,NaN,NaN,NaN,NaN
563.51,-9.8481,-39.238,-131.97,-1.023,0.34762,-7.4056,-4.0055,-1.6218,-2.3313,0,0,0,NaN,NaN,NaN,NaN,NaN,NaN,NaN,NaN,NaN,45.71,0,1259.8,0.0064211,NaN,NaN,NaN,NaN,NaN,-1,-1,-1.2034,0.37077,-7.318,-4.1439,-1.4736,-2.6072,NaN,NaN,NaN,NaN,NaN
563.51,-9.8541,-39.242,-131.97,-1.3591,-0.2158,-7.4295,-4.2118,-1.3391,-2.3961,0,0,0,NaN,NaN,NaN,NaN,NaN,NaN,NaN,NaN,NaN,45.71,0,1259.8,0.0064211,NaN,NaN,NaN,NaN,14.778,97369,10.813,-1.2032,0.37058,-7.318,-4.1671,-1.4887,-2.591,NaN,NaN,NaN,NaN,NaN
563.52,-9.8598,-39.247,-131.97,-1.4193,1.1412,-7.2415,-4.1065,-1.5917,-2.4018,0.47118,-0.25327,-1.0568,NaN,NaN,NaN,NaN,NaN,NaN,NaN,NaN,NaN,45.71,0,1259.8,0.0064211,NaN,NaN,NaN,NaN,NaN,-1,-1,-1.2085,0.37794,-7.339,-4.1854,-1.447,-2.5939,NaN,NaN,NaN,NaN,NaN
563.52,-9.8638,-39.251,-131.98,-1.1584,0.45219,-6.9971,-3.9007,-1.4732,-3.0182,0,0,0,NaN,NaN,NaN,NaN,NaN,NaN,NaN,NaN,NaN,45.71,0,1259.8,0.0064211,NaN,NaN,NaN,NaN,NaN,-1,-1,-1.2088,0.37581,-7.3201,-4.2017,-1.3408,-2.5932,NaN,NaN,NaN,NaN,NaN
563.52,-9.8693,-39.255,-131.99,-1.0837,-0.012618,-7.7626,-4.1189,-1.4244,-2.5257,0,0,0,NaN,NaN,NaN,NaN,NaN,NaN,NaN,NaN,NaN,45.71,0,1259.8,0.0064211,NaN,NaN,NaN,NaN,14.8,97317,10.563,-1.2084,0.37415,-7.3062,-4.2187,-1.3541,-2.5807,NaN,NaN,NaN,NaN,NaN
563.52,-9.8757,-39.259,-131.99,-1.404,0.30592,-7.6842,-4.5952,-1.0626,-2.6581,0,0,0,NaN,NaN,NaN,NaN,NaN,NaN,NaN,NaN,NaN,45.71,0,1259.8,0.0064211,0.72872,2.6014,0.65116,0.081576,NaN,-1,-1,-1.2194,0.37435,-7.3213,-4.2425,-1.3254,-2.5758,NaN,NaN,NaN,NaN,NaN
563.53,-9.8819,-39.261,-132,-1.1595,0.64348,-7.3609,-4.5212,-0.68234,-2.4688,0.46623,-0.24806,-1.0506,NaN,NaN,NaN,NaN,NaN,NaN,NaN,NaN,NaN,45.71,0,1259.8,0.0064211,NaN,NaN,NaN,NaN,14.776,97360,10.75,-1.2249,0.38254,-7.3295,-4.2521,-1.2895,-2.5812,NaN,NaN,NaN,NaN,NaN
563.53,-9.8881,-39.266,-132,-1.1688,0.26554,-7.1233,-4.3882,-1.6772,-2.6013,0,0,0,NaN,NaN,NaN,NaN,NaN,NaN,NaN,NaN,NaN,45.71,0,1259.8,0.0064211,NaN,NaN,NaN,NaN,NaN,-1,-1,-1.2229,0.38099,-7.3165,-4.2462,-1.2528,-2.595,NaN,NaN,NaN,NaN,NaN
563.53,-9.895,-39.27,-132.01,-1.413,0.000629,-7.4363,-4.6105,-1.5316,-2.4673,0,0,0,NaN,NaN,NaN,NaN,NaN,NaN,NaN,NaN,NaN,45.71,0,1259.8,0.0064211,NaN,NaN,NaN,NaN,14.692,97337,10.625,-1.2265,0.38214,-7.3267,-4.2671,-1.1663,-2.5957,NaN,NaN,NaN,NaN,NaN
563.53,-9.902,-39.273,-132.02,-1.1596,0.25249,-7.6202,-4.8077,-0.67775,-2.5211,0,0,0,NaN,NaN,NaN,NaN,NaN,NaN,NaN,NaN,NaN,45.71,0,1259.8,0.0064211,NaN,NaN,NaN,NaN,14.612,97329,10.625,-1.2341,0.38636,-7.336,-4.2955,-1.1479,-2.6101,NaN,NaN,NaN,NaN,NaN
563.54,-9.907,-39.276,-132.02,-1.1002,0.82662,-7.0675,-4.0379,-1.3317,-2.6224,0.47366,-0.24851,-1.0566,NaN,NaN,NaN,NaN,NaN,NaN,NaN,NaN,NaN,45.71,0,1259.8,0.0064211,NaN,NaN,NaN,NaN,NaN,-1,-1,-1.2336,0.38211,-7.3249,-4.2937,-1.1321,-2.6091,NaN,NaN,NaN,NaN,NaN
563.54,-9.912,-39.28,-132.03,-1.3966,-0.1412,-7.9696,-3.8332,-1.2358,-2.3893,0,0,0,NaN,NaN,NaN,NaN,NaN,NaN,NaN,NaN,NaN,45.71,0,1259.8,0.0064211,NaN,NaN,NaN,NaN,14.749,97362,10.75,-1.2361,0.38027,-7.3245,-4.3112,-1.0657,-2.6113,NaN,NaN,NaN,NaN,NaN
563.54,-9.9235,-39.286,-132.04,-1.2135,0.75439,-7.7198,-4.4663,-0.82724,-2.7536,0,0,0,NaN,NaN,NaN,NaN,NaN,NaN,NaN,NaN,NaN,45.71,0,1259.8,0.0064211,NaN,NaN,NaN,NaN,NaN,-1,-1,-1.2429,0.3833,-7.3402,-4.3451,-0.9936,-2.6107,NaN,NaN,NaN,NaN,NaN
563.54,-9.9283,-39.292,-132.04,-1.5511,0.40242,-7.5223,-3.8977,-2.2713,-2.6837,0.48066,-0.24119,-1.0515,NaN,NaN,NaN,NaN,NaN,NaN,NaN,NaN,NaN,45.71,0,1259.8,0.0064211,0.72544,2.6008,0.63473,0.098224,14.963,97364,10.75,-1.2448,0.38482,-7.3389,-4.3693,-1.0264,-2.6159,NaN,NaN,NaN,NaN,NaN
563.55,-9.9401,-39.297,-132.06,-0.93153,1.0196,-6.0222,-4.4185,-0.88287,-2.6453,0,0,0,NaN,NaN,NaN,NaN,NaN,NaN,NaN,NaN,NaN,45.71,0,1259.8,0.0064211,0.72544,2.6008,0.63473,0.098224,NaN,-1,-1,-1.2438,0.38586,-7.3254,-4.3939,-0.98056,-2.6212,NaN,NaN,NaN,NaN,NaN
563.55,-9.9458,-39.303,-132.06,-1.1356,0.12347,-7.9278,-4.202,-2.3424,-2.7335,0,0,0,NaN,NaN,NaN,NaN,NaN,NaN,NaN,NaN,NaN,45.71,0,1259.8,0.0064211,NaN,NaN,NaN,NaN,NaN,-1,-1,-1.2469,0.39366,-7.3318,-4.4266,-0.87603,-2.6359,NaN,NaN,NaN,NaN,NaN
563.55,-9.9578,-39.305,-132.07,-1.1773,0.81803,-6.8227,-4.2297,0.97913,-2.426,0,0,0,NaN,NaN,NaN,NaN,NaN,NaN,NaN,NaN,NaN,45.71,0,1259.8,0.0064211,NaN,NaN,NaN,NaN,15.071,97372,10.813,-1.2541,0.38915,-7.3461,-4.433,-0.87231,-2.6455,NaN,NaN,NaN,NaN,NaN
563.55,-9.9645,-39.311,-132.08,-0.82579,-0.000781,-6.7152,-4.6321,-2.4048,-2.7747,0,0,0,NaN,NaN,NaN,NaN,NaN,NaN,NaN,NaN,NaN,45.71,0,1282.6,0.0069644,NaN,NaN,NaN,NaN,14.932,97348,10.625,-1.2569,0.38979,-7.3443,-4.4647,-0.84281,-2.6612,NaN,NaN,NaN,NaN,NaN
563.56,-9.9749,-39.317,-132.09,-1.2584,0.66646,-8.5586,-4.3669,1.1188,-2.6489,0.46891,-0.24103,-1.0526,NaN,NaN,NaN,NaN,NaN,NaN,NaN,NaN,NaN,45.71,0,1282.6,0.0069644,0.71996,2.602,0.64142,0.094895,NaN,-1,-1,-1.2572,0.39211,-7.3366,-4.4991,-0.79967,-2.667,NaN,NaN,NaN,NaN,NaN
563.56,-9.9808,-39.32,-132.1,-1.2444,0.46408,-5.6316,-4.432,-0.86494,-2.633,0,0,0,NaN,NaN,NaN,NaN,NaN,NaN,NaN,NaN,NaN,45.71,0,1282.6,0.0069644,NaN,NaN,NaN,NaN,NaN,-1,-1,-1.2583,0.40007,-7.3418,-4.5195,-0.74346,-2.6795,NaN,NaN,NaN,NaN,NaN
563.56,-9.9946,-39.33,-132.11,-1.5063,0.58149,-9.0677,-4.9995,-1.413,-2.7423,0,0,0,NaN,NaN,NaN,NaN,NaN,NaN,NaN,NaN,NaN,45.71,0,1282.6,0.0069644,NaN,NaN,NaN,NaN,NaN,-1,-1,-1.2642,0.39694,-7.3507,-4.5368,-0.70815,-2.6921,NaN,NaN,NaN,NaN,NaN
563.56,-9.9992,-39.327,-132.12,-1.4484,0.67954,-7.4241,-4.4647,1.6357,-2.8274,0.47119,-0.24346,-1.0524,NaN,NaN,NaN,NaN,NaN,NaN,NaN,NaN,NaN,45.71,0,1282.6,0.0069644,NaN,NaN,NaN,NaN,15.278,97368,10.75,-1.2642,0.39187,-7.3503,-4.5775,-0.66467,-2.7226,NaN,NaN,NaN,NaN,NaN
563.57,-10.013,-39.34,-132.13,-1.4114,0.29154,-8.3234,-5.0847,-2.3555,-2.6209,0,0,0,NaN,NaN,NaN,NaN,NaN,NaN,NaN,NaN,NaN,45.71,0,1282.6,0.0069644,NaN,NaN,NaN,NaN,NaN,-1,-1,-1.2657,0.397,-7.3559,-4.5948,-0.64671,-2.7472,NaN,NaN,NaN,NaN,NaN
563.57,-10.018,-39.339,-132.14,-1.5282,1.2839,-8.0032,-4.1315,0.78283,-2.772,0,0,0,NaN,NaN,NaN,NaN,NaN,NaN,NaN,NaN,NaN,45.71,0,1282.6,0.0069644,NaN,NaN,NaN,NaN,NaN,-1,-1,-1.2712,0.40096,-7.3651,-4.6162,-0.6315,-2.7559,NaN,NaN,NaN,NaN,NaN
563.57,-10.023,-39.34,-132.14,-0.91656,0.14062,-6.7923,-4.3811,0.0052712,-2.7152,0.46858,-0.24809,-1.0504,NaN,NaN,NaN,NaN,NaN,NaN,NaN,NaN,NaN,45.71,0,1282.6,0.0069644,NaN,NaN,NaN,NaN,15.149,97379,10.813,-1.2685,0.39699,-7.3611,-4.6434,-0.56874,-2.7604,NaN,NaN,NaN,NaN,NaN
563.57,-10.029,-39.347,-132.15,-1.2913,-0.03408,-7.4671,-4.4711,-2.8656,-2.7519,0,0,0,NaN,NaN,NaN,NaN,NaN,NaN,NaN,NaN,NaN,45.71,0,1282.6,0.0069644,NaN,NaN,NaN,NaN,NaN,-1,-1,-1.2713,0.4028,-7.3707,-4.6681,-0.53103,-2.7572,NaN,NaN,NaN,NaN,NaN
563.58,-10.034,-39.347,-132.16,-1.4992,1.1268,-8.4326,-4.3996,0.60619,-2.9146,0,0,0,NaN,NaN,NaN,NaN,NaN,NaN,NaN,NaN,NaN,45.71,0,1282.6,0.0069644,NaN,NaN,NaN,NaN,15.124,97390,10.875,-1.2763,0.40337,-7.394,-4.6728,-0.52437,-2.774,NaN,NaN,NaN,NaN,NaN
563.58,-10.039,-39.348,-132.17,-0.98949,0.3251,-7.5667,-4.435,-0.1535,-3.0096,0,0,0,NaN,NaN,NaN,NaN,NaN,NaN,NaN,NaN,NaN,45.71,0,1282.6,0.0069644,0.72927,2.596,0.64325,0.091565,NaN,-1,-1,-1.2752,0.40244,-7.3792,-4.6864,-0.49348,-2.7688,NaN,NaN,NaN,NaN,NaN
563.58,-10.045,-39.35,-132.17,-1.5,-0.29486,-6.7247,-4.7293,-0.61541,-2.7923,0.47656,-0.23431,-1.0585,NaN,NaN,NaN,NaN,NaN,NaN,NaN,NaN,NaN,45.71,0,1282.6,0.0069644,0.72927,2.596,0.64325,0.091565,NaN,-1,-1,-1.2776,0.40258,-7.3836,-4.6949,-0.46288,-2.7776,NaN,NaN,NaN,NaN,NaN
563.58,-10.053,-39.354,-132.18,-1.1477,0.43842,-8.1661,-5.2097,-1.1363,-2.7737,0,0,0,NaN,NaN,NaN,NaN,NaN,NaN,NaN,NaN,NaN,45.71,0,1282.6,0.0069644,NaN,NaN,NaN,NaN,15.067,97352,10.688,-1.2839,0.40605,-7.4106,-4.7121,-0.40656,-2.7752,NaN,NaN,NaN,NaN,NaN
563.59,-10.06,-39.356,-132.19,-1.5619,0.68617,-8.0463,-4.9586,-0.4406,-2.7651,0,0,0,NaN,NaN,NaN,NaN,NaN,NaN,NaN,NaN,NaN,45.71,0,1282.6,0.0069644,NaN,NaN,NaN,NaN,NaN,-1,-1,-1.2854,0.40653,-7.4078,-4.7186,-0.42256,-2.7852,NaN,NaN,NaN,NaN,NaN
563.59,-10.066,-39.355,-132.19,-1.1006,0.33165,-7.0249,-4.7718,0.55989,-2.4328,0,0,0,NaN,NaN,NaN,NaN,NaN,NaN,NaN,NaN,NaN,45.71,0,1282.6,0.0069644,NaN,NaN,NaN,NaN,NaN,-1,-1,-1.29,0.41133,-7.4178,-4.7244,-0.41699,-2.7991,NaN,NaN,NaN,NaN,NaN
563.59,-10.074,-39.358,-132.2,-1.0505,-0.40992,-6.7946,-5.4628,-0.95535,-2.8031,0.47863,-0.24391,-1.0583,NaN,NaN,NaN,NaN,NaN,NaN,NaN,NaN,NaN,45.71,0,1282.6,0.0069644,NaN,NaN,NaN,NaN,15.015,97372,10.75,-1.2931,0.41062,-7.4307,-4.7418,-0.36922,-2.7939,NaN,NaN,NaN,NaN,NaN
563.59,-10.081,-39.361,-132.2,-1.4909,0.91382,-8.2663,-5.0805,-1.0957,-2.803,0,0,0,NaN,NaN,NaN,NaN,NaN,NaN,NaN,NaN,NaN,45.71,0,1282.6,0.0069644,NaN,NaN,NaN,NaN,NaN,-1,-1,-1.2903,0.4053,-7.4314,-4.8421,-0.35285,-2.8748,NaN,NaN,NaN,NaN,NaN
563.6,-10.088,-39.363,-132.21,-1.5817,0.71811,-8.1358,-4.6812,-0.24265,-2.7253,0,0,0,NaN,NaN,NaN,NaN,NaN,NaN,NaN,NaN,NaN,45.71,0,1282.6,0.0069644,0.73146,2.6115,0.63229,0.094062,15.066,97379,10.75,-1.2924,0.40731,-7.4388,-4.8012,-0.31831,-2.8456,NaN,NaN,NaN,NaN,NaN
563.6,-10.092,-39.361,-132.22,-1.266,0.15052,-6.3952,-4.3348,0.86093,-2.9152,0,0,0,NaN,NaN,NaN,NaN,NaN,NaN,NaN,NaN,NaN,45.71,0,1282.6,0.0069644,NaN,NaN,NaN,NaN,NaN,-1,-1,-1.2979,0.40532,-7.4508,-4.768,-0.31415,-2.8386,NaN,NaN,NaN,NaN,NaN
563.6,-10.098,-39.366,-132.23,-0.94058,0.9088,-7.2923,-4.4372,-1.4198,-2.857,0.47152,-0.2413,-1.0568,NaN,NaN,NaN,NaN,NaN,NaN,NaN,NaN,NaN,45.71,0,1282.6,0.0069644,NaN,NaN,NaN,NaN,NaN,-1,-1,-1.2986,0.40574,-7.4568,-4.7038,-0.35535,-2.8132,NaN,NaN,NaN,NaN,NaN
563.6,-10.103,-39.369,-132.23,-1.5494,0.63038,-8.5639,-4.449,-1.174,-2.8337,0,0,0,NaN,NaN,NaN,NaN,NaN,NaN,NaN,NaN,NaN,45.71,0,1282.6,0.0069644,NaN,NaN,NaN,NaN,15.225,97352,10.688,-1.2994,0.40699,-7.4546,-4.7607,-0.33571,-2.8732,NaN,NaN,NaN,NaN,NaN
563.61,-10.108,-39.367,-132.24,-1.6327,0.18977,-7.7949,-4.6742,1.324,-2.9466,0,0,0,NaN,NaN,NaN,NaN,NaN,NaN,NaN,NaN,NaN,45.71,0,1282.6,0.0069644,NaN,NaN,NaN,NaN,NaN,-1,-1,-1.3025,0.40495,-7.4682,-4.6791,-0.39596,-2.8353,NaN,NaN,NaN,NaN,NaN
563.61,-10.12,-39.373,-132.25,-1.3337,0.46971,-8.131,-4.5063,-0.90493,-2.8876,0.47139,-0.24118,-1.0546,NaN,NaN,NaN,NaN,NaN,NaN,NaN,NaN,NaN,45.71,0,1282.6,0.0069644,0.72544,2.5996,0.63107,0.097392,NaN,-1,-1,-1.3006,0.4064,-7.4768,-4.5703,-0.2724,-2.8017,NaN,NaN,NaN,NaN,NaN
563.61,-10.126,-39.374,-132.26,-1.4819,-0.21412,-7.9115,-4.7938,0.048988,-2.9987,0,0,0,NaN,NaN,NaN,NaN,NaN,NaN,NaN,NaN,NaN,45.71,0,1282.6,0.0069644,NaN,NaN,NaN,NaN,15.355,97375,10.75,-1.301,0.40652,-7.4761,-4.4706,-0.41647,-2.7545,NaN,NaN,NaN,NaN,NaN
563.61,-10.133,-39.375,-132.27,-1.1584,0.53082,-7.518,-5.0229,-0.12301,-2.6736,0,0,0,NaN,NaN,NaN,NaN,NaN,NaN,NaN,NaN,NaN,45.71,0,1282.6,0.0069644,NaN,NaN,NaN,NaN,NaN,-1,-1,-1.306,0.40469,-7.487,-4.3843,-0.28725,-2.7114,NaN,NaN,NaN,NaN,NaN
563.62,-10.139,-39.377,-132.28,-1.3869,0.34447,-6.9218,-4.5815,-0.6581,-2.8634,0,0,0,NaN,NaN,NaN,NaN,NaN,NaN,NaN,NaN,NaN,45.71,0,1282.6,0.0069644,NaN,NaN,NaN,NaN,15.173,97411,10.875,-1.307,0.40987,-7.4892,-4.3052,-0.24778,-2.6739,NaN,NaN,NaN,NaN,NaN
563.62,-10.144,-39.38,-132.28,-1.1519,-0.035046,-8.2854,-4.1301,-0.77957,-2.4022,0.47857,-0.2414,-1.0561,-7.0229,-10.22,-9.8841,15.858,40.057,-88.55,3.6778e+05,4.4353e+06,286.48,45.71,0,1282.6,0.0069644,NaN,NaN,NaN,NaN,NaN,-1,-1,-1.3052,0.41108,-7.4985,-4.2339,-0.3106,-2.6409,15.602,-2.7891,-0.51841,-1.9031,-10.13
563.62,-10.15,-39.379,-132.29,-1.5123,0.27924,-7.6686,-4.4708,0.47452,-2.5137,0,0,0,NaN,NaN,NaN,NaN,NaN,NaN,NaN,NaN,NaN,45.71,0,1282.6,0.0069644,0.72106,2.6008,0.63047,0.092398,NaN,-1,-1,-1.3097,0.4046,-7.5129,-4.1517,-0.17845,-2.6225,NaN,NaN,NaN,NaN,NaN
563.62,-10.155,-39.379,-132.29,-1.4118,0.8203,-7.239,-4.2302,0.29439,-2.5111,0,0,0,NaN,NaN,NaN,NaN,NaN,NaN,NaN,NaN,NaN,45.71,0,1282.6,0.0069644,NaN,NaN,NaN,NaN,15.226,97370,10.75,-1.3117,0.41141,-7.5054,-4.0848,-0.21171,-2.586,NaN,NaN,NaN,NaN,NaN
563.63,-10.161,-39.382,-132.3,-1.1796,0.38066,-7.7955,-4.0972,-0.93375,-2.5991,0,0,0,NaN,NaN,NaN,NaN,NaN,NaN,NaN,NaN,NaN,45.71,0,1282.6,0.0069644,NaN,NaN,NaN,NaN,NaN,-1,-1,-1.3092,0.40661,-7.5105,-3.9787,-0.15147,-2.5548,NaN,NaN,NaN,NaN,NaN
563.63,-10.165,-39.384,-132.31,-1.7027,0.3737,-7.7218,-3.8805,-0.63266,-2.7661,0.46422,-0.24096,-1.053,NaN,NaN,NaN,NaN,NaN,NaN,NaN,NaN,NaN,45.71,0,1282.6,0.0069644,NaN,NaN,NaN,NaN,NaN,-1,-1,-1.3091,0.40492,-7.5277,-3.8879,-0.096357,-2.5356,NaN,NaN,NaN,NaN,NaN
563.63,-10.169,-39.384,-132.31,-1.3702,1.2431,-8.2084,-4.0428,0.33466,-2.8028,0,0,0,NaN,NaN,NaN,NaN,NaN,NaN,NaN,NaN,NaN,45.71,0,1282.6,0.0069644,NaN,NaN,NaN,NaN,15.354,97381,10.75,-1.2978,0.40199,-7.4555,-3.806,-0.13612,-2.5156,NaN,NaN,NaN,NaN,NaN
563.63,-10.172,-39.386,-132.32,-1.2289,0.02732,-6.9806,-3.7525,-0.39036,-3.0319,0,0,0,NaN,NaN,NaN,NaN,NaN,NaN,NaN,NaN,NaN,45.71,0,1282.6,0.0069644,NaN,NaN,NaN,NaN,NaN,-1,-1,-1.2989,0.40622,-7.4558,-3.7304,-0.10152,-2.4993,NaN,NaN,NaN,NaN,NaN
563.64,-10.177,-39.387,-132.33,-1.3501,-0.026759,-7.4317,-4.2422,-0.081532,-2.7577,0,0,0,NaN,NaN,NaN,NaN,NaN,NaN,NaN,NaN,NaN,45.71,0,1282.6,0.0069644,0.72489,2.6049,0.63412,0.10322,15.303,97357,10.688,-1.3016,0.39247,-7.4702,-3.6668,-0.047561,-2.4962,NaN,NaN,NaN,NaN,NaN
563.64,-10.18,-39.389,-132.34,-1.3547,1.0915,-8.037,-3.828,-0.46593,-2.8938,0.47173,-0.23412,-1.0567,NaN,NaN,NaN,NaN,NaN,NaN,NaN,NaN,NaN,45.71,0,1282.6,0.0069644,NaN,NaN,NaN,NaN,NaN,-1,-1,-1.3065,0.39898,-7.4958,-3.6168,0.041526,-2.4775,NaN,NaN,NaN,NaN,NaN
563.64,-10.184,-39.388,-132.34,-1.3796,0.15849,-8.0537,-3.8721,0.71912,-2.6208,0,0,0,NaN,NaN,NaN,NaN,NaN,NaN,NaN,NaN,NaN,45.71,0,1282.6,0.0069644,NaN,NaN,NaN,NaN,NaN,-1,-1,-1.2925,0.39244,-7.4295,-3.5733,-0.017157,-2.4569,NaN,NaN,NaN,NaN,NaN
563.64,-10.19,-39.388,-132.35,-1.2535,0.015914,-7.2111,-4.0112,0.19819,-2.2679,0,0,0,NaN,NaN,NaN,NaN,NaN,NaN,NaN,NaN,NaN,45.71,0,1282.6,0.0069644,NaN,NaN,NaN,NaN,15.381,97351,10.688,-1.3004,0.39134,-7.4716,-3.5156,-0.032512,-2.4503,NaN,NaN,NaN,NaN,NaN
563.65,-10.193,-39.389,-132.36,-1.2418,0.65192,-7.4706,-3.8041,-0.24351,-2.8011,0,0,0,NaN,NaN,NaN,NaN,NaN,NaN,NaN,NaN,NaN,45.71,0,1282.6,0.0069644,NaN,NaN,NaN,NaN,NaN,-1,-1,-1.3031,0.39096,-7.4928,-3.468,0.10762,-2.4299,NaN,NaN,NaN,NaN,NaN
563.65,0,0,0,0,0,0,0,0,0,0,0,0,NaN,NaN,NaN,NaN,NaN,NaN,NaN,NaN,NaN,45.71,0,1282.6,0.0069644,NaN,NaN,NaN,NaN,NaN,-1,-1,-1.3088,0.38392,-7.4946,-3.4514,0.098687,-2.4116,NaN,NaN,NaN,NaN,NaN
563.65,-10.196,-39.392,-132.36,-1.5045,0.66851,-7.747,-3.3309,-0.60069,-2.7321,0.46696,-0.23645,-1.0572,NaN,NaN,NaN,NaN,NaN,NaN,NaN,NaN,NaN,45.71,0,1282.6,0.0069644,NaN,NaN,NaN,NaN,15.405,97365,10.688,-1.3101,0.38232,-7.5143,-3.4568,0.042616,-2.4062,NaN,NaN,NaN,NaN,NaN
563.65,-10.2,-39.391,-132.37,-1.3766,-0.21816,-8.1654,-3.4979,0.68595,-2.386,0,0,0,NaN,NaN,NaN,NaN,NaN,NaN,NaN,NaN,NaN,45.71,0,1282.6,0.0069644,NaN,NaN,NaN,NaN,15.709,97367,10.625,-1.3131,0.38067,-7.5474,-3.4316,0.13419,-2.4148,NaN,NaN,NaN,NaN,NaN
563.66,-10.211,-39.392,-132.39,-1.8366,0.18451,-7.9071,-3.6719,0.567,-2.8649,0.47872,-0.2317,-1.0539,NaN,NaN,NaN,NaN,NaN,NaN,NaN,NaN,NaN,45.71,0,1282.6,0.0069644,NaN,NaN,NaN,NaN,NaN,-1,-1,-1.315,0.37679,-7.5528,-3.4214,0.21194,-2.4217,NaN,NaN,NaN,NaN,NaN
563.66,0,0,0,0,0,0,0,0,0,0,0,0,NaN,NaN,NaN,NaN,NaN,NaN,NaN,NaN,NaN,45.71,0,1282.6,0.0069644,NaN,NaN,NaN,NaN,NaN,-1,-1,-1.3177,0.3796,-7.5656,-3.4174,0.13563,-2.4376,NaN,NaN,NaN,NaN,NaN
563.66,-10.213,-39.391,-132.4,-1.4382,0.37512,-6.6089,-3.3932,0.79509,-2.7543,0,0,0,NaN,NaN,NaN,NaN,NaN,NaN,NaN,NaN,NaN,45.71,0,1282.6,0.0069644,0.73803,2.4797,0.7114,0.04495,NaN,-1,-1,-1.3229,0.37976,-7.5743,-3.4122,0.16185,-2.4523,NaN,NaN,NaN,NaN,NaN
563.66,-10.219,-39.395,-132.4,-0.97359,1.2011,-7.9699,-4.1508,-1.4907,-2.2942,0,0,0,NaN,NaN,NaN,NaN,NaN,NaN,NaN,NaN,NaN,45.72,0.024486,1296.9,0.0064211,NaN,NaN,NaN,NaN,15.74,97392,10.813,-1.3242,0.38137,-7.5912,-3.4368,0.26559,-2.4677,NaN,NaN,NaN,NaN,NaN
563.67,-10.226,-39.39,-132.42,-1.4598,-0.34075,-7.7449,-4.3512,3.2881,-3.0581,0.46898,-0.23864,-1.0526,NaN,NaN,NaN,NaN,NaN,NaN,NaN,NaN,NaN,45.72,0.024486,1296.9,0.0064211,NaN,NaN,NaN,NaN,NaN,-1,-1,-1.3291,0.38546,-7.5835,-3.4703,0.22824,-2.4802,NaN,NaN,NaN,NaN,NaN
563.67,-10.229,-39.394,-132.42,-1.1064,1.3484,-6.3079,-3.7344,-1.1794,-2.9125,0,0,0,NaN,NaN,NaN,NaN,NaN,NaN,NaN,NaN,NaN,45.72,0.024486,1296.9,0.0064211,NaN,NaN,NaN,NaN,NaN,-1,-1,-1.3294,0.38615,-7.5895,-3.5279,0.26343,-2.5066,NaN,NaN,NaN,NaN,NaN
563.67,-10.232,-39.396,-132.43,-1.4337,0.55666,-9.2603,-3.5231,-0.54815,-2.7855,0,0,0,NaN,NaN,NaN,NaN,NaN,NaN,NaN,NaN,NaN,45.72,0.024486,1296.9,0.0064211,NaN,NaN,NaN,NaN,15.688,97360,10.688,-1.3296,0.38597,-7.5855,-3.5944,0.34137,-2.5278,NaN,NaN,NaN,NaN,NaN
563.67,-10.236,-39.392,-132.44,-1.5572,-0.7687,-7.668,-3.8876,1.9569,-2.8096,0,0,0,NaN,NaN,NaN,NaN,NaN,NaN,NaN,NaN,NaN,45.72,0.024486,1296.9,0.0064211,NaN,NaN,NaN,NaN,NaN,-1,-1,-1.3303,0.39175,-7.5993,-3.6511,0.31743,-2.5601,NaN,NaN,NaN,NaN,NaN
563.68,-10.227,-39.387,-132.47,-1.4617,1.1732,-7.3727,-3.7552,-0.57473,-2.5012,0,0,0,NaN,NaN,NaN,NaN,NaN,NaN,NaN,NaN,NaN,45.72,0.024486,1296.9,0.0064211,0.72325,2.5972,0.63047,0.10738,15.454,97357,10.625,-1.3404,0.39056,-7.6714,-3.6903,0.3432,-2.5692,NaN,NaN,NaN,NaN,NaN
563.68,-10.231,-39.387,-132.48,-1.311,-0.58505,-8.6992,-4.0221,0.35225,-2.8734,0,0,0,NaN,NaN,NaN,NaN,NaN,NaN,NaN,NaN,NaN,45.72,0.024486,1296.9,0.0064211,NaN,NaN,NaN,NaN,NaN,-1,-1,-1.3413,0.39139,-7.6635,-3.7368,0.42527,-2.5895,NaN,NaN,NaN,NaN,NaN
563.68,-10.236,-39.386,-132.49,-1.6267,0.54411,-7.7073,-4.3882,0.69889,-2.9408,0,0,0,NaN,NaN,NaN,NaN,NaN,NaN,NaN,NaN,NaN,45.72,0.024486,1296.9,0.0064211,NaN,NaN,NaN,NaN,NaN,-1,-1,-1.3475,0.39539,-7.678,-3.7943,0.43859,-2.6091,NaN,NaN,NaN,NaN,NaN
563.68,-10.241,-39.386,-132.49,-1.2715,1.0163,-8.1499,-4.2779,0.33495,-2.5846,0.47152,-0.2413,-1.0568,NaN,NaN,NaN,NaN,NaN,NaN,NaN,NaN,NaN,45.72,0.024486,1296.9,0.0064211,NaN,NaN,NaN,NaN,15.863,97370,10.688,-1.3475,0.395,-7.6784,-3.8458,0.47254,-2.6298,NaN,NaN,NaN,NaN,NaN
563.69,-10.246,-39.386,-132.5,-1.5476,0.053969,-8.5715,-4.2173,0.080787,-2.6666,0,0,0,NaN,NaN,NaN,NaN,NaN,NaN,NaN,NaN,NaN,45.72,0.024486,1296.9,0.0064211,NaN,NaN,NaN,NaN,NaN,-1,-1,-1.3578,0.39692,-7.7496,-3.9097,0.48907,-2.6583,NaN,NaN,NaN,NaN,NaN
563.69,-10.25,-39.384,-132.51,-1.4381,0.54087,-7.1319,-4.0574,1.2563,-2.7881,0,0,0,NaN,NaN,NaN,NaN,NaN,NaN,NaN,NaN,NaN,45.72,0.024486,1296.9,0.0064211,NaN,NaN,NaN,NaN,NaN,-1,-1,-1.3601,0.39605,-7.7616,-3.9693,0.43627,-2.6968,NaN,NaN,NaN,NaN,NaN
563.69,-10.254,-39.384,-132.52,-1.1144,0.97079,-7.2935,-3.7771,0.1441,-2.5778,0,0,0,NaN,NaN,NaN,NaN,NaN,NaN,NaN,NaN,NaN,45.72,0.024486,1296.9,0.0064211,NaN,NaN,NaN,NaN,15.634,97355,10.625,-1.3691,0.39615,-7.7757,-4.0368,0.47418,-2.7454,NaN,NaN,NaN,NaN,NaN
563.69,-10.257,-39.389,-132.52,-1.3592,0.097944,-8.8913,-3.7226,-1.5957,-2.9188,0.47609,-0.24124,-1.0541,NaN,NaN,NaN,NaN,NaN,NaN,NaN,NaN,NaN,45.72,0.024486,1296.9,0.0064211,NaN,NaN,NaN,NaN,NaN,-1,-1,-1.3682,0.39536,-7.7877,-4.133,0.56121,-2.7847,NaN,NaN,NaN,NaN,NaN
563.7,-10.261,-39.385,-132.53,-1.5857,0.070085,-8.8787,-4.2004,2.1933,-3.079,0,0,0,NaN,NaN,NaN,NaN,NaN,NaN,NaN,NaN,NaN,45.72,0.024486,1296.9,0.0064211,NaN,NaN,NaN,NaN,15.507,97371,10.688,-1.3746,0.39902,-7.802,-4.2198,0.46564,-2.8356,NaN,NaN,NaN,NaN,NaN
563.7,-10.266,-39.381,-132.54,-1.0906,0.83318,-6.837,-4.7174,1.8641,-2.7516,0,0,0,NaN,NaN,NaN,NaN,NaN,NaN,NaN,NaN,NaN,45.72,0.024486,1296.9,0.0064211,NaN,NaN,NaN,NaN,NaN,-1,-1,-1.3771,0.40222,-7.8048,-4.296,0.50055,-2.8697,NaN,NaN,NaN,NaN,NaN
563.7,-10.272,-39.386,-132.55,-1.5662,0.23415,-8.0706,-4.5631,-1.784,-2.8682,0,0,0,NaN,NaN,NaN,NaN,NaN,NaN,NaN,NaN,NaN,45.72,0.024486,1296.9,0.0064211,0.72927,2.5972,0.63168,0.097392,NaN,-1,-1,-1.378,0.41278,-7.8152,-4.3592,0.61498,-2.8973,NaN,NaN,NaN,NaN,NaN
563.7,-10.277,-39.385,-132.55,-1.6789,0.57575,-9.5306,-4.7238,1.0161,-3.2693,0.46454,-0.24372,-1.0596,NaN,NaN,NaN,NaN,NaN,NaN,NaN,NaN,NaN,45.72,0.024486,1296.9,0.0064211,NaN,NaN,NaN,NaN,15.79,97377,10.75,-1.3849,0.41681,-7.835,-4.4469,0.52927,-2.9459,NaN,NaN,NaN,NaN,NaN
563.71,-10.28,-39.38,-132.56,-1.3369,0.15379,-7.064,-4.0644,2.4098,-3.0323,0,0,0,NaN,NaN,NaN,NaN,NaN,NaN,NaN,NaN,NaN,45.72,0.024486,1296.9,0.0064211,NaN,NaN,NaN,NaN,NaN,-1,-1,-1.3813,0.4101,-7.8484,-4.3958,0.53864,-2.8929,NaN,NaN,NaN,NaN,NaN
563.71,-10.287,-39.383,-132.57,-1.0353,0.30876,-7.207,-4.9,-1.2211,-2.5973,0,0,0,NaN,NaN,NaN,NaN,NaN,NaN,NaN,NaN,NaN,45.72,0.024486,1296.9,0.0064211,NaN,NaN,NaN,NaN,NaN,-1,-1,-1.3853,0.41612,-7.846,-4.4149,0.61295,-2.9305,NaN,NaN,NaN,NaN,NaN
563.71,-10.292,-39.384,-132.58,-1.5713,0.55117,-9.6058,-4.3796,0.20054,-2.9038,0,0,0,NaN,NaN,NaN,NaN,NaN,NaN,NaN,NaN,NaN,45.72,0.024486,1296.9,0.0064211,0.7435,2.6127,0.65359,0.07242,15.862,97374,10.688,-1.3879,0.40899,-7.8629,-4.4617,0.59378,-2.9508,NaN,NaN,NaN,NaN,NaN
563.71,-10.296,-39.378,-132.58,-1.5096,-0.032791,-7.8615,-4.5004,2.7386,-2.6597,0.47435,-0.22948,-1.0587,NaN,NaN,NaN,NaN,NaN,NaN,NaN,NaN,NaN,45.72,0.024486,1296.9,0.0064211,0.7435,2.6127,0.65359,0.07242,NaN,-1,-1,-1.3898,0.40212,-7.876,-4.5217,0.56536,-2.98,NaN,NaN,NaN,NaN,NaN
563.72,-10.303,-39.379,-132.59,-1.0475,0.42141,-7.461,-4.8061,-0.16283,-2.7309,0,0,0,NaN,NaN,NaN,NaN,NaN,NaN,NaN,NaN,NaN,45.72,0.024486,1296.9,0.0064211,NaN,NaN,NaN,NaN,15.864,97383,10.75,-1.389,0.40879,-7.8699,-4.4246,0.66077,-2.8979,NaN,NaN,NaN,NaN,NaN
563.72,-10.308,-39.38,-132.6,-1.7751,0.81529,-7.8782,-4.4178,-0.084339,-2.9188,0,0,0,NaN,NaN,NaN,NaN,NaN,NaN,NaN,NaN,NaN,45.72,0.024486,1296.9,0.0064211,NaN,NaN,NaN,NaN,NaN,-1,-1,-1.3924,0.41297,-7.8829,-4.4308,0.7414,-2.9029,NaN,NaN,NaN,NaN,NaN
563.72,-10.311,-39.375,-132.61,-1.416,0.73887,-9.4518,-4.1981,2.0862,-3.0897,0,0,0,NaN,NaN,NaN,NaN,NaN,NaN,NaN,NaN,NaN,45.72,0.024486,1296.9,0.0064211,NaN,NaN,NaN,NaN,NaN,-1,-1,-1.3991,0.40766,-7.8982,-4.4636,0.6277,-2.8906,NaN,NaN,NaN,NaN,NaN
563.72,-10.314,-39.374,-132.62,-1.075,0.25368,-7.0602,-3.9447,1.0128,-2.9393,0.4857,-0.23419,-1.0533,NaN,NaN,NaN,NaN,NaN,NaN,NaN,NaN,NaN,45.72,0.024486,1296.9,0.0064211,NaN,NaN,NaN,NaN,15.812,97351,10.625,-1.4002,0.41559,-7.9027,-4.5348,0.77146,-2.8989,NaN,NaN,NaN,NaN,NaN
563.73,-10.319,-39.376,-132.62,-1.6269,0.3522,-8.705,-4.1527,-0.50741,-2.8671,0,0,0,NaN,NaN,NaN,NaN,NaN,NaN,NaN,NaN,NaN,45.72,0.024486,1296.9,0.0064211,NaN,NaN,NaN,NaN,NaN,-1,-1,-1.3978,0.41611,-7.9007,-4.5539,0.81148,-2.9087,NaN,NaN,NaN,NaN,NaN
563.73,-10.327,-39.369,-132.64,-1.2099,0.61784,-7.7673,-4.2595,1.9573,-2.7964,0,0,0,NaN,NaN,NaN,NaN,NaN,NaN,NaN,NaN,NaN,45.72,0.024486,1296.9,0.0064211,NaN,NaN,NaN,NaN,NaN,-1,-1,-1.4054,0.41563,-7.9178,-4.5775,0.74552,-2.9162,NaN,NaN,NaN,NaN,NaN
563.73,-10.332,-39.369,-132.65,-1.3486,-0.22434,-7.6107,-4.541,0.30097,-3.0915,0.46938,-0.23409,-1.057,NaN,NaN,NaN,NaN,NaN,NaN,NaN,NaN,NaN,45.72,0.024486,1296.9,0.0064211,NaN,NaN,NaN,NaN,15.839,97382,10.75,-1.4053,0.41631,-7.9221,-4.5875,0.79805,-2.9298,NaN,NaN,NaN,NaN,NaN
563.73,-10.338,-39.371,-132.66,-1.565,0.5488,-8.778,-4.9262,-0.31289,-2.9017,0,0,0,NaN,NaN,NaN,NaN,NaN,NaN,NaN,NaN,NaN,45.72,0.024486,1296.9,0.0064211,NaN,NaN,NaN,NaN,NaN,-1,-1,-1.404,0.41833,-7.9211,-4.5813,0.88658,-2.9302,NaN,NaN,NaN,NaN,NaN
563.74,-10.348,-39.362,-132.67,-1.2297,0.10815,-7.2994,-4.6427,1.6475,-2.9406,0,0,0,NaN,NaN,NaN,NaN,NaN,NaN,NaN,NaN,NaN,45.72,0.024486,1296.9,0.0064211,NaN,NaN,NaN,NaN,15.784,97370,10.625,-1.4051,0.41494,-7.9363,-4.5799,0.8685,-2.9401,NaN,NaN,NaN,NaN,NaN
563.74,-10.354,-39.364,-132.68,-1.2387,0.74808,-7.9819,-4.9238,-0.2725,-3.0393,0.47395,-0.23403,-1.0543,NaN,NaN,NaN,NaN,NaN,NaN,NaN,NaN,NaN,45.72,0.024486,1296.9,0.0064211,0.72872,2.6008,0.63473,0.092398,NaN,-1,-1,-1.4113,0.40945,-7.9525,-4.5999,0.87341,-2.9565,NaN,NaN,NaN,NaN,NaN
563.74,-10.359,-39.364,-132.69,-1.6497,0.395,-9.6668,-4.5167,0.20294,-3.0523,0,0,0,NaN,NaN,NaN,NaN,NaN,NaN,NaN,NaN,NaN,45.72,0.024486,1296.9,0.0064211,NaN,NaN,NaN,NaN,NaN,-1,-1,-1.4096,0.41472,-7.95,-4.6269,0.92266,-2.9503,NaN,NaN,NaN,NaN,NaN
563.74,-10.364,-39.356,-132.7,-1.5893,0.25709,-7.8431,-4.9723,3.4377,-2.8693,0,0,0,NaN,NaN,NaN,NaN,NaN,NaN,NaN,NaN,NaN,45.72,0.024486,1296.9,0.0064211,NaN,NaN,NaN,NaN,15.711,97417,10.813,-1.4126,0.41527,-7.945,-4.6729,0.99076,-2.9496,NaN,NaN,NaN,NaN,NaN
563.75,-10.369,-39.357,-132.71,-0.98158,0.49876,-6.5442,-4.6042,0.19824,-2.8865,0,0,0,NaN,NaN,NaN,NaN,NaN,NaN,NaN,NaN,NaN,45.72,0.024486,1296.9,0.0064211,NaN,NaN,NaN,NaN,NaN,-1,-1,-1.4154,0.41085,-7.9485,-4.7006,1.0363,-2.9595,NaN,NaN,NaN,NaN,NaN
563.75,-10.374,-39.361,-132.71,-1.7642,0.84587,-9.446,-4.3357,-1.3479,-2.9933,0.47865,-0.2341,-1.0539,NaN,NaN,NaN,NaN,NaN,NaN,NaN,NaN,NaN,45.72,0.024486,1296.9,0.0064211,NaN,NaN,NaN,NaN,NaN,-1,-1,-1.416,0.41799,-7.9585,-4.7053,0.99543,-2.9585,NaN,NaN,NaN,NaN,NaN
563.75,-10.378,-39.353,-132.72,-1.83,0.41368,-9.0959,-4.2731,3.7249,-2.8584,0,0,0,NaN,NaN,NaN,NaN,NaN,NaN,NaN,NaN,NaN,45.72,0.024486,1296.9,0.0064211,NaN,NaN,NaN,NaN,15.86,97388,10.688,-1.4201,0.42167,-7.9628,-4.7062,0.97119,-2.9646,NaN,NaN,NaN,NaN,NaN
563.75,-10.382,-39.35,-132.73,-0.61136,-0.12704,-6.5189,-4.6962,1.3694,-3.1754,0,0,0,NaN,NaN,NaN,NaN,NaN,NaN,NaN,NaN,NaN,45.72,0.024486,1296.9,0.0064211,0.73036,2.602,0.6329,0.099889,NaN,-1,-1,-1.4217,0.41415,-7.9662,-4.7358,1.0352,-2.9788,NaN,NaN,NaN,NaN,NaN
563.76,-10.39,-39.355,-132.74,-1.7659,0.29792,-8.972,-5.4261,-1.705,-3.0499,0,0,0,NaN,NaN,NaN,NaN,NaN,NaN,NaN,NaN,NaN,45.72,0.024486,1296.9,0.0064211,NaN,NaN,NaN,NaN,15.842,97429,10.938,-1.4241,0.42656,-7.9781,-4.775,1.1036,-2.9799,NaN,NaN,NaN,NaN,NaN
563.76,-10.394,-39.347,-132.75,-1.5126,1.154,-9.1829,-4.6713,3.8333,-2.9741,0.47193,-0.23185,-1.0589,NaN,NaN,NaN,NaN,NaN,NaN,NaN,NaN,NaN,45.72,0.024486,1296.9,0.0064211,NaN,NaN,NaN,NaN,NaN,-1,-1,-1.4294,0.43297,-7.99,-4.8129,1.0482,-2.9847,NaN,NaN,NaN,NaN,NaN
563.76,-10.399,-39.344,-132.76,-1.266,-0.15264,-6.7696,-4.6492,1.5415,-2.9653,0,0,0,NaN,NaN,NaN,NaN,NaN,NaN,NaN,NaN,NaN,45.72,0.024486,1296.9,0.0064211,NaN,NaN,NaN,NaN,NaN,-1,-1,-1.4261,0.42636,-7.9904,-4.8446,1.0872,-3.0122,NaN,NaN,NaN,NaN,NaN
563.76,-10.408,-39.348,-132.76,-1.2759,0.21235,-8.5072,-5.5212,-1.3209,-2.6844,0,0,0,NaN,NaN,NaN,NaN,NaN,NaN,NaN,NaN,NaN,45.72,0.024486,1296.9,0.0064211,NaN,NaN,NaN,NaN,16.089,97384,10.75,-1.429,0.42249,-7.9876,-4.8562,1.1419,-3.0298,NaN,NaN,NaN,NaN,NaN
563.77,-10.413,-39.342,-132.77,-1.6866,0.95157,-9.6537,-4.8912,2.6384,-2.7929,0,0,0,NaN,NaN,NaN,NaN,NaN,NaN,NaN,NaN,NaN,45.72,0.024486,1296.9,0.0064211,NaN,NaN,NaN,NaN,NaN,-1,-1,-1.4314,0.42734,-8.005,-4.8867,1.1157,-3.0328,NaN,NaN,NaN,NaN,NaN
563.77,-10.417,-39.335,-132.78,-1.229,0.13352,-6.8226,-4.6241,3.2991,-2.9834,0.47408,-0.23415,-1.0565,NaN,NaN,NaN,NaN,NaN,NaN,NaN,NaN,NaN,45.72,0.024486,1296.9,0.0064211,NaN,NaN,NaN,NaN,NaN,-1,-1,-1.4322,0.41512,-8.003,-4.8899,1.1425,-3.0459,NaN,NaN,NaN,NaN,NaN
563.77,-10.424,-39.338,-132.79,-1.1209,0.17202,-7.3096,-5.2422,-0.96274,-3.2003,0,0,0,NaN,NaN,NaN,NaN,NaN,NaN,NaN,NaN,NaN,45.72,0.024486,1296.9,0.0064211,NaN,NaN,NaN,NaN,15.942,97430,10.938,-1.4324,0.41862,-8.0182,-4.9269,1.1879,-3.0548,NaN,NaN,NaN,NaN,NaN
563.77,-10.43,-39.339,-132.8,-2.1337,0.24895,-9.5453,-5.115,-0.062223,-3.079,0,0,0,NaN,NaN,NaN,NaN,NaN,NaN,NaN,NaN,NaN,45.73,0,1329.8,0.0064211,NaN,NaN,NaN,NaN,NaN,-1,-1,-1.4364,0.42103,-8.0235,-4.9658,1.142,-3.0533,NaN,NaN,NaN,NaN,NaN
563.78,-10.435,-39.332,-132.81,-1.5986,1.1838,-8.6821,-5.0733,3.4498,-3.1061,0,0,0,NaN,NaN,NaN,NaN,NaN,NaN,NaN,NaN,NaN,45.73,0,1329.8,0.0064211,NaN,NaN,NaN,NaN,16.109,97411,10.75,-1.436,0.42162,-8.018,-4.9867,1.2132,-3.0521,NaN,NaN,NaN,NaN,NaN
563.78,-10.438,-39.331,-132.81,-0.97167,0.53139,-6.7946,-4.1066,0.86992,-3.2668,0.48832,-0.22956,-1.0553,NaN,NaN,NaN,NaN,NaN,NaN,NaN,NaN,NaN,45.73,0,1329.8,0.0064211,0.72598,2.4844,0.71749,0.043285,NaN,-1,-1,-1.44,0.42889,-8.0303,-5.0107,1.2712,-3.063,NaN,NaN,NaN,NaN,NaN
563.78,-10.444,-39.333,-132.82,-1.5233,0.44981,-9.0289,-4.9638,-0.55921,-3.16,0,0,0,NaN,NaN,NaN,NaN,NaN,NaN,NaN,NaN,NaN,45.73,0,1329.8,0.0064211,NaN,NaN,NaN,NaN,NaN,-1,-1,-1.4448,0.42854,-8.0374,-5.0378,1.3222,-3.0688,NaN,NaN,NaN,NaN,NaN
563.78,-10.448,-39.327,-132.83,-1.9907,0.24241,-8.7707,-4.4802,2.9796,-3.1429,0,0,0,NaN,NaN,NaN,NaN,NaN,NaN,NaN,NaN,NaN,45.73,0,1329.8,0.0064211,NaN,NaN,NaN,NaN,16.012,97376,10.688,-1.4421,0.42408,-8.0395,-5.053,1.346,-3.0707,NaN,NaN,NaN,NaN,NaN
563.79,-10.454,-39.322,-132.84,-0.89139,0.31755,-6.9249,-5.1377,2.3232,-2.9904,0,0,0,NaN,NaN,NaN,NaN,NaN,NaN,NaN,NaN,NaN,45.73,0,1329.8,0.0064211,NaN,NaN,NaN,NaN,NaN,-1,-1,-1.4453,0.4353,-8.0462,-5.0825,1.3234,-3.0725,NaN,NaN,NaN,NaN,NaN
563.79,-10.462,-39.326,-132.85,-1.4164,0.30008,-8.5034,-5.4977,-1.3984,-3.035,0.46436,-0.23618,-1.053,NaN,NaN,NaN,NaN,NaN,NaN,NaN,NaN,NaN,45.73,0,1329.8,0.0064211,NaN,NaN,NaN,NaN,NaN,-1,-1,-1.4462,0.42664,-8.0441,-5.0984,1.3063,-3.0805,NaN,NaN,NaN,NaN,NaN
563.79,-10.469,-39.321,-132.86,-1.821,0.18555,-9.308,-5.6947,2.4387,-3.0983,0,0,0,NaN,NaN,NaN,NaN,NaN,NaN,NaN,NaN,NaN,45.73,0,1329.8,0.0064211,NaN,NaN,NaN,NaN,16.11,97382,10.688,-1.4462,0.43381,-8.0585,-5.1001,1.3252,-3.0803,NaN,NaN,NaN,NaN,NaN
563.79,-10.475,-39.316,-132.87,-1.2974,0.31266,-7.6272,-5.5545,2.3641,-2.9885,0,0,0,NaN,NaN,NaN,NaN,NaN,NaN,NaN,NaN,NaN,45.73,0,1329.8,0.0064211,0.73693,2.6151,0.64872,0.0899,NaN,-1,-1,-1.4524,0.43779,-8.0583,-5.1038,1.3229,-3.0802,NaN,NaN,NaN,NaN,NaN
563.8,-10.482,-39.315,-132.88,-1.4207,0.76468,-6.6653,-5.3426,0.73425,-3.3141,0,0,0,NaN,NaN,NaN,NaN,NaN,NaN,NaN,NaN,NaN,45.73,0,1329.8,0.0064211,NaN,NaN,NaN,NaN,16.111,97403,10.75,-1.4461,0.43376,-8.0557,-5.1357,1.2588,-3.0957,NaN,NaN,NaN,NaN,NaN
563.8,-10.487,-39.317,-132.88,-1.5269,0.69478,-8.809,-4.7034,-0.40416,-3.2258,0.46716,-0.23418,-1.0594,NaN,NaN,NaN,NaN,NaN,NaN,NaN,NaN,NaN,45.73,0,1329.8,0.0064211,NaN,NaN,NaN,NaN,NaN,-1,-1,-1.453,0.43082,-8.0797,-5.1325,1.274,-3.1113,NaN,NaN,NaN,NaN,NaN
563.8,-10.492,-39.315,-132.89,-1.7,-0.16994,-8.8638,-5.0087,1.2908,-3.0124,0,0,0,NaN,NaN,NaN,NaN,NaN,NaN,NaN,NaN,NaN,45.73,0,1329.8,0.0064211,NaN,NaN,NaN,NaN,NaN,-1,-1,-1.4509,0.43134,-8.0771,-5.1595,1.3643,-3.1225,NaN,NaN,NaN,NaN,NaN
563.8,-10.498,-39.309,-132.9,-1.4604,0.57243,-7.8294,-5.3468,2.9911,-3.0752,0,0,0,NaN,NaN,NaN,NaN,NaN,NaN,NaN,NaN,NaN,45.73,0,1329.8,0.0064211,NaN,NaN,NaN,NaN,16.136,97378,10.688,-1.4572,0.42733,-8.0939,-5.1672,1.299,-3.1265,NaN,NaN,NaN,NaN,NaN
563.81,-10.505,-39.308,-132.91,-1.4716,0.72816,-7.4435,-5.3201,0.55812,-3.1842,0,0,0,NaN,NaN,NaN,NaN,NaN,NaN,NaN,NaN,NaN,45.73,0,1329.8,0.0064211,NaN,NaN,NaN,NaN,NaN,-1,-1,-1.4656,0.43324,-8.1091,-5.1764,1.2291,-3.1356,NaN,NaN,NaN,NaN,NaN
563.81,-10.515,-39.303,-132.93,-1.3015,0.92467,-7.9798,-4.829,1.565,-3.1427,0,0,0,NaN,NaN,NaN,NaN,NaN,NaN,NaN,NaN,NaN,45.73,0,1329.8,0.0064211,NaN,NaN,NaN,NaN,NaN,-1,-1,-1.4656,0.43309,-8.0939,-5.1743,1.3344,-3.1349,NaN,NaN,NaN,NaN,NaN
563.81,-10.521,-39.301,-132.94,-1.6087,0.53572,-8.2051,-5.0204,1.4448,-3.23,0,0,0,NaN,NaN,NaN,NaN,NaN,NaN,NaN,NaN,NaN,45.73,0,1329.8,0.0064211,NaN,NaN,NaN,NaN,16.232,97348,10.563,-1.4703,0.4358,-8.1332,-5.2,1.3266,-3.1423,NaN,NaN,NaN,NaN,NaN
563.81,-10.526,-39.298,-132.95,-1.3577,0.062091,-7.6848,-4.9122,1.3786,-3.2467,0,0,0,NaN,NaN,NaN,NaN,NaN,NaN,NaN,NaN,NaN,45.73,0,1329.8,0.0064211,NaN,NaN,NaN,NaN,NaN,-1,-1,-1.4731,0.43479,-8.1321,-5.2519,1.2441,-3.1528,NaN,NaN,NaN,NaN,NaN
563.82,-10.532,-39.297,-132.96,-1.621,0.65216,-8.5893,-5.287,1.0749,-3.0081,0.46952,-0.2293,-1.0569,NaN,NaN,NaN,NaN,NaN,NaN,NaN,NaN,NaN,45.73,0,1329.8,0.0064211,NaN,NaN,NaN,NaN,16.211,97394,10.75,-1.4712,0.42741,-8.1305,-5.2637,1.3559,-3.1559,NaN,NaN,NaN,NaN,NaN
563.82,-10.538,-39.292,-132.97,-1.6087,0.75558,-7.7266,-5.238,2.2835,-3.11,0,0,0,NaN,NaN,NaN,NaN,NaN,NaN,NaN,NaN,NaN,45.73,0,1329.8,0.0064211,0.73201,2.4808,0.7114,0.04828,NaN,-1,-1,-1.4725,0.42137,-8.1328,-5.2774,1.3349,-3.1585,NaN,NaN,NaN,NaN,NaN
563.82,-10.545,-39.29,-132.98,-1.2368,-0.27647,-7.9333,-5.5555,1.1047,-3.0886,0,0,0,NaN,NaN,NaN,NaN,NaN,NaN,NaN,NaN,NaN,45.73,0,1329.8,0.0064211,NaN,NaN,NaN,NaN,NaN,-1,-1,-1.4728,0.41415,-8.1343,-5.332,1.3012,-3.1494,NaN,NaN,NaN,NaN,NaN
563.82,-10.554,-39.29,-132.98,-1.4716,0.64768,-7.922,-6.006,0.51681,-3.0455,0,0,0,NaN,NaN,NaN,NaN,NaN,NaN,NaN,NaN,NaN,45.73,0,1329.8,0.0064211,NaN,NaN,NaN,NaN,16.381,97376,10.688,-1.4769,0.41769,-8.1491,-5.3354,1.3275,-3.1485,NaN,NaN,NaN,NaN,NaN
563.83,-10.559,-39.284,-132.99,-1.7254,0.62888,-9.4724,-5.176,2.6877,-2.8565,0.46541,-0.22732,-1.0662,NaN,NaN,NaN,NaN,NaN,NaN,NaN,NaN,NaN,45.73,0,1329.8,0.0064211,NaN,NaN,NaN,NaN,NaN,-1,-1,-1.4798,0.41895,-8.1546,-5.5286,1.4925,-3.2542,NaN,NaN,NaN,NaN,NaN
563.83,-10.565,-39.278,-133,-1.3701,0.084961,-6.1191,-5.4658,2.9232,-3.1588,0,0,0,NaN,NaN,NaN,NaN,NaN,NaN,NaN,NaN,NaN,45.73,0,1329.8,0.0064211,NaN,NaN,NaN,NaN,NaN,-1,-1,-1.4791,0.41951,-8.1597,-5.5211,1.4706,-3.2422,NaN,NaN,NaN,NaN,NaN
563.83,-10.573,-39.281,-133.01,-1.5527,0.24636,-7.9805,-5.6895,-0.81033,-3.3415,0,0,0,NaN,NaN,NaN,NaN,NaN,NaN,NaN,NaN,NaN,45.73,0,1329.8,0.0064211,0.74569,2.4803,0.71201,0.04828,16.21,97419,10.813,-1.4871,0.41969,-8.1528,-5.51,1.4262,-3.2318,NaN,NaN,NaN,NaN,NaN
563.83,-10.579,-39.278,-133.02,-1.9525,1.0026,-9.8513,-5.3662,1.5382,-3.1887,0,0,0,NaN,NaN,NaN,NaN,NaN,NaN,NaN,NaN,NaN,45.73,0,1329.8,0.0064211,NaN,NaN,NaN,NaN,NaN,-1,-1,-1.4823,0.41319,-8.1597,-5.4983,1.5631,-3.2101,NaN,NaN,NaN,NaN,NaN
563.84,-10.589,-39.269,-133.04,-1.1938,0.35796,-7.1417,-4.8533,0.75894,-3.2173,0,0,0,NaN,NaN,NaN,NaN,NaN,NaN,NaN,NaN,NaN,45.73,0,1329.8,0.0064211,NaN,NaN,NaN,NaN,16.231,97375,10.625,-1.4881,0.4234,-8.1664,-5.6436,1.6194,-3.3088,NaN,NaN,NaN,NaN,NaN
563.84,-10.595,-39.271,-133.05,-1.7979,1.0315,-8.9748,-5.2152,-0.35976,-3.2678,0,0,0,NaN,NaN,NaN,NaN,NaN,NaN,NaN,NaN,NaN,45.73,0,1329.8,0.0064211,NaN,NaN,NaN,NaN,NaN,-1,-1,-1.4877,0.41384,-8.1694,-5.5944,1.54,-3.2783,NaN,NaN,NaN,NaN,NaN
563.84,-10.599,-39.263,-133.06,-1.7845,0.50052,-9.1544,-4.7027,3.4897,-3.1898,0,0,0,NaN,NaN,NaN,NaN,NaN,NaN,NaN,NaN,NaN,45.73,0,1329.8,0.0064211,NaN,NaN,NaN,NaN,NaN,-1,-1,-1.4895,0.40671,-8.1586,-5.5107,1.5389,-3.2486,NaN,NaN,NaN,NaN,NaN
563.84,-10.605,-39.26,-133.07,-1.114,0.23865,-6.9865,-5.243,1.9963,-3.3084,0.4673,-0.22939,-1.0594,NaN,NaN,NaN,NaN,NaN,NaN,NaN,NaN,NaN,45.73,0,1329.8,0.0064211,0.73803,2.6276,0.65359,0.070755,16.256,97375,10.625,-1.4968,0.42153,-8.1689,-5.4764,1.5855,-3.2197,NaN,NaN,NaN,NaN,NaN
563.85,-10.613,-39.261,-133.08,-1.6175,0.25329,-8.2368,-6.1255,-0.013121,-3.4097,0,0,0,NaN,NaN,NaN,NaN,NaN,NaN,NaN,NaN,NaN,45.73,0,1329.8,0.0064211,NaN,NaN,NaN,NaN,NaN,-1,-1,-1.4975,0.4117,-8.1721,-5.4203,1.4834,-3.1863,NaN,NaN,NaN,NaN,NaN
563.85,-10.62,-39.256,-133.09,-1.851,0.79044,-8.9769,-5.9309,2.4519,-3.4844,0,0,0,NaN,NaN,NaN,NaN,NaN,NaN,NaN,NaN,NaN,45.73,0,1329.8,0.0064211,NaN,NaN,NaN,NaN,NaN,-1,-1,-1.4957,0.4061,-8.165,-5.3914,1.5295,-3.1669,NaN,NaN,NaN,NaN,NaN
563.85,-10.626,-39.251,-133.1,-1.3986,0.23696,-7.5543,-5.4339,2.5247,-3.1443,0,0,0,NaN,NaN,NaN,NaN,NaN,NaN,NaN,NaN,NaN,45.73,0,1329.8,0.0064211,NaN,NaN,NaN,NaN,16.335,97425,10.875,-1.4998,0.4129,-8.1853,-5.3641,1.5723,-3.1412,NaN,NaN,NaN,NaN,NaN
563.85,-10.634,-39.251,-133.11,-1.4288,0.35607,-7.582,-6.1379,0.36497,-3.153,0.45785,-0.22675,-1.058,-7.5712,-11.021,-10.617,17.073,40.057,-88.55,3.6777e+05,4.4353e+06,283.9,45.73,0,1329.8,0.0064211,NaN,NaN,NaN,NaN,NaN,-1,-1,-1.5063,0.4047,-8.173,-5.3674,1.6159,-3.1264,16.83,-2.8156,-0.57035,-1.941,-9.4921
563.86,-10.642,-39.248,-133.11,-1.9324,0.18205,-9.4819,-5.7839,1.3683,-3.0664,0,0,0,NaN,NaN,NaN,NaN,NaN,NaN,NaN,NaN,NaN,45.73,0,1329.8,0.0064211,NaN,NaN,NaN,NaN,16.43,97401,10.75,-1.5044,0.39399,-8.168,-5.3446,1.5388,-3.1198,NaN,NaN,NaN,NaN,NaN
563.86,-10.649,-39.242,-133.13,-1.347,0.6005,-8.0918,-6.08,3.1115,-3.2637,0,0,0,NaN,NaN,NaN,NaN,NaN,NaN,NaN,NaN,NaN,45.73,0,1329.8,0.0064211,0.72653,2.6008,0.63594,0.10488,NaN,-1,-1,-1.5053,0.40371,-8.1751,-5.3267,1.5611,-3.1147,NaN,NaN,NaN,NaN,NaN
563.86,-10.657,-39.239,-133.13,-1.3324,0.22065,-7.1887,-5.7695,1.4976,-3.2028,0,0,0,NaN,NaN,NaN,NaN,NaN,NaN,NaN,NaN,NaN,45.73,0,1329.8,0.0064211,NaN,NaN,NaN,NaN,NaN,-1,-1,-1.5058,0.40065,-8.1589,-5.3394,1.6681,-3.0949,NaN,NaN,NaN,NaN,NaN
563.86,-10.664,-39.237,-133.14,-1.813,0.54522,-8.7589,-5.9844,1.2897,-3.3505,0.46529,-0.22229,-1.0618,NaN,NaN,NaN,NaN,NaN,NaN,NaN,NaN,NaN,45.73,0,1329.8,0.0064211,NaN,NaN,NaN,NaN,16.453,97386,10.688,-1.5059,0.40318,-8.1517,-5.3613,1.6091,-3.087,NaN,NaN,NaN,NaN,NaN
563.87,-10.67,-39.231,-133.15,-1.6644,0.98376,-8.4764,-5.5124,2.7236,-3.4624,0,0,0,NaN,NaN,NaN,NaN,NaN,NaN,NaN,NaN,NaN,45.73,0,1329.8,0.0064211,NaN,NaN,NaN,NaN,NaN,-1,-1,-1.5109,0.39744,-8.156,-5.3683,1.6712,-3.0799,NaN,NaN,NaN,NaN,NaN
563.87,-10.676,-39.228,-133.16,-1.3679,0.67414,-7.8725,-5.4569,1.7275,-3.2916,0,0,0,NaN,NaN,NaN,NaN,NaN,NaN,NaN,NaN,NaN,45.73,0,1329.8,0.0064211,NaN,NaN,NaN,NaN,NaN,-1,-1,-1.5108,0.39537,-8.157,-5.3756,1.7347,-3.0835,NaN,NaN,NaN,NaN,NaN
563.87,-10.683,-39.226,-133.18,-1.6477,0.15839,-9.2951,-5.9381,1.4071,-3.4552,0,0,0,NaN,NaN,NaN,NaN,NaN,NaN,NaN,NaN,NaN,45.73,0,1329.8,0.0064211,0.78073,2.5017,0.70045,0.0091565,16.379,97413,10.75,-1.4983,0.39527,-8.0684,-5.397,1.7188,-3.099,NaN,NaN,NaN,NaN,NaN
563.87,-10.689,-39.218,-133.19,-1.6424,1.0233,-7.6891,-5.8428,3.6135,-3.4923,0.47188,-0.22443,-1.0545,NaN,NaN,NaN,NaN,NaN,NaN,NaN,NaN,NaN,45.73,0,1329.8,0.0064211,NaN,NaN,NaN,NaN,NaN,-1,-1,-1.5042,0.38613,-8.081,-5.4039,1.7541,-3.0979,NaN,NaN,NaN,NaN,NaN
563.88,-10.695,-39.217,-133.2,-1.3559,0.14993,-8.3833,-5.5162,1.0267,-3.5676,0,0,0,NaN,NaN,NaN,NaN,NaN,NaN,NaN,NaN,NaN,45.73,0,1329.8,0.0064211,NaN,NaN,NaN,NaN,16.377,97403,10.688,-1.5033,0.38718,-8.0792,-5.4325,1.846,-3.099,NaN,NaN,NaN,NaN,NaN
563.88,-10.713,-39.207,-133.22,-1.6097,0.58499,-8.731,-6.5347,3.143,-3.3939,0,0,0,NaN,NaN,NaN,NaN,NaN,NaN,NaN,NaN,NaN,45.73,0,1329.8,0.0064211,NaN,NaN,NaN,NaN,NaN,-1,-1,-1.5062,0.39234,-8.0786,-5.4773,1.8503,-3.1027,NaN,NaN,NaN,NaN,NaN
563.88,0,0,0,0,0,0,0,0,0,0,0,0,NaN,NaN,NaN,NaN,NaN,NaN,NaN,NaN,NaN,45.73,0,1329.8,0.0064211,NaN,NaN,NaN,NaN,NaN,-1,-1,-1.5032,0.3904,-8.0785,-5.5505,1.8559,-3.116,NaN,NaN,NaN,NaN,NaN
563.88,-10.721,-39.205,-133.23,-1.3352,0.77879,-8.2601,-6.0354,1.0613,-3.4054,0.46965,-0.22942,-1.0592,NaN,NaN,NaN,NaN,NaN,NaN,NaN,NaN,NaN,45.72,0,1372.6,0.0064211,0.79442,2.5208,0.70288,0.0041621,16.203,97399,10.625,-1.5049,0.39344,-8.0687,-5.6116,1.9563,-3.1116,NaN,NaN,NaN,NaN,NaN
563.89,-10.728,-39.201,-133.24,-1.6384,-0.4108,-8.1026,-6.1734,2.2289,-3.284,0,0,0,NaN,NaN,NaN,NaN,NaN,NaN,NaN,NaN,NaN,45.72,0,1372.6,0.0064211,NaN,NaN,NaN,NaN,NaN,-1,-1,-1.5113,0.39366,-8.0828,-5.667,2.021,-3.1245,NaN,NaN,NaN,NaN,NaN
563.89,-10.745,-39.195,-133.26,-1.5601,0.61246,-8.507,-6.3064,0.30831,-3.7144,0,0,0,NaN,NaN,NaN,NaN,NaN,NaN,NaN,NaN,NaN,45.72,0,1372.6,0.0064211,NaN,NaN,NaN,NaN,NaN,-1,-1,-1.5125,0.39238,-8.0751,-5.7573,2.0416,-3.1444,NaN,NaN,NaN,NaN,NaN
563.89,0,0,0,0,0,0,0,0,0,0,0,0,NaN,NaN,NaN,NaN,NaN,NaN,NaN,NaN,NaN,45.72,0,1372.6,0.0064211,NaN,NaN,NaN,NaN,16.64,97354,10.5,-1.5128,0.39482,-8.0671,-5.8443,2.0668,-3.1542,NaN,NaN,NaN,NaN,NaN
563.89,-10.752,-39.191,-133.27,-1.6921,0.20189,-9.4756,-6.0096,2.2721,-3.4794,0.46281,-0.22214,-1.0598,NaN,NaN,NaN,NaN,NaN,NaN,NaN,NaN,NaN,45.72,0,1372.6,0.0064211,NaN,NaN,NaN,NaN,NaN,-1,-1,-1.5162,0.39534,-8.0597,-5.8989,2.0364,-3.1776,NaN,NaN,NaN,NaN,NaN
563.9,-10.76,-39.182,-133.28,-1.4801,0.38395,-8.1267,-6.6739,3.7423,-3.5484,0,0,0,NaN,NaN,NaN,NaN,NaN,NaN,NaN,NaN,NaN,45.72,0,1372.6,0.0064211,NaN,NaN,NaN,NaN,16.427,97419,10.75,-1.5179,0.39625,-8.0501,-5.9611,2.0512,-3.1982,NaN,NaN,NaN,NaN,NaN
563.9,-10.775,-39.177,-133.3,-1.9216,0.040635,-8.7993,-5.9612,2.2381,-3.453,0,0,0,NaN,NaN,NaN,NaN,NaN,NaN,NaN,NaN,NaN,45.72,0,1372.6,0.0064211,0.73803,2.4922,0.7114,0.038291,NaN,-1,-1,-1.519,0.39211,-8.0492,-6.0115,2.1329,-3.22,NaN,NaN,NaN,NaN,NaN
563.9,-10.784,-39.171,-133.31,-1.1576,0.097592,-8.4349,-7.2495,2.9632,-3.7141,0.46268,-0.22693,-1.0598,NaN,NaN,NaN,NaN,NaN,NaN,NaN,NaN,NaN,45.72,0,1372.6,0.0064211,NaN,NaN,NaN,NaN,NaN,-1,-1,-1.5357,0.39548,-8.1256,-6.0727,2.0968,-3.2512,NaN,NaN,NaN,NaN,NaN
563.9,-10.803,-39.165,-133.33,-1.4195,0.018855,-9.3033,-7.079,2.3656,-3.4458,0,0,0,NaN,NaN,NaN,NaN,NaN,NaN,NaN,NaN,NaN,45.72,0,1372.6,0.0064211,NaN,NaN,NaN,NaN,16.621,97410,10.75,-1.5374,0.39412,-8.1169,-6.1645,2.129,-3.2801,NaN,NaN,NaN,NaN,NaN
563.91,-10.813,-39.16,-133.35,-1.6773,0.099294,-8.4325,-7.3377,2.7771,-3.5921,0,0,0,NaN,NaN,NaN,NaN,NaN,NaN,NaN,NaN,NaN,45.72,0,1372.6,0.0064211,NaN,NaN,NaN,NaN,NaN,-1,-1,-1.5342,0.39726,-8.1082,-6.2459,2.2085,-3.3227,NaN,NaN,NaN,NaN,NaN
563.91,-10.811,-39.144,-133.38,-1.7111,0.32923,-9.5511,-6.5432,1.1886,-3.7038,0,0,0,NaN,NaN,NaN,NaN,NaN,NaN,NaN,NaN,NaN,45.72,0,1372.6,0.0064211,0.73858,2.6121,0.65359,0.067425,NaN,-1,-1,-1.5384,0.40192,-8.1182,-6.3007,2.2411,-3.3503,NaN,NaN,NaN,NaN,NaN
563.91,-10.82,-39.136,-133.4,-1.7343,0.054842,-7.9624,-6.8517,3.4819,-3.496,0,0,0,NaN,NaN,NaN,NaN,NaN,NaN,NaN,NaN,NaN,45.72,0,1372.6,0.0064211,NaN,NaN,NaN,NaN,16.377,97424,10.75,-1.5548,0.40284,-8.1926,-6.4064,2.2287,-3.3823,NaN,NaN,NaN,NaN,NaN
563.91,-10.83,-39.132,-133.41,-1.2992,0.71608,-8.8405,-7.1984,2.1766,-3.2785,0,0,0,NaN,NaN,NaN,NaN,NaN,NaN,NaN,NaN,NaN,45.72,0,1372.6,0.0064211,NaN,NaN,NaN,NaN,NaN,-1,-1,-1.5517,0.40319,-8.1867,-6.5051,2.2772,-3.4027,NaN,NaN,NaN,NaN,NaN
563.92,-10.839,-39.13,-133.42,-1.8954,0.62237,-8.6891,-6.8573,1.4537,-3.8381,0.46798,-0.21527,-1.0637,NaN,NaN,NaN,NaN,NaN,NaN,NaN,NaN,NaN,45.72,0,1372.6,0.0064211,NaN,NaN,NaN,NaN,16.621,97432,10.813,-1.5621,0.39506,-8.2172,-6.6268,2.3766,-3.4375,NaN,NaN,NaN,NaN,NaN
563.92,-10.847,-39.121,-133.43,-1.5387,0.15018,-8.8908,-6.7662,4.2447,-3.7088,0,0,0,NaN,NaN,NaN,NaN,NaN,NaN,NaN,NaN,NaN,45.72,0,1372.6,0.0064211,NaN,NaN,NaN,NaN,NaN,-1,-1,-1.5605,0.40291,-8.205,-6.7242,2.3741,-3.4598,NaN,NaN,NaN,NaN,NaN
563.92,-10.855,-39.118,-133.44,-1.2757,0.41234,-7.3322,-6.8516,1.7468,-3.7592,0,0,0,NaN,NaN,NaN,NaN,NaN,NaN,NaN,NaN,NaN,45.72,0,1372.6,0.0064211,0.79113,2.5101,0.71019,0.017481,NaN,-1,-1,-1.5664,0.39108,-8.2305,-6.8419,2.3915,-3.4922,NaN,NaN,NaN,NaN,NaN
563.92,-10.865,-39.115,-133.45,-1.9441,0.81559,-9.566,-7.1615,1.4822,-3.6259,0,0,0,NaN,NaN,NaN,NaN,NaN,NaN,NaN,NaN,NaN,45.72,0,1372.6,0.0064211,0.79113,2.5101,0.71019,0.017481,16.475,97398,10.688,-1.5681,0.39115,-8.224,-6.929,2.4657,-3.5263,NaN,NaN,NaN,NaN,NaN
563.93,-10.874,-39.107,-133.46,-1.3927,-0.13197,-8.5312,-6.7331,3.9009,-3.3554,0.47001,-0.21255,-1.0569,NaN,NaN,NaN,NaN,NaN,NaN,NaN,NaN,NaN,45.72,0,1372.6,0.0064211,NaN,NaN,NaN,NaN,NaN,-1,-1,-1.5704,0.39838,-8.2277,-7.0029,2.4949,-3.554,NaN,NaN,NaN,NaN,NaN
563.93,-10.884,-39.103,-133.47,-1.636,0.37408,-7.9629,-7.7172,2.1978,-3.6536,0,0,0,NaN,NaN,NaN,NaN,NaN,NaN,NaN,NaN,NaN,45.72,0,1372.6,0.0064211,NaN,NaN,NaN,NaN,NaN,-1,-1,-1.5736,0.38993,-8.2447,-7.097,2.5262,-3.5924,NaN,NaN,NaN,NaN,NaN
563.93,-10.894,-39.1,-133.48,-1.751,0.84556,-8.9018,-7.261,1.6932,-3.7556,0,0,0,NaN,NaN,NaN,NaN,NaN,NaN,NaN,NaN,NaN,45.72,0,1372.6,0.0064211,NaN,NaN,NaN,NaN,16.595,97402,10.688,-1.5803,0.40319,-8.2623,-7.1726,2.5916,-3.6409,NaN,NaN,NaN,NaN,NaN
563.93,-10.904,-39.093,-133.5,-1.7129,0.3728,-8.9556,-7.3059,3.2265,-3.7313,0,0,0,NaN,NaN,NaN,NaN,NaN,NaN,NaN,NaN,NaN,45.72,0,1372.6,0.0064211,NaN,NaN,NaN,NaN,NaN,-1,-1,-1.5826,0.40595,-8.2635,-7.2177,2.6004,-3.6866,NaN,NaN,NaN,NaN,NaN
563.94,-10.913,-39.088,-133.51,-1.3501,0.22554,-7.9888,-7.1769,2.5769,-3.4288,0.46536,-0.2199,-1.0618,NaN,NaN,NaN,NaN,NaN,NaN,NaN,NaN,NaN,45.72,0,1372.6,0.0064211,0.79059,2.5119,0.70654,0.021643,16.744,97432,10.875,-1.5823,0.39571,-8.2605,-7.2922,2.6789,-3.7369,NaN,NaN,NaN,NaN,NaN
563.94,-10.922,-39.085,-133.52,-1.5488,0.30243,-8.5519,-6.8714,1.9026,-3.7697,0,0,0,NaN,NaN,NaN,NaN,NaN,NaN,NaN,NaN,NaN,45.72,0,1372.6,0.0064211,0.79059,2.5119,0.70654,0.021643,NaN,-1,-1,-1.5891,0.40395,-8.2816,-7.1418,2.6512,-3.6599,NaN,NaN,NaN,NaN,NaN
563.94,-10.932,-39.077,-133.53,-1.9038,0.048111,-8.2555,-7.455,3.5797,-3.5743,0,0,0,NaN,NaN,NaN,NaN,NaN,NaN,NaN,NaN,NaN,45.72,0,1372.6,0.0064211,NaN,NaN,NaN,NaN,NaN,-1,-1,-1.5942,0.40237,-8.2967,-7.1709,2.6184,-3.678,NaN,NaN,NaN,NaN,NaN
563.94,-10.941,-39.076,-133.54,-1.4692,0.40314,-8.8638,-6.7819,1.0432,-3.6028,0,0,0,NaN,NaN,NaN,NaN,NaN,NaN,NaN,NaN,NaN,45.72,0,1372.6,0.0064211,NaN,NaN,NaN,NaN,16.571,97406,10.688,-1.5975,0.39956,-8.2913,-7.212,2.6708,-3.6951,NaN,NaN,NaN,NaN,NaN
563.95,-10.949,-39.07,-133.55,-1.8353,0.5551,-8.6693,-6.586,2.8894,-3.8338,0.46066,-0.21984,-1.0622,NaN,NaN,NaN,NaN,NaN,NaN,NaN,NaN,NaN,45.72,0,1372.6,0.0064211,NaN,NaN,NaN,NaN,NaN,-1,-1,-1.6002,0.39454,-8.3021,-7.2553,2.6213,-3.731,NaN,NaN,NaN,NaN,NaN
563.95,-10.958,-39.062,-133.56,-1.6653,0.424,-8.1122,-6.9869,3.8796,-3.5054,0,0,0,NaN,NaN,NaN,NaN,NaN,NaN,NaN,NaN,NaN,45.72,0,1372.6,0.0064211,0.7227,2.6055,0.63899,0.084906,NaN,-1,-1,-1.6073,0.40062,-8.3085,-7.0734,2.5519,-3.6267,NaN,NaN,NaN,NaN,NaN
563.95,-10.967,-39.06,-133.57,-1.5363,1.2011,-8.5669,-7.0899,1.0825,-3.68,0,0,0,NaN,NaN,NaN,NaN,NaN,NaN,NaN,NaN,NaN,45.72,0,1372.6,0.0064211,NaN,NaN,NaN,NaN,16.616,97377,10.563,-1.6093,0.40128,-8.3165,-7.0282,2.6231,-3.6216,NaN,NaN,NaN,NaN,NaN
563.95,-10.976,-39.055,-133.59,-2.0736,0.57886,-9.5972,-6.8423,2.7648,-3.6129,0,0,0,NaN,NaN,NaN,NaN,NaN,NaN,NaN,NaN,NaN,45.72,0,1372.6,0.0064211,NaN,NaN,NaN,NaN,NaN,-1,-1,-1.6101,0.40171,-8.3198,-7.0356,2.6478,-3.6194,NaN,NaN,NaN,NaN,NaN
563.96,-10.984,-39.043,-133.6,-1.0893,-0.34796,-8.3362,-6.9424,5.3653,-3.469,0.4677,-0.22484,-1.0638,NaN,NaN,NaN,NaN,NaN,NaN,NaN,NaN,NaN,45.72,0,1372.6,0.0064211,NaN,NaN,NaN,NaN,16.669,97412,10.75,-1.6164,0.39911,-8.3258,-6.9758,2.5991,-3.6095,NaN,NaN,NaN,NaN,NaN
563.96,-10.993,-39.041,-133.61,-1.8516,0.89475,-7.5276,-6.9396,1.313,-3.6932,0,0,0,NaN,NaN,NaN,NaN,NaN,NaN,NaN,NaN,NaN,45.72,0,1372.6,0.0064211,NaN,NaN,NaN,NaN,NaN,-1,-1,-1.6207,0.40256,-8.33,-6.9507,2.7195,-3.605,NaN,NaN,NaN,NaN,NaN
563.96,-11.003,-39.037,-133.62,-1.6465,-0.19743,-9.6348,-7.1848,2.0223,-3.4261,0,0,0,NaN,NaN,NaN,NaN,NaN,NaN,NaN,NaN,NaN,45.72,0,1372.6,0.0064211,NaN,NaN,NaN,NaN,NaN,-1,-1,-1.6273,0.40307,-8.3555,-6.9081,2.6954,-3.6045,NaN,NaN,NaN,NaN,NaN
563.96,-11.014,-39.029,-133.63,-1.5063,-0.13935,-8.9572,-7.5914,3.7117,-3.5503,0,0,0,NaN,NaN,NaN,NaN,NaN,NaN,NaN,NaN,NaN,45.72,0,1372.6,0.0064211,NaN,NaN,NaN,NaN,16.714,97411,10.688,-1.631,0.40458,-8.3485,-6.8841,2.7427,-3.5976,NaN,NaN,NaN,NaN,NaN
563.97,-11.023,-39.023,-133.64,-1.4714,1.036,-7.541,-6.8504,2.9667,-3.4087,0.47013,-0.21757,-1.0613,NaN,NaN,NaN,NaN,NaN,NaN,NaN,NaN,NaN,45.72,0,1372.6,0.0064211,NaN,NaN,NaN,NaN,NaN,-1,-1,-1.63,0.41285,-8.349,-6.8294,2.755,-3.6068,NaN,NaN,NaN,NaN,NaN
563.97,-11.031,-39.02,-133.65,-1.7409,0.67017,-8.5696,-6.7124,1.8651,-3.6453,0,0,0,NaN,NaN,NaN,NaN,NaN,NaN,NaN,NaN,NaN,45.72,0,1372.6,0.0064211,NaN,NaN,NaN,NaN,NaN,-1,-1,-1.6339,0.41357,-8.3574,-6.7726,2.7924,-3.6114,NaN,NaN,NaN,NaN,NaN
563.97,-11.039,-39.016,-133.66,-2.0717,-0.046315,-9.0502,-6.2513,2.0016,-3.3927,0,0,0,NaN,NaN,NaN,NaN,NaN,NaN,NaN,NaN,NaN,45.72,0,1372.6,0.0064211,NaN,NaN,NaN,NaN,16.855,97418,10.688,-1.6362,0.40868,-8.3639,-6.7057,2.7878,-3.5956,NaN,NaN,NaN,NaN,NaN
563.97,-11.047,-39.008,-133.67,-1.4764,1.0752,-9.1496,-6.5746,3.5471,-3.7087,0,0,0,NaN,NaN,NaN,NaN,NaN,NaN,NaN,NaN,NaN,45.72,0,1372.6,0.0064211,0.73365,2.6085,0.65177,0.079911,NaN,-1,-1,-1.639,0.40624,-8.359,-6.6641,2.8608,-3.5975,NaN,NaN,NaN,NaN,NaN
563.98,-11.053,-39.003,-133.68,-1.4089,0.1927,-7.473,-6.0485,2.7214,-3.5834,0.45831,-0.21981,-1.0624,NaN,NaN,NaN,NaN,NaN,NaN,NaN,NaN,NaN,45.72,0,1372.6,0.0064211,NaN,NaN,NaN,NaN,16.641,97417,10.688,-1.6403,0.409,-8.3707,-6.611,2.8601,-3.5953,NaN,NaN,NaN,NaN,NaN
563.98,-11.06,-38.998,-133.7,-2.1221,0.49348,-8.7242,-6.3018,2.4359,-3.6995,0,0,0,NaN,NaN,NaN,NaN,NaN,NaN,NaN,NaN,NaN,45.72,0,1372.6,0.0064211,NaN,NaN,NaN,NaN,NaN,-1,-1,-1.6435,0.40924,-8.3708,-6.5323,2.8809,-3.5814,NaN,NaN,NaN,NaN,NaN
563.98,-11.068,-38.993,-133.71,-1.3942,0.43886,-8.319,-6.4216,2.8192,-3.7859,0,0,0,NaN,NaN,NaN,NaN,NaN,NaN,NaN,NaN,NaN,45.72,0,1372.6,0.0064211,NaN,NaN,NaN,NaN,NaN,-1,-1,-1.6465,0.40946,-8.3758,-6.4697,2.912,-3.5784,NaN,NaN,NaN,NaN,NaN
563.98,-11.075,-38.988,-133.72,-1.6408,0.40549,-8.4015,-6.0971,2.306,-3.6919,0,0,0,NaN,NaN,NaN,NaN,NaN,NaN,NaN,NaN,NaN,45.72,0,1372.6,0.0064211,NaN,NaN,NaN,NaN,16.836,97435,10.813,-1.6483,0.41662,-8.385,-6.3817,2.9969,-3.556,NaN,NaN,NaN,NaN,NaN
563.99,-11.082,-38.981,-133.73,-1.4896,0.48266,-9.2167,-6.392,3.6538,-3.473,0.46536,-0.2199,-1.0618,NaN,NaN,NaN,NaN,NaN,NaN,NaN,NaN,NaN,45.72,0,1372.6,0.0064211,NaN,NaN,NaN,NaN,NaN,-1,-1,-1.6503,0.41724,-8.3845,-6.3007,3.0398,-3.5503,NaN,NaN,NaN,NaN,NaN
563.99,-11.098,-38.969,-133.75,-1.8052,0.14627,-8.7605,-6.8427,2.9452,-3.6928,0,0,0,NaN,NaN,NaN,NaN,NaN,NaN,NaN,NaN,NaN,45.72,0,1372.6,0.0064211,0.80318,2.5226,0.70654,0.0074917,NaN,-1,-1,-1.6527,0.42417,-8.4003,-6.2077,2.9312,-3.5402,NaN,NaN,NaN,NaN,NaN
563.99,-11.107,-38.963,-133.77,-1.4523,0.36682,-8.1272,-6.9765,3.0267,-3.4226,0,0,0,NaN,NaN,NaN,NaN,NaN,NaN,NaN,NaN,NaN,45.72,0,1372.6,0.0064211,NaN,NaN,NaN,NaN,16.81,97443,10.813,-1.6597,0.42439,-8.4081,-6.1372,2.9739,-3.5305,NaN,NaN,NaN,NaN,NaN
563.99,-11.115,-38.957,-133.78,-1.7767,0.76431,-7.7319,-6.4996,2.9923,-3.4474,0.46294,-0.22226,-1.062,NaN,NaN,NaN,NaN,NaN,NaN,NaN,NaN,NaN,45.73,0,1419.8,0.0058767,NaN,NaN,NaN,NaN,NaN,-1,-1,-1.661,0.4191,-8.3928,-6.0427,2.9183,-3.5106,NaN,NaN,NaN,NaN,NaN
564,-11.129,-38.944,-133.8,-1.6487,0.2106,-7.7202,-6.3256,3.9949,-3.6191,0,0,0,NaN,NaN,NaN,NaN,NaN,NaN,NaN,NaN,NaN,45.73,0,1419.8,0.0058767,NaN,NaN,NaN,NaN,16.857,97428,10.75,-1.6588,0.43049,-8.3933,-5.9379,2.94,-3.5023,NaN,NaN,NaN,NaN,NaN
564,-11.136,-38.939,-133.81,-1.528,0.54192,-8.837,-5.865,2.5783,-3.5061,0,0,0,NaN,NaN,NaN,NaN,NaN,NaN,NaN,NaN,NaN,45.73,0,1419.8,0.0058767,NaN,NaN,NaN,NaN,NaN,-1,-1,-1.6676,0.42988,-8.4236,-5.8515,3.0475,-3.4846,NaN,NaN,NaN,NaN,NaN
564,-11.142,-38.932,-133.82,-2.0431,0.63159,-8.269,-5.6552,3.5219,-3.3559,0.45865,-0.21274,-1.0646,NaN,NaN,NaN,NaN,NaN,NaN,NaN,NaN,NaN,45.73,0,1419.8,0.0058767,NaN,NaN,NaN,NaN,NaN,-1,-1,-1.6658,0.42023,-8.4114,-5.7407,2.913,-3.4738,NaN,NaN,NaN,NaN,NaN
564,-11.146,-38.925,-133.83,-1.5267,0.25312,-7.8479,-5.0162,3.4404,-3.4337,0,0,0,NaN,NaN,NaN,NaN,NaN,NaN,NaN,NaN,NaN,45.73,0,1419.8,0.0058767,0.72598,2.6014,0.63655,0.091565,16.831,97396,10.625,-1.6626,0.42697,-8.3992,-5.6278,2.9929,-3.4607,NaN,NaN,NaN,NaN,NaN
564.01,-11.153,-38.923,-133.84,-1.664,1.2343,-9.1973,-5.8327,1.066,-3.5228,0,0,0,NaN,NaN,NaN,NaN,NaN,NaN,NaN,NaN,NaN,45.73,0,1419.8,0.0058767,NaN,NaN,NaN,NaN,NaN,-1,-1,-1.6695,0.4275,-8.4241,-5.5248,3.0865,-3.4532,NaN,NaN,NaN,NaN,NaN
564.01,-11.155,-38.915,-133.85,-2.2021,0.79358,-9.1605,-4.4938,3.9579,-3.472,0,0,0,NaN,NaN,NaN,NaN,NaN,NaN,NaN,NaN,NaN,45.73,0,1419.8,0.0058767,NaN,NaN,NaN,NaN,16.86,97451,10.875,-1.6689,0.43651,-8.4085,-5.4181,2.9845,-3.438,NaN,NaN,NaN,NaN,NaN
564.01,-11.159,-38.903,-133.86,-1.2231,0.21002,-7.9137,-5.3163,5.1167,-3.5737,0.45883,-0.22029,-1.0712,NaN,NaN,NaN,NaN,NaN,NaN,NaN,NaN,NaN,45.73,0,1419.8,0.0058767,NaN,NaN,NaN,NaN,NaN,-1,-1,-1.6755,0.43197,-8.4074,-5.3072,2.9871,-3.4329,NaN,NaN,NaN,NaN,NaN
564.01,-11.165,-38.903,-133.88,-1.5948,0.036157,-7.4496,-5.2486,0.80902,-3.6849,0,0,0,NaN,NaN,NaN,NaN,NaN,NaN,NaN,NaN,NaN,45.73,0,1419.8,0.0058767,0.72598,2.596,0.63716,0.10072,16.879,97417,10.688,-1.6748,0.43831,-8.4289,-5.1743,3.1397,-3.4146,NaN,NaN,NaN,NaN,NaN
564.02,-11.17,-38.893,-133.89,-1.8711,0.32315,-9.6644,-5.4401,4.502,-3.2746,0,0,0,NaN,NaN,NaN,NaN,NaN,NaN,NaN,NaN,NaN,45.73,0,1419.8,0.0058767,NaN,NaN,NaN,NaN,NaN,-1,-1,-1.6847,0.44625,-8.442,-5.0332,3.0796,-3.4015,NaN,NaN,NaN,NaN,NaN
564.02,-11.174,-38.887,-133.9,-1.7986,-0.19326,-7.3989,-4.9757,2.9597,-3.5646,0,0,0,NaN,NaN,NaN,NaN,NaN,NaN,NaN,NaN,NaN,45.73,0,1419.8,0.0058767,NaN,NaN,NaN,NaN,NaN,-1,-1,-1.6831,0.44437,-8.4191,-4.9455,3.1007,-3.3842,NaN,NaN,NaN,NaN,NaN
564.02,-11.178,-38.882,-133.91,-1.4891,0.84471,-8.9368,-4.8309,2.2012,-3.1614,0.45859,-0.21023,-1.0624,NaN,NaN,NaN,NaN,NaN,NaN,NaN,NaN,NaN,45.73,0,1419.8,0.0058767,NaN,NaN,NaN,NaN,16.83,97403,10.625,-1.6892,0.4465,-8.4284,-4.8566,3.1632,-3.3635,NaN,NaN,NaN,NaN,NaN
564.02,-11.183,-38.874,-133.92,-1.786,0.25511,-8.6806,-4.8841,3.6851,-2.9918,0,0,0,NaN,NaN,NaN,NaN,NaN,NaN,NaN,NaN,NaN,45.73,0,1419.8,0.0058767,NaN,NaN,NaN,NaN,NaN,-1,-1,-1.6937,0.44555,-8.4438,-4.7682,3.1982,-3.3448,NaN,NaN,NaN,NaN,NaN
564.03,-11.188,-38.866,-133.93,-1.6413,0.32486,-7.4443,-5.3703,3.8598,-3.2461,0,0,0,NaN,NaN,NaN,NaN,NaN,NaN,NaN,NaN,NaN,45.73,0,1419.8,0.0058767,0.72872,2.6145,0.63412,0.10322,17.042,97447,10.75,-1.69,0.44981,-8.4465,-4.699,3.1148,-3.3322,NaN,NaN,NaN,NaN,NaN
564.03,-11.192,-38.866,-133.94,-1.8896,1.4497,-9.035,-4.0304,0.45029,-3.2077,0,0,0,NaN,NaN,NaN,NaN,NaN,NaN,NaN,NaN,NaN,45.73,0,1419.8,0.0058767,NaN,NaN,NaN,NaN,NaN,-1,-1,-1.6923,0.44407,-8.4234,-4.588,3.1146,-3.3148,NaN,NaN,NaN,NaN,NaN
564.03,-11.193,-38.853,-133.95,-2.0032,0.31996,-8.2422,-3.8561,5.4886,-3.1765,0.46066,-0.21984,-1.0622,NaN,NaN,NaN,NaN,NaN,NaN,NaN,NaN,NaN,45.73,0,1419.8,0.0058767,NaN,NaN,NaN,NaN,NaN,-1,-1,-1.6936,0.44553,-8.4419,-4.4774,3.224,-3.2992,NaN,NaN,NaN,NaN,NaN
564.03,-11.195,-38.848,-133.96,-1.446,-0.50011,-7.9592,-4.3359,2.6651,-3.5883,0,0,0,NaN,NaN,NaN,NaN,NaN,NaN,NaN,NaN,NaN,45.73,0,1419.8,0.0058767,NaN,NaN,NaN,NaN,17.091,97416,10.688,-1.6986,0.4437,-8.4464,-4.3619,3.0943,-3.2831,NaN,NaN,NaN,NaN,NaN
564.04,-11.198,-38.845,-133.97,-1.8168,1.3886,-8.6382,-3.8714,1.6631,-3.1314,0,0,0,NaN,NaN,NaN,NaN,NaN,NaN,NaN,NaN,NaN,45.73,0,1419.8,0.0058767,NaN,NaN,NaN,NaN,NaN,-1,-1,-1.6976,0.45241,-8.4405,-4.242,3.1046,-3.2744,NaN,NaN,NaN,NaN,NaN
564.04,-11.201,-38.828,-133.99,-1.4889,-0.12728,-7.0603,-3.8751,2.2445,-3.3768,0.44476,-0.21028,-1.068,NaN,NaN,NaN,NaN,NaN,NaN,NaN,NaN,NaN,45.73,0,1419.8,0.0058767,0.73036,2.6002,0.64751,0.091565,NaN,-1,-1,-1.7048,0.45098,-8.4603,-4.14,3.1513,-3.2838,NaN,NaN,NaN,NaN,NaN
564.04,-11.205,-38.825,-134,-1.6765,0.55375,-9.7592,-4.4739,1.6533,-3.1153,0,0,0,NaN,NaN,NaN,NaN,NaN,NaN,NaN,NaN,NaN,45.73,0,1419.8,0.0058767,NaN,NaN,NaN,NaN,17.091,97415,10.688,-1.7142,0.45283,-8.4764,-4.0405,3.0747,-3.2743,NaN,NaN,NaN,NaN,NaN
564.04,-11.207,-38.813,-134.01,-2.1868,1.1442,-8.0836,-4.3515,5.6707,-3.3333,0,0,0,NaN,NaN,NaN,NaN,NaN,NaN,NaN,NaN,NaN,45.73,0,1419.8,0.0058767,NaN,NaN,NaN,NaN,NaN,-1,-1,-1.7077,0.4653,-8.434,-3.949,3.1292,-3.2728,NaN,NaN,NaN,NaN,NaN
564.05,-11.208,-38.807,-134.02,-1.2056,-0.036271,-7.5994,-3.5763,2.9006,-3.3127,0,0,0,NaN,NaN,NaN,NaN,NaN,NaN,NaN,NaN,NaN,45.73,0,1419.8,0.0058767,NaN,NaN,NaN,NaN,17.091,97433,10.75,-1.7102,0.46585,-8.4402,-3.8912,3.1092,-3.2812,NaN,NaN,NaN,NaN,NaN
564.05,-11.212,-38.793,-134.04,-1.9751,0.71983,-8.8374,-4.0125,5.476,-3.2993,0,0,0,NaN,NaN,NaN,NaN,NaN,NaN,NaN,NaN,NaN,45.73,0,1419.8,0.0058767,NaN,NaN,NaN,NaN,NaN,-1,-1,-1.7184,0.45339,-8.4616,-3.8669,3.0762,-3.2833,NaN,NaN,NaN,NaN,NaN
564.05,-11.214,-38.788,-134.05,-1.1558,0.21467,-7.8278,-3.8742,2.5766,-3.2744,0,0,0,NaN,NaN,NaN,NaN,NaN,NaN,NaN,NaN,NaN,45.73,0,1419.8,0.0058767,0.7342,2.6151,0.64264,0.083241,NaN,-1,-1,-1.7157,0.46242,-8.4564,-3.817,3.1711,-3.2803,NaN,NaN,NaN,NaN,NaN
564.05,-11.216,-38.786,-134.06,-2.0742,0.41044,-8.7878,-3.8059,1.4324,-3.375,0,0,0,NaN,NaN,NaN,NaN,NaN,NaN,NaN,NaN,NaN,45.73,0,1419.8,0.0058767,0.7342,2.6151,0.64264,0.083241,16.972,97406,10.625,-1.7136,0.47221,-8.442,-3.8015,3.186,-3.2818,NaN,NaN,NaN,NaN,NaN
564.06,-11.216,-38.771,-134.08,-1.9475,0.66515,-8.4616,-3.7765,6.1815,-3.1827,0.45148,-0.21253,-1.063,NaN,NaN,NaN,NaN,NaN,NaN,NaN,NaN,NaN,45.73,0,1419.8,0.0058767,NaN,NaN,NaN,NaN,NaN,-1,-1,-1.7176,0.46534,-8.4416,-3.7707,3.1144,-3.2853,NaN,NaN,NaN,NaN,NaN
564.06,-11.217,-38.769,-134.09,-1.4417,0.69921,-6.9794,-3.45,1.5772,-3.5184,0,0,0,NaN,NaN,NaN,NaN,NaN,NaN,NaN,NaN,NaN,45.73,0,1419.8,0.0058767,NaN,NaN,NaN,NaN,NaN,-1,-1,-1.719,0.46626,-8.4577,-3.741,3.2344,-3.2762,NaN,NaN,NaN,NaN,NaN
564.06,-11.219,-38.765,-134.1,-1.9189,0.86567,-9.8571,-3.3704,1.9726,-3.0319,0,0,0,NaN,NaN,NaN,NaN,NaN,NaN,NaN,NaN,NaN,45.73,0,1419.8,0.0058767,NaN,NaN,NaN,NaN,17.276,97444,10.75,-1.7233,0.47065,-8.445,-3.6831,3.2324,-3.282,NaN,NaN,NaN,NaN,NaN
564.06,-11.218,-38.754,-134.11,-2.0109,0.63498,-9.0951,-3.4967,5.0312,-3.4251,0,0,0,NaN,NaN,NaN,NaN,NaN,NaN,NaN,NaN,NaN,45.73,0,1419.8,0.0058767,0.79442,2.5113,0.71566,0.010821,17.275,97424,10.688,-1.722,0.46233,-8.4519,-3.6815,3.2542,-3.2717,NaN,NaN,NaN,NaN,NaN
564.07,-11.219,-38.746,-134.12,-1.4709,0.059238,-7.5061,-3.3013,3.6214,-3.0597,0.45663,-0.21056,-1.0692,NaN,NaN,NaN,NaN,NaN,NaN,NaN,NaN,NaN,45.73,0,1419.8,0.0058767,NaN,NaN,NaN,NaN,NaN,-1,-1,-1.7255,0.47249,-8.4578,-3.7398,3.3899,-3.3791,NaN,NaN,NaN,NaN,NaN
564.07,-11.222,-38.742,-134.13,-1.7875,-0.25441,-8.8455,-4.0621,1.8991,-3.2824,0,0,0,NaN,NaN,NaN,NaN,NaN,NaN,NaN,NaN,NaN,45.73,0,1419.8,0.0058767,NaN,NaN,NaN,NaN,NaN,-1,-1,-1.7306,0.4796,-8.4638,-3.6636,3.4144,-3.3604,NaN,NaN,NaN,NaN,NaN
564.07,-11.224,-38.733,-134.14,-1.8338,0.6298,-8.6025,-4.4804,4.2999,-3.3704,0,0,0,NaN,NaN,NaN,NaN,NaN,NaN,NaN,NaN,NaN,45.73,0,1419.8,0.0058767,NaN,NaN,NaN,NaN,NaN,-1,-1,-1.7286,0.47323,-8.4567,-3.6012,3.2952,-3.3553,NaN,NaN,NaN,NaN,NaN
564.07,-11.225,-38.728,-134.15,-1.6081,0.71763,-8.8674,-3.2688,2.3332,-3.2354,0,0,0,NaN,NaN,NaN,NaN,NaN,NaN,NaN,NaN,NaN,45.73,0,1419.8,0.0058767,NaN,NaN,NaN,NaN,17.279,97442,10.813,-1.734,0.47328,-8.4565,-3.5852,3.3871,-3.3432,NaN,NaN,NaN,NaN,NaN
564.08,-11.228,-38.714,-134.17,-1.8304,0.25661,-8.556,-3.8977,2.6137,-3.469,0,0,0,NaN,NaN,NaN,NaN,NaN,NaN,NaN,NaN,NaN,45.73,0,1419.8,0.0058767,NaN,NaN,NaN,NaN,NaN,-1,-1,-1.7346,0.48078,-8.465,-3.5279,3.3405,-3.3466,NaN,NaN,NaN,NaN,NaN
564.08,-11.229,-38.708,-134.18,-1.6665,1.4171,-9.6418,-3.3312,2.6687,-3.2809,0,0,0,NaN,NaN,NaN,NaN,NaN,NaN,NaN,NaN,NaN,45.73,0,1419.8,0.0058767,0.72927,2.485,0.7114,0.047447,NaN,-1,-1,-1.7315,0.47426,-8.4386,-3.5142,3.3562,-3.3305,NaN,NaN,NaN,NaN,NaN
564.08,-11.227,-38.697,-134.19,-2.0939,0.7024,-7.5929,-2.6075,5.1586,-3.3429,0,0,0,NaN,NaN,NaN,NaN,NaN,NaN,NaN,NaN,NaN,45.73,0,1419.8,0.0058767,NaN,NaN,NaN,NaN,17.276,97463,10.813,-1.7328,0.47164,-8.4637,-3.5229,3.3287,-3.3049,NaN,NaN,NaN,NaN,NaN
564.08,-11.227,-38.691,-134.2,-1.2037,-0.75682,-8.1331,-3.3559,2.7403,-3.2366,0.45181,-0.21037,-1.0674,-8.0982,-11.86,-11.256,18.247,40.057,-88.55,3.6777e+05,4.4353e+06,281.09,45.73,0,1419.8,0.0058767,NaN,NaN,NaN,NaN,NaN,-1,-1,-1.7392,0.47985,-8.4901,-3.5454,3.347,-3.283,18.022,-2.7995,-0.5688,-1.8078,-8.8254
564.09,-11.229,-38.691,-134.21,-1.9779,1.7239,-9.6161,-3.7712,0.61891,-3.5337,0,0,0,NaN,NaN,NaN,NaN,NaN,NaN,NaN,NaN,NaN,45.73,0,1419.8,0.0058767,NaN,NaN,NaN,NaN,17.111,97432,10.688,-1.7331,0.48073,-8.4665,-3.5256,3.2974,-3.2708,NaN,NaN,NaN,NaN,NaN
564.09,-11.228,-38.675,-134.23,-1.7507,-0.079335,-9.3518,-3.5183,7.1263,-3.5126,0,0,0,NaN,NaN,NaN,NaN,NaN,NaN,NaN,NaN,NaN,45.73,0,1419.8,0.0058767,NaN,NaN,NaN,NaN,NaN,-1,-1,-1.7447,0.48598,-8.4957,-3.5084,3.3617,-3.2551,NaN,NaN,NaN,NaN,NaN
564.09,-11.23,-38.669,-134.24,-1.5123,-0.24552,-6.8132,-4.0564,2.9537,-3.4906,0,0,0,NaN,NaN,NaN,NaN,NaN,NaN,NaN,NaN,NaN,45.73,0,1419.8,0.0058767,0.72653,2.5966,0.62438,0.11238,NaN,-1,-1,-1.7262,0.47542,-8.4023,-3.4962,3.3399,-3.2469,NaN,NaN,NaN,NaN,NaN
564.09,-11.233,-38.665,-134.25,-2.0165,1.3117,-8.6893,-3.9036,1.9765,-3.0997,0.45403,-0.21029,-1.065,NaN,NaN,NaN,NaN,NaN,NaN,NaN,NaN,NaN,45.73,0,1419.8,0.0058767,NaN,NaN,NaN,NaN,17.181,97432,10.688,-1.7264,0.47826,-8.407,-3.4749,3.3139,-3.2317,NaN,NaN,NaN,NaN,NaN
564.1,-11.233,-38.654,-134.26,-1.7648,-0.004868,-9.5071,-3.7281,5.0989,-3.6556,0,0,0,NaN,NaN,NaN,NaN,NaN,NaN,NaN,NaN,NaN,45.73,0,1419.8,0.0058767,NaN,NaN,NaN,NaN,NaN,-1,-1,-1.7308,0.47494,-8.4237,-3.4795,3.293,-3.2316,NaN,NaN,NaN,NaN,NaN
564.1,-11.235,-38.648,-134.27,-1.601,0.26311,-8.4606,-4.048,2.628,-3.2671,0,0,0,NaN,NaN,NaN,NaN,NaN,NaN,NaN,NaN,NaN,45.73,0,1419.8,0.0058767,NaN,NaN,NaN,NaN,NaN,-1,-1,-1.716,0.47185,-8.3504,-3.5153,3.1549,-3.2372,NaN,NaN,NaN,NaN,NaN
564.1,-11.237,-38.639,-134.28,-1.9422,1.0546,-9.7157,-3.8736,4.2237,-3.2135,0,0,0,NaN,NaN,NaN,NaN,NaN,NaN,NaN,NaN,NaN,45.73,0,1419.8,0.0058767,0.72598,2.6109,0.63959,0.080744,17.435,97431,10.688,-1.7184,0.4735,-8.3768,-3.5524,3.2939,-3.2417,NaN,NaN,NaN,NaN,NaN
564.1,-11.237,-38.628,-134.29,-1.8663,0.24958,-7.0336,-3.4164,4.9448,-3.1405,0.46127,-0.20811,-1.0666,NaN,NaN,NaN,NaN,NaN,NaN,NaN,NaN,NaN,45.72,0,1472.6,0.0069644,0.72598,2.6109,0.63959,0.080744,NaN,-1,-1,-1.7216,0.4704,-8.3989,-3.5792,3.3599,-3.2415,NaN,NaN,NaN,NaN,NaN
564.11,-11.24,-38.627,-134.3,-1.5586,-0.31328,-9.1058,-4.1401,0.97042,-3.3119,0,0,0,NaN,NaN,NaN,NaN,NaN,NaN,NaN,NaN,NaN,45.72,0,1472.6,0.0069644,NaN,NaN,NaN,NaN,17.134,97436,10.688,-1.7231,0.46758,-8.4252,-3.6384,3.2979,-3.2446,NaN,NaN,NaN,NaN,NaN
564.11,-11.24,-38.617,-134.31,-1.9825,1.4568,-9.8817,-3.3099,4.2954,-3.3987,0,0,0,NaN,NaN,NaN,NaN,NaN,NaN,NaN,NaN,NaN,45.72,0,1472.6,0.0069644,NaN,NaN,NaN,NaN,NaN,-1,-1,-1.7246,0.47549,-8.4471,-3.6918,3.3847,-3.2477,NaN,NaN,NaN,NaN,NaN
564.11,-11.24,-38.604,-134.32,-1.6621,0.42772,-7.8588,-3.5775,5.8928,-3.2756,0,0,0,NaN,NaN,NaN,NaN,NaN,NaN,NaN,NaN,NaN,45.72,0,1472.6,0.0069644,NaN,NaN,NaN,NaN,NaN,-1,-1,-1.7302,0.46907,-8.4573,-3.7307,3.4608,-3.2594,NaN,NaN,NaN,NaN,NaN
564.11,-11.241,-38.602,-134.33,-1.784,0.28918,-8.6487,-3.5833,1.1056,-3.5407,0.45168,-0.21025,-1.0652,NaN,NaN,NaN,NaN,NaN,NaN,NaN,NaN,NaN,45.72,0,1472.6,0.0069644,NaN,NaN,NaN,NaN,17.505,97444,10.75,-1.7337,0.45806,-8.4755,-3.7891,3.5276,-3.2569,NaN,NaN,NaN,NaN,NaN
564.12,-11.243,-38.592,-134.34,-2.0052,0.075448,-9.6406,-4.0094,4.6429,-3.1972,0,0,0,NaN,NaN,NaN,NaN,NaN,NaN,NaN,NaN,NaN,45.72,0,1472.6,0.0069644,NaN,NaN,NaN,NaN,NaN,-1,-1,-1.7297,0.45282,-8.4898,-3.8253,3.6149,-3.2646,NaN,NaN,NaN,NaN,NaN
564.12,-11.244,-38.579,-134.37,-1.6967,0.24619,-8.7529,-3.3741,1.2621,-3.8412,0,0,0,NaN,NaN,NaN,NaN,NaN,NaN,NaN,NaN,NaN,45.72,0,1472.6,0.0069644,NaN,NaN,NaN,NaN,NaN,-1,-1,-1.7297,0.45365,-8.4995,-3.8653,3.5159,-3.2626,NaN,NaN,NaN,NaN,NaN
564.12,0,0,0,0,0,0,0,0,0,0,0,0,NaN,NaN,NaN,NaN,NaN,NaN,NaN,NaN,NaN,45.72,0,1472.6,0.0069644,NaN,NaN,NaN,NaN,17.435,97433,10.688,-1.7262,0.43888,-8.5084,-3.9033,3.5875,-3.2628,NaN,NaN,NaN,NaN,NaN
564.12,-11.247,-38.569,-134.38,-2.2607,-0.80884,-9.8363,-4.7258,4.5846,-3.5994,0.44979,-0.20819,-1.072,NaN,NaN,NaN,NaN,NaN,NaN,NaN,NaN,NaN,45.72,0,1472.6,0.0069644,NaN,NaN,NaN,NaN,NaN,-1,-1,-1.7339,0.45142,-8.5391,-3.9243,3.6286,-3.2684,NaN,NaN,NaN,NaN,NaN
564.13,-11.25,-38.558,-134.39,-1.4707,0.78773,-8.0049,-4.7518,4.8617,-3.4475,0,0,0,NaN,NaN,NaN,NaN,NaN,NaN,NaN,NaN,NaN,45.72,0,1472.6,0.0069644,NaN,NaN,NaN,NaN,17.462,97471,10.875,-1.7312,0.44925,-8.5725,-4.0041,3.5944,-3.2759,NaN,NaN,NaN,NaN,NaN
564.13,-11.252,-38.554,-134.4,-1.6241,0.88056,-8.734,-3.9999,2.1799,-3.326,0,0,0,NaN,NaN,NaN,NaN,NaN,NaN,NaN,NaN,NaN,45.72,0,1472.6,0.0069644,NaN,NaN,NaN,NaN,NaN,-1,-1,-1.7322,0.44275,-8.558,-4.1181,3.5306,-3.2835,NaN,NaN,NaN,NaN,NaN
564.13,-11.259,-38.535,-134.43,-1.5138,0.12336,-8.867,-5.2509,4.9669,-3.1904,0.44457,-0.20764,-1.0636,NaN,NaN,NaN,NaN,NaN,NaN,NaN,NaN,NaN,45.72,0,1472.6,0.0069644,0.72927,2.6049,0.63959,0.097392,NaN,-1,-1,-1.7376,0.44401,-8.5857,-4.1913,3.5805,-3.2904,NaN,NaN,NaN,NaN,NaN
564.13,-11.262,-38.53,-134.44,-1.7251,1.6528,-8.4651,-4.245,2.2805,-3.4081,0,0,0,NaN,NaN,NaN,NaN,NaN,NaN,NaN,NaN,NaN,45.72,0,1472.6,0.0069644,0.72927,2.6049,0.63959,0.097392,17.639,97442,10.688,-1.7562,0.45361,-8.6996,-4.2686,3.6075,-3.3088,NaN,NaN,NaN,NaN,NaN
564.14,-11.263,-38.519,-134.45,-2.1043,0.24255,-9.9896,-3.9132,5.0807,-3.5309,0,0,0,NaN,NaN,NaN,NaN,NaN,NaN,NaN,NaN,NaN,45.72,0,1472.6,0.0069644,NaN,NaN,NaN,NaN,NaN,-1,-1,-1.7583,0.43989,-8.7093,-4.3403,3.4268,-3.322,NaN,NaN,NaN,NaN,NaN
564.14,-11.264,-38.51,-134.46,-1.7131,-0.072789,-8.2086,-4.3551,4.3076,-3.7244,0,0,0,NaN,NaN,NaN,NaN,NaN,NaN,NaN,NaN,NaN,45.72,0,1472.6,0.0069644,NaN,NaN,NaN,NaN,NaN,-1,-1,-1.7589,0.44138,-8.7336,-4.3904,3.5441,-3.3349,NaN,NaN,NaN,NaN,NaN
564.14,-11.251,-38.493,-134.49,-1.6191,1.5041,-8.8633,-4.6445,2.7194,-3.4559,0.44959,-0.21046,-1.0698,NaN,NaN,NaN,NaN,NaN,NaN,NaN,NaN,NaN,45.72,0,1472.6,0.0069644,NaN,NaN,NaN,NaN,17.683,97445,10.688,-1.7625,0.44752,-8.7694,-4.4505,3.6277,-3.346,NaN,NaN,NaN,NaN,NaN
564.14,-11.253,-38.484,-134.5,-2.0059,0.47462,-9.1651,-4.6077,4.3118,-3.5589,0,0,0,NaN,NaN,NaN,NaN,NaN,NaN,NaN,NaN,NaN,45.72,0,1472.6,0.0069644,0.74515,2.6038,0.63412,0.099057,NaN,-1,-1,-1.7793,0.4491,-8.8763,-4.515,3.4433,-3.3683,NaN,NaN,NaN,NaN,NaN
564.15,-11.259,-38.465,-134.53,-1.7287,0.32482,-8.1759,-5.2517,4.4637,-3.8634,0,0,0,NaN,NaN,NaN,NaN,NaN,NaN,NaN,NaN,NaN,45.72,0,1472.6,0.0069644,NaN,NaN,NaN,NaN,17.458,97457,10.75,-1.7761,0.44093,-8.8865,-4.6053,3.5409,-3.3969,NaN,NaN,NaN,NaN,NaN
564.15,-11.264,-38.458,-134.54,-1.6437,0.39831,-9.4489,-5.4603,3.4565,-3.7399,0.45899,-0.20568,-1.0668,NaN,NaN,NaN,NaN,NaN,NaN,NaN,NaN,NaN,45.72,0,1472.6,0.0069644,NaN,NaN,NaN,NaN,NaN,-1,-1,-1.7779,0.44217,-8.9205,-4.7002,3.6515,-3.4337,NaN,NaN,NaN,NaN,NaN
564.15,-11.268,-38.451,-134.55,-1.9871,0.54463,-9.9313,-4.9927,3.5896,-3.6044,0,0,0,NaN,NaN,NaN,NaN,NaN,NaN,NaN,NaN,NaN,45.72,0,1472.6,0.0069644,NaN,NaN,NaN,NaN,NaN,-1,-1,-1.7794,0.45767,-8.9627,-4.7744,3.5427,-3.4486,NaN,NaN,NaN,NaN,NaN
564.15,-11.271,-38.436,-134.56,-1.8446,0.7203,-8.1308,-4.9643,6.5314,-3.1748,0,0,0,NaN,NaN,NaN,NaN,NaN,NaN,NaN,NaN,NaN,45.72,0,1472.6,0.0069644,NaN,NaN,NaN,NaN,17.611,97431,10.563,-1.7846,0.45102,-8.9938,-4.8794,3.6627,-3.477,NaN,NaN,NaN,NaN,NaN
564.16,-11.277,-38.431,-134.57,-1.1655,0.29787,-8.5581,-5.18,2.524,-3.4007,0,0,0,NaN,NaN,NaN,NaN,NaN,NaN,NaN,NaN,NaN,45.72,0,1472.6,0.0069644,NaN,NaN,NaN,NaN,NaN,-1,-1,-1.7894,0.45066,-8.9987,-4.9897,3.657,-3.5063,NaN,NaN,NaN,NaN,NaN
564.16,-11.281,-38.427,-134.58,-2.4676,0.81498,-10.516,-4.9742,1.8244,-3.5588,0.45214,-0.20822,-1.0718,NaN,NaN,NaN,NaN,NaN,NaN,NaN,NaN,NaN,45.72,0,1472.6,0.0069644,NaN,NaN,NaN,NaN,17.389,97414,10.625,-1.7954,0.45385,-9.0368,-5.0797,3.7125,-3.5236,NaN,NaN,NaN,NaN,NaN
564.16,-11.282,-38.407,-134.6,-1.9506,0.18443,-9.1607,-4.5964,8.8022,-3.4887,0,0,0,NaN,NaN,NaN,NaN,NaN,NaN,NaN,NaN,NaN,45.72,0,1472.6,0.0069644,NaN,NaN,NaN,NaN,NaN,-1,-1,-1.7917,0.43816,-9.0456,-5.149,3.758,-3.5519,NaN,NaN,NaN,NaN,NaN
564.16,-11.286,-38.403,-134.61,-1.1777,0.43979,-6.3998,-4.79,1.9901,-3.4919,0,0,0,NaN,NaN,NaN,NaN,NaN,NaN,NaN,NaN,NaN,45.72,0,1472.6,0.0069644,NaN,NaN,NaN,NaN,17.683,97447,10.688,-1.794,0.45282,-9.0977,-5.2559,3.7458,-3.581,NaN,NaN,NaN,NaN,NaN
564.17,-11.293,-38.404,-134.62,-2.126,0.39726,-11.606,-5.3645,0.30831,-3.3538,0,0,0,NaN,NaN,NaN,NaN,NaN,NaN,NaN,NaN,NaN,45.72,0,1472.6,0.0069644,NaN,NaN,NaN,NaN,NaN,-1,-1,-1.7952,0.43339,-9.1112,-5.3164,3.8278,-3.6059,NaN,NaN,NaN,NaN,NaN
564.17,-11.299,-38.373,-134.64,-1.2897,0.57005,-6.8568,-4.9564,5.2526,-3.6072,0,0,0,NaN,NaN,NaN,NaN,NaN,NaN,NaN,NaN,NaN,45.72,0,1472.6,0.0069644,NaN,NaN,NaN,NaN,NaN,-1,-1,-1.7903,0.44339,-9.1475,-5.3791,3.9349,-3.6287,NaN,NaN,NaN,NaN,NaN
564.17,-11.305,-38.374,-134.65,-1.6975,0.1451,-9.2155,-5.4559,-0.059072,-3.7117,0,0,0,NaN,NaN,NaN,NaN,NaN,NaN,NaN,NaN,NaN,45.72,0,1472.6,0.0069644,NaN,NaN,NaN,NaN,17.531,97489,10.938,-1.7948,0.43918,-9.1811,-5.4347,3.9389,-3.6757,NaN,NaN,NaN,NaN,NaN
564.17,-11.315,-38.349,-134.68,-1.5402,0.69695,-8.7339,-5.408,5.3589,-3.5691,0.45222,-0.19601,-1.0674,NaN,NaN,NaN,NaN,NaN,NaN,NaN,NaN,NaN,45.72,0,1472.6,0.0069644,NaN,NaN,NaN,NaN,NaN,-1,-1,-1.8013,0.44436,-9.2007,-5.5024,4.0416,-3.7037,NaN,NaN,NaN,NaN,NaN
564.18,-11.32,-38.342,-134.69,-1.7348,0.055351,-8.2641,-5.7617,3.5345,-3.9538,0,0,0,NaN,NaN,NaN,NaN,NaN,NaN,NaN,NaN,NaN,45.72,0,1472.6,0.0069644,NaN,NaN,NaN,NaN,17.524,97450,10.688,-1.8068,0.44261,-9.2349,-5.5475,3.9757,-3.7576,NaN,NaN,NaN,NaN,NaN
564.18,-11.327,-38.335,-134.7,-1.7487,0.24347,-9.3188,-6.3112,3.2078,-3.4801,0,0,0,NaN,NaN,NaN,NaN,NaN,NaN,NaN,NaN,NaN,45.72,0,1472.6,0.0069644,0.74679,2.6151,0.65481,0.069923,NaN,-1,-1,-1.8071,0.43801,-9.2513,-5.4616,3.9752,-3.6738,NaN,NaN,NaN,NaN,NaN
564.18,-11.333,-38.328,-134.72,-1.9944,0.80271,-10.893,-5.5635,3.5608,-3.6425,0,0,0,NaN,NaN,NaN,NaN,NaN,NaN,NaN,NaN,NaN,45.72,0,1472.6,0.0069644,NaN,NaN,NaN,NaN,NaN,-1,-1,-1.8062,0.45281,-9.2683,-5.5328,3.9964,-3.685,NaN,NaN,NaN,NaN,NaN
564.18,-11.335,-38.311,-134.73,-1.8726,0.78698,-8.2618,-5.2023,7.1761,-3.7857,0.44524,-0.19843,-1.0702,NaN,NaN,NaN,NaN,NaN,NaN,NaN,NaN,NaN,45.72,0,1472.6,0.0069644,NaN,NaN,NaN,NaN,17.817,97434,10.625,-1.8091,0.45981,-9.3074,-5.5881,4.1039,-3.707,NaN,NaN,NaN,NaN,NaN
564.19,-11.34,-38.308,-134.74,-1.221,-0.10412,-8.1367,-5.3285,1.9854,-3.7318,0,0,0,NaN,NaN,NaN,NaN,NaN,NaN,NaN,NaN,NaN,45.72,0,1472.6,0.0069644,NaN,NaN,NaN,NaN,NaN,-1,-1,-1.8042,0.46582,-9.3138,-5.626,4.0997,-3.7135,NaN,NaN,NaN,NaN,NaN
564.19,-11.347,-38.303,-134.75,-2.2645,0.91859,-11.306,-5.9507,2.4133,-3.6794,0,0,0,NaN,NaN,NaN,NaN,NaN,NaN,NaN,NaN,NaN,45.72,0,1472.6,0.0069644,NaN,NaN,NaN,NaN,NaN,-1,-1,-1.8069,0.47488,-9.3484,-5.6847,4.083,-3.7153,NaN,NaN,NaN,NaN,NaN
564.19,-11.35,-38.283,-134.77,-2.0461,0.3589,-9.3814,-5.6985,8.9427,-3.6986,0,0,0,NaN,NaN,NaN,NaN,NaN,NaN,NaN,NaN,NaN,45.72,0,1472.6,0.0069644,NaN,NaN,NaN,NaN,17.797,97463,10.75,-1.8093,0.47136,-9.3789,-5.7211,4.1658,-3.7284,NaN,NaN,NaN,NaN,NaN
564.19,-11.355,-38.277,-134.78,-1.5259,0.70988,-7.1183,-5.5571,3.1016,-3.8216,0.45221,-0.20583,-1.0718,NaN,NaN,NaN,NaN,NaN,NaN,NaN,NaN,NaN,45.72,0,1472.6,0.0069644,0.71832,2.593,0.62621,0.11404,NaN,-1,-1,-1.81,0.48703,-9.3998,-5.7523,4.2753,-3.7275,NaN,NaN,NaN,NaN,NaN
564.2,-11.362,-38.274,-134.79,-1.6546,-0.42872,-10.431,-5.9384,1.4616,-3.8292,0,0,0,NaN,NaN,NaN,NaN,NaN,NaN,NaN,NaN,NaN,45.72,0,1472.6,0.0069644,NaN,NaN,NaN,NaN,17.502,97463,10.75,-1.8139,0.48221,-9.4247,-5.7506,4.2194,-3.7466,NaN,NaN,NaN,NaN,NaN
564.2,-11.367,-38.258,-134.81,-2.4021,0.63824,-10.225,-6.3547,7.0531,-3.8659,0,0,0,NaN,NaN,NaN,NaN,NaN,NaN,NaN,NaN,NaN,45.72,0,1472.6,0.0069644,NaN,NaN,NaN,NaN,NaN,-1,-1,-1.81,0.46745,-9.4327,-5.7693,4.2974,-3.7568,NaN,NaN,NaN,NaN,NaN
564.2,-11.371,-38.246,-134.82,-1.3688,0.86555,-8.3652,-5.3882,5.7595,-3.7528,0,0,0,NaN,NaN,NaN,NaN,NaN,NaN,NaN,NaN,NaN,45.72,0,1472.6,0.0069644,NaN,NaN,NaN,NaN,NaN,-1,-1,-1.8118,0.47729,-9.4561,-5.7773,4.2922,-3.7758,NaN,NaN,NaN,NaN,NaN
564.2,-11.378,-38.243,-134.83,-1.6782,0.27281,-8.9492,-5.8001,1.4647,-3.5411,0.45443,-0.20083,-1.0672,NaN,NaN,NaN,NaN,NaN,NaN,NaN,NaN,NaN,45.72,0,1472.6,0.0069644,NaN,NaN,NaN,NaN,17.884,97433,10.625,-1.81,0.4747,-9.4868,-5.8132,4.3969,-3.8023,NaN,NaN,NaN,NaN,NaN
564.21,-11.384,-38.228,-134.84,-2.4457,0.26,-10.906,-6.4141,6.8715,-3.816,0,0,0,NaN,NaN,NaN,NaN,NaN,NaN,NaN,NaN,NaN,45.72,0,1472.6,0.0069644,0.79716,2.5137,0.70714,0.0074917,NaN,-1,-1,-1.8047,0.46018,-9.4777,-5.8748,4.4442,-3.8207,NaN,NaN,NaN,NaN,NaN
564.21,-11.393,-38.21,-134.87,-1.975,0.46657,-8.3434,-5.3608,3.401,-4.0506,0,0,0,NaN,NaN,NaN,NaN,NaN,NaN,NaN,NaN,NaN,45.72,0,1472.6,0.0069644,NaN,NaN,NaN,NaN,NaN,-1,-1,-1.8074,0.47153,-9.4972,-5.9027,4.5103,-3.8417,NaN,NaN,NaN,NaN,NaN
564.21,-11.397,-38.2,-134.88,-1.9063,0.26859,-10.687,-5.4597,4.7823,-3.7197,0.44966,-0.20807,-1.0698,NaN,NaN,NaN,NaN,NaN,NaN,NaN,NaN,NaN,45.72,0,1472.6,0.0069644,NaN,NaN,NaN,NaN,17.727,97451,10.688,-1.8017,0.47282,-9.5367,-5.9248,4.628,-3.8411,NaN,NaN,NaN,NaN,NaN
564.21,-11.402,-38.19,-134.89,-2.1456,0.61783,-9.7696,-5.8826,4.6657,-4.0545,0,0,0,NaN,NaN,NaN,NaN,NaN,NaN,NaN,NaN,NaN,45.72,0,1529.7,0.0058767,NaN,NaN,NaN,NaN,NaN,-1,-1,-1.8023,0.46861,-9.532,-5.9445,4.5681,-3.8398,NaN,NaN,NaN,NaN,NaN
564.22,-11.408,-38.176,-134.91,-1.6196,0.76813,-8.9315,-6.0109,6.2145,-3.6613,0,0,0,NaN,NaN,NaN,NaN,NaN,NaN,NaN,NaN,NaN,45.72,0,1529.7,0.0058767,NaN,NaN,NaN,NaN,17.775,97460,10.75,-1.8038,0.47792,-9.5395,-5.9698,4.6258,-3.8387,NaN,NaN,NaN,NaN,NaN
564.22,-11.412,-38.168,-134.92,-1.627,0.39388,-9.3014,-5.545,4.0531,-3.7843,0,0,0,NaN,NaN,NaN,NaN,NaN,NaN,NaN,NaN,NaN,45.72,0,1529.7,0.0058767,0.7342,2.6175,0.63899,0.097392,NaN,-1,-1,-1.8095,0.47478,-9.5771,-5.9587,4.895,-3.8334,NaN,NaN,NaN,NaN,NaN
564.22,-11.418,-38.159,-134.93,-2.1971,0.18759,-9.4561,-6.0025,4.3431,-4.0434,0.45221,-0.20092,-1.0696,NaN,NaN,NaN,NaN,NaN,NaN,NaN,NaN,NaN,45.72,0,1529.7,0.0058767,NaN,NaN,NaN,NaN,NaN,-1,-1,-1.8086,0.45823,-9.5761,-5.9404,4.8488,-3.83,NaN,NaN,NaN,NaN,NaN
564.22,-11.423,-38.146,-134.95,-1.9639,0.40012,-9.9262,-6.0865,5.6966,-4.047,0,0,0,NaN,NaN,NaN,NaN,NaN,NaN,NaN,NaN,NaN,45.72,0,1529.7,0.0058767,NaN,NaN,NaN,NaN,17.864,97463,10.75,-1.8031,0.4687,-9.5806,-5.964,4.7674,-3.8167,NaN,NaN,NaN,NaN,NaN
564.23,-11.429,-38.137,-134.96,-1.4139,0.48245,-9.3915,-6.2069,4.1164,-3.6143,0,0,0,NaN,NaN,NaN,NaN,NaN,NaN,NaN,NaN,NaN,45.72,0,1529.7,0.0058767,NaN,NaN,NaN,NaN,NaN,-1,-1,-1.8023,0.45344,-9.5828,-5.9356,4.9095,-3.8134,NaN,NaN,NaN,NaN,NaN
564.23,-11.436,-38.128,-134.97,-2.1468,0.2871,-9.7729,-6.2133,4.5375,-3.8306,0,0,0,NaN,NaN,NaN,NaN,NaN,NaN,NaN,NaN,NaN,45.72,0,1529.7,0.0058767,NaN,NaN,NaN,NaN,NaN,-1,-1,-1.7989,0.45147,-9.5864,-5.9521,4.8301,-3.8101,NaN,NaN,NaN,NaN,NaN
564.23,-11.441,-38.114,-134.99,-1.7346,0.55653,-9.4105,-6.1416,6.2819,-3.7334,0.44067,-0.19848,-1.0728,NaN,NaN,NaN,NaN,NaN,NaN,NaN,NaN,NaN,45.72,0,1529.7,0.0058767,0.73639,2.6079,0.65481,0.074917,17.727,97434,10.625,-1.7941,0.46135,-9.615,-5.949,4.8056,-3.8033,NaN,NaN,NaN,NaN,NaN
564.23,-11.448,-38.109,-135,-1.7076,0.43339,-9.6571,-6.0836,2.3546,-3.6625,0,0,0,NaN,NaN,NaN,NaN,NaN,NaN,NaN,NaN,NaN,45.72,0,1529.7,0.0058767,NaN,NaN,NaN,NaN,NaN,-1,-1,-1.7981,0.46371,-9.6434,-5.9494,4.9347,-3.8072,NaN,NaN,NaN,NaN,NaN
564.24,-11.451,-38.096,-135.01,-1.9578,0.47035,-9.834,-5.545,5.8757,-4.0574,0,0,0,NaN,NaN,NaN,NaN,NaN,NaN,NaN,NaN,NaN,45.72,0,1529.7,0.0058767,NaN,NaN,NaN,NaN,17.933,97472,10.813,-1.7966,0.47036,-9.6468,-5.951,4.838,-3.8046,NaN,NaN,NaN,NaN,NaN
564.24,-11.458,-38.088,-135.03,-1.6441,0.70778,-10.143,-5.9789,3.8514,-3.5876,0,0,0,NaN,NaN,NaN,NaN,NaN,NaN,NaN,NaN,NaN,45.72,0,1529.7,0.0058767,NaN,NaN,NaN,NaN,NaN,-1,-1,-1.797,0.47524,-9.6427,-5.9362,4.7472,-3.7997,NaN,NaN,NaN,NaN,NaN
564.24,-11.462,-38.079,-135.04,-2.134,0.65819,-9.9807,-5.5937,4.357,-3.879,0.4451,-0.20322,-1.0702,NaN,NaN,NaN,NaN,NaN,NaN,NaN,NaN,NaN,45.72,0,1529.7,0.0058767,NaN,NaN,NaN,NaN,NaN,-1,-1,-1.803,0.47546,-9.6666,-5.9234,5.0332,-3.7921,NaN,NaN,NaN,NaN,NaN
564.24,-11.467,-38.061,-135.05,-1.9714,-0.30551,-9.2878,-6.129,7.795,-3.8251,0,0,0,NaN,NaN,NaN,NaN,NaN,NaN,NaN,NaN,NaN,45.72,0,1529.7,0.0058767,NaN,NaN,NaN,NaN,17.747,97428,10.563,-1.8074,0.46395,-9.6776,-5.8587,4.9074,-3.7784,NaN,NaN,NaN,NaN,NaN
564.25,-11.473,-38.057,-135.06,-1.538,1.3362,-9.1873,-5.7248,2.1583,-3.6246,0,0,0,NaN,NaN,NaN,NaN,NaN,NaN,NaN,NaN,NaN,45.72,0,1529.7,0.0058767,0.73036,2.6085,0.64385,0.10572,NaN,-1,-1,-1.811,0.4679,-9.7012,-5.8211,4.8079,-3.7774,NaN,NaN,NaN,NaN,NaN
564.25,-11.477,-38.05,-135.08,-2.0922,0.33508,-11.033,-5.219,3.7479,-4.1562,0,0,0,NaN,NaN,NaN,NaN,NaN,NaN,NaN,NaN,NaN,45.72,0,1529.7,0.0058767,NaN,NaN,NaN,NaN,NaN,-1,-1,-1.8078,0.46448,-9.7169,-5.8051,5.0231,-3.7716,NaN,NaN,NaN,NaN,NaN
564.25,-11.482,-38.03,-135.09,-1.7371,-0.31665,-9.4391,-6.3886,8.4244,-3.7883,0.44349,-0.19158,-1.077,NaN,NaN,NaN,NaN,NaN,NaN,NaN,NaN,NaN,45.72,0,1529.7,0.0058767,NaN,NaN,NaN,NaN,17.794,97435,10.625,-1.8045,0.45736,-9.7092,-5.7579,4.9914,-3.7625,NaN,NaN,NaN,NaN,NaN
564.25,-11.488,-38.024,-135.1,-1.6868,1.0236,-9.1872,-5.9564,2.9707,-3.7713,0,0,0,NaN,NaN,NaN,NaN,NaN,NaN,NaN,NaN,NaN,45.72,0,1529.7,0.0058767,NaN,NaN,NaN,NaN,17.993,97468,10.688,-1.7987,0.46416,-9.7334,-5.7174,4.9308,-3.7637,NaN,NaN,NaN,NaN,NaN
564.26,-11.499,-37.999,-135.13,-1.4783,-0.22893,-10.573,-6.1152,7.0147,-3.5498,0,0,0,NaN,NaN,NaN,NaN,NaN,NaN,NaN,NaN,NaN,45.72,0,1529.7,0.0058767,NaN,NaN,NaN,NaN,NaN,-1,-1,-1.8035,0.45841,-9.756,-5.7159,5.0041,-3.7665,NaN,NaN,NaN,NaN,NaN
564.26,-11.504,-37.99,-135.14,-1.7779,1.0523,-8.6089,-5.8347,4.1504,-3.5946,0.42891,-0.20323,-1.0761,NaN,NaN,NaN,NaN,NaN,NaN,NaN,NaN,NaN,45.72,0,1529.7,0.0058767,0.72927,2.6091,0.63838,0.097392,NaN,-1,-1,-1.8045,0.44688,-9.7456,-5.67,5.0834,-3.7504,NaN,NaN,NaN,NaN,NaN
564.26,-11.508,-37.98,-135.15,-2.3541,0.544,-10.485,-5.1732,4.7868,-3.7165,0,0,0,NaN,NaN,NaN,NaN,NaN,NaN,NaN,NaN,NaN,45.72,0,1529.7,0.0058767,NaN,NaN,NaN,NaN,NaN,-1,-1,-1.7994,0.45102,-9.7368,-5.5972,5.0419,-3.7328,NaN,NaN,NaN,NaN,NaN
564.26,-11.513,-37.971,-135.17,-1.3087,0.41612,-10.586,-5.5516,4.1842,-3.4642,0,0,0,NaN,NaN,NaN,NaN,NaN,NaN,NaN,NaN,NaN,45.72,0,1529.7,0.0058767,NaN,NaN,NaN,NaN,17.993,97428,10.563,-1.8079,0.44753,-9.7607,-5.5749,5.0954,-3.7198,NaN,NaN,NaN,NaN,NaN
564.27,-11.518,-37.958,-135.18,-2.4439,0.92368,-11.522,-5.5123,5.8569,-3.5636,0,0,0,NaN,NaN,NaN,NaN,NaN,NaN,NaN,NaN,NaN,45.72,0,1529.7,0.0058767,NaN,NaN,NaN,NaN,NaN,-1,-1,-1.8116,0.43636,-9.777,-5.5124,5.0279,-3.7168,NaN,NaN,NaN,NaN,NaN
564.27,-11.522,-37.94,-135.19,-1.6487,0.67444,-9.0096,-5.6396,7.7074,-3.6913,0.44294,-0.20582,-1.0749,NaN,NaN,NaN,NaN,NaN,NaN,NaN,NaN,NaN,45.72,0,1529.7,0.0058767,NaN,NaN,NaN,NaN,NaN,-1,-1,-1.809,0.44251,-9.7738,-5.4249,5.1439,-3.6922,NaN,NaN,NaN,NaN,NaN
564.27,-11.525,-37.934,-135.21,-2.0228,0.30021,-9.5499,-5.0552,3.1856,-3.7911,0,0,0,NaN,NaN,NaN,NaN,NaN,NaN,NaN,NaN,NaN,45.72,0,1529.7,0.0058767,0.73912,2.4916,0.72297,0.038291,18.017,97462,10.688,-1.8077,0.43866,-9.7852,-5.3368,5.116,-3.6955,NaN,NaN,NaN,NaN,NaN
564.27,-11.53,-37.926,-135.22,-1.6934,-0.082478,-10.569,-5.4658,3.7796,-3.8154,0,0,0,NaN,NaN,NaN,NaN,NaN,NaN,NaN,NaN,NaN,45.72,0,1529.7,0.0058767,NaN,NaN,NaN,NaN,NaN,-1,-1,-1.8054,0.43501,-9.7763,-5.2822,5.1607,-3.6858,NaN,NaN,NaN,NaN,NaN
564.28,-11.534,-37.911,-135.23,-1.8437,0.48047,-11.647,-5.6104,6.785,-3.7083,0,0,0,NaN,NaN,NaN,NaN,NaN,NaN,NaN,NaN,NaN,45.72,0,1529.7,0.0058767,NaN,NaN,NaN,NaN,18.217,97450,10.688,-1.8042,0.4497,-9.7752,-5.1771,5.2642,-3.678,NaN,NaN,NaN,NaN,NaN
564.28,-11.536,-37.898,-135.25,-2.0238,0.37804,-8.1461,-4.6559,5.7851,-3.7977,0.44067,-0.19848,-1.0728,NaN,NaN,NaN,NaN,NaN,NaN,NaN,NaN,NaN,45.72,0,1529.7,0.0058767,NaN,NaN,NaN,NaN,NaN,-1,-1,-1.8074,0.44444,-9.7969,-5.0896,5.2408,-3.6759,NaN,NaN,NaN,NaN,NaN
564.28,-11.541,-37.89,-135.26,-1.2307,0.55778,-10.569,-5.5391,3.6535,-3.6838,0,0,0,NaN,NaN,NaN,NaN,NaN,NaN,NaN,NaN,NaN,45.72,0,1529.7,0.0058767,NaN,NaN,NaN,NaN,NaN,-1,-1,-1.8068,0.43354,-9.7916,-5.0328,5.2132,-3.6727,NaN,NaN,NaN,NaN,NaN
564.28,-11.543,-37.881,-135.27,-2.134,0.1187,-11.412,-4.414,4.367,-3.7618,0,0,0,NaN,NaN,NaN,NaN,NaN,NaN,NaN,NaN,NaN,45.72,0,1529.7,0.0058767,NaN,NaN,NaN,NaN,18.104,97467,10.688,-1.8063,0.42383,-9.7933,-4.9522,5.2641,-3.6544,NaN,NaN,NaN,NaN,NaN
564.29,-11.544,-37.863,-135.29,-2.0334,1.048,-10.247,-4.6309,8.0072,-3.69,0,0,0,NaN,NaN,NaN,NaN,NaN,NaN,NaN,NaN,NaN,45.72,0,1529.7,0.0058767,0.74569,2.4886,0.71932,0.049945,NaN,-1,-1,-1.8134,0.43365,-9.8104,-4.99,5.4402,-3.7443,NaN,NaN,NaN,NaN,NaN
564.29,-11.549,-37.85,-135.31,-1.816,0.028291,-11.207,-4.6222,1.5178,-3.7423,0,0,0,NaN,NaN,NaN,NaN,NaN,NaN,NaN,NaN,NaN,45.72,0,1529.7,0.0058767,NaN,NaN,NaN,NaN,NaN,-1,-1,-1.8075,0.42088,-9.7921,-4.8991,5.3791,-3.7045,NaN,NaN,NaN,NaN,NaN
564.29,-11.552,-37.833,-135.32,-2.5859,0.3054,-12.567,-5.0317,7.5849,-3.4163,0,0,0,NaN,NaN,NaN,NaN,NaN,NaN,NaN,NaN,NaN,45.72,0,1529.7,0.0058767,NaN,NaN,NaN,NaN,18.038,97425,10.563,-1.812,0.43013,-9.8108,-4.8039,5.3482,-3.6598,NaN,NaN,NaN,NaN,NaN
564.29,-11.553,-37.814,-135.34,-1.3039,1.3546,-7.1518,-4.6666,8.1053,-3.5406,0,0,0,NaN,NaN,NaN,NaN,NaN,NaN,NaN,NaN,NaN,45.72,0,1529.7,0.0058767,0.73748,2.4999,0.72357,0.039123,18.147,97455,10.625,-1.81,0.42544,-9.7867,-4.7951,5.5374,-3.7356,NaN,NaN,NaN,NaN,NaN
564.3,-11.555,-37.815,-135.34,-1.729,0.22149,-10.529,-3.8975,0.41408,-3.7297,0.44108,-0.18903,-1.075,NaN,NaN,NaN,NaN,NaN,NaN,NaN,NaN,NaN,45.72,0,1529.7,0.0058767,0.73748,2.4999,0.72357,0.039123,NaN,-1,-1,-1.8045,0.41603,-9.7923,-4.6584,5.4717,-3.6808,NaN,NaN,NaN,NaN,NaN
564.3,-11.558,-37.798,-135.36,-2.4655,-0.81448,-11.151,-5.281,7.2614,-3.8702,0,0,0,NaN,NaN,NaN,NaN,NaN,NaN,NaN,NaN,NaN,45.72,0,1529.7,0.0058767,NaN,NaN,NaN,NaN,NaN,-1,-1,-1.8164,0.43223,-9.8083,-4.5269,5.3819,-3.6235,NaN,NaN,NaN,NaN,NaN
564.3,-11.561,-37.783,-135.37,-1.4174,1.4425,-10.455,-5.0136,6.7709,-3.4009,0,0,0,NaN,NaN,NaN,NaN,NaN,NaN,NaN,NaN,NaN,45.72,0,1529.7,0.0058767,NaN,NaN,NaN,NaN,NaN,-1,-1,-1.8151,0.42343,-9.7943,-4.4047,5.4388,-3.5683,NaN,NaN,NaN,NaN,NaN
564.3,-11.563,-37.774,-135.39,-1.6322,0.72367,-9.5861,-3.9273,4.1569,-3.4817,0,0,0,NaN,NaN,NaN,NaN,NaN,NaN,NaN,NaN,NaN,45.72,0,1529.7,0.0058767,NaN,NaN,NaN,NaN,18.255,97465,10.625,-1.8186,0.4187,-9.7858,-4.2997,5.2993,-3.5122,NaN,NaN,NaN,NaN,NaN
564.31,-11.564,-37.761,-135.4,-2.0514,-0.39406,-9.9984,-4.4467,5.973,-3.6653,0.43356,-0.19587,-1.0713,NaN,NaN,NaN,NaN,NaN,NaN,NaN,NaN,NaN,45.72,0,1529.7,0.0058767,NaN,NaN,NaN,NaN,NaN,-1,-1,-1.8222,0.42937,-9.8144,-4.1596,5.168,-3.4771,NaN,NaN,NaN,NaN,NaN
564.31,-11.567,-37.75,-135.41,-1.8051,0.57702,-11.372,-4.4481,4.6818,-3.3331,0,0,0,NaN,NaN,NaN,NaN,NaN,NaN,NaN,NaN,NaN,45.72,0,1529.7,0.0058767,NaN,NaN,NaN,NaN,NaN,-1,-1,-1.8017,0.42376,-9.7187,-4.0643,5.1597,-3.4295,NaN,NaN,NaN,NaN,NaN
564.31,-11.567,-37.736,-135.42,-1.9299,1.2672,-8.7126,-3.5216,6.1954,-3.2512,0,0,0,NaN,NaN,NaN,NaN,NaN,NaN,NaN,NaN,NaN,45.72,0,1529.7,0.0058767,0.74296,2.4838,0.71566,0.049945,18.078,97429,10.5,-1.8099,0.42156,-9.7356,-3.9373,5.1983,-3.3855,NaN,NaN,NaN,NaN,NaN
564.31,-11.567,-37.725,-135.44,-1.6192,-0.44331,-10.965,-3.5737,5.1791,-3.6655,0,0,0,NaN,NaN,NaN,NaN,NaN,NaN,NaN,NaN,NaN,45.72,0,1529.7,0.0058767,NaN,NaN,NaN,NaN,NaN,-1,-1,-1.8046,0.41274,-9.705,-3.8626,5.1008,-3.3417,NaN,NaN,NaN,NaN,NaN
564.32,-11.57,-37.716,-135.45,-1.8773,1.0267,-10.33,-4.5504,4.1021,-3.4481,0.42704,-0.19135,-1.0785,-8.5856,-12.74,-11.791,19.366,40.057,-88.55,3.6777e+05,4.4353e+06,278.08,45.72,0,1529.7,0.0058767,NaN,NaN,NaN,NaN,18.172,97436,10.625,-1.802,0.41637,-9.7135,-3.7725,5.2001,-3.2968,19.159,-2.7807,-0.47877,-1.4314,-8.2554
564.32,-11.569,-37.701,-135.46,-2.3335,1.3874,-11.304,-3.5437,6.5333,-3.526,0,0,0,NaN,NaN,NaN,NaN,NaN,NaN,NaN,NaN,NaN,45.72,0,1529.7,0.0058767,NaN,NaN,NaN,NaN,NaN,-1,-1,-1.8025,0.4119,-9.7088,-3.6717,5.2805,-3.2576,NaN,NaN,NaN,NaN,NaN
564.32,-11.568,-37.685,-135.47,-1.6055,0.12503,-9.0094,-3.4313,7.0818,-3.4697,0,0,0,NaN,NaN,NaN,NaN,NaN,NaN,NaN,NaN,NaN,45.72,0,1529.7,0.0058767,0.72325,2.624,0.65116,0.097392,NaN,-1,-1,-1.8046,0.42079,-9.717,-3.6079,5.0752,-3.2246,NaN,NaN,NaN,NaN,NaN
564.32,-11.57,-37.68,-135.49,-2.0102,-0.32051,-9.7483,-3.9751,2.6979,-3.8123,0,0,0,NaN,NaN,NaN,NaN,NaN,NaN,NaN,NaN,NaN,NaN,0,1591.2,0.0080533,0.72325,2.624,0.65116,0.097392,18.15,97478,10.75,-1.816,0.42771,-9.7381,-3.5464,5.1251,-3.1817,NaN,NaN,NaN,NaN,NaN
564.33,-11.574,-37.653,-135.51,-1.712,1.3794,-10.601,-4.29,6.716,-3.3293,0,0,0,NaN,NaN,NaN,NaN,NaN,NaN,NaN,NaN,NaN,NaN,0,1591.2,0.0080533,NaN,NaN,NaN,NaN,NaN,-1,-1,-1.8213,0.4184,-9.7441,-3.4809,5.3056,-3.1527,NaN,NaN,NaN,NaN,NaN
564.33,-11.574,-37.638,-135.52,-1.5563,-0.085791,-8.3581,-3.2867,6.4892,-3.28,0,0,0,NaN,NaN,NaN,NaN,NaN,NaN,NaN,NaN,NaN,NaN,0,1591.2,0.0080533,NaN,NaN,NaN,NaN,18.166,97451,10.563,-1.8219,0.41321,-9.7244,-3.4218,5.1912,-3.1281,NaN,NaN,NaN,NaN,NaN
564.33,-11.577,-37.634,-135.53,-1.6438,-0.30927,-10.341,-4.1722,2.4193,-3.2712,0,0,0,NaN,NaN,NaN,NaN,NaN,NaN,NaN,NaN,NaN,NaN,0,1591.2,0.0080533,NaN,NaN,NaN,NaN,NaN,-1,-1,-1.83,0.41849,-9.7474,-3.3698,5.0568,-3.105,NaN,NaN,NaN,NaN,NaN
564.33,-11.578,-37.62,-135.54,-2.3855,0.96343,-12.297,-4.0508,6.1108,-3.3378,0.43364,-0.18857,-1.069,NaN,NaN,NaN,NaN,NaN,NaN,NaN,NaN,NaN,45.759,0,1591.2,0.0080533,0.72325,2.6049,0.64081,0.083241,18.24,97506,10.875,-1.832,0.40779,-9.7546,-3.3195,5.2161,-3.0832,NaN,NaN,NaN,NaN,NaN
564.34,-11.576,-37.601,-135.56,-1.5055,1.0407,-8.9449,-3.1241,7.9855,-3.4031,0,0,0,NaN,NaN,NaN,NaN,NaN,NaN,NaN,NaN,NaN,45.759,0,1591.2,0.0080533,NaN,NaN,NaN,NaN,NaN,-1,-1,-1.8377,0.42939,-9.7782,-3.2519,5.2217,-3.0759,NaN,NaN,NaN,NaN,NaN
564.34,-11.578,-37.587,-135.58,-2.6948,0.9773,-11.94,-3.8975,4.1947,-3.4141,0,0,0,NaN,NaN,NaN,NaN,NaN,NaN,NaN,NaN,NaN,45.759,0,1591.2,0.0080533,NaN,NaN,NaN,NaN,18.284,97461,10.75,-1.8415,0.41349,-9.7796,-3.2845,5.1364,-3.0607,NaN,NaN,NaN,NaN,NaN
564.34,0,0,0,0,0,0,0,0,0,0,0,0,NaN,NaN,NaN,NaN,NaN,NaN,NaN,NaN,NaN,45.759,0,1591.2,0.0080533,NaN,NaN,NaN,NaN,NaN,-1,-1,-1.8396,0.40849,-9.7521,-3.2574,5.0798,-3.0621,NaN,NaN,NaN,NaN,NaN
564.34,-11.576,-37.567,-135.59,-1.928,0.9601,-10.124,-3.4014,8.7357,-3.4223,0.43665,-0.1843,-1.0776,NaN,NaN,NaN,NaN,NaN,NaN,NaN,NaN,NaN,45.759,0,1591.2,0.0080533,NaN,NaN,NaN,NaN,18.339,97440,10.5,-1.8448,0.4232,-9.7526,-3.2569,5.2216,-3.0709,NaN,NaN,NaN,NaN,NaN
564.35,-11.577,-37.558,-135.61,-1.7046,0.039667,-9.1912,-3.5057,3.9914,-3.5173,0,0,0,NaN,NaN,NaN,NaN,NaN,NaN,NaN,NaN,NaN,45.759,0,1591.2,0.0080533,NaN,NaN,NaN,NaN,NaN,-1,-1,-1.8515,0.41886,-9.7802,-3.3034,5.108,-3.0906,NaN,NaN,NaN,NaN,NaN
564.35,0,0,0,0,0,0,0,0,0,0,0,0,NaN,NaN,NaN,NaN,NaN,NaN,NaN,NaN,NaN,45.759,0,1591.2,0.0080533,NaN,NaN,NaN,NaN,NaN,-1,-1,-1.8501,0.40576,-9.7425,-3.3708,5.1215,-3.0928,NaN,NaN,NaN,NaN,NaN
564.35,-11.582,-37.522,-135.64,-2.0316,1.0773,-10.929,-3.9618,4.9716,-3.0896,0.43812,-0.20073,-1.0709,NaN,NaN,NaN,NaN,NaN,NaN,NaN,NaN,NaN,45.759,0,1591.2,0.0080533,NaN,NaN,NaN,NaN,18.106,97497,10.813,-1.8534,0.41172,-9.7381,-3.4192,5.2238,-3.1001,NaN,NaN,NaN,NaN,NaN
564.35,-11.582,-37.508,-135.65,-1.7064,0.049488,-9.1419,-3.5466,6.0786,-3.4969,0,0,0,NaN,NaN,NaN,NaN,NaN,NaN,NaN,NaN,NaN,45.759,0,1591.2,0.0080533,NaN,NaN,NaN,NaN,NaN,-1,-1,-1.8603,0.41098,-9.7327,-3.4727,5.0146,-3.109,NaN,NaN,NaN,NaN,NaN
564.36,-11.583,-37.496,-135.67,-1.5465,0.1391,-9.5353,-3.9695,5.4986,-3.4888,0,0,0,NaN,NaN,NaN,NaN,NaN,NaN,NaN,NaN,NaN,45.759,0,1591.2,0.0080533,0.73803,2.6121,0.65663,0.07242,18.323,97471,10.688,-1.8537,0.39978,-9.7235,-3.5456,5.03,-3.127,NaN,NaN,NaN,NaN,NaN
564.36,-11.583,-37.475,-135.69,-2.092,1.1274,-11.152,-3.2166,5.8381,-3.3928,0.43845,-0.19857,-1.0753,NaN,NaN,NaN,NaN,NaN,NaN,NaN,NaN,NaN,45.759,0,1591.2,0.0080533,NaN,NaN,NaN,NaN,NaN,-1,-1,-1.8547,0.40483,-9.7119,-3.6788,5.0966,-3.1423,NaN,NaN,NaN,NaN,NaN
564.36,-11.583,-37.459,-135.71,-2.0216,0.030055,-8.6673,-3.8271,6.9762,-3.401,0,0,0,NaN,NaN,NaN,NaN,NaN,NaN,NaN,NaN,NaN,45.759,0,1591.2,0.0080533,NaN,NaN,NaN,NaN,NaN,-1,-1,-1.857,0.40784,-9.6984,-3.7639,5.0473,-3.1612,NaN,NaN,NaN,NaN,NaN
564.36,-11.567,-37.408,-135.76,-1.7968,-0.96225,-8.4304,-3.8926,8.7591,-3.5549,0.42932,-0.19378,-1.0783,NaN,NaN,NaN,NaN,NaN,NaN,NaN,NaN,NaN,45.759,0,1591.2,0.0080533,NaN,NaN,NaN,NaN,18.412,97523,10.875,-1.8551,0.39901,-9.694,-3.8951,5.1892,-3.2041,NaN,NaN,NaN,NaN,NaN
564.37,-11.572,-37.404,-135.77,-1.4867,-0.14817,-9.5056,-4.864,2.0468,-3.5556,0,0,0,NaN,NaN,NaN,NaN,NaN,NaN,NaN,NaN,NaN,45.759,0,1591.2,0.0080533,NaN,NaN,NaN,NaN,NaN,-1,-1,-1.8551,0.39163,-9.677,-4.0408,5.179,-3.2272,NaN,NaN,NaN,NaN,NaN
564.37,-11.575,-37.371,-135.79,-1.7961,1.0083,-8.7914,-3.8951,10.324,-3.4128,0,0,0,NaN,NaN,NaN,NaN,NaN,NaN,NaN,NaN,NaN,45.759,0,1591.2,0.0080533,0.72763,2.6038,0.63412,0.10322,18.451,97466,10.625,-1.8634,0.40081,-9.6731,-4.1255,5.1668,-3.2452,NaN,NaN,NaN,NaN,NaN
564.37,-11.579,-37.368,-135.8,-1.1009,-0.9485,-7.9815,-4.4733,1.8268,-3.5599,0.4296,-0.1842,-1.0783,NaN,NaN,NaN,NaN,NaN,NaN,NaN,NaN,NaN,45.759,0,1591.2,0.0080533,NaN,NaN,NaN,NaN,NaN,-1,-1,-1.8599,0.39254,-9.6354,-4.2313,5.2446,-3.2783,NaN,NaN,NaN,NaN,NaN
564.37,-11.582,-37.364,-135.81,-2.6267,1.4654,-11.908,-4.5105,2.1421,-3.6157,0,0,0,NaN,NaN,NaN,NaN,NaN,NaN,NaN,NaN,NaN,45.759,0,1591.2,0.0080533,NaN,NaN,NaN,NaN,NaN,-1,-1,-1.8781,0.3939,-9.7266,-4.3608,5.1424,-3.3174,NaN,NaN,NaN,NaN,NaN
564.38,-11.582,-37.34,-135.83,-1.5781,0.90948,-10.958,-4.098,10.128,-3.2413,0,0,0,NaN,NaN,NaN,NaN,NaN,NaN,NaN,NaN,NaN,45.759,0,1591.2,0.0080533,NaN,NaN,NaN,NaN,18.519,97466,10.688,-1.8877,0.40992,-9.7236,-4.4647,5.3653,-3.3538,NaN,NaN,NaN,NaN,NaN
564.38,-11.584,-37.331,-135.84,-1.7057,-0.40311,-6.4229,-4.3297,4.5727,-3.6869,0,0,0,NaN,NaN,NaN,NaN,NaN,NaN,NaN,NaN,NaN,45.759,0,1591.2,0.0080533,NaN,NaN,NaN,NaN,NaN,-1,-1,-1.8914,0.40142,-9.72,-4.6234,5.518,-3.4005,NaN,NaN,NaN,NaN,NaN
564.38,-11.589,-37.326,-135.85,-2.4825,0.85391,-11.32,-5.0466,2.4736,-3.5078,0.42469,-0.19132,-1.0787,NaN,NaN,NaN,NaN,NaN,NaN,NaN,NaN,NaN,45.759,0,1591.2,0.0080533,0.7112,2.5954,0.63533,0.10738,NaN,-1,-1,-1.8988,0.40383,-9.7337,-4.7648,5.5429,-3.4611,NaN,NaN,NaN,NaN,NaN
564.38,-11.591,-37.311,-135.86,-2.2855,1.2593,-11.611,-4.744,6.6903,-3.6,0,0,0,NaN,NaN,NaN,NaN,NaN,NaN,NaN,NaN,NaN,45.759,0,1591.2,0.0080533,NaN,NaN,NaN,NaN,18.518,97476,10.688,-1.8995,0.41148,-9.7169,-4.9652,5.7023,-3.5105,NaN,NaN,NaN,NaN,NaN
564.39,-11.595,-37.293,-135.88,-1.7857,-0.44505,-8.1997,-5.4404,7.9558,-3.7425,0,0,0,NaN,NaN,NaN,NaN,NaN,NaN,NaN,NaN,NaN,45.759,0,1591.2,0.0080533,NaN,NaN,NaN,NaN,NaN,-1,-1,-1.897,0.39259,-9.6996,-5.1342,5.7386,-3.5603,NaN,NaN,NaN,NaN,NaN
564.39,-11.602,-37.289,-135.89,-1.9346,-0.11208,-9.5018,-6.2585,2.1172,-3.7753,0,0,0,NaN,NaN,NaN,NaN,NaN,NaN,NaN,NaN,NaN,45.759,0,1591.2,0.0080533,NaN,NaN,NaN,NaN,18.627,97509,10.813,-1.8999,0.3999,-9.6669,-5.3133,5.7376,-3.6122,NaN,NaN,NaN,NaN,NaN
564.39,-11.609,-37.276,-135.9,-2.2279,1.4236,-11.265,-6.5828,5.6442,-3.5856,0.42234,-0.19129,-1.0789,NaN,NaN,NaN,NaN,NaN,NaN,NaN,NaN,NaN,45.759,0,1591.2,0.0080533,0.73967,2.4958,0.71566,0.037458,NaN,-1,-1,-1.9,0.39684,-9.6664,-5.4995,5.7841,-3.6622,NaN,NaN,NaN,NaN,NaN
564.39,-11.612,-37.262,-135.92,-2.0259,0.39327,-9.9621,-5.0709,6.2801,-3.8778,0,0,0,NaN,NaN,NaN,NaN,NaN,NaN,NaN,NaN,NaN,45.759,0,1591.2,0.0080533,NaN,NaN,NaN,NaN,18.649,97483,10.75,-1.9104,0.39262,-9.6815,-5.6158,5.9004,-3.7001,NaN,NaN,NaN,NaN,NaN
564.4,-11.618,-37.249,-135.93,-1.4587,-0.5432,-8.4975,-6.2742,6.0504,-3.6219,0,0,0,NaN,NaN,NaN,NaN,NaN,NaN,NaN,NaN,NaN,45.759,0,1591.2,0.0080533,NaN,NaN,NaN,NaN,NaN,-1,-1,-1.9099,0.38743,-9.6793,-5.7591,5.9663,-3.756,NaN,NaN,NaN,NaN,NaN
564.4,-11.626,-37.241,-135.94,-1.7604,0.59505,-9.6528,-6.2495,3.882,-3.4529,0,0,0,NaN,NaN,NaN,NaN,NaN,NaN,NaN,NaN,NaN,45.759,0,1591.2,0.0080533,NaN,NaN,NaN,NaN,NaN,-1,-1,-1.9051,0.38736,-9.6639,-5.7898,5.7732,-3.6772,NaN,NaN,NaN,NaN,NaN
564.4,-11.631,-37.23,-135.95,-2.2101,1.8819,-11.32,-5.2923,4.7091,-3.2569,0.42215,-0.18865,-1.0745,NaN,NaN,NaN,NaN,NaN,NaN,NaN,NaN,NaN,45.759,0,1591.2,0.0080533,NaN,NaN,NaN,NaN,18.69,97492,10.75,-1.9184,0.3888,-9.6767,-5.9119,5.8809,-3.71,NaN,NaN,NaN,NaN,NaN
564.4,-11.635,-37.215,-135.97,-1.8731,-0.42859,-9.9056,-5.4844,6.9329,-3.5173,0,0,0,NaN,NaN,NaN,NaN,NaN,NaN,NaN,NaN,NaN,45.759,0,1591.2,0.0080533,0.74022,2.6276,0.64264,0.097392,18.693,97500,10.813,-1.9148,0.38942,-9.6686,-6.0095,5.9495,-3.7522,NaN,NaN,NaN,NaN,NaN
564.41,-11.642,-37.202,-135.98,-2.0561,0.041419,-7.9089,-6.1929,5.5855,-3.5578,0,0,0,NaN,NaN,NaN,NaN,NaN,NaN,NaN,NaN,NaN,45.759,0,1591.2,0.0080533,NaN,NaN,NaN,NaN,NaN,-1,-1,-1.9221,0.39062,-9.6955,-5.9833,5.7372,-3.6624,NaN,NaN,NaN,NaN,NaN
564.41,-11.652,-37.181,-136,-2.5016,0.43655,-10.594,-5.656,7.243,-3.8443,0.42254,-0.18901,-1.0811,NaN,NaN,NaN,NaN,NaN,NaN,NaN,NaN,NaN,45.759,0,1591.2,0.0080533,NaN,NaN,NaN,NaN,NaN,-1,-1,-1.934,0.38769,-9.7007,-6.0806,5.663,-3.6619,NaN,NaN,NaN,NaN,NaN
564.41,-11.659,-37.164,-136.02,-1.5221,-1.5055,-8.6476,-6.9845,7.4846,-3.9308,0,0,0,NaN,NaN,NaN,NaN,NaN,NaN,NaN,NaN,NaN,45.759,0,1591.2,0.0080533,NaN,NaN,NaN,NaN,NaN,-1,-1,-1.9274,0.37878,-9.654,-6.1271,5.6799,-3.6676,NaN,NaN,NaN,NaN,NaN
564.41,-11.674,-37.148,-136.04,-2.216,1.3909,-11.834,-5.5332,6.1465,-3.7058,0,0,0,NaN,NaN,NaN,NaN,NaN,NaN,NaN,NaN,NaN,45.759,0,1591.2,0.0080533,0.74296,2.6199,0.66089,0.07242,18.67,97511,10.813,-1.9346,0.38797,-9.6719,-6.197,5.6208,-3.6666,NaN,NaN,NaN,NaN,NaN
564.42,-11.679,-37.131,-136.06,-1.645,-1.6656,-8.654,-6.2649,7.3125,-3.7889,0.42464,-0.1839,-1.0743,NaN,NaN,NaN,NaN,NaN,NaN,NaN,NaN,NaN,45.759,0,1591.2,0.0080533,NaN,NaN,NaN,NaN,NaN,-1,-1,-1.9454,0.38347,-9.7056,-6.1914,5.5555,-3.6625,NaN,NaN,NaN,NaN,NaN
564.42,-11.695,-37.115,-136.08,-1.5628,1.3735,-11.012,-5.7237,3.3133,-3.3439,0,0,0,NaN,NaN,NaN,NaN,NaN,NaN,NaN,NaN,NaN,45.759,0,1591.2,0.0080533,NaN,NaN,NaN,NaN,18.536,97452,10.563,-1.9375,0.37967,-9.6634,-6.1852,5.7057,-3.6602,NaN,NaN,NaN,NaN,NaN
564.42,-11.7,-37.101,-136.09,-2.2252,-0.60639,-11.187,-5.5794,6.436,-3.6679,0,0,0,NaN,NaN,NaN,NaN,NaN,NaN,NaN,NaN,NaN,45.759,0,1591.2,0.0080533,NaN,NaN,NaN,NaN,NaN,-1,-1,-1.9449,0.3734,-9.6798,-6.2169,5.7362,-3.6746,NaN,NaN,NaN,NaN,NaN
564.42,-11.706,-37.082,-136.11,-2.1956,0.61191,-8.0706,-6.7642,8.4645,-3.805,0.42025,-0.19149,-1.0835,NaN,NaN,NaN,NaN,NaN,NaN,NaN,NaN,NaN,45.72,0,1649.7,0.0064211,NaN,NaN,NaN,NaN,18.706,97463,10.563,-1.9523,0.37863,-9.7,-6.2345,5.6912,-3.6798,NaN,NaN,NaN,NaN,NaN
564.43,-11.72,-37.068,-136.13,-2.8464,0.33239,-11.911,-6.4387,5.0993,-3.8876,0,0,0,NaN,NaN,NaN,NaN,NaN,NaN,NaN,NaN,NaN,45.72,0,1649.7,0.0064211,0.7331,2.6127,0.63959,0.095727,NaN,-1,-1,-1.9556,0.37868,-9.6969,-6.225,5.9294,-3.6819,NaN,NaN,NaN,NaN,NaN
564.43,-11.727,-37.045,-136.15,-1.7888,-1.0068,-9.1852,-7.0836,9.6358,-3.6153,0,0,0,NaN,NaN,NaN,NaN,NaN,NaN,NaN,NaN,NaN,45.72,0,1649.7,0.0064211,NaN,NaN,NaN,NaN,NaN,-1,-1,-1.9615,0.3757,-9.7121,-6.2449,5.7567,-3.6923,NaN,NaN,NaN,NaN,NaN
564.43,-11.737,-37.041,-136.16,-1.8718,1.5459,-8.5369,-7.2808,2.3959,-3.8741,0.42443,-0.19108,-1.0743,NaN,NaN,NaN,NaN,NaN,NaN,NaN,NaN,NaN,45.72,0,1649.7,0.0064211,NaN,NaN,NaN,NaN,18.735,97525,10.875,-1.9713,0.37736,-9.7187,-6.2138,5.6868,-3.7005,NaN,NaN,NaN,NaN,NaN
564.43,-11.742,-37.03,-136.17,-2.4357,1.379,-11.925,-5.6522,4.9209,-3.6096,0,0,0,NaN,NaN,NaN,NaN,NaN,NaN,NaN,NaN,NaN,45.72,0,1649.7,0.0064211,NaN,NaN,NaN,NaN,18.541,97507,10.813,-1.9728,0.37964,-9.7072,-6.1567,5.8749,-3.6941,NaN,NaN,NaN,NaN,NaN
564.44,-11.757,-37.003,-136.2,-1.5913,0.9491,-8.6332,-6.8119,4.0092,-3.6436,0,0,0,NaN,NaN,NaN,NaN,NaN,NaN,NaN,NaN,NaN,45.72,0,1649.7,0.0064211,NaN,NaN,NaN,NaN,NaN,-1,-1,-1.9803,0.38048,-9.7317,-6.1223,5.8634,-3.6966,NaN,NaN,NaN,NaN,NaN
564.44,-11.762,-36.996,-136.21,-1.9969,1.2187,-10.695,-5.5092,3.4531,-3.5834,0.42025,-0.19149,-1.0835,NaN,NaN,NaN,NaN,NaN,NaN,NaN,NaN,NaN,45.72,0,1649.7,0.0064211,0.74022,2.6049,0.63838,0.09656,NaN,-1,-1,-1.9841,0.38367,-9.7432,-6.0576,5.6197,-3.6915,NaN,NaN,NaN,NaN,NaN
564.44,-11.766,-36.98,-136.22,-2.1548,-0.041434,-10.96,-5.3392,7.1451,-3.5369,0,0,0,NaN,NaN,NaN,NaN,NaN,NaN,NaN,NaN,NaN,45.72,0,1649.7,0.0064211,NaN,NaN,NaN,NaN,NaN,-1,-1,-1.9835,0.38518,-9.736,-5.9971,5.6565,-3.6938,NaN,NaN,NaN,NaN,NaN
564.44,-11.779,-36.958,-136.25,-2.3828,1.7951,-9.7203,-5.8181,4.0045,-3.4583,0,0,0,NaN,NaN,NaN,NaN,NaN,NaN,NaN,NaN,NaN,45.72,0,1649.7,0.0064211,NaN,NaN,NaN,NaN,18.778,97541,10.938,-1.9946,0.38687,-9.7465,-5.9673,5.6507,-3.6994,NaN,NaN,NaN,NaN,NaN
564.45,-11.783,-36.945,-136.26,-2.3468,-0.008552,-10.847,-5.4636,5.9059,-3.5836,0.41349,-0.17691,-1.0819,NaN,NaN,NaN,NaN,NaN,NaN,NaN,NaN,NaN,45.72,0,1649.7,0.0064211,NaN,NaN,NaN,NaN,NaN,-1,-1,-1.9913,0.37168,-9.7581,-5.9362,5.5499,-3.7132,NaN,NaN,NaN,NaN,NaN
564.45,-11.789,-36.932,-136.27,-1.8864,-1.0443,-8.9184,-6.5514,6.1793,-4.0909,0,0,0,NaN,NaN,NaN,NaN,NaN,NaN,NaN,NaN,NaN,45.72,0,1649.7,0.0064211,0.74734,2.6169,0.65542,0.074917,NaN,-1,-1,-2.005,0.3812,-9.7685,-5.9402,5.5796,-3.7169,NaN,NaN,NaN,NaN,NaN
564.45,-11.797,-36.923,-136.29,-2.3681,1.4436,-9.9804,-6.5148,3.9684,-3.6641,0,0,0,NaN,NaN,NaN,NaN,NaN,NaN,NaN,NaN,NaN,45.72,0,1649.7,0.0064211,NaN,NaN,NaN,NaN,18.663,97485,10.625,-1.9985,0.36686,-9.7596,-5.894,5.5234,-3.7251,NaN,NaN,NaN,NaN,NaN
564.45,-11.801,-36.908,-136.3,-1.8486,1.063,-11.327,-5.4846,6.7622,-3.9693,0,0,0,NaN,NaN,NaN,NaN,NaN,NaN,NaN,NaN,NaN,45.72,0,1649.7,0.0064211,NaN,NaN,NaN,NaN,18.855,97505,10.688,-2.0096,0.37263,-9.7937,-5.8381,5.4626,-3.7275,NaN,NaN,NaN,NaN,NaN
564.46,-11.804,-36.894,-136.31,-2.0205,-0.80857,-8.1969,-5.4353,6.4922,-3.7337,0.41119,-0.18431,-1.0866,NaN,NaN,NaN,NaN,NaN,NaN,NaN,NaN,NaN,45.72,0,1649.7,0.0064211,NaN,NaN,NaN,NaN,NaN,-1,-1,-2.0104,0.36128,-9.7762,-5.8094,5.4564,-3.7231,NaN,NaN,NaN,NaN,NaN
564.46,-11.811,-36.888,-136.33,-1.8792,0.95221,-10.012,-5.9663,2.9307,-3.5573,0,0,0,NaN,NaN,NaN,NaN,NaN,NaN,NaN,NaN,NaN,45.72,0,1649.7,0.0064211,NaN,NaN,NaN,NaN,NaN,-1,-1,-2.012,0.36787,-9.7927,-5.7358,5.4027,-3.7096,NaN,NaN,NaN,NaN,NaN
564.46,-11.816,-36.874,-136.34,-1.6761,1.1911,-11.415,-5.457,6.3624,-3.601,0,0,0,NaN,NaN,NaN,NaN,NaN,NaN,NaN,NaN,NaN,45.72,0,1649.7,0.0064211,0.73091,2.6038,0.64933,0.098224,NaN,-1,-1,-2.0228,0.37878,-9.836,-5.6268,5.3588,-3.7083,NaN,NaN,NaN,NaN,NaN
564.46,-11.819,-36.859,-136.35,-2.1409,-0.5109,-8.8841,-4.9122,6.7211,-3.5599,0,0,0,NaN,NaN,NaN,NaN,NaN,NaN,NaN,NaN,NaN,45.72,0,1649.7,0.0064211,NaN,NaN,NaN,NaN,18.751,97512,10.75,-2.0195,0.37218,-9.8039,-5.597,5.3793,-3.7108,NaN,NaN,NaN,NaN,NaN
564.47,-11.823,-36.847,-136.37,-2.0999,0.87892,-9.5851,-5.5909,5.137,-3.7128,0.41317,-0.17907,-1.0775,NaN,NaN,NaN,NaN,NaN,NaN,NaN,NaN,NaN,45.72,0,1649.7,0.0064211,NaN,NaN,NaN,NaN,NaN,-1,-1,-2.0231,0.37022,-9.8154,-5.5229,5.3873,-3.7128,NaN,NaN,NaN,NaN,NaN
564.47,-11.831,-36.823,-136.39,-2.525,0.77537,-11.495,-4.8725,6.944,-3.9186,0,0,0,NaN,NaN,NaN,NaN,NaN,NaN,NaN,NaN,NaN,45.72,0,1649.7,0.0064211,NaN,NaN,NaN,NaN,NaN,-1,-1,-2.0414,0.37427,-9.8709,-5.4864,5.4427,-3.712,NaN,NaN,NaN,NaN,NaN
564.47,-11.835,-36.805,-136.41,-2.1228,-1.0473,-8.3824,-5.9138,7.8484,-3.9331,0,0,0,NaN,NaN,NaN,NaN,NaN,NaN,NaN,NaN,NaN,45.72,0,1649.7,0.0064211,0.74569,2.6121,0.65724,0.067425,18.813,97486,10.625,-2.0466,0.37057,-9.8761,-5.4183,5.5373,-3.7047,NaN,NaN,NaN,NaN,NaN
564.47,-11.842,-36.8,-136.42,-1.9782,1.0602,-9.4146,-6.1938,2.597,-3.8925,0.40637,-0.18412,-1.0848,NaN,NaN,NaN,NaN,NaN,NaN,NaN,NaN,NaN,45.72,0,1649.7,0.0064211,0.74569,2.6121,0.65724,0.067425,18.73,97513,10.75,-2.0476,0.38208,-9.8757,-5.3709,5.6063,-3.7027,NaN,NaN,NaN,NaN,NaN
564.48,-11.847,-36.767,-136.45,-1.8939,-0.58478,-9.3434,-4.6894,8.4235,-3.5178,0,0,0,NaN,NaN,NaN,NaN,NaN,NaN,NaN,NaN,NaN,45.72,0,1649.7,0.0064211,NaN,NaN,NaN,NaN,NaN,-1,-1,-2.0554,0.38169,-9.9119,-5.2895,5.5144,-3.6904,NaN,NaN,NaN,NaN,NaN
564.48,-11.853,-36.758,-136.46,-1.4602,-0.11427,-7.6745,-5.7009,4.0562,-3.7693,0,0,0,NaN,NaN,NaN,NaN,NaN,NaN,NaN,NaN,NaN,45.72,0,1649.7,0.0064211,NaN,NaN,NaN,NaN,NaN,-1,-1,-2.0615,0.37642,-9.9232,-5.2079,5.6132,-3.684,NaN,NaN,NaN,NaN,NaN
564.48,-11.857,-36.751,-136.47,-1.9846,1.4926,-11.59,-5.2078,3.591,-3.6931,0.41591,-0.17455,-1.0817,NaN,NaN,NaN,NaN,NaN,NaN,NaN,NaN,NaN,45.72,0,1649.7,0.0064211,NaN,NaN,NaN,NaN,NaN,-1,-1,-2.0601,0.38606,-9.9232,-5.1479,5.7687,-3.6814,NaN,NaN,NaN,NaN,NaN
564.48,-11.858,-36.734,-136.49,-2.2169,0.73918,-11.464,-4.3717,7.4896,-3.5407,0,0,0,NaN,NaN,NaN,NaN,NaN,NaN,NaN,NaN,NaN,45.72,0,1649.7,0.0064211,NaN,NaN,NaN,NaN,18.983,97478,10.625,-2.0702,0.38513,-9.958,-5.0897,5.7907,-3.6871,NaN,NaN,NaN,NaN,NaN
564.49,-11.866,-36.708,-136.51,-1.8605,1.2438,-8.954,-5.4956,3.9484,-3.6248,0,0,0,NaN,NaN,NaN,NaN,NaN,NaN,NaN,NaN,NaN,45.72,0,1649.7,0.0064211,0.79442,2.519,0.70654,0.011654,NaN,-1,-1,-2.0741,0.38325,-9.9732,-5.0935,6.026,-3.6802,NaN,NaN,NaN,NaN,NaN
564.49,-11.866,-36.708,-136.51,-1.8605,1.2438,-8.954,-5.4956,3.9484,-3.6248,0,0,0,NaN,NaN,NaN,NaN,NaN,NaN,NaN,NaN,NaN,45.72,0,1649.7,0.0064211,NaN,NaN,NaN,NaN,NaN,-1,-1,-2.0782,0.39262,-9.9928,-5.1179,5.9158,-3.6975,NaN,NaN,NaN,NaN,NaN
564.49,-11.869,-36.698,-136.52,-2.8106,0.43939,-11.71,-4.5464,4.4581,-3.7577,0.40623,-0.18891,-1.0848,NaN,NaN,NaN,NaN,NaN,NaN,NaN,NaN,NaN,45.72,0,1649.7,0.0064211,NaN,NaN,NaN,NaN,18.926,97529,10.875,-2.0871,0.38518,-10.006,-5.0618,5.9944,-3.6904,NaN,NaN,NaN,NaN,NaN
564.49,-11.873,-36.678,-136.54,-2.3456,-0.71103,-9.8865,-5.8045,9.1198,-3.8146,0,0,0,NaN,NaN,NaN,NaN,NaN,NaN,NaN,NaN,NaN,45.72,0,1649.7,0.0064211,NaN,NaN,NaN,NaN,18.835,97524,10.75,-2.0902,0.37887,-10.022,-5.0718,5.9395,-3.6826,NaN,NaN,NaN,NaN,NaN
564.5,-11.883,-36.658,-136.57,-2.6332,1.3373,-10.895,-5.1165,5.0278,-3.6696,0,0,0,NaN,NaN,NaN,NaN,NaN,NaN,NaN,NaN,NaN,45.72,0,1649.7,0.0064211,NaN,NaN,NaN,NaN,NaN,-1,-1,-2.0949,0.40206,-10.043,-5.0542,5.7871,-3.6734,NaN,NaN,NaN,NaN,NaN
564.5,-11.884,-36.639,-136.58,-1.7781,0.029414,-10.077,-4.5293,8.1475,-3.708,0.40195,-0.17448,-1.0852,NaN,NaN,NaN,NaN,NaN,NaN,NaN,NaN,NaN,45.72,0,1649.7,0.0064211,0.72927,2.6091,0.63533,0.091565,NaN,-1,-1,-2.1003,0.38629,-10.058,-4.9976,5.9785,-3.6625,NaN,NaN,NaN,NaN,NaN
564.5,-11.888,-36.628,-136.59,-1.5652,-0.11786,-8.6347,-5.2101,5.2336,-3.4932,0,0,0,NaN,NaN,NaN,NaN,NaN,NaN,NaN,NaN,NaN,45.72,0,1649.7,0.0064211,NaN,NaN,NaN,NaN,18.979,97504,10.625,-2.0988,0.40431,-10.065,-4.9621,5.9783,-3.6534,NaN,NaN,NaN,NaN,NaN
564.5,-11.891,-36.619,-136.61,-1.772,1.5165,-11.574,-4.4358,4.2432,-3.5747,0,0,0,NaN,NaN,NaN,NaN,NaN,NaN,NaN,NaN,NaN,45.72,0,1649.7,0.0064211,NaN,NaN,NaN,NaN,18.943,97511,10.75,-2.1066,0.41294,-10.092,-5.0908,6.1731,-3.7554,NaN,NaN,NaN,NaN,NaN
564.51,-11.891,-36.602,-136.62,-2.4021,-0.1828,-11.191,-4.1417,7.5487,-3.7369,0,0,0,NaN,NaN,NaN,NaN,NaN,NaN,NaN,NaN,NaN,45.72,0,1649.7,0.0064211,NaN,NaN,NaN,NaN,NaN,-1,-1,-2.1145,0.41304,-10.125,-5.067,6.0013,-3.7403,NaN,NaN,NaN,NaN,NaN
564.51,-11.895,-36.583,-136.63,-2.1335,0.15503,-9.0794,-5.4444,8.0117,-3.6784,0.40904,-0.18691,-1.0912,NaN,NaN,NaN,NaN,NaN,NaN,NaN,NaN,NaN,45.72,0,1649.7,0.0064211,0.72325,2.6121,0.64081,0.084906,NaN,-1,-1,-2.1238,0.42094,-10.143,-5.046,5.9493,-3.7116,NaN,NaN,NaN,NaN,NaN
564.51,-11.898,-36.575,-136.65,-2.035,1.5267,-9.2609,-4.606,4.1017,-3.6811,0,0,0,NaN,NaN,NaN,NaN,NaN,NaN,NaN,NaN,NaN,45.72,0,1649.7,0.0064211,NaN,NaN,NaN,NaN,NaN,-1,-1,-2.1268,0.40921,-10.159,-5.01,6.1059,-3.7021,NaN,NaN,NaN,NaN,NaN
564.51,-11.901,-36.562,-136.66,-2.5585,0.19029,-11.66,-4.8241,5.8488,-3.6867,0,0,0,NaN,NaN,NaN,NaN,NaN,NaN,NaN,NaN,NaN,45.72,0,1649.7,0.0064211,NaN,NaN,NaN,NaN,19.09,97530,10.813,-2.126,0.41468,-10.178,-4.9786,6.001,-3.6865,NaN,NaN,NaN,NaN,NaN
564.52,-11.906,-36.543,-136.68,-2.4083,-0.96735,-10.474,-5.9784,8.0384,-3.4887,0,0,0,NaN,NaN,NaN,NaN,NaN,NaN,NaN,NaN,NaN,45.72,0,1649.7,0.0064211,NaN,NaN,NaN,NaN,NaN,-1,-1,-2.1385,0.41189,-10.196,-4.9488,6.012,-3.6596,NaN,NaN,NaN,NaN,NaN
564.52,-11.914,-36.518,-136.7,-2.0281,1.0853,-10.749,-4.2673,5.0263,-3.3215,0,0,0,NaN,NaN,NaN,NaN,NaN,NaN,NaN,NaN,NaN,45.72,0,1649.7,0.0064211,NaN,NaN,NaN,NaN,NaN,-1,-1,-2.1255,0.40365,-10.177,-4.9437,6.0007,-3.6319,NaN,NaN,NaN,NaN,NaN
564.52,-11.917,-36.502,-136.71,-2.0829,-0.58154,-10.167,-4.9127,7.2693,-3.568,0,0,0,NaN,NaN,NaN,NaN,NaN,NaN,NaN,NaN,NaN,45.72,0,1649.7,0.0064211,NaN,NaN,NaN,NaN,18.983,97521,10.75,-2.1361,0.40851,-10.21,-4.9134,5.8522,-3.5956,NaN,NaN,NaN,NaN,NaN
564.52,-11.92,-36.487,-136.73,-1.6309,0.38739,-9.5076,-5.1761,6.7021,-3.7864,0,0,0,NaN,NaN,NaN,NaN,NaN,NaN,NaN,NaN,NaN,45.681,0,1711.1,0.0053322,NaN,NaN,NaN,NaN,19.045,97486,10.625,-2.1353,0.41007,-10.23,-4.8906,5.9337,-3.5751,NaN,NaN,NaN,NaN,NaN
564.53,-11.923,-36.478,-136.74,-1.9792,1.8735,-10.143,-4.7091,4.3649,-3.8142,0.4043,-0.17451,-1.085,-9.0561,-13.714,-12.13,20.426,40.057,-88.55,3.6777e+05,4.4353e+06,274.9,45.681,0,1711.1,0.0053322,NaN,NaN,NaN,NaN,NaN,-1,-1,-2.1194,0.40958,-10.138,-4.8472,6.0198,-3.5745,20.232,-2.7688,-0.45552,-1.2898,-7.7906
564.53,-11.925,-36.463,-136.75,-2.2985,-0.16512,-11.46,-4.7397,6.4363,-3.7778,0,0,0,NaN,NaN,NaN,NaN,NaN,NaN,NaN,NaN,NaN,45.681,0,1711.1,0.0053322,NaN,NaN,NaN,NaN,NaN,-1,-1,-2.1191,0.40112,-10.14,-4.8765,5.912,-3.5564,NaN,NaN,NaN,NaN,NaN
564.53,-11.928,-36.447,-136.77,-2.1673,0.36475,-10.276,-5.2221,7.4145,-3.6241,0,0,0,NaN,NaN,NaN,NaN,NaN,NaN,NaN,NaN,NaN,45.681,0,1711.1,0.0053322,0.74022,2.6187,0.65481,0.070755,19.131,97515,10.75,-2.1266,0.40879,-10.178,-4.9119,5.9455,-3.5575,NaN,NaN,NaN,NaN,NaN
564.53,-11.933,-36.42,-136.79,-2.3335,-0.65704,-10.332,-5.0643,4.6859,-3.7243,0.39987,-0.16978,-1.0876,NaN,NaN,NaN,NaN,NaN,NaN,NaN,NaN,NaN,45.681,0,1711.1,0.0053322,NaN,NaN,NaN,NaN,NaN,-1,-1,-2.1177,0.40417,-10.099,-4.9167,5.9208,-3.5435,NaN,NaN,NaN,NaN,NaN
564.54,-11.939,-36.409,-136.81,-2.6405,0.471,-11.819,-5.761,5.2071,-3.7784,0,0,0,NaN,NaN,NaN,NaN,NaN,NaN,NaN,NaN,NaN,45.681,0,1711.1,0.0053322,NaN,NaN,NaN,NaN,19.173,97515,10.75,-2.1228,0.42283,-10.13,-4.9159,5.8306,-3.5352,NaN,NaN,NaN,NaN,NaN
564.54,-11.947,-36.373,-136.84,-1.5933,-0.089605,-8.7353,-5.7142,6.0475,-3.652,0,0,0,NaN,NaN,NaN,NaN,NaN,NaN,NaN,NaN,NaN,45.681,0,1711.1,0.0053322,NaN,NaN,NaN,NaN,NaN,-1,-1,-2.1299,0.40726,-10.168,-4.9175,5.8919,-3.5288,NaN,NaN,NaN,NaN,NaN
564.54,-11.95,-36.363,-136.85,-2.3283,0.77142,-11.034,-4.7744,4.4767,-3.78,0.39711,-0.1792,-1.0856,NaN,NaN,NaN,NaN,NaN,NaN,NaN,NaN,NaN,45.681,0,1711.1,0.0053322,NaN,NaN,NaN,NaN,NaN,-1,-1,-2.1348,0.40917,-10.19,-4.9229,5.9077,-3.5128,NaN,NaN,NaN,NaN,NaN
564.54,-11.955,-36.329,-136.88,-1.8052,-0.079285,-9.1583,-4.6202,7.7467,-3.2973,0,0,0,NaN,NaN,NaN,NaN,NaN,NaN,NaN,NaN,NaN,45.681,0,1711.1,0.0053322,NaN,NaN,NaN,NaN,19.213,97523,10.75,-2.1344,0.40381,-10.193,-4.938,5.7596,-3.4981,NaN,NaN,NaN,NaN,NaN
564.55,-11.961,-36.32,-136.89,-1.9092,0.002038,-10.732,-5.6163,4.235,-3.7428,0,0,0,NaN,NaN,NaN,NaN,NaN,NaN,NaN,NaN,NaN,45.681,0,1711.1,0.0053322,0.73201,2.6121,0.64142,0.092398,NaN,-1,-1,-2.147,0.39549,-10.248,-4.9621,5.8443,-3.4931,NaN,NaN,NaN,NaN,NaN
564.55,-11.963,-36.305,-136.9,-2.821,1.6444,-11.434,-5.0159,7.0113,-3.8097,0.40229,-0.16742,-1.0874,NaN,NaN,NaN,NaN,NaN,NaN,NaN,NaN,NaN,45.681,0,1711.1,0.0053322,NaN,NaN,NaN,NaN,NaN,-1,-1,-2.1509,0.40349,-10.268,-4.9758,5.7229,-3.498,NaN,NaN,NaN,NaN,NaN
564.55,-11.964,-36.283,-136.92,-2.2079,-0.2492,-9.4753,-4.6485,9.4525,-3.8033,0,0,0,NaN,NaN,NaN,NaN,NaN,NaN,NaN,NaN,NaN,45.681,0,1711.1,0.0053322,NaN,NaN,NaN,NaN,19.108,97527,10.75,-2.1506,0.41701,-10.271,-5.0396,5.7659,-3.5022,NaN,NaN,NaN,NaN,NaN
564.55,-11.97,-36.277,-136.93,-1.8434,-0.41559,-8.9272,-5.6716,2.7886,-3.8086,0,0,0,NaN,NaN,NaN,NaN,NaN,NaN,NaN,NaN,NaN,45.681,0,1711.1,0.0053322,NaN,NaN,NaN,NaN,NaN,-1,-1,-2.1624,0.40846,-10.29,-5.0527,5.8665,-3.503,NaN,NaN,NaN,NaN,NaN
564.56,-11.976,-36.267,-136.94,-2.7771,1.4316,-14.042,-5.6917,4.872,-3.643,0,0,0,NaN,NaN,NaN,NaN,NaN,NaN,NaN,NaN,NaN,45.681,0,1711.1,0.0053322,0.73146,NaN,NaN,NaN,19.087,97508,10.688,-2.1718,0.41782,-10.318,-5.0615,5.9185,-3.5112,NaN,NaN,NaN,NaN,NaN
564.56,0,0,0,0,0,0,0,0,0,0,0,0,NaN,NaN,NaN,NaN,NaN,NaN,NaN,NaN,NaN,45.681,0,1711.1,0.0053322,NaN,2.6044,0.63412,0.09323,NaN,-1,-1,-2.164,0.42383,-10.313,-5.1074,5.8518,-3.5075,NaN,NaN,NaN,NaN,NaN
564.56,-11.978,-36.241,-136.96,-2.4277,0.40801,-9.7843,-5.2885,11.278,-3.6529,0.39711,-0.1792,-1.0856,NaN,NaN,NaN,NaN,NaN,NaN,NaN,NaN,NaN,45.681,0,1711.1,0.0053322,NaN,NaN,NaN,NaN,NaN,-1,-1,-2.1705,0.42497,-10.31,-5.1121,5.9142,-3.5078,NaN,NaN,NaN,NaN,NaN
564.56,-11.982,-36.228,-136.97,-1.421,-0.11833,-7.425,-5.5661,5.9414,-3.7121,0,0,0,NaN,NaN,NaN,NaN,NaN,NaN,NaN,NaN,NaN,45.681,0,1711.1,0.0053322,NaN,NaN,NaN,NaN,19.275,97487,10.625,-2.176,0.4277,-10.347,-5.1111,5.9516,-3.5045,NaN,NaN,NaN,NaN,NaN
564.57,-11.988,-36.224,-136.98,-1.7606,1.0459,-10.924,-5.2675,1.9761,-3.4904,0,0,0,NaN,NaN,NaN,NaN,NaN,NaN,NaN,NaN,NaN,45.681,0,1711.1,0.0053322,NaN,NaN,NaN,NaN,NaN,-1,-1,-2.1724,0.43307,-10.338,-5.1199,5.9664,-3.5222,NaN,NaN,NaN,NaN,NaN
564.57,-11.995,-36.183,-137.01,-1.4989,-0.41469,-7.8882,-5.2099,9.7221,-3.4667,0.39281,-0.17459,-1.0904,NaN,NaN,NaN,NaN,NaN,NaN,NaN,NaN,NaN,45.681,0,1711.1,0.0053322,NaN,NaN,NaN,NaN,NaN,-1,-1,-2.1776,0.4241,-10.318,-5.1284,6.1413,-3.527,NaN,NaN,NaN,NaN,NaN
564.57,-12.002,-36.178,-137.02,-1.9251,0.59324,-10.498,-5.9552,2.5164,-3.6339,0,0,0,NaN,NaN,NaN,NaN,NaN,NaN,NaN,NaN,NaN,45.681,0,1711.1,0.0053322,0.72763,2.6109,0.64994,0.088236,19.256,97516,10.75,-2.1747,0.41861,-10.344,-5.1284,6.0442,-3.5377,NaN,NaN,NaN,NaN,NaN
564.57,-12.005,-36.164,-137.04,-3.0455,1.3107,-11.91,-4.941,6.007,-3.7171,0,0,0,NaN,NaN,NaN,NaN,NaN,NaN,NaN,NaN,NaN,45.681,0,1711.1,0.0053322,NaN,NaN,NaN,NaN,19.209,97504,10.625,-2.178,0.42266,-10.347,-5.1769,6.2769,-3.5459,NaN,NaN,NaN,NaN,NaN
564.58,-12.006,-36.139,-137.05,-2.2325,-0.29369,-10.824,-5.1823,11.247,-3.9843,0,0,0,NaN,NaN,NaN,NaN,NaN,NaN,NaN,NaN,NaN,45.681,0,1711.1,0.0053322,NaN,NaN,NaN,NaN,NaN,-1,-1,-2.1768,0.43667,-10.334,-5.1664,6.2416,-3.5366,NaN,NaN,NaN,NaN,NaN
564.58,-11.998,-36.119,-137.08,-1.9605,-0.40778,-7.7342,-5.7795,3.0764,-3.7327,0.39544,-0.16505,-1.0902,NaN,NaN,NaN,NaN,NaN,NaN,NaN,NaN,NaN,45.681,0,1711.1,0.0053322,NaN,NaN,NaN,NaN,NaN,-1,-1,-2.1761,0.42139,-10.326,-5.1841,6.2038,-3.548,NaN,NaN,NaN,NaN,NaN
564.58,-12.005,-36.109,-137.09,-2.6225,1.9903,-13.621,-5.8884,4.3,-3.3807,0,0,0,NaN,NaN,NaN,NaN,NaN,NaN,NaN,NaN,NaN,45.681,0,1711.1,0.0053322,NaN,NaN,NaN,NaN,NaN,-1,-1,-2.1784,0.44428,-10.341,-5.2066,6.4617,-3.5509,NaN,NaN,NaN,NaN,NaN
564.58,-12.005,-36.082,-137.11,-2.4726,-0.28084,-10.196,-4.9004,11.844,-4.0163,0,0,0,NaN,NaN,NaN,NaN,NaN,NaN,NaN,NaN,NaN,45.681,0,1711.1,0.0053322,NaN,NaN,NaN,NaN,19.024,97553,10.813,-2.1797,0.44724,-10.322,-5.1798,6.2807,-3.5593,NaN,NaN,NaN,NaN,NaN
564.59,-12.015,-36.065,-137.13,-1.984,1.7028,-12.628,-5.222,2.5067,-3.5117,0.38799,-0.1695,-1.0864,NaN,NaN,NaN,NaN,NaN,NaN,NaN,NaN,NaN,45.681,0,1711.1,0.0053322,NaN,NaN,NaN,NaN,NaN,-1,-1,-2.1763,0.45034,-10.298,-5.148,6.4916,-3.5635,NaN,NaN,NaN,NaN,NaN
564.59,-12.016,-36.041,-137.14,-2.5527,0.25013,-12.099,-4.7077,10.074,-3.6075,0,0,0,NaN,NaN,NaN,NaN,NaN,NaN,NaN,NaN,NaN,45.681,0,1711.1,0.0053322,NaN,NaN,NaN,NaN,NaN,-1,-1,-2.1792,0.44814,-10.305,-5.1253,6.6545,-3.5654,NaN,NaN,NaN,NaN,NaN
564.59,-12.021,-36.022,-137.16,-1.7335,-0.39891,-8.954,-5.9937,8.4702,-3.7191,0,0,0,NaN,NaN,NaN,NaN,NaN,NaN,NaN,NaN,NaN,45.681,0,1711.1,0.0053322,NaN,NaN,NaN,NaN,19.339,97538,10.813,-2.1673,0.44139,-10.259,-5.1034,6.495,-3.579,NaN,NaN,NaN,NaN,NaN
564.59,-12.027,-36.016,-137.17,-2.2116,1.4828,-9.229,-5.6989,2.9157,-3.6385,0,0,0,NaN,NaN,NaN,NaN,NaN,NaN,NaN,NaN,NaN,45.681,0,1711.1,0.0053322,NaN,NaN,NaN,NaN,NaN,-1,-1,-2.1832,0.44903,-10.351,-5.1131,6.5958,-3.5867,NaN,NaN,NaN,NaN,NaN
564.6,-12.029,-35.998,-137.19,-2.9383,1.1325,-14.113,-4.7291,7.9351,-3.8152,0.39993,-0.1723,-1.0898,NaN,NaN,NaN,NaN,NaN,NaN,NaN,NaN,NaN,45.681,0,1711.1,0.0053322,0.72982,2.6133,0.65116,0.074917,19.148,97516,10.688,-2.1815,0.44473,-10.331,-5.1289,6.7252,-3.6003,NaN,NaN,NaN,NaN,NaN
564.6,-12.032,-35.976,-137.2,-1.8829,-1.1574,-8.1548,-5.554,9.8563,-3.9171,0,0,0,NaN,NaN,NaN,NaN,NaN,NaN,NaN,NaN,NaN,45.681,0,1711.1,0.0053322,NaN,NaN,NaN,NaN,NaN,-1,-1,-2.1789,0.45312,-10.336,-5.1126,6.5886,-3.6254,NaN,NaN,NaN,NaN,NaN
564.6,-12.038,-35.971,-137.21,-2.1918,1.0416,-10.632,-5.4869,2.4111,-3.6766,0,0,0,NaN,NaN,NaN,NaN,NaN,NaN,NaN,NaN,NaN,45.681,0,1711.1,0.0053322,NaN,NaN,NaN,NaN,NaN,-1,-1,-2.1954,0.44474,-10.441,-5.0719,6.7748,-3.6232,NaN,NaN,NaN,NaN,NaN
564.6,-12.04,-35.952,-137.23,-2.9773,1.2437,-12.007,-4.8654,8.4979,-3.5399,0,0,0,NaN,NaN,NaN,NaN,NaN,NaN,NaN,NaN,NaN,45.681,0,1711.1,0.0053322,NaN,NaN,NaN,NaN,19.419,97531,10.75,-2.1963,0.44304,-10.424,-5.0688,6.6245,-3.6401,NaN,NaN,NaN,NaN,NaN
564.61,-12.041,-35.931,-137.24,-1.4851,-0.67532,-8.9393,-4.5734,8.9344,-3.6606,0.3949,-0.17438,-1.0858,NaN,NaN,NaN,NaN,NaN,NaN,NaN,NaN,NaN,45.681,0,1711.1,0.0053322,NaN,NaN,NaN,NaN,NaN,-1,-1,-2.192,0.44254,-10.44,-5.037,6.7473,-3.668,NaN,NaN,NaN,NaN,NaN
564.61,-12.047,-35.925,-137.25,-1.9222,0.35475,-10.624,-5.4928,3.2911,-3.6705,0,0,0,NaN,NaN,NaN,NaN,NaN,NaN,NaN,NaN,NaN,45.681,0,1711.1,0.0053322,0.73967,2.6103,0.63838,0.099057,NaN,-1,-1,-2.2029,0.43789,-10.458,-5.0071,7.0484,-3.6846,NaN,NaN,NaN,NaN,NaN
564.61,-12.05,-35.907,-137.27,-2.4948,2.0284,-11.427,-5.035,7.821,-3.5059,0,0,0,NaN,NaN,NaN,NaN,NaN,NaN,NaN,NaN,NaN,45.681,0,1711.1,0.0053322,NaN,NaN,NaN,NaN,19.395,97509,10.625,-2.2021,0.44321,-10.466,-5.0204,6.9083,-3.7118,NaN,NaN,NaN,NaN,NaN
564.61,-12.051,-35.886,-137.28,-1.7286,-0.13248,-10.523,-4.4996,9.0694,-3.6534,0,0,0,NaN,NaN,NaN,NaN,NaN,NaN,NaN,NaN,NaN,45.681,0,1711.1,0.0053322,NaN,NaN,NaN,NaN,NaN,-1,-1,-2.1946,0.44894,-10.465,-5.0338,6.8631,-3.7337,NaN,NaN,NaN,NaN,NaN
564.62,-12.055,-35.878,-137.29,-2.0131,-0.21515,-9.8965,-4.8237,3.9489,-3.6087,0.39751,-0.17466,-1.09,NaN,NaN,NaN,NaN,NaN,NaN,NaN,NaN,NaN,45.681,0,1711.1,0.0053322,NaN,NaN,NaN,NaN,19.25,97535,10.688,-2.1954,0.44736,-10.486,-4.8481,6.7944,-3.6363,NaN,NaN,NaN,NaN,NaN
564.62,-12.056,-35.86,-137.31,-3.2049,1.3241,-12.498,-4.439,7.8474,-3.9335,0,0,0,NaN,NaN,NaN,NaN,NaN,NaN,NaN,NaN,NaN,45.681,0,1711.1,0.0053322,NaN,NaN,NaN,NaN,NaN,-1,-1,-2.2005,0.46633,-10.495,-4.8017,6.956,-3.6347,NaN,NaN,NaN,NaN,NaN
564.62,-12.059,-35.837,-137.32,-1.6853,-0.41612,-8.0468,-5.3516,9.9074,-3.2789,0,0,0,NaN,NaN,NaN,NaN,NaN,NaN,NaN,NaN,NaN,45.681,0,1711.1,0.0053322,NaN,2.6044,0.64325,0.092398,NaN,-1,-1,-2.2008,0.46051,-10.515,-4.7673,6.9218,-3.6429,NaN,NaN,NaN,NaN,NaN
564.62,-12.063,-35.836,-137.33,-2.1613,0.24625,-12.5,-4.4886,0.97609,-3.6598,0,0,0,NaN,NaN,NaN,NaN,NaN,NaN,NaN,NaN,NaN,45.681,0,1711.1,0.0053322,NaN,2.6044,0.64325,0.092398,19.377,97536,10.75,-2.2075,0.47135,-10.543,-4.7304,6.8707,-3.6339,NaN,NaN,NaN,NaN,NaN
564.63,-12.065,-35.812,-137.35,-3.4858,0.90242,-11.913,-4.7963,10.455,-3.5138,0.39067,-0.16738,-1.0906,NaN,NaN,NaN,NaN,NaN,NaN,NaN,NaN,NaN,45.681,0,1711.1,0.0053322,NaN,NaN,NaN,NaN,NaN,-1,-1,-2.2027,0.45575,-10.525,-4.6787,6.9708,-3.6173,NaN,NaN,NaN,NaN,NaN
564.63,-12.07,-35.785,-137.37,-2.1592,-0.2207,-10.079,-4.4873,3.0328,-3.3582,0,0,0,NaN,NaN,NaN,NaN,NaN,NaN,NaN,NaN,NaN,45.681,0,1711.1,0.0053322,NaN,NaN,NaN,NaN,NaN,-1,-1,-2.2122,0.45869,-10.521,-4.6532,6.8396,-3.6138,NaN,NaN,NaN,NaN,NaN
564.63,-12.071,-35.768,-137.39,-2.693,1.0813,-12.665,-4.4363,7.926,-3.6618,0,0,0,NaN,NaN,NaN,NaN,NaN,NaN,NaN,NaN,NaN,45.681,0,1711.1,0.0053322,NaN,NaN,NaN,NaN,19.336,97536,10.75,-2.2107,0.45757,-10.563,-4.6318,6.8716,-3.6186,NaN,NaN,NaN,NaN,NaN
564.63,-12.071,-35.742,-137.4,-1.8323,0.96047,-9.5585,-3.9644,10.91,-3.2292,0.40007,-0.16751,-1.0898,NaN,NaN,NaN,NaN,NaN,NaN,NaN,NaN,NaN,45.769,0.024486,1814,0.0085978,0.73146,2.4952,0.71749,0.044118,NaN,-1,-1,-2.204,0.45953,-10.552,-4.5876,7.0512,-3.6303,NaN,NaN,NaN,NaN,NaN
564.64,-12.073,-35.739,-137.41,-1.5924,-0.32538,-8.8309,-3.8486,1.6359,-3.6971,0,0,0,NaN,NaN,NaN,NaN,NaN,NaN,NaN,NaN,NaN,45.769,0.024486,1814,0.0085978,NaN,NaN,NaN,NaN,19.418,97536,10.75,-2.1986,0.44236,-10.542,-4.6073,6.9926,-3.6377,NaN,NaN,NaN,NaN,NaN
564.64,-12.076,-35.693,-137.44,-2.5515,1.1253,-8.4516,-4.6957,12.418,-3.6268,0,0,0,NaN,NaN,NaN,NaN,NaN,NaN,NaN,NaN,NaN,45.769,0.024486,1814,0.0085978,NaN,NaN,NaN,NaN,NaN,-1,-1,-2.1995,0.45184,-10.569,-4.6379,6.838,-3.6382,NaN,NaN,NaN,NaN,NaN
564.64,-12.079,-35.688,-137.45,-1.8528,-0.3706,-9.9205,-4.7637,2.8266,-3.7991,0.39302,-0.16741,-1.0904,NaN,NaN,NaN,NaN,NaN,NaN,NaN,NaN,NaN,45.769,0.024486,1814,0.0085978,NaN,NaN,NaN,NaN,NaN,-1,-1,-2.2037,0.46254,-10.593,-4.6183,6.9763,-3.6586,NaN,NaN,NaN,NaN,NaN
564.64,-12.083,-35.678,-137.47,-2.8701,1.0979,-12.257,-4.9528,4.8072,-3.7926,0,0,0,NaN,NaN,NaN,NaN,NaN,NaN,NaN,NaN,NaN,45.769,0.024486,1814,0.0085978,NaN,NaN,NaN,NaN,19.459,97519,10.688,-2.1988,0.45669,-10.573,-4.6264,6.7016,-3.6562,NaN,NaN,NaN,NaN,NaN
564.65,-12.084,-35.649,-137.48,-2.1131,0.051811,-10.81,-4.7914,12.133,-3.5924,0,0,0,NaN,NaN,NaN,NaN,NaN,NaN,NaN,NaN,NaN,45.769,0.024486,1814,0.0085978,NaN,NaN,NaN,NaN,NaN,-1,-1,-2.1974,0.46242,-10.597,-4.5945,6.8532,-3.6518,NaN,NaN,NaN,NaN,NaN
564.65,-12.086,-35.639,-137.5,-1.3098,0.40957,-8.1697,-4.5849,5.0234,-3.8981,0,0,0,NaN,NaN,NaN,NaN,NaN,NaN,NaN,NaN,NaN,45.769,0.024486,1814,0.0085978,NaN,NaN,NaN,NaN,NaN,-1,-1,-2.2088,0.47658,-10.631,-4.6214,6.8042,-3.6579,NaN,NaN,NaN,NaN,NaN
564.65,-12.089,-35.629,-137.51,-3.1395,0.63814,-12.374,-4.436,4.4457,-3.676,0.40257,-0.15785,-1.0873,NaN,NaN,NaN,NaN,NaN,NaN,NaN,NaN,NaN,45.769,0.024486,1814,0.0085978,NaN,NaN,NaN,NaN,19.476,97519,10.625,-2.2066,0.48035,-10.634,-4.6541,6.734,-3.6596,NaN,NaN,NaN,NaN,NaN
564.65,-12.089,-35.604,-137.52,-1.7056,0.72677,-10.825,-4.4281,10.836,-3.4921,0,0,0,NaN,NaN,NaN,NaN,NaN,NaN,NaN,NaN,NaN,45.769,0.024486,1814,0.0085978,NaN,NaN,NaN,NaN,19.437,97527,10.688,-2.2011,0.46755,-10.616,-4.6461,7.0276,-3.6644,NaN,NaN,NaN,NaN,NaN
564.66,-12.097,-35.583,-137.55,-2.7366,1.042,-12.891,-4.9061,4.6327,-3.8397,0,0,0,NaN,NaN,NaN,NaN,NaN,NaN,NaN,NaN,NaN,45.769,0.024486,1814,0.0085978,NaN,NaN,NaN,NaN,NaN,-1,-1,-2.205,0.48308,-10.633,-4.6857,7.0939,-3.6757,NaN,NaN,NaN,NaN,NaN
564.66,-12.098,-35.557,-137.56,-2.555,0.20136,-11.047,-4.8185,11.393,-3.7454,0.39349,-0.16047,-1.0948,NaN,NaN,NaN,NaN,NaN,NaN,NaN,NaN,NaN,45.769,0.024486,1814,0.0085978,0.78402,2.5071,0.70654,0.0066593,NaN,-1,-1,-2.2046,0.48171,-10.669,-4.7032,6.8857,-3.6893,NaN,NaN,NaN,NaN,NaN
564.66,-12.102,-35.543,-137.58,-1.868,0.037324,-7.2376,-5.197,6.2762,-3.5439,0,0,0,NaN,NaN,NaN,NaN,NaN,NaN,NaN,NaN,NaN,45.769,0.024486,1814,0.0085978,NaN,NaN,NaN,NaN,NaN,-1,-1,-2.1989,0.47842,-10.654,-4.6931,7.225,-3.6807,NaN,NaN,NaN,NaN,NaN
564.66,-12.105,-35.536,-137.59,-2.9097,1.3838,-12.788,-4.7842,3.3489,-3.9653,0,0,0,NaN,NaN,NaN,NaN,NaN,NaN,NaN,NaN,NaN,45.769,0.024486,1814,0.0085978,NaN,NaN,NaN,NaN,19.359,97563,10.875,-2.2035,0.50146,-10.694,-4.68,7.3213,-3.6832,NaN,NaN,NaN,NaN,NaN
564.67,-12.106,-35.514,-137.61,-2.5395,0.18971,-11.707,-4.5194,9.7915,-3.7684,0,0,0,NaN,NaN,NaN,NaN,NaN,NaN,NaN,NaN,NaN,45.769,0.024486,1814,0.0085978,NaN,NaN,NaN,NaN,NaN,-1,-1,-2.2047,0.49741,-10.682,-4.7126,7.1034,-3.6857,NaN,NaN,NaN,NaN,NaN
564.67,-12.107,-35.493,-137.62,-1.4203,0.16886,-8.6422,-4.657,9.0296,-3.8442,0.38804,-0.17692,-1.0909,NaN,NaN,NaN,NaN,NaN,NaN,NaN,NaN,NaN,45.769,0.024486,1814,0.0085978,NaN,NaN,NaN,NaN,NaN,-1,-1,-2.2087,0.52469,-10.705,-4.7418,7.328,-3.6865,NaN,NaN,NaN,NaN,NaN
564.67,-12.111,-35.485,-137.63,-2.1323,0.026435,-9.9387,-4.3947,3.8405,-3.3768,0,0,0,NaN,NaN,NaN,NaN,NaN,NaN,NaN,NaN,NaN,45.769,0.024486,1814,0.0085978,NaN,NaN,NaN,NaN,19.522,97553,10.813,-2.2106,0.52044,-10.696,-4.7686,7.4949,-3.6963,NaN,NaN,NaN,NaN,NaN
564.67,-12.113,-35.468,-137.65,-2.5032,0.80817,-12.577,-4.9571,7.7478,-3.7442,0,0,0,NaN,NaN,NaN,NaN,NaN,NaN,NaN,NaN,NaN,45.769,0.024486,1814,0.0085978,0.73365,2.6169,0.64081,0.094895,NaN,-1,-1,-2.2114,0.53341,-10.695,-4.8003,7.3019,-3.6912,NaN,NaN,NaN,NaN,NaN
564.68,-12.116,-35.447,-137.66,-1.8538,0.84576,-9.5614,-4.9972,9.0381,-3.5049,0,0,0,NaN,NaN,NaN,NaN,NaN,NaN,NaN,NaN,NaN,45.769,0.024486,1814,0.0085978,NaN,NaN,NaN,NaN,19.52,97523,10.688,-2.2112,0.54407,-10.716,-4.8246,7.4435,-3.7111,NaN,NaN,NaN,NaN,NaN
564.68,-12.119,-35.436,-137.68,-2.2813,-0.15468,-10.81,-4.8852,4.9852,-3.7871,0.38611,-0.16253,-1.091,NaN,NaN,NaN,NaN,NaN,NaN,NaN,NaN,NaN,45.769,0.024486,1814,0.0085978,NaN,NaN,NaN,NaN,NaN,-1,-1,-2.2044,0.5393,-10.703,-4.8826,7.648,-3.7084,NaN,NaN,NaN,NaN,NaN
564.68,-12.123,-35.419,-137.69,-2.7238,0.43489,-10.838,-5.3906,7.8877,-3.997,0,0,0,NaN,NaN,NaN,NaN,NaN,NaN,NaN,NaN,NaN,45.769,0.024486,1814,0.0085978,NaN,NaN,NaN,NaN,NaN,-1,-1,-2.2059,0.5657,-10.726,-4.8817,7.3993,-3.7176,NaN,NaN,NaN,NaN,NaN
564.68,-12.127,-35.401,-137.71,-2.1005,1.1049,-10.516,-5.631,7.6327,-3.7977,0,0,0,NaN,NaN,NaN,NaN,NaN,NaN,NaN,NaN,NaN,45.769,0.024486,1814,0.0085978,NaN,2.4844,0.70958,0.052442,19.438,97542,10.75,-2.2128,0.56038,-10.751,-4.9002,7.6121,-3.712,NaN,NaN,NaN,NaN,NaN
564.69,-12.13,-35.389,-137.72,-2.6454,1.0592,-11.794,-4.6689,5.5795,-3.6414,0,0,0,NaN,NaN,NaN,NaN,NaN,NaN,NaN,NaN,NaN,45.769,0.024486,1814,0.0085978,NaN,2.4844,0.70958,0.052442,NaN,-1,-1,-2.2055,0.55674,-10.73,-4.9119,7.4652,-3.6985,NaN,NaN,NaN,NaN,NaN
564.69,-12.137,-35.354,-137.75,-1.5171,0.43042,-10.064,-5.6858,6.5918,-3.7444,0,0,0,NaN,NaN,NaN,NaN,NaN,NaN,NaN,NaN,NaN,45.769,0.024486,1814,0.0085978,NaN,NaN,NaN,NaN,NaN,-1,-1,-2.2084,0.55823,-10.75,-4.9156,7.5125,-3.7019,NaN,NaN,NaN,NaN,NaN
564.69,-12.14,-35.342,-137.76,-2.0122,1.3072,-11.209,-4.543,5.4191,-3.6702,0,0,0,NaN,NaN,NaN,NaN,NaN,NaN,NaN,NaN,NaN,45.769,0.024486,1814,0.0085978,NaN,NaN,NaN,NaN,19.474,97508,10.563,-2.2086,0.54824,-10.756,-4.9408,7.7045,-3.7004,NaN,NaN,NaN,NaN,NaN
564.69,-12.142,-35.322,-137.78,-3.124,0.86055,-11.322,-4.4511,8.8494,-3.4803,0,0,0,NaN,NaN,NaN,NaN,NaN,NaN,NaN,NaN,NaN,45.769,0.024486,1814,0.0085978,NaN,NaN,NaN,NaN,NaN,-1,-1,-2.2098,0.55081,-10.744,-4.9326,7.4935,-3.709,NaN,NaN,NaN,NaN,NaN
564.7,-12.145,-35.303,-137.79,-1.0242,-0.65542,-8.8725,-5.0566,8.2317,-3.4878,0.38603,-0.16983,-1.0933,NaN,NaN,NaN,NaN,NaN,NaN,NaN,NaN,NaN,45.769,0.024486,1814,0.0085978,NaN,NaN,NaN,NaN,19.518,97533,10.688,-2.2009,0.53894,-10.728,-4.9673,7.7232,-3.7178,NaN,NaN,NaN,NaN,NaN
564.7,-12.152,-35.272,-137.82,-2.8896,0.73582,-11.833,-4.5884,11.988,-3.6664,0,0,0,NaN,NaN,NaN,NaN,NaN,NaN,NaN,NaN,NaN,45.769,0.024486,1814,0.0085978,0.73858,2.4904,0.7108,0.029134,NaN,-1,-1,-2.1982,0.53954,-10.744,-5.0647,7.5657,-3.7194,NaN,NaN,NaN,NaN,NaN
564.7,-12.155,-35.256,-137.83,-1.503,-0.8933,-9.6204,-5.3185,7.1921,-3.8154,0,0,0,NaN,NaN,NaN,NaN,NaN,NaN,NaN,NaN,NaN,45.769,0.024486,1814,0.0085978,NaN,NaN,NaN,NaN,NaN,-1,-1,-2.2056,0.55269,-10.769,-5.1098,7.5458,-3.7116,NaN,NaN,NaN,NaN,NaN
564.7,-12.163,-35.224,-137.86,-2.305,1.4962,-12.317,-5.0274,12.702,-3.6261,0,0,0,NaN,NaN,NaN,NaN,NaN,NaN,NaN,NaN,NaN,45.769,0.024486,1814,0.0085978,NaN,NaN,NaN,NaN,19.496,97523,10.625,-2.1983,0.54752,-10.761,-5.1733,7.6172,-3.7173,NaN,NaN,NaN,NaN,NaN
564.71,-12.165,-35.206,-137.88,-1.4158,-0.95052,-7.0399,-4.8009,8.189,-3.6788,0,0,0,NaN,NaN,NaN,NaN,NaN,NaN,NaN,NaN,NaN,45.769,0.024486,1814,0.0085978,NaN,NaN,NaN,NaN,NaN,-1,-1,-2.2005,0.53379,-10.772,-5.2499,7.5468,-3.7347,NaN,NaN,NaN,NaN,NaN
564.71,-12.171,-35.204,-137.89,-2.2408,0.85635,-12.51,-5.1709,1.3867,-3.7879,0,0,0,NaN,NaN,NaN,NaN,NaN,NaN,NaN,NaN,NaN,45.769,0.024486,1814,0.0085978,NaN,NaN,NaN,NaN,NaN,-1,-1,-2.201,0.54576,-10.795,-5.322,7.5152,-3.7399,NaN,NaN,NaN,NaN,NaN
564.71,-12.171,-35.18,-137.9,-2.8642,1.6108,-13.058,-4.6639,10.185,-3.7681,0.36994,-0.15764,-1.0947,NaN,NaN,NaN,NaN,NaN,NaN,NaN,NaN,NaN,45.769,0.024486,1814,0.0085978,NaN,NaN,NaN,NaN,19.456,97538,10.688,-2.2004,0.55774,-10.76,-5.4049,7.5616,-3.7459,NaN,NaN,NaN,NaN,NaN
564.71,-12.175,-35.153,-137.92,-1.2858,-0.47267,-7.1593,-5.4723,11.542,-3.4763,0,0,0,NaN,NaN,NaN,NaN,NaN,NaN,NaN,NaN,NaN,45.769,0.024486,1814,0.0085978,NaN,NaN,NaN,NaN,NaN,-1,-1,-2.2049,0.54303,-10.76,-5.4899,7.4386,-3.769,NaN,NaN,NaN,NaN,NaN
564.72,-12.182,-35.154,-137.93,-2.2208,0.28437,-10.715,-5.956,0.58465,-4.0129,0,0,0,NaN,NaN,NaN,NaN,NaN,NaN,NaN,NaN,NaN,45.769,0.024486,1814,0.0085978,NaN,NaN,NaN,NaN,19.538,97560,10.75,-2.2087,0.53283,-10.789,-5.5831,7.6715,-3.7819,NaN,NaN,NaN,NaN,NaN
564.72,-12.187,-35.136,-137.94,-3.3798,1.1367,-14.782,-5.9793,7.9788,-3.8451,0,0,0,NaN,NaN,NaN,NaN,NaN,NaN,NaN,NaN,NaN,45.769,0.024486,1814,0.0085978,NaN,NaN,NaN,NaN,NaN,-1,-1,-2.2094,0.54273,-10.784,-5.7125,7.5256,-3.7945,NaN,NaN,NaN,NaN,NaN
564.72,-12.19,-35.107,-137.96,-2.0127,-0.046297,-9.843,-5.8042,12.135,-3.8951,0.36966,-0.16721,-1.0947,NaN,NaN,NaN,NaN,NaN,NaN,NaN,NaN,NaN,45.769,0.024486,1814,0.0085978,0.72434,2.4862,0.71506,0.040788,NaN,-1,-1,-2.2033,0.53586,-10.77,-6.0196,7.6187,-3.9266,NaN,NaN,NaN,NaN,NaN
564.72,-12.196,-35.101,-137.97,-2.1339,1.3722,-9.1202,-5.7295,3.1278,-3.8014,0,0,0,NaN,NaN,NaN,NaN,NaN,NaN,NaN,NaN,NaN,45.769,0.024486,1814,0.0085978,0.72434,2.4862,0.71506,0.040788,19.803,97535,10.688,-2.2086,0.54613,-10.807,-6.0523,7.6355,-3.9033,NaN,NaN,NaN,NaN,NaN
564.73,-12.201,-35.089,-137.99,-2.6984,0.32817,-13.547,-5.3938,5.747,-3.6682,0,0,0,NaN,NaN,NaN,NaN,NaN,NaN,NaN,NaN,NaN,45.769,0.024486,1814,0.0085978,NaN,NaN,NaN,NaN,NaN,-1,-1,-2.2097,0.54709,-10.8,-6.0979,7.7531,-3.8925,NaN,NaN,NaN,NaN,NaN
564.73,-12.203,-35.062,-138,-1.9564,-0.18026,-10.433,-5.6523,11.556,-4.1009,0,0,0,NaN,NaN,NaN,NaN,NaN,NaN,NaN,NaN,NaN,45.769,0.024486,1814,0.0085978,NaN,NaN,NaN,NaN,NaN,-1,-1,-2.2028,0.56229,-10.798,-6.3417,7.7941,-3.9828,NaN,NaN,NaN,NaN,NaN
564.73,-12.208,-35.05,-138.01,-1.8441,1.2065,-9.4136,-5.5766,5.4044,-3.7451,0.36973,-0.16482,-1.0947,NaN,NaN,NaN,NaN,NaN,NaN,NaN,NaN,NaN,45.769,0.024486,1814,0.0085978,NaN,NaN,NaN,NaN,19.883,97519,10.625,-2.2202,0.56673,-10.853,-6.3522,7.7351,-3.9395,NaN,NaN,NaN,NaN,NaN
564.73,-12.214,-35.038,-138.03,-2.6892,0.37085,-12.738,-5.6125,5.5421,-3.7599,0,0,0,NaN,NaN,NaN,NaN,NaN,NaN,NaN,NaN,NaN,45.769,0.024486,1814,0.0085978,NaN,NaN,NaN,NaN,NaN,-1,-1,-2.2162,0.55049,-10.823,-6.3696,7.6873,-3.8956,NaN,NaN,NaN,NaN,NaN
564.74,-12.22,-35.016,-138.04,-2.0016,0.10702,-10.944,-6.7784,9.8745,-3.7465,0,0,0,NaN,NaN,NaN,NaN,NaN,NaN,NaN,NaN,NaN,45.769,0.024486,1814,0.0085978,0.72927,2.6049,0.63533,0.097392,19.681,97535,10.688,-2.2113,0.55053,-10.795,-6.3754,7.4436,-3.8634,NaN,NaN,NaN,NaN,NaN
564.74,-12.228,-35.004,-138.06,-2.2775,1.3755,-11.599,-6.8218,5.2505,-4.063,0,0,0,NaN,NaN,NaN,NaN,NaN,NaN,NaN,NaN,NaN,45.769,0.024486,1814,0.0085978,NaN,NaN,NaN,NaN,NaN,-1,-1,-2.2233,0.53232,-10.832,-6.4136,7.3532,-3.8434,NaN,NaN,NaN,NaN,NaN
564.74,-12.235,-34.986,-138.07,-2.5008,-0.16533,-11.215,-7.0438,8.3486,-4.1657,0.37898,-0.16973,-1.0939,NaN,NaN,NaN,NaN,NaN,NaN,NaN,NaN,NaN,45.769,0.024486,1814,0.0085978,NaN,NaN,NaN,NaN,NaN,-1,-1,-2.2326,0.52241,-10.882,-6.4505,7.2619,-3.815,NaN,NaN,NaN,NaN,NaN
564.74,-12.244,-34.97,-138.09,-2.4102,-0.15853,-11.546,-7.5742,7.1014,-3.9932,0,0,0,NaN,NaN,NaN,NaN,NaN,NaN,NaN,NaN,NaN,45.72,0,1881.1,0.0069644,NaN,NaN,NaN,NaN,19.722,97535,10.688,-2.2202,0.53469,-10.837,-6.4655,7.0535,-3.7837,NaN,NaN,NaN,NaN,NaN
564.75,-12.252,-34.957,-138.1,-2.4876,2.0581,-11.285,-6.6798,6.0515,-3.663,0,0,0,NaN,NaN,NaN,NaN,NaN,NaN,NaN,NaN,NaN,45.72,0,1881.1,0.0069644,NaN,NaN,NaN,NaN,NaN,-1,-1,-2.2208,0.5381,-10.837,-6.4921,6.8824,-3.7513,NaN,NaN,NaN,NaN,NaN
564.75,-12.267,-34.92,-138.13,-2.1244,-0.43234,-10.371,-7.6935,8.6054,-3.7529,0.37691,-0.16012,-1.0941,-9.44,-14.672,-12.381,21.394,40.057,-88.55,3.6777e+05,4.4352e+06,271.59,45.72,0,1881.1,0.0069644,NaN,2.6014,0.63655,0.091565,NaN,-1,-1,-2.2188,0.54486,-10.849,-6.4835,6.746,-3.7258,21.212,-2.7612,-0.30249,-0.81699,-7.4157
564.75,-12.277,-34.906,-138.15,-1.9298,2.293,-11.385,-7.5379,6.1423,-3.6468,0,0,0,NaN,NaN,NaN,NaN,NaN,NaN,NaN,NaN,NaN,45.72,0,1881.1,0.0069644,NaN,NaN,NaN,NaN,19.702,97534,10.688,-2.2168,0.52976,-10.828,-6.5143,6.6493,-3.6899,NaN,NaN,NaN,NaN,NaN
564.75,-12.281,-34.888,-138.16,-2.5883,0.69607,-11.996,-5.8825,8.1643,-4.0426,0,0,0,NaN,NaN,NaN,NaN,NaN,NaN,NaN,NaN,NaN,45.72,0,1881.1,0.0069644,NaN,NaN,NaN,NaN,19.863,97539,10.688,-2.2019,0.52601,-10.752,-6.5588,6.5034,-3.6639,NaN,NaN,NaN,NaN,NaN
564.76,-12.3,-34.858,-138.19,-2.5827,1.1455,-12.437,-7.8303,5.0738,-4.4352,0.36322,-0.15539,-1.0998,NaN,NaN,NaN,NaN,NaN,NaN,NaN,NaN,NaN,45.72,0,1881.1,0.0069644,NaN,NaN,NaN,NaN,NaN,-1,-1,-2.209,0.49338,-10.761,-6.5524,6.6797,-3.6423,NaN,NaN,NaN,NaN,NaN
564.76,-12.309,-34.836,-138.21,-2.5467,0.75815,-12.338,-7.4658,9.9443,-3.8987,0,0,0,NaN,NaN,NaN,NaN,NaN,NaN,NaN,NaN,NaN,45.72,0,1881.1,0.0069644,NaN,NaN,NaN,NaN,NaN,-1,-1,-2.2166,0.50612,-10.792,-6.5746,6.5963,-3.6304,NaN,NaN,NaN,NaN,NaN
564.76,-12.316,-34.819,-138.22,-2.1585,-0.11999,-10.219,-7.0664,7.6612,-3.8758,0,0,0,NaN,NaN,NaN,NaN,NaN,NaN,NaN,NaN,NaN,45.72,0,1881.1,0.0069644,0.72982,2.4964,0.71201,0.032464,NaN,-1,-1,-2.199,0.50102,-10.72,-6.5693,6.5945,-3.6049,NaN,NaN,NaN,NaN,NaN
564.76,-12.325,-34.808,-138.24,-2.3659,1.2476,-12.175,-7.1473,5.1105,-4.0583,0,0,0,NaN,NaN,NaN,NaN,NaN,NaN,NaN,NaN,NaN,45.72,0,1881.1,0.0069644,NaN,NaN,NaN,NaN,19.719,97553,10.688,-2.2065,0.49676,-10.767,-6.5625,6.7887,-3.5706,NaN,NaN,NaN,NaN,NaN
564.77,-12.332,-34.787,-138.25,-2.7828,0.24935,-12.516,-6.8466,9.1604,-3.8425,0.37249,-0.15049,-1.0945,NaN,NaN,NaN,NaN,NaN,NaN,NaN,NaN,NaN,45.72,0,1881.1,0.0069644,NaN,NaN,NaN,NaN,NaN,-1,-1,-2.2087,0.49576,-10.788,-6.5133,6.5604,-3.5499,NaN,NaN,NaN,NaN,NaN
564.77,-12.341,-34.768,-138.27,-1.1662,0.14121,-9.4879,-7.3399,8.4025,-3.6383,0,0,0,NaN,NaN,NaN,NaN,NaN,NaN,NaN,NaN,NaN,45.72,0,1881.1,0.0069644,NaN,NaN,NaN,NaN,NaN,-1,-1,-2.2139,0.50422,-10.81,-6.4464,6.5,-3.5328,NaN,NaN,NaN,NaN,NaN
564.77,-12.35,-34.759,-138.28,-2.9085,1.3592,-12.645,-7.1377,4.4304,-3.8377,0,0,0,NaN,NaN,NaN,NaN,NaN,NaN,NaN,NaN,NaN,45.72,0,1881.1,0.0069644,NaN,NaN,NaN,NaN,19.822,97541,10.688,-2.2187,0.48184,-10.834,-6.426,6.6978,-3.5069,NaN,NaN,NaN,NaN,NaN
564.77,-12.356,-34.733,-138.3,-2.0923,0.69121,-11.756,-6.4772,11.056,-3.597,0,0,0,NaN,NaN,NaN,NaN,NaN,NaN,NaN,NaN,NaN,45.72,0,1881.1,0.0069644,0.72106,2.6002,0.63107,0.10905,NaN,-1,-1,-2.2244,0.48895,-10.867,-6.3918,6.3955,-3.4944,NaN,NaN,NaN,NaN,NaN
564.78,0,0,0,0,0,0,0,0,0,0,0,0,NaN,NaN,NaN,NaN,NaN,NaN,NaN,NaN,NaN,45.72,0,1881.1,0.0069644,NaN,NaN,NaN,NaN,19.84,97553,10.688,-2.2285,0.47913,-10.896,-6.3795,6.4341,-3.4856,NaN,NaN,NaN,NaN,NaN
564.78,-12.363,-34.716,-138.31,-1.6392,-0.4469,-10.594,-7.213,7.788,-4.109,0.37033,-0.158,-1.1013,NaN,NaN,NaN,NaN,NaN,NaN,NaN,NaN,NaN,45.72,0,1881.1,0.0069644,NaN,NaN,NaN,NaN,NaN,-1,-1,-2.2436,0.47135,-10.932,-6.3669,6.6459,-3.4792,NaN,NaN,NaN,NaN,NaN
564.78,-12.372,-34.707,-138.32,-2.6765,1.1392,-10.868,-6.9918,4.1962,-3.9013,0,0,0,NaN,NaN,NaN,NaN,NaN,NaN,NaN,NaN,NaN,45.72,0,1881.1,0.0069644,NaN,NaN,NaN,NaN,NaN,-1,-1,-2.2482,0.4794,-10.923,-6.2973,6.5402,-3.4617,NaN,NaN,NaN,NaN,NaN
564.78,0,0,0,0,0,0,0,0,0,0,0,0,NaN,NaN,NaN,NaN,NaN,NaN,NaN,NaN,NaN,45.72,0,1881.1,0.0069644,0.73639,2.6121,0.6615,0.06576,19.842,97563,10.75,-2.2582,0.46826,-10.951,-6.238,6.5008,-3.4369,NaN,NaN,NaN,NaN,NaN
564.79,-12.398,-34.653,-138.37,-2.271,2.099,-12.214,-6.7662,5.6545,-3.9713,0.36765,-0.16012,-1.0971,NaN,NaN,NaN,NaN,NaN,NaN,NaN,NaN,NaN,45.72,0,1881.1,0.0069644,0.73639,2.6121,0.6615,0.06576,NaN,-1,-1,-2.2627,0.47449,-10.979,-6.1505,6.6799,-3.4511,NaN,NaN,NaN,NaN,NaN
564.79,-12.405,-34.638,-138.38,-2.4639,-0.60485,-12.194,-6.623,6.7137,-3.7977,0,0,0,NaN,NaN,NaN,NaN,NaN,NaN,NaN,NaN,NaN,45.72,0,1881.1,0.0069644,NaN,NaN,NaN,NaN,NaN,-1,-1,-2.2534,0.47074,-10.954,-6.0641,6.704,-3.4445,NaN,NaN,NaN,NaN,NaN
564.79,-12.412,-34.618,-138.4,-2.0774,0.1431,-11.758,-6.8688,8.663,-3.7611,0,0,0,NaN,NaN,NaN,NaN,NaN,NaN,NaN,NaN,NaN,45.72,0,1881.1,0.0069644,NaN,NaN,NaN,NaN,19.839,97518,10.563,-2.2675,0.47839,-10.987,-5.9791,6.6598,-3.4477,NaN,NaN,NaN,NaN,NaN
564.79,-12.426,-34.585,-138.43,-2.364,-0.50315,-11.617,-6.4144,7.0105,-3.6741,0.36824,-0.15329,-1.1037,NaN,NaN,NaN,NaN,NaN,NaN,NaN,NaN,NaN,45.72,0,1881.1,0.0069644,NaN,NaN,NaN,NaN,19.899,97544,10.625,-2.2681,0.47798,-10.995,-5.9441,6.8763,-3.4449,NaN,NaN,NaN,NaN,NaN
564.8,-12.433,-34.569,-138.44,-2.5704,0.18598,-11.974,-6.7678,6.9155,-3.8008,0,0,0,NaN,NaN,NaN,NaN,NaN,NaN,NaN,NaN,NaN,45.72,0,1881.1,0.0069644,NaN,NaN,NaN,NaN,NaN,-1,-1,-2.2708,0.47361,-11.003,-5.8669,6.7872,-3.4612,NaN,NaN,NaN,NaN,NaN
564.8,-12.44,-34.55,-138.46,-2.0582,0.85267,-11.715,-6.4422,8.3939,-3.7848,0,0,0,NaN,NaN,NaN,NaN,NaN,NaN,NaN,NaN,NaN,45.72,0,1881.1,0.0069644,0.74186,2.6044,0.63473,0.085738,NaN,-1,-1,-2.2761,0.47432,-10.993,-5.8147,6.8504,-3.4831,NaN,NaN,NaN,NaN,NaN
564.8,-12.447,-34.531,-138.47,-2.4245,0.31662,-10.771,-7.1261,8.3397,-3.9818,0,0,0,NaN,NaN,NaN,NaN,NaN,NaN,NaN,NaN,NaN,45.72,0,1881.1,0.0069644,NaN,NaN,NaN,NaN,NaN,-1,-1,-2.2709,0.46213,-10.994,-5.7796,6.928,-3.5097,NaN,NaN,NaN,NaN,NaN
564.8,-12.444,-34.505,-138.49,-2.7736,0.15015,-12.125,-7.0891,5.871,-3.7627,0.36531,-0.15518,-1.0951,NaN,NaN,NaN,NaN,NaN,NaN,NaN,NaN,NaN,45.72,0,1881.1,0.0069644,NaN,NaN,NaN,NaN,20.086,97564,10.813,-2.2744,0.44783,-10.995,-5.7161,6.9848,-3.5164,NaN,NaN,NaN,NaN,NaN
564.81,-12.448,-34.487,-138.51,-2.7996,1.4841,-12.458,-5.5407,8.0639,-3.9047,0,0,0,NaN,NaN,NaN,NaN,NaN,NaN,NaN,NaN,NaN,45.72,0,1881.1,0.0069644,NaN,NaN,NaN,NaN,NaN,-1,-1,-2.2791,0.45516,-11.032,-5.6934,7.0058,-3.5363,NaN,NaN,NaN,NaN,NaN
564.81,-12.452,-34.465,-138.52,-1.3831,0.000898,-9.5082,-5.3029,9.5999,-3.597,0,0,0,NaN,NaN,NaN,NaN,NaN,NaN,NaN,NaN,NaN,45.72,0,1881.1,0.0069644,NaN,NaN,NaN,NaN,NaN,-1,-1,-2.2792,0.4574,-10.992,-5.7488,7.0805,-3.5548,NaN,NaN,NaN,NaN,NaN
564.81,-12.459,-34.456,-138.54,-2.6904,0.35479,-11.184,-5.982,4.3434,-3.6115,0,0,0,NaN,NaN,NaN,NaN,NaN,NaN,NaN,NaN,NaN,45.72,0,1881.1,0.0069644,NaN,2.6049,0.63533,0.092398,20.06,97538,10.625,-2.2945,0.45181,-11.082,-5.705,7.1853,-3.5903,NaN,NaN,NaN,NaN,NaN
564.81,-12.463,-34.438,-138.55,-2.8211,1.3271,-13.108,-5.5245,7.6471,-3.4579,0.37315,-0.14618,-1.1033,NaN,NaN,NaN,NaN,NaN,NaN,NaN,NaN,NaN,45.72,0,1881.1,0.0069644,NaN,2.6049,0.63533,0.092398,NaN,-1,-1,-2.2966,0.45217,-11.101,-5.7189,7.1773,-3.643,NaN,NaN,NaN,NaN,NaN
564.82,-12.467,-34.41,-138.57,-1.5354,-0.088891,-10.63,-5.7438,11.998,-3.6695,0,0,0,NaN,NaN,NaN,NaN,NaN,NaN,NaN,NaN,NaN,45.72,0,1881.1,0.0069644,NaN,NaN,NaN,NaN,19.803,97579,10.813,-2.3143,0.46706,-11.148,-5.7448,7.3401,-3.6846,NaN,NaN,NaN,NaN,NaN
564.82,-12.472,-34.406,-138.58,-2.7402,-0.26977,-8.8322,-5.1471,2.4403,-4.0264,0,0,0,NaN,NaN,NaN,NaN,NaN,NaN,NaN,NaN,NaN,45.72,0,1881.1,0.0069644,NaN,NaN,NaN,NaN,NaN,-1,-1,-2.3113,0.45696,-11.138,-5.7603,7.4644,-3.7158,NaN,NaN,NaN,NaN,NaN
564.82,-12.479,-34.39,-138.59,-2.4511,0.52669,-15.214,-6.4532,7.3552,-3.7997,0,0,0,NaN,NaN,NaN,NaN,NaN,NaN,NaN,NaN,NaN,45.72,0,1881.1,0.0069644,0.73693,2.6026,0.64446,0.084073,NaN,-1,-1,-2.3245,0.44502,-11.168,-5.7504,7.4702,-3.7626,NaN,NaN,NaN,NaN,NaN
564.82,-12.483,-34.363,-138.61,-2.4549,0.33365,-10.817,-6.2419,11.396,-3.7176,0.36565,-0.14812,-1.0973,NaN,NaN,NaN,NaN,NaN,NaN,NaN,NaN,NaN,45.72,0,1881.1,0.0069644,0.73693,2.6026,0.64446,0.084073,20,97540,10.625,-2.3363,0.4395,-11.208,-5.7665,7.6022,-3.7981,NaN,NaN,NaN,NaN,NaN
564.83,-12.488,-34.349,-138.62,-2.4285,0.91251,-9.8322,-5.3223,6.2973,-3.686,0,0,0,NaN,NaN,NaN,NaN,NaN,NaN,NaN,NaN,NaN,45.72,0,1881.1,0.0069644,NaN,NaN,NaN,NaN,NaN,-1,-1,-2.3317,0.43026,-11.199,-5.807,7.7358,-3.8301,NaN,NaN,NaN,NaN,NaN
564.83,-12.496,-34.316,-138.65,-2.2347,-0.54514,-11.431,-5.9907,10.398,-3.8636,0,0,0,NaN,NaN,NaN,NaN,NaN,NaN,NaN,NaN,NaN,45.72,0,1881.1,0.0069644,NaN,NaN,NaN,NaN,NaN,-1,-1,-2.3355,0.43876,-11.205,-5.844,7.8109,-3.8795,NaN,NaN,NaN,NaN,NaN
564.83,-12.5,-34.3,-138.66,-2.3938,2.1665,-11.722,-5.1791,7.3735,-3.6663,0.36571,-0.15063,-1.0995,NaN,NaN,NaN,NaN,NaN,NaN,NaN,NaN,NaN,45.72,0,1881.1,0.0069644,NaN,NaN,NaN,NaN,20.06,97539,10.625,-2.3435,0.45167,-11.248,-5.8877,8.0487,-3.9211,NaN,NaN,NaN,NaN,NaN
564.83,-12.502,-34.284,-138.68,-2.3898,-0.20363,-10.053,-4.6748,7.028,-3.6951,0,0,0,NaN,NaN,NaN,NaN,NaN,NaN,NaN,NaN,NaN,45.72,0,1881.1,0.0069644,NaN,NaN,NaN,NaN,19.944,97576,10.813,-2.3394,0.43789,-11.231,-5.6642,7.9593,-3.8264,NaN,NaN,NaN,NaN,NaN
564.84,-12.512,-34.25,-138.71,-2.711,1.0662,-11.847,-6.0386,7.7159,-4.0221,0,0,0,NaN,NaN,NaN,NaN,NaN,NaN,NaN,NaN,NaN,45.72,0,1881.1,0.0069644,NaN,NaN,NaN,NaN,NaN,-1,-1,-2.3446,0.44836,-11.241,-5.6794,8.0128,-3.8533,NaN,NaN,NaN,NaN,NaN
564.84,-12.515,-34.233,-138.72,-2.5972,0.71572,-12.157,-5.1425,7.9266,-4.2198,0.34912,-0.15519,-1.101,NaN,NaN,NaN,NaN,NaN,NaN,NaN,NaN,NaN,45.72,0,1881.1,0.0069644,NaN,NaN,NaN,NaN,NaN,-1,-1,-2.348,0.43216,-11.221,-5.7017,7.9752,-3.8845,NaN,NaN,NaN,NaN,NaN
564.84,-12.521,-34.216,-138.74,-2.2884,0.25396,-9.6995,-5.9687,7.6862,-3.5892,0,0,0,NaN,NaN,NaN,NaN,NaN,NaN,NaN,NaN,NaN,45.72,0,1881.1,0.0069644,NaN,NaN,NaN,NaN,NaN,-1,-1,-2.3448,0.42066,-11.209,-5.4717,7.8534,-3.76,NaN,NaN,NaN,NaN,NaN
564.84,-12.525,-34.201,-138.75,-2.5371,0.84764,-12.198,-5.6663,6.4761,-3.9324,0,0,0,NaN,NaN,NaN,NaN,NaN,NaN,NaN,NaN,NaN,45.72,0,1881.1,0.0069644,NaN,NaN,NaN,NaN,19.983,97565,10.75,-2.3555,0.42931,-11.245,-5.478,7.7714,-3.7638,NaN,NaN,NaN,NaN,NaN
564.85,-12.532,-34.161,-138.78,-2.4923,0.57817,-9.6919,-5.3973,8.3666,-3.7089,0.36329,-0.15299,-1.0998,NaN,NaN,NaN,NaN,NaN,NaN,NaN,NaN,NaN,45.72,0,1881.1,0.0069644,0.74186,2.5005,0.71992,0.035794,NaN,-1,-1,-2.3563,0.42501,-11.258,-5.5072,7.687,-3.7624,NaN,NaN,NaN,NaN,NaN
564.85,-12.535,-34.15,-138.79,-2.1933,1.0866,-11.514,-4.8498,4.9289,-3.9263,0,0,0,NaN,NaN,NaN,NaN,NaN,NaN,NaN,NaN,NaN,45.72,0,1881.1,0.0069644,0.74186,2.5005,0.71992,0.035794,NaN,-1,-1,-2.352,0.41888,-11.229,-5.5371,7.7889,-3.7701,NaN,NaN,NaN,NaN,NaN
564.85,-12.541,-34.128,-138.81,-2.4001,-0.8479,-12.479,-6.1708,9.586,-3.7626,0,0,0,NaN,NaN,NaN,NaN,NaN,NaN,NaN,NaN,NaN,45.72,0,1881.1,0.0069644,NaN,NaN,NaN,NaN,20.1,97581,10.75,-2.3604,0.4372,-11.262,-5.5734,7.7955,-3.7693,NaN,NaN,NaN,NaN,NaN
564.85,-12.545,-34.109,-138.82,-2.68,0.91121,-9.7424,-5.8104,8.48,-3.8292,0,0,0,NaN,NaN,NaN,NaN,NaN,NaN,NaN,NaN,NaN,45.72,0,1986.8,0.0064211,NaN,NaN,NaN,NaN,NaN,-1,-1,-2.3645,0.42422,-11.266,-5.6138,7.7275,-3.7746,NaN,NaN,NaN,NaN,NaN
564.86,-12.552,-34.094,-138.84,-1.784,0.047856,-11.475,-6.0756,7.074,-3.6256,0.36559,-0.1456,-1.0951,NaN,NaN,NaN,NaN,NaN,NaN,NaN,NaN,NaN,45.72,0,1986.8,0.0064211,NaN,NaN,NaN,NaN,19.978,97532,10.563,-2.3586,0.39968,-11.252,-5.6351,7.7832,-3.7655,NaN,NaN,NaN,NaN,NaN
564.86,-12.558,-34.079,-138.85,-3.2416,-0.42918,-12.15,-6.3077,6.4282,-3.9597,0,0,0,NaN,NaN,NaN,NaN,NaN,NaN,NaN,NaN,NaN,45.72,0,1986.8,0.0064211,NaN,NaN,NaN,NaN,NaN,-1,-1,-2.3696,0.40435,-11.293,-5.6898,7.8443,-3.7686,NaN,NaN,NaN,NaN,NaN
564.86,-12.564,-34.056,-138.87,-2.5901,1.6984,-12.94,-6.433,10.368,-3.7097,0,0,0,NaN,NaN,NaN,NaN,NaN,NaN,NaN,NaN,NaN,45.72,0,1986.8,0.0064211,0.72379,2.6038,0.63473,0.099057,NaN,-1,-1,-2.3694,0.41527,-11.285,-5.7453,7.7628,-3.7698,NaN,NaN,NaN,NaN,NaN
564.86,-12.565,-34.041,-138.88,-1.8103,0.79378,-9.5528,-4.1506,6.6314,-3.6629,0,0,0,NaN,NaN,NaN,NaN,NaN,NaN,NaN,NaN,NaN,45.72,0,1986.8,0.0064211,NaN,NaN,NaN,NaN,20.204,97573,10.813,-2.3734,0.38925,-11.279,-5.7853,7.7996,-3.783,NaN,NaN,NaN,NaN,NaN
564.87,-12.57,-34.023,-138.9,-2.4449,-1.1842,-11.498,-5.37,7.7381,-3.5833,0.35638,-0.14811,-1.1004,NaN,NaN,NaN,NaN,NaN,NaN,NaN,NaN,NaN,45.72,0,1986.8,0.0064211,NaN,NaN,NaN,NaN,NaN,-1,-1,-2.384,0.40559,-11.293,-5.8365,7.8858,-3.7828,NaN,NaN,NaN,NaN,NaN
564.87,-12.575,-34.005,-138.91,-2.5729,1.6782,-11.155,-5.722,8.0436,-3.5849,0,0,0,NaN,NaN,NaN,NaN,NaN,NaN,NaN,NaN,NaN,45.72,0,1986.8,0.0064211,NaN,NaN,NaN,NaN,NaN,-1,-1,-2.3877,0.42101,-11.295,-5.9012,7.791,-3.7765,NaN,NaN,NaN,NaN,NaN
564.87,-12.579,-33.987,-138.92,-2.3403,0.25695,-11.516,-5.3212,8.044,-3.4803,0,0,0,NaN,NaN,NaN,NaN,NaN,NaN,NaN,NaN,NaN,45.72,0,1986.8,0.0064211,NaN,NaN,NaN,NaN,20.139,97541,10.625,-2.384,0.39691,-11.264,-5.9639,7.7861,-3.7701,NaN,NaN,NaN,NaN,NaN
564.87,-12.583,-33.971,-138.94,-2.2469,-0.011171,-11.523,-5.4533,7.3683,-3.8334,0,0,0,NaN,NaN,NaN,NaN,NaN,NaN,NaN,NaN,NaN,45.72,0,1986.8,0.0064211,NaN,2.5972,0.62742,0.10655,NaN,-1,-1,-2.3918,0.39357,-11.308,-5.9937,7.9676,-3.7492,NaN,NaN,NaN,NaN,NaN
564.88,-12.59,-33.952,-138.95,-2.5375,-0.54732,-10.312,-6.6468,8.3122,-3.6597,0.35894,-0.14096,-1.1001,NaN,NaN,NaN,NaN,NaN,NaN,NaN,NaN,NaN,45.72,0,1986.8,0.0064211,NaN,2.5972,0.62742,0.10655,20.082,97568,10.75,-2.3987,0.40445,-11.296,-6.0161,7.8284,-3.7488,NaN,NaN,NaN,NaN,NaN
564.88,-12.603,-33.917,-138.98,-3.0862,0.96921,-11.117,-5.9586,8.8475,-3.8984,0,0,0,NaN,NaN,NaN,NaN,NaN,NaN,NaN,NaN,NaN,45.72,0,1986.8,0.0064211,NaN,NaN,NaN,NaN,NaN,-1,-1,-2.3897,0.40483,-11.289,-6.1033,7.791,-3.7361,NaN,NaN,NaN,NaN,NaN
564.88,-12.609,-33.897,-139,-2.0038,-0.83729,-11.36,-6.0823,8.7137,-3.8906,0,0,0,NaN,NaN,NaN,NaN,NaN,NaN,NaN,NaN,NaN,45.72,0,1986.8,0.0064211,NaN,NaN,NaN,NaN,NaN,-1,-1,-2.3851,0.40496,-11.278,-6.2058,7.899,-3.7285,NaN,NaN,NaN,NaN,NaN
564.88,-12.616,-33.883,-139.01,-2.1998,0.6687,-10.391,-6.4361,6.3454,-3.6291,0.35202,-0.14098,-1.103,NaN,NaN,NaN,NaN,NaN,NaN,NaN,NaN,NaN,45.72,0,1986.8,0.0064211,NaN,NaN,NaN,NaN,20.043,97607,10.875,-2.3869,0.41369,-11.263,-6.2792,7.911,-3.7296,NaN,NaN,NaN,NaN,NaN
564.89,-12.625,-33.843,-139.04,-2.1681,-0.94195,-10.944,-5.9252,8.2007,-3.6564,0,0,0,NaN,NaN,NaN,NaN,NaN,NaN,NaN,NaN,NaN,45.72,0,1986.8,0.0064211,NaN,NaN,NaN,NaN,NaN,-1,-1,-2.3922,0.4136,-11.272,-6.3679,8.0362,-3.7289,NaN,NaN,NaN,NaN,NaN
564.89,-12.634,-33.829,-139.05,-2.3326,0.12335,-11.482,-7.054,6.5495,-3.7453,0,0,0,NaN,NaN,NaN,NaN,NaN,NaN,NaN,NaN,NaN,45.72,0,1986.8,0.0064211,NaN,NaN,NaN,NaN,NaN,-1,-1,-2.3982,0.41742,-11.278,-6.4129,7.9645,-3.7274,NaN,NaN,NaN,NaN,NaN
564.89,-12.641,-33.807,-139.07,-2.8401,0.50673,-12.516,-6.8945,9.4232,-3.8876,0.34759,-0.13625,-1.1056,NaN,NaN,NaN,NaN,NaN,NaN,NaN,NaN,NaN,45.72,0,1986.8,0.0064211,NaN,NaN,NaN,NaN,20.299,97557,10.688,-2.3994,0.40077,-11.298,-6.4288,8.0005,-3.7192,NaN,NaN,NaN,NaN,NaN
564.89,-12.649,-33.788,-139.08,-2.1811,0.33204,-9.551,-6.9784,8.5721,-3.6418,0,0,0,NaN,NaN,NaN,NaN,NaN,NaN,NaN,NaN,NaN,45.72,0,1986.8,0.0064211,NaN,NaN,NaN,NaN,NaN,-1,-1,-2.4074,0.40535,-11.313,-6.4852,8.1577,-3.7179,NaN,NaN,NaN,NaN,NaN
564.9,-12.658,-33.776,-139.1,-2.3627,0.65448,-13.127,-7.2857,5.5835,-4.0385,0,0,0,NaN,NaN,NaN,NaN,NaN,NaN,NaN,NaN,NaN,45.72,0,1986.8,0.0064211,NaN,NaN,NaN,NaN,20.278,97582,10.75,-2.4038,0.40794,-11.307,-6.4713,8.0514,-3.7251,NaN,NaN,NaN,NaN,NaN
564.9,-12.665,-33.756,-139.11,-3.1767,0.61624,-12.786,-6.6246,8.8808,-3.8222,0,0,0,NaN,NaN,NaN,NaN,NaN,NaN,NaN,NaN,NaN,45.72,0,1986.8,0.0064211,NaN,NaN,NaN,NaN,NaN,-1,-1,-2.4051,0.41182,-11.295,-6.5001,8.0515,-3.7134,NaN,NaN,NaN,NaN,NaN
564.9,-12.669,-33.733,-139.13,-1.9979,0.64239,-10.625,-6.021,10.051,-3.8395,0.34732,-0.14092,-1.1034,NaN,NaN,NaN,NaN,NaN,NaN,NaN,NaN,NaN,45.72,0,1986.8,0.0064211,NaN,NaN,NaN,NaN,NaN,-1,-1,-2.4143,0.42462,-11.314,-6.5836,8.1074,-3.7152,NaN,NaN,NaN,NaN,NaN
564.9,-12.677,-33.718,-139.14,-2.0138,0.3049,-9.9755,-6.4701,6.5173,-3.5176,0,0,0,NaN,NaN,NaN,NaN,NaN,NaN,NaN,NaN,NaN,45.72,0,1986.8,0.0064211,NaN,NaN,NaN,NaN,20.333,97546,10.563,-2.4107,0.42444,-11.314,-6.6036,8.0312,-3.7121,NaN,NaN,NaN,NaN,NaN
564.91,-12.683,-33.701,-139.15,-2.6813,1.1471,-12.49,-6.0298,7.5658,-3.6289,0,0,0,NaN,NaN,NaN,NaN,NaN,NaN,NaN,NaN,NaN,45.72,0,1986.8,0.0064211,NaN,NaN,NaN,NaN,NaN,-1,-1,-2.4173,0.41973,-11.314,-6.6199,7.9424,-3.7109,NaN,NaN,NaN,NaN,NaN
564.91,-12.69,-33.679,-139.17,-2.4165,-0.24377,-12.415,-6.4572,9.7084,-3.5298,0,0,0,NaN,NaN,NaN,NaN,NaN,NaN,NaN,NaN,NaN,45.72,0,1986.8,0.0064211,NaN,NaN,NaN,NaN,NaN,-1,-1,-2.4087,0.40006,-11.294,-6.7016,8.1523,-3.7046,NaN,NaN,NaN,NaN,NaN
564.91,-12.697,-33.662,-139.18,-2.311,-0.13566,-9.5328,-7.0148,7.6389,-3.9451,0.34962,-0.13353,-1.0988,NaN,NaN,NaN,NaN,NaN,NaN,NaN,NaN,NaN,45.72,0,1986.8,0.0064211,0.73748,2.6044,0.65724,0.07242,20.118,97568,10.688,-2.4104,0.40712,-11.299,-6.7104,8.1717,-3.6873,NaN,NaN,NaN,NaN,NaN
564.91,-12.706,-33.645,-139.2,-2.4281,0.6147,-13.463,-7.1177,7.4883,-3.8352,0,0,0,NaN,NaN,NaN,NaN,NaN,NaN,NaN,NaN,NaN,45.72,0,1986.8,0.0064211,NaN,NaN,NaN,NaN,NaN,-1,-1,-2.413,0.41756,-11.342,-6.7058,8.0576,-3.6834,NaN,NaN,NaN,NaN,NaN
564.92,-12.715,-33.624,-139.21,-2.7567,0.59052,-11.323,-7.618,9.2492,-3.7003,0,0,0,NaN,NaN,NaN,NaN,NaN,NaN,NaN,NaN,NaN,45.72,0,1986.8,0.0064211,NaN,NaN,NaN,NaN,20.356,97570,10.688,-2.4043,0.40586,-11.308,-6.7519,8.1661,-3.6845,NaN,NaN,NaN,NaN,NaN
564.92,-12.724,-33.607,-139.23,-2.4867,0.87514,-11.873,-6.8828,7.8551,-3.4664,0,0,0,NaN,NaN,NaN,NaN,NaN,NaN,NaN,NaN,NaN,45.72,0,1986.8,0.0064211,NaN,NaN,NaN,NaN,NaN,-1,-1,-2.4023,0.41558,-11.302,-6.7881,8.2711,-3.6769,NaN,NaN,NaN,NaN,NaN
564.92,-12.73,-33.588,-139.24,-2.1044,0.50397,-10.791,-6.3012,8.1633,-3.4987,0.33764,-0.15527,-1.1065,NaN,NaN,NaN,NaN,NaN,NaN,NaN,NaN,NaN,45.72,0,1986.8,0.0064211,NaN,NaN,NaN,NaN,NaN,-1,-1,-2.4143,0.43318,-11.333,-6.7574,8.0718,-3.6733,NaN,NaN,NaN,NaN,NaN
564.92,-12.737,-33.57,-139.25,-2.6052,0.375,-12.012,-6.5804,8.1894,-3.6254,0,0,0,NaN,NaN,NaN,NaN,NaN,NaN,NaN,NaN,NaN,45.72,0,1986.8,0.0064211,NaN,NaN,NaN,NaN,20.296,97550,10.625,-2.4126,0.43202,-11.322,-6.7798,8.2921,-3.6741,NaN,NaN,NaN,NaN,NaN
564.93,-12.744,-33.55,-139.27,-2.5019,1.353,-11.152,-6.1844,8.4721,-3.3719,0,0,0,NaN,NaN,NaN,NaN,NaN,NaN,NaN,NaN,NaN,45.72,0,1986.8,0.0064211,0.79278,2.5071,0.70654,0.0091565,NaN,-1,-1,-2.4076,0.41245,-11.307,-6.791,8.3112,-3.6642,NaN,NaN,NaN,NaN,NaN
564.93,-12.759,-33.513,-139.3,-2.5215,-0.57656,-11.426,-7.459,7.7083,-3.9622,0.33806,-0.136,-1.1042,NaN,NaN,NaN,NaN,NaN,NaN,NaN,NaN,NaN,45.72,0,1986.8,0.0064211,NaN,NaN,NaN,NaN,20.53,97579,10.688,-2.417,0.41296,-11.335,-6.7452,8.094,-3.6596,NaN,NaN,NaN,NaN,NaN
564.93,-12.768,-33.497,-139.31,-2.3749,1.3096,-12.669,-7.2057,7.532,-3.754,0,0,0,NaN,NaN,NaN,NaN,NaN,NaN,NaN,NaN,NaN,45.72,0,1986.8,0.0064211,NaN,NaN,NaN,NaN,NaN,-1,-1,-2.4156,0.41893,-11.344,-6.7062,8.2443,-3.6557,NaN,NaN,NaN,NaN,NaN
564.93,-12.775,-33.477,-139.33,-3.0545,0.50152,-12.242,-6.6724,8.773,-3.9566,0,0,0,NaN,NaN,NaN,NaN,NaN,NaN,NaN,NaN,NaN,45.72,0,1986.8,0.0064211,NaN,NaN,NaN,NaN,NaN,-1,-1,-2.4023,0.42775,-11.337,-6.6814,8.3514,-3.6482,NaN,NaN,NaN,NaN,NaN
564.94,-12.78,-33.456,-139.35,-2.1149,0.67713,-10.759,-6.0954,8.9765,-3.7489,0,0,0,NaN,NaN,NaN,NaN,NaN,NaN,NaN,NaN,NaN,45.72,0,1986.8,0.0064211,0.73912,NaN,NaN,NaN,20.434,97591,10.75,-2.4091,0.42441,-11.341,-6.6162,8.2917,-3.6486,NaN,NaN,NaN,NaN,NaN
564.94,-12.786,-33.441,-139.36,-2.3156,0.95307,-11.861,-5.9292,6.9459,-3.4106,0.33297,-0.14048,-1.1003,NaN,NaN,NaN,NaN,NaN,NaN,NaN,NaN,NaN,45.72,0,1986.8,0.0064211,NaN,2.4797,0.7114,0.038291,NaN,-1,-1,-2.4027,0.42159,-11.321,-6.5621,8.2279,-3.6563,NaN,NaN,NaN,NaN,NaN
564.94,-12.792,-33.424,-139.37,-2.3874,0.10037,-12.504,-5.9778,7.6067,-3.5946,0,0,0,NaN,NaN,NaN,NaN,NaN,NaN,NaN,NaN,NaN,45.72,0,1986.8,0.0064211,NaN,NaN,NaN,NaN,NaN,-1,-1,-2.4133,0.41926,-11.343,-6.567,8.3026,-3.645,NaN,NaN,NaN,NaN,NaN
564.94,-12.798,-33.398,-139.39,-2.6536,0.17606,-10.858,-6.3436,10.993,-3.3753,0,0,0,NaN,NaN,NaN,NaN,NaN,NaN,NaN,NaN,NaN,45.72,0,1986.8,0.0064211,NaN,NaN,NaN,NaN,20.277,97570,10.688,-2.4148,0.40964,-11.34,-6.537,8.2821,-3.6353,NaN,NaN,NaN,NaN,NaN
564.95,-12.806,-33.381,-139.4,-1.7936,0.52898,-9.1793,-6.4686,7.5464,-3.5343,0,0,0,NaN,NaN,NaN,NaN,NaN,NaN,NaN,NaN,NaN,45.72,0,1986.8,0.0064211,NaN,NaN,NaN,NaN,NaN,-1,-1,-2.4083,0.41174,-11.348,-6.5338,8.1637,-3.6426,NaN,NaN,NaN,NaN,NaN
564.95,-12.814,-33.373,-139.41,-2.4098,0.12757,-13.676,-6.4871,3.9905,-3.6524,0.33309,-0.14551,-1.1047,NaN,NaN,NaN,NaN,NaN,NaN,NaN,NaN,NaN,45.72,0,1986.8,0.0064211,0.74296,2.6067,0.65542,0.074917,NaN,-1,-1,-2.4196,0.43385,-11.367,-6.667,8.4758,-3.7544,NaN,NaN,NaN,NaN,NaN
564.95,-12.823,-33.345,-139.43,-3.0757,0.28781,-13.05,-7.7342,12.079,-3.6799,0,0,0,NaN,NaN,NaN,NaN,NaN,NaN,NaN,NaN,NaN,45.72,0,1986.8,0.0064211,NaN,NaN,NaN,NaN,20.432,97560,10.625,-2.4098,0.43738,-11.332,-6.5888,8.5925,-3.7213,NaN,NaN,NaN,NaN,NaN
564.95,-12.832,-33.324,-139.44,-2.0142,0.8098,-10.441,-7.3971,9.21,-3.6435,0,0,0,NaN,NaN,NaN,NaN,NaN,NaN,NaN,NaN,NaN,NaN,0,2056.8,0.0069644,NaN,NaN,NaN,NaN,NaN,-1,-1,-2.4182,0.4479,-11.345,-6.499,8.4121,-3.7068,NaN,NaN,NaN,NaN,NaN
564.96,-12.843,-33.297,-139.47,-2.4804,-0.39034,-13.984,-5.3612,6.0344,-3.5768,0.33851,-0.13888,-1.1131,NaN,NaN,NaN,NaN,NaN,NaN,NaN,NaN,NaN,NaN,0,2056.8,0.0069644,NaN,NaN,NaN,NaN,20.412,97584,10.688,-2.4191,0.44284,-11.331,-6.5972,8.617,-3.7971,NaN,NaN,NaN,NaN,NaN
564.96,-12.85,-33.269,-139.49,-2.4641,0.41173,-12.371,-6.7486,11.951,-3.4933,0,0,0,NaN,NaN,NaN,NaN,NaN,NaN,NaN,NaN,NaN,NaN,0,2056.8,0.0069644,NaN,NaN,NaN,NaN,NaN,-1,-1,-2.4238,0.45089,-11.366,-6.4831,8.6092,-3.7566,NaN,NaN,NaN,NaN,NaN
564.96,-12.856,-33.248,-139.5,-2.1573,2.2632,-7.6308,-6.047,9.1105,-3.6516,0,0,0,NaN,NaN,NaN,NaN,NaN,NaN,NaN,NaN,NaN,NaN,0,2056.8,0.0069644,NaN,NaN,NaN,NaN,NaN,-1,-1,-2.4229,0.44077,-11.352,-6.3666,8.3932,-3.7116,NaN,NaN,NaN,NaN,NaN
564.96,-12.86,-33.239,-139.51,-2.4432,-0.17089,-12.66,-5.0355,4.3147,-3.6728,0,0,0,NaN,NaN,NaN,NaN,NaN,NaN,NaN,NaN,NaN,45.73,0,2056.8,0.0069644,0.7331,2.491,0.7114,0.049945,20.629,97591,10.75,-2.4195,0.43559,-11.345,-6.2496,8.2579,-3.6757,NaN,NaN,NaN,NaN,NaN
564.97,-12.867,-33.22,-139.53,-2.8219,-1.5694,-13.487,-6.6559,8.7679,-4.1381,0.33846,-0.13145,-1.1086,NaN,NaN,NaN,NaN,NaN,NaN,NaN,NaN,NaN,45.73,0,2056.8,0.0069644,NaN,NaN,NaN,NaN,NaN,-1,-1,-2.4267,0.45778,-11.381,-6.12,8.2782,-3.6303,NaN,NaN,NaN,NaN,NaN
564.97,-12.875,-33.193,-139.55,-2.4957,1.9249,-10.497,-7.3666,11.766,-3.581,0,0,0,NaN,NaN,NaN,NaN,NaN,NaN,NaN,NaN,NaN,45.73,0,2056.8,0.0069644,NaN,NaN,NaN,NaN,NaN,-1,-1,-2.4265,0.46331,-11.372,-5.9923,8.1455,-3.5939,NaN,NaN,NaN,NaN,NaN
564.97,-12.882,-33.184,-139.56,-2.1858,0.18651,-11.431,-6.1112,4.1007,-3.7867,0,0,0,NaN,NaN,NaN,NaN,NaN,NaN,NaN,NaN,NaN,45.73,0,2056.8,0.0069644,NaN,NaN,NaN,NaN,20.493,97571,10.688,-2.4194,0.46206,-11.325,-5.936,8.1379,-3.5663,NaN,NaN,NaN,NaN,NaN
564.97,-12.889,-33.167,-139.57,-3.0717,0.097739,-13.846,-6.5,7.7139,-3.8621,0,0,0,NaN,NaN,NaN,NaN,NaN,NaN,NaN,NaN,NaN,45.73,0,2056.8,0.0069644,NaN,NaN,NaN,NaN,NaN,-1,-1,-2.4253,0.47272,-11.339,-5.8861,8.0507,-3.5366,NaN,NaN,NaN,NaN,NaN
564.98,-12.892,-33.135,-139.59,-2.5131,1.1928,-10.015,-5.929,13.744,-3.7133,0.34068,-0.13137,-1.1062,-9.7535,-15.676,-12.445,22.265,40.057,-88.55,3.6776e+05,4.4352e+06,268.22,45.73,0,2056.8,0.0069644,0.73091,2.6115,0.65237,0.079079,20.412,97565,10.625,-2.4248,0.46371,-11.356,-5.8481,7.7967,-3.4977,22.092,-2.7652,-0.18101,-0.46943,-7.1341
564.98,-12.898,-33.132,-139.6,-1.4786,1.1586,-10.257,-4.9683,2.0143,-3.4691,0,0,0,NaN,NaN,NaN,NaN,NaN,NaN,NaN,NaN,NaN,45.73,0,2056.8,0.0069644,NaN,NaN,NaN,NaN,NaN,-1,-1,-2.3976,0.46337,-11.225,-5.7539,7.8637,-3.4522,NaN,NaN,NaN,NaN,NaN
564.98,-12.902,-33.115,-139.61,-3.6051,0.41673,-14.538,-5.1548,7.5428,-3.7462,0,0,0,NaN,NaN,NaN,NaN,NaN,NaN,NaN,NaN,NaN,45.73,0,2056.8,0.0069644,NaN,NaN,NaN,NaN,NaN,-1,-1,-2.4035,0.46611,-11.243,-5.6333,7.6076,-3.419,NaN,NaN,NaN,NaN,NaN
564.98,-12.906,-33.079,-139.63,-1.8031,-0.20338,-9.2987,-6.0787,15.327,-3.4242,0,0,0,NaN,NaN,NaN,NaN,NaN,NaN,NaN,NaN,NaN,45.73,0,2056.8,0.0069644,NaN,NaN,NaN,NaN,20.491,97605,10.75,-2.4065,0.47464,-11.269,-5.5124,7.5817,-3.3809,NaN,NaN,NaN,NaN,NaN
564.99,-12.912,-33.071,-139.64,-1.8486,0.87124,-9.23,-5.6463,3.8548,-3.7251,0.34316,-0.13152,-1.1082,NaN,NaN,NaN,NaN,NaN,NaN,NaN,NaN,NaN,45.73,0,2056.8,0.0069644,NaN,NaN,NaN,NaN,NaN,-1,-1,-2.4114,0.47575,-11.26,-5.4711,7.5724,-3.3703,NaN,NaN,NaN,NaN,NaN
564.99,-12.919,-33.06,-139.66,-3.3051,-0.52751,-13.696,-6.2123,5.2076,-3.6716,0,0,0,NaN,NaN,NaN,NaN,NaN,NaN,NaN,NaN,NaN,45.73,0,2056.8,0.0069644,0.73474,2.5984,0.63533,0.090733,NaN,-1,-1,-2.3935,0.47923,-11.167,-5.4677,7.4624,-3.3524,NaN,NaN,NaN,NaN,NaN
564.99,-12.926,-33.035,-139.67,-3.069,0.42493,-15.23,-6.7089,10.802,-3.6936,0,0,0,NaN,NaN,NaN,NaN,NaN,NaN,NaN,NaN,NaN,45.73,0,2056.8,0.0069644,NaN,NaN,NaN,NaN,20.334,97580,10.688,-2.3993,0.47937,-11.192,-5.4133,7.4096,-3.3472,NaN,NaN,NaN,NaN,NaN
564.99,-12.932,-33.008,-139.69,-1.7056,2.1988,-7.8361,-6.4353,11.607,-3.4979,0,0,0,NaN,NaN,NaN,NaN,NaN,NaN,NaN,NaN,NaN,45.73,0,2056.8,0.0069644,NaN,NaN,NaN,NaN,NaN,-1,-1,-2.3975,0.48324,-11.222,-5.3479,7.4197,-3.3369,NaN,NaN,NaN,NaN,NaN
565,-12.936,-32.998,-139.7,-2.6523,0.1353,-10.581,-4.7945,4.9714,-3.8153,0.3359,-0.1386,-1.1089,NaN,NaN,NaN,NaN,NaN,NaN,NaN,NaN,NaN,45.73,0,2056.8,0.0069644,NaN,NaN,NaN,NaN,20.55,97580,10.688,-2.4049,0.48145,-11.264,-5.2753,7.3373,-3.3287,NaN,NaN,NaN,NaN,NaN
565,-12.944,-32.961,-139.73,-2.7337,2.6667,-12.969,-4.9281,9.2232,-3.8167,0,0,0,NaN,NaN,NaN,NaN,NaN,NaN,NaN,NaN,NaN,45.73,0,2056.8,0.0069644,NaN,NaN,NaN,NaN,NaN,-1,-1,-2.4022,0.48097,-11.275,-5.1641,7.2959,-3.3118,NaN,NaN,NaN,NaN,NaN
565,-12.947,-32.937,-139.74,-1.8773,-0.88316,-8.5609,-4.9541,10.7,-3.3835,0,0,0,NaN,NaN,NaN,NaN,NaN,NaN,NaN,NaN,NaN,45.73,0,2056.8,0.0069644,0.71996,NaN,NaN,NaN,NaN,-1,-1,-2.4119,0.49322,-11.292,-5.0387,7.3923,-3.2917,NaN,NaN,NaN,NaN,NaN
565,0,0,0,0,0,0,0,0,0,0,0,0,NaN,NaN,NaN,NaN,NaN,NaN,NaN,NaN,NaN,45.73,0,2056.8,0.0069644,NaN,2.6008,0.62864,0.099889,20.316,97571,10.688,-2.4194,0.49285,-11.316,-4.944,7.2986,-3.2777,NaN,NaN,NaN,NaN,NaN
565.01,-12.954,-32.929,-139.76,-2.3379,-1.5834,-11.377,-5.8311,3.8106,-3.7355,0.34269,-0.13846,-1.1038,NaN,NaN,NaN,NaN,NaN,NaN,NaN,NaN,NaN,45.73,0,2056.8,0.0069644,NaN,NaN,NaN,NaN,NaN,-1,-1,-2.4201,0.48882,-11.286,-4.9008,7.1445,-3.2707,NaN,NaN,NaN,NaN,NaN
565.01,-12.961,-32.908,-139.77,-3.0645,1.5691,-13.753,-6.7184,9.1614,-3.6586,0,0,0,NaN,NaN,NaN,NaN,NaN,NaN,NaN,NaN,NaN,45.73,0,2056.8,0.0069644,NaN,NaN,NaN,NaN,20.493,97591,10.75,-2.4195,0.48306,-11.306,-4.8643,7.3365,-3.264,NaN,NaN,NaN,NaN,NaN
565.01,0,0,0,0,0,0,0,0,0,0,0,0,NaN,NaN,NaN,NaN,NaN,NaN,NaN,NaN,NaN,45.73,0,2056.8,0.0069644,0.79004,2.5113,0.69802,0.0066593,NaN,-1,-1,-2.4199,0.48076,-11.315,-4.8586,7.2942,-3.2651,NaN,NaN,NaN,NaN,NaN
565.01,-12.974,-32.854,-139.82,-2.4383,1.5849,-12.266,-5.0296,6.893,-3.6233,0.32914,-0.12893,-1.1095,NaN,NaN,NaN,NaN,NaN,NaN,NaN,NaN,NaN,45.73,0,2056.8,0.0069644,NaN,NaN,NaN,NaN,20.491,97557,10.625,-2.4205,0.48941,-11.318,-4.7899,7.18,-3.272,NaN,NaN,NaN,NaN,NaN
565.02,-12.979,-32.831,-139.83,-2.4319,0.77539,-12.059,-5.4376,9.8062,-3.489,0,0,0,NaN,NaN,NaN,NaN,NaN,NaN,NaN,NaN,NaN,45.73,0,2056.8,0.0069644,NaN,NaN,NaN,NaN,NaN,-1,-1,-2.4196,0.48702,-11.31,-4.7654,7.4734,-3.255,NaN,NaN,NaN,NaN,NaN
565.02,-12.982,-32.812,-139.85,-2.7039,0.56077,-11.327,-4.8966,8.552,-3.3289,0,0,0,NaN,NaN,NaN,NaN,NaN,NaN,NaN,NaN,NaN,45.73,0,2056.8,0.0069644,NaN,NaN,NaN,NaN,NaN,-1,-1,-2.4249,0.49952,-11.305,-4.658,7.5059,-3.258,NaN,NaN,NaN,NaN,NaN
565.02,-12.991,-32.778,-139.87,-2.318,-0.81477,-12.032,-5.6132,6.0909,-3.5247,0.33834,-0.12643,-1.1042,NaN,NaN,NaN,NaN,NaN,NaN,NaN,NaN,NaN,45.73,0,2056.8,0.0069644,NaN,NaN,NaN,NaN,20.313,97591,10.688,-2.4268,0.5014,-11.29,-4.5232,7.3462,-3.2585,NaN,NaN,NaN,NaN,NaN
565.02,-12.997,-32.759,-139.89,-2.4946,0.58686,-12.685,-6.3006,8.6827,-3.7569,0,0,0,NaN,NaN,NaN,NaN,NaN,NaN,NaN,NaN,NaN,45.73,0,2056.8,0.0069644,NaN,NaN,NaN,NaN,20.645,97613,10.75,-2.4212,0.48605,-11.274,-4.4533,7.4456,-3.2792,NaN,NaN,NaN,NaN,NaN
565.03,-12.998,-32.692,-139.94,-1.8127,-0.3669,-11.76,-4.4042,4.4595,-3.5111,0.33135,-0.12884,-1.1071,NaN,NaN,NaN,NaN,NaN,NaN,NaN,NaN,NaN,45.73,0,2056.8,0.0069644,0.73693,2.6049,0.63594,0.0899,NaN,-1,-1,-2.4281,0.48914,-11.281,-4.4576,7.6523,-3.2826,NaN,NaN,NaN,NaN,NaN
565.03,-13.001,-32.672,-139.95,-3.3321,1.4624,-13.433,-4.7704,8.44,-3.5125,0,0,0,NaN,NaN,NaN,NaN,NaN,NaN,NaN,NaN,NaN,45.73,0,2056.8,0.0069644,NaN,NaN,NaN,NaN,NaN,-1,-1,-2.442,0.49879,-11.392,-4.4213,7.5392,-3.3138,NaN,NaN,NaN,NaN,NaN
565.03,-13,-32.643,-139.97,-2.6208,1.3237,-10.037,-3.6591,12.841,-3.5991,0,0,0,NaN,NaN,NaN,NaN,NaN,NaN,NaN,NaN,NaN,45.73,0,2056.8,0.0069644,NaN,NaN,NaN,NaN,NaN,-1,-1,-2.4459,0.49656,-11.367,-4.4184,7.5604,-3.3446,NaN,NaN,NaN,NaN,NaN
565.03,-13.005,-32.622,-139.99,-3.1572,-0.22393,-13.192,-4.5966,3.6904,-3.8883,0.32639,-0.13345,-1.1053,NaN,NaN,NaN,NaN,NaN,NaN,NaN,NaN,NaN,45.73,0,2056.8,0.0069644,0.7342,2.6008,0.64933,0.083241,20.612,97619,10.875,-2.4473,0.50606,-11.384,-4.4023,7.7879,-3.376,NaN,NaN,NaN,NaN,NaN
565.04,-13.008,-32.591,-140.01,-2.8415,0.49799,-13.451,-5.7177,13.659,-3.7383,0,0,0,NaN,NaN,NaN,NaN,NaN,NaN,NaN,NaN,NaN,45.73,0,2056.8,0.0069644,0.7342,2.6008,0.64933,0.083241,NaN,-1,-1,-2.4731,0.51526,-11.504,-4.3195,7.7338,-3.3893,NaN,NaN,NaN,NaN,NaN
565.04,-13.013,-32.573,-140.03,-1.7164,0.49546,-9.5531,-5.4796,7.7994,-3.689,0,0,0,NaN,NaN,NaN,NaN,NaN,NaN,NaN,NaN,NaN,45.73,0,2056.8,0.0069644,NaN,NaN,NaN,NaN,NaN,-1,-1,-2.4802,0.49193,-11.487,-4.226,7.7658,-3.4215,NaN,NaN,NaN,NaN,NaN
565.04,-13.016,-32.559,-140.04,-3.1752,1.1754,-12.74,-4.4929,6.4211,-3.5186,0,0,0,NaN,NaN,NaN,NaN,NaN,NaN,NaN,NaN,NaN,45.73,0,2056.8,0.0069644,NaN,NaN,NaN,NaN,20.53,97604,10.75,-2.4796,0.50334,-11.486,-4.2061,8.0873,-3.4427,NaN,NaN,NaN,NaN,NaN
565.04,-13.014,-32.538,-140.05,-2.5181,1.2618,-12.578,-3.1076,9.1931,-3.6375,0.32651,-0.13847,-1.1097,NaN,NaN,NaN,NaN,NaN,NaN,NaN,NaN,NaN,45.73,0,2056.8,0.0069644,NaN,NaN,NaN,NaN,20.593,97600,10.813,-2.4907,0.50793,-11.521,-4.2,8.0819,-3.4843,NaN,NaN,NaN,NaN,NaN
565.05,-13.015,-32.517,-140.07,-2.1942,-0.012377,-10.791,-3.9855,9.0686,-3.568,0,0,0,NaN,NaN,NaN,NaN,NaN,NaN,NaN,NaN,NaN,45.73,0,2056.8,0.0069644,NaN,NaN,NaN,NaN,NaN,-1,-1,-2.493,0.51102,-11.528,-4.1943,8.0456,-3.5331,NaN,NaN,NaN,NaN,NaN
565.05,-13.015,-32.5,-140.08,-2.5446,0.50735,-10.352,-3.5885,7.7318,-3.6295,0,0,0,NaN,NaN,NaN,NaN,NaN,NaN,NaN,NaN,NaN,45.73,0,2056.8,0.0069644,0.79716,2.5041,0.71384,0.014151,NaN,-1,-1,-2.4906,0.5325,-11.517,-4.2423,8.1787,-3.5698,NaN,NaN,NaN,NaN,NaN
565.05,-13.015,-32.481,-140.1,-2.3776,0.84017,-12.527,-3.3609,8.547,-3.246,0,0,0,NaN,NaN,NaN,NaN,NaN,NaN,NaN,NaN,NaN,45.73,0,2056.8,0.0069644,NaN,NaN,NaN,NaN,20.508,97598,10.688,-2.4976,0.5252,-11.507,-4.2807,8.4612,-3.6068,NaN,NaN,NaN,NaN,NaN
565.05,-13.017,-32.463,-140.11,-2.7694,-1.3505,-10.589,-4.3832,7.9248,-3.6996,0.3243,-0.13365,-1.1099,NaN,NaN,NaN,NaN,NaN,NaN,NaN,NaN,NaN,45.73,0,2056.8,0.0069644,NaN,NaN,NaN,NaN,NaN,-1,-1,-2.506,0.52754,-11.559,-4.2179,8.4848,-3.6482,NaN,NaN,NaN,NaN,NaN
565.06,-13.022,-32.446,-140.13,-2.5505,0.57311,-13.992,-5.2709,7.4618,-3.6211,0,0,0,NaN,NaN,NaN,NaN,NaN,NaN,NaN,NaN,NaN,45.73,0,2056.8,0.0069644,NaN,NaN,NaN,NaN,20.565,97584,10.625,-2.5056,0.53421,-11.509,-4.2385,8.6019,-3.7117,NaN,NaN,NaN,NaN,NaN
565.06,-13.024,-32.423,-140.14,-3.0822,1.9921,-11.267,-4.6714,10.243,-3.632,0,0,0,NaN,NaN,NaN,NaN,NaN,NaN,NaN,NaN,NaN,45.73,0,2056.8,0.0069644,NaN,NaN,NaN,NaN,NaN,-1,-1,-2.512,0.50766,-11.531,-4.2714,8.888,-3.7563,NaN,NaN,NaN,NaN,NaN
565.06,-13.023,-32.404,-140.16,-1.8321,-0.18723,-10.629,-3.1435,8.3364,-3.5978,0,0,0,NaN,NaN,NaN,NaN,NaN,NaN,NaN,NaN,NaN,45.73,0,2056.8,0.0069644,NaN,2.602,0.62986,0.10572,NaN,-1,-1,-2.5216,0.52544,-11.562,-4.1035,8.6731,-3.6784,NaN,NaN,NaN,NaN,NaN
565.06,-13.025,-32.391,-140.17,-2.689,0.79298,-12.135,-4.3168,5.9163,-3.6984,0.32679,-0.1289,-1.1097,NaN,NaN,NaN,NaN,NaN,NaN,NaN,NaN,NaN,45.73,0.024486,2158.2,0.0069644,NaN,2.602,0.62986,0.10572,20.606,97573,10.625,-2.5114,0.5329,-11.543,-4.141,8.5233,-3.719,NaN,NaN,NaN,NaN,NaN
565.07,-13.024,-32.366,-140.19,-3.4086,1.889,-12.611,-3.3402,10.777,-3.5005,0,0,0,NaN,NaN,NaN,NaN,NaN,NaN,NaN,NaN,NaN,45.73,0.024486,2158.2,0.0069644,NaN,NaN,NaN,NaN,NaN,-1,-1,-2.5125,0.51887,-11.546,-4.2285,8.7012,-3.756,NaN,NaN,NaN,NaN,NaN
565.07,-13.023,-32.343,-140.2,-1.4213,0.45416,-9.8906,-3.1088,10.28,-3.2711,0,0,0,NaN,NaN,NaN,NaN,NaN,NaN,NaN,NaN,NaN,45.73,0.024486,2158.2,0.0069644,NaN,NaN,NaN,NaN,NaN,-1,-1,-2.5308,0.52302,-11.565,-4.0313,8.4458,-3.657,NaN,NaN,NaN,NaN,NaN
565.07,-13.022,-32.334,-140.21,-2.7603,-1.3716,-10.821,-3.0186,4.0836,-3.9533,0,0,0,NaN,NaN,NaN,NaN,NaN,NaN,NaN,NaN,NaN,45.73,0.024486,2158.2,0.0069644,NaN,NaN,NaN,NaN,20.588,97626,10.813,-2.524,0.53586,-11.565,-3.9789,8.3893,-3.6616,NaN,NaN,NaN,NaN,NaN
565.07,-13.025,-32.313,-140.23,-3.02,0.10526,-14.472,-4.9446,9.4065,-3.6007,0.32438,-0.12635,-1.1077,NaN,NaN,NaN,NaN,NaN,NaN,NaN,NaN,NaN,45.73,0.024486,2158.2,0.0069644,NaN,NaN,NaN,NaN,NaN,-1,-1,-2.5277,0.53159,-11.56,-3.9971,8.4063,-3.664,NaN,NaN,NaN,NaN,NaN
565.08,-13.028,-32.289,-140.25,-2.4465,0.45853,-10.906,-4.9422,10.595,-3.7895,0,0,0,NaN,NaN,NaN,NaN,NaN,NaN,NaN,NaN,NaN,45.73,0.024486,2158.2,0.0069644,0.74022,2.491,0.71506,0.028302,20.546,97584,10.625,-2.5284,0.54111,-11.579,-4.0221,8.4488,-3.6651,NaN,NaN,NaN,NaN,NaN
565.08,-13.031,-32.273,-140.26,-2.5826,0.77555,-11.543,-4.8749,7.2204,-3.8214,0,0,0,NaN,NaN,NaN,NaN,NaN,NaN,NaN,NaN,NaN,45.73,0.024486,2158.2,0.0069644,NaN,NaN,NaN,NaN,NaN,-1,-1,-2.5288,0.54706,-11.578,-4.0743,8.4137,-3.6682,NaN,NaN,NaN,NaN,NaN
565.08,-13.031,-32.256,-140.28,-2.7737,1.0729,-12.164,-3.7669,7.4066,-3.9606,0,0,0,NaN,NaN,NaN,NaN,NaN,NaN,NaN,NaN,NaN,45.73,0.024486,2158.2,0.0069644,NaN,NaN,NaN,NaN,NaN,-1,-1,-2.5357,0.54989,-11.597,-4.1754,8.3786,-3.6781,NaN,NaN,NaN,NaN,NaN
565.08,-13.032,-32.235,-140.29,-2.1278,0.69627,-11.861,-3.9939,9.4544,-3.4317,0.31288,-0.13134,-1.1154,NaN,NaN,NaN,NaN,NaN,NaN,NaN,NaN,NaN,45.73,0.024486,2158.2,0.0069644,NaN,NaN,NaN,NaN,20.548,97632,10.813,-2.5369,0.53034,-11.591,-4.2345,8.2492,-3.6767,NaN,NaN,NaN,NaN,NaN
565.09,-13.032,-32.215,-140.3,-3.0212,1.121,-11.375,-3.5634,8.8867,-3.6104,0,0,0,NaN,NaN,NaN,NaN,NaN,NaN,NaN,NaN,NaN,45.73,0.024486,2158.2,0.0069644,NaN,NaN,NaN,NaN,NaN,-1,-1,-2.5422,0.54075,-11.618,-4.2763,8.2255,-3.6835,NaN,NaN,NaN,NaN,NaN
565.09,-13.032,-32.193,-140.32,-2.3807,0.29622,-10.697,-3.5169,9.6692,-3.5396,0,0,0,NaN,NaN,NaN,NaN,NaN,NaN,NaN,NaN,NaN,45.73,0.024486,2158.2,0.0069644,NaN,NaN,NaN,NaN,NaN,-1,-1,-2.5446,0.51745,-11.599,-4.2721,8.4202,-3.6847,NaN,NaN,NaN,NaN,NaN
565.09,-13.034,-32.179,-140.33,-2.1953,-0.68765,-11.275,-4.653,6.3844,-3.9291,0,0,0,NaN,NaN,NaN,NaN,NaN,NaN,NaN,NaN,NaN,45.73,0.024486,2158.2,0.0069644,NaN,NaN,NaN,NaN,20.8,97614,10.75,-2.5347,0.50622,-11.603,-4.3063,8.2232,-3.7126,NaN,NaN,NaN,NaN,NaN
565.09,-13.039,-32.159,-140.35,-2.8629,0.67048,-13.278,-5.3915,8.5278,-3.7516,0.31268,-0.13361,-1.1132,NaN,NaN,NaN,NaN,NaN,NaN,NaN,NaN,NaN,45.73,0.024486,2158.2,0.0069644,NaN,NaN,NaN,NaN,NaN,-1,-1,-2.5413,0.51526,-11.655,-4.3899,8.351,-3.7244,NaN,NaN,NaN,NaN,NaN
565.1,-13.044,-32.116,-140.38,-2.2583,1.2308,-11.114,-4.4474,8.5598,-3.8595,0,0,0,NaN,NaN,NaN,NaN,NaN,NaN,NaN,NaN,NaN,45.73,0.024486,2158.2,0.0069644,NaN,NaN,NaN,NaN,20.645,97595,10.688,-2.5429,0.50369,-11.642,-4.4961,8.4027,-3.7487,NaN,NaN,NaN,NaN,NaN
565.1,-13.045,-32.1,-140.4,-2.4489,0.87019,-11.551,-3.8268,7.2541,-3.6343,0,0,0,NaN,NaN,NaN,NaN,NaN,NaN,NaN,NaN,NaN,45.73,0.024486,2158.2,0.0069644,NaN,NaN,NaN,NaN,NaN,-1,-1,-2.5374,0.50044,-11.648,-4.5711,8.333,-3.7724,NaN,NaN,NaN,NaN,NaN
565.1,-13.048,-32.08,-140.41,-2.7939,1.1971,-12.385,-4.6671,8.8082,-3.4239,0.31751,-0.1338,-1.115,NaN,NaN,NaN,NaN,NaN,NaN,NaN,NaN,NaN,45.73,0.024486,2158.2,0.0069644,0.7331,2.6044,0.64751,0.074085,NaN,-1,-1,-2.5486,0.49483,-11.67,-4.5786,8.362,-3.7843,NaN,NaN,NaN,NaN,NaN
565.1,-13.048,-32.058,-140.43,-2.6576,-0.038264,-11.603,-3.9939,9.6237,-3.8962,0,0,0,NaN,NaN,NaN,NaN,NaN,NaN,NaN,NaN,NaN,45.73,0.024486,2158.2,0.0069644,NaN,NaN,NaN,NaN,20.686,97603,10.75,-2.5537,0.50024,-11.667,-4.5789,8.3876,-3.8012,NaN,NaN,NaN,NaN,NaN
565.11,-13.049,-32.023,-140.46,-2.4074,-1.1444,-11.242,-4.4714,6.738,-3.8045,0,0,0,NaN,NaN,NaN,NaN,NaN,NaN,NaN,NaN,NaN,45.73,0.024486,2158.2,0.0069644,NaN,NaN,NaN,NaN,NaN,-1,-1,-2.5453,0.48074,-11.668,-4.5472,8.4044,-3.8052,NaN,NaN,NaN,NaN,NaN
565.11,-13.055,-32.006,-140.47,-2.7448,-0.1206,-14.221,-6.3889,7.7952,-4.1326,0.31014,-0.13095,-1.109,NaN,NaN,NaN,NaN,NaN,NaN,NaN,NaN,NaN,45.73,0.024486,2158.2,0.0069644,NaN,NaN,NaN,NaN,NaN,-1,-1,-2.5521,0.48222,-11.697,-4.5454,8.3686,-3.7972,NaN,NaN,NaN,NaN,NaN
565.11,-13.062,-31.961,-140.51,-1.8688,1.5155,-10.603,-4.3776,9.2069,-3.6364,0,0,0,NaN,NaN,NaN,NaN,NaN,NaN,NaN,NaN,NaN,45.73,0.024486,2158.2,0.0069644,NaN,NaN,NaN,NaN,20.836,97603,10.688,-2.5425,0.49005,-11.68,-4.5627,8.3328,-3.811,NaN,NaN,NaN,NaN,NaN
565.11,-13.064,-31.948,-140.52,-2.8768,-0.68268,-11.585,-4.1541,6.0284,-3.8507,0,0,0,NaN,NaN,NaN,NaN,NaN,NaN,NaN,NaN,NaN,45.73,0.024486,2158.2,0.0069644,0.73858,2.4874,0.71201,0.049945,NaN,-1,-1,-2.5402,0.47612,-11.658,-4.6077,8.3995,-3.8163,NaN,NaN,NaN,NaN,NaN
565.12,-13.067,-31.926,-140.54,-2.8402,1.7694,-13.005,-4.8272,9.7562,-3.7961,0.31754,-0.11908,-1.1083,NaN,NaN,NaN,NaN,NaN,NaN,NaN,NaN,NaN,45.73,0.024486,2158.2,0.0069644,NaN,NaN,NaN,NaN,20.779,97600,10.688,-2.5562,0.46855,-11.716,-4.6536,8.4174,-3.8245,NaN,NaN,NaN,NaN,NaN
565.12,-13.068,-31.901,-140.55,-2.3435,1.6627,-11.059,-4.2145,10.763,-3.6479,0,0,0,NaN,NaN,NaN,NaN,NaN,NaN,NaN,NaN,NaN,45.73,0.024486,2158.2,0.0069644,NaN,NaN,NaN,NaN,NaN,-1,-1,-2.5606,0.48038,-11.719,-4.6798,8.4261,-3.8168,NaN,NaN,NaN,NaN,NaN
565.12,-13.069,-31.888,-140.57,-2.7932,-1.0612,-10.075,-3.9614,5.9983,-3.7286,0,0,0,NaN,NaN,NaN,NaN,NaN,NaN,NaN,NaN,NaN,45.73,0.024486,2158.2,0.0069644,NaN,NaN,NaN,NaN,NaN,-1,-1,-2.5528,0.46379,-11.711,-4.6448,8.4324,-3.8108,NaN,NaN,NaN,NaN,NaN
565.12,-13.074,-31.868,-140.58,-2.5528,-0.78093,-13.637,-5.6286,8.8391,-3.7791,0,0,0,NaN,NaN,NaN,NaN,NaN,NaN,NaN,NaN,NaN,45.73,0.024486,2158.2,0.0069644,0.7342,NaN,NaN,NaN,20.758,97588,10.625,-2.5618,0.45526,-11.747,-4.5911,8.546,-3.8026,NaN,NaN,NaN,NaN,NaN
565.13,-13.08,-31.848,-140.6,-2.9072,1.293,-12.251,-6.2374,8.8326,-3.9436,0.30826,-0.12397,-1.1136,NaN,NaN,NaN,NaN,NaN,NaN,NaN,NaN,NaN,45.73,0.024486,2158.2,0.0069644,NaN,2.4838,0.71992,0.04495,NaN,-1,-1,-2.5631,0.45784,-11.778,-4.5031,8.5298,-3.7971,NaN,NaN,NaN,NaN,NaN
565.13,-13.083,-31.826,-140.61,-2.6353,0.91644,-12.517,-4.9516,9.7605,-3.9061,0,0,0,NaN,NaN,NaN,NaN,NaN,NaN,NaN,NaN,NaN,45.73,0.024486,2158.2,0.0069644,NaN,2.4838,0.71992,0.04495,NaN,-1,-1,-2.5539,0.46737,-11.767,-4.4334,8.4542,-3.8022,NaN,NaN,NaN,NaN,NaN
565.13,-13.085,-31.808,-140.63,-1.824,-0.28327,-10.249,-4.4111,8.0527,-3.7594,0,0,0,NaN,NaN,NaN,NaN,NaN,NaN,NaN,NaN,NaN,45.73,0.024486,2158.2,0.0069644,NaN,NaN,NaN,NaN,20.741,97621,10.75,-2.5538,0.45684,-11.773,-4.4081,8.5214,-3.7966,NaN,NaN,NaN,NaN,NaN
565.13,-13.087,-31.791,-140.64,-3.0653,1.9724,-12.538,-4.4906,7.568,-3.8651,0,0,0,NaN,NaN,NaN,NaN,NaN,NaN,NaN,NaN,NaN,45.73,0.024486,2158.2,0.0069644,NaN,NaN,NaN,NaN,20.756,97623,10.688,-2.5661,0.46702,-11.811,-4.4272,8.7,-3.7984,NaN,NaN,NaN,NaN,NaN
565.14,-13.087,-31.769,-140.66,-2.635,1.1163,-12.101,-4.017,10.037,-3.9245,0.30799,-0.12864,-1.1114,NaN,NaN,NaN,NaN,NaN,NaN,NaN,NaN,NaN,45.73,0.024486,2158.2,0.0069644,NaN,NaN,NaN,NaN,NaN,-1,-1,-2.572,0.46228,-11.816,-4.387,8.6983,-3.8062,NaN,NaN,NaN,NaN,NaN
565.14,-13.086,-31.75,-140.67,-2.3978,0.23634,-10.825,-3.4476,8.4028,-4.0654,0,0,0,NaN,NaN,NaN,NaN,NaN,NaN,NaN,NaN,NaN,45.73,0.024486,2158.2,0.0069644,0.73693,2.6169,0.64446,0.068258,NaN,-1,-1,-2.5702,0.46984,-11.859,-4.3196,8.5542,-3.8176,NaN,NaN,NaN,NaN,NaN
565.14,-13.088,-31.73,-140.69,-2.8216,-0.63021,-11.587,-4.2675,8.804,-3.8314,0,0,0,NaN,NaN,NaN,NaN,NaN,NaN,NaN,NaN,NaN,45.73,0.024486,2158.2,0.0069644,NaN,NaN,NaN,NaN,NaN,-1,-1,-2.5781,0.47902,-11.875,-4.2506,8.6641,-3.8057,NaN,NaN,NaN,NaN,NaN
565.14,-13.09,-31.715,-140.7,-2.894,0.014109,-12.418,-4.5115,7.027,-4.104,0,0,0,NaN,NaN,NaN,NaN,NaN,NaN,NaN,NaN,NaN,45.73,0.024486,2158.2,0.0069644,NaN,NaN,NaN,NaN,20.858,97629,10.813,-2.5701,0.47942,-11.863,-4.1643,8.6422,-3.8068,NaN,NaN,NaN,NaN,NaN
565.15,-13.097,-31.673,-140.73,-2.7205,1.2624,-12.657,-4.2493,9.5327,-3.6283,0,0,0,NaN,NaN,NaN,NaN,NaN,NaN,NaN,NaN,NaN,45.73,0.024486,2158.2,0.0069644,NaN,NaN,NaN,NaN,NaN,-1,-1,-2.5787,0.48448,-11.889,-4.084,8.6701,-3.7911,NaN,NaN,NaN,NaN,NaN
565.15,-13.097,-31.65,-140.75,-2.5305,0.40533,-10.529,-4.0246,10.137,-3.9959,0,0,0,NaN,NaN,NaN,NaN,NaN,NaN,NaN,NaN,NaN,45.73,0.024486,2158.2,0.0069644,NaN,NaN,NaN,NaN,NaN,-1,-1,-2.5773,0.48911,-11.903,-4.0103,8.7114,-3.786,NaN,NaN,NaN,NaN,NaN
565.15,-13.097,-31.634,-140.76,-2.5031,1.7493,-11.043,-3.2434,7.1081,-3.5834,0,0,0,NaN,NaN,NaN,NaN,NaN,NaN,NaN,NaN,NaN,45.73,0.024486,2158.2,0.0069644,NaN,NaN,NaN,NaN,20.857,97618,10.75,-2.5732,0.4722,-11.896,-3.9878,8.7328,-3.7765,NaN,NaN,NaN,NaN,NaN
565.15,-13.096,-31.614,-140.78,-2.9764,0.67007,-13.1,-3.1,8.9893,-3.3443,0.30383,-0.11924,-1.1162,NaN,NaN,NaN,NaN,NaN,NaN,NaN,NaN,NaN,45.73,0.024486,2158.2,0.0069644,0.75117,2.494,0.72053,0.049112,NaN,-1,-1,-2.5739,0.48415,-11.938,-3.9324,8.7151,-3.7672,NaN,NaN,NaN,NaN,NaN
565.16,-13.096,-31.594,-140.79,-2.6883,0.27549,-11.827,-3.4148,8.7597,-3.7442,0,0,0,NaN,NaN,NaN,NaN,NaN,NaN,NaN,NaN,NaN,45.73,0.024486,2158.2,0.0069644,NaN,NaN,NaN,NaN,20.855,97609,10.688,-2.5761,0.48422,-11.949,-3.829,8.7689,-3.7662,NaN,NaN,NaN,NaN,NaN
565.16,-13.098,-31.574,-140.81,-2.0736,-1.1007,-11.85,-4.2637,8.9828,-3.47,0,0,0,NaN,NaN,NaN,NaN,NaN,NaN,NaN,NaN,NaN,45.73,0.024486,2158.2,0.0069644,NaN,NaN,NaN,NaN,NaN,-1,-1,-2.5721,0.48009,-11.951,-3.727,8.7562,-3.752,NaN,NaN,NaN,NaN,NaN
565.16,-13.101,-31.556,-140.82,-3.0473,0.84623,-12.998,-4.7753,7.8933,-3.8761,0,0,0,NaN,NaN,NaN,NaN,NaN,NaN,NaN,NaN,NaN,45.73,0.024486,2158.2,0.0069644,NaN,NaN,NaN,NaN,NaN,-1,-1,-2.5814,0.47822,-11.96,-3.6654,8.7782,-3.7476,NaN,NaN,NaN,NaN,NaN
565.16,-13.099,-31.533,-140.84,-2.475,1.0476,-13.25,-3.4391,10.361,-3.8123,0.30128,-0.12148,-1.1142,NaN,NaN,NaN,NaN,NaN,NaN,NaN,NaN,NaN,45.73,0.024486,2158.2,0.0069644,0.7331,2.6079,0.64751,0.075749,20.778,97608,10.688,-2.5795,0.48812,-11.991,-3.6231,8.7544,-3.7517,NaN,NaN,NaN,NaN,NaN
565.17,-13.099,-31.51,-140.85,-2.309,0.046359,-10.316,-3.6359,10.06,-3.5385,0,0,0,NaN,NaN,NaN,NaN,NaN,NaN,NaN,NaN,NaN,45.73,0.024486,2158.2,0.0069644,NaN,NaN,NaN,NaN,NaN,-1,-1,-2.5742,0.48252,-11.976,-3.6177,8.7785,-3.7513,NaN,NaN,NaN,NaN,NaN
565.17,-13.1,-31.496,-140.87,-2.7276,1.1963,-12.483,-3.6843,6.2664,-3.6666,0,0,0,NaN,NaN,NaN,NaN,NaN,NaN,NaN,NaN,NaN,45.73,0.024486,2158.2,0.0069644,NaN,NaN,NaN,NaN,NaN,-1,-1,-2.566,0.49671,-12.01,-3.5637,8.8059,-3.7398,NaN,NaN,NaN,NaN,NaN
565.17,-13.099,-31.472,-140.88,-3.1258,2.1244,-13.353,-3.0315,10.557,-3.5359,0,0,0,NaN,NaN,NaN,NaN,NaN,NaN,NaN,NaN,NaN,45.73,0.024486,2158.2,0.0069644,NaN,NaN,NaN,NaN,20.643,97645,10.813,-2.5651,0.48862,-11.998,-3.5032,8.7149,-3.726,NaN,NaN,NaN,NaN,NaN
565.17,-13.093,-31.45,-140.9,-2.3278,-0.031787,-10.044,-1.6096,9.418,-3.9489,0.28947,-0.12372,-1.1153,NaN,NaN,NaN,NaN,NaN,NaN,NaN,NaN,NaN,45.681,0,2261.1,0.0053322,NaN,NaN,NaN,NaN,NaN,-1,-1,-2.5702,0.49021,-12.003,-3.6001,9.0328,-3.8361,NaN,NaN,NaN,NaN,NaN
565.18,-13.095,-31.436,-140.91,-2.3195,-1.4275,-12.095,-4.244,6.6451,-4.0297,0,0,0,NaN,NaN,NaN,NaN,NaN,NaN,NaN,NaN,NaN,45.681,0,2261.1,0.0053322,NaN,NaN,NaN,NaN,20.891,97599,10.625,-2.574,0.48918,-12.03,-3.5176,9.1095,-3.7965,NaN,NaN,NaN,NaN,NaN
565.18,-13.095,-31.418,-140.93,-3.2444,0.67302,-13.912,-3.7132,7.976,-3.9116,0,0,0,NaN,NaN,NaN,NaN,NaN,NaN,NaN,NaN,NaN,45.681,0,2261.1,0.0053322,0.74077,2.4856,0.71019,0.051609,NaN,-1,-1,-2.58,0.47963,-12.032,-3.4679,8.9946,-3.7629,NaN,NaN,NaN,NaN,NaN
565.18,-13.096,-31.39,-140.94,-2.53,0.21974,-13.184,-4.2566,12.15,-3.5071,0,0,0,NaN,NaN,NaN,NaN,NaN,NaN,NaN,NaN,NaN,45.681,0,2261.1,0.0053322,NaN,NaN,NaN,NaN,NaN,-1,-1,-2.5746,0.4899,-12.026,-3.4707,8.9804,-3.7302,NaN,NaN,NaN,NaN,NaN
565.18,-13.095,-31.373,-140.96,-1.6762,1.0739,-11.634,-3.2739,7.7362,-3.8156,0.28955,-0.11642,-1.113,NaN,NaN,NaN,NaN,NaN,NaN,NaN,NaN,NaN,45.681,0,2261.1,0.0053322,NaN,NaN,NaN,NaN,20.878,97647,10.875,-2.5759,0.48736,-12.05,-3.6198,9.1896,-3.8258,NaN,NaN,NaN,NaN,NaN
565.19,-13.095,-31.354,-140.97,-3.2098,0.50566,-12.373,-3.6676,8.24,-3.7902,0,0,0,NaN,NaN,NaN,NaN,NaN,NaN,NaN,NaN,NaN,45.681,0,2261.1,0.0053322,NaN,NaN,NaN,NaN,NaN,-1,-1,-2.575,0.48001,-12.077,-3.6125,9.0337,-3.7764,NaN,NaN,NaN,NaN,NaN
565.19,-13.092,-31.313,-141,-2.4017,0.59237,-11.133,-2.2426,6.0984,-3.7434,0,0,0,NaN,NaN,NaN,NaN,NaN,NaN,NaN,NaN,NaN,45.681,0,2261.1,0.0053322,0.78128,NaN,NaN,NaN,NaN,-1,-1,-2.5723,0.48332,-12.046,-3.5978,9.0334,-3.7286,NaN,NaN,NaN,NaN,NaN
565.19,-13.093,-31.295,-141.01,-3.1155,0.015793,-13.961,-3.8879,7.8638,-3.5801,0.28718,-0.1262,-1.1177,NaN,NaN,NaN,NaN,NaN,NaN,NaN,NaN,NaN,45.681,0,2261.1,0.0053322,NaN,2.5053,0.71749,0.014983,21.16,97627,10.75,-2.589,0.47232,-12.102,-3.5327,8.8213,-3.6826,NaN,NaN,NaN,NaN,NaN
565.19,-13.092,-31.266,-141.03,-2.5901,0.097656,-12.58,-3.5665,12.391,-3.6034,0,0,0,NaN,NaN,NaN,NaN,NaN,NaN,NaN,NaN,NaN,45.681,0,2261.1,0.0053322,NaN,NaN,NaN,NaN,NaN,-1,-1,-2.5842,0.47067,-12.082,-3.5102,8.835,-3.6553,NaN,NaN,NaN,NaN,NaN
565.2,-13.096,-31.233,-141.06,-2.9317,0.99738,-14.052,-3.6944,7.0606,-3.7375,0,0,0,NaN,NaN,NaN,NaN,NaN,NaN,NaN,NaN,NaN,45.681,0,2261.1,0.0053322,NaN,NaN,NaN,NaN,20.931,97612,10.688,-2.5864,0.4813,-12.117,-3.4672,8.7777,-3.6337,NaN,NaN,NaN,NaN,NaN
565.2,-13.096,-31.208,-141.07,-2.7487,1.6871,-12.959,-3.6223,10.621,-3.4374,0.29438,-0.1166,-1.1148,-9.9533,-16.651,-12.399,23.024,40.057,-88.55,3.6776e+05,4.4352e+06,264.83,45.681,0,2261.1,0.0053322,NaN,NaN,NaN,NaN,NaN,-1,-1,-2.5944,0.474,-12.167,-3.4509,8.549,-3.6096,22.853,-2.7967,0.01931,0.048412,-6.9769
565.2,-13.095,-31.184,-141.09,-2.3011,1.1414,-9.7746,-3.1233,10.5,-3.7922,0,0,0,NaN,NaN,NaN,NaN,NaN,NaN,NaN,NaN,NaN,45.681,0,2261.1,0.0053322,NaN,NaN,NaN,NaN,NaN,-1,-1,-2.5872,0.48776,-12.083,-3.4625,8.4233,-3.5978,NaN,NaN,NaN,NaN,NaN
565.2,-13.096,-31.17,-141.1,-2.8608,0.18666,-12.579,-3.9461,6.6732,-3.8796,0,0,0,NaN,NaN,NaN,NaN,NaN,NaN,NaN,NaN,NaN,45.681,0,2261.1,0.0053322,0.72927,2.6002,0.64811,0.090733,21.067,97637,10.813,-2.5812,0.49414,-12.07,-3.4622,8.4679,-3.5818,NaN,NaN,NaN,NaN,NaN
565.21,-13.095,-31.15,-141.12,-2.8473,0.85976,-12.464,-3.2721,8.97,-3.871,0,0,0,NaN,NaN,NaN,NaN,NaN,NaN,NaN,NaN,NaN,45.681,0,2261.1,0.0053322,NaN,NaN,NaN,NaN,NaN,-1,-1,-2.5758,0.49265,-12.063,-3.4416,8.3742,-3.571,NaN,NaN,NaN,NaN,NaN
565.21,-13.093,-31.126,-141.13,-2.3041,-0.26221,-12.289,-3.3599,10.378,-4.0271,0.2941,-0.12618,-1.1148,NaN,NaN,NaN,NaN,NaN,NaN,NaN,NaN,NaN,45.681,0,2261.1,0.0053322,NaN,NaN,NaN,NaN,NaN,-1,-1,-2.551,0.49794,-11.929,-3.4189,8.162,-3.555,NaN,NaN,NaN,NaN,NaN
565.21,-13.096,-31.111,-141.15,-2.4315,-0.62967,-12.29,-4.1552,6.7372,-3.5503,0,0,0,NaN,NaN,NaN,NaN,NaN,NaN,NaN,NaN,NaN,45.681,0,2261.1,0.0053322,NaN,NaN,NaN,NaN,21.021,97602,10.563,-2.5557,0.49717,-11.909,-3.4009,8.1234,-3.5211,NaN,NaN,NaN,NaN,NaN
565.21,-13.099,-31.088,-141.16,-2.8268,0.67444,-13.906,-5.1605,10.081,-3.6455,0,0,0,NaN,NaN,NaN,NaN,NaN,NaN,NaN,NaN,NaN,45.681,0,2261.1,0.0053322,NaN,NaN,NaN,NaN,NaN,-1,-1,-2.5625,0.48518,-12,-3.3952,8.0474,-3.495,NaN,NaN,NaN,NaN,NaN
565.22,-13.099,-31.065,-141.18,-2.3549,1.6125,-12.758,-3.4194,10.304,-3.7869,0,0,0,NaN,NaN,NaN,NaN,NaN,NaN,NaN,NaN,NaN,45.681,0,2261.1,0.0053322,0.73365,2.6038,0.63107,0.10239,21.011,97657,10.875,-2.5725,0.48964,-12.014,-3.435,7.9466,-3.4798,NaN,NaN,NaN,NaN,NaN
565.22,-13.098,-31.044,-141.19,-2.3951,0.56584,-10.995,-3.2284,8.8583,-3.4223,0.28727,-0.11399,-1.1132,NaN,NaN,NaN,NaN,NaN,NaN,NaN,NaN,NaN,45.681,0,2261.1,0.0053322,NaN,NaN,NaN,NaN,NaN,-1,-1,-2.5704,0.52157,-12.007,-3.4523,8.0223,-3.4681,NaN,NaN,NaN,NaN,NaN
565.22,-13.1,-31.026,-141.21,-2.8941,0.71958,-11.12,-4.3271,8.0931,-3.9126,0,0,0,NaN,NaN,NaN,NaN,NaN,NaN,NaN,NaN,NaN,45.681,0,2261.1,0.0053322,NaN,NaN,NaN,NaN,NaN,-1,-1,-2.5673,0.51338,-12.013,-3.4328,8.087,-3.4543,NaN,NaN,NaN,NaN,NaN
565.22,-13.101,-31.005,-141.22,-3.0279,0.83365,-12.809,-4.169,9.3343,-3.7947,0,0,0,NaN,NaN,NaN,NaN,NaN,NaN,NaN,NaN,NaN,45.681,0,2261.1,0.0053322,NaN,NaN,NaN,NaN,20.838,97638,10.813,-2.5711,0.51871,-12.028,-3.4526,7.9841,-3.4505,NaN,NaN,NaN,NaN,NaN
565.23,-13.102,-30.984,-141.24,-2.4451,0.14408,-12.219,-4.2872,9.5886,-4.1211,0,0,0,NaN,NaN,NaN,NaN,NaN,NaN,NaN,NaN,NaN,45.681,0,2261.1,0.0053322,0.73146,2.6044,0.64872,0.079911,NaN,-1,-1,-2.5638,0.51566,-11.99,-3.4753,7.892,-3.4375,NaN,NaN,NaN,NaN,NaN
565.23,0,0,0,0,0,0,0,0,0,0,0,0,NaN,NaN,NaN,NaN,NaN,NaN,NaN,NaN,NaN,45.681,0,2261.1,0.0053322,NaN,NaN,NaN,NaN,NaN,-1,-1,-2.566,0.51572,-11.987,-3.4751,8.0519,-3.435,NaN,NaN,NaN,NaN,NaN
565.23,-13.105,-30.967,-141.25,-2.6395,-0.34713,-12.167,-4.5626,7.4833,-3.9543,0.29444,-0.11911,-1.117,NaN,NaN,NaN,NaN,NaN,NaN,NaN,NaN,NaN,45.681,0,2261.1,0.0053322,NaN,NaN,NaN,NaN,20.912,97633,10.75,-2.5769,0.51682,-11.997,-3.4478,8.0065,-3.4419,NaN,NaN,NaN,NaN,NaN
565.23,-13.108,-30.902,-141.3,-2.1547,1.6721,-11.992,-3.4308,8.246,-3.9073,0,0,0,NaN,NaN,NaN,NaN,NaN,NaN,NaN,NaN,NaN,45.681,0,2261.1,0.0053322,NaN,NaN,NaN,NaN,NaN,-1,-1,-2.5674,0.51774,-11.957,-3.498,7.9,-3.4603,NaN,NaN,NaN,NaN,NaN
565.24,-13.108,-30.885,-141.32,-3.2451,0.12175,-11.525,-3.6995,7.6702,-4.0053,0.28262,-0.12135,-1.1181,NaN,NaN,NaN,NaN,NaN,NaN,NaN,NaN,NaN,45.681,0,2261.1,0.0053322,NaN,NaN,NaN,NaN,20.952,97643,10.813,-2.5738,0.53531,-11.937,-3.5223,7.9558,-3.4809,NaN,NaN,NaN,NaN,NaN
565.24,0,0,0,0,0,0,0,0,0,0,0,0,NaN,NaN,NaN,NaN,NaN,NaN,NaN,NaN,NaN,45.681,0,2261.1,0.0053322,NaN,NaN,NaN,NaN,NaN,-1,-1,-2.5812,0.5326,-11.96,-3.5534,8.1696,-3.4888,NaN,NaN,NaN,NaN,NaN
565.24,-13.107,-30.859,-141.34,-2.6602,0.92645,-12.767,-3.3964,11.44,-4.0038,0,0,0,NaN,NaN,NaN,NaN,NaN,NaN,NaN,NaN,NaN,45.681,0,2261.1,0.0053322,0.73639,2.6049,0.6402,0.097392,NaN,-1,-1,-2.5775,0.54368,-11.921,-3.5957,8.033,-3.5194,NaN,NaN,NaN,NaN,NaN
565.24,-13.106,-30.829,-141.37,-2.0831,-0.23097,-13.146,-3.2603,5.165,-3.9402,0,0,0,NaN,NaN,NaN,NaN,NaN,NaN,NaN,NaN,NaN,45.681,0,2261.1,0.0053322,NaN,NaN,NaN,NaN,20.831,97592,10.563,-2.5651,0.54917,-11.871,-3.6511,8.0125,-3.5335,NaN,NaN,NaN,NaN,NaN
565.25,-13.109,-30.805,-141.38,-3.0434,-1.0913,-15.318,-5.1919,10.795,-4.1261,0.29672,-0.11663,-1.1146,NaN,NaN,NaN,NaN,NaN,NaN,NaN,NaN,NaN,45.681,0,2261.1,0.0053322,NaN,NaN,NaN,NaN,NaN,-1,-1,-2.5768,0.53568,-11.898,-3.6817,8.1349,-3.5603,NaN,NaN,NaN,NaN,NaN
565.25,-13.111,-30.76,-141.41,-2.095,1.2688,-11.996,-3.8008,6.6751,-3.7597,0,0,0,NaN,NaN,NaN,NaN,NaN,NaN,NaN,NaN,NaN,45.681,0,2261.1,0.0053322,NaN,NaN,NaN,NaN,NaN,-1,-1,-2.5689,0.53946,-11.88,-3.7511,8.0318,-3.5684,NaN,NaN,NaN,NaN,NaN
565.25,-13.112,-30.745,-141.43,-3.1037,0.22188,-12.001,-3.9444,7.0164,-3.859,0,0,0,NaN,NaN,NaN,NaN,NaN,NaN,NaN,NaN,NaN,45.681,0,2261.1,0.0053322,NaN,NaN,NaN,NaN,21.023,97630,10.688,-2.5574,0.53328,-11.823,-3.8266,8.064,-3.5876,NaN,NaN,NaN,NaN,NaN
565.25,-13.11,-30.703,-141.46,-2.717,1.7222,-13.822,-4.1292,12.964,-3.8212,0.28747,-0.11172,-1.1154,NaN,NaN,NaN,NaN,NaN,NaN,NaN,NaN,NaN,45.681,0,2261.1,0.0053322,NaN,2.6121,0.63533,0.089068,21.137,97653,10.75,-2.573,0.53648,-11.861,-3.8774,8.1435,-3.6137,NaN,NaN,NaN,NaN,NaN
565.26,-13.11,-30.684,-141.47,-2.7031,-0.079709,-8.7657,-3.8096,8.5141,-3.8565,0,0,0,NaN,NaN,NaN,NaN,NaN,NaN,NaN,NaN,NaN,45.681,0,2261.1,0.0053322,NaN,2.6121,0.63533,0.089068,NaN,-1,-1,-2.5927,0.54757,-11.936,-3.9276,8.0862,-3.6433,NaN,NaN,NaN,NaN,NaN
565.26,-13.113,-30.672,-141.48,-2.637,0.19177,-14.852,-4.1786,5.5872,-3.5868,0,0,0,NaN,NaN,NaN,NaN,NaN,NaN,NaN,NaN,NaN,45.681,0,2261.1,0.0053322,NaN,NaN,NaN,NaN,NaN,-1,-1,-2.5887,0.57806,-11.932,-4.0384,8.3198,-3.6825,NaN,NaN,NaN,NaN,NaN
565.26,-13.116,-30.647,-141.5,-2.8012,0.21371,-14.22,-4.905,10.586,-3.8754,0,0,0,NaN,NaN,NaN,NaN,NaN,NaN,NaN,NaN,NaN,45.681,0,2261.1,0.0053322,NaN,NaN,NaN,NaN,NaN,-1,-1,-2.5913,0.56201,-11.922,-4.169,8.4885,-3.7308,NaN,NaN,NaN,NaN,NaN
565.26,-13.117,-30.62,-141.51,-2.5007,0.48324,-11.687,-4.4386,11.769,-3.697,0.28523,-0.12162,-1.1223,NaN,NaN,NaN,NaN,NaN,NaN,NaN,NaN,NaN,45.681,0,2261.1,0.0053322,NaN,NaN,NaN,NaN,21.251,97627,10.688,-2.613,0.57102,-12.036,-4.2614,8.429,-3.7792,NaN,NaN,NaN,NaN,NaN
565.27,-13.121,-30.585,-141.54,-2.5565,0.71032,-12.663,-4.2194,8.7697,-4.0191,0,0,0,NaN,NaN,NaN,NaN,NaN,NaN,NaN,NaN,NaN,45.681,0,2261.1,0.0053322,0.74186,2.6121,0.64629,0.077414,NaN,-1,-1,-2.6077,0.5772,-11.992,-4.3774,8.6493,-3.8389,NaN,NaN,NaN,NaN,NaN
565.27,-13.122,-30.563,-141.56,-3.8036,1.4423,-13.722,-4.2147,9.9444,-4.2825,0,0,0,NaN,NaN,NaN,NaN,NaN,NaN,NaN,NaN,NaN,45.681,0,2261.1,0.0053322,NaN,NaN,NaN,NaN,NaN,-1,-1,-2.6228,0.5669,-12.023,-4.5245,8.8314,-3.8715,NaN,NaN,NaN,NaN,NaN
565.27,-13.122,-30.537,-141.58,-1.836,0.21622,-9.7111,-3.8256,11.478,-3.7666,0.28955,-0.11642,-1.113,NaN,NaN,NaN,NaN,NaN,NaN,NaN,NaN,NaN,45.681,0,2261.1,0.0053322,NaN,NaN,NaN,NaN,21.078,97601,10.563,-2.6203,0.5621,-12.026,-4.6835,8.9189,-3.9151,NaN,NaN,NaN,NaN,NaN
565.27,-13.127,-30.526,-141.59,-2.7383,-0.44413,-12.671,-5.4278,5.0268,-4.146,0,0,0,NaN,NaN,NaN,NaN,NaN,NaN,NaN,NaN,NaN,45.681,0,2261.1,0.0053322,NaN,NaN,NaN,NaN,NaN,-1,-1,-2.6243,0.59011,-12.014,-4.8542,9.1422,-3.9651,NaN,NaN,NaN,NaN,NaN
565.28,-13.132,-30.51,-141.61,-3.3806,0.9244,-14.921,-5.7093,7.466,-4.3166,0,0,0,NaN,NaN,NaN,NaN,NaN,NaN,NaN,NaN,NaN,45.681,0,2261.1,0.0053322,NaN,NaN,NaN,NaN,21.028,97667,10.875,-2.6346,0.58798,-12.023,-5.0254,9.2865,-3.9998,NaN,NaN,NaN,NaN,NaN
565.28,-13.135,-30.48,-141.63,-1.8975,1.0068,-13.855,-5.0725,12.961,-3.8421,0,0,0,NaN,NaN,NaN,NaN,NaN,NaN,NaN,NaN,NaN,45.681,0,2261.1,0.0053322,NaN,NaN,NaN,NaN,NaN,-1,-1,-2.6385,0.59781,-12.02,-5.2318,9.3734,-4.0601,NaN,NaN,NaN,NaN,NaN
565.28,-13.138,-30.459,-141.64,-2.2014,-0.8503,-9.1454,-5.3425,9.3633,-4.3276,0.27323,-0.11631,-1.1167,NaN,NaN,NaN,NaN,NaN,NaN,NaN,NaN,NaN,45.681,0,2261.1,0.0053322,NaN,NaN,NaN,NaN,NaN,-1,-1,-2.6373,0.60282,-12.004,-5.4648,9.5249,-4.12,NaN,NaN,NaN,NaN,NaN
565.28,-13.144,-30.446,-141.66,-2.956,2.0054,-13.756,-5.6639,5.8916,-3.9656,0,0,0,NaN,NaN,NaN,NaN,NaN,NaN,NaN,NaN,NaN,45.72,0,2365.3,0.0064211,NaN,NaN,NaN,NaN,21.404,97634,10.75,-2.6382,0.59955,-12,-5.6943,9.6494,-4.188,NaN,NaN,NaN,NaN,NaN
565.29,-13.147,-30.421,-141.68,-2.8132,1.0005,-13.372,-5.0575,11.245,-4.2018,0,0,0,NaN,NaN,NaN,NaN,NaN,NaN,NaN,NaN,NaN,45.72,0,2365.3,0.0064211,NaN,NaN,NaN,NaN,NaN,-1,-1,-2.6385,0.5949,-12.007,-5.7434,9.5898,-4.1021,NaN,NaN,NaN,NaN,NaN
565.29,-13.15,-30.397,-141.69,-2.9525,-0.31339,-10.025,-5.4566,10.748,-4.1027,0,0,0,NaN,NaN,NaN,NaN,NaN,NaN,NaN,NaN,NaN,45.72,0,2365.3,0.0064211,NaN,NaN,NaN,NaN,NaN,-1,-1,-2.6323,0.59613,-11.957,-5.9454,9.5897,-4.1491,NaN,NaN,NaN,NaN,NaN
565.29,-13.157,-30.381,-141.71,-2.3324,0.72268,-11.732,-6.118,7.0179,-4.0691,0.28083,-0.10217,-1.1182,NaN,NaN,NaN,NaN,NaN,NaN,NaN,NaN,NaN,45.72,0,2365.3,0.0064211,0.73365,2.6133,0.64811,0.066593,21.177,97622,10.688,-2.6388,0.59877,-11.991,-6.1479,9.4653,-4.1983,NaN,NaN,NaN,NaN,NaN
565.29,-13.166,-30.367,-141.72,-3.2083,0.68938,-15.451,-7.0308,6.3908,-4.1345,0,0,0,NaN,NaN,NaN,NaN,NaN,NaN,NaN,NaN,NaN,45.72,0,2365.3,0.0064211,NaN,NaN,NaN,NaN,NaN,-1,-1,-2.6457,0.60717,-12.014,-6.3699,9.646,-4.2528,NaN,NaN,NaN,NaN,NaN
565.3,-13.171,-30.337,-141.74,-2.5646,-0.2316,-12.552,-6.2243,13.058,-3.8109,0,0,0,NaN,NaN,NaN,NaN,NaN,NaN,NaN,NaN,NaN,45.72,0,2365.3,0.0064211,NaN,NaN,NaN,NaN,21.118,97630,10.688,-2.6465,0.60022,-11.989,-6.4472,9.409,-4.1694,NaN,NaN,NaN,NaN,NaN
565.3,-13.178,-30.313,-141.76,-2.2501,2.4334,-10.935,-6.5863,10.707,-4.3834,0,0,0,NaN,NaN,NaN,NaN,NaN,NaN,NaN,NaN,NaN,45.72,0,2365.3,0.0064211,NaN,NaN,NaN,NaN,NaN,-1,-1,-2.6623,0.61404,-12.012,-6.6105,9.3671,-4.207,NaN,NaN,NaN,NaN,NaN
565.3,-13.185,-30.306,-141.77,-2.707,0.13225,-10.71,-6.1133,3.6613,-4.0778,0.27813,-0.1141,-1.1185,NaN,NaN,NaN,NaN,NaN,NaN,NaN,NaN,NaN,45.72,0,2365.3,0.0064211,NaN,NaN,NaN,NaN,NaN,-1,-1,-2.6598,0.60523,-12.017,-6.7459,9.2897,-4.2325,NaN,NaN,NaN,NaN,NaN
565.3,-13.191,-30.28,-141.79,-3.2673,0.62946,-16.602,-6.8208,11.604,-4.5916,0,0,0,NaN,NaN,NaN,NaN,NaN,NaN,NaN,NaN,NaN,45.72,0,2365.3,0.0064211,NaN,NaN,NaN,NaN,21.307,97634,10.688,-2.6653,0.59773,-12.003,-6.9641,9.2117,-4.265,NaN,NaN,NaN,NaN,NaN
565.31,-13.197,-30.25,-141.81,-2.7435,0.93325,-6.9674,-6.726,13.263,-4.4087,0,0,0,NaN,NaN,NaN,NaN,NaN,NaN,NaN,NaN,NaN,45.72,0,2365.3,0.0064211,0.72982,2.6055,0.6329,0.090733,NaN,-1,-1,-2.6684,0.63032,-12.008,-7.1264,9.1043,-4.2858,NaN,NaN,NaN,NaN,NaN
565.31,-13.216,-30.229,-141.84,-3.6348,-1.3415,-15.001,-8.0838,7.0916,-4.466,0.27807,-0.11159,-1.1163,NaN,NaN,NaN,NaN,NaN,NaN,NaN,NaN,NaN,45.72,0,2365.3,0.0064211,NaN,NaN,NaN,NaN,NaN,-1,-1,-2.6725,0.63853,-11.992,-7.3025,9.1452,-4.3135,NaN,NaN,NaN,NaN,NaN
565.31,-13.226,-30.193,-141.86,-2.5803,1.9451,-13.312,-8.7037,15.345,-4.1236,0,0,0,NaN,NaN,NaN,NaN,NaN,NaN,NaN,NaN,NaN,45.72,0,2365.3,0.0064211,NaN,NaN,NaN,NaN,21.175,97629,10.688,-2.6691,0.61537,-11.965,-7.4785,9.3037,-4.3205,NaN,NaN,NaN,NaN,NaN
565.31,-13.234,-30.177,-141.87,-1.6329,1.3152,-9.2574,-6.8192,7.5259,-4.2351,0,0,0,NaN,NaN,NaN,NaN,NaN,NaN,NaN,NaN,NaN,45.72,0,2365.3,0.0064211,NaN,NaN,NaN,NaN,21.34,97659,10.688,-2.6797,0.62218,-11.991,-7.6357,9.173,-4.3428,NaN,NaN,NaN,NaN,NaN
565.32,-13.244,-30.166,-141.89,-2.9709,0.063581,-13.568,-7.3217,5.0822,-4.1379,0,0,0,NaN,NaN,NaN,NaN,NaN,NaN,NaN,NaN,NaN,45.72,0,2365.3,0.0064211,0.72763,NaN,NaN,NaN,NaN,-1,-1,-2.6884,0.62405,-11.986,-7.7798,9.0751,-4.3522,NaN,NaN,NaN,NaN,NaN
565.32,-13.254,-30.133,-141.91,-3.5861,0.59626,-12.953,-8.1918,14.224,-4.2175,0.27597,-0.1167,-1.1231,NaN,NaN,NaN,NaN,NaN,NaN,NaN,NaN,NaN,45.72,0,2365.3,0.0064211,NaN,NaN,NaN,NaN,NaN,-1,-1,-2.6724,0.61787,-11.958,-7.9145,9.2901,-4.361,NaN,NaN,NaN,NaN,NaN
565.32,-13.265,-30.116,-141.92,-2.0858,1.3221,-8.7568,-7.9335,7.994,-4.1417,0,0,0,NaN,NaN,NaN,NaN,NaN,NaN,NaN,NaN,NaN,45.72,0,2365.3,0.0064211,NaN,NaN,NaN,NaN,21.249,97638,10.688,-2.6888,0.6038,-12.005,-8.0257,9.1924,-4.3735,NaN,NaN,NaN,NaN,NaN
565.32,-13.277,-30.106,-141.94,-2.9208,0.2741,-14.677,-8.2152,4.9529,-4.5784,0,0,0,NaN,NaN,NaN,NaN,NaN,NaN,NaN,NaN,NaN,45.72,0,2365.3,0.0064211,NaN,NaN,NaN,NaN,21.268,97642,10.688,-2.702,0.63374,-11.991,-8.135,9.0811,-4.4079,NaN,NaN,NaN,NaN,NaN
565.33,-13.303,-30.056,-141.98,-2.6108,1.6081,-13.369,-9.6267,10.893,-4.438,0.27108,-0.114,-1.1191,NaN,NaN,NaN,NaN,NaN,NaN,NaN,NaN,NaN,45.72,0,2365.3,0.0064211,NaN,NaN,NaN,NaN,NaN,-1,-1,-2.6812,0.63914,-11.938,-8.2317,9.2881,-4.4379,NaN,NaN,NaN,NaN,NaN
565.33,-13.315,-30.04,-141.99,-2.546,1.9917,-9.9807,-8.1665,7.4962,-4.4812,0,0,0,NaN,NaN,NaN,NaN,NaN,NaN,NaN,NaN,NaN,45.72,0,2365.3,0.0064211,0.73803,2.6121,0.65055,0.077414,NaN,-1,-1,-2.6971,0.62829,-11.971,-8.2663,9.3509,-4.4508,NaN,NaN,NaN,NaN,NaN
565.33,-13.325,-30.021,-142.01,-3.054,0.22602,-13.55,-8.1673,8.4696,-4.6617,0,0,0,NaN,NaN,NaN,NaN,NaN,NaN,NaN,NaN,NaN,45.72,0,2365.3,0.0064211,NaN,NaN,NaN,NaN,NaN,-1,-1,-2.7113,0.63932,-11.975,-8.3405,9.2902,-4.4776,NaN,NaN,NaN,NaN,NaN
565.33,-13.337,-30,-142.03,-2.602,0.54989,-11.141,-8.5152,9.4565,-4.4821,0,0,0,NaN,NaN,NaN,NaN,NaN,NaN,NaN,NaN,NaN,45.72,0,2365.3,0.0064211,NaN,NaN,NaN,NaN,21.365,97684,10.875,-2.6963,0.64107,-11.96,-8.3874,9.1975,-4.5175,NaN,NaN,NaN,NaN,NaN
565.34,-13.347,-29.981,-142.04,-3.0556,1.5173,-13.052,-7.8919,8.8937,-4.4809,0.2688,-0.11158,-1.1193,NaN,NaN,NaN,NaN,NaN,NaN,NaN,NaN,NaN,45.72,0,2365.3,0.0064211,NaN,NaN,NaN,NaN,NaN,-1,-1,-2.7089,0.63114,-11.943,-8.4294,9.2079,-4.5336,NaN,NaN,NaN,NaN,NaN
565.34,-13.357,-29.958,-142.06,-3.1304,-0.87085,-9.757,-8.3925,10.345,-4.7122,0,0,0,NaN,NaN,NaN,NaN,NaN,NaN,NaN,NaN,NaN,45.72,0,2365.3,0.0064211,NaN,NaN,NaN,NaN,NaN,-1,-1,-2.7073,0.63207,-11.901,-8.4766,9.1918,-4.5738,NaN,NaN,NaN,NaN,NaN
565.34,-13.372,-29.947,-142.08,-1.6948,-0.009513,-12.429,-9.4365,5.1919,-4.9635,0,0,0,NaN,NaN,NaN,NaN,NaN,NaN,NaN,NaN,NaN,45.72,0,2365.3,0.0064211,0.72817,2.6049,0.63533,0.10239,21.285,97629,10.625,-2.7105,0.6263,-11.935,-8.5349,9.0292,-4.5905,NaN,NaN,NaN,NaN,NaN
565.34,-13.385,-29.926,-142.1,-3.1111,1.7508,-15.348,-9.4292,9.4587,-4.6532,0,0,0,NaN,NaN,NaN,NaN,NaN,NaN,NaN,NaN,NaN,45.72,0,2365.3,0.0064211,NaN,NaN,NaN,NaN,NaN,-1,-1,-2.7231,0.63533,-11.953,-8.5442,9.0892,-4.6044,NaN,NaN,NaN,NaN,NaN
565.35,-13.395,-29.893,-142.12,-2.871,0.20846,-10.853,-8.5129,14.401,-4.6267,0.26403,-0.11391,-1.1198,NaN,NaN,NaN,NaN,NaN,NaN,NaN,NaN,NaN,45.72,0,2365.3,0.0064211,NaN,NaN,NaN,NaN,21.268,97639,10.688,-2.7201,0.63995,-11.953,-8.5358,9.1833,-4.619,NaN,NaN,NaN,NaN,NaN
565.35,-13.406,-29.884,-142.13,-2.0305,0.86371,-10.113,-8.1346,4.614,-4.6589,0,0,0,NaN,NaN,NaN,NaN,NaN,NaN,NaN,NaN,NaN,45.72,0,2365.3,0.0064211,NaN,NaN,NaN,NaN,NaN,-1,-1,-2.7232,0.6387,-11.959,-8.5212,9.0073,-4.6355,NaN,NaN,NaN,NaN,NaN
565.35,-13.418,-29.868,-142.15,-3.5353,1.2431,-13.517,-8.2413,7.6812,-4.3959,0,0,0,NaN,NaN,NaN,NaN,NaN,NaN,NaN,NaN,NaN,45.72,0,2365.3,0.0064211,NaN,NaN,NaN,NaN,NaN,-1,-1,-2.7291,0.62457,-11.983,-8.5513,8.8472,-4.6447,NaN,NaN,NaN,NaN,NaN
565.35,-13.428,-29.839,-142.17,-3.151,0.48727,-11.971,-8.4793,12.816,-4.3307,0,0,0,NaN,NaN,NaN,NaN,NaN,NaN,NaN,NaN,NaN,45.72,0,2365.3,0.0064211,0.73365,2.6127,0.65177,0.074917,21.415,97636,10.625,-2.7361,0.62067,-11.985,-8.522,8.9929,-4.6467,NaN,NaN,NaN,NaN,NaN
565.36,-13.441,-29.822,-142.19,-1.9824,-0.56751,-9.4028,-8.9729,7.6764,-4.6356,0.26886,-0.11409,-1.1215,NaN,NaN,NaN,NaN,NaN,NaN,NaN,NaN,NaN,45.72,0,2365.3,0.0064211,NaN,NaN,NaN,NaN,NaN,-1,-1,-2.7495,0.62906,-12.019,-8.488,9.051,-4.6561,NaN,NaN,NaN,NaN,NaN
565.36,-13.466,-29.784,-142.22,-2.6368,0.76112,-14.001,-8.3669,13.363,-4.6576,0,0,0,NaN,NaN,NaN,NaN,NaN,NaN,NaN,NaN,NaN,45.72,0,2365.3,0.0064211,NaN,NaN,NaN,NaN,NaN,-1,-1,-2.7424,0.63056,-12.004,-8.4138,8.7851,-4.6682,NaN,NaN,NaN,NaN,NaN
565.36,-13.477,-29.76,-142.24,-2.31,0.91451,-9.8113,-8.5553,10.632,-4.6663,0,0,0,NaN,NaN,NaN,NaN,NaN,NaN,NaN,NaN,NaN,45.72,0,2365.3,0.0064211,NaN,NaN,NaN,NaN,21.269,97633,10.688,-2.7457,0.64395,-12.008,-8.3385,8.8453,-4.6964,NaN,NaN,NaN,NaN,NaN
565.36,-13.488,-29.748,-142.26,-2.4755,0.77464,-9.8213,-7.9689,5.7575,-4.5335,0.26202,-0.10681,-1.1222,NaN,NaN,NaN,NaN,NaN,NaN,NaN,NaN,NaN,45.72,0,2365.3,0.0064211,NaN,NaN,NaN,NaN,NaN,-1,-1,-2.7591,0.64055,-12.022,-8.2602,8.9601,-4.724,NaN,NaN,NaN,NaN,NaN
565.37,-13.498,-29.732,-142.28,-3.6803,0.68766,-15.204,-7.7489,7.8002,-5.1422,0,0,0,NaN,NaN,NaN,NaN,NaN,NaN,NaN,NaN,NaN,45.72,0,2365.3,0.0064211,NaN,NaN,NaN,NaN,21.228,97631,10.625,-2.7525,0.65015,-12.034,-8.2302,8.8289,-4.7534,NaN,NaN,NaN,NaN,NaN
565.37,-13.505,-29.703,-142.3,-3.1271,0.71966,-11.137,-7.478,12.558,-4.7578,0,0,0,NaN,NaN,NaN,NaN,NaN,NaN,NaN,NaN,NaN,45.72,0,2365.3,0.0064211,0.73803,2.4868,0.71566,0.049945,NaN,-1,-1,-2.7635,0.62725,-12.018,-8.1976,9.0967,-4.773,NaN,NaN,NaN,NaN,NaN
565.37,-13.514,-29.685,-142.31,-1.9308,0.51444,-9.4822,-7.6842,8.4416,-4.8425,0,0,0,NaN,NaN,NaN,NaN,NaN,NaN,NaN,NaN,NaN,45.72,0,2365.3,0.0064211,NaN,NaN,NaN,NaN,NaN,-1,-1,-2.7664,0.63146,-12.037,-8.1146,9.179,-4.7729,NaN,NaN,NaN,NaN,NaN
565.37,-13.527,-29.68,-142.33,-3.5032,-0.012737,-14.536,-8.3197,3.0335,-5.1514,0.26701,-0.092397,-1.1195,NaN,NaN,NaN,NaN,NaN,NaN,NaN,NaN,NaN,45.72,0,2365.3,0.0064211,NaN,NaN,NaN,NaN,21.25,97657,10.75,-2.7615,0.64502,-12.067,-8.0337,8.9867,-4.7786,NaN,NaN,NaN,NaN,NaN
565.38,-13.535,-29.649,-142.35,-2.6182,0.84901,-14.434,-8.2387,13.849,-4.8723,0,0,0,NaN,NaN,NaN,NaN,NaN,NaN,NaN,NaN,NaN,45.72,0,2365.3,0.0064211,NaN,NaN,NaN,NaN,NaN,-1,-1,-2.7688,0.64177,-12.072,-7.9722,9.1935,-4.78,NaN,NaN,NaN,NaN,NaN
565.38,-13.543,-29.621,-142.37,-1.6968,1.0069,-8.5601,-7.5657,12.36,-4.4729,0,0,0,NaN,NaN,NaN,NaN,NaN,NaN,NaN,NaN,NaN,45.72,0,2365.3,0.0064211,0.72763,NaN,NaN,NaN,NaN,-1,-1,-2.7664,0.64214,-12.065,-7.8811,9.3257,-4.7715,NaN,NaN,NaN,NaN,NaN
565.38,-13.553,-29.614,-142.39,-3.2337,0.35305,-10.754,-7.2583,3.7838,-4.8619,0,0,0,NaN,NaN,NaN,NaN,NaN,NaN,NaN,NaN,NaN,45.72,0,2365.3,0.0064211,NaN,2.6055,0.64751,0.097392,21.529,97648,10.688,-2.7629,0.65253,-12.056,-7.8202,9.1112,-4.7745,NaN,NaN,NaN,NaN,NaN
565.38,-13.563,-29.593,-142.4,-3.6084,0.7015,-14.383,-8.0211,9.4124,-4.8638,0.26203,-0.10191,-1.1199,NaN,NaN,NaN,NaN,NaN,NaN,NaN,NaN,NaN,45.72,0,2365.3,0.0064211,NaN,NaN,NaN,NaN,21.38,97645,10.688,-2.7838,0.64328,-12.093,-7.7766,8.9989,-4.7984,NaN,NaN,NaN,NaN,NaN
565.39,-13.583,-29.551,-142.44,-3.1596,0.53213,-9.9559,-7.903,6.171,-4.7979,0,0,0,NaN,NaN,NaN,NaN,NaN,NaN,NaN,NaN,NaN,45.72,0,2365.3,0.0064211,NaN,NaN,NaN,NaN,NaN,-1,-1,-2.7829,0.63486,-12.099,-7.6988,9.1041,-4.7976,NaN,NaN,NaN,NaN,NaN
565.39,-13.595,-29.532,-142.46,-2.2535,0.11133,-14.466,-8.7278,8.5434,-4.5708,0,0,0,NaN,NaN,NaN,NaN,NaN,NaN,NaN,NaN,NaN,45.72,0,2365.3,0.0064211,NaN,NaN,NaN,NaN,NaN,-1,-1,-2.7864,0.62748,-12.13,-7.5896,8.8216,-4.8236,NaN,NaN,NaN,NaN,NaN
565.39,-13.604,-29.507,-142.48,-3.4477,1.228,-12.276,-7.8909,11.383,-4.761,0.25973,-0.1093,-1.1246,NaN,NaN,NaN,NaN,NaN,NaN,NaN,NaN,NaN,45.72,0,2365.3,0.0064211,0.75719,2.6079,0.65359,0.067425,NaN,-1,-1,-2.7945,0.62383,-12.16,-7.5225,9.1333,-4.8371,NaN,NaN,NaN,NaN,NaN
565.39,-13.613,-29.486,-142.49,-2.2849,0.68446,-10.364,-7.4515,9.3047,-4.4576,0,0,0,NaN,NaN,NaN,NaN,NaN,NaN,NaN,NaN,NaN,45.72,0,2468.2,0.0064211,NaN,NaN,NaN,NaN,21.208,97658,10.688,-2.7928,0.64187,-12.141,-7.4177,8.9419,-4.8479,NaN,NaN,NaN,NaN,NaN
565.4,-13.629,-29.449,-142.53,-3.4258,1.0193,-11.2,-6.8106,10.004,-4.7423,0,0,0,NaN,NaN,NaN,NaN,NaN,NaN,NaN,NaN,NaN,45.72,0,2468.2,0.0064211,NaN,NaN,NaN,NaN,NaN,-1,-1,-2.7889,0.63912,-12.14,-7.312,8.9797,-4.8669,NaN,NaN,NaN,NaN,NaN
565.4,-13.636,-29.43,-142.55,-2.5458,1.3596,-13.488,-6.9367,8.5962,-5.0486,0.26209,-0.10442,-1.1222,NaN,NaN,NaN,NaN,NaN,NaN,NaN,NaN,NaN,45.72,0,2468.2,0.0064211,NaN,NaN,NaN,NaN,NaN,-1,-1,-2.7978,0.62914,-12.17,-7.2979,9.2333,-4.8801,NaN,NaN,NaN,NaN,NaN
565.4,-13.644,-29.415,-142.57,-3.1177,-1.0467,-11.194,-7.1294,7.2232,-4.9462,0,0,0,NaN,NaN,NaN,NaN,NaN,NaN,NaN,NaN,NaN,45.72,0,2468.2,0.0064211,NaN,NaN,NaN,NaN,21.451,97605,10.5,-2.793,0.63938,-12.171,-7.2491,9.0949,-4.8903,NaN,NaN,NaN,NaN,NaN
565.4,-13.652,-29.389,-142.59,-2.4739,2.0646,-14.418,-7.3944,11.593,-4.8226,0,0,0,NaN,NaN,NaN,NaN,NaN,NaN,NaN,NaN,NaN,45.72,0,2468.2,0.0064211,NaN,NaN,NaN,NaN,NaN,-1,-1,-2.7904,0.62533,-12.184,-7.3433,9.6527,-5.0439,NaN,NaN,NaN,NaN,NaN
565.41,-13.657,-29.366,-142.61,-2.5579,0.53429,-10.372,-6.4767,10.352,-5.0861,0,0,0,NaN,NaN,NaN,NaN,NaN,NaN,NaN,NaN,NaN,45.72,0,2468.2,0.0064211,0.73693,2.6044,0.63229,0.10155,21.226,97663,10.688,-2.793,0.61579,-12.203,-7.2148,9.6905,-5.0172,NaN,NaN,NaN,NaN,NaN
565.41,-13.665,-29.349,-142.63,-2.5096,0.96105,-11.83,-6.9115,7.9784,-4.9307,0.25022,-0.10414,-1.121,NaN,NaN,NaN,NaN,NaN,NaN,NaN,NaN,NaN,45.72,0,2468.2,0.0064211,NaN,NaN,NaN,NaN,NaN,-1,-1,-2.7935,0.62959,-12.202,-7.0915,9.6644,-4.9865,NaN,NaN,NaN,NaN,NaN
565.41,-13.671,-29.331,-142.64,-3.73,-0.24348,-12.663,-6.8715,8.673,-5.2755,0,0,0,NaN,NaN,NaN,NaN,NaN,NaN,NaN,NaN,NaN,45.72,0,2468.2,0.0064211,NaN,NaN,NaN,NaN,NaN,-1,-1,-2.7991,0.64822,-12.201,-6.9893,9.911,-4.9478,NaN,NaN,NaN,NaN,NaN
565.41,-13.678,-29.306,-142.66,-2.4642,0.98287,-12.075,-7.0564,11.049,-4.8955,0,0,0,NaN,NaN,NaN,NaN,NaN,NaN,NaN,NaN,NaN,45.72,0,2468.2,0.0064211,0.74624,2.6049,0.65481,0.077414,21.397,97656,10.688,-2.799,0.62994,-12.223,-6.891,9.665,-4.9223,NaN,NaN,NaN,NaN,NaN
565.42,-13.686,-29.287,-142.68,-2.1358,0.004068,-11.147,-7.3218,9.0778,-4.9122,0,0,0,NaN,NaN,NaN,NaN,NaN,NaN,NaN,NaN,NaN,45.72,0,2468.2,0.0064211,0.74624,2.6049,0.65481,0.077414,NaN,-1,-1,-2.7985,0.63105,-12.215,-6.7668,9.8185,-4.9039,NaN,NaN,NaN,NaN,NaN
565.42,-13.705,-29.25,-142.72,-2.0746,2.1617,-14.377,-6.8847,9.8875,-4.7495,0,0,0,NaN,NaN,NaN,NaN,NaN,NaN,NaN,NaN,NaN,45.72,0,2468.2,0.0064211,NaN,NaN,NaN,NaN,NaN,-1,-1,-2.8012,0.63079,-12.241,-6.6706,9.838,-4.8714,NaN,NaN,NaN,NaN,NaN
565.42,-13.71,-29.224,-142.74,-2.5635,0.14883,-10.226,-6.4031,11.661,-4.7125,0,0,0,NaN,NaN,NaN,NaN,NaN,NaN,NaN,NaN,NaN,45.72,0,2468.2,0.0064211,NaN,NaN,NaN,NaN,21.358,97639,10.625,-2.7757,0.61899,-12.134,-6.5837,9.7228,-4.8396,NaN,NaN,NaN,NaN,NaN
565.42,-13.718,-29.205,-142.76,-2.8078,0.80214,-10.661,-6.9507,8.6545,-4.572,0,0,0,NaN,NaN,NaN,NaN,NaN,NaN,NaN,NaN,NaN,45.72,0,2468.2,0.0064211,NaN,NaN,NaN,NaN,NaN,-1,-1,-2.7774,0.5973,-12.141,-6.479,9.7109,-4.8229,NaN,NaN,NaN,NaN,NaN
565.43,-13.723,-29.191,-142.77,-3.1877,0.36331,-14.368,-6.2841,6.5683,-5.2009,0.24847,-0.097287,-1.1278,-10.052,-17.582,-12.247,23.668,40.057,-88.55,3.6776e+05,4.4352e+06,261.42,45.72,0,2468.2,0.0064211,NaN,NaN,NaN,NaN,21.301,97666,10.688,-2.7808,0.60108,-12.188,-6.3694,9.7363,-4.7992,23.504,-2.7713,0.24736,0.60297,-6.7241
565.43,-13.728,-29.165,-142.79,-3.4164,0.43384,-11.006,-6.2053,11.737,-4.8901,0,0,0,NaN,NaN,NaN,NaN,NaN,NaN,NaN,NaN,NaN,45.72,0,2468.2,0.0064211,NaN,NaN,NaN,NaN,NaN,-1,-1,-2.7619,0.61384,-12.099,-6.2808,9.8027,-4.781,NaN,NaN,NaN,NaN,NaN
565.43,-13.733,-29.145,-142.81,-2.2305,0.58559,-10.183,-6.1215,9.3656,-5.0282,0,0,0,NaN,NaN,NaN,NaN,NaN,NaN,NaN,NaN,NaN,45.72,0,2468.2,0.0064211,NaN,NaN,NaN,NaN,21.231,97680,10.813,-2.7575,0.61182,-12.122,-6.2057,9.5141,-4.7681,NaN,NaN,NaN,NaN,NaN
565.43,-13.74,-29.134,-142.83,-2.7845,1.1006,-14.872,-6.4937,5.4319,-5.2061,0,0,0,NaN,NaN,NaN,NaN,NaN,NaN,NaN,NaN,NaN,45.72,0,2468.2,0.0064211,NaN,NaN,NaN,NaN,NaN,-1,-1,-2.7702,0.627,-12.159,-6.1448,9.6827,-4.7495,NaN,NaN,NaN,NaN,NaN
565.44,-13.742,-29.107,-142.85,-3.2915,-0.20179,-15.301,-5.5785,12.119,-5.3209,0.25036,-0.099353,-1.121,NaN,NaN,NaN,NaN,NaN,NaN,NaN,NaN,NaN,45.72,0,2468.2,0.0064211,NaN,NaN,NaN,NaN,NaN,-1,-1,-2.7821,0.61417,-12.176,-6.0414,9.761,-4.7188,NaN,NaN,NaN,NaN,NaN
565.44,-13.746,-29.071,-142.87,-2.1955,1.097,-7.6277,-6.3746,15.777,-4.5241,0,0,0,NaN,NaN,NaN,NaN,NaN,NaN,NaN,NaN,NaN,45.72,0,2468.2,0.0064211,NaN,2.602,0.63473,0.097392,NaN,-1,-1,-2.794,0.62462,-12.228,-5.9172,9.6574,-4.7068,NaN,NaN,NaN,NaN,NaN
565.44,-13.757,-29.054,-142.9,-4.5211,-0.13899,-18.184,-5.902,6.2419,-5.2571,0,0,0,NaN,NaN,NaN,NaN,NaN,NaN,NaN,NaN,NaN,45.72,0,2468.2,0.0064211,NaN,2.602,0.63473,0.097392,21.473,97689,10.813,-2.7944,0.62409,-12.233,-5.8393,9.5164,-4.701,NaN,NaN,NaN,NaN,NaN
565.44,-13.761,-29.009,-142.93,-2.3752,-0.087081,-11.177,-6.7063,19.272,-4.6136,0.25544,-0.099777,-1.1272,NaN,NaN,NaN,NaN,NaN,NaN,NaN,NaN,NaN,45.72,0,2468.2,0.0064211,NaN,NaN,NaN,NaN,21.428,97651,10.563,-2.7859,0.61346,-12.239,-5.7588,9.3279,-4.6793,NaN,NaN,NaN,NaN,NaN
565.45,-13.775,-28.994,-142.96,-3.4215,1.2509,-15.749,-5.6877,2.7307,-4.7272,0,0,0,NaN,NaN,NaN,NaN,NaN,NaN,NaN,NaN,NaN,45.72,0,2468.2,0.0064211,NaN,NaN,NaN,NaN,NaN,-1,-1,-2.8036,0.62212,-12.282,-5.7332,9.3397,-4.6715,NaN,NaN,NaN,NaN,NaN
565.45,-13.777,-28.955,-142.98,-3.2138,-0.35825,-15.932,-6.0023,17.287,-4.7168,0,0,0,NaN,NaN,NaN,NaN,NaN,NaN,NaN,NaN,NaN,45.72,0,2468.2,0.0064211,NaN,NaN,NaN,NaN,NaN,-1,-1,-2.7929,0.62195,-12.273,-5.696,9.3231,-4.6443,NaN,NaN,NaN,NaN,NaN
565.45,-13.782,-28.925,-143,-2.1257,1.4651,-5.7979,-6.4323,13.168,-4.6243,0.24829,-0.089746,-1.1212,NaN,NaN,NaN,NaN,NaN,NaN,NaN,NaN,NaN,45.72,0,2468.2,0.0064211,NaN,NaN,NaN,NaN,NaN,-1,-1,-2.7963,0.59684,-12.255,-5.5915,9.2033,-4.6191,NaN,NaN,NaN,NaN,NaN
565.45,-13.787,-28.926,-143.01,-2.9362,0.87062,-12.763,-4.683,0.55119,-5.0631,0,0,0,NaN,NaN,NaN,NaN,NaN,NaN,NaN,NaN,NaN,45.72,0,2468.2,0.0064211,NaN,NaN,NaN,NaN,21.524,97632,10.563,-2.8087,0.59699,-12.301,-5.53,9.2899,-4.5982,NaN,NaN,NaN,NaN,NaN
565.46,-13.791,-28.866,-143.06,-1.8879,0.56507,-10.858,-5.7385,15.733,-4.8718,0,0,0,NaN,NaN,NaN,NaN,NaN,NaN,NaN,NaN,NaN,45.72,0,2468.2,0.0064211,NaN,NaN,NaN,NaN,NaN,-1,-1,-2.8045,0.5927,-12.292,-5.4199,9.2261,-4.5846,NaN,NaN,NaN,NaN,NaN
565.46,0,0,0,0,0,0,0,0,0,0,0,0,NaN,NaN,NaN,NaN,NaN,NaN,NaN,NaN,NaN,45.72,0,2468.2,0.0064211,NaN,NaN,NaN,NaN,NaN,-1,-1,-2.8116,0.59201,-12.315,-5.337,8.9443,-4.5567,NaN,NaN,NaN,NaN,NaN
565.46,-13.796,-28.858,-143.07,-2.9894,-0.003947,-10.02,-5.6431,4.1727,-4.8967,0.25117,-0.085351,-1.1276,NaN,NaN,NaN,NaN,NaN,NaN,NaN,NaN,NaN,45.72,0,2468.2,0.0064211,NaN,NaN,NaN,NaN,21.511,97662,10.75,-2.8075,0.596,-12.294,-5.2898,9.0669,-4.5503,NaN,NaN,NaN,NaN,NaN
565.46,-13.801,-28.841,-143.09,-2.9315,0.72692,-17.234,-5.5804,7.6915,-4.7294,0,0,0,NaN,NaN,NaN,NaN,NaN,NaN,NaN,NaN,NaN,45.72,0,2468.2,0.0064211,NaN,NaN,NaN,NaN,21.511,97662,10.75,-2.806,0.60614,-12.323,-5.2105,9.1624,-4.5393,NaN,NaN,NaN,NaN,NaN
565.47,-13.809,-28.777,-143.14,-3.6239,0.11399,-14.61,-5.1901,4.1343,-4.8377,0.23909,-0.087343,-1.1242,NaN,NaN,NaN,NaN,NaN,NaN,NaN,NaN,NaN,45.72,0,2468.2,0.0064211,NaN,NaN,NaN,NaN,NaN,-1,-1,-2.8143,0.59885,-12.312,-5.1056,8.9097,-4.5377,NaN,NaN,NaN,NaN,NaN
565.47,-13.812,-28.745,-143.17,-2.8235,1.5002,-13.799,-5.6935,13.93,-4.6948,0,0,0,NaN,NaN,NaN,NaN,NaN,NaN,NaN,NaN,NaN,45.72,0,2468.2,0.0064211,NaN,NaN,NaN,NaN,NaN,-1,-1,-2.8029,0.57958,-12.294,-5.0275,8.9043,-4.5422,NaN,NaN,NaN,NaN,NaN
565.47,-13.823,-28.707,-143.2,-2.3999,0.71525,-12.44,-6.1088,8.3833,-4.4476,0,0,0,NaN,NaN,NaN,NaN,NaN,NaN,NaN,NaN,NaN,45.72,0,2468.2,0.0064211,0.72653,2.497,0.71201,0.036626,NaN,-1,-1,-2.8077,0.57601,-12.302,-4.9649,9.0063,-4.5483,NaN,NaN,NaN,NaN,NaN
565.47,-13.833,-28.676,-143.23,-2.8044,0.49813,-14.614,-5.6849,10.329,-4.8424,0.23928,-0.089977,-1.1286,NaN,NaN,NaN,NaN,NaN,NaN,NaN,NaN,NaN,45.72,0,2468.2,0.0064211,NaN,NaN,NaN,NaN,21.359,97678,10.75,-2.8036,0.57672,-12.309,-4.886,8.8762,-4.552,NaN,NaN,NaN,NaN,NaN
565.48,-13.837,-28.632,-143.27,-2.5328,-0.63503,-11.799,-4.8912,9.42,-4.6577,0,0,0,NaN,NaN,NaN,NaN,NaN,NaN,NaN,NaN,NaN,45.72,0,2468.2,0.0064211,NaN,NaN,NaN,NaN,NaN,-1,-1,-2.7922,0.56923,-12.31,-4.8343,8.8833,-4.5446,NaN,NaN,NaN,NaN,NaN
565.48,-13.84,-28.615,-143.29,-3.0585,0.73803,-11.803,-5.1607,7.6871,-4.8405,0,0,0,NaN,NaN,NaN,NaN,NaN,NaN,NaN,NaN,NaN,45.72,0,2468.2,0.0064211,NaN,NaN,NaN,NaN,NaN,-1,-1,-2.7859,0.57422,-12.317,-4.7884,8.9513,-4.5357,NaN,NaN,NaN,NaN,NaN
565.48,-13.842,-28.589,-143.31,-2.9502,0.94952,-13.384,-4.9695,11.64,-4.7232,0.24136,-0.094677,-1.1262,NaN,NaN,NaN,NaN,NaN,NaN,NaN,NaN,NaN,45.72,0,2468.2,0.0064211,NaN,NaN,NaN,NaN,21.582,97640,10.625,-2.806,0.56536,-12.407,-4.7478,8.9748,-4.5137,NaN,NaN,NaN,NaN,NaN
565.48,-13.844,-28.576,-143.32,-2.9372,0.23512,-12.771,-4.4194,6.5573,-4.6447,0,0,0,NaN,NaN,NaN,NaN,NaN,NaN,NaN,NaN,NaN,45.72,0,2611,0.0069644,0.74131,2.4904,0.71992,0.049945,NaN,-1,-1,-2.8088,0.57268,-12.435,-4.6873,8.7671,-4.5375,NaN,NaN,NaN,NaN,NaN
565.49,-13.849,-28.525,-143.36,-2.9043,1.3803,-9.6449,-4.6095,10.892,-4.861,0,0,0,NaN,NaN,NaN,NaN,NaN,NaN,NaN,NaN,NaN,45.72,0,2611,0.0069644,NaN,NaN,NaN,NaN,21.413,97673,10.688,-2.8181,0.56524,-12.429,-4.5941,8.978,-4.5385,NaN,NaN,NaN,NaN,NaN
565.49,-13.85,-28.508,-143.38,-3.026,0.29586,-13.934,-4.1259,7.8649,-4.8441,0.24593,-0.094621,-1.1236,NaN,NaN,NaN,NaN,NaN,NaN,NaN,NaN,NaN,45.72,0,2611,0.0069644,NaN,NaN,NaN,NaN,NaN,-1,-1,-2.8012,0.55018,-12.416,-4.5298,8.9253,-4.5508,NaN,NaN,NaN,NaN,NaN
565.49,-13.851,-28.487,-143.4,-3.3621,0.28987,-11.957,-4.7103,9.8601,-4.8164,0,0,0,NaN,NaN,NaN,NaN,NaN,NaN,NaN,NaN,NaN,45.72,0,2611,0.0069644,NaN,NaN,NaN,NaN,NaN,-1,-1,-2.8335,0.56875,-12.569,-4.4711,8.9362,-4.5752,NaN,NaN,NaN,NaN,NaN
565.49,-13.857,-28.45,-143.43,-2.3291,0.54039,-12.793,-5.0357,6.2272,-4.6353,0,0,0,NaN,NaN,NaN,NaN,NaN,NaN,NaN,NaN,NaN,45.72,0,2611,0.0069644,0.7216,NaN,NaN,NaN,21.526,97643,10.625,-2.8419,0.56254,-12.569,-4.4158,8.9362,-4.6101,NaN,NaN,NaN,NaN,NaN
565.5,-13.858,-28.422,-143.45,-3.5721,0.37743,-14.079,-4.4692,12.424,-4.4384,0.23909,-0.087343,-1.1242,NaN,NaN,NaN,NaN,NaN,NaN,NaN,NaN,NaN,45.72,0,2611,0.0069644,0.7216,NaN,NaN,NaN,NaN,-1,-1,-2.8536,0.57384,-12.567,-4.3747,9.0039,-4.6087,NaN,NaN,NaN,NaN,NaN
565.5,-13.859,-28.398,-143.47,-2.4263,0.22719,-11.831,-4.5365,10.785,-4.8593,0,0,0,NaN,NaN,NaN,NaN,NaN,NaN,NaN,NaN,NaN,45.72,0,2611,0.0069644,NaN,2.5978,0.63107,0.090733,NaN,-1,-1,-2.8508,0.60143,-12.567,-4.2695,8.9969,-4.6527,NaN,NaN,NaN,NaN,NaN
565.5,-13.86,-28.384,-143.49,-2.0955,1.896,-9.9753,-3.8771,6.5745,-4.1633,0,0,0,NaN,NaN,NaN,NaN,NaN,NaN,NaN,NaN,NaN,45.72,0,2611,0.0069644,NaN,NaN,NaN,NaN,21.473,97689,10.813,-2.8546,0.56938,-12.566,-4.2521,9.3281,-4.6653,NaN,NaN,NaN,NaN,NaN
565.5,-13.859,-28.362,-143.51,-4.1837,-0.5642,-15.959,-3.4639,10.193,-4.8813,0,0,0,NaN,NaN,NaN,NaN,NaN,NaN,NaN,NaN,NaN,45.72,0,2611,0.0069644,NaN,NaN,NaN,NaN,NaN,-1,-1,-2.8591,0.56231,-12.585,-4.2524,9.0882,-4.6786,NaN,NaN,NaN,NaN,NaN
565.51,-13.861,-28.335,-143.53,-2.6341,0.99862,-10.475,-5.1584,11.801,-4.4905,0.2319,-0.092034,-1.1249,NaN,NaN,NaN,NaN,NaN,NaN,NaN,NaN,NaN,45.72,0,2611,0.0069644,NaN,NaN,NaN,NaN,21.614,97671,10.625,-2.8523,0.5667,-12.585,-4.2524,9.4366,-4.6903,NaN,NaN,NaN,NaN,NaN
565.51,-13.861,-28.322,-143.54,-2.1913,1.4079,-12.615,-3.2374,6.3378,-4.5842,0,0,0,NaN,NaN,NaN,NaN,NaN,NaN,NaN,NaN,NaN,45.72,0,2611,0.0069644,0.78292,2.5125,0.70288,-0.00083241,NaN,-1,-1,-2.8489,0.55794,-12.609,-4.2533,9.7756,-4.6999,NaN,NaN,NaN,NaN,NaN
565.51,-13.863,-28.302,-143.56,-3.6716,-0.51697,-14.569,-4.7499,9.0747,-4.6981,0,0,0,NaN,NaN,NaN,NaN,NaN,NaN,NaN,NaN,NaN,45.72,0,2611,0.0069644,NaN,NaN,NaN,NaN,NaN,-1,-1,-2.8617,0.56072,-12.617,-4.195,9.43,-4.7388,NaN,NaN,NaN,NaN,NaN
565.51,-13.862,-28.27,-143.58,-2.5597,0.5623,-13.772,-4.2283,14.451,-5.1359,0,0,0,NaN,NaN,NaN,NaN,NaN,NaN,NaN,NaN,NaN,45.72,0,2611,0.0069644,NaN,NaN,NaN,NaN,21.618,97671,10.688,-2.8501,0.56502,-12.591,-4.2283,9.7962,-4.7741,NaN,NaN,NaN,NaN,NaN
565.52,-13.862,-28.255,-143.6,-1.819,1.983,-8.164,-3.47,7.0235,-4.425,0.22956,-0.087094,-1.1229,NaN,NaN,NaN,NaN,NaN,NaN,NaN,NaN,NaN,45.72,0,2611,0.0069644,NaN,NaN,NaN,NaN,NaN,-1,-1,-2.8529,0.56463,-12.609,-4.0265,9.6012,-4.6249,NaN,NaN,NaN,NaN,NaN
565.52,-13.862,-28.242,-143.61,-3.997,-0.46939,-15.894,-3.4262,6.3638,-4.8779,0,0,0,NaN,NaN,NaN,NaN,NaN,NaN,NaN,NaN,NaN,45.72,0,2611,0.0069644,NaN,NaN,NaN,NaN,NaN,-1,-1,-2.8648,0.55501,-12.608,-4.02,9.35,-4.6341,NaN,NaN,NaN,NaN,NaN
565.52,-13.862,-28.208,-143.64,-2.4347,-0.18791,-12.481,-4.6502,14.636,-4.5076,0,0,0,NaN,NaN,NaN,NaN,NaN,NaN,NaN,NaN,NaN,45.72,0,2611,0.0069644,NaN,NaN,NaN,NaN,21.485,97662,10.625,-2.846,0.54999,-12.612,-4.0197,9.3363,-4.6576,NaN,NaN,NaN,NaN,NaN
565.52,-13.863,-28.191,-143.65,-2.688,1.9153,-11.353,-3.9566,8.1455,-4.7544,0,0,0,NaN,NaN,NaN,NaN,NaN,NaN,NaN,NaN,NaN,45.72,0,2611,0.0069644,0.72927,2.6157,0.63594,0.10239,NaN,-1,-1,-2.8527,0.54492,-12.615,-3.9954,9.2685,-4.6568,NaN,NaN,NaN,NaN,NaN
565.53,-13.864,-28.176,-143.67,-3.5573,0.06115,-14.53,-3.7789,7.0193,-4.3983,0.22513,-0.082363,-1.1255,NaN,NaN,NaN,NaN,NaN,NaN,NaN,NaN,NaN,45.72,0,2611,0.0069644,NaN,NaN,NaN,NaN,21.472,97695,10.813,-2.8585,0.55399,-12.624,-4.0056,9.2784,-4.6561,NaN,NaN,NaN,NaN,NaN
565.53,-13.866,-28.148,-143.69,-2.1183,0.27869,-12.449,-4.8017,12.211,-4.4957,0,0,0,NaN,NaN,NaN,NaN,NaN,NaN,NaN,NaN,NaN,45.72,0,2611,0.0069644,NaN,NaN,NaN,NaN,NaN,-1,-1,-2.8534,0.55725,-12.6,-4.0433,9.2432,-4.6565,NaN,NaN,NaN,NaN,NaN
565.53,-13.866,-28.128,-143.71,-3.0544,1.6491,-12.831,-3.837,9.2466,-4.6889,0,0,0,NaN,NaN,NaN,NaN,NaN,NaN,NaN,NaN,NaN,45.72,0,2611,0.0069644,NaN,NaN,NaN,NaN,NaN,-1,-1,-2.8654,0.54458,-12.599,-4.0936,9.4442,-4.6643,NaN,NaN,NaN,NaN,NaN
565.53,-13.864,-28.107,-143.73,-2.615,0.83862,-10.565,-3.2204,9.5193,-4.7255,0,0,0,NaN,NaN,NaN,NaN,NaN,NaN,NaN,NaN,NaN,45.72,0,2611,0.0069644,NaN,NaN,NaN,NaN,21.465,97649,10.563,-2.859,0.5522,-12.61,-4.1263,9.3818,-4.6602,NaN,NaN,NaN,NaN,NaN
565.54,-13.864,-28.09,-143.74,-3.1336,-0.93378,-14.928,-3.6685,7.892,-5.0278,0.22258,-0.089512,-1.1257,NaN,NaN,NaN,NaN,NaN,NaN,NaN,NaN,NaN,45.72,0,2611,0.0069644,0.73912,2.6121,0.65298,0.070755,NaN,-1,-1,-2.8579,0.54471,-12.596,-4.19,9.4826,-4.6852,NaN,NaN,NaN,NaN,NaN
565.54,-13.864,-28.04,-143.78,-2.1474,0.24527,-9.133,-3.7286,12.534,-4.3479,0,0,0,NaN,NaN,NaN,NaN,NaN,NaN,NaN,NaN,NaN,45.72,0,2611,0.0069644,NaN,NaN,NaN,NaN,NaN,-1,-1,-2.8624,0.55125,-12.608,-4.2141,9.4731,-4.6965,NaN,NaN,NaN,NaN,NaN
565.54,-13.868,-28.03,-143.79,-2.2657,0.36524,-14.226,-4.8324,4.9995,-4.7887,0,0,0,NaN,NaN,NaN,NaN,NaN,NaN,NaN,NaN,NaN,45.72,0,2611,0.0069644,NaN,NaN,NaN,NaN,21.524,97657,10.625,-2.8547,0.53607,-12.616,-4.2428,9.2553,-4.7032,NaN,NaN,NaN,NaN,NaN
565.54,-13.868,-28.007,-143.81,-3.7769,1.7892,-16.429,-4.1275,10.434,-4.6842,0.22069,-0.082539,-1.1303,NaN,NaN,NaN,NaN,NaN,NaN,NaN,NaN,NaN,45.72,0,2611,0.0069644,NaN,NaN,NaN,NaN,21.464,97636,10.5,-2.8611,0.54299,-12.612,-4.3,9.383,-4.7274,NaN,NaN,NaN,NaN,NaN
565.55,-13.87,-27.965,-143.85,-2.5529,0.415,-11.531,-4.6068,3.6767,-4.6109,0,0,0,NaN,NaN,NaN,NaN,NaN,NaN,NaN,NaN,NaN,45.72,0,2611,0.0069644,NaN,NaN,NaN,NaN,NaN,-1,-1,-2.8541,0.53112,-12.576,-4.3355,9.3205,-4.7441,NaN,NaN,NaN,NaN,NaN
565.55,-13.87,-27.943,-143.87,-3.8483,1.4442,-14.891,-3.7805,10.05,-4.5452,0,0,0,NaN,NaN,NaN,NaN,NaN,NaN,NaN,NaN,NaN,45.72,0,2611,0.0069644,0.73091,2.6217,0.64264,0.09323,NaN,-1,-1,-2.8581,0.53772,-12.565,-4.3981,9.1975,-4.766,NaN,NaN,NaN,NaN,NaN
565.55,-13.87,-27.913,-143.89,-2.2438,-0.50146,-12.48,-4.3158,13.274,-4.9371,0.21105,-0.077262,-1.1245,NaN,NaN,NaN,NaN,NaN,NaN,NaN,NaN,NaN,45.72,0,2611,0.0069644,NaN,NaN,NaN,NaN,NaN,-1,-1,-2.8565,0.53387,-12.574,-4.4864,9.1301,-4.7829,NaN,NaN,NaN,NaN,NaN
565.55,-13.877,-27.899,-143.9,-2.8772,-0.11233,-12.436,-6.2479,6.5404,-4.3889,0,0,0,NaN,NaN,NaN,NaN,NaN,NaN,NaN,NaN,NaN,45.72,0,2611,0.0069644,NaN,NaN,NaN,NaN,21.487,97675,10.688,-2.8647,0.53742,-12.604,-4.5377,9.0886,-4.7999,NaN,NaN,NaN,NaN,NaN
565.56,-13.88,-27.877,-143.92,-3.0262,1.9487,-12.589,-5.0385,10.08,-4.7576,0,0,0,NaN,NaN,NaN,NaN,NaN,NaN,NaN,NaN,NaN,45.72,0,2611,0.0069644,NaN,NaN,NaN,NaN,NaN,-1,-1,-2.8613,0.54339,-12.547,-4.5807,9.2306,-4.8237,NaN,NaN,NaN,NaN,NaN
565.56,-13.879,-27.852,-143.94,-2.9353,1.2828,-13.768,-3.8229,11.436,-4.9194,0,0,0,NaN,NaN,NaN,NaN,NaN,NaN,NaN,NaN,NaN,45.72,0,2611,0.0069644,0.71449,NaN,NaN,NaN,NaN,-1,-1,-2.8544,0.53205,-12.594,-4.637,9.1226,-4.8126,NaN,NaN,NaN,NaN,NaN
565.56,-13.88,-27.833,-143.96,-2.695,-0.5832,-9.7657,-4.3403,8.8317,-5.0722,0.23929,-0.08507,-1.1264,NaN,NaN,NaN,NaN,NaN,NaN,NaN,NaN,NaN,45.72,0,2611,0.0069644,NaN,2.5966,0.63047,0.10322,21.521,97629,10.5,-2.8465,0.55679,-12.561,-4.689,9.1106,-4.8354,NaN,NaN,NaN,NaN,NaN
565.56,-13.884,-27.821,-143.97,-2.9132,0.42143,-14.727,-5.1849,6.0366,-5.1752,0,0,0,NaN,NaN,NaN,NaN,NaN,NaN,NaN,NaN,NaN,45.72,0,2611,0.0069644,NaN,NaN,NaN,NaN,21.491,97694,10.813,-2.8506,0.55464,-12.555,-4.7608,9.26,-4.8402,NaN,NaN,NaN,NaN,NaN
565.57,-13.887,-27.79,-144,-3.5806,0.86471,-12.902,-5.6588,13.651,-4.8766,0,0,0,NaN,NaN,NaN,NaN,NaN,NaN,NaN,NaN,NaN,45.72,0,2611,0.0069644,NaN,NaN,NaN,NaN,NaN,-1,-1,-2.8499,0.54247,-12.569,-4.8007,9.1501,-4.8612,NaN,NaN,NaN,NaN,NaN
565.57,-13.888,-27.773,-144.01,-1.698,1.2963,-10.936,-4.2438,7.7243,-4.9366,0,0,0,NaN,NaN,NaN,NaN,NaN,NaN,NaN,NaN,NaN,45.72,0,2611,0.0069644,NaN,NaN,NaN,NaN,NaN,-1,-1,-2.8657,0.55272,-12.552,-4.9049,9.1323,-4.8739,NaN,NaN,NaN,NaN,NaN
565.57,-13.891,-27.756,-144.03,-3.0822,-0.9293,-16.167,-5.2406,8.3052,-5.1884,0.2344,-0.082371,-1.1224,NaN,NaN,NaN,NaN,NaN,NaN,NaN,NaN,NaN,45.72,0,2611,0.0069644,NaN,NaN,NaN,NaN,NaN,-1,-1,-2.8455,0.57365,-12.551,-4.9452,9.3406,-4.9103,NaN,NaN,NaN,NaN,NaN
565.57,-13.892,-27.727,-144.05,-4.1137,1.8301,-10.498,-4.7614,12.933,-4.9247,0,0,0,NaN,NaN,NaN,NaN,NaN,NaN,NaN,NaN,NaN,45.72,0,2611,0.0069644,0.75226,2.6157,0.65359,0.07242,21.617,97675,10.688,-2.8488,0.56103,-12.568,-4.9619,9.1595,-4.9156,NaN,NaN,NaN,NaN,NaN
565.58,-13.896,-27.707,-144.07,-0.71196,0.61597,-9.5927,-4.8009,8.9798,-4.3269,0,0,0,NaN,NaN,NaN,NaN,NaN,NaN,NaN,NaN,NaN,45.72,0,2611,0.0069644,NaN,NaN,NaN,NaN,NaN,-1,-1,-2.859,0.5464,-12.527,-5.0254,9.1526,-4.9456,NaN,NaN,NaN,NaN,NaN
565.58,-13.9,-27.695,-144.09,-4.0387,-0.89743,-15.354,-5.4473,5.8535,-5.177,0,0,0,NaN,NaN,NaN,NaN,NaN,NaN,NaN,NaN,NaN,45.72,0,2611,0.0069644,NaN,NaN,NaN,NaN,NaN,-1,-1,-2.8454,0.55836,-12.501,-5.1102,9.4077,-4.9536,NaN,NaN,NaN,NaN,NaN
565.58,-13.902,-27.666,-144.11,-4.136,1.7671,-12.937,-5.3069,13.3,-5.1385,0.20875,-0.084651,-1.1292,NaN,NaN,NaN,NaN,NaN,NaN,NaN,NaN,NaN,45.72,0,2611,0.0069644,NaN,NaN,NaN,NaN,21.43,97678,10.688,-2.8531,0.54585,-12.545,-5.1243,9.2515,-4.9831,NaN,NaN,NaN,NaN,NaN
565.58,-13.906,-27.644,-144.13,-1.1925,1.2664,-11.566,-5.391,10.005,-4.8798,0,0,0,NaN,NaN,NaN,NaN,NaN,NaN,NaN,NaN,NaN,45.72,0,2611,0.0069644,NaN,NaN,NaN,NaN,NaN,-1,-1,-2.859,0.53918,-12.503,-5.1405,9.3072,-4.9964,NaN,NaN,NaN,NaN,NaN
565.59,-13.91,-27.636,-144.14,-3.4171,-0.31708,-10.734,-5.0507,4.4034,-5.0817,0,0,0,NaN,NaN,NaN,NaN,NaN,NaN,NaN,NaN,NaN,45.72,0,2611,0.0069644,0.74569,2.4832,0.7114,0.049945,21.69,97678,10.688,-2.8478,0.5466,-12.496,-5.1924,9.2684,-5.0025,NaN,NaN,NaN,NaN,NaN
565.59,-13.916,-27.58,-144.19,-2.8095,1.3273,-6.9467,-5.089,11.166,-5.3509,0.21103,-0.087077,-1.129,NaN,NaN,NaN,NaN,NaN,NaN,NaN,NaN,NaN,45.72,0,2611,0.0069644,NaN,NaN,NaN,NaN,NaN,-1,-1,-2.8554,0.53369,-12.471,-5.2699,9.2793,-5.0195,NaN,NaN,NaN,NaN,NaN
565.59,-13.919,-27.572,-144.2,-2.6944,-0.17249,-14.141,-4.6241,4.0151,-4.7222,0,0,0,NaN,NaN,NaN,NaN,NaN,NaN,NaN,NaN,NaN,45.72,0,2611,0.0069644,NaN,NaN,NaN,NaN,NaN,-1,-1,-2.8337,0.55219,-12.462,-5.2984,9.5329,-5.0379,NaN,NaN,NaN,NaN,NaN
565.59,-13.924,-27.548,-144.22,-3.5137,0.27207,-12.859,-5.9183,10.98,-5.044,0,0,0,NaN,NaN,NaN,NaN,NaN,NaN,NaN,NaN,NaN,NaN,0,2715.3,0.0058767,NaN,NaN,NaN,NaN,21.672,97719,10.813,-2.8617,0.56462,-12.483,-5.2921,9.4518,-5.0712,NaN,NaN,NaN,NaN,NaN
565.6,-13.927,-27.52,-144.24,-2.5153,1.1131,-13.2,-5.5425,12.669,-5.1532,0,0,0,NaN,NaN,NaN,NaN,NaN,NaN,NaN,NaN,NaN,NaN,0,2715.3,0.0058767,NaN,NaN,NaN,NaN,NaN,-1,-1,-2.8552,0.54923,-12.466,-5.2862,9.4955,-5.0816,NaN,NaN,NaN,NaN,NaN
565.6,-13.931,-27.506,-144.26,-2.5045,1.1944,-11.563,-5.0423,6.6174,-4.894,0.22042,-0.092113,-1.1303,NaN,NaN,NaN,NaN,NaN,NaN,NaN,NaN,NaN,NaN,0,2715.3,0.0058767,0.73474,2.4785,0.71201,0.040788,NaN,-1,-1,-2.8438,0.55318,-12.417,-5.3493,9.5172,-5.0992,NaN,NaN,NaN,NaN,NaN
565.6,-13.934,-27.487,-144.28,-2.9597,-0.48965,-13.927,-5.3051,8.9794,-5.1681,0,0,0,NaN,NaN,NaN,NaN,NaN,NaN,NaN,NaN,NaN,NaN,0,2715.3,0.0058767,NaN,NaN,NaN,NaN,21.541,97687,10.688,-2.8585,0.53709,-12.423,-5.3631,9.567,-5.1088,NaN,NaN,NaN,NaN,NaN
565.6,-13.936,-27.458,-144.3,-3.4712,0.97696,-12.504,-5.2019,13.077,-5.0674,0,0,0,NaN,NaN,NaN,NaN,NaN,NaN,NaN,NaN,NaN,45.72,0,2715.3,0.0058767,NaN,NaN,NaN,NaN,21.619,97708,10.813,-2.852,0.54155,-12.442,-5.3931,9.2888,-5.1303,NaN,NaN,NaN,NaN,NaN
565.61,-13.943,-27.427,-144.33,-4.1684,1.1575,-15.237,-4.9288,7.7311,-5.0784,0.2158,-0.084748,-1.1285,NaN,NaN,NaN,NaN,NaN,NaN,NaN,NaN,NaN,45.72,0,2715.3,0.0058767,NaN,NaN,NaN,NaN,NaN,-1,-1,-2.8457,0.54538,-12.416,-5.415,9.4203,-5.1324,NaN,NaN,NaN,NaN,NaN
565.61,-13.947,-27.397,-144.36,-1.7154,-0.88638,-9.6376,-5.6628,13.408,-4.8551,0,0,0,NaN,NaN,NaN,NaN,NaN,NaN,NaN,NaN,NaN,45.72,0,2715.3,0.0058767,NaN,NaN,NaN,NaN,NaN,-1,-1,-2.8501,0.55482,-12.441,-5.4148,9.6269,-5.1503,NaN,NaN,NaN,NaN,NaN
565.61,-13.953,-27.383,-144.37,-3.0943,1.206,-14.546,-6.2565,6.9517,-5.0683,0,0,0,NaN,NaN,NaN,NaN,NaN,NaN,NaN,NaN,NaN,45.72,0,2715.3,0.0058767,0.73365,2.6085,0.64629,0.084073,NaN,-1,-1,-2.8591,0.55844,-12.435,-5.4877,9.5875,-5.1448,NaN,NaN,NaN,NaN,NaN
565.61,-13.956,-27.361,-144.39,-3.2992,1.1592,-12.295,-5.3574,9.8655,-5.4374,0,0,0,NaN,NaN,NaN,NaN,NaN,NaN,NaN,NaN,NaN,45.72,0,2715.3,0.0058767,NaN,NaN,NaN,NaN,21.633,97689,10.688,-2.8636,0.54551,-12.401,-5.5181,9.5893,-5.1453,NaN,NaN,NaN,NaN,NaN
565.62,-13.958,-27.338,-144.41,-2.1059,0.372,-12.825,-4.9579,10.579,-5.1737,0.20613,-0.089286,-1.1272,NaN,NaN,NaN,NaN,NaN,NaN,NaN,NaN,NaN,45.72,0,2715.3,0.0058767,NaN,NaN,NaN,NaN,NaN,-1,-1,-2.8851,0.55381,-12.444,-5.6932,9.9335,-5.316,NaN,NaN,NaN,NaN,NaN
565.62,-13.964,-27.322,-144.43,-4.0245,-0.75414,-11.266,-6.1617,7.6615,-5.3722,0,0,0,NaN,NaN,NaN,NaN,NaN,NaN,NaN,NaN,NaN,45.72,0,2715.3,0.0058767,NaN,NaN,NaN,NaN,NaN,-1,-1,-2.8718,0.55748,-12.403,-5.6631,9.8246,-5.2974,NaN,NaN,NaN,NaN,NaN
565.62,-13.968,-27.301,-144.45,-2.7074,2.2476,-12.947,-5.2932,9.7575,-4.9736,0,0,0,NaN,NaN,NaN,NaN,NaN,NaN,NaN,NaN,NaN,45.72,0,2715.3,0.0058767,NaN,NaN,NaN,NaN,21.786,97725,10.875,-2.861,0.54361,-12.372,-5.646,9.7149,-5.2894,NaN,NaN,NaN,NaN,NaN
565.62,-13.969,-27.281,-144.47,-2.2562,0.62985,-13.048,-4.7681,9.4192,-5.3414,0,0,0,NaN,NaN,NaN,NaN,NaN,NaN,NaN,NaN,NaN,45.72,0,2715.3,0.0058767,NaN,2.602,0.63716,0.089068,NaN,-1,-1,-2.8783,0.55013,-12.394,-5.8389,10.055,-5.4233,NaN,NaN,NaN,NaN,NaN
565.63,-13.975,-27.263,-144.49,-3.3291,-1.2044,-14.008,-6.2527,8.473,-5.1534,0.20621,-0.081985,-1.125,NaN,NaN,NaN,NaN,NaN,NaN,NaN,NaN,NaN,45.72,0,2715.3,0.0058767,NaN,2.602,0.63716,0.089068,21.664,97639,10.438,-2.867,0.56153,-12.39,-5.7734,9.9976,-5.3705,NaN,NaN,NaN,NaN,NaN
565.63,-13.98,-27.233,-144.51,-2.6596,1.1439,-11.531,-6.3027,13.372,-5.4299,0,0,0,NaN,NaN,NaN,NaN,NaN,NaN,NaN,NaN,NaN,45.72,0,2715.3,0.0058767,NaN,NaN,NaN,NaN,NaN,-1,-1,-2.8717,0.5507,-12.349,-5.7329,9.7359,-5.3289,NaN,NaN,NaN,NaN,NaN
565.63,-13.982,-27.219,-144.53,-2.2454,2.0724,-11.42,-4.6793,7.0976,-5.1699,0,0,0,NaN,NaN,NaN,NaN,NaN,NaN,NaN,NaN,NaN,45.72,0,2715.3,0.0058767,NaN,NaN,NaN,NaN,NaN,-1,-1,-2.8804,0.55784,-12.361,-5.7019,9.6021,-5.2727,NaN,NaN,NaN,NaN,NaN
565.63,-13.985,-27.204,-144.55,-4.0425,-1.282,-13.993,-5.0626,7.2982,-5.4931,0,0,0,NaN,NaN,NaN,NaN,NaN,NaN,NaN,NaN,NaN,45.72,0,2715.3,0.0058767,NaN,NaN,NaN,NaN,21.631,97679,10.625,-2.8736,0.55425,-12.375,-5.6353,9.4682,-5.2017,NaN,NaN,NaN,NaN,NaN
565.64,-13.99,-27.173,-144.57,-2.9963,1.0177,-13.048,-6.5326,13.854,-5.1033,0.20695,-0.070377,-1.1315,NaN,NaN,NaN,NaN,NaN,NaN,NaN,NaN,NaN,45.72,0,2715.3,0.0058767,NaN,NaN,NaN,NaN,NaN,-1,-1,-2.8754,0.55041,-12.359,-5.6072,9.089,-5.1604,NaN,NaN,NaN,NaN,NaN
565.64,-14.003,-27.144,-144.61,-3.0937,0.45389,-15.547,-6.3751,6.1433,-5.189,0,0,0,NaN,NaN,NaN,NaN,NaN,NaN,NaN,NaN,NaN,45.72,0,2715.3,0.0058767,NaN,NaN,NaN,NaN,NaN,-1,-1,-2.8643,0.55712,-12.352,-5.5577,9.3352,-5.1113,NaN,NaN,NaN,NaN,NaN
565.64,-14.007,-27.112,-144.63,-3.3802,-0.035019,-14.27,-6.4723,14.419,-5.4586,0,0,0,NaN,NaN,NaN,NaN,NaN,NaN,NaN,NaN,NaN,45.72,0,2715.3,0.0058767,NaN,NaN,NaN,NaN,21.89,97675,10.625,-2.865,0.5566,-12.328,-5.4974,9.2807,-5.0596,NaN,NaN,NaN,NaN,NaN
565.64,-14.008,-27.088,-144.65,-2.7771,1.3535,-9.617,-4.6861,10.995,-5.327,0.20863,-0.079623,-1.1247,-10.024,-18.44,-12.025,24.189,40.057,-88.551,3.6776e+05,4.4352e+06,258.07,45.72,0,2715.3,0.0058767,NaN,NaN,NaN,NaN,NaN,-1,-1,-2.8722,0.55956,-12.341,-5.4815,8.8802,-5.0214,24.029,-2.7143,0.57707,1.3757,-6.4427
565.65,-14.013,-27.082,-144.66,-2.6214,-0.3417,-12.143,-5.1464,3.5279,-5.3228,0,0,0,NaN,NaN,NaN,NaN,NaN,NaN,NaN,NaN,NaN,45.72,0,2715.3,0.0058767,NaN,NaN,NaN,NaN,21.888,97683,10.625,-2.8678,0.5685,-12.352,-5.4615,8.9572,-4.9938,NaN,NaN,NaN,NaN,NaN
565.65,-14.019,-27.057,-144.68,-3.891,0.062265,-15.918,-6.3981,11.339,-5.1974,0,0,0,NaN,NaN,NaN,NaN,NaN,NaN,NaN,NaN,NaN,45.72,0,2715.3,0.0058767,NaN,NaN,NaN,NaN,NaN,-1,-1,-2.8355,0.55811,-12.242,-5.4191,8.7679,-4.9512,NaN,NaN,NaN,NaN,NaN
565.65,-14.024,-27.028,-144.71,-2.2531,1.4579,-10.645,-6.3762,13.062,-5.1612,0,0,0,NaN,NaN,NaN,NaN,NaN,NaN,NaN,NaN,NaN,45.72,0,2715.3,0.0058767,NaN,NaN,NaN,NaN,NaN,-1,-1,-2.8448,0.53411,-12.225,-5.4255,8.7034,-4.9215,NaN,NaN,NaN,NaN,NaN
565.65,-14.028,-27.016,-144.72,-2.3713,0.33815,-12.132,-5.3378,6.0844,-5.3238,0.20426,-0.077406,-1.1296,NaN,NaN,NaN,NaN,NaN,NaN,NaN,NaN,NaN,45.72,0,2715.3,0.0058767,NaN,NaN,NaN,NaN,21.816,97675,10.625,-2.8377,0.55993,-12.266,-5.4143,8.677,-4.8928,NaN,NaN,NaN,NaN,NaN
565.66,-14.033,-26.994,-144.74,-3.4112,-0.20914,-14.847,-6.0197,9.9932,-5.4605,0,0,0,NaN,NaN,NaN,NaN,NaN,NaN,NaN,NaN,NaN,45.72,0,2715.3,0.0058767,NaN,NaN,NaN,NaN,NaN,-1,-1,-2.8516,0.54586,-12.258,-5.3956,8.561,-4.8606,NaN,NaN,NaN,NaN,NaN
565.66,-14.037,-26.965,-144.76,-2.9898,1.9588,-11.538,-5.9581,12.964,-4.9662,0,0,0,NaN,NaN,NaN,NaN,NaN,NaN,NaN,NaN,NaN,45.72,0,2715.3,0.0058767,NaN,NaN,NaN,NaN,NaN,-1,-1,-2.8301,0.54073,-12.17,-5.3769,8.5692,-4.8377,NaN,NaN,NaN,NaN,NaN
565.66,-14.041,-26.952,-144.78,-2.8824,1.1203,-11.357,-5.1645,6.52,-5.3888,0,0,0,NaN,NaN,NaN,NaN,NaN,NaN,NaN,NaN,NaN,45.72,0,2715.3,0.0058767,NaN,NaN,NaN,NaN,21.708,97707,10.75,-2.8362,0.53377,-12.195,-5.3435,8.4542,-4.8116,NaN,NaN,NaN,NaN,NaN
565.66,-14.047,-26.937,-144.8,-3.2803,-1.0426,-15.03,-6.1325,7.4024,-5.2816,0.19755,-0.070248,-1.1324,NaN,NaN,NaN,NaN,NaN,NaN,NaN,NaN,NaN,45.72,0,2715.3,0.0058767,0.73693,2.6085,0.65177,0.074917,21.944,97698,10.688,-2.8424,0.54254,-12.225,-5.3155,8.3941,-4.7907,NaN,NaN,NaN,NaN,NaN
565.67,-14.058,-26.889,-144.84,-2.6885,1.2425,-12.462,-5.9939,7.711,-5.3798,0,0,0,NaN,NaN,NaN,NaN,NaN,NaN,NaN,NaN,NaN,45.72,0,2715.3,0.0058767,NaN,NaN,NaN,NaN,NaN,-1,-1,-2.847,0.54387,-12.241,-5.2864,8.5736,-4.7615,NaN,NaN,NaN,NaN,NaN
565.67,-14.063,-26.868,-144.86,-2.827,0.12698,-13.044,-6.2688,9.6013,-5.5166,0,0,0,NaN,NaN,NaN,NaN,NaN,NaN,NaN,NaN,NaN,45.72,0,2715.3,0.0058767,NaN,NaN,NaN,NaN,NaN,-1,-1,-2.8693,0.55383,-12.293,-5.3034,8.3955,-4.7537,NaN,NaN,NaN,NaN,NaN
565.67,0,0,0,0,0,0,0,0,0,0,0,0,NaN,NaN,NaN,NaN,NaN,NaN,NaN,NaN,NaN,45.72,0,2715.3,0.0058767,NaN,NaN,NaN,NaN,NaN,-1,-1,-2.8738,0.53957,-12.313,-5.2975,8.4028,-4.7516,NaN,NaN,NaN,NaN,NaN
565.67,-14.067,-26.846,-144.88,-3.2035,-0.029683,-12.371,-5.8237,10.242,-5.2566,0.21351,-0.087229,-1.131,NaN,NaN,NaN,NaN,NaN,NaN,NaN,NaN,NaN,45.72,0,2715.3,0.0058767,NaN,NaN,NaN,NaN,21.669,97695,10.688,-2.8926,0.52491,-12.313,-5.2816,8.3268,-4.7567,NaN,NaN,NaN,NaN,NaN
565.68,-14.074,-26.832,-144.9,-2.6439,0.61071,-13.442,-6.2948,6.9416,-5.0924,0,0,0,NaN,NaN,NaN,NaN,NaN,NaN,NaN,NaN,NaN,45.72,0,2715.3,0.0058767,0.72872,2.6044,0.63107,0.09656,NaN,-1,-1,-2.8833,0.52843,-12.331,-5.3351,8.2995,-4.7594,NaN,NaN,NaN,NaN,NaN
565.68,0,0,0,0,0,0,0,0,0,0,0,0,NaN,NaN,NaN,NaN,NaN,NaN,NaN,NaN,NaN,45.72,0,2715.3,0.0058767,NaN,NaN,NaN,NaN,NaN,-1,-1,-2.897,0.52328,-12.324,-5.3507,8.4274,-4.7449,NaN,NaN,NaN,NaN,NaN
565.68,-14.086,-26.77,-144.96,-2.3186,0.36234,-13.262,-5.687,4.8763,-5.0983,0.19956,-0.077341,-1.13,NaN,NaN,NaN,NaN,NaN,NaN,NaN,NaN,NaN,45.72,0,2715.3,0.0058767,NaN,NaN,NaN,NaN,21.908,97719,10.75,-2.879,0.52719,-12.358,-5.3616,8.3537,-4.7523,NaN,NaN,NaN,NaN,NaN
565.68,-14.091,-26.745,-144.98,-3.5168,1.8383,-14.55,-5.9179,11.198,-5.0778,0,0,0,NaN,NaN,NaN,NaN,NaN,NaN,NaN,NaN,NaN,45.72,0,2715.3,0.0058767,NaN,NaN,NaN,NaN,NaN,-1,-1,-2.889,0.5184,-12.39,-5.4018,8.4318,-4.7627,NaN,NaN,NaN,NaN,NaN
565.69,-14.092,-26.716,-145,-2.5895,-0.24261,-11.101,-5.1288,13.098,-5.3369,0,0,0,NaN,NaN,NaN,NaN,NaN,NaN,NaN,NaN,NaN,45.72,0,2715.3,0.0058767,NaN,NaN,NaN,NaN,21.651,97714,10.75,-2.9052,0.52522,-12.414,-5.4522,8.6671,-4.7799,NaN,NaN,NaN,NaN,NaN
565.69,-14.105,-26.687,-145.04,-4.2105,1.7661,-15.907,-6.1756,10.2,-5.181,0.19245,-0.074731,-1.1284,NaN,NaN,NaN,NaN,NaN,NaN,NaN,NaN,NaN,45.72,0,2715.3,0.0058767,0.73201,NaN,NaN,NaN,NaN,-1,-1,-2.8954,0.52078,-12.383,-5.49,8.5369,-4.8028,NaN,NaN,NaN,NaN,NaN
565.69,-14.108,-26.653,-145.06,-2.2863,0.79193,-9.7306,-5.7508,14.848,-5.1413,0,0,0,NaN,NaN,NaN,NaN,NaN,NaN,NaN,NaN,NaN,45.72,0,2715.3,0.0058767,NaN,NaN,NaN,NaN,NaN,-1,-1,-2.9003,0.51641,-12.431,-5.4592,8.6008,-4.8354,NaN,NaN,NaN,NaN,NaN
565.69,-14.115,-26.647,-145.07,-2.0061,-0.97554,-12.643,-6.4084,3.7547,-5.4508,0,0,0,NaN,NaN,NaN,NaN,NaN,NaN,NaN,NaN,NaN,45.72,0,2715.3,0.0058767,NaN,NaN,NaN,NaN,21.911,97725,10.813,-2.8964,0.53509,-12.45,-5.552,8.7125,-4.8494,NaN,NaN,NaN,NaN,NaN
565.7,-14.123,-26.627,-145.09,-4.4111,1.0482,-15.849,-7.1067,9.5248,-5.3786,0,0,0,NaN,NaN,NaN,NaN,NaN,NaN,NaN,NaN,NaN,45.72,0,2715.3,0.0058767,NaN,NaN,NaN,NaN,NaN,-1,-1,-2.9003,0.52321,-12.454,-5.6517,8.7527,-4.8666,NaN,NaN,NaN,NaN,NaN
565.7,-14.137,-26.59,-145.13,-1.8051,1.0875,-12.163,-5.5928,14.559,-5.2521,0.19727,-0.079823,-1.1324,NaN,NaN,NaN,NaN,NaN,NaN,NaN,NaN,NaN,45.72,0,2715.3,0.0058767,NaN,NaN,NaN,NaN,NaN,-1,-1,-2.8919,0.52469,-12.415,-5.6893,9.0783,-4.9004,NaN,NaN,NaN,NaN,NaN
565.7,-14.142,-26.575,-145.15,-3.161,-0.82883,-10.32,-5.7168,7.1428,-5.3254,0,0,0,NaN,NaN,NaN,NaN,NaN,NaN,NaN,NaN,NaN,45.72,0,2715.3,0.0058767,0.73803,2.6079,0.65481,0.069923,21.795,97694,10.625,-2.8885,0.52167,-12.381,-5.7015,9.1289,-4.9382,NaN,NaN,NaN,NaN,NaN
565.7,-14.148,-26.561,-145.17,-3.7932,1.4432,-14.032,-5.8611,7.1904,-5.2178,0,0,0,NaN,NaN,NaN,NaN,NaN,NaN,NaN,NaN,NaN,45.72,0,2865.2,0.0069644,NaN,NaN,NaN,NaN,21.851,97733,10.75,-2.8892,0.51015,-12.442,-5.76,9.1233,-4.9783,NaN,NaN,NaN,NaN,NaN
565.71,-14.156,-26.515,-145.21,-2.6485,0.085849,-10.941,-5.7123,9.9428,-5.1739,0.19298,-0.070304,-1.135,NaN,NaN,NaN,NaN,NaN,NaN,NaN,NaN,NaN,45.72,0,2865.2,0.0069644,NaN,NaN,NaN,NaN,NaN,-1,-1,-2.8862,0.51487,-12.442,-5.8355,9.3139,-5.0062,NaN,NaN,NaN,NaN,NaN
565.71,-14.161,-26.49,-145.23,-3.9838,1.1796,-14.588,-5.9999,11.442,-5.3333,0,0,0,NaN,NaN,NaN,NaN,NaN,NaN,NaN,NaN,NaN,45.72,0,2865.2,0.0069644,NaN,NaN,NaN,NaN,NaN,-1,-1,-2.8999,0.50932,-12.469,-5.9199,9.4848,-5.0508,NaN,NaN,NaN,NaN,NaN
565.71,-14.166,-26.472,-145.25,-2.3179,0.59469,-9.6911,-5.7656,8.3748,-5.2469,0,0,0,NaN,NaN,NaN,NaN,NaN,NaN,NaN,NaN,NaN,45.72,0,2865.2,0.0069644,NaN,NaN,NaN,NaN,NaN,-1,-1,-2.9218,0.51758,-12.592,-5.9718,9.5671,-5.1041,NaN,NaN,NaN,NaN,NaN
565.71,-14.172,-26.46,-145.26,-2.6596,0.78409,-15.383,-6.041,6.3398,-5.3094,0,0,0,NaN,NaN,NaN,NaN,NaN,NaN,NaN,NaN,NaN,45.72,0,2865.2,0.0069644,0.72872,2.5996,0.62621,0.10905,21.848,97703,10.625,-2.9316,0.53968,-12.697,-6.0324,9.7837,-5.1577,NaN,NaN,NaN,NaN,NaN
565.72,-14.177,-26.426,-145.29,-4.239,0.14521,-13.128,-6.4768,14.897,-5.4035,0.18796,-0.067485,-1.1288,NaN,NaN,NaN,NaN,NaN,NaN,NaN,NaN,NaN,45.72,0,2865.2,0.0069644,NaN,NaN,NaN,NaN,NaN,-1,-1,-2.9402,0.5217,-12.638,-6.0806,9.9807,-5.1979,NaN,NaN,NaN,NaN,NaN
565.72,-14.182,-26.408,-145.31,-1.6851,-0.18311,-11.684,-6.0947,8.8045,-5.3489,0,0,0,NaN,NaN,NaN,NaN,NaN,NaN,NaN,NaN,NaN,45.72,0,2865.2,0.0069644,NaN,NaN,NaN,NaN,NaN,-1,-1,-2.9263,0.53215,-12.62,-6.1198,10.05,-5.2594,NaN,NaN,NaN,NaN,NaN
565.72,-14.19,-26.392,-145.33,-3.4163,0.49287,-12.722,-7.0146,7.4254,-5.4414,0,0,0,NaN,NaN,NaN,NaN,NaN,NaN,NaN,NaN,NaN,45.72,0,2865.2,0.0069644,NaN,NaN,NaN,NaN,21.847,97711,10.625,-2.9393,0.52955,-12.657,-6.1988,10.142,-5.3175,NaN,NaN,NaN,NaN,NaN
565.72,-14.197,-26.366,-145.35,-3.0596,1.1824,-12.819,-6.5729,12.071,-5.0446,0,0,0,NaN,NaN,NaN,NaN,NaN,NaN,NaN,NaN,NaN,45.72,0,2865.2,0.0069644,NaN,NaN,NaN,NaN,NaN,-1,-1,-2.9492,0.54167,-12.675,-6.29,10.27,-5.381,NaN,NaN,NaN,NaN,NaN
565.73,-14.203,-26.345,-145.37,-2.4612,0.51277,-14.061,-6.6131,9.6841,-5.3245,0.19984,-0.067766,-1.13,NaN,NaN,NaN,NaN,NaN,NaN,NaN,NaN,NaN,45.72,0,2865.2,0.0069644,0.72982,2.6044,0.64751,0.079911,21.83,97682,10.563,-2.9424,0.53665,-12.677,-6.3998,10.333,-5.4589,NaN,NaN,NaN,NaN,NaN
565.73,-14.214,-26.302,-145.41,-2.4311,1.2151,-14.647,-6.6202,13.707,-4.9239,0,0,0,NaN,NaN,NaN,NaN,NaN,NaN,NaN,NaN,NaN,45.72,0,2865.2,0.0069644,NaN,NaN,NaN,NaN,NaN,-1,-1,-2.9592,0.54943,-12.686,-6.2526,10.109,-5.3301,NaN,NaN,NaN,NaN,NaN
565.73,-14.219,-26.281,-145.43,-2.6004,-0.48882,-10.695,-5.8464,9.9054,-5.261,0,0,0,NaN,NaN,NaN,NaN,NaN,NaN,NaN,NaN,NaN,45.72,0,2865.2,0.0069644,NaN,NaN,NaN,NaN,NaN,-1,-1,-2.9548,0.54721,-12.73,-6.3175,10.337,-5.3527,NaN,NaN,NaN,NaN,NaN
565.73,-14.225,-26.266,-145.44,-3.2438,0.7537,-15.467,-6.195,7.0934,-5.4837,0.18815,-0.070119,-1.1332,NaN,NaN,NaN,NaN,NaN,NaN,NaN,NaN,NaN,45.72,0,2865.2,0.0069644,NaN,NaN,NaN,NaN,21.705,97722,10.75,-2.9517,0.54237,-12.703,-6.4221,10.284,-5.3866,NaN,NaN,NaN,NaN,NaN
565.74,-14.229,-26.237,-145.47,-3.5086,1.2843,-11.944,-5.7222,13.069,-5.3045,0,0,0,NaN,NaN,NaN,NaN,NaN,NaN,NaN,NaN,NaN,45.72,0,2865.2,0.0069644,NaN,NaN,NaN,NaN,NaN,-1,-1,-2.9642,0.55007,-12.724,-6.2437,9.9413,-5.2231,NaN,NaN,NaN,NaN,NaN
565.74,-14.235,-26.221,-145.48,-1.7906,-1.0846,-10.479,-6.3587,7.7832,-5.111,0,0,0,NaN,NaN,NaN,NaN,NaN,NaN,NaN,NaN,NaN,45.72,0,2865.2,0.0069644,0.79497,2.5226,0.71262,0.0058269,NaN,-1,-1,-2.957,0.5549,-12.809,-6.2148,9.8524,-5.222,NaN,NaN,NaN,NaN,NaN
565.74,-14.242,-26.204,-145.5,-3.6721,2.3536,-15.994,-6.3673,8.075,-5.2745,0,0,0,NaN,NaN,NaN,NaN,NaN,NaN,NaN,NaN,NaN,45.72,0,2865.2,0.0069644,NaN,NaN,NaN,NaN,21.854,97714,10.75,-2.9619,0.54785,-12.775,-6.2315,9.8443,-5.2022,NaN,NaN,NaN,NaN,NaN
565.74,-14.244,-26.174,-145.52,-3.717,0.7603,-11.657,-5.0718,13.311,-4.9159,0.18795,-0.072393,-1.131,NaN,NaN,NaN,NaN,NaN,NaN,NaN,NaN,NaN,45.72,0,2865.2,0.0069644,NaN,NaN,NaN,NaN,21.96,97713,10.688,-2.9659,0.54638,-12.793,-6.1465,9.963,-5.1937,NaN,NaN,NaN,NaN,NaN
565.75,-14.263,-26.141,-145.56,-3.5486,1.5314,-11.837,-7.4254,7.5171,-5.0016,0,0,0,NaN,NaN,NaN,NaN,NaN,NaN,NaN,NaN,NaN,45.72,0,2865.2,0.0069644,NaN,NaN,NaN,NaN,NaN,-1,-1,-2.9655,0.55678,-12.781,-6.1236,10.001,-5.1813,NaN,NaN,NaN,NaN,NaN
565.75,-14.266,-26.112,-145.58,-2.9819,2.4335,-14.656,-5.3404,13.182,-5.2554,0,0,0,NaN,NaN,NaN,NaN,NaN,NaN,NaN,NaN,NaN,45.72,0,2865.2,0.0069644,NaN,NaN,NaN,NaN,NaN,-1,-1,-2.9615,0.56464,-12.826,-6.1055,10.206,-5.1635,NaN,NaN,NaN,NaN,NaN
565.75,-14.269,-26.095,-145.6,-2.7189,-1.7139,-11.462,-5.0058,8.0795,-5.3308,0.19251,-0.077245,-1.1306,NaN,NaN,NaN,NaN,NaN,NaN,NaN,NaN,NaN,45.72,0,2865.2,0.0069644,0.72763,NaN,NaN,NaN,NaN,-1,-1,-2.9701,0.56655,-12.841,-6.0962,9.9382,-5.1763,NaN,NaN,NaN,NaN,NaN
565.75,-14.278,-26.079,-145.62,-3.8296,-0.29457,-13.511,-7.1932,7.7492,-5.2315,0,0,0,NaN,NaN,NaN,NaN,NaN,NaN,NaN,NaN,NaN,45.72,0,2865.2,0.0069644,NaN,2.599,0.64568,0.099889,21.815,97724,10.75,-2.9733,0.55706,-12.862,-6.1172,9.9738,-5.1737,NaN,NaN,NaN,NaN,NaN
565.76,-14.283,-26.048,-145.64,-2.2789,2.557,-13.46,-6.3579,13.677,-5.092,0,0,0,NaN,NaN,NaN,NaN,NaN,NaN,NaN,NaN,NaN,45.72,0,2865.2,0.0069644,NaN,NaN,NaN,NaN,NaN,-1,-1,-2.9652,0.55984,-12.853,-6.0812,10.193,-5.1621,NaN,NaN,NaN,NaN,NaN
565.76,-14.287,-26.032,-145.66,-2.5502,-0.57146,-10.961,-5.247,7.7966,-5.107,0,0,0,NaN,NaN,NaN,NaN,NaN,NaN,NaN,NaN,NaN,45.72,0,2865.2,0.0069644,NaN,NaN,NaN,NaN,NaN,-1,-1,-2.9674,0.56026,-12.885,-6.0723,10.009,-5.1838,NaN,NaN,NaN,NaN,NaN
565.76,-14.292,-26.012,-145.68,-4.2896,0.78788,-15.224,-5.9536,9.1602,-5.4641,0.18808,-0.072513,-1.1332,NaN,NaN,NaN,NaN,NaN,NaN,NaN,NaN,NaN,45.72,0,2865.2,0.0069644,NaN,NaN,NaN,NaN,22.087,97693,10.625,-2.9768,0.55543,-12.892,-6.0445,9.9737,-5.1737,NaN,NaN,NaN,NaN,NaN
565.76,-14.297,-25.985,-145.7,-1.8593,0.94621,-11.36,-5.8269,12.473,-5.0169,0,0,0,NaN,NaN,NaN,NaN,NaN,NaN,NaN,NaN,NaN,45.72,0,2865.2,0.0069644,0.73639,2.6061,0.63716,0.094062,21.903,97703,10.625,-2.9666,0.56743,-12.868,-5.9846,10.063,-5.1628,NaN,NaN,NaN,NaN,NaN
565.77,-14.302,-25.967,-145.72,-3.0158,0.69548,-13.616,-5.7931,8.4965,-4.9648,0,0,0,NaN,NaN,NaN,NaN,NaN,NaN,NaN,NaN,NaN,45.72,0,2865.2,0.0069644,NaN,NaN,NaN,NaN,NaN,-1,-1,-2.9783,0.55428,-12.848,-5.9493,10.039,-5.1662,NaN,NaN,NaN,NaN,NaN
565.77,-14.309,-25.95,-145.74,-4.1088,-0.12512,-12.587,-6.2499,7.874,-5.1966,0,0,0,NaN,NaN,NaN,NaN,NaN,NaN,NaN,NaN,NaN,45.72,0,2865.2,0.0069644,NaN,NaN,NaN,NaN,NaN,-1,-1,-2.979,0.54436,-12.881,-5.9438,9.9376,-5.1558,NaN,NaN,NaN,NaN,NaN
565.77,-14.315,-25.924,-145.76,-2.1598,1.1424,-14.514,-6.7686,12.095,-5.1932,0.17871,-0.062569,-1.1296,NaN,NaN,NaN,NaN,NaN,NaN,NaN,NaN,NaN,45.72,0,2865.2,0.0069644,NaN,NaN,NaN,NaN,NaN,-1,-1,-2.9758,0.55211,-12.892,-5.889,9.8008,-5.1475,NaN,NaN,NaN,NaN,NaN
565.77,-14.322,-25.902,-145.78,-2.8722,-0.075514,-10.327,-6.3631,9.9721,-5.0424,0,0,0,NaN,NaN,NaN,NaN,NaN,NaN,NaN,NaN,NaN,45.72,0,2865.2,0.0069644,NaN,NaN,NaN,NaN,21.776,97718,10.688,-2.9781,0.56431,-12.908,-5.8165,10.081,-5.1631,NaN,NaN,NaN,NaN,NaN
565.78,-14.328,-25.881,-145.8,-3.6634,0.62379,-13.653,-6.2082,9.8156,-5.1334,0,0,0,NaN,NaN,NaN,NaN,NaN,NaN,NaN,NaN,NaN,45.72,0,2865.2,0.0069644,NaN,NaN,NaN,NaN,NaN,-1,-1,-2.978,0.56181,-12.953,-5.8085,10.015,-5.1589,NaN,NaN,NaN,NaN,NaN
565.78,-14.339,-25.844,-145.83,-3.2547,1.3609,-12.645,-5.8027,8.5793,-5.1843,0.17399,-0.07232,-1.1345,NaN,NaN,NaN,NaN,NaN,NaN,NaN,NaN,NaN,45.72,0,2865.2,0.0069644,NaN,NaN,NaN,NaN,NaN,-1,-1,-2.9863,0.55942,-12.942,-5.7937,9.6902,-5.1591,NaN,NaN,NaN,NaN,NaN
565.78,-14.343,-25.817,-145.86,-3.6448,-0.23605,-14.567,-5.561,12.561,-5.0187,0,0,0,NaN,NaN,NaN,NaN,NaN,NaN,NaN,NaN,NaN,45.72,0,2865.2,0.0069644,NaN,NaN,NaN,NaN,21.793,97704,10.625,-2.9745,0.57546,-12.932,-5.806,9.9628,-5.1483,NaN,NaN,NaN,NaN,NaN
565.78,-14.349,-25.793,-145.88,-1.8523,-0.11485,-11.028,-6.4141,11.004,-5.2089,0,0,0,NaN,NaN,NaN,NaN,NaN,NaN,NaN,NaN,NaN,45.72,0,2865.2,0.0069644,NaN,NaN,NaN,NaN,21.884,97729,10.688,-2.9727,0.56633,-12.998,-5.8007,9.7256,-5.1578,NaN,NaN,NaN,NaN,NaN
565.79,-14.353,-25.78,-145.89,-3.0764,1.0875,-12.739,-5.2063,6.5138,-5.4531,0,0,0,NaN,NaN,NaN,NaN,NaN,NaN,NaN,NaN,NaN,45.72,0,2865.2,0.0069644,0.72598,2.4862,0.71323,0.04828,NaN,-1,-1,-2.999,0.54145,-13.019,-5.7952,9.9489,-5.1502,NaN,NaN,NaN,NaN,NaN
565.79,-14.354,-25.755,-145.91,-3.5978,1.8165,-15.652,-4.2535,11.263,-4.9983,0.18803,-0.065092,-1.1288,NaN,NaN,NaN,NaN,NaN,NaN,NaN,NaN,NaN,45.72,0,2865.2,0.0069644,0.72598,2.4862,0.71323,0.04828,NaN,-1,-1,-2.974,0.56626,-12.968,-5.8003,10.242,-5.1478,NaN,NaN,NaN,NaN,NaN
565.79,-14.357,-25.728,-145.94,-2.4491,-1.9696,-11.947,-5.5897,12,-5.2406,0,0,0,NaN,NaN,NaN,NaN,NaN,NaN,NaN,NaN,NaN,45.72,0,2865.2,0.0069644,NaN,NaN,NaN,NaN,NaN,-1,-1,-2.9822,0.58299,-13.015,-5.7944,9.8802,-5.1622,NaN,NaN,NaN,NaN,NaN
565.79,-14.364,-25.712,-145.95,-3.3175,1.2336,-12.021,-6.0707,7.6051,-4.8657,0,0,0,NaN,NaN,NaN,NaN,NaN,NaN,NaN,NaN,NaN,45.72,0,2865.2,0.0069644,NaN,NaN,NaN,NaN,21.827,97722,10.625,-3.0029,0.57662,-13.055,-5.7978,9.9631,-5.1608,NaN,NaN,NaN,NaN,NaN
565.8,-14.371,-25.667,-145.99,-2.7514,-0.86473,-12.484,-4.7607,10.902,-5.355,0.1836,-0.06036,-1.1314,NaN,NaN,NaN,NaN,NaN,NaN,NaN,NaN,NaN,45.72,0,2865.2,0.0069644,NaN,NaN,NaN,NaN,NaN,-1,-1,-2.9881,0.56979,-13.026,-5.7782,10.113,-5.1605,NaN,NaN,NaN,NaN,NaN
565.8,-14.378,-25.647,-146.01,-3.3121,-0.006447,-12.539,-6.8638,9.5392,-5.3027,0,0,0,NaN,NaN,NaN,NaN,NaN,NaN,NaN,NaN,NaN,45.72,0,2865.2,0.0069644,NaN,NaN,NaN,NaN,NaN,-1,-1,-2.9877,0.57655,-13.003,-5.7551,10.042,-5.1584,NaN,NaN,NaN,NaN,NaN
565.8,-14.384,-25.627,-146.03,-2.3264,1.6366,-13.064,-6.0727,9.3229,-5.2945,0,0,0,NaN,NaN,NaN,NaN,NaN,NaN,NaN,NaN,NaN,45.72,0,2865.2,0.0069644,0.74077,2.6121,0.63716,0.095727,21.884,97707,10.625,-2.9769,0.56567,-13.023,-5.7141,10.167,-5.1515,NaN,NaN,NaN,NaN,NaN
565.8,-14.388,-25.607,-146.05,-3.7952,0.27261,-15.065,-5.4263,9.4379,-5.4338,0,0,0,NaN,NaN,NaN,NaN,NaN,NaN,NaN,NaN,NaN,45.72,0,2865.2,0.0069644,NaN,NaN,NaN,NaN,NaN,-1,-1,-2.9972,0.56474,-13.002,-5.7607,10.2,-5.1423,NaN,NaN,NaN,NaN,NaN
565.81,-14.392,-25.579,-146.07,-3.2044,1.0012,-11.933,-5.7346,12.626,-4.8291,0.17422,-0.055324,-1.13,NaN,NaN,NaN,NaN,NaN,NaN,NaN,NaN,NaN,45.72,0,2865.2,0.0069644,NaN,NaN,NaN,NaN,22.048,97711,10.625,-2.9813,0.57723,-12.991,-5.7402,10.204,-5.1443,NaN,NaN,NaN,NaN,NaN
565.81,-14.397,-25.56,-146.09,-2.3134,-0.57994,-13.459,-5.6286,8.7528,-5.2251,0,0,0,NaN,NaN,NaN,NaN,NaN,NaN,NaN,NaN,NaN,45.72,0,2865.2,0.0069644,NaN,NaN,NaN,NaN,NaN,-1,-1,-2.9843,0.57718,-13.048,-5.6872,10.009,-5.1572,NaN,NaN,NaN,NaN,NaN
565.81,-14.402,-25.543,-146.11,-3.1124,0.83175,-12.888,-5.8438,8.4589,-5.4146,0,0,0,NaN,NaN,NaN,NaN,NaN,NaN,NaN,NaN,NaN,45.72,0,2865.2,0.0069644,NaN,NaN,NaN,NaN,NaN,-1,-1,-2.9946,0.54176,-13.017,-5.6998,10.003,-5.1649,NaN,NaN,NaN,NaN,NaN
565.81,-14.405,-25.512,-146.13,-3.4282,1.2489,-14.418,-4.9598,13.562,-4.4539,0,0,0,NaN,NaN,NaN,NaN,NaN,NaN,NaN,NaN,NaN,45.72,0,3003.8,0.0069644,NaN,2.4761,0.7114,0.055772,21.995,97741,10.75,-2.9825,0.56499,-12.995,-5.6965,9.9319,-5.1595,NaN,NaN,NaN,NaN,NaN
565.82,-14.41,-25.493,-146.15,-1.8264,-0.33699,-12.543,-5.467,8.8207,-5.2369,0.16937,-0.064954,-1.1327,NaN,NaN,NaN,NaN,NaN,NaN,NaN,NaN,NaN,45.72,0,3003.8,0.0069644,NaN,2.4761,0.7114,0.055772,NaN,-1,-1,-2.9881,0.5664,-12.988,-5.6206,10.004,-5.147,NaN,NaN,NaN,NaN,NaN
565.82,-14.416,-25.479,-146.17,-4.9243,0.77226,-13.337,-6.2117,7.0739,-5.23,0,0,0,NaN,NaN,NaN,NaN,NaN,NaN,NaN,NaN,NaN,45.72,0,3003.8,0.0069644,NaN,NaN,NaN,NaN,NaN,-1,-1,-2.9856,0.57086,-13.028,-5.5629,10.091,-5.1586,NaN,NaN,NaN,NaN,NaN
565.82,-14.421,-25.452,-146.19,-1.7852,2.5529,-14.972,-5.7444,12.018,-4.9547,0,0,0,NaN,NaN,NaN,NaN,NaN,NaN,NaN,NaN,NaN,45.72,0,3003.8,0.0069644,NaN,NaN,NaN,NaN,21.789,97708,10.563,-2.9929,0.55655,-13.024,-5.5363,10.151,-5.1487,NaN,NaN,NaN,NaN,NaN
565.82,-14.422,-25.427,-146.21,-2.7207,-0.19741,-12.508,-4.4124,11.679,-5.2949,0,0,0,NaN,NaN,NaN,NaN,NaN,NaN,NaN,NaN,NaN,45.72,0,3003.8,0.0069644,NaN,NaN,NaN,NaN,NaN,-1,-1,-2.9921,0.56687,-12.949,-5.5001,10.116,-5.1221,NaN,NaN,NaN,NaN,NaN
565.83,-14.427,-25.404,-146.23,-4.3212,-1.6551,-12.147,-5.9907,10.314,-5.3423,0.17884,-0.062689,-1.1318,NaN,NaN,NaN,NaN,NaN,NaN,NaN,NaN,NaN,45.72,0,3003.8,0.0069644,NaN,NaN,NaN,NaN,22.104,97720,10.688,-2.977,0.56252,-12.989,-5.4801,10.04,-5.1371,NaN,NaN,NaN,NaN,NaN
565.83,-14.437,-25.392,-146.24,-1.4541,2.5563,-12.554,-7.1719,6.11,-4.7307,0,0,0,NaN,NaN,NaN,NaN,NaN,NaN,NaN,NaN,NaN,45.72,0,3003.8,0.0069644,NaN,NaN,NaN,NaN,NaN,-1,-1,-3.0071,0.55057,-12.993,-5.4775,10.205,-5.1322,NaN,NaN,NaN,NaN,NaN
565.83,-14.44,-25.37,-146.26,-3.5608,0.6246,-16.943,-4.9727,10.41,-5.2779,0,0,0,NaN,NaN,NaN,NaN,NaN,NaN,NaN,NaN,NaN,45.72,0,3003.8,0.0069644,NaN,NaN,NaN,NaN,NaN,-1,-1,-2.9838,0.55975,-12.951,-5.46,10.143,-5.1269,NaN,NaN,NaN,NaN,NaN
565.83,-14.444,-25.331,-146.29,-3.9982,-0.51525,-11.439,-6.156,17.178,-5.3204,0,0,0,NaN,NaN,NaN,NaN,NaN,NaN,NaN,NaN,NaN,45.72,0,3003.8,0.0069644,NaN,NaN,NaN,NaN,21.977,97741,10.75,-2.9721,0.55353,-12.969,-5.4334,10.086,-5.1333,NaN,NaN,NaN,NaN,NaN
565.84,-14.448,-25.324,-146.31,-1.6886,1.2678,-12.617,-5.0401,3.9912,-5.3022,0.15783,-0.057612,-1.1337,NaN,NaN,NaN,NaN,NaN,NaN,NaN,NaN,NaN,45.72,0,3003.8,0.0069644,NaN,NaN,NaN,NaN,NaN,-1,-1,-2.9724,0.54079,-12.932,-5.4024,10.203,-5.1249,NaN,NaN,NaN,NaN,NaN
565.84,-14.455,-25.269,-146.35,-4.1413,0.14158,-12.526,-5.648,17.143,-4.9716,0,0,0,NaN,NaN,NaN,NaN,NaN,NaN,NaN,NaN,NaN,45.72,0,3003.8,0.0069644,NaN,NaN,NaN,NaN,NaN,-1,-1,-2.9748,0.54585,-12.939,-5.3336,10.265,-5.1246,NaN,NaN,NaN,NaN,NaN
565.84,-14.461,-25.251,-146.37,-1.0744,1.0925,-10.698,-5.8109,8.32,-5.0389,0,0,0,NaN,NaN,NaN,NaN,NaN,NaN,NaN,NaN,NaN,45.72,0,3003.8,0.0069644,NaN,NaN,NaN,NaN,22.066,97755,10.75,-2.9862,0.54319,-13.028,-5.318,10.217,-5.1278,NaN,NaN,NaN,NaN,NaN
565.84,-14.465,-25.25,-146.38,-4.9244,1.2398,-16.645,-4.6819,1.7129,-5.1939,0.16509,-0.050528,-1.1331,NaN,NaN,NaN,NaN,NaN,NaN,NaN,NaN,NaN,45.72,0,3003.8,0.0069644,NaN,NaN,NaN,NaN,21.924,97752,10.813,-2.9847,0.55178,-12.999,-5.4032,10.411,-5.289,NaN,NaN,NaN,NaN,NaN
565.85,-14.467,-25.208,-146.4,-2.6834,0.059159,-16.084,-5.2202,18.155,-4.9427,0,0,0,NaN,NaN,NaN,NaN,NaN,NaN,NaN,NaN,NaN,45.72,0,3003.8,0.0069644,NaN,NaN,NaN,NaN,NaN,-1,-1,-2.9791,0.53951,-12.967,-5.2661,10.429,-5.2414,NaN,NaN,NaN,NaN,NaN
565.85,-14.468,-25.182,-146.43,-1.8551,0.60439,-8.1677,-4.2818,11.944,-5.2775,0,0,0,NaN,NaN,NaN,NaN,NaN,NaN,NaN,NaN,NaN,45.72,0,3003.8,0.0069644,NaN,NaN,NaN,NaN,NaN,-1,-1,-2.9859,0.54111,-12.966,-5.1734,10.509,-5.2145,NaN,NaN,NaN,NaN,NaN
565.85,-14.474,-25.174,-146.44,-3.7191,-1.0056,-12.833,-5.4795,4.3017,-5.0713,0,0,0,NaN,NaN,NaN,NaN,NaN,NaN,NaN,NaN,NaN,45.72,0,3003.8,0.0069644,0.74077,2.6169,0.66028,0.074917,NaN,-1,-1,-2.9895,0.52327,-12.956,-5.1021,10.346,-5.1582,NaN,NaN,NaN,NaN,NaN
565.85,-14.478,-25.153,-146.46,-3.0093,1.6077,-17.859,-5.7063,10.109,-5.3075,0.1626,-0.055283,-1.1333,NaN,NaN,NaN,NaN,NaN,NaN,NaN,NaN,NaN,45.72,0,3003.8,0.0069644,NaN,NaN,NaN,NaN,21.939,97726,10.688,-2.9887,0.53335,-12.962,-5.1376,10.589,-5.2869,NaN,NaN,NaN,NaN,NaN
565.86,-14.483,-25.102,-146.5,-2.703,0.92261,-11.84,-4.8496,9.5566,-5.0941,0,0,0,NaN,NaN,NaN,NaN,NaN,NaN,NaN,NaN,NaN,45.72,0,3003.8,0.0069644,NaN,NaN,NaN,NaN,NaN,-1,-1,-2.9764,0.52484,-12.923,-5.0576,10.356,-5.2196,NaN,NaN,NaN,NaN,NaN
565.86,-14.486,-25.09,-146.52,-2.6059,0.39243,-14.515,-4.4779,6.1485,-5.1991,0,0,0,NaN,NaN,NaN,NaN,NaN,NaN,NaN,NaN,NaN,45.72,0,3003.8,0.0069644,NaN,NaN,NaN,NaN,NaN,-1,-1,-2.9712,0.51822,-12.887,-4.9648,10.206,-5.167,NaN,NaN,NaN,NaN,NaN
565.86,-14.487,-25.062,-146.54,-3.7123,1.0444,-16.101,-4.2791,12.684,-5.1152,0.15764,-0.054978,-1.1293,NaN,NaN,NaN,NaN,NaN,NaN,NaN,NaN,NaN,45.72,0,3003.8,0.0069644,NaN,NaN,NaN,NaN,21.979,97751,10.813,-2.9901,0.53058,-12.922,-4.8671,9.9435,-5.1251,NaN,NaN,NaN,NaN,NaN
565.86,-14.488,-25.03,-146.56,-2.8875,-0.59738,-8.6846,-4.5528,14.43,-4.8575,0,0,0,NaN,NaN,NaN,NaN,NaN,NaN,NaN,NaN,NaN,45.72,0,3003.8,0.0069644,NaN,NaN,NaN,NaN,NaN,-1,-1,-2.9901,0.53253,-12.912,-4.7538,9.9821,-5.0666,NaN,NaN,NaN,NaN,NaN
565.87,-14.497,-25.005,-146.6,-4.9397,1.5574,-16.544,-4.6665,8.3183,-4.8837,0,0,0,NaN,NaN,NaN,NaN,NaN,NaN,NaN,NaN,NaN,45.72,0,3003.8,0.0069644,0.73858,2.6085,0.63594,0.091565,22.032,97739,10.75,-2.9869,0.50722,-12.864,-4.6784,9.7621,-5.0138,NaN,NaN,NaN,NaN,NaN
565.87,-14.497,-24.967,-146.62,-2.5478,1.0954,-13.134,-4.3489,16.84,-5.1099,0.15359,-0.055514,-1.1408,-9.8746,-19.279,-11.662,24.601,40.057,-88.551,3.6775e+05,4.4352e+06,254.81,45.72,0,3003.8,0.0069644,NaN,NaN,NaN,NaN,NaN,-1,-1,-2.9908,0.50805,-12.851,-4.6075,9.562,-4.9672,24.443,-2.6577,0.84564,1.9815,-6.2018
565.87,-14.501,-24.952,-146.64,-2.2324,-0.8011,-9.9439,-5.3242,7.2336,-5.3491,0,0,0,NaN,NaN,NaN,NaN,NaN,NaN,NaN,NaN,NaN,45.72,0,3003.8,0.0069644,NaN,NaN,NaN,NaN,NaN,-1,-1,-2.956,0.51182,-12.736,-4.5287,9.7676,-4.9118,NaN,NaN,NaN,NaN,NaN
565.87,-14.507,-24.938,-146.66,-4.0341,1.1227,-13.571,-5.4827,7.146,-5.0293,0,0,0,NaN,NaN,NaN,NaN,NaN,NaN,NaN,NaN,NaN,45.72,0,3003.8,0.0069644,NaN,NaN,NaN,NaN,21.849,97721,10.688,-2.9741,0.49552,-12.74,-4.4714,9.5548,-4.8593,NaN,NaN,NaN,NaN,NaN
565.88,-14.508,-24.913,-146.68,-2.5541,1.1468,-15.98,-4.3896,11.23,-5.2509,0,0,0,NaN,NaN,NaN,NaN,NaN,NaN,NaN,NaN,NaN,45.72,0,3003.8,0.0069644,NaN,NaN,NaN,NaN,NaN,-1,-1,-2.9887,0.48201,-12.73,-4.4392,9.432,-4.8349,NaN,NaN,NaN,NaN,NaN
565.88,-14.509,-24.891,-146.7,-3.4046,-0.43572,-12.386,-4.4919,10.298,-5.7417,0.1648,-0.06501,-1.1353,NaN,NaN,NaN,NaN,NaN,NaN,NaN,NaN,NaN,45.72,0,3003.8,0.0069644,NaN,2.4767,0.72479,0.054107,NaN,-1,-1,-2.9609,0.49056,-12.601,-4.4051,9.4807,-4.8058,NaN,NaN,NaN,NaN,NaN
565.88,-14.511,-24.868,-146.72,-2.8174,1.6973,-11.946,-4.3737,10.581,-4.7359,0,0,0,NaN,NaN,NaN,NaN,NaN,NaN,NaN,NaN,NaN,45.72,0,3003.8,0.0069644,NaN,NaN,NaN,NaN,21.868,97739,10.75,-2.9652,0.48129,-12.622,-4.3434,9.3752,-4.785,NaN,NaN,NaN,NaN,NaN
565.88,-14.513,-24.853,-146.74,-2.596,-0.065783,-13.905,-4.3948,7.2786,-5.308,0,0,0,NaN,NaN,NaN,NaN,NaN,NaN,NaN,NaN,NaN,45.72,0,3003.8,0.0069644,NaN,NaN,NaN,NaN,NaN,-1,-1,-2.9825,0.4666,-12.63,-4.3348,9.2983,-4.7631,NaN,NaN,NaN,NaN,NaN
565.89,-14.515,-24.827,-146.76,-4.0057,0.16848,-14.374,-4.5096,12.025,-5.1875,0,0,0,NaN,NaN,NaN,NaN,NaN,NaN,NaN,NaN,NaN,45.72,0,3003.8,0.0069644,NaN,NaN,NaN,NaN,21.959,97762,10.813,-2.9804,0.4811,-12.622,-4.3596,9.2871,-4.7246,NaN,NaN,NaN,NaN,NaN
565.89,-14.517,-24.8,-146.78,-2.2608,1.1411,-10.87,-4.6902,12.146,-4.8878,0.16743,-0.055467,-1.1351,NaN,NaN,NaN,NaN,NaN,NaN,NaN,NaN,NaN,45.72,0,3003.8,0.0069644,NaN,NaN,NaN,NaN,NaN,-1,-1,-2.9863,0.47471,-12.62,-4.3404,9.2422,-4.7076,NaN,NaN,NaN,NaN,NaN
565.89,-14.52,-24.79,-146.79,-2.5147,-0.10361,-13.385,-4.4196,5.1572,-5.3832,0,0,0,NaN,NaN,NaN,NaN,NaN,NaN,NaN,NaN,NaN,45.72,0,3003.8,0.0069644,0.74569,2.6121,0.65359,0.081576,NaN,-1,-1,-2.9855,0.45835,-12.596,-4.3724,9.4289,-4.6837,NaN,NaN,NaN,NaN,NaN
565.89,-14.524,-24.768,-146.81,-4.4689,1.3997,-15.325,-5.3254,10.369,-4.973,0,0,0,NaN,NaN,NaN,NaN,NaN,NaN,NaN,NaN,NaN,45.72,0,3003.8,0.0069644,NaN,NaN,NaN,NaN,22.009,97747,10.688,-2.9767,0.47039,-12.566,-4.332,9.2941,-4.6916,NaN,NaN,NaN,NaN,NaN
565.9,-14.526,-24.739,-146.83,-2.1038,1.6751,-13.28,-4.7118,12.841,-5.0141,0,0,0,NaN,NaN,NaN,NaN,NaN,NaN,NaN,NaN,NaN,45.72,0,3003.8,0.0069644,NaN,NaN,NaN,NaN,NaN,-1,-1,-2.9708,0.44905,-12.593,-4.39,9.3235,-4.6684,NaN,NaN,NaN,NaN,NaN
565.9,0,0,0,0,0,0,0,0,0,0,0,0,NaN,NaN,NaN,NaN,NaN,NaN,NaN,NaN,NaN,45.72,0,3003.8,0.0069644,NaN,NaN,NaN,NaN,NaN,-1,-1,-2.9848,0.46715,-12.612,-4.4286,9.3377,-4.664,NaN,NaN,NaN,NaN,NaN
565.9,-14.53,-24.721,-146.85,-3.4236,-1.2025,-11.269,-5.0428,8.5276,-5.2976,0.15575,-0.052913,-1.1361,NaN,NaN,NaN,NaN,NaN,NaN,NaN,NaN,NaN,45.72,0,3003.8,0.0069644,NaN,NaN,NaN,NaN,21.992,97761,10.75,-2.973,0.45961,-12.555,-4.4725,8.9884,-4.6762,NaN,NaN,NaN,NaN,NaN
565.9,-14.538,-24.684,-146.89,-2.2481,1.6217,-15.272,-4.9983,7.3866,-4.9632,0,0,0,NaN,NaN,NaN,NaN,NaN,NaN,NaN,NaN,NaN,45.72,0,3003.8,0.0069644,0.72872,2.6091,0.63351,0.10488,NaN,-1,-1,-2.9728,0.45003,-12.554,-4.4973,9.2139,-4.6822,NaN,NaN,NaN,NaN,NaN
565.91,-14.541,-24.663,-146.91,-3.8695,0.51499,-13.483,-4.9838,10.013,-5.5231,0,0,0,NaN,NaN,NaN,NaN,NaN,NaN,NaN,NaN,NaN,45.72,0,3003.8,0.0069644,NaN,NaN,NaN,NaN,21.973,97746,10.688,-2.9879,0.45303,-12.536,-4.4947,9.34,-4.6964,NaN,NaN,NaN,NaN,NaN
565.91,0,0,0,0,0,0,0,0,0,0,0,0,NaN,NaN,NaN,NaN,NaN,NaN,NaN,NaN,NaN,45.72,0,3003.8,0.0069644,NaN,NaN,NaN,NaN,NaN,-1,-1,-2.9776,0.4614,-12.54,-4.5584,9.1588,-4.7023,NaN,NaN,NaN,NaN,NaN
565.91,-14.544,-24.636,-146.93,-2.6725,0.1923,-12.589,-5.2195,12.207,-5.3979,0.15335,-0.045459,-1.1319,NaN,NaN,NaN,NaN,NaN,NaN,NaN,NaN,NaN,45.72,0,3003.8,0.0069644,NaN,NaN,NaN,NaN,NaN,-1,-1,-2.9815,0.44614,-12.508,-4.6324,8.8968,-4.722,NaN,NaN,NaN,NaN,NaN
565.91,-14.553,-24.599,-146.97,-4.0367,0.62872,-14.132,-5.2256,9.7775,-5.1075,0,0,0,NaN,NaN,NaN,NaN,NaN,NaN,NaN,NaN,NaN,45.72,0,3003.8,0.0069644,NaN,NaN,NaN,NaN,22.064,97744,10.688,-2.9727,0.43132,-12.494,-4.6635,9.0311,-4.7405,NaN,NaN,NaN,NaN,NaN
565.92,-14.555,-24.569,-146.99,-2.7132,1.0742,-12.15,-4.9557,13.624,-5.0666,0,0,0,NaN,NaN,NaN,NaN,NaN,NaN,NaN,NaN,NaN,45.72,0,3003.8,0.0069644,0.73639,2.6157,0.66028,0.066593,NaN,-1,-1,-2.9645,0.44594,-12.436,-4.673,9.0046,-4.7669,NaN,NaN,NaN,NaN,NaN
565.92,-14.567,-24.541,-147.03,-4.3192,1.0796,-15.12,-6.0153,8.4028,-5.0361,0,0,0,NaN,NaN,NaN,NaN,NaN,NaN,NaN,NaN,NaN,45.72,0,3003.8,0.0069644,NaN,NaN,NaN,NaN,NaN,-1,-1,-2.9726,0.43724,-12.416,-4.6812,8.8068,-4.7929,NaN,NaN,NaN,NaN,NaN
565.92,-14.569,-24.513,-147.05,-2.3221,0.7592,-15.499,-5.1013,12.673,-5.3488,0,0,0,NaN,NaN,NaN,NaN,NaN,NaN,NaN,NaN,NaN,45.72,0,3003.8,0.0069644,NaN,NaN,NaN,NaN,22.084,97754,10.75,-2.9591,0.43214,-12.402,-4.7271,9.0093,-4.8114,NaN,NaN,NaN,NaN,NaN
565.92,-14.573,-24.486,-147.07,-4.3341,-1.3292,-9.0491,-5.4585,12.129,-5.5639,0,0,0,NaN,NaN,NaN,NaN,NaN,NaN,NaN,NaN,NaN,45.73,0,3155.2,0.0069644,NaN,NaN,NaN,NaN,NaN,-1,-1,-2.9903,0.4314,-12.479,-4.7563,9.1291,-4.8236,NaN,NaN,NaN,NaN,NaN
565.93,-14.589,-24.48,-147.09,-1.5508,1.1823,-10.85,-5.0114,5.1164,-4.942,0.15561,-0.0577,-1.1362,NaN,NaN,NaN,NaN,NaN,NaN,NaN,NaN,NaN,45.73,0,3155.2,0.0069644,NaN,NaN,NaN,NaN,22.282,97758,10.75,-2.9887,0.43902,-12.471,-4.7731,9.1687,-4.8763,NaN,NaN,NaN,NaN,NaN
565.93,-14.596,-24.432,-147.14,-4.4413,-0.18041,-11.772,-4.9767,13.098,-5.7071,0,0,0,NaN,NaN,NaN,NaN,NaN,NaN,NaN,NaN,NaN,45.73,0,3155.2,0.0069644,0.7331,2.6061,0.6329,0.097392,NaN,-1,-1,-2.9914,0.42132,-12.435,-4.788,9.1238,-4.9223,NaN,NaN,NaN,NaN,NaN
565.93,-14.6,-24.414,-147.15,-1.3293,0.81765,-12.803,-5.2442,8.5079,-5.0187,0,0,0,NaN,NaN,NaN,NaN,NaN,NaN,NaN,NaN,NaN,45.73,0,3155.2,0.0069644,NaN,NaN,NaN,NaN,NaN,-1,-1,-3.0177,0.44129,-12.568,-4.8444,9.3335,-4.9484,NaN,NaN,NaN,NaN,NaN
565.93,-14.605,-24.398,-147.17,-3.0557,-0.43724,-11.541,-5.1655,7.9426,-4.9305,0.14335,-0.057059,-1.1284,NaN,NaN,NaN,NaN,NaN,NaN,NaN,NaN,NaN,45.73,0,3155.2,0.0069644,NaN,NaN,NaN,NaN,22.117,97750,10.688,-3.0279,0.44287,-12.551,-4.8458,9.3368,-4.9943,NaN,NaN,NaN,NaN,NaN
565.94,-14.607,-24.369,-147.19,-4.3444,1.8243,-15.521,-4.7424,12.856,-5.076,0,0,0,NaN,NaN,NaN,NaN,NaN,NaN,NaN,NaN,NaN,45.73,0,3155.2,0.0069644,NaN,NaN,NaN,NaN,NaN,-1,-1,-3.0148,0.42441,-12.508,-4.8766,9.2833,-5.0442,NaN,NaN,NaN,NaN,NaN
565.94,-14.609,-24.344,-147.21,-2.1513,-0.6843,-10.582,-4.8016,11.471,-5.3001,0,0,0,NaN,NaN,NaN,NaN,NaN,NaN,NaN,NaN,NaN,45.73,0,3155.2,0.0069644,0.72763,NaN,0.7114,NaN,21.996,97782,10.875,-3.0328,0.43325,-12.503,-4.8646,9.3298,-5.0802,NaN,NaN,NaN,NaN,NaN
565.94,-14.615,-24.336,-147.23,-2.5433,0.53296,-11.038,-5.4484,4.599,-5.292,0,0,0,NaN,NaN,NaN,NaN,NaN,NaN,NaN,NaN,NaN,45.73,0,3155.2,0.0069644,NaN,2.4755,NaN,0.050777,NaN,-1,-1,-3.0134,0.42259,-12.458,-4.8652,9.4716,-5.1226,NaN,NaN,NaN,NaN,NaN
565.94,-14.619,-24.317,-147.25,-4.0617,1.8606,-18.841,-4.9481,8.9409,-5.2851,0.14844,-0.052576,-1.1324,NaN,NaN,NaN,NaN,NaN,NaN,NaN,NaN,NaN,45.73,0,3155.2,0.0069644,NaN,NaN,NaN,NaN,NaN,-1,-1,-3.0184,0.41908,-12.517,-4.8755,9.6678,-5.1662,NaN,NaN,NaN,NaN,NaN
565.95,-14.622,-24.262,-147.29,-2.928,-1.4981,-10.95,-4.7981,9.6318,-5.7401,0,0,0,NaN,NaN,NaN,NaN,NaN,NaN,NaN,NaN,NaN,45.73,0,3155.2,0.0069644,NaN,NaN,NaN,NaN,21.915,97744,10.625,-3.0262,0.44788,-12.499,-4.8686,9.6451,-5.1936,NaN,NaN,NaN,NaN,NaN
565.95,-14.63,-24.25,-147.31,-2.6733,1.1866,-10.948,-6.2042,5.9067,-4.9352,0,0,0,NaN,NaN,NaN,NaN,NaN,NaN,NaN,NaN,NaN,45.73,0,3155.2,0.0069644,NaN,NaN,NaN,NaN,NaN,-1,-1,-3.0157,0.4377,-12.449,-4.8916,9.6061,-5.2519,NaN,NaN,NaN,NaN,NaN
565.95,-14.632,-24.2,-147.35,-3.0663,-0.96714,-12.074,-4.0878,14.54,-5.6566,0,0,0,NaN,NaN,NaN,NaN,NaN,NaN,NaN,NaN,NaN,45.73,0,3155.2,0.0069644,NaN,NaN,NaN,NaN,NaN,-1,-1,-3.0307,0.42693,-12.463,-4.9122,9.7792,-5.3147,NaN,NaN,NaN,NaN,NaN
565.95,-14.636,-24.186,-147.37,-2.3964,-0.19427,-11.813,-5.0089,7.2053,-5.2846,0,0,0,NaN,NaN,NaN,NaN,NaN,NaN,NaN,NaN,NaN,45.73,0,3155.2,0.0069644,0.74241,2.6193,0.65846,0.074085,22.078,97746,10.625,-3.0266,0.44917,-12.461,-4.8991,9.9514,-5.3724,NaN,NaN,NaN,NaN,NaN
565.96,-14.639,-24.141,-147.41,-2.7372,1.0455,-11.888,-3.7677,10.313,-5.0223,0.1463,-0.045363,-1.1326,NaN,NaN,NaN,NaN,NaN,NaN,NaN,NaN,NaN,45.73,0,3155.2,0.0069644,NaN,NaN,NaN,NaN,NaN,-1,-1,-3.0204,0.43642,-12.448,-4.6912,9.6362,-5.2376,NaN,NaN,NaN,NaN,NaN
565.96,-14.642,-24.12,-147.43,-3.4697,-0.33663,-12.785,-4.8516,9.7536,-4.9895,0,0,0,NaN,NaN,NaN,NaN,NaN,NaN,NaN,NaN,NaN,45.73,0,3155.2,0.0069644,NaN,NaN,NaN,NaN,NaN,-1,-1,-3.0224,0.44318,-12.433,-4.6737,9.8158,-5.2462,NaN,NaN,NaN,NaN,NaN
565.96,-14.646,-24.105,-147.45,-2.1948,0.50429,-11.194,-4.771,7.5723,-5.1331,0,0,0,NaN,NaN,NaN,NaN,NaN,NaN,NaN,NaN,NaN,45.73,0,3155.2,0.0069644,NaN,NaN,NaN,NaN,21.92,97779,10.813,-3.0097,0.42968,-12.42,-4.6565,9.5928,-5.2553,NaN,NaN,NaN,NaN,NaN
565.96,-14.647,-24.087,-147.47,-3.7025,2.0318,-18.635,-3.9582,8.5458,-5.2788,0,0,0,NaN,NaN,NaN,NaN,NaN,NaN,NaN,NaN,NaN,45.73,0,3155.2,0.0069644,NaN,NaN,NaN,NaN,NaN,-1,-1,-3.0125,0.42373,-12.411,-4.6029,9.7097,-5.2929,NaN,NaN,NaN,NaN,NaN
565.97,-14.646,-24.048,-147.49,-3.6263,-1.5842,-8.5014,-3.9208,17.006,-5.2146,0.13698,-0.04284,-1.1334,NaN,NaN,NaN,NaN,NaN,NaN,NaN,NaN,NaN,45.73,0,3155.2,0.0069644,NaN,NaN,NaN,NaN,21.989,97712,10.563,-3.0106,0.43402,-12.361,-4.3661,9.2862,-5.1038,NaN,NaN,NaN,NaN,NaN
565.97,-14.649,-24.039,-147.51,-1.9487,0.71463,-10.235,-4.3893,4.9838,-5.1393,0,0,0,NaN,NaN,NaN,NaN,NaN,NaN,NaN,NaN,NaN,45.73,0,3155.2,0.0069644,NaN,NaN,NaN,NaN,NaN,-1,-1,-3.0018,0.45193,-12.369,-4.3024,9.3136,-5.0903,NaN,NaN,NaN,NaN,NaN
565.97,-14.653,-24.029,-147.52,-4.0985,0.79195,-15.682,-4.6546,5.0154,-5.0819,0,0,0,NaN,NaN,NaN,NaN,NaN,NaN,NaN,NaN,NaN,45.73,0,3155.2,0.0069644,NaN,NaN,NaN,NaN,NaN,-1,-1,-3.003,0.45256,-12.347,-4.2078,9.385,-5.0971,NaN,NaN,NaN,NaN,NaN
565.97,-14.654,-23.991,-147.55,-3.4137,1.7883,-12.622,-4.4248,16.989,-5.084,0,0,0,NaN,NaN,NaN,NaN,NaN,NaN,NaN,NaN,NaN,45.73,0,3155.2,0.0069644,NaN,NaN,NaN,NaN,21.916,97737,10.625,-3.0114,0.44614,-12.362,-4.074,9.4332,-5.0786,NaN,NaN,NaN,NaN,NaN
565.98,-14.654,-23.973,-147.56,-1.9591,-0.2028,-13.194,-3.3666,8.3577,-5.0806,0.13449,-0.047595,-1.1336,NaN,NaN,NaN,NaN,NaN,NaN,NaN,NaN,NaN,45.73,0,3155.2,0.0069644,0.7873,2.519,0.71992,0.0024972,NaN,-1,-1,-2.9992,0.43918,-12.324,-4.0032,9.5392,-5.0625,NaN,NaN,NaN,NaN,NaN
565.98,-14.655,-23.965,-147.58,-4.1996,0.44441,-11.254,-3.7563,4.4734,-5.3286,0,0,0,NaN,NaN,NaN,NaN,NaN,NaN,NaN,NaN,NaN,45.73,0,3155.2,0.0069644,0.7873,2.519,0.71992,0.0024972,NaN,-1,-1,-3.0034,0.44297,-12.303,-3.9357,9.7842,-5.0464,NaN,NaN,NaN,NaN,NaN
565.98,-14.655,-23.928,-147.6,-2.4901,0.11906,-15.112,-3.5946,16.341,-4.318,0,0,0,NaN,NaN,NaN,NaN,NaN,NaN,NaN,NaN,NaN,45.73,0,3155.2,0.0069644,NaN,NaN,NaN,NaN,21.916,97735,10.625,-3.016,0.44224,-12.271,-3.8579,9.7062,-5.0143,NaN,NaN,NaN,NaN,NaN
565.98,-14.657,-23.904,-147.62,-2.4691,0.042304,-8.9368,-4.5824,10.791,-4.7202,0,0,0,NaN,NaN,NaN,NaN,NaN,NaN,NaN,NaN,NaN,45.73,0,3155.2,0.0069644,NaN,NaN,NaN,NaN,22.152,97740,10.625,-3.0243,0.44139,-12.304,-3.7345,9.6306,-5.0008,NaN,NaN,NaN,NaN,NaN
565.99,-14.66,-23.902,-147.63,-4.2004,0.67093,-13.359,-3.5975,1.9361,-5.0381,0.13751,-0.038413,-1.14,NaN,NaN,NaN,NaN,NaN,NaN,NaN,NaN,NaN,45.73,0,3155.2,0.0069644,NaN,NaN,NaN,NaN,NaN,-1,-1,-3.0277,0.43787,-12.286,-3.6418,10.07,-4.9965,NaN,NaN,NaN,NaN,NaN
565.99,-14.661,-23.877,-147.65,-2.0694,1.6479,-17.296,-4.0996,11.588,-4.6941,0,0,0,NaN,NaN,NaN,NaN,NaN,NaN,NaN,NaN,NaN,45.73,0,3155.2,0.0069644,NaN,NaN,NaN,NaN,NaN,-1,-1,-3.0198,0.43276,-12.29,-3.5522,9.9284,-4.9649,NaN,NaN,NaN,NaN,NaN
565.99,-14.659,-23.847,-147.68,-3.4804,-0.66015,-8.935,-3.1176,13.381,-5.1937,0,0,0,NaN,NaN,NaN,NaN,NaN,NaN,NaN,NaN,NaN,45.73,0,3155.2,0.0069644,0.75062,2.6193,0.65542,0.074917,NaN,-1,-1,-3.042,0.4432,-12.31,-3.4885,9.8414,-4.9274,NaN,NaN,NaN,NaN,NaN
565.99,-14.66,-23.821,-147.69,-3.8677,-0.22029,-12.176,-4.0792,11.604,-4.6801,0,0,0,NaN,NaN,NaN,NaN,NaN,NaN,NaN,NaN,NaN,45.73,0,3155.2,0.0069644,NaN,NaN,NaN,NaN,21.954,97749,10.688,-3.0311,0.41354,-12.241,-3.4232,10.126,-4.8913,NaN,NaN,NaN,NaN,NaN
566,-14.662,-23.812,-147.71,-2.3667,1.3035,-9.6849,-3.5692,5.1237,-5.0735,0.13898,-0.054841,-1.1332,NaN,NaN,NaN,NaN,NaN,NaN,NaN,NaN,NaN,45.73,0,3155.2,0.0069644,NaN,NaN,NaN,NaN,NaN,-1,-1,-3.0245,0.41356,-12.29,-3.3648,10.274,-4.8913,NaN,NaN,NaN,NaN,NaN
566,-14.662,-23.796,-147.73,-3.2187,0.95573,-17.286,-3.1607,7.6534,-5.022,0,0,0,NaN,NaN,NaN,NaN,NaN,NaN,NaN,NaN,NaN,45.73,0,3155.2,0.0069644,NaN,NaN,NaN,NaN,NaN,-1,-1,-3.022,0.39293,-12.308,-3.2608,9.9429,-4.8667,NaN,NaN,NaN,NaN,NaN
566,-14.66,-23.761,-147.75,-3.482,0.14525,-12.187,-3.6786,15.445,-5.2916,0,0,0,NaN,NaN,NaN,NaN,NaN,NaN,NaN,NaN,NaN,45.73,0,3155.2,0.0069644,NaN,NaN,NaN,NaN,21.916,97735,10.625,-3.0181,0.3858,-12.258,-3.189,10.212,-4.8491,NaN,NaN,NaN,NaN,NaN
566,-14.658,-23.741,-147.77,-2.4871,0.65843,-10.622,-2.2411,9.4892,-4.9624,0,0,0,NaN,NaN,NaN,NaN,NaN,NaN,NaN,NaN,NaN,45.73,0,3155.2,0.0069644,NaN,2.6008,NaN,0.091565,NaN,-1,-1,-3.0309,0.40187,-12.281,-3.1569,10.342,-4.8457,NaN,NaN,NaN,NaN,NaN
566.01,-14.657,-23.724,-147.79,-3.405,-0.52027,-13.446,-2.9495,7.8315,-4.4284,0.13482,-0.045442,-1.138,NaN,NaN,NaN,NaN,NaN,NaN,NaN,NaN,NaN,45.73,0,3155.2,0.0069644,NaN,2.6008,NaN,0.091565,22.157,97771,10.813,-3.0114,0.40687,-12.26,-3.1709,9.8747,-4.8169,NaN,NaN,NaN,NaN,NaN
566.01,-14.657,-23.7,-147.8,-3.0597,0.69967,-12.538,-3.2449,10.813,-4.5534,0,0,0,NaN,NaN,NaN,NaN,NaN,NaN,NaN,NaN,NaN,45.73,0,3155.2,0.0069644,NaN,NaN,NaN,NaN,NaN,-1,-1,-3.0264,0.3858,-12.274,-3.0877,10.14,-4.8161,NaN,NaN,NaN,NaN,NaN
566.01,-14.657,-23.673,-147.82,-3.3537,0.67661,-11.701,-3.7599,12.385,-4.7028,0,0,0,NaN,NaN,NaN,NaN,NaN,NaN,NaN,NaN,NaN,45.73,0,3155.2,0.0069644,NaN,NaN,NaN,NaN,NaN,-1,-1,-3.0347,0.382,-12.281,-3.0683,10.396,-4.8098,NaN,NaN,NaN,NaN,NaN
566.01,-14.656,-23.664,-147.84,-2.7422,0.57265,-10.384,-2.4503,4.7289,-5.1928,0,0,0,NaN,NaN,NaN,NaN,NaN,NaN,NaN,NaN,NaN,45.73,0,3155.2,0.0069644,NaN,NaN,NaN,NaN,22.058,97760,10.625,-3.0145,0.37248,-12.252,-3.0225,10.227,-4.7876,NaN,NaN,NaN,NaN,NaN
566.02,-14.649,-23.611,-147.88,-4.0748,-1.2162,-9.9451,-2.1164,15.381,-4.8863,0,0,0,NaN,NaN,NaN,NaN,NaN,NaN,NaN,NaN,NaN,45.73,0,3155.2,0.0069644,0.74843,2.6121,0.66089,0.066593,NaN,-1,-1,-3.0321,0.37319,-12.283,-3.046,10.12,-4.7624,NaN,NaN,NaN,NaN,NaN
566.02,-14.649,-23.593,-147.9,-2.0507,0.55449,-9.4303,-2.9989,8.0945,-4.5983,0,0,0,NaN,NaN,NaN,NaN,NaN,NaN,NaN,NaN,NaN,45.73,0,3155.2,0.0069644,NaN,NaN,NaN,NaN,NaN,-1,-1,-3.0353,0.35777,-12.309,-3.0611,10.204,-4.745,NaN,NaN,NaN,NaN,NaN
566.02,-14.645,-23.556,-147.93,-3.8183,0.022498,-14.781,-2.8332,13.43,-5.3585,0.13464,-0.0379,-1.1314,NaN,NaN,NaN,NaN,NaN,NaN,NaN,NaN,NaN,45.73,0,3155.2,0.0069644,NaN,NaN,NaN,NaN,22.042,97746,10.625,-3.0207,0.36859,-12.28,-3.0688,10.172,-4.7532,NaN,NaN,NaN,NaN,NaN
566.02,-14.642,-23.53,-147.95,-2.9233,0.66212,-12.343,-2.1411,11.931,-5.0096,0,0,0,NaN,NaN,NaN,NaN,NaN,NaN,NaN,NaN,NaN,45.73,0,3155.2,0.0069644,NaN,NaN,NaN,NaN,22.021,97762,10.625,-3.0337,0.3634,-12.263,-3.0519,10.313,-4.7432,NaN,NaN,NaN,NaN,NaN
566.03,-14.639,-23.495,-147.99,-2.8633,1.3218,-14.332,-2.9462,8.4812,-4.0289,0,0,0,NaN,NaN,NaN,NaN,NaN,NaN,NaN,NaN,NaN,45.73,0,3155.2,0.0069644,NaN,NaN,NaN,NaN,NaN,-1,-1,-3.0388,0.36918,-12.322,-3.0433,10.274,-4.7433,NaN,NaN,NaN,NaN,NaN
566.03,-14.64,-23.464,-148.01,-4.7639,-0.44723,-11.837,-3.9114,13.672,-4.5839,0.13014,-0.035562,-1.134,NaN,NaN,NaN,NaN,NaN,NaN,NaN,NaN,NaN,45.73,0,3155.2,0.0069644,NaN,NaN,NaN,NaN,NaN,-1,-1,-3.0342,0.36279,-12.313,-3.0746,10.223,-4.7272,NaN,NaN,NaN,NaN,NaN
566.03,-14.641,-23.449,-148.02,-1.1543,1.7319,-9.675,-3.2927,7.0688,-4.3604,0,0,0,NaN,NaN,NaN,NaN,NaN,NaN,NaN,NaN,NaN,45.73,0,3155.2,0.0069644,NaN,NaN,NaN,NaN,NaN,-1,-1,-3.0342,0.35264,-12.311,-3.1432,10.431,-4.724,NaN,NaN,NaN,NaN,NaN
566.03,-14.639,-23.435,-148.04,-2.9817,0.57017,-18.558,-2.3535,6.6695,-4.5903,0,0,0,NaN,NaN,NaN,NaN,NaN,NaN,NaN,NaN,NaN,45.739,0,3293.7,0.0064211,NaN,NaN,NaN,NaN,21.864,97805,10.875,-3.0175,0.35565,-12.299,-3.1392,10.569,-4.7144,NaN,NaN,NaN,NaN,NaN
566.04,-14.636,-23.397,-148.06,-5.7277,-1.9774,-11.843,-3.0257,16.79,-5.3719,0,0,0,NaN,NaN,NaN,NaN,NaN,NaN,NaN,NaN,NaN,45.739,0,3293.7,0.0064211,NaN,NaN,NaN,NaN,NaN,-1,-1,-3.0303,0.36441,-12.336,-3.1737,10.252,-4.7205,NaN,NaN,NaN,NaN,NaN
566.04,-14.639,-23.375,-148.08,-0.77044,1.4127,-8.1647,-4.1637,10.249,-4.2073,0.12753,-0.03529,-1.1298,NaN,NaN,NaN,NaN,NaN,NaN,NaN,NaN,NaN,45.739,0,3293.7,0.0064211,NaN,NaN,NaN,NaN,NaN,-1,-1,-3.0249,0.34546,-12.347,-3.2711,10.373,-4.6979,NaN,NaN,NaN,NaN,NaN
566.04,-14.641,-23.373,-148.09,-3.1499,1.774,-12.575,-3.4334,1.791,-4.644,0,0,0,NaN,NaN,NaN,NaN,NaN,NaN,NaN,NaN,NaN,45.739,0,3293.7,0.0064211,0.73693,2.6169,0.65177,0.079911,21.931,97752,10.625,-3.0165,0.34204,-12.319,-3.3959,10.421,-4.6797,NaN,NaN,NaN,NaN,NaN
566.04,-14.641,-23.34,-148.11,-4.6188,-0.59086,-17.149,-3.8379,14.423,-4.8066,0,0,0,NaN,NaN,NaN,NaN,NaN,NaN,NaN,NaN,NaN,45.739,0,3293.7,0.0064211,NaN,NaN,NaN,NaN,NaN,-1,-1,-3.0261,0.37003,-12.335,-3.4667,10.141,-4.687,NaN,NaN,NaN,NaN,NaN
566.05,-14.64,-23.312,-148.13,-2.3897,0.81525,-12.721,-3.2244,12.693,-4.8723,0,0,0,NaN,NaN,NaN,NaN,NaN,NaN,NaN,NaN,NaN,45.739,0,3293.7,0.0064211,NaN,NaN,NaN,NaN,21.804,97749,10.625,-3.0179,0.36622,-12.345,-3.5321,10.167,-4.6726,NaN,NaN,NaN,NaN,NaN
566.05,-14.64,-23.299,-148.15,-2.6719,1.0509,-8.5228,-2.9565,6.5281,-4.9793,0.1181,-0.049884,-1.1373,NaN,NaN,NaN,NaN,NaN,NaN,NaN,NaN,NaN,45.739,0,3293.7,0.0064211,NaN,NaN,NaN,NaN,NaN,-1,-1,-3.0207,0.38809,-12.371,-3.6092,10.361,-4.6625,NaN,NaN,NaN,NaN,NaN
566.05,-14.64,-23.278,-148.17,-2.8486,0.28224,-16.607,-2.8494,9.3431,-4.0837,0,0,0,NaN,NaN,NaN,NaN,NaN,NaN,NaN,NaN,NaN,45.739,0,3293.7,0.0064211,NaN,NaN,NaN,NaN,NaN,-1,-1,-3.0206,0.3927,-12.368,-3.7177,10.277,-4.6599,NaN,NaN,NaN,NaN,NaN
566.05,-14.643,-23.239,-148.19,-4.6878,-0.68626,-10.266,-5.2481,17.148,-4.7792,0,0,0,NaN,NaN,NaN,NaN,NaN,NaN,NaN,NaN,NaN,45.739,0,3293.7,0.0064211,NaN,NaN,NaN,NaN,22.079,97741,10.625,-3.0153,0.3787,-12.37,-3.7788,10.166,-4.663,NaN,NaN,NaN,NaN,NaN
566.06,-14.648,-23.235,-148.2,-1.3799,0.99087,-10.952,-4.3673,2.8226,-4.5938,0,0,0,NaN,NaN,NaN,NaN,NaN,NaN,NaN,NaN,NaN,45.739,0,3293.7,0.0064211,0.72872,2.6014,0.63959,0.09656,NaN,-1,-1,-3.0002,0.38743,-12.361,-3.8847,10.071,-4.6634,NaN,NaN,NaN,NaN,NaN
566.06,-14.649,-23.222,-148.22,-3.4779,1.9044,-18.956,-3.3299,6.377,-4.7077,0.12994,-0.037836,-1.1318,NaN,NaN,NaN,NaN,NaN,NaN,NaN,NaN,NaN,45.739,0,3293.7,0.0064211,NaN,NaN,NaN,NaN,NaN,-1,-1,-3.0056,0.37966,-12.41,-4.0267,10.081,-4.6714,NaN,NaN,NaN,NaN,NaN
566.06,-14.647,-23.174,-148.24,-4.2967,-2.4949,-11.055,-3.7486,20.852,-4.7229,0,0,0,NaN,NaN,NaN,NaN,NaN,NaN,NaN,NaN,NaN,45.739,0,3293.7,0.0064211,NaN,NaN,NaN,NaN,22.009,97789,10.813,-3.0034,0.38504,-12.406,-4.1168,9.9077,-4.6752,NaN,NaN,NaN,NaN,NaN
566.06,-14.652,-23.155,-148.26,-1.6113,1.8032,-7.7057,-5.0524,8.6374,-4.6619,0,0,0,NaN,NaN,NaN,NaN,NaN,NaN,NaN,NaN,NaN,45.739,0,3293.7,0.0064211,NaN,NaN,NaN,NaN,NaN,-1,-1,-2.9975,0.40857,-12.395,-4.1846,9.8624,-4.6605,NaN,NaN,NaN,NaN,NaN
566.07,-14.658,-23.156,-148.27,-3.6483,0.49653,-14.01,-4.5374,0.56333,-4.5369,0,0,0,NaN,NaN,NaN,NaN,NaN,NaN,NaN,NaN,NaN,45.739,0,3293.7,0.0064211,0.7216,NaN,0.63047,NaN,21.934,97782,10.75,-3.0025,0.40914,-12.422,-4.4251,10.121,-4.7871,NaN,NaN,NaN,NaN,NaN
566.07,-14.659,-23.121,-148.29,-3.5792,1.3551,-17.964,-4.4517,15.704,-4.7788,0.10684,-0.037874,-1.1405,NaN,NaN,NaN,NaN,NaN,NaN,NaN,NaN,NaN,45.739,0,3293.7,0.0064211,NaN,2.5966,NaN,0.10322,NaN,-1,-1,-3.006,0.42278,-12.433,-4.4878,10.084,-4.7565,NaN,NaN,NaN,NaN,NaN
566.07,-14.659,-23.088,-148.32,-2.705,-0.11816,-11.53,-3.7211,14.441,-4.8768,0,0,0,NaN,NaN,NaN,NaN,NaN,NaN,NaN,NaN,NaN,45.739,0,3293.7,0.0064211,NaN,NaN,NaN,NaN,NaN,-1,-1,-2.9943,0.42958,-12.438,-4.5401,9.6802,-4.7299,NaN,NaN,NaN,NaN,NaN
566.07,-14.662,-23.075,-148.33,-3.1296,0.19691,-9.0499,-4.2472,6.2952,-4.8422,0,0,0,NaN,NaN,NaN,NaN,NaN,NaN,NaN,NaN,NaN,45.739,0,3293.7,0.0064211,NaN,NaN,NaN,NaN,22.082,97785,10.813,-2.9934,0.39975,-12.42,-4.7028,10.05,-4.84,NaN,NaN,NaN,NaN,NaN
566.08,-14.664,-23.054,-148.35,-2.6943,1.4304,-15.948,-3.9402,9.8113,-4.2499,0,0,0,NaN,NaN,NaN,NaN,NaN,NaN,NaN,NaN,NaN,45.739,0,3293.7,0.0064211,NaN,NaN,NaN,NaN,NaN,-1,-1,-2.9866,0.41115,-12.429,-4.7142,9.8443,-4.7702,NaN,NaN,NaN,NaN,NaN
566.08,-14.667,-23.022,-148.37,-4.1096,-0.49376,-11.047,-4.8992,14.115,-4.7645,0.11591,-0.035249,-1.1331,NaN,NaN,NaN,NaN,NaN,NaN,NaN,NaN,NaN,45.739,0,3293.7,0.0064211,0.7331,2.4982,0.71506,0.024972,NaN,-1,-1,-2.9783,0.44084,-12.471,-4.6709,9.8359,-4.7424,NaN,NaN,NaN,NaN,NaN
566.08,-14.674,-23.005,-148.39,-1.6101,0.079383,-11.78,-5.6075,7.8849,-4.4303,0,0,0,NaN,NaN,NaN,NaN,NaN,NaN,NaN,NaN,NaN,45.739,0,3293.7,0.0064211,NaN,NaN,NaN,NaN,21.842,97784,10.75,-2.986,0.41626,-12.48,-4.6715,9.7326,-4.6925,NaN,NaN,NaN,NaN,NaN
566.08,-14.68,-22.992,-148.4,-3.0003,1.1084,-16.209,-5.2788,6.5216,-4.9097,0,0,0,NaN,NaN,NaN,NaN,NaN,NaN,NaN,NaN,NaN,45.739,0,3293.7,0.0064211,NaN,NaN,NaN,NaN,NaN,-1,-1,-2.9753,0.43399,-12.433,-4.6863,9.5315,-4.6133,NaN,NaN,NaN,NaN,NaN
566.09,-14.682,-22.933,-148.44,-1.1761,0.07427,-9.042,-4.3971,10.583,-4.5908,0.11134,-0.040212,-1.1379,NaN,NaN,NaN,NaN,NaN,NaN,NaN,NaN,NaN,45.739,0,3293.7,0.0064211,NaN,NaN,NaN,NaN,21.897,97759,10.688,-2.9353,0.44433,-12.341,-4.7254,9.5316,-4.5676,NaN,NaN,NaN,NaN,NaN
566.09,-14.69,-22.926,-148.46,-3.4561,0.37015,-12.637,-5.8889,4.029,-4.8426,0,0,0,NaN,NaN,NaN,NaN,NaN,NaN,NaN,NaN,NaN,45.739,0,3293.7,0.0064211,NaN,NaN,NaN,NaN,NaN,-1,-1,-2.9529,0.44676,-12.379,-4.7074,9.3747,-4.5107,NaN,NaN,NaN,NaN,NaN
566.09,-14.695,-22.898,-148.48,-3.9423,1.2439,-17.448,-5.546,12.601,-4.7274,0,0,0,NaN,NaN,NaN,NaN,NaN,NaN,NaN,NaN,NaN,45.739,0,3293.7,0.0064211,NaN,NaN,NaN,NaN,NaN,-1,-1,-2.943,0.46634,-12.393,-4.6462,9.2133,-4.4525,NaN,NaN,NaN,NaN,NaN
566.09,-14.696,-22.871,-148.5,-2.4425,1.061,-12.092,-3.6841,11.918,-4.572,0,0,0,NaN,NaN,NaN,NaN,NaN,NaN,NaN,NaN,NaN,45.739,0,3293.7,0.0064211,0.73693,2.482,0.71384,0.051609,22.045,97770,10.75,-2.9636,0.45822,-12.439,-4.622,9.4119,-4.4272,NaN,NaN,NaN,NaN,NaN
566.1,-14.697,-22.851,-148.52,-2.8033,-0.84113,-10.433,-3.9473,9.5274,-4.7805,0.11395,-0.035577,-1.1399,-9.6162,-20.097,-11.141,24.91,40.057,-88.551,3.6775e+05,4.4352e+06,251.76,45.739,0,3293.7,0.0064211,NaN,NaN,NaN,NaN,NaN,-1,-1,-2.9177,0.45113,-12.313,-4.6512,9.2062,-4.3726,24.748,-2.642,1.0243,2.37,-6.0885
566.1,-14.702,-22.83,-148.53,-3.1461,1.4953,-14.028,-4.7943,9.5876,-4.3226,0,0,0,NaN,NaN,NaN,NaN,NaN,NaN,NaN,NaN,NaN,45.739,0,3293.7,0.0064211,NaN,NaN,NaN,NaN,NaN,-1,-1,-2.9153,0.4543,-12.32,-4.6366,8.9398,-4.336,NaN,NaN,NaN,NaN,NaN
566.1,-14.714,-22.783,-148.57,-2.7414,-0.40033,-11.633,-5.8173,9.1948,-4.5947,0,0,0,NaN,NaN,NaN,NaN,NaN,NaN,NaN,NaN,NaN,45.739,0,3293.7,0.0064211,NaN,NaN,NaN,NaN,21.987,97747,10.625,-2.9247,0.45959,-12.404,-4.6011,9.0374,-4.3213,NaN,NaN,NaN,NaN,NaN
566.1,-14.719,-22.771,-148.58,-2.6518,0.86038,-15.842,-4.7809,5.9141,-5.0325,0.11108,-0.039972,-1.1335,NaN,NaN,NaN,NaN,NaN,NaN,NaN,NaN,NaN,45.739,0,3293.7,0.0064211,NaN,NaN,NaN,NaN,22.096,97746,10.625,-2.9242,0.49118,-12.437,-4.5805,9.0876,-4.3052,NaN,NaN,NaN,NaN,NaN
566.11,-14.726,-22.71,-148.63,-1.8748,0.32021,-9.7347,-4.9856,12.91,-4.3361,0,0,0,NaN,NaN,NaN,NaN,NaN,NaN,NaN,NaN,NaN,45.739,0,3293.7,0.0064211,0.73639,2.6121,0.66028,0.074917,NaN,-1,-1,-2.9334,0.50306,-12.433,-4.5648,8.8948,-4.2745,NaN,NaN,NaN,NaN,NaN
566.11,-14.734,-22.696,-148.64,-3.4403,0.79968,-12.776,-6.2762,6.8781,-4.5277,0,0,0,NaN,NaN,NaN,NaN,NaN,NaN,NaN,NaN,NaN,45.739,0,3293.7,0.0064211,NaN,NaN,NaN,NaN,NaN,-1,-1,-2.9252,0.49746,-12.47,-4.532,8.7529,-4.2494,NaN,NaN,NaN,NaN,NaN
566.11,-14.739,-22.68,-148.66,-3.6653,0.7867,-14.964,-4.7652,7.5191,-4.6046,0.10847,-0.0397,-1.1293,NaN,NaN,NaN,NaN,NaN,NaN,NaN,NaN,NaN,45.739,0,3293.7,0.0064211,NaN,NaN,NaN,NaN,NaN,-1,-1,-2.9449,0.50641,-12.475,-4.5403,9.0231,-4.2277,NaN,NaN,NaN,NaN,NaN
566.11,-14.741,-22.652,-148.68,-3.0062,1.8287,-15.439,-4.2104,12.542,-4.7443,0,0,0,NaN,NaN,NaN,NaN,NaN,NaN,NaN,NaN,NaN,45.739,0,3293.7,0.0064211,NaN,NaN,NaN,NaN,21.819,97723,10.5,-2.9274,0.48497,-12.443,-4.5025,8.8416,-4.2149,NaN,NaN,NaN,NaN,NaN
566.12,-14.742,-22.623,-148.7,-2.9209,-1.0635,-9.1703,-4.1452,13.28,-4.6398,0,0,0,NaN,NaN,NaN,NaN,NaN,NaN,NaN,NaN,NaN,45.739,0,3293.7,0.0064211,NaN,NaN,NaN,NaN,NaN,-1,-1,-2.929,0.49387,-12.482,-4.4492,8.6807,-4.1962,NaN,NaN,NaN,NaN,NaN
566.12,-14.748,-22.607,-148.71,-2.4393,0.91015,-13.334,-5.3737,7.6017,-4.6565,0,0,0,NaN,NaN,NaN,NaN,NaN,NaN,NaN,NaN,NaN,45.739,0,3293.7,0.0064211,0.7331,2.6073,0.64264,0.075749,NaN,-1,-1,-2.9088,0.48664,-12.502,-4.4068,8.9814,-4.1707,NaN,NaN,NaN,NaN,NaN
566.12,0,0,0,0,0,0,0,0,0,0,0,0,NaN,NaN,NaN,NaN,NaN,NaN,NaN,NaN,NaN,45.739,0,3293.7,0.0064211,NaN,NaN,NaN,NaN,22.039,97741,10.563,-2.9201,0.49414,-12.481,-4.4372,8.9703,-4.1562,NaN,NaN,NaN,NaN,NaN
566.12,-14.754,-22.585,-148.73,-4.3342,0.87821,-13.576,-5.4338,9.7117,-4.3192,0.11631,-0.030702,-1.1375,NaN,NaN,NaN,NaN,NaN,NaN,NaN,NaN,NaN,45.739,0,3293.7,0.0064211,NaN,NaN,NaN,NaN,22.025,97780,10.75,-2.9162,0.5201,-12.54,-4.423,8.6835,-4.1452,NaN,NaN,NaN,NaN,NaN
566.13,-14.769,-22.515,-148.79,-3.6238,-0.33714,-12.505,-4.433,13.125,-4.7634,0,0,0,NaN,NaN,NaN,NaN,NaN,NaN,NaN,NaN,NaN,45.739,0,3293.7,0.0064211,NaN,NaN,NaN,NaN,NaN,-1,-1,-2.917,0.51795,-12.514,-4.4103,8.9173,-4.1516,NaN,NaN,NaN,NaN,NaN
566.13,0,0,0,0,0,0,0,0,0,0,0,0,NaN,NaN,NaN,NaN,NaN,NaN,NaN,NaN,NaN,45.739,0,3293.7,0.0064211,0.71996,NaN,0.63533,NaN,NaN,-1,-1,-2.914,0.51463,-12.525,-4.4262,9.0166,-4.1466,NaN,NaN,NaN,NaN,NaN
566.13,-14.773,-22.495,-148.8,-2.5942,0.3243,-13.08,-4.7014,9.2886,-4.676,0.10645,-0.037514,-1.1339,NaN,NaN,NaN,NaN,NaN,NaN,NaN,NaN,NaN,45.739,0,3293.7,0.0064211,NaN,2.6139,NaN,0.09656,NaN,-1,-1,-2.9111,0.5311,-12.513,-4.4333,8.9456,-4.1615,NaN,NaN,NaN,NaN,NaN
566.13,-14.781,-22.476,-148.82,-3.5647,0.8486,-11.562,-6.2332,8.8982,-4.3093,0,0,0,NaN,NaN,NaN,NaN,NaN,NaN,NaN,NaN,NaN,45.739,0,3225.2,0.0064211,NaN,NaN,NaN,NaN,22.081,97795,10.813,-2.9041,0.51463,-12.504,-4.3761,9.0245,-4.1513,NaN,NaN,NaN,NaN,NaN
566.14,-14.788,-22.43,-148.86,-3.4376,0.65277,-12.494,-4.0905,11.056,-4.813,0,0,0,NaN,NaN,NaN,NaN,NaN,NaN,NaN,NaN,NaN,45.739,0,3225.2,0.0064211,NaN,NaN,NaN,NaN,NaN,-1,-1,-2.9088,0.51233,-12.507,-4.3626,9.325,-4.1713,NaN,NaN,NaN,NaN,NaN
566.14,-14.788,-22.43,-148.86,-3.4376,0.65277,-12.494,-4.0905,11.056,-4.813,0,0,0,NaN,NaN,NaN,NaN,NaN,NaN,NaN,NaN,NaN,45.739,0,3225.2,0.0064211,NaN,NaN,NaN,NaN,NaN,-1,-1,-2.892,0.52317,-12.468,-4.4029,9.3839,-4.1677,NaN,NaN,NaN,NaN,NaN
566.14,-14.791,-22.406,-148.88,-2.9051,-1.0378,-13.204,-4.1431,10.912,-4.3706,0.10451,-0.028027,-1.1363,NaN,NaN,NaN,NaN,NaN,NaN,NaN,NaN,NaN,45.739,0,3225.2,0.0064211,NaN,NaN,NaN,NaN,22.045,97790,10.813,-2.8948,0.5287,-12.514,-4.4299,9.3478,-4.1785,NaN,NaN,NaN,NaN,NaN
566.14,-14.796,-22.386,-148.89,-2.3754,1.4421,-11.724,-5.197,9.3593,-4.4858,0,0,0,NaN,NaN,NaN,NaN,NaN,NaN,NaN,NaN,NaN,45.72,0,3462.3,0.0064211,0.75445,2.6187,0.66089,0.071587,NaN,-1,-1,-2.9025,0.52684,-12.467,-4.4343,9.52,-4.1837,NaN,NaN,NaN,NaN,NaN
566.15,-14.808,-22.343,-148.93,-2.0558,-0.73497,-13.332,-5.4725,8.3735,-4.8072,0,0,0,NaN,NaN,NaN,NaN,NaN,NaN,NaN,NaN,NaN,45.72,0,3462.3,0.0064211,NaN,NaN,NaN,NaN,22.075,97762,10.625,-2.8724,0.5291,-12.445,-4.4612,9.3459,-4.2196,NaN,NaN,NaN,NaN,NaN
566.15,-14.826,-22.333,-148.95,-4.0679,1.8085,-15.285,-4.864,7.929,-4.8025,0.10632,-0.037394,-1.1317,NaN,NaN,NaN,NaN,NaN,NaN,NaN,NaN,NaN,45.72,0,3462.3,0.0064211,NaN,NaN,NaN,NaN,NaN,-1,-1,-2.8708,0.51315,-12.433,-4.5216,9.379,-4.2379,NaN,NaN,NaN,NaN,NaN
566.15,-14.828,-22.3,-148.98,-2.7267,-0.6046,-11.305,-4.2916,14.838,-4.6584,0,0,0,NaN,NaN,NaN,NaN,NaN,NaN,NaN,NaN,NaN,45.72,0,3462.3,0.0064211,NaN,NaN,NaN,NaN,NaN,-1,-1,-2.8981,0.51317,-12.531,-4.5427,9.6412,-4.2446,NaN,NaN,NaN,NaN,NaN
566.15,-14.833,-22.283,-148.99,-2.3418,0.53736,-12.258,-4.7774,7.8595,-4.5917,0,0,0,NaN,NaN,NaN,NaN,NaN,NaN,NaN,NaN,NaN,45.72,0,3462.3,0.0064211,NaN,NaN,NaN,NaN,22.225,97778,10.75,-2.8967,0.53795,-12.512,-4.5228,9.6454,-4.2788,NaN,NaN,NaN,NaN,NaN
566.16,-14.84,-22.264,-149.01,-4.1099,0.85279,-11.902,-5.847,9.0541,-4.1504,0,0,0,NaN,NaN,NaN,NaN,NaN,NaN,NaN,NaN,NaN,45.72,0,3462.3,0.0064211,NaN,NaN,NaN,NaN,NaN,-1,-1,-2.8967,0.52858,-12.507,-4.5507,9.9393,-4.2946,NaN,NaN,NaN,NaN,NaN
566.16,-14.844,-22.242,-149.02,-2.5272,0.87485,-17.589,-4.7807,9.6241,-4.2997,0.10429,-0.040116,-1.1385,NaN,NaN,NaN,NaN,NaN,NaN,NaN,NaN,NaN,45.72,0,3462.3,0.0064211,NaN,NaN,NaN,NaN,NaN,-1,-1,-2.8931,0.53928,-12.513,-4.6392,9.773,-4.3221,NaN,NaN,NaN,NaN,NaN
566.16,-14.846,-22.219,-149.04,-3.7308,0.59324,-10.962,-4.0475,10.969,-5.0094,0,0,0,NaN,NaN,NaN,NaN,NaN,NaN,NaN,NaN,NaN,45.72,0,3462.3,0.0064211,NaN,NaN,NaN,NaN,22.018,97736,10.5,-2.9219,0.54376,-12.597,-4.6969,9.8131,-4.369,NaN,NaN,NaN,NaN,NaN
566.16,-14.848,-22.191,-149.06,-2.3145,-0.083085,-12.539,-3.9907,12.408,-3.9873,0,0,0,NaN,NaN,NaN,NaN,NaN,NaN,NaN,NaN,NaN,45.72,0,3462.3,0.0064211,NaN,NaN,NaN,NaN,NaN,-1,-1,-2.9442,0.56349,-12.608,-4.7566,9.8756,-4.3971,NaN,NaN,NaN,NaN,NaN
566.17,-14.854,-22.171,-149.08,-2.798,0.83217,-11.655,-5.0619,8.986,-4.5558,0,0,0,NaN,NaN,NaN,NaN,NaN,NaN,NaN,NaN,NaN,45.72,0,3462.3,0.0064211,0.78675,2.5178,0.71506,0.0033296,21.843,97797,10.813,-2.9165,0.5515,-12.564,-4.8999,9.8003,-4.4363,NaN,NaN,NaN,NaN,NaN
566.17,-14.861,-22.154,-149.09,-4.0753,0.59413,-13.581,-5.8259,8.0978,-4.1538,0.090091,-0.02508,-1.1309,NaN,NaN,NaN,NaN,NaN,NaN,NaN,NaN,NaN,45.72,0,3462.3,0.0064211,0.78675,2.5178,0.71506,0.0033296,NaN,-1,-1,-2.9317,0.55465,-12.577,-4.9376,9.6908,-4.4687,NaN,NaN,NaN,NaN,NaN
566.17,-14.867,-22.132,-149.11,-1.931,-0.14872,-15.288,-5.3228,9.8405,-4.4792,0,0,0,NaN,NaN,NaN,NaN,NaN,NaN,NaN,NaN,NaN,45.72,0,3462.3,0.0064211,NaN,NaN,NaN,NaN,NaN,-1,-1,-2.9231,0.53952,-12.543,-4.9689,9.8812,-4.5138,NaN,NaN,NaN,NaN,NaN
566.17,-14.872,-22.106,-149.13,-3.6967,0.056829,-11.292,-5.3484,11.702,-4.8272,0,0,0,NaN,NaN,NaN,NaN,NaN,NaN,NaN,NaN,NaN,45.72,0,3462.3,0.0064211,NaN,NaN,NaN,NaN,22.112,97805,10.75,-2.9128,0.53108,-12.533,-5.0044,10.073,-4.5605,NaN,NaN,NaN,NaN,NaN
566.18,-14.875,-22.084,-149.15,-3.3227,0.84164,-13.853,-4.4928,10.358,-4.5691,0,0,0,NaN,NaN,NaN,NaN,NaN,NaN,NaN,NaN,NaN,45.72,0,3462.3,0.0064211,NaN,NaN,NaN,NaN,NaN,-1,-1,-2.9099,0.5375,-12.517,-5.1295,10.188,-4.6096,NaN,NaN,NaN,NaN,NaN
566.18,-14.885,-22.041,-149.18,-3.2765,-1.368,-11.986,-5.4232,9.5791,-4.405,0,0,0,NaN,NaN,NaN,NaN,NaN,NaN,NaN,NaN,NaN,45.72,0,3462.3,0.0064211,NaN,NaN,NaN,NaN,NaN,-1,-1,-2.9192,0.53989,-12.561,-5.0758,9.9869,-4.4993,NaN,NaN,NaN,NaN,NaN
566.18,-14.892,-22.022,-149.2,-2.984,2.004,-16.112,-5.4373,8.7601,-4.1599,0,0,0,NaN,NaN,NaN,NaN,NaN,NaN,NaN,NaN,NaN,45.72,0,3462.3,0.0064211,0.73529,2.6157,0.64203,0.09323,22.132,97768,10.688,-2.9024,0.55032,-12.56,-5.1783,9.9935,-4.5012,NaN,NaN,NaN,NaN,NaN
566.18,-14.893,-21.993,-149.22,-3.3666,0.4449,-12.678,-3.7096,13.087,-4.7124,0,0,0,NaN,NaN,NaN,NaN,NaN,NaN,NaN,NaN,NaN,45.72,0,3462.3,0.0064211,NaN,NaN,NaN,NaN,NaN,-1,-1,-2.9254,0.55321,-12.553,-5.2532,10.2,-4.5367,NaN,NaN,NaN,NaN,NaN
566.19,-14.896,-21.969,-149.23,-2.0146,-0.20339,-11.232,-4.1888,10.795,-4.2088,0.094571,-0.037233,-1.1328,NaN,NaN,NaN,NaN,NaN,NaN,NaN,NaN,NaN,45.72,0,3462.3,0.0064211,NaN,NaN,NaN,NaN,22.188,97803,10.813,-2.9309,0.57426,-12.553,-5.1442,9.8444,-4.3858,NaN,NaN,NaN,NaN,NaN
566.19,-14.903,-21.948,-149.25,-4.4668,0.63824,-11.727,-5.7492,9.6759,-4.3926,0,0,0,NaN,NaN,NaN,NaN,NaN,NaN,NaN,NaN,NaN,45.72,0,3462.3,0.0064211,NaN,NaN,NaN,NaN,NaN,-1,-1,-2.9104,0.55052,-12.52,-5.1548,9.7889,-4.3873,NaN,NaN,NaN,NaN,NaN
566.19,-14.91,-21.931,-149.27,-2.1875,0.60971,-12.175,-5.552,7.7278,-4.0015,0,0,0,NaN,NaN,NaN,NaN,NaN,NaN,NaN,NaN,NaN,45.72,0,3462.3,0.0064211,NaN,NaN,NaN,NaN,NaN,-1,-1,-2.9289,0.56049,-12.549,-5.2459,9.9776,-4.3718,NaN,NaN,NaN,NaN,NaN
566.19,-14.915,-21.912,-149.28,-2.8559,0.51799,-17.421,-4.8866,8.827,-4.3969,0,0,0,NaN,NaN,NaN,NaN,NaN,NaN,NaN,NaN,NaN,45.72,0,3462.3,0.0064211,NaN,2.4922,NaN,0.049945,22.095,97777,10.688,-2.9231,0.55388,-12.528,-5.27,9.9623,-4.3605,NaN,NaN,NaN,NaN,NaN
566.2,-14.924,-21.86,-149.32,-2.7364,2.2491,-12.167,-5.1986,9.804,-4.5424,0,0,0,NaN,NaN,NaN,NaN,NaN,NaN,NaN,NaN,NaN,45.72,0,3462.3,0.0064211,NaN,2.4922,NaN,0.049945,NaN,-1,-1,-2.9112,0.53271,-12.477,-5.2617,9.9881,-4.3666,NaN,NaN,NaN,NaN,NaN
566.2,-14.93,-21.844,-149.34,-3.2182,0.11125,-12.043,-5.1253,7.2337,-4.5248,0,0,0,NaN,NaN,NaN,NaN,NaN,NaN,NaN,NaN,NaN,45.72,0,3462.3,0.0064211,NaN,NaN,NaN,NaN,21.985,97761,10.625,-2.9195,0.54551,-12.491,-5.2975,9.8766,-4.3559,NaN,NaN,NaN,NaN,NaN
566.2,-14.938,-21.821,-149.35,-3.4012,0.093596,-15.524,-6.2612,10.434,-3.9183,0,0,0,NaN,NaN,NaN,NaN,NaN,NaN,NaN,NaN,NaN,45.72,0,3462.3,0.0064211,0.74077,2.6193,0.65724,0.07242,22.038,97768,10.625,-2.9199,0.54225,-12.498,-5.385,9.9593,-4.3484,NaN,NaN,NaN,NaN,NaN
566.2,-14.943,-21.792,-149.37,-2.6523,1.7008,-11.79,-5.3857,13.039,-4.3985,0.083043,-0.024983,-1.1316,NaN,NaN,NaN,NaN,NaN,NaN,NaN,NaN,NaN,45.72,0,3462.3,0.0064211,NaN,NaN,NaN,NaN,NaN,-1,-1,-2.9152,0.55904,-12.486,-5.4462,9.8967,-4.3499,NaN,NaN,NaN,NaN,NaN
566.21,-14.949,-21.78,-149.39,-3.1063,0.23858,-14.233,-4.753,6.1312,-4.7212,0,0,0,NaN,NaN,NaN,NaN,NaN,NaN,NaN,NaN,NaN,45.72,0,3462.3,0.0064211,NaN,NaN,NaN,NaN,NaN,-1,-1,-2.9311,0.5726,-12.488,-5.4773,9.6669,-4.3548,NaN,NaN,NaN,NaN,NaN
566.21,-14.963,-21.723,-149.42,-2.8865,0.99918,-10.786,-6.1989,11.613,-4.2247,0,0,0,NaN,NaN,NaN,NaN,NaN,NaN,NaN,NaN,NaN,45.72,0,3462.3,0.0064211,NaN,NaN,NaN,NaN,NaN,-1,-1,-2.9268,0.57451,-12.476,-5.4986,9.9312,-4.3509,NaN,NaN,NaN,NaN,NaN
566.21,-14.972,-21.72,-149.44,-2.6585,-0.092626,-14.508,-5.7912,2.5193,-4.3695,0.09498,-0.027778,-1.1349,NaN,NaN,NaN,NaN,NaN,NaN,NaN,NaN,NaN,45.72,0,3462.3,0.0064211,NaN,NaN,NaN,NaN,21.948,97783,10.688,-2.9406,0.58083,-12.467,-5.5683,10.006,-4.3518,NaN,NaN,NaN,NaN,NaN
566.21,-14.983,-21.658,-149.48,-2.6345,0.094277,-9.8539,-5.2792,15.858,-4.3386,0,0,0,NaN,NaN,NaN,NaN,NaN,NaN,NaN,NaN,NaN,45.72,0,3462.3,0.0064211,NaN,NaN,NaN,NaN,21.949,97802,10.75,-2.9382,0.56135,-12.465,-5.658,9.8004,-4.3372,NaN,NaN,NaN,NaN,NaN
566.22,-14.99,-21.645,-149.49,-2.355,2.1128,-10.707,-5.39,6.3656,-4.3215,0,0,0,NaN,NaN,NaN,NaN,NaN,NaN,NaN,NaN,NaN,45.72,0,3462.3,0.0064211,NaN,NaN,NaN,NaN,NaN,-1,-1,-2.9362,0.55457,-12.423,-5.6931,9.7565,-4.3323,NaN,NaN,NaN,NaN,NaN
566.22,-15.005,-21.604,-149.53,-3.2405,2.5065,-14.936,-5.7175,12.696,-4.2791,0,0,0,NaN,NaN,NaN,NaN,NaN,NaN,NaN,NaN,NaN,45.72,0,3462.3,0.0064211,NaN,NaN,NaN,NaN,NaN,-1,-1,-2.9336,0.56927,-12.451,-5.7147,9.8711,-4.3445,NaN,NaN,NaN,NaN,NaN
566.22,-15.009,-21.578,-149.54,-1.6967,0.33889,-9.9257,-4.7833,11.459,-4.1625,0,0,0,NaN,NaN,NaN,NaN,NaN,NaN,NaN,NaN,NaN,45.72,0,3462.3,0.0064211,0.78511,2.5184,0.70532,0.00083241,NaN,-1,-1,-2.941,0.56623,-12.474,-5.7498,9.9746,-4.3374,NaN,NaN,NaN,NaN,NaN
566.22,-15.023,-21.537,-149.58,-4.1412,0.12432,-14.838,-6.8055,13.217,-4.5219,0.094859,-0.022751,-1.1305,NaN,NaN,NaN,NaN,NaN,NaN,NaN,NaN,NaN,45.72,0,3462.3,0.0064211,NaN,NaN,NaN,NaN,22.058,97821,10.813,-2.9346,0.56555,-12.438,-5.8265,9.9471,-4.3466,NaN,NaN,NaN,NaN,NaN
566.23,-15.033,-21.516,-149.6,-1.6202,0.74642,-9.1318,-6.8003,9.7641,-4.4197,0,0,0,NaN,NaN,NaN,NaN,NaN,NaN,NaN,NaN,NaN,45.72,0,3462.3,0.0064211,NaN,NaN,NaN,NaN,NaN,-1,-1,-2.9397,0.57557,-12.443,-5.8841,9.8683,-4.3379,NaN,NaN,NaN,NaN,NaN
566.23,-15.058,-21.453,-149.65,-2.6381,1.3013,-11.837,-6.877,11.391,-4.3932,0.085523,-0.025136,-1.1336,NaN,NaN,NaN,NaN,NaN,NaN,NaN,NaN,NaN,45.72,0,3462.3,0.0064211,NaN,NaN,NaN,NaN,NaN,-1,-1,-2.9518,0.57551,-12.429,-5.9246,9.8422,-4.3405,NaN,NaN,NaN,NaN,NaN
566.23,-15.066,-21.435,-149.66,-3.4636,1.6556,-11.35,-5.6835,8.2551,-4.4637,0,0,0,NaN,NaN,NaN,NaN,NaN,NaN,NaN,NaN,NaN,45.72,0,3462.3,0.0064211,NaN,NaN,NaN,NaN,22.077,97795,10.75,-2.9394,0.57427,-12.437,-5.9907,9.9352,-4.357,NaN,NaN,NaN,NaN,NaN
566.23,-15.072,-21.417,-149.68,-3.1655,-0.096467,-14.331,-5.2503,8.5634,-4.1489,0,0,0,NaN,NaN,NaN,NaN,NaN,NaN,NaN,NaN,NaN,45.72,0,3576.6,0.0069644,NaN,NaN,NaN,NaN,22.004,97819,10.813,-2.9616,0.57851,-12.403,-6.0134,9.8659,-4.364,NaN,NaN,NaN,NaN,NaN
566.24,-15.078,-21.393,-149.7,-3.3119,0.72622,-13.726,-5.573,10.964,-4.6517,0,0,0,NaN,NaN,NaN,NaN,NaN,NaN,NaN,NaN,NaN,45.72,0,3576.6,0.0069644,NaN,NaN,NaN,NaN,NaN,-1,-1,-2.9757,0.58192,-12.449,-6.0541,9.8213,-4.378,NaN,NaN,NaN,NaN,NaN
566.24,-15.085,-21.374,-149.71,-2.4117,1.1629,-12.85,-5.4559,8.7877,-4.1414,0.090151,-0.027594,-1.1332,NaN,NaN,NaN,NaN,NaN,NaN,NaN,NaN,NaN,45.72,0,3576.6,0.0069644,NaN,NaN,NaN,NaN,NaN,-1,-1,-2.9624,0.57272,-12.433,-6.1153,9.782,-4.3774,NaN,NaN,NaN,NaN,NaN
566.24,-15.092,-21.348,-149.73,-3.898,0.38285,-12.755,-6.0103,11.868,-4.5093,0,0,0,NaN,NaN,NaN,NaN,NaN,NaN,NaN,NaN,NaN,45.72,0,3576.6,0.0069644,NaN,NaN,NaN,NaN,21.967,97758,10.625,-2.9643,0.57154,-12.376,-6.1266,9.8317,-4.4069,NaN,NaN,NaN,NaN,NaN
566.24,-15.102,-21.322,-149.75,-2.2065,-0.60035,-8.4977,-6.7544,11.386,-4.1447,0,0,0,NaN,NaN,NaN,NaN,NaN,NaN,NaN,NaN,NaN,45.72,0,3576.6,0.0069644,0.7342,NaN,0.71566,NaN,22.02,97766,10.625,-2.9698,0.5729,-12.425,-6.1371,9.9129,-4.4117,NaN,NaN,NaN,NaN,NaN
566.25,-15.112,-21.317,-149.76,-2.7433,1.0439,-16.884,-6.1875,2.8565,-4.2527,0,0,0,NaN,NaN,NaN,NaN,NaN,NaN,NaN,NaN,NaN,45.72,0,3576.6,0.0069644,NaN,2.4838,NaN,0.049945,NaN,-1,-1,-2.9725,0.59793,-12.426,-6.1753,9.8423,-4.4152,NaN,NaN,NaN,NaN,NaN
566.25,-15.125,-21.265,-149.8,-3.1099,-0.3729,-13.836,-6.2179,10.4,-4.6669,0,0,0,NaN,NaN,NaN,NaN,NaN,NaN,NaN,NaN,NaN,45.72,0,3576.6,0.0069644,NaN,NaN,NaN,NaN,NaN,-1,-1,-2.9615,0.57827,-12.426,-6.1812,9.7354,-4.395,NaN,NaN,NaN,NaN,NaN
566.25,-15.137,-21.244,-149.82,-2.4103,2.2056,-9.301,-7.2157,9.4453,-4.2393,0,0,0,NaN,NaN,NaN,NaN,NaN,NaN,NaN,NaN,NaN,45.72,0,3576.6,0.0069644,NaN,NaN,NaN,NaN,NaN,-1,-1,-2.9717,0.57401,-12.394,-6.1868,9.8557,-4.4054,NaN,NaN,NaN,NaN,NaN
566.25,-15.15,-21.198,-149.85,-3.954,0.61747,-13.7,-5.9269,14.079,-4.3137,0.069426,-0.012942,-1.135,NaN,NaN,NaN,NaN,NaN,NaN,NaN,NaN,NaN,45.72,0,3576.6,0.0069644,NaN,NaN,NaN,NaN,22.076,97802,10.75,-2.9774,0.56204,-12.407,-6.2196,9.7865,-4.4156,NaN,NaN,NaN,NaN,NaN
566.26,-15.157,-21.183,-149.87,-1.6365,0.61414,-10.962,-5.3061,6.9094,-4.3145,0,0,0,NaN,NaN,NaN,NaN,NaN,NaN,NaN,NaN,NaN,45.72,0,3576.6,0.0069644,0.79661,2.5178,0.71445,0.0016648,NaN,-1,-1,-2.9673,0.55604,-12.395,-6.215,9.5599,-4.4247,NaN,NaN,NaN,NaN,NaN
566.26,-15.166,-21.162,-149.88,-3.7649,0.7367,-14.689,-6.4348,9.6963,-4.414,0,0,0,NaN,NaN,NaN,NaN,NaN,NaN,NaN,NaN,NaN,45.72,0,3576.6,0.0069644,NaN,NaN,NaN,NaN,NaN,-1,-1,-2.9683,0.55214,-12.381,-6.2561,9.6158,-4.4077,NaN,NaN,NaN,NaN,NaN
566.26,-15.175,-21.13,-149.91,-3.327,-0.57189,-11.285,-6.9296,14.333,-4.4016,0,0,0,NaN,NaN,NaN,NaN,NaN,NaN,NaN,NaN,NaN,45.72,0,3576.6,0.0069644,NaN,NaN,NaN,NaN,21.891,97795,10.688,-2.9755,0.54656,-12.405,-6.3192,9.7661,-4.4204,NaN,NaN,NaN,NaN,NaN
566.26,-15.185,-21.116,-149.92,-2.05,-0.026707,-11.501,-6.7317,6.9207,-4.6251,0.071716,-0.01046,-1.1326,NaN,NaN,NaN,NaN,NaN,NaN,NaN,NaN,NaN,45.72,0,3576.6,0.0069644,NaN,NaN,NaN,NaN,NaN,-1,-1,-2.9682,0.55719,-12.396,-6.3034,9.6782,-4.4411,NaN,NaN,NaN,NaN,NaN
566.27,-15.193,-21.106,-149.93,-3.6643,1.2633,-14.103,-5.6902,5.0768,-4.506,0,0,0,NaN,NaN,NaN,NaN,NaN,NaN,NaN,NaN,NaN,45.72,0,3576.6,0.0069644,NaN,NaN,NaN,NaN,21.983,97793,10.688,-2.9697,0.55241,-12.434,-6.3311,9.681,-4.4276,NaN,NaN,NaN,NaN,NaN
566.27,-15.2,-21.074,-149.95,-3.2821,-0.7336,-16.022,-6.1783,14.334,-4.5621,0,0,0,NaN,NaN,NaN,NaN,NaN,NaN,NaN,NaN,NaN,45.72,0,3576.6,0.0069644,NaN,NaN,NaN,NaN,NaN,-1,-1,-2.9796,0.57285,-12.457,-6.3183,9.276,-4.4213,NaN,NaN,NaN,NaN,NaN
566.27,-15.21,-21.05,-149.97,-2.5519,1.164,-9.076,-6.8875,10.503,-4.4006,0,0,0,NaN,NaN,NaN,NaN,NaN,NaN,NaN,NaN,NaN,45.72,0,3576.6,0.0069644,0.73365,2.6049,0.63899,0.095727,NaN,-1,-1,-2.9742,0.57899,-12.492,-6.2943,9.5664,-4.4175,NaN,NaN,NaN,NaN,NaN
566.27,-15.219,-21.036,-149.99,-3.5967,0.75343,-12.037,-6.52,6.9311,-4.6928,0.076065,-0.022493,-1.1322,NaN,NaN,NaN,NaN,NaN,NaN,NaN,NaN,NaN,45.72,0,3576.6,0.0069644,NaN,NaN,NaN,NaN,22.02,97791,10.688,-2.9769,0.58061,-12.477,-6.3022,9.3688,-4.396,NaN,NaN,NaN,NaN,NaN
566.28,-15.227,-21.018,-150,-3.4817,0.7197,-16.126,-5.7913,8.6606,-4.2953,0,0,0,NaN,NaN,NaN,NaN,NaN,NaN,NaN,NaN,NaN,45.72,0,3576.6,0.0069644,NaN,NaN,NaN,NaN,NaN,-1,-1,-2.9805,0.55262,-12.494,-6.3212,9.3381,-4.3791,NaN,NaN,NaN,NaN,NaN
566.28,-15.238,-20.969,-150.04,-3.3221,0.039545,-12.111,-5.312,9.1706,-4.3316,0,0,0,NaN,NaN,NaN,NaN,NaN,NaN,NaN,NaN,NaN,45.72,0,3576.6,0.0069644,0.74296,2.6163,0.65968,0.074917,NaN,-1,-1,-2.9752,0.54917,-12.497,-6.2404,9.3423,-4.368,NaN,NaN,NaN,NaN,NaN
566.28,-15.248,-20.948,-150.05,-3.5374,0.37418,-11.655,-6.6339,9.4445,-4.4596,0.080834,-0.020164,-1.1318,NaN,NaN,NaN,NaN,NaN,NaN,NaN,NaN,NaN,45.72,0,3576.6,0.0069644,0.74296,2.6163,0.65968,0.074917,22.109,97799,10.688,-2.9617,0.55688,-12.499,-6.4651,9.7372,-4.492,NaN,NaN,NaN,NaN,NaN
566.28,-15.258,-20.928,-150.07,-2.1911,0.14309,-12.556,-6.8102,9.345,-4.4412,0,0,0,NaN,NaN,NaN,NaN,NaN,NaN,NaN,NaN,NaN,45.72,0,3576.6,0.0069644,NaN,NaN,NaN,NaN,21.984,97788,10.688,-2.9804,0.53747,-12.55,-6.4732,9.7387,-4.4651,NaN,NaN,NaN,NaN,NaN
566.29,-15.266,-20.912,-150.09,-3.4997,0.75843,-14.192,-6.1201,7.5809,-4.4379,0,0,0,NaN,NaN,NaN,NaN,NaN,NaN,NaN,NaN,NaN,45.72,0,3576.6,0.0069644,NaN,NaN,NaN,NaN,NaN,-1,-1,-2.9796,0.53447,-12.515,-6.4633,9.7375,-4.4228,NaN,NaN,NaN,NaN,NaN
566.29,-15.275,-20.887,-150.11,-2.7307,-1.128,-13.106,-6.473,11.33,-4.5605,0,0,0,NaN,NaN,NaN,NaN,NaN,NaN,NaN,NaN,NaN,45.72,0,3576.6,0.0069644,NaN,NaN,NaN,NaN,NaN,-1,-1,-2.9567,0.57904,-12.528,-6.4056,9.5739,-4.3941,NaN,NaN,NaN,NaN,NaN
566.29,-15.285,-20.865,-150.12,-2.9442,1.3311,-11.853,-6.8444,10.092,-4.2085,0.075926,-0.027281,-1.1322,NaN,NaN,NaN,NaN,NaN,NaN,NaN,NaN,NaN,45.72,0,3576.6,0.0069644,NaN,NaN,NaN,NaN,NaN,-1,-1,-2.9863,0.57301,-12.581,-6.5483,9.7669,-4.4776,NaN,NaN,NaN,NaN,NaN
566.29,-15.294,-20.846,-150.14,-3.7875,0.90535,-12.859,-6.297,8.9512,-4.3583,0,0,0,NaN,NaN,NaN,NaN,NaN,NaN,NaN,NaN,NaN,45.72,0,3576.6,0.0069644,0.74515,2.6157,0.6469,0.085738,22.203,97797,10.75,-2.9792,0.55049,-12.586,-6.4343,9.7478,-4.422,NaN,NaN,NaN,NaN,NaN
566.3,-15.309,-20.799,-150.17,-2.7661,0.59559,-12.108,-5.7971,10.938,-3.9698,0,0,0,NaN,NaN,NaN,NaN,NaN,NaN,NaN,NaN,NaN,45.72,0,3576.6,0.0069644,NaN,NaN,NaN,NaN,NaN,-1,-1,-2.9706,0.56517,-12.567,-6.3297,9.5388,-4.3545,NaN,NaN,NaN,NaN,NaN
566.3,-15.318,-20.782,-150.19,-3.3978,1.2377,-14.277,-5.8259,8.1773,-4.1564,0.071506,-0.017641,-1.1326,NaN,NaN,NaN,NaN,NaN,NaN,NaN,NaN,NaN,45.72,0,3576.6,0.0069644,NaN,NaN,NaN,NaN,NaN,-1,-1,-2.9674,0.55724,-12.58,-6.2403,9.4869,-4.2957,NaN,NaN,NaN,NaN,NaN
566.3,-15.326,-20.756,-150.21,-3.7316,0.10562,-11.029,-6.356,11.814,-4.3373,0,0,0,NaN,NaN,NaN,NaN,NaN,NaN,NaN,NaN,NaN,45.72,0,3576.6,0.0069644,NaN,NaN,NaN,NaN,22.222,97815,10.813,-2.975,0.54617,-12.624,-6.2138,9.4969,-4.2389,NaN,NaN,NaN,NaN,NaN
566.3,-15.336,-20.731,-150.22,-2.1397,-0.31852,-11.733,-7.2216,11.138,-4.6461,0,0,0,NaN,NaN,NaN,NaN,NaN,NaN,NaN,NaN,NaN,45.72,0,3576.6,0.0069644,NaN,NaN,NaN,NaN,NaN,-1,-1,-2.9736,0.55029,-12.606,-6.171,9.0981,-4.1949,NaN,NaN,NaN,NaN,NaN
566.31,-15.347,-20.722,-150.24,-2.4611,0.75098,-12.709,-6.5751,4.7295,-4.0792,0,0,0,NaN,NaN,NaN,NaN,NaN,NaN,NaN,NaN,NaN,45.72,0,3576.6,0.0069644,0.72325,NaN,0.6329,NaN,22.149,97800,10.75,-2.9571,0.55234,-12.666,-6.1106,9.0272,-4.1376,NaN,NaN,NaN,NaN,NaN
566.31,-15.355,-20.698,-150.25,-4.1885,-0.3327,-15.92,-5.8766,10.882,-4.2031,0.071975,-0.010701,-1.137,-9.2391,-20.799,-10.65,25.127,40.057,-88.551,3.6775e+05,4.4352e+06,248.84,45.72,0,3576.6,0.0069644,NaN,2.6055,NaN,0.10655,NaN,-1,-1,-2.983,0.57205,-12.679,-6.0736,8.9201,-4.0874,24.945,-2.7343,1.2813,2.9405,-6.2472
566.31,-15.364,-20.668,-150.27,-2.4838,-0.7028,-11.931,-6.7686,13.287,-4.219,0,0,0,NaN,NaN,NaN,NaN,NaN,NaN,NaN,NaN,NaN,45.72,0,3576.6,0.0069644,NaN,NaN,NaN,NaN,NaN,-1,-1,-2.9674,0.55324,-12.634,-6.045,8.943,-4.0322,NaN,NaN,NaN,NaN,NaN
566.31,-15.373,-20.651,-150.29,-2.8085,2.6495,-10.289,-6.5614,8.0276,-4.3421,0,0,0,NaN,NaN,NaN,NaN,NaN,NaN,NaN,NaN,NaN,45.72,0,3576.6,0.0069644,NaN,NaN,NaN,NaN,22.325,97777,10.625,-2.9288,0.57129,-12.54,-5.9591,8.9071,-3.9755,NaN,NaN,NaN,NaN,NaN
566.32,-15.38,-20.634,-150.3,-4.3992,0.83112,-16.045,-4.8691,7.8525,-3.8282,0,0,0,NaN,NaN,NaN,NaN,NaN,NaN,NaN,NaN,NaN,45.72,0,3576.6,0.0069644,NaN,NaN,NaN,NaN,NaN,-1,-1,-2.9524,0.54903,-12.616,-5.9103,8.8366,-3.9335,NaN,NaN,NaN,NaN,NaN
566.32,-15.395,-20.586,-150.34,-2.6384,0.64638,-12.683,-6.2304,7.6246,-3.8407,0,0,0,NaN,NaN,NaN,NaN,NaN,NaN,NaN,NaN,NaN,45.72,0,3576.6,0.0069644,0.74241,2.6139,0.65481,0.074917,NaN,-1,-1,-2.9512,0.54515,-12.657,-5.917,8.9211,-3.9188,NaN,NaN,NaN,NaN,NaN
566.32,-15.404,-20.564,-150.35,-4.2123,0.99839,-12.82,-6.2474,10.031,-4.3398,0,0,0,NaN,NaN,NaN,NaN,NaN,NaN,NaN,NaN,NaN,45.72,0,3576.6,0.0069644,NaN,NaN,NaN,NaN,22.11,97813,10.75,-2.9442,0.52223,-12.619,-5.9673,8.8833,-3.893,NaN,NaN,NaN,NaN,NaN
566.32,-15.414,-20.535,-150.37,-2.3126,-1.0845,-12.086,-7.1333,12.954,-4.2505,0,0,0,NaN,NaN,NaN,NaN,NaN,NaN,NaN,NaN,NaN,45.72,0,3576.6,0.0069644,NaN,NaN,NaN,NaN,22.378,97806,10.688,-2.95,0.52734,-12.696,-5.9512,8.7364,-3.8746,NaN,NaN,NaN,NaN,NaN
566.33,-15.426,-20.525,-150.39,-2.4024,0.55881,-12.461,-7.0033,5.2068,-4.1122,0.071586,-0.01034,-1.1304,NaN,NaN,NaN,NaN,NaN,NaN,NaN,NaN,NaN,45.72,0,3576.6,0.0069644,NaN,NaN,NaN,NaN,NaN,-1,-1,-2.9226,0.52427,-12.633,-5.9526,8.8174,-3.8523,NaN,NaN,NaN,NaN,NaN
566.33,-15.433,-20.503,-150.41,-3.9228,0.88061,-15.746,-6.0325,10.182,-4.6332,0,0,0,NaN,NaN,NaN,NaN,NaN,NaN,NaN,NaN,NaN,45.72,0,3576.6,0.0069644,NaN,NaN,NaN,NaN,NaN,-1,-1,-2.9282,0.51884,-12.623,-5.9657,8.8839,-3.8366,NaN,NaN,NaN,NaN,NaN
566.33,-15.44,-20.477,-150.42,-2.7905,-0.81285,-12.683,-5.807,11.77,-4.4931,0,0,0,NaN,NaN,NaN,NaN,NaN,NaN,NaN,NaN,NaN,45.72,0,3576.6,0.0069644,0.72763,2.6139,0.63594,0.094895,NaN,-1,-1,-2.9302,0.5436,-12.696,-5.9763,8.8741,-3.8214,NaN,NaN,NaN,NaN,NaN
566.33,-15.453,-20.454,-150.44,-2.8165,1.9385,-11.177,-7.7503,10.313,-4.1766,0,0,0,NaN,NaN,NaN,NaN,NaN,NaN,NaN,NaN,NaN,45.72,0,3576.6,0.0069644,NaN,NaN,NaN,NaN,22.358,97793,10.625,-2.9417,0.54483,-12.734,-5.978,8.8812,-3.8051,NaN,NaN,NaN,NaN,NaN
566.34,0,0,0,0,0,0,0,0,0,0,0,0,NaN,NaN,NaN,NaN,NaN,NaN,NaN,NaN,NaN,45.72,0,3576.6,0.0069644,NaN,NaN,NaN,NaN,NaN,-1,-1,-2.9438,0.52664,-12.749,-5.9756,8.919,-3.7966,NaN,NaN,NaN,NaN,NaN
566.34,-15.461,-20.438,-150.46,-3.683,0.89709,-14.346,-5.8954,7.5153,-3.9513,0.069426,-0.012942,-1.135,NaN,NaN,NaN,NaN,NaN,NaN,NaN,NaN,NaN,45.72,0,3576.6,0.0069644,NaN,NaN,NaN,NaN,NaN,-1,-1,-2.9657,0.52368,-12.828,-5.9948,8.8642,-3.7788,NaN,NaN,NaN,NaN,NaN
566.34,-15.486,-20.37,-150.51,-3.2571,1.7347,-11.706,-6.7004,9.2954,-4.4109,0,0,0,NaN,NaN,NaN,NaN,NaN,NaN,NaN,NaN,NaN,45.72,0,3576.6,0.0069644,0.74022,2.6121,0.65177,0.069923,22.364,97802,10.75,-2.9554,0.51846,-12.832,-6.0198,8.9286,-3.786,NaN,NaN,NaN,NaN,NaN
566.34,-15.497,-20.344,-150.52,-3.4417,-0.2505,-13.005,-7.1421,11.359,-4.1256,0.055211,-0.007721,-1.1319,NaN,NaN,NaN,NaN,NaN,NaN,NaN,NaN,NaN,45.759,0,3716.5,0.0075089,0.74022,2.6121,0.65177,0.069923,22.309,97831,10.813,-2.9516,0.51306,-12.842,-6.0941,8.8338,-3.8045,NaN,NaN,NaN,NaN,NaN
566.35,0,0,0,0,0,0,0,0,0,0,0,0,NaN,NaN,NaN,NaN,NaN,NaN,NaN,NaN,NaN,45.759,0,3716.5,0.0075089,NaN,NaN,NaN,NaN,NaN,-1,-1,-2.9581,0.51119,-12.894,-6.1318,8.9222,-3.8087,NaN,NaN,NaN,NaN,NaN
566.35,-15.509,-20.328,-150.54,-2.2968,-0.14433,-13.317,-7.3132,7.6894,-4.2723,0,0,0,NaN,NaN,NaN,NaN,NaN,NaN,NaN,NaN,NaN,45.759,0,3716.5,0.0075089,NaN,NaN,NaN,NaN,NaN,-1,-1,-2.9585,0.53175,-12.917,-6.173,9.0035,-3.8063,NaN,NaN,NaN,NaN,NaN
566.35,-15.529,-20.283,-150.57,-2.5824,0.56259,-13.947,-7.0312,11.463,-4.2009,0,0,0,NaN,NaN,NaN,NaN,NaN,NaN,NaN,NaN,NaN,45.759,0,3716.5,0.0075089,NaN,NaN,NaN,NaN,NaN,-1,-1,-2.9601,0.52747,-12.928,-6.2484,9.1372,-3.8152,NaN,NaN,NaN,NaN,NaN
566.35,-15.54,-20.26,-150.59,-3.3731,1.7607,-13.096,-7.2739,10.528,-4.3925,0.062319,-0.010332,-1.1334,NaN,NaN,NaN,NaN,NaN,NaN,NaN,NaN,NaN,45.759,0,3716.5,0.0075089,NaN,NaN,NaN,NaN,22.38,97817,10.75,-2.9655,0.53181,-12.967,-6.2969,9.265,-3.8099,NaN,NaN,NaN,NaN,NaN
566.36,-15.56,-20.22,-150.62,-3.8639,2.4413,-14.753,-6.3383,8.8843,-4.0297,0,0,0,NaN,NaN,NaN,NaN,NaN,NaN,NaN,NaN,NaN,45.759,0,3716.5,0.0075089,0.73639,2.4838,0.71627,0.045783,NaN,-1,-1,-2.968,0.51858,-12.957,-6.3279,9.2179,-3.8189,NaN,NaN,NaN,NaN,NaN
566.36,-15.569,-20.192,-150.64,-1.6666,0.072599,-13.775,-6.3821,12.489,-3.7178,0,0,0,NaN,NaN,NaN,NaN,NaN,NaN,NaN,NaN,NaN,45.759,0,3716.5,0.0075089,NaN,NaN,NaN,NaN,NaN,-1,-1,-2.9761,0.50282,-12.992,-6.4452,9.3352,-3.8461,NaN,NaN,NaN,NaN,NaN
566.36,-15.595,-20.178,-150.67,-4.5559,1.1157,-13.269,-7.08,10.106,-4.6198,0.05776,-0.00548,-1.1339,NaN,NaN,NaN,NaN,NaN,NaN,NaN,NaN,NaN,45.759,0,3716.5,0.0075089,NaN,NaN,NaN,NaN,22.274,97782,10.688,-2.9713,0.49891,-13.019,-6.5633,9.4521,-3.901,NaN,NaN,NaN,NaN,NaN
566.36,-15.608,-20.155,-150.69,-1.7296,-1.5765,-11.443,-7.7804,10.62,-4.1151,0,0,0,NaN,NaN,NaN,NaN,NaN,NaN,NaN,NaN,NaN,45.759,0,3716.5,0.0075089,NaN,NaN,NaN,NaN,22.327,97788,10.688,-2.9642,0.48906,-13.009,-6.6316,9.469,-3.9207,NaN,NaN,NaN,NaN,NaN
566.37,-15.629,-20.111,-150.72,-2.911,-0.20708,-11.466,-6.5518,12.412,-4.4104,0,0,0,NaN,NaN,NaN,NaN,NaN,NaN,NaN,NaN,NaN,45.759,0,3716.5,0.0075089,NaN,NaN,NaN,NaN,NaN,-1,-1,-2.9622,0.48603,-12.998,-6.6811,9.6305,-3.9403,NaN,NaN,NaN,NaN,NaN
566.37,-15.642,-20.095,-150.74,-2.7753,0.14202,-17.695,-7.7226,7.4171,-4.5851,0.05548,-0.003054,-1.1341,NaN,NaN,NaN,NaN,NaN,NaN,NaN,NaN,NaN,45.759,0,3716.5,0.0075089,NaN,2.602,NaN,0.085738,NaN,-1,-1,-2.9683,0.51536,-13.018,-6.7693,9.8301,-3.97,NaN,NaN,NaN,NaN,NaN
566.37,-15.655,-20.071,-150.76,-3.9421,1.4177,-10.531,-8.0226,11.012,-4.3871,0,0,0,NaN,NaN,NaN,NaN,NaN,NaN,NaN,NaN,NaN,45.759,0,3716.5,0.0075089,NaN,NaN,NaN,NaN,NaN,-1,-1,-2.9636,0.50607,-13.029,-6.8523,9.8923,-3.9969,NaN,NaN,NaN,NaN,NaN
566.37,-15.666,-20.044,-150.77,-1.9366,1.5924,-15.958,-7.2532,12.125,-3.5941,0,0,0,NaN,NaN,NaN,NaN,NaN,NaN,NaN,NaN,NaN,45.759,0,3716.5,0.0075089,NaN,NaN,NaN,NaN,22.324,97784,10.625,-2.9955,0.50706,-13.157,-6.8859,10.107,-4.0154,NaN,NaN,NaN,NaN,NaN
566.38,-15.675,-20.024,-150.79,-4.3068,0.52936,-10.489,-5.9423,8.9577,-4.202,0,0,0,NaN,NaN,NaN,NaN,NaN,NaN,NaN,NaN,NaN,45.759,0,3716.5,0.0075089,NaN,NaN,NaN,NaN,NaN,-1,-1,-2.9851,0.48781,-13.169,-6.9351,10.053,-4.0443,NaN,NaN,NaN,NaN,NaN
566.38,-15.685,-20.003,-150.81,-2.5588,0.51413,-17.567,-6.905,9.6404,-3.9632,0.0599,-0.012693,-1.1337,NaN,NaN,NaN,NaN,NaN,NaN,NaN,NaN,NaN,45.759,0,3716.5,0.0075089,0.74241,2.6121,0.65237,0.073252,NaN,-1,-1,-2.9764,0.4889,-13.187,-7.0173,10.129,-4.084,NaN,NaN,NaN,NaN,NaN
566.38,-15.695,-19.975,-150.82,-3.4438,1.0694,-12.068,-6.9283,12.536,-4.2469,0,0,0,NaN,NaN,NaN,NaN,NaN,NaN,NaN,NaN,NaN,45.759,0,3716.5,0.0075089,NaN,NaN,NaN,NaN,22.108,97803,10.688,-3.001,0.48541,-13.324,-7.1714,10.357,-4.1293,NaN,NaN,NaN,NaN,NaN
566.38,-15.707,-19.953,-150.84,-2.4522,-0.32948,-11.815,-7.5429,10.276,-3.9898,0,0,0,NaN,NaN,NaN,NaN,NaN,NaN,NaN,NaN,NaN,45.759,0,3716.5,0.0075089,NaN,NaN,NaN,NaN,NaN,-1,-1,-3.0088,0.49946,-13.366,-7.2957,10.439,-4.1712,NaN,NaN,NaN,NaN,NaN
566.39,-15.72,-19.934,-150.86,-3.4693,-0.66673,-15.407,-7.612,8.889,-4.4051,0,0,0,NaN,NaN,NaN,NaN,NaN,NaN,NaN,NaN,NaN,45.759,0,3716.5,0.0075089,NaN,NaN,NaN,NaN,22.216,97809,10.688,-3.0046,0.49583,-13.423,-7.3495,10.497,-4.2237,NaN,NaN,NaN,NaN,NaN
566.39,-15.731,-19.913,-150.87,-2.6535,0.86881,-11.911,-7.3569,9.744,-4.1953,0.052862,-0.007689,-1.1321,NaN,NaN,NaN,NaN,NaN,NaN,NaN,NaN,NaN,45.759,0,3716.5,0.0075089,NaN,NaN,NaN,NaN,NaN,-1,-1,-3.0048,0.50435,-13.443,-7.3882,10.594,-4.2894,NaN,NaN,NaN,NaN,NaN
566.39,-15.742,-19.893,-150.89,-3.039,1.3905,-17.878,-6.99,9.244,-4.0775,0,0,0,NaN,NaN,NaN,NaN,NaN,NaN,NaN,NaN,NaN,45.759,0,3716.5,0.0075089,NaN,NaN,NaN,NaN,NaN,-1,-1,-3.0039,0.51443,-13.473,-7.5094,10.903,-4.3445,NaN,NaN,NaN,NaN,NaN
566.39,-15.754,-19.865,-150.91,-3.825,-0.65341,-10.574,-7.7809,12.586,-4.6267,0,0,0,NaN,NaN,NaN,NaN,NaN,NaN,NaN,NaN,NaN,45.759,0,3716.5,0.0075089,NaN,NaN,NaN,NaN,22.288,97809,10.688,-3.0039,0.5269,-13.5,-7.3637,10.651,-4.2392,NaN,NaN,NaN,NaN,NaN
566.4,-15.768,-19.845,-150.93,-1.8005,1.2985,-15.665,-8.1833,9.2228,-4.0137,0,0,0,NaN,NaN,NaN,NaN,NaN,NaN,NaN,NaN,NaN,45.759,0,3716.5,0.0075089,NaN,NaN,NaN,NaN,NaN,-1,-1,-3.003,0.50413,-13.537,-7.3722,10.607,-4.2526,NaN,NaN,NaN,NaN,NaN
566.4,-15.785,-19.8,-150.96,-2.4293,-0.20822,-15.434,-6.1757,12.265,-3.7212,0,0,0,NaN,NaN,NaN,NaN,NaN,NaN,NaN,NaN,NaN,45.759,0,3716.5,0.0075089,NaN,NaN,NaN,NaN,NaN,-1,-1,-3.0183,0.51522,-13.558,-7.4177,10.636,-4.2794,NaN,NaN,NaN,NaN,NaN
566.4,-15.797,-19.776,-150.98,-3.1594,-0.19661,-13.511,-7.68,10.96,-4.386,0,0,0,NaN,NaN,NaN,NaN,NaN,NaN,NaN,NaN,NaN,45.759,0,3716.5,0.0075089,NaN,NaN,NaN,NaN,22.247,97774,10.5,-3.0085,0.50238,-13.567,-7.4939,10.774,-4.3189,NaN,NaN,NaN,NaN,NaN
566.4,-15.811,-19.753,-151,-3.3908,1.1245,-11.069,-8.3084,10.431,-4.3933,0,0,0,NaN,NaN,NaN,NaN,NaN,NaN,NaN,NaN,NaN,45.759,0,3716.5,0.0075089,0.73639,2.6163,0.65237,0.064928,NaN,-1,-1,-3.0093,0.52054,-13.614,-7.3168,10.485,-4.199,NaN,NaN,NaN,NaN,NaN
566.41,-15.822,-19.737,-151.01,-2.3243,0.30036,-16.998,-6.9943,7.5846,-4.3396,0.043804,-0.000499,-1.1351,NaN,NaN,NaN,NaN,NaN,NaN,NaN,NaN,NaN,45.759,0,3716.5,0.0075089,NaN,NaN,NaN,NaN,22.397,97800,10.688,-3.0199,0.52804,-13.661,-7.347,10.36,-4.1851,NaN,NaN,NaN,NaN,NaN
566.41,-15.845,-19.692,-151.05,-3.5838,1.5029,-17.217,-7.3195,9.6192,-4.4926,0,0,0,NaN,NaN,NaN,NaN,NaN,NaN,NaN,NaN,NaN,45.759,0,3716.5,0.0075089,NaN,NaN,NaN,NaN,NaN,-1,-1,-3.0229,0.54502,-13.692,-7.3259,10.356,-4.1849,NaN,NaN,NaN,NaN,NaN
566.41,-15.857,-19.665,-151.06,-3.0847,0.36868,-11.317,-7.9274,12.412,-4.3447,0,0,0,NaN,NaN,NaN,NaN,NaN,NaN,NaN,NaN,NaN,45.759,0,3716.5,0.0075089,NaN,NaN,NaN,NaN,NaN,-1,-1,-3.0164,0.53149,-13.667,-7.3369,10.44,-4.1843,NaN,NaN,NaN,NaN,NaN
566.41,-15.875,-19.624,-151.1,-4.9633,2.2699,-15.363,-5.8151,11.772,-4.0672,0,0,0,NaN,NaN,NaN,NaN,NaN,NaN,NaN,NaN,NaN,45.759,0,3716.5,0.0075089,NaN,NaN,NaN,NaN,22.45,97802,10.688,-3.0132,0.53885,-13.699,-7.3523,10.295,-4.196,NaN,NaN,NaN,NaN,NaN
566.42,-15.885,-19.597,-151.11,-0.99561,-0.65124,-10.928,-6.5983,12.025,-3.6057,0,0,0,NaN,NaN,NaN,NaN,NaN,NaN,NaN,NaN,NaN,45.759,0,3716.5,0.0075089,NaN,NaN,NaN,NaN,NaN,-1,-1,-3.025,0.51759,-13.74,-7.3305,10.399,-4.1802,NaN,NaN,NaN,NaN,NaN
566.42,-15.898,-19.579,-151.13,-4.2531,1.4655,-15.209,-7.6164,8.3387,-4.1398,0,0,0,NaN,NaN,NaN,NaN,NaN,NaN,NaN,NaN,NaN,45.759,0,3716.5,0.0075089,NaN,NaN,NaN,NaN,NaN,-1,-1,-3.0236,0.51551,-13.781,-7.3022,10.307,-4.2048,NaN,NaN,NaN,NaN,NaN
566.42,-15.91,-19.558,-151.15,-3.486,-0.38473,-13.306,-7.6018,9.5832,-4.3453,0.038995,0.0095,-1.1289,NaN,NaN,NaN,NaN,NaN,NaN,NaN,NaN,NaN,45.759,0,3716.5,0.0075089,NaN,NaN,NaN,NaN,22.503,97802,10.688,-3.0095,0.50693,-13.776,-7.3582,10.329,-4.217,NaN,NaN,NaN,NaN,NaN
566.42,-15.922,-19.533,-151.16,-1.2488,-0.001612,-16.778,-7.4558,11.575,-4.1595,0,0,0,NaN,NaN,NaN,NaN,NaN,NaN,NaN,NaN,NaN,45.759,0,3716.5,0.0075089,NaN,NaN,NaN,NaN,NaN,-1,-1,-3.0223,0.52535,-13.787,-7.4041,10.363,-4.2331,NaN,NaN,NaN,NaN,NaN
566.43,-15.933,-19.509,-151.18,-4.0445,-0.69345,-9.6854,-7.5806,11.002,-4.4904,0,0,0,NaN,NaN,NaN,NaN,NaN,NaN,NaN,NaN,NaN,45.759,0,3716.5,0.0075089,NaN,NaN,NaN,NaN,22.34,97817,10.688,-3.0174,0.532,-13.848,-7.4239,10.318,-4.2564,NaN,NaN,NaN,NaN,NaN
566.43,-15.946,-19.498,-151.2,-2.5892,1.3111,-17.64,-7.3079,5.5712,-4.3337,0,0,0,NaN,NaN,NaN,NaN,NaN,NaN,NaN,NaN,NaN,45.759,0,3716.5,0.0075089,0.72544,NaN,0.63533,NaN,NaN,-1,-1,-3.0129,0.55015,-13.842,-7.4243,10.209,-4.2573,NaN,NaN,NaN,NaN,NaN
566.43,-15.959,-19.469,-151.22,-2.6274,0.92466,-13.758,-8.1459,12.822,-4.0285,0.041214,0.009588,-1.1265,NaN,NaN,NaN,NaN,NaN,NaN,NaN,NaN,NaN,45.759,0,3716.5,0.0075089,NaN,2.6145,NaN,0.092398,NaN,-1,-1,-3.0143,0.57655,-13.855,-7.4249,10.345,-4.242,NaN,NaN,NaN,NaN,NaN
566.43,-15.97,-19.444,-151.23,-3.7811,1.1922,-14.085,-7.2519,11.665,-4.2382,0,0,0,NaN,NaN,NaN,NaN,NaN,NaN,NaN,NaN,NaN,45.759,0,3716.5,0.0075089,NaN,NaN,NaN,NaN,22.468,97803,10.688,-3.0125,0.57205,-13.838,-7.3858,10.175,-4.2553,NaN,NaN,NaN,NaN,NaN
566.44,-15.978,-19.42,-151.25,-3.6028,2.0105,-13.555,-5.9059,10.734,-4.0687,0,0,0,NaN,NaN,NaN,NaN,NaN,NaN,NaN,NaN,NaN,45.759,0,3716.5,0.0075089,NaN,NaN,NaN,NaN,NaN,-1,-1,-3.0125,0.5628,-13.879,-7.3464,10.271,-4.233,NaN,NaN,NaN,NaN,NaN
566.44,-15.989,-19.405,-151.27,-2.175,-0.44751,-14.046,-6.6057,6.9888,-4.0799,0,0,0,NaN,NaN,NaN,NaN,NaN,NaN,NaN,NaN,NaN,45.759,0,3716.5,0.0075089,NaN,NaN,NaN,NaN,NaN,-1,-1,-3.0088,0.55639,-13.878,-7.3487,10.407,-4.2371,NaN,NaN,NaN,NaN,NaN
566.44,-16.001,-19.379,-151.28,-4.2001,0.62446,-16.003,-7.7628,12.17,-4.4074,0.041524,0.001927,-1.1353,NaN,NaN,NaN,NaN,NaN,NaN,NaN,NaN,NaN,45.759,0,3716.5,0.0075089,NaN,NaN,NaN,NaN,22.145,97844,10.813,-3.0011,0.55796,-13.909,-7.3572,10.277,-4.227,NaN,NaN,NaN,NaN,NaN
566.44,-16.014,-19.348,-151.3,-1.8756,-0.025002,-10.705,-8.0262,13.48,-4.0428,0,0,0,NaN,NaN,NaN,NaN,NaN,NaN,NaN,NaN,NaN,45.73,0,3826.5,0.0064211,0.73967,2.6133,0.65724,0.077414,NaN,-1,-1,-2.9995,0.56555,-13.945,-7.4065,10.247,-4.2412,NaN,NaN,NaN,NaN,NaN
566.45,-16.027,-19.336,-151.32,-2.6721,-0.2261,-15.635,-7.6987,5.9278,-4.1315,0,0,0,NaN,NaN,NaN,NaN,NaN,NaN,NaN,NaN,NaN,45.73,0,3826.5,0.0064211,NaN,NaN,NaN,NaN,22.233,97832,10.75,-2.9993,0.57659,-13.908,-7.3907,10.413,-4.2342,NaN,NaN,NaN,NaN,NaN
566.45,-16.039,-19.312,-151.34,-3.7896,-0.045561,-15.083,-7.4035,11.015,-4.371,0,0,0,NaN,NaN,NaN,NaN,NaN,NaN,NaN,NaN,NaN,45.73,0,3826.5,0.0064211,NaN,NaN,NaN,NaN,NaN,-1,-1,-3.0059,0.59872,-13.915,-7.3375,10.204,-4.2143,NaN,NaN,NaN,NaN,NaN
566.45,-16.051,-19.288,-151.35,-2.676,0.84241,-14.265,-7.9233,11.183,-4.3654,0.043683,0.004528,-1.1307,NaN,NaN,NaN,NaN,NaN,NaN,NaN,NaN,NaN,45.73,0,3826.5,0.0064211,NaN,NaN,NaN,NaN,NaN,-1,-1,-2.9997,0.59415,-13.934,-7.3234,10.246,-4.2271,NaN,NaN,NaN,NaN,NaN
566.45,-16.063,-19.265,-151.37,-2.4206,0.85892,-13.258,-7.598,10.56,-4.5114,0,0,0,NaN,NaN,NaN,NaN,NaN,NaN,NaN,NaN,NaN,45.73,0,3826.5,0.0064211,NaN,NaN,NaN,NaN,22.27,97783,10.625,-2.9959,0.59925,-13.907,-7.3656,10.411,-4.2019,NaN,NaN,NaN,NaN,NaN
566.46,-16.075,-19.245,-151.39,-3.9361,1.2299,-14.256,-7.1423,9.3708,-3.9017,0,0,0,NaN,NaN,NaN,NaN,NaN,NaN,NaN,NaN,NaN,45.73,0,3826.5,0.0064211,0.72872,2.6079,0.63533,0.090733,NaN,-1,-1,-2.9913,0.57608,-13.918,-7.2776,10.388,-4.185,NaN,NaN,NaN,NaN,NaN
566.46,-16.093,-19.197,-151.42,-2.0312,1.3288,-12.656,-6.7371,9.6607,-4.0489,0.046182,0.014191,-1.1282,NaN,NaN,NaN,NaN,NaN,NaN,NaN,NaN,NaN,45.73,0,3826.5,0.0064211,NaN,NaN,NaN,NaN,NaN,-1,-1,-2.9918,0.58118,-13.91,-7.2411,10.351,-4.1707,NaN,NaN,NaN,NaN,NaN
566.46,-16.103,-19.174,-151.44,-4.7447,0.45913,-13.599,-6.9782,10.978,-4.7441,0,0,0,NaN,NaN,NaN,NaN,NaN,NaN,NaN,NaN,NaN,45.73,0,3826.5,0.0064211,NaN,NaN,NaN,NaN,22.306,97808,10.688,-2.9878,0.56458,-13.931,-7.2701,10.54,-4.1775,NaN,NaN,NaN,NaN,NaN
566.46,-16.117,-19.149,-151.46,-1.7178,-1.6684,-12.639,-8.2988,11.134,-4.3412,0,0,0,NaN,NaN,NaN,NaN,NaN,NaN,NaN,NaN,NaN,45.73,0,3826.5,0.0064211,NaN,NaN,NaN,NaN,NaN,-1,-1,-2.9849,0.5914,-13.911,-7.2464,10.318,-4.18,NaN,NaN,NaN,NaN,NaN
566.47,-16.13,-19.134,-151.48,-3.1567,1.2437,-16.048,-7.7123,7.4665,-4.6246,0,0,0,NaN,NaN,NaN,NaN,NaN,NaN,NaN,NaN,NaN,45.73,0,3826.5,0.0064211,NaN,NaN,NaN,NaN,22.268,97797,10.625,-2.9876,0.60344,-13.952,-7.2739,10.278,-4.1971,NaN,NaN,NaN,NaN,NaN
566.47,-16.139,-19.106,-151.49,-3.1013,-0.075973,-13.753,-6.5015,12.408,-3.8997,0.041284,0.011982,-1.1265,NaN,NaN,NaN,NaN,NaN,NaN,NaN,NaN,NaN,45.73,0,3826.5,0.0064211,0.72434,2.4862,0.7114,0.039956,NaN,-1,-1,-2.9937,0.61632,-13.982,-7.2598,10.446,-4.1794,NaN,NaN,NaN,NaN,NaN
566.47,-16.151,-19.088,-151.51,-2.4061,0.14516,-14.442,-7.3693,8.7033,-4.3083,0,0,0,NaN,NaN,NaN,NaN,NaN,NaN,NaN,NaN,NaN,45.73,0,3826.5,0.0064211,NaN,NaN,NaN,NaN,NaN,-1,-1,-2.9944,0.60233,-13.938,-7.1496,10.435,-4.1652,NaN,NaN,NaN,NaN,NaN
566.47,-16.165,-19.06,-151.53,-3.0282,0.50642,-13.633,-8.2424,12.438,-3.9715,0,0,0,NaN,NaN,NaN,NaN,NaN,NaN,NaN,NaN,NaN,45.73,0,3826.5,0.0064211,NaN,NaN,NaN,NaN,22.167,97822,10.813,-2.9995,0.60245,-13.947,-7.0233,10.493,-4.1357,NaN,NaN,NaN,NaN,NaN
566.48,-16.175,-19.039,-151.54,-3.7049,2.9504,-15.148,-6.4478,9.7164,-3.7942,0,0,0,NaN,NaN,NaN,NaN,NaN,NaN,NaN,NaN,NaN,45.73,0,3826.5,0.0064211,NaN,NaN,NaN,NaN,NaN,-1,-1,-2.9874,0.59038,-13.928,-7.0367,10.535,-4.1196,NaN,NaN,NaN,NaN,NaN
566.48,-16.181,-19.013,-151.56,-2.995,0.077289,-13.882,-5.1535,11.465,-3.9092,0.036855,0.016714,-1.1291,NaN,NaN,NaN,NaN,NaN,NaN,NaN,NaN,NaN,45.73,0,3826.5,0.0064211,NaN,NaN,NaN,NaN,NaN,-1,-1,-2.9963,0.58183,-13.942,-6.9858,10.483,-4.1089,NaN,NaN,NaN,NaN,NaN
566.48,-16.192,-18.995,-151.58,-2.5574,0.53133,-14.091,-6.7824,8.6475,-3.8618,0,0,0,NaN,NaN,NaN,NaN,NaN,NaN,NaN,NaN,NaN,45.73,0,3826.5,0.0064211,NaN,NaN,NaN,NaN,22.408,97773,10.5,-2.9989,0.58604,-13.959,-6.8921,10.541,-4.0847,NaN,NaN,NaN,NaN,NaN
566.48,-16.204,-18.963,-151.6,-4.6753,0.79853,-13.485,-7.8046,14.145,-4.392,0,0,0,NaN,NaN,NaN,NaN,NaN,NaN,NaN,NaN,NaN,45.73,0,3826.5,0.0064211,0.73912,2.4928,0.71992,0.035794,NaN,-1,-1,-2.9956,0.59192,-13.981,-6.8834,10.603,-4.0907,NaN,NaN,NaN,NaN,NaN
566.49,-16.227,-18.929,-151.63,-3.8666,0.61187,-15.867,-7.17,8.3939,-4.0475,0.034286,0.004657,-1.1315,NaN,NaN,NaN,NaN,NaN,NaN,NaN,NaN,NaN,45.73,0,3826.5,0.0064211,NaN,NaN,NaN,NaN,22.395,97855,10.813,-3.0022,0.61978,-13.963,-6.8896,10.38,-4.0902,NaN,NaN,NaN,NaN,NaN
566.49,-16.237,-18.896,-151.65,-2.7063,-0.1595,-13.521,-6.8441,14.675,-3.6634,0,0,0,NaN,NaN,NaN,NaN,NaN,NaN,NaN,NaN,NaN,45.73,0,3826.5,0.0064211,NaN,NaN,NaN,NaN,NaN,-1,-1,-2.9957,0.60555,-13.944,-6.884,10.546,-4.075,NaN,NaN,NaN,NaN,NaN
566.49,-16.25,-18.881,-151.66,-2.1036,1.827,-13.279,-7.6177,7.2752,-4.435,0,0,0,NaN,NaN,NaN,NaN,NaN,NaN,NaN,NaN,NaN,45.73,0,3826.5,0.0064211,NaN,NaN,NaN,NaN,NaN,-1,-1,-3.0001,0.58796,-13.948,-6.8035,10.562,-4.0603,NaN,NaN,NaN,NaN,NaN
566.49,-16.26,-18.863,-151.68,-3.8411,-0.15074,-16.361,-6.234,8.5612,-3.9079,0,0,0,NaN,NaN,NaN,NaN,NaN,NaN,NaN,NaN,NaN,45.73,0,3826.5,0.0064211,NaN,NaN,NaN,NaN,22.178,97837,10.75,-2.9926,0.5775,-13.952,-6.6845,10.599,-4.0329,NaN,NaN,NaN,NaN,NaN
566.5,-16.268,-18.829,-151.7,-4.1274,2.816,-14.459,-6.4518,14.768,-4.0086,0.02457,0.00754,-1.1257,NaN,NaN,NaN,NaN,NaN,NaN,NaN,NaN,NaN,45.73,0,3826.5,0.0064211,0.7227,NaN,0.63168,NaN,NaN,-1,-1,-3,0.57818,-13.985,-6.5982,10.469,-4.0107,NaN,NaN,NaN,NaN,NaN
566.5,-16.275,-18.805,-151.71,-1.0837,-0.34496,-11.355,-5.0429,10.734,-3.6248,0,0,0,NaN,NaN,NaN,NaN,NaN,NaN,NaN,NaN,NaN,45.73,0,3826.5,0.0064211,NaN,NaN,NaN,NaN,NaN,-1,-1,-2.9963,0.54928,-13.938,-6.5348,10.579,-3.9847,NaN,NaN,NaN,NaN,NaN
566.5,-16.286,-18.796,-151.73,-4.0904,1.0222,-15.475,-6.4807,4.914,-3.9962,0,0,0,NaN,NaN,NaN,NaN,NaN,NaN,NaN,NaN,NaN,45.73,0,3826.5,0.0064211,NaN,NaN,NaN,NaN,22.23,97812,10.625,-2.9983,0.58386,-13.931,-6.4672,10.711,-3.9596,NaN,NaN,NaN,NaN,NaN
566.5,-16.296,-18.761,-151.75,-4.0405,-0.64754,-15.693,-7.1496,15.325,-4.2494,0,0,0,NaN,NaN,NaN,NaN,NaN,NaN,NaN,NaN,NaN,45.73,0,3826.5,0.0064211,NaN,NaN,NaN,NaN,NaN,-1,-1,-3.0068,0.57259,-13.992,-6.4428,10.479,-3.9421,NaN,NaN,NaN,NaN,NaN
566.51,-16.306,-18.735,-151.76,-1.2669,0.41542,-11.205,-6.7754,11.99,-3.8367,0.02255,0.009726,-1.1304,NaN,NaN,NaN,NaN,NaN,NaN,NaN,NaN,NaN,45.73,0,3826.5,0.0064211,NaN,NaN,NaN,NaN,22.307,97863,10.875,-3.0039,0.58565,-13.941,-6.4336,10.494,-3.9472,NaN,NaN,NaN,NaN,NaN
566.51,-16.314,-18.726,-151.78,-3.2492,-0.67353,-13.339,-5.4538,4.5845,-4.3895,0,0,0,NaN,NaN,NaN,NaN,NaN,NaN,NaN,NaN,NaN,45.73,0,3826.5,0.0064211,0.74405,2.6067,0.64325,0.086571,NaN,-1,-1,-3.0112,0.58869,-13.958,-6.5465,10.844,-4.0449,NaN,NaN,NaN,NaN,NaN
566.51,-16.325,-18.697,-151.8,-3.6274,0.22305,-16.844,-7.1784,12.938,-3.7695,0,0,0,NaN,NaN,NaN,NaN,NaN,NaN,NaN,NaN,NaN,45.73,0,3826.5,0.0064211,NaN,NaN,NaN,NaN,NaN,-1,-1,-3.0139,0.58358,-13.932,-6.4595,10.916,-4.0107,NaN,NaN,NaN,NaN,NaN
566.51,-16.336,-18.669,-151.82,-2.3662,2.0681,-12.307,-7.1112,12.876,-4.3039,0,0,0,NaN,NaN,NaN,NaN,NaN,NaN,NaN,NaN,NaN,45.73,0,3826.5,0.0064211,NaN,NaN,NaN,NaN,22.412,97855,10.813,-3.009,0.56675,-13.935,-6.3198,10.684,-3.9542,NaN,NaN,NaN,NaN,NaN
566.52,-16.345,-18.658,-151.83,-2.6257,0.44837,-15.73,-5.8427,5.363,-3.7013,0.015791,0.024305,-1.1287,NaN,NaN,NaN,NaN,NaN,NaN,NaN,NaN,NaN,45.73,0,3826.5,0.0064211,NaN,NaN,NaN,NaN,NaN,-1,-1,-3.0144,0.56356,-13.94,-6.2039,10.663,-3.902,NaN,NaN,NaN,NaN,NaN
566.52,-16.353,-18.625,-151.85,-4.997,1.3071,-13.494,-5.987,14.402,-3.7317,0,0,0,NaN,NaN,NaN,NaN,NaN,NaN,NaN,NaN,NaN,45.73,0,3826.5,0.0064211,NaN,NaN,NaN,NaN,NaN,-1,-1,-3.0126,0.55498,-13.907,-6.0896,10.618,-3.8811,NaN,NaN,NaN,NaN,NaN
566.52,-16.358,-18.601,-151.86,-1.3541,1.5539,-13.623,-4.4079,11.083,-3.3893,0,0,0,NaN,NaN,NaN,NaN,NaN,NaN,NaN,NaN,NaN,45.73,0,3826.5,0.0064211,NaN,NaN,NaN,NaN,22.336,97777,10.5,-3.0071,0.56343,-13.887,-6.2003,10.873,-3.9669,NaN,NaN,NaN,NaN,NaN
566.52,-16.367,-18.585,-151.88,-3.8998,0.5742,-13.389,-6.02,7.5339,-4.2904,0,0,0,NaN,NaN,NaN,NaN,NaN,NaN,NaN,NaN,NaN,45.73,0,3826.5,0.0064211,0.72817,2.6121,0.63107,0.10239,NaN,-1,-1,-3.0094,0.55615,-13.897,-6.078,10.488,-3.9243,NaN,NaN,NaN,NaN,NaN
566.53,-16.377,-18.557,-151.89,-3.2174,-2.1737,-14.412,-6.6345,12.515,-3.9358,0.024709,0.012327,-1.1257,NaN,NaN,NaN,NaN,NaN,NaN,NaN,NaN,NaN,45.73,0,3826.5,0.0064211,NaN,NaN,NaN,NaN,22.177,97846,10.75,-3.0112,0.57978,-13.91,-5.9869,10.38,-3.8819,NaN,NaN,NaN,NaN,NaN
566.53,-16.39,-18.532,-151.91,-2.117,1.0349,-14.934,-7.8021,11.372,-3.8245,0,0,0,NaN,NaN,NaN,NaN,NaN,NaN,NaN,NaN,NaN,45.73,0,3826.5,0.0064211,NaN,NaN,NaN,NaN,NaN,-1,-1,-3.0087,0.59179,-13.839,-5.9436,10.143,-3.8503,NaN,NaN,NaN,NaN,NaN
566.53,-16.396,-18.515,-151.92,-3.2051,0.49584,-12.337,-4.499,7.9514,-3.8503,0,0,0,NaN,NaN,NaN,NaN,NaN,NaN,NaN,NaN,NaN,45.73,0,3826.5,0.0064211,NaN,NaN,NaN,NaN,NaN,-1,-1,-3.0081,0.57916,-13.827,-5.8739,10.245,-3.7954,NaN,NaN,NaN,NaN,NaN
566.53,-16.405,-18.489,-151.94,-3.0445,-0.25844,-15.077,-6.2276,11.57,-3.8735,0,0,0,NaN,NaN,NaN,NaN,NaN,NaN,NaN,NaN,NaN,45.73,0,3826.5,0.0064211,0.74186,2.6127,0.65846,0.07242,22.301,97837,10.688,-3.0028,0.57447,-13.818,-5.7374,9.9402,-3.7258,NaN,NaN,NaN,NaN,NaN
566.54,-16.417,-18.467,-151.96,-2.6125,0.38151,-14.955,-7.5065,10.409,-4.107,0.02035,0.019453,-1.1283,-8.7571,-21.474,-9.9946,25.253,40.057,-88.551,3.6775e+05,4.4352e+06,246.13,45.73,0,3826.5,0.0064211,0.74186,2.6127,0.65846,0.07242,NaN,-1,-1,-3.0007,0.56597,-13.813,-5.6116,9.9503,-3.6688,25.048,-2.8835,1.4152,3.2336,-6.5566
566.54,-16.424,-18.445,-151.97,-3.1606,2.9349,-13.792,-5.1182,9.8493,-3.5322,0,0,0,NaN,NaN,NaN,NaN,NaN,NaN,NaN,NaN,NaN,45.73,0,3826.5,0.0064211,NaN,NaN,NaN,NaN,NaN,-1,-1,-3.0033,0.54365,-13.772,-5.472,9.9948,-3.6225,NaN,NaN,NaN,NaN,NaN
566.54,-16.428,-18.416,-151.99,-3.9435,0.98789,-13.818,-4.0481,12.637,-3.5249,0,0,0,NaN,NaN,NaN,NaN,NaN,NaN,NaN,NaN,NaN,45.73,0,3826.5,0.0064211,NaN,NaN,NaN,NaN,22.375,97800,10.625,-2.9942,0.56296,-13.741,-5.3858,9.9026,-3.5822,NaN,NaN,NaN,NaN,NaN
566.54,-16.435,-18.399,-152.01,-2.2478,-0.29765,-12.722,-4.9636,7.9326,-3.5826,0,0,0,NaN,NaN,NaN,NaN,NaN,NaN,NaN,NaN,NaN,45.73,0,3826.5,0.0064211,NaN,NaN,NaN,NaN,NaN,-1,-1,-2.9957,0.57037,-13.735,-5.3298,9.7504,-3.5594,NaN,NaN,NaN,NaN,NaN
566.55,-16.444,-18.374,-152.02,-3.6599,1.334,-14.815,-6.3056,11.498,-3.7113,0.015711,0.017003,-1.131,NaN,NaN,NaN,NaN,NaN,NaN,NaN,NaN,NaN,45.73,0,3826.5,0.0064211,NaN,NaN,NaN,NaN,22.481,97808,10.625,-2.9903,0.57549,-13.737,-5.3025,9.9087,-3.5235,NaN,NaN,NaN,NaN,NaN
566.55,-16.46,-18.329,-152.06,-2.0723,0.29924,-14.194,-5.987,10.209,-3.9027,0,0,0,NaN,NaN,NaN,NaN,NaN,NaN,NaN,NaN,NaN,45.73,0,3826.5,0.0064211,0.7977,2.5166,0.71201,0.015816,NaN,-1,-1,-2.9956,0.59746,-13.694,-5.2784,9.7777,-3.5078,NaN,NaN,NaN,NaN,NaN
566.55,-16.467,-18.305,-152.07,-3.4121,0.21912,-13.012,-5.4114,11.158,-3.7262,0,0,0,NaN,NaN,NaN,NaN,NaN,NaN,NaN,NaN,NaN,45.73,0,3826.5,0.0064211,NaN,NaN,NaN,NaN,NaN,-1,-1,-2.985,0.58706,-13.645,-5.1776,9.6196,-3.4663,NaN,NaN,NaN,NaN,NaN
566.55,-16.476,-18.286,-152.09,-2.5951,1.1218,-14.22,-5.7881,8.8787,-4.2067,0.010902,0.027003,-1.1247,NaN,NaN,NaN,NaN,NaN,NaN,NaN,NaN,NaN,45.73,0,3826.5,0.0064211,NaN,NaN,NaN,NaN,22.231,97846,10.75,-2.9494,0.58157,-13.52,-5.0954,9.8199,-3.4545,NaN,NaN,NaN,NaN,NaN
566.56,-16.485,-18.264,-152.1,-2.8948,-0.17499,-16.563,-6.3561,9.8008,-3.8733,0,0,0,NaN,NaN,NaN,NaN,NaN,NaN,NaN,NaN,NaN,45.73,0,3826.5,0.0064211,NaN,NaN,NaN,NaN,NaN,-1,-1,-2.962,0.56345,-13.523,-4.9602,9.7506,-3.4123,NaN,NaN,NaN,NaN,NaN
566.56,-16.491,-18.234,-152.12,-4.2118,3.4961,-11.836,-4.8208,13.227,-3.7039,0,0,0,NaN,NaN,NaN,NaN,NaN,NaN,NaN,NaN,NaN,45.73,0,3826.5,0.0064211,NaN,NaN,NaN,NaN,NaN,-1,-1,-2.9623,0.56533,-13.517,-4.881,9.5903,-3.3978,NaN,NaN,NaN,NaN,NaN
566.56,-16.495,-18.21,-152.14,-1.7968,0.60929,-13.81,-3.8348,10.804,-3.2037,0,0,0,NaN,NaN,NaN,NaN,NaN,NaN,NaN,NaN,NaN,45.73,0,3826.5,0.0064211,NaN,NaN,NaN,NaN,22.408,97860,10.75,-2.9501,0.55944,-13.467,-4.8286,9.7153,-3.3752,NaN,NaN,NaN,NaN,NaN
566.56,0,0,0,0,0,0,0,0,0,0,0,0,NaN,NaN,NaN,NaN,NaN,NaN,NaN,NaN,NaN,45.73,0,3923.6,0.0064211,NaN,2.5984,NaN,0.090733,NaN,-1,-1,-2.9292,0.57105,-13.345,-4.8433,9.7415,-3.3646,NaN,NaN,NaN,NaN,NaN
566.57,-16.502,-18.197,-152.15,-3.8592,-0.25291,-13.364,-5.1822,6.2072,-3.7716,0.022949,0.014273,-1.1348,NaN,NaN,NaN,NaN,NaN,NaN,NaN,NaN,NaN,45.73,0,3923.6,0.0064211,NaN,2.5984,NaN,0.090733,22.304,97837,10.75,-2.9342,0.56499,-13.363,-4.8108,9.5771,-3.3912,NaN,NaN,NaN,NaN,NaN
566.57,-16.512,-18.166,-152.17,-3.3116,0.4224,-15.905,-6.489,14.031,-3.8967,0,0,0,NaN,NaN,NaN,NaN,NaN,NaN,NaN,NaN,NaN,45.73,0,3923.6,0.0064211,NaN,NaN,NaN,NaN,NaN,-1,-1,-2.9204,0.57016,-13.366,-4.785,9.6265,-3.3739,NaN,NaN,NaN,NaN,NaN
566.57,-16.526,-18.126,-152.2,-2.728,-0.80947,-11.864,-5.519,8.0128,-3.9607,0,0,0,NaN,NaN,NaN,NaN,NaN,NaN,NaN,NaN,NaN,45.73,0,3923.6,0.0064211,NaN,NaN,NaN,NaN,NaN,-1,-1,-2.9279,0.57881,-13.348,-4.7645,9.6959,-3.3721,NaN,NaN,NaN,NaN,NaN
566.57,-16.534,-18.105,-152.22,-3.2871,0.65389,-18.274,-5.7694,9.7819,-3.8545,0.010893,0.022095,-1.127,NaN,NaN,NaN,NaN,NaN,NaN,NaN,NaN,NaN,45.73,0,3923.6,0.0064211,NaN,NaN,NaN,NaN,22.299,97806,10.563,-2.9139,0.56893,-13.329,-4.7225,9.558,-3.3645,NaN,NaN,NaN,NaN,NaN
566.58,0,0,0,0,0,0,0,0,0,0,0,0,NaN,NaN,NaN,NaN,NaN,NaN,NaN,NaN,NaN,45.73,0,3923.6,0.0064211,0.75226,2.6115,0.65785,0.061598,NaN,-1,-1,-2.9177,0.5815,-13.334,-4.6882,9.6594,-3.3809,NaN,NaN,NaN,NaN,NaN
566.58,-16.543,-18.072,-152.24,-2.9314,1.0258,-11.452,-6.214,14.705,-3.8852,0,0,0,NaN,NaN,NaN,NaN,NaN,NaN,NaN,NaN,NaN,45.73,0,3923.6,0.0064211,NaN,NaN,NaN,NaN,NaN,-1,-1,-2.9233,0.57386,-13.308,-4.5991,9.7649,-3.3708,NaN,NaN,NaN,NaN,NaN
566.58,-16.555,-18.032,-152.27,-4.1499,2.503,-15.724,-4.1932,12.066,-3.2385,0,0,0,NaN,NaN,NaN,NaN,NaN,NaN,NaN,NaN,NaN,45.73,0,3923.6,0.0064211,NaN,NaN,NaN,NaN,22.323,97832,10.75,-2.9132,0.57459,-13.267,-4.5607,9.6508,-3.3956,NaN,NaN,NaN,NaN,NaN
566.58,-16.557,-18.003,-152.28,-2.7635,0.58696,-12.708,-3.4359,12.815,-3.3218,0.022838,0.024208,-1.1281,NaN,NaN,NaN,NaN,NaN,NaN,NaN,NaN,NaN,45.73,0,3923.6,0.0064211,NaN,NaN,NaN,NaN,22.106,97841,10.75,-2.9097,0.59834,-13.255,-4.591,9.7091,-3.4139,NaN,NaN,NaN,NaN,NaN
566.59,-16.573,-17.97,-152.31,-3.1062,-0.53868,-15.059,-5.2434,6.4005,-3.7431,0,0,0,NaN,NaN,NaN,NaN,NaN,NaN,NaN,NaN,NaN,45.73,0,3923.6,0.0064211,NaN,NaN,NaN,NaN,NaN,-1,-1,-2.9138,0.61862,-13.27,-4.7016,9.7219,-3.4443,NaN,NaN,NaN,NaN,NaN
566.59,-16.58,-17.933,-152.33,-3.3507,-0.052139,-15.007,-5.7755,16.296,-4.1086,0,0,0,NaN,NaN,NaN,NaN,NaN,NaN,NaN,NaN,NaN,45.73,0,3923.6,0.0064211,NaN,NaN,NaN,NaN,NaN,-1,-1,-2.9499,0.63278,-13.358,-4.692,9.8053,-3.4705,NaN,NaN,NaN,NaN,NaN
566.59,-16.595,-17.922,-152.35,-2.0865,-0.12736,-10.4,-4.0238,9.3152,-3.9593,0.010962,0.024489,-1.127,NaN,NaN,NaN,NaN,NaN,NaN,NaN,NaN,NaN,45.73,0,3923.6,0.0064211,NaN,NaN,NaN,NaN,NaN,-1,-1,-2.9385,0.62214,-13.32,-4.6675,9.8453,-3.5019,NaN,NaN,NaN,NaN,NaN
566.59,-16.606,-17.912,-152.36,-3.3709,0.73847,-16.198,-6.0036,4.7518,-3.6658,0,0,0,NaN,NaN,NaN,NaN,NaN,NaN,NaN,NaN,NaN,45.73,0,3923.6,0.0064211,NaN,NaN,NaN,NaN,22.12,97860,10.75,-2.9372,0.60235,-13.331,-4.724,9.8891,-3.5257,NaN,NaN,NaN,NaN,NaN
566.6,-16.613,-17.88,-152.38,-3.0899,1.0802,-16.203,-5.8765,14.52,-4.1674,0,0,0,NaN,NaN,NaN,NaN,NaN,NaN,NaN,NaN,NaN,45.73,0,3923.6,0.0064211,NaN,NaN,NaN,NaN,NaN,-1,-1,-2.9298,0.59502,-13.339,-4.7238,9.9598,-3.5521,NaN,NaN,NaN,NaN,NaN
566.6,-16.619,-17.854,-152.4,-2.7814,1.6423,-11.404,-4.6984,11.462,-3.4491,0,0,0,NaN,NaN,NaN,NaN,NaN,NaN,NaN,NaN,NaN,45.73,0,3923.6,0.0064211,NaN,NaN,NaN,NaN,NaN,-1,-1,-2.9566,0.59279,-13.445,-4.6564,10.069,-3.5539,NaN,NaN,NaN,NaN,NaN
566.6,-16.622,-17.835,-152.42,-3.2968,1.4238,-13.746,-3.5378,8.7727,-3.4508,0.006384,0.019526,-1.1318,NaN,NaN,NaN,NaN,NaN,NaN,NaN,NaN,NaN,45.73,0,3923.6,0.0064211,0.76923,2.6044,0.66333,0.054107,22.266,97833,10.688,-2.9577,0.59675,-13.44,-4.6452,10.066,-3.5823,NaN,NaN,NaN,NaN,NaN
566.6,-16.627,-17.813,-152.43,-3.3825,0.50362,-14.399,-4.2675,10.084,-3.6885,0,0,0,NaN,NaN,NaN,NaN,NaN,NaN,NaN,NaN,NaN,45.73,0,3923.6,0.0064211,NaN,NaN,NaN,NaN,NaN,-1,-1,-2.9654,0.61302,-13.441,-4.7335,10.106,-3.6073,NaN,NaN,NaN,NaN,NaN
566.61,-16.634,-17.787,-152.45,-3.0225,-0.22494,-13.89,-5.4009,11.895,-4.1007,0,0,0,NaN,NaN,NaN,NaN,NaN,NaN,NaN,NaN,NaN,45.73,0,3923.6,0.0064211,NaN,NaN,NaN,NaN,22.34,97884,10.875,-2.9686,0.61891,-13.481,-4.8049,10.147,-3.6546,NaN,NaN,NaN,NaN,NaN
566.61,-16.642,-17.77,-152.46,-2.7519,-1.2064,-12.632,-5.2801,7.6506,-3.4104,0,0,0,NaN,NaN,NaN,NaN,NaN,NaN,NaN,NaN,NaN,45.73,0,3923.6,0.0064211,NaN,NaN,NaN,NaN,NaN,-1,-1,-2.9666,0.62597,-13.444,-4.826,10.332,-3.6764,NaN,NaN,NaN,NaN,NaN
566.61,-16.65,-17.743,-152.48,-2.9152,0.4232,-14.885,-5.5681,12.258,-3.9888,0.012843,0.017516,-1.1224,NaN,NaN,NaN,NaN,NaN,NaN,NaN,NaN,NaN,45.73,0,3923.6,0.0064211,NaN,NaN,NaN,NaN,NaN,-1,-1,-2.9763,0.62188,-13.42,-4.8352,10.352,-3.7183,NaN,NaN,NaN,NaN,NaN
566.61,-16.658,-17.724,-152.5,-2.9934,-0.23971,-13.534,-5.471,8.7708,-3.6023,0,0,0,NaN,NaN,NaN,NaN,NaN,NaN,NaN,NaN,NaN,45.73,0,3923.6,0.0064211,NaN,NaN,NaN,NaN,22.177,97844,10.75,-2.9636,0.60934,-13.435,-4.8883,10.412,-3.7543,NaN,NaN,NaN,NaN,NaN
566.62,-16.666,-17.701,-152.51,-2.962,1.6847,-14.39,-5.7338,10.56,-4.2772,0,0,0,NaN,NaN,NaN,NaN,NaN,NaN,NaN,NaN,NaN,45.73,0,3923.6,0.0064211,0.82782,2.4999,0.71201,0.016648,NaN,-1,-1,-2.979,0.59983,-13.463,-4.9223,10.488,-3.7984,NaN,NaN,NaN,NaN,NaN
566.62,-16.675,-17.651,-152.55,-3.848,2.4669,-11.592,-3.5902,11.169,-3.6719,0.006334,0.026947,-1.1274,NaN,NaN,NaN,NaN,NaN,NaN,NaN,NaN,NaN,45.73,0,3923.6,0.0064211,NaN,NaN,NaN,NaN,NaN,-1,-1,-2.9727,0.612,-13.474,-4.9284,10.794,-3.8255,NaN,NaN,NaN,NaN,NaN
566.62,-16.679,-17.631,-152.56,-2.2013,0.33944,-14.669,-3.5091,9.0995,-3.173,0,0,0,NaN,NaN,NaN,NaN,NaN,NaN,NaN,NaN,NaN,45.73,0,3923.6,0.0064211,NaN,NaN,NaN,NaN,22.336,97841,10.688,-2.9748,0.60669,-13.43,-4.7505,10.461,-3.7228,NaN,NaN,NaN,NaN,NaN
566.62,-16.685,-17.608,-152.58,-3.4444,0.50176,-13.331,-5.0951,10.732,-3.9641,0,0,0,NaN,NaN,NaN,NaN,NaN,NaN,NaN,NaN,NaN,45.73,0,3923.6,0.0064211,NaN,NaN,NaN,NaN,NaN,-1,-1,-2.9677,0.60717,-13.463,-4.7876,10.277,-3.7545,NaN,NaN,NaN,NaN,NaN
566.63,-16.692,-17.584,-152.59,-3.2032,-0.90354,-13.766,-5.3411,10.874,-4.2391,0,0,0,NaN,NaN,NaN,NaN,NaN,NaN,NaN,NaN,NaN,45.73,0,3923.6,0.0064211,0.75938,NaN,0.63168,NaN,22.368,97818,10.563,-2.9768,0.60116,-13.469,-4.8983,10.373,-3.7926,NaN,NaN,NaN,NaN,NaN
566.63,-16.699,-17.564,-152.61,-2.8238,-0.1145,-13.432,-5.0453,9.3753,-4.0154,0.003436,0.012737,-1.1254,NaN,NaN,NaN,NaN,NaN,NaN,NaN,NaN,NaN,45.73,0,3923.6,0.0064211,NaN,2.5978,NaN,0.097392,NaN,-1,-1,-2.9635,0.60565,-13.494,-4.9755,10.509,-3.8261,NaN,NaN,NaN,NaN,NaN
566.63,-16.706,-17.539,-152.63,-2.5883,-0.47146,-12.89,-5.1551,11.275,-3.3674,0,0,0,NaN,NaN,NaN,NaN,NaN,NaN,NaN,NaN,NaN,45.73,0,3923.6,0.0064211,NaN,NaN,NaN,NaN,NaN,-1,-1,-2.9733,0.59546,-13.446,-4.9965,10.403,-3.8323,NaN,NaN,NaN,NaN,NaN
566.63,-16.714,-17.521,-152.64,-3.1511,1.7004,-14.998,-5.2819,8.3882,-3.8017,0,0,0,NaN,NaN,NaN,NaN,NaN,NaN,NaN,NaN,NaN,45.73,0,3923.6,0.0064211,NaN,NaN,NaN,NaN,22.32,97827,10.688,-2.967,0.57515,-13.468,-4.8296,9.9885,-3.7166,NaN,NaN,NaN,NaN,NaN
566.64,-16.721,-17.496,-152.66,-2.8405,0.41617,-15.32,-5.4854,11.214,-3.7467,0,0,0,NaN,NaN,NaN,NaN,NaN,NaN,NaN,NaN,NaN,45.73,0,3923.6,0.0064211,NaN,NaN,NaN,NaN,NaN,-1,-1,-2.9644,0.58728,-13.475,-4.8537,10.191,-3.702,NaN,NaN,NaN,NaN,NaN
566.64,-16.726,-17.471,-152.68,-3.2816,1.6231,-12.14,-4.2951,11.308,-3.7315,0.006064,0.02228,-1.1252,NaN,NaN,NaN,NaN,NaN,NaN,NaN,NaN,NaN,45.73,0,3923.6,0.0064211,NaN,NaN,NaN,NaN,NaN,-1,-1,-2.9627,0.60517,-13.467,-4.8309,10.256,-3.687,NaN,NaN,NaN,NaN,NaN
566.64,-16.728,-17.443,-152.69,-3.2664,1.9807,-13.127,-3.2837,12.351,-3.3021,0,0,0,NaN,NaN,NaN,NaN,NaN,NaN,NaN,NaN,NaN,45.73,0,3923.6,0.0064211,0.76923,2.4916,0.71506,0.028302,22.159,97847,10.75,-2.9584,0.61422,-13.477,-4.7653,10.244,-3.6532,NaN,NaN,NaN,NaN,NaN
566.64,-16.732,-17.429,-152.7,-2.8817,0.53458,-13.533,-3.5164,6.6105,-3.4654,0,0,0,NaN,NaN,NaN,NaN,NaN,NaN,NaN,NaN,NaN,45.73,0,3923.6,0.0064211,NaN,NaN,NaN,NaN,NaN,-1,-1,-2.9635,0.6429,-13.45,-4.833,10.146,-3.6542,NaN,NaN,NaN,NaN,NaN
566.65,-16.748,-17.379,-152.74,-2.1458,-0.92612,-13.069,-5.7365,11.228,-3.3602,0.001626,0.022104,-1.13,NaN,NaN,NaN,NaN,NaN,NaN,NaN,NaN,NaN,45.73,0,3923.6,0.0064211,NaN,NaN,NaN,NaN,22.283,97837,10.688,-2.9609,0.66041,-13.473,-4.9091,10.312,-3.6699,NaN,NaN,NaN,NaN,NaN
566.65,-16.755,-17.356,-152.75,-3.43,0.3764,-12.813,-5.1717,10.339,-3.9311,0,0,0,NaN,NaN,NaN,NaN,NaN,NaN,NaN,NaN,NaN,45.73,0,3923.6,0.0064211,NaN,NaN,NaN,NaN,NaN,-1,-1,-2.9692,0.64386,-13.424,-4.8519,10.292,-3.6701,NaN,NaN,NaN,NaN,NaN
566.65,-16.762,-17.336,-152.77,-2.7903,0.32138,-13.818,-4.8488,8.9223,-3.3539,0,0,0,NaN,NaN,NaN,NaN,NaN,NaN,NaN,NaN,NaN,45.73,0,3923.6,0.0064211,NaN,NaN,NaN,NaN,NaN,-1,-1,-2.9753,0.63489,-13.409,-4.8695,10.067,-3.6549,NaN,NaN,NaN,NaN,NaN
566.65,-16.77,-17.313,-152.79,-2.6133,1.2676,-13.984,-5.8522,10.811,-4.1149,0,0,0,NaN,NaN,NaN,NaN,NaN,NaN,NaN,NaN,NaN,45.73,0,3923.6,0.0064211,NaN,NaN,NaN,NaN,22.083,97822,10.625,-2.9707,0.63725,-13.424,-4.9301,10.273,-3.6594,NaN,NaN,NaN,NaN,NaN
566.66,-16.778,-17.292,-152.8,-3.2105,1.2771,-15.007,-5.1597,9.5996,-3.4164,-0.003133,0.024682,-1.1282,NaN,NaN,NaN,NaN,NaN,NaN,NaN,NaN,NaN,45.73,0,3923.6,0.0064211,NaN,NaN,NaN,NaN,NaN,-1,-1,-2.9703,0.61332,-13.434,-4.9328,10.23,-3.6488,NaN,NaN,NaN,NaN,NaN
566.66,-16.78,-17.265,-152.82,-4.3035,2.8177,-12.899,-3.5977,11.969,-3.6574,0,0,0,NaN,NaN,NaN,NaN,NaN,NaN,NaN,NaN,NaN,45.73,0,3923.6,0.0064211,NaN,NaN,NaN,NaN,NaN,-1,-1,-2.9662,0.62637,-13.387,-4.8467,10.247,-3.6332,NaN,NaN,NaN,NaN,NaN
566.66,-16.784,-17.24,-152.83,-1.771,-0.31492,-12.757,-3.8425,11.242,-3.2077,0,0,0,NaN,NaN,NaN,NaN,NaN,NaN,NaN,NaN,NaN,45.73,0,3923.6,0.0064211,NaN,NaN,NaN,NaN,22.318,97822,10.625,-2.9662,0.61797,-13.363,-4.8064,10.266,-3.6167,NaN,NaN,NaN,NaN,NaN
566.66,-16.791,-17.223,-152.85,-3.2822,1.6582,-12.499,-4.8968,7.8985,-3.8451,0,0,0,NaN,NaN,NaN,NaN,NaN,NaN,NaN,NaN,NaN,45.73,0,3923.6,0.0064211,NaN,NaN,NaN,NaN,NaN,-1,-1,-2.9691,0.6473,-13.394,-4.8728,10.309,-3.6326,NaN,NaN,NaN,NaN,NaN
566.67,-16.8,-17.201,-152.86,-3.5453,-2.269,-14.857,-5.9722,10.407,-3.8869,-0.003193,0.027196,-1.126,NaN,NaN,NaN,NaN,NaN,NaN,NaN,NaN,NaN,45.73,0,3923.6,0.0064211,0.77197,2.6049,0.65785,0.084906,22.211,97856,10.75,-2.9509,0.6266,-13.339,-4.9457,10.07,-3.6135,NaN,NaN,NaN,NaN,NaN
566.67,-16.809,-17.179,-152.88,-2.5619,0.4581,-14.238,-5.777,10.067,-3.9197,0,0,0,NaN,NaN,NaN,NaN,NaN,NaN,NaN,NaN,NaN,45.73,0,3923.6,0.0064211,NaN,NaN,NaN,NaN,NaN,-1,-1,-2.9695,0.63327,-13.331,-5.0095,10.287,-3.6132,NaN,NaN,NaN,NaN,NaN
566.67,-16.815,-17.148,-152.9,-2.4887,-0.54569,-10.941,-5.1654,13.762,-3.608,0,0,0,NaN,NaN,NaN,NaN,NaN,NaN,NaN,NaN,NaN,45.73,0,3923.6,0.0064211,NaN,NaN,NaN,NaN,NaN,-1,-1,-2.9587,0.60871,-13.337,-5.036,10.134,-3.605,NaN,NaN,NaN,NaN,NaN
566.67,-16.823,-17.138,-152.91,-3.21,1.546,-14.736,-5.0003,4.7455,-3.6102,0,0,0,NaN,NaN,NaN,NaN,NaN,NaN,NaN,NaN,NaN,45.759,0,4007.9,0.0069644,NaN,NaN,NaN,NaN,22.03,97858,10.75,-2.9505,0.60468,-13.335,-5.0629,10.117,-3.6171,NaN,NaN,NaN,NaN,NaN
566.68,-16.833,-17.113,-152.93,-3.0993,0.45795,-16.386,-6.214,11.689,-3.8924,-0.008221,0.025107,-1.122,NaN,NaN,NaN,NaN,NaN,NaN,NaN,NaN,NaN,45.759,0,4007.9,0.0069644,NaN,NaN,NaN,NaN,NaN,-1,-1,-2.9627,0.60148,-13.301,-5.0439,10.377,-3.6113,NaN,NaN,NaN,NaN,NaN
566.68,-16.838,-17.085,-152.95,-2.8357,2.5751,-12.055,-4.5785,12.285,-3.2474,0,0,0,NaN,NaN,NaN,NaN,NaN,NaN,NaN,NaN,NaN,45.759,0,4007.9,0.0069644,NaN,NaN,NaN,NaN,NaN,-1,-1,-2.9511,0.62392,-13.321,-5.0025,10.298,-3.5979,NaN,NaN,NaN,NaN,NaN
566.68,-16.842,-17.058,-152.96,-3.5096,1.2967,-12.025,-3.7341,12.171,-3.1306,0,0,0,NaN,NaN,NaN,NaN,NaN,NaN,NaN,NaN,NaN,45.759,0,4007.9,0.0069644,0.76704,2.5978,0.63533,0.10239,22.082,97850,10.688,-2.9573,0.63908,-13.321,-5.0675,10.293,-3.6131,NaN,NaN,NaN,NaN,NaN
566.68,-16.847,-17.048,-152.97,-2.9434,1.3918,-12.951,-3.7905,4.7692,-3.3123,0,0,0,NaN,NaN,NaN,NaN,NaN,NaN,NaN,NaN,NaN,45.759,0,4007.9,0.0069644,NaN,NaN,NaN,NaN,NaN,-1,-1,-2.9692,0.66903,-13.304,-5.1222,10.282,-3.6381,NaN,NaN,NaN,NaN,NaN
566.69,-16.855,-17.019,-152.99,-3.586,-0.65377,-16.388,-5.9215,13.189,-4.1176,-0.010171,0.029686,-1.1266,NaN,NaN,NaN,NaN,NaN,NaN,NaN,NaN,NaN,45.759,0,4007.9,0.0069644,NaN,NaN,NaN,NaN,22.25,97863,10.813,-2.9556,0.66221,-13.282,-5.0892,10.283,-3.6472,NaN,NaN,NaN,NaN,NaN
566.69,-16.863,-16.992,-153.01,-1.7697,-1.3082,-10.361,-5.5501,11.989,-3.5866,0,0,0,NaN,NaN,NaN,NaN,NaN,NaN,NaN,NaN,NaN,45.759,0,4007.9,0.0069644,NaN,NaN,NaN,NaN,NaN,-1,-1,-2.9486,0.63882,-13.272,-5.0691,10.298,-3.6373,NaN,NaN,NaN,NaN,NaN
566.69,-16.872,-16.977,-153.02,-3.8175,0.15443,-13.967,-5.8353,7.3965,-4.1048,0,0,0,NaN,NaN,NaN,NaN,NaN,NaN,NaN,NaN,NaN,45.759,0,4007.9,0.0069644,NaN,NaN,NaN,NaN,NaN,-1,-1,-2.9549,0.61914,-13.273,-5.1147,10.211,-3.6369,NaN,NaN,NaN,NaN,NaN
566.69,-16.881,-16.957,-153.04,-2.2569,0.7391,-15.09,-5.444,9.066,-3.4615,0,0,0,NaN,NaN,NaN,NaN,NaN,NaN,NaN,NaN,NaN,45.759,0,4007.9,0.0069644,0.75336,NaN,0.62742,NaN,22.228,97845,10.688,-2.9421,0.62419,-13.257,-5.101,10.222,-3.6484,NaN,NaN,NaN,NaN,NaN
566.7,-16.889,-16.929,-153.06,-2.9779,1.0394,-13.043,-5.8752,12.78,-4.0262,-0.005403,0.032016,-1.1262,NaN,NaN,NaN,NaN,NaN,NaN,NaN,NaN,NaN,45.759,0,4007.9,0.0069644,NaN,2.5942,NaN,0.10239,NaN,-1,-1,-2.9457,0.61391,-13.263,-5.0602,10.307,-3.659,NaN,NaN,NaN,NaN,NaN
566.7,-16.901,-16.886,-153.09,-3.6112,4.338,-12.655,-3.4952,8.8834,-3.3693,0,0,0,NaN,NaN,NaN,NaN,NaN,NaN,NaN,NaN,NaN,45.759,0,4007.9,0.0069644,NaN,NaN,NaN,NaN,NaN,-1,-1,-2.9472,0.62786,-13.252,-5.0209,10.336,-3.66,NaN,NaN,NaN,NaN,NaN
566.7,-16.905,-16.861,-153.1,-2.7692,-0.42037,-13.996,-3.5868,11.057,-3.2586,0,0,0,NaN,NaN,NaN,NaN,NaN,NaN,NaN,NaN,NaN,45.759,0,4007.9,0.0069644,NaN,NaN,NaN,NaN,22.245,97848,10.688,-2.9408,0.64479,-13.253,-5.0114,10.174,-3.6661,NaN,NaN,NaN,NaN,NaN
566.7,-16.914,-16.839,-153.12,-3.272,0.41506,-12.675,-5.7638,10.331,-3.5926,-0.01687,0.041751,-1.1272,NaN,NaN,NaN,NaN,NaN,NaN,NaN,NaN,NaN,45.759,0,4007.9,0.0069644,NaN,NaN,NaN,NaN,NaN,-1,-1,-2.9542,0.69252,-13.241,-5.0732,10.24,-3.6706,NaN,NaN,NaN,NaN,NaN
566.71,-16.922,-16.814,-153.13,-2.4432,-1.1234,-13.209,-5.7051,11.305,-3.7956,0,0,0,NaN,NaN,NaN,NaN,NaN,NaN,NaN,NaN,NaN,45.759,0,4007.9,0.0069644,0.78128,2.6151,0.65663,0.07242,22.193,97901,10.875,-2.9457,0.68207,-13.224,-5.0729,10.263,-3.679,NaN,NaN,NaN,NaN,NaN
566.71,-16.928,-16.797,-153.15,-3.4304,0.34207,-13.855,-4.5616,7.9077,-3.7893,0,0,0,NaN,NaN,NaN,NaN,NaN,NaN,NaN,NaN,NaN,45.759,0,4007.9,0.0069644,NaN,NaN,NaN,NaN,NaN,-1,-1,-2.9478,0.66951,-13.194,-5.0165,10.146,-3.6477,NaN,NaN,NaN,NaN,NaN
566.71,-16.935,-16.768,-153.17,-2.7591,-1.3825,-13.62,-5.1906,12.903,-3.5516,0,0,0,NaN,NaN,NaN,NaN,NaN,NaN,NaN,NaN,NaN,45.759,0,4007.9,0.0069644,NaN,NaN,NaN,NaN,NaN,-1,-1,-2.9585,0.64301,-13.222,-5.0094,10.229,-3.6548,NaN,NaN,NaN,NaN,NaN
566.71,-16.946,-16.75,-153.18,-2.5965,2.1272,-13.102,-6.7382,8.5,-3.6374,-0.01258,0.032232,-1.1246,NaN,NaN,NaN,NaN,NaN,NaN,NaN,NaN,NaN,45.759,0,4007.9,0.0069644,NaN,NaN,NaN,NaN,22.101,97845,10.688,-2.9279,0.63618,-13.235,-5.0179,10.176,-3.6405,NaN,NaN,NaN,NaN,NaN
566.72,-16.956,-16.73,-153.2,-3.1155,0.7579,-15.113,-6.1908,9.2977,-3.8992,0,0,0,NaN,NaN,NaN,NaN,NaN,NaN,NaN,NaN,NaN,45.759,0,4007.9,0.0069644,NaN,NaN,NaN,NaN,NaN,-1,-1,-2.9429,0.63602,-13.215,-4.9444,10.267,-3.639,NaN,NaN,NaN,NaN,NaN
566.72,-16.961,-16.707,-153.21,-3.1708,3.1074,-14.818,-4.1199,10.476,-3.3851,0,0,0,NaN,NaN,NaN,NaN,NaN,NaN,NaN,NaN,NaN,45.759,0,4007.9,0.0069644,NaN,NaN,NaN,NaN,NaN,-1,-1,-2.9356,0.65005,-13.197,-4.8259,10.294,-3.6185,NaN,NaN,NaN,NaN,NaN
566.72,-16.964,-16.673,-153.23,-3.5066,1.0494,-11.089,-3.6342,15.127,-3.7381,0,0,0,NaN,NaN,NaN,NaN,NaN,NaN,NaN,NaN,NaN,45.759,0,4007.9,0.0069644,0.76321,2.6061,0.64568,0.097392,22.462,97857,10.75,-2.9337,0.65095,-13.213,-4.8398,10.214,-3.6439,NaN,NaN,NaN,NaN,NaN
566.72,-16.969,-16.66,-153.24,-2.3544,0.52172,-11.585,-4.0479,6.0951,-3.7816,-0.01063,0.027653,-1.12,NaN,NaN,NaN,NaN,NaN,NaN,NaN,NaN,NaN,45.759,0,4007.9,0.0069644,NaN,NaN,NaN,NaN,NaN,-1,-1,-2.949,0.69849,-13.214,-4.9496,10.098,-3.6579,NaN,NaN,NaN,NaN,NaN
566.73,-16.984,-16.61,-153.28,-2.9062,-1.1865,-13.441,-5.1209,13.64,-3.6715,0,0,0,NaN,NaN,NaN,NaN,NaN,NaN,NaN,NaN,NaN,45.759,0,4007.9,0.0069644,NaN,NaN,NaN,NaN,22.191,97846,10.688,-2.9441,0.71309,-13.191,-4.9895,10.22,-3.6708,NaN,NaN,NaN,NaN,NaN
566.73,-16.993,-16.584,-153.3,-2.5882,-0.40478,-11.15,-5.6186,11.761,-3.8219,0,0,0,NaN,NaN,NaN,NaN,NaN,NaN,NaN,NaN,NaN,45.759,0,4007.9,0.0069644,NaN,NaN,NaN,NaN,NaN,-1,-1,-2.9411,0.66383,-13.194,-4.9559,10.369,-3.662,NaN,NaN,NaN,NaN,NaN
566.73,-17,-16.578,-153.31,-2.776,1.5839,-13.889,-4.8602,3.5806,-3.8574,-0.024057,0.037061,-1.1279,NaN,NaN,NaN,NaN,NaN,NaN,NaN,NaN,NaN,45.759,0,4007.9,0.0069644,0.76814,2.4779,0.71506,0.045783,NaN,-1,-1,-2.9286,0.65852,-13.185,-4.9167,10.159,-3.6688,NaN,NaN,NaN,NaN,NaN
566.73,-17.017,-16.522,-153.34,-2.9575,2.4446,-13.852,-5.1527,11.025,-3.5462,0,0,0,NaN,NaN,NaN,NaN,NaN,NaN,NaN,NaN,NaN,45.759,0,4007.9,0.0069644,0.76814,2.4779,0.71506,0.045783,22.21,97863,10.75,-2.9398,0.64607,-13.179,-4.9509,10.186,-3.6607,NaN,NaN,NaN,NaN,NaN
566.74,-17.019,-16.499,-153.36,-3.8199,3.3942,-12.779,-3.2342,10.443,-3.4164,0,0,0,NaN,NaN,NaN,NaN,NaN,NaN,NaN,NaN,NaN,45.759,0,4007.9,0.0069644,NaN,NaN,NaN,NaN,NaN,-1,-1,-2.9207,0.64876,-13.171,-4.8895,10.293,-3.6597,NaN,NaN,NaN,NaN,NaN
566.74,-17.022,-16.474,-153.38,-2.6326,-0.20543,-12.151,-3.5045,11.049,-3.4474,-0.017479,0.030023,-1.1229,NaN,NaN,NaN,NaN,NaN,NaN,NaN,NaN,NaN,45.759,0,4007.9,0.0069644,NaN,NaN,NaN,NaN,NaN,-1,-1,-2.9001,0.64422,-13.13,-4.8062,10.395,-3.6318,NaN,NaN,NaN,NaN,NaN
566.74,-17.032,-16.455,-153.39,-2.8548,-0.20587,-14.041,-5.8377,9.1097,-3.8038,0,0,0,NaN,NaN,NaN,NaN,NaN,NaN,NaN,NaN,NaN,45.759,0,4007.9,0.0069644,NaN,NaN,NaN,NaN,22.225,97880,10.75,-2.9158,0.6894,-13.163,-4.7588,10.186,-3.6371,NaN,NaN,NaN,NaN,NaN
566.74,-17.04,-16.432,-153.41,-3.0882,-0.3184,-14.033,-5.8022,10.559,-3.7709,0,0,0,NaN,NaN,NaN,NaN,NaN,NaN,NaN,NaN,NaN,45.759,0,4007.9,0.0069644,NaN,NaN,NaN,NaN,NaN,-1,-1,-2.9262,0.69803,-13.156,-4.8476,10.24,-3.6538,NaN,NaN,NaN,NaN,NaN
566.75,-17.045,-16.408,-153.42,-3.0048,-0.33055,-12.761,-4.025,10.702,-3.9543,0,0,0,NaN,NaN,NaN,NaN,NaN,NaN,NaN,NaN,NaN,45.759,0,4007.9,0.0069644,0.76759,2.6055,0.63533,0.10738,22.207,97839,10.625,-2.9135,0.6941,-13.078,-4.8985,10.372,-3.667,NaN,NaN,NaN,NaN,NaN
566.75,-17.054,-16.385,-153.44,-2.2466,-2.1527,-12.586,-6.1465,10.619,-3.6041,-0.023908,0.046755,-1.1257,NaN,NaN,NaN,NaN,NaN,NaN,NaN,NaN,NaN,45.759,0,4007.9,0.0069644,NaN,NaN,NaN,NaN,NaN,-1,-1,-2.9018,0.65154,-13.078,-5.0489,10.59,-3.7894,NaN,NaN,NaN,NaN,NaN
566.75,-17.064,-16.367,-153.45,-3.1683,3.2037,-14.366,-6.0173,8.5494,-3.6271,0,0,0,NaN,NaN,NaN,NaN,NaN,NaN,NaN,NaN,NaN,45.759,0,4007.9,0.0069644,NaN,NaN,NaN,NaN,NaN,-1,-1,-2.9165,0.64356,-13.117,-5.0077,10.468,-3.7417,NaN,NaN,NaN,NaN,NaN
566.75,-17.071,-16.341,-153.47,-3.1621,1.1467,-17.406,-4.7986,11.624,-3.4355,0,0,0,NaN,NaN,NaN,NaN,NaN,NaN,NaN,NaN,NaN,45.759,0,4007.9,0.0069644,NaN,NaN,NaN,NaN,22.046,97848,10.688,-2.9018,0.6296,-13.081,-5.0051,10.509,-3.7311,NaN,NaN,NaN,NaN,NaN
566.76,-17.074,-16.315,-153.49,-3.5506,2.4549,-9.6882,-3.6183,11.786,-3.3302,0,0,0,NaN,NaN,NaN,NaN,NaN,NaN,NaN,NaN,NaN,45.759,0,4007.9,0.0069644,NaN,NaN,NaN,NaN,NaN,-1,-1,-2.8822,0.63015,-13.04,-4.9296,10.359,-3.7058,NaN,NaN,NaN,NaN,NaN
566.76,-17.077,-16.294,-153.5,-2.2974,1.5803,-14.1,-3.2864,9.318,-3.1286,-0.031425,0.039911,-1.1219,NaN,NaN,NaN,NaN,NaN,NaN,NaN,NaN,NaN,45.759,0,4007.9,0.0069644,NaN,NaN,NaN,0.10239,NaN,-1,-1,-2.8951,0.63131,-13.055,-4.9716,10.628,-3.7803,NaN,NaN,NaN,NaN,NaN
566.76,-17.083,-16.273,-153.52,-3.9039,0.92905,-13.445,-4.4523,9.7166,-3.5164,0,0,0,NaN,NaN,NaN,NaN,NaN,NaN,NaN,NaN,NaN,45.759,0,4007.9,0.0069644,NaN,NaN,NaN,0.10239,22.258,97814,10.5,-2.8951,0.67287,-13.098,-4.8683,10.521,-3.7186,NaN,NaN,NaN,NaN,NaN
566.76,-17.092,-16.245,-153.54,-2.759,-1.8569,-13.264,-5.8745,12.511,-4.1762,0,0,0,NaN,NaN,NaN,NaN,NaN,NaN,NaN,NaN,NaN,45.759,0,4007.9,0.0069644,NaN,NaN,NaN,NaN,NaN,-1,-1,-2.8979,0.70754,-13.038,-4.7914,10.482,-3.6924,NaN,NaN,NaN,NaN,NaN
566.77,-17.101,-16.227,-153.55,-2.4972,-0.197,-13.6,-5.6832,8.3935,-3.9005,0,0,0,NaN,NaN,NaN,NaN,NaN,NaN,NaN,NaN,NaN,45.759,0,4007.9,0.0069644,NaN,NaN,NaN,NaN,22.352,97850,10.688,-2.9001,0.67563,-13.043,-4.813,10.234,-3.6714,NaN,NaN,NaN,NaN,NaN
566.77,-17.106,-16.203,-153.57,-3.3002,0.46591,-12.152,-4.7052,11.109,-3.9244,-0.035924,0.042249,-1.1245,-8.1566,-22.128,-9.1724,25.304,40.057,-88.551,3.6774e+05,4.4352e+06,243.65,45.759,0,4007.9,0.0069644,NaN,NaN,NaN,NaN,NaN,-1,-1,-2.9017,0.65658,-13.036,-4.7669,10.292,-3.622,25.074,-3.0998,1.4166,3.2336,-7.0365
566.77,-17.115,-16.183,-153.58,-2.5729,0.22536,-16.03,-5.5039,9.2717,-3.809,0,0,0,NaN,NaN,NaN,NaN,NaN,NaN,NaN,NaN,NaN,45.759,0,4007.9,0.0069644,NaN,NaN,NaN,NaN,NaN,-1,-1,-2.8761,0.63551,-13.032,-4.7555,10.075,-3.5872,NaN,NaN,NaN,NaN,NaN
566.77,-17.127,-16.16,-153.6,-2.6196,0.35494,-12.445,-7.1114,10.687,-3.9193,0,0,0,NaN,NaN,NaN,NaN,NaN,NaN,NaN,NaN,NaN,45.759,0,4007.9,0.0069644,0.74679,2.6109,0.65724,0.067425,22.065,97863,10.75,-2.8857,0.61395,-12.979,-4.7854,9.9057,-3.5637,NaN,NaN,NaN,NaN,NaN
566.78,-17.132,-16.137,-153.62,-3.6371,3.5047,-15.569,-4.1961,10.488,-3.1254,0,0,0,NaN,NaN,NaN,NaN,NaN,NaN,NaN,NaN,NaN,45.759,0,4007.9,0.0069644,NaN,NaN,NaN,NaN,NaN,-1,-1,-2.8786,0.61783,-13.008,-4.6928,9.8552,-3.5114,NaN,NaN,NaN,NaN,NaN
566.78,-17.131,-16.104,-153.63,-3.1962,2.5852,-11.03,-2.0787,14.308,-3.4726,-0.024387,0.034907,-1.1235,NaN,NaN,NaN,NaN,NaN,NaN,NaN,NaN,NaN,45.759,0,4007.9,0.0069644,NaN,NaN,NaN,NaN,NaN,-1,-1,-2.8819,0.68292,-12.98,-4.5546,9.9332,-3.472,NaN,NaN,NaN,NaN,NaN
566.78,-17.136,-16.09,-153.65,-3.3414,-0.72985,-13.332,-3.7237,6.8856,-3.5663,0,0,0,NaN,NaN,NaN,NaN,NaN,NaN,NaN,NaN,NaN,45.759,0,4007.9,0.0069644,NaN,NaN,NaN,NaN,22.282,97862,10.75,-2.8595,0.67055,-12.834,-4.5117,9.6924,-3.4624,NaN,NaN,NaN,NaN,NaN
566.78,-17.144,-16.069,-153.66,-3.1408,0.27932,-13.285,-5.3512,9.7114,-3.9623,0,0,0,NaN,NaN,NaN,NaN,NaN,NaN,NaN,NaN,NaN,45.759,0,4079.3,0.0075089,NaN,NaN,NaN,NaN,NaN,-1,-1,-2.8482,0.68622,-12.832,-4.5644,9.6071,-3.4363,NaN,NaN,NaN,NaN,NaN
566.79,-17.152,-16.044,-153.68,-2.0782,-0.51158,-14.549,-5.5092,11.237,-3.5052,0,0,0,NaN,NaN,NaN,NaN,NaN,NaN,NaN,NaN,NaN,45.759,0,4079.3,0.0075089,0.79278,2.5065,0.70775,0.015816,22.244,97856,10.688,-2.8502,0.67715,-12.801,-4.5678,9.6986,-3.4101,NaN,NaN,NaN,NaN,NaN
566.79,-17.158,-16.021,-153.7,-3.8677,-1.6238,-12.656,-4.7314,10.793,-4.3186,-0.031624,0.037638,-1.1197,NaN,NaN,NaN,NaN,NaN,NaN,NaN,NaN,NaN,45.759,0,4079.3,0.0075089,NaN,NaN,NaN,NaN,NaN,-1,-1,-2.8447,0.68051,-12.809,-4.5049,9.4578,-3.382,NaN,NaN,NaN,NaN,NaN
566.79,-17.168,-16.001,-153.71,-1.8549,0.70623,-12.713,-6.1922,9.3032,-3.499,0,0,0,NaN,NaN,NaN,NaN,NaN,NaN,NaN,NaN,NaN,45.759,0,4079.3,0.0075089,NaN,NaN,NaN,NaN,NaN,-1,-1,-2.8178,0.65181,-12.687,-4.43,9.3779,-3.3582,NaN,NaN,NaN,NaN,NaN
566.79,-17.178,-15.98,-153.73,-3.1107,1.9327,-14.2,-6.1038,9.6017,-4.1152,0,0,0,NaN,NaN,NaN,NaN,NaN,NaN,NaN,NaN,NaN,45.759,0,4079.3,0.0075089,NaN,NaN,NaN,NaN,22.227,97871,10.75,-2.812,0.63327,-12.679,-4.3315,9.2791,-3.3206,NaN,NaN,NaN,NaN,NaN
566.8,-17.185,-15.955,-153.74,-3.3082,1.492,-16.356,-4.9467,11.169,-3.1954,0,0,0,NaN,NaN,NaN,NaN,NaN,NaN,NaN,NaN,NaN,45.759,0,4079.3,0.0075089,NaN,NaN,NaN,NaN,NaN,-1,-1,-2.8187,0.64146,-12.688,-4.1896,9.2879,-3.3082,NaN,NaN,NaN,NaN,NaN
566.8,-17.186,-15.929,-153.76,-3.55,3.2528,-10.891,-2.7189,11.655,-3.6087,-0.033625,0.049638,-1.1199,NaN,NaN,NaN,NaN,NaN,NaN,NaN,NaN,NaN,45.759,0,4079.3,0.0075089,0.72598,2.488,0.7114,0.039123,NaN,-1,-1,-2.8337,0.68776,-12.71,-4.1316,9.2269,-3.2925,NaN,NaN,NaN,NaN,NaN
566.8,-17.189,-15.911,-153.77,-2.5013,0.6462,-12.214,-3.2303,8.5773,-3.1632,0,0,0,NaN,NaN,NaN,NaN,NaN,NaN,NaN,NaN,NaN,45.759,0,4079.3,0.0075089,NaN,NaN,NaN,NaN,22.189,97860,10.688,-2.8337,0.68573,-12.691,-4.106,9.181,-3.3045,NaN,NaN,NaN,NaN,NaN
566.8,0,0,0,0,0,0,0,0,0,0,0,0,NaN,NaN,NaN,NaN,NaN,NaN,NaN,NaN,NaN,45.759,0,4079.3,0.0075089,NaN,NaN,NaN,NaN,NaN,-1,-1,-2.8221,0.67823,-12.659,-4.0941,9.0525,-3.3158,NaN,NaN,NaN,NaN,NaN
566.81,-17.202,-15.866,-153.81,-3.4337,-2.1145,-13.469,-5.0368,10.325,-4.1562,0,0,0,NaN,NaN,NaN,NaN,NaN,NaN,NaN,NaN,NaN,45.759,0,4079.3,0.0075089,NaN,NaN,NaN,NaN,22.224,97886,10.75,-2.8147,0.67029,-12.668,-4.1436,9.0983,-3.3166,NaN,NaN,NaN,NaN,NaN
566.81,-17.209,-15.846,-153.82,-2.3511,0.87651,-13.506,-4.5311,9.2865,-3.7247,-0.031016,0.049366,-1.1241,NaN,NaN,NaN,NaN,NaN,NaN,NaN,NaN,NaN,45.759,0,4079.3,0.0075089,NaN,NaN,NaN,NaN,NaN,-1,-1,-2.8089,0.64421,-12.613,-4.1205,9.0672,-3.2916,NaN,NaN,NaN,NaN,NaN
566.81,-17.214,-15.821,-153.84,-2.7603,-1.1928,-12.412,-4.2515,11.323,-3.5518,0,0,0,NaN,NaN,NaN,NaN,NaN,NaN,NaN,NaN,NaN,45.759,0,4079.3,0.0075089,NaN,NaN,NaN,NaN,NaN,-1,-1,-2.8045,0.62898,-12.66,-4.0553,9.0354,-3.2648,NaN,NaN,NaN,NaN,NaN
566.81,0,0,0,0,0,0,0,0,0,0,0,0,NaN,NaN,NaN,NaN,NaN,NaN,NaN,NaN,NaN,45.759,0,4079.3,0.0075089,0.72434,2.5978,0.62438,0.12236,22.133,97872,10.688,-2.8064,0.62222,-12.682,-3.9809,9.096,-3.2495,NaN,NaN,NaN,NaN,NaN
566.82,-17.224,-15.801,-153.86,-2.8816,1.5455,-12.441,-6.1781,9.5813,-4.0571,0,0,0,NaN,NaN,NaN,NaN,NaN,NaN,NaN,NaN,NaN,45.759,0,4079.3,0.0075089,NaN,NaN,NaN,NaN,NaN,-1,-1,-2.845,0.64897,-12.827,-3.8986,9.0834,-3.2332,NaN,NaN,NaN,NaN,NaN
566.82,-17.234,-15.782,-153.87,-2.5666,1.2114,-17.017,-5.8768,8.5912,-3.2719,0,0,0,NaN,NaN,NaN,NaN,NaN,NaN,NaN,NaN,NaN,45.759,0,4079.3,0.0075089,NaN,NaN,NaN,NaN,NaN,-1,-1,-2.842,0.64133,-12.815,-3.8155,9.0974,-3.2204,NaN,NaN,NaN,NaN,NaN
566.82,-17.236,-15.727,-153.9,-3.2209,1.5395,-12.118,-1.7038,11.488,-3.1056,0,0,0,NaN,NaN,NaN,NaN,NaN,NaN,NaN,NaN,NaN,45.759,0,4079.3,0.0075089,NaN,NaN,NaN,NaN,22.243,97882,10.75,-2.8349,0.60533,-12.812,-3.7793,9.2278,-3.2529,NaN,NaN,NaN,NaN,NaN
566.82,-17.241,-15.711,-153.92,-2.6061,-0.029175,-12.195,-4.0391,7.3406,-3.7355,0,0,0,NaN,NaN,NaN,NaN,NaN,NaN,NaN,NaN,NaN,45.759,0,4079.3,0.0075089,NaN,NaN,NaN,NaN,NaN,-1,-1,-2.8356,0.62746,-12.871,-3.876,9.158,-3.2916,NaN,NaN,NaN,NaN,NaN
566.83,-17.268,-15.673,-153.96,-2.6834,0.14091,-14.245,-4.8284,11.337,-3.4325,-0.038393,0.047309,-1.1203,NaN,NaN,NaN,NaN,NaN,NaN,NaN,NaN,NaN,45.759,0,4079.3,0.0075089,0.72325,2.5972,0.62925,NaN,22.294,97856,10.625,-2.8419,0.60637,-12.823,-3.8779,9.3131,-3.3008,NaN,NaN,NaN,NaN,NaN
566.83,-17.271,-15.649,-153.97,-2.9285,-0.6051,-11.314,-3.3868,10.767,-3.4012,0,0,0,NaN,NaN,NaN,NaN,NaN,NaN,NaN,NaN,NaN,45.759,0,4079.3,0.0075089,NaN,NaN,NaN,NaN,NaN,-1,-1,-2.8564,0.61039,-12.943,-3.8479,9.2545,-3.321,NaN,NaN,NaN,NaN,NaN
566.83,-17.279,-15.632,-153.99,-2.8399,0.55975,-13.325,-5.0758,8.3782,-3.809,0,0,0,NaN,NaN,NaN,NaN,NaN,NaN,NaN,NaN,NaN,45.759,0,4079.3,0.0075089,NaN,NaN,NaN,NaN,NaN,-1,-1,-2.8588,0.60978,-12.995,-3.9228,9.3,-3.3582,NaN,NaN,NaN,NaN,NaN
566.83,-17.289,-15.611,-154,-2.5054,1.3177,-13.825,-6.0559,9.7144,-3.8738,0,0,0,NaN,NaN,NaN,NaN,NaN,NaN,NaN,NaN,NaN,45.759,0,4079.3,0.0075089,NaN,NaN,NaN,NaN,22.097,97848,10.625,-2.8673,0.63739,-13.031,-3.869,9.3082,-3.3695,NaN,NaN,NaN,NaN,NaN
566.84,-17.292,-15.587,-154.02,-3.3774,3.9824,-15.47,-3.5289,10.522,-3.0819,-0.036443,0.04273,-1.1157,NaN,NaN,NaN,NaN,NaN,NaN,NaN,NaN,NaN,45.759,0,4079.3,0.0075089,NaN,NaN,NaN,NaN,NaN,-1,-1,-2.8693,0.65132,-13.033,-3.7697,9.5462,-3.3892,NaN,NaN,NaN,NaN,NaN
566.84,-17.29,-15.556,-154.04,-3.9441,1.7441,-11.444,-1.2922,14.02,-3.4782,0,0,0,NaN,NaN,NaN,NaN,NaN,NaN,NaN,NaN,NaN,45.759,0,4079.3,0.0075089,0.72763,2.4862,0.71932,0.040788,NaN,-1,-1,-2.8756,0.65691,-13.004,-3.8038,9.6024,-3.4279,NaN,NaN,NaN,NaN,NaN
566.84,-17.292,-15.539,-154.05,-2.4473,-0.017083,-11.217,-2.9556,7.7788,-3.7209,0,0,0,NaN,NaN,NaN,NaN,NaN,NaN,NaN,NaN,NaN,45.759,0,4079.3,0.0075089,NaN,NaN,NaN,NaN,22.096,97873,10.688,-2.8758,0.63744,-13.043,-3.9321,9.477,-3.4781,NaN,NaN,NaN,NaN,NaN
566.84,-17.298,-15.521,-154.07,-3.2058,-0.16979,-13.9,-4.1851,8.7706,-3.9805,0,0,0,NaN,NaN,NaN,NaN,NaN,NaN,NaN,NaN,NaN,45.759,0,4079.3,0.0075089,NaN,NaN,NaN,NaN,22.245,97847,10.688,-2.8766,0.62811,-13.081,-4.0024,9.6178,-3.4927,NaN,NaN,NaN,NaN,NaN
566.85,-17.305,-15.497,-154.08,-2.844,-0.96305,-15.122,-5.0328,10.884,-3.6719,-0.034094,0.042697,-1.1155,NaN,NaN,NaN,NaN,NaN,NaN,NaN,NaN,NaN,45.759,0,4079.3,0.0075089,NaN,NaN,NaN,NaN,NaN,-1,-1,-2.8815,0.6244,-13.078,-4.0073,9.8479,-3.5408,NaN,NaN,NaN,NaN,NaN
566.85,-17.308,-15.472,-154.1,-2.9149,-0.44198,-11.85,-3.7926,11.384,-4.0363,0,0,0,NaN,NaN,NaN,NaN,NaN,NaN,NaN,NaN,NaN,45.759,0,4079.3,0.0075089,NaN,NaN,NaN,NaN,NaN,-1,-1,-2.8778,0.6085,-13.046,-4.0913,9.9063,-3.5793,NaN,NaN,NaN,NaN,NaN
566.85,-17.316,-15.452,-154.11,-2.1815,-0.12758,-12.175,-5.1546,9.0924,-3.3518,0,0,0,NaN,NaN,NaN,NaN,NaN,NaN,NaN,NaN,NaN,45.759,0,4079.3,0.0075089,NaN,NaN,NaN,NaN,NaN,-1,-1,-2.8775,0.58829,-13.061,-4.214,9.8911,-3.6321,NaN,NaN,NaN,NaN,NaN
566.85,-17.324,-15.433,-154.13,-3.0741,1.8918,-13.458,-5.2144,9.181,-3.8604,0,0,0,NaN,NaN,NaN,NaN,NaN,NaN,NaN,NaN,NaN,45.759,0,4079.3,0.0075089,0.77416,2.4838,0.71566,0.04495,22.351,97879,10.75,-2.8794,0.61128,-13.113,-4.2528,10.134,-3.6657,NaN,NaN,NaN,NaN,NaN
566.86,-17.331,-15.41,-154.14,-3.4409,2.2661,-17.156,-4.6417,10.183,-3.0647,-0.041081,0.04028,-1.1183,NaN,NaN,NaN,NaN,NaN,NaN,NaN,NaN,NaN,45.759,0,4079.3,0.0075089,NaN,NaN,NaN,NaN,NaN,-1,-1,-2.8903,0.65815,-13.125,-4.2252,10.335,-3.6961,NaN,NaN,NaN,NaN,NaN
566.86,-17.331,-15.38,-154.16,-3.5526,3.6054,-10.826,-2.3864,13.458,-3.2891,0,0,0,NaN,NaN,NaN,NaN,NaN,NaN,NaN,NaN,NaN,45.759,0,4079.3,0.0075089,NaN,NaN,NaN,NaN,NaN,-1,-1,-2.8875,0.64106,-13.127,-4.2518,10.34,-3.742,NaN,NaN,NaN,NaN,NaN
566.86,-17.333,-15.361,-154.18,-2.6208,0.31563,-10.991,-2.4146,8.6393,-3.2851,0,0,0,NaN,NaN,NaN,NaN,NaN,NaN,NaN,NaN,NaN,45.759,0,4079.3,0.0075089,NaN,NaN,NaN,NaN,21.951,97854,10.625,-2.8916,0.64205,-13.174,-4.2139,10.14,-3.6606,NaN,NaN,NaN,NaN,NaN
566.86,-17.339,-15.343,-154.19,-3.132,0.41361,-14.681,-4.6989,8.5758,-4.1792,0,0,0,NaN,NaN,NaN,NaN,NaN,NaN,NaN,NaN,NaN,45.759,0,4079.3,0.0075089,0.77854,2.6157,0.65907,0.069923,NaN,-1,-1,-2.8953,0.63759,-13.177,-4.3211,10.246,-3.7085,NaN,NaN,NaN,NaN,NaN
566.87,-17.346,-15.317,-154.21,-3.3928,-2.2855,-14.229,-5.1601,11.848,-4.2187,-0.033755,0.049758,-1.1177,NaN,NaN,NaN,NaN,NaN,NaN,NaN,NaN,NaN,45.759,0,4079.3,0.0075089,NaN,NaN,NaN,NaN,22.438,97892,10.75,-2.8868,0.63813,-13.126,-4.3435,10.33,-3.7319,NaN,NaN,NaN,NaN,NaN
566.87,-17.352,-15.296,-154.23,-2.1299,1.0301,-12.205,-4.364,9.934,-3.8759,0,0,0,NaN,NaN,NaN,NaN,NaN,NaN,NaN,NaN,NaN,45.759,0,4079.3,0.0075089,NaN,NaN,NaN,NaN,NaN,-1,-1,-2.8848,0.62332,-13.137,-4.3436,10.386,-3.77,NaN,NaN,NaN,NaN,NaN
566.87,-17.357,-15.274,-154.24,-2.8299,-0.63763,-12.626,-4.0881,9.8801,-3.7136,0,0,0,NaN,NaN,NaN,NaN,NaN,NaN,NaN,NaN,NaN,45.759,0,4079.3,0.0075089,NaN,NaN,NaN,NaN,NaN,-1,-1,-2.8841,0.63438,-13.209,-4.2031,10.034,-3.6796,NaN,NaN,NaN,NaN,NaN
566.87,-17.365,-15.254,-154.26,-3.0649,1.2444,-13.674,-5.2803,9.4222,-4.0377,0,0,0,NaN,NaN,NaN,NaN,NaN,NaN,NaN,NaN,NaN,45.759,0,4079.3,0.0075089,NaN,NaN,NaN,NaN,22.079,97846,10.625,-2.8989,0.67953,-13.188,-4.2554,10.036,-3.691,NaN,NaN,NaN,NaN,NaN
566.88,-17.374,-15.235,-154.27,-2.7959,0.92258,-16.516,-5.7731,8.9296,-3.469,-0.045511,0.045012,-1.1209,NaN,NaN,NaN,NaN,NaN,NaN,NaN,NaN,NaN,45.759,0,4079.3,0.0075089,NaN,NaN,NaN,NaN,NaN,-1,-1,-2.8942,0.67534,-13.151,-4.3367,10.083,-3.7036,NaN,NaN,NaN,NaN,NaN
566.88,-17.376,-15.181,-154.31,-2.7634,1.117,-13.161,-1.8429,11.047,-3.0807,0,0,0,NaN,NaN,NaN,NaN,NaN,NaN,NaN,NaN,NaN,45.759,0,4079.3,0.0075089,0.76923,2.6044,0.6329,0.10488,NaN,-1,-1,-2.8918,0.66946,-13.147,-4.3697,10.027,-3.7037,NaN,NaN,NaN,NaN,NaN
566.88,-17.38,-15.167,-154.32,-3.5968,-0.5135,-12.483,-3.5834,6.8965,-4.1018,0,0,0,NaN,NaN,NaN,NaN,NaN,NaN,NaN,NaN,NaN,45.759,0,4079.3,0.0075089,NaN,NaN,NaN,NaN,22.041,97855,10.625,-2.8922,0.65872,-13.191,-4.4418,9.935,-3.7296,NaN,NaN,NaN,NaN,NaN
566.88,-17.389,-15.141,-154.34,-2.8135,-1.201,-14.588,-5.64,11.476,-3.8543,-0.042972,0.042346,-1.1252,NaN,NaN,NaN,NaN,NaN,NaN,NaN,NaN,NaN,45.759,0,4079.3,0.0075089,NaN,NaN,NaN,NaN,NaN,-1,-1,-2.8949,0.66432,-13.192,-4.4758,10.042,-3.7135,NaN,NaN,NaN,NaN,NaN
566.89,-17.396,-15.119,-154.35,-2.1396,0.75916,-12.528,-4.8249,10.11,-3.5907,0,0,0,NaN,NaN,NaN,NaN,NaN,NaN,NaN,NaN,NaN,45.759,0,4079.3,0.0075089,NaN,NaN,NaN,NaN,22.35,97887,10.75,-2.8931,0.65871,-13.167,-4.4169,10.09,-3.7013,NaN,NaN,NaN,NaN,NaN
566.89,-17.412,-15.074,-154.39,-3.2325,0.94583,-14.529,-6.4204,11.487,-3.6064,0,0,0,NaN,NaN,NaN,NaN,NaN,NaN,NaN,NaN,NaN,45.759,0,4079.3,0.0075089,NaN,NaN,NaN,NaN,NaN,-1,-1,-2.8941,0.66466,-13.138,-4.4647,10.034,-3.7042,NaN,NaN,NaN,NaN,NaN
566.89,-17.421,-15.054,-154.4,-2.1209,1.5733,-12.955,-5.8682,9.2045,-3.6979,-0.052808,0.050256,-1.1149,NaN,NaN,NaN,NaN,NaN,NaN,NaN,NaN,NaN,45.759,0,4079.3,0.0075089,0.75829,2.5984,0.63168,NaN,NaN,-1,-1,-2.8887,0.67528,-13.189,-4.5763,9.988,-3.7301,NaN,NaN,NaN,NaN,NaN
566.89,-17.425,-15.038,-154.41,-3.4847,4.6261,-15.093,-3.3014,7.1362,-3.2183,0,0,0,NaN,NaN,NaN,NaN,NaN,NaN,NaN,NaN,NaN,45.759,0,4126.5,0.0069644,NaN,NaN,NaN,0.097392,22.221,97861,10.625,-2.8977,0.69609,-13.194,-4.5278,10.007,-3.7106,NaN,NaN,NaN,NaN,NaN
566.9,-17.424,-15.003,-154.43,-3.6003,1.6959,-13.441,-1.8064,15.492,-3.2809,0,0,0,NaN,NaN,NaN,NaN,NaN,NaN,NaN,NaN,NaN,45.759,0,4126.5,0.0069644,NaN,NaN,NaN,NaN,NaN,-1,-1,-2.8974,0.68726,-13.151,-4.3935,10.205,-3.7201,NaN,NaN,NaN,NaN,NaN
566.9,-17.428,-14.982,-154.45,-2.7611,-0.031024,-10.404,-3.6578,9.9151,-3.979,0,0,0,NaN,NaN,NaN,NaN,NaN,NaN,NaN,NaN,NaN,45.759,0,4126.5,0.0069644,NaN,NaN,NaN,NaN,NaN,-1,-1,-2.9014,0.66422,-13.188,-4.4293,10.11,-3.7374,NaN,NaN,NaN,NaN,NaN
566.9,-17.436,-14.968,-154.46,-3.0158,-0.90334,-13.868,-5.1061,6.8226,-4.0012,-0.054958,0.052562,-1.1174,NaN,NaN,NaN,NaN,NaN,NaN,NaN,NaN,NaN,45.759,0,4126.5,0.0069644,NaN,NaN,NaN,NaN,22.241,97894,10.75,-2.8973,0.66187,-13.218,-4.5224,9.9751,-3.774,NaN,NaN,NaN,NaN,NaN
566.9,-17.442,-14.946,-154.48,-2.5584,0.053203,-15.52,-4.6667,10.347,-3.6394,0,0,0,NaN,NaN,NaN,NaN,NaN,NaN,NaN,NaN,NaN,45.73,0,4126.5,0.0069644,NaN,NaN,NaN,NaN,22.311,97861,10.625,-2.8908,0.66259,-13.171,-4.531,10.114,-3.7629,NaN,NaN,NaN,NaN,NaN
566.91,-17.446,-14.916,-154.5,-3.2642,-1.6655,-12.256,-3.9161,13.307,-3.9719,0,0,0,NaN,NaN,NaN,NaN,NaN,NaN,NaN,NaN,NaN,45.73,0,4126.5,0.0069644,0.80701,2.5017,0.71262,0.041621,NaN,-1,-1,-2.8877,0.65148,-13.158,-4.4856,10.238,-3.7779,NaN,NaN,NaN,NaN,NaN
566.91,-17.456,-14.901,-154.51,-1.7155,1.3862,-11.941,-5.7654,7.4968,-3.7532,0,0,0,NaN,NaN,NaN,NaN,NaN,NaN,NaN,NaN,NaN,45.73,0,4126.5,0.0069644,NaN,NaN,NaN,NaN,NaN,-1,-1,-2.884,0.65262,-13.171,-4.4907,10.147,-3.7815,NaN,NaN,NaN,NaN,NaN
566.91,-17.465,-14.881,-154.53,-3.352,0.37429,-15.057,-5.8471,9.3515,-4.3673,-0.050459,0.050224,-1.1147,NaN,NaN,NaN,NaN,NaN,NaN,NaN,NaN,NaN,45.73,0,4126.5,0.0069644,NaN,NaN,NaN,NaN,NaN,-1,-1,-2.881,0.68424,-13.196,-4.5376,10.068,-3.806,NaN,NaN,NaN,NaN,NaN
566.91,-17.471,-14.853,-154.55,-3.2631,3.5188,-15.414,-4.7412,12.602,-3.5314,0,0,0,NaN,NaN,NaN,NaN,NaN,NaN,NaN,NaN,NaN,45.73,0,4126.5,0.0069644,NaN,NaN,NaN,NaN,22.35,97905,10.813,-2.8907,0.70849,-13.16,-4.4923,10.141,-3.7999,NaN,NaN,NaN,NaN,NaN
566.92,-17.473,-14.807,-154.58,-3.0462,0.3389,-10.005,-2.7751,9.2489,-3.7719,0,0,0,NaN,NaN,NaN,NaN,NaN,NaN,NaN,NaN,NaN,45.73,0,4126.5,0.0069644,NaN,NaN,NaN,NaN,NaN,-1,-1,-2.8832,0.68019,-13.137,-4.3918,10.368,-3.7996,NaN,NaN,NaN,NaN,NaN
566.92,-17.473,-14.807,-154.58,-3.0462,0.3389,-10.005,-2.7751,9.2489,-3.7719,0,0,0,NaN,NaN,NaN,NaN,NaN,NaN,NaN,NaN,NaN,45.73,0,4126.5,0.0069644,0.86614,2.6049,0.63533,0.097392,NaN,-1,-1,-2.88,0.67665,-13.168,-4.317,10.207,-3.8091,NaN,NaN,NaN,NaN,NaN
566.92,-17.48,-14.789,-154.59,-3.1187,-1.0487,-15.575,-4.8496,8.6839,-4.2373,-0.064076,0.062265,-1.1182,NaN,NaN,NaN,NaN,NaN,NaN,NaN,NaN,NaN,45.73,0,4126.5,0.0069644,NaN,NaN,NaN,NaN,22.225,97882,10.75,-2.8829,0.67565,-13.157,-4.4188,10.055,-3.8554,NaN,NaN,NaN,NaN,NaN
566.92,-17.488,-14.763,-154.61,-2.757,-0.91709,-13.101,-5.4982,11.78,-3.7231,0,0,0,NaN,NaN,NaN,NaN,NaN,NaN,NaN,NaN,NaN,45.73,0,4126.5,0.0069644,NaN,NaN,NaN,NaN,22.35,97905,10.813,-2.8775,0.67785,-13.161,-4.3928,10.149,-3.8697,NaN,NaN,NaN,NaN,NaN
566.93,-17.499,-14.719,-154.65,-2.5802,-0.73383,-13.119,-5.2313,12.193,-3.6122,0,0,0,NaN,NaN,NaN,NaN,NaN,NaN,NaN,NaN,NaN,45.73,0,4126.5,0.0069644,NaN,NaN,NaN,NaN,NaN,-1,-1,-2.8668,0.67149,-13.137,-4.3458,10.121,-3.8863,NaN,NaN,NaN,NaN,NaN
566.93,-17.508,-14.697,-154.66,-2.7351,1.1567,-11.617,-5.6146,10.31,-4.3295,-0.062265,0.052899,-1.1136,NaN,NaN,NaN,NaN,NaN,NaN,NaN,NaN,NaN,45.73,0,4126.5,0.0069644,1.2839,2.6121,0.65177,0.06909,NaN,-1,-1,-2.8683,0.67784,-13.136,-4.3371,10.241,-3.8881,NaN,NaN,NaN,NaN,NaN
566.93,-17.516,-14.681,-154.67,-3.2428,2.5247,-17.552,-5.0526,7.4699,-3.5568,0,0,0,NaN,NaN,NaN,NaN,NaN,NaN,NaN,NaN,NaN,45.73,0,4126.5,0.0069644,1.2839,2.6121,0.65177,0.06909,NaN,-1,-1,-2.8751,0.70191,-13.153,-4.3079,10.166,-3.9162,NaN,NaN,NaN,NaN,NaN
566.93,-17.516,-14.651,-154.69,-3.9186,4.1774,-12.317,-2.0349,13.515,-3.6315,0,0,0,NaN,NaN,NaN,NaN,NaN,NaN,NaN,NaN,NaN,45.73,0,4126.5,0.0069644,NaN,NaN,NaN,NaN,22.205,97890,10.75,-2.866,0.72993,-13.15,-4.287,10.214,-3.9174,NaN,NaN,NaN,NaN,NaN
566.94,-17.517,-14.627,-154.71,-2.3855,0.81643,-11.923,-2.4225,10.748,-3.3794,0,0,0,NaN,NaN,NaN,NaN,NaN,NaN,NaN,NaN,NaN,45.73,0,4126.5,0.0069644,NaN,NaN,NaN,NaN,NaN,-1,-1,-2.872,0.71059,-13.118,-4.1878,10.367,-3.928,NaN,NaN,NaN,NaN,NaN
566.94,-17.522,-14.61,-154.72,-2.976,-0.045384,-12.449,-4.1651,8.4984,-4.3424,-0.066425,0.062298,-1.1184,NaN,NaN,NaN,NaN,NaN,NaN,NaN,NaN,NaN,45.73,0,4126.5,0.0069644,NaN,NaN,NaN,NaN,NaN,-1,-1,-2.8634,0.68914,-13.105,-4.2462,10.062,-3.969,NaN,NaN,NaN,NaN,NaN
566.94,-17.531,-14.589,-154.74,-2.9569,-2.3317,-14.061,-5.5958,9.6346,-4.2539,0,0,0,NaN,NaN,NaN,NaN,NaN,NaN,NaN,NaN,NaN,45.73,0,4126.5,0.0069644,NaN,NaN,NaN,NaN,21.912,97867,10.625,-2.8643,0.7019,-13.159,-4.3083,10.211,-3.9849,NaN,NaN,NaN,NaN,NaN
566.94,-17.536,-14.568,-154.76,-2.956,1.1628,-14.52,-4.2153,10.231,-4.3,0,0,0,NaN,NaN,NaN,NaN,NaN,NaN,NaN,NaN,NaN,45.73,0,4126.5,0.0069644,NaN,NaN,NaN,NaN,NaN,-1,-1,-2.8605,0.70129,-13.143,-4.2473,10.343,-3.9731,NaN,NaN,NaN,NaN,NaN
566.95,-17.539,-14.543,-154.78,-2.3628,-1.2463,-11.449,-3.4724,11.108,-3.7611,0,0,0,NaN,NaN,NaN,NaN,NaN,NaN,NaN,NaN,NaN,45.73,0,4126.5,0.0069644,1.5845,2.6044,0.63899,0.098224,22.132,97877,10.688,-2.8566,0.70033,-13.091,-4.2611,10.346,-3.9836,NaN,NaN,NaN,NaN,NaN
566.95,-17.548,-14.522,-154.79,-2.7683,0.95996,-14.229,-5.9529,10.078,-4.3311,-0.059397,0.052386,-1.1222,NaN,NaN,NaN,NaN,NaN,NaN,NaN,NaN,NaN,45.73,0,4126.5,0.0069644,NaN,NaN,NaN,NaN,NaN,-1,-1,-2.8651,0.74447,-13.139,-4.3347,10.265,-3.9887,NaN,NaN,NaN,NaN,NaN
566.95,-17.559,-14.504,-154.81,-3.0751,1.4524,-15.539,-6.2633,8.4708,-3.8149,0,0,0,NaN,NaN,NaN,NaN,NaN,NaN,NaN,NaN,NaN,45.73,0,4126.5,0.0069644,NaN,NaN,NaN,NaN,NaN,-1,-1,-2.8664,0.74099,-13.126,-4.2742,10.266,-3.9978,NaN,NaN,NaN,NaN,NaN
566.95,-17.56,-14.48,-154.82,-4.1991,6.0447,-13.445,-2.3224,11.143,-3.7909,0,0,0,NaN,NaN,NaN,NaN,NaN,NaN,NaN,NaN,NaN,45.73,0,4126.5,0.0069644,NaN,NaN,NaN,NaN,22.366,97941,10.875,-2.8586,0.74475,-13.068,-4.1024,10.441,-3.9766,NaN,NaN,NaN,NaN,NaN
566.96,-17.557,-14.45,-154.84,-1.5185,0.18417,-11.76,-1.0624,13.396,-3.4545,0,0,0,NaN,NaN,NaN,NaN,NaN,NaN,NaN,NaN,NaN,45.73,0,4126.5,0.0069644,NaN,NaN,NaN,0.025805,NaN,-1,-1,-2.8598,0.71761,-13.114,-4.0242,10.497,-4.0072,NaN,NaN,NaN,NaN,NaN
566.96,-17.562,-14.435,-154.86,-4.1783,0.30866,-11.097,-4.1127,7.2654,-4.6391,-0.062335,0.050505,-1.1136,NaN,NaN,NaN,NaN,NaN,NaN,NaN,NaN,NaN,45.73,0,4126.5,0.0069644,NaN,NaN,NaN,0.025805,NaN,-1,-1,-2.8565,0.72158,-13.134,-4.1133,10.246,-4.0293,NaN,NaN,NaN,NaN,NaN
566.96,-17.569,-14.419,-154.87,-3.2829,-1.1551,-15.656,-4.5159,7.8467,-4.3984,0,0,0,NaN,NaN,NaN,NaN,NaN,NaN,NaN,NaN,NaN,45.73,0,4126.5,0.0069644,NaN,NaN,NaN,NaN,22.079,97869,10.688,-2.8452,0.71363,-13.117,-4.0914,10.383,-4.0129,NaN,NaN,NaN,NaN,NaN
566.96,-17.574,-14.393,-154.89,-1.5411,-0.052774,-15.036,-4.4407,11.994,-4.1358,0,0,0,NaN,NaN,NaN,NaN,NaN,NaN,NaN,NaN,NaN,45.73,0,4126.5,0.0069644,NaN,NaN,NaN,NaN,NaN,-1,-1,-2.8409,0.7368,-13.092,-4.0164,10.481,-4.0349,NaN,NaN,NaN,NaN,NaN
566.97,-17.577,-14.367,-154.91,-3.3555,-1.8485,-10.411,-3.3597,11.916,-4.0285,0,0,0,NaN,NaN,NaN,NaN,NaN,NaN,NaN,NaN,NaN,45.73,0,4126.5,0.0069644,NaN,NaN,NaN,NaN,22.112,97890,10.688,-2.841,0.7245,-13.123,-4.0516,10.312,-4.0314,NaN,NaN,NaN,NaN,NaN
566.97,-17.586,-14.35,-154.93,-2.3132,2.4262,-13.732,-5.7582,8.2635,-4.1225,-0.074151,0.048272,-1.1146,NaN,NaN,NaN,NaN,NaN,NaN,NaN,NaN,NaN,45.73,0,4126.5,0.0069644,NaN,NaN,NaN,NaN,NaN,-1,-1,-2.8371,0.75693,-13.11,-4.0609,10.323,-4.0813,NaN,NaN,NaN,NaN,NaN
566.97,-17.595,-14.336,-154.94,-2.7827,-0.23837,-15.558,-5.25,6.705,-4.0837,0,0,0,NaN,NaN,NaN,NaN,NaN,NaN,NaN,NaN,NaN,45.73,0,4126.5,0.0069644,2.3203,2.6085,0.65177,0.069923,NaN,-1,-1,-2.8476,0.78446,-13.101,-4.0279,10.47,-4.0978,NaN,NaN,NaN,NaN,NaN
566.97,-17.6,-14.306,-154.96,-3.9556,5.1448,-14.776,-4.1612,13.746,-3.6561,0,0,0,NaN,NaN,NaN,NaN,NaN,NaN,NaN,NaN,NaN,45.73,0,4126.5,0.0069644,NaN,NaN,NaN,NaN,22.148,97910,10.75,-2.8371,0.78098,-13.109,-4.0037,10.35,-4.1072,NaN,NaN,NaN,NaN,NaN
566.98,-17.595,-14.275,-154.98,-2.396,2.3395,-11.256,-0.54053,13.9,-3.3418,0,0,0,NaN,NaN,NaN,NaN,NaN,NaN,NaN,NaN,NaN,45.73,0,4126.5,0.0069644,NaN,NaN,NaN,NaN,NaN,-1,-1,-2.8392,0.75283,-13.101,-3.9179,10.662,-4.2331,NaN,NaN,NaN,NaN,NaN
566.98,-17.604,-14.242,-155.01,-3.302,-2.0069,-15.754,-4.5743,10.27,-4.4168,0,0,0,NaN,NaN,NaN,NaN,NaN,NaN,NaN,NaN,NaN,45.73,0,4126.5,0.0069644,NaN,NaN,NaN,NaN,NaN,-1,-1,-2.8328,0.75066,-13.133,-3.9513,10.56,-4.2447,NaN,NaN,NaN,NaN,NaN
566.98,-17.61,-14.215,-155.03,-1.5359,-0.31337,-13.345,-4.577,12.365,-4.1381,0,0,0,NaN,NaN,NaN,NaN,NaN,NaN,NaN,NaN,NaN,45.73,0,4126.5,0.0069644,NaN,NaN,NaN,NaN,21.822,97860,10.625,-2.8381,0.76483,-13.168,-3.9295,10.6,-4.1951,NaN,NaN,NaN,NaN,NaN
566.98,-17.612,-14.199,-155.04,-3.5601,-0.84111,-13.808,-3.0399,7.8057,-4.5064,0,0,0,NaN,NaN,NaN,NaN,NaN,NaN,NaN,NaN,NaN,45.73,0,4126.5,0.0069644,NaN,NaN,NaN,NaN,NaN,-1,-1,-2.8276,0.75431,-13.141,-3.8763,10.595,-4.1486,NaN,NaN,NaN,NaN,NaN
566.99,-17.619,-14.17,-155.06,-2.5215,0.97776,-13.009,-4.8727,13.09,-4.1396,-0.071323,0.060088,-1.1166,NaN,NaN,NaN,NaN,NaN,NaN,NaN,NaN,NaN,45.73,0,4126.5,0.0069644,NaN,NaN,NaN,NaN,21.965,97899,10.688,-2.8301,0.76551,-13.162,-3.8116,10.877,-4.2683,NaN,NaN,NaN,NaN,NaN
566.99,-17.628,-14.152,-155.08,-1.6156,0.014345,-11.744,-5.6207,8.8416,-4.433,0,0,0,NaN,NaN,NaN,NaN,NaN,NaN,NaN,NaN,NaN,45.73,0,4126.5,0.0069644,NaN,NaN,NaN,NaN,NaN,-1,-1,-2.8303,0.79108,-13.188,-3.7704,10.605,-4.2169,NaN,NaN,NaN,NaN,NaN
566.99,-17.633,-14.137,-155.09,-4.4094,4.7602,-17.608,-4.0623,7.2964,-3.6579,0,0,0,NaN,NaN,NaN,NaN,NaN,NaN,NaN,NaN,NaN,45.73,0,4126.5,0.0069644,NaN,NaN,NaN,NaN,NaN,-1,-1,-2.826,0.79549,-13.17,-3.5515,10.595,-4.1519,NaN,NaN,NaN,NaN,NaN
566.99,-17.628,-14.099,-155.12,-3.2952,3.3136,-13.338,-0.27731,16.954,-3.6348,0,0,0,NaN,NaN,NaN,NaN,NaN,NaN,NaN,NaN,NaN,45.73,0,4126.5,0.0069644,NaN,NaN,NaN,NaN,22.256,97891,10.688,-2.8165,0.77753,-13.199,-3.4195,10.42,-4.0882,NaN,NaN,NaN,NaN,NaN
567,-17.627,-14.082,-155.13,-2.5541,0.13762,-8.5154,-1.5771,8.1713,-4.1515,-0.073543,0.060001,-1.119,NaN,NaN,NaN,NaN,NaN,NaN,NaN,NaN,NaN,45.73,0,4126.5,0.0069644,3.0906,2.6008,0.64811,0.079911,NaN,-1,-1,-2.8184,0.78004,-13.214,-3.3787,10.084,-4.0736,NaN,NaN,NaN,NaN,NaN
567,-17.633,-14.068,-155.15,-3.0774,-1.1238,-14.916,-4.4314,6.7967,-4.7948,0,0,0,NaN,NaN,NaN,NaN,NaN,NaN,NaN,NaN,NaN,45.73,0,4126.5,0.0069644,NaN,NaN,NaN,NaN,NaN,-1,-1,-2.8101,0.776,-13.185,-3.2654,10.352,-4.0227,NaN,NaN,NaN,NaN,NaN
567,-17.638,-14.043,-155.17,-2.8181,-0.72203,-16.163,-4.163,11.918,-4.1906,0,0,0,NaN,NaN,NaN,NaN,NaN,NaN,NaN,NaN,NaN,45.73,0,4126.5,0.0069644,NaN,NaN,NaN,NaN,21.966,97892,10.688,-2.8025,0.7986,-13.18,-3.0947,10.086,-3.9909,NaN,NaN,NaN,NaN,NaN
