632,-19.229,-58.333,-16.288,-2.8097,-0.50721,-0.42662,-7.804,0.55881,-7.2838,0,0,0,NaN,NaN,NaN,NaN,NaN,NaN,NaN,NaN,NaN,46.552,0,2255.3,0.0064211,NaN,NaN,NaN,NaN,NaN,-1,-1,-2.1915,-0.054324,0.66697,-8.0414,-1.0063,-6.7636,NaN,NaN,NaN,NaN,NaN
632,-19.222,-58.336,-16.318,-2.6234,-0.55002,2.7836,-7.9714,0.78489,-6.8752,0,0,0,NaN,NaN,NaN,NaN,NaN,NaN,NaN,NaN,NaN,46.552,0,2255.3,0.0064211,NaN,NaN,NaN,NaN,17.77,96281,10.063,-2.1849,-0.066179,0.55532,-8.0179,-1.0107,-6.7501,NaN,NaN,NaN,NaN,NaN
632.01,-19.222,-58.35,-16.341,-0.77451,0.10219,0.90603,-8.3291,-3.6642,-6.6098,0,0,0,NaN,NaN,NaN,NaN,NaN,NaN,NaN,NaN,NaN,46.552,0,2255.3,0.0064211,NaN,NaN,NaN,NaN,NaN,-1,-1,-2.1835,-0.069736,0.48071,-8.0296,-0.89824,-6.7338,NaN,NaN,NaN,NaN,NaN
632.01,-19.217,-58.355,-16.371,-3.3636,-1.6472,-2.0104,-8.1146,0.16163,-6.7548,1.1528,-0.12657,-0.26921,NaN,NaN,NaN,NaN,NaN,NaN,NaN,NaN,NaN,46.552,0,2255.3,0.0064211,NaN,NaN,NaN,NaN,17.788,96269,9.9375,-2.1962,-0.076009,0.35389,-8.0925,-0.50647,-6.7003,NaN,NaN,NaN,NaN,NaN
632.01,-19.207,-58.348,-16.407,-2.3992,0.42431,2.1477,-8.4403,4.6543,-6.6532,0,0,0,NaN,NaN,NaN,NaN,NaN,NaN,NaN,NaN,NaN,46.552,0,2255.3,0.0064211,NaN,NaN,NaN,NaN,NaN,-1,-1,-2.2084,-0.060234,0.21356,-8.0815,-0.33866,-6.6813,NaN,NaN,NaN,NaN,NaN
632.01,-19.207,-58.362,-16.428,-1.1078,1.6152,2.8233,-7.6894,-3.9025,-6.4399,0,0,0,NaN,NaN,NaN,NaN,NaN,NaN,NaN,NaN,NaN,46.552,0,2255.3,0.0064211,NaN,NaN,NaN,NaN,17.673,96276,9.9375,-2.2114,-0.064661,0.14186,-8.1057,-0.16407,-6.6803,NaN,NaN,NaN,NaN,NaN
632.02,-19.204,-58.374,-16.452,-2.8581,-0.55389,-2.6269,-7.6934,-3.0707,-6.8156,0,0,0,NaN,NaN,NaN,NaN,NaN,NaN,NaN,NaN,NaN,46.552,0,2255.3,0.0064211,NaN,NaN,NaN,NaN,NaN,-1,-1,-2.2041,-0.07466,0.041616,-8.0997,0.11114,-6.6691,NaN,NaN,NaN,NaN,NaN
632.02,-19.187,-58.366,-16.522,-1.323,0.50103,3.6484,-8.817,1.4161,-6.6436,0,0,0,NaN,NaN,NaN,NaN,NaN,NaN,NaN,NaN,NaN,46.552,0,2255.3,0.0064211,NaN,NaN,NaN,NaN,NaN,-1,-1,-2.2168,-0.088903,-0.10005,-8.0897,0.25703,-6.6513,NaN,NaN,NaN,NaN,NaN
632.02,-19.187,-58.378,-16.545,-2.2909,-0.52663,-0.90593,-7.9727,-3.2459,-6.4591,0,0,0,NaN,NaN,NaN,NaN,NaN,NaN,NaN,NaN,NaN,46.552,0,2255.3,0.0064211,0.94224,2.8245,0.71627,0.049112,17.673,96255,9.875,-2.2095,-0.084386,-0.18629,-8.039,0.58034,-6.651,NaN,NaN,NaN,NaN,NaN
632.02,-19.169,-58.372,-16.615,-2.3724,0.51382,1.1896,-8.6519,3.8703,-6.8315,1.141,-0.13133,-0.2725,NaN,NaN,NaN,NaN,NaN,NaN,NaN,NaN,NaN,46.552,0,2255.3,0.0064211,NaN,NaN,NaN,NaN,NaN,-1,-1,-2.2093,-0.10423,-0.25792,-8.0162,0.83814,-6.6375,NaN,NaN,NaN,NaN,NaN
632.03,-19.165,-58.38,-16.641,-1.6816,1.3833,1.1373,-7.3021,-1.3893,-6.5822,0,0,0,NaN,NaN,NaN,NaN,NaN,NaN,NaN,NaN,NaN,46.552,0,2255.3,0.0064211,NaN,NaN,NaN,NaN,17.76,96277,9.875,-2.2184,-0.10133,-0.39947,-8.0322,0.99699,-6.6179,NaN,NaN,NaN,NaN,NaN
632.03,-19.157,-58.383,-16.671,-2.7871,-0.88786,-1.6507,-7.6917,0.82621,-6.7849,0,0,0,NaN,NaN,NaN,NaN,NaN,NaN,NaN,NaN,NaN,46.552,0,2255.3,0.0064211,NaN,NaN,NaN,NaN,NaN,-1,-1,-2.2282,-0.091161,-0.52591,-8.0377,1.1596,-6.6094,NaN,NaN,NaN,NaN,NaN
632.03,-19.15,-58.383,-16.702,-2.1515,-0.46457,-1.7956,-7.9083,1.9982,-6.4544,0,0,0,NaN,NaN,NaN,NaN,NaN,NaN,NaN,NaN,NaN,46.552,0,2255.3,0.0064211,NaN,NaN,NaN,NaN,NaN,-1,-1,-2.219,-0.087957,-0.58705,-8.0599,1.3982,-6.5906,NaN,NaN,NaN,NaN,NaN
632.03,-19.138,-58.377,-16.738,-2.5091,0.31961,-0.26812,-7.8323,4.4432,-6.7111,1.1479,-0.12626,-0.26521,NaN,NaN,NaN,NaN,NaN,NaN,NaN,NaN,NaN,46.552,0,2255.3,0.0064211,0.93513,2.9438,0.64264,0.084906,17.965,96266,9.875,-2.237,-0.086979,-0.68685,-8.0687,1.5704,-6.5756,NaN,NaN,NaN,NaN,NaN
632.04,-19.131,-58.378,-16.768,-2.0881,-1.1312,1.7947,-7.6943,1.4814,-6.5744,0,0,0,NaN,NaN,NaN,NaN,NaN,NaN,NaN,NaN,NaN,46.552,0,2255.3,0.0064211,NaN,NaN,NaN,NaN,NaN,-1,-1,-2.235,-0.099261,-0.79568,-8.0515,1.7841,-6.5519,NaN,NaN,NaN,NaN,NaN
632.04,-19.129,-58.385,-16.794,-1.8847,-0.49807,-3.1188,-8.6476,-0.94011,-6.4504,0,0,0,NaN,NaN,NaN,NaN,NaN,NaN,NaN,NaN,NaN,46.552,0,2255.3,0.0064211,NaN,NaN,NaN,NaN,NaN,-1,-1,-2.2296,-0.12033,-0.88939,-8.0977,1.9077,-6.5307,NaN,NaN,NaN,NaN,NaN
632.04,-19.118,-58.377,-16.831,-2.9437,0.047587,-1.999,-8.0605,5.5117,-6.5028,0,0,0,NaN,NaN,NaN,NaN,NaN,NaN,NaN,NaN,NaN,46.552,0,2255.3,0.0064211,NaN,NaN,NaN,NaN,17.969,96267,9.9375,-2.2377,-0.13995,-0.9639,-8.1252,2.2964,-6.5067,NaN,NaN,NaN,NaN,NaN
632.04,-19.108,-58.368,-16.867,-1.741,0.45748,1.4547,-8.8045,5.8976,-6.2044,1.1413,-0.12665,-0.2747,NaN,NaN,NaN,NaN,NaN,NaN,NaN,NaN,NaN,46.601,0,2331,0.0069644,NaN,NaN,NaN,NaN,NaN,-1,-1,-2.2356,-0.12905,-1.0866,-8.1569,2.3761,-6.4772,NaN,NaN,NaN,NaN,NaN
632.05,-19.107,-58.379,-16.891,-2.2846,1.061,-0.35143,-7.7498,-2.6576,-6.473,0,0,0,NaN,NaN,NaN,NaN,NaN,NaN,NaN,NaN,NaN,46.601,0,2331,0.0069644,0.93786,2.9397,0.63107,0.094062,17.761,96274,9.875,-2.2433,-0.12646,-1.1767,-8.1775,2.4803,-6.447,NaN,NaN,NaN,NaN,NaN
632.05,-19.098,-58.373,-16.925,-2.775,-1.7259,-4.0317,-8.623,4.4542,-6.3725,0,0,0,NaN,NaN,NaN,NaN,NaN,NaN,NaN,NaN,NaN,46.601,0,2331,0.0069644,NaN,NaN,NaN,NaN,NaN,-1,-1,-2.2535,-0.11891,-1.2591,-8.2007,2.7394,-6.421,NaN,NaN,NaN,NaN,NaN
632.05,-19.088,-58.363,-16.961,-2.4044,0.024868,-0.97989,-8.5615,5.9562,-6.3722,0,0,0,NaN,NaN,NaN,NaN,NaN,NaN,NaN,NaN,NaN,46.601,0,2331,0.0069644,NaN,NaN,NaN,NaN,NaN,-1,-1,-2.2496,-0.1034,-1.3591,-8.2283,3.0252,-6.3846,NaN,NaN,NaN,NaN,NaN
632.05,-19.081,-58.362,-16.993,-1.7253,0.2273,0.23619,-8.2702,2.416,-6.3247,1.1414,-0.12677,-0.27692,NaN,NaN,NaN,NaN,NaN,NaN,NaN,NaN,NaN,46.601,0,2331,0.0069644,NaN,NaN,NaN,NaN,18.031,96276,9.875,-2.2542,-0.11065,-1.4387,-8.2519,3.0962,-6.373,NaN,NaN,NaN,NaN,NaN
632.06,-19.078,-58.363,-17.021,-3.0925,-1.3455,-3.0003,-8.5398,1.3291,-6.1892,0,0,0,NaN,NaN,NaN,NaN,NaN,NaN,NaN,NaN,NaN,46.601,0,2331,0.0069644,NaN,NaN,NaN,NaN,NaN,-1,-1,-2.2621,-0.14109,-1.5283,-8.2849,3.1896,-6.3506,NaN,NaN,NaN,NaN,NaN
632.06,-19.069,-58.354,-17.056,-2.2252,-0.018036,-2.1376,-8.507,5.5543,-6.0771,0,0,0,NaN,NaN,NaN,NaN,NaN,NaN,NaN,NaN,NaN,46.601,0,2331,0.0069644,0.93951,2.8162,0.71992,NaN,NaN,-1,-1,-2.2584,-0.1463,-1.6139,-8.3113,3.5099,-6.3418,NaN,NaN,NaN,NaN,NaN
632.06,-19.059,-58.348,-17.09,-1.5104,1.5341,-0.67742,-8.2963,4.5724,-6.3675,0,0,0,NaN,NaN,NaN,NaN,NaN,NaN,NaN,NaN,NaN,46.601,0,2331,0.0069644,NaN,NaN,NaN,0.04828,17.941,96256,9.8125,-2.2559,-0.15954,-1.6976,-8.3308,3.7646,-6.3299,NaN,NaN,NaN,NaN,NaN
632.06,-19.049,-58.351,-17.122,-3.2479,0.077184,-0.14868,-7.0361,1.1558,-6.9566,1.1362,-0.13115,-0.27071,NaN,NaN,NaN,NaN,NaN,NaN,NaN,NaN,NaN,46.601,0,2331,0.0069644,NaN,NaN,NaN,NaN,NaN,-1,-1,-2.2644,-0.13551,-1.7822,-8.3689,3.7603,-6.3104,NaN,NaN,NaN,NaN,NaN
632.07,-19.041,-58.346,-17.156,-2.0966,-1.6902,-3.1877,-8.3443,3.9375,-6.4072,0,0,0,NaN,NaN,NaN,NaN,NaN,NaN,NaN,NaN,NaN,46.601,0,2331,0.0069644,NaN,NaN,NaN,NaN,18.23,96263,9.8125,-2.274,-0.12908,-1.8534,-8.4157,3.9324,-6.2891,NaN,NaN,NaN,NaN,NaN
632.07,-19.031,-58.339,-17.19,-2.4368,0.99606,-2.2766,-8.126,4.6133,-6.2661,0,0,0,NaN,NaN,NaN,NaN,NaN,NaN,NaN,NaN,NaN,46.601,0,2331,0.0069644,NaN,NaN,NaN,NaN,NaN,-1,-1,-2.2753,-0.14619,-1.9293,-8.455,4.4035,-6.2722,NaN,NaN,NaN,NaN,NaN
632.07,-19.022,-58.332,-17.224,-2.3853,-0.18242,-1.9038,-8.2744,4.8712,-6.2419,0,0,0,NaN,NaN,NaN,NaN,NaN,NaN,NaN,NaN,NaN,46.601,0,2331,0.0069644,NaN,NaN,NaN,NaN,NaN,-1,-1,-2.2713,-0.1606,-1.9958,-8.4845,4.3503,-6.2409,NaN,NaN,NaN,NaN,NaN
632.07,-19.014,-58.329,-17.257,-2.1051,-1.9865,-1.8846,-8.37,3.287,-6.4681,1.1344,-0.13159,-0.27978,NaN,NaN,NaN,NaN,NaN,NaN,NaN,NaN,NaN,46.601,0,2331,0.0069644,0.93458,2.9421,0.63168,0.10155,18.079,96299,10,-2.2813,-0.17018,-2.1236,-8.5491,4.3826,-6.2097,NaN,NaN,NaN,NaN,NaN
632.08,-19.01,-58.323,-17.289,-2.113,-0.5885,-2.4288,-9.6568,4.4621,-5.9774,0,0,0,NaN,NaN,NaN,NaN,NaN,NaN,NaN,NaN,NaN,46.601,0,2331,0.0069644,NaN,NaN,NaN,NaN,NaN,-1,-1,-2.2779,-0.16631,-2.1933,-8.6242,4.7017,-6.1881,NaN,NaN,NaN,NaN,NaN
632.08,-18.994,-58.308,-17.357,-2.1601,-0.20189,-0.96958,-8.3681,4.1962,-6.2146,0,0,0,NaN,NaN,NaN,NaN,NaN,NaN,NaN,NaN,NaN,46.601,0,2331,0.0069644,NaN,NaN,NaN,NaN,NaN,-1,-1,-2.2684,-0.14383,-2.2584,-8.6828,4.6522,-6.1434,NaN,NaN,NaN,NaN,NaN
632.08,-18.989,-58.306,-17.389,-2.5135,-1.159,-2.6182,-8.8963,2.8413,-6.1274,1.1317,-0.13132,-0.27557,NaN,NaN,NaN,NaN,NaN,NaN,NaN,NaN,NaN,46.601,0,2331,0.0069644,NaN,NaN,NaN,NaN,18.056,96303,10,-2.2859,-0.14875,-2.3506,-8.7629,4.689,-6.1262,NaN,NaN,NaN,NaN,NaN
632.08,-18.981,-58.297,-17.423,-2.5559,0.6992,-4.667,-9.0037,5.4972,-6.0221,0,0,0,NaN,NaN,NaN,NaN,NaN,NaN,NaN,NaN,NaN,46.601,0,2331,0.0069644,0.93841,2.9707,0.62925,0.11071,18.074,96287,9.875,-2.2935,-0.12735,-2.4326,-8.7673,4.9411,-6.1156,NaN,NaN,NaN,NaN,NaN
632.09,-18.969,-58.281,-17.461,-2.2687,-0.71415,-1.485,-8.4055,8.4997,-6.0323,0,0,0,NaN,NaN,NaN,NaN,NaN,NaN,NaN,NaN,NaN,46.601,0,2331,0.0069644,0.93841,2.9707,0.62925,0.11071,NaN,-1,-1,-2.2855,-0.14347,-2.474,-8.7987,5.0809,-6.1136,NaN,NaN,NaN,NaN,NaN
632.09,-18.964,-58.276,-17.492,-2.0633,-1.5717,-0.603,-8.7479,3.7557,-5.8344,0,0,0,NaN,NaN,NaN,NaN,NaN,NaN,NaN,NaN,NaN,46.601,0,2331,0.0069644,NaN,NaN,NaN,NaN,NaN,-1,-1,-2.2921,-0.16464,-2.5444,-9.1089,5.412,-6.2593,NaN,NaN,NaN,NaN,NaN
632.09,-18.964,-58.276,-17.52,-2.5184,0.95888,-4.9805,-9.6891,1.7052,-5.8424,1.1388,-0.14127,-0.27939,NaN,NaN,NaN,NaN,NaN,NaN,NaN,NaN,NaN,46.601,0,2331,0.0069644,NaN,NaN,NaN,NaN,NaN,-1,-1,-2.3051,-0.17167,-2.6706,-9.0661,5.3547,-6.2115,NaN,NaN,NaN,NaN,NaN
632.09,-18.949,-58.257,-17.562,-2.6541,0.607,-3.8298,-8.6357,10.152,-6.0954,0,0,0,NaN,NaN,NaN,NaN,NaN,NaN,NaN,NaN,NaN,46.601,0,2331,0.0069644,NaN,NaN,NaN,NaN,18.184,96254,9.75,-2.2942,-0.16367,-2.7006,-9.0288,5.5811,-6.1654,NaN,NaN,NaN,NaN,NaN
632.1,-18.935,-58.246,-17.627,-2.6381,0.51234,-2.6559,-8.5984,2.204,-6.0216,0,0,0,NaN,NaN,NaN,NaN,NaN,NaN,NaN,NaN,NaN,46.601,0,2331,0.0069644,NaN,NaN,NaN,NaN,NaN,-1,-1,-2.2928,-0.16525,-2.7682,-9.038,5.4304,-6.1138,NaN,NaN,NaN,NaN,NaN
632.1,-18.924,-58.235,-17.665,-2.558,-0.8275,-5.0978,-8.7023,6.7434,-6.2698,1.1323,-0.1318,-0.28442,NaN,NaN,NaN,NaN,NaN,NaN,NaN,NaN,NaN,46.601,0,2331,0.0069644,0.92034,3.0781,0.62681,0.10821,NaN,-1,-1,-2.2965,-0.16414,-2.8219,-8.9934,5.5127,-6.0768,NaN,NaN,NaN,NaN,NaN
632.1,-18.913,-58.22,-17.703,-2.6179,-0.80401,-2.2424,-9.0813,8.1171,-6.0902,0,0,0,NaN,NaN,NaN,NaN,NaN,NaN,NaN,NaN,NaN,46.601,0,2331,0.0069644,NaN,NaN,NaN,NaN,18.1,96303,10,-2.3052,-0.15186,-2.8906,-9.2698,5.9938,-6.1724,NaN,NaN,NaN,NaN,NaN
632.1,-18.907,-58.212,-17.736,-1.7364,-0.049875,-2.2544,-9.4358,5.1143,-6.001,0,0,0,NaN,NaN,NaN,NaN,NaN,NaN,NaN,NaN,NaN,46.601,0,2331,0.0069644,NaN,NaN,NaN,NaN,NaN,-1,-1,-2.3038,-0.15752,-2.9594,-9.1452,5.9609,-6.0773,NaN,NaN,NaN,NaN,NaN
632.11,-18.902,-58.207,-17.769,-2.2861,-1.4147,-3.669,-9.055,4.2093,-6.1673,0,0,0,NaN,NaN,NaN,NaN,NaN,NaN,NaN,NaN,NaN,46.601,0,2331,0.0069644,NaN,NaN,NaN,NaN,18.096,96286,9.875,-2.3121,-0.14719,-3.0323,-9.0864,6.0227,-5.9899,NaN,NaN,NaN,NaN,NaN
632.11,-18.893,-58.192,-17.806,-2.4943,0.4954,-4.2224,-9.2953,7.8211,-5.7452,1.1299,-0.12432,-0.28019,NaN,NaN,NaN,NaN,NaN,NaN,NaN,NaN,NaN,46.601,0,2331,0.0069644,NaN,NaN,NaN,NaN,NaN,-1,-1,-2.3147,-0.14992,-3.0883,-9.0195,6.1827,-5.8902,NaN,NaN,NaN,NaN,NaN
632.11,-18.884,-58.178,-17.842,-2.1027,0.85643,-1.787,-9.0012,7.8819,-5.7944,0,0,0,NaN,NaN,NaN,NaN,NaN,NaN,NaN,NaN,NaN,46.601,0,2331,0.0069644,NaN,NaN,NaN,NaN,NaN,-1,-1,-2.3177,-0.16538,-3.1445,-8.9635,6.239,-5.799,NaN,NaN,NaN,NaN,NaN
632.11,-18.879,-58.173,-17.874,-2.676,-0.49394,-2.2667,-9.1022,3.8339,-6.0077,0,0,0,NaN,NaN,NaN,NaN,NaN,NaN,NaN,NaN,NaN,46.601,0,2331,0.0069644,0.94279,3.8299,0.7114,0.049945,18.319,96303,9.9375,-2.3266,-0.15473,-3.202,-8.9176,6.2077,-5.7157,NaN,NaN,NaN,NaN,NaN
632.12,-18.874,-58.163,-17.907,-2.2908,-1.5807,-6.0064,-9.5477,5.8474,-5.7536,0,0,0,NaN,NaN,NaN,NaN,NaN,NaN,NaN,NaN,NaN,46.601,0,2331,0.0069644,NaN,NaN,NaN,NaN,NaN,-1,-1,-2.3254,-0.1609,-3.2459,-8.8596,6.2507,-5.6364,NaN,NaN,NaN,NaN,NaN
632.12,-18.864,-58.146,-17.945,-2.6038,1.7153,-3.0203,-9.5053,9.0189,-5.6825,1.1271,-0.13378,-0.27821,-1.8053,11.229,-14.401,18.351,40.06,-88.547,3.6804e+05,4.4356e+06,387.14,46.601,0,2331,0.0069644,NaN,NaN,NaN,NaN,NaN,-1,-1,-2.3374,-0.17812,-3.2946,-8.796,6.3131,-5.5564,18.164,2.2781,-1.2785,-4.0262,7.1314
632.12,-18.856,-58.132,-17.981,-2.0318,-1.4773,-2.1515,-9.1548,7.4446,-5.8489,0,0,0,NaN,NaN,NaN,NaN,NaN,NaN,NaN,NaN,NaN,46.601,0,2331,0.0069644,NaN,NaN,NaN,NaN,18.294,96297,9.875,-2.339,-0.16015,-3.3644,-8.6991,6.2626,-5.515,NaN,NaN,NaN,NaN,NaN
632.12,-18.855,-58.129,-18.01,-2.4035,-0.7127,-4.5937,-9.864,3.0744,-5.5925,0,0,0,NaN,NaN,NaN,NaN,NaN,NaN,NaN,NaN,NaN,46.601,0,2331,0.0069644,0.9417,4.6544,0.6469,NaN,NaN,-1,-1,-2.3405,-0.12542,-3.4084,-8.6607,6.3073,-5.4486,NaN,NaN,NaN,NaN,NaN
632.13,-18.845,-58.109,-18.049,-2.8455,1.4078,-4.7751,-9.5509,10.086,-5.748,0,0,0,NaN,NaN,NaN,NaN,NaN,NaN,NaN,NaN,NaN,46.601,0,2331,0.0069644,NaN,NaN,NaN,0.071587,18.318,96307,9.9375,-2.353,-0.14724,-3.4631,-8.5758,6.3741,-5.4014,NaN,NaN,NaN,NaN,NaN
632.13,-18.833,-58.095,-18.088,-2.7763,0.71124,-1.3862,-8.3862,7.8181,-6.145,1.1413,-0.13902,-0.28138,NaN,NaN,NaN,NaN,NaN,NaN,NaN,NaN,NaN,46.601,0,2331,0.0069644,NaN,NaN,NaN,NaN,NaN,-1,-1,-2.3554,-0.15443,-3.3166,-8.5161,6.4734,-5.3452,NaN,NaN,NaN,NaN,NaN
632.13,-18.83,-58.092,-18.117,-1.4262,-1.5594,-3.8366,-9.1497,2.873,-5.7419,0,0,0,NaN,NaN,NaN,NaN,NaN,NaN,NaN,NaN,NaN,46.601,0,2331,0.0069644,NaN,NaN,NaN,NaN,NaN,-1,-1,-2.3497,-0.13795,-3.3766,-8.4556,6.4129,-5.2983,NaN,NaN,NaN,NaN,NaN
632.13,-18.818,-58.077,-18.156,-3.2642,0.83625,-7.0594,-8.8308,8.3782,-6.281,0,0,0,NaN,NaN,NaN,NaN,NaN,NaN,NaN,NaN,NaN,46.601,0,2331,0.0069644,NaN,NaN,NaN,NaN,18.339,96314,9.9375,-2.3625,-0.15876,-3.4582,-8.4582,6.5782,-5.237,NaN,NaN,NaN,NaN,NaN
632.14,-18.801,-58.049,-18.201,-2.6513,-1.314,-1.5095,-8.8318,13.404,-5.9154,0,0,0,NaN,NaN,NaN,NaN,NaN,NaN,NaN,NaN,NaN,46.601,0,2331,0.0069644,NaN,NaN,NaN,NaN,NaN,-1,-1,-2.3646,-0.16936,-3.5195,-8.4052,6.6671,-5.1897,NaN,NaN,NaN,NaN,NaN
632.14,-18.803,-58.049,-18.227,-1.2742,-0.89735,-1.4342,-9.7368,1.5585,-5.481,1.1435,-0.13641,-0.27674,NaN,NaN,NaN,NaN,NaN,NaN,NaN,NaN,NaN,46.601,0,2331,0.0069644,0.94334,5.5398,0.7114,0.054939,NaN,-1,-1,-2.3695,-0.14747,-3.3732,-8.4219,6.6325,-5.1271,NaN,NaN,NaN,NaN,NaN
632.14,-18.798,-58.039,-18.259,-2.7874,0.30036,-8.2249,-9.2259,5.7532,-5.3866,0,0,0,NaN,NaN,NaN,NaN,NaN,NaN,NaN,NaN,NaN,46.601,0,2331,0.0069644,NaN,NaN,NaN,NaN,18.359,96325,9.9375,-2.3812,-0.13274,-3.4718,-8.4325,6.7448,-5.0688,NaN,NaN,NaN,NaN,NaN
632.14,0,0,0,0,0,0,0,0,0,0,0,0,NaN,NaN,NaN,NaN,NaN,NaN,NaN,NaN,NaN,46.601,0,2331,0.0069644,NaN,NaN,NaN,NaN,NaN,-1,-1,-2.3865,-0.13697,-3.5481,-8.4203,7.1437,-5.0007,NaN,NaN,NaN,NaN,NaN
632.15,-18.783,-58.009,-18.303,-2.3816,0.15233,-3.5481,-9.4598,14.171,-5.4507,0,0,0,NaN,NaN,NaN,NaN,NaN,NaN,NaN,NaN,NaN,46.601,0,2331,0.0069644,NaN,NaN,NaN,NaN,18.361,96294,9.875,-2.4016,-0.12548,-3.6058,-8.4214,7.1612,-4.9595,NaN,NaN,NaN,NaN,NaN
632.15,-18.777,-57.992,-18.364,-2.6383,1.4703,-5.0076,-9.1272,3.063,-5.2898,1.139,-0.14644,-0.28604,NaN,NaN,NaN,NaN,NaN,NaN,NaN,NaN,NaN,46.601,0,2331,0.0069644,NaN,NaN,NaN,NaN,NaN,-1,-1,-2.3984,-0.14692,-3.7065,-8.47,7.1141,-4.9058,NaN,NaN,NaN,NaN,NaN
632.15,-18.765,-57.969,-18.403,-3.6397,-1.6784,-7.5887,-8.6481,11.289,-5.3264,0,0,0,NaN,NaN,NaN,NaN,NaN,NaN,NaN,NaN,NaN,46.601,0,2331,0.0069644,NaN,NaN,NaN,NaN,NaN,-1,-1,-2.4027,-0.13169,-3.7547,-8.474,7.5002,-4.8693,NaN,NaN,NaN,NaN,NaN
632.15,-18.756,-57.946,-18.441,-0.80944,-0.95488,-1.0609,-9.7338,11.428,-4.903,0,0,0,NaN,NaN,NaN,NaN,NaN,NaN,NaN,NaN,NaN,46.601,0,2331,0.0069644,0.94224,6.5846,0.71566,0.049945,18.295,96311,9.9375,-2.4138,-0.097381,-3.8334,-8.4869,7.5199,-4.8415,NaN,NaN,NaN,NaN,NaN
632.16,0,0,0,0,0,0,0,0,0,0,0,0,NaN,NaN,NaN,NaN,NaN,NaN,NaN,NaN,NaN,46.601,0,2331,0.0069644,NaN,NaN,NaN,NaN,NaN,-1,-1,-2.4146,-0.10428,-3.9312,-8.5252,7.8253,-4.8196,NaN,NaN,NaN,NaN,NaN
632.16,-18.755,-57.937,-18.472,-3.3541,-0.16705,-4.1259,-10.116,5.3637,-5.435,0,0,0,NaN,NaN,NaN,NaN,NaN,NaN,NaN,NaN,NaN,46.601,0,2331,0.0069644,NaN,NaN,NaN,NaN,NaN,-1,-1,-2.4179,-0.092717,-3.9431,-8.5785,8.1411,-4.794,NaN,NaN,NaN,NaN,NaN
632.16,-18.747,-57.919,-18.508,-2.2295,1.0175,-5.4989,-9.2066,8.9721,-5.1775,1.1395,-0.13202,-0.286,NaN,NaN,NaN,NaN,NaN,NaN,NaN,NaN,NaN,46.601,0,2331,0.0069644,NaN,NaN,NaN,NaN,18.424,96309,9.875,-2.4271,-0.10674,-3.9996,-8.6382,8.327,-4.7947,NaN,NaN,NaN,NaN,NaN
632.16,-18.729,-57.88,-18.583,-2.5202,1.2481,-0.003275,-9.5872,8.0848,-5.646,0,0,0,NaN,NaN,NaN,NaN,NaN,NaN,NaN,NaN,NaN,46.523,0.024486,2409.6,0.0064211,0.99097,7.8745,0.70228,0.014983,NaN,-1,-1,-2.4508,-0.1163,-4.0276,-8.6656,8.5678,-4.7987,NaN,NaN,NaN,NaN,NaN
632.17,-18.722,-57.866,-18.618,-2.8895,0.31224,-6.3929,-9.1179,7.8039,-5.4804,0,0,0,NaN,NaN,NaN,NaN,NaN,NaN,NaN,NaN,NaN,46.523,0.024486,2409.6,0.0064211,NaN,NaN,NaN,NaN,18.492,96294,9.875,-2.4502,-0.10873,-4.0542,-8.7191,8.9381,-4.7899,NaN,NaN,NaN,NaN,NaN
632.17,-18.713,-57.83,-18.679,-2.6512,-0.53758,-6.8664,-9.1741,9.0333,-5.1759,0,0,0,NaN,NaN,NaN,NaN,NaN,NaN,NaN,NaN,NaN,46.523,0.024486,2409.6,0.0064211,NaN,NaN,NaN,NaN,NaN,-1,-1,-2.4594,-0.097232,-4.0886,-8.7865,9.1636,-4.7757,NaN,NaN,NaN,NaN,NaN
632.17,-18.704,-57.806,-18.717,-2.2698,0.54481,-3.8346,-9.6699,11.412,-4.9397,0,0,0,NaN,NaN,NaN,NaN,NaN,NaN,NaN,NaN,NaN,46.523,0.024486,2409.6,0.0064211,NaN,NaN,NaN,NaN,NaN,-1,-1,-2.4751,-0.07437,-4.1897,-8.8408,9.4637,-4.7638,NaN,NaN,NaN,NaN,NaN
632.17,-18.687,-57.762,-18.792,-2.805,-0.099405,-5.1734,-9.8288,10.716,-5.2891,1.142,-0.13962,-0.29246,NaN,NaN,NaN,NaN,NaN,NaN,NaN,NaN,NaN,46.523,0.024486,2409.6,0.0064211,NaN,NaN,NaN,NaN,18.575,96280,9.75,-2.4813,-0.081284,-4.2226,-8.9571,9.8822,-4.7473,NaN,NaN,NaN,NaN,NaN
632.18,-18.679,-57.739,-18.829,-2.6901,1.8793,-4.4554,-9.5827,10.927,-4.8611,0,0,0,NaN,NaN,NaN,NaN,NaN,NaN,NaN,NaN,NaN,46.523,0.024486,2409.6,0.0064211,NaN,NaN,NaN,NaN,NaN,-1,-1,-2.5098,-0.087751,-4.1917,-9.0813,10.263,-4.7353,NaN,NaN,NaN,NaN,NaN
632.18,-18.669,-57.717,-18.867,-2.9554,-0.75909,-4.6036,-9.0492,10.995,-5.21,0,0,0,NaN,NaN,NaN,NaN,NaN,NaN,NaN,NaN,NaN,46.523,0.024486,2409.6,0.0064211,0.93786,9.2581,0.65177,0.09656,NaN,-1,-1,-2.5049,-0.10515,-4.2246,-9.1881,10.662,-4.7414,NaN,NaN,NaN,NaN,NaN
632.18,-18.664,-57.692,-18.903,-1.4074,-1.4188,-4.0909,-10.329,11.51,-4.5465,0,0,0,NaN,NaN,NaN,NaN,NaN,NaN,NaN,NaN,NaN,46.523,0.024486,2409.6,0.0064211,NaN,NaN,NaN,NaN,18.578,96323,9.9375,-2.5164,-0.10491,-4.276,-9.314,11.003,-4.7451,NaN,NaN,NaN,NaN,NaN
632.18,-18.656,-57.669,-18.94,-2.61,0.42503,-7.0101,-9.8938,11.381,-4.7997,1.1277,-0.14423,-0.29374,NaN,NaN,NaN,NaN,NaN,NaN,NaN,NaN,NaN,46.523,0.024486,2409.6,0.0064211,NaN,NaN,NaN,NaN,NaN,-1,-1,-2.5249,-0.10527,-4.2803,-9.4282,11.393,-4.7668,NaN,NaN,NaN,NaN,NaN
632.19,-18.645,-57.636,-18.983,-3.8524,-0.22245,-3.6937,-10.176,15.363,-4.8199,0,0,0,NaN,NaN,NaN,NaN,NaN,NaN,NaN,NaN,NaN,46.523,0.024486,2409.6,0.0064211,NaN,NaN,NaN,NaN,18.558,96314,9.9375,-2.5251,-0.082159,-4.3062,-9.5028,11.904,-4.7924,NaN,NaN,NaN,NaN,NaN
632.19,-18.639,-57.614,-19.018,-1.2713,-1.0867,-4.3602,-9.8781,10.314,-4.8202,0,0,0,NaN,NaN,NaN,NaN,NaN,NaN,NaN,NaN,NaN,46.523,0.024486,2409.6,0.0064211,NaN,NaN,NaN,NaN,NaN,-1,-1,-2.5418,-0.077087,-4.37,-9.6332,12.386,-4.8074,NaN,NaN,NaN,NaN,NaN
632.19,-18.632,-57.588,-19.056,-2.3773,0.47216,-4.8312,-10.591,12.576,-4.6683,0,0,0,NaN,NaN,NaN,NaN,NaN,NaN,NaN,NaN,NaN,46.523,0.024486,2409.6,0.0064211,0.94553,10.886,0.65542,NaN,NaN,-1,-1,-2.5623,-0.081869,-4.3709,-9.7195,12.765,-4.8611,NaN,NaN,NaN,NaN,NaN
632.19,-18.617,-57.554,-19.101,-3.7149,1.3341,-5.8443,-9.1984,15.466,-5.1339,1.1425,-0.13266,-0.29686,NaN,NaN,NaN,NaN,NaN,NaN,NaN,NaN,NaN,46.523,0.024486,2409.6,0.0064211,NaN,NaN,NaN,0.074917,18.684,96315,9.875,-2.5553,-0.083736,-4.3657,-9.8249,13.575,-4.908,NaN,NaN,NaN,NaN,NaN
632.2,-18.605,-57.523,-19.143,-1.5483,-1.1339,-2.4163,-9.6053,14.529,-5.0239,0,0,0,NaN,NaN,NaN,NaN,NaN,NaN,NaN,NaN,NaN,46.523,0.024486,2409.6,0.0064211,NaN,NaN,NaN,NaN,NaN,-1,-1,-2.5587,-0.094422,-4.4385,-9.9453,13.914,-4.9429,NaN,NaN,NaN,NaN,NaN
632.2,-18.597,-57.504,-19.18,-2.3562,-0.59449,-6.0785,-9.8163,9.6649,-5.4876,0,0,0,NaN,NaN,NaN,NaN,NaN,NaN,NaN,NaN,NaN,46.523,0.024486,2409.6,0.0064211,NaN,NaN,NaN,NaN,NaN,-1,-1,-2.5798,-0.08554,-4.4956,-10.07,14.239,-4.9673,NaN,NaN,NaN,NaN,NaN
632.2,-18.584,-57.467,-19.224,-3.5836,0.2382,-7.0899,-9.8758,17.073,-4.5805,0,0,0,NaN,NaN,NaN,NaN,NaN,NaN,NaN,NaN,NaN,46.523,0.024486,2409.6,0.0064211,NaN,NaN,NaN,NaN,18.639,96263,9.6875,-2.5682,-0.064071,-4.4897,-9.8675,14.551,-4.786,NaN,NaN,NaN,NaN,NaN
632.2,-18.568,-57.428,-19.272,-1.6419,-1.1163,-4.3254,-9.6208,17.726,-5.0009,1.1259,-0.13976,-0.30058,NaN,NaN,NaN,NaN,NaN,NaN,NaN,NaN,NaN,46.523,0.024486,2409.6,0.0064211,0.94334,13.601,0.7114,0.046615,NaN,-1,-1,-2.5726,-0.06718,-4.499,-9.9501,15.449,-4.7918,NaN,NaN,NaN,NaN,NaN
632.21,-18.558,-57.398,-19.313,-2.3423,-0.44456,-4.4264,-10.141,14.257,-4.8369,0,0,0,NaN,NaN,NaN,NaN,NaN,NaN,NaN,NaN,NaN,46.523,0.024486,2409.6,0.0064211,NaN,NaN,NaN,NaN,18.704,96345,9.9375,-2.5895,-0.081588,-4.6122,-10.002,15.778,-4.785,NaN,NaN,NaN,NaN,NaN
632.21,-18.543,-57.357,-19.358,-2.6621,0.92177,-4.5307,-9.9816,18.343,-4.5907,0,0,0,NaN,NaN,NaN,NaN,NaN,NaN,NaN,NaN,NaN,46.523,0.024486,2409.6,0.0064211,NaN,NaN,NaN,NaN,NaN,-1,-1,-2.5812,-0.090287,-4.5938,-10.045,16.395,-4.7999,NaN,NaN,NaN,NaN,NaN
632.21,-18.531,-57.325,-19.4,-2.3212,0.32548,-5.1249,-9.3842,14.996,-4.7765,0,0,0,NaN,NaN,NaN,NaN,NaN,NaN,NaN,NaN,NaN,46.523,0.024486,2409.6,0.0064211,NaN,NaN,NaN,NaN,NaN,-1,-1,-2.5929,-0.093906,-4.6809,-10.073,17.287,-4.7818,NaN,NaN,NaN,NaN,NaN
632.21,-18.515,-57.288,-19.446,-3.1537,-0.52174,-5.9185,-9.3482,17.143,-4.8744,1.1325,-0.14934,-0.29776,NaN,NaN,NaN,NaN,NaN,NaN,NaN,NaN,NaN,46.523,0.024486,2409.6,0.0064211,NaN,NaN,NaN,NaN,18.855,96300,9.8125,-2.5979,-0.080386,-4.7565,-9.7723,17.704,-4.5841,NaN,NaN,NaN,NaN,NaN
632.22,-18.501,-57.244,-19.49,-2.175,-0.86539,-4.5562,-9.652,19.312,-4.0693,0,0,0,NaN,NaN,NaN,NaN,NaN,NaN,NaN,NaN,NaN,46.523,0.024486,2409.6,0.0064211,NaN,NaN,NaN,NaN,NaN,-1,-1,-2.599,-0.093156,-4.7835,-9.8018,18.073,-4.5487,NaN,NaN,NaN,NaN,NaN
632.22,-18.491,-57.205,-19.533,-1.9694,-0.49399,-5.3151,-10.496,17.529,-4.1573,0,0,0,NaN,NaN,NaN,NaN,NaN,NaN,NaN,NaN,NaN,46.523,0.024486,2409.6,0.0064211,0.93622,14.943,0.63959,0.091565,NaN,-1,-1,-2.6053,-0.088819,-4.8814,-9.7777,18.834,-4.4994,NaN,NaN,NaN,NaN,NaN
632.22,-18.479,-57.165,-19.576,-3.8929,0.16891,-6.6712,-10.257,18.07,-4.1365,0,0,0,NaN,NaN,NaN,NaN,NaN,NaN,NaN,NaN,NaN,46.523,0.024486,2409.6,0.0064211,NaN,NaN,NaN,NaN,18.858,96348,10,-2.6117,-0.089972,-4.9334,-9.7595,19.636,-4.4705,NaN,NaN,NaN,NaN,NaN
632.22,-18.458,-57.111,-19.63,-1.8849,-0.13074,-5.5797,-9.7516,24.303,-4.3623,1.1284,-0.14243,-0.30481,NaN,NaN,NaN,NaN,NaN,NaN,NaN,NaN,NaN,46.523,0.024486,2409.6,0.0064211,NaN,NaN,NaN,NaN,NaN,-1,-1,-2.5978,-0.065829,-4.9671,-9.7231,20.26,-4.4477,NaN,NaN,NaN,NaN,NaN
632.23,-18.444,-57.068,-19.677,-1.4675,0.009993,-2.2675,-10.437,19.424,-4.6159,0,0,0,NaN,NaN,NaN,NaN,NaN,NaN,NaN,NaN,NaN,46.523,0.024486,2409.6,0.0064211,NaN,NaN,NaN,NaN,18.834,96319,9.875,-2.6002,-0.07275,-5.0547,-9.6806,20.909,-4.4137,NaN,NaN,NaN,NaN,NaN
632.23,-18.428,-57.027,-19.722,-4.2594,0.56187,-6.1979,-9.2113,18.253,-4.6554,0,0,0,NaN,NaN,NaN,NaN,NaN,NaN,NaN,NaN,NaN,46.523,0.024486,2409.6,0.0064211,NaN,NaN,NaN,NaN,NaN,-1,-1,-2.6102,-0.091736,-5.1439,-9.6271,21.771,-4.3736,NaN,NaN,NaN,NaN,NaN
632.23,-18.405,-56.974,-19.775,-2.1227,-0.67754,-7.1566,-9.0016,23.836,-4.5695,0,0,0,NaN,NaN,NaN,NaN,NaN,NaN,NaN,NaN,NaN,46.523,0.024486,2409.6,0.0064211,0.93513,16.218,0.65724,0.087403,NaN,-1,-1,-2.6049,-0.084359,-5.1857,-9.6305,22.653,-4.3356,NaN,NaN,NaN,NaN,NaN
632.23,-18.384,-56.921,-19.827,-1.9658,-0.62511,-3.2723,-9.203,23.629,-4.3037,1.1383,-0.138,-0.30837,NaN,NaN,NaN,NaN,NaN,NaN,NaN,NaN,NaN,46.523,0.024486,2409.6,0.0064211,NaN,NaN,NaN,NaN,18.747,96323,9.875,-2.5917,-0.094366,-5.2531,-9.594,23.496,-4.2892,NaN,NaN,NaN,NaN,NaN
632.24,-18.367,-56.871,-19.875,-3.0012,-0.18959,-6.0427,-9.4611,21.895,-4.1863,0,0,0,NaN,NaN,NaN,NaN,NaN,NaN,NaN,NaN,NaN,46.523,0.024486,2409.6,0.0064211,NaN,NaN,NaN,NaN,NaN,-1,-1,-2.5905,-0.10475,-5.3614,-9.5464,24.252,-4.246,NaN,NaN,NaN,NaN,NaN
632.24,-18.322,-56.749,-19.984,-1.905,0.46651,-3.5287,-9.7211,28.993,-3.8213,0,0,0,NaN,NaN,NaN,NaN,NaN,NaN,NaN,NaN,NaN,46.523,0.024486,2409.6,0.0064211,NaN,NaN,NaN,NaN,NaN,-1,-1,-2.5907,-0.075528,-5.4673,-9.5519,25.339,-4.183,NaN,NaN,NaN,NaN,NaN
632.24,-18.301,-56.691,-20.038,-2.2411,0.13272,-3.601,-9.843,25.435,-4.2004,1.1245,-0.13817,-0.31629,NaN,NaN,NaN,NaN,NaN,NaN,NaN,NaN,NaN,46.523,0.024486,2409.6,0.0064211,NaN,NaN,NaN,NaN,18.875,96309,9.8125,-2.571,-0.074744,-5.5827,-9.5467,26.292,-4.1369,NaN,NaN,NaN,NaN,NaN
632.24,-18.282,-56.642,-20.086,-3.203,0.83193,-7.1441,-8.8892,21.945,-4.2861,0,0,0,NaN,NaN,NaN,NaN,NaN,NaN,NaN,NaN,NaN,46.523,0.024486,2409.6,0.0064211,0.93786,17.498,0.63594,0.09656,19.045,96331,9.875,-2.5643,-0.086632,-5.659,-9.5161,27.214,-4.0897,NaN,NaN,NaN,NaN,NaN
632.25,-18.229,-56.497,-20.207,-2.2181,0.39114,-3.079,-9.8996,31.621,-3.8247,0,0,0,NaN,NaN,NaN,NaN,NaN,NaN,NaN,NaN,NaN,46.523,0.024486,2409.6,0.0064211,NaN,NaN,NaN,NaN,NaN,-1,-1,-2.5574,-0.079263,-5.7867,-9.4791,28.17,-4.0442,NaN,NaN,NaN,NaN,NaN
632.25,-18.208,-56.437,-20.26,-2.3674,-0.67327,-5.3138,-9.3412,26.323,-3.8083,1.1201,-0.13594,-0.32114,NaN,NaN,NaN,NaN,NaN,NaN,NaN,NaN,NaN,46.523,0.024486,2409.6,0.0064211,NaN,NaN,NaN,NaN,NaN,-1,-1,-2.542,-0.090993,-5.9104,-9.4925,29.291,-3.9827,NaN,NaN,NaN,NaN,NaN
632.25,-18.184,-56.368,-20.317,-3.1832,0.27885,-8.6979,-9.9127,30.044,-3.8098,0,0,0,NaN,NaN,NaN,NaN,NaN,NaN,NaN,NaN,NaN,46.523,0.024486,2409.6,0.0064211,NaN,NaN,NaN,NaN,NaN,-1,-1,-2.5374,-0.1104,-6.0397,-9.4567,30.355,-3.94,NaN,NaN,NaN,NaN,NaN
632.25,-18.151,-56.285,-20.384,-2.4919,0.090993,-6.0674,-9.4374,36.096,-4.0973,0,0,0,NaN,NaN,NaN,NaN,NaN,NaN,NaN,NaN,NaN,46.523,0.024486,2409.6,0.0064211,0.94827,17.896,0.66211,NaN,18.981,96312,9.8125,-2.5106,-0.079053,-6.1787,-9.4131,31.429,-3.8963,NaN,NaN,NaN,NaN,NaN
632.26,-18.121,-56.212,-20.446,-1.8986,0.47048,-3.8218,-8.9485,31.872,-4.3903,0,0,0,NaN,NaN,NaN,NaN,NaN,NaN,NaN,NaN,NaN,46.523,0.024486,2409.6,0.0064211,0.94827,17.896,0.66211,NaN,NaN,-1,-1,-2.4978,-0.07477,-6.3315,-9.4004,32.426,-3.8755,NaN,NaN,NaN,NaN,NaN
632.26,-18.096,-56.143,-20.502,-3.1442,-1.5518,-6.3565,-8.7363,29.67,-3.7127,1.1345,-0.14623,-0.32875,NaN,NaN,NaN,NaN,NaN,NaN,NaN,NaN,NaN,46.523,0.024486,2409.6,0.0064211,NaN,NaN,NaN,0.06909,NaN,-1,-1,-2.4967,-0.086143,-6.4916,-9.392,33.535,-3.8449,NaN,NaN,NaN,NaN,NaN
632.26,-18.062,-56.057,-20.57,-2.9608,1.4167,-10.391,-9.2045,37.4,-3.9419,0,0,0,NaN,NaN,NaN,NaN,NaN,NaN,NaN,NaN,NaN,46.523,0.024486,2409.6,0.0064211,NaN,NaN,NaN,NaN,19.069,96378,10.063,-2.4678,-0.063059,-6.642,-9.376,34.859,-3.8053,NaN,NaN,NaN,NaN,NaN
632.26,-18.027,-55.965,-20.637,-2.5958,-1.152,-3.891,-8.7779,39.328,-3.2943,0,0,0,NaN,NaN,NaN,NaN,NaN,NaN,NaN,NaN,NaN,46.523,0.024486,2409.6,0.0064211,NaN,NaN,NaN,NaN,NaN,-1,-1,-2.4463,-0.068428,-6.8052,-9.3402,35.889,-3.762,NaN,NaN,NaN,NaN,NaN
632.27,-18.002,-55.887,-20.698,-1.4728,-0.37024,-6.0676,-10.298,33.8,-3.7823,0,0,0,NaN,NaN,NaN,NaN,NaN,NaN,NaN,NaN,NaN,46.523,0.024486,2409.6,0.0064211,NaN,NaN,NaN,NaN,18.984,96335,9.9375,-2.4383,-0.098315,-7.0071,-9.2832,37.157,-3.7075,NaN,NaN,NaN,NaN,NaN
632.27,-17.97,-55.801,-20.764,-3.4813,0.29917,-9.8363,-9.4926,37.413,-3.6221,1.1301,-0.14148,-0.33137,NaN,NaN,NaN,NaN,NaN,NaN,NaN,NaN,NaN,46.523,0.024486,2409.6,0.0064211,NaN,NaN,NaN,NaN,NaN,-1,-1,-2.4153,-0.087394,-7.1987,-9.1955,38.342,-3.6788,NaN,NaN,NaN,NaN,NaN
632.27,-17.928,-55.695,-20.84,-1.9936,0.47132,-6.2519,-8.6009,45.313,-3.5986,0,0,0,NaN,NaN,NaN,NaN,NaN,NaN,NaN,NaN,NaN,46.523,0.024486,2409.6,0.0064211,0.93732,18.336,0.63533,0.09656,NaN,-1,-1,-2.3999,-0.10383,-7.4134,-9.121,39.416,-3.6473,NaN,NaN,NaN,NaN,NaN
632.27,-17.895,-55.604,-20.907,-2.2926,-0.69893,-3.5791,-9.1475,39.079,-3.7446,0,0,0,NaN,NaN,NaN,NaN,NaN,NaN,NaN,NaN,NaN,46.562,0,2498.2,0.0069644,NaN,NaN,NaN,NaN,19.151,96351,9.9375,-2.3788,-0.095747,-7.5871,-9.066,40.724,-3.5969,NaN,NaN,NaN,NaN,NaN
632.28,-17.863,-55.516,-20.973,-2.7954,-0.35939,-9.1303,-9.2146,38.041,-3.6367,0,0,0,NaN,NaN,NaN,NaN,NaN,NaN,NaN,NaN,NaN,46.562,0,2498.2,0.0069644,NaN,NaN,NaN,NaN,NaN,-1,-1,-2.3585,-0.095409,-7.8163,-9.0426,41.908,-3.5424,NaN,NaN,NaN,NaN,NaN
632.28,-17.825,-55.413,-21.046,-2.6375,-0.41784,-9.9258,-9.1546,44.34,-3.3257,1.1237,-0.13958,-0.34308,NaN,NaN,NaN,NaN,NaN,NaN,NaN,NaN,NaN,46.562,0,2498.2,0.0069644,NaN,NaN,NaN,NaN,NaN,-1,-1,-2.3375,-0.12664,-8.059,-9.0469,42.993,-3.482,NaN,NaN,NaN,NaN,NaN
632.28,-17.785,-55.303,-21.121,-1.9526,0.27275,-6.6556,-9.2031,46.751,-3.3335,0,0,0,NaN,NaN,NaN,NaN,NaN,NaN,NaN,NaN,NaN,46.562,0,2498.2,0.0069644,0.93513,18.373,0.63473,0.097392,18.918,96328,9.875,-2.2989,-0.10549,-8.2712,-9.0344,44.461,-3.4223,NaN,NaN,NaN,NaN,NaN
632.28,-17.75,-55.198,-21.193,-3.3689,0.94577,-7.0043,-9.9966,44.811,-3.1974,0,0,0,NaN,NaN,NaN,NaN,NaN,NaN,NaN,NaN,NaN,46.562,0,2498.2,0.0069644,0.93513,18.373,0.63473,0.097392,NaN,-1,-1,-2.2817,-0.098583,-8.511,-9.0275,45.811,-3.3697,NaN,NaN,NaN,NaN,NaN
632.29,-17.71,-55.093,-21.266,-1.9216,-0.48429,-8.3865,-8.4055,45.239,-3.4428,0,0,0,NaN,NaN,NaN,NaN,NaN,NaN,NaN,NaN,NaN,46.562,0,2498.2,0.0069644,NaN,NaN,NaN,NaN,19.084,96351,9.875,-2.2528,-0.11031,-8.742,-8.9738,46.796,-3.3449,NaN,NaN,NaN,NaN,NaN
632.29,-17.67,-54.979,-21.343,-2.0762,-0.26161,-10.322,-9.216,48.33,-3.2422,1.1027,-0.14193,-0.34942,NaN,NaN,NaN,NaN,NaN,NaN,NaN,NaN,NaN,46.562,0,2498.2,0.0069644,NaN,NaN,NaN,NaN,NaN,-1,-1,-2.2184,-0.096946,-9.0138,-8.8786,48.053,-3.3082,NaN,NaN,NaN,NaN,NaN
632.29,-17.623,-54.855,-21.426,-3.1351,-0.5207,-5.6507,-8.8477,53.236,-3.4787,0,0,0,NaN,NaN,NaN,NaN,NaN,NaN,NaN,NaN,NaN,46.562,0,2498.2,0.0069644,NaN,NaN,NaN,NaN,NaN,-1,-1,-2.1928,-0.10802,-9.2341,-8.7659,49.222,-3.2639,NaN,NaN,NaN,NaN,NaN
632.29,-17.584,-54.748,-21.498,-1.6452,-0.14258,-8.6495,-8.367,45.482,-3.3949,0,0,0,NaN,NaN,NaN,NaN,NaN,NaN,NaN,NaN,NaN,46.562,0,2498.2,0.0069644,NaN,NaN,NaN,NaN,19.019,96338,9.8125,-2.1581,-0.095124,-9.498,-8.6814,50.347,-3.1945,NaN,NaN,NaN,NaN,NaN
632.3,-17.541,-54.63,-21.575,-2.541,-0.004496,-11.458,-8.1039,50.334,-3.0427,0,0,0,NaN,NaN,NaN,NaN,NaN,NaN,NaN,NaN,NaN,46.562,0,2498.2,0.0069644,0.94389,16.781,0.64264,0.087403,NaN,-1,-1,-2.1374,-0.11394,-9.8028,-8.6128,51.889,-3.121,NaN,NaN,NaN,NaN,NaN
632.3,-17.493,-54.494,-21.662,-3.1355,0.074302,-9.8021,-9.0769,57.62,-3.0049,1.1109,-0.13567,-0.36427,NaN,NaN,NaN,NaN,NaN,NaN,NaN,NaN,NaN,46.562,0,2498.2,0.0069644,NaN,NaN,NaN,NaN,NaN,-1,-1,-2.1044,-0.12593,-10.055,-8.5522,53.229,-3.0666,NaN,NaN,NaN,NaN,NaN
632.3,-17.45,-54.368,-21.741,-1.508,0.30654,-7.627,-9.0148,53.754,-2.8618,0,0,0,NaN,NaN,NaN,NaN,NaN,NaN,NaN,NaN,NaN,46.562,0,2498.2,0.0069644,NaN,NaN,NaN,NaN,19.15,96361,9.9375,-2.0664,-0.13237,-10.318,-8.4594,54.179,-3.0189,NaN,NaN,NaN,NaN,NaN
632.3,-17.406,-54.245,-21.819,-2.1491,-0.036744,-8.4954,-8.2265,51.953,-3.1086,0,0,0,NaN,NaN,NaN,NaN,NaN,NaN,NaN,NaN,NaN,46.562,0,2498.2,0.0069644,NaN,NaN,NaN,NaN,NaN,-1,-1,-2.026,-0.11656,-10.616,-8.4119,55.548,-2.9463,NaN,NaN,NaN,NaN,NaN
632.31,-17.357,-54.109,-21.904,-3.0597,-0.19879,-13.007,-8.1579,58.053,-2.9989,0,0,0,NaN,NaN,NaN,NaN,NaN,NaN,NaN,NaN,NaN,46.562,0,2498.2,0.0069644,NaN,NaN,NaN,NaN,19.297,96362,9.9375,-1.9991,-0.12802,-10.923,-8.3108,56.748,-2.8665,NaN,NaN,NaN,NaN,NaN
632.31,-17.309,-53.97,-21.99,-1.712,-0.68623,-9.3247,-8.5969,58.875,-2.946,1.1115,-0.13867,-0.37534,NaN,NaN,NaN,NaN,NaN,NaN,NaN,NaN,NaN,46.562,0,2498.2,0.0069644,0.93129,14.57,0.6329,0.10655,NaN,-1,-1,-1.9538,-0.11766,-11.2,-8.2502,57.957,-2.7913,NaN,NaN,NaN,NaN,NaN
632.31,-17.261,-53.835,-22.072,-1.8971,-0.10265,-10.194,-7.714,57.232,-2.7936,0,0,0,NaN,NaN,NaN,NaN,NaN,NaN,NaN,NaN,NaN,46.562,0,2498.2,0.0069644,NaN,NaN,NaN,NaN,NaN,-1,-1,-1.9222,-0.12365,-11.494,-8.2163,59.309,-2.712,NaN,NaN,NaN,NaN,NaN
632.31,-17.209,-53.686,-22.157,-1.7623,0.48609,-11.321,-7.3869,62.421,-2.1309,0,0,0,NaN,NaN,NaN,NaN,NaN,NaN,NaN,NaN,NaN,46.562,0,2498.2,0.0069644,NaN,NaN,NaN,NaN,19.375,96350,9.8125,-1.8851,-0.13458,-11.816,-8.1211,60.58,-2.6648,NaN,NaN,NaN,NaN,NaN
632.32,-17.16,-53.549,-22.24,-3.2478,-0.78587,-10.171,-7.034,58.292,-2.74,0,0,0,NaN,NaN,NaN,NaN,NaN,NaN,NaN,NaN,NaN,46.562,0,2498.2,0.0069644,NaN,NaN,NaN,NaN,NaN,-1,-1,-1.8386,-0.12691,-12.169,-7.9813,61.624,-2.6048,NaN,NaN,NaN,NaN,NaN
632.32,-17.058,-53.248,-22.414,-1.6332,-0.85353,-11.292,-7.9316,64.855,-2.7146,0,0,0,NaN,NaN,NaN,NaN,NaN,NaN,NaN,NaN,NaN,46.562,0,2498.2,0.0069644,NaN,NaN,NaN,NaN,NaN,-1,-1,-1.8038,-0.1202,-12.485,-7.8836,62.888,-2.548,NaN,NaN,NaN,NaN,NaN
632.32,-17.009,-53.099,-22.501,-2.1576,-0.84501,-10.901,-8.4052,63.182,-2.8222,0,0,0,NaN,NaN,NaN,NaN,NaN,NaN,NaN,NaN,NaN,46.562,0,2498.2,0.0069644,0.94279,12.38,0.65481,NaN,19.419,96356,9.875,-1.7618,-0.12916,-12.792,-7.7786,64.156,-2.4681,NaN,NaN,NaN,NaN,NaN
632.32,-16.963,-52.949,-22.585,-2.5988,0.12693,-15.491,-8.7488,63.086,-2.2104,0,0,0,NaN,NaN,NaN,NaN,NaN,NaN,NaN,NaN,NaN,46.562,0,2498.2,0.0069644,NaN,NaN,NaN,0.074917,NaN,-1,-1,-1.7178,-0.12462,-13.119,-7.9152,67.501,-2.4071,NaN,NaN,NaN,NaN,NaN
632.33,-16.91,-52.784,-22.678,-1.4893,0.42053,-11.396,-8.2614,69.45,-2.3672,1.0984,-0.14437,-0.39656,NaN,NaN,NaN,NaN,NaN,NaN,NaN,NaN,NaN,46.562,0,2498.2,0.0069644,NaN,NaN,NaN,NaN,19.081,96347,9.8125,-1.6824,-0.12436,-13.469,-7.7554,67.953,-2.3276,NaN,NaN,NaN,NaN,NaN
632.33,-16.86,-52.627,-22.763,-0.86527,0.99303,-14.393,-7.8677,65.762,-2.0327,0,0,0,NaN,NaN,NaN,NaN,NaN,NaN,NaN,NaN,NaN,46.562,0,2498.2,0.0069644,NaN,NaN,NaN,NaN,NaN,-1,-1,-1.6347,-0.11022,-13.81,-7.6276,68.694,-2.2421,NaN,NaN,NaN,NaN,NaN
632.33,-16.809,-52.465,-22.851,-2.989,-0.27904,-14.463,-7.7419,68.256,-2.0549,0,0,0,NaN,NaN,NaN,NaN,NaN,NaN,NaN,NaN,NaN,46.562,0,2498.2,0.0069644,NaN,NaN,NaN,NaN,NaN,-1,-1,-1.5954,-0.099299,-14.18,-7.5146,69.205,-2.1655,NaN,NaN,NaN,NaN,NaN
632.33,-16.751,-52.292,-22.943,-1.5782,0.49428,-12.534,-6.6056,72.453,-2.048,0,0,0,NaN,NaN,NaN,NaN,NaN,NaN,NaN,NaN,NaN,46.562,0,2498.2,0.0069644,NaN,NaN,NaN,NaN,19.338,96366,9.9375,-1.5537,-0.094952,-14.518,-7.5871,71.907,-2.0857,NaN,NaN,NaN,NaN,NaN
632.34,-16.698,-52.13,-23.031,-0.89454,-1.8633,-12.942,-6.3228,68.123,-2.1511,1.0969,-0.14025,-0.41005,NaN,NaN,NaN,NaN,NaN,NaN,NaN,NaN,NaN,46.562,0,2498.2,0.0069644,0.99918,8.4431,0.70349,0.0091565,NaN,-1,-1,-1.5016,-0.10212,-14.836,-7.4538,71.931,-1.9817,NaN,NaN,NaN,NaN,NaN
632.34,-16.646,-51.971,-23.116,-2.1151,-0.93329,-16.793,-6.6206,66.782,-2.1711,0,0,0,NaN,NaN,NaN,NaN,NaN,NaN,NaN,NaN,NaN,46.562,0,2498.2,0.0069644,NaN,NaN,NaN,NaN,NaN,-1,-1,-1.4598,-0.095433,-15.205,-7.282,71.854,-1.8893,NaN,NaN,NaN,NaN,NaN
632.34,-16.589,-51.789,-23.208,-2.2191,-0.21461,-18.404,-6.5782,76.25,-1.3336,0,0,0,NaN,NaN,NaN,NaN,NaN,NaN,NaN,NaN,NaN,46.562,0,2498.2,0.0069644,NaN,NaN,NaN,NaN,19.607,96393,10,-1.4205,-0.082757,-15.57,-7.2032,71.928,-1.7785,NaN,NaN,NaN,NaN,NaN
632.34,-16.536,-51.612,-23.298,-0.62211,0.62336,-10.636,-7.3377,74.178,-1.5053,0,0,0,NaN,NaN,NaN,NaN,NaN,NaN,NaN,NaN,NaN,46.562,0,2498.2,0.0069644,NaN,NaN,NaN,NaN,NaN,-1,-1,-1.3702,-0.086907,-15.912,-7.0531,71.845,-1.708,NaN,NaN,NaN,NaN,NaN
632.35,-16.438,-51.266,-23.471,-1.518,0.97473,-18.837,-7.9609,77.321,-1.3616,0,0,0,NaN,NaN,NaN,NaN,NaN,NaN,NaN,NaN,NaN,46.562,0,2498.2,0.0069644,NaN,NaN,NaN,NaN,19.523,96399,10,-1.3195,-0.092304,-16.266,-6.9337,71.777,-1.6236,NaN,NaN,NaN,NaN,NaN
632.35,-16.383,-51.081,-23.564,-0.96015,-1.0169,-14.077,-7.3447,77.165,-1.9271,0,0,0,NaN,NaN,NaN,NaN,NaN,NaN,NaN,NaN,NaN,46.562,0,2498.2,0.0069644,0.94224,4.6055,0.71749,0.049112,NaN,-1,-1,-1.2809,-0.1042,-16.632,-6.8377,72.087,-1.5374,NaN,NaN,NaN,NaN,NaN
632.35,-16.334,-50.91,-23.649,-1.2744,-1.0218,-15.376,-7.0694,71.539,-1.6083,0,0,0,NaN,NaN,NaN,NaN,NaN,NaN,NaN,NaN,NaN,46.562,0,2498.2,0.0069644,NaN,NaN,NaN,NaN,NaN,-1,-1,-1.2183,-0.10198,-16.783,-6.6908,71.892,-1.4531,NaN,NaN,NaN,NaN,NaN
632.35,-16.284,-50.735,-23.735,-1.2984,-1.2993,-19.99,-6.921,73.229,-1.2995,1.0792,-0.14601,-0.4339,-2.2148,11.457,-15.872,19.7,40.06,-88.547,3.6804e+05,4.4356e+06,383.27,46.562,0,2498.2,0.0069644,NaN,NaN,NaN,NaN,19.538,96346,9.75,-1.1607,-0.090102,-17.143,-6.5355,71.703,-1.3514,19.491,2.1342,1.9102,5.5975,6.2192
632.36,-16.23,-50.542,-23.826,-1.2203,1.8705,-20.036,-6.7986,80.345,-1.0863,0,0,0,NaN,NaN,NaN,NaN,NaN,NaN,NaN,NaN,NaN,46.562,0,2498.2,0.0069644,NaN,NaN,NaN,NaN,NaN,-1,-1,-1.1297,-0.10697,-17.535,-6.4689,71.826,-1.2502,NaN,NaN,NaN,NaN,NaN
632.36,-16.177,-50.358,-23.914,-1.1972,0.063057,-17.817,-6.2845,77.015,-1.2596,0,0,0,NaN,NaN,NaN,NaN,NaN,NaN,NaN,NaN,NaN,46.562,0,2498.2,0.0069644,NaN,NaN,NaN,NaN,NaN,-1,-1,-1.0736,-0.076308,-17.9,-6.4212,72.017,-1.1362,NaN,NaN,NaN,NaN,NaN
632.36,-16.128,-50.176,-24,-1.188,-0.64481,-17.404,-7.2947,75.785,-1.3432,0,0,0,NaN,NaN,NaN,NaN,NaN,NaN,NaN,NaN,NaN,46.562,0,2498.2,0.0069644,0.94553,3.8764,0.64872,0.075749,19.535,96365,9.75,-1.03,-0.069197,-18.287,-6.3312,71.694,-1.0619,NaN,NaN,NaN,NaN,NaN
632.36,-16.077,-49.99,-24.087,-1.4889,1.9239,-20.593,-6.6932,77.675,-1.1015,1.0894,-0.13941,-0.44189,NaN,NaN,NaN,NaN,NaN,NaN,NaN,NaN,NaN,46.562,0,2498.2,0.0069644,NaN,NaN,NaN,NaN,NaN,-1,-1,-0.97426,-0.082785,-18.494,-6.247,71.803,-0.98024,NaN,NaN,NaN,NaN,NaN
632.37,-16.022,-49.801,-24.176,-0.79078,-1.9432,-18.928,-5.2744,78.833,-1.4805,0,0,0,NaN,NaN,NaN,NaN,NaN,NaN,NaN,NaN,NaN,46.562,0,2498.2,0.0069644,NaN,NaN,NaN,NaN,19.499,96397,9.9375,-0.94146,-0.090923,-18.893,-6.1848,71.708,-0.88882,NaN,NaN,NaN,NaN,NaN
632.37,-15.974,-49.618,-24.259,-0.98865,-2.5885,-20.254,-6.3671,75.999,-0.84488,0,0,0,NaN,NaN,NaN,NaN,NaN,NaN,NaN,NaN,NaN,46.562,0,2498.2,0.0069644,NaN,NaN,NaN,NaN,NaN,-1,-1,-0.88463,-0.065419,-19.233,-6.0899,71.339,-0.79679,NaN,NaN,NaN,NaN,NaN
632.37,-15.928,-49.429,-24.342,-0.036302,0.11545,-21.691,-7.4234,78.355,-0.45837,0,0,0,NaN,NaN,NaN,NaN,NaN,NaN,NaN,NaN,NaN,46.562,0,2498.2,0.0069644,NaN,NaN,NaN,NaN,NaN,-1,-1,-0.85382,-0.087573,-19.626,-5.9952,71.249,-0.69149,NaN,NaN,NaN,NaN,NaN
632.37,-15.881,-49.243,-24.425,-0.93948,2.8651,-21.033,-6.6472,77.626,-0.44038,1.0887,-0.13842,-0.46867,NaN,NaN,NaN,NaN,NaN,NaN,NaN,NaN,NaN,46.562,0,2498.2,0.0069644,NaN,NaN,NaN,NaN,19.79,96442,10.125,-0.80532,-0.058054,-20.017,-5.8899,71.066,-0.61958,NaN,NaN,NaN,NaN,NaN
632.38,-15.835,-49.054,-24.506,-1.5142,-1.2519,-22.935,-6.3588,78.209,-0.29473,0,0,0,NaN,NaN,NaN,NaN,NaN,NaN,NaN,NaN,NaN,46.562,0,2498.2,0.0069644,0.93348,3.0107,0.63655,0.10072,NaN,-1,-1,-0.77934,-0.06203,-20.395,-5.8023,70.833,-0.53799,NaN,NaN,NaN,NaN,NaN
632.38,0,0,0,0,0,0,0,0,0,0,0,0,NaN,NaN,NaN,NaN,NaN,NaN,NaN,NaN,NaN,46.562,0,2498.2,0.0069644,NaN,NaN,NaN,NaN,NaN,-1,-1,-0.72048,-0.058712,-20.726,-5.728,70.452,-0.46914,NaN,NaN,NaN,NaN,NaN
632.38,-15.791,-48.862,-24.589,0.21766,1.0745,-21.257,-7.6987,79.668,-0.236,0,0,0,NaN,NaN,NaN,NaN,NaN,NaN,NaN,NaN,NaN,46.562,0,2498.2,0.0069644,NaN,NaN,NaN,NaN,19.805,96388,9.875,-0.67223,-0.069195,-21.102,-5.6756,70.188,-0.36533,NaN,NaN,NaN,NaN,NaN
632.38,-15.7,-48.494,-24.749,-1.2658,-1.6712,-23.455,-6.0105,78.092,-0.28413,1.0884,-0.14311,-0.46647,NaN,NaN,NaN,NaN,NaN,NaN,NaN,NaN,NaN,46.562,0,2622.4,0.0064211,0.94827,3.0184,0.64994,NaN,NaN,-1,-1,-0.64572,-0.06594,-21.455,-5.6668,70.015,-0.27237,NaN,NaN,NaN,NaN,NaN
632.39,-15.656,-48.307,-24.827,0.32543,-1.3526,-23.01,-6.0742,77.532,-0.084798,0,0,0,NaN,NaN,NaN,NaN,NaN,NaN,NaN,NaN,NaN,46.562,0,2622.4,0.0064211,0.94827,3.0184,0.64994,NaN,19.705,96395,9.9375,-0.58946,-0.065877,-21.777,-5.6286,69.403,-0.17488,NaN,NaN,NaN,NaN,NaN
632.39,0,0,0,0,0,0,0,0,0,0,0,0,NaN,NaN,NaN,NaN,NaN,NaN,NaN,NaN,NaN,46.562,0,2622.4,0.0064211,NaN,NaN,NaN,0.086571,NaN,-1,-1,-0.54485,-0.035883,-22.128,-5.6167,69.149,-0.099985,NaN,NaN,NaN,NaN,NaN
632.39,-15.569,-47.941,-24.98,-0.78234,0.35145,-25.476,-5.5073,76.007,-0.36182,0,0,0,NaN,NaN,NaN,NaN,NaN,NaN,NaN,NaN,NaN,46.562,0,2622.4,0.0064211,NaN,NaN,NaN,NaN,NaN,-1,-1,-0.51931,-0.046261,-22.486,-5.5524,69.022,-0.015774,NaN,NaN,NaN,NaN,NaN
632.39,-15.526,-47.746,-25.06,0.031505,0.62364,-23.199,-6.934,80.798,0.034836,1.0662,-0.13918,-0.49072,NaN,NaN,NaN,NaN,NaN,NaN,NaN,NaN,NaN,46.562,0,2622.4,0.0064211,NaN,NaN,NaN,NaN,19.742,96421,9.9375,-0.47603,-0.038328,-22.736,-5.4579,68.43,0.052847,NaN,NaN,NaN,NaN,NaN
632.4,-15.485,-47.569,-25.132,-1.1775,1.3988,-23.69,-5.2622,73.084,-0.3318,0,0,0,NaN,NaN,NaN,NaN,NaN,NaN,NaN,NaN,NaN,46.562,0,2622.4,0.0064211,NaN,NaN,NaN,NaN,NaN,-1,-1,-0.45398,-0.037102,-23.104,-5.3855,67.725,0.11869,NaN,NaN,NaN,NaN,NaN
632.4,-15.407,-47.21,-25.275,0.13445,-2.2392,-26.555,-5.967,75.929,0.70078,0,0,0,NaN,NaN,NaN,NaN,NaN,NaN,NaN,NaN,NaN,46.562,0,2622.4,0.0064211,NaN,NaN,NaN,NaN,NaN,-1,-1,-0.42859,-0.033166,-23.417,-5.3303,67.622,0.23089,NaN,NaN,NaN,NaN,NaN
632.4,-15.375,-47.022,-25.343,-0.26315,0.83253,-24.851,-6.0517,76.866,0.62292,1.0789,-0.13767,-0.50294,NaN,NaN,NaN,NaN,NaN,NaN,NaN,NaN,NaN,46.562,0,2622.4,0.0064211,0.94334,2.8931,0.71932,0.049945,20.023,96396,9.8125,-0.38016,-0.046994,-23.699,-5.2865,67.211,0.3276,NaN,NaN,NaN,NaN,NaN
632.4,-15.34,-46.856,-25.407,-0.68768,1.6187,-26.154,-5.1691,68.5,0.39488,0,0,0,NaN,NaN,NaN,NaN,NaN,NaN,NaN,NaN,NaN,46.562,0,2622.4,0.0064211,NaN,NaN,NaN,NaN,19.848,96440,10.063,-0.34154,-0.029306,-23.959,-5.2809,66.986,0.39762,NaN,NaN,NaN,NaN,NaN
632.41,-15.306,-46.679,-25.474,0.50943,-1.1522,-29.485,-6.3685,73.001,0.52936,0,0,0,NaN,NaN,NaN,NaN,NaN,NaN,NaN,NaN,NaN,46.562,0,2622.4,0.0064211,NaN,NaN,NaN,NaN,NaN,-1,-1,-0.32106,-0.021652,-24.245,-5.2365,66.816,0.46336,NaN,NaN,NaN,NaN,NaN
632.41,-15.271,-46.497,-25.544,-0.11172,2.5495,-24.155,-6.6099,74.933,0.36509,0,0,0,NaN,NaN,NaN,NaN,NaN,NaN,NaN,NaN,NaN,46.562,0,2622.4,0.0064211,NaN,NaN,NaN,NaN,NaN,-1,-1,-0.31576,-0.0088752,-24.571,-5.1954,66.183,0.54111,NaN,NaN,NaN,NaN,NaN
632.41,-15.237,-46.325,-25.609,-0.2829,-1.2947,-25.264,-5.1531,71.047,0.419,1.0672,-0.14748,-0.51067,NaN,NaN,NaN,NaN,NaN,NaN,NaN,NaN,NaN,46.562,0,2622.4,0.0064211,NaN,NaN,NaN,NaN,NaN,-1,-1,-0.28097,-0.017608,-24.829,-5.1793,65.637,0.64505,NaN,NaN,NaN,NaN,NaN
632.41,-15.206,-46.175,-25.666,0.22386,-1.1994,-28.635,-4.6639,62.148,0.13883,0,0,0,NaN,NaN,NaN,NaN,NaN,NaN,NaN,NaN,NaN,46.562,0,2622.4,0.0064211,0.93622,2.9743,0.63473,0.086571,20.143,96381,9.75,-0.25044,-0.017547,-25.074,-5.1706,65.487,0.73749,NaN,NaN,NaN,NaN,NaN
632.42,-15.139,-45.823,-25.793,0.71181,1.4143,-26.244,-5.2394,72.083,1.067,0,0,0,NaN,NaN,NaN,NaN,NaN,NaN,NaN,NaN,NaN,46.562,0,2622.4,0.0064211,NaN,NaN,NaN,NaN,NaN,-1,-1,-0.22371,-0.020107,-25.362,-5.1424,65.079,0.80166,NaN,NaN,NaN,NaN,NaN
632.42,-15.113,-45.673,-25.846,-0.56378,0.85572,-26.8,-5.0732,61.908,0.98858,1.0562,-0.14311,-0.52279,NaN,NaN,NaN,NaN,NaN,NaN,NaN,NaN,NaN,46.562,0,2622.4,0.0064211,NaN,NaN,NaN,NaN,NaN,-1,-1,-0.18869,-0.027616,-25.568,-5.1508,64.782,0.85652,NaN,NaN,NaN,NaN,NaN
632.42,-15.084,-45.514,-25.904,0.019496,0.99798,-31.852,-4.9758,65.479,0.71895,0,0,0,NaN,NaN,NaN,NaN,NaN,NaN,NaN,NaN,NaN,46.562,0,2622.4,0.0064211,NaN,NaN,NaN,NaN,20.146,96404,9.875,-0.16026,-0.0096393,-25.759,-5.1486,64.417,0.92861,NaN,NaN,NaN,NaN,NaN
632.42,-15.053,-45.345,-25.964,0.18239,-1.0423,-27.129,-5.1896,69.313,0.78673,0,0,0,NaN,NaN,NaN,NaN,NaN,NaN,NaN,NaN,NaN,46.562,0,2622.4,0.0064211,NaN,NaN,NaN,NaN,NaN,-1,-1,-0.15374,-0.027596,-26.001,-5.0739,64.149,0.97856,NaN,NaN,NaN,NaN,NaN
632.43,-15.026,-45.191,-26.018,0.094253,-0.98633,-24.532,-4.8516,63.54,1.0823,0,0,0,NaN,NaN,NaN,NaN,NaN,NaN,NaN,NaN,NaN,46.562,0,2622.4,0.0064211,0.94334,2.9438,0.66272,0.067425,20.184,96396,9.8125,-0.12275,-0.020227,-26.207,-5.025,63.824,1.0332,NaN,NaN,NaN,NaN,NaN
632.43,-15.004,-45.048,-26.065,0.91638,-0.35633,-30.705,-4.7064,58.444,1.5588,1.0617,-0.14138,-0.53343,NaN,NaN,NaN,NaN,NaN,NaN,NaN,NaN,NaN,46.562,0,2622.4,0.0064211,NaN,NaN,NaN,NaN,NaN,-1,-1,-0.097525,-0.031122,-26.39,-5.0656,63.581,1.0987,NaN,NaN,NaN,NaN,NaN
632.43,-14.979,-44.895,-26.117,-0.3191,0.003156,-29.782,-5.0777,62.963,1.3016,0,0,0,NaN,NaN,NaN,NaN,NaN,NaN,NaN,NaN,NaN,46.562,0,2622.4,0.0064211,NaN,NaN,NaN,NaN,NaN,-1,-1,-0.079017,-0.035102,-26.574,-5.0074,63.275,1.1549,NaN,NaN,NaN,NaN,NaN
632.43,-14.955,-44.74,-26.168,-0.075762,0.62535,-28.021,-5.4119,63.279,1.5282,0,0,0,NaN,NaN,NaN,NaN,NaN,NaN,NaN,NaN,NaN,46.562,0,2622.4,0.0064211,NaN,NaN,NaN,NaN,20.105,96412,9.875,-0.074848,-0.017864,-26.746,-4.9801,63.157,1.2231,NaN,NaN,NaN,NaN,NaN
632.44,-14.936,-44.603,-26.215,0.94578,1.7394,-28.469,-5.5313,56.327,1.0339,0,0,0,NaN,NaN,NaN,NaN,NaN,NaN,NaN,NaN,NaN,46.562,0,2622.4,0.0064211,NaN,NaN,NaN,NaN,NaN,-1,-1,-0.063034,-0.025682,-26.881,-4.7214,60.036,1.3195,NaN,NaN,NaN,NaN,NaN
632.44,-14.913,-44.465,-26.261,-0.19927,-1.1129,-30.51,-4.0348,56.627,1.1105,1.0434,-0.14412,-0.54621,NaN,NaN,NaN,NaN,NaN,NaN,NaN,NaN,NaN,46.562,0,2622.4,0.0064211,0.93732,2.9409,0.64325,0.095727,NaN,-1,-1,-0.030883,-0.027487,-27.044,-4.6889,59.33,1.4007,NaN,NaN,NaN,NaN,NaN
632.44,-14.887,-44.309,-26.314,-1.025,-0.95899,-27.589,-4.6593,63.975,1.2261,0,0,0,NaN,NaN,NaN,NaN,NaN,NaN,NaN,NaN,NaN,46.562,0,2622.4,0.0064211,NaN,NaN,NaN,NaN,20.167,96399,9.875,-0.030134,-0.0065003,-27.202,-4.6114,58.636,1.4666,NaN,NaN,NaN,NaN,NaN
632.44,-14.868,-44.179,-26.354,1.1506,-0.44397,-25.065,-3.8396,53.234,1.8831,0,0,0,NaN,NaN,NaN,NaN,NaN,NaN,NaN,NaN,NaN,46.562,0,2622.4,0.0064211,NaN,NaN,NaN,NaN,NaN,-1,-1,-0.024235,-0.011012,-27.321,-4.5886,58.035,1.5485,NaN,NaN,NaN,NaN,NaN
632.45,-14.851,-44.055,-26.392,0.69619,-0.88947,-31.571,-4.21,50.439,1.6193,0,0,0,NaN,NaN,NaN,NaN,NaN,NaN,NaN,NaN,NaN,46.562,0,2622.4,0.0064211,NaN,NaN,NaN,NaN,20.167,96442,10,0.005187,-0.014239,-27.401,-4.3007,54.546,1.6197,NaN,NaN,NaN,NaN,NaN
632.45,-14.831,-43.914,-26.436,-0.95134,1.1036,-31.512,-4.7321,57.502,1.9498,1.0486,-0.1323,-0.54797,NaN,NaN,NaN,NaN,NaN,NaN,NaN,NaN,NaN,46.562,0,2622.4,0.0064211,0.94005,2.818,0.71506,NaN,NaN,-1,-1,-0.00010061,-0.0098402,-27.558,-4.1321,53.223,1.6568,NaN,NaN,NaN,NaN,NaN
632.45,-14.811,-43.774,-26.479,1.2585,2.1213,-26.634,-4.3053,57.271,1.9653,0,0,0,NaN,NaN,NaN,NaN,NaN,NaN,NaN,NaN,NaN,46.562,0,2622.4,0.0064211,0.94005,2.818,0.71506,NaN,NaN,-1,-1,-0.0021677,0.0061469,-27.644,-4.0764,52.142,1.7323,NaN,NaN,NaN,NaN,NaN
632.45,-14.795,-43.661,-26.515,0.22397,-0.058533,-26.463,-3.612,46.243,1.3554,0,0,0,NaN,NaN,NaN,NaN,NaN,NaN,NaN,NaN,NaN,46.562,0,2622.4,0.0064211,NaN,NaN,NaN,0.046615,20.228,96417,9.9375,0.024052,0.010272,-27.718,-3.9258,50.99,1.7866,NaN,NaN,NaN,NaN,NaN
632.46,-14.778,-43.535,-26.553,-0.76361,-1.8751,-33.341,-3.9609,51.281,1.588,0,0,0,NaN,NaN,NaN,NaN,NaN,NaN,NaN,NaN,NaN,46.562,0,2622.4,0.0064211,NaN,NaN,NaN,NaN,NaN,-1,-1,0.019194,0.012971,-27.774,-3.7933,49.833,1.8578,NaN,NaN,NaN,NaN,NaN
632.46,-14.747,-43.285,-26.624,0.67442,-0.60738,-25.057,-3.5578,47.288,2.5714,0,0,0,NaN,NaN,NaN,NaN,NaN,NaN,NaN,NaN,NaN,46.562,0,2622.4,0.0064211,NaN,NaN,NaN,NaN,NaN,-1,-1,0.010385,0.019447,-27.85,-3.6873,48.697,1.9292,NaN,NaN,NaN,NaN,NaN
632.46,-14.736,-43.177,-26.654,-0.75486,0.62955,-31.275,-4.2898,43.657,2.1543,0,0,0,NaN,NaN,NaN,NaN,NaN,NaN,NaN,NaN,NaN,46.562,0,2622.4,0.0064211,NaN,NaN,NaN,NaN,20.365,96386,9.8125,0.018841,0.026679,-27.907,-3.5093,47.452,1.9924,NaN,NaN,NaN,NaN,NaN
632.46,-14.721,-43.055,-26.69,0.58009,1.6569,-31.334,-4.1032,50.008,2.0042,0,0,0,NaN,NaN,NaN,NaN,NaN,NaN,NaN,NaN,NaN,46.562,0,2622.4,0.0064211,0.94334,2.8752,0.71506,0.04495,NaN,-1,-1,0.010883,0.024234,-27.939,-3.4083,46.355,2.0652,NaN,NaN,NaN,NaN,NaN
632.47,-14.704,-42.938,-26.726,0.07445,-0.12167,-28.028,-3.26,47.47,1.3685,1.0332,-0.14301,-0.57384,NaN,NaN,NaN,NaN,NaN,NaN,NaN,NaN,NaN,46.562,0,2622.4,0.0064211,NaN,NaN,NaN,NaN,20.361,96370,9.6875,0.017836,0.028543,-27.98,-3.3094,45.336,2.1199,NaN,NaN,NaN,NaN,NaN
632.47,-14.68,-42.729,-26.784,-0.16971,-0.16519,-30.7,-2.8343,41.408,1.7669,0,0,0,NaN,NaN,NaN,NaN,NaN,NaN,NaN,NaN,NaN,46.562,0,2622.4,0.0064211,NaN,NaN,NaN,NaN,NaN,-1,-1,0.013254,0.048121,-28,-3.1638,44.332,2.1674,NaN,NaN,NaN,NaN,NaN
632.47,-14.666,-42.619,-26.814,-0.046392,-1.3757,-28.22,-2.73,44.92,2.3667,0,0,0,NaN,NaN,NaN,NaN,NaN,NaN,NaN,NaN,NaN,46.562,0,2622.4,0.0064211,NaN,NaN,NaN,NaN,NaN,-1,-1,-0.0050087,0.056107,-28.004,-3.0357,43.105,2.2044,NaN,NaN,NaN,NaN,NaN
632.47,-14.645,-42.419,-26.865,0.63547,2.4531,-28.809,-2.5333,39.108,2.5079,0,0,0,NaN,NaN,NaN,NaN,NaN,NaN,NaN,NaN,NaN,46.562,0,2622.4,0.0064211,NaN,NaN,NaN,NaN,20.425,96428,9.9375,0.0039244,0.061867,-27.97,-2.9112,42.189,2.2621,NaN,NaN,NaN,NaN,NaN
632.48,-14.63,-42.316,-26.892,0.003176,-0.59529,-28.349,-2.1605,41.836,2.1367,0,0,0,NaN,NaN,NaN,NaN,NaN,NaN,NaN,NaN,NaN,46.562,0,2622.4,0.0064211,0.93622,2.9844,0.63533,0.09656,NaN,-1,-1,-0.0025254,0.06216,-27.968,-2.7496,40.959,2.3149,NaN,NaN,NaN,NaN,NaN
632.48,-14.619,-42.218,-26.918,-0.80677,-0.85569,-28.083,-2.6513,39.644,2.2431,0,0,0,NaN,NaN,NaN,NaN,NaN,NaN,NaN,NaN,NaN,46.562,0,2622.4,0.0064211,NaN,2.9844,NaN,NaN,NaN,-1,-1,-0.012353,0.072926,-27.979,-2.613,39.898,2.3597,NaN,NaN,NaN,NaN,NaN
632.48,-14.61,-42.124,-26.941,0.058033,0.95107,-27.035,-2.7825,37.857,2.6062,1.0296,-0.12913,-0.58529,NaN,NaN,NaN,NaN,NaN,NaN,NaN,NaN,NaN,46.562,0,2622.4,0.0064211,NaN,NaN,NaN,NaN,20.402,96426,9.875,-0.0017937,0.06385,-27.928,-2.4875,38.998,2.404,NaN,NaN,NaN,NaN,NaN
632.48,-14.597,-42.032,-26.963,0.25464,-1.1441,-27.733,-1.0733,37.118,2.6644,0,0,0,NaN,NaN,NaN,NaN,NaN,NaN,NaN,NaN,NaN,46.562,0,2622.4,0.0064211,NaN,NaN,NaN,NaN,NaN,-1,-1,-0.041376,0.064551,-27.886,-2.3346,38.056,2.4536,NaN,NaN,NaN,NaN,NaN
632.49,-14.59,-41.937,-26.984,-0.16312,-0.77011,-28.22,-3.297,38.245,3.0124,0,0,0,NaN,NaN,NaN,NaN,NaN,NaN,NaN,NaN,NaN,46.562,0,2622.4,0.0064211,NaN,NaN,NaN,NaN,20.385,96407,9.875,-0.051283,0.10198,-27.826,-2.1677,36.933,2.5083,NaN,NaN,NaN,NaN,NaN
632.49,-14.583,-41.855,-27.002,-0.84346,2.7172,-28.223,-2.183,33.124,2.8596,0,0,0,NaN,NaN,NaN,NaN,NaN,NaN,NaN,NaN,NaN,46.562,0,2622.4,0.0064211,NaN,NaN,NaN,NaN,NaN,-1,-1,-0.061647,0.10117,-27.761,-2.0217,36.096,2.5572,NaN,NaN,NaN,NaN,NaN
632.49,-14.573,-41.766,-27.024,0.94253,-0.36251,-29.713,-1.9817,36.111,2.3119,1.0225,-0.13396,-0.58816,NaN,NaN,NaN,NaN,NaN,NaN,NaN,NaN,NaN,46.562,0,2622.4,0.0064211,0.93513,2.8645,0.71871,0.038291,NaN,-1,-1,-0.093972,0.10423,-27.747,-1.9198,35.201,2.623,NaN,NaN,NaN,NaN,NaN
632.49,-14.564,-41.678,-27.044,-0.61879,-1.0083,-25.877,-2.3282,35.252,2.4715,0,0,0,NaN,NaN,NaN,NaN,NaN,NaN,NaN,NaN,NaN,46.572,0,2711,0.0064211,NaN,NaN,NaN,NaN,20.463,96418,9.875,-0.11803,0.11316,-27.698,-1.811,34.215,2.6624,NaN,NaN,NaN,NaN,NaN
632.5,-14.557,-41.594,-27.062,-0.19543,1.3328,-26.44,-2.109,33.698,2.8138,0,0,0,NaN,NaN,NaN,NaN,NaN,NaN,NaN,NaN,NaN,46.572,0,2711,0.0064211,NaN,NaN,NaN,NaN,NaN,-1,-1,-0.12307,0.11802,-27.557,-1.6942,33.27,2.7045,NaN,NaN,NaN,NaN,NaN
632.5,-14.545,-41.519,-27.079,-0.28553,-0.7076,-27.423,-0.309,30.432,2.4602,0,0,0,NaN,NaN,NaN,NaN,NaN,NaN,NaN,NaN,NaN,46.572,0,2711,0.0064211,NaN,NaN,NaN,NaN,NaN,-1,-1,-0.15781,0.10773,-27.513,-1.5919,32.708,2.7441,NaN,NaN,NaN,NaN,NaN
632.5,-14.537,-41.442,-27.095,-0.3613,-1.7565,-28.049,-1.1994,30.61,2.7902,1.0182,-0.12933,-0.593,NaN,NaN,NaN,NaN,NaN,NaN,NaN,NaN,NaN,46.572,0,2711,0.0064211,NaN,NaN,NaN,NaN,20.623,96441,10,-0.18234,0.13277,-27.43,-1.481,31.803,2.8133,NaN,NaN,NaN,NaN,NaN
632.5,-14.532,-41.359,-27.111,0.59503,3.0389,-28.548,-2.3543,33.372,3.4207,0,0,0,NaN,NaN,NaN,NaN,NaN,NaN,NaN,NaN,NaN,46.572,0,2711,0.0064211,NaN,NaN,NaN,NaN,20.54,96405,9.8125,-0.20165,0.12953,-27.303,-1.3637,30.86,2.8608,NaN,NaN,NaN,NaN,NaN
632.51,-14.52,-41.28,-27.128,-0.917,0.25248,-25.724,-0.31811,31.827,2.5914,0,0,0,NaN,NaN,NaN,NaN,NaN,NaN,NaN,NaN,NaN,46.572,0,2711,0.0064211,NaN,NaN,NaN,NaN,NaN,-1,-1,-0.22536,0.13128,-27.208,-1.2768,30.228,2.922,NaN,NaN,NaN,NaN,NaN
632.51,-14.515,-41.213,-27.14,-0.46522,-0.85183,-27.098,-1.311,26.486,2.6708,0,0,0,NaN,NaN,NaN,NaN,NaN,NaN,NaN,NaN,NaN,46.572,0,2711,0.0064211,NaN,NaN,NaN,NaN,NaN,-1,-1,-0.26696,0.12947,-27.099,-1.1742,29.685,2.9723,NaN,NaN,NaN,NaN,NaN
632.51,-14.509,-41.14,-27.154,-0.20578,0.9857,-28.178,-1.3538,29.435,3.1157,1.0234,-0.12495,-0.5992,NaN,NaN,NaN,NaN,NaN,NaN,NaN,NaN,NaN,46.572,0,2711,0.0064211,NaN,NaN,NaN,NaN,NaN,-1,-1,-0.28309,0.15265,-26.948,-1.0878,28.887,3.0113,NaN,NaN,NaN,NaN,NaN
632.51,-14.5,-41.062,-27.169,-0.25661,-0.023126,-24.31,-0.5733,31.097,3.0763,0,0,0,NaN,NaN,NaN,NaN,NaN,NaN,NaN,NaN,NaN,46.572,0,2711,0.0064211,NaN,NaN,NaN,NaN,20.487,96433,10,-0.30657,0.14079,-26.794,-1.0122,28.155,3.0565,NaN,NaN,NaN,NaN,NaN
632.52,-14.496,-40.995,-27.18,-0.50475,-1.4279,-26.255,-1.7838,26.587,3.0739,0,0,0,NaN,NaN,NaN,NaN,NaN,NaN,NaN,NaN,NaN,46.572,0,2711,0.0064211,0.94772,2.9892,0.65663,NaN,NaN,-1,-1,-0.33709,0.16219,-26.694,-0.94262,27.464,3.1262,NaN,NaN,NaN,NaN,NaN
632.52,-14.486,-40.863,-27.201,-0.80102,0.80889,-29.766,-0.71121,26.823,2.8373,1.005,-0.1325,-0.61199,NaN,NaN,NaN,NaN,NaN,NaN,NaN,NaN,NaN,46.572,0,2711,0.0064211,NaN,NaN,NaN,0.07242,NaN,-1,-1,-0.37218,0.17574,-26.564,-0.93242,26.647,3.1732,NaN,NaN,NaN,NaN,NaN
632.52,-14.48,-40.793,-27.213,-0.21408,-1.0834,-24.989,-1.0466,27.903,3.1096,0,0,0,NaN,NaN,NaN,NaN,NaN,NaN,NaN,NaN,NaN,46.572,0,2711,0.0064211,NaN,NaN,NaN,NaN,20.504,96430,9.9375,-0.39188,0.17603,-26.354,-0.93511,26.122,3.2268,NaN,NaN,NaN,NaN,NaN
632.52,-14.476,-40.73,-27.222,-0.65689,0.48281,-23.613,-1.1086,25.065,3.285,0,0,0,NaN,NaN,NaN,NaN,NaN,NaN,NaN,NaN,NaN,46.572,0,2711,0.0064211,NaN,NaN,NaN,NaN,NaN,-1,-1,-0.43691,0.17151,-26.212,-0.88009,25.528,3.2557,NaN,NaN,NaN,NaN,NaN
632.53,-14.47,-40.672,-27.23,-1.0183,0.79162,-26.214,0.082277,22.838,3.1766,0,0,0,NaN,NaN,NaN,NaN,NaN,NaN,NaN,NaN,NaN,46.572,0,2711,0.0064211,NaN,NaN,NaN,NaN,20.423,96417,9.875,-0.46449,0.20235,-26.088,-0.85272,24.832,3.2911,NaN,NaN,NaN,NaN,NaN
632.53,-14.465,-40.612,-27.238,-0.39054,-1.6341,-26.523,-0.15957,23.837,3.4021,1.0142,-0.12747,-0.60449,NaN,NaN,NaN,NaN,NaN,NaN,NaN,NaN,NaN,46.572,0,2711,0.0064211,0.93896,2.8573,0.71932,0.055772,NaN,-1,-1,-0.498,0.19838,-25.898,-0.80801,24.181,3.3371,NaN,NaN,NaN,NaN,NaN
632.53,-14.462,-40.551,-27.245,0.32239,1.7757,-24.975,-1.1028,23.952,3.4916,0,0,0,NaN,NaN,NaN,NaN,NaN,NaN,NaN,NaN,NaN,46.572,0,2711,0.0064211,NaN,NaN,NaN,NaN,20.524,96426,9.9375,-0.52634,0.21285,-25.707,-0.74468,23.514,3.3783,NaN,NaN,NaN,NaN,NaN
632.53,-14.458,-40.493,-27.252,-1.4998,0.77272,-27.287,-0.28344,22.935,3.4202,0,0,0,NaN,NaN,NaN,NaN,NaN,NaN,NaN,NaN,NaN,46.572,0,2711,0.0064211,NaN,NaN,NaN,NaN,20.46,96435,9.875,-0.56017,0.2184,-25.565,-0.68493,22.938,3.4102,NaN,NaN,NaN,NaN,NaN
632.54,-14.452,-40.433,-27.259,-0.8302,-0.41415,-23.867,-0.13974,23.662,3.4053,0,0,0,NaN,NaN,NaN,NaN,NaN,NaN,NaN,NaN,NaN,46.572,0,2711,0.0064211,NaN,NaN,NaN,NaN,NaN,-1,-1,-0.5961,0.20724,-25.379,-0.62966,22.318,3.442,NaN,NaN,NaN,NaN,NaN
632.54,-14.45,-40.38,-27.265,0.079713,0.80481,-24.834,-0.67724,20.827,3.4582,1.0029,-0.12779,-0.6144,NaN,NaN,NaN,NaN,NaN,NaN,NaN,NaN,NaN,46.572,0,2711,0.0064211,0.93732,2.9743,0.63473,0.091565,20.545,96440,10,-0.62351,0.20941,-25.157,-0.59376,21.72,3.4832,NaN,NaN,NaN,NaN,NaN
632.54,-14.444,-40.268,-27.275,-0.70406,-1.3233,-23.044,-1.0983,21.807,3.813,0,0,0,NaN,NaN,NaN,NaN,NaN,NaN,NaN,NaN,NaN,46.572,0,2711,0.0064211,NaN,NaN,NaN,NaN,NaN,-1,-1,-0.66434,0.23123,-24.965,-0.51384,21.137,3.5387,NaN,NaN,NaN,NaN,NaN
632.54,-14.445,-40.22,-27.277,-0.96268,1.798,-25.78,-1.1027,18.501,3.7944,0,0,0,NaN,NaN,NaN,NaN,NaN,NaN,NaN,NaN,NaN,46.572,0,2711,0.0064211,NaN,NaN,NaN,NaN,20.423,96416,9.875,-0.70197,0.23643,-24.839,-0.5248,20.554,3.5881,NaN,NaN,NaN,NaN,NaN
632.55,-14.439,-40.114,-27.287,-1.4636,-1.1021,-25.809,-0.42296,22.342,3.5241,0,0,0,NaN,NaN,NaN,NaN,NaN,NaN,NaN,NaN,NaN,46.572,0,2711,0.0064211,NaN,NaN,NaN,NaN,NaN,-1,-1,-0.72881,0.25001,-24.636,-0.52729,20.266,3.7351,NaN,NaN,NaN,NaN,NaN
632.55,-14.439,-40.063,-27.29,-0.82587,0.295,-20.557,-1.151,19.638,3.7726,0,0,0,NaN,NaN,NaN,NaN,NaN,NaN,NaN,NaN,NaN,46.572,0,2711,0.0064211,0.93458,2.8645,0.71992,0.038291,20.584,96466,10.063,-0.75888,0.25956,-24.39,-0.50438,19.633,3.7161,NaN,NaN,NaN,NaN,NaN
632.55,-14.433,-39.972,-27.295,-0.93984,-2.047,-24.388,-0.16077,19.58,3.6619,1.0028,-0.13511,-0.61664,NaN,NaN,NaN,NaN,NaN,NaN,NaN,NaN,NaN,46.572,0,2711,0.0064211,NaN,NaN,NaN,NaN,NaN,-1,-1,-0.80527,0.25882,-24.224,-0.4987,19.005,3.7073,NaN,NaN,NaN,NaN,NaN
632.55,-14.433,-39.927,-27.296,-0.45566,1.9865,-24.391,-0.48449,17.366,3.7472,0,0,0,NaN,NaN,NaN,NaN,NaN,NaN,NaN,NaN,NaN,46.572,0,2711,0.0064211,NaN,NaN,NaN,NaN,NaN,-1,-1,-0.83301,0.25823,-24.003,-0.49985,18.484,3.7166,NaN,NaN,NaN,NaN,NaN
632.56,-14.427,-39.835,-27.301,-1.3182,-0.60258,-23.13,-0.062567,18.646,3.4431,0,0,0,NaN,NaN,NaN,NaN,NaN,NaN,NaN,NaN,NaN,46.572,0,2711,0.0064211,NaN,NaN,NaN,NaN,20.503,96432,9.9375,-0.86428,0.26643,-23.812,-0.48644,17.92,3.7021,NaN,NaN,NaN,NaN,NaN
632.56,-14.428,-39.789,-27.303,-0.85488,0.063362,-22.126,-0.79263,17.683,3.7887,0.99609,-0.13286,-0.6217,NaN,NaN,NaN,NaN,NaN,NaN,NaN,NaN,NaN,46.572,0,2711,0.0064211,NaN,NaN,NaN,NaN,NaN,-1,-1,-0.88355,0.27086,-23.591,-0.48338,17.657,3.8012,NaN,NaN,NaN,NaN,NaN
632.56,-14.428,-39.71,-27.302,-1.6655,-0.46925,-22.167,-0.78008,16.715,3.6827,0,0,0,NaN,NaN,NaN,NaN,NaN,NaN,NaN,NaN,NaN,46.572,0,2711,0.0064211,0.94224,2.8621,0.71384,0.044118,NaN,-1,-1,-0.92329,0.27465,-23.382,-0.53022,17.003,3.8051,NaN,NaN,NaN,NaN,NaN
632.56,-14.431,-39.668,-27.301,-0.41145,0.69079,-22.86,-1.3026,16.1,4.0427,0,0,0,NaN,NaN,NaN,NaN,NaN,NaN,NaN,NaN,NaN,46.572,0,2711,0.0064211,NaN,NaN,NaN,NaN,20.658,96428,9.875,-0.96629,0.28913,-23.169,-0.46695,16.492,3.753,NaN,NaN,NaN,NaN,NaN
632.57,-14.432,-39.631,-27.3,-1.2162,1.5131,-24.663,-0.4822,13.773,3.7098,0.99879,-0.1258,-0.62368,NaN,NaN,NaN,NaN,NaN,NaN,NaN,NaN,NaN,46.572,0,2711,0.0064211,NaN,NaN,NaN,NaN,NaN,-1,-1,-1.0077,0.28929,-22.976,-0.43742,15.814,3.7051,NaN,NaN,NaN,NaN,NaN
632.57,-14.432,-39.586,-27.302,-1.5308,-0.37407,-23.152,-0.80014,17.764,3.5789,0,0,0,NaN,NaN,NaN,NaN,NaN,NaN,NaN,NaN,NaN,46.572,0,2711,0.0064211,NaN,NaN,NaN,NaN,NaN,-1,-1,-1.0267,0.31067,-22.79,-0.42757,15.348,3.6746,NaN,NaN,NaN,NaN,NaN
632.57,-14.434,-39.549,-27.3,-1.2114,0.61235,-20.586,-0.54087,13.947,3.7775,0,0,0,NaN,NaN,NaN,NaN,NaN,NaN,NaN,NaN,NaN,46.572,0,2711,0.0064211,NaN,NaN,NaN,NaN,20.623,96421,9.9375,-1.0672,0.32574,-22.617,-0.38943,14.959,3.6648,NaN,NaN,NaN,NaN,NaN
632.57,-14.434,-39.51,-27.298,-1.0596,1.064,-21.466,0.22489,14.567,4.0872,0,0,0,NaN,NaN,NaN,NaN,NaN,NaN,NaN,NaN,NaN,46.572,0,2711,0.0064211,0.93951,2.9802,0.66089,NaN,20.58,96421,9.875,-1.1002,0.33677,-22.398,-0.42928,14.461,3.6148,NaN,NaN,NaN,NaN,NaN
632.58,-14.433,-39.476,-27.296,-1.8028,-1.3636,-23.159,0.53474,13.26,3.6987,0.99851,-0.13541,-0.62371,-4.5124,13.551,-15.281,20.917,40.06,-88.547,3.6804e+05,4.4356e+06,378.99,46.572,0,2711,0.0064211,NaN,NaN,NaN,0.078247,NaN,-1,-1,-1.1325,0.36032,-22.151,-0.4697,14.145,3.5761,20.608,1.431,3.2846,9.0561,3.9228
632.58,-14.434,-39.438,-27.296,-0.54422,1.3412,-22.247,-0.63272,14.588,3.6094,0,0,0,NaN,NaN,NaN,NaN,NaN,NaN,NaN,NaN,NaN,46.572,0,2711,0.0064211,NaN,NaN,NaN,NaN,NaN,-1,-1,-1.1608,0.34501,-21.971,-0.44605,13.763,3.5348,NaN,NaN,NaN,NaN,NaN
632.58,-14.434,-39.404,-27.294,-1.51,1.5183,-23.416,0.4343,12.725,3.5491,0,0,0,NaN,NaN,NaN,NaN,NaN,NaN,NaN,NaN,NaN,46.572,0,2711,0.0064211,NaN,NaN,NaN,NaN,NaN,-1,-1,-1.2079,0.35056,-21.763,-0.44924,13.451,3.5038,NaN,NaN,NaN,NaN,NaN
632.58,-14.433,-39.362,-27.294,-1.7252,-0.16234,-20.976,-0.075401,16.192,3.6732,0,0,0,NaN,NaN,NaN,NaN,NaN,NaN,NaN,NaN,NaN,46.572,0,2711,0.0064211,NaN,NaN,NaN,NaN,20.519,96416,9.8125,-1.2058,0.34797,-21.432,-0.46057,13.05,3.4559,NaN,NaN,NaN,NaN,NaN
632.59,-14.436,-39.33,-27.292,-0.74087,0.42521,-20.428,-0.64297,12.098,3.908,1.0013,-0.12595,-0.62568,NaN,NaN,NaN,NaN,NaN,NaN,NaN,NaN,NaN,46.572,0,2711,0.0064211,1.0025,2.8836,0.7114,0.021643,NaN,-1,-1,-1.2396,0.35267,-21.287,-0.45288,12.586,3.4273,NaN,NaN,NaN,NaN,NaN
632.59,-14.437,-39.295,-27.289,-1.5988,0.53778,-22.225,-0.35816,12.972,3.727,0,0,0,NaN,NaN,NaN,NaN,NaN,NaN,NaN,NaN,NaN,46.572,0,2711,0.0064211,NaN,NaN,NaN,NaN,NaN,-1,-1,-1.2729,0.36315,-21.062,-0.44968,12.36,3.3971,NaN,NaN,NaN,NaN,NaN
632.59,-14.44,-39.26,-27.287,-1.7348,0.18365,-20.325,-0.97867,13.403,3.682,0,0,0,NaN,NaN,NaN,NaN,NaN,NaN,NaN,NaN,NaN,46.572,0,2711,0.0064211,NaN,NaN,NaN,NaN,20.773,96418,9.8125,-1.3068,0.40024,-20.917,-0.43385,12.163,3.3574,NaN,NaN,NaN,NaN,NaN
632.59,-14.443,-39.228,-27.285,-1.0612,0.90813,-21.795,-0.94464,12.018,3.6387,0,0,0,NaN,NaN,NaN,NaN,NaN,NaN,NaN,NaN,NaN,46.562,0,2825.3,0.0069644,NaN,NaN,NaN,NaN,NaN,-1,-1,-1.3449,0.40156,-20.696,-0.40365,11.855,3.3222,NaN,NaN,NaN,NaN,NaN
632.6,-14.445,-39.198,-27.283,-1.1783,0.5994,-22.003,-0.78524,11.618,3.1171,0.99696,-0.12133,-0.63052,NaN,NaN,NaN,NaN,NaN,NaN,NaN,NaN,NaN,46.562,0,2825.3,0.0069644,NaN,NaN,NaN,NaN,20.54,96405,9.8125,-1.3608,0.39374,-20.433,-0.38127,11.559,3.2927,NaN,NaN,NaN,NaN,NaN
632.6,-14.446,-39.161,-27.283,-2.6127,-0.11361,-21.995,-0.54677,14.086,3.5195,0,0,0,NaN,NaN,NaN,NaN,NaN,NaN,NaN,NaN,NaN,46.562,0,2825.3,0.0069644,NaN,NaN,NaN,NaN,NaN,-1,-1,-1.378,0.39944,-20.242,-0.42292,11.428,3.2902,NaN,NaN,NaN,NaN,NaN
632.6,0,0,0,0,0,0,0,0,0,0,0,0,NaN,NaN,NaN,NaN,NaN,NaN,NaN,NaN,NaN,46.562,0,2825.3,0.0069644,0.9417,2.8526,0.71445,0.049945,NaN,-1,-1,-1.4196,0.40921,-20.07,-0.45409,11.01,3.2651,NaN,NaN,NaN,NaN,NaN
632.6,-14.449,-39.126,-27.28,-0.49212,0.9792,-17.79,-0.77154,13.118,3.9543,0,0,0,NaN,NaN,NaN,NaN,NaN,NaN,NaN,NaN,NaN,46.562,0,2825.3,0.0069644,NaN,NaN,NaN,NaN,20.776,96419,9.875,-1.4513,0.41985,-19.896,-0.49524,11.008,3.2412,NaN,NaN,NaN,NaN,NaN
632.61,-14.453,-39.067,-27.273,-2.4585,-1.477,-21.022,-0.95203,13.966,3.7026,0.99918,-0.12616,-0.63032,NaN,NaN,NaN,NaN,NaN,NaN,NaN,NaN,NaN,46.562,0,2825.3,0.0069644,NaN,NaN,NaN,NaN,NaN,-1,-1,-1.4735,0.42885,-19.671,-0.53968,10.881,3.2202,NaN,NaN,NaN,NaN,NaN
632.61,-14.456,-39.038,-27.27,-0.28219,2.1588,-19.616,-0.92155,10.705,3.3813,0,0,0,NaN,NaN,NaN,NaN,NaN,NaN,NaN,NaN,NaN,46.562,0,2825.3,0.0069644,NaN,NaN,NaN,NaN,NaN,-1,-1,-1.5187,0.44481,-19.551,-0.5465,10.633,3.2063,NaN,NaN,NaN,NaN,NaN
632.61,-14.457,-39.012,-27.265,-1.7709,1.7007,-22.745,0.41499,9.4243,3.5918,0,0,0,NaN,NaN,NaN,NaN,NaN,NaN,NaN,NaN,NaN,46.562,0,2825.3,0.0069644,NaN,NaN,NaN,NaN,20.58,96443,9.9375,-1.5507,0.44943,-19.375,-0.58256,10.516,3.1902,NaN,NaN,NaN,NaN,NaN
632.61,0,0,0,0,0,0,0,0,0,0,0,0,NaN,NaN,NaN,NaN,NaN,NaN,NaN,NaN,NaN,46.562,0,2825.3,0.0069644,0.94662,2.9898,0.6469,0.087403,NaN,-1,-1,-1.5722,0.44486,-19.176,-0.57837,10.263,3.1521,NaN,NaN,NaN,NaN,NaN
632.62,-14.455,-38.974,-27.266,-3.0358,-0.85232,-19.759,0.24419,15.062,3.0109,0,0,0,NaN,NaN,NaN,NaN,NaN,NaN,NaN,NaN,NaN,46.562,0,2825.3,0.0069644,NaN,NaN,NaN,NaN,20.62,96439,9.9375,-1.5997,0.44451,-18.967,-0.61656,10.258,3.1411,NaN,NaN,NaN,NaN,NaN
632.62,-14.459,-38.943,-27.263,-0.092601,1.5159,-17.331,-1.1532,11.437,3.7936,0.99669,-0.12601,-0.62832,NaN,NaN,NaN,NaN,NaN,NaN,NaN,NaN,NaN,46.562,0,2825.3,0.0069644,NaN,NaN,NaN,NaN,NaN,-1,-1,-1.6388,0.48457,-18.863,-0.63443,10.226,3.1315,NaN,NaN,NaN,NaN,NaN
632.62,-14.466,-38.889,-27.254,-3.2105,-0.25463,-20.581,-1.3368,12.467,3.6634,0,0,0,NaN,NaN,NaN,NaN,NaN,NaN,NaN,NaN,NaN,46.562,0,2825.3,0.0069644,NaN,NaN,NaN,NaN,NaN,-1,-1,-1.6603,0.51371,-18.664,-0.67106,10.037,3.1339,NaN,NaN,NaN,NaN,NaN
632.62,-14.47,-38.861,-27.251,-0.77619,2.182,-19.775,-1.0978,10.192,3.5251,0,0,0,NaN,NaN,NaN,NaN,NaN,NaN,NaN,NaN,NaN,46.562,0,2825.3,0.0069644,NaN,NaN,NaN,NaN,20.989,96418,9.875,-1.6874,0.52349,-18.479,-0.70204,9.8719,3.1364,NaN,NaN,NaN,NaN,NaN
632.63,-14.474,-38.799,-27.253,-3.5957,-0.76269,-21.429,-1.3955,11.201,2.7417,0,0,0,NaN,NaN,NaN,NaN,NaN,NaN,NaN,NaN,NaN,46.562,0,2825.3,0.0069644,NaN,NaN,NaN,NaN,NaN,-1,-1,-1.7224,0.51298,-18.308,-0.74766,9.8922,3.1394,NaN,NaN,NaN,NaN,NaN
632.63,-14.477,-38.768,-27.249,-0.57885,2.2178,-17.261,-0.48237,11.648,3.8465,0,0,0,NaN,NaN,NaN,NaN,NaN,NaN,NaN,NaN,NaN,46.562,0,2825.3,0.0069644,NaN,NaN,NaN,NaN,NaN,-1,-1,-1.7393,0.535,-18.123,-0.78263,9.7723,3.1323,NaN,NaN,NaN,NaN,NaN
632.63,-14.478,-38.747,-27.244,-1.5915,0.2941,-18.888,0.59456,7.3961,3.2011,0,0,0,NaN,NaN,NaN,NaN,NaN,NaN,NaN,NaN,NaN,46.562,0,2825.3,0.0069644,NaN,NaN,NaN,NaN,20.911,96424,9.875,-1.7617,0.54052,-18.12,-0.84775,9.6753,3.1522,NaN,NaN,NaN,NaN,NaN
632.63,-14.483,-38.716,-27.242,-2.5463,-0.65744,-19.346,-1.7355,11.779,3.4307,0.99943,-0.13133,-0.63698,NaN,NaN,NaN,NaN,NaN,NaN,NaN,NaN,NaN,46.562,0,2825.3,0.0069644,NaN,NaN,NaN,NaN,NaN,-1,-1,-1.8022,0.54096,-17.977,-0.86519,9.5768,3.1679,NaN,NaN,NaN,NaN,NaN
632.64,-14.488,-38.694,-27.238,-1.1664,1.3231,-20.213,-1.3293,8.1706,3.2265,0,0,0,NaN,NaN,NaN,NaN,NaN,NaN,NaN,NaN,NaN,46.562,0,2825.3,0.0069644,0.94389,2.9814,0.6542,NaN,20.771,96407,9.75,-1.8171,0.57919,-17.882,-0.92895,9.5662,3.1703,NaN,NaN,NaN,NaN,NaN
632.64,-14.49,-38.669,-27.233,-1.7969,2.5397,-18.449,0.10296,9.2901,3.5767,0,0,0,NaN,NaN,NaN,NaN,NaN,NaN,NaN,NaN,NaN,46.562,0,2825.3,0.0069644,0.94389,2.9814,0.6542,NaN,NaN,-1,-1,-1.8421,0.59093,-17.71,-0.9412,9.3301,3.1716,NaN,NaN,NaN,NaN,NaN
632.64,-14.49,-38.633,-27.233,-2.3994,-1.5419,-19.465,-0.51337,13.439,3.1815,0,0,0,NaN,NaN,NaN,NaN,NaN,NaN,NaN,NaN,NaN,46.562,0,2825.3,0.0069644,NaN,NaN,NaN,0.077414,NaN,-1,-1,-1.8742,0.59677,-17.763,-0.95802,9.4317,3.1746,NaN,NaN,NaN,NaN,NaN
632.64,-14.496,-38.612,-27.229,-1.953,1.4815,-15.409,-1.4262,7.7823,3.2844,0.99754,-0.12433,-0.6416,NaN,NaN,NaN,NaN,NaN,NaN,NaN,NaN,NaN,46.562,0,2825.3,0.0069644,NaN,NaN,NaN,NaN,20.778,96453,10,-1.8845,0.61733,-17.63,-0.99515,9.4717,3.1988,NaN,NaN,NaN,NaN,NaN
632.65,-14.502,-38.594,-27.222,-1.1955,0.53205,-20.356,-1.1711,6.4976,3.4948,0,0,0,NaN,NaN,NaN,NaN,NaN,NaN,NaN,NaN,NaN,46.562,0,2825.3,0.0069644,NaN,NaN,NaN,NaN,NaN,-1,-1,-1.9198,0.61898,-17.56,-1.003,9.365,3.2163,NaN,NaN,NaN,NaN,NaN
632.65,-14.507,-38.563,-27.22,-3.0035,0.99795,-18.68,-1.5406,11.731,3.3441,0,0,0,NaN,NaN,NaN,NaN,NaN,NaN,NaN,NaN,NaN,46.562,0,2825.3,0.0069644,NaN,NaN,NaN,NaN,NaN,-1,-1,-1.9264,0.6289,-17.457,-1.0381,9.3545,3.2388,NaN,NaN,NaN,NaN,NaN
632.65,-14.513,-38.536,-27.217,-0.71139,0.54006,-17.587,-2.0573,9.9773,3.194,0,0,0,NaN,NaN,NaN,NaN,NaN,NaN,NaN,NaN,NaN,46.562,0,2825.3,0.0069644,NaN,NaN,NaN,NaN,20.755,96430,9.875,-1.9489,0.66178,-17.313,-1.0663,9.3831,3.2505,NaN,NaN,NaN,NaN,NaN
632.65,-14.516,-38.517,-27.213,-2.7493,0.75301,-18.909,-0.78839,6.8177,2.6861,0.99945,-0.12148,-0.63252,NaN,NaN,NaN,NaN,NaN,NaN,NaN,NaN,NaN,46.562,0,2825.3,0.0069644,0.93239,3.2416,0.62925,0.10488,NaN,-1,-1,-1.9745,0.65067,-17.219,-1.1024,9.3226,3.2488,NaN,NaN,NaN,NaN,NaN
632.66,-14.519,-38.483,-27.212,-1.7916,0.18646,-15.918,-1.2927,13.17,3.3528,0,0,0,NaN,NaN,NaN,NaN,NaN,NaN,NaN,NaN,NaN,46.562,0,2825.3,0.0069644,NaN,NaN,NaN,NaN,20.637,96435,9.875,-1.983,0.65817,-17.121,-1.1621,9.4073,3.2606,NaN,NaN,NaN,NaN,NaN
632.66,-14.523,-38.467,-27.206,-2.228,1.6465,-19.39,-0.38033,5.582,3.0708,0,0,0,NaN,NaN,NaN,NaN,NaN,NaN,NaN,NaN,NaN,46.562,0,2825.3,0.0069644,NaN,NaN,NaN,NaN,NaN,-1,-1,-2.0106,0.67213,-16.997,-1.2113,9.105,3.1505,NaN,NaN,NaN,NaN,NaN
632.66,-14.528,-38.446,-27.201,-2.2302,-0.89284,-16.886,-1.0549,7.2953,3.2493,0,0,0,NaN,NaN,NaN,NaN,NaN,NaN,NaN,NaN,NaN,46.562,0,2825.3,0.0069644,NaN,NaN,NaN,NaN,NaN,-1,-1,-2.0244,0.66364,-16.947,-1.2509,9.0124,3.1595,NaN,NaN,NaN,NaN,NaN
632.66,-14.531,-38.415,-27.201,-1.463,1.2108,-17.741,-1.3069,12.044,2.9433,0.98763,-0.13609,-0.64027,NaN,NaN,NaN,NaN,NaN,NaN,NaN,NaN,NaN,46.562,0,2825.3,0.0069644,NaN,NaN,NaN,NaN,20.849,96424,9.8125,-2.0419,0.68176,-16.827,-1.3234,9.1041,3.1593,NaN,NaN,NaN,NaN,NaN
632.67,-14.535,-38.396,-27.196,-1.9807,1.3998,-17.495,-0.75911,6.8998,3.11,0,0,0,NaN,NaN,NaN,NaN,NaN,NaN,NaN,NaN,NaN,46.562,0,2825.3,0.0069644,0.99864,3.8108,0.70897,0.014151,NaN,-1,-1,-2.0479,0.69844,-16.682,-1.3863,9.017,3.1579,NaN,NaN,NaN,NaN,NaN
632.67,-14.542,-38.339,-27.192,-1.3147,0.04688,-15.757,-1.5538,13.354,3.5124,0,0,0,NaN,NaN,NaN,NaN,NaN,NaN,NaN,NaN,NaN,46.562,0,2825.3,0.0069644,NaN,NaN,NaN,NaN,NaN,-1,-1,-2.0813,0.70257,-16.618,-1.3941,8.9265,3.1517,NaN,NaN,NaN,NaN,NaN
632.67,-14.547,-38.322,-27.187,-1.6164,1.9564,-15.574,-1.09,6.0949,3.1136,0.98583,-0.11684,-0.64043,NaN,NaN,NaN,NaN,NaN,NaN,NaN,NaN,NaN,46.562,0,2825.3,0.0069644,NaN,NaN,NaN,NaN,20.968,96428,9.875,-2.1006,0.70929,-16.551,-1.4135,8.5646,3.0167,NaN,NaN,NaN,NaN,NaN
632.67,-14.554,-38.305,-27.181,-3.5243,-0.83007,-19.161,-1.8664,6.1548,2.9983,0,0,0,NaN,NaN,NaN,NaN,NaN,NaN,NaN,NaN,NaN,46.562,0,2825.3,0.0069644,NaN,NaN,NaN,NaN,20.736,96444,9.9375,-2.0989,0.71098,-16.385,-1.4032,8.5642,2.9707,NaN,NaN,NaN,NaN,NaN
632.68,-14.56,-38.276,-27.179,-1.3591,1.2025,-17.782,-2.1777,10.914,3.0666,0,0,0,NaN,NaN,NaN,NaN,NaN,NaN,NaN,NaN,NaN,46.562,0,2825.3,0.0069644,NaN,NaN,NaN,NaN,NaN,-1,-1,-2.115,0.7125,-16.304,-1.4112,8.5857,2.9469,NaN,NaN,NaN,NaN,NaN
632.68,-14.565,-38.253,-27.177,-1.6838,1.4415,-15.606,-1.8287,8.5672,2.7825,0,0,0,NaN,NaN,NaN,NaN,NaN,NaN,NaN,NaN,NaN,46.562,0,2825.3,0.0069644,0.93732,4.3573,0.64385,0.097392,NaN,-1,-1,-2.1222,0.73303,-16.196,-1.44,8.6004,2.9371,NaN,NaN,NaN,NaN,NaN
632.68,-14.571,-38.233,-27.174,-2.5833,-0.39153,-16.734,-1.9144,7.5472,2.6015,0.99579,-0.11745,-0.64844,NaN,NaN,NaN,NaN,NaN,NaN,NaN,NaN,NaN,46.562,0,2825.3,0.0069644,NaN,NaN,NaN,NaN,NaN,-1,-1,-2.1345,0.72592,-16.085,-1.4857,8.4913,2.8884,NaN,NaN,NaN,NaN,NaN
632.68,-14.578,-38.209,-27.17,-2.4436,1.0286,-15.804,-2.2165,8.576,3.1122,0,0,0,NaN,NaN,NaN,NaN,NaN,NaN,NaN,NaN,NaN,46.562,0,2825.3,0.0069644,NaN,NaN,NaN,NaN,20.887,96429,9.8125,-2.1552,0.75866,-16.029,-1.5725,8.6969,2.8335,NaN,NaN,NaN,NaN,NaN
632.69,-14.582,-38.164,-27.166,-2.669,0.1066,-15.808,-0.50798,9.0345,2.7046,0,0,0,NaN,NaN,NaN,NaN,NaN,NaN,NaN,NaN,NaN,46.562,0,2825.3,0.0069644,NaN,NaN,NaN,NaN,NaN,-1,-1,-2.1649,0.75419,-15.965,-1.589,8.7081,2.8115,NaN,NaN,NaN,NaN,NaN
632.69,-14.586,-38.143,-27.164,-1.6862,0.038215,-16.696,-1.3575,8.2367,2.4618,0.98852,-0.11471,-0.64464,NaN,NaN,NaN,NaN,NaN,NaN,NaN,NaN,NaN,46.562,0,2825.3,0.0069644,NaN,NaN,NaN,NaN,NaN,-1,-1,-2.179,0.72727,-15.841,-1.6014,8.5068,2.7778,NaN,NaN,NaN,NaN,NaN
632.69,-14.59,-38.123,-27.16,-2.305,1.5462,-17.795,-1.01,7.2575,2.7593,0,0,0,NaN,NaN,NaN,NaN,NaN,NaN,NaN,NaN,NaN,46.562,0,2825.3,0.0069644,NaN,NaN,NaN,NaN,20.774,96430,9.875,-2.1884,0.75422,-15.752,-1.6614,8.6173,2.7403,NaN,NaN,NaN,NaN,NaN
632.69,-14.592,-38.089,-27.161,-2.6512,0.36858,-15.181,-1.3558,12.986,2.736,0,0,0,NaN,NaN,NaN,NaN,NaN,NaN,NaN,NaN,NaN,46.562,0,2825.3,0.0069644,0.94443,4.3645,0.64203,0.097392,NaN,-1,-1,-2.1969,0.77348,-15.702,-1.7128,8.6291,2.6907,NaN,NaN,NaN,NaN,NaN
632.7,-14.598,-38.069,-27.157,-1.3597,1.5323,-12.798,-1.5889,7.4216,2.8457,0,0,0,NaN,NaN,NaN,NaN,NaN,NaN,NaN,NaN,NaN,46.562,0,2825.3,0.0069644,NaN,NaN,NaN,NaN,20.678,96425,9.875,-2.2176,0.78977,-15.679,-1.6928,8.5797,2.6713,NaN,NaN,NaN,NaN,NaN
632.7,-14.603,-38.054,-27.153,-2.7541,-0.09537,-18.525,-1.5342,5.3918,2.5027,0.99862,-0.10559,-0.6504,NaN,NaN,NaN,NaN,NaN,NaN,NaN,NaN,NaN,46.562,0,2825.3,0.0069644,NaN,NaN,NaN,NaN,NaN,-1,-1,-2.2364,0.79911,-15.585,-1.7027,8.793,2.635,NaN,NaN,NaN,NaN,NaN
632.7,-14.608,-38.025,-27.153,-3.0761,1.5746,-15.826,-2.1979,10.974,2.5647,0,0,0,NaN,NaN,NaN,NaN,NaN,NaN,NaN,NaN,NaN,46.562,0,2825.3,0.0069644,NaN,NaN,NaN,NaN,NaN,-1,-1,-2.2239,0.7973,-15.476,-1.7122,8.7909,2.6143,NaN,NaN,NaN,NaN,NaN
632.7,-14.613,-38,-27.152,-1.1565,1.2048,-16.823,-2.1665,9.479,2.3877,0,0,0,NaN,NaN,NaN,NaN,NaN,NaN,NaN,NaN,NaN,46.562,0,2825.3,0.0069644,0.93951,4.6592,0.66394,NaN,20.948,96436,9.875,-2.2498,0.79019,-15.406,-1.751,8.6776,2.5834,NaN,NaN,NaN,NaN,NaN
632.71,-14.621,-37.98,-27.149,-2.3297,-0.4121,-13.299,-2.601,7.4113,2.7022,0,0,0,NaN,NaN,NaN,NaN,NaN,NaN,NaN,NaN,NaN,46.562,0,2825.3,0.0069644,NaN,NaN,NaN,0.075749,NaN,-1,-1,-2.2622,0.79417,-15.377,-1.7951,8.7428,2.5292,NaN,NaN,NaN,NaN,NaN
632.71,-14.627,-37.953,-27.148,-3.2963,0.45476,-16.281,-2.4621,10.069,2.5864,0.99094,-0.11727,-0.64665,NaN,NaN,NaN,NaN,NaN,NaN,NaN,NaN,NaN,46.562,0,2825.3,0.0069644,NaN,NaN,NaN,NaN,NaN,-1,-1,-2.2538,0.82309,-15.277,-1.8979,9.047,2.492,NaN,NaN,NaN,NaN,NaN
632.71,-14.631,-37.929,-27.147,-1.624,2.0011,-15.537,-1.6056,9.0264,2.5677,0,0,0,NaN,NaN,NaN,NaN,NaN,NaN,NaN,NaN,NaN,46.562,0,2825.3,0.0069644,NaN,NaN,NaN,NaN,20.87,96439,9.875,-2.2763,0.82073,-15.255,-1.9054,8.9631,2.4259,NaN,NaN,NaN,NaN,NaN
632.71,-14.636,-37.914,-27.143,-2.8663,0.52507,-14.285,-1.2206,5.5759,2.3003,0,0,0,NaN,NaN,NaN,NaN,NaN,NaN,NaN,NaN,NaN,46.562,0,2948.1,0.0064211,NaN,NaN,NaN,NaN,NaN,-1,-1,-2.2777,0.82314,-15.14,-1.9829,9.1104,2.3995,NaN,NaN,NaN,NaN,NaN
632.72,-14.639,-37.884,-27.144,-1.9834,0.34463,-17.2,-2.2104,11.646,2.3125,0,0,0,NaN,NaN,NaN,NaN,NaN,NaN,NaN,NaN,NaN,46.562,0,2948.1,0.0064211,NaN,NaN,NaN,NaN,20.812,96438,9.875,-2.2836,0.8224,-15.054,-2.0064,9.1287,2.3571,NaN,NaN,NaN,NaN,NaN
632.72,-14.643,-37.862,-27.143,-2.0579,1.5674,-14.806,-1.4532,8.0415,2.3782,0.98622,-0.12213,-0.6493,NaN,NaN,NaN,NaN,NaN,NaN,NaN,NaN,NaN,46.562,0,2948.1,0.0064211,0.94115,4.9527,0.63107,0.10072,NaN,-1,-1,-2.2966,0.8271,-15.012,-2.0557,9.2152,2.323,NaN,NaN,NaN,NaN,NaN
632.72,-14.646,-37.834,-27.144,-3.1313,0.64257,-14.663,-1.7167,10.874,2.0625,0,0,0,NaN,NaN,NaN,NaN,NaN,NaN,NaN,NaN,NaN,46.562,0,2948.1,0.0064211,NaN,NaN,NaN,NaN,NaN,-1,-1,-2.2987,0.83914,-14.935,-2.101,9.4117,2.2655,NaN,NaN,NaN,NaN,NaN
632.72,-14.65,-37.807,-27.144,-2.0713,1.044,-12.956,-1.9192,10.183,2.387,0,0,0,NaN,NaN,NaN,NaN,NaN,NaN,NaN,NaN,NaN,46.562,0,2948.1,0.0064211,NaN,NaN,NaN,NaN,21.084,96449,9.9375,-2.3044,0.85236,-14.862,-2.1239,9.4636,2.2265,NaN,NaN,NaN,NaN,NaN
632.73,-14.655,-37.786,-27.142,-1.5293,0.12481,-16.344,-1.7673,7.8105,2.2669,0,0,0,NaN,NaN,NaN,NaN,NaN,NaN,NaN,NaN,NaN,46.562,0,2948.1,0.0064211,NaN,NaN,NaN,NaN,NaN,-1,-1,-2.3124,0.83405,-14.808,-2.1481,9.7638,2.2004,NaN,NaN,NaN,NaN,NaN
632.73,-14.665,-37.735,-27.143,-1.0566,1.3666,-15.452,-2.2195,11.758,2.1386,0,0,0,NaN,NaN,NaN,NaN,NaN,NaN,NaN,NaN,NaN,46.562,0,2948.1,0.0064211,NaN,NaN,NaN,NaN,NaN,-1,-1,-2.3244,0.84832,-14.756,-2.1728,9.8981,2.1757,NaN,NaN,NaN,NaN,NaN
632.73,-14.672,-37.712,-27.142,-1.4103,-0.20155,-13.389,-3.1404,8.5379,2.196,0,0,0,NaN,NaN,NaN,NaN,NaN,NaN,NaN,NaN,NaN,46.562,0,2948.1,0.0064211,0.9198,4.942,0.6329,0.10905,20.695,96461,9.9375,-2.3242,0.8617,-14.665,-2.242,9.8017,2.1407,NaN,NaN,NaN,NaN,NaN
632.73,-14.678,-37.685,-27.144,-4.6992,-0.56276,-16.389,-3.0133,10.418,1.6099,0,0,0,NaN,NaN,NaN,NaN,NaN,NaN,NaN,NaN,NaN,46.562,0,2948.1,0.0064211,NaN,NaN,NaN,NaN,NaN,-1,-1,-2.3251,0.86756,-14.639,-2.2848,9.9508,2.0982,NaN,NaN,NaN,NaN,NaN
632.74,-14.682,-37.652,-27.146,-1.24,3.4253,-11.49,-2.4841,12.846,2.6423,0.98903,-0.12012,-0.65572,NaN,NaN,NaN,NaN,NaN,NaN,NaN,NaN,NaN,46.562,0,2948.1,0.0064211,NaN,NaN,NaN,NaN,21.178,96439,9.875,-2.3397,0.86034,-14.605,-2.3793,10.336,2.0633,NaN,NaN,NaN,NaN,NaN
632.74,-14.687,-37.639,-27.143,-2.0811,-0.1859,-14.22,-1.6108,4.6643,1.9995,0,0,0,NaN,NaN,NaN,NaN,NaN,NaN,NaN,NaN,NaN,46.562,0,2948.1,0.0064211,NaN,NaN,NaN,NaN,NaN,-1,-1,-2.3458,0.87469,-14.537,-2.4588,10.389,2.0186,NaN,NaN,NaN,NaN,NaN
632.74,-14.692,-37.61,-27.144,-3.2329,0.82763,-18.063,-2.8137,11.159,2.0537,0,0,0,NaN,NaN,NaN,NaN,NaN,NaN,NaN,NaN,NaN,46.562,0,2948.1,0.0064211,NaN,NaN,NaN,NaN,NaN,-1,-1,-2.3429,0.87098,-14.483,-2.5472,10.395,1.9896,NaN,NaN,NaN,NaN,NaN
632.74,-14.693,-37.574,-27.149,-2.5548,1.1893,-15.34,-1.6403,14.124,1.7291,0,0,0,NaN,NaN,NaN,NaN,NaN,NaN,NaN,NaN,NaN,46.562,0,2948.1,0.0064211,1.0047,4.8656,0.71627,-0.0016648,21.194,96453,9.875,-2.3585,0.86975,-14.41,-2.5836,10.682,1.9397,NaN,NaN,NaN,NaN,NaN
632.75,-14.698,-37.549,-27.151,-1.3101,1.5958,-9.3376,-2.3958,9.8819,2.0084,0.97254,-0.11497,-0.65498,NaN,NaN,NaN,NaN,NaN,NaN,NaN,NaN,NaN,46.562,0,2948.1,0.0064211,NaN,NaN,NaN,NaN,NaN,-1,-1,-2.3619,0.88989,-14.385,-2.6418,10.815,1.895,NaN,NaN,NaN,NaN,NaN
632.75,-14.703,-37.524,-27.15,-3.4016,-0.41485,-16.158,-2.3893,9.4926,2.1657,0,0,0,NaN,NaN,NaN,NaN,NaN,NaN,NaN,NaN,NaN,46.562,0,2948.1,0.0064211,NaN,NaN,NaN,NaN,NaN,-1,-1,-2.3638,0.88707,-14.346,-2.6288,10.774,1.8457,NaN,NaN,NaN,NaN,NaN
632.75,-14.707,-37.491,-27.155,-2.3682,2.3092,-14.939,-3.0866,12.737,1.5958,0,0,0,NaN,NaN,NaN,NaN,NaN,NaN,NaN,NaN,NaN,46.562,0,2948.1,0.0064211,NaN,NaN,NaN,NaN,20.886,96437,9.8125,-2.3655,0.88412,-14.296,-2.6526,11.313,1.8034,NaN,NaN,NaN,NaN,NaN
632.75,-14.712,-37.466,-27.157,-2.5466,0.27011,-14.412,-2.7316,9.9469,1.6442,0,0,0,NaN,NaN,NaN,NaN,NaN,NaN,NaN,NaN,NaN,46.562,0,2948.1,0.0064211,NaN,NaN,NaN,NaN,NaN,-1,-1,-2.3697,0.91188,-14.239,-2.6773,11.337,1.7828,NaN,NaN,NaN,NaN,NaN
632.76,-14.723,-37.409,-27.164,-2.2545,0.58983,-16.231,-3.8001,11.331,1.1516,0,0,0,NaN,NaN,NaN,NaN,NaN,NaN,NaN,NaN,NaN,46.562,0,2948.1,0.0064211,NaN,NaN,NaN,NaN,20.986,96461,9.9375,-2.3913,0.89749,-14.171,-2.6799,11.358,1.7381,NaN,NaN,NaN,NaN,NaN
632.76,-14.727,-37.375,-27.169,-3.4865,0.60119,-12.993,-2.8805,13.574,1.5881,0,0,0,NaN,NaN,NaN,NaN,NaN,NaN,NaN,NaN,NaN,46.562,0,2948.1,0.0064211,0.94334,4.8364,0.72175,0.049945,NaN,-1,-1,-2.3896,0.88594,-14.131,-2.7476,11.66,1.6883,NaN,NaN,NaN,NaN,NaN
632.76,-14.732,-37.338,-27.172,-1.9355,1.2,-11.263,-3.2335,14.397,2.1963,0,0,0,NaN,NaN,NaN,NaN,NaN,NaN,NaN,NaN,NaN,46.562,0,2948.1,0.0064211,NaN,NaN,NaN,NaN,NaN,-1,-1,-2.3876,0.88749,-14.094,-2.8103,11.838,1.6478,NaN,NaN,NaN,NaN,NaN
632.76,-14.737,-37.322,-27.172,-2.4846,0.40815,-15.544,-2.1434,5.9405,1.5755,0.97489,-0.11993,-0.657,NaN,NaN,NaN,NaN,NaN,NaN,NaN,NaN,NaN,46.562,0,2948.1,0.0064211,NaN,NaN,NaN,NaN,21.099,96429,9.8125,-2.4016,0.90651,-14.04,-2.8814,12.065,1.6082,NaN,NaN,NaN,NaN,NaN
632.77,-14.743,-37.286,-27.176,-2.8517,1.4428,-15.782,-3.8451,14.277,1.8789,0,0,0,NaN,NaN,NaN,NaN,NaN,NaN,NaN,NaN,NaN,46.562,0,2948.1,0.0064211,NaN,NaN,NaN,NaN,NaN,-1,-1,-2.4135,0.90309,-14.022,-2.9583,12.167,1.5842,NaN,NaN,NaN,NaN,NaN
632.77,-14.744,-37.248,-27.183,-2.0705,1.3603,-15.085,-2.2914,14.915,1.3016,0,0,0,NaN,NaN,NaN,NaN,NaN,NaN,NaN,NaN,NaN,46.562,0,2948.1,0.0064211,0.94224,4.9575,0.65481,NaN,NaN,-1,-1,-2.405,0.92426,-13.968,-3.0009,12.342,1.5576,NaN,NaN,NaN,NaN,NaN
632.77,-14.747,-37.218,-27.187,-2.3116,0.62539,-10.874,-2.8495,11.955,1.4554,0,0,0,NaN,NaN,NaN,NaN,NaN,NaN,NaN,NaN,NaN,46.562,0,2948.1,0.0064211,NaN,NaN,NaN,0.074917,21.062,96464,9.9375,-2.4048,0.91518,-13.918,-3.029,12.349,1.5105,NaN,NaN,NaN,NaN,NaN
632.77,-14.751,-37.189,-27.192,-3.5676,0.2863,-14.856,-2.604,11.295,1.3516,0.97051,-0.11278,-0.65961,NaN,NaN,NaN,NaN,NaN,NaN,NaN,NaN,NaN,46.562,0,2948.1,0.0064211,NaN,NaN,NaN,NaN,NaN,-1,-1,-2.4022,0.93013,-13.858,-3.0596,12.636,1.4796,NaN,NaN,NaN,NaN,NaN
632.78,-14.754,-37.156,-27.196,-1.92,3.0058,-14.357,-2.9182,13.236,1.753,0,0,0,NaN,NaN,NaN,NaN,NaN,NaN,NaN,NaN,NaN,46.562,0,2948.1,0.0064211,NaN,NaN,NaN,NaN,20.927,96486,10,-2.397,0.93452,-13.868,-3.0184,12.815,1.4383,NaN,NaN,NaN,NaN,NaN
632.78,-14.758,-37.123,-27.201,-3.004,-0.39436,-13,-2.9745,13.028,1.3711,0,0,0,NaN,NaN,NaN,NaN,NaN,NaN,NaN,NaN,NaN,46.562,0,2948.1,0.0064211,NaN,NaN,NaN,NaN,NaN,-1,-1,-2.3987,0.92694,-13.815,-3.1274,13.533,1.4032,NaN,NaN,NaN,NaN,NaN
632.78,-14.763,-37.091,-27.206,-2.2988,1.4178,-14.113,-3.7622,12.71,1.4333,0,0,0,NaN,NaN,NaN,NaN,NaN,NaN,NaN,NaN,NaN,46.562,0,2948.1,0.0064211,NaN,NaN,NaN,NaN,NaN,-1,-1,-2.4094,0.92192,-13.761,-3.1321,13.593,1.3575,NaN,NaN,NaN,NaN,NaN
632.78,-14.769,-37.064,-27.211,-2.0942,1.2026,-16.807,-3.3754,10.707,1.0274,0.9732,-0.11065,-0.66382,NaN,NaN,NaN,NaN,NaN,NaN,NaN,NaN,NaN,46.562,0,2948.1,0.0064211,0.94608,4.8847,0.64446,0.09656,21.022,96473,9.9375,-2.4227,0.94435,-13.739,-3.0952,13.642,1.296,NaN,NaN,NaN,NaN,NaN
632.79,-14.769,-37.02,-27.22,-3.7915,0.14288,-12.568,-2.8267,17.664,1.1861,0,0,0,NaN,NaN,NaN,NaN,NaN,NaN,NaN,NaN,NaN,46.562,0,2948.1,0.0064211,NaN,NaN,NaN,NaN,NaN,-1,-1,-2.433,0.94232,-13.684,-3.0767,13.9,1.2604,NaN,NaN,NaN,NaN,NaN
632.79,-14.774,-36.979,-27.228,-1.4506,0.077128,-9.8051,-4.1223,16.121,1.5141,0,0,0,NaN,NaN,NaN,NaN,NaN,NaN,NaN,NaN,NaN,46.562,0,2948.1,0.0064211,NaN,NaN,NaN,NaN,NaN,-1,-1,-2.4315,0.94574,-13.634,-3.1244,13.792,1.2197,NaN,NaN,NaN,NaN,NaN
632.79,-14.778,-36.961,-27.229,-2.9197,2.4174,-15.147,-2.3469,6.7645,1.0054,0,0,0,NaN,NaN,NaN,NaN,NaN,NaN,NaN,NaN,NaN,46.562,0,2948.1,0.0064211,NaN,NaN,NaN,NaN,21.019,96451,9.8125,-2.4436,0.94965,-13.58,-3.2401,14.389,1.1707,NaN,NaN,NaN,NaN,NaN
632.79,-14.78,-36.923,-27.238,-3.7655,0.40441,-17.911,-2.8211,15.258,1.0377,0.96396,-0.11316,-0.66911,NaN,NaN,NaN,NaN,NaN,NaN,NaN,NaN,NaN,46.562,0,2948.1,0.0064211,NaN,NaN,NaN,NaN,NaN,-1,-1,-2.4479,0.95381,-13.61,-3.2103,14.383,1.1417,NaN,NaN,NaN,NaN,NaN
632.8,-14.78,-36.877,-27.248,-1.1013,1.658,-12.737,-2.8914,18.483,1.0576,0,0,0,NaN,NaN,NaN,NaN,NaN,NaN,NaN,NaN,NaN,46.562,0,2948.1,0.0064211,NaN,NaN,NaN,NaN,21.099,96448,9.875,-2.4551,0.95314,-13.519,-3.1558,14.241,1.0974,NaN,NaN,NaN,NaN,NaN
632.8,-14.783,-36.85,-27.252,-2.186,1.4482,-10.706,-2.5837,10.966,1.3102,0,0,0,NaN,NaN,NaN,NaN,NaN,NaN,NaN,NaN,NaN,46.562,0,2948.1,0.0064211,1.0025,4.7851,0.70654,0.010821,NaN,-1,-1,-2.4635,0.97373,-13.444,-3.1565,13.99,1.0566,NaN,NaN,NaN,NaN,NaN
632.8,-14.783,-36.813,-27.26,-4.7425,0.436,-17.991,-2.4618,14.665,0.87164,0,0,0,NaN,NaN,NaN,NaN,NaN,NaN,NaN,NaN,NaN,46.562,0,2948.1,0.0064211,NaN,NaN,NaN,NaN,NaN,-1,-1,-2.4638,0.9797,-13.451,-3.0996,14.314,1.0086,NaN,NaN,NaN,NaN,NaN
632.8,-14.787,-36.765,-27.271,-1.1938,0.66745,-9.7207,-4.1409,19.535,1.2842,0.96632,-0.11319,-0.6689,NaN,NaN,NaN,NaN,NaN,NaN,NaN,NaN,NaN,46.562,0,2948.1,0.0064211,NaN,NaN,NaN,NaN,20.963,96440,9.8125,-2.4738,1.004,-13.41,-3.0191,14.38,0.97264,NaN,NaN,NaN,NaN,NaN
632.81,-14.793,-36.743,-27.273,-2.0474,1.305,-13.273,-3.3587,8.1956,1.1015,0,0,0,NaN,NaN,NaN,NaN,NaN,NaN,NaN,NaN,NaN,46.562,0,2948.1,0.0064211,NaN,NaN,NaN,NaN,NaN,-1,-1,-2.4816,0.96784,-13.339,-3.0146,14.057,0.95702,NaN,NaN,NaN,NaN,NaN
632.81,-14.799,-36.659,-27.294,-1.662,0.74835,-14.496,-3.5057,18.257,0.5552,0,0,0,NaN,NaN,NaN,NaN,NaN,NaN,NaN,NaN,NaN,46.562,0,2948.1,0.0064211,0.94334,4.8949,0.64994,0.088236,NaN,-1,-1,-2.5,0.99902,-13.335,-3.0008,14.069,0.91868,NaN,NaN,NaN,NaN,NaN
632.81,-14.803,-36.618,-27.304,-2.5201,0.072517,-11.999,-4.1412,16.524,0.90098,0.97136,-0.1111,-0.67289,-7.0261,15.739,-13.708,22.023,40.06,-88.547,3.6804e+05,4.4356e+06,374.87,46.562,0,2948.1,0.0064211,NaN,NaN,NaN,NaN,21.002,96498,10,-2.4967,0.9995,-13.269,-2.9641,14.252,0.85506,21.989,0.75567,0.96268,2.5069,1.9664
632.81,-14.805,-36.584,-27.31,-3.0951,1.7575,-11.844,-2.8628,13.679,1.1309,0,0,0,NaN,NaN,NaN,NaN,NaN,NaN,NaN,NaN,NaN,46.562,0,2948.1,0.0064211,NaN,NaN,NaN,NaN,21.114,96432,9.75,-2.4971,1.0154,-13.205,-3.0218,14.313,0.79375,NaN,NaN,NaN,NaN,NaN
632.82,-14.806,-36.544,-27.32,-2.8609,0.90771,-14.849,-2.9061,16.261,0.66669,0,0,0,NaN,NaN,NaN,NaN,NaN,NaN,NaN,NaN,NaN,46.562,0,2948.1,0.0064211,NaN,NaN,NaN,NaN,NaN,-1,-1,-2.5071,1.015,-13.227,-3.0369,14.164,0.73571,NaN,NaN,NaN,NaN,NaN
632.82,-14.809,-36.512,-27.326,-2.0636,1.9704,-14.204,-3.0792,12.524,0.96194,0,0,0,NaN,NaN,NaN,NaN,NaN,NaN,NaN,NaN,NaN,46.562,0,2948.1,0.0064211,NaN,NaN,NaN,NaN,NaN,-1,-1,-2.5169,1.0037,-12.884,-3.0503,14.467,0.70504,NaN,NaN,NaN,NaN,NaN
632.82,-14.807,-36.466,-27.34,-2.8524,1.2071,-16.647,-2.7696,18.992,0.39494,0.97358,-0.11593,-0.6727,NaN,NaN,NaN,NaN,NaN,NaN,NaN,NaN,NaN,46.562,0,2948.1,0.0064211,NaN,NaN,NaN,NaN,NaN,-1,-1,-2.5221,1.0077,-12.838,-3.0199,14.409,0.66439,NaN,NaN,NaN,NaN,NaN
632.82,-14.807,-36.425,-27.35,-2.675,0.66101,-10.703,-2.7904,16.412,0.41322,0,0,0,NaN,NaN,NaN,NaN,NaN,NaN,NaN,NaN,NaN,46.562,0,3076.6,0.0069644,0.93677,4.8794,0.63838,0.085738,20.871,96477,10,-2.523,1.0325,-12.856,-3.0621,14.36,0.62634,NaN,NaN,NaN,NaN,NaN
632.83,-14.808,-36.341,-27.37,-3.2237,3.0416,-11.91,-2.5192,17.893,0.74301,0,0,0,NaN,NaN,NaN,NaN,NaN,NaN,NaN,NaN,NaN,46.562,0,3076.6,0.0069644,NaN,NaN,NaN,NaN,NaN,-1,-1,-2.5356,1.0312,-12.862,-3.0315,14.5,0.58337,NaN,NaN,NaN,NaN,NaN
632.83,-14.809,-36.303,-27.382,-1.7933,-0.77613,-14.56,-3.2164,15.605,0.22976,0.97622,-0.10636,-0.67246,NaN,NaN,NaN,NaN,NaN,NaN,NaN,NaN,NaN,46.562,0,3076.6,0.0069644,NaN,NaN,NaN,NaN,NaN,-1,-1,-2.5422,1.0472,-12.545,-2.9862,14.834,0.53993,NaN,NaN,NaN,NaN,NaN
632.83,-14.814,-36.265,-27.391,-3.1678,2.0817,-14.156,-4.6333,15.179,0.57261,0,0,0,NaN,NaN,NaN,NaN,NaN,NaN,NaN,NaN,NaN,46.562,0,3076.6,0.0069644,NaN,NaN,NaN,NaN,21.212,96458,9.875,-2.5504,1.0141,-12.555,-2.9508,14.934,0.51965,NaN,NaN,NaN,NaN,NaN
632.83,0,0,0,0,0,0,0,0,0,0,0,0,NaN,NaN,NaN,NaN,NaN,NaN,NaN,NaN,NaN,46.562,0,3076.6,0.0069644,0.93841,9.137,0.65846,NaN,NaN,-1,-1,-2.5531,1.04,-12.526,-2.9217,14.822,0.50016,NaN,NaN,NaN,NaN,NaN
632.84,-14.814,-36.222,-27.402,-2.4415,1.5492,-16.856,-2.766,17.593,0.5945,0,0,0,NaN,NaN,NaN,NaN,NaN,NaN,NaN,NaN,NaN,46.562,0,3076.6,0.0069644,0.93841,9.137,0.65846,NaN,21.269,96442,9.8125,-2.549,1.0417,-12.515,-2.9144,15.017,0.47285,NaN,NaN,NaN,NaN,NaN
632.84,-14.816,-36.131,-27.425,-1.677,-0.32583,-7.7722,-3.7155,15.513,1.054,0.97607,-0.11609,-0.6747,NaN,NaN,NaN,NaN,NaN,NaN,NaN,NaN,NaN,46.562,0,3076.6,0.0069644,NaN,NaN,NaN,0.080744,NaN,-1,-1,-2.5557,1.0599,-12.507,-2.9121,15.35,0.44192,NaN,NaN,NaN,NaN,NaN
632.84,-14.819,-36.099,-27.433,-3.0521,3.3349,-19.998,-3.5801,12.796,0.20902,0,0,0,NaN,NaN,NaN,NaN,NaN,NaN,NaN,NaN,NaN,46.562,0,3076.6,0.0069644,NaN,NaN,NaN,NaN,NaN,-1,-1,-2.5588,1.059,-12.562,-2.927,15.45,0.39766,NaN,NaN,NaN,NaN,NaN
632.84,-14.816,-36.048,-27.447,-3.9505,0.2436,-13.856,-2.4925,20.682,0.40869,0,0,0,NaN,NaN,NaN,NaN,NaN,NaN,NaN,NaN,NaN,46.562,0,3076.6,0.0069644,NaN,NaN,NaN,NaN,20.96,96476,9.875,-2.568,1.0746,-12.571,-2.8854,15.589,0.35313,NaN,NaN,NaN,NaN,NaN
632.85,0,0,0,0,0,0,0,0,0,0,0,0,NaN,NaN,NaN,NaN,NaN,NaN,NaN,NaN,NaN,46.562,0,3076.6,0.0069644,NaN,NaN,NaN,NaN,NaN,-1,-1,-2.5698,1.0851,-12.58,-2.9446,16.014,0.33983,NaN,NaN,NaN,NaN,NaN
632.85,-14.817,-36.001,-27.46,-0.81888,1.9068,-14.528,-3.5526,19.38,0.42937,0,0,0,NaN,NaN,NaN,NaN,NaN,NaN,NaN,NaN,NaN,46.562,0,3076.6,0.0069644,0.93786,9.1305,0.63838,0.09656,NaN,-1,-1,-2.5875,1.0864,-12.553,-2.9172,16.061,0.30949,NaN,NaN,NaN,NaN,NaN
632.85,-14.818,-35.963,-27.471,-2.9139,0.37063,-11.339,-3.361,15.179,0.342,0.96448,-0.11364,-0.67797,NaN,NaN,NaN,NaN,NaN,NaN,NaN,NaN,NaN,46.562,0,3076.6,0.0069644,NaN,NaN,NaN,NaN,21.038,96469,9.875,-2.5724,1.0807,-12.516,-2.9105,16.245,0.26033,NaN,NaN,NaN,NaN,NaN
632.85,-14.811,-35.858,-27.501,-2.29,0.22419,-11.437,-2.799,25.182,0.32693,0,0,0,NaN,NaN,NaN,NaN,NaN,NaN,NaN,NaN,NaN,46.562,0,3076.6,0.0069644,NaN,NaN,NaN,NaN,NaN,-1,-1,-2.5931,1.1107,-12.7,-2.8563,16.864,0.22551,NaN,NaN,NaN,NaN,NaN
632.86,-14.814,-35.829,-27.509,-1.3463,-0.55118,-9.7883,-3.2117,11.806,0.2348,0,0,0,NaN,NaN,NaN,NaN,NaN,NaN,NaN,NaN,NaN,46.562,0,3076.6,0.0069644,NaN,NaN,NaN,NaN,21.095,96475,9.875,-2.6275,1.1153,-12.781,-2.7924,16.945,0.21756,NaN,NaN,NaN,NaN,NaN
632.86,-14.816,-35.788,-27.524,-3.9133,3.4708,-21.359,-4.684,14.762,0.15699,0.97196,-0.10918,-0.68174,NaN,NaN,NaN,NaN,NaN,NaN,NaN,NaN,NaN,46.562,0,3076.6,0.0069644,NaN,NaN,NaN,NaN,NaN,-1,-1,-2.6114,1.1393,-12.738,-2.7263,17.108,0.19885,NaN,NaN,NaN,NaN,NaN
632.86,-14.809,-35.723,-27.545,-2.7409,0.73761,-13.321,-2.3972,26.629,-0.27903,0,0,0,NaN,NaN,NaN,NaN,NaN,NaN,NaN,NaN,NaN,46.562,0,3076.6,0.0069644,0.94005,10.66,0.63533,0.09656,NaN,-1,-1,-2.6252,1.1293,-12.737,-2.7394,17.711,0.1736,NaN,NaN,NaN,NaN,NaN
632.86,-14.807,-35.671,-27.561,-1.713,-1.158,-9.6715,-3.2769,21.354,-0.22002,0,0,0,NaN,NaN,NaN,NaN,NaN,NaN,NaN,NaN,NaN,46.562,0,3076.6,0.0069644,0.94005,10.66,0.63533,0.09656,21.267,96472,9.875,-2.6367,1.1194,-12.761,-2.7006,17.692,0.14306,NaN,NaN,NaN,NaN,NaN
632.87,-14.811,-35.638,-27.569,-2.834,1.877,-10.801,-3.6895,13.436,0.58969,0,0,0,NaN,NaN,NaN,NaN,NaN,NaN,NaN,NaN,NaN,46.562,0,3076.6,0.0069644,NaN,NaN,NaN,NaN,NaN,-1,-1,-2.6531,1.1493,-12.934,-2.6684,18.096,0.097584,NaN,NaN,NaN,NaN,NaN
632.87,-14.807,-35.594,-27.582,-3.6417,2.5211,-20.442,-1.9452,17.927,0.023033,0.95558,-0.10907,-0.68544,NaN,NaN,NaN,NaN,NaN,NaN,NaN,NaN,NaN,46.562,0,3076.6,0.0069644,NaN,NaN,NaN,NaN,NaN,-1,-1,-2.6538,1.1577,-12.956,-2.6798,18.666,0.082225,NaN,NaN,NaN,NaN,NaN
632.87,-14.8,-35.526,-27.602,-2.1387,0.45925,-11.364,-2.1724,27.734,0.33306,0,0,0,NaN,NaN,NaN,NaN,NaN,NaN,NaN,NaN,NaN,46.562,0,3076.6,0.0069644,NaN,NaN,NaN,NaN,21.213,96479,9.9375,-2.6781,1.1649,-13.032,-2.6554,19.367,0.07377,NaN,NaN,NaN,NaN,NaN
632.87,-14.799,-35.485,-27.613,-1.8156,0.85414,-13.875,-2.4517,16.479,0.24861,0,0,0,NaN,NaN,NaN,NaN,NaN,NaN,NaN,NaN,NaN,46.562,0,3076.6,0.0069644,NaN,NaN,NaN,NaN,NaN,-1,-1,-2.6721,1.1761,-13.018,-2.6534,19.777,0.045861,NaN,NaN,NaN,NaN,NaN
632.88,-14.797,-35.441,-27.626,-3.6918,1.6627,-14.461,-2.5034,18.283,0.035237,0,0,0,NaN,NaN,NaN,NaN,NaN,NaN,NaN,NaN,NaN,46.562,0,3076.6,0.0069644,0.94553,12.074,0.71627,0.037458,21.191,96474,9.875,-2.6808,1.1331,-13.054,-2.5825,20.518,0.028845,NaN,NaN,NaN,NaN,NaN
632.88,-14.79,-35.375,-27.646,-2.6284,1.1991,-14.845,-1.8736,26.79,0.36251,0.95787,-0.11151,-0.68524,NaN,NaN,NaN,NaN,NaN,NaN,NaN,NaN,NaN,46.562,0,3076.6,0.0069644,NaN,NaN,NaN,NaN,NaN,-1,-1,-2.6694,1.1759,-13.064,-2.4959,21.297,-0.0020396,NaN,NaN,NaN,NaN,NaN
632.88,-14.785,-35.317,-27.663,-1.807,0.57437,-9.2142,-2.349,23.768,0.016501,0,0,0,NaN,NaN,NaN,NaN,NaN,NaN,NaN,NaN,NaN,46.562,0,3076.6,0.0069644,NaN,NaN,NaN,NaN,NaN,-1,-1,-2.6983,1.1634,-13.131,-2.4718,21.724,0.0032067,NaN,NaN,NaN,NaN,NaN
632.88,-14.786,-35.279,-27.674,-3.5762,1.1581,-13.191,-3.2462,15.363,0.21864,0,0,0,NaN,NaN,NaN,NaN,NaN,NaN,NaN,NaN,NaN,46.562,0,3076.6,0.0069644,NaN,NaN,NaN,NaN,21.21,96492,9.9375,-2.6857,1.1703,-13.138,-2.4047,22.651,-0.018131,NaN,NaN,NaN,NaN,NaN
632.89,-14.782,-35.228,-27.691,-2.5103,2.5326,-20.348,-2.6624,21.354,-0.59232,0,0,0,NaN,NaN,NaN,NaN,NaN,NaN,NaN,NaN,NaN,46.562,0,3076.6,0.0069644,NaN,NaN,NaN,NaN,NaN,-1,-1,-2.6896,1.1733,-13.169,-2.3672,23.435,-0.059401,NaN,NaN,NaN,NaN,NaN
632.89,-14.774,-35.152,-27.716,-2.0796,-0.18958,-11.503,-2.7001,31.035,-0.22712,0.95354,-0.1118,-0.6923,NaN,NaN,NaN,NaN,NaN,NaN,NaN,NaN,NaN,46.562,0,3076.6,0.0069644,NaN,NaN,NaN,NaN,NaN,-1,-1,-2.7015,1.1829,-13.215,-2.3986,24.096,-0.080946,NaN,NaN,NaN,NaN,NaN
632.89,-14.767,-35.096,-27.734,-3.2222,0.28483,-10.141,-1.9791,23.296,-0.33919,0,0,0,NaN,NaN,NaN,NaN,NaN,NaN,NaN,NaN,NaN,46.562,0,3076.6,0.0069644,NaN,NaN,NaN,NaN,21.271,96513,10.063,-2.6933,1.175,-13.222,-2.2358,24.373,-0.11191,NaN,NaN,NaN,NaN,NaN
632.89,-14.765,-35.049,-27.748,-1.7669,2.256,-13.187,-2.5863,19.054,-0.14078,0,0,0,NaN,NaN,NaN,NaN,NaN,NaN,NaN,NaN,NaN,46.562,0,3076.6,0.0069644,NaN,NaN,NaN,NaN,NaN,-1,-1,-2.6971,1.1757,-13.256,-2.1993,25.077,-0.1278,NaN,NaN,NaN,NaN,NaN
632.9,-14.758,-34.991,-27.766,-3.7745,0.61056,-17.347,-1.6741,23.924,-0.119,0,0,0,NaN,NaN,NaN,NaN,NaN,NaN,NaN,NaN,NaN,46.562,0,3076.6,0.0069644,NaN,NaN,NaN,NaN,21.249,96508,10,-2.7043,1.1795,-13.367,-2.1703,25.734,-0.13995,NaN,NaN,NaN,NaN,NaN
632.9,-14.751,-34.914,-27.789,-2.1002,2.4709,-13.755,-2.7321,31.414,0.08623,0.95388,-0.10472,-0.6945,NaN,NaN,NaN,NaN,NaN,NaN,NaN,NaN,NaN,46.562,0,3076.6,0.0069644,NaN,NaN,NaN,NaN,NaN,-1,-1,-2.7035,1.1692,-13.343,-2.1286,26.401,-0.1742,NaN,NaN,NaN,NaN,NaN
632.9,-14.741,-34.857,-27.808,-2.6067,1.3424,-11.486,-0.9377,23.456,-0.45166,0,0,0,NaN,NaN,NaN,NaN,NaN,NaN,NaN,NaN,NaN,46.562,0,3076.6,0.0069644,0.99699,13.922,0.71566,0.0033296,NaN,-1,-1,-2.6888,1.1602,-13.384,-2.0476,27.426,-0.21104,NaN,NaN,NaN,NaN,NaN
632.9,-14.733,-34.795,-27.828,-3.4833,-0.50402,-14.617,-1.5091,25.59,-0.44416,0,0,0,NaN,NaN,NaN,NaN,NaN,NaN,NaN,NaN,NaN,46.562,0,3076.6,0.0069644,NaN,NaN,NaN,NaN,21.324,96471,9.875,-2.706,1.1658,-13.479,-1.8548,27.669,-0.23918,NaN,NaN,NaN,NaN,NaN
632.91,-14.722,-34.72,-27.85,-2.2576,2.4217,-14.973,-1.002,30.705,0.18965,0,0,0,NaN,NaN,NaN,NaN,NaN,NaN,NaN,NaN,NaN,46.562,0,3076.6,0.0069644,NaN,NaN,NaN,NaN,NaN,-1,-1,-2.698,1.162,-13.514,-1.7973,28.366,-0.24746,NaN,NaN,NaN,NaN,NaN
632.91,-14.707,-34.593,-27.89,-3.2112,0.41826,-15.59,-2.2891,22.434,-0.13,0,0,0,NaN,NaN,NaN,NaN,NaN,NaN,NaN,NaN,NaN,46.562,0,3076.6,0.0069644,NaN,NaN,NaN,NaN,NaN,-1,-1,-2.6982,1.1495,-13.598,-1.7805,29.096,-0.26787,NaN,NaN,NaN,NaN,NaN
632.91,-14.697,-34.515,-27.916,-2.4279,1.8151,-18.06,-2.1766,32.187,-0.64074,0,0,0,NaN,NaN,NaN,NaN,NaN,NaN,NaN,NaN,NaN,46.562,0,3076.6,0.0069644,NaN,NaN,NaN,NaN,21.679,96490,9.875,-2.6892,1.1395,-13.645,-1.7123,30.321,-0.30236,NaN,NaN,NaN,NaN,NaN
632.91,-14.684,-34.429,-27.945,-3.1298,0.95513,-11.014,-1.9515,35.354,-0.79492,0,0,0,NaN,NaN,NaN,NaN,NaN,NaN,NaN,NaN,NaN,46.562,0,3076.6,0.0069644,NaN,NaN,NaN,NaN,NaN,-1,-1,-2.6788,1.1724,-13.712,-1.6547,30.981,-0.33694,NaN,NaN,NaN,NaN,NaN
632.92,-14.674,-34.357,-27.967,-1.4155,0.68443,-10.762,-1.1574,29.544,-0.1563,0.94745,-0.11015,-0.70844,NaN,NaN,NaN,NaN,NaN,NaN,NaN,NaN,NaN,46.562,0,3076.6,0.0069644,0.93677,15.854,0.64325,0.094895,21.437,96500,9.9375,-2.6731,1.1518,-13.774,-1.6345,31.642,-0.35561,NaN,NaN,NaN,NaN,NaN
632.92,-14.655,-34.2,-28.015,-3.8858,2.0007,-16.697,-1.9444,38.73,-0.025554,0,0,0,NaN,NaN,NaN,NaN,NaN,NaN,NaN,NaN,NaN,46.562,0,3076.6,0.0069644,NaN,NaN,NaN,NaN,NaN,-1,-1,-2.6671,1.1425,-13.858,-1.599,32.854,-0.37582,NaN,NaN,NaN,NaN,NaN
632.92,-14.655,-34.2,-28.015,-3.8858,2.0007,-16.697,-1.9444,38.73,-0.025554,0,0,0,NaN,NaN,NaN,NaN,NaN,NaN,NaN,NaN,NaN,46.562,0,3076.6,0.0069644,NaN,NaN,NaN,NaN,NaN,-1,-1,-2.6664,1.1398,-13.948,-1.6061,33.932,-0.41741,NaN,NaN,NaN,NaN,NaN
632.92,-14.642,-34.115,-28.042,-1.1486,1.8481,-11.011,-1.3719,34.851,-0.55342,0,0,0,NaN,NaN,NaN,NaN,NaN,NaN,NaN,NaN,NaN,46.562,0,3076.6,0.0069644,NaN,NaN,NaN,NaN,21.374,96469,9.75,-2.6551,1.1352,-14.038,-1.6215,34.664,-0.42755,NaN,NaN,NaN,NaN,NaN
632.93,-14.631,-34.045,-28.066,-2.8582,-0.25351,-14.983,-1.1109,29.226,-0.47596,0.93991,-0.11702,-0.70466,NaN,NaN,NaN,NaN,NaN,NaN,NaN,NaN,NaN,46.562,0,3076.6,0.0069644,NaN,NaN,NaN,NaN,NaN,-1,-1,-2.6316,1.1442,-14.131,-1.5335,35.561,-0.47059,NaN,NaN,NaN,NaN,NaN
632.93,-14.597,-33.845,-28.128,-2.0103,1.6426,-8.5755,-0.19039,42.218,-0.28636,0,0,0,NaN,NaN,NaN,NaN,NaN,NaN,NaN,NaN,NaN,46.562,0,3076.6,0.0069644,0.93732,16.31,0.70836,0.059934,NaN,-1,-1,-2.622,1.1422,-14.219,-1.4524,36.958,-0.4846,NaN,NaN,NaN,NaN,NaN
632.93,-14.59,-33.772,-28.151,-1.642,-0.88456,-13.647,-2.3079,30.018,-0.22471,0,0,0,NaN,NaN,NaN,NaN,NaN,NaN,NaN,NaN,NaN,46.562,0,3076.6,0.0069644,NaN,NaN,NaN,NaN,21.322,96487,9.875,-2.6166,1.1367,-14.349,-1.4,37.805,-0.46613,NaN,NaN,NaN,NaN,NaN
632.93,-14.58,-33.684,-28.179,-3.8122,3.7646,-18.937,-2.6106,36.306,-0.30682,0.94538,-0.1005,-0.70862,NaN,NaN,NaN,NaN,NaN,NaN,NaN,NaN,NaN,46.562,0,3203.8,0.0064211,NaN,NaN,NaN,NaN,21.494,96495,9.9375,-2.5941,1.1396,-14.448,-1.3598,38.737,-0.48179,NaN,NaN,NaN,NaN,NaN
632.94,-14.559,-33.57,-28.218,-2.5729,0.58528,-16.431,-0.70886,47.29,-1.4903,0,0,0,NaN,NaN,NaN,NaN,NaN,NaN,NaN,NaN,NaN,46.562,0,3203.8,0.0064211,NaN,NaN,NaN,NaN,NaN,-1,-1,-2.5842,1.1398,-14.589,-1.3196,40.023,-0.49535,NaN,NaN,NaN,NaN,NaN
632.94,-14.547,-33.481,-28.245,-1.9735,-0.70523,-10.092,-1.5307,36.557,-0.44851,0,0,0,NaN,NaN,NaN,NaN,NaN,NaN,NaN,NaN,NaN,46.562,0,3203.8,0.0064211,NaN,NaN,NaN,NaN,NaN,-1,-1,-2.5493,1.1368,-14.721,-1.2561,41.205,-0.51857,NaN,NaN,NaN,NaN,NaN
632.94,-14.533,-33.384,-28.276,-2.5776,2.2209,-15.577,-1.2779,40.165,-0.32819,0,0,0,NaN,NaN,NaN,NaN,NaN,NaN,NaN,NaN,NaN,46.562,0,3203.8,0.0064211,0.92637,17.486,0.63838,0.092398,NaN,-1,-1,-2.5289,1.1358,-14.843,-1.2305,42.039,-0.52673,NaN,NaN,NaN,NaN,NaN
632.94,-14.515,-33.273,-28.311,-3.5024,1.5189,-16.902,-0.73402,45.469,-0.5615,0.92904,-0.11277,-0.719,NaN,NaN,NaN,NaN,NaN,NaN,NaN,NaN,NaN,46.562,0,3203.8,0.0064211,NaN,NaN,NaN,NaN,21.3,96524,9.9375,-2.5127,1.117,-14.979,-1.2448,43.129,-0.54652,NaN,NaN,NaN,NaN,NaN
632.95,-14.485,-33.065,-28.376,-2.7695,1.6804,-16.946,-1.7291,42.013,-0.92028,0,0,0,NaN,NaN,NaN,NaN,NaN,NaN,NaN,NaN,NaN,46.562,0,3203.8,0.0064211,NaN,NaN,NaN,NaN,NaN,-1,-1,-2.4734,1.1206,-15.137,-1.2742,44.488,-0.57022,NaN,NaN,NaN,NaN,NaN
632.95,-14.465,-32.951,-28.412,-2.966,0.37338,-15.894,-0.2768,47.132,-0.86477,0,0,0,NaN,NaN,NaN,NaN,NaN,NaN,NaN,NaN,NaN,46.562,0,3203.8,0.0064211,NaN,NaN,NaN,NaN,NaN,-1,-1,-2.4595,1.1095,-15.327,-1.2715,45.588,-0.58865,NaN,NaN,NaN,NaN,NaN
632.95,-14.447,-32.833,-28.45,-1.2658,1.1243,-14.462,-0.90413,48.961,-0.41986,0.92513,-0.10358,-0.72825,NaN,NaN,NaN,NaN,NaN,NaN,NaN,NaN,NaN,46.562,0,3203.8,0.0064211,NaN,NaN,NaN,NaN,21.437,96518,10,-2.4238,1.1192,-15.485,-1.2376,46.544,-0.61662,NaN,NaN,NaN,NaN,NaN
632.95,-14.429,-32.717,-28.485,-3.1224,1.8434,-13.581,-1.2765,47.58,-0.49509,0,0,0,NaN,NaN,NaN,NaN,NaN,NaN,NaN,NaN,NaN,46.562,0,3203.8,0.0064211,NaN,NaN,NaN,NaN,NaN,-1,-1,-2.3818,1.103,-15.655,-1.1741,47.59,-0.60761,NaN,NaN,NaN,NaN,NaN
632.96,-14.414,-32.604,-28.519,-2.6993,1.0418,-17.288,-1.4355,46.461,-0.14198,0,0,0,NaN,NaN,NaN,NaN,NaN,NaN,NaN,NaN,NaN,46.562,0,3203.8,0.0064211,0.93239,17.975,0.63655,0.10488,21.377,96493,9.875,-2.3567,1.0845,-15.826,-1.1772,48.876,-0.6093,NaN,NaN,NaN,NaN,NaN
632.96,-14.398,-32.485,-28.557,-1.45,1.8052,-16.838,-2.0563,49.235,-0.78358,0,0,0,NaN,NaN,NaN,NaN,NaN,NaN,NaN,NaN,NaN,46.562,0,3203.8,0.0064211,NaN,NaN,NaN,NaN,NaN,-1,-1,-2.3204,1.1033,-16.035,-1.1543,50.003,-0.62985,NaN,NaN,NaN,NaN,NaN
632.96,-14.378,-32.351,-28.6,-3.3331,-0.52872,-17.174,-1.4408,55.562,-1.0065,0.92078,-0.11373,-0.73978,NaN,NaN,NaN,NaN,NaN,NaN,NaN,NaN,NaN,46.562,0,3203.8,0.0064211,NaN,NaN,NaN,NaN,NaN,-1,-1,-2.2797,1.1014,-16.24,-1.0966,50.941,-0.66354,NaN,NaN,NaN,NaN,NaN
632.96,-14.356,-32.223,-28.64,-2.5985,1.0952,-13.093,-0.08136,52.622,-0.7335,0,0,0,NaN,NaN,NaN,NaN,NaN,NaN,NaN,NaN,NaN,46.562,0,3203.8,0.0064211,NaN,NaN,NaN,NaN,21.695,96479,9.8125,-2.2399,1.0745,-16.454,-1.0008,52.228,-0.66502,NaN,NaN,NaN,NaN,NaN
632.97,-14.338,-32.102,-28.676,-1.7285,2.0009,-16.473,-0.99975,49.68,-0.24609,0,0,0,NaN,NaN,NaN,NaN,NaN,NaN,NaN,NaN,NaN,46.562,0,3203.8,0.0064211,0.93951,17.973,0.65116,0.079079,NaN,-1,-1,-2.196,1.0804,-16.694,-1.0179,53.027,-0.65292,NaN,NaN,NaN,NaN,NaN
632.97,-14.319,-31.969,-28.715,-2.9285,0.96203,-18.178,-1.1641,54.636,-0.20117,0,0,0,NaN,NaN,NaN,NaN,NaN,NaN,NaN,NaN,NaN,46.562,0,3203.8,0.0064211,NaN,NaN,NaN,NaN,NaN,-1,-1,-2.1587,1.0596,-16.882,-0.99258,54.164,-0.66414,NaN,NaN,NaN,NaN,NaN
632.97,-14.301,-31.828,-28.759,-2.0304,1.715,-17.375,-1.9206,58.37,-0.68228,0.9187,-0.10901,-0.74219,NaN,NaN,NaN,NaN,NaN,NaN,NaN,NaN,NaN,46.562,0,3203.8,0.0064211,NaN,NaN,NaN,NaN,21.492,96531,10,-2.1194,1.0499,-17.109,-0.93355,55.453,-0.68774,NaN,NaN,NaN,NaN,NaN
632.97,-14.278,-31.693,-28.802,-2.2556,0.51752,-15.608,-0.33169,56.002,-1.1547,0,0,0,NaN,NaN,NaN,NaN,NaN,NaN,NaN,NaN,NaN,46.562,0,3203.8,0.0064211,NaN,NaN,NaN,NaN,NaN,-1,-1,-2.0559,1.0584,-17.382,-0.87527,56.546,-0.65749,NaN,NaN,NaN,NaN,NaN
632.98,-14.254,-31.554,-28.844,-1.7206,0.98551,-18.318,0.18776,57.226,-0.55967,0,0,0,NaN,NaN,NaN,NaN,NaN,NaN,NaN,NaN,NaN,46.562,0,3203.8,0.0064211,NaN,NaN,NaN,NaN,21.732,96503,9.875,-2.021,1.0389,-17.653,-0.84236,57.952,-0.62884,NaN,NaN,NaN,NaN,NaN
632.98,-14.23,-31.406,-28.889,-2.7016,1.5801,-18.336,0.0041826,60.917,-0.63358,0,0,0,NaN,NaN,NaN,NaN,NaN,NaN,NaN,NaN,NaN,46.562,0,3203.8,0.0064211,NaN,NaN,NaN,NaN,NaN,-1,-1,-1.9881,1.0476,-17.884,-0.83262,59.53,-0.60968,NaN,NaN,NaN,NaN,NaN
632.98,-14.21,-31.257,-28.933,-2.2684,1.1573,-13.904,-1.4159,61.308,-0.0695,0.90292,-0.10206,-0.75251,NaN,NaN,NaN,NaN,NaN,NaN,NaN,NaN,NaN,46.562,0,3203.8,0.0064211,0.93677,17.959,0.62803,0.11321,NaN,-1,-1,-1.9295,1.0331,-18.149,-0.80382,60.646,-0.60649,NaN,NaN,NaN,NaN,NaN
632.98,-14.192,-31.116,-28.975,-1.4796,2.237,-19.802,-1.5255,57.866,-0.48954,0,0,0,NaN,NaN,NaN,NaN,NaN,NaN,NaN,NaN,NaN,46.562,0,3203.8,0.0064211,NaN,NaN,NaN,NaN,21.69,96468,9.6875,-1.8985,1.0396,-18.439,-0.69081,61.66,-0.59627,NaN,NaN,NaN,NaN,NaN
632.99,-14.168,-30.96,-29.024,-2.6726,-1.3778,-19.965,-1.0587,64.593,-1.5358,0,0,0,NaN,NaN,NaN,NaN,NaN,NaN,NaN,NaN,NaN,46.562,0,3203.8,0.0064211,NaN,NaN,NaN,NaN,NaN,-1,-1,-1.8328,1.0369,-18.717,-0.58557,63.294,-0.55464,NaN,NaN,NaN,NaN,NaN
632.99,-14.145,-30.803,-29.071,-2.1697,0.98431,-17.096,-0.82861,64.68,-0.76914,0,0,0,NaN,NaN,NaN,NaN,NaN,NaN,NaN,NaN,NaN,46.562,0,3203.8,0.0064211,NaN,NaN,NaN,NaN,NaN,-1,-1,-1.7966,1.011,-19.038,-0.59793,64.305,-0.5163,NaN,NaN,NaN,NaN,NaN
632.99,-14.121,-30.648,-29.117,-1.8801,2.7735,-18.687,-0.13436,64.034,-0.39695,0.90076,-0.10467,-0.75716,NaN,NaN,NaN,NaN,NaN,NaN,NaN,NaN,NaN,46.562,0,3203.8,0.0064211,NaN,NaN,NaN,NaN,21.509,96518,9.9375,-1.7443,1.0047,-19.341,-0.59195,65.194,-0.48318,NaN,NaN,NaN,NaN,NaN
632.99,-14.1,-30.488,-29.164,-1.9782,0.17036,-18.635,-1.2915,65.947,-0.2878,0,0,0,NaN,NaN,NaN,NaN,NaN,NaN,NaN,NaN,NaN,46.562,0,3203.8,0.0064211,0.93129,17.964,0.64811,0.10072,NaN,-1,-1,-1.6797,1.004,-19.635,-0.48952,66.844,-0.50572,NaN,NaN,NaN,NaN,NaN
633,-14.078,-30.321,-29.212,-2.1559,1.6902,-20.293,-1.3356,68.547,-0.37953,0,0,0,NaN,NaN,NaN,NaN,NaN,NaN,NaN,NaN,NaN,46.562,0,3203.8,0.0064211,0.93129,17.964,0.64811,0.10072,21.58,96476,9.75,-1.6184,0.993,-19.92,-0.39781,68.065,-0.48353,NaN,NaN,NaN,NaN,NaN
633,-14.052,-30.159,-29.261,-1.5196,1.6642,-19.544,0.28115,66.834,-0.8069,0,0,0,NaN,NaN,NaN,NaN,NaN,NaN,NaN,NaN,NaN,46.562,0,3203.8,0.0064211,NaN,NaN,NaN,NaN,NaN,-1,-1,-1.5657,0.99595,-20.289,-0.32645,69.097,-0.42898,NaN,NaN,NaN,NaN,NaN
633,-14.024,-29.989,-29.31,-1.4778,-0.42212,-19.572,0.80134,69.87,-0.3306,0.88738,-0.11013,-0.77395,NaN,NaN,NaN,NaN,NaN,NaN,NaN,NaN,NaN,46.562,0,3203.8,0.0064211,NaN,NaN,NaN,NaN,NaN,-1,-1,-1.5071,0.98584,-20.593,-0.24593,70.332,-0.38518,NaN,NaN,NaN,NaN,NaN
633,-13.996,-29.815,-29.361,-1.74,1.5649,-19.837,0.76696,71.608,-0.54717,0,0,0,NaN,NaN,NaN,NaN,NaN,NaN,NaN,NaN,NaN,46.562,0,3203.8,0.0064211,NaN,NaN,NaN,NaN,21.634,96469,9.6875,-1.4458,0.98812,-20.904,-0.22268,71.39,-0.38326,NaN,NaN,NaN,NaN,NaN
633.01,-13.973,-29.641,-29.41,-2.5867,2.015,-19.581,-0.75653,71.78,0.04131,0,0,0,NaN,NaN,NaN,NaN,NaN,NaN,NaN,NaN,NaN,46.562,0,3203.8,0.0064211,0.93896,17.846,0.71445,0.054107,NaN,-1,-1,-1.3942,0.96325,-21.225,-0.097402,72.425,-0.38611,NaN,NaN,NaN,NaN,NaN
633.01,-13.924,-29.29,-29.512,-1.5345,-0.27983,-20.042,-0.87794,73.961,-0.95873,0.87383,-0.10801,-0.78407,NaN,NaN,NaN,NaN,NaN,NaN,NaN,NaN,NaN,46.562,0,3203.8,0.0064211,NaN,NaN,NaN,NaN,21.694,96531,9.9375,-1.3365,0.94579,-21.546,-0.02933,73.973,-0.33461,NaN,NaN,NaN,NaN,NaN
633.01,-13.898,-29.106,-29.564,-0.97326,-0.20842,-22.091,-0.039362,75.509,-0.36291,0,0,0,NaN,NaN,NaN,NaN,NaN,NaN,NaN,NaN,NaN,46.562,0,3203.8,0.0064211,NaN,NaN,NaN,NaN,NaN,-1,-1,-1.2682,0.94902,-21.869,-0.009835,75.282,-0.30656,NaN,NaN,NaN,NaN,NaN
633.01,-13.87,-28.929,-29.614,-2.3501,3.5949,-21.981,1.1641,72.93,-0.21721,0,0,0,NaN,NaN,NaN,NaN,NaN,NaN,NaN,NaN,NaN,46.562,0,3203.8,0.0064211,NaN,NaN,NaN,NaN,21.674,96540,9.9375,-1.2048,0.94847,-22.219,0.10338,79.057,-0.24631,NaN,NaN,NaN,NaN,NaN
633.02,-13.843,-28.732,-29.667,-2.1678,0.3679,-22.466,-0.15865,80.822,0.31753,0,0,0,NaN,NaN,NaN,NaN,NaN,NaN,NaN,NaN,NaN,46.562,0,3203.8,0.0064211,NaN,NaN,NaN,NaN,NaN,-1,-1,-1.1448,0.93027,-22.56,0.14792,79.473,-0.24328,NaN,NaN,NaN,NaN,NaN
633.02,-13.82,-28.546,-29.718,-0.077024,1.4621,-20.894,-0.73012,76.227,0.23887,0.86994,-0.11612,-0.80223,NaN,NaN,NaN,NaN,NaN,NaN,NaN,NaN,NaN,46.562,0,3203.8,0.0064211,0.94279,15.426,0.71323,0.054939,NaN,-1,-1,-1.0607,0.92629,-22.896,0.23215,80.302,-0.22561,NaN,NaN,NaN,NaN,NaN
633.02,-13.763,-28.163,-29.825,-1.0784,0.37602,-25.506,1.5066,82.685,-0.26769,0,0,0,NaN,NaN,NaN,NaN,NaN,NaN,NaN,NaN,NaN,46.562,0,3203.8,0.0064211,NaN,NaN,NaN,NaN,21.579,96504,9.8125,-0.99798,0.93446,-23.231,0.29654,80.687,-0.18339,NaN,NaN,NaN,NaN,NaN
633.02,-13.735,-27.961,-29.88,-0.048303,0.96529,-20.479,0.47137,82.761,0.021429,0,0,0,NaN,NaN,NaN,NaN,NaN,NaN,NaN,NaN,NaN,46.562,0,3203.8,0.0064211,NaN,NaN,NaN,NaN,NaN,-1,-1,-0.92597,0.9282,-23.623,0.40729,83.731,-0.1216,NaN,NaN,NaN,NaN,NaN
633.03,-13.687,-27.571,-29.984,0.074972,1.3493,-26.947,-0.38915,82.748,0.32659,0,0,0,NaN,NaN,NaN,NaN,NaN,NaN,NaN,NaN,NaN,46.562,0,3203.8,0.0064211,NaN,NaN,NaN,NaN,21.84,96524,9.875,-0.84358,0.92954,-23.983,0.43511,83.4,-0.073632,NaN,NaN,NaN,NaN,NaN
633.03,-13.659,-27.368,-30.04,-0.88413,0.41642,-23.496,0.44198,83.474,-0.5768,0,0,0,NaN,NaN,NaN,NaN,NaN,NaN,NaN,NaN,NaN,46.562,0,3203.8,0.0064211,0.94334,13.569,0.65359,0.075749,NaN,-1,-1,-0.77106,0.91241,-24.358,0.42107,83.538,-0.058368,NaN,NaN,NaN,NaN,NaN
633.03,-13.631,-27.163,-30.095,-1.1383,-2.0729,-24.157,0.51148,84.012,-0.31392,0,0,0,NaN,NaN,NaN,NaN,NaN,NaN,NaN,NaN,NaN,46.562,0,3203.8,0.0064211,0.94334,13.569,0.65359,0.075749,NaN,-1,-1,-0.68918,0.92579,-24.721,0.49617,83.099,-0.077151,NaN,NaN,NaN,NaN,NaN
633.03,-13.603,-26.969,-30.147,-0.506,4.2811,-26.894,1.2849,79.694,0.15178,0.84492,-0.11661,-0.82007,NaN,NaN,NaN,NaN,NaN,NaN,NaN,NaN,NaN,46.562,0,3203.8,0.0064211,NaN,NaN,NaN,NaN,21.972,96548,10,-0.62852,0.92371,-25.086,0.56389,83.121,-0.039532,NaN,NaN,NaN,NaN,NaN
633.04,-13.573,-26.749,-30.205,-1.949,1.0412,-26.556,1.5119,90.294,0.28934,0,0,0,NaN,NaN,NaN,NaN,NaN,NaN,NaN,NaN,NaN,46.562,0,3203.8,0.0064211,NaN,NaN,NaN,NaN,NaN,-1,-1,-0.55447,0.92074,-25.456,0.56657,83.138,-0.018744,NaN,NaN,NaN,NaN,NaN
633.04,-13.548,-26.535,-30.261,-0.00397,0.39794,-24.376,-0.66927,87.675,0.30453,0,0,0,NaN,NaN,NaN,NaN,NaN,NaN,NaN,NaN,NaN,46.562,0,3203.8,0.0064211,NaN,NaN,NaN,NaN,NaN,-1,-1,-0.46162,0.91007,-25.829,0.61046,83.089,0.02071,NaN,NaN,NaN,NaN,NaN
633.04,-13.522,-26.337,-30.314,-0.31206,1.6756,-25.277,0.57743,81.406,-0.34389,0,0,0,NaN,NaN,NaN,NaN,NaN,NaN,NaN,NaN,NaN,46.562,0,3203.8,0.0064211,NaN,NaN,NaN,NaN,21.82,96531,9.875,-0.38641,0.90509,-26.02,0.67375,82.997,0.067342,NaN,NaN,NaN,NaN,NaN
633.04,-13.492,-26.126,-30.37,-0.042899,-0.55044,-33.418,2.2479,86.583,-0.10159,0.8289,-0.10449,-0.82373,-8.3375,16.794,-13.058,22.848,40.061,-88.547,3.6804e+05,4.4356e+06,371.06,46.552,0,3322.3,0.0064211,0.94279,11.477,0.7114,0.04495,NaN,-1,-1,-0.30949,0.90183,-26.451,0.72442,82.768,0.10236,22.543,0.44778,3.6935,9.3046,1.1229
633.05,-13.46,-25.893,-30.431,-0.46478,2.0243,-24.047,1.4596,95.728,0.10084,0,0,0,NaN,NaN,NaN,NaN,NaN,NaN,NaN,NaN,NaN,46.552,0,3322.3,0.0064211,NaN,NaN,NaN,NaN,22.044,96557,10,-0.23122,0.90748,-26.795,0.76385,82.665,0.14205,NaN,NaN,NaN,NaN,NaN
633.05,-13.436,-25.687,-30.483,-1.0753,1.5288,-26.332,0.48633,84.249,0.64607,0,0,0,NaN,NaN,NaN,NaN,NaN,NaN,NaN,NaN,NaN,46.552,0,3322.3,0.0064211,NaN,NaN,NaN,NaN,NaN,-1,-1,-0.16201,0.90156,-27.198,0.78686,82.826,0.18209,NaN,NaN,NaN,NaN,NaN
633.05,-13.412,-25.48,-30.535,0.49597,1.3275,-30.451,-0.073281,85.027,0.41792,0,0,0,NaN,NaN,NaN,NaN,NaN,NaN,NaN,NaN,NaN,46.552,0,3322.3,0.0064211,NaN,NaN,NaN,NaN,NaN,-1,-1,-0.080822,0.88288,-27.41,0.82782,82.523,0.21342,NaN,NaN,NaN,NaN,NaN
633.05,-13.384,-25.254,-30.595,-0.49924,0.78781,-29.82,0.67191,92.711,-0.35254,0.83204,-0.10525,-0.8368,NaN,NaN,NaN,NaN,NaN,NaN,NaN,NaN,NaN,46.552,0,3322.3,0.0064211,NaN,NaN,NaN,NaN,21.895,96529,9.875,0.0099627,0.88548,-27.8,0.89119,82.323,0.23816,NaN,NaN,NaN,NaN,NaN
633.06,-13.356,-25.031,-30.654,0.36694,-1.9211,-27.269,1.0179,91.506,-0.27909,0,0,0,NaN,NaN,NaN,NaN,NaN,NaN,NaN,NaN,NaN,46.552,0,3322.3,0.0064211,NaN,NaN,NaN,NaN,NaN,-1,-1,0.077651,0.88819,-28.256,0.944,82.405,0.28188,NaN,NaN,NaN,NaN,NaN
633.06,-13.301,-24.603,-30.759,-1.5855,2.6755,-34.106,1.8732,92.704,0.63925,0,0,0,NaN,NaN,NaN,NaN,NaN,NaN,NaN,NaN,NaN,46.552,0,3322.3,0.0064211,0.93129,11.587,0.63716,0.09656,NaN,-1,-1,0.14346,0.89314,-28.672,1.002,82.297,0.32237,NaN,NaN,NaN,NaN,NaN
633.06,-13.275,-24.363,-30.818,1.2939,0.022902,-27.062,0.3636,98.286,0.95203,0.82091,-0.10076,-0.84671,NaN,NaN,NaN,NaN,NaN,NaN,NaN,NaN,NaN,46.552,0,3322.3,0.0064211,NaN,NaN,NaN,NaN,21.861,96571,10.063,0.20782,0.89842,-29.087,1.0997,82.069,0.35593,NaN,NaN,NaN,NaN,NaN
633.06,-13.249,-24.159,-30.87,0.26136,1.0033,-27.334,1.5803,83.843,-0.16266,0,0,0,NaN,NaN,NaN,NaN,NaN,NaN,NaN,NaN,NaN,46.552,0,3322.3,0.0064211,NaN,NaN,NaN,NaN,NaN,-1,-1,0.27035,0.91304,-29.5,1.2095,82.125,0.39811,NaN,NaN,NaN,NaN,NaN
633.07,-13.22,-23.946,-30.923,0.62806,0.34437,-38.104,2.9452,87.147,0.51566,0,0,0,NaN,NaN,NaN,NaN,NaN,NaN,NaN,NaN,NaN,46.552,0,3322.3,0.0064211,NaN,NaN,NaN,NaN,22.024,96529,9.875,0.33698,0.89399,-29.94,1.3623,82.105,0.42242,NaN,NaN,NaN,NaN,NaN
633.07,0,0,0,0,0,0,0,0,0,0,0,0,NaN,NaN,NaN,NaN,NaN,NaN,NaN,NaN,NaN,46.552,0,3322.3,0.0064211,NaN,NaN,NaN,NaN,NaN,-1,-1,0.41543,0.90298,-30.274,1.4667,81.93,0.49966,NaN,NaN,NaN,NaN,NaN
633.07,-13.161,-23.482,-31.035,0.21711,-0.37507,-28.798,1.1406,91.754,1.2011,0.79588,-0.10618,-0.86677,NaN,NaN,NaN,NaN,NaN,NaN,NaN,NaN,NaN,46.552,0,3322.3,0.0064211,0.93786,7.2695,0.64629,0.080744,NaN,-1,-1,0.47085,0.90453,-30.656,1.6166,81.81,0.56382,NaN,NaN,NaN,NaN,NaN
633.07,-13.14,-23.275,-31.084,1.0952,2.8777,-33.816,0.28138,84.43,0.63025,0,0,0,NaN,NaN,NaN,NaN,NaN,NaN,NaN,NaN,NaN,46.552,0,3322.3,0.0064211,NaN,NaN,NaN,NaN,22.041,96555,9.9375,0.53937,0.88578,-30.992,1.7323,81.958,0.62329,NaN,NaN,NaN,NaN,NaN
633.08,-13.111,-23.046,-31.141,0.10503,0.72054,-34.125,2.2707,93.729,0.13069,0,0,0,NaN,NaN,NaN,NaN,NaN,NaN,NaN,NaN,NaN,46.552,0,3322.3,0.0064211,NaN,NaN,NaN,NaN,NaN,-1,-1,0.60135,0.90947,-31.406,1.8384,81.67,0.69656,NaN,NaN,NaN,NaN,NaN
633.08,0,0,0,0,0,0,0,0,0,0,0,0,NaN,NaN,NaN,NaN,NaN,NaN,NaN,NaN,NaN,46.552,0,3322.3,0.0064211,NaN,NaN,NaN,NaN,NaN,-1,-1,0.66706,0.88355,-31.757,2.0635,81.701,0.744,NaN,NaN,NaN,NaN,NaN
633.08,-13.083,-22.814,-31.197,1.1784,-2.9274,-32.896,2.206,95.139,0.52368,0,0,0,NaN,NaN,NaN,NaN,NaN,NaN,NaN,NaN,NaN,46.552,0,3322.3,0.0064211,NaN,NaN,NaN,NaN,21.967,96538,9.875,0.724,0.91192,-32.105,2.218,81.846,0.83173,NaN,NaN,NaN,NaN,NaN
633.08,-13.057,-22.608,-31.245,0.97562,3.6697,-30.719,2.7656,84.177,1.1577,0.79338,-0.11095,-0.867,NaN,NaN,NaN,NaN,NaN,NaN,NaN,NaN,NaN,46.552,0,3322.3,0.0064211,0.9406,2.9814,0.63594,0.091565,22.079,96568,10,0.78909,0.89796,-32.437,2.3,81.725,0.91243,NaN,NaN,NaN,NaN,NaN
633.09,-13.003,-22.141,-31.351,1.5944,-0.43526,-30.909,1.7554,98.682,1.8655,0,0,0,NaN,NaN,NaN,NaN,NaN,NaN,NaN,NaN,NaN,46.552,0,3322.3,0.0064211,NaN,NaN,NaN,NaN,NaN,-1,-1,0.82847,0.91116,-32.86,2.4307,81.824,0.95544,NaN,NaN,NaN,NaN,NaN
633.09,-12.977,-21.932,-31.4,1.6147,1.8907,-31.033,2.7712,85.339,0.89542,0,0,0,NaN,NaN,NaN,NaN,NaN,NaN,NaN,NaN,NaN,46.552,0,3322.3,0.0064211,NaN,NaN,NaN,NaN,NaN,-1,-1,0.89286,0.91855,-33.165,2.6544,81.923,0.99686,NaN,NaN,NaN,NaN,NaN
633.09,-12.943,-21.715,-31.451,1.2969,-0.014524,-40.808,5.198,87.399,1.4387,0.77341,-0.10441,-0.8866,NaN,NaN,NaN,NaN,NaN,NaN,NaN,NaN,NaN,46.552,0,3322.3,0.0064211,NaN,NaN,NaN,NaN,NaN,-1,-1,0.93573,0.9289,-33.528,2.9381,81.682,1.0793,NaN,NaN,NaN,NaN,NaN
633.09,-12.885,-21.263,-31.552,0.51833,1.3936,-35.34,3.0151,88.546,1.6812,0,0,0,NaN,NaN,NaN,NaN,NaN,NaN,NaN,NaN,NaN,46.552,0,3322.3,0.0064211,NaN,NaN,NaN,NaN,22.277,96540,9.875,1.0029,0.88537,-33.769,3.1946,81.765,1.1796,NaN,NaN,NaN,NaN,NaN
633.1,-12.862,-21.057,-31.598,2.0633,1.6954,-37.854,2.2543,84.155,1.2617,0,0,0,NaN,NaN,NaN,NaN,NaN,NaN,NaN,NaN,NaN,46.552,0,3322.3,0.0064211,0.93129,2.8573,0.71506,0.04828,NaN,-1,-1,1.0654,0.89951,-34.034,3.347,81.976,1.2522,NaN,NaN,NaN,NaN,NaN
633.1,-12.835,-20.829,-31.652,0.34503,0.5117,-35.285,3.0298,93.422,0.46215,0.77152,-0.10234,-0.89345,NaN,NaN,NaN,NaN,NaN,NaN,NaN,NaN,NaN,46.552,0,3322.3,0.0064211,NaN,NaN,NaN,NaN,NaN,-1,-1,1.0996,0.90137,-34.449,3.5241,81.86,1.306,NaN,NaN,NaN,NaN,NaN
633.1,-12.807,-20.61,-31.702,2.4301,-1.1407,-35.141,3.7277,89.236,0.89868,0,0,0,NaN,NaN,NaN,NaN,NaN,NaN,NaN,NaN,NaN,46.552,0,3322.3,0.0064211,NaN,NaN,NaN,NaN,22.057,96550,9.875,1.1269,0.89592,-34.738,3.8278,81.611,1.3555,NaN,NaN,NaN,NaN,NaN
633.1,-12.778,-20.418,-31.744,1.3488,2.7523,-36.288,5.3597,78.22,1.2685,0,0,0,NaN,NaN,NaN,NaN,NaN,NaN,NaN,NaN,NaN,46.552,0,3322.3,0.0064211,NaN,NaN,NaN,NaN,NaN,-1,-1,1.1751,0.91102,-35.007,4.0526,82.04,1.4174,NaN,NaN,NaN,NaN,NaN
633.11,-12.75,-20.193,-31.792,-0.5266,1.1882,-42.283,4.0446,91.74,1.7805,0,0,0,NaN,NaN,NaN,NaN,NaN,NaN,NaN,NaN,NaN,46.552,0,3322.3,0.0064211,NaN,NaN,NaN,NaN,22.093,96529,9.8125,1.2161,0.93533,-35.315,4.2375,81.816,1.4877,NaN,NaN,NaN,NaN,NaN
633.11,-12.725,-19.97,-31.839,2.9457,0.73408,-32.971,3.2945,90.642,2.1024,0.75074,-0.10986,-0.90645,NaN,NaN,NaN,NaN,NaN,NaN,NaN,NaN,NaN,46.552,0,3322.3,0.0064211,NaN,NaN,NaN,NaN,NaN,-1,-1,1.2297,0.95162,-35.617,4.3964,81.88,1.5359,NaN,NaN,NaN,NaN,NaN
633.11,-12.696,-19.778,-31.881,2.1148,0.69376,-36.092,5.4767,78.296,1.1767,0,0,0,NaN,NaN,NaN,NaN,NaN,NaN,NaN,NaN,NaN,46.552,0,3322.3,0.0064211,1.0058,2.8806,0.70714,0.010821,NaN,-1,-1,1.2929,0.92524,-35.774,4.638,82.052,1.5598,NaN,NaN,NaN,NaN,NaN
633.11,-12.664,-19.571,-31.925,0.9896,0.41065,-42.888,6.649,84.107,1.7655,0,0,0,NaN,NaN,NaN,NaN,NaN,NaN,NaN,NaN,NaN,46.552,0,3322.3,0.0064211,NaN,NaN,NaN,NaN,22.056,96510,9.75,1.33,0.93343,-36.039,4.906,82.106,1.5923,NaN,NaN,NaN,NaN,NaN
633.12,-12.632,-19.355,-31.97,2.3832,3.179,-35.639,6.3305,87.995,1.8562,0,0,0,NaN,NaN,NaN,NaN,NaN,NaN,NaN,NaN,NaN,46.552,0,3322.3,0.0064211,NaN,NaN,NaN,NaN,NaN,-1,-1,1.3389,0.96851,-36.284,5.1492,82.276,1.6556,NaN,NaN,NaN,NaN,NaN
633.12,-12.607,-19.165,-32.008,1.0707,-0.001477,-37.963,4.9237,77.551,2.3714,0.7487,-0.11259,-0.91331,NaN,NaN,NaN,NaN,NaN,NaN,NaN,NaN,NaN,46.552,0,3322.3,0.0064211,NaN,NaN,NaN,NaN,NaN,-1,-1,1.3814,0.9605,-36.516,5.3182,82.683,1.7164,NaN,NaN,NaN,NaN,NaN
633.12,-12.585,-18.97,-32.048,1.4662,2.2614,-41.639,3.4402,79.104,2.0419,0,0,0,NaN,NaN,NaN,NaN,NaN,NaN,NaN,NaN,NaN,46.552,0,3322.3,0.0064211,NaN,NaN,NaN,NaN,22.241,96560,9.9375,1.422,0.96624,-36.664,5.5281,82.596,1.733,NaN,NaN,NaN,NaN,NaN
633.12,-12.555,-18.765,-32.092,1.5864,1.0247,-35.313,5.7738,83.404,0.964,0,0,0,NaN,NaN,NaN,NaN,NaN,NaN,NaN,NaN,NaN,46.552,0,3322.3,0.0064211,0.94224,2.9623,0.62621,0.10905,NaN,-1,-1,1.4261,0.96988,-36.906,5.83,82.572,1.76,NaN,NaN,NaN,NaN,NaN
633.13,-12.526,-18.577,-32.132,2.4442,-2.4906,-40.005,6.1437,76.83,1.4049,0,0,0,NaN,NaN,NaN,NaN,NaN,NaN,NaN,NaN,NaN,46.552,0,3322.3,0.0064211,NaN,NaN,NaN,NaN,22.19,96584,10.063,1.4492,0.98394,-37.047,5.9738,79.241,1.7718,NaN,NaN,NaN,NaN,NaN
633.13,-12.498,-18.395,-32.168,1.7566,3.7582,-39.394,6.3644,73.876,2.1786,0.73252,-0.11513,-0.92145,NaN,NaN,NaN,NaN,NaN,NaN,NaN,NaN,NaN,46.552,0,3322.3,0.0064211,NaN,NaN,NaN,NaN,NaN,-1,-1,1.4776,0.99716,-37.2,6.13,78.621,1.8164,NaN,NaN,NaN,NaN,NaN
633.13,-12.468,-18.197,-32.208,0.28138,1.063,-41.584,6.3539,80.305,1.8708,0,0,0,NaN,NaN,NaN,NaN,NaN,NaN,NaN,NaN,NaN,46.552,0,3322.3,0.0064211,NaN,NaN,NaN,NaN,NaN,-1,-1,1.4865,1.005,-37.352,6.2574,77.82,1.8314,NaN,NaN,NaN,NaN,NaN
633.13,-12.443,-18.011,-32.244,3.8125,1.3607,-36.658,5.3117,75.541,2.2442,0,0,0,NaN,NaN,NaN,NaN,NaN,NaN,NaN,NaN,NaN,46.552,0,3322.3,0.0064211,NaN,NaN,NaN,NaN,22.224,96555,9.9375,1.492,0.99727,-37.527,6.4736,77.247,1.8276,NaN,NaN,NaN,NaN,NaN
633.14,-12.414,-17.838,-32.279,1.1083,-0.12776,-39.532,6.7967,70.231,1.3309,0,0,0,NaN,NaN,NaN,NaN,NaN,NaN,NaN,NaN,NaN,46.552,0,3322.3,0.0064211,0.93348,2.9773,0.6469,0.091565,NaN,-1,-1,1.5214,1.006,-37.643,6.585,73.304,1.8149,NaN,NaN,NaN,NaN,NaN
633.14,-12.381,-17.651,-32.317,1.5173,2.5655,-42.422,8.6139,76.42,1.8566,0.72114,-0.10548,-0.9247,NaN,NaN,NaN,NaN,NaN,NaN,NaN,NaN,NaN,46.552,0,3322.3,0.0064211,NaN,NaN,NaN,NaN,NaN,-1,-1,1.5213,1.0194,-37.714,6.714,72.108,1.8137,NaN,NaN,NaN,NaN,NaN
633.14,-12.349,-17.481,-32.349,3.0889,2.3139,-36.33,8.6081,68.759,2.0915,0,0,0,NaN,NaN,NaN,NaN,NaN,NaN,NaN,NaN,NaN,46.552,0,3322.3,0.0064211,NaN,NaN,NaN,NaN,22.312,96550,9.875,1.528,1.0232,-37.803,6.8605,70.54,1.8121,NaN,NaN,NaN,NaN,NaN
633.14,-12.323,-17.316,-32.38,1.1463,-0.88209,-40.092,6.2804,66.735,2.3754,0,0,0,NaN,NaN,NaN,NaN,NaN,NaN,NaN,NaN,NaN,46.552,0,3322.3,0.0064211,NaN,NaN,NaN,NaN,NaN,-1,-1,1.534,1.0469,-37.934,6.9777,69.474,1.8346,NaN,NaN,NaN,NaN,NaN
633.15,-12.299,-17.144,-32.414,1,2.3701,-44.354,5.3118,69.862,1.5882,0,0,0,NaN,NaN,NaN,NaN,NaN,NaN,NaN,NaN,NaN,46.552,0,3322.3,0.0064211,NaN,NaN,NaN,NaN,22.441,96578,10,1.5339,1.0401,-37.999,7.0998,67.912,1.8184,NaN,NaN,NaN,NaN,NaN
633.15,-12.271,-16.974,-32.449,2.572,0.008161,-34.459,6.5005,69.153,1.0757,0.70312,-0.10847,-0.9419,NaN,NaN,NaN,NaN,NaN,NaN,NaN,NaN,NaN,46.552,0,3322.3,0.0064211,NaN,NaN,NaN,NaN,NaN,-1,-1,1.5285,1.0613,-38.015,7.2758,66.367,1.8104,NaN,NaN,NaN,NaN,NaN
633.15,-12.243,-16.823,-32.477,2.2224,0.54788,-39.256,7.5541,61.221,1.83,0,0,0,NaN,NaN,NaN,NaN,NaN,NaN,NaN,NaN,NaN,46.552,0,3322.3,0.0064211,0.94224,2.9713,0.63899,0.09656,NaN,-1,-1,1.5197,1.0721,-38.075,7.3903,64.804,1.81,NaN,NaN,NaN,NaN,NaN
633.15,-12.213,-16.671,-32.506,0.97759,1.7145,-43.866,8.1982,61.65,1.6415,0,0,0,NaN,NaN,NaN,NaN,NaN,NaN,NaN,NaN,NaN,46.562,0,3455.1,0.0058767,NaN,NaN,NaN,NaN,22.313,96567,9.9375,1.5139,1.0583,-38.123,7.4525,63.194,1.8043,NaN,NaN,NaN,NaN,NaN
633.16,-12.187,-16.502,-32.539,1.4743,0.99632,-38.786,6.3327,68.612,1.8405,0,0,0,NaN,NaN,NaN,NaN,NaN,NaN,NaN,NaN,NaN,46.562,0,3455.1,0.0058767,NaN,NaN,NaN,NaN,NaN,-1,-1,1.5083,1.0967,-38.163,7.55,61.9,1.7618,NaN,NaN,NaN,NaN,NaN
633.16,-12.132,-16.22,-32.591,1.3472,-0.6221,-40.583,8.2036,56.578,1.5209,0,0,0,NaN,NaN,NaN,NaN,NaN,NaN,NaN,NaN,NaN,46.562,0,3455.1,0.0058767,NaN,NaN,NaN,NaN,NaN,-1,-1,1.4948,1.0893,-38.124,7.6919,60.441,1.7258,NaN,NaN,NaN,NaN,NaN
633.16,-12.101,-16.064,-32.62,1.7576,1.05,-39.675,8.7305,63.137,1.718,0,0,0,NaN,NaN,NaN,NaN,NaN,NaN,NaN,NaN,NaN,46.562,0,3455.1,0.0058767,0.93129,2.8621,0.71688,0.051609,22.255,96564,9.875,1.4827,1.1056,-38.102,7.8222,58.586,1.6996,NaN,NaN,NaN,NaN,NaN
633.16,-12.072,-15.934,-32.642,1.739,3.2658,-38.846,9.1024,52.428,2.1478,0,0,0,NaN,NaN,NaN,NaN,NaN,NaN,NaN,NaN,NaN,46.562,0,3455.1,0.0058767,NaN,NaN,NaN,NaN,NaN,-1,-1,1.4652,1.1187,-38.048,7.8922,57.14,1.6915,NaN,NaN,NaN,NaN,NaN
633.17,-12.046,-15.8,-32.666,1.9029,-0.36698,-38.52,7.3085,54.258,2.0026,0.69939,-0.10684,-0.95782,NaN,NaN,NaN,NaN,NaN,NaN,NaN,NaN,NaN,46.562,0,3455.1,0.0058767,NaN,NaN,NaN,NaN,22.204,96564,9.9375,1.4511,1.1218,-38.037,7.9323,55.946,1.6817,NaN,NaN,NaN,NaN,NaN
633.17,-12.022,-15.663,-32.692,1.2988,1.0589,-40.2,6.5706,55.432,1.5528,0,0,0,NaN,NaN,NaN,NaN,NaN,NaN,NaN,NaN,NaN,46.562,0,3455.1,0.0058767,NaN,NaN,NaN,NaN,NaN,-1,-1,1.4119,1.1426,-37.998,8.0533,54.22,1.6351,NaN,NaN,NaN,NaN,NaN
633.17,-11.994,-15.534,-32.715,1.2642,0.38892,-38.335,8.026,52.093,1.3015,0,0,0,NaN,NaN,NaN,NaN,NaN,NaN,NaN,NaN,NaN,46.562,0,3455.1,0.0058767,NaN,NaN,NaN,NaN,NaN,-1,-1,1.4049,1.1491,-37.916,8.1834,52.616,1.6212,NaN,NaN,NaN,NaN,NaN
633.17,-11.966,-15.411,-32.738,2.0291,2.2006,-37.092,8.7,50.082,1.5709,0,0,0,NaN,NaN,NaN,NaN,NaN,NaN,NaN,NaN,NaN,46.562,0,3455.1,0.0058767,NaN,NaN,NaN,NaN,22.347,96578,9.9375,1.3872,1.1445,-37.812,8.2632,51.275,1.5963,NaN,NaN,NaN,NaN,NaN
633.18,-11.938,-15.29,-32.759,1.2172,0.96205,-40.358,8.6071,49.058,1.5925,0.68221,-0.11587,-0.95269,NaN,NaN,NaN,NaN,NaN,NaN,NaN,NaN,NaN,46.562,0,3455.1,0.0058767,0.93239,2.9779,0.63351,0.099889,NaN,-1,-1,1.3467,1.1296,-37.754,8.2917,49.823,1.5677,NaN,NaN,NaN,NaN,NaN
633.18,-11.914,-15.171,-32.779,1.663,1.8069,-37.977,7.1907,48.014,1.7293,0,0,0,NaN,NaN,NaN,NaN,NaN,NaN,NaN,NaN,NaN,46.562,0,3455.1,0.0058767,NaN,NaN,NaN,NaN,NaN,-1,-1,1.3254,1.1513,-37.639,8.2733,48.274,1.5568,NaN,NaN,NaN,NaN,NaN
633.18,-11.886,-15.052,-32.801,0.75985,1.8743,-39.674,8.7264,48.069,1.422,0,0,0,NaN,NaN,NaN,NaN,NaN,NaN,NaN,NaN,NaN,46.562,0,3455.1,0.0058767,NaN,NaN,NaN,NaN,22.017,96545,9.8125,1.2787,1.1689,-37.582,8.3561,46.828,1.5075,NaN,NaN,NaN,NaN,NaN
633.18,-11.856,-14.935,-32.821,1.465,0.97862,-36.489,9.1935,47.432,1.4326,0,0,0,NaN,NaN,NaN,NaN,NaN,NaN,NaN,NaN,NaN,46.562,0,3455.1,0.0058767,NaN,NaN,NaN,NaN,NaN,-1,-1,1.2347,1.1855,-37.482,8.3801,45.481,1.4884,NaN,NaN,NaN,NaN,NaN
633.19,-11.8,-14.725,-32.856,-0.06718,2.1262,-39.084,8.8567,43.235,1.6214,0,0,0,NaN,NaN,NaN,NaN,NaN,NaN,NaN,NaN,NaN,46.562,0,3455.1,0.0058767,NaN,NaN,NaN,NaN,22.076,96585,10,1.2161,1.1809,-37.297,8.4494,43.821,1.4561,NaN,NaN,NaN,NaN,NaN
633.19,-11.775,-14.617,-32.875,2.0994,0.8992,-37.336,7.7357,43.656,1.4298,0,0,0,NaN,NaN,NaN,NaN,NaN,NaN,NaN,NaN,NaN,46.562,0,3455.1,0.0058767,0.94005,2.8567,0.7114,0.04495,NaN,-1,-1,1.172,1.1873,-37.155,8.5076,42.771,1.4318,NaN,NaN,NaN,NaN,NaN
633.19,-11.75,-14.52,-32.892,1.4086,0.9264,-36.068,7.9532,39.207,1.1804,0,0,0,NaN,NaN,NaN,NaN,NaN,NaN,NaN,NaN,NaN,46.562,0,3455.1,0.0058767,NaN,NaN,NaN,NaN,NaN,-1,-1,1.1196,1.219,-37.036,8.4898,41.343,1.4077,NaN,NaN,NaN,NaN,NaN
633.19,-11.723,-14.42,-32.91,0.092636,0.48665,-37.729,9.0486,40.364,0.95518,0.67578,-0.1213,-0.96662,NaN,NaN,NaN,NaN,NaN,NaN,NaN,NaN,NaN,46.562,0,3455.1,0.0058767,NaN,NaN,NaN,NaN,22.276,96567,9.9375,1.0841,1.2223,-36.86,8.4652,40.198,1.3478,NaN,NaN,NaN,NaN,NaN
633.2,-11.696,-14.325,-32.925,1.9645,1.7282,-36.623,8.8398,38.373,1.3379,0,0,0,NaN,NaN,NaN,NaN,NaN,NaN,NaN,NaN,NaN,46.562,0,3455.1,0.0058767,NaN,NaN,NaN,NaN,NaN,-1,-1,1.0435,1.2375,-36.659,8.5508,39.034,1.3194,NaN,NaN,NaN,NaN,NaN
633.2,-11.671,-14.236,-32.94,0.3639,1.4027,-36.426,8.2631,36.028,1.2383,0,0,0,NaN,NaN,NaN,NaN,NaN,NaN,NaN,NaN,NaN,46.562,0,3455.1,0.0058767,NaN,NaN,NaN,NaN,NaN,-1,-1,0.99711,1.2179,-36.475,8.6105,37.891,1.3058,NaN,NaN,NaN,NaN,NaN
633.2,-11.645,-14.146,-32.955,1.0732,2.0964,-37.739,8.6014,36.196,1.3141,0,0,0,NaN,NaN,NaN,NaN,NaN,NaN,NaN,NaN,NaN,46.562,0,3455.1,0.0058767,0.93786,2.8621,0.71566,0.043285,22.163,96548,9.8125,0.96353,1.2344,-36.27,8.5759,36.538,1.3146,NaN,NaN,NaN,NaN,NaN
633.2,-11.617,-14.057,-32.969,1.1267,1.0323,-35.503,9.325,35.663,1.4791,0.65956,-0.11146,-0.96808,NaN,NaN,NaN,NaN,NaN,NaN,NaN,NaN,NaN,46.562,0,3455.1,0.0058767,NaN,NaN,NaN,NaN,NaN,-1,-1,0.8997,1.2558,-36.054,8.5348,35.446,1.2931,NaN,NaN,NaN,NaN,NaN
633.21,-11.59,-13.968,-32.983,1.0694,0.44017,-35.54,8.9097,36.054,1.4582,0,0,0,NaN,NaN,NaN,NaN,NaN,NaN,NaN,NaN,NaN,46.562,0,3455.1,0.0058767,NaN,NaN,NaN,NaN,22.078,96597,10.063,0.85259,1.2525,-35.875,8.5271,34.421,1.2352,NaN,NaN,NaN,NaN,NaN
633.21,-11.563,-13.89,-32.996,0.96666,2.8275,-34.939,9.2466,31.498,1.1079,0,0,0,NaN,NaN,NaN,NaN,NaN,NaN,NaN,NaN,NaN,46.562,0,3455.1,0.0058767,NaN,NaN,NaN,NaN,NaN,-1,-1,0.81214,1.2574,-35.624,8.5098,33.167,1.1848,NaN,NaN,NaN,NaN,NaN
633.21,-11.539,-13.815,-33.008,0.14465,1.498,-36.374,8.3816,30.162,1.1453,0,0,0,NaN,NaN,NaN,NaN,NaN,NaN,NaN,NaN,NaN,46.562,0,3455.1,0.0058767,NaN,NaN,NaN,NaN,NaN,-1,-1,0.74422,1.259,-35.403,8.555,32.062,1.1345,NaN,NaN,NaN,NaN,NaN
633.21,-11.518,-13.738,-33.02,1.4685,0.384,-35.696,7.0268,30.854,1.0799,0.64304,-0.11616,-0.97179,NaN,NaN,NaN,NaN,NaN,NaN,NaN,NaN,NaN,46.562,0,3455.1,0.0058767,NaN,NaN,NaN,NaN,22.036,96539,9.8125,0.69526,1.2989,-35.14,8.5578,31.209,1.0835,NaN,NaN,NaN,NaN,NaN
633.22,-11.493,-13.663,-33.033,0.48808,2.4987,-36.215,8.5235,30.524,0.90533,0,0,0,NaN,NaN,NaN,NaN,NaN,NaN,NaN,NaN,NaN,46.562,0,3455.1,0.0058767,0.94389,2.8532,0.71201,0.043285,NaN,-1,-1,0.64815,1.3003,-34.912,8.5161,29.96,1.0238,NaN,NaN,NaN,NaN,NaN
633.22,-11.467,-13.585,-33.046,0.38499,-0.64084,-32.502,8.7178,31.565,0.6891,0,0,0,NaN,NaN,NaN,NaN,NaN,NaN,NaN,NaN,NaN,46.562,0,3455.1,0.0058767,NaN,NaN,NaN,NaN,NaN,-1,-1,0.58012,1.3035,-34.651,8.4966,29.067,0.9565,NaN,NaN,NaN,NaN,NaN
633.22,-11.443,-13.525,-33.055,0.31484,1.6886,-33.18,8.2634,23.873,0.97901,0,0,0,NaN,NaN,NaN,NaN,NaN,NaN,NaN,NaN,NaN,46.562,0,3455.1,0.0058767,NaN,NaN,NaN,NaN,22.169,96553,9.9375,0.52685,1.3181,-34.386,8.5021,27.988,0.90657,NaN,NaN,NaN,NaN,NaN
633.22,-11.421,-13.458,-33.066,1.6347,2.9046,-36.895,7.4015,26.984,1.0599,0.64795,-0.11887,-0.97581,NaN,NaN,NaN,NaN,NaN,NaN,NaN,NaN,NaN,46.562,0,3455.1,0.0058767,NaN,NaN,NaN,NaN,NaN,-1,-1,0.47384,1.2995,-34.097,8.4766,26.785,0.84676,NaN,NaN,NaN,NaN,NaN
633.23,-11.397,-13.386,-33.078,-0.63083,0.33272,-33.954,7.9929,29.138,0.48673,0,0,0,NaN,NaN,NaN,NaN,NaN,NaN,NaN,NaN,NaN,46.562,0,3455.1,0.0058767,0.94334,2.9808,0.64933,0.07242,22.001,96553,9.875,0.41281,1.309,-33.831,8.3706,25.773,0.78039,NaN,NaN,NaN,NaN,NaN
633.23,-11.371,-13.319,-33.089,-0.58251,2.418,-31.95,9.138,26.755,0.77619,0,0,0,NaN,NaN,NaN,NaN,NaN,NaN,NaN,NaN,NaN,46.562,0,3455.1,0.0058767,NaN,NaN,NaN,NaN,NaN,-1,-1,0.3543,1.3237,-33.525,8.2708,24.813,0.71236,NaN,NaN,NaN,NaN,NaN
633.23,-11.346,-13.269,-33.095,2.6627,1.219,-33.567,9.1397,20.005,1.4589,0,0,0,NaN,NaN,NaN,NaN,NaN,NaN,NaN,NaN,NaN,46.562,0,3455.1,0.0058767,NaN,NaN,NaN,NaN,22.073,96539,9.8125,0.29819,1.3162,-33.247,8.1899,23.853,0.63736,NaN,NaN,NaN,NaN,NaN
633.23,-11.322,-13.209,-33.104,-0.57733,1.8836,-33.289,8.4946,24.168,0.6754,0.63089,-0.13786,-0.97735,NaN,NaN,NaN,NaN,NaN,NaN,NaN,NaN,NaN,46.562,0,3455.1,0.0058767,NaN,NaN,NaN,NaN,21.986,96556,9.9375,0.23625,1.3377,-32.998,8.1779,22.921,0.56043,NaN,NaN,NaN,NaN,NaN
633.24,-11.301,-13.142,-33.116,-0.56626,0.30866,-34.055,7.0617,27.082,0.58132,0,0,0,NaN,NaN,NaN,NaN,NaN,NaN,NaN,NaN,NaN,46.562,0,3455.1,0.0058767,NaN,NaN,NaN,NaN,NaN,-1,-1,0.1644,1.3404,-32.662,8.2407,22.206,0.45759,NaN,NaN,NaN,NaN,NaN
633.24,-11.254,-13.049,-33.134,-0.65244,1.8265,-32.81,8.7589,18.995,-0.20936,0,0,0,NaN,NaN,NaN,NaN,NaN,NaN,NaN,NaN,NaN,46.562,0,3455.1,0.0058767,NaN,NaN,NaN,NaN,21.964,96573,9.9375,0.11544,1.3723,-32.325,8.1413,21.303,0.39115,NaN,NaN,NaN,NaN,NaN
633.24,-11.233,-12.984,-33.145,0.097994,0.37826,-32.431,7.2605,26.176,0.80283,0.63629,-0.11883,-0.97908,NaN,NaN,NaN,NaN,NaN,NaN,NaN,NaN,NaN,46.562,0,3455.1,0.0058767,NaN,NaN,NaN,NaN,NaN,-1,-1,0.044632,1.3663,-32.055,8.031,20.283,0.33129,NaN,NaN,NaN,NaN,NaN
633.24,-11.193,-12.903,-33.158,0.045818,1.8722,-34.787,7.0331,15.762,0.21492,0,0,0,NaN,NaN,NaN,NaN,NaN,NaN,NaN,NaN,NaN,46.562,0,3455.1,0.0058767,NaN,NaN,NaN,NaN,21.875,96579,10,-0.0079959,1.3445,-31.739,7.9206,19.42,0.26487,NaN,NaN,NaN,NaN,NaN
633.25,-11.17,-12.843,-33.168,0.13064,1.1483,-30.471,7.6367,24.185,0.53566,0,0,0,NaN,NaN,NaN,NaN,NaN,NaN,NaN,NaN,NaN,46.562,0,3455.1,0.0058767,NaN,NaN,NaN,NaN,NaN,-1,-1,-0.064648,1.3724,-31.43,7.9367,18.786,0.1471,NaN,NaN,NaN,NaN,NaN
633.25,-11.122,-12.765,-33.18,0.39377,3.2211,-32.418,8.9339,11.256,0.64486,0,0,0,NaN,NaN,NaN,NaN,NaN,NaN,NaN,NaN,NaN,46.562,0,3455.1,0.0058767,NaN,NaN,NaN,NaN,21.763,96564,9.9375,-0.13038,1.368,-31.08,7.7392,17.69,0.083101,NaN,NaN,NaN,NaN,NaN
633.25,-11.101,-12.718,-33.188,-1.2631,-0.23471,-31.029,7.3921,18.914,0.10365,0,0,0,NaN,NaN,NaN,NaN,NaN,NaN,NaN,NaN,NaN,46.562,0,3455.1,0.0058767,NaN,NaN,NaN,NaN,NaN,-1,-1,-0.19029,1.3713,-30.779,7.5684,16.874,-0.010595,NaN,NaN,NaN,NaN,NaN
633.25,-11.061,-12.641,-33.203,-0.26017,3.861,-29.945,8.2214,12,-0.22282,0.6267,-0.13335,-0.9844,NaN,NaN,NaN,NaN,NaN,NaN,NaN,NaN,NaN,46.562,0,3532.3,0.0064211,NaN,NaN,NaN,NaN,21.814,96504,9.6875,-0.24873,1.3854,-30.453,7.4356,15.914,-0.068735,NaN,NaN,NaN,NaN,NaN
633.26,-11.037,-12.599,-33.212,-1.7276,-1.0546,-29.474,8.6521,16.954,-0.74788,0,0,0,NaN,NaN,NaN,NaN,NaN,NaN,NaN,NaN,NaN,46.562,0,3532.3,0.0064211,0.94224,2.9808,0.64629,0.066593,NaN,-1,-1,-0.31285,1.3983,-30.144,7.2971,15.13,-0.1385,NaN,NaN,NaN,NaN,NaN
633.26,-10.979,-12.497,-33.232,-1.0667,-0.315,-30.687,7.3435,13.736,-0.85915,0.62696,-0.13359,-0.98883,NaN,NaN,NaN,NaN,NaN,NaN,NaN,NaN,NaN,46.562,0,3532.3,0.0064211,NaN,NaN,NaN,NaN,NaN,-1,-1,-0.35518,1.3879,-29.809,7.0985,14.261,-0.20559,NaN,NaN,NaN,NaN,NaN
633.26,-10.959,-12.465,-33.239,-1.4856,1.7658,-26.682,6.7934,12.857,-0.62573,0,0,0,NaN,NaN,NaN,NaN,NaN,NaN,NaN,NaN,NaN,46.562,0,3532.3,0.0064211,NaN,NaN,NaN,NaN,21.626,96539,9.75,-0.42608,1.4055,-29.497,6.9888,13.431,-0.26268,NaN,NaN,NaN,NaN,NaN
633.26,-10.916,-12.398,-33.251,-0.70402,2.0113,-26.445,7.6757,13.122,-0.33214,0,0,0,NaN,NaN,NaN,NaN,NaN,NaN,NaN,NaN,NaN,46.562,0,3532.3,0.0064211,NaN,NaN,NaN,NaN,NaN,-1,-1,-0.46696,1.4108,-29.035,6.8337,12.778,-0.32759,NaN,NaN,NaN,NaN,NaN
633.27,-10.899,-12.374,-33.257,-1.8059,-0.81428,-28.675,6.1051,9.8096,-0.67741,0.62691,-0.12615,-0.98438,-10.491,18.069,-9.8024,23.079,40.061,-88.547,3.6804e+05,4.4356e+06,367.34,46.562,0,3532.3,0.0064211,NaN,NaN,NaN,NaN,21.837,96561,9.9375,-0.5093,1.3783,-28.725,6.6732,12.107,-0.41206,22.478,0.15064,5.2269,13.09,0.37398
633.27,-10.885,-12.347,-33.263,0.25744,1.5938,-27.959,4.7178,10.963,-0.62836,0,0,0,NaN,NaN,NaN,NaN,NaN,NaN,NaN,NaN,NaN,46.562,0,3532.3,0.0064211,NaN,NaN,NaN,NaN,NaN,-1,-1,-0.55962,1.3951,-28.408,6.5457,11.367,-0.47998,NaN,NaN,NaN,NaN,NaN
633.27,-10.864,-12.315,-33.27,-1.339,2.9933,-26.529,7.2703,12.902,-0.86196,0,0,0,NaN,NaN,NaN,NaN,NaN,NaN,NaN,NaN,NaN,46.562,0,3532.3,0.0064211,NaN,NaN,NaN,NaN,NaN,-1,-1,-0.63583,1.3861,-28.086,6.3489,10.86,-0.55558,NaN,NaN,NaN,NaN,NaN
633.27,-10.844,-12.288,-33.276,-0.67733,0.77233,-27.579,7.0232,10.706,-0.60373,0,0,0,NaN,NaN,NaN,NaN,NaN,NaN,NaN,NaN,NaN,46.562,0,3532.3,0.0064211,NaN,NaN,NaN,NaN,21.78,96568,9.9375,-0.68881,1.395,-27.745,6.1974,10.23,-0.62525,NaN,NaN,NaN,NaN,NaN
633.28,-10.826,-12.272,-33.28,-0.97596,1.098,-27.34,6.5728,6.8588,-0.7504,0.63378,-0.12852,-0.98154,NaN,NaN,NaN,NaN,NaN,NaN,NaN,NaN,NaN,46.562,0,3532.3,0.0064211,NaN,NaN,NaN,NaN,NaN,-1,-1,-0.73513,1.3896,-27.33,6.0966,9.8817,-0.71948,NaN,NaN,NaN,NaN,NaN
633.28,-10.811,-12.239,-33.287,-0.48855,1.9341,-28.147,5.3087,13.453,-0.59891,0,0,0,NaN,NaN,NaN,NaN,NaN,NaN,NaN,NaN,NaN,46.562,0,3532.3,0.0064211,NaN,NaN,NaN,NaN,NaN,-1,-1,-0.81348,1.4011,-26.994,5.9592,9.2371,-0.80071,NaN,NaN,NaN,NaN,NaN
633.28,-10.793,-12.211,-33.294,-0.59231,1.9082,-24.804,6.2828,11.191,-0.90934,0,0,0,NaN,NaN,NaN,NaN,NaN,NaN,NaN,NaN,NaN,46.562,0,3532.3,0.0064211,0.98823,2.8913,0.71445,0.0066593,21.706,96528,9.8125,-0.87203,1.4152,-26.686,5.7824,8.8961,-0.88375,NaN,NaN,NaN,NaN,NaN
633.28,-10.773,-12.191,-33.3,-2.3227,2.0604,-25.596,7.1489,8.1767,-1.2983,0,0,0,NaN,NaN,NaN,NaN,NaN,NaN,NaN,NaN,NaN,46.562,0,3532.3,0.0064211,NaN,NaN,NaN,NaN,NaN,-1,-1,-0.93253,1.4427,-26.389,5.6167,8.6838,-0.99539,NaN,NaN,NaN,NaN,NaN
633.29,-10.753,-12.173,-33.306,-0.77279,1.8456,-28.72,7.2017,7.5156,-0.98915,0.63411,-0.13129,-0.98819,NaN,NaN,NaN,NaN,NaN,NaN,NaN,NaN,NaN,46.562,0,3532.3,0.0064211,NaN,NaN,NaN,NaN,21.759,96545,9.8125,-0.9886,1.3951,-26.07,5.5338,8.3538,-1.0748,NaN,NaN,NaN,NaN,NaN
633.29,-10.721,-12.127,-33.318,-0.50646,-0.18804,-24.626,4.8119,6.8746,-0.98635,0,0,0,NaN,NaN,NaN,NaN,NaN,NaN,NaN,NaN,NaN,46.562,0,3532.3,0.0064211,NaN,NaN,NaN,NaN,NaN,-1,-1,-1.0283,1.3963,-25.729,5.4981,7.9995,-1.12,NaN,NaN,NaN,NaN,NaN
633.29,0,0,0,0,0,0,0,0,0,0,0,0,NaN,NaN,NaN,NaN,NaN,NaN,NaN,NaN,NaN,46.562,0,3532.3,0.0064211,NaN,NaN,NaN,NaN,21.746,96576,10,-1.0915,1.4039,-25.43,5.4098,7.6524,-1.1916,NaN,NaN,NaN,NaN,NaN
633.29,-10.705,-12.111,-33.324,-1.206,2.519,-29.141,5.3568,6.5855,-1.3611,0,0,0,NaN,NaN,NaN,NaN,NaN,NaN,NaN,NaN,NaN,46.562,0,3532.3,0.0064211,0.94389,2.8645,0.71627,0.039123,21.909,96529,9.8125,-1.1508,1.4011,-25.162,5.3083,7.6728,-1.2749,NaN,NaN,NaN,NaN,NaN
633.3,-10.688,-12.082,-33.333,-2.1229,1.5866,-23.211,6.0541,12.057,-1.709,0.63161,-0.13606,-0.98841,NaN,NaN,NaN,NaN,NaN,NaN,NaN,NaN,NaN,46.562,0,3532.3,0.0064211,NaN,NaN,NaN,NaN,NaN,-1,-1,-1.2048,1.4346,-24.805,5.2747,7.2572,-1.3852,NaN,NaN,NaN,NaN,NaN
633.3,-10.671,-12.069,-33.339,-0.45019,1.6063,-24.382,5.7087,5.5327,-1.4423,0,0,0,NaN,NaN,NaN,NaN,NaN,NaN,NaN,NaN,NaN,46.562,0,3532.3,0.0064211,NaN,NaN,NaN,NaN,21.764,96558,9.9375,-1.2605,1.4287,-24.48,5.1524,7.3526,-1.4578,NaN,NaN,NaN,NaN,NaN
633.3,0,0,0,0,0,0,0,0,0,0,0,0,NaN,NaN,NaN,NaN,NaN,NaN,NaN,NaN,NaN,46.562,0,3532.3,0.0064211,NaN,NaN,NaN,NaN,NaN,-1,-1,-1.303,1.4255,-24.198,5.0012,7.2315,-1.5547,NaN,NaN,NaN,NaN,NaN
633.3,-10.64,-12.027,-33.354,-1.5994,1.1266,-25.15,5.7659,10.894,-1.8311,0,0,0,NaN,NaN,NaN,NaN,NaN,NaN,NaN,NaN,NaN,46.562,0,3532.3,0.0064211,NaN,NaN,NaN,NaN,21.746,96574,10,-1.3649,1.4196,-23.866,4.9177,7.1803,-1.6188,NaN,NaN,NaN,NaN,NaN
633.31,-10.606,-11.999,-33.366,-0.56005,1.2631,-24.363,6.0748,5.7617,-1.3152,0,0,0,NaN,NaN,NaN,NaN,NaN,NaN,NaN,NaN,NaN,46.562,0,3532.3,0.0064211,NaN,NaN,NaN,NaN,NaN,-1,-1,-1.3994,1.4008,-23.54,4.9326,6.9816,-1.6749,NaN,NaN,NaN,NaN,NaN
633.31,-10.591,-11.974,-33.375,-1.435,2.1614,-23.807,4.7541,10.303,-2.1329,0,0,0,NaN,NaN,NaN,NaN,NaN,NaN,NaN,NaN,NaN,46.562,0,3532.3,0.0064211,NaN,NaN,NaN,NaN,21.649,96551,9.875,-1.4497,1.43,-23.253,4.9057,7.0765,-1.7491,NaN,NaN,NaN,NaN,NaN
633.31,-10.565,-11.954,-33.389,-1.0752,1.6922,-25.533,4.113,4.6188,-2.039,0.63611,-0.14333,-0.98801,NaN,NaN,NaN,NaN,NaN,NaN,NaN,NaN,NaN,46.562,0,3532.3,0.0064211,0.94717,2.9779,0.65846,0.077414,NaN,-1,-1,-1.4803,1.4243,-22.88,4.845,6.7512,-1.8069,NaN,NaN,NaN,NaN,NaN
633.31,-10.547,-11.932,-33.398,-2.0559,1.9623,-23.316,6.1797,9.1803,-2.1712,0,0,0,NaN,NaN,NaN,NaN,NaN,NaN,NaN,NaN,NaN,46.562,0,3532.3,0.0064211,NaN,NaN,NaN,NaN,NaN,-1,-1,-1.5293,1.4308,-22.604,4.8552,6.7894,-1.906,NaN,NaN,NaN,NaN,NaN
633.32,-10.504,-11.891,-33.418,-2.2824,-0.072462,-26.657,4.3494,10.201,-2.4131,0.62007,-0.14107,-0.99613,NaN,NaN,NaN,NaN,NaN,NaN,NaN,NaN,NaN,46.562,0,3532.3,0.0064211,NaN,NaN,NaN,NaN,21.611,96558,9.875,-1.5696,1.4201,-22.306,4.8555,6.8833,-2.0192,NaN,NaN,NaN,NaN,NaN
633.32,-10.488,-11.872,-33.427,-0.79332,2.0368,-18.845,5.3866,8.1269,-2.2656,0,0,0,NaN,NaN,NaN,NaN,NaN,NaN,NaN,NaN,NaN,46.562,0,3532.3,0.0064211,NaN,NaN,NaN,NaN,NaN,-1,-1,-1.6106,1.4395,-21.956,4.8387,6.6278,-2.1063,NaN,NaN,NaN,NaN,NaN
633.32,-10.453,-11.85,-33.438,-2.3993,2.4485,-23.816,6.2154,6.3412,-2.0623,0,0,0,NaN,NaN,NaN,NaN,NaN,NaN,NaN,NaN,NaN,46.562,0,3532.3,0.0064211,NaN,NaN,NaN,NaN,NaN,-1,-1,-1.653,1.4569,-21.931,4.8143,6.546,-2.2038,NaN,NaN,NaN,NaN,NaN
633.32,-10.439,-11.829,-33.448,-1.7712,-0.49989,-22.291,4.5767,8.9313,-2.5887,0.61962,-0.13818,-0.98726,NaN,NaN,NaN,NaN,NaN,NaN,NaN,NaN,NaN,46.562,0,3532.3,0.0064211,0.93294,2.9641,0.62864,0.11071,21.409,96593,10.063,-1.685,1.4657,-21.674,4.7169,6.5387,-2.3193,NaN,NaN,NaN,NaN,NaN
633.33,-10.414,-11.814,-33.462,-2.2987,3.4746,-25.693,5.1789,4.5077,-2.5106,0,0,0,NaN,NaN,NaN,NaN,NaN,NaN,NaN,NaN,NaN,46.562,0,3532.3,0.0064211,NaN,NaN,NaN,NaN,NaN,-1,-1,-1.7195,1.4342,-21.412,4.5773,6.3597,-2.4231,NaN,NaN,NaN,NaN,NaN
633.33,-10.397,-11.791,-33.474,-2.5144,0.72306,-20.71,5.3278,10.101,-2.9823,0,0,0,NaN,NaN,NaN,NaN,NaN,NaN,NaN,NaN,NaN,46.562,0,3532.3,0.0064211,NaN,NaN,NaN,NaN,21.535,96541,9.8125,-1.7535,1.4353,-21.127,4.5999,6.3484,-2.5157,NaN,NaN,NaN,NaN,NaN
633.33,-10.371,-11.776,-33.488,-1.9903,2.7575,-23.782,4.1169,5.3694,-2.601,0,0,0,NaN,NaN,NaN,NaN,NaN,NaN,NaN,NaN,NaN,46.562,0,3532.3,0.0064211,NaN,NaN,NaN,NaN,NaN,-1,-1,-1.7722,1.4381,-21.147,4.6216,6.3974,-2.6053,NaN,NaN,NaN,NaN,NaN
633.33,-10.356,-11.756,-33.498,-2.4323,1.0659,-22.851,4.8208,8.5029,-2.7706,0,0,0,NaN,NaN,NaN,NaN,NaN,NaN,NaN,NaN,NaN,46.562,0,3532.3,0.0064211,0.93403,2.9838,0.65055,0.080744,NaN,-1,-1,-1.8083,1.4808,-20.945,4.5773,6.1968,-2.6868,NaN,NaN,NaN,NaN,NaN
633.34,-10.341,-11.747,-33.505,-1.8031,1.8675,-18.28,5.2131,4.0217,-2.6328,0,0,0,NaN,NaN,NaN,NaN,NaN,NaN,NaN,NaN,NaN,46.562,0,3532.3,0.0064211,NaN,NaN,NaN,NaN,21.371,96551,9.9375,-1.8386,1.4561,-20.769,4.4806,6.1715,-2.7603,NaN,NaN,NaN,NaN,NaN
633.34,-10.325,-11.738,-33.513,-1.1892,2.8512,-22.481,5.6293,4.1304,-2.317,0.61806,-0.12902,-0.99631,NaN,NaN,NaN,NaN,NaN,NaN,NaN,NaN,NaN,46.562,0,3532.3,0.0064211,NaN,NaN,NaN,NaN,NaN,-1,-1,-1.8671,1.479,-20.605,4.4676,6.414,-2.837,NaN,NaN,NaN,NaN,NaN
633.34,-10.31,-11.72,-33.523,-2.5018,1.2765,-20.224,4.61,7.6849,-3.0004,0,0,0,NaN,NaN,NaN,NaN,NaN,NaN,NaN,NaN,NaN,46.562,0,3532.3,0.0064211,NaN,NaN,NaN,NaN,NaN,-1,-1,-1.9062,1.4719,-20.409,4.4729,6.2408,-2.942,NaN,NaN,NaN,NaN,NaN
633.34,-10.299,-11.713,-33.532,-1.0687,-0.99396,-20.312,3.4376,3.1526,-3.3126,0,0,0,NaN,NaN,NaN,NaN,NaN,NaN,NaN,NaN,NaN,46.562,0,3532.3,0.0064211,NaN,NaN,NaN,NaN,21.557,96563,9.9375,-1.931,1.4825,-20.168,4.4564,6.2421,-3.0206,NaN,NaN,NaN,NaN,NaN
633.35,-10.274,-11.686,-33.552,-2.393,2.0425,-17.977,4.5769,8.5699,-3.2754,0.61993,-0.14587,-0.99614,NaN,NaN,NaN,NaN,NaN,NaN,NaN,NaN,NaN,46.562,0,3532.3,0.0064211,1.0014,2.8895,0.70654,-0.0016648,NaN,-1,-1,-1.9586,1.4742,-19.974,4.3721,6.1225,-3.1122,NaN,NaN,NaN,NaN,NaN
633.35,-10.262,-11.68,-33.56,-1.2061,0.29117,-20.05,3.581,2.8871,-3.0178,0,0,0,NaN,NaN,NaN,NaN,NaN,NaN,NaN,NaN,NaN,46.562,0,3532.3,0.0064211,NaN,NaN,NaN,NaN,NaN,-1,-1,-1.9844,1.4448,-19.775,4.1936,5.8636,-3.1485,NaN,NaN,NaN,NaN,NaN
633.35,-10.241,-11.653,-33.579,-2.2336,1.2857,-21.218,3.2025,10.023,-3.0323,0,0,0,NaN,NaN,NaN,NaN,NaN,NaN,NaN,NaN,NaN,46.562,0,3532.3,0.0064211,NaN,NaN,NaN,NaN,21.289,96548,9.8125,-1.9985,1.461,-19.604,4.1328,5.6363,-3.2207,NaN,NaN,NaN,NaN,NaN
633.35,-10.227,-11.643,-33.588,-1.7881,1.9665,-16.547,4.4834,4.294,-3.1378,0.61301,-0.13604,-0.99454,NaN,NaN,NaN,NaN,NaN,NaN,NaN,NaN,NaN,46.611,0,3628,0.0075089,NaN,NaN,NaN,NaN,21.464,96563,9.9375,-2.0316,1.4699,-19.426,4.0305,5.5698,-3.2928,NaN,NaN,NaN,NaN,NaN
633.36,-10.211,-11.64,-33.595,-1.6886,2.803,-21.539,5.3152,1.6155,-2.8924,0,0,0,NaN,NaN,NaN,NaN,NaN,NaN,NaN,NaN,NaN,46.611,0,3628,0.0075089,NaN,NaN,NaN,NaN,NaN,-1,-1,-2.0545,1.4616,-19.251,3.9739,5.5217,-3.3625,NaN,NaN,NaN,NaN,NaN
633.36,-10.198,-11.617,-33.607,-3.4084,1.0203,-19.813,4.1144,9.7515,-3.4766,0,0,0,NaN,NaN,NaN,NaN,NaN,NaN,NaN,NaN,NaN,46.611,0,3628,0.0075089,0.92691,2.9707,0.62742,0.10655,NaN,-1,-1,-2.0487,1.4542,-19.042,3.7163,5.1162,-3.3741,NaN,NaN,NaN,NaN,NaN
633.36,-10.188,-11.611,-33.617,-0.41303,0.37653,-17.16,2.6395,2.7923,-3.5146,0,0,0,NaN,NaN,NaN,NaN,NaN,NaN,NaN,NaN,NaN,46.611,0,3628,0.0075089,NaN,NaN,NaN,NaN,NaN,-1,-1,-2.0817,1.4656,-18.947,3.6439,5.0049,-3.4484,NaN,NaN,NaN,NaN,NaN
633.36,-10.18,-11.608,-33.626,-1.7716,1.3794,-22.356,2.3492,1.8835,-3.423,0.61509,-0.14076,-0.99212,NaN,NaN,NaN,NaN,NaN,NaN,NaN,NaN,NaN,46.611,0,3628,0.0075089,NaN,NaN,NaN,NaN,21.593,96554,9.875,-2.1096,1.4717,-18.774,3.5412,4.8219,-3.4883,NaN,NaN,NaN,NaN,NaN
633.37,-10.165,-11.588,-33.639,-3.5447,2.2013,-17.412,4.3543,8.6059,-4.3013,0,0,0,NaN,NaN,NaN,NaN,NaN,NaN,NaN,NaN,NaN,46.611,0,3628,0.0075089,NaN,NaN,NaN,NaN,NaN,-1,-1,-2.1152,1.4813,-18.575,3.3864,4.8452,-3.5763,NaN,NaN,NaN,NaN,NaN
633.37,-10.155,-11.58,-33.65,-0.79004,0.4597,-17.713,3.0955,3.831,-3.7376,0,0,0,NaN,NaN,NaN,NaN,NaN,NaN,NaN,NaN,NaN,46.611,0,3628,0.0075089,NaN,NaN,NaN,NaN,NaN,-1,-1,-2.1469,1.4468,-18.454,3.2499,4.6419,-3.6217,NaN,NaN,NaN,NaN,NaN
633.37,-10.147,-11.582,-33.657,-1.4928,2.7137,-19.646,2.2285,-0.62533,-3.5352,0,0,0,NaN,NaN,NaN,NaN,NaN,NaN,NaN,NaN,NaN,46.611,0,3628,0.0075089,0.9302,2.9856,0.64264,0.092398,21.554,96561,9.875,-2.1497,1.445,-18.308,3.2256,4.5697,-3.6821,NaN,NaN,NaN,NaN,NaN
633.37,-10.138,-11.56,-33.671,-3.7583,0.46667,-22.571,2.0665,9.6821,-4.1908,0.61974,-0.14323,-0.99171,NaN,NaN,NaN,NaN,NaN,NaN,NaN,NaN,NaN,46.611,0,3628,0.0075089,NaN,NaN,NaN,NaN,NaN,-1,-1,-2.1616,1.4366,-18.154,3.1432,4.6082,-3.754,NaN,NaN,NaN,NaN,NaN
633.38,-10.127,-11.546,-33.682,-1.0905,1.8445,-15.265,3.2541,6.2459,-3.6181,0,0,0,NaN,NaN,NaN,NaN,NaN,NaN,NaN,NaN,NaN,46.611,0,3628,0.0075089,NaN,NaN,NaN,NaN,21.481,96551,9.875,-2.1744,1.4233,-18.054,3.0255,4.6486,-3.8065,NaN,NaN,NaN,NaN,NaN
633.38,-10.114,-11.545,-33.69,-2.0776,2.6602,-18.318,4.1311,0.9546,-3.333,0,0,0,NaN,NaN,NaN,NaN,NaN,NaN,NaN,NaN,NaN,46.611,0,3628,0.0075089,NaN,NaN,NaN,NaN,NaN,-1,-1,-2.1827,1.4678,-17.895,2.9699,4.5171,-3.8619,NaN,NaN,NaN,NaN,NaN
633.38,-10.101,-11.527,-33.702,-2.9568,1.7358,-20.036,4.0564,7.4617,-3.5404,0,0,0,NaN,NaN,NaN,NaN,NaN,NaN,NaN,NaN,NaN,46.611,0,3628,0.0075089,NaN,NaN,NaN,NaN,NaN,-1,-1,-2.1972,1.4396,-17.809,2.8824,4.5969,-3.9265,NaN,NaN,NaN,NaN,NaN
633.38,-10.093,-11.515,-33.714,-2.2313,-0.76813,-17.984,1.6817,5.5064,-4.0898,0.61247,-0.14541,-0.99013,NaN,NaN,NaN,NaN,NaN,NaN,NaN,NaN,NaN,46.611,0,3628,0.0075089,NaN,NaN,NaN,NaN,21.311,96574,9.9375,-2.204,1.439,-17.651,2.8067,4.549,-3.9769,NaN,NaN,NaN,NaN,NaN
633.39,-10.087,-11.511,-33.724,-1.1019,1.3565,-16.371,1.3935,2.0637,-3.9073,0,0,0,NaN,NaN,NaN,NaN,NaN,NaN,NaN,NaN,NaN,46.611,0,3628,0.0075089,1.0101,2.8919,0.70714,0.0049945,NaN,-1,-1,-2.2241,1.4411,-17.54,2.7274,4.6141,-4.0492,NaN,NaN,NaN,NaN,NaN
633.39,-10.076,-11.499,-33.736,-2.9648,3.4423,-20.501,2.9673,5.6581,-4.259,0,0,0,NaN,NaN,NaN,NaN,NaN,NaN,NaN,NaN,NaN,46.611,0,3628,0.0075089,NaN,NaN,NaN,NaN,NaN,-1,-1,-2.2321,1.4387,-17.432,2.5997,4.5128,-4.1299,NaN,NaN,NaN,NaN,NaN
633.39,-10.064,-11.48,-33.75,-1.4845,-0.30839,-15.233,3.3854,7.9792,-4.3165,0,0,0,NaN,NaN,NaN,NaN,NaN,NaN,NaN,NaN,NaN,46.611,0,3628,0.0075089,NaN,NaN,NaN,NaN,21.274,96568,9.9375,-2.2402,1.413,-17.309,2.5232,4.7149,-4.1822,NaN,NaN,NaN,NaN,NaN
633.39,-10.057,-11.486,-33.76,-2.4051,2.0339,-19.169,1.8389,-1.5863,-4.5126,0.62243,-0.1411,-0.99592,NaN,NaN,NaN,NaN,NaN,NaN,NaN,NaN,NaN,46.611,0,3628,0.0075089,NaN,NaN,NaN,NaN,NaN,-1,-1,-2.2579,1.3863,-17.239,2.5029,4.6959,-4.2327,NaN,NaN,NaN,NaN,NaN
633.4,-10.039,-11.451,-33.786,-1.2459,0.72243,-16.182,2.2634,8.0522,-4.0508,0,0,0,NaN,NaN,NaN,NaN,NaN,NaN,NaN,NaN,NaN,46.611,0,3628,0.0075089,0.99316,2.8866,0.70593,0.0033296,21.328,96540,9.8125,-2.259,1.393,-17.135,2.5288,4.5907,-4.2713,NaN,NaN,NaN,NaN,NaN
633.4,-10.027,-11.446,-33.798,-3.5842,2.0905,-16.293,3.3947,2.463,-4.5035,0,0,0,NaN,NaN,NaN,NaN,NaN,NaN,NaN,NaN,NaN,46.611,0,3628,0.0075089,NaN,NaN,NaN,NaN,NaN,-1,-1,-2.2699,1.3842,-17.008,2.4515,4.6977,-4.3226,NaN,NaN,NaN,NaN,NaN
633.4,-10.016,-11.434,-33.81,-2.1504,3.0089,-19.105,3.3493,5.3177,-4.0154,0.61501,-0.15301,-0.99659,NaN,NaN,NaN,NaN,NaN,NaN,NaN,NaN,NaN,46.611,0,3628,0.0075089,NaN,NaN,NaN,NaN,NaN,-1,-1,-2.2668,1.4062,-16.932,2.3382,4.7025,-4.3795,NaN,NaN,NaN,NaN,NaN
633.4,-10.002,-11.415,-33.834,-1.9829,-0.69476,-16.692,0.58396,1.5721,-4.4302,0,0,0,NaN,NaN,NaN,NaN,NaN,NaN,NaN,NaN,NaN,46.611,0,3628,0.0075089,NaN,NaN,NaN,NaN,21.235,96568,9.9375,-2.2827,1.3944,-16.881,2.3339,4.8141,-4.4362,NaN,NaN,NaN,NaN,NaN
633.41,-9.995,-11.401,-33.848,-2.6359,2.8718,-20.397,1.5032,6.2396,-4.5299,0,0,0,NaN,NaN,NaN,NaN,NaN,NaN,NaN,NaN,NaN,46.611,0,3628,0.0075089,NaN,NaN,NaN,NaN,NaN,-1,-1,-2.2743,1.4106,-16.743,2.2668,4.739,-4.4865,NaN,NaN,NaN,NaN,NaN
633.41,-9.9824,-11.383,-33.863,-2.0268,0.90925,-13.626,3.5583,7.986,-4.8983,0.61287,-0.14085,-0.99455,NaN,NaN,NaN,NaN,NaN,NaN,NaN,NaN,NaN,46.611,0,3628,0.0075089,NaN,NaN,NaN,NaN,NaN,-1,-1,-2.2814,1.3869,-16.652,2.1455,4.9591,-4.5486,NaN,NaN,NaN,NaN,NaN
633.41,-9.974,-11.382,-33.875,-2.5944,1.4292,-17.362,2.0993,1.3697,-4.7217,0,0,0,NaN,NaN,NaN,NaN,NaN,NaN,NaN,NaN,NaN,46.611,0,3628,0.0075089,0.93513,2.9665,0.62438,0.11404,21.219,96556,9.9375,-2.2872,1.387,-16.593,2.0515,4.9635,-4.6262,NaN,NaN,NaN,NaN,NaN
633.41,-9.9659,-11.37,-33.888,-2.1601,2.5235,-18.175,1.8068,5.3815,-4.7966,0,0,0,NaN,NaN,NaN,NaN,NaN,NaN,NaN,NaN,NaN,46.611,0,3628,0.0075089,NaN,NaN,NaN,NaN,NaN,-1,-1,-2.2863,1.3783,-16.511,2.0544,4.918,-4.6665,NaN,NaN,NaN,NaN,NaN
633.42,-9.9588,-11.353,-33.902,-2.249,0.63204,-17.104,1.3721,7.5971,-4.5135,0,0,0,NaN,NaN,NaN,NaN,NaN,NaN,NaN,NaN,NaN,46.611,0,3628,0.0075089,NaN,NaN,NaN,NaN,21.175,96522,9.75,-2.2935,1.3646,-16.443,2.0477,5.1549,-4.7096,NaN,NaN,NaN,NaN,NaN
633.42,-9.9484,-11.341,-33.916,-2.9744,2.1903,-14.605,2.7291,5.3838,-4.916,0.60822,-0.13838,-0.99497,NaN,NaN,NaN,NaN,NaN,NaN,NaN,NaN,NaN,46.611,0,3628,0.0075089,NaN,NaN,NaN,NaN,NaN,-1,-1,-2.3119,1.3697,-16.392,1.9794,5.1447,-4.76,NaN,NaN,NaN,NaN,NaN
633.42,-9.9372,-11.332,-33.927,-1.7583,2.0751,-17.082,3.2339,4.0925,-4.1428,0,0,0,NaN,NaN,NaN,NaN,NaN,NaN,NaN,NaN,NaN,46.611,0,3628,0.0075089,NaN,NaN,NaN,NaN,NaN,-1,-1,-2.2981,1.3811,-16.279,1.8506,5.0316,-4.8095,NaN,NaN,NaN,NaN,NaN
633.42,-9.9282,-11.321,-33.942,-2.823,0.99858,-16.226,2.0421,5.4421,-5.2658,0,0,0,NaN,NaN,NaN,NaN,NaN,NaN,NaN,NaN,NaN,46.611,0,3628,0.0075089,0.95374,2.849,0.7114,0.049945,21.33,96530,9.8125,-2.2995,1.3747,-16.236,1.8213,5.2137,-4.8802,NaN,NaN,NaN,NaN,NaN
633.43,-9.9229,-11.306,-33.956,-2.3279,-0.31312,-16.561,0.64675,6.4929,-4.9596,0,0,0,NaN,NaN,NaN,NaN,NaN,NaN,NaN,NaN,NaN,46.611,0,3628,0.0075089,0.95374,2.849,0.7114,0.049945,NaN,-1,-1,-2.3112,1.3723,-16.212,1.7584,5.3484,-4.9257,NaN,NaN,NaN,NaN,NaN
633.43,-9.9187,-11.295,-33.97,-1.6291,1.3326,-15.394,0.32298,5.2299,-4.8324,0.61252,-0.15286,-0.99459,NaN,NaN,NaN,NaN,NaN,NaN,NaN,NaN,NaN,46.611,0,3628,0.0075089,NaN,2.849,NaN,NaN,NaN,-1,-1,-2.316,1.393,-16.118,1.6396,5.1864,-4.9859,NaN,NaN,NaN,NaN,NaN
633.43,-9.9092,-11.288,-33.984,-3.2576,2.8317,-15.909,2.3287,3.7487,-5.2599,0,0,0,NaN,NaN,NaN,NaN,NaN,NaN,NaN,NaN,NaN,46.611,0,3628,0.0075089,NaN,NaN,NaN,NaN,21.33,96570,9.9375,-2.318,1.3619,-16.026,1.4589,5.265,-5.0634,NaN,NaN,NaN,NaN,NaN
633.43,-9.9014,-11.271,-33.999,-2.3412,0.073012,-17.095,1.595,7.6311,-4.9005,0,0,0,NaN,NaN,NaN,NaN,NaN,NaN,NaN,NaN,NaN,46.611,0,3628,0.0075089,NaN,NaN,NaN,NaN,NaN,-1,-1,-2.3119,1.3377,-15.981,1.3248,5.4992,-5.128,NaN,NaN,NaN,NaN,NaN
633.44,-9.8953,-11.261,-34.013,-1.542,2.4748,-14.389,1.0121,4.6159,-5.0762,0,0,0,NaN,NaN,NaN,NaN,NaN,NaN,NaN,NaN,NaN,46.611,0,3628,0.0075089,NaN,NaN,NaN,NaN,21.198,96563,9.9375,-2.3183,1.3262,-15.941,1.299,5.5168,-5.1368,NaN,NaN,NaN,NaN,NaN
633.44,-9.8884,-11.253,-34.028,-2.8872,0.63879,-18.105,1.2409,4.1639,-5.4269,0.60356,-0.14577,-0.99984,NaN,NaN,NaN,NaN,NaN,NaN,NaN,NaN,NaN,46.611,0,3628,0.0075089,0.92034,2.9653,0.62499,0.11571,NaN,-1,-1,-2.3084,1.3264,-15.874,1.3188,5.5584,-5.1824,NaN,NaN,NaN,NaN,NaN
633.44,-9.8803,-11.237,-34.043,-3.0215,1.8738,-15.101,1.6776,6.9338,-5.288,0,0,0,NaN,NaN,NaN,NaN,NaN,NaN,NaN,NaN,NaN,46.611,0,3628,0.0075089,NaN,NaN,NaN,NaN,NaN,-1,-1,-2.325,1.3287,-15.817,1.19,5.6734,-5.2242,NaN,NaN,NaN,NaN,NaN
633.44,-9.8714,-11.218,-34.057,-1.5804,1.7595,-14.902,2.1032,8.3087,-4.5919,0,0,0,NaN,NaN,NaN,NaN,NaN,NaN,NaN,NaN,NaN,46.611,0,3628,0.0075089,NaN,NaN,NaN,NaN,21.219,96596,10.063,-2.3172,1.3307,-15.741,1.0149,5.6684,-5.2719,NaN,NaN,NaN,NaN,NaN
633.45,-9.8642,-11.213,-34.072,-2.9321,2.5231,-14.637,1.4019,2.8611,-5.5317,0,0,0,NaN,NaN,NaN,NaN,NaN,NaN,NaN,NaN,NaN,46.611,0,3628,0.0075089,NaN,NaN,NaN,NaN,NaN,-1,-1,-2.3113,1.323,-15.709,0.91826,5.7813,-5.3248,NaN,NaN,NaN,NaN,NaN
633.45,-9.8601,-11.203,-34.087,-2.788,-1.0638,-17.675,0.18621,4.999,-5.4391,0.60604,-0.14592,-1.0018,NaN,NaN,NaN,NaN,NaN,NaN,NaN,NaN,NaN,46.611,0,3628,0.0075089,NaN,NaN,NaN,NaN,NaN,-1,-1,-2.3206,1.3293,-15.672,0.87144,5.9371,-5.3579,NaN,NaN,NaN,NaN,NaN
633.45,-9.8581,-11.186,-34.103,-1.4737,1.3055,-15.605,-0.8179,7.7472,-5.3772,0,0,0,NaN,NaN,NaN,NaN,NaN,NaN,NaN,NaN,NaN,46.611,0,3628,0.0075089,0.99754,2.883,0.70593,0.018313,21.255,96588,10,-2.3175,1.3447,-15.588,0.72994,5.8415,-5.4191,NaN,NaN,NaN,NaN,NaN
633.45,-9.8509,-11.174,-34.118,-2.781,2.6257,-13.611,1.3309,5.4534,-5.6078,0,0,0,NaN,NaN,NaN,NaN,NaN,NaN,NaN,NaN,NaN,46.611,0,3628,0.0075089,NaN,NaN,NaN,NaN,NaN,-1,-1,-2.3181,1.302,-15.491,0.56601,6.0634,-5.4709,NaN,NaN,NaN,NaN,NaN
633.46,-9.8436,-11.166,-34.134,-2.718,0.79845,-17.318,1.345,3.9479,-5.8081,0,0,0,NaN,NaN,NaN,NaN,NaN,NaN,NaN,NaN,NaN,46.611,0,3628,0.0075089,NaN,NaN,NaN,NaN,21.349,96548,9.875,-2.3254,1.2917,-15.466,0.51631,6.0556,-5.5214,NaN,NaN,NaN,NaN,NaN
633.46,-9.8417,-11.153,-34.151,-1.477,0.85361,-14.077,-0.88568,6.3504,-5.8749,0.60793,-0.15292,-0.99722,NaN,NaN,NaN,NaN,NaN,NaN,NaN,NaN,NaN,46.611,0,3628,0.0075089,NaN,NaN,NaN,NaN,NaN,-1,-1,-2.328,1.3145,-15.42,0.40318,6.2782,-5.7404,NaN,NaN,NaN,NaN,NaN
633.46,-9.8381,-11.138,-34.168,-2.9822,1.2912,-17.708,-0.2266,6.7049,-5.8467,0,0,0,NaN,NaN,NaN,NaN,NaN,NaN,NaN,NaN,NaN,46.611,0,3628,0.0075089,NaN,NaN,NaN,NaN,NaN,-1,-1,-2.3457,1.2984,-15.379,0.26826,6.0709,-5.743,NaN,NaN,NaN,NaN,NaN
633.46,-9.8321,-11.127,-34.183,-2.7923,3.1243,-14.544,0.87548,5.5253,-5.4459,0,0,0,NaN,NaN,NaN,NaN,NaN,NaN,NaN,NaN,NaN,46.572,0,3709.4,0.0069644,0.93841,2.9814,0.65603,0.079911,21.198,96566,9.9375,-2.3256,1.2921,-15.279,0.13397,6.022,-5.7291,NaN,NaN,NaN,NaN,NaN
633.47,-9.8246,-11.111,-34.197,-1.8321,0.58138,-14.632,1.5157,6.9641,-4.9153,0,0,0,NaN,NaN,NaN,NaN,NaN,NaN,NaN,NaN,NaN,46.572,0,3709.4,0.0069644,NaN,NaN,NaN,NaN,NaN,-1,-1,-2.3377,1.2742,-15.228,0.041791,6.1384,-5.744,NaN,NaN,NaN,NaN,NaN
633.47,-9.8214,-11.099,-34.213,-3.103,1.7159,-14.607,-0.22334,5.5468,-5.5879,0.60618,-0.14111,-1.0018,NaN,NaN,NaN,NaN,NaN,NaN,NaN,NaN,NaN,46.572,0,3709.4,0.0069644,NaN,NaN,NaN,NaN,NaN,-1,-1,-2.3417,1.2752,-15.183,-0.0536,5.9646,-5.7403,NaN,NaN,NaN,NaN,NaN
633.47,-9.82,-11.088,-34.23,-2.7168,2.0407,-16.69,-1.0973,5.4204,-6.031,0,0,0,NaN,NaN,NaN,NaN,NaN,NaN,NaN,NaN,NaN,46.572,0,3709.4,0.0069644,NaN,NaN,NaN,NaN,21.255,96567,9.9375,-2.3417,1.3114,-15.095,-0.20536,6.154,-5.945,NaN,NaN,NaN,NaN,NaN
633.47,-9.8185,-11.075,-34.246,-1.727,-0.82035,-13.903,-1.0262,6.2553,-5.8649,0,0,0,NaN,NaN,NaN,NaN,NaN,NaN,NaN,NaN,NaN,46.572,0,3709.4,0.0069644,NaN,NaN,NaN,NaN,21.313,96559,9.9375,-2.3451,1.2569,-15.009,-0.36302,6.1069,-5.9073,NaN,NaN,NaN,NaN,NaN
633.48,-9.8105,-11.047,-34.28,-2.7173,0.82416,-15.003,0.18008,8.2439,-5.7618,0.60814,-0.14571,-0.9972,NaN,NaN,NaN,NaN,NaN,NaN,NaN,NaN,NaN,46.572,0,3709.4,0.0069644,0.94389,2.8639,0.71384,0.032464,NaN,-1,-1,-2.362,1.2284,-14.939,-0.4693,6.1036,-5.8843,NaN,NaN,NaN,NaN,NaN
633.48,-9.8085,-11.032,-34.297,-1.8196,1.8408,-13.629,-0.86276,6.597,-6.044,0,0,0,NaN,NaN,NaN,NaN,NaN,NaN,NaN,NaN,NaN,46.572,0,3709.4,0.0069644,NaN,NaN,NaN,NaN,NaN,-1,-1,-2.3508,1.2325,-14.88,-0.4848,5.9984,-5.8284,NaN,NaN,NaN,NaN,NaN
633.48,-9.8074,-11.026,-34.314,-2.4829,0.055239,-17.131,-1.2215,3.3782,-6.3593,0,0,0,NaN,NaN,NaN,NaN,NaN,NaN,NaN,NaN,NaN,46.572,0,3709.4,0.0069644,NaN,NaN,NaN,NaN,NaN,-1,-1,-2.352,1.2403,-14.814,-0.47052,6.0446,-5.802,NaN,NaN,NaN,NaN,NaN
633.48,-9.8051,-11.011,-34.33,-2.7347,2.8364,-16.242,-0.69695,6.9417,-5.6912,0,0,0,NaN,NaN,NaN,NaN,NaN,NaN,NaN,NaN,NaN,46.572,0,3709.4,0.0069644,NaN,NaN,NaN,NaN,21.365,96565,9.875,-2.3952,1.2274,-14.73,-0.59426,5.9224,-5.7746,NaN,NaN,NaN,NaN,NaN
633.49,-9.7987,-10.987,-34.349,-3.0336,2.1804,-12.782,0.8619,10.602,-5.7713,0.59904,-0.14342,-1.0025,-11.989,18.614,-6.0049,22.94,40.061,-88.547,3.6803e+05,4.4356e+06,364.56,46.572,0,3709.4,0.0069644,NaN,NaN,NaN,NaN,NaN,-1,-1,-2.377,1.2151,-14.607,-0.70262,5.9963,-5.7414,22.871,0.30975,1.755,4.388,0.77364
633.49,-9.793,-10.981,-34.363,-1.7786,1.725,-13.03,0.81721,3.4148,-5.4927,0,0,0,NaN,NaN,NaN,NaN,NaN,NaN,NaN,NaN,NaN,46.572,0,3709.4,0.0069644,0.94005,2.849,0.71506,0.04828,NaN,-1,-1,-2.3828,1.2071,-14.561,-0.69914,5.9995,-5.7221,NaN,NaN,NaN,NaN,NaN
633.49,-9.7922,-10.974,-34.381,-3.7359,-0.21953,-17.603,-1.3688,3.7961,-6.7838,0,0,0,NaN,NaN,NaN,NaN,NaN,NaN,NaN,NaN,NaN,46.572,0,3709.4,0.0069644,NaN,NaN,NaN,NaN,21.231,96530,9.75,-2.3937,1.213,-14.48,-0.74452,5.9216,-5.713,NaN,NaN,NaN,NaN,NaN
633.49,-9.7951,-10.952,-34.398,-1.564,-0.17973,-14.421,-2.9053,9.5767,-5.7929,0,0,0,NaN,NaN,NaN,NaN,NaN,NaN,NaN,NaN,NaN,46.572,0,3709.4,0.0069644,NaN,NaN,NaN,NaN,NaN,-1,-1,-2.3907,1.2343,-14.32,-0.86669,5.7785,-5.7019,NaN,NaN,NaN,NaN,NaN
633.5,-9.7936,-10.939,-34.417,-2.0485,2.6314,-15.148,-1.1205,6.1701,-6.3697,0.59641,-0.14807,-1.0005,NaN,NaN,NaN,NaN,NaN,NaN,NaN,NaN,NaN,46.572,0,3709.4,0.0069644,NaN,NaN,NaN,NaN,21.102,96566,9.9375,-2.4062,1.2023,-14.239,-0.96038,5.8842,-5.721,NaN,NaN,NaN,NaN,NaN
633.5,-9.7902,-10.926,-34.433,-3.3167,0.75779,-12.256,-0.27628,6.0542,-5.9653,0,0,0,NaN,NaN,NaN,NaN,NaN,NaN,NaN,NaN,NaN,46.572,0,3709.4,0.0069644,NaN,NaN,NaN,NaN,NaN,-1,-1,-2.4083,1.1993,-14.159,-0.95757,5.8465,-5.7054,NaN,NaN,NaN,NaN,NaN
633.5,-9.789,-10.914,-34.45,-2.1656,1.6816,-16.912,-1.1436,5.8149,-6.084,0,0,0,NaN,NaN,NaN,NaN,NaN,NaN,NaN,NaN,NaN,46.572,0,3709.4,0.0069644,0.99535,3.1473,0.70836,-0.0024972,NaN,-1,-1,-2.4294,1.2014,-14.019,-0.9185,5.9429,-5.6729,NaN,NaN,NaN,NaN,NaN
633.5,-9.7901,-10.898,-34.469,-1.9536,0.71648,-14.084,-2.2679,7.3305,-6.7648,0,0,0,NaN,NaN,NaN,NaN,NaN,NaN,NaN,NaN,NaN,46.572,0,3709.4,0.0069644,NaN,NaN,NaN,NaN,21.292,96572,9.9375,-2.4372,1.1915,-13.916,-0.882,5.9196,-5.6722,NaN,NaN,NaN,NaN,NaN
633.51,-9.7889,-10.889,-34.487,-2.8942,2.6118,-16.242,-1.1088,4.8415,-6.1718,0.60139,-0.14838,-1.0045,NaN,NaN,NaN,NaN,NaN,NaN,NaN,NaN,NaN,46.572,0,3709.4,0.0069644,NaN,NaN,NaN,NaN,NaN,-1,-1,-2.4469,1.1537,-13.844,-0.95077,5.8418,-5.679,NaN,NaN,NaN,NaN,NaN
633.51,-9.7792,-10.853,-34.523,-1.5481,0.76081,-12.799,0.022517,4.1733,-5.8991,0,0,0,NaN,NaN,NaN,NaN,NaN,NaN,NaN,NaN,NaN,46.572,0,3709.4,0.0069644,NaN,NaN,NaN,NaN,NaN,-1,-1,-2.4559,1.1839,-13.745,-1.0547,5.9151,-5.6724,NaN,NaN,NaN,NaN,NaN
633.51,-9.7805,-10.843,-34.54,-3.7675,1.4596,-15.294,-2.1382,5.1301,-6.2925,0,0,0,NaN,NaN,NaN,NaN,NaN,NaN,NaN,NaN,NaN,46.572,0,3709.4,0.0069644,NaN,NaN,NaN,NaN,21.197,96573,9.9375,-2.4504,1.19,-13.55,-1.0336,6.0241,-5.6699,NaN,NaN,NaN,NaN,NaN
633.51,0,0,0,0,0,0,0,0,0,0,0,0,NaN,NaN,NaN,NaN,NaN,NaN,NaN,NaN,NaN,46.572,0,3709.4,0.0069644,NaN,NaN,NaN,NaN,NaN,-1,-1,-2.4461,1.1477,-13.481,-1.0222,5.9855,-5.7023,NaN,NaN,NaN,NaN,NaN
633.52,-9.7814,-10.824,-34.558,-1.467,-0.30473,-15.13,-2.0987,8.2893,-6.117,0.60811,-0.16048,-1.0039,NaN,NaN,NaN,NaN,NaN,NaN,NaN,NaN,NaN,46.572,0,3709.4,0.0069644,NaN,NaN,NaN,NaN,21.218,96603,10.063,-2.4543,1.1189,-13.403,-1.1486,5.8875,-5.7388,NaN,NaN,NaN,NaN,NaN
633.52,-9.7806,-10.806,-34.578,-2.354,1.8682,-14.738,-1.5297,8.3929,-6.7302,0,0,0,NaN,NaN,NaN,NaN,NaN,NaN,NaN,NaN,NaN,46.572,0,3709.4,0.0069644,NaN,NaN,NaN,NaN,NaN,-1,-1,-2.4485,1.1384,-13.295,-1.2323,5.988,-5.7907,NaN,NaN,NaN,NaN,NaN
633.52,-9.7778,-10.794,-34.595,-3.2366,0.23145,-12.063,-0.53022,5.7836,-6.3166,0,0,0,NaN,NaN,NaN,NaN,NaN,NaN,NaN,NaN,NaN,46.572,0,3709.4,0.0069644,NaN,NaN,NaN,NaN,NaN,-1,-1,-2.4689,1.1581,-13.152,-1.1839,6.0603,-5.8016,NaN,NaN,NaN,NaN,NaN
633.52,-9.7779,-10.765,-34.633,-1.851,1.0287,-14.208,-1.5922,7.8253,-6.7866,0.60825,-0.15568,-1.0039,NaN,NaN,NaN,NaN,NaN,NaN,NaN,NaN,NaN,46.572,0,3709.4,0.0069644,NaN,NaN,NaN,NaN,21.238,96598,10.063,-2.4731,1.1344,-13.038,-1.1377,6.0098,-5.7895,NaN,NaN,NaN,NaN,NaN
633.53,0,0,0,0,0,0,0,0,0,0,0,0,NaN,NaN,NaN,NaN,NaN,NaN,NaN,NaN,NaN,46.572,0,3709.4,0.0069644,NaN,NaN,NaN,NaN,NaN,-1,-1,-2.4763,1.1115,-12.918,-1.1584,6.0606,-5.822,NaN,NaN,NaN,NaN,NaN
633.53,-9.7725,-10.729,-34.67,-3.2389,2.2765,-13.594,0.064458,9.1705,-6.2824,0,0,0,NaN,NaN,NaN,NaN,NaN,NaN,NaN,NaN,NaN,46.572,0,3709.4,0.0069644,NaN,NaN,NaN,NaN,NaN,-1,-1,-2.4784,1.1085,-12.811,-1.2018,6.2472,-5.8599,NaN,NaN,NaN,NaN,NaN
633.53,-9.7674,-10.716,-34.687,-2.2316,1.7967,-12.776,0.36618,6.2183,-6.2597,0,0,0,NaN,NaN,NaN,NaN,NaN,NaN,NaN,NaN,NaN,46.572,0,3709.4,0.0069644,NaN,NaN,NaN,NaN,21.236,96584,10,-2.5072,1.1249,-12.666,-1.2195,6.357,-5.8813,NaN,NaN,NaN,NaN,NaN
633.53,-9.7662,-10.698,-34.706,-2.927,0.53281,-14.259,-1.28,8.0164,-6.4524,0.59896,-0.15075,-1.0047,NaN,NaN,NaN,NaN,NaN,NaN,NaN,NaN,NaN,46.572,0,3709.4,0.0069644,NaN,NaN,NaN,NaN,NaN,-1,-1,-2.5096,1.1001,-12.501,-1.228,6.453,-5.9403,NaN,NaN,NaN,NaN,NaN
633.54,-9.77,-10.689,-34.724,-2.0264,-1.2961,-14.351,-3.2325,4.6875,-6.7458,0,0,0,NaN,NaN,NaN,NaN,NaN,NaN,NaN,NaN,NaN,46.572,0,3709.4,0.0069644,NaN,NaN,NaN,NaN,21.215,96577,9.9375,-2.5049,1.0652,-12.399,-1.2878,6.5236,-5.9997,NaN,NaN,NaN,NaN,NaN
633.54,-9.7685,-10.645,-34.764,-1.9343,0.78178,-11.386,-0.5301,11.238,-6.6116,0,0,0,NaN,NaN,NaN,NaN,NaN,NaN,NaN,NaN,NaN,46.572,0,3709.4,0.0069644,NaN,NaN,NaN,NaN,NaN,-1,-1,-2.5195,1.0356,-12.268,-1.3597,6.6982,-6.0781,NaN,NaN,NaN,NaN,NaN
633.54,-9.7734,-10.648,-34.781,-2.7451,0.82919,-12.964,-1.3009,4.5063,-6.7409,0.60368,-0.15081,-1.0043,NaN,NaN,NaN,NaN,NaN,NaN,NaN,NaN,NaN,46.572,0,3709.4,0.0069644,0.9521,7.3172,0.65542,0.064096,NaN,-1,-1,-2.5355,1.0736,-12.135,-1.3526,6.7935,-6.1136,NaN,NaN,NaN,NaN,NaN
633.54,-9.7757,-10.639,-34.799,-2.8641,1.0537,-16.786,-2.6547,4.4704,-6.8762,0,0,0,NaN,NaN,NaN,NaN,NaN,NaN,NaN,NaN,NaN,46.572,0,3709.4,0.0069644,NaN,NaN,NaN,NaN,20.986,96593,10,-2.5657,1.0915,-12.238,-1.2509,7.1684,-6.1447,NaN,NaN,NaN,NaN,NaN
633.55,-9.7757,-10.614,-34.819,-2.2076,2.8439,-15.575,-1.8175,11.102,-6.2729,0,0,0,NaN,NaN,NaN,NaN,NaN,NaN,NaN,NaN,NaN,46.572,0,3709.4,0.0069644,NaN,NaN,NaN,NaN,NaN,-1,-1,-2.5659,1.0626,-12.084,-1.1719,7.2723,-6.1735,NaN,NaN,NaN,NaN,NaN
633.55,-9.7706,-10.589,-34.839,-3.0371,1.3786,-9.297,0.2085,11.161,-6.4997,0,0,0,NaN,NaN,NaN,NaN,NaN,NaN,NaN,NaN,NaN,46.572,0,3709.4,0.0069644,NaN,NaN,NaN,NaN,NaN,-1,-1,-2.5709,1.0416,-12.036,-1.2009,7.2998,-6.2538,NaN,NaN,NaN,NaN,NaN
633.55,-9.7667,-10.583,-34.855,-2.5729,1.3826,-15.189,0.083251,3.0739,-5.9438,0.60859,-0.14859,-1.0061,NaN,NaN,NaN,NaN,NaN,NaN,NaN,NaN,NaN,46.572,0,3709.4,0.0069644,NaN,NaN,NaN,NaN,21.276,96593,10.063,-2.5858,1.0438,-11.941,-1.2812,7.6925,-6.3049,NaN,NaN,NaN,NaN,NaN
633.55,-9.7671,-10.561,-34.876,-3.3884,1.0303,-13.597,-2.0273,10.06,-6.8989,0,0,0,NaN,NaN,NaN,NaN,NaN,NaN,NaN,NaN,NaN,46.572,0,3709.4,0.0069644,NaN,NaN,NaN,NaN,NaN,-1,-1,-2.6175,1.0736,-12.045,-1.2775,8.0307,-6.3817,NaN,NaN,NaN,NaN,NaN
633.56,-9.7688,-10.543,-34.895,-1.6558,-0.94678,-13.384,-2.505,8.3855,-6.7474,0,0,0,NaN,NaN,NaN,NaN,NaN,NaN,NaN,NaN,NaN,46.572,0,3709.4,0.0069644,0.93732,11.124,0.70836,0.054107,21.102,96549,9.875,-2.6231,1.0464,-11.957,-1.2672,8.2352,-6.4705,NaN,NaN,NaN,NaN,NaN
633.56,-9.7721,-10.529,-34.914,-2.6755,1.2035,-14.477,-3.049,6.6344,-6.7663,0,0,0,NaN,NaN,NaN,NaN,NaN,NaN,NaN,NaN,NaN,46.572,0,3709.4,0.0069644,NaN,NaN,NaN,NaN,NaN,-1,-1,-2.6446,1.0347,-11.898,-1.3421,8.3702,-6.5451,NaN,NaN,NaN,NaN,NaN
633.56,-9.7701,-10.506,-34.934,-2.8682,2.1386,-11.76,-1.0491,10.333,-6.5396,0.59902,-0.15327,-1.0069,NaN,NaN,NaN,NaN,NaN,NaN,NaN,NaN,NaN,46.572,0,3709.4,0.0069644,NaN,NaN,NaN,NaN,NaN,-1,-1,-2.6532,1.041,-11.826,-1.4626,8.9008,-6.6474,NaN,NaN,NaN,NaN,NaN
633.56,-9.7678,-10.485,-34.955,-2.2453,0.97137,-14.757,-0.92842,9.2883,-6.9601,0,0,0,NaN,NaN,NaN,NaN,NaN,NaN,NaN,NaN,NaN,46.572,0,3709.4,0.0069644,NaN,NaN,NaN,NaN,21.218,96561,9.9375,-2.6765,1.0473,-11.755,-1.4667,9.1485,-6.7322,NaN,NaN,NaN,NaN,NaN
633.57,-9.7694,-10.472,-34.975,-2.4781,0.02953,-11.656,-2.4681,6.2262,-7.2323,0,0,0,NaN,NaN,NaN,NaN,NaN,NaN,NaN,NaN,NaN,46.572,0,3709.4,0.0069644,NaN,NaN,NaN,NaN,NaN,-1,-1,-2.6834,1.0242,-11.687,-1.3868,9.4244,-6.8056,NaN,NaN,NaN,NaN,NaN
633.57,-9.7699,-10.453,-34.994,-2.3964,2.6533,-16.679,-1.9573,8.9569,-6.5356,0,0,0,NaN,NaN,NaN,NaN,NaN,NaN,NaN,NaN,NaN,46.572,0,3709.4,0.0069644,0.92965,13.598,0.63473,0.099057,NaN,-1,-1,-2.6888,1.0611,-11.626,-1.418,9.8793,-6.8997,NaN,NaN,NaN,NaN,NaN
633.57,-9.7645,-10.421,-35.016,-3.4644,2.2318,-11.403,0.22196,13.861,-6.577,0.58729,-0.15563,-1.0102,NaN,NaN,NaN,NaN,NaN,NaN,NaN,NaN,NaN,46.572,0,3709.4,0.0069644,NaN,NaN,NaN,NaN,21.137,96567,9.875,-2.7146,1.0583,-11.596,-1.4402,9.9657,-6.7482,NaN,NaN,NaN,NaN,NaN
633.57,-9.7604,-10.4,-35.035,-2.4712,0.87207,-11.93,-0.078438,9.2867,-6.1395,0,0,0,NaN,NaN,NaN,NaN,NaN,NaN,NaN,NaN,NaN,46.572,0,3785.1,0.0069644,NaN,NaN,NaN,NaN,NaN,-1,-1,-2.7127,1.0114,-11.538,-1.4679,10.458,-6.7973,NaN,NaN,NaN,NaN,NaN
633.58,-9.7638,-10.364,-35.075,-2.0316,-0.22538,-15.827,-2.7406,9.3256,-7.0101,0,0,0,NaN,NaN,NaN,NaN,NaN,NaN,NaN,NaN,NaN,46.572,0,3785.1,0.0069644,NaN,NaN,NaN,NaN,21.022,96545,9.8125,-2.721,1.0174,-11.503,-1.5319,10.991,-6.8671,NaN,NaN,NaN,NaN,NaN
633.58,-9.7631,-10.328,-35.099,-3.2035,1.195,-13.24,-1.812,15.483,-7.2129,0.59927,-0.15843,-1.0136,NaN,NaN,NaN,NaN,NaN,NaN,NaN,NaN,NaN,46.572,0,3785.1,0.0069644,NaN,NaN,NaN,NaN,NaN,-1,-1,-2.7272,1.0038,-11.465,-1.5943,11.179,-6.9218,NaN,NaN,NaN,NaN,NaN
633.58,-9.7617,-10.3,-35.12,-1.9878,0.59766,-8.5755,-1.2634,12.348,-6.5443,0,0,0,NaN,NaN,NaN,NaN,NaN,NaN,NaN,NaN,NaN,46.572,0,3785.1,0.0069644,0.92856,16.886,0.6256,0.11321,NaN,-1,-1,-2.7268,1.0073,-11.469,-1.698,11.847,-7.0142,NaN,NaN,NaN,NaN,NaN
633.58,-9.7607,-10.282,-35.14,-2.9096,1.647,-14.151,-1.4004,8.4634,-6.8981,0,0,0,NaN,NaN,NaN,NaN,NaN,NaN,NaN,NaN,NaN,46.787,0,3785.1,0.0069644,NaN,NaN,NaN,NaN,21.024,96575,9.9375,-2.7238,0.99628,-11.378,-1.7157,12.223,-6.8374,NaN,NaN,NaN,NaN,NaN
633.59,-9.7613,-10.255,-35.163,-2.7193,1.0124,-13.823,-2.2327,11.878,-7.4097,0,0,0,NaN,NaN,NaN,NaN,NaN,NaN,NaN,NaN,NaN,46.787,0,3785.1,0.0069644,NaN,NaN,NaN,NaN,NaN,-1,-1,-2.7288,0.9844,-11.372,-1.667,12.788,-6.847,NaN,NaN,NaN,NaN,NaN
633.59,-9.7597,-10.219,-35.185,-2.0519,2.1792,-13.916,-1.2612,15.615,-6.2535,0.58741,-0.16068,-1.0147,NaN,NaN,NaN,NaN,NaN,NaN,NaN,NaN,NaN,46.787,0,3785.1,0.0069644,NaN,NaN,NaN,NaN,NaN,-1,-1,-2.7397,0.97403,-11.405,-1.63,13.402,-6.8474,NaN,NaN,NaN,NaN,NaN
633.59,-9.7561,-10.181,-35.207,-3.2969,1.372,-9.0007,-0.52116,16.548,-6.5089,0,0,0,NaN,NaN,NaN,NaN,NaN,NaN,NaN,NaN,NaN,46.787,0,3785.1,0.0069644,0.94334,20.167,0.64994,0.07242,21.119,96578,9.9375,-2.7408,0.98008,-11.374,-1.6736,14.197,-6.8573,NaN,NaN,NaN,NaN,NaN
633.59,-9.7525,-10.156,-35.227,-2.2647,1.4201,-12.855,-0.3118,10.885,-6.3121,0,0,0,NaN,NaN,NaN,NaN,NaN,NaN,NaN,NaN,NaN,46.787,0,3785.1,0.0069644,0.94334,20.167,0.64994,0.07242,NaN,-1,-1,-2.7407,0.95671,-11.355,-1.7885,14.719,-6.8834,NaN,NaN,NaN,NaN,NaN
633.6,-9.7526,-10.115,-35.251,-3.6057,0.77138,-11.742,-2.1092,17.548,-6.9941,0,0,0,NaN,NaN,NaN,NaN,NaN,NaN,NaN,NaN,NaN,46.787,0,3785.1,0.0069644,NaN,NaN,NaN,NaN,21.043,96554,9.875,-2.7442,0.9604,-11.38,-1.7973,15.635,-6.9035,NaN,NaN,NaN,NaN,NaN
633.6,-9.7561,-10.081,-35.275,-2.0763,-1.2668,-13.018,-3.4399,14.719,-7.3074,0.58959,-0.15314,-1.0078,NaN,NaN,NaN,NaN,NaN,NaN,NaN,NaN,NaN,46.787,0,3785.1,0.0069644,NaN,NaN,NaN,NaN,NaN,-1,-1,-2.7386,0.94175,-11.449,-1.8593,16.514,-6.9296,NaN,NaN,NaN,NaN,NaN
633.6,-9.7578,-10.042,-35.3,-2.6997,2.3924,-12.692,-2.7301,16.983,-7.182,0,0,0,NaN,NaN,NaN,NaN,NaN,NaN,NaN,NaN,NaN,46.787,0,3785.1,0.0069644,NaN,NaN,NaN,NaN,NaN,-1,-1,-2.7447,0.95092,-11.48,-1.9897,17.217,-6.9683,NaN,NaN,NaN,NaN,NaN
633.6,-9.7565,-9.9935,-35.325,-2.8242,-0.18927,-10.503,-1.6309,20.792,-7.0914,0,0,0,NaN,NaN,NaN,NaN,NaN,NaN,NaN,NaN,NaN,46.787,0,3785.1,0.0069644,NaN,NaN,NaN,NaN,21.078,96552,9.8125,-2.7565,0.94552,-11.182,-2.0921,18.303,-6.9614,NaN,NaN,NaN,NaN,NaN
633.61,-9.756,-9.9532,-35.35,-2.9603,1.8024,-10.817,-1.8827,17.377,-7.1556,0,0,0,NaN,NaN,NaN,NaN,NaN,NaN,NaN,NaN,NaN,46.787,0,3785.1,0.0069644,NaN,NaN,NaN,NaN,NaN,-1,-1,-2.7462,0.94645,-11.312,-2.0255,19.321,-6.9582,NaN,NaN,NaN,NaN,NaN
633.61,-9.7584,-9.9137,-35.375,-2.0271,0.50745,-12.554,-2.9947,17.075,-7.092,0.5827,-0.16061,-1.0151,NaN,NaN,NaN,NaN,NaN,NaN,NaN,NaN,NaN,46.787,0,3785.1,0.0069644,NaN,NaN,NaN,NaN,NaN,-1,-1,-2.7473,0.92619,-11.427,-2.0175,20.132,-6.9302,NaN,NaN,NaN,NaN,NaN
633.61,-9.7595,-9.8605,-35.399,-2.893,2.1133,-14.952,-2.4879,22.501,-6.3768,0,0,0,NaN,NaN,NaN,NaN,NaN,NaN,NaN,NaN,NaN,46.787,0,3785.1,0.0069644,NaN,NaN,NaN,NaN,21.001,96535,9.75,-2.7261,0.92965,-11.514,-2.1315,21.385,-6.9531,NaN,NaN,NaN,NaN,NaN
633.61,-9.7555,-9.797,-35.427,-3.2449,1.5893,-8.3381,-0.67592,26.759,-6.9155,0,0,0,NaN,NaN,NaN,NaN,NaN,NaN,NaN,NaN,NaN,46.787,0,3785.1,0.0069644,NaN,NaN,NaN,NaN,NaN,-1,-1,-2.7445,0.93148,-11.331,-2.2418,22.414,-6.9577,NaN,NaN,NaN,NaN,NaN
633.62,-9.7512,-9.7542,-35.451,-2.1279,1.6989,-11.614,-0.29089,18.362,-6.9043,0,0,0,NaN,NaN,NaN,NaN,NaN,NaN,NaN,NaN,NaN,46.787,0,3785.1,0.0069644,NaN,NaN,NaN,NaN,21.06,96589,9.9375,-2.7263,0.95228,-11.473,-2.3345,23.5,-6.9671,NaN,NaN,NaN,NaN,NaN
633.62,-9.7523,-9.6929,-35.48,-3.6841,-0.18587,-12.031,-2.6914,25.905,-6.9817,0.58022,-0.15553,-1.0108,NaN,NaN,NaN,NaN,NaN,NaN,NaN,NaN,NaN,46.787,0,3785.1,0.0069644,1.0025,20.066,0.70654,0.016648,NaN,-1,-1,-2.7005,0.92681,-11.661,-2.433,24.966,-6.9579,NaN,NaN,NaN,NaN,NaN
633.62,-9.7575,-9.6306,-35.508,-2.0266,0.075353,-10.622,-4.3349,26.306,-7.1224,0,0,0,NaN,NaN,NaN,NaN,NaN,NaN,NaN,NaN,NaN,46.787,0,3785.1,0.0069644,1.0025,20.066,0.70654,0.016648,NaN,-1,-1,-2.6882,0.91762,-11.854,-2.5059,26.215,-6.9836,NaN,NaN,NaN,NaN,NaN
633.62,-9.7612,-9.5755,-35.534,-2.745,1.6326,-13.08,-3.6195,23.361,-6.9622,0,0,0,NaN,NaN,NaN,NaN,NaN,NaN,NaN,NaN,NaN,46.787,0,3785.1,0.0069644,NaN,NaN,NaN,NaN,20.985,96602,10,-2.6764,0.89644,-12.039,-2.6455,27.38,-6.9946,NaN,NaN,NaN,NaN,NaN
633.63,-9.76,-9.5031,-35.565,-2.8729,-0.055307,-11.759,-1.9063,30.495,-7.4497,0,0,0,NaN,NaN,NaN,NaN,NaN,NaN,NaN,NaN,NaN,46.787,0,3785.1,0.0069644,NaN,NaN,NaN,NaN,NaN,-1,-1,-2.6332,0.91581,-12.191,-2.7352,28.835,-6.9756,NaN,NaN,NaN,NaN,NaN
633.63,-9.7652,-9.3599,-35.625,-1.5345,2.4052,-9.2391,-4.0199,28.547,-6.9256,0,0,0,NaN,NaN,NaN,NaN,NaN,NaN,NaN,NaN,NaN,46.787,0,3785.1,0.0069644,NaN,NaN,NaN,NaN,NaN,-1,-1,-2.6339,0.90692,-12.441,-2.6611,30.489,-6.94,NaN,NaN,NaN,NaN,NaN
633.63,-9.7665,-9.2884,-35.654,-2.8712,0.90716,-16.122,-2.7978,30.027,-6.9524,0,0,0,NaN,NaN,NaN,NaN,NaN,NaN,NaN,NaN,NaN,46.787,0,3785.1,0.0069644,NaN,NaN,NaN,NaN,21.079,96568,9.875,-2.6091,0.90698,-12.631,-2.6425,31.88,-6.9024,NaN,NaN,NaN,NaN,NaN
633.63,-9.7647,-9.1894,-35.689,-3.7989,1.3645,-10.301,-1.85,41.183,-7.055,0,0,0,NaN,NaN,NaN,NaN,NaN,NaN,NaN,NaN,NaN,46.787,0,3785.1,0.0069644,0.99918,20.155,0.70714,0.0041621,20.789,96574,9.875,-2.5608,0.91607,-12.811,-2.7778,33.469,-6.8946,NaN,NaN,NaN,NaN,NaN
633.64,-9.7631,-9.1124,-35.718,-1.7621,2.0853,-9.6659,-1.5357,32.174,-6.4022,0.57595,-0.16328,-1.0224,NaN,NaN,NaN,NaN,NaN,NaN,NaN,NaN,NaN,46.787,0,3785.1,0.0069644,NaN,NaN,NaN,NaN,NaN,-1,-1,-2.5438,0.90772,-13.041,-2.8383,35.112,-6.8967,NaN,NaN,NaN,NaN,NaN
633.64,-9.7631,-9.0291,-35.749,-3.1098,0.058751,-12.046,-2.3632,34.826,-6.9472,0,0,0,NaN,NaN,NaN,NaN,NaN,NaN,NaN,NaN,NaN,46.787,0,3785.1,0.0069644,NaN,NaN,NaN,NaN,NaN,-1,-1,-2.5174,0.89783,-13.273,-2.837,36.76,-6.8652,NaN,NaN,NaN,NaN,NaN
633.64,-9.7675,-8.931,-35.783,-2.8802,0.15448,-13.139,-4.2283,40.783,-6.8901,0,0,0,NaN,NaN,NaN,NaN,NaN,NaN,NaN,NaN,NaN,46.787,0,3785.1,0.0069644,NaN,NaN,NaN,NaN,NaN,-1,-1,-2.4697,0.88417,-13.481,-2.8743,38.469,-6.8462,NaN,NaN,NaN,NaN,NaN
633.64,-9.7703,-8.8354,-35.817,-2.3206,-0.15268,-12.443,-3.5778,39.824,-7.0675,0,0,0,NaN,NaN,NaN,NaN,NaN,NaN,NaN,NaN,NaN,46.787,0,3785.1,0.0069644,NaN,NaN,NaN,NaN,20.942,96522,9.6875,-2.4444,0.88771,-13.737,-2.974,40.018,-6.8605,NaN,NaN,NaN,NaN,NaN
633.65,-9.7712,-8.742,-35.85,-2.4386,0.061127,-11.938,-2.7625,38.935,-6.9141,0.55971,-0.15837,-1.026,NaN,NaN,NaN,NaN,NaN,NaN,NaN,NaN,NaN,46.787,0,3785.1,0.0069644,NaN,NaN,NaN,NaN,NaN,-1,-1,-2.3993,0.89604,-13.973,-3.0475,41.66,-6.821,NaN,NaN,NaN,NaN,NaN
633.65,-9.772,-8.629,-35.886,-3.8422,1.6089,-14.011,-2.8349,46.811,-6.6717,0,0,0,NaN,NaN,NaN,NaN,NaN,NaN,NaN,NaN,NaN,46.787,0,3785.1,0.0069644,NaN,NaN,NaN,NaN,NaN,-1,-1,-2.37,0.89393,-14.253,-3.0147,43.646,-6.7716,NaN,NaN,NaN,NaN,NaN
633.65,-9.7747,-8.5198,-35.921,-0.73952,2.7425,-9.1538,-3.557,45.278,-6.65,0,0,0,NaN,NaN,NaN,NaN,NaN,NaN,NaN,NaN,NaN,46.787,0,3785.1,0.0069644,NaN,NaN,NaN,NaN,20.823,96557,9.75,-2.3262,0.89414,-14.528,-2.8933,45.323,-6.6976,NaN,NaN,NaN,NaN,NaN
633.65,-9.7757,-8.4172,-35.955,-2.963,-0.41681,-15.991,-2.7421,42.537,-6.5141,0,0,0,NaN,NaN,NaN,NaN,NaN,NaN,NaN,NaN,NaN,46.787,0,3785.1,0.0069644,NaN,NaN,NaN,NaN,NaN,-1,-1,-2.2841,0.8865,-14.762,-2.9302,47.255,-6.6704,NaN,NaN,NaN,NaN,NaN
633.66,-9.7746,-8.1663,-36.03,-1.5893,3.8556,-11.468,-2.1174,49.977,-6.1689,0,0,0,NaN,NaN,NaN,NaN,NaN,NaN,NaN,NaN,NaN,46.787,0,3785.1,0.0069644,NaN,NaN,NaN,NaN,21.062,96578,9.9375,-2.2442,0.91739,-15.048,-2.9755,48.756,-6.6369,NaN,NaN,NaN,NaN,NaN
633.66,-9.7739,-8.0495,-36.066,-2.7844,-1.0553,-11.404,-2.1811,48.39,-6.8066,0,0,0,NaN,NaN,NaN,NaN,NaN,NaN,NaN,NaN,NaN,46.787,0,3785.1,0.0069644,0.92856,20.193,0.71627,0.04828,NaN,-1,-1,-2.1971,0.87182,-15.323,-2.97,50.421,-6.6013,NaN,NaN,NaN,NaN,NaN
633.66,-9.7808,-7.9175,-36.106,-2.8504,-0.48694,-16.749,-5.2981,54.555,-6.8319,0,0,0,NaN,NaN,NaN,NaN,NaN,NaN,NaN,NaN,NaN,46.787,0,3785.1,0.0069644,NaN,NaN,NaN,NaN,NaN,-1,-1,-2.1458,0.87191,-15.609,-2.96,52.469,-6.5557,NaN,NaN,NaN,NaN,NaN
633.66,-9.7835,-7.7814,-36.147,-1.7101,-0.070733,-13.631,-3.6697,56.252,-6.8935,0.52731,-0.15107,-1.0356,NaN,NaN,NaN,NaN,NaN,NaN,NaN,NaN,NaN,46.787,0,3785.1,0.0069644,NaN,NaN,NaN,NaN,20.864,96547,9.75,-2.0959,0.87232,-15.924,-2.9782,54.067,-6.539,NaN,NaN,NaN,NaN,NaN
633.67,-9.7826,-7.6533,-36.184,-2.5224,1.7464,-14.434,-1.9762,52.856,-6.1669,0,0,0,NaN,NaN,NaN,NaN,NaN,NaN,NaN,NaN,NaN,46.787,0,3785.1,0.0069644,NaN,NaN,NaN,NaN,NaN,-1,-1,-2.0479,0.84769,-16.22,-3.035,55.52,-6.508,NaN,NaN,NaN,NaN,NaN
633.67,-9.7826,-7.5044,-36.225,-3.6051,0.18425,-16.128,-2.5712,61.361,-6.4505,0,0,0,NaN,NaN,NaN,NaN,NaN,NaN,NaN,NaN,NaN,46.787,0,3785.1,0.0069644,NaN,NaN,NaN,NaN,NaN,-1,-1,-1.9848,0.86188,-16.507,-3.0041,57.476,-6.4257,NaN,NaN,NaN,NaN,NaN
633.67,-9.7864,-7.355,-36.266,-0.67106,2.2058,-11.241,-3.9791,61.522,-6.2041,0,0,0,NaN,NaN,NaN,NaN,NaN,NaN,NaN,NaN,NaN,46.787,0,3785.1,0.0069644,NaN,NaN,NaN,NaN,20.922,96585,9.875,-1.9294,0.84746,-16.869,-2.8318,59.385,-6.3436,NaN,NaN,NaN,NaN,NaN
633.67,-9.7852,-7.2179,-36.306,-2.219,-0.43693,-17.026,-1.899,56.588,-6.3819,0.52482,-0.15092,-1.0336,NaN,NaN,NaN,NaN,NaN,NaN,NaN,NaN,NaN,46.787,0,3785.1,0.0069644,0.92965,20.304,0.63412,0.082409,NaN,-1,-1,-1.8868,0.84556,-17.188,-2.7346,60.9,-6.2861,NaN,NaN,NaN,NaN,NaN
633.68,-9.7848,-7.0597,-36.346,-2.503,1.7781,-18.304,-2.1999,64.964,-5.572,0,0,0,NaN,NaN,NaN,NaN,NaN,NaN,NaN,NaN,NaN,46.787,0,3785.1,0.0069644,NaN,NaN,NaN,NaN,20.906,96591,9.9375,-1.8181,0.86007,-17.515,-2.7531,62.69,-6.2326,NaN,NaN,NaN,NaN,NaN
633.68,-9.7823,-6.8953,-36.39,-2.5311,3.2925,-14.418,-1.4995,67.594,-6.15,0,0,0,NaN,NaN,NaN,NaN,NaN,NaN,NaN,NaN,NaN,46.787,0,3785.1,0.0069644,NaN,NaN,NaN,NaN,NaN,-1,-1,-1.7641,0.86978,-17.834,-2.778,64.185,-6.1777,NaN,NaN,NaN,NaN,NaN
633.68,-9.7824,-6.7396,-36.432,-1.7095,-1.4079,-12.463,-2.3761,64.08,-6.2638,0,0,0,NaN,NaN,NaN,NaN,NaN,NaN,NaN,NaN,NaN,46.787,0,3785.1,0.0069644,NaN,NaN,NaN,NaN,NaN,-1,-1,-1.7151,0.83464,-18.214,-2.7207,65.766,-6.1128,NaN,NaN,NaN,NaN,NaN
633.68,-9.7891,-6.5805,-36.476,-1.638,-0.78191,-19.497,-5.0784,65.55,-6.7002,0.52279,-0.14872,-1.0383,NaN,NaN,NaN,NaN,NaN,NaN,NaN,NaN,NaN,46.787,0,3785.1,0.0069644,NaN,NaN,NaN,NaN,20.923,96579,9.875,-1.634,0.82276,-18.552,-2.6895,67.648,-6.0718,NaN,NaN,NaN,NaN,NaN
633.69,-9.792,-6.406,-36.521,-2.1873,-0.49952,-17.677,-3.588,71.69,-6.1715,0,0,0,NaN,NaN,NaN,NaN,NaN,NaN,NaN,NaN,NaN,46.787,0,3785.1,0.0069644,NaN,NaN,NaN,NaN,NaN,-1,-1,-1.569,0.82955,-18.894,-2.7575,68.908,-6.0091,NaN,NaN,NaN,NaN,NaN
633.69,-9.7899,-6.2409,-36.564,-1.9902,1.9502,-17.959,-1.4105,67.842,-5.964,0,0,0,NaN,NaN,NaN,NaN,NaN,NaN,NaN,NaN,NaN,46.787,0,3785.1,0.0069644,NaN,NaN,NaN,NaN,NaN,-1,-1,-1.5172,0.80962,-19.287,-2.7775,70.249,-5.9506,NaN,NaN,NaN,NaN,NaN
633.69,-9.7905,-6.0585,-36.609,-2.6575,1.0887,-17.903,-2.5558,74.855,-5.767,0,0,0,NaN,NaN,NaN,NaN,NaN,NaN,NaN,NaN,NaN,46.787,0,3785.1,0.0069644,NaN,NaN,NaN,NaN,20.848,96610,10,-1.4314,0.81653,-19.614,-2.6148,72.019,-5.8677,NaN,NaN,NaN,NaN,NaN
633.69,-9.7944,-5.8772,-36.655,-0.50237,1.0926,-14.829,-3.7882,74.512,-5.9656,0.50202,-0.15132,-1.049,NaN,NaN,NaN,NaN,NaN,NaN,NaN,NaN,NaN,46.533,0.024486,3843.7,0.0058767,NaN,NaN,NaN,NaN,NaN,-1,-1,-1.3661,0.81846,-20.02,-2.5363,73.391,-5.7927,NaN,NaN,NaN,NaN,NaN
633.7,-9.7958,-5.7071,-36.699,-1.8887,-0.53585,-21.878,-2.6511,69.853,-5.7778,0,0,0,NaN,NaN,NaN,NaN,NaN,NaN,NaN,NaN,NaN,46.533,0.024486,3843.7,0.0058767,NaN,NaN,NaN,NaN,21.15,96560,9.75,-1.3151,0.81154,-20.393,-2.5425,74.944,-5.714,NaN,NaN,NaN,NaN,NaN
633.7,-9.7937,-5.5145,-36.744,-1.5294,2.1837,-21.173,-1.3175,78.866,-5.1425,0,0,0,NaN,NaN,NaN,NaN,NaN,NaN,NaN,NaN,NaN,46.533,0.024486,3843.7,0.0058767,0.92527,18.08,0.6329,0.10072,NaN,-1,-1,-1.2454,0.79411,-20.792,-2.5655,76.432,-5.6401,NaN,NaN,NaN,NaN,NaN
633.7,-9.7898,-5.3138,-36.792,-1.661,3.1343,-16.645,-0.59072,82.163,-5.3409,0,0,0,NaN,NaN,NaN,NaN,NaN,NaN,NaN,NaN,NaN,46.533,0.024486,3843.7,0.0058767,NaN,NaN,NaN,NaN,NaN,-1,-1,-1.1727,0.77613,-21.16,-2.5615,77.964,-5.586,NaN,NaN,NaN,NaN,NaN
633.7,-9.7909,-5.1321,-36.837,-1.2326,-2.3936,-16.884,-2.4262,74.55,-5.6048,0.49514,-0.15386,-1.0541,NaN,NaN,NaN,NaN,NaN,NaN,NaN,NaN,NaN,46.533,0.024486,3843.7,0.0058767,NaN,NaN,NaN,NaN,20.828,96614,10,-1.0958,0.78457,-21.513,-2.5557,79.059,-5.5211,NaN,NaN,NaN,NaN,NaN
633.71,-9.7972,-4.9412,-36.884,-1.7366,-0.24352,-23.171,-4.5829,78.307,-5.9372,0,0,0,NaN,NaN,NaN,NaN,NaN,NaN,NaN,NaN,NaN,46.533,0.024486,3843.7,0.0058767,NaN,NaN,NaN,NaN,NaN,-1,-1,-1.0202,0.77069,-21.925,-2.5411,80.594,-5.4328,NaN,NaN,NaN,NaN,NaN
633.71,-9.7969,-4.545,-36.977,-1.122,2.7179,-21.942,-1.3966,77.332,-5.003,0,0,0,NaN,NaN,NaN,NaN,NaN,NaN,NaN,NaN,NaN,46.533,0.024486,3843.7,0.0058767,NaN,NaN,NaN,NaN,NaN,-1,-1,-0.94369,0.76818,-22.321,-2.4527,82.218,-5.3388,NaN,NaN,NaN,NaN,NaN
633.71,-9.798,-4.3296,-37.028,-2.7316,1.1425,-22.925,-2.3196,88.26,-5.3507,0.47909,-0.15652,-1.0645,NaN,NaN,NaN,NaN,NaN,NaN,NaN,NaN,NaN,46.533,0.024486,3843.7,0.0058767,NaN,NaN,NaN,NaN,20.902,96590,9.875,-0.85982,0.76632,-22.691,-2.33,83.208,-5.2246,NaN,NaN,NaN,NaN,NaN
633.71,-9.8016,-4.1176,-37.077,0.65743,1.0256,-18.671,-3.2557,86.746,-5.2015,0,0,0,NaN,NaN,NaN,NaN,NaN,NaN,NaN,NaN,NaN,46.533,0.024486,3843.7,0.0058767,0.93732,14.773,0.63533,0.097392,NaN,-1,-1,-0.78637,0.77951,-23.084,-2.2676,84.375,-5.1238,NaN,NaN,NaN,NaN,NaN
633.72,-9.803,-3.924,-37.123,-1.1548,-1.5172,-24.194,-2.2015,79.313,-5.3083,0,0,0,NaN,NaN,NaN,NaN,NaN,NaN,NaN,NaN,NaN,46.533,0.024486,3843.7,0.0058767,NaN,NaN,NaN,NaN,21.077,96602,9.9375,-0.72302,0.75807,-23.481,-2.2258,85.58,-5.0387,NaN,NaN,NaN,NaN,NaN
633.72,-9.8019,-3.7056,-37.171,-1.0582,2.632,-26.835,-1.1957,89.187,-4.3293,0,0,0,NaN,NaN,NaN,NaN,NaN,NaN,NaN,NaN,NaN,46.533,0.024486,3843.7,0.0058767,NaN,NaN,NaN,NaN,NaN,-1,-1,-0.63504,0.76448,-23.857,-2.2751,86.69,-4.9559,NaN,NaN,NaN,NaN,NaN
633.72,-9.7997,-3.4766,-37.221,-0.54903,3.5203,-19.314,-0.73132,93.55,-4.4455,0.46278,-0.15401,-1.0682,-12.254,18.426,-4.9571,22.677,40.061,-88.547,3.6803e+05,4.4356e+06,362.55,46.533,0.024486,3843.7,0.0058767,NaN,NaN,NaN,NaN,NaN,-1,-1,-0.55476,0.71545,-24.256,-2.2432,87.874,-4.86,22.345,0.75316,3.7922,9.632,1.9033
633.72,-9.8027,-3.2727,-37.268,-0.79243,-4.1216,-20.503,-2.675,83.464,-5.0261,0,0,0,NaN,NaN,NaN,NaN,NaN,NaN,NaN,NaN,NaN,46.533,0.024486,3843.7,0.0058767,NaN,NaN,NaN,NaN,20.978,96578,9.8125,-0.46767,0.71731,-24.623,-2.1974,88.845,-4.7752,NaN,NaN,NaN,NaN,NaN
633.73,-9.8118,-3.0563,-37.318,-0.65473,-0.41269,-26.994,-5.146,88.588,-5.4359,0,0,0,NaN,NaN,NaN,NaN,NaN,NaN,NaN,NaN,NaN,46.533,0.024486,3843.7,0.0058767,0.94553,7.8262,0.7108,0.044118,NaN,-1,-1,-0.39945,0.7253,-25.039,-2.186,89.662,-4.6903,NaN,NaN,NaN,NaN,NaN
633.73,-9.814,-2.833,-37.368,0.37264,0.48688,-26.732,-2.2477,91.211,-4.5821,0,0,0,NaN,NaN,NaN,NaN,NaN,NaN,NaN,NaN,NaN,46.533,0.024486,3843.7,0.0058767,NaN,NaN,NaN,NaN,NaN,-1,-1,-0.31422,0.71853,-25.206,-2.2125,90.776,-4.5788,NaN,NaN,NaN,NaN,NaN
633.73,-9.8125,-2.6155,-37.416,-0.79383,3.1484,-25.128,-0.62206,88.964,-4.3455,0.43913,-0.16102,-1.0725,NaN,NaN,NaN,NaN,NaN,NaN,NaN,NaN,NaN,46.533,0.024486,3843.7,0.0058767,NaN,NaN,NaN,NaN,21.095,96608,9.9375,-0.24221,0.73547,-25.654,-2.066,91.655,-4.4755,NaN,NaN,NaN,NaN,NaN
633.73,-9.8142,-2.3763,-37.467,-1.856,-0.074731,-25.661,-1.9386,97.65,-4.3593,0,0,0,NaN,NaN,NaN,NaN,NaN,NaN,NaN,NaN,NaN,46.533,0.024486,3843.7,0.0058767,NaN,NaN,NaN,NaN,21.052,96594,9.8125,-0.17836,0.73562,-26.032,-1.9521,92.379,-4.3264,NaN,NaN,NaN,NaN,NaN
633.74,-9.8215,-2.1541,-37.516,1.8533,0.64434,-22.052,-4.0467,90.74,-4.3551,0,0,0,NaN,NaN,NaN,NaN,NaN,NaN,NaN,NaN,NaN,46.533,0.024486,3843.7,0.0058767,NaN,NaN,NaN,NaN,NaN,-1,-1,-0.085305,0.72159,-26.41,-1.879,93.105,-4.2292,NaN,NaN,NaN,NaN,NaN
633.74,-9.8229,-1.9433,-37.562,-0.45894,-0.58371,-32.347,-1.6136,86.103,-4.01,0,0,0,NaN,NaN,NaN,NaN,NaN,NaN,NaN,NaN,NaN,46.533,0.024486,3843.7,0.0058767,0.95155,3.5351,0.71627,0.038291,NaN,-1,-1,0.00565,0.69651,-26.62,-1.8657,93.755,-4.1239,NaN,NaN,NaN,NaN,NaN
633.74,-9.8216,-1.6956,-37.614,-1.0642,2.4483,-29.128,-0.47848,101.03,-4.0018,0.42995,-0.16606,-1.08,NaN,NaN,NaN,NaN,NaN,NaN,NaN,NaN,NaN,46.533,0.024486,3843.7,0.0058767,NaN,NaN,NaN,NaN,NaN,-1,-1,0.080138,0.67603,-27.091,-1.8686,94.248,-4.0397,NaN,NaN,NaN,NaN,NaN
633.74,-9.8203,-1.4525,-37.665,1.3675,2.887,-21.014,-0.40348,99.13,-3.7148,0,0,0,NaN,NaN,NaN,NaN,NaN,NaN,NaN,NaN,NaN,46.533,0.024486,3843.7,0.0058767,NaN,NaN,NaN,NaN,20.96,96610,9.9375,0.17104,0.6539,-27.486,-1.8359,94.9,-3.9328,NaN,NaN,NaN,NaN,NaN
633.75,-9.8342,-1.0094,-37.761,-0.3712,-1.344,-33.167,-4.8915,96.722,-4.4557,0,0,0,NaN,NaN,NaN,NaN,NaN,NaN,NaN,NaN,NaN,46.533,0.024486,3843.7,0.0058767,NaN,NaN,NaN,NaN,NaN,-1,-1,0.24551,0.67136,-27.902,-1.764,95.049,-3.8446,NaN,NaN,NaN,NaN,NaN
633.75,-9.8378,-0.76817,-37.811,1.4268,0.94045,-30.662,-2.0632,98.478,-3.4027,0.40678,-0.15624,-1.0843,NaN,NaN,NaN,NaN,NaN,NaN,NaN,NaN,NaN,46.533,0.024486,3843.7,0.0058767,NaN,NaN,NaN,NaN,NaN,-1,-1,0.32333,0.6612,-28.303,-1.7252,95.326,-3.7516,NaN,NaN,NaN,NaN,NaN
633.75,-9.836,-0.54078,-37.86,-0.015514,3.908,-27.226,0.14845,92.782,-3.8475,0,0,0,NaN,NaN,NaN,NaN,NaN,NaN,NaN,NaN,NaN,46.533,0.024486,3843.7,0.0058767,NaN,NaN,NaN,NaN,21.091,96610,9.875,0.4082,0.65608,-28.749,-1.6873,95.879,-3.6492,NaN,NaN,NaN,NaN,NaN
633.75,-9.837,-0.30006,-37.909,-0.12564,-0.67573,-31.052,-0.90476,98.14,-3.5342,0,0,0,NaN,NaN,NaN,NaN,NaN,NaN,NaN,NaN,NaN,46.533,0.024486,3843.7,0.0058767,0.93129,2.9289,0.62681,0.10322,NaN,-1,-1,0.4944,0.64162,-29.089,-1.6138,95.739,-3.5602,NaN,NaN,NaN,NaN,NaN
633.76,-9.8461,0.15898,-38.005,0.79428,0.3735,-34.82,-1.042,93.301,-2.9561,0.38351,-0.16361,-1.0953,NaN,NaN,NaN,NaN,NaN,NaN,NaN,NaN,NaN,46.533,0.024486,3843.7,0.0058767,NaN,NaN,NaN,NaN,21.227,96620,9.9375,0.55382,0.63588,-29.463,-1.4946,96.014,-3.4499,NaN,NaN,NaN,NaN,NaN
633.76,-9.8455,0.4113,-38.055,-0.54784,2.8811,-32.861,-0.035065,102.75,-2.936,0,0,0,NaN,NaN,NaN,NaN,NaN,NaN,NaN,NaN,NaN,46.533,0.024486,3843.7,0.0058767,NaN,NaN,NaN,NaN,NaN,-1,-1,0.64201,0.62592,-29.799,-1.3524,96.264,-3.3475,NaN,NaN,NaN,NaN,NaN
633.76,-9.8449,0.64459,-38.102,1.7352,0.89949,-24.575,0.059187,95.076,-3.2334,0,0,0,NaN,NaN,NaN,NaN,NaN,NaN,NaN,NaN,NaN,46.533,0.024486,3843.7,0.0058767,NaN,NaN,NaN,NaN,NaN,-1,-1,0.70519,0.61274,-30.18,-1.2407,96.074,-3.2565,NaN,NaN,NaN,NaN,NaN
633.76,-9.8517,0.85785,-38.147,1.3633,-2.5131,-34.784,-2.8751,86.945,-3.2573,0,0,0,NaN,NaN,NaN,NaN,NaN,NaN,NaN,NaN,NaN,46.533,0.024486,3843.7,0.0058767,NaN,NaN,NaN,NaN,21.056,96569,9.8125,0.79479,0.58038,-30.507,-1.2211,95.842,-3.2046,NaN,NaN,NaN,NaN,NaN
633.77,-9.8605,1.0996,-38.198,0.95057,-1.1152,-34.706,-3.4742,98.729,-3.6672,0.36507,-0.14894,-1.097,NaN,NaN,NaN,NaN,NaN,NaN,NaN,NaN,NaN,46.533,0.024486,3843.7,0.0058767,1.0019,2.8478,0.70288,0.0041621,NaN,-1,-1,0.85245,0.59734,-30.971,-1.1347,95.381,-3.0827,NaN,NaN,NaN,NaN,NaN
633.77,-9.8633,1.3393,-38.245,1.4492,1.0348,-34.757,-1.0757,97.621,-2.7849,0,0,0,NaN,NaN,NaN,NaN,NaN,NaN,NaN,NaN,NaN,46.533,0.024486,3843.7,0.0058767,NaN,NaN,NaN,NaN,NaN,-1,-1,0.91595,0.60141,-31.327,-0.95659,95.195,-2.996,NaN,NaN,NaN,NaN,NaN
633.77,-9.8639,1.5628,-38.29,0.86421,3.5562,-31.268,-0.13086,91,-2.7893,0,0,0,NaN,NaN,NaN,NaN,NaN,NaN,NaN,NaN,NaN,46.533,0.024486,3843.7,0.0058767,NaN,NaN,NaN,NaN,21.208,96576,9.8125,0.98491,0.59287,-31.634,-0.78496,94.923,-2.8843,NaN,NaN,NaN,NaN,NaN
633.77,-9.8654,1.7984,-38.337,1.166,0.59391,-33.62,-0.43465,95.923,-2.6804,0,0,0,NaN,NaN,NaN,NaN,NaN,NaN,NaN,NaN,NaN,46.533,0.024486,3843.7,0.0058767,NaN,NaN,NaN,NaN,NaN,-1,-1,1.058,0.63048,-31.977,-0.64796,94.151,-2.8039,NaN,NaN,NaN,NaN,NaN
633.78,-9.8698,2.024,-38.384,2.1126,-1.6537,-34.803,-1.5029,91.976,-3.1569,0.36278,-0.15143,-1.0994,NaN,NaN,NaN,NaN,NaN,NaN,NaN,NaN,NaN,46.533,0.024486,3843.7,0.0058767,NaN,NaN,NaN,NaN,21.153,96606,9.9375,1.107,0.61421,-32.262,-0.52371,93.448,-2.6668,NaN,NaN,NaN,NaN,NaN
633.78,-9.8707,2.2461,-38.427,2.1738,0.57861,-37.216,-0.11304,90.301,-2.0163,0,0,0,NaN,NaN,NaN,NaN,NaN,NaN,NaN,NaN,NaN,46.533,0.024486,3843.7,0.0058767,0.93239,2.9415,0.63777,0.09656,NaN,-1,-1,1.1513,0.62646,-32.678,-0.30629,92.902,-2.5531,NaN,NaN,NaN,NaN,NaN
633.78,-9.8698,2.4915,-38.474,-0.096754,3.7045,-34.97,0.78959,99.832,-2.09,0,0,0,NaN,NaN,NaN,NaN,NaN,NaN,NaN,NaN,NaN,46.533,0.024486,3843.7,0.0058767,NaN,NaN,NaN,NaN,NaN,-1,-1,1.2102,0.5996,-33.011,-0.15621,92.045,-2.4634,NaN,NaN,NaN,NaN,NaN
633.78,-9.8688,2.7074,-38.517,2.7852,-0.55023,-29.9,0.8293,87.904,-2.5321,0,0,0,NaN,NaN,NaN,NaN,NaN,NaN,NaN,NaN,NaN,46.533,0.024486,3843.7,0.0058767,NaN,NaN,NaN,NaN,21.362,96624,10,1.2644,0.57654,-33.294,-0.11093,90.985,-2.3986,NaN,NaN,NaN,NaN,NaN
633.79,-9.8757,2.9138,-38.558,1.9901,-1.6555,-37.76,-2.2451,84.197,-2.4229,0.34122,-0.15822,-1.0991,NaN,NaN,NaN,NaN,NaN,NaN,NaN,NaN,NaN,46.533,0.024486,3843.7,0.0058767,NaN,NaN,NaN,NaN,NaN,-1,-1,1.3335,0.58515,-33.564,-0.00036053,89.842,-2.3262,NaN,NaN,NaN,NaN,NaN
633.79,-9.8813,3.1397,-38.604,1.5083,-1.5229,-39.07,-1.6352,92.026,-2.9553,0,0,0,NaN,NaN,NaN,NaN,NaN,NaN,NaN,NaN,NaN,46.533,0.024486,3843.7,0.0058767,0.94553,2.9779,0.65177,0.079911,NaN,-1,-1,1.3786,0.60973,-33.813,0.1618,88.82,-2.2283,NaN,NaN,NaN,NaN,NaN
633.79,-9.8814,3.3638,-38.647,1.7835,3.6952,-35.831,0.56706,91.11,-1.8999,0,0,0,NaN,NaN,NaN,NaN,NaN,NaN,NaN,NaN,NaN,46.533,0.024486,3843.7,0.0058767,0.94553,2.9779,0.65177,0.079911,21.265,96621,9.9375,1.4273,0.61261,-34.118,0.37777,87.888,-2.1397,NaN,NaN,NaN,NaN,NaN
633.79,-9.8776,3.5735,-38.688,0.91934,1.802,-34.989,2.1409,85.325,-2.2085,0,0,0,NaN,NaN,NaN,NaN,NaN,NaN,NaN,NaN,NaN,46.533,0.024486,3843.7,0.0058767,NaN,NaN,NaN,NaN,NaN,-1,-1,1.4782,0.61176,-34.356,0.49169,86.538,-2.0384,NaN,NaN,NaN,NaN,NaN
633.8,-9.8791,3.7847,-38.73,3.1344,-0.73788,-35.416,0.095455,85.92,-2.0871,0.32779,-0.15623,-1.1115,NaN,NaN,NaN,NaN,NaN,NaN,NaN,NaN,NaN,46.533,0.024486,3843.7,0.0058767,NaN,NaN,NaN,NaN,21.378,96603,9.875,1.5175,0.60942,-34.566,0.6317,84.974,-1.9538,NaN,NaN,NaN,NaN,NaN
633.8,-9.8801,3.9862,-38.77,1.7903,-0.95327,-41.616,0.30573,82.025,-2.3628,0,0,0,NaN,NaN,NaN,NaN,NaN,NaN,NaN,NaN,NaN,46.533,0.024486,3843.7,0.0058767,NaN,NaN,NaN,NaN,NaN,-1,-1,1.5655,0.59668,-34.733,0.94116,85.301,-1.8924,NaN,NaN,NaN,NaN,NaN
633.8,-9.8781,4.2034,-38.811,2.495,1.5388,-38.408,1.6347,88.291,-1.6304,0,0,0,NaN,NaN,NaN,NaN,NaN,NaN,NaN,NaN,NaN,46.533,0.024486,3843.7,0.0058767,NaN,NaN,NaN,NaN,NaN,-1,-1,1.6079,0.57571,-34.983,1.1115,83.575,-1.8148,NaN,NaN,NaN,NaN,NaN
633.8,-9.875,4.4185,-38.852,1.3492,3.0341,-33.521,2.0784,87.408,-1.5084,0,0,0,NaN,NaN,NaN,NaN,NaN,NaN,NaN,NaN,NaN,46.552,0,3880.8,0.0069644,NaN,NaN,NaN,NaN,21.131,96602,9.875,1.6455,0.56842,-35.156,1.1357,81.929,-1.7636,NaN,NaN,NaN,NaN,NaN
633.81,-9.8744,4.5991,-38.888,2.675,-2.1138,-36.319,1.1098,73.684,-2.0078,0.309,-0.15357,-1.1132,NaN,NaN,NaN,NaN,NaN,NaN,NaN,NaN,NaN,46.552,0,3880.8,0.0069644,0.99809,2.883,0.70654,0.010821,NaN,-1,-1,1.6971,0.57547,-35.339,1.232,80.138,-1.6716,NaN,NaN,NaN,NaN,NaN
633.81,-9.8781,4.9966,-38.964,2.1542,-0.62467,-38.749,1.273,83.583,-1.4783,0,0,0,NaN,NaN,NaN,NaN,NaN,NaN,NaN,NaN,NaN,46.552,0,3880.8,0.0069644,NaN,NaN,NaN,NaN,NaN,-1,-1,1.7256,0.60279,-35.481,1.5429,79.612,-1.6144,NaN,NaN,NaN,NaN,NaN
633.81,-9.8762,5.1802,-38.999,2.8063,2.2532,-36.713,1.6206,74.593,-1.4168,0,0,0,NaN,NaN,NaN,NaN,NaN,NaN,NaN,NaN,NaN,46.552,0,3880.8,0.0069644,NaN,NaN,NaN,NaN,21.223,96577,9.75,1.7651,0.59716,-35.634,1.6425,77.576,-1.5519,NaN,NaN,NaN,NaN,NaN
633.81,-9.8725,5.3606,-39.033,1.6732,2.0632,-38.611,2.3581,73.261,-1.2891,0.29982,-0.15861,-1.1207,NaN,NaN,NaN,NaN,NaN,NaN,NaN,NaN,NaN,46.552,0,3880.8,0.0069644,NaN,NaN,NaN,NaN,21.268,96645,10.063,1.7926,0.59828,-35.784,1.7436,75.425,-1.4425,NaN,NaN,NaN,NaN,NaN
633.82,-9.869,5.7273,-39.102,2.4314,-0.76398,-36.635,2.0248,72.76,-1.1838,0,0,0,NaN,NaN,NaN,NaN,NaN,NaN,NaN,NaN,NaN,46.552,0,3880.8,0.0069644,NaN,NaN,NaN,NaN,NaN,-1,-1,1.8159,0.62164,-35.882,1.9531,73.448,-1.3411,NaN,NaN,NaN,NaN,NaN
633.82,-9.8643,5.9029,-39.133,2.3178,3.6554,-40.968,2.7692,71.178,-0.32962,0,0,0,NaN,NaN,NaN,NaN,NaN,NaN,NaN,NaN,NaN,46.552,0,3880.8,0.0069644,0.94334,2.9707,0.63168,0.091565,NaN,-1,-1,1.8348,0.62779,-36,2.1131,71.39,-1.2567,NaN,NaN,NaN,NaN,NaN
633.82,-9.8558,6.0767,-39.166,1.5839,1.7121,-36.196,4.4198,70.572,-1.4813,0.28031,-0.15775,-1.1113,NaN,NaN,NaN,NaN,NaN,NaN,NaN,NaN,NaN,46.552,0,3880.8,0.0069644,NaN,NaN,NaN,NaN,NaN,-1,-1,1.8593,0.61221,-36.042,2.1742,68.965,-1.1938,NaN,NaN,NaN,NaN,NaN
633.82,-9.855,6.2432,-39.196,2.9272,-2.6826,-37.505,1.2384,67.529,-0.7991,0,0,0,NaN,NaN,NaN,NaN,NaN,NaN,NaN,NaN,NaN,46.552,0,3880.8,0.0069644,NaN,NaN,NaN,NaN,21.36,96617,9.9375,1.886,0.58069,-36.15,2.209,67.057,-1.1482,NaN,NaN,NaN,NaN,NaN
633.83,-9.8567,6.399,-39.226,2.4404,-0.33507,-38.2,0.2792,63.335,-1.4842,0,0,0,NaN,NaN,NaN,NaN,NaN,NaN,NaN,NaN,NaN,46.552,0,3880.8,0.0069644,NaN,NaN,NaN,NaN,NaN,-1,-1,1.8976,0.58062,-36.211,2.3078,65.085,-1.0844,NaN,NaN,NaN,NaN,NaN
633.83,-9.8534,6.5579,-39.255,2.0336,1.5375,-41.334,2.2383,64.437,-0.77515,0,0,0,NaN,NaN,NaN,NaN,NaN,NaN,NaN,NaN,NaN,46.552,0,3880.8,0.0069644,NaN,NaN,NaN,NaN,NaN,-1,-1,1.9161,0.6011,-36.235,2.375,63.209,-1.0276,NaN,NaN,NaN,NaN,NaN
633.83,-9.8457,6.7225,-39.287,2.3611,0.76836,-40.896,4.104,66.688,-1.5605,0.27618,-0.15576,-1.1206,NaN,NaN,NaN,NaN,NaN,NaN,NaN,NaN,NaN,46.552,0,3880.8,0.0069644,0.92691,2.9874,0.64081,0.097392,21.282,96608,9.875,1.9319,0.60134,-36.249,2.5176,61.354,-0.95166,NaN,NaN,NaN,NaN,NaN
633.83,-9.8422,6.8761,-39.315,3.0839,1.3425,-33.218,2.3942,62.303,-1.0083,0,0,0,NaN,NaN,NaN,NaN,NaN,NaN,NaN,NaN,NaN,46.552,0,3880.8,0.0069644,NaN,NaN,NaN,NaN,NaN,-1,-1,1.9388,0.60118,-36.333,2.6654,59.341,-0.90017,NaN,NaN,NaN,NaN,NaN
633.84,-9.8375,7.0141,-39.341,1.635,-0.40455,-40.995,2.7202,55.998,-0.94567,0,0,0,NaN,NaN,NaN,NaN,NaN,NaN,NaN,NaN,NaN,46.552,0,3880.8,0.0069644,NaN,NaN,NaN,NaN,21.132,96638,10,1.9491,0.61102,-36.323,2.7884,57.504,-0.81526,NaN,NaN,NaN,NaN,NaN
633.84,-9.8321,7.165,-39.368,1.3761,0.47897,-40.136,3.182,61.215,-0.81417,0,0,0,NaN,NaN,NaN,NaN,NaN,NaN,NaN,NaN,NaN,46.552,0,3880.8,0.0069644,NaN,NaN,NaN,NaN,NaN,-1,-1,1.9522,0.62771,-36.279,2.936,55.947,-0.7588,NaN,NaN,NaN,NaN,NaN
633.84,-9.8245,7.3185,-39.395,2.9734,3.5429,-36.902,4.0482,62.224,-0.31839,0.27363,-0.15308,-1.1163,NaN,NaN,NaN,NaN,NaN,NaN,NaN,NaN,NaN,46.552,0,3880.8,0.0069644,NaN,NaN,NaN,NaN,NaN,-1,-1,1.9358,0.60822,-36.269,3.0982,54.118,-0.71523,NaN,NaN,NaN,NaN,NaN
633.84,-9.815,7.4455,-39.419,1.6652,-1.0126,-34.875,4.6526,51.495,-0.90023,0,0,0,NaN,NaN,NaN,NaN,NaN,NaN,NaN,NaN,NaN,46.552,0,3880.8,0.0069644,NaN,NaN,NaN,NaN,21.112,96599,9.875,1.9495,0.59799,-36.248,3.1527,52.284,-0.66607,NaN,NaN,NaN,NaN,NaN
633.85,-9.8121,7.5753,-39.442,2.5933,-0.77546,-38.698,2.0045,52.618,-0.75516,0,0,0,NaN,NaN,NaN,NaN,NaN,NaN,NaN,NaN,NaN,46.552,0,3880.8,0.0069644,NaN,NaN,NaN,NaN,NaN,-1,-1,1.9448,0.5744,-36.206,3.203,50.499,-0.66032,NaN,NaN,NaN,NaN,NaN
633.85,-9.8082,7.709,-39.468,2.1446,-0.43161,-40.373,2.5689,54.307,-1.3289,0,0,0,NaN,NaN,NaN,NaN,NaN,NaN,NaN,NaN,NaN,46.552,0,3880.8,0.0069644,NaN,NaN,NaN,NaN,NaN,-1,-1,1.9553,0.57736,-36.172,3.2783,48.932,-0.6268,NaN,NaN,NaN,NaN,NaN
633.85,-9.8001,7.8354,-39.491,1.9117,0.69449,-37.404,4.0455,51.058,-0.67133,0.25507,-0.16544,-1.1291,NaN,NaN,NaN,NaN,NaN,NaN,NaN,NaN,NaN,46.552,0,3880.8,0.0069644,NaN,NaN,NaN,NaN,21.189,96616,9.9375,1.9402,0.60034,-36.072,3.3723,47.579,-0.59166,NaN,NaN,NaN,NaN,NaN
633.85,0,0,0,0,0,0,0,0,0,0,0,0,NaN,NaN,NaN,NaN,NaN,NaN,NaN,NaN,NaN,46.552,0,3880.8,0.0069644,NaN,NaN,NaN,NaN,NaN,-1,-1,1.9321,0.58665,-35.993,3.5082,45.885,-0.55213,NaN,NaN,NaN,NaN,NaN
633.86,-9.7915,7.9651,-39.513,2.5146,1.3964,-37.572,4.2581,52.477,-0.17424,0,0,0,NaN,NaN,NaN,NaN,NaN,NaN,NaN,NaN,NaN,46.552,0,3880.8,0.0069644,0.93896,2.9779,0.64751,0.079911,21.113,96593,9.875,1.9207,0.60772,-35.909,3.6638,44.247,-0.52661,NaN,NaN,NaN,NaN,NaN
633.86,-9.7741,8.1933,-39.553,1.2494,0.11538,-40.439,4.0836,45.785,-0.22282,0,0,0,NaN,NaN,NaN,NaN,NaN,NaN,NaN,NaN,NaN,46.552,0,3880.8,0.0069644,NaN,NaN,NaN,NaN,NaN,-1,-1,1.9006,0.6128,-35.803,3.7818,43.249,-0.45958,NaN,NaN,NaN,NaN,NaN
633.86,-9.7653,8.3171,-39.575,1.5833,0.93657,-35.125,4.4546,50.196,-0.52088,0.25004,-0.16261,-1.1229,NaN,NaN,NaN,NaN,NaN,NaN,NaN,NaN,NaN,46.552,0,3880.8,0.0069644,NaN,NaN,NaN,NaN,NaN,-1,-1,1.8663,0.61586,-35.688,3.939,42.005,-0.42628,NaN,NaN,NaN,NaN,NaN
633.86,0,0,0,0,0,0,0,0,0,0,0,0,NaN,NaN,NaN,NaN,NaN,NaN,NaN,NaN,NaN,46.552,0,3880.8,0.0069644,NaN,NaN,NaN,NaN,21.071,96594,9.8125,1.8548,0.60066,-35.506,4.0513,40.424,-0.41413,NaN,NaN,NaN,NaN,NaN
633.87,-9.754,8.4257,-39.593,2.4319,3.0878,-36.711,5.207,43.87,0.097689,0,0,0,NaN,NaN,NaN,NaN,NaN,NaN,NaN,NaN,NaN,46.552,0,3880.8,0.0069644,NaN,NaN,NaN,NaN,NaN,-1,-1,1.828,0.60063,-35.389,4.1686,39.609,-0.38672,NaN,NaN,NaN,NaN,NaN
633.87,-9.7424,8.527,-39.612,1.1919,-0.94408,-36.312,5.3803,41.065,-0.80936,0,0,0,NaN,NaN,NaN,NaN,NaN,NaN,NaN,NaN,NaN,46.552,0,3880.8,0.0069644,NaN,NaN,NaN,NaN,NaN,-1,-1,1.8061,0.59054,-35.249,4.287,38.229,-0.36364,NaN,NaN,NaN,NaN,NaN
633.87,-9.7361,8.6382,-39.632,2.2869,-1.191,-36.161,3.3375,45.052,-0.67403,0,0,0,NaN,NaN,NaN,NaN,NaN,NaN,NaN,NaN,NaN,46.552,0,3880.8,0.0069644,1.0047,2.8842,0.70288,0.017481,21.071,96553,9.6875,1.794,0.59457,-35.08,4.3956,36.983,-0.34957,NaN,NaN,NaN,NaN,NaN
633.87,-9.7157,8.8317,-39.666,1.4765,-0.38726,-36.513,5.1526,40.209,-0.61891,0,0,0,NaN,NaN,NaN,NaN,NaN,NaN,NaN,NaN,NaN,46.552,0,3880.8,0.0069644,NaN,NaN,NaN,NaN,NaN,-1,-1,1.7576,0.5959,-34.941,4.4658,36.072,-0.31961,NaN,NaN,NaN,NaN,NaN
633.88,-9.7043,8.9353,-39.683,2.3324,1.758,-35.597,5.2674,41.881,-0.16146,0,0,0,NaN,NaN,NaN,NaN,NaN,NaN,NaN,NaN,NaN,46.552,0,3880.8,0.0069644,NaN,NaN,NaN,NaN,20.997,96578,9.8125,1.729,0.60655,-34.749,4.6397,34.958,-0.24526,NaN,NaN,NaN,NaN,NaN
633.88,-9.71,9.1036,-39.748,-0.031969,0.12799,-38.127,5.0655,37.64,-0.25222,0.23596,-0.16002,-1.1242,NaN,NaN,NaN,NaN,NaN,NaN,NaN,NaN,NaN,46.552,0,3880.8,0.0069644,NaN,NaN,NaN,NaN,NaN,-1,-1,1.6956,0.61523,-34.537,4.9095,33.937,-0.2376,NaN,NaN,NaN,NaN,NaN
633.88,-9.6984,9.201,-39.765,1.4501,2.0982,-33.879,5.285,39.357,-0.082907,0,0,0,NaN,NaN,NaN,NaN,NaN,NaN,NaN,NaN,NaN,46.552,0,3880.8,0.0069644,NaN,NaN,NaN,NaN,NaN,-1,-1,1.6414,0.59864,-34.405,4.9719,33.116,-0.19376,NaN,NaN,NaN,NaN,NaN
633.88,-9.6807,9.2746,-39.776,2.9108,2.4914,-33.494,7.4802,29.65,0.054202,0,0,0,NaN,NaN,NaN,NaN,NaN,NaN,NaN,NaN,NaN,46.552,0,3880.8,0.0069644,NaN,NaN,NaN,NaN,20.842,96601,9.875,1.6083,0.58934,-34.146,5.0384,32.064,-0.19363,NaN,NaN,NaN,NaN,NaN
633.89,-9.6691,9.3573,-39.791,-0.017417,-2.0658,-36.04,5.2207,33.441,-0.54414,0,0,0,NaN,NaN,NaN,NaN,NaN,NaN,NaN,NaN,NaN,46.552,0,3880.8,0.0069644,0.93294,2.9707,0.6469,0.09656,NaN,-1,-1,1.5894,0.55503,-33.938,5.1357,31.204,-0.16501,NaN,NaN,NaN,NaN,NaN
633.89,-9.6617,9.4435,-39.806,1.9002,-0.52558,-33.706,3.6643,35.043,-0.5517,0.22679,-0.16013,-1.1295,NaN,NaN,NaN,NaN,NaN,NaN,NaN,NaN,NaN,46.552,0,3880.8,0.0069644,NaN,NaN,NaN,NaN,NaN,-1,-1,1.5356,0.5467,-33.75,5.271,30.587,-0.16978,NaN,NaN,NaN,NaN,NaN
633.89,-9.6492,9.5135,-39.819,2.2001,1.2697,-34.402,5.4693,28.304,-0.63358,0,0,0,NaN,NaN,NaN,NaN,NaN,NaN,NaN,NaN,NaN,46.552,0,3880.8,0.0069644,NaN,NaN,NaN,NaN,20.981,96605,9.9375,1.5009,0.55263,-33.549,5.3446,29.698,-0.16502,NaN,NaN,NaN,NaN,NaN
633.89,-9.6359,9.5896,-39.831,1.0732,-0.64267,-33.25,5.7454,30.686,0.093736,0,0,0,NaN,NaN,NaN,NaN,NaN,NaN,NaN,NaN,NaN,46.552,0,3880.8,0.0069644,NaN,NaN,NaN,NaN,NaN,-1,-1,1.4639,0.55932,-33.296,5.4223,29.025,-0.15734,NaN,NaN,NaN,NaN,NaN
633.9,-9.6231,9.6604,-39.842,2.1313,2.1719,-34.098,5.516,28.531,-0.023377,0,0,0,NaN,NaN,NaN,NaN,NaN,NaN,NaN,NaN,NaN,46.552,0,3880.8,0.0069644,0.92582,2.9701,0.64203,0.099889,20.842,96601,9.875,1.4214,0.55638,-33.074,5.5758,28.303,-0.13678,NaN,NaN,NaN,NaN,NaN
633.9,-9.6105,9.7216,-39.852,1.4905,-0.20203,-34.939,5.4024,24.799,-0.23904,0.22409,-0.16718,-1.1275,NaN,NaN,NaN,NaN,NaN,NaN,NaN,NaN,NaN,46.552,0,3880.8,0.0069644,NaN,NaN,NaN,NaN,NaN,-1,-1,1.3769,0.58663,-32.84,5.7564,27.94,-0.11714,NaN,NaN,NaN,NaN,NaN
633.9,-9.5978,9.8022,-39.864,0.39851,1.422,-33.496,5.54,32.469,0.33793,0,0,0,NaN,NaN,NaN,NaN,NaN,NaN,NaN,NaN,NaN,46.552,0,3880.8,0.0069644,NaN,NaN,NaN,NaN,NaN,-1,-1,1.3418,0.58629,-32.574,5.8681,27.55,-0.12031,NaN,NaN,NaN,NaN,NaN
633.9,-9.5816,9.8721,-39.874,1.2935,1.8055,-30.905,6.7938,28.092,0.48375,0,0,0,NaN,NaN,NaN,NaN,NaN,NaN,NaN,NaN,NaN,46.552,0,3880.8,0.0069644,NaN,NaN,NaN,NaN,20.801,96573,9.75,1.2641,0.56262,-32.373,5.9295,26.92,-0.12377,NaN,NaN,NaN,NaN,NaN
633.91,-9.5611,9.9149,-39.88,1.0023,2.406,-33.117,8.265,17.142,0.076089,0,0,0,NaN,NaN,NaN,NaN,NaN,NaN,NaN,NaN,NaN,46.552,0,3880.8,0.0069644,NaN,NaN,NaN,NaN,NaN,-1,-1,1.2265,0.56104,-32.089,6.0108,26.523,-0.14579,NaN,NaN,NaN,NaN,NaN
633.91,-9.5493,9.9878,-39.892,0.8753,-2.3516,-35.124,5.1248,29.385,-0.090986,0.20981,-0.17179,-1.1288,NaN,NaN,NaN,NaN,NaN,NaN,NaN,NaN,NaN,46.552,0,3880.8,0.0069644,NaN,NaN,NaN,NaN,NaN,-1,-1,1.177,0.51161,-31.849,6.0851,26.272,-0.15429,NaN,NaN,NaN,NaN,NaN
633.91,-9.5398,10.053,-39.903,1.7307,0.4331,-28.418,4.2029,26.48,-0.17005,0,0,0,NaN,NaN,NaN,NaN,NaN,NaN,NaN,NaN,NaN,46.552,0,3880.8,0.0069644,0.99864,2.8728,0.7108,0.0049945,20.731,96614,10,1.1189,0.53342,-31.616,5.9984,23.962,-0.13809,NaN,NaN,NaN,NaN,NaN
633.91,-9.5243,10.092,-39.911,0.80198,0.98113,-34.028,6.3813,15.586,-0.96612,0,0,0,NaN,NaN,NaN,NaN,NaN,NaN,NaN,NaN,NaN,46.611,0,3895.1,0.0075089,NaN,NaN,NaN,NaN,NaN,-1,-1,1.0767,0.54507,-31.344,6.0257,23.55,-0.14208,NaN,NaN,NaN,NaN,NaN
633.92,-9.5109,10.155,-39.921,0.78652,-0.57137,-32.323,5.6982,25.219,-0.022173,0,0,0,NaN,NaN,NaN,NaN,NaN,NaN,NaN,NaN,NaN,46.611,0,3895.1,0.0075089,NaN,NaN,NaN,NaN,20.632,96599,9.9375,1.021,0.55397,-31.064,6.119,22.843,-0.11028,NaN,NaN,NaN,NaN,NaN
633.92,-9.4969,10.216,-39.93,2.1723,1.7372,-29.254,5.97,24.674,-0.027502,0.2078,-0.15975,-1.1289,NaN,NaN,NaN,NaN,NaN,NaN,NaN,NaN,NaN,46.611,0,3895.1,0.0075089,NaN,NaN,NaN,NaN,NaN,-1,-1,0.96986,0.53923,-30.819,6.2207,22.454,-0.10935,NaN,NaN,NaN,NaN,NaN
633.92,-9.4824,10.25,-39.936,0.41775,0.3075,-33.854,5.7559,13.584,-0.11797,0,0,0,NaN,NaN,NaN,NaN,NaN,NaN,NaN,NaN,NaN,46.611,0,3895.1,0.0075089,NaN,NaN,NaN,NaN,NaN,-1,-1,0.93213,0.56751,-30.539,6.0859,20.327,-0.093223,NaN,NaN,NaN,NaN,NaN
633.92,-9.4686,10.31,-39.945,-0.064333,1.7104,-31.006,5.8402,24.149,-0.040451,0,0,0,NaN,NaN,NaN,NaN,NaN,NaN,NaN,NaN,NaN,46.611,0,3895.1,0.0075089,0.9406,2.9779,0.65237,0.079911,20.71,96602,9.9375,0.86388,0.55947,-30.292,6.2642,19.849,-0.081384,NaN,NaN,NaN,NaN,NaN
633.93,-9.4519,10.364,-39.952,1.4444,2.6444,-30.094,6.8408,21.647,0.29582,0,0,0,NaN,NaN,NaN,NaN,NaN,NaN,NaN,NaN,NaN,46.611,0,3895.1,0.0075089,NaN,NaN,NaN,NaN,NaN,-1,-1,0.79629,0.56397,-30.025,6.2294,19.066,-0.098572,NaN,NaN,NaN,NaN,NaN
633.93,-9.4323,10.396,-39.957,0.11972,0.83053,-28.542,7.8417,13.144,-0.1339,0.20995,-0.16699,-1.1287,NaN,NaN,NaN,NaN,NaN,NaN,NaN,NaN,NaN,46.611,0,3895.1,0.0075089,NaN,NaN,NaN,NaN,NaN,-1,-1,0.75131,0.53922,-29.721,6.0885,18.27,-0.10041,NaN,NaN,NaN,NaN,NaN
633.93,-9.4192,10.445,-39.966,0.053299,-2.6686,-33.149,5.5273,19.755,-0.67706,0,0,0,NaN,NaN,NaN,NaN,NaN,NaN,NaN,NaN,NaN,46.611,0,3895.1,0.0075089,NaN,NaN,NaN,NaN,20.571,96595,9.875,0.69528,0.51632,-29.469,6.0307,17.786,-0.11537,NaN,NaN,NaN,NaN,NaN
633.93,-9.4091,10.494,-39.973,1.6806,1.2413,-28.443,4.1782,19.42,0.084683,0,0,0,NaN,NaN,NaN,NaN,NaN,NaN,NaN,NaN,NaN,46.611,0,3895.1,0.0075089,NaN,NaN,NaN,NaN,NaN,-1,-1,0.64659,0.53701,-29.24,6.1608,17.437,-0.12347,NaN,NaN,NaN,NaN,NaN
633.94,-9.3915,10.526,-39.979,0.69837,0.54734,-29.231,7.0579,12.812,-0.43092,0,0,0,NaN,NaN,NaN,NaN,NaN,NaN,NaN,NaN,NaN,46.611,0,3895.1,0.0075089,0.94005,2.852,0.71201,0.054107,20.492,96593,9.875,0.59217,0.55365,-28.933,6.0709,16.868,-0.11649,NaN,NaN,NaN,NaN,NaN
633.94,-9.3782,10.569,-39.985,-0.089654,0.040499,-31.274,5.471,17.453,0.064744,0.19796,-0.16911,-1.1276,NaN,NaN,NaN,NaN,NaN,NaN,NaN,NaN,NaN,46.611,0,3895.1,0.0075089,NaN,NaN,NaN,NaN,NaN,-1,-1,0.5416,0.56648,-28.679,6.0354,16.166,-0.10162,NaN,NaN,NaN,NaN,NaN
633.94,-9.3635,10.607,-39.991,2.1171,1.1177,-27.244,5.9442,15.116,-0.18592,0,0,0,NaN,NaN,NaN,NaN,NaN,NaN,NaN,NaN,NaN,46.611,0,3895.1,0.0075089,NaN,NaN,NaN,NaN,NaN,-1,-1,0.49491,0.5754,-28.412,6.0159,15.578,-0.0879,NaN,NaN,NaN,NaN,NaN
633.94,-9.3468,10.638,-39.996,-0.42344,1.9445,-32.183,6.6198,12.716,-0.11866,0,0,0,NaN,NaN,NaN,NaN,NaN,NaN,NaN,NaN,NaN,46.611,0,3895.1,0.0075089,NaN,NaN,NaN,NaN,20.613,96599,9.9375,0.45148,0.58169,-28.138,5.9292,15.102,-0.098144,NaN,NaN,NaN,NaN,NaN
633.95,-9.3303,10.688,-40.003,-0.81886,1.0769,-27.999,6.7853,19.893,-0.015871,0,0,0,NaN,NaN,NaN,NaN,NaN,NaN,NaN,NaN,NaN,46.611,0,3895.1,0.0075089,NaN,NaN,NaN,NaN,NaN,-1,-1,0.369,0.58249,-27.915,5.8217,14.391,-0.1106,NaN,NaN,NaN,NaN,NaN
633.95,-9.2952,10.737,-40.009,-0.46279,0.88243,-29.715,6.8498,9.4971,-0.15086,0,0,0,NaN,NaN,NaN,NaN,NaN,NaN,NaN,NaN,NaN,46.611,0,3895.1,0.0075089,NaN,NaN,NaN,NaN,NaN,-1,-1,0.33127,0.58066,-27.611,5.7669,13.662,-0.14189,NaN,NaN,NaN,NaN,NaN
633.95,-9.284,10.784,-40.017,-0.30675,-3.0747,-29.249,4.7302,18.673,-0.56075,0,0,0,NaN,NaN,NaN,NaN,NaN,NaN,NaN,NaN,NaN,46.611,0,3895.1,0.0075089,0.93129,2.9713,0.63229,0.10155,20.571,96595,9.875,0.28402,0.55639,-27.347,5.659,12.923,-0.14956,NaN,NaN,NaN,NaN,NaN
633.95,-9.2732,10.816,-40.022,1.3937,1.7988,-24.937,4.3159,13.003,-0.12473,0,0,0,NaN,NaN,NaN,NaN,NaN,NaN,NaN,NaN,NaN,46.611,0,3895.1,0.0075089,NaN,NaN,NaN,NaN,NaN,-1,-1,0.22202,0.53986,-27.134,5.5757,12.373,-0.17122,NaN,NaN,NaN,NaN,NaN
633.96,-9.2554,10.829,-40.023,-0.092162,0.93649,-28.451,6.9115,4.9802,-0.070015,0.19061,-0.17862,-1.1283,-12.673,17.599,-1.8626,21.767,40.061,-88.547,3.6803e+05,4.4356e+06,360.88,46.611,0,3895.1,0.0075089,NaN,NaN,NaN,NaN,20.413,96575,9.8125,0.17271,0.57162,-26.902,5.5015,11.777,-0.17185,20.892,0.64459,6.0754,16.214,1.6969
633.96,-9.2415,10.866,-40.029,-0.1476,0.40695,-30.417,5.5909,14.783,-0.003495,0,0,0,NaN,NaN,NaN,NaN,NaN,NaN,NaN,NaN,NaN,46.611,0,3895.1,0.0075089,NaN,NaN,NaN,NaN,NaN,-1,-1,0.11999,0.58831,-26.682,5.469,11.343,-0.17821,NaN,NaN,NaN,NaN,NaN
633.96,-9.2292,10.897,-40.033,1.9041,0.45502,-23.904,4.8966,12.525,-0.17722,0,0,0,NaN,NaN,NaN,NaN,NaN,NaN,NaN,NaN,NaN,46.611,0,3895.1,0.0075089,NaN,NaN,NaN,NaN,NaN,-1,-1,0.08188,0.59199,-26.397,5.4761,10.829,-0.15853,NaN,NaN,NaN,NaN,NaN
633.96,-9.2132,10.916,-40.035,-0.74127,2.6099,-29.708,6.1868,7.3837,-0.08921,0,0,0,NaN,NaN,NaN,NaN,NaN,NaN,NaN,NaN,NaN,46.611,0,3895.1,0.0075089,0.93896,2.8615,0.71201,0.032464,20.553,96582,9.875,0.057255,0.58667,-26.123,5.4956,10.02,-0.16276,NaN,NaN,NaN,NaN,NaN
633.97,-9.1973,10.953,-40.041,-2.0028,1.0316,-26.989,6.4173,14.885,-0.17939,0.19552,-0.1764,-1.13,NaN,NaN,NaN,NaN,NaN,NaN,NaN,NaN,NaN,46.611,0,3895.1,0.0075089,NaN,NaN,NaN,NaN,NaN,-1,-1,-0.026857,0.58818,-25.947,5.439,9.7206,-0.17978,NaN,NaN,NaN,NaN,NaN
633.97,-9.1798,10.973,-40.043,1.4821,1.6556,-24.363,6.7627,7.8993,0.32779,0,0,0,NaN,NaN,NaN,NaN,NaN,NaN,NaN,NaN,NaN,46.611,0,3895.1,0.0075089,NaN,NaN,NaN,NaN,NaN,-1,-1,-0.065517,0.60704,-25.683,5.2652,9.3887,-0.20713,NaN,NaN,NaN,NaN,NaN
633.97,-9.1547,11.019,-40.052,-0.64053,-3.367,-26.397,4.3072,12.453,-0.81056,0,0,0,NaN,NaN,NaN,NaN,NaN,NaN,NaN,NaN,NaN,46.611,0,3895.1,0.0075089,NaN,NaN,NaN,NaN,20.394,96590,9.875,-0.096151,0.57655,-25.391,5.1688,8.6443,-0.26999,NaN,NaN,NaN,NaN,NaN
633.97,-9.1452,11.044,-40.056,0.31703,2.3586,-25.011,3.8048,10.087,-0.311,0.19317,-0.17145,-1.128,NaN,NaN,NaN,NaN,NaN,NaN,NaN,NaN,NaN,46.611,0,3895.1,0.0075089,NaN,NaN,NaN,NaN,20.456,96595,9.9375,-0.14868,0.55534,-25.229,5.099,8.3592,-0.29152,NaN,NaN,NaN,NaN,NaN
633.98,-9.113,11.078,-40.06,-0.77256,0.174,-27.342,5.4705,9.5647,-0.2878,0,0,0,NaN,NaN,NaN,NaN,NaN,NaN,NaN,NaN,NaN,46.611,0,3895.1,0.0075089,0.94936,2.979,0.63351,0.094895,NaN,-1,-1,-0.19419,0.6074,-25.049,5.0564,8.1078,-0.29937,NaN,NaN,NaN,NaN,NaN
633.98,0,0,0,0,0,0,0,0,0,0,0,0,NaN,NaN,NaN,NaN,NaN,NaN,NaN,NaN,NaN,46.611,0,3895.1,0.0075089,NaN,NaN,NaN,NaN,NaN,-1,-1,-0.2312,0.62631,-24.779,5.0188,7.4472,-0.31761,NaN,NaN,NaN,NaN,NaN
633.98,-9.0862,11.11,-40.065,-0.55289,3.7504,-27.289,5.8984,6.8586,-0.039763,0.19335,-0.17902,-1.1347,NaN,NaN,NaN,NaN,NaN,NaN,NaN,NaN,NaN,46.611,0,3895.1,0.0075089,NaN,NaN,NaN,NaN,NaN,-1,-1,-0.28027,0.63804,-24.578,4.9754,7.201,-0.33739,NaN,NaN,NaN,NaN,NaN
633.98,-9.0691,11.144,-40.071,-2.2438,0.31418,-23.534,6.943,13.701,-0.51148,0,0,0,NaN,NaN,NaN,NaN,NaN,NaN,NaN,NaN,NaN,46.611,0,3895.1,0.0075089,NaN,NaN,NaN,NaN,20.43,96548,9.6875,-0.31557,0.63522,-24.373,4.9309,7.0692,-0.33769,NaN,NaN,NaN,NaN,NaN
633.99,-9.0528,11.149,-40.071,0.51323,1.6424,-22.982,6.1682,1.7064,-0.21354,0,0,0,NaN,NaN,NaN,NaN,NaN,NaN,NaN,NaN,NaN,46.611,0,3895.1,0.0075089,NaN,NaN,NaN,NaN,NaN,-1,-1,-0.33451,0.65327,-24.16,4.9433,6.465,-0.34505,NaN,NaN,NaN,NaN,NaN
633.99,0,0,0,0,0,0,0,0,0,0,0,0,NaN,NaN,NaN,NaN,NaN,NaN,NaN,NaN,NaN,46.611,0,3895.1,0.0075089,0.93294,2.8555,0.7114,0.033296,NaN,-1,-1,-0.40399,0.6616,-24,4.8701,6.1567,-0.39636,NaN,NaN,NaN,NaN,NaN
633.99,-9.0381,11.157,-40.073,-0.49244,0.056103,-27.016,5.675,3.2833,-0.58201,0,0,0,NaN,NaN,NaN,NaN,NaN,NaN,NaN,NaN,NaN,46.611,0,3895.1,0.0075089,NaN,NaN,NaN,NaN,20.196,96586,9.875,-0.43901,0.66918,-23.768,4.6787,5.938,-0.43673,NaN,NaN,NaN,NaN,NaN
633.99,-9.0283,11.185,-40.079,-0.76091,-2.3648,-24.347,4.0266,11.261,-0.76163,0.19087,-0.17394,-1.1305,NaN,NaN,NaN,NaN,NaN,NaN,NaN,NaN,NaN,46.611,0,3895.1,0.0075089,NaN,NaN,NaN,NaN,NaN,-1,-1,-0.45761,0.64804,-23.548,4.6552,5.4776,-0.48244,NaN,NaN,NaN,NaN,NaN
634,-9.004,11.203,-40.083,-0.38416,1.5944,-24.291,5.788,-0.66681,-0.67311,0,0,0,NaN,NaN,NaN,NaN,NaN,NaN,NaN,NaN,NaN,46.611,0,3895.1,0.0075089,NaN,NaN,NaN,NaN,20.175,96590,9.875,-0.5017,0.62614,-23.439,4.6081,5.3206,-0.49556,NaN,NaN,NaN,NaN,NaN
634,-9.004,11.203,-40.083,-0.38416,1.5944,-24.291,5.788,-0.66681,-0.67311,0,0,0,NaN,NaN,NaN,NaN,NaN,NaN,NaN,NaN,NaN,46.611,0,3895.1,0.0075089,NaN,NaN,NaN,NaN,NaN,-1,-1,-0.53832,0.66306,-23.214,4.5647,5.1281,-0.51921,NaN,NaN,NaN,NaN,NaN
634,-8.9927,11.227,-40.088,-0.91221,0.38809,-27.041,4.5371,9.5783,-0.8132,0,0,0,NaN,NaN,NaN,NaN,NaN,NaN,NaN,NaN,NaN,46.611,0,3895.1,0.0075089,NaN,NaN,NaN,NaN,NaN,-1,-1,-0.58617,0.67433,-23.015,4.5299,4.8191,-0.54558,NaN,NaN,NaN,NaN,NaN
634,-8.9864,11.217,-40.081,0.42413,0.28226,-21.313,4.3065,5.3193,-0.52156,0.19504,-0.18829,-1.1279,NaN,NaN,NaN,NaN,NaN,NaN,NaN,NaN,NaN,46.611,0,3895.1,0.0075089,0.93841,2.9749,0.63594,0.0899,20.278,96570,9.875,-0.60874,0.64605,-22.87,4.4874,4.8459,-0.57108,NaN,NaN,NaN,NaN,NaN
634.01,-8.957,11.247,-40.085,-2.1677,0.21186,-22.818,6.1293,9.7073,-0.59353,0,0,0,NaN,NaN,NaN,NaN,NaN,NaN,NaN,NaN,NaN,46.611,0,3895.1,0.0075089,NaN,NaN,NaN,NaN,NaN,-1,-1,-0.63323,0.67173,-22.683,4.4769,4.5118,-0.5918,NaN,NaN,NaN,NaN,NaN
634.01,-8.9433,11.256,-40.087,-0.02384,1.7891,-21.931,5.222,3.6754,-0.28728,0,0,0,NaN,NaN,NaN,NaN,NaN,NaN,NaN,NaN,NaN,46.611,0,3895.1,0.0075089,NaN,NaN,NaN,NaN,20.292,96562,9.75,-0.67451,0.68177,-22.454,4.3962,4.4731,-0.65096,NaN,NaN,NaN,NaN,NaN
634.01,-8.9312,11.261,-40.09,-1.2469,-0.30527,-24.311,4.7051,1.8009,-1.2288,0.19747,-0.18593,-1.1277,NaN,NaN,NaN,NaN,NaN,NaN,NaN,NaN,NaN,46.611,0,3895.1,0.0075089,NaN,NaN,NaN,NaN,NaN,-1,-1,-0.69069,0.64267,-22.279,4.2199,4.4014,-0.68874,NaN,NaN,NaN,NaN,NaN
634.01,-8.9227,11.276,-40.093,-0.60983,-1.8863,-22.152,3.2576,6.0209,-0.56018,0,0,0,NaN,NaN,NaN,NaN,NaN,NaN,NaN,NaN,NaN,46.611,0,3895.1,0.0075089,0.92527,2.9677,0.62925,0.11154,20.118,96573,9.875,-0.72496,0.64405,-22.17,4.1535,4.0934,-0.74044,NaN,NaN,NaN,NaN,NaN
634.02,-8.9153,11.292,-40.097,-0.035215,1.8179,-21.447,2.9741,6.59,-1.1758,0,0,0,NaN,NaN,NaN,NaN,NaN,NaN,NaN,NaN,NaN,46.611,0,3895.1,0.0075089,0.92527,2.9677,0.62925,0.11154,NaN,-1,-1,-0.7619,0.68331,-21.988,4.1104,3.9957,-0.77414,NaN,NaN,NaN,NaN,NaN
634.02,-8.8914,11.308,-40.102,-0.45576,0.013668,-25.201,4.1568,5.4702,-0.90447,0.19295,-0.18358,-1.1303,NaN,NaN,NaN,NaN,NaN,NaN,NaN,NaN,NaN,46.611,0,3895.1,0.0075089,NaN,NaN,NaN,NaN,NaN,-1,-1,-0.79139,0.72126,-21.816,4.0583,3.9416,-0.80123,NaN,NaN,NaN,NaN,NaN
634.02,-8.8827,11.316,-40.104,-0.51421,0.77125,-20.874,3.2605,3.3958,-0.72972,0,0,0,NaN,NaN,NaN,NaN,NaN,NaN,NaN,NaN,NaN,46.611,0,3895.1,0.0075089,NaN,NaN,NaN,NaN,20.098,96615,10,-0.81332,0.71493,-21.64,4.0428,3.743,-0.82023,NaN,NaN,NaN,NaN,NaN
634.02,-8.8683,11.325,-40.106,-0.85569,4.344,-23.021,5.5269,3.4473,-0.51801,0,0,0,NaN,NaN,NaN,NaN,NaN,NaN,NaN,NaN,NaN,46.601,0,3880.8,0.0064211,NaN,NaN,NaN,NaN,NaN,-1,-1,-0.8351,0.69442,-21.499,3.99,3.805,-0.86801,NaN,NaN,NaN,NaN,NaN
634.03,-8.8542,11.34,-40.108,-1.9897,-0.52949,-19.904,5.4552,5.818,-0.32005,0,0,0,NaN,NaN,NaN,NaN,NaN,NaN,NaN,NaN,NaN,46.601,0,3880.8,0.0064211,0.93239,2.8484,0.71323,0.044118,20.052,96542,9.6875,-0.85471,0.713,-21.376,3.9871,3.7809,-0.8724,NaN,NaN,NaN,NaN,NaN
634.03,-8.8436,11.346,-40.11,-0.32126,1.3691,-19.573,4.0494,2.5402,-0.68388,0.18596,-0.17615,-1.1287,NaN,NaN,NaN,NaN,NaN,NaN,NaN,NaN,NaN,46.601,0,3880.8,0.0064211,NaN,NaN,NaN,NaN,NaN,-1,-1,-0.88424,0.7444,-21.186,3.9178,3.864,-0.91194,NaN,NaN,NaN,NaN,NaN
634.03,-8.835,11.353,-40.113,-1.7079,-0.59171,-24.546,3.3147,2.6708,-1.1541,0,0,0,NaN,NaN,NaN,NaN,NaN,NaN,NaN,NaN,NaN,46.601,0,3880.8,0.0064211,NaN,NaN,NaN,NaN,NaN,-1,-1,-0.92488,0.72176,-21.006,3.8049,3.7295,-0.95188,NaN,NaN,NaN,NaN,NaN
634.03,-8.8282,11.364,-40.117,-1.1168,-0.72007,-19.492,2.6314,4.644,-1.0282,0,0,0,NaN,NaN,NaN,NaN,NaN,NaN,NaN,NaN,NaN,46.601,0,3880.8,0.0064211,NaN,NaN,NaN,NaN,19.996,96581,9.875,-0.93344,0.69857,-20.845,3.6741,3.8195,-0.98751,NaN,NaN,NaN,NaN,NaN
634.04,-8.8216,11.374,-40.12,0.032355,1.379,-20.483,2.4947,3.8414,-0.97048,0,0,0,NaN,NaN,NaN,NaN,NaN,NaN,NaN,NaN,NaN,46.601,0,3880.8,0.0064211,NaN,NaN,NaN,NaN,NaN,-1,-1,-0.95371,0.70667,-20.768,3.3654,3.7183,-1.018,NaN,NaN,NaN,NaN,NaN
634.04,-8.8127,11.372,-40.122,-1.4043,1.1385,-19.401,3.3657,-0.55623,-1.2518,0.19296,-0.17865,-1.1281,NaN,NaN,NaN,NaN,NaN,NaN,NaN,NaN,NaN,46.601,0,3880.8,0.0064211,NaN,NaN,NaN,NaN,NaN,-1,-1,-0.98966,0.74665,-20.593,3.31,3.5137,-1.0436,NaN,NaN,NaN,NaN,NaN
634.04,-8.8058,11.387,-40.127,-0.64426,0.72652,-23.723,2.8008,5.7782,-1.5674,0,0,0,NaN,NaN,NaN,NaN,NaN,NaN,NaN,NaN,NaN,46.601,0,3880.8,0.0064211,NaN,NaN,NaN,NaN,19.895,96578,9.875,-1.0182,0.78156,-20.403,3.3251,3.6968,-1.0671,NaN,NaN,NaN,NaN,NaN
634.04,-8.798,11.398,-40.13,-0.94417,0.29181,-19.164,3.0395,4.7454,-0.95672,0,0,0,NaN,NaN,NaN,NaN,NaN,NaN,NaN,NaN,NaN,46.601,0,3880.8,0.0064211,NaN,NaN,NaN,NaN,NaN,-1,-1,-1.0275,0.75798,-20.232,3.2771,3.5352,-1.0933,NaN,NaN,NaN,NaN,NaN
634.05,-8.7741,11.408,-40.134,-2.1875,0.26138,-21.454,5.0889,3.5099,-0.53847,0.17842,-0.18302,-1.1249,NaN,NaN,NaN,NaN,NaN,NaN,NaN,NaN,NaN,46.601,0,3880.8,0.0064211,NaN,NaN,NaN,NaN,19.834,96583,9.875,-1.0445,0.75246,-20.124,3.0362,3.2919,-1.0972,NaN,NaN,NaN,NaN,NaN
634.05,-8.7664,11.422,-40.137,-0.40375,1.0371,-17.142,2.9798,5.3471,-0.86843,0,0,0,NaN,NaN,NaN,NaN,NaN,NaN,NaN,NaN,NaN,46.601,0,3880.8,0.0064211,NaN,NaN,NaN,NaN,NaN,-1,-1,-1.0785,0.77989,-19.986,2.9518,3.2397,-1.1162,NaN,NaN,NaN,NaN,NaN
634.05,-8.7612,11.426,-40.141,-1.5932,-1.2848,-20.745,1.9597,1.835,-1.4146,0,0,0,NaN,NaN,NaN,NaN,NaN,NaN,NaN,NaN,NaN,46.601,0,3880.8,0.0064211,NaN,NaN,NaN,NaN,NaN,-1,-1,-1.0909,0.8112,-19.741,2.8039,3.2904,-1.1591,NaN,NaN,NaN,NaN,NaN
634.05,-8.756,11.43,-40.144,-1.4901,0.0531,-19.534,1.9825,1.435,-1.4412,0,0,0,NaN,NaN,NaN,NaN,NaN,NaN,NaN,NaN,NaN,46.601,0,3880.8,0.0064211,0.93567,2.9773,0.64811,0.079911,19.837,96607,10,-1.1262,0.78981,-19.577,2.6561,3.0381,-1.1876,NaN,NaN,NaN,NaN,NaN
634.06,-8.7502,11.437,-40.148,-0.60752,1.2664,-20.616,2.2632,3.142,-1.3883,0.19315,-0.1813,-1.1325,NaN,NaN,NaN,NaN,NaN,NaN,NaN,NaN,NaN,46.601,0,3880.8,0.0064211,NaN,NaN,NaN,NaN,NaN,-1,-1,-1.1486,0.76322,-19.452,2.5443,2.8527,-1.2287,NaN,NaN,NaN,NaN,NaN
634.06,-8.743,11.441,-40.151,-1.0554,1.4158,-17.278,2.7389,1.565,-1.3679,0,0,0,NaN,NaN,NaN,NaN,NaN,NaN,NaN,NaN,NaN,46.601,0,3880.8,0.0064211,NaN,NaN,NaN,NaN,NaN,-1,-1,-1.1578,0.78212,-19.3,2.4504,2.8753,-1.2549,NaN,NaN,NaN,NaN,NaN
634.06,-8.7381,11.448,-40.156,-0.52986,-0.10495,-21.029,1.9646,3.0257,-1.7295,0,0,0,NaN,NaN,NaN,NaN,NaN,NaN,NaN,NaN,NaN,46.601,0,3880.8,0.0064211,NaN,NaN,NaN,NaN,19.792,96550,9.75,-1.1877,0.8257,-19.126,2.3949,2.8035,-1.2706,NaN,NaN,NaN,NaN,NaN
634.06,-8.7335,11.46,-40.159,-1.7649,1.6433,-19.414,1.7643,4.7415,-1.0901,0,0,0,NaN,NaN,NaN,NaN,NaN,NaN,NaN,NaN,NaN,46.601,0,3880.8,0.0064211,NaN,NaN,NaN,NaN,NaN,-1,-1,-1.2319,0.81998,-18.986,2.329,2.923,-1.2987,NaN,NaN,NaN,NaN,NaN
634.07,-8.7232,11.465,-40.163,-1.3853,3.1582,-18.393,4.0049,1.8132,-1.3392,0.18563,-0.17832,-1.1243,NaN,NaN,NaN,NaN,NaN,NaN,NaN,NaN,NaN,46.601,0,3880.8,0.0064211,0.94005,2.9814,0.63716,0.095727,19.937,96571,9.875,-1.2333,0.8089,-18.768,2.2896,2.9145,-1.3039,NaN,NaN,NaN,NaN,NaN
634.07,-8.7137,11.467,-40.164,-1.8545,0.42724,-18.716,3.5658,0.7449,-0.81944,0,0,0,NaN,NaN,NaN,NaN,NaN,NaN,NaN,NaN,NaN,46.601,0,3880.8,0.0064211,NaN,NaN,NaN,NaN,NaN,-1,-1,-1.2602,0.83206,-18.643,2.2367,2.7747,-1.3333,NaN,NaN,NaN,NaN,NaN
634.07,-8.7093,11.478,-40.168,-0.8785,0.72067,-17.012,1.7156,4.7363,-1.2049,0,0,0,NaN,NaN,NaN,NaN,NaN,NaN,NaN,NaN,NaN,46.601,0,3880.8,0.0064211,NaN,NaN,NaN,NaN,NaN,-1,-1,-1.2863,0.80998,-18.461,2.1322,2.6214,-1.3724,NaN,NaN,NaN,NaN,NaN
634.07,-8.7067,11.485,-40.172,-1.4753,-1.3723,-20.492,0.98234,2.8019,-1.5749,0,0,0,NaN,NaN,NaN,NaN,NaN,NaN,NaN,NaN,NaN,46.601,0,3880.8,0.0064211,NaN,NaN,NaN,NaN,19.569,96574,9.875,-1.2922,0.81483,-18.252,1.9403,2.7488,-1.4164,NaN,NaN,NaN,NaN,NaN
634.08,-8.7045,11.491,-40.177,-1.9367,0.55632,-17.173,0.8874,2.6536,-1.7869,0.1908,-0.18126,-1.1327,NaN,NaN,NaN,NaN,NaN,NaN,NaN,NaN,NaN,46.601,0,3880.8,0.0064211,NaN,NaN,NaN,NaN,NaN,-1,-1,-1.3323,0.82908,-18.083,1.8442,2.8546,-1.4633,NaN,NaN,NaN,NaN,NaN
634.08,-8.6984,11.5,-40.18,-0.41439,1.6184,-18.716,2.305,3.4214,-0.99637,0,0,0,NaN,NaN,NaN,NaN,NaN,NaN,NaN,NaN,NaN,46.601,0,3880.8,0.0064211,NaN,NaN,NaN,NaN,NaN,-1,-1,-1.3647,0.83055,-17.92,1.7391,2.676,-1.4897,NaN,NaN,NaN,NaN,NaN
634.08,-8.6947,11.5,-40.183,-1.5422,0.86154,-16.718,1.3974,-0.07374,-1.6988,0,0,0,NaN,NaN,NaN,NaN,NaN,NaN,NaN,NaN,NaN,46.601,0,3880.8,0.0064211,0.92472,2.9665,0.62499,0.11737,19.753,96580,9.875,-1.3652,0.81479,-17.703,1.7451,2.679,-1.5044,NaN,NaN,NaN,NaN,NaN
634.08,-8.6926,11.504,-40.188,-1.0068,0.16642,-20.752,0.81068,1.8294,-1.8458,0,0,0,NaN,NaN,NaN,NaN,NaN,NaN,NaN,NaN,NaN,46.601,0,3880.8,0.0064211,NaN,NaN,NaN,NaN,NaN,-1,-1,-1.3952,0.8459,-17.477,1.7632,2.8114,-1.4984,NaN,NaN,NaN,NaN,NaN
634.09,-8.6898,11.523,-40.193,-1.2219,2.3676,-17.769,1.1839,7.723,-1.4228,0.18319,-0.18561,-1.1267,NaN,NaN,NaN,NaN,NaN,NaN,NaN,NaN,NaN,46.601,0,3880.8,0.0064211,NaN,NaN,NaN,NaN,19.671,96580,9.875,-1.446,0.83958,-17.352,1.6846,2.686,-1.5234,NaN,NaN,NaN,NaN,NaN
634.09,-8.6811,11.528,-40.197,-1.554,2.748,-15.07,3.3953,1.9773,-1.5106,0,0,0,NaN,NaN,NaN,NaN,NaN,NaN,NaN,NaN,NaN,46.601,0,3880.8,0.0064211,NaN,NaN,NaN,NaN,NaN,-1,-1,-1.4663,0.8469,-16.928,1.6009,2.6259,-1.5468,NaN,NaN,NaN,NaN,NaN
634.09,-8.6729,11.521,-40.198,-2.7703,0.19921,-20.584,3.0539,-2.5794,-1.2996,0,0,0,NaN,NaN,NaN,NaN,NaN,NaN,NaN,NaN,NaN,46.601,0,3880.8,0.0064211,NaN,NaN,NaN,NaN,NaN,-1,-1,-1.4612,0.85726,-16.692,1.4995,2.7743,-1.5618,NaN,NaN,NaN,NaN,NaN
634.09,-8.6706,11.539,-40.204,-0.55722,0.41405,-15.677,0.9565,6.9359,-1.3454,0,0,0,NaN,NaN,NaN,NaN,NaN,NaN,NaN,NaN,NaN,46.601,0,3880.8,0.0064211,0.95319,3.2869,0.65846,0.073252,19.528,96575,9.875,-1.4972,0.8326,-16.541,1.4061,2.64,-1.5999,NaN,NaN,NaN,NaN,NaN
634.1,-8.6709,11.548,-40.209,-1.1667,-1.0729,-18.378,-0.063197,4.0263,-1.8512,0.1904,-0.18583,-1.1283,NaN,NaN,NaN,NaN,NaN,NaN,NaN,NaN,NaN,46.601,0,3880.8,0.0064211,NaN,NaN,NaN,NaN,NaN,-1,-1,-1.4981,0.86059,-16.34,1.248,2.489,-1.6349,NaN,NaN,NaN,NaN,NaN
634.1,-8.6677,11.555,-40.217,-0.57529,1.0336,-19.775,1.2086,3.2615,-1.4603,0,0,0,NaN,NaN,NaN,NaN,NaN,NaN,NaN,NaN,NaN,46.601,0,3880.8,0.0064211,NaN,NaN,NaN,NaN,NaN,-1,-1,-1.5404,0.85559,-16.188,1.1223,2.6657,-1.6749,NaN,NaN,NaN,NaN,NaN
634.1,-8.6671,11.563,-40.222,-1.4909,1.0052,-15.203,0.28184,3.3198,-1.8258,0,0,0,NaN,NaN,NaN,NaN,NaN,NaN,NaN,NaN,NaN,46.601,0,3880.8,0.0064211,NaN,NaN,NaN,NaN,19.627,96553,9.75,-1.5369,0.86202,-15.957,1.0541,2.6491,-1.6973,NaN,NaN,NaN,NaN,NaN
634.1,-8.6653,11.563,-40.226,-1.0565,0.68023,-18.451,0.65203,0.0052712,-1.951,0.18831,-0.18111,-1.1307,NaN,NaN,NaN,NaN,NaN,NaN,NaN,NaN,NaN,46.601,0,3880.8,0.0064211,NaN,NaN,NaN,NaN,19.673,96588,9.9375,-1.5659,0.89394,-15.763,1.105,2.6905,-1.6903,NaN,NaN,NaN,NaN,NaN
634.11,-8.6633,11.577,-40.231,-1.2553,1.9035,-17.001,0.81561,5.5484,-1.4388,0,0,0,NaN,NaN,NaN,NaN,NaN,NaN,NaN,NaN,NaN,46.601,0,3880.8,0.0064211,0.93732,5.3018,0.63533,0.086571,NaN,-1,-1,-1.595,0.89554,-15.977,1.0628,2.8494,-1.6819,NaN,NaN,NaN,NaN,NaN
634.11,-8.6564,11.585,-40.236,-2.1506,2.3286,-15.908,2.7729,3.2839,-1.7832,0,0,0,NaN,NaN,NaN,NaN,NaN,NaN,NaN,NaN,NaN,46.601,0,3880.8,0.0064211,NaN,NaN,NaN,NaN,NaN,-1,-1,-1.6024,0.89555,-15.769,0.94532,2.7961,-1.7064,NaN,NaN,NaN,NaN,NaN
634.11,-8.6503,11.584,-40.238,-2.5927,0.93681,-17.744,2.281,-0.082048,-1.3904,0,0,0,NaN,NaN,NaN,NaN,NaN,NaN,NaN,NaN,NaN,46.601,0,3880.8,0.0064211,NaN,NaN,NaN,NaN,NaN,-1,-1,-1.6219,0.89882,-15.614,0.84863,2.7909,-1.7278,NaN,NaN,NaN,NaN,NaN
634.11,-8.6486,11.593,-40.244,-0.77081,0.60838,-14.315,0.75321,3.7678,-1.9805,0.1856,-0.19309,-1.1309,NaN,NaN,NaN,NaN,NaN,NaN,NaN,NaN,NaN,46.601,0,3880.8,0.0064211,NaN,NaN,NaN,NaN,19.633,96584,9.9375,-1.6494,0.89987,-15.481,0.76117,2.9535,-1.7495,NaN,NaN,NaN,NaN,NaN
634.12,-8.6529,11.61,-40.255,-2.614,1.8763,-15.391,-0.83617,3.2307,-2.0614,0,0,0,NaN,NaN,NaN,NaN,NaN,NaN,NaN,NaN,NaN,46.601,0,3880.8,0.0064211,NaN,NaN,NaN,NaN,NaN,-1,-1,-1.6329,0.91729,-15.646,0.68494,2.8207,-1.7898,NaN,NaN,NaN,NaN,NaN
634.12,-8.6494,11.616,-40.259,-0.75722,1.0803,-16.904,1.3769,2.7326,-1.7539,0,0,0,NaN,NaN,NaN,NaN,NaN,NaN,NaN,NaN,NaN,46.601,0,3880.8,0.0064211,0.93567,8.4962,0.64811,0.079911,NaN,-1,-1,-1.669,0.87153,-15.578,0.51099,2.9137,-1.8381,NaN,NaN,NaN,NaN,NaN
634.12,-8.6494,11.618,-40.264,-0.99867,0.67363,-15.202,5.7296e-05,0.98365,-2.0887,0.17422,-0.18344,-1.1342,NaN,NaN,NaN,NaN,NaN,NaN,NaN,NaN,NaN,46.601,0,3880.8,0.0064211,NaN,NaN,NaN,NaN,19.566,96570,9.8125,-1.6553,0.87841,-15.432,0.38551,3.1776,-1.8617,NaN,NaN,NaN,NaN,NaN
634.12,-8.6499,11.624,-40.27,-1.7426,0.45281,-17.801,-0.056952,2.627,-2.3834,0,0,0,NaN,NaN,NaN,NaN,NaN,NaN,NaN,NaN,NaN,46.601,0,3880.8,0.0064211,NaN,NaN,NaN,NaN,NaN,-1,-1,-1.6812,0.92768,-15.318,0.42748,3.2164,-1.8734,NaN,NaN,NaN,NaN,NaN
634.13,-8.6504,11.644,-40.276,-1.3851,3.1047,-15.668,-0.086631,7.8624,-1.459,0,0,0,NaN,NaN,NaN,NaN,NaN,NaN,NaN,NaN,NaN,46.601,0,3880.8,0.0064211,NaN,NaN,NaN,NaN,19.57,96567,9.875,-1.7245,0.93316,-15.243,0.45338,3.2622,-1.8637,NaN,NaN,NaN,NaN,NaN
634.13,-8.6448,11.646,-40.28,-1.8791,1.3459,-12.708,2.2047,1.0011,-1.8829,0,0,0,NaN,NaN,NaN,NaN,NaN,NaN,NaN,NaN,NaN,46.601,0,3880.8,0.0064211,NaN,NaN,NaN,NaN,NaN,-1,-1,-1.729,0.9292,-15.059,0.38105,3.3586,-1.8788,NaN,NaN,NaN,NaN,NaN
634.13,-8.6428,11.648,-40.284,-2.612,1.1516,-19.381,0.6895,0.66612,-1.5233,0.18366,-0.17865,-1.1311,NaN,NaN,NaN,NaN,NaN,NaN,NaN,NaN,NaN,46.601,0,3880.8,0.0064211,NaN,NaN,NaN,NaN,NaN,-1,-1,-1.7318,0.93288,-14.974,0.31204,3.4396,-1.8929,NaN,NaN,NaN,NaN,NaN
634.13,-8.6431,11.666,-40.291,-1.5002,0.50015,-13.69,0.052827,7.6536,-1.9029,0,0,0,NaN,NaN,NaN,NaN,NaN,NaN,NaN,NaN,NaN,46.601,0,3880.8,0.0064211,0.94662,10.025,0.63594,0.09656,19.488,96567,9.875,-1.7598,0.92267,-14.874,0.2252,3.6854,-1.9182,NaN,NaN,NaN,NaN,NaN
634.14,-8.6458,11.673,-40.296,-0.77967,-1.9355,-13.736,-1.0163,2.8351,-1.9788,0,0,0,NaN,NaN,NaN,NaN,NaN,NaN,NaN,NaN,NaN,46.601,0,3880.8,0.0064211,NaN,NaN,NaN,NaN,NaN,-1,-1,-1.7995,0.89903,-14.757,0.18739,3.7413,-1.9312,NaN,NaN,NaN,NaN,NaN
634.14,-8.6492,11.676,-40.301,-2.3337,1.5269,-15.517,-1.308,1.4759,-2.3266,0,0,0,NaN,NaN,NaN,NaN,NaN,NaN,NaN,NaN,NaN,46.601,0,3880.8,0.0064211,NaN,NaN,NaN,NaN,NaN,-1,-1,-1.8124,0.90398,-14.684,0.063226,3.8212,-1.9599,NaN,NaN,NaN,NaN,NaN
634.14,-8.6485,11.692,-40.307,-1.5196,1.1142,-16.936,0.36962,6.3678,-1.6525,0.17645,-0.18335,-1.1318,NaN,NaN,NaN,NaN,NaN,NaN,NaN,NaN,NaN,46.601,0,3880.8,0.0064211,NaN,NaN,NaN,NaN,19.299,96578,9.875,-1.7985,0.90773,-14.543,-0.064686,4.0314,-2.0005,NaN,NaN,NaN,NaN,NaN
634.14,-8.6491,11.704,-40.314,-1.4274,1.2153,-12.914,-0.08199,5.0263,-2.1191,0,0,0,NaN,NaN,NaN,NaN,NaN,NaN,NaN,NaN,NaN,46.562,0,3866.5,0.0064211,NaN,NaN,NaN,NaN,NaN,-1,-1,-1.8192,0.93266,-14.412,-0.10484,4.3589,-2.0144,NaN,NaN,NaN,NaN,NaN
634.15,-8.65,11.706,-40.319,-1.2945,-0.31637,-15.824,-0.30436,0.85342,-2.2961,0,0,0,NaN,NaN,NaN,NaN,NaN,NaN,NaN,NaN,NaN,46.562,0,3866.5,0.0064211,0.99699,11.198,0.70897,-0.0049945,19.426,96586,9.9375,-1.8555,0.94988,-14.372,-0.029696,4.7323,-2.0189,NaN,NaN,NaN,NaN,NaN
634.15,-8.6526,11.728,-40.325,-1.4644,3.3976,-14.505,-0.89748,9.1926,-1.4908,0,0,0,NaN,NaN,NaN,NaN,NaN,NaN,NaN,NaN,NaN,46.562,0,3866.5,0.0064211,NaN,NaN,NaN,NaN,NaN,-1,-1,-1.8555,0.93425,-14.204,0.01235,4.7415,-2.0101,NaN,NaN,NaN,NaN,NaN
634.15,-8.6477,11.743,-40.331,-1.837,1.8749,-13.238,2.0608,5.935,-1.7742,0.18097,-0.18077,-1.1269,NaN,NaN,NaN,NaN,NaN,NaN,NaN,NaN,NaN,46.562,0,3866.5,0.0064211,NaN,NaN,NaN,NaN,NaN,-1,-1,-1.8693,0.94388,-14.122,-0.021182,5.3096,-2.0096,NaN,NaN,NaN,NaN,NaN
634.15,-8.6455,11.749,-40.336,-3.3173,0.7132,-15.289,0.93575,2.5398,-1.9634,0,0,0,NaN,NaN,NaN,NaN,NaN,NaN,NaN,NaN,NaN,46.562,0,3866.5,0.0064211,NaN,NaN,NaN,NaN,19.259,96548,9.8125,-1.8838,0.94254,-14.02,-0.078713,5.6794,-2.0221,NaN,NaN,NaN,NaN,NaN
634.16,-8.6471,11.769,-40.343,-1.1506,-0.14722,-13.342,-0.42691,8.2032,-1.8752,0,0,0,NaN,NaN,NaN,NaN,NaN,NaN,NaN,NaN,NaN,46.562,0,3866.5,0.0064211,NaN,NaN,NaN,NaN,NaN,-1,-1,-1.8739,0.94466,-13.904,-0.10504,5.8382,-2.045,NaN,NaN,NaN,NaN,NaN
634.16,-8.6522,11.784,-40.35,-0.8568,-1.1074,-13.613,-1.8385,6.2873,-2.236,0,0,0,NaN,NaN,NaN,NaN,NaN,NaN,NaN,NaN,NaN,46.562,0,3866.5,0.0064211,0.94389,14.385,0.71506,0.045783,NaN,-1,-1,-1.8962,0.91751,-13.796,-0.22457,6.4361,-2.0685,NaN,NaN,NaN,NaN,NaN
634.16,-8.6555,11.797,-40.358,-2.9073,1.6035,-13.869,-1.0862,5.398,-2.5589,0.18318,-0.19054,-1.1289,NaN,NaN,NaN,NaN,NaN,NaN,NaN,NaN,NaN,46.562,0,3866.5,0.0064211,NaN,NaN,NaN,NaN,19.22,96571,9.9375,-1.9175,0.92611,-13.727,-0.28082,6.8712,-2.0959,NaN,NaN,NaN,NaN,NaN
634.16,-8.6559,11.819,-40.366,-1.3405,0.90724,-15.228,0.13814,9.1356,-2.1496,0,0,0,NaN,NaN,NaN,NaN,NaN,NaN,NaN,NaN,NaN,46.562,0,3866.5,0.0064211,NaN,NaN,NaN,NaN,NaN,-1,-1,-1.9037,0.91897,-13.63,-0.27838,7.2137,-2.0986,NaN,NaN,NaN,NaN,NaN
634.17,-8.6579,11.838,-40.374,-1.5533,0.85898,-11.119,-0.49223,7.9905,-2.318,0,0,0,NaN,NaN,NaN,NaN,NaN,NaN,NaN,NaN,NaN,46.562,0,3866.5,0.0064211,NaN,NaN,NaN,NaN,19.407,96576,9.9375,-1.9106,0.94247,-13.508,-0.20151,7.949,-2.0946,NaN,NaN,NaN,NaN,NaN
634.17,-8.6597,11.85,-40.381,-1.8142,0.067006,-15.44,-0.53549,5.0058,-2.3172,0,0,0,NaN,NaN,NaN,NaN,NaN,NaN,NaN,NaN,NaN,46.562,0,3866.5,0.0064211,NaN,NaN,NaN,NaN,NaN,-1,-1,-1.9407,0.95577,-13.467,-0.12775,8.5127,-2.0816,NaN,NaN,NaN,NaN,NaN
634.17,-8.6613,11.883,-40.39,-1.5531,3.2223,-13.419,-0.31163,13.128,-1.7181,0.16669,-0.18538,-1.1282,NaN,NaN,NaN,NaN,NaN,NaN,NaN,NaN,NaN,46.562,0,3866.5,0.0064211,NaN,NaN,NaN,NaN,NaN,-1,-1,-1.9445,0.94335,-13.358,-0.15165,8.9572,-2.0969,NaN,NaN,NaN,NaN,NaN
634.17,-8.6563,11.905,-40.397,-1.8769,1.5921,-11.589,2.2162,9.0515,-1.7934,0,0,0,NaN,NaN,NaN,NaN,NaN,NaN,NaN,NaN,NaN,46.562,0,3866.5,0.0064211,0.93677,16.445,0.63533,0.083241,19.28,96547,9.8125,-1.9474,0.94271,-13.292,-0.20761,9.6953,-2.108,NaN,NaN,NaN,NaN,NaN
634.18,-8.6542,11.921,-40.403,-3.3797,0.28082,-14.639,0.98772,6.416,-1.8262,0,0,0,NaN,NaN,NaN,NaN,NaN,NaN,NaN,NaN,NaN,46.562,0,3866.5,0.0064211,NaN,NaN,NaN,NaN,NaN,-1,-1,-1.9518,0.93543,-13.212,-0.17914,10.528,-2.0976,NaN,NaN,NaN,NaN,NaN
634.18,-8.663,11.982,-40.423,-1.3722,-0.84373,-11.934,-1.534,11.028,-2.3771,0.16009,-0.17832,-1.1332,NaN,NaN,NaN,NaN,NaN,NaN,NaN,NaN,NaN,46.562,0,3866.5,0.0064211,NaN,NaN,NaN,NaN,NaN,-1,-1,-1.946,0.92681,-13.118,-0.20081,11.026,-2.124,NaN,NaN,NaN,NaN,NaN
634.18,-8.6672,12.007,-40.432,-2.7038,0.98606,-13.191,-1.25,10.49,-2.4709,0,0,0,NaN,NaN,NaN,NaN,NaN,NaN,NaN,NaN,NaN,46.562,0,3866.5,0.0064211,0.94827,17.717,0.65298,0.07242,19.32,96575,9.875,-1.96,0.91294,-13.066,-0.29515,11.754,-2.1521,NaN,NaN,NaN,NaN,NaN
634.18,-8.6682,12.043,-40.442,-1.1663,0.99211,-12.816,0.043258,14.297,-2.0299,0,0,0,NaN,NaN,NaN,NaN,NaN,NaN,NaN,NaN,NaN,46.562,0,3866.5,0.0064211,0.94827,17.717,0.65298,0.07242,NaN,-1,-1,-1.9345,0.92929,-12.953,-0.33553,12.876,-2.1481,NaN,NaN,NaN,NaN,NaN
634.19,-8.6715,12.079,-40.453,-1.6623,0.92489,-10.748,-0.79681,14.757,-2.4049,0,0,0,NaN,NaN,NaN,NaN,NaN,NaN,NaN,NaN,NaN,46.562,0,3866.5,0.0064211,NaN,NaN,NaN,NaN,19.111,96550,9.8125,-1.949,0.93297,-12.905,-0.2376,13.615,-2.1477,NaN,NaN,NaN,NaN,NaN
634.19,-8.6738,12.105,-40.462,-1.8534,0.56209,-14.299,-0.50208,10.9,-2.3496,0.1722,-0.17632,-1.1366,-12.45,15.962,1.3118,20.286,40.061,-88.547,3.6802e+05,4.4356e+06,359.38,46.562,0,3866.5,0.0064211,NaN,NaN,NaN,NaN,NaN,-1,-1,-1.9431,0.93225,-12.828,-0.175,14.412,-2.1153,20.049,0.42954,3.0582,8.6726,1.2133
634.19,-8.6765,12.152,-40.473,-1.313,2.6584,-12.788,-0.49756,19.001,-1.8674,0,0,0,NaN,NaN,NaN,NaN,NaN,NaN,NaN,NaN,NaN,46.562,0,3866.5,0.0064211,NaN,NaN,NaN,NaN,NaN,-1,-1,-1.94,0.92751,-12.813,-0.15156,15.538,-2.1125,NaN,NaN,NaN,NaN,NaN
634.19,-8.6739,12.193,-40.484,-1.7562,1.7722,-11.298,1.5329,16.638,-1.9836,0,0,0,NaN,NaN,NaN,NaN,NaN,NaN,NaN,NaN,NaN,46.562,0,3866.5,0.0064211,NaN,NaN,NaN,NaN,19.358,96576,9.8125,-1.9641,0.91796,-12.784,-0.2032,16.443,-2.1207,NaN,NaN,NaN,NaN,NaN
634.2,-8.6714,12.231,-40.493,-4.0104,1.2888,-12.788,1.4694,15.805,-1.7303,0,0,0,NaN,NaN,NaN,NaN,NaN,NaN,NaN,NaN,NaN,46.562,0,3866.5,0.0064211,NaN,NaN,NaN,NaN,NaN,-1,-1,-1.943,0.92415,-12.703,-0.27233,17.39,-2.141,NaN,NaN,NaN,NaN,NaN
634.2,-8.6745,12.282,-40.506,-0.71054,-0.81515,-10.214,-0.63638,20.503,-2.0362,0.16683,-0.18058,-1.1282,NaN,NaN,NaN,NaN,NaN,NaN,NaN,NaN,NaN,46.562,0,3866.5,0.0064211,0.93513,19.652,0.63655,0.10155,NaN,-1,-1,-1.9465,0.89887,-12.718,-0.26084,18.548,-2.1216,NaN,NaN,NaN,NaN,NaN
634.2,-8.6804,12.32,-40.517,-1.3879,-0.75104,-13.331,-1.7818,15.556,-2.3667,0,0,0,NaN,NaN,NaN,NaN,NaN,NaN,NaN,NaN,NaN,46.562,0,3866.5,0.0064211,NaN,NaN,NaN,NaN,19.131,96561,9.8125,-1.9161,0.88238,-12.648,-0.27891,19.627,-2.1385,NaN,NaN,NaN,NaN,NaN
634.2,-8.6846,12.377,-40.531,-3.303,1.1903,-13.639,-0.81171,23.048,-2.5504,0,0,0,NaN,NaN,NaN,NaN,NaN,NaN,NaN,NaN,NaN,46.562,0,3866.5,0.0064211,NaN,NaN,NaN,NaN,NaN,-1,-1,-1.9284,0.90681,-12.656,-0.35205,20.632,-2.1473,NaN,NaN,NaN,NaN,NaN
634.21,-8.6892,12.478,-40.557,-1.7361,0.79798,-10.623,-0.40932,17.574,-2.3027,0.15057,-0.18552,-1.1363,NaN,NaN,NaN,NaN,NaN,NaN,NaN,NaN,NaN,46.562,0,3866.5,0.0064211,NaN,NaN,NaN,NaN,19.005,96594,9.9375,-1.9224,0.90195,-12.621,-0.37539,21.863,-2.1298,NaN,NaN,NaN,NaN,NaN
634.21,-8.6934,12.534,-40.571,-2.8139,1.0387,-17.604,-0.79956,22.894,-2.4152,0,0,0,NaN,NaN,NaN,NaN,NaN,NaN,NaN,NaN,NaN,46.562,0,3866.5,0.0064211,NaN,NaN,NaN,NaN,NaN,-1,-1,-1.9201,0.89979,-12.619,-0.26388,23.025,-2.1062,NaN,NaN,NaN,NaN,NaN
634.21,-8.6971,12.612,-40.586,-0.78603,2.7966,-8.8391,-0.52386,31.705,-1.6462,0,0,0,NaN,NaN,NaN,NaN,NaN,NaN,NaN,NaN,NaN,46.562,0,3866.5,0.0064211,0.99754,20.214,0.70532,0.017481,NaN,-1,-1,-1.8976,0.90459,-12.558,-0.2764,24.113,-2.105,NaN,NaN,NaN,NaN,NaN
634.21,-8.6949,12.665,-40.598,-1.0778,0.50867,-9.9863,1.5872,21.412,-1.8538,0,0,0,NaN,NaN,NaN,NaN,NaN,NaN,NaN,NaN,NaN,46.562,0,3866.5,0.0064211,0.99754,20.214,0.70532,0.017481,19.008,96598,10,-1.9217,0.87911,-12.626,-0.30892,25.352,-2.0985,NaN,NaN,NaN,NaN,NaN
634.22,-8.6959,12.725,-40.612,-4.3362,1.1478,-15.334,0.34492,24.365,-1.7931,0.14822,-0.18549,-1.1365,NaN,NaN,NaN,NaN,NaN,NaN,NaN,NaN,NaN,46.562,0,3866.5,0.0064211,NaN,NaN,NaN,NaN,NaN,-1,-1,-1.8923,0.85836,-12.576,-0.36552,26.552,-2.0912,NaN,NaN,NaN,NaN,NaN
634.22,-8.7019,12.813,-40.629,-1.4765,0.28559,-10.523,-1.2145,35.661,-1.9171,0,0,0,NaN,NaN,NaN,NaN,NaN,NaN,NaN,NaN,NaN,46.562,0,3866.5,0.0064211,NaN,NaN,NaN,NaN,NaN,-1,-1,-1.8566,0.85572,-12.549,-0.43546,27.854,-2.1103,NaN,NaN,NaN,NaN,NaN
634.22,-8.7078,12.874,-40.644,-0.59318,-1.0714,-9.3688,-1.3875,24.773,-2.4048,0,0,0,NaN,NaN,NaN,NaN,NaN,NaN,NaN,NaN,NaN,46.562,0,3866.5,0.0064211,NaN,NaN,NaN,NaN,18.987,96598,10,-1.8546,0.83859,-12.595,-0.52076,29.184,-2.1248,NaN,NaN,NaN,NaN,NaN
634.22,-8.7142,12.943,-40.66,-2.5596,1.0117,-14.825,-1.526,27.941,-2.2493,0,0,0,NaN,NaN,NaN,NaN,NaN,NaN,NaN,NaN,NaN,46.562,0,3866.5,0.0064211,0.92691,20.318,0.64264,0.090733,NaN,-1,-1,-1.8454,0.86814,-12.616,-0.61128,30.523,-2.1433,NaN,NaN,NaN,NaN,NaN
634.23,-8.7172,13.036,-40.679,-2.2985,1.1144,-12.941,0.10101,38.004,-1.9218,0.15274,-0.18291,-1.1317,NaN,NaN,NaN,NaN,NaN,NaN,NaN,NaN,NaN,46.562,0,3866.5,0.0064211,NaN,NaN,NaN,NaN,19.073,96591,10,-1.8284,0.84695,-12.625,-0.60841,31.828,-2.1558,NaN,NaN,NaN,NaN,NaN
634.23,-8.7214,13.114,-40.696,-1.4416,0.86336,-8.6037,-0.51979,31.818,-2.1169,0,0,0,NaN,NaN,NaN,NaN,NaN,NaN,NaN,NaN,NaN,46.562,0,3866.5,0.0064211,NaN,NaN,NaN,NaN,NaN,-1,-1,-1.8076,0.86053,-12.606,-0.57515,33.394,-2.1245,NaN,NaN,NaN,NaN,NaN
634.23,-8.7265,13.189,-40.713,-1.7994,0.87675,-15.018,-0.85537,30.363,-2.4726,0,0,0,NaN,NaN,NaN,NaN,NaN,NaN,NaN,NaN,NaN,46.562,0,3866.5,0.0064211,NaN,NaN,NaN,NaN,NaN,-1,-1,-1.8108,0.83879,-12.915,-0.51978,34.819,-2.1071,NaN,NaN,NaN,NaN,NaN
634.23,-8.7317,13.29,-40.732,-1.6236,2.203,-12.449,-0.66515,40.967,-1.6845,0,0,0,NaN,NaN,NaN,NaN,NaN,NaN,NaN,NaN,NaN,46.562,0,3866.5,0.0064211,NaN,NaN,NaN,NaN,19.175,96570,9.875,-1.7791,0.79926,-12.949,-0.53199,36.111,-2.0955,NaN,NaN,NaN,NaN,NaN
634.24,-8.7311,13.385,-40.751,-1.1986,1.4436,-11.123,1.642,38.644,-1.9067,0.14128,-0.18059,-1.1372,NaN,NaN,NaN,NaN,NaN,NaN,NaN,NaN,NaN,46.562,0,3866.5,0.0064211,NaN,NaN,NaN,NaN,NaN,-1,-1,-1.7303,0.7975,-13.012,-0.59139,37.495,-2.0917,NaN,NaN,NaN,NaN,NaN
634.24,-8.7335,13.471,-40.769,-3.111,1.0927,-11.743,0.27399,34.699,-1.8822,0,0,0,NaN,NaN,NaN,NaN,NaN,NaN,NaN,NaN,NaN,46.562,0,3866.5,0.0064211,NaN,NaN,NaN,NaN,NaN,-1,-1,-1.7261,0.77071,-13.107,-0.59939,38.933,-2.0758,NaN,NaN,NaN,NaN,NaN
634.24,-8.7409,13.574,-40.789,-1.8968,-0.40987,-13.651,-1.3789,41.756,-2.097,0,0,0,NaN,NaN,NaN,NaN,NaN,NaN,NaN,NaN,NaN,46.562,0,3866.5,0.0064211,NaN,NaN,NaN,NaN,19.048,96569,9.875,-1.7006,0.7697,-13.408,-0.61119,40.536,-2.0603,NaN,NaN,NaN,NaN,NaN
634.24,-8.7496,13.676,-40.812,-0.97716,-0.63762,-11.219,-1.7589,41.751,-2.6887,0,0,0,NaN,NaN,NaN,NaN,NaN,NaN,NaN,NaN,NaN,46.562,0,3866.5,0.0064211,NaN,NaN,NaN,NaN,19.112,96566,9.875,-1.6676,0.76466,-13.512,-0.68449,41.856,-2.0638,NaN,NaN,NaN,NaN,NaN
634.25,-8.757,13.778,-40.833,-1.3687,-0.18804,-13.844,-1.3574,41.274,-2.1804,0.12674,-0.18496,-1.134,NaN,NaN,NaN,NaN,NaN,NaN,NaN,NaN,NaN,46.562,0,3866.5,0.0064211,NaN,NaN,NaN,NaN,NaN,-1,-1,-1.6439,0.77997,-13.64,-0.74321,43.282,-2.0561,NaN,NaN,NaN,NaN,NaN
634.25,-8.7621,13.891,-40.855,-2.47,1.9057,-12.643,-0.33346,45.743,-1.8833,0,0,0,NaN,NaN,NaN,NaN,NaN,NaN,NaN,NaN,NaN,46.562,0,3866.5,0.0064211,0.98714,20.226,0.71749,0.00083241,NaN,-1,-1,-1.6051,0.77264,-13.736,-0.72709,45.004,-2.0228,NaN,NaN,NaN,NaN,NaN
634.25,-8.7671,14.002,-40.876,-2.0938,1.4334,-12.461,-0.29072,45.175,-1.8298,0,0,0,NaN,NaN,NaN,NaN,NaN,NaN,NaN,NaN,NaN,46.562,0,3866.5,0.0064211,NaN,NaN,NaN,NaN,NaN,-1,-1,-1.5773,0.77226,-13.848,-0.58863,46.359,-1.9757,NaN,NaN,NaN,NaN,NaN
634.25,-8.7747,14.115,-40.899,-0.92603,0.41913,-14.091,-1.1548,45.763,-2.3228,0,0,0,NaN,NaN,NaN,NaN,NaN,NaN,NaN,NaN,NaN,46.552,0,3846.5,0.0064211,NaN,NaN,NaN,NaN,19.027,96591,9.9375,-1.5562,0.75086,-13.975,-0.50255,47.84,-1.9287,NaN,NaN,NaN,NaN,NaN
634.26,-8.7811,14.236,-40.922,-1.416,1.7961,-12.726,-0.76043,49.225,-1.6334,0.1122,-0.1844,-1.1286,NaN,NaN,NaN,NaN,NaN,NaN,NaN,NaN,NaN,46.552,0,3846.5,0.0064211,NaN,NaN,NaN,NaN,NaN,-1,-1,-1.5208,0.745,-14.136,-0.52553,49.557,-1.8974,NaN,NaN,NaN,NaN,NaN
634.26,-8.7862,14.483,-40.969,-2.5458,1.1522,-11.396,0.77017,49.013,-2.0221,0,0,0,NaN,NaN,NaN,NaN,NaN,NaN,NaN,NaN,NaN,46.552,0,3846.5,0.0064211,NaN,NaN,NaN,NaN,NaN,-1,-1,-1.4616,0.74367,-14.273,-0.56923,50.608,-1.882,NaN,NaN,NaN,NaN,NaN
634.26,-8.7949,14.613,-40.994,-1.4948,-1.611,-14.982,-1.3688,52.735,-1.9449,0,0,0,NaN,NaN,NaN,NaN,NaN,NaN,NaN,NaN,NaN,46.552,0,3846.5,0.0064211,NaN,NaN,NaN,NaN,18.855,96537,9.75,-1.4373,0.71367,-14.445,-0.53664,52.149,-1.862,NaN,NaN,NaN,NaN,NaN
634.26,-8.8073,14.747,-41.021,-1.3113,0.77127,-12.867,-2.6025,54.409,-2.3176,0.11991,-0.19003,-1.1413,NaN,NaN,NaN,NaN,NaN,NaN,NaN,NaN,NaN,46.552,0,3846.5,0.0064211,0.93732,20.313,0.64142,0.086571,NaN,-1,-1,-1.3907,0.71753,-14.579,-0.52241,53.702,-1.8385,NaN,NaN,NaN,NaN,NaN
634.27,-8.8201,15.017,-41.072,-2.0462,1.2724,-14.371,0.23566,55.169,-1.7751,0,0,0,NaN,NaN,NaN,NaN,NaN,NaN,NaN,NaN,NaN,46.552,0,3846.5,0.0064211,NaN,NaN,NaN,NaN,18.836,96589,9.9375,-1.3378,0.74597,-14.774,-0.55043,54.843,-1.8227,NaN,NaN,NaN,NaN,NaN
634.27,-8.8268,15.161,-41.099,-1.8345,2.3354,-15.415,-0.28104,58.4,-1.734,0,0,0,NaN,NaN,NaN,NaN,NaN,NaN,NaN,NaN,NaN,46.552,0,3846.5,0.0064211,NaN,NaN,NaN,NaN,NaN,-1,-1,-1.3066,0.71353,-14.97,-0.54466,56.431,-1.7757,NaN,NaN,NaN,NaN,NaN
634.27,-8.8362,15.31,-41.127,-0.60297,-0.33372,-14.934,-1.1921,60.236,-2.0653,0.1126,-0.17984,-1.1331,NaN,NaN,NaN,NaN,NaN,NaN,NaN,NaN,NaN,46.552,0,3846.5,0.0064211,NaN,NaN,NaN,NaN,NaN,-1,-1,-1.2578,0.73051,-15.102,-0.40742,57.932,-1.7222,NaN,NaN,NaN,NaN,NaN
634.27,-8.8432,15.453,-41.154,-1.2272,0.81811,-14.746,-0.34584,57.976,-1.6166,0,0,0,NaN,NaN,NaN,NaN,NaN,NaN,NaN,NaN,NaN,46.552,0,3846.5,0.0064211,NaN,NaN,NaN,NaN,18.858,96583,9.9375,-1.21,0.74223,-15.29,-0.24971,59.098,-1.6451,NaN,NaN,NaN,NaN,NaN
634.28,-8.8457,15.607,-41.181,-0.79417,2.3657,-18.904,1.5474,62.667,-1.2704,0,0,0,NaN,NaN,NaN,NaN,NaN,NaN,NaN,NaN,NaN,46.552,0,3846.5,0.0064211,NaN,NaN,NaN,NaN,NaN,-1,-1,-1.1833,0.69457,-15.497,-0.19502,60.672,-1.587,NaN,NaN,NaN,NaN,NaN
634.28,-8.8483,15.764,-41.208,-0.91655,1.4931,-12.664,1.5451,63.331,-1.1771,0,0,0,NaN,NaN,NaN,NaN,NaN,NaN,NaN,NaN,NaN,46.552,0,3846.5,0.0064211,NaN,NaN,NaN,NaN,NaN,-1,-1,-1.1099,0.683,-15.719,-0.20131,62.06,-1.5599,NaN,NaN,NaN,NaN,NaN
634.28,-8.8577,15.918,-41.236,-2.0794,-2.4074,-16.019,-1.2147,62.447,-1.2441,0.091582,-0.17726,-1.1372,NaN,NaN,NaN,NaN,NaN,NaN,NaN,NaN,NaN,46.552,0,3846.5,0.0064211,NaN,NaN,NaN,NaN,18.816,96599,10,-1.0511,0.66866,-15.92,-0.19791,62.998,-1.5204,NaN,NaN,NaN,NaN,NaN
634.28,-8.8704,16.076,-41.265,-1.1185,0.64725,-15.758,-2.2172,63.974,-1.8563,0,0,0,NaN,NaN,NaN,NaN,NaN,NaN,NaN,NaN,NaN,46.552,0,3846.5,0.0064211,NaN,NaN,NaN,NaN,NaN,-1,-1,-1.0007,0.67319,-16.119,-0.083719,67,-1.4746,NaN,NaN,NaN,NaN,NaN
634.29,-8.8782,16.238,-41.294,0.5121,-0.16964,-19.499,-0.236,65.523,-1.3786,0,0,0,NaN,NaN,NaN,NaN,NaN,NaN,NaN,NaN,NaN,46.552,0,3846.5,0.0064211,NaN,NaN,NaN,NaN,19.045,96587,9.875,-0.94124,0.67569,-16.35,-0.010489,67.628,-1.4172,NaN,NaN,NaN,NaN,NaN
634.29,-8.8823,16.404,-41.323,-1.8792,1.9417,-16.731,1.2146,67.378,-1.0214,0,0,0,NaN,NaN,NaN,NaN,NaN,NaN,NaN,NaN,NaN,46.552,0,3846.5,0.0064211,0.93403,20.196,0.71871,0.04828,NaN,-1,-1,-0.88447,0.67595,-16.576,-0.0075265,67.902,-1.3896,NaN,NaN,NaN,NaN,NaN
634.29,-8.8887,16.577,-41.353,-1.733,1.3523,-16.73,0.41774,69.896,-1.1772,0.076975,-0.17911,-1.1318,NaN,NaN,NaN,NaN,NaN,NaN,NaN,NaN,NaN,46.552,0,3846.5,0.0064211,NaN,NaN,NaN,NaN,NaN,-1,-1,-0.82316,0.66222,-16.84,0.014852,68.679,-1.3325,NaN,NaN,NaN,NaN,NaN
634.29,-8.8992,16.746,-41.384,0.59476,0.37731,-15.684,-1.0326,68.344,-1.6133,0,0,0,NaN,NaN,NaN,NaN,NaN,NaN,NaN,NaN,NaN,46.552,0,3846.5,0.0064211,NaN,NaN,NaN,NaN,18.879,96587,9.9375,-0.76001,0.66367,-17.041,0.22828,69.317,-1.2518,NaN,NaN,NaN,NaN,NaN
634.3,-8.9059,16.913,-41.413,-1.1274,0.69181,-21.599,0.3381,67.354,-1.1076,0,0,0,NaN,NaN,NaN,NaN,NaN,NaN,NaN,NaN,NaN,46.552,0,3846.5,0.0064211,NaN,NaN,NaN,NaN,NaN,-1,-1,-0.69428,0.66307,-17.279,0.35694,69.892,-1.1822,NaN,NaN,NaN,NaN,NaN
634.3,-8.9103,17.104,-41.445,-0.75688,1.7508,-19.123,1.6415,77.284,-0.76908,0,0,0,NaN,NaN,NaN,NaN,NaN,NaN,NaN,NaN,NaN,46.552,0,3846.5,0.0064211,NaN,NaN,NaN,NaN,NaN,-1,-1,-0.64482,0.67061,-17.547,0.37313,70.877,-1.1419,NaN,NaN,NaN,NaN,NaN
634.3,-8.9134,17.279,-41.476,0.31584,1.8999,-14.045,1.8967,70.73,-0.93455,0.060242,-0.19594,-1.1378,NaN,NaN,NaN,NaN,NaN,NaN,NaN,NaN,NaN,46.552,0,3846.5,0.0064211,NaN,NaN,NaN,NaN,18.68,96558,9.75,-0.57249,0.65326,-17.822,0.36892,71.351,-1.0961,NaN,NaN,NaN,NaN,NaN
634.3,-8.9218,17.45,-41.506,-1.3971,-1.3737,-19.951,-0.1233,69.442,-1.093,0,0,0,NaN,NaN,NaN,NaN,NaN,NaN,NaN,NaN,NaN,46.552,0,3846.5,0.0064211,0.93075,20.308,0.63533,0.10155,NaN,-1,-1,-0.49181,0.65624,-18.056,0.42464,71.962,-1.0491,NaN,NaN,NaN,NaN,NaN
634.31,-8.9357,17.644,-41.541,-1.297,-0.4227,-19.512,-1.713,78.485,-1.5319,0,0,0,NaN,NaN,NaN,NaN,NaN,NaN,NaN,NaN,NaN,46.552,0,3846.5,0.0064211,NaN,NaN,NaN,NaN,18.835,96595,9.9375,-0.43147,0.674,-18.356,0.46676,72.952,-0.98149,NaN,NaN,NaN,NaN,NaN
634.31,-8.9444,17.826,-41.573,1.5283,-0.88497,-19.472,0.092189,73.881,-1.1828,0,0,0,NaN,NaN,NaN,NaN,NaN,NaN,NaN,NaN,NaN,46.552,0,3846.5,0.0064211,NaN,NaN,NaN,NaN,NaN,-1,-1,-0.36286,0.66085,-18.589,0.49874,73.399,-0.9273,NaN,NaN,NaN,NaN,NaN
634.31,-8.9483,18.001,-41.603,-1.0556,3.0414,-19.816,1.6988,70.454,-0.87067,0.057493,-0.19555,-1.1313,NaN,NaN,NaN,NaN,NaN,NaN,NaN,NaN,NaN,46.552,0,3846.5,0.0064211,NaN,NaN,NaN,NaN,NaN,-1,-1,-0.28765,0.66312,-18.906,0.52328,73.876,-0.89983,NaN,NaN,NaN,NaN,NaN
634.31,-8.9549,18.211,-41.639,-2.0328,0.84355,-21.966,1.3887,85.085,-0.58688,0,0,0,NaN,NaN,NaN,NaN,NaN,NaN,NaN,NaN,NaN,46.552,0,3846.5,0.0064211,NaN,NaN,NaN,NaN,18.751,96607,10,-0.22106,0.6751,-19.185,0.65165,74.494,-0.81765,NaN,NaN,NaN,NaN,NaN
634.32,-8.9643,18.404,-41.672,1.4756,0.284,-15.629,0.067265,78.041,-0.84465,0,0,0,NaN,NaN,NaN,NaN,NaN,NaN,NaN,NaN,NaN,46.552,0,3846.5,0.0064211,0.94334,20.319,0.65663,0.07242,NaN,-1,-1,-0.14625,0.66744,-19.434,0.82135,75.041,-0.757,NaN,NaN,NaN,NaN,NaN
634.32,-8.97,18.578,-41.702,-0.37278,1.1507,-24.093,1.1165,70.384,-0.65185,0,0,0,NaN,NaN,NaN,NaN,NaN,NaN,NaN,NaN,NaN,46.552,0,3846.5,0.0064211,NaN,NaN,NaN,NaN,NaN,-1,-1,-0.075986,0.64792,-19.739,0.81131,75.958,-0.71317,NaN,NaN,NaN,NaN,NaN
634.32,-8.9746,18.792,-41.738,-0.35715,0.90158,-23.145,2.3225,86.54,-0.44089,0.041469,-0.18343,-1.135,NaN,NaN,NaN,NaN,NaN,NaN,NaN,NaN,NaN,46.552,0,3846.5,0.0064211,NaN,NaN,NaN,NaN,18.834,96557,9.8125,0.0031949,0.64715,-20.021,0.75061,76.484,-0.66874,NaN,NaN,NaN,NaN,NaN
634.32,-8.9799,18.997,-41.772,1.1547,2.2868,-15.901,1.9766,82.901,-0.43866,0,0,0,NaN,NaN,NaN,NaN,NaN,NaN,NaN,NaN,NaN,46.552,0,3846.5,0.0064211,NaN,NaN,NaN,NaN,NaN,-1,-1,0.074875,0.62969,-20.336,0.85845,77.053,-0.62375,NaN,NaN,NaN,NaN,NaN
634.33,-8.9877,19.18,-41.804,-1.0995,-1.2494,-21.601,0.59857,74.046,-0.64257,0,0,0,NaN,NaN,NaN,NaN,NaN,NaN,NaN,NaN,NaN,46.552,0,3846.5,0.0064211,NaN,NaN,NaN,NaN,18.684,96578,9.875,0.1631,0.65408,-20.611,0.90419,78.109,-0.56389,NaN,NaN,NaN,NaN,NaN
634.33,-9.0017,19.389,-41.841,-0.78192,-0.77957,-23.428,-1.0485,84.722,-1.2007,0,0,0,NaN,NaN,NaN,NaN,NaN,NaN,NaN,NaN,NaN,46.552,0,3846.5,0.0064211,0.94115,18.048,0.63838,0.091565,NaN,-1,-1,0.24619,0.66374,-20.918,0.87802,78.651,-0.52444,NaN,NaN,NaN,NaN,NaN
634.33,-9.0117,19.596,-41.877,2.4112,-0.93886,-21.765,0.35036,83.566,-0.69196,0.033986,-0.19282,-1.1335,NaN,NaN,NaN,NaN,NaN,NaN,NaN,NaN,NaN,46.552,0,3846.5,0.0064211,NaN,NaN,NaN,NaN,NaN,-1,-1,0.30944,0.64616,-21.208,0.92363,79.611,-0.45833,NaN,NaN,NaN,NaN,NaN
634.33,-9.0163,19.786,-41.908,-0.23197,3.5105,-21.287,2.0115,76.636,-0.15378,0,0,0,NaN,NaN,NaN,NaN,NaN,NaN,NaN,NaN,NaN,46.552,0,3846.5,0.0064211,NaN,NaN,NaN,NaN,18.79,96584,9.875,0.37673,0.64255,-21.309,1.1036,80.205,-0.37203,NaN,NaN,NaN,NaN,NaN
634.34,-9.0241,20.011,-41.946,-1.7697,0.34338,-25.046,1.6767,91.174,-0.27943,0,0,0,NaN,NaN,NaN,NaN,NaN,NaN,NaN,NaN,NaN,46.552,0,3846.5,0.0064211,NaN,NaN,NaN,NaN,NaN,-1,-1,0.47027,0.66254,-21.634,1.264,80.713,-0.30684,NaN,NaN,NaN,NaN,NaN
634.34,0,0,0,0,0,0,0,0,0,0,0,0,NaN,NaN,NaN,NaN,NaN,NaN,NaN,NaN,NaN,46.552,0,3846.5,0.0064211,NaN,NaN,NaN,NaN,NaN,-1,-1,0.54876,0.65411,-21.97,1.2474,81.601,-0.26046,NaN,NaN,NaN,NaN,NaN
634.34,-9.0339,20.221,-41.981,2.5782,1.149,-18.44,0.59851,84.884,-0.42193,0,0,0,NaN,NaN,NaN,NaN,NaN,NaN,NaN,NaN,NaN,46.552,0,3846.5,0.0064211,NaN,NaN,NaN,NaN,18.727,96597,9.9375,0.63702,0.63221,-22.309,1.2161,82.083,-0.21047,NaN,NaN,NaN,NaN,NaN
634.34,-9.0453,20.641,-42.051,-0.010854,0.72796,-25.13,2.5192,93.375,0.17103,0,0,0,NaN,NaN,NaN,NaN,NaN,NaN,NaN,NaN,NaN,46.552,0,3846.5,0.0064211,0.93458,16.294,0.63959,0.09656,NaN,-1,-1,0.71761,0.63276,-22.404,1.2967,82.465,-0.17147,NaN,NaN,NaN,NaN,NaN
634.35,-9.0509,20.862,-42.087,2.6539,2.0471,-18.025,2.4436,89.108,0.23652,0,0,0,NaN,NaN,NaN,NaN,NaN,NaN,NaN,NaN,NaN,46.552,0,3846.5,0.0064211,NaN,NaN,NaN,NaN,18.704,96584,9.875,0.80147,0.63202,-22.787,1.4178,83.398,-0.096083,NaN,NaN,NaN,NaN,NaN
634.35,-9.0776,21.276,-42.161,-0.717,-1.4751,-27.781,-0.75544,91.408,-0.57491,-0.008764,-0.18455,-1.1284,NaN,NaN,NaN,NaN,NaN,NaN,NaN,NaN,NaN,46.552,0,3846.5,0.0064211,NaN,NaN,NaN,NaN,NaN,-1,-1,0.88994,0.6466,-23.115,1.4736,83.895,-0.043302,NaN,NaN,NaN,NaN,NaN
634.35,-9.0889,21.494,-42.198,3.9944,-0.25254,-22.349,0.51824,88.439,-0.17979,0,0,0,NaN,NaN,NaN,NaN,NaN,NaN,NaN,NaN,NaN,46.552,0,3846.5,0.0064211,NaN,NaN,NaN,NaN,NaN,-1,-1,0.95196,0.65828,-23.46,1.4829,84.238,-0.015338,NaN,NaN,NaN,NaN,NaN
634.35,-9.0938,21.695,-42.229,0.57083,3.7188,-24.381,2.3401,81.078,0.6031,0,0,0,NaN,NaN,NaN,NaN,NaN,NaN,NaN,NaN,NaN,46.552,0,3846.5,0.0064211,NaN,NaN,NaN,NaN,18.812,96584,9.875,1.0361,0.66542,-23.82,1.5796,85.047,0.059408,NaN,NaN,NaN,NaN,NaN
634.36,-9.1011,21.931,-42.269,-1.6267,-0.079343,-29.192,2.6622,95.285,-0.13104,0,0,0,NaN,NaN,NaN,NaN,NaN,NaN,NaN,NaN,NaN,46.552,0,3846.5,0.0064211,1.0101,14.5,0.70958,-0.0058269,NaN,-1,-1,1.1137,0.67919,-24.175,1.7935,85.742,0.15306,NaN,NaN,NaN,NaN,NaN
634.36,-9.111,22.154,-42.306,3.1724,1.1589,-19.749,1.2,90.085,0.29003,-0.029582,-0.1797,-1.1347,NaN,NaN,NaN,NaN,NaN,NaN,NaN,NaN,NaN,46.552,0,3846.5,0.0064211,NaN,NaN,NaN,NaN,NaN,-1,-1,1.1946,0.6748,-24.507,2.0178,86.043,0.22361,NaN,NaN,NaN,NaN,NaN
634.36,-9.1161,22.354,-42.34,0.81331,0.27514,-29.043,2.6914,80.988,-0.0021199,0,0,0,NaN,NaN,NaN,NaN,NaN,NaN,NaN,NaN,NaN,46.552,0,3846.5,0.0064211,NaN,NaN,NaN,NaN,18.856,96615,10,1.2637,0.67494,-24.871,2.0664,86.721,0.27575,NaN,NaN,NaN,NaN,NaN
634.36,-9.1212,22.589,-42.378,0.20769,0.85239,-27.351,3.4342,95.005,0.52729,0,0,0,NaN,NaN,NaN,NaN,NaN,NaN,NaN,NaN,NaN,46.552,0,3810.8,0.0058767,NaN,NaN,NaN,NaN,NaN,-1,-1,1.3565,0.67674,-25.166,2.0527,87.262,0.3304,NaN,NaN,NaN,NaN,NaN
634.37,-9.1268,22.823,-42.415,3.3473,1.758,-21.88,3.108,94.064,0.93896,0,0,0,NaN,NaN,NaN,NaN,NaN,NaN,NaN,NaN,NaN,46.552,0,3810.8,0.0058767,NaN,NaN,NaN,NaN,18.838,96616,10.063,1.4265,0.66916,-25.486,2.1576,87.578,0.36925,NaN,NaN,NaN,NaN,NaN
634.37,-9.1473,23.254,-42.488,0.1664,-1.8717,-31.733,0.27456,92.33,0.037242,0,0,0,NaN,NaN,NaN,NaN,NaN,NaN,NaN,NaN,NaN,46.552,0,3810.8,0.0058767,0.93294,14.581,0.63047,0.10405,NaN,-1,-1,1.5165,0.66708,-25.817,2.3174,88.139,0.43247,NaN,NaN,NaN,NaN,NaN
634.37,-9.1608,23.484,-42.527,4.4614,-0.41248,-23.461,0.33936,93.056,0.27703,0,0,0,NaN,NaN,NaN,NaN,NaN,NaN,NaN,NaN,NaN,46.552,0,3810.8,0.0058767,NaN,NaN,NaN,NaN,NaN,-1,-1,1.583,0.67787,-26.113,2.4458,88.682,0.48678,NaN,NaN,NaN,NaN,NaN
634.37,-9.164,23.691,-42.56,1.5766,3.8328,-26.999,3.6446,83.577,0.878,0,0,0,NaN,NaN,NaN,NaN,NaN,NaN,NaN,NaN,NaN,46.552,0,3810.8,0.0058767,NaN,NaN,NaN,NaN,18.877,96595,9.9375,1.6496,0.68072,-26.409,2.5284,88.997,0.53232,NaN,NaN,NaN,NaN,NaN
634.38,-9.169,23.927,-42.599,-1.2238,-0.06367,-32.34,3.9816,95.311,0.47,-0.070455,-0.18335,-1.1273,NaN,NaN,NaN,NaN,NaN,NaN,NaN,NaN,NaN,46.552,0,3810.8,0.0058767,NaN,NaN,NaN,NaN,NaN,-1,-1,1.7377,0.69099,-26.691,2.6757,89.49,0.6057,NaN,NaN,NaN,NaN,NaN
634.38,-9.1789,24.16,-42.636,3.8259,1.0664,-19.978,1.7507,94.199,0.98142,0,0,0,NaN,NaN,NaN,NaN,NaN,NaN,NaN,NaN,NaN,46.552,0,3810.8,0.0058767,0.99426,14.482,0.70714,-0.0074917,NaN,-1,-1,1.8051,0.66673,-26.97,2.953,89.978,0.69165,NaN,NaN,NaN,NaN,NaN
634.38,-9.1834,24.36,-42.669,1.7812,0.31502,-33.503,3.2058,80.715,0.61748,0,0,0,NaN,NaN,NaN,NaN,NaN,NaN,NaN,NaN,NaN,46.552,0,3810.8,0.0058767,0.99426,14.482,0.70714,-0.0074917,18.878,96594,9.9375,1.8794,0.6689,-27.288,3.1248,90.763,0.7491,NaN,NaN,NaN,NaN,NaN
634.38,-9.1869,24.599,-42.708,0.38979,0.8717,-28.541,4.6933,96.354,0.86677,0,0,0,NaN,NaN,NaN,NaN,NaN,NaN,NaN,NaN,NaN,46.552,0,3810.8,0.0058767,NaN,NaN,NaN,NaN,18.682,96565,9.8125,1.9651,0.67166,-27.513,3.2776,90.846,0.79568,NaN,NaN,NaN,NaN,NaN
634.39,-9.1941,25.036,-42.779,0.54673,0.056649,-26.498,3.6301,79.546,0.45728,0,0,0,NaN,NaN,NaN,NaN,NaN,NaN,NaN,NaN,NaN,46.552,0,3810.8,0.0058767,NaN,NaN,NaN,NaN,NaN,-1,-1,2.0098,0.68005,-27.799,3.3765,91.536,0.83592,NaN,NaN,NaN,NaN,NaN
634.39,-9.2058,25.266,-42.819,0.32266,-1.6614,-34.172,1.6765,92.679,0.12382,0,0,0,NaN,NaN,NaN,NaN,NaN,NaN,NaN,NaN,NaN,46.552,0,3810.8,0.0058767,NaN,NaN,NaN,NaN,NaN,-1,-1,2.0825,0.69917,-28.074,3.4904,91.762,0.86849,NaN,NaN,NaN,NaN,NaN
634.39,-9.2153,25.502,-42.858,5.2172,-0.73407,-25.101,2.5034,95.55,0.84855,0,0,0,NaN,NaN,NaN,NaN,NaN,NaN,NaN,NaN,NaN,46.552,0,3810.8,0.0058767,NaN,NaN,NaN,NaN,18.794,96628,10.063,2.1649,0.68538,-28.308,3.6294,91.791,0.9083,NaN,NaN,NaN,NaN,NaN
634.39,-9.2144,25.704,-42.889,2.1622,3.427,-26.665,5.3726,81.378,1.4771,-0.09687,-0.19489,-1.1274,NaN,NaN,NaN,NaN,NaN,NaN,NaN,NaN,NaN,46.552,0,3810.8,0.0058767,0.94881,14.58,0.65116,0.079911,NaN,-1,-1,2.2171,0.69285,-28.548,3.88,92.338,0.97036,NaN,NaN,NaN,NaN,NaN
634.4,-9.2177,25.933,-42.927,-0.73997,0.88094,-35.763,4.9347,92.576,0.78174,0,0,0,NaN,NaN,NaN,NaN,NaN,NaN,NaN,NaN,NaN,46.552,0,3810.8,0.0058767,NaN,NaN,NaN,NaN,18.661,96585,9.875,2.2851,0.70075,-28.793,4.0787,89.488,1.0501,NaN,NaN,NaN,NaN,NaN
634.4,-9.2245,26.172,-42.965,4.227,0.1969,-23.053,3.5381,96.441,1.5834,0,0,0,NaN,NaN,NaN,NaN,NaN,NaN,NaN,NaN,NaN,46.552,0,3810.8,0.0058767,NaN,NaN,NaN,NaN,NaN,-1,-1,2.3397,0.71108,-28.984,4.188,89.14,1.1046,NaN,NaN,NaN,NaN,NaN
634.4,-9.2278,26.37,-42.997,2.3765,0.56492,-33.288,3.9832,79.811,0.92939,0,0,0,NaN,NaN,NaN,NaN,NaN,NaN,NaN,NaN,NaN,46.552,0,3810.8,0.0058767,NaN,NaN,NaN,NaN,NaN,-1,-1,2.4043,0.69412,-29.247,4.3855,89.12,1.1558,NaN,NaN,NaN,NaN,NaN
634.4,-9.2292,26.602,-43.034,1.1343,1.0564,-30.358,5.6116,93.364,1.5199,-0.11813,-0.18222,-1.1226,NaN,NaN,NaN,NaN,NaN,NaN,NaN,NaN,NaN,46.552,0,3810.8,0.0058767,NaN,NaN,NaN,NaN,18.789,96590,9.875,2.467,0.67975,-29.46,4.5686,88.934,1.2056,NaN,NaN,NaN,NaN,NaN
634.41,-9.23,26.84,-43.071,4.7162,2.1013,-26.079,5.9424,96.041,1.9128,0,0,0,NaN,NaN,NaN,NaN,NaN,NaN,NaN,NaN,NaN,46.552,0,3810.8,0.0058767,0.93458,8.754,0.63899,0.097392,NaN,-1,-1,2.5361,0.6878,-29.621,4.6259,88.749,1.2263,NaN,NaN,NaN,NaN,NaN
634.41,-9.231,27.035,-43.102,1.0746,-0.15728,-28.769,4.9444,78.637,1.0287,0,0,0,NaN,NaN,NaN,NaN,NaN,NaN,NaN,NaN,NaN,46.552,0,3810.8,0.0058767,0.93458,8.754,0.63899,0.097392,NaN,-1,-1,2.5832,0.70498,-29.853,4.7947,88.687,1.269,NaN,NaN,NaN,NaN,NaN
634.41,-9.2399,27.257,-43.139,0.8511,-1.3243,-35.529,2.9058,89.621,0.75373,0,0,0,NaN,NaN,NaN,NaN,NaN,NaN,NaN,NaN,NaN,46.552,0,3810.8,0.0058767,NaN,NaN,NaN,NaN,18.467,96603,9.9375,2.6138,0.72313,-30.027,5.0153,88.107,1.3479,NaN,NaN,NaN,NaN,NaN
634.41,-9.2492,27.491,-43.178,5.6191,-0.63588,-25.902,2.9431,94.508,1.258,-0.12587,-0.19137,-1.1167,NaN,NaN,NaN,NaN,NaN,NaN,NaN,NaN,NaN,46.552,0,3810.8,0.0058767,NaN,NaN,NaN,NaN,NaN,-1,-1,2.6855,0.70586,-30.192,5.203,88.142,1.3673,NaN,NaN,NaN,NaN,NaN
634.42,-9.2462,27.688,-43.208,2.7515,3.3403,-28.384,6.451,79.383,1.6744,0,0,0,NaN,NaN,NaN,NaN,NaN,NaN,NaN,NaN,NaN,46.552,0,3810.8,0.0058767,NaN,NaN,NaN,NaN,18.577,96612,10,2.7202,0.71002,-30.347,5.3182,88.217,1.4199,NaN,NaN,NaN,NaN,NaN
634.42,-9.245,27.911,-43.245,0.076622,0.86405,-35.798,6.9862,90.214,1.0711,0,0,0,NaN,NaN,NaN,NaN,NaN,NaN,NaN,NaN,NaN,46.552,0,3810.8,0.0058767,0.9302,2.9808,0.64203,0.09323,NaN,-1,-1,2.7725,0.71722,-30.511,5.4666,87.57,1.4403,NaN,NaN,NaN,NaN,NaN
634.42,-9.2476,28.139,-43.281,4.3095,0.42788,-25.406,5.3305,91.805,1.7787,0,0,0,NaN,NaN,NaN,NaN,NaN,NaN,NaN,NaN,NaN,46.552,0,3810.8,0.0058767,NaN,NaN,NaN,NaN,18.495,96629,10.125,2.8224,0.72921,-30.633,5.6531,87.24,1.4726,NaN,NaN,NaN,NaN,NaN
634.42,-9.2475,28.333,-43.312,2.8342,0.2961,-34.446,5.5437,78.088,1.3222,-0.14991,-0.19309,-1.1121,-11.872,14.665,2.5406,19.038,40.061,-88.547,3.6802e+05,4.4356e+06,359.59,46.552,0,3810.8,0.0058767,NaN,NaN,NaN,NaN,18.534,96592,9.9375,2.8601,0.70873,-30.809,5.8327,87.256,1.5222,17.766,0.32737,6.8342,21.041,0.98529
634.43,-9.2468,28.56,-43.347,2.0712,1.0687,-30.562,6.6701,91.452,1.8868,0,0,0,NaN,NaN,NaN,NaN,NaN,NaN,NaN,NaN,NaN,46.552,0,3810.8,0.0058767,NaN,NaN,NaN,NaN,NaN,-1,-1,2.9065,0.69581,-30.954,5.9769,86.804,1.5423,NaN,NaN,NaN,NaN,NaN
634.43,-9.2449,28.787,-43.383,4.7381,2.2426,-27.737,7.1601,91.679,1.9545,0,0,0,NaN,NaN,NaN,NaN,NaN,NaN,NaN,NaN,NaN,46.552,0,3810.8,0.0058767,NaN,NaN,NaN,NaN,NaN,-1,-1,2.9617,0.714,-31.026,6.1195,86.256,1.5715,NaN,NaN,NaN,NaN,NaN
634.43,-9.242,28.975,-43.413,1.3202,0.12606,-30.285,6.621,75.682,1.2775,0,0,0,NaN,NaN,NaN,NaN,NaN,NaN,NaN,NaN,NaN,46.552,0,3810.8,0.0058767,NaN,NaN,NaN,NaN,NaN,-1,-1,2.9809,0.73482,-31.179,6.3188,85.62,1.6034,NaN,NaN,NaN,NaN,NaN
634.43,-9.2544,29.411,-43.486,5.4561,-0.43092,-28.076,4.1454,89.558,0.9942,0,0,0,NaN,NaN,NaN,NaN,NaN,NaN,NaN,NaN,NaN,46.552,0,3810.8,0.0058767,NaN,NaN,NaN,NaN,18.421,96573,9.8125,3.0261,0.72653,-31.28,6.5011,85.039,1.6218,NaN,NaN,NaN,NaN,NaN
634.44,-9.2496,29.6,-43.515,2.9756,1.9728,-29.996,7.3057,76.091,1.7944,0,0,0,NaN,NaN,NaN,NaN,NaN,NaN,NaN,NaN,NaN,46.552,0,3810.8,0.0058767,NaN,NaN,NaN,NaN,18.528,96560,9.75,3.0598,0.72335,-31.351,6.6254,84.338,1.6377,NaN,NaN,NaN,NaN,NaN
634.44,-9.2463,30.026,-43.584,4.3196,0.97493,-27.278,6.9148,85.424,1.921,-0.16971,-0.20676,-1.105,NaN,NaN,NaN,NaN,NaN,NaN,NaN,NaN,NaN,46.552,0,3810.8,0.0058767,NaN,NaN,NaN,NaN,NaN,-1,-1,3.0867,0.72725,-31.481,6.7754,83.339,1.6436,NaN,NaN,NaN,NaN,NaN
634.44,-9.2432,30.213,-43.614,3.2659,-0.0238,-35.884,6.8474,75.181,1.4049,0,0,0,NaN,NaN,NaN,NaN,NaN,NaN,NaN,NaN,NaN,46.552,0,3810.8,0.0058767,NaN,NaN,NaN,NaN,18.573,96552,9.75,3.1104,0.73075,-31.535,6.979,82.522,1.645,NaN,NaN,NaN,NaN,NaN
634.44,-9.2398,30.427,-43.647,2.5571,0.48564,-30.627,7.7541,86.388,1.9702,0,0,0,NaN,NaN,NaN,NaN,NaN,NaN,NaN,NaN,NaN,46.552,0,3810.8,0.0058767,NaN,NaN,NaN,NaN,NaN,-1,-1,3.1333,0.71505,-31.586,7.1314,81.076,1.6286,NaN,NaN,NaN,NaN,NaN
634.45,-9.232,30.636,-43.679,4.969,3.3094,-29.702,9.145,83.807,2.3094,0,0,0,NaN,NaN,NaN,NaN,NaN,NaN,NaN,NaN,NaN,46.552,0,3810.8,0.0058767,NaN,NaN,NaN,NaN,NaN,-1,-1,3.1634,0.71365,-31.668,7.1994,80.259,1.5879,NaN,NaN,NaN,NaN,NaN
634.45,-9.2256,31.013,-43.74,1.7599,-0.70603,-36.096,5.8231,81.693,1.507,0,0,0,NaN,NaN,NaN,NaN,NaN,NaN,NaN,NaN,NaN,46.552,0,3810.8,0.0058767,1.0003,2.8818,0.7114,0.014151,NaN,-1,-1,3.2021,0.69942,-31.717,7.3451,79.208,1.5851,NaN,NaN,NaN,NaN,NaN
634.45,-9.2289,31.217,-43.774,5.6241,-0.035038,-28.648,5.3528,82.071,1.1121,0,0,0,NaN,NaN,NaN,NaN,NaN,NaN,NaN,NaN,NaN,46.552,0,3810.8,0.0058767,NaN,NaN,NaN,NaN,18.402,96578,9.875,3.2117,0.71837,-31.769,7.6011,77.626,1.6098,NaN,NaN,NaN,NaN,NaN
634.45,-9.2165,31.587,-43.833,1.0377,0.083031,-36.717,8.3887,80.825,1.2443,-0.20533,-0.20111,-1.1015,NaN,NaN,NaN,NaN,NaN,NaN,NaN,NaN,NaN,46.552,0,3810.8,0.0058767,NaN,NaN,NaN,NaN,NaN,-1,-1,3.2245,0.74188,-31.791,7.8046,76.583,1.5878,NaN,NaN,NaN,NaN,NaN
634.46,-9.2117,31.781,-43.864,4.5844,1.6819,-27.648,7.9361,78.086,1.8103,0,0,0,NaN,NaN,NaN,NaN,NaN,NaN,NaN,NaN,NaN,46.552,0,3810.8,0.0058767,NaN,NaN,NaN,NaN,18.556,96610,10,3.2374,0.7426,-31.816,7.9555,75.439,1.5992,NaN,NaN,NaN,NaN,NaN
634.46,-9.1976,32.136,-43.919,2.7421,1.331,-34.129,8.7361,77.486,1.9329,0,0,0,NaN,NaN,NaN,NaN,NaN,NaN,NaN,NaN,NaN,46.552,0,3810.8,0.0058767,NaN,NaN,NaN,NaN,NaN,-1,-1,3.2532,0.73682,-31.829,8.1047,73.674,1.5765,NaN,NaN,NaN,NaN,NaN
634.46,-9.1892,32.33,-43.95,4.7915,1.6678,-30.009,9.49,78.487,1.91,-0.21507,-0.19329,-1.0935,NaN,NaN,NaN,NaN,NaN,NaN,NaN,NaN,NaN,46.552,0,3810.8,0.0058767,NaN,NaN,NaN,NaN,NaN,-1,-1,3.2803,0.72926,-31.768,8.2982,72.487,1.5612,NaN,NaN,NaN,NaN,NaN
634.46,-9.1713,32.654,-44,1.8514,-1.6515,-37.306,7.1404,69.776,1.4502,0,0,0,NaN,NaN,NaN,NaN,NaN,NaN,NaN,NaN,NaN,46.611,0,3753.7,0.0069644,0.93622,2.9743,0.6402,0.097392,18.315,96575,9.875,3.275,0.7167,-31.82,8.5076,71.168,1.5713,NaN,NaN,NaN,NaN,NaN
634.47,-9.1695,32.838,-44.032,4.9208,1.0032,-30.423,7.1345,74.325,0.95672,0,0,0,NaN,NaN,NaN,NaN,NaN,NaN,NaN,NaN,NaN,46.611,0,3753.7,0.0069644,NaN,NaN,NaN,NaN,NaN,-1,-1,3.2674,0.71297,-31.806,8.6559,69.234,1.5374,NaN,NaN,NaN,NaN,NaN
634.47,-9.1415,33.322,-44.108,4.2028,1.6364,-29.96,8.5044,67.222,1.8582,0,0,0,NaN,NaN,NaN,NaN,NaN,NaN,NaN,NaN,NaN,46.611,0,3753.7,0.0069644,NaN,NaN,NaN,NaN,NaN,-1,-1,3.2964,0.71198,-31.742,8.7161,67.881,1.4652,NaN,NaN,NaN,NaN,NaN
634.47,-9.1298,33.465,-44.131,4.0194,0.90688,-34.841,9.3255,57.194,1.1006,0,0,0,NaN,NaN,NaN,NaN,NaN,NaN,NaN,NaN,NaN,46.611,0,3753.7,0.0069644,NaN,NaN,NaN,NaN,18.356,96568,9.8125,3.3055,0.72022,-31.745,8.7628,66.475,1.4472,NaN,NaN,NaN,NaN,NaN
634.47,-9.1176,33.625,-44.156,2.5999,0.70952,-34.246,10.044,64.537,1.5634,-0.23696,-0.20225,-1.0888,NaN,NaN,NaN,NaN,NaN,NaN,NaN,NaN,NaN,46.611,0,3753.7,0.0069644,NaN,NaN,NaN,NaN,NaN,-1,-1,3.2912,0.73192,-31.741,8.9938,64.485,1.4359,NaN,NaN,NaN,NaN,NaN
634.48,-9.1055,33.788,-44.181,4.2627,0.85284,-31.308,10.126,65.546,1.5914,0,0,0,NaN,NaN,NaN,NaN,NaN,NaN,NaN,NaN,NaN,46.611,0,3753.7,0.0069644,0.94443,2.985,0.65724,0.087403,18.467,96580,9.875,3.2936,0.73582,-31.655,9.2064,63.099,1.3964,NaN,NaN,NaN,NaN,NaN
634.48,-9.0888,33.915,-44.2,3.5025,2.6236,-30.279,10.519,50.966,1.4193,0,0,0,NaN,NaN,NaN,NaN,NaN,NaN,NaN,NaN,NaN,46.611,0,3753.7,0.0069644,NaN,NaN,NaN,NaN,NaN,-1,-1,3.2806,0.73417,-31.604,9.3228,61.562,1.3981,NaN,NaN,NaN,NaN,NaN
634.48,-9.0794,34.062,-44.224,1.4037,-1.4338,-36.189,8.6691,59.398,1.2316,0,0,0,NaN,NaN,NaN,NaN,NaN,NaN,NaN,NaN,NaN,46.611,0,3753.7,0.0069644,NaN,NaN,NaN,NaN,NaN,-1,-1,3.2736,0.73016,-31.567,9.4331,59.584,1.3613,NaN,NaN,NaN,NaN,NaN
634.48,-9.0724,34.212,-44.249,4.3704,0.41207,-32.374,8.0459,60.373,0.89456,-0.25165,-0.21143,-1.0857,NaN,NaN,NaN,NaN,NaN,NaN,NaN,NaN,NaN,46.611,0,3753.7,0.0069644,NaN,NaN,NaN,NaN,18.403,96591,9.9375,3.272,0.72715,-31.467,9.6227,58.142,1.3362,NaN,NaN,NaN,NaN,NaN
634.49,-9.0588,34.334,-44.268,4.3583,1.2486,-31.223,9.2922,49.173,1.1842,0,0,0,NaN,NaN,NaN,NaN,NaN,NaN,NaN,NaN,NaN,46.611,0,3753.7,0.0069644,NaN,NaN,NaN,NaN,NaN,-1,-1,3.2553,0.71892,-31.407,9.8075,56.707,1.3233,NaN,NaN,NaN,NaN,NaN
634.49,-9.0445,34.471,-44.29,2.0613,-0.053484,-33.47,10.369,54.888,0.98228,0,0,0,NaN,NaN,NaN,NaN,NaN,NaN,NaN,NaN,NaN,46.611,0,3753.7,0.0069644,0.93896,2.9838,0.64264,0.090733,NaN,-1,-1,3.234,0.71674,-31.325,9.913,54.661,1.2675,NaN,NaN,NaN,NaN,NaN
634.49,-9.0307,34.608,-44.311,3.6846,1.087,-30.128,9.9028,55.201,1.4015,0,0,0,NaN,NaN,NaN,NaN,NaN,NaN,NaN,NaN,NaN,46.611,0,3753.7,0.0069644,NaN,NaN,NaN,NaN,18.181,96585,9.875,3.2418,0.71365,-31.258,9.9201,53.245,1.1961,NaN,NaN,NaN,NaN,NaN
634.49,-9.0135,34.723,-44.328,3.9143,0.66991,-33.826,10.465,46.266,1.2035,-0.26801,-0.2064,-1.0872,NaN,NaN,NaN,NaN,NaN,NaN,NaN,NaN,NaN,46.611,0,3753.7,0.0069644,NaN,NaN,NaN,NaN,NaN,-1,-1,3.2233,0.73034,-31.147,10.026,51.442,1.1768,NaN,NaN,NaN,NaN,NaN
634.5,-8.9974,34.854,-44.348,2.4431,0.1486,-33.554,10.552,52.419,1.4397,0,0,0,NaN,NaN,NaN,NaN,NaN,NaN,NaN,NaN,NaN,46.611,0,3753.7,0.0069644,NaN,NaN,NaN,NaN,17.936,96580,9.875,3.197,0.74491,-31.055,10.191,49.748,1.1476,NaN,NaN,NaN,NaN,NaN
634.5,-8.9791,34.981,-44.367,4.25,1.5575,-29.303,11.304,51.186,1.416,0,0,0,NaN,NaN,NaN,NaN,NaN,NaN,NaN,NaN,NaN,46.611,0,3753.7,0.0069644,NaN,NaN,NaN,NaN,NaN,-1,-1,3.1663,0.7521,-30.931,10.34,47.943,1.116,NaN,NaN,NaN,NaN,NaN
634.5,-8.9562,35.083,-44.38,2.9507,2.6195,-30.116,11.893,40.911,1.5882,0,0,0,NaN,NaN,NaN,NaN,NaN,NaN,NaN,NaN,NaN,46.611,0,3753.7,0.0069644,0.94115,2.982,0.65968,0.081576,NaN,-1,-1,3.1518,0.74039,-30.822,10.465,46.527,1.1071,NaN,NaN,NaN,NaN,NaN
634.5,-8.9411,35.203,-44.399,1.3603,-0.77089,-34.158,10.059,48.11,0.93524,-0.27791,-0.20831,-1.0814,NaN,NaN,NaN,NaN,NaN,NaN,NaN,NaN,NaN,46.611,0,3753.7,0.0069644,NaN,NaN,NaN,NaN,18.003,96560,9.8125,3.1379,0.72883,-30.701,10.68,45.143,1.1033,NaN,NaN,NaN,NaN,NaN
634.51,-8.9282,35.319,-44.419,4.0293,0.62796,-31.681,9.3494,46.979,0.5289,0,0,0,NaN,NaN,NaN,NaN,NaN,NaN,NaN,NaN,NaN,46.611,0,3753.7,0.0069644,NaN,NaN,NaN,NaN,NaN,-1,-1,3.1062,0.7323,-30.571,10.767,43.848,1.0754,NaN,NaN,NaN,NaN,NaN
634.51,-8.9092,35.415,-44.433,3.8856,0.99046,-29.715,10.465,38.232,1.0243,0,0,0,NaN,NaN,NaN,NaN,NaN,NaN,NaN,NaN,NaN,46.611,0,3753.7,0.0069644,NaN,NaN,NaN,NaN,NaN,-1,-1,3.0749,0.71991,-30.438,10.76,42.37,1.0234,NaN,NaN,NaN,NaN,NaN
634.51,-8.8921,35.522,-44.45,2.0036,-0.53044,-31.725,10.494,42.983,0.65111,0,0,0,NaN,NaN,NaN,NaN,NaN,NaN,NaN,NaN,NaN,46.611,0,3753.7,0.0069644,NaN,NaN,NaN,NaN,18.007,96598,10,3.0508,0.72268,-30.327,10.796,41.06,0.97111,NaN,NaN,NaN,NaN,NaN
634.51,-8.874,35.627,-44.467,2.8969,0.94112,-29.218,10.7,42.379,0.84448,-0.26841,-0.21096,-1.0827,NaN,NaN,NaN,NaN,NaN,NaN,NaN,NaN,NaN,46.611,0,3753.7,0.0069644,NaN,NaN,NaN,NaN,NaN,-1,-1,3.0345,0.74339,-30.182,10.868,40.006,0.93352,NaN,NaN,NaN,NaN,NaN
634.52,-8.8529,35.715,-44.479,4.0547,1.8315,-33.015,10.929,35.306,1.0769,0,0,0,NaN,NaN,NaN,NaN,NaN,NaN,NaN,NaN,NaN,46.611,0,3753.7,0.0069644,0.93567,2.9844,0.63655,0.099889,18.096,96557,9.875,3.0043,0.7373,-30.036,11.018,38.738,0.89664,NaN,NaN,NaN,NaN,NaN
634.52,-8.8342,35.817,-44.495,2.1708,-1.1619,-31.83,10.889,40.721,0.67643,0,0,0,NaN,NaN,NaN,NaN,NaN,NaN,NaN,NaN,NaN,46.611,0,3753.7,0.0069644,NaN,NaN,NaN,NaN,NaN,-1,-1,2.9712,0.74534,-29.893,11.206,37.621,0.89215,NaN,NaN,NaN,NaN,NaN
634.52,-8.8124,35.916,-44.51,3.4997,2.3218,-28.057,11.797,39.954,1.0212,0,0,0,NaN,NaN,NaN,NaN,NaN,NaN,NaN,NaN,NaN,46.611,0,3753.7,0.0069644,NaN,NaN,NaN,NaN,NaN,-1,-1,2.9474,0.72235,-29.618,11.244,36.55,0.85682,NaN,NaN,NaN,NaN,NaN
634.52,-8.7857,35.992,-44.518,3.2621,2.696,-28.936,12.211,30.368,1.7956,-0.27852,-0.22008,-1.077,NaN,NaN,NaN,NaN,NaN,NaN,NaN,NaN,NaN,46.611,0,3753.7,0.0069644,NaN,NaN,NaN,NaN,18.049,96550,9.8125,2.9024,0.72781,-29.457,11.239,35.56,0.80267,NaN,NaN,NaN,NaN,NaN
634.53,-8.7624,36.08,-44.532,0.33123,0.23636,-32.451,12.206,35.439,0.55863,0,0,0,NaN,NaN,NaN,NaN,NaN,NaN,NaN,NaN,NaN,46.611,0,3753.7,0.0069644,NaN,NaN,NaN,NaN,NaN,-1,-1,2.8657,0.72353,-29.322,11.296,34.454,0.79501,NaN,NaN,NaN,NaN,NaN
634.53,-8.7453,36.171,-44.546,3.8393,-0.759,-30.514,9.8,36.482,0.6271,0,0,0,NaN,NaN,NaN,NaN,NaN,NaN,NaN,NaN,NaN,46.611,0,3753.7,0.0069644,NaN,2.9826,0.6402,0.09656,NaN,-1,-1,2.8259,0.70537,-29.125,11.744,33.433,0.7403,NaN,NaN,NaN,NaN,NaN
634.53,-8.7231,36.239,-44.555,3.8741,0.68871,-26.723,10.722,27.055,0.72594,0,0,0,NaN,NaN,NaN,NaN,NaN,NaN,NaN,NaN,NaN,46.611,0,3753.7,0.0069644,NaN,NaN,NaN,NaN,17.689,96552,9.8125,2.785,0.69647,-28.993,11.777,32.284,0.69972,NaN,NaN,NaN,NaN,NaN
634.53,-8.7009,36.319,-44.57,1.36,0.69078,-30.761,11.847,32.475,0.01186,-0.29009,-0.21271,-1.078,NaN,NaN,NaN,NaN,NaN,NaN,NaN,NaN,NaN,46.611,0,3753.7,0.0069644,NaN,NaN,NaN,NaN,NaN,-1,-1,2.7592,0.71902,-28.718,11.761,31.153,0.67111,NaN,NaN,NaN,NaN,NaN
634.54,-8.6768,36.396,-44.581,2.5762,0.091827,-28.675,12.071,30.918,0.53583,0,0,0,NaN,NaN,NaN,NaN,NaN,NaN,NaN,NaN,NaN,46.611,0,3753.7,0.0069644,NaN,NaN,NaN,NaN,17.531,96564,9.875,2.7177,0.72074,-28.561,11.762,29.764,0.62626,NaN,NaN,NaN,NaN,NaN
634.54,-8.655,36.464,-44.591,3.3516,1.9145,-28.299,10.611,27.067,0.6754,0,0,0,NaN,NaN,NaN,NaN,NaN,NaN,NaN,NaN,NaN,46.611,0,3753.7,0.0069644,NaN,NaN,NaN,NaN,NaN,-1,-1,2.6571,0.73647,-28.371,12.115,28.9,0.57944,NaN,NaN,NaN,NaN,NaN
634.54,-8.6328,36.533,-44.602,2.2945,0.27552,-30.476,11.044,27.671,0.37156,0,0,0,NaN,NaN,NaN,NaN,NaN,NaN,NaN,NaN,NaN,46.611,0,3753.7,0.0069644,0.95976,2.991,0.66211,0.067425,NaN,-1,-1,2.6307,0.7291,-28.223,12.005,27.735,0.54689,NaN,NaN,NaN,NaN,NaN
634.54,-8.6056,36.607,-44.612,3.0908,1.518,-27.6,12.891,29.652,0.9377,-0.29075,-0.21703,-1.0692,NaN,NaN,NaN,NaN,NaN,NaN,NaN,NaN,NaN,46.611,0,3753.7,0.0069644,NaN,NaN,NaN,NaN,17.688,96540,9.75,2.5927,0.73163,-28.041,11.915,26.476,0.50622,NaN,NaN,NaN,NaN,NaN
634.55,-8.5758,36.668,-44.618,3.0008,0.87072,-26.193,13.207,24.365,1.0595,0,0,0,NaN,NaN,NaN,NaN,NaN,NaN,NaN,NaN,NaN,46.611,0,3753.7,0.0069644,NaN,NaN,NaN,NaN,NaN,-1,-1,2.5324,0.73917,-27.893,11.823,25.261,0.4708,NaN,NaN,NaN,NaN,NaN
634.55,-8.5466,36.723,-44.627,-0.38907,1.6915,-31.328,13.295,21.863,0.22231,0,0,0,NaN,NaN,NaN,NaN,NaN,NaN,NaN,NaN,NaN,46.611,0,3753.7,0.0069644,NaN,NaN,NaN,NaN,NaN,-1,-1,2.4898,0.73932,-27.659,11.713,24.173,0.4343,NaN,NaN,NaN,NaN,NaN
634.55,-8.5239,36.792,-44.637,3.5374,-0.25315,-27.092,11.066,27.87,0.63495,0,0,0,NaN,NaN,NaN,NaN,NaN,NaN,NaN,NaN,NaN,46.611,0,3753.7,0.0069644,NaN,NaN,NaN,NaN,17.76,96578,9.9375,2.4471,0.72312,-27.443,11.668,22.974,0.40143,NaN,NaN,NaN,NaN,NaN
634.55,-8.5004,36.845,-44.645,3.2417,-0.72486,-25.286,11.003,21.192,0.13327,-0.30241,-0.21699,-1.0724,NaN,NaN,NaN,NaN,NaN,NaN,NaN,NaN,NaN,46.611,0,3753.7,0.0069644,NaN,NaN,NaN,NaN,NaN,-1,-1,2.3886,0.71077,-27.302,11.598,21.837,0.35822,NaN,NaN,NaN,NaN,NaN
634.56,-8.4738,36.897,-44.654,0.91527,1.9467,-30.764,12.394,20.971,-0.090757,0,0,0,NaN,NaN,NaN,NaN,NaN,NaN,NaN,NaN,NaN,46.611,0,3753.7,0.0069644,0.94498,2.8639,0.71566,0.037458,17.601,96552,9.875,2.3464,0.7289,-27.072,11.541,21.088,0.31908,NaN,NaN,NaN,NaN,NaN
634.56,-8.4202,37.003,-44.67,2.4665,-0.19364,-24.258,11.057,18.956,0.095684,0,0,0,NaN,NaN,NaN,NaN,NaN,NaN,NaN,NaN,NaN,46.611,0,3753.7,0.0069644,NaN,NaN,NaN,NaN,NaN,-1,-1,2.3047,0.74666,-26.841,11.56,19.733,0.27796,NaN,NaN,NaN,NaN,NaN
634.56,-8.395,37.041,-44.676,2.6775,1.6397,-29.19,11.169,15.177,-0.0060734,-0.30281,-0.22155,-1.068,NaN,NaN,NaN,NaN,NaN,NaN,NaN,NaN,NaN,46.611,0,3753.7,0.0069644,NaN,NaN,NaN,NaN,NaN,-1,-1,2.2432,0.76033,-26.655,11.563,18.777,0.24467,NaN,NaN,NaN,NaN,NaN
634.56,-8.3673,37.098,-44.685,2.2364,1.1885,-28.614,12.813,22.882,0.19372,0,0,0,NaN,NaN,NaN,NaN,NaN,NaN,NaN,NaN,NaN,46.611,0,3753.7,0.0069644,NaN,NaN,NaN,NaN,17.736,96561,9.875,2.2016,0.73759,-26.424,11.481,18.046,0.199,NaN,NaN,NaN,NaN,NaN
634.57,-8.3344,37.147,-44.692,1.7404,0.81572,-23.281,14.485,19.512,0.21251,0,0,0,NaN,NaN,NaN,NaN,NaN,NaN,NaN,NaN,NaN,46.611,0,3753.7,0.0069644,0.93294,2.8627,0.72662,0.040788,NaN,-1,-1,2.1705,0.74137,-26.166,11.415,16.903,0.16247,NaN,NaN,NaN,NaN,NaN
634.57,-8.3024,37.174,-44.695,1.392,1.2778,-27.813,13.107,10.808,0.32,0,0,0,NaN,NaN,NaN,NaN,NaN,NaN,NaN,NaN,NaN,46.611,0,3753.7,0.0069644,NaN,NaN,NaN,NaN,NaN,-1,-1,2.1023,0.74495,-25.994,11.365,15.977,0.10008,NaN,NaN,NaN,NaN,NaN
634.57,-8.2764,37.22,-44.7,1.6394,0.68909,-25.072,11.372,18.445,0.52672,-0.30087,-0.23108,-1.0656,NaN,NaN,NaN,NaN,NaN,NaN,NaN,NaN,NaN,46.611,0,3753.7,0.0069644,NaN,NaN,NaN,NaN,17.35,96581,10,2.0474,0.74028,-25.736,11.363,15.206,0.041205,NaN,NaN,NaN,NaN,NaN
634.57,-8.2539,37.266,-44.709,1.6435,-0.99806,-26.502,10.673,18.224,-0.41339,0,0,0,NaN,NaN,NaN,NaN,NaN,NaN,NaN,NaN,NaN,46.601,0,3652.3,0.0075089,NaN,NaN,NaN,NaN,NaN,-1,-1,1.9978,0.74145,-25.471,11.341,14.176,0.0043385,NaN,NaN,NaN,NaN,NaN
634.58,-8.2241,37.292,-44.712,2.7729,1.1065,-25.265,12.389,10.305,0.008709,0,0,0,NaN,NaN,NaN,NaN,NaN,NaN,NaN,NaN,NaN,46.601,0,3652.3,0.0075089,NaN,NaN,NaN,NaN,17.346,96565,9.875,1.9423,0.71492,-25.266,11.267,13.406,-0.063166,NaN,NaN,NaN,NaN,NaN
634.58,-8.1933,37.327,-44.717,1.6547,1.3091,-25.085,13.253,14.28,-0.0079641,0,0,0,NaN,NaN,NaN,NaN,NaN,NaN,NaN,NaN,NaN,46.601,0,3652.3,0.0075089,NaN,NaN,NaN,NaN,NaN,-1,-1,1.9005,0.73131,-25.054,11.204,12.71,-0.12786,NaN,NaN,NaN,NaN,NaN
634.58,-8.1652,37.36,-44.724,0.90539,-0.61231,-24.379,12.444,13.034,-0.59106,-0.3055,-0.22368,-1.0638,NaN,NaN,NaN,NaN,NaN,NaN,NaN,NaN,NaN,46.601,0,3652.3,0.0075089,0.92801,2.9808,0.62803,0.11154,NaN,-1,-1,1.8564,0.74548,-24.786,11.203,11.738,-0.14488,NaN,NaN,NaN,NaN,NaN
634.58,0,0,0,0,0,0,0,0,0,0,0,0,NaN,NaN,NaN,NaN,NaN,NaN,NaN,NaN,NaN,46.601,0,3652.3,0.0075089,NaN,NaN,NaN,NaN,17.256,96569,9.9375,1.7875,0.76865,-24.526,11.27,10.948,-0.19627,NaN,NaN,NaN,NaN,NaN
634.59,-8.1372,37.387,-44.728,3.2897,1.7744,-26.47,11.698,10.653,0.0322,0,0,0,NaN,NaN,NaN,NaN,NaN,NaN,NaN,NaN,NaN,46.601,0,3652.3,0.0075089,NaN,NaN,NaN,NaN,NaN,-1,-1,1.7473,0.74236,-24.318,11.27,10.44,-0.23994,NaN,NaN,NaN,NaN,NaN
634.59,-8.1063,37.421,-44.733,1.5471,1.0438,-24.92,13.386,13.569,-0.26597,0,0,0,NaN,NaN,NaN,NaN,NaN,NaN,NaN,NaN,NaN,46.601,0,3652.3,0.0075089,NaN,NaN,NaN,NaN,NaN,-1,-1,1.719,0.74527,-24.038,11.237,9.4878,-0.27087,NaN,NaN,NaN,NaN,NaN
634.59,-8.0385,37.47,-44.74,2.2496,0.16782,-22.358,13.632,7.8678,0.086918,-0.31709,-0.22124,-1.0671,NaN,NaN,NaN,NaN,NaN,NaN,NaN,NaN,NaN,46.601,0,3652.3,0.0075089,NaN,NaN,NaN,NaN,17.463,96536,9.8125,1.6775,0.75537,-24.003,11.215,8.7786,-0.34988,NaN,NaN,NaN,NaN,NaN
634.59,0,0,0,0,0,0,0,0,0,0,0,0,NaN,NaN,NaN,NaN,NaN,NaN,NaN,NaN,NaN,46.601,0,3652.3,0.0075089,0.93075,NaN,NaN,NaN,NaN,-1,-1,1.6086,0.7536,-23.833,11.244,8.2652,-0.40069,NaN,NaN,NaN,NaN,NaN
634.6,-7.9829,37.525,-44.751,2.4516,-0.12666,-24.577,11.446,11.372,-0.87256,0,0,0,NaN,NaN,NaN,NaN,NaN,NaN,NaN,NaN,NaN,46.601,0,3652.3,0.0075089,NaN,2.9773,0.64872,0.10072,17.114,96559,9.875,1.5623,0.75336,-23.604,11.241,7.6296,-0.43817,NaN,NaN,NaN,NaN,NaN
634.6,-7.9541,37.535,-44.753,2.5256,-0.28464,-21.623,11.718,4.1833,-0.49297,0,0,0,NaN,NaN,NaN,NaN,NaN,NaN,NaN,NaN,NaN,46.601,0,3652.3,0.0075089,NaN,NaN,NaN,NaN,NaN,-1,-1,1.4903,0.74051,-23.442,11.233,6.8397,-0.49793,NaN,NaN,NaN,NaN,NaN
634.6,-7.9248,37.559,-44.759,0.34359,1.3388,-25.387,12.838,9.4539,-0.99105,-0.3076,-0.22389,-1.0685,NaN,NaN,NaN,NaN,NaN,NaN,NaN,NaN,NaN,46.601,0,3652.3,0.0075089,NaN,NaN,NaN,NaN,NaN,-1,-1,1.4607,0.76139,-23.17,11.224,6.3757,-0.54364,NaN,NaN,NaN,NaN,NaN
634.6,-7.8939,37.58,-44.764,1.8072,0.87323,-23.007,13.09,8.4337,-0.65289,0,0,0,NaN,NaN,NaN,NaN,NaN,NaN,NaN,NaN,NaN,46.601,0,3652.3,0.0075089,NaN,NaN,NaN,NaN,17.139,96548,9.875,1.3851,0.76995,-22.999,11.253,5.9795,-0.60212,NaN,NaN,NaN,NaN,NaN
634.61,-7.8387,37.602,-44.771,1.6256,1.2747,-26.196,11.798,4.1007,-1.0323,0,0,0,NaN,NaN,NaN,NaN,NaN,NaN,NaN,NaN,NaN,46.601,0,3652.3,0.0075089,NaN,NaN,NaN,NaN,NaN,-1,-1,1.3311,0.73771,-22.784,11.349,5.1567,-0.66232,NaN,NaN,NaN,NaN,NaN
634.61,-7.8353,37.621,-44.798,1.9146,0.61119,-23.224,12.663,10.076,-0.51967,-0.31723,-0.22605,-1.0671,NaN,NaN,NaN,NaN,NaN,NaN,NaN,NaN,NaN,46.601,0,3652.3,0.0075089,NaN,NaN,NaN,NaN,NaN,-1,-1,1.3108,0.74779,-22.545,11.421,4.8015,-0.69048,NaN,NaN,NaN,NaN,NaN
634.61,-7.7667,37.633,-44.801,-0.3242,1.7298,-26.115,13.329,-0.6726,-0.60739,0,0,0,NaN,NaN,NaN,NaN,NaN,NaN,NaN,NaN,NaN,46.601,0,3652.3,0.0075089,NaN,NaN,NaN,NaN,17.092,96569,9.9375,1.2451,0.73998,-22.378,11.395,4.2036,-0.74325,NaN,NaN,NaN,NaN,NaN
634.61,-7.7376,37.653,-44.804,1.6126,0.66444,-21.25,12.044,8.231,-0.25245,0,0,0,NaN,NaN,NaN,NaN,NaN,NaN,NaN,NaN,NaN,46.601,0,3652.3,0.0075089,NaN,NaN,NaN,NaN,16.904,96565,9.9375,1.2049,0.74776,-22.137,11.437,3.7307,-0.80542,NaN,NaN,NaN,NaN,NaN
634.62,-7.713,37.667,-44.808,1.0325,-0.81354,-20.731,10.565,5.2333,-1.106,-0.31757,-0.23313,-1.0649,NaN,NaN,NaN,NaN,NaN,NaN,NaN,NaN,NaN,46.601,0,3652.3,0.0075089,NaN,NaN,NaN,NaN,NaN,-1,-1,1.1682,0.74909,-21.896,11.462,3.4651,-0.86732,NaN,NaN,NaN,NaN,NaN
634.62,-7.6836,37.665,-44.811,1.3741,0.99299,-23.306,12.055,-0.7457,-1.3254,0,0,0,NaN,NaN,NaN,NaN,NaN,NaN,NaN,NaN,NaN,46.601,0,3652.3,0.0075089,NaN,NaN,NaN,NaN,NaN,-1,-1,1.0983,0.73886,-21.748,11.47,2.9184,-0.90136,NaN,NaN,NaN,NaN,NaN
634.62,-7.654,37.674,-44.816,0.7368,1.74,-21.634,12.574,3.8195,-1.2765,0,0,0,NaN,NaN,NaN,NaN,NaN,NaN,NaN,NaN,NaN,46.601,0,3652.3,0.0075089,NaN,NaN,NaN,NaN,NaN,-1,-1,1.0597,0.75934,-21.479,11.521,2.5345,-0.95932,NaN,NaN,NaN,NaN,NaN
634.62,-7.6249,37.683,-44.819,0.6231,0.52744,-20.495,12.099,3.5585,-0.97661,0,0,0,NaN,NaN,NaN,NaN,NaN,NaN,NaN,NaN,NaN,46.601,0,3652.3,0.0075089,NaN,NaN,NaN,NaN,16.951,96564,9.9375,0.99048,0.77822,-21.278,11.598,2.3207,-1.0297,NaN,NaN,NaN,NaN,NaN
634.63,-7.5984,37.684,-44.821,2.3654,1.0525,-22.146,10.675,0.18398,-0.95512,-0.31778,-0.24034,-1.0649,NaN,NaN,NaN,NaN,NaN,NaN,NaN,NaN,NaN,46.601,0,3652.3,0.0075089,NaN,NaN,NaN,NaN,NaN,-1,-1,0.94284,0.74568,-21.065,11.658,1.9512,-1.0899,NaN,NaN,NaN,NaN,NaN
634.63,-7.572,37.689,-44.825,0.66003,0.096779,-20.527,11.22,2.0837,-1.4325,0,0,0,NaN,NaN,NaN,NaN,NaN,NaN,NaN,NaN,NaN,46.601,0,3652.3,0.0075089,NaN,NaN,NaN,NaN,NaN,-1,-1,0.92935,0.75022,-20.802,11.744,1.5564,-1.1327,NaN,NaN,NaN,NaN,NaN
634.63,-7.5408,37.692,-44.828,0.99598,1.3553,-22.224,12.704,1.3169,-0.96606,0,0,0,NaN,NaN,NaN,NaN,NaN,NaN,NaN,NaN,NaN,46.601,0,3652.3,0.0075089,NaN,NaN,NaN,NaN,16.88,96546,9.875,0.85832,0.75331,-20.682,11.812,1.4194,-1.1929,NaN,NaN,NaN,NaN,NaN
634.63,-7.5066,37.694,-44.829,1.5397,1.3667,-19.68,13.625,0.59507,-0.65713,0,0,0,NaN,NaN,NaN,NaN,NaN,NaN,NaN,NaN,NaN,46.601,0,3652.3,0.0075089,0.94224,2.9826,0.65785,0.074917,NaN,-1,-1,0.81834,0.756,-20.446,11.875,1.1358,-1.2415,NaN,NaN,NaN,NaN,NaN
634.64,-7.4756,37.696,-44.832,-1.8338,1.4015,-21.33,12.613,0.72416,-1.136,-0.32249,-0.23535,-1.0631,NaN,NaN,NaN,NaN,NaN,NaN,NaN,NaN,NaN,46.601,0,3652.3,0.0075089,NaN,NaN,NaN,NaN,16.759,96534,9.8125,0.7988,0.75335,-20.235,11.94,0.82355,-1.2891,NaN,NaN,NaN,NaN,NaN
634.64,-7.4499,37.7,-44.835,1.9827,-0.1287,-20.884,10.784,1.7085,-1.2674,0,0,0,NaN,NaN,NaN,NaN,NaN,NaN,NaN,NaN,NaN,46.601,0,3652.3,0.0075089,NaN,NaN,NaN,NaN,NaN,-1,-1,0.76478,0.76135,-20.032,12.026,0.65508,-1.3605,NaN,NaN,NaN,NaN,NaN
634.64,-7.4253,37.691,-44.837,1.7704,-0.50403,-18.829,9.957,-3.7787,-1.5014,0,0,0,NaN,NaN,NaN,NaN,NaN,NaN,NaN,NaN,NaN,46.601,0,3652.3,0.0075089,NaN,NaN,NaN,NaN,NaN,-1,-1,0.73935,0.78651,-19.82,11.663,0.075135,-1.4176,NaN,NaN,NaN,NaN,NaN
634.64,-7.3991,37.694,-44.842,-0.58021,1.3716,-21.791,11.406,1.3798,-1.8838,0,0,0,NaN,NaN,NaN,NaN,NaN,NaN,NaN,NaN,NaN,46.601,0,3652.3,0.0075089,NaN,NaN,NaN,NaN,16.667,96552,9.9375,0.67229,0.7942,-19.642,11.6,-0.33091,-1.4506,NaN,NaN,NaN,NaN,NaN
634.65,-7.3696,37.697,-44.846,1.3309,1.657,-19.33,12.231,1.2076,-1.2814,-0.3056,-0.24086,-1.0705,-10.441,11.913,5.7401,16.849,40.061,-88.548,3.6802e+05,4.4357e+06,359.93,46.601,0,3652.3,0.0075089,NaN,NaN,NaN,NaN,NaN,-1,-1,0.63114,0.7801,-19.456,11.563,-0.49555,-1.5042,16.019,0.33275,5.2111,18.02,1.1316
634.65,-7.3427,37.686,-44.848,0.25419,0.34905,-16.91,10.992,-4.4339,-1.7073,0,0,0,NaN,NaN,NaN,NaN,NaN,NaN,NaN,NaN,NaN,46.601,0,3652.3,0.0075089,NaN,NaN,NaN,NaN,NaN,-1,-1,0.62575,0.77794,-19.217,11.518,-0.72119,-1.5662,NaN,NaN,NaN,NaN,NaN
634.65,-7.3185,37.677,-44.852,1.3896,1.2243,-24.49,10.242,-3.6607,-2.0648,0,0,0,NaN,NaN,NaN,NaN,NaN,NaN,NaN,NaN,NaN,46.601,0,3652.3,0.0075089,NaN,NaN,NaN,NaN,16.735,96553,9.875,0.57357,0.77593,-19.085,11.033,-1.3438,-1.6225,NaN,NaN,NaN,NaN,NaN
634.65,-7.2952,37.685,-44.858,1.0819,0.21812,-18.763,10.393,3.3263,-1.804,0,0,0,NaN,NaN,NaN,NaN,NaN,NaN,NaN,NaN,NaN,46.601,0,3652.3,0.0075089,NaN,NaN,NaN,NaN,16.47,96529,9.8125,0.53872,0.77477,-18.855,10.936,-1.5637,-1.6848,NaN,NaN,NaN,NaN,NaN
634.66,-7.2653,37.68,-44.861,0.35252,1.5405,-16.025,12.344,-1.9294,-1.6638,-0.30625,-0.24026,-1.0594,NaN,NaN,NaN,NaN,NaN,NaN,NaN,NaN,NaN,46.601,0,3652.3,0.0075089,NaN,NaN,NaN,NaN,NaN,-1,-1,0.51536,0.78702,-18.644,10.845,-1.8421,-1.7402,NaN,NaN,NaN,NaN,NaN
634.66,-7.2335,37.661,-44.86,0.24244,1.6997,-22.471,12.034,-8.0644,-0.97225,0,0,0,NaN,NaN,NaN,NaN,NaN,NaN,NaN,NaN,NaN,46.601,0,3652.3,0.0075089,0.9291,NaN,NaN,NaN,NaN,-1,-1,0.46424,0.77517,-18.523,10.719,-2.0639,-1.8025,NaN,NaN,NaN,NaN,NaN
634.66,-7.2097,37.669,-44.865,-1.0728,0.68438,-17.58,10.433,3.3948,-1.6257,0,0,0,NaN,NaN,NaN,NaN,NaN,NaN,NaN,NaN,NaN,46.601,0,3652.3,0.0075089,NaN,2.9779,0.6329,0.10072,NaN,-1,-1,0.44866,0.77888,-18.347,10.592,-2.3436,-1.8646,NaN,NaN,NaN,NaN,NaN
634.66,-7.19,37.663,-44.87,1.4214,-0.60291,-17.594,8.7113,-2.104,-2.2013,0,0,0,NaN,NaN,NaN,NaN,NaN,NaN,NaN,NaN,NaN,46.601,0,3652.3,0.0075089,NaN,NaN,NaN,NaN,16.592,96545,9.875,0.43596,0.80557,-18.098,10.463,-2.5246,-1.9497,NaN,NaN,NaN,NaN,NaN
634.67,-7.141,37.641,-44.878,-0.83702,0.95862,-18.766,11.14,0.85388,-2.0268,0,0,0,NaN,NaN,NaN,NaN,NaN,NaN,NaN,NaN,NaN,46.601,0,3652.3,0.0075089,NaN,NaN,NaN,NaN,NaN,-1,-1,0.37765,0.82271,-17.982,10.364,-2.5181,-2.0125,NaN,NaN,NaN,NaN,NaN
634.67,-7.1168,37.638,-44.883,1.0536,1.2784,-16.408,10.48,-1.1628,-2.0734,0,0,0,NaN,NaN,NaN,NaN,NaN,NaN,NaN,NaN,NaN,46.601,0,3652.3,0.0075089,NaN,NaN,NaN,NaN,NaN,-1,-1,0.34425,0.79386,-17.827,10.263,-3.0719,-2.0582,NaN,NaN,NaN,NaN,NaN
634.67,-7.0933,37.617,-44.884,0.83969,0.98131,-16.969,9.4507,-8.4985,-1.9779,0,0,0,NaN,NaN,NaN,NaN,NaN,NaN,NaN,NaN,NaN,46.601,0,3652.3,0.0075089,NaN,NaN,NaN,NaN,16.251,96515,9.8125,0.3378,0.7991,-17.599,10.074,-3.1305,-2.1012,NaN,NaN,NaN,NaN,NaN
634.67,-7.0726,37.608,-44.891,0.045024,0.76816,-21.952,9.5969,-3.6703,-3.0749,-0.30855,-0.24275,-1.0619,NaN,NaN,NaN,NaN,NaN,NaN,NaN,NaN,NaN,46.601,0,3652.3,0.0075089,0.99261,2.8913,0.71627,0.0066593,NaN,-1,-1,0.30021,0.81488,-17.462,9.8558,-3.3261,-2.1869,NaN,NaN,NaN,NaN,NaN
634.68,-7.0512,37.61,-44.898,0.90878,0.11503,-17.948,9.7893,1.0757,-2.3219,0,0,0,NaN,NaN,NaN,NaN,NaN,NaN,NaN,NaN,NaN,46.601,0,3652.3,0.0075089,NaN,NaN,NaN,NaN,16.543,96529,9.8125,0.27767,0.80568,-17.289,9.7463,-3.6333,-2.2677,NaN,NaN,NaN,NaN,NaN
634.68,-7.0244,37.598,-44.901,0.52999,2.2061,-13.892,11.086,-4.9184,-1.9149,0,0,0,NaN,NaN,NaN,NaN,NaN,NaN,NaN,NaN,NaN,46.601,0,3652.3,0.0075089,NaN,NaN,NaN,NaN,NaN,-1,-1,0.26752,0.81421,-17.101,9.6255,-3.6671,-2.3426,NaN,NaN,NaN,NaN,NaN
634.68,-6.9978,37.576,-44.903,-1.2696,1.3398,-20.79,10.735,-8.6962,-2.0282,0,0,0,NaN,NaN,NaN,NaN,NaN,NaN,NaN,NaN,NaN,46.601,0,3652.3,0.0075089,NaN,NaN,NaN,NaN,NaN,-1,-1,0.22086,0.80416,-16.992,9.4594,-3.8139,-2.3895,NaN,NaN,NaN,NaN,NaN
634.68,-6.9802,37.577,-44.909,0.27945,-0.094468,-17.542,8.1584,0.66549,-2.2345,-0.3062,-0.24771,-1.0639,NaN,NaN,NaN,NaN,NaN,NaN,NaN,NaN,NaN,46.601,0,3652.3,0.0075089,NaN,NaN,NaN,NaN,16.3,96517,9.8125,0.21271,0.80725,-16.85,9.2716,-3.9585,-2.4517,NaN,NaN,NaN,NaN,NaN
634.69,-6.9644,37.565,-44.914,0.85747,0.37533,-14.843,7.2569,-4.8589,-2.6722,0,0,0,NaN,NaN,NaN,NaN,NaN,NaN,NaN,NaN,NaN,46.601,0,3652.3,0.0075089,0.93732,2.985,0.64325,0.097392,NaN,-1,-1,0.17899,0.82199,-16.717,9.0934,-4.0526,-2.5272,NaN,NaN,NaN,NaN,NaN
634.69,-6.9446,37.546,-44.919,-0.039408,1.0651,-19.944,8.6028,-7.6054,-2.7042,0,0,0,NaN,NaN,NaN,NaN,NaN,NaN,NaN,NaN,NaN,46.601,0,3652.3,0.0075089,NaN,NaN,NaN,NaN,NaN,-1,-1,0.15212,0.81133,-16.557,8.8939,-4.2229,-2.5855,NaN,NaN,NaN,NaN,NaN
634.69,-6.9243,37.54,-44.926,-0.36737,0.64595,-16.357,9.4386,-1.9062,-2.7979,0,0,0,NaN,NaN,NaN,NaN,NaN,NaN,NaN,NaN,NaN,46.601,0,3652.3,0.0075089,NaN,NaN,NaN,NaN,16.251,96518,9.8125,0.11143,0.80599,-16.491,8.7264,-4.3428,-2.6458,NaN,NaN,NaN,NaN,NaN
634.69,-6.9063,37.526,-44.931,0.33307,0.77547,-15.402,8.0495,-5.9314,-2.7636,-0.31846,-0.25451,-1.0605,NaN,NaN,NaN,NaN,NaN,NaN,NaN,NaN,NaN,46.562,0,3542.3,0.0064211,NaN,NaN,NaN,NaN,NaN,-1,-1,0.086814,0.81322,-16.307,8.6185,-4.5395,-2.7171,NaN,NaN,NaN,NaN,NaN
634.7,-6.8897,37.507,-44.935,1.0501,1.6744,-18.217,7.361,-7.1437,-2.6544,0,0,0,NaN,NaN,NaN,NaN,NaN,NaN,NaN,NaN,NaN,46.562,0,3542.3,0.0064211,NaN,NaN,NaN,NaN,16.051,96543,9.875,0.070523,0.81115,-16.2,8.4992,-4.5888,-2.7823,NaN,NaN,NaN,NaN,NaN
634.7,-6.8732,37.502,-44.944,-0.14426,-0.076393,-17.026,8.3439,-1.8898,-3.3716,0,0,0,NaN,NaN,NaN,NaN,NaN,NaN,NaN,NaN,NaN,46.562,0,3542.3,0.0064211,0.93403,2.8609,0.71566,0.039956,NaN,-1,-1,0.034589,0.7811,-16.087,8.2987,-4.8026,-2.836,NaN,NaN,NaN,NaN,NaN
634.7,-6.8535,37.491,-44.951,0.19898,1.2746,-15.614,9.2373,-4.4635,-3.1302,0,0,0,NaN,NaN,NaN,NaN,NaN,NaN,NaN,NaN,NaN,46.562,0,3542.3,0.0064211,NaN,NaN,NaN,NaN,NaN,-1,-1,0.02836,0.79174,-15.902,8.1276,-4.9176,-2.8993,NaN,NaN,NaN,NaN,NaN
634.7,-6.8295,37.472,-44.955,0.23295,1.6993,-16.215,10.146,-7.3656,-2.4669,-0.3089,-0.25476,-1.0619,NaN,NaN,NaN,NaN,NaN,NaN,NaN,NaN,NaN,46.562,0,3542.3,0.0064211,NaN,NaN,NaN,NaN,16.229,96544,9.9375,-0.019274,0.80927,-15.792,7.9977,-4.928,-2.9619,NaN,NaN,NaN,NaN,NaN
634.71,-6.8106,37.463,-44.96,-1.58,1.1925,-17.948,8.5156,-3.6688,-2.5485,0,0,0,NaN,NaN,NaN,NaN,NaN,NaN,NaN,NaN,NaN,46.562,0,3542.3,0.0064211,NaN,NaN,NaN,NaN,NaN,-1,-1,-0.018394,0.82079,-15.636,7.8327,-5.1144,-3.0223,NaN,NaN,NaN,NaN,NaN
634.71,-6.7978,37.453,-44.968,0.34548,0.089197,-14.58,6.5904,-3.7843,-3.2293,0,0,0,NaN,NaN,NaN,NaN,NaN,NaN,NaN,NaN,NaN,46.562,0,3542.3,0.0064211,NaN,NaN,NaN,NaN,NaN,-1,-1,-0.047919,0.81245,-15.546,7.6575,-5.3348,-3.1104,NaN,NaN,NaN,NaN,NaN
634.71,-6.7854,37.431,-44.973,0.74062,0.038508,-14.42,5.9079,-8.6294,-3.145,0,0,0,NaN,NaN,NaN,NaN,NaN,NaN,NaN,NaN,NaN,46.562,0,3542.3,0.0064211,0.94334,2.8758,0.71506,0.035794,16.176,96519,9.8125,-0.060898,0.80948,-15.385,7.4513,-5.2646,-3.165,NaN,NaN,NaN,NaN,NaN
634.71,-6.7703,37.419,-44.982,-0.44579,1.4003,-18.942,7.6099,-4.6323,-3.5414,-0.30889,-0.24984,-1.0597,NaN,NaN,NaN,NaN,NaN,NaN,NaN,NaN,NaN,46.562,0,3542.3,0.0064211,NaN,NaN,NaN,NaN,NaN,-1,-1,-0.094453,0.79419,-15.295,7.2815,-5.3243,-3.219,NaN,NaN,NaN,NaN,NaN
634.72,-6.7548,37.413,-44.99,-0.69046,0.1799,-13.591,7.8999,-2.1812,-3.3302,0,0,0,NaN,NaN,NaN,NaN,NaN,NaN,NaN,NaN,NaN,46.562,0,3542.3,0.0064211,NaN,NaN,NaN,NaN,15.874,96533,9.8125,-0.10099,0.81779,-15.122,7.296,-5.7571,-3.3771,NaN,NaN,NaN,NaN,NaN
634.72,-6.7409,37.391,-44.995,0.05633,1.1011,-14.076,6.4556,-8.6526,-3.0699,0,0,0,NaN,NaN,NaN,NaN,NaN,NaN,NaN,NaN,NaN,46.562,0,3542.3,0.0064211,NaN,NaN,NaN,NaN,NaN,-1,-1,-0.13653,0.82323,-15.019,7.1135,-5.6588,-3.4019,NaN,NaN,NaN,NaN,NaN
634.72,-6.7286,37.371,-45.001,0.93649,1.2796,-17.353,5.9925,-7.7821,-3.222,0,0,0,NaN,NaN,NaN,NaN,NaN,NaN,NaN,NaN,NaN,46.562,0,3542.3,0.0064211,NaN,NaN,NaN,NaN,NaN,-1,-1,-0.16407,0.82333,-14.907,6.921,-5.6308,-3.4357,NaN,NaN,NaN,NaN,NaN
634.72,-6.7177,37.369,-45.012,-0.30516,0.11353,-16.175,6.5626,-0.79017,-3.8315,-0.30662,-0.26212,-1.0639,NaN,NaN,NaN,NaN,NaN,NaN,NaN,NaN,NaN,46.562,0,3542.3,0.0064211,0.94553,NaN,NaN,NaN,16.053,96513,9.8125,-0.18781,0.80923,-14.789,6.7746,-5.4719,-3.4567,NaN,NaN,NaN,NaN,NaN
634.73,-6.7017,37.354,-45.02,-0.25048,1.224,-13.447,7.9363,-5.6231,-3.5425,0,0,0,NaN,NaN,NaN,NaN,NaN,NaN,NaN,NaN,NaN,46.562,0,3542.3,0.0064211,NaN,2.8567,0.72236,0.04828,NaN,-1,-1,-0.20059,0.80635,-14.652,6.5909,-5.4132,-3.4776,NaN,NaN,NaN,NaN,NaN
634.73,-6.6676,37.325,-45.032,-1.6216,0.79206,-16.142,7.1749,-2.9249,-3.0403,0,0,0,NaN,NaN,NaN,NaN,NaN,NaN,NaN,NaN,NaN,46.562,0,3542.3,0.0064211,NaN,NaN,NaN,NaN,NaN,-1,-1,-0.22216,0.81181,-14.52,6.4938,-5.6978,-3.629,NaN,NaN,NaN,NaN,NaN
634.73,-6.6588,37.313,-45.04,-0.011739,0.27454,-13.809,4.9772,-4.7941,-3.4131,-0.30176,-0.25246,-1.0613,NaN,NaN,NaN,NaN,NaN,NaN,NaN,NaN,NaN,46.562,0,3542.3,0.0064211,NaN,NaN,NaN,NaN,15.801,96555,9.9375,-0.25407,0.79732,-14.446,6.2777,-5.6566,-3.6603,NaN,NaN,NaN,NaN,NaN
634.73,-6.6485,37.291,-45.047,0.50375,0.33616,-13.89,5.4938,-8.3256,-3.6042,0,0,0,NaN,NaN,NaN,NaN,NaN,NaN,NaN,NaN,NaN,46.562,0,3542.3,0.0064211,NaN,NaN,NaN,NaN,NaN,-1,-1,-0.25346,0.81828,-14.299,6.0921,-5.3799,-3.6653,NaN,NaN,NaN,NaN,NaN
634.74,-6.6382,37.279,-45.057,-0.71113,1.2105,-16.503,6.2417,-4.5222,-4.2358,0,0,0,NaN,NaN,NaN,NaN,NaN,NaN,NaN,NaN,NaN,46.562,0,3542.3,0.0064211,NaN,NaN,NaN,NaN,15.905,96516,9.875,-0.2678,0.81971,-14.178,5.9686,-5.3495,-3.6576,NaN,NaN,NaN,NaN,NaN
634.74,-6.6173,37.252,-45.074,-0.59325,1.3188,-13.253,5.1479,-7.4996,-3.8108,-0.3114,-0.25953,-1.0621,NaN,NaN,NaN,NaN,NaN,NaN,NaN,NaN,NaN,46.562,0,3542.3,0.0064211,0.94279,2.88,0.70958,0.040788,NaN,-1,-1,-0.29659,0.81237,-14.101,5.7957,-5.4187,-3.6368,NaN,NaN,NaN,NaN,NaN
634.74,-6.6094,37.234,-45.083,0.78694,1.0034,-15.978,4.8994,-7.0136,-3.9284,0,0,0,NaN,NaN,NaN,NaN,NaN,NaN,NaN,NaN,NaN,46.562,0,3542.3,0.0064211,NaN,NaN,NaN,NaN,NaN,-1,-1,-0.3009,0.82177,-13.954,5.5366,-5.1557,-3.6371,NaN,NaN,NaN,NaN,NaN
634.74,-6.5881,37.213,-45.103,-0.69369,1.6426,-13.765,7,-4.9034,-4.0136,0,0,0,NaN,NaN,NaN,NaN,NaN,NaN,NaN,NaN,NaN,46.562,0,3542.3,0.0064211,NaN,NaN,NaN,NaN,15.676,96520,9.875,-0.32732,0.82494,-13.847,5.3504,-5.1707,-3.6518,NaN,NaN,NaN,NaN,NaN
634.75,-6.5725,37.196,-45.11,-0.44175,1.0867,-13.738,7.5676,-6.5892,-3.523,-0.30433,-0.26456,-1.0637,NaN,NaN,NaN,NaN,NaN,NaN,NaN,NaN,NaN,46.562,0,3542.3,0.0064211,NaN,NaN,NaN,NaN,NaN,-1,-1,-0.35169,0.82751,-13.727,5.1637,-5.0976,-3.6478,NaN,NaN,NaN,NaN,NaN
634.75,-6.5636,37.187,-45.119,-1.1366,0.57508,-13.303,5.2305,-3.4587,-3.4828,0,0,0,NaN,NaN,NaN,NaN,NaN,NaN,NaN,NaN,NaN,46.562,0,3542.3,0.0064211,NaN,NaN,NaN,NaN,NaN,-1,-1,-0.36195,0.82912,-13.596,5.0216,-5.0679,-3.6471,NaN,NaN,NaN,NaN,NaN
634.75,-6.5589,37.172,-45.127,-0.43722,0.61395,-14.124,3.5045,-5.9301,-3.6657,0,0,0,NaN,NaN,NaN,NaN,NaN,NaN,NaN,NaN,NaN,46.562,0,3542.3,0.0064211,1.0036,2.8925,0.7108,0.010821,15.576,96503,9.875,-0.38072,0.83092,-13.48,4.8399,-5.1571,-3.6657,NaN,NaN,NaN,NaN,NaN
634.75,-6.5524,37.155,-45.137,0.10795,0.22282,-12.945,4.5678,-6.2997,-4.2109,0,0,0,NaN,NaN,NaN,NaN,NaN,NaN,NaN,NaN,NaN,46.562,0,3542.3,0.0064211,NaN,NaN,NaN,NaN,NaN,-1,-1,-0.40102,0.80791,-13.385,4.6432,-5.0819,-3.6736,NaN,NaN,NaN,NaN,NaN
634.76,-6.5461,37.145,-45.148,-0.46545,0.80272,-13.915,4.8813,-3.6433,-4.397,-0.29961,-0.2597,-1.0611,NaN,NaN,NaN,NaN,NaN,NaN,NaN,NaN,NaN,46.562,0,3542.3,0.0064211,NaN,NaN,NaN,NaN,15.703,96513,9.875,-0.38792,0.81781,-13.247,4.4892,-4.916,-3.7069,NaN,NaN,NaN,NaN,NaN
634.76,-6.5391,37.13,-45.157,-0.73105,0.51164,-12.56,4.5319,-5.8346,-3.8109,0,0,0,NaN,NaN,NaN,NaN,NaN,NaN,NaN,NaN,NaN,46.562,0,3542.3,0.0064211,NaN,NaN,NaN,NaN,NaN,-1,-1,-0.41953,0.81018,-13.122,4.3512,-5.0151,-3.723,NaN,NaN,NaN,NaN,NaN
634.76,-6.5332,37.115,-45.166,-1.0916,1.639,-13.623,4.3607,-5.9484,-4.2344,0,0,0,NaN,NaN,NaN,NaN,NaN,NaN,NaN,NaN,NaN,46.562,0,3542.3,0.0064211,0.94991,2.9808,0.65663,0.061598,NaN,-1,-1,-0.44562,0.80654,-13.047,4.2216,-5.0054,-3.7205,NaN,NaN,NaN,NaN,NaN
634.76,-6.5285,37.104,-45.175,0.88516,0.71808,-13.829,3.6972,-4.2389,-3.7573,0,0,0,NaN,NaN,NaN,NaN,NaN,NaN,NaN,NaN,NaN,46.562,0,3542.3,0.0064211,0.94991,2.9808,0.65663,0.061598,15.806,96528,9.9375,-0.44879,0.82454,-12.921,4.0724,-4.8183,-3.7294,NaN,NaN,NaN,NaN,NaN
634.77,-6.5226,37.091,-45.187,-0.19196,0.001838,-11.749,4.5734,-5.0353,-4.5095,-0.29235,-0.26244,-1.0649,NaN,NaN,NaN,NaN,NaN,NaN,NaN,NaN,NaN,46.562,0,3542.3,0.0064211,NaN,NaN,NaN,NaN,NaN,-1,-1,-0.46981,0.81969,-12.806,3.9236,-4.8292,-3.7738,NaN,NaN,NaN,NaN,NaN
634.77,-6.5137,37.077,-45.197,-1.2035,2.0831,-13.643,5.7539,-5.3739,-4.4055,0,0,0,NaN,NaN,NaN,NaN,NaN,NaN,NaN,NaN,NaN,46.562,0,3542.3,0.0064211,NaN,NaN,NaN,NaN,NaN,-1,-1,-0.49476,0.8013,-12.677,3.7827,-4.942,-3.7978,NaN,NaN,NaN,NaN,NaN
634.77,0,0,0,0,0,0,0,0,0,0,0,0,NaN,NaN,NaN,NaN,NaN,NaN,NaN,NaN,NaN,46.562,0,3542.3,0.0064211,NaN,NaN,NaN,NaN,15.473,96504,9.875,-0.50421,0.81225,-12.552,3.6692,-4.7395,-3.8284,NaN,NaN,NaN,NaN,NaN
634.77,-6.4986,37.056,-45.217,-0.94583,0.33312,-11,4.0559,-3.2877,-3.9874,0,0,0,NaN,NaN,NaN,NaN,NaN,NaN,NaN,NaN,NaN,46.562,0,3542.3,0.0064211,NaN,NaN,NaN,NaN,NaN,-1,-1,-0.51856,0.80596,-12.448,3.5753,-4.6397,-3.8487,NaN,NaN,NaN,NaN,NaN
634.78,-6.4978,37.041,-45.227,-0.59458,0.31348,-13.867,2.3652,-5.4548,-4.2334,-0.30629,-0.25996,-1.0683,NaN,NaN,NaN,NaN,NaN,NaN,NaN,NaN,NaN,46.562,0,3542.3,0.0064211,NaN,NaN,NaN,NaN,15.706,96538,10,-0.54593,0.79112,-12.376,3.4347,-4.7842,-3.8745,NaN,NaN,NaN,NaN,NaN
634.78,-6.4954,37.027,-45.237,-0.38496,0.4483,-11.777,3.198,-5.6849,-4.4533,0,0,0,NaN,NaN,NaN,NaN,NaN,NaN,NaN,NaN,NaN,46.562,0,3542.3,0.0064211,NaN,NaN,NaN,NaN,NaN,-1,-1,-0.53969,0.78556,-12.235,3.2836,-4.7187,-3.8956,NaN,NaN,NaN,NaN,NaN
634.78,-6.4917,37.017,-45.249,-0.49713,0.73052,-12.709,3.8687,-3.6198,-4.5085,0,0,0,NaN,NaN,NaN,NaN,NaN,NaN,NaN,NaN,NaN,46.562,0,3542.3,0.0064211,NaN,NaN,NaN,NaN,NaN,-1,-1,-0.5532,0.78724,-12.112,3.1657,-4.4817,-3.9523,NaN,NaN,NaN,NaN,NaN
634.78,0,0,0,0,0,0,0,0,0,0,0,0,NaN,NaN,NaN,NaN,NaN,NaN,NaN,NaN,NaN,46.562,0,3542.3,0.0064211,NaN,NaN,NaN,NaN,15.316,96506,9.875,-0.58081,0.7828,-12.03,3.083,-4.569,-3.9857,NaN,NaN,NaN,NaN,NaN
634.79,-6.4887,37.004,-45.259,-0.71767,0.54503,-11.547,3.3838,-4.6671,-4.2713,0,0,0,NaN,NaN,NaN,NaN,NaN,NaN,NaN,NaN,NaN,46.562,0,3542.3,0.0064211,NaN,NaN,NaN,NaN,NaN,-1,-1,-0.58257,0.79024,-11.912,2.9482,-4.364,-4.0096,NaN,NaN,NaN,NaN,NaN
634.79,-6.4869,36.988,-45.27,-1.0426,1.1844,-12.261,2.7532,-6.3534,-4.4036,-0.30615,-0.25516,-1.0683,NaN,NaN,NaN,NaN,NaN,NaN,NaN,NaN,NaN,46.562,0,3542.3,0.0064211,0.9406,5.5715,0.71566,0.054107,NaN,-1,-1,-0.59231,0.79458,-11.801,2.7666,-4.1706,-4.0587,NaN,NaN,NaN,NaN,NaN
634.79,-6.4864,36.976,-45.281,0.3322,0.88702,-14.522,2.41,-4.4368,-4.334,0,0,0,NaN,NaN,NaN,NaN,NaN,NaN,NaN,NaN,NaN,46.562,0,3542.3,0.0064211,NaN,NaN,NaN,NaN,15.42,96512,9.875,-0.62201,0.77997,-11.677,2.6406,-4.2418,-4.1109,NaN,NaN,NaN,NaN,NaN
634.79,-6.4806,36.956,-45.305,-0.82947,1.5592,-11.181,4.0886,-5.6998,-4.7856,0,0,0,NaN,NaN,NaN,NaN,NaN,NaN,NaN,NaN,NaN,46.562,0,3542.3,0.0064211,NaN,NaN,NaN,NaN,NaN,-1,-1,-0.63017,0.7823,-11.567,2.6006,-4.1601,-4.1786,NaN,NaN,NaN,NaN,NaN
634.8,-6.4741,36.94,-45.315,-0.87,1.2361,-13.923,4.623,-6.3325,-4.3123,-0.29732,-0.26213,-1.0609,NaN,NaN,NaN,NaN,NaN,NaN,NaN,NaN,NaN,46.562,0,3542.3,0.0064211,NaN,NaN,NaN,NaN,15.524,96526,9.9375,-0.65277,0.76329,-11.456,2.4927,-4.0861,-4.226,NaN,NaN,NaN,NaN,NaN
634.8,-6.4744,36.928,-45.337,-0.63074,0.77221,-10.99,1.4415,-2.8232,-4.2644,0,0,0,NaN,NaN,NaN,NaN,NaN,NaN,NaN,NaN,NaN,46.562,0,3542.3,0.0064211,NaN,NaN,NaN,NaN,NaN,-1,-1,-0.67529,0.75077,-11.358,2.3508,-4.0643,-4.2817,NaN,NaN,NaN,NaN,NaN
634.8,-6.4737,36.906,-45.348,-0.28779,0.11095,-10.724,2.5769,-8.6606,-4.9003,0,0,0,NaN,NaN,NaN,NaN,NaN,NaN,NaN,NaN,NaN,46.562,0,3542.3,0.0064211,NaN,NaN,NaN,NaN,NaN,-1,-1,-0.65336,0.74865,-11.2,2.3058,-4.0122,-4.3425,NaN,NaN,NaN,NaN,NaN
634.8,-6.4752,36.901,-45.362,-0.83966,0.80098,-13.77,2.2482,-1.6557,-5.0161,-0.29012,-0.26235,-1.0624,NaN,NaN,NaN,NaN,NaN,NaN,NaN,NaN,NaN,46.738,0.024486,3460.9,0.0058767,0.98988,7.2451,0.7108,0.0033296,15.399,96545,10.063,-0.67928,0.75698,-11.104,2.3424,-3.9344,-4.3972,NaN,NaN,NaN,NaN,NaN
634.81,-6.4763,36.898,-45.375,-0.84536,0.75295,-10.07,2.1686,-1.1065,-4.4637,0,0,0,NaN,NaN,NaN,NaN,NaN,NaN,NaN,NaN,NaN,46.738,0.024486,3460.9,0.0058767,NaN,NaN,NaN,NaN,NaN,-1,-1,-0.69225,0.76135,-11.002,2.272,-3.8774,-4.4312,NaN,NaN,NaN,NaN,NaN
634.81,-6.4772,36.878,-45.385,-0.85115,1.5017,-9.4495,1.8443,-7.4715,-4.6585,0,0,0,NaN,NaN,NaN,NaN,NaN,NaN,NaN,NaN,NaN,46.738,0.024486,3460.9,0.0058767,NaN,NaN,NaN,NaN,NaN,-1,-1,-0.69086,0.74003,-10.849,2.1267,-3.8045,-4.4782,NaN,NaN,NaN,NaN,NaN
634.81,-6.4795,36.864,-45.397,-0.06102,0.43775,-14.418,1.4739,-5.1673,-4.673,0,0,0,NaN,NaN,NaN,NaN,NaN,NaN,NaN,NaN,NaN,46.738,0.024486,3460.9,0.0058767,NaN,NaN,NaN,NaN,15.366,96503,9.8125,-0.7055,0.75916,-10.761,2.0284,-3.7038,-4.5602,NaN,NaN,NaN,NaN,NaN
634.81,-6.4823,36.866,-45.412,-0.41251,0.46594,-10.122,2.1213,1.2172,-5.0921,-0.30872,-0.26233,-1.0686,NaN,NaN,NaN,NaN,NaN,NaN,NaN,NaN,NaN,46.738,0.024486,3460.9,0.0058767,NaN,NaN,NaN,NaN,NaN,-1,-1,-0.72302,0.74208,-10.514,1.9542,-3.5666,-4.6561,NaN,NaN,NaN,NaN,NaN
634.82,-6.4804,36.854,-45.425,-0.43556,1.2999,-9.4029,3.4983,-4.4691,-5.0487,0,0,0,NaN,NaN,NaN,NaN,NaN,NaN,NaN,NaN,NaN,46.738,0.024486,3460.9,0.0058767,NaN,NaN,NaN,NaN,15.318,96537,10,-0.73396,0.73223,-10.385,1.949,-3.5783,-4.7188,NaN,NaN,NaN,NaN,NaN
634.82,-6.478,36.838,-45.436,-0.98305,0.74154,-12.067,3.2958,-6.3906,-4.7241,0,0,0,NaN,NaN,NaN,NaN,NaN,NaN,NaN,NaN,NaN,46.738,0.024486,3460.9,0.0058767,NaN,NaN,NaN,NaN,NaN,-1,-1,-0.73807,0.72664,-10.314,1.9071,-3.4019,-4.7839,NaN,NaN,NaN,NaN,NaN
634.82,-6.4802,36.837,-45.448,-1.4314,0.7244,-11.325,1.6469,0.0041826,-4.2591,0,0,0,NaN,NaN,NaN,NaN,NaN,NaN,NaN,NaN,NaN,46.738,0.024486,3460.9,0.0058767,NaN,NaN,NaN,NaN,NaN,-1,-1,-0.73708,0.71572,-10.195,1.8219,-3.3404,-4.8299,NaN,NaN,NaN,NaN,NaN
634.82,-6.4858,36.833,-45.462,-1.0098,1.1779,-9.9671,0.46667,-1.2174,-4.7535,-0.30433,-0.26456,-1.0637,NaN,NaN,NaN,NaN,NaN,NaN,NaN,NaN,NaN,46.738,0.024486,3460.9,0.0058767,NaN,NaN,NaN,NaN,15.054,96542,10,-0.75068,0.69794,-10.086,1.791,-3.2159,-4.9265,NaN,NaN,NaN,NaN,NaN
634.83,-6.4891,36.815,-45.474,-0.12703,-0.31575,-8.7835,1.2064,-6.9862,-5.027,0,0,0,NaN,NaN,NaN,NaN,NaN,NaN,NaN,NaN,NaN,46.738,0.024486,3460.9,0.0058767,NaN,NaN,NaN,NaN,NaN,-1,-1,-0.76062,0.70641,-9.85,1.8094,-2.9478,-5.0075,NaN,NaN,NaN,NaN,NaN
634.83,-6.4942,36.811,-45.488,-0.97112,0.65628,-13.317,1.1252,-1.0706,-5.2585,0,0,0,NaN,NaN,NaN,NaN,NaN,NaN,NaN,NaN,NaN,46.738,0.024486,3460.9,0.0058767,0.94443,8.6907,0.66576,0.067425,NaN,-1,-1,-0.77525,0.7126,-9.7327,1.6154,-2.6576,-4.9283,NaN,NaN,NaN,NaN,NaN
634.83,-6.4987,36.811,-45.503,-1.1765,0.64807,-9.3053,1.2253,0.52065,-4.8803,0,0,0,NaN,NaN,NaN,NaN,NaN,NaN,NaN,NaN,NaN,46.738,0.024486,3460.9,0.0058767,NaN,NaN,NaN,NaN,15.129,96526,9.875,-0.78357,0.70669,-9.6373,1.5387,-2.4666,-4.9751,NaN,NaN,NaN,NaN,NaN
634.83,-6.503,36.797,-45.516,-0.66536,1.2623,-8.3184,1.0619,-5.2826,-5.1866,-0.30433,-0.26456,-1.0637,NaN,NaN,NaN,NaN,NaN,NaN,NaN,NaN,NaN,46.738,0.024486,3460.9,0.0058767,NaN,NaN,NaN,NaN,NaN,-1,-1,-0.77982,0.70518,-9.5388,1.3981,-2.1798,-5.0267,NaN,NaN,NaN,NaN,NaN
634.84,-6.508,36.788,-45.528,-0.17282,0.50682,-13.236,0.62246,-3.4005,-4.7995,0,0,0,NaN,NaN,NaN,NaN,NaN,NaN,NaN,NaN,NaN,46.738,0.024486,3460.9,0.0058767,NaN,NaN,NaN,NaN,14.835,96503,9.8125,-0.76924,0.70498,-9.6625,1.2922,-1.9257,-5.0988,NaN,NaN,NaN,NaN,NaN
634.84,-6.5138,36.793,-45.545,-0.68651,0.61537,-9.4018,1.2154,2.5882,-5.313,0,0,0,NaN,NaN,NaN,NaN,NaN,NaN,NaN,NaN,NaN,46.738,0.024486,3460.9,0.0058767,NaN,NaN,NaN,NaN,NaN,-1,-1,-0.79153,0.68731,-9.5727,1.2739,-1.7392,-5.1597,NaN,NaN,NaN,NaN,NaN
634.84,-6.5146,36.786,-45.558,-0.61257,0.98032,-8.8637,2.636,-2.5118,-5.1326,0,0,0,NaN,NaN,NaN,NaN,NaN,NaN,NaN,NaN,NaN,46.738,0.024486,3460.9,0.0058767,NaN,NaN,NaN,NaN,NaN,-1,-1,-0.80822,0.6784,-9.4685,1.1248,-1.2812,-5.0539,NaN,NaN,NaN,NaN,NaN
634.84,-6.5149,36.776,-45.571,-0.99537,0.86576,-10.498,2.3015,-3.7235,-4.6886,-0.28526,-0.25761,-1.062,NaN,NaN,NaN,NaN,NaN,NaN,NaN,NaN,NaN,46.738,0.024486,3460.9,0.0058767,0.9417,8.5595,0.71871,0.034129,14.996,96503,9.8125,-0.8166,0.6796,-9.4225,1.0352,-0.84497,-5.0561,NaN,NaN,NaN,NaN,NaN
634.85,-6.5189,36.777,-45.584,-1.2401,0.64479,-10.45,1.3166,0.70829,-4.7243,0,0,0,NaN,NaN,NaN,NaN,NaN,NaN,NaN,NaN,NaN,46.738,0.024486,3460.9,0.0058767,NaN,NaN,NaN,NaN,NaN,-1,-1,-0.81603,0.67407,-9.5827,0.92253,-0.65474,-5.0709,NaN,NaN,NaN,NaN,NaN
634.85,-6.5277,36.777,-45.599,-1.4355,0.70453,-9.7999,-0.46879,0.40342,-4.9422,0,0,0,NaN,NaN,NaN,NaN,NaN,NaN,NaN,NaN,NaN,46.738,0.024486,3460.9,0.0058767,NaN,NaN,NaN,NaN,NaN,-1,-1,-0.82199,0.69318,-9.5011,0.81752,-0.41752,-5.0855,NaN,NaN,NaN,NaN,NaN
634.85,-6.5343,36.771,-45.613,-0.37528,0.74299,-7.0791,0.4233,-2.1554,-5.2439,0,0,0,NaN,NaN,NaN,NaN,NaN,NaN,NaN,NaN,NaN,46.738,0.024486,3460.9,0.0058767,NaN,NaN,NaN,NaN,14.838,96486,9.8125,-0.84038,0.70401,-9.4789,0.77066,0.068863,-5.1173,NaN,NaN,NaN,NaN,NaN
634.85,-6.5393,36.769,-45.628,-0.55774,0.40463,-12.081,1.2426,-0.33741,-5.2165,-0.29969,-0.26702,-1.0633,NaN,NaN,NaN,NaN,NaN,NaN,NaN,NaN,NaN,46.738,0.024486,3460.9,0.0058767,0.94005,NaN,NaN,NaN,NaN,-1,-1,-0.84087,0.70003,-9.4282,0.74163,0.30568,-5.1185,NaN,NaN,NaN,NaN,NaN
634.86,-6.5457,36.771,-45.644,-1.6355,0.079257,-8.944,0.77653,1.2406,-5.2643,0,0,0,NaN,NaN,NaN,NaN,NaN,NaN,NaN,NaN,NaN,46.738,0.024486,3460.9,0.0058767,NaN,8.6836,0.63533,0.079911,14.648,96507,9.875,-0.84465,0.69605,-9.3779,0.60103,0.53249,-5.1135,NaN,NaN,NaN,NaN,NaN
634.86,-6.563,36.766,-45.672,-0.60671,0.95296,-11.089,-0.60499,-0.91421,-4.9891,0,0,0,NaN,NaN,NaN,NaN,NaN,NaN,NaN,NaN,NaN,46.738,0.024486,3460.9,0.0058767,NaN,NaN,NaN,NaN,NaN,-1,-1,-0.85243,0.68362,-9.2867,0.4779,0.81887,-5.1287,NaN,NaN,NaN,NaN,NaN
634.86,-6.5707,36.774,-45.69,-0.82222,0.24993,-8.8269,0.59381,3.4828,-5.5555,-0.30641,-0.25492,-1.0639,NaN,NaN,NaN,NaN,NaN,NaN,NaN,NaN,NaN,46.738,0.024486,3460.9,0.0058767,NaN,NaN,NaN,NaN,NaN,-1,-1,-0.86394,0.70272,-9.2369,0.37037,1.3004,-5.1721,NaN,NaN,NaN,NaN,NaN
634.86,-6.5763,36.777,-45.706,-0.44846,1.0445,-9.5634,1.2544,1.4515,-5.3861,0,0,0,NaN,NaN,NaN,NaN,NaN,NaN,NaN,NaN,NaN,46.738,0.024486,3460.9,0.0058767,NaN,NaN,NaN,NaN,14.626,96537,10.063,-0.85592,0.69124,-9.1624,0.31244,1.652,-5.1973,NaN,NaN,NaN,NaN,NaN
634.87,-6.5812,36.777,-45.72,-0.89073,0.96466,-7.6819,1.0586,0.44313,-4.9057,0,0,0,NaN,NaN,NaN,NaN,NaN,NaN,NaN,NaN,NaN,46.738,0.024486,3460.9,0.0058767,NaN,NaN,NaN,NaN,NaN,-1,-1,-0.8741,0.68912,-9.1058,0.25829,1.8685,-5.2099,NaN,NaN,NaN,NaN,NaN
634.87,-6.5865,36.782,-45.734,-1.4402,0.75034,-11.463,0.9593,2.5057,-4.7013,0,0,0,NaN,NaN,NaN,NaN,NaN,NaN,NaN,NaN,NaN,46.738,0.024486,3460.9,0.0058767,0.99152,8.5905,0.71566,-0.012486,NaN,-1,-1,-0.87222,0.69978,-9.0575,0.14446,2.2695,-5.2102,NaN,NaN,NaN,NaN,NaN
634.87,-6.599,36.796,-45.751,-1.4318,0.29311,-8.022,-1.3871,5.8431,-5.0986,-0.2922,-0.25763,-1.0649,NaN,NaN,NaN,NaN,NaN,NaN,NaN,NaN,NaN,46.738,0.024486,3460.9,0.0058767,NaN,NaN,NaN,NaN,14.623,96512,9.9375,-0.87388,0.70547,-9.0137,0.051616,2.8242,-5.2148,NaN,NaN,NaN,NaN,NaN
634.87,-6.6092,36.796,-45.767,-0.45525,1.3438,-6.4966,-0.56476,0.61753,-5.5052,0,0,0,NaN,NaN,NaN,NaN,NaN,NaN,NaN,NaN,NaN,46.738,0.024486,3460.9,0.0058767,NaN,NaN,NaN,NaN,NaN,-1,-1,-0.88403,0.6829,-8.9819,0.052464,3.1753,-5.2444,NaN,NaN,NaN,NaN,NaN
634.88,-6.6283,36.812,-45.803,-0.92349,0.23145,-7.7615,0.083595,6.4361,-5.6985,0,0,0,NaN,NaN,NaN,NaN,NaN,NaN,NaN,NaN,NaN,46.738,0.024486,3460.9,0.0058767,NaN,NaN,NaN,NaN,14.65,96518,9.9375,-0.8741,0.69063,-8.914,0.030335,3.5376,-5.243,NaN,NaN,NaN,NaN,NaN
634.88,-6.6382,36.823,-45.82,-0.36768,0.43068,-7.3544,-0.59124,4.9164,-4.9976,-0.30681,-0.25948,-1.0595,-8.6815,9.474,6.9943,14.63,40.061,-88.548,3.6802e+05,4.4357e+06,360.81,46.738,0.024486,3460.9,0.0058767,NaN,NaN,NaN,NaN,NaN,-1,-1,-0.89789,0.69055,-8.883,-0.048788,3.9073,-5.2172,14.461,0.49732,2.162,8.5028,1.948
634.88,-6.6484,36.824,-45.836,-1.7043,1.4239,-9.756,-0.60441,0.57273,-5.4578,0,0,0,NaN,NaN,NaN,NaN,NaN,NaN,NaN,NaN,NaN,46.738,0.024486,3460.9,0.0058767,NaN,NaN,NaN,NaN,NaN,-1,-1,-0.89438,0.6885,-8.8469,-0.16709,4.2625,-5.2212,NaN,NaN,NaN,NaN,NaN
634.88,-6.6587,36.838,-45.854,-0.44362,0.68875,-10.339,-0.13888,6.2073,-5.473,0,0,0,NaN,NaN,NaN,NaN,NaN,NaN,NaN,NaN,NaN,46.738,0.024486,3460.9,0.0058767,0.93403,13.195,0.63899,0.10155,14.651,96508,9.9375,-0.89773,0.69362,-8.794,-0.25889,4.601,-5.233,NaN,NaN,NaN,NaN,NaN
634.89,-6.6679,36.856,-45.871,0.21295,0.66509,-8.1655,0.20099,7.7735,-5.2136,0,0,0,NaN,NaN,NaN,NaN,NaN,NaN,NaN,NaN,NaN,46.738,0.024486,3460.9,0.0058767,NaN,NaN,NaN,NaN,NaN,-1,-1,-0.91015,0.6795,-8.7752,-0.33103,5.0946,-5.2593,NaN,NaN,NaN,NaN,NaN
634.89,-6.6753,36.864,-45.888,-1.5039,0.98488,-6.1619,0.57903,3.639,-5.2608,-0.30676,-0.26693,-1.0639,NaN,NaN,NaN,NaN,NaN,NaN,NaN,NaN,NaN,46.738,0.024486,3460.9,0.0058767,NaN,NaN,NaN,NaN,NaN,-1,-1,-0.89366,0.67399,-8.7051,-0.34642,5.4703,-5.2704,NaN,NaN,NaN,NaN,NaN
634.89,-6.6824,36.874,-45.903,-1.2591,0.93264,-12.774,0.49647,4.5688,-4.8091,0,0,0,NaN,NaN,NaN,NaN,NaN,NaN,NaN,NaN,NaN,46.738,0.024486,3460.9,0.0058767,NaN,NaN,NaN,NaN,14.62,96510,9.875,-0.90095,0.68174,-8.6621,-0.41089,5.8969,-5.2634,NaN,NaN,NaN,NaN,NaN
634.89,-6.6958,36.897,-45.922,-0.92191,-0.34243,-7.3356,-1.3475,9.5976,-5.1606,0,0,0,NaN,NaN,NaN,NaN,NaN,NaN,NaN,NaN,NaN,46.738,0.024486,3460.9,0.0058767,0.94005,17.71,0.65298,0.077414,NaN,-1,-1,-0.90936,0.69446,-8.6518,-0.46564,6.1622,-5.2572,NaN,NaN,NaN,NaN,NaN
634.9,-6.7097,36.913,-45.939,-1.1618,1.5443,-6.9382,-1.7706,6.8023,-5.1185,0,0,0,NaN,NaN,NaN,NaN,NaN,NaN,NaN,NaN,NaN,46.738,0.024486,3460.9,0.0058767,NaN,NaN,NaN,NaN,14.564,96475,9.75,-0.90344,0.67725,-8.5995,-0.49946,6.6801,-5.272,NaN,NaN,NaN,NaN,NaN
634.9,-6.7204,36.921,-45.957,-0.59312,0.5209,-10.296,-0.56826,3.6376,-5.6381,-0.31133,-0.25713,-1.0621,NaN,NaN,NaN,NaN,NaN,NaN,NaN,NaN,NaN,46.738,0.024486,3460.9,0.0058767,NaN,NaN,NaN,NaN,NaN,-1,-1,-0.90068,0.67873,-8.5447,-0.48164,7.2722,-5.2795,NaN,NaN,NaN,NaN,NaN
634.9,-6.732,36.944,-45.976,-0.85376,-0.2511,-8.7882,-0.42004,9.6758,-5.3607,0,0,0,NaN,NaN,NaN,NaN,NaN,NaN,NaN,NaN,NaN,46.738,0.024486,3460.9,0.0058767,NaN,NaN,NaN,NaN,NaN,-1,-1,-0.89818,0.68456,-8.5479,-0.46992,7.6166,-5.2807,NaN,NaN,NaN,NaN,NaN
634.9,-6.7452,36.971,-45.995,-0.87152,0.055933,-7.8434,-1.0332,11.286,-5.221,0,0,0,NaN,NaN,NaN,NaN,NaN,NaN,NaN,NaN,NaN,46.738,0.024486,3460.9,0.0058767,NaN,NaN,NaN,NaN,14.403,96513,9.9375,-0.91469,0.67739,-8.4795,-0.49983,8.0112,-5.2522,NaN,NaN,NaN,NaN,NaN
634.91,-6.7563,36.977,-46.011,-1.1488,2.0507,-6.7214,-1.0148,2.8428,-5.0829,0,0,0,NaN,NaN,NaN,NaN,NaN,NaN,NaN,NaN,NaN,46.738,0.024486,3460.9,0.0058767,NaN,NaN,NaN,NaN,NaN,-1,-1,-0.91171,0.6755,-8.4416,-0.61148,8.6494,-5.2478,NaN,NaN,NaN,NaN,NaN
634.91,-6.7683,36.999,-46.03,-0.63661,0.73533,-11.53,-0.59267,9.4167,-5.4707,-0.3114,-0.25953,-1.0621,NaN,NaN,NaN,NaN,NaN,NaN,NaN,NaN,NaN,46.738,0.024486,3460.9,0.0058767,1.0025,17.622,0.71566,0.0033296,NaN,-1,-1,-0.91378,0.67232,-8.4534,-0.64668,9.1502,-5.271,NaN,NaN,NaN,NaN,NaN
634.91,-6.7807,37.034,-46.052,-0.53049,0.15106,-7.7189,-0.17194,14.428,-5.5382,0,0,0,NaN,NaN,NaN,NaN,NaN,NaN,NaN,NaN,NaN,46.738,0.024486,3460.9,0.0058767,NaN,NaN,NaN,NaN,14.203,96450,9.6875,-0.90887,0.65704,-8.3905,-0.61967,9.6075,-5.2811,NaN,NaN,NaN,NaN,NaN
634.91,-6.7895,37.051,-46.07,-0.80221,1.2473,-6.3332,0.63913,7.3597,-5.5581,0,0,0,NaN,NaN,NaN,NaN,NaN,NaN,NaN,NaN,NaN,46.513,0.024486,3352.3,0.0053322,NaN,NaN,NaN,NaN,NaN,-1,-1,-0.89747,0.66331,-8.3536,-0.59557,10.15,-5.2886,NaN,NaN,NaN,NaN,NaN
634.92,-6.7984,37.071,-46.087,-1.0056,0.7048,-10.718,0.19028,8.3894,-4.82,0,0,0,NaN,NaN,NaN,NaN,NaN,NaN,NaN,NaN,NaN,46.513,0.024486,3352.3,0.0053322,NaN,NaN,NaN,NaN,14.403,96492,9.875,-0.9075,0.67058,-8.3605,-0.64625,10.715,-5.2686,NaN,NaN,NaN,NaN,NaN
634.92,-6.8113,37.105,-46.106,-1.1799,-0.23681,-8.2251,-1.2592,14.159,-4.6541,-0.30202,-0.25222,-1.0568,NaN,NaN,NaN,NaN,NaN,NaN,NaN,NaN,NaN,46.513,0.024486,3352.3,0.0053322,NaN,NaN,NaN,NaN,NaN,-1,-1,-0.88811,0.66349,-8.33,-0.65824,11.459,-5.2702,NaN,NaN,NaN,NaN,NaN
634.92,-6.8267,37.136,-46.125,-1.3534,1.094,-7.6022,-1.8199,12.87,-5.0478,0,0,0,NaN,NaN,NaN,NaN,NaN,NaN,NaN,NaN,NaN,46.513,0.024486,3352.3,0.0053322,0.92144,NaN,NaN,NaN,NaN,-1,-1,-0.88661,0.64697,-8.3144,-0.61135,11.938,-5.2791,NaN,NaN,NaN,NaN,NaN
634.92,-6.8385,37.159,-46.145,-0.71798,1.8865,-6.4587,-0.48707,9.5493,-5.3525,0,0,0,NaN,NaN,NaN,NaN,NaN,NaN,NaN,NaN,NaN,46.513,0.024486,3352.3,0.0053322,NaN,17.696,0.62499,0.11071,14.347,96512,9.9375,-0.88999,0.65429,-8.3103,-0.57291,12.512,-5.2724,NaN,NaN,NaN,NaN,NaN
634.93,-6.8511,37.187,-46.165,-0.59814,-1.0112,-11.111,-0.32979,11.939,-5.6734,0,0,0,NaN,NaN,NaN,NaN,NaN,NaN,NaN,NaN,NaN,46.513,0.024486,3352.3,0.0053322,NaN,NaN,NaN,NaN,NaN,-1,-1,-0.8827,0.64966,-8.2493,-0.5561,13.304,-5.2398,NaN,NaN,NaN,NaN,NaN
634.93,-6.8814,37.259,-46.207,-0.17713,1.5978,-5.5384,-1.4741,13.32,-4.9033,0,0,0,NaN,NaN,NaN,NaN,NaN,NaN,NaN,NaN,NaN,46.513,0.024486,3352.3,0.0053322,NaN,NaN,NaN,NaN,NaN,-1,-1,-0.88106,0.65445,-8.2338,-0.6281,13.994,-5.2115,NaN,NaN,NaN,NaN,NaN
634.93,-6.894,37.285,-46.227,-1.5019,0.99367,-10.577,-0.56161,10.92,-5.4605,0,0,0,NaN,NaN,NaN,NaN,NaN,NaN,NaN,NaN,NaN,46.513,0.024486,3352.3,0.0053322,NaN,NaN,NaN,NaN,14.319,96512,9.9375,-0.87908,0.63666,-8.249,-0.66421,14.493,-5.2088,NaN,NaN,NaN,NaN,NaN
634.93,-6.9074,37.328,-46.251,-0.98285,0.34952,-9.0748,-0.094423,17.767,-5.6696,0,0,0,NaN,NaN,NaN,NaN,NaN,NaN,NaN,NaN,NaN,46.513,0.024486,3352.3,0.0053322,0.9406,17.715,0.65359,0.070755,14.456,96486,9.8125,-0.85894,0.63094,-8.2162,-0.66612,15.296,-5.2382,NaN,NaN,NaN,NaN,NaN
634.94,-6.9192,37.374,-46.273,0.40559,0.91294,-7.0672,0.085142,18.936,-5.1747,-0.3161,-0.25454,-1.0603,NaN,NaN,NaN,NaN,NaN,NaN,NaN,NaN,NaN,46.513,0.024486,3352.3,0.0053322,NaN,NaN,NaN,NaN,NaN,-1,-1,-0.85564,0.62667,-8.2184,-0.65549,15.985,-5.2273,NaN,NaN,NaN,NaN,NaN
634.94,-6.9301,37.408,-46.293,-1.2548,0.60844,-5.2352,0.2124,14.266,-5.1453,0,0,0,NaN,NaN,NaN,NaN,NaN,NaN,NaN,NaN,NaN,46.513,0.024486,3352.3,0.0053322,NaN,NaN,NaN,NaN,NaN,-1,-1,-0.84937,0.62628,-8.2285,-0.66396,16.637,-5.2238,NaN,NaN,NaN,NaN,NaN
634.94,-6.942,37.446,-46.313,-1.5137,0.25174,-11.756,-0.22838,15.585,-4.8925,0,0,0,NaN,NaN,NaN,NaN,NaN,NaN,NaN,NaN,NaN,46.513,0.024486,3352.3,0.0053322,NaN,NaN,NaN,NaN,NaN,-1,-1,-0.84525,0.62584,-8.2201,-0.68191,17.473,-5.2112,NaN,NaN,NaN,NaN,NaN
634.94,-6.9593,37.5,-46.336,-0.91538,0.52964,-7.6251,-1.8033,22.286,-4.8727,0,0,0,NaN,NaN,NaN,NaN,NaN,NaN,NaN,NaN,NaN,46.513,0.024486,3352.3,0.0053322,NaN,NaN,NaN,NaN,14.315,96452,9.6875,-0.83256,0.62899,-8.23,-0.65443,18.238,-5.1938,NaN,NaN,NaN,NaN,NaN
634.95,-6.9894,37.583,-46.38,-0.88074,-0.085486,-10.57,-0.4885,15.911,-5.7096,0,0,0,NaN,NaN,NaN,NaN,NaN,NaN,NaN,NaN,NaN,46.513,0.024486,3352.3,0.0053322,NaN,NaN,NaN,NaN,NaN,-1,-1,-0.82441,0.62968,-8.2407,-0.63435,19.014,-5.196,NaN,NaN,NaN,NaN,NaN
634.95,-7.0063,37.639,-46.405,-0.58034,-0.19839,-8.574,-1.1882,22.99,-5.3255,0,0,0,NaN,NaN,NaN,NaN,NaN,NaN,NaN,NaN,NaN,46.513,0.024486,3352.3,0.0053322,0.93239,17.705,0.6329,0.098224,NaN,-1,-1,-0.82246,0.61303,-8.2349,-0.63318,19.651,-5.1564,NaN,NaN,NaN,NaN,NaN
634.95,-7.0232,37.695,-46.429,-0.65124,0.15297,-7.0062,-1.2387,23.24,-5.1877,0,0,0,NaN,NaN,NaN,NaN,NaN,NaN,NaN,NaN,NaN,46.513,0.024486,3352.3,0.0053322,NaN,NaN,NaN,NaN,14.292,96509,9.9375,-0.8149,0.61326,-8.2479,-0.69341,20.585,-5.1443,NaN,NaN,NaN,NaN,NaN
634.95,-7.038,37.737,-46.451,-1.2699,1.4517,-7.1853,-1.1235,16.955,-5.2268,-0.32781,-0.24706,-1.0591,NaN,NaN,NaN,NaN,NaN,NaN,NaN,NaN,NaN,46.513,0.024486,3352.3,0.0053322,NaN,NaN,NaN,NaN,NaN,-1,-1,-0.80831,0.60796,-8.2655,-0.75947,21.434,-5.1254,NaN,NaN,NaN,NaN,NaN
634.96,-7.0533,37.793,-46.474,-0.75747,0.91375,-10.189,-0.83864,23.285,-4.8717,0,0,0,NaN,NaN,NaN,NaN,NaN,NaN,NaN,NaN,NaN,46.513,0.024486,3352.3,0.0053322,NaN,NaN,NaN,NaN,14.119,96494,9.8125,-0.80416,0.61043,-8.2803,-0.77085,22.128,-5.1342,NaN,NaN,NaN,NaN,NaN
634.96,-7.0697,37.861,-46.501,-0.59545,0.41419,-7.9875,-0.15029,27.638,-5.6987,0,0,0,NaN,NaN,NaN,NaN,NaN,NaN,NaN,NaN,NaN,46.513,0.024486,3352.3,0.0053322,0.9948,17.615,0.7108,-0.0016648,NaN,-1,-1,-0.78099,0.60075,-8.2909,-0.75739,23.01,-5.1262,NaN,NaN,NaN,NaN,NaN
634.96,-7.0811,37.913,-46.525,-0.66668,0.7494,-6.3144,0.82621,21.471,-5.1493,0,0,0,NaN,NaN,NaN,NaN,NaN,NaN,NaN,NaN,NaN,46.513,0.024486,3352.3,0.0053322,NaN,NaN,NaN,NaN,NaN,-1,-1,-0.77065,0.59388,-8.3183,-0.77479,24.048,-5.0998,NaN,NaN,NaN,NaN,NaN
634.96,-7.0946,37.97,-46.547,-0.82224,-0.15837,-9.5106,-0.3785,23.432,-4.5037,-0.33044,-0.25171,-1.0572,NaN,NaN,NaN,NaN,NaN,NaN,NaN,NaN,NaN,46.513,0.024486,3352.3,0.0053322,NaN,NaN,NaN,NaN,14.007,96480,9.8125,-0.76297,0.59369,-8.3557,-0.78937,24.65,-5.0727,NaN,NaN,NaN,NaN,NaN
634.97,-7.1119,38.037,-46.571,-0.94519,0.54789,-7.9444,-1.2658,27.279,-4.7344,0,0,0,NaN,NaN,NaN,NaN,NaN,NaN,NaN,NaN,NaN,46.513,0.024486,3352.3,0.0053322,NaN,NaN,NaN,NaN,NaN,-1,-1,-0.74775,0.5883,-8.3603,-0.8057,25.451,-5.0562,NaN,NaN,NaN,NaN,NaN
634.97,-7.1301,38.104,-46.596,-1.0661,1.153,-8.6341,-1.561,27.622,-4.7627,0,0,0,NaN,NaN,NaN,NaN,NaN,NaN,NaN,NaN,NaN,46.513,0.024486,3352.3,0.0053322,NaN,NaN,NaN,NaN,NaN,-1,-1,-0.73156,0.58892,-8.4095,-0.81646,26.597,-5.0494,NaN,NaN,NaN,NaN,NaN
634.97,-7.1468,38.166,-46.621,-0.82987,1.3953,-6.5228,-0.75149,25.544,-5.25,0,0,0,NaN,NaN,NaN,NaN,NaN,NaN,NaN,NaN,NaN,46.513,0.024486,3352.3,0.0053322,NaN,NaN,NaN,NaN,14.04,96542,10.063,-0.71455,0.58967,-8.4539,-0.81381,27.371,-5.0387,NaN,NaN,NaN,NaN,NaN
634.97,-7.1628,38.228,-46.647,-0.52163,-0.81836,-10.786,-0.66836,25.136,-5.1899,-0.33542,-0.2514,-1.0532,NaN,NaN,NaN,NaN,NaN,NaN,NaN,NaN,NaN,46.513,0.024486,3352.3,0.0053322,0.93458,19.019,0.63533,0.0899,NaN,-1,-1,-0.7059,0.57421,-8.4734,-0.80791,28.022,-4.9843,NaN,NaN,NaN,NaN,NaN
634.98,-7.1825,38.307,-46.674,-0.7877,0.077328,-8.4792,-1.6022,32.284,-4.8195,0,0,0,NaN,NaN,NaN,NaN,NaN,NaN,NaN,NaN,NaN,46.513,0.024486,3352.3,0.0053322,NaN,NaN,NaN,NaN,14.065,96496,9.875,-0.69167,0.57326,-8.5043,-0.83167,29.11,-4.9379,NaN,NaN,NaN,NaN,NaN
634.98,-7.2009,38.379,-46.699,-0.033516,1.1416,-5.9848,-1.3817,29.585,-4.7016,0,0,0,NaN,NaN,NaN,NaN,NaN,NaN,NaN,NaN,NaN,46.513,0.024486,3352.3,0.0053322,NaN,NaN,NaN,NaN,NaN,-1,-1,-0.67253,0.56713,-8.5499,-0.85889,30.021,-4.9082,NaN,NaN,NaN,NaN,NaN
634.98,-7.217,38.441,-46.724,-1.8774,1.0005,-10.738,-0.56545,25.313,-5.1268,0,0,0,NaN,NaN,NaN,NaN,NaN,NaN,NaN,NaN,NaN,46.513,0.024486,3352.3,0.0053322,NaN,NaN,NaN,NaN,NaN,-1,-1,-0.64351,0.56997,-8.5883,-0.84324,30.71,-4.8927,NaN,NaN,NaN,NaN,NaN
634.98,-7.2342,38.52,-46.753,-0.70639,0.78701,-9.1391,-0.10537,32.632,-5.3425,-0.3334,-0.25852,-1.0507,NaN,NaN,NaN,NaN,NaN,NaN,NaN,NaN,NaN,46.513,0.024486,3352.3,0.0053322,NaN,20.309,0.63168,0.085738,13.895,96529,10,-0.62909,0.57554,-8.6495,-0.81815,31.563,-4.8664,NaN,NaN,NaN,NaN,NaN
634.99,-7.252,38.605,-46.782,0.67937,0.38033,-8.5186,-0.35707,34.57,-5,0,0,0,NaN,NaN,NaN,NaN,NaN,NaN,NaN,NaN,NaN,46.513,0.024486,3352.3,0.0053322,NaN,20.309,0.63168,0.085738,NaN,-1,-1,-0.61664,0.56527,-8.701,-0.82261,32.417,-4.8099,NaN,NaN,NaN,NaN,NaN
634.99,-7.284,38.756,-46.833,-0.64874,0.26479,-12.194,-0.62968,32.502,-4.2002,0,0,0,NaN,NaN,NaN,NaN,NaN,NaN,NaN,NaN,NaN,46.513,0.024486,3352.3,0.0053322,NaN,NaN,NaN,NaN,NaN,-1,-1,-0.59453,0.56278,-8.7381,-0.80637,33.119,-4.7696,NaN,NaN,NaN,NaN,NaN
634.99,-7.3045,38.845,-46.862,-0.31443,0.73732,-7.148,-1.7266,35.942,-4.5753,-0.33298,-0.24411,-1.0507,NaN,NaN,NaN,NaN,NaN,NaN,NaN,NaN,NaN,46.513,0.024486,3352.3,0.0053322,NaN,NaN,NaN,NaN,13.778,96497,9.875,-0.57572,0.55287,-8.8061,-0.78635,33.924,-4.7371,NaN,NaN,NaN,NaN,NaN
634.99,-7.3243,38.927,-46.889,-1.1323,1.2475,-7.8396,-1.3636,33.379,-4.7262,0,0,0,NaN,NaN,NaN,NaN,NaN,NaN,NaN,NaN,NaN,46.513,0.024486,3352.3,0.0053322,NaN,NaN,NaN,NaN,13.861,96456,9.6875,-0.56206,0.54045,-8.8445,-0.75264,34.792,-4.6907,NaN,NaN,NaN,NaN,NaN
635,-7.343,39.009,-46.918,-0.6418,0.85786,-10.416,-0.6302,33.797,-5.0317,0,0,0,NaN,NaN,NaN,NaN,NaN,NaN,NaN,NaN,NaN,46.513,0.024486,3352.3,0.0053322,0.9406,20.204,0.71201,0.033296,NaN,-1,-1,-0.53915,0.52349,-8.9096,-0.71276,35.643,-4.666,NaN,NaN,NaN,NaN,NaN
635,-7.3843,39.19,-46.977,-0.60116,0.18344,-9.2489,-1.5927,38.881,-4.9357,-0.34053,-0.2559,-1.0492,NaN,NaN,NaN,NaN,NaN,NaN,NaN,NaN,NaN,46.513,0.024486,3352.3,0.0053322,NaN,NaN,NaN,NaN,NaN,-1,-1,-0.51591,0.51736,-8.9684,-0.69878,36.413,-4.6255,NaN,NaN,NaN,NaN,NaN
635,-7.4029,39.276,-47.004,0.39155,1.6806,-6.6696,-0.86929,35.447,-4.3227,0,0,0,NaN,NaN,NaN,NaN,NaN,NaN,NaN,NaN,NaN,46.513,0.024486,3352.3,0.0053322,NaN,NaN,NaN,NaN,13.89,96477,9.75,-0.48142,0.5116,-9.0428,-0.71767,37.347,-4.577,NaN,NaN,NaN,NaN,NaN
